/*******************************************************************************
 * Size: 35 px
 * Bpp: 4
 * Opts: --bpp 4 --size 35 --no-compress --use-color-info --stride 1 --align 1 --font SourceHanSansSC-Medium.otf --symbols 1234567890ABCDEFGHIJKLMNOPQRSTUVWXYZabcdefghijklmnopqrstuvwxyz-— .￥¥℃•:：洗涤漂洗脱水暂停中打冷风烘干门锁开关管理员设置网络数据程序待机时间自投功能臭氧新风护理屏幕亮度声音控制语言系统升级恢复默认联系我们支付密码修改 --format lvgl -o ui_font_SC_35.c
 ******************************************************************************/

#ifdef __has_include
    #if __has_include("lvgl.h")
        #ifndef LV_LVGL_H_INCLUDE_SIMPLE
            #define LV_LVGL_H_INCLUDE_SIMPLE
        #endif
    #endif
#endif

#ifdef LV_LVGL_H_INCLUDE_SIMPLE
    #include "lvgl.h"
#else
    #include "lvgl/lvgl.h"
#endif



#ifndef UI_FONT_SC_35
#define UI_FONT_SC_35 1
#endif

#if UI_FONT_SC_35

/*-----------------
 *    BITMAPS
 *----------------*/

/*Store the image of the glyphs*/
static LV_ATTRIBUTE_LARGE_CONST const uint8_t glyph_bitmap[] = {
    /* U+0020 " " */

    /* U+002D "-" */
    0x0, 0x0, 0x0, 0x0, 0x0, 0x5f, 0xff, 0xff,
    0xff, 0xfe, 0x5f, 0xff, 0xff, 0xff, 0xfe, 0x5f,
    0xff, 0xff, 0xff, 0xfe,

    /* U+002E "." */
    0x0, 0x23, 0x0, 0x9, 0xff, 0xd2, 0x3f, 0xff,
    0xfb, 0x7f, 0xff, 0xfe, 0x4f, 0xff, 0xfc, 0xc,
    0xff, 0xf3, 0x0, 0x56, 0x20,

    /* U+0030 "0" */
    0x0, 0x0, 0x2, 0x8d, 0xff, 0xd8, 0x20, 0x0,
    0x0, 0x0, 0x0, 0x6f, 0xff, 0xff, 0xff, 0xf6,
    0x0, 0x0, 0x0, 0x6, 0xff, 0xff, 0xff, 0xff,
    0xff, 0x60, 0x0, 0x0, 0x3f, 0xff, 0xfa, 0x44,
    0xaf, 0xff, 0xf2, 0x0, 0x0, 0xbf, 0xff, 0x70,
    0x0, 0x7, 0xff, 0xfa, 0x0, 0x2, 0xff, 0xfc,
    0x0, 0x0, 0x0, 0xcf, 0xff, 0x10, 0x7, 0xff,
    0xf6, 0x0, 0x0, 0x0, 0x6f, 0xff, 0x60, 0xc,
    0xff, 0xf1, 0x0, 0x0, 0x0, 0x1f, 0xff, 0xb0,
    0xf, 0xff, 0xe0, 0x0, 0x0, 0x0, 0xe, 0xff,
    0xe0, 0x1f, 0xff, 0xb0, 0x0, 0x0, 0x0, 0xc,
    0xff, 0xf1, 0x3f, 0xff, 0xa0, 0x0, 0x0, 0x0,
    0xa, 0xff, 0xf2, 0x4f, 0xff, 0x90, 0x0, 0x0,
    0x0, 0x9, 0xff, 0xf3, 0x5f, 0xff, 0x80, 0x0,
    0x0, 0x0, 0x9, 0xff, 0xf4, 0x5f, 0xff, 0x80,
    0x0, 0x0, 0x0, 0x8, 0xff, 0xf4, 0x4f, 0xff,
    0x90, 0x0, 0x0, 0x0, 0x9, 0xff, 0xf3, 0x3f,
    0xff, 0x90, 0x0, 0x0, 0x0, 0xa, 0xff, 0xf3,
    0x2f, 0xff, 0xb0, 0x0, 0x0, 0x0, 0xb, 0xff,
    0xf1, 0xf, 0xff, 0xd0, 0x0, 0x0, 0x0, 0xd,
    0xff, 0xf0, 0xd, 0xff, 0xf0, 0x0, 0x0, 0x0,
    0xf, 0xff, 0xc0, 0x9, 0xff, 0xf4, 0x0, 0x0,
    0x0, 0x4f, 0xff, 0x80, 0x4, 0xff, 0xf9, 0x0,
    0x0, 0x0, 0xaf, 0xff, 0x30, 0x0, 0xef, 0xff,
    0x20, 0x0, 0x2, 0xff, 0xfd, 0x0, 0x0, 0x6f,
    0xff, 0xd3, 0x0, 0x3e, 0xff, 0xf5, 0x0, 0x0,
    0xc, 0xff, 0xff, 0xdd, 0xff, 0xff, 0xb0, 0x0,
    0x0, 0x1, 0xdf, 0xff, 0xff, 0xff, 0xfd, 0x10,
    0x0, 0x0, 0x0, 0x9, 0xff, 0xff, 0xff, 0x90,
    0x0, 0x0, 0x0, 0x0, 0x0, 0x5, 0x77, 0x50,
    0x0, 0x0, 0x0,

    /* U+0031 "1" */
    0x0, 0x0, 0x0, 0x6e, 0xff, 0xb0, 0x0, 0x0,
    0x0, 0x15, 0xae, 0xff, 0xff, 0xb0, 0x0, 0x0,
    0x0, 0xff, 0xff, 0xff, 0xff, 0xb0, 0x0, 0x0,
    0x0, 0xff, 0xff, 0xff, 0xff, 0xb0, 0x0, 0x0,
    0x0, 0x89, 0x99, 0xbf, 0xff, 0xb0, 0x0, 0x0,
    0x0, 0x0, 0x0, 0x5f, 0xff, 0xb0, 0x0, 0x0,
    0x0, 0x0, 0x0, 0x5f, 0xff, 0xb0, 0x0, 0x0,
    0x0, 0x0, 0x0, 0x5f, 0xff, 0xb0, 0x0, 0x0,
    0x0, 0x0, 0x0, 0x5f, 0xff, 0xb0, 0x0, 0x0,
    0x0, 0x0, 0x0, 0x5f, 0xff, 0xb0, 0x0, 0x0,
    0x0, 0x0, 0x0, 0x5f, 0xff, 0xb0, 0x0, 0x0,
    0x0, 0x0, 0x0, 0x5f, 0xff, 0xb0, 0x0, 0x0,
    0x0, 0x0, 0x0, 0x5f, 0xff, 0xb0, 0x0, 0x0,
    0x0, 0x0, 0x0, 0x5f, 0xff, 0xb0, 0x0, 0x0,
    0x0, 0x0, 0x0, 0x5f, 0xff, 0xb0, 0x0, 0x0,
    0x0, 0x0, 0x0, 0x5f, 0xff, 0xb0, 0x0, 0x0,
    0x0, 0x0, 0x0, 0x5f, 0xff, 0xb0, 0x0, 0x0,
    0x0, 0x0, 0x0, 0x5f, 0xff, 0xb0, 0x0, 0x0,
    0x0, 0x0, 0x0, 0x5f, 0xff, 0xb0, 0x0, 0x0,
    0x0, 0x0, 0x0, 0x5f, 0xff, 0xb0, 0x0, 0x0,
    0x0, 0x0, 0x0, 0x5f, 0xff, 0xb0, 0x0, 0x0,
    0x0, 0x0, 0x0, 0x5f, 0xff, 0xb0, 0x0, 0x0,
    0x5, 0x55, 0x55, 0x9f, 0xff, 0xd5, 0x55, 0x54,
    0xf, 0xff, 0xff, 0xff, 0xff, 0xff, 0xff, 0xfb,
    0xf, 0xff, 0xff, 0xff, 0xff, 0xff, 0xff, 0xfb,
    0xf, 0xff, 0xff, 0xff, 0xff, 0xff, 0xff, 0xfb,

    /* U+0032 "2" */
    0x0, 0x0, 0x28, 0xce, 0xfe, 0xb5, 0x0, 0x0,
    0x0, 0x0, 0xa, 0xff, 0xff, 0xff, 0xff, 0xc2,
    0x0, 0x0, 0x2, 0xef, 0xff, 0xff, 0xff, 0xff,
    0xff, 0x20, 0x0, 0x2e, 0xff, 0xfd, 0x75, 0x7a,
    0xff, 0xff, 0xc0, 0x0, 0x2e, 0xff, 0x70, 0x0,
    0x0, 0x4f, 0xff, 0xf5, 0x0, 0x2, 0xd5, 0x0,
    0x0, 0x0, 0x8, 0xff, 0xfb, 0x0, 0x0, 0x0,
    0x0, 0x0, 0x0, 0x3, 0xff, 0xfd, 0x0, 0x0,
    0x0, 0x0, 0x0, 0x0, 0x0, 0xff, 0xff, 0x0,
    0x0, 0x0, 0x0, 0x0, 0x0, 0x0, 0xff, 0xfe,
    0x0, 0x0, 0x0, 0x0, 0x0, 0x0, 0x3, 0xff,
    0xfc, 0x0, 0x0, 0x0, 0x0, 0x0, 0x0, 0x7,
    0xff, 0xf7, 0x0, 0x0, 0x0, 0x0, 0x0, 0x0,
    0xd, 0xff, 0xf2, 0x0, 0x0, 0x0, 0x0, 0x0,
    0x0, 0x5f, 0xff, 0xb0, 0x0, 0x0, 0x0, 0x0,
    0x0, 0x1, 0xef, 0xff, 0x30, 0x0, 0x0, 0x0,
    0x0, 0x0, 0xa, 0xff, 0xf9, 0x0, 0x0, 0x0,
    0x0, 0x0, 0x0, 0x6f, 0xff, 0xd0, 0x0, 0x0,
    0x0, 0x0, 0x0, 0x3, 0xff, 0xfe, 0x20, 0x0,
    0x0, 0x0, 0x0, 0x0, 0x2e, 0xff, 0xf4, 0x0,
    0x0, 0x0, 0x0, 0x0, 0x2, 0xef, 0xff, 0x70,
    0x0, 0x0, 0x0, 0x0, 0x0, 0x2e, 0xff, 0xf8,
    0x0, 0x0, 0x0, 0x0, 0x0, 0x3, 0xef, 0xff,
    0x80, 0x0, 0x0, 0x0, 0x0, 0x0, 0x4f, 0xff,
    0xf8, 0x0, 0x0, 0x0, 0x0, 0x0, 0x6, 0xff,
    0xff, 0xb5, 0x67, 0x88, 0x88, 0x88, 0x81, 0x5f,
    0xff, 0xff, 0xff, 0xff, 0xff, 0xff, 0xff, 0xf3,
    0x7f, 0xff, 0xff, 0xff, 0xff, 0xff, 0xff, 0xff,
    0xf3, 0x7f, 0xff, 0xff, 0xff, 0xff, 0xff, 0xff,
    0xff, 0xf3,

    /* U+0033 "3" */
    0x0, 0x0, 0x3, 0x8c, 0xef, 0xdb, 0x71, 0x0,
    0x0, 0x0, 0x2, 0xbf, 0xff, 0xff, 0xff, 0xff,
    0x80, 0x0, 0x0, 0x5f, 0xff, 0xff, 0xff, 0xff,
    0xff, 0xf9, 0x0, 0x0, 0xcf, 0xff, 0xd8, 0x65,
    0x8e, 0xff, 0xff, 0x60, 0x0, 0x1d, 0xf7, 0x0,
    0x0, 0x0, 0xcf, 0xff, 0xd0, 0x0, 0x2, 0x20,
    0x0, 0x0, 0x0, 0x3f, 0xff, 0xf0, 0x0, 0x0,
    0x0, 0x0, 0x0, 0x0, 0xf, 0xff, 0xf1, 0x0,
    0x0, 0x0, 0x0, 0x0, 0x0, 0x1f, 0xff, 0xf0,
    0x0, 0x0, 0x0, 0x0, 0x0, 0x0, 0x6f, 0xff,
    0xc0, 0x0, 0x0, 0x0, 0x0, 0x0, 0x4, 0xff,
    0xff, 0x30, 0x0, 0x0, 0x0, 0x1, 0x36, 0xbf,
    0xff, 0xf7, 0x0, 0x0, 0x0, 0x0, 0xbf, 0xff,
    0xff, 0xfd, 0x50, 0x0, 0x0, 0x0, 0x0, 0xbf,
    0xff, 0xff, 0xe4, 0x0, 0x0, 0x0, 0x0, 0x0,
    0xbf, 0xff, 0xff, 0xff, 0xd2, 0x0, 0x0, 0x0,
    0x0, 0x0, 0x24, 0x8d, 0xff, 0xff, 0x40, 0x0,
    0x0, 0x0, 0x0, 0x0, 0x0, 0x8f, 0xff, 0xe0,
    0x0, 0x0, 0x0, 0x0, 0x0, 0x0, 0xa, 0xff,
    0xf7, 0x0, 0x0, 0x0, 0x0, 0x0, 0x0, 0x5,
    0xff, 0xfb, 0x0, 0x0, 0x0, 0x0, 0x0, 0x0,
    0x2, 0xff, 0xfe, 0x0, 0x0, 0x0, 0x0, 0x0,
    0x0, 0x4, 0xff, 0xfe, 0x0, 0x45, 0x0, 0x0,
    0x0, 0x0, 0x7, 0xff, 0xfc, 0x1, 0xef, 0x80,
    0x0, 0x0, 0x0, 0x2f, 0xff, 0xf8, 0xb, 0xff,
    0xfd, 0x61, 0x0, 0x17, 0xff, 0xff, 0xf1, 0x5,
    0xff, 0xff, 0xff, 0xff, 0xff, 0xff, 0xff, 0x60,
    0x0, 0x4d, 0xff, 0xff, 0xff, 0xff, 0xff, 0xf6,
    0x0, 0x0, 0x0, 0x7d, 0xff, 0xff, 0xff, 0xf9,
    0x10, 0x0, 0x0, 0x0, 0x0, 0x24, 0x67, 0x64,
    0x0, 0x0, 0x0,

    /* U+0034 "4" */
    0x0, 0x0, 0x0, 0x0, 0x0, 0x5f, 0xff, 0xfa,
    0x0, 0x0, 0x0, 0x0, 0x0, 0x0, 0x1e, 0xff,
    0xff, 0xa0, 0x0, 0x0, 0x0, 0x0, 0x0, 0x9,
    0xff, 0xff, 0xfa, 0x0, 0x0, 0x0, 0x0, 0x0,
    0x4, 0xff, 0xff, 0xff, 0xa0, 0x0, 0x0, 0x0,
    0x0, 0x0, 0xdf, 0xfa, 0xff, 0xfa, 0x0, 0x0,
    0x0, 0x0, 0x0, 0x8f, 0xff, 0x2f, 0xff, 0xa0,
    0x0, 0x0, 0x0, 0x0, 0x2f, 0xff, 0x91, 0xff,
    0xfa, 0x0, 0x0, 0x0, 0x0, 0xc, 0xff, 0xf1,
    0x1f, 0xff, 0xa0, 0x0, 0x0, 0x0, 0x6, 0xff,
    0xf8, 0x2, 0xff, 0xfa, 0x0, 0x0, 0x0, 0x1,
    0xef, 0xfd, 0x0, 0x2f, 0xff, 0xa0, 0x0, 0x0,
    0x0, 0xaf, 0xff, 0x30, 0x2, 0xff, 0xfa, 0x0,
    0x0, 0x0, 0x4f, 0xff, 0x90, 0x0, 0x2f, 0xff,
    0xa0, 0x0, 0x0, 0xe, 0xff, 0xe0, 0x0, 0x2,
    0xff, 0xfa, 0x0, 0x0, 0x8, 0xff, 0xf4, 0x0,
    0x0, 0x2f, 0xff, 0xa0, 0x0, 0x3, 0xff, 0xfa,
    0x0, 0x0, 0x2, 0xff, 0xfa, 0x0, 0x0, 0xcf,
    0xff, 0x43, 0x33, 0x33, 0x5f, 0xff, 0xb3, 0x32,
    0x4f, 0xff, 0xff, 0xff, 0xff, 0xff, 0xff, 0xff,
    0xff, 0xe4, 0xff, 0xff, 0xff, 0xff, 0xff, 0xff,
    0xff, 0xff, 0xfe, 0x4f, 0xff, 0xff, 0xff, 0xff,
    0xff, 0xff, 0xff, 0xff, 0xe0, 0x0, 0x0, 0x0,
    0x0, 0x0, 0x2f, 0xff, 0xa0, 0x0, 0x0, 0x0,
    0x0, 0x0, 0x0, 0x2, 0xff, 0xfa, 0x0, 0x0,
    0x0, 0x0, 0x0, 0x0, 0x0, 0x2f, 0xff, 0xa0,
    0x0, 0x0, 0x0, 0x0, 0x0, 0x0, 0x2, 0xff,
    0xfa, 0x0, 0x0, 0x0, 0x0, 0x0, 0x0, 0x0,
    0x2f, 0xff, 0xa0, 0x0, 0x0, 0x0, 0x0, 0x0,
    0x0, 0x2, 0xff, 0xfa, 0x0, 0x0, 0x0, 0x0,
    0x0, 0x0, 0x0, 0x2f, 0xff, 0xa0, 0x0,

    /* U+0035 "5" */
    0x0, 0x4, 0xff, 0xff, 0xff, 0xff, 0xff, 0xff,
    0xd0, 0x0, 0x0, 0x5f, 0xff, 0xff, 0xff, 0xff,
    0xff, 0xfd, 0x0, 0x0, 0x6, 0xff, 0xff, 0xff,
    0xff, 0xff, 0xff, 0xd0, 0x0, 0x0, 0x7f, 0xff,
    0x97, 0x77, 0x77, 0x77, 0x76, 0x0, 0x0, 0x8,
    0xff, 0xf2, 0x0, 0x0, 0x0, 0x0, 0x0, 0x0,
    0x0, 0x9f, 0xff, 0x10, 0x0, 0x0, 0x0, 0x0,
    0x0, 0x0, 0xa, 0xff, 0xf0, 0x0, 0x0, 0x0,
    0x0, 0x0, 0x0, 0x0, 0xbf, 0xfe, 0x0, 0x0,
    0x0, 0x0, 0x0, 0x0, 0x0, 0xc, 0xff, 0xd0,
    0x0, 0x0, 0x0, 0x0, 0x0, 0x0, 0x0, 0xdf,
    0xfc, 0x6c, 0xef, 0xeb, 0x60, 0x0, 0x0, 0x0,
    0xe, 0xff, 0xff, 0xff, 0xff, 0xff, 0xd3, 0x0,
    0x0, 0x0, 0xff, 0xff, 0xff, 0xff, 0xff, 0xff,
    0xf3, 0x0, 0x0, 0x7, 0xff, 0xa4, 0x11, 0x4a,
    0xff, 0xff, 0xd0, 0x0, 0x0, 0x2, 0x30, 0x0,
    0x0, 0x6, 0xff, 0xff, 0x50, 0x0, 0x0, 0x0,
    0x0, 0x0, 0x0, 0xb, 0xff, 0xfa, 0x0, 0x0,
    0x0, 0x0, 0x0, 0x0, 0x0, 0x4f, 0xff, 0xe0,
    0x0, 0x0, 0x0, 0x0, 0x0, 0x0, 0x2, 0xff,
    0xff, 0x0, 0x0, 0x0, 0x0, 0x0, 0x0, 0x0,
    0xf, 0xff, 0xf0, 0x0, 0x0, 0x0, 0x0, 0x0,
    0x0, 0x2, 0xff, 0xff, 0x0, 0x0, 0x0, 0x0,
    0x0, 0x0, 0x0, 0x5f, 0xff, 0xd0, 0x0, 0x43,
    0x0, 0x0, 0x0, 0x0, 0xc, 0xff, 0xf8, 0x0,
    0x1e, 0xf7, 0x0, 0x0, 0x0, 0x7, 0xff, 0xff,
    0x30, 0xb, 0xff, 0xfb, 0x51, 0x0, 0x3a, 0xff,
    0xff, 0xa0, 0x0, 0x7f, 0xff, 0xff, 0xff, 0xff,
    0xff, 0xff, 0xd1, 0x0, 0x0, 0x4e, 0xff, 0xff,
    0xff, 0xff, 0xff, 0xc1, 0x0, 0x0, 0x0, 0x7,
    0xdf, 0xff, 0xff, 0xfe, 0x70, 0x0, 0x0, 0x0,
    0x0, 0x0, 0x24, 0x67, 0x63, 0x0, 0x0, 0x0,
    0x0,

    /* U+0036 "6" */
    0x0, 0x0, 0x0, 0x6, 0xbe, 0xfe, 0xc7, 0x10,
    0x0, 0x0, 0x0, 0x5, 0xef, 0xff, 0xff, 0xff,
    0xf7, 0x0, 0x0, 0x0, 0x7f, 0xff, 0xff, 0xff,
    0xff, 0xff, 0xa0, 0x0, 0x5, 0xff, 0xff, 0xd8,
    0x66, 0xbf, 0xff, 0x60, 0x0, 0x1e, 0xff, 0xf8,
    0x0, 0x0, 0x4, 0xe7, 0x0, 0x0, 0x8f, 0xff,
    0x80, 0x0, 0x0, 0x0, 0x0, 0x0, 0x0, 0xef,
    0xfe, 0x0, 0x0, 0x0, 0x0, 0x0, 0x0, 0x5,
    0xff, 0xf8, 0x0, 0x0, 0x0, 0x0, 0x0, 0x0,
    0x8, 0xff, 0xf2, 0x0, 0x0, 0x0, 0x0, 0x0,
    0x0, 0xc, 0xff, 0xf0, 0x0, 0x0, 0x0, 0x0,
    0x0, 0x0, 0xe, 0xff, 0xc0, 0x4, 0xae, 0xfc,
    0x95, 0x0, 0x0, 0xf, 0xff, 0xb1, 0xbf, 0xff,
    0xff, 0xff, 0xc1, 0x0, 0x1f, 0xff, 0xbd, 0xff,
    0xff, 0xff, 0xff, 0xfd, 0x0, 0x1f, 0xff, 0xff,
    0xf7, 0x10, 0x27, 0xff, 0xff, 0x80, 0x1f, 0xff,
    0xfd, 0x20, 0x0, 0x0, 0x5f, 0xff, 0xe0, 0xf,
    0xff, 0xe2, 0x0, 0x0, 0x0, 0xc, 0xff, 0xf3,
    0xf, 0xff, 0xc0, 0x0, 0x0, 0x0, 0x7, 0xff,
    0xf5, 0xd, 0xff, 0xf0, 0x0, 0x0, 0x0, 0x5,
    0xff, 0xf7, 0x9, 0xff, 0xf1, 0x0, 0x0, 0x0,
    0x5, 0xff, 0xf7, 0x6, 0xff, 0xf6, 0x0, 0x0,
    0x0, 0x8, 0xff, 0xf5, 0x0, 0xff, 0xfd, 0x0,
    0x0, 0x0, 0xb, 0xff, 0xf2, 0x0, 0xaf, 0xff,
    0x50, 0x0, 0x0, 0x3f, 0xff, 0xd0, 0x0, 0x1f,
    0xff, 0xf6, 0x0, 0x3, 0xef, 0xff, 0x40, 0x0,
    0x6, 0xff, 0xff, 0xeb, 0xdf, 0xff, 0xf9, 0x0,
    0x0, 0x0, 0x7f, 0xff, 0xff, 0xff, 0xff, 0xc1,
    0x0, 0x0, 0x0, 0x3, 0xcf, 0xff, 0xff, 0xf7,
    0x0, 0x0, 0x0, 0x0, 0x0, 0x2, 0x57, 0x64,
    0x0, 0x0, 0x0,

    /* U+0037 "7" */
    0x3f, 0xff, 0xff, 0xff, 0xff, 0xff, 0xff, 0xff,
    0xf4, 0x3f, 0xff, 0xff, 0xff, 0xff, 0xff, 0xff,
    0xff, 0xf4, 0x3f, 0xff, 0xff, 0xff, 0xff, 0xff,
    0xff, 0xff, 0xf3, 0x17, 0x77, 0x77, 0x77, 0x77,
    0x77, 0xaf, 0xff, 0x90, 0x0, 0x0, 0x0, 0x0,
    0x0, 0x0, 0xdf, 0xfd, 0x0, 0x0, 0x0, 0x0,
    0x0, 0x0, 0x8, 0xff, 0xf2, 0x0, 0x0, 0x0,
    0x0, 0x0, 0x0, 0x2f, 0xff, 0x80, 0x0, 0x0,
    0x0, 0x0, 0x0, 0x0, 0xbf, 0xfe, 0x0, 0x0,
    0x0, 0x0, 0x0, 0x0, 0x3, 0xff, 0xf6, 0x0,
    0x0, 0x0, 0x0, 0x0, 0x0, 0xa, 0xff, 0xe0,
    0x0, 0x0, 0x0, 0x0, 0x0, 0x0, 0x1f, 0xff,
    0x70, 0x0, 0x0, 0x0, 0x0, 0x0, 0x0, 0x7f,
    0xff, 0x10, 0x0, 0x0, 0x0, 0x0, 0x0, 0x0,
    0xdf, 0xfc, 0x0, 0x0, 0x0, 0x0, 0x0, 0x0,
    0x4, 0xff, 0xf7, 0x0, 0x0, 0x0, 0x0, 0x0,
    0x0, 0x8, 0xff, 0xf4, 0x0, 0x0, 0x0, 0x0,
    0x0, 0x0, 0xc, 0xff, 0xf1, 0x0, 0x0, 0x0,
    0x0, 0x0, 0x0, 0xf, 0xff, 0xe0, 0x0, 0x0,
    0x0, 0x0, 0x0, 0x0, 0x3f, 0xff, 0xa0, 0x0,
    0x0, 0x0, 0x0, 0x0, 0x0, 0x7f, 0xff, 0x70,
    0x0, 0x0, 0x0, 0x0, 0x0, 0x0, 0xaf, 0xff,
    0x50, 0x0, 0x0, 0x0, 0x0, 0x0, 0x0, 0xcf,
    0xff, 0x40, 0x0, 0x0, 0x0, 0x0, 0x0, 0x0,
    0xef, 0xff, 0x20, 0x0, 0x0, 0x0, 0x0, 0x0,
    0x0, 0xff, 0xff, 0x10, 0x0, 0x0, 0x0, 0x0,
    0x0, 0x1, 0xff, 0xff, 0x0, 0x0, 0x0, 0x0,
    0x0, 0x0, 0x2, 0xff, 0xff, 0x0, 0x0, 0x0,
    0x0, 0x0, 0x0, 0x3, 0xff, 0xfe, 0x0, 0x0,
    0x0, 0x0,

    /* U+0038 "8" */
    0x0, 0x0, 0x2, 0x9b, 0xee, 0xc9, 0x40, 0x0,
    0x0, 0x0, 0x0, 0x8f, 0xff, 0xff, 0xff, 0xfa,
    0x10, 0x0, 0x0, 0xa, 0xff, 0xff, 0xff, 0xff,
    0xff, 0xd0, 0x0, 0x0, 0x6f, 0xff, 0xd4, 0x0,
    0x3c, 0xff, 0xf8, 0x0, 0x0, 0xdf, 0xff, 0x10,
    0x0, 0x0, 0xdf, 0xff, 0x0, 0x1, 0xff, 0xf9,
    0x0, 0x0, 0x0, 0x4f, 0xff, 0x40, 0x3, 0xff,
    0xf6, 0x0, 0x0, 0x0, 0x1f, 0xff, 0x50, 0x1,
    0xff, 0xf8, 0x0, 0x0, 0x0, 0xf, 0xff, 0x40,
    0x0, 0xef, 0xfd, 0x0, 0x0, 0x0, 0x3f, 0xff,
    0x10, 0x0, 0x8f, 0xff, 0x80, 0x0, 0x0, 0x8f,
    0xfa, 0x0, 0x0, 0xd, 0xff, 0xf9, 0x10, 0x1,
    0xff, 0xf2, 0x0, 0x0, 0x2, 0xef, 0xff, 0xe8,
    0x2c, 0xff, 0x50, 0x0, 0x0, 0x0, 0x1f, 0xff,
    0xff, 0xff, 0xf5, 0x0, 0x0, 0x0, 0x2, 0xcf,
    0xff, 0xff, 0xff, 0xfb, 0x10, 0x0, 0x0, 0x2e,
    0xff, 0x71, 0x7e, 0xff, 0xff, 0xe2, 0x0, 0x1,
    0xef, 0xf8, 0x0, 0x0, 0x7f, 0xff, 0xfe, 0x10,
    0x9, 0xff, 0xd0, 0x0, 0x0, 0x1, 0xef, 0xff,
    0x80, 0xf, 0xff, 0x70, 0x0, 0x0, 0x0, 0x2f,
    0xff, 0xf0, 0x3f, 0xff, 0x40, 0x0, 0x0, 0x0,
    0xb, 0xff, 0xf2, 0x5f, 0xff, 0x40, 0x0, 0x0,
    0x0, 0x8, 0xff, 0xf4, 0x4f, 0xff, 0x70, 0x0,
    0x0, 0x0, 0xa, 0xff, 0xf4, 0x1f, 0xff, 0xe1,
    0x0, 0x0, 0x0, 0x1e, 0xff, 0xf1, 0xa, 0xff,
    0xfc, 0x20, 0x0, 0x1, 0xcf, 0xff, 0xa0, 0x1,
    0xef, 0xff, 0xfb, 0x98, 0xbf, 0xff, 0xfe, 0x10,
    0x0, 0x2d, 0xff, 0xff, 0xff, 0xff, 0xff, 0xd2,
    0x0, 0x0, 0x0, 0x6e, 0xff, 0xff, 0xff, 0xe6,
    0x0, 0x0, 0x0, 0x0, 0x0, 0x36, 0x77, 0x63,
    0x0, 0x0, 0x0,

    /* U+0039 "9" */
    0x0, 0x0, 0x17, 0xce, 0xfd, 0xa4, 0x0, 0x0,
    0x0, 0x0, 0x6, 0xff, 0xff, 0xff, 0xff, 0xb1,
    0x0, 0x0, 0x0, 0x6f, 0xff, 0xff, 0xff, 0xff,
    0xfd, 0x10, 0x0, 0x1, 0xff, 0xff, 0xa5, 0x36,
    0xdf, 0xff, 0xc0, 0x0, 0xb, 0xff, 0xf7, 0x0,
    0x0, 0xb, 0xff, 0xf6, 0x0, 0x1f, 0xff, 0xd0,
    0x0, 0x0, 0x1, 0xff, 0xfd, 0x0, 0x5f, 0xff,
    0x70, 0x0, 0x0, 0x0, 0x8f, 0xff, 0x30, 0x7f,
    0xff, 0x50, 0x0, 0x0, 0x0, 0x3f, 0xff, 0x80,
    0x8f, 0xff, 0x40, 0x0, 0x0, 0x0, 0xf, 0xff,
    0xb0, 0x6f, 0xff, 0x60, 0x0, 0x0, 0x0, 0xd,
    0xff, 0xe0, 0x4f, 0xff, 0xa0, 0x0, 0x0, 0x0,
    0x2e, 0xff, 0xf0, 0xf, 0xff, 0xf3, 0x0, 0x0,
    0x2, 0xdf, 0xff, 0xf0, 0x7, 0xff, 0xff, 0x62,
    0x2, 0x7f, 0xff, 0xff, 0xf1, 0x0, 0xdf, 0xff,
    0xff, 0xff, 0xff, 0xcc, 0xff, 0xf0, 0x0, 0x1b,
    0xff, 0xff, 0xff, 0xfa, 0xc, 0xff, 0xf0, 0x0,
    0x0, 0x5a, 0xcf, 0xea, 0x40, 0xe, 0xff, 0xe0,
    0x0, 0x0, 0x0, 0x0, 0x0, 0x0, 0xf, 0xff,
    0xc0, 0x0, 0x0, 0x0, 0x0, 0x0, 0x0, 0x3f,
    0xff, 0x80, 0x0, 0x0, 0x0, 0x0, 0x0, 0x0,
    0x8f, 0xff, 0x50, 0x0, 0x0, 0x0, 0x0, 0x0,
    0x0, 0xdf, 0xff, 0x10, 0x0, 0x0, 0x0, 0x0,
    0x0, 0x6, 0xff, 0xfa, 0x0, 0x0, 0x49, 0x0,
    0x0, 0x0, 0x2f, 0xff, 0xf3, 0x0, 0x2, 0xef,
    0xc4, 0x0, 0x16, 0xff, 0xff, 0x90, 0x0, 0xd,
    0xff, 0xff, 0xfe, 0xff, 0xff, 0xfc, 0x0, 0x0,
    0x3, 0xef, 0xff, 0xff, 0xff, 0xff, 0xc1, 0x0,
    0x0, 0x0, 0x19, 0xff, 0xff, 0xff, 0xe7, 0x0,
    0x0, 0x0, 0x0, 0x0, 0x4, 0x67, 0x63, 0x0,
    0x0, 0x0, 0x0,

    /* U+003A ":" */
    0x4, 0xde, 0x90, 0x2f, 0xff, 0xf9, 0x6f, 0xff,
    0xfd, 0x6f, 0xff, 0xfd, 0x1e, 0xff, 0xf6, 0x2,
    0x9a, 0x50, 0x0, 0x0, 0x0, 0x0, 0x0, 0x0,
    0x0, 0x0, 0x0, 0x0, 0x0, 0x0, 0x0, 0x0,
    0x0, 0x0, 0x0, 0x0, 0x0, 0x0, 0x0, 0x0,
    0x0, 0x0, 0x0, 0x23, 0x0, 0x9, 0xff, 0xd2,
    0x3f, 0xff, 0xfb, 0x7f, 0xff, 0xfe, 0x4f, 0xff,
    0xfc, 0xc, 0xff, 0xf3, 0x0, 0x56, 0x20,

    /* U+0041 "A" */
    0x0, 0x0, 0x0, 0x0, 0x9f, 0xff, 0xf6, 0x0,
    0x0, 0x0, 0x0, 0x0, 0x0, 0x0, 0x0, 0xef,
    0xff, 0xfb, 0x0, 0x0, 0x0, 0x0, 0x0, 0x0,
    0x0, 0x4, 0xff, 0xff, 0xff, 0x10, 0x0, 0x0,
    0x0, 0x0, 0x0, 0x0, 0x9, 0xff, 0xbf, 0xff,
    0x60, 0x0, 0x0, 0x0, 0x0, 0x0, 0x0, 0xe,
    0xff, 0x5b, 0xff, 0xb0, 0x0, 0x0, 0x0, 0x0,
    0x0, 0x0, 0x4f, 0xff, 0x17, 0xff, 0xf0, 0x0,
    0x0, 0x0, 0x0, 0x0, 0x0, 0x9f, 0xfc, 0x2,
    0xff, 0xf5, 0x0, 0x0, 0x0, 0x0, 0x0, 0x0,
    0xef, 0xf8, 0x0, 0xdf, 0xfb, 0x0, 0x0, 0x0,
    0x0, 0x0, 0x3, 0xff, 0xf3, 0x0, 0x9f, 0xff,
    0x0, 0x0, 0x0, 0x0, 0x0, 0x9, 0xff, 0xe0,
    0x0, 0x4f, 0xff, 0x50, 0x0, 0x0, 0x0, 0x0,
    0xe, 0xff, 0xa0, 0x0, 0xf, 0xff, 0xa0, 0x0,
    0x0, 0x0, 0x0, 0x3f, 0xff, 0x50, 0x0, 0xb,
    0xff, 0xf0, 0x0, 0x0, 0x0, 0x0, 0x9f, 0xff,
    0x10, 0x0, 0x6, 0xff, 0xf5, 0x0, 0x0, 0x0,
    0x0, 0xef, 0xfc, 0x0, 0x0, 0x2, 0xff, 0xfa,
    0x0, 0x0, 0x0, 0x3, 0xff, 0xf7, 0x0, 0x0,
    0x0, 0xdf, 0xff, 0x0, 0x0, 0x0, 0x8, 0xff,
    0xff, 0xff, 0xff, 0xff, 0xff, 0xff, 0x50, 0x0,
    0x0, 0xe, 0xff, 0xff, 0xff, 0xff, 0xff, 0xff,
    0xff, 0xa0, 0x0, 0x0, 0x3f, 0xff, 0xff, 0xff,
    0xff, 0xff, 0xff, 0xff, 0xf0, 0x0, 0x0, 0x8f,
    0xff, 0x64, 0x44, 0x44, 0x44, 0x4b, 0xff, 0xf4,
    0x0, 0x0, 0xdf, 0xff, 0x0, 0x0, 0x0, 0x0,
    0x5, 0xff, 0xfa, 0x0, 0x3, 0xff, 0xfb, 0x0,
    0x0, 0x0, 0x0, 0x1, 0xff, 0xfe, 0x0, 0x8,
    0xff, 0xf6, 0x0, 0x0, 0x0, 0x0, 0x0, 0xcf,
    0xff, 0x40, 0xd, 0xff, 0xf2, 0x0, 0x0, 0x0,
    0x0, 0x0, 0x8f, 0xff, 0x90, 0x2f, 0xff, 0xd0,
    0x0, 0x0, 0x0, 0x0, 0x0, 0x3f, 0xff, 0xe0,
    0x8f, 0xff, 0x90, 0x0, 0x0, 0x0, 0x0, 0x0,
    0xe, 0xff, 0xf4, 0xdf, 0xff, 0x40, 0x0, 0x0,
    0x0, 0x0, 0x0, 0xa, 0xff, 0xf9,

    /* U+0042 "B" */
    0x9f, 0xff, 0xff, 0xff, 0xfe, 0xcb, 0x71, 0x0,
    0x0, 0x9, 0xff, 0xff, 0xff, 0xff, 0xff, 0xff,
    0xfb, 0x20, 0x0, 0x9f, 0xff, 0xff, 0xff, 0xff,
    0xff, 0xff, 0xfe, 0x20, 0x9, 0xff, 0xf9, 0x33,
    0x34, 0x57, 0xdf, 0xff, 0xfc, 0x0, 0x9f, 0xff,
    0x70, 0x0, 0x0, 0x0, 0x8f, 0xff, 0xf2, 0x9,
    0xff, 0xf7, 0x0, 0x0, 0x0, 0x0, 0xdf, 0xff,
    0x50, 0x9f, 0xff, 0x70, 0x0, 0x0, 0x0, 0x9,
    0xff, 0xf6, 0x9, 0xff, 0xf7, 0x0, 0x0, 0x0,
    0x0, 0x9f, 0xff, 0x50, 0x9f, 0xff, 0x70, 0x0,
    0x0, 0x0, 0xd, 0xff, 0xf2, 0x9, 0xff, 0xf7,
    0x0, 0x0, 0x0, 0x9, 0xff, 0xfb, 0x0, 0x9f,
    0xff, 0x81, 0x12, 0x24, 0x7d, 0xff, 0xfe, 0x10,
    0x9, 0xff, 0xff, 0xff, 0xff, 0xff, 0xff, 0xfa,
    0x20, 0x0, 0x9f, 0xff, 0xff, 0xff, 0xff, 0xff,
    0xff, 0x83, 0x0, 0x9, 0xff, 0xff, 0xff, 0xff,
    0xff, 0xff, 0xff, 0xf9, 0x0, 0x9f, 0xff, 0x70,
    0x0, 0x1, 0x25, 0xbf, 0xff, 0xfb, 0x9, 0xff,
    0xf7, 0x0, 0x0, 0x0, 0x0, 0x4f, 0xff, 0xf4,
    0x9f, 0xff, 0x70, 0x0, 0x0, 0x0, 0x0, 0x8f,
    0xff, 0x99, 0xff, 0xf7, 0x0, 0x0, 0x0, 0x0,
    0x4, 0xff, 0xfc, 0x9f, 0xff, 0x70, 0x0, 0x0,
    0x0, 0x0, 0x2f, 0xff, 0xd9, 0xff, 0xf7, 0x0,
    0x0, 0x0, 0x0, 0x6, 0xff, 0xfb, 0x9f, 0xff,
    0x70, 0x0, 0x0, 0x0, 0x0, 0xcf, 0xff, 0x89,
    0xff, 0xf7, 0x0, 0x0, 0x0, 0x1, 0xaf, 0xff,
    0xf2, 0x9f, 0xff, 0x93, 0x33, 0x35, 0x6a, 0xff,
    0xff, 0xf9, 0x9, 0xff, 0xff, 0xff, 0xff, 0xff,
    0xff, 0xff, 0xfb, 0x0, 0x9f, 0xff, 0xff, 0xff,
    0xff, 0xff, 0xff, 0xd5, 0x0, 0x9, 0xff, 0xff,
    0xff, 0xff, 0xfd, 0xb9, 0x40, 0x0, 0x0,

    /* U+0043 "C" */
    0x0, 0x0, 0x0, 0x0, 0x38, 0xce, 0xfe, 0xc8,
    0x20, 0x0, 0x0, 0x0, 0x0, 0x3, 0xcf, 0xff,
    0xff, 0xff, 0xff, 0xa1, 0x0, 0x0, 0x0, 0x7,
    0xff, 0xff, 0xff, 0xff, 0xff, 0xff, 0xe2, 0x0,
    0x0, 0x9, 0xff, 0xff, 0xff, 0xba, 0xad, 0xff,
    0xff, 0xa0, 0x0, 0x5, 0xff, 0xff, 0xe6, 0x0,
    0x0, 0x3, 0xdf, 0xc0, 0x0, 0x1, 0xff, 0xff,
    0xd1, 0x0, 0x0, 0x0, 0x0, 0x71, 0x0, 0x0,
    0x9f, 0xff, 0xf1, 0x0, 0x0, 0x0, 0x0, 0x0,
    0x0, 0x0, 0x1f, 0xff, 0xf7, 0x0, 0x0, 0x0,
    0x0, 0x0, 0x0, 0x0, 0x5, 0xff, 0xff, 0x0,
    0x0, 0x0, 0x0, 0x0, 0x0, 0x0, 0x0, 0x9f,
    0xff, 0xa0, 0x0, 0x0, 0x0, 0x0, 0x0, 0x0,
    0x0, 0xd, 0xff, 0xf6, 0x0, 0x0, 0x0, 0x0,
    0x0, 0x0, 0x0, 0x0, 0xef, 0xff, 0x40, 0x0,
    0x0, 0x0, 0x0, 0x0, 0x0, 0x0, 0xf, 0xff,
    0xf3, 0x0, 0x0, 0x0, 0x0, 0x0, 0x0, 0x0,
    0x0, 0xff, 0xff, 0x20, 0x0, 0x0, 0x0, 0x0,
    0x0, 0x0, 0x0, 0xf, 0xff, 0xf3, 0x0, 0x0,
    0x0, 0x0, 0x0, 0x0, 0x0, 0x0, 0xef, 0xff,
    0x50, 0x0, 0x0, 0x0, 0x0, 0x0, 0x0, 0x0,
    0xc, 0xff, 0xf8, 0x0, 0x0, 0x0, 0x0, 0x0,
    0x0, 0x0, 0x0, 0x8f, 0xff, 0xc0, 0x0, 0x0,
    0x0, 0x0, 0x0, 0x0, 0x0, 0x3, 0xff, 0xff,
    0x30, 0x0, 0x0, 0x0, 0x0, 0x0, 0x0, 0x0,
    0xd, 0xff, 0xfb, 0x0, 0x0, 0x0, 0x0, 0x0,
    0x0, 0x0, 0x0, 0x6f, 0xff, 0xf7, 0x0, 0x0,
    0x0, 0x0, 0x1, 0x50, 0x0, 0x0, 0xdf, 0xff,
    0xf8, 0x0, 0x0, 0x0, 0x3, 0xdf, 0x50, 0x0,
    0x2, 0xff, 0xff, 0xfd, 0x84, 0x23, 0x5a, 0xff,
    0xff, 0x30, 0x0, 0x3, 0xef, 0xff, 0xff, 0xff,
    0xff, 0xff, 0xff, 0xa0, 0x0, 0x0, 0x2, 0xcf,
    0xff, 0xff, 0xff, 0xff, 0xff, 0x80, 0x0, 0x0,
    0x0, 0x0, 0x5c, 0xff, 0xff, 0xff, 0xfa, 0x20,
    0x0, 0x0, 0x0, 0x0, 0x0, 0x1, 0x46, 0x76,
    0x40, 0x0, 0x0, 0x0,

    /* U+0044 "D" */
    0x9f, 0xff, 0xff, 0xff, 0xed, 0xa6, 0x10, 0x0,
    0x0, 0x0, 0x9f, 0xff, 0xff, 0xff, 0xff, 0xff,
    0xf9, 0x20, 0x0, 0x0, 0x9f, 0xff, 0xff, 0xff,
    0xff, 0xff, 0xff, 0xf5, 0x0, 0x0, 0x9f, 0xff,
    0xa5, 0x66, 0x8b, 0xff, 0xff, 0xff, 0x60, 0x0,
    0x9f, 0xff, 0x70, 0x0, 0x0, 0x7, 0xff, 0xff,
    0xf3, 0x0, 0x9f, 0xff, 0x70, 0x0, 0x0, 0x0,
    0x3e, 0xff, 0xfd, 0x0, 0x9f, 0xff, 0x70, 0x0,
    0x0, 0x0, 0x5, 0xff, 0xff, 0x40, 0x9f, 0xff,
    0x70, 0x0, 0x0, 0x0, 0x0, 0xbf, 0xff, 0xb0,
    0x9f, 0xff, 0x70, 0x0, 0x0, 0x0, 0x0, 0x5f,
    0xff, 0xf0, 0x9f, 0xff, 0x70, 0x0, 0x0, 0x0,
    0x0, 0x1f, 0xff, 0xf2, 0x9f, 0xff, 0x70, 0x0,
    0x0, 0x0, 0x0, 0xd, 0xff, 0xf5, 0x9f, 0xff,
    0x70, 0x0, 0x0, 0x0, 0x0, 0xc, 0xff, 0xf6,
    0x9f, 0xff, 0x70, 0x0, 0x0, 0x0, 0x0, 0xb,
    0xff, 0xf7, 0x9f, 0xff, 0x70, 0x0, 0x0, 0x0,
    0x0, 0xb, 0xff, 0xf7, 0x9f, 0xff, 0x70, 0x0,
    0x0, 0x0, 0x0, 0xc, 0xff, 0xf6, 0x9f, 0xff,
    0x70, 0x0, 0x0, 0x0, 0x0, 0xe, 0xff, 0xf5,
    0x9f, 0xff, 0x70, 0x0, 0x0, 0x0, 0x0, 0x1f,
    0xff, 0xf2, 0x9f, 0xff, 0x70, 0x0, 0x0, 0x0,
    0x0, 0x6f, 0xff, 0xe0, 0x9f, 0xff, 0x70, 0x0,
    0x0, 0x0, 0x0, 0xcf, 0xff, 0xa0, 0x9f, 0xff,
    0x70, 0x0, 0x0, 0x0, 0x6, 0xff, 0xff, 0x30,
    0x9f, 0xff, 0x70, 0x0, 0x0, 0x0, 0x4f, 0xff,
    0xfc, 0x0, 0x9f, 0xff, 0x70, 0x0, 0x0, 0x18,
    0xff, 0xff, 0xf2, 0x0, 0x9f, 0xff, 0xa5, 0x66,
    0x8b, 0xff, 0xff, 0xff, 0x50, 0x0, 0x9f, 0xff,
    0xff, 0xff, 0xff, 0xff, 0xff, 0xf4, 0x0, 0x0,
    0x9f, 0xff, 0xff, 0xff, 0xff, 0xff, 0xf9, 0x20,
    0x0, 0x0, 0x9f, 0xff, 0xff, 0xff, 0xed, 0xa6,
    0x10, 0x0, 0x0, 0x0,

    /* U+0045 "E" */
    0x9f, 0xff, 0xff, 0xff, 0xff, 0xff, 0xff, 0xf9,
    0x9f, 0xff, 0xff, 0xff, 0xff, 0xff, 0xff, 0xf9,
    0x9f, 0xff, 0xff, 0xff, 0xff, 0xff, 0xff, 0xf9,
    0x9f, 0xff, 0xb7, 0x77, 0x77, 0x77, 0x77, 0x74,
    0x9f, 0xff, 0x70, 0x0, 0x0, 0x0, 0x0, 0x0,
    0x9f, 0xff, 0x70, 0x0, 0x0, 0x0, 0x0, 0x0,
    0x9f, 0xff, 0x70, 0x0, 0x0, 0x0, 0x0, 0x0,
    0x9f, 0xff, 0x70, 0x0, 0x0, 0x0, 0x0, 0x0,
    0x9f, 0xff, 0x70, 0x0, 0x0, 0x0, 0x0, 0x0,
    0x9f, 0xff, 0x70, 0x0, 0x0, 0x0, 0x0, 0x0,
    0x9f, 0xff, 0xb7, 0x77, 0x77, 0x77, 0x76, 0x0,
    0x9f, 0xff, 0xff, 0xff, 0xff, 0xff, 0xfe, 0x0,
    0x9f, 0xff, 0xff, 0xff, 0xff, 0xff, 0xfe, 0x0,
    0x9f, 0xff, 0xff, 0xff, 0xff, 0xff, 0xfe, 0x0,
    0x9f, 0xff, 0x70, 0x0, 0x0, 0x0, 0x0, 0x0,
    0x9f, 0xff, 0x70, 0x0, 0x0, 0x0, 0x0, 0x0,
    0x9f, 0xff, 0x70, 0x0, 0x0, 0x0, 0x0, 0x0,
    0x9f, 0xff, 0x70, 0x0, 0x0, 0x0, 0x0, 0x0,
    0x9f, 0xff, 0x70, 0x0, 0x0, 0x0, 0x0, 0x0,
    0x9f, 0xff, 0x70, 0x0, 0x0, 0x0, 0x0, 0x0,
    0x9f, 0xff, 0x70, 0x0, 0x0, 0x0, 0x0, 0x0,
    0x9f, 0xff, 0x70, 0x0, 0x0, 0x0, 0x0, 0x0,
    0x9f, 0xff, 0xb8, 0x88, 0x88, 0x88, 0x88, 0x88,
    0x9f, 0xff, 0xff, 0xff, 0xff, 0xff, 0xff, 0xff,
    0x9f, 0xff, 0xff, 0xff, 0xff, 0xff, 0xff, 0xff,
    0x9f, 0xff, 0xff, 0xff, 0xff, 0xff, 0xff, 0xff,

    /* U+0046 "F" */
    0x9f, 0xff, 0xff, 0xff, 0xff, 0xff, 0xff, 0xfa,
    0x9f, 0xff, 0xff, 0xff, 0xff, 0xff, 0xff, 0xfa,
    0x9f, 0xff, 0xff, 0xff, 0xff, 0xff, 0xff, 0xfa,
    0x9f, 0xff, 0xb7, 0x77, 0x77, 0x77, 0x77, 0x74,
    0x9f, 0xff, 0x70, 0x0, 0x0, 0x0, 0x0, 0x0,
    0x9f, 0xff, 0x70, 0x0, 0x0, 0x0, 0x0, 0x0,
    0x9f, 0xff, 0x70, 0x0, 0x0, 0x0, 0x0, 0x0,
    0x9f, 0xff, 0x70, 0x0, 0x0, 0x0, 0x0, 0x0,
    0x9f, 0xff, 0x70, 0x0, 0x0, 0x0, 0x0, 0x0,
    0x9f, 0xff, 0x70, 0x0, 0x0, 0x0, 0x0, 0x0,
    0x9f, 0xff, 0x70, 0x0, 0x0, 0x0, 0x0, 0x0,
    0x9f, 0xff, 0xb6, 0x66, 0x66, 0x66, 0x66, 0x0,
    0x9f, 0xff, 0xff, 0xff, 0xff, 0xff, 0xff, 0x0,
    0x9f, 0xff, 0xff, 0xff, 0xff, 0xff, 0xff, 0x0,
    0x9f, 0xff, 0xff, 0xff, 0xff, 0xff, 0xff, 0x0,
    0x9f, 0xff, 0x70, 0x0, 0x0, 0x0, 0x0, 0x0,
    0x9f, 0xff, 0x70, 0x0, 0x0, 0x0, 0x0, 0x0,
    0x9f, 0xff, 0x70, 0x0, 0x0, 0x0, 0x0, 0x0,
    0x9f, 0xff, 0x70, 0x0, 0x0, 0x0, 0x0, 0x0,
    0x9f, 0xff, 0x70, 0x0, 0x0, 0x0, 0x0, 0x0,
    0x9f, 0xff, 0x70, 0x0, 0x0, 0x0, 0x0, 0x0,
    0x9f, 0xff, 0x70, 0x0, 0x0, 0x0, 0x0, 0x0,
    0x9f, 0xff, 0x70, 0x0, 0x0, 0x0, 0x0, 0x0,
    0x9f, 0xff, 0x70, 0x0, 0x0, 0x0, 0x0, 0x0,
    0x9f, 0xff, 0x70, 0x0, 0x0, 0x0, 0x0, 0x0,
    0x9f, 0xff, 0x70, 0x0, 0x0, 0x0, 0x0, 0x0,

    /* U+0047 "G" */
    0x0, 0x0, 0x0, 0x0, 0x27, 0xbd, 0xff, 0xdb,
    0x60, 0x0, 0x0, 0x0, 0x0, 0x0, 0x2a, 0xff,
    0xff, 0xff, 0xff, 0xff, 0x70, 0x0, 0x0, 0x0,
    0x6, 0xff, 0xff, 0xff, 0xff, 0xff, 0xff, 0xfb,
    0x0, 0x0, 0x0, 0x7f, 0xff, 0xff, 0xfc, 0xaa,
    0xbe, 0xff, 0xff, 0x60, 0x0, 0x5, 0xff, 0xff,
    0xf7, 0x10, 0x0, 0x0, 0x5e, 0xf9, 0x0, 0x0,
    0x1f, 0xff, 0xfe, 0x20, 0x0, 0x0, 0x0, 0x1,
    0x70, 0x0, 0x0, 0x8f, 0xff, 0xf2, 0x0, 0x0,
    0x0, 0x0, 0x0, 0x0, 0x0, 0x1, 0xff, 0xff,
    0x70, 0x0, 0x0, 0x0, 0x0, 0x0, 0x0, 0x0,
    0x5, 0xff, 0xff, 0x0, 0x0, 0x0, 0x0, 0x0,
    0x0, 0x0, 0x0, 0x9, 0xff, 0xfa, 0x0, 0x0,
    0x0, 0x0, 0x0, 0x0, 0x0, 0x0, 0xd, 0xff,
    0xf6, 0x0, 0x0, 0x0, 0x0, 0x0, 0x0, 0x0,
    0x0, 0xe, 0xff, 0xf4, 0x0, 0x0, 0x0, 0x0,
    0x0, 0x0, 0x0, 0x0, 0xf, 0xff, 0xf3, 0x0,
    0x0, 0x0, 0xbf, 0xff, 0xff, 0xff, 0xf0, 0xf,
    0xff, 0xf2, 0x0, 0x0, 0x0, 0xbf, 0xff, 0xff,
    0xff, 0xf0, 0xf, 0xff, 0xf3, 0x0, 0x0, 0x0,
    0xbf, 0xff, 0xff, 0xff, 0xf0, 0xe, 0xff, 0xf5,
    0x0, 0x0, 0x0, 0x46, 0x66, 0x6c, 0xff, 0xf0,
    0xc, 0xff, 0xf8, 0x0, 0x0, 0x0, 0x0, 0x0,
    0xa, 0xff, 0xf0, 0x8, 0xff, 0xfc, 0x0, 0x0,
    0x0, 0x0, 0x0, 0xa, 0xff, 0xf0, 0x3, 0xff,
    0xff, 0x20, 0x0, 0x0, 0x0, 0x0, 0xa, 0xff,
    0xf0, 0x0, 0xdf, 0xff, 0xb0, 0x0, 0x0, 0x0,
    0x0, 0xa, 0xff, 0xf0, 0x0, 0x6f, 0xff, 0xf7,
    0x0, 0x0, 0x0, 0x0, 0xa, 0xff, 0xf0, 0x0,
    0xc, 0xff, 0xff, 0x90, 0x0, 0x0, 0x0, 0xc,
    0xff, 0xf0, 0x0, 0x2, 0xef, 0xff, 0xfe, 0x94,
    0x32, 0x47, 0xef, 0xff, 0xf0, 0x0, 0x0, 0x3e,
    0xff, 0xff, 0xff, 0xff, 0xff, 0xff, 0xff, 0xc0,
    0x0, 0x0, 0x1, 0xbf, 0xff, 0xff, 0xff, 0xff,
    0xff, 0xf9, 0x0, 0x0, 0x0, 0x0, 0x4, 0xbf,
    0xff, 0xff, 0xff, 0xea, 0x20, 0x0, 0x0, 0x0,
    0x0, 0x0, 0x0, 0x45, 0x77, 0x53, 0x0, 0x0,
    0x0,

    /* U+0048 "H" */
    0x9f, 0xff, 0x70, 0x0, 0x0, 0x0, 0x0, 0x8,
    0xff, 0xf8, 0x9f, 0xff, 0x70, 0x0, 0x0, 0x0,
    0x0, 0x8, 0xff, 0xf8, 0x9f, 0xff, 0x70, 0x0,
    0x0, 0x0, 0x0, 0x8, 0xff, 0xf8, 0x9f, 0xff,
    0x70, 0x0, 0x0, 0x0, 0x0, 0x8, 0xff, 0xf8,
    0x9f, 0xff, 0x70, 0x0, 0x0, 0x0, 0x0, 0x8,
    0xff, 0xf8, 0x9f, 0xff, 0x70, 0x0, 0x0, 0x0,
    0x0, 0x8, 0xff, 0xf8, 0x9f, 0xff, 0x70, 0x0,
    0x0, 0x0, 0x0, 0x8, 0xff, 0xf8, 0x9f, 0xff,
    0x70, 0x0, 0x0, 0x0, 0x0, 0x8, 0xff, 0xf8,
    0x9f, 0xff, 0x70, 0x0, 0x0, 0x0, 0x0, 0x8,
    0xff, 0xf8, 0x9f, 0xff, 0x70, 0x0, 0x0, 0x0,
    0x0, 0x8, 0xff, 0xf8, 0x9f, 0xff, 0xc9, 0x99,
    0x99, 0x99, 0x99, 0x9c, 0xff, 0xf8, 0x9f, 0xff,
    0xff, 0xff, 0xff, 0xff, 0xff, 0xff, 0xff, 0xf8,
    0x9f, 0xff, 0xff, 0xff, 0xff, 0xff, 0xff, 0xff,
    0xff, 0xf8, 0x9f, 0xff, 0xff, 0xff, 0xff, 0xff,
    0xff, 0xff, 0xff, 0xf8, 0x9f, 0xff, 0x70, 0x0,
    0x0, 0x0, 0x0, 0x8, 0xff, 0xf8, 0x9f, 0xff,
    0x70, 0x0, 0x0, 0x0, 0x0, 0x8, 0xff, 0xf8,
    0x9f, 0xff, 0x70, 0x0, 0x0, 0x0, 0x0, 0x8,
    0xff, 0xf8, 0x9f, 0xff, 0x70, 0x0, 0x0, 0x0,
    0x0, 0x8, 0xff, 0xf8, 0x9f, 0xff, 0x70, 0x0,
    0x0, 0x0, 0x0, 0x8, 0xff, 0xf8, 0x9f, 0xff,
    0x70, 0x0, 0x0, 0x0, 0x0, 0x8, 0xff, 0xf8,
    0x9f, 0xff, 0x70, 0x0, 0x0, 0x0, 0x0, 0x8,
    0xff, 0xf8, 0x9f, 0xff, 0x70, 0x0, 0x0, 0x0,
    0x0, 0x8, 0xff, 0xf8, 0x9f, 0xff, 0x70, 0x0,
    0x0, 0x0, 0x0, 0x8, 0xff, 0xf8, 0x9f, 0xff,
    0x70, 0x0, 0x0, 0x0, 0x0, 0x8, 0xff, 0xf8,
    0x9f, 0xff, 0x70, 0x0, 0x0, 0x0, 0x0, 0x8,
    0xff, 0xf8, 0x9f, 0xff, 0x70, 0x0, 0x0, 0x0,
    0x0, 0x8, 0xff, 0xf8,

    /* U+0049 "I" */
    0x9f, 0xff, 0x79, 0xff, 0xf7, 0x9f, 0xff, 0x79,
    0xff, 0xf7, 0x9f, 0xff, 0x79, 0xff, 0xf7, 0x9f,
    0xff, 0x79, 0xff, 0xf7, 0x9f, 0xff, 0x79, 0xff,
    0xf7, 0x9f, 0xff, 0x79, 0xff, 0xf7, 0x9f, 0xff,
    0x79, 0xff, 0xf7, 0x9f, 0xff, 0x79, 0xff, 0xf7,
    0x9f, 0xff, 0x79, 0xff, 0xf7, 0x9f, 0xff, 0x79,
    0xff, 0xf7, 0x9f, 0xff, 0x79, 0xff, 0xf7, 0x9f,
    0xff, 0x79, 0xff, 0xf7, 0x9f, 0xff, 0x79, 0xff,
    0xf7,

    /* U+004A "J" */
    0x0, 0x0, 0x0, 0x0, 0x0, 0x1f, 0xff, 0xf0,
    0x0, 0x0, 0x0, 0x0, 0x1, 0xff, 0xff, 0x0,
    0x0, 0x0, 0x0, 0x0, 0x1f, 0xff, 0xf0, 0x0,
    0x0, 0x0, 0x0, 0x1, 0xff, 0xff, 0x0, 0x0,
    0x0, 0x0, 0x0, 0x1f, 0xff, 0xf0, 0x0, 0x0,
    0x0, 0x0, 0x1, 0xff, 0xff, 0x0, 0x0, 0x0,
    0x0, 0x0, 0x1f, 0xff, 0xf0, 0x0, 0x0, 0x0,
    0x0, 0x1, 0xff, 0xff, 0x0, 0x0, 0x0, 0x0,
    0x0, 0x1f, 0xff, 0xf0, 0x0, 0x0, 0x0, 0x0,
    0x1, 0xff, 0xff, 0x0, 0x0, 0x0, 0x0, 0x0,
    0x1f, 0xff, 0xf0, 0x0, 0x0, 0x0, 0x0, 0x1,
    0xff, 0xff, 0x0, 0x0, 0x0, 0x0, 0x0, 0x1f,
    0xff, 0xf0, 0x0, 0x0, 0x0, 0x0, 0x1, 0xff,
    0xff, 0x0, 0x0, 0x0, 0x0, 0x0, 0x1f, 0xff,
    0xf0, 0x0, 0x0, 0x0, 0x0, 0x1, 0xff, 0xff,
    0x0, 0x0, 0x0, 0x0, 0x0, 0x1f, 0xff, 0xf0,
    0x0, 0x0, 0x0, 0x0, 0x1, 0xff, 0xff, 0x0,
    0x0, 0x0, 0x0, 0x0, 0x3f, 0xff, 0xe0, 0x0,
    0x0, 0x0, 0x0, 0x4, 0xff, 0xfc, 0x0, 0x71,
    0x0, 0x0, 0x0, 0x8f, 0xff, 0xa3, 0xdf, 0xb0,
    0x0, 0x0, 0x1f, 0xff, 0xf6, 0x9f, 0xff, 0xd6,
    0x23, 0x6e, 0xff, 0xfe, 0x0, 0xdf, 0xff, 0xff,
    0xff, 0xff, 0xff, 0x60, 0x2, 0xdf, 0xff, 0xff,
    0xff, 0xff, 0xa0, 0x0, 0x1, 0x9f, 0xff, 0xff,
    0xfe, 0x60, 0x0, 0x0, 0x0, 0x14, 0x67, 0x63,
    0x0, 0x0, 0x0,

    /* U+004B "K" */
    0x9f, 0xff, 0x70, 0x0, 0x0, 0x0, 0x2, 0xef,
    0xff, 0x80, 0x9, 0xff, 0xf7, 0x0, 0x0, 0x0,
    0x0, 0xdf, 0xff, 0xb0, 0x0, 0x9f, 0xff, 0x70,
    0x0, 0x0, 0x0, 0xaf, 0xff, 0xd0, 0x0, 0x9,
    0xff, 0xf7, 0x0, 0x0, 0x0, 0x7f, 0xff, 0xf2,
    0x0, 0x0, 0x9f, 0xff, 0x70, 0x0, 0x0, 0x4f,
    0xff, 0xf5, 0x0, 0x0, 0x9, 0xff, 0xf7, 0x0,
    0x0, 0x1e, 0xff, 0xf8, 0x0, 0x0, 0x0, 0x9f,
    0xff, 0x70, 0x0, 0xc, 0xff, 0xfb, 0x0, 0x0,
    0x0, 0x9, 0xff, 0xf7, 0x0, 0x9, 0xff, 0xfd,
    0x10, 0x0, 0x0, 0x0, 0x9f, 0xff, 0x70, 0x6,
    0xff, 0xff, 0x20, 0x0, 0x0, 0x0, 0x9, 0xff,
    0xf7, 0x3, 0xff, 0xff, 0x50, 0x0, 0x0, 0x0,
    0x0, 0x9f, 0xff, 0x71, 0xef, 0xff, 0xf2, 0x0,
    0x0, 0x0, 0x0, 0x9, 0xff, 0xf7, 0xcf, 0xff,
    0xff, 0xb0, 0x0, 0x0, 0x0, 0x0, 0x9f, 0xff,
    0xef, 0xff, 0xff, 0xff, 0x50, 0x0, 0x0, 0x0,
    0x9, 0xff, 0xff, 0xff, 0xfa, 0xff, 0xfd, 0x0,
    0x0, 0x0, 0x0, 0x9f, 0xff, 0xff, 0xf7, 0xd,
    0xff, 0xf7, 0x0, 0x0, 0x0, 0x9, 0xff, 0xff,
    0xfa, 0x0, 0x4f, 0xff, 0xf1, 0x0, 0x0, 0x0,
    0x9f, 0xff, 0xfc, 0x0, 0x0, 0xbf, 0xff, 0xa0,
    0x0, 0x0, 0x9, 0xff, 0xfe, 0x10, 0x0, 0x2,
    0xff, 0xff, 0x30, 0x0, 0x0, 0x9f, 0xff, 0x70,
    0x0, 0x0, 0x9, 0xff, 0xfc, 0x0, 0x0, 0x9,
    0xff, 0xf7, 0x0, 0x0, 0x0, 0x1f, 0xff, 0xf6,
    0x0, 0x0, 0x9f, 0xff, 0x70, 0x0, 0x0, 0x0,
    0x7f, 0xff, 0xe1, 0x0, 0x9, 0xff, 0xf7, 0x0,
    0x0, 0x0, 0x0, 0xdf, 0xff, 0x90, 0x0, 0x9f,
    0xff, 0x70, 0x0, 0x0, 0x0, 0x4, 0xff, 0xff,
    0x20, 0x9, 0xff, 0xf7, 0x0, 0x0, 0x0, 0x0,
    0xb, 0xff, 0xfb, 0x0, 0x9f, 0xff, 0x70, 0x0,
    0x0, 0x0, 0x0, 0x2f, 0xff, 0xf5, 0x9, 0xff,
    0xf7, 0x0, 0x0, 0x0, 0x0, 0x0, 0x9f, 0xff,
    0xe0,

    /* U+004C "L" */
    0x9f, 0xff, 0x70, 0x0, 0x0, 0x0, 0x0, 0x0,
    0x9f, 0xff, 0x70, 0x0, 0x0, 0x0, 0x0, 0x0,
    0x9f, 0xff, 0x70, 0x0, 0x0, 0x0, 0x0, 0x0,
    0x9f, 0xff, 0x70, 0x0, 0x0, 0x0, 0x0, 0x0,
    0x9f, 0xff, 0x70, 0x0, 0x0, 0x0, 0x0, 0x0,
    0x9f, 0xff, 0x70, 0x0, 0x0, 0x0, 0x0, 0x0,
    0x9f, 0xff, 0x70, 0x0, 0x0, 0x0, 0x0, 0x0,
    0x9f, 0xff, 0x70, 0x0, 0x0, 0x0, 0x0, 0x0,
    0x9f, 0xff, 0x70, 0x0, 0x0, 0x0, 0x0, 0x0,
    0x9f, 0xff, 0x70, 0x0, 0x0, 0x0, 0x0, 0x0,
    0x9f, 0xff, 0x70, 0x0, 0x0, 0x0, 0x0, 0x0,
    0x9f, 0xff, 0x70, 0x0, 0x0, 0x0, 0x0, 0x0,
    0x9f, 0xff, 0x70, 0x0, 0x0, 0x0, 0x0, 0x0,
    0x9f, 0xff, 0x70, 0x0, 0x0, 0x0, 0x0, 0x0,
    0x9f, 0xff, 0x70, 0x0, 0x0, 0x0, 0x0, 0x0,
    0x9f, 0xff, 0x70, 0x0, 0x0, 0x0, 0x0, 0x0,
    0x9f, 0xff, 0x70, 0x0, 0x0, 0x0, 0x0, 0x0,
    0x9f, 0xff, 0x70, 0x0, 0x0, 0x0, 0x0, 0x0,
    0x9f, 0xff, 0x70, 0x0, 0x0, 0x0, 0x0, 0x0,
    0x9f, 0xff, 0x70, 0x0, 0x0, 0x0, 0x0, 0x0,
    0x9f, 0xff, 0x70, 0x0, 0x0, 0x0, 0x0, 0x0,
    0x9f, 0xff, 0x70, 0x0, 0x0, 0x0, 0x0, 0x0,
    0x9f, 0xff, 0xb8, 0x88, 0x88, 0x88, 0x88, 0x83,
    0x9f, 0xff, 0xff, 0xff, 0xff, 0xff, 0xff, 0xf5,
    0x9f, 0xff, 0xff, 0xff, 0xff, 0xff, 0xff, 0xf5,
    0x9f, 0xff, 0xff, 0xff, 0xff, 0xff, 0xff, 0xf5,

    /* U+004D "M" */
    0x9f, 0xff, 0xf4, 0x0, 0x0, 0x0, 0x0, 0x0,
    0x3, 0xff, 0xff, 0xa9, 0xff, 0xff, 0x90, 0x0,
    0x0, 0x0, 0x0, 0x0, 0x8f, 0xff, 0xfa, 0x9f,
    0xff, 0xff, 0x0, 0x0, 0x0, 0x0, 0x0, 0xe,
    0xff, 0xff, 0xa9, 0xff, 0xff, 0xf5, 0x0, 0x0,
    0x0, 0x0, 0x4, 0xff, 0xff, 0xfa, 0x9f, 0xff,
    0xff, 0xa0, 0x0, 0x0, 0x0, 0x0, 0x9f, 0xff,
    0xff, 0xa9, 0xff, 0xbf, 0xff, 0x10, 0x0, 0x0,
    0x0, 0xe, 0xff, 0xaf, 0xfa, 0x9f, 0xfa, 0xcf,
    0xf6, 0x0, 0x0, 0x0, 0x5, 0xff, 0xbb, 0xff,
    0xa9, 0xff, 0xc7, 0xff, 0xc0, 0x0, 0x0, 0x0,
    0xaf, 0xf6, 0xcf, 0xfa, 0x9f, 0xfd, 0x2f, 0xff,
    0x10, 0x0, 0x0, 0xf, 0xff, 0x1d, 0xff, 0xa9,
    0xff, 0xe0, 0xcf, 0xf7, 0x0, 0x0, 0x5, 0xff,
    0xc0, 0xff, 0xfa, 0x9f, 0xff, 0x7, 0xff, 0xd0,
    0x0, 0x0, 0xbf, 0xf6, 0xf, 0xff, 0xa9, 0xff,
    0xf0, 0x2f, 0xff, 0x20, 0x0, 0x1f, 0xff, 0x10,
    0xff, 0xfa, 0x9f, 0xff, 0x0, 0xcf, 0xf8, 0x0,
    0x6, 0xff, 0xb0, 0x1f, 0xff, 0xa9, 0xff, 0xf0,
    0x6, 0xff, 0xe0, 0x0, 0xcf, 0xf5, 0x1, 0xff,
    0xfa, 0x9f, 0xff, 0x0, 0x1f, 0xff, 0x30, 0x1f,
    0xff, 0x0, 0x1f, 0xff, 0xa9, 0xff, 0xf0, 0x0,
    0xaf, 0xf8, 0x6, 0xff, 0xa0, 0x1, 0xff, 0xfa,
    0x9f, 0xff, 0x0, 0x5, 0xff, 0xd0, 0xbf, 0xf4,
    0x0, 0x1f, 0xff, 0xa9, 0xff, 0xf0, 0x0, 0xe,
    0xff, 0x4f, 0xfe, 0x0, 0x1, 0xff, 0xfa, 0x9f,
    0xff, 0x0, 0x0, 0x9f, 0xfe, 0xff, 0x80, 0x0,
    0x1f, 0xff, 0xa9, 0xff, 0xf0, 0x0, 0x3, 0xff,
    0xff, 0xf3, 0x0, 0x1, 0xff, 0xfa, 0x9f, 0xff,
    0x0, 0x0, 0xd, 0xff, 0xfd, 0x0, 0x0, 0x1f,
    0xff, 0xa9, 0xff, 0xf0, 0x0, 0x0, 0x7f, 0xff,
    0x70, 0x0, 0x1, 0xff, 0xfa, 0x9f, 0xff, 0x0,
    0x0, 0x2, 0xff, 0xf1, 0x0, 0x0, 0x1f, 0xff,
    0xa9, 0xff, 0xf0, 0x0, 0x0, 0x6, 0x76, 0x0,
    0x0, 0x1, 0xff, 0xfa, 0x9f, 0xff, 0x0, 0x0,
    0x0, 0x0, 0x0, 0x0, 0x0, 0x1f, 0xff, 0xa9,
    0xff, 0xf0, 0x0, 0x0, 0x0, 0x0, 0x0, 0x0,
    0x1, 0xff, 0xfa,

    /* U+004E "N" */
    0x9f, 0xff, 0xd0, 0x0, 0x0, 0x0, 0x0, 0x9,
    0xff, 0xf4, 0x9f, 0xff, 0xf6, 0x0, 0x0, 0x0,
    0x0, 0x9, 0xff, 0xf4, 0x9f, 0xff, 0xfe, 0x0,
    0x0, 0x0, 0x0, 0x9, 0xff, 0xf4, 0x9f, 0xff,
    0xff, 0x80, 0x0, 0x0, 0x0, 0x9, 0xff, 0xf4,
    0x9f, 0xff, 0xff, 0xf1, 0x0, 0x0, 0x0, 0x9,
    0xff, 0xf4, 0x9f, 0xfd, 0xef, 0xfa, 0x0, 0x0,
    0x0, 0x9, 0xff, 0xf4, 0x9f, 0xfd, 0x7f, 0xff,
    0x30, 0x0, 0x0, 0x9, 0xff, 0xf4, 0x9f, 0xfe,
    0xf, 0xff, 0xb0, 0x0, 0x0, 0x9, 0xff, 0xf4,
    0x9f, 0xff, 0x8, 0xff, 0xf4, 0x0, 0x0, 0x9,
    0xff, 0xf4, 0x9f, 0xff, 0x1, 0xff, 0xfd, 0x0,
    0x0, 0x9, 0xff, 0xf4, 0x9f, 0xff, 0x0, 0x8f,
    0xff, 0x60, 0x0, 0x9, 0xff, 0xf4, 0x9f, 0xff,
    0x10, 0xe, 0xff, 0xe0, 0x0, 0x9, 0xff, 0xf4,
    0x9f, 0xff, 0x20, 0x6, 0xff, 0xf8, 0x0, 0x9,
    0xff, 0xf4, 0x9f, 0xff, 0x30, 0x0, 0xdf, 0xff,
    0x20, 0x8, 0xff, 0xf4, 0x9f, 0xff, 0x30, 0x0,
    0x4f, 0xff, 0xa0, 0x7, 0xff, 0xf4, 0x9f, 0xff,
    0x30, 0x0, 0xb, 0xff, 0xf3, 0x7, 0xff, 0xf4,
    0x9f, 0xff, 0x30, 0x0, 0x3, 0xff, 0xfb, 0x6,
    0xff, 0xf4, 0x9f, 0xff, 0x30, 0x0, 0x0, 0x9f,
    0xff, 0x34, 0xff, 0xf4, 0x9f, 0xff, 0x30, 0x0,
    0x0, 0x1f, 0xff, 0xa3, 0xff, 0xf4, 0x9f, 0xff,
    0x30, 0x0, 0x0, 0x8, 0xff, 0xf5, 0xff, 0xf4,
    0x9f, 0xff, 0x30, 0x0, 0x0, 0x0, 0xef, 0xfc,
    0xff, 0xf4, 0x9f, 0xff, 0x30, 0x0, 0x0, 0x0,
    0x6f, 0xff, 0xff, 0xf4, 0x9f, 0xff, 0x30, 0x0,
    0x0, 0x0, 0xd, 0xff, 0xff, 0xf4, 0x9f, 0xff,
    0x30, 0x0, 0x0, 0x0, 0x4, 0xff, 0xff, 0xf4,
    0x9f, 0xff, 0x30, 0x0, 0x0, 0x0, 0x0, 0xbf,
    0xff, 0xf4, 0x9f, 0xff, 0x30, 0x0, 0x0, 0x0,
    0x0, 0x2f, 0xff, 0xf4,

    /* U+004F "O" */
    0x0, 0x0, 0x0, 0x1, 0x5a, 0xde, 0xfd, 0xc7,
    0x20, 0x0, 0x0, 0x0, 0x0, 0x0, 0x0, 0x7f,
    0xff, 0xff, 0xff, 0xff, 0xfa, 0x20, 0x0, 0x0,
    0x0, 0x0, 0x1c, 0xff, 0xff, 0xff, 0xff, 0xff,
    0xff, 0xf4, 0x0, 0x0, 0x0, 0x0, 0xdf, 0xff,
    0xff, 0xda, 0xac, 0xff, 0xff, 0xff, 0x40, 0x0,
    0x0, 0xa, 0xff, 0xff, 0xc3, 0x0, 0x0, 0x18,
    0xff, 0xff, 0xe1, 0x0, 0x0, 0x4f, 0xff, 0xfa,
    0x0, 0x0, 0x0, 0x0, 0x4f, 0xff, 0xfa, 0x0,
    0x0, 0xbf, 0xff, 0xd0, 0x0, 0x0, 0x0, 0x0,
    0x7, 0xff, 0xff, 0x20, 0x2, 0xff, 0xff, 0x40,
    0x0, 0x0, 0x0, 0x0, 0x0, 0xdf, 0xff, 0x80,
    0x6, 0xff, 0xfe, 0x0, 0x0, 0x0, 0x0, 0x0,
    0x0, 0x7f, 0xff, 0xc0, 0xa, 0xff, 0xf9, 0x0,
    0x0, 0x0, 0x0, 0x0, 0x0, 0x2f, 0xff, 0xf0,
    0xd, 0xff, 0xf7, 0x0, 0x0, 0x0, 0x0, 0x0,
    0x0, 0xf, 0xff, 0xf3, 0xe, 0xff, 0xf5, 0x0,
    0x0, 0x0, 0x0, 0x0, 0x0, 0xd, 0xff, 0xf5,
    0xf, 0xff, 0xf3, 0x0, 0x0, 0x0, 0x0, 0x0,
    0x0, 0xc, 0xff, 0xf6, 0xf, 0xff, 0xf3, 0x0,
    0x0, 0x0, 0x0, 0x0, 0x0, 0xc, 0xff, 0xf6,
    0xf, 0xff, 0xf5, 0x0, 0x0, 0x0, 0x0, 0x0,
    0x0, 0xd, 0xff, 0xf5, 0xe, 0xff, 0xf7, 0x0,
    0x0, 0x0, 0x0, 0x0, 0x0, 0xe, 0xff, 0xf4,
    0xb, 0xff, 0xf9, 0x0, 0x0, 0x0, 0x0, 0x0,
    0x0, 0x1f, 0xff, 0xf2, 0x8, 0xff, 0xfc, 0x0,
    0x0, 0x0, 0x0, 0x0, 0x0, 0x5f, 0xff, 0xe0,
    0x4, 0xff, 0xff, 0x20, 0x0, 0x0, 0x0, 0x0,
    0x0, 0xbf, 0xff, 0xa0, 0x0, 0xdf, 0xff, 0xa0,
    0x0, 0x0, 0x0, 0x0, 0x3, 0xff, 0xff, 0x40,
    0x0, 0x7f, 0xff, 0xf5, 0x0, 0x0, 0x0, 0x0,
    0x1d, 0xff, 0xfd, 0x0, 0x0, 0xd, 0xff, 0xff,
    0x50, 0x0, 0x0, 0x2, 0xcf, 0xff, 0xf4, 0x0,
    0x0, 0x3, 0xff, 0xff, 0xfb, 0x53, 0x24, 0x9f,
    0xff, 0xff, 0x90, 0x0, 0x0, 0x0, 0x5f, 0xff,
    0xff, 0xff, 0xff, 0xff, 0xff, 0xfa, 0x0, 0x0,
    0x0, 0x0, 0x4, 0xdf, 0xff, 0xff, 0xff, 0xff,
    0xff, 0x80, 0x0, 0x0, 0x0, 0x0, 0x0, 0x7,
    0xdf, 0xff, 0xff, 0xff, 0xa2, 0x0, 0x0, 0x0,
    0x0, 0x0, 0x0, 0x0, 0x2, 0x56, 0x75, 0x40,
    0x0, 0x0, 0x0, 0x0,

    /* U+0050 "P" */
    0x9f, 0xff, 0xff, 0xff, 0xfd, 0xca, 0x72, 0x0,
    0x0, 0x9, 0xff, 0xff, 0xff, 0xff, 0xff, 0xff,
    0xfb, 0x20, 0x0, 0x9f, 0xff, 0xff, 0xff, 0xff,
    0xff, 0xff, 0xfe, 0x30, 0x9, 0xff, 0xfa, 0x55,
    0x56, 0x79, 0xef, 0xff, 0xfd, 0x0, 0x9f, 0xff,
    0x70, 0x0, 0x0, 0x0, 0x6f, 0xff, 0xf7, 0x9,
    0xff, 0xf7, 0x0, 0x0, 0x0, 0x0, 0x8f, 0xff,
    0xc0, 0x9f, 0xff, 0x70, 0x0, 0x0, 0x0, 0x3,
    0xff, 0xfe, 0x9, 0xff, 0xf7, 0x0, 0x0, 0x0,
    0x0, 0xf, 0xff, 0xf0, 0x9f, 0xff, 0x70, 0x0,
    0x0, 0x0, 0x1, 0xff, 0xff, 0x9, 0xff, 0xf7,
    0x0, 0x0, 0x0, 0x0, 0x4f, 0xff, 0xe0, 0x9f,
    0xff, 0x70, 0x0, 0x0, 0x0, 0xb, 0xff, 0xfa,
    0x9, 0xff, 0xf7, 0x0, 0x0, 0x0, 0x19, 0xff,
    0xff, 0x40, 0x9f, 0xff, 0xa5, 0x55, 0x68, 0xaf,
    0xff, 0xff, 0xa0, 0x9, 0xff, 0xff, 0xff, 0xff,
    0xff, 0xff, 0xff, 0xc0, 0x0, 0x9f, 0xff, 0xff,
    0xff, 0xff, 0xff, 0xff, 0x80, 0x0, 0x9, 0xff,
    0xff, 0xff, 0xff, 0xdb, 0x96, 0x10, 0x0, 0x0,
    0x9f, 0xff, 0x70, 0x0, 0x0, 0x0, 0x0, 0x0,
    0x0, 0x9, 0xff, 0xf7, 0x0, 0x0, 0x0, 0x0,
    0x0, 0x0, 0x0, 0x9f, 0xff, 0x70, 0x0, 0x0,
    0x0, 0x0, 0x0, 0x0, 0x9, 0xff, 0xf7, 0x0,
    0x0, 0x0, 0x0, 0x0, 0x0, 0x0, 0x9f, 0xff,
    0x70, 0x0, 0x0, 0x0, 0x0, 0x0, 0x0, 0x9,
    0xff, 0xf7, 0x0, 0x0, 0x0, 0x0, 0x0, 0x0,
    0x0, 0x9f, 0xff, 0x70, 0x0, 0x0, 0x0, 0x0,
    0x0, 0x0, 0x9, 0xff, 0xf7, 0x0, 0x0, 0x0,
    0x0, 0x0, 0x0, 0x0, 0x9f, 0xff, 0x70, 0x0,
    0x0, 0x0, 0x0, 0x0, 0x0, 0x9, 0xff, 0xf7,
    0x0, 0x0, 0x0, 0x0, 0x0, 0x0, 0x0,

    /* U+0051 "Q" */
    0x0, 0x0, 0x0, 0x0, 0x5a, 0xde, 0xfd, 0xc7,
    0x20, 0x0, 0x0, 0x0, 0x0, 0x0, 0x0, 0x6,
    0xef, 0xff, 0xff, 0xff, 0xff, 0xa1, 0x0, 0x0,
    0x0, 0x0, 0x0, 0xb, 0xff, 0xff, 0xff, 0xff,
    0xff, 0xff, 0xe3, 0x0, 0x0, 0x0, 0x0, 0xc,
    0xff, 0xff, 0xfd, 0xaa, 0xcf, 0xff, 0xff, 0xf3,
    0x0, 0x0, 0x0, 0x8, 0xff, 0xff, 0xc3, 0x0,
    0x0, 0x18, 0xff, 0xff, 0xe0, 0x0, 0x0, 0x3,
    0xff, 0xff, 0xb0, 0x0, 0x0, 0x0, 0x5, 0xff,
    0xff, 0x90, 0x0, 0x0, 0xaf, 0xff, 0xe0, 0x0,
    0x0, 0x0, 0x0, 0x8, 0xff, 0xff, 0x10, 0x0,
    0x1f, 0xff, 0xf5, 0x0, 0x0, 0x0, 0x0, 0x0,
    0xe, 0xff, 0xf7, 0x0, 0x6, 0xff, 0xfe, 0x0,
    0x0, 0x0, 0x0, 0x0, 0x0, 0x8f, 0xff, 0xc0,
    0x0, 0x9f, 0xff, 0xa0, 0x0, 0x0, 0x0, 0x0,
    0x0, 0x3, 0xff, 0xff, 0x0, 0xd, 0xff, 0xf8,
    0x0, 0x0, 0x0, 0x0, 0x0, 0x0, 0xf, 0xff,
    0xf3, 0x0, 0xef, 0xff, 0x60, 0x0, 0x0, 0x0,
    0x0, 0x0, 0x0, 0xdf, 0xff, 0x40, 0xf, 0xff,
    0xf4, 0x0, 0x0, 0x0, 0x0, 0x0, 0x0, 0xc,
    0xff, 0xf5, 0x0, 0xff, 0xff, 0x20, 0x0, 0x0,
    0x0, 0x0, 0x0, 0x0, 0xcf, 0xff, 0x60, 0xf,
    0xff, 0xf4, 0x0, 0x0, 0x0, 0x0, 0x0, 0x0,
    0xc, 0xff, 0xf5, 0x0, 0xef, 0xff, 0x60, 0x0,
    0x0, 0x0, 0x0, 0x0, 0x0, 0xdf, 0xff, 0x40,
    0xc, 0xff, 0xf8, 0x0, 0x0, 0x0, 0x0, 0x0,
    0x0, 0xf, 0xff, 0xf3, 0x0, 0x9f, 0xff, 0xa0,
    0x0, 0x0, 0x0, 0x0, 0x0, 0x3, 0xff, 0xff,
    0x0, 0x6, 0xff, 0xfe, 0x0, 0x0, 0x0, 0x0,
    0x0, 0x0, 0x8f, 0xff, 0xc0, 0x0, 0x1f, 0xff,
    0xf4, 0x0, 0x0, 0x0, 0x0, 0x0, 0xd, 0xff,
    0xf7, 0x0, 0x0, 0xaf, 0xff, 0xd0, 0x0, 0x0,
    0x0, 0x0, 0x6, 0xff, 0xff, 0x10, 0x0, 0x2,
    0xff, 0xff, 0x90, 0x0, 0x0, 0x0, 0x3, 0xff,
    0xff, 0x80, 0x0, 0x0, 0x9, 0xff, 0xff, 0x90,
    0x0, 0x0, 0x5, 0xef, 0xff, 0xe1, 0x0, 0x0,
    0x0, 0xc, 0xff, 0xff, 0xe9, 0x66, 0x8d, 0xff,
    0xff, 0xf3, 0x0, 0x0, 0x0, 0x0, 0x1b, 0xff,
    0xff, 0xff, 0xff, 0xff, 0xff, 0xe4, 0x0, 0x0,
    0x0, 0x0, 0x0, 0x8, 0xff, 0xff, 0xff, 0xff,
    0xff, 0xb2, 0x0, 0x0, 0x0, 0x0, 0x0, 0x0,
    0x1, 0x7b, 0xff, 0xff, 0xe9, 0x30, 0x0, 0x0,
    0x0, 0x0, 0x0, 0x0, 0x0, 0x0, 0x6, 0xff,
    0xff, 0x20, 0x0, 0x0, 0x0, 0x0, 0x0, 0x0,
    0x0, 0x0, 0x0, 0xc, 0xff, 0xfe, 0x30, 0x0,
    0x0, 0x0, 0x0, 0x0, 0x0, 0x0, 0x0, 0x0,
    0x3f, 0xff, 0xff, 0xa4, 0x10, 0x2, 0x20, 0x0,
    0x0, 0x0, 0x0, 0x0, 0x0, 0x3e, 0xff, 0xff,
    0xff, 0xff, 0xfb, 0x0, 0x0, 0x0, 0x0, 0x0,
    0x0, 0x0, 0x2c, 0xff, 0xff, 0xff, 0xff, 0xf0,
    0x0, 0x0, 0x0, 0x0, 0x0, 0x0, 0x0, 0x4,
    0xcf, 0xff, 0xff, 0xfe, 0x20, 0x0, 0x0, 0x0,
    0x0, 0x0, 0x0, 0x0, 0x0, 0x2, 0x46, 0x42,
    0x0,

    /* U+0052 "R" */
    0x9f, 0xff, 0xff, 0xff, 0xfe, 0xdb, 0x93, 0x0,
    0x0, 0x0, 0x9f, 0xff, 0xff, 0xff, 0xff, 0xff,
    0xff, 0xc4, 0x0, 0x0, 0x9f, 0xff, 0xff, 0xff,
    0xff, 0xff, 0xff, 0xff, 0x60, 0x0, 0x9f, 0xff,
    0xa5, 0x55, 0x56, 0x8d, 0xff, 0xff, 0xf2, 0x0,
    0x9f, 0xff, 0x70, 0x0, 0x0, 0x0, 0x4f, 0xff,
    0xf9, 0x0, 0x9f, 0xff, 0x70, 0x0, 0x0, 0x0,
    0x5, 0xff, 0xfe, 0x0, 0x9f, 0xff, 0x70, 0x0,
    0x0, 0x0, 0x1, 0xff, 0xff, 0x0, 0x9f, 0xff,
    0x70, 0x0, 0x0, 0x0, 0x0, 0xff, 0xff, 0x10,
    0x9f, 0xff, 0x70, 0x0, 0x0, 0x0, 0x1, 0xff,
    0xff, 0x0, 0x9f, 0xff, 0x70, 0x0, 0x0, 0x0,
    0x6, 0xff, 0xfd, 0x0, 0x9f, 0xff, 0x70, 0x0,
    0x0, 0x0, 0x2f, 0xff, 0xf8, 0x0, 0x9f, 0xff,
    0x70, 0x0, 0x2, 0x49, 0xff, 0xff, 0xf1, 0x0,
    0x9f, 0xff, 0xff, 0xff, 0xff, 0xff, 0xff, 0xff,
    0x50, 0x0, 0x9f, 0xff, 0xff, 0xff, 0xff, 0xff,
    0xff, 0xe4, 0x0, 0x0, 0x9f, 0xff, 0xff, 0xff,
    0xff, 0xff, 0xf6, 0x0, 0x0, 0x0, 0x9f, 0xff,
    0x94, 0x44, 0x6f, 0xff, 0xf2, 0x0, 0x0, 0x0,
    0x9f, 0xff, 0x70, 0x0, 0xb, 0xff, 0xfb, 0x0,
    0x0, 0x0, 0x9f, 0xff, 0x70, 0x0, 0x2, 0xff,
    0xff, 0x40, 0x0, 0x0, 0x9f, 0xff, 0x70, 0x0,
    0x0, 0x9f, 0xff, 0xd0, 0x0, 0x0, 0x9f, 0xff,
    0x70, 0x0, 0x0, 0x1f, 0xff, 0xf6, 0x0, 0x0,
    0x9f, 0xff, 0x70, 0x0, 0x0, 0x8, 0xff, 0xfe,
    0x0, 0x0, 0x9f, 0xff, 0x70, 0x0, 0x0, 0x0,
    0xef, 0xff, 0x80, 0x0, 0x9f, 0xff, 0x70, 0x0,
    0x0, 0x0, 0x6f, 0xff, 0xf1, 0x0, 0x9f, 0xff,
    0x70, 0x0, 0x0, 0x0, 0xd, 0xff, 0xfa, 0x0,
    0x9f, 0xff, 0x70, 0x0, 0x0, 0x0, 0x5, 0xff,
    0xff, 0x30, 0x9f, 0xff, 0x70, 0x0, 0x0, 0x0,
    0x0, 0xcf, 0xff, 0xc0,

    /* U+0053 "S" */
    0x0, 0x0, 0x0, 0x4a, 0xdf, 0xfd, 0xb6, 0x10,
    0x0, 0x0, 0x0, 0x3, 0xcf, 0xff, 0xff, 0xff,
    0xff, 0x91, 0x0, 0x0, 0x5, 0xff, 0xff, 0xff,
    0xff, 0xff, 0xff, 0xe3, 0x0, 0x3, 0xff, 0xff,
    0xfd, 0xaa, 0xbf, 0xff, 0xff, 0xa0, 0x0, 0xbf,
    0xff, 0xe4, 0x0, 0x0, 0x6, 0xef, 0xd0, 0x0,
    0x1f, 0xff, 0xf4, 0x0, 0x0, 0x0, 0x1, 0x92,
    0x0, 0x3, 0xff, 0xff, 0x0, 0x0, 0x0, 0x0,
    0x0, 0x0, 0x0, 0x2f, 0xff, 0xf1, 0x0, 0x0,
    0x0, 0x0, 0x0, 0x0, 0x0, 0xff, 0xff, 0x70,
    0x0, 0x0, 0x0, 0x0, 0x0, 0x0, 0xb, 0xff,
    0xff, 0x80, 0x0, 0x0, 0x0, 0x0, 0x0, 0x0,
    0x2f, 0xff, 0xff, 0xe8, 0x10, 0x0, 0x0, 0x0,
    0x0, 0x0, 0x6f, 0xff, 0xff, 0xff, 0xa4, 0x0,
    0x0, 0x0, 0x0, 0x0, 0x4e, 0xff, 0xff, 0xff,
    0xfd, 0x50, 0x0, 0x0, 0x0, 0x0, 0x7, 0xef,
    0xff, 0xff, 0xff, 0xc1, 0x0, 0x0, 0x0, 0x0,
    0x0, 0x5c, 0xff, 0xff, 0xff, 0xe2, 0x0, 0x0,
    0x0, 0x0, 0x0, 0x3, 0xaf, 0xff, 0xff, 0xc0,
    0x0, 0x0, 0x0, 0x0, 0x0, 0x0, 0x2c, 0xff,
    0xff, 0x50, 0x0, 0x0, 0x0, 0x0, 0x0, 0x0,
    0x1d, 0xff, 0xf8, 0x0, 0x0, 0x0, 0x0, 0x0,
    0x0, 0x0, 0x8f, 0xff, 0xb0, 0x0, 0x0, 0x0,
    0x0, 0x0, 0x0, 0x6, 0xff, 0xfc, 0x0, 0x96,
    0x0, 0x0, 0x0, 0x0, 0x0, 0xaf, 0xff, 0xa0,
    0x7f, 0xfa, 0x20, 0x0, 0x0, 0x0, 0x4f, 0xff,
    0xf5, 0x2f, 0xff, 0xff, 0xb6, 0x42, 0x35, 0xaf,
    0xff, 0xfd, 0x0, 0x6f, 0xff, 0xff, 0xff, 0xff,
    0xff, 0xff, 0xff, 0x30, 0x0, 0x4d, 0xff, 0xff,
    0xff, 0xff, 0xff, 0xfe, 0x30, 0x0, 0x0, 0x5,
    0xbf, 0xff, 0xff, 0xff, 0xe7, 0x10, 0x0, 0x0,
    0x0, 0x0, 0x14, 0x67, 0x75, 0x20, 0x0, 0x0,
    0x0,

    /* U+0054 "T" */
    0xef, 0xff, 0xff, 0xff, 0xff, 0xff, 0xff, 0xff,
    0xff, 0xf4, 0xef, 0xff, 0xff, 0xff, 0xff, 0xff,
    0xff, 0xff, 0xff, 0xf4, 0xef, 0xff, 0xff, 0xff,
    0xff, 0xff, 0xff, 0xff, 0xff, 0xf4, 0x67, 0x77,
    0x77, 0x7a, 0xff, 0xfd, 0x77, 0x77, 0x77, 0x72,
    0x0, 0x0, 0x0, 0x6, 0xff, 0xfb, 0x0, 0x0,
    0x0, 0x0, 0x0, 0x0, 0x0, 0x6, 0xff, 0xfb,
    0x0, 0x0, 0x0, 0x0, 0x0, 0x0, 0x0, 0x6,
    0xff, 0xfb, 0x0, 0x0, 0x0, 0x0, 0x0, 0x0,
    0x0, 0x6, 0xff, 0xfb, 0x0, 0x0, 0x0, 0x0,
    0x0, 0x0, 0x0, 0x6, 0xff, 0xfb, 0x0, 0x0,
    0x0, 0x0, 0x0, 0x0, 0x0, 0x6, 0xff, 0xfb,
    0x0, 0x0, 0x0, 0x0, 0x0, 0x0, 0x0, 0x6,
    0xff, 0xfb, 0x0, 0x0, 0x0, 0x0, 0x0, 0x0,
    0x0, 0x6, 0xff, 0xfb, 0x0, 0x0, 0x0, 0x0,
    0x0, 0x0, 0x0, 0x6, 0xff, 0xfb, 0x0, 0x0,
    0x0, 0x0, 0x0, 0x0, 0x0, 0x6, 0xff, 0xfb,
    0x0, 0x0, 0x0, 0x0, 0x0, 0x0, 0x0, 0x6,
    0xff, 0xfb, 0x0, 0x0, 0x0, 0x0, 0x0, 0x0,
    0x0, 0x6, 0xff, 0xfb, 0x0, 0x0, 0x0, 0x0,
    0x0, 0x0, 0x0, 0x6, 0xff, 0xfb, 0x0, 0x0,
    0x0, 0x0, 0x0, 0x0, 0x0, 0x6, 0xff, 0xfb,
    0x0, 0x0, 0x0, 0x0, 0x0, 0x0, 0x0, 0x6,
    0xff, 0xfb, 0x0, 0x0, 0x0, 0x0, 0x0, 0x0,
    0x0, 0x6, 0xff, 0xfb, 0x0, 0x0, 0x0, 0x0,
    0x0, 0x0, 0x0, 0x6, 0xff, 0xfb, 0x0, 0x0,
    0x0, 0x0, 0x0, 0x0, 0x0, 0x6, 0xff, 0xfb,
    0x0, 0x0, 0x0, 0x0, 0x0, 0x0, 0x0, 0x6,
    0xff, 0xfb, 0x0, 0x0, 0x0, 0x0, 0x0, 0x0,
    0x0, 0x6, 0xff, 0xfb, 0x0, 0x0, 0x0, 0x0,
    0x0, 0x0, 0x0, 0x6, 0xff, 0xfb, 0x0, 0x0,
    0x0, 0x0, 0x0, 0x0, 0x0, 0x6, 0xff, 0xfb,
    0x0, 0x0, 0x0, 0x0,

    /* U+0055 "U" */
    0xbf, 0xff, 0x40, 0x0, 0x0, 0x0, 0x0, 0x8,
    0xff, 0xf6, 0xbf, 0xff, 0x40, 0x0, 0x0, 0x0,
    0x0, 0x8, 0xff, 0xf6, 0xbf, 0xff, 0x40, 0x0,
    0x0, 0x0, 0x0, 0x8, 0xff, 0xf6, 0xbf, 0xff,
    0x40, 0x0, 0x0, 0x0, 0x0, 0x8, 0xff, 0xf6,
    0xbf, 0xff, 0x40, 0x0, 0x0, 0x0, 0x0, 0x8,
    0xff, 0xf6, 0xbf, 0xff, 0x40, 0x0, 0x0, 0x0,
    0x0, 0x8, 0xff, 0xf6, 0xbf, 0xff, 0x40, 0x0,
    0x0, 0x0, 0x0, 0x8, 0xff, 0xf6, 0xbf, 0xff,
    0x40, 0x0, 0x0, 0x0, 0x0, 0x8, 0xff, 0xf6,
    0xbf, 0xff, 0x40, 0x0, 0x0, 0x0, 0x0, 0x8,
    0xff, 0xf6, 0xbf, 0xff, 0x40, 0x0, 0x0, 0x0,
    0x0, 0x8, 0xff, 0xf6, 0xbf, 0xff, 0x40, 0x0,
    0x0, 0x0, 0x0, 0x8, 0xff, 0xf6, 0xbf, 0xff,
    0x40, 0x0, 0x0, 0x0, 0x0, 0x8, 0xff, 0xf6,
    0xbf, 0xff, 0x40, 0x0, 0x0, 0x0, 0x0, 0x8,
    0xff, 0xf6, 0xbf, 0xff, 0x40, 0x0, 0x0, 0x0,
    0x0, 0x8, 0xff, 0xf6, 0xbf, 0xff, 0x40, 0x0,
    0x0, 0x0, 0x0, 0x8, 0xff, 0xf6, 0xbf, 0xff,
    0x50, 0x0, 0x0, 0x0, 0x0, 0x8, 0xff, 0xf6,
    0xaf, 0xff, 0x50, 0x0, 0x0, 0x0, 0x0, 0x9,
    0xff, 0xf4, 0x9f, 0xff, 0x70, 0x0, 0x0, 0x0,
    0x0, 0xa, 0xff, 0xf4, 0x7f, 0xff, 0xa0, 0x0,
    0x0, 0x0, 0x0, 0xd, 0xff, 0xf1, 0x3f, 0xff,
    0xe0, 0x0, 0x0, 0x0, 0x0, 0x2f, 0xff, 0xe0,
    0xf, 0xff, 0xf6, 0x0, 0x0, 0x0, 0x0, 0xaf,
    0xff, 0xa0, 0x9, 0xff, 0xff, 0x30, 0x0, 0x0,
    0x6, 0xff, 0xff, 0x30, 0x2, 0xff, 0xff, 0xf9,
    0x52, 0x36, 0xbf, 0xff, 0xfb, 0x0, 0x0, 0x6f,
    0xff, 0xff, 0xff, 0xff, 0xff, 0xff, 0xe1, 0x0,
    0x0, 0x6, 0xff, 0xff, 0xff, 0xff, 0xff, 0xfe,
    0x20, 0x0, 0x0, 0x0, 0x2a, 0xff, 0xff, 0xff,
    0xfe, 0x81, 0x0, 0x0, 0x0, 0x0, 0x0, 0x4,
    0x67, 0x76, 0x30, 0x0, 0x0, 0x0,

    /* U+0056 "V" */
    0xe, 0xff, 0xf5, 0x0, 0x0, 0x0, 0x0, 0x0,
    0x6, 0xff, 0xfb, 0x9, 0xff, 0xfa, 0x0, 0x0,
    0x0, 0x0, 0x0, 0xb, 0xff, 0xf6, 0x4, 0xff,
    0xfe, 0x0, 0x0, 0x0, 0x0, 0x0, 0xf, 0xff,
    0xf1, 0x0, 0xff, 0xff, 0x20, 0x0, 0x0, 0x0,
    0x0, 0x4f, 0xff, 0xc0, 0x0, 0xbf, 0xff, 0x70,
    0x0, 0x0, 0x0, 0x0, 0x9f, 0xff, 0x70, 0x0,
    0x6f, 0xff, 0xb0, 0x0, 0x0, 0x0, 0x0, 0xef,
    0xff, 0x20, 0x0, 0x1f, 0xff, 0xf0, 0x0, 0x0,
    0x0, 0x2, 0xff, 0xfd, 0x0, 0x0, 0xc, 0xff,
    0xf4, 0x0, 0x0, 0x0, 0x7, 0xff, 0xf8, 0x0,
    0x0, 0x7, 0xff, 0xf8, 0x0, 0x0, 0x0, 0xc,
    0xff, 0xf3, 0x0, 0x0, 0x2, 0xff, 0xfc, 0x0,
    0x0, 0x0, 0x1f, 0xff, 0xd0, 0x0, 0x0, 0x0,
    0xdf, 0xff, 0x10, 0x0, 0x0, 0x5f, 0xff, 0x80,
    0x0, 0x0, 0x0, 0x8f, 0xff, 0x50, 0x0, 0x0,
    0xaf, 0xff, 0x30, 0x0, 0x0, 0x0, 0x3f, 0xff,
    0x90, 0x0, 0x0, 0xef, 0xfe, 0x0, 0x0, 0x0,
    0x0, 0xe, 0xff, 0xe0, 0x0, 0x3, 0xff, 0xf9,
    0x0, 0x0, 0x0, 0x0, 0xa, 0xff, 0xf2, 0x0,
    0x8, 0xff, 0xf4, 0x0, 0x0, 0x0, 0x0, 0x5,
    0xff, 0xf7, 0x0, 0xc, 0xff, 0xf0, 0x0, 0x0,
    0x0, 0x0, 0x0, 0xff, 0xfb, 0x0, 0x1f, 0xff,
    0xa0, 0x0, 0x0, 0x0, 0x0, 0x0, 0xbf, 0xff,
    0x0, 0x5f, 0xff, 0x50, 0x0, 0x0, 0x0, 0x0,
    0x0, 0x6f, 0xff, 0x40, 0xaf, 0xff, 0x0, 0x0,
    0x0, 0x0, 0x0, 0x0, 0x1f, 0xff, 0x80, 0xef,
    0xfb, 0x0, 0x0, 0x0, 0x0, 0x0, 0x0, 0xc,
    0xff, 0xd3, 0xff, 0xf6, 0x0, 0x0, 0x0, 0x0,
    0x0, 0x0, 0x7, 0xff, 0xf9, 0xff, 0xf1, 0x0,
    0x0, 0x0, 0x0, 0x0, 0x0, 0x3, 0xff, 0xff,
    0xff, 0xb0, 0x0, 0x0, 0x0, 0x0, 0x0, 0x0,
    0x0, 0xef, 0xff, 0xff, 0x60, 0x0, 0x0, 0x0,
    0x0, 0x0, 0x0, 0x0, 0x9f, 0xff, 0xff, 0x10,
    0x0, 0x0, 0x0, 0x0, 0x0, 0x0, 0x0, 0x4f,
    0xff, 0xfc, 0x0, 0x0, 0x0, 0x0,

    /* U+0057 "W" */
    0x1f, 0xff, 0xf0, 0x0, 0x0, 0x0, 0x2, 0xff,
    0xfa, 0x0, 0x0, 0x0, 0x0, 0x8f, 0xff, 0x50,
    0xef, 0xff, 0x30, 0x0, 0x0, 0x0, 0x6f, 0xff,
    0xe0, 0x0, 0x0, 0x0, 0xb, 0xff, 0xf2, 0xb,
    0xff, 0xf6, 0x0, 0x0, 0x0, 0xa, 0xff, 0xff,
    0x20, 0x0, 0x0, 0x0, 0xef, 0xff, 0x0, 0x7f,
    0xff, 0x90, 0x0, 0x0, 0x0, 0xef, 0xff, 0xf6,
    0x0, 0x0, 0x0, 0x1f, 0xff, 0xc0, 0x4, 0xff,
    0xfb, 0x0, 0x0, 0x0, 0x2f, 0xff, 0xff, 0xa0,
    0x0, 0x0, 0x4, 0xff, 0xf8, 0x0, 0x1f, 0xff,
    0xe0, 0x0, 0x0, 0x6, 0xff, 0xef, 0xfe, 0x0,
    0x0, 0x0, 0x7f, 0xff, 0x50, 0x0, 0xef, 0xff,
    0x10, 0x0, 0x0, 0xaf, 0xf8, 0xff, 0xf2, 0x0,
    0x0, 0xa, 0xff, 0xf2, 0x0, 0xb, 0xff, 0xf4,
    0x0, 0x0, 0xe, 0xff, 0x2f, 0xff, 0x50, 0x0,
    0x0, 0xdf, 0xff, 0x0, 0x0, 0x8f, 0xff, 0x70,
    0x0, 0x2, 0xff, 0xf0, 0xcf, 0xf9, 0x0, 0x0,
    0xf, 0xff, 0xc0, 0x0, 0x4, 0xff, 0xf9, 0x0,
    0x0, 0x6f, 0xfb, 0x9, 0xff, 0xd0, 0x0, 0x3,
    0xff, 0xf9, 0x0, 0x0, 0x1f, 0xff, 0xc0, 0x0,
    0xa, 0xff, 0x80, 0x6f, 0xff, 0x10, 0x0, 0x6f,
    0xff, 0x50, 0x0, 0x0, 0xef, 0xff, 0x0, 0x0,
    0xef, 0xf5, 0x2, 0xff, 0xf5, 0x0, 0x9, 0xff,
    0xf2, 0x0, 0x0, 0xb, 0xff, 0xf2, 0x0, 0x2f,
    0xff, 0x10, 0xf, 0xff, 0x90, 0x0, 0xcf, 0xff,
    0x0, 0x0, 0x0, 0x8f, 0xff, 0x40, 0x6, 0xff,
    0xd0, 0x0, 0xbf, 0xfd, 0x0, 0xf, 0xff, 0xc0,
    0x0, 0x0, 0x5, 0xff, 0xf7, 0x0, 0xaf, 0xf9,
    0x0, 0x7, 0xff, 0xf0, 0x1, 0xff, 0xf9, 0x0,
    0x0, 0x0, 0x1f, 0xff, 0xa0, 0xd, 0xff, 0x50,
    0x0, 0x3f, 0xff, 0x30, 0x4f, 0xff, 0x60, 0x0,
    0x0, 0x0, 0xef, 0xfc, 0x0, 0xff, 0xf2, 0x0,
    0x0, 0xff, 0xf7, 0x6, 0xff, 0xf3, 0x0, 0x0,
    0x0, 0xb, 0xff, 0xf0, 0x3f, 0xfe, 0x0, 0x0,
    0xb, 0xff, 0xa0, 0x9f, 0xff, 0x0, 0x0, 0x0,
    0x0, 0x8f, 0xff, 0x27, 0xff, 0xa0, 0x0, 0x0,
    0x8f, 0xfd, 0xb, 0xff, 0xc0, 0x0, 0x0, 0x0,
    0x5, 0xff, 0xf4, 0xaf, 0xf6, 0x0, 0x0, 0x4,
    0xff, 0xf1, 0xef, 0xf9, 0x0, 0x0, 0x0, 0x0,
    0x2f, 0xff, 0x7d, 0xff, 0x20, 0x0, 0x0, 0xf,
    0xff, 0x5f, 0xff, 0x60, 0x0, 0x0, 0x0, 0x0,
    0xef, 0xfb, 0xff, 0xe0, 0x0, 0x0, 0x0, 0xcf,
    0xfb, 0xff, 0xf3, 0x0, 0x0, 0x0, 0x0, 0xb,
    0xff, 0xff, 0xfa, 0x0, 0x0, 0x0, 0x8, 0xff,
    0xff, 0xff, 0x0, 0x0, 0x0, 0x0, 0x0, 0x8f,
    0xff, 0xff, 0x70, 0x0, 0x0, 0x0, 0x4f, 0xff,
    0xff, 0xc0, 0x0, 0x0, 0x0, 0x0, 0x5, 0xff,
    0xff, 0xf3, 0x0, 0x0, 0x0, 0x1, 0xff, 0xff,
    0xf9, 0x0, 0x0, 0x0, 0x0, 0x0, 0x2f, 0xff,
    0xff, 0x0, 0x0, 0x0, 0x0, 0xd, 0xff, 0xff,
    0x60, 0x0, 0x0,

    /* U+0058 "X" */
    0xb, 0xff, 0xfc, 0x0, 0x0, 0x0, 0x0, 0xa,
    0xff, 0xf9, 0x0, 0x2f, 0xff, 0xf4, 0x0, 0x0,
    0x0, 0x2, 0xff, 0xff, 0x10, 0x0, 0x9f, 0xff,
    0xc0, 0x0, 0x0, 0x0, 0xaf, 0xff, 0x70, 0x0,
    0x1, 0xff, 0xff, 0x40, 0x0, 0x0, 0x2f, 0xff,
    0xe0, 0x0, 0x0, 0x8, 0xff, 0xfd, 0x0, 0x0,
    0xa, 0xff, 0xf6, 0x0, 0x0, 0x0, 0xe, 0xff,
    0xf5, 0x0, 0x2, 0xff, 0xfd, 0x0, 0x0, 0x0,
    0x0, 0x6f, 0xff, 0xd0, 0x0, 0xaf, 0xff, 0x50,
    0x0, 0x0, 0x0, 0x0, 0xdf, 0xff, 0x50, 0x2f,
    0xff, 0xc0, 0x0, 0x0, 0x0, 0x0, 0x5, 0xff,
    0xfd, 0x8, 0xff, 0xf4, 0x0, 0x0, 0x0, 0x0,
    0x0, 0xc, 0xff, 0xf6, 0xff, 0xfb, 0x0, 0x0,
    0x0, 0x0, 0x0, 0x0, 0x3f, 0xff, 0xff, 0xff,
    0x20, 0x0, 0x0, 0x0, 0x0, 0x0, 0x0, 0xaf,
    0xff, 0xff, 0xa0, 0x0, 0x0, 0x0, 0x0, 0x0,
    0x0, 0x3, 0xff, 0xff, 0xf2, 0x0, 0x0, 0x0,
    0x0, 0x0, 0x0, 0x0, 0x9f, 0xff, 0xff, 0x50,
    0x0, 0x0, 0x0, 0x0, 0x0, 0x0, 0x2f, 0xff,
    0xff, 0xfe, 0x0, 0x0, 0x0, 0x0, 0x0, 0x0,
    0xa, 0xff, 0xfb, 0xff, 0xf7, 0x0, 0x0, 0x0,
    0x0, 0x0, 0x3, 0xff, 0xf9, 0x2f, 0xff, 0xf1,
    0x0, 0x0, 0x0, 0x0, 0x0, 0xcf, 0xff, 0x20,
    0x9f, 0xff, 0x90, 0x0, 0x0, 0x0, 0x0, 0x5f,
    0xff, 0xa0, 0x2, 0xff, 0xff, 0x20, 0x0, 0x0,
    0x0, 0xd, 0xff, 0xf2, 0x0, 0x9, 0xff, 0xfb,
    0x0, 0x0, 0x0, 0x6, 0xff, 0xfa, 0x0, 0x0,
    0x1f, 0xff, 0xf4, 0x0, 0x0, 0x0, 0xef, 0xff,
    0x20, 0x0, 0x0, 0x8f, 0xff, 0xc0, 0x0, 0x0,
    0x8f, 0xff, 0xa0, 0x0, 0x0, 0x1, 0xff, 0xff,
    0x60, 0x0, 0x1f, 0xff, 0xf2, 0x0, 0x0, 0x0,
    0x8, 0xff, 0xfe, 0x0, 0x9, 0xff, 0xf9, 0x0,
    0x0, 0x0, 0x0, 0xe, 0xff, 0xf7, 0x2, 0xff,
    0xff, 0x20, 0x0, 0x0, 0x0, 0x0, 0x7f, 0xff,
    0xf1,

    /* U+0059 "Y" */
    0xd, 0xff, 0xf7, 0x0, 0x0, 0x0, 0x0, 0x0,
    0xff, 0xff, 0x30, 0x6f, 0xff, 0xd0, 0x0, 0x0,
    0x0, 0x0, 0x6f, 0xff, 0xb0, 0x0, 0xef, 0xff,
    0x40, 0x0, 0x0, 0x0, 0xd, 0xff, 0xf4, 0x0,
    0x7, 0xff, 0xfb, 0x0, 0x0, 0x0, 0x4, 0xff,
    0xfc, 0x0, 0x0, 0xe, 0xff, 0xf2, 0x0, 0x0,
    0x0, 0xbf, 0xff, 0x40, 0x0, 0x0, 0x7f, 0xff,
    0x90, 0x0, 0x0, 0x2f, 0xff, 0xc0, 0x0, 0x0,
    0x0, 0xff, 0xff, 0x10, 0x0, 0x9, 0xff, 0xf5,
    0x0, 0x0, 0x0, 0x8, 0xff, 0xf7, 0x0, 0x1,
    0xff, 0xfd, 0x0, 0x0, 0x0, 0x0, 0x1f, 0xff,
    0xd0, 0x0, 0x7f, 0xff, 0x50, 0x0, 0x0, 0x0,
    0x0, 0x9f, 0xff, 0x40, 0xe, 0xff, 0xe0, 0x0,
    0x0, 0x0, 0x0, 0x1, 0xff, 0xfb, 0x5, 0xff,
    0xf6, 0x0, 0x0, 0x0, 0x0, 0x0, 0x9, 0xff,
    0xf2, 0xcf, 0xfe, 0x0, 0x0, 0x0, 0x0, 0x0,
    0x0, 0x2f, 0xff, 0xbf, 0xff, 0x70, 0x0, 0x0,
    0x0, 0x0, 0x0, 0x0, 0xaf, 0xff, 0xff, 0xe0,
    0x0, 0x0, 0x0, 0x0, 0x0, 0x0, 0x2, 0xff,
    0xff, 0xf7, 0x0, 0x0, 0x0, 0x0, 0x0, 0x0,
    0x0, 0xb, 0xff, 0xff, 0x10, 0x0, 0x0, 0x0,
    0x0, 0x0, 0x0, 0x0, 0x6f, 0xff, 0xb0, 0x0,
    0x0, 0x0, 0x0, 0x0, 0x0, 0x0, 0x5, 0xff,
    0xfa, 0x0, 0x0, 0x0, 0x0, 0x0, 0x0, 0x0,
    0x0, 0x5f, 0xff, 0xa0, 0x0, 0x0, 0x0, 0x0,
    0x0, 0x0, 0x0, 0x5, 0xff, 0xfa, 0x0, 0x0,
    0x0, 0x0, 0x0, 0x0, 0x0, 0x0, 0x5f, 0xff,
    0xa0, 0x0, 0x0, 0x0, 0x0, 0x0, 0x0, 0x0,
    0x5, 0xff, 0xfa, 0x0, 0x0, 0x0, 0x0, 0x0,
    0x0, 0x0, 0x0, 0x5f, 0xff, 0xa0, 0x0, 0x0,
    0x0, 0x0, 0x0, 0x0, 0x0, 0x5, 0xff, 0xfa,
    0x0, 0x0, 0x0, 0x0, 0x0, 0x0, 0x0, 0x0,
    0x5f, 0xff, 0xa0, 0x0, 0x0, 0x0, 0x0, 0x0,
    0x0, 0x0, 0x5, 0xff, 0xfa, 0x0, 0x0, 0x0,
    0x0,

    /* U+005A "Z" */
    0x2, 0xff, 0xff, 0xff, 0xff, 0xff, 0xff, 0xff,
    0xff, 0x80, 0x2f, 0xff, 0xff, 0xff, 0xff, 0xff,
    0xff, 0xff, 0xf8, 0x2, 0xff, 0xff, 0xff, 0xff,
    0xff, 0xff, 0xff, 0xff, 0x70, 0x17, 0x77, 0x77,
    0x77, 0x77, 0x77, 0xcf, 0xff, 0xd0, 0x0, 0x0,
    0x0, 0x0, 0x0, 0x0, 0x2f, 0xff, 0xf4, 0x0,
    0x0, 0x0, 0x0, 0x0, 0x0, 0xc, 0xff, 0xf9,
    0x0, 0x0, 0x0, 0x0, 0x0, 0x0, 0x6, 0xff,
    0xfe, 0x10, 0x0, 0x0, 0x0, 0x0, 0x0, 0x1,
    0xff, 0xff, 0x50, 0x0, 0x0, 0x0, 0x0, 0x0,
    0x0, 0xbf, 0xff, 0xb0, 0x0, 0x0, 0x0, 0x0,
    0x0, 0x0, 0x5f, 0xff, 0xf1, 0x0, 0x0, 0x0,
    0x0, 0x0, 0x0, 0x1e, 0xff, 0xf6, 0x0, 0x0,
    0x0, 0x0, 0x0, 0x0, 0xa, 0xff, 0xfc, 0x0,
    0x0, 0x0, 0x0, 0x0, 0x0, 0x4, 0xff, 0xff,
    0x20, 0x0, 0x0, 0x0, 0x0, 0x0, 0x0, 0xdf,
    0xff, 0x70, 0x0, 0x0, 0x0, 0x0, 0x0, 0x0,
    0x9f, 0xff, 0xc0, 0x0, 0x0, 0x0, 0x0, 0x0,
    0x0, 0x3f, 0xff, 0xf3, 0x0, 0x0, 0x0, 0x0,
    0x0, 0x0, 0xd, 0xff, 0xf8, 0x0, 0x0, 0x0,
    0x0, 0x0, 0x0, 0x7, 0xff, 0xfd, 0x0, 0x0,
    0x0, 0x0, 0x0, 0x0, 0x2, 0xff, 0xff, 0x40,
    0x0, 0x0, 0x0, 0x0, 0x0, 0x0, 0xcf, 0xff,
    0x90, 0x0, 0x0, 0x0, 0x0, 0x0, 0x0, 0x6f,
    0xff, 0xe1, 0x0, 0x0, 0x0, 0x0, 0x0, 0x0,
    0x1f, 0xff, 0xf5, 0x0, 0x0, 0x0, 0x0, 0x0,
    0x0, 0xb, 0xff, 0xfe, 0x88, 0x88, 0x88, 0x88,
    0x88, 0x88, 0x54, 0xff, 0xff, 0xff, 0xff, 0xff,
    0xff, 0xff, 0xff, 0xfb, 0x5f, 0xff, 0xff, 0xff,
    0xff, 0xff, 0xff, 0xff, 0xff, 0xb5, 0xff, 0xff,
    0xff, 0xff, 0xff, 0xff, 0xff, 0xff, 0xfb,

    /* U+0061 "a" */
    0x0, 0x0, 0x4, 0x9c, 0xef, 0xec, 0x70, 0x0,
    0x0, 0x0, 0x5d, 0xff, 0xff, 0xff, 0xff, 0xe2,
    0x0, 0x1, 0xdf, 0xff, 0xff, 0xff, 0xff, 0xff,
    0xe0, 0x0, 0xc, 0xff, 0xfb, 0x75, 0x7b, 0xff,
    0xff, 0x60, 0x0, 0x3f, 0x91, 0x0, 0x0, 0x8,
    0xff, 0xfe, 0x0, 0x0, 0x10, 0x0, 0x0, 0x0,
    0xe, 0xff, 0xf2, 0x0, 0x0, 0x0, 0x0, 0x0,
    0x0, 0xbf, 0xff, 0x40, 0x0, 0x0, 0x0, 0x0,
    0x2, 0x5c, 0xff, 0xf5, 0x0, 0x0, 0x0, 0x49,
    0xcf, 0xff, 0xff, 0xff, 0x70, 0x0, 0x7, 0xef,
    0xff, 0xff, 0xff, 0xff, 0xf7, 0x0, 0x2d, 0xff,
    0xff, 0xea, 0x74, 0xaf, 0xff, 0x70, 0x1e, 0xff,
    0xfc, 0x40, 0x0, 0x8, 0xff, 0xf7, 0x9, 0xff,
    0xfa, 0x0, 0x0, 0x0, 0x8f, 0xff, 0x70, 0xef,
    0xff, 0x10, 0x0, 0x0, 0x8, 0xff, 0xf7, 0xf,
    0xff, 0xd0, 0x0, 0x0, 0x0, 0x9f, 0xff, 0x70,
    0xff, 0xff, 0x0, 0x0, 0x0, 0x4f, 0xff, 0xf7,
    0xc, 0xff, 0xfa, 0x0, 0x1, 0x9f, 0xff, 0xff,
    0x70, 0x6f, 0xff, 0xff, 0xcd, 0xff, 0xfe, 0xff,
    0xf7, 0x0, 0xcf, 0xff, 0xff, 0xff, 0xf9, 0x1f,
    0xff, 0x70, 0x0, 0x9f, 0xff, 0xff, 0xd4, 0x0,
    0xef, 0xf7, 0x0, 0x0, 0x14, 0x76, 0x30, 0x0,
    0x0, 0x0, 0x0,

    /* U+0062 "b" */
    0xff, 0xff, 0x0, 0x0, 0x0, 0x0, 0x0, 0x0,
    0x0, 0xff, 0xff, 0x0, 0x0, 0x0, 0x0, 0x0,
    0x0, 0x0, 0xff, 0xff, 0x0, 0x0, 0x0, 0x0,
    0x0, 0x0, 0x0, 0xff, 0xff, 0x0, 0x0, 0x0,
    0x0, 0x0, 0x0, 0x0, 0xff, 0xff, 0x0, 0x0,
    0x0, 0x0, 0x0, 0x0, 0x0, 0xff, 0xff, 0x0,
    0x0, 0x0, 0x0, 0x0, 0x0, 0x0, 0xff, 0xff,
    0x0, 0x0, 0x0, 0x0, 0x0, 0x0, 0x0, 0xff,
    0xff, 0x0, 0x0, 0x0, 0x0, 0x0, 0x0, 0x0,
    0xff, 0xff, 0x0, 0x29, 0xdf, 0xec, 0x60, 0x0,
    0x0, 0xff, 0xff, 0x7, 0xff, 0xff, 0xff, 0xfd,
    0x30, 0x0, 0xff, 0xff, 0xcf, 0xff, 0xff, 0xff,
    0xff, 0xe2, 0x0, 0xff, 0xff, 0xff, 0xe9, 0x79,
    0xdf, 0xff, 0xfc, 0x0, 0xff, 0xff, 0xf9, 0x0,
    0x0, 0x9, 0xff, 0xff, 0x40, 0xff, 0xff, 0x60,
    0x0, 0x0, 0x0, 0xcf, 0xff, 0xa0, 0xff, 0xff,
    0x0, 0x0, 0x0, 0x0, 0x6f, 0xff, 0xe0, 0xff,
    0xff, 0x0, 0x0, 0x0, 0x0, 0x1f, 0xff, 0xf1,
    0xff, 0xff, 0x0, 0x0, 0x0, 0x0, 0xf, 0xff,
    0xf3, 0xff, 0xff, 0x0, 0x0, 0x0, 0x0, 0xe,
    0xff, 0xf4, 0xff, 0xff, 0x0, 0x0, 0x0, 0x0,
    0xe, 0xff, 0xf4, 0xff, 0xff, 0x0, 0x0, 0x0,
    0x0, 0xf, 0xff, 0xf2, 0xff, 0xff, 0x0, 0x0,
    0x0, 0x0, 0x2f, 0xff, 0xf1, 0xff, 0xff, 0x0,
    0x0, 0x0, 0x0, 0x7f, 0xff, 0xd0, 0xff, 0xff,
    0x0, 0x0, 0x0, 0x0, 0xef, 0xff, 0x80, 0xff,
    0xff, 0x50, 0x0, 0x0, 0x9, 0xff, 0xff, 0x20,
    0xff, 0xff, 0xfb, 0x41, 0x3, 0xaf, 0xff, 0xf9,
    0x0, 0xff, 0xff, 0xff, 0xff, 0xff, 0xff, 0xff,
    0xd0, 0x0, 0xff, 0xf8, 0xaf, 0xff, 0xff, 0xff,
    0xfd, 0x10, 0x0, 0xff, 0xf5, 0x5, 0xef, 0xff,
    0xff, 0x90, 0x0, 0x0, 0x0, 0x0, 0x0, 0x4,
    0x77, 0x50, 0x0, 0x0, 0x0,

    /* U+0063 "c" */
    0x0, 0x0, 0x0, 0x49, 0xde, 0xfd, 0xa4, 0x0,
    0x0, 0x0, 0x2, 0xcf, 0xff, 0xff, 0xff, 0xfa,
    0x10, 0x0, 0x4, 0xff, 0xff, 0xff, 0xff, 0xff,
    0xf8, 0x0, 0x2, 0xff, 0xff, 0xfc, 0x96, 0x9d,
    0xfc, 0x0, 0x0, 0xdf, 0xff, 0xf6, 0x0, 0x0,
    0x7, 0x20, 0x0, 0x5f, 0xff, 0xf4, 0x0, 0x0,
    0x0, 0x0, 0x0, 0xb, 0xff, 0xfc, 0x0, 0x0,
    0x0, 0x0, 0x0, 0x0, 0xff, 0xff, 0x40, 0x0,
    0x0, 0x0, 0x0, 0x0, 0x2f, 0xff, 0xf1, 0x0,
    0x0, 0x0, 0x0, 0x0, 0x3, 0xff, 0xff, 0x0,
    0x0, 0x0, 0x0, 0x0, 0x0, 0x4f, 0xff, 0xe0,
    0x0, 0x0, 0x0, 0x0, 0x0, 0x3, 0xff, 0xff,
    0x0, 0x0, 0x0, 0x0, 0x0, 0x0, 0x1f, 0xff,
    0xf2, 0x0, 0x0, 0x0, 0x0, 0x0, 0x0, 0xef,
    0xff, 0x70, 0x0, 0x0, 0x0, 0x0, 0x0, 0x9,
    0xff, 0xfe, 0x0, 0x0, 0x0, 0x0, 0x0, 0x0,
    0x2f, 0xff, 0xfa, 0x0, 0x0, 0x0, 0x4, 0x0,
    0x0, 0xaf, 0xff, 0xfd, 0x41, 0x2, 0x5e, 0xf2,
    0x0, 0x0, 0xdf, 0xff, 0xff, 0xff, 0xff, 0xff,
    0xc0, 0x0, 0x1, 0xcf, 0xff, 0xff, 0xff, 0xff,
    0xf8, 0x0, 0x0, 0x0, 0x6d, 0xff, 0xff, 0xff,
    0xb3, 0x0, 0x0, 0x0, 0x0, 0x2, 0x57, 0x75,
    0x10, 0x0, 0x0,

    /* U+0064 "d" */
    0x0, 0x0, 0x0, 0x0, 0x0, 0x0, 0x0, 0xff,
    0xff, 0x0, 0x0, 0x0, 0x0, 0x0, 0x0, 0x0,
    0xf, 0xff, 0xf0, 0x0, 0x0, 0x0, 0x0, 0x0,
    0x0, 0x0, 0xff, 0xff, 0x0, 0x0, 0x0, 0x0,
    0x0, 0x0, 0x0, 0xf, 0xff, 0xf0, 0x0, 0x0,
    0x0, 0x0, 0x0, 0x0, 0x0, 0xff, 0xff, 0x0,
    0x0, 0x0, 0x0, 0x0, 0x0, 0x0, 0xf, 0xff,
    0xf0, 0x0, 0x0, 0x0, 0x0, 0x0, 0x0, 0x0,
    0xff, 0xff, 0x0, 0x0, 0x0, 0x0, 0x0, 0x0,
    0x0, 0xf, 0xff, 0xf0, 0x0, 0x0, 0x1, 0x8c,
    0xff, 0xd8, 0x0, 0xef, 0xff, 0x0, 0x0, 0x6,
    0xff, 0xff, 0xff, 0xfe, 0x4e, 0xff, 0xf0, 0x0,
    0x7, 0xff, 0xff, 0xff, 0xff, 0xff, 0xff, 0xff,
    0x0, 0x4, 0xff, 0xff, 0xfb, 0x78, 0xbf, 0xff,
    0xff, 0xf0, 0x0, 0xef, 0xff, 0xe3, 0x0, 0x0,
    0x2c, 0xff, 0xff, 0x0, 0x5f, 0xff, 0xf3, 0x0,
    0x0, 0x0, 0xf, 0xff, 0xf0, 0xb, 0xff, 0xfb,
    0x0, 0x0, 0x0, 0x0, 0xff, 0xff, 0x0, 0xff,
    0xff, 0x40, 0x0, 0x0, 0x0, 0xf, 0xff, 0xf0,
    0x1f, 0xff, 0xf2, 0x0, 0x0, 0x0, 0x0, 0xff,
    0xff, 0x3, 0xff, 0xff, 0x0, 0x0, 0x0, 0x0,
    0xf, 0xff, 0xf0, 0x3f, 0xff, 0xf0, 0x0, 0x0,
    0x0, 0x0, 0xff, 0xff, 0x2, 0xff, 0xff, 0x0,
    0x0, 0x0, 0x0, 0xf, 0xff, 0xf0, 0x1f, 0xff,
    0xf2, 0x0, 0x0, 0x0, 0x0, 0xff, 0xff, 0x0,
    0xef, 0xff, 0x60, 0x0, 0x0, 0x0, 0xf, 0xff,
    0xf0, 0xb, 0xff, 0xfd, 0x0, 0x0, 0x0, 0x0,
    0xff, 0xff, 0x0, 0x5f, 0xff, 0xf6, 0x0, 0x0,
    0x0, 0xbf, 0xff, 0xf0, 0x0, 0xef, 0xff, 0xf8,
    0x30, 0x5, 0xdf, 0xff, 0xff, 0x0, 0x4, 0xff,
    0xff, 0xff, 0xff, 0xff, 0xff, 0xff, 0xf0, 0x0,
    0x6, 0xff, 0xff, 0xff, 0xff, 0xf6, 0x7f, 0xff,
    0x0, 0x0, 0x4, 0xdf, 0xff, 0xff, 0xc3, 0x5,
    0xff, 0xf0, 0x0, 0x0, 0x0, 0x26, 0x76, 0x30,
    0x0, 0x0, 0x0, 0x0,

    /* U+0065 "e" */
    0x0, 0x0, 0x0, 0x6b, 0xef, 0xec, 0x70, 0x0,
    0x0, 0x0, 0x0, 0x3d, 0xff, 0xff, 0xff, 0xfe,
    0x40, 0x0, 0x0, 0x5, 0xff, 0xff, 0xff, 0xff,
    0xff, 0xf4, 0x0, 0x0, 0x3f, 0xff, 0xfc, 0x64,
    0x6a, 0xff, 0xfd, 0x0, 0x0, 0xdf, 0xff, 0x60,
    0x0, 0x0, 0x6f, 0xff, 0x60, 0x5, 0xff, 0xf9,
    0x0, 0x0, 0x0, 0xb, 0xff, 0xd0, 0xb, 0xff,
    0xf1, 0x0, 0x0, 0x0, 0x6, 0xff, 0xf1, 0xf,
    0xff, 0xc0, 0x0, 0x0, 0x0, 0x3, 0xff, 0xf3,
    0x2f, 0xff, 0xfd, 0xdd, 0xdd, 0xdd, 0xdd, 0xff,
    0xf4, 0x3f, 0xff, 0xff, 0xff, 0xff, 0xff, 0xff,
    0xff, 0xf4, 0x4f, 0xff, 0xff, 0xff, 0xff, 0xff,
    0xff, 0xff, 0xf3, 0x3f, 0xff, 0xa0, 0x0, 0x0,
    0x0, 0x0, 0x0, 0x0, 0x1f, 0xff, 0xe0, 0x0,
    0x0, 0x0, 0x0, 0x0, 0x0, 0xd, 0xff, 0xf3,
    0x0, 0x0, 0x0, 0x0, 0x0, 0x0, 0x9, 0xff,
    0xfb, 0x0, 0x0, 0x0, 0x0, 0x0, 0x0, 0x2,
    0xff, 0xff, 0x70, 0x0, 0x0, 0x0, 0x0, 0x0,
    0x0, 0x9f, 0xff, 0xfa, 0x20, 0x0, 0x5, 0xd9,
    0x0, 0x0, 0xc, 0xff, 0xff, 0xfe, 0xcd, 0xff,
    0xff, 0x10, 0x0, 0x0, 0xbf, 0xff, 0xff, 0xff,
    0xff, 0xfe, 0x40, 0x0, 0x0, 0x5, 0xdf, 0xff,
    0xff, 0xfe, 0x70, 0x0, 0x0, 0x0, 0x0, 0x2,
    0x57, 0x76, 0x30, 0x0, 0x0,

    /* U+0066 "f" */
    0x0, 0x0, 0x0, 0x29, 0xcf, 0xed, 0x90, 0x0,
    0x0, 0x6, 0xff, 0xff, 0xff, 0xe0, 0x0, 0x0,
    0x3f, 0xff, 0xff, 0xff, 0xa0, 0x0, 0x0, 0xbf,
    0xff, 0xe6, 0x57, 0x40, 0x0, 0x0, 0xff, 0xff,
    0x30, 0x0, 0x0, 0x0, 0x2, 0xff, 0xfd, 0x0,
    0x0, 0x0, 0x0, 0x4, 0xff, 0xfc, 0x0, 0x0,
    0x0, 0x0, 0x4, 0xff, 0xfb, 0x0, 0x0, 0x0,
    0x0, 0x4, 0xff, 0xfb, 0x0, 0x0, 0x0, 0x1c,
    0xef, 0xff, 0xff, 0xff, 0xf9, 0x0, 0x1f, 0xff,
    0xff, 0xff, 0xff, 0xf9, 0x0, 0x1f, 0xff, 0xff,
    0xff, 0xff, 0xf9, 0x0, 0x4, 0x48, 0xff, 0xfd,
    0x44, 0x42, 0x0, 0x0, 0x4, 0xff, 0xfb, 0x0,
    0x0, 0x0, 0x0, 0x4, 0xff, 0xfb, 0x0, 0x0,
    0x0, 0x0, 0x4, 0xff, 0xfb, 0x0, 0x0, 0x0,
    0x0, 0x4, 0xff, 0xfb, 0x0, 0x0, 0x0, 0x0,
    0x4, 0xff, 0xfb, 0x0, 0x0, 0x0, 0x0, 0x4,
    0xff, 0xfb, 0x0, 0x0, 0x0, 0x0, 0x4, 0xff,
    0xfb, 0x0, 0x0, 0x0, 0x0, 0x4, 0xff, 0xfb,
    0x0, 0x0, 0x0, 0x0, 0x4, 0xff, 0xfb, 0x0,
    0x0, 0x0, 0x0, 0x4, 0xff, 0xfb, 0x0, 0x0,
    0x0, 0x0, 0x4, 0xff, 0xfb, 0x0, 0x0, 0x0,
    0x0, 0x4, 0xff, 0xfb, 0x0, 0x0, 0x0, 0x0,
    0x4, 0xff, 0xfb, 0x0, 0x0, 0x0, 0x0, 0x4,
    0xff, 0xfb, 0x0, 0x0, 0x0, 0x0, 0x4, 0xff,
    0xfb, 0x0, 0x0, 0x0, 0x0, 0x4, 0xff, 0xfb,
    0x0, 0x0, 0x0,

    /* U+0067 "g" */
    0x0, 0x0, 0x5, 0xac, 0xff, 0xff, 0xff, 0xff,
    0xff, 0x60, 0x0, 0x3c, 0xff, 0xff, 0xff, 0xff,
    0xff, 0xff, 0xf6, 0x0, 0x2e, 0xff, 0xff, 0xef,
    0xff, 0xff, 0xff, 0xff, 0x60, 0xd, 0xff, 0xfa,
    0x10, 0x5, 0xef, 0xfe, 0x32, 0x20, 0x5, 0xff,
    0xfb, 0x0, 0x0, 0x3, 0xff, 0xf8, 0x0, 0x0,
    0x9f, 0xff, 0x50, 0x0, 0x0, 0xc, 0xff, 0xc0,
    0x0, 0xa, 0xff, 0xf2, 0x0, 0x0, 0x0, 0xaf,
    0xfe, 0x0, 0x0, 0x8f, 0xff, 0x40, 0x0, 0x0,
    0xc, 0xff, 0xd0, 0x0, 0x4, 0xff, 0xfa, 0x0,
    0x0, 0x2, 0xff, 0xfa, 0x0, 0x0, 0xc, 0xff,
    0xf7, 0x0, 0x2, 0xcf, 0xff, 0x30, 0x0, 0x0,
    0x2e, 0xff, 0xfe, 0xbc, 0xff, 0xff, 0x70, 0x0,
    0x0, 0x0, 0x5f, 0xff, 0xff, 0xff, 0xff, 0x80,
    0x0, 0x0, 0x0, 0x2e, 0xfe, 0x9d, 0xfe, 0xb8,
    0x10, 0x0, 0x0, 0x0, 0xd, 0xff, 0x50, 0x0,
    0x0, 0x0, 0x0, 0x0, 0x0, 0x2, 0xff, 0xf1,
    0x0, 0x0, 0x0, 0x0, 0x0, 0x0, 0x0, 0x4f,
    0xff, 0x40, 0x0, 0x0, 0x0, 0x0, 0x0, 0x0,
    0x2, 0xff, 0xfe, 0x85, 0x44, 0x44, 0x31, 0x0,
    0x0, 0x0, 0xa, 0xff, 0xff, 0xff, 0xff, 0xff,
    0xff, 0xb5, 0x0, 0x0, 0xc, 0xff, 0xff, 0xff,
    0xff, 0xff, 0xff, 0xf9, 0x0, 0x6, 0xff, 0xec,
    0xef, 0xff, 0xff, 0xff, 0xff, 0xf4, 0x6, 0xff,
    0xd1, 0x0, 0x0, 0x0, 0x15, 0xef, 0xff, 0x80,
    0xef, 0xf5, 0x0, 0x0, 0x0, 0x0, 0x5, 0xff,
    0xfa, 0x4f, 0xff, 0x20, 0x0, 0x0, 0x0, 0x0,
    0x6f, 0xff, 0x84, 0xff, 0xf7, 0x0, 0x0, 0x0,
    0x0, 0x1d, 0xff, 0xf2, 0x1f, 0xff, 0xf8, 0x10,
    0x0, 0x0, 0x6d, 0xff, 0xf9, 0x0, 0x7f, 0xff,
    0xff, 0xdc, 0xbd, 0xff, 0xff, 0xf9, 0x0, 0x0,
    0x7e, 0xff, 0xff, 0xff, 0xff, 0xff, 0xd5, 0x0,
    0x0, 0x0, 0x5, 0xac, 0xef, 0xfe, 0xb8, 0x30,
    0x0, 0x0,

    /* U+0068 "h" */
    0xff, 0xff, 0x0, 0x0, 0x0, 0x0, 0x0, 0x0,
    0xf, 0xff, 0xf0, 0x0, 0x0, 0x0, 0x0, 0x0,
    0x0, 0xff, 0xff, 0x0, 0x0, 0x0, 0x0, 0x0,
    0x0, 0xf, 0xff, 0xf0, 0x0, 0x0, 0x0, 0x0,
    0x0, 0x0, 0xff, 0xff, 0x0, 0x0, 0x0, 0x0,
    0x0, 0x0, 0xf, 0xff, 0xf0, 0x0, 0x0, 0x0,
    0x0, 0x0, 0x0, 0xff, 0xff, 0x0, 0x0, 0x0,
    0x0, 0x0, 0x0, 0xf, 0xff, 0xf0, 0x0, 0x0,
    0x0, 0x0, 0x0, 0x0, 0xff, 0xff, 0x0, 0x6,
    0xce, 0xfd, 0x80, 0x0, 0xf, 0xff, 0xf0, 0x3e,
    0xff, 0xff, 0xff, 0xd2, 0x0, 0xff, 0xfe, 0x6f,
    0xff, 0xff, 0xff, 0xff, 0xd0, 0xf, 0xff, 0xff,
    0xff, 0xc9, 0xae, 0xff, 0xff, 0x40, 0xff, 0xff,
    0xfd, 0x20, 0x0, 0x1d, 0xff, 0xfa, 0xf, 0xff,
    0xfb, 0x0, 0x0, 0x0, 0x6f, 0xff, 0xc0, 0xff,
    0xff, 0x10, 0x0, 0x0, 0x2, 0xff, 0xfe, 0xf,
    0xff, 0xf0, 0x0, 0x0, 0x0, 0xf, 0xff, 0xf0,
    0xff, 0xff, 0x0, 0x0, 0x0, 0x0, 0xff, 0xff,
    0xf, 0xff, 0xf0, 0x0, 0x0, 0x0, 0xf, 0xff,
    0xf0, 0xff, 0xff, 0x0, 0x0, 0x0, 0x0, 0xff,
    0xff, 0xf, 0xff, 0xf0, 0x0, 0x0, 0x0, 0xf,
    0xff, 0xf0, 0xff, 0xff, 0x0, 0x0, 0x0, 0x0,
    0xff, 0xff, 0xf, 0xff, 0xf0, 0x0, 0x0, 0x0,
    0xf, 0xff, 0xf0, 0xff, 0xff, 0x0, 0x0, 0x0,
    0x0, 0xff, 0xff, 0xf, 0xff, 0xf0, 0x0, 0x0,
    0x0, 0xf, 0xff, 0xf0, 0xff, 0xff, 0x0, 0x0,
    0x0, 0x0, 0xff, 0xff, 0xf, 0xff, 0xf0, 0x0,
    0x0, 0x0, 0xf, 0xff, 0xf0, 0xff, 0xff, 0x0,
    0x0, 0x0, 0x0, 0xff, 0xff, 0xf, 0xff, 0xf0,
    0x0, 0x0, 0x0, 0xf, 0xff, 0xf0,

    /* U+0069 "i" */
    0x7, 0xee, 0x80, 0x4f, 0xff, 0xf4, 0x7f, 0xff,
    0xf7, 0x3f, 0xff, 0xf4, 0x6, 0xdd, 0x60, 0x0,
    0x0, 0x0, 0x0, 0x0, 0x0, 0x0, 0x0, 0x0,
    0xf, 0xff, 0xf0, 0xf, 0xff, 0xf0, 0xf, 0xff,
    0xf0, 0xf, 0xff, 0xf0, 0xf, 0xff, 0xf0, 0xf,
    0xff, 0xf0, 0xf, 0xff, 0xf0, 0xf, 0xff, 0xf0,
    0xf, 0xff, 0xf0, 0xf, 0xff, 0xf0, 0xf, 0xff,
    0xf0, 0xf, 0xff, 0xf0, 0xf, 0xff, 0xf0, 0xf,
    0xff, 0xf0, 0xf, 0xff, 0xf0, 0xf, 0xff, 0xf0,
    0xf, 0xff, 0xf0, 0xf, 0xff, 0xf0, 0xf, 0xff,
    0xf0, 0xf, 0xff, 0xf0,

    /* U+006A "j" */
    0x0, 0x0, 0x7, 0xee, 0x80, 0x0, 0x0, 0x3f,
    0xff, 0xf5, 0x0, 0x0, 0x6f, 0xff, 0xf8, 0x0,
    0x0, 0x2f, 0xff, 0xf4, 0x0, 0x0, 0x5, 0xcd,
    0x70, 0x0, 0x0, 0x0, 0x0, 0x0, 0x0, 0x0,
    0x0, 0x0, 0x0, 0x0, 0x0, 0x0, 0x0, 0x0,
    0x0, 0x0, 0xf, 0xff, 0xf1, 0x0, 0x0, 0xf,
    0xff, 0xf1, 0x0, 0x0, 0xf, 0xff, 0xf1, 0x0,
    0x0, 0xf, 0xff, 0xf1, 0x0, 0x0, 0xf, 0xff,
    0xf1, 0x0, 0x0, 0xf, 0xff, 0xf1, 0x0, 0x0,
    0xf, 0xff, 0xf1, 0x0, 0x0, 0xf, 0xff, 0xf1,
    0x0, 0x0, 0xf, 0xff, 0xf1, 0x0, 0x0, 0xf,
    0xff, 0xf1, 0x0, 0x0, 0xf, 0xff, 0xf1, 0x0,
    0x0, 0xf, 0xff, 0xf1, 0x0, 0x0, 0xf, 0xff,
    0xf1, 0x0, 0x0, 0xf, 0xff, 0xf1, 0x0, 0x0,
    0xf, 0xff, 0xf1, 0x0, 0x0, 0xf, 0xff, 0xf1,
    0x0, 0x0, 0xf, 0xff, 0xf1, 0x0, 0x0, 0xf,
    0xff, 0xf1, 0x0, 0x0, 0xf, 0xff, 0xf1, 0x0,
    0x0, 0xf, 0xff, 0xf1, 0x0, 0x0, 0xf, 0xff,
    0xf1, 0x0, 0x0, 0xf, 0xff, 0xf0, 0x0, 0x0,
    0xf, 0xff, 0xf0, 0x0, 0x0, 0x5f, 0xff, 0xd0,
    0x7, 0x46, 0xef, 0xff, 0x80, 0x3f, 0xff, 0xff,
    0xff, 0x10, 0x7f, 0xff, 0xff, 0xf4, 0x0, 0x5c,
    0xef, 0xea, 0x20, 0x0,

    /* U+006B "k" */
    0xff, 0xff, 0x0, 0x0, 0x0, 0x0, 0x0, 0x0,
    0xf, 0xff, 0xf0, 0x0, 0x0, 0x0, 0x0, 0x0,
    0x0, 0xff, 0xff, 0x0, 0x0, 0x0, 0x0, 0x0,
    0x0, 0xf, 0xff, 0xf0, 0x0, 0x0, 0x0, 0x0,
    0x0, 0x0, 0xff, 0xff, 0x0, 0x0, 0x0, 0x0,
    0x0, 0x0, 0xf, 0xff, 0xf0, 0x0, 0x0, 0x0,
    0x0, 0x0, 0x0, 0xff, 0xff, 0x0, 0x0, 0x0,
    0x0, 0x0, 0x0, 0xf, 0xff, 0xf0, 0x0, 0x0,
    0x0, 0x0, 0x0, 0x0, 0xff, 0xff, 0x0, 0x0,
    0x0, 0xc, 0xff, 0xfa, 0xf, 0xff, 0xf0, 0x0,
    0x0, 0x8, 0xff, 0xfd, 0x0, 0xff, 0xff, 0x0,
    0x0, 0x5, 0xff, 0xff, 0x20, 0xf, 0xff, 0xf0,
    0x0, 0x2, 0xff, 0xff, 0x40, 0x0, 0xff, 0xff,
    0x0, 0x0, 0xdf, 0xff, 0x70, 0x0, 0xf, 0xff,
    0xf0, 0x0, 0xaf, 0xff, 0xb0, 0x0, 0x0, 0xff,
    0xff, 0x0, 0x6f, 0xff, 0xd0, 0x0, 0x0, 0xf,
    0xff, 0xf0, 0x3f, 0xff, 0xf2, 0x0, 0x0, 0x0,
    0xff, 0xff, 0x1d, 0xff, 0xfc, 0x0, 0x0, 0x0,
    0xf, 0xff, 0xfb, 0xff, 0xff, 0xf5, 0x0, 0x0,
    0x0, 0xff, 0xff, 0xff, 0xff, 0xff, 0xe1, 0x0,
    0x0, 0xf, 0xff, 0xff, 0xfc, 0x7f, 0xff, 0x90,
    0x0, 0x0, 0xff, 0xff, 0xfd, 0x10, 0xdf, 0xff,
    0x30, 0x0, 0xf, 0xff, 0xff, 0x20, 0x5, 0xff,
    0xfc, 0x0, 0x0, 0xff, 0xff, 0x40, 0x0, 0xb,
    0xff, 0xf7, 0x0, 0xf, 0xff, 0xf0, 0x0, 0x0,
    0x2f, 0xff, 0xf1, 0x0, 0xff, 0xff, 0x0, 0x0,
    0x0, 0x9f, 0xff, 0xa0, 0xf, 0xff, 0xf0, 0x0,
    0x0, 0x1, 0xef, 0xff, 0x40, 0xff, 0xff, 0x0,
    0x0, 0x0, 0x6, 0xff, 0xfd, 0xf, 0xff, 0xf0,
    0x0, 0x0, 0x0, 0xd, 0xff, 0xf8,

    /* U+006C "l" */
    0xff, 0xff, 0x0, 0xf, 0xff, 0xf0, 0x0, 0xff,
    0xff, 0x0, 0xf, 0xff, 0xf0, 0x0, 0xff, 0xff,
    0x0, 0xf, 0xff, 0xf0, 0x0, 0xff, 0xff, 0x0,
    0xf, 0xff, 0xf0, 0x0, 0xff, 0xff, 0x0, 0xf,
    0xff, 0xf0, 0x0, 0xff, 0xff, 0x0, 0xf, 0xff,
    0xf0, 0x0, 0xff, 0xff, 0x0, 0xf, 0xff, 0xf0,
    0x0, 0xff, 0xff, 0x0, 0xf, 0xff, 0xf0, 0x0,
    0xff, 0xff, 0x0, 0xf, 0xff, 0xf0, 0x0, 0xff,
    0xff, 0x0, 0xf, 0xff, 0xf0, 0x0, 0xff, 0xff,
    0x0, 0xf, 0xff, 0xf0, 0x0, 0xff, 0xff, 0x0,
    0xf, 0xff, 0xf1, 0x0, 0xdf, 0xff, 0x30, 0xb,
    0xff, 0xff, 0xa0, 0x5f, 0xff, 0xff, 0x0, 0x9f,
    0xff, 0xf1, 0x0, 0x36, 0x75, 0x0,

    /* U+006D "m" */
    0xff, 0xf6, 0x0, 0x18, 0xdf, 0xec, 0x50, 0x0,
    0x0, 0x3a, 0xdf, 0xe9, 0x10, 0x0, 0xff, 0xf7,
    0x6, 0xff, 0xff, 0xff, 0xfa, 0x0, 0x9, 0xff,
    0xff, 0xff, 0xe3, 0x0, 0xff, 0xf9, 0x8f, 0xff,
    0xff, 0xff, 0xff, 0x71, 0xcf, 0xff, 0xff, 0xff,
    0xfe, 0x0, 0xff, 0xff, 0xff, 0xfb, 0x9c, 0xff,
    0xff, 0xed, 0xff, 0xe9, 0xae, 0xff, 0xff, 0x60,
    0xff, 0xff, 0xfc, 0x20, 0x0, 0x6f, 0xff, 0xff,
    0xf7, 0x0, 0x0, 0xcf, 0xff, 0xd0, 0xff, 0xff,
    0xb0, 0x0, 0x0, 0xd, 0xff, 0xff, 0x50, 0x0,
    0x0, 0x4f, 0xff, 0xf0, 0xff, 0xff, 0x10, 0x0,
    0x0, 0x9, 0xff, 0xfa, 0x0, 0x0, 0x0, 0xf,
    0xff, 0xf1, 0xff, 0xff, 0x0, 0x0, 0x0, 0x7,
    0xff, 0xf9, 0x0, 0x0, 0x0, 0xe, 0xff, 0xf2,
    0xff, 0xff, 0x0, 0x0, 0x0, 0x6, 0xff, 0xf9,
    0x0, 0x0, 0x0, 0xd, 0xff, 0xf3, 0xff, 0xff,
    0x0, 0x0, 0x0, 0x6, 0xff, 0xf9, 0x0, 0x0,
    0x0, 0xd, 0xff, 0xf3, 0xff, 0xff, 0x0, 0x0,
    0x0, 0x6, 0xff, 0xf9, 0x0, 0x0, 0x0, 0xd,
    0xff, 0xf3, 0xff, 0xff, 0x0, 0x0, 0x0, 0x6,
    0xff, 0xf9, 0x0, 0x0, 0x0, 0xd, 0xff, 0xf3,
    0xff, 0xff, 0x0, 0x0, 0x0, 0x6, 0xff, 0xf9,
    0x0, 0x0, 0x0, 0xd, 0xff, 0xf3, 0xff, 0xff,
    0x0, 0x0, 0x0, 0x6, 0xff, 0xf9, 0x0, 0x0,
    0x0, 0xd, 0xff, 0xf3, 0xff, 0xff, 0x0, 0x0,
    0x0, 0x6, 0xff, 0xf9, 0x0, 0x0, 0x0, 0xd,
    0xff, 0xf3, 0xff, 0xff, 0x0, 0x0, 0x0, 0x6,
    0xff, 0xf9, 0x0, 0x0, 0x0, 0xd, 0xff, 0xf3,
    0xff, 0xff, 0x0, 0x0, 0x0, 0x6, 0xff, 0xf9,
    0x0, 0x0, 0x0, 0xd, 0xff, 0xf3, 0xff, 0xff,
    0x0, 0x0, 0x0, 0x6, 0xff, 0xf9, 0x0, 0x0,
    0x0, 0xd, 0xff, 0xf3, 0xff, 0xff, 0x0, 0x0,
    0x0, 0x6, 0xff, 0xf9, 0x0, 0x0, 0x0, 0xd,
    0xff, 0xf3, 0xff, 0xff, 0x0, 0x0, 0x0, 0x6,
    0xff, 0xf9, 0x0, 0x0, 0x0, 0xd, 0xff, 0xf3,

    /* U+006E "n" */
    0xff, 0xf6, 0x0, 0x17, 0xce, 0xfd, 0x80, 0x0,
    0xf, 0xff, 0x70, 0x5e, 0xff, 0xff, 0xff, 0xd2,
    0x0, 0xff, 0xf9, 0x8f, 0xff, 0xff, 0xff, 0xff,
    0xd0, 0xf, 0xff, 0xff, 0xff, 0xc9, 0xae, 0xff,
    0xff, 0x40, 0xff, 0xff, 0xfd, 0x20, 0x0, 0x1d,
    0xff, 0xfa, 0xf, 0xff, 0xfb, 0x0, 0x0, 0x0,
    0x6f, 0xff, 0xc0, 0xff, 0xff, 0x10, 0x0, 0x0,
    0x2, 0xff, 0xfe, 0xf, 0xff, 0xf0, 0x0, 0x0,
    0x0, 0xf, 0xff, 0xf0, 0xff, 0xff, 0x0, 0x0,
    0x0, 0x0, 0xff, 0xff, 0xf, 0xff, 0xf0, 0x0,
    0x0, 0x0, 0xf, 0xff, 0xf0, 0xff, 0xff, 0x0,
    0x0, 0x0, 0x0, 0xff, 0xff, 0xf, 0xff, 0xf0,
    0x0, 0x0, 0x0, 0xf, 0xff, 0xf0, 0xff, 0xff,
    0x0, 0x0, 0x0, 0x0, 0xff, 0xff, 0xf, 0xff,
    0xf0, 0x0, 0x0, 0x0, 0xf, 0xff, 0xf0, 0xff,
    0xff, 0x0, 0x0, 0x0, 0x0, 0xff, 0xff, 0xf,
    0xff, 0xf0, 0x0, 0x0, 0x0, 0xf, 0xff, 0xf0,
    0xff, 0xff, 0x0, 0x0, 0x0, 0x0, 0xff, 0xff,
    0xf, 0xff, 0xf0, 0x0, 0x0, 0x0, 0xf, 0xff,
    0xf0, 0xff, 0xff, 0x0, 0x0, 0x0, 0x0, 0xff,
    0xff, 0xf, 0xff, 0xf0, 0x0, 0x0, 0x0, 0xf,
    0xff, 0xf0,

    /* U+006F "o" */
    0x0, 0x0, 0x0, 0x5a, 0xdf, 0xec, 0x82, 0x0,
    0x0, 0x0, 0x0, 0x3, 0xdf, 0xff, 0xff, 0xff,
    0xf9, 0x0, 0x0, 0x0, 0x5, 0xff, 0xff, 0xff,
    0xff, 0xff, 0xfc, 0x10, 0x0, 0x3, 0xff, 0xff,
    0xfa, 0x78, 0xcf, 0xff, 0xfb, 0x0, 0x0, 0xdf,
    0xff, 0xd2, 0x0, 0x0, 0x7f, 0xff, 0xf5, 0x0,
    0x5f, 0xff, 0xf1, 0x0, 0x0, 0x0, 0x8f, 0xff,
    0xd0, 0xb, 0xff, 0xf9, 0x0, 0x0, 0x0, 0x1,
    0xff, 0xff, 0x30, 0xff, 0xff, 0x30, 0x0, 0x0,
    0x0, 0xa, 0xff, 0xf7, 0x2f, 0xff, 0xf0, 0x0,
    0x0, 0x0, 0x0, 0x8f, 0xff, 0xa4, 0xff, 0xfe,
    0x0, 0x0, 0x0, 0x0, 0x6, 0xff, 0xfb, 0x4f,
    0xff, 0xe0, 0x0, 0x0, 0x0, 0x0, 0x5f, 0xff,
    0xc3, 0xff, 0xff, 0x0, 0x0, 0x0, 0x0, 0x7,
    0xff, 0xfb, 0x1f, 0xff, 0xf1, 0x0, 0x0, 0x0,
    0x0, 0x9f, 0xff, 0x90, 0xdf, 0xff, 0x60, 0x0,
    0x0, 0x0, 0xd, 0xff, 0xf5, 0x9, 0xff, 0xfd,
    0x0, 0x0, 0x0, 0x4, 0xff, 0xff, 0x10, 0x2f,
    0xff, 0xf7, 0x0, 0x0, 0x1, 0xdf, 0xff, 0x90,
    0x0, 0x9f, 0xff, 0xf9, 0x30, 0x15, 0xef, 0xff,
    0xf2, 0x0, 0x0, 0xcf, 0xff, 0xff, 0xff, 0xff,
    0xff, 0xf5, 0x0, 0x0, 0x0, 0xbf, 0xff, 0xff,
    0xff, 0xff, 0xf5, 0x0, 0x0, 0x0, 0x0, 0x5d,
    0xff, 0xff, 0xff, 0xa1, 0x0, 0x0, 0x0, 0x0,
    0x0, 0x2, 0x67, 0x64, 0x0, 0x0, 0x0, 0x0,

    /* U+0070 "p" */
    0xff, 0xf6, 0x0, 0x39, 0xdf, 0xec, 0x70, 0x0,
    0x0, 0xff, 0xf8, 0x19, 0xff, 0xff, 0xff, 0xfe,
    0x30, 0x0, 0xff, 0xfd, 0xef, 0xff, 0xff, 0xff,
    0xff, 0xf2, 0x0, 0xff, 0xff, 0xff, 0xe9, 0x79,
    0xdf, 0xff, 0xfc, 0x0, 0xff, 0xff, 0xf9, 0x0,
    0x0, 0x9, 0xff, 0xff, 0x40, 0xff, 0xff, 0x60,
    0x0, 0x0, 0x0, 0xcf, 0xff, 0xa0, 0xff, 0xff,
    0x0, 0x0, 0x0, 0x0, 0x6f, 0xff, 0xe0, 0xff,
    0xff, 0x0, 0x0, 0x0, 0x0, 0x1f, 0xff, 0xf1,
    0xff, 0xff, 0x0, 0x0, 0x0, 0x0, 0xf, 0xff,
    0xf3, 0xff, 0xff, 0x0, 0x0, 0x0, 0x0, 0xe,
    0xff, 0xf4, 0xff, 0xff, 0x0, 0x0, 0x0, 0x0,
    0xe, 0xff, 0xf4, 0xff, 0xff, 0x0, 0x0, 0x0,
    0x0, 0xf, 0xff, 0xf2, 0xff, 0xff, 0x0, 0x0,
    0x0, 0x0, 0x2f, 0xff, 0xf1, 0xff, 0xff, 0x0,
    0x0, 0x0, 0x0, 0x7f, 0xff, 0xd0, 0xff, 0xff,
    0x0, 0x0, 0x0, 0x0, 0xef, 0xff, 0x80, 0xff,
    0xff, 0x60, 0x0, 0x0, 0x9, 0xff, 0xff, 0x20,
    0xff, 0xff, 0xfb, 0x41, 0x3, 0xaf, 0xff, 0xf9,
    0x0, 0xff, 0xff, 0xff, 0xff, 0xff, 0xff, 0xff,
    0xd0, 0x0, 0xff, 0xff, 0xaf, 0xff, 0xff, 0xff,
    0xfd, 0x10, 0x0, 0xff, 0xff, 0x6, 0xef, 0xff,
    0xff, 0x90, 0x0, 0x0, 0xff, 0xff, 0x0, 0x4,
    0x77, 0x50, 0x0, 0x0, 0x0, 0xff, 0xff, 0x0,
    0x0, 0x0, 0x0, 0x0, 0x0, 0x0, 0xff, 0xff,
    0x0, 0x0, 0x0, 0x0, 0x0, 0x0, 0x0, 0xff,
    0xff, 0x0, 0x0, 0x0, 0x0, 0x0, 0x0, 0x0,
    0xff, 0xff, 0x0, 0x0, 0x0, 0x0, 0x0, 0x0,
    0x0, 0xff, 0xff, 0x0, 0x0, 0x0, 0x0, 0x0,
    0x0, 0x0, 0xff, 0xff, 0x0, 0x0, 0x0, 0x0,
    0x0, 0x0, 0x0, 0xff, 0xff, 0x0, 0x0, 0x0,
    0x0, 0x0, 0x0, 0x0,

    /* U+0071 "q" */
    0x0, 0x0, 0x1, 0x8c, 0xff, 0xd9, 0x20, 0x3f,
    0xff, 0x0, 0x0, 0x6, 0xff, 0xff, 0xff, 0xff,
    0x86, 0xff, 0xf0, 0x0, 0x7, 0xff, 0xff, 0xff,
    0xff, 0xff, 0xff, 0xff, 0x0, 0x4, 0xff, 0xff,
    0xfb, 0x78, 0xbf, 0xff, 0xff, 0xf0, 0x0, 0xef,
    0xff, 0xe3, 0x0, 0x0, 0x2c, 0xff, 0xff, 0x0,
    0x5f, 0xff, 0xf3, 0x0, 0x0, 0x0, 0xf, 0xff,
    0xf0, 0xb, 0xff, 0xfb, 0x0, 0x0, 0x0, 0x0,
    0xff, 0xff, 0x0, 0xff, 0xff, 0x40, 0x0, 0x0,
    0x0, 0xf, 0xff, 0xf0, 0x1f, 0xff, 0xf2, 0x0,
    0x0, 0x0, 0x0, 0xff, 0xff, 0x3, 0xff, 0xff,
    0x0, 0x0, 0x0, 0x0, 0xf, 0xff, 0xf0, 0x3f,
    0xff, 0xf0, 0x0, 0x0, 0x0, 0x0, 0xff, 0xff,
    0x2, 0xff, 0xff, 0x0, 0x0, 0x0, 0x0, 0xf,
    0xff, 0xf0, 0x1f, 0xff, 0xf2, 0x0, 0x0, 0x0,
    0x0, 0xff, 0xff, 0x0, 0xef, 0xff, 0x60, 0x0,
    0x0, 0x0, 0xf, 0xff, 0xf0, 0xb, 0xff, 0xfd,
    0x0, 0x0, 0x0, 0x0, 0xff, 0xff, 0x0, 0x5f,
    0xff, 0xf6, 0x0, 0x0, 0x0, 0xbf, 0xff, 0xf0,
    0x0, 0xef, 0xff, 0xf8, 0x30, 0x5, 0xdf, 0xff,
    0xff, 0x0, 0x4, 0xff, 0xff, 0xff, 0xff, 0xff,
    0xff, 0xff, 0xf0, 0x0, 0x6, 0xff, 0xff, 0xff,
    0xff, 0xf6, 0xdf, 0xff, 0x0, 0x0, 0x4, 0xdf,
    0xff, 0xff, 0xc2, 0xe, 0xff, 0xf0, 0x0, 0x0,
    0x0, 0x26, 0x76, 0x20, 0x0, 0xff, 0xff, 0x0,
    0x0, 0x0, 0x0, 0x0, 0x0, 0x0, 0xf, 0xff,
    0xf0, 0x0, 0x0, 0x0, 0x0, 0x0, 0x0, 0x0,
    0xff, 0xff, 0x0, 0x0, 0x0, 0x0, 0x0, 0x0,
    0x0, 0xf, 0xff, 0xf0, 0x0, 0x0, 0x0, 0x0,
    0x0, 0x0, 0x0, 0xff, 0xff, 0x0, 0x0, 0x0,
    0x0, 0x0, 0x0, 0x0, 0xf, 0xff, 0xf0, 0x0,
    0x0, 0x0, 0x0, 0x0, 0x0, 0x0, 0xff, 0xff,
    0x0, 0x0, 0x0, 0x0, 0x0, 0x0, 0x0, 0xf,
    0xff, 0xf0,

    /* U+0072 "r" */
    0xff, 0xf5, 0x0, 0x29, 0xdf, 0xf4, 0xff, 0xf7,
    0x5, 0xff, 0xff, 0xf1, 0xff, 0xf8, 0x4f, 0xff,
    0xff, 0xd0, 0xff, 0xfb, 0xef, 0xfe, 0xbb, 0x80,
    0xff, 0xff, 0xff, 0x70, 0x0, 0x0, 0xff, 0xff,
    0xf6, 0x0, 0x0, 0x0, 0xff, 0xff, 0xc0, 0x0,
    0x0, 0x0, 0xff, 0xff, 0x40, 0x0, 0x0, 0x0,
    0xff, 0xff, 0x0, 0x0, 0x0, 0x0, 0xff, 0xff,
    0x0, 0x0, 0x0, 0x0, 0xff, 0xff, 0x0, 0x0,
    0x0, 0x0, 0xff, 0xff, 0x0, 0x0, 0x0, 0x0,
    0xff, 0xff, 0x0, 0x0, 0x0, 0x0, 0xff, 0xff,
    0x0, 0x0, 0x0, 0x0, 0xff, 0xff, 0x0, 0x0,
    0x0, 0x0, 0xff, 0xff, 0x0, 0x0, 0x0, 0x0,
    0xff, 0xff, 0x0, 0x0, 0x0, 0x0, 0xff, 0xff,
    0x0, 0x0, 0x0, 0x0, 0xff, 0xff, 0x0, 0x0,
    0x0, 0x0, 0xff, 0xff, 0x0, 0x0, 0x0, 0x0,

    /* U+0073 "s" */
    0x0, 0x0, 0x3a, 0xce, 0xfd, 0x94, 0x0, 0x0,
    0x1, 0xbf, 0xff, 0xff, 0xff, 0xfb, 0x20, 0x0,
    0xbf, 0xff, 0xff, 0xff, 0xff, 0xfe, 0x0, 0x6f,
    0xff, 0xe6, 0x32, 0x59, 0xff, 0x40, 0xa, 0xff,
    0xf3, 0x0, 0x0, 0x2, 0x50, 0x0, 0xdf, 0xff,
    0x0, 0x0, 0x0, 0x0, 0x0, 0xb, 0xff, 0xf4,
    0x0, 0x0, 0x0, 0x0, 0x0, 0x7f, 0xff, 0xf6,
    0x0, 0x0, 0x0, 0x0, 0x0, 0xdf, 0xff, 0xfe,
    0x92, 0x0, 0x0, 0x0, 0x2, 0xdf, 0xff, 0xff,
    0xfc, 0x30, 0x0, 0x0, 0x0, 0x7e, 0xff, 0xff,
    0xff, 0x80, 0x0, 0x0, 0x0, 0x6, 0xcf, 0xff,
    0xff, 0x70, 0x0, 0x0, 0x0, 0x0, 0x3c, 0xff,
    0xff, 0x20, 0x0, 0x0, 0x0, 0x0, 0xc, 0xff,
    0xf5, 0x0, 0x0, 0x0, 0x0, 0x0, 0x5f, 0xff,
    0x80, 0x53, 0x0, 0x0, 0x0, 0x7, 0xff, 0xf5,
    0x2f, 0xf9, 0x20, 0x0, 0x2, 0xef, 0xff, 0x2c,
    0xff, 0xff, 0xdb, 0xac, 0xff, 0xff, 0x90, 0x1c,
    0xff, 0xff, 0xff, 0xff, 0xff, 0xc0, 0x0, 0x5,
    0xcf, 0xff, 0xff, 0xfe, 0x60, 0x0, 0x0, 0x0,
    0x15, 0x67, 0x52, 0x0, 0x0, 0x0,

    /* U+0074 "t" */
    0x0, 0x0, 0xbf, 0xfb, 0x0, 0x0, 0x0, 0x0,
    0x0, 0xcf, 0xfb, 0x0, 0x0, 0x0, 0x0, 0x0,
    0xdf, 0xfb, 0x0, 0x0, 0x0, 0x0, 0x0, 0xef,
    0xfb, 0x0, 0x0, 0x0, 0x0, 0x0, 0xff, 0xfb,
    0x0, 0x0, 0x0, 0x0, 0x1, 0xff, 0xfb, 0x0,
    0x0, 0x0, 0x1c, 0xef, 0xff, 0xff, 0xff, 0xff,
    0xb0, 0x1f, 0xff, 0xff, 0xff, 0xff, 0xff, 0xb0,
    0x1f, 0xff, 0xff, 0xff, 0xff, 0xff, 0xb0, 0x4,
    0x48, 0xff, 0xfc, 0x44, 0x44, 0x30, 0x0, 0x5,
    0xff, 0xfb, 0x0, 0x0, 0x0, 0x0, 0x5, 0xff,
    0xfb, 0x0, 0x0, 0x0, 0x0, 0x5, 0xff, 0xfb,
    0x0, 0x0, 0x0, 0x0, 0x5, 0xff, 0xfb, 0x0,
    0x0, 0x0, 0x0, 0x5, 0xff, 0xfb, 0x0, 0x0,
    0x0, 0x0, 0x5, 0xff, 0xfb, 0x0, 0x0, 0x0,
    0x0, 0x5, 0xff, 0xfb, 0x0, 0x0, 0x0, 0x0,
    0x5, 0xff, 0xfb, 0x0, 0x0, 0x0, 0x0, 0x5,
    0xff, 0xfb, 0x0, 0x0, 0x0, 0x0, 0x4, 0xff,
    0xfb, 0x0, 0x0, 0x0, 0x0, 0x3, 0xff, 0xfc,
    0x0, 0x0, 0x0, 0x0, 0x1, 0xff, 0xff, 0x0,
    0x0, 0x0, 0x0, 0x0, 0xef, 0xff, 0x90, 0x0,
    0x10, 0x0, 0x0, 0x7f, 0xff, 0xff, 0xdf, 0xc0,
    0x0, 0x0, 0x1e, 0xff, 0xff, 0xff, 0xf0, 0x0,
    0x0, 0x1, 0xbf, 0xff, 0xff, 0xe2, 0x0, 0x0,
    0x0, 0x3, 0x67, 0x64, 0x0,

    /* U+0075 "u" */
    0x3f, 0xff, 0xd0, 0x0, 0x0, 0x0, 0x5f, 0xff,
    0xb3, 0xff, 0xfd, 0x0, 0x0, 0x0, 0x5, 0xff,
    0xfb, 0x3f, 0xff, 0xd0, 0x0, 0x0, 0x0, 0x5f,
    0xff, 0xb3, 0xff, 0xfd, 0x0, 0x0, 0x0, 0x5,
    0xff, 0xfb, 0x3f, 0xff, 0xd0, 0x0, 0x0, 0x0,
    0x5f, 0xff, 0xb3, 0xff, 0xfd, 0x0, 0x0, 0x0,
    0x5, 0xff, 0xfb, 0x3f, 0xff, 0xd0, 0x0, 0x0,
    0x0, 0x5f, 0xff, 0xb3, 0xff, 0xfd, 0x0, 0x0,
    0x0, 0x5, 0xff, 0xfb, 0x3f, 0xff, 0xd0, 0x0,
    0x0, 0x0, 0x5f, 0xff, 0xb3, 0xff, 0xfd, 0x0,
    0x0, 0x0, 0x5, 0xff, 0xfb, 0x3f, 0xff, 0xd0,
    0x0, 0x0, 0x0, 0x5f, 0xff, 0xb3, 0xff, 0xfd,
    0x0, 0x0, 0x0, 0x5, 0xff, 0xfb, 0x3f, 0xff,
    0xd0, 0x0, 0x0, 0x0, 0x5f, 0xff, 0xb2, 0xff,
    0xff, 0x0, 0x0, 0x0, 0x5, 0xff, 0xfb, 0xf,
    0xff, 0xf1, 0x0, 0x0, 0x0, 0xcf, 0xff, 0xb0,
    0xef, 0xff, 0x70, 0x0, 0x0, 0xaf, 0xff, 0xfb,
    0xa, 0xff, 0xff, 0x72, 0x15, 0xcf, 0xff, 0xff,
    0xb0, 0x3f, 0xff, 0xff, 0xff, 0xff, 0xf8, 0xef,
    0xfb, 0x0, 0xaf, 0xff, 0xff, 0xff, 0xf8, 0xc,
    0xff, 0xb0, 0x0, 0x8f, 0xff, 0xff, 0xd4, 0x0,
    0xaf, 0xfb, 0x0, 0x0, 0x26, 0x76, 0x30, 0x0,
    0x0, 0x0, 0x0,

    /* U+0076 "v" */
    0x5f, 0xff, 0xb0, 0x0, 0x0, 0x0, 0x0, 0x7f,
    0xff, 0x60, 0xff, 0xff, 0x0, 0x0, 0x0, 0x0,
    0xc, 0xff, 0xf1, 0xa, 0xff, 0xf5, 0x0, 0x0,
    0x0, 0x1, 0xff, 0xfb, 0x0, 0x5f, 0xff, 0xa0,
    0x0, 0x0, 0x0, 0x6f, 0xff, 0x60, 0x0, 0xff,
    0xfe, 0x0, 0x0, 0x0, 0xb, 0xff, 0xf1, 0x0,
    0xa, 0xff, 0xf4, 0x0, 0x0, 0x0, 0xff, 0xfc,
    0x0, 0x0, 0x5f, 0xff, 0x90, 0x0, 0x0, 0x5f,
    0xff, 0x60, 0x0, 0x0, 0xff, 0xfd, 0x0, 0x0,
    0xa, 0xff, 0xf1, 0x0, 0x0, 0xa, 0xff, 0xf2,
    0x0, 0x0, 0xef, 0xfc, 0x0, 0x0, 0x0, 0x4f,
    0xff, 0x70, 0x0, 0x3f, 0xff, 0x60, 0x0, 0x0,
    0x0, 0xff, 0xfc, 0x0, 0x8, 0xff, 0xf1, 0x0,
    0x0, 0x0, 0xa, 0xff, 0xf1, 0x0, 0xdf, 0xfc,
    0x0, 0x0, 0x0, 0x0, 0x4f, 0xff, 0x50, 0x1f,
    0xff, 0x70, 0x0, 0x0, 0x0, 0x0, 0xef, 0xfa,
    0x6, 0xff, 0xf1, 0x0, 0x0, 0x0, 0x0, 0x9,
    0xff, 0xe0, 0xaf, 0xfc, 0x0, 0x0, 0x0, 0x0,
    0x0, 0x4f, 0xff, 0x3f, 0xff, 0x70, 0x0, 0x0,
    0x0, 0x0, 0x0, 0xef, 0xfc, 0xff, 0xf2, 0x0,
    0x0, 0x0, 0x0, 0x0, 0x9, 0xff, 0xff, 0xfc,
    0x0, 0x0, 0x0, 0x0, 0x0, 0x0, 0x4f, 0xff,
    0xff, 0x70, 0x0, 0x0, 0x0, 0x0, 0x0, 0x0,
    0xef, 0xff, 0xf2, 0x0, 0x0, 0x0,

    /* U+0077 "w" */
    0xe, 0xff, 0xf1, 0x0, 0x0, 0x0, 0x6f, 0xff,
    0x90, 0x0, 0x0, 0x0, 0xdf, 0xfe, 0x0, 0xaf,
    0xff, 0x50, 0x0, 0x0, 0xa, 0xff, 0xfd, 0x0,
    0x0, 0x0, 0x1f, 0xff, 0xa0, 0x6, 0xff, 0xf9,
    0x0, 0x0, 0x0, 0xef, 0xff, 0xf1, 0x0, 0x0,
    0x5, 0xff, 0xf6, 0x0, 0x2f, 0xff, 0xd0, 0x0,
    0x0, 0x2f, 0xff, 0xff, 0x50, 0x0, 0x0, 0x8f,
    0xff, 0x20, 0x0, 0xef, 0xff, 0x10, 0x0, 0x6,
    0xff, 0xcf, 0xf9, 0x0, 0x0, 0xc, 0xff, 0xe0,
    0x0, 0xa, 0xff, 0xf4, 0x0, 0x0, 0xaf, 0xf5,
    0xff, 0xd0, 0x0, 0x0, 0xff, 0xfa, 0x0, 0x0,
    0x6f, 0xff, 0x80, 0x0, 0xe, 0xfe, 0xf, 0xff,
    0x10, 0x0, 0x3f, 0xff, 0x60, 0x0, 0x1, 0xff,
    0xfc, 0x0, 0x2, 0xff, 0xb0, 0xcf, 0xf5, 0x0,
    0x7, 0xff, 0xf2, 0x0, 0x0, 0xd, 0xff, 0xf0,
    0x0, 0x6f, 0xf8, 0x9, 0xff, 0x90, 0x0, 0xbf,
    0xfe, 0x0, 0x0, 0x0, 0x9f, 0xff, 0x30, 0xa,
    0xff, 0x50, 0x5f, 0xfe, 0x0, 0xe, 0xff, 0xa0,
    0x0, 0x0, 0x5, 0xff, 0xf7, 0x0, 0xef, 0xf1,
    0x2, 0xff, 0xf2, 0x2, 0xff, 0xf6, 0x0, 0x0,
    0x0, 0x1f, 0xff, 0xa0, 0x2f, 0xfd, 0x0, 0xe,
    0xff, 0x50, 0x5f, 0xff, 0x20, 0x0, 0x0, 0x0,
    0xdf, 0xfd, 0x5, 0xff, 0x90, 0x0, 0xaf, 0xf9,
    0x8, 0xff, 0xe0, 0x0, 0x0, 0x0, 0x8, 0xff,
    0xf0, 0x9f, 0xf6, 0x0, 0x6, 0xff, 0xd0, 0xbf,
    0xfa, 0x0, 0x0, 0x0, 0x0, 0x4f, 0xff, 0x3c,
    0xff, 0x20, 0x0, 0x2f, 0xff, 0x1e, 0xff, 0x60,
    0x0, 0x0, 0x0, 0x0, 0xff, 0xf7, 0xff, 0xe0,
    0x0, 0x0, 0xef, 0xf6, 0xff, 0xf2, 0x0, 0x0,
    0x0, 0x0, 0xc, 0xff, 0xdf, 0xfa, 0x0, 0x0,
    0xa, 0xff, 0xdf, 0xfe, 0x0, 0x0, 0x0, 0x0,
    0x0, 0x8f, 0xff, 0xff, 0x60, 0x0, 0x0, 0x6f,
    0xff, 0xff, 0xa0, 0x0, 0x0, 0x0, 0x0, 0x4,
    0xff, 0xff, 0xf2, 0x0, 0x0, 0x2, 0xff, 0xff,
    0xf6, 0x0, 0x0, 0x0, 0x0, 0x0, 0xf, 0xff,
    0xfe, 0x0, 0x0, 0x0, 0xe, 0xff, 0xff, 0x20,
    0x0, 0x0,

    /* U+0078 "x" */
    0xb, 0xff, 0xfa, 0x0, 0x0, 0x0, 0x1f, 0xff,
    0xf2, 0x2, 0xff, 0xff, 0x30, 0x0, 0x0, 0x8f,
    0xff, 0x90, 0x0, 0x8f, 0xff, 0xc0, 0x0, 0x1,
    0xff, 0xfe, 0x10, 0x0, 0xd, 0xff, 0xf5, 0x0,
    0x8, 0xff, 0xf6, 0x0, 0x0, 0x4, 0xff, 0xfd,
    0x0, 0x1f, 0xff, 0xd0, 0x0, 0x0, 0x0, 0xbf,
    0xff, 0x60, 0x7f, 0xff, 0x40, 0x0, 0x0, 0x0,
    0x2f, 0xff, 0xe1, 0xef, 0xfa, 0x0, 0x0, 0x0,
    0x0, 0x8, 0xff, 0xfd, 0xff, 0xf2, 0x0, 0x0,
    0x0, 0x0, 0x0, 0xdf, 0xff, 0xff, 0x80, 0x0,
    0x0, 0x0, 0x0, 0x0, 0x6f, 0xff, 0xfe, 0x0,
    0x0, 0x0, 0x0, 0x0, 0x0, 0xcf, 0xff, 0xfe,
    0x0, 0x0, 0x0, 0x0, 0x0, 0x6, 0xff, 0xff,
    0xff, 0x90, 0x0, 0x0, 0x0, 0x0, 0x1e, 0xff,
    0xad, 0xff, 0xf3, 0x0, 0x0, 0x0, 0x0, 0x9f,
    0xff, 0x25, 0xff, 0xfc, 0x0, 0x0, 0x0, 0x2,
    0xff, 0xfa, 0x0, 0xcf, 0xff, 0x60, 0x0, 0x0,
    0xc, 0xff, 0xf2, 0x0, 0x3f, 0xff, 0xf1, 0x0,
    0x0, 0x5f, 0xff, 0x90, 0x0, 0x9, 0xff, 0xfa,
    0x0, 0x0, 0xef, 0xff, 0x10, 0x0, 0x1, 0xef,
    0xff, 0x40, 0x8, 0xff, 0xf8, 0x0, 0x0, 0x0,
    0x6f, 0xff, 0xd0, 0x2f, 0xff, 0xf1, 0x0, 0x0,
    0x0, 0xd, 0xff, 0xf8,

    /* U+0079 "y" */
    0x5f, 0xff, 0xb0, 0x0, 0x0, 0x0, 0x0, 0x7f,
    0xff, 0x60, 0xef, 0xff, 0x10, 0x0, 0x0, 0x0,
    0xc, 0xff, 0xf1, 0x8, 0xff, 0xf7, 0x0, 0x0,
    0x0, 0x1, 0xff, 0xfb, 0x0, 0x2f, 0xff, 0xc0,
    0x0, 0x0, 0x0, 0x5f, 0xff, 0x60, 0x0, 0xcf,
    0xff, 0x20, 0x0, 0x0, 0xa, 0xff, 0xf1, 0x0,
    0x6, 0xff, 0xf7, 0x0, 0x0, 0x0, 0xff, 0xfb,
    0x0, 0x0, 0xf, 0xff, 0xd0, 0x0, 0x0, 0x4f,
    0xff, 0x60, 0x0, 0x0, 0x9f, 0xff, 0x20, 0x0,
    0x9, 0xff, 0xf1, 0x0, 0x0, 0x3, 0xff, 0xf8,
    0x0, 0x0, 0xef, 0xfb, 0x0, 0x0, 0x0, 0xd,
    0xff, 0xd0, 0x0, 0x3f, 0xff, 0x50, 0x0, 0x0,
    0x0, 0x6f, 0xff, 0x30, 0x8, 0xff, 0xf0, 0x0,
    0x0, 0x0, 0x1, 0xff, 0xf8, 0x0, 0xcf, 0xfb,
    0x0, 0x0, 0x0, 0x0, 0xa, 0xff, 0xd0, 0xf,
    0xff, 0x50, 0x0, 0x0, 0x0, 0x0, 0x4f, 0xff,
    0x25, 0xff, 0xf0, 0x0, 0x0, 0x0, 0x0, 0x0,
    0xdf, 0xf7, 0x9f, 0xfa, 0x0, 0x0, 0x0, 0x0,
    0x0, 0x7, 0xff, 0xdd, 0xff, 0x50, 0x0, 0x0,
    0x0, 0x0, 0x0, 0x1f, 0xff, 0xff, 0xf0, 0x0,
    0x0, 0x0, 0x0, 0x0, 0x0, 0xbf, 0xff, 0xfa,
    0x0, 0x0, 0x0, 0x0, 0x0, 0x0, 0x5, 0xff,
    0xff, 0x50, 0x0, 0x0, 0x0, 0x0, 0x0, 0x0,
    0xf, 0xff, 0xf0, 0x0, 0x0, 0x0, 0x0, 0x0,
    0x0, 0x2, 0xff, 0xfa, 0x0, 0x0, 0x0, 0x0,
    0x0, 0x0, 0x0, 0x8f, 0xff, 0x40, 0x0, 0x0,
    0x0, 0x0, 0x0, 0x0, 0x1e, 0xff, 0xd0, 0x0,
    0x0, 0x0, 0x0, 0x0, 0x0, 0xb, 0xff, 0xf6,
    0x0, 0x0, 0x0, 0x0, 0x0, 0x65, 0x7d, 0xff,
    0xfc, 0x0, 0x0, 0x0, 0x0, 0x0, 0xf, 0xff,
    0xff, 0xff, 0x20, 0x0, 0x0, 0x0, 0x0, 0x3,
    0xff, 0xff, 0xfd, 0x30, 0x0, 0x0, 0x0, 0x0,
    0x0, 0x4d, 0xff, 0xd8, 0x0, 0x0, 0x0, 0x0,
    0x0, 0x0,

    /* U+007A "z" */
    0xa, 0xff, 0xff, 0xff, 0xff, 0xff, 0xff, 0xd0,
    0xa, 0xff, 0xff, 0xff, 0xff, 0xff, 0xff, 0xd0,
    0xa, 0xff, 0xff, 0xff, 0xff, 0xff, 0xff, 0xa0,
    0x3, 0x44, 0x44, 0x44, 0x49, 0xff, 0xfe, 0x10,
    0x0, 0x0, 0x0, 0x0, 0x1e, 0xff, 0xf5, 0x0,
    0x0, 0x0, 0x0, 0x0, 0xaf, 0xff, 0xb0, 0x0,
    0x0, 0x0, 0x0, 0x5, 0xff, 0xff, 0x10, 0x0,
    0x0, 0x0, 0x0, 0x1e, 0xff, 0xf6, 0x0, 0x0,
    0x0, 0x0, 0x0, 0x9f, 0xff, 0xb0, 0x0, 0x0,
    0x0, 0x0, 0x4, 0xff, 0xff, 0x20, 0x0, 0x0,
    0x0, 0x0, 0xe, 0xff, 0xf7, 0x0, 0x0, 0x0,
    0x0, 0x0, 0x9f, 0xff, 0xc0, 0x0, 0x0, 0x0,
    0x0, 0x3, 0xff, 0xff, 0x20, 0x0, 0x0, 0x0,
    0x0, 0xd, 0xff, 0xf7, 0x0, 0x0, 0x0, 0x0,
    0x0, 0x8f, 0xff, 0xd0, 0x0, 0x0, 0x0, 0x0,
    0x3, 0xff, 0xff, 0x30, 0x0, 0x0, 0x0, 0x0,
    0xd, 0xff, 0xfb, 0x44, 0x44, 0x44, 0x44, 0x40,
    0x7f, 0xff, 0xff, 0xff, 0xff, 0xff, 0xff, 0xf3,
    0xbf, 0xff, 0xff, 0xff, 0xff, 0xff, 0xff, 0xf3,
    0xbf, 0xff, 0xff, 0xff, 0xff, 0xff, 0xff, 0xf3,

    /* U+00A5 "¥" */
    0x7, 0x77, 0x70, 0x0, 0x0, 0x0, 0x0, 0x7,
    0x77, 0x70, 0xb, 0xff, 0xf6, 0x0, 0x0, 0x0,
    0x0, 0x5f, 0xff, 0xa0, 0x3, 0xff, 0xfd, 0x0,
    0x0, 0x0, 0x0, 0xcf, 0xff, 0x30, 0x0, 0xbf,
    0xff, 0x40, 0x0, 0x0, 0x3, 0xff, 0xfa, 0x0,
    0x0, 0x4f, 0xff, 0xa0, 0x0, 0x0, 0x9, 0xff,
    0xf2, 0x0, 0x0, 0xc, 0xff, 0xf1, 0x0, 0x0,
    0x1f, 0xff, 0xa0, 0x0, 0x0, 0x4, 0xff, 0xf8,
    0x0, 0x0, 0x7f, 0xff, 0x20, 0x0, 0x0, 0x0,
    0xcf, 0xfe, 0x0, 0x0, 0xdf, 0xfa, 0x0, 0x0,
    0x0, 0x0, 0x4f, 0xff, 0x50, 0x4, 0xff, 0xf2,
    0x0, 0x0, 0x0, 0x0, 0xc, 0xff, 0xc0, 0xb,
    0xff, 0xa0, 0x0, 0x0, 0x0, 0x0, 0x4, 0xff,
    0xf3, 0x2f, 0xff, 0x20, 0x0, 0x0, 0x0, 0x0,
    0x0, 0xcf, 0xf9, 0x8f, 0xfa, 0x0, 0x0, 0x0,
    0x0, 0x0, 0x0, 0x4f, 0xff, 0xff, 0xf2, 0x0,
    0x0, 0x0, 0x4, 0xff, 0xff, 0xff, 0xff, 0xff,
    0xff, 0xff, 0xff, 0x40, 0x4, 0xff, 0xff, 0xff,
    0xff, 0xff, 0xff, 0xff, 0xff, 0x40, 0x1, 0x44,
    0x44, 0x44, 0xff, 0xff, 0x44, 0x44, 0x44, 0x10,
    0x0, 0x0, 0x0, 0x0, 0xff, 0xff, 0x0, 0x0,
    0x0, 0x0, 0x1, 0x44, 0x44, 0x44, 0xff, 0xff,
    0x44, 0x44, 0x44, 0x10, 0x4, 0xff, 0xff, 0xff,
    0xff, 0xff, 0xff, 0xff, 0xff, 0x40, 0x4, 0xff,
    0xff, 0xff, 0xff, 0xff, 0xff, 0xff, 0xff, 0x40,
    0x0, 0x0, 0x0, 0x0, 0xff, 0xff, 0x0, 0x0,
    0x0, 0x0, 0x0, 0x0, 0x0, 0x0, 0xff, 0xff,
    0x0, 0x0, 0x0, 0x0, 0x0, 0x0, 0x0, 0x0,
    0xff, 0xff, 0x0, 0x0, 0x0, 0x0, 0x0, 0x0,
    0x0, 0x0, 0xff, 0xff, 0x0, 0x0, 0x0, 0x0,
    0x0, 0x0, 0x0, 0x0, 0xff, 0xff, 0x0, 0x0,
    0x0, 0x0, 0x0, 0x0, 0x0, 0x0, 0xff, 0xff,
    0x0, 0x0, 0x0, 0x0,

    /* U+2014 "—" */
    0x4b, 0xbb, 0xbb, 0xbb, 0xbb, 0xbb, 0xbb, 0xbb,
    0xbb, 0xbb, 0xbb, 0xbb, 0xbb, 0xbb, 0x95, 0xff,
    0xff, 0xff, 0xff, 0xff, 0xff, 0xff, 0xff, 0xff,
    0xff, 0xff, 0xff, 0xff, 0xfc, 0x5f, 0xff, 0xff,
    0xff, 0xff, 0xff, 0xff, 0xff, 0xff, 0xff, 0xff,
    0xff, 0xff, 0xff, 0xc0,

    /* U+2022 "•" */
    0x0, 0x0, 0x20, 0x0, 0x0, 0x9, 0xff, 0xf9,
    0x0, 0xb, 0xff, 0xff, 0xfb, 0x4, 0xff, 0xff,
    0xff, 0xf4, 0x7f, 0xff, 0xff, 0xff, 0x77, 0xff,
    0xff, 0xff, 0xf6, 0x2f, 0xff, 0xff, 0xff, 0x20,
    0x8f, 0xff, 0xff, 0x80, 0x0, 0x6c, 0xfc, 0x60,
    0x0,

    /* U+2103 "℃" */
    0x0, 0x6, 0xad, 0xb7, 0x0, 0x0, 0x0, 0x0,
    0x0, 0x0, 0x0, 0x0, 0x11, 0x0, 0x0, 0x0,
    0x0, 0x1c, 0xff, 0xff, 0xfe, 0x30, 0x0, 0x0,
    0x0, 0x0, 0x4, 0x9d, 0xff, 0xff, 0xc6, 0x0,
    0x0, 0xb, 0xff, 0x85, 0x7e, 0xfe, 0x10, 0x0,
    0x0, 0x0, 0x3b, 0xff, 0xff, 0xff, 0xff, 0xfe,
    0x50, 0x3, 0xff, 0x50, 0x0, 0x1f, 0xf7, 0x0,
    0x0, 0x0, 0x5f, 0xff, 0xff, 0xff, 0xff, 0xff,
    0xff, 0x90, 0x6f, 0xe0, 0x0, 0x0, 0x9f, 0xa0,
    0x0, 0x0, 0x6f, 0xff, 0xff, 0xfb, 0x88, 0xae,
    0xff, 0xfc, 0x8, 0xfd, 0x0, 0x0, 0x8, 0xfc,
    0x0, 0x0, 0x3f, 0xff, 0xff, 0x70, 0x0, 0x0,
    0x8, 0xfd, 0x10, 0x5f, 0xf1, 0x0, 0x0, 0xcf,
    0x90, 0x0, 0xd, 0xff, 0xff, 0x30, 0x0, 0x0,
    0x0, 0x3, 0x10, 0x1, 0xef, 0xb1, 0x0, 0x8f,
    0xf4, 0x0, 0x5, 0xff, 0xff, 0x50, 0x0, 0x0,
    0x0, 0x0, 0x0, 0x0, 0x5, 0xff, 0xfe, 0xff,
    0xf8, 0x0, 0x0, 0xcf, 0xff, 0xb0, 0x0, 0x0,
    0x0, 0x0, 0x0, 0x0, 0x0, 0x4, 0xdf, 0xff,
    0xe6, 0x0, 0x0, 0x1f, 0xff, 0xf4, 0x0, 0x0,
    0x0, 0x0, 0x0, 0x0, 0x0, 0x0, 0x0, 0x13,
    0x20, 0x0, 0x0, 0x5, 0xff, 0xff, 0x0, 0x0,
    0x0, 0x0, 0x0, 0x0, 0x0, 0x0, 0x0, 0x0,
    0x0, 0x0, 0x0, 0x0, 0x8f, 0xff, 0xb0, 0x0,
    0x0, 0x0, 0x0, 0x0, 0x0, 0x0, 0x0, 0x0,
    0x0, 0x0, 0x0, 0x0, 0xa, 0xff, 0xf9, 0x0,
    0x0, 0x0, 0x0, 0x0, 0x0, 0x0, 0x0, 0x0,
    0x0, 0x0, 0x0, 0x0, 0x0, 0xbf, 0xff, 0x80,
    0x0, 0x0, 0x0, 0x0, 0x0, 0x0, 0x0, 0x0,
    0x0, 0x0, 0x0, 0x0, 0x0, 0xb, 0xff, 0xf8,
    0x0, 0x0, 0x0, 0x0, 0x0, 0x0, 0x0, 0x0,
    0x0, 0x0, 0x0, 0x0, 0x0, 0x0, 0xaf, 0xff,
    0x90, 0x0, 0x0, 0x0, 0x0, 0x0, 0x0, 0x0,
    0x0, 0x0, 0x0, 0x0, 0x0, 0x0, 0x9, 0xff,
    0xfa, 0x0, 0x0, 0x0, 0x0, 0x0, 0x0, 0x0,
    0x0, 0x0, 0x0, 0x0, 0x0, 0x0, 0x0, 0x7f,
    0xff, 0xe0, 0x0, 0x0, 0x0, 0x0, 0x0, 0x0,
    0x0, 0x0, 0x0, 0x0, 0x0, 0x0, 0x0, 0x3,
    0xff, 0xff, 0x20, 0x0, 0x0, 0x0, 0x0, 0x0,
    0x0, 0x0, 0x0, 0x0, 0x0, 0x0, 0x0, 0x0,
    0xf, 0xff, 0xf8, 0x0, 0x0, 0x0, 0x0, 0x0,
    0x0, 0x0, 0x0, 0x0, 0x0, 0x0, 0x0, 0x0,
    0x0, 0x9f, 0xff, 0xf1, 0x0, 0x0, 0x0, 0x0,
    0x0, 0x0, 0x0, 0x0, 0x0, 0x0, 0x0, 0x0,
    0x0, 0x2, 0xff, 0xff, 0xb0, 0x0, 0x0, 0x0,
    0x0, 0x19, 0x0, 0x0, 0x0, 0x0, 0x0, 0x0,
    0x0, 0x0, 0x9, 0xff, 0xff, 0xb1, 0x0, 0x0,
    0x0, 0x3d, 0xfa, 0x0, 0x0, 0x0, 0x0, 0x0,
    0x0, 0x0, 0x0, 0xc, 0xff, 0xff, 0xf9, 0x42,
    0x35, 0xaf, 0xff, 0xf8, 0x0, 0x0, 0x0, 0x0,
    0x0, 0x0, 0x0, 0x0, 0x1c, 0xff, 0xff, 0xff,
    0xff, 0xff, 0xff, 0xfe, 0x20, 0x0, 0x0, 0x0,
    0x0, 0x0, 0x0, 0x0, 0x0, 0xa, 0xff, 0xff,
    0xff, 0xff, 0xff, 0xfb, 0x10, 0x0, 0x0, 0x0,
    0x0, 0x0, 0x0, 0x0, 0x0, 0x0, 0x3, 0xaf,
    0xff, 0xff, 0xff, 0xc5, 0x0, 0x0, 0x0, 0x0,
    0x0, 0x0, 0x0, 0x0, 0x0, 0x0, 0x0, 0x0,
    0x4, 0x57, 0x65, 0x20, 0x0, 0x0,

    /* U+4E2D "中" */
    0x0, 0x0, 0x0, 0x0, 0x0, 0x0, 0x37, 0x77,
    0x0, 0x0, 0x0, 0x0, 0x0, 0x0, 0x0, 0x0,
    0x0, 0x0, 0x0, 0x0, 0x7, 0xff, 0xf0, 0x0,
    0x0, 0x0, 0x0, 0x0, 0x0, 0x0, 0x0, 0x0,
    0x0, 0x0, 0x0, 0x7f, 0xff, 0x0, 0x0, 0x0,
    0x0, 0x0, 0x0, 0x0, 0x0, 0x0, 0x0, 0x0,
    0x0, 0x7, 0xff, 0xf0, 0x0, 0x0, 0x0, 0x0,
    0x0, 0x0, 0x0, 0x0, 0x0, 0x0, 0x0, 0x0,
    0x7f, 0xff, 0x0, 0x0, 0x0, 0x0, 0x0, 0x0,
    0x0, 0x0, 0x0, 0x0, 0x0, 0x0, 0x7, 0xff,
    0xf0, 0x0, 0x0, 0x0, 0x0, 0x0, 0x0, 0x44,
    0x44, 0x44, 0x44, 0x44, 0x44, 0xaf, 0xff, 0x44,
    0x44, 0x44, 0x44, 0x44, 0x44, 0x2e, 0xff, 0xff,
    0xff, 0xff, 0xff, 0xff, 0xff, 0xff, 0xff, 0xff,
    0xff, 0xff, 0xff, 0xf8, 0xef, 0xff, 0xff, 0xff,
    0xff, 0xff, 0xff, 0xff, 0xff, 0xff, 0xff, 0xff,
    0xff, 0xff, 0x8e, 0xff, 0xff, 0xff, 0xff, 0xff,
    0xff, 0xff, 0xff, 0xff, 0xff, 0xff, 0xff, 0xff,
    0xf8, 0xef, 0xf5, 0x0, 0x0, 0x0, 0x0, 0x7f,
    0xff, 0x0, 0x0, 0x0, 0x0, 0xe, 0xff, 0x8e,
    0xff, 0x50, 0x0, 0x0, 0x0, 0x7, 0xff, 0xf0,
    0x0, 0x0, 0x0, 0x0, 0xef, 0xf8, 0xef, 0xf5,
    0x0, 0x0, 0x0, 0x0, 0x7f, 0xff, 0x0, 0x0,
    0x0, 0x0, 0xe, 0xff, 0x8e, 0xff, 0x50, 0x0,
    0x0, 0x0, 0x7, 0xff, 0xf0, 0x0, 0x0, 0x0,
    0x0, 0xef, 0xf8, 0xef, 0xf5, 0x0, 0x0, 0x0,
    0x0, 0x7f, 0xff, 0x0, 0x0, 0x0, 0x0, 0xe,
    0xff, 0x8e, 0xff, 0x50, 0x0, 0x0, 0x0, 0x7,
    0xff, 0xf0, 0x0, 0x0, 0x0, 0x0, 0xef, 0xf8,
    0xef, 0xf5, 0x0, 0x0, 0x0, 0x0, 0x7f, 0xff,
    0x0, 0x0, 0x0, 0x0, 0xe, 0xff, 0x8e, 0xff,
    0x50, 0x0, 0x0, 0x0, 0x7, 0xff, 0xf0, 0x0,
    0x0, 0x0, 0x0, 0xef, 0xf8, 0xef, 0xf9, 0x55,
    0x55, 0x55, 0x55, 0xaf, 0xff, 0x55, 0x55, 0x55,
    0x55, 0x5f, 0xff, 0x8e, 0xff, 0xff, 0xff, 0xff,
    0xff, 0xff, 0xff, 0xff, 0xff, 0xff, 0xff, 0xff,
    0xff, 0xf8, 0xef, 0xff, 0xff, 0xff, 0xff, 0xff,
    0xff, 0xff, 0xff, 0xff, 0xff, 0xff, 0xff, 0xff,
    0x8e, 0xff, 0xee, 0xee, 0xee, 0xee, 0xef, 0xff,
    0xfe, 0xee, 0xee, 0xee, 0xee, 0xff, 0xf8, 0xef,
    0xf5, 0x0, 0x0, 0x0, 0x0, 0x7f, 0xff, 0x0,
    0x0, 0x0, 0x0, 0xe, 0xff, 0x8e, 0xff, 0x50,
    0x0, 0x0, 0x0, 0x7, 0xff, 0xf0, 0x0, 0x0,
    0x0, 0x0, 0xbc, 0xc6, 0x0, 0x0, 0x0, 0x0,
    0x0, 0x0, 0x7f, 0xff, 0x0, 0x0, 0x0, 0x0,
    0x0, 0x0, 0x0, 0x0, 0x0, 0x0, 0x0, 0x0,
    0x7, 0xff, 0xf0, 0x0, 0x0, 0x0, 0x0, 0x0,
    0x0, 0x0, 0x0, 0x0, 0x0, 0x0, 0x0, 0x7f,
    0xff, 0x0, 0x0, 0x0, 0x0, 0x0, 0x0, 0x0,
    0x0, 0x0, 0x0, 0x0, 0x0, 0x7, 0xff, 0xf0,
    0x0, 0x0, 0x0, 0x0, 0x0, 0x0, 0x0, 0x0,
    0x0, 0x0, 0x0, 0x0, 0x7f, 0xff, 0x0, 0x0,
    0x0, 0x0, 0x0, 0x0, 0x0, 0x0, 0x0, 0x0,
    0x0, 0x0, 0x7, 0xff, 0xf0, 0x0, 0x0, 0x0,
    0x0, 0x0, 0x0, 0x0, 0x0, 0x0, 0x0, 0x0,
    0x0, 0x7f, 0xff, 0x0, 0x0, 0x0, 0x0, 0x0,
    0x0, 0x0, 0x0, 0x0, 0x0, 0x0, 0x0, 0x7,
    0xff, 0xf0, 0x0, 0x0, 0x0, 0x0, 0x0, 0x0,
    0x0, 0x0, 0x0, 0x0, 0x0, 0x0, 0x7f, 0xff,
    0x0, 0x0, 0x0, 0x0, 0x0, 0x0, 0x0,

    /* U+4EAE "亮" */
    0x0, 0x0, 0x0, 0x0, 0x0, 0x0, 0x0, 0x0,
    0x0, 0x0, 0x0, 0x0, 0x0, 0x0, 0x0, 0x0,
    0x0, 0x0, 0x0, 0x0, 0x0, 0x0, 0x0, 0x7,
    0xae, 0x70, 0x0, 0x0, 0x0, 0x0, 0x0, 0x0,
    0x0, 0x0, 0x0, 0x0, 0x0, 0x0, 0x0, 0x0,
    0xbf, 0xff, 0x10, 0x0, 0x0, 0x0, 0x0, 0x0,
    0x0, 0x0, 0x0, 0x0, 0x0, 0x0, 0x0, 0x0,
    0x3, 0xff, 0xf8, 0x0, 0x0, 0x0, 0x0, 0x0,
    0x0, 0x0, 0xb, 0xbb, 0xbb, 0xbb, 0xbb, 0xbb,
    0xbb, 0xbf, 0xff, 0xfb, 0xbb, 0xbb, 0xbb, 0xbb,
    0xbb, 0xbb, 0x1, 0xff, 0xff, 0xff, 0xff, 0xff,
    0xff, 0xff, 0xff, 0xff, 0xff, 0xff, 0xff, 0xff,
    0xff, 0xff, 0xf0, 0x1f, 0xff, 0xff, 0xff, 0xff,
    0xff, 0xff, 0xff, 0xff, 0xff, 0xff, 0xff, 0xff,
    0xff, 0xff, 0xff, 0x0, 0x0, 0x0, 0x0, 0x0,
    0x0, 0x0, 0x0, 0x0, 0x0, 0x0, 0x0, 0x0,
    0x0, 0x0, 0x0, 0x0, 0x0, 0x0, 0x0, 0x0,
    0x0, 0x0, 0x0, 0x0, 0x0, 0x0, 0x0, 0x0,
    0x0, 0x0, 0x0, 0x0, 0x0, 0x0, 0x0, 0x2f,
    0xff, 0xff, 0xff, 0xff, 0xff, 0xff, 0xff, 0xff,
    0xff, 0xff, 0x50, 0x0, 0x0, 0x0, 0x0, 0x2,
    0xff, 0xff, 0xff, 0xff, 0xff, 0xff, 0xff, 0xff,
    0xff, 0xff, 0xf5, 0x0, 0x0, 0x0, 0x0, 0x0,
    0x2f, 0xff, 0x64, 0x44, 0x44, 0x44, 0x44, 0x44,
    0x44, 0x5f, 0xff, 0x50, 0x0, 0x0, 0x0, 0x0,
    0x2, 0xff, 0xf2, 0x0, 0x0, 0x0, 0x0, 0x0,
    0x0, 0x2, 0xff, 0xf5, 0x0, 0x0, 0x0, 0x0,
    0x0, 0x2f, 0xff, 0x42, 0x22, 0x22, 0x22, 0x22,
    0x22, 0x22, 0x4f, 0xff, 0x50, 0x0, 0x0, 0x0,
    0x0, 0x2, 0xff, 0xff, 0xff, 0xff, 0xff, 0xff,
    0xff, 0xff, 0xff, 0xff, 0xf5, 0x0, 0x0, 0x0,
    0x0, 0x0, 0x2f, 0xff, 0xff, 0xff, 0xff, 0xff,
    0xff, 0xff, 0xff, 0xff, 0xff, 0x50, 0x0, 0x0,
    0x0, 0x0, 0x0, 0x11, 0x11, 0x11, 0x11, 0x11,
    0x11, 0x11, 0x11, 0x11, 0x11, 0x10, 0x0, 0x0,
    0x0, 0x0, 0x0, 0x0, 0x0, 0x0, 0x0, 0x0,
    0x0, 0x0, 0x0, 0x0, 0x0, 0x0, 0x0, 0x0,
    0x0, 0x8, 0xff, 0xff, 0xff, 0xff, 0xff, 0xff,
    0xff, 0xff, 0xff, 0xff, 0xff, 0xff, 0xff, 0xff,
    0xf8, 0x0, 0x8f, 0xff, 0xff, 0xff, 0xff, 0xff,
    0xff, 0xff, 0xff, 0xff, 0xff, 0xff, 0xff, 0xff,
    0xff, 0x80, 0x8, 0xff, 0xc8, 0x88, 0x88, 0x88,
    0x88, 0x88, 0x88, 0x88, 0x88, 0x88, 0x88, 0x88,
    0xef, 0xf8, 0x0, 0x8f, 0xf8, 0x0, 0x0, 0x0,
    0x0, 0x0, 0x0, 0x0, 0x0, 0x0, 0x0, 0x0,
    0xc, 0xff, 0x80, 0x8, 0xff, 0x80, 0x0, 0x8,
    0xaa, 0xaa, 0xaa, 0xaa, 0xaa, 0xaa, 0xa7, 0x0,
    0x0, 0xcf, 0xf8, 0x0, 0x8f, 0xf8, 0x0, 0x0,
    0xdf, 0xff, 0xff, 0xff, 0xff, 0xff, 0xff, 0xa0,
    0x0, 0xc, 0xff, 0x80, 0x1, 0x33, 0x10, 0x0,
    0xe, 0xff, 0xff, 0xff, 0xff, 0xff, 0xff, 0xfa,
    0x0, 0x0, 0x22, 0x21, 0x0, 0x0, 0x0, 0x0,
    0x1, 0xff, 0xf6, 0x11, 0x11, 0x11, 0x1d, 0xff,
    0xa0, 0x0, 0x0, 0x0, 0x0, 0x0, 0x0, 0x0,
    0x0, 0x4f, 0xff, 0x10, 0x0, 0x0, 0x0, 0xdf,
    0xfa, 0x0, 0x0, 0x0, 0x0, 0x0, 0x0, 0x0,
    0x0, 0xa, 0xff, 0xd0, 0x0, 0x0, 0x0, 0xd,
    0xff, 0xa0, 0x0, 0x0, 0xd5, 0x0, 0x0, 0x0,
    0x0, 0x3, 0xff, 0xf9, 0x0, 0x0, 0x0, 0x0,
    0xdf, 0xfa, 0x0, 0x0, 0xf, 0xfe, 0x0, 0x0,
    0x0, 0x3, 0xef, 0xff, 0x20, 0x0, 0x0, 0x0,
    0xd, 0xff, 0xa0, 0x0, 0x1, 0xff, 0xf0, 0x0,
    0x0, 0x29, 0xff, 0xff, 0x70, 0x0, 0x0, 0x0,
    0x0, 0xcf, 0xfc, 0x0, 0x0, 0x5f, 0xfc, 0x0,
    0x59, 0xdf, 0xff, 0xff, 0x80, 0x0, 0x0, 0x0,
    0x0, 0xa, 0xff, 0xfe, 0xdd, 0xef, 0xff, 0x80,
    0x9, 0xff, 0xff, 0xfe, 0x50, 0x0, 0x0, 0x0,
    0x0, 0x0, 0x4f, 0xff, 0xff, 0xff, 0xff, 0xf2,
    0x0, 0xe, 0xff, 0xc6, 0x0, 0x0, 0x0, 0x0,
    0x0, 0x0, 0x0, 0x5c, 0xef, 0xff, 0xff, 0xc4,
    0x0, 0x0, 0x45, 0x10, 0x0, 0x0, 0x0, 0x0,
    0x0, 0x0, 0x0, 0x0, 0x0, 0x0, 0x0, 0x0,
    0x0, 0x0,

    /* U+4ED8 "付" */
    0x0, 0x0, 0x0, 0x0, 0x2, 0x30, 0x0, 0x0,
    0x0, 0x0, 0x0, 0x0, 0x0, 0x44, 0x41, 0x0,
    0x0, 0x0, 0x0, 0x0, 0x0, 0xb, 0xfe, 0x80,
    0x0, 0x0, 0x0, 0x0, 0x0, 0x2, 0xff, 0xf4,
    0x0, 0x0, 0x0, 0x0, 0x0, 0x0, 0x2f, 0xff,
    0x90, 0x0, 0x0, 0x0, 0x0, 0x0, 0x2, 0xff,
    0xf4, 0x0, 0x0, 0x0, 0x0, 0x0, 0x0, 0x8f,
    0xff, 0x20, 0x0, 0x0, 0x0, 0x0, 0x0, 0x2,
    0xff, 0xf4, 0x0, 0x0, 0x0, 0x0, 0x0, 0x1,
    0xff, 0xfb, 0x0, 0x0, 0x0, 0x0, 0x0, 0x0,
    0x2, 0xff, 0xf4, 0x0, 0x0, 0x0, 0x0, 0x0,
    0x8, 0xff, 0xf4, 0x0, 0x0, 0x0, 0x0, 0x0,
    0x0, 0x2, 0xff, 0xf4, 0x0, 0x0, 0x0, 0x0,
    0x0, 0x2f, 0xff, 0xb0, 0x0, 0x0, 0x0, 0x0,
    0x0, 0x0, 0x2, 0xff, 0xf4, 0x0, 0x0, 0x0,
    0x0, 0x0, 0xaf, 0xff, 0x30, 0x0, 0x0, 0x0,
    0x0, 0x0, 0x0, 0x2, 0xff, 0xf4, 0x0, 0x0,
    0x0, 0x0, 0x4, 0xff, 0xfb, 0x0, 0xff, 0xff,
    0xff, 0xff, 0xff, 0xff, 0xff, 0xff, 0xff, 0xff,
    0xf6, 0x0, 0x0, 0x1e, 0xff, 0xf6, 0x0, 0xff,
    0xff, 0xff, 0xff, 0xff, 0xff, 0xff, 0xff, 0xff,
    0xff, 0xf6, 0x0, 0x0, 0xaf, 0xff, 0xf6, 0x0,
    0xff, 0xff, 0xff, 0xff, 0xff, 0xff, 0xff, 0xff,
    0xff, 0xff, 0xf6, 0x0, 0x6, 0xff, 0xff, 0xf6,
    0x0, 0x55, 0x55, 0x55, 0x55, 0x55, 0x55, 0x57,
    0xff, 0xf8, 0x55, 0x52, 0x0, 0x4f, 0xff, 0xff,
    0xf6, 0x0, 0x0, 0x0, 0x0, 0x0, 0x0, 0x0,
    0x2, 0xff, 0xf4, 0x0, 0x0, 0x3, 0xff, 0xff,
    0xff, 0xf6, 0x0, 0x0, 0x0, 0x0, 0x0, 0x0,
    0x0, 0x2, 0xff, 0xf4, 0x0, 0x0, 0xd, 0xff,
    0xfc, 0xff, 0xf6, 0x0, 0x0, 0x0, 0x30, 0x0,
    0x0, 0x0, 0x2, 0xff, 0xf4, 0x0, 0x0, 0x5,
    0xff, 0xd1, 0xef, 0xf6, 0x0, 0x0, 0x4c, 0xf5,
    0x0, 0x0, 0x0, 0x2, 0xff, 0xf4, 0x0, 0x0,
    0x0, 0xcf, 0x20, 0xef, 0xf6, 0x0, 0x0, 0xbf,
    0xfe, 0x10, 0x0, 0x0, 0x2, 0xff, 0xf4, 0x0,
    0x0, 0x0, 0x34, 0x0, 0xef, 0xf6, 0x0, 0x0,
    0x2f, 0xff, 0xa0, 0x0, 0x0, 0x2, 0xff, 0xf4,
    0x0, 0x0, 0x0, 0x0, 0x0, 0xef, 0xf6, 0x0,
    0x0, 0x8, 0xff, 0xf4, 0x0, 0x0, 0x2, 0xff,
    0xf4, 0x0, 0x0, 0x0, 0x0, 0x0, 0xef, 0xf6,
    0x0, 0x0, 0x0, 0xef, 0xfe, 0x0, 0x0, 0x2,
    0xff, 0xf4, 0x0, 0x0, 0x0, 0x0, 0x0, 0xef,
    0xf6, 0x0, 0x0, 0x0, 0x6f, 0xff, 0x80, 0x0,
    0x2, 0xff, 0xf4, 0x0, 0x0, 0x0, 0x0, 0x0,
    0xef, 0xf6, 0x0, 0x0, 0x0, 0xd, 0xff, 0xf1,
    0x0, 0x2, 0xff, 0xf4, 0x0, 0x0, 0x0, 0x0,
    0x0, 0xef, 0xf6, 0x0, 0x0, 0x0, 0x4, 0xff,
    0xfa, 0x0, 0x2, 0xff, 0xf4, 0x0, 0x0, 0x0,
    0x0, 0x0, 0xef, 0xf6, 0x0, 0x0, 0x0, 0x0,
    0xcf, 0xb2, 0x0, 0x2, 0xff, 0xf4, 0x0, 0x0,
    0x0, 0x0, 0x0, 0xef, 0xf6, 0x0, 0x0, 0x0,
    0x0, 0x33, 0x0, 0x0, 0x2, 0xff, 0xf4, 0x0,
    0x0, 0x0, 0x0, 0x0, 0xef, 0xf6, 0x0, 0x0,
    0x0, 0x0, 0x0, 0x0, 0x0, 0x2, 0xff, 0xf4,
    0x0, 0x0, 0x0, 0x0, 0x0, 0xef, 0xf6, 0x0,
    0x0, 0x0, 0x0, 0x0, 0x0, 0x0, 0x2, 0xff,
    0xf4, 0x0, 0x0, 0x0, 0x0, 0x0, 0xef, 0xf6,
    0x0, 0x0, 0x0, 0x0, 0x0, 0x0, 0x0, 0x2,
    0xff, 0xf4, 0x0, 0x0, 0x0, 0x0, 0x0, 0xef,
    0xf6, 0x0, 0x0, 0x0, 0x0, 0x0, 0x0, 0x0,
    0x2, 0xff, 0xf4, 0x0, 0x0, 0x0, 0x0, 0x0,
    0xef, 0xf6, 0x0, 0x0, 0x0, 0x0, 0x44, 0x43,
    0x33, 0x4a, 0xff, 0xf3, 0x0, 0x0, 0x0, 0x0,
    0x0, 0xef, 0xf6, 0x0, 0x0, 0x0, 0x0, 0x9f,
    0xff, 0xff, 0xff, 0xff, 0xf0, 0x0, 0x0, 0x0,
    0x0, 0x0, 0xef, 0xf6, 0x0, 0x0, 0x0, 0x0,
    0x2f, 0xff, 0xff, 0xff, 0xff, 0x80, 0x0, 0x0,
    0x0, 0x0, 0x0, 0xcd, 0xd5, 0x0, 0x0, 0x0,
    0x0, 0xc, 0xff, 0xfe, 0xdc, 0x94, 0x0, 0x0,
    0x0,

    /* U+4EEC "们" */
    0x0, 0x0, 0x0, 0x0, 0x0, 0x0, 0x0, 0x20,
    0x0, 0x0, 0x0, 0x0, 0x0, 0x0, 0x0, 0x0,
    0x0, 0x0, 0x0, 0xae, 0xa4, 0x0, 0x1a, 0xf3,
    0x0, 0x1, 0x11, 0x11, 0x11, 0x11, 0x11, 0x10,
    0x0, 0x0, 0x0, 0xef, 0xf7, 0x0, 0x9f, 0xfd,
    0x0, 0xf, 0xff, 0xff, 0xff, 0xff, 0xff, 0xf5,
    0x0, 0x0, 0x4, 0xff, 0xf2, 0x0, 0xe, 0xff,
    0x80, 0xf, 0xff, 0xff, 0xff, 0xff, 0xff, 0xf5,
    0x0, 0x0, 0x9, 0xff, 0xc0, 0x0, 0x4, 0xff,
    0xf3, 0xe, 0xee, 0xee, 0xee, 0xee, 0xff, 0xf5,
    0x0, 0x0, 0xf, 0xff, 0x60, 0x0, 0x0, 0xaf,
    0xfc, 0x0, 0x0, 0x0, 0x0, 0x0, 0xef, 0xf5,
    0x0, 0x0, 0x6f, 0xff, 0x0, 0x0, 0x0, 0x1f,
    0xff, 0x40, 0x0, 0x0, 0x0, 0x0, 0xef, 0xf5,
    0x0, 0x0, 0xcf, 0xf9, 0x0, 0x1, 0x11, 0x8,
    0xfe, 0x40, 0x0, 0x0, 0x0, 0x0, 0xef, 0xf5,
    0x0, 0x3, 0xff, 0xf2, 0x0, 0x4f, 0xfe, 0x1,
    0x91, 0x0, 0x0, 0x0, 0x0, 0x0, 0xef, 0xf5,
    0x0, 0xb, 0xff, 0xe0, 0x0, 0x4f, 0xfe, 0x0,
    0x0, 0x0, 0x0, 0x0, 0x0, 0x0, 0xef, 0xf5,
    0x0, 0x4f, 0xff, 0xe0, 0x0, 0x4f, 0xfe, 0x0,
    0x0, 0x0, 0x0, 0x0, 0x0, 0x0, 0xef, 0xf5,
    0x0, 0xcf, 0xff, 0xe0, 0x0, 0x4f, 0xfe, 0x0,
    0x0, 0x0, 0x0, 0x0, 0x0, 0x0, 0xef, 0xf5,
    0x6, 0xff, 0xff, 0xe0, 0x0, 0x4f, 0xfe, 0x0,
    0x0, 0x0, 0x0, 0x0, 0x0, 0x0, 0xef, 0xf5,
    0x2f, 0xff, 0xff, 0xe0, 0x0, 0x4f, 0xfe, 0x0,
    0x0, 0x0, 0x0, 0x0, 0x0, 0x0, 0xef, 0xf5,
    0xbf, 0xff, 0xff, 0xe0, 0x0, 0x4f, 0xfe, 0x0,
    0x0, 0x0, 0x0, 0x0, 0x0, 0x0, 0xef, 0xf5,
    0x7f, 0xfd, 0xff, 0xe0, 0x0, 0x4f, 0xfe, 0x0,
    0x0, 0x0, 0x0, 0x0, 0x0, 0x0, 0xef, 0xf5,
    0xe, 0xe5, 0xff, 0xe0, 0x0, 0x4f, 0xfe, 0x0,
    0x0, 0x0, 0x0, 0x0, 0x0, 0x0, 0xef, 0xf5,
    0x8, 0x43, 0xff, 0xe0, 0x0, 0x4f, 0xfe, 0x0,
    0x0, 0x0, 0x0, 0x0, 0x0, 0x0, 0xef, 0xf5,
    0x0, 0x3, 0xff, 0xe0, 0x0, 0x4f, 0xfe, 0x0,
    0x0, 0x0, 0x0, 0x0, 0x0, 0x0, 0xef, 0xf5,
    0x0, 0x3, 0xff, 0xe0, 0x0, 0x4f, 0xfe, 0x0,
    0x0, 0x0, 0x0, 0x0, 0x0, 0x0, 0xef, 0xf5,
    0x0, 0x3, 0xff, 0xe0, 0x0, 0x4f, 0xfe, 0x0,
    0x0, 0x0, 0x0, 0x0, 0x0, 0x0, 0xef, 0xf5,
    0x0, 0x3, 0xff, 0xe0, 0x0, 0x4f, 0xfe, 0x0,
    0x0, 0x0, 0x0, 0x0, 0x0, 0x0, 0xef, 0xf5,
    0x0, 0x3, 0xff, 0xe0, 0x0, 0x4f, 0xfe, 0x0,
    0x0, 0x0, 0x0, 0x0, 0x0, 0x0, 0xef, 0xf5,
    0x0, 0x3, 0xff, 0xe0, 0x0, 0x4f, 0xfe, 0x0,
    0x0, 0x0, 0x0, 0x0, 0x0, 0x0, 0xef, 0xf5,
    0x0, 0x3, 0xff, 0xe0, 0x0, 0x4f, 0xfe, 0x0,
    0x0, 0x0, 0x0, 0x0, 0x0, 0x0, 0xef, 0xf5,
    0x0, 0x3, 0xff, 0xe0, 0x0, 0x4f, 0xfe, 0x0,
    0x0, 0x0, 0x0, 0x0, 0x0, 0x0, 0xef, 0xf5,
    0x0, 0x3, 0xff, 0xe0, 0x0, 0x4f, 0xfe, 0x0,
    0x0, 0x0, 0x0, 0x0, 0x0, 0x0, 0xef, 0xf5,
    0x0, 0x3, 0xff, 0xe0, 0x0, 0x4f, 0xfe, 0x0,
    0x0, 0x0, 0x0, 0x0, 0x0, 0x0, 0xef, 0xf5,
    0x0, 0x3, 0xff, 0xe0, 0x0, 0x4f, 0xfe, 0x0,
    0x0, 0x0, 0x0, 0x0, 0x0, 0x0, 0xef, 0xf5,
    0x0, 0x3, 0xff, 0xe0, 0x0, 0x4f, 0xfe, 0x0,
    0x0, 0x0, 0x0, 0x0, 0x0, 0x1, 0xff, 0xf5,
    0x0, 0x3, 0xff, 0xe0, 0x0, 0x4f, 0xfe, 0x0,
    0x0, 0x0, 0x0, 0xc, 0xff, 0xff, 0xff, 0xf3,
    0x0, 0x3, 0xff, 0xe0, 0x0, 0x4f, 0xfe, 0x0,
    0x0, 0x0, 0x0, 0x6, 0xff, 0xff, 0xff, 0xd0,
    0x0, 0x3, 0xff, 0xe0, 0x0, 0x4f, 0xfe, 0x0,
    0x0, 0x0, 0x0, 0x1, 0xff, 0xfe, 0xc8, 0x10,

    /* U+4FEE "修" */
    0x0, 0x0, 0x0, 0x1, 0x40, 0x0, 0x0, 0x0,
    0x0, 0x7, 0x62, 0x0, 0x0, 0x0, 0x0, 0x0,
    0x0, 0x0, 0x0, 0x0, 0x7, 0xfe, 0x60, 0x0,
    0x0, 0x0, 0x2f, 0xff, 0x30, 0x0, 0x0, 0x0,
    0x0, 0x0, 0x0, 0x0, 0x0, 0xc, 0xff, 0x40,
    0x0, 0x0, 0x0, 0x9f, 0xfc, 0x0, 0x0, 0x0,
    0x0, 0x0, 0x0, 0x0, 0x0, 0x0, 0x2f, 0xfe,
    0x0, 0x0, 0x0, 0x2, 0xff, 0xf4, 0x0, 0x0,
    0x0, 0x0, 0x0, 0x0, 0x0, 0x0, 0x0, 0x8f,
    0xf9, 0x0, 0x0, 0x0, 0xb, 0xff, 0xff, 0xff,
    0xff, 0xff, 0xff, 0xf9, 0x10, 0x0, 0x0, 0x0,
    0xff, 0xf3, 0x0, 0x0, 0x0, 0x5f, 0xff, 0xff,
    0xff, 0xff, 0xff, 0xff, 0xff, 0x10, 0x0, 0x0,
    0x7, 0xff, 0xd0, 0x0, 0x0, 0x2, 0xff, 0xff,
    0xbb, 0xbb, 0xbb, 0xbb, 0xff, 0xf9, 0x0, 0x0,
    0x0, 0xe, 0xff, 0x70, 0x0, 0x0, 0x1d, 0xff,
    0xff, 0x40, 0x0, 0x0, 0x7, 0xff, 0xe1, 0x0,
    0x0, 0x0, 0x7f, 0xff, 0x20, 0x0, 0x1, 0xcf,
    0xff, 0xff, 0xf2, 0x0, 0x0, 0x4f, 0xff, 0x50,
    0x0, 0x0, 0x1, 0xff, 0xff, 0x20, 0x0, 0xd,
    0xff, 0xf5, 0x6f, 0xfe, 0x40, 0x5, 0xff, 0xf8,
    0x0, 0x0, 0x0, 0xa, 0xff, 0xff, 0x20, 0x8e,
    0xe5, 0xdf, 0x60, 0x8, 0xff, 0xf7, 0x8f, 0xff,
    0x70, 0x0, 0x0, 0x0, 0x3f, 0xff, 0xff, 0x20,
    0x9f, 0xf2, 0x15, 0x0, 0x0, 0x8f, 0xff, 0xff,
    0xf7, 0x0, 0x0, 0x0, 0x1, 0xef, 0xff, 0xff,
    0x20, 0x9f, 0xf2, 0x0, 0x0, 0x0, 0x2d, 0xff,
    0xff, 0xd2, 0x0, 0x0, 0x0, 0xb, 0xff, 0xff,
    0xff, 0x20, 0x9f, 0xf2, 0x0, 0x0, 0x5c, 0xff,
    0xff, 0xff, 0xff, 0xb4, 0x0, 0x0, 0x3f, 0xff,
    0xcf, 0xff, 0x20, 0x9f, 0xf2, 0x15, 0xae, 0xff,
    0xff, 0xd6, 0x8f, 0xff, 0xff, 0xfb, 0x62, 0xc,
    0xfe, 0x1f, 0xff, 0x20, 0x9f, 0xfd, 0xff, 0xff,
    0xff, 0xc5, 0x0, 0x1, 0x8f, 0xff, 0xff, 0xf7,
    0x5, 0xf4, 0xf, 0xff, 0x20, 0x9f, 0xf6, 0xff,
    0xfd, 0x93, 0x0, 0x4, 0x92, 0x1, 0x6b, 0xff,
    0xc0, 0x0, 0x70, 0xf, 0xff, 0x20, 0x9f, 0xf2,
    0x87, 0x20, 0x0, 0x0, 0x8f, 0xff, 0x30, 0x0,
    0x15, 0x20, 0x0, 0x0, 0xf, 0xff, 0x20, 0x9f,
    0xf2, 0x0, 0x0, 0x0, 0x6e, 0xff, 0xe3, 0x0,
    0x0, 0x0, 0x0, 0x0, 0x0, 0xf, 0xff, 0x20,
    0x9f, 0xf2, 0x0, 0x4, 0xaf, 0xff, 0xf9, 0x10,
    0x2, 0x0, 0x0, 0x0, 0x0, 0x0, 0xf, 0xff,
    0x20, 0x9f, 0xf2, 0x0, 0xcf, 0xff, 0xfa, 0x30,
    0x0, 0x7f, 0xd6, 0x0, 0x0, 0x0, 0x0, 0xf,
    0xff, 0x20, 0x9f, 0xf2, 0x0, 0x2f, 0xe8, 0x10,
    0x0, 0x2b, 0xff, 0xd2, 0x0, 0x0, 0x0, 0x0,
    0xf, 0xff, 0x20, 0x9f, 0xf2, 0x0, 0x2, 0x0,
    0x0, 0x19, 0xff, 0xfc, 0x10, 0x0, 0x0, 0x0,
    0x0, 0xf, 0xff, 0x20, 0x9f, 0xf2, 0x0, 0x0,
    0x0, 0x5b, 0xff, 0xff, 0x60, 0x0, 0x20, 0x0,
    0x0, 0x0, 0xf, 0xff, 0x20, 0x9f, 0xf2, 0x0,
    0x16, 0xae, 0xff, 0xff, 0x91, 0x0, 0x6, 0xfd,
    0x70, 0x0, 0x0, 0xf, 0xff, 0x20, 0x9f, 0xf2,
    0x0, 0x6f, 0xff, 0xfe, 0x71, 0x0, 0x0, 0xaf,
    0xff, 0xa0, 0x0, 0x0, 0xf, 0xff, 0x20, 0x9f,
    0xf2, 0x0, 0xa, 0xe9, 0x40, 0x0, 0x0, 0x7e,
    0xff, 0xf9, 0x0, 0x0, 0x0, 0xf, 0xff, 0x20,
    0x0, 0x0, 0x0, 0x0, 0x0, 0x0, 0x1, 0x7e,
    0xff, 0xff, 0x60, 0x0, 0x0, 0x0, 0xf, 0xff,
    0x20, 0x0, 0x0, 0x0, 0x0, 0x0, 0x27, 0xbf,
    0xff, 0xff, 0x91, 0x0, 0x0, 0x0, 0x0, 0xf,
    0xff, 0x20, 0x0, 0x0, 0x0, 0x36, 0x9d, 0xff,
    0xff, 0xff, 0xb2, 0x0, 0x0, 0x0, 0x0, 0x0,
    0xf, 0xff, 0x20, 0x0, 0x0, 0x6f, 0xff, 0xff,
    0xff, 0xfd, 0x82, 0x0, 0x0, 0x0, 0x0, 0x0,
    0x0, 0xf, 0xff, 0x20, 0x0, 0x0, 0xc, 0xff,
    0xff, 0xd9, 0x30, 0x0, 0x0, 0x0, 0x0, 0x0,
    0x0, 0x0, 0xf, 0xff, 0x20, 0x0, 0x0, 0x3,
    0xc9, 0x51, 0x0, 0x0, 0x0, 0x0, 0x0, 0x0,
    0x0,

    /* U+505C "停" */
    0x0, 0x0, 0x0, 0x0, 0x35, 0x0, 0x0, 0x0,
    0x0, 0x0, 0x49, 0xb0, 0x0, 0x0, 0x0, 0x0,
    0x0, 0x0, 0x0, 0x0, 0x0, 0xbf, 0xf7, 0x0,
    0x0, 0x0, 0x1, 0xff, 0xf5, 0x0, 0x0, 0x0,
    0x0, 0x0, 0x0, 0x0, 0x0, 0x2, 0xff, 0xf4,
    0x0, 0x0, 0x0, 0x0, 0x9f, 0xfd, 0x0, 0x0,
    0x0, 0x0, 0x0, 0x0, 0x0, 0x0, 0x8, 0xff,
    0xd6, 0xbb, 0xbb, 0xbb, 0xbb, 0xcf, 0xff, 0xcb,
    0xbb, 0xbb, 0xbb, 0xb0, 0x0, 0x0, 0x0, 0xe,
    0xff, 0x78, 0xff, 0xff, 0xff, 0xff, 0xff, 0xff,
    0xff, 0xff, 0xff, 0xff, 0xf0, 0x0, 0x0, 0x0,
    0x7f, 0xff, 0x18, 0xff, 0xff, 0xff, 0xff, 0xff,
    0xff, 0xff, 0xff, 0xff, 0xff, 0xf0, 0x0, 0x0,
    0x0, 0xef, 0xf9, 0x0, 0x0, 0x0, 0x0, 0x0,
    0x0, 0x0, 0x0, 0x0, 0x0, 0x0, 0x0, 0x0,
    0x0, 0x7, 0xff, 0xf1, 0x0, 0x0, 0x22, 0x22,
    0x22, 0x22, 0x22, 0x22, 0x22, 0x22, 0x0, 0x0,
    0x0, 0x0, 0x1f, 0xff, 0x90, 0x0, 0x2, 0xff,
    0xff, 0xff, 0xff, 0xff, 0xff, 0xff, 0xff, 0x40,
    0x0, 0x0, 0x0, 0xbf, 0xff, 0x20, 0x0, 0x2,
    0xff, 0xff, 0xff, 0xff, 0xff, 0xff, 0xff, 0xff,
    0x40, 0x0, 0x0, 0x5, 0xff, 0xff, 0x10, 0x0,
    0x2, 0xff, 0xd1, 0x11, 0x11, 0x11, 0x11, 0x1d,
    0xff, 0x40, 0x0, 0x0, 0x1e, 0xff, 0xff, 0x10,
    0x0, 0x2, 0xff, 0xd0, 0x0, 0x0, 0x0, 0x0,
    0xd, 0xff, 0x40, 0x0, 0x0, 0xcf, 0xff, 0xff,
    0x10, 0x0, 0x2, 0xff, 0xe5, 0x55, 0x55, 0x55,
    0x55, 0x5e, 0xff, 0x40, 0x0, 0x9, 0xff, 0xff,
    0xff, 0x10, 0x0, 0x2, 0xff, 0xff, 0xff, 0xff,
    0xff, 0xff, 0xff, 0xff, 0x40, 0x0, 0xf, 0xff,
    0xef, 0xff, 0x10, 0x0, 0x2, 0xff, 0xff, 0xff,
    0xff, 0xff, 0xff, 0xff, 0xff, 0x40, 0x0, 0x7,
    0xff, 0x4e, 0xff, 0x10, 0x0, 0x0, 0x0, 0x0,
    0x0, 0x0, 0x0, 0x0, 0x0, 0x0, 0x0, 0x0,
    0x0, 0xe8, 0xe, 0xff, 0x10, 0x1, 0x11, 0x11,
    0x11, 0x11, 0x11, 0x11, 0x11, 0x11, 0x11, 0x11,
    0x10, 0x0, 0x40, 0xe, 0xff, 0x10, 0x2f, 0xff,
    0xff, 0xff, 0xff, 0xff, 0xff, 0xff, 0xff, 0xff,
    0xff, 0xf2, 0x0, 0x0, 0xe, 0xff, 0x10, 0x2f,
    0xff, 0xff, 0xff, 0xff, 0xff, 0xff, 0xff, 0xff,
    0xff, 0xff, 0xf2, 0x0, 0x0, 0xe, 0xff, 0x10,
    0x2f, 0xfe, 0x99, 0x99, 0x99, 0x99, 0x99, 0x99,
    0x99, 0x99, 0xff, 0xf2, 0x0, 0x0, 0xe, 0xff,
    0x10, 0x2f, 0xfa, 0x0, 0x0, 0x0, 0x0, 0x0,
    0x0, 0x0, 0x0, 0xdf, 0xf2, 0x0, 0x0, 0xe,
    0xff, 0x10, 0x2f, 0xfa, 0x79, 0x99, 0x99, 0x99,
    0x99, 0x99, 0x99, 0x96, 0xdf, 0xf2, 0x0, 0x0,
    0xe, 0xff, 0x10, 0x2e, 0xe9, 0xdf, 0xff, 0xff,
    0xff, 0xff, 0xff, 0xff, 0xfb, 0xce, 0xe2, 0x0,
    0x0, 0xe, 0xff, 0x10, 0x0, 0x0, 0xdf, 0xff,
    0xff, 0xff, 0xff, 0xff, 0xff, 0xfb, 0x0, 0x0,
    0x0, 0x0, 0xe, 0xff, 0x10, 0x0, 0x0, 0x11,
    0x11, 0x11, 0x7f, 0xfe, 0x11, 0x11, 0x10, 0x0,
    0x0, 0x0, 0x0, 0xe, 0xff, 0x10, 0x0, 0x0,
    0x0, 0x0, 0x0, 0x6f, 0xfe, 0x0, 0x0, 0x0,
    0x0, 0x0, 0x0, 0x0, 0xe, 0xff, 0x10, 0x0,
    0x0, 0x0, 0x0, 0x0, 0x6f, 0xfe, 0x0, 0x0,
    0x0, 0x0, 0x0, 0x0, 0x0, 0xe, 0xff, 0x10,
    0x0, 0x0, 0x0, 0x0, 0x0, 0x6f, 0xfe, 0x0,
    0x0, 0x0, 0x0, 0x0, 0x0, 0x0, 0xe, 0xff,
    0x10, 0x0, 0x0, 0x0, 0x0, 0x0, 0x6f, 0xfe,
    0x0, 0x0, 0x0, 0x0, 0x0, 0x0, 0x0, 0xe,
    0xff, 0x10, 0x0, 0x0, 0x0, 0x0, 0x0, 0x6f,
    0xfe, 0x0, 0x0, 0x0, 0x0, 0x0, 0x0, 0x0,
    0xe, 0xff, 0x10, 0x0, 0x0, 0x4, 0xdd, 0xcd,
    0xff, 0xfd, 0x0, 0x0, 0x0, 0x0, 0x0, 0x0,
    0x0, 0xe, 0xff, 0x10, 0x0, 0x0, 0x0, 0xef,
    0xff, 0xff, 0xf8, 0x0, 0x0, 0x0, 0x0, 0x0,
    0x0, 0x0, 0xe, 0xff, 0x10, 0x0, 0x0, 0x0,
    0x9f, 0xff, 0xec, 0x70, 0x0, 0x0, 0x0, 0x0,
    0x0, 0x0, 0x0, 0x1, 0x11, 0x0, 0x0, 0x0,
    0x0, 0x0, 0x0, 0x0, 0x0, 0x0, 0x0, 0x0,
    0x0, 0x0,

    /* U+5173 "关" */
    0x0, 0x0, 0x0, 0x0, 0x2, 0x0, 0x0, 0x0,
    0x0, 0x0, 0x0, 0x3, 0x20, 0x0, 0x0, 0x0,
    0x0, 0x0, 0x0, 0x0, 0x6d, 0xe1, 0x0, 0x0,
    0x0, 0x0, 0x0, 0x0, 0xdf, 0xd8, 0x0, 0x0,
    0x0, 0x0, 0x0, 0x0, 0x2f, 0xff, 0xb0, 0x0,
    0x0, 0x0, 0x0, 0x0, 0x4f, 0xff, 0xc0, 0x0,
    0x0, 0x0, 0x0, 0x0, 0x0, 0x7f, 0xff, 0x60,
    0x0, 0x0, 0x0, 0x0, 0xb, 0xff, 0xf3, 0x0,
    0x0, 0x0, 0x0, 0x0, 0x0, 0x0, 0xcf, 0xfe,
    0x0, 0x0, 0x0, 0x0, 0x3, 0xff, 0xf9, 0x0,
    0x0, 0x0, 0x0, 0x0, 0x0, 0x0, 0x3, 0xff,
    0xf8, 0x0, 0x0, 0x0, 0x0, 0xcf, 0xfe, 0x10,
    0x0, 0x0, 0x0, 0x0, 0x0, 0x0, 0x0, 0xa,
    0xff, 0xc0, 0x0, 0x0, 0x0, 0x6f, 0xff, 0x50,
    0x0, 0x0, 0x0, 0x0, 0x0, 0x14, 0x44, 0x44,
    0x7f, 0xa4, 0x44, 0x44, 0x44, 0x4e, 0xff, 0xd4,
    0x44, 0x44, 0x40, 0x0, 0x0, 0x7, 0xff, 0xff,
    0xff, 0xff, 0xff, 0xff, 0xff, 0xff, 0xff, 0xff,
    0xff, 0xff, 0xff, 0x0, 0x0, 0x0, 0x7f, 0xff,
    0xff, 0xff, 0xff, 0xff, 0xff, 0xff, 0xff, 0xff,
    0xff, 0xff, 0xff, 0xf0, 0x0, 0x0, 0x7, 0xff,
    0xff, 0xff, 0xff, 0xff, 0xff, 0xff, 0xff, 0xff,
    0xff, 0xff, 0xff, 0xff, 0x0, 0x0, 0x0, 0x0,
    0x0, 0x0, 0x0, 0x0, 0x2, 0xff, 0xfa, 0x0,
    0x0, 0x0, 0x0, 0x0, 0x0, 0x0, 0x0, 0x0,
    0x0, 0x0, 0x0, 0x0, 0x0, 0x2f, 0xff, 0xa0,
    0x0, 0x0, 0x0, 0x0, 0x0, 0x0, 0x0, 0x0,
    0x0, 0x0, 0x0, 0x0, 0x0, 0x2, 0xff, 0xfa,
    0x0, 0x0, 0x0, 0x0, 0x0, 0x0, 0x0, 0x0,
    0x0, 0x0, 0x0, 0x0, 0x0, 0x0, 0x2f, 0xff,
    0xa0, 0x0, 0x0, 0x0, 0x0, 0x0, 0x0, 0x0,
    0x0, 0x0, 0x0, 0x0, 0x0, 0x0, 0x2, 0xff,
    0xfa, 0x0, 0x0, 0x0, 0x0, 0x0, 0x0, 0x0,
    0x3, 0x44, 0x44, 0x44, 0x44, 0x44, 0x44, 0x6f,
    0xff, 0xb4, 0x44, 0x44, 0x44, 0x44, 0x44, 0x44,
    0x0, 0xaf, 0xff, 0xff, 0xff, 0xff, 0xff, 0xff,
    0xff, 0xff, 0xff, 0xff, 0xff, 0xff, 0xff, 0xff,
    0xe0, 0xa, 0xff, 0xff, 0xff, 0xff, 0xff, 0xff,
    0xff, 0xff, 0xff, 0xff, 0xff, 0xff, 0xff, 0xff,
    0xfe, 0x0, 0xaf, 0xff, 0xff, 0xff, 0xff, 0xff,
    0xff, 0xff, 0xff, 0xff, 0xff, 0xff, 0xff, 0xff,
    0xff, 0xe0, 0x0, 0x0, 0x0, 0x0, 0x0, 0x0,
    0x1, 0xff, 0xff, 0xfc, 0x0, 0x0, 0x0, 0x0,
    0x0, 0x0, 0x0, 0x0, 0x0, 0x0, 0x0, 0x0,
    0x0, 0x8f, 0xff, 0xff, 0xf8, 0x0, 0x0, 0x0,
    0x0, 0x0, 0x0, 0x0, 0x0, 0x0, 0x0, 0x0,
    0x0, 0x3f, 0xff, 0xfd, 0xff, 0xf3, 0x0, 0x0,
    0x0, 0x0, 0x0, 0x0, 0x0, 0x0, 0x0, 0x0,
    0x0, 0x1e, 0xff, 0xfa, 0x1e, 0xff, 0xe2, 0x0,
    0x0, 0x0, 0x0, 0x0, 0x0, 0x0, 0x0, 0x0,
    0x0, 0x1d, 0xff, 0xfe, 0x10, 0x5f, 0xff, 0xe3,
    0x0, 0x0, 0x0, 0x0, 0x0, 0x0, 0x0, 0x0,
    0x0, 0x4e, 0xff, 0xff, 0x50, 0x0, 0x9f, 0xff,
    0xf5, 0x0, 0x0, 0x0, 0x0, 0x0, 0x0, 0x0,
    0x0, 0x9f, 0xff, 0xff, 0x60, 0x0, 0x0, 0xbf,
    0xff, 0xfa, 0x10, 0x0, 0x0, 0x0, 0x0, 0x0,
    0x6, 0xef, 0xff, 0xff, 0x50, 0x0, 0x0, 0x0,
    0xaf, 0xff, 0xff, 0x80, 0x0, 0x0, 0x0, 0x1,
    0x8e, 0xff, 0xff, 0xfd, 0x30, 0x0, 0x0, 0x0,
    0x0, 0x9f, 0xff, 0xff, 0xe9, 0x40, 0x0, 0x5b,
    0xff, 0xff, 0xff, 0xf8, 0x0, 0x0, 0x0, 0x0,
    0x0, 0x0, 0x5e, 0xff, 0xff, 0xff, 0xf8, 0x2e,
    0xff, 0xff, 0xff, 0xa2, 0x0, 0x0, 0x0, 0x0,
    0x0, 0x0, 0x0, 0x9, 0xff, 0xff, 0xff, 0x20,
    0x2f, 0xff, 0xf9, 0x20, 0x0, 0x0, 0x0, 0x0,
    0x0, 0x0, 0x0, 0x0, 0x2, 0x9e, 0xff, 0x60,
    0x0, 0x6c, 0x60, 0x0, 0x0, 0x0, 0x0, 0x0,
    0x0, 0x0, 0x0, 0x0, 0x0, 0x0, 0x5, 0x90,
    0x0,

    /* U+51B7 "冷" */
    0x0, 0x0, 0x0, 0x0, 0x0, 0x0, 0x0, 0x0,
    0x0, 0x4, 0x30, 0x0, 0x0, 0x0, 0x0, 0x0,
    0x0, 0x0, 0x0, 0x0, 0x0, 0x0, 0x0, 0x0,
    0x0, 0x1, 0xff, 0xd6, 0x0, 0x0, 0x0, 0x0,
    0x0, 0x2, 0x8a, 0x0, 0x0, 0x0, 0x0, 0x0,
    0x0, 0x0, 0xaf, 0xff, 0x50, 0x0, 0x0, 0x0,
    0x0, 0x4, 0xff, 0xf5, 0x0, 0x0, 0x0, 0x0,
    0x0, 0x0, 0x4f, 0xff, 0xfa, 0x0, 0x0, 0x0,
    0x0, 0x0, 0xc, 0xff, 0xe1, 0x0, 0x0, 0x0,
    0x0, 0x0, 0x1e, 0xff, 0xff, 0xf6, 0x0, 0x0,
    0x0, 0x0, 0x0, 0x3f, 0xff, 0xa0, 0x0, 0x0,
    0x0, 0x0, 0xc, 0xff, 0xfd, 0xff, 0xf3, 0x0,
    0x0, 0x0, 0x0, 0x0, 0x9f, 0xff, 0x40, 0x0,
    0x0, 0x0, 0x9, 0xff, 0xfc, 0xc, 0xff, 0xe2,
    0x0, 0x0, 0x0, 0x0, 0x1, 0xef, 0xfd, 0x0,
    0x0, 0x0, 0x7, 0xff, 0xfe, 0x10, 0x2e, 0xff,
    0xe2, 0x0, 0x0, 0x0, 0x0, 0x7, 0xff, 0xf6,
    0x0, 0x0, 0x8, 0xff, 0xff, 0x40, 0x0, 0x4f,
    0xff, 0xe2, 0x0, 0x0, 0x0, 0x0, 0xe, 0xff,
    0xd0, 0x0, 0x9, 0xff, 0xff, 0x50, 0x0, 0x0,
    0x6f, 0xff, 0xe4, 0x0, 0x0, 0x0, 0x0, 0x8f,
    0xb4, 0x0, 0xa, 0xff, 0xff, 0x60, 0x5, 0x10,
    0x0, 0x8f, 0xff, 0xf6, 0x0, 0x0, 0x0, 0x1,
    0x30, 0x0, 0x3d, 0xff, 0xff, 0x60, 0x4d, 0xfc,
    0x0, 0x0, 0x9f, 0xff, 0xfa, 0x10, 0x0, 0x0,
    0x0, 0x0, 0x8f, 0xff, 0xff, 0x40, 0x3, 0xff,
    0xfc, 0x0, 0x0, 0x8f, 0xff, 0xfe, 0x40, 0x0,
    0x0, 0x0, 0x3f, 0xff, 0xfe, 0x30, 0x0, 0x5,
    0xff, 0xf9, 0x0, 0x0, 0x7f, 0xff, 0xe2, 0x0,
    0x0, 0x0, 0x0, 0x3f, 0xfa, 0x10, 0x0, 0x0,
    0x8, 0xff, 0xf2, 0x0, 0x0, 0x4f, 0xf2, 0x0,
    0x0, 0x0, 0x0, 0x0, 0x56, 0x0, 0x0, 0x0,
    0x0, 0xc, 0xa1, 0x0, 0x0, 0x0, 0x24, 0x0,
    0x0, 0x0, 0x0, 0x0, 0x0, 0x1, 0x11, 0x11,
    0x11, 0x11, 0x21, 0x11, 0x11, 0x13, 0x0, 0x0,
    0x0, 0x0, 0x0, 0x30, 0x0, 0x0, 0x9f, 0xff,
    0xff, 0xff, 0xff, 0xff, 0xff, 0xff, 0xfe, 0x40,
    0x0, 0x0, 0x0, 0x1f, 0xd5, 0x0, 0x9, 0xff,
    0xff, 0xff, 0xff, 0xff, 0xff, 0xff, 0xff, 0xff,
    0x10, 0x0, 0x0, 0x7, 0xff, 0xf1, 0x0, 0x8f,
    0xff, 0xff, 0xff, 0xff, 0xff, 0xff, 0xff, 0xff,
    0x60, 0x0, 0x0, 0x0, 0xdf, 0xfb, 0x0, 0x0,
    0x0, 0x0, 0x0, 0x0, 0x0, 0x0, 0x4f, 0xff,
    0xb0, 0x0, 0x0, 0x0, 0x4f, 0xff, 0x50, 0x0,
    0x0, 0x0, 0x0, 0x0, 0x0, 0x0, 0x2f, 0xff,
    0xe1, 0x0, 0x0, 0x0, 0xa, 0xff, 0xe0, 0x0,
    0x0, 0x0, 0x0, 0x0, 0x0, 0x0, 0x1d, 0xff,
    0xf3, 0x0, 0x0, 0x0, 0x1, 0xff, 0xf9, 0x0,
    0x0, 0x0, 0x0, 0x10, 0x0, 0x0, 0xc, 0xff,
    0xf6, 0x0, 0x0, 0x0, 0x0, 0x7f, 0xff, 0x30,
    0x0, 0x0, 0x0, 0x2e, 0xc2, 0x0, 0xc, 0xff,
    0xf8, 0x0, 0x0, 0x0, 0x0, 0xe, 0xff, 0xd0,
    0x0, 0x0, 0x0, 0x2f, 0xff, 0xf8, 0x1c, 0xff,
    0xf9, 0x0, 0x0, 0x0, 0x0, 0x5, 0xff, 0xf6,
    0x0, 0x0, 0x0, 0x0, 0x5e, 0xff, 0xff, 0xff,
    0xfa, 0x0, 0x0, 0x0, 0x0, 0x0, 0xcf, 0xff,
    0x0, 0x0, 0x0, 0x0, 0x0, 0x1c, 0xff, 0xff,
    0xfb, 0x0, 0x0, 0x0, 0x0, 0x0, 0x4f, 0xff,
    0x90, 0x0, 0x0, 0x0, 0x0, 0x0, 0x7, 0xff,
    0xff, 0xb1, 0x0, 0x0, 0x0, 0x0, 0xc, 0xff,
    0xf2, 0x0, 0x0, 0x0, 0x0, 0x0, 0x0, 0x3,
    0xdf, 0xff, 0xe4, 0x0, 0x0, 0x0, 0x0, 0x6,
    0xdb, 0x0, 0x0, 0x0, 0x0, 0x0, 0x0, 0x0,
    0x0, 0xaf, 0xff, 0xf6, 0x0, 0x0, 0x0, 0x0,
    0x0, 0x10, 0x0, 0x0, 0x0, 0x0, 0x0, 0x0,
    0x0, 0x0, 0x7f, 0xfe, 0x30, 0x0, 0x0, 0x0,
    0x0, 0x0, 0x0, 0x0, 0x0, 0x0, 0x0, 0x0,
    0x0, 0x0, 0x0, 0x4d, 0x20, 0x0, 0x0, 0x0,
    0x0, 0x0, 0x0, 0x0, 0x0, 0x0, 0x0, 0x0,
    0x0, 0x0, 0x0, 0x0, 0x0, 0x0, 0x0, 0x0,
    0x0,

    /* U+5236 "制" */
    0x0, 0x0, 0x0, 0x0, 0x4, 0x43, 0x0, 0x0,
    0x0, 0x0, 0x0, 0x0, 0x0, 0x0, 0x0, 0x0,
    0x0, 0x6, 0x85, 0x10, 0x3f, 0xfe, 0x0, 0x0,
    0x0, 0x0, 0x0, 0x0, 0x0, 0x0, 0x5f, 0xfd,
    0x0, 0xc, 0xff, 0x60, 0x3f, 0xfe, 0x0, 0x0,
    0x0, 0x0, 0x0, 0x0, 0x0, 0x0, 0x5f, 0xfd,
    0x0, 0x1f, 0xff, 0x20, 0x3f, 0xfe, 0x0, 0x0,
    0x0, 0x0, 0x0, 0x78, 0x81, 0x0, 0x5f, 0xfd,
    0x0, 0x5f, 0xfe, 0x0, 0x3f, 0xfe, 0x0, 0x0,
    0x0, 0x0, 0x0, 0xef, 0xf2, 0x0, 0x5f, 0xfd,
    0x0, 0xaf, 0xfe, 0xbb, 0xcf, 0xff, 0xbb, 0xbb,
    0xbb, 0x70, 0x0, 0xef, 0xf2, 0x0, 0x5f, 0xfd,
    0x0, 0xff, 0xff, 0xff, 0xff, 0xff, 0xff, 0xff,
    0xff, 0xa0, 0x0, 0xef, 0xf2, 0x0, 0x5f, 0xfd,
    0x6, 0xff, 0xff, 0xff, 0xff, 0xff, 0xff, 0xff,
    0xff, 0xa0, 0x0, 0xef, 0xf2, 0x0, 0x5f, 0xfd,
    0xd, 0xff, 0x94, 0x44, 0x7f, 0xfe, 0x44, 0x44,
    0x44, 0x20, 0x0, 0xef, 0xf2, 0x0, 0x5f, 0xfd,
    0x6f, 0xff, 0x10, 0x0, 0x3f, 0xfe, 0x0, 0x0,
    0x0, 0x0, 0x0, 0xef, 0xf2, 0x0, 0x5f, 0xfd,
    0x6d, 0xf8, 0x0, 0x0, 0x3f, 0xfe, 0x0, 0x0,
    0x0, 0x0, 0x0, 0xef, 0xf2, 0x0, 0x5f, 0xfd,
    0x48, 0xd9, 0x77, 0x77, 0x9f, 0xff, 0x77, 0x77,
    0x77, 0x77, 0x0, 0xef, 0xf2, 0x0, 0x5f, 0xfd,
    0x8f, 0xff, 0xff, 0xff, 0xff, 0xff, 0xff, 0xff,
    0xff, 0xff, 0x0, 0xef, 0xf2, 0x0, 0x5f, 0xfd,
    0x8f, 0xff, 0xff, 0xff, 0xff, 0xff, 0xff, 0xff,
    0xff, 0xff, 0x0, 0xef, 0xf2, 0x0, 0x5f, 0xfd,
    0x48, 0x88, 0x88, 0x88, 0xaf, 0xff, 0x88, 0x88,
    0x88, 0x88, 0x0, 0xef, 0xf2, 0x0, 0x5f, 0xfd,
    0x0, 0x0, 0x0, 0x0, 0x3f, 0xfe, 0x0, 0x0,
    0x0, 0x0, 0x0, 0xef, 0xf2, 0x0, 0x5f, 0xfd,
    0x0, 0x0, 0x0, 0x0, 0x3f, 0xfe, 0x0, 0x0,
    0x0, 0x0, 0x0, 0xef, 0xf2, 0x0, 0x5f, 0xfd,
    0x0, 0x55, 0x55, 0x55, 0x8f, 0xff, 0x55, 0x55,
    0x55, 0x50, 0x0, 0xef, 0xf2, 0x0, 0x5f, 0xfd,
    0x0, 0xff, 0xff, 0xff, 0xff, 0xff, 0xff, 0xff,
    0xff, 0xf0, 0x0, 0xef, 0xf2, 0x0, 0x5f, 0xfd,
    0x0, 0xff, 0xff, 0xff, 0xff, 0xff, 0xff, 0xff,
    0xff, 0xf0, 0x0, 0xef, 0xf2, 0x0, 0x5f, 0xfd,
    0x0, 0xff, 0xf9, 0x99, 0xbf, 0xff, 0x99, 0x99,
    0xff, 0xf0, 0x0, 0xef, 0xf2, 0x0, 0x5f, 0xfd,
    0x0, 0xff, 0xe0, 0x0, 0x3f, 0xfe, 0x0, 0x0,
    0xff, 0xf0, 0x0, 0xef, 0xf2, 0x0, 0x5f, 0xfd,
    0x0, 0xff, 0xe0, 0x0, 0x3f, 0xfe, 0x0, 0x0,
    0xff, 0xf0, 0x0, 0xef, 0xf2, 0x0, 0x5f, 0xfd,
    0x0, 0xff, 0xe0, 0x0, 0x3f, 0xfe, 0x0, 0x0,
    0xff, 0xf0, 0x0, 0x0, 0x0, 0x0, 0x5f, 0xfd,
    0x0, 0xff, 0xe0, 0x0, 0x3f, 0xfe, 0x0, 0x0,
    0xff, 0xf0, 0x0, 0x0, 0x0, 0x0, 0x5f, 0xfd,
    0x0, 0xff, 0xe0, 0x0, 0x3f, 0xfe, 0x0, 0x0,
    0xff, 0xf0, 0x0, 0x0, 0x0, 0x0, 0x5f, 0xfd,
    0x0, 0xff, 0xe0, 0x0, 0x3f, 0xfe, 0x0, 0x0,
    0xff, 0xf0, 0x0, 0x0, 0x0, 0x0, 0x5f, 0xfd,
    0x0, 0xff, 0xe0, 0x0, 0x3f, 0xfe, 0x9, 0x9a,
    0xff, 0xe0, 0x0, 0x0, 0x0, 0x0, 0x5f, 0xfd,
    0x0, 0xff, 0xe0, 0x0, 0x3f, 0xfe, 0xb, 0xff,
    0xff, 0xc0, 0x0, 0x0, 0x0, 0x0, 0x5f, 0xfd,
    0x0, 0xff, 0xe0, 0x0, 0x3f, 0xfe, 0x6, 0xff,
    0xfc, 0x20, 0x0, 0x4, 0x54, 0x45, 0xaf, 0xfc,
    0x0, 0x11, 0x10, 0x0, 0x3f, 0xfe, 0x1, 0x33,
    0x10, 0x0, 0x0, 0x9, 0xff, 0xff, 0xff, 0xfa,
    0x0, 0x0, 0x0, 0x0, 0x3f, 0xfe, 0x0, 0x0,
    0x0, 0x0, 0x0, 0x3, 0xff, 0xff, 0xff, 0xf4,
    0x0, 0x0, 0x0, 0x0, 0x3f, 0xfe, 0x0, 0x0,
    0x0, 0x0, 0x0, 0x0, 0xff, 0xff, 0xda, 0x30,
    0x0, 0x0, 0x0, 0x0, 0x0, 0x0, 0x0, 0x0,
    0x0, 0x0, 0x0, 0x0, 0x0, 0x0, 0x0, 0x0,

    /* U+529F "功" */
    0x0, 0x0, 0x0, 0x0, 0x0, 0x0, 0x0, 0x0,
    0x0, 0x0, 0x22, 0x20, 0x0, 0x0, 0x0, 0x0,
    0x0, 0x0, 0x0, 0x0, 0x0, 0x0, 0x0, 0x0,
    0x0, 0x0, 0x4f, 0xff, 0x0, 0x0, 0x0, 0x0,
    0x0, 0x0, 0x0, 0x0, 0x0, 0x0, 0x0, 0x0,
    0x0, 0x0, 0x5, 0xff, 0xf0, 0x0, 0x0, 0x0,
    0x0, 0x0, 0x0, 0x0, 0x0, 0x0, 0x0, 0x0,
    0x0, 0x0, 0x0, 0x5f, 0xff, 0x0, 0x0, 0x0,
    0x0, 0x0, 0x2c, 0xcc, 0xcc, 0xcc, 0xcc, 0xcc,
    0xca, 0x0, 0x0, 0x5, 0xff, 0xf0, 0x0, 0x0,
    0x0, 0x0, 0x2, 0xff, 0xff, 0xff, 0xff, 0xff,
    0xff, 0xd0, 0x0, 0x0, 0x5f, 0xff, 0x0, 0x0,
    0x0, 0x0, 0x0, 0x2f, 0xff, 0xff, 0xff, 0xff,
    0xff, 0xfd, 0x0, 0x0, 0x5, 0xff, 0xf0, 0x0,
    0x0, 0x0, 0x0, 0x1, 0x55, 0x55, 0x8f, 0xff,
    0x65, 0x55, 0x50, 0x0, 0x0, 0x5f, 0xff, 0x0,
    0x0, 0x0, 0x0, 0x0, 0x0, 0x0, 0x3, 0xff,
    0xf0, 0x0, 0x0, 0xbf, 0xff, 0xff, 0xff, 0xff,
    0xff, 0xff, 0xff, 0xff, 0x20, 0x0, 0x0, 0x3f,
    0xff, 0x0, 0x0, 0xc, 0xff, 0xff, 0xff, 0xff,
    0xff, 0xff, 0xff, 0xff, 0xf2, 0x0, 0x0, 0x3,
    0xff, 0xf0, 0x0, 0x0, 0xcf, 0xff, 0xff, 0xff,
    0xff, 0xff, 0xff, 0xff, 0xff, 0x10, 0x0, 0x0,
    0x3f, 0xff, 0x0, 0x0, 0x2, 0x22, 0x22, 0xaf,
    0xfc, 0x22, 0x22, 0x25, 0xff, 0xf1, 0x0, 0x0,
    0x3, 0xff, 0xf0, 0x0, 0x0, 0x0, 0x0, 0xa,
    0xff, 0xa0, 0x0, 0x0, 0x3f, 0xff, 0x0, 0x0,
    0x0, 0x3f, 0xff, 0x0, 0x0, 0x0, 0x0, 0x0,
    0xcf, 0xf8, 0x0, 0x0, 0x3, 0xff, 0xf0, 0x0,
    0x0, 0x3, 0xff, 0xf0, 0x0, 0x0, 0x0, 0x0,
    0xe, 0xff, 0x60, 0x0, 0x0, 0x4f, 0xff, 0x0,
    0x0, 0x0, 0x3f, 0xff, 0x0, 0x0, 0x0, 0x0,
    0x0, 0xff, 0xf5, 0x0, 0x0, 0x5, 0xff, 0xe0,
    0x0, 0x0, 0x3, 0xff, 0xf0, 0x0, 0x0, 0x0,
    0x0, 0x1f, 0xff, 0x30, 0x0, 0x0, 0x5f, 0xfe,
    0x0, 0x0, 0x0, 0x3f, 0xff, 0x0, 0x0, 0x0,
    0x0, 0x4, 0xff, 0xf1, 0x0, 0x0, 0x6, 0xff,
    0xd0, 0x0, 0x0, 0x3, 0xff, 0xf0, 0x0, 0x0,
    0x0, 0x0, 0x7f, 0xfe, 0x0, 0x0, 0x0, 0x7f,
    0xfc, 0x0, 0x0, 0x0, 0x3f, 0xff, 0x0, 0x0,
    0x0, 0x0, 0xb, 0xff, 0xb0, 0x0, 0x0, 0x8,
    0xff, 0xc0, 0x0, 0x0, 0x3, 0xff, 0xf0, 0x26,
    0xbf, 0x50, 0x0, 0xff, 0xf7, 0x0, 0x0, 0x0,
    0x9f, 0xfb, 0x0, 0x0, 0x0, 0x3f, 0xff, 0xdf,
    0xff, 0xf7, 0x0, 0x5f, 0xff, 0x30, 0x0, 0x0,
    0xa, 0xff, 0xa0, 0x0, 0x4, 0x8d, 0xff, 0xff,
    0xff, 0xff, 0xa0, 0xb, 0xff, 0xd0, 0x0, 0x0,
    0x0, 0xbf, 0xf9, 0x5, 0xcf, 0xff, 0xff, 0xff,
    0xff, 0xfb, 0x61, 0x2, 0xff, 0xf8, 0x0, 0x0,
    0x0, 0xd, 0xff, 0x70, 0x6f, 0xff, 0xff, 0xff,
    0xe9, 0x40, 0x0, 0x0, 0xbf, 0xff, 0x20, 0x0,
    0x0, 0x0, 0xef, 0xf6, 0x2, 0xff, 0xff, 0xc7,
    0x30, 0x0, 0x0, 0x0, 0x4f, 0xff, 0xa0, 0x0,
    0x0, 0x0, 0xf, 0xff, 0x50, 0xd, 0xa5, 0x10,
    0x0, 0x0, 0x0, 0x0, 0x1e, 0xff, 0xf2, 0x0,
    0x0, 0x0, 0x2, 0xff, 0xf3, 0x0, 0x0, 0x0,
    0x0, 0x0, 0x0, 0x0, 0x1c, 0xff, 0xf7, 0x0,
    0x0, 0x0, 0x0, 0x6f, 0xff, 0x10, 0x0, 0x0,
    0x0, 0x0, 0x0, 0x0, 0x1d, 0xff, 0xfc, 0x0,
    0x0, 0x0, 0x0, 0xa, 0xff, 0xe0, 0x0, 0x0,
    0x0, 0x0, 0x0, 0x0, 0x4e, 0xff, 0xfe, 0x10,
    0x0, 0x54, 0x32, 0x26, 0xff, 0xfa, 0x0, 0x0,
    0x0, 0x0, 0x0, 0x0, 0x8f, 0xff, 0xfe, 0x20,
    0x0, 0xc, 0xff, 0xff, 0xff, 0xff, 0x40, 0x0,
    0x0, 0x0, 0x0, 0x0, 0x4, 0xff, 0xfd, 0x20,
    0x0, 0x0, 0x6f, 0xff, 0xff, 0xff, 0xa0, 0x0,
    0x0, 0x0, 0x0, 0x0, 0x0, 0x5, 0xf8, 0x0,
    0x0, 0x0, 0x2, 0xff, 0xff, 0xec, 0x70, 0x0,
    0x0, 0x0, 0x0, 0x0, 0x0, 0x0, 0x2, 0x0,
    0x0, 0x0, 0x0, 0x0, 0x0, 0x0, 0x0, 0x0,
    0x0,

    /* U+5347 "升" */
    0x0, 0x0, 0x0, 0x0, 0x0, 0x0, 0x0, 0x0,
    0x0, 0x0, 0x0, 0x0, 0x0, 0x0, 0x0, 0x0,
    0x0, 0x0, 0x0, 0x0, 0x0, 0x0, 0x0, 0x3,
    0xbc, 0x0, 0x0, 0x1d, 0xdd, 0x30, 0x0, 0x0,
    0x0, 0x0, 0x0, 0x0, 0x0, 0x0, 0x0, 0x4b,
    0xff, 0xfb, 0x0, 0x2, 0xff, 0xf3, 0x0, 0x0,
    0x0, 0x0, 0x0, 0x0, 0x0, 0x0, 0x17, 0xef,
    0xff, 0xff, 0xf6, 0x0, 0x2f, 0xff, 0x30, 0x0,
    0x0, 0x0, 0x0, 0x0, 0x0, 0x38, 0xcf, 0xff,
    0xff, 0xff, 0xb3, 0x0, 0x2, 0xff, 0xf3, 0x0,
    0x0, 0x0, 0x0, 0x1, 0x5a, 0xef, 0xff, 0xff,
    0xff, 0xd8, 0x20, 0x0, 0x0, 0x2f, 0xff, 0x30,
    0x0, 0x0, 0x0, 0x9, 0xff, 0xff, 0xff, 0xff,
    0xff, 0x30, 0x0, 0x0, 0x0, 0x2, 0xff, 0xf3,
    0x0, 0x0, 0x0, 0x0, 0x4f, 0xff, 0xff, 0xbb,
    0xff, 0xf0, 0x0, 0x0, 0x0, 0x0, 0x2f, 0xff,
    0x30, 0x0, 0x0, 0x0, 0x0, 0xdc, 0x84, 0x0,
    0x5f, 0xff, 0x0, 0x0, 0x0, 0x0, 0x2, 0xff,
    0xf3, 0x0, 0x0, 0x0, 0x0, 0x0, 0x0, 0x0,
    0x5, 0xff, 0xf0, 0x0, 0x0, 0x0, 0x0, 0x2f,
    0xff, 0x30, 0x0, 0x0, 0x0, 0x0, 0x0, 0x0,
    0x0, 0x5f, 0xff, 0x0, 0x0, 0x0, 0x0, 0x2,
    0xff, 0xf3, 0x0, 0x0, 0x0, 0x0, 0x0, 0x0,
    0x0, 0x5, 0xff, 0xf0, 0x0, 0x0, 0x0, 0x0,
    0x2f, 0xff, 0x30, 0x0, 0x0, 0x0, 0x0, 0x0,
    0x0, 0x0, 0x5f, 0xff, 0x0, 0x0, 0x0, 0x0,
    0x2, 0xff, 0xf3, 0x0, 0x0, 0x0, 0x0, 0x0,
    0x0, 0x0, 0x5, 0xff, 0xf0, 0x0, 0x0, 0x0,
    0x0, 0x2f, 0xff, 0x30, 0x0, 0x0, 0x0, 0x5,
    0x55, 0x55, 0x55, 0x9f, 0xff, 0x55, 0x55, 0x55,
    0x55, 0x56, 0xff, 0xf7, 0x55, 0x55, 0x55, 0x32,
    0xff, 0xff, 0xff, 0xff, 0xff, 0xff, 0xff, 0xff,
    0xff, 0xff, 0xff, 0xff, 0xff, 0xff, 0xff, 0xfa,
    0x2f, 0xff, 0xff, 0xff, 0xff, 0xff, 0xff, 0xff,
    0xff, 0xff, 0xff, 0xff, 0xff, 0xff, 0xff, 0xff,
    0xa1, 0xdd, 0xdd, 0xdd, 0xde, 0xff, 0xfd, 0xdd,
    0xdd, 0xdd, 0xdd, 0xef, 0xff, 0xed, 0xdd, 0xdd,
    0xd8, 0x0, 0x0, 0x0, 0x0, 0x8f, 0xfc, 0x0,
    0x0, 0x0, 0x0, 0x2, 0xff, 0xf3, 0x0, 0x0,
    0x0, 0x0, 0x0, 0x0, 0x0, 0xa, 0xff, 0xa0,
    0x0, 0x0, 0x0, 0x0, 0x2f, 0xff, 0x30, 0x0,
    0x0, 0x0, 0x0, 0x0, 0x0, 0x0, 0xdf, 0xf8,
    0x0, 0x0, 0x0, 0x0, 0x2, 0xff, 0xf3, 0x0,
    0x0, 0x0, 0x0, 0x0, 0x0, 0x0, 0xf, 0xff,
    0x60, 0x0, 0x0, 0x0, 0x0, 0x2f, 0xff, 0x30,
    0x0, 0x0, 0x0, 0x0, 0x0, 0x0, 0x6, 0xff,
    0xf3, 0x0, 0x0, 0x0, 0x0, 0x2, 0xff, 0xf3,
    0x0, 0x0, 0x0, 0x0, 0x0, 0x0, 0x0, 0xcf,
    0xfe, 0x0, 0x0, 0x0, 0x0, 0x0, 0x2f, 0xff,
    0x30, 0x0, 0x0, 0x0, 0x0, 0x0, 0x0, 0x3f,
    0xff, 0x90, 0x0, 0x0, 0x0, 0x0, 0x2, 0xff,
    0xf3, 0x0, 0x0, 0x0, 0x0, 0x0, 0x0, 0xc,
    0xff, 0xf2, 0x0, 0x0, 0x0, 0x0, 0x0, 0x2f,
    0xff, 0x30, 0x0, 0x0, 0x0, 0x0, 0x0, 0x7,
    0xff, 0xfa, 0x0, 0x0, 0x0, 0x0, 0x0, 0x2,
    0xff, 0xf3, 0x0, 0x0, 0x0, 0x0, 0x0, 0x6,
    0xff, 0xff, 0x10, 0x0, 0x0, 0x0, 0x0, 0x0,
    0x2f, 0xff, 0x30, 0x0, 0x0, 0x0, 0x0, 0x7,
    0xff, 0xff, 0x50, 0x0, 0x0, 0x0, 0x0, 0x0,
    0x2, 0xff, 0xf3, 0x0, 0x0, 0x0, 0x0, 0x1b,
    0xff, 0xff, 0x80, 0x0, 0x0, 0x0, 0x0, 0x0,
    0x0, 0x2f, 0xff, 0x30, 0x0, 0x0, 0x0, 0x2f,
    0xff, 0xff, 0x70, 0x0, 0x0, 0x0, 0x0, 0x0,
    0x0, 0x2, 0xff, 0xf3, 0x0, 0x0, 0x0, 0x0,
    0x7f, 0xff, 0x50, 0x0, 0x0, 0x0, 0x0, 0x0,
    0x0, 0x0, 0x2f, 0xff, 0x30, 0x0, 0x0, 0x0,
    0x0, 0x9a, 0x10, 0x0, 0x0, 0x0, 0x0, 0x0,
    0x0, 0x0, 0x2, 0xff, 0xf3, 0x0, 0x0, 0x0,
    0x0, 0x0, 0x0, 0x0, 0x0, 0x0, 0x0, 0x0,
    0x0, 0x0, 0x0, 0x0, 0x0, 0x0, 0x0, 0x0,
    0x0,

    /* U+5458 "员" */
    0x0, 0x0, 0x0, 0x0, 0x0, 0x0, 0x0, 0x0,
    0x0, 0x0, 0x0, 0x0, 0x0, 0x0, 0x0, 0x0,
    0x0, 0x9, 0xff, 0xff, 0xff, 0xff, 0xff, 0xff,
    0xff, 0xff, 0xff, 0xff, 0xfb, 0x0, 0x0, 0x0,
    0x0, 0x9f, 0xff, 0xff, 0xff, 0xff, 0xff, 0xff,
    0xff, 0xff, 0xff, 0xff, 0xb0, 0x0, 0x0, 0x0,
    0x9, 0xff, 0xfc, 0xcc, 0xcc, 0xcc, 0xcc, 0xcc,
    0xcc, 0xcc, 0xff, 0xfb, 0x0, 0x0, 0x0, 0x0,
    0x9f, 0xfd, 0x0, 0x0, 0x0, 0x0, 0x0, 0x0,
    0x0, 0xe, 0xff, 0xb0, 0x0, 0x0, 0x0, 0x9,
    0xff, 0xd0, 0x0, 0x0, 0x0, 0x0, 0x0, 0x0,
    0x0, 0xef, 0xfb, 0x0, 0x0, 0x0, 0x0, 0x9f,
    0xfd, 0x0, 0x0, 0x0, 0x0, 0x0, 0x0, 0x0,
    0xe, 0xff, 0xb0, 0x0, 0x0, 0x0, 0x9, 0xff,
    0xfc, 0xcc, 0xcc, 0xcc, 0xcc, 0xcc, 0xcc, 0xcc,
    0xff, 0xfb, 0x0, 0x0, 0x0, 0x0, 0x9f, 0xff,
    0xff, 0xff, 0xff, 0xff, 0xff, 0xff, 0xff, 0xff,
    0xff, 0xb0, 0x0, 0x0, 0x0, 0x9, 0xff, 0xff,
    0xff, 0xff, 0xff, 0xff, 0xff, 0xff, 0xff, 0xff,
    0xfb, 0x0, 0x0, 0x0, 0x0, 0x0, 0x0, 0x0,
    0x0, 0x0, 0x0, 0x0, 0x0, 0x0, 0x0, 0x0,
    0x0, 0x0, 0x0, 0x0, 0x0, 0x0, 0x0, 0x0,
    0x0, 0x0, 0x0, 0x0, 0x0, 0x0, 0x0, 0x0,
    0x0, 0x0, 0x0, 0x1, 0x11, 0x11, 0x11, 0x11,
    0x11, 0x11, 0x11, 0x11, 0x11, 0x11, 0x11, 0x11,
    0x0, 0x0, 0x0, 0xef, 0xff, 0xff, 0xff, 0xff,
    0xff, 0xff, 0xff, 0xff, 0xff, 0xff, 0xff, 0xf2,
    0x0, 0x0, 0xe, 0xff, 0xff, 0xff, 0xff, 0xff,
    0xff, 0xff, 0xff, 0xff, 0xff, 0xff, 0xff, 0x20,
    0x0, 0x0, 0xef, 0xff, 0xff, 0xff, 0xff, 0xff,
    0xff, 0xff, 0xff, 0xff, 0xff, 0xff, 0xf2, 0x0,
    0x0, 0xe, 0xff, 0x70, 0x0, 0x0, 0x0, 0x0,
    0x0, 0x0, 0x0, 0x0, 0x5f, 0xff, 0x20, 0x0,
    0x0, 0xef, 0xf7, 0x0, 0x0, 0x0, 0x1, 0x11,
    0x0, 0x0, 0x0, 0x5, 0xff, 0xf2, 0x0, 0x0,
    0xe, 0xff, 0x70, 0x0, 0x0, 0x8, 0xff, 0xf0,
    0x0, 0x0, 0x0, 0x5f, 0xff, 0x20, 0x0, 0x0,
    0xef, 0xf7, 0x0, 0x0, 0x0, 0x8f, 0xff, 0x0,
    0x0, 0x0, 0x5, 0xff, 0xf2, 0x0, 0x0, 0xe,
    0xff, 0x70, 0x0, 0x0, 0x8, 0xff, 0xf0, 0x0,
    0x0, 0x0, 0x5f, 0xff, 0x20, 0x0, 0x0, 0xef,
    0xf7, 0x0, 0x0, 0x0, 0x9f, 0xff, 0x0, 0x0,
    0x0, 0x5, 0xff, 0xf2, 0x0, 0x0, 0xe, 0xff,
    0x70, 0x0, 0x0, 0xb, 0xff, 0xe0, 0x0, 0x0,
    0x0, 0x5f, 0xff, 0x20, 0x0, 0x0, 0xef, 0xf7,
    0x0, 0x0, 0x2, 0xff, 0xfb, 0x0, 0x0, 0x0,
    0x5, 0xff, 0xf2, 0x0, 0x0, 0xe, 0xff, 0x70,
    0x0, 0x0, 0xbf, 0xff, 0x50, 0x20, 0x0, 0x0,
    0x5f, 0xff, 0x20, 0x0, 0x0, 0xbc, 0xc6, 0x0,
    0x1, 0xbf, 0xff, 0xc0, 0x5f, 0xd8, 0x30, 0x2,
    0x66, 0x61, 0x0, 0x0, 0x0, 0x0, 0x0, 0x6,
    0xef, 0xff, 0xd1, 0x1e, 0xff, 0xff, 0xd8, 0x20,
    0x0, 0x0, 0x0, 0x0, 0x0, 0x2, 0x7e, 0xff,
    0xff, 0xc1, 0x1, 0x7d, 0xff, 0xff, 0xff, 0xc6,
    0x10, 0x0, 0x0, 0x3, 0x7d, 0xff, 0xff, 0xff,
    0x80, 0x0, 0x0, 0x3, 0x9e, 0xff, 0xff, 0xff,
    0xa3, 0x6, 0xcf, 0xff, 0xff, 0xff, 0xf9, 0x10,
    0x0, 0x0, 0x0, 0x0, 0x5, 0xbf, 0xff, 0xff,
    0xf9, 0x2e, 0xff, 0xff, 0xfc, 0x61, 0x0, 0x0,
    0x0, 0x0, 0x0, 0x0, 0x0, 0x28, 0xef, 0xff,
    0x30, 0x4f, 0xea, 0x62, 0x0, 0x0, 0x0, 0x0,
    0x0, 0x0, 0x0, 0x0, 0x0, 0x0, 0x6d, 0xa0,
    0x0, 0x20, 0x0, 0x0, 0x0, 0x0, 0x0, 0x0,
    0x0, 0x0, 0x0, 0x0, 0x0, 0x0, 0x0, 0x0,

    /* U+58F0 "声" */
    0x0, 0x0, 0x0, 0x0, 0x0, 0x0, 0x0, 0x4,
    0x99, 0x80, 0x0, 0x0, 0x0, 0x0, 0x0, 0x0,
    0x0, 0x0, 0x0, 0x0, 0x0, 0x0, 0x0, 0x0,
    0x7f, 0xfd, 0x0, 0x0, 0x0, 0x0, 0x0, 0x0,
    0x0, 0x0, 0x0, 0x0, 0x0, 0x0, 0x0, 0x0,
    0x7, 0xff, 0xd0, 0x0, 0x0, 0x0, 0x0, 0x0,
    0x0, 0x0, 0xb, 0xcc, 0xcc, 0xcc, 0xcc, 0xcc,
    0xcc, 0xef, 0xff, 0xcc, 0xcc, 0xcc, 0xcc, 0xcc,
    0xcc, 0xc5, 0x0, 0xef, 0xff, 0xff, 0xff, 0xff,
    0xff, 0xff, 0xff, 0xff, 0xff, 0xff, 0xff, 0xff,
    0xff, 0xff, 0x60, 0xe, 0xff, 0xff, 0xff, 0xff,
    0xff, 0xff, 0xff, 0xff, 0xff, 0xff, 0xff, 0xff,
    0xff, 0xff, 0xf6, 0x0, 0x0, 0x0, 0x0, 0x0,
    0x0, 0x0, 0x7, 0xff, 0xd0, 0x0, 0x0, 0x0,
    0x0, 0x0, 0x0, 0x0, 0x0, 0x0, 0x0, 0x0,
    0x0, 0x0, 0x0, 0x7f, 0xfd, 0x0, 0x0, 0x0,
    0x0, 0x0, 0x0, 0x0, 0x0, 0x0, 0x0, 0x0,
    0x0, 0x0, 0x0, 0x7, 0xff, 0xd0, 0x0, 0x0,
    0x0, 0x0, 0x0, 0x0, 0x0, 0x0, 0xb, 0xff,
    0xff, 0xff, 0xff, 0xff, 0xff, 0xff, 0xff, 0xff,
    0xff, 0xff, 0xff, 0xfe, 0x0, 0x0, 0x0, 0xbf,
    0xff, 0xff, 0xff, 0xff, 0xff, 0xff, 0xff, 0xff,
    0xff, 0xff, 0xff, 0xff, 0xe0, 0x0, 0x0, 0x9,
    0xcc, 0xcc, 0xcc, 0xcc, 0xcc, 0xcc, 0xcc, 0xcc,
    0xcc, 0xcc, 0xcc, 0xcc, 0xcb, 0x0, 0x0, 0x0,
    0x0, 0x0, 0x0, 0x0, 0x0, 0x0, 0x0, 0x0,
    0x0, 0x0, 0x0, 0x0, 0x0, 0x0, 0x0, 0x0,
    0x0, 0x0, 0x0, 0x0, 0x0, 0x0, 0x0, 0x0,
    0x0, 0x0, 0x0, 0x0, 0x0, 0x0, 0x0, 0x0,
    0x0, 0xc, 0xcc, 0xcc, 0xcc, 0xcc, 0xcc, 0xcc,
    0xcc, 0xcc, 0xcc, 0xcc, 0xcc, 0xcc, 0x30, 0x0,
    0x0, 0x0, 0xff, 0xff, 0xff, 0xff, 0xff, 0xff,
    0xff, 0xff, 0xff, 0xff, 0xff, 0xff, 0xf4, 0x0,
    0x0, 0x0, 0xf, 0xff, 0xff, 0xff, 0xff, 0xff,
    0xff, 0xff, 0xff, 0xff, 0xff, 0xff, 0xff, 0x40,
    0x0, 0x0, 0x0, 0xff, 0xf3, 0x0, 0x0, 0x0,
    0x6f, 0xfd, 0x0, 0x0, 0x0, 0x0, 0xff, 0xf4,
    0x0, 0x0, 0x0, 0xf, 0xff, 0x30, 0x0, 0x0,
    0x6, 0xff, 0xd0, 0x0, 0x0, 0x0, 0xf, 0xff,
    0x40, 0x0, 0x0, 0x1, 0xff, 0xf2, 0x0, 0x0,
    0x0, 0x6f, 0xfd, 0x0, 0x0, 0x0, 0x0, 0xff,
    0xf4, 0x0, 0x0, 0x0, 0x1f, 0xff, 0x10, 0x0,
    0x0, 0x6, 0xff, 0xd0, 0x0, 0x0, 0x0, 0xf,
    0xff, 0x40, 0x0, 0x0, 0x2, 0xff, 0xfa, 0xaa,
    0xaa, 0xaa, 0xcf, 0xff, 0xaa, 0xaa, 0xaa, 0xaa,
    0xff, 0xf4, 0x0, 0x0, 0x0, 0x5f, 0xff, 0xff,
    0xff, 0xff, 0xff, 0xff, 0xff, 0xff, 0xff, 0xff,
    0xff, 0xff, 0x40, 0x0, 0x0, 0x8, 0xff, 0xff,
    0xff, 0xff, 0xff, 0xff, 0xff, 0xff, 0xff, 0xff,
    0xff, 0xff, 0xf4, 0x0, 0x0, 0x0, 0xbf, 0xfa,
    0x22, 0x22, 0x22, 0x22, 0x22, 0x22, 0x22, 0x22,
    0x22, 0x3f, 0xff, 0x40, 0x0, 0x0, 0x1f, 0xff,
    0x50, 0x0, 0x0, 0x0, 0x0, 0x0, 0x0, 0x0,
    0x0, 0x0, 0xff, 0xf4, 0x0, 0x0, 0x7, 0xff,
    0xf1, 0x0, 0x0, 0x0, 0x0, 0x0, 0x0, 0x0,
    0x0, 0x0, 0x4, 0x44, 0x10, 0x0, 0x0, 0xdf,
    0xfb, 0x0, 0x0, 0x0, 0x0, 0x0, 0x0, 0x0,
    0x0, 0x0, 0x0, 0x0, 0x0, 0x0, 0x0, 0x6f,
    0xff, 0x50, 0x0, 0x0, 0x0, 0x0, 0x0, 0x0,
    0x0, 0x0, 0x0, 0x0, 0x0, 0x0, 0x0, 0x2f,
    0xff, 0xd0, 0x0, 0x0, 0x0, 0x0, 0x0, 0x0,
    0x0, 0x0, 0x0, 0x0, 0x0, 0x0, 0x0, 0x1e,
    0xff, 0xf4, 0x0, 0x0, 0x0, 0x0, 0x0, 0x0,
    0x0, 0x0, 0x0, 0x0, 0x0, 0x0, 0x0, 0x0,
    0x9f, 0xf9, 0x0, 0x0, 0x0, 0x0, 0x0, 0x0,
    0x0, 0x0, 0x0, 0x0, 0x0, 0x0, 0x0, 0x0,
    0x0, 0x7b, 0x0, 0x0, 0x0, 0x0, 0x0, 0x0,
    0x0, 0x0, 0x0, 0x0, 0x0, 0x0, 0x0, 0x0,
    0x0, 0x0, 0x0, 0x0, 0x0, 0x0, 0x0, 0x0,
    0x0, 0x0, 0x0, 0x0, 0x0, 0x0, 0x0, 0x0,
    0x0,

    /* U+590D "复" */
    0x0, 0x0, 0x0, 0x0, 0x12, 0x0, 0x0, 0x0,
    0x0, 0x0, 0x0, 0x0, 0x0, 0x0, 0x0, 0x0,
    0x0, 0x0, 0x0, 0x0, 0x0, 0x9f, 0xd6, 0x0,
    0x0, 0x0, 0x0, 0x0, 0x0, 0x0, 0x0, 0x0,
    0x0, 0x0, 0x0, 0x0, 0x0, 0x3, 0xff, 0xf5,
    0x0, 0x0, 0x0, 0x0, 0x0, 0x0, 0x0, 0x0,
    0x0, 0x0, 0x0, 0x0, 0x0, 0x0, 0xd, 0xff,
    0xd1, 0x11, 0x11, 0x11, 0x11, 0x11, 0x11, 0x11,
    0x11, 0x11, 0x11, 0x0, 0x0, 0x0, 0x0, 0xaf,
    0xff, 0xff, 0xff, 0xff, 0xff, 0xff, 0xff, 0xff,
    0xff, 0xff, 0xff, 0xfb, 0x0, 0x0, 0x0, 0x7,
    0xff, 0xff, 0xff, 0xff, 0xff, 0xff, 0xff, 0xff,
    0xff, 0xff, 0xff, 0xff, 0xfb, 0x0, 0x0, 0x0,
    0x6f, 0xff, 0xc9, 0x99, 0x99, 0x99, 0x99, 0x99,
    0x99, 0x99, 0x99, 0x99, 0x99, 0x97, 0x0, 0x0,
    0x7, 0xff, 0xfd, 0x0, 0x0, 0x0, 0x0, 0x0,
    0x0, 0x0, 0x0, 0x0, 0x0, 0x0, 0x0, 0x0,
    0x0, 0xaf, 0xff, 0xe7, 0x66, 0x66, 0x66, 0x66,
    0x66, 0x66, 0x66, 0x66, 0x66, 0x66, 0x61, 0x0,
    0x0, 0x5, 0xff, 0xfe, 0x2e, 0xff, 0xff, 0xff,
    0xff, 0xff, 0xff, 0xff, 0xff, 0xff, 0xff, 0xf4,
    0x0, 0x0, 0x0, 0x8f, 0xd1, 0xe, 0xff, 0xed,
    0xdd, 0xdd, 0xdd, 0xdd, 0xdd, 0xdd, 0xde, 0xff,
    0xf4, 0x0, 0x0, 0x0, 0x7, 0x0, 0xe, 0xff,
    0x50, 0x0, 0x0, 0x0, 0x0, 0x0, 0x0, 0x2,
    0xff, 0xf4, 0x0, 0x0, 0x0, 0x0, 0x0, 0xe,
    0xff, 0x73, 0x33, 0x33, 0x33, 0x33, 0x33, 0x33,
    0x35, 0xff, 0xf4, 0x0, 0x0, 0x0, 0x0, 0x0,
    0xe, 0xff, 0xff, 0xff, 0xff, 0xff, 0xff, 0xff,
    0xff, 0xff, 0xff, 0xf4, 0x0, 0x0, 0x0, 0x0,
    0x0, 0xe, 0xff, 0xff, 0xff, 0xff, 0xff, 0xff,
    0xff, 0xff, 0xff, 0xff, 0xf4, 0x0, 0x0, 0x0,
    0x0, 0x0, 0xe, 0xff, 0x50, 0x0, 0x0, 0x0,
    0x0, 0x0, 0x0, 0x2, 0xff, 0xf4, 0x0, 0x0,
    0x0, 0x0, 0x0, 0xe, 0xff, 0x84, 0x44, 0x44,
    0x44, 0x44, 0x44, 0x44, 0x46, 0xff, 0xf4, 0x0,
    0x0, 0x0, 0x0, 0x0, 0xe, 0xff, 0xff, 0xff,
    0xff, 0xff, 0xff, 0xff, 0xff, 0xff, 0xff, 0xf4,
    0x0, 0x0, 0x0, 0x0, 0x0, 0xe, 0xff, 0xff,
    0xff, 0xff, 0xff, 0xff, 0xff, 0xff, 0xff, 0xff,
    0xf4, 0x0, 0x0, 0x0, 0x0, 0x0, 0x0, 0x0,
    0x9f, 0xff, 0x20, 0x0, 0x0, 0x0, 0x0, 0x0,
    0x0, 0x0, 0x0, 0x0, 0x0, 0x0, 0x0, 0x0,
    0x7, 0xff, 0xf6, 0x11, 0x11, 0x11, 0x11, 0x11,
    0x11, 0x20, 0x0, 0x0, 0x0, 0x0, 0x0, 0x0,
    0x0, 0x8f, 0xff, 0xff, 0xff, 0xff, 0xff, 0xff,
    0xff, 0xff, 0xfc, 0x30, 0x0, 0x0, 0x0, 0x0,
    0x0, 0x1b, 0xff, 0xff, 0xff, 0xff, 0xff, 0xff,
    0xff, 0xff, 0xff, 0xff, 0x80, 0x0, 0x0, 0x0,
    0x0, 0x4, 0xef, 0xff, 0xfe, 0x65, 0x55, 0x55,
    0x55, 0x55, 0x5d, 0xff, 0xfb, 0x0, 0x0, 0x0,
    0x0, 0x2, 0xaf, 0xff, 0xeb, 0xff, 0xe3, 0x0,
    0x0, 0x0, 0x2, 0xcf, 0xff, 0xa0, 0x0, 0x0,
    0x0, 0x0, 0xa, 0xff, 0xfb, 0x10, 0x9f, 0xff,
    0x92, 0x0, 0x1, 0x8f, 0xff, 0xf8, 0x0, 0x0,
    0x0, 0x0, 0x0, 0x0, 0x9f, 0x70, 0x0, 0x6,
    0xff, 0xff, 0xa4, 0xaf, 0xff, 0xfd, 0x30, 0x0,
    0x0, 0x0, 0x0, 0x0, 0x0, 0x2, 0x0, 0x0,
    0x0, 0x2b, 0xff, 0xff, 0xff, 0xff, 0x70, 0x0,
    0x0, 0x0, 0x0, 0x0, 0x0, 0x0, 0x0, 0x0,
    0x1, 0x58, 0xbf, 0xff, 0xff, 0xff, 0xfe, 0xb8,
    0x52, 0x0, 0x0, 0x0, 0x0, 0x0, 0x24, 0x57,
    0x9b, 0xef, 0xff, 0xff, 0xff, 0xfd, 0xff, 0xff,
    0xff, 0xff, 0xfc, 0xb9, 0x87, 0x52, 0xe, 0xff,
    0xff, 0xff, 0xff, 0xff, 0xff, 0xb6, 0x10, 0x5,
    0xbf, 0xff, 0xff, 0xff, 0xff, 0xff, 0xf3, 0x6,
    0xff, 0xff, 0xff, 0xfe, 0xb7, 0x40, 0x0, 0x0,
    0x0, 0x0, 0x37, 0xac, 0xef, 0xff, 0xff, 0x80,
    0x1, 0xdb, 0x97, 0x52, 0x0, 0x0, 0x0, 0x0,
    0x0, 0x0, 0x0, 0x0, 0x0, 0x1, 0x35, 0x79,
    0x0,

    /* U+5BC6 "密" */
    0x0, 0x0, 0x0, 0x0, 0x0, 0x0, 0x0, 0x0,
    0x0, 0x0, 0x0, 0x0, 0x0, 0x0, 0x0, 0x0,
    0x0, 0x0, 0x0, 0x0, 0x0, 0x0, 0x0, 0x8,
    0xdf, 0x80, 0x0, 0x0, 0x0, 0x0, 0x0, 0x0,
    0x0, 0x0, 0x0, 0x0, 0x0, 0x0, 0x0, 0x0,
    0x8f, 0xfe, 0x0, 0x0, 0x0, 0x0, 0x0, 0x0,
    0x0, 0x0, 0x0, 0x0, 0x0, 0x0, 0x0, 0x0,
    0x3, 0xff, 0xf3, 0x0, 0x0, 0x0, 0x0, 0x0,
    0x0, 0x0, 0x4, 0xee, 0xee, 0xee, 0xee, 0xee,
    0xee, 0xef, 0xff, 0xee, 0xee, 0xee, 0xee, 0xee,
    0xee, 0xe8, 0x0, 0x5f, 0xff, 0xff, 0xff, 0xff,
    0xff, 0xff, 0xff, 0xff, 0xff, 0xff, 0xff, 0xff,
    0xff, 0xff, 0x90, 0x5, 0xff, 0xff, 0xff, 0xff,
    0xff, 0xff, 0xff, 0xff, 0xff, 0xff, 0xff, 0xff,
    0xff, 0xff, 0xf9, 0x0, 0x5f, 0xfe, 0x0, 0x0,
    0x0, 0xa, 0x71, 0x0, 0x0, 0x0, 0x0, 0x0,
    0x0, 0xc, 0xff, 0x90, 0x5, 0xff, 0xe0, 0x0,
    0x0, 0x9, 0xff, 0xe7, 0x0, 0x0, 0x0, 0x45,
    0x0, 0x0, 0xbf, 0xf9, 0x0, 0x5f, 0xfe, 0x0,
    0x0, 0x0, 0x6d, 0xff, 0xfe, 0x50, 0x0, 0x3f,
    0xfd, 0x40, 0xb, 0xff, 0x90, 0x5, 0xff, 0xe0,
    0x0, 0x1, 0x11, 0x6, 0xdf, 0xff, 0x80, 0x3f,
    0xff, 0xd1, 0x0, 0xbf, 0xf9, 0x0, 0x2, 0x22,
    0x71, 0x0, 0xbf, 0xf3, 0x0, 0x8f, 0xf2, 0x6f,
    0xff, 0xe1, 0x3, 0x2, 0x22, 0x10, 0x0, 0x0,
    0x6f, 0xf8, 0xb, 0xff, 0x30, 0x0, 0x35, 0x9f,
    0xff, 0xd2, 0x8, 0xfc, 0x10, 0x0, 0x0, 0x0,
    0x1e, 0xff, 0x40, 0xbf, 0xf3, 0x0, 0x4, 0xdf,
    0xff, 0xb1, 0x2, 0xef, 0xfd, 0x10, 0x0, 0x0,
    0xa, 0xff, 0xb0, 0xb, 0xff, 0x30, 0x19, 0xff,
    0xff, 0x90, 0x0, 0x3, 0xef, 0xfd, 0x20, 0x0,
    0x7, 0xff, 0xf2, 0x0, 0xbf, 0xf4, 0x8f, 0xff,
    0xfe, 0x40, 0x0, 0x9a, 0x53, 0xef, 0xfd, 0x10,
    0x6, 0xff, 0xf7, 0x0, 0xb, 0xff, 0xff, 0xff,
    0xf9, 0x10, 0x0, 0xa, 0xff, 0x23, 0xff, 0xfc,
    0x1, 0xdf, 0xfb, 0x0, 0x3, 0xdf, 0xff, 0xff,
    0xc3, 0x0, 0x0, 0x0, 0xef, 0xf0, 0x5, 0xff,
    0xf8, 0x0, 0x8b, 0x1, 0x7d, 0xff, 0xff, 0xff,
    0xd9, 0x99, 0x99, 0x99, 0xdf, 0xfb, 0x0, 0x8,
    0xfb, 0x10, 0x2, 0x7b, 0xff, 0xff, 0xff, 0xff,
    0xff, 0xff, 0xff, 0xff, 0xff, 0xff, 0x40, 0x0,
    0x6, 0x0, 0x5d, 0xff, 0xff, 0xff, 0xfb, 0x6a,
    0xef, 0xff, 0xff, 0xff, 0xff, 0xfd, 0x50, 0x0,
    0x0, 0x0, 0x1, 0xff, 0xff, 0xfe, 0x82, 0x0,
    0x0, 0x0, 0x0, 0x0, 0x0, 0x0, 0x0, 0x0,
    0x0, 0x0, 0x0, 0x7, 0xff, 0xb5, 0x0, 0x0,
    0x0, 0x0, 0x2e, 0xee, 0x20, 0x0, 0x0, 0x0,
    0x0, 0x0, 0x0, 0x0, 0x6, 0x11, 0x22, 0x10,
    0x0, 0x0, 0x2, 0xff, 0xf2, 0x0, 0x0, 0x0,
    0x2, 0x22, 0x0, 0x0, 0x0, 0x0, 0x7f, 0xfa,
    0x0, 0x0, 0x0, 0x2f, 0xff, 0x20, 0x0, 0x0,
    0x6, 0xff, 0xe0, 0x0, 0x0, 0x0, 0x7, 0xff,
    0xa0, 0x0, 0x0, 0x2, 0xff, 0xf2, 0x0, 0x0,
    0x0, 0x6f, 0xfe, 0x0, 0x0, 0x0, 0x0, 0x7f,
    0xfa, 0x0, 0x0, 0x0, 0x2f, 0xff, 0x20, 0x0,
    0x0, 0x6, 0xff, 0xe0, 0x0, 0x0, 0x0, 0x7,
    0xff, 0xa0, 0x0, 0x0, 0x2, 0xff, 0xf2, 0x0,
    0x0, 0x0, 0x6f, 0xfe, 0x0, 0x0, 0x0, 0x0,
    0x7f, 0xfa, 0x0, 0x0, 0x0, 0x2f, 0xff, 0x20,
    0x0, 0x0, 0x6, 0xff, 0xe0, 0x0, 0x0, 0x0,
    0x7, 0xff, 0xfd, 0xdd, 0xdd, 0xde, 0xff, 0xfe,
    0xdd, 0xdd, 0xdd, 0xef, 0xfe, 0x0, 0x0, 0x0,
    0x0, 0x7f, 0xff, 0xff, 0xff, 0xff, 0xff, 0xff,
    0xff, 0xff, 0xff, 0xff, 0xff, 0xe0, 0x0, 0x0,
    0x0, 0x7, 0xff, 0xff, 0xff, 0xff, 0xff, 0xff,
    0xff, 0xff, 0xff, 0xff, 0xff, 0xfe, 0x0, 0x0,
    0x0, 0x0, 0x13, 0x33, 0x33, 0x33, 0x33, 0x33,
    0x33, 0x33, 0x33, 0x33, 0x38, 0xff, 0xe0, 0x0,
    0x0, 0x0, 0x0, 0x0, 0x0, 0x0, 0x0, 0x0,
    0x0, 0x0, 0x0, 0x0, 0x0, 0x6f, 0xfe, 0x0,
    0x0,

    /* U+5C4F "屏" */
    0x0, 0x0, 0xbf, 0xff, 0xff, 0xff, 0xff, 0xff,
    0xff, 0xff, 0xff, 0xff, 0xff, 0xff, 0xff, 0xf6,
    0x0, 0x0, 0x0, 0xbf, 0xff, 0xff, 0xff, 0xff,
    0xff, 0xff, 0xff, 0xff, 0xff, 0xff, 0xff, 0xff,
    0xf6, 0x0, 0x0, 0x0, 0xbf, 0xff, 0xee, 0xee,
    0xee, 0xee, 0xee, 0xee, 0xee, 0xee, 0xee, 0xee,
    0xff, 0xf6, 0x0, 0x0, 0x0, 0xbf, 0xf9, 0x0,
    0x0, 0x0, 0x0, 0x0, 0x0, 0x0, 0x0, 0x0,
    0x1, 0xff, 0xf6, 0x0, 0x0, 0x0, 0xbf, 0xf9,
    0x0, 0x0, 0x0, 0x0, 0x0, 0x0, 0x0, 0x0,
    0x0, 0x1, 0xff, 0xf6, 0x0, 0x0, 0x0, 0xbf,
    0xfa, 0x0, 0x0, 0x0, 0x0, 0x0, 0x0, 0x0,
    0x0, 0x0, 0x2, 0xff, 0xf6, 0x0, 0x0, 0x0,
    0xbf, 0xff, 0xff, 0xff, 0xff, 0xff, 0xff, 0xff,
    0xff, 0xff, 0xff, 0xff, 0xff, 0xf6, 0x0, 0x0,
    0x0, 0xbf, 0xff, 0xff, 0xff, 0xff, 0xff, 0xff,
    0xff, 0xff, 0xff, 0xff, 0xff, 0xff, 0xf6, 0x0,
    0x0, 0x0, 0xbf, 0xfe, 0xcc, 0xcc, 0xcc, 0xcc,
    0xcc, 0xcc, 0xcc, 0xcc, 0xcc, 0xcc, 0xcc, 0xc5,
    0x0, 0x0, 0x0, 0xbf, 0xf9, 0x0, 0x0, 0x5a,
    0xe6, 0x0, 0x0, 0x0, 0x0, 0xe, 0xc8, 0x30,
    0x0, 0x0, 0x0, 0x0, 0xbf, 0xf9, 0x0, 0x0,
    0x9f, 0xff, 0x10, 0x0, 0x0, 0x0, 0x6f, 0xff,
    0x40, 0x0, 0x0, 0x0, 0x0, 0xbf, 0xf9, 0x0,
    0x0, 0x1f, 0xff, 0xa0, 0x0, 0x0, 0x0, 0xef,
    0xfa, 0x0, 0x0, 0x0, 0x0, 0x0, 0xbf, 0xf9,
    0x0, 0x0, 0x8, 0xd7, 0x20, 0x0, 0x0, 0x6,
    0xff, 0xe1, 0x0, 0x0, 0x0, 0x0, 0x0, 0xcf,
    0xf9, 0x1f, 0xff, 0xff, 0xff, 0xff, 0xff, 0xff,
    0xff, 0xff, 0xff, 0xff, 0xff, 0x10, 0x0, 0x0,
    0xcf, 0xf8, 0x1f, 0xff, 0xff, 0xff, 0xff, 0xff,
    0xff, 0xff, 0xff, 0xff, 0xff, 0xff, 0x10, 0x0,
    0x0, 0xcf, 0xf8, 0x1c, 0xcc, 0xcc, 0xff, 0xfd,
    0xcc, 0xcc, 0xce, 0xff, 0xfc, 0xcc, 0xcc, 0x10,
    0x0, 0x0, 0xdf, 0xf8, 0x0, 0x0, 0x0, 0xff,
    0xf2, 0x0, 0x0, 0x9, 0xff, 0xb0, 0x0, 0x0,
    0x0, 0x0, 0x0, 0xef, 0xf6, 0x0, 0x0, 0x0,
    0xff, 0xf2, 0x0, 0x0, 0x9, 0xff, 0xb0, 0x0,
    0x0, 0x0, 0x0, 0x0, 0xff, 0xf5, 0x0, 0x0,
    0x0, 0xff, 0xf2, 0x0, 0x0, 0x9, 0xff, 0xb0,
    0x0, 0x0, 0x0, 0x0, 0x2, 0xff, 0xf3, 0x0,
    0x0, 0x0, 0xff, 0xf2, 0x0, 0x0, 0x9, 0xff,
    0xb0, 0x0, 0x0, 0x0, 0x0, 0x3, 0xff, 0xf1,
    0xdd, 0xdd, 0xdd, 0xff, 0xfd, 0xdd, 0xdd, 0xdf,
    0xff, 0xfd, 0xdd, 0xdd, 0xd1, 0x0, 0x6, 0xff,
    0xf0, 0xff, 0xff, 0xff, 0xff, 0xff, 0xff, 0xff,
    0xff, 0xff, 0xff, 0xff, 0xff, 0xf1, 0x0, 0xa,
    0xff, 0xc0, 0xff, 0xff, 0xff, 0xff, 0xff, 0xff,
    0xff, 0xff, 0xff, 0xff, 0xff, 0xff, 0xf1, 0x0,
    0xe, 0xff, 0x80, 0x0, 0x0, 0xd, 0xff, 0xa0,
    0x0, 0x0, 0x9, 0xff, 0xb0, 0x0, 0x0, 0x0,
    0x0, 0x2f, 0xff, 0x40, 0x0, 0x0, 0x5f, 0xff,
    0x50, 0x0, 0x0, 0x9, 0xff, 0xb0, 0x0, 0x0,
    0x0, 0x0, 0x6f, 0xff, 0x10, 0x0, 0x2, 0xef,
    0xfe, 0x0, 0x0, 0x0, 0x9, 0xff, 0xb0, 0x0,
    0x0, 0x0, 0x0, 0xdf, 0xfc, 0x0, 0x0, 0x3e,
    0xff, 0xf6, 0x0, 0x0, 0x0, 0x9, 0xff, 0xb0,
    0x0, 0x0, 0x0, 0x4, 0xff, 0xf7, 0x0, 0x7,
    0xff, 0xff, 0xb0, 0x0, 0x0, 0x0, 0x9, 0xff,
    0xb0, 0x0, 0x0, 0x0, 0xd, 0xff, 0xf1, 0x2,
    0xef, 0xff, 0xfa, 0x0, 0x0, 0x0, 0x0, 0x9,
    0xff, 0xb0, 0x0, 0x0, 0x0, 0x1b, 0xff, 0x80,
    0x0, 0x7f, 0xff, 0x80, 0x0, 0x0, 0x0, 0x0,
    0x9, 0xff, 0xb0, 0x0, 0x0, 0x0, 0x0, 0x4d,
    0x0, 0x0, 0xa, 0xb3, 0x0, 0x0, 0x0, 0x0,
    0x0, 0x9, 0xff, 0xb0, 0x0, 0x0, 0x0, 0x0,
    0x0, 0x0, 0x0, 0x0, 0x0, 0x0, 0x0, 0x0,
    0x0, 0x0, 0x0, 0x0, 0x0, 0x0, 0x0, 0x0,

    /* U+5E55 "幕" */
    0x0, 0x0, 0x0, 0x0, 0x0, 0xaa, 0xa2, 0x0,
    0x0, 0x0, 0x4, 0xaa, 0x90, 0x0, 0x0, 0x0,
    0x0, 0x0, 0x0, 0x0, 0x0, 0x0, 0xf, 0xff,
    0x40, 0x0, 0x0, 0x0, 0x6f, 0xfd, 0x0, 0x0,
    0x0, 0x0, 0x0, 0x0, 0x8a, 0xaa, 0xaa, 0xaa,
    0xff, 0xfc, 0xaa, 0xaa, 0xaa, 0xad, 0xff, 0xfa,
    0xaa, 0xaa, 0xaa, 0x80, 0x0, 0xc, 0xff, 0xff,
    0xff, 0xff, 0xff, 0xff, 0xff, 0xff, 0xff, 0xff,
    0xff, 0xff, 0xff, 0xff, 0xfc, 0x0, 0x0, 0xcf,
    0xff, 0xff, 0xff, 0xff, 0xff, 0xff, 0xff, 0xff,
    0xff, 0xff, 0xff, 0xff, 0xff, 0xff, 0xc0, 0x0,
    0x0, 0x0, 0x0, 0x0, 0xf, 0xff, 0x40, 0x0,
    0x0, 0x0, 0x6f, 0xfd, 0x0, 0x0, 0x0, 0x0,
    0x0, 0x0, 0x0, 0x0, 0x0, 0x0, 0x77, 0x72,
    0x0, 0x0, 0x0, 0x2, 0x66, 0x50, 0x0, 0x0,
    0x0, 0x0, 0x0, 0x0, 0x0, 0x5f, 0xff, 0xff,
    0xff, 0xff, 0xff, 0xff, 0xff, 0xff, 0xff, 0xff,
    0xff, 0xa0, 0x0, 0x0, 0x0, 0x0, 0x5, 0xff,
    0xff, 0xff, 0xff, 0xff, 0xff, 0xff, 0xff, 0xff,
    0xff, 0xff, 0xfa, 0x0, 0x0, 0x0, 0x0, 0x0,
    0x5f, 0xfe, 0x22, 0x22, 0x22, 0x22, 0x22, 0x22,
    0x22, 0x22, 0x2b, 0xff, 0xa0, 0x0, 0x0, 0x0,
    0x0, 0x5, 0xff, 0xd0, 0x0, 0x0, 0x0, 0x0,
    0x0, 0x0, 0x0, 0x0, 0xaf, 0xfa, 0x0, 0x0,
    0x0, 0x0, 0x0, 0x5f, 0xff, 0xee, 0xee, 0xee,
    0xee, 0xee, 0xee, 0xee, 0xee, 0xef, 0xff, 0xa0,
    0x0, 0x0, 0x0, 0x0, 0x5, 0xff, 0xff, 0xff,
    0xff, 0xff, 0xff, 0xff, 0xff, 0xff, 0xff, 0xff,
    0xfa, 0x0, 0x0, 0x0, 0x0, 0x0, 0x5f, 0xfd,
    0x0, 0x0, 0x0, 0x0, 0x0, 0x0, 0x0, 0x0,
    0xa, 0xff, 0xa0, 0x0, 0x0, 0x0, 0x0, 0x5,
    0xff, 0xd0, 0x0, 0x0, 0x0, 0x0, 0x0, 0x0,
    0x0, 0x0, 0xaf, 0xfa, 0x0, 0x0, 0x0, 0x0,
    0x0, 0x5f, 0xff, 0xff, 0xff, 0xff, 0xff, 0xff,
    0xff, 0xff, 0xff, 0xff, 0xff, 0xa0, 0x0, 0x0,
    0x0, 0x0, 0x5, 0xff, 0xff, 0xff, 0xff, 0xff,
    0xff, 0xff, 0xff, 0xff, 0xff, 0xff, 0xfa, 0x0,
    0x0, 0x0, 0x0, 0x0, 0x1, 0x11, 0x11, 0x7f,
    0xff, 0x41, 0x11, 0x11, 0x11, 0x11, 0x11, 0x11,
    0x10, 0x0, 0x0, 0x0, 0x0, 0x0, 0x0, 0x0,
    0x1e, 0xff, 0xb0, 0x0, 0x0, 0x0, 0x0, 0x0,
    0x0, 0x0, 0x0, 0x0, 0x0, 0x3f, 0xff, 0xff,
    0xff, 0xff, 0xff, 0xff, 0xff, 0xff, 0xff, 0xff,
    0xff, 0xff, 0xff, 0xff, 0xff, 0x20, 0x3, 0xff,
    0xff, 0xff, 0xff, 0xff, 0xff, 0xff, 0xff, 0xff,
    0xff, 0xff, 0xff, 0xff, 0xff, 0xff, 0xf2, 0x0,
    0x29, 0x99, 0x99, 0xaf, 0xff, 0xfa, 0x99, 0xaf,
    0xff, 0x99, 0x99, 0xff, 0xfe, 0x99, 0x99, 0x99,
    0x10, 0x0, 0x0, 0x0, 0x4e, 0xff, 0xf6, 0x0,
    0x3, 0xff, 0xf0, 0x0, 0x3, 0xef, 0xfc, 0x30,
    0x0, 0x0, 0x0, 0x0, 0x2, 0xaf, 0xff, 0xfc,
    0x99, 0x99, 0xaf, 0xff, 0x99, 0x99, 0x9b, 0xff,
    0xff, 0xa3, 0x0, 0x0, 0x0, 0x4b, 0xff, 0xff,
    0xff, 0xff, 0xff, 0xff, 0xff, 0xff, 0xff, 0xff,
    0xff, 0xff, 0xff, 0xfd, 0x83, 0x0, 0xaf, 0xff,
    0xfe, 0xdf, 0xff, 0xff, 0xff, 0xff, 0xff, 0xff,
    0xff, 0xff, 0xff, 0xfe, 0xff, 0xff, 0xa0, 0x1,
    0xef, 0xe7, 0xa, 0xff, 0x80, 0x0, 0x4, 0xff,
    0xf0, 0x0, 0x0, 0x1f, 0xff, 0x25, 0xcf, 0xc0,
    0x0, 0x5, 0x80, 0x0, 0xaf, 0xf7, 0x0, 0x0,
    0x3f, 0xff, 0x0, 0x0, 0x1, 0xff, 0xf2, 0x0,
    0x42, 0x0, 0x0, 0x0, 0x0, 0xa, 0xff, 0x70,
    0x0, 0x3, 0xff, 0xf0, 0x0, 0x0, 0x1f, 0xff,
    0x20, 0x0, 0x0, 0x0, 0x0, 0x0, 0x0, 0xaf,
    0xf7, 0x0, 0x0, 0x3f, 0xff, 0x0, 0x49, 0x9b,
    0xff, 0xf1, 0x0, 0x0, 0x0, 0x0, 0x0, 0x0,
    0xa, 0xff, 0x70, 0x0, 0x3, 0xff, 0xf0, 0x2,
    0xff, 0xff, 0xfc, 0x0, 0x0, 0x0, 0x0, 0x0,
    0x0, 0x0, 0x9d, 0xd6, 0x0, 0x0, 0x3f, 0xff,
    0x0, 0xa, 0xbb, 0x96, 0x0, 0x0, 0x0, 0x0,
    0x0, 0x0, 0x0, 0x0, 0x0, 0x0, 0x0, 0x3,
    0xff, 0xf0, 0x0, 0x0, 0x0, 0x0, 0x0, 0x0,
    0x0, 0x0,

    /* U+5E72 "干" */
    0x0, 0x12, 0x22, 0x22, 0x22, 0x22, 0x22, 0x22,
    0x22, 0x22, 0x22, 0x22, 0x22, 0x22, 0x22, 0x10,
    0x0, 0x6, 0xff, 0xff, 0xff, 0xff, 0xff, 0xff,
    0xff, 0xff, 0xff, 0xff, 0xff, 0xff, 0xff, 0xf9,
    0x0, 0x0, 0x6f, 0xff, 0xff, 0xff, 0xff, 0xff,
    0xff, 0xff, 0xff, 0xff, 0xff, 0xff, 0xff, 0xff,
    0x90, 0x0, 0x6, 0xff, 0xff, 0xff, 0xff, 0xff,
    0xff, 0xff, 0xff, 0xff, 0xff, 0xff, 0xff, 0xff,
    0xf9, 0x0, 0x0, 0x13, 0x33, 0x33, 0x33, 0x33,
    0x33, 0x9f, 0xff, 0x63, 0x33, 0x33, 0x33, 0x33,
    0x33, 0x20, 0x0, 0x0, 0x0, 0x0, 0x0, 0x0,
    0x0, 0x7, 0xff, 0xf3, 0x0, 0x0, 0x0, 0x0,
    0x0, 0x0, 0x0, 0x0, 0x0, 0x0, 0x0, 0x0,
    0x0, 0x0, 0x7f, 0xff, 0x30, 0x0, 0x0, 0x0,
    0x0, 0x0, 0x0, 0x0, 0x0, 0x0, 0x0, 0x0,
    0x0, 0x0, 0x7, 0xff, 0xf3, 0x0, 0x0, 0x0,
    0x0, 0x0, 0x0, 0x0, 0x0, 0x0, 0x0, 0x0,
    0x0, 0x0, 0x0, 0x7f, 0xff, 0x30, 0x0, 0x0,
    0x0, 0x0, 0x0, 0x0, 0x0, 0x0, 0x0, 0x0,
    0x0, 0x0, 0x0, 0x7, 0xff, 0xf3, 0x0, 0x0,
    0x0, 0x0, 0x0, 0x0, 0x0, 0x0, 0x0, 0x0,
    0x0, 0x0, 0x0, 0x0, 0x7f, 0xff, 0x30, 0x0,
    0x0, 0x0, 0x0, 0x0, 0x0, 0x0, 0x0, 0x0,
    0x0, 0x0, 0x0, 0x0, 0x7, 0xff, 0xf3, 0x0,
    0x0, 0x0, 0x0, 0x0, 0x0, 0x0, 0x15, 0x55,
    0x55, 0x55, 0x55, 0x55, 0x55, 0xaf, 0xff, 0x75,
    0x55, 0x55, 0x55, 0x55, 0x55, 0x55, 0x12, 0xff,
    0xff, 0xff, 0xff, 0xff, 0xff, 0xff, 0xff, 0xff,
    0xff, 0xff, 0xff, 0xff, 0xff, 0xff, 0xf3, 0x2f,
    0xff, 0xff, 0xff, 0xff, 0xff, 0xff, 0xff, 0xff,
    0xff, 0xff, 0xff, 0xff, 0xff, 0xff, 0xff, 0x32,
    0xff, 0xff, 0xff, 0xff, 0xff, 0xff, 0xff, 0xff,
    0xff, 0xff, 0xff, 0xff, 0xff, 0xff, 0xff, 0xf3,
    0x0, 0x0, 0x0, 0x0, 0x0, 0x0, 0x0, 0x8f,
    0xff, 0x40, 0x0, 0x0, 0x0, 0x0, 0x0, 0x0,
    0x0, 0x0, 0x0, 0x0, 0x0, 0x0, 0x0, 0x7,
    0xff, 0xf3, 0x0, 0x0, 0x0, 0x0, 0x0, 0x0,
    0x0, 0x0, 0x0, 0x0, 0x0, 0x0, 0x0, 0x0,
    0x7f, 0xff, 0x30, 0x0, 0x0, 0x0, 0x0, 0x0,
    0x0, 0x0, 0x0, 0x0, 0x0, 0x0, 0x0, 0x0,
    0x7, 0xff, 0xf3, 0x0, 0x0, 0x0, 0x0, 0x0,
    0x0, 0x0, 0x0, 0x0, 0x0, 0x0, 0x0, 0x0,
    0x0, 0x7f, 0xff, 0x30, 0x0, 0x0, 0x0, 0x0,
    0x0, 0x0, 0x0, 0x0, 0x0, 0x0, 0x0, 0x0,
    0x0, 0x7, 0xff, 0xf3, 0x0, 0x0, 0x0, 0x0,
    0x0, 0x0, 0x0, 0x0, 0x0, 0x0, 0x0, 0x0,
    0x0, 0x0, 0x7f, 0xff, 0x30, 0x0, 0x0, 0x0,
    0x0, 0x0, 0x0, 0x0, 0x0, 0x0, 0x0, 0x0,
    0x0, 0x0, 0x7, 0xff, 0xf3, 0x0, 0x0, 0x0,
    0x0, 0x0, 0x0, 0x0, 0x0, 0x0, 0x0, 0x0,
    0x0, 0x0, 0x0, 0x7f, 0xff, 0x30, 0x0, 0x0,
    0x0, 0x0, 0x0, 0x0, 0x0, 0x0, 0x0, 0x0,
    0x0, 0x0, 0x0, 0x7, 0xff, 0xf3, 0x0, 0x0,
    0x0, 0x0, 0x0, 0x0, 0x0, 0x0, 0x0, 0x0,
    0x0, 0x0, 0x0, 0x0, 0x7f, 0xff, 0x30, 0x0,
    0x0, 0x0, 0x0, 0x0, 0x0, 0x0, 0x0, 0x0,
    0x0, 0x0, 0x0, 0x0, 0x7, 0xff, 0xf3, 0x0,
    0x0, 0x0, 0x0, 0x0, 0x0, 0x0, 0x0, 0x0,
    0x0, 0x0, 0x0, 0x0, 0x0, 0x7f, 0xff, 0x30,
    0x0, 0x0, 0x0, 0x0, 0x0, 0x0, 0x0, 0x0,
    0x0, 0x0, 0x0, 0x0, 0x0, 0x7, 0xff, 0xf3,
    0x0, 0x0, 0x0, 0x0, 0x0, 0x0, 0x0, 0x0,
    0x0, 0x0, 0x0, 0x0, 0x0, 0x0, 0x7f, 0xff,
    0x30, 0x0, 0x0, 0x0, 0x0, 0x0, 0x0, 0x0,

    /* U+5E8F "序" */
    0x0, 0x0, 0x0, 0x0, 0x0, 0x0, 0x0, 0x0,
    0x16, 0xaa, 0x0, 0x0, 0x0, 0x0, 0x0, 0x0,
    0x0, 0x0, 0x0, 0x0, 0x0, 0x0, 0x0, 0x0,
    0x0, 0x7f, 0xff, 0x40, 0x0, 0x0, 0x0, 0x0,
    0x0, 0x0, 0x0, 0x0, 0x0, 0x0, 0x0, 0x0,
    0x0, 0x0, 0xf, 0xff, 0xc0, 0x0, 0x0, 0x0,
    0x0, 0x0, 0x0, 0x0, 0x0, 0x0, 0x0, 0x0,
    0x0, 0x0, 0x0, 0x9, 0xff, 0xf3, 0x0, 0x0,
    0x0, 0x0, 0x0, 0x0, 0x0, 0x0, 0xef, 0xff,
    0xff, 0xff, 0xff, 0xff, 0xff, 0xff, 0xff, 0xff,
    0xff, 0xff, 0xff, 0xff, 0xf5, 0x0, 0x0, 0xff,
    0xff, 0xff, 0xff, 0xff, 0xff, 0xff, 0xff, 0xff,
    0xff, 0xff, 0xff, 0xff, 0xff, 0xf6, 0x0, 0x0,
    0xff, 0xff, 0xff, 0xff, 0xff, 0xff, 0xff, 0xff,
    0xff, 0xff, 0xff, 0xff, 0xff, 0xff, 0xf6, 0x0,
    0x0, 0xff, 0xf5, 0x11, 0x11, 0x11, 0x11, 0x11,
    0x11, 0x11, 0x11, 0x11, 0x11, 0x11, 0x11, 0x10,
    0x0, 0x0, 0xff, 0xf4, 0x0, 0x0, 0x0, 0x0,
    0x0, 0x0, 0x0, 0x0, 0x0, 0x0, 0x0, 0x0,
    0x0, 0x0, 0x0, 0xff, 0xf4, 0x0, 0x7a, 0xaa,
    0xaa, 0xaa, 0xaa, 0xaa, 0xaa, 0xaa, 0xaa, 0x80,
    0x0, 0x0, 0x0, 0x0, 0xff, 0xf4, 0x0, 0xbf,
    0xff, 0xff, 0xff, 0xff, 0xff, 0xff, 0xff, 0xff,
    0xfc, 0x10, 0x0, 0x0, 0x0, 0xff, 0xf4, 0x0,
    0xbf, 0xff, 0xff, 0xff, 0xff, 0xff, 0xff, 0xff,
    0xff, 0xf9, 0x0, 0x0, 0x0, 0x0, 0xff, 0xf4,
    0x0, 0x0, 0x0, 0x0, 0x0, 0x0, 0x0, 0x2,
    0xdf, 0xff, 0x70, 0x0, 0x0, 0x0, 0x0, 0xff,
    0xf4, 0x0, 0x0, 0x0, 0x59, 0x20, 0x0, 0x0,
    0x4e, 0xff, 0xf5, 0x0, 0x0, 0x0, 0x0, 0x0,
    0xff, 0xf4, 0x0, 0x0, 0x6, 0xff, 0xfb, 0x30,
    0x1a, 0xff, 0xfd, 0x30, 0x0, 0x0, 0x0, 0x0,
    0x0, 0xff, 0xf3, 0x0, 0x0, 0x5, 0xdf, 0xff,
    0xfc, 0xef, 0xff, 0x80, 0x0, 0x0, 0x0, 0x0,
    0x0, 0x0, 0xff, 0xf3, 0x0, 0x0, 0x0, 0x4,
    0xcf, 0xff, 0xff, 0xe3, 0x0, 0x0, 0x0, 0x0,
    0x0, 0x0, 0x0, 0xff, 0xf2, 0x0, 0x0, 0x0,
    0x0, 0x4, 0xcf, 0xff, 0xfc, 0x40, 0x0, 0x0,
    0x0, 0x0, 0x0, 0x1, 0xff, 0xf2, 0x7b, 0xbb,
    0xbb, 0xbb, 0xbb, 0xcf, 0xff, 0xff, 0xfb, 0xbb,
    0xbb, 0xdb, 0x50, 0x0, 0x3, 0xff, 0xf0, 0x9f,
    0xff, 0xff, 0xff, 0xff, 0xff, 0xff, 0xff, 0xff,
    0xff, 0xff, 0xff, 0xe1, 0x0, 0x4, 0xff, 0xe0,
    0x9f, 0xff, 0xff, 0xff, 0xff, 0xff, 0xff, 0xff,
    0xff, 0xff, 0xff, 0xff, 0x50, 0x0, 0x5, 0xff,
    0xd0, 0x0, 0x0, 0x0, 0x0, 0x0, 0x5f, 0xff,
    0x10, 0x0, 0x1, 0xdf, 0xfb, 0x0, 0x0, 0x7,
    0xff, 0xb0, 0x0, 0x0, 0x0, 0x0, 0x0, 0x4f,
    0xff, 0x0, 0x0, 0x9, 0xff, 0xe1, 0x0, 0x0,
    0xa, 0xff, 0x90, 0x0, 0x0, 0x0, 0x0, 0x0,
    0x4f, 0xff, 0x0, 0x0, 0x4f, 0xff, 0x50, 0x0,
    0x0, 0xd, 0xff, 0x60, 0x0, 0x0, 0x0, 0x0,
    0x0, 0x4f, 0xff, 0x0, 0x2, 0xef, 0xf9, 0x0,
    0x0, 0x0, 0x1f, 0xff, 0x30, 0x0, 0x0, 0x0,
    0x0, 0x0, 0x4f, 0xff, 0x0, 0x1, 0x7e, 0xc0,
    0x0, 0x0, 0x0, 0x4f, 0xff, 0x0, 0x0, 0x0,
    0x0, 0x0, 0x0, 0x4f, 0xff, 0x0, 0x0, 0x0,
    0x10, 0x0, 0x0, 0x0, 0x8f, 0xfc, 0x0, 0x0,
    0x0, 0x0, 0x0, 0x0, 0x4f, 0xff, 0x0, 0x0,
    0x0, 0x0, 0x0, 0x0, 0x0, 0xef, 0xf8, 0x0,
    0x0, 0x0, 0x0, 0x0, 0x0, 0x4f, 0xff, 0x0,
    0x0, 0x0, 0x0, 0x0, 0x0, 0x5, 0xff, 0xf2,
    0x0, 0x0, 0x0, 0x0, 0x0, 0x0, 0x6f, 0xff,
    0x0, 0x0, 0x0, 0x0, 0x0, 0x0, 0xc, 0xff,
    0xc0, 0x0, 0x0, 0x0, 0x5f, 0xff, 0xff, 0xff,
    0xff, 0x0, 0x0, 0x0, 0x0, 0x0, 0x0, 0x9,
    0xff, 0x50, 0x0, 0x0, 0x0, 0xe, 0xff, 0xff,
    0xff, 0xf9, 0x0, 0x0, 0x0, 0x0, 0x0, 0x0,
    0x0, 0x3c, 0x0, 0x0, 0x0, 0x0, 0xa, 0xff,
    0xfe, 0xdb, 0x60, 0x0, 0x0, 0x0, 0x0, 0x0,
    0x0, 0x0, 0x0, 0x0, 0x0, 0x0, 0x0, 0x0,
    0x0, 0x0, 0x0, 0x0, 0x0, 0x0, 0x0, 0x0,
    0x0, 0x0,

    /* U+5EA6 "度" */
    0x0, 0x0, 0x0, 0x0, 0x0, 0x0, 0x0, 0x0,
    0x15, 0x70, 0x0, 0x0, 0x0, 0x0, 0x0, 0x0,
    0x0, 0x0, 0x0, 0x0, 0x0, 0x0, 0x0, 0x0,
    0x5f, 0xff, 0x40, 0x0, 0x0, 0x0, 0x0, 0x0,
    0x0, 0x0, 0x0, 0x0, 0x0, 0x0, 0x0, 0x0,
    0x0, 0xff, 0xfb, 0x0, 0x0, 0x0, 0x0, 0x0,
    0x0, 0x0, 0x0, 0x11, 0x11, 0x11, 0x11, 0x11,
    0x11, 0x1a, 0xff, 0xf4, 0x11, 0x11, 0x11, 0x11,
    0x11, 0x10, 0x0, 0xc, 0xff, 0xff, 0xff, 0xff,
    0xff, 0xff, 0xff, 0xff, 0xff, 0xff, 0xff, 0xff,
    0xff, 0xff, 0x40, 0x0, 0xcf, 0xff, 0xff, 0xff,
    0xff, 0xff, 0xff, 0xff, 0xff, 0xff, 0xff, 0xff,
    0xff, 0xff, 0xf4, 0x0, 0xc, 0xff, 0xff, 0xff,
    0xff, 0xff, 0xff, 0xff, 0xff, 0xff, 0xff, 0xff,
    0xff, 0xff, 0xff, 0x40, 0x0, 0xcf, 0xf7, 0x0,
    0x0, 0x3, 0x77, 0x40, 0x0, 0x0, 0x0, 0x57,
    0x73, 0x0, 0x0, 0x0, 0x0, 0xc, 0xff, 0x70,
    0x0, 0x0, 0x7f, 0xfa, 0x0, 0x0, 0x0, 0xb,
    0xff, 0x80, 0x0, 0x0, 0x0, 0x0, 0xcf, 0xf7,
    0x0, 0x0, 0x7, 0xff, 0xa0, 0x0, 0x0, 0x0,
    0xbf, 0xf8, 0x0, 0x0, 0x0, 0x0, 0xc, 0xff,
    0x77, 0x99, 0x99, 0xcf, 0xfe, 0x99, 0x99, 0x99,
    0x9e, 0xff, 0xd9, 0x99, 0x98, 0x0, 0x0, 0xcf,
    0xf7, 0xbf, 0xff, 0xff, 0xff, 0xff, 0xff, 0xff,
    0xff, 0xff, 0xff, 0xff, 0xff, 0xe0, 0x0, 0xc,
    0xff, 0x7b, 0xff, 0xff, 0xff, 0xff, 0xff, 0xff,
    0xff, 0xff, 0xff, 0xff, 0xff, 0xfe, 0x0, 0x0,
    0xcf, 0xf7, 0x0, 0x0, 0x7, 0xff, 0xb0, 0x0,
    0x0, 0x0, 0xbf, 0xf8, 0x0, 0x0, 0x0, 0x0,
    0xd, 0xff, 0x70, 0x0, 0x0, 0x7f, 0xfa, 0x0,
    0x0, 0x0, 0xb, 0xff, 0x80, 0x0, 0x0, 0x0,
    0x0, 0xdf, 0xf6, 0x0, 0x0, 0x7, 0xff, 0xa0,
    0x0, 0x0, 0x0, 0xbf, 0xf8, 0x0, 0x0, 0x0,
    0x0, 0xd, 0xff, 0x60, 0x0, 0x0, 0x7f, 0xff,
    0xff, 0xff, 0xff, 0xff, 0xff, 0x80, 0x0, 0x0,
    0x0, 0x0, 0xef, 0xf5, 0x0, 0x0, 0x7, 0xff,
    0xff, 0xff, 0xff, 0xff, 0xff, 0xf8, 0x0, 0x0,
    0x0, 0x0, 0xf, 0xff, 0x40, 0x0, 0x0, 0x49,
    0x99, 0x99, 0x99, 0x99, 0x99, 0x99, 0x50, 0x0,
    0x0, 0x0, 0x0, 0xff, 0xf3, 0x0, 0x0, 0x0,
    0x0, 0x0, 0x0, 0x0, 0x0, 0x0, 0x0, 0x0,
    0x0, 0x0, 0x0, 0x2f, 0xff, 0x13, 0x99, 0x99,
    0x99, 0x99, 0x99, 0x99, 0x99, 0x99, 0x99, 0x9a,
    0x50, 0x0, 0x0, 0x3, 0xff, 0xf0, 0x5f, 0xff,
    0xff, 0xff, 0xff, 0xff, 0xff, 0xff, 0xff, 0xff,
    0xff, 0x80, 0x0, 0x0, 0x5f, 0xfe, 0x5, 0xff,
    0xff, 0xff, 0xff, 0xff, 0xff, 0xff, 0xff, 0xff,
    0xff, 0xf1, 0x0, 0x0, 0x8, 0xff, 0xc0, 0x0,
    0x3, 0xdf, 0xf8, 0x10, 0x0, 0x0, 0x0, 0x1a,
    0xff, 0xf5, 0x0, 0x0, 0x0, 0xbf, 0xf9, 0x0,
    0x0, 0x9, 0xff, 0xfa, 0x0, 0x0, 0x0, 0x1c,
    0xff, 0xf8, 0x0, 0x0, 0x0, 0xe, 0xff, 0x60,
    0x0, 0x0, 0x9, 0xff, 0xfd, 0x40, 0x0, 0x6e,
    0xff, 0xf7, 0x0, 0x0, 0x0, 0x2, 0xff, 0xf2,
    0x0, 0x0, 0x0, 0x7, 0xff, 0xff, 0xb6, 0xdf,
    0xff, 0xe3, 0x0, 0x0, 0x0, 0x0, 0x7f, 0xff,
    0x0, 0x0, 0x0, 0x0, 0x3, 0xef, 0xff, 0xff,
    0xff, 0xb1, 0x0, 0x0, 0x0, 0x0, 0xd, 0xff,
    0xb0, 0x0, 0x0, 0x0, 0x37, 0xae, 0xff, 0xff,
    0xff, 0xfc, 0x85, 0x10, 0x0, 0x0, 0x3, 0xff,
    0xf5, 0x5, 0x79, 0xbd, 0xff, 0xff, 0xff, 0xff,
    0xff, 0xff, 0xff, 0xff, 0xdb, 0x97, 0x52, 0xaf,
    0xfe, 0x0, 0x9f, 0xff, 0xff, 0xff, 0xfe, 0xa5,
    0x10, 0x49, 0xef, 0xff, 0xff, 0xff, 0xff, 0x45,
    0xdf, 0x80, 0x1, 0xff, 0xff, 0xda, 0x73, 0x0,
    0x0, 0x0, 0x0, 0x38, 0xce, 0xff, 0xff, 0x90,
    0x0, 0x52, 0x0, 0x5, 0x52, 0x0, 0x0, 0x0,
    0x0, 0x0, 0x0, 0x0, 0x0, 0x1, 0x47, 0x91,
    0x0,

    /* U+5F00 "开" */
    0x0, 0x23, 0x33, 0x33, 0x33, 0x33, 0x33, 0x33,
    0x33, 0x33, 0x33, 0x33, 0x33, 0x33, 0x33, 0x31,
    0x0, 0xc, 0xff, 0xff, 0xff, 0xff, 0xff, 0xff,
    0xff, 0xff, 0xff, 0xff, 0xff, 0xff, 0xff, 0xff,
    0x70, 0x0, 0xcf, 0xff, 0xff, 0xff, 0xff, 0xff,
    0xff, 0xff, 0xff, 0xff, 0xff, 0xff, 0xff, 0xff,
    0xf7, 0x0, 0xc, 0xff, 0xff, 0xff, 0xff, 0xff,
    0xff, 0xff, 0xff, 0xff, 0xff, 0xff, 0xff, 0xff,
    0xff, 0x70, 0x0, 0x0, 0x0, 0x0, 0xd, 0xff,
    0x80, 0x0, 0x0, 0x0, 0x7, 0xff, 0xf0, 0x0,
    0x0, 0x0, 0x0, 0x0, 0x0, 0x0, 0x0, 0xdf,
    0xf8, 0x0, 0x0, 0x0, 0x0, 0x7f, 0xff, 0x0,
    0x0, 0x0, 0x0, 0x0, 0x0, 0x0, 0x0, 0xd,
    0xff, 0x80, 0x0, 0x0, 0x0, 0x7, 0xff, 0xf0,
    0x0, 0x0, 0x0, 0x0, 0x0, 0x0, 0x0, 0x0,
    0xdf, 0xf8, 0x0, 0x0, 0x0, 0x0, 0x7f, 0xff,
    0x0, 0x0, 0x0, 0x0, 0x0, 0x0, 0x0, 0x0,
    0xd, 0xff, 0x80, 0x0, 0x0, 0x0, 0x7, 0xff,
    0xf0, 0x0, 0x0, 0x0, 0x0, 0x0, 0x0, 0x0,
    0x0, 0xdf, 0xf8, 0x0, 0x0, 0x0, 0x0, 0x7f,
    0xff, 0x0, 0x0, 0x0, 0x0, 0x0, 0x0, 0x0,
    0x0, 0xd, 0xff, 0x80, 0x0, 0x0, 0x0, 0x7,
    0xff, 0xf0, 0x0, 0x0, 0x0, 0x0, 0x0, 0x0,
    0x0, 0x0, 0xdf, 0xf8, 0x0, 0x0, 0x0, 0x0,
    0x7f, 0xff, 0x0, 0x0, 0x0, 0x0, 0x0, 0x0,
    0x0, 0x0, 0xd, 0xff, 0x80, 0x0, 0x0, 0x0,
    0x7, 0xff, 0xf0, 0x0, 0x0, 0x0, 0x1, 0xff,
    0xff, 0xff, 0xff, 0xff, 0xff, 0xff, 0xff, 0xff,
    0xff, 0xff, 0xff, 0xff, 0xff, 0xff, 0xf8, 0x1f,
    0xff, 0xff, 0xff, 0xff, 0xff, 0xff, 0xff, 0xff,
    0xff, 0xff, 0xff, 0xff, 0xff, 0xff, 0xff, 0x81,
    0xff, 0xff, 0xff, 0xff, 0xff, 0xff, 0xff, 0xff,
    0xff, 0xff, 0xff, 0xff, 0xff, 0xff, 0xff, 0xf8,
    0x3, 0x33, 0x33, 0x33, 0x5f, 0xff, 0x73, 0x33,
    0x33, 0x33, 0x39, 0xff, 0xf3, 0x33, 0x33, 0x33,
    0x10, 0x0, 0x0, 0x0, 0x6, 0xff, 0xf2, 0x0,
    0x0, 0x0, 0x0, 0x7f, 0xff, 0x0, 0x0, 0x0,
    0x0, 0x0, 0x0, 0x0, 0x0, 0x9f, 0xff, 0x0,
    0x0, 0x0, 0x0, 0x7, 0xff, 0xf0, 0x0, 0x0,
    0x0, 0x0, 0x0, 0x0, 0x0, 0xc, 0xff, 0xc0,
    0x0, 0x0, 0x0, 0x0, 0x7f, 0xff, 0x0, 0x0,
    0x0, 0x0, 0x0, 0x0, 0x0, 0x3, 0xff, 0xf8,
    0x0, 0x0, 0x0, 0x0, 0x7, 0xff, 0xf0, 0x0,
    0x0, 0x0, 0x0, 0x0, 0x0, 0x0, 0xaf, 0xff,
    0x20, 0x0, 0x0, 0x0, 0x0, 0x7f, 0xff, 0x0,
    0x0, 0x0, 0x0, 0x0, 0x0, 0x0, 0x1f, 0xff,
    0xc0, 0x0, 0x0, 0x0, 0x0, 0x7, 0xff, 0xf0,
    0x0, 0x0, 0x0, 0x0, 0x0, 0x0, 0xa, 0xff,
    0xf6, 0x0, 0x0, 0x0, 0x0, 0x0, 0x7f, 0xff,
    0x0, 0x0, 0x0, 0x0, 0x0, 0x0, 0x6, 0xff,
    0xfe, 0x0, 0x0, 0x0, 0x0, 0x0, 0x7, 0xff,
    0xf0, 0x0, 0x0, 0x0, 0x0, 0x0, 0x4, 0xff,
    0xff, 0x50, 0x0, 0x0, 0x0, 0x0, 0x0, 0x7f,
    0xff, 0x0, 0x0, 0x0, 0x0, 0x0, 0x4, 0xff,
    0xff, 0xa0, 0x0, 0x0, 0x0, 0x0, 0x0, 0x7,
    0xff, 0xf0, 0x0, 0x0, 0x0, 0x0, 0x7, 0xff,
    0xff, 0xc0, 0x0, 0x0, 0x0, 0x0, 0x0, 0x0,
    0x7f, 0xff, 0x0, 0x0, 0x0, 0x0, 0xb, 0xff,
    0xff, 0xc1, 0x0, 0x0, 0x0, 0x0, 0x0, 0x0,
    0x7, 0xff, 0xf0, 0x0, 0x0, 0x0, 0x0, 0x2d,
    0xff, 0xb0, 0x0, 0x0, 0x0, 0x0, 0x0, 0x0,
    0x0, 0x7f, 0xff, 0x0, 0x0, 0x0, 0x0, 0x0,
    0x1d, 0x70, 0x0, 0x0, 0x0, 0x0, 0x0, 0x0,
    0x0, 0x7, 0xff, 0xf0, 0x0, 0x0, 0x0, 0x0,
    0x0, 0x0, 0x0, 0x0, 0x0, 0x0, 0x0, 0x0,
    0x0, 0x0, 0x0, 0x0, 0x0, 0x0, 0x0, 0x0,

    /* U+5F85 "待" */
    0x0, 0x0, 0x0, 0x0, 0x20, 0x0, 0x0, 0x0,
    0x0, 0x0, 0x3, 0x33, 0x10, 0x0, 0x0, 0x0,
    0x0, 0x0, 0x0, 0x0, 0x2, 0xfe, 0x71, 0x0,
    0x0, 0x0, 0x0, 0xe, 0xff, 0x50, 0x0, 0x0,
    0x0, 0x0, 0x0, 0x0, 0x0, 0xc, 0xff, 0xf3,
    0x0, 0x0, 0x0, 0x0, 0xe, 0xff, 0x50, 0x0,
    0x0, 0x0, 0x0, 0x0, 0x0, 0x0, 0xbf, 0xff,
    0x60, 0x0, 0x0, 0x0, 0x0, 0xe, 0xff, 0x50,
    0x0, 0x0, 0x0, 0x0, 0x0, 0x0, 0xb, 0xff,
    0xf9, 0x0, 0x0, 0x0, 0x0, 0x0, 0xe, 0xff,
    0x60, 0x0, 0x0, 0x0, 0x0, 0x0, 0x1, 0xcf,
    0xff, 0xa0, 0x0, 0x6, 0xff, 0xff, 0xff, 0xff,
    0xff, 0xff, 0xff, 0xff, 0xff, 0x20, 0x0, 0x3d,
    0xff, 0xfb, 0x0, 0x0, 0x6, 0xff, 0xff, 0xff,
    0xff, 0xff, 0xff, 0xff, 0xff, 0xff, 0x20, 0x6,
    0xff, 0xff, 0xa0, 0x0, 0x0, 0x6, 0xff, 0xff,
    0xff, 0xff, 0xff, 0xff, 0xff, 0xff, 0xff, 0x20,
    0x5, 0xff, 0xf8, 0x0, 0x6, 0x10, 0x0, 0x0,
    0x0, 0x0, 0xe, 0xff, 0x50, 0x0, 0x0, 0x0,
    0x0, 0x0, 0xbe, 0x40, 0x0, 0x8f, 0xfa, 0x0,
    0x0, 0x0, 0x0, 0xe, 0xff, 0x50, 0x0, 0x0,
    0x0, 0x0, 0x0, 0x21, 0x0, 0x3, 0xff, 0xf8,
    0x0, 0x0, 0x0, 0x0, 0xe, 0xff, 0x50, 0x0,
    0x0, 0x0, 0x0, 0x0, 0x0, 0x0, 0x1d, 0xff,
    0xd1, 0x22, 0x22, 0x22, 0x22, 0x2e, 0xff, 0x72,
    0x22, 0x22, 0x22, 0x22, 0x0, 0x0, 0x0, 0xcf,
    0xff, 0x37, 0xff, 0xff, 0xff, 0xff, 0xff, 0xff,
    0xff, 0xff, 0xff, 0xff, 0xfe, 0x0, 0x0, 0xa,
    0xff, 0xf8, 0x7, 0xff, 0xff, 0xff, 0xff, 0xff,
    0xff, 0xff, 0xff, 0xff, 0xff, 0xfe, 0x0, 0x0,
    0xaf, 0xff, 0xf3, 0x6, 0xdd, 0xdd, 0xdd, 0xdd,
    0xdd, 0xdd, 0xdd, 0xff, 0xfe, 0xdd, 0xdc, 0x0,
    0xa, 0xff, 0xff, 0xf3, 0x0, 0x0, 0x0, 0x0,
    0x0, 0x0, 0x0, 0x0, 0xff, 0xf2, 0x0, 0x0,
    0x1, 0xcf, 0xff, 0xff, 0xf3, 0x0, 0x0, 0x0,
    0x0, 0x0, 0x0, 0x0, 0x0, 0xff, 0xf2, 0x0,
    0x0, 0x1e, 0xff, 0xfe, 0xff, 0xf3, 0x0, 0x0,
    0x0, 0x0, 0x0, 0x0, 0x0, 0x0, 0xff, 0xf2,
    0x0, 0x0, 0xb, 0xff, 0xe2, 0xef, 0xf3, 0x0,
    0xff, 0xff, 0xff, 0xff, 0xff, 0xff, 0xff, 0xff,
    0xff, 0xff, 0xf9, 0x3, 0xfd, 0x10, 0xef, 0xf3,
    0x0, 0xff, 0xff, 0xff, 0xff, 0xff, 0xff, 0xff,
    0xff, 0xff, 0xff, 0xfa, 0x0, 0x81, 0x0, 0xef,
    0xf3, 0x0, 0xff, 0xff, 0xff, 0xff, 0xff, 0xff,
    0xff, 0xff, 0xff, 0xff, 0xfa, 0x0, 0x0, 0x0,
    0xef, 0xf3, 0x0, 0x11, 0x11, 0x21, 0x11, 0x11,
    0x11, 0x12, 0xff, 0xf4, 0x11, 0x10, 0x0, 0x0,
    0x0, 0xef, 0xf3, 0x0, 0x0, 0x7, 0xe9, 0x0,
    0x0, 0x0, 0x0, 0xff, 0xf2, 0x0, 0x0, 0x0,
    0x0, 0x0, 0xef, 0xf3, 0x0, 0x0, 0x6f, 0xff,
    0x60, 0x0, 0x0, 0x0, 0xff, 0xf2, 0x0, 0x0,
    0x0, 0x0, 0x0, 0xef, 0xf3, 0x0, 0x0, 0xb,
    0xff, 0xf3, 0x0, 0x0, 0x0, 0xff, 0xf2, 0x0,
    0x0, 0x0, 0x0, 0x0, 0xef, 0xf3, 0x0, 0x0,
    0x1, 0xef, 0xfd, 0x0, 0x0, 0x0, 0xff, 0xf2,
    0x0, 0x0, 0x0, 0x0, 0x0, 0xef, 0xf3, 0x0,
    0x0, 0x0, 0x4f, 0xff, 0x70, 0x0, 0x0, 0xff,
    0xf2, 0x0, 0x0, 0x0, 0x0, 0x0, 0xef, 0xf3,
    0x0, 0x0, 0x0, 0xb, 0xff, 0xf0, 0x0, 0x0,
    0xff, 0xf2, 0x0, 0x0, 0x0, 0x0, 0x0, 0xef,
    0xf3, 0x0, 0x0, 0x0, 0x2, 0xfc, 0x30, 0x0,
    0x0, 0xff, 0xf2, 0x0, 0x0, 0x0, 0x0, 0x0,
    0xef, 0xf3, 0x0, 0x0, 0x0, 0x0, 0x30, 0x2,
    0x11, 0x3, 0xff, 0xf2, 0x0, 0x0, 0x0, 0x0,
    0x0, 0xef, 0xf3, 0x0, 0x0, 0x0, 0x0, 0x0,
    0xe, 0xff, 0xff, 0xff, 0xf1, 0x0, 0x0, 0x0,
    0x0, 0x0, 0xef, 0xf3, 0x0, 0x0, 0x0, 0x0,
    0x0, 0x9, 0xff, 0xff, 0xff, 0xb0, 0x0, 0x0,
    0x0, 0x0, 0x0, 0xef, 0xf3, 0x0, 0x0, 0x0,
    0x0, 0x0, 0x5, 0xff, 0xfe, 0xc7, 0x0, 0x0,
    0x0, 0x0, 0x0, 0x0, 0x0, 0x0, 0x0, 0x0,
    0x0, 0x0, 0x0, 0x0, 0x0, 0x0, 0x0, 0x0,
    0x0, 0x0,

    /* U+6062 "恢" */
    0x0, 0x0, 0x27, 0x74, 0x0, 0x0, 0x0, 0x0,
    0x66, 0x40, 0x0, 0x0, 0x0, 0x0, 0x0, 0x0,
    0x0, 0x0, 0x5, 0xff, 0x90, 0x0, 0x0, 0x0,
    0xe, 0xff, 0x20, 0x0, 0x0, 0x0, 0x0, 0x0,
    0x0, 0x0, 0x0, 0x5f, 0xf9, 0x0, 0x0, 0x0,
    0x0, 0xff, 0xf1, 0x0, 0x0, 0x0, 0x0, 0x0,
    0x0, 0x0, 0x0, 0x5, 0xff, 0x90, 0x0, 0x0,
    0x0, 0x1f, 0xff, 0x0, 0x0, 0x0, 0x0, 0x0,
    0x0, 0x0, 0x0, 0x0, 0x5f, 0xf9, 0x0, 0x0,
    0x0, 0x3, 0xff, 0xd0, 0x0, 0x0, 0x0, 0x0,
    0x0, 0x0, 0x0, 0x0, 0x5, 0xff, 0x90, 0x0,
    0x22, 0x22, 0x6f, 0xfd, 0x22, 0x22, 0x22, 0x22,
    0x22, 0x22, 0x20, 0x0, 0x0, 0x5f, 0xf9, 0x26,
    0xd, 0xff, 0xff, 0xff, 0xff, 0xff, 0xff, 0xff,
    0xff, 0xff, 0xff, 0x10, 0x17, 0x46, 0xff, 0xff,
    0xf2, 0xdf, 0xff, 0xff, 0xff, 0xff, 0xff, 0xff,
    0xff, 0xff, 0xff, 0xf1, 0x5, 0xff, 0x8f, 0xfb,
    0xff, 0x8a, 0xcc, 0xcf, 0xff, 0xdc, 0xcc, 0xcc,
    0xcc, 0xcc, 0xcc, 0xcc, 0x0, 0x6f, 0xf6, 0xff,
    0x9b, 0xfe, 0x0, 0x0, 0xef, 0xf2, 0x0, 0x0,
    0x0, 0x0, 0x0, 0x0, 0x0, 0x8, 0xff, 0x5f,
    0xf9, 0x6f, 0xf4, 0x0, 0x1f, 0xff, 0x0, 0x0,
    0x9, 0xff, 0x20, 0x0, 0x0, 0x0, 0xaf, 0xe5,
    0xff, 0x91, 0xff, 0x90, 0x5, 0xff, 0xc0, 0x0,
    0x0, 0xaf, 0xf1, 0x0, 0x0, 0x0, 0xc, 0xfc,
    0x5f, 0xf9, 0xd, 0xfc, 0x0, 0x8f, 0xf8, 0x0,
    0x0, 0xb, 0xff, 0x0, 0x0, 0x0, 0x0, 0xff,
    0xa5, 0xff, 0x90, 0x9c, 0x60, 0xb, 0xff, 0x50,
    0x99, 0x50, 0xcf, 0xf0, 0x1, 0xeb, 0x40, 0x3f,
    0xf6, 0x5f, 0xf9, 0x0, 0x0, 0x0, 0xff, 0xf2,
    0xf, 0xf8, 0xe, 0xfe, 0x0, 0x4f, 0xf5, 0x8,
    0xff, 0x35, 0xff, 0x90, 0x0, 0x0, 0x4f, 0xfd,
    0x2, 0xff, 0x50, 0xff, 0xd0, 0x8, 0xff, 0x10,
    0x8f, 0xe0, 0x5f, 0xf9, 0x0, 0x0, 0x9, 0xff,
    0x80, 0x5f, 0xf1, 0x1f, 0xfb, 0x0, 0xcf, 0xd0,
    0x0, 0x3, 0x5, 0xff, 0x90, 0x0, 0x0, 0xef,
    0xf4, 0x9, 0xfe, 0x3, 0xff, 0x80, 0xf, 0xf9,
    0x0, 0x0, 0x0, 0x5f, 0xf9, 0x0, 0x0, 0x3f,
    0xff, 0x0, 0xdf, 0xa0, 0x6f, 0xf6, 0x6, 0xff,
    0x50, 0x0, 0x0, 0x5, 0xff, 0x90, 0x0, 0xa,
    0xff, 0xa0, 0x3f, 0xf5, 0x9, 0xff, 0x40, 0xbf,
    0xf0, 0x0, 0x0, 0x0, 0x5f, 0xf9, 0x0, 0x2,
    0xff, 0xf3, 0xa, 0xff, 0x0, 0xdf, 0xf2, 0x2f,
    0xfa, 0x0, 0x0, 0x0, 0x5, 0xff, 0x90, 0x0,
    0x9f, 0xfc, 0x0, 0x6e, 0x80, 0x1f, 0xff, 0x62,
    0xbf, 0x30, 0x0, 0x0, 0x0, 0x5f, 0xf9, 0x0,
    0x2f, 0xff, 0x50, 0x0, 0x11, 0x7, 0xff, 0xfc,
    0x0, 0x20, 0x0, 0x0, 0x0, 0x5, 0xff, 0x90,
    0xc, 0xff, 0xd0, 0x0, 0x0, 0x0, 0xcf, 0xff,
    0xf2, 0x0, 0x0, 0x0, 0x0, 0x0, 0x5f, 0xf9,
    0x7, 0xff, 0xf5, 0x0, 0x0, 0x0, 0x5f, 0xff,
    0xff, 0xb0, 0x0, 0x0, 0x0, 0x0, 0x5, 0xff,
    0x92, 0xff, 0xfb, 0x0, 0x0, 0x0, 0xd, 0xff,
    0x8c, 0xff, 0x50, 0x0, 0x0, 0x0, 0x0, 0x5f,
    0xf9, 0x9, 0xfe, 0x10, 0x0, 0x0, 0x9, 0xff,
    0xf1, 0x4f, 0xfe, 0x10, 0x0, 0x0, 0x0, 0x5,
    0xff, 0x90, 0x8, 0x50, 0x0, 0x0, 0x7, 0xff,
    0xf8, 0x0, 0xbf, 0xfc, 0x10, 0x0, 0x0, 0x0,
    0x5f, 0xf9, 0x0, 0x0, 0x0, 0x0, 0xa, 0xff,
    0xfb, 0x0, 0x1, 0xef, 0xfc, 0x0, 0x0, 0x0,
    0x5, 0xff, 0x90, 0x0, 0x0, 0x0, 0x6d, 0xff,
    0xfd, 0x10, 0x0, 0x5, 0xff, 0xfe, 0x50, 0x0,
    0x0, 0x5f, 0xf9, 0x0, 0x0, 0x1, 0xef, 0xff,
    0xfb, 0x10, 0x0, 0x0, 0x6, 0xff, 0xff, 0x60,
    0x0, 0x5, 0xff, 0x90, 0x0, 0x0, 0x8, 0xff,
    0xf8, 0x0, 0x0, 0x0, 0x0, 0x5, 0xff, 0xa0,
    0x0, 0x0, 0x5f, 0xf9, 0x0, 0x0, 0x0, 0xd,
    0x91, 0x0, 0x0, 0x0, 0x0, 0x0, 0x2, 0xa0,
    0x0, 0x0, 0x0, 0x0, 0x0, 0x0, 0x0, 0x0,
    0x0, 0x0, 0x0, 0x0, 0x0, 0x0, 0x0, 0x0,
    0x0,

    /* U+6211 "我" */
    0x0, 0x0, 0x0, 0x0, 0x0, 0x0, 0x0, 0x0,
    0x0, 0x1, 0x11, 0x0, 0x0, 0x0, 0x0, 0x0,
    0x0, 0x0, 0x0, 0x0, 0x0, 0x0, 0x5, 0xae,
    0x40, 0x9, 0xff, 0xd0, 0x0, 0x12, 0x0, 0x0,
    0x0, 0x0, 0x0, 0x0, 0x2, 0x59, 0xcf, 0xff,
    0xff, 0x20, 0x9f, 0xfd, 0x0, 0x4e, 0xe3, 0x0,
    0x0, 0x0, 0x14, 0x69, 0xcf, 0xff, 0xff, 0xff,
    0xff, 0xfc, 0x8, 0xff, 0xe0, 0x1f, 0xff, 0xf3,
    0x0, 0x0, 0xe, 0xff, 0xff, 0xff, 0xff, 0xff,
    0xfc, 0x83, 0x0, 0x7f, 0xff, 0x0, 0x3f, 0xff,
    0xf4, 0x0, 0x0, 0x8f, 0xff, 0xff, 0xff, 0xff,
    0x70, 0x0, 0x0, 0x6, 0xff, 0xf0, 0x0, 0x3f,
    0xff, 0xf3, 0x0, 0x2, 0xb9, 0x64, 0x20, 0xff,
    0xf5, 0x0, 0x0, 0x0, 0x6f, 0xff, 0x0, 0x0,
    0x3f, 0xff, 0xe1, 0x0, 0x0, 0x0, 0x0, 0xf,
    0xff, 0x50, 0x0, 0x0, 0x5, 0xff, 0xf1, 0x0,
    0x0, 0x5f, 0xff, 0x40, 0x0, 0x0, 0x0, 0x0,
    0xff, 0xf5, 0x0, 0x0, 0x0, 0x4f, 0xff, 0x10,
    0x0, 0x0, 0x9c, 0x20, 0x0, 0x0, 0x0, 0x0,
    0xf, 0xff, 0x50, 0x0, 0x0, 0x3, 0xff, 0xf2,
    0x0, 0x0, 0x0, 0x0, 0x0, 0x2, 0x22, 0x22,
    0x22, 0xff, 0xf7, 0x22, 0x22, 0x22, 0x5f, 0xff,
    0x52, 0x22, 0x22, 0x22, 0x22, 0x2, 0xff, 0xff,
    0xff, 0xff, 0xff, 0xff, 0xff, 0xff, 0xff, 0xff,
    0xff, 0xff, 0xff, 0xff, 0xff, 0xf3, 0x2f, 0xff,
    0xff, 0xff, 0xff, 0xff, 0xff, 0xff, 0xff, 0xff,
    0xff, 0xff, 0xff, 0xff, 0xff, 0xff, 0x32, 0xff,
    0xff, 0xff, 0xff, 0xff, 0xff, 0xff, 0xff, 0xff,
    0xff, 0xff, 0xff, 0xff, 0xff, 0xff, 0xf3, 0x0,
    0x0, 0x0, 0x0, 0xff, 0xf5, 0x0, 0x0, 0x0,
    0xc, 0xff, 0x90, 0x0, 0x0, 0x0, 0x0, 0x0,
    0x0, 0x0, 0x0, 0xf, 0xff, 0x50, 0x0, 0x0,
    0x0, 0xaf, 0xfc, 0x0, 0x0, 0x35, 0x0, 0x0,
    0x0, 0x0, 0x0, 0x0, 0xff, 0xf5, 0x0, 0x0,
    0x0, 0x7, 0xff, 0xe0, 0x0, 0xd, 0xfe, 0x60,
    0x0, 0x0, 0x0, 0x0, 0xf, 0xff, 0x50, 0x0,
    0x2, 0x10, 0x5f, 0xff, 0x10, 0x8, 0xff, 0xf3,
    0x0, 0x0, 0x0, 0x0, 0x0, 0xff, 0xf7, 0x69,
    0xcf, 0xf4, 0x3, 0xff, 0xf4, 0x3, 0xff, 0xf8,
    0x0, 0x0, 0x0, 0x0, 0x13, 0x6f, 0xff, 0xff,
    0xff, 0xff, 0x60, 0xf, 0xff, 0x71, 0xef, 0xfd,
    0x0, 0x0, 0x25, 0x8b, 0xef, 0xff, 0xff, 0xff,
    0xff, 0xff, 0xd4, 0x0, 0xcf, 0xfb, 0xcf, 0xff,
    0x30, 0x0, 0x8, 0xff, 0xff, 0xff, 0xff, 0xff,
    0xeb, 0x74, 0x10, 0x0, 0x8, 0xff, 0xff, 0xff,
    0x60, 0x0, 0x0, 0x4f, 0xff, 0xff, 0xfc, 0xff,
    0xf5, 0x0, 0x0, 0x0, 0x0, 0x5f, 0xff, 0xff,
    0x90, 0x0, 0x0, 0x0, 0xfd, 0xa7, 0x30, 0xf,
    0xff, 0x50, 0x0, 0x0, 0x0, 0x1, 0xff, 0xff,
    0xb0, 0x0, 0x0, 0x0, 0x0, 0x0, 0x0, 0x0,
    0xff, 0xf5, 0x0, 0x0, 0x0, 0x2, 0xdf, 0xff,
    0xe0, 0x0, 0x0, 0xb4, 0x0, 0x0, 0x0, 0x0,
    0xf, 0xff, 0x50, 0x0, 0x0, 0x5, 0xff, 0xff,
    0xff, 0x30, 0x0, 0xe, 0xfa, 0x0, 0x0, 0x0,
    0x0, 0xff, 0xf5, 0x0, 0x0, 0x9, 0xff, 0xff,
    0xff, 0xf9, 0x0, 0x0, 0xff, 0xd0, 0x0, 0x0,
    0x0, 0xf, 0xff, 0x50, 0x0, 0x5e, 0xff, 0xff,
    0x8a, 0xff, 0xf2, 0x0, 0x1f, 0xfb, 0x0, 0x0,
    0x0, 0x0, 0xff, 0xf5, 0x3, 0xcf, 0xff, 0xfe,
    0x40, 0x2f, 0xff, 0xc0, 0x4, 0xff, 0x90, 0x2,
    0x44, 0x44, 0x6f, 0xff, 0x40, 0xbf, 0xff, 0xfb,
    0x10, 0x0, 0xaf, 0xff, 0xc5, 0xcf, 0xf5, 0x0,
    0x4f, 0xff, 0xff, 0xff, 0xf2, 0x0, 0xdf, 0xe5,
    0x0, 0x0, 0x0, 0xdf, 0xff, 0xff, 0xff, 0x10,
    0x0, 0xef, 0xff, 0xff, 0xfb, 0x0, 0x2, 0x80,
    0x0, 0x0, 0x0, 0x2, 0xef, 0xff, 0xff, 0x90,
    0x0, 0x9, 0xff, 0xfd, 0xb6, 0x0, 0x0, 0x0,
    0x0, 0x0, 0x0, 0x0, 0x1, 0xae, 0xff, 0xa0,
    0x0, 0x0, 0x0, 0x0, 0x0, 0x0, 0x0, 0x0,
    0x0, 0x0, 0x0, 0x0, 0x0, 0x0, 0x1, 0x0,
    0x0,

    /* U+6253 "打" */
    0x0, 0x0, 0x7, 0xcc, 0x80, 0x0, 0x0, 0x0,
    0x0, 0x0, 0x0, 0x0, 0x0, 0x0, 0x0, 0x0,
    0x0, 0x0, 0x0, 0xaf, 0xfa, 0x0, 0x0, 0x0,
    0x0, 0x0, 0x0, 0x0, 0x0, 0x0, 0x0, 0x0,
    0x0, 0x0, 0x0, 0xa, 0xff, 0xa0, 0x0, 0x0,
    0x0, 0x0, 0x0, 0x0, 0x0, 0x0, 0x0, 0x0,
    0x0, 0x0, 0x0, 0x0, 0xaf, 0xfa, 0x0, 0x0,
    0x7f, 0xff, 0xff, 0xff, 0xff, 0xff, 0xff, 0xff,
    0xff, 0xf8, 0x0, 0x0, 0xa, 0xff, 0xa0, 0x0,
    0x7, 0xff, 0xff, 0xff, 0xff, 0xff, 0xff, 0xff,
    0xff, 0xff, 0x80, 0x0, 0x0, 0xaf, 0xfa, 0x0,
    0x0, 0x7f, 0xff, 0xff, 0xff, 0xff, 0xff, 0xff,
    0xff, 0xff, 0xf8, 0x0, 0x0, 0xa, 0xff, 0xa0,
    0x0, 0x2, 0x55, 0x55, 0x55, 0x55, 0x5f, 0xff,
    0xb5, 0x55, 0x55, 0x38, 0xdd, 0xdd, 0xff, 0xff,
    0xdd, 0xdd, 0x10, 0x0, 0x0, 0x0, 0x0, 0xff,
    0xf9, 0x0, 0x0, 0x0, 0x9f, 0xff, 0xff, 0xff,
    0xff, 0xff, 0xf1, 0x0, 0x0, 0x0, 0x0, 0xf,
    0xff, 0x90, 0x0, 0x0, 0x9, 0xff, 0xff, 0xff,
    0xff, 0xff, 0xff, 0x10, 0x0, 0x0, 0x0, 0x0,
    0xff, 0xf9, 0x0, 0x0, 0x0, 0x24, 0x44, 0x4b,
    0xff, 0xc4, 0x44, 0x40, 0x0, 0x0, 0x0, 0x0,
    0xf, 0xff, 0x90, 0x0, 0x0, 0x0, 0x0, 0x0,
    0xaf, 0xfa, 0x0, 0x0, 0x0, 0x0, 0x0, 0x0,
    0x0, 0xff, 0xf9, 0x0, 0x0, 0x0, 0x0, 0x0,
    0xa, 0xff, 0xa0, 0x0, 0x0, 0x0, 0x0, 0x0,
    0x0, 0xf, 0xff, 0x90, 0x0, 0x0, 0x0, 0x0,
    0x0, 0xaf, 0xfa, 0x0, 0x0, 0x0, 0x0, 0x0,
    0x0, 0x0, 0xff, 0xf9, 0x0, 0x0, 0x0, 0x0,
    0x0, 0xa, 0xff, 0xa0, 0x0, 0x0, 0x0, 0x0,
    0x0, 0x0, 0xf, 0xff, 0x90, 0x0, 0x0, 0x0,
    0x0, 0x0, 0xaf, 0xfa, 0x1, 0x5a, 0x20, 0x0,
    0x0, 0x0, 0x0, 0xff, 0xf9, 0x0, 0x0, 0x0,
    0x0, 0x0, 0xa, 0xff, 0xec, 0xff, 0xf5, 0x0,
    0x0, 0x0, 0x0, 0xf, 0xff, 0x90, 0x0, 0x0,
    0x0, 0x0, 0x37, 0xdf, 0xff, 0xff, 0xff, 0x70,
    0x0, 0x0, 0x0, 0x0, 0xff, 0xf9, 0x0, 0x0,
    0x0, 0x6b, 0xff, 0xff, 0xff, 0xff, 0xff, 0xb4,
    0x0, 0x0, 0x0, 0x0, 0xf, 0xff, 0x90, 0x0,
    0x0, 0xa, 0xff, 0xff, 0xff, 0xfe, 0x94, 0x0,
    0x0, 0x0, 0x0, 0x0, 0x0, 0xff, 0xf9, 0x0,
    0x0, 0x0, 0x6f, 0xff, 0xff, 0xff, 0xa0, 0x0,
    0x0, 0x0, 0x0, 0x0, 0x0, 0xf, 0xff, 0x90,
    0x0, 0x0, 0x2, 0xe9, 0x50, 0xaf, 0xfa, 0x0,
    0x0, 0x0, 0x0, 0x0, 0x0, 0x0, 0xff, 0xf9,
    0x0, 0x0, 0x0, 0x0, 0x0, 0xa, 0xff, 0xa0,
    0x0, 0x0, 0x0, 0x0, 0x0, 0x0, 0xf, 0xff,
    0x90, 0x0, 0x0, 0x0, 0x0, 0x0, 0xaf, 0xfa,
    0x0, 0x0, 0x0, 0x0, 0x0, 0x0, 0x0, 0xff,
    0xf9, 0x0, 0x0, 0x0, 0x0, 0x0, 0xa, 0xff,
    0xa0, 0x0, 0x0, 0x0, 0x0, 0x0, 0x0, 0xf,
    0xff, 0x90, 0x0, 0x0, 0x0, 0x0, 0x0, 0xaf,
    0xfa, 0x0, 0x0, 0x0, 0x0, 0x0, 0x0, 0x0,
    0xff, 0xf9, 0x0, 0x0, 0x0, 0x0, 0x0, 0xa,
    0xff, 0xa0, 0x0, 0x0, 0x0, 0x0, 0x0, 0x0,
    0xf, 0xff, 0x90, 0x0, 0x0, 0x0, 0x0, 0x0,
    0xaf, 0xfa, 0x0, 0x0, 0x0, 0x0, 0x0, 0x0,
    0x0, 0xff, 0xf9, 0x0, 0x0, 0x0, 0x0, 0x0,
    0xa, 0xff, 0xa0, 0x0, 0x0, 0x0, 0x0, 0x0,
    0x0, 0xf, 0xff, 0x90, 0x0, 0x0, 0x0, 0x0,
    0x1, 0xcf, 0xfa, 0x0, 0x0, 0x0, 0x4, 0x98,
    0x87, 0x7a, 0xff, 0xf8, 0x0, 0x0, 0x0, 0x9,
    0xff, 0xff, 0xff, 0x80, 0x0, 0x0, 0x0, 0x2f,
    0xff, 0xff, 0xff, 0xff, 0x50, 0x0, 0x0, 0x0,
    0x3f, 0xff, 0xff, 0xe2, 0x0, 0x0, 0x0, 0x0,
    0xcf, 0xff, 0xff, 0xff, 0xc0, 0x0, 0x0, 0x0,
    0x0, 0xff, 0xfd, 0x92, 0x0, 0x0, 0x0, 0x0,
    0x7, 0xff, 0xfe, 0xdb, 0x60, 0x0, 0x0, 0x0,
    0x0, 0x0, 0x0, 0x0, 0x0, 0x0, 0x0, 0x0,
    0x0, 0x0, 0x0, 0x0, 0x0, 0x0, 0x0, 0x0,
    0x0,

    /* U+6295 "投" */
    0x0, 0x0, 0x0, 0x22, 0x20, 0x0, 0x0, 0x0,
    0x0, 0x0, 0x0, 0x0, 0x0, 0x0, 0x0, 0x0,
    0x0, 0x0, 0x0, 0x3, 0xff, 0xf0, 0x0, 0x0,
    0x0, 0x11, 0x11, 0x11, 0x11, 0x11, 0x11, 0x0,
    0x0, 0x0, 0x0, 0x0, 0x3, 0xff, 0xf0, 0x0,
    0x0, 0x0, 0xef, 0xff, 0xff, 0xff, 0xff, 0xfe,
    0x0, 0x0, 0x0, 0x0, 0x0, 0x3, 0xff, 0xf0,
    0x0, 0x0, 0x0, 0xef, 0xff, 0xff, 0xff, 0xff,
    0xfe, 0x0, 0x0, 0x0, 0x0, 0x0, 0x3, 0xff,
    0xf0, 0x0, 0x0, 0x0, 0xef, 0xff, 0xff, 0xff,
    0xff, 0xfe, 0x0, 0x0, 0x0, 0x0, 0x0, 0x3,
    0xff, 0xf0, 0x0, 0x0, 0x0, 0xef, 0xf2, 0x0,
    0x0, 0x3f, 0xfe, 0x0, 0x0, 0x0, 0x0, 0x0,
    0x3, 0xff, 0xf0, 0x0, 0x0, 0x0, 0xff, 0xf1,
    0x0, 0x0, 0x3f, 0xfe, 0x0, 0x0, 0x0, 0x5,
    0x77, 0x79, 0xff, 0xf8, 0x77, 0x70, 0x1, 0xff,
    0xf0, 0x0, 0x0, 0x3f, 0xfe, 0x0, 0x0, 0x0,
    0xb, 0xff, 0xff, 0xff, 0xff, 0xff, 0xf1, 0x6,
    0xff, 0xe0, 0x0, 0x0, 0x3f, 0xfe, 0x0, 0x0,
    0x0, 0xb, 0xff, 0xff, 0xff, 0xff, 0xff, 0xf1,
    0xc, 0xff, 0x80, 0x0, 0x0, 0x3f, 0xfe, 0x0,
    0x0, 0x0, 0x5, 0x77, 0x79, 0xff, 0xf8, 0x77,
    0x70, 0x8f, 0xff, 0x30, 0x0, 0x0, 0x2f, 0xff,
    0x20, 0x1, 0x20, 0x0, 0x0, 0x3, 0xff, 0xf0,
    0x0, 0x7, 0xff, 0xfa, 0x0, 0x0, 0x0, 0x1f,
    0xff, 0xff, 0xff, 0xc0, 0x0, 0x0, 0x3, 0xff,
    0xf0, 0x1, 0xcf, 0xff, 0xe0, 0x0, 0x0, 0x0,
    0xb, 0xff, 0xff, 0xff, 0xd0, 0x0, 0x0, 0x3,
    0xff, 0xf0, 0x0, 0xaf, 0xfe, 0x20, 0x0, 0x0,
    0x0, 0x0, 0x8b, 0xcc, 0xcc, 0xa0, 0x0, 0x0,
    0x3, 0xff, 0xf0, 0x0, 0xc, 0xb1, 0x0, 0x0,
    0x0, 0x0, 0x0, 0x0, 0x0, 0x0, 0x0, 0x0,
    0x0, 0x3, 0xff, 0xf0, 0x0, 0x3, 0x22, 0x22,
    0x22, 0x22, 0x22, 0x22, 0x22, 0x21, 0x0, 0x0,
    0x0, 0x0, 0x3, 0xff, 0xf8, 0xbf, 0x2f, 0xff,
    0xff, 0xff, 0xff, 0xff, 0xff, 0xff, 0xff, 0xa1,
    0x0, 0x0, 0x0, 0x38, 0xff, 0xff, 0xff, 0x4f,
    0xff, 0xff, 0xff, 0xff, 0xff, 0xff, 0xff, 0xff,
    0xe0, 0x0, 0x7, 0xbf, 0xff, 0xff, 0xff, 0xff,
    0x6f, 0xff, 0xff, 0xff, 0xff, 0xff, 0xff, 0xff,
    0xff, 0x80, 0x0, 0xf, 0xff, 0xff, 0xff, 0xfb,
    0x62, 0x0, 0xef, 0xf4, 0x0, 0x0, 0x0, 0x0,
    0x8f, 0xff, 0x20, 0x0, 0xa, 0xff, 0xfe, 0xff,
    0xf0, 0x0, 0x0, 0x7f, 0xfe, 0x0, 0x0, 0x0,
    0x2, 0xff, 0xfa, 0x0, 0x0, 0x6, 0xc7, 0x23,
    0xff, 0xf0, 0x0, 0x0, 0xe, 0xff, 0x90, 0x0,
    0x0, 0xc, 0xff, 0xf2, 0x0, 0x0, 0x0, 0x0,
    0x3, 0xff, 0xf0, 0x0, 0x0, 0x5, 0xff, 0xf5,
    0x0, 0x0, 0x8f, 0xff, 0x90, 0x0, 0x0, 0x0,
    0x0, 0x3, 0xff, 0xf0, 0x0, 0x0, 0x0, 0xcf,
    0xff, 0x50, 0x8, 0xff, 0xfd, 0x0, 0x0, 0x0,
    0x0, 0x0, 0x3, 0xff, 0xf0, 0x0, 0x0, 0x0,
    0x1e, 0xff, 0xf5, 0x8f, 0xff, 0xf2, 0x0, 0x0,
    0x0, 0x0, 0x0, 0x3, 0xff, 0xf0, 0x0, 0x0,
    0x0, 0x2, 0xff, 0xff, 0xff, 0xff, 0x40, 0x0,
    0x0, 0x0, 0x0, 0x0, 0x3, 0xff, 0xf0, 0x0,
    0x0, 0x0, 0x0, 0x4f, 0xff, 0xff, 0xf4, 0x0,
    0x0, 0x0, 0x0, 0x0, 0x0, 0x3, 0xff, 0xf0,
    0x0, 0x0, 0x0, 0x3, 0xbf, 0xff, 0xff, 0xf9,
    0x20, 0x0, 0x0, 0x0, 0x0, 0x0, 0x3, 0xff,
    0xf0, 0x0, 0x0, 0x4, 0xbf, 0xff, 0xff, 0xff,
    0xff, 0xfa, 0x20, 0x0, 0x0, 0x0, 0x0, 0x4,
    0xff, 0xf0, 0x0, 0x49, 0xdf, 0xff, 0xff, 0xe6,
    0x9f, 0xff, 0xff, 0xfd, 0x84, 0x0, 0x2, 0xff,
    0xef, 0xff, 0xe0, 0x6f, 0xff, 0xff, 0xff, 0xe7,
    0x0, 0x2, 0xbf, 0xff, 0xff, 0xff, 0xf3, 0x0,
    0xcf, 0xff, 0xff, 0x80, 0x1e, 0xff, 0xff, 0xe7,
    0x0, 0x0, 0x0, 0x4, 0xcf, 0xff, 0xff, 0xa0,
    0x0, 0x8f, 0xfe, 0xb6, 0x0, 0x7, 0xfd, 0x83,
    0x0, 0x0, 0x0, 0x0, 0x0, 0x1, 0x6b, 0xfe,
    0x10, 0x0, 0x0, 0x0, 0x0, 0x0, 0x0, 0x20,
    0x0, 0x0, 0x0, 0x0, 0x0, 0x0, 0x0, 0x0,
    0x13, 0x0,

    /* U+62A4 "护" */
    0x0, 0x0, 0x0, 0xab, 0xb3, 0x0, 0x0, 0x0,
    0x0, 0x0, 0x0, 0x56, 0x0, 0x0, 0x0, 0x0,
    0x0, 0x0, 0x0, 0xf, 0xff, 0x40, 0x0, 0x0,
    0x0, 0x0, 0x4, 0xef, 0xf3, 0x0, 0x0, 0x0,
    0x0, 0x0, 0x0, 0x0, 0xff, 0xf4, 0x0, 0x0,
    0x0, 0x0, 0x0, 0xd, 0xff, 0xe1, 0x0, 0x0,
    0x0, 0x0, 0x0, 0x0, 0xf, 0xff, 0x40, 0x0,
    0x0, 0x0, 0x0, 0x0, 0x3f, 0xff, 0x90, 0x0,
    0x0, 0x0, 0x0, 0x0, 0x0, 0xff, 0xf4, 0x0,
    0x0, 0x0, 0x0, 0x0, 0x0, 0xaf, 0xff, 0x20,
    0x0, 0x0, 0x0, 0x0, 0x0, 0xf, 0xff, 0x40,
    0x0, 0x0, 0x0, 0x0, 0x0, 0x2, 0xff, 0xa2,
    0x0, 0x0, 0x0, 0x0, 0x0, 0x0, 0xff, 0xf4,
    0x0, 0x0, 0x9, 0xbb, 0xbb, 0xbb, 0xbf, 0xdb,
    0xbb, 0xbb, 0xbb, 0x30, 0x7e, 0xee, 0xef, 0xff,
    0xee, 0xee, 0x10, 0xcf, 0xff, 0xff, 0xff, 0xff,
    0xff, 0xff, 0xff, 0xf5, 0x8, 0xff, 0xff, 0xff,
    0xff, 0xff, 0xf1, 0xc, 0xff, 0xff, 0xff, 0xff,
    0xff, 0xff, 0xff, 0xff, 0x50, 0x8f, 0xff, 0xff,
    0xff, 0xff, 0xff, 0x10, 0xcf, 0xf9, 0x33, 0x33,
    0x33, 0x33, 0x33, 0xff, 0xf5, 0x2, 0x44, 0x44,
    0xff, 0xf7, 0x44, 0x40, 0xc, 0xff, 0x70, 0x0,
    0x0, 0x0, 0x0, 0xf, 0xff, 0x50, 0x0, 0x0,
    0xf, 0xff, 0x40, 0x0, 0x0, 0xcf, 0xf7, 0x0,
    0x0, 0x0, 0x0, 0x0, 0xff, 0xf5, 0x0, 0x0,
    0x0, 0xff, 0xf4, 0x0, 0x0, 0xc, 0xff, 0x70,
    0x0, 0x0, 0x0, 0x0, 0xf, 0xff, 0x50, 0x0,
    0x0, 0xf, 0xff, 0x40, 0x0, 0x0, 0xcf, 0xf7,
    0x0, 0x0, 0x0, 0x0, 0x0, 0xff, 0xf5, 0x0,
    0x0, 0x0, 0xff, 0xf4, 0x0, 0x0, 0xc, 0xff,
    0x70, 0x0, 0x0, 0x0, 0x0, 0xf, 0xff, 0x50,
    0x0, 0x0, 0xf, 0xff, 0x40, 0x3, 0x0, 0xdf,
    0xfa, 0x44, 0x44, 0x44, 0x44, 0x44, 0xff, 0xf5,
    0x0, 0x0, 0x0, 0xff, 0xf8, 0xae, 0xf0, 0xd,
    0xff, 0xff, 0xff, 0xff, 0xff, 0xff, 0xff, 0xff,
    0x50, 0x0, 0x0, 0x4f, 0xff, 0xff, 0xff, 0x20,
    0xef, 0xff, 0xff, 0xff, 0xff, 0xff, 0xff, 0xff,
    0xf5, 0x3, 0x7b, 0xff, 0xff, 0xff, 0xff, 0xe3,
    0xe, 0xff, 0xed, 0xdd, 0xdd, 0xdd, 0xdd, 0xdf,
    0xff, 0x50, 0xef, 0xff, 0xff, 0xff, 0xc7, 0x30,
    0x0, 0xff, 0xf5, 0x0, 0x0, 0x0, 0x0, 0x0,
    0xff, 0xf5, 0xa, 0xff, 0xfd, 0xff, 0xf4, 0x0,
    0x0, 0x1f, 0xff, 0x40, 0x0, 0x0, 0x0, 0x0,
    0xa, 0xaa, 0x30, 0x5b, 0x61, 0xf, 0xff, 0x40,
    0x0, 0x3, 0xff, 0xf2, 0x0, 0x0, 0x0, 0x0,
    0x0, 0x0, 0x0, 0x0, 0x0, 0x0, 0xff, 0xf4,
    0x0, 0x0, 0x6f, 0xff, 0x0, 0x0, 0x0, 0x0,
    0x0, 0x0, 0x0, 0x0, 0x0, 0x0, 0xf, 0xff,
    0x40, 0x0, 0x8, 0xff, 0xd0, 0x0, 0x0, 0x0,
    0x0, 0x0, 0x0, 0x0, 0x0, 0x0, 0x0, 0xff,
    0xf4, 0x0, 0x0, 0xdf, 0xfa, 0x0, 0x0, 0x0,
    0x0, 0x0, 0x0, 0x0, 0x0, 0x0, 0x0, 0xf,
    0xff, 0x40, 0x0, 0x3f, 0xff, 0x60, 0x0, 0x0,
    0x0, 0x0, 0x0, 0x0, 0x0, 0x0, 0x0, 0x0,
    0xff, 0xf4, 0x0, 0x8, 0xff, 0xf2, 0x0, 0x0,
    0x0, 0x0, 0x0, 0x0, 0x0, 0x0, 0x0, 0x0,
    0xf, 0xff, 0x40, 0x0, 0xef, 0xfc, 0x0, 0x0,
    0x0, 0x0, 0x0, 0x0, 0x0, 0x0, 0x0, 0x0,
    0x0, 0xff, 0xf4, 0x0, 0x7f, 0xff, 0x60, 0x0,
    0x0, 0x0, 0x0, 0x0, 0x0, 0x0, 0x0, 0x3,
    0x33, 0x4f, 0xff, 0x30, 0x2e, 0xff, 0xf0, 0x0,
    0x0, 0x0, 0x0, 0x0, 0x0, 0x0, 0x0, 0x0,
    0x9f, 0xff, 0xff, 0xf2, 0xc, 0xff, 0xf7, 0x0,
    0x0, 0x0, 0x0, 0x0, 0x0, 0x0, 0x0, 0x0,
    0x3, 0xff, 0xff, 0xfa, 0x0, 0x5f, 0xfc, 0x0,
    0x0, 0x0, 0x0, 0x0, 0x0, 0x0, 0x0, 0x0,
    0x0, 0xf, 0xfe, 0xb7, 0x0, 0x0, 0x3e, 0x20,
    0x0, 0x0, 0x0, 0x0, 0x0, 0x0, 0x0, 0x0,
    0x0, 0x0, 0x0, 0x0, 0x0, 0x0, 0x0, 0x0,
    0x0, 0x0, 0x0, 0x0, 0x0, 0x0, 0x0, 0x0,
    0x0,

    /* U+636E "据" */
    0x0, 0x0, 0x5, 0x77, 0x20, 0x0, 0x0, 0x0,
    0x0, 0x0, 0x0, 0x0, 0x0, 0x0, 0x0, 0x0,
    0x0, 0x0, 0x0, 0xb, 0xff, 0x40, 0x0, 0x0,
    0x0, 0x0, 0x0, 0x0, 0x0, 0x0, 0x0, 0x0,
    0x0, 0x0, 0x0, 0x0, 0xb, 0xff, 0x40, 0x0,
    0xc, 0xff, 0xff, 0xff, 0xff, 0xff, 0xff, 0xff,
    0xff, 0xff, 0x30, 0x0, 0x0, 0xb, 0xff, 0x40,
    0x0, 0xc, 0xff, 0xff, 0xff, 0xff, 0xff, 0xff,
    0xff, 0xff, 0xff, 0x30, 0x0, 0x0, 0xb, 0xff,
    0x40, 0x0, 0xc, 0xff, 0xec, 0xcc, 0xcc, 0xcc,
    0xcc, 0xcc, 0xcf, 0xff, 0x30, 0x0, 0x0, 0xb,
    0xff, 0x40, 0x0, 0xc, 0xff, 0x60, 0x0, 0x0,
    0x0, 0x0, 0x0, 0xe, 0xff, 0x30, 0x0, 0x0,
    0xb, 0xff, 0x40, 0x0, 0xc, 0xff, 0x60, 0x0,
    0x0, 0x0, 0x0, 0x0, 0xe, 0xff, 0x30, 0x6,
    0x88, 0x8e, 0xff, 0xa8, 0x88, 0xc, 0xff, 0x60,
    0x0, 0x0, 0x0, 0x0, 0x0, 0xe, 0xff, 0x30,
    0xc, 0xff, 0xff, 0xff, 0xff, 0xff, 0x1c, 0xff,
    0x82, 0x22, 0x22, 0x22, 0x22, 0x22, 0x2e, 0xff,
    0x30, 0xc, 0xff, 0xff, 0xff, 0xff, 0xff, 0x1c,
    0xff, 0xff, 0xff, 0xff, 0xff, 0xff, 0xff, 0xff,
    0xff, 0x30, 0x7, 0x99, 0x9e, 0xff, 0xb9, 0x99,
    0xc, 0xff, 0xff, 0xff, 0xff, 0xff, 0xff, 0xff,
    0xff, 0xff, 0x30, 0x0, 0x0, 0xb, 0xff, 0x40,
    0x0, 0xc, 0xff, 0xdb, 0xbb, 0xbb, 0xcf, 0xff,
    0xbb, 0xbb, 0xbb, 0x20, 0x0, 0x0, 0xb, 0xff,
    0x40, 0x0, 0xc, 0xff, 0x60, 0x0, 0x0, 0x3f,
    0xfe, 0x0, 0x0, 0x0, 0x0, 0x0, 0x0, 0xb,
    0xff, 0x40, 0x0, 0xc, 0xff, 0x60, 0x0, 0x0,
    0x3f, 0xfe, 0x0, 0x0, 0x0, 0x0, 0x0, 0x0,
    0xb, 0xff, 0x40, 0x0, 0xd, 0xff, 0x60, 0x0,
    0x0, 0x3f, 0xfe, 0x0, 0x0, 0x0, 0x0, 0x0,
    0x0, 0xb, 0xff, 0x40, 0x13, 0xd, 0xff, 0xff,
    0xff, 0xff, 0xff, 0xff, 0xff, 0xff, 0xff, 0xf4,
    0x0, 0x0, 0xb, 0xff, 0xac, 0xfd, 0xd, 0xff,
    0xff, 0xff, 0xff, 0xff, 0xff, 0xff, 0xff, 0xff,
    0xf4, 0x0, 0x0, 0x5d, 0xff, 0xff, 0xff, 0xe,
    0xff, 0xdc, 0xcc, 0xcc, 0xdf, 0xff, 0xcc, 0xcc,
    0xcc, 0xc4, 0x17, 0xcf, 0xff, 0xff, 0xff, 0xfc,
    0x1f, 0xff, 0x30, 0x0, 0x0, 0x3f, 0xfe, 0x0,
    0x0, 0x0, 0x0, 0x1f, 0xff, 0xff, 0xff, 0xd7,
    0x20, 0x1f, 0xff, 0x10, 0x0, 0x0, 0x3f, 0xfe,
    0x0, 0x0, 0x0, 0x0, 0xe, 0xff, 0xff, 0xff,
    0x40, 0x0, 0x3f, 0xff, 0x0, 0x0, 0x0, 0x3f,
    0xfe, 0x0, 0x0, 0x0, 0x0, 0xa, 0xc7, 0x1b,
    0xff, 0x40, 0x0, 0x4f, 0xfe, 0x0, 0x0, 0x0,
    0x4f, 0xfe, 0x0, 0x0, 0x0, 0x0, 0x0, 0x0,
    0xb, 0xff, 0x40, 0x0, 0x7f, 0xfb, 0x7f, 0xff,
    0xff, 0xff, 0xff, 0xff, 0xff, 0xff, 0x50, 0x0,
    0x0, 0xb, 0xff, 0x40, 0x0, 0xbf, 0xf8, 0x7f,
    0xff, 0xff, 0xff, 0xff, 0xff, 0xff, 0xff, 0x50,
    0x0, 0x0, 0xb, 0xff, 0x40, 0x0, 0xef, 0xf5,
    0x7f, 0xfe, 0xbb, 0xbb, 0xbb, 0xbb, 0xbe, 0xff,
    0x50, 0x0, 0x0, 0xb, 0xff, 0x40, 0x2, 0xff,
    0xf2, 0x7f, 0xf8, 0x0, 0x0, 0x0, 0x0, 0xa,
    0xff, 0x50, 0x0, 0x0, 0xb, 0xff, 0x40, 0x6,
    0xff, 0xe0, 0x7f, 0xf8, 0x0, 0x0, 0x0, 0x0,
    0xa, 0xff, 0x50, 0x0, 0x0, 0xb, 0xff, 0x40,
    0xb, 0xff, 0x90, 0x7f, 0xf8, 0x0, 0x0, 0x0,
    0x0, 0xa, 0xff, 0x50, 0x0, 0x0, 0xb, 0xff,
    0x40, 0x2f, 0xff, 0x40, 0x7f, 0xf8, 0x0, 0x0,
    0x0, 0x0, 0xa, 0xff, 0x50, 0x0, 0x0, 0xd,
    0xff, 0x40, 0x9f, 0xff, 0x0, 0x7f, 0xff, 0xff,
    0xff, 0xff, 0xff, 0xff, 0xff, 0x50, 0x3, 0xff,
    0xff, 0xff, 0x22, 0xff, 0xf8, 0x0, 0x7f, 0xff,
    0xff, 0xff, 0xff, 0xff, 0xff, 0xff, 0x50, 0x0,
    0xef, 0xff, 0xfc, 0x2, 0xcf, 0xe0, 0x0, 0x7f,
    0xfd, 0xbb, 0xbb, 0xbb, 0xbb, 0xbe, 0xff, 0x50,
    0x0, 0xaf, 0xec, 0x81, 0x0, 0x7, 0x70, 0x0,
    0x7f, 0xf8, 0x0, 0x0, 0x0, 0x0, 0x9, 0xee,
    0x50, 0x0, 0x0, 0x0, 0x0, 0x0, 0x0, 0x0,
    0x0, 0x0, 0x0, 0x0, 0x0, 0x0, 0x0, 0x0,
    0x0, 0x0,

    /* U+63A7 "控" */
    0x0, 0x0, 0x49, 0x95, 0x0, 0x0, 0x0, 0x0,
    0x0, 0x0, 0x36, 0x30, 0x0, 0x0, 0x0, 0x0,
    0x0, 0x0, 0x7, 0xff, 0x80, 0x0, 0x0, 0x0,
    0x0, 0x0, 0xbf, 0xfc, 0x0, 0x0, 0x0, 0x0,
    0x0, 0x0, 0x0, 0x7f, 0xf8, 0x0, 0x0, 0x0,
    0x0, 0x0, 0x5, 0xff, 0xf3, 0x0, 0x0, 0x0,
    0x0, 0x0, 0x0, 0x7, 0xff, 0x80, 0x0, 0x0,
    0x0, 0x0, 0x0, 0xe, 0xff, 0xa0, 0x0, 0x0,
    0x0, 0x0, 0x0, 0x0, 0x7f, 0xf8, 0x0, 0x1,
    0x66, 0x66, 0x66, 0x66, 0xbf, 0xff, 0x66, 0x66,
    0x66, 0x66, 0x20, 0x0, 0x7, 0xff, 0x80, 0x0,
    0x3f, 0xff, 0xff, 0xff, 0xff, 0xff, 0xff, 0xff,
    0xff, 0xff, 0xf5, 0x0, 0x0, 0x7f, 0xf8, 0x0,
    0x3, 0xff, 0xff, 0xff, 0xff, 0xff, 0xff, 0xff,
    0xff, 0xff, 0xff, 0x56, 0xff, 0xff, 0xff, 0xff,
    0xfe, 0x3f, 0xfc, 0x66, 0x66, 0x66, 0x66, 0x66,
    0x66, 0x66, 0xef, 0xf5, 0x6f, 0xff, 0xff, 0xff,
    0xff, 0xe3, 0xff, 0x90, 0x0, 0x0, 0x0, 0x0,
    0x0, 0x0, 0xc, 0xff, 0x56, 0xff, 0xff, 0xff,
    0xff, 0xfe, 0x3f, 0xf9, 0x0, 0x19, 0x30, 0x0,
    0x7, 0x50, 0x0, 0xcf, 0xf5, 0x1, 0x11, 0x8f,
    0xf9, 0x11, 0x13, 0xcc, 0x80, 0xc, 0xff, 0xb0,
    0x8, 0xff, 0x70, 0x7, 0x99, 0x30, 0x0, 0x7,
    0xff, 0x80, 0x0, 0x0, 0x0, 0xb, 0xff, 0xf2,
    0x0, 0x9f, 0xff, 0x90, 0x0, 0x0, 0x0, 0x0,
    0x7f, 0xf8, 0x0, 0x0, 0x0, 0x1b, 0xff, 0xf5,
    0x0, 0x0, 0x7f, 0xff, 0xc1, 0x0, 0x0, 0x0,
    0x7, 0xff, 0x80, 0x0, 0x0, 0x3e, 0xff, 0xf6,
    0x0, 0x0, 0x0, 0x5f, 0xff, 0xd1, 0x0, 0x0,
    0x0, 0x7f, 0xf8, 0x0, 0x0, 0x7f, 0xff, 0xf6,
    0x0, 0x0, 0x0, 0x0, 0x4f, 0xff, 0xe2, 0x0,
    0x0, 0x7, 0xff, 0x80, 0x0, 0xc, 0xff, 0xf5,
    0x0, 0x0, 0x0, 0x0, 0x0, 0x3f, 0xff, 0x40,
    0x0, 0x0, 0x7f, 0xf9, 0x5b, 0xc0, 0x1f, 0xe3,
    0x0, 0x0, 0x0, 0x0, 0x0, 0x0, 0x3f, 0x50,
    0x0, 0x0, 0x7, 0xff, 0xff, 0xff, 0x0, 0x52,
    0x0, 0x0, 0x0, 0x0, 0x0, 0x0, 0x0, 0x10,
    0x0, 0x1, 0x5a, 0xff, 0xff, 0xff, 0xf1, 0xc,
    0xff, 0xff, 0xff, 0xff, 0xff, 0xff, 0xff, 0xff,
    0x30, 0x9, 0xff, 0xff, 0xff, 0xfd, 0x71, 0x0,
    0xcf, 0xff, 0xff, 0xff, 0xff, 0xff, 0xff, 0xff,
    0xf3, 0x0, 0x9f, 0xff, 0xff, 0xf9, 0x0, 0x0,
    0xb, 0xee, 0xee, 0xee, 0xff, 0xff, 0xee, 0xee,
    0xee, 0x30, 0x6, 0xff, 0xaa, 0xff, 0x80, 0x0,
    0x0, 0x0, 0x0, 0x0, 0xf, 0xff, 0x50, 0x0,
    0x0, 0x0, 0x0, 0x25, 0x0, 0x7f, 0xf8, 0x0,
    0x0, 0x0, 0x0, 0x0, 0x0, 0xff, 0xf5, 0x0,
    0x0, 0x0, 0x0, 0x0, 0x0, 0x7, 0xff, 0x80,
    0x0, 0x0, 0x0, 0x0, 0x0, 0xf, 0xff, 0x50,
    0x0, 0x0, 0x0, 0x0, 0x0, 0x0, 0x7f, 0xf8,
    0x0, 0x0, 0x0, 0x0, 0x0, 0x0, 0xff, 0xf5,
    0x0, 0x0, 0x0, 0x0, 0x0, 0x0, 0x7, 0xff,
    0x80, 0x0, 0x0, 0x0, 0x0, 0x0, 0xf, 0xff,
    0x50, 0x0, 0x0, 0x0, 0x0, 0x0, 0x0, 0x7f,
    0xf8, 0x0, 0x0, 0x0, 0x0, 0x0, 0x0, 0xff,
    0xf5, 0x0, 0x0, 0x0, 0x0, 0x0, 0x0, 0x7,
    0xff, 0x80, 0x0, 0x0, 0x0, 0x0, 0x0, 0xf,
    0xff, 0x50, 0x0, 0x0, 0x0, 0x0, 0x0, 0x0,
    0x7f, 0xf8, 0x0, 0x0, 0x0, 0x0, 0x0, 0x0,
    0xff, 0xf5, 0x0, 0x0, 0x0, 0x0, 0x0, 0x10,
    0x9, 0xff, 0x80, 0x5, 0xff, 0xff, 0xff, 0xff,
    0xff, 0xff, 0xff, 0xff, 0xff, 0xff, 0xfb, 0xf,
    0xff, 0xff, 0xf7, 0x0, 0x5f, 0xff, 0xff, 0xff,
    0xff, 0xff, 0xff, 0xff, 0xff, 0xff, 0xff, 0xb0,
    0xaf, 0xff, 0xfe, 0x10, 0x4, 0xdd, 0xdd, 0xdd,
    0xdd, 0xdd, 0xdd, 0xdd, 0xdd, 0xdd, 0xdd, 0xda,
    0x6, 0xfe, 0xd9, 0x20, 0x0, 0x0, 0x0, 0x0,
    0x0, 0x0, 0x0, 0x0, 0x0, 0x0, 0x0, 0x0,
    0x0,

    /* U+652F "支" */
    0x0, 0x0, 0x0, 0x0, 0x0, 0x0, 0x0, 0x2,
    0x55, 0x40, 0x0, 0x0, 0x0, 0x0, 0x0, 0x0,
    0x0, 0x0, 0x0, 0x0, 0x0, 0x0, 0x0, 0x0,
    0x8, 0xff, 0xe0, 0x0, 0x0, 0x0, 0x0, 0x0,
    0x0, 0x0, 0x0, 0x0, 0x0, 0x0, 0x0, 0x0,
    0x0, 0x8, 0xff, 0xe0, 0x0, 0x0, 0x0, 0x0,
    0x0, 0x0, 0x0, 0x0, 0x0, 0x0, 0x0, 0x0,
    0x0, 0x0, 0x8, 0xff, 0xe0, 0x0, 0x0, 0x0,
    0x0, 0x0, 0x0, 0x0, 0x0, 0x0, 0x0, 0x0,
    0x0, 0x0, 0x0, 0x8, 0xff, 0xe0, 0x0, 0x0,
    0x0, 0x0, 0x0, 0x0, 0x0, 0x0, 0x35, 0x55,
    0x55, 0x55, 0x55, 0x55, 0x5a, 0xff, 0xe5, 0x55,
    0x55, 0x55, 0x55, 0x55, 0x55, 0x0, 0x0, 0xaf,
    0xff, 0xff, 0xff, 0xff, 0xff, 0xff, 0xff, 0xff,
    0xff, 0xff, 0xff, 0xff, 0xff, 0xff, 0x10, 0x0,
    0xaf, 0xff, 0xff, 0xff, 0xff, 0xff, 0xff, 0xff,
    0xff, 0xff, 0xff, 0xff, 0xff, 0xff, 0xff, 0x10,
    0x0, 0xaf, 0xff, 0xff, 0xff, 0xff, 0xff, 0xff,
    0xff, 0xff, 0xff, 0xff, 0xff, 0xff, 0xff, 0xff,
    0x10, 0x0, 0x0, 0x0, 0x0, 0x0, 0x0, 0x0,
    0x8, 0xff, 0xe0, 0x0, 0x0, 0x0, 0x0, 0x0,
    0x0, 0x0, 0x0, 0x0, 0x0, 0x0, 0x0, 0x0,
    0x0, 0x8, 0xff, 0xe0, 0x0, 0x0, 0x0, 0x0,
    0x0, 0x0, 0x0, 0x0, 0x0, 0x0, 0x0, 0x0,
    0x0, 0x0, 0x8, 0xff, 0xe0, 0x0, 0x0, 0x0,
    0x0, 0x0, 0x0, 0x0, 0x0, 0x0, 0x0, 0x0,
    0x0, 0x0, 0x0, 0x8, 0xff, 0xe0, 0x0, 0x0,
    0x0, 0x0, 0x0, 0x0, 0x0, 0x0, 0x0, 0x44,
    0x44, 0x44, 0x44, 0x44, 0x4a, 0xff, 0xe4, 0x44,
    0x44, 0x44, 0x53, 0x0, 0x0, 0x0, 0x0, 0x0,
    0xff, 0xff, 0xff, 0xff, 0xff, 0xff, 0xff, 0xff,
    0xff, 0xff, 0xff, 0xff, 0xa1, 0x0, 0x0, 0x0,
    0x0, 0xff, 0xff, 0xff, 0xff, 0xff, 0xff, 0xff,
    0xff, 0xff, 0xff, 0xff, 0xff, 0xf3, 0x0, 0x0,
    0x0, 0x0, 0xef, 0xff, 0xff, 0xff, 0xff, 0xff,
    0xff, 0xff, 0xff, 0xff, 0xff, 0xff, 0xb0, 0x0,
    0x0, 0x0, 0x0, 0x0, 0xc, 0xff, 0xa0, 0x0,
    0x0, 0x0, 0x0, 0x0, 0x0, 0xaf, 0xff, 0x30,
    0x0, 0x0, 0x0, 0x0, 0x0, 0x6, 0xff, 0xf5,
    0x0, 0x0, 0x0, 0x0, 0x0, 0x5, 0xff, 0xfb,
    0x0, 0x0, 0x0, 0x0, 0x0, 0x0, 0x0, 0xbf,
    0xfe, 0x20, 0x0, 0x0, 0x0, 0x0, 0x2e, 0xff,
    0xe1, 0x0, 0x0, 0x0, 0x0, 0x0, 0x0, 0x0,
    0x2f, 0xff, 0xd1, 0x0, 0x0, 0x0, 0x1, 0xdf,
    0xff, 0x50, 0x0, 0x0, 0x0, 0x0, 0x0, 0x0,
    0x0, 0x6, 0xff, 0xfc, 0x10, 0x0, 0x0, 0x1c,
    0xff, 0xf9, 0x0, 0x0, 0x0, 0x0, 0x0, 0x0,
    0x0, 0x0, 0x0, 0xaf, 0xff, 0xe3, 0x0, 0x3,
    0xef, 0xff, 0xa0, 0x0, 0x0, 0x0, 0x0, 0x0,
    0x0, 0x0, 0x0, 0x0, 0xa, 0xff, 0xff, 0x60,
    0x6f, 0xff, 0xfb, 0x0, 0x0, 0x0, 0x0, 0x0,
    0x0, 0x0, 0x0, 0x0, 0x0, 0x0, 0x9f, 0xff,
    0xfc, 0xff, 0xff, 0xa0, 0x0, 0x0, 0x0, 0x0,
    0x0, 0x0, 0x0, 0x0, 0x0, 0x0, 0x0, 0x9,
    0xff, 0xff, 0xff, 0xf7, 0x0, 0x0, 0x0, 0x0,
    0x0, 0x0, 0x0, 0x0, 0x0, 0x0, 0x0, 0x0,
    0x39, 0xff, 0xff, 0xff, 0xe7, 0x10, 0x0, 0x0,
    0x0, 0x0, 0x0, 0x0, 0x0, 0x0, 0x0, 0x2,
    0x8d, 0xff, 0xff, 0xff, 0xff, 0xff, 0xfa, 0x50,
    0x0, 0x0, 0x0, 0x0, 0x0, 0x0, 0x1, 0x47,
    0xcf, 0xff, 0xff, 0xff, 0xa7, 0xef, 0xff, 0xff,
    0xff, 0xb7, 0x40, 0x0, 0x0, 0x4, 0x7a, 0xef,
    0xff, 0xff, 0xff, 0xff, 0x92, 0x0, 0x6, 0xef,
    0xff, 0xff, 0xff, 0xff, 0xdb, 0x83, 0xc, 0xff,
    0xff, 0xff, 0xff, 0xfc, 0x61, 0x0, 0x0, 0x0,
    0x4, 0x9f, 0xff, 0xff, 0xff, 0xff, 0xe1, 0x2,
    0xff, 0xff, 0xfe, 0xa6, 0x20, 0x0, 0x0, 0x0,
    0x0, 0x0, 0x0, 0x48, 0xdf, 0xff, 0xff, 0x40,
    0x0, 0xad, 0x95, 0x10, 0x0, 0x0, 0x0, 0x0,
    0x0, 0x0, 0x0, 0x0, 0x0, 0x1, 0x46, 0x99,
    0x0, 0x0, 0x0, 0x0, 0x0, 0x0, 0x0, 0x0,
    0x0, 0x0, 0x0, 0x0, 0x0, 0x0, 0x0, 0x0,
    0x0, 0x0,

    /* U+6539 "改" */
    0x0, 0x0, 0x0, 0x0, 0x0, 0x0, 0x0, 0x0,
    0x0, 0x2, 0x63, 0x0, 0x0, 0x0, 0x0, 0x0,
    0x0, 0x0, 0x0, 0x0, 0x0, 0x0, 0x0, 0x0,
    0x0, 0x0, 0x8, 0xff, 0xd0, 0x0, 0x0, 0x0,
    0x0, 0x0, 0x1, 0x22, 0x22, 0x22, 0x22, 0x22,
    0x22, 0x0, 0x0, 0xb, 0xff, 0x90, 0x0, 0x0,
    0x0, 0x0, 0x0, 0x7, 0xff, 0xff, 0xff, 0xff,
    0xff, 0xff, 0x20, 0x0, 0xf, 0xff, 0x50, 0x0,
    0x0, 0x0, 0x0, 0x0, 0x7, 0xff, 0xff, 0xff,
    0xff, 0xff, 0xff, 0x20, 0x0, 0x3f, 0xff, 0x20,
    0x0, 0x0, 0x0, 0x0, 0x0, 0x7, 0xff, 0xff,
    0xff, 0xff, 0xff, 0xff, 0x20, 0x0, 0x7f, 0xfe,
    0x0, 0x0, 0x0, 0x0, 0x0, 0x0, 0x0, 0x11,
    0x11, 0x11, 0x11, 0x3f, 0xff, 0x20, 0x0, 0xcf,
    0xfb, 0x11, 0x11, 0x11, 0x11, 0x11, 0x0, 0x0,
    0x0, 0x0, 0x0, 0x0, 0x1f, 0xff, 0x20, 0x1,
    0xff, 0xff, 0xff, 0xff, 0xff, 0xff, 0xff, 0x60,
    0x0, 0x0, 0x0, 0x0, 0x0, 0x1f, 0xff, 0x20,
    0x7, 0xff, 0xff, 0xff, 0xff, 0xff, 0xff, 0xff,
    0x60, 0x0, 0x0, 0x0, 0x0, 0x0, 0x1f, 0xff,
    0x20, 0xd, 0xff, 0xff, 0xff, 0xff, 0xff, 0xff,
    0xff, 0x60, 0x0, 0x0, 0x0, 0x0, 0x0, 0x1f,
    0xff, 0x20, 0x4f, 0xff, 0x70, 0x0, 0x0, 0x2f,
    0xff, 0x50, 0x0, 0x0, 0x0, 0x0, 0x0, 0x0,
    0x1f, 0xff, 0x20, 0xbf, 0xff, 0xb0, 0x0, 0x0,
    0x5f, 0xff, 0x20, 0x0, 0x0, 0x22, 0x22, 0x22,
    0x22, 0x4f, 0xff, 0x23, 0xff, 0xff, 0xf0, 0x0,
    0x0, 0x9f, 0xff, 0x0, 0x0, 0x1, 0xff, 0xff,
    0xff, 0xff, 0xff, 0xff, 0x3d, 0xff, 0xff, 0xf3,
    0x0, 0x0, 0xcf, 0xfc, 0x0, 0x0, 0x1, 0xff,
    0xff, 0xff, 0xff, 0xff, 0xff, 0xaf, 0xff, 0xff,
    0xf7, 0x0, 0x0, 0xff, 0xf8, 0x0, 0x0, 0x1,
    0xff, 0xff, 0xff, 0xff, 0xff, 0xff, 0xff, 0xfd,
    0x5f, 0xfc, 0x0, 0x3, 0xff, 0xf4, 0x0, 0x0,
    0x1, 0xff, 0xf4, 0x0, 0x0, 0x0, 0x0, 0x6f,
    0xf4, 0xf, 0xff, 0x20, 0x8, 0xff, 0xf0, 0x0,
    0x0, 0x1, 0xff, 0xf4, 0x0, 0x0, 0x0, 0x0,
    0x6, 0xa0, 0xb, 0xff, 0x80, 0xe, 0xff, 0xb0,
    0x0, 0x0, 0x1, 0xff, 0xf4, 0x0, 0x0, 0x0,
    0x0, 0x0, 0x0, 0x6, 0xff, 0xe0, 0x5f, 0xff,
    0x50, 0x0, 0x0, 0x1, 0xff, 0xf4, 0x0, 0x0,
    0x0, 0x0, 0x0, 0x0, 0x1, 0xff, 0xf5, 0xbf,
    0xfe, 0x0, 0x0, 0x0, 0x1, 0xff, 0xf4, 0x0,
    0x0, 0x0, 0x0, 0x0, 0x0, 0x0, 0x9f, 0xfd,
    0xff, 0xf9, 0x0, 0x0, 0x0, 0x1, 0xff, 0xf4,
    0x0, 0x0, 0x0, 0x0, 0x0, 0x0, 0x0, 0x2f,
    0xff, 0xff, 0xf2, 0x0, 0x0, 0x0, 0x1, 0xff,
    0xf4, 0x0, 0x0, 0x0, 0x0, 0x0, 0x0, 0x0,
    0xa, 0xff, 0xff, 0x90, 0x0, 0x0, 0x0, 0x1,
    0xff, 0xf4, 0x0, 0x0, 0x0, 0x4a, 0x20, 0x0,
    0x0, 0x4, 0xff, 0xff, 0x10, 0x0, 0x0, 0x0,
    0x1, 0xff, 0xf4, 0x0, 0x3, 0x9e, 0xff, 0x40,
    0x0, 0x0, 0xb, 0xff, 0xff, 0x60, 0x0, 0x0,
    0x0, 0x1, 0xff, 0xf4, 0x28, 0xef, 0xff, 0xff,
    0x60, 0x0, 0x0, 0x9f, 0xff, 0xff, 0xf5, 0x0,
    0x0, 0x0, 0x2, 0xff, 0xfe, 0xff, 0xff, 0xff,
    0xf9, 0x20, 0x0, 0xa, 0xff, 0xff, 0xff, 0xff,
    0x40, 0x0, 0x0, 0x9, 0xff, 0xff, 0xff, 0xff,
    0xc6, 0x0, 0x0, 0x2, 0xcf, 0xff, 0xe2, 0x7f,
    0xff, 0xf4, 0x0, 0x0, 0x1f, 0xff, 0xff, 0xfe,
    0x92, 0x0, 0x0, 0x0, 0x6f, 0xff, 0xfe, 0x20,
    0x9, 0xff, 0xff, 0x80, 0x0, 0xa, 0xff, 0xfc,
    0x50, 0x0, 0x0, 0x0, 0x5d, 0xff, 0xff, 0xe2,
    0x0, 0x0, 0xaf, 0xff, 0xfd, 0x50, 0x4, 0xfa,
    0x30, 0x0, 0x0, 0x0, 0x0, 0xdf, 0xff, 0xfb,
    0x10, 0x0, 0x0, 0x8, 0xff, 0xff, 0x90, 0x0,
    0x30, 0x0, 0x0, 0x0, 0x0, 0x0, 0x3f, 0xfe,
    0x50, 0x0, 0x0, 0x0, 0x0, 0x3d, 0xfb, 0x0,
    0x0, 0x0, 0x0, 0x0, 0x0, 0x0, 0x0, 0xa,
    0x80, 0x0, 0x0, 0x0, 0x0, 0x0, 0x0, 0x81,
    0x0, 0x0, 0x0, 0x0, 0x0, 0x0, 0x0, 0x0,
    0x0, 0x0, 0x0, 0x0, 0x0, 0x0, 0x0, 0x0,
    0x0, 0x0,

    /* U+6570 "数" */
    0x0, 0x0, 0x0, 0x1, 0x88, 0x80, 0x0, 0x0,
    0x0, 0x0, 0x3, 0x10, 0x0, 0x0, 0x0, 0x0,
    0x0, 0x0, 0x16, 0x70, 0x2, 0xff, 0xe0, 0x0,
    0xb8, 0x10, 0x0, 0x2f, 0xfe, 0x0, 0x0, 0x0,
    0x0, 0x0, 0x0, 0xcf, 0xf2, 0x2, 0xff, 0xe0,
    0x4, 0xff, 0xe0, 0x0, 0x5f, 0xfb, 0x0, 0x0,
    0x0, 0x0, 0x0, 0x0, 0x4f, 0xfa, 0x2, 0xff,
    0xe0, 0xd, 0xff, 0x40, 0x0, 0x8f, 0xf8, 0x0,
    0x0, 0x0, 0x0, 0x0, 0x0, 0xc, 0xff, 0x12,
    0xff, 0xe0, 0x6f, 0xf9, 0x0, 0x0, 0xaf, 0xf5,
    0x0, 0x0, 0x0, 0x0, 0x0, 0x0, 0x6, 0xff,
    0x52, 0xff, 0xe0, 0xcf, 0xd0, 0x0, 0x0, 0xdf,
    0xf2, 0x0, 0x0, 0x0, 0x0, 0x0, 0x2, 0x23,
    0xb4, 0x24, 0xff, 0xe2, 0x27, 0x42, 0x22, 0x1,
    0xff, 0xf0, 0x0, 0x0, 0x0, 0x0, 0x0, 0x2f,
    0xff, 0xff, 0xff, 0xff, 0xff, 0xff, 0xff, 0xfd,
    0x5, 0xff, 0xfd, 0xdd, 0xdd, 0xdd, 0xdd, 0x80,
    0x2f, 0xff, 0xff, 0xff, 0xff, 0xff, 0xff, 0xff,
    0xfd, 0xa, 0xff, 0xff, 0xff, 0xff, 0xff, 0xff,
    0x90, 0x18, 0x88, 0x88, 0xbf, 0xff, 0xff, 0xa8,
    0x88, 0x86, 0xe, 0xff, 0xff, 0xff, 0xff, 0xff,
    0xff, 0x90, 0x0, 0x0, 0x4, 0xff, 0xff, 0xff,
    0xf7, 0x0, 0x0, 0x4f, 0xff, 0x82, 0x22, 0x2e,
    0xff, 0x52, 0x10, 0x0, 0x0, 0x5f, 0xff, 0xff,
    0xfe, 0xff, 0xd3, 0x0, 0xaf, 0xff, 0xa0, 0x0,
    0xf, 0xff, 0x0, 0x0, 0x0, 0x7, 0xff, 0xfa,
    0xff, 0xe1, 0xcf, 0xff, 0x80, 0xff, 0xff, 0xd0,
    0x0, 0x3f, 0xfd, 0x0, 0x0, 0x3, 0xcf, 0xff,
    0x72, 0xff, 0xe0, 0x9, 0xff, 0x37, 0xff, 0xff,
    0xf1, 0x0, 0x6f, 0xfa, 0x0, 0x0, 0x5f, 0xff,
    0xf6, 0x2, 0xff, 0xe0, 0x0, 0x76, 0x1f, 0xff,
    0xff, 0xf5, 0x0, 0x9f, 0xf7, 0x0, 0x0, 0xb,
    0xfd, 0x30, 0x2, 0xff, 0xd0, 0x0, 0x0, 0xaf,
    0xfd, 0x5f, 0xf9, 0x0, 0xdf, 0xf3, 0x0, 0x0,
    0x2, 0x80, 0x0, 0x19, 0x63, 0x0, 0x0, 0x0,
    0xdf, 0xf5, 0x1f, 0xfe, 0x2, 0xff, 0xf0, 0x0,
    0x0, 0x0, 0x0, 0x0, 0x7f, 0xfa, 0x0, 0x0,
    0x0, 0xa, 0xb0, 0xc, 0xff, 0x47, 0xff, 0xb0,
    0x0, 0x0, 0x5, 0xaa, 0xaa, 0xef, 0xfc, 0xaa,
    0xaa, 0xb9, 0x30, 0x10, 0x7, 0xff, 0xac, 0xff,
    0x60, 0x0, 0x0, 0x7, 0xff, 0xff, 0xff, 0xff,
    0xff, 0xff, 0xff, 0x70, 0x0, 0x2, 0xff, 0xff,
    0xff, 0x10, 0x0, 0x0, 0x7, 0xff, 0xff, 0xff,
    0xff, 0xff, 0xff, 0xff, 0x10, 0x0, 0x0, 0xbf,
    0xff, 0xfa, 0x0, 0x0, 0x0, 0x0, 0x0, 0x8f,
    0xfb, 0x0, 0x0, 0x4f, 0xfb, 0x0, 0x0, 0x0,
    0x5f, 0xff, 0xf3, 0x0, 0x0, 0x0, 0x0, 0x2,
    0xff, 0xf2, 0x0, 0x0, 0xdf, 0xf4, 0x0, 0x0,
    0x0, 0xe, 0xff, 0xc0, 0x0, 0x0, 0x0, 0x0,
    0xb, 0xff, 0xd2, 0x0, 0x8, 0xff, 0xb0, 0x0,
    0x0, 0x0, 0x3f, 0xff, 0xe1, 0x0, 0x0, 0x0,
    0x0, 0x2e, 0xff, 0xff, 0xa3, 0x5f, 0xfe, 0x10,
    0x0, 0x0, 0x0, 0xdf, 0xff, 0xfa, 0x0, 0x0,
    0x0, 0x0, 0x0, 0x6d, 0xff, 0xff, 0xff, 0xf5,
    0x0, 0x0, 0x0, 0xb, 0xff, 0xff, 0xff, 0x60,
    0x0, 0x0, 0x0, 0x0, 0x0, 0x5d, 0xff, 0xff,
    0xe1, 0x0, 0x0, 0x0, 0xaf, 0xff, 0x6b, 0xff,
    0xf4, 0x0, 0x0, 0x0, 0x0, 0x0, 0x5d, 0xff,
    0xff, 0xfe, 0x60, 0x0, 0x1b, 0xff, 0xf9, 0x1,
    0xdf, 0xff, 0x40, 0x0, 0x0, 0x0, 0x4c, 0xff,
    0xff, 0x9f, 0xff, 0xe1, 0x3, 0xef, 0xff, 0xa0,
    0x0, 0x3f, 0xff, 0xf6, 0x0, 0x5, 0xae, 0xff,
    0xff, 0xa1, 0x1, 0xbf, 0x32, 0xaf, 0xff, 0xfa,
    0x0, 0x0, 0x5, 0xff, 0xff, 0xb1, 0x3f, 0xff,
    0xff, 0xd4, 0x0, 0x0, 0x1, 0xb, 0xff, 0xff,
    0x60, 0x0, 0x0, 0x0, 0x4e, 0xff, 0xb0, 0x9,
    0xff, 0x93, 0x0, 0x0, 0x0, 0x0, 0x1, 0xff,
    0xd3, 0x0, 0x0, 0x0, 0x0, 0x2, 0xcd, 0x0,
    0x1, 0x50, 0x0, 0x0, 0x0, 0x0, 0x0, 0x0,
    0x66, 0x0, 0x0, 0x0, 0x0, 0x0, 0x0, 0x2,
    0x0,

    /* U+65B0 "新" */
    0x0, 0x0, 0x0, 0x15, 0x92, 0x0, 0x0, 0x0,
    0x0, 0x0, 0x0, 0x0, 0x0, 0x0, 0x0, 0x0,
    0x0, 0x0, 0x0, 0xa, 0xff, 0xa0, 0x0, 0x0,
    0x0, 0x0, 0x0, 0x0, 0x0, 0x2, 0x7d, 0x80,
    0x0, 0x0, 0x0, 0x0, 0x4f, 0xff, 0x10, 0x0,
    0x0, 0x0, 0x0, 0x0, 0x15, 0x8d, 0xff, 0xff,
    0x90, 0x0, 0x0, 0x0, 0x0, 0xdf, 0xf8, 0x0,
    0x0, 0x0, 0x3, 0x7a, 0xef, 0xff, 0xff, 0xff,
    0xfc, 0x30, 0xf, 0xff, 0xff, 0xff, 0xff, 0xff,
    0xff, 0xff, 0x70, 0xcf, 0xff, 0xff, 0xff, 0xea,
    0x62, 0x0, 0x0, 0xff, 0xff, 0xff, 0xff, 0xff,
    0xff, 0xff, 0xf8, 0xc, 0xff, 0xfb, 0x85, 0x20,
    0x0, 0x0, 0x0, 0xc, 0xcc, 0xcc, 0xcc, 0xcc,
    0xcd, 0xdc, 0xcc, 0x60, 0xcf, 0xf4, 0x0, 0x0,
    0x0, 0x0, 0x0, 0x0, 0x0, 0x9d, 0xe0, 0x0,
    0x0, 0x8f, 0xd6, 0x0, 0xc, 0xff, 0x40, 0x0,
    0x0, 0x0, 0x0, 0x0, 0x0, 0xa, 0xff, 0x40,
    0x0, 0xd, 0xff, 0x50, 0x0, 0xcf, 0xf4, 0x0,
    0x0, 0x0, 0x0, 0x0, 0x0, 0x0, 0x4f, 0xfa,
    0x0, 0x2, 0xff, 0xe0, 0x0, 0xc, 0xff, 0x40,
    0x0, 0x0, 0x0, 0x0, 0x0, 0x0, 0x0, 0xff,
    0xd0, 0x0, 0x8f, 0xf8, 0x0, 0x0, 0xcf, 0xf4,
    0x0, 0x0, 0x0, 0x0, 0x0, 0x1, 0x22, 0x2e,
    0xea, 0x22, 0x2e, 0xff, 0x42, 0x22, 0xc, 0xff,
    0x40, 0x0, 0x0, 0x0, 0x0, 0x0, 0x9f, 0xff,
    0xff, 0xff, 0xff, 0xff, 0xff, 0xff, 0xf1, 0xcf,
    0xff, 0xff, 0xff, 0xff, 0xff, 0xff, 0x89, 0xff,
    0xff, 0xff, 0xff, 0xff, 0xff, 0xff, 0xff, 0x1c,
    0xff, 0xff, 0xff, 0xff, 0xff, 0xff, 0xf9, 0x59,
    0x99, 0x99, 0x9d, 0xff, 0xb9, 0x99, 0x99, 0x90,
    0xcf, 0xff, 0xff, 0xff, 0xff, 0xff, 0xff, 0x90,
    0x0, 0x0, 0x0, 0x9f, 0xf5, 0x0, 0x0, 0x0,
    0xd, 0xff, 0x51, 0x11, 0x5f, 0xff, 0x11, 0x11,
    0x0, 0x0, 0x0, 0x9, 0xff, 0x50, 0x0, 0x0,
    0x0, 0xdf, 0xf3, 0x0, 0x3, 0xff, 0xf0, 0x0,
    0x0, 0x0, 0x0, 0x0, 0xaf, 0xf6, 0x0, 0x0,
    0x0, 0xd, 0xff, 0x30, 0x0, 0x3f, 0xff, 0x0,
    0x0, 0x7f, 0xff, 0xff, 0xff, 0xff, 0xff, 0xff,
    0xff, 0x90, 0xdf, 0xf2, 0x0, 0x3, 0xff, 0xf0,
    0x0, 0x7, 0xff, 0xff, 0xff, 0xff, 0xff, 0xff,
    0xff, 0xf9, 0xe, 0xff, 0x20, 0x0, 0x3f, 0xff,
    0x0, 0x0, 0x5c, 0xcc, 0xcc, 0xce, 0xff, 0xdc,
    0xcc, 0xcc, 0x70, 0xff, 0xf1, 0x0, 0x3, 0xff,
    0xf0, 0x0, 0x0, 0x0, 0x0, 0x0, 0x9f, 0xf5,
    0x0, 0x20, 0x0, 0x1f, 0xff, 0x0, 0x0, 0x3f,
    0xff, 0x0, 0x0, 0x0, 0xe, 0xc7, 0x9, 0xff,
    0x52, 0xbf, 0x20, 0x3, 0xff, 0xd0, 0x0, 0x3,
    0xff, 0xf0, 0x0, 0x0, 0x6, 0xff, 0x70, 0x9f,
    0xf5, 0x3f, 0xfb, 0x0, 0x5f, 0xfc, 0x0, 0x0,
    0x3f, 0xff, 0x0, 0x0, 0x0, 0xdf, 0xf1, 0x9,
    0xff, 0x50, 0xaf, 0xf5, 0x8, 0xff, 0xa0, 0x0,
    0x3, 0xff, 0xf0, 0x0, 0x0, 0x7f, 0xf9, 0x0,
    0x9f, 0xf5, 0x2, 0xff, 0xd0, 0xcf, 0xf6, 0x0,
    0x0, 0x3f, 0xff, 0x0, 0x0, 0x3f, 0xff, 0x10,
    0x9, 0xff, 0x50, 0x9, 0xff, 0x6f, 0xff, 0x20,
    0x0, 0x3, 0xff, 0xf0, 0x0, 0x9, 0xff, 0x70,
    0x0, 0x9f, 0xf5, 0x0, 0x2f, 0x97, 0xff, 0xe0,
    0x0, 0x0, 0x3f, 0xff, 0x0, 0x0, 0x5, 0xa0,
    0x0, 0xa, 0xff, 0x50, 0x0, 0x10, 0xdf, 0xfa,
    0x0, 0x0, 0x3, 0xff, 0xf0, 0x0, 0x0, 0x0,
    0x5, 0x89, 0xef, 0xf4, 0x0, 0x0, 0x6f, 0xff,
    0x30, 0x0, 0x0, 0x3f, 0xff, 0x0, 0x0, 0x0,
    0x0, 0x4f, 0xff, 0xff, 0x20, 0x0, 0xa, 0xff,
    0xc0, 0x0, 0x0, 0x3, 0xff, 0xf0, 0x0, 0x0,
    0x0, 0x0, 0xff, 0xfd, 0x50, 0x0, 0x0, 0x8,
    0xf4, 0x0, 0x0, 0x0, 0x3f, 0xff, 0x0, 0x0,
    0x0, 0x0, 0x2, 0x21, 0x0, 0x0, 0x0, 0x0,
    0x6, 0x0, 0x0, 0x0, 0x3, 0xff, 0xf0, 0x0,
    0x0,

    /* U+65F6 "时" */
    0x0, 0x0, 0x0, 0x0, 0x0, 0x0, 0x0, 0x0,
    0x0, 0x0, 0x0, 0x0, 0x27, 0x77, 0x0, 0x0,
    0x0, 0x0, 0x0, 0x0, 0x0, 0x0, 0x0, 0x0,
    0x0, 0x0, 0x0, 0x0, 0x4f, 0xff, 0x0, 0x0,
    0x0, 0x0, 0x0, 0x0, 0x0, 0x0, 0x0, 0x0,
    0x0, 0x0, 0x0, 0x0, 0x4f, 0xff, 0x0, 0x0,
    0x2d, 0xdd, 0xdd, 0xdd, 0xdd, 0xdd, 0x20, 0x0,
    0x0, 0x0, 0x0, 0x0, 0x4f, 0xff, 0x0, 0x0,
    0x2f, 0xff, 0xff, 0xff, 0xff, 0xff, 0x20, 0x0,
    0x0, 0x0, 0x0, 0x0, 0x4f, 0xff, 0x0, 0x0,
    0x2f, 0xff, 0xff, 0xff, 0xff, 0xff, 0x20, 0x0,
    0x0, 0x0, 0x0, 0x0, 0x4f, 0xff, 0x0, 0x0,
    0x2f, 0xfe, 0x11, 0x11, 0x1e, 0xff, 0x20, 0x0,
    0x0, 0x0, 0x0, 0x0, 0x4f, 0xff, 0x0, 0x0,
    0x2f, 0xfe, 0x0, 0x0, 0xe, 0xff, 0x24, 0xff,
    0xff, 0xff, 0xff, 0xff, 0xff, 0xff, 0xff, 0xff,
    0x2f, 0xfe, 0x0, 0x0, 0xe, 0xff, 0x24, 0xff,
    0xff, 0xff, 0xff, 0xff, 0xff, 0xff, 0xff, 0xff,
    0x2f, 0xfe, 0x0, 0x0, 0xe, 0xff, 0x24, 0xff,
    0xff, 0xff, 0xff, 0xff, 0xff, 0xff, 0xff, 0xff,
    0x2f, 0xfe, 0x0, 0x0, 0xe, 0xff, 0x21, 0x55,
    0x55, 0x55, 0x55, 0x55, 0x8f, 0xff, 0x55, 0x55,
    0x2f, 0xfe, 0x0, 0x0, 0xe, 0xff, 0x20, 0x0,
    0x0, 0x0, 0x0, 0x0, 0x4f, 0xff, 0x0, 0x0,
    0x2f, 0xfe, 0x0, 0x0, 0xe, 0xff, 0x20, 0x0,
    0x0, 0x0, 0x0, 0x0, 0x4f, 0xff, 0x0, 0x0,
    0x2f, 0xff, 0xdd, 0xdd, 0xdf, 0xff, 0x20, 0x2,
    0xaa, 0x0, 0x0, 0x0, 0x4f, 0xff, 0x0, 0x0,
    0x2f, 0xff, 0xff, 0xff, 0xff, 0xff, 0x20, 0x3f,
    0xff, 0x50, 0x0, 0x0, 0x4f, 0xff, 0x0, 0x0,
    0x2f, 0xff, 0xff, 0xff, 0xff, 0xff, 0x20, 0xb,
    0xff, 0xe1, 0x0, 0x0, 0x4f, 0xff, 0x0, 0x0,
    0x2f, 0xfe, 0x0, 0x0, 0xe, 0xff, 0x20, 0x2,
    0xff, 0xfb, 0x0, 0x0, 0x4f, 0xff, 0x0, 0x0,
    0x2f, 0xfe, 0x0, 0x0, 0xe, 0xff, 0x20, 0x0,
    0x6f, 0xff, 0x60, 0x0, 0x4f, 0xff, 0x0, 0x0,
    0x2f, 0xfe, 0x0, 0x0, 0xe, 0xff, 0x20, 0x0,
    0xc, 0xff, 0xf2, 0x0, 0x4f, 0xff, 0x0, 0x0,
    0x2f, 0xfe, 0x0, 0x0, 0xe, 0xff, 0x20, 0x0,
    0x2, 0xff, 0xfb, 0x0, 0x4f, 0xff, 0x0, 0x0,
    0x2f, 0xfe, 0x0, 0x0, 0xe, 0xff, 0x20, 0x0,
    0x0, 0x8f, 0xff, 0x50, 0x4f, 0xff, 0x0, 0x0,
    0x2f, 0xfe, 0x0, 0x0, 0xe, 0xff, 0x20, 0x0,
    0x0, 0xe, 0xfa, 0x10, 0x4f, 0xff, 0x0, 0x0,
    0x2f, 0xfe, 0x0, 0x0, 0xe, 0xff, 0x20, 0x0,
    0x0, 0x4, 0x30, 0x0, 0x4f, 0xff, 0x0, 0x0,
    0x2f, 0xff, 0xbb, 0xbb, 0xbf, 0xff, 0x20, 0x0,
    0x0, 0x0, 0x0, 0x0, 0x4f, 0xff, 0x0, 0x0,
    0x2f, 0xff, 0xff, 0xff, 0xff, 0xff, 0x20, 0x0,
    0x0, 0x0, 0x0, 0x0, 0x4f, 0xff, 0x0, 0x0,
    0x2f, 0xff, 0xff, 0xff, 0xff, 0xff, 0x20, 0x0,
    0x0, 0x0, 0x0, 0x0, 0x4f, 0xff, 0x0, 0x0,
    0x2f, 0xff, 0x33, 0x33, 0x33, 0x33, 0x0, 0x0,
    0x0, 0x0, 0x0, 0x0, 0x4f, 0xff, 0x0, 0x0,
    0x2f, 0xfe, 0x0, 0x0, 0x0, 0x0, 0x0, 0x0,
    0x0, 0x0, 0x0, 0x0, 0x4f, 0xff, 0x0, 0x0,
    0x2f, 0xfe, 0x0, 0x0, 0x0, 0x0, 0x0, 0x0,
    0x0, 0x0, 0x0, 0x0, 0x5f, 0xff, 0x0, 0x0,
    0x4, 0x43, 0x0, 0x0, 0x0, 0x0, 0x0, 0x0,
    0x1, 0x44, 0x44, 0x44, 0xbf, 0xff, 0x0, 0x0,
    0x0, 0x0, 0x0, 0x0, 0x0, 0x0, 0x0, 0x0,
    0x0, 0xef, 0xff, 0xff, 0xff, 0xfd, 0x0, 0x0,
    0x0, 0x0, 0x0, 0x0, 0x0, 0x0, 0x0, 0x0,
    0x0, 0x9f, 0xff, 0xff, 0xff, 0xf5, 0x0, 0x0,
    0x0, 0x0, 0x0, 0x0, 0x0, 0x0, 0x0, 0x0,
    0x0, 0x4f, 0xff, 0xfe, 0xc9, 0x30, 0x0, 0x0,
    0x0, 0x0, 0x0, 0x0, 0x0, 0x0, 0x0, 0x0,
    0x0, 0x0, 0x0, 0x0, 0x0, 0x0, 0x0, 0x0,

    /* U+6682 "暂" */
    0x0, 0x0, 0x0, 0x49, 0x51, 0x0, 0x0, 0x0,
    0x0, 0x0, 0x0, 0x0, 0x0, 0x0, 0x1, 0x0,
    0x0, 0x0, 0x0, 0xc, 0xff, 0xe0, 0x0, 0x0,
    0x0, 0x0, 0x0, 0x0, 0x0, 0x36, 0x9d, 0xf8,
    0x0, 0x17, 0x77, 0x78, 0xff, 0xfb, 0x77, 0x77,
    0x77, 0x71, 0x6, 0x8a, 0xce, 0xff, 0xff, 0xff,
    0xf2, 0x3, 0xff, 0xff, 0xff, 0xff, 0xff, 0xff,
    0xff, 0xff, 0x21, 0xff, 0xff, 0xff, 0xff, 0xff,
    0xc8, 0x20, 0x3f, 0xff, 0xff, 0xff, 0xff, 0xff,
    0xff, 0xff, 0xf2, 0x1f, 0xff, 0xca, 0x87, 0x52,
    0x0, 0x0, 0x0, 0x0, 0x2f, 0xff, 0x50, 0x0,
    0x0, 0x0, 0x0, 0x1, 0xff, 0xd0, 0x0, 0x0,
    0x0, 0x0, 0x0, 0x0, 0xb, 0xff, 0x80, 0xb,
    0xbb, 0x0, 0x0, 0x0, 0x1f, 0xfd, 0x0, 0x0,
    0x0, 0x0, 0x0, 0x0, 0x8, 0xff, 0xb0, 0x0,
    0xff, 0xf0, 0x0, 0x0, 0x1, 0xff, 0xd0, 0x0,
    0x0, 0x0, 0x0, 0x0, 0xa, 0xff, 0xfa, 0x88,
    0x8f, 0xff, 0x88, 0x88, 0x82, 0x1f, 0xff, 0xdd,
    0xdd, 0xdd, 0xdd, 0xdd, 0x50, 0xbf, 0xff, 0xff,
    0xff, 0xff, 0xff, 0xff, 0xff, 0x42, 0xff, 0xff,
    0xff, 0xff, 0xff, 0xff, 0xf6, 0x5, 0xff, 0xff,
    0xff, 0xff, 0xff, 0xff, 0xff, 0xf4, 0x3f, 0xff,
    0xcc, 0xce, 0xff, 0xec, 0xcc, 0x40, 0x5, 0x21,
    0x0, 0x1, 0xff, 0xf0, 0x0, 0x0, 0x5, 0xff,
    0x90, 0x0, 0x7f, 0xf8, 0x0, 0x0, 0x0, 0x0,
    0x0, 0x0, 0xf, 0xff, 0x0, 0x1, 0x20, 0x8f,
    0xf6, 0x0, 0x7, 0xff, 0x80, 0x0, 0x0, 0x0,
    0x12, 0x34, 0x67, 0xff, 0xfd, 0xef, 0xff, 0xd,
    0xff, 0x30, 0x0, 0x7f, 0xf8, 0x0, 0x0, 0x2e,
    0xff, 0xff, 0xff, 0xff, 0xff, 0xff, 0xff, 0xf2,
    0xff, 0xf0, 0x0, 0x7, 0xff, 0x80, 0x0, 0x1,
    0xff, 0xff, 0xff, 0xff, 0xff, 0xfa, 0x87, 0x53,
    0xaf, 0xfb, 0x0, 0x0, 0x7f, 0xf8, 0x0, 0x0,
    0xc, 0xb9, 0x76, 0x42, 0x1f, 0xff, 0x0, 0x0,
    0x4f, 0xff, 0x50, 0x0, 0x7, 0xff, 0x80, 0x0,
    0x0, 0x0, 0x0, 0x0, 0x0, 0xff, 0xf0, 0x0,
    0x6, 0xef, 0xd0, 0x0, 0x0, 0x7f, 0xf8, 0x0,
    0x0, 0x0, 0x0, 0x0, 0x0, 0xc, 0xcc, 0x0,
    0x0, 0x1, 0xa3, 0x0, 0x0, 0x6, 0xcc, 0x60,
    0x0, 0x0, 0x0, 0x0, 0x77, 0x77, 0x77, 0x77,
    0x77, 0x77, 0x77, 0x77, 0x77, 0x77, 0x77, 0x71,
    0x0, 0x0, 0x0, 0x0, 0x1f, 0xff, 0xff, 0xff,
    0xff, 0xff, 0xff, 0xff, 0xff, 0xff, 0xff, 0xff,
    0x30, 0x0, 0x0, 0x0, 0x1, 0xff, 0xff, 0xff,
    0xff, 0xff, 0xff, 0xff, 0xff, 0xff, 0xff, 0xff,
    0xf3, 0x0, 0x0, 0x0, 0x0, 0x1f, 0xff, 0x10,
    0x0, 0x0, 0x0, 0x0, 0x0, 0x0, 0x0, 0x1f,
    0xff, 0x30, 0x0, 0x0, 0x0, 0x1, 0xff, 0xf0,
    0x0, 0x0, 0x0, 0x0, 0x0, 0x0, 0x0, 0x0,
    0xff, 0xf3, 0x0, 0x0, 0x0, 0x0, 0x1f, 0xff,
    0x54, 0x44, 0x44, 0x44, 0x44, 0x44, 0x44, 0x44,
    0x5f, 0xff, 0x30, 0x0, 0x0, 0x0, 0x1, 0xff,
    0xff, 0xff, 0xff, 0xff, 0xff, 0xff, 0xff, 0xff,
    0xff, 0xff, 0xf3, 0x0, 0x0, 0x0, 0x0, 0x1f,
    0xff, 0xff, 0xff, 0xff, 0xff, 0xff, 0xff, 0xff,
    0xff, 0xff, 0xff, 0x30, 0x0, 0x0, 0x0, 0x1,
    0xff, 0xf0, 0x0, 0x0, 0x0, 0x0, 0x0, 0x0,
    0x0, 0x0, 0xff, 0xf3, 0x0, 0x0, 0x0, 0x0,
    0x1f, 0xff, 0x0, 0x0, 0x0, 0x0, 0x0, 0x0,
    0x0, 0x0, 0xf, 0xff, 0x30, 0x0, 0x0, 0x0,
    0x1, 0xff, 0xff, 0xff, 0xff, 0xff, 0xff, 0xff,
    0xff, 0xff, 0xff, 0xff, 0xf3, 0x0, 0x0, 0x0,
    0x0, 0x1f, 0xff, 0xff, 0xff, 0xff, 0xff, 0xff,
    0xff, 0xff, 0xff, 0xff, 0xff, 0x30, 0x0, 0x0,
    0x0, 0x1, 0xff, 0xf9, 0x99, 0x99, 0x99, 0x99,
    0x99, 0x99, 0x99, 0x99, 0xff, 0xf3, 0x0, 0x0,
    0x0, 0x0, 0x1f, 0xff, 0x0, 0x0, 0x0, 0x0,
    0x0, 0x0, 0x0, 0x0, 0xf, 0xff, 0x30, 0x0,
    0x0,

    /* U+673A "机" */
    0x0, 0x0, 0x0, 0x37, 0x74, 0x0, 0x0, 0x0,
    0x0, 0x0, 0x0, 0x0, 0x0, 0x0, 0x0, 0x0,
    0x0, 0x0, 0x0, 0x0, 0x8f, 0xfa, 0x0, 0x0,
    0x0, 0x0, 0x0, 0x0, 0x0, 0x0, 0x0, 0x0,
    0x0, 0x0, 0x0, 0x0, 0x0, 0x8f, 0xfa, 0x0,
    0x0, 0x0, 0x35, 0x55, 0x55, 0x55, 0x55, 0x55,
    0x20, 0x0, 0x0, 0x0, 0x0, 0x0, 0x8f, 0xfa,
    0x0, 0x0, 0x0, 0xbf, 0xff, 0xff, 0xff, 0xff,
    0xff, 0x60, 0x0, 0x0, 0x0, 0x0, 0x0, 0x8f,
    0xfa, 0x0, 0x0, 0x0, 0xbf, 0xff, 0xff, 0xff,
    0xff, 0xff, 0x60, 0x0, 0x0, 0x0, 0x0, 0x0,
    0x8f, 0xfa, 0x0, 0x0, 0x0, 0xbf, 0xfe, 0xdd,
    0xdd, 0xdf, 0xff, 0x60, 0x0, 0x0, 0x0, 0x0,
    0x0, 0x8f, 0xfa, 0x0, 0x0, 0x0, 0xbf, 0xf7,
    0x0, 0x0, 0xe, 0xff, 0x60, 0x0, 0x0, 0x2,
    0x22, 0x22, 0x9f, 0xfb, 0x22, 0x22, 0x10, 0xbf,
    0xf7, 0x0, 0x0, 0xe, 0xff, 0x60, 0x0, 0x0,
    0x1f, 0xff, 0xff, 0xff, 0xff, 0xff, 0xff, 0x80,
    0xbf, 0xf7, 0x0, 0x0, 0xe, 0xff, 0x60, 0x0,
    0x0, 0x1f, 0xff, 0xff, 0xff, 0xff, 0xff, 0xff,
    0x80, 0xbf, 0xf7, 0x0, 0x0, 0xe, 0xff, 0x60,
    0x0, 0x0, 0x1f, 0xff, 0xff, 0xff, 0xff, 0xff,
    0xff, 0x80, 0xbf, 0xf7, 0x0, 0x0, 0xe, 0xff,
    0x60, 0x0, 0x0, 0x0, 0x0, 0x2, 0xff, 0xfa,
    0x0, 0x0, 0x0, 0xbf, 0xf7, 0x0, 0x0, 0xe,
    0xff, 0x60, 0x0, 0x0, 0x0, 0x0, 0x7, 0xff,
    0xfa, 0x0, 0x0, 0x0, 0xbf, 0xf7, 0x0, 0x0,
    0xe, 0xff, 0x60, 0x0, 0x0, 0x0, 0x0, 0xc,
    0xff, 0xfa, 0x0, 0x0, 0x0, 0xbf, 0xf7, 0x0,
    0x0, 0xe, 0xff, 0x60, 0x0, 0x0, 0x0, 0x0,
    0x1f, 0xff, 0xff, 0x50, 0x0, 0x0, 0xbf, 0xf7,
    0x0, 0x0, 0xe, 0xff, 0x60, 0x0, 0x0, 0x0,
    0x0, 0x7f, 0xff, 0xff, 0xf4, 0x0, 0x0, 0xcf,
    0xf6, 0x0, 0x0, 0xe, 0xff, 0x60, 0x0, 0x0,
    0x0, 0x0, 0xdf, 0xff, 0xff, 0xfe, 0x20, 0x0,
    0xcf, 0xf6, 0x0, 0x0, 0xe, 0xff, 0x60, 0x0,
    0x0, 0x0, 0x4, 0xff, 0xef, 0xfe, 0xff, 0xd1,
    0x0, 0xdf, 0xf5, 0x0, 0x0, 0xe, 0xff, 0x60,
    0x0, 0x0, 0x0, 0xb, 0xff, 0x9f, 0xfa, 0xbf,
    0xfc, 0x0, 0xef, 0xf4, 0x0, 0x0, 0xe, 0xff,
    0x60, 0x0, 0x0, 0x0, 0x4f, 0xf9, 0x8f, 0xfa,
    0x1e, 0xff, 0x90, 0xff, 0xf2, 0x0, 0x0, 0xe,
    0xff, 0x60, 0x0, 0x0, 0x0, 0xcf, 0xf2, 0x8f,
    0xfa, 0x5, 0xff, 0x42, 0xff, 0xf0, 0x0, 0x0,
    0xe, 0xff, 0x60, 0x0, 0x0, 0x5, 0xff, 0xc0,
    0x8f, 0xfa, 0x0, 0xb9, 0x5, 0xff, 0xd0, 0x0,
    0x0, 0xe, 0xff, 0x60, 0x0, 0x0, 0x1e, 0xff,
    0x50, 0x8f, 0xfa, 0x0, 0x10, 0x7, 0xff, 0xb0,
    0x0, 0x0, 0xe, 0xff, 0x60, 0x0, 0x0, 0xbf,
    0xfd, 0x0, 0x8f, 0xfa, 0x0, 0x0, 0xa, 0xff,
    0x80, 0x0, 0x0, 0xe, 0xff, 0x60, 0x3, 0x0,
    0x8f, 0xf5, 0x0, 0x8f, 0xfa, 0x0, 0x0, 0xf,
    0xff, 0x50, 0x0, 0x0, 0xe, 0xff, 0x60, 0xd,
    0xa2, 0xe, 0xb0, 0x0, 0x8f, 0xfa, 0x0, 0x0,
    0x4f, 0xff, 0x0, 0x0, 0x0, 0xe, 0xff, 0x60,
    0xd, 0xf9, 0x7, 0x10, 0x0, 0x8f, 0xfa, 0x0,
    0x0, 0xbf, 0xfb, 0x0, 0x0, 0x0, 0xe, 0xff,
    0x60, 0xe, 0xf8, 0x0, 0x0, 0x0, 0x8f, 0xfa,
    0x0, 0x2, 0xff, 0xf4, 0x0, 0x0, 0x0, 0xe,
    0xff, 0x60, 0xe, 0xf8, 0x0, 0x0, 0x0, 0x8f,
    0xfa, 0x0, 0xb, 0xff, 0xe0, 0x0, 0x0, 0x0,
    0xe, 0xff, 0x60, 0xf, 0xf7, 0x0, 0x0, 0x0,
    0x8f, 0xfa, 0x0, 0x5f, 0xff, 0x50, 0x0, 0x0,
    0x0, 0xd, 0xff, 0x90, 0x4f, 0xf6, 0x0, 0x0,
    0x0, 0x8f, 0xfa, 0x2, 0xff, 0xfc, 0x0, 0x0,
    0x0, 0x0, 0xc, 0xff, 0xff, 0xff, 0xf3, 0x0,
    0x0, 0x0, 0x8f, 0xfa, 0x4, 0xef, 0xe2, 0x0,
    0x0, 0x0, 0x0, 0x7, 0xff, 0xff, 0xff, 0xd0,
    0x0, 0x0, 0x0, 0x8f, 0xfa, 0x0, 0xb, 0x40,
    0x0, 0x0, 0x0, 0x0, 0x0, 0x7e, 0xff, 0xfb,
    0x20,

    /* U+6C27 "氧" */
    0x0, 0x0, 0x0, 0x0, 0x44, 0x0, 0x0, 0x0,
    0x0, 0x0, 0x0, 0x0, 0x0, 0x0, 0x0, 0x0,
    0x0, 0x0, 0x0, 0x0, 0x1, 0xff, 0xf6, 0x0,
    0x0, 0x0, 0x0, 0x0, 0x0, 0x0, 0x0, 0x0,
    0x0, 0x0, 0x0, 0x0, 0x0, 0x8, 0xff, 0xf1,
    0x0, 0x0, 0x0, 0x0, 0x0, 0x0, 0x0, 0x0,
    0x0, 0x0, 0x0, 0x0, 0x0, 0x0, 0x2f, 0xff,
    0xd8, 0x88, 0x88, 0x88, 0x88, 0x88, 0x88, 0x88,
    0x88, 0x88, 0x88, 0x60, 0x0, 0x0, 0x0, 0xcf,
    0xff, 0xff, 0xff, 0xff, 0xff, 0xff, 0xff, 0xff,
    0xff, 0xff, 0xff, 0xff, 0xb0, 0x0, 0x0, 0x8,
    0xff, 0xff, 0xff, 0xff, 0xff, 0xff, 0xff, 0xff,
    0xff, 0xff, 0xff, 0xff, 0xff, 0xa0, 0x0, 0x0,
    0x5f, 0xff, 0xb0, 0x0, 0x0, 0x0, 0x0, 0x0,
    0x0, 0x0, 0x0, 0x0, 0x0, 0x0, 0x0, 0x0,
    0x4, 0xff, 0xfd, 0x16, 0x66, 0x66, 0x66, 0x66,
    0x66, 0x66, 0x66, 0x66, 0x66, 0x65, 0x0, 0x0,
    0x0, 0x5f, 0xff, 0xf2, 0xf, 0xff, 0xff, 0xff,
    0xff, 0xff, 0xff, 0xff, 0xff, 0xff, 0xfd, 0x0,
    0x0, 0x7, 0xff, 0xff, 0x40, 0xf, 0xff, 0xff,
    0xff, 0xff, 0xff, 0xff, 0xff, 0xff, 0xff, 0xfd,
    0x0, 0x0, 0xc, 0xff, 0xf4, 0x0, 0x0, 0x0,
    0x0, 0x0, 0x0, 0x0, 0x0, 0x0, 0x0, 0x0,
    0x0, 0x0, 0x0, 0x0, 0xce, 0x36, 0x88, 0x88,
    0x88, 0x88, 0x88, 0x88, 0x88, 0x88, 0x88, 0x88,
    0x88, 0x0, 0x0, 0x0, 0x0, 0x12, 0xb, 0xff,
    0xff, 0xff, 0xff, 0xff, 0xff, 0xff, 0xff, 0xff,
    0xff, 0xff, 0x0, 0x0, 0x0, 0x0, 0x0, 0xb,
    0xff, 0xff, 0xff, 0xff, 0xff, 0xff, 0xff, 0xff,
    0xff, 0xff, 0xff, 0x0, 0x0, 0x0, 0x0, 0x0,
    0x0, 0x29, 0xda, 0x0, 0x0, 0x0, 0x2f, 0xc8,
    0x20, 0x0, 0x5f, 0xff, 0x0, 0x0, 0x0, 0x0,
    0x0, 0x0, 0x1f, 0xff, 0x30, 0x0, 0x0, 0x8f,
    0xfe, 0x10, 0x0, 0x4f, 0xff, 0x0, 0x0, 0x0,
    0x0, 0x0, 0x0, 0xa, 0xff, 0xa0, 0x0, 0x1,
    0xff, 0xf5, 0x0, 0x0, 0x4f, 0xff, 0x0, 0x0,
    0x0, 0x0, 0x3, 0x44, 0x47, 0xff, 0xe4, 0x44,
    0x4a, 0xff, 0xd4, 0x44, 0x41, 0x4f, 0xff, 0x10,
    0x0, 0x0, 0x0, 0xd, 0xff, 0xff, 0xff, 0xff,
    0xff, 0xff, 0xff, 0xff, 0xff, 0xf3, 0x3f, 0xff,
    0x10, 0x0, 0x0, 0x0, 0xd, 0xff, 0xff, 0xff,
    0xff, 0xff, 0xff, 0xff, 0xff, 0xff, 0xf3, 0x2f,
    0xff, 0x10, 0x0, 0x0, 0x0, 0x1, 0x11, 0x11,
    0x11, 0x15, 0xff, 0xe1, 0x11, 0x11, 0x11, 0x10,
    0x2f, 0xff, 0x20, 0x0, 0x0, 0x0, 0x0, 0x12,
    0x22, 0x22, 0x26, 0xff, 0xe2, 0x22, 0x22, 0x22,
    0x0, 0x1f, 0xff, 0x30, 0x0, 0x0, 0x0, 0x0,
    0x9f, 0xff, 0xff, 0xff, 0xff, 0xff, 0xff, 0xff,
    0xff, 0x40, 0xf, 0xff, 0x40, 0x0, 0x0, 0x0,
    0x0, 0x9f, 0xff, 0xff, 0xff, 0xff, 0xff, 0xff,
    0xff, 0xff, 0x40, 0xe, 0xff, 0x50, 0x0, 0x0,
    0x0, 0x0, 0x12, 0x22, 0x22, 0x26, 0xff, 0xe2,
    0x22, 0x22, 0x22, 0x0, 0xc, 0xff, 0x70, 0x1,
    0x0, 0x0, 0x0, 0x0, 0x0, 0x0, 0x4, 0xff,
    0xe0, 0x0, 0x0, 0x0, 0x0, 0xa, 0xff, 0x90,
    0x5, 0xa0, 0x0, 0xef, 0xff, 0xff, 0xff, 0xff,
    0xff, 0xff, 0xff, 0xff, 0xff, 0xff, 0x17, 0xff,
    0xc0, 0x5, 0xfb, 0x0, 0xef, 0xff, 0xff, 0xff,
    0xff, 0xff, 0xff, 0xff, 0xff, 0xff, 0xff, 0x14,
    0xff, 0xf0, 0x7, 0xfd, 0x0, 0x78, 0x88, 0x88,
    0x88, 0x8a, 0xff, 0xf8, 0x88, 0x88, 0x88, 0x88,
    0x0, 0xff, 0xf6, 0x9, 0xfb, 0x0, 0x0, 0x0,
    0x0, 0x0, 0x4, 0xff, 0xe0, 0x0, 0x0, 0x0,
    0x0, 0x0, 0xaf, 0xff, 0x6e, 0xf9, 0x0, 0x0,
    0x0, 0x0, 0x0, 0x4, 0xff, 0xe0, 0x0, 0x0,
    0x0, 0x0, 0x0, 0x3f, 0xff, 0xff, 0xf5, 0x0,
    0x0, 0x0, 0x0, 0x0, 0x4, 0xff, 0xe0, 0x0,
    0x0, 0x0, 0x0, 0x0, 0x8, 0xff, 0xff, 0xe1,
    0x0, 0x0, 0x0, 0x0, 0x0, 0x4, 0xff, 0xe0,
    0x0, 0x0, 0x0, 0x0, 0x0, 0x0, 0x6c, 0xfc,
    0x30,

    /* U+6C34 "水" */
    0x0, 0x0, 0x0, 0x0, 0x0, 0x0, 0x0, 0xb,
    0xbb, 0x40, 0x0, 0x0, 0x0, 0x0, 0x0, 0x0,
    0x0, 0x0, 0x0, 0x0, 0x0, 0x0, 0x0, 0x0,
    0x1f, 0xff, 0x60, 0x0, 0x0, 0x0, 0x0, 0x0,
    0x0, 0x0, 0x0, 0x0, 0x0, 0x0, 0x0, 0x0,
    0x0, 0x1f, 0xff, 0x60, 0x0, 0x0, 0x0, 0x0,
    0x0, 0x0, 0x0, 0x0, 0x0, 0x0, 0x0, 0x0,
    0x0, 0x0, 0x1f, 0xff, 0x60, 0x0, 0x0, 0x0,
    0x0, 0x0, 0x0, 0x0, 0x0, 0x0, 0x0, 0x0,
    0x0, 0x0, 0x0, 0x1f, 0xff, 0x60, 0x0, 0x0,
    0x0, 0x0, 0x0, 0x0, 0x0, 0x0, 0x0, 0x0,
    0x0, 0x0, 0x0, 0x0, 0x1f, 0xff, 0x60, 0x0,
    0x0, 0x0, 0x0, 0x0, 0x0, 0x0, 0x0, 0x0,
    0x0, 0x0, 0x0, 0x0, 0x0, 0x1f, 0xff, 0x60,
    0x0, 0x0, 0x0, 0x1, 0x0, 0x0, 0x0, 0x0,
    0x0, 0x0, 0x0, 0x0, 0x0, 0x0, 0x1f, 0xff,
    0x60, 0x0, 0x0, 0x0, 0x4f, 0x80, 0x0, 0x0,
    0x0, 0x0, 0x0, 0x0, 0x0, 0x0, 0x0, 0x1f,
    0xff, 0x70, 0x0, 0x0, 0x1, 0xef, 0xfd, 0x20,
    0x0, 0xa, 0xff, 0xff, 0xff, 0xff, 0xfe, 0x92,
    0x1f, 0xff, 0xc0, 0x0, 0x0, 0xc, 0xff, 0xfb,
    0x0, 0x0, 0xa, 0xff, 0xff, 0xff, 0xff, 0xff,
    0xf4, 0x1f, 0xff, 0xf3, 0x0, 0x0, 0xbf, 0xff,
    0xc0, 0x0, 0x0, 0xa, 0xff, 0xff, 0xff, 0xff,
    0xff, 0xf0, 0x1f, 0xff, 0xfb, 0x0, 0xa, 0xff,
    0xfc, 0x0, 0x0, 0x0, 0x4, 0x66, 0x66, 0x66,
    0x6d, 0xff, 0xd0, 0x1f, 0xff, 0xff, 0x20, 0xaf,
    0xff, 0xd1, 0x0, 0x0, 0x0, 0x0, 0x0, 0x0,
    0x0, 0xf, 0xff, 0x90, 0x1f, 0xff, 0xff, 0x99,
    0xff, 0xfc, 0x10, 0x0, 0x0, 0x0, 0x0, 0x0,
    0x0, 0x0, 0x4f, 0xff, 0x40, 0x1f, 0xff, 0xff,
    0xff, 0xff, 0xc0, 0x0, 0x0, 0x0, 0x0, 0x0,
    0x0, 0x0, 0x0, 0x9f, 0xff, 0x0, 0x1f, 0xff,
    0xff, 0xff, 0xfa, 0x0, 0x0, 0x0, 0x0, 0x0,
    0x0, 0x0, 0x0, 0x0, 0xef, 0xfb, 0x0, 0x1f,
    0xff, 0x8f, 0xff, 0xb0, 0x0, 0x0, 0x0, 0x0,
    0x0, 0x0, 0x0, 0x0, 0x5, 0xff, 0xf5, 0x0,
    0x1f, 0xff, 0x68, 0xff, 0xf2, 0x0, 0x0, 0x0,
    0x0, 0x0, 0x0, 0x0, 0x0, 0xd, 0xff, 0xe0,
    0x0, 0x1f, 0xff, 0x60, 0xef, 0xfd, 0x0, 0x0,
    0x0, 0x0, 0x0, 0x0, 0x0, 0x0, 0x5f, 0xff,
    0x80, 0x0, 0x1f, 0xff, 0x60, 0x5f, 0xff, 0x90,
    0x0, 0x0, 0x0, 0x0, 0x0, 0x0, 0x0, 0xdf,
    0xff, 0x10, 0x0, 0x1f, 0xff, 0x60, 0xb, 0xff,
    0xf8, 0x0, 0x0, 0x0, 0x0, 0x0, 0x0, 0x7,
    0xff, 0xf9, 0x0, 0x0, 0x1f, 0xff, 0x60, 0x1,
    0xdf, 0xff, 0x70, 0x0, 0x0, 0x0, 0x0, 0x0,
    0x4f, 0xff, 0xe1, 0x0, 0x0, 0x1f, 0xff, 0x60,
    0x0, 0x3f, 0xff, 0xf7, 0x0, 0x0, 0x0, 0x0,
    0x1, 0xef, 0xff, 0x60, 0x0, 0x0, 0x1f, 0xff,
    0x60, 0x0, 0x6, 0xff, 0xff, 0xa0, 0x0, 0x0,
    0x0, 0xc, 0xff, 0xfc, 0x0, 0x0, 0x0, 0x1f,
    0xff, 0x60, 0x0, 0x0, 0x7f, 0xff, 0xfd, 0x20,
    0x0, 0x1, 0xdf, 0xff, 0xe1, 0x0, 0x0, 0x0,
    0x1f, 0xff, 0x60, 0x0, 0x0, 0x7, 0xff, 0xff,
    0xf9, 0x10, 0x3e, 0xff, 0xff, 0x40, 0x0, 0x0,
    0x0, 0x1f, 0xff, 0x60, 0x0, 0x0, 0x0, 0x7f,
    0xff, 0xff, 0xe1, 0x6f, 0xff, 0xf5, 0x0, 0x0,
    0x0, 0x0, 0x1f, 0xff, 0x60, 0x0, 0x0, 0x0,
    0x4, 0xef, 0xff, 0x50, 0x4, 0xff, 0x50, 0x0,
    0x0, 0x0, 0x0, 0x1f, 0xff, 0x60, 0x0, 0x0,
    0x0, 0x0, 0x1a, 0xf9, 0x0, 0x0, 0x53, 0x0,
    0x0, 0x1, 0x98, 0x88, 0xbf, 0xff, 0x50, 0x0,
    0x0, 0x0, 0x0, 0x0, 0x40, 0x0, 0x0, 0x0,
    0x0, 0x0, 0x0, 0xdf, 0xff, 0xff, 0xff, 0x30,
    0x0, 0x0, 0x0, 0x0, 0x0, 0x0, 0x0, 0x0,
    0x0, 0x0, 0x0, 0x0, 0x7f, 0xff, 0xff, 0xfb,
    0x0, 0x0, 0x0, 0x0, 0x0, 0x0, 0x0, 0x0,
    0x0, 0x0, 0x0, 0x0, 0x0, 0x3f, 0xff, 0xeb,
    0x60, 0x0, 0x0, 0x0, 0x0, 0x0, 0x0, 0x0,
    0x0, 0x0, 0x0, 0x0, 0x0, 0x0, 0x0, 0x0,
    0x0, 0x0, 0x0, 0x0, 0x0, 0x0, 0x0, 0x0,
    0x0, 0x0,

    /* U+6D17 "洗" */
    0x0, 0x0, 0x0, 0x0, 0x0, 0x0, 0x0, 0x0,
    0x0, 0x1, 0x88, 0x81, 0x0, 0x0, 0x0, 0x0,
    0x0, 0x0, 0xb, 0xc3, 0x0, 0x0, 0x0, 0x1,
    0xfc, 0x92, 0x2, 0xff, 0xf1, 0x0, 0x0, 0x0,
    0x0, 0x0, 0x0, 0xaf, 0xff, 0x91, 0x0, 0x0,
    0x4, 0xff, 0xf1, 0x2, 0xff, 0xf1, 0x0, 0x0,
    0x0, 0x0, 0x0, 0x0, 0x7f, 0xff, 0xfe, 0x40,
    0x0, 0x8, 0xff, 0xd0, 0x2, 0xff, 0xf1, 0x0,
    0x0, 0x0, 0x0, 0x0, 0x0, 0x2, 0xbf, 0xff,
    0xf7, 0x0, 0xc, 0xff, 0x90, 0x2, 0xff, 0xf1,
    0x0, 0x0, 0x0, 0x0, 0x0, 0x0, 0x0, 0x6,
    0xff, 0xf5, 0x0, 0x1f, 0xff, 0x60, 0x2, 0xff,
    0xf1, 0x0, 0x0, 0x0, 0x0, 0x0, 0x0, 0x0,
    0x0, 0x3e, 0x80, 0x0, 0x5f, 0xff, 0xff, 0xff,
    0xff, 0xff, 0xff, 0xff, 0xff, 0xf5, 0x0, 0x0,
    0x0, 0x0, 0x2, 0x0, 0x0, 0xbf, 0xff, 0xff,
    0xff, 0xff, 0xff, 0xff, 0xff, 0xff, 0xf5, 0x0,
    0x0, 0x0, 0x0, 0x0, 0x0, 0x2, 0xff, 0xff,
    0xff, 0xff, 0xff, 0xff, 0xff, 0xff, 0xff, 0xf5,
    0x0, 0x0, 0x0, 0x0, 0x0, 0x0, 0x9, 0xff,
    0xf3, 0x22, 0x25, 0xff, 0xf4, 0x22, 0x22, 0x22,
    0x20, 0x0, 0x3, 0x91, 0x0, 0x0, 0x0, 0x1f,
    0xff, 0x90, 0x0, 0x2, 0xff, 0xf1, 0x0, 0x0,
    0x0, 0x0, 0x0, 0x1e, 0xff, 0x91, 0x0, 0x0,
    0xbf, 0xff, 0x20, 0x0, 0x2, 0xff, 0xf1, 0x0,
    0x0, 0x0, 0x0, 0x0, 0x7f, 0xff, 0xff, 0x60,
    0x1, 0xef, 0xfa, 0x0, 0x0, 0x2, 0xff, 0xf1,
    0x0, 0x0, 0x0, 0x0, 0x0, 0x4, 0xdf, 0xff,
    0xfb, 0x10, 0x8, 0xe1, 0x0, 0x0, 0x2, 0xff,
    0xf1, 0x0, 0x0, 0x0, 0x0, 0x0, 0x0, 0x6,
    0xff, 0xfe, 0x10, 0x22, 0x32, 0x22, 0x22, 0x24,
    0xff, 0xf4, 0x22, 0x22, 0x22, 0x22, 0x10, 0x0,
    0x0, 0x2c, 0xf4, 0x1, 0xff, 0xff, 0xff, 0xff,
    0xff, 0xff, 0xff, 0xff, 0xff, 0xff, 0xff, 0xc0,
    0x0, 0x0, 0x0, 0x50, 0x1, 0xff, 0xff, 0xff,
    0xff, 0xff, 0xff, 0xff, 0xff, 0xff, 0xff, 0xff,
    0xc0, 0x0, 0x0, 0x0, 0x0, 0x1, 0xff, 0xff,
    0xff, 0xff, 0xff, 0xff, 0xff, 0xff, 0xff, 0xff,
    0xff, 0xc0, 0x0, 0x0, 0x0, 0x0, 0x0, 0x0,
    0x0, 0x6, 0xff, 0xf0, 0x0, 0x2f, 0xff, 0x20,
    0x0, 0x0, 0x0, 0x0, 0x0, 0x0, 0x33, 0x0,
    0x0, 0x0, 0x7, 0xff, 0xd0, 0x0, 0x1f, 0xff,
    0x10, 0x0, 0x0, 0x0, 0x0, 0x0, 0x0, 0xbf,
    0x50, 0x0, 0x0, 0x9, 0xff, 0xb0, 0x0, 0x1f,
    0xff, 0x10, 0x0, 0x0, 0x0, 0x0, 0x0, 0x2,
    0xff, 0xf2, 0x0, 0x0, 0xb, 0xff, 0x90, 0x0,
    0x1f, 0xff, 0x10, 0x0, 0x0, 0x0, 0x0, 0x0,
    0x9, 0xff, 0xc0, 0x0, 0x0, 0xd, 0xff, 0x70,
    0x0, 0x1f, 0xff, 0x10, 0x0, 0x0, 0x0, 0x0,
    0x0, 0x1f, 0xff, 0x50, 0x0, 0x0, 0x2f, 0xff,
    0x40, 0x0, 0x1f, 0xff, 0x10, 0x0, 0x0, 0x0,
    0x0, 0x0, 0x8f, 0xfe, 0x0, 0x0, 0x0, 0x8f,
    0xff, 0x0, 0x0, 0x1f, 0xff, 0x10, 0x0, 0x10,
    0x0, 0x0, 0x0, 0xef, 0xf8, 0x0, 0x0, 0x0,
    0xdf, 0xfc, 0x0, 0x0, 0x1f, 0xff, 0x10, 0x0,
    0x9a, 0x40, 0x0, 0x7, 0xff, 0xf1, 0x0, 0x0,
    0x5, 0xff, 0xf5, 0x0, 0x0, 0x1f, 0xff, 0x10,
    0x0, 0xaf, 0xf4, 0x0, 0xe, 0xff, 0xa0, 0x0,
    0x0, 0x2e, 0xff, 0xe0, 0x0, 0x0, 0x1f, 0xff,
    0x10, 0x0, 0xbf, 0xf3, 0x0, 0x7f, 0xff, 0x30,
    0x0, 0x2, 0xdf, 0xff, 0x50, 0x0, 0x0, 0x1f,
    0xff, 0x10, 0x0, 0xcf, 0xf1, 0x1, 0xef, 0xfc,
    0x0, 0x0, 0x6f, 0xff, 0xf9, 0x0, 0x0, 0x0,
    0x1f, 0xff, 0x30, 0x1, 0xff, 0xf0, 0x8, 0xff,
    0xf4, 0x0, 0x5d, 0xff, 0xff, 0xb0, 0x0, 0x0,
    0x0, 0xf, 0xff, 0xff, 0xef, 0xff, 0xb0, 0x3,
    0xdf, 0xd0, 0x0, 0x3f, 0xff, 0xf8, 0x0, 0x0,
    0x0, 0x0, 0xa, 0xff, 0xff, 0xff, 0xff, 0x50,
    0x0, 0x9, 0x50, 0x0, 0x6, 0xfc, 0x30, 0x0,
    0x0, 0x0, 0x0, 0x1, 0xae, 0xff, 0xff, 0xd6,
    0x0, 0x0, 0x0, 0x0, 0x0, 0x0, 0x30, 0x0,
    0x0, 0x0, 0x0, 0x0, 0x0, 0x0, 0x0, 0x0,
    0x0, 0x0,

    /* U+6DA4 "涤" */
    0x0, 0x1, 0x0, 0x0, 0x0, 0x0, 0x0, 0x0,
    0x3, 0x73, 0x0, 0x0, 0x0, 0x0, 0x0, 0x0,
    0x0, 0x0, 0xce, 0x81, 0x0, 0x0, 0x0, 0x0,
    0x0, 0xcf, 0xfa, 0x0, 0x0, 0x0, 0x0, 0x0,
    0x0, 0x0, 0x8f, 0xff, 0xf8, 0x0, 0x0, 0x0,
    0x0, 0x5f, 0xff, 0x30, 0x0, 0x0, 0x0, 0x0,
    0x0, 0x0, 0x5, 0xdf, 0xff, 0xfe, 0x40, 0x0,
    0x0, 0x2e, 0xff, 0xe8, 0x88, 0x88, 0x88, 0x86,
    0x0, 0x0, 0x0, 0x0, 0x7e, 0xff, 0xff, 0x10,
    0x0, 0xd, 0xff, 0xff, 0xff, 0xff, 0xff, 0xff,
    0xfc, 0x0, 0x0, 0x0, 0x0, 0x1a, 0xff, 0x70,
    0x0, 0xb, 0xff, 0xff, 0xff, 0xff, 0xff, 0xff,
    0xff, 0x50, 0x0, 0x0, 0x0, 0x0, 0x5, 0xa0,
    0x0, 0x1c, 0xff, 0xfc, 0x0, 0x0, 0x0, 0x1c,
    0xff, 0xb0, 0x0, 0x0, 0x0, 0x0, 0x0, 0x0,
    0x0, 0x3d, 0xff, 0xff, 0xf7, 0x0, 0x0, 0x9,
    0xff, 0xf2, 0x0, 0x0, 0x0, 0x0, 0x0, 0x0,
    0x0, 0x8f, 0xff, 0xf9, 0xff, 0xf5, 0x0, 0x8,
    0xff, 0xf7, 0x0, 0x0, 0x0, 0x0, 0x0, 0x0,
    0x0, 0x8, 0xff, 0xf4, 0x6, 0xff, 0xf6, 0xb,
    0xff, 0xf8, 0x0, 0x0, 0x0, 0x2, 0x81, 0x0,
    0x0, 0x0, 0x6, 0xd2, 0x0, 0x8, 0xff, 0xfe,
    0xff, 0xf7, 0x0, 0x0, 0x0, 0x0, 0xcf, 0xfa,
    0x20, 0x0, 0x0, 0x0, 0x0, 0x0, 0x9, 0xff,
    0xff, 0xf7, 0x0, 0x0, 0x0, 0x0, 0x6f, 0xff,
    0xff, 0x91, 0x0, 0x0, 0x0, 0x0, 0x29, 0xff,
    0xff, 0xff, 0xc5, 0x0, 0x0, 0x0, 0x0, 0x5d,
    0xff, 0xff, 0xe3, 0x0, 0x0, 0x4, 0xbf, 0xff,
    0xff, 0xef, 0xff, 0xfe, 0x82, 0x0, 0x0, 0x0,
    0x6, 0xef, 0xfe, 0x0, 0x37, 0xbf, 0xff, 0xff,
    0xf9, 0x20, 0x5d, 0xff, 0xff, 0xfe, 0xb7, 0x20,
    0x0, 0x1, 0xaf, 0x50, 0xaf, 0xff, 0xff, 0xfe,
    0x71, 0x0, 0x0, 0x5, 0xdf, 0xff, 0xff, 0xf4,
    0x0, 0x0, 0x0, 0x40, 0x1, 0xff, 0xfc, 0x84,
    0x0, 0x3, 0xee, 0xe0, 0x0, 0x27, 0xbf, 0xf8,
    0x0, 0x0, 0x0, 0x0, 0x0, 0x5, 0x51, 0x0,
    0x0, 0x0, 0x3f, 0xff, 0x0, 0x0, 0x0, 0x5,
    0x0, 0x0, 0x0, 0x0, 0x0, 0x0, 0x0, 0x0,
    0x0, 0x0, 0x3, 0xff, 0xf0, 0x0, 0x0, 0x0,
    0x0, 0x0, 0x0, 0x0, 0x6, 0x90, 0x9, 0xcc,
    0xcc, 0xcc, 0xcc, 0xdf, 0xff, 0xcc, 0xcc, 0xcc,
    0xcc, 0xc0, 0x0, 0x0, 0x0, 0xdf, 0xd2, 0xcf,
    0xff, 0xff, 0xff, 0xff, 0xff, 0xff, 0xff, 0xff,
    0xff, 0xff, 0x0, 0x0, 0x0, 0x5f, 0xff, 0x3c,
    0xff, 0xff, 0xff, 0xff, 0xff, 0xff, 0xff, 0xff,
    0xff, 0xff, 0xf0, 0x0, 0x0, 0xc, 0xff, 0xb0,
    0x1, 0x11, 0x11, 0x11, 0x14, 0xff, 0xf1, 0x11,
    0x11, 0x11, 0x11, 0x0, 0x0, 0x4, 0xff, 0xf4,
    0x0, 0x0, 0x64, 0x0, 0x0, 0x3f, 0xff, 0x0,
    0x0, 0x63, 0x0, 0x0, 0x0, 0x0, 0xbf, 0xfd,
    0x0, 0x0, 0x2f, 0xff, 0x30, 0x3, 0xff, 0xf0,
    0x4, 0xef, 0xe1, 0x0, 0x0, 0x0, 0x3f, 0xff,
    0x60, 0x0, 0xb, 0xff, 0xc0, 0x0, 0x3f, 0xff,
    0x0, 0xd, 0xff, 0xc0, 0x0, 0x0, 0xb, 0xff,
    0xf0, 0x0, 0x3, 0xff, 0xf3, 0x0, 0x3, 0xff,
    0xf0, 0x0, 0x2f, 0xff, 0x90, 0x0, 0x3, 0xff,
    0xf8, 0x0, 0x1, 0xdf, 0xfa, 0x0, 0x0, 0x3f,
    0xff, 0x0, 0x0, 0x6f, 0xff, 0x40, 0x0, 0xcf,
    0xff, 0x10, 0x0, 0xcf, 0xff, 0x10, 0x0, 0x3,
    0xff, 0xf0, 0x0, 0x0, 0xbf, 0xfd, 0x0, 0x5f,
    0xff, 0x90, 0x0, 0xaf, 0xff, 0x50, 0x0, 0x0,
    0x4f, 0xff, 0x0, 0x0, 0x2, 0xff, 0xf3, 0x9,
    0xff, 0xf1, 0x0, 0x6, 0xef, 0x90, 0x3, 0xdd,
    0xde, 0xff, 0xf0, 0x0, 0x0, 0x8, 0xb2, 0x0,
    0x6, 0xf9, 0x0, 0x0, 0x1, 0x70, 0x0, 0xd,
    0xff, 0xff, 0xf9, 0x0, 0x0, 0x0, 0x0, 0x0,
    0x0, 0x2, 0x10, 0x0, 0x0, 0x0, 0x0, 0x0,
    0x8f, 0xfe, 0xb7, 0x0, 0x0, 0x0, 0x0, 0x0,
    0x0,

    /* U+6F02 "漂" */
    0x0, 0x9, 0x30, 0x0, 0x0, 0x0, 0x0, 0x0,
    0x0, 0x0, 0x0, 0x0, 0x0, 0x0, 0x0, 0x0,
    0x0, 0x7, 0xff, 0xa1, 0x0, 0xf, 0xff, 0xff,
    0xff, 0xff, 0xff, 0xff, 0xff, 0xff, 0xff, 0xff,
    0xf3, 0x0, 0xdf, 0xff, 0xf7, 0x0, 0xff, 0xff,
    0xff, 0xff, 0xff, 0xff, 0xff, 0xff, 0xff, 0xff,
    0xff, 0x30, 0x0, 0x8f, 0xff, 0xfc, 0x1a, 0xaa,
    0xaa, 0xab, 0xff, 0xda, 0xad, 0xff, 0xba, 0xaa,
    0xaa, 0xa2, 0x0, 0x0, 0x2c, 0xff, 0xd0, 0x0,
    0x0, 0x0, 0x2f, 0xf9, 0x0, 0x7f, 0xf3, 0x0,
    0x0, 0x0, 0x0, 0x0, 0x0, 0x7, 0xf3, 0x0,
    0x55, 0x55, 0x57, 0xff, 0xb5, 0x5a, 0xff, 0x85,
    0x55, 0x55, 0x10, 0x0, 0x0, 0x0, 0x2, 0x0,
    0xd, 0xff, 0xff, 0xff, 0xff, 0xff, 0xff, 0xff,
    0xff, 0xff, 0xf4, 0x0, 0x0, 0x0, 0x0, 0x0,
    0x0, 0xdf, 0xff, 0xff, 0xff, 0xff, 0xff, 0xff,
    0xff, 0xff, 0xff, 0x40, 0x0, 0x0, 0x0, 0x0,
    0x0, 0xd, 0xff, 0x0, 0x3f, 0xf9, 0x0, 0x8f,
    0xf4, 0x0, 0xcf, 0xf4, 0x0, 0x42, 0x0, 0x0,
    0x0, 0x0, 0xdf, 0xf0, 0x2, 0xff, 0x90, 0x7,
    0xff, 0x30, 0xb, 0xff, 0x40, 0x1f, 0xf9, 0x10,
    0x0, 0x0, 0xd, 0xff, 0x0, 0x2f, 0xf9, 0x0,
    0x7f, 0xf3, 0x0, 0xbf, 0xf4, 0xa, 0xff, 0xff,
    0x70, 0x0, 0x0, 0xdf, 0xf1, 0x13, 0xff, 0x91,
    0x18, 0xff, 0x51, 0x1c, 0xff, 0x40, 0x1a, 0xff,
    0xff, 0xd2, 0x0, 0xd, 0xff, 0xff, 0xff, 0xff,
    0xff, 0xff, 0xff, 0xff, 0xff, 0xf4, 0x0, 0x4,
    0xdf, 0xff, 0x40, 0x0, 0xdf, 0xff, 0xff, 0xff,
    0xff, 0xff, 0xff, 0xff, 0xff, 0xff, 0x40, 0x0,
    0x0, 0x8f, 0xb0, 0x0, 0x4, 0x55, 0x55, 0x55,
    0x55, 0x55, 0x55, 0x55, 0x55, 0x55, 0x51, 0x0,
    0x0, 0x0, 0x52, 0x0, 0x0, 0x0, 0x0, 0x0,
    0x0, 0x0, 0x0, 0x0, 0x0, 0x0, 0x0, 0x0,
    0x0, 0x0, 0x0, 0x0, 0x0, 0x0, 0xdf, 0xff,
    0xff, 0xff, 0xff, 0xff, 0xff, 0xff, 0xff, 0x70,
    0x0, 0x0, 0x0, 0x0, 0x0, 0x0, 0xd, 0xff,
    0xff, 0xff, 0xff, 0xff, 0xff, 0xff, 0xff, 0xf7,
    0x0, 0x0, 0x0, 0x0, 0x72, 0x0, 0x0, 0x78,
    0x88, 0x88, 0x88, 0x88, 0x88, 0x88, 0x88, 0x88,
    0x30, 0x0, 0x0, 0x0, 0x1f, 0xe2, 0x0, 0x0,
    0x0, 0x0, 0x0, 0x0, 0x0, 0x0, 0x0, 0x0,
    0x0, 0x0, 0x0, 0x0, 0x8, 0xff, 0x90, 0xaa,
    0xaa, 0xaa, 0xaa, 0xaa, 0xaa, 0xaa, 0xaa, 0xaa,
    0xaa, 0xaa, 0x60, 0x0, 0x0, 0xff, 0xf3, 0xf,
    0xff, 0xff, 0xff, 0xff, 0xff, 0xff, 0xff, 0xff,
    0xff, 0xff, 0xfa, 0x0, 0x0, 0x7f, 0xfc, 0x0,
    0xff, 0xff, 0xff, 0xff, 0xff, 0xff, 0xff, 0xff,
    0xff, 0xff, 0xff, 0xa0, 0x0, 0xe, 0xff, 0x50,
    0x0, 0x0, 0x0, 0x0, 0x0, 0x7f, 0xfc, 0x0,
    0x0, 0x0, 0x0, 0x0, 0x0, 0x6, 0xff, 0xe0,
    0x0, 0x0, 0x9, 0xa5, 0x0, 0x7, 0xff, 0xc0,
    0x0, 0x7a, 0x0, 0x0, 0x0, 0x0, 0xef, 0xf7,
    0x0, 0x0, 0x6, 0xff, 0xf4, 0x0, 0x7f, 0xfc,
    0x0, 0xdf, 0xfb, 0x0, 0x0, 0x0, 0x7f, 0xfe,
    0x0, 0x0, 0x4, 0xff, 0xf7, 0x0, 0x7, 0xff,
    0xc0, 0x3, 0xef, 0xfc, 0x10, 0x0, 0x1e, 0xff,
    0x70, 0x0, 0x4, 0xff, 0xfa, 0x0, 0x0, 0x7f,
    0xfc, 0x0, 0x3, 0xef, 0xfc, 0x0, 0x9, 0xff,
    0xf1, 0x0, 0x6, 0xff, 0xfd, 0x0, 0x0, 0x7,
    0xff, 0xc0, 0x0, 0x3, 0xff, 0xfc, 0x0, 0xaf,
    0xf8, 0x0, 0x6, 0xff, 0xfd, 0x10, 0x3d, 0xdd,
    0xff, 0xfb, 0x0, 0x0, 0x4, 0xff, 0xf7, 0x0,
    0x9f, 0x10, 0x0, 0x7, 0xfc, 0x10, 0x0, 0xef,
    0xff, 0xff, 0x70, 0x0, 0x0, 0x7, 0xe5, 0x0,
    0x0, 0x30, 0x0, 0x0, 0x3, 0x0, 0x0, 0x9,
    0xff, 0xeb, 0x70, 0x0, 0x0, 0x0, 0x0, 0x0,

    /* U+70D8 "烘" */
    0x0, 0x0, 0x1, 0x22, 0x0, 0x0, 0x0, 0x0,
    0x1, 0x10, 0x0, 0x0, 0x1, 0x11, 0x0, 0x0,
    0x0, 0x0, 0x0, 0xbf, 0xf3, 0x0, 0x0, 0x0,
    0x7, 0xff, 0xb0, 0x0, 0x4, 0xff, 0xf0, 0x0,
    0x0, 0x0, 0x0, 0xb, 0xff, 0x30, 0x0, 0x0,
    0x0, 0x7f, 0xfb, 0x0, 0x0, 0x4f, 0xff, 0x0,
    0x0, 0x0, 0x0, 0x0, 0xbf, 0xf3, 0x0, 0x0,
    0x0, 0x7, 0xff, 0xb0, 0x0, 0x4, 0xff, 0xf0,
    0x0, 0x0, 0x0, 0x0, 0xb, 0xff, 0x30, 0x0,
    0x0, 0x0, 0x7f, 0xfb, 0x0, 0x0, 0x4f, 0xff,
    0x0, 0x0, 0x0, 0x0, 0x0, 0xbf, 0xf3, 0x0,
    0x0, 0x0, 0x7, 0xff, 0xb0, 0x0, 0x4, 0xff,
    0xf0, 0x0, 0x0, 0x0, 0x0, 0xb, 0xff, 0x30,
    0x20, 0x0, 0x0, 0x7f, 0xfb, 0x0, 0x0, 0x4f,
    0xff, 0x0, 0x0, 0x0, 0x1, 0x0, 0xbf, 0xf3,
    0xc, 0xf9, 0x32, 0x29, 0xff, 0xc2, 0x22, 0x26,
    0xff, 0xf2, 0x22, 0x20, 0x6, 0xfd, 0xb, 0xff,
    0x31, 0xff, 0xbf, 0xff, 0xff, 0xff, 0xff, 0xff,
    0xff, 0xff, 0xff, 0xff, 0x10, 0x7f, 0xc0, 0xbf,
    0xf3, 0x5f, 0xf5, 0xff, 0xff, 0xff, 0xff, 0xff,
    0xff, 0xff, 0xff, 0xff, 0xf1, 0x9, 0xfb, 0xb,
    0xff, 0x3a, 0xfd, 0x1f, 0xff, 0xff, 0xff, 0xff,
    0xff, 0xff, 0xff, 0xff, 0xff, 0x10, 0xbf, 0xa0,
    0xbf, 0xf4, 0xff, 0x60, 0x0, 0x7, 0xff, 0xb0,
    0x0, 0x4, 0xff, 0xf0, 0x0, 0x0, 0xd, 0xf8,
    0xc, 0xff, 0x9f, 0xf0, 0x0, 0x0, 0x7f, 0xfb,
    0x0, 0x0, 0x4f, 0xff, 0x0, 0x0, 0x0, 0xff,
    0x60, 0xcf, 0xff, 0xf8, 0x0, 0x0, 0x7, 0xff,
    0xb0, 0x0, 0x4, 0xff, 0xf0, 0x0, 0x0, 0x3f,
    0xf3, 0xc, 0xff, 0x47, 0x10, 0x0, 0x0, 0x7f,
    0xfb, 0x0, 0x0, 0x4f, 0xff, 0x0, 0x0, 0x8,
    0xff, 0x0, 0xdf, 0xf2, 0x0, 0x0, 0x0, 0x7,
    0xff, 0xb0, 0x0, 0x4, 0xff, 0xf0, 0x0, 0x0,
    0x6e, 0xb0, 0xd, 0xff, 0x10, 0x0, 0x0, 0x0,
    0x7f, 0xfb, 0x0, 0x0, 0x4f, 0xff, 0x0, 0x0,
    0x0, 0x1, 0x0, 0xef, 0xf0, 0x0, 0x0, 0x0,
    0x7, 0xff, 0xb0, 0x0, 0x4, 0xff, 0xf0, 0x0,
    0x0, 0x0, 0x0, 0xf, 0xff, 0x0, 0x0, 0x33,
    0x33, 0x9f, 0xfc, 0x33, 0x33, 0x7f, 0xff, 0x33,
    0x33, 0x20, 0x0, 0x2, 0xff, 0xe0, 0x0, 0x1f,
    0xff, 0xff, 0xff, 0xff, 0xff, 0xff, 0xff, 0xff,
    0xff, 0xfa, 0x0, 0x0, 0x5f, 0xff, 0x30, 0x1,
    0xff, 0xff, 0xff, 0xff, 0xff, 0xff, 0xff, 0xff,
    0xff, 0xff, 0xa0, 0x0, 0x7, 0xff, 0xfe, 0x20,
    0x1f, 0xff, 0xff, 0xff, 0xff, 0xff, 0xff, 0xff,
    0xff, 0xff, 0xfa, 0x0, 0x0, 0xaf, 0xff, 0xfd,
    0x10, 0x0, 0x0, 0x0, 0x0, 0x0, 0x0, 0x0,
    0x0, 0x0, 0x0, 0x0, 0x0, 0xe, 0xff, 0xef,
    0xfc, 0x0, 0x0, 0x0, 0x10, 0x0, 0x0, 0x0,
    0x1, 0x0, 0x0, 0x0, 0x0, 0x3, 0xff, 0xf2,
    0xef, 0xf9, 0x0, 0x0, 0x1e, 0xd8, 0x20, 0x0,
    0x3c, 0xf3, 0x0, 0x0, 0x0, 0x0, 0x9f, 0xfa,
    0x5, 0xff, 0xf6, 0x0, 0x9, 0xff, 0xf3, 0x0,
    0x1e, 0xff, 0xe2, 0x0, 0x0, 0x0, 0xf, 0xff,
    0x50, 0xa, 0xff, 0xa0, 0x5, 0xff, 0xf9, 0x0,
    0x0, 0x3f, 0xff, 0xd1, 0x0, 0x0, 0x8, 0xff,
    0xe0, 0x0, 0x1e, 0xa0, 0x2, 0xff, 0xfd, 0x0,
    0x0, 0x0, 0x5f, 0xff, 0xd0, 0x0, 0x2, 0xff,
    0xf7, 0x0, 0x0, 0x30, 0x2, 0xef, 0xff, 0x30,
    0x0, 0x0, 0x0, 0x8f, 0xff, 0xa0, 0x0, 0xcf,
    0xfe, 0x0, 0x0, 0x0, 0x3, 0xef, 0xff, 0x60,
    0x0, 0x0, 0x0, 0x0, 0xbf, 0xff, 0x50, 0x7f,
    0xff, 0x50, 0x0, 0x0, 0x5, 0xff, 0xff, 0x70,
    0x0, 0x0, 0x0, 0x0, 0x1, 0xef, 0xfe, 0x10,
    0xbf, 0xa0, 0x0, 0x0, 0x0, 0x1a, 0xff, 0x80,
    0x0, 0x0, 0x0, 0x0, 0x0, 0x5, 0xff, 0xb1,
    0x0, 0xa0, 0x0, 0x0, 0x0, 0x0, 0x7, 0x60,
    0x0, 0x0, 0x0, 0x0, 0x0, 0x0, 0x9, 0x50,
    0x0,

    /* U+7406 "理" */
    0x1, 0x11, 0x11, 0x11, 0x11, 0x11, 0x7, 0xcc,
    0xcc, 0xcc, 0xcc, 0xcc, 0xcc, 0xcc, 0xcc, 0xc7,
    0x0, 0x5f, 0xff, 0xff, 0xff, 0xff, 0xfe, 0x9,
    0xff, 0xff, 0xff, 0xff, 0xff, 0xff, 0xff, 0xff,
    0xf8, 0x0, 0x5f, 0xff, 0xff, 0xff, 0xff, 0xfe,
    0x9, 0xff, 0xff, 0xff, 0xff, 0xff, 0xff, 0xff,
    0xff, 0xf8, 0x0, 0x5f, 0xff, 0xff, 0xff, 0xff,
    0xfd, 0x9, 0xff, 0x70, 0x0, 0xf, 0xfe, 0x0,
    0x0, 0x9f, 0xf8, 0x0, 0x0, 0x0, 0x2f, 0xff,
    0x0, 0x0, 0x9, 0xff, 0x60, 0x0, 0xe, 0xfe,
    0x0, 0x0, 0x9f, 0xf8, 0x0, 0x0, 0x0, 0x2f,
    0xff, 0x0, 0x0, 0x9, 0xff, 0x60, 0x0, 0xe,
    0xfe, 0x0, 0x0, 0x9f, 0xf8, 0x0, 0x0, 0x0,
    0x2f, 0xff, 0x0, 0x0, 0x9, 0xff, 0xc9, 0x99,
    0x9f, 0xff, 0x99, 0x99, 0xdf, 0xf8, 0x0, 0x0,
    0x0, 0x2f, 0xff, 0x0, 0x0, 0x9, 0xff, 0xff,
    0xff, 0xff, 0xff, 0xff, 0xff, 0xff, 0xf8, 0x0,
    0x0, 0x0, 0x2f, 0xff, 0x0, 0x0, 0x9, 0xff,
    0xff, 0xff, 0xff, 0xff, 0xff, 0xff, 0xff, 0xf8,
    0x0, 0x0, 0x0, 0x2f, 0xff, 0x0, 0x0, 0x9,
    0xff, 0x70, 0x0, 0xf, 0xfe, 0x0, 0x0, 0x9f,
    0xf8, 0x0, 0x5, 0x55, 0x7f, 0xff, 0x55, 0x51,
    0x9, 0xff, 0x60, 0x0, 0xe, 0xfe, 0x0, 0x0,
    0x9f, 0xf8, 0x0, 0xf, 0xff, 0xff, 0xff, 0xff,
    0xf5, 0x9, 0xff, 0x60, 0x0, 0xe, 0xfe, 0x0,
    0x0, 0x9f, 0xf8, 0x0, 0xf, 0xff, 0xff, 0xff,
    0xff, 0xf5, 0x9, 0xff, 0x60, 0x0, 0xe, 0xfe,
    0x0, 0x0, 0x9f, 0xf8, 0x0, 0xd, 0xdd, 0xdf,
    0xff, 0xdd, 0xd4, 0x9, 0xff, 0xed, 0xdd, 0xdf,
    0xff, 0xdd, 0xdd, 0xff, 0xf8, 0x0, 0x0, 0x0,
    0x2f, 0xff, 0x0, 0x0, 0x9, 0xff, 0xff, 0xff,
    0xff, 0xff, 0xff, 0xff, 0xff, 0xf8, 0x0, 0x0,
    0x0, 0x2f, 0xff, 0x0, 0x0, 0x8, 0xff, 0xff,
    0xff, 0xff, 0xff, 0xff, 0xff, 0xff, 0xf8, 0x0,
    0x0, 0x0, 0x2f, 0xff, 0x0, 0x0, 0x0, 0x0,
    0x0, 0x0, 0x3f, 0xff, 0x20, 0x0, 0x0, 0x0,
    0x0, 0x0, 0x0, 0x2f, 0xff, 0x0, 0x0, 0x0,
    0x0, 0x0, 0x0, 0x3f, 0xff, 0x20, 0x0, 0x0,
    0x0, 0x0, 0x0, 0x0, 0x2f, 0xff, 0x0, 0x0,
    0x0, 0x0, 0x0, 0x0, 0x3f, 0xff, 0x20, 0x0,
    0x0, 0x0, 0x0, 0x0, 0x0, 0x2f, 0xff, 0x0,
    0x0, 0x2, 0x22, 0x22, 0x22, 0x5f, 0xff, 0x42,
    0x22, 0x22, 0x22, 0x0, 0x0, 0x0, 0x2f, 0xff,
    0x0, 0x1, 0xe, 0xff, 0xff, 0xff, 0xff, 0xff,
    0xff, 0xff, 0xff, 0xff, 0x0, 0x0, 0x0, 0x2f,
    0xff, 0x27, 0xdc, 0xe, 0xff, 0xff, 0xff, 0xff,
    0xff, 0xff, 0xff, 0xff, 0xff, 0x0, 0x0, 0x0,
    0x2f, 0xff, 0xff, 0xff, 0xb, 0xdd, 0xdd, 0xdd,
    0xdf, 0xff, 0xdd, 0xdd, 0xdd, 0xdd, 0x0, 0x0,
    0x49, 0xef, 0xff, 0xff, 0xff, 0x10, 0x0, 0x0,
    0x0, 0x3f, 0xff, 0x20, 0x0, 0x0, 0x0, 0x0,
    0x8f, 0xff, 0xff, 0xff, 0xfd, 0x83, 0x0, 0x0,
    0x0, 0x0, 0x3f, 0xff, 0x20, 0x0, 0x0, 0x0,
    0x0, 0x7f, 0xff, 0xff, 0xd8, 0x30, 0x0, 0x0,
    0x0, 0x0, 0x0, 0x3f, 0xff, 0x20, 0x0, 0x0,
    0x0, 0x0, 0x3f, 0xfd, 0x83, 0x0, 0x0, 0x0,
    0x0, 0x0, 0x0, 0x0, 0x4f, 0xff, 0x20, 0x0,
    0x0, 0x0, 0x0, 0x8, 0x20, 0x0, 0x0, 0x0,
    0x7f, 0xff, 0xff, 0xff, 0xff, 0xff, 0xff, 0xff,
    0xff, 0xff, 0xff, 0xf3, 0x0, 0x0, 0x0, 0x0,
    0x0, 0x7f, 0xff, 0xff, 0xff, 0xff, 0xff, 0xff,
    0xff, 0xff, 0xff, 0xff, 0xf3, 0x0, 0x0, 0x0,
    0x0, 0x0, 0x7f, 0xff, 0xff, 0xff, 0xff, 0xff,
    0xff, 0xff, 0xff, 0xff, 0xff, 0xf3,

    /* U+7801 "码" */
    0x0, 0x0, 0x0, 0x0, 0x0, 0x0, 0x0, 0x0,
    0x0, 0x0, 0x0, 0x0, 0x0, 0x0, 0x0, 0x0,
    0x0, 0x5, 0xff, 0xff, 0xff, 0xff, 0xff, 0xfe,
    0x7, 0xdd, 0xdd, 0xdd, 0xdd, 0xdd, 0xdd, 0xec,
    0x20, 0x0, 0x5, 0xff, 0xff, 0xff, 0xff, 0xff,
    0xfe, 0x8, 0xff, 0xff, 0xff, 0xff, 0xff, 0xff,
    0xff, 0x20, 0x0, 0x5, 0xff, 0xff, 0xff, 0xff,
    0xff, 0xfe, 0x8, 0xff, 0xff, 0xff, 0xff, 0xff,
    0xff, 0xff, 0x10, 0x0, 0x0, 0x0, 0x6, 0xff,
    0xb0, 0x0, 0x0, 0x1, 0x22, 0x22, 0x22, 0x22,
    0x22, 0x4f, 0xff, 0x0, 0x0, 0x0, 0x0, 0x9,
    0xff, 0x70, 0x0, 0x0, 0x0, 0x0, 0x0, 0x0,
    0x0, 0x0, 0x4f, 0xfe, 0x0, 0x0, 0x0, 0x0,
    0xd, 0xff, 0x40, 0x0, 0x0, 0x0, 0x7, 0x76,
    0x10, 0x0, 0x0, 0x5f, 0xfd, 0x0, 0x0, 0x0,
    0x0, 0xf, 0xff, 0x10, 0x0, 0x0, 0x0, 0xf,
    0xff, 0x20, 0x0, 0x0, 0x7f, 0xfb, 0x0, 0x0,
    0x0, 0x0, 0x5f, 0xfd, 0x0, 0x0, 0x0, 0x0,
    0xf, 0xff, 0x0, 0x0, 0x0, 0x8f, 0xfa, 0x0,
    0x0, 0x0, 0x0, 0xaf, 0xf8, 0x0, 0x0, 0x0,
    0x0, 0x2f, 0xff, 0x0, 0x0, 0x0, 0xaf, 0xf8,
    0x0, 0x0, 0x0, 0x0, 0xef, 0xf3, 0x0, 0x0,
    0x0, 0x0, 0x3f, 0xfd, 0x0, 0x0, 0x0, 0xcf,
    0xf6, 0x0, 0x0, 0x0, 0x4, 0xff, 0xf0, 0x0,
    0x0, 0x0, 0x0, 0x5f, 0xfc, 0x0, 0x0, 0x0,
    0xdf, 0xf4, 0x0, 0x0, 0x0, 0xa, 0xff, 0xfc,
    0xcc, 0xcc, 0xc0, 0x0, 0x6f, 0xfa, 0x0, 0x0,
    0x0, 0xff, 0xf2, 0x0, 0x0, 0x0, 0x1f, 0xff,
    0xff, 0xff, 0xff, 0xf0, 0x0, 0x8f, 0xf8, 0x0,
    0x0, 0x1, 0xff, 0xf1, 0x0, 0x0, 0x0, 0x8f,
    0xff, 0xff, 0xff, 0xff, 0xf0, 0x0, 0xaf, 0xf7,
    0x0, 0x0, 0x3, 0xff, 0xf1, 0x0, 0x0, 0x2,
    0xff, 0xff, 0xc2, 0x22, 0xdf, 0xf0, 0x0, 0xcf,
    0xff, 0xff, 0xff, 0xff, 0xff, 0xff, 0xff, 0xf0,
    0xb, 0xff, 0xff, 0xb0, 0x0, 0xdf, 0xf0, 0x0,
    0xef, 0xff, 0xff, 0xff, 0xff, 0xff, 0xff, 0xff,
    0xe0, 0xe, 0xff, 0xff, 0xb0, 0x0, 0xdf, 0xf0,
    0x0, 0xcc, 0xcc, 0xcc, 0xcc, 0xcc, 0xcc, 0xcd,
    0xff, 0xd0, 0x9, 0xff, 0xff, 0xb0, 0x0, 0xdf,
    0xf0, 0x0, 0x0, 0x0, 0x0, 0x0, 0x0, 0x0,
    0x6, 0xff, 0xb0, 0x3, 0xf6, 0xff, 0xb0, 0x0,
    0xdf, 0xf0, 0x0, 0x0, 0x0, 0x0, 0x0, 0x0,
    0x0, 0x7, 0xff, 0xa0, 0x0, 0x71, 0xff, 0xb0,
    0x0, 0xdf, 0xf0, 0x0, 0x0, 0x0, 0x0, 0x0,
    0x0, 0x0, 0x9, 0xff, 0x80, 0x0, 0x1, 0xff,
    0xb0, 0x0, 0xdf, 0xf0, 0x11, 0x11, 0x11, 0x11,
    0x11, 0x11, 0x10, 0xb, 0xff, 0x60, 0x0, 0x1,
    0xff, 0xb0, 0x0, 0xdf, 0xf0, 0x8f, 0xff, 0xff,
    0xff, 0xff, 0xff, 0xf7, 0xd, 0xff, 0x50, 0x0,
    0x1, 0xff, 0xb0, 0x0, 0xdf, 0xf0, 0x8f, 0xff,
    0xff, 0xff, 0xff, 0xff, 0xf7, 0xf, 0xff, 0x30,
    0x0, 0x1, 0xff, 0xc1, 0x11, 0xdf, 0xf0, 0x6c,
    0xcc, 0xcc, 0xcc, 0xcc, 0xcc, 0xc6, 0x1f, 0xff,
    0x0, 0x0, 0x1, 0xff, 0xff, 0xff, 0xff, 0xf0,
    0x0, 0x0, 0x0, 0x0, 0x0, 0x0, 0x0, 0x4f,
    0xfe, 0x0, 0x0, 0x1, 0xff, 0xff, 0xff, 0xff,
    0xf0, 0x0, 0x0, 0x0, 0x0, 0x0, 0x0, 0x0,
    0x8f, 0xfb, 0x0, 0x0, 0x1, 0xff, 0xfc, 0xcc,
    0xcc, 0xc0, 0x0, 0x0, 0x0, 0x0, 0x0, 0x0,
    0x0, 0xdf, 0xf7, 0x0, 0x0, 0x1, 0xff, 0xb0,
    0x0, 0x0, 0x0, 0x0, 0x0, 0x0, 0x0, 0x0,
    0x0, 0x7, 0xff, 0xf3, 0x0, 0x0, 0x1, 0xff,
    0xb0, 0x0, 0x0, 0x0, 0x0, 0x0, 0x0, 0x0,
    0x4f, 0xfe, 0xef, 0xff, 0xd0, 0x0, 0x0, 0x1,
    0x88, 0x60, 0x0, 0x0, 0x0, 0x0, 0x0, 0x0,
    0x0, 0xe, 0xff, 0xff, 0xff, 0x40, 0x0, 0x0,
    0x0, 0x0, 0x0, 0x0, 0x0, 0x0, 0x0, 0x0,
    0x0, 0x0, 0xa, 0xff, 0xfe, 0xb3, 0x0, 0x0,
    0x0, 0x0, 0x0, 0x0, 0x0, 0x0, 0x0, 0x0,
    0x0, 0x0, 0x0, 0x0, 0x0, 0x0, 0x0, 0x0,
    0x0,

    /* U+7A0B "程" */
    0x0, 0x0, 0x0, 0x0, 0x0, 0x0, 0x0, 0x0,
    0x0, 0x0, 0x0, 0x0, 0x0, 0x0, 0x0, 0x0,
    0x0, 0x0, 0x0, 0x0, 0x0, 0x1, 0x6c, 0x90,
    0x0, 0x0, 0x0, 0x0, 0x0, 0x0, 0x0, 0x0,
    0x0, 0x0, 0x0, 0x0, 0x1, 0x48, 0xcf, 0xff,
    0xf7, 0x1, 0xff, 0xff, 0xff, 0xff, 0xff, 0xff,
    0xff, 0xfb, 0x0, 0x3, 0x7a, 0xdf, 0xff, 0xff,
    0xff, 0xfc, 0x11, 0xff, 0xff, 0xff, 0xff, 0xff,
    0xff, 0xff, 0xfb, 0x0, 0x9, 0xff, 0xff, 0xff,
    0xff, 0xb6, 0x10, 0x1, 0xff, 0xfb, 0xbb, 0xbb,
    0xbb, 0xbb, 0xdf, 0xfb, 0x0, 0x3, 0xff, 0xeb,
    0xbf, 0xff, 0x0, 0x0, 0x1, 0xff, 0xf0, 0x0,
    0x0, 0x0, 0x0, 0x7f, 0xfb, 0x0, 0x0, 0x30,
    0x0, 0x3f, 0xff, 0x0, 0x0, 0x1, 0xff, 0xf0,
    0x0, 0x0, 0x0, 0x0, 0x7f, 0xfb, 0x0, 0x0,
    0x0, 0x0, 0x3f, 0xff, 0x0, 0x0, 0x1, 0xff,
    0xf0, 0x0, 0x0, 0x0, 0x0, 0x7f, 0xfb, 0x0,
    0x0, 0x0, 0x0, 0x3f, 0xff, 0x0, 0x0, 0x1,
    0xff, 0xf0, 0x0, 0x0, 0x0, 0x0, 0x7f, 0xfb,
    0x0, 0x0, 0x0, 0x0, 0x3f, 0xff, 0x0, 0x0,
    0x1, 0xff, 0xf0, 0x0, 0x0, 0x0, 0x0, 0x7f,
    0xfb, 0x0, 0x9, 0xee, 0xee, 0xef, 0xff, 0xee,
    0xee, 0x11, 0xff, 0xfb, 0xbb, 0xbb, 0xbb, 0xbb,
    0xdf, 0xfb, 0x0, 0xa, 0xff, 0xff, 0xff, 0xff,
    0xff, 0xff, 0x11, 0xff, 0xff, 0xff, 0xff, 0xff,
    0xff, 0xff, 0xfb, 0x0, 0xa, 0xff, 0xff, 0xff,
    0xff, 0xff, 0xff, 0x11, 0xff, 0xff, 0xff, 0xff,
    0xff, 0xff, 0xff, 0xfb, 0x0, 0x2, 0x33, 0x33,
    0xdf, 0xff, 0x33, 0x33, 0x0, 0x0, 0x0, 0x0,
    0x0, 0x0, 0x0, 0x0, 0x0, 0x0, 0x0, 0x0,
    0x2, 0xff, 0xff, 0x0, 0x0, 0x0, 0x0, 0x0,
    0x0, 0x0, 0x0, 0x0, 0x0, 0x0, 0x0, 0x0,
    0x0, 0x9, 0xff, 0xff, 0x70, 0x0, 0x0, 0x0,
    0x0, 0x0, 0x0, 0x0, 0x0, 0x0, 0x0, 0x0,
    0x0, 0x0, 0x1f, 0xff, 0xff, 0xf8, 0x0, 0x4f,
    0xff, 0xff, 0xff, 0xff, 0xff, 0xff, 0xff, 0xff,
    0xd0, 0x0, 0x0, 0x8f, 0xff, 0xff, 0xff, 0x80,
    0x4f, 0xff, 0xff, 0xff, 0xff, 0xff, 0xff, 0xff,
    0xff, 0xd0, 0x0, 0x0, 0xff, 0xff, 0xff, 0xdf,
    0xf7, 0x4d, 0xdd, 0xdd, 0xdd, 0xff, 0xfe, 0xdd,
    0xdd, 0xdd, 0xa0, 0x0, 0x8, 0xff, 0x9f, 0xff,
    0x3f, 0xff, 0x50, 0x0, 0x0, 0x0, 0xff, 0xf5,
    0x0, 0x0, 0x0, 0x0, 0x0, 0x2f, 0xfe, 0x3f,
    0xff, 0x6, 0xff, 0x20, 0x0, 0x0, 0x0, 0xff,
    0xf5, 0x0, 0x0, 0x0, 0x0, 0x0, 0xcf, 0xf6,
    0x3f, 0xff, 0x0, 0xb4, 0x0, 0x0, 0x0, 0x0,
    0xff, 0xf5, 0x0, 0x0, 0x0, 0x0, 0x8, 0xff,
    0xe0, 0x3f, 0xff, 0x0, 0x0, 0x6, 0xcc, 0xcc,
    0xcc, 0xff, 0xfd, 0xcc, 0xcc, 0xcc, 0x0, 0x2f,
    0xff, 0x60, 0x3f, 0xff, 0x0, 0x0, 0x7, 0xff,
    0xff, 0xff, 0xff, 0xff, 0xff, 0xff, 0xff, 0x0,
    0xc, 0xfc, 0x0, 0x3f, 0xff, 0x0, 0x0, 0x7,
    0xff, 0xff, 0xff, 0xff, 0xff, 0xff, 0xff, 0xff,
    0x0, 0x4, 0xf3, 0x0, 0x3f, 0xff, 0x0, 0x0,
    0x0, 0x0, 0x0, 0x0, 0xff, 0xf5, 0x0, 0x0,
    0x0, 0x0, 0x0, 0x40, 0x0, 0x3f, 0xff, 0x0,
    0x0, 0x0, 0x0, 0x0, 0x0, 0xff, 0xf5, 0x0,
    0x0, 0x0, 0x0, 0x0, 0x0, 0x0, 0x3f, 0xff,
    0x0, 0x0, 0x0, 0x0, 0x0, 0x0, 0xff, 0xf5,
    0x0, 0x0, 0x0, 0x0, 0x0, 0x0, 0x0, 0x3f,
    0xff, 0x0, 0x0, 0x0, 0x0, 0x0, 0x0, 0xff,
    0xf5, 0x0, 0x0, 0x0, 0x0, 0x0, 0x0, 0x0,
    0x3f, 0xff, 0x0, 0xb, 0xee, 0xee, 0xee, 0xee,
    0xff, 0xfe, 0xee, 0xee, 0xee, 0xe8, 0x0, 0x0,
    0x0, 0x3f, 0xff, 0x0, 0xc, 0xff, 0xff, 0xff,
    0xff, 0xff, 0xff, 0xff, 0xff, 0xff, 0xf9, 0x0,
    0x0, 0x0, 0x3f, 0xff, 0x0, 0xc, 0xff, 0xff,
    0xff, 0xff, 0xff, 0xff, 0xff, 0xff, 0xff, 0xf9,
    0x0, 0x0, 0x0, 0x3f, 0xff, 0x0, 0x0, 0x0,
    0x0, 0x0, 0x0, 0x0, 0x0, 0x0, 0x0, 0x0,
    0x0,

    /* U+7BA1 "管" */
    0x0, 0x0, 0x6b, 0x84, 0x0, 0x0, 0x0, 0x0,
    0x0, 0x6, 0xa7, 0x40, 0x0, 0x0, 0x0, 0x0,
    0x0, 0x0, 0xd, 0xff, 0xa0, 0x0, 0x0, 0x0,
    0x0, 0x0, 0xef, 0xf9, 0x0, 0x0, 0x0, 0x0,
    0x0, 0x0, 0x4, 0xff, 0xf4, 0x0, 0x0, 0x0,
    0x0, 0x0, 0x3f, 0xff, 0x30, 0x0, 0x0, 0x0,
    0x0, 0x0, 0x0, 0xaf, 0xff, 0xff, 0xff, 0xff,
    0xff, 0xf1, 0x9, 0xff, 0xff, 0xff, 0xff, 0xff,
    0xff, 0xf0, 0x0, 0x1f, 0xff, 0xff, 0xff, 0xff,
    0xff, 0xff, 0x12, 0xff, 0xff, 0xff, 0xff, 0xff,
    0xff, 0xff, 0x0, 0xa, 0xff, 0xe6, 0x6f, 0xff,
    0x96, 0x66, 0x60, 0xbf, 0xfd, 0x66, 0xef, 0xfc,
    0x66, 0x66, 0x60, 0x5, 0xff, 0xf5, 0x0, 0x8f,
    0xfb, 0x0, 0x0, 0x8f, 0xff, 0x40, 0x5, 0xff,
    0xf2, 0x0, 0x0, 0x2, 0xff, 0xfc, 0x0, 0x1,
    0xff, 0xf3, 0x0, 0x17, 0xbf, 0x90, 0x0, 0xa,
    0xff, 0xb0, 0x0, 0x0, 0x4e, 0xff, 0x20, 0x0,
    0x9, 0xfe, 0x50, 0xbf, 0xf7, 0x30, 0x0, 0x0,
    0x2f, 0xf9, 0x0, 0x0, 0x0, 0x7, 0x60, 0x0,
    0x0, 0x14, 0x0, 0x5, 0xff, 0xe0, 0x0, 0x0,
    0x0, 0x51, 0x0, 0x0, 0x0, 0x0, 0x88, 0x88,
    0x88, 0x88, 0x88, 0x88, 0x9f, 0xff, 0xb8, 0x88,
    0x88, 0x88, 0x88, 0x88, 0x82, 0x0, 0xe, 0xff,
    0xff, 0xff, 0xff, 0xff, 0xff, 0xff, 0xff, 0xff,
    0xff, 0xff, 0xff, 0xff, 0xff, 0x40, 0x0, 0xef,
    0xff, 0xff, 0xff, 0xff, 0xff, 0xff, 0xff, 0xff,
    0xff, 0xff, 0xff, 0xff, 0xff, 0xf4, 0x0, 0xe,
    0xff, 0x40, 0x0, 0x0, 0x0, 0x0, 0x0, 0x0,
    0x0, 0x0, 0x0, 0x0, 0x1f, 0xff, 0x40, 0x0,
    0xef, 0xf4, 0x45, 0x55, 0x55, 0x55, 0x55, 0x55,
    0x55, 0x55, 0x55, 0x55, 0x41, 0xff, 0xf4, 0x0,
    0xe, 0xff, 0x4e, 0xff, 0xff, 0xff, 0xff, 0xff,
    0xff, 0xff, 0xff, 0xff, 0xfe, 0x1f, 0xff, 0x40,
    0x0, 0x55, 0x51, 0xef, 0xff, 0xff, 0xff, 0xff,
    0xff, 0xff, 0xff, 0xff, 0xff, 0xe0, 0x55, 0x51,
    0x0, 0x0, 0x0, 0xe, 0xff, 0x81, 0x11, 0x11,
    0x11, 0x11, 0x11, 0x11, 0x6f, 0xfe, 0x0, 0x0,
    0x0, 0x0, 0x0, 0x0, 0xef, 0xf7, 0x0, 0x0,
    0x0, 0x0, 0x0, 0x0, 0x5, 0xff, 0xe0, 0x0,
    0x0, 0x0, 0x0, 0x0, 0xe, 0xff, 0xb6, 0x66,
    0x66, 0x66, 0x66, 0x66, 0x66, 0x9f, 0xfe, 0x0,
    0x0, 0x0, 0x0, 0x0, 0x0, 0xef, 0xff, 0xff,
    0xff, 0xff, 0xff, 0xff, 0xff, 0xff, 0xff, 0xe0,
    0x0, 0x0, 0x0, 0x0, 0x0, 0xe, 0xff, 0xff,
    0xff, 0xff, 0xff, 0xff, 0xff, 0xff, 0xff, 0xfe,
    0x0, 0x0, 0x0, 0x0, 0x0, 0x0, 0xef, 0xf7,
    0x0, 0x0, 0x0, 0x0, 0x0, 0x0, 0x0, 0x0,
    0x0, 0x0, 0x0, 0x0, 0x0, 0x0, 0xe, 0xff,
    0x70, 0x0, 0x0, 0x0, 0x0, 0x0, 0x0, 0x0,
    0x0, 0x0, 0x0, 0x0, 0x0, 0x0, 0x0, 0xef,
    0xff, 0xff, 0xff, 0xff, 0xff, 0xff, 0xff, 0xff,
    0xff, 0xff, 0xb0, 0x0, 0x0, 0x0, 0x0, 0xe,
    0xff, 0xff, 0xff, 0xff, 0xff, 0xff, 0xff, 0xff,
    0xff, 0xff, 0xfc, 0x0, 0x0, 0x0, 0x0, 0x0,
    0xef, 0xfc, 0x88, 0x88, 0x88, 0x88, 0x88, 0x88,
    0x88, 0x8c, 0xff, 0xc0, 0x0, 0x0, 0x0, 0x0,
    0xe, 0xff, 0x70, 0x0, 0x0, 0x0, 0x0, 0x0,
    0x0, 0x0, 0x7f, 0xfc, 0x0, 0x0, 0x0, 0x0,
    0x0, 0xef, 0xf7, 0x0, 0x0, 0x0, 0x0, 0x0,
    0x0, 0x0, 0x7, 0xff, 0xc0, 0x0, 0x0, 0x0,
    0x0, 0xe, 0xff, 0xc8, 0x88, 0x88, 0x88, 0x88,
    0x88, 0x88, 0x88, 0xcf, 0xfc, 0x0, 0x0, 0x0,
    0x0, 0x0, 0xef, 0xff, 0xff, 0xff, 0xff, 0xff,
    0xff, 0xff, 0xff, 0xff, 0xff, 0xc0, 0x0, 0x0,
    0x0, 0x0, 0xe, 0xff, 0xff, 0xff, 0xff, 0xff,
    0xff, 0xff, 0xff, 0xff, 0xff, 0xfc, 0x0, 0x0,
    0x0, 0x0, 0x0, 0xef, 0xf7, 0x0, 0x0, 0x0,
    0x0, 0x0, 0x0, 0x0, 0x7, 0xff, 0xc0, 0x0,
    0x0,

    /* U+7CFB "系" */
    0x0, 0x0, 0x0, 0x0, 0x0, 0x0, 0x0, 0x0,
    0x0, 0x0, 0x0, 0x0, 0x3, 0x60, 0x0, 0x0,
    0x0, 0x0, 0x0, 0x0, 0x0, 0x0, 0x0, 0x0,
    0x0, 0x13, 0x57, 0xad, 0xff, 0xfa, 0x0, 0x0,
    0x0, 0x0, 0x0, 0x2, 0x34, 0x56, 0x89, 0xab,
    0xdf, 0xff, 0xff, 0xff, 0xff, 0xff, 0x80, 0x0,
    0x0, 0x4d, 0xef, 0xff, 0xff, 0xff, 0xff, 0xff,
    0xff, 0xff, 0xff, 0xff, 0xff, 0xda, 0x60, 0x0,
    0x0, 0xf, 0xff, 0xff, 0xff, 0xff, 0xff, 0xff,
    0xff, 0xfe, 0xca, 0x85, 0x30, 0x0, 0x0, 0x0,
    0x0, 0xc, 0xff, 0xed, 0xdc, 0xba, 0xff, 0xff,
    0x82, 0x0, 0x0, 0x0, 0x0, 0x0, 0x0, 0x0,
    0x0, 0x0, 0x0, 0x0, 0x0, 0xa, 0xff, 0xf7,
    0x0, 0x0, 0x0, 0x2, 0x0, 0x0, 0x0, 0x0,
    0x0, 0x0, 0x0, 0x0, 0x0, 0xbf, 0xff, 0x70,
    0x0, 0x0, 0x1, 0xbf, 0x40, 0x0, 0x0, 0x0,
    0x0, 0x0, 0x0, 0x0, 0x1c, 0xff, 0xf5, 0x0,
    0x0, 0x0, 0x3e, 0xff, 0xf5, 0x0, 0x0, 0x0,
    0x0, 0x0, 0x0, 0x3, 0xef, 0xfe, 0x30, 0x0,
    0x0, 0x6, 0xff, 0xff, 0xb1, 0x0, 0x0, 0x0,
    0x0, 0x0, 0x0, 0x8f, 0xff, 0xc1, 0x0, 0x11,
    0x23, 0xaf, 0xff, 0xf6, 0x0, 0x0, 0x0, 0x0,
    0x0, 0x0, 0x4d, 0xff, 0xff, 0xee, 0xff, 0xff,
    0xff, 0xff, 0xfd, 0x20, 0x0, 0x0, 0x0, 0x0,
    0x0, 0x0, 0x3f, 0xff, 0xff, 0xff, 0xff, 0xff,
    0xff, 0xff, 0x80, 0x0, 0x0, 0x0, 0x0, 0x0,
    0x0, 0x0, 0xe, 0xff, 0xed, 0xcb, 0xae, 0xff,
    0xff, 0xe4, 0x0, 0x2, 0x60, 0x0, 0x0, 0x0,
    0x0, 0x0, 0x3, 0x20, 0x0, 0x2, 0xcf, 0xff,
    0xf8, 0x0, 0x0, 0xaf, 0xf8, 0x0, 0x0, 0x0,
    0x0, 0x0, 0x0, 0x0, 0x1, 0x9f, 0xff, 0xf9,
    0x10, 0x0, 0x0, 0x5f, 0xff, 0x80, 0x0, 0x0,
    0x0, 0x0, 0x0, 0x0, 0x7e, 0xff, 0xfb, 0x30,
    0x0, 0x0, 0x0, 0x5, 0xff, 0xf8, 0x0, 0x0,
    0x0, 0x0, 0x1, 0x7e, 0xff, 0xfd, 0x41, 0x23,
    0x45, 0x67, 0x89, 0xab, 0xff, 0xff, 0x70, 0x0,
    0x0, 0x5, 0x9f, 0xff, 0xff, 0xff, 0xff, 0xff,
    0xff, 0xff, 0xff, 0xff, 0xff, 0xff, 0xf5, 0x0,
    0x0, 0x2f, 0xff, 0xff, 0xff, 0xff, 0xff, 0xff,
    0xff, 0xff, 0xff, 0xff, 0xed, 0xdf, 0xff, 0x20,
    0x0, 0xd, 0xff, 0xff, 0xff, 0xfe, 0xdc, 0xaf,
    0xff, 0xa4, 0x32, 0x0, 0x0, 0xd, 0xff, 0xd0,
    0x0, 0x7, 0xb8, 0x64, 0x31, 0x0, 0x0, 0xe,
    0xff, 0x60, 0x0, 0x0, 0x0, 0x2, 0xff, 0xd2,
    0x0, 0x0, 0x0, 0x0, 0x40, 0x0, 0x0, 0xe,
    0xff, 0x60, 0x0, 0x6, 0x10, 0x0, 0x68, 0x0,
    0x0, 0x0, 0x0, 0x6, 0xff, 0xa3, 0x0, 0xe,
    0xff, 0x60, 0x3, 0xdf, 0xd3, 0x0, 0x0, 0x0,
    0x0, 0x0, 0x0, 0x4f, 0xff, 0xe2, 0x0, 0xe,
    0xff, 0x60, 0x8, 0xff, 0xff, 0x60, 0x0, 0x0,
    0x0, 0x0, 0x5, 0xff, 0xff, 0x40, 0x0, 0xe,
    0xff, 0x60, 0x0, 0x5f, 0xff, 0xf9, 0x0, 0x0,
    0x0, 0x0, 0x7f, 0xff, 0xf5, 0x0, 0x0, 0xe,
    0xff, 0x60, 0x0, 0x3, 0xef, 0xff, 0xc1, 0x0,
    0x0, 0x1b, 0xff, 0xff, 0x50, 0x0, 0x0, 0xe,
    0xff, 0x60, 0x0, 0x0, 0x1d, 0xff, 0xfd, 0x10,
    0x4, 0xef, 0xff, 0xf5, 0x0, 0x0, 0x0, 0xe,
    0xff, 0x60, 0x0, 0x0, 0x1, 0xcf, 0xff, 0xd1,
    0x8, 0xff, 0xfe, 0x30, 0x0, 0x32, 0x22, 0x3f,
    0xff, 0x60, 0x0, 0x0, 0x0, 0xb, 0xff, 0xf9,
    0x0, 0x3e, 0xc1, 0x0, 0x0, 0xef, 0xff, 0xff,
    0xff, 0x40, 0x0, 0x0, 0x0, 0x0, 0xcf, 0x60,
    0x0, 0x1, 0x0, 0x0, 0x0, 0x7f, 0xff, 0xff,
    0xfe, 0x0, 0x0, 0x0, 0x0, 0x0, 0x1, 0x0,
    0x0, 0x0, 0x0, 0x0, 0x0, 0x2f, 0xff, 0xeb,
    0x81, 0x0, 0x0, 0x0, 0x0, 0x0, 0x0, 0x0,

    /* U+7EA7 "级" */
    0x0, 0x0, 0x0, 0x2, 0x20, 0x0, 0x0, 0x0,
    0x0, 0x0, 0x0, 0x0, 0x0, 0x0, 0x0, 0x0,
    0x0, 0x0, 0x0, 0x0, 0x0, 0xaf, 0xa2, 0x0,
    0x0, 0x0, 0x0, 0x0, 0x0, 0x0, 0x0, 0x0,
    0x0, 0x0, 0x0, 0x0, 0x0, 0x0, 0x1f, 0xff,
    0x80, 0x0, 0x22, 0x22, 0x22, 0x22, 0x22, 0x22,
    0x22, 0x21, 0x0, 0x0, 0x0, 0x0, 0x0, 0x6,
    0xff, 0xf1, 0x0, 0xf, 0xff, 0xff, 0xff, 0xff,
    0xff, 0xff, 0xff, 0x90, 0x0, 0x0, 0x0, 0x0,
    0x0, 0xef, 0xf7, 0x0, 0x0, 0xff, 0xff, 0xff,
    0xff, 0xff, 0xff, 0xff, 0xf4, 0x0, 0x0, 0x0,
    0x0, 0x0, 0x6f, 0xfe, 0x0, 0x0, 0xe, 0xff,
    0xff, 0xff, 0xff, 0xff, 0xff, 0xff, 0x0, 0x0,
    0x0, 0x0, 0x0, 0xd, 0xff, 0x70, 0x0, 0x0,
    0x0, 0x5, 0xff, 0xf0, 0x0, 0x7, 0xff, 0xc0,
    0x0, 0x0, 0x0, 0x0, 0x6, 0xff, 0xe0, 0x0,
    0x10, 0x0, 0x0, 0x6f, 0xfd, 0x0, 0x0, 0xcf,
    0xf8, 0x0, 0x0, 0x0, 0x0, 0x0, 0xef, 0xf4,
    0x0, 0x2f, 0x70, 0x0, 0x7, 0xff, 0xc0, 0x0,
    0xf, 0xff, 0x30, 0x0, 0x0, 0x0, 0x0, 0x8f,
    0xfa, 0x0, 0xb, 0xff, 0xb0, 0x0, 0x8f, 0xfb,
    0x0, 0x4, 0xff, 0xe0, 0x0, 0x0, 0x0, 0x0,
    0x4f, 0xfe, 0x10, 0x4, 0xff, 0xf4, 0x0, 0x9,
    0xff, 0xa0, 0x0, 0x8f, 0xfa, 0x0, 0x0, 0x0,
    0x0, 0x2e, 0xff, 0x94, 0x67, 0xdf, 0xfa, 0x0,
    0x0, 0xaf, 0xf8, 0x0, 0xd, 0xff, 0x60, 0x1,
    0x0, 0x0, 0xe, 0xff, 0xff, 0xff, 0xff, 0xfe,
    0x10, 0x0, 0xb, 0xff, 0x70, 0x2, 0xff, 0xff,
    0xff, 0xfc, 0x50, 0x0, 0xaf, 0xff, 0xff, 0xff,
    0xff, 0x50, 0x0, 0x0, 0xdf, 0xf9, 0x0, 0x7f,
    0xff, 0xff, 0xff, 0xf8, 0x0, 0x5, 0xfe, 0xc9,
    0x7f, 0xff, 0xb0, 0x0, 0x0, 0xf, 0xff, 0xf0,
    0xb, 0xdd, 0xdd, 0xef, 0xff, 0x40, 0x0, 0x2,
    0x0, 0x8, 0xff, 0xe1, 0x0, 0x0, 0x1, 0xff,
    0xff, 0x60, 0x0, 0x0, 0x3, 0xff, 0xf0, 0x0,
    0x0, 0x0, 0x4, 0xff, 0xf3, 0x0, 0x0, 0x0,
    0x4f, 0xff, 0xfd, 0x0, 0x0, 0x0, 0x9f, 0xfc,
    0x0, 0x0, 0x0, 0x1, 0xef, 0xf6, 0x0, 0x5,
    0x20, 0x6, 0xff, 0xff, 0xf3, 0x0, 0x0, 0xe,
    0xff, 0x60, 0x0, 0x0, 0x0, 0xcf, 0xfa, 0x38,
    0xcf, 0xf5, 0x0, 0x9f, 0xff, 0xff, 0xb0, 0x0,
    0x4, 0xff, 0xf1, 0x0, 0x0, 0x0, 0xbf, 0xff,
    0xff, 0xff, 0xff, 0x60, 0xc, 0xff, 0xaf, 0xff,
    0x40, 0x0, 0xbf, 0xfb, 0x0, 0x0, 0x2, 0xbf,
    0xff, 0xff, 0xff, 0xfd, 0x82, 0x0, 0xef, 0xf4,
    0x9f, 0xfd, 0x0, 0x3f, 0xff, 0x30, 0x0, 0x0,
    0xbf, 0xff, 0xff, 0xfc, 0x72, 0x0, 0x0, 0x3f,
    0xff, 0x11, 0xff, 0xf8, 0xc, 0xff, 0xc0, 0x0,
    0x0, 0x5, 0xff, 0xfa, 0x51, 0x0, 0x0, 0x0,
    0x7, 0xff, 0xe0, 0x8, 0xff, 0xf8, 0xff, 0xf4,
    0x0, 0x0, 0x0, 0xc, 0x60, 0x0, 0x0, 0x0,
    0x4, 0x30, 0xcf, 0xf9, 0x0, 0xd, 0xff, 0xff,
    0xfb, 0x0, 0x0, 0x0, 0x0, 0x0, 0x0, 0x0,
    0x2, 0x8d, 0xf9, 0x2f, 0xff, 0x40, 0x0, 0x3f,
    0xff, 0xff, 0x20, 0x0, 0x0, 0x0, 0x0, 0x0,
    0x0, 0x6c, 0xff, 0xff, 0xd8, 0xff, 0xf0, 0x0,
    0x0, 0xcf, 0xff, 0xb0, 0x0, 0x0, 0x0, 0x0,
    0x0, 0x4a, 0xff, 0xff, 0xff, 0xd7, 0xef, 0xfa,
    0x0, 0x0, 0xaf, 0xff, 0xff, 0xb0, 0x0, 0x0,
    0x0, 0x29, 0xef, 0xff, 0xff, 0xfb, 0x40, 0x7f,
    0xff, 0x40, 0x0, 0xcf, 0xff, 0xff, 0xff, 0xc1,
    0x0, 0x0, 0x6, 0xff, 0xff, 0xfe, 0x81, 0x0,
    0xe, 0xff, 0xc0, 0x3, 0xdf, 0xff, 0xc3, 0xdf,
    0xff, 0xe5, 0x0, 0x0, 0x2f, 0xff, 0xb5, 0x0,
    0x0, 0xa, 0xff, 0xf5, 0x19, 0xff, 0xff, 0xc0,
    0x1, 0xcf, 0xff, 0xfb, 0x20, 0x0, 0xc8, 0x10,
    0x0, 0x0, 0x6, 0xff, 0xfc, 0x1e, 0xff, 0xff,
    0xa0, 0x0, 0x0, 0xbf, 0xff, 0xfb, 0x0, 0x0,
    0x0, 0x0, 0x0, 0x0, 0x3c, 0xff, 0x20, 0x4f,
    0xfe, 0x60, 0x0, 0x0, 0x0, 0x6e, 0xfc, 0x0,
    0x0, 0x0, 0x0, 0x0, 0x0, 0x0, 0x8, 0x70,
    0x0, 0x5a, 0x10, 0x0, 0x0, 0x0, 0x0, 0x1a,
    0x20, 0x0, 0x0, 0x0, 0x0, 0x0, 0x0, 0x0,
    0x0, 0x0, 0x0, 0x0, 0x0, 0x0, 0x0, 0x0,
    0x0, 0x0, 0x0,

    /* U+7EDC "络" */
    0x0, 0x0, 0x0, 0x1, 0x0, 0x0, 0x0, 0x0,
    0x0, 0x5, 0x95, 0x0, 0x0, 0x0, 0x0, 0x0,
    0x0, 0x0, 0x0, 0x0, 0x9, 0xe7, 0x0, 0x0,
    0x0, 0x0, 0xd, 0xff, 0x80, 0x0, 0x0, 0x0,
    0x0, 0x0, 0x0, 0x0, 0x0, 0xf, 0xff, 0xb0,
    0x0, 0x0, 0x0, 0x4f, 0xff, 0x10, 0x0, 0x0,
    0x0, 0x0, 0x0, 0x0, 0x0, 0x0, 0x6f, 0xff,
    0x30, 0x0, 0x0, 0x0, 0xdf, 0xfa, 0x0, 0x0,
    0x0, 0x1, 0x10, 0x0, 0x0, 0x0, 0x0, 0xdf,
    0xfb, 0x0, 0x0, 0x0, 0x6, 0xff, 0xff, 0xff,
    0xff, 0xff, 0xff, 0xf9, 0x0, 0x0, 0x0, 0x5,
    0xff, 0xf3, 0x0, 0x0, 0x0, 0x1e, 0xff, 0xff,
    0xff, 0xff, 0xff, 0xff, 0xff, 0x30, 0x0, 0x0,
    0xc, 0xff, 0xb0, 0x0, 0x0, 0x0, 0xcf, 0xff,
    0xff, 0xff, 0xff, 0xff, 0xff, 0xfc, 0x0, 0x0,
    0x0, 0x5f, 0xff, 0x30, 0x0, 0x0, 0x8, 0xff,
    0xfc, 0x0, 0x0, 0x0, 0x5, 0xff, 0xf3, 0x0,
    0x0, 0x0, 0xdf, 0xf9, 0x0, 0x1a, 0x10, 0x7f,
    0xff, 0xff, 0x70, 0x0, 0x0, 0x2f, 0xff, 0x90,
    0x0, 0x0, 0x7, 0xff, 0xe0, 0x0, 0xaf, 0xe9,
    0xff, 0xfe, 0xff, 0xf2, 0x0, 0x0, 0xcf, 0xfe,
    0x0, 0x0, 0x0, 0x2f, 0xff, 0x40, 0x3, 0xff,
    0xff, 0xff, 0xe1, 0xaf, 0xfe, 0x20, 0xc, 0xff,
    0xf3, 0x0, 0x0, 0x1, 0xdf, 0xfb, 0x13, 0x4c,
    0xff, 0xe3, 0xee, 0x20, 0xd, 0xff, 0xe3, 0xcf,
    0xff, 0x30, 0x0, 0x0, 0xd, 0xff, 0xff, 0xff,
    0xff, 0xff, 0x50, 0x53, 0x0, 0x2, 0xef, 0xff,
    0xff, 0xf4, 0x0, 0x0, 0x0, 0xa, 0xff, 0xff,
    0xff, 0xff, 0xfa, 0x0, 0x0, 0x0, 0x0, 0x3f,
    0xff, 0xff, 0x60, 0x0, 0x0, 0x0, 0x4, 0xff,
    0xfd, 0xbf, 0xff, 0xe1, 0x0, 0x0, 0x0, 0x6,
    0xef, 0xff, 0xff, 0xd5, 0x0, 0x0, 0x0, 0x0,
    0x62, 0x0, 0x7f, 0xff, 0x40, 0x0, 0x0, 0x5,
    0xdf, 0xff, 0xfe, 0xff, 0xff, 0xd5, 0x0, 0x0,
    0x0, 0x0, 0x3, 0xff, 0xf7, 0x0, 0x0, 0x39,
    0xef, 0xff, 0xff, 0x70, 0x5e, 0xff, 0xff, 0xe9,
    0x40, 0x0, 0x0, 0x1e, 0xff, 0xb0, 0x0, 0xd,
    0xff, 0xff, 0xff, 0xa1, 0x0, 0x0, 0x8f, 0xff,
    0xff, 0xfa, 0x0, 0x0, 0xcf, 0xfd, 0x1, 0x48,
    0xa9, 0xff, 0xff, 0xb3, 0x0, 0x0, 0x0, 0x2,
    0x9f, 0xff, 0xf3, 0x0, 0xc, 0xff, 0xfc, 0xdf,
    0xff, 0xe3, 0xfe, 0xb4, 0x22, 0x22, 0x22, 0x22,
    0x22, 0x23, 0x9d, 0xe0, 0x3, 0xcf, 0xff, 0xff,
    0xff, 0xff, 0xf0, 0x40, 0xff, 0xff, 0xff, 0xff,
    0xff, 0xff, 0xff, 0xf3, 0x10, 0x8, 0xff, 0xff,
    0xff, 0xfe, 0xa6, 0x20, 0x0, 0xff, 0xff, 0xff,
    0xff, 0xff, 0xff, 0xff, 0xf3, 0x0, 0x2, 0xff,
    0xfe, 0xa5, 0x20, 0x0, 0x0, 0x0, 0xff, 0xfb,
    0xbb, 0xbb, 0xbb, 0xbb, 0xff, 0xf3, 0x0, 0x0,
    0xb7, 0x20, 0x0, 0x0, 0x0, 0x0, 0x0, 0xff,
    0xf0, 0x0, 0x0, 0x0, 0x0, 0xef, 0xf3, 0x0,
    0x0, 0x0, 0x0, 0x0, 0x0, 0x0, 0x31, 0x0,
    0xff, 0xf0, 0x0, 0x0, 0x0, 0x0, 0xef, 0xf3,
    0x0, 0x0, 0x0, 0x0, 0x0, 0x4, 0x9e, 0xf5,
    0x0, 0xff, 0xf0, 0x0, 0x0, 0x0, 0x0, 0xef,
    0xf3, 0x0, 0x0, 0x0, 0x1, 0x6a, 0xff, 0xff,
    0xf8, 0x0, 0xff, 0xf0, 0x0, 0x0, 0x0, 0x0,
    0xef, 0xf3, 0x0, 0x0, 0x38, 0xcf, 0xff, 0xff,
    0xff, 0xb4, 0x0, 0xff, 0xf1, 0x0, 0x0, 0x0,
    0x0, 0xff, 0xf3, 0x0, 0x9, 0xff, 0xff, 0xff,
    0xfc, 0x61, 0x0, 0x0, 0xff, 0xff, 0xff, 0xff,
    0xff, 0xff, 0xff, 0xf3, 0x0, 0x6, 0xff, 0xff,
    0xd7, 0x20, 0x0, 0x0, 0x0, 0xff, 0xff, 0xff,
    0xff, 0xff, 0xff, 0xff, 0xf3, 0x0, 0x2, 0xfd,
    0x82, 0x0, 0x0, 0x0, 0x0, 0x0, 0xff, 0xfe,
    0xee, 0xee, 0xee, 0xee, 0xff, 0xf3, 0x0, 0x0,
    0x30, 0x0, 0x0, 0x0, 0x0, 0x0, 0x0, 0xff,
    0xf0, 0x0, 0x0, 0x0, 0x0, 0xef, 0xf3, 0x0,
    0x0, 0x0, 0x0, 0x0, 0x0, 0x0, 0x0, 0x0,
    0xff, 0xf0, 0x0, 0x0, 0x0, 0x0, 0xee, 0xe3,
    0x0,

    /* U+7EDF "统" */
    0x0, 0x0, 0x0, 0x8, 0x81, 0x0, 0x0, 0x0,
    0x0, 0x0, 0x15, 0x9a, 0x0, 0x0, 0x0, 0x0,
    0x0, 0x0, 0x0, 0x0, 0xe, 0xff, 0x90, 0x0,
    0x0, 0x0, 0x0, 0x3f, 0xff, 0x50, 0x0, 0x0,
    0x0, 0x0, 0x0, 0x0, 0x0, 0x5f, 0xff, 0x80,
    0x0, 0x0, 0x0, 0x0, 0xc, 0xff, 0xd0, 0x0,
    0x0, 0x0, 0x0, 0x0, 0x0, 0x0, 0xbf, 0xff,
    0x10, 0x0, 0x0, 0x0, 0x0, 0x5, 0xff, 0xf3,
    0x0, 0x0, 0x0, 0x0, 0x0, 0x0, 0x2, 0xff,
    0xf8, 0x0, 0x0, 0x0, 0x0, 0x0, 0x0, 0xff,
    0xc4, 0x0, 0x0, 0x0, 0x0, 0x0, 0x0, 0x9,
    0xff, 0xf1, 0x0, 0x0, 0xde, 0xee, 0xee, 0xee,
    0xff, 0xee, 0xee, 0xee, 0xee, 0xe3, 0x0, 0x0,
    0x1f, 0xff, 0x90, 0x0, 0x0, 0xef, 0xff, 0xff,
    0xff, 0xff, 0xff, 0xff, 0xff, 0xff, 0xf3, 0x0,
    0x0, 0x9f, 0xff, 0x10, 0x15, 0x0, 0xef, 0xff,
    0xff, 0xff, 0xff, 0xff, 0xff, 0xff, 0xff, 0xf3,
    0x0, 0x1, 0xff, 0xf6, 0x0, 0x8f, 0xa1, 0x11,
    0x11, 0x15, 0xff, 0xfa, 0x11, 0x11, 0x11, 0x11,
    0x10, 0x0, 0xa, 0xff, 0xc0, 0x1, 0xff, 0xfb,
    0x0, 0x0, 0x1e, 0xff, 0xe1, 0x0, 0x3, 0x50,
    0x0, 0x0, 0x0, 0x5f, 0xff, 0x30, 0x9, 0xff,
    0xf3, 0x0, 0x0, 0xaf, 0xff, 0x40, 0x0, 0xaf,
    0xf2, 0x0, 0x0, 0x2, 0xef, 0xfb, 0x46, 0x7f,
    0xff, 0xa0, 0x0, 0x5, 0xff, 0xf9, 0x0, 0x0,
    0xcf, 0xfc, 0x0, 0x0, 0xe, 0xff, 0xff, 0xff,
    0xff, 0xff, 0x10, 0x0, 0x2f, 0xff, 0xd0, 0x0,
    0x0, 0x2f, 0xff, 0x60, 0x0, 0xa, 0xff, 0xff,
    0xff, 0xff, 0xf7, 0x0, 0x0, 0xcf, 0xff, 0x30,
    0x0, 0x0, 0x8, 0xff, 0xf1, 0x0, 0x4, 0xff,
    0xff, 0xef, 0xff, 0xd0, 0x0, 0x2c, 0xff, 0xfb,
    0x57, 0x8a, 0xbd, 0xff, 0xff, 0xfa, 0x0, 0x0,
    0x95, 0x30, 0x8f, 0xff, 0x30, 0x7, 0xff, 0xff,
    0xff, 0xff, 0xff, 0xff, 0xff, 0xff, 0xff, 0x30,
    0x0, 0x0, 0x3, 0xff, 0xf8, 0x0, 0x4, 0xff,
    0xff, 0xff, 0xff, 0xff, 0xff, 0xff, 0xee, 0xff,
    0xc0, 0x0, 0x0, 0xd, 0xff, 0xc0, 0x0, 0x0,
    0xff, 0xff, 0xfd, 0xca, 0x86, 0x43, 0x10, 0x4,
    0xff, 0xf3, 0x0, 0x0, 0xaf, 0xff, 0x20, 0x0,
    0x10, 0x87, 0x45, 0x77, 0x50, 0x0, 0x78, 0x83,
    0x0, 0xce, 0x60, 0x0, 0x8, 0xff, 0xf8, 0x58,
    0xbe, 0xe0, 0x0, 0x8, 0xff, 0xc0, 0x0, 0xdf,
    0xf6, 0x0, 0x21, 0x0, 0x0, 0x7f, 0xff, 0xff,
    0xff, 0xff, 0xe0, 0x0, 0x9, 0xff, 0xb0, 0x0,
    0xdf, 0xf6, 0x0, 0x0, 0x0, 0x9, 0xff, 0xff,
    0xff, 0xff, 0xff, 0xb0, 0x0, 0xa, 0xff, 0xa0,
    0x0, 0xdf, 0xf6, 0x0, 0x0, 0x0, 0x5, 0xff,
    0xff, 0xfe, 0xb7, 0x30, 0x0, 0x0, 0xc, 0xff,
    0x80, 0x0, 0xdf, 0xf6, 0x0, 0x0, 0x0, 0x0,
    0xff, 0xa6, 0x20, 0x0, 0x0, 0x0, 0x0, 0xe,
    0xff, 0x60, 0x0, 0xdf, 0xf6, 0x0, 0x0, 0x0,
    0x0, 0x40, 0x0, 0x0, 0x0, 0x0, 0x0, 0x0,
    0x3f, 0xff, 0x30, 0x0, 0xdf, 0xf6, 0x0, 0x0,
    0x0, 0x0, 0x0, 0x0, 0x0, 0x0, 0x39, 0xd0,
    0x0, 0x7f, 0xfe, 0x0, 0x0, 0xdf, 0xf6, 0x0,
    0x18, 0x0, 0x0, 0x0, 0x0, 0x4, 0x9e, 0xff,
    0xf3, 0x0, 0xcf, 0xfa, 0x0, 0x0, 0xdf, 0xf6,
    0x0, 0x2f, 0xf7, 0x0, 0x0, 0x5a, 0xef, 0xff,
    0xff, 0xf5, 0x5, 0xff, 0xf6, 0x0, 0x0, 0xdf,
    0xf6, 0x0, 0x2f, 0xfa, 0x5, 0xbf, 0xff, 0xff,
    0xff, 0xe8, 0x20, 0x3f, 0xff, 0xe0, 0x0, 0x0,
    0xdf, 0xf6, 0x0, 0x4f, 0xf8, 0x7, 0xff, 0xff,
    0xfe, 0x93, 0x0, 0x5, 0xff, 0xff, 0x60, 0x0,
    0x0, 0xcf, 0xf7, 0x0, 0x6f, 0xf6, 0x4, 0xff,
    0xfa, 0x50, 0x0, 0x3, 0xbf, 0xff, 0xf9, 0x0,
    0x0, 0x0, 0xbf, 0xff, 0xed, 0xff, 0xf3, 0x0,
    0xb5, 0x0, 0x0, 0x0, 0x6, 0xff, 0xff, 0x90,
    0x0, 0x0, 0x0, 0x7f, 0xff, 0xff, 0xff, 0xd0,
    0x0, 0x0, 0x0, 0x0, 0x0, 0x0, 0x8f, 0xe6,
    0x0, 0x0, 0x0, 0x0, 0x9, 0xef, 0xff, 0xfc,
    0x20, 0x0, 0x0, 0x0, 0x0, 0x0, 0x0, 0x7,
    0x0, 0x0, 0x0, 0x0, 0x0, 0x0, 0x0, 0x0,
    0x0, 0x0,

    /* U+7F51 "网" */
    0x4, 0x44, 0x44, 0x44, 0x44, 0x44, 0x44, 0x44,
    0x44, 0x44, 0x44, 0x44, 0x44, 0x44, 0x44, 0x1,
    0xff, 0xff, 0xff, 0xff, 0xff, 0xff, 0xff, 0xff,
    0xff, 0xff, 0xff, 0xff, 0xff, 0xff, 0xf3, 0x1f,
    0xff, 0xff, 0xff, 0xff, 0xff, 0xff, 0xff, 0xff,
    0xff, 0xff, 0xff, 0xff, 0xff, 0xff, 0x31, 0xff,
    0xfe, 0xdd, 0xdd, 0xdd, 0xdd, 0xdd, 0xdd, 0xdd,
    0xdd, 0xdd, 0xdd, 0xde, 0xff, 0xf3, 0x1f, 0xff,
    0x30, 0x0, 0x0, 0x0, 0x0, 0x0, 0x0, 0x0,
    0x0, 0x0, 0x0, 0x1f, 0xff, 0x31, 0xff, 0xf3,
    0x0, 0x0, 0x0, 0x1, 0x0, 0x0, 0x0, 0x0,
    0x0, 0x0, 0x1, 0xff, 0xf3, 0x1f, 0xff, 0x30,
    0x0, 0x0, 0x6, 0xff, 0x80, 0x0, 0x0, 0x9,
    0xfd, 0x50, 0x1f, 0xff, 0x31, 0xff, 0xf3, 0x0,
    0x0, 0x0, 0x9f, 0xf7, 0x0, 0x0, 0x0, 0xcf,
    0xf4, 0x1, 0xff, 0xf3, 0x1f, 0xff, 0x30, 0x91,
    0x0, 0xc, 0xff, 0x40, 0x71, 0x0, 0xf, 0xff,
    0x10, 0x1f, 0xff, 0x31, 0xff, 0xf4, 0xbf, 0xc0,
    0x0, 0xff, 0xf2, 0xaf, 0xc0, 0x2, 0xff, 0xf0,
    0x1, 0xff, 0xf3, 0x1f, 0xff, 0x4d, 0xff, 0xa0,
    0x2f, 0xfe, 0xd, 0xff, 0x90, 0x5f, 0xfc, 0x0,
    0x1f, 0xff, 0x31, 0xff, 0xf3, 0x2e, 0xff, 0x75,
    0xff, 0xb0, 0x2e, 0xff, 0x78, 0xff, 0x80, 0x1,
    0xff, 0xf3, 0x1f, 0xff, 0x30, 0x4f, 0xff, 0xcf,
    0xf7, 0x0, 0x4f, 0xff, 0xdf, 0xf4, 0x0, 0x1f,
    0xff, 0x31, 0xff, 0xf3, 0x0, 0x7f, 0xff, 0xff,
    0x30, 0x0, 0x7f, 0xff, 0xff, 0x0, 0x1, 0xff,
    0xf3, 0x1f, 0xff, 0x30, 0x0, 0xbf, 0xff, 0xe0,
    0x0, 0x0, 0xbf, 0xff, 0xc0, 0x0, 0x1f, 0xff,
    0x31, 0xff, 0xf3, 0x0, 0x1, 0xdf, 0xfc, 0x0,
    0x0, 0x1, 0xef, 0xf9, 0x0, 0x1, 0xff, 0xf3,
    0x1f, 0xff, 0x30, 0x0, 0xc, 0xff, 0xf5, 0x0,
    0x0, 0xe, 0xff, 0xf1, 0x0, 0x1f, 0xff, 0x31,
    0xff, 0xf3, 0x0, 0x3, 0xff, 0xff, 0xf2, 0x0,
    0x4, 0xff, 0xff, 0xb0, 0x1, 0xff, 0xf3, 0x1f,
    0xff, 0x30, 0x0, 0xaf, 0xff, 0xff, 0xc0, 0x0,
    0xaf, 0xff, 0xff, 0x50, 0x1f, 0xff, 0x31, 0xff,
    0xf3, 0x0, 0x2f, 0xff, 0x4f, 0xff, 0x60, 0x2f,
    0xff, 0x7f, 0xfe, 0x1, 0xff, 0xf3, 0x1f, 0xff,
    0x30, 0x9, 0xff, 0xa0, 0x6f, 0xfb, 0xb, 0xff,
    0x80, 0xcf, 0xf7, 0x1f, 0xff, 0x31, 0xff, 0xf3,
    0x2, 0xff, 0xf3, 0x0, 0xcd, 0x14, 0xff, 0xf1,
    0x3, 0xff, 0xd2, 0xff, 0xf3, 0x1f, 0xff, 0x30,
    0xcf, 0xfa, 0x0, 0x2, 0x11, 0xef, 0xf8, 0x0,
    0xb, 0xd2, 0x1f, 0xff, 0x31, 0xff, 0xf3, 0x9f,
    0xff, 0x20, 0x0, 0x0, 0xaf, 0xfe, 0x10, 0x0,
    0x31, 0x1, 0xff, 0xf3, 0x1f, 0xff, 0xbf, 0xff,
    0x50, 0x0, 0x0, 0x9f, 0xff, 0x30, 0x0, 0x0,
    0x0, 0x1f, 0xff, 0x31, 0xff, 0xf7, 0xdf, 0x90,
    0x0, 0x0, 0x1c, 0xff, 0x70, 0x0, 0x0, 0x0,
    0x1, 0xff, 0xf3, 0x1f, 0xff, 0x30, 0x80, 0x0,
    0x0, 0x0, 0x8, 0xa0, 0x0, 0x0, 0x0, 0x0,
    0x2f, 0xff, 0x31, 0xff, 0xf3, 0x0, 0x0, 0x0,
    0x0, 0x0, 0x0, 0x0, 0x1, 0x44, 0x33, 0x38,
    0xff, 0xf2, 0x1f, 0xff, 0x30, 0x0, 0x0, 0x0,
    0x0, 0x0, 0x0, 0x0, 0x1f, 0xff, 0xff, 0xff,
    0xff, 0x1, 0xff, 0xf3, 0x0, 0x0, 0x0, 0x0,
    0x0, 0x0, 0x0, 0x0, 0xaf, 0xff, 0xff, 0xff,
    0x80, 0x1f, 0xff, 0x30, 0x0, 0x0, 0x0, 0x0,
    0x0, 0x0, 0x0, 0x5, 0xff, 0xfe, 0xda, 0x40,
    0x0,

    /* U+7F6E "置" */
    0x0, 0x3, 0x33, 0x33, 0x33, 0x33, 0x33, 0x33,
    0x33, 0x33, 0x33, 0x33, 0x33, 0x33, 0x33, 0x10,
    0x0, 0x1, 0xff, 0xff, 0xff, 0xff, 0xff, 0xff,
    0xff, 0xff, 0xff, 0xff, 0xff, 0xff, 0xff, 0xf6,
    0x0, 0x0, 0x1f, 0xff, 0xff, 0xff, 0xff, 0xff,
    0xff, 0xff, 0xff, 0xff, 0xff, 0xff, 0xff, 0xff,
    0x60, 0x0, 0x1, 0xff, 0xf1, 0x0, 0x1, 0xff,
    0xf0, 0x0, 0x1, 0xff, 0xf0, 0x0, 0x0, 0xef,
    0xf6, 0x0, 0x0, 0x1f, 0xff, 0x10, 0x0, 0xf,
    0xff, 0x0, 0x0, 0xf, 0xff, 0x0, 0x0, 0xe,
    0xff, 0x60, 0x0, 0x1, 0xff, 0xf5, 0x44, 0x45,
    0xff, 0xf4, 0x44, 0x45, 0xff, 0xf4, 0x44, 0x44,
    0xff, 0xf6, 0x0, 0x0, 0x1f, 0xff, 0xff, 0xff,
    0xff, 0xff, 0xff, 0xff, 0xff, 0xff, 0xff, 0xff,
    0xff, 0xff, 0x60, 0x0, 0x1, 0xff, 0xff, 0xff,
    0xff, 0xff, 0xff, 0xff, 0xff, 0xff, 0xff, 0xff,
    0xff, 0xff, 0xf6, 0x0, 0x0, 0x0, 0x0, 0x0,
    0x0, 0x0, 0x0, 0x7f, 0xfe, 0x0, 0x0, 0x0,
    0x0, 0x0, 0x0, 0x0, 0x0, 0x23, 0x33, 0x33,
    0x33, 0x33, 0x33, 0x3a, 0xff, 0xc3, 0x33, 0x33,
    0x33, 0x33, 0x33, 0x33, 0x10, 0xa, 0xff, 0xff,
    0xff, 0xff, 0xff, 0xff, 0xff, 0xff, 0xff, 0xff,
    0xff, 0xff, 0xff, 0xff, 0xf4, 0x0, 0xaf, 0xff,
    0xff, 0xff, 0xff, 0xff, 0xff, 0xff, 0xff, 0xff,
    0xff, 0xff, 0xff, 0xff, 0xff, 0x40, 0x2, 0x44,
    0x44, 0x44, 0x44, 0x44, 0x44, 0xff, 0xf5, 0x44,
    0x44, 0x44, 0x44, 0x44, 0x44, 0x41, 0x0, 0x0,
    0x0, 0x0, 0x0, 0x0, 0x0, 0x3f, 0xfe, 0x0,
    0x0, 0x0, 0x0, 0x0, 0x0, 0x0, 0x0, 0x0,
    0x0, 0xa, 0xff, 0xff, 0xff, 0xff, 0xff, 0xff,
    0xff, 0xff, 0xff, 0xff, 0xf9, 0x0, 0x0, 0x0,
    0x0, 0x0, 0xaf, 0xff, 0xff, 0xff, 0xff, 0xff,
    0xff, 0xff, 0xff, 0xff, 0xff, 0x90, 0x0, 0x0,
    0x0, 0x0, 0xa, 0xff, 0x82, 0x22, 0x22, 0x22,
    0x22, 0x22, 0x22, 0x22, 0xbf, 0xf9, 0x0, 0x0,
    0x0, 0x0, 0x0, 0xaf, 0xf7, 0x0, 0x0, 0x0,
    0x0, 0x0, 0x0, 0x0, 0xa, 0xff, 0x90, 0x0,
    0x0, 0x0, 0x0, 0xa, 0xff, 0xff, 0xff, 0xff,
    0xff, 0xff, 0xff, 0xff, 0xff, 0xff, 0xf9, 0x0,
    0x0, 0x0, 0x0, 0x0, 0xaf, 0xfe, 0xcc, 0xcc,
    0xcc, 0xcc, 0xcc, 0xcc, 0xcc, 0xce, 0xff, 0x90,
    0x0, 0x0, 0x0, 0x0, 0xa, 0xff, 0x70, 0x0,
    0x0, 0x0, 0x0, 0x0, 0x0, 0x0, 0xaf, 0xf9,
    0x0, 0x0, 0x0, 0x0, 0x0, 0xaf, 0xfd, 0xbb,
    0xbb, 0xbb, 0xbb, 0xbb, 0xbb, 0xbb, 0xbe, 0xff,
    0x90, 0x0, 0x0, 0x0, 0x0, 0xa, 0xff, 0xff,
    0xff, 0xff, 0xff, 0xff, 0xff, 0xff, 0xff, 0xff,
    0xf9, 0x0, 0x0, 0x0, 0x0, 0x0, 0xaf, 0xf7,
    0x0, 0x0, 0x0, 0x0, 0x0, 0x0, 0x0, 0xa,
    0xff, 0x90, 0x0, 0x0, 0x0, 0x0, 0xa, 0xff,
    0x70, 0x0, 0x0, 0x0, 0x0, 0x0, 0x0, 0x0,
    0xaf, 0xf9, 0x0, 0x0, 0x0, 0x0, 0x0, 0xaf,
    0xff, 0xff, 0xff, 0xff, 0xff, 0xff, 0xff, 0xff,
    0xff, 0xff, 0x90, 0x0, 0x0, 0x0, 0x0, 0xa,
    0xff, 0xec, 0xcc, 0xcc, 0xcc, 0xcc, 0xcc, 0xcc,
    0xcc, 0xef, 0xf9, 0x0, 0x0, 0x0, 0x0, 0x0,
    0xaf, 0xf7, 0x0, 0x0, 0x0, 0x0, 0x0, 0x0,
    0x0, 0xa, 0xff, 0x90, 0x0, 0x0, 0x7, 0x77,
    0x7c, 0xff, 0xb7, 0x77, 0x77, 0x77, 0x77, 0x77,
    0x77, 0x77, 0xcf, 0xfc, 0x77, 0x77, 0x11, 0xff,
    0xff, 0xff, 0xff, 0xff, 0xff, 0xff, 0xff, 0xff,
    0xff, 0xff, 0xff, 0xff, 0xff, 0xff, 0xf3, 0x1f,
    0xff, 0xff, 0xff, 0xff, 0xff, 0xff, 0xff, 0xff,
    0xff, 0xff, 0xff, 0xff, 0xff, 0xff, 0xff, 0x30,

    /* U+8054 "联" */
    0x0, 0x0, 0x0, 0x0, 0x0, 0x0, 0x0, 0x0,
    0x7, 0xb0, 0x0, 0x0, 0x0, 0x2c, 0x73, 0x0,
    0x0, 0x6f, 0xff, 0xff, 0xff, 0xff, 0xff, 0xfe,
    0x0, 0xef, 0xf9, 0x0, 0x0, 0x0, 0x9f, 0xff,
    0x20, 0x0, 0x6f, 0xff, 0xff, 0xff, 0xff, 0xff,
    0xfe, 0x0, 0x6f, 0xff, 0x50, 0x0, 0x1, 0xff,
    0xf8, 0x0, 0x0, 0x6e, 0xff, 0xff, 0xee, 0xef,
    0xff, 0xfd, 0x0, 0xa, 0xff, 0xe1, 0x0, 0x8,
    0xff, 0xe0, 0x0, 0x0, 0x0, 0xaf, 0xf3, 0x0,
    0x5, 0xff, 0x80, 0x0, 0x1, 0xff, 0xf9, 0x0,
    0x1f, 0xff, 0x50, 0x0, 0x0, 0x0, 0xaf, 0xf3,
    0x0, 0x5, 0xff, 0x80, 0x0, 0x0, 0x7f, 0xf8,
    0x0, 0xaf, 0xfb, 0x0, 0x0, 0x0, 0x0, 0xaf,
    0xf3, 0x0, 0x5, 0xff, 0x80, 0x4, 0x44, 0x4d,
    0x64, 0x46, 0xff, 0xf6, 0x44, 0x41, 0x0, 0x0,
    0xaf, 0xf3, 0x0, 0x5, 0xff, 0x80, 0xf, 0xff,
    0xff, 0xff, 0xff, 0xff, 0xff, 0xff, 0xf6, 0x0,
    0x0, 0xaf, 0xfc, 0xbb, 0xbd, 0xff, 0x80, 0xf,
    0xff, 0xff, 0xff, 0xff, 0xff, 0xff, 0xff, 0xf6,
    0x0, 0x0, 0xaf, 0xff, 0xff, 0xff, 0xff, 0x80,
    0xb, 0xbb, 0xbb, 0xbf, 0xff, 0xdb, 0xbb, 0xbb,
    0xb5, 0x0, 0x0, 0xaf, 0xff, 0xff, 0xff, 0xff,
    0x80, 0x0, 0x0, 0x0, 0xe, 0xff, 0x60, 0x0,
    0x0, 0x0, 0x0, 0x0, 0xaf, 0xf4, 0x0, 0x5,
    0xff, 0x80, 0x0, 0x0, 0x0, 0xe, 0xff, 0x60,
    0x0, 0x0, 0x0, 0x0, 0x0, 0xaf, 0xf3, 0x0,
    0x5, 0xff, 0x80, 0x0, 0x0, 0x0, 0xe, 0xff,
    0x60, 0x0, 0x0, 0x0, 0x0, 0x0, 0xaf, 0xf3,
    0x0, 0x5, 0xff, 0x80, 0x0, 0x0, 0x0, 0xe,
    0xff, 0x60, 0x0, 0x0, 0x0, 0x0, 0x0, 0xaf,
    0xf3, 0x0, 0x5, 0xff, 0x80, 0x0, 0x0, 0x0,
    0xe, 0xff, 0x60, 0x0, 0x0, 0x0, 0x0, 0x0,
    0xaf, 0xfd, 0xcc, 0xcd, 0xff, 0x80, 0xac, 0xcc,
    0xcc, 0xcf, 0xff, 0xdc, 0xcc, 0xcc, 0xcc, 0x70,
    0x0, 0xaf, 0xff, 0xff, 0xff, 0xff, 0x80, 0xdf,
    0xff, 0xff, 0xff, 0xff, 0xff, 0xff, 0xff, 0xff,
    0x90, 0x0, 0xaf, 0xff, 0xff, 0xff, 0xff, 0x80,
    0xdf, 0xff, 0xff, 0xff, 0xff, 0xff, 0xff, 0xff,
    0xff, 0x90, 0x0, 0xaf, 0xf3, 0x0, 0x5, 0xff,
    0x80, 0x34, 0x44, 0x44, 0x8f, 0xff, 0x84, 0x44,
    0x44, 0x44, 0x20, 0x0, 0xaf, 0xf3, 0x0, 0x5,
    0xff, 0x80, 0x0, 0x0, 0x0, 0x8f, 0xff, 0xa0,
    0x0, 0x0, 0x0, 0x0, 0x0, 0xaf, 0xf3, 0x0,
    0x5, 0xff, 0x80, 0x0, 0x0, 0x0, 0xcf, 0xff,
    0xf1, 0x0, 0x0, 0x0, 0x0, 0x0, 0xaf, 0xf3,
    0x0, 0x5, 0xff, 0x81, 0x40, 0x0, 0x1, 0xff,
    0xff, 0xf7, 0x0, 0x0, 0x0, 0x0, 0x0, 0xaf,
    0xf3, 0x2, 0x5a, 0xff, 0xff, 0xf3, 0x0, 0x9,
    0xff, 0xff, 0xff, 0x10, 0x0, 0x0, 0x0, 0x13,
    0xcf, 0xfe, 0xff, 0xff, 0xff, 0xff, 0xf4, 0x0,
    0x1f, 0xff, 0xbd, 0xff, 0xa0, 0x0, 0x0, 0x0,
    0xaf, 0xff, 0xff, 0xff, 0xff, 0xff, 0xfd, 0xa2,
    0x0, 0x9f, 0xff, 0x35, 0xff, 0xf5, 0x0, 0x0,
    0x0, 0x7f, 0xff, 0xff, 0xfe, 0xbb, 0xff, 0x80,
    0x0, 0x4, 0xff, 0xfb, 0x0, 0xcf, 0xff, 0x30,
    0x0, 0x0, 0x3f, 0xc9, 0x64, 0x10, 0x5, 0xff,
    0x80, 0x0, 0x2f, 0xff, 0xf1, 0x0, 0x2f, 0xff,
    0xf3, 0x0, 0x0, 0x0, 0x0, 0x0, 0x0, 0x5,
    0xff, 0x80, 0x2, 0xef, 0xff, 0x50, 0x0, 0x6,
    0xff, 0xff, 0x50, 0x0, 0x0, 0x0, 0x0, 0x0,
    0x5, 0xff, 0x80, 0x4f, 0xff, 0xf8, 0x0, 0x0,
    0x0, 0x9f, 0xff, 0xfb, 0x20, 0x0, 0x0, 0x0,
    0x0, 0x5, 0xff, 0x88, 0xff, 0xff, 0x90, 0x0,
    0x0, 0x0, 0x8, 0xff, 0xff, 0xb0, 0x0, 0x0,
    0x0, 0x0, 0x5, 0xff, 0x89, 0xff, 0xf8, 0x0,
    0x0, 0x0, 0x0, 0x0, 0x6f, 0xfd, 0x0, 0x0,
    0x0, 0x0, 0x0, 0x5, 0xff, 0x80, 0x8f, 0x50,
    0x0, 0x0, 0x0, 0x0, 0x0, 0x2, 0xb3, 0x0,
    0x0, 0x0, 0x0, 0x0, 0x0, 0x0, 0x0, 0x2,
    0x0, 0x0, 0x0, 0x0, 0x0, 0x0, 0x0, 0x0,
    0x0,

    /* U+80FD "能" */
    0x0, 0x0, 0x3, 0x62, 0x0, 0x0, 0x0, 0x0,
    0x0, 0x77, 0x71, 0x0, 0x0, 0x0, 0x0, 0x0,
    0x0, 0x0, 0x0, 0xcf, 0xfd, 0x0, 0x0, 0x0,
    0x0, 0xf, 0xff, 0x30, 0x0, 0x0, 0x0, 0x0,
    0x0, 0x0, 0x0, 0x5f, 0xff, 0x90, 0x1, 0x20,
    0x0, 0x0, 0xff, 0xf3, 0x0, 0x0, 0x0, 0x0,
    0x0, 0x0, 0x0, 0xd, 0xff, 0xe1, 0x2b, 0xfe,
    0x0, 0x0, 0xf, 0xff, 0x30, 0x0, 0x1, 0x8e,
    0x30, 0x0, 0x0, 0x6, 0xff, 0xf6, 0x0, 0xdf,
    0xf9, 0x0, 0x0, 0xff, 0xf3, 0x0, 0x39, 0xff,
    0xfe, 0x20, 0x0, 0x1, 0xff, 0xfa, 0x0, 0x4,
    0xff, 0xf3, 0x0, 0xf, 0xff, 0x56, 0xdf, 0xff,
    0xff, 0xd5, 0x0, 0x0, 0xcf, 0xfe, 0x10, 0x0,
    0xb, 0xff, 0xd0, 0x0, 0xff, 0xff, 0xff, 0xff,
    0xfa, 0x30, 0x0, 0x1, 0xbf, 0xff, 0xa7, 0x89,
    0xab, 0xdf, 0xff, 0x60, 0xf, 0xff, 0xff, 0xfb,
    0x61, 0x0, 0x0, 0x0, 0x1f, 0xff, 0xff, 0xff,
    0xff, 0xff, 0xff, 0xfe, 0x0, 0xff, 0xfb, 0x50,
    0x0, 0x0, 0x0, 0x0, 0x0, 0xbf, 0xff, 0xff,
    0xff, 0xed, 0xcb, 0xff, 0xf5, 0xf, 0xff, 0x30,
    0x0, 0x0, 0x0, 0x64, 0x0, 0x5, 0xb8, 0x64,
    0x31, 0x0, 0x0, 0xb, 0xfb, 0x30, 0xff, 0xf3,
    0x0, 0x0, 0x0, 0xa, 0xfe, 0x30, 0x0, 0x0,
    0x0, 0x0, 0x0, 0x0, 0x22, 0x0, 0xf, 0xff,
    0x40, 0x0, 0x0, 0x0, 0xcf, 0xf3, 0x0, 0x0,
    0x0, 0x0, 0x0, 0x0, 0x0, 0x0, 0x0, 0xef,
    0xf7, 0x0, 0x0, 0x0, 0x2f, 0xff, 0x10, 0xd,
    0xff, 0xff, 0xff, 0xff, 0xff, 0xff, 0x0, 0xc,
    0xff, 0xff, 0xff, 0xff, 0xff, 0xff, 0xc0, 0x0,
    0xdf, 0xff, 0xff, 0xff, 0xff, 0xff, 0xf0, 0x0,
    0x6f, 0xff, 0xff, 0xff, 0xff, 0xff, 0xf5, 0x0,
    0xd, 0xff, 0xcb, 0xbb, 0xbb, 0xdf, 0xff, 0x0,
    0x0, 0x5c, 0xdf, 0xff, 0xff, 0xfe, 0xc5, 0x0,
    0x0, 0xdf, 0xf3, 0x0, 0x0, 0x4, 0xff, 0xf0,
    0x0, 0x0, 0x0, 0x0, 0x0, 0x0, 0x0, 0x0,
    0x0, 0xd, 0xff, 0x30, 0x0, 0x0, 0x4f, 0xff,
    0x0, 0xc, 0xcc, 0x30, 0x0, 0x0, 0x0, 0x0,
    0x0, 0x0, 0xdf, 0xfa, 0x88, 0x88, 0x8b, 0xff,
    0xf0, 0x0, 0xff, 0xf4, 0x0, 0x0, 0x0, 0x10,
    0x0, 0x0, 0xd, 0xff, 0xff, 0xff, 0xff, 0xff,
    0xff, 0x0, 0xf, 0xff, 0x40, 0x0, 0x0, 0x7e,
    0xa0, 0x0, 0x0, 0xdf, 0xff, 0xff, 0xff, 0xff,
    0xff, 0xf0, 0x0, 0xff, 0xf4, 0x0, 0x17, 0xef,
    0xff, 0x90, 0x0, 0xd, 0xff, 0x30, 0x0, 0x0,
    0x4f, 0xff, 0x0, 0xf, 0xff, 0x44, 0xbf, 0xff,
    0xff, 0xe7, 0x0, 0x0, 0xdf, 0xf3, 0x0, 0x0,
    0x4, 0xff, 0xf0, 0x0, 0xff, 0xff, 0xff, 0xff,
    0xfc, 0x60, 0x0, 0x0, 0xd, 0xff, 0xa8, 0x88,
    0x88, 0xaf, 0xff, 0x0, 0xf, 0xff, 0xff, 0xfd,
    0x82, 0x0, 0x0, 0x0, 0x0, 0xdf, 0xff, 0xff,
    0xff, 0xff, 0xff, 0xf0, 0x0, 0xff, 0xfd, 0x72,
    0x0, 0x0, 0x0, 0x0, 0x0, 0xd, 0xff, 0xff,
    0xff, 0xff, 0xff, 0xff, 0x0, 0xf, 0xff, 0x40,
    0x0, 0x0, 0x0, 0x24, 0x0, 0x0, 0xdf, 0xf3,
    0x0, 0x0, 0x4, 0xff, 0xf0, 0x0, 0xff, 0xf4,
    0x0, 0x0, 0x0, 0x4, 0xfd, 0x50, 0xd, 0xff,
    0x30, 0x0, 0x0, 0x4f, 0xff, 0x0, 0xf, 0xff,
    0x40, 0x0, 0x0, 0x0, 0x5f, 0xf9, 0x0, 0xdf,
    0xf3, 0x0, 0x0, 0x4, 0xff, 0xf0, 0x0, 0xff,
    0xf4, 0x0, 0x0, 0x0, 0x8, 0xff, 0x70, 0xd,
    0xff, 0x30, 0x0, 0x0, 0x5f, 0xfe, 0x0, 0xe,
    0xff, 0x70, 0x0, 0x0, 0x0, 0xdf, 0xf5, 0x0,
    0xdf, 0xf3, 0x1, 0xcb, 0xbe, 0xff, 0xc0, 0x0,
    0xcf, 0xff, 0xfe, 0xee, 0xee, 0xff, 0xff, 0x10,
    0xd, 0xff, 0x30, 0xa, 0xff, 0xff, 0xf8, 0x0,
    0x5, 0xff, 0xff, 0xff, 0xff, 0xff, 0xff, 0x90,
    0x0, 0xdf, 0xf3, 0x0, 0x5f, 0xed, 0xa6, 0x0,
    0x0, 0x5, 0xce, 0xff, 0xff, 0xff, 0xfd, 0x70,
    0x0,

    /* U+8131 "脱" */
    0x0, 0x0, 0x0, 0x0, 0x0, 0x0, 0x0, 0x0,
    0x0, 0x0, 0x0, 0x0, 0x0, 0x1, 0x0, 0x0,
    0x0, 0x0, 0x0, 0x0, 0x0, 0x0, 0x0, 0x0,
    0x0, 0x2, 0x9f, 0x80, 0x0, 0x0, 0x0, 0x9f,
    0xb6, 0x0, 0x0, 0x0, 0xc, 0xff, 0xff, 0xff,
    0xff, 0xf0, 0x0, 0x7f, 0xff, 0x20, 0x0, 0x0,
    0xe, 0xff, 0xd0, 0x0, 0x0, 0x0, 0xcf, 0xff,
    0xff, 0xff, 0xff, 0x0, 0x0, 0xef, 0xfc, 0x0,
    0x0, 0x5, 0xff, 0xf5, 0x0, 0x0, 0x0, 0xc,
    0xff, 0xff, 0xff, 0xff, 0xf0, 0x0, 0x5, 0xff,
    0xf4, 0x0, 0x0, 0xcf, 0xfd, 0x0, 0x0, 0x0,
    0x0, 0xcf, 0xf0, 0x0, 0xe, 0xff, 0x0, 0x0,
    0xe, 0xff, 0xc0, 0x0, 0x4f, 0xff, 0x40, 0x0,
    0x0, 0x0, 0xc, 0xff, 0x0, 0x0, 0xef, 0xf0,
    0x0, 0x0, 0x7f, 0xff, 0x10, 0xc, 0xff, 0xb0,
    0x0, 0x0, 0x0, 0x0, 0xcf, 0xf0, 0x0, 0xe,
    0xff, 0x0, 0x55, 0x57, 0xfc, 0x65, 0x57, 0xff,
    0xf8, 0x55, 0x40, 0x0, 0x0, 0xc, 0xff, 0x0,
    0x0, 0xef, 0xf0, 0xe, 0xff, 0xff, 0xff, 0xff,
    0xff, 0xff, 0xff, 0xfc, 0x0, 0x0, 0x0, 0xcf,
    0xf1, 0x0, 0xe, 0xff, 0x0, 0xef, 0xff, 0xff,
    0xff, 0xff, 0xff, 0xff, 0xff, 0xc0, 0x0, 0x0,
    0xc, 0xff, 0xff, 0xff, 0xff, 0xf0, 0xe, 0xff,
    0xa7, 0x77, 0x77, 0x77, 0x77, 0xcf, 0xfc, 0x0,
    0x0, 0x0, 0xcf, 0xff, 0xff, 0xff, 0xff, 0x0,
    0xef, 0xf5, 0x0, 0x0, 0x0, 0x0, 0x9, 0xff,
    0xc0, 0x0, 0x0, 0xc, 0xff, 0xff, 0xff, 0xff,
    0xf0, 0xe, 0xff, 0x50, 0x0, 0x0, 0x0, 0x0,
    0x9f, 0xfc, 0x0, 0x0, 0x0, 0xcf, 0xf0, 0x0,
    0xe, 0xff, 0x0, 0xef, 0xf5, 0x0, 0x0, 0x0,
    0x0, 0x9, 0xff, 0xc0, 0x0, 0x0, 0xc, 0xff,
    0x0, 0x0, 0xef, 0xf0, 0xe, 0xff, 0x50, 0x0,
    0x0, 0x0, 0x0, 0x9f, 0xfc, 0x0, 0x0, 0x0,
    0xcf, 0xf0, 0x0, 0xe, 0xff, 0x0, 0xef, 0xf5,
    0x0, 0x0, 0x0, 0x0, 0x9, 0xff, 0xc0, 0x0,
    0x0, 0xc, 0xff, 0x0, 0x0, 0xef, 0xf0, 0xe,
    0xff, 0xff, 0xff, 0xff, 0xff, 0xff, 0xff, 0xfc,
    0x0, 0x0, 0x0, 0xdf, 0xf0, 0x0, 0xe, 0xff,
    0x0, 0xef, 0xff, 0xff, 0xff, 0xff, 0xff, 0xff,
    0xff, 0xc0, 0x0, 0x0, 0xd, 0xff, 0xff, 0xff,
    0xff, 0xf0, 0xc, 0xdd, 0xef, 0xff, 0xdd, 0xef,
    0xff, 0xdd, 0xda, 0x0, 0x0, 0x0, 0xef, 0xff,
    0xff, 0xff, 0xff, 0x0, 0x0, 0x6, 0xff, 0xf0,
    0x5, 0xff, 0xe0, 0x0, 0x0, 0x0, 0x0, 0xf,
    0xff, 0xff, 0xff, 0xff, 0xf0, 0x0, 0x0, 0x8f,
    0xfd, 0x0, 0x5f, 0xfe, 0x0, 0x0, 0x0, 0x0,
    0x0, 0xff, 0xd1, 0x11, 0x1e, 0xff, 0x0, 0x0,
    0x9, 0xff, 0xc0, 0x5, 0xff, 0xe0, 0x0, 0x0,
    0x0, 0x0, 0xf, 0xfa, 0x0, 0x0, 0xef, 0xf0,
    0x0, 0x0, 0xbf, 0xfa, 0x0, 0x5f, 0xfe, 0x0,
    0x0, 0x0, 0x0, 0x2, 0xff, 0x90, 0x0, 0xe,
    0xff, 0x0, 0x0, 0xf, 0xff, 0x70, 0x5, 0xff,
    0xe0, 0x0, 0x0, 0x0, 0x0, 0x4f, 0xf7, 0x0,
    0x0, 0xef, 0xf0, 0x0, 0x4, 0xff, 0xf3, 0x0,
    0x5f, 0xfe, 0x0, 0x0, 0x0, 0x0, 0x7, 0xff,
    0x50, 0x0, 0xe, 0xff, 0x0, 0x0, 0x8f, 0xfe,
    0x0, 0x5, 0xff, 0xe0, 0x0, 0x50, 0x0, 0x0,
    0x9f, 0xf3, 0x0, 0x0, 0xef, 0xf0, 0x0, 0x1f,
    0xff, 0x90, 0x0, 0x5f, 0xfe, 0x0, 0xc, 0xe8,
    0x0, 0xb, 0xff, 0x10, 0x0, 0xe, 0xff, 0x0,
    0xa, 0xff, 0xf3, 0x0, 0x5, 0xff, 0xe0, 0x0,
    0xcf, 0xf0, 0x0, 0xff, 0xe0, 0x0, 0x0, 0xef,
    0xf0, 0x5, 0xff, 0xfb, 0x0, 0x0, 0x5f, 0xfe,
    0x0, 0xe, 0xff, 0x0, 0x4f, 0xfa, 0x0, 0x0,
    0xe, 0xff, 0x5, 0xff, 0xff, 0x20, 0x0, 0x4,
    0xff, 0xf2, 0x13, 0xff, 0xd0, 0x9, 0xff, 0x70,
    0x3f, 0xff, 0xff, 0xfb, 0xff, 0xff, 0x40, 0x0,
    0x0, 0x2f, 0xff, 0xff, 0xff, 0xf9, 0x0, 0xef,
    0xf2, 0x0, 0xef, 0xff, 0xfa, 0xbf, 0xff, 0x40,
    0x0, 0x0, 0x0, 0xdf, 0xff, 0xff, 0xff, 0x30,
    0x2, 0xac, 0x0, 0xa, 0xff, 0xd8, 0x0, 0xec,
    0x20, 0x0, 0x0, 0x0, 0x2, 0xad, 0xee, 0xeb,
    0x50, 0x0, 0x0, 0x10, 0x0, 0x0, 0x0, 0x0,
    0x2, 0x0, 0x0, 0x0, 0x0, 0x0, 0x0, 0x0,
    0x0, 0x0, 0x0,

    /* U+81EA "自" */
    0x0, 0x0, 0x0, 0x0, 0x0, 0x49, 0x75, 0x20,
    0x0, 0x0, 0x0, 0x0, 0x0, 0x0, 0x0, 0x0,
    0x0, 0x0, 0x9f, 0xff, 0x50, 0x0, 0x0, 0x0,
    0x0, 0x0, 0x0, 0x0, 0x0, 0x0, 0x0, 0xcf,
    0xfe, 0x0, 0x0, 0x0, 0x0, 0x0, 0x0, 0x0,
    0x0, 0x0, 0x0, 0x0, 0xff, 0xf8, 0x0, 0x0,
    0x0, 0x0, 0x0, 0x0, 0x0, 0x0, 0x0, 0x0,
    0x5, 0xff, 0xf2, 0x0, 0x0, 0x0, 0x0, 0x0,
    0x0, 0x6f, 0xff, 0xff, 0xff, 0xff, 0xff, 0xff,
    0xff, 0xff, 0xff, 0xff, 0xff, 0xf4, 0x6f, 0xff,
    0xff, 0xff, 0xff, 0xff, 0xff, 0xff, 0xff, 0xff,
    0xff, 0xff, 0xf4, 0x6f, 0xff, 0xff, 0xff, 0xff,
    0xff, 0xff, 0xff, 0xff, 0xff, 0xff, 0xff, 0xf4,
    0x6f, 0xff, 0x33, 0x33, 0x33, 0x33, 0x33, 0x33,
    0x33, 0x33, 0x36, 0xff, 0xf4, 0x6f, 0xfe, 0x0,
    0x0, 0x0, 0x0, 0x0, 0x0, 0x0, 0x0, 0x2,
    0xff, 0xf4, 0x6f, 0xfe, 0x0, 0x0, 0x0, 0x0,
    0x0, 0x0, 0x0, 0x0, 0x2, 0xff, 0xf4, 0x6f,
    0xfe, 0x0, 0x0, 0x0, 0x0, 0x0, 0x0, 0x0,
    0x0, 0x2, 0xff, 0xf4, 0x6f, 0xfe, 0x22, 0x22,
    0x22, 0x22, 0x22, 0x22, 0x22, 0x22, 0x25, 0xff,
    0xf4, 0x6f, 0xff, 0xff, 0xff, 0xff, 0xff, 0xff,
    0xff, 0xff, 0xff, 0xff, 0xff, 0xf4, 0x6f, 0xff,
    0xff, 0xff, 0xff, 0xff, 0xff, 0xff, 0xff, 0xff,
    0xff, 0xff, 0xf4, 0x6f, 0xff, 0xff, 0xff, 0xff,
    0xff, 0xff, 0xff, 0xff, 0xff, 0xff, 0xff, 0xf4,
    0x6f, 0xfe, 0x0, 0x0, 0x0, 0x0, 0x0, 0x0,
    0x0, 0x0, 0x2, 0xff, 0xf4, 0x6f, 0xfe, 0x0,
    0x0, 0x0, 0x0, 0x0, 0x0, 0x0, 0x0, 0x2,
    0xff, 0xf4, 0x6f, 0xfe, 0x0, 0x0, 0x0, 0x0,
    0x0, 0x0, 0x0, 0x0, 0x2, 0xff, 0xf4, 0x6f,
    0xfe, 0x0, 0x0, 0x0, 0x0, 0x0, 0x0, 0x0,
    0x0, 0x2, 0xff, 0xf4, 0x6f, 0xff, 0xdd, 0xdd,
    0xdd, 0xdd, 0xdd, 0xdd, 0xdd, 0xdd, 0xdd, 0xff,
    0xf4, 0x6f, 0xff, 0xff, 0xff, 0xff, 0xff, 0xff,
    0xff, 0xff, 0xff, 0xff, 0xff, 0xf4, 0x6f, 0xff,
    0xff, 0xff, 0xff, 0xff, 0xff, 0xff, 0xff, 0xff,
    0xff, 0xff, 0xf4, 0x6f, 0xff, 0x33, 0x33, 0x33,
    0x33, 0x33, 0x33, 0x33, 0x33, 0x36, 0xff, 0xf4,
    0x6f, 0xfe, 0x0, 0x0, 0x0, 0x0, 0x0, 0x0,
    0x0, 0x0, 0x2, 0xff, 0xf4, 0x6f, 0xfe, 0x0,
    0x0, 0x0, 0x0, 0x0, 0x0, 0x0, 0x0, 0x2,
    0xff, 0xf4, 0x6f, 0xfe, 0x0, 0x0, 0x0, 0x0,
    0x0, 0x0, 0x0, 0x0, 0x2, 0xff, 0xf4, 0x6f,
    0xfe, 0x0, 0x0, 0x0, 0x0, 0x0, 0x0, 0x0,
    0x0, 0x3, 0xff, 0xf4, 0x6f, 0xff, 0xff, 0xff,
    0xff, 0xff, 0xff, 0xff, 0xff, 0xff, 0xff, 0xff,
    0xf4, 0x6f, 0xff, 0xff, 0xff, 0xff, 0xff, 0xff,
    0xff, 0xff, 0xff, 0xff, 0xff, 0xf4, 0x6f, 0xff,
    0xff, 0xff, 0xff, 0xff, 0xff, 0xff, 0xff, 0xff,
    0xff, 0xff, 0xf4, 0x6f, 0xfe, 0x11, 0x11, 0x11,
    0x11, 0x11, 0x11, 0x11, 0x11, 0x14, 0xff, 0xf4,
    0x6f, 0xfe, 0x0, 0x0, 0x0, 0x0, 0x0, 0x0,
    0x0, 0x0, 0x2, 0xdd, 0xd3,

    /* U+81ED "臭" */
    0x0, 0x0, 0x0, 0x0, 0x0, 0x0, 0x0, 0x89,
    0x76, 0x0, 0x0, 0x0, 0x0, 0x0, 0x0, 0x0,
    0x0, 0x0, 0x0, 0x0, 0x0, 0x0, 0x0, 0x1f,
    0xff, 0xc0, 0x0, 0x0, 0x0, 0x0, 0x0, 0x0,
    0x0, 0x0, 0x0, 0x0, 0x0, 0x0, 0x0, 0x5,
    0xff, 0xf4, 0x0, 0x0, 0x0, 0x0, 0x0, 0x0,
    0x0, 0x0, 0x0, 0x3, 0xff, 0xff, 0xff, 0xff,
    0xff, 0xff, 0xff, 0xff, 0xff, 0xff, 0xff, 0xf5,
    0x0, 0x0, 0x0, 0x0, 0x3f, 0xff, 0xff, 0xff,
    0xff, 0xff, 0xff, 0xff, 0xff, 0xff, 0xff, 0xff,
    0x60, 0x0, 0x0, 0x0, 0x3, 0xff, 0xfa, 0x88,
    0x88, 0x88, 0x88, 0x88, 0x88, 0x88, 0x8a, 0xff,
    0xf6, 0x0, 0x0, 0x0, 0x0, 0x3f, 0xff, 0x30,
    0x0, 0x0, 0x0, 0x0, 0x0, 0x0, 0x0, 0x3f,
    0xff, 0x60, 0x0, 0x0, 0x0, 0x3, 0xff, 0xf7,
    0x44, 0x44, 0x44, 0x44, 0x44, 0x44, 0x44, 0x47,
    0xff, 0xf6, 0x0, 0x0, 0x0, 0x0, 0x3f, 0xff,
    0xff, 0xff, 0xff, 0xff, 0xff, 0xff, 0xff, 0xff,
    0xff, 0xff, 0x60, 0x0, 0x0, 0x0, 0x3, 0xff,
    0xff, 0xff, 0xff, 0xff, 0xff, 0xff, 0xff, 0xff,
    0xff, 0xff, 0xf6, 0x0, 0x0, 0x0, 0x0, 0x3f,
    0xff, 0x41, 0x11, 0x11, 0x11, 0x11, 0x11, 0x11,
    0x11, 0x4f, 0xff, 0x60, 0x0, 0x0, 0x0, 0x3,
    0xff, 0xf3, 0x0, 0x0, 0x0, 0x0, 0x0, 0x0,
    0x0, 0x3, 0xff, 0xf6, 0x0, 0x0, 0x0, 0x0,
    0x3f, 0xff, 0xff, 0xff, 0xff, 0xff, 0xff, 0xff,
    0xff, 0xff, 0xff, 0xff, 0x60, 0x0, 0x0, 0x0,
    0x3, 0xff, 0xff, 0xff, 0xff, 0xff, 0xff, 0xff,
    0xff, 0xff, 0xff, 0xff, 0xf6, 0x0, 0x0, 0x0,
    0x0, 0x3f, 0xff, 0x85, 0x55, 0x55, 0x55, 0x55,
    0x55, 0x55, 0x55, 0x8f, 0xff, 0x60, 0x0, 0x0,
    0x0, 0x3, 0xff, 0xf3, 0x0, 0x0, 0x0, 0x0,
    0x0, 0x0, 0x0, 0x3, 0xff, 0xf6, 0x0, 0x0,
    0x0, 0x0, 0x3f, 0xff, 0x74, 0x44, 0x44, 0x44,
    0x44, 0x44, 0x44, 0x44, 0x7f, 0xff, 0x60, 0x0,
    0x0, 0x0, 0x3, 0xff, 0xff, 0xff, 0xff, 0xff,
    0xff, 0xff, 0xff, 0xff, 0xff, 0xff, 0xf6, 0x0,
    0x0, 0x0, 0x0, 0x3f, 0xff, 0xff, 0xff, 0xff,
    0xff, 0xff, 0xff, 0xff, 0xff, 0xff, 0xff, 0x60,
    0x0, 0x0, 0x0, 0x0, 0x22, 0x22, 0x22, 0x22,
    0x22, 0x67, 0x42, 0x22, 0x4e, 0xf8, 0x32, 0x21,
    0x0, 0x0, 0x0, 0x0, 0x0, 0x0, 0x0, 0x0,
    0x0, 0xc, 0xff, 0x90, 0x7, 0xff, 0xfe, 0x50,
    0x0, 0x0, 0x0, 0x0, 0x0, 0x0, 0x0, 0x0,
    0x0, 0x3, 0xff, 0xf4, 0x0, 0x1, 0x8f, 0xff,
    0x80, 0x0, 0x0, 0x6, 0xcc, 0xcc, 0xcc, 0xcc,
    0xcc, 0xcc, 0xef, 0xff, 0xdc, 0xcc, 0xcc, 0xef,
    0xfd, 0xcc, 0xcb, 0x0, 0x7f, 0xff, 0xff, 0xff,
    0xff, 0xff, 0xff, 0xff, 0xff, 0xff, 0xff, 0xff,
    0xff, 0xff, 0xff, 0xe0, 0x7, 0xff, 0xff, 0xff,
    0xff, 0xff, 0xff, 0xff, 0xff, 0xff, 0xff, 0xff,
    0xff, 0xff, 0xff, 0xfe, 0x0, 0x0, 0x0, 0x0,
    0x0, 0x0, 0x4e, 0xff, 0xfa, 0xff, 0xf5, 0x0,
    0x0, 0x0, 0x0, 0x0, 0x0, 0x0, 0x0, 0x0,
    0x0, 0x0, 0x6f, 0xff, 0xf4, 0xa, 0xff, 0xf8,
    0x0, 0x0, 0x0, 0x0, 0x0, 0x0, 0x0, 0x0,
    0x0, 0x4, 0xcf, 0xff, 0xf5, 0x0, 0xb, 0xff,
    0xfe, 0x71, 0x0, 0x0, 0x0, 0x0, 0x0, 0x0,
    0x2, 0x7c, 0xff, 0xff, 0xd4, 0x0, 0x0, 0x9,
    0xff, 0xff, 0xfb, 0x73, 0x0, 0x0, 0x0, 0x25,
    0x8c, 0xff, 0xff, 0xff, 0x90, 0x0, 0x0, 0x0,
    0x3, 0xdf, 0xff, 0xff, 0xff, 0xdb, 0x95, 0x2f,
    0xff, 0xff, 0xff, 0xfa, 0x30, 0x0, 0x0, 0x0,
    0x0, 0x0, 0x6b, 0xff, 0xff, 0xff, 0xff, 0x20,
    0x7f, 0xff, 0xfc, 0x71, 0x0, 0x0, 0x0, 0x0,
    0x0, 0x0, 0x0, 0x1, 0x7b, 0xef, 0xff, 0x80,
    0x0, 0xb8, 0x40, 0x0, 0x0, 0x0, 0x0, 0x0,
    0x0, 0x0, 0x0, 0x0, 0x0, 0x0, 0x14, 0x61,
    0x0,

    /* U+8A00 "言" */
    0x0, 0x0, 0x0, 0x0, 0x0, 0x0, 0x0, 0x59,
    0xb0, 0x0, 0x0, 0x0, 0x0, 0x0, 0x0, 0x0,
    0x0, 0x0, 0x0, 0x0, 0x0, 0x0, 0x0, 0x6f,
    0xff, 0x90, 0x0, 0x0, 0x0, 0x0, 0x0, 0x0,
    0x0, 0x0, 0x0, 0x0, 0x0, 0x0, 0x0, 0x0,
    0xaf, 0xff, 0x50, 0x0, 0x0, 0x0, 0x0, 0x0,
    0x0, 0x0, 0x0, 0x0, 0x0, 0x0, 0x0, 0x0,
    0x1, 0xef, 0xfe, 0x10, 0x0, 0x0, 0x0, 0x0,
    0x0, 0x0, 0x0, 0x0, 0x0, 0x0, 0x0, 0x0,
    0x0, 0x6, 0xff, 0xf8, 0x0, 0x0, 0x0, 0x0,
    0x0, 0x0, 0x0, 0xbb, 0xbb, 0xbb, 0xbb, 0xbb,
    0xbb, 0xbb, 0xcf, 0xff, 0xeb, 0xbb, 0xbb, 0xbb,
    0xbb, 0xbb, 0xb6, 0x1f, 0xff, 0xff, 0xff, 0xff,
    0xff, 0xff, 0xff, 0xff, 0xff, 0xff, 0xff, 0xff,
    0xff, 0xff, 0xff, 0x81, 0xff, 0xff, 0xff, 0xff,
    0xff, 0xff, 0xff, 0xff, 0xff, 0xff, 0xff, 0xff,
    0xff, 0xff, 0xff, 0xf8, 0x1, 0x11, 0x11, 0x11,
    0x11, 0x11, 0x11, 0x11, 0x11, 0x11, 0x11, 0x11,
    0x11, 0x11, 0x11, 0x11, 0x0, 0x0, 0x0, 0x0,
    0x0, 0x0, 0x0, 0x0, 0x0, 0x0, 0x0, 0x0,
    0x0, 0x0, 0x0, 0x0, 0x0, 0x0, 0x0, 0x0,
    0x0, 0x0, 0x0, 0x0, 0x0, 0x0, 0x0, 0x0,
    0x0, 0x0, 0x0, 0x0, 0x0, 0x0, 0x0, 0x0,
    0x1f, 0xff, 0xff, 0xff, 0xff, 0xff, 0xff, 0xff,
    0xff, 0xff, 0xff, 0x80, 0x0, 0x0, 0x0, 0x0,
    0x1, 0xff, 0xff, 0xff, 0xff, 0xff, 0xff, 0xff,
    0xff, 0xff, 0xff, 0xf8, 0x0, 0x0, 0x0, 0x0,
    0x0, 0x19, 0x99, 0x99, 0x99, 0x99, 0x99, 0x99,
    0x99, 0x99, 0x99, 0x99, 0x50, 0x0, 0x0, 0x0,
    0x0, 0x0, 0x0, 0x0, 0x0, 0x0, 0x0, 0x0,
    0x0, 0x0, 0x0, 0x0, 0x0, 0x0, 0x0, 0x0,
    0x0, 0x0, 0x0, 0x0, 0x0, 0x0, 0x0, 0x0,
    0x0, 0x0, 0x0, 0x0, 0x0, 0x0, 0x0, 0x0,
    0x0, 0x0, 0x1, 0xbb, 0xbb, 0xbb, 0xbb, 0xbb,
    0xbb, 0xbb, 0xbb, 0xbb, 0xbb, 0xb6, 0x0, 0x0,
    0x0, 0x0, 0x0, 0x1f, 0xff, 0xff, 0xff, 0xff,
    0xff, 0xff, 0xff, 0xff, 0xff, 0xff, 0x80, 0x0,
    0x0, 0x0, 0x0, 0x1, 0xff, 0xff, 0xff, 0xff,
    0xff, 0xff, 0xff, 0xff, 0xff, 0xff, 0xf8, 0x0,
    0x0, 0x0, 0x0, 0x0, 0x0, 0x0, 0x0, 0x0,
    0x0, 0x0, 0x0, 0x0, 0x0, 0x0, 0x0, 0x0,
    0x0, 0x0, 0x0, 0x0, 0x0, 0x0, 0x0, 0x0,
    0x0, 0x0, 0x0, 0x0, 0x0, 0x0, 0x0, 0x0,
    0x0, 0x0, 0x0, 0x0, 0x0, 0x0, 0x0, 0x0,
    0x0, 0x0, 0x0, 0x0, 0x0, 0x0, 0x0, 0x0,
    0x0, 0x0, 0x0, 0x0, 0x0, 0x7, 0xff, 0xff,
    0xff, 0xff, 0xff, 0xff, 0xff, 0xff, 0xff, 0xff,
    0xff, 0x0, 0x0, 0x0, 0x0, 0x0, 0x7f, 0xff,
    0xff, 0xff, 0xff, 0xff, 0xff, 0xff, 0xff, 0xff,
    0xff, 0xf0, 0x0, 0x0, 0x0, 0x0, 0x7, 0xff,
    0xfb, 0xbb, 0xbb, 0xbb, 0xbb, 0xbb, 0xbb, 0xbb,
    0xdf, 0xff, 0x0, 0x0, 0x0, 0x0, 0x0, 0x7f,
    0xfc, 0x0, 0x0, 0x0, 0x0, 0x0, 0x0, 0x0,
    0x7, 0xff, 0xf0, 0x0, 0x0, 0x0, 0x0, 0x7,
    0xff, 0xc0, 0x0, 0x0, 0x0, 0x0, 0x0, 0x0,
    0x0, 0x7f, 0xff, 0x0, 0x0, 0x0, 0x0, 0x0,
    0x7f, 0xfc, 0x0, 0x0, 0x0, 0x0, 0x0, 0x0,
    0x0, 0x7, 0xff, 0xf0, 0x0, 0x0, 0x0, 0x0,
    0x7, 0xff, 0xc0, 0x0, 0x0, 0x0, 0x0, 0x0,
    0x0, 0x0, 0x7f, 0xff, 0x0, 0x0, 0x0, 0x0,
    0x0, 0x7f, 0xff, 0xff, 0xff, 0xff, 0xff, 0xff,
    0xff, 0xff, 0xff, 0xff, 0xf0, 0x0, 0x0, 0x0,
    0x0, 0x7, 0xff, 0xff, 0xff, 0xff, 0xff, 0xff,
    0xff, 0xff, 0xff, 0xff, 0xff, 0x0, 0x0, 0x0,
    0x0, 0x0, 0x7f, 0xff, 0xbb, 0xbb, 0xbb, 0xbb,
    0xbb, 0xbb, 0xbb, 0xbd, 0xff, 0xf0, 0x0, 0x0,
    0x0, 0x0, 0x7, 0xff, 0xc0, 0x0, 0x0, 0x0,
    0x0, 0x0, 0x0, 0x0, 0x6e, 0xed, 0x0, 0x0,
    0x0,

    /* U+8BA4 "认" */
    0x0, 0x0, 0x0, 0x0, 0x0, 0x0, 0x0, 0x0,
    0x0, 0x0, 0x6a, 0xa8, 0x0, 0x0, 0x0, 0x0,
    0x0, 0x0, 0x0, 0x2e, 0x80, 0x0, 0x0, 0x0,
    0x0, 0x0, 0x0, 0x9f, 0xfc, 0x0, 0x0, 0x0,
    0x0, 0x0, 0x0, 0x2, 0xef, 0xfa, 0x0, 0x0,
    0x0, 0x0, 0x0, 0x0, 0xaf, 0xfb, 0x0, 0x0,
    0x0, 0x0, 0x0, 0x0, 0x0, 0xcf, 0xff, 0xc0,
    0x0, 0x0, 0x0, 0x0, 0x0, 0xaf, 0xfb, 0x0,
    0x0, 0x0, 0x0, 0x0, 0x0, 0x0, 0xb, 0xff,
    0xfc, 0x10, 0x0, 0x0, 0x0, 0x0, 0xaf, 0xfa,
    0x0, 0x0, 0x0, 0x0, 0x0, 0x0, 0x0, 0x0,
    0xaf, 0xff, 0xd0, 0x0, 0x0, 0x0, 0x0, 0xaf,
    0xfa, 0x0, 0x0, 0x0, 0x0, 0x0, 0x0, 0x0,
    0x0, 0xa, 0xff, 0x90, 0x0, 0x0, 0x0, 0x0,
    0xbf, 0xf9, 0x0, 0x0, 0x0, 0x0, 0x0, 0x0,
    0x0, 0x0, 0x0, 0xb9, 0x0, 0x0, 0x0, 0x0,
    0x0, 0xbf, 0xf9, 0x0, 0x0, 0x0, 0x0, 0x0,
    0x0, 0x0, 0x0, 0x0, 0x0, 0x0, 0x0, 0x0,
    0x0, 0x0, 0xbf, 0xf8, 0x0, 0x0, 0x0, 0x0,
    0x0, 0x0, 0x0, 0x0, 0x0, 0x0, 0x0, 0x0,
    0x0, 0x0, 0x0, 0xcf, 0xf8, 0x0, 0x0, 0x0,
    0x0, 0x0, 0x0, 0x0, 0x0, 0x0, 0x0, 0x0,
    0x0, 0x0, 0x0, 0x0, 0xdf, 0xf7, 0x0, 0x0,
    0x0, 0x0, 0x0, 0x7d, 0xdd, 0xdd, 0xdd, 0xd4,
    0x0, 0x0, 0x0, 0x0, 0x0, 0xef, 0xf9, 0x0,
    0x0, 0x0, 0x0, 0x0, 0x8f, 0xff, 0xff, 0xff,
    0xf4, 0x0, 0x0, 0x0, 0x0, 0x0, 0xff, 0xfb,
    0x0, 0x0, 0x0, 0x0, 0x0, 0x8f, 0xff, 0xff,
    0xff, 0xf4, 0x0, 0x0, 0x0, 0x0, 0x0, 0xff,
    0xfe, 0x0, 0x0, 0x0, 0x0, 0x0, 0x24, 0x44,
    0x44, 0xff, 0xf4, 0x0, 0x0, 0x0, 0x0, 0x3,
    0xff, 0xff, 0x10, 0x0, 0x0, 0x0, 0x0, 0x0,
    0x0, 0x0, 0xef, 0xf4, 0x0, 0x0, 0x0, 0x0,
    0x5, 0xff, 0xff, 0x40, 0x0, 0x0, 0x0, 0x0,
    0x0, 0x0, 0x0, 0xef, 0xf4, 0x0, 0x0, 0x0,
    0x0, 0x8, 0xff, 0xff, 0x80, 0x0, 0x0, 0x0,
    0x0, 0x0, 0x0, 0x0, 0xef, 0xf4, 0x0, 0x0,
    0x0, 0x0, 0xa, 0xff, 0xff, 0xc0, 0x0, 0x0,
    0x0, 0x0, 0x0, 0x0, 0x0, 0xef, 0xf4, 0x0,
    0x0, 0x0, 0x0, 0xe, 0xff, 0xff, 0xf1, 0x0,
    0x0, 0x0, 0x0, 0x0, 0x0, 0x0, 0xef, 0xf4,
    0x0, 0x0, 0x0, 0x0, 0x3f, 0xff, 0xef, 0xf6,
    0x0, 0x0, 0x0, 0x0, 0x0, 0x0, 0x0, 0xef,
    0xf4, 0x0, 0x0, 0x0, 0x0, 0x7f, 0xfe, 0x6f,
    0xfc, 0x0, 0x0, 0x0, 0x0, 0x0, 0x0, 0x0,
    0xef, 0xf4, 0x0, 0x0, 0x0, 0x0, 0xcf, 0xfa,
    0x1f, 0xff, 0x30, 0x0, 0x0, 0x0, 0x0, 0x0,
    0x0, 0xef, 0xf4, 0x0, 0x21, 0x0, 0x3, 0xff,
    0xf5, 0xb, 0xff, 0xa0, 0x0, 0x0, 0x0, 0x0,
    0x0, 0x0, 0xef, 0xf4, 0x6, 0xf5, 0x0, 0xb,
    0xff, 0xf0, 0x4, 0xff, 0xf3, 0x0, 0x0, 0x0,
    0x0, 0x0, 0x0, 0xef, 0xf6, 0xbf, 0xfb, 0x0,
    0x2f, 0xff, 0x80, 0x0, 0xcf, 0xfc, 0x0, 0x0,
    0x0, 0x0, 0x0, 0x0, 0xef, 0xff, 0xff, 0xfb,
    0x0, 0xcf, 0xff, 0x10, 0x0, 0x5f, 0xff, 0x50,
    0x0, 0x0, 0x0, 0x0, 0x0, 0xff, 0xff, 0xff,
    0x70, 0x8, 0xff, 0xf9, 0x0, 0x0, 0xd, 0xff,
    0xf2, 0x0, 0x0, 0x0, 0x0, 0x6, 0xff, 0xff,
    0xd3, 0x0, 0x4f, 0xff, 0xe1, 0x0, 0x0, 0x3,
    0xff, 0xfd, 0x10, 0x0, 0x0, 0x0, 0x3f, 0xff,
    0xfa, 0x0, 0x4, 0xff, 0xff, 0x40, 0x0, 0x0,
    0x0, 0x7f, 0xff, 0xd1, 0x0, 0x0, 0x0, 0xaf,
    0xff, 0x60, 0x0, 0x6f, 0xff, 0xf8, 0x0, 0x0,
    0x0, 0x0, 0xb, 0xff, 0xfe, 0x30, 0x0, 0x0,
    0xd, 0xe3, 0x0, 0x1, 0xdf, 0xff, 0x90, 0x0,
    0x0, 0x0, 0x0, 0x1, 0xcf, 0xff, 0xa0, 0x0,
    0x0, 0x3, 0x10, 0x0, 0x0, 0x1c, 0xf8, 0x0,
    0x0, 0x0, 0x0, 0x0, 0x0, 0xa, 0xf9, 0x0,
    0x0, 0x0, 0x0, 0x0, 0x0, 0x0, 0x1, 0x60,
    0x0, 0x0, 0x0, 0x0, 0x0, 0x0, 0x0, 0x70,
    0x0,

    /* U+8BBE "设" */
    0x0, 0x0, 0x36, 0x0, 0x0, 0x0, 0x0, 0x0,
    0x11, 0x11, 0x11, 0x11, 0x11, 0x11, 0x0, 0x0,
    0x0, 0x0, 0x4, 0xff, 0x80, 0x0, 0x0, 0x0,
    0x1, 0xff, 0xff, 0xff, 0xff, 0xff, 0xfd, 0x0,
    0x0, 0x0, 0x0, 0xb, 0xff, 0xfa, 0x0, 0x0,
    0x0, 0x1, 0xff, 0xff, 0xff, 0xff, 0xff, 0xfd,
    0x0, 0x0, 0x0, 0x0, 0x0, 0xaf, 0xff, 0xb0,
    0x0, 0x0, 0x1, 0xff, 0xff, 0xff, 0xff, 0xff,
    0xfd, 0x0, 0x0, 0x0, 0x0, 0x0, 0x9, 0xff,
    0xfb, 0x0, 0x0, 0x2, 0xff, 0xf0, 0x0, 0x0,
    0x4f, 0xfd, 0x0, 0x0, 0x0, 0x0, 0x0, 0x0,
    0x9f, 0xff, 0x50, 0x0, 0x3, 0xff, 0xe0, 0x0,
    0x0, 0x4f, 0xfd, 0x0, 0x0, 0x0, 0x0, 0x0,
    0x0, 0x9, 0xf6, 0x0, 0x0, 0x5, 0xff, 0xc0,
    0x0, 0x0, 0x4f, 0xfd, 0x0, 0x0, 0x0, 0x0,
    0x0, 0x0, 0x0, 0x40, 0x0, 0x0, 0xb, 0xff,
    0x90, 0x0, 0x0, 0x4f, 0xfd, 0x0, 0x0, 0x0,
    0x0, 0x0, 0x0, 0x0, 0x0, 0x0, 0x0, 0x4f,
    0xff, 0x40, 0x0, 0x0, 0x4f, 0xfd, 0x0, 0x0,
    0x0, 0x0, 0x0, 0x0, 0x0, 0x0, 0x0, 0x3,
    0xef, 0xfe, 0x0, 0x0, 0x0, 0x3f, 0xff, 0x54,
    0x45, 0x20, 0x8d, 0xdd, 0xdd, 0xdd, 0x20, 0x0,
    0x6f, 0xff, 0xf5, 0x0, 0x0, 0x0, 0x1f, 0xff,
    0xff, 0xff, 0x70, 0x9f, 0xff, 0xff, 0xff, 0x30,
    0x1d, 0xff, 0xff, 0x80, 0x0, 0x0, 0x0, 0x9,
    0xff, 0xff, 0xff, 0x80, 0x9f, 0xff, 0xff, 0xff,
    0x30, 0x7, 0xff, 0xf7, 0x0, 0x0, 0x0, 0x0,
    0x0, 0x47, 0x88, 0x88, 0x40, 0x24, 0x44, 0x5f,
    0xff, 0x30, 0x0, 0xac, 0x30, 0x0, 0x0, 0x0,
    0x0, 0x0, 0x0, 0x0, 0x0, 0x0, 0x0, 0x0,
    0xf, 0xff, 0x30, 0x0, 0x12, 0x22, 0x22, 0x22,
    0x22, 0x22, 0x22, 0x22, 0x31, 0x0, 0x0, 0x0,
    0x0, 0xf, 0xff, 0x30, 0x0, 0x9f, 0xff, 0xff,
    0xff, 0xff, 0xff, 0xff, 0xff, 0xff, 0x80, 0x0,
    0x0, 0x0, 0xf, 0xff, 0x30, 0x0, 0x9f, 0xff,
    0xff, 0xff, 0xff, 0xff, 0xff, 0xff, 0xff, 0xa0,
    0x0, 0x0, 0x0, 0xf, 0xff, 0x30, 0x0, 0x9f,
    0xff, 0xff, 0xff, 0xff, 0xff, 0xff, 0xff, 0xff,
    0x40, 0x0, 0x0, 0x0, 0xf, 0xff, 0x30, 0x0,
    0x2, 0xff, 0xf2, 0x0, 0x0, 0x0, 0x0, 0x9f,
    0xfd, 0x0, 0x0, 0x0, 0x0, 0xf, 0xff, 0x30,
    0x0, 0x0, 0xbf, 0xfb, 0x0, 0x0, 0x0, 0x3,
    0xff, 0xf5, 0x0, 0x0, 0x0, 0x0, 0xf, 0xff,
    0x30, 0x0, 0x0, 0x2f, 0xff, 0x60, 0x0, 0x0,
    0xd, 0xff, 0xd0, 0x0, 0x0, 0x0, 0x0, 0xf,
    0xff, 0x30, 0x0, 0x0, 0x8, 0xff, 0xf3, 0x0,
    0x0, 0x9f, 0xff, 0x40, 0x0, 0x0, 0x0, 0x0,
    0xf, 0xff, 0x30, 0x1a, 0x0, 0x0, 0xdf, 0xff,
    0x30, 0x9, 0xff, 0xf8, 0x0, 0x0, 0x0, 0x0,
    0x0, 0xf, 0xff, 0x34, 0xef, 0x40, 0x0, 0x2e,
    0xff, 0xf4, 0x9f, 0xff, 0xc0, 0x0, 0x0, 0x0,
    0x0, 0x0, 0xf, 0xff, 0xaf, 0xff, 0xb0, 0x0,
    0x3, 0xff, 0xff, 0xff, 0xfc, 0x10, 0x0, 0x0,
    0x0, 0x0, 0x0, 0x1f, 0xff, 0xff, 0xfd, 0x30,
    0x0, 0x0, 0x4f, 0xff, 0xff, 0xd1, 0x0, 0x0,
    0x0, 0x0, 0x0, 0x0, 0x4f, 0xff, 0xff, 0xb1,
    0x0, 0x0, 0x5, 0xdf, 0xff, 0xff, 0xfa, 0x20,
    0x0, 0x0, 0x0, 0x0, 0x0, 0xcf, 0xff, 0xf8,
    0x0, 0x0, 0x6, 0xef, 0xff, 0xff, 0xff, 0xff,
    0xfa, 0x30, 0x0, 0x0, 0x0, 0x8, 0xff, 0xff,
    0x40, 0x3, 0x7c, 0xff, 0xff, 0xff, 0x92, 0x7e,
    0xff, 0xff, 0xfe, 0x95, 0x10, 0x0, 0x2, 0xff,
    0xd2, 0x0, 0x3f, 0xff, 0xff, 0xff, 0xa2, 0x0,
    0x1, 0x8f, 0xff, 0xff, 0xff, 0xc0, 0x0, 0x0,
    0x7c, 0x10, 0x0, 0x9, 0xff, 0xfd, 0x82, 0x0,
    0x0, 0x0, 0x2, 0x9e, 0xff, 0xfe, 0x10, 0x0,
    0x0, 0x0, 0x0, 0x0, 0x2, 0xd8, 0x30, 0x0,
    0x0, 0x0, 0x0, 0x0, 0x0, 0x38, 0xe6, 0x0,
    0x0, 0x0, 0x0, 0x0, 0x0, 0x0, 0x0, 0x0,
    0x0, 0x0, 0x0, 0x0, 0x0, 0x0, 0x0, 0x0,
    0x0,

    /* U+8BED "语" */
    0x0, 0x0, 0x40, 0x0, 0x0, 0x1, 0x11, 0x11,
    0x11, 0x11, 0x11, 0x11, 0x11, 0x11, 0x11, 0x10,
    0x0, 0x1, 0xcf, 0x60, 0x0, 0x0, 0xbf, 0xff,
    0xff, 0xff, 0xff, 0xff, 0xff, 0xff, 0xff, 0xff,
    0x70, 0x0, 0x9f, 0xff, 0x80, 0x0, 0xb, 0xff,
    0xff, 0xff, 0xff, 0xff, 0xff, 0xff, 0xff, 0xff,
    0xf7, 0x0, 0x0, 0xbf, 0xff, 0xa0, 0x0, 0x9c,
    0xcc, 0xcc, 0xcf, 0xff, 0xec, 0xcc, 0xcc, 0xcc,
    0xcc, 0x60, 0x0, 0x0, 0xaf, 0xff, 0xa0, 0x0,
    0x0, 0x0, 0x0, 0xff, 0xf5, 0x0, 0x0, 0x0,
    0x0, 0x0, 0x0, 0x0, 0x0, 0x9f, 0xff, 0x70,
    0x0, 0x0, 0x0, 0x3f, 0xff, 0x10, 0x0, 0x0,
    0x0, 0x0, 0x0, 0x0, 0x0, 0x0, 0xaf, 0xc0,
    0x0, 0x0, 0x0, 0x7, 0xff, 0xe0, 0x0, 0x0,
    0x12, 0x10, 0x0, 0x0, 0x0, 0x0, 0x0, 0x80,
    0x0, 0x7, 0xff, 0xff, 0xff, 0xff, 0xff, 0xff,
    0xff, 0xff, 0x30, 0x0, 0x0, 0x0, 0x0, 0x0,
    0x0, 0x0, 0x7f, 0xff, 0xff, 0xff, 0xff, 0xff,
    0xff, 0xff, 0xf2, 0x0, 0x0, 0x0, 0x0, 0x0,
    0x0, 0x0, 0x6, 0xcc, 0xcd, 0xff, 0xfd, 0xcc,
    0xcc, 0xdf, 0xff, 0x0, 0x0, 0x6a, 0xaa, 0xaa,
    0xaa, 0x0, 0x0, 0x0, 0x0, 0x5f, 0xff, 0x0,
    0x0, 0x2, 0xff, 0xf0, 0x0, 0x8, 0xff, 0xff,
    0xff, 0xf0, 0x0, 0x0, 0x0, 0x8, 0xff, 0xc0,
    0x0, 0x0, 0x3f, 0xfe, 0x0, 0x0, 0x8f, 0xff,
    0xff, 0xff, 0x0, 0x0, 0x0, 0x0, 0xcf, 0xf8,
    0x0, 0x0, 0x4, 0xff, 0xc0, 0x0, 0x4, 0x88,
    0x88, 0xff, 0xf0, 0x0, 0x0, 0x0, 0x1f, 0xff,
    0x50, 0x0, 0x0, 0x6f, 0xfb, 0x0, 0x0, 0x0,
    0x0, 0xf, 0xff, 0x0, 0xef, 0xff, 0xff, 0xff,
    0xff, 0xff, 0xff, 0xff, 0xff, 0xff, 0xff, 0xa0,
    0x0, 0x0, 0xff, 0xf0, 0xe, 0xff, 0xff, 0xff,
    0xff, 0xff, 0xff, 0xff, 0xff, 0xff, 0xff, 0xfa,
    0x0, 0x0, 0xf, 0xff, 0x0, 0xef, 0xff, 0xff,
    0xff, 0xff, 0xff, 0xff, 0xff, 0xff, 0xff, 0xff,
    0xa0, 0x0, 0x0, 0xff, 0xf0, 0x0, 0x0, 0x0,
    0x0, 0x0, 0x0, 0x0, 0x0, 0x0, 0x0, 0x0,
    0x0, 0x0, 0x0, 0xf, 0xff, 0x0, 0x0, 0x0,
    0x0, 0x0, 0x0, 0x0, 0x0, 0x0, 0x0, 0x0,
    0x0, 0x0, 0x0, 0x0, 0xff, 0xf0, 0x0, 0x2,
    0xcc, 0xcc, 0xcc, 0xcc, 0xcc, 0xcc, 0xcc, 0xcc,
    0xc4, 0x0, 0x0, 0x0, 0xf, 0xff, 0x0, 0x0,
    0x2f, 0xff, 0xff, 0xff, 0xff, 0xff, 0xff, 0xff,
    0xff, 0x50, 0x0, 0x0, 0x0, 0xff, 0xf0, 0x0,
    0x2, 0xff, 0xff, 0xff, 0xff, 0xff, 0xff, 0xff,
    0xff, 0xf5, 0x0, 0x0, 0x0, 0xf, 0xff, 0x0,
    0x3, 0x2f, 0xff, 0x11, 0x11, 0x11, 0x11, 0x11,
    0x1f, 0xff, 0x50, 0x0, 0x0, 0x0, 0xff, 0xf0,
    0x7, 0xf4, 0xff, 0xf0, 0x0, 0x0, 0x0, 0x0,
    0x0, 0xef, 0xf5, 0x0, 0x0, 0x0, 0xf, 0xff,
    0x2c, 0xff, 0x8f, 0xff, 0x0, 0x0, 0x0, 0x0,
    0x0, 0xe, 0xff, 0x50, 0x0, 0x0, 0x0, 0xff,
    0xff, 0xff, 0xfa, 0xff, 0xf0, 0x0, 0x0, 0x0,
    0x0, 0x0, 0xef, 0xf5, 0x0, 0x0, 0x0, 0x4f,
    0xff, 0xff, 0xf6, 0x2f, 0xff, 0x0, 0x0, 0x0,
    0x0, 0x0, 0xe, 0xff, 0x50, 0x0, 0x0, 0xa,
    0xff, 0xff, 0xd2, 0x2, 0xff, 0xf0, 0x0, 0x0,
    0x0, 0x0, 0x0, 0xff, 0xf5, 0x0, 0x0, 0x4,
    0xff, 0xff, 0x90, 0x0, 0x2f, 0xff, 0xff, 0xff,
    0xff, 0xff, 0xff, 0xff, 0xff, 0x50, 0x0, 0x0,
    0xb, 0xff, 0x50, 0x0, 0x2, 0xff, 0xff, 0xff,
    0xff, 0xff, 0xff, 0xff, 0xff, 0xf5, 0x0, 0x0,
    0x0, 0x2d, 0x20, 0x0, 0x0, 0x2f, 0xff, 0xcc,
    0xcc, 0xcc, 0xcc, 0xcc, 0xcf, 0xff, 0x50, 0x0,
    0x0, 0x0, 0x0, 0x0, 0x0, 0x2, 0xff, 0xf0,
    0x0, 0x0, 0x0, 0x0, 0x0, 0xde, 0xe4, 0x0,

    /* U+9501 "锁" */
    0x0, 0x0, 0x2, 0x61, 0x0, 0x0, 0x0, 0x0,
    0x0, 0x0, 0x0, 0x9c, 0xc4, 0x0, 0x0, 0x0,
    0x0, 0x0, 0x0, 0x0, 0x8f, 0xf7, 0x0, 0x0,
    0x0, 0x1, 0x40, 0x0, 0xc, 0xff, 0x50, 0x0,
    0x3, 0x0, 0x0, 0x0, 0x0, 0xe, 0xff, 0x30,
    0x0, 0x0, 0x7, 0xff, 0x30, 0x0, 0xcf, 0xf5,
    0x0, 0x6, 0xfe, 0x70, 0x0, 0x0, 0x6, 0xff,
    0xd0, 0x0, 0x0, 0x0, 0x5f, 0xfd, 0x0, 0xc,
    0xff, 0x50, 0x0, 0xef, 0xf5, 0x0, 0x0, 0x0,
    0xef, 0xff, 0xee, 0xee, 0xee, 0x60, 0xcf, 0xf8,
    0x0, 0xcf, 0xf5, 0x0, 0x6f, 0xfc, 0x0, 0x0,
    0x0, 0x8f, 0xff, 0xff, 0xff, 0xff, 0xf6, 0x2,
    0xff, 0xf1, 0xc, 0xff, 0x50, 0xd, 0xff, 0x30,
    0x0, 0x0, 0x3f, 0xff, 0xff, 0xff, 0xff, 0xff,
    0x60, 0xa, 0xff, 0x80, 0xcf, 0xf5, 0x7, 0xff,
    0xa0, 0x0, 0x0, 0x1e, 0xff, 0xb0, 0x0, 0x0,
    0x0, 0x0, 0x0, 0x2f, 0xfa, 0xc, 0xff, 0x51,
    0xff, 0xe1, 0x0, 0x0, 0xd, 0xff, 0xf2, 0x0,
    0x0, 0x0, 0x0, 0x0, 0x0, 0xa4, 0x0, 0xcf,
    0xf5, 0x2, 0x95, 0x0, 0x0, 0x0, 0xdf, 0xf7,
    0x0, 0x0, 0x0, 0x0, 0x0, 0x4, 0x44, 0x44,
    0x4d, 0xff, 0x84, 0x44, 0x44, 0x40, 0x0, 0x5,
    0xfb, 0x33, 0x33, 0x33, 0x33, 0x32, 0x1, 0xff,
    0xff, 0xff, 0xff, 0xff, 0xff, 0xff, 0xfe, 0x0,
    0x0, 0xa, 0x6f, 0xff, 0xff, 0xff, 0xff, 0xb0,
    0x1f, 0xff, 0xff, 0xff, 0xff, 0xff, 0xff, 0xff,
    0xe0, 0x0, 0x0, 0x5, 0xff, 0xff, 0xff, 0xff,
    0xfb, 0x1, 0xff, 0xfd, 0xdd, 0xdd, 0xdd, 0xdd,
    0xdf, 0xfe, 0x0, 0x0, 0x0, 0x4c, 0xcd, 0xff,
    0xec, 0xcc, 0x90, 0x1f, 0xfe, 0x0, 0x0, 0x0,
    0x0, 0x4, 0xff, 0xe0, 0x0, 0x0, 0x0, 0x0,
    0x6f, 0xf8, 0x0, 0x0, 0x1, 0xff, 0xe0, 0x0,
    0x66, 0x61, 0x0, 0x4f, 0xfe, 0x0, 0x0, 0x0,
    0x0, 0x6, 0xff, 0x80, 0x0, 0x0, 0x1f, 0xfe,
    0x0, 0xe, 0xff, 0x30, 0x4, 0xff, 0xe0, 0x0,
    0x0, 0x0, 0x0, 0x6f, 0xf8, 0x0, 0x0, 0x1,
    0xff, 0xe0, 0x0, 0xef, 0xf3, 0x0, 0x4f, 0xfe,
    0x0, 0x0, 0x0, 0x0, 0x7, 0xff, 0x90, 0x0,
    0x0, 0x1f, 0xfe, 0x0, 0xe, 0xff, 0x30, 0x4,
    0xff, 0xe0, 0x0, 0x0, 0xef, 0xff, 0xff, 0xff,
    0xff, 0xff, 0x11, 0xff, 0xe0, 0x0, 0xef, 0xf3,
    0x0, 0x4f, 0xfe, 0x0, 0x0, 0xe, 0xff, 0xff,
    0xff, 0xff, 0xff, 0xf1, 0x1f, 0xfe, 0x0, 0xe,
    0xff, 0x30, 0x4, 0xff, 0xe0, 0x0, 0x0, 0xde,
    0xee, 0xff, 0xff, 0xee, 0xee, 0x11, 0xff, 0xe0,
    0x0, 0xff, 0xf3, 0x0, 0x4f, 0xfe, 0x0, 0x0,
    0x0, 0x0, 0x6, 0xff, 0x80, 0x0, 0x0, 0x1f,
    0xfe, 0x0, 0xf, 0xff, 0x10, 0x4, 0xff, 0xe0,
    0x0, 0x0, 0x0, 0x0, 0x6f, 0xf8, 0x0, 0x0,
    0x1, 0xff, 0xe0, 0x2, 0xff, 0xf0, 0x0, 0x4f,
    0xfe, 0x0, 0x0, 0x0, 0x0, 0x6, 0xff, 0x80,
    0x0, 0x0, 0x1f, 0xfe, 0x0, 0x5f, 0xfe, 0x0,
    0x4, 0xff, 0xe0, 0x0, 0x0, 0x0, 0x0, 0x6f,
    0xf8, 0x0, 0x0, 0x1, 0xff, 0xe0, 0xb, 0xff,
    0xa0, 0x0, 0x4f, 0xfe, 0x0, 0x0, 0x0, 0x0,
    0x6, 0xff, 0x80, 0x1, 0x50, 0x1f, 0xfe, 0x4,
    0xff, 0xf5, 0x0, 0x4, 0xff, 0xe0, 0x0, 0x0,
    0x0, 0x0, 0x7f, 0xf8, 0x7, 0xfd, 0x0, 0x55,
    0x51, 0xef, 0xfc, 0x7, 0x30, 0x14, 0x43, 0x0,
    0x0, 0x0, 0x0, 0x9, 0xff, 0xce, 0xff, 0xf1,
    0x0, 0x2, 0xdf, 0xff, 0x3a, 0xff, 0xb3, 0x0,
    0x0, 0x0, 0x0, 0x0, 0x0, 0xdf, 0xff, 0xff,
    0xf9, 0x10, 0x6, 0xff, 0xff, 0x62, 0xdf, 0xff,
    0xfc, 0x40, 0x0, 0x0, 0x0, 0x0, 0x6f, 0xff,
    0xff, 0xb2, 0x0, 0x5d, 0xff, 0xff, 0x60, 0x0,
    0x6e, 0xff, 0xff, 0xb2, 0x0, 0x0, 0x0, 0x4f,
    0xff, 0xfd, 0x40, 0x18, 0xef, 0xff, 0xfd, 0x30,
    0x0, 0x0, 0x7, 0xef, 0xff, 0xf7, 0x0, 0x0,
    0x3, 0xff, 0xe6, 0x0, 0x0, 0xaf, 0xff, 0xf7,
    0x0, 0x0, 0x0, 0x0, 0x1, 0x9f, 0xff, 0x60,
    0x0, 0x0, 0x3, 0xb1, 0x0, 0x0, 0x0, 0xcd,
    0x71, 0x0, 0x0, 0x0, 0x0, 0x0, 0x0, 0x3d,
    0x80, 0x0, 0x0, 0x0, 0x0, 0x0, 0x0, 0x0,
    0x0, 0x0, 0x0, 0x0, 0x0, 0x0, 0x0, 0x0,
    0x0, 0x0, 0x0,

    /* U+95E8 "门" */
    0x0, 0x6, 0x0, 0x0, 0x0, 0x0, 0x0, 0x0,
    0x0, 0x0, 0x0, 0x0, 0x0, 0x0, 0x0, 0x2,
    0xcf, 0xb0, 0x0, 0x1, 0x33, 0x33, 0x33, 0x33,
    0x33, 0x33, 0x33, 0x33, 0x33, 0x30, 0x7, 0xff,
    0xf8, 0x0, 0x5, 0xff, 0xff, 0xff, 0xff, 0xff,
    0xff, 0xff, 0xff, 0xff, 0xf1, 0x0, 0xaf, 0xff,
    0x60, 0x5, 0xff, 0xff, 0xff, 0xff, 0xff, 0xff,
    0xff, 0xff, 0xff, 0xf1, 0x0, 0xd, 0xff, 0xf3,
    0x5, 0xff, 0xff, 0xff, 0xff, 0xff, 0xff, 0xff,
    0xff, 0xff, 0xf1, 0x0, 0x2, 0xef, 0xfe, 0x0,
    0x0, 0x0, 0x0, 0x0, 0x0, 0x0, 0x0, 0x4,
    0xff, 0xf1, 0x0, 0x0, 0x5f, 0xff, 0x90, 0x0,
    0x0, 0x0, 0x0, 0x0, 0x0, 0x0, 0x4, 0xff,
    0xf1, 0x11, 0x10, 0xa, 0xfc, 0x20, 0x0, 0x0,
    0x0, 0x0, 0x0, 0x0, 0x0, 0x4, 0xff, 0xf1,
    0xff, 0xf6, 0x1, 0x80, 0x0, 0x0, 0x0, 0x0,
    0x0, 0x0, 0x0, 0x0, 0x4, 0xff, 0xf1, 0xff,
    0xf6, 0x0, 0x0, 0x0, 0x0, 0x0, 0x0, 0x0,
    0x0, 0x0, 0x0, 0x4, 0xff, 0xf1, 0xff, 0xf6,
    0x0, 0x0, 0x0, 0x0, 0x0, 0x0, 0x0, 0x0,
    0x0, 0x0, 0x4, 0xff, 0xf1, 0xff, 0xf6, 0x0,
    0x0, 0x0, 0x0, 0x0, 0x0, 0x0, 0x0, 0x0,
    0x0, 0x4, 0xff, 0xf1, 0xff, 0xf6, 0x0, 0x0,
    0x0, 0x0, 0x0, 0x0, 0x0, 0x0, 0x0, 0x0,
    0x4, 0xff, 0xf1, 0xff, 0xf6, 0x0, 0x0, 0x0,
    0x0, 0x0, 0x0, 0x0, 0x0, 0x0, 0x0, 0x4,
    0xff, 0xf1, 0xff, 0xf6, 0x0, 0x0, 0x0, 0x0,
    0x0, 0x0, 0x0, 0x0, 0x0, 0x0, 0x4, 0xff,
    0xf1, 0xff, 0xf6, 0x0, 0x0, 0x0, 0x0, 0x0,
    0x0, 0x0, 0x0, 0x0, 0x0, 0x4, 0xff, 0xf1,
    0xff, 0xf6, 0x0, 0x0, 0x0, 0x0, 0x0, 0x0,
    0x0, 0x0, 0x0, 0x0, 0x4, 0xff, 0xf1, 0xff,
    0xf6, 0x0, 0x0, 0x0, 0x0, 0x0, 0x0, 0x0,
    0x0, 0x0, 0x0, 0x4, 0xff, 0xf1, 0xff, 0xf6,
    0x0, 0x0, 0x0, 0x0, 0x0, 0x0, 0x0, 0x0,
    0x0, 0x0, 0x4, 0xff, 0xf1, 0xff, 0xf6, 0x0,
    0x0, 0x0, 0x0, 0x0, 0x0, 0x0, 0x0, 0x0,
    0x0, 0x4, 0xff, 0xf1, 0xff, 0xf6, 0x0, 0x0,
    0x0, 0x0, 0x0, 0x0, 0x0, 0x0, 0x0, 0x0,
    0x4, 0xff, 0xf1, 0xff, 0xf6, 0x0, 0x0, 0x0,
    0x0, 0x0, 0x0, 0x0, 0x0, 0x0, 0x0, 0x4,
    0xff, 0xf1, 0xff, 0xf6, 0x0, 0x0, 0x0, 0x0,
    0x0, 0x0, 0x0, 0x0, 0x0, 0x0, 0x4, 0xff,
    0xf1, 0xff, 0xf6, 0x0, 0x0, 0x0, 0x0, 0x0,
    0x0, 0x0, 0x0, 0x0, 0x0, 0x4, 0xff, 0xf1,
    0xff, 0xf6, 0x0, 0x0, 0x0, 0x0, 0x0, 0x0,
    0x0, 0x0, 0x0, 0x0, 0x4, 0xff, 0xf1, 0xff,
    0xf6, 0x0, 0x0, 0x0, 0x0, 0x0, 0x0, 0x0,
    0x0, 0x0, 0x0, 0x4, 0xff, 0xf1, 0xff, 0xf6,
    0x0, 0x0, 0x0, 0x0, 0x0, 0x0, 0x0, 0x0,
    0x0, 0x0, 0x4, 0xff, 0xf1, 0xff, 0xf6, 0x0,
    0x0, 0x0, 0x0, 0x0, 0x0, 0x0, 0x0, 0x0,
    0x0, 0x4, 0xff, 0xf1, 0xff, 0xf6, 0x0, 0x0,
    0x0, 0x0, 0x0, 0x0, 0x0, 0x0, 0x0, 0x0,
    0x4, 0xff, 0xf1, 0xff, 0xf6, 0x0, 0x0, 0x0,
    0x0, 0x0, 0x0, 0x0, 0x1, 0x11, 0x11, 0x18,
    0xff, 0xf0, 0xff, 0xf6, 0x0, 0x0, 0x0, 0x0,
    0x0, 0x0, 0x0, 0x6, 0xff, 0xff, 0xff, 0xff,
    0xe0, 0xff, 0xf6, 0x0, 0x0, 0x0, 0x0, 0x0,
    0x0, 0x0, 0x0, 0xff, 0xff, 0xff, 0xff, 0x70,
    0xff, 0xf6, 0x0, 0x0, 0x0, 0x0, 0x0, 0x0,
    0x0, 0x0, 0xbf, 0xff, 0xed, 0xa5, 0x0, 0x0,
    0x0, 0x0, 0x0, 0x0, 0x0, 0x0, 0x0, 0x0,
    0x0, 0x0, 0x0, 0x0, 0x0, 0x0,

    /* U+95F4 "间" */
    0x0, 0x1, 0x10, 0x0, 0x0, 0x0, 0x0, 0x0,
    0x0, 0x0, 0x0, 0x0, 0x0, 0x0, 0x0, 0x0,
    0x7, 0xfd, 0x10, 0x0, 0x0, 0x0, 0x0, 0x0,
    0x0, 0x0, 0x0, 0x0, 0x0, 0x0, 0x0, 0x4,
    0xff, 0xfd, 0x10, 0x0, 0x9e, 0xee, 0xee, 0xee,
    0xee, 0xee, 0xee, 0xee, 0xee, 0xee, 0x40, 0x7,
    0xff, 0xfd, 0x0, 0xa, 0xff, 0xff, 0xff, 0xff,
    0xff, 0xff, 0xff, 0xff, 0xff, 0xf5, 0x0, 0x9,
    0xff, 0xfb, 0x0, 0xaf, 0xff, 0xff, 0xff, 0xff,
    0xff, 0xff, 0xff, 0xff, 0xff, 0x50, 0x0, 0xc,
    0xff, 0xf5, 0x2, 0x33, 0x33, 0x33, 0x33, 0x33,
    0x33, 0x33, 0x34, 0xff, 0xf5, 0x0, 0x0, 0x2f,
    0xf7, 0x0, 0x0, 0x0, 0x0, 0x0, 0x0, 0x0,
    0x0, 0x0, 0x1f, 0xff, 0x50, 0x0, 0x0, 0x52,
    0x0, 0x0, 0x0, 0x0, 0x0, 0x0, 0x0, 0x0,
    0x0, 0x1, 0xff, 0xf5, 0x5, 0x55, 0x10, 0x0,
    0x0, 0x0, 0x0, 0x0, 0x0, 0x0, 0x0, 0x0,
    0x0, 0x1f, 0xff, 0x51, 0xff, 0xf4, 0x0, 0x0,
    0x0, 0x0, 0x0, 0x0, 0x0, 0x0, 0x0, 0x0,
    0x1, 0xff, 0xf5, 0x1f, 0xff, 0x40, 0x0, 0x1a,
    0xaa, 0xaa, 0xaa, 0xaa, 0xaa, 0xaa, 0x20, 0x0,
    0x1f, 0xff, 0x51, 0xff, 0xf4, 0x0, 0x1, 0xff,
    0xff, 0xff, 0xff, 0xff, 0xff, 0xf3, 0x0, 0x1,
    0xff, 0xf5, 0x1f, 0xff, 0x40, 0x0, 0x1f, 0xff,
    0xff, 0xff, 0xff, 0xff, 0xff, 0x30, 0x0, 0x1f,
    0xff, 0x51, 0xff, 0xf4, 0x0, 0x1, 0xff, 0xe0,
    0x0, 0x0, 0x0, 0xef, 0xf3, 0x0, 0x1, 0xff,
    0xf5, 0x1f, 0xff, 0x40, 0x0, 0x1f, 0xfd, 0x0,
    0x0, 0x0, 0xd, 0xff, 0x30, 0x0, 0x1f, 0xff,
    0x51, 0xff, 0xf4, 0x0, 0x1, 0xff, 0xd0, 0x0,
    0x0, 0x0, 0xdf, 0xf3, 0x0, 0x1, 0xff, 0xf5,
    0x1f, 0xff, 0x40, 0x0, 0x1f, 0xfd, 0x0, 0x0,
    0x0, 0xd, 0xff, 0x30, 0x0, 0x1f, 0xff, 0x51,
    0xff, 0xf4, 0x0, 0x1, 0xff, 0xfc, 0xcc, 0xcc,
    0xcc, 0xff, 0xf3, 0x0, 0x1, 0xff, 0xf5, 0x1f,
    0xff, 0x40, 0x0, 0x1f, 0xff, 0xff, 0xff, 0xff,
    0xff, 0xff, 0x30, 0x0, 0x1f, 0xff, 0x51, 0xff,
    0xf4, 0x0, 0x1, 0xff, 0xff, 0xff, 0xff, 0xff,
    0xff, 0xf3, 0x0, 0x1, 0xff, 0xf5, 0x1f, 0xff,
    0x40, 0x0, 0x1f, 0xfd, 0x0, 0x0, 0x0, 0xd,
    0xff, 0x30, 0x0, 0x1f, 0xff, 0x51, 0xff, 0xf4,
    0x0, 0x1, 0xff, 0xd0, 0x0, 0x0, 0x0, 0xdf,
    0xf3, 0x0, 0x1, 0xff, 0xf5, 0x1f, 0xff, 0x40,
    0x0, 0x1f, 0xfd, 0x0, 0x0, 0x0, 0xd, 0xff,
    0x30, 0x0, 0x1f, 0xff, 0x51, 0xff, 0xf4, 0x0,
    0x1, 0xff, 0xd0, 0x0, 0x0, 0x0, 0xdf, 0xf3,
    0x0, 0x1, 0xff, 0xf5, 0x1f, 0xff, 0x40, 0x0,
    0x1f, 0xff, 0xff, 0xff, 0xff, 0xff, 0xff, 0x30,
    0x0, 0x1f, 0xff, 0x51, 0xff, 0xf4, 0x0, 0x1,
    0xff, 0xff, 0xff, 0xff, 0xff, 0xff, 0xf3, 0x0,
    0x1, 0xff, 0xf5, 0x1f, 0xff, 0x40, 0x0, 0x1b,
    0xbb, 0xbb, 0xbb, 0xbb, 0xbb, 0xbb, 0x20, 0x0,
    0x1f, 0xff, 0x51, 0xff, 0xf4, 0x0, 0x0, 0x0,
    0x0, 0x0, 0x0, 0x0, 0x0, 0x0, 0x0, 0x1,
    0xff, 0xf5, 0x1f, 0xff, 0x40, 0x0, 0x0, 0x0,
    0x0, 0x0, 0x0, 0x0, 0x0, 0x0, 0x0, 0x1f,
    0xff, 0x51, 0xff, 0xf4, 0x0, 0x0, 0x0, 0x0,
    0x0, 0x0, 0x0, 0x0, 0x0, 0x0, 0x2, 0xff,
    0xf5, 0x1f, 0xff, 0x40, 0x0, 0x0, 0x0, 0x0,
    0x0, 0x0, 0x0, 0x0, 0xc, 0xff, 0xff, 0xff,
    0x31, 0xff, 0xf4, 0x0, 0x0, 0x0, 0x0, 0x0,
    0x0, 0x0, 0x0, 0x0, 0x5f, 0xff, 0xff, 0xd0,
    0x1f, 0xff, 0x40, 0x0, 0x0, 0x0, 0x0, 0x0,
    0x0, 0x0, 0x0, 0x1, 0xff, 0xec, 0x81, 0x0,

    /* U+97F3 "音" */
    0x0, 0x0, 0x0, 0x0, 0x0, 0x0, 0x0, 0x0,
    0x0, 0x0, 0x0, 0x0, 0x0, 0x0, 0x0, 0x0,
    0x0, 0x0, 0x0, 0x0, 0x0, 0x0, 0x0, 0x9,
    0xcf, 0x90, 0x0, 0x0, 0x0, 0x0, 0x0, 0x0,
    0x0, 0x0, 0x0, 0x0, 0x0, 0x0, 0x0, 0x0,
    0xaf, 0xff, 0x20, 0x0, 0x0, 0x0, 0x0, 0x0,
    0x0, 0x0, 0x0, 0x0, 0x0, 0x0, 0x0, 0x0,
    0x3, 0xff, 0xf8, 0x0, 0x0, 0x0, 0x0, 0x0,
    0x0, 0x0, 0x0, 0x2b, 0xbb, 0xbb, 0xbb, 0xbb,
    0xbb, 0xbf, 0xff, 0xfb, 0xbb, 0xbb, 0xbb, 0xbb,
    0xbb, 0x50, 0x0, 0x2, 0xff, 0xff, 0xff, 0xff,
    0xff, 0xff, 0xff, 0xff, 0xff, 0xff, 0xff, 0xff,
    0xff, 0xf7, 0x0, 0x0, 0x2f, 0xff, 0xff, 0xff,
    0xff, 0xff, 0xff, 0xff, 0xff, 0xff, 0xff, 0xff,
    0xff, 0xff, 0x70, 0x0, 0x0, 0x33, 0x33, 0x37,
    0xab, 0x33, 0x33, 0x33, 0x33, 0x33, 0x3b, 0xd9,
    0x63, 0x33, 0x31, 0x0, 0x0, 0x0, 0x0, 0x6,
    0xff, 0xf3, 0x0, 0x0, 0x0, 0x0, 0x0, 0xff,
    0xfe, 0x0, 0x0, 0x0, 0x0, 0x0, 0x0, 0x0,
    0xe, 0xff, 0xa0, 0x0, 0x0, 0x0, 0x0, 0x4f,
    0xff, 0x80, 0x0, 0x0, 0x0, 0x0, 0x0, 0x0,
    0x0, 0x8f, 0xff, 0x10, 0x0, 0x0, 0x0, 0xa,
    0xff, 0xf1, 0x0, 0x0, 0x0, 0x0, 0x0, 0x0,
    0x0, 0x3, 0xff, 0xf5, 0x0, 0x0, 0x0, 0x1,
    0xff, 0xf9, 0x0, 0x0, 0x0, 0x0, 0x2, 0x22,
    0x22, 0x22, 0x2f, 0xff, 0xa2, 0x22, 0x22, 0x22,
    0x8f, 0xff, 0x42, 0x22, 0x22, 0x22, 0x2, 0xff,
    0xff, 0xff, 0xff, 0xff, 0xff, 0xff, 0xff, 0xff,
    0xff, 0xff, 0xff, 0xff, 0xff, 0xff, 0xf2, 0x2f,
    0xff, 0xff, 0xff, 0xff, 0xff, 0xff, 0xff, 0xff,
    0xff, 0xff, 0xff, 0xff, 0xff, 0xff, 0xff, 0x21,
    0xcc, 0xcc, 0xcc, 0xcc, 0xcc, 0xcc, 0xcc, 0xcc,
    0xcc, 0xcc, 0xcc, 0xcc, 0xcc, 0xcc, 0xcc, 0xc2,
    0x0, 0x0, 0x0, 0x0, 0x0, 0x0, 0x0, 0x0,
    0x0, 0x0, 0x0, 0x0, 0x0, 0x0, 0x0, 0x0,
    0x0, 0x0, 0x0, 0x0, 0x0, 0x0, 0x0, 0x0,
    0x0, 0x0, 0x0, 0x0, 0x0, 0x0, 0x0, 0x0,
    0x0, 0x0, 0x0, 0x6, 0xbb, 0xbb, 0xbb, 0xbb,
    0xbb, 0xbb, 0xbb, 0xbb, 0xbb, 0xbb, 0xba, 0x0,
    0x0, 0x0, 0x0, 0x0, 0x8f, 0xff, 0xff, 0xff,
    0xff, 0xff, 0xff, 0xff, 0xff, 0xff, 0xff, 0xe0,
    0x0, 0x0, 0x0, 0x0, 0x8, 0xff, 0xff, 0xff,
    0xff, 0xff, 0xff, 0xff, 0xff, 0xff, 0xff, 0xfe,
    0x0, 0x0, 0x0, 0x0, 0x0, 0x8f, 0xfc, 0x0,
    0x0, 0x0, 0x0, 0x0, 0x0, 0x0, 0x8, 0xff,
    0xe0, 0x0, 0x0, 0x0, 0x0, 0x8, 0xff, 0xc0,
    0x0, 0x0, 0x0, 0x0, 0x0, 0x0, 0x0, 0x8f,
    0xfe, 0x0, 0x0, 0x0, 0x0, 0x0, 0x8f, 0xfc,
    0x0, 0x0, 0x0, 0x0, 0x0, 0x0, 0x0, 0x8,
    0xff, 0xe0, 0x0, 0x0, 0x0, 0x0, 0x8, 0xff,
    0xff, 0xff, 0xff, 0xff, 0xff, 0xff, 0xff, 0xff,
    0xff, 0xfe, 0x0, 0x0, 0x0, 0x0, 0x0, 0x8f,
    0xff, 0xff, 0xff, 0xff, 0xff, 0xff, 0xff, 0xff,
    0xff, 0xff, 0xe0, 0x0, 0x0, 0x0, 0x0, 0x8,
    0xff, 0xe9, 0x99, 0x99, 0x99, 0x99, 0x99, 0x99,
    0x99, 0xdf, 0xfe, 0x0, 0x0, 0x0, 0x0, 0x0,
    0x8f, 0xfc, 0x0, 0x0, 0x0, 0x0, 0x0, 0x0,
    0x0, 0x8, 0xff, 0xe0, 0x0, 0x0, 0x0, 0x0,
    0x8, 0xff, 0xc0, 0x0, 0x0, 0x0, 0x0, 0x0,
    0x0, 0x0, 0x8f, 0xfe, 0x0, 0x0, 0x0, 0x0,
    0x0, 0x8f, 0xfc, 0x0, 0x0, 0x0, 0x0, 0x0,
    0x0, 0x0, 0x8, 0xff, 0xe0, 0x0, 0x0, 0x0,
    0x0, 0x8, 0xff, 0xff, 0xff, 0xff, 0xff, 0xff,
    0xff, 0xff, 0xff, 0xff, 0xfe, 0x0, 0x0, 0x0,
    0x0, 0x0, 0x8f, 0xff, 0xff, 0xff, 0xff, 0xff,
    0xff, 0xff, 0xff, 0xff, 0xff, 0xe0, 0x0, 0x0,
    0x0, 0x0, 0x8, 0xff, 0xeb, 0xbb, 0xbb, 0xbb,
    0xbb, 0xbb, 0xbb, 0xbb, 0xdf, 0xfe, 0x0, 0x0,
    0x0, 0x0, 0x0, 0x8f, 0xfc, 0x0, 0x0, 0x0,
    0x0, 0x0, 0x0, 0x0, 0x7, 0xff, 0xe0, 0x0,
    0x0,

    /* U+98CE "风" */
    0x0, 0x0, 0x0, 0x0, 0x0, 0x0, 0x0, 0x0,
    0x0, 0x0, 0x0, 0x0, 0x0, 0x0, 0x0, 0x0,
    0x0, 0x0, 0x0, 0xbf, 0xff, 0xff, 0xff, 0xff,
    0xff, 0xff, 0xff, 0xff, 0xff, 0xff, 0xff, 0x30,
    0x0, 0x0, 0x0, 0x0, 0xbf, 0xff, 0xff, 0xff,
    0xff, 0xff, 0xff, 0xff, 0xff, 0xff, 0xff, 0xff,
    0x30, 0x0, 0x0, 0x0, 0x0, 0xbf, 0xff, 0xff,
    0xff, 0xff, 0xff, 0xff, 0xff, 0xff, 0xff, 0xff,
    0xff, 0x30, 0x0, 0x0, 0x0, 0x0, 0xbf, 0xfb,
    0x11, 0x11, 0x11, 0x11, 0x11, 0x11, 0x11, 0x11,
    0x2f, 0xff, 0x30, 0x0, 0x0, 0x0, 0x0, 0xbf,
    0xfa, 0x0, 0x0, 0x0, 0x0, 0x0, 0x0, 0x0,
    0x0, 0xf, 0xff, 0x30, 0x0, 0x0, 0x0, 0x0,
    0xbf, 0xfa, 0x0, 0x0, 0x0, 0x0, 0x0, 0x2,
    0x61, 0x0, 0xf, 0xff, 0x30, 0x0, 0x0, 0x0,
    0x0, 0xbf, 0xfa, 0x0, 0x1, 0x0, 0x0, 0x0,
    0x8, 0xff, 0x80, 0xf, 0xff, 0x30, 0x0, 0x0,
    0x0, 0x0, 0xbf, 0xfa, 0x3, 0xce, 0x20, 0x0,
    0x0, 0xe, 0xff, 0x40, 0xf, 0xff, 0x30, 0x0,
    0x0, 0x0, 0x0, 0xbf, 0xfa, 0x1e, 0xff, 0xd0,
    0x0, 0x0, 0x4f, 0xfe, 0x0, 0xf, 0xff, 0x30,
    0x0, 0x0, 0x0, 0x0, 0xbf, 0xfa, 0x4, 0xff,
    0xfb, 0x0, 0x0, 0xaf, 0xf8, 0x0, 0xf, 0xff,
    0x30, 0x0, 0x0, 0x0, 0x0, 0xcf, 0xfa, 0x0,
    0x7f, 0xff, 0x70, 0x2, 0xff, 0xf2, 0x0, 0xf,
    0xff, 0x30, 0x0, 0x0, 0x0, 0x0, 0xcf, 0xfa,
    0x0, 0xb, 0xff, 0xf4, 0x9, 0xff, 0xc0, 0x0,
    0xf, 0xff, 0x30, 0x0, 0x0, 0x0, 0x0, 0xcf,
    0xfa, 0x0, 0x0, 0xdf, 0xfe, 0x3f, 0xff, 0x40,
    0x0, 0xf, 0xff, 0x30, 0x0, 0x0, 0x0, 0x0,
    0xdf, 0xf9, 0x0, 0x0, 0x3f, 0xff, 0xff, 0xfd,
    0x0, 0x0, 0xf, 0xff, 0x30, 0x0, 0x0, 0x0,
    0x0, 0xdf, 0xf8, 0x0, 0x0, 0x7, 0xff, 0xff,
    0xf5, 0x0, 0x0, 0xf, 0xff, 0x30, 0x0, 0x0,
    0x0, 0x0, 0xef, 0xf7, 0x0, 0x0, 0x0, 0xbf,
    0xff, 0xd0, 0x0, 0x0, 0xf, 0xff, 0x30, 0x0,
    0x0, 0x0, 0x0, 0xff, 0xf5, 0x0, 0x0, 0x0,
    0x5f, 0xff, 0xe1, 0x0, 0x0, 0xe, 0xff, 0x40,
    0x0, 0x0, 0x0, 0x2, 0xff, 0xf3, 0x0, 0x0,
    0x1, 0xef, 0xff, 0xfb, 0x0, 0x0, 0xd, 0xff,
    0x40, 0x0, 0x0, 0x0, 0x3, 0xff, 0xf1, 0x0,
    0x0, 0xa, 0xff, 0xff, 0xff, 0x60, 0x0, 0xd,
    0xff, 0x50, 0x0, 0x0, 0x0, 0x5, 0xff, 0xf0,
    0x0, 0x0, 0x7f, 0xff, 0x9d, 0xff, 0xf2, 0x0,
    0xc, 0xff, 0x50, 0x0, 0x0, 0x0, 0x8, 0xff,
    0xd0, 0x0, 0x4, 0xff, 0xfc, 0x4, 0xff, 0xfc,
    0x0, 0xb, 0xff, 0x60, 0x0, 0x0, 0x0, 0xc,
    0xff, 0xa0, 0x0, 0x2e, 0xff, 0xf2, 0x0, 0x9f,
    0xff, 0x60, 0x9, 0xff, 0x70, 0x0, 0x0, 0x0,
    0x1f, 0xff, 0x60, 0x2, 0xef, 0xff, 0x50, 0x0,
    0xe, 0xff, 0xf1, 0x8, 0xff, 0x80, 0x4, 0x0,
    0x0, 0x5f, 0xff, 0x20, 0x3e, 0xff, 0xf9, 0x0,
    0x0, 0x5, 0xff, 0xfa, 0x6, 0xff, 0xa0, 0xe,
    0x10, 0x0, 0x9f, 0xfe, 0x5, 0xff, 0xff, 0xb0,
    0x0, 0x0, 0x0, 0xcf, 0xff, 0x34, 0xff, 0xc0,
    0x1f, 0xd0, 0x0, 0xef, 0xfa, 0x1, 0xdf, 0xfb,
    0x0, 0x0, 0x0, 0x0, 0x3f, 0xf8, 0x1, 0xff,
    0xf0, 0x2f, 0xf0, 0x5, 0xff, 0xf5, 0x0, 0x1e,
    0xa0, 0x0, 0x0, 0x0, 0x0, 0x7, 0x20, 0x0,
    0xef, 0xf5, 0x5f, 0xe0, 0xd, 0xff, 0xe0, 0x0,
    0x1, 0x0, 0x0, 0x0, 0x0, 0x0, 0x0, 0x0,
    0x0, 0x9f, 0xfe, 0xcf, 0xc0, 0x7f, 0xff, 0x80,
    0x0, 0x0, 0x0, 0x0, 0x0, 0x0, 0x0, 0x0,
    0x0, 0x0, 0x3f, 0xff, 0xff, 0x80, 0x7f, 0xff,
    0x10, 0x0, 0x0, 0x0, 0x0, 0x0, 0x0, 0x0,
    0x0, 0x0, 0x0, 0xa, 0xff, 0xff, 0x30, 0x3,
    0xe7, 0x0, 0x0, 0x0, 0x0, 0x0, 0x0, 0x0,
    0x0, 0x0, 0x0, 0x0, 0x0, 0x8d, 0xd6, 0x0,
    0x0, 0x20, 0x0, 0x0, 0x0, 0x0, 0x0, 0x0,
    0x0, 0x0, 0x0, 0x0, 0x0, 0x0, 0x0, 0x0,
    0x0,

    /* U+9ED8 "默" */
    0x0, 0x0, 0x0, 0x0, 0x0, 0x0, 0x0, 0x0,
    0x0, 0x0, 0x0, 0x16, 0x63, 0x0, 0x0, 0x0,
    0x0, 0x0, 0x55, 0x55, 0x55, 0x55, 0x55, 0x55,
    0x55, 0x10, 0x0, 0x0, 0x4f, 0xf8, 0x0, 0x0,
    0x0, 0x0, 0x0, 0xff, 0xff, 0xff, 0xff, 0xff,
    0xff, 0xff, 0x20, 0x0, 0x0, 0x4f, 0xf8, 0x3a,
    0x0, 0x0, 0x0, 0x0, 0xff, 0xff, 0xff, 0xff,
    0xff, 0xff, 0xff, 0x20, 0x0, 0x0, 0x4f, 0xfc,
    0xff, 0xb0, 0x0, 0x0, 0x0, 0xff, 0x70, 0x0,
    0xef, 0x10, 0x5, 0xff, 0x20, 0x0, 0x0, 0x4f,
    0xf8, 0xaf, 0xf7, 0x0, 0x0, 0x0, 0xff, 0x89,
    0x40, 0xef, 0x13, 0x98, 0xff, 0x20, 0x0, 0x0,
    0x4f, 0xf8, 0xd, 0xff, 0x30, 0x0, 0x0, 0xff,
    0x8f, 0x90, 0xef, 0x18, 0xfb, 0xff, 0x20, 0x0,
    0x0, 0x4f, 0xf8, 0x3, 0xff, 0xd0, 0x0, 0x0,
    0xff, 0x7a, 0xe0, 0xef, 0x1c, 0xf6, 0xff, 0x20,
    0x0, 0x0, 0x4f, 0xf8, 0x0, 0x8f, 0xf6, 0x0,
    0x0, 0xff, 0x77, 0xf1, 0xef, 0x3f, 0x95, 0xff,
    0x20, 0x0, 0x0, 0x4f, 0xf8, 0x0, 0xc, 0x50,
    0x0, 0x0, 0xff, 0x75, 0xf4, 0xef, 0x7f, 0x35,
    0xff, 0x20, 0x0, 0x0, 0x4f, 0xf8, 0x0, 0x0,
    0x0, 0x0, 0x0, 0xff, 0x72, 0x92, 0xef, 0x8c,
    0x5, 0xff, 0x2a, 0xaa, 0xaa, 0xcf, 0xfd, 0xaa,
    0xaa, 0xaa, 0x30, 0x0, 0xff, 0x70, 0x0, 0xef,
    0x10, 0x5, 0xff, 0x2e, 0xff, 0xff, 0xff, 0xff,
    0xff, 0xff, 0xff, 0x40, 0x0, 0xff, 0xff, 0xff,
    0xff, 0xff, 0xff, 0xff, 0x2e, 0xff, 0xff, 0xff,
    0xff, 0xff, 0xff, 0xff, 0x40, 0x0, 0xff, 0xff,
    0xff, 0xff, 0xff, 0xff, 0xff, 0x26, 0x66, 0x66,
    0xbf, 0xfc, 0x66, 0x66, 0x66, 0x20, 0x0, 0x55,
    0x55, 0x58, 0xff, 0xb5, 0x55, 0x55, 0x10, 0x0,
    0x0, 0x9f, 0xfc, 0x0, 0x0, 0x0, 0x0, 0x0,
    0x0, 0x0, 0x4, 0xff, 0x80, 0x0, 0x0, 0x0,
    0x0, 0x0, 0xbf, 0xff, 0x0, 0x0, 0x0, 0x0,
    0x0, 0x99, 0x99, 0x9b, 0xff, 0xc9, 0x99, 0x99,
    0x0, 0x0, 0x0, 0xdf, 0xff, 0x40, 0x0, 0x0,
    0x0, 0x1, 0xff, 0xff, 0xff, 0xff, 0xff, 0xff,
    0xff, 0x0, 0x0, 0x0, 0xff, 0xff, 0x70, 0x0,
    0x0, 0x0, 0x1, 0xff, 0xff, 0xff, 0xff, 0xff,
    0xff, 0xff, 0x0, 0x0, 0x3, 0xff, 0xff, 0xb0,
    0x0, 0x0, 0x0, 0x0, 0x0, 0x0, 0x5, 0xff,
    0x90, 0x0, 0x0, 0x0, 0x0, 0x7, 0xff, 0xff,
    0xf1, 0x0, 0x0, 0x0, 0x0, 0x0, 0x0, 0x4,
    0xff, 0x80, 0x0, 0x0, 0x0, 0x0, 0xc, 0xff,
    0xaf, 0xf6, 0x0, 0x0, 0x0, 0x5, 0x67, 0x88,
    0x9b, 0xff, 0xec, 0xde, 0xff, 0x80, 0x0, 0xf,
    0xff, 0x2f, 0xfc, 0x0, 0x0, 0x0, 0xd, 0xff,
    0xff, 0xff, 0xff, 0xff, 0xff, 0xff, 0x80, 0x0,
    0x6f, 0xfc, 0xb, 0xff, 0x20, 0x0, 0x0, 0xd,
    0xff, 0xff, 0xff, 0xff, 0xfe, 0xdc, 0xba, 0x40,
    0x0, 0xdf, 0xf7, 0x6, 0xff, 0x80, 0x0, 0x0,
    0x5, 0x66, 0x54, 0x32, 0x10, 0x0, 0x0, 0x0,
    0x0, 0x4, 0xff, 0xf1, 0x1, 0xff, 0xf2, 0x0,
    0x0, 0x0, 0x4b, 0x40, 0x35, 0x2, 0x64, 0xa,
    0xe2, 0x0, 0xc, 0xff, 0xa0, 0x0, 0x9f, 0xfa,
    0x0, 0x0, 0x0, 0xaf, 0xd0, 0xef, 0x26, 0xfa,
    0xc, 0xf9, 0x0, 0x4f, 0xff, 0x30, 0x0, 0x2f,
    0xff, 0x30, 0x0, 0x0, 0xff, 0x80, 0xdf, 0x42,
    0xff, 0x5, 0xfe, 0x0, 0xdf, 0xfa, 0x0, 0x0,
    0xa, 0xff, 0xd0, 0x0, 0x6, 0xff, 0x20, 0xbf,
    0x60, 0xef, 0x31, 0xff, 0x39, 0xff, 0xf1, 0x0,
    0x0, 0x1, 0xff, 0xfb, 0x0, 0xe, 0xfc, 0x0,
    0xaf, 0x70, 0xbf, 0x60, 0xa7, 0x7f, 0xff, 0x70,
    0x0, 0x0, 0x0, 0x7f, 0xff, 0xb0, 0x6f, 0xf5,
    0x0, 0xaf, 0x70, 0x9f, 0x70, 0x2, 0xff, 0xfb,
    0x0, 0x0, 0x0, 0x0, 0xb, 0xff, 0xd1, 0x6e,
    0xd0, 0x0, 0x9c, 0x50, 0x10, 0x0, 0x0, 0x4e,
    0xe1, 0x0, 0x0, 0x0, 0x0, 0x0, 0xce, 0x10,
    0x0, 0x20, 0x0, 0x0, 0x0, 0x0, 0x0, 0x0,
    0x2, 0x30, 0x0, 0x0, 0x0, 0x0, 0x0, 0x13,
    0x0,

    /* U+FF1A "：" */
    0x0, 0x6a, 0x82, 0x0, 0x9f, 0xff, 0xf2, 0xf,
    0xff, 0xff, 0x82, 0xff, 0xff, 0xf9, 0xd, 0xff,
    0xff, 0x50, 0x2d, 0xff, 0x80, 0x0, 0x1, 0x0,
    0x0, 0x0, 0x0, 0x0, 0x0, 0x0, 0x0, 0x0,
    0x0, 0x0, 0x0, 0x0, 0x0, 0x0, 0x0, 0x0,
    0x0, 0x0, 0x0, 0x0, 0x0, 0x0, 0x0, 0x0,
    0x0, 0x0, 0x0, 0x0, 0x0, 0x0, 0x0, 0x0,
    0x0, 0x0, 0x0, 0x0, 0x6, 0xa8, 0x20, 0x9,
    0xff, 0xff, 0x20, 0xff, 0xff, 0xf8, 0x2f, 0xff,
    0xff, 0x90, 0xdf, 0xff, 0xf5, 0x2, 0xdf, 0xf8,
    0x0, 0x0, 0x10, 0x0,

    /* U+FFE5 "￥" */
    0x4, 0x44, 0x43, 0x0, 0x0, 0x0, 0x0, 0x0,
    0x0, 0x4, 0x44, 0x42, 0x9, 0xff, 0xff, 0x10,
    0x0, 0x0, 0x0, 0x0, 0x0, 0x7f, 0xff, 0xf2,
    0x1, 0xef, 0xff, 0xa0, 0x0, 0x0, 0x0, 0x0,
    0x1, 0xef, 0xff, 0x80, 0x0, 0x5f, 0xff, 0xf3,
    0x0, 0x0, 0x0, 0x0, 0x8, 0xff, 0xfd, 0x0,
    0x0, 0xb, 0xff, 0xfb, 0x0, 0x0, 0x0, 0x0,
    0x1f, 0xff, 0xf3, 0x0, 0x0, 0x1, 0xff, 0xff,
    0x40, 0x0, 0x0, 0x0, 0xaf, 0xff, 0x90, 0x0,
    0x0, 0x0, 0x6f, 0xff, 0xd0, 0x0, 0x0, 0x2,
    0xff, 0xfe, 0x0, 0x0, 0x0, 0x0, 0xc, 0xff,
    0xf6, 0x0, 0x0, 0xb, 0xff, 0xf4, 0x0, 0x0,
    0x0, 0x0, 0x2, 0xff, 0xfe, 0x0, 0x0, 0x3f,
    0xff, 0xa0, 0x0, 0x0, 0x0, 0x0, 0x0, 0x7f,
    0xff, 0x60, 0x0, 0xcf, 0xfe, 0x10, 0x0, 0x0,
    0x0, 0x0, 0x0, 0xd, 0xff, 0xe0, 0x4, 0xff,
    0xf6, 0x0, 0x0, 0x0, 0x0, 0x0, 0x0, 0x3,
    0xff, 0xf7, 0xd, 0xff, 0xb0, 0x0, 0x0, 0x0,
    0x0, 0x0, 0x0, 0x0, 0x9f, 0xff, 0x7f, 0xff,
    0x20, 0x0, 0x0, 0x0, 0x0, 0x2, 0x33, 0x33,
    0x4f, 0xff, 0xff, 0xfa, 0x33, 0x33, 0x30, 0x0,
    0x0, 0xa, 0xff, 0xff, 0xff, 0xff, 0xff, 0xff,
    0xff, 0xff, 0xf2, 0x0, 0x0, 0x9, 0xee, 0xee,
    0xee, 0xff, 0xff, 0xfe, 0xee, 0xee, 0xe2, 0x0,
    0x0, 0x0, 0x0, 0x0, 0x0, 0xbf, 0xff, 0x40,
    0x0, 0x0, 0x0, 0x0, 0x0, 0x0, 0x0, 0x0,
    0x0, 0xbf, 0xff, 0x40, 0x0, 0x0, 0x0, 0x0,
    0x0, 0x9, 0xff, 0xff, 0xff, 0xff, 0xff, 0xff,
    0xff, 0xff, 0xf2, 0x0, 0x0, 0xa, 0xff, 0xff,
    0xff, 0xff, 0xff, 0xff, 0xff, 0xff, 0xf2, 0x0,
    0x0, 0x2, 0x33, 0x33, 0x33, 0xcf, 0xff, 0x73,
    0x33, 0x33, 0x30, 0x0, 0x0, 0x0, 0x0, 0x0,
    0x0, 0xbf, 0xff, 0x40, 0x0, 0x0, 0x0, 0x0,
    0x0, 0x0, 0x0, 0x0, 0x0, 0xbf, 0xff, 0x40,
    0x0, 0x0, 0x0, 0x0, 0x0, 0x0, 0x0, 0x0,
    0x0, 0xbf, 0xff, 0x40, 0x0, 0x0, 0x0, 0x0,
    0x0, 0x0, 0x0, 0x0, 0x0, 0xbf, 0xff, 0x40,
    0x0, 0x0, 0x0, 0x0, 0x0, 0x0, 0x0, 0x0,
    0x0, 0xbe, 0xee, 0x40, 0x0, 0x0, 0x0, 0x0
};


/*---------------------
 *  GLYPH DESCRIPTION
 *--------------------*/

static const lv_font_fmt_txt_glyph_dsc_t glyph_dsc[] = {
    {.bitmap_index = 0, .adv_w = 0, .box_w = 0, .box_h = 0, .ofs_x = 0, .ofs_y = 0} /* id = 0 reserved */,
    {.bitmap_index = 0, .adv_w = 126, .box_w = 0, .box_h = 0, .ofs_x = 0, .ofs_y = 0},
    {.bitmap_index = 0, .adv_w = 200, .box_w = 10, .box_h = 4, .ofs_x = 1, .ofs_y = 9},
    {.bitmap_index = 20, .adv_w = 167, .box_w = 6, .box_h = 7, .ofs_x = 2, .ofs_y = -1},
    {.bitmap_index = 41, .adv_w = 319, .box_w = 18, .box_h = 27, .ofs_x = 1, .ofs_y = -1},
    {.bitmap_index = 284, .adv_w = 319, .box_w = 16, .box_h = 26, .ofs_x = 2, .ofs_y = 0},
    {.bitmap_index = 492, .adv_w = 319, .box_w = 18, .box_h = 26, .ofs_x = 1, .ofs_y = 0},
    {.bitmap_index = 726, .adv_w = 319, .box_w = 18, .box_h = 27, .ofs_x = 0, .ofs_y = -1},
    {.bitmap_index = 969, .adv_w = 319, .box_w = 19, .box_h = 26, .ofs_x = 0, .ofs_y = 0},
    {.bitmap_index = 1216, .adv_w = 319, .box_w = 19, .box_h = 27, .ofs_x = 0, .ofs_y = -1},
    {.bitmap_index = 1473, .adv_w = 319, .box_w = 18, .box_h = 27, .ofs_x = 1, .ofs_y = -1},
    {.bitmap_index = 1716, .adv_w = 319, .box_w = 18, .box_h = 26, .ofs_x = 1, .ofs_y = 0},
    {.bitmap_index = 1950, .adv_w = 319, .box_w = 18, .box_h = 27, .ofs_x = 1, .ofs_y = -1},
    {.bitmap_index = 2193, .adv_w = 319, .box_w = 18, .box_h = 27, .ofs_x = 1, .ofs_y = -1},
    {.bitmap_index = 2436, .adv_w = 167, .box_w = 6, .box_h = 21, .ofs_x = 2, .ofs_y = -1},
    {.bitmap_index = 2499, .adv_w = 348, .box_w = 22, .box_h = 26, .ofs_x = 0, .ofs_y = 0},
    {.bitmap_index = 2785, .adv_w = 374, .box_w = 19, .box_h = 26, .ofs_x = 3, .ofs_y = 0},
    {.bitmap_index = 3032, .adv_w = 362, .box_w = 21, .box_h = 27, .ofs_x = 1, .ofs_y = -1},
    {.bitmap_index = 3316, .adv_w = 391, .box_w = 20, .box_h = 26, .ofs_x = 3, .ofs_y = 0},
    {.bitmap_index = 3576, .adv_w = 336, .box_w = 16, .box_h = 26, .ofs_x = 3, .ofs_y = 0},
    {.bitmap_index = 3784, .adv_w = 317, .box_w = 16, .box_h = 26, .ofs_x = 3, .ofs_y = 0},
    {.bitmap_index = 3992, .adv_w = 393, .box_w = 22, .box_h = 27, .ofs_x = 1, .ofs_y = -1},
    {.bitmap_index = 4289, .adv_w = 415, .box_w = 20, .box_h = 26, .ofs_x = 3, .ofs_y = 0},
    {.bitmap_index = 4549, .adv_w = 173, .box_w = 5, .box_h = 26, .ofs_x = 3, .ofs_y = 0},
    {.bitmap_index = 4614, .adv_w = 307, .box_w = 15, .box_h = 27, .ofs_x = 1, .ofs_y = -1},
    {.bitmap_index = 4817, .adv_w = 372, .box_w = 21, .box_h = 26, .ofs_x = 3, .ofs_y = 0},
    {.bitmap_index = 5090, .adv_w = 312, .box_w = 16, .box_h = 26, .ofs_x = 3, .ofs_y = 0},
    {.bitmap_index = 5298, .adv_w = 465, .box_w = 23, .box_h = 26, .ofs_x = 3, .ofs_y = 0},
    {.bitmap_index = 5597, .adv_w = 411, .box_w = 20, .box_h = 26, .ofs_x = 3, .ofs_y = 0},
    {.bitmap_index = 5857, .adv_w = 422, .box_w = 24, .box_h = 27, .ofs_x = 1, .ofs_y = -1},
    {.bitmap_index = 6181, .adv_w = 363, .box_w = 19, .box_h = 26, .ofs_x = 3, .ofs_y = 0},
    {.bitmap_index = 6428, .adv_w = 422, .box_w = 25, .box_h = 34, .ofs_x = 1, .ofs_y = -8},
    {.bitmap_index = 6853, .adv_w = 367, .box_w = 20, .box_h = 26, .ofs_x = 3, .ofs_y = 0},
    {.bitmap_index = 7113, .adv_w = 340, .box_w = 19, .box_h = 27, .ofs_x = 1, .ofs_y = -1},
    {.bitmap_index = 7370, .adv_w = 342, .box_w = 20, .box_h = 26, .ofs_x = 1, .ofs_y = 0},
    {.bitmap_index = 7630, .adv_w = 410, .box_w = 20, .box_h = 27, .ofs_x = 3, .ofs_y = -1},
    {.bitmap_index = 7900, .adv_w = 333, .box_w = 22, .box_h = 26, .ofs_x = -1, .ofs_y = 0},
    {.bitmap_index = 8186, .adv_w = 501, .box_w = 31, .box_h = 26, .ofs_x = 0, .ofs_y = 0},
    {.bitmap_index = 8589, .adv_w = 334, .box_w = 21, .box_h = 26, .ofs_x = 0, .ofs_y = 0},
    {.bitmap_index = 8862, .adv_w = 310, .box_w = 21, .box_h = 26, .ofs_x = -1, .ofs_y = 0},
    {.bitmap_index = 9135, .adv_w = 340, .box_w = 19, .box_h = 26, .ofs_x = 1, .ofs_y = 0},
    {.bitmap_index = 9382, .adv_w = 322, .box_w = 17, .box_h = 21, .ofs_x = 1, .ofs_y = -1},
    {.bitmap_index = 9561, .adv_w = 352, .box_w = 18, .box_h = 29, .ofs_x = 3, .ofs_y = -1},
    {.bitmap_index = 9822, .adv_w = 290, .box_w = 17, .box_h = 21, .ofs_x = 1, .ofs_y = -1},
    {.bitmap_index = 10001, .adv_w = 353, .box_w = 19, .box_h = 29, .ofs_x = 1, .ofs_y = -1},
    {.bitmap_index = 10277, .adv_w = 317, .box_w = 18, .box_h = 21, .ofs_x = 1, .ofs_y = -1},
    {.bitmap_index = 10466, .adv_w = 194, .box_w = 14, .box_h = 29, .ofs_x = 0, .ofs_y = 0},
    {.bitmap_index = 10669, .adv_w = 324, .box_w = 19, .box_h = 28, .ofs_x = 1, .ofs_y = -8},
    {.bitmap_index = 10935, .adv_w = 348, .box_w = 17, .box_h = 28, .ofs_x = 3, .ofs_y = 0},
    {.bitmap_index = 11173, .adv_w = 161, .box_w = 6, .box_h = 28, .ofs_x = 2, .ofs_y = 0},
    {.bitmap_index = 11257, .adv_w = 162, .box_w = 10, .box_h = 36, .ofs_x = -2, .ofs_y = -8},
    {.bitmap_index = 11437, .adv_w = 322, .box_w = 17, .box_h = 28, .ofs_x = 3, .ofs_y = 0},
    {.bitmap_index = 11675, .adv_w = 167, .box_w = 7, .box_h = 29, .ofs_x = 3, .ofs_y = -1},
    {.bitmap_index = 11777, .adv_w = 528, .box_w = 28, .box_h = 20, .ofs_x = 3, .ofs_y = 0},
    {.bitmap_index = 12057, .adv_w = 349, .box_w = 17, .box_h = 20, .ofs_x = 3, .ofs_y = 0},
    {.bitmap_index = 12227, .adv_w = 344, .box_w = 19, .box_h = 21, .ofs_x = 1, .ofs_y = -1},
    {.bitmap_index = 12427, .adv_w = 353, .box_w = 18, .box_h = 28, .ofs_x = 3, .ofs_y = -8},
    {.bitmap_index = 12679, .adv_w = 353, .box_w = 19, .box_h = 28, .ofs_x = 1, .ofs_y = -8},
    {.bitmap_index = 12945, .adv_w = 229, .box_w = 12, .box_h = 20, .ofs_x = 3, .ofs_y = 0},
    {.bitmap_index = 13065, .adv_w = 269, .box_w = 15, .box_h = 21, .ofs_x = 1, .ofs_y = -1},
    {.bitmap_index = 13223, .adv_w = 222, .box_w = 14, .box_h = 27, .ofs_x = 0, .ofs_y = -1},
    {.bitmap_index = 13412, .adv_w = 347, .box_w = 17, .box_h = 21, .ofs_x = 2, .ofs_y = -1},
    {.bitmap_index = 13591, .adv_w = 305, .box_w = 19, .box_h = 20, .ofs_x = 0, .ofs_y = 0},
    {.bitmap_index = 13781, .adv_w = 464, .box_w = 29, .box_h = 20, .ofs_x = 0, .ofs_y = 0},
    {.bitmap_index = 14071, .adv_w = 295, .box_w = 18, .box_h = 20, .ofs_x = 0, .ofs_y = 0},
    {.bitmap_index = 14251, .adv_w = 305, .box_w = 19, .box_h = 28, .ofs_x = 0, .ofs_y = -8},
    {.bitmap_index = 14517, .adv_w = 275, .box_w = 16, .box_h = 20, .ofs_x = 1, .ofs_y = 0},
    {.bitmap_index = 14677, .adv_w = 319, .box_w = 20, .box_h = 26, .ofs_x = 0, .ofs_y = 0},
    {.bitmap_index = 14937, .adv_w = 504, .box_w = 29, .box_h = 3, .ofs_x = 1, .ofs_y = 9},
    {.bitmap_index = 14981, .adv_w = 560, .box_w = 9, .box_h = 9, .ofs_x = 13, .ofs_y = 9},
    {.bitmap_index = 15022, .adv_w = 560, .box_w = 33, .box_h = 28, .ofs_x = 1, .ofs_y = -1},
    {.bitmap_index = 15484, .adv_w = 560, .box_w = 29, .box_h = 33, .ofs_x = 3, .ofs_y = -3},
    {.bitmap_index = 15963, .adv_w = 560, .box_w = 33, .box_h = 35, .ofs_x = 1, .ofs_y = -4},
    {.bitmap_index = 16541, .adv_w = 560, .box_w = 34, .box_h = 33, .ofs_x = 0, .ofs_y = -3},
    {.bitmap_index = 17102, .adv_w = 560, .box_w = 32, .box_h = 33, .ofs_x = 1, .ofs_y = -3},
    {.bitmap_index = 17630, .adv_w = 560, .box_w = 34, .box_h = 33, .ofs_x = 0, .ofs_y = -3},
    {.bitmap_index = 18191, .adv_w = 560, .box_w = 34, .box_h = 34, .ofs_x = 0, .ofs_y = -4},
    {.bitmap_index = 18769, .adv_w = 560, .box_w = 33, .box_h = 33, .ofs_x = 1, .ofs_y = -3},
    {.bitmap_index = 19314, .adv_w = 560, .box_w = 33, .box_h = 34, .ofs_x = 1, .ofs_y = -4},
    {.bitmap_index = 19875, .adv_w = 560, .box_w = 32, .box_h = 34, .ofs_x = 1, .ofs_y = -4},
    {.bitmap_index = 20419, .adv_w = 560, .box_w = 33, .box_h = 34, .ofs_x = 1, .ofs_y = -4},
    {.bitmap_index = 20980, .adv_w = 560, .box_w = 33, .box_h = 34, .ofs_x = 1, .ofs_y = -4},
    {.bitmap_index = 21541, .adv_w = 560, .box_w = 31, .box_h = 33, .ofs_x = 2, .ofs_y = -4},
    {.bitmap_index = 22053, .adv_w = 560, .box_w = 33, .box_h = 34, .ofs_x = 0, .ofs_y = -4},
    {.bitmap_index = 22614, .adv_w = 560, .box_w = 34, .box_h = 33, .ofs_x = 0, .ofs_y = -3},
    {.bitmap_index = 23175, .adv_w = 560, .box_w = 33, .box_h = 34, .ofs_x = 1, .ofs_y = -3},
    {.bitmap_index = 23736, .adv_w = 560, .box_w = 34, .box_h = 32, .ofs_x = 0, .ofs_y = -4},
    {.bitmap_index = 24280, .adv_w = 560, .box_w = 35, .box_h = 33, .ofs_x = 0, .ofs_y = -3},
    {.bitmap_index = 24858, .adv_w = 560, .box_w = 33, .box_h = 31, .ofs_x = 1, .ofs_y = -3},
    {.bitmap_index = 25370, .adv_w = 560, .box_w = 34, .box_h = 34, .ofs_x = 0, .ofs_y = -4},
    {.bitmap_index = 25948, .adv_w = 560, .box_w = 33, .box_h = 33, .ofs_x = 1, .ofs_y = -3},
    {.bitmap_index = 26493, .adv_w = 560, .box_w = 33, .box_h = 32, .ofs_x = 1, .ofs_y = -4},
    {.bitmap_index = 27021, .adv_w = 560, .box_w = 34, .box_h = 34, .ofs_x = 0, .ofs_y = -4},
    {.bitmap_index = 27599, .adv_w = 560, .box_w = 33, .box_h = 34, .ofs_x = 1, .ofs_y = -4},
    {.bitmap_index = 28160, .adv_w = 560, .box_w = 33, .box_h = 34, .ofs_x = 1, .ofs_y = -4},
    {.bitmap_index = 28721, .adv_w = 560, .box_w = 33, .box_h = 34, .ofs_x = 1, .ofs_y = -4},
    {.bitmap_index = 29282, .adv_w = 560, .box_w = 34, .box_h = 34, .ofs_x = 0, .ofs_y = -4},
    {.bitmap_index = 29860, .adv_w = 560, .box_w = 33, .box_h = 34, .ofs_x = 0, .ofs_y = -4},
    {.bitmap_index = 30421, .adv_w = 560, .box_w = 34, .box_h = 34, .ofs_x = 0, .ofs_y = -4},
    {.bitmap_index = 30999, .adv_w = 560, .box_w = 33, .box_h = 33, .ofs_x = 1, .ofs_y = -3},
    {.bitmap_index = 31544, .adv_w = 560, .box_w = 34, .box_h = 34, .ofs_x = 0, .ofs_y = -4},
    {.bitmap_index = 32122, .adv_w = 560, .box_w = 34, .box_h = 34, .ofs_x = 1, .ofs_y = -4},
    {.bitmap_index = 32700, .adv_w = 560, .box_w = 34, .box_h = 33, .ofs_x = 1, .ofs_y = -3},
    {.bitmap_index = 33261, .adv_w = 560, .box_w = 33, .box_h = 33, .ofs_x = 1, .ofs_y = -3},
    {.bitmap_index = 33806, .adv_w = 560, .box_w = 32, .box_h = 34, .ofs_x = 2, .ofs_y = -4},
    {.bitmap_index = 34350, .adv_w = 560, .box_w = 33, .box_h = 33, .ofs_x = 1, .ofs_y = -3},
    {.bitmap_index = 34895, .adv_w = 560, .box_w = 34, .box_h = 33, .ofs_x = 1, .ofs_y = -3},
    {.bitmap_index = 35456, .adv_w = 560, .box_w = 34, .box_h = 33, .ofs_x = 0, .ofs_y = -3},
    {.bitmap_index = 36017, .adv_w = 560, .box_w = 34, .box_h = 34, .ofs_x = 1, .ofs_y = -4},
    {.bitmap_index = 36595, .adv_w = 560, .box_w = 34, .box_h = 34, .ofs_x = 1, .ofs_y = -4},
    {.bitmap_index = 37173, .adv_w = 560, .box_w = 33, .box_h = 33, .ofs_x = 1, .ofs_y = -3},
    {.bitmap_index = 37718, .adv_w = 560, .box_w = 33, .box_h = 32, .ofs_x = 1, .ofs_y = -3},
    {.bitmap_index = 38246, .adv_w = 560, .box_w = 33, .box_h = 33, .ofs_x = 1, .ofs_y = -3},
    {.bitmap_index = 38791, .adv_w = 560, .box_w = 34, .box_h = 30, .ofs_x = 1, .ofs_y = -2},
    {.bitmap_index = 39301, .adv_w = 560, .box_w = 34, .box_h = 33, .ofs_x = 0, .ofs_y = -4},
    {.bitmap_index = 39862, .adv_w = 560, .box_w = 34, .box_h = 33, .ofs_x = 0, .ofs_y = -3},
    {.bitmap_index = 40423, .adv_w = 560, .box_w = 33, .box_h = 33, .ofs_x = 1, .ofs_y = -3},
    {.bitmap_index = 40968, .adv_w = 560, .box_w = 32, .box_h = 33, .ofs_x = 1, .ofs_y = -3},
    {.bitmap_index = 41496, .adv_w = 560, .box_w = 35, .box_h = 34, .ofs_x = 0, .ofs_y = -4},
    {.bitmap_index = 42091, .adv_w = 560, .box_w = 34, .box_h = 33, .ofs_x = 0, .ofs_y = -3},
    {.bitmap_index = 42652, .adv_w = 560, .box_w = 34, .box_h = 34, .ofs_x = 0, .ofs_y = -4},
    {.bitmap_index = 43230, .adv_w = 560, .box_w = 31, .box_h = 31, .ofs_x = 2, .ofs_y = -3},
    {.bitmap_index = 43711, .adv_w = 560, .box_w = 33, .box_h = 31, .ofs_x = 1, .ofs_y = -2},
    {.bitmap_index = 44223, .adv_w = 560, .box_w = 34, .box_h = 33, .ofs_x = 1, .ofs_y = -4},
    {.bitmap_index = 44784, .adv_w = 560, .box_w = 33, .box_h = 33, .ofs_x = 1, .ofs_y = -3},
    {.bitmap_index = 45329, .adv_w = 560, .box_w = 35, .box_h = 34, .ofs_x = 0, .ofs_y = -4},
    {.bitmap_index = 45924, .adv_w = 560, .box_w = 26, .box_h = 33, .ofs_x = 5, .ofs_y = -3},
    {.bitmap_index = 46353, .adv_w = 560, .box_w = 33, .box_h = 33, .ofs_x = 1, .ofs_y = -3},
    {.bitmap_index = 46898, .adv_w = 560, .box_w = 33, .box_h = 33, .ofs_x = 1, .ofs_y = -3},
    {.bitmap_index = 47443, .adv_w = 560, .box_w = 34, .box_h = 33, .ofs_x = 1, .ofs_y = -3},
    {.bitmap_index = 48004, .adv_w = 560, .box_w = 34, .box_h = 33, .ofs_x = 1, .ofs_y = -4},
    {.bitmap_index = 48565, .adv_w = 560, .box_w = 33, .box_h = 32, .ofs_x = 1, .ofs_y = -3},
    {.bitmap_index = 49093, .adv_w = 560, .box_w = 35, .box_h = 34, .ofs_x = 0, .ofs_y = -4},
    {.bitmap_index = 49688, .adv_w = 560, .box_w = 30, .box_h = 34, .ofs_x = 3, .ofs_y = -4},
    {.bitmap_index = 50198, .adv_w = 560, .box_w = 31, .box_h = 33, .ofs_x = 2, .ofs_y = -3},
    {.bitmap_index = 50710, .adv_w = 560, .box_w = 33, .box_h = 34, .ofs_x = 1, .ofs_y = -3},
    {.bitmap_index = 51271, .adv_w = 560, .box_w = 34, .box_h = 33, .ofs_x = 1, .ofs_y = -4},
    {.bitmap_index = 51832, .adv_w = 560, .box_w = 34, .box_h = 33, .ofs_x = 1, .ofs_y = -3},
    {.bitmap_index = 52393, .adv_w = 560, .box_w = 7, .box_h = 24, .ofs_x = 5, .ofs_y = -1},
    {.bitmap_index = 52477, .adv_w = 560, .box_w = 24, .box_h = 26, .ofs_x = 5, .ofs_y = 0}
};

/*---------------------
 *  CHARACTER MAPPING
 *--------------------*/

static const uint16_t unicode_list_0[] = {
    0x0, 0xd, 0xe
};

static const uint16_t unicode_list_4[] = {
    0x0, 0x1f6f, 0x1f7d, 0x205e, 0x4d88, 0x4e09, 0x4e33, 0x4e47,
    0x4f49, 0x4fb7, 0x50ce, 0x5112, 0x5191, 0x51fa, 0x52a2, 0x53b3,
    0x584b, 0x5868, 0x5b21, 0x5baa, 0x5db0, 0x5dcd, 0x5dea, 0x5e01,
    0x5e5b, 0x5ee0, 0x5fbd, 0x616c, 0x61ae, 0x61f0, 0x61ff, 0x62c9,
    0x6302, 0x648a, 0x6494, 0x64cb, 0x650b, 0x6551, 0x65dd, 0x6695,
    0x6b82, 0x6b8f, 0x6c72, 0x6cff, 0x6e5d, 0x7033, 0x7361, 0x775c,
    0x7966, 0x7afc, 0x7c56, 0x7e02, 0x7e37, 0x7e3a, 0x7eac, 0x7ec9,
    0x7faf, 0x8058, 0x808c, 0x8145, 0x8148, 0x895b, 0x8aff, 0x8b19,
    0x8b48, 0x945c, 0x9543, 0x954f, 0x974e, 0x9829, 0x9e33, 0xfe75,
    0xff40
};

/*Collect the unicode lists and glyph_id offsets*/
static const lv_font_fmt_txt_cmap_t cmaps[] =
{
    {
        .range_start = 32, .range_length = 15, .glyph_id_start = 1,
        .unicode_list = unicode_list_0, .glyph_id_ofs_list = NULL, .list_length = 3, .type = LV_FONT_FMT_TXT_CMAP_SPARSE_TINY
    },
    {
        .range_start = 48, .range_length = 11, .glyph_id_start = 4,
        .unicode_list = NULL, .glyph_id_ofs_list = NULL, .list_length = 0, .type = LV_FONT_FMT_TXT_CMAP_FORMAT0_TINY
    },
    {
        .range_start = 65, .range_length = 26, .glyph_id_start = 15,
        .unicode_list = NULL, .glyph_id_ofs_list = NULL, .list_length = 0, .type = LV_FONT_FMT_TXT_CMAP_FORMAT0_TINY
    },
    {
        .range_start = 97, .range_length = 26, .glyph_id_start = 41,
        .unicode_list = NULL, .glyph_id_ofs_list = NULL, .list_length = 0, .type = LV_FONT_FMT_TXT_CMAP_FORMAT0_TINY
    },
    {
        .range_start = 165, .range_length = 65345, .glyph_id_start = 67,
        .unicode_list = unicode_list_4, .glyph_id_ofs_list = NULL, .list_length = 73, .type = LV_FONT_FMT_TXT_CMAP_SPARSE_TINY
    }
};

/*-----------------
 *    KERNING
 *----------------*/


/*Map glyph_ids to kern left classes*/
static const uint8_t kern_left_class_mapping[] =
{
    0, 0, 1, 2, 0, 0, 0, 0,
    0, 0, 0, 0, 0, 0, 3, 4,
    5, 6, 7, 8, 9, 10, 0, 0,
    11, 12, 13, 0, 0, 7, 14, 7,
    15, 16, 17, 18, 19, 20, 21, 22,
    23, 24, 25, 26, 0, 27, 28, 29,
    30, 0, 0, 31, 32, 30, 30, 25,
    25, 33, 34, 35, 36, 33, 37, 38,
    39, 40, 41, 0, 1, 0, 0, 0,
    0, 0, 0, 0, 0, 0, 0, 0,
    0, 0, 0, 0, 0, 0, 0, 0,
    0, 0, 0, 0, 0, 0, 0, 0,
    0, 0, 0, 0, 0, 0, 0, 0,
    0, 0, 0, 0, 0, 0, 0, 0,
    0, 0, 0, 0, 0, 0, 0, 0,
    0, 0, 0, 0, 0, 0, 0, 0,
    0, 0, 0, 0, 0, 0, 0, 0,
    0, 0, 0, 0
};

/*Map glyph_ids to kern right classes*/
static const uint8_t kern_right_class_mapping[] =
{
    0, 0, 1, 2, 0, 0, 0, 0,
    0, 0, 0, 0, 0, 0, 3, 4,
    0, 5, 0, 0, 0, 5, 0, 0,
    6, 0, 0, 0, 0, 5, 0, 5,
    0, 7, 8, 9, 10, 11, 12, 13,
    14, 15, 0, 16, 16, 16, 17, 18,
    0, 0, 19, 0, 0, 20, 20, 16,
    20, 16, 20, 21, 22, 23, 24, 25,
    26, 27, 28, 0, 1, 0, 0, 0,
    0, 0, 0, 0, 0, 0, 0, 0,
    0, 0, 0, 0, 0, 0, 0, 0,
    0, 0, 0, 0, 0, 0, 0, 0,
    0, 0, 0, 0, 0, 0, 0, 0,
    0, 0, 0, 0, 0, 0, 0, 0,
    0, 0, 0, 0, 0, 0, 0, 0,
    0, 0, 0, 0, 0, 0, 0, 0,
    0, 0, 0, 0, 0, 0, 0, 0,
    0, 0, 0, 0
};

/*Kern values between classes*/
static const int8_t kern_class_values[] =
{
    0, 0, 0, 0, 0, -12, -13, -31,
    0, -12, -6, -19, -44, -12, 0, 0,
    0, 0, 0, 0, 0, -16, 0, -6,
    0, -10, 0, 0, 0, 0, 0, 0,
    0, 0, 0, -62, -14, -43, -22, 0,
    -62, 0, 0, -7, 0, 0, 18, 0,
    0, -32, 0, -27, -16, 0, -12, 0,
    0, 0, 0, 0, 0, 0, 0, 0,
    0, 0, 0, 0, -18, 0, 0, 0,
    0, 0, 2, 0, 0, 0, 0, 0,
    0, 0, 0, 0, 0, 0, 0, -3,
    -6, 0, 0, -38, -9, -10, 0, 0,
    -10, -4, 13, 0, -6, 0, 0, 0,
    13, -10, -3, -6, -3, -3, -6, 0,
    0, 0, 0, 0, 0, -11, -10, -16,
    0, -5, -3, -3, -10, -3, 0, 0,
    0, 0, 0, 0, 0, -6, 0, -10,
    -6, -6, -10, 0, -18, 0, 0, 0,
    -20, -6, -16, -10, -10, -3, -3, -3,
    -6, -6, 0, 0, 0, -12, 0, 0,
    0, -19, -6, -10, -6, 0, -10, 0,
    0, 0, 0, -6, 0, -28, 0, -16,
    0, -6, -3, -13, -12, -12, 0, 0,
    0, 0, 0, 0, 0, 0, 0, 0,
    0, -10, 0, -6, 0, 0, 0, 0,
    0, 0, 0, 0, 0, 0, 0, 0,
    0, 0, 0, -6, 0, 0, 0, 0,
    0, -16, 0, -6, 0, -22, -6, 0,
    0, -49, 0, -24, -6, -86, -14, 0,
    0, 0, 0, -16, -2, -19, -22, -10,
    0, -16, 0, -12, -14, -6, -11, -15,
    -12, -18, -12, -23, 0, 0, 0, -3,
    0, 0, 0, -12, 0, -10, -3, 0,
    0, 0, 0, 0, 0, 0, 0, 0,
    0, 0, 0, 0, 0, 0, 0, 0,
    0, -16, 0, 0, 0, -25, 0, 0,
    0, 0, 0, 0, 0, 0, 0, 0,
    0, 0, 0, 0, 0, 0, 0, 0,
    0, 0, 0, 0, -23, 0, 0, -6,
    -14, 0, -8, -13, -10, -9, -6, 0,
    -12, 0, 0, -6, 0, 0, -6, 0,
    0, -25, -8, -15, -12, -12, -15, -10,
    -32, 0, 0, 0, -18, 0, -15, -76,
    -20, -48, -36, 0, -50, 0, 0, -8,
    -10, -3, 0, 0, 0, -14, -6, -26,
    -22, 0, -26, 0, -19, -74, 0, -31,
    0, -91, -6, -13, 0, 0, 0, -16,
    -6, -44, -25, -15, 0, -16, 0, 0,
    -6, 0, 0, 0, 0, -10, 0, -12,
    -20, 0, 0, -3, 0, -10, -8, -10,
    0, 0, 3, -3, -3, -6, -3, -6,
    0, -3, 0, 0, 0, 0, 0, 0,
    0, -6, 0, -6, 10, 0, 0, 0,
    0, -10, -10, -12, 0, 0, 0, 0,
    -10, 0, 0, 0, 0, 0, 0, 0,
    0, -16, 0, 0, 0, 0, 0, -3,
    -44, -69, -12, -25, -16, -79, -22, 0,
    0, 0, 0, -12, -10, -32, -44, -44,
    -10, -44, 0, -29, -37, -10, -29, -19,
    -20, -22, -19, -45, 0, -12, 0, -10,
    0, -31, -6, 0, 0, -3, 0, -6,
    -10, 0, -3, 0, 0, -6, 0, 0,
    -3, 0, 0, 0, 0, -6, 0, 0,
    -12, -43, 0, -10, -6, -44, -6, 0,
    -6, 6, 0, 0, 0, -12, -16, -10,
    0, -13, 0, -12, -9, 0, -19, -6,
    -6, -10, -6, -15, -6, -22, 0, 0,
    -3, -38, -3, 0, 0, 0, 0, 0,
    0, -3, -10, 0, 0, -6, 0, 0,
    0, 0, 0, 0, 0, 0, 0, -6,
    -19, 0, 0, 0, -13, -3, -10, -12,
    -6, 0, 0, 0, 0, 0, -6, -6,
    -12, 0, 0, 0, 0, -12, -6, -12,
    -10, -6, -12, -10, -44, -61, -18, -10,
    -10, -63, -11, -10, -6, 0, 0, 0,
    0, -16, -44, -29, 0, -38, 0, -25,
    -29, -22, -22, -10, -16, -22, -10, -31,
    -20, 0, 0, -3, -12, -19, -19, 0,
    -6, -3, -3, 0, -10, -10, -10, -12,
    -12, -8, 0, 0, 0, -10, -13, -10,
    -10, -16, -10, 0, 0, 0, 0, 0,
    0, 0, 0, -16, 0, -12, -3, 0,
    -16, 0, 0, 0, 0, 0, 0, 0,
    0, -10, 0, 0, 0, 0, 0, 0,
    3, -6, 0, 0, 0, 0, 0, -36,
    0, -12, 0, -3, -31, 0, -8, 0,
    -2, 0, 0, 0, -2, -13, 0, -3,
    -3, -13, -3, -5, -15, 0, 0, 0,
    0, 0, 0, -12, 0, -10, 0, 0,
    -16, 0, -6, -15, 0, -6, 0, 0,
    0, -6, 0, 3, 3, 2, 3, 0,
    6, 0, 0, 0, 0, -12, -12, -16,
    0, -12, -6, 0, -18, 0, -8, 0,
    -2, -6, 0, 0, 0, -6, 0, 0,
    0, -6, 0, 0, -10, -34, 0, 0,
    0, 0, 0, 29, 0, 41, 29, 19,
    35, 0, -12, -6, 0, -8, -6, 0,
    -3, 0, 0, 6, 0, -3, 0, -10,
    0, 0, 0, 0, 0, 0, 0, -18,
    0, 0, 0, 0, -10, 0, -11, -10,
    0, 0, 25, 0, 0, 0, 0, -3,
    -3, 0, 7, -10, 0, 0, 0, 0,
    0, 0, 0, -16, 0, -6, 0, 0,
    -12, 0, 0, 0, 0, 0, 0, 0,
    0, 0, 0, 0, 0, 0, 0, 0,
    -36, 6, 6, 0, 0, 0, 0, -25,
    0, 0, 0, 0, -8, 0, -6, -13,
    0, -6, -6, 0, 0, -16, -10, 0,
    0, -6, 0, -6, 0, 0, 0, 0,
    0, 0, 0, 0, 0, 0, 0, 0,
    0, 0, 0, 0, 0, 0, 6, 0,
    0, 0, 0, 0, 0, 0, 0, 0,
    0, 0, 0, 0, 0, 0, 0, -12,
    0, -10, 0, 0, -19, 0, 0, 0,
    0, 0, 0, 0, 0, 0, 0, 0,
    0, 0, 0, 0, -16, -42, 12, -10,
    0, -38, 0, 0, 0, 0, 0, 0,
    0, -6, -16, -6, 0, -6, 0, 0,
    -3, 0, 0, 12, 10, 0, 12, -3,
    6, 0, 0, 0, 0, 0, 0, -16,
    0, -6, 0, 0, -12, 0, 0, 0,
    0, 0, 0, 0, 0, -12, 0, 0,
    0, 0, 0, 0, -18, 0, 7, 0,
    0, 0, 0, -10, 0, 0, 0, 0,
    -3, 0, -13, -10, 0, -6, 0, 0,
    -6, -12, 0, 0, 0, -10, 0, 0,
    -6, -27, 0, -7, 0, -25, 0, -12,
    0, -6, 0, 0, -10, -6, -12, -3,
    0, 0, -6, 0, 0, 0, 0, 0,
    0, 0, 0, -16, 0, -34, 0, -3,
    0, -19, 0, -16, 0, -6, 0, -10,
    -16, 0, -6, -3, 0, 0, -6, 0,
    0, 0, 0, 0, 0, 0, 0, -13,
    -10, -6, 0, 0, -6, 0, -3, -19,
    0, -10, 0, -6, -22, 0, -6, -13,
    0, 0, 0, 0, 0, -16, 0, 0,
    0, 0, -3, 0, 0, -27, 0, 0,
    0, -25, 0, -12, 0, -3, 0, -3,
    -6, 0, -12, -3, 0, 0, -6, 0,
    0, 0, 0, 0, 0, -10, 0, -16,
    -12, 0, 0, 0, 0, 0, 0, -16,
    0, 0, 0, 0, -16, 0, -13, -6,
    0, -3, 0, 0, 0, 0, -6, -3,
    0, 0, -3, 0
};


/*Collect the kern class' data in one place*/
static const lv_font_fmt_txt_kern_classes_t kern_classes =
{
    .class_pair_values   = kern_class_values,
    .left_class_mapping  = kern_left_class_mapping,
    .right_class_mapping = kern_right_class_mapping,
    .left_class_cnt      = 41,
    .right_class_cnt     = 28,
};

/*--------------------
 *  ALL CUSTOM DATA
 *--------------------*/

#if LVGL_VERSION_MAJOR == 8
/*Store all the custom data of the font*/
static  lv_font_fmt_txt_glyph_cache_t cache;
#endif

#if LVGL_VERSION_MAJOR >= 8
static const lv_font_fmt_txt_dsc_t font_dsc = {
#else
static lv_font_fmt_txt_dsc_t font_dsc = {
#endif
    .glyph_bitmap = glyph_bitmap,
    .glyph_dsc = glyph_dsc,
    .cmaps = cmaps,
    .kern_dsc = &kern_classes,
    .kern_scale = 16,
    .cmap_num = 5,
    .bpp = 4,
    .kern_classes = 1,
    .bitmap_format = 0,
#if LVGL_VERSION_MAJOR == 8
    .cache = &cache
#endif

};



/*-----------------
 *  PUBLIC FONT
 *----------------*/

/*Initialize a public general font descriptor*/
#if LVGL_VERSION_MAJOR >= 8
const lv_font_t ui_font_SC_35 = {
#else
lv_font_t ui_font_SC_35 = {
#endif
    .get_glyph_dsc = lv_font_get_glyph_dsc_fmt_txt,    /*Function pointer to get glyph's data*/
    .get_glyph_bitmap = lv_font_get_bitmap_fmt_txt,    /*Function pointer to get glyph's bitmap*/
    .line_height = 39,          /*The maximum line height required by the font*/
    .base_line = 8,             /*Baseline measured from the bottom of the line*/
#if !(LVGL_VERSION_MAJOR == 6 && LVGL_VERSION_MINOR == 0)
    .subpx = LV_FONT_SUBPX_NONE,
#endif
#if LV_VERSION_CHECK(7, 4, 0) || LVGL_VERSION_MAJOR >= 8
    .underline_position = -4,
    .underline_thickness = 2,
#endif
    .static_bitmap = 0,
    .dsc = &font_dsc,          /*The custom font data. Will be accessed by `get_glyph_bitmap/dsc` */
#if LV_VERSION_CHECK(8, 2, 0) || LVGL_VERSION_MAJOR >= 9
    .fallback = NULL,
#endif
    .user_data = NULL,
};



#endif /*#if UI_FONT_SC_35*/
