/*******************************************************************************
 * Size: 30 px
 * Bpp: 4
 * Opts: --bpp 4 --size 30 --no-compress --stride 1 --align 1 --font SourceHanSansSC-Medium.otf --symbols 1234567890ABCDEFGHIJKLMNOPQRSTUVWXYZabcdefghijklmnopqrstuvwxyz-—/ ，,.•：℃￥¥？?（）！!₃、():。请扫描屏幕上下二维码支付完成功机器自动运行大物单脱水标准洗筒自洁快检测到柔顺涤剂不足及时添加输入管理员密码错误稍后再试设置程序亮度声音控制语言待间恢复默认联系我们确定认取消当前时长漂次数转速温位智能金额重小分钟熄是否需要所有都将出厂正在所有已服务热线鸭专属为您提供优质的体验统切换中英文投臭氧新风护升级网络据修改放开启关闭可调节衣与用量产生来实现高效杀菌毒和去除异味效果卫平内歇性效促进湿气散发保持干爽最版本原两一致过处于常状态如若则无操作灭触控播报方式超秒订查询宝微信查询近条使右打连接最附配传项策略基础感故障日志户记录备仅禁止低中高冷烘却初始追防缠绕避免结均匀选择直点击即总停门锁仍解拨售后工程师业紧未决好或主板松安全口通畅电显示讯坏皮带轮并驱脑源模块断商学习特殊列号型循环头龙摆拉排清软泵滤戒警继续阀频率档溢液 --format lvgl -o ui_font_SC_30.c
 ******************************************************************************/

#ifdef __has_include
    #if __has_include("lvgl.h")
        #ifndef LV_LVGL_H_INCLUDE_SIMPLE
            #define LV_LVGL_H_INCLUDE_SIMPLE
        #endif
    #endif
#endif

#ifdef LV_LVGL_H_INCLUDE_SIMPLE
    #include "lvgl.h"
#else
    #include "lvgl/lvgl.h"
#endif



#ifndef UI_FONT_SC_30
#define UI_FONT_SC_30 1
#endif

#if UI_FONT_SC_30

/*-----------------
 *    BITMAPS
 *----------------*/

/*Store the image of the glyphs*/
static LV_ATTRIBUTE_LARGE_CONST const uint8_t glyph_bitmap[] = {
    /* U+0020 " " */

    /* U+0021 "!" */
    0x9, 0xff, 0xe0, 0x8, 0xff, 0xd0, 0x8, 0xff,
    0xd0, 0x7, 0xff, 0xd0, 0x7, 0xff, 0xc0, 0x6,
    0xff, 0xb0, 0x5, 0xff, 0xa0, 0x5, 0xff, 0xa0,
    0x4, 0xff, 0x90, 0x4, 0xff, 0x80, 0x3, 0xff,
    0x80, 0x2, 0xff, 0x70, 0x2, 0xff, 0x60, 0x1,
    0xff, 0x60, 0x0, 0xff, 0x50, 0x0, 0xaa, 0x30,
    0x0, 0x0, 0x0, 0x0, 0x0, 0x0, 0x3, 0xcd,
    0x60, 0xe, 0xff, 0xf3, 0x1f, 0xff, 0xf6, 0xe,
    0xff, 0xf3, 0x4, 0xde, 0x70,

    /* U+0028 "(" */
    0x0, 0x0, 0x1a, 0x30, 0x0, 0x0, 0x9f, 0xf1,
    0x0, 0x2, 0xff, 0x90, 0x0, 0xa, 0xff, 0x10,
    0x0, 0x1f, 0xf9, 0x0, 0x0, 0x7f, 0xf4, 0x0,
    0x0, 0xdf, 0xe0, 0x0, 0x2, 0xff, 0x90, 0x0,
    0x6, 0xff, 0x50, 0x0, 0xa, 0xff, 0x20, 0x0,
    0xd, 0xff, 0x0, 0x0, 0xf, 0xfc, 0x0, 0x0,
    0x1f, 0xfb, 0x0, 0x0, 0x2f, 0xfa, 0x0, 0x0,
    0x4f, 0xf9, 0x0, 0x0, 0x4f, 0xf8, 0x0, 0x0,
    0x4f, 0xf9, 0x0, 0x0, 0x3f, 0xfa, 0x0, 0x0,
    0x2f, 0xfa, 0x0, 0x0, 0xf, 0xfc, 0x0, 0x0,
    0xe, 0xff, 0x0, 0x0, 0xa, 0xff, 0x20, 0x0,
    0x7, 0xff, 0x50, 0x0, 0x3, 0xff, 0x80, 0x0,
    0x0, 0xef, 0xe0, 0x0, 0x0, 0x8f, 0xf3, 0x0,
    0x0, 0x2f, 0xf8, 0x0, 0x0, 0xb, 0xff, 0x10,
    0x0, 0x3, 0xff, 0x80, 0x0, 0x0, 0xbf, 0xe0,
    0x0, 0x0, 0x2c, 0x60,

    /* U+0029 ")" */
    0x6, 0x90, 0x0, 0x0, 0x6f, 0xf4, 0x0, 0x0,
    0xe, 0xfc, 0x0, 0x0, 0x6, 0xff, 0x50, 0x0,
    0x0, 0xef, 0xc0, 0x0, 0x0, 0x9f, 0xf2, 0x0,
    0x0, 0x4f, 0xf8, 0x0, 0x0, 0xe, 0xfd, 0x0,
    0x0, 0xb, 0xff, 0x10, 0x0, 0x8, 0xff, 0x40,
    0x0, 0x5, 0xff, 0x80, 0x0, 0x2, 0xff, 0xb0,
    0x0, 0x0, 0xff, 0xc0, 0x0, 0x0, 0xff, 0xd0,
    0x0, 0x0, 0xef, 0xe0, 0x0, 0x0, 0xdf, 0xf0,
    0x0, 0x0, 0xef, 0xf0, 0x0, 0x0, 0xff, 0xd0,
    0x0, 0x0, 0xff, 0xc0, 0x0, 0x1, 0xff, 0xb0,
    0x0, 0x4, 0xff, 0x90, 0x0, 0x7, 0xff, 0x50,
    0x0, 0xa, 0xff, 0x10, 0x0, 0xe, 0xfe, 0x0,
    0x0, 0x3f, 0xf9, 0x0, 0x0, 0x9f, 0xf3, 0x0,
    0x0, 0xef, 0xd0, 0x0, 0x5, 0xff, 0x60, 0x0,
    0xd, 0xfd, 0x0, 0x0, 0x5f, 0xf5, 0x0, 0x0,
    0x18, 0xb0, 0x0, 0x0,

    /* U+002C "," */
    0x0, 0x26, 0x30, 0x0, 0x5f, 0xff, 0x70, 0xb,
    0xff, 0xff, 0x0, 0x9f, 0xff, 0xf3, 0x1, 0xbf,
    0xff, 0x40, 0x0, 0x3f, 0xf1, 0x0, 0x8, 0xfe,
    0x0, 0x3, 0xff, 0x70, 0x6, 0xff, 0xd0, 0x3,
    0xff, 0xd1, 0x0, 0xc, 0x70, 0x0, 0x0, 0x0,
    0x0, 0x0,

    /* U+002D "-" */
    0x58, 0x88, 0x88, 0x88, 0x29, 0xff, 0xff, 0xff,
    0xf5, 0x9f, 0xff, 0xff, 0xff, 0x50,

    /* U+002E "." */
    0xa, 0xd9, 0x9, 0xff, 0xf8, 0xcf, 0xff, 0xc9,
    0xff, 0xf9, 0x1b, 0xfb, 0x10,

    /* U+002F "/" */
    0x0, 0x0, 0x0, 0x0, 0x7f, 0xe0, 0x0, 0x0,
    0x0, 0x0, 0xbf, 0xa0, 0x0, 0x0, 0x0, 0x0,
    0xff, 0x50, 0x0, 0x0, 0x0, 0x4, 0xff, 0x10,
    0x0, 0x0, 0x0, 0x9, 0xfc, 0x0, 0x0, 0x0,
    0x0, 0xd, 0xf8, 0x0, 0x0, 0x0, 0x0, 0x2f,
    0xf3, 0x0, 0x0, 0x0, 0x0, 0x6f, 0xf0, 0x0,
    0x0, 0x0, 0x0, 0xbf, 0xa0, 0x0, 0x0, 0x0,
    0x0, 0xff, 0x60, 0x0, 0x0, 0x0, 0x4, 0xff,
    0x10, 0x0, 0x0, 0x0, 0x8, 0xfd, 0x0, 0x0,
    0x0, 0x0, 0xd, 0xf8, 0x0, 0x0, 0x0, 0x0,
    0x1f, 0xf4, 0x0, 0x0, 0x0, 0x0, 0x6f, 0xf0,
    0x0, 0x0, 0x0, 0x0, 0xaf, 0xb0, 0x0, 0x0,
    0x0, 0x0, 0xff, 0x60, 0x0, 0x0, 0x0, 0x3,
    0xff, 0x20, 0x0, 0x0, 0x0, 0x8, 0xfe, 0x0,
    0x0, 0x0, 0x0, 0xd, 0xf9, 0x0, 0x0, 0x0,
    0x0, 0x1f, 0xf5, 0x0, 0x0, 0x0, 0x0, 0x6f,
    0xf0, 0x0, 0x0, 0x0, 0x0, 0xaf, 0xc0, 0x0,
    0x0, 0x0, 0x0, 0xef, 0x70, 0x0, 0x0, 0x0,
    0x3, 0xff, 0x30, 0x0, 0x0, 0x0, 0x8, 0xfe,
    0x0, 0x0, 0x0, 0x0, 0xc, 0xfa, 0x0, 0x0,
    0x0, 0x0, 0x1f, 0xf5, 0x0, 0x0, 0x0, 0x0,
    0x5f, 0xf1, 0x0, 0x0, 0x0, 0x0, 0x47, 0x60,
    0x0, 0x0, 0x0, 0x0,

    /* U+0030 "0" */
    0x0, 0x0, 0x3a, 0xef, 0xea, 0x40, 0x0, 0x0,
    0x0, 0x8f, 0xff, 0xff, 0xff, 0x90, 0x0, 0x0,
    0x7f, 0xff, 0xfd, 0xff, 0xff, 0x80, 0x0, 0x1f,
    0xff, 0xa1, 0x0, 0x8f, 0xff, 0x20, 0x8, 0xff,
    0xd0, 0x0, 0x0, 0xcf, 0xfa, 0x0, 0xef, 0xf7,
    0x0, 0x0, 0x5, 0xff, 0xf0, 0x2f, 0xff, 0x20,
    0x0, 0x0, 0xf, 0xff, 0x35, 0xff, 0xf0, 0x0,
    0x0, 0x0, 0xdf, 0xf6, 0x7f, 0xfd, 0x0, 0x0,
    0x0, 0xb, 0xff, 0x88, 0xff, 0xc0, 0x0, 0x0,
    0x0, 0xaf, 0xf9, 0x9f, 0xfb, 0x0, 0x0, 0x0,
    0xa, 0xff, 0xa9, 0xff, 0xc0, 0x0, 0x0, 0x0,
    0xaf, 0xfa, 0x8f, 0xfc, 0x0, 0x0, 0x0, 0xa,
    0xff, 0x97, 0xff, 0xd0, 0x0, 0x0, 0x0, 0xbf,
    0xf8, 0x4f, 0xff, 0x0, 0x0, 0x0, 0xd, 0xff,
    0x61, 0xff, 0xf3, 0x0, 0x0, 0x1, 0xff, 0xf3,
    0xd, 0xff, 0x70, 0x0, 0x0, 0x5f, 0xfe, 0x0,
    0x8f, 0xfe, 0x0, 0x0, 0xc, 0xff, 0x90, 0x1,
    0xff, 0xfb, 0x10, 0x9, 0xff, 0xf2, 0x0, 0x6,
    0xff, 0xff, 0xdf, 0xff, 0xf7, 0x0, 0x0, 0x7,
    0xff, 0xff, 0xff, 0xf9, 0x0, 0x0, 0x0, 0x3,
    0xae, 0xfe, 0xa4, 0x0, 0x0,

    /* U+0031 "1" */
    0x0, 0x0, 0x29, 0xff, 0xe0, 0x0, 0x0, 0x3,
    0x8c, 0xff, 0xff, 0xe0, 0x0, 0x0, 0x8, 0xff,
    0xff, 0xff, 0xe0, 0x0, 0x0, 0x7, 0xdd, 0xdf,
    0xff, 0xe0, 0x0, 0x0, 0x0, 0x0, 0x9, 0xff,
    0xe0, 0x0, 0x0, 0x0, 0x0, 0x9, 0xff, 0xe0,
    0x0, 0x0, 0x0, 0x0, 0x9, 0xff, 0xe0, 0x0,
    0x0, 0x0, 0x0, 0x9, 0xff, 0xe0, 0x0, 0x0,
    0x0, 0x0, 0x9, 0xff, 0xe0, 0x0, 0x0, 0x0,
    0x0, 0x9, 0xff, 0xe0, 0x0, 0x0, 0x0, 0x0,
    0x9, 0xff, 0xe0, 0x0, 0x0, 0x0, 0x0, 0x9,
    0xff, 0xe0, 0x0, 0x0, 0x0, 0x0, 0x9, 0xff,
    0xe0, 0x0, 0x0, 0x0, 0x0, 0x9, 0xff, 0xe0,
    0x0, 0x0, 0x0, 0x0, 0x9, 0xff, 0xe0, 0x0,
    0x0, 0x0, 0x0, 0x9, 0xff, 0xe0, 0x0, 0x0,
    0x0, 0x0, 0x9, 0xff, 0xe0, 0x0, 0x0, 0x0,
    0x0, 0x9, 0xff, 0xe0, 0x0, 0x0, 0x0, 0x0,
    0x9, 0xff, 0xe0, 0x0, 0x0, 0x6d, 0xdd, 0xdf,
    0xff, 0xfd, 0xdd, 0xd2, 0x7f, 0xff, 0xff, 0xff,
    0xff, 0xff, 0xf2, 0x7f, 0xff, 0xff, 0xff, 0xff,
    0xff, 0xf2,

    /* U+0032 "2" */
    0x0, 0x3, 0x9d, 0xfe, 0xb8, 0x10, 0x0, 0x0,
    0x9, 0xff, 0xff, 0xff, 0xfe, 0x50, 0x0, 0x1c,
    0xff, 0xff, 0xdf, 0xff, 0xff, 0x30, 0x7, 0xff,
    0xe4, 0x0, 0x6, 0xff, 0xfd, 0x0, 0x9, 0xc1,
    0x0, 0x0, 0x6, 0xff, 0xf3, 0x0, 0x0, 0x0,
    0x0, 0x0, 0xf, 0xff, 0x50, 0x0, 0x0, 0x0,
    0x0, 0x0, 0xef, 0xf8, 0x0, 0x0, 0x0, 0x0,
    0x0, 0xe, 0xff, 0x60, 0x0, 0x0, 0x0, 0x0,
    0x2, 0xff, 0xf3, 0x0, 0x0, 0x0, 0x0, 0x0,
    0x7f, 0xfe, 0x0, 0x0, 0x0, 0x0, 0x0, 0xe,
    0xff, 0x70, 0x0, 0x0, 0x0, 0x0, 0x9, 0xff,
    0xe1, 0x0, 0x0, 0x0, 0x0, 0x4, 0xff, 0xf5,
    0x0, 0x0, 0x0, 0x0, 0x2, 0xef, 0xf9, 0x0,
    0x0, 0x0, 0x0, 0x1, 0xdf, 0xfb, 0x0, 0x0,
    0x0, 0x0, 0x1, 0xdf, 0xfd, 0x10, 0x0, 0x0,
    0x0, 0x1, 0xdf, 0xfe, 0x20, 0x0, 0x0, 0x0,
    0x2, 0xdf, 0xfd, 0x10, 0x0, 0x0, 0x0, 0x3,
    0xef, 0xfd, 0x10, 0x0, 0x0, 0x0, 0x5, 0xff,
    0xff, 0xdd, 0xef, 0xff, 0xff, 0xf9, 0xaf, 0xff,
    0xff, 0xff, 0xff, 0xff, 0xff, 0x9a, 0xff, 0xff,
    0xff, 0xff, 0xff, 0xff, 0xf9,

    /* U+0033 "3" */
    0x0, 0x0, 0x39, 0xdf, 0xec, 0xa3, 0x0, 0x0,
    0x0, 0x9, 0xff, 0xff, 0xff, 0xff, 0xb0, 0x0,
    0x2, 0xdf, 0xff, 0xfe, 0xef, 0xff, 0xfb, 0x0,
    0x0, 0xaf, 0xd5, 0x10, 0x2, 0xcf, 0xff, 0x50,
    0x0, 0x6, 0x0, 0x0, 0x0, 0x1f, 0xff, 0x90,
    0x0, 0x0, 0x0, 0x0, 0x0, 0xd, 0xff, 0xa0,
    0x0, 0x0, 0x0, 0x0, 0x0, 0xf, 0xff, 0x80,
    0x0, 0x0, 0x0, 0x0, 0x0, 0x9f, 0xff, 0x20,
    0x0, 0x0, 0x0, 0x2, 0x6c, 0xff, 0xf7, 0x0,
    0x0, 0x0, 0x9, 0xff, 0xff, 0xfd, 0x50, 0x0,
    0x0, 0x0, 0x9, 0xff, 0xff, 0xf8, 0x10, 0x0,
    0x0, 0x0, 0x5, 0xab, 0xef, 0xff, 0xf5, 0x0,
    0x0, 0x0, 0x0, 0x0, 0x2, 0xbf, 0xff, 0x50,
    0x0, 0x0, 0x0, 0x0, 0x0, 0xb, 0xff, 0xe0,
    0x0, 0x0, 0x0, 0x0, 0x0, 0x4, 0xff, 0xf3,
    0x0, 0x0, 0x0, 0x0, 0x0, 0x2, 0xff, 0xf5,
    0x0, 0x0, 0x0, 0x0, 0x0, 0x4, 0xff, 0xf5,
    0x1, 0xe8, 0x0, 0x0, 0x0, 0xb, 0xff, 0xf2,
    0xc, 0xff, 0xc5, 0x0, 0x3, 0xbf, 0xff, 0xb0,
    0x8, 0xff, 0xff, 0xfe, 0xff, 0xff, 0xfd, 0x10,
    0x0, 0x5e, 0xff, 0xff, 0xff, 0xff, 0xb2, 0x0,
    0x0, 0x0, 0x5a, 0xdf, 0xec, 0xa4, 0x0, 0x0,

    /* U+0034 "4" */
    0x0, 0x0, 0x0, 0x0, 0xe, 0xff, 0xf6, 0x0,
    0x0, 0x0, 0x0, 0x0, 0x9, 0xff, 0xff, 0x60,
    0x0, 0x0, 0x0, 0x0, 0x3, 0xff, 0xff, 0xf6,
    0x0, 0x0, 0x0, 0x0, 0x0, 0xdf, 0xfd, 0xff,
    0x60, 0x0, 0x0, 0x0, 0x0, 0x8f, 0xf9, 0xbf,
    0xf6, 0x0, 0x0, 0x0, 0x0, 0x2f, 0xff, 0x1c,
    0xff, 0x60, 0x0, 0x0, 0x0, 0xc, 0xff, 0x90,
    0xcf, 0xf6, 0x0, 0x0, 0x0, 0x6, 0xff, 0xe0,
    0xd, 0xff, 0x60, 0x0, 0x0, 0x1, 0xff, 0xf4,
    0x0, 0xdf, 0xf6, 0x0, 0x0, 0x0, 0xbf, 0xf9,
    0x0, 0xd, 0xff, 0x60, 0x0, 0x0, 0x5f, 0xfe,
    0x0, 0x0, 0xdf, 0xf6, 0x0, 0x0, 0x1e, 0xff,
    0x40, 0x0, 0xd, 0xff, 0x60, 0x0, 0xa, 0xff,
    0x90, 0x0, 0x0, 0xdf, 0xf6, 0x0, 0x4, 0xff,
    0xfc, 0xbb, 0xbb, 0xbf, 0xff, 0xdb, 0xb2, 0x6f,
    0xff, 0xff, 0xff, 0xff, 0xff, 0xff, 0xff, 0x36,
    0xff, 0xff, 0xff, 0xff, 0xff, 0xff, 0xff, 0xf3,
    0x0, 0x0, 0x0, 0x0, 0x0, 0xdf, 0xf6, 0x0,
    0x0, 0x0, 0x0, 0x0, 0x0, 0xd, 0xff, 0x60,
    0x0, 0x0, 0x0, 0x0, 0x0, 0x0, 0xdf, 0xf6,
    0x0, 0x0, 0x0, 0x0, 0x0, 0x0, 0xd, 0xff,
    0x60, 0x0, 0x0, 0x0, 0x0, 0x0, 0x0, 0xdf,
    0xf6, 0x0, 0x0, 0x0, 0x0, 0x0, 0x0, 0xd,
    0xff, 0x60, 0x0,

    /* U+0035 "5" */
    0x0, 0xc, 0xff, 0xff, 0xff, 0xff, 0xff, 0x60,
    0x0, 0xd, 0xff, 0xff, 0xff, 0xff, 0xff, 0x60,
    0x0, 0xe, 0xff, 0xff, 0xff, 0xff, 0xff, 0x60,
    0x0, 0xf, 0xff, 0x20, 0x0, 0x0, 0x0, 0x0,
    0x0, 0xf, 0xff, 0x10, 0x0, 0x0, 0x0, 0x0,
    0x0, 0x1f, 0xff, 0x0, 0x0, 0x0, 0x0, 0x0,
    0x0, 0x3f, 0xfe, 0x0, 0x0, 0x0, 0x0, 0x0,
    0x0, 0x4f, 0xfc, 0x16, 0x87, 0x41, 0x0, 0x0,
    0x0, 0x5f, 0xff, 0xff, 0xff, 0xff, 0x70, 0x0,
    0x0, 0x6f, 0xff, 0xff, 0xff, 0xff, 0xfb, 0x0,
    0x0, 0x1b, 0xf8, 0x30, 0x25, 0xef, 0xff, 0x60,
    0x0, 0x0, 0x10, 0x0, 0x0, 0x1e, 0xff, 0xf0,
    0x0, 0x0, 0x0, 0x0, 0x0, 0x6, 0xff, 0xf4,
    0x0, 0x0, 0x0, 0x0, 0x0, 0x2, 0xff, 0xf6,
    0x0, 0x0, 0x0, 0x0, 0x0, 0x0, 0xff, 0xf7,
    0x0, 0x0, 0x0, 0x0, 0x0, 0x2, 0xff, 0xf6,
    0x0, 0x0, 0x0, 0x0, 0x0, 0x6, 0xff, 0xf3,
    0x2, 0xe6, 0x0, 0x0, 0x0, 0x1e, 0xff, 0xd0,
    0xc, 0xff, 0xb4, 0x0, 0x5, 0xef, 0xff, 0x40,
    0x9, 0xff, 0xff, 0xfe, 0xff, 0xff, 0xf9, 0x0,
    0x0, 0x5e, 0xff, 0xff, 0xff, 0xff, 0x70, 0x0,
    0x0, 0x0, 0x5a, 0xdf, 0xfd, 0x91, 0x0, 0x0,

    /* U+0036 "6" */
    0x0, 0x0, 0x3, 0x9d, 0xfe, 0xd8, 0x10, 0x0,
    0x0, 0x9, 0xff, 0xff, 0xff, 0xfe, 0x40, 0x0,
    0xa, 0xff, 0xff, 0xfe, 0xff, 0xff, 0x20, 0x6,
    0xff, 0xfa, 0x20, 0x1, 0x8e, 0x40, 0x1, 0xff,
    0xf7, 0x0, 0x0, 0x0, 0x0, 0x0, 0x6f, 0xfc,
    0x0, 0x0, 0x0, 0x0, 0x0, 0xc, 0xff, 0x50,
    0x0, 0x0, 0x0, 0x0, 0x0, 0xff, 0xf1, 0x0,
    0x57, 0x53, 0x0, 0x0, 0x3f, 0xfe, 0x7, 0xff,
    0xff, 0xfd, 0x30, 0x4, 0xff, 0xda, 0xff, 0xff,
    0xff, 0xff, 0x40, 0x5f, 0xff, 0xfd, 0x51, 0x15,
    0xef, 0xfd, 0x6, 0xff, 0xfc, 0x10, 0x0, 0x3,
    0xff, 0xf5, 0x5f, 0xff, 0x10, 0x0, 0x0, 0xb,
    0xff, 0x84, 0xff, 0xf0, 0x0, 0x0, 0x0, 0x8f,
    0xfb, 0x2f, 0xff, 0x20, 0x0, 0x0, 0x7, 0xff,
    0xc0, 0xef, 0xf5, 0x0, 0x0, 0x0, 0x8f, 0xfc,
    0xa, 0xff, 0xb0, 0x0, 0x0, 0xb, 0xff, 0x90,
    0x4f, 0xff, 0x30, 0x0, 0x2, 0xff, 0xf5, 0x0,
    0xbf, 0xfe, 0x30, 0x1, 0xdf, 0xfc, 0x0, 0x2,
    0xef, 0xff, 0xdc, 0xff, 0xff, 0x20, 0x0, 0x2,
    0xdf, 0xff, 0xff, 0xfe, 0x30, 0x0, 0x0, 0x0,
    0x6c, 0xef, 0xd8, 0x10, 0x0,

    /* U+0037 "7" */
    0x7f, 0xff, 0xff, 0xff, 0xff, 0xff, 0xff, 0xa7,
    0xff, 0xff, 0xff, 0xff, 0xff, 0xff, 0xfa, 0x7f,
    0xff, 0xff, 0xff, 0xff, 0xff, 0xff, 0x60, 0x0,
    0x0, 0x0, 0x0, 0x8, 0xff, 0xa0, 0x0, 0x0,
    0x0, 0x0, 0x3, 0xff, 0xe1, 0x0, 0x0, 0x0,
    0x0, 0x0, 0xcf, 0xf5, 0x0, 0x0, 0x0, 0x0,
    0x0, 0x6f, 0xfb, 0x0, 0x0, 0x0, 0x0, 0x0,
    0xe, 0xff, 0x30, 0x0, 0x0, 0x0, 0x0, 0x5,
    0xff, 0xb0, 0x0, 0x0, 0x0, 0x0, 0x0, 0xbf,
    0xf5, 0x0, 0x0, 0x0, 0x0, 0x0, 0x2f, 0xff,
    0x0, 0x0, 0x0, 0x0, 0x0, 0x8, 0xff, 0xa0,
    0x0, 0x0, 0x0, 0x0, 0x0, 0xcf, 0xf7, 0x0,
    0x0, 0x0, 0x0, 0x0, 0xf, 0xff, 0x40, 0x0,
    0x0, 0x0, 0x0, 0x4, 0xff, 0xf1, 0x0, 0x0,
    0x0, 0x0, 0x0, 0x7f, 0xfe, 0x0, 0x0, 0x0,
    0x0, 0x0, 0xa, 0xff, 0xb0, 0x0, 0x0, 0x0,
    0x0, 0x0, 0xcf, 0xf9, 0x0, 0x0, 0x0, 0x0,
    0x0, 0xe, 0xff, 0x80, 0x0, 0x0, 0x0, 0x0,
    0x0, 0xff, 0xf7, 0x0, 0x0, 0x0, 0x0, 0x0,
    0x1f, 0xff, 0x60, 0x0, 0x0, 0x0, 0x0, 0x2,
    0xff, 0xf5, 0x0, 0x0, 0x0,

    /* U+0038 "8" */
    0x0, 0x0, 0x3a, 0xcf, 0xdb, 0x60, 0x0, 0x0,
    0x0, 0xaf, 0xff, 0xff, 0xff, 0xd2, 0x0, 0x0,
    0x9f, 0xff, 0xb8, 0xaf, 0xff, 0xd0, 0x0, 0x3f,
    0xff, 0x50, 0x0, 0x2e, 0xff, 0x70, 0x6, 0xff,
    0xb0, 0x0, 0x0, 0x5f, 0xfb, 0x0, 0x9f, 0xf8,
    0x0, 0x0, 0x1, 0xff, 0xd0, 0x7, 0xff, 0xa0,
    0x0, 0x0, 0x1f, 0xfc, 0x0, 0x3f, 0xfe, 0x10,
    0x0, 0x5, 0xff, 0x70, 0x0, 0x9f, 0xfc, 0x10,
    0x0, 0xbf, 0xe0, 0x0, 0x0, 0xaf, 0xff, 0x71,
    0x6f, 0xf3, 0x0, 0x0, 0x0, 0xdf, 0xff, 0xff,
    0xf4, 0x0, 0x0, 0x2, 0xdf, 0xeb, 0xff, 0xff,
    0xd3, 0x0, 0x2, 0xef, 0xd1, 0x2, 0x9f, 0xff,
    0xf4, 0x0, 0xcf, 0xf2, 0x0, 0x0, 0x2e, 0xff,
    0xe0, 0x4f, 0xfb, 0x0, 0x0, 0x0, 0x2f, 0xff,
    0x67, 0xff, 0x70, 0x0, 0x0, 0x0, 0xbf, 0xf9,
    0x9f, 0xf9, 0x0, 0x0, 0x0, 0x9, 0xff, 0xa7,
    0xff, 0xd0, 0x0, 0x0, 0x0, 0xdf, 0xf9, 0x1f,
    0xff, 0xb1, 0x0, 0x0, 0x9f, 0xff, 0x30, 0x5f,
    0xff, 0xfb, 0x9a, 0xef, 0xff, 0x70, 0x0, 0x6e,
    0xff, 0xff, 0xff, 0xff, 0x70, 0x0, 0x0, 0x7,
    0xbd, 0xfd, 0xb8, 0x10, 0x0,

    /* U+0039 "9" */
    0x0, 0x0, 0x8b, 0xee, 0xc7, 0x10, 0x0, 0x0,
    0x4, 0xef, 0xff, 0xff, 0xfe, 0x40, 0x0, 0x3,
    0xff, 0xff, 0xcc, 0xff, 0xff, 0x40, 0x0, 0xcf,
    0xfc, 0x10, 0x1, 0xcf, 0xfd, 0x0, 0x5f, 0xff,
    0x20, 0x0, 0x0, 0xef, 0xf6, 0x9, 0xff, 0xb0,
    0x0, 0x0, 0x7, 0xff, 0xd0, 0xbf, 0xf8, 0x0,
    0x0, 0x0, 0x2f, 0xff, 0x1a, 0xff, 0x90, 0x0,
    0x0, 0x0, 0xff, 0xf4, 0x7f, 0xfb, 0x0, 0x0,
    0x0, 0xd, 0xff, 0x65, 0xff, 0xf3, 0x0, 0x0,
    0xa, 0xff, 0xf7, 0xd, 0xff, 0xe5, 0x10, 0x4c,
    0xff, 0xff, 0x70, 0x3f, 0xff, 0xff, 0xff, 0xfb,
    0xcf, 0xf6, 0x0, 0x3d, 0xff, 0xff, 0xf8, 0xd,
    0xff, 0x50, 0x0, 0x3, 0x57, 0x61, 0x0, 0xff,
    0xf4, 0x0, 0x0, 0x0, 0x0, 0x0, 0x2f, 0xff,
    0x10, 0x0, 0x0, 0x0, 0x0, 0x7, 0xff, 0xd0,
    0x0, 0x0, 0x0, 0x0, 0x0, 0xdf, 0xf7, 0x0,
    0x3, 0x0, 0x0, 0x0, 0x8f, 0xff, 0x10, 0x5,
    0xfc, 0x30, 0x2, 0x9f, 0xff, 0x70, 0x1, 0xff,
    0xff, 0xff, 0xff, 0xff, 0xb0, 0x0, 0x3, 0xef,
    0xff, 0xff, 0xff, 0xa0, 0x0, 0x0, 0x1, 0x7c,
    0xef, 0xea, 0x30, 0x0, 0x0,

    /* U+003A ":" */
    0x1b, 0xfb, 0x19, 0xff, 0xf9, 0xcf, 0xff, 0xc9,
    0xff, 0xf8, 0x9, 0xd9, 0x0, 0x0, 0x0, 0x0,
    0x0, 0x0, 0x0, 0x0, 0x0, 0x0, 0x0, 0x0,
    0x0, 0x0, 0x0, 0x0, 0x0, 0x0, 0xa, 0xd9,
    0x9, 0xff, 0xf8, 0xcf, 0xff, 0xc9, 0xff, 0xf9,
    0x1b, 0xfb, 0x10,

    /* U+003F "?" */
    0x0, 0x3, 0x9b, 0xca, 0x71, 0x0, 0x0, 0x2b,
    0xff, 0xff, 0xff, 0xe5, 0x0, 0x2e, 0xff, 0xff,
    0xff, 0xff, 0xf2, 0x4, 0xff, 0xd4, 0x1, 0x7f,
    0xff, 0xb0, 0x3, 0x90, 0x0, 0x0, 0x8f, 0xff,
    0x0, 0x0, 0x0, 0x0, 0x3, 0xff, 0xf2, 0x0,
    0x0, 0x0, 0x0, 0x4f, 0xff, 0x10, 0x0, 0x0,
    0x0, 0x8, 0xff, 0xe0, 0x0, 0x0, 0x0, 0x2,
    0xff, 0xf6, 0x0, 0x0, 0x0, 0x0, 0xdf, 0xfb,
    0x0, 0x0, 0x0, 0x0, 0xaf, 0xfe, 0x10, 0x0,
    0x0, 0x0, 0x4f, 0xff, 0x40, 0x0, 0x0, 0x0,
    0xd, 0xff, 0x90, 0x0, 0x0, 0x0, 0x5, 0xff,
    0xe0, 0x0, 0x0, 0x0, 0x0, 0x9f, 0xf8, 0x0,
    0x0, 0x0, 0x0, 0xa, 0xff, 0x60, 0x0, 0x0,
    0x0, 0x0, 0x47, 0x72, 0x0, 0x0, 0x0, 0x0,
    0x0, 0x0, 0x0, 0x0, 0x0, 0x0, 0x0, 0x0,
    0x0, 0x0, 0x0, 0x0, 0x0, 0x5, 0xdc, 0x30,
    0x0, 0x0, 0x0, 0x2, 0xff, 0xfe, 0x0, 0x0,
    0x0, 0x0, 0x5f, 0xff, 0xf3, 0x0, 0x0, 0x0,
    0x2, 0xff, 0xff, 0x0, 0x0, 0x0, 0x0, 0x7,
    0xed, 0x40, 0x0, 0x0,

    /* U+0041 "A" */
    0x0, 0x0, 0x0, 0xd, 0xff, 0xf8, 0x0, 0x0,
    0x0, 0x0, 0x0, 0x0, 0x3, 0xff, 0xff, 0xd0,
    0x0, 0x0, 0x0, 0x0, 0x0, 0x0, 0x8f, 0xff,
    0xff, 0x20, 0x0, 0x0, 0x0, 0x0, 0x0, 0xd,
    0xff, 0x7f, 0xf8, 0x0, 0x0, 0x0, 0x0, 0x0,
    0x2, 0xff, 0xb2, 0xff, 0xd0, 0x0, 0x0, 0x0,
    0x0, 0x0, 0x8f, 0xf6, 0xe, 0xff, 0x20, 0x0,
    0x0, 0x0, 0x0, 0xd, 0xff, 0x20, 0x9f, 0xf8,
    0x0, 0x0, 0x0, 0x0, 0x2, 0xff, 0xd0, 0x5,
    0xff, 0xd0, 0x0, 0x0, 0x0, 0x0, 0x8f, 0xf9,
    0x0, 0xf, 0xff, 0x20, 0x0, 0x0, 0x0, 0xd,
    0xff, 0x40, 0x0, 0xcf, 0xf7, 0x0, 0x0, 0x0,
    0x2, 0xff, 0xf0, 0x0, 0x7, 0xff, 0xd0, 0x0,
    0x0, 0x0, 0x8f, 0xfb, 0x0, 0x0, 0x2f, 0xff,
    0x20, 0x0, 0x0, 0xd, 0xff, 0x60, 0x0, 0x0,
    0xef, 0xf7, 0x0, 0x0, 0x2, 0xff, 0xff, 0xff,
    0xff, 0xff, 0xff, 0xd0, 0x0, 0x0, 0x8f, 0xff,
    0xff, 0xff, 0xff, 0xff, 0xff, 0x20, 0x0, 0xd,
    0xff, 0xdc, 0xcc, 0xcc, 0xcc, 0xff, 0xf7, 0x0,
    0x2, 0xff, 0xf3, 0x0, 0x0, 0x0, 0xa, 0xff,
    0xd0, 0x0, 0x8f, 0xfe, 0x0, 0x0, 0x0, 0x0,
    0x6f, 0xff, 0x20, 0xd, 0xff, 0x90, 0x0, 0x0,
    0x0, 0x1, 0xff, 0xf7, 0x2, 0xff, 0xf5, 0x0,
    0x0, 0x0, 0x0, 0xc, 0xff, 0xd0, 0x8f, 0xff,
    0x0, 0x0, 0x0, 0x0, 0x0, 0x7f, 0xff, 0x2d,
    0xff, 0xb0, 0x0, 0x0, 0x0, 0x0, 0x2, 0xff,
    0xf7,

    /* U+0042 "B" */
    0x1f, 0xff, 0xff, 0xff, 0xed, 0xb7, 0x10, 0x0,
    0x1, 0xff, 0xff, 0xff, 0xff, 0xff, 0xff, 0x90,
    0x0, 0x1f, 0xff, 0xdb, 0xbc, 0xdf, 0xff, 0xff,
    0x90, 0x1, 0xff, 0xf6, 0x0, 0x0, 0x4, 0xef,
    0xff, 0x30, 0x1f, 0xff, 0x60, 0x0, 0x0, 0x3,
    0xff, 0xf7, 0x1, 0xff, 0xf6, 0x0, 0x0, 0x0,
    0xf, 0xff, 0x80, 0x1f, 0xff, 0x60, 0x0, 0x0,
    0x0, 0xff, 0xf6, 0x1, 0xff, 0xf6, 0x0, 0x0,
    0x0, 0x7f, 0xff, 0x10, 0x1f, 0xff, 0x60, 0x0,
    0x14, 0xaf, 0xff, 0x70, 0x1, 0xff, 0xff, 0xff,
    0xff, 0xff, 0xfe, 0x60, 0x0, 0x1f, 0xff, 0xff,
    0xff, 0xff, 0xff, 0xd7, 0x10, 0x1, 0xff, 0xfc,
    0xaa, 0xab, 0xcf, 0xff, 0xfe, 0x30, 0x1f, 0xff,
    0x60, 0x0, 0x0, 0x5, 0xef, 0xfe, 0x1, 0xff,
    0xf6, 0x0, 0x0, 0x0, 0x3, 0xff, 0xf7, 0x1f,
    0xff, 0x60, 0x0, 0x0, 0x0, 0xd, 0xff, 0x91,
    0xff, 0xf6, 0x0, 0x0, 0x0, 0x0, 0xbf, 0xfb,
    0x1f, 0xff, 0x60, 0x0, 0x0, 0x0, 0xe, 0xff,
    0x91, 0xff, 0xf6, 0x0, 0x0, 0x0, 0x6, 0xff,
    0xf6, 0x1f, 0xff, 0x60, 0x0, 0x0, 0x18, 0xff,
    0xfe, 0x1, 0xff, 0xfd, 0xbb, 0xcc, 0xef, 0xff,
    0xff, 0x40, 0x1f, 0xff, 0xff, 0xff, 0xff, 0xff,
    0xfc, 0x30, 0x1, 0xff, 0xff, 0xff, 0xff, 0xdb,
    0x93, 0x0, 0x0,

    /* U+0043 "C" */
    0x0, 0x0, 0x0, 0x17, 0xbe, 0xfe, 0xc7, 0x10,
    0x0, 0x0, 0x0, 0x8, 0xff, 0xff, 0xff, 0xff,
    0xf7, 0x0, 0x0, 0x1, 0xcf, 0xff, 0xff, 0xff,
    0xff, 0xff, 0x90, 0x0, 0xc, 0xff, 0xff, 0x73,
    0x13, 0x6c, 0xff, 0x40, 0x0, 0x9f, 0xff, 0xd2,
    0x0, 0x0, 0x0, 0x65, 0x0, 0x1, 0xff, 0xfe,
    0x0, 0x0, 0x0, 0x0, 0x0, 0x0, 0x8, 0xff,
    0xf6, 0x0, 0x0, 0x0, 0x0, 0x0, 0x0, 0xd,
    0xff, 0xd0, 0x0, 0x0, 0x0, 0x0, 0x0, 0x0,
    0x1f, 0xff, 0xa0, 0x0, 0x0, 0x0, 0x0, 0x0,
    0x0, 0x3f, 0xff, 0x70, 0x0, 0x0, 0x0, 0x0,
    0x0, 0x0, 0x4f, 0xff, 0x50, 0x0, 0x0, 0x0,
    0x0, 0x0, 0x0, 0x4f, 0xff, 0x50, 0x0, 0x0,
    0x0, 0x0, 0x0, 0x0, 0x3f, 0xff, 0x70, 0x0,
    0x0, 0x0, 0x0, 0x0, 0x0, 0x1f, 0xff, 0xa0,
    0x0, 0x0, 0x0, 0x0, 0x0, 0x0, 0xd, 0xff,
    0xd0, 0x0, 0x0, 0x0, 0x0, 0x0, 0x0, 0x9,
    0xff, 0xf6, 0x0, 0x0, 0x0, 0x0, 0x0, 0x0,
    0x2, 0xff, 0xfe, 0x0, 0x0, 0x0, 0x0, 0x0,
    0x0, 0x0, 0xaf, 0xff, 0xd2, 0x0, 0x0, 0x0,
    0x5e, 0x30, 0x0, 0x1d, 0xff, 0xff, 0x83, 0x12,
    0x5b, 0xff, 0xe2, 0x0, 0x2, 0xdf, 0xff, 0xff,
    0xff, 0xff, 0xff, 0xa0, 0x0, 0x0, 0x1a, 0xff,
    0xff, 0xff, 0xff, 0xf7, 0x0, 0x0, 0x0, 0x0,
    0x28, 0xce, 0xfe, 0xc7, 0x10, 0x0,

    /* U+0044 "D" */
    0x1f, 0xff, 0xff, 0xfe, 0xdb, 0x72, 0x0, 0x0,
    0x0, 0x1f, 0xff, 0xff, 0xff, 0xff, 0xff, 0xa1,
    0x0, 0x0, 0x1f, 0xff, 0xed, 0xef, 0xff, 0xff,
    0xfe, 0x30, 0x0, 0x1f, 0xff, 0x60, 0x0, 0x36,
    0xdf, 0xff, 0xe2, 0x0, 0x1f, 0xff, 0x60, 0x0,
    0x0, 0x9, 0xff, 0xfc, 0x0, 0x1f, 0xff, 0x60,
    0x0, 0x0, 0x0, 0xbf, 0xff, 0x40, 0x1f, 0xff,
    0x60, 0x0, 0x0, 0x0, 0x2f, 0xff, 0xa0, 0x1f,
    0xff, 0x60, 0x0, 0x0, 0x0, 0xc, 0xff, 0xe0,
    0x1f, 0xff, 0x60, 0x0, 0x0, 0x0, 0x8, 0xff,
    0xf1, 0x1f, 0xff, 0x60, 0x0, 0x0, 0x0, 0x6,
    0xff, 0xf3, 0x1f, 0xff, 0x60, 0x0, 0x0, 0x0,
    0x5, 0xff, 0xf4, 0x1f, 0xff, 0x60, 0x0, 0x0,
    0x0, 0x5, 0xff, 0xf4, 0x1f, 0xff, 0x60, 0x0,
    0x0, 0x0, 0x6, 0xff, 0xf2, 0x1f, 0xff, 0x60,
    0x0, 0x0, 0x0, 0x9, 0xff, 0xf1, 0x1f, 0xff,
    0x60, 0x0, 0x0, 0x0, 0xc, 0xff, 0xd0, 0x1f,
    0xff, 0x60, 0x0, 0x0, 0x0, 0x3f, 0xff, 0x90,
    0x1f, 0xff, 0x60, 0x0, 0x0, 0x0, 0xcf, 0xff,
    0x30, 0x1f, 0xff, 0x60, 0x0, 0x0, 0xa, 0xff,
    0xfb, 0x0, 0x1f, 0xff, 0x60, 0x0, 0x16, 0xdf,
    0xff, 0xe1, 0x0, 0x1f, 0xff, 0xed, 0xdf, 0xff,
    0xff, 0xfe, 0x30, 0x0, 0x1f, 0xff, 0xff, 0xff,
    0xff, 0xff, 0xa1, 0x0, 0x0, 0x1f, 0xff, 0xff,
    0xff, 0xdb, 0x72, 0x0, 0x0, 0x0,

    /* U+0045 "E" */
    0x1f, 0xff, 0xff, 0xff, 0xff, 0xff, 0xff, 0x1,
    0xff, 0xff, 0xff, 0xff, 0xff, 0xff, 0xf0, 0x1f,
    0xff, 0xff, 0xff, 0xff, 0xff, 0xfe, 0x1, 0xff,
    0xf6, 0x0, 0x0, 0x0, 0x0, 0x0, 0x1f, 0xff,
    0x60, 0x0, 0x0, 0x0, 0x0, 0x1, 0xff, 0xf6,
    0x0, 0x0, 0x0, 0x0, 0x0, 0x1f, 0xff, 0x60,
    0x0, 0x0, 0x0, 0x0, 0x1, 0xff, 0xf6, 0x0,
    0x0, 0x0, 0x0, 0x0, 0x1f, 0xff, 0x60, 0x0,
    0x0, 0x0, 0x0, 0x1, 0xff, 0xff, 0xff, 0xff,
    0xff, 0xf7, 0x0, 0x1f, 0xff, 0xff, 0xff, 0xff,
    0xff, 0x70, 0x1, 0xff, 0xff, 0xff, 0xff, 0xff,
    0xf7, 0x0, 0x1f, 0xff, 0x60, 0x0, 0x0, 0x0,
    0x0, 0x1, 0xff, 0xf6, 0x0, 0x0, 0x0, 0x0,
    0x0, 0x1f, 0xff, 0x60, 0x0, 0x0, 0x0, 0x0,
    0x1, 0xff, 0xf6, 0x0, 0x0, 0x0, 0x0, 0x0,
    0x1f, 0xff, 0x60, 0x0, 0x0, 0x0, 0x0, 0x1,
    0xff, 0xf6, 0x0, 0x0, 0x0, 0x0, 0x0, 0x1f,
    0xff, 0x60, 0x0, 0x0, 0x0, 0x0, 0x1, 0xff,
    0xff, 0xff, 0xff, 0xff, 0xff, 0xf4, 0x1f, 0xff,
    0xff, 0xff, 0xff, 0xff, 0xff, 0x41, 0xff, 0xff,
    0xff, 0xff, 0xff, 0xff, 0xf4,

    /* U+0046 "F" */
    0x1f, 0xff, 0xff, 0xff, 0xff, 0xff, 0xff, 0x1f,
    0xff, 0xff, 0xff, 0xff, 0xff, 0xff, 0x1f, 0xff,
    0xff, 0xff, 0xff, 0xff, 0xff, 0x1f, 0xff, 0x60,
    0x0, 0x0, 0x0, 0x0, 0x1f, 0xff, 0x60, 0x0,
    0x0, 0x0, 0x0, 0x1f, 0xff, 0x60, 0x0, 0x0,
    0x0, 0x0, 0x1f, 0xff, 0x60, 0x0, 0x0, 0x0,
    0x0, 0x1f, 0xff, 0x60, 0x0, 0x0, 0x0, 0x0,
    0x1f, 0xff, 0x60, 0x0, 0x0, 0x0, 0x0, 0x1f,
    0xff, 0xfe, 0xee, 0xee, 0xee, 0x80, 0x1f, 0xff,
    0xff, 0xff, 0xff, 0xff, 0x90, 0x1f, 0xff, 0xff,
    0xff, 0xff, 0xff, 0x90, 0x1f, 0xff, 0x60, 0x0,
    0x0, 0x0, 0x0, 0x1f, 0xff, 0x60, 0x0, 0x0,
    0x0, 0x0, 0x1f, 0xff, 0x60, 0x0, 0x0, 0x0,
    0x0, 0x1f, 0xff, 0x60, 0x0, 0x0, 0x0, 0x0,
    0x1f, 0xff, 0x60, 0x0, 0x0, 0x0, 0x0, 0x1f,
    0xff, 0x60, 0x0, 0x0, 0x0, 0x0, 0x1f, 0xff,
    0x60, 0x0, 0x0, 0x0, 0x0, 0x1f, 0xff, 0x60,
    0x0, 0x0, 0x0, 0x0, 0x1f, 0xff, 0x60, 0x0,
    0x0, 0x0, 0x0, 0x1f, 0xff, 0x60, 0x0, 0x0,
    0x0, 0x0,

    /* U+0047 "G" */
    0x0, 0x0, 0x0, 0x16, 0xbd, 0xff, 0xda, 0x40,
    0x0, 0x0, 0x0, 0x7, 0xff, 0xff, 0xff, 0xff,
    0xfc, 0x20, 0x0, 0x1, 0xbf, 0xff, 0xff, 0xff,
    0xff, 0xff, 0xf3, 0x0, 0xc, 0xff, 0xff, 0x93,
    0x11, 0x27, 0xef, 0xd1, 0x0, 0x8f, 0xff, 0xd3,
    0x0, 0x0, 0x0, 0x18, 0x10, 0x1, 0xff, 0xfe,
    0x10, 0x0, 0x0, 0x0, 0x0, 0x0, 0x8, 0xff,
    0xf6, 0x0, 0x0, 0x0, 0x0, 0x0, 0x0, 0xd,
    0xff, 0xd0, 0x0, 0x0, 0x0, 0x0, 0x0, 0x0,
    0x1f, 0xff, 0xa0, 0x0, 0x0, 0x0, 0x0, 0x0,
    0x0, 0x3f, 0xff, 0x70, 0x0, 0x0, 0x0, 0x0,
    0x0, 0x0, 0x4f, 0xff, 0x50, 0x0, 0x0, 0x9f,
    0xff, 0xff, 0xfe, 0x4f, 0xff, 0x50, 0x0, 0x0,
    0x9f, 0xff, 0xff, 0xfe, 0x3f, 0xff, 0x70, 0x0,
    0x0, 0x8e, 0xee, 0xef, 0xfe, 0x1f, 0xff, 0x90,
    0x0, 0x0, 0x0, 0x0, 0x4f, 0xfe, 0xd, 0xff,
    0xd0, 0x0, 0x0, 0x0, 0x0, 0x4f, 0xfe, 0x9,
    0xff, 0xf6, 0x0, 0x0, 0x0, 0x0, 0x4f, 0xfe,
    0x2, 0xff, 0xfe, 0x0, 0x0, 0x0, 0x0, 0x4f,
    0xfe, 0x0, 0xaf, 0xff, 0xd3, 0x0, 0x0, 0x0,
    0x4f, 0xfe, 0x0, 0xd, 0xff, 0xff, 0x94, 0x21,
    0x48, 0xff, 0xfe, 0x0, 0x2, 0xdf, 0xff, 0xff,
    0xff, 0xff, 0xff, 0xfa, 0x0, 0x0, 0x9, 0xff,
    0xff, 0xff, 0xff, 0xfe, 0x70, 0x0, 0x0, 0x0,
    0x17, 0xbe, 0xff, 0xda, 0x60, 0x0,

    /* U+0048 "H" */
    0x1f, 0xff, 0x60, 0x0, 0x0, 0x0, 0x2, 0xff,
    0xf4, 0x1f, 0xff, 0x60, 0x0, 0x0, 0x0, 0x2,
    0xff, 0xf4, 0x1f, 0xff, 0x60, 0x0, 0x0, 0x0,
    0x2, 0xff, 0xf4, 0x1f, 0xff, 0x60, 0x0, 0x0,
    0x0, 0x2, 0xff, 0xf4, 0x1f, 0xff, 0x60, 0x0,
    0x0, 0x0, 0x2, 0xff, 0xf4, 0x1f, 0xff, 0x60,
    0x0, 0x0, 0x0, 0x2, 0xff, 0xf4, 0x1f, 0xff,
    0x60, 0x0, 0x0, 0x0, 0x2, 0xff, 0xf4, 0x1f,
    0xff, 0x60, 0x0, 0x0, 0x0, 0x2, 0xff, 0xf4,
    0x1f, 0xff, 0x60, 0x0, 0x0, 0x0, 0x3, 0xff,
    0xf4, 0x1f, 0xff, 0xff, 0xff, 0xff, 0xff, 0xff,
    0xff, 0xf4, 0x1f, 0xff, 0xff, 0xff, 0xff, 0xff,
    0xff, 0xff, 0xf4, 0x1f, 0xff, 0xff, 0xff, 0xff,
    0xff, 0xff, 0xff, 0xf4, 0x1f, 0xff, 0x60, 0x0,
    0x0, 0x0, 0x2, 0xff, 0xf4, 0x1f, 0xff, 0x60,
    0x0, 0x0, 0x0, 0x2, 0xff, 0xf4, 0x1f, 0xff,
    0x60, 0x0, 0x0, 0x0, 0x2, 0xff, 0xf4, 0x1f,
    0xff, 0x60, 0x0, 0x0, 0x0, 0x2, 0xff, 0xf4,
    0x1f, 0xff, 0x60, 0x0, 0x0, 0x0, 0x2, 0xff,
    0xf4, 0x1f, 0xff, 0x60, 0x0, 0x0, 0x0, 0x2,
    0xff, 0xf4, 0x1f, 0xff, 0x60, 0x0, 0x0, 0x0,
    0x2, 0xff, 0xf4, 0x1f, 0xff, 0x60, 0x0, 0x0,
    0x0, 0x2, 0xff, 0xf4, 0x1f, 0xff, 0x60, 0x0,
    0x0, 0x0, 0x2, 0xff, 0xf4, 0x1f, 0xff, 0x60,
    0x0, 0x0, 0x0, 0x2, 0xff, 0xf4,

    /* U+0049 "I" */
    0x1f, 0xff, 0x61, 0xff, 0xf6, 0x1f, 0xff, 0x61,
    0xff, 0xf6, 0x1f, 0xff, 0x61, 0xff, 0xf6, 0x1f,
    0xff, 0x61, 0xff, 0xf6, 0x1f, 0xff, 0x61, 0xff,
    0xf6, 0x1f, 0xff, 0x61, 0xff, 0xf6, 0x1f, 0xff,
    0x61, 0xff, 0xf6, 0x1f, 0xff, 0x61, 0xff, 0xf6,
    0x1f, 0xff, 0x61, 0xff, 0xf6, 0x1f, 0xff, 0x61,
    0xff, 0xf6, 0x1f, 0xff, 0x61, 0xff, 0xf6,

    /* U+004A "J" */
    0x0, 0x0, 0x0, 0x0, 0x0, 0xcf, 0xfb, 0x0,
    0x0, 0x0, 0x0, 0x0, 0xcf, 0xfb, 0x0, 0x0,
    0x0, 0x0, 0x0, 0xcf, 0xfb, 0x0, 0x0, 0x0,
    0x0, 0x0, 0xcf, 0xfb, 0x0, 0x0, 0x0, 0x0,
    0x0, 0xcf, 0xfb, 0x0, 0x0, 0x0, 0x0, 0x0,
    0xcf, 0xfb, 0x0, 0x0, 0x0, 0x0, 0x0, 0xcf,
    0xfb, 0x0, 0x0, 0x0, 0x0, 0x0, 0xcf, 0xfb,
    0x0, 0x0, 0x0, 0x0, 0x0, 0xcf, 0xfb, 0x0,
    0x0, 0x0, 0x0, 0x0, 0xcf, 0xfb, 0x0, 0x0,
    0x0, 0x0, 0x0, 0xcf, 0xfb, 0x0, 0x0, 0x0,
    0x0, 0x0, 0xcf, 0xfb, 0x0, 0x0, 0x0, 0x0,
    0x0, 0xcf, 0xfb, 0x0, 0x0, 0x0, 0x0, 0x0,
    0xcf, 0xfb, 0x0, 0x0, 0x0, 0x0, 0x0, 0xcf,
    0xfb, 0x0, 0x0, 0x0, 0x0, 0x0, 0xef, 0xf9,
    0x0, 0x0, 0x0, 0x0, 0x0, 0xff, 0xf7, 0x2,
    0xcc, 0x0, 0x0, 0x7, 0xff, 0xf5, 0xc, 0xff,
    0xc5, 0x12, 0x7f, 0xff, 0xd0, 0x3, 0xff, 0xff,
    0xff, 0xff, 0xff, 0x50, 0x0, 0x4f, 0xff, 0xff,
    0xff, 0xf6, 0x0, 0x0, 0x1, 0x8c, 0xef, 0xd9,
    0x20, 0x0,

    /* U+004B "K" */
    0x1f, 0xff, 0x60, 0x0, 0x0, 0x0, 0x8f, 0xff,
    0x60, 0x1f, 0xff, 0x60, 0x0, 0x0, 0x5, 0xff,
    0xf9, 0x0, 0x1f, 0xff, 0x60, 0x0, 0x0, 0x3f,
    0xff, 0xb0, 0x0, 0x1f, 0xff, 0x60, 0x0, 0x1,
    0xef, 0xfd, 0x10, 0x0, 0x1f, 0xff, 0x60, 0x0,
    0xb, 0xff, 0xf2, 0x0, 0x0, 0x1f, 0xff, 0x60,
    0x0, 0x9f, 0xff, 0x50, 0x0, 0x0, 0x1f, 0xff,
    0x60, 0x5, 0xff, 0xf8, 0x0, 0x0, 0x0, 0x1f,
    0xff, 0x60, 0x3f, 0xff, 0xb0, 0x0, 0x0, 0x0,
    0x1f, 0xff, 0x61, 0xef, 0xff, 0x10, 0x0, 0x0,
    0x0, 0x1f, 0xff, 0x6c, 0xff, 0xff, 0x70, 0x0,
    0x0, 0x0, 0x1f, 0xff, 0xef, 0xff, 0xff, 0xf1,
    0x0, 0x0, 0x0, 0x1f, 0xff, 0xff, 0xfa, 0xff,
    0xfa, 0x0, 0x0, 0x0, 0x1f, 0xff, 0xff, 0xc0,
    0x7f, 0xff, 0x40, 0x0, 0x0, 0x1f, 0xff, 0xfd,
    0x10, 0xd, 0xff, 0xd0, 0x0, 0x0, 0x1f, 0xff,
    0xf2, 0x0, 0x5, 0xff, 0xf7, 0x0, 0x0, 0x1f,
    0xff, 0x70, 0x0, 0x0, 0xbf, 0xff, 0x10, 0x0,
    0x1f, 0xff, 0x60, 0x0, 0x0, 0x2f, 0xff, 0xa0,
    0x0, 0x1f, 0xff, 0x60, 0x0, 0x0, 0x9, 0xff,
    0xf3, 0x0, 0x1f, 0xff, 0x60, 0x0, 0x0, 0x1,
    0xef, 0xfc, 0x0, 0x1f, 0xff, 0x60, 0x0, 0x0,
    0x0, 0x6f, 0xff, 0x60, 0x1f, 0xff, 0x60, 0x0,
    0x0, 0x0, 0xd, 0xff, 0xe1, 0x1f, 0xff, 0x60,
    0x0, 0x0, 0x0, 0x4, 0xff, 0xf9,

    /* U+004C "L" */
    0x1f, 0xff, 0x60, 0x0, 0x0, 0x0, 0x0, 0x1f,
    0xff, 0x60, 0x0, 0x0, 0x0, 0x0, 0x1f, 0xff,
    0x60, 0x0, 0x0, 0x0, 0x0, 0x1f, 0xff, 0x60,
    0x0, 0x0, 0x0, 0x0, 0x1f, 0xff, 0x60, 0x0,
    0x0, 0x0, 0x0, 0x1f, 0xff, 0x60, 0x0, 0x0,
    0x0, 0x0, 0x1f, 0xff, 0x60, 0x0, 0x0, 0x0,
    0x0, 0x1f, 0xff, 0x60, 0x0, 0x0, 0x0, 0x0,
    0x1f, 0xff, 0x60, 0x0, 0x0, 0x0, 0x0, 0x1f,
    0xff, 0x60, 0x0, 0x0, 0x0, 0x0, 0x1f, 0xff,
    0x60, 0x0, 0x0, 0x0, 0x0, 0x1f, 0xff, 0x60,
    0x0, 0x0, 0x0, 0x0, 0x1f, 0xff, 0x60, 0x0,
    0x0, 0x0, 0x0, 0x1f, 0xff, 0x60, 0x0, 0x0,
    0x0, 0x0, 0x1f, 0xff, 0x60, 0x0, 0x0, 0x0,
    0x0, 0x1f, 0xff, 0x60, 0x0, 0x0, 0x0, 0x0,
    0x1f, 0xff, 0x60, 0x0, 0x0, 0x0, 0x0, 0x1f,
    0xff, 0x60, 0x0, 0x0, 0x0, 0x0, 0x1f, 0xff,
    0x60, 0x0, 0x0, 0x0, 0x0, 0x1f, 0xff, 0xff,
    0xff, 0xff, 0xff, 0xfb, 0x1f, 0xff, 0xff, 0xff,
    0xff, 0xff, 0xfb, 0x1f, 0xff, 0xff, 0xff, 0xff,
    0xff, 0xfb,

    /* U+004D "M" */
    0x1f, 0xff, 0xf1, 0x0, 0x0, 0x0, 0x0, 0x3,
    0xff, 0xff, 0x1, 0xff, 0xff, 0x70, 0x0, 0x0,
    0x0, 0x0, 0x9f, 0xff, 0xf0, 0x1f, 0xff, 0xfd,
    0x0, 0x0, 0x0, 0x0, 0xe, 0xff, 0xff, 0x1,
    0xff, 0xff, 0xf3, 0x0, 0x0, 0x0, 0x4, 0xff,
    0xff, 0xf0, 0x1f, 0xfc, 0xff, 0x80, 0x0, 0x0,
    0x0, 0xaf, 0xec, 0xff, 0x1, 0xff, 0xbc, 0xfe,
    0x0, 0x0, 0x0, 0xf, 0xf9, 0xef, 0xf0, 0x1f,
    0xfc, 0x7f, 0xf4, 0x0, 0x0, 0x5, 0xff, 0x4f,
    0xff, 0x1, 0xff, 0xe2, 0xff, 0xa0, 0x0, 0x0,
    0xbf, 0xf1, 0xff, 0xf0, 0x1f, 0xff, 0xd, 0xff,
    0x0, 0x0, 0x1f, 0xfa, 0x1f, 0xff, 0x1, 0xff,
    0xf0, 0x7f, 0xf5, 0x0, 0x6, 0xff, 0x42, 0xff,
    0xf0, 0x1f, 0xff, 0x2, 0xff, 0xb0, 0x0, 0xcf,
    0xe0, 0x3f, 0xff, 0x1, 0xff, 0xf0, 0xc, 0xff,
    0x10, 0x1f, 0xf9, 0x3, 0xff, 0xf0, 0x1f, 0xff,
    0x0, 0x6f, 0xf6, 0x6, 0xff, 0x30, 0x3f, 0xff,
    0x1, 0xff, 0xf0, 0x0, 0xff, 0xb0, 0xcf, 0xd0,
    0x3, 0xff, 0xf0, 0x1f, 0xff, 0x0, 0xa, 0xff,
    0x2f, 0xf7, 0x0, 0x3f, 0xff, 0x1, 0xff, 0xf0,
    0x0, 0x4f, 0xfd, 0xff, 0x10, 0x3, 0xff, 0xf0,
    0x1f, 0xff, 0x0, 0x0, 0xef, 0xff, 0xb0, 0x0,
    0x3f, 0xff, 0x1, 0xff, 0xf0, 0x0, 0x8, 0xff,
    0xf5, 0x0, 0x3, 0xff, 0xf0, 0x1f, 0xff, 0x0,
    0x0, 0x2f, 0xff, 0x0, 0x0, 0x3f, 0xff, 0x1,
    0xff, 0xf0, 0x0, 0x0, 0xbd, 0x90, 0x0, 0x3,
    0xff, 0xf0, 0x1f, 0xff, 0x0, 0x0, 0x0, 0x0,
    0x0, 0x0, 0x3f, 0xff, 0x1, 0xff, 0xf0, 0x0,
    0x0, 0x0, 0x0, 0x0, 0x3, 0xff, 0xf0,

    /* U+004E "N" */
    0x1f, 0xff, 0xc0, 0x0, 0x0, 0x0, 0x3, 0xff,
    0xf1, 0x1f, 0xff, 0xf5, 0x0, 0x0, 0x0, 0x3,
    0xff, 0xf1, 0x1f, 0xff, 0xfd, 0x0, 0x0, 0x0,
    0x3, 0xff, 0xf1, 0x1f, 0xff, 0xff, 0x70, 0x0,
    0x0, 0x3, 0xff, 0xf1, 0x1f, 0xfe, 0xff, 0xf1,
    0x0, 0x0, 0x3, 0xff, 0xf1, 0x1f, 0xfd, 0x9f,
    0xf9, 0x0, 0x0, 0x3, 0xff, 0xf1, 0x1f, 0xfe,
    0x1f, 0xff, 0x20, 0x0, 0x3, 0xff, 0xf1, 0x1f,
    0xff, 0x9, 0xff, 0xb0, 0x0, 0x3, 0xff, 0xf1,
    0x1f, 0xff, 0x1, 0xff, 0xf4, 0x0, 0x3, 0xff,
    0xf1, 0x1f, 0xff, 0x10, 0x8f, 0xfd, 0x0, 0x3,
    0xff, 0xf1, 0x1f, 0xff, 0x20, 0xe, 0xff, 0x60,
    0x3, 0xff, 0xf1, 0x1f, 0xff, 0x30, 0x6, 0xff,
    0xe1, 0x2, 0xff, 0xf1, 0x1f, 0xff, 0x30, 0x0,
    0xdf, 0xf8, 0x1, 0xff, 0xf1, 0x1f, 0xff, 0x30,
    0x0, 0x4f, 0xff, 0x11, 0xff, 0xf1, 0x1f, 0xff,
    0x30, 0x0, 0xb, 0xff, 0x90, 0xff, 0xf1, 0x1f,
    0xff, 0x30, 0x0, 0x2, 0xff, 0xf1, 0xef, 0xf1,
    0x1f, 0xff, 0x30, 0x0, 0x0, 0x9f, 0xf9, 0xdf,
    0xf1, 0x1f, 0xff, 0x30, 0x0, 0x0, 0x1e, 0xff,
    0xef, 0xf1, 0x1f, 0xff, 0x30, 0x0, 0x0, 0x7,
    0xff, 0xff, 0xf1, 0x1f, 0xff, 0x30, 0x0, 0x0,
    0x0, 0xdf, 0xff, 0xf1, 0x1f, 0xff, 0x30, 0x0,
    0x0, 0x0, 0x4f, 0xff, 0xf1, 0x1f, 0xff, 0x30,
    0x0, 0x0, 0x0, 0xb, 0xff, 0xf1,

    /* U+004F "O" */
    0x0, 0x0, 0x0, 0x49, 0xde, 0xfe, 0xc7, 0x10,
    0x0, 0x0, 0x0, 0x0, 0x2c, 0xff, 0xff, 0xff,
    0xff, 0xf8, 0x0, 0x0, 0x0, 0x4, 0xff, 0xff,
    0xff, 0xff, 0xff, 0xff, 0xb0, 0x0, 0x0, 0x2f,
    0xff, 0xfd, 0x52, 0x13, 0x8f, 0xff, 0xfb, 0x0,
    0x0, 0xcf, 0xff, 0xa0, 0x0, 0x0, 0x3, 0xef,
    0xff, 0x60, 0x3, 0xff, 0xfc, 0x0, 0x0, 0x0,
    0x0, 0x2f, 0xff, 0xd0, 0xa, 0xff, 0xf4, 0x0,
    0x0, 0x0, 0x0, 0x9, 0xff, 0xf4, 0xe, 0xff,
    0xc0, 0x0, 0x0, 0x0, 0x0, 0x2, 0xff, 0xf8,
    0x1f, 0xff, 0x90, 0x0, 0x0, 0x0, 0x0, 0x0,
    0xff, 0xfb, 0x3f, 0xff, 0x70, 0x0, 0x0, 0x0,
    0x0, 0x0, 0xcf, 0xfd, 0x4f, 0xff, 0x50, 0x0,
    0x0, 0x0, 0x0, 0x0, 0xaf, 0xfe, 0x4f, 0xff,
    0x50, 0x0, 0x0, 0x0, 0x0, 0x0, 0xbf, 0xfe,
    0x3f, 0xff, 0x70, 0x0, 0x0, 0x0, 0x0, 0x0,
    0xdf, 0xfd, 0x1f, 0xff, 0x90, 0x0, 0x0, 0x0,
    0x0, 0x0, 0xff, 0xfb, 0xd, 0xff, 0xd0, 0x0,
    0x0, 0x0, 0x0, 0x3, 0xff, 0xf7, 0x9, 0xff,
    0xf5, 0x0, 0x0, 0x0, 0x0, 0xa, 0xff, 0xf3,
    0x2, 0xff, 0xfc, 0x0, 0x0, 0x0, 0x0, 0x3f,
    0xff, 0xc0, 0x0, 0xbf, 0xff, 0xb1, 0x0, 0x0,
    0x4, 0xef, 0xff, 0x50, 0x0, 0x1e, 0xff, 0xfd,
    0x62, 0x13, 0x8f, 0xff, 0xfa, 0x0, 0x0, 0x3,
    0xef, 0xff, 0xff, 0xff, 0xff, 0xff, 0xb0, 0x0,
    0x0, 0x0, 0x2b, 0xff, 0xff, 0xff, 0xff, 0xf7,
    0x0, 0x0, 0x0, 0x0, 0x0, 0x39, 0xde, 0xfe,
    0xb7, 0x10, 0x0, 0x0,

    /* U+0050 "P" */
    0x1f, 0xff, 0xff, 0xff, 0xec, 0xb6, 0x0, 0x0,
    0x1, 0xff, 0xff, 0xff, 0xff, 0xff, 0xff, 0x80,
    0x0, 0x1f, 0xff, 0xed, 0xdd, 0xff, 0xff, 0xff,
    0xb0, 0x1, 0xff, 0xf6, 0x0, 0x0, 0x6, 0xdf,
    0xff, 0x50, 0x1f, 0xff, 0x60, 0x0, 0x0, 0x2,
    0xef, 0xfb, 0x1, 0xff, 0xf6, 0x0, 0x0, 0x0,
    0x9, 0xff, 0xf0, 0x1f, 0xff, 0x60, 0x0, 0x0,
    0x0, 0x7f, 0xff, 0x1, 0xff, 0xf6, 0x0, 0x0,
    0x0, 0x8, 0xff, 0xf0, 0x1f, 0xff, 0x60, 0x0,
    0x0, 0x0, 0xbf, 0xfd, 0x1, 0xff, 0xf6, 0x0,
    0x0, 0x0, 0x5f, 0xff, 0x80, 0x1f, 0xff, 0x60,
    0x0, 0x13, 0xaf, 0xff, 0xf1, 0x1, 0xff, 0xff,
    0xff, 0xff, 0xff, 0xff, 0xf5, 0x0, 0x1f, 0xff,
    0xff, 0xff, 0xff, 0xff, 0xb3, 0x0, 0x1, 0xff,
    0xfe, 0xdd, 0xdb, 0x97, 0x20, 0x0, 0x0, 0x1f,
    0xff, 0x60, 0x0, 0x0, 0x0, 0x0, 0x0, 0x1,
    0xff, 0xf6, 0x0, 0x0, 0x0, 0x0, 0x0, 0x0,
    0x1f, 0xff, 0x60, 0x0, 0x0, 0x0, 0x0, 0x0,
    0x1, 0xff, 0xf6, 0x0, 0x0, 0x0, 0x0, 0x0,
    0x0, 0x1f, 0xff, 0x60, 0x0, 0x0, 0x0, 0x0,
    0x0, 0x1, 0xff, 0xf6, 0x0, 0x0, 0x0, 0x0,
    0x0, 0x0, 0x1f, 0xff, 0x60, 0x0, 0x0, 0x0,
    0x0, 0x0, 0x1, 0xff, 0xf6, 0x0, 0x0, 0x0,
    0x0, 0x0, 0x0,

    /* U+0051 "Q" */
    0x0, 0x0, 0x0, 0x39, 0xde, 0xfe, 0xb7, 0x10,
    0x0, 0x0, 0x0, 0x0, 0x2, 0xbf, 0xff, 0xff,
    0xff, 0xff, 0x70, 0x0, 0x0, 0x0, 0x3, 0xef,
    0xff, 0xff, 0xff, 0xff, 0xff, 0xb0, 0x0, 0x0,
    0x1, 0xef, 0xff, 0xd6, 0x21, 0x38, 0xff, 0xff,
    0x90, 0x0, 0x0, 0xaf, 0xff, 0x90, 0x0, 0x0,
    0x2, 0xef, 0xff, 0x40, 0x0, 0x2f, 0xff, 0xc0,
    0x0, 0x0, 0x0, 0x3, 0xff, 0xfc, 0x0, 0x9,
    0xff, 0xf5, 0x0, 0x0, 0x0, 0x0, 0xb, 0xff,
    0xf3, 0x0, 0xdf, 0xfd, 0x0, 0x0, 0x0, 0x0,
    0x0, 0x3f, 0xff, 0x70, 0x1f, 0xff, 0x90, 0x0,
    0x0, 0x0, 0x0, 0x0, 0xff, 0xfb, 0x2, 0xff,
    0xf7, 0x0, 0x0, 0x0, 0x0, 0x0, 0xd, 0xff,
    0xc0, 0x4f, 0xff, 0x50, 0x0, 0x0, 0x0, 0x0,
    0x0, 0xbf, 0xfe, 0x4, 0xff, 0xf5, 0x0, 0x0,
    0x0, 0x0, 0x0, 0xa, 0xff, 0xe0, 0x3f, 0xff,
    0x60, 0x0, 0x0, 0x0, 0x0, 0x0, 0xcf, 0xfd,
    0x2, 0xff, 0xf8, 0x0, 0x0, 0x0, 0x0, 0x0,
    0xe, 0xff, 0xc0, 0xf, 0xff, 0xa0, 0x0, 0x0,
    0x0, 0x0, 0x0, 0xff, 0xf9, 0x0, 0xbf, 0xff,
    0x0, 0x0, 0x0, 0x0, 0x0, 0x5f, 0xff, 0x50,
    0x4, 0xff, 0xf7, 0x0, 0x0, 0x0, 0x0, 0xd,
    0xff, 0xe0, 0x0, 0xd, 0xff, 0xe1, 0x0, 0x0,
    0x0, 0x5, 0xff, 0xf7, 0x0, 0x0, 0x5f, 0xff,
    0xc1, 0x0, 0x0, 0x4, 0xff, 0xff, 0x0, 0x0,
    0x0, 0xaf, 0xff, 0xe8, 0x43, 0x5a, 0xff, 0xff,
    0x40, 0x0, 0x0, 0x0, 0xbf, 0xff, 0xff, 0xff,
    0xff, 0xff, 0x50, 0x0, 0x0, 0x0, 0x0, 0x6e,
    0xff, 0xff, 0xff, 0xfb, 0x20, 0x0, 0x0, 0x0,
    0x0, 0x0, 0x4, 0xaf, 0xff, 0xb2, 0x0, 0x0,
    0x0, 0x0, 0x0, 0x0, 0x0, 0x0, 0xcf, 0xff,
    0x40, 0x0, 0x0, 0x0, 0x0, 0x0, 0x0, 0x0,
    0x2, 0xff, 0xff, 0x93, 0x0, 0x1, 0x0, 0x0,
    0x0, 0x0, 0x0, 0x3, 0xff, 0xff, 0xff, 0xef,
    0xf2, 0x0, 0x0, 0x0, 0x0, 0x0, 0x2, 0xcf,
    0xff, 0xff, 0xff, 0x60, 0x0, 0x0, 0x0, 0x0,
    0x0, 0x0, 0x39, 0xce, 0xfe, 0xb4,

    /* U+0052 "R" */
    0x1f, 0xff, 0xff, 0xff, 0xfd, 0xc9, 0x20, 0x0,
    0x1, 0xff, 0xff, 0xff, 0xff, 0xff, 0xff, 0xb1,
    0x0, 0x1f, 0xff, 0xed, 0xdd, 0xef, 0xff, 0xff,
    0xc0, 0x1, 0xff, 0xf6, 0x0, 0x0, 0x4, 0xcf,
    0xff, 0x80, 0x1f, 0xff, 0x60, 0x0, 0x0, 0x0,
    0xdf, 0xfe, 0x1, 0xff, 0xf6, 0x0, 0x0, 0x0,
    0x7, 0xff, 0xf0, 0x1f, 0xff, 0x60, 0x0, 0x0,
    0x0, 0x6f, 0xff, 0x11, 0xff, 0xf6, 0x0, 0x0,
    0x0, 0x8, 0xff, 0xf0, 0x1f, 0xff, 0x60, 0x0,
    0x0, 0x1, 0xef, 0xfc, 0x1, 0xff, 0xf6, 0x0,
    0x0, 0x5, 0xdf, 0xff, 0x50, 0x1f, 0xff, 0xec,
    0xcc, 0xef, 0xff, 0xff, 0xa0, 0x1, 0xff, 0xff,
    0xff, 0xff, 0xff, 0xff, 0x90, 0x0, 0x1f, 0xff,
    0xff, 0xff, 0xff, 0xfc, 0x10, 0x0, 0x1, 0xff,
    0xf6, 0x0, 0xb, 0xff, 0xf1, 0x0, 0x0, 0x1f,
    0xff, 0x60, 0x0, 0x3f, 0xff, 0x90, 0x0, 0x1,
    0xff, 0xf6, 0x0, 0x0, 0xaf, 0xff, 0x30, 0x0,
    0x1f, 0xff, 0x60, 0x0, 0x1, 0xff, 0xfc, 0x0,
    0x1, 0xff, 0xf6, 0x0, 0x0, 0x8, 0xff, 0xf5,
    0x0, 0x1f, 0xff, 0x60, 0x0, 0x0, 0xe, 0xff,
    0xd0, 0x1, 0xff, 0xf6, 0x0, 0x0, 0x0, 0x6f,
    0xff, 0x70, 0x1f, 0xff, 0x60, 0x0, 0x0, 0x0,
    0xdf, 0xff, 0x11, 0xff, 0xf6, 0x0, 0x0, 0x0,
    0x4, 0xff, 0xf9,

    /* U+0053 "S" */
    0x0, 0x0, 0x7, 0xad, 0xfe, 0xc7, 0x20, 0x0,
    0x0, 0x5, 0xef, 0xff, 0xff, 0xff, 0xf9, 0x0,
    0x0, 0x4f, 0xff, 0xff, 0xff, 0xff, 0xff, 0xd1,
    0x1, 0xff, 0xff, 0x82, 0x13, 0x6b, 0xff, 0x90,
    0x7, 0xff, 0xf5, 0x0, 0x0, 0x0, 0x59, 0x0,
    0x9, 0xff, 0xf0, 0x0, 0x0, 0x0, 0x0, 0x0,
    0x8, 0xff, 0xf1, 0x0, 0x0, 0x0, 0x0, 0x0,
    0x5, 0xff, 0xfb, 0x10, 0x0, 0x0, 0x0, 0x0,
    0x0, 0xcf, 0xff, 0xf8, 0x10, 0x0, 0x0, 0x0,
    0x0, 0x2d, 0xff, 0xff, 0xfa, 0x30, 0x0, 0x0,
    0x0, 0x1, 0xaf, 0xff, 0xff, 0xfd, 0x50, 0x0,
    0x0, 0x0, 0x2, 0x9f, 0xff, 0xff, 0xfb, 0x10,
    0x0, 0x0, 0x0, 0x0, 0x6d, 0xff, 0xff, 0xd0,
    0x0, 0x0, 0x0, 0x0, 0x0, 0x5e, 0xff, 0xf7,
    0x0, 0x0, 0x0, 0x0, 0x0, 0x2, 0xff, 0xfc,
    0x0, 0x0, 0x0, 0x0, 0x0, 0x0, 0xbf, 0xfe,
    0x0, 0x20, 0x0, 0x0, 0x0, 0x0, 0xbf, 0xfe,
    0x9, 0xf7, 0x0, 0x0, 0x0, 0x3, 0xff, 0xfb,
    0x6f, 0xff, 0xe8, 0x42, 0x13, 0x8e, 0xff, 0xf3,
    0xb, 0xff, 0xff, 0xff, 0xff, 0xff, 0xff, 0x70,
    0x0, 0x6e, 0xff, 0xff, 0xff, 0xff, 0xe6, 0x0,
    0x0, 0x0, 0x5a, 0xde, 0xfc, 0xa7, 0x0, 0x0,

    /* U+0054 "T" */
    0xf, 0xff, 0xff, 0xff, 0xff, 0xff, 0xff, 0xff,
    0xf6, 0xf, 0xff, 0xff, 0xff, 0xff, 0xff, 0xff,
    0xff, 0xf6, 0xf, 0xff, 0xff, 0xff, 0xff, 0xff,
    0xff, 0xff, 0xf6, 0x0, 0x0, 0x0, 0x9, 0xff,
    0xe0, 0x0, 0x0, 0x0, 0x0, 0x0, 0x0, 0x9,
    0xff, 0xe0, 0x0, 0x0, 0x0, 0x0, 0x0, 0x0,
    0x9, 0xff, 0xe0, 0x0, 0x0, 0x0, 0x0, 0x0,
    0x0, 0x9, 0xff, 0xe0, 0x0, 0x0, 0x0, 0x0,
    0x0, 0x0, 0x9, 0xff, 0xe0, 0x0, 0x0, 0x0,
    0x0, 0x0, 0x0, 0x9, 0xff, 0xe0, 0x0, 0x0,
    0x0, 0x0, 0x0, 0x0, 0x9, 0xff, 0xe0, 0x0,
    0x0, 0x0, 0x0, 0x0, 0x0, 0x9, 0xff, 0xe0,
    0x0, 0x0, 0x0, 0x0, 0x0, 0x0, 0x9, 0xff,
    0xe0, 0x0, 0x0, 0x0, 0x0, 0x0, 0x0, 0x9,
    0xff, 0xe0, 0x0, 0x0, 0x0, 0x0, 0x0, 0x0,
    0x9, 0xff, 0xe0, 0x0, 0x0, 0x0, 0x0, 0x0,
    0x0, 0x9, 0xff, 0xe0, 0x0, 0x0, 0x0, 0x0,
    0x0, 0x0, 0x9, 0xff, 0xe0, 0x0, 0x0, 0x0,
    0x0, 0x0, 0x0, 0x9, 0xff, 0xe0, 0x0, 0x0,
    0x0, 0x0, 0x0, 0x0, 0x9, 0xff, 0xe0, 0x0,
    0x0, 0x0, 0x0, 0x0, 0x0, 0x9, 0xff, 0xe0,
    0x0, 0x0, 0x0, 0x0, 0x0, 0x0, 0x9, 0xff,
    0xe0, 0x0, 0x0, 0x0, 0x0, 0x0, 0x0, 0x9,
    0xff, 0xe0, 0x0, 0x0, 0x0, 0x0, 0x0, 0x0,
    0x9, 0xff, 0xe0, 0x0, 0x0, 0x0,

    /* U+0055 "U" */
    0x3f, 0xff, 0x40, 0x0, 0x0, 0x0, 0x2, 0xff,
    0xf3, 0x3f, 0xff, 0x40, 0x0, 0x0, 0x0, 0x2,
    0xff, 0xf3, 0x3f, 0xff, 0x40, 0x0, 0x0, 0x0,
    0x2, 0xff, 0xf3, 0x3f, 0xff, 0x40, 0x0, 0x0,
    0x0, 0x2, 0xff, 0xf3, 0x3f, 0xff, 0x40, 0x0,
    0x0, 0x0, 0x2, 0xff, 0xf3, 0x3f, 0xff, 0x40,
    0x0, 0x0, 0x0, 0x2, 0xff, 0xf3, 0x3f, 0xff,
    0x40, 0x0, 0x0, 0x0, 0x2, 0xff, 0xf3, 0x3f,
    0xff, 0x40, 0x0, 0x0, 0x0, 0x2, 0xff, 0xf3,
    0x3f, 0xff, 0x40, 0x0, 0x0, 0x0, 0x2, 0xff,
    0xf3, 0x3f, 0xff, 0x40, 0x0, 0x0, 0x0, 0x2,
    0xff, 0xf3, 0x3f, 0xff, 0x40, 0x0, 0x0, 0x0,
    0x2, 0xff, 0xf3, 0x3f, 0xff, 0x40, 0x0, 0x0,
    0x0, 0x2, 0xff, 0xf3, 0x3f, 0xff, 0x40, 0x0,
    0x0, 0x0, 0x2, 0xff, 0xf3, 0x2f, 0xff, 0x40,
    0x0, 0x0, 0x0, 0x3, 0xff, 0xf2, 0x1f, 0xff,
    0x60, 0x0, 0x0, 0x0, 0x4, 0xff, 0xf1, 0xe,
    0xff, 0x90, 0x0, 0x0, 0x0, 0x8, 0xff, 0xe0,
    0xb, 0xff, 0xf1, 0x0, 0x0, 0x0, 0xe, 0xff,
    0xb0, 0x5, 0xff, 0xfa, 0x0, 0x0, 0x0, 0x9f,
    0xff, 0x50, 0x0, 0xdf, 0xff, 0xc5, 0x22, 0x5c,
    0xff, 0xfd, 0x0, 0x0, 0x3f, 0xff, 0xff, 0xff,
    0xff, 0xff, 0xf3, 0x0, 0x0, 0x3, 0xef, 0xff,
    0xff, 0xff, 0xfe, 0x30, 0x0, 0x0, 0x0, 0x6,
    0xbe, 0xff, 0xeb, 0x60, 0x0, 0x0,

    /* U+0056 "V" */
    0xe, 0xff, 0xc0, 0x0, 0x0, 0x0, 0x0, 0xc,
    0xff, 0xb0, 0x9f, 0xff, 0x0, 0x0, 0x0, 0x0,
    0x1, 0xff, 0xf6, 0x4, 0xff, 0xf4, 0x0, 0x0,
    0x0, 0x0, 0x6f, 0xff, 0x10, 0xf, 0xff, 0x90,
    0x0, 0x0, 0x0, 0xb, 0xff, 0xc0, 0x0, 0xaf,
    0xfd, 0x0, 0x0, 0x0, 0x0, 0xff, 0xf7, 0x0,
    0x5, 0xff, 0xf2, 0x0, 0x0, 0x0, 0x4f, 0xff,
    0x20, 0x0, 0x1f, 0xff, 0x60, 0x0, 0x0, 0x9,
    0xff, 0xc0, 0x0, 0x0, 0xbf, 0xfa, 0x0, 0x0,
    0x0, 0xef, 0xf7, 0x0, 0x0, 0x6, 0xff, 0xf0,
    0x0, 0x0, 0x2f, 0xff, 0x20, 0x0, 0x0, 0x1f,
    0xff, 0x30, 0x0, 0x7, 0xff, 0xd0, 0x0, 0x0,
    0x0, 0xdf, 0xf7, 0x0, 0x0, 0xcf, 0xf8, 0x0,
    0x0, 0x0, 0x8, 0xff, 0xc0, 0x0, 0x1f, 0xff,
    0x30, 0x0, 0x0, 0x0, 0x3f, 0xff, 0x10, 0x5,
    0xff, 0xe0, 0x0, 0x0, 0x0, 0x0, 0xef, 0xf5,
    0x0, 0xaf, 0xf8, 0x0, 0x0, 0x0, 0x0, 0x9,
    0xff, 0xa0, 0xe, 0xff, 0x30, 0x0, 0x0, 0x0,
    0x0, 0x4f, 0xfe, 0x3, 0xff, 0xe0, 0x0, 0x0,
    0x0, 0x0, 0x0, 0xef, 0xf3, 0x8f, 0xf9, 0x0,
    0x0, 0x0, 0x0, 0x0, 0xa, 0xff, 0x7c, 0xff,
    0x40, 0x0, 0x0, 0x0, 0x0, 0x0, 0x5f, 0xfd,
    0xff, 0xe0, 0x0, 0x0, 0x0, 0x0, 0x0, 0x0,
    0xff, 0xff, 0xfa, 0x0, 0x0, 0x0, 0x0, 0x0,
    0x0, 0xb, 0xff, 0xff, 0x40, 0x0, 0x0, 0x0,
    0x0, 0x0, 0x0, 0x6f, 0xff, 0xf0, 0x0, 0x0,
    0x0,

    /* U+0057 "W" */
    0x3f, 0xff, 0x50, 0x0, 0x0, 0x2, 0xff, 0xf2,
    0x0, 0x0, 0x0, 0x5f, 0xff, 0x0, 0xff, 0xf8,
    0x0, 0x0, 0x0, 0x6f, 0xff, 0x60, 0x0, 0x0,
    0x8, 0xff, 0xc0, 0xd, 0xff, 0xb0, 0x0, 0x0,
    0xa, 0xff, 0xfa, 0x0, 0x0, 0x0, 0xbf, 0xf9,
    0x0, 0x9f, 0xfe, 0x0, 0x0, 0x0, 0xef, 0xff,
    0xe0, 0x0, 0x0, 0xe, 0xff, 0x60, 0x6, 0xff,
    0xf0, 0x0, 0x0, 0x2f, 0xff, 0xff, 0x20, 0x0,
    0x1, 0xff, 0xf3, 0x0, 0x3f, 0xff, 0x30, 0x0,
    0x6, 0xff, 0x9f, 0xf6, 0x0, 0x0, 0x4f, 0xff,
    0x0, 0x0, 0xff, 0xf6, 0x0, 0x0, 0xaf, 0xf3,
    0xff, 0xa0, 0x0, 0x7, 0xff, 0xc0, 0x0, 0xc,
    0xff, 0x90, 0x0, 0xe, 0xfb, 0xf, 0xfe, 0x0,
    0x0, 0xaf, 0xf9, 0x0, 0x0, 0x9f, 0xfb, 0x0,
    0x3, 0xff, 0x80, 0xdf, 0xf2, 0x0, 0xd, 0xff,
    0x60, 0x0, 0x6, 0xff, 0xe0, 0x0, 0x7f, 0xf5,
    0x9, 0xff, 0x50, 0x0, 0xff, 0xf3, 0x0, 0x0,
    0x3f, 0xff, 0x10, 0xb, 0xff, 0x10, 0x6f, 0xf9,
    0x0, 0x3f, 0xff, 0x0, 0x0, 0x0, 0xff, 0xf4,
    0x0, 0xff, 0xd0, 0x2, 0xff, 0xd0, 0x6, 0xff,
    0xc0, 0x0, 0x0, 0xc, 0xff, 0x70, 0x2f, 0xf9,
    0x0, 0xe, 0xff, 0x10, 0x8f, 0xf9, 0x0, 0x0,
    0x0, 0x9f, 0xf9, 0x5, 0xff, 0x50, 0x0, 0xaf,
    0xf4, 0xb, 0xff, 0x60, 0x0, 0x0, 0x6, 0xff,
    0xc0, 0x9f, 0xf1, 0x0, 0x6, 0xff, 0x70, 0xdf,
    0xf2, 0x0, 0x0, 0x0, 0x3f, 0xfe, 0xc, 0xfd,
    0x0, 0x0, 0x2f, 0xfb, 0xf, 0xff, 0x0, 0x0,
    0x0, 0x0, 0xff, 0xf2, 0xff, 0xa0, 0x0, 0x0,
    0xef, 0xe3, 0xff, 0xc0, 0x0, 0x0, 0x0, 0xc,
    0xff, 0x7f, 0xf6, 0x0, 0x0, 0xb, 0xff, 0x7f,
    0xf9, 0x0, 0x0, 0x0, 0x0, 0x9f, 0xfd, 0xff,
    0x20, 0x0, 0x0, 0x7f, 0xfd, 0xff, 0x60, 0x0,
    0x0, 0x0, 0x6, 0xff, 0xff, 0xe0, 0x0, 0x0,
    0x3, 0xff, 0xff, 0xf2, 0x0, 0x0, 0x0, 0x0,
    0x3f, 0xff, 0xfa, 0x0, 0x0, 0x0, 0xf, 0xff,
    0xff, 0x0, 0x0, 0x0, 0x0, 0x0, 0xff, 0xff,
    0x60, 0x0, 0x0, 0x0, 0xbf, 0xff, 0xc0, 0x0,
    0x0,

    /* U+0058 "X" */
    0xd, 0xff, 0xe0, 0x0, 0x0, 0x0, 0xe, 0xff,
    0xb0, 0x4, 0xff, 0xf8, 0x0, 0x0, 0x0, 0x6f,
    0xff, 0x30, 0x0, 0xbf, 0xff, 0x10, 0x0, 0x0,
    0xef, 0xfa, 0x0, 0x0, 0x2f, 0xff, 0x80, 0x0,
    0x6, 0xff, 0xf2, 0x0, 0x0, 0x9, 0xff, 0xf1,
    0x0, 0xe, 0xff, 0x80, 0x0, 0x0, 0x1, 0xff,
    0xf9, 0x0, 0x6f, 0xfe, 0x10, 0x0, 0x0, 0x0,
    0x8f, 0xff, 0x10, 0xdf, 0xf7, 0x0, 0x0, 0x0,
    0x0, 0xe, 0xff, 0x95, 0xff, 0xe0, 0x0, 0x0,
    0x0, 0x0, 0x6, 0xff, 0xfd, 0xff, 0x50, 0x0,
    0x0, 0x0, 0x0, 0x0, 0xdf, 0xff, 0xfc, 0x0,
    0x0, 0x0, 0x0, 0x0, 0x0, 0x5f, 0xff, 0xf4,
    0x0, 0x0, 0x0, 0x0, 0x0, 0x0, 0xaf, 0xff,
    0xf7, 0x0, 0x0, 0x0, 0x0, 0x0, 0x3, 0xff,
    0xff, 0xff, 0x10, 0x0, 0x0, 0x0, 0x0, 0xc,
    0xff, 0x7e, 0xff, 0x90, 0x0, 0x0, 0x0, 0x0,
    0x5f, 0xfe, 0x6, 0xff, 0xf3, 0x0, 0x0, 0x0,
    0x0, 0xdf, 0xf7, 0x0, 0xdf, 0xfb, 0x0, 0x0,
    0x0, 0x7, 0xff, 0xe0, 0x0, 0x5f, 0xff, 0x50,
    0x0, 0x0, 0x1e, 0xff, 0x70, 0x0, 0xd, 0xff,
    0xd0, 0x0, 0x0, 0x9f, 0xfe, 0x0, 0x0, 0x4,
    0xff, 0xf7, 0x0, 0x2, 0xff, 0xf7, 0x0, 0x0,
    0x0, 0xcf, 0xff, 0x10, 0xa, 0xff, 0xe0, 0x0,
    0x0, 0x0, 0x3f, 0xff, 0x90, 0x3f, 0xff, 0x60,
    0x0, 0x0, 0x0, 0xb, 0xff, 0xf2,

    /* U+0059 "Y" */
    0xd, 0xff, 0xd0, 0x0, 0x0, 0x0, 0x2, 0xff,
    0xf7, 0x5, 0xff, 0xf4, 0x0, 0x0, 0x0, 0x9,
    0xff, 0xe0, 0x0, 0xdf, 0xfb, 0x0, 0x0, 0x0,
    0x1f, 0xff, 0x70, 0x0, 0x6f, 0xff, 0x20, 0x0,
    0x0, 0x7f, 0xfe, 0x0, 0x0, 0xe, 0xff, 0x90,
    0x0, 0x0, 0xef, 0xf7, 0x0, 0x0, 0x6, 0xff,
    0xf1, 0x0, 0x6, 0xff, 0xf1, 0x0, 0x0, 0x0,
    0xef, 0xf7, 0x0, 0xd, 0xff, 0x80, 0x0, 0x0,
    0x0, 0x7f, 0xfe, 0x0, 0x3f, 0xff, 0x10, 0x0,
    0x0, 0x0, 0xe, 0xff, 0x50, 0xaf, 0xf8, 0x0,
    0x0, 0x0, 0x0, 0x7, 0xff, 0xb1, 0xff, 0xf1,
    0x0, 0x0, 0x0, 0x0, 0x1, 0xff, 0xfb, 0xff,
    0x90, 0x0, 0x0, 0x0, 0x0, 0x0, 0x8f, 0xff,
    0xff, 0x10, 0x0, 0x0, 0x0, 0x0, 0x0, 0x1f,
    0xff, 0xf9, 0x0, 0x0, 0x0, 0x0, 0x0, 0x0,
    0x9, 0xff, 0xf2, 0x0, 0x0, 0x0, 0x0, 0x0,
    0x0, 0x7, 0xff, 0xf0, 0x0, 0x0, 0x0, 0x0,
    0x0, 0x0, 0x7, 0xff, 0xf0, 0x0, 0x0, 0x0,
    0x0, 0x0, 0x0, 0x7, 0xff, 0xf0, 0x0, 0x0,
    0x0, 0x0, 0x0, 0x0, 0x7, 0xff, 0xf0, 0x0,
    0x0, 0x0, 0x0, 0x0, 0x0, 0x7, 0xff, 0xf0,
    0x0, 0x0, 0x0, 0x0, 0x0, 0x0, 0x7, 0xff,
    0xf0, 0x0, 0x0, 0x0, 0x0, 0x0, 0x0, 0x7,
    0xff, 0xf0, 0x0, 0x0, 0x0, 0x0, 0x0, 0x0,
    0x7, 0xff, 0xf0, 0x0, 0x0, 0x0,

    /* U+005A "Z" */
    0x8, 0xff, 0xff, 0xff, 0xff, 0xff, 0xff, 0xfc,
    0x8, 0xff, 0xff, 0xff, 0xff, 0xff, 0xff, 0xfc,
    0x8, 0xff, 0xff, 0xff, 0xff, 0xff, 0xff, 0xf8,
    0x0, 0x0, 0x0, 0x0, 0x0, 0xd, 0xff, 0xd0,
    0x0, 0x0, 0x0, 0x0, 0x0, 0x8f, 0xff, 0x30,
    0x0, 0x0, 0x0, 0x0, 0x3, 0xff, 0xf8, 0x0,
    0x0, 0x0, 0x0, 0x0, 0xd, 0xff, 0xd0, 0x0,
    0x0, 0x0, 0x0, 0x0, 0x8f, 0xff, 0x40, 0x0,
    0x0, 0x0, 0x0, 0x2, 0xff, 0xf9, 0x0, 0x0,
    0x0, 0x0, 0x0, 0xc, 0xff, 0xe0, 0x0, 0x0,
    0x0, 0x0, 0x0, 0x7f, 0xff, 0x40, 0x0, 0x0,
    0x0, 0x0, 0x2, 0xff, 0xfa, 0x0, 0x0, 0x0,
    0x0, 0x0, 0xc, 0xff, 0xe1, 0x0, 0x0, 0x0,
    0x0, 0x0, 0x6f, 0xff, 0x50, 0x0, 0x0, 0x0,
    0x0, 0x2, 0xff, 0xfa, 0x0, 0x0, 0x0, 0x0,
    0x0, 0xb, 0xff, 0xe1, 0x0, 0x0, 0x0, 0x0,
    0x0, 0x6f, 0xff, 0x50, 0x0, 0x0, 0x0, 0x0,
    0x1, 0xef, 0xfb, 0x0, 0x0, 0x0, 0x0, 0x0,
    0xb, 0xff, 0xf1, 0x0, 0x0, 0x0, 0x0, 0x0,
    0x5f, 0xff, 0xff, 0xff, 0xff, 0xff, 0xff, 0xfe,
    0x9f, 0xff, 0xff, 0xff, 0xff, 0xff, 0xff, 0xfe,
    0x9f, 0xff, 0xff, 0xff, 0xff, 0xff, 0xff, 0xfe,

    /* U+0061 "a" */
    0x0, 0x0, 0x6a, 0xdf, 0xeb, 0x80, 0x0, 0x0,
    0x6e, 0xff, 0xff, 0xff, 0xfd, 0x20, 0x7, 0xff,
    0xff, 0xfe, 0xff, 0xff, 0xd0, 0x0, 0xee, 0x72,
    0x0, 0x9, 0xff, 0xf5, 0x0, 0x20, 0x0, 0x0,
    0x0, 0xdf, 0xfa, 0x0, 0x0, 0x0, 0x0, 0x0,
    0x9f, 0xfc, 0x0, 0x0, 0x0, 0x3, 0x68, 0xdf,
    0xfe, 0x0, 0x0, 0x6c, 0xff, 0xff, 0xff, 0xff,
    0x0, 0x5e, 0xff, 0xff, 0xb9, 0xbf, 0xff, 0x6,
    0xff, 0xfb, 0x40, 0x0, 0x7f, 0xff, 0xe, 0xff,
    0x90, 0x0, 0x0, 0x7f, 0xff, 0x4f, 0xff, 0x10,
    0x0, 0x0, 0x7f, 0xff, 0x4f, 0xff, 0x10, 0x0,
    0x0, 0xbf, 0xff, 0x1f, 0xff, 0x90, 0x0, 0x4d,
    0xff, 0xff, 0xc, 0xff, 0xfe, 0xcf, 0xff, 0xef,
    0xff, 0x2, 0xef, 0xff, 0xff, 0xf9, 0x1f, 0xff,
    0x0, 0x19, 0xdf, 0xea, 0x30, 0xe, 0xff,

    /* U+0062 "b" */
    0x6f, 0xff, 0x0, 0x0, 0x0, 0x0, 0x0, 0x0,
    0x6f, 0xff, 0x0, 0x0, 0x0, 0x0, 0x0, 0x0,
    0x6f, 0xff, 0x0, 0x0, 0x0, 0x0, 0x0, 0x0,
    0x6f, 0xff, 0x0, 0x0, 0x0, 0x0, 0x0, 0x0,
    0x6f, 0xff, 0x0, 0x0, 0x0, 0x0, 0x0, 0x0,
    0x6f, 0xff, 0x0, 0x0, 0x0, 0x0, 0x0, 0x0,
    0x6f, 0xff, 0x0, 0x0, 0x0, 0x0, 0x0, 0x0,
    0x6f, 0xff, 0x0, 0x7c, 0xfe, 0xc7, 0x0, 0x0,
    0x6f, 0xff, 0x3d, 0xff, 0xff, 0xff, 0xd1, 0x0,
    0x6f, 0xff, 0xff, 0xff, 0xff, 0xff, 0xfc, 0x0,
    0x6f, 0xff, 0xfc, 0x40, 0x3, 0xdf, 0xff, 0x40,
    0x6f, 0xff, 0x80, 0x0, 0x0, 0x1f, 0xff, 0xc0,
    0x6f, 0xff, 0x0, 0x0, 0x0, 0x9, 0xff, 0xf0,
    0x6f, 0xff, 0x0, 0x0, 0x0, 0x5, 0xff, 0xf2,
    0x6f, 0xff, 0x0, 0x0, 0x0, 0x4, 0xff, 0xf4,
    0x6f, 0xff, 0x0, 0x0, 0x0, 0x3, 0xff, 0xf6,
    0x6f, 0xff, 0x0, 0x0, 0x0, 0x5, 0xff, 0xf4,
    0x6f, 0xff, 0x0, 0x0, 0x0, 0x7, 0xff, 0xf2,
    0x6f, 0xff, 0x0, 0x0, 0x0, 0xd, 0xff, 0xe0,
    0x6f, 0xff, 0x20, 0x0, 0x0, 0x6f, 0xff, 0x90,
    0x6f, 0xff, 0xf7, 0x20, 0x17, 0xff, 0xff, 0x10,
    0x6f, 0xff, 0xff, 0xff, 0xff, 0xff, 0xf6, 0x0,
    0x6f, 0xf9, 0x7f, 0xff, 0xff, 0xff, 0x60, 0x0,
    0x6f, 0xf6, 0x2, 0xae, 0xfd, 0x92, 0x0, 0x0,

    /* U+0063 "c" */
    0x0, 0x0, 0x6, 0xbe, 0xfe, 0xb5, 0x0, 0x0,
    0x4, 0xef, 0xff, 0xff, 0xff, 0xb1, 0x0, 0x5f,
    0xff, 0xff, 0xef, 0xff, 0xd1, 0x2, 0xff, 0xff,
    0x82, 0x0, 0x3c, 0x30, 0xb, 0xff, 0xf6, 0x0,
    0x0, 0x0, 0x0, 0x1f, 0xff, 0xc0, 0x0, 0x0,
    0x0, 0x0, 0x5f, 0xff, 0x50, 0x0, 0x0, 0x0,
    0x0, 0x7f, 0xff, 0x20, 0x0, 0x0, 0x0, 0x0,
    0x8f, 0xff, 0x0, 0x0, 0x0, 0x0, 0x0, 0x7f,
    0xff, 0x20, 0x0, 0x0, 0x0, 0x0, 0x5f, 0xff,
    0x50, 0x0, 0x0, 0x0, 0x0, 0x1f, 0xff, 0xb0,
    0x0, 0x0, 0x0, 0x0, 0xb, 0xff, 0xf5, 0x0,
    0x0, 0x0, 0x0, 0x2, 0xff, 0xff, 0x82, 0x0,
    0x4c, 0xc0, 0x0, 0x7f, 0xff, 0xff, 0xff, 0xff,
    0xf6, 0x0, 0x6, 0xff, 0xff, 0xff, 0xff, 0xa1,
    0x0, 0x0, 0x18, 0xce, 0xfe, 0xa4, 0x0,

    /* U+0064 "d" */
    0x0, 0x0, 0x0, 0x0, 0x0, 0x1, 0xff, 0xf4,
    0x0, 0x0, 0x0, 0x0, 0x0, 0x1, 0xff, 0xf4,
    0x0, 0x0, 0x0, 0x0, 0x0, 0x1, 0xff, 0xf4,
    0x0, 0x0, 0x0, 0x0, 0x0, 0x1, 0xff, 0xf4,
    0x0, 0x0, 0x0, 0x0, 0x0, 0x1, 0xff, 0xf4,
    0x0, 0x0, 0x0, 0x0, 0x0, 0x1, 0xff, 0xf4,
    0x0, 0x0, 0x0, 0x0, 0x0, 0x1, 0xff, 0xf4,
    0x0, 0x0, 0x29, 0xef, 0xc9, 0x21, 0xff, 0xf4,
    0x0, 0x7, 0xff, 0xff, 0xff, 0xf7, 0xff, 0xf4,
    0x0, 0x7f, 0xff, 0xff, 0xff, 0xff, 0xff, 0xf4,
    0x1, 0xff, 0xff, 0x61, 0x1, 0x7f, 0xff, 0xf4,
    0xa, 0xff, 0xf4, 0x0, 0x0, 0x3, 0xff, 0xf4,
    0x1f, 0xff, 0xb0, 0x0, 0x0, 0x1, 0xff, 0xf4,
    0x4f, 0xff, 0x50, 0x0, 0x0, 0x1, 0xff, 0xf4,
    0x6f, 0xff, 0x30, 0x0, 0x0, 0x1, 0xff, 0xf4,
    0x7f, 0xff, 0x10, 0x0, 0x0, 0x1, 0xff, 0xf4,
    0x5f, 0xff, 0x20, 0x0, 0x0, 0x1, 0xff, 0xf4,
    0x3f, 0xff, 0x40, 0x0, 0x0, 0x1, 0xff, 0xf4,
    0x1f, 0xff, 0x90, 0x0, 0x0, 0x1, 0xff, 0xf4,
    0xd, 0xff, 0xf2, 0x0, 0x0, 0x8, 0xff, 0xf4,
    0x4, 0xff, 0xfe, 0x50, 0x3, 0xaf, 0xff, 0xf4,
    0x0, 0xcf, 0xff, 0xff, 0xff, 0xff, 0xff, 0xf4,
    0x0, 0x1c, 0xff, 0xff, 0xff, 0xe4, 0xbf, 0xf4,
    0x0, 0x0, 0x6c, 0xef, 0xd8, 0x10, 0x9f, 0xf4,

    /* U+0065 "e" */
    0x0, 0x0, 0x18, 0xcf, 0xfd, 0x91, 0x0, 0x0,
    0x0, 0x5f, 0xff, 0xff, 0xff, 0xe4, 0x0, 0x0,
    0x5f, 0xff, 0xfd, 0xdf, 0xff, 0xf3, 0x0, 0x1e,
    0xff, 0xa1, 0x0, 0x9, 0xff, 0xc0, 0xa, 0xff,
    0xa0, 0x0, 0x0, 0xc, 0xff, 0x41, 0xff, 0xf2,
    0x0, 0x0, 0x0, 0x7f, 0xf7, 0x5f, 0xfe, 0x66,
    0x66, 0x66, 0x69, 0xff, 0x97, 0xff, 0xff, 0xff,
    0xff, 0xff, 0xff, 0xfa, 0x8f, 0xff, 0xff, 0xff,
    0xff, 0xff, 0xff, 0x97, 0xff, 0xe0, 0x0, 0x0,
    0x0, 0x0, 0x0, 0x5f, 0xff, 0x20, 0x0, 0x0,
    0x0, 0x0, 0x1, 0xff, 0xf8, 0x0, 0x0, 0x0,
    0x0, 0x0, 0xb, 0xff, 0xf3, 0x0, 0x0, 0x0,
    0x0, 0x0, 0x3f, 0xff, 0xe6, 0x0, 0x0, 0x4c,
    0x20, 0x0, 0x6f, 0xff, 0xff, 0xdd, 0xff, 0xfa,
    0x0, 0x0, 0x5e, 0xff, 0xff, 0xff, 0xff, 0x80,
    0x0, 0x0, 0x17, 0xce, 0xfd, 0xa7, 0x10, 0x0,

    /* U+0066 "f" */
    0x0, 0x0, 0x4, 0xbd, 0xfe, 0xb2, 0x0, 0x0,
    0x8f, 0xff, 0xff, 0xf0, 0x0, 0x3, 0xff, 0xff,
    0xdd, 0xb0, 0x0, 0x9, 0xff, 0xf3, 0x0, 0x0,
    0x0, 0xb, 0xff, 0xb0, 0x0, 0x0, 0x0, 0xc,
    0xff, 0xa0, 0x0, 0x0, 0x0, 0xc, 0xff, 0x90,
    0x0, 0x0, 0x3d, 0xef, 0xff, 0xff, 0xff, 0x0,
    0x3f, 0xff, 0xff, 0xff, 0xff, 0x0, 0x3c, 0xcf,
    0xff, 0xec, 0xcc, 0x0, 0x0, 0xc, 0xff, 0x90,
    0x0, 0x0, 0x0, 0xc, 0xff, 0x90, 0x0, 0x0,
    0x0, 0xc, 0xff, 0x90, 0x0, 0x0, 0x0, 0xc,
    0xff, 0x90, 0x0, 0x0, 0x0, 0xc, 0xff, 0x90,
    0x0, 0x0, 0x0, 0xc, 0xff, 0x90, 0x0, 0x0,
    0x0, 0xc, 0xff, 0x90, 0x0, 0x0, 0x0, 0xc,
    0xff, 0x90, 0x0, 0x0, 0x0, 0xc, 0xff, 0x90,
    0x0, 0x0, 0x0, 0xc, 0xff, 0x90, 0x0, 0x0,
    0x0, 0xc, 0xff, 0x90, 0x0, 0x0, 0x0, 0xc,
    0xff, 0x90, 0x0, 0x0, 0x0, 0xc, 0xff, 0x90,
    0x0, 0x0, 0x0, 0xc, 0xff, 0x90, 0x0, 0x0,

    /* U+0067 "g" */
    0x0, 0x0, 0x6b, 0xdf, 0xff, 0xff, 0xff, 0xf9,
    0x0, 0x2d, 0xff, 0xff, 0xff, 0xff, 0xff, 0xf9,
    0x0, 0xdf, 0xff, 0x97, 0xaf, 0xff, 0xda, 0xa6,
    0x9, 0xff, 0xe2, 0x0, 0x5, 0xff, 0xe0, 0x0,
    0xe, 0xff, 0x70, 0x0, 0x0, 0xbf, 0xf5, 0x0,
    0xf, 0xff, 0x40, 0x0, 0x0, 0x9f, 0xf7, 0x0,
    0xe, 0xff, 0x60, 0x0, 0x0, 0xaf, 0xf5, 0x0,
    0xa, 0xff, 0xc0, 0x0, 0x1, 0xef, 0xf2, 0x0,
    0x2, 0xef, 0xfa, 0x20, 0x3d, 0xff, 0xb0, 0x0,
    0x0, 0x3f, 0xff, 0xff, 0xff, 0xfd, 0x10, 0x0,
    0x0, 0x5f, 0xfd, 0xff, 0xfe, 0x70, 0x0, 0x0,
    0x3, 0xff, 0x70, 0x13, 0x10, 0x0, 0x0, 0x0,
    0x9, 0xff, 0x30, 0x0, 0x0, 0x0, 0x0, 0x0,
    0x9, 0xff, 0x90, 0x0, 0x0, 0x0, 0x0, 0x0,
    0x5, 0xff, 0xfe, 0xcc, 0xcc, 0xb9, 0x82, 0x0,
    0x0, 0x9f, 0xff, 0xff, 0xff, 0xff, 0xff, 0xa0,
    0x1, 0xbf, 0xed, 0xff, 0xff, 0xff, 0xff, 0xf7,
    0xc, 0xfe, 0x20, 0x0, 0x0, 0x15, 0xef, 0xfb,
    0x5f, 0xf8, 0x0, 0x0, 0x0, 0x0, 0x8f, 0xfd,
    0x8f, 0xf7, 0x0, 0x0, 0x0, 0x0, 0xbf, 0xfa,
    0x7f, 0xfd, 0x10, 0x0, 0x0, 0x7, 0xff, 0xf3,
    0x1e, 0xff, 0xf9, 0x64, 0x58, 0xdf, 0xff, 0x70,
    0x2, 0xef, 0xff, 0xff, 0xff, 0xff, 0xc4, 0x0,
    0x0, 0x5, 0xbd, 0xef, 0xdb, 0x94, 0x0, 0x0,

    /* U+0068 "h" */
    0x6f, 0xff, 0x0, 0x0, 0x0, 0x0, 0x0, 0x6,
    0xff, 0xf0, 0x0, 0x0, 0x0, 0x0, 0x0, 0x6f,
    0xff, 0x0, 0x0, 0x0, 0x0, 0x0, 0x6, 0xff,
    0xf0, 0x0, 0x0, 0x0, 0x0, 0x0, 0x6f, 0xff,
    0x0, 0x0, 0x0, 0x0, 0x0, 0x6, 0xff, 0xf0,
    0x0, 0x0, 0x0, 0x0, 0x0, 0x6f, 0xff, 0x0,
    0x0, 0x0, 0x0, 0x0, 0x6, 0xff, 0xf0, 0x4,
    0xbe, 0xfc, 0x70, 0x0, 0x6f, 0xff, 0x9, 0xff,
    0xff, 0xff, 0xc0, 0x6, 0xff, 0xfc, 0xff, 0xff,
    0xff, 0xff, 0x70, 0x6f, 0xff, 0xfe, 0x61, 0x16,
    0xff, 0xfe, 0x6, 0xff, 0xfc, 0x10, 0x0, 0x8,
    0xff, 0xf1, 0x6f, 0xff, 0x10, 0x0, 0x0, 0x4f,
    0xff, 0x36, 0xff, 0xf0, 0x0, 0x0, 0x2, 0xff,
    0xf4, 0x6f, 0xff, 0x0, 0x0, 0x0, 0x1f, 0xff,
    0x46, 0xff, 0xf0, 0x0, 0x0, 0x1, 0xff, 0xf4,
    0x6f, 0xff, 0x0, 0x0, 0x0, 0x1f, 0xff, 0x46,
    0xff, 0xf0, 0x0, 0x0, 0x1, 0xff, 0xf4, 0x6f,
    0xff, 0x0, 0x0, 0x0, 0x1f, 0xff, 0x46, 0xff,
    0xf0, 0x0, 0x0, 0x1, 0xff, 0xf4, 0x6f, 0xff,
    0x0, 0x0, 0x0, 0x1f, 0xff, 0x46, 0xff, 0xf0,
    0x0, 0x0, 0x1, 0xff, 0xf4, 0x6f, 0xff, 0x0,
    0x0, 0x0, 0x1f, 0xff, 0x46, 0xff, 0xf0, 0x0,
    0x0, 0x1, 0xff, 0xf4,

    /* U+0069 "i" */
    0x2d, 0xf9, 0xb, 0xff, 0xf5, 0xcf, 0xff, 0x54,
    0xff, 0xc0, 0x0, 0x10, 0x0, 0x0, 0x0, 0x0,
    0x0, 0x6, 0xff, 0xf0, 0x6f, 0xff, 0x6, 0xff,
    0xf0, 0x6f, 0xff, 0x6, 0xff, 0xf0, 0x6f, 0xff,
    0x6, 0xff, 0xf0, 0x6f, 0xff, 0x6, 0xff, 0xf0,
    0x6f, 0xff, 0x6, 0xff, 0xf0, 0x6f, 0xff, 0x6,
    0xff, 0xf0, 0x6f, 0xff, 0x6, 0xff, 0xf0, 0x6f,
    0xff, 0x6, 0xff, 0xf0,

    /* U+006A "j" */
    0x0, 0x0, 0x2c, 0xfa, 0x0, 0x0, 0xb, 0xff,
    0xf5, 0x0, 0x0, 0xbf, 0xff, 0x60, 0x0, 0x4,
    0xff, 0xc0, 0x0, 0x0, 0x0, 0x10, 0x0, 0x0,
    0x0, 0x0, 0x0, 0x0, 0x0, 0x0, 0x0, 0x0,
    0x0, 0x6, 0xff, 0xf1, 0x0, 0x0, 0x6f, 0xff,
    0x10, 0x0, 0x6, 0xff, 0xf1, 0x0, 0x0, 0x6f,
    0xff, 0x10, 0x0, 0x6, 0xff, 0xf1, 0x0, 0x0,
    0x6f, 0xff, 0x10, 0x0, 0x6, 0xff, 0xf1, 0x0,
    0x0, 0x6f, 0xff, 0x10, 0x0, 0x6, 0xff, 0xf1,
    0x0, 0x0, 0x6f, 0xff, 0x10, 0x0, 0x6, 0xff,
    0xf1, 0x0, 0x0, 0x6f, 0xff, 0x10, 0x0, 0x6,
    0xff, 0xf1, 0x0, 0x0, 0x6f, 0xff, 0x10, 0x0,
    0x6, 0xff, 0xf1, 0x0, 0x0, 0x6f, 0xff, 0x10,
    0x0, 0x6, 0xff, 0xf1, 0x0, 0x0, 0x6f, 0xff,
    0x10, 0x0, 0x6, 0xff, 0xf0, 0x0, 0x0, 0x8f,
    0xfe, 0x0, 0x0, 0xd, 0xff, 0xc0, 0xe, 0xce,
    0xff, 0xf5, 0x2, 0xff, 0xff, 0xfb, 0x0, 0x3d,
    0xfe, 0xb7, 0x0, 0x0,

    /* U+006B "k" */
    0x6f, 0xff, 0x0, 0x0, 0x0, 0x0, 0x0, 0x6,
    0xff, 0xf0, 0x0, 0x0, 0x0, 0x0, 0x0, 0x6f,
    0xff, 0x0, 0x0, 0x0, 0x0, 0x0, 0x6, 0xff,
    0xf0, 0x0, 0x0, 0x0, 0x0, 0x0, 0x6f, 0xff,
    0x0, 0x0, 0x0, 0x0, 0x0, 0x6, 0xff, 0xf0,
    0x0, 0x0, 0x0, 0x0, 0x0, 0x6f, 0xff, 0x0,
    0x0, 0x0, 0x0, 0x0, 0x6, 0xff, 0xf0, 0x0,
    0x0, 0xd, 0xff, 0xd1, 0x6f, 0xff, 0x0, 0x0,
    0xa, 0xff, 0xf2, 0x6, 0xff, 0xf0, 0x0, 0x6,
    0xff, 0xf5, 0x0, 0x6f, 0xff, 0x0, 0x3, 0xff,
    0xf8, 0x0, 0x6, 0xff, 0xf0, 0x1, 0xef, 0xfb,
    0x0, 0x0, 0x6f, 0xff, 0x0, 0xbf, 0xfd, 0x10,
    0x0, 0x6, 0xff, 0xf0, 0x8f, 0xff, 0x20, 0x0,
    0x0, 0x6f, 0xff, 0x4f, 0xff, 0xf2, 0x0, 0x0,
    0x6, 0xff, 0xff, 0xff, 0xff, 0xb0, 0x0, 0x0,
    0x6f, 0xff, 0xff, 0xaf, 0xff, 0x50, 0x0, 0x6,
    0xff, 0xff, 0xb0, 0x8f, 0xfe, 0x0, 0x0, 0x6f,
    0xff, 0xd1, 0x0, 0xef, 0xf9, 0x0, 0x6, 0xff,
    0xf2, 0x0, 0x6, 0xff, 0xf3, 0x0, 0x6f, 0xff,
    0x0, 0x0, 0xc, 0xff, 0xc0, 0x6, 0xff, 0xf0,
    0x0, 0x0, 0x3f, 0xff, 0x60, 0x6f, 0xff, 0x0,
    0x0, 0x0, 0xaf, 0xff, 0x16, 0xff, 0xf0, 0x0,
    0x0, 0x1, 0xff, 0xfa,

    /* U+006C "l" */
    0x6f, 0xff, 0x0, 0x6f, 0xff, 0x0, 0x6f, 0xff,
    0x0, 0x6f, 0xff, 0x0, 0x6f, 0xff, 0x0, 0x6f,
    0xff, 0x0, 0x6f, 0xff, 0x0, 0x6f, 0xff, 0x0,
    0x6f, 0xff, 0x0, 0x6f, 0xff, 0x0, 0x6f, 0xff,
    0x0, 0x6f, 0xff, 0x0, 0x6f, 0xff, 0x0, 0x6f,
    0xff, 0x0, 0x6f, 0xff, 0x0, 0x6f, 0xff, 0x0,
    0x6f, 0xff, 0x0, 0x6f, 0xff, 0x0, 0x6f, 0xff,
    0x0, 0x6f, 0xff, 0x10, 0x5f, 0xff, 0x30, 0x2f,
    0xff, 0xf7, 0xc, 0xff, 0xfb, 0x1, 0xae, 0xfa,

    /* U+006D "m" */
    0x6f, 0xf7, 0x0, 0x6c, 0xfe, 0xc5, 0x0, 0x0,
    0x6c, 0xfd, 0xa3, 0x0, 0x6f, 0xf9, 0xb, 0xff,
    0xff, 0xff, 0x80, 0x1c, 0xff, 0xff, 0xff, 0x50,
    0x6f, 0xfc, 0xdf, 0xff, 0xff, 0xff, 0xf4, 0xdf,
    0xff, 0xff, 0xff, 0xf0, 0x6f, 0xff, 0xfd, 0x51,
    0x2a, 0xff, 0xff, 0xfd, 0x40, 0x2b, 0xff, 0xf7,
    0x6f, 0xff, 0xc0, 0x0, 0x0, 0xef, 0xff, 0xb0,
    0x0, 0x1, 0xff, 0xfa, 0x6f, 0xff, 0x10, 0x0,
    0x0, 0xaf, 0xff, 0x0, 0x0, 0x0, 0xbf, 0xfc,
    0x6f, 0xff, 0x0, 0x0, 0x0, 0x8f, 0xff, 0x0,
    0x0, 0x0, 0xaf, 0xfd, 0x6f, 0xff, 0x0, 0x0,
    0x0, 0x7f, 0xff, 0x0, 0x0, 0x0, 0x9f, 0xfe,
    0x6f, 0xff, 0x0, 0x0, 0x0, 0x7f, 0xff, 0x0,
    0x0, 0x0, 0x9f, 0xfe, 0x6f, 0xff, 0x0, 0x0,
    0x0, 0x7f, 0xff, 0x0, 0x0, 0x0, 0x9f, 0xfe,
    0x6f, 0xff, 0x0, 0x0, 0x0, 0x7f, 0xff, 0x0,
    0x0, 0x0, 0x9f, 0xfe, 0x6f, 0xff, 0x0, 0x0,
    0x0, 0x7f, 0xff, 0x0, 0x0, 0x0, 0x9f, 0xfe,
    0x6f, 0xff, 0x0, 0x0, 0x0, 0x7f, 0xff, 0x0,
    0x0, 0x0, 0x9f, 0xfe, 0x6f, 0xff, 0x0, 0x0,
    0x0, 0x7f, 0xff, 0x0, 0x0, 0x0, 0x9f, 0xfe,
    0x6f, 0xff, 0x0, 0x0, 0x0, 0x7f, 0xff, 0x0,
    0x0, 0x0, 0x9f, 0xfe, 0x6f, 0xff, 0x0, 0x0,
    0x0, 0x7f, 0xff, 0x0, 0x0, 0x0, 0x9f, 0xfe,
    0x6f, 0xff, 0x0, 0x0, 0x0, 0x7f, 0xff, 0x0,
    0x0, 0x0, 0x9f, 0xfe,

    /* U+006E "n" */
    0x6f, 0xf7, 0x0, 0x4b, 0xef, 0xc7, 0x0, 0x6,
    0xff, 0x90, 0xaf, 0xff, 0xff, 0xfc, 0x0, 0x6f,
    0xfc, 0xdf, 0xff, 0xff, 0xff, 0xf7, 0x6, 0xff,
    0xff, 0xe6, 0x11, 0x6f, 0xff, 0xe0, 0x6f, 0xff,
    0xc1, 0x0, 0x0, 0x8f, 0xff, 0x16, 0xff, 0xf1,
    0x0, 0x0, 0x4, 0xff, 0xf3, 0x6f, 0xff, 0x0,
    0x0, 0x0, 0x2f, 0xff, 0x46, 0xff, 0xf0, 0x0,
    0x0, 0x1, 0xff, 0xf4, 0x6f, 0xff, 0x0, 0x0,
    0x0, 0x1f, 0xff, 0x46, 0xff, 0xf0, 0x0, 0x0,
    0x1, 0xff, 0xf4, 0x6f, 0xff, 0x0, 0x0, 0x0,
    0x1f, 0xff, 0x46, 0xff, 0xf0, 0x0, 0x0, 0x1,
    0xff, 0xf4, 0x6f, 0xff, 0x0, 0x0, 0x0, 0x1f,
    0xff, 0x46, 0xff, 0xf0, 0x0, 0x0, 0x1, 0xff,
    0xf4, 0x6f, 0xff, 0x0, 0x0, 0x0, 0x1f, 0xff,
    0x46, 0xff, 0xf0, 0x0, 0x0, 0x1, 0xff, 0xf4,
    0x6f, 0xff, 0x0, 0x0, 0x0, 0x1f, 0xff, 0x40,

    /* U+006F "o" */
    0x0, 0x0, 0x17, 0xce, 0xfd, 0x93, 0x0, 0x0,
    0x0, 0x5, 0xff, 0xff, 0xff, 0xff, 0xa0, 0x0,
    0x0, 0x5f, 0xff, 0xff, 0xef, 0xff, 0xfc, 0x0,
    0x1, 0xef, 0xff, 0x50, 0x2, 0xbf, 0xff, 0x70,
    0xa, 0xff, 0xf2, 0x0, 0x0, 0xb, 0xff, 0xf2,
    0x1f, 0xff, 0xa0, 0x0, 0x0, 0x3, 0xff, 0xf8,
    0x5f, 0xff, 0x40, 0x0, 0x0, 0x0, 0xdf, 0xfc,
    0x7f, 0xff, 0x20, 0x0, 0x0, 0x0, 0xbf, 0xfe,
    0x8f, 0xff, 0x0, 0x0, 0x0, 0x0, 0x9f, 0xff,
    0x7f, 0xff, 0x20, 0x0, 0x0, 0x0, 0xbf, 0xfe,
    0x5f, 0xff, 0x40, 0x0, 0x0, 0x0, 0xdf, 0xfc,
    0x1f, 0xff, 0xa0, 0x0, 0x0, 0x3, 0xff, 0xf8,
    0xa, 0xff, 0xf2, 0x0, 0x0, 0xb, 0xff, 0xf2,
    0x1, 0xef, 0xff, 0x51, 0x2, 0xbf, 0xff, 0x70,
    0x0, 0x5f, 0xff, 0xff, 0xff, 0xff, 0xfc, 0x0,
    0x0, 0x5, 0xff, 0xff, 0xff, 0xff, 0xa0, 0x0,
    0x0, 0x0, 0x17, 0xce, 0xfd, 0xa4, 0x0, 0x0,

    /* U+0070 "p" */
    0x6f, 0xf8, 0x0, 0x7c, 0xfe, 0xc7, 0x0, 0x0,
    0x6f, 0xfa, 0x4e, 0xff, 0xff, 0xff, 0xd1, 0x0,
    0x6f, 0xff, 0xff, 0xff, 0xff, 0xff, 0xfd, 0x0,
    0x6f, 0xff, 0xfc, 0x40, 0x3, 0xdf, 0xff, 0x50,
    0x6f, 0xff, 0x80, 0x0, 0x0, 0x1f, 0xff, 0xc0,
    0x6f, 0xff, 0x0, 0x0, 0x0, 0x9, 0xff, 0xf0,
    0x6f, 0xff, 0x0, 0x0, 0x0, 0x5, 0xff, 0xf2,
    0x6f, 0xff, 0x0, 0x0, 0x0, 0x4, 0xff, 0xf4,
    0x6f, 0xff, 0x0, 0x0, 0x0, 0x3, 0xff, 0xf6,
    0x6f, 0xff, 0x0, 0x0, 0x0, 0x5, 0xff, 0xf4,
    0x6f, 0xff, 0x0, 0x0, 0x0, 0x7, 0xff, 0xf2,
    0x6f, 0xff, 0x0, 0x0, 0x0, 0xd, 0xff, 0xe0,
    0x6f, 0xff, 0x20, 0x0, 0x0, 0x6f, 0xff, 0x90,
    0x6f, 0xff, 0xf8, 0x20, 0x17, 0xff, 0xff, 0x10,
    0x6f, 0xff, 0xff, 0xff, 0xff, 0xff, 0xf6, 0x0,
    0x6f, 0xff, 0x7f, 0xff, 0xff, 0xff, 0x60, 0x0,
    0x6f, 0xff, 0x2, 0x9d, 0xfd, 0x92, 0x0, 0x0,
    0x6f, 0xff, 0x0, 0x0, 0x0, 0x0, 0x0, 0x0,
    0x6f, 0xff, 0x0, 0x0, 0x0, 0x0, 0x0, 0x0,
    0x6f, 0xff, 0x0, 0x0, 0x0, 0x0, 0x0, 0x0,
    0x6f, 0xff, 0x0, 0x0, 0x0, 0x0, 0x0, 0x0,
    0x6f, 0xff, 0x0, 0x0, 0x0, 0x0, 0x0, 0x0,
    0x6f, 0xff, 0x0, 0x0, 0x0, 0x0, 0x0, 0x0,
    0x6f, 0xff, 0x0, 0x0, 0x0, 0x0, 0x0, 0x0,

    /* U+0071 "q" */
    0x0, 0x0, 0x29, 0xef, 0xda, 0x40, 0x7f, 0xf4,
    0x0, 0x7, 0xff, 0xff, 0xff, 0xf9, 0xbf, 0xf4,
    0x0, 0x7f, 0xff, 0xff, 0xff, 0xff, 0xff, 0xf4,
    0x1, 0xff, 0xff, 0x61, 0x1, 0x7f, 0xff, 0xf4,
    0xa, 0xff, 0xf4, 0x0, 0x0, 0x3, 0xff, 0xf4,
    0x1f, 0xff, 0xb0, 0x0, 0x0, 0x1, 0xff, 0xf4,
    0x4f, 0xff, 0x50, 0x0, 0x0, 0x1, 0xff, 0xf4,
    0x6f, 0xff, 0x30, 0x0, 0x0, 0x1, 0xff, 0xf4,
    0x7f, 0xff, 0x10, 0x0, 0x0, 0x1, 0xff, 0xf4,
    0x5f, 0xff, 0x20, 0x0, 0x0, 0x1, 0xff, 0xf4,
    0x3f, 0xff, 0x40, 0x0, 0x0, 0x1, 0xff, 0xf4,
    0x1f, 0xff, 0x90, 0x0, 0x0, 0x1, 0xff, 0xf4,
    0xd, 0xff, 0xf2, 0x0, 0x0, 0x8, 0xff, 0xf4,
    0x4, 0xff, 0xfe, 0x50, 0x3, 0xaf, 0xff, 0xf4,
    0x0, 0xcf, 0xff, 0xff, 0xff, 0xff, 0xff, 0xf4,
    0x0, 0x1c, 0xff, 0xff, 0xff, 0xd3, 0xff, 0xf4,
    0x0, 0x0, 0x6c, 0xef, 0xd7, 0x1, 0xff, 0xf4,
    0x0, 0x0, 0x0, 0x0, 0x0, 0x1, 0xff, 0xf4,
    0x0, 0x0, 0x0, 0x0, 0x0, 0x1, 0xff, 0xf4,
    0x0, 0x0, 0x0, 0x0, 0x0, 0x1, 0xff, 0xf4,
    0x0, 0x0, 0x0, 0x0, 0x0, 0x1, 0xff, 0xf4,
    0x0, 0x0, 0x0, 0x0, 0x0, 0x1, 0xff, 0xf4,
    0x0, 0x0, 0x0, 0x0, 0x0, 0x1, 0xff, 0xf4,
    0x0, 0x0, 0x0, 0x0, 0x0, 0x1, 0xff, 0xf4,

    /* U+0072 "r" */
    0x6f, 0xf7, 0x0, 0x6d, 0xff, 0x36, 0xff, 0x90,
    0xbf, 0xff, 0xf0, 0x6f, 0xfa, 0x9f, 0xff, 0xfc,
    0x6, 0xff, 0xef, 0xf9, 0x32, 0x20, 0x6f, 0xff,
    0xf6, 0x0, 0x0, 0x6, 0xff, 0xfa, 0x0, 0x0,
    0x0, 0x6f, 0xff, 0x20, 0x0, 0x0, 0x6, 0xff,
    0xf0, 0x0, 0x0, 0x0, 0x6f, 0xff, 0x0, 0x0,
    0x0, 0x6, 0xff, 0xf0, 0x0, 0x0, 0x0, 0x6f,
    0xff, 0x0, 0x0, 0x0, 0x6, 0xff, 0xf0, 0x0,
    0x0, 0x0, 0x6f, 0xff, 0x0, 0x0, 0x0, 0x6,
    0xff, 0xf0, 0x0, 0x0, 0x0, 0x6f, 0xff, 0x0,
    0x0, 0x0, 0x6, 0xff, 0xf0, 0x0, 0x0, 0x0,
    0x6f, 0xff, 0x0, 0x0, 0x0, 0x0,

    /* U+0073 "s" */
    0x0, 0x0, 0x4a, 0xdf, 0xec, 0x70, 0x0, 0x0,
    0xa, 0xff, 0xff, 0xff, 0xfe, 0x50, 0x0, 0x8f,
    0xff, 0xdb, 0xce, 0xff, 0x90, 0x0, 0xef, 0xf8,
    0x0, 0x0, 0x6a, 0x0, 0x2, 0xff, 0xf1, 0x0,
    0x0, 0x0, 0x0, 0x0, 0xff, 0xf6, 0x0, 0x0,
    0x0, 0x0, 0x0, 0xbf, 0xff, 0x92, 0x0, 0x0,
    0x0, 0x0, 0x1d, 0xff, 0xff, 0xd6, 0x0, 0x0,
    0x0, 0x0, 0x8f, 0xff, 0xff, 0xe5, 0x0, 0x0,
    0x0, 0x0, 0x6d, 0xff, 0xff, 0x50, 0x0, 0x0,
    0x0, 0x0, 0x4e, 0xff, 0xf0, 0x0, 0x0, 0x0,
    0x0, 0x3, 0xff, 0xf3, 0x0, 0x20, 0x0, 0x0,
    0x0, 0xff, 0xf3, 0x4, 0xfb, 0x20, 0x0, 0x8,
    0xff, 0xf0, 0xd, 0xff, 0xfe, 0xcb, 0xdf, 0xff,
    0x80, 0x2, 0xcf, 0xff, 0xff, 0xff, 0xfa, 0x0,
    0x0, 0x4, 0x9d, 0xff, 0xca, 0x30, 0x0,

    /* U+0074 "t" */
    0x0, 0x5, 0xff, 0x90, 0x0, 0x0, 0x0, 0x6,
    0xff, 0x90, 0x0, 0x0, 0x0, 0x7, 0xff, 0x90,
    0x0, 0x0, 0x0, 0x8, 0xff, 0x90, 0x0, 0x0,
    0x0, 0xa, 0xff, 0x90, 0x0, 0x0, 0x3d, 0xef,
    0xff, 0xff, 0xff, 0xe0, 0x3f, 0xff, 0xff, 0xff,
    0xff, 0xe0, 0x3c, 0xcf, 0xff, 0xec, 0xcc, 0xb0,
    0x0, 0xd, 0xff, 0x90, 0x0, 0x0, 0x0, 0xd,
    0xff, 0x90, 0x0, 0x0, 0x0, 0xd, 0xff, 0x90,
    0x0, 0x0, 0x0, 0xd, 0xff, 0x90, 0x0, 0x0,
    0x0, 0xd, 0xff, 0x90, 0x0, 0x0, 0x0, 0xd,
    0xff, 0x90, 0x0, 0x0, 0x0, 0xd, 0xff, 0x90,
    0x0, 0x0, 0x0, 0xd, 0xff, 0x90, 0x0, 0x0,
    0x0, 0xc, 0xff, 0xa0, 0x0, 0x0, 0x0, 0xb,
    0xff, 0xc0, 0x0, 0x0, 0x0, 0x8, 0xff, 0xf4,
    0x0, 0x0, 0x0, 0x2, 0xff, 0xff, 0xdd, 0xe0,
    0x0, 0x0, 0x8f, 0xff, 0xff, 0xf3, 0x0, 0x0,
    0x5, 0xbe, 0xfd, 0x92,

    /* U+0075 "u" */
    0x9f, 0xfd, 0x0, 0x0, 0x0, 0x6f, 0xff, 0x9,
    0xff, 0xd0, 0x0, 0x0, 0x6, 0xff, 0xf0, 0x9f,
    0xfd, 0x0, 0x0, 0x0, 0x6f, 0xff, 0x9, 0xff,
    0xd0, 0x0, 0x0, 0x6, 0xff, 0xf0, 0x9f, 0xfd,
    0x0, 0x0, 0x0, 0x6f, 0xff, 0x9, 0xff, 0xd0,
    0x0, 0x0, 0x6, 0xff, 0xf0, 0x9f, 0xfd, 0x0,
    0x0, 0x0, 0x6f, 0xff, 0x9, 0xff, 0xd0, 0x0,
    0x0, 0x6, 0xff, 0xf0, 0x9f, 0xfd, 0x0, 0x0,
    0x0, 0x6f, 0xff, 0x9, 0xff, 0xd0, 0x0, 0x0,
    0x6, 0xff, 0xf0, 0x9f, 0xfe, 0x0, 0x0, 0x0,
    0x6f, 0xff, 0x8, 0xff, 0xf0, 0x0, 0x0, 0x8,
    0xff, 0xf0, 0x6f, 0xff, 0x40, 0x0, 0x5, 0xff,
    0xff, 0x3, 0xff, 0xfd, 0x40, 0x28, 0xff, 0xff,
    0xf0, 0xc, 0xff, 0xff, 0xff, 0xff, 0x7f, 0xff,
    0x0, 0x3e, 0xff, 0xff, 0xff, 0x60, 0xef, 0xf0,
    0x0, 0x19, 0xdf, 0xd9, 0x20, 0xd, 0xff, 0x0,

    /* U+0076 "v" */
    0x6f, 0xff, 0x10, 0x0, 0x0, 0x0, 0x9f, 0xfc,
    0x1f, 0xff, 0x60, 0x0, 0x0, 0x0, 0xef, 0xf6,
    0xb, 0xff, 0xb0, 0x0, 0x0, 0x3, 0xff, 0xf1,
    0x6, 0xff, 0xf0, 0x0, 0x0, 0x8, 0xff, 0xc0,
    0x1, 0xff, 0xf5, 0x0, 0x0, 0xd, 0xff, 0x60,
    0x0, 0xbf, 0xf9, 0x0, 0x0, 0x2f, 0xff, 0x10,
    0x0, 0x5f, 0xfe, 0x0, 0x0, 0x6f, 0xfc, 0x0,
    0x0, 0xf, 0xff, 0x30, 0x0, 0xbf, 0xf6, 0x0,
    0x0, 0xb, 0xff, 0x80, 0x1, 0xff, 0xf1, 0x0,
    0x0, 0x5, 0xff, 0xd0, 0x5, 0xff, 0xc0, 0x0,
    0x0, 0x0, 0xff, 0xf2, 0xa, 0xff, 0x60, 0x0,
    0x0, 0x0, 0xaf, 0xf6, 0xe, 0xff, 0x10, 0x0,
    0x0, 0x0, 0x5f, 0xfb, 0x3f, 0xfc, 0x0, 0x0,
    0x0, 0x0, 0xf, 0xff, 0x8f, 0xf6, 0x0, 0x0,
    0x0, 0x0, 0xa, 0xff, 0xff, 0xf1, 0x0, 0x0,
    0x0, 0x0, 0x4, 0xff, 0xff, 0xc0, 0x0, 0x0,
    0x0, 0x0, 0x0, 0xff, 0xff, 0x60, 0x0, 0x0,

    /* U+0077 "w" */
    0x1f, 0xff, 0x60, 0x0, 0x0, 0x3f, 0xff, 0x30,
    0x0, 0x0, 0x5f, 0xfe, 0x0, 0xcf, 0xfa, 0x0,
    0x0, 0x7, 0xff, 0xf7, 0x0, 0x0, 0x8, 0xff,
    0xa0, 0x8, 0xff, 0xe0, 0x0, 0x0, 0xbf, 0xff,
    0xb0, 0x0, 0x0, 0xcf, 0xf6, 0x0, 0x4f, 0xff,
    0x20, 0x0, 0xf, 0xfe, 0xff, 0x0, 0x0, 0xf,
    0xff, 0x20, 0x0, 0xff, 0xf5, 0x0, 0x3, 0xff,
    0x7f, 0xf4, 0x0, 0x4, 0xff, 0xe0, 0x0, 0xc,
    0xff, 0x90, 0x0, 0x7f, 0xf2, 0xff, 0x80, 0x0,
    0x7f, 0xfa, 0x0, 0x0, 0x7f, 0xfd, 0x0, 0xb,
    0xfb, 0xe, 0xfc, 0x0, 0xb, 0xff, 0x60, 0x0,
    0x3, 0xff, 0xf1, 0x0, 0xff, 0x80, 0xbf, 0xf0,
    0x0, 0xff, 0xf2, 0x0, 0x0, 0xf, 0xff, 0x50,
    0x3f, 0xf5, 0x7, 0xff, 0x40, 0x2f, 0xfe, 0x0,
    0x0, 0x0, 0xbf, 0xf8, 0x7, 0xff, 0x10, 0x3f,
    0xf8, 0x6, 0xff, 0xa0, 0x0, 0x0, 0x7, 0xff,
    0xb0, 0xbf, 0xd0, 0x0, 0xff, 0xc0, 0x9f, 0xf6,
    0x0, 0x0, 0x0, 0x2f, 0xfe, 0xe, 0xf9, 0x0,
    0xb, 0xff, 0xc, 0xff, 0x20, 0x0, 0x0, 0x0,
    0xef, 0xf3, 0xff, 0x50, 0x0, 0x7f, 0xf3, 0xff,
    0xe0, 0x0, 0x0, 0x0, 0xa, 0xff, 0xaf, 0xf1,
    0x0, 0x3, 0xff, 0x9f, 0xfa, 0x0, 0x0, 0x0,
    0x0, 0x6f, 0xff, 0xfd, 0x0, 0x0, 0xf, 0xff,
    0xff, 0x60, 0x0, 0x0, 0x0, 0x2, 0xff, 0xff,
    0xa0, 0x0, 0x0, 0xbf, 0xff, 0xf2, 0x0, 0x0,
    0x0, 0x0, 0xe, 0xff, 0xf6, 0x0, 0x0, 0x7,
    0xff, 0xfe, 0x0, 0x0, 0x0,

    /* U+0078 "x" */
    0xd, 0xff, 0xd0, 0x0, 0x0, 0xe, 0xff, 0xa0,
    0x3, 0xff, 0xf7, 0x0, 0x0, 0x6f, 0xff, 0x10,
    0x0, 0xaf, 0xff, 0x10, 0x0, 0xef, 0xf7, 0x0,
    0x0, 0x1e, 0xff, 0x90, 0x7, 0xff, 0xd0, 0x0,
    0x0, 0x6, 0xff, 0xf2, 0xe, 0xff, 0x50, 0x0,
    0x0, 0x0, 0xcf, 0xfa, 0x6f, 0xfb, 0x0, 0x0,
    0x0, 0x0, 0x3f, 0xff, 0xef, 0xf2, 0x0, 0x0,
    0x0, 0x0, 0x9, 0xff, 0xff, 0x90, 0x0, 0x0,
    0x0, 0x0, 0x6, 0xff, 0xff, 0x20, 0x0, 0x0,
    0x0, 0x0, 0x1e, 0xff, 0xff, 0x90, 0x0, 0x0,
    0x0, 0x0, 0x9f, 0xfb, 0xff, 0xf3, 0x0, 0x0,
    0x0, 0x3, 0xff, 0xe0, 0xaf, 0xfd, 0x0, 0x0,
    0x0, 0xc, 0xff, 0x70, 0x2f, 0xff, 0x70, 0x0,
    0x0, 0x6f, 0xfe, 0x0, 0x8, 0xff, 0xf2, 0x0,
    0x1, 0xef, 0xf6, 0x0, 0x0, 0xef, 0xfb, 0x0,
    0x9, 0xff, 0xd0, 0x0, 0x0, 0x5f, 0xff, 0x50,
    0x3f, 0xff, 0x50, 0x0, 0x0, 0xc, 0xff, 0xe1,

    /* U+0079 "y" */
    0x6f, 0xff, 0x10, 0x0, 0x0, 0x0, 0x8f, 0xfc,
    0xf, 0xff, 0x70, 0x0, 0x0, 0x0, 0xdf, 0xf6,
    0x9, 0xff, 0xc0, 0x0, 0x0, 0x2, 0xff, 0xf1,
    0x3, 0xff, 0xf2, 0x0, 0x0, 0x7, 0xff, 0xc0,
    0x0, 0xdf, 0xf7, 0x0, 0x0, 0xc, 0xff, 0x60,
    0x0, 0x7f, 0xfd, 0x0, 0x0, 0x1f, 0xff, 0x10,
    0x0, 0x1f, 0xff, 0x20, 0x0, 0x6f, 0xfb, 0x0,
    0x0, 0xa, 0xff, 0x80, 0x0, 0xaf, 0xf6, 0x0,
    0x0, 0x4, 0xff, 0xd0, 0x0, 0xff, 0xf1, 0x0,
    0x0, 0x0, 0xef, 0xf3, 0x4, 0xff, 0xb0, 0x0,
    0x0, 0x0, 0x8f, 0xf8, 0x8, 0xff, 0x60, 0x0,
    0x0, 0x0, 0x2f, 0xfd, 0xc, 0xff, 0x10, 0x0,
    0x0, 0x0, 0xb, 0xff, 0x3f, 0xfb, 0x0, 0x0,
    0x0, 0x0, 0x5, 0xff, 0xdf, 0xf6, 0x0, 0x0,
    0x0, 0x0, 0x0, 0xef, 0xff, 0xf1, 0x0, 0x0,
    0x0, 0x0, 0x0, 0x9f, 0xff, 0xb0, 0x0, 0x0,
    0x0, 0x0, 0x0, 0x3f, 0xff, 0x50, 0x0, 0x0,
    0x0, 0x0, 0x0, 0x3f, 0xff, 0x0, 0x0, 0x0,
    0x0, 0x0, 0x0, 0x9f, 0xfa, 0x0, 0x0, 0x0,
    0x0, 0x0, 0x2, 0xff, 0xf3, 0x0, 0x0, 0x0,
    0x0, 0x0, 0x2d, 0xff, 0xb0, 0x0, 0x0, 0x0,
    0x2, 0xfe, 0xff, 0xfe, 0x10, 0x0, 0x0, 0x0,
    0x6, 0xff, 0xff, 0xe4, 0x0, 0x0, 0x0, 0x0,
    0x7, 0xef, 0xc9, 0x10, 0x0, 0x0, 0x0, 0x0,

    /* U+007A "z" */
    0xf, 0xff, 0xff, 0xff, 0xff, 0xff, 0x90, 0xff,
    0xff, 0xff, 0xff, 0xff, 0xf9, 0xc, 0xcc, 0xcc,
    0xcc, 0xff, 0xff, 0x30, 0x0, 0x0, 0x0, 0x3f,
    0xff, 0x80, 0x0, 0x0, 0x0, 0xd, 0xff, 0xd0,
    0x0, 0x0, 0x0, 0x8, 0xff, 0xf3, 0x0, 0x0,
    0x0, 0x3, 0xff, 0xf8, 0x0, 0x0, 0x0, 0x0,
    0xdf, 0xfd, 0x0, 0x0, 0x0, 0x0, 0x8f, 0xff,
    0x30, 0x0, 0x0, 0x0, 0x3f, 0xff, 0x90, 0x0,
    0x0, 0x0, 0xc, 0xff, 0xd0, 0x0, 0x0, 0x0,
    0x7, 0xff, 0xf4, 0x0, 0x0, 0x0, 0x2, 0xff,
    0xf9, 0x0, 0x0, 0x0, 0x0, 0xcf, 0xfe, 0x0,
    0x0, 0x0, 0x0, 0x7f, 0xff, 0xec, 0xcc, 0xcc,
    0xcc, 0xae, 0xff, 0xff, 0xff, 0xff, 0xff, 0xfe,
    0xef, 0xff, 0xff, 0xff, 0xff, 0xff, 0xe0,

    /* U+00A5 "¥" */
    0x17, 0x77, 0x20, 0x0, 0x0, 0x0, 0x17, 0x77,
    0x20, 0xdf, 0xfb, 0x0, 0x0, 0x0, 0x7, 0xff,
    0xe0, 0x5, 0xff, 0xf2, 0x0, 0x0, 0x0, 0xef,
    0xf6, 0x0, 0xd, 0xff, 0x90, 0x0, 0x0, 0x5f,
    0xfe, 0x0, 0x0, 0x5f, 0xff, 0x0, 0x0, 0xc,
    0xff, 0x60, 0x0, 0x0, 0xcf, 0xf7, 0x0, 0x3,
    0xff, 0xd0, 0x0, 0x0, 0x4, 0xff, 0xd0, 0x0,
    0xaf, 0xf5, 0x0, 0x0, 0x0, 0xc, 0xff, 0x40,
    0x1f, 0xfd, 0x0, 0x0, 0x0, 0x0, 0x4f, 0xfb,
    0x8, 0xff, 0x50, 0x0, 0x0, 0x0, 0x0, 0xcf,
    0xf2, 0xef, 0xd0, 0x0, 0x0, 0x0, 0x0, 0x4,
    0xff, 0xdf, 0xf5, 0x0, 0x0, 0x0, 0x8f, 0xff,
    0xff, 0xff, 0xff, 0xff, 0xff, 0xa0, 0x8, 0xee,
    0xee, 0xff, 0xff, 0xfe, 0xee, 0xe9, 0x0, 0x0,
    0x0, 0x2, 0xff, 0xf4, 0x0, 0x0, 0x0, 0x0,
    0x0, 0x0, 0x2f, 0xff, 0x40, 0x0, 0x0, 0x0,
    0x8f, 0xff, 0xff, 0xff, 0xff, 0xff, 0xff, 0xa0,
    0x8, 0xee, 0xee, 0xef, 0xff, 0xfe, 0xee, 0xe9,
    0x0, 0x0, 0x0, 0x2, 0xff, 0xf4, 0x0, 0x0,
    0x0, 0x0, 0x0, 0x0, 0x2f, 0xff, 0x40, 0x0,
    0x0, 0x0, 0x0, 0x0, 0x2, 0xff, 0xf4, 0x0,
    0x0, 0x0, 0x0, 0x0, 0x0, 0x2f, 0xff, 0x40,
    0x0, 0x0, 0x0, 0x0, 0x0, 0x2, 0xff, 0xf4,
    0x0, 0x0, 0x0,

    /* U+2014 "—" */
    0x24, 0x44, 0x44, 0x44, 0x44, 0x44, 0x44, 0x44,
    0x44, 0x44, 0x44, 0x44, 0x29, 0xff, 0xff, 0xff,
    0xff, 0xff, 0xff, 0xff, 0xff, 0xff, 0xff, 0xff,
    0xf8, 0x9f, 0xff, 0xff, 0xff, 0xff, 0xff, 0xff,
    0xff, 0xff, 0xff, 0xff, 0xff, 0x80,

    /* U+2022 "•" */
    0x0, 0x9e, 0xe9, 0x0, 0xc, 0xff, 0xff, 0xc0,
    0x4f, 0xff, 0xff, 0xf4, 0x6f, 0xff, 0xff, 0xf6,
    0x4f, 0xff, 0xff, 0xf4, 0xc, 0xff, 0xff, 0xc0,
    0x0, 0x9e, 0xe9, 0x0,

    /* U+2103 "℃" */
    0x0, 0x5b, 0xdb, 0x70, 0x0, 0x0, 0x0, 0x0,
    0x0, 0x1, 0x33, 0x20, 0x0, 0x0, 0x0, 0x9f,
    0xff, 0xff, 0xc0, 0x0, 0x0, 0x0, 0x1, 0x8d,
    0xff, 0xff, 0xe9, 0x10, 0x0, 0x5f, 0xe4, 0x2,
    0xcf, 0x80, 0x0, 0x0, 0x6, 0xff, 0xff, 0xff,
    0xff, 0xff, 0x60, 0xa, 0xf6, 0x0, 0x2, 0xfe,
    0x0, 0x0, 0x9, 0xff, 0xff, 0xfe, 0xef, 0xff,
    0xff, 0x40, 0xcf, 0x30, 0x0, 0xf, 0xf0, 0x0,
    0x6, 0xff, 0xff, 0x92, 0x0, 0x14, 0xdf, 0x90,
    0xa, 0xf6, 0x0, 0x2, 0xfe, 0x0, 0x2, 0xff,
    0xff, 0x60, 0x0, 0x0, 0x0, 0x60, 0x0, 0x4f,
    0xe4, 0x2, 0xcf, 0x80, 0x0, 0x9f, 0xff, 0x70,
    0x0, 0x0, 0x0, 0x0, 0x0, 0x0, 0x9f, 0xff,
    0xff, 0xc0, 0x0, 0xf, 0xff, 0xe0, 0x0, 0x0,
    0x0, 0x0, 0x0, 0x0, 0x0, 0x4a, 0xdb, 0x60,
    0x0, 0x4, 0xff, 0xf7, 0x0, 0x0, 0x0, 0x0,
    0x0, 0x0, 0x0, 0x0, 0x0, 0x0, 0x0, 0x0,
    0x8f, 0xff, 0x30, 0x0, 0x0, 0x0, 0x0, 0x0,
    0x0, 0x0, 0x0, 0x0, 0x0, 0x0, 0xa, 0xff,
    0xf1, 0x0, 0x0, 0x0, 0x0, 0x0, 0x0, 0x0,
    0x0, 0x0, 0x0, 0x0, 0x0, 0xbf, 0xff, 0x0,
    0x0, 0x0, 0x0, 0x0, 0x0, 0x0, 0x0, 0x0,
    0x0, 0x0, 0x0, 0xb, 0xff, 0xf0, 0x0, 0x0,
    0x0, 0x0, 0x0, 0x0, 0x0, 0x0, 0x0, 0x0,
    0x0, 0x0, 0xaf, 0xff, 0x10, 0x0, 0x0, 0x0,
    0x0, 0x0, 0x0, 0x0, 0x0, 0x0, 0x0, 0x0,
    0x9, 0xff, 0xf3, 0x0, 0x0, 0x0, 0x0, 0x0,
    0x0, 0x0, 0x0, 0x0, 0x0, 0x0, 0x0, 0x5f,
    0xff, 0x70, 0x0, 0x0, 0x0, 0x0, 0x0, 0x0,
    0x0, 0x0, 0x0, 0x0, 0x0, 0x1, 0xff, 0xfe,
    0x0, 0x0, 0x0, 0x0, 0x0, 0x0, 0x0, 0x0,
    0x0, 0x0, 0x0, 0x0, 0xb, 0xff, 0xf6, 0x0,
    0x0, 0x0, 0x0, 0x0, 0x0, 0x0, 0x0, 0x0,
    0x0, 0x0, 0x0, 0x3f, 0xff, 0xf3, 0x0, 0x0,
    0x0, 0x1b, 0x90, 0x0, 0x0, 0x0, 0x0, 0x0,
    0x0, 0x0, 0x8f, 0xff, 0xf8, 0x20, 0x0, 0x4d,
    0xff, 0x80, 0x0, 0x0, 0x0, 0x0, 0x0, 0x0,
    0x0, 0xaf, 0xff, 0xff, 0xee, 0xff, 0xff, 0xf8,
    0x0, 0x0, 0x0, 0x0, 0x0, 0x0, 0x0, 0x0,
    0x8f, 0xff, 0xff, 0xff, 0xff, 0xf7, 0x0, 0x0,
    0x0, 0x0, 0x0, 0x0, 0x0, 0x0, 0x0, 0x29,
    0xef, 0xff, 0xfe, 0x92, 0x0, 0x0, 0x0, 0x0,
    0x0, 0x0, 0x0, 0x0, 0x0, 0x0, 0x0, 0x13,
    0x32, 0x0, 0x0, 0x0,

    /* U+3001 "、" */
    0x0, 0x96, 0x0, 0x0, 0x0, 0xb, 0xff, 0x80,
    0x0, 0x0, 0x4f, 0xff, 0xf9, 0x0, 0x0, 0x4,
    0xff, 0xff, 0x90, 0x0, 0x0, 0x3e, 0xff, 0xf8,
    0x0, 0x0, 0x2, 0xef, 0xff, 0x70, 0x0, 0x0,
    0x3f, 0xff, 0xf3, 0x0, 0x0, 0x4, 0xff, 0x80,
    0x0, 0x0, 0x0, 0x55, 0x0,

    /* U+3002 "。" */
    0x0, 0x0, 0x10, 0x0, 0x0, 0x0, 0x7e, 0xff,
    0xc4, 0x0, 0xb, 0xff, 0xbc, 0xff, 0x60, 0x6f,
    0xc1, 0x0, 0x3f, 0xf1, 0xbf, 0x20, 0x0, 0x7,
    0xf5, 0xdf, 0x0, 0x0, 0x4, 0xf8, 0xaf, 0x30,
    0x0, 0x8, 0xf5, 0x4f, 0xd2, 0x0, 0x5f, 0xe1,
    0x8, 0xff, 0xee, 0xff, 0x40, 0x0, 0x4b, 0xed,
    0xa2, 0x0,

    /* U+4E00 "一" */
    0x12, 0x22, 0x22, 0x22, 0x22, 0x22, 0x22, 0x22,
    0x22, 0x22, 0x22, 0x22, 0x22, 0x22, 0xaf, 0xff,
    0xff, 0xff, 0xff, 0xff, 0xff, 0xff, 0xff, 0xff,
    0xff, 0xff, 0xff, 0xfe, 0xaf, 0xff, 0xff, 0xff,
    0xff, 0xff, 0xff, 0xff, 0xff, 0xff, 0xff, 0xff,
    0xff, 0xfe, 0xaf, 0xff, 0xff, 0xff, 0xff, 0xff,
    0xff, 0xff, 0xff, 0xff, 0xff, 0xff, 0xff, 0xfe,

    /* U+4E0A "上" */
    0x0, 0x0, 0x0, 0x0, 0x0, 0x3, 0xee, 0xb0,
    0x0, 0x0, 0x0, 0x0, 0x0, 0x0, 0x0, 0x0,
    0x0, 0x0, 0x0, 0x4, 0xff, 0xc0, 0x0, 0x0,
    0x0, 0x0, 0x0, 0x0, 0x0, 0x0, 0x0, 0x0,
    0x0, 0x4, 0xff, 0xc0, 0x0, 0x0, 0x0, 0x0,
    0x0, 0x0, 0x0, 0x0, 0x0, 0x0, 0x0, 0x4,
    0xff, 0xc0, 0x0, 0x0, 0x0, 0x0, 0x0, 0x0,
    0x0, 0x0, 0x0, 0x0, 0x0, 0x4, 0xff, 0xc0,
    0x0, 0x0, 0x0, 0x0, 0x0, 0x0, 0x0, 0x0,
    0x0, 0x0, 0x0, 0x4, 0xff, 0xc0, 0x0, 0x0,
    0x0, 0x0, 0x0, 0x0, 0x0, 0x0, 0x0, 0x0,
    0x0, 0x4, 0xff, 0xc0, 0x0, 0x0, 0x0, 0x0,
    0x0, 0x0, 0x0, 0x0, 0x0, 0x0, 0x0, 0x4,
    0xff, 0xc0, 0x0, 0x0, 0x0, 0x0, 0x0, 0x0,
    0x0, 0x0, 0x0, 0x0, 0x0, 0x4, 0xff, 0xc0,
    0x0, 0x0, 0x0, 0x0, 0x0, 0x0, 0x0, 0x0,
    0x0, 0x0, 0x0, 0x4, 0xff, 0xff, 0xff, 0xff,
    0xff, 0xff, 0xfb, 0x0, 0x0, 0x0, 0x0, 0x0,
    0x0, 0x4, 0xff, 0xff, 0xff, 0xff, 0xff, 0xff,
    0xfb, 0x0, 0x0, 0x0, 0x0, 0x0, 0x0, 0x4,
    0xff, 0xfe, 0xee, 0xee, 0xee, 0xee, 0xea, 0x0,
    0x0, 0x0, 0x0, 0x0, 0x0, 0x4, 0xff, 0xc0,
    0x0, 0x0, 0x0, 0x0, 0x0, 0x0, 0x0, 0x0,
    0x0, 0x0, 0x0, 0x4, 0xff, 0xc0, 0x0, 0x0,
    0x0, 0x0, 0x0, 0x0, 0x0, 0x0, 0x0, 0x0,
    0x0, 0x4, 0xff, 0xc0, 0x0, 0x0, 0x0, 0x0,
    0x0, 0x0, 0x0, 0x0, 0x0, 0x0, 0x0, 0x4,
    0xff, 0xc0, 0x0, 0x0, 0x0, 0x0, 0x0, 0x0,
    0x0, 0x0, 0x0, 0x0, 0x0, 0x4, 0xff, 0xc0,
    0x0, 0x0, 0x0, 0x0, 0x0, 0x0, 0x0, 0x0,
    0x0, 0x0, 0x0, 0x4, 0xff, 0xc0, 0x0, 0x0,
    0x0, 0x0, 0x0, 0x0, 0x0, 0x0, 0x0, 0x0,
    0x0, 0x4, 0xff, 0xc0, 0x0, 0x0, 0x0, 0x0,
    0x0, 0x0, 0x0, 0x0, 0x0, 0x0, 0x0, 0x4,
    0xff, 0xc0, 0x0, 0x0, 0x0, 0x0, 0x0, 0x0,
    0x0, 0x0, 0x0, 0x0, 0x0, 0x4, 0xff, 0xc0,
    0x0, 0x0, 0x0, 0x0, 0x0, 0x0, 0x0, 0x0,
    0x0, 0x0, 0x0, 0x4, 0xff, 0xc0, 0x0, 0x0,
    0x0, 0x0, 0x0, 0x0, 0x0, 0x0, 0x0, 0x0,
    0x0, 0x4, 0xff, 0xc0, 0x0, 0x0, 0x0, 0x0,
    0x0, 0x0, 0x4c, 0xcc, 0xcc, 0xcc, 0xcc, 0xcd,
    0xff, 0xfc, 0xcc, 0xcc, 0xcc, 0xcc, 0xcc, 0xca,
    0x5f, 0xff, 0xff, 0xff, 0xff, 0xff, 0xff, 0xff,
    0xff, 0xff, 0xff, 0xff, 0xff, 0xfc, 0x5f, 0xff,
    0xff, 0xff, 0xff, 0xff, 0xff, 0xff, 0xff, 0xff,
    0xff, 0xff, 0xff, 0xfc, 0x0, 0x0, 0x0, 0x0,
    0x0, 0x0, 0x0, 0x0, 0x0, 0x0, 0x0, 0x0,
    0x0, 0x0,

    /* U+4E0B "下" */
    0x0, 0x0, 0x0, 0x0, 0x0, 0x0, 0x0, 0x0,
    0x0, 0x0, 0x0, 0x0, 0x0, 0x0, 0x2f, 0xff,
    0xff, 0xff, 0xff, 0xff, 0xff, 0xff, 0xff, 0xff,
    0xff, 0xff, 0xff, 0xf9, 0x2f, 0xff, 0xff, 0xff,
    0xff, 0xff, 0xff, 0xff, 0xff, 0xff, 0xff, 0xff,
    0xff, 0xf9, 0x2d, 0xdd, 0xdd, 0xdd, 0xdd, 0xdd,
    0xff, 0xfd, 0xdd, 0xdd, 0xdd, 0xdd, 0xdd, 0xd8,
    0x0, 0x0, 0x0, 0x0, 0x0, 0x0, 0xef, 0xf1,
    0x0, 0x0, 0x0, 0x0, 0x0, 0x0, 0x0, 0x0,
    0x0, 0x0, 0x0, 0x0, 0xef, 0xf1, 0x0, 0x0,
    0x0, 0x0, 0x0, 0x0, 0x0, 0x0, 0x0, 0x0,
    0x0, 0x0, 0xef, 0xf1, 0x0, 0x0, 0x0, 0x0,
    0x0, 0x0, 0x0, 0x0, 0x0, 0x0, 0x0, 0x0,
    0xef, 0xf1, 0x0, 0x0, 0x0, 0x0, 0x0, 0x0,
    0x0, 0x0, 0x0, 0x0, 0x0, 0x0, 0xef, 0xf9,
    0x40, 0x0, 0x0, 0x0, 0x0, 0x0, 0x0, 0x0,
    0x0, 0x0, 0x0, 0x0, 0xef, 0xff, 0xfc, 0x40,
    0x0, 0x0, 0x0, 0x0, 0x0, 0x0, 0x0, 0x0,
    0x0, 0x0, 0xef, 0xff, 0xff, 0xfc, 0x30, 0x0,
    0x0, 0x0, 0x0, 0x0, 0x0, 0x0, 0x0, 0x0,
    0xef, 0xf7, 0xef, 0xff, 0xfa, 0x10, 0x0, 0x0,
    0x0, 0x0, 0x0, 0x0, 0x0, 0x0, 0xef, 0xf1,
    0x8, 0xff, 0xff, 0xf7, 0x0, 0x0, 0x0, 0x0,
    0x0, 0x0, 0x0, 0x0, 0xef, 0xf1, 0x0, 0x2a,
    0xff, 0xff, 0xd2, 0x0, 0x0, 0x0, 0x0, 0x0,
    0x0, 0x0, 0xef, 0xf1, 0x0, 0x0, 0x4e, 0xff,
    0xfd, 0x0, 0x0, 0x0, 0x0, 0x0, 0x0, 0x0,
    0xef, 0xf1, 0x0, 0x0, 0x0, 0x9f, 0xf3, 0x0,
    0x0, 0x0, 0x0, 0x0, 0x0, 0x0, 0xef, 0xf1,
    0x0, 0x0, 0x0, 0x5, 0x50, 0x0, 0x0, 0x0,
    0x0, 0x0, 0x0, 0x0, 0xef, 0xf1, 0x0, 0x0,
    0x0, 0x0, 0x0, 0x0, 0x0, 0x0, 0x0, 0x0,
    0x0, 0x0, 0xef, 0xf1, 0x0, 0x0, 0x0, 0x0,
    0x0, 0x0, 0x0, 0x0, 0x0, 0x0, 0x0, 0x0,
    0xef, 0xf1, 0x0, 0x0, 0x0, 0x0, 0x0, 0x0,
    0x0, 0x0, 0x0, 0x0, 0x0, 0x0, 0xef, 0xf1,
    0x0, 0x0, 0x0, 0x0, 0x0, 0x0, 0x0, 0x0,
    0x0, 0x0, 0x0, 0x0, 0xef, 0xf1, 0x0, 0x0,
    0x0, 0x0, 0x0, 0x0, 0x0, 0x0, 0x0, 0x0,
    0x0, 0x0, 0xef, 0xf1, 0x0, 0x0, 0x0, 0x0,
    0x0, 0x0, 0x0, 0x0, 0x0, 0x0, 0x0, 0x0,
    0xef, 0xf1, 0x0, 0x0, 0x0, 0x0, 0x0, 0x0,
    0x0, 0x0, 0x0, 0x0, 0x0, 0x0, 0xef, 0xf1,
    0x0, 0x0, 0x0, 0x0, 0x0, 0x0, 0x0, 0x0,
    0x0, 0x0, 0x0, 0x0, 0xef, 0xf1, 0x0, 0x0,
    0x0, 0x0, 0x0, 0x0,

    /* U+4E0D "不" */
    0x0, 0x0, 0x0, 0x0, 0x0, 0x0, 0x0, 0x0,
    0x0, 0x0, 0x0, 0x0, 0x0, 0x0, 0xf, 0xff,
    0xff, 0xff, 0xff, 0xff, 0xff, 0xff, 0xff, 0xff,
    0xff, 0xff, 0xff, 0xf0, 0xf, 0xff, 0xff, 0xff,
    0xff, 0xff, 0xff, 0xff, 0xff, 0xff, 0xff, 0xff,
    0xff, 0xf0, 0xd, 0xdd, 0xdd, 0xdd, 0xdd, 0xdd,
    0xdd, 0xff, 0xfe, 0xdd, 0xdd, 0xdd, 0xdd, 0xd0,
    0x0, 0x0, 0x0, 0x0, 0x0, 0x0, 0xa, 0xff,
    0xf1, 0x0, 0x0, 0x0, 0x0, 0x0, 0x0, 0x0,
    0x0, 0x0, 0x0, 0x0, 0x6f, 0xff, 0x60, 0x0,
    0x0, 0x0, 0x0, 0x0, 0x0, 0x0, 0x0, 0x0,
    0x0, 0x2, 0xff, 0xfc, 0x0, 0x0, 0x0, 0x0,
    0x0, 0x0, 0x0, 0x0, 0x0, 0x0, 0x0, 0x1d,
    0xff, 0xf8, 0x0, 0x0, 0x0, 0x0, 0x0, 0x0,
    0x0, 0x0, 0x0, 0x0, 0x0, 0xcf, 0xff, 0xf8,
    0x7, 0x40, 0x0, 0x0, 0x0, 0x0, 0x0, 0x0,
    0x0, 0x0, 0xb, 0xff, 0xff, 0xf9, 0xaf, 0xf9,
    0x0, 0x0, 0x0, 0x0, 0x0, 0x0, 0x0, 0x0,
    0xbf, 0xff, 0xef, 0xf9, 0xbf, 0xff, 0xd2, 0x0,
    0x0, 0x0, 0x0, 0x0, 0x0, 0x2c, 0xff, 0xf7,
    0x8f, 0xf8, 0x6, 0xff, 0xff, 0x60, 0x0, 0x0,
    0x0, 0x0, 0x4, 0xef, 0xff, 0x60, 0x8f, 0xf8,
    0x0, 0x2d, 0xff, 0xfa, 0x0, 0x0, 0x0, 0x0,
    0x7f, 0xff, 0xf4, 0x0, 0x8f, 0xf8, 0x0, 0x1,
    0xbf, 0xff, 0xd2, 0x0, 0x0, 0x4d, 0xff, 0xff,
    0x30, 0x0, 0x8f, 0xf8, 0x0, 0x0, 0x8, 0xff,
    0xff, 0x40, 0x2b, 0xff, 0xff, 0xc2, 0x0, 0x0,
    0x8f, 0xf8, 0x0, 0x0, 0x0, 0x5f, 0xff, 0xf5,
    0x7f, 0xff, 0xf8, 0x0, 0x0, 0x0, 0x8f, 0xf8,
    0x0, 0x0, 0x0, 0x3, 0xff, 0xf8, 0x9, 0xfb,
    0x20, 0x0, 0x0, 0x0, 0x8f, 0xf8, 0x0, 0x0,
    0x0, 0x0, 0x3e, 0x70, 0x0, 0x40, 0x0, 0x0,
    0x0, 0x0, 0x8f, 0xf8, 0x0, 0x0, 0x0, 0x0,
    0x1, 0x0, 0x0, 0x0, 0x0, 0x0, 0x0, 0x0,
    0x8f, 0xf8, 0x0, 0x0, 0x0, 0x0, 0x0, 0x0,
    0x0, 0x0, 0x0, 0x0, 0x0, 0x0, 0x8f, 0xf8,
    0x0, 0x0, 0x0, 0x0, 0x0, 0x0, 0x0, 0x0,
    0x0, 0x0, 0x0, 0x0, 0x8f, 0xf8, 0x0, 0x0,
    0x0, 0x0, 0x0, 0x0, 0x0, 0x0, 0x0, 0x0,
    0x0, 0x0, 0x8f, 0xf8, 0x0, 0x0, 0x0, 0x0,
    0x0, 0x0, 0x0, 0x0, 0x0, 0x0, 0x0, 0x0,
    0x8f, 0xf8, 0x0, 0x0, 0x0, 0x0, 0x0, 0x0,
    0x0, 0x0, 0x0, 0x0, 0x0, 0x0, 0x8f, 0xf8,
    0x0, 0x0, 0x0, 0x0, 0x0, 0x0, 0x0, 0x0,
    0x0, 0x0, 0x0, 0x0, 0x8f, 0xf8, 0x0, 0x0,
    0x0, 0x0, 0x0, 0x0,

    /* U+4E0E "与" */
    0x0, 0x0, 0x0, 0x9d, 0xc2, 0x0, 0x0, 0x0,
    0x0, 0x0, 0x0, 0x0, 0x0, 0x0, 0x0, 0x0,
    0xdf, 0xf1, 0x0, 0x0, 0x0, 0x0, 0x0, 0x0,
    0x0, 0x0, 0x0, 0x0, 0x0, 0xff, 0xe0, 0x0,
    0x0, 0x0, 0x0, 0x0, 0x0, 0x0, 0x0, 0x0,
    0x0, 0x2, 0xff, 0xe9, 0x99, 0x99, 0x99, 0x99,
    0x99, 0x99, 0x99, 0x92, 0x0, 0x0, 0x5, 0xff,
    0xff, 0xff, 0xff, 0xff, 0xff, 0xff, 0xff, 0xff,
    0xf3, 0x0, 0x0, 0x8, 0xff, 0xff, 0xff, 0xff,
    0xff, 0xff, 0xff, 0xff, 0xff, 0xf3, 0x0, 0x0,
    0xc, 0xff, 0x31, 0x11, 0x11, 0x11, 0x11, 0x11,
    0x11, 0x11, 0x10, 0x0, 0x0, 0xf, 0xff, 0x0,
    0x0, 0x0, 0x0, 0x0, 0x0, 0x0, 0x0, 0x0,
    0x0, 0x0, 0x2f, 0xfb, 0x0, 0x0, 0x0, 0x0,
    0x0, 0x0, 0x0, 0x0, 0x0, 0x0, 0x0, 0x6f,
    0xf8, 0x0, 0x0, 0x0, 0x0, 0x0, 0x0, 0x0,
    0x0, 0x0, 0x0, 0x0, 0x9f, 0xf5, 0x0, 0x0,
    0x0, 0x0, 0x0, 0x0, 0x0, 0x0, 0x0, 0x0,
    0x0, 0xdf, 0xff, 0xff, 0xff, 0xff, 0xff, 0xff,
    0xff, 0xff, 0xff, 0xfb, 0x0, 0x1, 0xff, 0xff,
    0xff, 0xff, 0xff, 0xff, 0xff, 0xff, 0xff, 0xff,
    0xfa, 0x0, 0x3, 0xaa, 0xaa, 0xaa, 0xaa, 0xaa,
    0xaa, 0xaa, 0xaa, 0xaa, 0xcf, 0xf9, 0x0, 0x0,
    0x0, 0x0, 0x0, 0x0, 0x0, 0x0, 0x0, 0x0,
    0x0, 0x6f, 0xf7, 0x0, 0x0, 0x0, 0x0, 0x0,
    0x0, 0x0, 0x0, 0x0, 0x0, 0x0, 0x8f, 0xf5,
    0x0, 0x0, 0x0, 0x0, 0x0, 0x0, 0x0, 0x0,
    0x0, 0x0, 0x0, 0xaf, 0xf3, 0x6a, 0xaa, 0xaa,
    0xaa, 0xaa, 0xaa, 0xaa, 0xaa, 0xaa, 0xa1, 0x0,
    0xcf, 0xf1, 0x9f, 0xff, 0xff, 0xff, 0xff, 0xff,
    0xff, 0xff, 0xff, 0xf1, 0x0, 0xef, 0xf0, 0x9f,
    0xff, 0xff, 0xff, 0xff, 0xff, 0xff, 0xff, 0xff,
    0xf1, 0x1, 0xff, 0xd0, 0x1, 0x11, 0x11, 0x11,
    0x11, 0x11, 0x11, 0x11, 0x11, 0x10, 0x5, 0xff,
    0xa0, 0x0, 0x0, 0x0, 0x0, 0x0, 0x0, 0x0,
    0x0, 0x0, 0x0, 0x9, 0xff, 0x70, 0x0, 0x0,
    0x0, 0x0, 0x0, 0x0, 0x0, 0x0, 0x0, 0x0,
    0xe, 0xff, 0x30, 0x0, 0x0, 0x0, 0x0, 0x0,
    0x0, 0x0, 0x0, 0x0, 0x0, 0x7f, 0xfe, 0x0,
    0x0, 0x0, 0x0, 0x0, 0x0, 0x0, 0xb, 0xdc,
    0xbb, 0xbc, 0xff, 0xf7, 0x0, 0x0, 0x0, 0x0,
    0x0, 0x0, 0x0, 0x5, 0xff, 0xff, 0xff, 0xff,
    0xc0, 0x0, 0x0, 0x0, 0x0, 0x0, 0x0, 0x0,
    0x1, 0xef, 0xff, 0xff, 0xc8, 0x0, 0x0, 0x0,
    0x0, 0x0, 0x0, 0x0, 0x0, 0x0, 0x0, 0x0,
    0x0, 0x0, 0x0, 0x0,

    /* U+4E13 "专" */
    0x0, 0x0, 0x0, 0x0, 0x0, 0x2, 0x10, 0x0,
    0x0, 0x0, 0x0, 0x0, 0x0, 0x0, 0x0, 0x0,
    0x0, 0x0, 0x0, 0xd, 0xff, 0x20, 0x0, 0x0,
    0x0, 0x0, 0x0, 0x0, 0x0, 0x0, 0x0, 0x0,
    0x0, 0x1f, 0xfe, 0x0, 0x0, 0x0, 0x0, 0x0,
    0x0, 0x0, 0x0, 0x0, 0x0, 0x0, 0x0, 0x5f,
    0xfa, 0x0, 0x0, 0x0, 0x0, 0x0, 0x0, 0x0,
    0x0, 0xf, 0xff, 0xff, 0xff, 0xff, 0xff, 0xff,
    0xff, 0xff, 0xff, 0xff, 0xe0, 0x0, 0x0, 0xf,
    0xff, 0xff, 0xff, 0xff, 0xff, 0xff, 0xff, 0xff,
    0xff, 0xff, 0xe0, 0x0, 0x0, 0xa, 0xaa, 0xaa,
    0xab, 0xff, 0xea, 0xaa, 0xaa, 0xaa, 0xaa, 0xaa,
    0x90, 0x0, 0x0, 0x0, 0x0, 0x0, 0x7, 0xff,
    0x70, 0x0, 0x0, 0x0, 0x0, 0x0, 0x0, 0x0,
    0x0, 0x0, 0x0, 0x0, 0xd, 0xff, 0x10, 0x0,
    0x0, 0x0, 0x0, 0x0, 0x0, 0x0, 0x49, 0x99,
    0x99, 0x99, 0xaf, 0xff, 0x99, 0x99, 0x99, 0x99,
    0x99, 0x99, 0x99, 0x90, 0x6f, 0xff, 0xff, 0xff,
    0xff, 0xff, 0xff, 0xff, 0xff, 0xff, 0xff, 0xff,
    0xff, 0xf0, 0x6f, 0xff, 0xff, 0xff, 0xff, 0xff,
    0xff, 0xff, 0xff, 0xff, 0xff, 0xff, 0xff, 0xf0,
    0x1, 0x11, 0x11, 0x13, 0xff, 0xd1, 0x11, 0x11,
    0x11, 0x11, 0x11, 0x11, 0x11, 0x10, 0x0, 0x0,
    0x0, 0x6, 0xff, 0x80, 0x0, 0x0, 0x0, 0x0,
    0x0, 0x0, 0x0, 0x0, 0x0, 0x0, 0x0, 0xb,
    0xff, 0x40, 0x0, 0x0, 0x0, 0x0, 0x0, 0x0,
    0x0, 0x0, 0x0, 0x0, 0x0, 0x1f, 0xff, 0xba,
    0xaa, 0xaa, 0xaa, 0xaa, 0xaa, 0xb8, 0x10, 0x0,
    0x0, 0x0, 0x0, 0x6f, 0xff, 0xff, 0xff, 0xff,
    0xff, 0xff, 0xff, 0xff, 0xd0, 0x0, 0x0, 0x0,
    0x0, 0xbf, 0xff, 0xff, 0xff, 0xff, 0xff, 0xff,
    0xff, 0xff, 0x30, 0x0, 0x0, 0x0, 0x0, 0x0,
    0x0, 0x0, 0x0, 0x0, 0x0, 0xb, 0xff, 0xf3,
    0x0, 0x0, 0x0, 0x0, 0x0, 0x0, 0x0, 0x0,
    0x0, 0x0, 0x0, 0xbf, 0xff, 0x30, 0x0, 0x0,
    0x0, 0x0, 0x0, 0x0, 0x0, 0x0, 0x0, 0x0,
    0xb, 0xff, 0xf4, 0x0, 0x0, 0x0, 0x0, 0x0,
    0x0, 0x4, 0xea, 0x51, 0x0, 0x0, 0xcf, 0xff,
    0x30, 0x0, 0x0, 0x0, 0x0, 0x0, 0x0, 0x1e,
    0xff, 0xff, 0xb6, 0x2c, 0xff, 0xf3, 0x0, 0x0,
    0x0, 0x0, 0x0, 0x0, 0x0, 0x5, 0xaf, 0xff,
    0xff, 0xff, 0xff, 0x30, 0x0, 0x0, 0x0, 0x0,
    0x0, 0x0, 0x0, 0x0, 0x0, 0x5b, 0xff, 0xff,
    0xfe, 0x81, 0x0, 0x0, 0x0, 0x0, 0x0, 0x0,
    0x0, 0x0, 0x0, 0x0, 0x16, 0xdf, 0xff, 0xff,
    0xa2, 0x0, 0x0, 0x0, 0x0, 0x0, 0x0, 0x0,
    0x0, 0x0, 0x0, 0x3, 0xaf, 0xff, 0xfe, 0x0,
    0x0, 0x0, 0x0, 0x0, 0x0, 0x0, 0x0, 0x0,
    0x0, 0x0, 0x1, 0x9f, 0xf4, 0x0, 0x0, 0x0,
    0x0, 0x0, 0x0, 0x0, 0x0, 0x0, 0x0, 0x0,
    0x0, 0x1, 0x50, 0x0, 0x0, 0x0,

    /* U+4E1A "业" */
    0x0, 0x0, 0x0, 0x0, 0xe, 0xfe, 0x0, 0x0,
    0x7f, 0xf6, 0x0, 0x0, 0x0, 0x0, 0x0, 0x0,
    0x0, 0x0, 0xf, 0xfe, 0x0, 0x0, 0x7f, 0xf6,
    0x0, 0x0, 0x0, 0x0, 0x0, 0x0, 0x0, 0x0,
    0xf, 0xfe, 0x0, 0x0, 0x7f, 0xf6, 0x0, 0x0,
    0x0, 0x0, 0x0, 0x0, 0x0, 0x0, 0xf, 0xfe,
    0x0, 0x0, 0x7f, 0xf6, 0x0, 0x0, 0x0, 0x0,
    0x0, 0x0, 0x0, 0x0, 0xf, 0xfe, 0x0, 0x0,
    0x7f, 0xf6, 0x0, 0x0, 0x0, 0x0, 0x0, 0x0,
    0x0, 0x0, 0xf, 0xfe, 0x0, 0x0, 0x7f, 0xf6,
    0x0, 0x0, 0x0, 0x0, 0x0, 0x38, 0x20, 0x0,
    0xf, 0xfe, 0x0, 0x0, 0x7f, 0xf6, 0x0, 0x0,
    0x42, 0x0, 0x5, 0xff, 0x80, 0x0, 0xf, 0xfe,
    0x0, 0x0, 0x7f, 0xf6, 0x0, 0x0, 0xdf, 0xa0,
    0x0, 0xff, 0xe0, 0x0, 0xf, 0xfe, 0x0, 0x0,
    0x7f, 0xf6, 0x0, 0x3, 0xff, 0xc0, 0x0, 0x9f,
    0xf5, 0x0, 0xf, 0xfe, 0x0, 0x0, 0x7f, 0xf6,
    0x0, 0x9, 0xff, 0x50, 0x0, 0x3f, 0xfc, 0x0,
    0xf, 0xfe, 0x0, 0x0, 0x7f, 0xf6, 0x0, 0xf,
    0xfe, 0x0, 0x0, 0xd, 0xff, 0x20, 0xf, 0xfe,
    0x0, 0x0, 0x7f, 0xf6, 0x0, 0x6f, 0xf7, 0x0,
    0x0, 0x7, 0xff, 0x90, 0xf, 0xfe, 0x0, 0x0,
    0x7f, 0xf6, 0x0, 0xdf, 0xf1, 0x0, 0x0, 0x1,
    0xff, 0xe0, 0xf, 0xfe, 0x0, 0x0, 0x7f, 0xf6,
    0x5, 0xff, 0x90, 0x0, 0x0, 0x0, 0xcf, 0xf5,
    0xf, 0xfe, 0x0, 0x0, 0x7f, 0xf6, 0xd, 0xff,
    0x10, 0x0, 0x0, 0x0, 0x6f, 0xfa, 0xf, 0xfe,
    0x0, 0x0, 0x7f, 0xf6, 0x5f, 0xf9, 0x0, 0x0,
    0x0, 0x0, 0x2f, 0xff, 0xf, 0xfe, 0x0, 0x0,
    0x7f, 0xf7, 0xdf, 0xf1, 0x0, 0x0, 0x0, 0x0,
    0xc, 0xa4, 0xf, 0xfe, 0x0, 0x0, 0x7f, 0xf7,
    0x7e, 0x80, 0x0, 0x0, 0x0, 0x0, 0x0, 0x0,
    0xf, 0xfe, 0x0, 0x0, 0x7f, 0xf6, 0x0, 0x0,
    0x0, 0x0, 0x0, 0x0, 0x0, 0x0, 0xf, 0xfe,
    0x0, 0x0, 0x7f, 0xf6, 0x0, 0x0, 0x0, 0x0,
    0x0, 0x0, 0x0, 0x0, 0xf, 0xfe, 0x0, 0x0,
    0x7f, 0xf6, 0x0, 0x0, 0x0, 0x0, 0x0, 0x0,
    0x0, 0x0, 0xf, 0xfe, 0x0, 0x0, 0x7f, 0xf6,
    0x0, 0x0, 0x0, 0x0, 0x0, 0x0, 0x0, 0x0,
    0xf, 0xfe, 0x0, 0x0, 0x7f, 0xf6, 0x0, 0x0,
    0x0, 0x0, 0x1c, 0xcc, 0xcc, 0xcc, 0xcf, 0xff,
    0xcc, 0xcc, 0xef, 0xfe, 0xcc, 0xcc, 0xcc, 0xc7,
    0x1f, 0xff, 0xff, 0xff, 0xff, 0xff, 0xff, 0xff,
    0xff, 0xff, 0xff, 0xff, 0xff, 0xf9, 0x1f, 0xff,
    0xff, 0xff, 0xff, 0xff, 0xff, 0xff, 0xff, 0xff,
    0xff, 0xff, 0xff, 0xf9, 0x0, 0x0, 0x0, 0x0,
    0x0, 0x0, 0x0, 0x0, 0x0, 0x0, 0x0, 0x0,
    0x0, 0x0,

    /* U+4E24 "两" */
    0x1, 0x11, 0x11, 0x11, 0x11, 0x11, 0x11, 0x11,
    0x11, 0x11, 0x11, 0x11, 0x11, 0x10, 0x1f, 0xff,
    0xff, 0xff, 0xff, 0xff, 0xff, 0xff, 0xff, 0xff,
    0xff, 0xff, 0xff, 0xf7, 0x1f, 0xff, 0xff, 0xff,
    0xff, 0xff, 0xff, 0xff, 0xff, 0xff, 0xff, 0xff,
    0xff, 0xf7, 0xa, 0xaa, 0xaa, 0xaa, 0xaf, 0xfe,
    0xaa, 0xaa, 0xdf, 0xfb, 0xaa, 0xaa, 0xaa, 0xa4,
    0x0, 0x0, 0x0, 0x0, 0x1f, 0xfa, 0x0, 0x0,
    0x8f, 0xf4, 0x0, 0x0, 0x0, 0x0, 0x0, 0x0,
    0x0, 0x0, 0x1f, 0xfa, 0x0, 0x0, 0x8f, 0xf4,
    0x0, 0x0, 0x0, 0x0, 0x0, 0x0, 0x0, 0x0,
    0x1f, 0xfa, 0x0, 0x0, 0x8f, 0xf4, 0x0, 0x0,
    0x0, 0x0, 0x0, 0xef, 0xff, 0xff, 0xff, 0xff,
    0xff, 0xff, 0xff, 0xff, 0xff, 0xff, 0xff, 0x40,
    0x0, 0xef, 0xff, 0xff, 0xff, 0xff, 0xff, 0xff,
    0xff, 0xff, 0xff, 0xff, 0xff, 0x40, 0x0, 0xef,
    0xfa, 0xaa, 0xbf, 0xfe, 0xaa, 0xaa, 0xdf, 0xfc,
    0xaa, 0xad, 0xff, 0x40, 0x0, 0xef, 0xd0, 0x0,
    0x3f, 0xf9, 0x0, 0x0, 0x9f, 0xf2, 0x0, 0x9,
    0xff, 0x40, 0x0, 0xef, 0xd0, 0x0, 0x4f, 0xf7,
    0x0, 0x0, 0xbf, 0xf1, 0x0, 0x9, 0xff, 0x40,
    0x0, 0xef, 0xd0, 0x0, 0x6f, 0xf8, 0x0, 0x0,
    0xdf, 0xf2, 0x0, 0x9, 0xff, 0x40, 0x0, 0xef,
    0xd0, 0x0, 0x9f, 0xff, 0x40, 0x0, 0xff, 0xfd,
    0x10, 0x9, 0xff, 0x40, 0x0, 0xef, 0xd0, 0x0,
    0xdf, 0xff, 0xf2, 0x4, 0xff, 0xff, 0xc0, 0x9,
    0xff, 0x40, 0x0, 0xef, 0xd0, 0x2, 0xff, 0xef,
    0xfd, 0x9, 0xff, 0xcf, 0xfb, 0x9, 0xff, 0x40,
    0x0, 0xef, 0xd0, 0x9, 0xff, 0x59, 0xff, 0x3f,
    0xfe, 0xc, 0xff, 0x89, 0xff, 0x40, 0x0, 0xef,
    0xd0, 0x1f, 0xfe, 0x0, 0xd6, 0x7f, 0xf7, 0x1,
    0xef, 0xfc, 0xff, 0x40, 0x0, 0xef, 0xd0, 0xcf,
    0xf7, 0x0, 0x23, 0xff, 0xf1, 0x0, 0x4f, 0xfc,
    0xff, 0x40, 0x0, 0xef, 0xea, 0xff, 0xd0, 0x0,
    0x2e, 0xff, 0x70, 0x0, 0x8, 0x69, 0xff, 0x40,
    0x0, 0xef, 0xeb, 0xff, 0x30, 0x0, 0x3e, 0xfc,
    0x0, 0x0, 0x0, 0x9, 0xff, 0x40, 0x0, 0xef,
    0xd0, 0xa5, 0x0, 0x0, 0x2, 0xc1, 0x0, 0x0,
    0x0, 0x9, 0xff, 0x40, 0x0, 0xef, 0xd0, 0x0,
    0x0, 0x0, 0x0, 0x0, 0x0, 0x0, 0x0, 0x9,
    0xff, 0x40, 0x0, 0xef, 0xd0, 0x0, 0x0, 0x0,
    0x0, 0x0, 0x0, 0x9c, 0xcb, 0xcf, 0xff, 0x30,
    0x0, 0xef, 0xd0, 0x0, 0x0, 0x0, 0x0, 0x0,
    0x0, 0x5f, 0xff, 0xff, 0xfe, 0x0, 0x0, 0xef,
    0xd0, 0x0, 0x0, 0x0, 0x0, 0x0, 0x0, 0x1f,
    0xff, 0xed, 0x92, 0x0,

    /* U+4E2D "中" */
    0x0, 0x0, 0x0, 0x0, 0x0, 0x2, 0xcc, 0x90,
    0x0, 0x0, 0x0, 0x0, 0x0, 0x0, 0x0, 0x0,
    0x0, 0x0, 0x3, 0xff, 0xb0, 0x0, 0x0, 0x0,
    0x0, 0x0, 0x0, 0x0, 0x0, 0x0, 0x0, 0x3,
    0xff, 0xb0, 0x0, 0x0, 0x0, 0x0, 0x0, 0x0,
    0x0, 0x0, 0x0, 0x0, 0x3, 0xff, 0xb0, 0x0,
    0x0, 0x0, 0x0, 0x0, 0x0, 0x0, 0x0, 0x0,
    0x0, 0x3, 0xff, 0xb0, 0x0, 0x0, 0x0, 0x0,
    0x0, 0x0, 0x0, 0x0, 0x0, 0x0, 0x4, 0xff,
    0xc0, 0x0, 0x0, 0x0, 0x0, 0x0, 0x1f, 0xff,
    0xff, 0xff, 0xff, 0xff, 0xff, 0xff, 0xff, 0xff,
    0xff, 0xff, 0xf1, 0x1f, 0xff, 0xff, 0xff, 0xff,
    0xff, 0xff, 0xff, 0xff, 0xff, 0xff, 0xff, 0xf1,
    0x1f, 0xfe, 0xbb, 0xbb, 0xbb, 0xbc, 0xff, 0xeb,
    0xbb, 0xbb, 0xbb, 0xff, 0xf1, 0x1f, 0xfb, 0x0,
    0x0, 0x0, 0x3, 0xff, 0xb0, 0x0, 0x0, 0x0,
    0xdf, 0xf1, 0x1f, 0xfb, 0x0, 0x0, 0x0, 0x3,
    0xff, 0xb0, 0x0, 0x0, 0x0, 0xdf, 0xf1, 0x1f,
    0xfb, 0x0, 0x0, 0x0, 0x3, 0xff, 0xb0, 0x0,
    0x0, 0x0, 0xdf, 0xf1, 0x1f, 0xfb, 0x0, 0x0,
    0x0, 0x3, 0xff, 0xb0, 0x0, 0x0, 0x0, 0xdf,
    0xf1, 0x1f, 0xfb, 0x0, 0x0, 0x0, 0x3, 0xff,
    0xb0, 0x0, 0x0, 0x0, 0xdf, 0xf1, 0x1f, 0xfb,
    0x0, 0x0, 0x0, 0x3, 0xff, 0xb0, 0x0, 0x0,
    0x0, 0xdf, 0xf1, 0x1f, 0xfb, 0x0, 0x0, 0x0,
    0x3, 0xff, 0xb0, 0x0, 0x0, 0x0, 0xdf, 0xf1,
    0x1f, 0xff, 0xff, 0xff, 0xff, 0xff, 0xff, 0xff,
    0xff, 0xff, 0xff, 0xff, 0xf1, 0x1f, 0xff, 0xff,
    0xff, 0xff, 0xff, 0xff, 0xff, 0xff, 0xff, 0xff,
    0xff, 0xf1, 0x1f, 0xff, 0xdd, 0xdd, 0xdd, 0xde,
    0xff, 0xfd, 0xdd, 0xdd, 0xdd, 0xff, 0xf1, 0x1f,
    0xfb, 0x0, 0x0, 0x0, 0x3, 0xff, 0xb0, 0x0,
    0x0, 0x0, 0xdf, 0xf1, 0xa, 0xa7, 0x0, 0x0,
    0x0, 0x3, 0xff, 0xb0, 0x0, 0x0, 0x0, 0x68,
    0x80, 0x0, 0x0, 0x0, 0x0, 0x0, 0x3, 0xff,
    0xb0, 0x0, 0x0, 0x0, 0x0, 0x0, 0x0, 0x0,
    0x0, 0x0, 0x0, 0x3, 0xff, 0xb0, 0x0, 0x0,
    0x0, 0x0, 0x0, 0x0, 0x0, 0x0, 0x0, 0x0,
    0x3, 0xff, 0xb0, 0x0, 0x0, 0x0, 0x0, 0x0,
    0x0, 0x0, 0x0, 0x0, 0x0, 0x3, 0xff, 0xb0,
    0x0, 0x0, 0x0, 0x0, 0x0, 0x0, 0x0, 0x0,
    0x0, 0x0, 0x3, 0xff, 0xb0, 0x0, 0x0, 0x0,
    0x0, 0x0, 0x0, 0x0, 0x0, 0x0, 0x0, 0x3,
    0xff, 0xb0, 0x0, 0x0, 0x0, 0x0, 0x0, 0x0,
    0x0, 0x0, 0x0, 0x0, 0x3, 0xff, 0xb0, 0x0,
    0x0, 0x0, 0x0, 0x0,

    /* U+4E3A "为" */
    0x0, 0x0, 0x0, 0x0, 0x0, 0x1, 0x11, 0x0,
    0x0, 0x0, 0x0, 0x0, 0x0, 0x0, 0x0, 0x0,
    0x31, 0x0, 0x0, 0xff, 0xe0, 0x0, 0x0, 0x0,
    0x0, 0x0, 0x0, 0x0, 0x2, 0xcf, 0xb0, 0x0,
    0xf, 0xfe, 0x0, 0x0, 0x0, 0x0, 0x0, 0x0,
    0x0, 0x0, 0xd, 0xff, 0x70, 0x0, 0xff, 0xe0,
    0x0, 0x0, 0x0, 0x0, 0x0, 0x0, 0x0, 0x0,
    0x2f, 0xff, 0x20, 0xf, 0xfe, 0x0, 0x0, 0x0,
    0x0, 0x0, 0x0, 0x0, 0x0, 0x0, 0x7f, 0xfc,
    0x0, 0xff, 0xd0, 0x0, 0x0, 0x0, 0x0, 0x0,
    0x0, 0x0, 0x0, 0x0, 0xec, 0x50, 0x1f, 0xfd,
    0x0, 0x0, 0x0, 0x0, 0x0, 0x0, 0x0, 0x0,
    0x0, 0x2, 0x0, 0x2, 0xff, 0xd0, 0x0, 0x0,
    0x0, 0x0, 0x0, 0x0, 0xa, 0xff, 0xff, 0xff,
    0xff, 0xff, 0xff, 0xff, 0xff, 0xff, 0xff, 0xff,
    0xff, 0x30, 0xaf, 0xff, 0xff, 0xff, 0xff, 0xff,
    0xff, 0xff, 0xff, 0xff, 0xff, 0xff, 0xf2, 0x8,
    0xdd, 0xdd, 0xdd, 0xdd, 0xef, 0xfe, 0xdd, 0xdd,
    0xdd, 0xdd, 0xdf, 0xff, 0x10, 0x0, 0x0, 0x0,
    0x0, 0x9, 0xff, 0x60, 0x0, 0x0, 0x0, 0x0,
    0xdf, 0xf1, 0x0, 0x0, 0x0, 0x0, 0x0, 0xdf,
    0xf2, 0x0, 0x0, 0x0, 0x0, 0xe, 0xff, 0x0,
    0x0, 0x0, 0x0, 0x0, 0x1f, 0xff, 0x0, 0x0,
    0x0, 0x0, 0x0, 0xff, 0xf0, 0x0, 0x0, 0x0,
    0x0, 0x5, 0xff, 0xb0, 0x3b, 0x70, 0x0, 0x0,
    0xf, 0xff, 0x0, 0x0, 0x0, 0x0, 0x0, 0xbf,
    0xf7, 0x1e, 0xff, 0x40, 0x0, 0x0, 0xff, 0xe0,
    0x0, 0x0, 0x0, 0x0, 0x2f, 0xff, 0x10, 0x4f,
    0xff, 0x20, 0x0, 0x1f, 0xfd, 0x0, 0x0, 0x0,
    0x0, 0x9, 0xff, 0xb0, 0x0, 0x8f, 0xfd, 0x0,
    0x2, 0xff, 0xc0, 0x0, 0x0, 0x0, 0x2, 0xff,
    0xf3, 0x0, 0x0, 0xcf, 0xf8, 0x0, 0x3f, 0xfb,
    0x0, 0x0, 0x0, 0x0, 0xcf, 0xfc, 0x0, 0x0,
    0x2, 0xff, 0xc0, 0x5, 0xff, 0xa0, 0x0, 0x0,
    0x0, 0x8f, 0xff, 0x20, 0x0, 0x0, 0x7, 0x50,
    0x0, 0x6f, 0xf9, 0x0, 0x0, 0x0, 0x6f, 0xff,
    0x70, 0x0, 0x0, 0x0, 0x0, 0x0, 0x8, 0xff,
    0x70, 0x0, 0x0, 0x5f, 0xff, 0xb0, 0x0, 0x0,
    0x0, 0x0, 0x0, 0x0, 0xbf, 0xf5, 0x0, 0x0,
    0x7f, 0xff, 0xd0, 0x0, 0x0, 0x0, 0x0, 0x0,
    0x0, 0xe, 0xff, 0x30, 0x0, 0xaf, 0xff, 0xd1,
    0x0, 0x0, 0x0, 0x0, 0x0, 0x0, 0x6, 0xff,
    0xf0, 0x2, 0xdf, 0xff, 0xc1, 0x0, 0x0, 0x0,
    0x0, 0x2f, 0xee, 0xee, 0xff, 0xfb, 0x0, 0x7,
    0xff, 0x90, 0x0, 0x0, 0x0, 0x0, 0x0, 0xaf,
    0xff, 0xff, 0xfe, 0x20, 0x0, 0x6, 0x40, 0x0,
    0x0, 0x0, 0x0, 0x0, 0x6, 0xff, 0xff, 0xea,
    0x20, 0x0, 0x0, 0x0, 0x0, 0x0, 0x0, 0x0,
    0x0, 0x0, 0x0, 0x0, 0x0, 0x0, 0x0, 0x0,

    /* U+4E3B "主" */
    0x0, 0x0, 0x0, 0x0, 0x0, 0x0, 0x50, 0x0,
    0x0, 0x0, 0x0, 0x0, 0x0, 0x0, 0x0, 0x0,
    0x0, 0x0, 0x0, 0x3d, 0xfa, 0x0, 0x0, 0x0,
    0x0, 0x0, 0x0, 0x0, 0x0, 0x0, 0x0, 0x0,
    0x0, 0x7f, 0xff, 0xd3, 0x0, 0x0, 0x0, 0x0,
    0x0, 0x0, 0x0, 0x0, 0x0, 0x0, 0x0, 0x4,
    0xef, 0xff, 0x50, 0x0, 0x0, 0x0, 0x0, 0x0,
    0x0, 0x0, 0x0, 0x0, 0x0, 0x0, 0x2d, 0xff,
    0xf5, 0x0, 0x0, 0x0, 0x0, 0x0, 0x0, 0x0,
    0x0, 0x0, 0x0, 0x0, 0x1, 0xdf, 0xf9, 0x0,
    0x0, 0x0, 0x0, 0x0, 0x0, 0x8a, 0xaa, 0xaa,
    0xaa, 0xaa, 0xaa, 0xcf, 0xea, 0xaa, 0xaa, 0xaa,
    0xaa, 0x20, 0x0, 0xcf, 0xff, 0xff, 0xff, 0xff,
    0xff, 0xff, 0xff, 0xff, 0xff, 0xff, 0xff, 0x20,
    0x0, 0xcf, 0xff, 0xff, 0xff, 0xff, 0xff, 0xff,
    0xff, 0xff, 0xff, 0xff, 0xff, 0x20, 0x0, 0x11,
    0x11, 0x11, 0x11, 0x11, 0x6f, 0xfc, 0x11, 0x11,
    0x11, 0x11, 0x11, 0x0, 0x0, 0x0, 0x0, 0x0,
    0x0, 0x0, 0x5f, 0xfc, 0x0, 0x0, 0x0, 0x0,
    0x0, 0x0, 0x0, 0x0, 0x0, 0x0, 0x0, 0x0,
    0x5f, 0xfc, 0x0, 0x0, 0x0, 0x0, 0x0, 0x0,
    0x0, 0x0, 0x0, 0x0, 0x0, 0x0, 0x5f, 0xfc,
    0x0, 0x0, 0x0, 0x0, 0x0, 0x0, 0x0, 0x0,
    0x0, 0x0, 0x0, 0x0, 0x5f, 0xfc, 0x0, 0x0,
    0x0, 0x0, 0x0, 0x0, 0x0, 0x0, 0x0, 0x0,
    0x0, 0x0, 0x5f, 0xfc, 0x0, 0x0, 0x0, 0x0,
    0x0, 0x0, 0x0, 0x3, 0xaa, 0xaa, 0xaa, 0xaa,
    0xcf, 0xfe, 0xaa, 0xaa, 0xaa, 0xaa, 0x90, 0x0,
    0x0, 0x5, 0xff, 0xff, 0xff, 0xff, 0xff, 0xff,
    0xff, 0xff, 0xff, 0xff, 0xd0, 0x0, 0x0, 0x5,
    0xff, 0xff, 0xff, 0xff, 0xff, 0xff, 0xff, 0xff,
    0xff, 0xff, 0xd0, 0x0, 0x0, 0x0, 0x0, 0x0,
    0x0, 0x0, 0x5f, 0xfc, 0x0, 0x0, 0x0, 0x0,
    0x0, 0x0, 0x0, 0x0, 0x0, 0x0, 0x0, 0x0,
    0x5f, 0xfc, 0x0, 0x0, 0x0, 0x0, 0x0, 0x0,
    0x0, 0x0, 0x0, 0x0, 0x0, 0x0, 0x5f, 0xfc,
    0x0, 0x0, 0x0, 0x0, 0x0, 0x0, 0x0, 0x0,
    0x0, 0x0, 0x0, 0x0, 0x5f, 0xfc, 0x0, 0x0,
    0x0, 0x0, 0x0, 0x0, 0x0, 0x0, 0x0, 0x0,
    0x0, 0x0, 0x5f, 0xfc, 0x0, 0x0, 0x0, 0x0,
    0x0, 0x0, 0x0, 0x0, 0x0, 0x0, 0x0, 0x0,
    0x5f, 0xfc, 0x0, 0x0, 0x0, 0x0, 0x0, 0x0,
    0x0, 0x0, 0x0, 0x0, 0x0, 0x0, 0x5f, 0xfc,
    0x0, 0x0, 0x0, 0x0, 0x0, 0x0, 0x2f, 0xff,
    0xff, 0xff, 0xff, 0xff, 0xff, 0xff, 0xff, 0xff,
    0xff, 0xff, 0xff, 0xfb, 0x2f, 0xff, 0xff, 0xff,
    0xff, 0xff, 0xff, 0xff, 0xff, 0xff, 0xff, 0xff,
    0xff, 0xfb, 0x1b, 0xbb, 0xbb, 0xbb, 0xbb, 0xbb,
    0xbb, 0xbb, 0xbb, 0xbb, 0xbb, 0xbb, 0xbb, 0xb8,

    /* U+4E60 "习" */
    0x1, 0x11, 0x11, 0x11, 0x11, 0x11, 0x11, 0x11,
    0x11, 0x11, 0x11, 0x11, 0x10, 0x9f, 0xff, 0xff,
    0xff, 0xff, 0xff, 0xff, 0xff, 0xff, 0xff, 0xff,
    0xfe, 0x9, 0xff, 0xff, 0xff, 0xff, 0xff, 0xff,
    0xff, 0xff, 0xff, 0xff, 0xff, 0xd0, 0x59, 0x99,
    0x99, 0x99, 0x99, 0x99, 0x99, 0x99, 0x99, 0x99,
    0x9f, 0xfd, 0x0, 0x0, 0x0, 0x0, 0x0, 0x0,
    0x0, 0x0, 0x0, 0x0, 0x0, 0xff, 0xd0, 0x0,
    0x0, 0x2, 0x0, 0x0, 0x0, 0x0, 0x0, 0x0,
    0x0, 0xf, 0xfd, 0x0, 0x0, 0x4, 0xfc, 0x20,
    0x0, 0x0, 0x0, 0x0, 0x0, 0x0, 0xff, 0xd0,
    0x0, 0x0, 0xdf, 0xff, 0x60, 0x0, 0x0, 0x0,
    0x0, 0x0, 0x1f, 0xfc, 0x0, 0x0, 0x1, 0xbf,
    0xff, 0xb1, 0x0, 0x0, 0x0, 0x0, 0x1, 0xff,
    0xc0, 0x0, 0x0, 0x0, 0x7f, 0xff, 0xe3, 0x0,
    0x0, 0x0, 0x0, 0x1f, 0xfc, 0x0, 0x0, 0x0,
    0x0, 0x3e, 0xff, 0xf6, 0x0, 0x0, 0x0, 0x2,
    0xff, 0xb0, 0x0, 0x0, 0x0, 0x0, 0x1c, 0xff,
    0xf3, 0x0, 0x0, 0x0, 0x2f, 0xfb, 0x0, 0x0,
    0x0, 0x0, 0x0, 0xa, 0xf7, 0x0, 0x0, 0x0,
    0x2, 0xff, 0xb0, 0x0, 0x0, 0x0, 0x0, 0x0,
    0x4, 0x0, 0x0, 0x1, 0x0, 0x3f, 0xfa, 0x0,
    0x0, 0x0, 0x0, 0x0, 0x0, 0x0, 0x2, 0x7d,
    0xf0, 0x4, 0xff, 0xa0, 0x0, 0x0, 0x0, 0x0,
    0x0, 0x2, 0x7d, 0xff, 0xff, 0x20, 0x4f, 0xf9,
    0x0, 0x0, 0x0, 0x0, 0x2, 0x7d, 0xff, 0xff,
    0xfe, 0x91, 0x5, 0xff, 0x80, 0x0, 0x0, 0x3,
    0x8d, 0xff, 0xff, 0xff, 0x94, 0x0, 0x0, 0x6f,
    0xf7, 0x0, 0x4, 0x9e, 0xff, 0xff, 0xff, 0xa5,
    0x0, 0x0, 0x0, 0x7, 0xff, 0x70, 0xaf, 0xff,
    0xff, 0xff, 0xb5, 0x0, 0x0, 0x0, 0x0, 0x0,
    0x8f, 0xf5, 0xb, 0xff, 0xff, 0xb6, 0x10, 0x0,
    0x0, 0x0, 0x0, 0x0, 0xa, 0xff, 0x40, 0x6f,
    0xc6, 0x10, 0x0, 0x0, 0x0, 0x0, 0x0, 0x0,
    0x0, 0xdf, 0xf1, 0x0, 0x20, 0x0, 0x0, 0x0,
    0x0, 0x0, 0x0, 0x0, 0x0, 0x3f, 0xfe, 0x0,
    0x0, 0x0, 0x0, 0x0, 0x0, 0x0, 0x4, 0xba,
    0xaa, 0xae, 0xff, 0xa0, 0x0, 0x0, 0x0, 0x0,
    0x0, 0x0, 0x0, 0xf, 0xff, 0xff, 0xff, 0xe2,
    0x0, 0x0, 0x0, 0x0, 0x0, 0x0, 0x0, 0x0,
    0xbf, 0xff, 0xfd, 0xa2, 0x0, 0x0, 0x0, 0x0,
    0x0, 0x0, 0x0, 0x0, 0x0, 0x0, 0x0, 0x0,
    0x0, 0x0,

    /* U+4E8C "二" */
    0x0, 0x0, 0x11, 0x11, 0x11, 0x11, 0x11, 0x11,
    0x11, 0x11, 0x11, 0x11, 0x10, 0x0, 0x0, 0x9,
    0xff, 0xff, 0xff, 0xff, 0xff, 0xff, 0xff, 0xff,
    0xff, 0xff, 0xf1, 0x0, 0x0, 0x9, 0xff, 0xff,
    0xff, 0xff, 0xff, 0xff, 0xff, 0xff, 0xff, 0xff,
    0xf1, 0x0, 0x0, 0x9, 0xff, 0xff, 0xff, 0xff,
    0xff, 0xff, 0xff, 0xff, 0xff, 0xff, 0xf1, 0x0,
    0x0, 0x0, 0x0, 0x0, 0x0, 0x0, 0x0, 0x0,
    0x0, 0x0, 0x0, 0x0, 0x0, 0x0, 0x0, 0x0,
    0x0, 0x0, 0x0, 0x0, 0x0, 0x0, 0x0, 0x0,
    0x0, 0x0, 0x0, 0x0, 0x0, 0x0, 0x0, 0x0,
    0x0, 0x0, 0x0, 0x0, 0x0, 0x0, 0x0, 0x0,
    0x0, 0x0, 0x0, 0x0, 0x0, 0x0, 0x0, 0x0,
    0x0, 0x0, 0x0, 0x0, 0x0, 0x0, 0x0, 0x0,
    0x0, 0x0, 0x0, 0x0, 0x0, 0x0, 0x0, 0x0,
    0x0, 0x0, 0x0, 0x0, 0x0, 0x0, 0x0, 0x0,
    0x0, 0x0, 0x0, 0x0, 0x0, 0x0, 0x0, 0x0,
    0x0, 0x0, 0x0, 0x0, 0x0, 0x0, 0x0, 0x0,
    0x0, 0x0, 0x0, 0x0, 0x0, 0x0, 0x0, 0x0,
    0x0, 0x0, 0x0, 0x0, 0x0, 0x0, 0x0, 0x0,
    0x0, 0x0, 0x0, 0x0, 0x0, 0x0, 0x0, 0x0,
    0x0, 0x0, 0x0, 0x0, 0x0, 0x0, 0x0, 0x0,
    0x0, 0x0, 0x0, 0x0, 0x0, 0x0, 0x0, 0x0,
    0x0, 0x0, 0x0, 0x0, 0x0, 0x0, 0x0, 0x0,
    0x0, 0x0, 0x0, 0x0, 0x0, 0x0, 0x0, 0x0,
    0x0, 0x0, 0x0, 0x0, 0x0, 0x0, 0x0, 0x0,
    0x0, 0x0, 0x0, 0x0, 0x0, 0x0, 0x0, 0x0,
    0x0, 0x0, 0x0, 0x0, 0x0, 0x0, 0x0, 0x0,
    0x0, 0x0, 0x0, 0x0, 0x0, 0x0, 0x0, 0x0,
    0x0, 0x0, 0x0, 0x0, 0x0, 0x0, 0x0, 0x0,
    0x0, 0x0, 0x0, 0x0, 0x0, 0x0, 0x0, 0x0,
    0x0, 0x0, 0x0, 0x0, 0x4, 0x44, 0x44, 0x44,
    0x44, 0x44, 0x44, 0x44, 0x44, 0x44, 0x44, 0x44,
    0x44, 0x42, 0x1f, 0xff, 0xff, 0xff, 0xff, 0xff,
    0xff, 0xff, 0xff, 0xff, 0xff, 0xff, 0xff, 0xf9,
    0x1f, 0xff, 0xff, 0xff, 0xff, 0xff, 0xff, 0xff,
    0xff, 0xff, 0xff, 0xff, 0xff, 0xf9, 0x1f, 0xff,
    0xff, 0xff, 0xff, 0xff, 0xff, 0xff, 0xff, 0xff,
    0xff, 0xff, 0xff, 0xf9,

    /* U+4E8E "于" */
    0x0, 0x0, 0x0, 0x0, 0x0, 0x0, 0x0, 0x0,
    0x0, 0x0, 0x0, 0x0, 0x0, 0x0, 0x0, 0x1f,
    0xff, 0xff, 0xff, 0xff, 0xff, 0xff, 0xff, 0xff,
    0xff, 0xff, 0xf9, 0x0, 0x0, 0x1f, 0xff, 0xff,
    0xff, 0xff, 0xff, 0xff, 0xff, 0xff, 0xff, 0xff,
    0xf9, 0x0, 0x0, 0x1c, 0xcc, 0xcc, 0xcc, 0xcc,
    0xcf, 0xff, 0xcc, 0xcc, 0xcc, 0xcc, 0xc7, 0x0,
    0x0, 0x0, 0x0, 0x0, 0x0, 0x0, 0xf, 0xff,
    0x0, 0x0, 0x0, 0x0, 0x0, 0x0, 0x0, 0x0,
    0x0, 0x0, 0x0, 0x0, 0xf, 0xff, 0x0, 0x0,
    0x0, 0x0, 0x0, 0x0, 0x0, 0x0, 0x0, 0x0,
    0x0, 0x0, 0xf, 0xff, 0x0, 0x0, 0x0, 0x0,
    0x0, 0x0, 0x0, 0x0, 0x0, 0x0, 0x0, 0x0,
    0xf, 0xff, 0x0, 0x0, 0x0, 0x0, 0x0, 0x0,
    0x0, 0x0, 0x0, 0x0, 0x0, 0x0, 0xf, 0xff,
    0x0, 0x0, 0x0, 0x0, 0x0, 0x0, 0x0, 0x0,
    0x0, 0x0, 0x0, 0x0, 0xf, 0xff, 0x0, 0x0,
    0x0, 0x0, 0x0, 0x0, 0x2b, 0xbb, 0xbb, 0xbb,
    0xbb, 0xbb, 0xbf, 0xff, 0xbb, 0xbb, 0xbb, 0xbb,
    0xbb, 0xb7, 0x2f, 0xff, 0xff, 0xff, 0xff, 0xff,
    0xff, 0xff, 0xff, 0xff, 0xff, 0xff, 0xff, 0xfa,
    0x2f, 0xff, 0xff, 0xff, 0xff, 0xff, 0xff, 0xff,
    0xff, 0xff, 0xff, 0xff, 0xff, 0xfa, 0x1, 0x11,
    0x11, 0x11, 0x11, 0x11, 0x1f, 0xff, 0x11, 0x11,
    0x11, 0x11, 0x11, 0x10, 0x0, 0x0, 0x0, 0x0,
    0x0, 0x0, 0xf, 0xff, 0x0, 0x0, 0x0, 0x0,
    0x0, 0x0, 0x0, 0x0, 0x0, 0x0, 0x0, 0x0,
    0xf, 0xff, 0x0, 0x0, 0x0, 0x0, 0x0, 0x0,
    0x0, 0x0, 0x0, 0x0, 0x0, 0x0, 0xf, 0xff,
    0x0, 0x0, 0x0, 0x0, 0x0, 0x0, 0x0, 0x0,
    0x0, 0x0, 0x0, 0x0, 0xf, 0xff, 0x0, 0x0,
    0x0, 0x0, 0x0, 0x0, 0x0, 0x0, 0x0, 0x0,
    0x0, 0x0, 0xf, 0xff, 0x0, 0x0, 0x0, 0x0,
    0x0, 0x0, 0x0, 0x0, 0x0, 0x0, 0x0, 0x0,
    0xf, 0xff, 0x0, 0x0, 0x0, 0x0, 0x0, 0x0,
    0x0, 0x0, 0x0, 0x0, 0x0, 0x0, 0xf, 0xff,
    0x0, 0x0, 0x0, 0x0, 0x0, 0x0, 0x0, 0x0,
    0x0, 0x0, 0x0, 0x0, 0xf, 0xff, 0x0, 0x0,
    0x0, 0x0, 0x0, 0x0, 0x0, 0x0, 0x0, 0x0,
    0x0, 0x0, 0x1f, 0xff, 0x0, 0x0, 0x0, 0x0,
    0x0, 0x0, 0x0, 0x0, 0x0, 0x1e, 0xee, 0xee,
    0xff, 0xfe, 0x0, 0x0, 0x0, 0x0, 0x0, 0x0,
    0x0, 0x0, 0x0, 0x9, 0xff, 0xff, 0xff, 0xf8,
    0x0, 0x0, 0x0, 0x0, 0x0, 0x0, 0x0, 0x0,
    0x0, 0x4, 0xff, 0xff, 0xda, 0x50, 0x0, 0x0,
    0x0, 0x0, 0x0, 0x0, 0x0, 0x0, 0x0, 0x0,
    0x0, 0x0, 0x0, 0x0, 0x0, 0x0, 0x0, 0x0,
    0x0, 0x0,

    /* U+4EA7 "产" */
    0x0, 0x0, 0x0, 0x0, 0x0, 0x0, 0x0, 0x32,
    0x0, 0x0, 0x0, 0x0, 0x0, 0x0, 0x0, 0x0,
    0x0, 0x0, 0x0, 0x0, 0x5f, 0xfd, 0x0, 0x0,
    0x0, 0x0, 0x0, 0x0, 0x0, 0x0, 0x0, 0x0,
    0x0, 0x0, 0xe, 0xff, 0x80, 0x0, 0x0, 0x0,
    0x0, 0x0, 0x0, 0x0, 0x0, 0x0, 0x0, 0x0,
    0x5, 0xff, 0xf1, 0x0, 0x0, 0x0, 0x0, 0x0,
    0x0, 0xe, 0xff, 0xff, 0xff, 0xff, 0xff, 0xff,
    0xff, 0xff, 0xff, 0xff, 0xff, 0xf1, 0x0, 0xe,
    0xff, 0xff, 0xff, 0xff, 0xff, 0xff, 0xff, 0xff,
    0xff, 0xff, 0xff, 0xf1, 0x0, 0xb, 0xbb, 0xbb,
    0xbc, 0xcb, 0xbb, 0xbb, 0xbb, 0xbb, 0xcb, 0xbb,
    0xbb, 0xb1, 0x0, 0x0, 0x0, 0x1, 0x8e, 0x70,
    0x0, 0x0, 0x0, 0x0, 0xda, 0x40, 0x0, 0x0,
    0x0, 0x0, 0x0, 0x1, 0xff, 0xf3, 0x0, 0x0,
    0x0, 0x5, 0xff, 0xf2, 0x0, 0x0, 0x0, 0x0,
    0x0, 0x0, 0x6f, 0xfc, 0x0, 0x0, 0x0, 0xb,
    0xff, 0x70, 0x0, 0x0, 0x0, 0x0, 0x0, 0x0,
    0xd, 0xff, 0x50, 0x0, 0x0, 0x4f, 0xfd, 0x0,
    0x0, 0x0, 0x0, 0x0, 0x0, 0x0, 0x5, 0xe8,
    0x10, 0x0, 0x0, 0xcf, 0xf3, 0x0, 0x0, 0x0,
    0x0, 0x9, 0xff, 0xff, 0xff, 0xff, 0xff, 0xff,
    0xff, 0xff, 0xff, 0xff, 0xff, 0xfd, 0x0, 0x9,
    0xff, 0xff, 0xff, 0xff, 0xff, 0xff, 0xff, 0xff,
    0xff, 0xff, 0xff, 0xfd, 0x0, 0x9, 0xff, 0xdb,
    0xbb, 0xbb, 0xbb, 0xbb, 0xbb, 0xbb, 0xbb, 0xbb,
    0xbb, 0xb9, 0x0, 0x9, 0xff, 0x50, 0x0, 0x0,
    0x0, 0x0, 0x0, 0x0, 0x0, 0x0, 0x0, 0x0,
    0x0, 0x9, 0xff, 0x50, 0x0, 0x0, 0x0, 0x0,
    0x0, 0x0, 0x0, 0x0, 0x0, 0x0, 0x0, 0xa,
    0xff, 0x50, 0x0, 0x0, 0x0, 0x0, 0x0, 0x0,
    0x0, 0x0, 0x0, 0x0, 0x0, 0xa, 0xff, 0x40,
    0x0, 0x0, 0x0, 0x0, 0x0, 0x0, 0x0, 0x0,
    0x0, 0x0, 0x0, 0xc, 0xff, 0x30, 0x0, 0x0,
    0x0, 0x0, 0x0, 0x0, 0x0, 0x0, 0x0, 0x0,
    0x0, 0xe, 0xff, 0x0, 0x0, 0x0, 0x0, 0x0,
    0x0, 0x0, 0x0, 0x0, 0x0, 0x0, 0x0, 0xf,
    0xfe, 0x0, 0x0, 0x0, 0x0, 0x0, 0x0, 0x0,
    0x0, 0x0, 0x0, 0x0, 0x0, 0x5f, 0xfc, 0x0,
    0x0, 0x0, 0x0, 0x0, 0x0, 0x0, 0x0, 0x0,
    0x0, 0x0, 0x0, 0x9f, 0xf7, 0x0, 0x0, 0x0,
    0x0, 0x0, 0x0, 0x0, 0x0, 0x0, 0x0, 0x0,
    0x0, 0xef, 0xf2, 0x0, 0x0, 0x0, 0x0, 0x0,
    0x0, 0x0, 0x0, 0x0, 0x0, 0x0, 0x8, 0xff,
    0xe0, 0x0, 0x0, 0x0, 0x0, 0x0, 0x0, 0x0,
    0x0, 0x0, 0x0, 0x0, 0xf, 0xff, 0x60, 0x0,
    0x0, 0x0, 0x0, 0x0, 0x0, 0x0, 0x0, 0x0,
    0x0, 0x0, 0x5, 0xfd, 0x0, 0x0, 0x0, 0x0,
    0x0, 0x0, 0x0, 0x0, 0x0, 0x0, 0x0, 0x0,
    0x0, 0x34, 0x0, 0x0, 0x0, 0x0, 0x0, 0x0,
    0x0, 0x0, 0x0, 0x0, 0x0, 0x0,

    /* U+4EAE "亮" */
    0x0, 0x0, 0x0, 0x0, 0x0, 0x1, 0x69, 0x70,
    0x0, 0x0, 0x0, 0x0, 0x0, 0x0, 0x0, 0x0,
    0x0, 0x0, 0x0, 0x2, 0xff, 0xf2, 0x0, 0x0,
    0x0, 0x0, 0x0, 0x0, 0x0, 0x0, 0x0, 0x0,
    0x0, 0x0, 0xaf, 0xf9, 0x0, 0x0, 0x0, 0x0,
    0x0, 0x0, 0x8f, 0xff, 0xff, 0xff, 0xff, 0xff,
    0xff, 0xff, 0xff, 0xff, 0xff, 0xff, 0xff, 0xf1,
    0x8f, 0xff, 0xff, 0xff, 0xff, 0xff, 0xff, 0xff,
    0xff, 0xff, 0xff, 0xff, 0xff, 0xf1, 0x36, 0x66,
    0x66, 0x66, 0x66, 0x66, 0x66, 0x66, 0x66, 0x66,
    0x66, 0x66, 0x66, 0x60, 0x0, 0x0, 0x0, 0x0,
    0x0, 0x0, 0x0, 0x0, 0x0, 0x0, 0x0, 0x0,
    0x0, 0x0, 0x0, 0x0, 0x4e, 0xee, 0xee, 0xee,
    0xee, 0xee, 0xee, 0xee, 0xee, 0xe0, 0x0, 0x0,
    0x0, 0x0, 0x5f, 0xff, 0xff, 0xff, 0xff, 0xff,
    0xff, 0xff, 0xff, 0xf0, 0x0, 0x0, 0x0, 0x0,
    0x5f, 0xf8, 0x0, 0x0, 0x0, 0x0, 0x0, 0x0,
    0xef, 0xf0, 0x0, 0x0, 0x0, 0x0, 0x5f, 0xf7,
    0x0, 0x0, 0x0, 0x0, 0x0, 0x0, 0xef, 0xf0,
    0x0, 0x0, 0x0, 0x0, 0x5f, 0xfe, 0xdd, 0xdd,
    0xdd, 0xdd, 0xdd, 0xdd, 0xff, 0xf0, 0x0, 0x0,
    0x0, 0x0, 0x5f, 0xff, 0xff, 0xff, 0xff, 0xff,
    0xff, 0xff, 0xff, 0xf0, 0x0, 0x0, 0x0, 0x0,
    0x0, 0x0, 0x0, 0x0, 0x0, 0x0, 0x0, 0x0,
    0x0, 0x0, 0x0, 0x0, 0x2, 0x22, 0x22, 0x22,
    0x22, 0x22, 0x22, 0x22, 0x22, 0x22, 0x22, 0x22,
    0x22, 0x10, 0x1f, 0xff, 0xff, 0xff, 0xff, 0xff,
    0xff, 0xff, 0xff, 0xff, 0xff, 0xff, 0xff, 0xa0,
    0x1f, 0xff, 0xff, 0xff, 0xff, 0xff, 0xff, 0xff,
    0xff, 0xff, 0xff, 0xff, 0xff, 0xa0, 0x1f, 0xf9,
    0x0, 0x0, 0x0, 0x0, 0x0, 0x0, 0x0, 0x0,
    0x0, 0x3, 0xff, 0xa0, 0x1f, 0xf8, 0x0, 0x1,
    0x33, 0x33, 0x33, 0x33, 0x33, 0x33, 0x0, 0x2,
    0xff, 0xa0, 0x1f, 0xf8, 0x0, 0x8, 0xff, 0xff,
    0xff, 0xff, 0xff, 0xfe, 0x0, 0x2, 0xff, 0xa0,
    0x2, 0x21, 0x0, 0xa, 0xff, 0xff, 0xff, 0xff,
    0xff, 0xfe, 0x0, 0x0, 0x22, 0x10, 0x0, 0x0,
    0x0, 0xc, 0xff, 0x42, 0x22, 0x22, 0x3f, 0xfe,
    0x0, 0x0, 0x0, 0x0, 0x0, 0x0, 0x0, 0x3f,
    0xfe, 0x0, 0x0, 0x0, 0x1f, 0xfe, 0x0, 0x0,
    0x32, 0x0, 0x0, 0x0, 0x0, 0xbf, 0xfa, 0x0,
    0x0, 0x0, 0x1f, 0xfe, 0x0, 0x0, 0x7f, 0xc0,
    0x0, 0x0, 0x1a, 0xff, 0xf2, 0x0, 0x0, 0x0,
    0x1f, 0xfe, 0x0, 0x0, 0x9f, 0xf0, 0x1, 0x5a,
    0xff, 0xff, 0x60, 0x0, 0x0, 0x0, 0xf, 0xff,
    0x97, 0x77, 0xef, 0xd0, 0x4f, 0xff, 0xff, 0xe5,
    0x0, 0x0, 0x0, 0x0, 0xc, 0xff, 0xff, 0xff,
    0xff, 0x70, 0x9, 0xff, 0xd7, 0x0, 0x0, 0x0,
    0x0, 0x0, 0x2, 0xbe, 0xff, 0xff, 0xe9, 0x0,
    0x1, 0x51, 0x0, 0x0, 0x0, 0x0, 0x0, 0x0,
    0x0, 0x0, 0x0, 0x0, 0x0, 0x0,

    /* U+4EC5 "仅" */
    0x0, 0x0, 0x0, 0x0, 0x0, 0x0, 0x0, 0x0,
    0x0, 0x0, 0x0, 0x0, 0x0, 0x0, 0x0, 0x0,
    0x0, 0x0, 0x0, 0xdb, 0x60, 0x0, 0x0, 0x0,
    0x0, 0x0, 0x0, 0x0, 0x0, 0x0, 0x0, 0x0,
    0x0, 0x5, 0xff, 0xe0, 0x0, 0x0, 0x0, 0x0,
    0x0, 0x0, 0x0, 0x0, 0x0, 0x0, 0x0, 0x0,
    0xc, 0xff, 0x70, 0x0, 0x0, 0x0, 0x0, 0x0,
    0x0, 0x1, 0x0, 0x0, 0x0, 0x0, 0x0, 0x4f,
    0xff, 0xf, 0xff, 0xff, 0xff, 0xff, 0xff, 0xff,
    0xff, 0xe5, 0x0, 0x0, 0x0, 0x0, 0xdf, 0xf7,
    0xf, 0xff, 0xff, 0xff, 0xff, 0xff, 0xff, 0xff,
    0xf5, 0x0, 0x0, 0x0, 0x7, 0xff, 0xe0, 0xa,
    0xef, 0xd9, 0x99, 0x99, 0x99, 0x99, 0xdf, 0xf2,
    0x0, 0x0, 0x0, 0x1f, 0xff, 0x60, 0x0, 0xff,
    0xc0, 0x0, 0x0, 0x0, 0x0, 0xdf, 0xe0, 0x0,
    0x0, 0x0, 0xcf, 0xff, 0x10, 0x0, 0xbf, 0xf1,
    0x0, 0x0, 0x0, 0x1, 0xff, 0xb0, 0x0, 0x0,
    0x8, 0xff, 0xff, 0x10, 0x0, 0x7f, 0xf6, 0x0,
    0x0, 0x0, 0x6, 0xff, 0x70, 0x0, 0x0, 0x5f,
    0xff, 0xff, 0x10, 0x0, 0x2f, 0xfb, 0x0, 0x0,
    0x0, 0xb, 0xff, 0x10, 0x0, 0x4, 0xff, 0xff,
    0xff, 0x10, 0x0, 0xc, 0xff, 0x10, 0x0, 0x0,
    0x1f, 0xfc, 0x0, 0x0, 0x3f, 0xff, 0xed, 0xff,
    0x10, 0x0, 0x7, 0xff, 0x50, 0x0, 0x0, 0x7f,
    0xf7, 0x0, 0x0, 0xe, 0xff, 0x3b, 0xff, 0x10,
    0x0, 0x1, 0xff, 0xd0, 0x0, 0x0, 0xef, 0xf1,
    0x0, 0x0, 0x5, 0xf4, 0xb, 0xff, 0x10, 0x0,
    0x0, 0xaf, 0xf6, 0x0, 0x7, 0xff, 0x90, 0x0,
    0x0, 0x0, 0x40, 0xb, 0xff, 0x10, 0x0, 0x0,
    0x3f, 0xfe, 0x0, 0x1e, 0xff, 0x20, 0x0, 0x0,
    0x0, 0x0, 0xb, 0xff, 0x10, 0x0, 0x0, 0xb,
    0xff, 0x70, 0xaf, 0xf9, 0x0, 0x0, 0x0, 0x0,
    0x0, 0xb, 0xff, 0x10, 0x0, 0x0, 0x3, 0xff,
    0xf6, 0xff, 0xf1, 0x0, 0x0, 0x0, 0x0, 0x0,
    0xb, 0xff, 0x10, 0x0, 0x0, 0x0, 0x9f, 0xff,
    0xff, 0x50, 0x0, 0x0, 0x0, 0x0, 0x0, 0xb,
    0xff, 0x10, 0x0, 0x0, 0x0, 0xe, 0xff, 0xfb,
    0x0, 0x0, 0x0, 0x0, 0x0, 0x0, 0xb, 0xff,
    0x10, 0x0, 0x0, 0x0, 0xc, 0xff, 0xf7, 0x0,
    0x0, 0x0, 0x0, 0x0, 0x0, 0xb, 0xff, 0x10,
    0x0, 0x0, 0x1, 0xcf, 0xff, 0xff, 0x90, 0x0,
    0x0, 0x0, 0x0, 0x0, 0xb, 0xff, 0x10, 0x0,
    0x0, 0x3e, 0xff, 0xea, 0xff, 0xfb, 0x0, 0x0,
    0x0, 0x0, 0x0, 0xb, 0xff, 0x10, 0x0, 0x8,
    0xff, 0xfc, 0x10, 0x6f, 0xff, 0xd4, 0x0, 0x0,
    0x0, 0x0, 0xb, 0xff, 0x10, 0x6, 0xef, 0xff,
    0xa0, 0x0, 0x4, 0xff, 0xff, 0xc4, 0x0, 0x0,
    0x0, 0xb, 0xff, 0x17, 0xef, 0xff, 0xf6, 0x0,
    0x0, 0x0, 0x2c, 0xff, 0xff, 0xc0, 0x0, 0x0,
    0xb, 0xff, 0x15, 0xff, 0xf8, 0x10, 0x0, 0x0,
    0x0, 0x0, 0x5d, 0xff, 0x60, 0x0, 0x0, 0xb,
    0xff, 0x10, 0x99, 0x10, 0x0, 0x0, 0x0, 0x0,
    0x0, 0x0, 0x59, 0x0,

    /* U+4ECD "仍" */
    0x0, 0x0, 0x0, 0x0, 0x0, 0x0, 0x0, 0x0,
    0x0, 0x0, 0x0, 0x0, 0x0, 0x0, 0x0, 0x0,
    0x0, 0x8c, 0x71, 0x0, 0x0, 0x0, 0x0, 0x0,
    0x0, 0x0, 0x0, 0x0, 0x0, 0x0, 0x0, 0xef,
    0xe0, 0x0, 0x0, 0x0, 0x0, 0x0, 0x0, 0x0,
    0x0, 0x0, 0x0, 0x0, 0x4, 0xff, 0x82, 0xff,
    0xff, 0xff, 0xff, 0xff, 0xff, 0xff, 0x30, 0x0,
    0x0, 0x0, 0xa, 0xff, 0x22, 0xff, 0xff, 0xff,
    0xff, 0xff, 0xff, 0xff, 0x0, 0x0, 0x0, 0x0,
    0x1f, 0xfc, 0x1, 0x88, 0x8f, 0xff, 0x88, 0x88,
    0x8f, 0xfc, 0x0, 0x0, 0x0, 0x0, 0x9f, 0xf6,
    0x0, 0x0, 0xf, 0xfe, 0x0, 0x0, 0x1f, 0xf9,
    0x0, 0x0, 0x0, 0x1, 0xff, 0xf0, 0x0, 0x0,
    0xf, 0xfd, 0x0, 0x0, 0x4f, 0xf6, 0x0, 0x0,
    0x0, 0x9, 0xff, 0xe0, 0x0, 0x0, 0x1f, 0xfc,
    0x0, 0x0, 0x7f, 0xf2, 0x0, 0x0, 0x0, 0x3f,
    0xff, 0xe0, 0x0, 0x0, 0x1f, 0xfc, 0x0, 0x0,
    0xaf, 0xf0, 0x0, 0x0, 0x0, 0xdf, 0xff, 0xe0,
    0x0, 0x0, 0x2f, 0xfb, 0x0, 0x0, 0xef, 0xb0,
    0x0, 0x0, 0x9, 0xff, 0xff, 0xe0, 0x0, 0x0,
    0x3f, 0xfa, 0x0, 0x1, 0xff, 0xd9, 0x99, 0x99,
    0x3f, 0xff, 0xff, 0xe0, 0x0, 0x0, 0x5f, 0xf8,
    0x0, 0x5, 0xff, 0xff, 0xff, 0xfd, 0xe, 0xf8,
    0xcf, 0xe0, 0x0, 0x0, 0x7f, 0xf6, 0x0, 0x8,
    0xff, 0xff, 0xff, 0xfc, 0x6, 0xc0, 0xcf, 0xe0,
    0x0, 0x0, 0x9f, 0xf4, 0x0, 0x0, 0x0, 0x0,
    0xf, 0xfc, 0x0, 0x20, 0xcf, 0xe0, 0x0, 0x0,
    0xbf, 0xf2, 0x0, 0x0, 0x0, 0x0, 0x1f, 0xfb,
    0x0, 0x0, 0xcf, 0xe0, 0x0, 0x0, 0xdf, 0xf0,
    0x0, 0x0, 0x0, 0x0, 0x2f, 0xfa, 0x0, 0x0,
    0xcf, 0xe0, 0x0, 0x0, 0xff, 0xd0, 0x0, 0x0,
    0x0, 0x0, 0x3f, 0xf9, 0x0, 0x0, 0xcf, 0xe0,
    0x0, 0x4, 0xff, 0xa0, 0x0, 0x0, 0x0, 0x0,
    0x4f, 0xf7, 0x0, 0x0, 0xcf, 0xe0, 0x0, 0x8,
    0xff, 0x60, 0x0, 0x0, 0x0, 0x0, 0x5f, 0xf6,
    0x0, 0x0, 0xcf, 0xe0, 0x0, 0xe, 0xff, 0x20,
    0x0, 0x0, 0x0, 0x0, 0x7f, 0xf5, 0x0, 0x0,
    0xcf, 0xe0, 0x0, 0x4f, 0xfc, 0x0, 0x0, 0x0,
    0x0, 0x0, 0x8f, 0xf3, 0x0, 0x0, 0xcf, 0xe0,
    0x0, 0xbf, 0xf6, 0x0, 0x0, 0x0, 0x0, 0x0,
    0xbf, 0xf1, 0x0, 0x0, 0xcf, 0xe0, 0x4, 0xff,
    0xf0, 0x0, 0x0, 0x0, 0x0, 0x0, 0xef, 0xf0,
    0x0, 0x0, 0xcf, 0xe0, 0xd, 0xff, 0x70, 0x0,
    0x0, 0x0, 0x0, 0x4, 0xff, 0xc0, 0x0, 0x0,
    0xcf, 0xe0, 0xbf, 0xfe, 0x0, 0x0, 0x0, 0x7b,
    0xaa, 0xaf, 0xff, 0x80, 0x0, 0x0, 0xcf, 0xe2,
    0xef, 0xf4, 0x0, 0x0, 0x0, 0x3f, 0xff, 0xff,
    0xfe, 0x10, 0x0, 0x0, 0xcf, 0xe0, 0x1e, 0x70,
    0x0, 0x0, 0x0, 0xe, 0xff, 0xff, 0xb2, 0x0,
    0x0, 0x0, 0x23, 0x20, 0x1, 0x0, 0x0, 0x0,
    0x0, 0x0, 0x0, 0x0, 0x0, 0x0,

    /* U+4ED8 "付" */
    0x0, 0x0, 0x0, 0x0, 0x10, 0x0, 0x0, 0x0,
    0x0, 0x0, 0x0, 0x0, 0x0, 0x0, 0x0, 0x0,
    0x0, 0x0, 0xf, 0xd8, 0x0, 0x0, 0x0, 0x0,
    0x0, 0xf, 0xfe, 0x0, 0x0, 0x0, 0x0, 0x0,
    0x6, 0xff, 0xc0, 0x0, 0x0, 0x0, 0x0, 0x0,
    0xff, 0xe0, 0x0, 0x0, 0x0, 0x0, 0x0, 0xdf,
    0xf5, 0x0, 0x0, 0x0, 0x0, 0x0, 0xf, 0xfe,
    0x0, 0x0, 0x0, 0x0, 0x0, 0x5f, 0xfe, 0x0,
    0x0, 0x0, 0x0, 0x0, 0x0, 0xff, 0xe0, 0x0,
    0x0, 0x0, 0x0, 0xd, 0xff, 0x60, 0x0, 0x0,
    0x0, 0x0, 0x0, 0xf, 0xfe, 0x0, 0x0, 0x0,
    0x0, 0x7, 0xff, 0xd0, 0x0, 0x0, 0x0, 0x0,
    0x0, 0x0, 0xff, 0xe0, 0x0, 0x0, 0x0, 0x1,
    0xff, 0xf6, 0xb, 0xcc, 0xcc, 0xcc, 0xcc, 0xcc,
    0xcf, 0xff, 0xcc, 0xc5, 0x0, 0x0, 0xbf, 0xff,
    0x10, 0xef, 0xff, 0xff, 0xff, 0xff, 0xff, 0xff,
    0xff, 0xff, 0x70, 0x0, 0x7f, 0xff, 0xf1, 0xe,
    0xff, 0xff, 0xff, 0xff, 0xff, 0xff, 0xff, 0xff,
    0xf7, 0x0, 0x4f, 0xff, 0xff, 0x10, 0x0, 0x0,
    0x0, 0x0, 0x0, 0x1, 0xff, 0xe0, 0x0, 0x0,
    0x3f, 0xff, 0xff, 0xf1, 0x0, 0x0, 0x0, 0x0,
    0x0, 0x0, 0xf, 0xfe, 0x0, 0x0, 0xe, 0xff,
    0xfe, 0xff, 0x10, 0x0, 0x1, 0x10, 0x0, 0x0,
    0x0, 0xff, 0xe0, 0x0, 0x0, 0x8f, 0xf4, 0xcf,
    0xf1, 0x0, 0x8, 0xfb, 0x0, 0x0, 0x0, 0xf,
    0xfe, 0x0, 0x0, 0x0, 0xe5, 0xc, 0xff, 0x10,
    0x0, 0xdf, 0xf6, 0x0, 0x0, 0x0, 0xff, 0xe0,
    0x0, 0x0, 0x1, 0x0, 0xcf, 0xf1, 0x0, 0x3,
    0xff, 0xf1, 0x0, 0x0, 0xf, 0xfe, 0x0, 0x0,
    0x0, 0x0, 0xc, 0xff, 0x10, 0x0, 0x9, 0xff,
    0xb0, 0x0, 0x0, 0xff, 0xe0, 0x0, 0x0, 0x0,
    0x0, 0xcf, 0xf1, 0x0, 0x0, 0x1e, 0xff, 0x50,
    0x0, 0xf, 0xfe, 0x0, 0x0, 0x0, 0x0, 0xc,
    0xff, 0x10, 0x0, 0x0, 0x6f, 0xfe, 0x0, 0x0,
    0xff, 0xe0, 0x0, 0x0, 0x0, 0x0, 0xcf, 0xf1,
    0x0, 0x0, 0x0, 0xdf, 0xf5, 0x0, 0xf, 0xfe,
    0x0, 0x0, 0x0, 0x0, 0xc, 0xff, 0x10, 0x0,
    0x0, 0x5, 0xa2, 0x0, 0x0, 0xff, 0xe0, 0x0,
    0x0, 0x0, 0x0, 0xcf, 0xf1, 0x0, 0x0, 0x0,
    0x0, 0x0, 0x0, 0xf, 0xfe, 0x0, 0x0, 0x0,
    0x0, 0xc, 0xff, 0x10, 0x0, 0x0, 0x0, 0x0,
    0x0, 0x0, 0xff, 0xe0, 0x0, 0x0, 0x0, 0x0,
    0xcf, 0xf1, 0x0, 0x0, 0x0, 0x0, 0x0, 0x0,
    0xf, 0xfe, 0x0, 0x0, 0x0, 0x0, 0xc, 0xff,
    0x10, 0x0, 0x0, 0x0, 0x0, 0x0, 0x1, 0xff,
    0xe0, 0x0, 0x0, 0x0, 0x0, 0xcf, 0xf1, 0x0,
    0x0, 0x0, 0x7d, 0xcc, 0xcc, 0xef, 0xfc, 0x0,
    0x0, 0x0, 0x0, 0xc, 0xff, 0x10, 0x0, 0x0,
    0x2, 0xff, 0xff, 0xff, 0xff, 0x70, 0x0, 0x0,
    0x0, 0x0, 0xad, 0xd1, 0x0, 0x0, 0x0, 0xc,
    0xff, 0xfe, 0xda, 0x50, 0x0, 0x0,

    /* U+4EEC "们" */
    0x0, 0x0, 0x0, 0x0, 0x0, 0x0, 0x0, 0x0,
    0x0, 0x0, 0x0, 0x0, 0x0, 0x0, 0x0, 0x0,
    0x0, 0xaa, 0x60, 0x1, 0x9c, 0x0, 0x0, 0x0,
    0x0, 0x0, 0x0, 0x0, 0x0, 0x0, 0x1, 0xff,
    0xd0, 0x8, 0xff, 0x80, 0xc, 0xff, 0xff, 0xff,
    0xff, 0xfd, 0x0, 0x0, 0x6, 0xff, 0x60, 0x0,
    0xcf, 0xf4, 0xc, 0xff, 0xff, 0xff, 0xff, 0xfd,
    0x0, 0x0, 0xb, 0xff, 0x0, 0x0, 0x2f, 0xfe,
    0x16, 0x88, 0x88, 0x88, 0x8f, 0xfd, 0x0, 0x0,
    0x2f, 0xf9, 0x0, 0x0, 0x6, 0xff, 0x90, 0x0,
    0x0, 0x0, 0xf, 0xfd, 0x0, 0x0, 0x9f, 0xf2,
    0x0, 0x77, 0x50, 0xcd, 0x40, 0x0, 0x0, 0x0,
    0xf, 0xfd, 0x0, 0x1, 0xff, 0xc0, 0x1, 0xff,
    0xa0, 0x10, 0x0, 0x0, 0x0, 0x0, 0xf, 0xfd,
    0x0, 0x9, 0xff, 0xb0, 0x1, 0xff, 0xa0, 0x0,
    0x0, 0x0, 0x0, 0x0, 0xf, 0xfd, 0x0, 0x2f,
    0xff, 0xb0, 0x1, 0xff, 0xa0, 0x0, 0x0, 0x0,
    0x0, 0x0, 0xf, 0xfd, 0x0, 0xcf, 0xff, 0xb0,
    0x1, 0xff, 0xa0, 0x0, 0x0, 0x0, 0x0, 0x0,
    0xf, 0xfd, 0x8, 0xff, 0xff, 0xb0, 0x1, 0xff,
    0xa0, 0x0, 0x0, 0x0, 0x0, 0x0, 0xf, 0xfd,
    0xe, 0xff, 0xff, 0xb0, 0x1, 0xff, 0xa0, 0x0,
    0x0, 0x0, 0x0, 0x0, 0xf, 0xfd, 0x7, 0xf9,
    0xff, 0xb0, 0x1, 0xff, 0xa0, 0x0, 0x0, 0x0,
    0x0, 0x0, 0xf, 0xfd, 0x0, 0xd0, 0xff, 0xb0,
    0x1, 0xff, 0xa0, 0x0, 0x0, 0x0, 0x0, 0x0,
    0xf, 0xfd, 0x0, 0x10, 0xff, 0xb0, 0x1, 0xff,
    0xa0, 0x0, 0x0, 0x0, 0x0, 0x0, 0xf, 0xfd,
    0x0, 0x0, 0xff, 0xb0, 0x1, 0xff, 0xa0, 0x0,
    0x0, 0x0, 0x0, 0x0, 0xf, 0xfd, 0x0, 0x0,
    0xff, 0xb0, 0x1, 0xff, 0xa0, 0x0, 0x0, 0x0,
    0x0, 0x0, 0xf, 0xfd, 0x0, 0x0, 0xff, 0xb0,
    0x1, 0xff, 0xa0, 0x0, 0x0, 0x0, 0x0, 0x0,
    0xf, 0xfd, 0x0, 0x0, 0xff, 0xb0, 0x1, 0xff,
    0xa0, 0x0, 0x0, 0x0, 0x0, 0x0, 0xf, 0xfd,
    0x0, 0x0, 0xff, 0xb0, 0x1, 0xff, 0xa0, 0x0,
    0x0, 0x0, 0x0, 0x0, 0xf, 0xfd, 0x0, 0x0,
    0xff, 0xb0, 0x1, 0xff, 0xa0, 0x0, 0x0, 0x0,
    0x0, 0x0, 0xf, 0xfd, 0x0, 0x0, 0xff, 0xb0,
    0x1, 0xff, 0xa0, 0x0, 0x0, 0x0, 0x0, 0x0,
    0xf, 0xfd, 0x0, 0x0, 0xff, 0xb0, 0x1, 0xff,
    0xa0, 0x0, 0x0, 0x0, 0x0, 0x0, 0xf, 0xfd,
    0x0, 0x0, 0xff, 0xb0, 0x1, 0xff, 0xa0, 0x0,
    0x0, 0x0, 0x0, 0x0, 0xf, 0xfd, 0x0, 0x0,
    0xff, 0xb0, 0x1, 0xff, 0xa0, 0x0, 0x0, 0x0,
    0x29, 0x99, 0xbf, 0xfc, 0x0, 0x0, 0xff, 0xb0,
    0x1, 0xff, 0xa0, 0x0, 0x0, 0x0, 0xd, 0xff,
    0xff, 0xf7, 0x0, 0x0, 0xff, 0xb0, 0x1, 0xff,
    0xa0, 0x0, 0x0, 0x0, 0x9, 0xff, 0xeb, 0x60,

    /* U+4F18 "优" */
    0x0, 0x0, 0x0, 0x0, 0x0, 0x0, 0x0, 0x0,
    0x0, 0x0, 0x0, 0x0, 0x0, 0x0, 0x0, 0x0,
    0x0, 0x3, 0xd8, 0x30, 0x0, 0x4, 0xbb, 0x40,
    0x0, 0x12, 0x0, 0x0, 0x0, 0x0, 0x0, 0x0,
    0xaf, 0xf6, 0x0, 0x0, 0x6f, 0xf6, 0x0, 0x4e,
    0xe2, 0x0, 0x0, 0x0, 0x0, 0x0, 0x1f, 0xff,
    0x0, 0x0, 0x7, 0xff, 0x50, 0x6, 0xff, 0xe2,
    0x0, 0x0, 0x0, 0x0, 0x8, 0xff, 0x90, 0x0,
    0x0, 0x7f, 0xf5, 0x0, 0x6, 0xff, 0xd1, 0x0,
    0x0, 0x0, 0x1, 0xff, 0xf2, 0x0, 0x0, 0x7,
    0xff, 0x50, 0x0, 0x8, 0xff, 0xc0, 0x0, 0x0,
    0x0, 0x9f, 0xf9, 0x0, 0x0, 0x0, 0x7f, 0xf4,
    0x0, 0x0, 0xb, 0xf8, 0x0, 0x0, 0x0, 0x2f,
    0xff, 0x21, 0x11, 0x11, 0x18, 0xff, 0x51, 0x11,
    0x11, 0x26, 0x11, 0x10, 0x0, 0xc, 0xff, 0xa0,
    0xff, 0xff, 0xff, 0xff, 0xff, 0xff, 0xff, 0xff,
    0xff, 0xfc, 0x0, 0x8, 0xff, 0xf9, 0xf, 0xff,
    0xff, 0xff, 0xff, 0xff, 0xff, 0xff, 0xff, 0xff,
    0xc0, 0x4, 0xff, 0xff, 0x90, 0x99, 0x99, 0x99,
    0xdf, 0xfa, 0x99, 0x99, 0x99, 0x99, 0x97, 0x2,
    0xff, 0xff, 0xf9, 0x0, 0x0, 0x0, 0xc, 0xff,
    0x0, 0x0, 0x0, 0x0, 0x0, 0x0, 0xaf, 0xfe,
    0xff, 0x90, 0x0, 0x0, 0x0, 0xef, 0xe0, 0x79,
    0x90, 0x0, 0x0, 0x0, 0x2, 0xff, 0x4f, 0xf9,
    0x0, 0x0, 0x0, 0xf, 0xfc, 0xc, 0xfe, 0x0,
    0x0, 0x0, 0x0, 0x9, 0x41, 0xff, 0x90, 0x0,
    0x0, 0x2, 0xff, 0xa0, 0xcf, 0xe0, 0x0, 0x0,
    0x0, 0x0, 0x0, 0x1f, 0xf9, 0x0, 0x0, 0x0,
    0x5f, 0xf8, 0xc, 0xfe, 0x0, 0x0, 0x0, 0x0,
    0x0, 0x1, 0xff, 0x90, 0x0, 0x0, 0x9, 0xff,
    0x40, 0xcf, 0xe0, 0x0, 0x0, 0x0, 0x0, 0x0,
    0x1f, 0xf9, 0x0, 0x0, 0x0, 0xef, 0xf0, 0xc,
    0xfe, 0x0, 0x0, 0x0, 0x0, 0x0, 0x1, 0xff,
    0x90, 0x0, 0x0, 0x2f, 0xfb, 0x0, 0xcf, 0xe0,
    0x0, 0x0, 0x0, 0x0, 0x0, 0x1f, 0xf9, 0x0,
    0x0, 0x7, 0xff, 0x60, 0xc, 0xfe, 0x0, 0x0,
    0x0, 0x0, 0x0, 0x1, 0xff, 0x90, 0x0, 0x0,
    0xef, 0xf1, 0x0, 0xcf, 0xe0, 0x0, 0x3, 0x10,
    0x0, 0x0, 0x1f, 0xf9, 0x0, 0x0, 0x7f, 0xfa,
    0x0, 0xc, 0xfe, 0x0, 0x0, 0x8f, 0xa0, 0x0,
    0x1, 0xff, 0x90, 0x0, 0x2f, 0xff, 0x20, 0x0,
    0xcf, 0xe0, 0x0, 0x8, 0xff, 0x0, 0x0, 0x1f,
    0xf9, 0x0, 0xc, 0xff, 0x80, 0x0, 0xc, 0xff,
    0x0, 0x0, 0xaf, 0xe0, 0x0, 0x1, 0xff, 0x90,
    0xb, 0xff, 0xd0, 0x0, 0x0, 0xcf, 0xf1, 0x0,
    0xd, 0xfb, 0x0, 0x0, 0x1f, 0xf9, 0x1c, 0xff,
    0xe2, 0x0, 0x0, 0xa, 0xff, 0xff, 0xff, 0xff,
    0x70, 0x0, 0x1, 0xff, 0x95, 0xff, 0xe3, 0x0,
    0x0, 0x0, 0x4f, 0xff, 0xff, 0xff, 0xe1, 0x0,
    0x0, 0x1f, 0xf9, 0x3, 0xb1, 0x0, 0x0, 0x0,
    0x0, 0x38, 0x99, 0x99, 0x72, 0x0,

    /* U+4F20 "传" */
    0x0, 0x0, 0x0, 0x1, 0x0, 0x0, 0x0, 0x0,
    0x0, 0x0, 0x0, 0x0, 0x0, 0x0, 0x0, 0x0,
    0x0, 0x0, 0xde, 0x91, 0x0, 0x0, 0x4, 0xfe,
    0x70, 0x0, 0x0, 0x0, 0x0, 0x0, 0x0, 0x0,
    0x4f, 0xfe, 0x0, 0x0, 0x0, 0x7f, 0xf5, 0x0,
    0x0, 0x0, 0x0, 0x0, 0x0, 0x0, 0xb, 0xff,
    0x60, 0x0, 0x0, 0xb, 0xff, 0x10, 0x0, 0x0,
    0x0, 0x0, 0x0, 0x0, 0x3, 0xff, 0xe0, 0x8f,
    0xff, 0xff, 0xff, 0xff, 0xff, 0xff, 0xff, 0xf4,
    0x0, 0x0, 0x0, 0xcf, 0xf6, 0x8, 0xff, 0xff,
    0xff, 0xff, 0xff, 0xff, 0xff, 0xff, 0x40, 0x0,
    0x0, 0x5f, 0xfd, 0x0, 0x5a, 0xaa, 0xad, 0xff,
    0xba, 0xaa, 0xaa, 0xaa, 0xa3, 0x0, 0x0, 0x1e,
    0xff, 0x50, 0x0, 0x0, 0x0, 0xcf, 0xf1, 0x0,
    0x0, 0x0, 0x0, 0x0, 0x0, 0xa, 0xff, 0xf1,
    0x0, 0x0, 0x0, 0x1f, 0xfc, 0x0, 0x0, 0x0,
    0x0, 0x0, 0x0, 0x6, 0xff, 0xff, 0x11, 0x88,
    0x88, 0x8a, 0xff, 0xc8, 0x88, 0x88, 0x88, 0x88,
    0x86, 0x3, 0xff, 0xff, 0xf1, 0x3f, 0xff, 0xff,
    0xff, 0xff, 0xff, 0xff, 0xff, 0xff, 0xff, 0xb2,
    0xef, 0xff, 0xff, 0x13, 0xff, 0xff, 0xff, 0xff,
    0xff, 0xff, 0xff, 0xff, 0xff, 0xfb, 0x9f, 0xfe,
    0xcf, 0xf1, 0x1, 0x11, 0x15, 0xff, 0xa1, 0x11,
    0x11, 0x11, 0x11, 0x11, 0x11, 0xff, 0x3a, 0xff,
    0x10, 0x0, 0x0, 0x9f, 0xf5, 0x0, 0x0, 0x0,
    0x0, 0x0, 0x0, 0x9, 0x60, 0xaf, 0xf1, 0x0,
    0x0, 0xd, 0xff, 0x10, 0x0, 0x0, 0x0, 0x0,
    0x0, 0x0, 0x0, 0xa, 0xff, 0x10, 0x0, 0x2,
    0xff, 0xf9, 0x99, 0x99, 0x99, 0x99, 0x92, 0x0,
    0x0, 0x0, 0xaf, 0xf1, 0x0, 0x0, 0x7f, 0xff,
    0xff, 0xff, 0xff, 0xff, 0xff, 0xf2, 0x0, 0x0,
    0xa, 0xff, 0x10, 0x0, 0xd, 0xff, 0xff, 0xff,
    0xff, 0xff, 0xff, 0xf8, 0x0, 0x0, 0x0, 0xaf,
    0xf1, 0x0, 0x0, 0x0, 0x0, 0x0, 0x0, 0x2,
    0xdf, 0xf9, 0x0, 0x0, 0x0, 0xa, 0xff, 0x10,
    0x0, 0x0, 0x0, 0x0, 0x0, 0x1, 0xdf, 0xfa,
    0x0, 0x0, 0x0, 0x0, 0xaf, 0xf1, 0x0, 0x0,
    0x0, 0x4, 0x20, 0x1, 0xdf, 0xfb, 0x0, 0x0,
    0x0, 0x0, 0xa, 0xff, 0x10, 0x0, 0x0, 0x7,
    0xff, 0x81, 0xcf, 0xfb, 0x0, 0x0, 0x0, 0x0,
    0x0, 0xaf, 0xf1, 0x0, 0x0, 0x0, 0x9f, 0xff,
    0xff, 0xfc, 0x0, 0x0, 0x0, 0x0, 0x0, 0xa,
    0xff, 0x10, 0x0, 0x0, 0x0, 0x4e, 0xff, 0xff,
    0x10, 0x0, 0x0, 0x0, 0x0, 0x0, 0xaf, 0xf1,
    0x0, 0x0, 0x0, 0x0, 0x9, 0xff, 0xfd, 0x20,
    0x0, 0x0, 0x0, 0x0, 0xa, 0xff, 0x10, 0x0,
    0x0, 0x0, 0x0, 0x4, 0xff, 0xff, 0x40, 0x0,
    0x0, 0x0, 0x0, 0xaf, 0xf1, 0x0, 0x0, 0x0,
    0x0, 0x0, 0x2, 0xdf, 0xf7, 0x0, 0x0, 0x0,
    0x0, 0xa, 0xff, 0x10, 0x0, 0x0, 0x0, 0x0,
    0x0, 0x0, 0xb7, 0x0, 0x0, 0x0, 0x0, 0x0,
    0x0, 0x0, 0x0, 0x0, 0x0, 0x0, 0x0, 0x0,
    0x0, 0x0, 0x0, 0x0, 0x0,

    /* U+4F4D "位" */
    0x0, 0x0, 0x0, 0x1, 0x0, 0x0, 0x0, 0x0,
    0x15, 0x70, 0x0, 0x0, 0x0, 0x0, 0x0, 0x0,
    0x0, 0x1f, 0xd8, 0x0, 0x0, 0x0, 0xdf, 0xf1,
    0x0, 0x0, 0x0, 0x0, 0x0, 0x0, 0x0, 0x7f,
    0xfa, 0x0, 0x0, 0x0, 0x8f, 0xf7, 0x0, 0x0,
    0x0, 0x0, 0x0, 0x0, 0x0, 0xef, 0xf3, 0x0,
    0x0, 0x0, 0x3f, 0xfc, 0x0, 0x0, 0x0, 0x0,
    0x0, 0x0, 0x6, 0xff, 0xb0, 0x0, 0x0, 0x0,
    0xe, 0xff, 0x10, 0x0, 0x0, 0x0, 0x0, 0x0,
    0xe, 0xff, 0x30, 0x0, 0x0, 0x0, 0x8, 0x84,
    0x0, 0x0, 0x0, 0x0, 0x0, 0x0, 0x8f, 0xfb,
    0x0, 0xdf, 0xff, 0xff, 0xff, 0xff, 0xff, 0xff,
    0xff, 0xa0, 0x0, 0x2, 0xff, 0xf2, 0x0, 0xdf,
    0xff, 0xff, 0xff, 0xff, 0xff, 0xff, 0xff, 0xa0,
    0x0, 0xc, 0xff, 0xf0, 0x0, 0xab, 0xbb, 0xbb,
    0xbb, 0xbb, 0xbb, 0xbb, 0xbb, 0x70, 0x0, 0x7f,
    0xff, 0xf0, 0x0, 0x0, 0x0, 0x0, 0x0, 0x0,
    0x0, 0x0, 0x0, 0x0, 0x4, 0xff, 0xff, 0xf0,
    0x0, 0x0, 0x6a, 0x80, 0x0, 0x0, 0x0, 0xed,
    0xa0, 0x0, 0x3f, 0xff, 0xff, 0xf0, 0x0, 0x0,
    0xdf, 0xd0, 0x0, 0x0, 0x0, 0xff, 0xe0, 0x0,
    0xcf, 0xfd, 0xef, 0xf0, 0x0, 0x0, 0xaf, 0xf1,
    0x0, 0x0, 0x2, 0xff, 0xb0, 0x0, 0x4f, 0xe2,
    0xef, 0xf0, 0x0, 0x0, 0x7f, 0xf4, 0x0, 0x0,
    0x5, 0xff, 0x80, 0x0, 0xb, 0x30, 0xef, 0xf0,
    0x0, 0x0, 0x4f, 0xf7, 0x0, 0x0, 0x7, 0xff,
    0x50, 0x0, 0x0, 0x0, 0xef, 0xf0, 0x0, 0x0,
    0x1f, 0xfa, 0x0, 0x0, 0xa, 0xff, 0x20, 0x0,
    0x0, 0x0, 0xef, 0xf0, 0x0, 0x0, 0xe, 0xfd,
    0x0, 0x0, 0xd, 0xff, 0x0, 0x0, 0x0, 0x0,
    0xef, 0xf0, 0x0, 0x0, 0xc, 0xff, 0x0, 0x0,
    0xf, 0xfb, 0x0, 0x0, 0x0, 0x0, 0xef, 0xf0,
    0x0, 0x0, 0xa, 0xff, 0x20, 0x0, 0x3f, 0xf8,
    0x0, 0x0, 0x0, 0x0, 0xef, 0xf0, 0x0, 0x0,
    0x7, 0xff, 0x50, 0x0, 0x6f, 0xf4, 0x0, 0x0,
    0x0, 0x0, 0xef, 0xf0, 0x0, 0x0, 0x5, 0xff,
    0x70, 0x0, 0xaf, 0xf1, 0x0, 0x0, 0x0, 0x0,
    0xef, 0xf0, 0x0, 0x0, 0x3, 0xff, 0x90, 0x0,
    0xdf, 0xd0, 0x0, 0x0, 0x0, 0x0, 0xef, 0xf0,
    0x0, 0x0, 0x2, 0xfc, 0x50, 0x1, 0xff, 0x90,
    0x0, 0x0, 0x0, 0x0, 0xef, 0xf0, 0x0, 0x0,
    0x0, 0x10, 0x0, 0x5, 0xff, 0x40, 0x0, 0x0,
    0x0, 0x0, 0xef, 0xf0, 0xa, 0xaa, 0xaa, 0xaa,
    0xaa, 0xad, 0xff, 0xba, 0xaa, 0xa8, 0x0, 0x0,
    0xef, 0xf0, 0x1f, 0xff, 0xff, 0xff, 0xff, 0xff,
    0xff, 0xff, 0xff, 0xfc, 0x0, 0x0, 0xef, 0xf0,
    0x1f, 0xff, 0xff, 0xff, 0xff, 0xff, 0xff, 0xff,
    0xff, 0xfc, 0x0, 0x0, 0xef, 0xf0, 0x1, 0x11,
    0x11, 0x11, 0x11, 0x11, 0x11, 0x11, 0x11, 0x10,

    /* U+4F4E "低" */
    0x0, 0x0, 0x0, 0x0, 0x0, 0x0, 0x0, 0x0,
    0x0, 0x0, 0x0, 0x0, 0x2, 0x0, 0x0, 0x0,
    0x0, 0x0, 0x9, 0xfa, 0x20, 0x0, 0x0, 0x0,
    0x0, 0x1, 0x5a, 0xff, 0x40, 0x0, 0x0, 0x0,
    0x0, 0xf, 0xfe, 0x0, 0x0, 0x0, 0x3, 0x69,
    0xdf, 0xff, 0xff, 0xf5, 0x0, 0x0, 0x0, 0x0,
    0x6f, 0xf8, 0x2, 0x58, 0xad, 0xff, 0xff, 0xff,
    0xff, 0xfb, 0x61, 0x0, 0x0, 0x0, 0x0, 0xdf,
    0xf1, 0xb, 0xff, 0xff, 0xff, 0xff, 0xff, 0xa3,
    0x0, 0x0, 0x0, 0x0, 0x0, 0x5, 0xff, 0xa0,
    0xb, 0xff, 0xfc, 0x97, 0x46, 0xff, 0x60, 0x0,
    0x0, 0x0, 0x0, 0x0, 0xd, 0xff, 0x30, 0xb,
    0xfe, 0x0, 0x0, 0x4, 0xff, 0x70, 0x0, 0x0,
    0x0, 0x0, 0x0, 0x5f, 0xfc, 0x0, 0xb, 0xfe,
    0x0, 0x0, 0x3, 0xff, 0x80, 0x0, 0x0, 0x0,
    0x0, 0x1, 0xef, 0xfa, 0x0, 0xb, 0xfe, 0x0,
    0x0, 0x2, 0xff, 0x80, 0x0, 0x0, 0x0, 0x0,
    0xa, 0xff, 0xfa, 0x0, 0xb, 0xfe, 0x0, 0x0,
    0x1, 0xff, 0x90, 0x0, 0x0, 0x0, 0x0, 0x4f,
    0xff, 0xfa, 0x0, 0xb, 0xfe, 0x0, 0x0, 0x0,
    0xff, 0xa0, 0x0, 0x0, 0x0, 0x2, 0xff, 0xff,
    0xfa, 0x0, 0xb, 0xfe, 0x0, 0x0, 0x0, 0xff,
    0xb0, 0x0, 0x0, 0x0, 0xd, 0xff, 0xdf, 0xfa,
    0x0, 0xb, 0xff, 0xff, 0xff, 0xff, 0xff, 0xff,
    0xff, 0xff, 0xa0, 0xe, 0xfe, 0x3f, 0xfa, 0x0,
    0xb, 0xff, 0xff, 0xff, 0xff, 0xff, 0xff, 0xff,
    0xff, 0xa0, 0x6, 0xf4, 0x1f, 0xfa, 0x0, 0xb,
    0xff, 0xaa, 0xaa, 0xaa, 0xef, 0xfb, 0xaa, 0xaa,
    0x70, 0x0, 0x60, 0x1f, 0xfa, 0x0, 0xb, 0xfe,
    0x0, 0x0, 0x0, 0x9f, 0xf2, 0x0, 0x0, 0x0,
    0x0, 0x0, 0x1f, 0xfa, 0x0, 0xb, 0xfe, 0x0,
    0x0, 0x0, 0x7f, 0xf4, 0x0, 0x0, 0x0, 0x0,
    0x0, 0x1f, 0xfa, 0x0, 0xb, 0xfe, 0x0, 0x0,
    0x0, 0x5f, 0xf7, 0x0, 0x0, 0x0, 0x0, 0x0,
    0x1f, 0xfa, 0x0, 0xb, 0xfe, 0x0, 0x0, 0x0,
    0x2f, 0xf9, 0x0, 0x0, 0x0, 0x0, 0x0, 0x1f,
    0xfa, 0x0, 0xb, 0xfe, 0x0, 0x0, 0x0, 0xf,
    0xfc, 0x0, 0x0, 0x0, 0x0, 0x0, 0x1f, 0xfa,
    0x0, 0xb, 0xfe, 0x0, 0x0, 0x0, 0xc, 0xff,
    0x0, 0x0, 0x0, 0x0, 0x0, 0x1f, 0xfa, 0x0,
    0xb, 0xfe, 0x0, 0x3, 0x96, 0x8, 0xff, 0x40,
    0xc, 0x50, 0x0, 0x0, 0x1f, 0xfa, 0x0, 0xb,
    0xfe, 0x0, 0x6, 0xfe, 0x4, 0xff, 0x90, 0xf,
    0xf2, 0x0, 0x0, 0x1f, 0xfa, 0x0, 0xb, 0xfe,
    0x0, 0x1, 0xef, 0x70, 0xef, 0xf1, 0x2f, 0xf0,
    0x0, 0x0, 0x1f, 0xfa, 0x0, 0xd, 0xff, 0x7b,
    0xea, 0x7f, 0xe0, 0x8f, 0xfc, 0xaf, 0xc0, 0x0,
    0x0, 0x1f, 0xfa, 0x0, 0x5f, 0xff, 0xff, 0xfa,
    0xf, 0xf6, 0x1f, 0xff, 0xff, 0x80, 0x0, 0x0,
    0x1f, 0xfa, 0x0, 0xbf, 0xff, 0xfc, 0x73, 0x9,
    0xfc, 0x6, 0xff, 0xff, 0x10, 0x0, 0x0, 0x1f,
    0xfa, 0x0, 0x3e, 0x94, 0x0, 0x0, 0x3, 0x93,
    0x0, 0x6e, 0xe5, 0x0, 0x0, 0x0, 0x0, 0x0,
    0x0, 0x0, 0x0, 0x0, 0x0, 0x0, 0x0, 0x0,
    0x0, 0x0, 0x0,

    /* U+4F53 "体" */
    0x0, 0x0, 0x0, 0x18, 0x30, 0x0, 0x0, 0x0,
    0xa, 0xa9, 0x0, 0x0, 0x0, 0x0, 0x0, 0x0,
    0x0, 0x0, 0x7f, 0xf7, 0x0, 0x0, 0x0, 0xe,
    0xfd, 0x0, 0x0, 0x0, 0x0, 0x0, 0x0, 0x0,
    0x0, 0xdf, 0xf1, 0x0, 0x0, 0x0, 0xe, 0xfd,
    0x0, 0x0, 0x0, 0x0, 0x0, 0x0, 0x0, 0x3,
    0xff, 0xb0, 0x0, 0x0, 0x0, 0xe, 0xfd, 0x0,
    0x0, 0x0, 0x0, 0x0, 0x0, 0x0, 0xa, 0xff,
    0x50, 0x0, 0x0, 0x0, 0xe, 0xfd, 0x0, 0x0,
    0x0, 0x0, 0x0, 0x0, 0x0, 0x2f, 0xfe, 0x0,
    0x0, 0x0, 0x0, 0xe, 0xfd, 0x0, 0x0, 0x0,
    0x0, 0x0, 0x0, 0x0, 0x9f, 0xf8, 0xa, 0xaa,
    0xaa, 0xaa, 0xaf, 0xff, 0xaa, 0xaa, 0xaa, 0xaa,
    0x60, 0x0, 0x2, 0xff, 0xf2, 0xf, 0xff, 0xff,
    0xff, 0xff, 0xff, 0xff, 0xff, 0xff, 0xff, 0x80,
    0x0, 0xb, 0xff, 0xf1, 0xf, 0xff, 0xff, 0xff,
    0xff, 0xff, 0xff, 0xff, 0xff, 0xff, 0x80, 0x0,
    0x5f, 0xff, 0xf1, 0x0, 0x0, 0x0, 0xa, 0xff,
    0xff, 0xfa, 0x0, 0x0, 0x0, 0x0, 0x2, 0xef,
    0xff, 0xf1, 0x0, 0x0, 0x0, 0x1f, 0xff, 0xff,
    0xff, 0x10, 0x0, 0x0, 0x0, 0xc, 0xff, 0xff,
    0xf1, 0x0, 0x0, 0x0, 0x7f, 0xff, 0xfe, 0xff,
    0x70, 0x0, 0x0, 0x0, 0x4f, 0xff, 0xdf, 0xf1,
    0x0, 0x0, 0x0, 0xdf, 0x9e, 0xfd, 0x9f, 0xd0,
    0x0, 0x0, 0x0, 0xb, 0xf7, 0x9f, 0xf1, 0x0,
    0x0, 0x6, 0xff, 0x2e, 0xfd, 0x3f, 0xf6, 0x0,
    0x0, 0x0, 0x3, 0xa0, 0x9f, 0xf1, 0x0, 0x0,
    0xe, 0xfc, 0xe, 0xfd, 0xc, 0xfe, 0x0, 0x0,
    0x0, 0x0, 0x0, 0x9f, 0xf1, 0x0, 0x0, 0x7f,
    0xf4, 0xe, 0xfd, 0x4, 0xff, 0x70, 0x0, 0x0,
    0x0, 0x0, 0x9f, 0xf1, 0x0, 0x2, 0xff, 0xb0,
    0xe, 0xfd, 0x0, 0xcf, 0xf2, 0x0, 0x0, 0x0,
    0x0, 0x9f, 0xf1, 0x0, 0xc, 0xff, 0x30, 0xe,
    0xfd, 0x0, 0x4f, 0xfc, 0x0, 0x0, 0x0, 0x0,
    0x9f, 0xf1, 0x0, 0x8f, 0xfa, 0x0, 0xe, 0xfd,
    0x0, 0xb, 0xff, 0x80, 0x0, 0x0, 0x0, 0x9f,
    0xf1, 0x5, 0xff, 0xe1, 0x0, 0xe, 0xfd, 0x0,
    0x2, 0xff, 0xf6, 0x0, 0x0, 0x0, 0x9f, 0xf1,
    0x5f, 0xff, 0x88, 0x88, 0x8f, 0xfe, 0x88, 0x88,
    0x9f, 0xff, 0x50, 0x0, 0x0, 0x9f, 0xf3, 0xff,
    0xf9, 0x6f, 0xff, 0xff, 0xff, 0xff, 0xff, 0x5b,
    0xff, 0xe0, 0x0, 0x0, 0x9f, 0xf1, 0x6f, 0xb0,
    0x6f, 0xff, 0xff, 0xff, 0xff, 0xff, 0x40, 0xde,
    0x20, 0x0, 0x0, 0x9f, 0xf1, 0x5, 0x0, 0x0,
    0x0, 0xf, 0xfd, 0x0, 0x0, 0x0, 0x13, 0x0,
    0x0, 0x0, 0x9f, 0xf1, 0x0, 0x0, 0x0, 0x0,
    0xe, 0xfd, 0x0, 0x0, 0x0, 0x0, 0x0, 0x0,
    0x0, 0x9f, 0xf1, 0x0, 0x0, 0x0, 0x0, 0xe,
    0xfd, 0x0, 0x0, 0x0, 0x0, 0x0, 0x0, 0x0,
    0x9f, 0xf1, 0x0, 0x0, 0x0, 0x0, 0xe, 0xfd,
    0x0, 0x0, 0x0, 0x0, 0x0, 0x0, 0x0, 0x9f,
    0xf1, 0x0, 0x0, 0x0, 0x0, 0xc, 0xdb, 0x0,
    0x0, 0x0, 0x0, 0x0,

    /* U+4F5C "作" */
    0x0, 0x0, 0x0, 0x0, 0x40, 0x0, 0x0, 0x1,
    0x0, 0x0, 0x0, 0x0, 0x0, 0x0, 0x0, 0x0,
    0x0, 0x0, 0x4f, 0xf8, 0x0, 0x0, 0xaf, 0xb2,
    0x0, 0x0, 0x0, 0x0, 0x0, 0x0, 0x0, 0x0,
    0xb, 0xff, 0x50, 0x0, 0xf, 0xff, 0x0, 0x0,
    0x0, 0x0, 0x0, 0x0, 0x0, 0x0, 0x2, 0xff,
    0xd0, 0x0, 0x6, 0xff, 0x90, 0x0, 0x0, 0x0,
    0x0, 0x0, 0x0, 0x0, 0x0, 0xaf, 0xf6, 0x0,
    0x0, 0xdf, 0xf2, 0x0, 0x0, 0x0, 0x0, 0x0,
    0x0, 0x0, 0x0, 0x3f, 0xfe, 0x0, 0x0, 0x5f,
    0xff, 0x99, 0x99, 0x99, 0x99, 0x99, 0x99, 0x0,
    0x0, 0xb, 0xff, 0x70, 0x0, 0xd, 0xff, 0xff,
    0xff, 0xff, 0xff, 0xff, 0xff, 0xf0, 0x0, 0x5,
    0xff, 0xf0, 0x0, 0x5, 0xff, 0xff, 0xff, 0xff,
    0xff, 0xff, 0xff, 0xff, 0x0, 0x1, 0xef, 0xfd,
    0x0, 0x1, 0xef, 0xf4, 0x2e, 0xff, 0x22, 0x22,
    0x22, 0x22, 0x20, 0x0, 0xbf, 0xff, 0xd0, 0x0,
    0x9f, 0xf9, 0x0, 0xef, 0xf0, 0x0, 0x0, 0x0,
    0x0, 0x0, 0x8f, 0xff, 0xfd, 0x0, 0x5f, 0xfe,
    0x10, 0xe, 0xff, 0x0, 0x0, 0x0, 0x0, 0x0,
    0x6f, 0xff, 0xff, 0xd0, 0x3f, 0xff, 0x60, 0x0,
    0xef, 0xf0, 0x0, 0x0, 0x0, 0x0, 0xe, 0xff,
    0xdf, 0xfd, 0x9, 0xff, 0xa0, 0x0, 0xe, 0xff,
    0xff, 0xff, 0xff, 0xff, 0x40, 0x6f, 0xe2, 0xff,
    0xd0, 0x8, 0xd0, 0x0, 0x0, 0xef, 0xff, 0xff,
    0xff, 0xff, 0xf4, 0x0, 0xd3, 0xf, 0xfd, 0x0,
    0x1, 0x0, 0x0, 0xe, 0xff, 0xaa, 0xaa, 0xaa,
    0xaa, 0x20, 0x1, 0x0, 0xff, 0xd0, 0x0, 0x0,
    0x0, 0x0, 0xef, 0xf0, 0x0, 0x0, 0x0, 0x0,
    0x0, 0x0, 0xf, 0xfd, 0x0, 0x0, 0x0, 0x0,
    0xe, 0xff, 0x0, 0x0, 0x0, 0x0, 0x0, 0x0,
    0x0, 0xff, 0xd0, 0x0, 0x0, 0x0, 0x0, 0xef,
    0xf0, 0x0, 0x0, 0x0, 0x0, 0x0, 0x0, 0xf,
    0xfd, 0x0, 0x0, 0x0, 0x0, 0xe, 0xff, 0x0,
    0x0, 0x0, 0x0, 0x0, 0x0, 0x0, 0xff, 0xd0,
    0x0, 0x0, 0x0, 0x0, 0xef, 0xff, 0xff, 0xff,
    0xff, 0xfa, 0x0, 0x0, 0xf, 0xfd, 0x0, 0x0,
    0x0, 0x0, 0xe, 0xff, 0xff, 0xff, 0xff, 0xff,
    0xa0, 0x0, 0x0, 0xff, 0xd0, 0x0, 0x0, 0x0,
    0x0, 0xef, 0xfa, 0x99, 0x99, 0x99, 0x96, 0x0,
    0x0, 0xf, 0xfd, 0x0, 0x0, 0x0, 0x0, 0xe,
    0xff, 0x0, 0x0, 0x0, 0x0, 0x0, 0x0, 0x0,
    0xff, 0xd0, 0x0, 0x0, 0x0, 0x0, 0xef, 0xf0,
    0x0, 0x0, 0x0, 0x0, 0x0, 0x0, 0xf, 0xfd,
    0x0, 0x0, 0x0, 0x0, 0xe, 0xff, 0x0, 0x0,
    0x0, 0x0, 0x0, 0x0, 0x0, 0xff, 0xd0, 0x0,
    0x0, 0x0, 0x0, 0xef, 0xf0, 0x0, 0x0, 0x0,
    0x0, 0x0, 0x0, 0xf, 0xfd, 0x0, 0x0, 0x0,
    0x0, 0xe, 0xff, 0x0, 0x0, 0x0, 0x0, 0x0,
    0x0, 0x0, 0xff, 0xd0, 0x0, 0x0, 0x0, 0x0,
    0xef, 0xf0, 0x0, 0x0, 0x0, 0x0,

    /* U+4F7F "使" */
    0x0, 0x0, 0x0, 0x0, 0x50, 0x0, 0x0, 0x0,
    0x1, 0x44, 0x20, 0x0, 0x0, 0x0, 0x0, 0x0,
    0x0, 0x0, 0x6, 0xff, 0x60, 0x0, 0x0, 0x3,
    0xff, 0x90, 0x0, 0x0, 0x0, 0x0, 0x0, 0x0,
    0x0, 0xd, 0xff, 0x30, 0x0, 0x0, 0x3, 0xff,
    0x90, 0x0, 0x0, 0x0, 0x0, 0x0, 0x0, 0x0,
    0x5f, 0xfc, 0x0, 0x0, 0x0, 0x4, 0xff, 0x90,
    0x0, 0x0, 0x0, 0x0, 0x0, 0x0, 0x0, 0xdf,
    0xf8, 0xff, 0xff, 0xff, 0xff, 0xff, 0xff, 0xff,
    0xff, 0xff, 0xf0, 0x0, 0x0, 0x6, 0xff, 0xc3,
    0xff, 0xff, 0xff, 0xff, 0xff, 0xff, 0xff, 0xff,
    0xff, 0xf0, 0x0, 0x0, 0x1e, 0xff, 0x41, 0x88,
    0x88, 0x88, 0x8a, 0xff, 0xd8, 0x88, 0x88, 0x88,
    0x80, 0x0, 0x0, 0xaf, 0xfc, 0x0, 0x0, 0x0,
    0x0, 0x3, 0xff, 0x90, 0x0, 0x0, 0x0, 0x0,
    0x0, 0x5, 0xff, 0xfb, 0x0, 0x0, 0x0, 0x0,
    0x3, 0xff, 0x90, 0x0, 0x0, 0x0, 0x0, 0x0,
    0x2f, 0xff, 0xfb, 0x0, 0x7f, 0xff, 0xff, 0xff,
    0xff, 0xff, 0xff, 0xff, 0xff, 0x0, 0x1, 0xdf,
    0xff, 0xfb, 0x0, 0x7f, 0xff, 0xff, 0xff, 0xff,
    0xff, 0xff, 0xff, 0xff, 0x0, 0xc, 0xff, 0xff,
    0xfb, 0x0, 0x7f, 0xf7, 0x55, 0x58, 0xff, 0xb5,
    0x55, 0x5c, 0xff, 0x0, 0x4f, 0xff, 0x4f, 0xfb,
    0x0, 0x7f, 0xf2, 0x0, 0x3, 0xff, 0x90, 0x0,
    0xa, 0xff, 0x0, 0xa, 0xf5, 0xf, 0xfb, 0x0,
    0x7f, 0xf2, 0x0, 0x3, 0xff, 0x90, 0x0, 0xa,
    0xff, 0x0, 0x2, 0x70, 0xf, 0xfb, 0x0, 0x7f,
    0xf2, 0x0, 0x3, 0xff, 0x90, 0x0, 0xa, 0xff,
    0x0, 0x0, 0x0, 0xf, 0xfb, 0x0, 0x7f, 0xff,
    0xff, 0xff, 0xff, 0xff, 0xff, 0xff, 0xff, 0x0,
    0x0, 0x0, 0xf, 0xfb, 0x0, 0x7f, 0xff, 0xff,
    0xff, 0xff, 0xff, 0xff, 0xff, 0xff, 0x0, 0x0,
    0x0, 0xf, 0xfb, 0x0, 0x36, 0x76, 0x66, 0x6b,
    0xff, 0x96, 0x66, 0x66, 0x66, 0x0, 0x0, 0x0,
    0xf, 0xfb, 0x0, 0x2b, 0xf5, 0x0, 0xa, 0xff,
    0x20, 0x0, 0x0, 0x0, 0x0, 0x0, 0x0, 0xf,
    0xfb, 0x0, 0xc, 0xff, 0x30, 0xe, 0xff, 0x0,
    0x0, 0x0, 0x0, 0x0, 0x0, 0x0, 0xf, 0xfb,
    0x0, 0x2, 0xff, 0xf4, 0x6f, 0xfa, 0x0, 0x0,
    0x0, 0x0, 0x0, 0x0, 0x0, 0xf, 0xfb, 0x0,
    0x0, 0x3e, 0xff, 0xef, 0xf2, 0x0, 0x0, 0x0,
    0x0, 0x0, 0x0, 0x0, 0xf, 0xfb, 0x0, 0x0,
    0x2, 0xef, 0xff, 0xc0, 0x0, 0x0, 0x0, 0x0,
    0x0, 0x0, 0x0, 0xf, 0xfb, 0x0, 0x0, 0x4,
    0xdf, 0xff, 0xfe, 0x71, 0x0, 0x0, 0x0, 0x0,
    0x0, 0x0, 0xf, 0xfb, 0x0, 0x3, 0xaf, 0xff,
    0xdd, 0xff, 0xff, 0xd8, 0x52, 0x0, 0x0, 0x0,
    0x0, 0xf, 0xfb, 0x18, 0xdf, 0xff, 0xfa, 0x10,
    0x4b, 0xff, 0xff, 0xff, 0xfd, 0xa1, 0x0, 0x0,
    0xf, 0xfb, 0xb, 0xff, 0xfc, 0x40, 0x0, 0x0,
    0x28, 0xdf, 0xff, 0xff, 0x70, 0x0, 0x0, 0xf,
    0xfb, 0x1, 0xc8, 0x30, 0x0, 0x0, 0x0, 0x0,
    0x0, 0x37, 0xab, 0x0,

    /* U+4F9B "供" */
    0x0, 0x0, 0x0, 0x0, 0x20, 0x0, 0x0, 0x11,
    0x10, 0x0, 0x0, 0x22, 0x10, 0x0, 0x0, 0x0,
    0x0, 0x0, 0x6, 0xfd, 0x40, 0x1, 0xff, 0xa0,
    0x0, 0x1, 0xff, 0xa0, 0x0, 0x0, 0x0, 0x0,
    0x0, 0xd, 0xff, 0x20, 0x1, 0xff, 0xa0, 0x0,
    0x1, 0xff, 0xa0, 0x0, 0x0, 0x0, 0x0, 0x0,
    0x4f, 0xfb, 0x0, 0x1, 0xff, 0xa0, 0x0, 0x1,
    0xff, 0xa0, 0x0, 0x0, 0x0, 0x0, 0x0, 0xcf,
    0xf5, 0x0, 0x1, 0xff, 0xa0, 0x0, 0x1, 0xff,
    0xa0, 0x0, 0x0, 0x0, 0x0, 0x4, 0xff, 0xd0,
    0x0, 0x1, 0xff, 0xa0, 0x0, 0x1, 0xff, 0xa0,
    0x0, 0x0, 0x0, 0x0, 0xd, 0xff, 0x50, 0x0,
    0x2, 0xff, 0xb0, 0x0, 0x2, 0xff, 0xa0, 0x0,
    0x0, 0x0, 0x0, 0x7f, 0xfd, 0x0, 0xbf, 0xff,
    0xff, 0xff, 0xff, 0xff, 0xff, 0xff, 0xff, 0xc0,
    0x0, 0x2, 0xff, 0xf9, 0x0, 0xbf, 0xff, 0xff,
    0xff, 0xff, 0xff, 0xff, 0xff, 0xff, 0xc0, 0x0,
    0xc, 0xff, 0xf9, 0x0, 0x7a, 0xab, 0xff, 0xea,
    0xaa, 0xab, 0xff, 0xea, 0xaa, 0x80, 0x0, 0x9f,
    0xff, 0xf9, 0x0, 0x0, 0x1, 0xff, 0xa0, 0x0,
    0x1, 0xff, 0xa0, 0x0, 0x0, 0x6, 0xff, 0xff,
    0xf9, 0x0, 0x0, 0x1, 0xff, 0xa0, 0x0, 0x1,
    0xff, 0xa0, 0x0, 0x0, 0x1f, 0xff, 0xcf, 0xf9,
    0x0, 0x0, 0x1, 0xff, 0xa0, 0x0, 0x1, 0xff,
    0xa0, 0x0, 0x0, 0x9, 0xfc, 0x3f, 0xf9, 0x0,
    0x0, 0x1, 0xff, 0xa0, 0x0, 0x1, 0xff, 0xa0,
    0x0, 0x0, 0x1, 0xd1, 0x2f, 0xf9, 0x0, 0x0,
    0x1, 0xff, 0xa0, 0x0, 0x1, 0xff, 0xa0, 0x0,
    0x0, 0x0, 0x0, 0x2f, 0xf9, 0x0, 0x0, 0x1,
    0xff, 0xa0, 0x0, 0x1, 0xff, 0xa0, 0x0, 0x0,
    0x0, 0x0, 0x2f, 0xf9, 0x5, 0xbb, 0xbb, 0xff,
    0xeb, 0xbb, 0xbb, 0xff, 0xeb, 0xbb, 0xb0, 0x0,
    0x0, 0x2f, 0xf9, 0x7, 0xff, 0xff, 0xff, 0xff,
    0xff, 0xff, 0xff, 0xff, 0xff, 0xf1, 0x0, 0x0,
    0x2f, 0xf9, 0x7, 0xff, 0xff, 0xff, 0xff, 0xff,
    0xff, 0xff, 0xff, 0xff, 0xf1, 0x0, 0x0, 0x2f,
    0xf9, 0x0, 0x0, 0x0, 0x0, 0x0, 0x0, 0x0,
    0x0, 0x0, 0x0, 0x0, 0x0, 0x0, 0x2f, 0xf9,
    0x0, 0x0, 0x0, 0x44, 0x0, 0x0, 0x0, 0x6,
    0x0, 0x0, 0x0, 0x0, 0x0, 0x2f, 0xf9, 0x0,
    0x0, 0x2, 0xff, 0xe0, 0x0, 0x4, 0xef, 0x90,
    0x0, 0x0, 0x0, 0x0, 0x2f, 0xf9, 0x0, 0x0,
    0xd, 0xff, 0x50, 0x0, 0x1, 0xef, 0xf8, 0x0,
    0x0, 0x0, 0x0, 0x2f, 0xf9, 0x0, 0x0, 0xbf,
    0xf9, 0x0, 0x0, 0x0, 0x2e, 0xff, 0x70, 0x0,
    0x0, 0x0, 0x2f, 0xf9, 0x0, 0x1c, 0xff, 0xc0,
    0x0, 0x0, 0x0, 0x3, 0xff, 0xf4, 0x0, 0x0,
    0x0, 0x2f, 0xf9, 0x2, 0xdf, 0xfd, 0x10, 0x0,
    0x0, 0x0, 0x0, 0x5f, 0xff, 0x10, 0x0, 0x0,
    0x2f, 0xf9, 0x6, 0xff, 0xd1, 0x0, 0x0, 0x0,
    0x0, 0x0, 0x9, 0xff, 0x80, 0x0, 0x0, 0x2f,
    0xf9, 0x0, 0x3a, 0x10, 0x0, 0x0, 0x0, 0x0,
    0x0, 0x0, 0xc5, 0x0,

    /* U+4FC3 "促" */
    0x0, 0x0, 0x0, 0x10, 0x0, 0x0, 0x0, 0x0,
    0x0, 0x0, 0x0, 0x0, 0x0, 0x0, 0x0, 0x0,
    0x0, 0x0, 0x9f, 0xb1, 0x0, 0x0, 0x0, 0x0,
    0x0, 0x0, 0x0, 0x0, 0x0, 0x0, 0x0, 0x0,
    0x0, 0xef, 0xe0, 0x9, 0xff, 0xff, 0xff, 0xff,
    0xff, 0xff, 0xff, 0xc0, 0x0, 0x0, 0x0, 0x4,
    0xff, 0x80, 0x9, 0xff, 0xff, 0xff, 0xff, 0xff,
    0xff, 0xff, 0xc0, 0x0, 0x0, 0x0, 0xb, 0xff,
    0x20, 0x9, 0xff, 0x88, 0x88, 0x88, 0x88, 0x88,
    0xff, 0xc0, 0x0, 0x0, 0x0, 0x2f, 0xfb, 0x0,
    0x9, 0xff, 0x10, 0x0, 0x0, 0x0, 0x0, 0xff,
    0xc0, 0x0, 0x0, 0x0, 0x9f, 0xf5, 0x0, 0x9,
    0xff, 0x10, 0x0, 0x0, 0x0, 0x0, 0xff, 0xc0,
    0x0, 0x0, 0x2, 0xff, 0xf1, 0x0, 0x9, 0xff,
    0x10, 0x0, 0x0, 0x0, 0x0, 0xff, 0xc0, 0x0,
    0x0, 0xa, 0xff, 0xf1, 0x0, 0x9, 0xff, 0x10,
    0x0, 0x0, 0x0, 0x0, 0xff, 0xc0, 0x0, 0x0,
    0x4f, 0xff, 0xf1, 0x0, 0x9, 0xff, 0x10, 0x0,
    0x0, 0x0, 0x0, 0xff, 0xc0, 0x0, 0x0, 0xdf,
    0xff, 0xf1, 0x0, 0x9, 0xff, 0xff, 0xff, 0xff,
    0xff, 0xff, 0xff, 0xc0, 0x0, 0xa, 0xff, 0xff,
    0xf1, 0x0, 0x9, 0xff, 0xff, 0xff, 0xff, 0xff,
    0xff, 0xff, 0xc0, 0x0, 0x5f, 0xff, 0xef, 0xf1,
    0x0, 0x5, 0x88, 0x88, 0x89, 0xff, 0xe8, 0x88,
    0x88, 0x60, 0x0, 0x3f, 0xf8, 0xbf, 0xf1, 0x0,
    0x0, 0x0, 0x0, 0x1, 0xff, 0xc0, 0x0, 0x0,
    0x0, 0x0, 0xb, 0xc0, 0xbf, 0xf1, 0x0, 0x0,
    0x0, 0x0, 0x1, 0xff, 0xc0, 0x0, 0x0, 0x0,
    0x0, 0x4, 0x20, 0xbf, 0xf1, 0x0, 0x2, 0x97,
    0x40, 0x1, 0xff, 0xc0, 0x0, 0x0, 0x0, 0x0,
    0x0, 0x0, 0xbf, 0xf1, 0x0, 0x5, 0xff, 0x70,
    0x1, 0xff, 0xc0, 0x0, 0x0, 0x0, 0x0, 0x0,
    0x0, 0xbf, 0xf1, 0x0, 0x7, 0xff, 0x50, 0x1,
    0xff, 0xff, 0xff, 0xff, 0xf8, 0x0, 0x0, 0x0,
    0xbf, 0xf1, 0x0, 0xa, 0xff, 0x20, 0x1, 0xff,
    0xff, 0xff, 0xff, 0xf8, 0x0, 0x0, 0x0, 0xbf,
    0xf1, 0x0, 0xd, 0xff, 0x10, 0x1, 0xff, 0xe9,
    0x99, 0x99, 0x94, 0x0, 0x0, 0x0, 0xbf, 0xf1,
    0x0, 0x1f, 0xff, 0x70, 0x1, 0xff, 0xc0, 0x0,
    0x0, 0x0, 0x0, 0x0, 0x0, 0xbf, 0xf1, 0x0,
    0x6f, 0xff, 0xe1, 0x1, 0xff, 0xc0, 0x0, 0x0,
    0x0, 0x0, 0x0, 0x0, 0xbf, 0xf1, 0x0, 0xcf,
    0xff, 0xfc, 0x1, 0xff, 0xc0, 0x0, 0x0, 0x0,
    0x0, 0x0, 0x0, 0xbf, 0xf1, 0x3, 0xff, 0xbb,
    0xff, 0xc4, 0xff, 0xc0, 0x0, 0x0, 0x0, 0x0,
    0x0, 0x0, 0xbf, 0xf1, 0xb, 0xff, 0x31, 0xdf,
    0xff, 0xff, 0xc0, 0x0, 0x0, 0x0, 0x0, 0x0,
    0x0, 0xbf, 0xf1, 0x6f, 0xfb, 0x0, 0x1b, 0xff,
    0xff, 0xff, 0xfe, 0xee, 0xee, 0xe1, 0x0, 0x0,
    0xbf, 0xf3, 0xff, 0xe1, 0x0, 0x0, 0x5d, 0xff,
    0xff, 0xff, 0xff, 0xff, 0xb0, 0x0, 0x0, 0xbf,
    0xf1, 0x4d, 0x30, 0x0, 0x0, 0x0, 0x15, 0x89,
    0xab, 0xbb, 0xbb, 0x50, 0x0, 0x0, 0x0, 0x0,
    0x0, 0x0, 0x0, 0x0, 0x0, 0x0, 0x0, 0x0,
    0x0, 0x0, 0x0,

    /* U+4FDD "保" */
    0x0, 0x0, 0x0, 0x0, 0x20, 0x0, 0x0, 0x0,
    0x0, 0x0, 0x0, 0x0, 0x0, 0x0, 0x0, 0x0,
    0x0, 0x0, 0x5, 0xfd, 0x60, 0x0, 0x0, 0x0,
    0x0, 0x0, 0x0, 0x0, 0x0, 0x0, 0x0, 0x0,
    0x0, 0xc, 0xff, 0x65, 0xff, 0xff, 0xff, 0xff,
    0xff, 0xff, 0xff, 0xf5, 0x0, 0x0, 0x0, 0x0,
    0x3f, 0xfe, 0x5, 0xff, 0xff, 0xff, 0xff, 0xff,
    0xff, 0xff, 0xf5, 0x0, 0x0, 0x0, 0x0, 0xbf,
    0xf7, 0x5, 0xff, 0xb8, 0x88, 0x88, 0x88, 0x88,
    0xcf, 0xf5, 0x0, 0x0, 0x0, 0x4, 0xff, 0xe0,
    0x5, 0xff, 0x50, 0x0, 0x0, 0x0, 0x0, 0x7f,
    0xf5, 0x0, 0x0, 0x0, 0xd, 0xff, 0x50, 0x5,
    0xff, 0x50, 0x0, 0x0, 0x0, 0x0, 0x7f, 0xf5,
    0x0, 0x0, 0x0, 0x7f, 0xfd, 0x0, 0x5, 0xff,
    0x50, 0x0, 0x0, 0x0, 0x0, 0x7f, 0xf5, 0x0,
    0x0, 0x2, 0xff, 0xfb, 0x0, 0x5, 0xff, 0x50,
    0x0, 0x0, 0x0, 0x0, 0x7f, 0xf5, 0x0, 0x0,
    0xd, 0xff, 0xfb, 0x0, 0x5, 0xff, 0xb9, 0x99,
    0x99, 0x99, 0x99, 0xcf, 0xf5, 0x0, 0x0, 0xaf,
    0xff, 0xfb, 0x0, 0x5, 0xff, 0xff, 0xff, 0xff,
    0xff, 0xff, 0xff, 0xf5, 0x0, 0x9, 0xff, 0xff,
    0xfb, 0x0, 0x5, 0xff, 0xff, 0xff, 0xff, 0xff,
    0xff, 0xff, 0xf5, 0x0, 0x3f, 0xff, 0x8f, 0xfb,
    0x0, 0x0, 0x0, 0x0, 0x1, 0xff, 0xc0, 0x0,
    0x0, 0x0, 0x0, 0xb, 0xfa, 0xf, 0xfb, 0x0,
    0x0, 0x0, 0x0, 0x1, 0xff, 0xc0, 0x0, 0x0,
    0x0, 0x0, 0x3, 0xd0, 0xf, 0xfb, 0x0, 0x0,
    0x0, 0x0, 0x1, 0xff, 0xc0, 0x0, 0x0, 0x0,
    0x0, 0x0, 0x10, 0xf, 0xfb, 0x4, 0x99, 0x99,
    0x99, 0x9a, 0xff, 0xe9, 0x99, 0x99, 0x99, 0x90,
    0x0, 0x0, 0xf, 0xfb, 0x7, 0xff, 0xff, 0xff,
    0xff, 0xff, 0xff, 0xff, 0xff, 0xff, 0xe0, 0x0,
    0x0, 0xf, 0xfb, 0x6, 0xff, 0xff, 0xff, 0xff,
    0xff, 0xff, 0xff, 0xff, 0xff, 0xe0, 0x0, 0x0,
    0xf, 0xfb, 0x0, 0x0, 0x0, 0x1, 0xef, 0xff,
    0xff, 0xa0, 0x0, 0x0, 0x0, 0x0, 0x0, 0xf,
    0xfb, 0x0, 0x0, 0x0, 0xc, 0xff, 0xff, 0xff,
    0xf7, 0x0, 0x0, 0x0, 0x0, 0x0, 0xf, 0xfb,
    0x0, 0x0, 0x0, 0xbf, 0xf8, 0xff, 0xcb, 0xff,
    0x50, 0x0, 0x0, 0x0, 0x0, 0xf, 0xfb, 0x0,
    0x0, 0xc, 0xff, 0x91, 0xff, 0xc0, 0xdf, 0xf5,
    0x0, 0x0, 0x0, 0x0, 0xf, 0xfb, 0x0, 0x3,
    0xdf, 0xfb, 0x1, 0xff, 0xc0, 0x2e, 0xff, 0x70,
    0x0, 0x0, 0x0, 0xf, 0xfb, 0x0, 0x7f, 0xff,
    0xc0, 0x1, 0xff, 0xc0, 0x4, 0xff, 0xfa, 0x10,
    0x0, 0x0, 0xf, 0xfb, 0x3d, 0xff, 0xfb, 0x0,
    0x1, 0xff, 0xc0, 0x0, 0x4f, 0xff, 0xe5, 0x0,
    0x0, 0xf, 0xfb, 0xa, 0xff, 0x80, 0x0, 0x1,
    0xff, 0xc0, 0x0, 0x3, 0xef, 0xd1, 0x0, 0x0,
    0xf, 0xfb, 0x0, 0x93, 0x0, 0x0, 0x1, 0xff,
    0xc0, 0x0, 0x0, 0x1a, 0x20, 0x0, 0x0, 0xe,
    0xea, 0x0, 0x0, 0x0, 0x0, 0x1, 0xff, 0xc0,
    0x0, 0x0, 0x0, 0x0,

    /* U+4FE1 "信" */
    0x0, 0x0, 0x0, 0x0, 0x0, 0x0, 0x0, 0x0,
    0x0, 0x10, 0x0, 0x0, 0x0, 0x0, 0x0, 0x0,
    0x0, 0x0, 0xcb, 0x40, 0x0, 0x0, 0x7, 0xed,
    0x0, 0x0, 0x0, 0x0, 0x0, 0x0, 0x0, 0x0,
    0x3f, 0xf6, 0x0, 0x0, 0x0, 0x8f, 0xf8, 0x0,
    0x0, 0x0, 0x0, 0x0, 0x0, 0x0, 0x9, 0xff,
    0x0, 0x0, 0x0, 0x0, 0xef, 0xf1, 0x0, 0x0,
    0x0, 0x0, 0x0, 0x0, 0x1, 0xff, 0x90, 0x0,
    0x0, 0x0, 0x7, 0xff, 0x60, 0x0, 0x0, 0x0,
    0x0, 0x0, 0x0, 0x8f, 0xf3, 0x55, 0x55, 0x55,
    0x55, 0x7f, 0x85, 0x55, 0x55, 0x55, 0x52, 0x0,
    0x0, 0x1f, 0xfd, 0xe, 0xff, 0xff, 0xff, 0xff,
    0xff, 0xff, 0xff, 0xff, 0xff, 0x50, 0x0, 0x9,
    0xff, 0x80, 0xdf, 0xff, 0xff, 0xff, 0xff, 0xff,
    0xff, 0xff, 0xff, 0xf5, 0x0, 0x3, 0xff, 0xf8,
    0x0, 0x0, 0x0, 0x0, 0x0, 0x0, 0x0, 0x0,
    0x0, 0x0, 0x0, 0x0, 0xdf, 0xff, 0x80, 0x0,
    0x1, 0x11, 0x11, 0x11, 0x11, 0x11, 0x11, 0x10,
    0x0, 0x0, 0x9f, 0xff, 0xf8, 0x0, 0xb, 0xff,
    0xff, 0xff, 0xff, 0xff, 0xff, 0xff, 0x10, 0x0,
    0x6f, 0xff, 0xff, 0x80, 0x0, 0xbf, 0xff, 0xff,
    0xff, 0xff, 0xff, 0xff, 0xf1, 0x0, 0xf, 0xff,
    0x7f, 0xf8, 0x0, 0x2, 0x33, 0x33, 0x33, 0x33,
    0x33, 0x33, 0x33, 0x0, 0x0, 0x7f, 0x91, 0xff,
    0x80, 0x0, 0x0, 0x0, 0x0, 0x0, 0x0, 0x0,
    0x0, 0x0, 0x0, 0x0, 0xa0, 0x1f, 0xf8, 0x0,
    0xb, 0xff, 0xff, 0xff, 0xff, 0xff, 0xff, 0xff,
    0x10, 0x0, 0x0, 0x1, 0xff, 0x80, 0x0, 0xbf,
    0xff, 0xff, 0xff, 0xff, 0xff, 0xff, 0xf1, 0x0,
    0x0, 0x0, 0x1f, 0xf8, 0x0, 0x3, 0x55, 0x55,
    0x55, 0x55, 0x55, 0x55, 0x55, 0x0, 0x0, 0x0,
    0x1, 0xff, 0x80, 0x0, 0x0, 0x0, 0x0, 0x0,
    0x0, 0x0, 0x0, 0x0, 0x0, 0x0, 0x0, 0x1f,
    0xf8, 0x0, 0x5, 0x55, 0x55, 0x55, 0x55, 0x55,
    0x55, 0x55, 0x20, 0x0, 0x0, 0x1, 0xff, 0x80,
    0x2, 0xff, 0xff, 0xff, 0xff, 0xff, 0xff, 0xff,
    0xf6, 0x0, 0x0, 0x0, 0x1f, 0xf8, 0x0, 0x2f,
    0xff, 0xff, 0xff, 0xff, 0xff, 0xff, 0xff, 0x60,
    0x0, 0x0, 0x1, 0xff, 0x80, 0x2, 0xff, 0x40,
    0x0, 0x0, 0x0, 0x0, 0x1f, 0xf6, 0x0, 0x0,
    0x0, 0x1f, 0xf8, 0x0, 0x2f, 0xf4, 0x0, 0x0,
    0x0, 0x0, 0x1, 0xff, 0x60, 0x0, 0x0, 0x1,
    0xff, 0x80, 0x2, 0xff, 0x40, 0x0, 0x0, 0x0,
    0x0, 0x1f, 0xf6, 0x0, 0x0, 0x0, 0x1f, 0xf8,
    0x0, 0x2f, 0xf4, 0x0, 0x0, 0x0, 0x0, 0x1,
    0xff, 0x60, 0x0, 0x0, 0x1, 0xff, 0x80, 0x2,
    0xff, 0xff, 0xff, 0xff, 0xff, 0xff, 0xff, 0xf6,
    0x0, 0x0, 0x0, 0x1f, 0xf8, 0x0, 0x2f, 0xff,
    0xff, 0xff, 0xff, 0xff, 0xff, 0xff, 0x60, 0x0,
    0x0, 0x1, 0xff, 0x80, 0x2, 0xff, 0x85, 0x55,
    0x55, 0x55, 0x55, 0x6e, 0xe6, 0x0, 0x0, 0x0,
    0x1, 0x11, 0x0, 0x0, 0x0, 0x0, 0x0, 0x0,
    0x0, 0x0, 0x0, 0x0, 0x0,

    /* U+4FEE "修" */
    0x0, 0x0, 0x0, 0x0, 0x0, 0x0, 0x0, 0x0,
    0x12, 0x0, 0x0, 0x0, 0x0, 0x0, 0x0, 0x0,
    0x0, 0x0, 0x7f, 0xa2, 0x0, 0x0, 0x0, 0x9f,
    0xe2, 0x0, 0x0, 0x0, 0x0, 0x0, 0x0, 0x0,
    0x0, 0xdf, 0xf0, 0x0, 0x0, 0x1, 0xff, 0xd0,
    0x0, 0x0, 0x0, 0x0, 0x0, 0x0, 0x0, 0x3,
    0xff, 0x90, 0x0, 0x0, 0x9, 0xff, 0x82, 0x22,
    0x22, 0x22, 0x20, 0x0, 0x0, 0x0, 0x9, 0xff,
    0x30, 0x0, 0x0, 0x3f, 0xff, 0xff, 0xff, 0xff,
    0xff, 0xf9, 0x0, 0x0, 0x0, 0x1f, 0xfc, 0x0,
    0x0, 0x0, 0xdf, 0xff, 0xff, 0xff, 0xff, 0xff,
    0xf5, 0x0, 0x0, 0x0, 0x8f, 0xf6, 0x0, 0x0,
    0xa, 0xff, 0xf7, 0x22, 0x22, 0x23, 0xef, 0xc0,
    0x0, 0x0, 0x1, 0xef, 0xf0, 0x0, 0x0, 0x9f,
    0xff, 0xff, 0x30, 0x0, 0xc, 0xff, 0x30, 0x0,
    0x0, 0x9, 0xff, 0xf0, 0x0, 0x8, 0xff, 0xe2,
    0xdf, 0xe4, 0x1, 0xbf, 0xf7, 0x0, 0x0, 0x0,
    0x2f, 0xff, 0xf0, 0xe, 0xf7, 0xae, 0x20, 0x2e,
    0xff, 0x7d, 0xff, 0x70, 0x0, 0x0, 0x0, 0xcf,
    0xff, 0xf0, 0xe, 0xf6, 0x2, 0x0, 0x2, 0xef,
    0xff, 0xf7, 0x0, 0x0, 0x0, 0x8, 0xff, 0xff,
    0xf0, 0xe, 0xf6, 0x0, 0x0, 0x18, 0xef, 0xff,
    0xfa, 0x40, 0x0, 0x0, 0x4f, 0xff, 0xef, 0xf0,
    0xe, 0xf6, 0x1, 0x5a, 0xff, 0xff, 0xbe, 0xff,
    0xfd, 0x84, 0x0, 0x1f, 0xf9, 0xbf, 0xf0, 0xe,
    0xfc, 0xdf, 0xff, 0xff, 0x91, 0x1, 0x8f, 0xff,
    0xff, 0xe0, 0x9, 0xd0, 0xbf, 0xf0, 0xe, 0xf9,
    0xff, 0xfb, 0x71, 0x0, 0x66, 0x1, 0x6b, 0xff,
    0x40, 0x2, 0x20, 0xbf, 0xf0, 0xe, 0xf6, 0x55,
    0x0, 0x0, 0x2b, 0xff, 0x80, 0x0, 0x14, 0x0,
    0x0, 0x0, 0xbf, 0xf0, 0xe, 0xf6, 0x0, 0x0,
    0x39, 0xff, 0xf6, 0x0, 0x0, 0x0, 0x0, 0x0,
    0x0, 0xbf, 0xf0, 0xe, 0xf6, 0x0, 0x7d, 0xff,
    0xfa, 0x10, 0x7, 0x60, 0x0, 0x0, 0x0, 0x0,
    0xbf, 0xf0, 0xe, 0xf6, 0x0, 0xbf, 0xe8, 0x20,
    0x1, 0xbf, 0xf6, 0x0, 0x0, 0x0, 0x0, 0xbf,
    0xf0, 0xe, 0xf6, 0x0, 0x5, 0x0, 0x0, 0x8f,
    0xff, 0x40, 0x0, 0x0, 0x0, 0x0, 0xbf, 0xf0,
    0xe, 0xf6, 0x0, 0x0, 0x3, 0x9f, 0xff, 0xb2,
    0x2, 0x82, 0x0, 0x0, 0x0, 0xbf, 0xf0, 0xe,
    0xf6, 0x0, 0x59, 0xef, 0xff, 0xc4, 0x0, 0x3e,
    0xff, 0x40, 0x0, 0x0, 0xbf, 0xf0, 0xe, 0xf6,
    0x0, 0x7f, 0xfe, 0xa3, 0x0, 0x18, 0xff, 0xf6,
    0x0, 0x0, 0x0, 0xbf, 0xf0, 0x8, 0x83, 0x0,
    0x7, 0x40, 0x0, 0x18, 0xff, 0xff, 0x40, 0x0,
    0x0, 0x0, 0xbf, 0xf0, 0x0, 0x0, 0x0, 0x0,
    0x2, 0x7c, 0xff, 0xff, 0x81, 0x0, 0x0, 0x0,
    0x0, 0xbf, 0xf0, 0x0, 0x0, 0x14, 0x7a, 0xdf,
    0xff, 0xfe, 0x91, 0x0, 0x0, 0x0, 0x0, 0x0,
    0xbf, 0xf0, 0x0, 0x0, 0x2f, 0xff, 0xff, 0xfa,
    0x40, 0x0, 0x0, 0x0, 0x0, 0x0, 0x0, 0xbf,
    0xf0, 0x0, 0x0, 0x6, 0xd9, 0x63, 0x0, 0x0,
    0x0, 0x0, 0x0, 0x0,

    /* U+505C "停" */
    0x0, 0x0, 0x0, 0x3, 0x10, 0x0, 0x0, 0x0,
    0x1, 0x57, 0x0, 0x0, 0x0, 0x0, 0x0, 0x0,
    0x0, 0x0, 0xdf, 0xb0, 0x0, 0x0, 0x0, 0xcf,
    0xf3, 0x0, 0x0, 0x0, 0x0, 0x0, 0x0, 0x0,
    0x4f, 0xfa, 0x0, 0x0, 0x0, 0x4, 0xff, 0xb0,
    0x0, 0x0, 0x0, 0x0, 0x0, 0x0, 0xa, 0xff,
    0x9f, 0xff, 0xff, 0xff, 0xff, 0xff, 0xff, 0xff,
    0xff, 0xf6, 0x0, 0x0, 0x2, 0xff, 0xd5, 0xff,
    0xff, 0xff, 0xff, 0xff, 0xff, 0xff, 0xff, 0xff,
    0x60, 0x0, 0x0, 0x9f, 0xf6, 0x26, 0x66, 0x66,
    0x66, 0x66, 0x66, 0x66, 0x66, 0x66, 0x62, 0x0,
    0x0, 0x2f, 0xfe, 0x0, 0x0, 0x0, 0x0, 0x0,
    0x0, 0x0, 0x0, 0x0, 0x0, 0x0, 0x0, 0xa,
    0xff, 0x70, 0x0, 0x4f, 0xff, 0xff, 0xff, 0xff,
    0xff, 0xff, 0xf1, 0x0, 0x0, 0x4, 0xff, 0xf1,
    0x0, 0x4, 0xff, 0xfe, 0xee, 0xee, 0xee, 0xef,
    0xff, 0x10, 0x0, 0x0, 0xef, 0xff, 0x10, 0x0,
    0x4f, 0xf6, 0x0, 0x0, 0x0, 0x0, 0x9f, 0xf1,
    0x0, 0x0, 0xaf, 0xff, 0xf1, 0x0, 0x4, 0xff,
    0x60, 0x0, 0x0, 0x0, 0x9, 0xff, 0x10, 0x0,
    0x7f, 0xff, 0xff, 0x10, 0x0, 0x4f, 0xff, 0xee,
    0xee, 0xee, 0xee, 0xff, 0xf1, 0x0, 0xf, 0xff,
    0xef, 0xf1, 0x0, 0x4, 0xff, 0xff, 0xff, 0xff,
    0xff, 0xff, 0xff, 0x10, 0x0, 0x9f, 0xb8, 0xff,
    0x10, 0x0, 0x0, 0x0, 0x0, 0x0, 0x0, 0x0,
    0x0, 0x0, 0x0, 0x1, 0xd1, 0x8f, 0xf1, 0x5,
    0x55, 0x55, 0x55, 0x55, 0x55, 0x55, 0x55, 0x55,
    0x55, 0x20, 0x1, 0x8, 0xff, 0x10, 0xef, 0xff,
    0xff, 0xff, 0xff, 0xff, 0xff, 0xff, 0xff, 0xf7,
    0x0, 0x0, 0x8f, 0xf1, 0xe, 0xff, 0xff, 0xff,
    0xff, 0xff, 0xff, 0xff, 0xff, 0xff, 0x70, 0x0,
    0x8, 0xff, 0x10, 0xef, 0x80, 0x0, 0x0, 0x0,
    0x0, 0x0, 0x0, 0xf, 0xf7, 0x0, 0x0, 0x8f,
    0xf1, 0xe, 0xf8, 0x22, 0x22, 0x22, 0x22, 0x22,
    0x22, 0x22, 0xff, 0x70, 0x0, 0x8, 0xff, 0x10,
    0xbc, 0x7f, 0xff, 0xff, 0xff, 0xff, 0xff, 0xff,
    0x9c, 0xc6, 0x0, 0x0, 0x8f, 0xf1, 0x0, 0x0,
    0xff, 0xff, 0xff, 0xff, 0xff, 0xff, 0xf8, 0x0,
    0x0, 0x0, 0x8, 0xff, 0x10, 0x0, 0x1, 0x11,
    0x11, 0x3f, 0xfb, 0x11, 0x11, 0x0, 0x0, 0x0,
    0x0, 0x8f, 0xf1, 0x0, 0x0, 0x0, 0x0, 0x2,
    0xff, 0xb0, 0x0, 0x0, 0x0, 0x0, 0x0, 0x8,
    0xff, 0x10, 0x0, 0x0, 0x0, 0x0, 0x2f, 0xfb,
    0x0, 0x0, 0x0, 0x0, 0x0, 0x0, 0x8f, 0xf1,
    0x0, 0x0, 0x0, 0x0, 0x2, 0xff, 0xb0, 0x0,
    0x0, 0x0, 0x0, 0x0, 0x8, 0xff, 0x10, 0x0,
    0x0, 0x57, 0x66, 0x9f, 0xfa, 0x0, 0x0, 0x0,
    0x0, 0x0, 0x0, 0x8f, 0xf1, 0x0, 0x0, 0x6,
    0xff, 0xff, 0xff, 0x70, 0x0, 0x0, 0x0, 0x0,
    0x0, 0x8, 0xff, 0x10, 0x0, 0x0, 0x1f, 0xff,
    0xec, 0x80, 0x0, 0x0, 0x0, 0x0, 0x0, 0x0,
    0x1, 0x10, 0x0, 0x0, 0x0, 0x0, 0x0, 0x0,
    0x0, 0x0, 0x0, 0x0, 0x0,

    /* U+514D "免" */
    0x0, 0x0, 0x0, 0x0, 0x4, 0x30, 0x0, 0x0,
    0x0, 0x0, 0x0, 0x0, 0x0, 0x0, 0x0, 0x0,
    0x0, 0x0, 0x2, 0xff, 0xf3, 0x0, 0x0, 0x0,
    0x0, 0x0, 0x0, 0x0, 0x0, 0x0, 0x0, 0x0,
    0x0, 0xcf, 0xfc, 0x22, 0x22, 0x22, 0x30, 0x0,
    0x0, 0x0, 0x0, 0x0, 0x0, 0x0, 0x0, 0x8f,
    0xff, 0xff, 0xff, 0xff, 0xff, 0xc2, 0x0, 0x0,
    0x0, 0x0, 0x0, 0x0, 0x0, 0x5f, 0xff, 0xff,
    0xff, 0xff, 0xff, 0xff, 0x40, 0x0, 0x0, 0x0,
    0x0, 0x0, 0x0, 0x3f, 0xff, 0x82, 0x22, 0x22,
    0x2b, 0xff, 0xa0, 0x0, 0x0, 0x0, 0x0, 0x0,
    0x0, 0x4f, 0xff, 0x90, 0x0, 0x0, 0x6, 0xff,
    0xd1, 0x0, 0x0, 0x0, 0x0, 0x0, 0x0, 0x4f,
    0xff, 0xa0, 0x0, 0x0, 0x3, 0xff, 0xf2, 0x0,
    0x0, 0x0, 0x0, 0x0, 0x0, 0x8f, 0xff, 0xff,
    0xff, 0xff, 0xff, 0xff, 0xff, 0xff, 0xff, 0xff,
    0xff, 0x10, 0x0, 0xcf, 0xff, 0xff, 0xff, 0xff,
    0xff, 0xff, 0xff, 0xff, 0xff, 0xff, 0xff, 0xf1,
    0x0, 0x6, 0xff, 0xff, 0xfa, 0x99, 0x99, 0x9d,
    0xff, 0xc9, 0x99, 0x99, 0x9f, 0xff, 0x10, 0x0,
    0x7, 0x6c, 0xff, 0x10, 0x0, 0x0, 0xaf, 0xf5,
    0x0, 0x0, 0x0, 0xef, 0xf1, 0x0, 0x0, 0x0,
    0xcf, 0xf1, 0x0, 0x0, 0xc, 0xff, 0x30, 0x0,
    0x0, 0xe, 0xff, 0x10, 0x0, 0x0, 0xc, 0xff,
    0x10, 0x0, 0x0, 0xef, 0xf1, 0x0, 0x0, 0x0,
    0xef, 0xf1, 0x0, 0x0, 0x0, 0xcf, 0xf1, 0x0,
    0x0, 0xf, 0xff, 0x0, 0x0, 0x0, 0xe, 0xff,
    0x10, 0x0, 0x0, 0xc, 0xff, 0x99, 0x99, 0x9a,
    0xff, 0xf9, 0x99, 0x99, 0x99, 0xff, 0xf1, 0x0,
    0x0, 0x0, 0xcf, 0xff, 0xff, 0xff, 0xff, 0xff,
    0xff, 0xff, 0xff, 0xff, 0xff, 0x10, 0x0, 0x0,
    0xb, 0xff, 0xff, 0xff, 0xff, 0xff, 0xff, 0xff,
    0xff, 0xff, 0xff, 0xf1, 0x0, 0x0, 0x0, 0x0,
    0x0, 0x0, 0x3, 0xff, 0xd0, 0xdf, 0xf1, 0x0,
    0x0, 0x0, 0x0, 0x0, 0x0, 0x0, 0x0, 0x0,
    0x0, 0xcf, 0xf6, 0xd, 0xff, 0x10, 0x0, 0x0,
    0x0, 0x0, 0x0, 0x0, 0x0, 0x0, 0x0, 0x6f,
    0xfe, 0x0, 0xdf, 0xf1, 0x0, 0x0, 0x0, 0x0,
    0x0, 0x0, 0x0, 0x0, 0x0, 0x5f, 0xff, 0x60,
    0xd, 0xff, 0x10, 0x0, 0x0, 0x14, 0x0, 0x0,
    0x0, 0x0, 0x0, 0x5f, 0xff, 0xb0, 0x0, 0xdf,
    0xf1, 0x0, 0x0, 0x2, 0xfd, 0x40, 0x0, 0x0,
    0x1, 0xaf, 0xff, 0xc0, 0x0, 0xd, 0xff, 0x10,
    0x0, 0x0, 0x4f, 0xf5, 0x0, 0x0, 0x28, 0xff,
    0xff, 0xa0, 0x0, 0x0, 0xdf, 0xf1, 0x0, 0x0,
    0x7, 0xff, 0x30, 0x27, 0xbf, 0xff, 0xfe, 0x60,
    0x0, 0x0, 0xc, 0xff, 0xb8, 0x88, 0x89, 0xef,
    0xf0, 0x5, 0xff, 0xff, 0xf9, 0x10, 0x0, 0x0,
    0x0, 0x7f, 0xff, 0xff, 0xff, 0xff, 0xf9, 0x0,
    0xa, 0xfc, 0x71, 0x0, 0x0, 0x0, 0x0, 0x0,
    0x8d, 0xff, 0xff, 0xff, 0xe9, 0x0, 0x0, 0x11,
    0x0, 0x0, 0x0, 0x0, 0x0, 0x0, 0x0, 0x0,
    0x0, 0x0, 0x0, 0x0, 0x0,

    /* U+5165 "入" */
    0x0, 0x0, 0x0, 0x0, 0x1a, 0x0, 0x0, 0x0,
    0x0, 0x0, 0x0, 0x0, 0x0, 0x0, 0x0, 0x0,
    0x0, 0x0, 0xb, 0xfc, 0x10, 0x0, 0x0, 0x0,
    0x0, 0x0, 0x0, 0x0, 0x0, 0x0, 0x0, 0x0,
    0x3, 0xff, 0xfe, 0x20, 0x0, 0x0, 0x0, 0x0,
    0x0, 0x0, 0x0, 0x0, 0x0, 0x0, 0x0, 0x5,
    0xff, 0xfe, 0x10, 0x0, 0x0, 0x0, 0x0, 0x0,
    0x0, 0x0, 0x0, 0x0, 0x0, 0x0, 0x3, 0xef,
    0xfc, 0x0, 0x0, 0x0, 0x0, 0x0, 0x0, 0x0,
    0x0, 0x0, 0x0, 0x0, 0x0, 0x3, 0xff, 0xf9,
    0x0, 0x0, 0x0, 0x0, 0x0, 0x0, 0x0, 0x0,
    0x0, 0x0, 0x0, 0x0, 0x6, 0xff, 0xf4, 0x0,
    0x0, 0x0, 0x0, 0x0, 0x0, 0x0, 0x0, 0x0,
    0x0, 0x0, 0x0, 0xc, 0xff, 0xd0, 0x0, 0x0,
    0x0, 0x0, 0x0, 0x0, 0x0, 0x0, 0x0, 0x0,
    0x0, 0x0, 0xff, 0xff, 0x70, 0x0, 0x0, 0x0,
    0x0, 0x0, 0x0, 0x0, 0x0, 0x0, 0x0, 0x0,
    0x5f, 0xff, 0xff, 0x10, 0x0, 0x0, 0x0, 0x0,
    0x0, 0x0, 0x0, 0x0, 0x0, 0x0, 0xa, 0xff,
    0xff, 0xf9, 0x0, 0x0, 0x0, 0x0, 0x0, 0x0,
    0x0, 0x0, 0x0, 0x0, 0x0, 0xff, 0xfa, 0xff,
    0xf2, 0x0, 0x0, 0x0, 0x0, 0x0, 0x0, 0x0,
    0x0, 0x0, 0x0, 0x4f, 0xff, 0x1a, 0xff, 0xa0,
    0x0, 0x0, 0x0, 0x0, 0x0, 0x0, 0x0, 0x0,
    0x0, 0xa, 0xff, 0xb0, 0x2f, 0xff, 0x30, 0x0,
    0x0, 0x0, 0x0, 0x0, 0x0, 0x0, 0x0, 0x2,
    0xff, 0xf4, 0x0, 0xaf, 0xfb, 0x0, 0x0, 0x0,
    0x0, 0x0, 0x0, 0x0, 0x0, 0x0, 0xbf, 0xfe,
    0x0, 0x2, 0xff, 0xf4, 0x0, 0x0, 0x0, 0x0,
    0x0, 0x0, 0x0, 0x0, 0x3f, 0xff, 0x70, 0x0,
    0x9, 0xff, 0xe0, 0x0, 0x0, 0x0, 0x0, 0x0,
    0x0, 0x0, 0xc, 0xff, 0xd0, 0x0, 0x0, 0x1e,
    0xff, 0x90, 0x0, 0x0, 0x0, 0x0, 0x0, 0x0,
    0x7, 0xff, 0xf4, 0x0, 0x0, 0x0, 0x7f, 0xff,
    0x30, 0x0, 0x0, 0x0, 0x0, 0x0, 0x5, 0xff,
    0xfb, 0x0, 0x0, 0x0, 0x0, 0xdf, 0xfe, 0x20,
    0x0, 0x0, 0x0, 0x0, 0x3, 0xff, 0xff, 0x20,
    0x0, 0x0, 0x0, 0x3, 0xff, 0xfd, 0x10, 0x0,
    0x0, 0x0, 0x2, 0xef, 0xff, 0x40, 0x0, 0x0,
    0x0, 0x0, 0x6, 0xff, 0xfc, 0x10, 0x0, 0x0,
    0x3, 0xef, 0xff, 0x50, 0x0, 0x0, 0x0, 0x0,
    0x0, 0xa, 0xff, 0xfe, 0x30, 0x0, 0x7, 0xff,
    0xff, 0x70, 0x0, 0x0, 0x0, 0x0, 0x0, 0x0,
    0xd, 0xff, 0xff, 0x60, 0x4d, 0xff, 0xff, 0x70,
    0x0, 0x0, 0x0, 0x0, 0x0, 0x0, 0x0, 0x1d,
    0xff, 0xfd, 0x4, 0xff, 0xfe, 0x30, 0x0, 0x0,
    0x0, 0x0, 0x0, 0x0, 0x0, 0x0, 0x1b, 0xff,
    0x50, 0x2, 0xeb, 0x10, 0x0, 0x0, 0x0, 0x0,
    0x0, 0x0, 0x0, 0x0, 0x0, 0x6, 0xe0, 0x0,
    0x1, 0x0, 0x0, 0x0, 0x0, 0x0, 0x0, 0x0,
    0x0, 0x0, 0x0, 0x0, 0x0, 0x0,

    /* U+5168 "全" */
    0x0, 0x0, 0x0, 0x0, 0x0, 0x0, 0x0, 0x86,
    0x0, 0x0, 0x0, 0x0, 0x0, 0x0, 0x0, 0x0,
    0x0, 0x0, 0x0, 0x0, 0x0, 0x6, 0xff, 0xd0,
    0x0, 0x0, 0x0, 0x0, 0x0, 0x0, 0x0, 0x0,
    0x0, 0x0, 0x0, 0x0, 0x3f, 0xff, 0xd1, 0x0,
    0x0, 0x0, 0x0, 0x0, 0x0, 0x0, 0x0, 0x0,
    0x0, 0x0, 0x1, 0xef, 0xff, 0xfd, 0x10, 0x0,
    0x0, 0x0, 0x0, 0x0, 0x0, 0x0, 0x0, 0x0,
    0x0, 0x2d, 0xff, 0xbb, 0xff, 0xd1, 0x0, 0x0,
    0x0, 0x0, 0x0, 0x0, 0x0, 0x0, 0x0, 0x2,
    0xef, 0xfc, 0x0, 0xbf, 0xfd, 0x20, 0x0, 0x0,
    0x0, 0x0, 0x0, 0x0, 0x0, 0x0, 0x3e, 0xff,
    0xc0, 0x0, 0xa, 0xff, 0xf5, 0x0, 0x0, 0x0,
    0x0, 0x0, 0x0, 0x0, 0x8, 0xff, 0xfc, 0x0,
    0x0, 0x0, 0xaf, 0xff, 0x80, 0x0, 0x0, 0x0,
    0x0, 0x0, 0x2, 0xcf, 0xff, 0xa0, 0x0, 0x0,
    0x0, 0x8, 0xff, 0xfd, 0x30, 0x0, 0x0, 0x0,
    0x0, 0x7f, 0xff, 0xf6, 0x0, 0x0, 0x0, 0x0,
    0x0, 0x4e, 0xff, 0xf9, 0x10, 0x0, 0x0, 0x6e,
    0xff, 0xfd, 0x30, 0x0, 0x0, 0x0, 0x0, 0x0,
    0x2, 0xcf, 0xff, 0xe7, 0x0, 0x1e, 0xff, 0xff,
    0xf9, 0x88, 0x88, 0x88, 0x88, 0x88, 0x88, 0x88,
    0x8f, 0xff, 0xff, 0xe2, 0x6, 0xff, 0xd6, 0xff,
    0xff, 0xff, 0xff, 0xff, 0xff, 0xff, 0xff, 0xff,
    0x8c, 0xff, 0x90, 0x0, 0x86, 0x1, 0xff, 0xff,
    0xff, 0xff, 0xff, 0xff, 0xff, 0xff, 0xff, 0x50,
    0x6b, 0x0, 0x0, 0x0, 0x0, 0x0, 0x0, 0x0,
    0x8, 0xff, 0x80, 0x0, 0x0, 0x0, 0x0, 0x0,
    0x0, 0x0, 0x0, 0x0, 0x0, 0x0, 0x0, 0x7,
    0xff, 0x80, 0x0, 0x0, 0x0, 0x0, 0x0, 0x0,
    0x0, 0x0, 0x0, 0x0, 0x0, 0x0, 0x7, 0xff,
    0x80, 0x0, 0x0, 0x0, 0x0, 0x0, 0x0, 0x0,
    0x0, 0x0, 0x0, 0x0, 0x0, 0x7, 0xff, 0x80,
    0x0, 0x0, 0x0, 0x0, 0x0, 0x0, 0x0, 0x0,
    0x0, 0x78, 0x88, 0x88, 0x8c, 0xff, 0xc8, 0x88,
    0x88, 0x88, 0x10, 0x0, 0x0, 0x0, 0x0, 0x0,
    0xdf, 0xff, 0xff, 0xff, 0xff, 0xff, 0xff, 0xff,
    0xff, 0x30, 0x0, 0x0, 0x0, 0x0, 0x0, 0xcf,
    0xff, 0xff, 0xff, 0xff, 0xff, 0xff, 0xff, 0xff,
    0x30, 0x0, 0x0, 0x0, 0x0, 0x0, 0x0, 0x0,
    0x0, 0x7, 0xff, 0x80, 0x0, 0x0, 0x0, 0x0,
    0x0, 0x0, 0x0, 0x0, 0x0, 0x0, 0x0, 0x0,
    0x7, 0xff, 0x80, 0x0, 0x0, 0x0, 0x0, 0x0,
    0x0, 0x0, 0x0, 0x0, 0x0, 0x0, 0x0, 0x7,
    0xff, 0x80, 0x0, 0x0, 0x0, 0x0, 0x0, 0x0,
    0x0, 0x0, 0x0, 0x0, 0x0, 0x0, 0x7, 0xff,
    0x80, 0x0, 0x0, 0x0, 0x0, 0x0, 0x0, 0x0,
    0xaf, 0xff, 0xff, 0xff, 0xff, 0xff, 0xff, 0xff,
    0xff, 0xff, 0xff, 0xff, 0xfe, 0x0, 0x0, 0xbf,
    0xff, 0xff, 0xff, 0xff, 0xff, 0xff, 0xff, 0xff,
    0xff, 0xff, 0xff, 0xfe, 0x0, 0x0, 0x69, 0x99,
    0x99, 0x99, 0x99, 0x99, 0x99, 0x99, 0x99, 0x99,
    0x99, 0x99, 0x98, 0x0,

    /* U+5173 "关" */
    0x0, 0x0, 0x0, 0x0, 0x0, 0x0, 0x0, 0x0,
    0x0, 0x0, 0x10, 0x0, 0x0, 0x0, 0x0, 0x0,
    0x0, 0x6, 0xe4, 0x0, 0x0, 0x0, 0x0, 0x0,
    0x4f, 0xb6, 0x0, 0x0, 0x0, 0x0, 0x0, 0x4,
    0xff, 0xe1, 0x0, 0x0, 0x0, 0x0, 0xb, 0xff,
    0xb0, 0x0, 0x0, 0x0, 0x0, 0x0, 0x9, 0xff,
    0xb0, 0x0, 0x0, 0x0, 0x3, 0xff, 0xf2, 0x0,
    0x0, 0x0, 0x0, 0x0, 0x0, 0xe, 0xff, 0x40,
    0x0, 0x0, 0x0, 0xbf, 0xf7, 0x0, 0x0, 0x0,
    0x0, 0x0, 0x0, 0x0, 0x6f, 0xfc, 0x0, 0x0,
    0x0, 0x5f, 0xfd, 0x0, 0x0, 0x0, 0x0, 0x0,
    0x0, 0x0, 0x1, 0xec, 0x30, 0x0, 0x0, 0x1d,
    0xff, 0x50, 0x0, 0x0, 0x0, 0x0, 0x2, 0xff,
    0xff, 0xff, 0xff, 0xff, 0xff, 0xff, 0xff, 0xff,
    0xff, 0xff, 0x80, 0x0, 0x0, 0x2f, 0xff, 0xff,
    0xff, 0xff, 0xff, 0xff, 0xff, 0xff, 0xff, 0xff,
    0xf8, 0x0, 0x0, 0x1, 0xcc, 0xcc, 0xcc, 0xcc,
    0xce, 0xff, 0xfc, 0xcc, 0xcc, 0xcc, 0xcc, 0x60,
    0x0, 0x0, 0x0, 0x0, 0x0, 0x0, 0x0, 0x7f,
    0xfc, 0x0, 0x0, 0x0, 0x0, 0x0, 0x0, 0x0,
    0x0, 0x0, 0x0, 0x0, 0x0, 0x7, 0xff, 0xc0,
    0x0, 0x0, 0x0, 0x0, 0x0, 0x0, 0x0, 0x0,
    0x0, 0x0, 0x0, 0x0, 0x7f, 0xfc, 0x0, 0x0,
    0x0, 0x0, 0x0, 0x0, 0x0, 0x0, 0x0, 0x0,
    0x0, 0x0, 0x7, 0xff, 0xc0, 0x0, 0x0, 0x0,
    0x0, 0x0, 0x0, 0xa, 0xaa, 0xaa, 0xaa, 0xaa,
    0xaa, 0xdf, 0xfe, 0xaa, 0xaa, 0xaa, 0xaa, 0xaa,
    0xa1, 0x0, 0xff, 0xff, 0xff, 0xff, 0xff, 0xff,
    0xff, 0xff, 0xff, 0xff, 0xff, 0xff, 0xff, 0x20,
    0xf, 0xff, 0xff, 0xff, 0xff, 0xff, 0xff, 0xff,
    0xff, 0xff, 0xff, 0xff, 0xff, 0xf2, 0x0, 0x22,
    0x22, 0x22, 0x22, 0x22, 0x6f, 0xff, 0xfc, 0x22,
    0x22, 0x22, 0x22, 0x22, 0x0, 0x0, 0x0, 0x0,
    0x0, 0x0, 0xc, 0xff, 0xff, 0xf6, 0x0, 0x0,
    0x0, 0x0, 0x0, 0x0, 0x0, 0x0, 0x0, 0x0,
    0x5, 0xff, 0xfb, 0xff, 0xf2, 0x0, 0x0, 0x0,
    0x0, 0x0, 0x0, 0x0, 0x0, 0x0, 0x3, 0xff,
    0xfd, 0x9, 0xff, 0xe2, 0x0, 0x0, 0x0, 0x0,
    0x0, 0x0, 0x0, 0x0, 0x4, 0xff, 0xff, 0x30,
    0xd, 0xff, 0xe3, 0x0, 0x0, 0x0, 0x0, 0x0,
    0x0, 0x0, 0x9, 0xff, 0xff, 0x60, 0x0, 0x2e,
    0xff, 0xf7, 0x0, 0x0, 0x0, 0x0, 0x0, 0x0,
    0x6e, 0xff, 0xff, 0x50, 0x0, 0x0, 0x2e, 0xff,
    0xfe, 0x50, 0x0, 0x0, 0x0, 0x17, 0xef, 0xff,
    0xfd, 0x30, 0x0, 0x0, 0x0, 0x1d, 0xff, 0xff,
    0xd8, 0x20, 0x4, 0xbf, 0xff, 0xff, 0xf8, 0x0,
    0x0, 0x0, 0x0, 0x0, 0x8, 0xff, 0xff, 0xff,
    0xb0, 0x2e, 0xff, 0xff, 0x92, 0x0, 0x0, 0x0,
    0x0, 0x0, 0x0, 0x2, 0xbf, 0xff, 0xf2, 0x0,
    0x4f, 0xd7, 0x10, 0x0, 0x0, 0x0, 0x0, 0x0,
    0x0, 0x0, 0x0, 0x28, 0xe6, 0x0, 0x0, 0x20,
    0x0, 0x0, 0x0, 0x0, 0x0, 0x0, 0x0, 0x0,
    0x0, 0x0, 0x0, 0x0, 0x0,

    /* U+5185 "内" */
    0x0, 0x0, 0x0, 0x0, 0x0, 0x0, 0x11, 0x10,
    0x0, 0x0, 0x0, 0x0, 0x0, 0x0, 0x0, 0x0,
    0x0, 0x0, 0x3, 0xff, 0xb0, 0x0, 0x0, 0x0,
    0x0, 0x0, 0x0, 0x0, 0x0, 0x0, 0x0, 0x3,
    0xff, 0xb0, 0x0, 0x0, 0x0, 0x0, 0x0, 0x0,
    0x0, 0x0, 0x0, 0x0, 0x3, 0xff, 0xb0, 0x0,
    0x0, 0x0, 0x0, 0x0, 0x0, 0x0, 0x0, 0x0,
    0x0, 0x3, 0xff, 0xb0, 0x0, 0x0, 0x0, 0x0,
    0x0, 0x0, 0x0, 0x0, 0x0, 0x0, 0x4, 0xff,
    0xb0, 0x0, 0x0, 0x0, 0x0, 0x0, 0x1f, 0xff,
    0xff, 0xff, 0xff, 0xff, 0xff, 0xff, 0xff, 0xff,
    0xff, 0xff, 0xf1, 0x1f, 0xff, 0xff, 0xff, 0xff,
    0xff, 0xff, 0xff, 0xff, 0xff, 0xff, 0xff, 0xf1,
    0x1f, 0xff, 0xbb, 0xbb, 0xbb, 0xbd, 0xff, 0xeb,
    0xbb, 0xbb, 0xbb, 0xef, 0xf1, 0x1f, 0xfc, 0x0,
    0x0, 0x0, 0x5, 0xff, 0x90, 0x0, 0x0, 0x0,
    0xaf, 0xf1, 0x1f, 0xfc, 0x0, 0x0, 0x0, 0x7,
    0xff, 0x60, 0x0, 0x0, 0x0, 0xaf, 0xf1, 0x1f,
    0xfc, 0x0, 0x0, 0x0, 0xa, 0xff, 0x40, 0x0,
    0x0, 0x0, 0xaf, 0xf1, 0x1f, 0xfc, 0x0, 0x0,
    0x0, 0xe, 0xff, 0x70, 0x0, 0x0, 0x0, 0xaf,
    0xf1, 0x1f, 0xfc, 0x0, 0x0, 0x0, 0x3f, 0xff,
    0xf7, 0x0, 0x0, 0x0, 0xaf, 0xf1, 0x1f, 0xfc,
    0x0, 0x0, 0x0, 0xbf, 0xff, 0xff, 0x90, 0x0,
    0x0, 0xaf, 0xf1, 0x1f, 0xfc, 0x0, 0x0, 0x5,
    0xff, 0xe3, 0xef, 0xfa, 0x0, 0x0, 0xaf, 0xf1,
    0x1f, 0xfc, 0x0, 0x0, 0x2e, 0xff, 0x60, 0x2e,
    0xff, 0xa0, 0x0, 0xaf, 0xf1, 0x1f, 0xfc, 0x0,
    0x2, 0xef, 0xfb, 0x0, 0x2, 0xef, 0xfa, 0x0,
    0xaf, 0xf1, 0x1f, 0xfc, 0x0, 0x4f, 0xff, 0xd0,
    0x0, 0x0, 0x2e, 0xff, 0xa0, 0xaf, 0xf1, 0x1f,
    0xfc, 0x1a, 0xff, 0xfc, 0x10, 0x0, 0x0, 0x3,
    0xff, 0xf8, 0xaf, 0xf1, 0x1f, 0xfc, 0x5f, 0xff,
    0xa0, 0x0, 0x0, 0x0, 0x0, 0x5f, 0xe4, 0xaf,
    0xf1, 0x1f, 0xfc, 0x5, 0xe5, 0x0, 0x0, 0x0,
    0x0, 0x0, 0x6, 0x10, 0xaf, 0xf1, 0x1f, 0xfc,
    0x0, 0x0, 0x0, 0x0, 0x0, 0x0, 0x0, 0x0,
    0x0, 0xaf, 0xf1, 0x1f, 0xfc, 0x0, 0x0, 0x0,
    0x0, 0x0, 0x0, 0x0, 0x0, 0x0, 0xaf, 0xf1,
    0x1f, 0xfc, 0x0, 0x0, 0x0, 0x0, 0x0, 0x0,
    0x0, 0x0, 0x0, 0xbf, 0xf1, 0x1f, 0xfc, 0x0,
    0x0, 0x0, 0x0, 0x0, 0x0, 0x9, 0xdd, 0xdd,
    0xff, 0xf0, 0x1f, 0xfc, 0x0, 0x0, 0x0, 0x0,
    0x0, 0x0, 0x4, 0xff, 0xff, 0xff, 0xb0, 0x1f,
    0xfc, 0x0, 0x0, 0x0, 0x0, 0x0, 0x0, 0x0,
    0xee, 0xed, 0xb8, 0x10,

    /* U+518D "再" */
    0x7, 0x99, 0x99, 0x99, 0x99, 0x99, 0x99, 0x99,
    0x99, 0x99, 0x99, 0x99, 0x99, 0x70, 0xc, 0xff,
    0xff, 0xff, 0xff, 0xff, 0xff, 0xff, 0xff, 0xff,
    0xff, 0xff, 0xff, 0xc0, 0xc, 0xff, 0xff, 0xff,
    0xff, 0xff, 0xff, 0xff, 0xff, 0xff, 0xff, 0xff,
    0xff, 0xc0, 0x0, 0x0, 0x0, 0x0, 0x0, 0x0,
    0x8f, 0xf5, 0x0, 0x0, 0x0, 0x0, 0x0, 0x0,
    0x0, 0x0, 0x0, 0x0, 0x0, 0x0, 0x8f, 0xf4,
    0x0, 0x0, 0x0, 0x0, 0x0, 0x0, 0x0, 0x3,
    0x88, 0x88, 0x88, 0x88, 0xcf, 0xfa, 0x88, 0x88,
    0x88, 0x88, 0x30, 0x0, 0x0, 0x6, 0xff, 0xff,
    0xff, 0xff, 0xff, 0xff, 0xff, 0xff, 0xff, 0xff,
    0x60, 0x0, 0x0, 0x6, 0xff, 0xff, 0xff, 0xff,
    0xff, 0xff, 0xff, 0xff, 0xff, 0xff, 0x60, 0x0,
    0x0, 0x6, 0xff, 0x60, 0x0, 0x0, 0x8f, 0xf5,
    0x0, 0x0, 0x6, 0xff, 0x60, 0x0, 0x0, 0x6,
    0xff, 0x50, 0x0, 0x0, 0x8f, 0xf4, 0x0, 0x0,
    0x6, 0xff, 0x60, 0x0, 0x0, 0x6, 0xff, 0x50,
    0x0, 0x0, 0x8f, 0xf4, 0x0, 0x0, 0x6, 0xff,
    0x60, 0x0, 0x0, 0x6, 0xff, 0xff, 0xff, 0xff,
    0xff, 0xff, 0xff, 0xff, 0xff, 0xff, 0x60, 0x0,
    0x0, 0x6, 0xff, 0xff, 0xff, 0xff, 0xff, 0xff,
    0xff, 0xff, 0xff, 0xff, 0x60, 0x0, 0x0, 0x6,
    0xff, 0xa7, 0x77, 0x77, 0xcf, 0xfa, 0x77, 0x77,
    0x7b, 0xff, 0x60, 0x0, 0x0, 0x6, 0xff, 0x50,
    0x0, 0x0, 0x8f, 0xf4, 0x0, 0x0, 0x6, 0xff,
    0x60, 0x0, 0x0, 0x6, 0xff, 0x50, 0x0, 0x0,
    0x8f, 0xf4, 0x0, 0x0, 0x6, 0xff, 0x60, 0x0,
    0x0, 0x7, 0xff, 0x60, 0x0, 0x0, 0x8f, 0xf5,
    0x0, 0x0, 0x6, 0xff, 0x60, 0x0, 0xef, 0xff,
    0xff, 0xff, 0xff, 0xff, 0xff, 0xff, 0xff, 0xff,
    0xff, 0xff, 0xff, 0xff, 0xef, 0xff, 0xff, 0xff,
    0xff, 0xff, 0xff, 0xff, 0xff, 0xff, 0xff, 0xff,
    0xff, 0xff, 0x88, 0x8c, 0xff, 0xb8, 0x88, 0x88,
    0x88, 0x88, 0x88, 0x88, 0x8b, 0xff, 0xb8, 0x88,
    0x0, 0x6, 0xff, 0x50, 0x0, 0x0, 0x0, 0x0,
    0x0, 0x0, 0x6, 0xff, 0x60, 0x0, 0x0, 0x6,
    0xff, 0x50, 0x0, 0x0, 0x0, 0x0, 0x0, 0x0,
    0x6, 0xff, 0x60, 0x0, 0x0, 0x6, 0xff, 0x50,
    0x0, 0x0, 0x0, 0x0, 0x0, 0x0, 0x6, 0xff,
    0x60, 0x0, 0x0, 0x6, 0xff, 0x50, 0x0, 0x0,
    0x0, 0x0, 0x3a, 0xaa, 0xae, 0xff, 0x50, 0x0,
    0x0, 0x6, 0xff, 0x50, 0x0, 0x0, 0x0, 0x0,
    0xe, 0xff, 0xff, 0xff, 0x10, 0x0, 0x0, 0x6,
    0xff, 0x50, 0x0, 0x0, 0x0, 0x0, 0x9, 0xff,
    0xed, 0xa2, 0x0, 0x0,

    /* U+51B3 "决" */
    0x0, 0x0, 0x0, 0x0, 0x0, 0x0, 0x0, 0x0,
    0x24, 0x42, 0x0, 0x0, 0x0, 0x0, 0x0, 0x0,
    0x0, 0x0, 0x0, 0x0, 0x0, 0x0, 0x0, 0x7f,
    0xf7, 0x0, 0x0, 0x0, 0x0, 0x0, 0x0, 0x7e,
    0x30, 0x0, 0x0, 0x0, 0x0, 0x0, 0x7f, 0xf7,
    0x0, 0x0, 0x0, 0x0, 0x0, 0x5, 0xff, 0xe1,
    0x0, 0x0, 0x0, 0x0, 0x0, 0x7f, 0xf7, 0x0,
    0x0, 0x0, 0x0, 0x0, 0x0, 0xaf, 0xfc, 0x0,
    0x0, 0x0, 0x0, 0x0, 0x7f, 0xf7, 0x0, 0x0,
    0x0, 0x0, 0x0, 0x0, 0xc, 0xff, 0xa0, 0x0,
    0x2b, 0xbb, 0xbb, 0xdf, 0xfd, 0xbb, 0xbb, 0xbb,
    0x10, 0x0, 0x0, 0x1, 0xef, 0xf6, 0x0, 0x4f,
    0xff, 0xff, 0xff, 0xff, 0xff, 0xff, 0xff, 0x20,
    0x0, 0x0, 0x0, 0x5f, 0xff, 0x20, 0x4f, 0xff,
    0xff, 0xff, 0xff, 0xff, 0xff, 0xff, 0x20, 0x0,
    0x0, 0x0, 0xa, 0xf9, 0x0, 0x0, 0x0, 0x0,
    0x7f, 0xf7, 0x0, 0x8, 0xff, 0x20, 0x0, 0x0,
    0x0, 0x1, 0x40, 0x0, 0x0, 0x0, 0x0, 0x7f,
    0xf7, 0x0, 0x8, 0xff, 0x20, 0x0, 0x0, 0x0,
    0x0, 0x0, 0x0, 0x0, 0x0, 0x0, 0x8f, 0xf7,
    0x0, 0x8, 0xff, 0x20, 0x0, 0x0, 0x0, 0x0,
    0x0, 0x0, 0x0, 0x0, 0x0, 0x8f, 0xf6, 0x0,
    0x8, 0xff, 0x20, 0x0, 0x0, 0x0, 0x0, 0x0,
    0x0, 0x0, 0x0, 0x0, 0x8f, 0xf6, 0x0, 0x8,
    0xff, 0x20, 0x0, 0x0, 0x0, 0x0, 0x0, 0x0,
    0x0, 0x0, 0x0, 0x9f, 0xf5, 0x0, 0x8, 0xff,
    0x20, 0x0, 0x0, 0x0, 0x0, 0x0, 0x8, 0xaa,
    0xaa, 0xaa, 0xef, 0xfc, 0xaa, 0xad, 0xff, 0xba,
    0xa0, 0x0, 0x0, 0x0, 0x30, 0xb, 0xff, 0xff,
    0xff, 0xff, 0xff, 0xff, 0xff, 0xff, 0xff, 0xf0,
    0x0, 0x0, 0x5, 0xf6, 0xb, 0xff, 0xff, 0xff,
    0xff, 0xff, 0xff, 0xff, 0xff, 0xff, 0xf0, 0x0,
    0x0, 0xd, 0xff, 0x10, 0x0, 0x0, 0x4, 0xff,
    0xff, 0xf2, 0x0, 0x0, 0x0, 0x0, 0x0, 0x0,
    0x5f, 0xfa, 0x0, 0x0, 0x0, 0x9, 0xff, 0xcf,
    0xf8, 0x0, 0x0, 0x0, 0x0, 0x0, 0x0, 0xcf,
    0xf3, 0x0, 0x0, 0x0, 0xf, 0xff, 0x1e, 0xfe,
    0x0, 0x0, 0x0, 0x0, 0x0, 0x4, 0xff, 0xc0,
    0x0, 0x0, 0x0, 0x9f, 0xfa, 0x8, 0xff, 0x80,
    0x0, 0x0, 0x0, 0x0, 0xd, 0xff, 0x40, 0x0,
    0x0, 0x3, 0xff, 0xf2, 0x1, 0xff, 0xf4, 0x0,
    0x0, 0x0, 0x0, 0x5f, 0xfd, 0x0, 0x0, 0x0,
    0x2e, 0xff, 0x70, 0x0, 0x7f, 0xfe, 0x10, 0x0,
    0x0, 0x0, 0xef, 0xf5, 0x0, 0x0, 0x3, 0xef,
    0xfc, 0x0, 0x0, 0xc, 0xff, 0xe3, 0x0, 0x0,
    0x8, 0xff, 0xc0, 0x0, 0x0, 0x6f, 0xff, 0xd1,
    0x0, 0x0, 0x2, 0xef, 0xff, 0x60, 0x0, 0xc,
    0xff, 0x40, 0x0, 0x3c, 0xff, 0xfd, 0x10, 0x0,
    0x0, 0x0, 0x2e, 0xff, 0xfd, 0x60, 0x0, 0x8b,
    0x0, 0x3, 0xff, 0xff, 0xa1, 0x0, 0x0, 0x0,
    0x0, 0x2, 0xdf, 0xff, 0xb0, 0x0, 0x0, 0x0,
    0x0, 0x5f, 0xe5, 0x0, 0x0, 0x0, 0x0, 0x0,
    0x0, 0x6, 0xee, 0x0, 0x0, 0x0, 0x0, 0x0,
    0x5, 0x0, 0x0, 0x0, 0x0, 0x0, 0x0, 0x0,
    0x0, 0x2, 0x0,

    /* U+51B7 "冷" */
    0x0, 0x0, 0x0, 0x0, 0x0, 0x0, 0x0, 0x0,
    0x0, 0x0, 0x0, 0x0, 0x0, 0x0, 0x0, 0x0,
    0x0, 0x0, 0x0, 0x0, 0x0, 0x0, 0x0, 0xcd,
    0x81, 0x0, 0x0, 0x0, 0x0, 0x0, 0x39, 0x10,
    0x0, 0x0, 0x0, 0x0, 0x0, 0x6f, 0xff, 0x10,
    0x0, 0x0, 0x0, 0x0, 0x7f, 0xf9, 0x0, 0x0,
    0x0, 0x0, 0x0, 0x1e, 0xff, 0xf4, 0x0, 0x0,
    0x0, 0x0, 0x1, 0xef, 0xf4, 0x0, 0x0, 0x0,
    0x0, 0xb, 0xff, 0xff, 0xe2, 0x0, 0x0, 0x0,
    0x0, 0x6, 0xff, 0xe0, 0x0, 0x0, 0x0, 0x8,
    0xff, 0xf8, 0xff, 0xc0, 0x0, 0x0, 0x0, 0x0,
    0xc, 0xff, 0x80, 0x0, 0x0, 0x5, 0xff, 0xf7,
    0x8, 0xff, 0xc0, 0x0, 0x0, 0x0, 0x0, 0x3f,
    0xff, 0x10, 0x0, 0x5, 0xff, 0xfa, 0x0, 0xb,
    0xff, 0xb0, 0x0, 0x0, 0x0, 0x0, 0xbf, 0xf8,
    0x0, 0x6, 0xff, 0xfc, 0x0, 0x0, 0xd, 0xff,
    0xc1, 0x0, 0x0, 0x0, 0x4, 0xf9, 0x20, 0x8,
    0xff, 0xfc, 0x0, 0x61, 0x0, 0x2e, 0xff, 0xe3,
    0x0, 0x0, 0x0, 0x1, 0x0, 0x2c, 0xff, 0xfb,
    0x11, 0xdf, 0xd1, 0x0, 0x3e, 0xff, 0xf8, 0x0,
    0x0, 0x0, 0x0, 0x5f, 0xff, 0xf8, 0x0, 0x9,
    0xff, 0xc0, 0x0, 0x3e, 0xff, 0xf9, 0x0, 0x0,
    0x0, 0x1, 0xdf, 0xf5, 0x0, 0x0, 0xb, 0xff,
    0x90, 0x0, 0x2d, 0xfc, 0x0, 0x0, 0x0, 0x0,
    0x2, 0xc2, 0x0, 0x0, 0x0, 0x1e, 0xb2, 0x0,
    0x0, 0x9, 0x10, 0x0, 0x0, 0x0, 0x0, 0x0,
    0x1, 0x11, 0x11, 0x11, 0x31, 0x11, 0x11, 0x20,
    0x0, 0x0, 0x0, 0x0, 0x40, 0x0, 0x5, 0xff,
    0xff, 0xff, 0xff, 0xff, 0xff, 0xff, 0xc2, 0x0,
    0x0, 0x0, 0xf, 0xe7, 0x0, 0x5f, 0xff, 0xff,
    0xff, 0xff, 0xff, 0xff, 0xff, 0x70, 0x0, 0x0,
    0x6, 0xff, 0xa0, 0x3, 0x88, 0x88, 0x88, 0x88,
    0x88, 0x8e, 0xff, 0xc0, 0x0, 0x0, 0x0, 0xcf,
    0xf4, 0x0, 0x0, 0x0, 0x0, 0x0, 0x0, 0x5,
    0xff, 0xf2, 0x0, 0x0, 0x0, 0x3f, 0xfe, 0x0,
    0x0, 0x0, 0x0, 0x0, 0x0, 0x3, 0xff, 0xf5,
    0x0, 0x0, 0x0, 0x9, 0xff, 0x80, 0x0, 0x0,
    0x0, 0x10, 0x0, 0x2, 0xef, 0xf8, 0x0, 0x0,
    0x0, 0x0, 0xff, 0xf2, 0x0, 0x0, 0x0, 0x6f,
    0x70, 0x2, 0xef, 0xfa, 0x0, 0x0, 0x0, 0x0,
    0x7f, 0xfc, 0x0, 0x0, 0x0, 0x3f, 0xff, 0xd4,
    0xef, 0xfc, 0x0, 0x0, 0x0, 0x0, 0xd, 0xff,
    0x50, 0x0, 0x0, 0x0, 0x3d, 0xff, 0xff, 0xfc,
    0x0, 0x0, 0x0, 0x0, 0x5, 0xff, 0xe0, 0x0,
    0x0, 0x0, 0x0, 0x9, 0xff, 0xff, 0x30, 0x0,
    0x0, 0x0, 0x0, 0xdf, 0xf8, 0x0, 0x0, 0x0,
    0x0, 0x0, 0x4, 0xef, 0xff, 0x50, 0x0, 0x0,
    0x0, 0x4, 0xbf, 0x10, 0x0, 0x0, 0x0, 0x0,
    0x0, 0x1, 0xcf, 0xff, 0x80, 0x0, 0x0, 0x0,
    0x0, 0x10, 0x0, 0x0, 0x0, 0x0, 0x0, 0x0,
    0x0, 0x9f, 0xf5, 0x0, 0x0, 0x0, 0x0, 0x0,
    0x0, 0x0, 0x0, 0x0, 0x0, 0x0, 0x0, 0x0,
    0x64, 0x0, 0x0, 0x0, 0x0,

    /* U+51C6 "准" */
    0x0, 0x0, 0x0, 0x0, 0x0, 0x0, 0x0, 0x0,
    0x0, 0x0, 0x0, 0x0, 0x0, 0x0, 0x0, 0x0,
    0x0, 0x0, 0x0, 0x0, 0xc, 0xc8, 0x0, 0x3a,
    0xe1, 0x0, 0x0, 0x0, 0x0, 0x5, 0xd5, 0x0,
    0x0, 0x0, 0x3, 0xff, 0x90, 0x7, 0xff, 0xa0,
    0x0, 0x0, 0x0, 0x4, 0xff, 0xe1, 0x0, 0x0,
    0x0, 0x9f, 0xf3, 0x0, 0xe, 0xff, 0x30, 0x0,
    0x0, 0x0, 0xb, 0xff, 0xa0, 0x0, 0x0, 0xe,
    0xfc, 0x0, 0x0, 0x6f, 0xfc, 0x0, 0x0, 0x0,
    0x0, 0x2f, 0xff, 0x40, 0x0, 0x7, 0xff, 0x70,
    0x0, 0x1, 0xed, 0x60, 0x0, 0x0, 0x0, 0x0,
    0x8f, 0xfd, 0x0, 0x0, 0xef, 0xff, 0xff, 0xff,
    0xff, 0xff, 0xff, 0xff, 0xf7, 0x0, 0x0, 0xef,
    0xf6, 0x0, 0x7f, 0xff, 0xff, 0xff, 0xff, 0xff,
    0xff, 0xff, 0xff, 0x70, 0x0, 0x7, 0xff, 0xd0,
    0x2f, 0xff, 0xb6, 0x66, 0x66, 0xcf, 0xf7, 0x66,
    0x66, 0x63, 0x0, 0x0, 0xe, 0x91, 0xc, 0xff,
    0xf8, 0x0, 0x0, 0xa, 0xff, 0x10, 0x0, 0x0,
    0x0, 0x0, 0x0, 0x0, 0x7, 0xff, 0xff, 0x80,
    0x0, 0x0, 0xaf, 0xf1, 0x0, 0x0, 0x0, 0x0,
    0x0, 0x0, 0x5, 0xff, 0xff, 0xf9, 0x0, 0x0,
    0xb, 0xff, 0x20, 0x0, 0x0, 0x0, 0x0, 0x0,
    0x4, 0xff, 0xf7, 0xff, 0xff, 0xff, 0xff, 0xff,
    0xff, 0xff, 0xff, 0xd0, 0x0, 0x0, 0x0, 0x3e,
    0xf8, 0x1f, 0xff, 0xff, 0xff, 0xff, 0xff, 0xff,
    0xff, 0xfd, 0x0, 0x0, 0x0, 0x0, 0x3a, 0x1,
    0xff, 0xb6, 0x66, 0x66, 0xcf, 0xf7, 0x66, 0x66,
    0x50, 0x0, 0x0, 0x0, 0x10, 0x0, 0x1f, 0xf8,
    0x0, 0x0, 0xa, 0xff, 0x10, 0x0, 0x0, 0x0,
    0x0, 0x0, 0x5f, 0x91, 0x1, 0xff, 0x80, 0x0,
    0x0, 0xaf, 0xf1, 0x0, 0x0, 0x0, 0x0, 0x0,
    0xc, 0xff, 0x60, 0x1f, 0xf9, 0x11, 0x11, 0x1b,
    0xff, 0x31, 0x11, 0x11, 0x0, 0x0, 0x2, 0xff,
    0xf0, 0x1, 0xff, 0xff, 0xff, 0xff, 0xff, 0xff,
    0xff, 0xff, 0xd0, 0x0, 0x0, 0x9f, 0xf9, 0x0,
    0x1f, 0xff, 0xff, 0xff, 0xff, 0xff, 0xff, 0xff,
    0xfd, 0x0, 0x0, 0xf, 0xff, 0x30, 0x1, 0xff,
    0xb5, 0x55, 0x55, 0xcf, 0xf6, 0x55, 0x55, 0x40,
    0x0, 0x7, 0xff, 0xd0, 0x0, 0x1f, 0xf8, 0x0,
    0x0, 0xa, 0xff, 0x10, 0x0, 0x0, 0x0, 0x0,
    0xef, 0xf6, 0x0, 0x1, 0xff, 0x80, 0x0, 0x0,
    0xaf, 0xf1, 0x0, 0x0, 0x0, 0x0, 0x6f, 0xfe,
    0x0, 0x0, 0x1f, 0xf9, 0x0, 0x0, 0xa, 0xff,
    0x10, 0x0, 0x0, 0x0, 0xe, 0xff, 0x80, 0x0,
    0x1, 0xff, 0xff, 0xff, 0xff, 0xff, 0xff, 0xff,
    0xff, 0xff, 0x4, 0xff, 0xf1, 0x0, 0x0, 0x1f,
    0xff, 0xff, 0xff, 0xff, 0xff, 0xff, 0xff, 0xff,
    0xf0, 0x2, 0x99, 0x0, 0x0, 0x1, 0xff, 0xc7,
    0x77, 0x77, 0x77, 0x77, 0x77, 0x77, 0x77, 0x0,
    0x0, 0x0, 0x0, 0x0, 0x1f, 0xf8, 0x0, 0x0,
    0x0, 0x0, 0x0, 0x0, 0x0, 0x0,

    /* U+51FA "出" */
    0x0, 0x0, 0x0, 0x0, 0x0, 0x4, 0x44, 0x10,
    0x0, 0x0, 0x0, 0x0, 0x0, 0x0, 0x0, 0x0,
    0x0, 0x0, 0xd, 0xff, 0x40, 0x0, 0x0, 0x0,
    0x0, 0x0, 0x0, 0x0, 0x0, 0x0, 0x0, 0xd,
    0xff, 0x40, 0x0, 0x0, 0x0, 0x0, 0x0, 0x0,
    0x7a, 0xa3, 0x0, 0x0, 0xd, 0xff, 0x40, 0x0,
    0x0, 0x2a, 0xa9, 0x0, 0x0, 0xaf, 0xf4, 0x0,
    0x0, 0xd, 0xff, 0x40, 0x0, 0x0, 0x3f, 0xfe,
    0x0, 0x0, 0xaf, 0xf4, 0x0, 0x0, 0xd, 0xff,
    0x40, 0x0, 0x0, 0x3f, 0xfe, 0x0, 0x0, 0xaf,
    0xf4, 0x0, 0x0, 0xd, 0xff, 0x40, 0x0, 0x0,
    0x3f, 0xfe, 0x0, 0x0, 0xaf, 0xf4, 0x0, 0x0,
    0xd, 0xff, 0x40, 0x0, 0x0, 0x3f, 0xfe, 0x0,
    0x0, 0xaf, 0xf4, 0x0, 0x0, 0xd, 0xff, 0x40,
    0x0, 0x0, 0x3f, 0xfe, 0x0, 0x0, 0xaf, 0xf4,
    0x0, 0x0, 0xd, 0xff, 0x40, 0x0, 0x0, 0x3f,
    0xfe, 0x0, 0x0, 0xaf, 0xf4, 0x0, 0x0, 0xd,
    0xff, 0x40, 0x0, 0x0, 0x3f, 0xfe, 0x0, 0x0,
    0xaf, 0xfd, 0xcc, 0xcc, 0xcf, 0xff, 0xdc, 0xcc,
    0xcc, 0xdf, 0xfe, 0x0, 0x0, 0xaf, 0xff, 0xff,
    0xff, 0xff, 0xff, 0xff, 0xff, 0xff, 0xff, 0xfe,
    0x0, 0x0, 0xaf, 0xff, 0xff, 0xff, 0xff, 0xff,
    0xff, 0xff, 0xff, 0xff, 0xfe, 0x0, 0x0, 0x0,
    0x0, 0x0, 0x0, 0xd, 0xff, 0x40, 0x0, 0x0,
    0x0, 0x0, 0x0, 0x1c, 0xcc, 0x0, 0x0, 0x0,
    0xd, 0xff, 0x40, 0x0, 0x0, 0x0, 0xcc, 0xc1,
    0x1f, 0xff, 0x0, 0x0, 0x0, 0xd, 0xff, 0x40,
    0x0, 0x0, 0x0, 0xff, 0xf1, 0x1f, 0xff, 0x0,
    0x0, 0x0, 0xd, 0xff, 0x40, 0x0, 0x0, 0x0,
    0xff, 0xf1, 0x1f, 0xff, 0x0, 0x0, 0x0, 0xd,
    0xff, 0x40, 0x0, 0x0, 0x0, 0xff, 0xf1, 0x1f,
    0xff, 0x0, 0x0, 0x0, 0xd, 0xff, 0x40, 0x0,
    0x0, 0x0, 0xff, 0xf1, 0x1f, 0xff, 0x0, 0x0,
    0x0, 0xd, 0xff, 0x40, 0x0, 0x0, 0x0, 0xff,
    0xf1, 0x1f, 0xff, 0x0, 0x0, 0x0, 0xd, 0xff,
    0x40, 0x0, 0x0, 0x0, 0xff, 0xf1, 0x1f, 0xff,
    0x0, 0x0, 0x0, 0xd, 0xff, 0x40, 0x0, 0x0,
    0x0, 0xff, 0xf1, 0x1f, 0xff, 0x0, 0x0, 0x0,
    0xe, 0xff, 0x40, 0x0, 0x0, 0x0, 0xff, 0xf1,
    0x1f, 0xff, 0xff, 0xff, 0xff, 0xff, 0xff, 0xff,
    0xff, 0xff, 0xff, 0xff, 0xf1, 0x1f, 0xff, 0xff,
    0xff, 0xff, 0xff, 0xff, 0xff, 0xff, 0xff, 0xff,
    0xff, 0xf1, 0x1c, 0xcc, 0xcc, 0xcc, 0xcc, 0xcc,
    0xcc, 0xcc, 0xcc, 0xcc, 0xcd, 0xff, 0xf1, 0x0,
    0x0, 0x0, 0x0, 0x0, 0x0, 0x0, 0x0, 0x0,
    0x0, 0x0, 0xff, 0xf1,

    /* U+51FB "击" */
    0x0, 0x0, 0x0, 0x0, 0x0, 0x0, 0x14, 0x43,
    0x0, 0x0, 0x0, 0x0, 0x0, 0x0, 0x0, 0x0,
    0x0, 0x0, 0x0, 0x0, 0x3f, 0xfc, 0x0, 0x0,
    0x0, 0x0, 0x0, 0x0, 0x0, 0x0, 0x0, 0x0,
    0x0, 0x0, 0x3f, 0xfc, 0x0, 0x0, 0x0, 0x0,
    0x0, 0x0, 0x0, 0x0, 0x0, 0x0, 0x0, 0x0,
    0x3f, 0xfc, 0x0, 0x0, 0x0, 0x0, 0x0, 0x0,
    0x0, 0x0, 0x0, 0x0, 0x0, 0x0, 0x3f, 0xfc,
    0x0, 0x0, 0x0, 0x0, 0x0, 0x0, 0x0, 0xc,
    0xdd, 0xdd, 0xdd, 0xdd, 0xef, 0xff, 0xdd, 0xdd,
    0xdd, 0xdd, 0xd5, 0x0, 0x0, 0xe, 0xff, 0xff,
    0xff, 0xff, 0xff, 0xff, 0xff, 0xff, 0xff, 0xff,
    0xf6, 0x0, 0x0, 0xd, 0xff, 0xff, 0xff, 0xff,
    0xff, 0xff, 0xff, 0xff, 0xff, 0xff, 0xf6, 0x0,
    0x0, 0x0, 0x0, 0x0, 0x0, 0x0, 0x3f, 0xfc,
    0x0, 0x0, 0x0, 0x0, 0x0, 0x0, 0x0, 0x0,
    0x0, 0x0, 0x0, 0x0, 0x3f, 0xfc, 0x0, 0x0,
    0x0, 0x0, 0x0, 0x0, 0x0, 0x0, 0x0, 0x0,
    0x0, 0x0, 0x3f, 0xfc, 0x0, 0x0, 0x0, 0x0,
    0x0, 0x0, 0x0, 0x0, 0x0, 0x0, 0x0, 0x0,
    0x3f, 0xfc, 0x0, 0x0, 0x0, 0x0, 0x0, 0x0,
    0x1d, 0xdd, 0xdd, 0xdd, 0xdd, 0xdd, 0xef, 0xff,
    0xdd, 0xdd, 0xdd, 0xdd, 0xdd, 0xd6, 0x1f, 0xff,
    0xff, 0xff, 0xff, 0xff, 0xff, 0xff, 0xff, 0xff,
    0xff, 0xff, 0xff, 0xf7, 0x1f, 0xff, 0xff, 0xff,
    0xff, 0xff, 0xff, 0xff, 0xff, 0xff, 0xff, 0xff,
    0xff, 0xf7, 0x0, 0x0, 0x0, 0x0, 0x0, 0x0,
    0x3f, 0xfc, 0x0, 0x0, 0x0, 0x0, 0x0, 0x0,
    0x0, 0x4, 0x77, 0x30, 0x0, 0x0, 0x3f, 0xfc,
    0x0, 0x0, 0x0, 0x88, 0x70, 0x0, 0x0, 0x9,
    0xff, 0x60, 0x0, 0x0, 0x3f, 0xfc, 0x0, 0x0,
    0x0, 0xff, 0xe0, 0x0, 0x0, 0x9, 0xff, 0x60,
    0x0, 0x0, 0x3f, 0xfc, 0x0, 0x0, 0x0, 0xff,
    0xe0, 0x0, 0x0, 0x9, 0xff, 0x60, 0x0, 0x0,
    0x3f, 0xfc, 0x0, 0x0, 0x0, 0xff, 0xe0, 0x0,
    0x0, 0x9, 0xff, 0x60, 0x0, 0x0, 0x3f, 0xfc,
    0x0, 0x0, 0x0, 0xff, 0xe0, 0x0, 0x0, 0x9,
    0xff, 0x60, 0x0, 0x0, 0x3f, 0xfc, 0x0, 0x0,
    0x0, 0xff, 0xe0, 0x0, 0x0, 0x9, 0xff, 0x60,
    0x0, 0x0, 0x3f, 0xfc, 0x0, 0x0, 0x0, 0xff,
    0xe0, 0x0, 0x0, 0x9, 0xff, 0x60, 0x0, 0x0,
    0x3f, 0xfc, 0x0, 0x0, 0x0, 0xff, 0xe0, 0x0,
    0x0, 0x9, 0xff, 0xec, 0xcc, 0xcc, 0xdf, 0xff,
    0xcc, 0xcc, 0xcc, 0xff, 0xe0, 0x0, 0x0, 0x9,
    0xff, 0xff, 0xff, 0xff, 0xff, 0xff, 0xff, 0xff,
    0xff, 0xff, 0xe0, 0x0, 0x0, 0x9, 0xff, 0xff,
    0xff, 0xff, 0xff, 0xff, 0xff, 0xff, 0xff, 0xff,
    0xe0, 0x0, 0x0, 0x0, 0x0, 0x0, 0x0, 0x0,
    0x0, 0x0, 0x0, 0x0, 0x0, 0xff, 0xe0, 0x0,

    /* U+5206 "分" */
    0x0, 0x0, 0x0, 0x0, 0x77, 0x20, 0x0, 0x0,
    0x1, 0x77, 0x0, 0x0, 0x0, 0x0, 0x0, 0x0,
    0x0, 0x1, 0xff, 0xf4, 0x0, 0x0, 0x1f, 0xff,
    0x10, 0x0, 0x0, 0x0, 0x0, 0x0, 0x0, 0x8,
    0xff, 0xc0, 0x0, 0x0, 0x8, 0xff, 0xa0, 0x0,
    0x0, 0x0, 0x0, 0x0, 0x0, 0x1f, 0xff, 0x40,
    0x0, 0x0, 0x0, 0xef, 0xf3, 0x0, 0x0, 0x0,
    0x0, 0x0, 0x0, 0xaf, 0xfc, 0x0, 0x0, 0x0,
    0x0, 0x6f, 0xfe, 0x10, 0x0, 0x0, 0x0, 0x0,
    0x4, 0xff, 0xf4, 0x0, 0x0, 0x0, 0x0, 0xc,
    0xff, 0xa0, 0x0, 0x0, 0x0, 0x0, 0xd, 0xff,
    0xb0, 0x0, 0x0, 0x0, 0x0, 0x3, 0xff, 0xf6,
    0x0, 0x0, 0x0, 0x0, 0xbf, 0xfe, 0x10, 0x0,
    0x0, 0x0, 0x0, 0x0, 0x7f, 0xff, 0x40, 0x0,
    0x0, 0x9, 0xff, 0xf4, 0x0, 0x0, 0x0, 0x0,
    0x0, 0x0, 0xa, 0xff, 0xf3, 0x0, 0x0, 0x7f,
    0xff, 0x80, 0x0, 0x0, 0x0, 0x0, 0x0, 0x0,
    0x1, 0xdf, 0xfe, 0x30, 0x9, 0xff, 0xfd, 0x10,
    0x0, 0x0, 0x0, 0x0, 0x0, 0x0, 0x0, 0x3f,
    0xff, 0xf4, 0x9f, 0xff, 0xff, 0xff, 0xff, 0xff,
    0xff, 0xff, 0xff, 0xff, 0xff, 0xfb, 0xff, 0xf8,
    0x1b, 0xfd, 0x6f, 0xff, 0xff, 0xff, 0xff, 0xff,
    0xff, 0xff, 0xff, 0xf6, 0x5f, 0x80, 0x0, 0x81,
    0x3c, 0xcc, 0xcc, 0xff, 0xfc, 0xcc, 0xcc, 0xcc,
    0xef, 0xf5, 0x3, 0x0, 0x0, 0x0, 0x0, 0x0,
    0x1, 0xff, 0xe0, 0x0, 0x0, 0x0, 0x9f, 0xf4,
    0x0, 0x0, 0x0, 0x0, 0x0, 0x0, 0x5, 0xff,
    0xa0, 0x0, 0x0, 0x0, 0xaf, 0xf4, 0x0, 0x0,
    0x0, 0x0, 0x0, 0x0, 0x8, 0xff, 0x70, 0x0,
    0x0, 0x0, 0xbf, 0xf3, 0x0, 0x0, 0x0, 0x0,
    0x0, 0x0, 0xd, 0xff, 0x40, 0x0, 0x0, 0x0,
    0xcf, 0xf2, 0x0, 0x0, 0x0, 0x0, 0x0, 0x0,
    0x3f, 0xfe, 0x0, 0x0, 0x0, 0x0, 0xdf, 0xf1,
    0x0, 0x0, 0x0, 0x0, 0x0, 0x0, 0xcf, 0xf9,
    0x0, 0x0, 0x0, 0x0, 0xff, 0xf0, 0x0, 0x0,
    0x0, 0x0, 0x0, 0x6, 0xff, 0xf1, 0x0, 0x0,
    0x0, 0x1, 0xff, 0xe0, 0x0, 0x0, 0x0, 0x0,
    0x0, 0x4f, 0xff, 0x80, 0x0, 0x0, 0x0, 0x3,
    0xff, 0xc0, 0x0, 0x0, 0x0, 0x0, 0x6, 0xff,
    0xfc, 0x0, 0x0, 0x0, 0x0, 0x6, 0xff, 0xa0,
    0x0, 0x0, 0x0, 0x3, 0xcf, 0xff, 0xd1, 0x0,
    0x0, 0x0, 0x0, 0xc, 0xff, 0x70, 0x0, 0x0,
    0x5, 0xbf, 0xff, 0xfc, 0x10, 0x0, 0x4, 0xdc,
    0xcc, 0xdf, 0xff, 0x30, 0x0, 0x0, 0xb, 0xff,
    0xff, 0x70, 0x0, 0x0, 0x0, 0xef, 0xff, 0xff,
    0xfb, 0x0, 0x0, 0x0, 0x0, 0xef, 0x91, 0x0,
    0x0, 0x0, 0x0, 0xaf, 0xff, 0xfd, 0x80, 0x0,
    0x0, 0x0, 0x0, 0x20, 0x0, 0x0, 0x0, 0x0,
    0x0, 0x0, 0x0, 0x0, 0x0, 0x0, 0x0, 0x0,

    /* U+5207 "切" */
    0x0, 0x0, 0x23, 0x30, 0x0, 0x0, 0x0, 0x0,
    0x0, 0x0, 0x0, 0x0, 0x0, 0x0, 0x0, 0x0,
    0xa, 0xff, 0x10, 0x0, 0x0, 0x0, 0x0, 0x0,
    0x0, 0x0, 0x0, 0x0, 0x0, 0x0, 0x0, 0xaf,
    0xf1, 0x0, 0x0, 0xaf, 0xff, 0xff, 0xff, 0xff,
    0xff, 0xff, 0xff, 0x10, 0x0, 0xa, 0xff, 0x10,
    0x0, 0xb, 0xff, 0xff, 0xff, 0xff, 0xff, 0xff,
    0xff, 0xf1, 0x0, 0x0, 0xaf, 0xf1, 0x0, 0x0,
    0x8b, 0xbb, 0xbf, 0xff, 0xbb, 0xbb, 0xbf, 0xff,
    0x10, 0x0, 0xa, 0xff, 0x10, 0x0, 0x0, 0x0,
    0x0, 0xff, 0xd0, 0x0, 0x0, 0xdf, 0xf0, 0x0,
    0x0, 0xaf, 0xf1, 0x0, 0x14, 0x30, 0x0, 0xf,
    0xfc, 0x0, 0x0, 0xd, 0xff, 0x0, 0x0, 0xa,
    0xff, 0x8b, 0xef, 0xfa, 0x0, 0x1, 0xff, 0xb0,
    0x0, 0x0, 0xef, 0xf0, 0x15, 0x8b, 0xff, 0xff,
    0xff, 0xff, 0xd0, 0x0, 0x1f, 0xfb, 0x0, 0x0,
    0xe, 0xff, 0x5, 0xff, 0xff, 0xff, 0xff, 0xb8,
    0x52, 0x0, 0x2, 0xff, 0xa0, 0x0, 0x0, 0xff,
    0xe0, 0x2f, 0xff, 0xff, 0xf3, 0x0, 0x0, 0x0,
    0x0, 0x3f, 0xf9, 0x0, 0x0, 0xf, 0xfe, 0x0,
    0x62, 0xa, 0xff, 0x10, 0x0, 0x0, 0x0, 0x4,
    0xff, 0x80, 0x0, 0x0, 0xff, 0xd0, 0x0, 0x0,
    0xaf, 0xf1, 0x0, 0x0, 0x0, 0x0, 0x6f, 0xf6,
    0x0, 0x0, 0xf, 0xfd, 0x0, 0x0, 0xa, 0xff,
    0x10, 0x0, 0x0, 0x0, 0x8, 0xff, 0x40, 0x0,
    0x1, 0xff, 0xc0, 0x0, 0x0, 0xaf, 0xf1, 0x0,
    0x0, 0x0, 0x0, 0xbf, 0xf2, 0x0, 0x0, 0x2f,
    0xfb, 0x0, 0x0, 0xa, 0xff, 0x10, 0x0, 0x0,
    0x0, 0xf, 0xfe, 0x0, 0x0, 0x3, 0xff, 0xb0,
    0x0, 0x0, 0xaf, 0xf1, 0x0, 0x4, 0x60, 0x3,
    0xff, 0xb0, 0x0, 0x0, 0x4f, 0xfa, 0x0, 0x0,
    0xa, 0xff, 0x11, 0x7e, 0xfc, 0x0, 0x9f, 0xf7,
    0x0, 0x0, 0x5, 0xff, 0x90, 0x0, 0x0, 0xbf,
    0xfa, 0xff, 0xff, 0xe0, 0xe, 0xff, 0x20, 0x0,
    0x0, 0x6f, 0xf8, 0x0, 0x0, 0x1f, 0xff, 0xff,
    0xfd, 0x60, 0x6, 0xff, 0xb0, 0x0, 0x0, 0x7,
    0xff, 0x70, 0x0, 0xd, 0xff, 0xff, 0xc5, 0x0,
    0x1, 0xef, 0xf5, 0x0, 0x0, 0x0, 0x9f, 0xf5,
    0x0, 0x0, 0x9f, 0xfc, 0x40, 0x0, 0x0, 0xaf,
    0xfc, 0x0, 0x0, 0x0, 0xc, 0xff, 0x30, 0x0,
    0x1, 0xd4, 0x0, 0x0, 0x0, 0x9f, 0xff, 0x30,
    0x0, 0x0, 0x0, 0xff, 0xf1, 0x0, 0x0, 0x0,
    0x0, 0x0, 0x0, 0x9f, 0xff, 0x70, 0x0, 0x0,
    0x0, 0x6f, 0xfe, 0x0, 0x0, 0x0, 0x0, 0x0,
    0x3, 0xdf, 0xff, 0x90, 0x0, 0x1e, 0xdd, 0xdf,
    0xff, 0x90, 0x0, 0x0, 0x0, 0x0, 0x0, 0x6f,
    0xff, 0x90, 0x0, 0x0, 0xbf, 0xff, 0xff, 0xe2,
    0x0, 0x0, 0x0, 0x0, 0x0, 0x0, 0x7f, 0x50,
    0x0, 0x0, 0x7, 0xff, 0xfe, 0xa2, 0x0, 0x0,
    0x0, 0x0, 0x0, 0x0, 0x0, 0x20, 0x0, 0x0,
    0x0, 0x0, 0x0, 0x0, 0x0, 0x0,

    /* U+5217 "列" */
    0x0, 0x0, 0x0, 0x0, 0x0, 0x0, 0x0, 0x0,
    0x0, 0x0, 0x0, 0x0, 0x67, 0x70, 0x0, 0x0,
    0x0, 0x0, 0x0, 0x0, 0x0, 0x0, 0x0, 0x0,
    0x0, 0xe, 0xff, 0x4f, 0xff, 0xff, 0xff, 0xff,
    0xff, 0xff, 0xff, 0x10, 0x0, 0x0, 0x0, 0xef,
    0xf4, 0xff, 0xff, 0xff, 0xff, 0xff, 0xff, 0xff,
    0xf1, 0x0, 0x0, 0x0, 0xe, 0xff, 0x4e, 0xee,
    0xef, 0xff, 0xee, 0xee, 0xee, 0xee, 0x10, 0xff,
    0xa0, 0x0, 0xef, 0xf0, 0x0, 0x0, 0xff, 0xd0,
    0x0, 0x0, 0x0, 0x0, 0xf, 0xfb, 0x0, 0xe,
    0xff, 0x0, 0x0, 0x4f, 0xf9, 0x0, 0x0, 0x0,
    0x0, 0x0, 0xff, 0xb0, 0x0, 0xef, 0xf0, 0x0,
    0x8, 0xff, 0x50, 0x0, 0x0, 0x0, 0x0, 0xf,
    0xfb, 0x0, 0xe, 0xff, 0x0, 0x0, 0xdf, 0xf3,
    0x11, 0x11, 0x12, 0x0, 0x0, 0xff, 0xb0, 0x0,
    0xef, 0xf0, 0x0, 0x3f, 0xff, 0xff, 0xff, 0xff,
    0xff, 0x30, 0xf, 0xfb, 0x0, 0xe, 0xff, 0x0,
    0x9, 0xff, 0xff, 0xff, 0xff, 0xff, 0xf2, 0x0,
    0xff, 0xb0, 0x0, 0xef, 0xf0, 0x1, 0xff, 0xf7,
    0x77, 0x77, 0x7e, 0xff, 0x0, 0xf, 0xfb, 0x0,
    0xe, 0xff, 0x0, 0x8f, 0xf8, 0x0, 0x0, 0x0,
    0xff, 0xc0, 0x0, 0xff, 0xb0, 0x0, 0xef, 0xf0,
    0x1f, 0xff, 0x10, 0x0, 0x0, 0x4f, 0xf8, 0x0,
    0xf, 0xfb, 0x0, 0xe, 0xff, 0xb, 0xff, 0x90,
    0x0, 0x0, 0x8, 0xff, 0x30, 0x0, 0xff, 0xb0,
    0x0, 0xef, 0xf6, 0xff, 0xe1, 0x68, 0x0, 0x0,
    0xef, 0xe0, 0x0, 0xf, 0xfb, 0x0, 0xe, 0xff,
    0x2d, 0xf5, 0x3f, 0xfc, 0x20, 0x5f, 0xf9, 0x0,
    0x0, 0xff, 0xb0, 0x0, 0xef, 0xf0, 0x18, 0x4,
    0xff, 0xfe, 0x4b, 0xff, 0x20, 0x0, 0xf, 0xfb,
    0x0, 0xe, 0xff, 0x0, 0x0, 0x2, 0xdf, 0xff,
    0xff, 0xc0, 0x0, 0x0, 0xff, 0xb0, 0x0, 0xef,
    0xf0, 0x0, 0x0, 0x1, 0xbf, 0xff, 0xf4, 0x0,
    0x0, 0xf, 0xfb, 0x0, 0xe, 0xff, 0x0, 0x0,
    0x0, 0x0, 0xcf, 0xfa, 0x0, 0x0, 0x0, 0xff,
    0xb0, 0x0, 0xef, 0xf0, 0x0, 0x0, 0x0, 0x5f,
    0xff, 0x10, 0x0, 0x0, 0x0, 0x0, 0x0, 0xe,
    0xff, 0x0, 0x0, 0x0, 0x5f, 0xff, 0x50, 0x0,
    0x0, 0x0, 0x0, 0x0, 0x0, 0xef, 0xf0, 0x0,
    0x0, 0x7f, 0xff, 0x80, 0x0, 0x0, 0x0, 0x0,
    0x0, 0x0, 0xe, 0xff, 0x0, 0x2, 0xcf, 0xff,
    0x80, 0x0, 0x0, 0x0, 0x0, 0x0, 0x0, 0x0,
    0xef, 0xf0, 0x3a, 0xff, 0xff, 0x70, 0x0, 0x0,
    0x0, 0x0, 0x0, 0x1b, 0xaa, 0xbf, 0xfe, 0x6,
    0xff, 0xfd, 0x30, 0x0, 0x0, 0x0, 0x0, 0x0,
    0x0, 0xcf, 0xff, 0xff, 0x90, 0xb, 0xf7, 0x0,
    0x0, 0x0, 0x0, 0x0, 0x0, 0x0, 0x7, 0xff,
    0xfc, 0x70, 0x0, 0x11, 0x0, 0x0, 0x0, 0x0,
    0x0, 0x0, 0x0, 0x0, 0x0, 0x0, 0x0, 0x0,

    /* U+5219 "则" */
    0x0, 0x0, 0x0, 0x0, 0x0, 0x0, 0x0, 0x0,
    0x0, 0x0, 0x0, 0x0, 0x66, 0x40, 0x0, 0x0,
    0x0, 0x0, 0x0, 0x0, 0x0, 0x0, 0x0, 0x0,
    0x0, 0x1f, 0xfb, 0x1, 0xee, 0xee, 0xee, 0xee,
    0xee, 0xee, 0xe2, 0x0, 0x0, 0x0, 0x1, 0xff,
    0xb0, 0x1f, 0xff, 0xff, 0xff, 0xff, 0xff, 0xff,
    0x20, 0x4, 0x55, 0x0, 0x1f, 0xfb, 0x1, 0xff,
    0xfe, 0xee, 0xee, 0xee, 0xff, 0xf2, 0x0, 0xbf,
    0xe0, 0x1, 0xff, 0xb0, 0x1f, 0xf8, 0x0, 0x0,
    0x0, 0x9, 0xff, 0x20, 0xb, 0xfe, 0x0, 0x1f,
    0xfb, 0x1, 0xff, 0x80, 0x2, 0x22, 0x0, 0x9f,
    0xf2, 0x0, 0xbf, 0xe0, 0x1, 0xff, 0xb0, 0x1f,
    0xf8, 0x0, 0xcf, 0xe0, 0x9, 0xff, 0x20, 0xb,
    0xfe, 0x0, 0x1f, 0xfb, 0x1, 0xff, 0x80, 0xc,
    0xfe, 0x0, 0x9f, 0xf2, 0x0, 0xbf, 0xe0, 0x1,
    0xff, 0xb0, 0x1f, 0xf8, 0x0, 0xcf, 0xe0, 0x9,
    0xff, 0x20, 0xb, 0xfe, 0x0, 0x1f, 0xfb, 0x1,
    0xff, 0x80, 0xc, 0xfe, 0x0, 0x9f, 0xf2, 0x0,
    0xbf, 0xe0, 0x1, 0xff, 0xb0, 0x1f, 0xf8, 0x0,
    0xcf, 0xe0, 0x9, 0xff, 0x20, 0xb, 0xfe, 0x0,
    0x1f, 0xfb, 0x1, 0xff, 0x80, 0xc, 0xfe, 0x0,
    0x9f, 0xf2, 0x0, 0xbf, 0xe0, 0x1, 0xff, 0xb0,
    0x1f, 0xf8, 0x0, 0xcf, 0xe0, 0x9, 0xff, 0x20,
    0xb, 0xfe, 0x0, 0x1f, 0xfb, 0x1, 0xff, 0x80,
    0xc, 0xfe, 0x0, 0x9f, 0xf2, 0x0, 0xbf, 0xe0,
    0x1, 0xff, 0xb0, 0x1f, 0xf8, 0x0, 0xcf, 0xe0,
    0x9, 0xff, 0x20, 0xb, 0xfe, 0x0, 0x1f, 0xfb,
    0x1, 0xff, 0x80, 0xd, 0xfd, 0x0, 0x9f, 0xf2,
    0x0, 0xbf, 0xe0, 0x1, 0xff, 0xb0, 0x1f, 0xf8,
    0x0, 0xff, 0xb0, 0x9, 0xff, 0x20, 0xb, 0xfe,
    0x0, 0x1f, 0xfb, 0x1, 0xff, 0x80, 0x1f, 0xfa,
    0x0, 0x9f, 0xf2, 0x0, 0xbf, 0xe0, 0x1, 0xff,
    0xb0, 0x1f, 0xf8, 0x5, 0xff, 0x70, 0x9, 0xff,
    0x20, 0xb, 0xfe, 0x0, 0x1f, 0xfb, 0x0, 0x88,
    0x40, 0xbf, 0xf3, 0x0, 0x47, 0x71, 0x0, 0xbf,
    0xe0, 0x1, 0xff, 0xb0, 0x0, 0x0, 0x3f, 0xfd,
    0x2c, 0x20, 0x0, 0x0, 0x9, 0xcc, 0x0, 0x1f,
    0xfb, 0x0, 0x0, 0xd, 0xff, 0x6e, 0xff, 0x50,
    0x0, 0x0, 0x0, 0x0, 0x1, 0xff, 0xb0, 0x0,
    0xc, 0xff, 0xc0, 0x6f, 0xff, 0x80, 0x0, 0x0,
    0x0, 0x0, 0x1f, 0xfb, 0x0, 0x2d, 0xff, 0xe1,
    0x0, 0x4f, 0xff, 0xa0, 0x0, 0x0, 0x0, 0x2,
    0xff, 0xb1, 0x9f, 0xff, 0xe2, 0x0, 0x0, 0x2e,
    0xff, 0x80, 0x4, 0xdd, 0xdd, 0xff, 0xfa, 0x5f,
    0xff, 0xc1, 0x0, 0x0, 0x0, 0x2e, 0xd0, 0x0,
    0xe, 0xff, 0xff, 0xff, 0x40, 0x7e, 0x60, 0x0,
    0x0, 0x0, 0x0, 0x21, 0x0, 0x0, 0x9f, 0xff,
    0xdb, 0x40, 0x0, 0x0, 0x0, 0x0, 0x0, 0x0,
    0x0, 0x0, 0x0, 0x0, 0x0, 0x0, 0x0, 0x0,

    /* U+521D "初" */
    0x0, 0x0, 0x1, 0x0, 0x0, 0x0, 0x0, 0x0,
    0x0, 0x0, 0x0, 0x0, 0x0, 0x0, 0x0, 0x7,
    0xf9, 0x0, 0x0, 0x0, 0x0, 0x0, 0x0, 0x0,
    0x0, 0x0, 0x0, 0x0, 0x0, 0xcf, 0xf5, 0x0,
    0x0, 0x0, 0x0, 0x0, 0x0, 0x0, 0x0, 0x0,
    0x0, 0x0, 0x2, 0xff, 0xe1, 0x0, 0x1c, 0xcc,
    0xcc, 0xcc, 0xcc, 0xcc, 0xcc, 0xcc, 0x0, 0x0,
    0x8, 0xff, 0x70, 0x2, 0xff, 0xff, 0xff, 0xff,
    0xff, 0xff, 0xff, 0xf0, 0x0, 0x0, 0x1d, 0x70,
    0x10, 0x2f, 0xff, 0xff, 0xff, 0xff, 0xff, 0xff,
    0xff, 0x2f, 0xff, 0xff, 0xff, 0xff, 0xa1, 0x0,
    0x0, 0xcf, 0xf2, 0x0, 0x0, 0xdf, 0xf2, 0xff,
    0xff, 0xff, 0xff, 0xff, 0x20, 0x0, 0xd, 0xff,
    0x10, 0x0, 0xd, 0xfe, 0x18, 0x88, 0x88, 0x8a,
    0xff, 0xb0, 0x0, 0x0, 0xef, 0xf0, 0x0, 0x0,
    0xdf, 0xe0, 0x0, 0x0, 0x0, 0xbf, 0xf3, 0x0,
    0x0, 0xf, 0xff, 0x0, 0x0, 0xe, 0xfd, 0x0,
    0x0, 0x0, 0x4f, 0xfb, 0x0, 0x0, 0x0, 0xff,
    0xd0, 0x0, 0x0, 0xef, 0xd0, 0x0, 0x0, 0x1e,
    0xff, 0x20, 0x0, 0x0, 0x1f, 0xfc, 0x0, 0x0,
    0xf, 0xfc, 0x0, 0x0, 0xb, 0xff, 0x70, 0x9c,
    0x10, 0x2, 0xff, 0xa0, 0x0, 0x0, 0xff, 0xc0,
    0x0, 0x7, 0xff, 0xe0, 0x6f, 0xf8, 0x0, 0x5f,
    0xf8, 0x0, 0x0, 0xf, 0xfb, 0x0, 0x6, 0xff,
    0xff, 0xaf, 0xf7, 0x0, 0x8, 0xff, 0x60, 0x0,
    0x0, 0xff, 0xb0, 0x5, 0xff, 0xff, 0xff, 0xf5,
    0x0, 0x0, 0xbf, 0xf3, 0x0, 0x0, 0x1f, 0xfa,
    0x7, 0xff, 0xff, 0xff, 0xff, 0x80, 0x0, 0xf,
    0xff, 0x0, 0x0, 0x2, 0xff, 0x99, 0xff, 0xfa,
    0xff, 0xda, 0xff, 0x80, 0x2, 0xff, 0xc0, 0x0,
    0x0, 0x3f, 0xf8, 0x6f, 0xfa, 0x1f, 0xfd, 0xd,
    0xff, 0x20, 0x6f, 0xf8, 0x0, 0x0, 0x4, 0xff,
    0x70, 0xd9, 0x1, 0xff, 0xd0, 0x2f, 0x80, 0xc,
    0xff, 0x40, 0x0, 0x0, 0x5f, 0xf6, 0x2, 0x0,
    0x1f, 0xfd, 0x0, 0x40, 0x2, 0xff, 0xe0, 0x0,
    0x0, 0x6, 0xff, 0x50, 0x0, 0x1, 0xff, 0xd0,
    0x0, 0x0, 0xbf, 0xf8, 0x0, 0x0, 0x0, 0x8f,
    0xf4, 0x0, 0x0, 0x1f, 0xfd, 0x0, 0x0, 0x4f,
    0xff, 0x10, 0x0, 0x0, 0xa, 0xff, 0x20, 0x0,
    0x1, 0xff, 0xd0, 0x0, 0x1e, 0xff, 0x80, 0x0,
    0x0, 0x0, 0xef, 0xf0, 0x0, 0x0, 0x1f, 0xfd,
    0x0, 0x1c, 0xff, 0xe1, 0x0, 0x0, 0x0, 0x3f,
    0xfd, 0x0, 0x0, 0x1, 0xff, 0xd0, 0x1d, 0xff,
    0xf4, 0x0, 0x4b, 0xa9, 0xae, 0xff, 0x90, 0x0,
    0x0, 0x1f, 0xfd, 0x1, 0xcf, 0xf7, 0x0, 0x1,
    0xff, 0xff, 0xff, 0xe1, 0x0, 0x0, 0x1, 0xff,
    0xd0, 0x0, 0xc7, 0x0, 0x0, 0xc, 0xff, 0xfe,
    0xa2, 0x0, 0x0, 0x0, 0x2, 0x21, 0x0, 0x0,
    0x0, 0x0, 0x0, 0x0, 0x0, 0x0, 0x0, 0x0,

    /* U+5230 "到" */
    0x0, 0x0, 0x0, 0x0, 0x0, 0x0, 0x0, 0x0,
    0x0, 0x0, 0x0, 0x1, 0xdd, 0x80, 0x99, 0x99,
    0x99, 0x99, 0x99, 0x99, 0x99, 0x95, 0x0, 0x0,
    0x0, 0x1f, 0xfa, 0xf, 0xff, 0xff, 0xff, 0xff,
    0xff, 0xff, 0xff, 0x80, 0xdd, 0x80, 0x1, 0xff,
    0xa0, 0xcc, 0xcc, 0xff, 0xfe, 0xcc, 0xcc, 0xcc,
    0xc7, 0xf, 0xf9, 0x0, 0x1f, 0xfa, 0x0, 0x0,
    0x1f, 0xff, 0x10, 0x4, 0x30, 0x0, 0x0, 0xff,
    0x90, 0x1, 0xff, 0xa0, 0x0, 0x8, 0xff, 0x70,
    0x9, 0xfe, 0x10, 0x0, 0xf, 0xf9, 0x0, 0x1f,
    0xfa, 0x0, 0x1, 0xff, 0xe0, 0x0, 0x4f, 0xfb,
    0x0, 0x0, 0xff, 0x90, 0x1, 0xff, 0xa0, 0x0,
    0xaf, 0xf4, 0x0, 0x0, 0x8f, 0xf7, 0x0, 0xf,
    0xf9, 0x0, 0x1f, 0xfa, 0x0, 0x7f, 0xfb, 0x35,
    0x67, 0x8a, 0xff, 0xf2, 0x0, 0xff, 0x90, 0x1,
    0xff, 0xa0, 0x3f, 0xff, 0xff, 0xff, 0xff, 0xff,
    0xff, 0xc0, 0xf, 0xf9, 0x0, 0x1f, 0xfa, 0x0,
    0xef, 0xff, 0xff, 0xfe, 0xdb, 0xac, 0xff, 0x40,
    0xff, 0x90, 0x1, 0xff, 0xa0, 0x6, 0x86, 0x43,
    0x10, 0x0, 0x0, 0x1e, 0x70, 0xf, 0xf9, 0x0,
    0x1f, 0xfa, 0x0, 0x0, 0x0, 0x7, 0xee, 0x20,
    0x0, 0x10, 0x0, 0xff, 0x90, 0x1, 0xff, 0xa0,
    0x0, 0x0, 0x0, 0x8f, 0xf2, 0x0, 0x0, 0x0,
    0xf, 0xf9, 0x0, 0x1f, 0xfa, 0x0, 0x0, 0x0,
    0x8, 0xff, 0x20, 0x0, 0x0, 0x0, 0xff, 0x90,
    0x1, 0xff, 0xa0, 0x3e, 0xee, 0xee, 0xff, 0xff,
    0xee, 0xee, 0xd0, 0xf, 0xf9, 0x0, 0x1f, 0xfa,
    0x3, 0xff, 0xff, 0xff, 0xff, 0xff, 0xff, 0xfe,
    0x0, 0xff, 0x90, 0x1, 0xff, 0xa0, 0x28, 0x88,
    0x88, 0xcf, 0xf9, 0x88, 0x88, 0x80, 0xf, 0xf9,
    0x0, 0x1f, 0xfa, 0x0, 0x0, 0x0, 0x8, 0xff,
    0x20, 0x0, 0x0, 0x0, 0xff, 0x90, 0x1, 0xff,
    0xa0, 0x0, 0x0, 0x0, 0x8f, 0xf2, 0x0, 0x0,
    0x0, 0xf, 0xf9, 0x0, 0x1f, 0xfa, 0x0, 0x0,
    0x0, 0x8, 0xff, 0x20, 0x0, 0x2, 0x10, 0x55,
    0x30, 0x1, 0xff, 0xa0, 0x0, 0x0, 0x0, 0x8f,
    0xf5, 0x69, 0xcf, 0xf4, 0x0, 0x0, 0x0, 0x1f,
    0xfa, 0x0, 0x0, 0x14, 0x7c, 0xff, 0xff, 0xff,
    0xff, 0x50, 0x0, 0x0, 0x1, 0xff, 0xa1, 0x9c,
    0xef, 0xff, 0xff, 0xff, 0xff, 0xeb, 0x82, 0x0,
    0x0, 0x0, 0x1f, 0xfa, 0x1f, 0xff, 0xff, 0xff,
    0xeb, 0x74, 0x10, 0x0, 0x0, 0x6, 0xba, 0xac,
    0xff, 0x90, 0xdf, 0xda, 0x74, 0x10, 0x0, 0x0,
    0x0, 0x0, 0x0, 0x2f, 0xff, 0xff, 0xf4, 0x2,
    0x0, 0x0, 0x0, 0x0, 0x0, 0x0, 0x0, 0x0,
    0x0, 0xdf, 0xfe, 0xb5, 0x0, 0x0, 0x0, 0x0,
    0x0, 0x0, 0x0, 0x0, 0x0, 0x0, 0x0, 0x0,
    0x0, 0x0,

    /* U+5236 "制" */
    0x0, 0x0, 0x0, 0x0, 0x6a, 0xa0, 0x0, 0x0,
    0x0, 0x0, 0x0, 0x0, 0x4, 0x55, 0x0, 0x3,
    0xeb, 0x40, 0x9f, 0xf1, 0x0, 0x0, 0x0, 0x0,
    0x0, 0x0, 0xc, 0xff, 0x0, 0x8, 0xff, 0x40,
    0x9f, 0xf1, 0x0, 0x0, 0x0, 0x0, 0x0, 0x0,
    0xc, 0xff, 0x0, 0xc, 0xff, 0x0, 0x9f, 0xf1,
    0x0, 0x0, 0x0, 0x0, 0xbb, 0x60, 0xc, 0xff,
    0x0, 0x1f, 0xfd, 0x33, 0xbf, 0xf4, 0x33, 0x33,
    0x20, 0x1, 0xff, 0x80, 0xc, 0xff, 0x0, 0x5f,
    0xff, 0xff, 0xff, 0xff, 0xff, 0xff, 0xd0, 0x1,
    0xff, 0x80, 0xc, 0xff, 0x0, 0xbf, 0xff, 0xff,
    0xff, 0xff, 0xff, 0xff, 0xd0, 0x1, 0xff, 0x80,
    0xc, 0xff, 0x2, 0xff, 0xc5, 0x55, 0xcf, 0xf6,
    0x55, 0x55, 0x50, 0x1, 0xff, 0x80, 0xc, 0xff,
    0xa, 0xff, 0x40, 0x0, 0x9f, 0xf1, 0x0, 0x0,
    0x0, 0x1, 0xff, 0x80, 0xc, 0xff, 0x5, 0xcc,
    0x0, 0x0, 0x9f, 0xf1, 0x0, 0x0, 0x0, 0x1,
    0xff, 0x80, 0xc, 0xff, 0xa, 0xde, 0xdd, 0xdd,
    0xff, 0xfd, 0xdd, 0xdd, 0xdd, 0x1, 0xff, 0x80,
    0xc, 0xff, 0xc, 0xff, 0xff, 0xff, 0xff, 0xff,
    0xff, 0xff, 0xff, 0x1, 0xff, 0x80, 0xc, 0xff,
    0x9, 0xbb, 0xbb, 0xbb, 0xef, 0xfc, 0xbb, 0xbb,
    0xbb, 0x1, 0xff, 0x80, 0xc, 0xff, 0x0, 0x0,
    0x0, 0x0, 0x9f, 0xf1, 0x0, 0x0, 0x0, 0x1,
    0xff, 0x80, 0xc, 0xff, 0x0, 0x0, 0x0, 0x0,
    0x9f, 0xf1, 0x0, 0x0, 0x0, 0x1, 0xff, 0x80,
    0xc, 0xff, 0x0, 0x49, 0x99, 0x99, 0xdf, 0xfa,
    0x99, 0x99, 0x91, 0x1, 0xff, 0x80, 0xc, 0xff,
    0x0, 0x7f, 0xff, 0xff, 0xff, 0xff, 0xff, 0xff,
    0xf1, 0x1, 0xff, 0x80, 0xc, 0xff, 0x0, 0x7f,
    0xff, 0xff, 0xff, 0xff, 0xff, 0xff, 0xf1, 0x1,
    0xff, 0x80, 0xc, 0xff, 0x0, 0x7f, 0xf1, 0x0,
    0x9f, 0xf1, 0x0, 0x7f, 0xf1, 0x1, 0xff, 0x80,
    0xc, 0xff, 0x0, 0x7f, 0xf1, 0x0, 0x9f, 0xf1,
    0x0, 0x7f, 0xf1, 0x1, 0xff, 0x80, 0xc, 0xff,
    0x0, 0x7f, 0xf1, 0x0, 0x9f, 0xf1, 0x0, 0x7f,
    0xf1, 0x0, 0x0, 0x0, 0xc, 0xff, 0x0, 0x7f,
    0xf1, 0x0, 0x9f, 0xf1, 0x0, 0x7f, 0xf1, 0x0,
    0x0, 0x0, 0xc, 0xff, 0x0, 0x7f, 0xf1, 0x0,
    0x9f, 0xf1, 0x0, 0x7f, 0xf1, 0x0, 0x0, 0x0,
    0xc, 0xff, 0x0, 0x7f, 0xf1, 0x0, 0x9f, 0xf1,
    0x33, 0xaf, 0xf1, 0x0, 0x0, 0x0, 0xc, 0xff,
    0x0, 0x7f, 0xf1, 0x0, 0x9f, 0xf1, 0xef, 0xff,
    0xf0, 0x0, 0x0, 0x0, 0xc, 0xff, 0x0, 0x7f,
    0xf1, 0x0, 0x9f, 0xf1, 0x9f, 0xfe, 0x60, 0x0,
    0xd, 0xdd, 0xdf, 0xfd, 0x0, 0x1, 0x10, 0x0,
    0x9f, 0xf1, 0x12, 0x20, 0x0, 0x0, 0xb, 0xff,
    0xff, 0xf8, 0x0, 0x0, 0x0, 0x0, 0x9f, 0xf1,
    0x0, 0x0, 0x0, 0x0, 0x7, 0xff, 0xfc, 0x70,
    0x0, 0x0, 0x0, 0x0, 0x0, 0x0, 0x0, 0x0,
    0x0, 0x0, 0x0, 0x0, 0x0, 0x0,

    /* U+5242 "剂" */
    0x0, 0x0, 0x0, 0x2, 0x86, 0x0, 0x0, 0x0,
    0x0, 0x0, 0x0, 0x0, 0x37, 0x70, 0x0, 0x0,
    0x0, 0xd, 0xff, 0x20, 0x0, 0x0, 0x0, 0x0,
    0x0, 0x0, 0x7f, 0xf0, 0x0, 0x0, 0x0, 0x5,
    0xff, 0xb0, 0x0, 0x0, 0x0, 0x0, 0x0, 0x0,
    0x7f, 0xf0, 0x1, 0x11, 0x11, 0x12, 0xdf, 0xf4,
    0x11, 0x11, 0x11, 0x0, 0x0, 0x0, 0x7f, 0xf0,
    0x1f, 0xff, 0xff, 0xff, 0xff, 0xff, 0xff, 0xff,
    0xf8, 0x8, 0x84, 0x0, 0x7f, 0xf0, 0x1f, 0xff,
    0xff, 0xff, 0xff, 0xff, 0xff, 0xff, 0xf8, 0x1f,
    0xf8, 0x0, 0x7f, 0xf0, 0x5, 0x55, 0x55, 0x55,
    0x55, 0x56, 0xff, 0xc5, 0x53, 0x1f, 0xf8, 0x0,
    0x7f, 0xf0, 0x0, 0x2, 0xc5, 0x0, 0x0, 0x9,
    0xff, 0x40, 0x0, 0x1f, 0xf8, 0x0, 0x7f, 0xf0,
    0x0, 0x1d, 0xff, 0xd6, 0x0, 0x4f, 0xfc, 0x0,
    0x0, 0x1f, 0xf8, 0x0, 0x7f, 0xf0, 0x0, 0x4,
    0xcf, 0xff, 0xe7, 0xef, 0xe2, 0x0, 0x0, 0x1f,
    0xf8, 0x0, 0x7f, 0xf0, 0x0, 0x0, 0x3, 0xbf,
    0xff, 0xff, 0x40, 0x0, 0x0, 0x1f, 0xf8, 0x0,
    0x7f, 0xf0, 0x0, 0x0, 0x0, 0x2c, 0xff, 0xff,
    0xd4, 0x0, 0x0, 0x1f, 0xf8, 0x0, 0x7f, 0xf0,
    0x0, 0x0, 0x3b, 0xff, 0xfd, 0xdf, 0xff, 0xb2,
    0x0, 0x1f, 0xf8, 0x0, 0x7f, 0xf0, 0x26, 0xae,
    0xff, 0xfe, 0x60, 0x6, 0xef, 0xff, 0x91, 0x1f,
    0xf8, 0x0, 0x7f, 0xf0, 0x6f, 0xff, 0xfe, 0x80,
    0x0, 0x0, 0x19, 0xff, 0xe1, 0x1f, 0xf8, 0x0,
    0x7f, 0xf0, 0xb, 0xe9, 0x77, 0x70, 0x0, 0x1,
    0x77, 0x6c, 0x30, 0x1f, 0xf8, 0x0, 0x7f, 0xf0,
    0x0, 0x0, 0x6f, 0xf1, 0x0, 0x3, 0xff, 0x50,
    0x0, 0x1f, 0xf8, 0x0, 0x7f, 0xf0, 0x0, 0x0,
    0x6f, 0xf1, 0x0, 0x3, 0xff, 0x50, 0x0, 0x1f,
    0xf8, 0x0, 0x7f, 0xf0, 0x0, 0x0, 0x6f, 0xf1,
    0x0, 0x3, 0xff, 0x50, 0x0, 0x1f, 0xf8, 0x0,
    0x7f, 0xf0, 0x0, 0x0, 0x7f, 0xf0, 0x0, 0x3,
    0xff, 0x50, 0x0, 0x1f, 0xf8, 0x0, 0x7f, 0xf0,
    0x0, 0x0, 0x8f, 0xf0, 0x0, 0x3, 0xff, 0x50,
    0x0, 0x0, 0x0, 0x0, 0x7f, 0xf0, 0x0, 0x0,
    0xdf, 0xd0, 0x0, 0x3, 0xff, 0x50, 0x0, 0x0,
    0x0, 0x0, 0x7f, 0xf0, 0x0, 0x2, 0xff, 0x80,
    0x0, 0x3, 0xff, 0x50, 0x0, 0x0, 0x0, 0x0,
    0x7f, 0xf0, 0x0, 0xc, 0xff, 0x30, 0x0, 0x3,
    0xff, 0x50, 0x0, 0x0, 0x0, 0x0, 0x7f, 0xf0,
    0x0, 0x8f, 0xfb, 0x0, 0x0, 0x3, 0xff, 0x50,
    0x0, 0x0, 0x0, 0x0, 0x7f, 0xf0, 0x1a, 0xff,
    0xe1, 0x0, 0x0, 0x3, 0xff, 0x50, 0x0, 0x2,
    0x99, 0x99, 0xef, 0xf0, 0x9f, 0xfd, 0x20, 0x0,
    0x0, 0x3, 0xff, 0x50, 0x0, 0x0, 0xdf, 0xff,
    0xff, 0xa0, 0xb, 0x91, 0x0, 0x0, 0x0, 0x3,
    0xff, 0x50, 0x0, 0x0, 0x9f, 0xfe, 0xc8, 0x0,
    0x0, 0x0, 0x0, 0x0, 0x0, 0x0, 0x0, 0x0,
    0x0, 0x0, 0x0, 0x0, 0x0, 0x0,

    /* U+524D "前" */
    0x0, 0x0, 0x0, 0x2, 0x0, 0x0, 0x0, 0x0,
    0x0, 0x0, 0x21, 0x0, 0x0, 0x0, 0x0, 0x0,
    0x6, 0xdf, 0x60, 0x0, 0x0, 0x0, 0x0, 0x0,
    0xdf, 0xc3, 0x0, 0x0, 0x0, 0x0, 0x3, 0xff,
    0xf4, 0x0, 0x0, 0x0, 0x0, 0x6, 0xff, 0xe1,
    0x0, 0x0, 0x0, 0x0, 0x0, 0x7f, 0xfd, 0x0,
    0x0, 0x0, 0x0, 0xe, 0xff, 0x50, 0x0, 0x0,
    0x0, 0x0, 0x0, 0xd, 0xff, 0x70, 0x0, 0x0,
    0x0, 0x8f, 0xfa, 0x0, 0x0, 0x0, 0x29, 0x99,
    0x99, 0x9c, 0xfd, 0xa9, 0x99, 0x99, 0x9a, 0xff,
    0xfb, 0x99, 0x99, 0x97, 0x4f, 0xff, 0xff, 0xff,
    0xff, 0xff, 0xff, 0xff, 0xff, 0xff, 0xff, 0xff,
    0xff, 0xfb, 0x4f, 0xff, 0xff, 0xff, 0xff, 0xff,
    0xff, 0xff, 0xff, 0xff, 0xff, 0xff, 0xff, 0xfb,
    0x0, 0x0, 0x0, 0x0, 0x0, 0x0, 0x0, 0x0,
    0x0, 0x0, 0x0, 0x0, 0x0, 0x0, 0x0, 0x0,
    0x0, 0x0, 0x0, 0x0, 0x0, 0x0, 0x0, 0x0,
    0x0, 0xa, 0xba, 0x0, 0x0, 0x6d, 0xdd, 0xdd,
    0xdd, 0xdd, 0xdb, 0x0, 0x5, 0x54, 0x0, 0xe,
    0xfe, 0x0, 0x0, 0x8f, 0xff, 0xff, 0xff, 0xff,
    0xfe, 0x0, 0xe, 0xfa, 0x0, 0xe, 0xfe, 0x0,
    0x0, 0x8f, 0xfc, 0xbb, 0xbb, 0xbf, 0xfe, 0x0,
    0xe, 0xfa, 0x0, 0xe, 0xfe, 0x0, 0x0, 0x8f,
    0xf2, 0x0, 0x0, 0xd, 0xfe, 0x0, 0xe, 0xfa,
    0x0, 0xe, 0xfe, 0x0, 0x0, 0x8f, 0xf2, 0x0,
    0x0, 0xd, 0xfe, 0x0, 0xe, 0xfa, 0x0, 0xe,
    0xfe, 0x0, 0x0, 0x8f, 0xfd, 0xcc, 0xcc, 0xcf,
    0xfe, 0x0, 0xe, 0xfa, 0x0, 0xe, 0xfe, 0x0,
    0x0, 0x8f, 0xff, 0xff, 0xff, 0xff, 0xfe, 0x0,
    0xe, 0xfa, 0x0, 0xe, 0xfe, 0x0, 0x0, 0x8f,
    0xf7, 0x55, 0x55, 0x5e, 0xfe, 0x0, 0xe, 0xfa,
    0x0, 0xe, 0xfe, 0x0, 0x0, 0x8f, 0xf2, 0x0,
    0x0, 0xd, 0xfe, 0x0, 0xe, 0xfa, 0x0, 0xe,
    0xfe, 0x0, 0x0, 0x8f, 0xf3, 0x0, 0x0, 0xe,
    0xfe, 0x0, 0xe, 0xfa, 0x0, 0xe, 0xfe, 0x0,
    0x0, 0x8f, 0xff, 0xff, 0xff, 0xff, 0xfe, 0x0,
    0xe, 0xfa, 0x0, 0xe, 0xfe, 0x0, 0x0, 0x8f,
    0xff, 0xff, 0xff, 0xff, 0xfe, 0x0, 0xe, 0xfa,
    0x0, 0xe, 0xfe, 0x0, 0x0, 0x8f, 0xf4, 0x11,
    0x11, 0x1e, 0xfe, 0x0, 0xe, 0xfa, 0x0, 0xe,
    0xfe, 0x0, 0x0, 0x8f, 0xf2, 0x0, 0x0, 0xd,
    0xfe, 0x0, 0x0, 0x0, 0x0, 0xe, 0xfe, 0x0,
    0x0, 0x8f, 0xf2, 0x0, 0x0, 0xd, 0xfe, 0x0,
    0x0, 0x0, 0x0, 0xe, 0xfe, 0x0, 0x0, 0x8f,
    0xf2, 0x2, 0x76, 0x7f, 0xfd, 0x0, 0x0, 0x1a,
    0xa9, 0xaf, 0xfd, 0x0, 0x0, 0x8f, 0xf2, 0x1,
    0xff, 0xff, 0xf9, 0x0, 0x0, 0xc, 0xff, 0xff,
    0xf8, 0x0, 0x0, 0x7f, 0xf2, 0x0, 0xbf, 0xfc,
    0x80, 0x0, 0x0, 0x7, 0xff, 0xeb, 0x70, 0x0,
    0x0, 0x0, 0x0, 0x0, 0x0, 0x0, 0x0, 0x0,
    0x0, 0x0, 0x0, 0x0, 0x0, 0x0,

    /* U+529F "功" */
    0x0, 0x0, 0x0, 0x0, 0x0, 0x0, 0x0, 0x0,
    0x8, 0xdd, 0x30, 0x0, 0x0, 0x0, 0x0, 0x0,
    0x0, 0x0, 0x0, 0x0, 0x0, 0x0, 0x0, 0xaf,
    0xf3, 0x0, 0x0, 0x0, 0x0, 0x0, 0x0, 0x0,
    0x0, 0x0, 0x0, 0x0, 0x0, 0xa, 0xff, 0x30,
    0x0, 0x0, 0x0, 0x0, 0xce, 0xee, 0xee, 0xee,
    0xee, 0xe4, 0x0, 0x0, 0xaf, 0xf3, 0x0, 0x0,
    0x0, 0x0, 0xd, 0xff, 0xff, 0xff, 0xff, 0xff,
    0x50, 0x0, 0xa, 0xff, 0x20, 0x0, 0x0, 0x0,
    0x0, 0xac, 0xcc, 0xef, 0xfc, 0xcc, 0xc4, 0x0,
    0x0, 0xbf, 0xf2, 0x0, 0x0, 0x0, 0x0, 0x0,
    0x0, 0x9, 0xff, 0x20, 0x0, 0x3a, 0xaa, 0xae,
    0xff, 0xba, 0xaa, 0xaa, 0xaa, 0x0, 0x0, 0x0,
    0x9f, 0xf2, 0x0, 0x5, 0xff, 0xff, 0xff, 0xff,
    0xff, 0xff, 0xff, 0xf0, 0x0, 0x0, 0x9, 0xff,
    0x20, 0x0, 0x5f, 0xff, 0xff, 0xff, 0xff, 0xff,
    0xff, 0xff, 0x0, 0x0, 0x0, 0x9f, 0xf2, 0x0,
    0x0, 0x0, 0x0, 0xef, 0xf0, 0x0, 0x0, 0xdf,
    0xf0, 0x0, 0x0, 0x9, 0xff, 0x20, 0x0, 0x0,
    0x0, 0xf, 0xfd, 0x0, 0x0, 0xe, 0xfe, 0x0,
    0x0, 0x0, 0x9f, 0xf2, 0x0, 0x0, 0x0, 0x1,
    0xff, 0xb0, 0x0, 0x0, 0xef, 0xd0, 0x0, 0x0,
    0x9, 0xff, 0x20, 0x0, 0x0, 0x0, 0x3f, 0xf9,
    0x0, 0x0, 0xf, 0xfd, 0x0, 0x0, 0x0, 0x9f,
    0xf2, 0x0, 0x0, 0x0, 0x5, 0xff, 0x80, 0x0,
    0x0, 0xff, 0xc0, 0x0, 0x0, 0x9, 0xff, 0x20,
    0x0, 0x0, 0x0, 0x8f, 0xf6, 0x0, 0x0, 0x1f,
    0xfb, 0x0, 0x0, 0x0, 0x9f, 0xf2, 0x0, 0x0,
    0x0, 0xd, 0xff, 0x20, 0x0, 0x1, 0xff, 0xa0,
    0x0, 0x0, 0x9, 0xff, 0x21, 0x59, 0xa0, 0x2,
    0xff, 0xe0, 0x0, 0x0, 0x3f, 0xfa, 0x0, 0x0,
    0x0, 0x9f, 0xfd, 0xff, 0xfe, 0x0, 0x7f, 0xfa,
    0x0, 0x0, 0x4, 0xff, 0x90, 0x1, 0x48, 0xcf,
    0xff, 0xff, 0xff, 0xe0, 0xc, 0xff, 0x50, 0x0,
    0x0, 0x5f, 0xf8, 0x2, 0xff, 0xff, 0xff, 0xff,
    0xc7, 0x20, 0x4, 0xff, 0xe0, 0x0, 0x0, 0x6,
    0xff, 0x60, 0xe, 0xff, 0xfd, 0x95, 0x0, 0x0,
    0x0, 0xdf, 0xf7, 0x0, 0x0, 0x0, 0x8f, 0xf5,
    0x0, 0x9b, 0x62, 0x0, 0x0, 0x0, 0x0, 0xaf,
    0xfe, 0x0, 0x0, 0x0, 0xb, 0xff, 0x30, 0x0,
    0x0, 0x0, 0x0, 0x0, 0x0, 0x8f, 0xff, 0x50,
    0x0, 0x0, 0x0, 0xef, 0xf1, 0x0, 0x0, 0x0,
    0x0, 0x0, 0x0, 0x9f, 0xff, 0x90, 0x0, 0x0,
    0x0, 0x4f, 0xfe, 0x0, 0x0, 0x0, 0x0, 0x0,
    0x3, 0xdf, 0xff, 0xa0, 0x0, 0x6c, 0xbb, 0xbf,
    0xff, 0x90, 0x0, 0x0, 0x0, 0x0, 0x0, 0x8f,
    0xff, 0x90, 0x0, 0x1, 0xff, 0xff, 0xff, 0xe2,
    0x0, 0x0, 0x0, 0x0, 0x0, 0x0, 0x9e, 0x50,
    0x0, 0x0, 0xc, 0xff, 0xfe, 0xa2, 0x0, 0x0,
    0x0, 0x0, 0x0, 0x0, 0x0, 0x10, 0x0, 0x0,
    0x0, 0x0, 0x0, 0x0, 0x0, 0x0,

    /* U+52A0 "加" */
    0x0, 0x0, 0x6, 0xee, 0x40, 0x0, 0x0, 0x0,
    0x0, 0x0, 0x0, 0x0, 0x0, 0x0, 0x0, 0x0,
    0x7, 0xff, 0x40, 0x0, 0x0, 0x0, 0x0, 0x0,
    0x0, 0x0, 0x0, 0x0, 0x0, 0x0, 0x7, 0xff,
    0x40, 0x0, 0x0, 0x0, 0x0, 0x0, 0x0, 0x0,
    0x0, 0x0, 0x0, 0x0, 0x7, 0xff, 0x40, 0x0,
    0x0, 0x0, 0xb, 0xbb, 0xbb, 0xbb, 0xbb, 0xb8,
    0x0, 0x0, 0x7, 0xff, 0x40, 0x0, 0x0, 0x0,
    0xf, 0xff, 0xff, 0xff, 0xff, 0xfc, 0x5, 0xcc,
    0xce, 0xff, 0xdc, 0xcc, 0xcc, 0xa0, 0xf, 0xff,
    0xff, 0xff, 0xff, 0xfc, 0x6, 0xff, 0xff, 0xff,
    0xff, 0xff, 0xff, 0xd0, 0xf, 0xfb, 0x0, 0x0,
    0x2f, 0xfc, 0x6, 0xff, 0xff, 0xff, 0xff, 0xff,
    0xff, 0xd0, 0xf, 0xfb, 0x0, 0x0, 0x1f, 0xfc,
    0x0, 0x0, 0x9, 0xff, 0x20, 0x0, 0xef, 0xc0,
    0xf, 0xfb, 0x0, 0x0, 0x1f, 0xfc, 0x0, 0x0,
    0xa, 0xff, 0x10, 0x0, 0xff, 0xc0, 0xf, 0xfb,
    0x0, 0x0, 0x1f, 0xfc, 0x0, 0x0, 0xb, 0xff,
    0x0, 0x0, 0xff, 0xc0, 0xf, 0xfb, 0x0, 0x0,
    0x1f, 0xfc, 0x0, 0x0, 0xc, 0xff, 0x0, 0x0,
    0xff, 0xb0, 0xf, 0xfb, 0x0, 0x0, 0x1f, 0xfc,
    0x0, 0x0, 0xd, 0xfe, 0x0, 0x0, 0xff, 0xb0,
    0xf, 0xfb, 0x0, 0x0, 0x1f, 0xfc, 0x0, 0x0,
    0xe, 0xfd, 0x0, 0x0, 0xff, 0xb0, 0xf, 0xfb,
    0x0, 0x0, 0x1f, 0xfc, 0x0, 0x0, 0x1f, 0xfa,
    0x0, 0x1, 0xff, 0xa0, 0xf, 0xfb, 0x0, 0x0,
    0x1f, 0xfc, 0x0, 0x0, 0x3f, 0xf8, 0x0, 0x1,
    0xff, 0xa0, 0xf, 0xfb, 0x0, 0x0, 0x1f, 0xfc,
    0x0, 0x0, 0x6f, 0xf5, 0x0, 0x2, 0xff, 0x90,
    0xf, 0xfb, 0x0, 0x0, 0x1f, 0xfc, 0x0, 0x0,
    0x8f, 0xf2, 0x0, 0x3, 0xff, 0x90, 0xf, 0xfb,
    0x0, 0x0, 0x1f, 0xfc, 0x0, 0x0, 0xcf, 0xf0,
    0x0, 0x3, 0xff, 0x80, 0xf, 0xfb, 0x0, 0x0,
    0x1f, 0xfc, 0x0, 0x2, 0xff, 0xc0, 0x0, 0x4,
    0xff, 0x70, 0xf, 0xfb, 0x0, 0x0, 0x1f, 0xfc,
    0x0, 0x7, 0xff, 0x70, 0x0, 0x6, 0xff, 0x60,
    0xf, 0xfb, 0x0, 0x0, 0x1f, 0xfc, 0x0, 0xd,
    0xff, 0x10, 0x0, 0x7, 0xff, 0x50, 0xf, 0xfb,
    0x0, 0x0, 0x1f, 0xfc, 0x0, 0x4f, 0xfc, 0x0,
    0x0, 0xa, 0xff, 0x30, 0xf, 0xff, 0xff, 0xff,
    0xff, 0xfc, 0x0, 0xef, 0xf6, 0x0, 0x0, 0xe,
    0xff, 0x10, 0xf, 0xff, 0xff, 0xff, 0xff, 0xfc,
    0x9, 0xff, 0xe0, 0xc, 0xdc, 0xef, 0xfe, 0x0,
    0xf, 0xfe, 0xcc, 0xcc, 0xcf, 0xfc, 0x1e, 0xff,
    0x50, 0x8, 0xff, 0xff, 0xf6, 0x0, 0xf, 0xfb,
    0x0, 0x0, 0x1f, 0xfc, 0x2, 0xea, 0x0, 0x5,
    0xff, 0xec, 0x60, 0x0, 0xf, 0xfb, 0x0, 0x0,
    0x1c, 0xc9, 0x0, 0x20, 0x0, 0x0, 0x0, 0x0,
    0x0, 0x0, 0x0, 0x0, 0x0, 0x0, 0x0, 0x0,

    /* U+52A1 "务" */
    0x0, 0x0, 0x0, 0x0, 0x0, 0x41, 0x0, 0x0,
    0x0, 0x0, 0x0, 0x0, 0x0, 0x0, 0x0, 0x0,
    0x0, 0x0, 0x6, 0xff, 0xb0, 0x0, 0x0, 0x0,
    0x0, 0x0, 0x0, 0x0, 0x0, 0x0, 0x0, 0x0,
    0x2f, 0xff, 0x30, 0x0, 0x0, 0x0, 0x0, 0x0,
    0x0, 0x0, 0x0, 0x0, 0x0, 0x2, 0xef, 0xfc,
    0x55, 0x55, 0x55, 0x55, 0x55, 0x55, 0x0, 0x0,
    0x0, 0x0, 0x0, 0x2e, 0xff, 0xff, 0xff, 0xff,
    0xff, 0xff, 0xff, 0xff, 0xd2, 0x0, 0x0, 0x0,
    0x4, 0xff, 0xff, 0xff, 0xff, 0xff, 0xff, 0xff,
    0xff, 0xff, 0xb0, 0x0, 0x0, 0x0, 0x8f, 0xff,
    0xf3, 0x0, 0x0, 0x0, 0x0, 0x1, 0xbf, 0xfd,
    0x10, 0x0, 0x0, 0x5e, 0xff, 0xff, 0xfe, 0x30,
    0x0, 0x0, 0x0, 0x4e, 0xff, 0xc1, 0x0, 0x0,
    0x3, 0xff, 0xfd, 0x46, 0xff, 0xf6, 0x0, 0x0,
    0x29, 0xff, 0xfa, 0x0, 0x0, 0x0, 0x0, 0x6f,
    0x90, 0x0, 0x5f, 0xff, 0xd5, 0x3a, 0xff, 0xfd,
    0x40, 0x0, 0x0, 0x0, 0x0, 0x2, 0x0, 0x0,
    0x2, 0xcf, 0xff, 0xff, 0xff, 0x80, 0x0, 0x0,
    0x0, 0x0, 0x0, 0x0, 0x0, 0x2, 0x69, 0xdf,
    0xff, 0xff, 0xff, 0xb8, 0x41, 0x0, 0x0, 0x0,
    0x2, 0x47, 0x9b, 0xef, 0xff, 0xff, 0xfc, 0xbf,
    0xff, 0xff, 0xff, 0xed, 0xba, 0x86, 0x6f, 0xff,
    0xff, 0xff, 0xff, 0xa6, 0x10, 0x0, 0x49, 0xef,
    0xff, 0xff, 0xff, 0xf5, 0xe, 0xff, 0xfd, 0xa7,
    0x40, 0x0, 0x42, 0x10, 0x0, 0x2, 0x57, 0x9c,
    0xef, 0xb0, 0x4, 0x52, 0x0, 0x0, 0x0, 0x2,
    0xff, 0xd0, 0x0, 0x0, 0x0, 0x0, 0x0, 0x0,
    0x0, 0x0, 0x0, 0x0, 0x0, 0x5, 0xff, 0xa0,
    0x0, 0x0, 0x0, 0x0, 0x0, 0x0, 0x0, 0x27,
    0x77, 0x77, 0x77, 0x7b, 0xff, 0xb7, 0x77, 0x77,
    0x77, 0x77, 0x72, 0x0, 0x0, 0x5f, 0xff, 0xff,
    0xff, 0xff, 0xff, 0xff, 0xff, 0xff, 0xff, 0xff,
    0xf3, 0x0, 0x0, 0x5f, 0xff, 0xff, 0xff, 0xff,
    0xff, 0xff, 0xff, 0xff, 0xff, 0xff, 0xf1, 0x0,
    0x0, 0x0, 0x0, 0x0, 0x0, 0xdf, 0xf4, 0x0,
    0x0, 0x0, 0x0, 0xdf, 0xf0, 0x0, 0x0, 0x0,
    0x0, 0x0, 0x9, 0xff, 0xa0, 0x0, 0x0, 0x0,
    0x0, 0xff, 0xc0, 0x0, 0x0, 0x0, 0x0, 0x0,
    0x8f, 0xff, 0x10, 0x0, 0x0, 0x0, 0x3, 0xff,
    0x90, 0x0, 0x0, 0x0, 0x0, 0x1b, 0xff, 0xf4,
    0x0, 0x0, 0x0, 0x0, 0x7, 0xff, 0x50, 0x0,
    0x0, 0x0, 0x29, 0xff, 0xff, 0x30, 0x0, 0x0,
    0x0, 0x0, 0xd, 0xff, 0x10, 0x0, 0x4, 0x8c,
    0xff, 0xff, 0xc2, 0x0, 0x0, 0x47, 0x65, 0x55,
    0xbf, 0xfb, 0x0, 0x0, 0x1d, 0xff, 0xff, 0xd5,
    0x0, 0x0, 0x0, 0x2f, 0xff, 0xff, 0xff, 0xf3,
    0x0, 0x0, 0x4, 0xfe, 0x94, 0x0, 0x0, 0x0,
    0x0, 0xc, 0xff, 0xff, 0xeb, 0x30, 0x0, 0x0,
    0x0, 0x30, 0x0, 0x0, 0x0, 0x0, 0x0, 0x0,
    0x0, 0x0, 0x0, 0x0, 0x0, 0x0,

    /* U+52A8 "动" */
    0x0, 0x0, 0x0, 0x0, 0x0, 0x0, 0x0, 0x0,
    0x0, 0xac, 0xc0, 0x0, 0x0, 0x0, 0x0, 0x0,
    0x0, 0x0, 0x0, 0x0, 0x0, 0x0, 0x0, 0xcf,
    0xf0, 0x0, 0x0, 0x0, 0x4, 0xff, 0xff, 0xff,
    0xff, 0xff, 0xf5, 0x0, 0x0, 0xcf, 0xf0, 0x0,
    0x0, 0x0, 0x4, 0xff, 0xff, 0xff, 0xff, 0xff,
    0xf5, 0x0, 0x0, 0xcf, 0xf0, 0x0, 0x0, 0x0,
    0x2, 0x88, 0x88, 0x88, 0x88, 0x88, 0x83, 0x0,
    0x0, 0xcf, 0xf0, 0x0, 0x0, 0x0, 0x0, 0x0,
    0x0, 0x0, 0x0, 0x0, 0x0, 0x0, 0x0, 0xdf,
    0xf0, 0x0, 0x0, 0x0, 0x0, 0x0, 0x0, 0x0,
    0x0, 0x0, 0x0, 0x89, 0x99, 0xef, 0xf9, 0x99,
    0x99, 0x94, 0x0, 0x0, 0x0, 0x0, 0x0, 0x0,
    0x0, 0xcf, 0xff, 0xff, 0xff, 0xff, 0xff, 0xf6,
    0x0, 0x0, 0x0, 0x0, 0x0, 0x0, 0x0, 0xcf,
    0xff, 0xff, 0xff, 0xff, 0xff, 0xf6, 0x5f, 0xff,
    0xff, 0xff, 0xff, 0xff, 0xfe, 0x11, 0x11, 0xff,
    0xd1, 0x11, 0x7f, 0xf5, 0x5f, 0xff, 0xff, 0xff,
    0xff, 0xff, 0xfe, 0x0, 0x0, 0xff, 0xb0, 0x0,
    0x6f, 0xf5, 0x3a, 0xaa, 0xcf, 0xfd, 0xaa, 0xaa,
    0xa9, 0x0, 0x2, 0xff, 0x90, 0x0, 0x7f, 0xf4,
    0x0, 0x0, 0x9f, 0xf4, 0x0, 0x0, 0x0, 0x0,
    0x3, 0xff, 0x80, 0x0, 0x8f, 0xf4, 0x0, 0x0,
    0xdf, 0xf0, 0x0, 0x0, 0x0, 0x0, 0x5, 0xff,
    0x60, 0x0, 0x8f, 0xf3, 0x0, 0x1, 0xff, 0xb0,
    0x4, 0xbd, 0x0, 0x0, 0x7, 0xff, 0x50, 0x0,
    0x9f, 0xf2, 0x0, 0x6, 0xff, 0x60, 0x3, 0xff,
    0x40, 0x0, 0xb, 0xff, 0x20, 0x0, 0xaf, 0xf2,
    0x0, 0xa, 0xff, 0x10, 0x0, 0xdf, 0xa0, 0x0,
    0xe, 0xfe, 0x0, 0x0, 0xbf, 0xf1, 0x0, 0xf,
    0xfb, 0x0, 0x0, 0x7f, 0xf1, 0x0, 0x2f, 0xfb,
    0x0, 0x0, 0xcf, 0xf0, 0x0, 0x5f, 0xf5, 0x0,
    0x0, 0x4f, 0xf7, 0x0, 0x6f, 0xf7, 0x0, 0x0,
    0xdf, 0xf0, 0x0, 0xcf, 0xe1, 0x47, 0xbe, 0xff,
    0xfc, 0x0, 0xcf, 0xf4, 0x0, 0x0, 0xef, 0xe0,
    0x5, 0xff, 0xff, 0xff, 0xff, 0xff, 0xff, 0x23,
    0xff, 0xd0, 0x0, 0x0, 0xff, 0xd0, 0xe, 0xff,
    0xff, 0xff, 0xea, 0x65, 0xff, 0x69, 0xff, 0x70,
    0x0, 0x1, 0xff, 0xb0, 0xa, 0xff, 0xea, 0x62,
    0x0, 0x0, 0xb7, 0x4f, 0xff, 0x10, 0x0, 0x4,
    0xff, 0x90, 0x4, 0x83, 0x0, 0x0, 0x0, 0x0,
    0x1, 0xdf, 0xf9, 0x0, 0x0, 0x9, 0xff, 0x60,
    0x0, 0x0, 0x0, 0x0, 0x0, 0x0, 0xb, 0xff,
    0xe1, 0x3c, 0xba, 0xbf, 0xff, 0x30, 0x0, 0x0,
    0x0, 0x0, 0x0, 0x0, 0x1e, 0xff, 0x50, 0xe,
    0xff, 0xff, 0xfb, 0x0, 0x0, 0x0, 0x0, 0x0,
    0x0, 0x0, 0x1, 0xe7, 0x0, 0xa, 0xff, 0xfe,
    0x90, 0x0, 0x0, 0x0, 0x0, 0x0, 0x0, 0x0,
    0x0, 0x10, 0x0, 0x0, 0x0, 0x0, 0x0, 0x0,

    /* U+5300 "匀" */
    0x0, 0x0, 0x0, 0x0, 0x15, 0x10, 0x0, 0x0,
    0x0, 0x0, 0x0, 0x0, 0x0, 0x0, 0x0, 0x0,
    0x0, 0x0, 0x8f, 0xf9, 0x0, 0x0, 0x0, 0x0,
    0x0, 0x0, 0x0, 0x0, 0x0, 0x0, 0x0, 0x0,
    0xef, 0xf4, 0x0, 0x0, 0x0, 0x0, 0x0, 0x0,
    0x0, 0x0, 0x0, 0x0, 0x0, 0x5, 0xff, 0xd0,
    0x0, 0x0, 0x0, 0x0, 0x0, 0x0, 0x0, 0x0,
    0x0, 0x0, 0x0, 0xd, 0xff, 0x60, 0x0, 0x0,
    0x0, 0x0, 0x0, 0x0, 0x0, 0x0, 0x0, 0x0,
    0x0, 0x6f, 0xff, 0xba, 0xaa, 0xaa, 0xaa, 0xaa,
    0xaa, 0xaa, 0xaa, 0xa1, 0x0, 0x0, 0x0, 0xef,
    0xff, 0xff, 0xff, 0xff, 0xff, 0xff, 0xff, 0xff,
    0xff, 0xf1, 0x0, 0x0, 0x8, 0xff, 0xff, 0xff,
    0xff, 0xff, 0xff, 0xff, 0xff, 0xff, 0xff, 0xf1,
    0x0, 0x0, 0x4f, 0xff, 0x52, 0x22, 0x22, 0x22,
    0x22, 0x22, 0x22, 0x22, 0xef, 0xf0, 0x0, 0x1,
    0xef, 0xf9, 0x0, 0x0, 0x0, 0x0, 0x0, 0x0,
    0x0, 0x0, 0xef, 0xf0, 0x0, 0xb, 0xff, 0xe0,
    0x2, 0x0, 0x0, 0x0, 0x0, 0x0, 0x0, 0x0,
    0xef, 0xf0, 0x0, 0x9f, 0xff, 0x40, 0x7f, 0xa1,
    0x0, 0x0, 0x0, 0x0, 0x0, 0x0, 0xff, 0xe0,
    0x9, 0xff, 0xf8, 0x3, 0xff, 0xff, 0x80, 0x0,
    0x0, 0x0, 0x0, 0x0, 0xff, 0xe0, 0xa, 0xff,
    0xa0, 0x0, 0x3d, 0xff, 0xfd, 0x40, 0x0, 0x0,
    0x0, 0x0, 0xff, 0xd0, 0x0, 0x9c, 0x0, 0x0,
    0x0, 0x7f, 0xff, 0xfa, 0x10, 0x0, 0x0, 0x1,
    0xff, 0xc0, 0x0, 0x1, 0x0, 0x0, 0x0, 0x2,
    0xcf, 0xfe, 0x10, 0x0, 0x0, 0x2, 0xff, 0xc0,
    0x0, 0x0, 0x0, 0x0, 0x0, 0x0, 0x7, 0xf3,
    0x0, 0x0, 0x0, 0x3, 0xff, 0xb0, 0x0, 0x0,
    0x0, 0x0, 0x0, 0x0, 0x0, 0x0, 0x0, 0x52,
    0x0, 0x4, 0xff, 0xa0, 0x0, 0x0, 0x0, 0x0,
    0x0, 0x0, 0x0, 0x15, 0xbf, 0xf6, 0x0, 0x5,
    0xff, 0x90, 0x0, 0x0, 0x0, 0x0, 0x0, 0x1,
    0x6b, 0xff, 0xff, 0xf9, 0x0, 0x6, 0xff, 0x70,
    0x0, 0x0, 0x0, 0x0, 0x27, 0xcf, 0xff, 0xff,
    0xfd, 0x82, 0x0, 0x8, 0xff, 0x60, 0x0, 0x0,
    0x3, 0x8d, 0xff, 0xff, 0xff, 0xe8, 0x30, 0x0,
    0x0, 0xa, 0xff, 0x40, 0x0, 0x0, 0xcf, 0xff,
    0xff, 0xfe, 0x93, 0x0, 0x0, 0x0, 0x0, 0xd,
    0xff, 0x20, 0x0, 0x0, 0x7f, 0xff, 0xe9, 0x40,
    0x0, 0x0, 0x0, 0x0, 0x0, 0x1f, 0xff, 0x0,
    0x0, 0x0, 0x1e, 0x94, 0x0, 0x0, 0x0, 0x0,
    0x0, 0x0, 0x0, 0x8f, 0xfc, 0x0, 0x0, 0x0,
    0x0, 0x0, 0x0, 0x0, 0x0, 0xd, 0xdd, 0xcc,
    0xcd, 0xff, 0xf7, 0x0, 0x0, 0x0, 0x0, 0x0,
    0x0, 0x0, 0x0, 0x7, 0xff, 0xff, 0xff, 0xff,
    0xc0, 0x0, 0x0, 0x0, 0x0, 0x0, 0x0, 0x0,
    0x0, 0x2, 0xff, 0xff, 0xff, 0xc8, 0x0, 0x0,
    0x0, 0x0, 0x0, 0x0, 0x0, 0x0, 0x0, 0x0,
    0x0, 0x0, 0x0, 0x0, 0x0, 0x0,

    /* U+5347 "升" */
    0x0, 0x0, 0x0, 0x0, 0x0, 0x0, 0x5, 0x0,
    0x0, 0x15, 0x52, 0x0, 0x0, 0x0, 0x0, 0x0,
    0x0, 0x0, 0x0, 0x4, 0xcf, 0xb0, 0x0, 0x5f,
    0xf8, 0x0, 0x0, 0x0, 0x0, 0x0, 0x0, 0x0,
    0x6, 0xdf, 0xff, 0xf8, 0x0, 0x5f, 0xf8, 0x0,
    0x0, 0x0, 0x0, 0x0, 0x0, 0x5a, 0xff, 0xff,
    0xff, 0xa3, 0x0, 0x5f, 0xf8, 0x0, 0x0, 0x0,
    0x0, 0x16, 0xbf, 0xff, 0xff, 0xfe, 0x92, 0x0,
    0x0, 0x5f, 0xf8, 0x0, 0x0, 0x0, 0xc, 0xff,
    0xff, 0xff, 0xff, 0x60, 0x0, 0x0, 0x0, 0x5f,
    0xf8, 0x0, 0x0, 0x0, 0x9, 0xff, 0xfd, 0x9d,
    0xff, 0x20, 0x0, 0x0, 0x0, 0x5f, 0xf8, 0x0,
    0x0, 0x0, 0x3, 0xa6, 0x20, 0xb, 0xff, 0x20,
    0x0, 0x0, 0x0, 0x5f, 0xf8, 0x0, 0x0, 0x0,
    0x0, 0x0, 0x0, 0xb, 0xff, 0x20, 0x0, 0x0,
    0x0, 0x5f, 0xf8, 0x0, 0x0, 0x0, 0x0, 0x0,
    0x0, 0xb, 0xff, 0x20, 0x0, 0x0, 0x0, 0x5f,
    0xf8, 0x0, 0x0, 0x0, 0x0, 0x0, 0x0, 0xb,
    0xff, 0x20, 0x0, 0x0, 0x0, 0x5f, 0xf8, 0x0,
    0x0, 0x0, 0x0, 0x0, 0x0, 0xb, 0xff, 0x20,
    0x0, 0x0, 0x0, 0x5f, 0xf8, 0x0, 0x0, 0x0,
    0x1, 0x11, 0x11, 0x1b, 0xff, 0x31, 0x11, 0x11,
    0x11, 0x6f, 0xf9, 0x11, 0x11, 0x11, 0x5f, 0xff,
    0xff, 0xff, 0xff, 0xff, 0xff, 0xff, 0xff, 0xff,
    0xff, 0xff, 0xff, 0xfd, 0x5f, 0xff, 0xff, 0xff,
    0xff, 0xff, 0xff, 0xff, 0xff, 0xff, 0xff, 0xff,
    0xff, 0xfd, 0x39, 0x99, 0x99, 0x9e, 0xff, 0xa9,
    0x99, 0x99, 0x99, 0xcf, 0xfd, 0x99, 0x99, 0x98,
    0x0, 0x0, 0x0, 0xe, 0xff, 0x0, 0x0, 0x0,
    0x0, 0x5f, 0xf8, 0x0, 0x0, 0x0, 0x0, 0x0,
    0x0, 0x1f, 0xfd, 0x0, 0x0, 0x0, 0x0, 0x5f,
    0xf8, 0x0, 0x0, 0x0, 0x0, 0x0, 0x0, 0x4f,
    0xfa, 0x0, 0x0, 0x0, 0x0, 0x5f, 0xf8, 0x0,
    0x0, 0x0, 0x0, 0x0, 0x0, 0xaf, 0xf7, 0x0,
    0x0, 0x0, 0x0, 0x5f, 0xf8, 0x0, 0x0, 0x0,
    0x0, 0x0, 0x1, 0xff, 0xf1, 0x0, 0x0, 0x0,
    0x0, 0x5f, 0xf8, 0x0, 0x0, 0x0, 0x0, 0x0,
    0x8, 0xff, 0xb0, 0x0, 0x0, 0x0, 0x0, 0x5f,
    0xf8, 0x0, 0x0, 0x0, 0x0, 0x0, 0x4f, 0xff,
    0x40, 0x0, 0x0, 0x0, 0x0, 0x5f, 0xf8, 0x0,
    0x0, 0x0, 0x0, 0x3, 0xff, 0xfa, 0x0, 0x0,
    0x0, 0x0, 0x0, 0x5f, 0xf8, 0x0, 0x0, 0x0,
    0x0, 0x6f, 0xff, 0xd1, 0x0, 0x0, 0x0, 0x0,
    0x0, 0x5f, 0xf8, 0x0, 0x0, 0x0, 0x2b, 0xff,
    0xfd, 0x10, 0x0, 0x0, 0x0, 0x0, 0x0, 0x5f,
    0xf8, 0x0, 0x0, 0x0, 0x3e, 0xff, 0xb0, 0x0,
    0x0, 0x0, 0x0, 0x0, 0x0, 0x5f, 0xf8, 0x0,
    0x0, 0x0, 0x2, 0xd5, 0x0, 0x0, 0x0, 0x0,
    0x0, 0x0, 0x0, 0x5f, 0xf8, 0x0, 0x0, 0x0,
    0x0, 0x0, 0x0, 0x0, 0x0, 0x0, 0x0, 0x0,
    0x0, 0x0, 0x0, 0x0, 0x0, 0x0,

    /* U+5355 "单" */
    0x0, 0x0, 0x0, 0x0, 0x0, 0x0, 0x0, 0x0,
    0x0, 0x0, 0x0, 0x0, 0x0, 0x0, 0x0, 0x0,
    0x0, 0x4c, 0xe1, 0x0, 0x0, 0x0, 0x0, 0x3,
    0xfb, 0x60, 0x0, 0x0, 0x0, 0x0, 0x0, 0x8f,
    0xfc, 0x0, 0x0, 0x0, 0x0, 0xb, 0xff, 0xc0,
    0x0, 0x0, 0x0, 0x0, 0x0, 0xc, 0xff, 0x80,
    0x0, 0x0, 0x0, 0x3f, 0xff, 0x20, 0x0, 0x0,
    0x0, 0x0, 0x0, 0x2, 0xff, 0xf3, 0x0, 0x0,
    0x0, 0xdf, 0xf6, 0x0, 0x0, 0x0, 0x0, 0x1,
    0x22, 0x22, 0x9f, 0xe6, 0x22, 0x22, 0x28, 0xff,
    0xd2, 0x22, 0x20, 0x0, 0x0, 0x7, 0xff, 0xff,
    0xff, 0xff, 0xff, 0xff, 0xff, 0xff, 0xff, 0xff,
    0xf3, 0x0, 0x0, 0x7, 0xff, 0xff, 0xff, 0xff,
    0xff, 0xff, 0xff, 0xff, 0xff, 0xff, 0xf3, 0x0,
    0x0, 0x7, 0xff, 0x63, 0x33, 0x33, 0x7f, 0xfb,
    0x33, 0x33, 0x33, 0xcf, 0xf3, 0x0, 0x0, 0x7,
    0xff, 0x40, 0x0, 0x0, 0x4f, 0xf9, 0x0, 0x0,
    0x0, 0xaf, 0xf3, 0x0, 0x0, 0x7, 0xff, 0x51,
    0x11, 0x11, 0x6f, 0xfa, 0x11, 0x11, 0x11, 0xbf,
    0xf3, 0x0, 0x0, 0x7, 0xff, 0xff, 0xff, 0xff,
    0xff, 0xff, 0xff, 0xff, 0xff, 0xff, 0xf3, 0x0,
    0x0, 0x7, 0xff, 0xff, 0xff, 0xff, 0xff, 0xff,
    0xff, 0xff, 0xff, 0xff, 0xf3, 0x0, 0x0, 0x7,
    0xff, 0x51, 0x11, 0x11, 0x6f, 0xfa, 0x11, 0x11,
    0x11, 0xbf, 0xf3, 0x0, 0x0, 0x7, 0xff, 0x40,
    0x0, 0x0, 0x4f, 0xf9, 0x0, 0x0, 0x0, 0xaf,
    0xf3, 0x0, 0x0, 0x7, 0xff, 0x63, 0x33, 0x33,
    0x7f, 0xfb, 0x33, 0x33, 0x33, 0xcf, 0xf3, 0x0,
    0x0, 0x7, 0xff, 0xff, 0xff, 0xff, 0xff, 0xff,
    0xff, 0xff, 0xff, 0xff, 0xf3, 0x0, 0x0, 0x7,
    0xff, 0xff, 0xff, 0xff, 0xff, 0xff, 0xff, 0xff,
    0xff, 0xff, 0xf3, 0x0, 0x0, 0x1, 0x22, 0x22,
    0x22, 0x22, 0x6f, 0xfb, 0x22, 0x22, 0x22, 0x22,
    0x20, 0x0, 0x0, 0x0, 0x0, 0x0, 0x0, 0x0,
    0x4f, 0xf9, 0x0, 0x0, 0x0, 0x0, 0x0, 0x0,
    0x28, 0x88, 0x88, 0x88, 0x88, 0x88, 0xbf, 0xfd,
    0x88, 0x88, 0x88, 0x88, 0x88, 0x86, 0x3f, 0xff,
    0xff, 0xff, 0xff, 0xff, 0xff, 0xff, 0xff, 0xff,
    0xff, 0xff, 0xff, 0xfb, 0x3f, 0xff, 0xff, 0xff,
    0xff, 0xff, 0xff, 0xff, 0xff, 0xff, 0xff, 0xff,
    0xff, 0xfb, 0x0, 0x0, 0x0, 0x0, 0x0, 0x0,
    0x5f, 0xfa, 0x0, 0x0, 0x0, 0x0, 0x0, 0x0,
    0x0, 0x0, 0x0, 0x0, 0x0, 0x0, 0x4f, 0xf9,
    0x0, 0x0, 0x0, 0x0, 0x0, 0x0, 0x0, 0x0,
    0x0, 0x0, 0x0, 0x0, 0x4f, 0xf9, 0x0, 0x0,
    0x0, 0x0, 0x0, 0x0, 0x0, 0x0, 0x0, 0x0,
    0x0, 0x0, 0x4f, 0xf9, 0x0, 0x0, 0x0, 0x0,
    0x0, 0x0, 0x0, 0x0, 0x0, 0x0, 0x0, 0x0,
    0x4f, 0xf9, 0x0, 0x0, 0x0, 0x0, 0x0, 0x0,

    /* U+536B "卫" */
    0x0, 0x0, 0x0, 0x0, 0x0, 0x0, 0x0, 0x0,
    0x0, 0x0, 0x0, 0x0, 0x0, 0x0, 0x0, 0xbf,
    0xff, 0xff, 0xff, 0xff, 0xff, 0xff, 0xff, 0xff,
    0xff, 0xff, 0xf9, 0x0, 0x0, 0xbf, 0xff, 0xff,
    0xff, 0xff, 0xff, 0xff, 0xff, 0xff, 0xff, 0xff,
    0xf9, 0x0, 0x0, 0x8c, 0xcc, 0xcc, 0xcc, 0xcf,
    0xff, 0xdc, 0xcc, 0xcc, 0xcc, 0xef, 0xf9, 0x0,
    0x0, 0x0, 0x0, 0x0, 0x0, 0xd, 0xff, 0x30,
    0x0, 0x0, 0x0, 0x6f, 0xf9, 0x0, 0x0, 0x0,
    0x0, 0x0, 0x0, 0xd, 0xff, 0x30, 0x0, 0x0,
    0x0, 0x6f, 0xf9, 0x0, 0x0, 0x0, 0x0, 0x0,
    0x0, 0xd, 0xff, 0x30, 0x0, 0x0, 0x0, 0x6f,
    0xf9, 0x0, 0x0, 0x0, 0x0, 0x0, 0x0, 0xd,
    0xff, 0x30, 0x0, 0x0, 0x0, 0x6f, 0xf9, 0x0,
    0x0, 0x0, 0x0, 0x0, 0x0, 0xd, 0xff, 0x30,
    0x0, 0x0, 0x0, 0x6f, 0xf9, 0x0, 0x0, 0x0,
    0x0, 0x0, 0x0, 0xd, 0xff, 0x30, 0x0, 0x0,
    0x0, 0x6f, 0xf9, 0x0, 0x0, 0x0, 0x0, 0x0,
    0x0, 0xd, 0xff, 0x30, 0x0, 0x0, 0x0, 0x6f,
    0xf9, 0x0, 0x0, 0x0, 0x0, 0x0, 0x0, 0xd,
    0xff, 0x30, 0x0, 0x0, 0x0, 0x6f, 0xf9, 0x0,
    0x0, 0x0, 0x0, 0x0, 0x0, 0xd, 0xff, 0x30,
    0x0, 0x0, 0x0, 0x6f, 0xf9, 0x0, 0x0, 0x0,
    0x0, 0x0, 0x0, 0xd, 0xff, 0x30, 0x1, 0x10,
    0x1, 0x8f, 0xf8, 0x0, 0x0, 0x0, 0x0, 0x0,
    0x0, 0xd, 0xff, 0x30, 0xb, 0xff, 0xff, 0xff,
    0xf5, 0x0, 0x0, 0x0, 0x0, 0x0, 0x0, 0xd,
    0xff, 0x30, 0x4, 0xff, 0xff, 0xff, 0xd1, 0x0,
    0x0, 0x0, 0x0, 0x0, 0x0, 0xd, 0xff, 0x30,
    0x0, 0xaa, 0xa9, 0x85, 0x0, 0x0, 0x0, 0x0,
    0x0, 0x0, 0x0, 0xd, 0xff, 0x30, 0x0, 0x0,
    0x0, 0x0, 0x0, 0x0, 0x0, 0x0, 0x0, 0x0,
    0x0, 0xd, 0xff, 0x30, 0x0, 0x0, 0x0, 0x0,
    0x0, 0x0, 0x0, 0x0, 0x0, 0x0, 0x0, 0xd,
    0xff, 0x30, 0x0, 0x0, 0x0, 0x0, 0x0, 0x0,
    0x0, 0x0, 0x0, 0x0, 0x0, 0xd, 0xff, 0x30,
    0x0, 0x0, 0x0, 0x0, 0x0, 0x0, 0x0, 0x0,
    0x0, 0x0, 0x0, 0xd, 0xff, 0x30, 0x0, 0x0,
    0x0, 0x0, 0x0, 0x0, 0x1, 0x11, 0x11, 0x11,
    0x11, 0x1d, 0xff, 0x51, 0x11, 0x11, 0x11, 0x11,
    0x11, 0x11, 0x4f, 0xff, 0xff, 0xff, 0xff, 0xff,
    0xff, 0xff, 0xff, 0xff, 0xff, 0xff, 0xff, 0xfd,
    0x4f, 0xff, 0xff, 0xff, 0xff, 0xff, 0xff, 0xff,
    0xff, 0xff, 0xff, 0xff, 0xff, 0xfd, 0x3b, 0xbb,
    0xbb, 0xbb, 0xbb, 0xbb, 0xbb, 0xbb, 0xbb, 0xbb,
    0xbb, 0xbb, 0xbb, 0xb9,

    /* U+5373 "即" */
    0x0, 0xcc, 0xcc, 0xcc, 0xcc, 0xcc, 0xcc, 0x0,
    0x79, 0x99, 0x99, 0x99, 0x99, 0x60, 0xf, 0xff,
    0xff, 0xff, 0xff, 0xff, 0xf0, 0xc, 0xff, 0xff,
    0xff, 0xff, 0xfb, 0x0, 0xff, 0xfc, 0xcc, 0xcc,
    0xcf, 0xff, 0x0, 0xcf, 0xff, 0xff, 0xff, 0xff,
    0xb0, 0xf, 0xfe, 0x0, 0x0, 0x0, 0xcf, 0xf0,
    0xc, 0xff, 0x10, 0x0, 0x1f, 0xfb, 0x0, 0xff,
    0xe0, 0x0, 0x0, 0xc, 0xff, 0x0, 0xcf, 0xf1,
    0x0, 0x1, 0xff, 0xb0, 0xf, 0xfe, 0x0, 0x0,
    0x0, 0xcf, 0xf0, 0xc, 0xff, 0x10, 0x0, 0x1f,
    0xfb, 0x0, 0xff, 0xff, 0xff, 0xff, 0xff, 0xff,
    0x0, 0xcf, 0xf1, 0x0, 0x1, 0xff, 0xb0, 0xf,
    0xff, 0xff, 0xff, 0xff, 0xff, 0xf0, 0xc, 0xff,
    0x10, 0x0, 0x1f, 0xfb, 0x0, 0xff, 0xf9, 0x99,
    0x99, 0x9e, 0xff, 0x0, 0xcf, 0xf1, 0x0, 0x1,
    0xff, 0xb0, 0xf, 0xfe, 0x0, 0x0, 0x0, 0xcf,
    0xf0, 0xc, 0xff, 0x10, 0x0, 0x1f, 0xfb, 0x0,
    0xff, 0xe0, 0x0, 0x0, 0xc, 0xff, 0x0, 0xcf,
    0xf1, 0x0, 0x1, 0xff, 0xb0, 0xf, 0xfe, 0x0,
    0x0, 0x0, 0xcf, 0xf0, 0xc, 0xff, 0x10, 0x0,
    0x1f, 0xfb, 0x0, 0xff, 0xff, 0xff, 0xff, 0xff,
    0xff, 0x0, 0xcf, 0xf1, 0x0, 0x1, 0xff, 0xb0,
    0xf, 0xff, 0xff, 0xff, 0xff, 0xff, 0xf0, 0xc,
    0xff, 0x10, 0x0, 0x1f, 0xfb, 0x0, 0xff, 0xf9,
    0x99, 0x99, 0x99, 0x99, 0x0, 0xcf, 0xf1, 0x0,
    0x1, 0xff, 0xb0, 0xf, 0xfe, 0x0, 0x0, 0x0,
    0x0, 0x0, 0xc, 0xff, 0x10, 0x0, 0x1f, 0xfb,
    0x0, 0xff, 0xe0, 0x0, 0x18, 0xe1, 0x0, 0x0,
    0xcf, 0xf1, 0x0, 0x1, 0xff, 0xb0, 0xf, 0xfe,
    0x0, 0x8, 0xff, 0xa0, 0x0, 0xc, 0xff, 0x10,
    0x0, 0x1f, 0xfb, 0x0, 0xff, 0xe0, 0x0, 0xe,
    0xff, 0x30, 0x0, 0xcf, 0xf1, 0x7c, 0xcd, 0xff,
    0x90, 0xf, 0xfe, 0x0, 0x0, 0x6f, 0xfd, 0x0,
    0xc, 0xff, 0x14, 0xff, 0xff, 0xf5, 0x0, 0xff,
    0xe0, 0x15, 0xaf, 0xff, 0xf6, 0x0, 0xcf, 0xf1,
    0xd, 0xed, 0xa5, 0x0, 0x4f, 0xff, 0xcf, 0xff,
    0xff, 0xff, 0xe0, 0xc, 0xff, 0x10, 0x0, 0x0,
    0x0, 0x1e, 0xff, 0xff, 0xff, 0xea, 0x5d, 0xff,
    0x60, 0xcf, 0xf1, 0x0, 0x0, 0x0, 0x0, 0xdf,
    0xff, 0xe9, 0x40, 0x0, 0x5f, 0xf7, 0xc, 0xff,
    0x10, 0x0, 0x0, 0x0, 0x7, 0xe8, 0x30, 0x0,
    0x0, 0x0, 0x71, 0x0, 0xcf, 0xf1, 0x0, 0x0,
    0x0, 0x0, 0x10, 0x0, 0x0, 0x0, 0x0, 0x0,
    0x0, 0xc, 0xff, 0x10, 0x0, 0x0, 0x0,

    /* U+5374 "却" */
    0x0, 0x0, 0x0, 0x14, 0x42, 0x0, 0x0, 0x0,
    0x0, 0x0, 0x0, 0x0, 0x0, 0x0, 0x0, 0x0,
    0x4, 0xff, 0x70, 0x0, 0x0, 0x0, 0x0, 0x0,
    0x0, 0x0, 0x0, 0x0, 0x0, 0x0, 0x4f, 0xf7,
    0x0, 0x0, 0x0, 0x8, 0x88, 0x88, 0x88, 0x88,
    0x80, 0x0, 0x0, 0x4, 0xff, 0x70, 0x0, 0x0,
    0x1, 0xff, 0xff, 0xff, 0xff, 0xfe, 0x0, 0x0,
    0x0, 0x4f, 0xf7, 0x0, 0x0, 0x0, 0x1f, 0xff,
    0xff, 0xff, 0xff, 0xe0, 0x4f, 0xff, 0xff, 0xff,
    0xff, 0xff, 0xf2, 0x1, 0xff, 0xa0, 0x0, 0xc,
    0xfe, 0x4, 0xff, 0xff, 0xff, 0xff, 0xff, 0xff,
    0x20, 0x1f, 0xf9, 0x0, 0x0, 0xcf, 0xe0, 0x3b,
    0xbb, 0xbc, 0xff, 0xdb, 0xbb, 0xb1, 0x1, 0xff,
    0x90, 0x0, 0xc, 0xfe, 0x0, 0x0, 0x0, 0x4f,
    0xf7, 0x0, 0x0, 0x0, 0x1f, 0xf9, 0x0, 0x0,
    0xcf, 0xe0, 0x0, 0x0, 0x4, 0xff, 0x70, 0x0,
    0x0, 0x1, 0xff, 0x90, 0x0, 0xc, 0xfe, 0x0,
    0x0, 0x0, 0x4f, 0xf7, 0x0, 0x0, 0x0, 0x1f,
    0xf9, 0x0, 0x0, 0xcf, 0xe0, 0x0, 0x0, 0x4,
    0xff, 0x70, 0x0, 0x0, 0x1, 0xff, 0x90, 0x0,
    0xc, 0xfe, 0x3b, 0xbb, 0xbb, 0xdf, 0xfd, 0xbb,
    0xbb, 0xb0, 0x1f, 0xf9, 0x0, 0x0, 0xcf, 0xe4,
    0xff, 0xff, 0xff, 0xff, 0xff, 0xff, 0xfe, 0x1,
    0xff, 0x90, 0x0, 0xc, 0xfe, 0x4f, 0xff, 0xff,
    0xff, 0xff, 0xff, 0xff, 0xe0, 0x1f, 0xf9, 0x0,
    0x0, 0xcf, 0xe0, 0x0, 0x0, 0x4f, 0xfc, 0x0,
    0x0, 0x0, 0x1, 0xff, 0x90, 0x0, 0xc, 0xfe,
    0x0, 0x0, 0xa, 0xff, 0x50, 0x0, 0x0, 0x0,
    0x1f, 0xf9, 0x0, 0x0, 0xcf, 0xe0, 0x0, 0x1,
    0xff, 0xd0, 0x7, 0xe7, 0x0, 0x1, 0xff, 0x90,
    0x0, 0xc, 0xfe, 0x0, 0x0, 0x8f, 0xf6, 0x0,
    0xcf, 0xe0, 0x0, 0x1f, 0xf9, 0x0, 0x0, 0xcf,
    0xe0, 0x0, 0xe, 0xfe, 0x0, 0x5, 0xff, 0x60,
    0x1, 0xff, 0x90, 0x0, 0xc, 0xfe, 0x0, 0x8,
    0xff, 0x50, 0x0, 0xe, 0xfe, 0x0, 0x1f, 0xf9,
    0x0, 0x0, 0xdf, 0xe0, 0x1, 0xff, 0xc0, 0x0,
    0x14, 0xbf, 0xf5, 0x1, 0xff, 0x90, 0xff, 0xff,
    0xfc, 0x0, 0xcf, 0xfa, 0x9c, 0xef, 0xff, 0xff,
    0xc0, 0x1f, 0xf9, 0xa, 0xff, 0xff, 0x70, 0xaf,
    0xff, 0xff, 0xff, 0xff, 0xff, 0xff, 0x21, 0xff,
    0x90, 0x6d, 0xda, 0x50, 0x5, 0xff, 0xff, 0xeb,
    0x86, 0x31, 0x5f, 0xf7, 0x1f, 0xf9, 0x0, 0x0,
    0x0, 0x0, 0xb, 0x74, 0x10, 0x0, 0x0, 0x0,
    0xe9, 0x21, 0xff, 0x90, 0x0, 0x0, 0x0, 0x0,
    0x0, 0x0, 0x0, 0x0, 0x0, 0x0, 0x0, 0x1f,
    0xf9, 0x0, 0x0, 0x0, 0x0, 0x0, 0x0, 0x0,
    0x0, 0x0, 0x0, 0x0, 0x1, 0xff, 0x90, 0x0,
    0x0, 0x0,

    /* U+5382 "厂" */
    0x0, 0x1, 0x22, 0x22, 0x22, 0x22, 0x22, 0x22,
    0x22, 0x22, 0x22, 0x22, 0x22, 0x20, 0x0, 0xc,
    0xff, 0xff, 0xff, 0xff, 0xff, 0xff, 0xff, 0xff,
    0xff, 0xff, 0xff, 0xf2, 0x0, 0xc, 0xff, 0xff,
    0xff, 0xff, 0xff, 0xff, 0xff, 0xff, 0xff, 0xff,
    0xff, 0xf2, 0x0, 0xc, 0xff, 0xdc, 0xcc, 0xcc,
    0xcc, 0xcc, 0xcc, 0xcc, 0xcc, 0xcc, 0xcc, 0xc2,
    0x0, 0xc, 0xff, 0x30, 0x0, 0x0, 0x0, 0x0,
    0x0, 0x0, 0x0, 0x0, 0x0, 0x0, 0x0, 0xc,
    0xff, 0x30, 0x0, 0x0, 0x0, 0x0, 0x0, 0x0,
    0x0, 0x0, 0x0, 0x0, 0x0, 0xc, 0xff, 0x30,
    0x0, 0x0, 0x0, 0x0, 0x0, 0x0, 0x0, 0x0,
    0x0, 0x0, 0x0, 0xc, 0xff, 0x30, 0x0, 0x0,
    0x0, 0x0, 0x0, 0x0, 0x0, 0x0, 0x0, 0x0,
    0x0, 0xc, 0xff, 0x30, 0x0, 0x0, 0x0, 0x0,
    0x0, 0x0, 0x0, 0x0, 0x0, 0x0, 0x0, 0xc,
    0xff, 0x30, 0x0, 0x0, 0x0, 0x0, 0x0, 0x0,
    0x0, 0x0, 0x0, 0x0, 0x0, 0xc, 0xff, 0x30,
    0x0, 0x0, 0x0, 0x0, 0x0, 0x0, 0x0, 0x0,
    0x0, 0x0, 0x0, 0xc, 0xff, 0x20, 0x0, 0x0,
    0x0, 0x0, 0x0, 0x0, 0x0, 0x0, 0x0, 0x0,
    0x0, 0xd, 0xff, 0x20, 0x0, 0x0, 0x0, 0x0,
    0x0, 0x0, 0x0, 0x0, 0x0, 0x0, 0x0, 0xd,
    0xff, 0x20, 0x0, 0x0, 0x0, 0x0, 0x0, 0x0,
    0x0, 0x0, 0x0, 0x0, 0x0, 0xf, 0xff, 0x0,
    0x0, 0x0, 0x0, 0x0, 0x0, 0x0, 0x0, 0x0,
    0x0, 0x0, 0x0, 0xf, 0xff, 0x0, 0x0, 0x0,
    0x0, 0x0, 0x0, 0x0, 0x0, 0x0, 0x0, 0x0,
    0x0, 0x2f, 0xfd, 0x0, 0x0, 0x0, 0x0, 0x0,
    0x0, 0x0, 0x0, 0x0, 0x0, 0x0, 0x0, 0x4f,
    0xfb, 0x0, 0x0, 0x0, 0x0, 0x0, 0x0, 0x0,
    0x0, 0x0, 0x0, 0x0, 0x0, 0x7f, 0xf9, 0x0,
    0x0, 0x0, 0x0, 0x0, 0x0, 0x0, 0x0, 0x0,
    0x0, 0x0, 0x0, 0xbf, 0xf5, 0x0, 0x0, 0x0,
    0x0, 0x0, 0x0, 0x0, 0x0, 0x0, 0x0, 0x0,
    0x0, 0xff, 0xf1, 0x0, 0x0, 0x0, 0x0, 0x0,
    0x0, 0x0, 0x0, 0x0, 0x0, 0x0, 0x4, 0xff,
    0xe0, 0x0, 0x0, 0x0, 0x0, 0x0, 0x0, 0x0,
    0x0, 0x0, 0x0, 0x0, 0xb, 0xff, 0xa0, 0x0,
    0x0, 0x0, 0x0, 0x0, 0x0, 0x0, 0x0, 0x0,
    0x0, 0x0, 0x2f, 0xff, 0x30, 0x0, 0x0, 0x0,
    0x0, 0x0, 0x0, 0x0, 0x0, 0x0, 0x0, 0x0,
    0xaf, 0xfc, 0x0, 0x0, 0x0, 0x0, 0x0, 0x0,
    0x0, 0x0, 0x0, 0x0, 0x0, 0x0, 0x5d, 0xf4,
    0x0, 0x0, 0x0, 0x0, 0x0, 0x0, 0x0, 0x0,
    0x0, 0x0, 0x0, 0x0, 0x0, 0x70, 0x0, 0x0,
    0x0, 0x0, 0x0, 0x0, 0x0, 0x0, 0x0, 0x0,
    0x0, 0x0,

    /* U+539F "原" */
    0x0, 0x8, 0xff, 0xff, 0xff, 0xff, 0xff, 0xff,
    0xff, 0xff, 0xff, 0xff, 0xff, 0xff, 0x30, 0x0,
    0x8f, 0xff, 0xff, 0xff, 0xff, 0xff, 0xff, 0xff,
    0xff, 0xff, 0xff, 0xff, 0xf3, 0x0, 0x8, 0xff,
    0xca, 0xaa, 0xaa, 0xaa, 0xab, 0xaa, 0xaa, 0xaa,
    0xaa, 0xaa, 0xaa, 0x20, 0x0, 0x8f, 0xf4, 0x0,
    0x0, 0x0, 0x0, 0xcf, 0xd6, 0x0, 0x0, 0x0,
    0x0, 0x0, 0x0, 0x8, 0xff, 0x40, 0x0, 0x0,
    0x0, 0x2f, 0xff, 0x20, 0x0, 0x0, 0x0, 0x0,
    0x0, 0x0, 0x8f, 0xf4, 0x0, 0x44, 0x44, 0x49,
    0xff, 0xc4, 0x44, 0x44, 0x44, 0x40, 0x0, 0x0,
    0x8, 0xff, 0x40, 0x1f, 0xff, 0xff, 0xff, 0xff,
    0xff, 0xff, 0xff, 0xff, 0x0, 0x0, 0x0, 0x8f,
    0xf4, 0x1, 0xff, 0xfe, 0xee, 0xee, 0xee, 0xee,
    0xee, 0xff, 0xf0, 0x0, 0x0, 0x8, 0xff, 0x40,
    0x1f, 0xfa, 0x0, 0x0, 0x0, 0x0, 0x0, 0xe,
    0xff, 0x0, 0x0, 0x0, 0x8f, 0xf4, 0x1, 0xff,
    0xa0, 0x0, 0x0, 0x0, 0x0, 0x0, 0xef, 0xf0,
    0x0, 0x0, 0x9, 0xff, 0x30, 0x1f, 0xff, 0xff,
    0xff, 0xff, 0xff, 0xff, 0xff, 0xff, 0x0, 0x0,
    0x0, 0x9f, 0xf3, 0x1, 0xff, 0xff, 0xff, 0xff,
    0xff, 0xff, 0xff, 0xff, 0xf0, 0x0, 0x0, 0xa,
    0xff, 0x20, 0x1f, 0xfb, 0x11, 0x11, 0x11, 0x11,
    0x11, 0x1e, 0xff, 0x0, 0x0, 0x0, 0xbf, 0xf1,
    0x1, 0xff, 0xa0, 0x0, 0x0, 0x0, 0x0, 0x0,
    0xef, 0xf0, 0x0, 0x0, 0xc, 0xff, 0x0, 0x1f,
    0xfb, 0x33, 0x33, 0x33, 0x33, 0x33, 0x3e, 0xff,
    0x0, 0x0, 0x0, 0xef, 0xe0, 0x1, 0xff, 0xff,
    0xff, 0xff, 0xff, 0xff, 0xff, 0xff, 0xf0, 0x0,
    0x0, 0xf, 0xfc, 0x0, 0x1f, 0xff, 0xff, 0xff,
    0xff, 0xff, 0xff, 0xff, 0xfe, 0x0, 0x0, 0x3,
    0xff, 0xa0, 0x0, 0x0, 0x0, 0x0, 0x1f, 0xfa,
    0x0, 0x0, 0x0, 0x0, 0x0, 0x0, 0x6f, 0xf6,
    0x0, 0x0, 0x6c, 0x72, 0x1, 0xff, 0xa0, 0x4,
    0xc7, 0x0, 0x0, 0x0, 0x9, 0xff, 0x30, 0x0,
    0x4f, 0xff, 0x30, 0x1f, 0xfa, 0x1, 0xdf, 0xf7,
    0x0, 0x0, 0x0, 0xdf, 0xf0, 0x0, 0x2f, 0xff,
    0x50, 0x1, 0xff, 0xa0, 0x2, 0xef, 0xf6, 0x0,
    0x0, 0x4f, 0xfb, 0x0, 0x3e, 0xff, 0x80, 0x0,
    0x1f, 0xfa, 0x0, 0x2, 0xef, 0xf6, 0x0, 0xb,
    0xff, 0x50, 0x5f, 0xff, 0xa0, 0x0, 0x1, 0xff,
    0xa0, 0x0, 0x3, 0xff, 0xf5, 0x1, 0xff, 0xe0,
    0xa, 0xff, 0xb0, 0x7, 0x77, 0x8f, 0xf9, 0x0,
    0x0, 0x5, 0xff, 0xe1, 0x6, 0xe8, 0x0, 0x4,
    0x90, 0x0, 0xbf, 0xff, 0xff, 0x70, 0x0, 0x0,
    0x8, 0x91, 0x0, 0x1, 0x10, 0x0, 0x0, 0x0,
    0x5, 0xff, 0xfc, 0x80, 0x0, 0x0, 0x0, 0x0,
    0x0,

    /* U+53BB "去" */
    0x0, 0x0, 0x0, 0x0, 0x0, 0x0, 0x15, 0x53,
    0x0, 0x0, 0x0, 0x0, 0x0, 0x0, 0x0, 0x0,
    0x0, 0x0, 0x0, 0x0, 0x4f, 0xfb, 0x0, 0x0,
    0x0, 0x0, 0x0, 0x0, 0x0, 0x0, 0x0, 0x0,
    0x0, 0x0, 0x4f, 0xfb, 0x0, 0x0, 0x0, 0x0,
    0x0, 0x0, 0x0, 0x0, 0x0, 0x0, 0x0, 0x0,
    0x4f, 0xfb, 0x0, 0x0, 0x0, 0x0, 0x0, 0x0,
    0x0, 0x0, 0x0, 0x0, 0x0, 0x0, 0x4f, 0xfb,
    0x0, 0x0, 0x0, 0x0, 0x0, 0x0, 0x0, 0xd,
    0xdd, 0xdd, 0xdd, 0xdd, 0xef, 0xff, 0xdd, 0xdd,
    0xdd, 0xdd, 0xd8, 0x0, 0x0, 0xf, 0xff, 0xff,
    0xff, 0xff, 0xff, 0xff, 0xff, 0xff, 0xff, 0xff,
    0xfa, 0x0, 0x0, 0xf, 0xff, 0xff, 0xff, 0xff,
    0xff, 0xff, 0xff, 0xff, 0xff, 0xff, 0xfa, 0x0,
    0x0, 0x0, 0x0, 0x0, 0x0, 0x0, 0x4f, 0xfb,
    0x0, 0x0, 0x0, 0x0, 0x0, 0x0, 0x0, 0x0,
    0x0, 0x0, 0x0, 0x0, 0x4f, 0xfb, 0x0, 0x0,
    0x0, 0x0, 0x0, 0x0, 0x0, 0x0, 0x0, 0x0,
    0x0, 0x0, 0x4f, 0xfb, 0x0, 0x0, 0x0, 0x0,
    0x0, 0x0, 0x0, 0x0, 0x0, 0x0, 0x0, 0x0,
    0x4f, 0xfb, 0x0, 0x0, 0x0, 0x0, 0x0, 0x0,
    0x0, 0x0, 0x0, 0x0, 0x0, 0x0, 0x4f, 0xfb,
    0x0, 0x0, 0x0, 0x0, 0x0, 0x0, 0x4f, 0xff,
    0xff, 0xff, 0xff, 0xff, 0xff, 0xff, 0xff, 0xff,
    0xff, 0xff, 0xff, 0xfd, 0x4f, 0xff, 0xff, 0xff,
    0xff, 0xff, 0xff, 0xff, 0xff, 0xff, 0xff, 0xff,
    0xff, 0xfd, 0x4e, 0xee, 0xee, 0xee, 0xee, 0xff,
    0xfe, 0xee, 0xee, 0xee, 0xee, 0xee, 0xee, 0xec,
    0x0, 0x0, 0x0, 0x0, 0xa, 0xff, 0xd0, 0x0,
    0x0, 0x0, 0x0, 0x0, 0x0, 0x0, 0x0, 0x0,
    0x0, 0x0, 0x3f, 0xff, 0x40, 0x0, 0x0, 0x3a,
    0x10, 0x0, 0x0, 0x0, 0x0, 0x0, 0x0, 0x0,
    0xdf, 0xf8, 0x0, 0x0, 0x8, 0xff, 0xc0, 0x0,
    0x0, 0x0, 0x0, 0x0, 0x0, 0x8, 0xff, 0xd0,
    0x0, 0x0, 0x0, 0xdf, 0xf9, 0x0, 0x0, 0x0,
    0x0, 0x0, 0x0, 0x4f, 0xff, 0x30, 0x0, 0x0,
    0x0, 0x2f, 0xff, 0x60, 0x0, 0x0, 0x0, 0x0,
    0x1, 0xef, 0xf5, 0x0, 0x0, 0x0, 0x0, 0x5,
    0xff, 0xf3, 0x0, 0x0, 0x0, 0x0, 0xc, 0xff,
    0x80, 0x0, 0x0, 0x0, 0x0, 0x0, 0xaf, 0xfe,
    0x10, 0x0, 0x0, 0x0, 0xbf, 0xfb, 0x0, 0x12,
    0x34, 0x57, 0x89, 0xab, 0xcf, 0xff, 0xa0, 0x0,
    0x0, 0x2c, 0xff, 0xff, 0xff, 0xff, 0xff, 0xff,
    0xff, 0xff, 0xff, 0xff, 0xf4, 0x0, 0x0, 0x3f,
    0xff, 0xff, 0xff, 0xff, 0xff, 0xff, 0xff, 0xff,
    0xed, 0xdf, 0xfd, 0x0, 0x0, 0xd, 0xff, 0xff,
    0xec, 0xba, 0x87, 0x65, 0x32, 0x10, 0x0, 0x1f,
    0xff, 0x70, 0x0, 0x5, 0x53, 0x10, 0x0, 0x0,
    0x0, 0x0, 0x0, 0x0, 0x0, 0x8, 0xe7, 0x0,
    0x0, 0x0, 0x0, 0x0, 0x0, 0x0, 0x0, 0x0,
    0x0, 0x0, 0x0, 0x0, 0x10, 0x0,

    /* U+53CA "及" */
    0x1, 0xdd, 0xdd, 0xdd, 0xdd, 0xdd, 0xdd, 0xdd,
    0xdd, 0xdd, 0x70, 0x0, 0x0, 0x0, 0x0, 0x2f,
    0xff, 0xff, 0xff, 0xff, 0xff, 0xff, 0xff, 0xff,
    0xf6, 0x0, 0x0, 0x0, 0x0, 0x2, 0xff, 0xff,
    0xff, 0xff, 0xff, 0xff, 0xff, 0xff, 0xff, 0x20,
    0x0, 0x0, 0x0, 0x0, 0x0, 0x0, 0x1, 0xff,
    0xe0, 0x0, 0x0, 0x0, 0xff, 0xf0, 0x0, 0x0,
    0x0, 0x0, 0x0, 0x0, 0x0, 0x1f, 0xfe, 0x0,
    0x0, 0x0, 0x3f, 0xfb, 0x0, 0x0, 0x0, 0x0,
    0x0, 0x0, 0x0, 0x1, 0xff, 0xf2, 0x0, 0x0,
    0x6, 0xff, 0x80, 0x0, 0x0, 0x0, 0x0, 0x0,
    0x0, 0x0, 0x2f, 0xff, 0x80, 0x0, 0x0, 0xaf,
    0xf4, 0x0, 0x0, 0x0, 0x0, 0x0, 0x0, 0x0,
    0x2, 0xff, 0xfd, 0x0, 0x0, 0xe, 0xff, 0xa9,
    0x99, 0x9b, 0x71, 0x0, 0x0, 0x0, 0x0, 0x3f,
    0xff, 0xf2, 0x0, 0x3, 0xff, 0xff, 0xff, 0xff,
    0xff, 0x70, 0x0, 0x0, 0x0, 0x4, 0xff, 0xff,
    0x90, 0x0, 0x8f, 0xff, 0xff, 0xff, 0xff, 0xf2,
    0x0, 0x0, 0x0, 0x0, 0x6f, 0xff, 0xff, 0x10,
    0x0, 0x0, 0x0, 0x0, 0x3f, 0xfd, 0x0, 0x0,
    0x0, 0x0, 0x8, 0xff, 0xdf, 0xf8, 0x0, 0x0,
    0x0, 0x0, 0xa, 0xff, 0x80, 0x0, 0x0, 0x0,
    0x0, 0xbf, 0xf5, 0xdf, 0xe1, 0x0, 0x0, 0x0,
    0x2, 0xff, 0xf2, 0x0, 0x0, 0x0, 0x0, 0xe,
    0xff, 0x15, 0xff, 0xa0, 0x0, 0x0, 0x0, 0x9f,
    0xfb, 0x0, 0x0, 0x0, 0x0, 0x3, 0xff, 0xe0,
    0xd, 0xff, 0x50, 0x0, 0x0, 0x2f, 0xff, 0x30,
    0x0, 0x0, 0x0, 0x0, 0x8f, 0xfa, 0x0, 0x4f,
    0xfe, 0x10, 0x0, 0xc, 0xff, 0xa0, 0x0, 0x0,
    0x0, 0x0, 0xe, 0xff, 0x40, 0x0, 0xbf, 0xfd,
    0x10, 0xa, 0xff, 0xf1, 0x0, 0x0, 0x0, 0x0,
    0x5, 0xff, 0xe0, 0x0, 0x0, 0xdf, 0xfd, 0x17,
    0xff, 0xf6, 0x0, 0x0, 0x0, 0x0, 0x0, 0xdf,
    0xf9, 0x0, 0x0, 0x2, 0xef, 0xfd, 0xff, 0xf9,
    0x0, 0x0, 0x0, 0x0, 0x0, 0x6f, 0xff, 0x20,
    0x0, 0x0, 0x4, 0xff, 0xff, 0xfb, 0x0, 0x0,
    0x0, 0x0, 0x0, 0x2f, 0xff, 0x80, 0x0, 0x0,
    0x0, 0x2d, 0xff, 0xff, 0xa1, 0x0, 0x0, 0x0,
    0x0, 0xc, 0xff, 0xe0, 0x0, 0x0, 0x1, 0x8f,
    0xff, 0xff, 0xff, 0xf8, 0x10, 0x0, 0x0, 0xb,
    0xff, 0xf5, 0x0, 0x0, 0x17, 0xef, 0xff, 0xe6,
    0xbf, 0xff, 0xff, 0xa5, 0x0, 0x9, 0xff, 0xf9,
    0x0, 0x16, 0xcf, 0xff, 0xff, 0x91, 0x0, 0x4d,
    0xff, 0xff, 0xff, 0xb0, 0x2e, 0xfb, 0x0, 0x1,
    0xdf, 0xff, 0xfb, 0x30, 0x0, 0x0, 0x7, 0xdf,
    0xff, 0xf7, 0x0, 0x3b, 0x0, 0x0, 0x4, 0xfe,
    0x82, 0x0, 0x0, 0x0, 0x0, 0x0, 0x38, 0xec,
    0x0, 0x0, 0x0, 0x0, 0x0, 0x3, 0x0, 0x0,
    0x0, 0x0, 0x0, 0x0, 0x0, 0x0, 0x10, 0x0,

    /* U+53D1 "发" */
    0x0, 0x0, 0x0, 0x0, 0x0, 0x0, 0x4, 0x42,
    0x0, 0x0, 0x0, 0x0, 0x0, 0x0, 0x0, 0x0,
    0x0, 0x0, 0x56, 0x30, 0x0, 0xb, 0xff, 0x80,
    0x0, 0x8, 0xc0, 0x0, 0x0, 0x0, 0x0, 0x0,
    0x0, 0xdf, 0xf4, 0x0, 0xe, 0xff, 0x50, 0x0,
    0x9f, 0xfb, 0x0, 0x0, 0x0, 0x0, 0x0, 0x3,
    0xff, 0xe0, 0x0, 0x1f, 0xff, 0x20, 0x0, 0xc,
    0xff, 0xa0, 0x0, 0x0, 0x0, 0x0, 0x8, 0xff,
    0x90, 0x0, 0x4f, 0xff, 0x0, 0x0, 0x1, 0xdf,
    0xf8, 0x0, 0x0, 0x0, 0x0, 0xe, 0xff, 0x20,
    0x0, 0x7f, 0xfc, 0x0, 0x0, 0x0, 0x2f, 0xf9,
    0x0, 0x0, 0x0, 0x0, 0x6f, 0xfa, 0x0, 0x0,
    0x9f, 0xfa, 0x0, 0x0, 0x0, 0x5, 0x30, 0x0,
    0x0, 0x0, 0x3, 0xff, 0xfc, 0xaa, 0xaa, 0xef,
    0xfd, 0xaa, 0xaa, 0xaa, 0xaa, 0xaa, 0xaa, 0x10,
    0x0, 0x8, 0xff, 0xff, 0xff, 0xff, 0xff, 0xff,
    0xff, 0xff, 0xff, 0xff, 0xff, 0xff, 0x10, 0x0,
    0x2, 0xff, 0xff, 0xff, 0xff, 0xff, 0xff, 0xff,
    0xff, 0xff, 0xff, 0xff, 0xff, 0x10, 0x0, 0x0,
    0x52, 0x0, 0x0, 0xb, 0xff, 0x90, 0x0, 0x0,
    0x0, 0x0, 0x0, 0x0, 0x0, 0x0, 0x0, 0x0,
    0x0, 0x0, 0x2f, 0xff, 0x40, 0x0, 0x0, 0x0,
    0x0, 0x0, 0x0, 0x0, 0x0, 0x0, 0x0, 0x0,
    0x0, 0x8f, 0xff, 0x10, 0x0, 0x0, 0x0, 0x1,
    0x0, 0x0, 0x0, 0x0, 0x0, 0x0, 0x0, 0x0,
    0xef, 0xff, 0xff, 0xff, 0xff, 0xff, 0xff, 0xd6,
    0x0, 0x0, 0x0, 0x0, 0x0, 0x0, 0x6, 0xff,
    0xff, 0xff, 0xff, 0xff, 0xff, 0xff, 0xf8, 0x0,
    0x0, 0x0, 0x0, 0x0, 0x0, 0x1e, 0xff, 0xfd,
    0xbb, 0xbb, 0xbb, 0xbc, 0xff, 0xf2, 0x0, 0x0,
    0x0, 0x0, 0x0, 0x0, 0x9f, 0xff, 0xfc, 0x0,
    0x0, 0x0, 0x9, 0xff, 0xb0, 0x0, 0x0, 0x0,
    0x0, 0x0, 0x3, 0xff, 0xfe, 0xff, 0x70, 0x0,
    0x0, 0x4f, 0xff, 0x30, 0x0, 0x0, 0x0, 0x0,
    0x0, 0x1d, 0xff, 0xe1, 0xdf, 0xf3, 0x0, 0x0,
    0xdf, 0xfa, 0x0, 0x0, 0x0, 0x0, 0x0, 0x0,
    0xcf, 0xff, 0x40, 0x4f, 0xfe, 0x20, 0xc, 0xff,
    0xe1, 0x0, 0x0, 0x0, 0x0, 0x0, 0xb, 0xff,
    0xf8, 0x0, 0x8, 0xff, 0xe3, 0xbf, 0xff, 0x30,
    0x0, 0x0, 0x0, 0x0, 0x1, 0xbf, 0xff, 0xa0,
    0x0, 0x0, 0xaf, 0xff, 0xff, 0xf5, 0x0, 0x0,
    0x0, 0x0, 0x0, 0x4e, 0xff, 0xfb, 0x0, 0x0,
    0x0, 0xc, 0xff, 0xff, 0x60, 0x0, 0x0, 0x0,
    0x0, 0x8, 0xff, 0xff, 0x90, 0x0, 0x0, 0x3,
    0xbf, 0xff, 0xff, 0xe7, 0x10, 0x0, 0x0, 0x0,
    0xa, 0xff, 0xf7, 0x0, 0x0, 0x3, 0xaf, 0xff,
    0xfc, 0xff, 0xff, 0xf8, 0x20, 0x0, 0x0, 0x0,
    0xbc, 0x20, 0x0, 0x38, 0xdf, 0xff, 0xfd, 0x50,
    0x19, 0xff, 0xff, 0xfd, 0x95, 0x10, 0x0, 0x0,
    0x0, 0x8, 0xff, 0xff, 0xfe, 0x60, 0x0, 0x0,
    0x2b, 0xff, 0xff, 0xff, 0xc0, 0x0, 0x0, 0x0,
    0x0, 0xef, 0xfa, 0x50, 0x0, 0x0, 0x0, 0x0,
    0x27, 0xcf, 0xff, 0x10, 0x0, 0x0, 0x0, 0x0,
    0x45, 0x0, 0x0, 0x0, 0x0, 0x0, 0x0, 0x0,
    0x1, 0x65, 0x0,

    /* U+53D6 "取" */
    0x9f, 0xff, 0xff, 0xff, 0xff, 0xff, 0xff, 0x10,
    0x0, 0x0, 0x0, 0x0, 0x0, 0x0, 0x9, 0xff,
    0xff, 0xff, 0xff, 0xff, 0xff, 0xf1, 0x0, 0x0,
    0x0, 0x0, 0x0, 0x10, 0x0, 0x58, 0xef, 0xf8,
    0x88, 0x8d, 0xff, 0x98, 0xcf, 0xff, 0xff, 0xff,
    0xff, 0xff, 0xd0, 0x0, 0xb, 0xff, 0x0, 0x0,
    0xbf, 0xf0, 0xc, 0xff, 0xff, 0xff, 0xff, 0xff,
    0xfe, 0x0, 0x0, 0xbf, 0xf0, 0x0, 0xb, 0xff,
    0x0, 0x7c, 0xff, 0xa9, 0x99, 0x99, 0xff, 0xc0,
    0x0, 0xb, 0xff, 0x0, 0x0, 0xbf, 0xf0, 0x0,
    0x4f, 0xf3, 0x0, 0x0, 0x1f, 0xf9, 0x0, 0x0,
    0xbf, 0xff, 0xff, 0xff, 0xff, 0x0, 0x1, 0xff,
    0x70, 0x0, 0x4, 0xff, 0x70, 0x0, 0xb, 0xff,
    0xff, 0xff, 0xff, 0xf0, 0x0, 0xd, 0xfa, 0x0,
    0x0, 0x8f, 0xf4, 0x0, 0x0, 0xbf, 0xf8, 0x88,
    0x8d, 0xff, 0x0, 0x0, 0xaf, 0xd0, 0x0, 0xb,
    0xff, 0x0, 0x0, 0xb, 0xff, 0x0, 0x0, 0xbf,
    0xf0, 0x0, 0x6, 0xff, 0x10, 0x0, 0xff, 0xc0,
    0x0, 0x0, 0xbf, 0xf0, 0x0, 0xb, 0xff, 0x0,
    0x0, 0x3f, 0xf5, 0x0, 0x3f, 0xf8, 0x0, 0x0,
    0xb, 0xff, 0x0, 0x0, 0xbf, 0xf0, 0x0, 0x0,
    0xff, 0xa0, 0x9, 0xff, 0x30, 0x0, 0x0, 0xbf,
    0xf6, 0x66, 0x6d, 0xff, 0x0, 0x0, 0xb, 0xff,
    0x0, 0xff, 0xe0, 0x0, 0x0, 0xb, 0xff, 0xff,
    0xff, 0xff, 0xf0, 0x0, 0x0, 0x5f, 0xf5, 0x6f,
    0xf8, 0x0, 0x0, 0x0, 0xbf, 0xff, 0xff, 0xff,
    0xff, 0x0, 0x0, 0x1, 0xff, 0xbc, 0xff, 0x30,
    0x0, 0x0, 0xb, 0xff, 0x0, 0x0, 0xbf, 0xf0,
    0x0, 0x0, 0xa, 0xff, 0xff, 0xc0, 0x0, 0x0,
    0x0, 0xbf, 0xf0, 0x0, 0xb, 0xff, 0x0, 0x0,
    0x0, 0x3f, 0xff, 0xf4, 0x0, 0x0, 0x0, 0xb,
    0xff, 0x0, 0x0, 0xbf, 0xf2, 0x32, 0x0, 0x0,
    0xcf, 0xfd, 0x0, 0x0, 0x0, 0x0, 0xbf, 0xf1,
    0x35, 0x7e, 0xff, 0xff, 0x90, 0x0, 0x1e, 0xff,
    0xc0, 0x0, 0x0, 0x5, 0x8e, 0xff, 0xff, 0xff,
    0xff, 0xff, 0xfa, 0x0, 0xc, 0xff, 0xff, 0x90,
    0x0, 0x0, 0xcf, 0xff, 0xff, 0xff, 0xff, 0xff,
    0x51, 0x0, 0x9, 0xff, 0xef, 0xff, 0x50, 0x0,
    0x8, 0xff, 0xca, 0x74, 0x20, 0xbf, 0xf0, 0x0,
    0x7, 0xff, 0xf2, 0x5f, 0xff, 0x40, 0x0, 0x12,
    0x0, 0x0, 0x0, 0xb, 0xff, 0x0, 0x8, 0xff,
    0xf4, 0x0, 0x8f, 0xff, 0x80, 0x0, 0x0, 0x0,
    0x0, 0x0, 0xbf, 0xf0, 0x1b, 0xff, 0xf5, 0x0,
    0x0, 0xaf, 0xff, 0xb0, 0x0, 0x0, 0x0, 0x0,
    0xb, 0xff, 0x3, 0xff, 0xe4, 0x0, 0x0, 0x0,
    0x8f, 0xf6, 0x0, 0x0, 0x0, 0x0, 0x0, 0xbf,
    0xf0, 0x4, 0xc1, 0x0, 0x0, 0x0, 0x0, 0x57,
    0x0, 0x0, 0x0, 0x0, 0x0, 0x0, 0x0, 0x0,
    0x0, 0x0, 0x0, 0x0, 0x0, 0x0, 0x0, 0x0,

    /* U+53E3 "口" */
    0x1, 0x11, 0x11, 0x11, 0x11, 0x11, 0x11, 0x11,
    0x11, 0x11, 0x11, 0x11, 0x3f, 0xff, 0xff, 0xff,
    0xff, 0xff, 0xff, 0xff, 0xff, 0xff, 0xff, 0xfe,
    0x3f, 0xff, 0xff, 0xff, 0xff, 0xff, 0xff, 0xff,
    0xff, 0xff, 0xff, 0xfe, 0x3f, 0xff, 0xcc, 0xcc,
    0xcc, 0xcc, 0xcc, 0xcc, 0xcc, 0xcc, 0xdf, 0xfe,
    0x3f, 0xfb, 0x0, 0x0, 0x0, 0x0, 0x0, 0x0,
    0x0, 0x0, 0x2f, 0xfe, 0x3f, 0xfb, 0x0, 0x0,
    0x0, 0x0, 0x0, 0x0, 0x0, 0x0, 0x2f, 0xfe,
    0x3f, 0xfb, 0x0, 0x0, 0x0, 0x0, 0x0, 0x0,
    0x0, 0x0, 0x2f, 0xfe, 0x3f, 0xfb, 0x0, 0x0,
    0x0, 0x0, 0x0, 0x0, 0x0, 0x0, 0x2f, 0xfe,
    0x3f, 0xfb, 0x0, 0x0, 0x0, 0x0, 0x0, 0x0,
    0x0, 0x0, 0x2f, 0xfe, 0x3f, 0xfb, 0x0, 0x0,
    0x0, 0x0, 0x0, 0x0, 0x0, 0x0, 0x2f, 0xfe,
    0x3f, 0xfb, 0x0, 0x0, 0x0, 0x0, 0x0, 0x0,
    0x0, 0x0, 0x2f, 0xfe, 0x3f, 0xfb, 0x0, 0x0,
    0x0, 0x0, 0x0, 0x0, 0x0, 0x0, 0x2f, 0xfe,
    0x3f, 0xfb, 0x0, 0x0, 0x0, 0x0, 0x0, 0x0,
    0x0, 0x0, 0x2f, 0xfe, 0x3f, 0xfb, 0x0, 0x0,
    0x0, 0x0, 0x0, 0x0, 0x0, 0x0, 0x2f, 0xfe,
    0x3f, 0xfb, 0x0, 0x0, 0x0, 0x0, 0x0, 0x0,
    0x0, 0x0, 0x2f, 0xfe, 0x3f, 0xfb, 0x0, 0x0,
    0x0, 0x0, 0x0, 0x0, 0x0, 0x0, 0x2f, 0xfe,
    0x3f, 0xfb, 0x0, 0x0, 0x0, 0x0, 0x0, 0x0,
    0x0, 0x0, 0x2f, 0xfe, 0x3f, 0xfb, 0x0, 0x0,
    0x0, 0x0, 0x0, 0x0, 0x0, 0x0, 0x2f, 0xfe,
    0x3f, 0xfb, 0x0, 0x0, 0x0, 0x0, 0x0, 0x0,
    0x0, 0x0, 0x2f, 0xfe, 0x3f, 0xfe, 0xcc, 0xcc,
    0xcc, 0xcc, 0xcc, 0xcc, 0xcc, 0xcc, 0xdf, 0xfe,
    0x3f, 0xff, 0xff, 0xff, 0xff, 0xff, 0xff, 0xff,
    0xff, 0xff, 0xff, 0xfe, 0x3f, 0xff, 0xff, 0xff,
    0xff, 0xff, 0xff, 0xff, 0xff, 0xff, 0xff, 0xfe,
    0x3f, 0xfb, 0x11, 0x11, 0x11, 0x11, 0x11, 0x11,
    0x11, 0x11, 0x4f, 0xfe, 0x3f, 0xfb, 0x0, 0x0,
    0x0, 0x0, 0x0, 0x0, 0x0, 0x0, 0x2f, 0xfe,
    0x3f, 0xfb, 0x0, 0x0, 0x0, 0x0, 0x0, 0x0,
    0x0, 0x0, 0x2f, 0xfe, 0x1, 0x10, 0x0, 0x0,
    0x0, 0x0, 0x0, 0x0, 0x0, 0x0, 0x0, 0x0,

    /* U+53EF "可" */
    0x0, 0x0, 0x0, 0x0, 0x0, 0x0, 0x0, 0x0,
    0x0, 0x0, 0x0, 0x0, 0x0, 0x0, 0x3f, 0xff,
    0xff, 0xff, 0xff, 0xff, 0xff, 0xff, 0xff, 0xff,
    0xff, 0xff, 0xff, 0xfb, 0x3f, 0xff, 0xff, 0xff,
    0xff, 0xff, 0xff, 0xff, 0xff, 0xff, 0xff, 0xff,
    0xff, 0xfb, 0x2c, 0xcc, 0xcc, 0xcc, 0xcc, 0xcc,
    0xcc, 0xcc, 0xcc, 0xcc, 0xcf, 0xff, 0xdc, 0xc9,
    0x0, 0x0, 0x0, 0x0, 0x0, 0x0, 0x0, 0x0,
    0x0, 0x0, 0xc, 0xff, 0x20, 0x0, 0x0, 0x0,
    0x0, 0x0, 0x0, 0x0, 0x0, 0x0, 0x0, 0x0,
    0xc, 0xff, 0x20, 0x0, 0x0, 0x0, 0x0, 0x0,
    0x0, 0x0, 0x0, 0x0, 0x0, 0x0, 0xc, 0xff,
    0x20, 0x0, 0x0, 0x2, 0xaa, 0xaa, 0xaa, 0xaa,
    0xaa, 0xaa, 0x20, 0x0, 0xc, 0xff, 0x20, 0x0,
    0x0, 0x3, 0xff, 0xff, 0xff, 0xff, 0xff, 0xff,
    0x40, 0x0, 0xc, 0xff, 0x20, 0x0, 0x0, 0x3,
    0xff, 0xff, 0xff, 0xff, 0xff, 0xff, 0x40, 0x0,
    0xc, 0xff, 0x20, 0x0, 0x0, 0x3, 0xff, 0x80,
    0x0, 0x0, 0x9, 0xff, 0x40, 0x0, 0xc, 0xff,
    0x20, 0x0, 0x0, 0x3, 0xff, 0x80, 0x0, 0x0,
    0x8, 0xff, 0x40, 0x0, 0xc, 0xff, 0x20, 0x0,
    0x0, 0x3, 0xff, 0x80, 0x0, 0x0, 0x8, 0xff,
    0x40, 0x0, 0xc, 0xff, 0x20, 0x0, 0x0, 0x3,
    0xff, 0x80, 0x0, 0x0, 0x8, 0xff, 0x40, 0x0,
    0xc, 0xff, 0x20, 0x0, 0x0, 0x3, 0xff, 0x80,
    0x0, 0x0, 0x8, 0xff, 0x40, 0x0, 0xc, 0xff,
    0x20, 0x0, 0x0, 0x3, 0xff, 0x80, 0x0, 0x0,
    0x8, 0xff, 0x40, 0x0, 0xc, 0xff, 0x20, 0x0,
    0x0, 0x3, 0xff, 0xdb, 0xbb, 0xbb, 0xbe, 0xff,
    0x40, 0x0, 0xc, 0xff, 0x20, 0x0, 0x0, 0x3,
    0xff, 0xff, 0xff, 0xff, 0xff, 0xff, 0x40, 0x0,
    0xc, 0xff, 0x20, 0x0, 0x0, 0x3, 0xff, 0xff,
    0xff, 0xff, 0xff, 0xff, 0x40, 0x0, 0xc, 0xff,
    0x20, 0x0, 0x0, 0x3, 0xff, 0x80, 0x0, 0x0,
    0x0, 0x0, 0x0, 0x0, 0xc, 0xff, 0x20, 0x0,
    0x0, 0x3, 0xff, 0x80, 0x0, 0x0, 0x0, 0x0,
    0x0, 0x0, 0xc, 0xff, 0x20, 0x0, 0x0, 0x0,
    0x11, 0x0, 0x0, 0x0, 0x0, 0x0, 0x0, 0x0,
    0xc, 0xff, 0x20, 0x0, 0x0, 0x0, 0x0, 0x0,
    0x0, 0x0, 0x0, 0x0, 0x0, 0x0, 0xe, 0xff,
    0x20, 0x0, 0x0, 0x0, 0x0, 0x0, 0x0, 0x0,
    0x0, 0x1f, 0xfe, 0xee, 0xff, 0xff, 0x0, 0x0,
    0x0, 0x0, 0x0, 0x0, 0x0, 0x0, 0x0, 0x9,
    0xff, 0xff, 0xff, 0xfa, 0x0, 0x0, 0x0, 0x0,
    0x0, 0x0, 0x0, 0x0, 0x0, 0x3, 0xff, 0xff,
    0xec, 0x70, 0x0, 0x0, 0x0, 0x0, 0x0, 0x0,
    0x0, 0x0, 0x0, 0x0, 0x0, 0x0, 0x0, 0x0,
    0x0, 0x0,

    /* U+53F3 "右" */
    0x0, 0x0, 0x0, 0x0, 0x0, 0x0, 0x31, 0x0,
    0x0, 0x0, 0x0, 0x0, 0x0, 0x0, 0x0, 0x0,
    0x0, 0x0, 0x0, 0x0, 0x4f, 0xfb, 0x0, 0x0,
    0x0, 0x0, 0x0, 0x0, 0x0, 0x0, 0x0, 0x0,
    0x0, 0x0, 0x8, 0xff, 0x90, 0x0, 0x0, 0x0,
    0x0, 0x0, 0x0, 0x0, 0x0, 0x0, 0x0, 0x0,
    0x0, 0xcf, 0xf4, 0x0, 0x0, 0x0, 0x0, 0x0,
    0x0, 0x0, 0x0, 0x0, 0x0, 0x0, 0x0, 0xf,
    0xff, 0x0, 0x0, 0x0, 0x0, 0x0, 0x0, 0x0,
    0x0, 0x0, 0x0, 0x0, 0x0, 0x4, 0xff, 0xb0,
    0x0, 0x0, 0x0, 0x0, 0x0, 0x0, 0x0, 0x2,
    0xff, 0xff, 0xff, 0xff, 0xff, 0xff, 0xff, 0xff,
    0xff, 0xff, 0xff, 0xff, 0xff, 0x30, 0x2f, 0xff,
    0xff, 0xff, 0xff, 0xff, 0xff, 0xff, 0xff, 0xff,
    0xff, 0xff, 0xff, 0xf3, 0x2, 0xcc, 0xcc, 0xcc,
    0xce, 0xff, 0xec, 0xcc, 0xcc, 0xcc, 0xcc, 0xcc,
    0xcc, 0xcc, 0x30, 0x0, 0x0, 0x0, 0x0, 0xcf,
    0xf4, 0x0, 0x0, 0x0, 0x0, 0x0, 0x0, 0x0,
    0x0, 0x0, 0x0, 0x0, 0x0, 0x3f, 0xfd, 0x0,
    0x0, 0x0, 0x0, 0x0, 0x0, 0x0, 0x0, 0x0,
    0x0, 0x0, 0x0, 0xb, 0xff, 0x60, 0x0, 0x0,
    0x0, 0x0, 0x0, 0x0, 0x0, 0x0, 0x0, 0x0,
    0x0, 0x3, 0xff, 0xe0, 0x0, 0x0, 0x0, 0x0,
    0x0, 0x0, 0x0, 0x0, 0x0, 0x0, 0x0, 0x0,
    0xcf, 0xf7, 0x0, 0x0, 0x0, 0x0, 0x0, 0x0,
    0x0, 0x0, 0x0, 0x0, 0x0, 0x0, 0x7f, 0xff,
    0xcc, 0xcc, 0xcc, 0xcc, 0xcc, 0xcc, 0xcc, 0xcc,
    0x10, 0x0, 0x0, 0x0, 0x2f, 0xff, 0xff, 0xff,
    0xff, 0xff, 0xff, 0xff, 0xff, 0xff, 0xf2, 0x0,
    0x0, 0x0, 0x1d, 0xff, 0xff, 0xff, 0xff, 0xff,
    0xff, 0xff, 0xff, 0xff, 0xff, 0x20, 0x0, 0x0,
    0xc, 0xff, 0xff, 0xfb, 0x0, 0x0, 0x0, 0x0,
    0x0, 0x0, 0xdf, 0xf2, 0x0, 0x0, 0x1b, 0xff,
    0xf4, 0xff, 0xb0, 0x0, 0x0, 0x0, 0x0, 0x0,
    0xd, 0xff, 0x20, 0x0, 0x2d, 0xff, 0xf4, 0x1f,
    0xfb, 0x0, 0x0, 0x0, 0x0, 0x0, 0x0, 0xdf,
    0xf2, 0x0, 0xe, 0xff, 0xf5, 0x1, 0xff, 0xb0,
    0x0, 0x0, 0x0, 0x0, 0x0, 0xd, 0xff, 0x20,
    0x0, 0x4f, 0xe4, 0x0, 0x1f, 0xfb, 0x0, 0x0,
    0x0, 0x0, 0x0, 0x0, 0xdf, 0xf2, 0x0, 0x0,
    0x62, 0x0, 0x1, 0xff, 0xb0, 0x0, 0x0, 0x0,
    0x0, 0x0, 0xd, 0xff, 0x20, 0x0, 0x0, 0x0,
    0x0, 0x1f, 0xfb, 0x0, 0x0, 0x0, 0x0, 0x0,
    0x0, 0xdf, 0xf2, 0x0, 0x0, 0x0, 0x0, 0x1,
    0xff, 0xfc, 0xcc, 0xcc, 0xcc, 0xcc, 0xcc, 0xcf,
    0xff, 0x20, 0x0, 0x0, 0x0, 0x0, 0x1f, 0xff,
    0xff, 0xff, 0xff, 0xff, 0xff, 0xff, 0xff, 0xf2,
    0x0, 0x0, 0x0, 0x0, 0x1, 0xff, 0xff, 0xff,
    0xff, 0xff, 0xff, 0xff, 0xff, 0xff, 0x20, 0x0,
    0x0, 0x0, 0x0, 0x1f, 0xfb, 0x0, 0x0, 0x0,
    0x0, 0x0, 0x0, 0xbd, 0xd1, 0x0,

    /* U+53F7 "号" */
    0x0, 0x0, 0x0, 0x0, 0x0, 0x0, 0x0, 0x0,
    0x0, 0x0, 0x0, 0x0, 0x0, 0x0, 0x0, 0x0,
    0x9f, 0xff, 0xff, 0xff, 0xff, 0xff, 0xff, 0xff,
    0xff, 0xf9, 0x0, 0x0, 0x0, 0x0, 0x9f, 0xff,
    0xff, 0xff, 0xff, 0xff, 0xff, 0xff, 0xff, 0xf9,
    0x0, 0x0, 0x0, 0x0, 0x9f, 0xf9, 0x77, 0x77,
    0x77, 0x77, 0x77, 0x77, 0xaf, 0xf9, 0x0, 0x0,
    0x0, 0x0, 0x9f, 0xf3, 0x0, 0x0, 0x0, 0x0,
    0x0, 0x0, 0x6f, 0xf9, 0x0, 0x0, 0x0, 0x0,
    0x9f, 0xf3, 0x0, 0x0, 0x0, 0x0, 0x0, 0x0,
    0x6f, 0xf9, 0x0, 0x0, 0x0, 0x0, 0x9f, 0xf4,
    0x0, 0x0, 0x0, 0x0, 0x0, 0x0, 0x6f, 0xf9,
    0x0, 0x0, 0x0, 0x0, 0x9f, 0xff, 0xff, 0xff,
    0xff, 0xff, 0xff, 0xff, 0xff, 0xf9, 0x0, 0x0,
    0x0, 0x0, 0x9f, 0xff, 0xff, 0xff, 0xff, 0xff,
    0xff, 0xff, 0xff, 0xf9, 0x0, 0x0, 0x0, 0x0,
    0x47, 0x77, 0x77, 0x77, 0x77, 0x77, 0x77, 0x77,
    0x77, 0x74, 0x0, 0x0, 0x0, 0x0, 0x0, 0x0,
    0x0, 0x0, 0x0, 0x0, 0x0, 0x0, 0x0, 0x0,
    0x0, 0x0, 0x28, 0x88, 0x88, 0x88, 0x88, 0x88,
    0x88, 0x88, 0x88, 0x88, 0x88, 0x88, 0x88, 0x80,
    0x4f, 0xff, 0xff, 0xff, 0xff, 0xff, 0xff, 0xff,
    0xff, 0xff, 0xff, 0xff, 0xff, 0xf1, 0x4f, 0xff,
    0xff, 0xff, 0xff, 0xff, 0xff, 0xff, 0xff, 0xff,
    0xff, 0xff, 0xff, 0xf1, 0x0, 0x0, 0x0, 0x8f,
    0xfc, 0x0, 0x0, 0x0, 0x0, 0x0, 0x0, 0x0,
    0x0, 0x0, 0x0, 0x0, 0x0, 0xcf, 0xf6, 0x0,
    0x0, 0x0, 0x0, 0x0, 0x0, 0x0, 0x0, 0x0,
    0x0, 0x0, 0x2, 0xff, 0xf1, 0x0, 0x0, 0x0,
    0x0, 0x0, 0x0, 0x0, 0x0, 0x0, 0x0, 0x0,
    0x7, 0xff, 0xff, 0xff, 0xff, 0xff, 0xff, 0xff,
    0xff, 0xf9, 0x0, 0x0, 0x0, 0x0, 0xd, 0xff,
    0xff, 0xff, 0xff, 0xff, 0xff, 0xff, 0xff, 0xf7,
    0x0, 0x0, 0x0, 0x0, 0x19, 0x99, 0x99, 0x99,
    0x99, 0x99, 0x99, 0x99, 0xef, 0xf5, 0x0, 0x0,
    0x0, 0x0, 0x0, 0x0, 0x0, 0x0, 0x0, 0x0,
    0x0, 0x0, 0xef, 0xf2, 0x0, 0x0, 0x0, 0x0,
    0x0, 0x0, 0x0, 0x0, 0x0, 0x0, 0x0, 0x1,
    0xff, 0xf0, 0x0, 0x0, 0x0, 0x0, 0x0, 0x0,
    0x0, 0x0, 0x0, 0x0, 0x0, 0x6, 0xff, 0xb0,
    0x0, 0x0, 0x0, 0x0, 0x0, 0x0, 0x0, 0x0,
    0x0, 0x0, 0x0, 0xd, 0xff, 0x70, 0x0, 0x0,
    0x0, 0x0, 0x0, 0x0, 0x0, 0x0, 0x9b, 0xa9,
    0x99, 0xdf, 0xff, 0x10, 0x0, 0x0, 0x0, 0x0,
    0x0, 0x0, 0x0, 0x0, 0x5f, 0xff, 0xff, 0xff,
    0xf7, 0x0, 0x0, 0x0, 0x0, 0x0, 0x0, 0x0,
    0x0, 0x0, 0x1f, 0xff, 0xff, 0xfc, 0x50, 0x0,
    0x0, 0x0, 0x0, 0x0, 0x0, 0x0, 0x0, 0x0,
    0x0, 0x0, 0x0, 0x0, 0x0, 0x0, 0x0, 0x0,

    /* U+540E "后" */
    0x0, 0x0, 0x0, 0x0, 0x0, 0x0, 0x0, 0x0,
    0x0, 0x0, 0x0, 0x0, 0x0, 0x0, 0x0, 0x0,
    0x0, 0x0, 0x0, 0x0, 0x0, 0x0, 0x0, 0x0,
    0x25, 0x8b, 0xef, 0x30, 0x0, 0x0, 0x0, 0x0,
    0x0, 0x2, 0x34, 0x67, 0x8a, 0xce, 0xff, 0xff,
    0xff, 0xff, 0x40, 0x0, 0x0, 0x8, 0xce, 0xff,
    0xff, 0xff, 0xff, 0xff, 0xff, 0xff, 0xff, 0xda,
    0x73, 0x0, 0x0, 0x0, 0xcf, 0xff, 0xff, 0xff,
    0xff, 0xfe, 0xdb, 0x97, 0x52, 0x0, 0x0, 0x0,
    0x0, 0x0, 0xc, 0xff, 0xa8, 0x75, 0x43, 0x10,
    0x0, 0x0, 0x0, 0x0, 0x0, 0x0, 0x0, 0x0,
    0x0, 0xcf, 0xf2, 0x0, 0x0, 0x0, 0x0, 0x0,
    0x0, 0x0, 0x0, 0x0, 0x0, 0x0, 0x0, 0xc,
    0xff, 0x20, 0x0, 0x0, 0x0, 0x0, 0x0, 0x0,
    0x0, 0x0, 0x0, 0x0, 0x0, 0x0, 0xcf, 0xf3,
    0x0, 0x0, 0x0, 0x0, 0x0, 0x0, 0x0, 0x0,
    0x0, 0x0, 0x0, 0x0, 0xc, 0xff, 0xff, 0xff,
    0xff, 0xff, 0xff, 0xff, 0xff, 0xff, 0xff, 0xff,
    0xfe, 0x0, 0x0, 0xcf, 0xff, 0xff, 0xff, 0xff,
    0xff, 0xff, 0xff, 0xff, 0xff, 0xff, 0xff, 0xe0,
    0x0, 0xc, 0xff, 0xba, 0xaa, 0xaa, 0xaa, 0xaa,
    0xaa, 0xaa, 0xaa, 0xaa, 0xaa, 0xa9, 0x0, 0x0,
    0xdf, 0xf2, 0x0, 0x0, 0x0, 0x0, 0x0, 0x0,
    0x0, 0x0, 0x0, 0x0, 0x0, 0x0, 0xd, 0xff,
    0x10, 0x0, 0x0, 0x0, 0x0, 0x0, 0x0, 0x0,
    0x0, 0x0, 0x0, 0x0, 0x0, 0xdf, 0xf0, 0x0,
    0x0, 0x0, 0x0, 0x0, 0x0, 0x0, 0x0, 0x0,
    0x0, 0x0, 0x0, 0xf, 0xff, 0x0, 0x79, 0x99,
    0x99, 0x99, 0x99, 0x99, 0x99, 0x99, 0x97, 0x0,
    0x0, 0x0, 0xff, 0xe0, 0xc, 0xff, 0xff, 0xff,
    0xff, 0xff, 0xff, 0xff, 0xff, 0xc0, 0x0, 0x0,
    0x2f, 0xfb, 0x0, 0xcf, 0xff, 0xff, 0xff, 0xff,
    0xff, 0xff, 0xff, 0xfc, 0x0, 0x0, 0x4, 0xff,
    0x90, 0xc, 0xff, 0x10, 0x0, 0x0, 0x0, 0x0,
    0x3, 0xff, 0xc0, 0x0, 0x0, 0x7f, 0xf7, 0x0,
    0xcf, 0xf1, 0x0, 0x0, 0x0, 0x0, 0x0, 0x3f,
    0xfc, 0x0, 0x0, 0xb, 0xff, 0x40, 0xc, 0xff,
    0x10, 0x0, 0x0, 0x0, 0x0, 0x3, 0xff, 0xc0,
    0x0, 0x0, 0xff, 0xf0, 0x0, 0xcf, 0xf1, 0x0,
    0x0, 0x0, 0x0, 0x0, 0x3f, 0xfc, 0x0, 0x0,
    0x4f, 0xfa, 0x0, 0xc, 0xff, 0x10, 0x0, 0x0,
    0x0, 0x0, 0x3, 0xff, 0xc0, 0x0, 0xa, 0xff,
    0x60, 0x0, 0xcf, 0xf1, 0x0, 0x0, 0x0, 0x0,
    0x0, 0x3f, 0xfc, 0x0, 0x1, 0xff, 0xf1, 0x0,
    0xc, 0xff, 0xa9, 0x99, 0x99, 0x99, 0x99, 0x9b,
    0xff, 0xc0, 0x0, 0xaf, 0xf7, 0x0, 0x0, 0xcf,
    0xff, 0xff, 0xff, 0xff, 0xff, 0xff, 0xff, 0xfc,
    0x0, 0x1f, 0xfe, 0x0, 0x0, 0xc, 0xff, 0xff,
    0xff, 0xff, 0xff, 0xff, 0xff, 0xff, 0xc0, 0x0,
    0x1a, 0x50, 0x0, 0x0, 0xcf, 0xf1, 0x0, 0x0,
    0x0, 0x0, 0x0, 0x3e, 0xeb, 0x0, 0x0, 0x0,
    0x0, 0x0, 0x0, 0x0, 0x0, 0x0, 0x0, 0x0,
    0x0, 0x0, 0x0, 0x0, 0x0,

    /* U+5426 "否" */
    0x1, 0xbb, 0xbb, 0xbb, 0xbb, 0xbb, 0xbb, 0xbb,
    0xbb, 0xbb, 0xbb, 0xbb, 0xbb, 0xbb, 0x10, 0x1f,
    0xff, 0xff, 0xff, 0xff, 0xff, 0xff, 0xff, 0xff,
    0xff, 0xff, 0xff, 0xff, 0xf1, 0x1, 0xff, 0xff,
    0xff, 0xff, 0xff, 0xff, 0xff, 0xff, 0xff, 0xff,
    0xff, 0xff, 0xff, 0x10, 0x0, 0x0, 0x0, 0x0,
    0x0, 0x0, 0x2d, 0xff, 0xd1, 0x0, 0x0, 0x0,
    0x0, 0x0, 0x0, 0x0, 0x0, 0x0, 0x0, 0x0,
    0x4f, 0xff, 0xe2, 0x0, 0x0, 0x0, 0x0, 0x0,
    0x0, 0x0, 0x0, 0x0, 0x0, 0x0, 0x7f, 0xff,
    0xf6, 0x0, 0x40, 0x0, 0x0, 0x0, 0x0, 0x0,
    0x0, 0x0, 0x0, 0x3, 0xcf, 0xff, 0xff, 0x60,
    0x9f, 0xe7, 0x0, 0x0, 0x0, 0x0, 0x0, 0x0,
    0x0, 0x18, 0xff, 0xff, 0xdf, 0xf6, 0x4e, 0xff,
    0xfe, 0x70, 0x0, 0x0, 0x0, 0x0, 0x1, 0x8f,
    0xff, 0xfd, 0x37, 0xff, 0x60, 0x7, 0xff, 0xff,
    0xe6, 0x0, 0x0, 0x0, 0x39, 0xff, 0xff, 0xf7,
    0x0, 0x7f, 0xf6, 0x0, 0x1, 0x8f, 0xff, 0xfc,
    0x30, 0x8, 0xdf, 0xff, 0xff, 0xa1, 0x0, 0x7,
    0xff, 0x60, 0x0, 0x0, 0x1a, 0xff, 0xff, 0x70,
    0x7f, 0xff, 0xfa, 0x20, 0x0, 0x0, 0x7f, 0xf6,
    0x0, 0x0, 0x0, 0x4, 0xdf, 0xf5, 0x0, 0xae,
    0x81, 0x0, 0x0, 0x0, 0x7, 0xff, 0x60, 0x0,
    0x0, 0x0, 0x0, 0xa5, 0x0, 0x0, 0x0, 0x0,
    0x0, 0x0, 0x0, 0x7f, 0xf6, 0x0, 0x0, 0x0,
    0x0, 0x0, 0x0, 0x0, 0x0, 0x0, 0x0, 0x0,
    0x0, 0x1, 0x11, 0x10, 0x0, 0x0, 0x0, 0x0,
    0x0, 0x0, 0x0, 0x0, 0xdf, 0xff, 0xff, 0xff,
    0xff, 0xff, 0xff, 0xff, 0xff, 0xff, 0x10, 0x0,
    0x0, 0x0, 0xd, 0xff, 0xff, 0xff, 0xff, 0xff,
    0xff, 0xff, 0xff, 0xff, 0xf1, 0x0, 0x0, 0x0,
    0x0, 0xdf, 0xf7, 0x77, 0x77, 0x77, 0x77, 0x77,
    0x77, 0x7f, 0xff, 0x10, 0x0, 0x0, 0x0, 0xd,
    0xff, 0x10, 0x0, 0x0, 0x0, 0x0, 0x0, 0x0,
    0xff, 0xf1, 0x0, 0x0, 0x0, 0x0, 0xdf, 0xf1,
    0x0, 0x0, 0x0, 0x0, 0x0, 0x0, 0xf, 0xff,
    0x10, 0x0, 0x0, 0x0, 0xd, 0xff, 0x10, 0x0,
    0x0, 0x0, 0x0, 0x0, 0x0, 0xff, 0xf1, 0x0,
    0x0, 0x0, 0x0, 0xdf, 0xf1, 0x0, 0x0, 0x0,
    0x0, 0x0, 0x0, 0xf, 0xff, 0x10, 0x0, 0x0,
    0x0, 0xd, 0xff, 0x87, 0x77, 0x77, 0x77, 0x77,
    0x77, 0x77, 0xff, 0xf1, 0x0, 0x0, 0x0, 0x0,
    0xdf, 0xff, 0xff, 0xff, 0xff, 0xff, 0xff, 0xff,
    0xff, 0xff, 0x10, 0x0, 0x0, 0x0, 0xd, 0xff,
    0xff, 0xff, 0xff, 0xff, 0xff, 0xff, 0xff, 0xff,
    0xf1, 0x0, 0x0, 0x0, 0x0, 0xdf, 0xf1, 0x0,
    0x0, 0x0, 0x0, 0x0, 0x0, 0xe, 0xee, 0x10,
    0x0,

    /* U+542F "启" */
    0x0, 0x0, 0x0, 0x0, 0x0, 0x0, 0x0, 0x11,
    0x0, 0x0, 0x0, 0x0, 0x0, 0x0, 0x0, 0x0,
    0x0, 0x0, 0x0, 0x2, 0xcf, 0xc0, 0x0, 0x0,
    0x0, 0x0, 0x0, 0x0, 0x0, 0x0, 0x0, 0x0,
    0x0, 0xe, 0xff, 0x40, 0x0, 0x0, 0x0, 0x0,
    0x0, 0x0, 0x0, 0x0, 0x0, 0x0, 0x0, 0x7f,
    0xfb, 0x0, 0x0, 0x0, 0x0, 0x0, 0x0, 0x0,
    0x0, 0x0, 0x0, 0x0, 0x1, 0xff, 0xf2, 0x0,
    0x0, 0x0, 0x0, 0x0, 0x0, 0xb, 0xff, 0xff,
    0xff, 0xff, 0xff, 0xff, 0xff, 0xff, 0xff, 0xff,
    0xf1, 0x0, 0x0, 0xbf, 0xff, 0xff, 0xff, 0xff,
    0xff, 0xff, 0xff, 0xff, 0xff, 0xff, 0x10, 0x0,
    0xb, 0xff, 0xa9, 0x99, 0x99, 0x99, 0x99, 0x99,
    0x99, 0x99, 0xef, 0xf1, 0x0, 0x0, 0xbf, 0xf2,
    0x0, 0x0, 0x0, 0x0, 0x0, 0x0, 0x0, 0xc,
    0xff, 0x10, 0x0, 0xb, 0xff, 0x20, 0x0, 0x0,
    0x0, 0x0, 0x0, 0x0, 0x0, 0xcf, 0xf1, 0x0,
    0x0, 0xbf, 0xf2, 0x0, 0x0, 0x0, 0x0, 0x0,
    0x0, 0x0, 0xc, 0xff, 0x10, 0x0, 0xb, 0xff,
    0xff, 0xff, 0xff, 0xff, 0xff, 0xff, 0xff, 0xff,
    0xff, 0xf1, 0x0, 0x0, 0xbf, 0xff, 0xff, 0xff,
    0xff, 0xff, 0xff, 0xff, 0xff, 0xff, 0xff, 0x10,
    0x0, 0xc, 0xff, 0xba, 0xaa, 0xaa, 0xaa, 0xaa,
    0xaa, 0xaa, 0xaa, 0xaa, 0xa0, 0x0, 0x0, 0xcf,
    0xf1, 0x0, 0x0, 0x0, 0x0, 0x0, 0x0, 0x0,
    0x0, 0x0, 0x0, 0x0, 0xc, 0xff, 0x0, 0x0,
    0x0, 0x0, 0x0, 0x0, 0x0, 0x0, 0x0, 0x0,
    0x0, 0x0, 0xef, 0xf0, 0x78, 0x88, 0x88, 0x88,
    0x88, 0x88, 0x88, 0x88, 0x88, 0x60, 0x0, 0xf,
    0xfe, 0xc, 0xff, 0xff, 0xff, 0xff, 0xff, 0xff,
    0xff, 0xff, 0xfa, 0x0, 0x2, 0xff, 0xb0, 0xcf,
    0xff, 0xff, 0xff, 0xff, 0xff, 0xff, 0xff, 0xff,
    0xa0, 0x0, 0x4f, 0xf9, 0xc, 0xff, 0x0, 0x0,
    0x0, 0x0, 0x0, 0x0, 0x4f, 0xfa, 0x0, 0x8,
    0xff, 0x60, 0xcf, 0xf0, 0x0, 0x0, 0x0, 0x0,
    0x0, 0x3, 0xff, 0xa0, 0x0, 0xdf, 0xf3, 0xc,
    0xff, 0x0, 0x0, 0x0, 0x0, 0x0, 0x0, 0x3f,
    0xfa, 0x0, 0x1f, 0xfd, 0x0, 0xcf, 0xf0, 0x0,
    0x0, 0x0, 0x0, 0x0, 0x3, 0xff, 0xa0, 0x7,
    0xff, 0x80, 0xc, 0xff, 0x0, 0x0, 0x0, 0x0,
    0x0, 0x0, 0x3f, 0xfa, 0x0, 0xef, 0xf3, 0x0,
    0xcf, 0xff, 0xff, 0xff, 0xff, 0xff, 0xff, 0xff,
    0xff, 0xa0, 0x7f, 0xfb, 0x0, 0xc, 0xff, 0xff,
    0xff, 0xff, 0xff, 0xff, 0xff, 0xff, 0xfa, 0x1f,
    0xff, 0x20, 0x0, 0xcf, 0xf9, 0x99, 0x99, 0x99,
    0x99, 0x99, 0x9b, 0xff, 0xa0, 0x2c, 0x80, 0x0,
    0xc, 0xff, 0x0, 0x0, 0x0, 0x0, 0x0, 0x0,
    0x3f, 0xfa, 0x0, 0x0, 0x0, 0x0, 0x0, 0x0,
    0x0, 0x0, 0x0, 0x0, 0x0, 0x0, 0x0, 0x0,

    /* U+5458 "员" */
    0x0, 0x0, 0x0, 0x0, 0x0, 0x0, 0x0, 0x0,
    0x0, 0x0, 0x0, 0x0, 0x0, 0x0, 0x0, 0xa,
    0xff, 0xff, 0xff, 0xff, 0xff, 0xff, 0xff, 0xff,
    0xff, 0x30, 0x0, 0x0, 0x0, 0xaf, 0xff, 0xff,
    0xff, 0xff, 0xff, 0xff, 0xff, 0xff, 0xf3, 0x0,
    0x0, 0x0, 0xa, 0xff, 0x96, 0x66, 0x66, 0x66,
    0x66, 0x66, 0x6e, 0xff, 0x30, 0x0, 0x0, 0x0,
    0xaf, 0xf4, 0x0, 0x0, 0x0, 0x0, 0x0, 0x0,
    0xdf, 0xf3, 0x0, 0x0, 0x0, 0xa, 0xff, 0x40,
    0x0, 0x0, 0x0, 0x0, 0x0, 0xd, 0xff, 0x30,
    0x0, 0x0, 0x0, 0xaf, 0xfa, 0x77, 0x77, 0x77,
    0x77, 0x77, 0x77, 0xef, 0xf3, 0x0, 0x0, 0x0,
    0xa, 0xff, 0xff, 0xff, 0xff, 0xff, 0xff, 0xff,
    0xff, 0xff, 0x30, 0x0, 0x0, 0x0, 0xaf, 0xff,
    0xff, 0xff, 0xff, 0xff, 0xff, 0xff, 0xff, 0xf3,
    0x0, 0x0, 0x0, 0x0, 0x0, 0x0, 0x0, 0x0,
    0x0, 0x0, 0x0, 0x0, 0x0, 0x0, 0x0, 0x0,
    0x0, 0x0, 0x0, 0x0, 0x0, 0x0, 0x0, 0x0,
    0x0, 0x0, 0x0, 0x0, 0x0, 0x0, 0xcf, 0xff,
    0xff, 0xff, 0xff, 0xff, 0xff, 0xff, 0xff, 0xff,
    0xf7, 0x0, 0x0, 0xc, 0xff, 0xff, 0xff, 0xff,
    0xff, 0xff, 0xff, 0xff, 0xff, 0xff, 0x80, 0x0,
    0x0, 0xcf, 0xfb, 0xaa, 0xaa, 0xaa, 0xaa, 0xaa,
    0xaa, 0xaa, 0xdf, 0xf8, 0x0, 0x0, 0xc, 0xff,
    0x10, 0x0, 0x0, 0x0, 0x0, 0x0, 0x0, 0x8,
    0xff, 0x80, 0x0, 0x0, 0xcf, 0xf1, 0x0, 0x0,
    0x9, 0xaa, 0x10, 0x0, 0x0, 0x8f, 0xf8, 0x0,
    0x0, 0xc, 0xff, 0x10, 0x0, 0x0, 0xef, 0xf2,
    0x0, 0x0, 0x8, 0xff, 0x80, 0x0, 0x0, 0xcf,
    0xf1, 0x0, 0x0, 0xe, 0xff, 0x20, 0x0, 0x0,
    0x8f, 0xf8, 0x0, 0x0, 0xc, 0xff, 0x10, 0x0,
    0x0, 0xff, 0xf2, 0x0, 0x0, 0x8, 0xff, 0x80,
    0x0, 0x0, 0xcf, 0xf1, 0x0, 0x0, 0x2f, 0xff,
    0x0, 0x0, 0x0, 0x8f, 0xf8, 0x0, 0x0, 0xc,
    0xff, 0x10, 0x0, 0x9, 0xff, 0xb0, 0x0, 0x0,
    0x8, 0xff, 0x80, 0x0, 0x0, 0xcf, 0xf1, 0x0,
    0x7, 0xff, 0xf4, 0x2a, 0x50, 0x0, 0x7c, 0xc6,
    0x0, 0x0, 0x1, 0x11, 0x0, 0x1a, 0xff, 0xf8,
    0xc, 0xff, 0xfa, 0x50, 0x0, 0x0, 0x0, 0x0,
    0x0, 0x3, 0xaf, 0xff, 0xf8, 0x1, 0x9e, 0xff,
    0xff, 0xf9, 0x30, 0x0, 0x0, 0x15, 0x9e, 0xff,
    0xff, 0xd4, 0x0, 0x0, 0x5, 0xbf, 0xff, 0xff,
    0xd6, 0x1, 0xdf, 0xff, 0xff, 0xfd, 0x60, 0x0,
    0x0, 0x0, 0x0, 0x17, 0xdf, 0xff, 0xf9, 0x5,
    0xff, 0xfd, 0x93, 0x0, 0x0, 0x0, 0x0, 0x0,
    0x0, 0x0, 0x4b, 0xff, 0x10, 0x7, 0x62, 0x0,
    0x0, 0x0, 0x0, 0x0, 0x0, 0x0, 0x0, 0x0,
    0x3, 0x50,

    /* U+5473 "味" */
    0x0, 0x0, 0x0, 0x0, 0x0, 0x0, 0x0, 0x0,
    0x49, 0x94, 0x0, 0x0, 0x0, 0x0, 0x0, 0x0,
    0x0, 0x0, 0x0, 0x0, 0x0, 0x0, 0x7f, 0xf6,
    0x0, 0x0, 0x0, 0x0, 0x0, 0x0, 0x0, 0x0,
    0x0, 0x0, 0x0, 0x0, 0x7f, 0xf6, 0x0, 0x0,
    0x0, 0x0, 0xee, 0xee, 0xee, 0xee, 0x70, 0x0,
    0x0, 0x0, 0x7f, 0xf6, 0x0, 0x0, 0x0, 0x0,
    0xff, 0xff, 0xff, 0xff, 0x70, 0x0, 0x0, 0x0,
    0x7f, 0xf6, 0x0, 0x0, 0x0, 0x0, 0xff, 0xff,
    0xff, 0xff, 0x70, 0x3a, 0xaa, 0xaa, 0xdf, 0xfd,
    0xaa, 0xaa, 0xa8, 0x0, 0xff, 0xa0, 0x1, 0xff,
    0x70, 0x4f, 0xff, 0xff, 0xff, 0xff, 0xff, 0xff,
    0xfc, 0x0, 0xff, 0xa0, 0x1, 0xff, 0x70, 0x4f,
    0xff, 0xff, 0xff, 0xff, 0xff, 0xff, 0xfc, 0x0,
    0xff, 0xa0, 0x1, 0xff, 0x70, 0x0, 0x0, 0x0,
    0x7f, 0xf7, 0x0, 0x0, 0x0, 0x0, 0xff, 0xa0,
    0x1, 0xff, 0x70, 0x0, 0x0, 0x0, 0x7f, 0xf6,
    0x0, 0x0, 0x0, 0x0, 0xff, 0xa0, 0x1, 0xff,
    0x70, 0x0, 0x0, 0x0, 0x7f, 0xf6, 0x0, 0x0,
    0x0, 0x0, 0xff, 0xa0, 0x1, 0xff, 0x70, 0x0,
    0x0, 0x0, 0x7f, 0xf6, 0x0, 0x0, 0x0, 0x0,
    0xff, 0xa0, 0x1, 0xff, 0x74, 0x99, 0x99, 0x99,
    0xcf, 0xfc, 0x99, 0x99, 0x99, 0x80, 0xff, 0xa0,
    0x1, 0xff, 0x77, 0xff, 0xff, 0xff, 0xff, 0xff,
    0xff, 0xff, 0xff, 0xe0, 0xff, 0xa0, 0x1, 0xff,
    0x77, 0xff, 0xff, 0xff, 0xff, 0xff, 0xff, 0xff,
    0xff, 0xe0, 0xff, 0xa0, 0x1, 0xff, 0x70, 0x11,
    0x11, 0x1a, 0xff, 0xff, 0x91, 0x11, 0x11, 0x10,
    0xff, 0xa0, 0x1, 0xff, 0x70, 0x0, 0x0, 0x2f,
    0xff, 0xff, 0xf1, 0x0, 0x0, 0x0, 0xff, 0xa0,
    0x1, 0xff, 0x70, 0x0, 0x0, 0xbf, 0xff, 0xff,
    0xf8, 0x0, 0x0, 0x0, 0xff, 0xeb, 0xbb, 0xff,
    0x70, 0x0, 0x6, 0xff, 0xff, 0xff, 0xff, 0x20,
    0x0, 0x0, 0xff, 0xff, 0xff, 0xff, 0x70, 0x0,
    0x2f, 0xfe, 0x8f, 0xf9, 0xff, 0xd0, 0x0, 0x0,
    0xff, 0xff, 0xff, 0xff, 0x70, 0x1, 0xdf, 0xf4,
    0x7f, 0xf6, 0x8f, 0xf8, 0x0, 0x0, 0xff, 0xa0,
    0x0, 0x0, 0x0, 0x1d, 0xff, 0x80, 0x7f, 0xf6,
    0xe, 0xff, 0x60, 0x0, 0xff, 0xa0, 0x0, 0x0,
    0x1, 0xdf, 0xfc, 0x0, 0x7f, 0xf6, 0x4, 0xff,
    0xf4, 0x0, 0x67, 0x40, 0x0, 0x0, 0x5e, 0xff,
    0xd1, 0x0, 0x7f, 0xf6, 0x0, 0x9f, 0xff, 0x60,
    0x0, 0x0, 0x0, 0x4, 0xff, 0xfd, 0x10, 0x0,
    0x7f, 0xf6, 0x0, 0xb, 0xff, 0xe1, 0x0, 0x0,
    0x0, 0x0, 0x7f, 0xa0, 0x0, 0x0, 0x7f, 0xf6,
    0x0, 0x0, 0xce, 0x20, 0x0, 0x0, 0x0, 0x0,
    0x3, 0x0, 0x0, 0x0, 0x7f, 0xf6, 0x0, 0x0,
    0x2, 0x0, 0x0, 0x0, 0x0, 0x0, 0x0, 0x0,
    0x0, 0x0, 0x7f, 0xf6, 0x0, 0x0, 0x0, 0x0,

    /* U+548C "和" */
    0x0, 0x0, 0x0, 0x0, 0x0, 0x0, 0x10, 0x0,
    0x0, 0x0, 0x0, 0x0, 0x0, 0x0, 0x0, 0x0,
    0x0, 0x0, 0x2, 0x6b, 0xf9, 0x0, 0x0, 0x0,
    0x0, 0x0, 0x0, 0x0, 0x0, 0x0, 0x25, 0x8a,
    0xef, 0xff, 0xff, 0x60, 0x0, 0x0, 0x0, 0x0,
    0x0, 0x0, 0x1, 0xcf, 0xff, 0xff, 0xff, 0xff,
    0xc7, 0x21, 0xaa, 0xaa, 0xaa, 0xaa, 0xaa, 0xa1,
    0x0, 0xdf, 0xff, 0xff, 0xff, 0x40, 0x0, 0x2,
    0xff, 0xff, 0xff, 0xff, 0xff, 0xf2, 0x0, 0x46,
    0x42, 0xc, 0xff, 0x0, 0x0, 0x2, 0xff, 0xff,
    0xff, 0xff, 0xff, 0xf2, 0x0, 0x0, 0x0, 0xc,
    0xff, 0x0, 0x0, 0x2, 0xff, 0x90, 0x0, 0x0,
    0xbf, 0xf2, 0x0, 0x0, 0x0, 0xc, 0xff, 0x0,
    0x0, 0x2, 0xff, 0x80, 0x0, 0x0, 0xbf, 0xf2,
    0x0, 0x0, 0x0, 0xc, 0xff, 0x0, 0x0, 0x2,
    0xff, 0x80, 0x0, 0x0, 0xbf, 0xf2, 0x4, 0x99,
    0x99, 0x9e, 0xff, 0x99, 0x99, 0x82, 0xff, 0x80,
    0x0, 0x0, 0xbf, 0xf2, 0x7, 0xff, 0xff, 0xff,
    0xff, 0xff, 0xff, 0xe2, 0xff, 0x80, 0x0, 0x0,
    0xbf, 0xf2, 0x7, 0xff, 0xff, 0xff, 0xff, 0xff,
    0xff, 0xe2, 0xff, 0x80, 0x0, 0x0, 0xbf, 0xf2,
    0x0, 0x0, 0x0, 0xbf, 0xff, 0x20, 0x0, 0x2,
    0xff, 0x80, 0x0, 0x0, 0xbf, 0xf2, 0x0, 0x0,
    0x1, 0xff, 0xff, 0xb0, 0x0, 0x2, 0xff, 0x80,
    0x0, 0x0, 0xbf, 0xf2, 0x0, 0x0, 0x7, 0xff,
    0xff, 0xfa, 0x0, 0x2, 0xff, 0x80, 0x0, 0x0,
    0xbf, 0xf2, 0x0, 0x0, 0xe, 0xff, 0xff, 0xff,
    0x80, 0x2, 0xff, 0x80, 0x0, 0x0, 0xbf, 0xf2,
    0x0, 0x0, 0x7f, 0xfe, 0xff, 0xaf, 0xf5, 0x2,
    0xff, 0x80, 0x0, 0x0, 0xbf, 0xf2, 0x0, 0x1,
    0xef, 0x9c, 0xff, 0x1d, 0xff, 0x32, 0xff, 0x80,
    0x0, 0x0, 0xbf, 0xf2, 0x0, 0xa, 0xff, 0x1c,
    0xff, 0x3, 0xff, 0xb2, 0xff, 0x80, 0x0, 0x0,
    0xbf, 0xf2, 0x0, 0x4f, 0xf9, 0xc, 0xff, 0x0,
    0x9f, 0x22, 0xff, 0x80, 0x0, 0x0, 0xbf, 0xf2,
    0x1, 0xef, 0xf2, 0xc, 0xff, 0x0, 0x5, 0x2,
    0xff, 0x80, 0x0, 0x0, 0xbf, 0xf2, 0xc, 0xff,
    0x80, 0xc, 0xff, 0x0, 0x0, 0x2, 0xff, 0x90,
    0x0, 0x0, 0xbf, 0xf2, 0xc, 0xfd, 0x0, 0xc,
    0xff, 0x0, 0x0, 0x2, 0xff, 0xff, 0xff, 0xff,
    0xff, 0xf2, 0x2, 0xf3, 0x0, 0xc, 0xff, 0x0,
    0x0, 0x2, 0xff, 0xff, 0xff, 0xff, 0xff, 0xf2,
    0x0, 0x20, 0x0, 0xc, 0xff, 0x0, 0x0, 0x2,
    0xff, 0xda, 0xaa, 0xaa, 0xef, 0xf2, 0x0, 0x0,
    0x0, 0xc, 0xff, 0x0, 0x0, 0x2, 0xff, 0x80,
    0x0, 0x0, 0xbf, 0xf2, 0x0, 0x0, 0x0, 0xc,
    0xff, 0x0, 0x0, 0x2, 0xff, 0x80, 0x0, 0x0,
    0x8c, 0xc2, 0x0, 0x0, 0x0, 0xc, 0xff, 0x0,
    0x0, 0x0, 0x0, 0x0, 0x0, 0x0, 0x0, 0x0,

    /* U+552E "售" */
    0x0, 0x0, 0x0, 0x3, 0x10, 0x0, 0x0, 0x1,
    0x20, 0x0, 0x0, 0x0, 0x0, 0x0, 0x0, 0x0,
    0x0, 0x1f, 0xfa, 0x0, 0x0, 0xcf, 0xd0, 0x0,
    0x0, 0x0, 0x0, 0x0, 0x0, 0x0, 0x0, 0x8f,
    0xf8, 0x0, 0x0, 0xaf, 0xf5, 0x0, 0x0, 0x0,
    0x0, 0x0, 0x0, 0x0, 0x2, 0xff, 0xf3, 0x11,
    0x11, 0x5f, 0xfd, 0x21, 0x11, 0x11, 0x11, 0x10,
    0x0, 0x0, 0xb, 0xff, 0xff, 0xff, 0xff, 0xff,
    0xff, 0xff, 0xff, 0xff, 0xff, 0xa0, 0x0, 0x0,
    0x6f, 0xff, 0xff, 0xff, 0xff, 0xff, 0xff, 0xff,
    0xff, 0xff, 0xff, 0xa0, 0x0, 0x3, 0xff, 0xfd,
    0x0, 0x0, 0x0, 0xf, 0xfb, 0x0, 0x0, 0x0,
    0x0, 0x0, 0x0, 0x1e, 0xff, 0xfe, 0x11, 0x11,
    0x11, 0x2f, 0xfc, 0x11, 0x11, 0x11, 0x10, 0x0,
    0x1, 0xdf, 0xff, 0xff, 0xff, 0xff, 0xff, 0xff,
    0xff, 0xff, 0xff, 0xff, 0xf0, 0x0, 0xd, 0xff,
    0xdf, 0xff, 0xcc, 0xcc, 0xcc, 0xcf, 0xff, 0xcc,
    0xcc, 0xcc, 0xc0, 0x0, 0x4, 0xfc, 0x1e, 0xfd,
    0x0, 0x0, 0x0, 0xf, 0xfb, 0x0, 0x0, 0x0,
    0x0, 0x0, 0x0, 0x30, 0xe, 0xff, 0xee, 0xee,
    0xee, 0xef, 0xff, 0xee, 0xee, 0xee, 0xe1, 0x0,
    0x0, 0x0, 0xe, 0xff, 0xff, 0xff, 0xff, 0xff,
    0xff, 0xff, 0xff, 0xff, 0xf1, 0x0, 0x0, 0x0,
    0xe, 0xfe, 0x0, 0x0, 0x0, 0x1f, 0xfc, 0x0,
    0x0, 0x0, 0x0, 0x0, 0x0, 0x0, 0xe, 0xfd,
    0x0, 0x0, 0x0, 0xf, 0xfb, 0x0, 0x0, 0x0,
    0x0, 0x0, 0x0, 0x0, 0xe, 0xff, 0xff, 0xff,
    0xff, 0xff, 0xff, 0xff, 0xff, 0xff, 0xff, 0xf3,
    0x0, 0x0, 0xe, 0xff, 0xff, 0xff, 0xff, 0xff,
    0xff, 0xff, 0xff, 0xff, 0xff, 0xf3, 0x0, 0x0,
    0xe, 0xfe, 0x33, 0x33, 0x33, 0x33, 0x33, 0x33,
    0x33, 0x33, 0x33, 0x30, 0x0, 0x0, 0x3, 0x43,
    0x0, 0x0, 0x0, 0x0, 0x0, 0x0, 0x0, 0x0,
    0x0, 0x0, 0x0, 0x0, 0xf, 0xff, 0xff, 0xff,
    0xff, 0xff, 0xff, 0xff, 0xff, 0xff, 0xfb, 0x0,
    0x0, 0x0, 0xf, 0xff, 0xff, 0xff, 0xff, 0xff,
    0xff, 0xff, 0xff, 0xff, 0xfb, 0x0, 0x0, 0x0,
    0xf, 0xfe, 0x55, 0x55, 0x55, 0x55, 0x55, 0x55,
    0x55, 0x7f, 0xfb, 0x0, 0x0, 0x0, 0xf, 0xfd,
    0x0, 0x0, 0x0, 0x0, 0x0, 0x0, 0x0, 0x3f,
    0xfb, 0x0, 0x0, 0x0, 0xf, 0xfd, 0x0, 0x0,
    0x0, 0x0, 0x0, 0x0, 0x0, 0x3f, 0xfb, 0x0,
    0x0, 0x0, 0xf, 0xfd, 0x0, 0x0, 0x0, 0x0,
    0x0, 0x0, 0x0, 0x3f, 0xfb, 0x0, 0x0, 0x0,
    0xf, 0xff, 0xff, 0xff, 0xff, 0xff, 0xff, 0xff,
    0xff, 0xff, 0xfb, 0x0, 0x0, 0x0, 0xf, 0xff,
    0xff, 0xff, 0xff, 0xff, 0xff, 0xff, 0xff, 0xff,
    0xfb, 0x0, 0x0, 0x0, 0xf, 0xfe, 0x44, 0x44,
    0x44, 0x44, 0x44, 0x44, 0x44, 0x6f, 0xfb, 0x0,

    /* U+5546 "商" */
    0x0, 0x0, 0x0, 0x0, 0x0, 0x0, 0x1, 0x50,
    0x0, 0x0, 0x0, 0x0, 0x0, 0x0, 0x0, 0x0,
    0x0, 0x0, 0x0, 0x0, 0x9f, 0xf6, 0x0, 0x0,
    0x0, 0x0, 0x0, 0x0, 0x0, 0x0, 0x0, 0x0,
    0x0, 0x0, 0x4f, 0xfd, 0x0, 0x0, 0x0, 0x0,
    0x0, 0x0, 0x4, 0x44, 0x44, 0x44, 0x44, 0x44,
    0x4f, 0xff, 0x74, 0x44, 0x44, 0x44, 0x44, 0x42,
    0x1f, 0xff, 0xff, 0xff, 0xff, 0xff, 0xff, 0xff,
    0xff, 0xff, 0xff, 0xff, 0xff, 0xf7, 0x1f, 0xff,
    0xff, 0xff, 0xff, 0xff, 0xff, 0xff, 0xff, 0xff,
    0xff, 0xff, 0xff, 0xf7, 0x2, 0x22, 0x22, 0x26,
    0xbf, 0x52, 0x22, 0x22, 0x22, 0xab, 0x84, 0x22,
    0x22, 0x21, 0x0, 0x0, 0x0, 0x6, 0xff, 0xb0,
    0x0, 0x0, 0x1, 0xff, 0xf2, 0x0, 0x0, 0x0,
    0x0, 0x0, 0x0, 0x0, 0xdf, 0xf4, 0x0, 0x0,
    0x8, 0xff, 0x70, 0x0, 0x0, 0x0, 0x0, 0x0,
    0x0, 0x0, 0x5f, 0xa3, 0x0, 0x0, 0x2f, 0xfc,
    0x0, 0x0, 0x0, 0x0, 0x0, 0x7f, 0xff, 0xff,
    0xff, 0xff, 0xff, 0xff, 0xff, 0xff, 0xff, 0xff,
    0xfe, 0x0, 0x0, 0x7f, 0xff, 0xff, 0xff, 0xff,
    0xff, 0xff, 0xff, 0xff, 0xff, 0xff, 0xff, 0x0,
    0x0, 0x7f, 0xf8, 0x55, 0x55, 0x67, 0x55, 0x55,
    0x5a, 0x55, 0x55, 0x5c, 0xff, 0x0, 0x0, 0x7f,
    0xf3, 0x0, 0x1, 0xcf, 0x80, 0x0, 0xaf, 0xa0,
    0x0, 0xa, 0xff, 0x0, 0x0, 0x7f, 0xf3, 0x0,
    0x2d, 0xff, 0x50, 0x0, 0xbf, 0xfd, 0x30, 0xa,
    0xff, 0x0, 0x0, 0x7f, 0xf3, 0x6, 0xff, 0xf5,
    0x0, 0x0, 0x8, 0xff, 0xf6, 0xa, 0xff, 0x0,
    0x0, 0x7f, 0xf4, 0xbf, 0xff, 0x50, 0x0, 0x0,
    0x0, 0x5f, 0xff, 0x8a, 0xff, 0x0, 0x0, 0x7f,
    0xf3, 0xdf, 0xf5, 0x11, 0x11, 0x11, 0x11, 0x15,
    0xef, 0xcb, 0xff, 0x0, 0x0, 0x7f, 0xf3, 0x5b,
    0xaf, 0xff, 0xff, 0xff, 0xff, 0xfc, 0x2c, 0x1a,
    0xff, 0x0, 0x0, 0x7f, 0xf3, 0x0, 0x8f, 0xfe,
    0xee, 0xee, 0xef, 0xfc, 0x0, 0xa, 0xff, 0x0,
    0x0, 0x7f, 0xf3, 0x0, 0x8f, 0xd0, 0x0, 0x0,
    0x8, 0xfc, 0x0, 0xa, 0xff, 0x0, 0x0, 0x7f,
    0xf3, 0x0, 0x8f, 0xd0, 0x0, 0x0, 0x8, 0xfc,
    0x0, 0xa, 0xff, 0x0, 0x0, 0x7f, 0xf3, 0x0,
    0x8f, 0xd0, 0x0, 0x0, 0x9, 0xfc, 0x0, 0xa,
    0xff, 0x0, 0x0, 0x7f, 0xf3, 0x0, 0x8f, 0xff,
    0xff, 0xff, 0xff, 0xfc, 0x0, 0xa, 0xff, 0x0,
    0x0, 0x7f, 0xf3, 0x0, 0x8f, 0xff, 0xff, 0xff,
    0xff, 0xfc, 0x0, 0xa, 0xff, 0x0, 0x0, 0x7f,
    0xf3, 0x0, 0x8f, 0xd0, 0x0, 0x0, 0x0, 0x3,
    0x33, 0x3d, 0xfe, 0x0, 0x0, 0x7f, 0xf3, 0x0,
    0x24, 0x30, 0x0, 0x0, 0x0, 0xe, 0xff, 0xff,
    0xfb, 0x0, 0x0, 0x7f, 0xf3, 0x0, 0x0, 0x0,
    0x0, 0x0, 0x0, 0x8, 0xee, 0xdc, 0x80, 0x0,

    /* U+5668 "器" */
    0x0, 0x0, 0x0, 0x0, 0x0, 0x0, 0x0, 0x0,
    0x0, 0x0, 0x0, 0x0, 0x0, 0x0, 0x0, 0x0,
    0xff, 0xff, 0xff, 0xff, 0xf8, 0x0, 0x5f, 0xff,
    0xff, 0xff, 0xff, 0x90, 0x0, 0x0, 0xf, 0xff,
    0xff, 0xff, 0xff, 0x80, 0x5, 0xff, 0xff, 0xff,
    0xff, 0xf9, 0x0, 0x0, 0x0, 0xff, 0xb5, 0x55,
    0x7f, 0xf8, 0x0, 0x5f, 0xf8, 0x55, 0x57, 0xff,
    0x90, 0x0, 0x0, 0xf, 0xf8, 0x0, 0x2, 0xff,
    0x80, 0x5, 0xff, 0x30, 0x0, 0x2f, 0xf9, 0x0,
    0x0, 0x0, 0xff, 0x80, 0x0, 0x2f, 0xf8, 0x0,
    0x5f, 0xf3, 0x0, 0x2, 0xff, 0x90, 0x0, 0x0,
    0xf, 0xf8, 0x0, 0x3, 0xff, 0x80, 0x5, 0xff,
    0x40, 0x0, 0x3f, 0xf9, 0x0, 0x0, 0x0, 0xff,
    0xff, 0xff, 0xff, 0xf8, 0x0, 0x5f, 0xff, 0xff,
    0xff, 0xff, 0x90, 0x0, 0x0, 0xf, 0xff, 0xff,
    0xff, 0xff, 0x80, 0x5, 0xff, 0xff, 0xff, 0xff,
    0xf9, 0x0, 0x0, 0x0, 0x55, 0x55, 0x55, 0x55,
    0x9e, 0xa4, 0x25, 0x5c, 0xfa, 0x65, 0x55, 0x30,
    0x0, 0x0, 0x0, 0x0, 0x0, 0x0, 0xc, 0xff,
    0x40, 0x2, 0xff, 0xfc, 0x20, 0x0, 0x0, 0x0,
    0x0, 0x0, 0x0, 0x0, 0x6, 0xff, 0xb0, 0x0,
    0x1, 0x8f, 0xff, 0x20, 0x0, 0x0, 0x28, 0x88,
    0x88, 0x88, 0x89, 0xff, 0xfb, 0x88, 0x88, 0x88,
    0xbf, 0xe8, 0x88, 0x87, 0x4, 0xff, 0xff, 0xff,
    0xff, 0xff, 0xff, 0xff, 0xff, 0xff, 0xff, 0xff,
    0xff, 0xff, 0xc0, 0x4f, 0xff, 0xff, 0xff, 0xff,
    0xff, 0xff, 0xff, 0xff, 0xff, 0xff, 0xff, 0xff,
    0xfb, 0x0, 0x0, 0x0, 0x7, 0xff, 0xf9, 0x0,
    0x0, 0x1, 0xcf, 0xfc, 0x20, 0x0, 0x0, 0x0,
    0x0, 0x0, 0x2c, 0xff, 0xf6, 0x0, 0x0, 0x0,
    0x0, 0xaf, 0xff, 0x91, 0x0, 0x0, 0x0, 0x3,
    0xaf, 0xff, 0xd2, 0x0, 0x0, 0x0, 0x0, 0x0,
    0x5e, 0xff, 0xfa, 0x50, 0x0, 0x5c, 0xff, 0xff,
    0xff, 0xff, 0xff, 0x80, 0x4, 0xff, 0xff, 0xff,
    0xff, 0xff, 0xfa, 0x27, 0xff, 0xff, 0xff, 0xff,
    0xff, 0xf8, 0x0, 0x4f, 0xff, 0xff, 0xff, 0xff,
    0xff, 0xc0, 0xc, 0xaf, 0xfc, 0x88, 0x89, 0xff,
    0x80, 0x4, 0xff, 0xa8, 0x88, 0x9f, 0xfd, 0xd1,
    0x0, 0x0, 0xff, 0x90, 0x0, 0x2f, 0xf8, 0x0,
    0x4f, 0xf4, 0x0, 0x1, 0xff, 0x90, 0x0, 0x0,
    0xf, 0xf9, 0x0, 0x2, 0xff, 0x80, 0x4, 0xff,
    0x40, 0x0, 0x1f, 0xf9, 0x0, 0x0, 0x0, 0xff,
    0x90, 0x0, 0x2f, 0xf8, 0x0, 0x4f, 0xf4, 0x0,
    0x1, 0xff, 0x90, 0x0, 0x0, 0xf, 0xff, 0xff,
    0xff, 0xff, 0x80, 0x4, 0xff, 0xff, 0xff, 0xff,
    0xf9, 0x0, 0x0, 0x0, 0xff, 0xff, 0xff, 0xff,
    0xf8, 0x0, 0x4f, 0xff, 0xff, 0xff, 0xff, 0x90,
    0x0, 0x0, 0xf, 0xfc, 0x77, 0x78, 0xdd, 0x70,
    0x4, 0xff, 0xa7, 0x77, 0x8d, 0xd8, 0x0, 0x0,

    /* U+5728 "在" */
    0x0, 0x0, 0x0, 0x0, 0x0, 0x23, 0x0, 0x0,
    0x0, 0x0, 0x0, 0x0, 0x0, 0x0, 0x0, 0x0,
    0x0, 0x0, 0x0, 0xbf, 0xf5, 0x0, 0x0, 0x0,
    0x0, 0x0, 0x0, 0x0, 0x0, 0x0, 0x0, 0x0,
    0x0, 0xff, 0xf2, 0x0, 0x0, 0x0, 0x0, 0x0,
    0x0, 0x0, 0x0, 0x0, 0x0, 0x0, 0x5, 0xff,
    0xc0, 0x0, 0x0, 0x0, 0x0, 0x0, 0x0, 0x0,
    0x0, 0x0, 0x0, 0x0, 0xb, 0xff, 0x70, 0x0,
    0x0, 0x0, 0x0, 0x0, 0x0, 0x0, 0x1f, 0xff,
    0xff, 0xff, 0xff, 0xff, 0xff, 0xff, 0xff, 0xff,
    0xff, 0xff, 0xff, 0xf6, 0x1f, 0xff, 0xff, 0xff,
    0xff, 0xff, 0xff, 0xff, 0xff, 0xff, 0xff, 0xff,
    0xff, 0xf6, 0xc, 0xcc, 0xcc, 0xcc, 0xff, 0xfc,
    0xcc, 0xcc, 0xcc, 0xcc, 0xcc, 0xcc, 0xcc, 0xc5,
    0x0, 0x0, 0x0, 0x8, 0xff, 0xb0, 0x0, 0x0,
    0x0, 0x0, 0x0, 0x0, 0x0, 0x0, 0x0, 0x0,
    0x0, 0x1f, 0xff, 0x30, 0x0, 0x0, 0xd, 0xda,
    0x0, 0x0, 0x0, 0x0, 0x0, 0x0, 0x0, 0xaf,
    0xfb, 0x0, 0x0, 0x0, 0xf, 0xfc, 0x0, 0x0,
    0x0, 0x0, 0x0, 0x0, 0x4, 0xff, 0xf2, 0x0,
    0x0, 0x0, 0xf, 0xfc, 0x0, 0x0, 0x0, 0x0,
    0x0, 0x0, 0x1e, 0xff, 0x80, 0x0, 0x0, 0x0,
    0xf, 0xfc, 0x0, 0x0, 0x0, 0x0, 0x0, 0x0,
    0xcf, 0xfd, 0x0, 0x0, 0x0, 0x0, 0xf, 0xfc,
    0x0, 0x0, 0x0, 0x0, 0x0, 0xa, 0xff, 0xf8,
    0x0, 0x0, 0x0, 0x0, 0x1f, 0xfc, 0x0, 0x0,
    0x0, 0x0, 0x0, 0xaf, 0xff, 0xf8, 0x0, 0x8f,
    0xff, 0xff, 0xff, 0xff, 0xff, 0xff, 0xff, 0x30,
    0x1c, 0xff, 0xff, 0xf8, 0x0, 0x8f, 0xff, 0xff,
    0xff, 0xff, 0xff, 0xff, 0xff, 0x30, 0xbf, 0xff,
    0xcf, 0xf8, 0x0, 0x48, 0x88, 0x88, 0x9f, 0xfe,
    0x88, 0x88, 0x88, 0x10, 0x3f, 0xf5, 0x5f, 0xf8,
    0x0, 0x0, 0x0, 0x0, 0xf, 0xfc, 0x0, 0x0,
    0x0, 0x0, 0x9, 0x30, 0x5f, 0xf8, 0x0, 0x0,
    0x0, 0x0, 0xf, 0xfc, 0x0, 0x0, 0x0, 0x0,
    0x0, 0x0, 0x5f, 0xf8, 0x0, 0x0, 0x0, 0x0,
    0xf, 0xfc, 0x0, 0x0, 0x0, 0x0, 0x0, 0x0,
    0x5f, 0xf8, 0x0, 0x0, 0x0, 0x0, 0xf, 0xfc,
    0x0, 0x0, 0x0, 0x0, 0x0, 0x0, 0x5f, 0xf8,
    0x0, 0x0, 0x0, 0x0, 0xf, 0xfc, 0x0, 0x0,
    0x0, 0x0, 0x0, 0x0, 0x5f, 0xf8, 0x0, 0x0,
    0x0, 0x0, 0xf, 0xfc, 0x0, 0x0, 0x0, 0x0,
    0x0, 0x0, 0x5f, 0xf8, 0x0, 0x0, 0x0, 0x0,
    0xf, 0xfc, 0x0, 0x0, 0x0, 0x0, 0x0, 0x0,
    0x5f, 0xf8, 0xb, 0xff, 0xff, 0xff, 0xff, 0xff,
    0xff, 0xff, 0xff, 0xf5, 0x0, 0x0, 0x5f, 0xf8,
    0xb, 0xff, 0xff, 0xff, 0xff, 0xff, 0xff, 0xff,
    0xff, 0xf6, 0x0, 0x0, 0x5f, 0xf8, 0x8, 0xaa,
    0xaa, 0xaa, 0xaa, 0xaa, 0xaa, 0xaa, 0xaa, 0xa4,

    /* U+5747 "均" */
    0x0, 0x0, 0x0, 0x0, 0x0, 0x0, 0x0, 0x3,
    0x0, 0x0, 0x0, 0x0, 0x0, 0x0, 0x0, 0x0,
    0x0, 0xdd, 0x90, 0x0, 0x0, 0x4, 0xff, 0x90,
    0x0, 0x0, 0x0, 0x0, 0x0, 0x0, 0x0, 0xf,
    0xfb, 0x0, 0x0, 0x0, 0xaf, 0xf7, 0x0, 0x0,
    0x0, 0x0, 0x0, 0x0, 0x0, 0x0, 0xff, 0xb0,
    0x0, 0x0, 0xf, 0xff, 0x20, 0x0, 0x0, 0x0,
    0x0, 0x0, 0x0, 0x0, 0xf, 0xfb, 0x0, 0x0,
    0x4, 0xff, 0xc0, 0x0, 0x0, 0x0, 0x0, 0x0,
    0x0, 0x0, 0x0, 0xff, 0xb0, 0x0, 0x0, 0xaf,
    0xfc, 0x77, 0x77, 0x77, 0x77, 0x77, 0x71, 0x0,
    0x0, 0xf, 0xfb, 0x0, 0x0, 0x2f, 0xff, 0xff,
    0xff, 0xff, 0xff, 0xff, 0xff, 0x30, 0x0, 0x1,
    0xff, 0xb0, 0x0, 0xa, 0xff, 0xff, 0xff, 0xff,
    0xff, 0xff, 0xff, 0xf3, 0x8, 0xff, 0xff, 0xff,
    0xff, 0xf5, 0xff, 0xf4, 0x33, 0x33, 0x33, 0x33,
    0x3b, 0xff, 0x30, 0x8f, 0xff, 0xff, 0xff, 0xff,
    0xdf, 0xf9, 0x0, 0x0, 0x0, 0x0, 0x0, 0xbf,
    0xf2, 0x5, 0xaa, 0xaf, 0xfe, 0xaa, 0xef, 0xff,
    0x14, 0x20, 0x0, 0x0, 0x0, 0xb, 0xff, 0x20,
    0x0, 0x0, 0xff, 0xb0, 0x1f, 0xff, 0x77, 0xff,
    0x50, 0x0, 0x0, 0x0, 0xcf, 0xf1, 0x0, 0x0,
    0xf, 0xfb, 0x0, 0x2d, 0xb0, 0x9f, 0xff, 0x80,
    0x0, 0x0, 0xc, 0xff, 0x10, 0x0, 0x0, 0xff,
    0xb0, 0x0, 0x1, 0x0, 0x6f, 0xff, 0xa0, 0x0,
    0x0, 0xdf, 0xf0, 0x0, 0x0, 0xf, 0xfb, 0x0,
    0x0, 0x0, 0x0, 0x3e, 0xff, 0x90, 0x0, 0xd,
    0xff, 0x0, 0x0, 0x0, 0xff, 0xb0, 0x0, 0x0,
    0x0, 0x0, 0x3f, 0xd3, 0x0, 0x0, 0xef, 0xf0,
    0x0, 0x0, 0xf, 0xfb, 0x0, 0x0, 0x0, 0x0,
    0x0, 0x31, 0x0, 0x0, 0xf, 0xfe, 0x0, 0x0,
    0x0, 0xff, 0xb0, 0x0, 0x10, 0x0, 0x0, 0x0,
    0x2, 0x72, 0x0, 0xff, 0xe0, 0x0, 0x0, 0xf,
    0xfc, 0x7b, 0xf8, 0x0, 0x0, 0x2, 0x7c, 0xff,
    0x70, 0xf, 0xfd, 0x0, 0x0, 0x4, 0xff, 0xff,
    0xff, 0xb0, 0x3, 0x8d, 0xff, 0xff, 0xf9, 0x1,
    0xff, 0xc0, 0x7, 0xbf, 0xff, 0xff, 0xff, 0xba,
    0x9e, 0xff, 0xff, 0xfe, 0x93, 0x0, 0x3f, 0xfb,
    0x0, 0xef, 0xff, 0xff, 0xa5, 0x10, 0x8f, 0xff,
    0xfe, 0x94, 0x0, 0x0, 0x4, 0xff, 0x90, 0x9,
    0xfe, 0xa5, 0x0, 0x0, 0x2, 0xff, 0xa4, 0x0,
    0x0, 0x0, 0x0, 0x7f, 0xf8, 0x0, 0x34, 0x0,
    0x0, 0x0, 0x0, 0x4, 0x0, 0x0, 0x0, 0x0,
    0x0, 0xa, 0xff, 0x60, 0x0, 0x0, 0x0, 0x0,
    0x0, 0x0, 0x0, 0x0, 0x0, 0x0, 0x0, 0x1,
    0xff, 0xf3, 0x0, 0x0, 0x0, 0x0, 0x0, 0x0,
    0x0, 0x0, 0x0, 0x6, 0xdc, 0xcc, 0xef, 0xfe,
    0x0, 0x0, 0x0, 0x0, 0x0, 0x0, 0x0, 0x0,
    0x0, 0x0, 0x1f, 0xff, 0xff, 0xff, 0x60, 0x0,
    0x0, 0x0, 0x0, 0x0, 0x0, 0x0, 0x0, 0x0,
    0x0, 0xdf, 0xff, 0xfc, 0x50, 0x0, 0x0, 0x0,
    0x0, 0x0, 0x0, 0x0, 0x0, 0x0, 0x0, 0x0,
    0x0, 0x0, 0x0, 0x0, 0x0,

    /* U+574F "坏" */
    0x0, 0x0, 0x1, 0x10, 0x0, 0x0, 0x0, 0x0,
    0x0, 0x0, 0x0, 0x0, 0x0, 0x0, 0x0, 0x0,
    0x0, 0x1f, 0xfa, 0x0, 0x0, 0x0, 0x0, 0x0,
    0x0, 0x0, 0x0, 0x0, 0x0, 0x0, 0x0, 0x0,
    0x1f, 0xfa, 0x0, 0x3a, 0xaa, 0xaa, 0xaa, 0xaa,
    0xaa, 0xaa, 0xaa, 0xaa, 0x90, 0x0, 0x0, 0x1f,
    0xfa, 0x0, 0x4f, 0xff, 0xff, 0xff, 0xff, 0xff,
    0xff, 0xff, 0xff, 0xe0, 0x0, 0x0, 0x1f, 0xfa,
    0x0, 0x4f, 0xff, 0xff, 0xff, 0xff, 0xff, 0xff,
    0xff, 0xff, 0xe0, 0x0, 0x0, 0x1f, 0xfa, 0x0,
    0x0, 0x0, 0x0, 0x0, 0xb, 0xff, 0x90, 0x0,
    0x0, 0x0, 0x0, 0x0, 0x1f, 0xfa, 0x0, 0x0,
    0x0, 0x0, 0x0, 0x5f, 0xff, 0x10, 0x0, 0x0,
    0x0, 0x0, 0x0, 0x1f, 0xfa, 0x0, 0x0, 0x0,
    0x0, 0x0, 0xef, 0xf7, 0x0, 0x0, 0x0, 0x0,
    0x8, 0xff, 0xff, 0xff, 0xff, 0xa0, 0x0, 0x0,
    0xa, 0xff, 0xe0, 0x0, 0x0, 0x0, 0x0, 0x8,
    0xff, 0xff, 0xff, 0xff, 0xa0, 0x0, 0x0, 0x7f,
    0xff, 0xb0, 0x10, 0x0, 0x0, 0x0, 0x5, 0xaa,
    0xaf, 0xfe, 0xaa, 0x70, 0x0, 0x5, 0xff, 0xff,
    0xb7, 0xf6, 0x0, 0x0, 0x0, 0x0, 0x0, 0x1f,
    0xfa, 0x0, 0x0, 0x0, 0x5f, 0xff, 0xff, 0xef,
    0xff, 0x90, 0x0, 0x0, 0x0, 0x0, 0x1f, 0xfa,
    0x0, 0x0, 0x8, 0xff, 0xfd, 0xff, 0xb4, 0xff,
    0xfc, 0x10, 0x0, 0x0, 0x0, 0x1f, 0xfa, 0x0,
    0x1, 0xaf, 0xff, 0xb2, 0xff, 0xb0, 0x2d, 0xff,
    0xe3, 0x0, 0x0, 0x0, 0x1f, 0xfa, 0x0, 0x6e,
    0xff, 0xfa, 0x1, 0xff, 0xb0, 0x1, 0xbf, 0xff,
    0x40, 0x0, 0x0, 0x1f, 0xfa, 0x6, 0xff, 0xff,
    0x70, 0x1, 0xff, 0xb0, 0x0, 0xa, 0xff, 0xf3,
    0x0, 0x0, 0x1f, 0xfa, 0x0, 0x9f, 0xd3, 0x0,
    0x1, 0xff, 0xb0, 0x0, 0x0, 0xaf, 0xa0, 0x0,
    0x0, 0x1f, 0xfa, 0x0, 0x36, 0x0, 0x0, 0x1,
    0xff, 0xb0, 0x0, 0x0, 0x6, 0x0, 0x0, 0x0,
    0x1f, 0xfc, 0x8d, 0xf1, 0x0, 0x0, 0x1, 0xff,
    0xb0, 0x0, 0x0, 0x0, 0x0, 0x0, 0x0, 0x3f,
    0xff, 0xff, 0xf4, 0x0, 0x0, 0x1, 0xff, 0xb0,
    0x0, 0x0, 0x0, 0x0, 0x3, 0x8d, 0xff, 0xff,
    0xfe, 0x81, 0x0, 0x0, 0x1, 0xff, 0xb0, 0x0,
    0x0, 0x0, 0x0, 0xe, 0xff, 0xff, 0xfa, 0x40,
    0x0, 0x0, 0x0, 0x1, 0xff, 0xb0, 0x0, 0x0,
    0x0, 0x0, 0x9, 0xff, 0xc6, 0x10, 0x0, 0x0,
    0x0, 0x0, 0x1, 0xff, 0xb0, 0x0, 0x0, 0x0,
    0x0, 0x3, 0x71, 0x0, 0x0, 0x0, 0x0, 0x0,
    0x0, 0x1, 0xff, 0xb0, 0x0, 0x0, 0x0, 0x0,
    0x0, 0x0, 0x0, 0x0, 0x0, 0x0, 0x0, 0x0,
    0x1, 0xff, 0xb0, 0x0, 0x0, 0x0, 0x0, 0x0,
    0x0, 0x0, 0x0, 0x0, 0x0, 0x0, 0x0, 0x1,
    0xff, 0xb0, 0x0, 0x0, 0x0, 0x0, 0x0, 0x0,
    0x0, 0x0, 0x0, 0x0, 0x0, 0x0, 0x1, 0xff,
    0xb0, 0x0, 0x0, 0x0, 0x0, 0x0, 0x0, 0x0,
    0x0, 0x0, 0x0, 0x0, 0x0, 0x1, 0xff, 0xb0,
    0x0, 0x0, 0x0, 0x0,

    /* U+5757 "块" */
    0x0, 0x0, 0xbc, 0x90, 0x0, 0x0, 0x0, 0x0,
    0x9d, 0xd0, 0x0, 0x0, 0x0, 0x0, 0x0, 0x0,
    0xe, 0xfc, 0x0, 0x0, 0x0, 0x0, 0xb, 0xff,
    0x0, 0x0, 0x0, 0x0, 0x0, 0x0, 0x0, 0xef,
    0xc0, 0x0, 0x0, 0x0, 0x0, 0xbf, 0xf0, 0x0,
    0x0, 0x0, 0x0, 0x0, 0x0, 0xe, 0xfc, 0x0,
    0x0, 0x0, 0x0, 0xb, 0xff, 0x0, 0x0, 0x0,
    0x0, 0x0, 0x0, 0x0, 0xef, 0xc0, 0x0, 0x2,
    0x33, 0x33, 0xcf, 0xf3, 0x33, 0x33, 0x32, 0x0,
    0x0, 0x0, 0xe, 0xfc, 0x0, 0x0, 0xbf, 0xff,
    0xff, 0xff, 0xff, 0xff, 0xff, 0xb0, 0x0, 0x0,
    0x0, 0xef, 0xc0, 0x0, 0xb, 0xff, 0xff, 0xff,
    0xff, 0xff, 0xff, 0xfb, 0x0, 0x4, 0xff, 0xff,
    0xff, 0xff, 0xe0, 0x56, 0x66, 0x6d, 0xff, 0x66,
    0x66, 0xff, 0xb0, 0x0, 0x4f, 0xff, 0xff, 0xff,
    0xfe, 0x0, 0x0, 0x0, 0xbf, 0xf0, 0x0, 0xe,
    0xfb, 0x0, 0x3, 0x99, 0x9f, 0xfe, 0x99, 0x80,
    0x0, 0x0, 0xb, 0xff, 0x0, 0x0, 0xef, 0xb0,
    0x0, 0x0, 0x0, 0xef, 0xc0, 0x0, 0x0, 0x0,
    0x0, 0xbf, 0xf0, 0x0, 0xe, 0xfb, 0x0, 0x0,
    0x0, 0xe, 0xfc, 0x0, 0x0, 0x0, 0x0, 0xc,
    0xff, 0x0, 0x0, 0xef, 0xb0, 0x0, 0x0, 0x0,
    0xef, 0xc0, 0x0, 0x0, 0x0, 0x0, 0xdf, 0xe0,
    0x0, 0xe, 0xfb, 0x0, 0x0, 0x0, 0xe, 0xfc,
    0x0, 0x5, 0xaa, 0xaa, 0xaf, 0xff, 0xaa, 0xaa,
    0xff, 0xea, 0x70, 0x0, 0x0, 0xef, 0xc0, 0x0,
    0x8f, 0xff, 0xff, 0xff, 0xff, 0xff, 0xff, 0xff,
    0xfb, 0x0, 0x0, 0xe, 0xfc, 0x0, 0x8, 0xff,
    0xff, 0xff, 0xff, 0xff, 0xff, 0xff, 0xff, 0xb0,
    0x0, 0x0, 0xef, 0xc2, 0x9e, 0x0, 0x0, 0x7,
    0xff, 0xff, 0xb0, 0x0, 0x0, 0x0, 0x0, 0x0,
    0xe, 0xff, 0xff, 0xf3, 0x0, 0x0, 0xcf, 0xfd,
    0xff, 0x20, 0x0, 0x0, 0x0, 0x0, 0x28, 0xff,
    0xff, 0xfc, 0x30, 0x0, 0x2f, 0xfe, 0x3f, 0xf9,
    0x0, 0x0, 0x0, 0x5, 0xbf, 0xff, 0xff, 0xc4,
    0x0, 0x0, 0xa, 0xff, 0x80, 0xdf, 0xf2, 0x0,
    0x0, 0x0, 0x8f, 0xff, 0xfa, 0x30, 0x0, 0x0,
    0x4, 0xff, 0xf2, 0x6, 0xff, 0xc0, 0x0, 0x0,
    0x2, 0xff, 0x92, 0x0, 0x0, 0x0, 0x2, 0xef,
    0xf7, 0x0, 0xc, 0xff, 0x80, 0x0, 0x0, 0x5,
    0x10, 0x0, 0x0, 0x0, 0x2, 0xef, 0xfd, 0x0,
    0x0, 0x3f, 0xff, 0x80, 0x0, 0x0, 0x0, 0x0,
    0x0, 0x0, 0x4, 0xef, 0xfe, 0x20, 0x0, 0x0,
    0x8f, 0xff, 0x90, 0x0, 0x0, 0x0, 0x0, 0x0,
    0x19, 0xff, 0xfd, 0x20, 0x0, 0x0, 0x0, 0xaf,
    0xff, 0xe6, 0x0, 0x0, 0x0, 0x0, 0x1e, 0xff,
    0xfc, 0x10, 0x0, 0x0, 0x0, 0x0, 0xaf, 0xff,
    0xd0, 0x0, 0x0, 0x0, 0x0, 0x4f, 0xf7, 0x0,
    0x0, 0x0, 0x0, 0x0, 0x0, 0x6e, 0xe1, 0x0,
    0x0, 0x0, 0x0, 0x0, 0x51, 0x0, 0x0, 0x0,
    0x0, 0x0, 0x0, 0x0, 0x14, 0x0,

    /* U+578B "型" */
    0x0, 0x0, 0x0, 0x0, 0x0, 0x0, 0x0, 0x0,
    0x0, 0x0, 0x0, 0x1, 0x11, 0x0, 0x1, 0x55,
    0x55, 0x55, 0x55, 0x55, 0x55, 0x51, 0x0, 0x0,
    0x0, 0xe, 0xfc, 0x0, 0x5, 0xff, 0xff, 0xff,
    0xff, 0xff, 0xff, 0xf4, 0x6, 0xdd, 0x10, 0xe,
    0xfc, 0x0, 0x5, 0xff, 0xff, 0xff, 0xff, 0xff,
    0xff, 0xf4, 0x7, 0xff, 0x20, 0xe, 0xfc, 0x0,
    0x0, 0x11, 0xbf, 0xe1, 0x11, 0xef, 0xc1, 0x10,
    0x7, 0xff, 0x20, 0xe, 0xfc, 0x0, 0x0, 0x0,
    0xbf, 0xe0, 0x0, 0xdf, 0xc0, 0x0, 0x7, 0xff,
    0x20, 0xe, 0xfc, 0x0, 0x0, 0x0, 0xbf, 0xe0,
    0x0, 0xdf, 0xc0, 0x0, 0x7, 0xff, 0x20, 0xe,
    0xfc, 0x0, 0x12, 0x22, 0xcf, 0xe2, 0x22, 0xef,
    0xc2, 0x22, 0x7, 0xff, 0x20, 0xe, 0xfc, 0x0,
    0x5f, 0xff, 0xff, 0xff, 0xff, 0xff, 0xff, 0xfe,
    0x7, 0xff, 0x20, 0xe, 0xfc, 0x0, 0x5f, 0xff,
    0xff, 0xff, 0xff, 0xff, 0xff, 0xfe, 0x7, 0xff,
    0x20, 0xe, 0xfc, 0x0, 0x15, 0x55, 0xff, 0xc5,
    0x55, 0xef, 0xd5, 0x54, 0x7, 0xff, 0x20, 0xe,
    0xfc, 0x0, 0x0, 0x4, 0xff, 0x60, 0x0, 0xdf,
    0xc0, 0x0, 0x7, 0xff, 0x20, 0xe, 0xfc, 0x0,
    0x0, 0xc, 0xff, 0x20, 0x0, 0xdf, 0xc0, 0x0,
    0x2, 0x44, 0x0, 0xe, 0xfc, 0x0, 0x0, 0x7f,
    0xfa, 0x0, 0x0, 0xdf, 0xc0, 0x0, 0x0, 0x0,
    0x0, 0xe, 0xfc, 0x0, 0x6, 0xff, 0xf2, 0x0,
    0x0, 0xdf, 0xc0, 0x0, 0x0, 0x6, 0x76, 0x7f,
    0xfc, 0x0, 0x7f, 0xff, 0x50, 0x0, 0x0, 0xdf,
    0xc0, 0x0, 0x0, 0xa, 0xff, 0xff, 0xf9, 0x0,
    0xb, 0xf5, 0x0, 0x0, 0x0, 0x9b, 0xdc, 0xc3,
    0x0, 0x4, 0xff, 0xfd, 0x90, 0x0, 0x0, 0x20,
    0x0, 0x0, 0x0, 0x0, 0x9f, 0xf4, 0x0, 0x0,
    0x0, 0x0, 0x0, 0x0, 0x0, 0x0, 0x0, 0x0,
    0x0, 0x0, 0x9f, 0xf4, 0x0, 0x0, 0x0, 0x0,
    0x0, 0x0, 0x0, 0xa, 0xff, 0xff, 0xff, 0xff,
    0xff, 0xff, 0xff, 0xff, 0xff, 0xff, 0x30, 0x0,
    0x0, 0xb, 0xff, 0xff, 0xff, 0xff, 0xff, 0xff,
    0xff, 0xff, 0xff, 0xff, 0x30, 0x0, 0x0, 0x7,
    0xaa, 0xaa, 0xaa, 0xaa, 0xdf, 0xfc, 0xaa, 0xaa,
    0xaa, 0xaa, 0x20, 0x0, 0x0, 0x0, 0x0, 0x0,
    0x0, 0x0, 0x9f, 0xf4, 0x0, 0x0, 0x0, 0x0,
    0x0, 0x0, 0x0, 0x0, 0x0, 0x0, 0x0, 0x0,
    0x9f, 0xf4, 0x0, 0x0, 0x0, 0x0, 0x0, 0x0,
    0x0, 0x0, 0x0, 0x0, 0x0, 0x0, 0x9f, 0xf5,
    0x0, 0x0, 0x0, 0x0, 0x0, 0x0, 0xcf, 0xff,
    0xff, 0xff, 0xff, 0xff, 0xff, 0xff, 0xff, 0xff,
    0xff, 0xff, 0xff, 0xf5, 0xcf, 0xff, 0xff, 0xff,
    0xff, 0xff, 0xff, 0xff, 0xff, 0xff, 0xff, 0xff,
    0xff, 0xf5, 0x78, 0x88, 0x88, 0x88, 0x88, 0x88,
    0x88, 0x88, 0x88, 0x88, 0x88, 0x88, 0x88, 0x83,

    /* U+57FA "基" */
    0x0, 0x0, 0x0, 0x4, 0x43, 0x0, 0x0, 0x0,
    0x0, 0x0, 0x44, 0x40, 0x0, 0x0, 0x0, 0x0,
    0x0, 0x0, 0xf, 0xfc, 0x0, 0x0, 0x0, 0x0,
    0x0, 0xef, 0xe0, 0x0, 0x0, 0x0, 0x0, 0x0,
    0x0, 0xf, 0xfc, 0x0, 0x0, 0x0, 0x0, 0x0,
    0xef, 0xe0, 0x0, 0x0, 0x0, 0x0, 0x6e, 0xee,
    0xef, 0xff, 0xee, 0xee, 0xee, 0xee, 0xee, 0xff,
    0xfe, 0xee, 0xe4, 0x0, 0x0, 0x7f, 0xff, 0xff,
    0xff, 0xff, 0xff, 0xff, 0xff, 0xff, 0xff, 0xff,
    0xff, 0xf5, 0x0, 0x0, 0x26, 0x66, 0x6f, 0xfd,
    0x66, 0x66, 0x66, 0x66, 0x66, 0xff, 0xf6, 0x66,
    0x62, 0x0, 0x0, 0x0, 0x0, 0xf, 0xfc, 0x0,
    0x0, 0x0, 0x0, 0x0, 0xef, 0xe0, 0x0, 0x0,
    0x0, 0x0, 0x0, 0x0, 0xf, 0xff, 0xdd, 0xdd,
    0xdd, 0xdd, 0xdd, 0xff, 0xe0, 0x0, 0x0, 0x0,
    0x0, 0x0, 0x0, 0xf, 0xff, 0xff, 0xff, 0xff,
    0xff, 0xff, 0xff, 0xe0, 0x0, 0x0, 0x0, 0x0,
    0x0, 0x0, 0xf, 0xfd, 0x22, 0x22, 0x22, 0x22,
    0x22, 0xff, 0xe0, 0x0, 0x0, 0x0, 0x0, 0x0,
    0x0, 0xf, 0xfc, 0x0, 0x0, 0x0, 0x0, 0x0,
    0xef, 0xe0, 0x0, 0x0, 0x0, 0x0, 0x0, 0x0,
    0xf, 0xff, 0xff, 0xff, 0xff, 0xff, 0xff, 0xff,
    0xe0, 0x0, 0x0, 0x0, 0x0, 0x0, 0x0, 0xf,
    0xff, 0xff, 0xff, 0xff, 0xff, 0xff, 0xff, 0xe0,
    0x0, 0x0, 0x0, 0x0, 0x0, 0x0, 0xf, 0xfc,
    0x11, 0x11, 0x11, 0x11, 0x11, 0xff, 0xe0, 0x0,
    0x0, 0x0, 0x0, 0x0, 0x0, 0xf, 0xfc, 0x0,
    0x0, 0x0, 0x0, 0x0, 0xff, 0xf0, 0x0, 0x0,
    0x0, 0xe, 0xff, 0xff, 0xff, 0xff, 0xff, 0xff,
    0xff, 0xff, 0xff, 0xff, 0xff, 0xff, 0xff, 0xa0,
    0xe, 0xff, 0xff, 0xff, 0xff, 0xff, 0xff, 0xff,
    0xff, 0xff, 0xff, 0xff, 0xff, 0xff, 0xa0, 0x5,
    0x55, 0x55, 0x6f, 0xff, 0x85, 0x55, 0x55, 0x55,
    0x57, 0xff, 0xe6, 0x55, 0x55, 0x30, 0x0, 0x0,
    0x1, 0xdf, 0xf9, 0x0, 0x6, 0x99, 0x20, 0x0,
    0x9f, 0xfd, 0x10, 0x0, 0x0, 0x0, 0x0, 0x2e,
    0xff, 0xc0, 0x0, 0x9, 0xff, 0x30, 0x0, 0xb,
    0xff, 0xe3, 0x0, 0x0, 0x0, 0x6, 0xff, 0xff,
    0x76, 0x66, 0x6c, 0xff, 0x86, 0x66, 0x66, 0xcf,
    0xff, 0x92, 0x0, 0x4, 0xcf, 0xff, 0xb7, 0xff,
    0xff, 0xff, 0xff, 0xff, 0xff, 0xff, 0x39, 0xff,
    0xff, 0x80, 0xc, 0xff, 0xf8, 0x5, 0xee, 0xee,
    0xef, 0xff, 0xfe, 0xee, 0xee, 0x20, 0x5e, 0xff,
    0x40, 0x0, 0xdb, 0x20, 0x0, 0x0, 0x0, 0x9,
    0xff, 0x30, 0x0, 0x0, 0x0, 0x0, 0x87, 0x0,
    0x0, 0x0, 0x0, 0x0, 0x0, 0x0, 0x9, 0xff,
    0x30, 0x0, 0x0, 0x0, 0x0, 0x0, 0x0, 0x0,
    0x3, 0x77, 0x77, 0x77, 0x77, 0x7c, 0xff, 0x97,
    0x77, 0x77, 0x77, 0x77, 0x20, 0x0, 0x0, 0x6,
    0xff, 0xff, 0xff, 0xff, 0xff, 0xff, 0xff, 0xff,
    0xff, 0xff, 0xff, 0x60, 0x0, 0x0, 0x6, 0xee,
    0xee, 0xee, 0xee, 0xee, 0xee, 0xee, 0xee, 0xee,
    0xee, 0xee, 0x50, 0x0,

    /* U+58F0 "声" */
    0x0, 0x0, 0x0, 0x0, 0x0, 0x0, 0x2, 0x55,
    0x20, 0x0, 0x0, 0x0, 0x0, 0x0, 0x0, 0x0,
    0x0, 0x0, 0x0, 0x0, 0x7, 0xff, 0x50, 0x0,
    0x0, 0x0, 0x0, 0x0, 0x0, 0x0, 0x0, 0x0,
    0x0, 0x0, 0x7, 0xff, 0x50, 0x0, 0x0, 0x0,
    0x0, 0x0, 0x0, 0xff, 0xff, 0xff, 0xff, 0xff,
    0xff, 0xff, 0xff, 0xff, 0xff, 0xff, 0xff, 0xff,
    0x0, 0xff, 0xff, 0xff, 0xff, 0xff, 0xff, 0xff,
    0xff, 0xff, 0xff, 0xff, 0xff, 0xff, 0x0, 0x77,
    0x77, 0x77, 0x77, 0x77, 0x7b, 0xff, 0xa7, 0x77,
    0x77, 0x77, 0x77, 0x77, 0x0, 0x0, 0x0, 0x0,
    0x0, 0x0, 0x7, 0xff, 0x50, 0x0, 0x0, 0x0,
    0x0, 0x0, 0x0, 0x0, 0x0, 0x0, 0x0, 0x0,
    0x8, 0xff, 0x50, 0x0, 0x0, 0x0, 0x0, 0x0,
    0x0, 0x2, 0xff, 0xff, 0xff, 0xff, 0xff, 0xff,
    0xff, 0xff, 0xff, 0xff, 0xff, 0xa0, 0x0, 0x2,
    0xff, 0xff, 0xff, 0xff, 0xff, 0xff, 0xff, 0xff,
    0xff, 0xff, 0xff, 0xa0, 0x0, 0x1, 0x66, 0x66,
    0x66, 0x66, 0x66, 0x66, 0x66, 0x66, 0x66, 0x66,
    0x66, 0x40, 0x0, 0x0, 0x0, 0x0, 0x0, 0x0,
    0x0, 0x0, 0x0, 0x0, 0x0, 0x0, 0x0, 0x0,
    0x0, 0x0, 0x36, 0x66, 0x66, 0x66, 0x66, 0x66,
    0x66, 0x66, 0x66, 0x66, 0x66, 0x0, 0x0, 0x0,
    0x8f, 0xff, 0xff, 0xff, 0xff, 0xff, 0xff, 0xff,
    0xff, 0xff, 0xff, 0x10, 0x0, 0x0, 0x8f, 0xff,
    0xff, 0xff, 0xff, 0xff, 0xff, 0xff, 0xff, 0xff,
    0xff, 0x10, 0x0, 0x0, 0x8f, 0xf3, 0x0, 0x0,
    0x6, 0xff, 0x40, 0x0, 0x0, 0xb, 0xff, 0x10,
    0x0, 0x0, 0x9f, 0xf3, 0x0, 0x0, 0x6, 0xff,
    0x40, 0x0, 0x0, 0xb, 0xff, 0x10, 0x0, 0x0,
    0x9f, 0xf2, 0x0, 0x0, 0x6, 0xff, 0x40, 0x0,
    0x0, 0xb, 0xff, 0x10, 0x0, 0x0, 0xaf, 0xf5,
    0x33, 0x33, 0x39, 0xff, 0x73, 0x33, 0x33, 0x3c,
    0xff, 0x10, 0x0, 0x0, 0xcf, 0xff, 0xff, 0xff,
    0xff, 0xff, 0xff, 0xff, 0xff, 0xff, 0xff, 0x10,
    0x0, 0x0, 0xff, 0xff, 0xff, 0xff, 0xff, 0xff,
    0xff, 0xff, 0xff, 0xff, 0xff, 0x10, 0x0, 0x2,
    0xff, 0xb3, 0x33, 0x33, 0x33, 0x33, 0x33, 0x33,
    0x33, 0x3c, 0xff, 0x10, 0x0, 0x8, 0xff, 0x70,
    0x0, 0x0, 0x0, 0x0, 0x0, 0x0, 0x0, 0xa,
    0xee, 0x10, 0x0, 0xe, 0xff, 0x20, 0x0, 0x0,
    0x0, 0x0, 0x0, 0x0, 0x0, 0x0, 0x0, 0x0,
    0x0, 0x6f, 0xfc, 0x0, 0x0, 0x0, 0x0, 0x0,
    0x0, 0x0, 0x0, 0x0, 0x0, 0x0, 0x1, 0xef,
    0xf4, 0x0, 0x0, 0x0, 0x0, 0x0, 0x0, 0x0,
    0x0, 0x0, 0x0, 0x0, 0xd, 0xff, 0xb0, 0x0,
    0x0, 0x0, 0x0, 0x0, 0x0, 0x0, 0x0, 0x0,
    0x0, 0x0, 0x8, 0xfe, 0x20, 0x0, 0x0, 0x0,
    0x0, 0x0, 0x0, 0x0, 0x0, 0x0, 0x0, 0x0,
    0x0, 0x63, 0x0, 0x0, 0x0, 0x0, 0x0, 0x0,
    0x0, 0x0, 0x0, 0x0, 0x0, 0x0,

    /* U+5904 "处" */
    0x0, 0x0, 0x0, 0x10, 0x0, 0x0, 0x0, 0x0,
    0x0, 0x44, 0x40, 0x0, 0x0, 0x0, 0x0, 0x0,
    0x0, 0x0, 0xee, 0xb1, 0x0, 0x0, 0x0, 0x0,
    0xef, 0xf1, 0x0, 0x0, 0x0, 0x0, 0x0, 0x0,
    0x1, 0xff, 0xf0, 0x0, 0x0, 0x0, 0x0, 0xef,
    0xf1, 0x0, 0x0, 0x0, 0x0, 0x0, 0x0, 0x4,
    0xff, 0xc0, 0x0, 0x0, 0x0, 0x0, 0xef, 0xf1,
    0x0, 0x0, 0x0, 0x0, 0x0, 0x0, 0x6, 0xff,
    0x90, 0x0, 0x0, 0x0, 0x0, 0xef, 0xf1, 0x0,
    0x0, 0x0, 0x0, 0x0, 0x0, 0xa, 0xff, 0xc9,
    0x99, 0x99, 0x61, 0x0, 0xef, 0xf1, 0x0, 0x0,
    0x0, 0x0, 0x0, 0x0, 0xe, 0xff, 0xff, 0xff,
    0xff, 0xf6, 0x0, 0xef, 0xf1, 0x0, 0x0, 0x0,
    0x0, 0x0, 0x0, 0x3f, 0xff, 0xff, 0xff, 0xff,
    0xf4, 0x0, 0xef, 0xf2, 0x0, 0x0, 0x0, 0x0,
    0x0, 0x0, 0x7f, 0xf9, 0x0, 0x0, 0xcf, 0xf2,
    0x0, 0xef, 0xfe, 0x70, 0x0, 0x0, 0x0, 0x0,
    0x0, 0xcf, 0xf3, 0x0, 0x0, 0xff, 0xf0, 0x0,
    0xef, 0xff, 0xf5, 0x0, 0x0, 0x0, 0x0, 0x2,
    0xff, 0xf0, 0x0, 0x2, 0xff, 0xd0, 0x0, 0xef,
    0xff, 0xff, 0x30, 0x0, 0x0, 0x0, 0x8, 0xff,
    0xf4, 0x0, 0x6, 0xff, 0x90, 0x0, 0xef, 0xf9,
    0xff, 0xe1, 0x0, 0x0, 0x0, 0xe, 0xff, 0xf9,
    0x0, 0x9, 0xff, 0x50, 0x0, 0xef, 0xf1, 0xbf,
    0xfc, 0x0, 0x0, 0x0, 0x7f, 0xff, 0xfe, 0x0,
    0xd, 0xff, 0x20, 0x0, 0xef, 0xf1, 0x1d, 0xff,
    0x80, 0x0, 0x1, 0xff, 0xf9, 0xff, 0x30, 0x2f,
    0xfd, 0x0, 0x0, 0xef, 0xf1, 0x3, 0xff, 0xf4,
    0x0, 0x6, 0xff, 0x90, 0xff, 0xa0, 0x8f, 0xf8,
    0x0, 0x0, 0xef, 0xf1, 0x0, 0x7f, 0xfe, 0x10,
    0x0, 0x4d, 0x10, 0xaf, 0xf2, 0xef, 0xf3, 0x0,
    0x0, 0xef, 0xf1, 0x0, 0xd, 0xf7, 0x0, 0x0,
    0x0, 0x0, 0x3f, 0xfd, 0xff, 0xd0, 0x0, 0x0,
    0xef, 0xf1, 0x0, 0x2, 0x10, 0x0, 0x0, 0x0,
    0x0, 0xb, 0xff, 0xff, 0x60, 0x0, 0x0, 0xef,
    0xf1, 0x0, 0x0, 0x0, 0x0, 0x0, 0x0, 0x0,
    0x3, 0xff, 0xfe, 0x0, 0x0, 0x0, 0xef, 0xf1,
    0x0, 0x0, 0x0, 0x0, 0x0, 0x0, 0x0, 0x1,
    0xff, 0xfc, 0x0, 0x0, 0x0, 0xef, 0xf1, 0x0,
    0x0, 0x0, 0x0, 0x0, 0x0, 0x0, 0xc, 0xff,
    0xff, 0xb0, 0x0, 0x0, 0xef, 0xf1, 0x0, 0x0,
    0x0, 0x0, 0x0, 0x0, 0x0, 0x9f, 0xff, 0xff,
    0xfd, 0x30, 0x0, 0xef, 0xf1, 0x0, 0x0, 0x0,
    0x0, 0x0, 0x0, 0x9, 0xff, 0xf7, 0x4f, 0xff,
    0xfb, 0x30, 0x0, 0x0, 0x0, 0x0, 0x0, 0x0,
    0x0, 0x1, 0xbf, 0xff, 0xa0, 0x3, 0xef, 0xff,
    0xfd, 0xa6, 0x32, 0x10, 0x0, 0x0, 0x10, 0x0,
    0x5e, 0xff, 0xfa, 0x0, 0x0, 0x19, 0xff, 0xff,
    0xff, 0xff, 0xff, 0xff, 0xff, 0xd0, 0xb, 0xff,
    0xff, 0x80, 0x0, 0x0, 0x0, 0x19, 0xff, 0xff,
    0xff, 0xff, 0xff, 0xff, 0x60, 0x2, 0xef, 0xd3,
    0x0, 0x0, 0x0, 0x0, 0x0, 0x3, 0x6a, 0xbc,
    0xde, 0xee, 0xee, 0x10, 0x0, 0x28, 0x0, 0x0,
    0x0, 0x0, 0x0, 0x0, 0x0, 0x0, 0x0, 0x0,
    0x0, 0x0, 0x0,

    /* U+5907 "备" */
    0x0, 0x0, 0x0, 0x0, 0x0, 0x7, 0x41, 0x0,
    0x0, 0x0, 0x0, 0x0, 0x0, 0x0, 0x0, 0x0,
    0x0, 0x0, 0x0, 0x0, 0x9f, 0xfd, 0x0, 0x0,
    0x0, 0x0, 0x0, 0x0, 0x0, 0x0, 0x0, 0x0,
    0x0, 0x0, 0x5, 0xff, 0xf3, 0x0, 0x0, 0x0,
    0x0, 0x0, 0x0, 0x0, 0x0, 0x0, 0x0, 0x0,
    0x0, 0x5f, 0xff, 0xff, 0xff, 0xff, 0xff, 0xff,
    0xfa, 0x10, 0x0, 0x0, 0x0, 0x0, 0x0, 0x6,
    0xff, 0xff, 0xff, 0xff, 0xff, 0xff, 0xff, 0xff,
    0x50, 0x0, 0x0, 0x0, 0x0, 0x1, 0xaf, 0xff,
    0xb8, 0x88, 0x88, 0x88, 0x89, 0xff, 0xfa, 0x0,
    0x0, 0x0, 0x0, 0x0, 0x5e, 0xff, 0xff, 0xe3,
    0x0, 0x0, 0x0, 0x2d, 0xff, 0xc0, 0x0, 0x0,
    0x0, 0x0, 0x4c, 0xff, 0xfd, 0xcf, 0xff, 0x70,
    0x0, 0x4, 0xef, 0xfd, 0x10, 0x0, 0x0, 0x0,
    0x0, 0x4f, 0xff, 0x80, 0x8, 0xff, 0xfd, 0x41,
    0xaf, 0xff, 0xa0, 0x0, 0x0, 0x0, 0x0, 0x0,
    0x5, 0xc2, 0x0, 0x0, 0x4e, 0xff, 0xff, 0xff,
    0xf7, 0x0, 0x0, 0x0, 0x0, 0x0, 0x0, 0x0,
    0x0, 0x0, 0x0, 0x6, 0xff, 0xff, 0xff, 0xb3,
    0x0, 0x0, 0x0, 0x0, 0x0, 0x0, 0x0, 0x0,
    0x1, 0x6b, 0xff, 0xff, 0xff, 0xff, 0xff, 0xfa,
    0x62, 0x0, 0x0, 0x0, 0x0, 0x14, 0x79, 0xcf,
    0xff, 0xff, 0xfb, 0x53, 0x8e, 0xff, 0xff, 0xff,
    0xfc, 0xa7, 0x51, 0xd, 0xff, 0xff, 0xff, 0xff,
    0xd7, 0x10, 0x0, 0x0, 0x49, 0xff, 0xff, 0xff,
    0xff, 0xe1, 0x7, 0xff, 0xff, 0xfc, 0x83, 0x0,
    0x0, 0x0, 0x0, 0x0, 0x4, 0x7b, 0xef, 0xff,
    0x40, 0x1, 0xda, 0x7b, 0x88, 0x88, 0x88, 0x88,
    0x88, 0x88, 0x88, 0x88, 0x88, 0x81, 0x46, 0x0,
    0x0, 0x0, 0x1f, 0xff, 0xff, 0xff, 0xff, 0xff,
    0xff, 0xff, 0xff, 0xff, 0xf1, 0x0, 0x0, 0x0,
    0x0, 0x1f, 0xff, 0xff, 0xff, 0xff, 0xff, 0xff,
    0xff, 0xff, 0xff, 0xf1, 0x0, 0x0, 0x0, 0x0,
    0x1f, 0xfd, 0x0, 0x0, 0x3, 0xff, 0xa0, 0x0,
    0x0, 0xff, 0xf1, 0x0, 0x0, 0x0, 0x0, 0x1f,
    0xfd, 0x0, 0x0, 0x3, 0xff, 0xa0, 0x0, 0x0,
    0xff, 0xf1, 0x0, 0x0, 0x0, 0x0, 0x1f, 0xff,
    0xff, 0xff, 0xff, 0xff, 0xff, 0xff, 0xff, 0xff,
    0xf1, 0x0, 0x0, 0x0, 0x0, 0x1f, 0xff, 0xff,
    0xff, 0xff, 0xff, 0xff, 0xff, 0xff, 0xff, 0xf1,
    0x0, 0x0, 0x0, 0x0, 0x1f, 0xfe, 0x44, 0x44,
    0x47, 0xff, 0xc4, 0x44, 0x44, 0xff, 0xf1, 0x0,
    0x0, 0x0, 0x0, 0x1f, 0xfd, 0x0, 0x0, 0x3,
    0xff, 0xa0, 0x0, 0x0, 0xff, 0xf1, 0x0, 0x0,
    0x0, 0x0, 0x1f, 0xfd, 0x0, 0x0, 0x3, 0xff,
    0xa0, 0x0, 0x0, 0xff, 0xf1, 0x0, 0x0, 0x0,
    0x0, 0x1f, 0xff, 0xff, 0xff, 0xff, 0xff, 0xff,
    0xff, 0xff, 0xff, 0xf1, 0x0, 0x0, 0x0, 0x0,
    0x1f, 0xff, 0xff, 0xff, 0xff, 0xff, 0xff, 0xff,
    0xff, 0xff, 0xf1, 0x0, 0x0, 0x0, 0x0, 0x1f,
    0xfe, 0x88, 0x88, 0x88, 0x88, 0x88, 0x88, 0x88,
    0xff, 0xf1, 0x0, 0x0,

    /* U+590D "复" */
    0x0, 0x0, 0x0, 0x0, 0x0, 0x0, 0x0, 0x0,
    0x0, 0x0, 0x0, 0x0, 0x0, 0x0, 0x0, 0x0,
    0x0, 0x0, 0xae, 0x91, 0x0, 0x0, 0x0, 0x0,
    0x0, 0x0, 0x0, 0x0, 0x0, 0x0, 0x0, 0x0,
    0x4f, 0xfc, 0x0, 0x0, 0x0, 0x0, 0x0, 0x0,
    0x0, 0x0, 0x0, 0x0, 0x0, 0x0, 0x1e, 0xff,
    0x96, 0x66, 0x66, 0x66, 0x66, 0x66, 0x66, 0x66,
    0x66, 0x0, 0x0, 0x0, 0xc, 0xff, 0xff, 0xff,
    0xff, 0xff, 0xff, 0xff, 0xff, 0xff, 0xff, 0xf2,
    0x0, 0x0, 0x1c, 0xff, 0xff, 0xff, 0xff, 0xff,
    0xff, 0xff, 0xff, 0xff, 0xff, 0xff, 0x20, 0x0,
    0x2d, 0xff, 0xe2, 0x0, 0x0, 0x0, 0x0, 0x0,
    0x0, 0x0, 0x0, 0x0, 0x0, 0x0, 0x4f, 0xff,
    0xec, 0xcc, 0xcc, 0xcc, 0xcc, 0xcc, 0xcc, 0xcc,
    0xcc, 0xcc, 0x0, 0x0, 0x2, 0xef, 0xd2, 0xcf,
    0xff, 0xff, 0xff, 0xff, 0xff, 0xff, 0xff, 0xff,
    0xf1, 0x0, 0x0, 0x4, 0xb1, 0xc, 0xff, 0x32,
    0x22, 0x22, 0x22, 0x22, 0x22, 0x2e, 0xff, 0x10,
    0x0, 0x0, 0x0, 0x0, 0xcf, 0xf0, 0x0, 0x0,
    0x0, 0x0, 0x0, 0x0, 0xef, 0xf1, 0x0, 0x0,
    0x0, 0x0, 0xc, 0xff, 0xff, 0xff, 0xff, 0xff,
    0xff, 0xff, 0xff, 0xff, 0x10, 0x0, 0x0, 0x0,
    0x0, 0xcf, 0xfe, 0xee, 0xee, 0xee, 0xee, 0xee,
    0xee, 0xff, 0xf1, 0x0, 0x0, 0x0, 0x0, 0xc,
    0xff, 0x0, 0x0, 0x0, 0x0, 0x0, 0x0, 0xe,
    0xff, 0x10, 0x0, 0x0, 0x0, 0x0, 0xcf, 0xf3,
    0x22, 0x22, 0x22, 0x22, 0x22, 0x22, 0xef, 0xf1,
    0x0, 0x0, 0x0, 0x0, 0xc, 0xff, 0xff, 0xff,
    0xff, 0xff, 0xff, 0xff, 0xff, 0xff, 0x10, 0x0,
    0x0, 0x0, 0x0, 0xac, 0xce, 0xff, 0xdc, 0xcc,
    0xcc, 0xcc, 0xcc, 0xcc, 0xc0, 0x0, 0x0, 0x0,
    0x0, 0x0, 0x4, 0xff, 0xc0, 0x0, 0x0, 0x0,
    0x0, 0x0, 0x0, 0x0, 0x0, 0x0, 0x0, 0x0,
    0x5, 0xff, 0xff, 0xff, 0xff, 0xff, 0xff, 0xff,
    0xfb, 0x20, 0x0, 0x0, 0x0, 0x0, 0x8, 0xff,
    0xff, 0xff, 0xff, 0xff, 0xff, 0xff, 0xff, 0xf4,
    0x0, 0x0, 0x0, 0x0, 0x5e, 0xff, 0xff, 0xa2,
    0x22, 0x22, 0x22, 0x26, 0xff, 0xf5, 0x0, 0x0,
    0x0, 0x1, 0xcf, 0xff, 0x87, 0xff, 0xb1, 0x0,
    0x0, 0x19, 0xff, 0xf6, 0x0, 0x0, 0x0, 0x0,
    0x7, 0xfe, 0x40, 0x6, 0xff, 0xf9, 0x21, 0x8f,
    0xff, 0xd4, 0x0, 0x0, 0x0, 0x0, 0x0, 0x5,
    0x10, 0x0, 0x2, 0xcf, 0xff, 0xff, 0xff, 0x80,
    0x0, 0x0, 0x0, 0x0, 0x0, 0x0, 0x0, 0x0,
    0x25, 0x9c, 0xff, 0xff, 0xff, 0xe9, 0x63, 0x0,
    0x0, 0x0, 0x0, 0x34, 0x68, 0xac, 0xff, 0xff,
    0xff, 0xfd, 0xbf, 0xff, 0xff, 0xff, 0xdb, 0xa9,
    0x74, 0xc, 0xff, 0xff, 0xff, 0xff, 0xea, 0x51,
    0x0, 0x4, 0x9d, 0xff, 0xff, 0xff, 0xff, 0x30,
    0x5f, 0xff, 0xdb, 0x96, 0x30, 0x0, 0x0, 0x0,
    0x0, 0x2, 0x57, 0x9b, 0xef, 0xa0, 0x0, 0x42,
    0x0, 0x0, 0x0, 0x0, 0x0, 0x0, 0x0, 0x0,
    0x0, 0x0, 0x0, 0x0, 0x0,

    /* U+5927 "大" */
    0x0, 0x0, 0x0, 0x0, 0x0, 0x0, 0x24, 0x43,
    0x0, 0x0, 0x0, 0x0, 0x0, 0x0, 0x0, 0x0,
    0x0, 0x0, 0x0, 0x0, 0x7, 0xff, 0xa0, 0x0,
    0x0, 0x0, 0x0, 0x0, 0x0, 0x0, 0x0, 0x0,
    0x0, 0x0, 0x0, 0x7f, 0xf9, 0x0, 0x0, 0x0,
    0x0, 0x0, 0x0, 0x0, 0x0, 0x0, 0x0, 0x0,
    0x0, 0x7, 0xff, 0x90, 0x0, 0x0, 0x0, 0x0,
    0x0, 0x0, 0x0, 0x0, 0x0, 0x0, 0x0, 0x0,
    0x7f, 0xf9, 0x0, 0x0, 0x0, 0x0, 0x0, 0x0,
    0x0, 0x0, 0x0, 0x0, 0x0, 0x0, 0x8, 0xff,
    0x80, 0x0, 0x0, 0x0, 0x0, 0x0, 0x0, 0x0,
    0x0, 0x0, 0x0, 0x0, 0x0, 0x9f, 0xf6, 0x0,
    0x0, 0x0, 0x0, 0x0, 0x0, 0x0, 0x0, 0x0,
    0x0, 0x0, 0x0, 0xb, 0xff, 0x50, 0x0, 0x0,
    0x0, 0x0, 0x0, 0x0, 0x0, 0x0, 0x0, 0x0,
    0x0, 0x0, 0xcf, 0xf4, 0x0, 0x0, 0x0, 0x0,
    0x0, 0x0, 0x1, 0xff, 0xff, 0xff, 0xff, 0xff,
    0xff, 0xff, 0xff, 0xff, 0xff, 0xff, 0xff, 0xff,
    0x60, 0x1f, 0xff, 0xff, 0xff, 0xff, 0xff, 0xff,
    0xff, 0xff, 0xff, 0xff, 0xff, 0xff, 0xf6, 0x1,
    0xff, 0xff, 0xff, 0xff, 0xff, 0xff, 0xff, 0xff,
    0xff, 0xff, 0xff, 0xff, 0xff, 0x60, 0x0, 0x0,
    0x0, 0x0, 0x0, 0x7, 0xff, 0xff, 0x90, 0x0,
    0x0, 0x0, 0x0, 0x0, 0x0, 0x0, 0x0, 0x0,
    0x0, 0x0, 0xcf, 0xff, 0xff, 0x0, 0x0, 0x0,
    0x0, 0x0, 0x0, 0x0, 0x0, 0x0, 0x0, 0x0,
    0x1f, 0xff, 0xef, 0xf6, 0x0, 0x0, 0x0, 0x0,
    0x0, 0x0, 0x0, 0x0, 0x0, 0x0, 0x6, 0xff,
    0xd6, 0xff, 0xd0, 0x0, 0x0, 0x0, 0x0, 0x0,
    0x0, 0x0, 0x0, 0x0, 0x0, 0xcf, 0xf7, 0xe,
    0xff, 0x40, 0x0, 0x0, 0x0, 0x0, 0x0, 0x0,
    0x0, 0x0, 0x0, 0x4f, 0xff, 0x10, 0x7f, 0xfd,
    0x0, 0x0, 0x0, 0x0, 0x0, 0x0, 0x0, 0x0,
    0x0, 0xc, 0xff, 0xa0, 0x1, 0xff, 0xf9, 0x0,
    0x0, 0x0, 0x0, 0x0, 0x0, 0x0, 0x0, 0x7,
    0xff, 0xf2, 0x0, 0x7, 0xff, 0xf3, 0x0, 0x0,
    0x0, 0x0, 0x0, 0x0, 0x0, 0x3, 0xff, 0xf7,
    0x0, 0x0, 0xc, 0xff, 0xd1, 0x0, 0x0, 0x0,
    0x0, 0x0, 0x0, 0x2, 0xef, 0xfd, 0x0, 0x0,
    0x0, 0x2f, 0xff, 0xd1, 0x0, 0x0, 0x0, 0x0,
    0x0, 0x3, 0xef, 0xff, 0x30, 0x0, 0x0, 0x0,
    0x7f, 0xff, 0xd1, 0x0, 0x0, 0x0, 0x0, 0x5,
    0xff, 0xff, 0x40, 0x0, 0x0, 0x0, 0x0, 0x9f,
    0xff, 0xe3, 0x0, 0x0, 0x0, 0x1a, 0xff, 0xff,
    0x50, 0x0, 0x0, 0x0, 0x0, 0x0, 0x9f, 0xff,
    0xfa, 0x10, 0x0, 0x8f, 0xff, 0xfe, 0x40, 0x0,
    0x0, 0x0, 0x0, 0x0, 0x0, 0x9f, 0xff, 0xff,
    0x70, 0x4f, 0xff, 0xfb, 0x10, 0x0, 0x0, 0x0,
    0x0, 0x0, 0x0, 0x0, 0x5e, 0xff, 0xf5, 0x0,
    0x4f, 0xe5, 0x0, 0x0, 0x0, 0x0, 0x0, 0x0,
    0x0, 0x0, 0x0, 0x19, 0xf8, 0x0, 0x0, 0x30,
    0x0, 0x0, 0x0, 0x0, 0x0, 0x0, 0x0, 0x0,
    0x0, 0x0, 0x3, 0x0, 0x0,

    /* U+5934 "头" */
    0x0, 0x0, 0x0, 0x0, 0x0, 0x0, 0x0, 0x1,
    0x11, 0x0, 0x0, 0x0, 0x0, 0x0, 0x0, 0x0,
    0x0, 0x0, 0x0, 0x0, 0x0, 0x2f, 0xfc, 0x0,
    0x0, 0x0, 0x0, 0x0, 0x0, 0x0, 0x5, 0xfa,
    0x30, 0x0, 0x0, 0x2f, 0xfc, 0x0, 0x0, 0x0,
    0x0, 0x0, 0x0, 0x0, 0x1f, 0xff, 0xfd, 0x50,
    0x0, 0x2f, 0xfb, 0x0, 0x0, 0x0, 0x0, 0x0,
    0x0, 0x0, 0x3, 0xaf, 0xff, 0xfc, 0x30, 0x2f,
    0xfb, 0x0, 0x0, 0x0, 0x0, 0x0, 0x0, 0x0,
    0x0, 0x2, 0x9f, 0xff, 0xe0, 0x3f, 0xfb, 0x0,
    0x0, 0x0, 0x0, 0x0, 0x0, 0x0, 0x0, 0x0,
    0x3, 0xcf, 0x50, 0x3f, 0xfb, 0x0, 0x0, 0x0,
    0x0, 0x0, 0x0, 0x4, 0x20, 0x0, 0x0, 0x5,
    0x0, 0x3f, 0xfa, 0x0, 0x0, 0x0, 0x0, 0x0,
    0x0, 0x4f, 0xfb, 0x40, 0x0, 0x0, 0x0, 0x4f,
    0xfa, 0x0, 0x0, 0x0, 0x0, 0x0, 0x0, 0xaf,
    0xff, 0xfd, 0x40, 0x0, 0x0, 0x5f, 0xf8, 0x0,
    0x0, 0x0, 0x0, 0x0, 0x0, 0x2, 0xaf, 0xff,
    0xfa, 0x10, 0x0, 0x6f, 0xf6, 0x0, 0x0, 0x0,
    0x0, 0x0, 0x0, 0x0, 0x2, 0xbf, 0xff, 0x40,
    0x0, 0x7f, 0xf5, 0x0, 0x0, 0x0, 0x0, 0x0,
    0x0, 0x0, 0x0, 0x5, 0xe7, 0x0, 0x0, 0xaf,
    0xf3, 0x0, 0x0, 0x0, 0x0, 0x0, 0x0, 0x0,
    0x0, 0x0, 0x10, 0x0, 0x0, 0xcf, 0xf1, 0x0,
    0x0, 0x0, 0x0, 0x0, 0x2b, 0xbb, 0xbb, 0xbb,
    0xbb, 0xbb, 0xbb, 0xff, 0xfb, 0xbb, 0xbb, 0xbb,
    0xbb, 0xb8, 0x2f, 0xff, 0xff, 0xff, 0xff, 0xff,
    0xff, 0xff, 0xff, 0xff, 0xff, 0xff, 0xff, 0xfb,
    0x2f, 0xff, 0xff, 0xff, 0xff, 0xff, 0xff, 0xff,
    0xff, 0xff, 0xff, 0xff, 0xff, 0xfa, 0x0, 0x0,
    0x0, 0x0, 0x0, 0x0, 0xe, 0xff, 0x20, 0x0,
    0x0, 0x0, 0x0, 0x0, 0x0, 0x0, 0x0, 0x0,
    0x0, 0x0, 0x8f, 0xfa, 0x0, 0x0, 0x0, 0x0,
    0x0, 0x0, 0x0, 0x0, 0x0, 0x0, 0x0, 0x1,
    0xff, 0xf3, 0x23, 0x0, 0x0, 0x0, 0x0, 0x0,
    0x0, 0x0, 0x0, 0x0, 0x0, 0xc, 0xff, 0xc0,
    0xdf, 0xa2, 0x0, 0x0, 0x0, 0x0, 0x0, 0x0,
    0x0, 0x0, 0x0, 0xbf, 0xff, 0x25, 0xff, 0xff,
    0xa2, 0x0, 0x0, 0x0, 0x0, 0x0, 0x0, 0x0,
    0x2c, 0xff, 0xf5, 0x0, 0x2a, 0xff, 0xff, 0x91,
    0x0, 0x0, 0x0, 0x0, 0x0, 0x7, 0xff, 0xff,
    0x50, 0x0, 0x0, 0x3c, 0xff, 0xfe, 0x50, 0x0,
    0x0, 0x0, 0x17, 0xef, 0xff, 0xe3, 0x0, 0x0,
    0x0, 0x0, 0x5d, 0xff, 0xfb, 0x10, 0x2, 0x6b,
    0xff, 0xff, 0xf9, 0x10, 0x0, 0x0, 0x0, 0x0,
    0x0, 0x9f, 0xff, 0xe3, 0x1e, 0xff, 0xff, 0xfa,
    0x20, 0x0, 0x0, 0x0, 0x0, 0x0, 0x0, 0x4,
    0xef, 0xf4, 0x3, 0xff, 0xc7, 0x10, 0x0, 0x0,
    0x0, 0x0, 0x0, 0x0, 0x0, 0x0, 0x1c, 0x60,
    0x0, 0x41, 0x0, 0x0, 0x0, 0x0, 0x0, 0x0,
    0x0, 0x0, 0x0, 0x0, 0x0, 0x0,

    /* U+597D "好" */
    0x0, 0x0, 0x0, 0x0, 0x0, 0x0, 0x0, 0x0,
    0x0, 0x0, 0x0, 0x0, 0x0, 0x0, 0x0, 0x0,
    0x0, 0xff, 0xb0, 0x0, 0x0, 0x0, 0x0, 0x0,
    0x0, 0x0, 0x0, 0x0, 0x0, 0x0, 0x0, 0x2f,
    0xfa, 0x0, 0x0, 0x0, 0x0, 0x0, 0x0, 0x0,
    0x0, 0x1, 0x10, 0x0, 0x0, 0x5, 0xff, 0x70,
    0x0, 0x0, 0xc, 0xff, 0xff, 0xff, 0xff, 0xff,
    0xff, 0x50, 0x0, 0x0, 0x7f, 0xf4, 0x0, 0x0,
    0x0, 0xcf, 0xff, 0xff, 0xff, 0xff, 0xff, 0xfe,
    0x0, 0x0, 0x9, 0xff, 0x20, 0x0, 0x0, 0x6,
    0x88, 0x88, 0x88, 0x88, 0xbf, 0xff, 0x30, 0x0,
    0x0, 0xcf, 0xf0, 0x0, 0x1, 0x0, 0x0, 0x0,
    0x0, 0x0, 0x1e, 0xff, 0x70, 0x0, 0xdf, 0xff,
    0xff, 0xff, 0xff, 0xfd, 0x0, 0x0, 0x0, 0x0,
    0xc, 0xff, 0xb0, 0x0, 0xd, 0xff, 0xff, 0xff,
    0xff, 0xff, 0xe0, 0x0, 0x0, 0x0, 0xa, 0xff,
    0xb0, 0x0, 0x0, 0x89, 0xcf, 0xfb, 0x99, 0x9f,
    0xfc, 0x0, 0x0, 0x0, 0xa, 0xff, 0xb0, 0x0,
    0x0, 0x0, 0x9, 0xff, 0x20, 0x1, 0xff, 0xa0,
    0x0, 0x0, 0x5, 0xff, 0xc0, 0x0, 0x0, 0x0,
    0x0, 0xdf, 0xe0, 0x0, 0x4f, 0xf8, 0x0, 0x0,
    0x0, 0x5f, 0xf8, 0x0, 0x0, 0x0, 0x0, 0x1f,
    0xfb, 0x0, 0x7, 0xff, 0x40, 0x0, 0x0, 0x5,
    0xff, 0x80, 0x0, 0x0, 0x0, 0x5, 0xff, 0x70,
    0x0, 0xaf, 0xf2, 0xbb, 0xbb, 0xbb, 0xdf, 0xfe,
    0xbb, 0xbb, 0xbb, 0x0, 0x9f, 0xf2, 0x0, 0xe,
    0xfe, 0x1f, 0xff, 0xff, 0xff, 0xff, 0xff, 0xff,
    0xff, 0xe0, 0xe, 0xfe, 0x0, 0x4, 0xff, 0x91,
    0xff, 0xff, 0xff, 0xff, 0xff, 0xff, 0xff, 0xfe,
    0x3, 0xff, 0xf7, 0x0, 0x9f, 0xf4, 0x0, 0x0,
    0x0, 0x5, 0xff, 0x80, 0x0, 0x0, 0x0, 0xa,
    0xff, 0xfb, 0x2f, 0xfe, 0x0, 0x0, 0x0, 0x0,
    0x5f, 0xf8, 0x0, 0x0, 0x0, 0x0, 0x6, 0xff,
    0xff, 0xff, 0x80, 0x0, 0x0, 0x0, 0x5, 0xff,
    0x80, 0x0, 0x0, 0x0, 0x0, 0x2, 0xdf, 0xff,
    0xf2, 0x0, 0x0, 0x0, 0x0, 0x5f, 0xf8, 0x0,
    0x0, 0x0, 0x0, 0x0, 0x0, 0xcf, 0xff, 0xa0,
    0x0, 0x0, 0x0, 0x5, 0xff, 0x80, 0x0, 0x0,
    0x0, 0x0, 0x0, 0x5f, 0xff, 0xff, 0xc0, 0x0,
    0x0, 0x0, 0x5f, 0xf8, 0x0, 0x0, 0x0, 0x0,
    0x0, 0x3f, 0xff, 0xaf, 0xff, 0xc0, 0x0, 0x0,
    0x5, 0xff, 0x80, 0x0, 0x0, 0x0, 0x0, 0x2e,
    0xff, 0x90, 0x5f, 0xff, 0x20, 0x0, 0x0, 0x5f,
    0xf8, 0x0, 0x0, 0x0, 0x0, 0x7f, 0xff, 0xb0,
    0x0, 0x5f, 0x50, 0x0, 0x0, 0x6, 0xff, 0x80,
    0x0, 0x0, 0x1, 0xdf, 0xff, 0xc0, 0x0, 0x0,
    0x30, 0x0, 0x7a, 0xaa, 0xdf, 0xf8, 0x0, 0x0,
    0x0, 0xa, 0xff, 0x70, 0x0, 0x0, 0x0, 0x0,
    0x6, 0xff, 0xff, 0xff, 0x40, 0x0, 0x0, 0x0,
    0xb, 0x30, 0x0, 0x0, 0x0, 0x0, 0x0, 0x1f,
    0xff, 0xda, 0x50, 0x0, 0x0, 0x0, 0x0, 0x0,
    0x0, 0x0, 0x0, 0x0, 0x0, 0x0, 0x0, 0x0,
    0x0, 0x0, 0x0, 0x0, 0x0,

    /* U+5982 "如" */
    0x0, 0x0, 0x0, 0x0, 0x0, 0x0, 0x0, 0x0,
    0x0, 0x0, 0x0, 0x0, 0x0, 0x0, 0x0, 0x0,
    0xff, 0xb0, 0x0, 0x0, 0x0, 0x0, 0x0, 0x0,
    0x0, 0x0, 0x0, 0x0, 0x0, 0x2f, 0xfa, 0x0,
    0x0, 0x0, 0x0, 0x0, 0x0, 0x0, 0x0, 0x0,
    0x0, 0x0, 0x4, 0xff, 0x70, 0x0, 0x0, 0x0,
    0x0, 0x0, 0x0, 0x0, 0x0, 0x0, 0x0, 0x0,
    0x7f, 0xf5, 0x0, 0x0, 0x0, 0x1f, 0xff, 0xff,
    0xff, 0xff, 0xff, 0xd0, 0x0, 0x9, 0xff, 0x20,
    0x0, 0x0, 0x1, 0xff, 0xff, 0xff, 0xff, 0xff,
    0xfe, 0x0, 0x0, 0xcf, 0xf0, 0x0, 0x1, 0x0,
    0x1f, 0xfe, 0xbb, 0xbb, 0xbb, 0xff, 0xea, 0xff,
    0xff, 0xff, 0xff, 0xff, 0xff, 0x81, 0xff, 0x90,
    0x0, 0x0, 0xe, 0xfe, 0xaf, 0xff, 0xff, 0xff,
    0xff, 0xff, 0xf7, 0x1f, 0xf9, 0x0, 0x0, 0x0,
    0xef, 0xe6, 0x99, 0xcf, 0xfb, 0x99, 0x9c, 0xff,
    0x51, 0xff, 0x90, 0x0, 0x0, 0xe, 0xfe, 0x0,
    0x9, 0xff, 0x20, 0x0, 0x8f, 0xf4, 0x1f, 0xf9,
    0x0, 0x0, 0x0, 0xef, 0xe0, 0x0, 0xdf, 0xe0,
    0x0, 0xb, 0xff, 0x21, 0xff, 0x90, 0x0, 0x0,
    0xe, 0xfe, 0x0, 0x1f, 0xfa, 0x0, 0x0, 0xef,
    0xf0, 0x1f, 0xf9, 0x0, 0x0, 0x0, 0xef, 0xe0,
    0x4, 0xff, 0x60, 0x0, 0x1f, 0xfc, 0x1, 0xff,
    0x90, 0x0, 0x0, 0xe, 0xfe, 0x0, 0x9f, 0xf2,
    0x0, 0x4, 0xff, 0x90, 0x1f, 0xf9, 0x0, 0x0,
    0x0, 0xef, 0xe0, 0xd, 0xfe, 0x0, 0x0, 0x9f,
    0xf5, 0x1, 0xff, 0x90, 0x0, 0x0, 0xe, 0xfe,
    0x2, 0xff, 0xe2, 0x0, 0xe, 0xff, 0x0, 0x1f,
    0xf9, 0x0, 0x0, 0x0, 0xef, 0xe0, 0x2e, 0xff,
    0xf5, 0x4, 0xff, 0xb0, 0x1, 0xff, 0x90, 0x0,
    0x0, 0xe, 0xfe, 0x0, 0x1b, 0xff, 0xf8, 0xaf,
    0xf6, 0x0, 0x1f, 0xf9, 0x0, 0x0, 0x0, 0xef,
    0xe0, 0x0, 0x9, 0xff, 0xff, 0xfe, 0x0, 0x1,
    0xff, 0x90, 0x0, 0x0, 0xe, 0xfe, 0x0, 0x0,
    0x6, 0xff, 0xff, 0x80, 0x0, 0x1f, 0xf9, 0x0,
    0x0, 0x0, 0xef, 0xe0, 0x0, 0x0, 0x8, 0xff,
    0xfe, 0x30, 0x1, 0xff, 0x90, 0x0, 0x0, 0xe,
    0xfe, 0x0, 0x0, 0x4, 0xff, 0xff, 0xff, 0x40,
    0x1f, 0xfa, 0x0, 0x0, 0x0, 0xff, 0xe0, 0x0,
    0x4, 0xff, 0xfa, 0xef, 0xff, 0x31, 0xff, 0xff,
    0xff, 0xff, 0xff, 0xfe, 0x0, 0x6, 0xff, 0xfa,
    0x1, 0xdf, 0xe1, 0x1f, 0xff, 0xff, 0xff, 0xff,
    0xff, 0xe0, 0x3b, 0xff, 0xfa, 0x0, 0x1, 0xd3,
    0x1, 0xff, 0xda, 0xaa, 0xaa, 0xaf, 0xfe, 0x6f,
    0xff, 0xf8, 0x0, 0x0, 0x0, 0x0, 0x1f, 0xf9,
    0x0, 0x0, 0x0, 0xef, 0xe0, 0xcf, 0xb2, 0x0,
    0x0, 0x0, 0x0, 0x0, 0xcc, 0x70, 0x0, 0x0,
    0x4, 0x44, 0x2, 0x40, 0x0, 0x0, 0x0, 0x0,
    0x0, 0x0, 0x0, 0x0, 0x0, 0x0, 0x0, 0x0,

    /* U+59CB "始" */
    0x0, 0x0, 0x0, 0x0, 0x0, 0x0, 0x0, 0x0,
    0x0, 0x0, 0x0, 0x0, 0x0, 0x0, 0x0, 0x0,
    0x0, 0x4e, 0xd5, 0x0, 0x0, 0x0, 0x0, 0x1,
    0xfc, 0x70, 0x0, 0x0, 0x0, 0x0, 0x0, 0x0,
    0x6f, 0xf4, 0x0, 0x0, 0x0, 0x0, 0x8, 0xff,
    0xb0, 0x0, 0x0, 0x0, 0x0, 0x0, 0x0, 0x8f,
    0xf1, 0x0, 0x0, 0x0, 0x0, 0xe, 0xff, 0x20,
    0x0, 0x0, 0x0, 0x0, 0x0, 0x0, 0xbf, 0xf0,
    0x0, 0x0, 0x0, 0x0, 0x6f, 0xfa, 0x0, 0x0,
    0x0, 0x0, 0x0, 0x0, 0x0, 0xdf, 0xc0, 0x0,
    0x0, 0x0, 0x0, 0xef, 0xf2, 0x0, 0x18, 0x30,
    0x0, 0x0, 0x0, 0x0, 0xff, 0xa0, 0x0, 0x0,
    0x0, 0x7, 0xff, 0x90, 0x0, 0xef, 0xe0, 0x0,
    0x0, 0xe, 0xff, 0xff, 0xff, 0xff, 0xf7, 0x0,
    0x1f, 0xfe, 0x10, 0x0, 0x6f, 0xfa, 0x0, 0x0,
    0xe, 0xff, 0xff, 0xff, 0xff, 0xf7, 0x0, 0xaf,
    0xf5, 0x0, 0x0, 0xa, 0xff, 0x50, 0x0, 0x8,
    0x9d, 0xff, 0x99, 0xaf, 0xf6, 0x5, 0xff, 0xb0,
    0x0, 0x0, 0x1, 0xef, 0xe1, 0x0, 0x0, 0xb,
    0xfd, 0x0, 0x4f, 0xf4, 0x2f, 0xff, 0x87, 0x89,
    0xab, 0xcd, 0xff, 0xf9, 0x0, 0x0, 0xf, 0xfa,
    0x0, 0x7f, 0xf3, 0xff, 0xff, 0xff, 0xff, 0xff,
    0xff, 0xff, 0xff, 0x20, 0x0, 0x2f, 0xf6, 0x0,
    0x9f, 0xf0, 0xcf, 0xff, 0xff, 0xff, 0xfe, 0xdc,
    0xaa, 0xff, 0xa0, 0x0, 0x6f, 0xf2, 0x0, 0xbf,
    0xe0, 0x6c, 0x97, 0x54, 0x21, 0x0, 0x0, 0x0,
    0xdf, 0xa0, 0x0, 0xaf, 0xe0, 0x0, 0xef, 0xb0,
    0x0, 0x0, 0x0, 0x0, 0x0, 0x0, 0x0, 0x42,
    0x0, 0x0, 0xff, 0xa0, 0x3, 0xff, 0x70, 0x0,
    0x0, 0x0, 0x0, 0x0, 0x0, 0x0, 0x0, 0x0,
    0x4, 0xff, 0xe3, 0x7, 0xff, 0x40, 0x8, 0xff,
    0xff, 0xff, 0xff, 0xff, 0xff, 0xf1, 0x0, 0x1,
    0xbf, 0xff, 0x6c, 0xff, 0x0, 0x8, 0xff, 0xff,
    0xff, 0xff, 0xff, 0xff, 0xf1, 0x0, 0x0, 0x9,
    0xff, 0xff, 0xfa, 0x0, 0x8, 0xff, 0xa9, 0x99,
    0x99, 0x99, 0xdf, 0xf1, 0x0, 0x0, 0x0, 0x6f,
    0xff, 0xf5, 0x0, 0x8, 0xff, 0x10, 0x0, 0x0,
    0x0, 0x9f, 0xf1, 0x0, 0x0, 0x0, 0x4, 0xff,
    0xfb, 0x0, 0x8, 0xff, 0x10, 0x0, 0x0, 0x0,
    0x9f, 0xf1, 0x0, 0x0, 0x0, 0xa, 0xff, 0xff,
    0xb0, 0x8, 0xff, 0x10, 0x0, 0x0, 0x0, 0x9f,
    0xf1, 0x0, 0x0, 0x0, 0x5f, 0xfe, 0xef, 0xf9,
    0x8, 0xff, 0x10, 0x0, 0x0, 0x0, 0x9f, 0xf1,
    0x0, 0x0, 0x1, 0xef, 0xf4, 0x2e, 0xfc, 0x8,
    0xff, 0x10, 0x0, 0x0, 0x0, 0x9f, 0xf1, 0x0,
    0x0, 0x1d, 0xff, 0x80, 0x4, 0xe2, 0x8, 0xff,
    0x77, 0x77, 0x77, 0x77, 0xcf, 0xf1, 0x0, 0x5,
    0xef, 0xfb, 0x0, 0x0, 0x10, 0x8, 0xff, 0xff,
    0xff, 0xff, 0xff, 0xff, 0xf1, 0x0, 0x9, 0xff,
    0x80, 0x0, 0x0, 0x0, 0x8, 0xff, 0xff, 0xff,
    0xff, 0xff, 0xff, 0xf1, 0x0, 0x0, 0xa5, 0x0,
    0x0, 0x0, 0x0, 0x8, 0xff, 0x10, 0x0, 0x0,
    0x0, 0x9e, 0xe1, 0x0,

    /* U+5B66 "学" */
    0x0, 0x0, 0x0, 0x0, 0x0, 0x0, 0x16, 0x30,
    0x0, 0x0, 0x0, 0x10, 0x0, 0x0, 0x0, 0x0,
    0x5d, 0x80, 0x0, 0x3, 0xff, 0xc0, 0x0, 0x0,
    0x2, 0xfc, 0x70, 0x0, 0x0, 0x0, 0xdf, 0xf5,
    0x0, 0x0, 0xbf, 0xf6, 0x0, 0x0, 0xa, 0xff,
    0x90, 0x0, 0x0, 0x0, 0x3f, 0xfe, 0x10, 0x0,
    0x2f, 0xfe, 0x0, 0x0, 0x4f, 0xfd, 0x0, 0x0,
    0x0, 0x0, 0x8, 0xff, 0xa0, 0x0, 0xb, 0xff,
    0x50, 0x0, 0xef, 0xf3, 0x0, 0x0, 0x4, 0x77,
    0x78, 0xff, 0xa7, 0x77, 0x7a, 0xfb, 0x77, 0x7b,
    0xff, 0xc7, 0x77, 0x71, 0x9, 0xff, 0xff, 0xff,
    0xff, 0xff, 0xff, 0xff, 0xff, 0xff, 0xff, 0xff,
    0xff, 0xf2, 0x9, 0xff, 0xff, 0xff, 0xff, 0xff,
    0xff, 0xff, 0xff, 0xff, 0xff, 0xff, 0xff, 0xf2,
    0x9, 0xff, 0x0, 0x0, 0x0, 0x0, 0x0, 0x0,
    0x0, 0x0, 0x0, 0x0, 0xaf, 0xf2, 0x9, 0xff,
    0x0, 0x0, 0x0, 0x0, 0x0, 0x0, 0x0, 0x0,
    0x0, 0x0, 0xaf, 0xf2, 0x9, 0xff, 0x0, 0x0,
    0x0, 0x0, 0x0, 0x0, 0x0, 0x0, 0x10, 0x0,
    0xaf, 0xf2, 0x7, 0xcc, 0x1, 0xff, 0xff, 0xff,
    0xff, 0xff, 0xff, 0xff, 0xfb, 0x10, 0x8c, 0xc1,
    0x0, 0x0, 0x1, 0xff, 0xff, 0xff, 0xff, 0xff,
    0xff, 0xff, 0xfe, 0x40, 0x0, 0x0, 0x0, 0x0,
    0x0, 0x77, 0x77, 0x77, 0x77, 0x77, 0xcf, 0xff,
    0xc2, 0x0, 0x0, 0x0, 0x0, 0x0, 0x0, 0x0,
    0x0, 0x0, 0x0, 0x6d, 0xff, 0xe7, 0x0, 0x0,
    0x0, 0x0, 0x0, 0x0, 0x0, 0x0, 0x0, 0x0,
    0x4e, 0xff, 0xf8, 0x10, 0x0, 0x0, 0x0, 0x0,
    0x0, 0x0, 0x0, 0x0, 0x0, 0x0, 0x7f, 0xfb,
    0x10, 0x0, 0x0, 0x0, 0x0, 0x0, 0x8, 0x88,
    0x88, 0x88, 0x88, 0x88, 0xcf, 0xfc, 0x88, 0x88,
    0x88, 0x88, 0x88, 0x85, 0x1f, 0xff, 0xff, 0xff,
    0xff, 0xff, 0xff, 0xff, 0xff, 0xff, 0xff, 0xff,
    0xff, 0xf9, 0x1f, 0xff, 0xff, 0xff, 0xff, 0xff,
    0xff, 0xff, 0xff, 0xff, 0xff, 0xff, 0xff, 0xf9,
    0x0, 0x0, 0x0, 0x0, 0x0, 0x0, 0x7f, 0xf7,
    0x0, 0x0, 0x0, 0x0, 0x0, 0x0, 0x0, 0x0,
    0x0, 0x0, 0x0, 0x0, 0x7f, 0xf7, 0x0, 0x0,
    0x0, 0x0, 0x0, 0x0, 0x0, 0x0, 0x0, 0x0,
    0x0, 0x0, 0x7f, 0xf7, 0x0, 0x0, 0x0, 0x0,
    0x0, 0x0, 0x0, 0x0, 0x0, 0x0, 0x0, 0x0,
    0x7f, 0xf7, 0x0, 0x0, 0x0, 0x0, 0x0, 0x0,
    0x0, 0x0, 0x0, 0x0, 0x0, 0x0, 0x7f, 0xf7,
    0x0, 0x0, 0x0, 0x0, 0x0, 0x0, 0x0, 0x0,
    0x0, 0xa, 0xbb, 0xab, 0xef, 0xf6, 0x0, 0x0,
    0x0, 0x0, 0x0, 0x0, 0x0, 0x0, 0x0, 0x8,
    0xff, 0xff, 0xff, 0xf2, 0x0, 0x0, 0x0, 0x0,
    0x0, 0x0, 0x0, 0x0, 0x0, 0x2, 0xff, 0xfe,
    0xda, 0x30, 0x0, 0x0, 0x0, 0x0, 0x0, 0x0,

    /* U+5B89 "安" */
    0x0, 0x0, 0x0, 0x0, 0x0, 0x0, 0x4, 0x0,
    0x0, 0x0, 0x0, 0x0, 0x0, 0x0, 0x0, 0x0,
    0x0, 0x0, 0x0, 0x9, 0xff, 0x70, 0x0, 0x0,
    0x0, 0x0, 0x0, 0x0, 0x0, 0x0, 0x0, 0x0,
    0x0, 0x5, 0xff, 0xe0, 0x0, 0x0, 0x0, 0x0,
    0x0, 0x0, 0x0, 0x0, 0x0, 0x0, 0x0, 0x0,
    0xdf, 0xf8, 0x0, 0x0, 0x0, 0x0, 0x0, 0x0,
    0x6, 0xff, 0xff, 0xff, 0xff, 0xff, 0xff, 0xff,
    0xff, 0xff, 0xff, 0xff, 0xff, 0x60, 0x6, 0xff,
    0xff, 0xff, 0xff, 0xff, 0xff, 0xff, 0xff, 0xff,
    0xff, 0xff, 0xff, 0x70, 0x6, 0xff, 0xda, 0xaa,
    0xaa, 0xaa, 0xaa, 0xaa, 0xaa, 0xaa, 0xaa, 0xad,
    0xff, 0x70, 0x6, 0xff, 0x70, 0x0, 0x0, 0x2,
    0x0, 0x0, 0x0, 0x0, 0x0, 0x8, 0xff, 0x70,
    0x6, 0xff, 0x70, 0x0, 0x0, 0x1f, 0xfd, 0x30,
    0x0, 0x0, 0x0, 0x8, 0xff, 0x70, 0x6, 0xff,
    0x70, 0x0, 0x0, 0x7f, 0xfe, 0x0, 0x0, 0x0,
    0x0, 0x8, 0xff, 0x70, 0x2, 0x66, 0x30, 0x0,
    0x0, 0xef, 0xf6, 0x0, 0x0, 0x0, 0x0, 0x3,
    0x66, 0x20, 0x0, 0x0, 0x0, 0x0, 0x7, 0xff,
    0xe0, 0x0, 0x0, 0x0, 0x0, 0x0, 0x0, 0x0,
    0x9, 0x99, 0x99, 0x99, 0x9e, 0xff, 0xd9, 0x99,
    0x99, 0x99, 0x99, 0x99, 0x99, 0x91, 0x1f, 0xff,
    0xff, 0xff, 0xff, 0xff, 0xff, 0xff, 0xff, 0xff,
    0xff, 0xff, 0xff, 0xf2, 0x1f, 0xff, 0xff, 0xff,
    0xff, 0xff, 0xff, 0xff, 0xff, 0xff, 0xff, 0xff,
    0xff, 0xf2, 0x0, 0x0, 0x0, 0xc, 0xff, 0xb0,
    0x0, 0x0, 0x1, 0xef, 0xf5, 0x0, 0x0, 0x0,
    0x0, 0x0, 0x0, 0x6f, 0xff, 0x20, 0x0, 0x0,
    0x7, 0xff, 0xd0, 0x0, 0x0, 0x0, 0x0, 0x0,
    0x1, 0xff, 0xf7, 0x0, 0x0, 0x0, 0xe, 0xff,
    0x50, 0x0, 0x0, 0x0, 0x0, 0x0, 0xc, 0xff,
    0xf9, 0x30, 0x0, 0x0, 0xaf, 0xfd, 0x0, 0x0,
    0x0, 0x0, 0x0, 0x0, 0x3d, 0xff, 0xff, 0xfd,
    0x71, 0x9, 0xff, 0xf2, 0x0, 0x0, 0x0, 0x0,
    0x0, 0x0, 0x0, 0x39, 0xef, 0xff, 0xff, 0xcf,
    0xff, 0x50, 0x0, 0x0, 0x0, 0x0, 0x0, 0x0,
    0x0, 0x0, 0x5, 0xbf, 0xff, 0xff, 0xfd, 0x10,
    0x0, 0x0, 0x0, 0x0, 0x0, 0x0, 0x0, 0x0,
    0x0, 0x7, 0xff, 0xff, 0xff, 0xf9, 0x20, 0x0,
    0x0, 0x0, 0x0, 0x0, 0x0, 0x0, 0x5, 0xdf,
    0xff, 0xec, 0xff, 0xff, 0xfb, 0x40, 0x0, 0x0,
    0x0, 0x0, 0x1, 0x59, 0xff, 0xff, 0xfa, 0x10,
    0x3b, 0xff, 0xff, 0xfc, 0x30, 0x0, 0x2, 0x69,
    0xcf, 0xff, 0xff, 0xfb, 0x30, 0x0, 0x0, 0x3a,
    0xff, 0xff, 0xfa, 0x20, 0x5, 0xff, 0xff, 0xff,
    0xe9, 0x20, 0x0, 0x0, 0x0, 0x0, 0x2b, 0xff,
    0xff, 0x40, 0x0, 0xaf, 0xfd, 0x94, 0x0, 0x0,
    0x0, 0x0, 0x0, 0x0, 0x0, 0x4d, 0xf5, 0x0,
    0x0, 0x15, 0x10, 0x0, 0x0, 0x0, 0x0, 0x0,
    0x0, 0x0, 0x0, 0x0, 0x30, 0x0,

    /* U+5B8C "完" */
    0x0, 0x0, 0x0, 0x0, 0x0, 0x0, 0x2, 0x72,
    0x0, 0x0, 0x0, 0x0, 0x0, 0x0, 0x0, 0x0,
    0x0, 0x0, 0x0, 0x0, 0x9, 0xff, 0xa0, 0x0,
    0x0, 0x0, 0x0, 0x0, 0x0, 0x0, 0x0, 0x0,
    0x0, 0x0, 0x0, 0x3f, 0xff, 0x30, 0x0, 0x0,
    0x0, 0x0, 0x0, 0x0, 0x0, 0x0, 0x0, 0x0,
    0x0, 0x0, 0xcf, 0xfa, 0x0, 0x0, 0x0, 0x0,
    0x0, 0x0, 0x0, 0xef, 0xff, 0xff, 0xff, 0xff,
    0xff, 0xff, 0xff, 0xff, 0xff, 0xff, 0xff, 0xf6,
    0x0, 0xe, 0xff, 0xff, 0xff, 0xff, 0xff, 0xff,
    0xff, 0xff, 0xff, 0xff, 0xff, 0xff, 0x60, 0x0,
    0xef, 0xfa, 0xaa, 0xaa, 0xaa, 0xaa, 0xaa, 0xaa,
    0xaa, 0xaa, 0xaa, 0xdf, 0xf6, 0x0, 0xe, 0xfe,
    0x0, 0x0, 0x0, 0x0, 0x0, 0x0, 0x0, 0x0,
    0x0, 0x8, 0xff, 0x60, 0x0, 0xef, 0xe0, 0x0,
    0x0, 0x0, 0x0, 0x0, 0x0, 0x0, 0x0, 0x0,
    0x8f, 0xf6, 0x0, 0xe, 0xfe, 0x2, 0x88, 0x88,
    0x88, 0x88, 0x88, 0x88, 0x88, 0x86, 0x8, 0xff,
    0x60, 0x0, 0xef, 0xe0, 0x4f, 0xff, 0xff, 0xff,
    0xff, 0xff, 0xff, 0xff, 0xb0, 0x8f, 0xf6, 0x0,
    0x0, 0x0, 0x4, 0xff, 0xff, 0xff, 0xff, 0xff,
    0xff, 0xff, 0xfb, 0x0, 0x0, 0x0, 0x0, 0x0,
    0x0, 0x0, 0x0, 0x0, 0x0, 0x0, 0x0, 0x0,
    0x0, 0x0, 0x0, 0x0, 0x0, 0x0, 0x0, 0x0,
    0x0, 0x0, 0x0, 0x0, 0x0, 0x0, 0x0, 0x0,
    0x0, 0x0, 0x0, 0x0, 0x0, 0x0, 0x0, 0x0,
    0x0, 0x0, 0x0, 0x0, 0x0, 0x0, 0x0, 0x0,
    0x0, 0x0, 0x9f, 0xff, 0xff, 0xff, 0xff, 0xff,
    0xff, 0xff, 0xff, 0xff, 0xff, 0xff, 0xff, 0xf1,
    0x9, 0xff, 0xff, 0xff, 0xff, 0xff, 0xff, 0xff,
    0xff, 0xff, 0xff, 0xff, 0xff, 0xff, 0x10, 0x6a,
    0xaa, 0xaa, 0xaa, 0xff, 0xfa, 0xaa, 0xab, 0xff,
    0xea, 0xaa, 0xaa, 0xaa, 0xa1, 0x0, 0x0, 0x0,
    0x0, 0xe, 0xff, 0x0, 0x0, 0x2f, 0xfb, 0x0,
    0x0, 0x0, 0x0, 0x0, 0x0, 0x0, 0x0, 0x1,
    0xff, 0xe0, 0x0, 0x2, 0xff, 0xb0, 0x0, 0x0,
    0x0, 0x0, 0x0, 0x0, 0x0, 0x0, 0x3f, 0xfb,
    0x0, 0x0, 0x2f, 0xfb, 0x0, 0x0, 0x0, 0x0,
    0x0, 0x0, 0x0, 0x0, 0x8, 0xff, 0x80, 0x0,
    0x2, 0xff, 0xb0, 0x0, 0x0, 0x2, 0x0, 0x0,
    0x0, 0x0, 0x1, 0xef, 0xf3, 0x0, 0x0, 0x2f,
    0xfb, 0x0, 0x0, 0x0, 0xfa, 0x30, 0x0, 0x0,
    0x0, 0xbf, 0xfc, 0x0, 0x0, 0x2, 0xff, 0xb0,
    0x0, 0x0, 0x1f, 0xf8, 0x0, 0x0, 0x4, 0xdf,
    0xff, 0x20, 0x0, 0x0, 0x2f, 0xfc, 0x0, 0x0,
    0x4, 0xff, 0x60, 0x4, 0x8d, 0xff, 0xff, 0x40,
    0x0, 0x0, 0x0, 0xff, 0xfa, 0x99, 0x99, 0xef,
    0xf2, 0xa, 0xff, 0xff, 0xfc, 0x20, 0x0, 0x0,
    0x0, 0xc, 0xff, 0xff, 0xff, 0xff, 0xfc, 0x0,
    0x1f, 0xff, 0xa3, 0x0, 0x0, 0x0, 0x0, 0x0,
    0x2a, 0xef, 0xff, 0xff, 0xeb, 0x10, 0x0, 0x43,
    0x0, 0x0, 0x0, 0x0, 0x0, 0x0, 0x0, 0x0,
    0x0, 0x0, 0x0, 0x0, 0x0,

    /* U+5B9A "定" */
    0x0, 0x0, 0x0, 0x0, 0x0, 0x0, 0x0, 0x45,
    0x0, 0x0, 0x0, 0x0, 0x0, 0x0, 0x0, 0x0,
    0x0, 0x0, 0x0, 0x0, 0x1, 0xff, 0xf2, 0x0,
    0x0, 0x0, 0x0, 0x0, 0x0, 0x0, 0x0, 0x0,
    0x0, 0x0, 0x0, 0xa, 0xff, 0x90, 0x0, 0x0,
    0x0, 0x0, 0x0, 0x0, 0x0, 0x0, 0x0, 0x0,
    0x0, 0x0, 0x4f, 0xff, 0x10, 0x0, 0x0, 0x0,
    0x0, 0x0, 0x0, 0xbf, 0xff, 0xff, 0xff, 0xff,
    0xff, 0xff, 0xff, 0xff, 0xff, 0xff, 0xff, 0xfb,
    0x0, 0xb, 0xff, 0xff, 0xff, 0xff, 0xff, 0xff,
    0xff, 0xff, 0xff, 0xff, 0xff, 0xff, 0xb0, 0x0,
    0xbf, 0xfa, 0xaa, 0xaa, 0xaa, 0xaa, 0xaa, 0xaa,
    0xaa, 0xaa, 0xaa, 0xbf, 0xfb, 0x0, 0xb, 0xff,
    0x10, 0x0, 0x0, 0x0, 0x0, 0x0, 0x0, 0x0,
    0x0, 0x2, 0xff, 0xb0, 0x0, 0xbf, 0xf1, 0x0,
    0x0, 0x0, 0x0, 0x0, 0x0, 0x0, 0x0, 0x0,
    0x2f, 0xfb, 0x0, 0xb, 0xff, 0x10, 0x0, 0x0,
    0x0, 0x0, 0x0, 0x0, 0x0, 0x0, 0x2, 0xff,
    0xb0, 0x0, 0xaf, 0xf1, 0x4f, 0xff, 0xff, 0xff,
    0xff, 0xff, 0xff, 0xff, 0xfc, 0x2f, 0xfb, 0x0,
    0x0, 0x0, 0x4, 0xff, 0xff, 0xff, 0xff, 0xff,
    0xff, 0xff, 0xff, 0xc0, 0x0, 0x0, 0x0, 0x0,
    0x0, 0x3a, 0xaa, 0xaa, 0xac, 0xff, 0xea, 0xaa,
    0xaa, 0xa8, 0x0, 0x0, 0x0, 0x0, 0x0, 0x0,
    0x0, 0x0, 0x0, 0x4f, 0xfa, 0x0, 0x0, 0x0,
    0x0, 0x0, 0x0, 0x0, 0x0, 0x0, 0x14, 0x20,
    0x0, 0x4, 0xff, 0xa0, 0x0, 0x0, 0x0, 0x0,
    0x0, 0x0, 0x0, 0x0, 0x7, 0xff, 0x60, 0x0,
    0x4f, 0xfa, 0x0, 0x0, 0x0, 0x0, 0x0, 0x0,
    0x0, 0x0, 0x0, 0xaf, 0xf3, 0x0, 0x4, 0xff,
    0xa0, 0x0, 0x0, 0x0, 0x0, 0x0, 0x0, 0x0,
    0x0, 0xd, 0xff, 0x10, 0x0, 0x4f, 0xff, 0xff,
    0xff, 0xff, 0xff, 0x10, 0x0, 0x0, 0x0, 0x1,
    0xff, 0xe0, 0x0, 0x4, 0xff, 0xff, 0xff, 0xff,
    0xff, 0xf1, 0x0, 0x0, 0x0, 0x0, 0x6f, 0xff,
    0x30, 0x0, 0x4f, 0xfd, 0xaa, 0xaa, 0xaa, 0xaa,
    0x10, 0x0, 0x0, 0x0, 0xb, 0xff, 0xfb, 0x0,
    0x4, 0xff, 0xa0, 0x0, 0x0, 0x0, 0x0, 0x0,
    0x0, 0x0, 0x1, 0xff, 0xff, 0xf6, 0x0, 0x4f,
    0xfa, 0x0, 0x0, 0x0, 0x0, 0x0, 0x0, 0x0,
    0x0, 0xaf, 0xfb, 0xff, 0xf5, 0x4, 0xff, 0xa0,
    0x0, 0x0, 0x0, 0x0, 0x0, 0x0, 0x0, 0x3f,
    0xff, 0x16, 0xff, 0xf9, 0x5f, 0xfa, 0x0, 0x0,
    0x0, 0x0, 0x0, 0x0, 0x0, 0x1d, 0xff, 0x80,
    0x8, 0xff, 0xff, 0xff, 0xa0, 0x0, 0x0, 0x0,
    0x0, 0x0, 0x0, 0x1d, 0xff, 0xe0, 0x0, 0x7,
    0xff, 0xff, 0xff, 0xff, 0xed, 0xdd, 0xdd, 0xdd,
    0xd9, 0xc, 0xff, 0xf3, 0x0, 0x0, 0x2, 0xaf,
    0xff, 0xff, 0xff, 0xff, 0xff, 0xff, 0xff, 0x40,
    0x1c, 0xf3, 0x0, 0x0, 0x0, 0x0, 0x4, 0x8b,
    0xde, 0xef, 0xff, 0xff, 0xff, 0xf0, 0x0, 0x3,
    0x0, 0x0, 0x0, 0x0, 0x0, 0x0, 0x0, 0x0,
    0x0, 0x0, 0x0, 0x0, 0x0,

    /* U+5B9D "宝" */
    0x0, 0x0, 0x0, 0x0, 0x0, 0x2, 0x55, 0x0,
    0x0, 0x0, 0x0, 0x0, 0x0, 0x0, 0x0, 0x0,
    0x0, 0x0, 0x2f, 0xff, 0x10, 0x0, 0x0, 0x0,
    0x0, 0x0, 0x0, 0x0, 0x0, 0x0, 0x0, 0xb,
    0xff, 0x70, 0x0, 0x0, 0x0, 0x0, 0x0, 0x0,
    0x0, 0x0, 0x0, 0x0, 0x4, 0xff, 0xe0, 0x0,
    0x0, 0x0, 0x0, 0x0, 0x7b, 0xbb, 0xbb, 0xbb,
    0xbb, 0xbc, 0xff, 0xfd, 0xbb, 0xbb, 0xbb, 0xbb,
    0xb7, 0xaf, 0xff, 0xff, 0xff, 0xff, 0xff, 0xff,
    0xff, 0xff, 0xff, 0xff, 0xff, 0xf9, 0xaf, 0xff,
    0xff, 0xff, 0xff, 0xff, 0xff, 0xff, 0xff, 0xff,
    0xff, 0xff, 0xf9, 0xaf, 0xf2, 0x0, 0x0, 0x0,
    0x0, 0x0, 0x0, 0x0, 0x0, 0x0, 0x5f, 0xf9,
    0xaf, 0xf2, 0x0, 0x0, 0x0, 0x0, 0x0, 0x0,
    0x0, 0x0, 0x0, 0x5f, 0xf9, 0xaf, 0xf2, 0x0,
    0x0, 0x0, 0x0, 0x0, 0x0, 0x0, 0x0, 0x0,
    0x5f, 0xf9, 0x9e, 0xfb, 0xaa, 0xaa, 0xaa, 0xaa,
    0xaa, 0xaa, 0xaa, 0xaa, 0xaa, 0xcf, 0xe9, 0x0,
    0x2f, 0xff, 0xff, 0xff, 0xff, 0xff, 0xff, 0xff,
    0xff, 0xff, 0xf2, 0x0, 0x0, 0x2f, 0xff, 0xff,
    0xff, 0xff, 0xff, 0xff, 0xff, 0xff, 0xff, 0xf2,
    0x0, 0x0, 0x0, 0x0, 0x0, 0x0, 0x9, 0xff,
    0x70, 0x0, 0x0, 0x0, 0x0, 0x0, 0x0, 0x0,
    0x0, 0x0, 0x0, 0x9, 0xff, 0x70, 0x0, 0x0,
    0x0, 0x0, 0x0, 0x0, 0x0, 0x0, 0x0, 0x0,
    0x9, 0xff, 0x70, 0x0, 0x0, 0x0, 0x0, 0x0,
    0x0, 0x0, 0x0, 0x0, 0x0, 0xa, 0xff, 0x70,
    0x0, 0x0, 0x0, 0x0, 0x0, 0x0, 0x4, 0xff,
    0xff, 0xff, 0xff, 0xff, 0xff, 0xff, 0xff, 0xff,
    0x60, 0x0, 0x0, 0x4, 0xff, 0xff, 0xff, 0xff,
    0xff, 0xff, 0xff, 0xff, 0xff, 0x60, 0x0, 0x0,
    0x2, 0x99, 0x99, 0x99, 0x9d, 0xff, 0xc9, 0x9a,
    0xc9, 0x99, 0x40, 0x0, 0x0, 0x0, 0x0, 0x0,
    0x0, 0x9, 0xff, 0x70, 0x2c, 0xf6, 0x0, 0x0,
    0x0, 0x0, 0x0, 0x0, 0x0, 0x0, 0x9, 0xff,
    0x70, 0x2e, 0xff, 0x80, 0x0, 0x0, 0x0, 0x0,
    0x0, 0x0, 0x0, 0x9, 0xff, 0x70, 0x2, 0xdf,
    0xfa, 0x0, 0x0, 0x0, 0x0, 0x0, 0x0, 0x0,
    0x9, 0xff, 0x70, 0x0, 0x1d, 0xff, 0x80, 0x0,
    0x0, 0x0, 0x0, 0x0, 0x0, 0x9, 0xff, 0x70,
    0x0, 0x1, 0xdb, 0x10, 0x0, 0xef, 0xff, 0xff,
    0xff, 0xff, 0xff, 0xff, 0xff, 0xff, 0xff, 0xff,
    0xff, 0xff, 0xef, 0xff, 0xff, 0xff, 0xff, 0xff,
    0xff, 0xff, 0xff, 0xff, 0xff, 0xff, 0xff, 0x9a,
    0xaa, 0xaa, 0xaa, 0xaa, 0xaa, 0xaa, 0xaa, 0xaa,
    0xaa, 0xaa, 0xaa, 0xa9,

    /* U+5B9E "实" */
    0x0, 0x0, 0x0, 0x0, 0x0, 0x0, 0x23, 0x0,
    0x0, 0x0, 0x0, 0x0, 0x0, 0x0, 0x0, 0x0,
    0x0, 0x0, 0x2, 0xdf, 0xf1, 0x0, 0x0, 0x0,
    0x0, 0x0, 0x0, 0x0, 0x0, 0x0, 0x0, 0x0,
    0xc, 0xff, 0x90, 0x0, 0x0, 0x0, 0x0, 0x0,
    0x0, 0x0, 0x0, 0x0, 0x0, 0x0, 0x5f, 0xff,
    0x20, 0x0, 0x0, 0x0, 0x0, 0x0, 0x7f, 0xff,
    0xff, 0xff, 0xff, 0xff, 0xff, 0xff, 0xff, 0xff,
    0xff, 0xff, 0xf8, 0x7, 0xff, 0xff, 0xff, 0xff,
    0xff, 0xff, 0xff, 0xff, 0xff, 0xff, 0xff, 0xff,
    0x80, 0x7f, 0xfb, 0x99, 0x99, 0x99, 0x99, 0x99,
    0x99, 0x99, 0x99, 0x99, 0xcf, 0xf8, 0x7, 0xff,
    0x50, 0x1, 0x0, 0x0, 0x0, 0x22, 0x20, 0x0,
    0x0, 0x6, 0xff, 0x80, 0x7f, 0xf5, 0x1, 0xdd,
    0x30, 0x0, 0x3f, 0xfc, 0x0, 0x0, 0x0, 0x6f,
    0xf8, 0x7, 0xff, 0x50, 0x9f, 0xff, 0x90, 0x3,
    0xff, 0xb0, 0x0, 0x0, 0x6, 0xff, 0x80, 0x36,
    0x62, 0x0, 0x7f, 0xff, 0xb0, 0x4f, 0xfa, 0x0,
    0x0, 0x0, 0x26, 0x63, 0x0, 0x0, 0x0, 0x0,
    0x3e, 0xfb, 0x5, 0xff, 0x90, 0x0, 0x0, 0x0,
    0x0, 0x0, 0x0, 0x7, 0x50, 0x0, 0x1b, 0x0,
    0x6f, 0xf8, 0x0, 0x0, 0x0, 0x0, 0x0, 0x0,
    0x6, 0xff, 0xc2, 0x0, 0x0, 0x7, 0xff, 0x70,
    0x0, 0x0, 0x0, 0x0, 0x0, 0x0, 0x5e, 0xff,
    0xf6, 0x0, 0x0, 0x9f, 0xf4, 0x0, 0x0, 0x0,
    0x0, 0x0, 0x0, 0x0, 0x19, 0xff, 0xf2, 0x0,
    0xc, 0xff, 0x10, 0x0, 0x0, 0x0, 0x0, 0x0,
    0x0, 0x0, 0x5, 0xf6, 0x0, 0x0, 0xff, 0xf0,
    0x0, 0x0, 0x0, 0x0, 0x0, 0x0, 0x0, 0x0,
    0x2, 0x0, 0x0, 0x3f, 0xfc, 0x0, 0x0, 0x0,
    0x0, 0x0, 0x0, 0xdf, 0xff, 0xff, 0xff, 0xff,
    0xff, 0xff, 0xff, 0xff, 0xff, 0xff, 0xff, 0xff,
    0x1e, 0xff, 0xff, 0xff, 0xff, 0xff, 0xff, 0xff,
    0xff, 0xff, 0xff, 0xff, 0xff, 0xf1, 0x77, 0x77,
    0x77, 0x77, 0x77, 0xef, 0xfd, 0x77, 0x77, 0x77,
    0x77, 0x77, 0x77, 0x0, 0x0, 0x0, 0x0, 0x0,
    0x6f, 0xff, 0x20, 0x95, 0x0, 0x0, 0x0, 0x0,
    0x0, 0x0, 0x0, 0x0, 0x0, 0x7f, 0xff, 0x80,
    0x7f, 0xfe, 0x82, 0x0, 0x0, 0x0, 0x0, 0x0,
    0x0, 0x2, 0xcf, 0xff, 0xa0, 0x7, 0xef, 0xff,
    0xfc, 0x50, 0x0, 0x0, 0x0, 0x0, 0x4b, 0xff,
    0xff, 0x90, 0x0, 0x0, 0x5c, 0xff, 0xff, 0xd5,
    0x0, 0x1, 0x59, 0xef, 0xff, 0xfe, 0x60, 0x0,
    0x0, 0x0, 0x2, 0x9f, 0xff, 0xfc, 0x30, 0x3f,
    0xff, 0xff, 0xf8, 0x10, 0x0, 0x0, 0x0, 0x0,
    0x0, 0x1a, 0xff, 0xfb, 0x0, 0x8f, 0xfb, 0x50,
    0x0, 0x0, 0x0, 0x0, 0x0, 0x0, 0x0, 0x3,
    0xde, 0x10, 0x1, 0x40, 0x0, 0x0, 0x0, 0x0,
    0x0, 0x0, 0x0, 0x0, 0x0, 0x0, 0x10, 0x0,

    /* U+5BC6 "密" */
    0x0, 0x0, 0x0, 0x0, 0x0, 0x0, 0x69, 0x60,
    0x0, 0x0, 0x0, 0x0, 0x0, 0x0, 0x0, 0x0,
    0x0, 0x0, 0x0, 0x0, 0xf, 0xfd, 0x0, 0x0,
    0x0, 0x0, 0x0, 0x0, 0x0, 0x0, 0x0, 0x0,
    0x0, 0x0, 0x0, 0xbf, 0xf3, 0x0, 0x0, 0x0,
    0x0, 0x0, 0x0, 0x0, 0xbf, 0xff, 0xff, 0xff,
    0xff, 0xff, 0xff, 0xff, 0xff, 0xff, 0xff, 0xff,
    0xff, 0x0, 0xc, 0xff, 0xff, 0xff, 0xff, 0xff,
    0xff, 0xff, 0xff, 0xff, 0xff, 0xff, 0xff, 0xf0,
    0x0, 0xcf, 0xf9, 0x88, 0x88, 0x8b, 0x98, 0x88,
    0x88, 0x88, 0x88, 0x88, 0x8e, 0xff, 0x0, 0xc,
    0xff, 0x0, 0x0, 0x1, 0xee, 0x60, 0x0, 0x0,
    0x2, 0x0, 0x0, 0xcf, 0xf0, 0x0, 0xcf, 0xf0,
    0x0, 0x0, 0x4e, 0xff, 0xe4, 0x0, 0x5, 0xfc,
    0x30, 0xc, 0xff, 0x0, 0xc, 0xff, 0x0, 0x0,
    0x11, 0x18, 0xff, 0xf7, 0x4, 0xff, 0xf4, 0x0,
    0xcf, 0xf0, 0x0, 0x11, 0x28, 0x20, 0x1f, 0xf7,
    0x2, 0xce, 0x25, 0xff, 0xf5, 0x3, 0x11, 0x11,
    0x0, 0x0, 0x7, 0xff, 0x51, 0xff, 0x70, 0x0,
    0x38, 0xff, 0xf6, 0x8, 0xfd, 0x10, 0x0, 0x0,
    0x1, 0xef, 0xe0, 0x1f, 0xf7, 0x0, 0x4d, 0xff,
    0xe4, 0x0, 0x7f, 0xfe, 0x20, 0x0, 0x0, 0xaf,
    0xf5, 0x1, 0xff, 0x71, 0xaf, 0xff, 0xb2, 0x0,
    0x50, 0x8f, 0xfe, 0x10, 0x0, 0x9f, 0xfb, 0x0,
    0x1f, 0xfc, 0xff, 0xfe, 0x60, 0x0, 0x1f, 0xe4,
    0x8f, 0xfd, 0x0, 0x6f, 0xfd, 0x10, 0x2, 0xff,
    0xff, 0xfa, 0x10, 0x0, 0x4, 0xff, 0x40, 0xbf,
    0xf9, 0x0, 0x6e, 0x20, 0x4a, 0xff, 0xff, 0xfa,
    0x55, 0x55, 0x56, 0xdf, 0xf1, 0x0, 0xdf, 0x70,
    0x0, 0x59, 0xef, 0xff, 0xff, 0xff, 0xff, 0xff,
    0xff, 0xff, 0xfa, 0x0, 0x3, 0x30, 0x8, 0xff,
    0xff, 0xff, 0xa5, 0x7c, 0xdd, 0xdd, 0xdd, 0xdd,
    0xc8, 0x0, 0x0, 0x0, 0x0, 0x1d, 0xfc, 0x84,
    0x0, 0x0, 0x0, 0x58, 0x81, 0x0, 0x0, 0x0,
    0x0, 0x0, 0x0, 0x0, 0x0, 0x15, 0x52, 0x0,
    0x0, 0xb, 0xff, 0x20, 0x0, 0x0, 0x1b, 0xb8,
    0x0, 0x0, 0x0, 0x4, 0xff, 0x70, 0x0, 0x0,
    0xbf, 0xf2, 0x0, 0x0, 0x1, 0xff, 0xb0, 0x0,
    0x0, 0x0, 0x4f, 0xf7, 0x0, 0x0, 0xb, 0xff,
    0x20, 0x0, 0x0, 0x1f, 0xfb, 0x0, 0x0, 0x0,
    0x4, 0xff, 0x70, 0x0, 0x0, 0xbf, 0xf2, 0x0,
    0x0, 0x1, 0xff, 0xb0, 0x0, 0x0, 0x0, 0x4f,
    0xf7, 0x0, 0x0, 0xb, 0xff, 0x20, 0x0, 0x0,
    0x1f, 0xfb, 0x0, 0x0, 0x0, 0x4, 0xff, 0xec,
    0xcc, 0xcc, 0xff, 0xfd, 0xcc, 0xcc, 0xcd, 0xff,
    0xb0, 0x0, 0x0, 0x0, 0x4f, 0xff, 0xff, 0xff,
    0xff, 0xff, 0xff, 0xff, 0xff, 0xff, 0xfb, 0x0,
    0x0, 0x0, 0x4, 0xdd, 0xdd, 0xdd, 0xdd, 0xdd,
    0xdd, 0xdd, 0xdd, 0xdd, 0xff, 0xb0, 0x0, 0x0,
    0x0, 0x0, 0x0, 0x0, 0x0, 0x0, 0x0, 0x0,
    0x0, 0x0, 0x1f, 0xfb, 0x0, 0x0,

    /* U+5C06 "将" */
    0x0, 0x0, 0x0, 0x8d, 0xd1, 0x0, 0x0, 0x0,
    0x2, 0x84, 0x0, 0x0, 0x0, 0x0, 0x0, 0x0,
    0x0, 0xa, 0xff, 0x10, 0x0, 0x0, 0x0, 0xdf,
    0xfa, 0x0, 0x0, 0x0, 0x0, 0x0, 0x0, 0x0,
    0xaf, 0xf1, 0x0, 0x0, 0x0, 0xbf, 0xfe, 0x10,
    0x0, 0x0, 0x0, 0x0, 0x0, 0x0, 0xa, 0xff,
    0x10, 0x0, 0x1, 0xcf, 0xff, 0xff, 0xff, 0xff,
    0xfc, 0x40, 0x0, 0x10, 0x0, 0xaf, 0xf1, 0x0,
    0x4, 0xef, 0xff, 0xff, 0xff, 0xff, 0xff, 0xf8,
    0x0, 0x4e, 0x90, 0xa, 0xff, 0x10, 0x19, 0xff,
    0xfc, 0x55, 0x55, 0x55, 0xaf, 0xfe, 0x0, 0xd,
    0xff, 0x90, 0xaf, 0xf1, 0x7f, 0xff, 0xf7, 0x30,
    0x0, 0x0, 0x4f, 0xff, 0x40, 0x0, 0x1d, 0xff,
    0x7a, 0xff, 0x13, 0xef, 0x94, 0xcf, 0xa0, 0x0,
    0x6f, 0xff, 0x70, 0x0, 0x0, 0x1e, 0xff, 0xef,
    0xf1, 0x2, 0x20, 0x9, 0xff, 0xb1, 0xbf, 0xff,
    0x70, 0x0, 0x0, 0x0, 0x3f, 0xfe, 0xff, 0x10,
    0x0, 0x0, 0x9, 0xff, 0xff, 0xff, 0x50, 0x0,
    0x0, 0x0, 0x0, 0x64, 0xaf, 0xf1, 0x0, 0x0,
    0x2, 0x9f, 0xff, 0xfd, 0x20, 0x0, 0x0, 0x0,
    0x0, 0x0, 0xa, 0xff, 0x10, 0x3, 0x7c, 0xff,
    0xff, 0xf8, 0x18, 0x86, 0x0, 0x0, 0x0, 0x0,
    0x0, 0xaf, 0xf1, 0x7e, 0xff, 0xff, 0xff, 0x81,
    0x1, 0xff, 0xb0, 0x0, 0x0, 0x0, 0x0, 0xa,
    0xff, 0x12, 0xff, 0xff, 0xc7, 0x0, 0x0, 0x1f,
    0xfb, 0x0, 0x0, 0x0, 0x0, 0x0, 0xaf, 0xf1,
    0x8, 0xa5, 0x10, 0x0, 0x0, 0x1, 0xff, 0xb0,
    0x0, 0x0, 0x0, 0x0, 0x4f, 0xff, 0x19, 0xaa,
    0xaa, 0xaa, 0xaa, 0xaa, 0xbf, 0xfe, 0xaa, 0xa2,
    0x0, 0x0, 0x7f, 0xff, 0xf1, 0xef, 0xff, 0xff,
    0xff, 0xff, 0xff, 0xff, 0xff, 0xff, 0x30, 0x0,
    0xaf, 0xff, 0xff, 0x1d, 0xff, 0xff, 0xff, 0xff,
    0xff, 0xff, 0xff, 0xff, 0xf3, 0x2, 0xcf, 0xfe,
    0xdf, 0xf1, 0x0, 0x4, 0x60, 0x0, 0x0, 0x1,
    0xff, 0xb0, 0x0, 0x0, 0xef, 0xfd, 0x2a, 0xff,
    0x10, 0xa, 0xff, 0x60, 0x0, 0x0, 0x1f, 0xfb,
    0x0, 0x0, 0x8, 0xfb, 0x10, 0xaf, 0xf1, 0x0,
    0x3f, 0xff, 0x40, 0x0, 0x1, 0xff, 0xb0, 0x0,
    0x0, 0x7, 0x0, 0xa, 0xff, 0x10, 0x0, 0x5f,
    0xfe, 0x10, 0x0, 0x1f, 0xfb, 0x0, 0x0, 0x0,
    0x0, 0x0, 0xaf, 0xf1, 0x0, 0x0, 0x8f, 0xfb,
    0x0, 0x1, 0xff, 0xb0, 0x0, 0x0, 0x0, 0x0,
    0xa, 0xff, 0x10, 0x0, 0x0, 0xdf, 0xa0, 0x0,
    0x1f, 0xfb, 0x0, 0x0, 0x0, 0x0, 0x0, 0xaf,
    0xf1, 0x0, 0x0, 0x3, 0x20, 0x0, 0x1, 0xff,
    0xb0, 0x0, 0x0, 0x0, 0x0, 0xa, 0xff, 0x10,
    0x0, 0x0, 0x0, 0x49, 0x99, 0xbf, 0xfa, 0x0,
    0x0, 0x0, 0x0, 0x0, 0xaf, 0xf1, 0x0, 0x0,
    0x0, 0x2, 0xff, 0xff, 0xff, 0x70, 0x0, 0x0,
    0x0, 0x0, 0xa, 0xff, 0x10, 0x0, 0x0, 0x0,
    0xd, 0xff, 0xeb, 0x70, 0x0, 0x0,

    /* U+5C0F "小" */
    0x0, 0x0, 0x0, 0x0, 0x0, 0x0, 0x16, 0x65,
    0x0, 0x0, 0x0, 0x0, 0x0, 0x0, 0x0, 0x0,
    0x0, 0x0, 0x0, 0x0, 0x3, 0xff, 0xd0, 0x0,
    0x0, 0x0, 0x0, 0x0, 0x0, 0x0, 0x0, 0x0,
    0x0, 0x0, 0x0, 0x3f, 0xfd, 0x0, 0x0, 0x0,
    0x0, 0x0, 0x0, 0x0, 0x0, 0x0, 0x0, 0x0,
    0x0, 0x3, 0xff, 0xd0, 0x0, 0x0, 0x0, 0x0,
    0x0, 0x0, 0x0, 0x0, 0x0, 0x0, 0x0, 0x0,
    0x3f, 0xfd, 0x0, 0x0, 0x0, 0x0, 0x0, 0x0,
    0x0, 0x0, 0x0, 0x0, 0x0, 0x0, 0x3, 0xff,
    0xd0, 0x0, 0x0, 0x0, 0x0, 0x0, 0x0, 0x0,
    0x0, 0x0, 0x0, 0x0, 0x0, 0x3f, 0xfd, 0x0,
    0x0, 0x0, 0x0, 0x0, 0x0, 0x0, 0x0, 0x0,
    0x52, 0x0, 0x0, 0x3, 0xff, 0xd0, 0x0, 0x0,
    0x38, 0x0, 0x0, 0x0, 0x0, 0x0, 0x4f, 0xff,
    0x0, 0x0, 0x3f, 0xfd, 0x0, 0x0, 0xbf, 0xf6,
    0x0, 0x0, 0x0, 0x0, 0x7, 0xff, 0xc0, 0x0,
    0x3, 0xff, 0xd0, 0x0, 0x6, 0xff, 0xe0, 0x0,
    0x0, 0x0, 0x0, 0xbf, 0xf8, 0x0, 0x0, 0x3f,
    0xfd, 0x0, 0x0, 0xd, 0xff, 0x80, 0x0, 0x0,
    0x0, 0xf, 0xff, 0x40, 0x0, 0x3, 0xff, 0xd0,
    0x0, 0x0, 0x5f, 0xff, 0x10, 0x0, 0x0, 0x5,
    0xff, 0xe0, 0x0, 0x0, 0x3f, 0xfd, 0x0, 0x0,
    0x0, 0xdf, 0xf8, 0x0, 0x0, 0x0, 0xaf, 0xf9,
    0x0, 0x0, 0x3, 0xff, 0xd0, 0x0, 0x0, 0x6,
    0xff, 0xf0, 0x0, 0x0, 0xf, 0xff, 0x40, 0x0,
    0x0, 0x3f, 0xfd, 0x0, 0x0, 0x0, 0xe, 0xff,
    0x70, 0x0, 0x7, 0xff, 0xe0, 0x0, 0x0, 0x3,
    0xff, 0xd0, 0x0, 0x0, 0x0, 0x8f, 0xfd, 0x0,
    0x0, 0xdf, 0xf7, 0x0, 0x0, 0x0, 0x3f, 0xfd,
    0x0, 0x0, 0x0, 0x2, 0xff, 0xf4, 0x0, 0x6f,
    0xff, 0x10, 0x0, 0x0, 0x3, 0xff, 0xd0, 0x0,
    0x0, 0x0, 0xc, 0xff, 0xa0, 0x1e, 0xff, 0x90,
    0x0, 0x0, 0x0, 0x3f, 0xfd, 0x0, 0x0, 0x0,
    0x0, 0x6f, 0xff, 0xa, 0xff, 0xe1, 0x0, 0x0,
    0x0, 0x3, 0xff, 0xd0, 0x0, 0x0, 0x0, 0x1,
    0xff, 0xf4, 0x2a, 0xf5, 0x0, 0x0, 0x0, 0x0,
    0x3f, 0xfd, 0x0, 0x0, 0x0, 0x0, 0xd, 0xff,
    0x70, 0x2, 0x0, 0x0, 0x0, 0x0, 0x3, 0xff,
    0xd0, 0x0, 0x0, 0x0, 0x0, 0x88, 0x20, 0x0,
    0x0, 0x0, 0x0, 0x0, 0x0, 0x3f, 0xfd, 0x0,
    0x0, 0x0, 0x0, 0x0, 0x0, 0x0, 0x0, 0x0,
    0x0, 0x0, 0x0, 0x3, 0xff, 0xd0, 0x0, 0x0,
    0x0, 0x0, 0x0, 0x0, 0x0, 0x0, 0x0, 0x0,
    0x0, 0x0, 0x4f, 0xfd, 0x0, 0x0, 0x0, 0x0,
    0x0, 0x0, 0x0, 0x0, 0x0, 0x0, 0xbe, 0xdd,
    0xdf, 0xff, 0xc0, 0x0, 0x0, 0x0, 0x0, 0x0,
    0x0, 0x0, 0x0, 0x0, 0x5, 0xff, 0xff, 0xff,
    0xf6, 0x0, 0x0, 0x0, 0x0, 0x0, 0x0, 0x0,
    0x0, 0x0, 0x0, 0xf, 0xff, 0xfd, 0xa5, 0x0,
    0x0, 0x0, 0x0, 0x0, 0x0, 0x0, 0x0, 0x0,
    0x0, 0x0, 0x0, 0x0, 0x0, 0x0, 0x0, 0x0,
    0x0, 0x0, 0x0, 0x0, 0x0,

    /* U+5C4F "屏" */
    0x0, 0xe, 0xff, 0xff, 0xff, 0xff, 0xff, 0xff,
    0xff, 0xff, 0xff, 0xff, 0xff, 0x50, 0x0, 0xf,
    0xff, 0xff, 0xff, 0xff, 0xff, 0xff, 0xff, 0xff,
    0xff, 0xff, 0xff, 0x50, 0x0, 0xf, 0xff, 0x77,
    0x77, 0x77, 0x77, 0x77, 0x77, 0x77, 0x77, 0x7d,
    0xff, 0x50, 0x0, 0xf, 0xfe, 0x0, 0x0, 0x0,
    0x0, 0x0, 0x0, 0x0, 0x0, 0xb, 0xff, 0x50,
    0x0, 0xf, 0xfe, 0x0, 0x0, 0x0, 0x0, 0x0,
    0x0, 0x0, 0x0, 0xb, 0xff, 0x50, 0x0, 0xf,
    0xff, 0xff, 0xff, 0xff, 0xff, 0xff, 0xff, 0xff,
    0xff, 0xff, 0xff, 0x50, 0x0, 0xf, 0xff, 0xff,
    0xff, 0xff, 0xff, 0xff, 0xff, 0xff, 0xff, 0xff,
    0xff, 0x50, 0x0, 0xf, 0xff, 0x77, 0x77, 0x7a,
    0xa7, 0x77, 0x77, 0x77, 0x8c, 0x87, 0x77, 0x20,
    0x0, 0xf, 0xfe, 0x0, 0x1, 0xef, 0xd0, 0x0,
    0x0, 0x0, 0x6f, 0xfa, 0x0, 0x0, 0x0, 0xf,
    0xfe, 0x0, 0x0, 0xaf, 0xf8, 0x0, 0x0, 0x0,
    0xef, 0xf3, 0x0, 0x0, 0x0, 0xf, 0xfe, 0x0,
    0x0, 0x2e, 0xa4, 0x0, 0x0, 0x6, 0xff, 0x80,
    0x0, 0x0, 0x0, 0xf, 0xfe, 0xf, 0xff, 0xff,
    0xff, 0xff, 0xff, 0xff, 0xff, 0xff, 0xff, 0xd0,
    0x0, 0xf, 0xfd, 0xf, 0xff, 0xff, 0xff, 0xff,
    0xff, 0xff, 0xff, 0xff, 0xff, 0xe0, 0x0, 0xf,
    0xfd, 0x6, 0x66, 0x6c, 0xff, 0x76, 0x66, 0x6c,
    0xff, 0x96, 0x66, 0x60, 0x0, 0x1f, 0xfc, 0x0,
    0x0, 0xa, 0xff, 0x10, 0x0, 0x9, 0xff, 0x40,
    0x0, 0x0, 0x0, 0x3f, 0xfa, 0x0, 0x0, 0xa,
    0xff, 0x10, 0x0, 0x9, 0xff, 0x40, 0x0, 0x0,
    0x0, 0x4f, 0xf8, 0x0, 0x0, 0xa, 0xff, 0x10,
    0x0, 0x9, 0xff, 0x40, 0x0, 0x0, 0x0, 0x6f,
    0xf7, 0xbe, 0xee, 0xef, 0xff, 0xfe, 0xee, 0xef,
    0xff, 0xfe, 0xee, 0xeb, 0x0, 0xaf, 0xf4, 0xbf,
    0xff, 0xff, 0xff, 0xff, 0xff, 0xff, 0xff, 0xff,
    0xff, 0xfc, 0x0, 0xef, 0xf1, 0x57, 0x77, 0x9f,
    0xfd, 0x77, 0x77, 0x7c, 0xff, 0x97, 0x77, 0x75,
    0x2, 0xff, 0xc0, 0x0, 0x0, 0xaf, 0xf7, 0x0,
    0x0, 0x9, 0xff, 0x40, 0x0, 0x0, 0x7, 0xff,
    0x80, 0x0, 0x6, 0xff, 0xf2, 0x0, 0x0, 0x9,
    0xff, 0x40, 0x0, 0x0, 0xe, 0xff, 0x40, 0x0,
    0x7f, 0xff, 0x70, 0x0, 0x0, 0x9, 0xff, 0x40,
    0x0, 0x0, 0x7f, 0xfc, 0x0, 0x4d, 0xff, 0xf9,
    0x0, 0x0, 0x0, 0x9, 0xff, 0x40, 0x0, 0x0,
    0xbf, 0xf4, 0x0, 0x9f, 0xff, 0x70, 0x0, 0x0,
    0x0, 0x9, 0xff, 0x40, 0x0, 0x0, 0x6, 0xc0,
    0x0, 0xa, 0xa2, 0x0, 0x0, 0x0, 0x0, 0x9,
    0xff, 0x40, 0x0, 0x0, 0x0, 0x0, 0x0, 0x0,
    0x0, 0x0, 0x0, 0x0, 0x0, 0x0, 0x0, 0x0,
    0x0, 0x0,

    /* U+5C5E "属" */
    0x0, 0x0, 0x0, 0x0, 0x0, 0x0, 0x0, 0x0,
    0x0, 0x0, 0x0, 0x0, 0x0, 0x0, 0x0, 0x0,
    0xef, 0xff, 0xff, 0xff, 0xff, 0xff, 0xff, 0xff,
    0xff, 0xff, 0xff, 0xd0, 0x0, 0x0, 0xef, 0xff,
    0xff, 0xff, 0xff, 0xff, 0xff, 0xff, 0xff, 0xff,
    0xff, 0xd0, 0x0, 0x0, 0xef, 0xe2, 0x22, 0x22,
    0x22, 0x22, 0x22, 0x22, 0x22, 0x22, 0xff, 0xd0,
    0x0, 0x0, 0xef, 0xd0, 0x0, 0x0, 0x0, 0x0,
    0x0, 0x0, 0x0, 0x0, 0xff, 0xd0, 0x0, 0x0,
    0xef, 0xfd, 0xdd, 0xdd, 0xdd, 0xdd, 0xdd, 0xdd,
    0xdd, 0xdd, 0xff, 0xd0, 0x0, 0x0, 0xef, 0xff,
    0xff, 0xff, 0xff, 0xff, 0xff, 0xff, 0xff, 0xff,
    0xff, 0xd0, 0x0, 0x0, 0xef, 0xe5, 0x55, 0x55,
    0x55, 0x55, 0x55, 0x55, 0x55, 0x56, 0x65, 0x40,
    0x0, 0x0, 0xef, 0xd0, 0x0, 0x0, 0x0, 0x0,
    0x2, 0x35, 0x79, 0xcf, 0x80, 0x0, 0x0, 0x0,
    0xff, 0xd0, 0x3c, 0xcd, 0xee, 0xff, 0xff, 0xff,
    0xff, 0xff, 0xd4, 0x0, 0x0, 0x0, 0xff, 0xd0,
    0x1f, 0xff, 0xfe, 0xed, 0xff, 0xd8, 0x75, 0x30,
    0x0, 0x0, 0x0, 0x0, 0xff, 0xc0, 0x0, 0x0,
    0x0, 0x0, 0xff, 0x90, 0x0, 0x0, 0x0, 0x0,
    0x0, 0x0, 0xff, 0xc0, 0xa, 0xbb, 0xbb, 0xbb,
    0xff, 0xeb, 0xbb, 0xbb, 0xba, 0x0, 0x0, 0x0,
    0xff, 0xb0, 0xd, 0xff, 0xff, 0xff, 0xff, 0xff,
    0xff, 0xff, 0xfe, 0x0, 0x0, 0x2, 0xff, 0xa0,
    0xd, 0xf9, 0x0, 0x0, 0xff, 0x90, 0x0, 0xb,
    0xfe, 0x0, 0x0, 0x3, 0xff, 0x80, 0xd, 0xfa,
    0x0, 0x0, 0xff, 0x90, 0x0, 0xb, 0xfe, 0x0,
    0x0, 0x5, 0xff, 0x60, 0xd, 0xff, 0xff, 0xff,
    0xff, 0xff, 0xff, 0xff, 0xfe, 0x0, 0x0, 0x7,
    0xff, 0x50, 0x8, 0x99, 0x99, 0x99, 0xff, 0xd9,
    0x99, 0x99, 0x98, 0x0, 0x0, 0xa, 0xff, 0x20,
    0x0, 0x0, 0x0, 0x0, 0xff, 0x90, 0x0, 0x0,
    0x0, 0x0, 0x0, 0xe, 0xff, 0x1, 0xff, 0xff,
    0xff, 0xff, 0xff, 0xff, 0xff, 0xff, 0xff, 0xf4,
    0x0, 0x2f, 0xfb, 0x1, 0xff, 0xfd, 0xdd, 0xdd,
    0xff, 0xfd, 0xdd, 0xdd, 0xef, 0xf4, 0x0, 0x6f,
    0xf7, 0x1, 0xff, 0x80, 0x0, 0x0, 0xff, 0x90,
    0x6a, 0x0, 0x5f, 0xf4, 0x0, 0xcf, 0xf3, 0x1,
    0xff, 0x80, 0x0, 0x1, 0xff, 0xa3, 0xaf, 0x90,
    0x5f, 0xf4, 0x3, 0xff, 0xd0, 0x1, 0xff, 0x88,
    0xff, 0xff, 0xff, 0xff, 0xff, 0xf2, 0x5f, 0xf4,
    0xb, 0xff, 0x60, 0x1, 0xff, 0x87, 0xff, 0xfe,
    0xdc, 0xba, 0x9a, 0xfb, 0x5f, 0xf4, 0xa, 0xfe,
    0x0, 0x1, 0xff, 0x80, 0x10, 0x0, 0x0, 0x0,
    0x1, 0xff, 0xff, 0xf2, 0x0, 0x36, 0x0, 0x1,
    0xff, 0x80, 0x0, 0x0, 0x0, 0x0, 0x0, 0xae,
    0xec, 0x70,

    /* U+5DE5 "工" */
    0x0, 0x0, 0x0, 0x0, 0x0, 0x0, 0x0, 0x0,
    0x0, 0x0, 0x0, 0x0, 0x0, 0x0, 0x0, 0xbf,
    0xff, 0xff, 0xff, 0xff, 0xff, 0xff, 0xff, 0xff,
    0xff, 0xff, 0xff, 0x30, 0x0, 0xbf, 0xff, 0xff,
    0xff, 0xff, 0xff, 0xff, 0xff, 0xff, 0xff, 0xff,
    0xff, 0x30, 0x0, 0xae, 0xee, 0xee, 0xee, 0xee,
    0xff, 0xff, 0xee, 0xee, 0xee, 0xee, 0xee, 0x30,
    0x0, 0x0, 0x0, 0x0, 0x0, 0x0, 0x7f, 0xfb,
    0x0, 0x0, 0x0, 0x0, 0x0, 0x0, 0x0, 0x0,
    0x0, 0x0, 0x0, 0x0, 0x7f, 0xfb, 0x0, 0x0,
    0x0, 0x0, 0x0, 0x0, 0x0, 0x0, 0x0, 0x0,
    0x0, 0x0, 0x7f, 0xfb, 0x0, 0x0, 0x0, 0x0,
    0x0, 0x0, 0x0, 0x0, 0x0, 0x0, 0x0, 0x0,
    0x7f, 0xfb, 0x0, 0x0, 0x0, 0x0, 0x0, 0x0,
    0x0, 0x0, 0x0, 0x0, 0x0, 0x0, 0x7f, 0xfb,
    0x0, 0x0, 0x0, 0x0, 0x0, 0x0, 0x0, 0x0,
    0x0, 0x0, 0x0, 0x0, 0x7f, 0xfb, 0x0, 0x0,
    0x0, 0x0, 0x0, 0x0, 0x0, 0x0, 0x0, 0x0,
    0x0, 0x0, 0x7f, 0xfb, 0x0, 0x0, 0x0, 0x0,
    0x0, 0x0, 0x0, 0x0, 0x0, 0x0, 0x0, 0x0,
    0x7f, 0xfb, 0x0, 0x0, 0x0, 0x0, 0x0, 0x0,
    0x0, 0x0, 0x0, 0x0, 0x0, 0x0, 0x7f, 0xfb,
    0x0, 0x0, 0x0, 0x0, 0x0, 0x0, 0x0, 0x0,
    0x0, 0x0, 0x0, 0x0, 0x7f, 0xfb, 0x0, 0x0,
    0x0, 0x0, 0x0, 0x0, 0x0, 0x0, 0x0, 0x0,
    0x0, 0x0, 0x7f, 0xfb, 0x0, 0x0, 0x0, 0x0,
    0x0, 0x0, 0x0, 0x0, 0x0, 0x0, 0x0, 0x0,
    0x7f, 0xfb, 0x0, 0x0, 0x0, 0x0, 0x0, 0x0,
    0x0, 0x0, 0x0, 0x0, 0x0, 0x0, 0x7f, 0xfb,
    0x0, 0x0, 0x0, 0x0, 0x0, 0x0, 0x0, 0x0,
    0x0, 0x0, 0x0, 0x0, 0x7f, 0xfb, 0x0, 0x0,
    0x0, 0x0, 0x0, 0x0, 0x0, 0x0, 0x0, 0x0,
    0x0, 0x0, 0x7f, 0xfb, 0x0, 0x0, 0x0, 0x0,
    0x0, 0x0, 0x0, 0x0, 0x0, 0x0, 0x0, 0x0,
    0x7f, 0xfb, 0x0, 0x0, 0x0, 0x0, 0x0, 0x0,
    0x3b, 0xbb, 0xbb, 0xbb, 0xbb, 0xbb, 0xdf, 0xfe,
    0xbb, 0xbb, 0xbb, 0xbb, 0xbb, 0xb9, 0x4f, 0xff,
    0xff, 0xff, 0xff, 0xff, 0xff, 0xff, 0xff, 0xff,
    0xff, 0xff, 0xff, 0xfd, 0x4f, 0xff, 0xff, 0xff,
    0xff, 0xff, 0xff, 0xff, 0xff, 0xff, 0xff, 0xff,
    0xff, 0xfd, 0x1, 0x11, 0x11, 0x11, 0x11, 0x11,
    0x11, 0x11, 0x11, 0x11, 0x11, 0x11, 0x11, 0x11,

    /* U+5DF2 "已" */
    0x2b, 0xbb, 0xbb, 0xbb, 0xbb, 0xbb, 0xbb, 0xbb,
    0xbb, 0xbb, 0xbb, 0xa0, 0x0, 0x3, 0xff, 0xff,
    0xff, 0xff, 0xff, 0xff, 0xff, 0xff, 0xff, 0xff,
    0xfe, 0x0, 0x0, 0x3f, 0xff, 0xff, 0xff, 0xff,
    0xff, 0xff, 0xff, 0xff, 0xff, 0xff, 0xe0, 0x0,
    0x0, 0x0, 0x0, 0x0, 0x0, 0x0, 0x0, 0x0,
    0x0, 0x0, 0x1f, 0xfe, 0x0, 0x0, 0x0, 0x0,
    0x0, 0x0, 0x0, 0x0, 0x0, 0x0, 0x0, 0x0,
    0xff, 0xe0, 0x0, 0x0, 0x0, 0x0, 0x0, 0x0,
    0x0, 0x0, 0x0, 0x0, 0x0, 0xf, 0xfe, 0x0,
    0x0, 0x0, 0xce, 0xe1, 0x0, 0x0, 0x0, 0x0,
    0x0, 0x0, 0x0, 0xff, 0xe0, 0x0, 0x0, 0xd,
    0xff, 0x10, 0x0, 0x0, 0x0, 0x0, 0x0, 0x0,
    0xf, 0xfe, 0x0, 0x0, 0x0, 0xdf, 0xf1, 0x0,
    0x0, 0x0, 0x0, 0x0, 0x0, 0x0, 0xff, 0xe0,
    0x0, 0x0, 0xd, 0xff, 0x10, 0x0, 0x0, 0x0,
    0x0, 0x0, 0x0, 0xf, 0xfe, 0x0, 0x0, 0x0,
    0xdf, 0xfb, 0xaa, 0xaa, 0xaa, 0xaa, 0xaa, 0xaa,
    0xab, 0xff, 0xe0, 0x0, 0x0, 0xd, 0xff, 0xff,
    0xff, 0xff, 0xff, 0xff, 0xff, 0xff, 0xff, 0xfe,
    0x0, 0x0, 0x0, 0xdf, 0xff, 0xff, 0xff, 0xff,
    0xff, 0xff, 0xff, 0xff, 0xff, 0xe0, 0x0, 0x0,
    0xd, 0xff, 0x21, 0x11, 0x11, 0x11, 0x11, 0x11,
    0x11, 0x2f, 0xfe, 0x0, 0x0, 0x0, 0xdf, 0xf1,
    0x0, 0x0, 0x0, 0x0, 0x0, 0x0, 0x0, 0x99,
    0x80, 0x0, 0x0, 0xd, 0xff, 0x10, 0x0, 0x0,
    0x0, 0x0, 0x0, 0x0, 0x0, 0x0, 0x0, 0x0,
    0x0, 0xdf, 0xf1, 0x0, 0x0, 0x0, 0x0, 0x0,
    0x0, 0x0, 0x0, 0x0, 0x0, 0x0, 0xd, 0xff,
    0x10, 0x0, 0x0, 0x0, 0x0, 0x0, 0x0, 0x0,
    0x0, 0x27, 0x10, 0x0, 0xdf, 0xf1, 0x0, 0x0,
    0x0, 0x0, 0x0, 0x0, 0x0, 0x0, 0x4, 0xff,
    0x80, 0xd, 0xff, 0x10, 0x0, 0x0, 0x0, 0x0,
    0x0, 0x0, 0x0, 0x0, 0x6f, 0xf9, 0x0, 0xdf,
    0xf1, 0x0, 0x0, 0x0, 0x0, 0x0, 0x0, 0x0,
    0x0, 0x9, 0xff, 0x70, 0xc, 0xff, 0x30, 0x0,
    0x0, 0x0, 0x0, 0x0, 0x0, 0x0, 0x0, 0xef,
    0xf3, 0x0, 0xaf, 0xfc, 0x41, 0x10, 0x0, 0x0,
    0x0, 0x0, 0x0, 0x24, 0xdf, 0xfe, 0x0, 0x4,
    0xff, 0xff, 0xff, 0xff, 0xff, 0xff, 0xff, 0xff,
    0xff, 0xff, 0xff, 0x70, 0x0, 0x8, 0xff, 0xff,
    0xff, 0xff, 0xff, 0xff, 0xff, 0xff, 0xff, 0xff,
    0x90, 0x0, 0x0, 0x3, 0x7a, 0xbc, 0xcc, 0xcc,
    0xcc, 0xcc, 0xcc, 0xcb, 0xb8, 0x30, 0x0,

    /* U+5E08 "师" */
    0x0, 0x0, 0x3, 0x55, 0x0, 0x0, 0x0, 0x0,
    0x0, 0x0, 0x0, 0x0, 0x0, 0x0, 0x0, 0x0,
    0x9f, 0xf0, 0x0, 0x0, 0x0, 0x0, 0x0, 0x0,
    0x0, 0x0, 0x0, 0x0, 0x0, 0x9, 0xff, 0xa,
    0xee, 0xee, 0xee, 0xee, 0xee, 0xee, 0xee, 0xee,
    0x40, 0x0, 0x0, 0x9f, 0xf0, 0xbf, 0xff, 0xff,
    0xff, 0xff, 0xff, 0xff, 0xff, 0xf4, 0x7f, 0xf1,
    0x9, 0xff, 0x8, 0xaa, 0xaa, 0xaa, 0xef, 0xfa,
    0xaa, 0xaa, 0xaa, 0x37, 0xff, 0x10, 0x9f, 0xf0,
    0x0, 0x0, 0x0, 0xb, 0xfe, 0x0, 0x0, 0x0,
    0x0, 0x7f, 0xf1, 0x9, 0xff, 0x0, 0x0, 0x0,
    0x0, 0xbf, 0xe0, 0x0, 0x0, 0x0, 0x7, 0xff,
    0x10, 0x9f, 0xf0, 0x0, 0x0, 0x0, 0xc, 0xff,
    0x0, 0x0, 0x0, 0x0, 0x7f, 0xf1, 0x9, 0xff,
    0x0, 0xcf, 0xff, 0xff, 0xff, 0xff, 0xff, 0xff,
    0xf5, 0x7, 0xff, 0x10, 0x9f, 0xf0, 0xc, 0xff,
    0xff, 0xff, 0xff, 0xff, 0xff, 0xff, 0x50, 0x7f,
    0xf1, 0x9, 0xff, 0x0, 0xcf, 0xe7, 0x77, 0xdf,
    0xf7, 0x77, 0xaf, 0xf5, 0x7, 0xff, 0x10, 0x9f,
    0xf0, 0xc, 0xfc, 0x0, 0xb, 0xfe, 0x0, 0x4,
    0xff, 0x50, 0x7f, 0xf1, 0x9, 0xff, 0x0, 0xcf,
    0xc0, 0x0, 0xbf, 0xe0, 0x0, 0x4f, 0xf5, 0x7,
    0xff, 0x10, 0xaf, 0xf0, 0xc, 0xfc, 0x0, 0xb,
    0xfe, 0x0, 0x4, 0xff, 0x50, 0x7f, 0xf1, 0xa,
    0xff, 0x0, 0xcf, 0xc0, 0x0, 0xbf, 0xe0, 0x0,
    0x4f, 0xf5, 0x7, 0xff, 0x10, 0xbf, 0xe0, 0xc,
    0xfc, 0x0, 0xb, 0xfe, 0x0, 0x4, 0xff, 0x50,
    0x7f, 0xf1, 0xc, 0xfe, 0x0, 0xcf, 0xc0, 0x0,
    0xbf, 0xe0, 0x0, 0x4f, 0xf5, 0x7, 0xff, 0x10,
    0xff, 0xc0, 0xc, 0xfc, 0x0, 0xb, 0xfe, 0x0,
    0x4, 0xff, 0x50, 0x4a, 0xa0, 0x1f, 0xf9, 0x0,
    0xcf, 0xc0, 0x0, 0xbf, 0xe0, 0x0, 0x4f, 0xf5,
    0x0, 0x0, 0x4, 0xff, 0x60, 0xc, 0xfc, 0x0,
    0xb, 0xfe, 0x0, 0x4, 0xff, 0x50, 0x0, 0x0,
    0x9f, 0xf3, 0x0, 0xcf, 0xc0, 0x0, 0xbf, 0xe0,
    0x0, 0x4f, 0xf5, 0x0, 0x0, 0xf, 0xff, 0x0,
    0xc, 0xfc, 0x0, 0xb, 0xfe, 0x7, 0x8b, 0xff,
    0x40, 0x0, 0x6, 0xff, 0xa0, 0x0, 0xcf, 0xc0,
    0x0, 0xbf, 0xe0, 0x8f, 0xff, 0xf1, 0x0, 0x0,
    0xdf, 0xf3, 0x0, 0xc, 0xfc, 0x0, 0xb, 0xfe,
    0x3, 0xdd, 0xa4, 0x0, 0x0, 0x9f, 0xfb, 0x0,
    0x0, 0x0, 0x0, 0x0, 0xbf, 0xe0, 0x0, 0x0,
    0x0, 0x0, 0x7f, 0xfe, 0x10, 0x0, 0x0, 0x0,
    0x0, 0xb, 0xfe, 0x0, 0x0, 0x0, 0x0, 0xc,
    0xff, 0x50, 0x0, 0x0, 0x0, 0x0, 0x0, 0xbf,
    0xe0, 0x0, 0x0, 0x0, 0x0, 0xa, 0x50, 0x0,
    0x0, 0x0, 0x0, 0x0, 0xb, 0xfe, 0x0, 0x0,
    0x0, 0x0,

    /* U+5E26 "带" */
    0x0, 0x0, 0x0, 0x0, 0x0, 0x0, 0x0, 0x0,
    0x0, 0x0, 0x0, 0x0, 0x0, 0x0, 0x0, 0x0,
    0x9, 0xff, 0x30, 0x0, 0x3f, 0xf9, 0x0, 0x0,
    0xaf, 0xf2, 0x0, 0x0, 0x0, 0x0, 0x9, 0xff,
    0x30, 0x0, 0x3f, 0xf9, 0x0, 0x0, 0xaf, 0xf2,
    0x0, 0x0, 0x0, 0x0, 0x9, 0xff, 0x30, 0x0,
    0x3f, 0xf9, 0x0, 0x0, 0xaf, 0xf2, 0x0, 0x0,
    0x3c, 0xcc, 0xce, 0xff, 0xdc, 0xcc, 0xdf, 0xfe,
    0xcc, 0xcc, 0xff, 0xfd, 0xcc, 0xca, 0x4f, 0xff,
    0xff, 0xff, 0xff, 0xff, 0xff, 0xff, 0xff, 0xff,
    0xff, 0xff, 0xff, 0xfc, 0x29, 0x99, 0x9d, 0xff,
    0xb9, 0x99, 0xbf, 0xfd, 0x99, 0x99, 0xef, 0xfa,
    0x99, 0x97, 0x0, 0x0, 0x9, 0xff, 0x30, 0x0,
    0x3f, 0xf9, 0x0, 0x0, 0xaf, 0xf2, 0x0, 0x0,
    0x0, 0x0, 0x9, 0xff, 0x30, 0x0, 0x3f, 0xf9,
    0x0, 0x0, 0xaf, 0xf2, 0x0, 0x0, 0x0, 0x0,
    0x4, 0x77, 0x10, 0x0, 0x16, 0x64, 0x0, 0x0,
    0x58, 0x81, 0x0, 0x0, 0x3, 0x55, 0x55, 0x55,
    0x55, 0x55, 0x55, 0x55, 0x55, 0x55, 0x55, 0x55,
    0x55, 0x50, 0x9, 0xff, 0xff, 0xff, 0xff, 0xff,
    0xff, 0xff, 0xff, 0xff, 0xff, 0xff, 0xff, 0xf1,
    0x9, 0xff, 0xff, 0xff, 0xff, 0xff, 0xff, 0xff,
    0xff, 0xff, 0xff, 0xff, 0xff, 0xf1, 0x9, 0xff,
    0x30, 0x0, 0x0, 0x0, 0x6f, 0xf9, 0x0, 0x0,
    0x0, 0x0, 0xdf, 0xf1, 0x9, 0xff, 0x20, 0x0,
    0x0, 0x0, 0x5f, 0xf9, 0x0, 0x0, 0x0, 0x0,
    0xcf, 0xf1, 0x9, 0xff, 0x20, 0x0, 0x0, 0x0,
    0x5f, 0xf9, 0x0, 0x0, 0x0, 0x0, 0xcf, 0xf1,
    0x9, 0xff, 0x8f, 0xff, 0xff, 0xff, 0xff, 0xff,
    0xff, 0xff, 0xff, 0xff, 0xff, 0xf1, 0x0, 0x0,
    0x5f, 0xff, 0xff, 0xff, 0xff, 0xff, 0xff, 0xff,
    0xff, 0xff, 0x60, 0x0, 0x0, 0x0, 0x5f, 0xfc,
    0x88, 0x88, 0xbf, 0xfd, 0x88, 0x88, 0x8c, 0xff,
    0x60, 0x0, 0x0, 0x0, 0x5f, 0xf7, 0x0, 0x0,
    0x5f, 0xf9, 0x0, 0x0, 0x7, 0xff, 0x60, 0x0,
    0x0, 0x0, 0x5f, 0xf7, 0x0, 0x0, 0x5f, 0xf9,
    0x0, 0x0, 0x7, 0xff, 0x60, 0x0, 0x0, 0x0,
    0x5f, 0xf7, 0x0, 0x0, 0x5f, 0xf9, 0x0, 0x0,
    0x7, 0xff, 0x60, 0x0, 0x0, 0x0, 0x5f, 0xf7,
    0x0, 0x0, 0x5f, 0xf9, 0x0, 0x0, 0x7, 0xff,
    0x60, 0x0, 0x0, 0x0, 0x5f, 0xf7, 0x0, 0x0,
    0x5f, 0xf9, 0x0, 0x89, 0x8d, 0xff, 0x50, 0x0,
    0x0, 0x0, 0x5f, 0xf7, 0x0, 0x0, 0x5f, 0xf9,
    0x0, 0xaf, 0xff, 0xff, 0x20, 0x0, 0x0, 0x0,
    0x5d, 0xd6, 0x0, 0x0, 0x5f, 0xf9, 0x0, 0x4d,
    0xdc, 0x93, 0x0, 0x0, 0x0, 0x0, 0x0, 0x0,
    0x0, 0x0, 0x5f, 0xf9, 0x0, 0x0, 0x0, 0x0,
    0x0, 0x0, 0x0, 0x0, 0x0, 0x0, 0x0, 0x0,
    0x5f, 0xf9, 0x0, 0x0, 0x0, 0x0, 0x0, 0x0,

    /* U+5E38 "常" */
    0x0, 0x0, 0x0, 0x0, 0x0, 0x1, 0x66, 0x40,
    0x0, 0x0, 0x0, 0x0, 0x0, 0x0, 0x6, 0xcd,
    0x0, 0x0, 0x2, 0xff, 0xc0, 0x0, 0x0, 0xdd,
    0x82, 0x0, 0x0, 0xc, 0xff, 0xa0, 0x0, 0x2,
    0xff, 0xc0, 0x0, 0x8, 0xff, 0xd1, 0x0, 0x0,
    0x1, 0xff, 0xf4, 0x0, 0x2, 0xff, 0xc0, 0x0,
    0x3f, 0xff, 0x20, 0x0, 0x0, 0x0, 0x7f, 0xc4,
    0x0, 0x2, 0xff, 0xc0, 0x0, 0x6e, 0xf4, 0x0,
    0x0, 0x9f, 0xff, 0xff, 0xff, 0xff, 0xff, 0xff,
    0xff, 0xff, 0xff, 0xff, 0xff, 0xfc, 0xaf, 0xff,
    0xff, 0xff, 0xff, 0xff, 0xff, 0xff, 0xff, 0xff,
    0xff, 0xff, 0xfc, 0xaf, 0xf8, 0x77, 0x77, 0x77,
    0x77, 0x77, 0x77, 0x77, 0x77, 0x77, 0x8f, 0xfc,
    0xaf, 0xf1, 0x0, 0x0, 0x0, 0x0, 0x0, 0x0,
    0x0, 0x0, 0x0, 0xf, 0xfc, 0xaf, 0xf1, 0xc,
    0xdd, 0xdd, 0xdd, 0xdd, 0xdd, 0xdd, 0xdd, 0xd0,
    0xf, 0xfc, 0xaf, 0xf1, 0xe, 0xff, 0xff, 0xff,
    0xff, 0xff, 0xff, 0xff, 0xf0, 0xf, 0xfc, 0x8d,
    0xd1, 0xe, 0xfd, 0x33, 0x33, 0x33, 0x33, 0x33,
    0xef, 0xf0, 0xd, 0xda, 0x0, 0x0, 0xe, 0xfc,
    0x0, 0x0, 0x0, 0x0, 0x0, 0xdf, 0xf0, 0x0,
    0x0, 0x0, 0x0, 0xe, 0xfd, 0x0, 0x0, 0x0,
    0x0, 0x0, 0xdf, 0xf0, 0x0, 0x0, 0x0, 0x0,
    0xe, 0xff, 0xff, 0xff, 0xff, 0xff, 0xff, 0xff,
    0xf0, 0x0, 0x0, 0x0, 0x0, 0xe, 0xff, 0xff,
    0xff, 0xff, 0xff, 0xff, 0xff, 0xf0, 0x0, 0x0,
    0x0, 0x0, 0x0, 0x0, 0x0, 0x0, 0xef, 0xf0,
    0x0, 0x0, 0x0, 0x0, 0x0, 0x0, 0x0, 0x0,
    0x0, 0x0, 0x0, 0xef, 0xf0, 0x0, 0x0, 0x0,
    0x0, 0x0, 0x0, 0xaf, 0xff, 0xff, 0xff, 0xff,
    0xff, 0xff, 0xff, 0xff, 0xff, 0xff, 0x0, 0x0,
    0xaf, 0xff, 0xff, 0xff, 0xff, 0xff, 0xff, 0xff,
    0xff, 0xff, 0xff, 0x0, 0x0, 0xaf, 0xfa, 0x99,
    0x99, 0x99, 0xff, 0xf9, 0x99, 0x99, 0x9f, 0xff,
    0x0, 0x0, 0xaf, 0xf3, 0x0, 0x0, 0x0, 0xef,
    0xf0, 0x0, 0x0, 0xd, 0xff, 0x0, 0x0, 0xaf,
    0xf3, 0x0, 0x0, 0x0, 0xef, 0xf0, 0x0, 0x0,
    0xd, 0xff, 0x0, 0x0, 0xaf, 0xf3, 0x0, 0x0,
    0x0, 0xef, 0xf0, 0x0, 0x0, 0xd, 0xff, 0x0,
    0x0, 0xaf, 0xf3, 0x0, 0x0, 0x0, 0xef, 0xf0,
    0x0, 0x0, 0x1e, 0xff, 0x0, 0x0, 0xaf, 0xf3,
    0x0, 0x0, 0x0, 0xef, 0xf0, 0xd, 0xff, 0xff,
    0xfd, 0x0, 0x0, 0xaf, 0xf3, 0x0, 0x0, 0x0,
    0xef, 0xf0, 0x7, 0xff, 0xff, 0xf5, 0x0, 0x0,
    0x0, 0x0, 0x0, 0x0, 0x0, 0xef, 0xf0, 0x2,
    0x77, 0x74, 0x10, 0x0,

    /* U+5E55 "幕" */
    0x0, 0x0, 0x0, 0x0, 0x47, 0x71, 0x0, 0x0,
    0x0, 0x57, 0x70, 0x0, 0x0, 0x0, 0x0, 0x0,
    0x0, 0x0, 0x9, 0xff, 0x20, 0x0, 0x0, 0xb,
    0xff, 0x10, 0x0, 0x0, 0x0, 0x3, 0xcc, 0xcc,
    0xcc, 0xef, 0xfd, 0xcc, 0xcc, 0xcc, 0xff, 0xfd,
    0xcc, 0xcc, 0xcb, 0x0, 0x4f, 0xff, 0xff, 0xff,
    0xff, 0xff, 0xff, 0xff, 0xff, 0xff, 0xff, 0xff,
    0xff, 0xe0, 0x2, 0x88, 0x88, 0x88, 0xcf, 0xf9,
    0x88, 0x88, 0x88, 0xdf, 0xf8, 0x88, 0x88, 0x87,
    0x0, 0x0, 0x0, 0x0, 0x7, 0xcc, 0x10, 0x0,
    0x0, 0x8, 0xbb, 0x0, 0x0, 0x0, 0x0, 0x0,
    0x0, 0x4b, 0xbb, 0xbb, 0xbb, 0xbb, 0xbb, 0xbb,
    0xbb, 0xbb, 0xbb, 0xb2, 0x0, 0x0, 0x0, 0x5,
    0xff, 0xff, 0xff, 0xff, 0xff, 0xff, 0xff, 0xff,
    0xff, 0xff, 0x20, 0x0, 0x0, 0x0, 0x5f, 0xf6,
    0x0, 0x0, 0x0, 0x0, 0x0, 0x0, 0x0, 0xaf,
    0xf2, 0x0, 0x0, 0x0, 0x5, 0xff, 0x60, 0x0,
    0x0, 0x0, 0x0, 0x0, 0x0, 0xa, 0xff, 0x20,
    0x0, 0x0, 0x0, 0x5f, 0xff, 0xff, 0xff, 0xff,
    0xff, 0xff, 0xff, 0xff, 0xff, 0xf2, 0x0, 0x0,
    0x0, 0x5, 0xff, 0xca, 0xaa, 0xaa, 0xaa, 0xaa,
    0xaa, 0xaa, 0xae, 0xff, 0x20, 0x0, 0x0, 0x0,
    0x5f, 0xf5, 0x0, 0x0, 0x0, 0x0, 0x0, 0x0,
    0x0, 0x9f, 0xf2, 0x0, 0x0, 0x0, 0x5, 0xff,
    0xed, 0xdd, 0xdd, 0xdd, 0xdd, 0xdd, 0xdd, 0xdf,
    0xff, 0x20, 0x0, 0x0, 0x0, 0x5f, 0xff, 0xff,
    0xff, 0xff, 0xff, 0xff, 0xff, 0xff, 0xff, 0xf2,
    0x0, 0x0, 0x0, 0x0, 0x0, 0x0, 0x5f, 0xfb,
    0x0, 0x0, 0x0, 0x0, 0x0, 0x0, 0x0, 0x0,
    0x4, 0x66, 0x66, 0x66, 0x6e, 0xff, 0x96, 0x66,
    0x66, 0x66, 0x66, 0x66, 0x66, 0x66, 0x10, 0xaf,
    0xff, 0xff, 0xff, 0xff, 0xff, 0xff, 0xff, 0xff,
    0xff, 0xff, 0xff, 0xff, 0xf3, 0x9, 0xdd, 0xdd,
    0xef, 0xff, 0xed, 0xdf, 0xff, 0xdd, 0xdf, 0xff,
    0xed, 0xdd, 0xdd, 0x20, 0x0, 0x0, 0x4e, 0xff,
    0xb0, 0x0, 0xbf, 0xf0, 0x0, 0x2e, 0xff, 0x70,
    0x0, 0x0, 0x0, 0x1, 0x8f, 0xff, 0xe6, 0x55,
    0x5d, 0xff, 0x65, 0x55, 0x8f, 0xff, 0xd4, 0x0,
    0x0, 0x18, 0xff, 0xff, 0xff, 0xff, 0xff, 0xff,
    0xff, 0xff, 0xff, 0xff, 0xff, 0xfe, 0x83, 0x1e,
    0xff, 0xfa, 0xff, 0xfe, 0xee, 0xef, 0xff, 0xee,
    0xee, 0xef, 0xff, 0xdf, 0xff, 0x70, 0x3e, 0x92,
    0xf, 0xfc, 0x0, 0x0, 0xbf, 0xf0, 0x0, 0x0,
    0xdf, 0xe0, 0x39, 0x90, 0x0, 0x0, 0x0, 0xff,
    0xc0, 0x0, 0xb, 0xff, 0x0, 0x0, 0xd, 0xfe,
    0x0, 0x0, 0x0, 0x0, 0x0, 0xf, 0xfc, 0x0,
    0x0, 0xbf, 0xf0, 0x9, 0xcd, 0xff, 0xd0, 0x0,
    0x0, 0x0, 0x0, 0x0, 0xff, 0xc0, 0x0, 0xb,
    0xff, 0x0, 0x5f, 0xff, 0xf5, 0x0, 0x0, 0x0,
    0x0, 0x0, 0x4, 0x43, 0x0, 0x0, 0xbf, 0xf0,
    0x0, 0x33, 0x20, 0x0, 0x0, 0x0,

    /* U+5E72 "干" */
    0x0, 0x0, 0x0, 0x0, 0x0, 0x0, 0x0, 0x0,
    0x0, 0x0, 0x0, 0x0, 0x0, 0x0, 0x0, 0xaf,
    0xff, 0xff, 0xff, 0xff, 0xff, 0xff, 0xff, 0xff,
    0xff, 0xff, 0xff, 0x40, 0x0, 0xaf, 0xff, 0xff,
    0xff, 0xff, 0xff, 0xff, 0xff, 0xff, 0xff, 0xff,
    0xff, 0x40, 0x0, 0x9d, 0xdd, 0xdd, 0xdd, 0xdd,
    0xef, 0xff, 0xdd, 0xdd, 0xdd, 0xdd, 0xdd, 0x40,
    0x0, 0x0, 0x0, 0x0, 0x0, 0x0, 0x7f, 0xfa,
    0x0, 0x0, 0x0, 0x0, 0x0, 0x0, 0x0, 0x0,
    0x0, 0x0, 0x0, 0x0, 0x7f, 0xfa, 0x0, 0x0,
    0x0, 0x0, 0x0, 0x0, 0x0, 0x0, 0x0, 0x0,
    0x0, 0x0, 0x7f, 0xfa, 0x0, 0x0, 0x0, 0x0,
    0x0, 0x0, 0x0, 0x0, 0x0, 0x0, 0x0, 0x0,
    0x7f, 0xfa, 0x0, 0x0, 0x0, 0x0, 0x0, 0x0,
    0x0, 0x0, 0x0, 0x0, 0x0, 0x0, 0x7f, 0xfa,
    0x0, 0x0, 0x0, 0x0, 0x0, 0x0, 0x0, 0x0,
    0x0, 0x0, 0x0, 0x0, 0x7f, 0xfa, 0x0, 0x0,
    0x0, 0x0, 0x0, 0x0, 0x0, 0x0, 0x0, 0x0,
    0x0, 0x0, 0x7f, 0xfb, 0x0, 0x0, 0x0, 0x0,
    0x0, 0x0, 0x3f, 0xff, 0xff, 0xff, 0xff, 0xff,
    0xff, 0xff, 0xff, 0xff, 0xff, 0xff, 0xff, 0xfb,
    0x3f, 0xff, 0xff, 0xff, 0xff, 0xff, 0xff, 0xff,
    0xff, 0xff, 0xff, 0xff, 0xff, 0xfb, 0x3e, 0xee,
    0xee, 0xee, 0xee, 0xee, 0xff, 0xff, 0xee, 0xee,
    0xee, 0xee, 0xee, 0xea, 0x0, 0x0, 0x0, 0x0,
    0x0, 0x0, 0x7f, 0xfa, 0x0, 0x0, 0x0, 0x0,
    0x0, 0x0, 0x0, 0x0, 0x0, 0x0, 0x0, 0x0,
    0x7f, 0xfa, 0x0, 0x0, 0x0, 0x0, 0x0, 0x0,
    0x0, 0x0, 0x0, 0x0, 0x0, 0x0, 0x7f, 0xfa,
    0x0, 0x0, 0x0, 0x0, 0x0, 0x0, 0x0, 0x0,
    0x0, 0x0, 0x0, 0x0, 0x7f, 0xfa, 0x0, 0x0,
    0x0, 0x0, 0x0, 0x0, 0x0, 0x0, 0x0, 0x0,
    0x0, 0x0, 0x7f, 0xfa, 0x0, 0x0, 0x0, 0x0,
    0x0, 0x0, 0x0, 0x0, 0x0, 0x0, 0x0, 0x0,
    0x7f, 0xfa, 0x0, 0x0, 0x0, 0x0, 0x0, 0x0,
    0x0, 0x0, 0x0, 0x0, 0x0, 0x0, 0x7f, 0xfa,
    0x0, 0x0, 0x0, 0x0, 0x0, 0x0, 0x0, 0x0,
    0x0, 0x0, 0x0, 0x0, 0x7f, 0xfa, 0x0, 0x0,
    0x0, 0x0, 0x0, 0x0, 0x0, 0x0, 0x0, 0x0,
    0x0, 0x0, 0x7f, 0xfa, 0x0, 0x0, 0x0, 0x0,
    0x0, 0x0, 0x0, 0x0, 0x0, 0x0, 0x0, 0x0,
    0x7f, 0xfa, 0x0, 0x0, 0x0, 0x0, 0x0, 0x0,
    0x0, 0x0, 0x0, 0x0, 0x0, 0x0, 0x7f, 0xfa,
    0x0, 0x0, 0x0, 0x0, 0x0, 0x0, 0x0, 0x0,
    0x0, 0x0, 0x0, 0x0, 0x7f, 0xfa, 0x0, 0x0,
    0x0, 0x0, 0x0, 0x0,

    /* U+5E73 "平" */
    0x0, 0x12, 0x22, 0x22, 0x22, 0x22, 0x22, 0x22,
    0x22, 0x22, 0x22, 0x22, 0x22, 0x0, 0x0, 0xbf,
    0xff, 0xff, 0xff, 0xff, 0xff, 0xff, 0xff, 0xff,
    0xff, 0xff, 0xff, 0x10, 0x0, 0xbf, 0xff, 0xff,
    0xff, 0xff, 0xff, 0xff, 0xff, 0xff, 0xff, 0xff,
    0xff, 0x10, 0x0, 0x7a, 0xaa, 0xaa, 0xaa, 0xaa,
    0xcf, 0xfe, 0xaa, 0xaa, 0xaa, 0xaa, 0xaa, 0x0,
    0x0, 0x0, 0x0, 0x0, 0x0, 0x0, 0x4f, 0xfa,
    0x0, 0x0, 0x1, 0x0, 0x0, 0x0, 0x0, 0x0,
    0x5c, 0xf2, 0x0, 0x0, 0x4f, 0xfa, 0x0, 0x0,
    0xc, 0xfc, 0x40, 0x0, 0x0, 0x0, 0x5f, 0xfa,
    0x0, 0x0, 0x4f, 0xfa, 0x0, 0x0, 0x2f, 0xff,
    0x10, 0x0, 0x0, 0x0, 0xd, 0xff, 0x20, 0x0,
    0x4f, 0xfa, 0x0, 0x0, 0x8f, 0xf8, 0x0, 0x0,
    0x0, 0x0, 0x6, 0xff, 0x90, 0x0, 0x4f, 0xfa,
    0x0, 0x0, 0xef, 0xf1, 0x0, 0x0, 0x0, 0x0,
    0x0, 0xff, 0xf0, 0x0, 0x4f, 0xfa, 0x0, 0x7,
    0xff, 0x80, 0x0, 0x0, 0x0, 0x0, 0x0, 0xaf,
    0xf5, 0x0, 0x4f, 0xfa, 0x0, 0x1f, 0xfe, 0x0,
    0x0, 0x0, 0x0, 0x0, 0x0, 0x5b, 0x61, 0x0,
    0x4f, 0xfa, 0x0, 0x18, 0xd5, 0x0, 0x0, 0x0,
    0x0, 0x0, 0x0, 0x0, 0x0, 0x0, 0x4f, 0xfa,
    0x0, 0x0, 0x0, 0x0, 0x0, 0x0, 0x4c, 0xcc,
    0xcc, 0xcc, 0xcc, 0xcc, 0xdf, 0xfe, 0xcc, 0xcc,
    0xcc, 0xcc, 0xcc, 0xca, 0x4f, 0xff, 0xff, 0xff,
    0xff, 0xff, 0xff, 0xff, 0xff, 0xff, 0xff, 0xff,
    0xff, 0xfc, 0x4f, 0xff, 0xff, 0xff, 0xff, 0xff,
    0xff, 0xff, 0xff, 0xff, 0xff, 0xff, 0xff, 0xfc,
    0x0, 0x0, 0x0, 0x0, 0x0, 0x0, 0x5f, 0xfa,
    0x0, 0x0, 0x0, 0x0, 0x0, 0x0, 0x0, 0x0,
    0x0, 0x0, 0x0, 0x0, 0x4f, 0xfa, 0x0, 0x0,
    0x0, 0x0, 0x0, 0x0, 0x0, 0x0, 0x0, 0x0,
    0x0, 0x0, 0x4f, 0xfa, 0x0, 0x0, 0x0, 0x0,
    0x0, 0x0, 0x0, 0x0, 0x0, 0x0, 0x0, 0x0,
    0x4f, 0xfa, 0x0, 0x0, 0x0, 0x0, 0x0, 0x0,
    0x0, 0x0, 0x0, 0x0, 0x0, 0x0, 0x4f, 0xfa,
    0x0, 0x0, 0x0, 0x0, 0x0, 0x0, 0x0, 0x0,
    0x0, 0x0, 0x0, 0x0, 0x4f, 0xfa, 0x0, 0x0,
    0x0, 0x0, 0x0, 0x0, 0x0, 0x0, 0x0, 0x0,
    0x0, 0x0, 0x4f, 0xfa, 0x0, 0x0, 0x0, 0x0,
    0x0, 0x0, 0x0, 0x0, 0x0, 0x0, 0x0, 0x0,
    0x4f, 0xfa, 0x0, 0x0, 0x0, 0x0, 0x0, 0x0,
    0x0, 0x0, 0x0, 0x0, 0x0, 0x0, 0x4f, 0xfa,
    0x0, 0x0, 0x0, 0x0, 0x0, 0x0, 0x0, 0x0,
    0x0, 0x0, 0x0, 0x0, 0x4f, 0xfa, 0x0, 0x0,
    0x0, 0x0, 0x0, 0x0,

    /* U+5E76 "并" */
    0x0, 0x0, 0x0, 0x0, 0x10, 0x0, 0x0, 0x0,
    0x0, 0x0, 0x20, 0x0, 0x0, 0x0, 0x0, 0x0,
    0x1, 0x8e, 0xc0, 0x0, 0x0, 0x0, 0x0, 0x5,
    0xfd, 0x91, 0x0, 0x0, 0x0, 0x0, 0x1, 0xef,
    0xf7, 0x0, 0x0, 0x0, 0x0, 0xb, 0xff, 0xc0,
    0x0, 0x0, 0x0, 0x0, 0x0, 0x5f, 0xff, 0x20,
    0x0, 0x0, 0x0, 0x1f, 0xff, 0x40, 0x0, 0x0,
    0x0, 0x0, 0x0, 0xb, 0xff, 0xa0, 0x0, 0x0,
    0x0, 0x8f, 0xfc, 0x0, 0x0, 0x0, 0x0, 0x0,
    0x0, 0x3, 0xff, 0xf2, 0x0, 0x0, 0x0, 0xef,
    0xf4, 0x0, 0x0, 0x0, 0x0, 0x0, 0x0, 0x0,
    0xcb, 0x40, 0x0, 0x0, 0x7, 0xff, 0xb0, 0x0,
    0x0, 0x0, 0x3, 0xff, 0xff, 0xff, 0xff, 0xff,
    0xff, 0xff, 0xff, 0xff, 0xff, 0xff, 0xff, 0xd0,
    0x3, 0xff, 0xff, 0xff, 0xff, 0xff, 0xff, 0xff,
    0xff, 0xff, 0xff, 0xff, 0xff, 0xd0, 0x2, 0xaa,
    0xaa, 0xad, 0xff, 0xda, 0xaa, 0xaa, 0xaa, 0xff,
    0xfb, 0xaa, 0xaa, 0x90, 0x0, 0x0, 0x0, 0x7,
    0xff, 0x70, 0x0, 0x0, 0x0, 0xef, 0xf0, 0x0,
    0x0, 0x0, 0x0, 0x0, 0x0, 0x7, 0xff, 0x70,
    0x0, 0x0, 0x0, 0xef, 0xf0, 0x0, 0x0, 0x0,
    0x0, 0x0, 0x0, 0x7, 0xff, 0x70, 0x0, 0x0,
    0x0, 0xef, 0xf0, 0x0, 0x0, 0x0, 0x0, 0x0,
    0x0, 0x7, 0xff, 0x70, 0x0, 0x0, 0x0, 0xef,
    0xf0, 0x0, 0x0, 0x0, 0x0, 0x0, 0x0, 0x7,
    0xff, 0x70, 0x0, 0x0, 0x0, 0xef, 0xf0, 0x0,
    0x0, 0x0, 0x3a, 0xaa, 0xaa, 0xad, 0xff, 0xda,
    0xaa, 0xaa, 0xaa, 0xff, 0xfb, 0xaa, 0xaa, 0xa8,
    0x4f, 0xff, 0xff, 0xff, 0xff, 0xff, 0xff, 0xff,
    0xff, 0xff, 0xff, 0xff, 0xff, 0xfc, 0x4f, 0xff,
    0xff, 0xff, 0xff, 0xff, 0xff, 0xff, 0xff, 0xff,
    0xff, 0xff, 0xff, 0xfc, 0x0, 0x0, 0x0, 0xd,
    0xff, 0x30, 0x0, 0x0, 0x0, 0xff, 0xf1, 0x0,
    0x0, 0x0, 0x0, 0x0, 0x0, 0x2f, 0xff, 0x0,
    0x0, 0x0, 0x0, 0xef, 0xf0, 0x0, 0x0, 0x0,
    0x0, 0x0, 0x0, 0x8f, 0xfc, 0x0, 0x0, 0x0,
    0x0, 0xef, 0xf0, 0x0, 0x0, 0x0, 0x0, 0x0,
    0x1, 0xff, 0xf6, 0x0, 0x0, 0x0, 0x0, 0xef,
    0xf0, 0x0, 0x0, 0x0, 0x0, 0x0, 0xb, 0xff,
    0xe0, 0x0, 0x0, 0x0, 0x0, 0xef, 0xf0, 0x0,
    0x0, 0x0, 0x0, 0x0, 0xaf, 0xff, 0x60, 0x0,
    0x0, 0x0, 0x0, 0xef, 0xf0, 0x0, 0x0, 0x0,
    0x0, 0x1b, 0xff, 0xfb, 0x0, 0x0, 0x0, 0x0,
    0x0, 0xef, 0xf0, 0x0, 0x0, 0x0, 0x6, 0xef,
    0xff, 0xb0, 0x0, 0x0, 0x0, 0x0, 0x0, 0xef,
    0xf0, 0x0, 0x0, 0x0, 0xa, 0xff, 0xf9, 0x0,
    0x0, 0x0, 0x0, 0x0, 0x0, 0xef, 0xf0, 0x0,
    0x0, 0x0, 0x0, 0xbd, 0x40, 0x0, 0x0, 0x0,
    0x0, 0x0, 0x0, 0xef, 0xf0, 0x0, 0x0, 0x0,
    0x0, 0x0, 0x0, 0x0, 0x0, 0x0, 0x0, 0x0,
    0x0, 0x0, 0x0, 0x0, 0x0, 0x0,

    /* U+5E8F "序" */
    0x0, 0x0, 0x0, 0x0, 0x0, 0x0, 0x0, 0x2,
    0x50, 0x0, 0x0, 0x0, 0x0, 0x0, 0x0, 0x0,
    0x0, 0x0, 0x0, 0x0, 0x0, 0xc, 0xff, 0x30,
    0x0, 0x0, 0x0, 0x0, 0x0, 0x0, 0x0, 0x0,
    0x0, 0x0, 0x0, 0x0, 0x7f, 0xfb, 0x0, 0x0,
    0x0, 0x0, 0x0, 0x0, 0x0, 0x0, 0x0, 0x0,
    0x0, 0x0, 0x2, 0xff, 0xf3, 0x0, 0x0, 0x0,
    0x0, 0x0, 0x0, 0x8, 0xff, 0xff, 0xff, 0xff,
    0xff, 0xff, 0xff, 0xff, 0xff, 0xff, 0xff, 0xff,
    0x90, 0x0, 0x8f, 0xff, 0xff, 0xff, 0xff, 0xff,
    0xff, 0xff, 0xff, 0xff, 0xff, 0xff, 0xf9, 0x0,
    0x8, 0xff, 0xb9, 0x99, 0x99, 0x99, 0x99, 0x99,
    0x99, 0x99, 0x99, 0x99, 0x99, 0x50, 0x0, 0x8f,
    0xf3, 0x0, 0x0, 0x0, 0x0, 0x0, 0x0, 0x0,
    0x0, 0x0, 0x0, 0x0, 0x0, 0x8, 0xff, 0x30,
    0x16, 0x66, 0x66, 0x66, 0x66, 0x66, 0x66, 0x67,
    0x40, 0x0, 0x0, 0x0, 0x8f, 0xf3, 0x3, 0xff,
    0xff, 0xff, 0xff, 0xff, 0xff, 0xff, 0xff, 0x80,
    0x0, 0x0, 0x8, 0xff, 0x30, 0x3e, 0xee, 0xee,
    0xee, 0xee, 0xee, 0xef, 0xff, 0xf4, 0x0, 0x0,
    0x0, 0x8f, 0xf3, 0x0, 0x0, 0x0, 0x0, 0x0,
    0x0, 0xa, 0xff, 0xe3, 0x0, 0x0, 0x0, 0x8,
    0xff, 0x30, 0x0, 0x1, 0xde, 0x81, 0x0, 0x3d,
    0xff, 0xc1, 0x0, 0x0, 0x0, 0x0, 0x9f, 0xf3,
    0x0, 0x0, 0x7f, 0xff, 0xf9, 0xaf, 0xff, 0x60,
    0x0, 0x0, 0x0, 0x0, 0x9, 0xff, 0x20, 0x0,
    0x0, 0x17, 0xef, 0xff, 0xfd, 0x10, 0x0, 0x0,
    0x0, 0x0, 0x0, 0xaf, 0xf2, 0x0, 0x0, 0x0,
    0x0, 0x7e, 0xff, 0xfb, 0x10, 0x0, 0x1, 0x0,
    0x0, 0xb, 0xff, 0xc, 0xff, 0xff, 0xff, 0xff,
    0xff, 0xff, 0xff, 0xff, 0xff, 0xfc, 0x30, 0x0,
    0xcf, 0xf0, 0xcf, 0xff, 0xff, 0xff, 0xff, 0xff,
    0xff, 0xff, 0xff, 0xff, 0xe1, 0x0, 0xe, 0xfd,
    0x4, 0x55, 0x55, 0x55, 0x55, 0xff, 0xf5, 0x55,
    0x56, 0xef, 0xf4, 0x0, 0x0, 0xff, 0xc0, 0x0,
    0x0, 0x0, 0x0, 0xf, 0xfe, 0x0, 0x0, 0x7f,
    0xf9, 0x0, 0x0, 0x3f, 0xf9, 0x0, 0x0, 0x0,
    0x0, 0x0, 0xff, 0xe0, 0x0, 0x4f, 0xfc, 0x0,
    0x0, 0x6, 0xff, 0x60, 0x0, 0x0, 0x0, 0x0,
    0xf, 0xfe, 0x0, 0xb, 0xfd, 0x10, 0x0, 0x0,
    0xaf, 0xf2, 0x0, 0x0, 0x0, 0x0, 0x0, 0xff,
    0xe0, 0x0, 0x3, 0x20, 0x0, 0x0, 0xe, 0xff,
    0x0, 0x0, 0x0, 0x0, 0x0, 0xf, 0xfe, 0x0,
    0x0, 0x0, 0x0, 0x0, 0x5, 0xff, 0xa0, 0x0,
    0x0, 0x0, 0x0, 0x0, 0xff, 0xe0, 0x0, 0x0,
    0x0, 0x0, 0x0, 0xcf, 0xf4, 0x0, 0x0, 0x2,
    0x99, 0x98, 0xaf, 0xfd, 0x0, 0x0, 0x0, 0x0,
    0x0, 0x1e, 0xfd, 0x0, 0x0, 0x0, 0xe, 0xff,
    0xff, 0xff, 0xa0, 0x0, 0x0, 0x0, 0x0, 0x0,
    0x9, 0x60, 0x0, 0x0, 0x0, 0x9f, 0xff, 0xec,
    0x80, 0x0, 0x0, 0x0, 0x0, 0x0, 0x0, 0x0,
    0x0, 0x0, 0x0, 0x0, 0x0, 0x0, 0x0, 0x0,
    0x0, 0x0, 0x0, 0x0, 0x0,

    /* U+5EA6 "度" */
    0x0, 0x0, 0x0, 0x0, 0x0, 0x0, 0x0, 0x14,
    0x70, 0x0, 0x0, 0x0, 0x0, 0x0, 0x0, 0x0,
    0x0, 0x0, 0x0, 0x0, 0x0, 0xd, 0xff, 0x40,
    0x0, 0x0, 0x0, 0x0, 0x0, 0x0, 0x0, 0x0,
    0x0, 0x0, 0x0, 0x0, 0x7f, 0xfb, 0x0, 0x0,
    0x0, 0x0, 0x0, 0x0, 0x0, 0x59, 0x99, 0x99,
    0x99, 0x99, 0x9a, 0xff, 0xf9, 0x99, 0x99, 0x99,
    0x99, 0x93, 0x0, 0x8, 0xff, 0xff, 0xff, 0xff,
    0xff, 0xff, 0xff, 0xff, 0xff, 0xff, 0xff, 0xff,
    0x60, 0x0, 0x8f, 0xff, 0xff, 0xff, 0xff, 0xff,
    0xff, 0xff, 0xff, 0xff, 0xff, 0xff, 0xf6, 0x0,
    0x8, 0xff, 0x50, 0x0, 0x2, 0x44, 0x10, 0x0,
    0x0, 0x24, 0x42, 0x0, 0x0, 0x0, 0x0, 0x8f,
    0xf4, 0x0, 0x0, 0x8f, 0xf2, 0x0, 0x0, 0x5,
    0xff, 0x70, 0x0, 0x0, 0x0, 0x8, 0xff, 0x40,
    0x0, 0x8, 0xff, 0x20, 0x0, 0x0, 0x5f, 0xf7,
    0x0, 0x0, 0x0, 0x0, 0x8f, 0xf5, 0xff, 0xff,
    0xff, 0xff, 0xff, 0xff, 0xff, 0xff, 0xff, 0xff,
    0xf1, 0x0, 0x8, 0xff, 0x5f, 0xff, 0xff, 0xff,
    0xff, 0xff, 0xff, 0xff, 0xff, 0xff, 0xff, 0x10,
    0x0, 0x8f, 0xf4, 0x55, 0x55, 0xbf, 0xf6, 0x55,
    0x55, 0x58, 0xff, 0xa5, 0x55, 0x50, 0x0, 0x8,
    0xff, 0x40, 0x0, 0x8, 0xff, 0x20, 0x0, 0x0,
    0x5f, 0xf7, 0x0, 0x0, 0x0, 0x0, 0x9f, 0xf3,
    0x0, 0x0, 0x8f, 0xf2, 0x0, 0x0, 0x5, 0xff,
    0x70, 0x0, 0x0, 0x0, 0x9, 0xff, 0x30, 0x0,
    0x8, 0xff, 0xff, 0xff, 0xff, 0xff, 0xf7, 0x0,
    0x0, 0x0, 0x0, 0x9f, 0xf3, 0x0, 0x0, 0x8f,
    0xff, 0xff, 0xff, 0xff, 0xff, 0x70, 0x0, 0x0,
    0x0, 0xb, 0xff, 0x10, 0x0, 0x2, 0x33, 0x33,
    0x33, 0x33, 0x33, 0x31, 0x0, 0x0, 0x0, 0x0,
    0xcf, 0xf0, 0x0, 0x0, 0x0, 0x0, 0x0, 0x0,
    0x0, 0x0, 0x1, 0x0, 0x0, 0x0, 0xd, 0xfe,
    0xb, 0xff, 0xff, 0xff, 0xff, 0xff, 0xff, 0xff,
    0xff, 0xfa, 0x0, 0x0, 0x0, 0xff, 0xd0, 0xbf,
    0xff, 0xff, 0xff, 0xff, 0xff, 0xff, 0xff, 0xff,
    0xb0, 0x0, 0x0, 0x2f, 0xfb, 0x2, 0x34, 0xdf,
    0xf6, 0x33, 0x33, 0x33, 0x38, 0xff, 0xe1, 0x0,
    0x0, 0x5, 0xff, 0x70, 0x0, 0x7, 0xff, 0xe3,
    0x0, 0x0, 0x7, 0xff, 0xf3, 0x0, 0x0, 0x0,
    0x8f, 0xf4, 0x0, 0x0, 0x8, 0xff, 0xf9, 0x10,
    0x4c, 0xff, 0xe4, 0x0, 0x0, 0x0, 0xc, 0xff,
    0x10, 0x0, 0x0, 0x5, 0xff, 0xff, 0xcf, 0xff,
    0xc1, 0x0, 0x0, 0x0, 0x2, 0xff, 0xd0, 0x0,
    0x0, 0x0, 0x17, 0xff, 0xff, 0xff, 0xd3, 0x0,
    0x0, 0x0, 0x0, 0x8f, 0xf8, 0x2, 0x46, 0x8a,
    0xef, 0xff, 0xff, 0xff, 0xff, 0xff, 0xb8, 0x64,
    0x20, 0xe, 0xff, 0x20, 0xdf, 0xff, 0xff, 0xff,
    0xd8, 0x42, 0x7d, 0xff, 0xff, 0xff, 0xff, 0x70,
    0x8e, 0xc0, 0x5, 0xff, 0xfc, 0x96, 0x20, 0x0,
    0x0, 0x2, 0x7a, 0xdf, 0xff, 0xc0, 0x0, 0x13,
    0x0, 0x4, 0x10, 0x0, 0x0, 0x0, 0x0, 0x0,
    0x0, 0x0, 0x3, 0x52, 0x0,

    /* U+5F00 "开" */
    0x2, 0xaa, 0xaa, 0xaa, 0xaa, 0xaa, 0xaa, 0xaa,
    0xaa, 0xaa, 0xaa, 0xaa, 0xaa, 0x80, 0x3, 0xff,
    0xff, 0xff, 0xff, 0xff, 0xff, 0xff, 0xff, 0xff,
    0xff, 0xff, 0xff, 0xd0, 0x3, 0xff, 0xff, 0xff,
    0xff, 0xff, 0xff, 0xff, 0xff, 0xff, 0xff, 0xff,
    0xff, 0xd0, 0x0, 0x0, 0x0, 0x4, 0xff, 0xa0,
    0x0, 0x0, 0x0, 0xaf, 0xf5, 0x0, 0x0, 0x0,
    0x0, 0x0, 0x0, 0x4, 0xff, 0xa0, 0x0, 0x0,
    0x0, 0xaf, 0xf5, 0x0, 0x0, 0x0, 0x0, 0x0,
    0x0, 0x4, 0xff, 0xa0, 0x0, 0x0, 0x0, 0xaf,
    0xf5, 0x0, 0x0, 0x0, 0x0, 0x0, 0x0, 0x4,
    0xff, 0xa0, 0x0, 0x0, 0x0, 0xaf, 0xf5, 0x0,
    0x0, 0x0, 0x0, 0x0, 0x0, 0x4, 0xff, 0xa0,
    0x0, 0x0, 0x0, 0xaf, 0xf5, 0x0, 0x0, 0x0,
    0x0, 0x0, 0x0, 0x4, 0xff, 0xa0, 0x0, 0x0,
    0x0, 0xaf, 0xf5, 0x0, 0x0, 0x0, 0x0, 0x0,
    0x0, 0x4, 0xff, 0xa0, 0x0, 0x0, 0x0, 0xaf,
    0xf5, 0x0, 0x0, 0x0, 0x0, 0x0, 0x0, 0x4,
    0xff, 0xa0, 0x0, 0x0, 0x0, 0xaf, 0xf5, 0x0,
    0x0, 0x0, 0x3b, 0xbb, 0xbb, 0xbc, 0xff, 0xeb,
    0xbb, 0xbb, 0xbb, 0xef, 0xfc, 0xbb, 0xbb, 0xb9,
    0x4f, 0xff, 0xff, 0xff, 0xff, 0xff, 0xff, 0xff,
    0xff, 0xff, 0xff, 0xff, 0xff, 0xfc, 0x4f, 0xff,
    0xff, 0xff, 0xff, 0xff, 0xff, 0xff, 0xff, 0xff,
    0xff, 0xff, 0xff, 0xfc, 0x0, 0x0, 0x0, 0x9,
    0xff, 0x60, 0x0, 0x0, 0x0, 0xaf, 0xf5, 0x0,
    0x0, 0x0, 0x0, 0x0, 0x0, 0xc, 0xff, 0x30,
    0x0, 0x0, 0x0, 0xaf, 0xf5, 0x0, 0x0, 0x0,
    0x0, 0x0, 0x0, 0xf, 0xff, 0x0, 0x0, 0x0,
    0x0, 0xaf, 0xf5, 0x0, 0x0, 0x0, 0x0, 0x0,
    0x0, 0x7f, 0xfc, 0x0, 0x0, 0x0, 0x0, 0xaf,
    0xf5, 0x0, 0x0, 0x0, 0x0, 0x0, 0x0, 0xef,
    0xf6, 0x0, 0x0, 0x0, 0x0, 0xaf, 0xf5, 0x0,
    0x0, 0x0, 0x0, 0x0, 0x6, 0xff, 0xe0, 0x0,
    0x0, 0x0, 0x0, 0xaf, 0xf5, 0x0, 0x0, 0x0,
    0x0, 0x0, 0x3f, 0xff, 0x80, 0x0, 0x0, 0x0,
    0x0, 0xaf, 0xf5, 0x0, 0x0, 0x0, 0x0, 0x2,
    0xef, 0xfd, 0x0, 0x0, 0x0, 0x0, 0x0, 0xaf,
    0xf5, 0x0, 0x0, 0x0, 0x0, 0x3e, 0xff, 0xf3,
    0x0, 0x0, 0x0, 0x0, 0x0, 0xaf, 0xf5, 0x0,
    0x0, 0x0, 0x7, 0xff, 0xff, 0x40, 0x0, 0x0,
    0x0, 0x0, 0x0, 0xaf, 0xf5, 0x0, 0x0, 0x0,
    0xb, 0xff, 0xe3, 0x0, 0x0, 0x0, 0x0, 0x0,
    0x0, 0xaf, 0xf5, 0x0, 0x0, 0x0, 0x0, 0x9b,
    0x10, 0x0, 0x0, 0x0, 0x0, 0x0, 0x0, 0xaf,
    0xf5, 0x0, 0x0, 0x0, 0x0, 0x0, 0x0, 0x0,
    0x0, 0x0, 0x0, 0x0, 0x0, 0x0, 0x0, 0x0,
    0x0, 0x0,

    /* U+5F02 "异" */
    0x0, 0xa, 0xff, 0xff, 0xff, 0xff, 0xff, 0xff,
    0xff, 0xff, 0xff, 0xff, 0x20, 0x0, 0x0, 0xa,
    0xff, 0xff, 0xff, 0xff, 0xff, 0xff, 0xff, 0xff,
    0xff, 0xff, 0x20, 0x0, 0x0, 0xa, 0xff, 0x86,
    0x66, 0x66, 0x66, 0x66, 0x66, 0x66, 0x6c, 0xff,
    0x20, 0x0, 0x0, 0xa, 0xff, 0x20, 0x0, 0x0,
    0x0, 0x0, 0x0, 0x0, 0x9, 0xff, 0x20, 0x0,
    0x0, 0xa, 0xff, 0x20, 0x0, 0x0, 0x0, 0x0,
    0x0, 0x0, 0x9, 0xff, 0x20, 0x0, 0x0, 0xa,
    0xff, 0x87, 0x77, 0x77, 0x77, 0x77, 0x77, 0x77,
    0x7c, 0xff, 0x20, 0x0, 0x0, 0xa, 0xff, 0xff,
    0xff, 0xff, 0xff, 0xff, 0xff, 0xff, 0xff, 0xff,
    0x20, 0x0, 0x0, 0xa, 0xff, 0xee, 0xee, 0xee,
    0xee, 0xee, 0xee, 0xee, 0xee, 0xee, 0x20, 0x0,
    0x0, 0xa, 0xff, 0x20, 0x0, 0x0, 0x0, 0x0,
    0x0, 0x0, 0x0, 0x0, 0x58, 0x30, 0x0, 0x9,
    0xff, 0x30, 0x0, 0x0, 0x0, 0x0, 0x0, 0x0,
    0x0, 0x0, 0xcf, 0xf2, 0x0, 0x7, 0xff, 0xe9,
    0x77, 0x77, 0x77, 0x77, 0x77, 0x77, 0x77, 0x8c,
    0xff, 0xe0, 0x0, 0x1, 0xdf, 0xff, 0xff, 0xff,
    0xff, 0xff, 0xff, 0xff, 0xff, 0xff, 0xff, 0x60,
    0x0, 0x0, 0x18, 0xce, 0xff, 0xff, 0xff, 0xff,
    0xff, 0xff, 0xff, 0xff, 0xb5, 0x0, 0x0, 0x0,
    0x0, 0x6, 0x65, 0x0, 0x0, 0x0, 0x0, 0x36,
    0x62, 0x0, 0x0, 0x0, 0x0, 0x0, 0x0, 0x1f,
    0xfa, 0x0, 0x0, 0x0, 0x0, 0x8f, 0xf4, 0x0,
    0x0, 0x0, 0x0, 0x0, 0x0, 0x1f, 0xfa, 0x0,
    0x0, 0x0, 0x0, 0x8f, 0xf4, 0x0, 0x0, 0x0,
    0x0, 0x0, 0x0, 0x1f, 0xfa, 0x0, 0x0, 0x0,
    0x0, 0x8f, 0xf4, 0x0, 0x0, 0x0, 0x5f, 0xff,
    0xff, 0xff, 0xff, 0xff, 0xff, 0xff, 0xff, 0xff,
    0xff, 0xff, 0xff, 0xfc, 0x5f, 0xff, 0xff, 0xff,
    0xff, 0xff, 0xff, 0xff, 0xff, 0xff, 0xff, 0xff,
    0xff, 0xfd, 0x3a, 0xaa, 0xaa, 0xef, 0xfb, 0xaa,
    0xaa, 0xaa, 0xaa, 0xdf, 0xfb, 0xaa, 0xaa, 0xa8,
    0x0, 0x0, 0x2, 0xff, 0xf1, 0x0, 0x0, 0x0,
    0x0, 0x8f, 0xf4, 0x0, 0x0, 0x0, 0x0, 0x0,
    0x1d, 0xff, 0x90, 0x0, 0x0, 0x0, 0x0, 0x8f,
    0xf4, 0x0, 0x0, 0x0, 0x0, 0x4, 0xef, 0xfd,
    0x0, 0x0, 0x0, 0x0, 0x0, 0x8f, 0xf4, 0x0,
    0x0, 0x0, 0x3, 0xbf, 0xff, 0xd2, 0x0, 0x0,
    0x0, 0x0, 0x0, 0x8f, 0xf4, 0x0, 0x0, 0x0,
    0xc, 0xff, 0xfa, 0x0, 0x0, 0x0, 0x0, 0x0,
    0x0, 0x8f, 0xf4, 0x0, 0x0, 0x0, 0x1, 0xdb,
    0x30, 0x0, 0x0, 0x0, 0x0, 0x0, 0x0, 0x8f,
    0xf4, 0x0, 0x0, 0x0, 0x0, 0x0, 0x0, 0x0,
    0x0, 0x0, 0x0, 0x0, 0x0, 0x0, 0x0, 0x0,
    0x0, 0x0,

    /* U+5F0F "式" */
    0x0, 0x0, 0x0, 0x0, 0x0, 0x0, 0x0, 0x0,
    0x33, 0x20, 0x0, 0x10, 0x0, 0x0, 0x0, 0x0,
    0x0, 0x0, 0x0, 0x0, 0x0, 0x0, 0x1f, 0xfe,
    0x0, 0x7f, 0x60, 0x0, 0x0, 0x0, 0x0, 0x0,
    0x0, 0x0, 0x0, 0x0, 0x1, 0xff, 0xf0, 0x2f,
    0xff, 0xa0, 0x0, 0x0, 0x0, 0x0, 0x0, 0x0,
    0x0, 0x0, 0x0, 0xf, 0xff, 0x0, 0x2d, 0xff,
    0xc1, 0x0, 0x0, 0x0, 0x0, 0x0, 0x0, 0x0,
    0x0, 0x0, 0xff, 0xf0, 0x0, 0xc, 0xff, 0x50,
    0x0, 0x0, 0x0, 0x0, 0x0, 0x0, 0x0, 0x0,
    0xf, 0xff, 0x0, 0x0, 0xb, 0x40, 0x0, 0x2f,
    0xff, 0xff, 0xff, 0xff, 0xff, 0xff, 0xff, 0xff,
    0xff, 0xff, 0xff, 0xff, 0xfa, 0x2, 0xff, 0xff,
    0xff, 0xff, 0xff, 0xff, 0xff, 0xff, 0xff, 0xff,
    0xff, 0xff, 0xff, 0xa0, 0x2d, 0xdd, 0xdd, 0xdd,
    0xdd, 0xdd, 0xdd, 0xdd, 0xff, 0xfd, 0xdd, 0xdd,
    0xdd, 0xd9, 0x0, 0x0, 0x0, 0x0, 0x0, 0x0,
    0x0, 0x0, 0xc, 0xff, 0x30, 0x0, 0x0, 0x0,
    0x0, 0x0, 0x0, 0x0, 0x0, 0x0, 0x0, 0x0,
    0x0, 0xaf, 0xf4, 0x0, 0x0, 0x0, 0x0, 0x0,
    0x0, 0x0, 0x0, 0x0, 0x0, 0x0, 0x0, 0x9,
    0xff, 0x60, 0x0, 0x0, 0x0, 0x0, 0x0, 0x0,
    0x0, 0x0, 0x0, 0x0, 0x0, 0x0, 0x7f, 0xf8,
    0x0, 0x0, 0x0, 0x0, 0x0, 0x1f, 0xff, 0xff,
    0xff, 0xff, 0xff, 0xff, 0x5, 0xff, 0xa0, 0x0,
    0x0, 0x0, 0x0, 0x1, 0xff, 0xff, 0xff, 0xff,
    0xff, 0xff, 0xf0, 0x3f, 0xfc, 0x0, 0x0, 0x0,
    0x0, 0x0, 0x1b, 0xbb, 0xbb, 0xff, 0xeb, 0xbb,
    0xbb, 0x0, 0xff, 0xf0, 0x0, 0x0, 0x0, 0x0,
    0x0, 0x0, 0x0, 0xf, 0xfb, 0x0, 0x0, 0x0,
    0xe, 0xff, 0x20, 0x0, 0x0, 0x0, 0x0, 0x0,
    0x0, 0x0, 0xff, 0xb0, 0x0, 0x0, 0x0, 0xaf,
    0xf5, 0x0, 0x0, 0x0, 0x0, 0x0, 0x0, 0x0,
    0xf, 0xfb, 0x0, 0x0, 0x0, 0x7, 0xff, 0x90,
    0x0, 0x0, 0x0, 0x0, 0x0, 0x0, 0x0, 0xff,
    0xb0, 0x0, 0x0, 0x0, 0x3f, 0xfe, 0x0, 0x0,
    0x0, 0x0, 0x0, 0x0, 0x0, 0xf, 0xfb, 0x0,
    0x0, 0x0, 0x0, 0xef, 0xf2, 0x0, 0x3, 0xa1,
    0x0, 0x0, 0x0, 0x0, 0xff, 0xb0, 0x0, 0x1,
    0x30, 0x9, 0xff, 0x80, 0x0, 0x4f, 0xf3, 0x0,
    0x0, 0x0, 0xf, 0xfc, 0x58, 0xbe, 0xff, 0x0,
    0x4f, 0xfe, 0x0, 0x5, 0xff, 0x30, 0x0, 0x14,
    0x7a, 0xff, 0xff, 0xff, 0xff, 0xf0, 0x0, 0xdf,
    0xf8, 0x0, 0x8f, 0xf1, 0xb, 0xef, 0xff, 0xff,
    0xff, 0xff, 0xc9, 0x51, 0x0, 0x5, 0xff, 0xf6,
    0xd, 0xfe, 0x0, 0xbf, 0xff, 0xff, 0xea, 0x73,
    0x0, 0x0, 0x0, 0x0, 0xa, 0xff, 0xff, 0xff,
    0xa0, 0x7, 0xeb, 0x84, 0x10, 0x0, 0x0, 0x0,
    0x0, 0x0, 0x0, 0x1c, 0xff, 0xff, 0xf3, 0x0,
    0x0, 0x0, 0x0, 0x0, 0x0, 0x0, 0x0, 0x0,
    0x0, 0x0, 0x8, 0xcf, 0xc4, 0x0,

    /* U+5F53 "当" */
    0x0, 0x0, 0x0, 0x0, 0x0, 0x34, 0x41, 0x0,
    0x0, 0x0, 0x0, 0x0, 0x0, 0x0, 0x0, 0x0,
    0x0, 0xcf, 0xf4, 0x0, 0x0, 0x0, 0x20, 0x0,
    0x28, 0xe2, 0x0, 0x0, 0x0, 0xcf, 0xf4, 0x0,
    0x0, 0x0, 0xef, 0xa3, 0x7f, 0xfc, 0x0, 0x0,
    0x0, 0xcf, 0xf4, 0x0, 0x0, 0x5, 0xff, 0xf1,
    0xd, 0xff, 0x70, 0x0, 0x0, 0xcf, 0xf4, 0x0,
    0x0, 0xc, 0xff, 0x80, 0x3, 0xff, 0xf2, 0x0,
    0x0, 0xcf, 0xf4, 0x0, 0x0, 0x3f, 0xfe, 0x10,
    0x0, 0x9f, 0xfa, 0x0, 0x0, 0xcf, 0xf4, 0x0,
    0x0, 0xbf, 0xf7, 0x0, 0x0, 0x1f, 0xff, 0x20,
    0x0, 0xcf, 0xf4, 0x0, 0x3, 0xff, 0xd0, 0x0,
    0x0, 0xa, 0xff, 0x70, 0x0, 0xcf, 0xf4, 0x0,
    0xc, 0xff, 0x40, 0x0, 0x0, 0x3, 0xa3, 0x0,
    0x0, 0xcf, 0xf4, 0x0, 0x7, 0xda, 0x0, 0x0,
    0x0, 0x0, 0x0, 0x0, 0x0, 0xcf, 0xf4, 0x0,
    0x0, 0x0, 0x0, 0x0, 0x3c, 0xcc, 0xcc, 0xcc,
    0xcc, 0xff, 0xfd, 0xcc, 0xcc, 0xcc, 0xcc, 0xc1,
    0x4f, 0xff, 0xff, 0xff, 0xff, 0xff, 0xff, 0xff,
    0xff, 0xff, 0xff, 0xf1, 0x4f, 0xff, 0xff, 0xff,
    0xff, 0xff, 0xff, 0xff, 0xff, 0xff, 0xff, 0xf1,
    0x0, 0x0, 0x0, 0x0, 0x0, 0x0, 0x0, 0x0,
    0x0, 0x0, 0xff, 0xf1, 0x0, 0x0, 0x0, 0x0,
    0x0, 0x0, 0x0, 0x0, 0x0, 0x0, 0xef, 0xf1,
    0x0, 0x0, 0x0, 0x0, 0x0, 0x0, 0x0, 0x0,
    0x0, 0x0, 0xef, 0xf1, 0x0, 0x11, 0x11, 0x11,
    0x11, 0x11, 0x11, 0x11, 0x11, 0x11, 0xff, 0xf1,
    0x3, 0xff, 0xff, 0xff, 0xff, 0xff, 0xff, 0xff,
    0xff, 0xff, 0xff, 0xf1, 0x3, 0xff, 0xff, 0xff,
    0xff, 0xff, 0xff, 0xff, 0xff, 0xff, 0xff, 0xf1,
    0x2, 0xaa, 0xaa, 0xaa, 0xaa, 0xaa, 0xaa, 0xaa,
    0xaa, 0xaa, 0xff, 0xf1, 0x0, 0x0, 0x0, 0x0,
    0x0, 0x0, 0x0, 0x0, 0x0, 0x0, 0xef, 0xf1,
    0x0, 0x0, 0x0, 0x0, 0x0, 0x0, 0x0, 0x0,
    0x0, 0x0, 0xef, 0xf1, 0x0, 0x0, 0x0, 0x0,
    0x0, 0x0, 0x0, 0x0, 0x0, 0x0, 0xef, 0xf1,
    0xac, 0xcc, 0xcc, 0xcc, 0xcc, 0xcc, 0xcc, 0xcc,
    0xcc, 0xcc, 0xff, 0xf1, 0xdf, 0xff, 0xff, 0xff,
    0xff, 0xff, 0xff, 0xff, 0xff, 0xff, 0xff, 0xf1,
    0xdf, 0xff, 0xff, 0xff, 0xff, 0xff, 0xff, 0xff,
    0xff, 0xff, 0xff, 0xf1, 0x0, 0x0, 0x0, 0x0,
    0x0, 0x0, 0x0, 0x0, 0x0, 0x0, 0xff, 0xf1,

    /* U+5F55 "录" */
    0x0, 0x1a, 0xaa, 0xaa, 0xaa, 0xaa, 0xaa, 0xaa,
    0xaa, 0xaa, 0xab, 0xb9, 0x0, 0x0, 0x0, 0x1f,
    0xff, 0xff, 0xff, 0xff, 0xff, 0xff, 0xff, 0xff,
    0xff, 0xfd, 0x0, 0x0, 0x0, 0x1f, 0xff, 0xff,
    0xff, 0xff, 0xff, 0xff, 0xff, 0xff, 0xff, 0xfc,
    0x0, 0x0, 0x0, 0x0, 0x0, 0x0, 0x0, 0x0,
    0x0, 0x0, 0x0, 0x0, 0x4f, 0xfc, 0x0, 0x0,
    0x0, 0x0, 0x0, 0x0, 0x0, 0x0, 0x0, 0x0,
    0x0, 0x0, 0x5f, 0xfb, 0x0, 0x0, 0x0, 0x3,
    0xff, 0xff, 0xff, 0xff, 0xff, 0xff, 0xff, 0xff,
    0xff, 0xfa, 0x0, 0x0, 0x0, 0x3, 0xff, 0xff,
    0xff, 0xff, 0xff, 0xff, 0xff, 0xff, 0xff, 0xf9,
    0x0, 0x0, 0x0, 0x1, 0x99, 0x99, 0x99, 0x99,
    0x99, 0x99, 0x99, 0x99, 0xcf, 0xf8, 0x0, 0x0,
    0x0, 0x0, 0x0, 0x0, 0x0, 0x0, 0x0, 0x0,
    0x0, 0x0, 0x8f, 0xf6, 0x0, 0x0, 0x0, 0x0,
    0x0, 0x0, 0x0, 0x0, 0x0, 0x0, 0x0, 0x0,
    0xaf, 0xf6, 0x0, 0x0, 0x1f, 0xff, 0xff, 0xff,
    0xff, 0xff, 0xff, 0xff, 0xff, 0xff, 0xff, 0xff,
    0xff, 0xf3, 0x1f, 0xff, 0xff, 0xff, 0xff, 0xff,
    0xff, 0xff, 0xff, 0xff, 0xff, 0xff, 0xff, 0xf3,
    0x7, 0x77, 0x77, 0x77, 0x77, 0x77, 0xbf, 0xfa,
    0x77, 0x77, 0x77, 0x77, 0x77, 0x71, 0x0, 0x1,
    0xd9, 0x10, 0x0, 0x0, 0x8f, 0xf9, 0x0, 0x0,
    0x0, 0xbd, 0x30, 0x0, 0x0, 0xd, 0xff, 0xf7,
    0x0, 0x0, 0x8f, 0xff, 0x30, 0x0, 0x1c, 0xff,
    0xf2, 0x0, 0x0, 0x1, 0xbf, 0xff, 0xc2, 0x0,
    0x8f, 0xff, 0xd0, 0x4, 0xef, 0xfe, 0x30, 0x0,
    0x0, 0x0, 0x4, 0xef, 0xfe, 0x0, 0x8f, 0xff,
    0xfb, 0x8f, 0xff, 0xa1, 0x0, 0x0, 0x0, 0x0,
    0x0, 0x1b, 0xf3, 0x4, 0xcf, 0xfe, 0xff, 0xff,
    0xe5, 0x0, 0x0, 0x0, 0x0, 0x0, 0x0, 0x0,
    0x48, 0xdf, 0xff, 0xf6, 0xcf, 0xff, 0x20, 0x0,
    0x0, 0x0, 0x0, 0x0, 0x0, 0x5b, 0xff, 0xff,
    0xff, 0xf6, 0x1d, 0xff, 0xe6, 0x0, 0x0, 0x0,
    0x0, 0x4, 0xaf, 0xff, 0xff, 0xb5, 0x8f, 0xf6,
    0x1, 0xcf, 0xff, 0xb2, 0x0, 0x0, 0x8, 0xef,
    0xff, 0xff, 0x92, 0x0, 0x8f, 0xf6, 0x0, 0x9,
    0xff, 0xff, 0xc6, 0x10, 0xa, 0xff, 0xfc, 0x60,
    0x0, 0x0, 0x8f, 0xf6, 0x0, 0x0, 0x4d, 0xff,
    0xff, 0xf4, 0x1, 0xd9, 0x30, 0x0, 0x56, 0x66,
    0xcf, 0xf5, 0x0, 0x0, 0x0, 0x7e, 0xff, 0xa0,
    0x0, 0x0, 0x0, 0x0, 0x8f, 0xff, 0xff, 0xf2,
    0x0, 0x0, 0x0, 0x0, 0x49, 0x0, 0x0, 0x0,
    0x0, 0x0, 0x2f, 0xff, 0xda, 0x50, 0x0, 0x0,
    0x0, 0x0, 0x0, 0x0,

    /* U+5F85 "待" */
    0x0, 0x0, 0x0, 0x0, 0x0, 0x0, 0x0, 0x0,
    0x0, 0x11, 0x0, 0x0, 0x0, 0x0, 0x0, 0x0,
    0x0, 0x2, 0xeb, 0x40, 0x0, 0x0, 0x0, 0xf,
    0xfc, 0x0, 0x0, 0x0, 0x0, 0x0, 0x0, 0x0,
    0xdf, 0xf9, 0x0, 0x0, 0x0, 0x0, 0xff, 0xc0,
    0x0, 0x0, 0x0, 0x0, 0x0, 0x0, 0xcf, 0xfc,
    0x0, 0x0, 0x0, 0x0, 0xf, 0xfc, 0x0, 0x0,
    0x0, 0x0, 0x0, 0x1, 0xcf, 0xfd, 0x10, 0x4,
    0x99, 0x99, 0x9a, 0xff, 0xe9, 0x99, 0x99, 0x94,
    0x0, 0x3, 0xef, 0xfe, 0x10, 0x0, 0x7f, 0xff,
    0xff, 0xff, 0xff, 0xff, 0xff, 0xff, 0x70, 0x7,
    0xff, 0xfd, 0x10, 0x0, 0x6, 0xff, 0xff, 0xff,
    0xff, 0xff, 0xff, 0xff, 0xf7, 0x0, 0x6f, 0xfc,
    0x10, 0x16, 0x0, 0x0, 0x0, 0x0, 0xf, 0xfc,
    0x0, 0x0, 0x0, 0x0, 0x0, 0xd8, 0x0, 0xb,
    0xff, 0x30, 0x0, 0x0, 0x0, 0xff, 0xc0, 0x0,
    0x0, 0x0, 0x0, 0x0, 0x0, 0x6, 0xff, 0xc0,
    0x0, 0x0, 0x0, 0xf, 0xfc, 0x0, 0x0, 0x0,
    0x0, 0x0, 0x0, 0x3, 0xff, 0xf4, 0xaa, 0xaa,
    0xaa, 0xaa, 0xff, 0xea, 0xaa, 0xaa, 0xaa, 0xa0,
    0x0, 0x1, 0xef, 0xf7, 0x2f, 0xff, 0xff, 0xff,
    0xff, 0xff, 0xff, 0xff, 0xff, 0xff, 0x0, 0x1,
    0xdf, 0xff, 0x2, 0xff, 0xff, 0xff, 0xff, 0xff,
    0xff, 0xff, 0xff, 0xff, 0xf0, 0x1, 0xdf, 0xff,
    0xf0, 0x0, 0x0, 0x0, 0x0, 0x0, 0x0, 0xd,
    0xfe, 0x0, 0x0, 0x2, 0xdf, 0xff, 0xff, 0x0,
    0x0, 0x0, 0x0, 0x0, 0x0, 0x0, 0xdf, 0xe0,
    0x0, 0x1, 0xff, 0xff, 0xdf, 0xf0, 0x0, 0x0,
    0x0, 0x0, 0x0, 0x0, 0xd, 0xff, 0x0, 0x0,
    0xb, 0xfe, 0x3a, 0xff, 0x0, 0xdf, 0xff, 0xff,
    0xff, 0xff, 0xff, 0xff, 0xff, 0xff, 0xb0, 0x4e,
    0x20, 0xaf, 0xf0, 0xd, 0xff, 0xff, 0xff, 0xff,
    0xff, 0xff, 0xff, 0xff, 0xfb, 0x0, 0x10, 0xa,
    0xff, 0x0, 0x78, 0x88, 0x98, 0x88, 0x88, 0x88,
    0xff, 0xf8, 0x88, 0x60, 0x0, 0x0, 0xaf, 0xf0,
    0x0, 0x1, 0x8d, 0x10, 0x0, 0x0, 0xd, 0xfe,
    0x0, 0x0, 0x0, 0x0, 0xa, 0xff, 0x0, 0x0,
    0x8f, 0xfb, 0x0, 0x0, 0x0, 0xdf, 0xe0, 0x0,
    0x0, 0x0, 0x0, 0xaf, 0xf0, 0x0, 0x0, 0xbf,
    0xf9, 0x0, 0x0, 0xd, 0xfe, 0x0, 0x0, 0x0,
    0x0, 0xa, 0xff, 0x0, 0x0, 0x1, 0xef, 0xf5,
    0x0, 0x0, 0xdf, 0xe0, 0x0, 0x0, 0x0, 0x0,
    0xaf, 0xf0, 0x0, 0x0, 0x4, 0xff, 0xd0, 0x0,
    0xd, 0xfe, 0x0, 0x0, 0x0, 0x0, 0xa, 0xff,
    0x0, 0x0, 0x0, 0xa, 0x81, 0x0, 0x0, 0xdf,
    0xe0, 0x0, 0x0, 0x0, 0x0, 0xaf, 0xf0, 0x0,
    0x0, 0x0, 0x0, 0x1a, 0xa9, 0xaf, 0xfd, 0x0,
    0x0, 0x0, 0x0, 0xa, 0xff, 0x0, 0x0, 0x0,
    0x0, 0x0, 0xcf, 0xff, 0xff, 0xa0, 0x0, 0x0,
    0x0, 0x0, 0xaf, 0xf0, 0x0, 0x0, 0x0, 0x0,
    0x8, 0xff, 0xec, 0x80, 0x0, 0x0, 0x0, 0x0,
    0x0, 0x0, 0x0, 0x0, 0x0, 0x0, 0x0, 0x0,
    0x0, 0x0, 0x0, 0x0, 0x0,

    /* U+5FAA "循" */
    0x0, 0x0, 0x0, 0x20, 0x0, 0x0, 0x0, 0x0,
    0x0, 0x0, 0x0, 0x0, 0x0, 0x0, 0x0, 0x0,
    0x0, 0x6f, 0xd4, 0x0, 0x0, 0x0, 0x0, 0x0,
    0x2, 0x47, 0xbe, 0x60, 0x0, 0x0, 0x0, 0x2f,
    0xff, 0x20, 0x1, 0x24, 0x67, 0x9b, 0xdf, 0xff,
    0xff, 0xff, 0x70, 0x0, 0x0, 0xc, 0xff, 0x60,
    0xd, 0xff, 0xff, 0xff, 0xff, 0xff, 0xff, 0xc9,
    0x63, 0x0, 0x0, 0xa, 0xff, 0xa0, 0x0, 0xef,
    0xff, 0xfd, 0xba, 0x8e, 0xff, 0x0, 0x0, 0x0,
    0x0, 0x9, 0xff, 0xd0, 0x0, 0xe, 0xfc, 0x0,
    0x0, 0x0, 0xcf, 0xf0, 0x0, 0x0, 0x0, 0xa,
    0xff, 0xe1, 0x0, 0x0, 0xef, 0xb0, 0x0, 0x0,
    0xd, 0xff, 0x0, 0x0, 0x0, 0x0, 0x9f, 0xe2,
    0x5, 0x93, 0xe, 0xfd, 0x66, 0x66, 0x66, 0xef,
    0xf6, 0x66, 0x66, 0x63, 0x0, 0xc2, 0x1, 0xef,
    0xe1, 0xef, 0xff, 0xff, 0xff, 0xff, 0xff, 0xff,
    0xff, 0xff, 0x80, 0x0, 0x0, 0xaf, 0xf6, 0xe,
    0xff, 0xff, 0xff, 0xff, 0xff, 0xff, 0xff, 0xff,
    0xf8, 0x0, 0x0, 0x5f, 0xfc, 0x0, 0xef, 0xb0,
    0x0, 0x0, 0xf, 0xfa, 0x0, 0x0, 0x0, 0x0,
    0x0, 0x3f, 0xff, 0x30, 0xe, 0xfb, 0x0, 0x0,
    0x1, 0xff, 0x90, 0x0, 0x0, 0x0, 0x0, 0x2e,
    0xff, 0xf1, 0x0, 0xef, 0xb0, 0x11, 0x11, 0x3f,
    0xf8, 0x11, 0x11, 0x10, 0x0, 0x1d, 0xff, 0xff,
    0x10, 0xe, 0xfb, 0x9, 0xff, 0xff, 0xff, 0xff,
    0xff, 0xff, 0x0, 0x1e, 0xff, 0xff, 0xf1, 0x0,
    0xef, 0xa0, 0x9f, 0xff, 0xff, 0xff, 0xff, 0xff,
    0xf0, 0x0, 0xef, 0xeb, 0xff, 0x10, 0xe, 0xfa,
    0x9, 0xff, 0x33, 0x33, 0x33, 0x3c, 0xff, 0x0,
    0x6, 0xe2, 0x8f, 0xf1, 0x0, 0xff, 0xa0, 0x9f,
    0xe0, 0x0, 0x0, 0x0, 0xbf, 0xf0, 0x0, 0x2,
    0x8, 0xff, 0x10, 0xf, 0xf9, 0x9, 0xff, 0xdd,
    0xdd, 0xdd, 0xdf, 0xff, 0x0, 0x0, 0x0, 0x8f,
    0xf1, 0x1, 0xff, 0x80, 0x9f, 0xff, 0xff, 0xff,
    0xff, 0xff, 0xf0, 0x0, 0x0, 0x8, 0xff, 0x10,
    0x2f, 0xf7, 0x9, 0xfe, 0x0, 0x0, 0x0, 0xb,
    0xff, 0x0, 0x0, 0x0, 0x8f, 0xf1, 0x3, 0xff,
    0x60, 0x9f, 0xe0, 0x0, 0x0, 0x0, 0xbf, 0xf0,
    0x0, 0x0, 0x8, 0xff, 0x10, 0x5f, 0xf4, 0x9,
    0xff, 0xff, 0xff, 0xff, 0xff, 0xff, 0x0, 0x0,
    0x0, 0x8f, 0xf1, 0x7, 0xff, 0x10, 0x9f, 0xfe,
    0xee, 0xee, 0xee, 0xff, 0xf0, 0x0, 0x0, 0x8,
    0xff, 0x10, 0x9f, 0xf0, 0x9, 0xfe, 0x0, 0x0,
    0x0, 0xb, 0xff, 0x0, 0x0, 0x0, 0x8f, 0xf1,
    0xc, 0xfc, 0x0, 0x9f, 0xe0, 0x0, 0x0, 0x0,
    0xbf, 0xf0, 0x0, 0x0, 0x8, 0xff, 0x11, 0xff,
    0x80, 0x9, 0xff, 0xff, 0xff, 0xff, 0xff, 0xff,
    0x0, 0x0, 0x0, 0x8f, 0xf1, 0x4f, 0xf3, 0x0,
    0x9f, 0xff, 0xff, 0xff, 0xff, 0xff, 0xf0, 0x0,
    0x0, 0x8, 0xff, 0x13, 0xcf, 0x0, 0x9, 0xfe,
    0x22, 0x22, 0x22, 0x2b, 0xee, 0x0, 0x0, 0x0,
    0x0, 0x0, 0x0, 0x20, 0x0, 0x0, 0x0, 0x0,
    0x0, 0x0, 0x0, 0x0, 0x0,

    /* U+5FAE "微" */
    0x0, 0x0, 0x2, 0x40, 0x0, 0x0, 0x7, 0x71,
    0x0, 0x0, 0x3, 0x52, 0x0, 0x0, 0x0, 0x0,
    0x0, 0xc, 0xfe, 0x20, 0x0, 0xe, 0xf3, 0x0,
    0x0, 0xa, 0xff, 0x0, 0x0, 0x0, 0x0, 0x0,
    0x7f, 0xfa, 0x0, 0x0, 0xe, 0xf3, 0x0, 0x0,
    0xc, 0xfc, 0x0, 0x0, 0x0, 0x0, 0x4, 0xff,
    0xd0, 0xa, 0xf3, 0xe, 0xf3, 0xf, 0xf0, 0xe,
    0xfa, 0x0, 0x0, 0x0, 0x0, 0x3f, 0xff, 0x20,
    0xa, 0xf3, 0xe, 0xf3, 0xf, 0xf0, 0x1f, 0xf7,
    0x0, 0x0, 0x0, 0x4, 0xff, 0xf5, 0x0, 0xa,
    0xf3, 0xe, 0xf3, 0xf, 0xf0, 0x3f, 0xf4, 0x0,
    0x0, 0x0, 0xe, 0xff, 0x60, 0x20, 0xa, 0xf3,
    0xe, 0xf3, 0xf, 0xf0, 0x5f, 0xf8, 0x77, 0x77,
    0x60, 0x5, 0xf6, 0x1, 0xff, 0x8a, 0xf3, 0xe,
    0xf3, 0xf, 0xf0, 0x9f, 0xff, 0xff, 0xff, 0xe0,
    0x0, 0x30, 0x8, 0xff, 0x6a, 0xff, 0xff, 0xff,
    0xff, 0xf0, 0xdf, 0xff, 0xff, 0xff, 0xe0, 0x0,
    0x0, 0x2f, 0xfd, 0xa, 0xff, 0xff, 0xff, 0xff,
    0xf1, 0xff, 0x60, 0x8, 0xfd, 0x0, 0x0, 0x0,
    0xbf, 0xf5, 0x3, 0x55, 0x55, 0x55, 0x55, 0x56,
    0xff, 0x50, 0xa, 0xfb, 0x0, 0x0, 0x6, 0xff,
    0xe0, 0x0, 0x0, 0x0, 0x0, 0x0, 0xc, 0xff,
    0x70, 0xd, 0xf9, 0x0, 0x0, 0x2f, 0xff, 0xe0,
    0x7, 0x77, 0x77, 0x77, 0x77, 0x8f, 0xff, 0xa0,
    0xf, 0xf6, 0x0, 0x1, 0xdf, 0xff, 0xe0, 0x1f,
    0xff, 0xff, 0xff, 0xff, 0xff, 0xff, 0xd0, 0x1f,
    0xf3, 0x0, 0xc, 0xff, 0xff, 0xe0, 0x1f, 0xff,
    0xff, 0xff, 0xff, 0xed, 0xbf, 0xf0, 0x5f, 0xf0,
    0x0, 0x3f, 0xfe, 0xcf, 0xe0, 0x0, 0x0, 0x0,
    0x0, 0x0, 0x2, 0x1d, 0xf4, 0xaf, 0xd0, 0x0,
    0x7, 0xe2, 0xaf, 0xe0, 0x0, 0xcd, 0xdd, 0xdd,
    0xdd, 0x0, 0xa, 0xf8, 0xef, 0x80, 0x0, 0x0,
    0x20, 0xaf, 0xe0, 0x0, 0xef, 0xff, 0xff, 0xff,
    0x0, 0x6, 0xfe, 0xff, 0x40, 0x0, 0x0, 0x0,
    0xaf, 0xe0, 0x0, 0xef, 0xa5, 0x58, 0xff, 0x0,
    0x1, 0xff, 0xfe, 0x0, 0x0, 0x0, 0x0, 0xaf,
    0xe0, 0x0, 0xef, 0x70, 0x3, 0xff, 0x0, 0x0,
    0xdf, 0xf9, 0x0, 0x0, 0x0, 0x0, 0xaf, 0xe0,
    0x0, 0xff, 0x70, 0x3, 0xff, 0x3c, 0x40, 0x9f,
    0xf3, 0x0, 0x0, 0x0, 0x0, 0xaf, 0xe0, 0x0,
    0xff, 0x60, 0x5, 0xff, 0xff, 0x92, 0xff, 0xf8,
    0x0, 0x0, 0x0, 0x0, 0xaf, 0xe0, 0x3, 0xff,
    0x30, 0xa, 0xff, 0xf9, 0x1c, 0xff, 0xff, 0x30,
    0x0, 0x0, 0x0, 0xaf, 0xe0, 0x8, 0xff, 0x0,
    0xe, 0xfe, 0x40, 0x8f, 0xfa, 0xff, 0xc0, 0x0,
    0x0, 0x0, 0xaf, 0xe0, 0x1e, 0xfb, 0x0, 0x7,
    0xb1, 0x9, 0xff, 0xb0, 0x8f, 0xfc, 0x10, 0x0,
    0x0, 0xaf, 0xe0, 0xbf, 0xf5, 0x0, 0x1, 0x1,
    0xcf, 0xfd, 0x10, 0xd, 0xff, 0xd0, 0x0, 0x0,
    0xaf, 0xe0, 0x9f, 0xc0, 0x0, 0x0, 0x4, 0xff,
    0xc1, 0x0, 0x1, 0xdf, 0x80, 0x0, 0x0, 0xaf,
    0xe0, 0x8, 0x10, 0x0, 0x0, 0x0, 0x7a, 0x0,
    0x0, 0x0, 0x19, 0x0, 0x0, 0x0, 0x0, 0x0,
    0x0, 0x0, 0x0, 0x0, 0x0, 0x0, 0x0, 0x0,
    0x0, 0x0, 0x0,

    /* U+5FD7 "志" */
    0x0, 0x0, 0x0, 0x0, 0x0, 0x0, 0x14, 0x43,
    0x0, 0x0, 0x0, 0x0, 0x0, 0x0, 0x0, 0x0,
    0x0, 0x0, 0x0, 0x0, 0x4f, 0xfa, 0x0, 0x0,
    0x0, 0x0, 0x0, 0x0, 0x0, 0x0, 0x0, 0x0,
    0x0, 0x0, 0x4f, 0xfa, 0x0, 0x0, 0x0, 0x0,
    0x0, 0x0, 0x0, 0x0, 0x0, 0x0, 0x0, 0x0,
    0x4f, 0xfa, 0x0, 0x0, 0x0, 0x0, 0x0, 0x0,
    0x0, 0x0, 0x0, 0x0, 0x0, 0x0, 0x5f, 0xfa,
    0x0, 0x0, 0x0, 0x0, 0x0, 0x0, 0x1f, 0xff,
    0xff, 0xff, 0xff, 0xff, 0xff, 0xff, 0xff, 0xff,
    0xff, 0xff, 0xff, 0xfa, 0x1f, 0xff, 0xff, 0xff,
    0xff, 0xff, 0xff, 0xff, 0xff, 0xff, 0xff, 0xff,
    0xff, 0xfa, 0x1a, 0xaa, 0xaa, 0xaa, 0xaa, 0xaa,
    0xcf, 0xfe, 0xaa, 0xaa, 0xaa, 0xaa, 0xaa, 0xa6,
    0x0, 0x0, 0x0, 0x0, 0x0, 0x0, 0x4f, 0xfa,
    0x0, 0x0, 0x0, 0x0, 0x0, 0x0, 0x0, 0x0,
    0x0, 0x0, 0x0, 0x0, 0x4f, 0xfa, 0x0, 0x0,
    0x0, 0x0, 0x0, 0x0, 0x0, 0x0, 0x0, 0x0,
    0x0, 0x0, 0x4f, 0xfa, 0x0, 0x0, 0x0, 0x0,
    0x0, 0x0, 0x0, 0x0, 0x0, 0x0, 0x0, 0x0,
    0x5f, 0xfa, 0x0, 0x0, 0x0, 0x0, 0x0, 0x0,
    0x0, 0x2f, 0xff, 0xff, 0xff, 0xff, 0xff, 0xff,
    0xff, 0xff, 0xff, 0xff, 0xfd, 0x0, 0x0, 0x2f,
    0xff, 0xff, 0xff, 0xff, 0xff, 0xff, 0xff, 0xff,
    0xff, 0xff, 0xfd, 0x0, 0x0, 0x19, 0x99, 0x99,
    0x99, 0x99, 0xa9, 0x99, 0x99, 0x99, 0x99, 0x99,
    0x98, 0x0, 0x0, 0x0, 0x0, 0x0, 0x0, 0x5,
    0xe6, 0x0, 0x0, 0x0, 0x0, 0x0, 0x0, 0x0,
    0x0, 0x0, 0x0, 0x0, 0x0, 0x3f, 0xff, 0xc2,
    0x0, 0x0, 0x0, 0x0, 0x0, 0x0, 0x0, 0x0,
    0x0, 0x0, 0x0, 0x4, 0xef, 0xff, 0x60, 0x0,
    0x0, 0x0, 0x0, 0x0, 0x0, 0x5, 0x30, 0xa,
    0xdd, 0x0, 0x1a, 0xff, 0xfa, 0x0, 0x0, 0x5a,
    0x10, 0x0, 0x0, 0xe, 0xfb, 0xc, 0xff, 0x0,
    0x0, 0x6f, 0xff, 0xc0, 0x7, 0xff, 0x90, 0x0,
    0x0, 0x3f, 0xf9, 0xc, 0xff, 0x0, 0x0, 0x3,
    0xff, 0x70, 0x0, 0xef, 0xf2, 0x0, 0x0, 0x8f,
    0xf4, 0xc, 0xff, 0x0, 0x0, 0x0, 0x35, 0x0,
    0x0, 0x7f, 0xfa, 0x0, 0x0, 0xef, 0xf0, 0xc,
    0xff, 0x0, 0x0, 0x0, 0x0, 0x0, 0xc5, 0x1e,
    0xff, 0x30, 0x5, 0xff, 0xb0, 0xc, 0xff, 0x0,
    0x0, 0x0, 0x0, 0x1, 0xff, 0x97, 0xff, 0xb0,
    0xd, 0xff, 0x40, 0xc, 0xff, 0x0, 0x0, 0x0,
    0x0, 0x5, 0xff, 0x71, 0xff, 0xf2, 0x3f, 0xfd,
    0x0, 0xa, 0xff, 0xc9, 0x88, 0x88, 0x88, 0x9e,
    0xff, 0x30, 0x9f, 0xf9, 0x1, 0x95, 0x0, 0x5,
    0xff, 0xff, 0xff, 0xff, 0xff, 0xff, 0xfb, 0x0,
    0x3d, 0x61, 0x0, 0x0, 0x0, 0x0, 0x6c, 0xef,
    0xff, 0xff, 0xff, 0xfd, 0x91, 0x0, 0x0, 0x0,

    /* U+5FEB "快" */
    0x0, 0x0, 0xc, 0xc9, 0x0, 0x0, 0x0, 0x0,
    0xa, 0xcc, 0x0, 0x0, 0x0, 0x0, 0x0, 0x0,
    0x0, 0x1f, 0xfb, 0x0, 0x0, 0x0, 0x0, 0xd,
    0xff, 0x0, 0x0, 0x0, 0x0, 0x0, 0x0, 0x0,
    0x1f, 0xfb, 0x0, 0x0, 0x0, 0x0, 0xd, 0xff,
    0x0, 0x0, 0x0, 0x0, 0x0, 0x0, 0x0, 0x1f,
    0xfb, 0x0, 0x0, 0x0, 0x0, 0xd, 0xff, 0x0,
    0x0, 0x0, 0x0, 0x0, 0x0, 0x0, 0x1f, 0xfb,
    0x0, 0x0, 0x0, 0x0, 0xd, 0xff, 0x0, 0x0,
    0x0, 0x0, 0x0, 0x0, 0x0, 0x1f, 0xfb, 0x12,
    0x4, 0xaa, 0xaa, 0xaf, 0xff, 0xaa, 0xaa, 0xaa,
    0x70, 0x0, 0x0, 0x54, 0x2f, 0xff, 0xfd, 0x7,
    0xff, 0xff, 0xff, 0xff, 0xff, 0xff, 0xff, 0xb0,
    0x0, 0x0, 0xdf, 0x5f, 0xfd, 0xff, 0x47, 0xff,
    0xff, 0xff, 0xff, 0xff, 0xff, 0xff, 0xb0, 0x0,
    0x0, 0xff, 0x4f, 0xfb, 0xaf, 0xb0, 0x0, 0x0,
    0xd, 0xff, 0x0, 0x1, 0xff, 0xb0, 0x0, 0x1,
    0xff, 0x2f, 0xfb, 0x3f, 0xf1, 0x0, 0x0, 0xd,
    0xff, 0x0, 0x1, 0xff, 0xb0, 0x0, 0x4, 0xff,
    0x1f, 0xfb, 0xe, 0xf7, 0x0, 0x0, 0xd, 0xff,
    0x0, 0x1, 0xff, 0xb0, 0x0, 0x7, 0xfc, 0x1f,
    0xfb, 0x9, 0xb3, 0x0, 0x0, 0xd, 0xff, 0x0,
    0x1, 0xff, 0xb0, 0x0, 0xa, 0xf9, 0x1f, 0xfb,
    0x0, 0x0, 0x0, 0x0, 0xe, 0xff, 0x0, 0x1,
    0xff, 0xb0, 0x0, 0xf, 0xf5, 0x1f, 0xfb, 0x0,
    0x0, 0x0, 0x0, 0xe, 0xff, 0x0, 0x1, 0xff,
    0xb0, 0x0, 0x19, 0xe1, 0x1f, 0xfb, 0x0, 0xab,
    0xbb, 0xbb, 0xbf, 0xff, 0xbb, 0xbb, 0xff, 0xeb,
    0xb0, 0x0, 0x0, 0x1f, 0xfb, 0x0, 0xef, 0xff,
    0xff, 0xff, 0xff, 0xff, 0xff, 0xff, 0xff, 0xf0,
    0x0, 0x0, 0x1f, 0xfb, 0x0, 0xef, 0xff, 0xff,
    0xff, 0xff, 0xff, 0xff, 0xff, 0xff, 0xf0, 0x0,
    0x0, 0x1f, 0xfb, 0x0, 0x0, 0x0, 0x0, 0x8f,
    0xff, 0xf5, 0x0, 0x0, 0x0, 0x0, 0x0, 0x0,
    0x1f, 0xfb, 0x0, 0x0, 0x0, 0x0, 0xdf, 0xff,
    0xfd, 0x0, 0x0, 0x0, 0x0, 0x0, 0x0, 0x1f,
    0xfb, 0x0, 0x0, 0x0, 0x3, 0xff, 0xca, 0xff,
    0x50, 0x0, 0x0, 0x0, 0x0, 0x0, 0x1f, 0xfb,
    0x0, 0x0, 0x0, 0xc, 0xff, 0x53, 0xff, 0xe1,
    0x0, 0x0, 0x0, 0x0, 0x0, 0x1f, 0xfb, 0x0,
    0x0, 0x0, 0x6f, 0xfd, 0x0, 0xbf, 0xfb, 0x0,
    0x0, 0x0, 0x0, 0x0, 0x1f, 0xfb, 0x0, 0x0,
    0x4, 0xff, 0xf3, 0x0, 0x2f, 0xff, 0x90, 0x0,
    0x0, 0x0, 0x0, 0x1f, 0xfb, 0x0, 0x0, 0x4f,
    0xff, 0x90, 0x0, 0x5, 0xff, 0xfb, 0x0, 0x0,
    0x0, 0x0, 0x1f, 0xfb, 0x0, 0x6, 0xff, 0xfa,
    0x0, 0x0, 0x0, 0x9f, 0xff, 0xd5, 0x0, 0x0,
    0x0, 0x1f, 0xfb, 0x3, 0xcf, 0xff, 0xa0, 0x0,
    0x0, 0x0, 0x8, 0xff, 0xff, 0xd2, 0x0, 0x0,
    0x1f, 0xfb, 0x8, 0xff, 0xf8, 0x0, 0x0, 0x0,
    0x0, 0x0, 0x6f, 0xff, 0x80, 0x0, 0x0, 0x1f,
    0xfb, 0x0, 0x9c, 0x20, 0x0, 0x0, 0x0, 0x0,
    0x0, 0x1, 0xac, 0x0, 0x0, 0x0, 0x0, 0x0,
    0x0, 0x0, 0x0, 0x0, 0x0, 0x0, 0x0, 0x0,
    0x0, 0x0, 0x0,

    /* U+6001 "态" */
    0x0, 0x0, 0x0, 0x0, 0x0, 0x0, 0x16, 0x65,
    0x0, 0x0, 0x0, 0x0, 0x0, 0x0, 0x0, 0x0,
    0x0, 0x0, 0x0, 0x0, 0x4, 0xff, 0xb0, 0x0,
    0x0, 0x0, 0x0, 0x0, 0x0, 0x0, 0x0, 0x0,
    0x0, 0x0, 0x0, 0x6f, 0xf9, 0x0, 0x0, 0x0,
    0x0, 0x0, 0x0, 0x0, 0x0, 0x0, 0x0, 0x0,
    0x0, 0x8, 0xff, 0x60, 0x0, 0x0, 0x0, 0x0,
    0x0, 0x0, 0x0, 0x0, 0x0, 0x0, 0x0, 0x0,
    0xaf, 0xf5, 0x0, 0x0, 0x0, 0x0, 0x0, 0x0,
    0x3, 0xff, 0xff, 0xff, 0xff, 0xff, 0xff, 0xff,
    0xff, 0xff, 0xff, 0xff, 0xff, 0xff, 0xb0, 0x3f,
    0xff, 0xff, 0xff, 0xff, 0xff, 0xff, 0xff, 0xff,
    0xff, 0xff, 0xff, 0xff, 0xfb, 0x2, 0x99, 0x99,
    0x99, 0x99, 0x99, 0xdf, 0xff, 0xff, 0xc9, 0x99,
    0x99, 0x99, 0x99, 0x70, 0x0, 0x0, 0x0, 0x0,
    0x0, 0xe, 0xff, 0x5f, 0xfe, 0x10, 0x0, 0x0,
    0x0, 0x0, 0x0, 0x0, 0x0, 0x0, 0x0, 0x8,
    0xff, 0xb0, 0x8f, 0xfa, 0x0, 0x0, 0x0, 0x0,
    0x0, 0x0, 0x0, 0x0, 0x0, 0x4, 0xff, 0xf3,
    0x1, 0xef, 0xf7, 0x0, 0x0, 0x0, 0x0, 0x0,
    0x0, 0x0, 0x0, 0x3, 0xff, 0xfa, 0x0, 0x5,
    0xff, 0xf8, 0x0, 0x0, 0x0, 0x0, 0x0, 0x0,
    0x0, 0x4, 0xff, 0xfd, 0x21, 0x0, 0x6, 0xff,
    0xfa, 0x10, 0x0, 0x0, 0x0, 0x0, 0x0, 0x1a,
    0xff, 0xfd, 0x9f, 0xf7, 0x0, 0x8, 0xff, 0xff,
    0x70, 0x0, 0x0, 0x0, 0x3, 0x9f, 0xff, 0xfb,
    0x2b, 0xff, 0xfd, 0x30, 0x6, 0xff, 0xff, 0xe8,
    0x30, 0x2, 0x8d, 0xff, 0xff, 0xe6, 0x0, 0x5,
    0xef, 0xff, 0x60, 0x2, 0xcf, 0xff, 0xff, 0xd0,
    0x1e, 0xff, 0xfe, 0x70, 0x0, 0x0, 0x1, 0xcf,
    0xf6, 0x0, 0x0, 0x6c, 0xff, 0xf3, 0x0, 0x4f,
    0xa5, 0x0, 0x0, 0x0, 0x5, 0xd4, 0x81, 0x0,
    0x0, 0x0, 0x2, 0x97, 0x0, 0x0, 0x1, 0x0,
    0x2, 0x22, 0x4, 0xff, 0xf3, 0x0, 0x0, 0x0,
    0x27, 0x20, 0x0, 0x0, 0x0, 0xbf, 0xa0, 0xcf,
    0xf0, 0x6, 0xff, 0xf3, 0x0, 0x0, 0x3f, 0xfb,
    0x0, 0x0, 0x0, 0xf, 0xfc, 0xc, 0xff, 0x0,
    0x6, 0xff, 0xf2, 0x0, 0x0, 0xbf, 0xf3, 0x0,
    0x0, 0x4, 0xff, 0x80, 0xcf, 0xf0, 0x0, 0x8,
    0xff, 0xd0, 0x0, 0x3, 0xff, 0xc0, 0x0, 0x0,
    0x9f, 0xf3, 0xc, 0xff, 0x0, 0x0, 0xb, 0xf7,
    0x0, 0xb7, 0x2c, 0xff, 0x40, 0x0, 0xe, 0xfe,
    0x0, 0xcf, 0xf0, 0x0, 0x0, 0x12, 0x0, 0xe,
    0xfb, 0x4f, 0xfb, 0x0, 0x6, 0xff, 0x90, 0xb,
    0xff, 0x0, 0x0, 0x0, 0x0, 0x2, 0xff, 0x90,
    0xef, 0xf2, 0x0, 0xef, 0xf3, 0x0, 0xaf, 0xfc,
    0x99, 0x99, 0x99, 0x99, 0xef, 0xf5, 0x8, 0xff,
    0x70, 0x19, 0xfb, 0x0, 0x4, 0xff, 0xff, 0xff,
    0xff, 0xff, 0xff, 0xfd, 0x0, 0x3f, 0xc5, 0x0,
    0x2, 0x20, 0x0, 0x5, 0xbd, 0xef, 0xff, 0xff,
    0xff, 0xda, 0x10, 0x0, 0x20, 0x0,

    /* U+6027 "性" */
    0x0, 0x0, 0xc, 0xc9, 0x0, 0x0, 0x0, 0x0,
    0x0, 0x5a, 0xa3, 0x0, 0x0, 0x0, 0x0, 0x0,
    0x1, 0xff, 0xc0, 0x0, 0x0, 0x22, 0x0, 0x8,
    0xff, 0x50, 0x0, 0x0, 0x0, 0x0, 0x0, 0x1f,
    0xfc, 0x0, 0x0, 0xb, 0xff, 0x20, 0x8f, 0xf5,
    0x0, 0x0, 0x0, 0x0, 0x0, 0x1, 0xff, 0xc0,
    0x0, 0x0, 0xef, 0xf0, 0x8, 0xff, 0x50, 0x0,
    0x0, 0x0, 0x0, 0x0, 0x1f, 0xfc, 0x0, 0x0,
    0xf, 0xfc, 0x0, 0x8f, 0xf5, 0x0, 0x0, 0x0,
    0x0, 0x0, 0x1, 0xff, 0xc1, 0x40, 0x3, 0xff,
    0x90, 0x8, 0xff, 0x50, 0x0, 0x0, 0x0, 0x0,
    0x66, 0x2f, 0xfe, 0xfe, 0x0, 0x7f, 0xf7, 0x0,
    0x8f, 0xf5, 0x0, 0x0, 0x0, 0x0, 0xe, 0xf5,
    0xff, 0xce, 0xf7, 0xc, 0xff, 0xff, 0xff, 0xff,
    0xff, 0xff, 0xff, 0xe0, 0x0, 0xff, 0x3f, 0xfc,
    0x8f, 0xd1, 0xff, 0xff, 0xff, 0xff, 0xff, 0xff,
    0xff, 0xfe, 0x0, 0x2f, 0xf1, 0xff, 0xc2, 0xff,
    0x9f, 0xfc, 0x99, 0x9d, 0xff, 0xc9, 0x99, 0x99,
    0x90, 0x4, 0xfe, 0x1f, 0xfc, 0xd, 0xff, 0xff,
    0x30, 0x0, 0x8f, 0xf5, 0x0, 0x0, 0x0, 0x0,
    0x8f, 0xb1, 0xff, 0xc0, 0x45, 0xff, 0xd0, 0x0,
    0x8, 0xff, 0x50, 0x0, 0x0, 0x0, 0xb, 0xf8,
    0x1f, 0xfc, 0x0, 0xbf, 0xf6, 0x0, 0x0, 0x8f,
    0xf5, 0x0, 0x0, 0x0, 0x0, 0xff, 0x51, 0xff,
    0xc0, 0x0, 0x7d, 0x0, 0x0, 0x8, 0xff, 0x50,
    0x0, 0x0, 0x0, 0x7, 0xd0, 0x1f, 0xfc, 0x0,
    0x0, 0x0, 0x0, 0x0, 0x8f, 0xf5, 0x0, 0x0,
    0x0, 0x0, 0x0, 0x1, 0xff, 0xc0, 0x0, 0x7,
    0xaa, 0xaa, 0xad, 0xff, 0xca, 0xaa, 0xaa, 0x20,
    0x0, 0x0, 0x1f, 0xfc, 0x0, 0x0, 0xaf, 0xff,
    0xff, 0xff, 0xff, 0xff, 0xff, 0xf3, 0x0, 0x0,
    0x1, 0xff, 0xc0, 0x0, 0xa, 0xff, 0xff, 0xff,
    0xff, 0xff, 0xff, 0xff, 0x30, 0x0, 0x0, 0x1f,
    0xfc, 0x0, 0x0, 0x0, 0x0, 0x0, 0x8f, 0xf5,
    0x0, 0x0, 0x0, 0x0, 0x0, 0x1, 0xff, 0xc0,
    0x0, 0x0, 0x0, 0x0, 0x8, 0xff, 0x50, 0x0,
    0x0, 0x0, 0x0, 0x0, 0x1f, 0xfc, 0x0, 0x0,
    0x0, 0x0, 0x0, 0x8f, 0xf5, 0x0, 0x0, 0x0,
    0x0, 0x0, 0x1, 0xff, 0xc0, 0x0, 0x0, 0x0,
    0x0, 0x8, 0xff, 0x50, 0x0, 0x0, 0x0, 0x0,
    0x0, 0x1f, 0xfc, 0x0, 0x0, 0x0, 0x0, 0x0,
    0x8f, 0xf5, 0x0, 0x0, 0x0, 0x0, 0x0, 0x1,
    0xff, 0xc0, 0x0, 0x0, 0x0, 0x0, 0x8, 0xff,
    0x50, 0x0, 0x0, 0x0, 0x0, 0x0, 0x1f, 0xfc,
    0x0, 0x0, 0x0, 0x0, 0x0, 0x8f, 0xf5, 0x0,
    0x0, 0x0, 0x0, 0x0, 0x1, 0xff, 0xc0, 0xe,
    0xff, 0xff, 0xff, 0xff, 0xff, 0xff, 0xff, 0xff,
    0xfa, 0x0, 0x0, 0x1f, 0xfc, 0x0, 0xef, 0xff,
    0xff, 0xff, 0xff, 0xff, 0xff, 0xff, 0xff, 0xa0,
    0x0, 0x1, 0xff, 0xc0, 0x9, 0xaa, 0xaa, 0xaa,
    0xaa, 0xaa, 0xaa, 0xaa, 0xaa, 0xa6,

    /* U+603B "总" */
    0x0, 0x0, 0x0, 0x0, 0x4, 0x0, 0x0, 0x0,
    0x0, 0x0, 0x50, 0x0, 0x0, 0x0, 0x0, 0x0,
    0x0, 0x0, 0x5e, 0xf6, 0x0, 0x0, 0x0, 0x0,
    0x5f, 0xf9, 0x0, 0x0, 0x0, 0x0, 0x0, 0x0,
    0x3, 0xff, 0xf2, 0x0, 0x0, 0x0, 0xc, 0xff,
    0x90, 0x0, 0x0, 0x0, 0x0, 0x0, 0x0, 0x8,
    0xff, 0xc0, 0x0, 0x0, 0x4, 0xff, 0xe1, 0x0,
    0x0, 0x0, 0x0, 0x0, 0x0, 0x0, 0xe, 0xff,
    0x60, 0x0, 0x0, 0xcf, 0xf6, 0x0, 0x0, 0x0,
    0x0, 0x0, 0x0, 0x0, 0x0, 0x6f, 0xf9, 0x0,
    0x0, 0x6f, 0xfc, 0x0, 0x0, 0x0, 0x0, 0x0,
    0x0, 0x8, 0x99, 0x99, 0xfc, 0x99, 0x99, 0x9e,
    0xff, 0xb9, 0x99, 0x80, 0x0, 0x0, 0x0, 0x0,
    0xdf, 0xff, 0xff, 0xff, 0xff, 0xff, 0xff, 0xff,
    0xff, 0xfd, 0x0, 0x0, 0x0, 0x0, 0xd, 0xff,
    0xff, 0xff, 0xff, 0xff, 0xff, 0xff, 0xff, 0xff,
    0xd0, 0x0, 0x0, 0x0, 0x0, 0xdf, 0xf3, 0x11,
    0x11, 0x11, 0x11, 0x11, 0x11, 0x6f, 0xfd, 0x0,
    0x0, 0x0, 0x0, 0xd, 0xff, 0x20, 0x0, 0x0,
    0x0, 0x0, 0x0, 0x5, 0xff, 0xd0, 0x0, 0x0,
    0x0, 0x0, 0xdf, 0xf2, 0x0, 0x0, 0x0, 0x0,
    0x0, 0x0, 0x5f, 0xfd, 0x0, 0x0, 0x0, 0x0,
    0xd, 0xff, 0x20, 0x0, 0x0, 0x0, 0x0, 0x0,
    0x5, 0xff, 0xd0, 0x0, 0x0, 0x0, 0x0, 0xdf,
    0xf3, 0x0, 0x0, 0x0, 0x0, 0x0, 0x0, 0x5f,
    0xfd, 0x0, 0x0, 0x0, 0x0, 0xd, 0xff, 0xff,
    0xff, 0xff, 0xff, 0xff, 0xff, 0xff, 0xff, 0xd0,
    0x0, 0x0, 0x0, 0x0, 0xdf, 0xff, 0xff, 0xff,
    0xff, 0xff, 0xff, 0xff, 0xff, 0xfd, 0x0, 0x0,
    0x0, 0x0, 0x8, 0x99, 0x99, 0x99, 0x9a, 0xd9,
    0x99, 0x99, 0x99, 0x99, 0x80, 0x0, 0x0, 0x0,
    0x0, 0x0, 0x0, 0x0, 0x2, 0xcf, 0x90, 0x0,
    0x0, 0x0, 0x0, 0x0, 0x0, 0x0, 0x0, 0x0,
    0x0, 0x88, 0x80, 0x3e, 0xff, 0xd2, 0x0, 0x0,
    0x2, 0xa1, 0x0, 0x0, 0x0, 0x9f, 0xc2, 0xf,
    0xff, 0x10, 0x1b, 0xff, 0xf4, 0x0, 0x3, 0xff,
    0xc0, 0x0, 0x0, 0xe, 0xff, 0x0, 0xff, 0xf1,
    0x0, 0x9, 0xff, 0xf4, 0x0, 0xa, 0xff, 0x80,
    0x0, 0x3, 0xff, 0xb0, 0xf, 0xff, 0x10, 0x0,
    0x8, 0xfe, 0x20, 0x0, 0xe, 0xff, 0x40, 0x0,
    0x8f, 0xf7, 0x0, 0xff, 0xf1, 0x0, 0x0, 0x7,
    0x10, 0x4, 0x0, 0x3f, 0xfd, 0x0, 0xe, 0xff,
    0x20, 0xf, 0xff, 0x10, 0x0, 0x0, 0x0, 0x0,
    0xee, 0x80, 0x9f, 0xf6, 0x7, 0xff, 0xb0, 0x0,
    0xff, 0xf1, 0x0, 0x0, 0x0, 0x0, 0x2f, 0xfb,
    0x1, 0xff, 0xc0, 0xbf, 0xf3, 0x0, 0xd, 0xff,
    0xd9, 0x99, 0x99, 0x99, 0x9d, 0xff, 0x70, 0xa,
    0xa1, 0x0, 0x37, 0x0, 0x0, 0x7f, 0xff, 0xff,
    0xff, 0xff, 0xff, 0xff, 0xf1, 0x0, 0x0, 0x0,
    0x0, 0x0, 0x0, 0x0, 0x6c, 0xef, 0xff, 0xff,
    0xff, 0xfe, 0xb3, 0x0, 0x0, 0x0,

    /* U+6062 "恢" */
    0x0, 0x0, 0x3c, 0xc2, 0x0, 0x0, 0x0, 0x7c,
    0xa0, 0x0, 0x0, 0x0, 0x0, 0x0, 0x0, 0x0,
    0x4, 0xff, 0x30, 0x0, 0x0, 0xa, 0xff, 0x0,
    0x0, 0x0, 0x0, 0x0, 0x0, 0x0, 0x0, 0x4f,
    0xf3, 0x0, 0x0, 0x0, 0xbf, 0xe0, 0x0, 0x0,
    0x0, 0x0, 0x0, 0x0, 0x0, 0x4, 0xff, 0x30,
    0x0, 0x0, 0xd, 0xfd, 0x0, 0x0, 0x0, 0x0,
    0x0, 0x0, 0x0, 0x0, 0x4f, 0xf3, 0x0, 0x0,
    0x0, 0xef, 0xb0, 0x0, 0x0, 0x0, 0x0, 0x0,
    0x0, 0x0, 0x4, 0xff, 0x34, 0xc, 0xff, 0xff,
    0xff, 0xff, 0xff, 0xff, 0xff, 0xff, 0xf1, 0x0,
    0x56, 0x6f, 0xfe, 0xf6, 0xdf, 0xff, 0xff, 0xff,
    0xff, 0xff, 0xff, 0xff, 0xff, 0x10, 0xd, 0xf9,
    0xff, 0xbf, 0xc7, 0x88, 0xbf, 0xfa, 0x88, 0x88,
    0x88, 0x88, 0x88, 0x80, 0x0, 0xef, 0x7f, 0xf5,
    0xff, 0x20, 0x8, 0xff, 0x10, 0x0, 0x26, 0x50,
    0x0, 0x0, 0x0, 0xf, 0xf6, 0xff, 0x3c, 0xf6,
    0x0, 0xbf, 0xe0, 0x0, 0x5, 0xff, 0x0, 0x0,
    0x0, 0x2, 0xff, 0x5f, 0xf3, 0x8f, 0xa0, 0xe,
    0xfb, 0x0, 0x0, 0x6f, 0xf0, 0x0, 0x0, 0x0,
    0x6f, 0xd4, 0xff, 0x35, 0xd6, 0x2, 0xff, 0x80,
    0x97, 0x17, 0xfd, 0x0, 0x7a, 0x50, 0x9, 0xfa,
    0x4f, 0xf3, 0x0, 0x0, 0x6f, 0xf4, 0x1f, 0xf1,
    0x9f, 0xc0, 0xc, 0xf7, 0x0, 0xef, 0x64, 0xff,
    0x30, 0x0, 0xb, 0xff, 0x4, 0xfd, 0xa, 0xfb,
    0x0, 0xff, 0x30, 0x5, 0xb2, 0x4f, 0xf3, 0x0,
    0x0, 0xff, 0xa0, 0x7f, 0xa0, 0xcf, 0x90, 0x4f,
    0xf0, 0x0, 0x0, 0x4, 0xff, 0x30, 0x0, 0x5f,
    0xf5, 0xc, 0xf6, 0xf, 0xf6, 0x9, 0xfb, 0x0,
    0x0, 0x0, 0x4f, 0xf3, 0x0, 0xb, 0xff, 0x11,
    0xff, 0x12, 0xff, 0x40, 0xff, 0x50, 0x0, 0x0,
    0x4, 0xff, 0x30, 0x3, 0xff, 0xa0, 0x8f, 0xb0,
    0x5f, 0xf2, 0x6f, 0xf0, 0x0, 0x0, 0x0, 0x4f,
    0xf3, 0x0, 0xaf, 0xf3, 0x3, 0xc4, 0xb, 0xff,
    0x72, 0xa9, 0x0, 0x0, 0x0, 0x4, 0xff, 0x30,
    0x3f, 0xfb, 0x0, 0x0, 0x0, 0xff, 0xfd, 0x0,
    0x0, 0x0, 0x0, 0x0, 0x4f, 0xf3, 0x1e, 0xff,
    0x40, 0x0, 0x0, 0x7f, 0xff, 0xf4, 0x0, 0x0,
    0x0, 0x0, 0x4, 0xff, 0x3a, 0xff, 0x90, 0x0,
    0x0, 0x1f, 0xfd, 0xbf, 0xe0, 0x0, 0x0, 0x0,
    0x0, 0x4f, 0xf3, 0x5f, 0xe0, 0x0, 0x0, 0xb,
    0xff, 0x53, 0xff, 0x90, 0x0, 0x0, 0x0, 0x4,
    0xff, 0x30, 0x44, 0x0, 0x0, 0xa, 0xff, 0xc0,
    0xa, 0xff, 0x70, 0x0, 0x0, 0x0, 0x4f, 0xf3,
    0x0, 0x0, 0x0, 0x2c, 0xff, 0xe1, 0x0, 0xe,
    0xff, 0x80, 0x0, 0x0, 0x4, 0xff, 0x30, 0x0,
    0x3, 0xaf, 0xff, 0xe3, 0x0, 0x0, 0x2e, 0xff,
    0xd3, 0x0, 0x0, 0x4f, 0xf3, 0x0, 0x0, 0x3f,
    0xff, 0xb1, 0x0, 0x0, 0x0, 0x2e, 0xfd, 0x10,
    0x0, 0x4, 0xff, 0x30, 0x0, 0x0, 0x7c, 0x40,
    0x0, 0x0, 0x0, 0x0, 0x19, 0x20, 0x0, 0x0,
    0x0, 0x0, 0x0, 0x0, 0x0, 0x0, 0x0, 0x0,
    0x0, 0x0, 0x0, 0x0, 0x0,

    /* U+60A8 "您" */
    0x0, 0x0, 0x0, 0x0, 0x10, 0x0, 0x0, 0x0,
    0x0, 0x0, 0x0, 0x0, 0x0, 0x0, 0x0, 0x0,
    0x0, 0x0, 0x6f, 0xb3, 0x0, 0x6e, 0xa2, 0x0,
    0x0, 0x0, 0x0, 0x0, 0x0, 0x0, 0x0, 0x0,
    0x1f, 0xfe, 0x10, 0xd, 0xff, 0x10, 0x0, 0x0,
    0x0, 0x0, 0x0, 0x0, 0x0, 0x0, 0xb, 0xff,
    0x60, 0x5, 0xff, 0xd7, 0x77, 0x77, 0x77, 0x77,
    0x78, 0x51, 0x0, 0x0, 0x7, 0xff, 0xc0, 0x0,
    0xef, 0xff, 0xff, 0xff, 0xff, 0xff, 0xff, 0xff,
    0x30, 0x0, 0x4, 0xff, 0xf3, 0x0, 0xaf, 0xff,
    0xff, 0xff, 0xff, 0xff, 0xff, 0xff, 0xc0, 0x0,
    0x3, 0xff, 0xff, 0x0, 0x7f, 0xfe, 0x10, 0x0,
    0x45, 0x50, 0x0, 0x5f, 0xf5, 0x0, 0x4, 0xff,
    0xff, 0xf0, 0x6f, 0xff, 0x30, 0x0, 0xb, 0xff,
    0x0, 0xd, 0xfd, 0x0, 0x6, 0xff, 0xff, 0xff,
    0x1, 0xcf, 0x50, 0x0, 0x0, 0xbf, 0xf0, 0x1,
    0x8c, 0x50, 0x0, 0xbf, 0xfa, 0xbf, 0xf0, 0x0,
    0x40, 0x7b, 0x71, 0xb, 0xff, 0x1, 0x8c, 0x0,
    0x0, 0x0, 0xd9, 0xb, 0xff, 0x0, 0x0, 0x1f,
    0xfe, 0x0, 0xbf, 0xf0, 0x7f, 0xf9, 0x0, 0x0,
    0x1, 0x0, 0xbf, 0xf0, 0x0, 0x9, 0xff, 0x60,
    0xb, 0xff, 0x0, 0xcf, 0xf4, 0x0, 0x0, 0x0,
    0xb, 0xff, 0x0, 0x4, 0xff, 0xd0, 0x0, 0xbf,
    0xf0, 0x2, 0xff, 0xe0, 0x0, 0x0, 0x0, 0xbf,
    0xf0, 0x3, 0xff, 0xf4, 0x0, 0xb, 0xff, 0x0,
    0x8, 0xff, 0x80, 0x0, 0x0, 0xb, 0xff, 0x0,
    0xaf, 0xf8, 0x0, 0x0, 0xbf, 0xf0, 0x0, 0xe,
    0xff, 0x10, 0x0, 0x0, 0xbf, 0xf0, 0x0, 0x7a,
    0x0, 0x88, 0x8e, 0xfe, 0x0, 0x0, 0x7b, 0x30,
    0x0, 0x0, 0xb, 0xff, 0x0, 0x0, 0x0, 0xb,
    0xff, 0xff, 0xb0, 0x0, 0x0, 0x0, 0x0, 0x0,
    0x0, 0xbf, 0xf0, 0x0, 0x0, 0x4b, 0x7e, 0xdc,
    0x80, 0x0, 0x0, 0x0, 0x0, 0x0, 0x0, 0x0,
    0x0, 0x0, 0x0, 0x4f, 0xfd, 0x10, 0x0, 0x0,
    0x0, 0x0, 0x0, 0x0, 0x0, 0x4, 0x0, 0x17,
    0x74, 0x0, 0x8f, 0xfc, 0x0, 0x0, 0x0, 0x5b,
    0x80, 0x0, 0x0, 0x2, 0xfe, 0x63, 0xff, 0x90,
    0x0, 0xaf, 0xfa, 0x0, 0x0, 0xe, 0xff, 0x20,
    0x0, 0x0, 0x8f, 0xf6, 0x3f, 0xf9, 0x0, 0x0,
    0xdf, 0xf5, 0x0, 0x0, 0x6f, 0xfb, 0x0, 0x0,
    0xe, 0xff, 0x3, 0xff, 0x90, 0x0, 0x2, 0xfe,
    0x50, 0xc, 0x51, 0xef, 0xf3, 0x0, 0x5, 0xff,
    0xa0, 0x3f, 0xf9, 0x0, 0x0, 0x4, 0x0, 0x1,
    0xff, 0x86, 0xff, 0xb0, 0x0, 0xdf, 0xf4, 0x3,
    0xff, 0xa0, 0x0, 0x0, 0x0, 0x0, 0x6f, 0xf6,
    0xf, 0xff, 0x10, 0x6f, 0xfd, 0x0, 0x1f, 0xff,
    0xb9, 0x99, 0x99, 0x99, 0xaf, 0xff, 0x20, 0x9f,
    0xf6, 0x2, 0xaf, 0x50, 0x0, 0xcf, 0xff, 0xff,
    0xff, 0xff, 0xff, 0xff, 0xb0, 0x4, 0x93, 0x0,
    0x0, 0x20, 0x0, 0x1, 0x8d, 0xff, 0xff, 0xff,
    0xff, 0xfd, 0x91, 0x0, 0x0, 0x0,

    /* U+611F "感" */
    0x0, 0x0, 0x0, 0x0, 0x0, 0x0, 0x0, 0x0,
    0x4, 0x43, 0x0, 0x30, 0x0, 0x0, 0x0, 0x0,
    0x0, 0x0, 0x0, 0x0, 0x0, 0x0, 0x0, 0xff,
    0xc0, 0x7f, 0xd4, 0x0, 0x0, 0x0, 0x0, 0x0,
    0x0, 0x0, 0x0, 0x0, 0x0, 0xe, 0xfc, 0x3,
    0xdf, 0xf9, 0x0, 0x0, 0x0, 0x25, 0x55, 0x55,
    0x55, 0x55, 0x55, 0x55, 0xef, 0xe5, 0x55, 0xdf,
    0xb5, 0x51, 0x0, 0x8, 0xff, 0xff, 0xff, 0xff,
    0xff, 0xff, 0xff, 0xff, 0xff, 0xff, 0xff, 0xff,
    0x50, 0x0, 0x8f, 0xff, 0xff, 0xff, 0xff, 0xff,
    0xff, 0xff, 0xff, 0xff, 0xff, 0xff, 0xf5, 0x0,
    0x8, 0xff, 0x10, 0x0, 0x0, 0x0, 0x0, 0x8,
    0xff, 0x10, 0x0, 0x0, 0x0, 0x0, 0x0, 0x8f,
    0xf1, 0x22, 0x22, 0x22, 0x22, 0x21, 0x6f, 0xf4,
    0x0, 0x8, 0x73, 0x0, 0x0, 0x8, 0xff, 0x1e,
    0xff, 0xff, 0xff, 0xff, 0x63, 0xff, 0x60, 0x3,
    0xff, 0xa0, 0x0, 0x0, 0x9f, 0xf0, 0xbc, 0xcc,
    0xcc, 0xcc, 0xc5, 0xf, 0xf9, 0x0, 0xaf, 0xf2,
    0x0, 0x0, 0x9, 0xff, 0x0, 0x0, 0x0, 0x0,
    0x0, 0x0, 0xef, 0xd0, 0x4f, 0xfa, 0x0, 0x0,
    0x0, 0xbf, 0xe0, 0xae, 0xee, 0xee, 0xee, 0xe0,
    0x9, 0xff, 0x3d, 0xff, 0x20, 0x0, 0x0, 0xd,
    0xfc, 0xa, 0xff, 0xff, 0xff, 0xff, 0x0, 0x4f,
    0xfe, 0xff, 0x70, 0x0, 0x0, 0x0, 0xff, 0x90,
    0xaf, 0xa0, 0x0, 0x4f, 0xf0, 0x0, 0xef, 0xff,
    0xb0, 0x4, 0x10, 0x0, 0x4f, 0xf6, 0xa, 0xf9,
    0x0, 0x3, 0xff, 0x0, 0xa, 0xff, 0xe1, 0x0,
    0x8f, 0x70, 0x9, 0xff, 0x20, 0xaf, 0xb2, 0x22,
    0x6f, 0xf0, 0x9, 0xff, 0xfe, 0x10, 0xa, 0xfa,
    0x0, 0xef, 0xd0, 0xa, 0xff, 0xff, 0xff, 0xff,
    0x2c, 0xff, 0xff, 0xfd, 0x20, 0xef, 0x70, 0x8f,
    0xf7, 0x0, 0x8c, 0xcc, 0xcc, 0xcc, 0xcd, 0xff,
    0xe4, 0xcf, 0xff, 0xff, 0xf2, 0xc, 0xfe, 0x0,
    0x0, 0x0, 0x0, 0x0, 0x0, 0x2e, 0xc1, 0x1,
    0xbf, 0xff, 0xfb, 0x0, 0x9, 0x50, 0x0, 0x0,
    0x0, 0x3, 0xbe, 0x30, 0x10, 0x0, 0x0, 0x49,
    0x97, 0x0, 0x0, 0x0, 0x10, 0x5, 0xdd, 0x60,
    0x3f, 0xfe, 0x30, 0x0, 0x0, 0x5, 0xa4, 0x0,
    0x0, 0x0, 0x4f, 0xb3, 0x6f, 0xf6, 0x0, 0x3f,
    0xfe, 0x20, 0x0, 0x2, 0xff, 0xe0, 0x0, 0x0,
    0xc, 0xff, 0x26, 0xff, 0x60, 0x0, 0x5f, 0xfe,
    0x10, 0x55, 0x8, 0xff, 0x80, 0x0, 0x3, 0xff,
    0xb0, 0x6f, 0xf6, 0x0, 0x0, 0x7f, 0x81, 0x9,
    0xff, 0x2e, 0xff, 0x20, 0x0, 0xdf, 0xf3, 0x6,
    0xff, 0x70, 0x0, 0x0, 0x10, 0x0, 0xbf, 0xf0,
    0x6f, 0xfa, 0x0, 0x7f, 0xfa, 0x0, 0x5f, 0xfb,
    0x44, 0x33, 0x33, 0x34, 0x7f, 0xfc, 0x0, 0xef,
    0xf2, 0x5, 0xcf, 0x20, 0x1, 0xff, 0xff, 0xff,
    0xff, 0xff, 0xff, 0xff, 0x50, 0x6, 0x72, 0x0,
    0x0, 0x10, 0x0, 0x3, 0xae, 0xff, 0xff, 0xff,
    0xff, 0xec, 0x50, 0x0, 0x0, 0x0,

    /* U+6210 "成" */
    0x0, 0x0, 0x0, 0x0, 0x0, 0x0, 0x0, 0x0,
    0x88, 0x60, 0x4, 0x20, 0x0, 0x0, 0x0, 0x0,
    0x0, 0x0, 0x0, 0x0, 0x0, 0x0, 0x1f, 0xfd,
    0x5, 0xff, 0x91, 0x0, 0x0, 0x0, 0x0, 0x0,
    0x0, 0x0, 0x0, 0x0, 0x1, 0xff, 0xd0, 0x6e,
    0xff, 0xe5, 0x0, 0x0, 0x0, 0x0, 0x0, 0x0,
    0x0, 0x0, 0x0, 0xf, 0xfe, 0x0, 0x1a, 0xff,
    0xf8, 0x0, 0x0, 0x0, 0x0, 0x0, 0x0, 0x0,
    0x0, 0x0, 0xff, 0xe0, 0x0, 0x6, 0xff, 0x40,
    0x0, 0x0, 0x7b, 0xbb, 0xbb, 0xbb, 0xbb, 0xbb,
    0xbf, 0xff, 0xbb, 0xbb, 0xbd, 0xeb, 0xb6, 0x0,
    0xa, 0xff, 0xff, 0xff, 0xff, 0xff, 0xff, 0xff,
    0xff, 0xff, 0xff, 0xff, 0xff, 0x90, 0x0, 0xaf,
    0xff, 0xff, 0xff, 0xff, 0xff, 0xff, 0xff, 0xff,
    0xff, 0xff, 0xff, 0xf9, 0x0, 0xa, 0xff, 0x61,
    0x11, 0x11, 0x11, 0x11, 0xcf, 0xf3, 0x11, 0x11,
    0x11, 0x11, 0x0, 0x0, 0xaf, 0xf5, 0x0, 0x0,
    0x0, 0x0, 0xa, 0xff, 0x40, 0x0, 0x0, 0x0,
    0x0, 0x0, 0xa, 0xff, 0x50, 0x0, 0x0, 0x0,
    0x0, 0x8f, 0xf5, 0x0, 0x1, 0xa6, 0x20, 0x0,
    0x0, 0xaf, 0xf5, 0x0, 0x0, 0x0, 0x0, 0x6,
    0xff, 0x70, 0x0, 0x7f, 0xfa, 0x0, 0x0, 0xa,
    0xff, 0xff, 0xff, 0xff, 0xfe, 0x0, 0x5f, 0xf9,
    0x0, 0xd, 0xff, 0x30, 0x0, 0x0, 0xaf, 0xff,
    0xff, 0xff, 0xff, 0xe0, 0x3, 0xff, 0xb0, 0x3,
    0xff, 0xd0, 0x0, 0x0, 0xa, 0xff, 0xb8, 0x88,
    0x8e, 0xfd, 0x0, 0x1f, 0xfe, 0x0, 0xaf, 0xf6,
    0x0, 0x0, 0x0, 0xbf, 0xf4, 0x0, 0x0, 0xdf,
    0xd0, 0x0, 0xef, 0xf1, 0x3f, 0xff, 0x0, 0x0,
    0x0, 0xb, 0xff, 0x30, 0x0, 0xe, 0xfd, 0x0,
    0xb, 0xff, 0x4b, 0xff, 0x80, 0x0, 0x0, 0x0,
    0xcf, 0xf3, 0x0, 0x0, 0xff, 0xc0, 0x0, 0x8f,
    0xfb, 0xff, 0xe0, 0x0, 0x0, 0x0, 0xe, 0xff,
    0x10, 0x0, 0xf, 0xfb, 0x0, 0x4, 0xff, 0xff,
    0xf5, 0x0, 0x0, 0x0, 0x0, 0xff, 0xf0, 0x0,
    0x1, 0xff, 0xa0, 0x0, 0xf, 0xff, 0xfb, 0x0,
    0x0, 0x0, 0x0, 0x1f, 0xfd, 0x0, 0x0, 0x3f,
    0xf9, 0x0, 0x0, 0xcf, 0xff, 0x20, 0x0, 0x83,
    0x0, 0x5, 0xff, 0xb1, 0x87, 0x7c, 0xff, 0x70,
    0x0, 0x7f, 0xff, 0xc0, 0x0, 0xb, 0xf9, 0x0,
    0x9f, 0xf7, 0xe, 0xff, 0xff, 0xf3, 0x0, 0x9f,
    0xff, 0xff, 0x30, 0x0, 0xcf, 0xb0, 0xd, 0xff,
    0x30, 0xaf, 0xff, 0xe7, 0x1, 0xbf, 0xff, 0xff,
    0xfc, 0x0, 0xf, 0xf9, 0x4, 0xff, 0xf0, 0x0,
    0x22, 0x10, 0x7, 0xff, 0xff, 0x92, 0xff, 0xfb,
    0x14, 0xff, 0x60, 0xcf, 0xfa, 0x0, 0x0, 0x0,
    0x2d, 0xff, 0xff, 0x60, 0x6, 0xff, 0xff, 0xff,
    0xf2, 0x1f, 0xff, 0x20, 0x0, 0x0, 0x0, 0xaf,
    0xfd, 0x30, 0x0, 0x8, 0xff, 0xff, 0xfa, 0x0,
    0x2d, 0x90, 0x0, 0x0, 0x0, 0x0, 0xb7, 0x0,
    0x0, 0x0, 0x4, 0xbe, 0xe9, 0x0, 0x0, 0x1,
    0x0, 0x0, 0x0, 0x0, 0x0, 0x0, 0x0, 0x0,
    0x0, 0x0, 0x0, 0x0, 0x0,

    /* U+6211 "我" */
    0x0, 0x0, 0x0, 0x0, 0x0, 0x0, 0x0, 0x0,
    0x11, 0x10, 0x0, 0x0, 0x0, 0x0, 0x0, 0x0,
    0x0, 0x0, 0x0, 0x15, 0xaf, 0x40, 0x2f, 0xfc,
    0x0, 0x5, 0x0, 0x0, 0x0, 0x0, 0x0, 0x14,
    0x7a, 0xef, 0xff, 0xff, 0x21, 0xff, 0xd0, 0x3d,
    0xf9, 0x0, 0x0, 0x0, 0x8b, 0xef, 0xff, 0xff,
    0xff, 0xff, 0xa4, 0x1f, 0xfe, 0x2, 0xef, 0xfa,
    0x0, 0x0, 0xc, 0xff, 0xff, 0xff, 0xfe, 0x73,
    0x0, 0x0, 0xff, 0xe0, 0x2, 0xef, 0xf9, 0x0,
    0x0, 0x6c, 0xa8, 0x64, 0xff, 0xc0, 0x0, 0x0,
    0xf, 0xff, 0x0, 0x2, 0xef, 0xf7, 0x0, 0x0,
    0x0, 0x0, 0xf, 0xfc, 0x0, 0x0, 0x0, 0xef,
    0xf0, 0x0, 0x4, 0xff, 0xc0, 0x0, 0x0, 0x0,
    0x0, 0xff, 0xc0, 0x0, 0x0, 0xe, 0xff, 0x0,
    0x0, 0x7, 0x80, 0x0, 0x0, 0x0, 0x0, 0xf,
    0xfc, 0x0, 0x0, 0x0, 0xdf, 0xf1, 0x0, 0x0,
    0x0, 0x0, 0x1, 0x99, 0x99, 0x9a, 0xff, 0xe9,
    0x99, 0x99, 0x9e, 0xff, 0xa9, 0x99, 0x99, 0x99,
    0x60, 0x2f, 0xff, 0xff, 0xff, 0xff, 0xff, 0xff,
    0xff, 0xff, 0xff, 0xff, 0xff, 0xff, 0xfa, 0x2,
    0xff, 0xff, 0xff, 0xff, 0xff, 0xff, 0xff, 0xff,
    0xff, 0xff, 0xff, 0xff, 0xff, 0xa0, 0x0, 0x0,
    0x0, 0x1f, 0xfc, 0x0, 0x0, 0x0, 0x7f, 0xf7,
    0x0, 0x0, 0x0, 0x0, 0x0, 0x0, 0x0, 0x0,
    0xff, 0xc0, 0x0, 0x0, 0x4, 0xff, 0x90, 0x0,
    0x38, 0x20, 0x0, 0x0, 0x0, 0x0, 0xf, 0xfc,
    0x0, 0x0, 0x0, 0x2f, 0xfc, 0x0, 0xd, 0xff,
    0x30, 0x0, 0x0, 0x0, 0x0, 0xff, 0xc0, 0x36,
    0x9b, 0x0, 0xff, 0xf0, 0x8, 0xff, 0x90, 0x0,
    0x0, 0x0, 0x1, 0x4f, 0xff, 0xff, 0xff, 0xf0,
    0xd, 0xff, 0x25, 0xff, 0xe0, 0x0, 0x2, 0x68,
    0xbe, 0xff, 0xff, 0xff, 0xff, 0xeb, 0x0, 0x9f,
    0xf9, 0xff, 0xf4, 0x0, 0x0, 0x8f, 0xff, 0xff,
    0xff, 0xfe, 0x95, 0x20, 0x0, 0x5, 0xff, 0xff,
    0xf7, 0x0, 0x0, 0x3, 0xff, 0xfd, 0xa7, 0xff,
    0xc0, 0x0, 0x0, 0x0, 0x1f, 0xff, 0xf8, 0x0,
    0x0, 0x0, 0x7, 0x41, 0x0, 0xf, 0xfc, 0x0,
    0x0, 0x0, 0x5, 0xff, 0xfa, 0x0, 0x0, 0x60,
    0x0, 0x0, 0x0, 0x0, 0xff, 0xc0, 0x0, 0x0,
    0x9, 0xff, 0xff, 0x90, 0x0, 0x1f, 0xb1, 0x0,
    0x0, 0x0, 0xf, 0xfc, 0x0, 0x0, 0x2d, 0xff,
    0xff, 0xff, 0x10, 0x2, 0xff, 0x30, 0x0, 0x0,
    0x0, 0xff, 0xc0, 0x1, 0x9f, 0xff, 0xf5, 0xbf,
    0xf9, 0x0, 0x5f, 0xf1, 0x0, 0x0, 0x0, 0x1f,
    0xfc, 0x7, 0xff, 0xff, 0xc2, 0x3, 0xff, 0xf5,
    0x9, 0xff, 0x0, 0x9, 0xdc, 0xce, 0xff, 0xb0,
    0x3f, 0xff, 0x70, 0x0, 0x9, 0xff, 0xfd, 0xff,
    0xa0, 0x0, 0x5f, 0xff, 0xff, 0xf5, 0x0, 0x5a,
    0x10, 0x0, 0x0, 0xc, 0xff, 0xff, 0xf4, 0x0,
    0x0, 0xff, 0xfe, 0xb5, 0x0, 0x0, 0x0, 0x0,
    0x0, 0x0, 0x8, 0xef, 0xe6, 0x0, 0x0, 0x0,
    0x0, 0x0, 0x0, 0x0, 0x0, 0x0, 0x0, 0x0,
    0x0, 0x0, 0x10, 0x0, 0x0,

    /* U+6212 "戒" */
    0x0, 0x0, 0x0, 0x0, 0x0, 0x0, 0x0, 0x0,
    0x44, 0x20, 0x0, 0x0, 0x0, 0x0, 0x0, 0x0,
    0x0, 0x0, 0x0, 0x0, 0x0, 0x0, 0x2f, 0xfb,
    0x1, 0xce, 0x40, 0x0, 0x0, 0x0, 0x0, 0x0,
    0x0, 0x0, 0x0, 0x0, 0x2, 0xff, 0xb0, 0x7f,
    0xff, 0x90, 0x0, 0x0, 0x0, 0x0, 0x0, 0x0,
    0x0, 0x0, 0x0, 0x1f, 0xfb, 0x0, 0x4e, 0xff,
    0xc1, 0x0, 0x0, 0x0, 0x0, 0x0, 0x0, 0x0,
    0x0, 0x1, 0xff, 0xb0, 0x0, 0x2d, 0xff, 0x30,
    0x0, 0xbb, 0xbb, 0xbb, 0xbb, 0xbb, 0xbb, 0xbb,
    0xbf, 0xfe, 0xbb, 0xbb, 0xcf, 0xdb, 0x50, 0x1f,
    0xff, 0xff, 0xff, 0xff, 0xff, 0xff, 0xff, 0xff,
    0xff, 0xff, 0xff, 0xff, 0xf7, 0x1, 0xff, 0xff,
    0xff, 0xff, 0xff, 0xff, 0xff, 0xff, 0xff, 0xff,
    0xff, 0xff, 0xff, 0x70, 0x0, 0x0, 0x0, 0x0,
    0x0, 0x0, 0x0, 0x0, 0xdf, 0xe0, 0x0, 0x0,
    0x0, 0x0, 0x0, 0x0, 0xa, 0xc9, 0x0, 0xb,
    0xb7, 0x0, 0xc, 0xff, 0x0, 0x0, 0x0, 0x0,
    0x0, 0x0, 0x0, 0xef, 0xc0, 0x0, 0xff, 0xa0,
    0x0, 0xaf, 0xf1, 0x0, 0x9, 0xda, 0x10, 0x0,
    0x0, 0xe, 0xfc, 0x0, 0xf, 0xfa, 0x0, 0x9,
    0xff, 0x30, 0x0, 0xef, 0xe0, 0x0, 0x0, 0x0,
    0xef, 0xc0, 0x0, 0xff, 0xa0, 0x0, 0x7f, 0xf4,
    0x0, 0x3f, 0xf9, 0x0, 0x0, 0x0, 0xe, 0xfc,
    0x0, 0xf, 0xfa, 0x0, 0x5, 0xff, 0x60, 0x9,
    0xff, 0x30, 0x0, 0x3, 0x33, 0xef, 0xd3, 0x33,
    0xff, 0xc3, 0x32, 0x4f, 0xf9, 0x0, 0xef, 0xd0,
    0x0, 0x0, 0xff, 0xff, 0xff, 0xff, 0xff, 0xff,
    0xff, 0xa2, 0xff, 0xc0, 0x7f, 0xf7, 0x0, 0x0,
    0xf, 0xff, 0xff, 0xff, 0xff, 0xff, 0xff, 0xfa,
    0xf, 0xff, 0xe, 0xff, 0x10, 0x0, 0x0, 0x44,
    0x5f, 0xfc, 0x44, 0x4f, 0xfc, 0x44, 0x30, 0xcf,
    0xf8, 0xff, 0x80, 0x0, 0x0, 0x0, 0x1, 0xff,
    0x90, 0x0, 0xff, 0xa0, 0x0, 0x8, 0xff, 0xff,
    0xe0, 0x0, 0x0, 0x0, 0x0, 0x3f, 0xf7, 0x0,
    0xf, 0xfa, 0x0, 0x0, 0x4f, 0xff, 0xf6, 0x0,
    0x0, 0x0, 0x0, 0x6, 0xff, 0x50, 0x0, 0xff,
    0xa0, 0x0, 0x0, 0xff, 0xfd, 0x0, 0x3, 0xa0,
    0x0, 0x0, 0xaf, 0xf1, 0x0, 0xf, 0xfa, 0x0,
    0x0, 0x2f, 0xff, 0x60, 0x0, 0x4f, 0xf1, 0x0,
    0x1f, 0xfc, 0x0, 0x0, 0xff, 0xa0, 0x0, 0x1e,
    0xff, 0xfb, 0x0, 0x5, 0xff, 0x10, 0x8, 0xff,
    0x50, 0x0, 0xf, 0xfa, 0x0, 0xc, 0xff, 0xff,
    0xf4, 0x0, 0x8f, 0xf0, 0x2, 0xff, 0xe0, 0x0,
    0x0, 0xff, 0xa0, 0x1c, 0xff, 0xc7, 0xff, 0xe2,
    0xc, 0xfc, 0x0, 0xdf, 0xf5, 0x0, 0x0, 0xf,
    0xfa, 0x3e, 0xff, 0xc0, 0xc, 0xff, 0xfe, 0xff,
    0x70, 0x1a, 0xf7, 0x0, 0x0, 0x0, 0x0, 0xb,
    0xff, 0xb1, 0x0, 0x1d, 0xff, 0xff, 0xe1, 0x0,
    0x3, 0x0, 0x0, 0x0, 0x0, 0x0, 0x8, 0x80,
    0x0, 0x0, 0x8, 0xdf, 0xc2, 0x0,

    /* U+6216 "或" */
    0x0, 0x0, 0x0, 0x0, 0x0, 0x0, 0x0, 0x3,
    0x44, 0x10, 0x2, 0x0, 0x0, 0x0, 0x0, 0x0,
    0x0, 0x0, 0x0, 0x0, 0x0, 0xb, 0xff, 0x40,
    0x4f, 0xd5, 0x0, 0x0, 0x0, 0x0, 0x0, 0x0,
    0x0, 0x0, 0x0, 0xb, 0xff, 0x40, 0xbf, 0xff,
    0xc2, 0x0, 0x0, 0x0, 0x0, 0x0, 0x0, 0x0,
    0x0, 0xa, 0xff, 0x40, 0x5, 0xdf, 0xff, 0x30,
    0x0, 0x0, 0x0, 0x0, 0x0, 0x0, 0x0, 0xa,
    0xff, 0x50, 0x0, 0xa, 0xfa, 0x0, 0x1b, 0xbb,
    0xbb, 0xbb, 0xbb, 0xbb, 0xbb, 0xbe, 0xff, 0xdb,
    0xbb, 0xbb, 0xfc, 0xb3, 0x2f, 0xff, 0xff, 0xff,
    0xff, 0xff, 0xff, 0xff, 0xff, 0xff, 0xff, 0xff,
    0xff, 0xf4, 0x2f, 0xff, 0xff, 0xff, 0xff, 0xff,
    0xff, 0xff, 0xff, 0xff, 0xff, 0xff, 0xff, 0xf4,
    0x0, 0x0, 0x0, 0x0, 0x0, 0x0, 0x0, 0x6,
    0xff, 0x90, 0x0, 0x0, 0x0, 0x0, 0x0, 0x0,
    0x0, 0x0, 0x0, 0x0, 0x0, 0x4, 0xff, 0xa0,
    0x0, 0x0, 0x0, 0x0, 0x0, 0x47, 0x77, 0x77,
    0x77, 0x77, 0x71, 0x2, 0xff, 0xc0, 0x0, 0xb,
    0xb7, 0x0, 0x0, 0x8f, 0xff, 0xff, 0xff, 0xff,
    0xf3, 0x0, 0xff, 0xe0, 0x0, 0x2f, 0xfd, 0x0,
    0x0, 0x8f, 0xff, 0xff, 0xff, 0xff, 0xf3, 0x0,
    0xef, 0xf0, 0x0, 0x8f, 0xf7, 0x0, 0x0, 0x8f,
    0xf0, 0x0, 0x0, 0x8f, 0xf3, 0x0, 0xcf, 0xf2,
    0x0, 0xef, 0xf1, 0x0, 0x0, 0x8f, 0xf0, 0x0,
    0x0, 0x8f, 0xf3, 0x0, 0xbf, 0xf5, 0x5, 0xff,
    0xa0, 0x0, 0x0, 0x8f, 0xf0, 0x0, 0x0, 0x8f,
    0xf3, 0x0, 0x8f, 0xf8, 0xd, 0xff, 0x40, 0x0,
    0x0, 0x8f, 0xf0, 0x0, 0x0, 0x8f, 0xf3, 0x0,
    0x5f, 0xfb, 0x5f, 0xfd, 0x0, 0x0, 0x0, 0x8f,
    0xf8, 0x77, 0x77, 0xcf, 0xf3, 0x0, 0x2f, 0xfe,
    0xdf, 0xf3, 0x0, 0x0, 0x0, 0x8f, 0xff, 0xff,
    0xff, 0xff, 0xf3, 0x0, 0xe, 0xff, 0xff, 0x90,
    0x0, 0x0, 0x0, 0x8f, 0xff, 0xff, 0xff, 0xff,
    0xf3, 0x0, 0xa, 0xff, 0xfe, 0x10, 0x0, 0x0,
    0x0, 0x0, 0x0, 0x0, 0x0, 0x0, 0x0, 0x0,
    0x6, 0xff, 0xf6, 0x0, 0x4, 0x10, 0x0, 0x0,
    0x0, 0x0, 0x0, 0x36, 0x9b, 0x10, 0x2d, 0xff,
    0xf1, 0x0, 0x9, 0xe8, 0x0, 0x0, 0x14, 0x7a,
    0xdf, 0xff, 0xff, 0x23, 0xef, 0xff, 0xf9, 0x0,
    0xa, 0xfe, 0x29, 0xcf, 0xff, 0xff, 0xff, 0xff,
    0xda, 0x7f, 0xff, 0xdf, 0xff, 0x30, 0xd, 0xfb,
    0x1f, 0xff, 0xff, 0xfd, 0xa7, 0x41, 0x1a, 0xff,
    0xfb, 0xa, 0xff, 0xe3, 0x3f, 0xf8, 0xd, 0xda,
    0x74, 0x10, 0x0, 0x6, 0xff, 0xff, 0xa0, 0x1,
    0xef, 0xff, 0xff, 0xf4, 0x0, 0x0, 0x0, 0x0,
    0x0, 0x5, 0xff, 0xf7, 0x0, 0x0, 0x3f, 0xff,
    0xff, 0xd0, 0x0, 0x0, 0x0, 0x0, 0x0, 0x0,
    0x5c, 0x20, 0x0, 0x0, 0x2, 0xae, 0xea, 0x10,
    0x0, 0x0, 0x0, 0x0, 0x0, 0x0, 0x0, 0x0,
    0x0, 0x0, 0x0, 0x0, 0x0, 0x0,

    /* U+6237 "户" */
    0x0, 0x0, 0x0, 0x0, 0x0, 0x0, 0x1, 0x50,
    0x0, 0x0, 0x0, 0x0, 0x0, 0x0, 0x0, 0x0,
    0x0, 0x0, 0x9, 0xff, 0x50, 0x0, 0x0, 0x0,
    0x0, 0x0, 0x0, 0x0, 0x0, 0x0, 0x0, 0x5f,
    0xfd, 0x0, 0x0, 0x0, 0x0, 0x0, 0x0, 0x0,
    0x0, 0x0, 0x0, 0x0, 0xef, 0xf3, 0x0, 0x0,
    0x0, 0x0, 0x0, 0x0, 0x0, 0x0, 0x0, 0x0,
    0x9, 0xff, 0x80, 0x0, 0x0, 0x0, 0x0, 0x0,
    0xa, 0xaa, 0xaa, 0xaa, 0xaa, 0xcf, 0xeb, 0xaa,
    0xaa, 0xaa, 0xa9, 0x0, 0x0, 0xff, 0xff, 0xff,
    0xff, 0xff, 0xff, 0xff, 0xff, 0xff, 0xff, 0xd0,
    0x0, 0xf, 0xff, 0xff, 0xff, 0xff, 0xff, 0xff,
    0xff, 0xff, 0xff, 0xfd, 0x0, 0x0, 0xff, 0xe0,
    0x0, 0x0, 0x0, 0x0, 0x0, 0x0, 0x0, 0xff,
    0xd0, 0x0, 0xf, 0xfe, 0x0, 0x0, 0x0, 0x0,
    0x0, 0x0, 0x0, 0xf, 0xfd, 0x0, 0x0, 0xff,
    0xe0, 0x0, 0x0, 0x0, 0x0, 0x0, 0x0, 0x0,
    0xff, 0xd0, 0x0, 0xf, 0xfe, 0x0, 0x0, 0x0,
    0x0, 0x0, 0x0, 0x0, 0xf, 0xfd, 0x0, 0x1,
    0xff, 0xe0, 0x0, 0x0, 0x0, 0x0, 0x0, 0x0,
    0x0, 0xff, 0xd0, 0x0, 0x1f, 0xff, 0x99, 0x99,
    0x99, 0x99, 0x99, 0x99, 0x99, 0xaf, 0xfd, 0x0,
    0x1, 0xff, 0xff, 0xff, 0xff, 0xff, 0xff, 0xff,
    0xff, 0xff, 0xff, 0xd0, 0x0, 0x2f, 0xff, 0xff,
    0xff, 0xff, 0xff, 0xff, 0xff, 0xff, 0xff, 0xfd,
    0x0, 0x4, 0xff, 0xb0, 0x0, 0x0, 0x0, 0x0,
    0x0, 0x0, 0x0, 0xff, 0xd0, 0x0, 0x6f, 0xf9,
    0x0, 0x0, 0x0, 0x0, 0x0, 0x0, 0x0, 0xd,
    0xdc, 0x0, 0x8, 0xff, 0x70, 0x0, 0x0, 0x0,
    0x0, 0x0, 0x0, 0x0, 0x0, 0x0, 0x0, 0xaf,
    0xf5, 0x0, 0x0, 0x0, 0x0, 0x0, 0x0, 0x0,
    0x0, 0x0, 0x0, 0xe, 0xff, 0x10, 0x0, 0x0,
    0x0, 0x0, 0x0, 0x0, 0x0, 0x0, 0x0, 0x3,
    0xff, 0xe0, 0x0, 0x0, 0x0, 0x0, 0x0, 0x0,
    0x0, 0x0, 0x0, 0x0, 0x8f, 0xfa, 0x0, 0x0,
    0x0, 0x0, 0x0, 0x0, 0x0, 0x0, 0x0, 0x0,
    0xd, 0xff, 0x50, 0x0, 0x0, 0x0, 0x0, 0x0,
    0x0, 0x0, 0x0, 0x0, 0x4, 0xff, 0xe0, 0x0,
    0x0, 0x0, 0x0, 0x0, 0x0, 0x0, 0x0, 0x0,
    0x0, 0xdf, 0xf8, 0x0, 0x0, 0x0, 0x0, 0x0,
    0x0, 0x0, 0x0, 0x0, 0x0, 0x8f, 0xff, 0x10,
    0x0, 0x0, 0x0, 0x0, 0x0, 0x0, 0x0, 0x0,
    0x0, 0x4, 0xdf, 0x60, 0x0, 0x0, 0x0, 0x0,
    0x0, 0x0, 0x0, 0x0, 0x0, 0x0, 0x0, 0x80,
    0x0, 0x0, 0x0, 0x0, 0x0, 0x0, 0x0, 0x0,
    0x0, 0x0, 0x0,

    /* U+6240 "所" */
    0x0, 0x0, 0x0, 0x0, 0x0, 0x0, 0x44, 0x0,
    0x0, 0x0, 0x0, 0x0, 0x5, 0xa1, 0x0, 0x0,
    0x0, 0x0, 0x0, 0x36, 0xae, 0xfe, 0x10, 0x0,
    0x0, 0x14, 0x7c, 0xff, 0xfb, 0x0, 0x0, 0x6,
    0x8b, 0xef, 0xff, 0xff, 0xff, 0xc0, 0x47, 0xae,
    0xff, 0xff, 0xff, 0xff, 0x40, 0x0, 0xf, 0xff,
    0xff, 0xff, 0xfd, 0x95, 0x0, 0xcf, 0xff, 0xff,
    0xff, 0xd9, 0x50, 0x0, 0x0, 0xf, 0xff, 0xb8,
    0x63, 0x10, 0x0, 0x0, 0xcf, 0xfc, 0x96, 0x30,
    0x0, 0x0, 0x0, 0x0, 0xf, 0xfc, 0x0, 0x0,
    0x0, 0x0, 0x0, 0xcf, 0xf1, 0x0, 0x0, 0x0,
    0x0, 0x0, 0x0, 0xf, 0xfc, 0x0, 0x0, 0x0,
    0x0, 0x0, 0xcf, 0xf1, 0x0, 0x0, 0x0, 0x0,
    0x0, 0x0, 0xf, 0xfe, 0xaa, 0xaa, 0xaa, 0xa7,
    0x0, 0xcf, 0xf1, 0x0, 0x0, 0x0, 0x0, 0x0,
    0x0, 0xf, 0xff, 0xff, 0xff, 0xff, 0xfb, 0x0,
    0xcf, 0xf1, 0x0, 0x0, 0x0, 0x0, 0x0, 0x0,
    0xf, 0xff, 0xee, 0xee, 0xef, 0xfb, 0x0, 0xcf,
    0xf2, 0x0, 0x0, 0x0, 0x0, 0x0, 0x0, 0xf,
    0xfc, 0x0, 0x0, 0xf, 0xfb, 0x0, 0xcf, 0xff,
    0xff, 0xff, 0xff, 0xff, 0xf1, 0x0, 0xf, 0xfc,
    0x0, 0x0, 0xf, 0xfb, 0x0, 0xcf, 0xff, 0xff,
    0xff, 0xff, 0xff, 0xf1, 0x0, 0xf, 0xfc, 0x0,
    0x0, 0xf, 0xfb, 0x0, 0xcf, 0xfb, 0xaa, 0xaf,
    0xff, 0xaa, 0xa1, 0x0, 0xf, 0xfc, 0x0, 0x0,
    0xf, 0xfb, 0x0, 0xdf, 0xf1, 0x0, 0xe, 0xfe,
    0x0, 0x0, 0x0, 0xf, 0xff, 0xff, 0xff, 0xff,
    0xfb, 0x0, 0xef, 0xf0, 0x0, 0xe, 0xfe, 0x0,
    0x0, 0x0, 0xf, 0xff, 0xff, 0xff, 0xff, 0xfb,
    0x0, 0xef, 0xf0, 0x0, 0xe, 0xfe, 0x0, 0x0,
    0x0, 0x1f, 0xfd, 0x99, 0x99, 0x99, 0x97, 0x0,
    0xff, 0xe0, 0x0, 0xe, 0xfe, 0x0, 0x0, 0x0,
    0x2f, 0xf9, 0x0, 0x0, 0x0, 0x0, 0x3, 0xff,
    0xb0, 0x0, 0xe, 0xfe, 0x0, 0x0, 0x0, 0x3f,
    0xf7, 0x0, 0x0, 0x0, 0x0, 0x5, 0xff, 0x80,
    0x0, 0xe, 0xfe, 0x0, 0x0, 0x0, 0x5f, 0xf5,
    0x0, 0x0, 0x0, 0x0, 0xa, 0xff, 0x50, 0x0,
    0xe, 0xfe, 0x0, 0x0, 0x0, 0x8f, 0xf3, 0x0,
    0x0, 0x0, 0x0, 0xf, 0xff, 0x10, 0x0, 0xe,
    0xfe, 0x0, 0x0, 0x0, 0xbf, 0xf1, 0x0, 0x0,
    0x0, 0x0, 0x6f, 0xfb, 0x0, 0x0, 0xe, 0xfe,
    0x0, 0x0, 0x0, 0xef, 0xf0, 0x0, 0x0, 0x0,
    0x0, 0xcf, 0xf5, 0x0, 0x0, 0xe, 0xfe, 0x0,
    0x0, 0x4, 0xff, 0xa0, 0x0, 0x0, 0x0, 0x6,
    0xff, 0xe0, 0x0, 0x0, 0xe, 0xfe, 0x0, 0x0,
    0xb, 0xff, 0x60, 0x0, 0x0, 0x0, 0x3f, 0xff,
    0x60, 0x0, 0x0, 0xe, 0xfe, 0x0, 0x0, 0xd,
    0xff, 0x10, 0x0, 0x0, 0x0, 0x9f, 0xfc, 0x0,
    0x0, 0x0, 0xe, 0xfe, 0x0, 0x0, 0x0, 0x98,
    0x0, 0x0, 0x0, 0x0, 0x7, 0xd1, 0x0, 0x0,
    0x0, 0xe, 0xfe, 0x0, 0x0, 0x0, 0x0, 0x0,
    0x0, 0x0, 0x0, 0x0, 0x0, 0x0, 0x0, 0x0,
    0x0, 0x0, 0x0, 0x0,

    /* U+6253 "打" */
    0x0, 0x0, 0x4, 0x88, 0x20, 0x0, 0x0, 0x0,
    0x0, 0x0, 0x0, 0x0, 0x0, 0x0, 0x0, 0x0,
    0x0, 0x9f, 0xf4, 0x0, 0x0, 0x0, 0x0, 0x0,
    0x0, 0x0, 0x0, 0x0, 0x0, 0x0, 0x0, 0x9,
    0xff, 0x40, 0x0, 0x12, 0x22, 0x22, 0x22, 0x22,
    0x22, 0x22, 0x22, 0x20, 0x0, 0x0, 0x9f, 0xf4,
    0x0, 0x9, 0xff, 0xff, 0xff, 0xff, 0xff, 0xff,
    0xff, 0xff, 0x0, 0x0, 0x9, 0xff, 0x40, 0x0,
    0x9f, 0xff, 0xff, 0xff, 0xff, 0xff, 0xff, 0xff,
    0xf0, 0x0, 0x0, 0x9f, 0xf4, 0x0, 0x6, 0xbb,
    0xbb, 0xbb, 0xbc, 0xff, 0xfb, 0xbb, 0xba, 0x8,
    0x99, 0x9d, 0xff, 0xb9, 0x99, 0x0, 0x0, 0x0,
    0x0, 0x3f, 0xfc, 0x0, 0x0, 0x0, 0xdf, 0xff,
    0xff, 0xff, 0xff, 0xf1, 0x0, 0x0, 0x0, 0x3,
    0xff, 0xc0, 0x0, 0x0, 0xd, 0xff, 0xff, 0xff,
    0xff, 0xff, 0x10, 0x0, 0x0, 0x0, 0x3f, 0xfc,
    0x0, 0x0, 0x0, 0x11, 0x11, 0x9f, 0xf5, 0x11,
    0x10, 0x0, 0x0, 0x0, 0x3, 0xff, 0xc0, 0x0,
    0x0, 0x0, 0x0, 0x9, 0xff, 0x40, 0x0, 0x0,
    0x0, 0x0, 0x0, 0x3f, 0xfc, 0x0, 0x0, 0x0,
    0x0, 0x0, 0x9f, 0xf4, 0x0, 0x0, 0x0, 0x0,
    0x0, 0x3, 0xff, 0xc0, 0x0, 0x0, 0x0, 0x0,
    0x9, 0xff, 0x40, 0x0, 0x0, 0x0, 0x0, 0x0,
    0x3f, 0xfc, 0x0, 0x0, 0x0, 0x0, 0x0, 0x9f,
    0xf4, 0x26, 0xa2, 0x0, 0x0, 0x0, 0x3, 0xff,
    0xc0, 0x0, 0x0, 0x0, 0x0, 0x9, 0xff, 0xef,
    0xff, 0x40, 0x0, 0x0, 0x0, 0x3f, 0xfc, 0x0,
    0x0, 0x0, 0x15, 0x9d, 0xff, 0xff, 0xff, 0xf6,
    0x0, 0x0, 0x0, 0x3, 0xff, 0xc0, 0x0, 0x0,
    0xf, 0xff, 0xff, 0xff, 0xfb, 0x62, 0x0, 0x0,
    0x0, 0x0, 0x3f, 0xfc, 0x0, 0x0, 0x0, 0xbf,
    0xff, 0xff, 0xf4, 0x0, 0x0, 0x0, 0x0, 0x0,
    0x3, 0xff, 0xc0, 0x0, 0x0, 0x5, 0xa6, 0x19,
    0xff, 0x40, 0x0, 0x0, 0x0, 0x0, 0x0, 0x3f,
    0xfc, 0x0, 0x0, 0x0, 0x0, 0x0, 0x9f, 0xf4,
    0x0, 0x0, 0x0, 0x0, 0x0, 0x3, 0xff, 0xc0,
    0x0, 0x0, 0x0, 0x0, 0x9, 0xff, 0x40, 0x0,
    0x0, 0x0, 0x0, 0x0, 0x3f, 0xfc, 0x0, 0x0,
    0x0, 0x0, 0x0, 0x9f, 0xf4, 0x0, 0x0, 0x0,
    0x0, 0x0, 0x3, 0xff, 0xc0, 0x0, 0x0, 0x0,
    0x0, 0x9, 0xff, 0x40, 0x0, 0x0, 0x0, 0x0,
    0x0, 0x3f, 0xfc, 0x0, 0x0, 0x0, 0x0, 0x0,
    0x9f, 0xf4, 0x0, 0x0, 0x0, 0x0, 0x0, 0x3,
    0xff, 0xc0, 0x0, 0x0, 0x0, 0x0, 0x9, 0xff,
    0x40, 0x0, 0x0, 0x0, 0x0, 0x0, 0x4f, 0xfc,
    0x0, 0x0, 0x0, 0x9, 0x99, 0xef, 0xf3, 0x0,
    0x0, 0x0, 0xce, 0xed, 0xdf, 0xff, 0xb0, 0x0,
    0x0, 0x0, 0xbf, 0xff, 0xfe, 0x0, 0x0, 0x0,
    0x7, 0xff, 0xff, 0xff, 0xf6, 0x0, 0x0, 0x0,
    0x7, 0xff, 0xea, 0x20, 0x0, 0x0, 0x0, 0x1f,
    0xff, 0xff, 0xc6, 0x0, 0x0, 0x0, 0x0, 0x0,
    0x0, 0x0, 0x0, 0x0, 0x0, 0x0, 0x12, 0x11,
    0x0, 0x0, 0x0, 0x0, 0x0,

    /* U+626B "扫" */
    0x0, 0x0, 0x39, 0x93, 0x0, 0x0, 0x0, 0x0,
    0x0, 0x0, 0x0, 0x0, 0x0, 0x0, 0x0, 0x5,
    0xff, 0x60, 0x0, 0x0, 0x0, 0x0, 0x0, 0x0,
    0x0, 0x0, 0x0, 0x0, 0x0, 0x5f, 0xf6, 0x0,
    0x0, 0x0, 0x0, 0x0, 0x0, 0x0, 0x0, 0x0,
    0x0, 0x0, 0x5, 0xff, 0x60, 0x0, 0x7b, 0xbb,
    0xbb, 0xbb, 0xbb, 0xbb, 0xbb, 0xb1, 0x0, 0x0,
    0x5f, 0xf6, 0x0, 0x9, 0xff, 0xff, 0xff, 0xff,
    0xff, 0xff, 0xff, 0x10, 0x0, 0x5, 0xff, 0x60,
    0x0, 0x9f, 0xff, 0xff, 0xff, 0xff, 0xff, 0xff,
    0xf1, 0x69, 0x99, 0xbf, 0xfc, 0x99, 0x91, 0x0,
    0x0, 0x0, 0x0, 0x0, 0xa, 0xff, 0x1a, 0xff,
    0xff, 0xff, 0xff, 0xff, 0x10, 0x0, 0x0, 0x0,
    0x0, 0x0, 0xaf, 0xf1, 0xaf, 0xff, 0xff, 0xff,
    0xff, 0xf1, 0x0, 0x0, 0x0, 0x0, 0x0, 0xa,
    0xff, 0x10, 0x0, 0x6, 0xff, 0x60, 0x0, 0x0,
    0x0, 0x0, 0x0, 0x0, 0x0, 0xaf, 0xf1, 0x0,
    0x0, 0x5f, 0xf6, 0x0, 0x0, 0x0, 0x0, 0x0,
    0x0, 0x0, 0xa, 0xff, 0x10, 0x0, 0x5, 0xff,
    0x60, 0x0, 0x0, 0x0, 0x0, 0x0, 0x0, 0x0,
    0xaf, 0xf1, 0x0, 0x0, 0x5f, 0xf6, 0x0, 0x0,
    0x0, 0x0, 0x0, 0x0, 0x0, 0xa, 0xff, 0x10,
    0x0, 0x5, 0xff, 0x60, 0x4, 0xe, 0xff, 0xff,
    0xff, 0xff, 0xff, 0xff, 0xf1, 0x0, 0x0, 0x5f,
    0xfc, 0xcf, 0xf2, 0xef, 0xff, 0xff, 0xff, 0xff,
    0xff, 0xff, 0x10, 0x26, 0x9d, 0xff, 0xff, 0xff,
    0x3a, 0xbb, 0xbb, 0xbb, 0xbb, 0xbb, 0xef, 0xf1,
    0xdf, 0xff, 0xff, 0xff, 0xfb, 0x60, 0x0, 0x0,
    0x0, 0x0, 0x0, 0xa, 0xff, 0x1a, 0xff, 0xff,
    0xff, 0x80, 0x0, 0x0, 0x0, 0x0, 0x0, 0x0,
    0x0, 0xaf, 0xf1, 0x5c, 0x84, 0x6f, 0xf6, 0x0,
    0x0, 0x0, 0x0, 0x0, 0x0, 0x0, 0xa, 0xff,
    0x10, 0x0, 0x5, 0xff, 0x60, 0x0, 0x0, 0x0,
    0x0, 0x0, 0x0, 0x0, 0xaf, 0xf1, 0x0, 0x0,
    0x5f, 0xf6, 0x0, 0x0, 0x0, 0x0, 0x0, 0x0,
    0x0, 0xa, 0xff, 0x10, 0x0, 0x5, 0xff, 0x60,
    0x0, 0x0, 0x0, 0x0, 0x0, 0x0, 0x0, 0xaf,
    0xf1, 0x0, 0x0, 0x5f, 0xf6, 0x0, 0x0, 0x0,
    0x0, 0x0, 0x0, 0x0, 0xa, 0xff, 0x10, 0x0,
    0x5, 0xff, 0x60, 0x0, 0x0, 0x0, 0x0, 0x0,
    0x0, 0x0, 0xaf, 0xf1, 0x0, 0x0, 0x6f, 0xf6,
    0x0, 0xc, 0xff, 0xff, 0xff, 0xff, 0xff, 0xff,
    0xff, 0x10, 0x78, 0x8c, 0xff, 0x40, 0x0, 0xcf,
    0xff, 0xff, 0xff, 0xff, 0xff, 0xff, 0xf1, 0x8,
    0xff, 0xff, 0xf1, 0x0, 0x7, 0x99, 0x99, 0x99,
    0x99, 0x99, 0x9d, 0xff, 0x10, 0x4f, 0xfe, 0xb4,
    0x0, 0x0, 0x0, 0x0, 0x0, 0x0, 0x0, 0x0,
    0xaf, 0xf1, 0x0, 0x0, 0x0, 0x0, 0x0, 0x0,
    0x0, 0x0, 0x0, 0x0, 0x0, 0x0, 0x0, 0x0,

    /* U+6295 "投" */
    0x0, 0x0, 0x8, 0x86, 0x0, 0x0, 0x0, 0x0,
    0x0, 0x0, 0x0, 0x0, 0x0, 0x0, 0x0, 0x0,
    0x0, 0xff, 0xb0, 0x0, 0x0, 0x1, 0x11, 0x11,
    0x11, 0x11, 0x10, 0x0, 0x0, 0x0, 0x0, 0xf,
    0xfb, 0x0, 0x0, 0x1, 0xff, 0xff, 0xff, 0xff,
    0xfe, 0x0, 0x0, 0x0, 0x0, 0x0, 0xff, 0xb0,
    0x0, 0x0, 0x1f, 0xff, 0xff, 0xff, 0xff, 0xe0,
    0x0, 0x0, 0x0, 0x0, 0xf, 0xfb, 0x0, 0x0,
    0x1, 0xff, 0xd8, 0x88, 0x8e, 0xfe, 0x0, 0x0,
    0x0, 0x0, 0x0, 0xff, 0xb0, 0x0, 0x0, 0x1f,
    0xf9, 0x0, 0x0, 0xcf, 0xe0, 0x0, 0x0, 0x4,
    0x44, 0x5f, 0xfc, 0x44, 0x40, 0x3, 0xff, 0x70,
    0x0, 0xc, 0xfe, 0x0, 0x0, 0x0, 0xef, 0xff,
    0xff, 0xff, 0xff, 0x30, 0x7f, 0xf5, 0x0, 0x0,
    0xcf, 0xe0, 0x0, 0x0, 0xe, 0xff, 0xff, 0xff,
    0xff, 0xf3, 0x1e, 0xff, 0x0, 0x0, 0xc, 0xfe,
    0x0, 0x0, 0x0, 0x33, 0x34, 0xff, 0xc3, 0x33,
    0x1b, 0xff, 0xa0, 0x0, 0x0, 0xbf, 0xf6, 0x55,
    0x70, 0x0, 0x0, 0xf, 0xfb, 0x0, 0x2c, 0xff,
    0xe1, 0x0, 0x0, 0x8, 0xff, 0xff, 0xff, 0x20,
    0x0, 0x0, 0xff, 0xb0, 0xb, 0xff, 0xf4, 0x0,
    0x0, 0x0, 0x1b, 0xff, 0xff, 0xf3, 0x0, 0x0,
    0xf, 0xfb, 0x0, 0xc, 0xd3, 0x0, 0x0, 0x0,
    0x0, 0x0, 0x11, 0x10, 0x0, 0x0, 0x0, 0xff,
    0xb0, 0x0, 0x21, 0x0, 0x0, 0x0, 0x0, 0x0,
    0x1, 0x0, 0x0, 0x0, 0x0, 0xf, 0xfd, 0x9d,
    0x5e, 0xff, 0xff, 0xff, 0xff, 0xff, 0xff, 0xfe,
    0x60, 0x0, 0x0, 0x48, 0xff, 0xff, 0xf7, 0xef,
    0xff, 0xff, 0xff, 0xff, 0xff, 0xff, 0xf7, 0x0,
    0x2c, 0xff, 0xff, 0xff, 0xfd, 0x69, 0xff, 0xe9,
    0x99, 0x99, 0x99, 0xaf, 0xff, 0x10, 0x0, 0xff,
    0xff, 0xff, 0xd2, 0x0, 0xb, 0xff, 0x40, 0x0,
    0x0, 0x9, 0xff, 0x90, 0x0, 0xa, 0xc7, 0x4f,
    0xfb, 0x0, 0x0, 0x2f, 0xfe, 0x0, 0x0, 0x4,
    0xff, 0xe1, 0x0, 0x0, 0x0, 0x0, 0xff, 0xb0,
    0x0, 0x0, 0x8f, 0xfb, 0x0, 0x2, 0xef, 0xf6,
    0x0, 0x0, 0x0, 0x0, 0xf, 0xfb, 0x0, 0x0,
    0x0, 0xcf, 0xfb, 0x2, 0xef, 0xfa, 0x0, 0x0,
    0x0, 0x0, 0x0, 0xff, 0xb0, 0x0, 0x0, 0x1,
    0xdf, 0xfd, 0xef, 0xfc, 0x0, 0x0, 0x0, 0x0,
    0x0, 0xf, 0xfb, 0x0, 0x0, 0x0, 0x1, 0xdf,
    0xff, 0xfb, 0x0, 0x0, 0x0, 0x0, 0x0, 0x0,
    0xff, 0xb0, 0x0, 0x0, 0x1, 0x7e, 0xff, 0xff,
    0xd5, 0x0, 0x0, 0x0, 0x0, 0x0, 0xf, 0xfb,
    0x0, 0x0, 0x49, 0xff, 0xff, 0xff, 0xff, 0xfe,
    0x72, 0x0, 0x0, 0x48, 0x89, 0xff, 0xa0, 0x7b,
    0xff, 0xff, 0xfe, 0x70, 0x3c, 0xff, 0xff, 0xfe,
    0xa4, 0x3, 0xff, 0xff, 0xf6, 0xb, 0xff, 0xff,
    0xe7, 0x0, 0x0, 0x4, 0xdf, 0xff, 0xff, 0x20,
    0xe, 0xff, 0xc7, 0x0, 0x2f, 0xe9, 0x40, 0x0,
    0x0, 0x0, 0x0, 0x38, 0xdf, 0x70, 0x0, 0x0,
    0x0, 0x0, 0x0, 0x20, 0x0, 0x0, 0x0, 0x0,
    0x0, 0x0, 0x0, 0x20, 0x0,

    /* U+62A4 "护" */
    0x0, 0x0, 0x6, 0x87, 0x0, 0x0, 0x0, 0x0,
    0x0, 0x3, 0x10, 0x0, 0x0, 0x0, 0x0, 0x0,
    0xd, 0xfe, 0x0, 0x0, 0x0, 0x0, 0x3, 0xdf,
    0xc0, 0x0, 0x0, 0x0, 0x0, 0x0, 0xd, 0xfe,
    0x0, 0x0, 0x0, 0x0, 0x0, 0xcf, 0xf7, 0x0,
    0x0, 0x0, 0x0, 0x0, 0xd, 0xfe, 0x0, 0x0,
    0x0, 0x0, 0x0, 0x2f, 0xff, 0x10, 0x0, 0x0,
    0x0, 0x0, 0xd, 0xfe, 0x0, 0x0, 0x0, 0x0,
    0x0, 0x9, 0xff, 0x80, 0x0, 0x0, 0x0, 0x0,
    0xd, 0xfe, 0x0, 0x0, 0x5, 0x55, 0x55, 0x57,
    0xfa, 0x65, 0x55, 0x54, 0x8, 0xaa, 0xaf, 0xff,
    0xaa, 0xa1, 0xe, 0xff, 0xff, 0xff, 0xff, 0xff,
    0xff, 0xfb, 0xc, 0xff, 0xff, 0xff, 0xff, 0xf2,
    0xe, 0xff, 0xff, 0xff, 0xff, 0xff, 0xff, 0xfb,
    0xc, 0xff, 0xff, 0xff, 0xff, 0xf2, 0xe, 0xfe,
    0x22, 0x22, 0x22, 0x22, 0x3f, 0xfb, 0x0, 0x11,
    0x1d, 0xfe, 0x11, 0x10, 0xe, 0xfe, 0x0, 0x0,
    0x0, 0x0, 0x1f, 0xfb, 0x0, 0x0, 0xd, 0xfe,
    0x0, 0x0, 0xe, 0xfe, 0x0, 0x0, 0x0, 0x0,
    0x1f, 0xfb, 0x0, 0x0, 0xd, 0xfe, 0x0, 0x0,
    0xe, 0xfe, 0x0, 0x0, 0x0, 0x0, 0x1f, 0xfb,
    0x0, 0x0, 0xd, 0xfe, 0x0, 0x0, 0xe, 0xfe,
    0x0, 0x0, 0x0, 0x0, 0x1f, 0xfb, 0x0, 0x0,
    0xd, 0xfe, 0x3, 0x80, 0xe, 0xff, 0xaa, 0xaa,
    0xaa, 0xaa, 0xaf, 0xfb, 0x0, 0x0, 0xd, 0xff,
    0xef, 0xf2, 0xf, 0xff, 0xff, 0xff, 0xff, 0xff,
    0xff, 0xfb, 0x1, 0x59, 0xdf, 0xff, 0xff, 0xf5,
    0xf, 0xff, 0xff, 0xff, 0xff, 0xff, 0xff, 0xfb,
    0x2f, 0xff, 0xff, 0xff, 0xe8, 0x30, 0xf, 0xfd,
    0x0, 0x0, 0x0, 0x0, 0x1f, 0xfb, 0xe, 0xff,
    0xff, 0xfe, 0x0, 0x0, 0x2f, 0xfb, 0x0, 0x0,
    0x0, 0x0, 0x1f, 0xfb, 0xa, 0xb7, 0x2d, 0xfe,
    0x0, 0x0, 0x5f, 0xf9, 0x0, 0x0, 0x0, 0x0,
    0x0, 0x0, 0x0, 0x0, 0xd, 0xfe, 0x0, 0x0,
    0x7f, 0xf7, 0x0, 0x0, 0x0, 0x0, 0x0, 0x0,
    0x0, 0x0, 0xd, 0xfe, 0x0, 0x0, 0xbf, 0xf3,
    0x0, 0x0, 0x0, 0x0, 0x0, 0x0, 0x0, 0x0,
    0xd, 0xfe, 0x0, 0x1, 0xff, 0xf0, 0x0, 0x0,
    0x0, 0x0, 0x0, 0x0, 0x0, 0x0, 0xd, 0xfe,
    0x0, 0x6, 0xff, 0xc0, 0x0, 0x0, 0x0, 0x0,
    0x0, 0x0, 0x0, 0x0, 0xd, 0xfe, 0x0, 0xc,
    0xff, 0x50, 0x0, 0x0, 0x0, 0x0, 0x0, 0x0,
    0x0, 0x0, 0xd, 0xfe, 0x0, 0x6f, 0xfe, 0x0,
    0x0, 0x0, 0x0, 0x0, 0x0, 0x0, 0x0, 0xcc,
    0xcf, 0xfd, 0x2, 0xff, 0xf8, 0x0, 0x0, 0x0,
    0x0, 0x0, 0x0, 0x0, 0x0, 0xbf, 0xff, 0xf9,
    0x4, 0xff, 0xc0, 0x0, 0x0, 0x0, 0x0, 0x0,
    0x0, 0x0, 0x0, 0x7f, 0xec, 0x70, 0x0, 0x2d,
    0x20, 0x0, 0x0, 0x0, 0x0, 0x0, 0x0, 0x0,
    0x0, 0x0, 0x0, 0x0, 0x0, 0x0, 0x0, 0x0,
    0x0, 0x0, 0x0, 0x0, 0x0, 0x0,

    /* U+62A5 "报" */
    0x0, 0x0, 0xa, 0xcc, 0x0, 0x0, 0x0, 0x0,
    0x0, 0x0, 0x0, 0x0, 0x0, 0x0, 0x0, 0x0,
    0x0, 0xdf, 0xf0, 0x0, 0x0, 0x11, 0x11, 0x11,
    0x11, 0x11, 0x11, 0x11, 0x0, 0x0, 0x0, 0xd,
    0xff, 0x0, 0x0, 0xbf, 0xff, 0xff, 0xff, 0xff,
    0xff, 0xff, 0xf0, 0x0, 0x0, 0x0, 0xdf, 0xf0,
    0x0, 0xb, 0xff, 0xff, 0xff, 0xff, 0xff, 0xff,
    0xfe, 0x0, 0x0, 0x0, 0xd, 0xff, 0x0, 0x0,
    0xbf, 0xf9, 0x88, 0x88, 0x88, 0x89, 0xff, 0xd0,
    0x0, 0x0, 0x0, 0xdf, 0xf0, 0x0, 0xb, 0xff,
    0x10, 0x0, 0x0, 0x0, 0x1f, 0xfc, 0x0, 0x5,
    0x66, 0x6e, 0xff, 0x66, 0x61, 0xbf, 0xf1, 0x0,
    0x0, 0x0, 0x3, 0xff, 0xa0, 0x0, 0xef, 0xff,
    0xff, 0xff, 0xff, 0x2b, 0xff, 0x10, 0x0, 0x0,
    0x0, 0x7f, 0xf8, 0x0, 0xe, 0xff, 0xff, 0xff,
    0xff, 0xf2, 0xbf, 0xf1, 0x0, 0xee, 0xed, 0xef,
    0xff, 0x40, 0x0, 0x33, 0x33, 0xef, 0xf3, 0x33,
    0xb, 0xff, 0x10, 0x9, 0xff, 0xff, 0xff, 0xa0,
    0x0, 0x0, 0x0, 0xd, 0xff, 0x0, 0x0, 0xbf,
    0xf1, 0x0, 0x25, 0x56, 0x54, 0x20, 0x0, 0x0,
    0x0, 0x0, 0xdf, 0xf0, 0x0, 0xb, 0xff, 0x10,
    0x0, 0x0, 0x0, 0x0, 0x0, 0x0, 0x0, 0x0,
    0xd, 0xff, 0x0, 0x0, 0xbf, 0xff, 0xff, 0xff,
    0xff, 0xff, 0xff, 0xe7, 0x0, 0x0, 0x0, 0xdf,
    0xf0, 0x4, 0xb, 0xff, 0xff, 0xff, 0xff, 0xff,
    0xff, 0xff, 0x90, 0x0, 0x0, 0xd, 0xff, 0xbf,
    0xf3, 0xbf, 0xfb, 0xff, 0xc9, 0x99, 0x99, 0xdf,
    0xf5, 0x0, 0x4, 0x7b, 0xff, 0xff, 0xff, 0x5b,
    0xff, 0x1e, 0xfd, 0x0, 0x0, 0xd, 0xff, 0x10,
    0x3f, 0xff, 0xff, 0xff, 0xfb, 0x71, 0xbf, 0xf1,
    0x7f, 0xf5, 0x0, 0x3, 0xff, 0xb0, 0x0, 0xff,
    0xff, 0xff, 0xf0, 0x0, 0xb, 0xff, 0x11, 0xff,
    0xd0, 0x0, 0x9f, 0xf5, 0x0, 0xb, 0xa6, 0x2e,
    0xff, 0x0, 0x0, 0xbf, 0xf1, 0x8, 0xff, 0x80,
    0x2f, 0xfe, 0x0, 0x0, 0x0, 0x0, 0xdf, 0xf0,
    0x0, 0xb, 0xff, 0x10, 0xe, 0xff, 0x4b, 0xff,
    0x60, 0x0, 0x0, 0x0, 0xd, 0xff, 0x0, 0x0,
    0xbf, 0xf1, 0x0, 0x4f, 0xff, 0xff, 0xd0, 0x0,
    0x0, 0x0, 0x0, 0xdf, 0xf0, 0x0, 0xb, 0xff,
    0x10, 0x0, 0x9f, 0xff, 0xf3, 0x0, 0x0, 0x0,
    0x0, 0xd, 0xff, 0x0, 0x0, 0xbf, 0xf1, 0x0,
    0x3, 0xff, 0xfe, 0x20, 0x0, 0x0, 0x0, 0x0,
    0xdf, 0xf0, 0x0, 0xb, 0xff, 0x10, 0x4, 0xff,
    0xff, 0xff, 0x40, 0x0, 0x0, 0x0, 0xe, 0xff,
    0x0, 0x0, 0xbf, 0xf1, 0x7, 0xff, 0xfb, 0xef,
    0xff, 0x91, 0x0, 0x99, 0x9a, 0xff, 0xf0, 0x0,
    0xb, 0xff, 0x5d, 0xff, 0xfa, 0x1, 0xcf, 0xff,
    0xf7, 0xa, 0xff, 0xff, 0xfa, 0x0, 0x0, 0xbf,
    0xfa, 0xff, 0xf7, 0x0, 0x0, 0x9f, 0xfe, 0x10,
    0x5f, 0xff, 0xc8, 0x0, 0x0, 0xb, 0xff, 0x1a,
    0xb2, 0x0, 0x0, 0x0, 0x3c, 0x40, 0x0, 0x0,
    0x0, 0x0, 0x0, 0x0, 0x0, 0x0, 0x0, 0x0,
    0x0, 0x0, 0x0, 0x0, 0x0,

    /* U+62C9 "拉" */
    0x0, 0x0, 0x67, 0x70, 0x0, 0x0, 0x0, 0x0,
    0x16, 0xa4, 0x0, 0x0, 0x0, 0x0, 0x0, 0x0,
    0xd, 0xfe, 0x0, 0x0, 0x0, 0x0, 0x5, 0xff,
    0xa0, 0x0, 0x0, 0x0, 0x0, 0x0, 0x0, 0xdf,
    0xe0, 0x0, 0x0, 0x0, 0x0, 0xf, 0xff, 0x0,
    0x0, 0x0, 0x0, 0x0, 0x0, 0xd, 0xfe, 0x0,
    0x0, 0x0, 0x0, 0x0, 0xbf, 0xf4, 0x0, 0x0,
    0x0, 0x0, 0x0, 0x0, 0xdf, 0xe0, 0x0, 0x0,
    0x0, 0x0, 0x6, 0xff, 0x80, 0x0, 0x0, 0x0,
    0x0, 0x0, 0xd, 0xfe, 0x0, 0x0, 0x33, 0x33,
    0x33, 0x5a, 0x63, 0x33, 0x33, 0x33, 0x10, 0x49,
    0x99, 0xff, 0xf9, 0x98, 0xf, 0xff, 0xff, 0xff,
    0xff, 0xff, 0xff, 0xff, 0xf6, 0x6, 0xff, 0xff,
    0xff, 0xff, 0xe0, 0xff, 0xff, 0xff, 0xff, 0xff,
    0xff, 0xff, 0xff, 0x60, 0x6f, 0xff, 0xff, 0xff,
    0xfe, 0x7, 0x77, 0x77, 0x77, 0x77, 0x77, 0x77,
    0x77, 0x72, 0x0, 0x0, 0xe, 0xfe, 0x0, 0x0,
    0x0, 0x0, 0x0, 0x0, 0x0, 0x1, 0x0, 0x0,
    0x0, 0x0, 0x0, 0xdf, 0xe0, 0x0, 0x0, 0x8,
    0xc9, 0x0, 0x0, 0x0, 0xaf, 0xd3, 0x0, 0x0,
    0x0, 0xd, 0xfe, 0x0, 0x0, 0x0, 0xdf, 0xc0,
    0x0, 0x0, 0xc, 0xff, 0x20, 0x0, 0x0, 0x0,
    0xdf, 0xe0, 0x0, 0x0, 0xa, 0xff, 0x0, 0x0,
    0x0, 0xef, 0xf0, 0x0, 0x0, 0x0, 0xd, 0xfe,
    0x1, 0x30, 0x0, 0x7f, 0xf3, 0x0, 0x0, 0x1f,
    0xfc, 0x0, 0x0, 0x0, 0x0, 0xdf, 0xfc, 0xfe,
    0x0, 0x4, 0xff, 0x60, 0x0, 0x3, 0xff, 0x90,
    0x0, 0x0, 0x37, 0xbf, 0xff, 0xff, 0xf0, 0x0,
    0x1f, 0xf9, 0x0, 0x0, 0x6f, 0xf6, 0x0, 0x0,
    0xbf, 0xff, 0xff, 0xfe, 0xa6, 0x0, 0x0, 0xef,
    0xc0, 0x0, 0x8, 0xff, 0x30, 0x0, 0x6, 0xff,
    0xff, 0xfe, 0x0, 0x0, 0x0, 0xc, 0xff, 0x0,
    0x0, 0xbf, 0xf0, 0x0, 0x0, 0x2a, 0x51, 0xdf,
    0xe0, 0x0, 0x0, 0x0, 0xaf, 0xf1, 0x0, 0xe,
    0xfd, 0x0, 0x0, 0x0, 0x0, 0xd, 0xfe, 0x0,
    0x0, 0x0, 0x8, 0xff, 0x40, 0x1, 0xff, 0x90,
    0x0, 0x0, 0x0, 0x0, 0xdf, 0xe0, 0x0, 0x0,
    0x0, 0x5f, 0xf6, 0x0, 0x5f, 0xf6, 0x0, 0x0,
    0x0, 0x0, 0xd, 0xfe, 0x0, 0x0, 0x0, 0x4,
    0xff, 0x80, 0x8, 0xff, 0x20, 0x0, 0x0, 0x0,
    0x0, 0xdf, 0xe0, 0x0, 0x0, 0x0, 0x2f, 0xc5,
    0x0, 0xcf, 0xe0, 0x0, 0x0, 0x0, 0x0, 0xd,
    0xfe, 0x0, 0x0, 0x0, 0x0, 0x0, 0x0, 0xf,
    0xfa, 0x0, 0x0, 0x0, 0x0, 0x0, 0xef, 0xe0,
    0x4, 0xaa, 0xaa, 0xaa, 0xaa, 0xab, 0xff, 0xda,
    0xaa, 0xaa, 0x10, 0x79, 0x9f, 0xfc, 0x0, 0x6f,
    0xff, 0xff, 0xff, 0xff, 0xff, 0xff, 0xff, 0xff,
    0xf1, 0x8, 0xff, 0xff, 0x90, 0x6, 0xff, 0xff,
    0xff, 0xff, 0xff, 0xff, 0xff, 0xff, 0xff, 0x10,
    0x4f, 0xed, 0x80, 0x0, 0x0, 0x0, 0x0, 0x0,
    0x0, 0x0, 0x0, 0x0, 0x0, 0x0,

    /* U+62E8 "拨" */
    0x0, 0x0, 0x24, 0x42, 0x0, 0x0, 0x0, 0x0,
    0x0, 0x10, 0x0, 0x0, 0x0, 0x0, 0x0, 0x0,
    0x0, 0x6f, 0xf6, 0x0, 0x0, 0x1, 0x0, 0x0,
    0xaf, 0xe2, 0x0, 0x20, 0x0, 0x0, 0x0, 0x0,
    0x6f, 0xf6, 0x0, 0x0, 0xc, 0xea, 0x0, 0xdf,
    0xf0, 0x9, 0xf6, 0x0, 0x0, 0x0, 0x0, 0x6f,
    0xf6, 0x0, 0x0, 0x1f, 0xfc, 0x0, 0xff, 0xd0,
    0xc, 0xff, 0x60, 0x0, 0x0, 0x0, 0x6f, 0xf6,
    0x0, 0x0, 0x5f, 0xf7, 0x3, 0xff, 0xa0, 0x1,
    0xdf, 0xf6, 0x0, 0x0, 0x0, 0x6f, 0xf6, 0x0,
    0x0, 0xaf, 0xf2, 0x6, 0xff, 0x70, 0x0, 0x1e,
    0xf8, 0x0, 0x4, 0x66, 0xaf, 0xfa, 0x66, 0x1,
    0xff, 0xb0, 0xa, 0xff, 0x40, 0x0, 0x3, 0x50,
    0x0, 0xa, 0xff, 0xff, 0xff, 0xff, 0x9, 0xff,
    0x83, 0x3d, 0xff, 0x43, 0x33, 0x33, 0x33, 0x20,
    0xa, 0xff, 0xff, 0xff, 0xff, 0x3f, 0xff, 0xff,
    0xff, 0xff, 0xff, 0xff, 0xff, 0xff, 0xa0, 0x2,
    0x33, 0x8f, 0xf8, 0x33, 0xd, 0xff, 0xff, 0xff,
    0xff, 0xff, 0xff, 0xff, 0xff, 0xa0, 0x0, 0x0,
    0x6f, 0xf6, 0x0, 0x5, 0x64, 0x43, 0xcf, 0xf6,
    0x33, 0x33, 0x33, 0x33, 0x20, 0x0, 0x0, 0x6f,
    0xf6, 0x0, 0x0, 0x0, 0x1, 0xff, 0xe0, 0x0,
    0x0, 0x0, 0x0, 0x0, 0x0, 0x0, 0x6f, 0xf6,
    0x0, 0x0, 0x0, 0x7, 0xff, 0xa2, 0x22, 0x22,
    0x22, 0x0, 0x0, 0x0, 0x0, 0x6f, 0xf6, 0x1,
    0x10, 0x0, 0xe, 0xff, 0xff, 0xff, 0xff, 0xff,
    0xe5, 0x0, 0x0, 0x0, 0x6f, 0xfc, 0xdf, 0x50,
    0x0, 0x6f, 0xff, 0xff, 0xff, 0xff, 0xff, 0xf2,
    0x0, 0x0, 0x26, 0xcf, 0xff, 0xff, 0x70, 0x0,
    0xef, 0xfb, 0x44, 0x44, 0x46, 0xff, 0xb0, 0x0,
    0xd, 0xff, 0xff, 0xff, 0xd8, 0x20, 0x8, 0xff,
    0xff, 0x10, 0x0, 0x9, 0xff, 0x50, 0x0, 0xd,
    0xff, 0xff, 0xf7, 0x0, 0x0, 0x3f, 0xff, 0xff,
    0xa0, 0x0, 0x2f, 0xfe, 0x0, 0x0, 0x8, 0x94,
    0x7f, 0xf6, 0x0, 0x1, 0xef, 0xf9, 0x8f, 0xf6,
    0x0, 0xdf, 0xf5, 0x0, 0x0, 0x0, 0x0, 0x6f,
    0xf6, 0x0, 0xc, 0xff, 0xd0, 0xc, 0xff, 0x3b,
    0xff, 0xa0, 0x0, 0x0, 0x0, 0x0, 0x6f, 0xf6,
    0x1, 0xcf, 0xff, 0x20, 0x2, 0xff, 0xff, 0xfd,
    0x0, 0x0, 0x0, 0x0, 0x0, 0x6f, 0xf6, 0x2d,
    0xff, 0xf5, 0x0, 0x0, 0x7f, 0xff, 0xf2, 0x0,
    0x0, 0x0, 0x0, 0x0, 0x6f, 0xf6, 0x4f, 0xff,
    0x40, 0x0, 0x3, 0xdf, 0xff, 0xf6, 0x0, 0x0,
    0x0, 0x0, 0x0, 0x6f, 0xf6, 0x4, 0xe3, 0x0,
    0x0, 0x9f, 0xff, 0xff, 0xff, 0xa1, 0x0, 0x0,
    0x0, 0x0, 0x6f, 0xf6, 0x0, 0x0, 0x1, 0x7e,
    0xff, 0xfb, 0x18, 0xff, 0xfe, 0x71, 0x0, 0x3,
    0xdc, 0xef, 0xf5, 0x0, 0x2, 0xaf, 0xff, 0xff,
    0x60, 0x0, 0x4f, 0xff, 0xff, 0x90, 0x0, 0xef,
    0xff, 0xf2, 0x0, 0x0, 0xcf, 0xff, 0xa2, 0x0,
    0x0, 0x2, 0xbf, 0xff, 0x90, 0x0, 0xbf, 0xeb,
    0x40, 0x0, 0x0, 0x3f, 0x81, 0x0, 0x0, 0x0,
    0x0, 0x3, 0xcd, 0x0, 0x0, 0x0, 0x0, 0x0,
    0x0, 0x0, 0x0, 0x0, 0x0, 0x0, 0x0, 0x0,
    0x0, 0x0, 0x0,

    /* U+62E9 "择" */
    0x0, 0x0, 0xb, 0xb7, 0x0, 0x0, 0x0, 0x0,
    0x0, 0x0, 0x0, 0x0, 0x0, 0x0, 0x0, 0x0,
    0x0, 0xf, 0xfa, 0x0, 0x0, 0x0, 0x0, 0x0,
    0x0, 0x0, 0x0, 0x0, 0x0, 0x0, 0x0, 0x0,
    0xf, 0xfa, 0x0, 0x0, 0xff, 0xff, 0xff, 0xff,
    0xff, 0xff, 0xff, 0xc3, 0x0, 0x0, 0x0, 0xf,
    0xfa, 0x0, 0x0, 0xff, 0xff, 0xff, 0xff, 0xff,
    0xff, 0xff, 0xf3, 0x0, 0x0, 0x0, 0xf, 0xfa,
    0x0, 0x0, 0x89, 0xff, 0xf9, 0x88, 0x88, 0x8c,
    0xff, 0x80, 0x0, 0x0, 0x0, 0xf, 0xfa, 0x0,
    0x0, 0x0, 0x6f, 0xf7, 0x0, 0x0, 0x3f, 0xfd,
    0x0, 0x0, 0x7, 0x99, 0x9f, 0xfd, 0x99, 0x90,
    0x0, 0xb, 0xff, 0x50, 0x3, 0xef, 0xf3, 0x0,
    0x0, 0xc, 0xff, 0xff, 0xff, 0xff, 0xf1, 0x0,
    0x1, 0xdf, 0xf7, 0x6f, 0xff, 0x30, 0x0, 0x0,
    0xc, 0xff, 0xff, 0xff, 0xff, 0xf1, 0x0, 0x0,
    0x1d, 0xff, 0xff, 0xe3, 0x0, 0x0, 0x0, 0x0,
    0x0, 0x1f, 0xfa, 0x0, 0x0, 0x0, 0x0, 0x18,
    0xff, 0xff, 0x90, 0x0, 0x0, 0x0, 0x0, 0x0,
    0xf, 0xfa, 0x0, 0x0, 0x0, 0x29, 0xff, 0xff,
    0xff, 0xff, 0x82, 0x0, 0x0, 0x0, 0x0, 0xf,
    0xfa, 0x0, 0x4, 0x8d, 0xff, 0xff, 0xa1, 0x3c,
    0xff, 0xff, 0xd9, 0x40, 0x0, 0x0, 0xf, 0xfa,
    0x0, 0x4f, 0xff, 0xff, 0xb2, 0x0, 0x0, 0x5d,
    0xff, 0xff, 0xf2, 0x0, 0x0, 0xf, 0xfb, 0x6b,
    0xb8, 0xfe, 0x82, 0x0, 0x8f, 0xf5, 0x0, 0x4a,
    0xff, 0x60, 0x0, 0x0, 0x2f, 0xff, 0xff, 0xd0,
    0x40, 0x0, 0x0, 0x8f, 0xf5, 0x0, 0x0, 0x5,
    0x0, 0x1, 0x6b, 0xff, 0xff, 0xff, 0xe0, 0x0,
    0x0, 0x0, 0x8f, 0xf5, 0x0, 0x0, 0x0, 0x0,
    0xf, 0xff, 0xff, 0xff, 0xb6, 0x10, 0x6f, 0xff,
    0xff, 0xff, 0xff, 0xff, 0xff, 0xd0, 0x0, 0xc,
    0xff, 0xff, 0xfa, 0x0, 0x0, 0x6f, 0xff, 0xff,
    0xff, 0xff, 0xff, 0xff, 0xd0, 0x0, 0x7, 0x94,
    0x1f, 0xfa, 0x0, 0x0, 0x39, 0x99, 0x99, 0xcf,
    0xfb, 0x99, 0x99, 0x80, 0x0, 0x0, 0x0, 0xf,
    0xfa, 0x0, 0x0, 0x0, 0x0, 0x0, 0x8f, 0xf5,
    0x0, 0x0, 0x0, 0x0, 0x0, 0x0, 0xf, 0xfa,
    0x0, 0x0, 0x0, 0x0, 0x0, 0x8f, 0xf5, 0x0,
    0x0, 0x0, 0x0, 0x0, 0x0, 0xf, 0xfa, 0x0,
    0x18, 0x88, 0x88, 0x88, 0xcf, 0xfb, 0x88, 0x88,
    0x88, 0x80, 0x0, 0x0, 0xf, 0xfa, 0x0, 0x1f,
    0xff, 0xff, 0xff, 0xff, 0xff, 0xff, 0xff, 0xff,
    0xe0, 0x0, 0x0, 0xf, 0xfa, 0x0, 0x1f, 0xff,
    0xff, 0xff, 0xff, 0xff, 0xff, 0xff, 0xff, 0xd0,
    0x0, 0x0, 0x1f, 0xfa, 0x0, 0x0, 0x0, 0x0,
    0x0, 0x8f, 0xf5, 0x0, 0x0, 0x0, 0x0, 0x1,
    0x99, 0xbf, 0xf9, 0x0, 0x0, 0x0, 0x0, 0x0,
    0x8f, 0xf5, 0x0, 0x0, 0x0, 0x0, 0x0, 0xef,
    0xff, 0xf5, 0x0, 0x0, 0x0, 0x0, 0x0, 0x8f,
    0xf5, 0x0, 0x0, 0x0, 0x0, 0x0, 0x9f, 0xfc,
    0x60, 0x0, 0x0, 0x0, 0x0, 0x0, 0x8f, 0xf5,
    0x0, 0x0, 0x0, 0x0, 0x0, 0x0, 0x0, 0x0,
    0x0, 0x0, 0x0, 0x0, 0x0, 0x0, 0x0, 0x0,
    0x0, 0x0, 0x0,

    /* U+6301 "持" */
    0x0, 0x0, 0x2, 0x20, 0x0, 0x0, 0x0, 0x0,
    0x0, 0x1, 0x10, 0x0, 0x0, 0x0, 0x0, 0x0,
    0x4, 0xff, 0x50, 0x0, 0x0, 0x0, 0x0, 0x9,
    0xff, 0x10, 0x0, 0x0, 0x0, 0x0, 0x0, 0x4f,
    0xf5, 0x0, 0x0, 0x0, 0x0, 0x0, 0x9f, 0xf1,
    0x0, 0x0, 0x0, 0x0, 0x0, 0x4, 0xff, 0x50,
    0x0, 0x0, 0x0, 0x0, 0x9, 0xff, 0x10, 0x0,
    0x0, 0x0, 0x0, 0x0, 0x4f, 0xf5, 0x0, 0x0,
    0x9a, 0xaa, 0xaa, 0xef, 0xfb, 0xaa, 0xaa, 0xa3,
    0x0, 0x0, 0x4, 0xff, 0x50, 0x0, 0xe, 0xff,
    0xff, 0xff, 0xff, 0xff, 0xff, 0xff, 0x50, 0x8,
    0x99, 0xbf, 0xfb, 0x99, 0x20, 0xbc, 0xcc, 0xcc,
    0xef, 0xfd, 0xcc, 0xcc, 0xc4, 0x0, 0xef, 0xff,
    0xff, 0xff, 0xf3, 0x0, 0x0, 0x0, 0x9, 0xff,
    0x10, 0x0, 0x0, 0x0, 0xe, 0xff, 0xff, 0xff,
    0xff, 0x30, 0x0, 0x0, 0x0, 0x9f, 0xf1, 0x0,
    0x0, 0x0, 0x0, 0x0, 0x4, 0xff, 0x50, 0x0,
    0x0, 0x0, 0x0, 0x9, 0xff, 0x10, 0x0, 0x0,
    0x0, 0x0, 0x0, 0x4f, 0xf5, 0x0, 0x3a, 0xaa,
    0xaa, 0xaa, 0xdf, 0xfa, 0xaa, 0xaa, 0xaa, 0x80,
    0x0, 0x4, 0xff, 0x50, 0x4, 0xff, 0xff, 0xff,
    0xff, 0xff, 0xff, 0xff, 0xff, 0xfc, 0x0, 0x0,
    0x4f, 0xf5, 0x0, 0x4f, 0xff, 0xff, 0xff, 0xff,
    0xff, 0xff, 0xff, 0xff, 0xb0, 0x0, 0x4, 0xff,
    0x50, 0x10, 0x0, 0x0, 0x0, 0x0, 0x0, 0xb,
    0xff, 0x0, 0x0, 0x0, 0x0, 0x4f, 0xfa, 0xcf,
    0x20, 0x0, 0x0, 0x0, 0x0, 0x0, 0xbf, 0xf0,
    0x0, 0x0, 0x0, 0x4a, 0xff, 0xff, 0xf4, 0x0,
    0x0, 0x0, 0x0, 0x0, 0xb, 0xff, 0x0, 0x0,
    0x2b, 0xff, 0xff, 0xff, 0xfb, 0x3f, 0xff, 0xff,
    0xff, 0xff, 0xff, 0xff, 0xff, 0xff, 0x82, 0xff,
    0xff, 0xff, 0x80, 0x0, 0xff, 0xff, 0xff, 0xff,
    0xff, 0xff, 0xff, 0xff, 0xf8, 0xe, 0xd8, 0x7f,
    0xf5, 0x0, 0x8, 0x88, 0x99, 0x88, 0x88, 0x88,
    0xef, 0xf8, 0x88, 0x40, 0x10, 0x4, 0xff, 0x50,
    0x0, 0x0, 0x2b, 0xa0, 0x0, 0x0, 0xb, 0xff,
    0x0, 0x0, 0x0, 0x0, 0x4f, 0xf5, 0x0, 0x0,
    0xc, 0xff, 0x60, 0x0, 0x0, 0xbf, 0xf0, 0x0,
    0x0, 0x0, 0x4, 0xff, 0x50, 0x0, 0x0, 0x1e,
    0xff, 0x30, 0x0, 0xb, 0xff, 0x0, 0x0, 0x0,
    0x0, 0x4f, 0xf5, 0x0, 0x0, 0x0, 0x4f, 0xfd,
    0x0, 0x0, 0xbf, 0xf0, 0x0, 0x0, 0x0, 0x4,
    0xff, 0x50, 0x0, 0x0, 0x0, 0x9f, 0xf5, 0x0,
    0xb, 0xff, 0x0, 0x0, 0x0, 0x0, 0x4f, 0xf5,
    0x0, 0x0, 0x0, 0x1, 0xc3, 0x0, 0x0, 0xbf,
    0xf0, 0x0, 0x0, 0x3b, 0xbd, 0xff, 0x40, 0x0,
    0x0, 0x0, 0x0, 0x8, 0xaa, 0xaf, 0xfe, 0x0,
    0x0, 0x0, 0xff, 0xff, 0xe1, 0x0, 0x0, 0x0,
    0x0, 0x0, 0x7f, 0xff, 0xff, 0xb0, 0x0, 0x0,
    0xb, 0xdc, 0x92, 0x0, 0x0, 0x0, 0x0, 0x0,
    0x2, 0xff, 0xfc, 0x90, 0x0, 0x0,

    /* U+6362 "换" */
    0x0, 0x0, 0x58, 0x81, 0x0, 0x0, 0x0, 0x2,
    0x63, 0x0, 0x0, 0x0, 0x0, 0x0, 0x0, 0x0,
    0x0, 0x9f, 0xf2, 0x0, 0x0, 0x0, 0xa, 0xff,
    0x60, 0x0, 0x0, 0x0, 0x0, 0x0, 0x0, 0x0,
    0x9f, 0xf2, 0x0, 0x0, 0x0, 0x3f, 0xfd, 0x0,
    0x0, 0x0, 0x0, 0x0, 0x0, 0x0, 0x0, 0x9f,
    0xf2, 0x0, 0x0, 0x0, 0xdf, 0xff, 0xee, 0xee,
    0xef, 0xc2, 0x0, 0x0, 0x0, 0x0, 0x9f, 0xf2,
    0x0, 0x0, 0x8, 0xff, 0xff, 0xff, 0xff, 0xff,
    0xfb, 0x0, 0x0, 0x0, 0x0, 0x9f, 0xf2, 0x0,
    0x0, 0x5f, 0xff, 0x77, 0x77, 0x7a, 0xff, 0xf2,
    0x0, 0x0, 0x9, 0xaa, 0xdf, 0xfb, 0xa8, 0x4,
    0xff, 0xf5, 0x0, 0x0, 0xd, 0xff, 0x60, 0x0,
    0x0, 0xe, 0xff, 0xff, 0xff, 0xfd, 0x5f, 0xff,
    0x80, 0x0, 0x0, 0xaf, 0xf9, 0x0, 0x0, 0x0,
    0xe, 0xff, 0xff, 0xff, 0xfd, 0xdf, 0xff, 0xee,
    0xee, 0xee, 0xff, 0xfe, 0xee, 0x90, 0x0, 0x0,
    0x0, 0x9f, 0xf2, 0x0, 0x1d, 0xff, 0xff, 0xff,
    0xff, 0xff, 0xff, 0xff, 0xa0, 0x0, 0x0, 0x0,
    0x9f, 0xf2, 0x0, 0x1, 0xff, 0xc4, 0x44, 0xff,
    0xd4, 0x46, 0xff, 0xa0, 0x0, 0x0, 0x0, 0x9f,
    0xf2, 0x0, 0x0, 0xff, 0xa0, 0x0, 0xff, 0xc0,
    0x3, 0xff, 0xa0, 0x0, 0x0, 0x0, 0x9f, 0xf2,
    0x0, 0x0, 0xff, 0xa0, 0x0, 0xff, 0xc0, 0x3,
    0xff, 0xa0, 0x0, 0x0, 0x0, 0x9f, 0xf2, 0x4,
    0x0, 0xff, 0xa0, 0x0, 0xff, 0xc0, 0x3, 0xff,
    0xa0, 0x0, 0x0, 0x0, 0x9f, 0xfc, 0xff, 0x10,
    0xff, 0xa0, 0x1, 0xff, 0xb0, 0x3, 0xff, 0xa0,
    0x0, 0x0, 0x49, 0xef, 0xff, 0xff, 0x30, 0xff,
    0xa0, 0x2, 0xff, 0xa0, 0x3, 0xff, 0xa0, 0x0,
    0x2f, 0xff, 0xff, 0xff, 0xb6, 0x10, 0xff, 0xa0,
    0x4, 0xff, 0x80, 0x3, 0xff, 0xa0, 0x0, 0xf,
    0xff, 0xff, 0xf3, 0x1, 0xff, 0xff, 0xff, 0xff,
    0xff, 0xff, 0xff, 0xff, 0xff, 0x80, 0x9, 0x94,
    0xaf, 0xf2, 0x1, 0xff, 0xff, 0xff, 0xff, 0xff,
    0xff, 0xff, 0xff, 0xff, 0x80, 0x0, 0x0, 0x9f,
    0xf2, 0x0, 0x77, 0x77, 0x77, 0xaf, 0xff, 0xf8,
    0x77, 0x77, 0x77, 0x40, 0x0, 0x0, 0x9f, 0xf2,
    0x0, 0x0, 0x0, 0x0, 0xdf, 0xff, 0xfa, 0x0,
    0x0, 0x0, 0x0, 0x0, 0x0, 0x9f, 0xf2, 0x0,
    0x0, 0x0, 0x9, 0xff, 0x99, 0xff, 0x70, 0x0,
    0x0, 0x0, 0x0, 0x0, 0x9f, 0xf2, 0x0, 0x0,
    0x0, 0xaf, 0xfd, 0x0, 0xdf, 0xf7, 0x0, 0x0,
    0x0, 0x0, 0x0, 0x9f, 0xf2, 0x0, 0x0, 0x2c,
    0xff, 0xe2, 0x0, 0x2e, 0xff, 0xa1, 0x0, 0x0,
    0x0, 0x0, 0xaf, 0xf2, 0x0, 0x7, 0xff, 0xfd,
    0x20, 0x0, 0x2, 0xef, 0xfe, 0x50, 0x0, 0x5,
    0xcc, 0xff, 0xf0, 0x7, 0xef, 0xff, 0xa0, 0x0,
    0x0, 0x0, 0x2c, 0xff, 0xfe, 0x80, 0x2, 0xff,
    0xff, 0xc0, 0x6f, 0xff, 0xe5, 0x0, 0x0, 0x0,
    0x0, 0x0, 0x8f, 0xff, 0x70, 0x0, 0xde, 0xd9,
    0x10, 0x6, 0xe7, 0x0, 0x0, 0x0, 0x0, 0x0,
    0x0, 0x1, 0x9b, 0x0, 0x0, 0x0, 0x0, 0x0,
    0x0, 0x0, 0x0, 0x0, 0x0, 0x0, 0x0, 0x0,
    0x0, 0x0, 0x0,

    /* U+636E "据" */
    0x0, 0x0, 0x24, 0x40, 0x0, 0x0, 0x0, 0x0,
    0x0, 0x0, 0x0, 0x0, 0x0, 0x0, 0x0, 0x0,
    0x6, 0xff, 0x20, 0x0, 0x0, 0x0, 0x0, 0x0,
    0x0, 0x0, 0x0, 0x0, 0x0, 0x0, 0x0, 0x6f,
    0xf2, 0x0, 0x7, 0xff, 0xff, 0xff, 0xff, 0xff,
    0xff, 0xff, 0xfb, 0x0, 0x0, 0x6, 0xff, 0x20,
    0x0, 0x7f, 0xff, 0xff, 0xff, 0xff, 0xff, 0xff,
    0xff, 0xb0, 0x0, 0x0, 0x6f, 0xf2, 0x0, 0x7,
    0xff, 0x96, 0x66, 0x66, 0x66, 0x66, 0x6f, 0xfb,
    0x0, 0x0, 0x6, 0xff, 0x20, 0x0, 0x7f, 0xf4,
    0x0, 0x0, 0x0, 0x0, 0x0, 0xff, 0xb0, 0x6,
    0x66, 0xaf, 0xf8, 0x66, 0x27, 0xff, 0x40, 0x0,
    0x0, 0x0, 0x0, 0xf, 0xfb, 0x0, 0xef, 0xff,
    0xff, 0xff, 0xf6, 0x7f, 0xf8, 0x55, 0x55, 0x55,
    0x55, 0x55, 0xff, 0xb0, 0xe, 0xff, 0xff, 0xff,
    0xff, 0x67, 0xff, 0xff, 0xff, 0xff, 0xff, 0xff,
    0xff, 0xfb, 0x0, 0x23, 0x38, 0xff, 0x53, 0x31,
    0x7f, 0xff, 0xff, 0xff, 0xff, 0xff, 0xff, 0xff,
    0xb0, 0x0, 0x0, 0x6f, 0xf2, 0x0, 0x7, 0xff,
    0x61, 0x11, 0x1a, 0xff, 0x31, 0x11, 0x11, 0x0,
    0x0, 0x6, 0xff, 0x20, 0x0, 0x7f, 0xf4, 0x0,
    0x0, 0x9f, 0xf1, 0x0, 0x0, 0x0, 0x0, 0x0,
    0x6f, 0xf2, 0x0, 0x7, 0xff, 0x40, 0x0, 0x9,
    0xff, 0x10, 0x0, 0x0, 0x0, 0x0, 0x6, 0xff,
    0x20, 0x41, 0x8f, 0xff, 0xff, 0xff, 0xff, 0xff,
    0xff, 0xff, 0xf9, 0x0, 0x0, 0x6f, 0xfc, 0xff,
    0x38, 0xff, 0xff, 0xff, 0xff, 0xff, 0xff, 0xff,
    0xff, 0xa0, 0x4, 0x8d, 0xff, 0xff, 0xf6, 0x9f,
    0xf8, 0x77, 0x77, 0xcf, 0xf7, 0x77, 0x77, 0x74,
    0x3f, 0xff, 0xff, 0xff, 0xc6, 0x1b, 0xff, 0x0,
    0x0, 0x9, 0xff, 0x10, 0x0, 0x0, 0x0, 0xff,
    0xff, 0xff, 0x30, 0x0, 0xcf, 0xe0, 0x0, 0x0,
    0x9f, 0xf1, 0x0, 0x0, 0x0, 0xc, 0xa5, 0x8f,
    0xf2, 0x0, 0xe, 0xfd, 0x1, 0x11, 0x1a, 0xff,
    0x21, 0x11, 0x11, 0x0, 0x0, 0x6, 0xff, 0x20,
    0x1, 0xff, 0xa9, 0xff, 0xff, 0xff, 0xff, 0xff,
    0xff, 0xd0, 0x0, 0x0, 0x6f, 0xf2, 0x0, 0x5f,
    0xf7, 0x9f, 0xff, 0xff, 0xff, 0xff, 0xff, 0xfd,
    0x0, 0x0, 0x6, 0xff, 0x20, 0x9, 0xff, 0x49,
    0xfe, 0x44, 0x44, 0x44, 0x44, 0xdf, 0xd0, 0x0,
    0x0, 0x6f, 0xf2, 0x0, 0xdf, 0xf0, 0x9f, 0xd0,
    0x0, 0x0, 0x0, 0xb, 0xfd, 0x0, 0x0, 0x6,
    0xff, 0x20, 0x2f, 0xfa, 0x9, 0xfd, 0x0, 0x0,
    0x0, 0x0, 0xbf, 0xd0, 0x0, 0x0, 0x7f, 0xf2,
    0xa, 0xff, 0x50, 0x9f, 0xd0, 0x0, 0x0, 0x0,
    0xb, 0xfd, 0x0, 0x59, 0x9d, 0xff, 0x12, 0xff,
    0xe0, 0x9, 0xff, 0xff, 0xff, 0xff, 0xff, 0xff,
    0xd0, 0x3, 0xff, 0xff, 0xd0, 0x9f, 0xf6, 0x0,
    0x9f, 0xff, 0xff, 0xff, 0xff, 0xff, 0xfd, 0x0,
    0xe, 0xed, 0xa2, 0x0, 0x6c, 0x0, 0x9, 0xfe,
    0x55, 0x55, 0x55, 0x55, 0xce, 0xc0, 0x0, 0x0,
    0x0, 0x0, 0x0, 0x0, 0x0, 0x0, 0x0, 0x0,
    0x0, 0x0, 0x0, 0x0, 0x0,

    /* U+6392 "排" */
    0x0, 0x0, 0x68, 0x70, 0x0, 0x0, 0x0, 0x6,
    0x88, 0x0, 0x58, 0x80, 0x0, 0x0, 0x0, 0x0,
    0xcf, 0xe0, 0x0, 0x0, 0x0, 0xc, 0xff, 0x0,
    0xaf, 0xf1, 0x0, 0x0, 0x0, 0x0, 0xcf, 0xe0,
    0x0, 0x0, 0x0, 0xc, 0xff, 0x0, 0xaf, 0xf1,
    0x0, 0x0, 0x0, 0x0, 0xcf, 0xe0, 0x0, 0x0,
    0x0, 0xc, 0xff, 0x0, 0xaf, 0xf1, 0x0, 0x0,
    0x0, 0x0, 0xcf, 0xe0, 0x0, 0x0, 0x0, 0xc,
    0xff, 0x0, 0xaf, 0xf1, 0x0, 0x0, 0x0, 0x0,
    0xcf, 0xe0, 0x0, 0x9, 0x99, 0x9e, 0xff, 0x0,
    0xaf, 0xf9, 0x99, 0x95, 0x49, 0x99, 0xef, 0xf9,
    0x98, 0xf, 0xff, 0xff, 0xff, 0x0, 0xaf, 0xff,
    0xff, 0xfa, 0x6f, 0xff, 0xff, 0xff, 0xfe, 0xf,
    0xff, 0xff, 0xff, 0x0, 0xaf, 0xff, 0xff, 0xf9,
    0x6f, 0xff, 0xff, 0xff, 0xfe, 0x0, 0x0, 0xc,
    0xff, 0x0, 0xaf, 0xf1, 0x0, 0x0, 0x0, 0x0,
    0xdf, 0xe0, 0x0, 0x0, 0x0, 0xc, 0xff, 0x0,
    0xaf, 0xf1, 0x0, 0x0, 0x0, 0x0, 0xcf, 0xe0,
    0x0, 0x0, 0x0, 0xc, 0xff, 0x0, 0xaf, 0xf1,
    0x0, 0x0, 0x0, 0x0, 0xcf, 0xe0, 0x0, 0x0,
    0x0, 0xc, 0xff, 0x0, 0xaf, 0xf1, 0x0, 0x0,
    0x0, 0x0, 0xcf, 0xe0, 0x0, 0xe, 0xff, 0xff,
    0xff, 0x0, 0xaf, 0xff, 0xff, 0xf6, 0x0, 0x0,
    0xcf, 0xe0, 0x1, 0xe, 0xff, 0xff, 0xff, 0x0,
    0xaf, 0xff, 0xff, 0xf6, 0x0, 0x0, 0xcf, 0xf9,
    0xdf, 0x6, 0x77, 0x7d, 0xff, 0x0, 0xaf, 0xf7,
    0x77, 0x72, 0x0, 0x37, 0xef, 0xff, 0xff, 0x20,
    0x0, 0xc, 0xff, 0x0, 0xaf, 0xf1, 0x0, 0x0,
    0x8f, 0xff, 0xff, 0xff, 0xea, 0x20, 0x0, 0xc,
    0xff, 0x0, 0xaf, 0xf1, 0x0, 0x0, 0x9f, 0xff,
    0xff, 0xf3, 0x0, 0x0, 0x0, 0xc, 0xff, 0x0,
    0xaf, 0xf1, 0x0, 0x0, 0x6f, 0xb6, 0xdf, 0xe0,
    0x0, 0x59, 0x99, 0x9e, 0xff, 0x0, 0xaf, 0xf9,
    0x88, 0x88, 0x0, 0x0, 0xcf, 0xe0, 0x0, 0x9f,
    0xff, 0xff, 0xff, 0x0, 0xaf, 0xff, 0xff, 0xff,
    0x0, 0x0, 0xcf, 0xe0, 0x0, 0x9f, 0xff, 0xff,
    0xff, 0x0, 0xaf, 0xff, 0xff, 0xff, 0x0, 0x0,
    0xcf, 0xe0, 0x0, 0x0, 0x0, 0xc, 0xff, 0x0,
    0xaf, 0xf1, 0x0, 0x0, 0x0, 0x0, 0xcf, 0xe0,
    0x0, 0x0, 0x0, 0xc, 0xff, 0x0, 0xaf, 0xf1,
    0x0, 0x0, 0x0, 0x0, 0xcf, 0xe0, 0x0, 0x0,
    0x0, 0xc, 0xff, 0x0, 0xaf, 0xf1, 0x0, 0x0,
    0x0, 0x0, 0xcf, 0xe0, 0x0, 0x0, 0x0, 0xc,
    0xff, 0x0, 0xaf, 0xf1, 0x0, 0x0, 0x7, 0x78,
    0xff, 0xd0, 0x0, 0x0, 0x0, 0xc, 0xff, 0x0,
    0xaf, 0xf1, 0x0, 0x0, 0xa, 0xff, 0xff, 0xa0,
    0x0, 0x0, 0x0, 0xc, 0xff, 0x0, 0xaf, 0xf1,
    0x0, 0x0, 0x5, 0xff, 0xd9, 0x0, 0x0, 0x0,
    0x0, 0xc, 0xff, 0x0, 0xaf, 0xf1, 0x0, 0x0,
    0x0, 0x0, 0x0, 0x0, 0x0, 0x0, 0x0, 0x0,
    0x0, 0x0, 0x0, 0x0, 0x0, 0x0,

    /* U+63A5 "接" */
    0x0, 0x0, 0x37, 0x71, 0x0, 0x0, 0x0, 0x0,
    0x0, 0x12, 0x0, 0x0, 0x0, 0x0, 0x0, 0x0,
    0x7, 0xff, 0x20, 0x0, 0x0, 0x0, 0x0, 0xcf,
    0xe1, 0x0, 0x0, 0x0, 0x0, 0x0, 0x0, 0x7f,
    0xf2, 0x0, 0x0, 0x0, 0x0, 0x5, 0xff, 0x80,
    0x0, 0x0, 0x0, 0x0, 0x0, 0x7, 0xff, 0x20,
    0x0, 0x48, 0x88, 0x88, 0x8f, 0xff, 0x88, 0x88,
    0x88, 0x70, 0x0, 0x0, 0x7f, 0xf2, 0x0, 0x8,
    0xff, 0xff, 0xff, 0xff, 0xff, 0xff, 0xff, 0xfe,
    0x0, 0x0, 0x7, 0xff, 0x20, 0x0, 0x7e, 0xee,
    0xee, 0xee, 0xee, 0xee, 0xee, 0xee, 0xd0, 0x7,
    0x99, 0xcf, 0xfa, 0x98, 0x0, 0x1, 0x8e, 0x20,
    0x0, 0x0, 0x6c, 0x81, 0x0, 0x0, 0xdf, 0xff,
    0xff, 0xff, 0xe0, 0x0, 0x1e, 0xfb, 0x0, 0x0,
    0xd, 0xff, 0x10, 0x0, 0xd, 0xff, 0xff, 0xff,
    0xfe, 0x0, 0x0, 0x7f, 0xf4, 0x0, 0x5, 0xff,
    0x70, 0x0, 0x0, 0x0, 0x7, 0xff, 0x20, 0x0,
    0x0, 0x0, 0xef, 0x90, 0x0, 0xdf, 0xd0, 0x0,
    0x0, 0x0, 0x0, 0x7f, 0xf2, 0x0, 0x36, 0x66,
    0x6c, 0xb6, 0x66, 0x9f, 0xfa, 0x66, 0x66, 0x40,
    0x0, 0x7, 0xff, 0x20, 0x7, 0xff, 0xff, 0xff,
    0xff, 0xff, 0xff, 0xff, 0xff, 0xfa, 0x0, 0x0,
    0x7f, 0xf2, 0x0, 0x7f, 0xff, 0xff, 0xff, 0xff,
    0xff, 0xff, 0xff, 0xff, 0xa0, 0x0, 0x7, 0xff,
    0x20, 0x0, 0x0, 0x0, 0x2, 0xeb, 0x60, 0x0,
    0x0, 0x0, 0x0, 0x0, 0x0, 0x7f, 0xfa, 0xdb,
    0x0, 0x0, 0x0, 0x8f, 0xf4, 0x0, 0x0, 0x0,
    0x0, 0x0, 0x2, 0x6c, 0xff, 0xff, 0xd0, 0x0,
    0x0, 0x1f, 0xfd, 0x0, 0x0, 0x0, 0x0, 0x0,
    0x1e, 0xff, 0xff, 0xff, 0xd8, 0xdf, 0xff, 0xff,
    0xff, 0xff, 0xff, 0xff, 0xff, 0xff, 0xf0, 0xff,
    0xff, 0xff, 0x40, 0xe, 0xff, 0xff, 0xff, 0xff,
    0xff, 0xff, 0xff, 0xff, 0xff, 0xa, 0xa6, 0x8f,
    0xf2, 0x0, 0x66, 0x67, 0xef, 0xf7, 0x66, 0x66,
    0xbf, 0xfa, 0x66, 0x60, 0x0, 0x7, 0xff, 0x20,
    0x0, 0x0, 0x6f, 0xf7, 0x0, 0x0, 0xd, 0xff,
    0x10, 0x0, 0x0, 0x0, 0x7f, 0xf2, 0x0, 0x0,
    0x2f, 0xfe, 0x10, 0x0, 0x6, 0xff, 0xa0, 0x0,
    0x0, 0x0, 0x7, 0xff, 0x20, 0x0, 0xd, 0xff,
    0xff, 0xa5, 0x3, 0xff, 0xf2, 0x0, 0x0, 0x0,
    0x0, 0x7f, 0xf2, 0x0, 0x0, 0x16, 0xbf, 0xff,
    0xff, 0xef, 0xf5, 0x0, 0x0, 0x0, 0x0, 0x7,
    0xff, 0x20, 0x0, 0x0, 0x0, 0x16, 0xdf, 0xff,
    0xff, 0x60, 0x0, 0x0, 0x0, 0x0, 0x7f, 0xf2,
    0x0, 0x0, 0x0, 0x15, 0xbf, 0xff, 0xff, 0xff,
    0xe7, 0x0, 0x0, 0x4a, 0xad, 0xff, 0x0, 0x17,
    0x8b, 0xef, 0xff, 0xff, 0x91, 0x6e, 0xff, 0xfe,
    0x60, 0x1, 0xff, 0xff, 0xd0, 0x0, 0xdf, 0xff,
    0xff, 0xc7, 0x10, 0x0, 0x6, 0xef, 0xfc, 0x0,
    0xc, 0xed, 0x91, 0x0, 0x7, 0xeb, 0x85, 0x10,
    0x0, 0x0, 0x0, 0x1, 0x9d, 0x10, 0x0, 0x0,
    0x0, 0x0, 0x0, 0x0, 0x0, 0x0, 0x0, 0x0,
    0x0, 0x0, 0x0, 0x0, 0x0,

    /* U+63A7 "控" */
    0x0, 0x0, 0x25, 0x51, 0x0, 0x0, 0x0, 0x0,
    0x0, 0x3, 0x0, 0x0, 0x0, 0x0, 0x0, 0x0,
    0x0, 0x6f, 0xf3, 0x0, 0x0, 0x0, 0x0, 0x6,
    0xff, 0x70, 0x0, 0x0, 0x0, 0x0, 0x0, 0x0,
    0x6f, 0xf3, 0x0, 0x0, 0x0, 0x0, 0x1, 0xff,
    0xe0, 0x0, 0x0, 0x0, 0x0, 0x0, 0x0, 0x6f,
    0xf3, 0x0, 0x0, 0x0, 0x0, 0x0, 0xbf, 0xf5,
    0x0, 0x0, 0x0, 0x0, 0x0, 0x0, 0x6f, 0xf3,
    0x0, 0x1c, 0xcc, 0xcc, 0xcc, 0xdf, 0xfe, 0xcc,
    0xcc, 0xcc, 0x80, 0x0, 0x0, 0x6f, 0xf3, 0x0,
    0x1f, 0xff, 0xff, 0xff, 0xff, 0xff, 0xff, 0xff,
    0xff, 0xb0, 0x8, 0xaa, 0xdf, 0xfc, 0xaa, 0x2f,
    0xfd, 0xaa, 0xaa, 0xaa, 0xaa, 0xaa, 0xaa, 0xff,
    0xb0, 0xc, 0xff, 0xff, 0xff, 0xff, 0x2f, 0xf8,
    0x0, 0x0, 0x0, 0x0, 0x0, 0x0, 0xff, 0xb0,
    0xc, 0xff, 0xff, 0xff, 0xff, 0x2f, 0xf8, 0x0,
    0x86, 0x10, 0x2, 0x90, 0x0, 0xff, 0xb0, 0x0,
    0x0, 0x6f, 0xf3, 0x0, 0x8, 0x84, 0x7, 0xff,
    0xb0, 0x1e, 0xfd, 0x20, 0x55, 0x40, 0x0, 0x0,
    0x6f, 0xf3, 0x0, 0x0, 0x0, 0x8f, 0xfd, 0x10,
    0x8, 0xff, 0xe3, 0x0, 0x0, 0x0, 0x0, 0x6f,
    0xf3, 0x0, 0x0, 0x1b, 0xff, 0xe2, 0x0, 0x0,
    0x6f, 0xff, 0x50, 0x0, 0x0, 0x0, 0x6f, 0xf3,
    0x0, 0x4, 0xef, 0xfe, 0x20, 0x0, 0x0, 0x4,
    0xff, 0xf7, 0x0, 0x0, 0x0, 0x6f, 0xf3, 0x0,
    0xa, 0xff, 0xd1, 0x0, 0x0, 0x0, 0x0, 0x3e,
    0xfb, 0x0, 0x0, 0x0, 0x6f, 0xf8, 0xbf, 0x0,
    0xda, 0x0, 0x0, 0x0, 0x0, 0x0, 0x3, 0xb0,
    0x0, 0x0, 0x1, 0x9f, 0xff, 0xff, 0x30, 0x67,
    0x77, 0x77, 0x77, 0x77, 0x77, 0x77, 0x60, 0x0,
    0x7, 0xcf, 0xff, 0xff, 0xe9, 0x10, 0xaf, 0xff,
    0xff, 0xff, 0xff, 0xff, 0xff, 0xe0, 0x0, 0xf,
    0xff, 0xff, 0xf6, 0x0, 0x0, 0xaf, 0xff, 0xff,
    0xff, 0xff, 0xff, 0xff, 0xe0, 0x0, 0xc, 0xfc,
    0xaf, 0xf3, 0x0, 0x0, 0x0, 0x0, 0x0, 0xdf,
    0xf0, 0x0, 0x0, 0x0, 0x0, 0x4, 0x20, 0x6f,
    0xf3, 0x0, 0x0, 0x0, 0x0, 0x0, 0xdf, 0xf0,
    0x0, 0x0, 0x0, 0x0, 0x0, 0x0, 0x6f, 0xf3,
    0x0, 0x0, 0x0, 0x0, 0x0, 0xdf, 0xf0, 0x0,
    0x0, 0x0, 0x0, 0x0, 0x0, 0x6f, 0xf3, 0x0,
    0x0, 0x0, 0x0, 0x0, 0xdf, 0xf0, 0x0, 0x0,
    0x0, 0x0, 0x0, 0x0, 0x6f, 0xf3, 0x0, 0x0,
    0x0, 0x0, 0x0, 0xdf, 0xf0, 0x0, 0x0, 0x0,
    0x0, 0x0, 0x0, 0x6f, 0xf3, 0x0, 0x0, 0x0,
    0x0, 0x0, 0xdf, 0xf0, 0x0, 0x0, 0x0, 0x0,
    0x0, 0x0, 0x6f, 0xf3, 0x0, 0x0, 0x0, 0x0,
    0x0, 0xdf, 0xf0, 0x0, 0x0, 0x0, 0x0, 0x4,
    0x99, 0xdf, 0xf1, 0x2, 0xff, 0xff, 0xff, 0xff,
    0xff, 0xff, 0xff, 0xff, 0xff, 0xf1, 0x3, 0xff,
    0xff, 0xe0, 0x2, 0xff, 0xff, 0xff, 0xff, 0xff,
    0xff, 0xff, 0xff, 0xff, 0xf1, 0x0, 0xee, 0xda,
    0x20, 0x1, 0x88, 0x88, 0x88, 0x88, 0x88, 0x88,
    0x88, 0x88, 0x88, 0x80,

    /* U+63CF "描" */
    0x0, 0x0, 0x12, 0x20, 0x0, 0x0, 0x0, 0x12,
    0x20, 0x0, 0x0, 0x22, 0x20, 0x0, 0x0, 0x0,
    0x8, 0xff, 0x10, 0x0, 0x0, 0x5, 0xff, 0x40,
    0x0, 0xf, 0xfc, 0x0, 0x0, 0x0, 0x0, 0x8f,
    0xf1, 0x0, 0x0, 0x0, 0x5f, 0xf4, 0x0, 0x0,
    0xff, 0xc0, 0x0, 0x0, 0x0, 0x8, 0xff, 0x10,
    0x0, 0x0, 0x5, 0xff, 0x40, 0x0, 0xf, 0xfc,
    0x0, 0x0, 0x0, 0x0, 0x8f, 0xf1, 0x0, 0x0,
    0x0, 0x6f, 0xf5, 0x0, 0x0, 0xff, 0xc0, 0x0,
    0x0, 0x0, 0x8, 0xff, 0x10, 0x4, 0xff, 0xff,
    0xff, 0xff, 0xff, 0xff, 0xff, 0xff, 0xf8, 0x4,
    0x44, 0xaf, 0xf5, 0x44, 0x5f, 0xff, 0xff, 0xff,
    0xff, 0xff, 0xff, 0xff, 0xff, 0x80, 0xef, 0xff,
    0xff, 0xff, 0xf3, 0x88, 0x8b, 0xff, 0xa8, 0x88,
    0x8f, 0xfe, 0x88, 0x84, 0xe, 0xff, 0xff, 0xff,
    0xff, 0x10, 0x0, 0x5f, 0xf4, 0x0, 0x0, 0xff,
    0xc0, 0x0, 0x0, 0x33, 0x3a, 0xff, 0x43, 0x30,
    0x0, 0x5, 0xff, 0x40, 0x0, 0xf, 0xfc, 0x0,
    0x0, 0x0, 0x0, 0x8f, 0xf1, 0x0, 0x0, 0x0,
    0x5f, 0xf4, 0x0, 0x0, 0xff, 0xc0, 0x0, 0x0,
    0x0, 0x8, 0xff, 0x10, 0x0, 0x0, 0x0, 0x0,
    0x0, 0x0, 0x0, 0x0, 0x0, 0x0, 0x0, 0x0,
    0x8f, 0xf1, 0x0, 0x1, 0xff, 0xff, 0xff, 0xff,
    0xff, 0xff, 0xff, 0xf8, 0x0, 0x0, 0x8, 0xff,
    0x11, 0x50, 0x1f, 0xff, 0xff, 0xff, 0xff, 0xff,
    0xff, 0xff, 0x80, 0x0, 0x0, 0x8f, 0xfd, 0xff,
    0x1, 0xff, 0xc8, 0x88, 0xdf, 0xf8, 0x88, 0x9f,
    0xf8, 0x0, 0x4, 0x9e, 0xff, 0xff, 0xf3, 0x1f,
    0xf7, 0x0, 0x9, 0xfe, 0x0, 0x2, 0xff, 0x80,
    0x3f, 0xff, 0xff, 0xff, 0xd8, 0x11, 0xff, 0x70,
    0x0, 0x9f, 0xe0, 0x0, 0x2f, 0xf8, 0x1, 0xff,
    0xff, 0xff, 0x40, 0x0, 0x1f, 0xf7, 0x0, 0x9,
    0xfe, 0x0, 0x2, 0xff, 0x80, 0xe, 0xd8, 0xaf,
    0xf1, 0x0, 0x1, 0xff, 0xb7, 0x77, 0xcf, 0xf7,
    0x77, 0x9f, 0xf8, 0x0, 0x10, 0x8, 0xff, 0x10,
    0x0, 0x1f, 0xff, 0xff, 0xff, 0xff, 0xff, 0xff,
    0xff, 0x80, 0x0, 0x0, 0x8f, 0xf1, 0x0, 0x1,
    0xff, 0xff, 0xff, 0xff, 0xff, 0xff, 0xff, 0xf8,
    0x0, 0x0, 0x8, 0xff, 0x10, 0x0, 0x1f, 0xf7,
    0x0, 0x9, 0xfe, 0x0, 0x2, 0xff, 0x80, 0x0,
    0x0, 0x8f, 0xf1, 0x0, 0x1, 0xff, 0x70, 0x0,
    0x9f, 0xe0, 0x0, 0x2f, 0xf8, 0x0, 0x0, 0x8,
    0xff, 0x10, 0x0, 0x1f, 0xf7, 0x0, 0x9, 0xfe,
    0x0, 0x2, 0xff, 0x80, 0x0, 0x0, 0x8f, 0xf1,
    0x0, 0x1, 0xff, 0xc8, 0x88, 0xdf, 0xf8, 0x88,
    0xaf, 0xf8, 0x0, 0x7c, 0xcf, 0xff, 0x0, 0x0,
    0x1f, 0xff, 0xff, 0xff, 0xff, 0xff, 0xff, 0xff,
    0x80, 0x4, 0xff, 0xff, 0xb0, 0x0, 0x1, 0xff,
    0xff, 0xff, 0xff, 0xff, 0xff, 0xff, 0xf8, 0x0,
    0xc, 0xba, 0x60, 0x0, 0x0, 0x1f, 0xf7, 0x0,
    0x0, 0x0, 0x0, 0x2, 0xdd, 0x70,

    /* U+63D0 "提" */
    0x0, 0x0, 0x1, 0x10, 0x0, 0x0, 0x0, 0x0,
    0x0, 0x0, 0x0, 0x0, 0x0, 0x0, 0x0, 0x0,
    0x0, 0x6f, 0xf3, 0x0, 0x0, 0x12, 0x22, 0x22,
    0x22, 0x22, 0x22, 0x22, 0x20, 0x0, 0x0, 0x0,
    0x6f, 0xf3, 0x0, 0x0, 0xaf, 0xff, 0xff, 0xff,
    0xff, 0xff, 0xff, 0xc0, 0x0, 0x0, 0x0, 0x6f,
    0xf3, 0x0, 0x0, 0xaf, 0xfe, 0xee, 0xee, 0xee,
    0xee, 0xff, 0xc0, 0x0, 0x0, 0x0, 0x6f, 0xf3,
    0x0, 0x0, 0xaf, 0xe0, 0x0, 0x0, 0x0, 0x0,
    0xff, 0xc0, 0x0, 0x0, 0x0, 0x6f, 0xf3, 0x0,
    0x0, 0xaf, 0xe1, 0x11, 0x11, 0x11, 0x11, 0xff,
    0xc0, 0x0, 0x3, 0x33, 0x8f, 0xf6, 0x33, 0x10,
    0xaf, 0xff, 0xff, 0xff, 0xff, 0xff, 0xff, 0xc0,
    0x0, 0xe, 0xff, 0xff, 0xff, 0xff, 0x50, 0xaf,
    0xfd, 0xdd, 0xdd, 0xdd, 0xdd, 0xff, 0xc0, 0x0,
    0xe, 0xff, 0xff, 0xff, 0xff, 0x50, 0xaf, 0xe0,
    0x0, 0x0, 0x0, 0x0, 0xff, 0xc0, 0x0, 0x6,
    0x66, 0xaf, 0xf8, 0x66, 0x20, 0xaf, 0xe1, 0x11,
    0x11, 0x11, 0x11, 0xff, 0xc0, 0x0, 0x0, 0x0,
    0x6f, 0xf3, 0x0, 0x0, 0xaf, 0xff, 0xff, 0xff,
    0xff, 0xff, 0xff, 0xc0, 0x0, 0x0, 0x0, 0x6f,
    0xf3, 0x0, 0x0, 0x9e, 0xee, 0xee, 0xee, 0xee,
    0xee, 0xee, 0xb0, 0x0, 0x0, 0x0, 0x6f, 0xf3,
    0x0, 0x0, 0x0, 0x0, 0x0, 0x0, 0x0, 0x0,
    0x0, 0x0, 0x0, 0x0, 0x0, 0x6f, 0xf3, 0x1,
    0x16, 0x66, 0x66, 0x66, 0x66, 0x66, 0x66, 0x66,
    0x66, 0x10, 0x0, 0x0, 0x6f, 0xfa, 0xcf, 0x5f,
    0xff, 0xff, 0xff, 0xff, 0xff, 0xff, 0xff, 0xff,
    0x40, 0x0, 0x16, 0xcf, 0xff, 0xff, 0x7f, 0xff,
    0xff, 0xff, 0xff, 0xff, 0xff, 0xff, 0xff, 0x40,
    0x1d, 0xff, 0xff, 0xff, 0xe9, 0x20, 0x0, 0x0,
    0x0, 0xef, 0xc0, 0x0, 0x0, 0x0, 0x0, 0xf,
    0xff, 0xff, 0xf5, 0x0, 0x0, 0x3c, 0xa2, 0x0,
    0xef, 0xc0, 0x0, 0x0, 0x0, 0x0, 0xb, 0xb6,
    0x8f, 0xf3, 0x0, 0x0, 0x7f, 0xf2, 0x0, 0xef,
    0xc0, 0x0, 0x0, 0x0, 0x0, 0x0, 0x0, 0x6f,
    0xf3, 0x0, 0x0, 0x9f, 0xf0, 0x0, 0xef, 0xff,
    0xff, 0xff, 0xc0, 0x0, 0x0, 0x0, 0x6f, 0xf3,
    0x0, 0x0, 0xdf, 0xd0, 0x0, 0xef, 0xff, 0xff,
    0xff, 0xc0, 0x0, 0x0, 0x0, 0x6f, 0xf3, 0x0,
    0x3, 0xff, 0xf3, 0x0, 0xef, 0xd4, 0x44, 0x44,
    0x30, 0x0, 0x0, 0x0, 0x6f, 0xf3, 0x0, 0x8,
    0xff, 0xfc, 0x0, 0xef, 0xc0, 0x0, 0x0, 0x0,
    0x0, 0x0, 0x0, 0x6f, 0xf3, 0x0, 0x1f, 0xfd,
    0xdf, 0x90, 0xef, 0xc0, 0x0, 0x0, 0x0, 0x0,
    0x0, 0x0, 0x6f, 0xf3, 0x0, 0xaf, 0xf5, 0x4f,
    0xfc, 0xff, 0xc0, 0x0, 0x0, 0x0, 0x0, 0x3,
    0x77, 0xbf, 0xf2, 0x7, 0xff, 0xc0, 0x7, 0xff,
    0xff, 0xe9, 0x87, 0x77, 0x77, 0x80, 0x3, 0xff,
    0xff, 0xf0, 0x5f, 0xff, 0x20, 0x0, 0x4d, 0xff,
    0xff, 0xff, 0xff, 0xff, 0xc0, 0x0, 0xff, 0xfc,
    0x30, 0x9, 0xf4, 0x0, 0x0, 0x0, 0x59, 0xde,
    0xff, 0xff, 0xff, 0x80, 0x0, 0x11, 0x0, 0x0,
    0x0, 0x20, 0x0, 0x0, 0x0, 0x0, 0x0, 0x0,
    0x0, 0x0, 0x0,

    /* U+6446 "摆" */
    0x0, 0x0, 0x14, 0x41, 0x0, 0x0, 0x0, 0x0,
    0x0, 0x0, 0x0, 0x0, 0x0, 0x0, 0x0, 0x0,
    0x5, 0xff, 0x50, 0x0, 0x22, 0x22, 0x22, 0x22,
    0x22, 0x22, 0x22, 0x22, 0x20, 0x0, 0x0, 0x5f,
    0xf5, 0x0, 0xf, 0xff, 0xff, 0xff, 0xff, 0xff,
    0xff, 0xff, 0xff, 0x10, 0x0, 0x5, 0xff, 0x50,
    0x0, 0xff, 0xff, 0xff, 0xff, 0xff, 0xff, 0xff,
    0xff, 0xf1, 0x0, 0x0, 0x5f, 0xf5, 0x0, 0xf,
    0xfa, 0x0, 0xef, 0x30, 0x3f, 0xe0, 0xa, 0xff,
    0x10, 0x0, 0x5, 0xff, 0x50, 0x0, 0xff, 0xa0,
    0xe, 0xf3, 0x3, 0xfe, 0x0, 0xaf, 0xf1, 0x3,
    0x44, 0x8f, 0xf8, 0x44, 0xf, 0xfa, 0x0, 0xef,
    0x30, 0x3f, 0xe0, 0xa, 0xff, 0x10, 0xaf, 0xff,
    0xff, 0xff, 0xf0, 0xff, 0xa0, 0xe, 0xf3, 0x3,
    0xfe, 0x0, 0xaf, 0xf1, 0xa, 0xff, 0xff, 0xff,
    0xff, 0xf, 0xfc, 0x44, 0xff, 0x74, 0x7f, 0xf4,
    0x4c, 0xff, 0x10, 0x47, 0x7a, 0xff, 0xa7, 0x70,
    0xff, 0xff, 0xff, 0xff, 0xff, 0xff, 0xff, 0xff,
    0xf1, 0x0, 0x0, 0x5f, 0xf5, 0x0, 0xd, 0xee,
    0xee, 0xee, 0xee, 0xee, 0xee, 0xee, 0xee, 0x10,
    0x0, 0x5, 0xff, 0x50, 0x0, 0x0, 0x0, 0x0,
    0xd, 0xda, 0x0, 0x0, 0x0, 0x0, 0x0, 0x0,
    0x5f, 0xf5, 0x0, 0x0, 0x0, 0x0, 0x0, 0xff,
    0xc0, 0x0, 0x0, 0x0, 0x0, 0x0, 0x5, 0xff,
    0x50, 0x0, 0x37, 0x77, 0x77, 0x7f, 0xfe, 0x77,
    0x77, 0x77, 0x20, 0x0, 0x0, 0x5f, 0xf9, 0xae,
    0x37, 0xff, 0xff, 0xff, 0xff, 0xff, 0xff, 0xff,
    0xf6, 0x0, 0x0, 0x39, 0xff, 0xff, 0xf5, 0x7f,
    0xff, 0xff, 0xff, 0xff, 0xff, 0xff, 0xff, 0x50,
    0x1b, 0xff, 0xff, 0xff, 0xfb, 0x30, 0x0, 0x0,
    0x0, 0xff, 0xc0, 0x0, 0x0, 0x0, 0x0, 0xef,
    0xff, 0xff, 0x80, 0x0, 0x0, 0x0, 0x0, 0xf,
    0xfc, 0x0, 0x0, 0x0, 0x0, 0xa, 0xd8, 0x8f,
    0xf5, 0x0, 0x77, 0x77, 0x77, 0x77, 0xff, 0xe7,
    0x77, 0x77, 0x77, 0x40, 0x0, 0x5, 0xff, 0x50,
    0xe, 0xff, 0xff, 0xff, 0xff, 0xff, 0xff, 0xff,
    0xff, 0xf8, 0x0, 0x0, 0x5f, 0xf5, 0x0, 0xef,
    0xff, 0xff, 0xff, 0xff, 0xff, 0xff, 0xff, 0xff,
    0x80, 0x0, 0x5, 0xff, 0x50, 0x0, 0x0, 0x2,
    0xef, 0xf5, 0x0, 0x0, 0x6b, 0x10, 0x0, 0x0,
    0x0, 0x5f, 0xf5, 0x0, 0x0, 0x0, 0xcf, 0xf7,
    0x0, 0x0, 0x4f, 0xf8, 0x0, 0x0, 0x0, 0x5,
    0xff, 0x50, 0x0, 0x0, 0xbf, 0xf8, 0x0, 0x0,
    0x0, 0xaf, 0xf4, 0x0, 0x0, 0x0, 0x5f, 0xf5,
    0x0, 0x0, 0xbf, 0xfc, 0x45, 0x67, 0x8a, 0xbd,
    0xff, 0xe1, 0x0, 0x5a, 0xad, 0xff, 0x30, 0x0,
    0xef, 0xff, 0xff, 0xff, 0xff, 0xff, 0xff, 0xff,
    0xa0, 0x3, 0xff, 0xff, 0xe1, 0x0, 0xb, 0xff,
    0xff, 0xff, 0xfd, 0xca, 0x97, 0x6b, 0xff, 0x30,
    0xe, 0xfe, 0xa3, 0x0, 0x0, 0x5b, 0x85, 0x42,
    0x0, 0x0, 0x0, 0x0, 0x2e, 0x60, 0x0, 0x0,
    0x0, 0x0, 0x0, 0x0, 0x0, 0x0, 0x0, 0x0,
    0x0, 0x0, 0x0, 0x0, 0x0,

    /* U+64AD "播" */
    0x0, 0x0, 0x8, 0x84, 0x0, 0x0, 0x0, 0x0,
    0x0, 0x0, 0x0, 0x0, 0x14, 0x20, 0x0, 0x0,
    0x0, 0x1f, 0xf8, 0x0, 0x0, 0x0, 0x1, 0x23,
    0x46, 0x8a, 0xce, 0xff, 0xd0, 0x0, 0x0, 0x0,
    0x1f, 0xf8, 0x0, 0x9, 0xde, 0xff, 0xff, 0xff,
    0xff, 0xff, 0xff, 0xe6, 0x0, 0x0, 0x0, 0x1f,
    0xf8, 0x0, 0x8, 0xff, 0xff, 0xff, 0xff, 0xfa,
    0x86, 0x61, 0x0, 0x0, 0x0, 0x0, 0x1f, 0xf8,
    0x0, 0x1, 0x46, 0xa6, 0x0, 0x8f, 0xf0, 0x0,
    0xcf, 0x90, 0x0, 0x0, 0x0, 0x1f, 0xf8, 0x0,
    0x0, 0xc, 0xfd, 0x0, 0x8f, 0xf0, 0x2, 0xff,
    0x60, 0x0, 0x3, 0x66, 0x7f, 0xfb, 0x66, 0x30,
    0x5, 0xff, 0x40, 0x8f, 0xf0, 0x9, 0xfe, 0x0,
    0x0, 0x9, 0xff, 0xff, 0xff, 0xff, 0x80, 0x0,
    0xff, 0xa0, 0x8f, 0xf0, 0x1f, 0xf7, 0x0, 0x0,
    0x9, 0xff, 0xff, 0xff, 0xff, 0x96, 0x66, 0xdc,
    0x76, 0xbf, 0xf6, 0xaf, 0xf7, 0x66, 0x60, 0x3,
    0x66, 0x7f, 0xfb, 0x66, 0x5f, 0xff, 0xff, 0xff,
    0xff, 0xff, 0xff, 0xff, 0xff, 0xe0, 0x0, 0x0,
    0x1f, 0xf8, 0x0, 0x1e, 0xee, 0xee, 0xff, 0xff,
    0xff, 0xfe, 0xee, 0xee, 0xc0, 0x0, 0x0, 0x1f,
    0xf8, 0x0, 0x0, 0x0, 0x5, 0xff, 0xff, 0xff,
    0xfd, 0x10, 0x0, 0x0, 0x0, 0x0, 0x1f, 0xf8,
    0x0, 0x0, 0x0, 0x6f, 0xfd, 0xaf, 0xf4, 0xff,
    0xd2, 0x0, 0x0, 0x0, 0x0, 0x1f, 0xf8, 0x5,
    0x0, 0x9, 0xff, 0xe2, 0x8f, 0xf0, 0x5f, 0xff,
    0x50, 0x0, 0x0, 0x0, 0x1f, 0xfe, 0xff, 0x35,
    0xef, 0xfe, 0x20, 0x8f, 0xf0, 0x5, 0xff, 0xfb,
    0x20, 0x0, 0x4, 0xaf, 0xff, 0xff, 0xef, 0xff,
    0xc1, 0x0, 0x8f, 0xf0, 0x0, 0x3d, 0xff, 0xf7,
    0xa, 0xef, 0xff, 0xff, 0xb6, 0xef, 0xfa, 0x22,
    0x22, 0x46, 0x62, 0x22, 0x23, 0xcf, 0xc0, 0xd,
    0xff, 0xff, 0xf8, 0x0, 0x2a, 0xbf, 0xff, 0xff,
    0xff, 0xff, 0xff, 0xff, 0xf9, 0x10, 0xa, 0xe8,
    0x4f, 0xf8, 0x0, 0x0, 0x8f, 0xff, 0xff, 0xff,
    0xff, 0xff, 0xff, 0xf5, 0x0, 0x1, 0x0, 0x1f,
    0xf8, 0x0, 0x0, 0x8f, 0xf0, 0x0, 0x8f, 0xd0,
    0x0, 0x3f, 0xf5, 0x0, 0x0, 0x0, 0x1f, 0xf8,
    0x0, 0x0, 0x8f, 0xf0, 0x0, 0x8f, 0xe0, 0x0,
    0x4f, 0xf5, 0x0, 0x0, 0x0, 0x1f, 0xf8, 0x0,
    0x0, 0x8f, 0xff, 0xff, 0xff, 0xff, 0xff, 0xff,
    0xf5, 0x0, 0x0, 0x0, 0x1f, 0xf8, 0x0, 0x0,
    0x8f, 0xff, 0xff, 0xff, 0xff, 0xff, 0xff, 0xf5,
    0x0, 0x0, 0x0, 0x1f, 0xf8, 0x0, 0x0, 0x8f,
    0xf0, 0x0, 0x8f, 0xd0, 0x0, 0x3f, 0xf5, 0x0,
    0x0, 0x0, 0x1f, 0xf8, 0x0, 0x0, 0x8f, 0xf0,
    0x0, 0x8f, 0xd0, 0x0, 0x3f, 0xf5, 0x0, 0x1,
    0x88, 0xaf, 0xf7, 0x0, 0x0, 0x8f, 0xff, 0xff,
    0xff, 0xff, 0xff, 0xff, 0xf5, 0x0, 0x0, 0xef,
    0xff, 0xf4, 0x0, 0x0, 0x8f, 0xff, 0xff, 0xff,
    0xff, 0xff, 0xff, 0xf5, 0x0, 0x0, 0xaf, 0xfd,
    0x70, 0x0, 0x0, 0x8f, 0xf1, 0x11, 0x11, 0x11,
    0x11, 0x4d, 0xd5, 0x0, 0x0, 0x1, 0x0, 0x0,
    0x0, 0x0, 0x0, 0x0, 0x0, 0x0, 0x0, 0x0,
    0x0, 0x0, 0x0,

    /* U+64CD "操" */
    0x0, 0x2, 0x44, 0x0, 0x0, 0x0, 0x0, 0x0,
    0x0, 0x0, 0x0, 0x0, 0x0, 0x0, 0x0, 0x0,
    0x7f, 0xf3, 0x0, 0x0, 0x0, 0x11, 0x11, 0x11,
    0x11, 0x11, 0x10, 0x0, 0x0, 0x0, 0x7, 0xff,
    0x30, 0x0, 0x0, 0x2f, 0xff, 0xff, 0xff, 0xff,
    0xff, 0x10, 0x0, 0x0, 0x0, 0x7f, 0xf3, 0x0,
    0x0, 0x2, 0xff, 0xff, 0xff, 0xff, 0xff, 0xf1,
    0x0, 0x0, 0x0, 0x7, 0xff, 0x30, 0x0, 0x0,
    0x2f, 0xf4, 0x0, 0x0, 0x8, 0xff, 0x10, 0x0,
    0x0, 0x0, 0x7f, 0xf3, 0x0, 0x0, 0x2, 0xff,
    0x40, 0x0, 0x0, 0x8f, 0xf1, 0x0, 0x0, 0x23,
    0x39, 0xff, 0x63, 0x30, 0x0, 0x2f, 0xf7, 0x33,
    0x33, 0x3a, 0xff, 0x10, 0x0, 0x9, 0xff, 0xff,
    0xff, 0xfe, 0x0, 0x2, 0xff, 0xff, 0xff, 0xff,
    0xff, 0xf1, 0x0, 0x0, 0x9f, 0xff, 0xff, 0xff,
    0xe0, 0x0, 0x2c, 0xcc, 0xcc, 0xcc, 0xcc, 0xcc,
    0x10, 0x0, 0x3, 0x55, 0xaf, 0xf8, 0x55, 0x0,
    0x0, 0x0, 0x0, 0x0, 0x0, 0x0, 0x0, 0x0,
    0x0, 0x0, 0x7, 0xff, 0x30, 0x0, 0xff, 0xff,
    0xff, 0xfa, 0xd, 0xff, 0xff, 0xff, 0xf0, 0x0,
    0x0, 0x7f, 0xf3, 0x0, 0xf, 0xff, 0xee, 0xff,
    0xa0, 0xdf, 0xfe, 0xef, 0xff, 0x0, 0x0, 0x7,
    0xff, 0x30, 0x0, 0xff, 0x10, 0x8, 0xfa, 0xd,
    0xf4, 0x0, 0x4f, 0xf0, 0x0, 0x0, 0x7f, 0xf3,
    0x2, 0xf, 0xf1, 0x0, 0x8f, 0xa0, 0xdf, 0x40,
    0x4, 0xff, 0x0, 0x0, 0x7, 0xff, 0xae, 0xd0,
    0xff, 0x20, 0x9, 0xfa, 0xd, 0xf5, 0x0, 0x5f,
    0xf0, 0x2, 0x58, 0xdf, 0xff, 0xff, 0xf, 0xff,
    0xff, 0xff, 0xa0, 0xdf, 0xff, 0xff, 0xff, 0x0,
    0xdf, 0xff, 0xff, 0xf9, 0x10, 0xee, 0xee, 0xee,
    0xef, 0xef, 0xee, 0xee, 0xee, 0xe0, 0x9, 0xff,
    0xff, 0xf4, 0x0, 0x0, 0x0, 0x0, 0x0, 0xef,
    0xc0, 0x0, 0x0, 0x0, 0x0, 0x6d, 0x89, 0xff,
    0x30, 0x1, 0x33, 0x33, 0x33, 0x3f, 0xfd, 0x33,
    0x33, 0x33, 0x32, 0x0, 0x0, 0x7f, 0xf3, 0x0,
    0x8f, 0xff, 0xff, 0xff, 0xff, 0xff, 0xff, 0xff,
    0xff, 0xa0, 0x0, 0x7, 0xff, 0x30, 0x8, 0xff,
    0xff, 0xff, 0xff, 0xff, 0xff, 0xff, 0xff, 0xfa,
    0x0, 0x0, 0x7f, 0xf3, 0x0, 0x12, 0x22, 0x23,
    0xdf, 0xff, 0xff, 0xa2, 0x22, 0x22, 0x10, 0x0,
    0x7, 0xff, 0x30, 0x0, 0x0, 0x4, 0xef, 0xff,
    0xff, 0xff, 0xa1, 0x0, 0x0, 0x0, 0x0, 0x7f,
    0xf3, 0x0, 0x0, 0x2a, 0xff, 0xe4, 0xef, 0xc5,
    0xff, 0xe5, 0x0, 0x0, 0x0, 0x7, 0xff, 0x30,
    0x3, 0xaf, 0xff, 0xc1, 0xe, 0xfc, 0x3, 0xef,
    0xfd, 0x50, 0x0, 0x68, 0xcf, 0xf2, 0x4e, 0xff,
    0xff, 0x90, 0x0, 0xef, 0xc0, 0x2, 0xdf, 0xff,
    0xc0, 0x9, 0xff, 0xff, 0x0, 0xaf, 0xfb, 0x20,
    0x0, 0xe, 0xfc, 0x0, 0x0, 0x7e, 0xe1, 0x0,
    0x4f, 0xeb, 0x30, 0x1, 0x82, 0x0, 0x0, 0x0,
    0xef, 0xc0, 0x0, 0x0, 0x2, 0x0,

    /* U+652F "支" */
    0x0, 0x0, 0x0, 0x0, 0x0, 0x0, 0x3, 0x44,
    0x10, 0x0, 0x0, 0x0, 0x0, 0x0, 0x0, 0x0,
    0x0, 0x0, 0x0, 0x0, 0x0, 0xaf, 0xf4, 0x0,
    0x0, 0x0, 0x0, 0x0, 0x0, 0x0, 0x0, 0x0,
    0x0, 0x0, 0x0, 0xa, 0xff, 0x40, 0x0, 0x0,
    0x0, 0x0, 0x0, 0x0, 0x0, 0x0, 0x0, 0x0,
    0x0, 0x0, 0xaf, 0xf4, 0x0, 0x0, 0x0, 0x0,
    0x0, 0x0, 0x0, 0x0, 0x0, 0x0, 0x0, 0x0,
    0xa, 0xff, 0x40, 0x0, 0x0, 0x0, 0x0, 0x0,
    0x0, 0xe, 0xff, 0xff, 0xff, 0xff, 0xff, 0xff,
    0xff, 0xff, 0xff, 0xff, 0xff, 0xff, 0x90, 0x0,
    0xef, 0xff, 0xff, 0xff, 0xff, 0xff, 0xff, 0xff,
    0xff, 0xff, 0xff, 0xff, 0xf9, 0x0, 0xb, 0xcc,
    0xcc, 0xcc, 0xcc, 0xcc, 0xef, 0xfd, 0xcc, 0xcc,
    0xcc, 0xcc, 0xcc, 0x70, 0x0, 0x0, 0x0, 0x0,
    0x0, 0x0, 0xa, 0xff, 0x40, 0x0, 0x0, 0x0,
    0x0, 0x0, 0x0, 0x0, 0x0, 0x0, 0x0, 0x0,
    0x0, 0xaf, 0xf4, 0x0, 0x0, 0x0, 0x0, 0x0,
    0x0, 0x0, 0x0, 0x0, 0x0, 0x0, 0x0, 0xa,
    0xff, 0x40, 0x0, 0x0, 0x0, 0x0, 0x0, 0x0,
    0x0, 0x0, 0x0, 0x0, 0x0, 0x0, 0xaf, 0xf4,
    0x0, 0x0, 0x0, 0x0, 0x0, 0x0, 0x0, 0x7,
    0xff, 0xff, 0xff, 0xff, 0xff, 0xff, 0xff, 0xff,
    0xff, 0xff, 0x70, 0x0, 0x0, 0x0, 0x7f, 0xff,
    0xff, 0xff, 0xff, 0xff, 0xff, 0xff, 0xff, 0xff,
    0xff, 0x20, 0x0, 0x0, 0x5, 0xbb, 0xdf, 0xfb,
    0xbb, 0xbb, 0xbb, 0xbb, 0xbb, 0xbf, 0xff, 0x90,
    0x0, 0x0, 0x0, 0x0, 0xc, 0xff, 0x70, 0x0,
    0x0, 0x0, 0x0, 0x5, 0xff, 0xf2, 0x0, 0x0,
    0x0, 0x0, 0x0, 0x2f, 0xff, 0x30, 0x0, 0x0,
    0x0, 0x2, 0xff, 0xf8, 0x0, 0x0, 0x0, 0x0,
    0x0, 0x0, 0x7f, 0xfe, 0x10, 0x0, 0x0, 0x0,
    0xdf, 0xfd, 0x0, 0x0, 0x0, 0x0, 0x0, 0x0,
    0x0, 0xcf, 0xfc, 0x10, 0x0, 0x0, 0xaf, 0xff,
    0x20, 0x0, 0x0, 0x0, 0x0, 0x0, 0x0, 0x2,
    0xef, 0xfd, 0x20, 0x2, 0xdf, 0xff, 0x40, 0x0,
    0x0, 0x0, 0x0, 0x0, 0x0, 0x0, 0x2, 0xef,
    0xff, 0x54, 0xef, 0xff, 0x40, 0x0, 0x0, 0x0,
    0x0, 0x0, 0x0, 0x0, 0x0, 0x2, 0xef, 0xff,
    0xff, 0xfe, 0x30, 0x0, 0x0, 0x0, 0x0, 0x0,
    0x0, 0x0, 0x0, 0x0, 0x3, 0xff, 0xff, 0xff,
    0x30, 0x0, 0x0, 0x0, 0x0, 0x0, 0x0, 0x0,
    0x0, 0x0, 0x5b, 0xff, 0xff, 0xff, 0xff, 0xb6,
    0x0, 0x0, 0x0, 0x0, 0x0, 0x0, 0x2, 0x5a,
    0xff, 0xff, 0xff, 0xac, 0xff, 0xff, 0xff, 0xa6,
    0x30, 0x0, 0x0, 0x58, 0xbe, 0xff, 0xff, 0xff,
    0xf9, 0x10, 0x4, 0xcf, 0xff, 0xff, 0xff, 0xfd,
    0xa6, 0xc, 0xff, 0xff, 0xff, 0xfb, 0x50, 0x0,
    0x0, 0x0, 0x28, 0xdf, 0xff, 0xff, 0xff, 0x30,
    0x2f, 0xff, 0xc8, 0x40, 0x0, 0x0, 0x0, 0x0,
    0x0, 0x0, 0x26, 0xad, 0xff, 0x90, 0x0, 0x63,
    0x0, 0x0, 0x0, 0x0, 0x0, 0x0, 0x0, 0x0,
    0x0, 0x0, 0x0, 0x30, 0x0,

    /* U+6539 "改" */
    0x0, 0x0, 0x0, 0x0, 0x0, 0x0, 0x0, 0x0,
    0x34, 0x10, 0x0, 0x0, 0x0, 0x0, 0x0, 0x0,
    0x0, 0x0, 0x0, 0x0, 0x0, 0x0, 0xaf, 0xf3,
    0x0, 0x0, 0x0, 0x0, 0x6, 0x66, 0x66, 0x66,
    0x66, 0x65, 0x0, 0x0, 0xef, 0xf0, 0x0, 0x0,
    0x0, 0x0, 0xf, 0xff, 0xff, 0xff, 0xff, 0xfc,
    0x0, 0x1, 0xff, 0xb0, 0x0, 0x0, 0x0, 0x0,
    0xf, 0xff, 0xff, 0xff, 0xff, 0xfc, 0x0, 0x5,
    0xff, 0x70, 0x0, 0x0, 0x0, 0x0, 0x6, 0x66,
    0x66, 0x66, 0x6f, 0xfc, 0x0, 0xa, 0xff, 0x30,
    0x0, 0x0, 0x0, 0x0, 0x0, 0x0, 0x0, 0x0,
    0xf, 0xfc, 0x0, 0xf, 0xff, 0xff, 0xff, 0xff,
    0xff, 0xf6, 0x0, 0x0, 0x0, 0x0, 0xf, 0xfc,
    0x0, 0x5f, 0xff, 0xff, 0xff, 0xff, 0xff, 0xf6,
    0x0, 0x0, 0x0, 0x0, 0xf, 0xfc, 0x0, 0xbf,
    0xfb, 0xaa, 0xaa, 0xcf, 0xfe, 0xa4, 0x0, 0x0,
    0x0, 0x0, 0xf, 0xfc, 0x2, 0xff, 0xf4, 0x0,
    0x0, 0x6f, 0xf9, 0x0, 0x0, 0x0, 0x0, 0x0,
    0xf, 0xfc, 0x9, 0xff, 0xf8, 0x0, 0x0, 0xaf,
    0xf6, 0x0, 0x8, 0xbb, 0xbb, 0xbb, 0xcf, 0xfc,
    0x2f, 0xff, 0xfc, 0x0, 0x0, 0xdf, 0xf3, 0x0,
    0xb, 0xff, 0xff, 0xff, 0xff, 0xfc, 0xcf, 0xff,
    0xff, 0x0, 0x0, 0xff, 0xf0, 0x0, 0xb, 0xff,
    0xff, 0xff, 0xff, 0xff, 0xff, 0xe7, 0xff, 0x40,
    0x4, 0xff, 0xb0, 0x0, 0xb, 0xff, 0x30, 0x0,
    0x0, 0x1, 0xbf, 0x51, 0xff, 0xa0, 0x9, 0xff,
    0x60, 0x0, 0xb, 0xff, 0x20, 0x0, 0x0, 0x0,
    0x8, 0x0, 0xcf, 0xf1, 0xf, 0xff, 0x20, 0x0,
    0xb, 0xff, 0x20, 0x0, 0x0, 0x0, 0x0, 0x0,
    0x6f, 0xf7, 0x5f, 0xfc, 0x0, 0x0, 0xb, 0xff,
    0x20, 0x0, 0x0, 0x0, 0x0, 0x0, 0x1f, 0xfe,
    0xcf, 0xf6, 0x0, 0x0, 0xb, 0xff, 0x20, 0x0,
    0x0, 0x0, 0x0, 0x0, 0x9, 0xff, 0xff, 0xe0,
    0x0, 0x0, 0xb, 0xff, 0x20, 0x0, 0x0, 0x0,
    0x0, 0x0, 0x2, 0xff, 0xff, 0x70, 0x0, 0x0,
    0xb, 0xff, 0x20, 0x0, 0x1, 0x7a, 0x0, 0x0,
    0x0, 0xcf, 0xff, 0x0, 0x0, 0x0, 0xb, 0xff,
    0x20, 0x16, 0xcf, 0xfe, 0x0, 0x0, 0x7, 0xff,
    0xff, 0x70, 0x0, 0x0, 0xc, 0xff, 0x7b, 0xff,
    0xff, 0xff, 0x0, 0x0, 0x7f, 0xff, 0xff, 0xf6,
    0x0, 0x0, 0xf, 0xff, 0xff, 0xff, 0xfc, 0x50,
    0x0, 0x7, 0xff, 0xfb, 0xaf, 0xff, 0x50, 0x0,
    0x8f, 0xff, 0xff, 0xe8, 0x20, 0x0, 0x1, 0xbf,
    0xff, 0xb0, 0xb, 0xff, 0xfa, 0x10, 0x3f, 0xff,
    0xb5, 0x0, 0x0, 0x1, 0x8f, 0xff, 0xfa, 0x0,
    0x0, 0xcf, 0xff, 0xe5, 0xd, 0x92, 0x0, 0x0,
    0x0, 0x4, 0xff, 0xff, 0x80, 0x0, 0x0, 0xa,
    0xff, 0xf7, 0x1, 0x0, 0x0, 0x0, 0x0, 0x0,
    0x9f, 0xb2, 0x0, 0x0, 0x0, 0x0, 0x4e, 0xa0,
    0x0, 0x0, 0x0, 0x0, 0x0, 0x0, 0x15, 0x0,
    0x0, 0x0, 0x0, 0x0, 0x1, 0x10,

    /* U+653E "放" */
    0x0, 0x0, 0x0, 0x1, 0x10, 0x0, 0x0, 0x0,
    0x0, 0x20, 0x0, 0x0, 0x0, 0x0, 0x0, 0x0,
    0x0, 0x0, 0xdf, 0xa0, 0x0, 0x0, 0x0, 0x3,
    0xff, 0x90, 0x0, 0x0, 0x0, 0x0, 0x0, 0x0,
    0x0, 0xbf, 0xf1, 0x0, 0x0, 0x0, 0x7, 0xff,
    0x80, 0x0, 0x0, 0x0, 0x0, 0x0, 0x0, 0x0,
    0x5f, 0xf7, 0x0, 0x0, 0x0, 0xa, 0xff, 0x40,
    0x0, 0x0, 0x0, 0x0, 0x0, 0x0, 0x0, 0x1f,
    0xf9, 0x0, 0x0, 0x0, 0xe, 0xff, 0x10, 0x0,
    0x0, 0x0, 0x0, 0x6, 0x77, 0x77, 0x7c, 0x97,
    0x77, 0x77, 0x20, 0x2f, 0xfd, 0x0, 0x0, 0x0,
    0x0, 0x0, 0xe, 0xff, 0xff, 0xff, 0xff, 0xff,
    0xff, 0x50, 0x7f, 0xfe, 0xaa, 0xaa, 0xaa, 0xaa,
    0x80, 0xe, 0xff, 0xff, 0xff, 0xff, 0xff, 0xff,
    0x50, 0xcf, 0xff, 0xff, 0xff, 0xff, 0xff, 0xc0,
    0x2, 0x22, 0xbf, 0xf3, 0x22, 0x22, 0x22, 0x2,
    0xff, 0xff, 0xff, 0xff, 0xff, 0xff, 0xc0, 0x0,
    0x0, 0xaf, 0xf0, 0x0, 0x0, 0x0, 0x9, 0xff,
    0xd0, 0x0, 0x5, 0xff, 0x70, 0x0, 0x0, 0x0,
    0xaf, 0xf0, 0x0, 0x0, 0x0, 0xf, 0xff, 0xf1,
    0x0, 0x9, 0xff, 0x40, 0x0, 0x0, 0x0, 0xaf,
    0xf9, 0x88, 0x88, 0x81, 0x8f, 0xff, 0xf5, 0x0,
    0xc, 0xff, 0x10, 0x0, 0x0, 0x0, 0xaf, 0xff,
    0xff, 0xff, 0xf5, 0xff, 0xff, 0xf9, 0x0, 0xf,
    0xfd, 0x0, 0x0, 0x0, 0x0, 0xaf, 0xff, 0xff,
    0xff, 0xfe, 0xff, 0xbc, 0xfd, 0x0, 0x3f, 0xf9,
    0x0, 0x0, 0x0, 0x0, 0xaf, 0xf1, 0x0, 0x9f,
    0xf8, 0xff, 0x27, 0xff, 0x30, 0x9f, 0xf4, 0x0,
    0x0, 0x0, 0x0, 0xbf, 0xf0, 0x0, 0x9f, 0xf1,
    0x67, 0x2, 0xff, 0x90, 0xef, 0xf0, 0x0, 0x0,
    0x0, 0x0, 0xcf, 0xe0, 0x0, 0x9f, 0xf1, 0x0,
    0x0, 0xef, 0xe5, 0xff, 0xa0, 0x0, 0x0, 0x0,
    0x0, 0xdf, 0xe0, 0x0, 0x9f, 0xf0, 0x0, 0x0,
    0x8f, 0xfe, 0xff, 0x40, 0x0, 0x0, 0x0, 0x0,
    0xff, 0xb0, 0x0, 0xaf, 0xf0, 0x0, 0x0, 0x1f,
    0xff, 0xfc, 0x0, 0x0, 0x0, 0x0, 0x2, 0xff,
    0x90, 0x0, 0xbf, 0xf0, 0x0, 0x0, 0xa, 0xff,
    0xf4, 0x0, 0x0, 0x0, 0x0, 0x6, 0xff, 0x60,
    0x0, 0xbf, 0xf0, 0x0, 0x0, 0x9, 0xff, 0xf2,
    0x0, 0x0, 0x0, 0x0, 0xc, 0xff, 0x20, 0x0,
    0xcf, 0xe0, 0x0, 0x0, 0x8f, 0xff, 0xfd, 0x10,
    0x0, 0x0, 0x0, 0x2f, 0xfc, 0x0, 0x0, 0xdf,
    0xd0, 0x0, 0x7, 0xff, 0xff, 0xff, 0xc0, 0x0,
    0x0, 0x0, 0x9f, 0xf6, 0x0, 0x0, 0xff, 0xc0,
    0x0, 0x7f, 0xff, 0x83, 0xff, 0xfb, 0x10, 0x0,
    0x3, 0xff, 0xf0, 0x0, 0x2, 0xff, 0xa0, 0x2b,
    0xff, 0xf8, 0x0, 0x5f, 0xff, 0xe5, 0x0, 0x1d,
    0xff, 0x70, 0x68, 0x8c, 0xff, 0x89, 0xff, 0xff,
    0x80, 0x0, 0x7, 0xff, 0xff, 0xa0, 0x4f, 0xfc,
    0x0, 0x6f, 0xff, 0xff, 0x3b, 0xff, 0xe4, 0x0,
    0x0, 0x0, 0x4e, 0xff, 0x50, 0x3, 0xd1, 0x0,
    0x2f, 0xff, 0xc4, 0x1, 0xf9, 0x0, 0x0, 0x0,
    0x0, 0x1, 0xa9, 0x0, 0x0, 0x0, 0x0, 0x0,
    0x0, 0x0, 0x0, 0x10, 0x0, 0x0, 0x0, 0x0,
    0x0, 0x0, 0x0,

    /* U+6545 "故" */
    0x0, 0x0, 0x3, 0x66, 0x20, 0x0, 0x0, 0x0,
    0x34, 0x10, 0x0, 0x0, 0x0, 0x0, 0x0, 0x0,
    0x0, 0x8f, 0xf5, 0x0, 0x0, 0x0, 0xa, 0xff,
    0x50, 0x0, 0x0, 0x0, 0x0, 0x0, 0x0, 0x8,
    0xff, 0x50, 0x0, 0x0, 0x0, 0xef, 0xf1, 0x0,
    0x0, 0x0, 0x0, 0x0, 0x0, 0x0, 0x8f, 0xf5,
    0x0, 0x0, 0x0, 0x1f, 0xfd, 0x0, 0x0, 0x0,
    0x0, 0x0, 0x0, 0x0, 0x8, 0xff, 0x50, 0x0,
    0x0, 0x5, 0xff, 0x90, 0x0, 0x0, 0x0, 0x0,
    0x0, 0x0, 0x0, 0x8f, 0xf5, 0x0, 0x0, 0x0,
    0xaf, 0xf5, 0x0, 0x0, 0x0, 0x0, 0x0, 0x99,
    0x99, 0x9d, 0xff, 0xb9, 0x99, 0x95, 0xf, 0xff,
    0xed, 0xdd, 0xdd, 0xdd, 0xdd, 0xe, 0xff, 0xff,
    0xff, 0xff, 0xff, 0xff, 0x84, 0xff, 0xff, 0xff,
    0xff, 0xff, 0xff, 0xf0, 0xef, 0xff, 0xff, 0xff,
    0xff, 0xff, 0xf8, 0xbf, 0xfe, 0xdd, 0xdd, 0xdf,
    0xff, 0xdc, 0x0, 0x0, 0x0, 0x8f, 0xf5, 0x0,
    0x0, 0x3f, 0xff, 0x60, 0x0, 0x2, 0xff, 0xb0,
    0x0, 0x0, 0x0, 0x8, 0xff, 0x50, 0x0, 0xa,
    0xff, 0xfb, 0x0, 0x0, 0x6f, 0xf8, 0x0, 0x0,
    0x0, 0x0, 0x8f, 0xf5, 0x0, 0x4, 0xff, 0xff,
    0xe0, 0x0, 0x9, 0xff, 0x40, 0x0, 0x0, 0x0,
    0x8, 0xff, 0x50, 0x1, 0xef, 0xff, 0xff, 0x30,
    0x0, 0xdf, 0xf1, 0x0, 0x0, 0x0, 0x0, 0x8f,
    0xf5, 0x0, 0x6f, 0xfe, 0x5f, 0xf7, 0x0, 0x1f,
    0xfc, 0x0, 0x0, 0xa, 0xff, 0xff, 0xff, 0xff,
    0xff, 0xbf, 0x50, 0xef, 0xd0, 0x6, 0xff, 0x70,
    0x0, 0x0, 0xaf, 0xff, 0xff, 0xff, 0xff, 0xf6,
    0x20, 0xa, 0xff, 0x30, 0xdf, 0xf2, 0x0, 0x0,
    0xa, 0xff, 0xbb, 0xbb, 0xbc, 0xff, 0x60, 0x0,
    0x5f, 0xfa, 0x4f, 0xfc, 0x0, 0x0, 0x0, 0xaf,
    0xf0, 0x0, 0x0, 0x4f, 0xf6, 0x0, 0x0, 0xef,
    0xfb, 0xff, 0x60, 0x0, 0x0, 0xa, 0xff, 0x0,
    0x0, 0x4, 0xff, 0x60, 0x0, 0x7, 0xff, 0xff,
    0xe0, 0x0, 0x0, 0x0, 0xaf, 0xf0, 0x0, 0x0,
    0x4f, 0xf6, 0x0, 0x0, 0xf, 0xff, 0xf5, 0x0,
    0x0, 0x0, 0xa, 0xff, 0x0, 0x0, 0x4, 0xff,
    0x60, 0x0, 0x0, 0xbf, 0xff, 0x0, 0x0, 0x0,
    0x0, 0xaf, 0xf0, 0x0, 0x0, 0x4f, 0xf6, 0x0,
    0x0, 0x9f, 0xff, 0xfa, 0x0, 0x0, 0x0, 0xa,
    0xff, 0x99, 0x99, 0x9b, 0xff, 0x60, 0x0, 0xaf,
    0xff, 0xff, 0xf9, 0x0, 0x0, 0x0, 0xaf, 0xff,
    0xff, 0xff, 0xff, 0xf6, 0x1, 0xaf, 0xff, 0x78,
    0xff, 0xf8, 0x0, 0x0, 0xa, 0xff, 0xff, 0xff,
    0xff, 0xff, 0x65, 0xef, 0xff, 0x50, 0x9, 0xff,
    0xfc, 0x20, 0x0, 0xaf, 0xf0, 0x0, 0x0, 0x0,
    0x6d, 0xff, 0xff, 0x40, 0x0, 0xb, 0xff, 0xff,
    0x80, 0xa, 0xff, 0x0, 0x0, 0x0, 0x8, 0xff,
    0xfb, 0x20, 0x0, 0x0, 0x9, 0xff, 0xfa, 0x0,
    0x1, 0x10, 0x0, 0x0, 0x0, 0xd, 0xd4, 0x0,
    0x0, 0x0, 0x0, 0x3, 0xdd, 0x0, 0x0, 0x0,
    0x0, 0x0, 0x0, 0x0, 0x20, 0x0, 0x0, 0x0,
    0x0, 0x0, 0x0, 0x20, 0x0,

    /* U+6548 "效" */
    0x0, 0x0, 0x0, 0x3, 0x0, 0x0, 0x0, 0x0,
    0x0, 0x32, 0x0, 0x0, 0x0, 0x0, 0x0, 0x0,
    0x0, 0x7f, 0xf2, 0x0, 0x0, 0x0, 0x0, 0xc,
    0xfe, 0x0, 0x0, 0x0, 0x0, 0x0, 0x0, 0x3,
    0xff, 0xc0, 0x0, 0x0, 0x0, 0x0, 0xff, 0xb0,
    0x0, 0x0, 0x0, 0x0, 0x0, 0x0, 0xa, 0xff,
    0x50, 0x0, 0x0, 0x0, 0x3f, 0xf8, 0x0, 0x0,
    0x0, 0x0, 0x0, 0x0, 0x0, 0x3f, 0xb4, 0x0,
    0x0, 0x0, 0x7, 0xff, 0x40, 0x0, 0x0, 0x0,
    0x2, 0xff, 0xff, 0xff, 0xff, 0xff, 0xff, 0xfc,
    0x0, 0xaf, 0xf1, 0x0, 0x0, 0x0, 0x0, 0x2f,
    0xff, 0xff, 0xff, 0xff, 0xff, 0xff, 0xc0, 0xd,
    0xff, 0xff, 0xff, 0xff, 0xfd, 0x1, 0x77, 0x77,
    0x77, 0x77, 0x78, 0x87, 0x75, 0x1, 0xff, 0xff,
    0xff, 0xff, 0xff, 0xe0, 0x0, 0x3, 0xe9, 0x20,
    0x5, 0xda, 0x0, 0x0, 0x7f, 0xfb, 0xaa, 0xad,
    0xff, 0xc9, 0x0, 0x0, 0xbf, 0xf2, 0x0, 0x9f,
    0xf6, 0x0, 0xc, 0xfe, 0x0, 0x0, 0x9f, 0xf3,
    0x0, 0x0, 0x3f, 0xf9, 0x0, 0x0, 0xdf, 0xf2,
    0x3, 0xff, 0xa0, 0x0, 0xc, 0xff, 0x0, 0x0,
    0xc, 0xff, 0x10, 0x0, 0x3, 0xff, 0xb0, 0xaf,
    0xfc, 0x0, 0x0, 0xff, 0xd0, 0x0, 0x7, 0xff,
    0x90, 0x0, 0x2, 0x9, 0xff, 0x6f, 0xff, 0xf1,
    0x0, 0x2f, 0xf9, 0x0, 0x3, 0xff, 0xe1, 0x0,
    0x2, 0xff, 0xaf, 0xef, 0xff, 0xff, 0x50, 0x6,
    0xff, 0x50, 0x0, 0xbf, 0xf5, 0x9c, 0x10, 0x7f,
    0xf5, 0x43, 0xff, 0xce, 0xfa, 0x0, 0xbf, 0xf1,
    0x0, 0x1, 0xc9, 0x8f, 0xfc, 0xc, 0xfe, 0x0,
    0x6, 0xf2, 0x9f, 0xf1, 0x1f, 0xfc, 0x0, 0x0,
    0x0, 0x0, 0xbf, 0xfc, 0xff, 0x90, 0x0, 0x4,
    0x4, 0xff, 0x66, 0xff, 0x70, 0x0, 0x0, 0x0,
    0x0, 0xcf, 0xff, 0xf3, 0x0, 0x0, 0x0, 0xe,
    0xfd, 0xcf, 0xf1, 0x0, 0x0, 0x0, 0x0, 0x1,
    0xdf, 0xfe, 0x0, 0x0, 0x0, 0x0, 0x7f, 0xff,
    0xfa, 0x0, 0x0, 0x0, 0x0, 0x0, 0xb, 0xff,
    0xf6, 0x0, 0x0, 0x0, 0x1, 0xff, 0xff, 0x30,
    0x0, 0x0, 0x0, 0x0, 0x6, 0xff, 0xff, 0xf4,
    0x0, 0x0, 0x0, 0xa, 0xff, 0xc0, 0x0, 0x0,
    0x0, 0x0, 0x3, 0xff, 0xf9, 0xff, 0xe1, 0x0,
    0x0, 0x4, 0xff, 0xff, 0x30, 0x0, 0x0, 0x0,
    0x0, 0xdf, 0xf6, 0xb, 0xff, 0xb0, 0x0, 0x3,
    0xff, 0xff, 0xfe, 0x20, 0x0, 0x0, 0x2, 0xdf,
    0xfa, 0x0, 0x1e, 0xff, 0x40, 0x2, 0xef, 0xfa,
    0xcf, 0xfd, 0x0, 0x0, 0x4, 0xef, 0xfd, 0x0,
    0x0, 0x6f, 0x70, 0x5, 0xef, 0xfa, 0x1, 0xef,
    0xfd, 0x20, 0x6, 0xff, 0xfc, 0x10, 0x0, 0x0,
    0x30, 0x1a, 0xff, 0xfb, 0x0, 0x3, 0xff, 0xff,
    0x60, 0x2e, 0xfa, 0x0, 0x0, 0x0, 0x0, 0x5f,
    0xff, 0xf8, 0x0, 0x0, 0x4, 0xef, 0xfe, 0x10,
    0x38, 0x0, 0x0, 0x0, 0x0, 0x0, 0xbf, 0xd3,
    0x0, 0x0, 0x0, 0x2, 0xcf, 0x30, 0x0, 0x0,
    0x0, 0x0, 0x0, 0x0, 0x0, 0x70, 0x0, 0x0,
    0x0, 0x0, 0x0, 0x40, 0x0,

    /* U+6563 "散" */
    0x0, 0x0, 0x0, 0x0, 0x0, 0x0, 0x0, 0x0,
    0x2, 0x31, 0x0, 0x0, 0x0, 0x0, 0x0, 0x0,
    0x9f, 0xf0, 0x0, 0xaf, 0xf0, 0x0, 0x0, 0x8f,
    0xf5, 0x0, 0x0, 0x0, 0x0, 0x0, 0x9, 0xff,
    0x0, 0xa, 0xff, 0x0, 0x0, 0xb, 0xff, 0x20,
    0x0, 0x0, 0x0, 0x0, 0x0, 0x9f, 0xf0, 0x0,
    0xaf, 0xf0, 0x0, 0x0, 0xdf, 0xf0, 0x0, 0x0,
    0x0, 0x0, 0x7f, 0xff, 0xff, 0xff, 0xff, 0xff,
    0xff, 0xd0, 0xf, 0xfc, 0x0, 0x0, 0x0, 0x0,
    0x7, 0xff, 0xff, 0xff, 0xff, 0xff, 0xff, 0xfd,
    0x3, 0xff, 0x90, 0x0, 0x0, 0x0, 0x0, 0x36,
    0x6c, 0xff, 0x66, 0x6c, 0xff, 0x66, 0x50, 0x6f,
    0xfe, 0xdd, 0xdd, 0xdd, 0xdd, 0x0, 0x0, 0x9f,
    0xf0, 0x0, 0xaf, 0xf0, 0x0, 0xb, 0xff, 0xff,
    0xff, 0xff, 0xff, 0xf0, 0x0, 0x9, 0xff, 0x0,
    0xa, 0xff, 0x0, 0x0, 0xff, 0xfc, 0xcc, 0xcf,
    0xff, 0xcc, 0x5, 0x55, 0xbf, 0xf5, 0x55, 0xcf,
    0xf5, 0x54, 0x4f, 0xfd, 0x0, 0x0, 0xff, 0xd0,
    0x0, 0xef, 0xff, 0xff, 0xff, 0xff, 0xff, 0xff,
    0xca, 0xff, 0xf1, 0x0, 0x2f, 0xfa, 0x0, 0xe,
    0xff, 0xff, 0xff, 0xff, 0xff, 0xff, 0xfe, 0xff,
    0xff, 0x40, 0x4, 0xff, 0x80, 0x0, 0x0, 0x0,
    0x0, 0x0, 0x0, 0x0, 0x0, 0x9f, 0xff, 0xf8,
    0x0, 0x7f, 0xf5, 0x0, 0x0, 0x2, 0x33, 0x33,
    0x33, 0x33, 0x33, 0x3f, 0xff, 0xcf, 0xc0, 0xa,
    0xff, 0x10, 0x0, 0x0, 0xef, 0xff, 0xff, 0xff,
    0xff, 0xf6, 0xef, 0x87, 0xff, 0x10, 0xef, 0xe0,
    0x0, 0x0, 0xe, 0xff, 0xff, 0xff, 0xff, 0xff,
    0x44, 0xe1, 0x2f, 0xf6, 0x4f, 0xfa, 0x0, 0x0,
    0x0, 0xef, 0xb0, 0x0, 0x0, 0x5f, 0xf4, 0x2,
    0x0, 0xef, 0xb9, 0xff, 0x50, 0x0, 0x0, 0xe,
    0xfb, 0x22, 0x22, 0x27, 0xff, 0x40, 0x0, 0x9,
    0xff, 0xef, 0xf0, 0x0, 0x0, 0x0, 0xef, 0xff,
    0xff, 0xff, 0xff, 0xf4, 0x0, 0x0, 0x3f, 0xff,
    0xfa, 0x0, 0x0, 0x0, 0xe, 0xff, 0xff, 0xff,
    0xff, 0xff, 0x40, 0x0, 0x0, 0xdf, 0xff, 0x30,
    0x0, 0x0, 0x0, 0xef, 0xb0, 0x0, 0x0, 0x5f,
    0xf4, 0x0, 0x0, 0x9, 0xff, 0xd0, 0x0, 0x0,
    0x0, 0xe, 0xfc, 0x33, 0x33, 0x38, 0xff, 0x40,
    0x0, 0x4, 0xff, 0xff, 0x40, 0x0, 0x0, 0x0,
    0xef, 0xff, 0xff, 0xff, 0xff, 0xf4, 0x0, 0x3,
    0xff, 0xff, 0xff, 0x20, 0x0, 0x0, 0xe, 0xff,
    0xdd, 0xdd, 0xde, 0xff, 0x40, 0x4, 0xff, 0xfd,
    0xdf, 0xfe, 0x20, 0x0, 0x0, 0xef, 0xb0, 0x0,
    0x0, 0x5f, 0xf4, 0x1a, 0xff, 0xfd, 0x12, 0xef,
    0xff, 0x70, 0x0, 0xe, 0xfb, 0x0, 0x25, 0x59,
    0xff, 0x9f, 0xff, 0xfc, 0x10, 0x3, 0xff, 0xff,
    0xc0, 0x0, 0xef, 0xb0, 0x2, 0xff, 0xff, 0xf3,
    0xff, 0xf8, 0x0, 0x0, 0x2, 0xdf, 0xf5, 0x0,
    0xe, 0xfb, 0x0, 0xc, 0xfe, 0xb5, 0x7, 0xb2,
    0x0, 0x0, 0x0, 0x0, 0x89, 0x0, 0x0, 0x0,
    0x0, 0x0, 0x0, 0x0, 0x0, 0x0, 0x0, 0x0,
    0x0, 0x0, 0x0, 0x0, 0x0,

    /* U+6570 "数" */
    0x0, 0x0, 0x0, 0x3, 0x55, 0x0, 0x0, 0x0,
    0x0, 0x0, 0x0, 0x0, 0x0, 0x0, 0x0, 0x0,
    0x4, 0x50, 0x9, 0xff, 0x0, 0x29, 0x30, 0x0,
    0x7f, 0xd2, 0x0, 0x0, 0x0, 0x0, 0x0, 0x6f,
    0xf2, 0x9, 0xff, 0x0, 0x9f, 0xf2, 0x0, 0xaf,
    0xf0, 0x0, 0x0, 0x0, 0x0, 0x0, 0xe, 0xfa,
    0x9, 0xff, 0x2, 0xff, 0x80, 0x0, 0xcf, 0xc0,
    0x0, 0x0, 0x0, 0x0, 0x0, 0x7, 0xff, 0x19,
    0xff, 0xc, 0xfc, 0x0, 0x0, 0xff, 0x90, 0x0,
    0x0, 0x0, 0x0, 0x0, 0x1, 0xd7, 0x9, 0xff,
    0x5, 0xc1, 0x0, 0x3, 0xff, 0x60, 0x0, 0x0,
    0x0, 0x0, 0x8, 0xdd, 0xdd, 0xdf, 0xff, 0xdd,
    0xdd, 0xdc, 0x7, 0xff, 0xb9, 0x99, 0x99, 0x99,
    0x50, 0x9, 0xff, 0xff, 0xff, 0xff, 0xff, 0xff,
    0xff, 0xb, 0xff, 0xff, 0xff, 0xff, 0xff, 0x90,
    0x4, 0x66, 0x67, 0xef, 0xff, 0xf9, 0x66, 0x66,
    0xf, 0xff, 0xff, 0xff, 0xff, 0xff, 0x90, 0x0,
    0x0, 0x9, 0xff, 0xff, 0xff, 0x80, 0x0, 0x5f,
    0xfe, 0x0, 0x1, 0xff, 0x80, 0x0, 0x0, 0x0,
    0xaf, 0xff, 0xff, 0x9f, 0xfe, 0x40, 0xbf, 0xff,
    0x20, 0x4, 0xff, 0x50, 0x0, 0x0, 0x3d, 0xff,
    0x9a, 0xff, 0x5, 0xff, 0xc2, 0xff, 0xff, 0x50,
    0x7, 0xff, 0x20, 0x0, 0x9, 0xff, 0xf8, 0x9,
    0xff, 0x0, 0x3d, 0x1a, 0xff, 0xff, 0x90, 0xa,
    0xff, 0x0, 0x0, 0x5, 0xfe, 0x40, 0x9, 0xff,
    0x0, 0x0, 0x4f, 0xfc, 0xaf, 0xd0, 0xe, 0xfb,
    0x0, 0x0, 0x0, 0x61, 0x0, 0x48, 0x60, 0x0,
    0x0, 0x7f, 0xf3, 0x5f, 0xf3, 0x3f, 0xf8, 0x0,
    0x0, 0x0, 0x0, 0x0, 0xdf, 0xd0, 0x0, 0x0,
    0x5, 0x90, 0x1f, 0xf8, 0x7f, 0xf3, 0x0, 0x0,
    0x0, 0xff, 0xff, 0xff, 0xff, 0xff, 0xff, 0xa0,
    0x0, 0xc, 0xfe, 0xcf, 0xd0, 0x0, 0x0, 0x0,
    0xff, 0xff, 0xff, 0xff, 0xff, 0xff, 0xa0, 0x0,
    0x6, 0xff, 0xff, 0x60, 0x0, 0x0, 0x0, 0x66,
    0xaf, 0xf9, 0x66, 0x69, 0xff, 0x30, 0x0, 0x0,
    0xff, 0xff, 0x10, 0x0, 0x0, 0x0, 0x0, 0xef,
    0xd0, 0x0, 0xd, 0xfd, 0x0, 0x0, 0x0, 0x9f,
    0xfa, 0x0, 0x0, 0x0, 0x0, 0x9, 0xff, 0xa1,
    0x0, 0x7f, 0xf4, 0x0, 0x0, 0x0, 0xcf, 0xfd,
    0x0, 0x0, 0x0, 0x0, 0xa, 0xff, 0xff, 0x86,
    0xff, 0x90, 0x0, 0x0, 0x8, 0xff, 0xff, 0x90,
    0x0, 0x0, 0x0, 0x0, 0x19, 0xff, 0xff, 0xfd,
    0x0, 0x0, 0x0, 0x6f, 0xfe, 0xff, 0xf5, 0x0,
    0x0, 0x0, 0x0, 0x0, 0x3e, 0xff, 0xfe, 0x50,
    0x0, 0x6, 0xff, 0xe2, 0x5f, 0xff, 0x30, 0x0,
    0x0, 0x0, 0x18, 0xff, 0xfe, 0xff, 0xf8, 0x0,
    0x9f, 0xff, 0x30, 0x8, 0xff, 0xf4, 0x0, 0x1,
    0x5a, 0xff, 0xff, 0x70, 0x4d, 0xd1, 0x5d, 0xff,
    0xf5, 0x0, 0x0, 0xbf, 0xff, 0x90, 0xa, 0xff,
    0xff, 0xa1, 0x0, 0x0, 0x13, 0xff, 0xfe, 0x40,
    0x0, 0x0, 0x9, 0xff, 0xb0, 0x1, 0xfc, 0x71,
    0x0, 0x0, 0x0, 0x0, 0x9f, 0xa1, 0x0, 0x0,
    0x0, 0x0, 0x6d, 0x0, 0x0, 0x10, 0x0, 0x0,
    0x0, 0x0, 0x0, 0x14, 0x0, 0x0, 0x0, 0x0,
    0x0, 0x0, 0x0,

    /* U+6587 "文" */
    0x0, 0x0, 0x0, 0x0, 0x0, 0x0, 0x2, 0x50,
    0x0, 0x0, 0x0, 0x0, 0x0, 0x0, 0x0, 0x0,
    0x0, 0x0, 0x0, 0x0, 0x1d, 0xff, 0x40, 0x0,
    0x0, 0x0, 0x0, 0x0, 0x0, 0x0, 0x0, 0x0,
    0x0, 0x0, 0x0, 0xbf, 0xfd, 0x0, 0x0, 0x0,
    0x0, 0x0, 0x0, 0x0, 0x0, 0x0, 0x0, 0x0,
    0x0, 0x3, 0xff, 0xf5, 0x0, 0x0, 0x0, 0x0,
    0x0, 0x0, 0x0, 0x0, 0x0, 0x0, 0x0, 0x0,
    0xc, 0xff, 0xc0, 0x0, 0x0, 0x0, 0x0, 0x0,
    0x0, 0x0, 0x0, 0x0, 0x0, 0x0, 0x0, 0x7e,
    0x94, 0x0, 0x0, 0x0, 0x0, 0x0, 0x0, 0x5f,
    0xff, 0xff, 0xff, 0xff, 0xff, 0xff, 0xff, 0xff,
    0xff, 0xff, 0xff, 0xff, 0xfe, 0x5, 0xff, 0xff,
    0xff, 0xff, 0xff, 0xff, 0xff, 0xff, 0xff, 0xff,
    0xff, 0xff, 0xff, 0xe0, 0x3b, 0xbb, 0xbe, 0xff,
    0xcb, 0xbb, 0xbb, 0xbb, 0xbb, 0xbb, 0xff, 0xfb,
    0xbb, 0xba, 0x0, 0x0, 0x0, 0x4f, 0xfb, 0x0,
    0x0, 0x0, 0x0, 0x0, 0x6f, 0xfe, 0x0, 0x0,
    0x0, 0x0, 0x0, 0x0, 0xcf, 0xf3, 0x0, 0x0,
    0x0, 0x0, 0xd, 0xff, 0x70, 0x0, 0x0, 0x0,
    0x0, 0x0, 0x5, 0xff, 0xb0, 0x0, 0x0, 0x0,
    0x5, 0xff, 0xf1, 0x0, 0x0, 0x0, 0x0, 0x0,
    0x0, 0xd, 0xff, 0x30, 0x0, 0x0, 0x0, 0xcf,
    0xf9, 0x0, 0x0, 0x0, 0x0, 0x0, 0x0, 0x0,
    0x5f, 0xfc, 0x0, 0x0, 0x0, 0x4f, 0xff, 0x10,
    0x0, 0x0, 0x0, 0x0, 0x0, 0x0, 0x0, 0xdf,
    0xf7, 0x0, 0x0, 0xd, 0xff, 0x80, 0x0, 0x0,
    0x0, 0x0, 0x0, 0x0, 0x0, 0x3, 0xff, 0xf4,
    0x0, 0xa, 0xff, 0xe0, 0x0, 0x0, 0x0, 0x0,
    0x0, 0x0, 0x0, 0x0, 0x7, 0xff, 0xf2, 0x7,
    0xff, 0xf4, 0x0, 0x0, 0x0, 0x0, 0x0, 0x0,
    0x0, 0x0, 0x0, 0xb, 0xff, 0xd4, 0xff, 0xf9,
    0x0, 0x0, 0x0, 0x0, 0x0, 0x0, 0x0, 0x0,
    0x0, 0x0, 0x1e, 0xff, 0xff, 0xfb, 0x0, 0x0,
    0x0, 0x0, 0x0, 0x0, 0x0, 0x0, 0x0, 0x0,
    0x0, 0x3f, 0xff, 0xfd, 0x10, 0x0, 0x0, 0x0,
    0x0, 0x0, 0x0, 0x0, 0x0, 0x0, 0x0, 0x6,
    0xff, 0xff, 0xe4, 0x0, 0x0, 0x0, 0x0, 0x0,
    0x0, 0x0, 0x0, 0x0, 0x0, 0x1b, 0xff, 0xff,
    0xff, 0xf9, 0x0, 0x0, 0x0, 0x0, 0x0, 0x0,
    0x0, 0x0, 0x0, 0x7f, 0xff, 0xfa, 0x5e, 0xff,
    0xfe, 0x50, 0x0, 0x0, 0x0, 0x0, 0x0, 0x0,
    0x6, 0xef, 0xff, 0xf6, 0x0, 0x1c, 0xff, 0xff,
    0xc5, 0x0, 0x0, 0x0, 0x0, 0x2, 0x9f, 0xff,
    0xff, 0xb2, 0x0, 0x0, 0x7, 0xff, 0xff, 0xfe,
    0x71, 0x0, 0x3, 0x8d, 0xff, 0xff, 0xfd, 0x50,
    0x0, 0x0, 0x0, 0x1, 0xaf, 0xff, 0xff, 0xfd,
    0x81, 0x6f, 0xff, 0xff, 0xc5, 0x0, 0x0, 0x0,
    0x0, 0x0, 0x0, 0x29, 0xff, 0xff, 0xfc, 0x0,
    0xbf, 0xf9, 0x40, 0x0, 0x0, 0x0, 0x0, 0x0,
    0x0, 0x0, 0x1, 0x6c, 0xfe, 0x10, 0x2, 0x50,
    0x0, 0x0, 0x0, 0x0, 0x0, 0x0, 0x0, 0x0,
    0x0, 0x0, 0x1, 0x30, 0x0,

    /* U+65AD "断" */
    0x0, 0x0, 0x0, 0x2, 0x55, 0x0, 0x0, 0x0,
    0x0, 0x0, 0x0, 0x0, 0x50, 0x0, 0x35, 0x50,
    0x0, 0x5, 0xff, 0x0, 0x0, 0x0, 0x0, 0x0,
    0x2, 0x8e, 0xfb, 0x0, 0x8f, 0xe0, 0x1, 0x5,
    0xff, 0x0, 0x20, 0x0, 0x0, 0x27, 0xcf, 0xff,
    0xff, 0x90, 0x8f, 0xe0, 0xde, 0x5, 0xff, 0x3,
    0xfd, 0x4, 0x9e, 0xff, 0xff, 0xff, 0xb4, 0x0,
    0x8f, 0xe0, 0xdf, 0x35, 0xff, 0x8, 0xfb, 0xc,
    0xff, 0xff, 0xea, 0x61, 0x0, 0x0, 0x8f, 0xe0,
    0x8f, 0x75, 0xff, 0xc, 0xf5, 0xc, 0xff, 0x73,
    0x0, 0x0, 0x0, 0x0, 0x8f, 0xe0, 0x5f, 0xa5,
    0xff, 0x2f, 0xe0, 0xc, 0xfd, 0x0, 0x0, 0x0,
    0x0, 0x0, 0x8f, 0xe0, 0x2f, 0xd5, 0xff, 0x7f,
    0x70, 0xc, 0xfd, 0x0, 0x0, 0x0, 0x0, 0x0,
    0x8f, 0xe0, 0x9, 0x35, 0xff, 0x3a, 0x10, 0xc,
    0xfd, 0x0, 0x0, 0x0, 0x0, 0x0, 0x8f, 0xe1,
    0x33, 0x38, 0xff, 0x33, 0x33, 0xc, 0xfd, 0x0,
    0x0, 0x0, 0x0, 0x0, 0x8f, 0xe6, 0xff, 0xff,
    0xff, 0xff, 0xff, 0x2c, 0xfd, 0x11, 0x11, 0x11,
    0x11, 0x10, 0x8f, 0xe6, 0xff, 0xff, 0xff, 0xff,
    0xff, 0x2c, 0xff, 0xff, 0xff, 0xff, 0xff, 0xf1,
    0x8f, 0xe1, 0x22, 0x3d, 0xff, 0x52, 0x22, 0xc,
    0xff, 0xff, 0xff, 0xff, 0xff, 0xf1, 0x8f, 0xe0,
    0x0, 0x5f, 0xff, 0xe2, 0x0, 0xd, 0xfe, 0x88,
    0x8c, 0xff, 0x98, 0x80, 0x8f, 0xe0, 0x0, 0xdf,
    0xff, 0xfd, 0x10, 0xd, 0xfd, 0x0, 0x9, 0xff,
    0x10, 0x0, 0x8f, 0xe0, 0x7, 0xff, 0xff, 0xcf,
    0xd0, 0xd, 0xfc, 0x0, 0x9, 0xff, 0x10, 0x0,
    0x8f, 0xe0, 0x3f, 0xfa, 0xff, 0x1e, 0xfb, 0xe,
    0xfc, 0x0, 0x9, 0xff, 0x10, 0x0, 0x8f, 0xe1,
    0xdf, 0xa5, 0xff, 0x5, 0xf8, 0xf, 0xfb, 0x0,
    0x9, 0xff, 0x10, 0x0, 0x8f, 0xec, 0xff, 0x15,
    0xff, 0x0, 0x60, 0x1f, 0xfa, 0x0, 0x9, 0xff,
    0x10, 0x0, 0x8f, 0xe8, 0xf4, 0x5, 0xff, 0x0,
    0x0, 0x2f, 0xf8, 0x0, 0x9, 0xff, 0x10, 0x0,
    0x8f, 0xe1, 0x60, 0x5, 0xff, 0x0, 0x0, 0x4f,
    0xf6, 0x0, 0x9, 0xff, 0x10, 0x0, 0x8f, 0xe0,
    0x0, 0x5, 0xff, 0x0, 0x0, 0x8f, 0xf4, 0x0,
    0x9, 0xff, 0x10, 0x0, 0x8f, 0xe0, 0x0, 0x1,
    0x44, 0x0, 0x0, 0xbf, 0xf0, 0x0, 0x9, 0xff,
    0x10, 0x0, 0x8f, 0xff, 0xff, 0xff, 0xff, 0xff,
    0xf5, 0xef, 0xc0, 0x0, 0x9, 0xff, 0x10, 0x0,
    0x8f, 0xff, 0xff, 0xff, 0xff, 0xff, 0xfa, 0xff,
    0x80, 0x0, 0x9, 0xff, 0x10, 0x0, 0x48, 0x88,
    0x88, 0x88, 0x88, 0x88, 0x8d, 0xff, 0x30, 0x0,
    0x9, 0xff, 0x10, 0x0, 0x0, 0x0, 0x0, 0x0,
    0x0, 0x0, 0xf, 0xfc, 0x0, 0x0, 0x9, 0xff,
    0x10, 0x0, 0x0, 0x0, 0x0, 0x0, 0x0, 0x0,
    0x2, 0xb6, 0x0, 0x0, 0x9, 0xff, 0x10, 0x0,
    0x0, 0x0, 0x0, 0x0, 0x0, 0x0, 0x0, 0x0,
    0x0, 0x0, 0x0, 0x0, 0x0, 0x0,

    /* U+65B0 "新" */
    0x0, 0x0, 0x0, 0x3, 0x40, 0x0, 0x0, 0x0,
    0x0, 0x0, 0x0, 0x0, 0x0, 0x0, 0x0, 0x0,
    0x0, 0xc, 0xfe, 0x0, 0x0, 0x0, 0x0, 0x0,
    0x0, 0x0, 0x17, 0xb2, 0x0, 0x0, 0x0, 0x0,
    0x6f, 0xf6, 0x0, 0x0, 0x0, 0x0, 0x2, 0x58,
    0xdf, 0xff, 0xe2, 0x0, 0x14, 0x44, 0x45, 0xff,
    0xd4, 0x44, 0x43, 0x6, 0xbe, 0xff, 0xff, 0xff,
    0xe9, 0x30, 0x6, 0xff, 0xff, 0xff, 0xff, 0xff,
    0xff, 0xe0, 0xcf, 0xff, 0xfe, 0xa7, 0x20, 0x0,
    0x0, 0x6f, 0xff, 0xff, 0xff, 0xff, 0xff, 0xfe,
    0xc, 0xfe, 0x41, 0x0, 0x0, 0x0, 0x0, 0x0,
    0x14, 0xaa, 0x11, 0x11, 0x5d, 0x93, 0x10, 0xcf,
    0xd0, 0x0, 0x0, 0x0, 0x0, 0x0, 0x0, 0x6f,
    0xf1, 0x0, 0x9, 0xff, 0x10, 0xc, 0xfd, 0x0,
    0x0, 0x0, 0x0, 0x0, 0x0, 0x1, 0xff, 0x60,
    0x0, 0xef, 0xb0, 0x0, 0xcf, 0xd0, 0x0, 0x0,
    0x0, 0x0, 0x0, 0x0, 0xd, 0xfa, 0x0, 0x4f,
    0xf5, 0x0, 0xc, 0xfd, 0x0, 0x0, 0x0, 0x0,
    0x0, 0x3, 0x44, 0xce, 0x94, 0x4a, 0xff, 0x44,
    0x41, 0xcf, 0xd1, 0x11, 0x11, 0x11, 0x11, 0x0,
    0xef, 0xff, 0xff, 0xff, 0xff, 0xff, 0xff, 0x5c,
    0xff, 0xff, 0xff, 0xff, 0xff, 0xf8, 0xe, 0xff,
    0xff, 0xff, 0xff, 0xff, 0xff, 0xf5, 0xcf, 0xff,
    0xff, 0xff, 0xff, 0xff, 0x80, 0x11, 0x11, 0x11,
    0xef, 0xa1, 0x11, 0x11, 0xc, 0xfe, 0x88, 0x89,
    0xff, 0xd8, 0x84, 0x0, 0x0, 0x0, 0xe, 0xf9,
    0x0, 0x0, 0x0, 0xcf, 0xd0, 0x0, 0x1f, 0xfa,
    0x0, 0x0, 0x45, 0x55, 0x55, 0xff, 0xc5, 0x55,
    0x55, 0xd, 0xfc, 0x0, 0x1, 0xff, 0xa0, 0x0,
    0xc, 0xff, 0xff, 0xff, 0xff, 0xff, 0xff, 0xf0,
    0xdf, 0xc0, 0x0, 0x1f, 0xfa, 0x0, 0x0, 0xcf,
    0xff, 0xff, 0xff, 0xff, 0xff, 0xff, 0xe, 0xfb,
    0x0, 0x1, 0xff, 0xa0, 0x0, 0x0, 0x11, 0x11,
    0x1e, 0xfa, 0x11, 0x11, 0x10, 0xff, 0xa0, 0x0,
    0x1f, 0xfa, 0x0, 0x0, 0x0, 0x8a, 0x50, 0xef,
    0x91, 0xac, 0x0, 0x1f, 0xf8, 0x0, 0x1, 0xff,
    0xa0, 0x0, 0x0, 0x1f, 0xf7, 0xe, 0xf9, 0x2f,
    0xf6, 0x3, 0xff, 0x60, 0x0, 0x1f, 0xfa, 0x0,
    0x0, 0x7, 0xff, 0x0, 0xef, 0x90, 0x9f, 0xe0,
    0x6f, 0xf4, 0x0, 0x1, 0xff, 0xa0, 0x0, 0x2,
    0xff, 0x80, 0xe, 0xf9, 0x1, 0xff, 0x7a, 0xff,
    0x0, 0x0, 0x1f, 0xfa, 0x0, 0x0, 0xdf, 0xe0,
    0x0, 0xef, 0x90, 0x9, 0xfa, 0xef, 0xb0, 0x0,
    0x1, 0xff, 0xa0, 0x0, 0x5, 0xf4, 0x0, 0xe,
    0xf9, 0x0, 0x25, 0x5f, 0xf7, 0x0, 0x0, 0x1f,
    0xfa, 0x0, 0x0, 0x1, 0x2, 0x55, 0xff, 0x90,
    0x0, 0xc, 0xff, 0x10, 0x0, 0x1, 0xff, 0xa0,
    0x0, 0x0, 0x0, 0x3f, 0xff, 0xf6, 0x0, 0x2,
    0xff, 0x80, 0x0, 0x0, 0x1f, 0xfa, 0x0, 0x0,
    0x0, 0x0, 0xef, 0xd8, 0x0, 0x0, 0x1, 0xb1,
    0x0, 0x0, 0x1, 0xff, 0xa0, 0x0, 0x0, 0x0,
    0x0, 0x0, 0x0, 0x0, 0x0, 0x0, 0x0, 0x0,
    0x0, 0x0, 0x0, 0x0, 0x0,

    /* U+65B9 "方" */
    0x0, 0x0, 0x0, 0x0, 0x0, 0x0, 0x0, 0x30,
    0x0, 0x0, 0x0, 0x0, 0x0, 0x0, 0x0, 0x0,
    0x0, 0x0, 0x0, 0x0, 0x8e, 0xf2, 0x0, 0x0,
    0x0, 0x0, 0x0, 0x0, 0x0, 0x0, 0x0, 0x0,
    0x0, 0x0, 0xaf, 0xfa, 0x0, 0x0, 0x0, 0x0,
    0x0, 0x0, 0x0, 0x0, 0x0, 0x0, 0x0, 0x0,
    0x3f, 0xff, 0x20, 0x0, 0x0, 0x0, 0x0, 0x0,
    0x0, 0x0, 0x0, 0x0, 0x0, 0x0, 0xc, 0xff,
    0x90, 0x0, 0x0, 0x0, 0x0, 0x0, 0x0, 0x0,
    0x0, 0x0, 0x0, 0x0, 0x6, 0xfa, 0x30, 0x0,
    0x0, 0x0, 0x0, 0x0, 0x2f, 0xff, 0xff, 0xff,
    0xff, 0xff, 0xff, 0xff, 0xff, 0xff, 0xff, 0xff,
    0xff, 0xf4, 0x2f, 0xff, 0xff, 0xff, 0xff, 0xff,
    0xff, 0xff, 0xff, 0xff, 0xff, 0xff, 0xff, 0xf4,
    0x1b, 0xbb, 0xbb, 0xbb, 0xcf, 0xff, 0xbb, 0xbb,
    0xbb, 0xbb, 0xbb, 0xbb, 0xbb, 0xb2, 0x0, 0x0,
    0x0, 0x0, 0x5f, 0xfd, 0x0, 0x0, 0x0, 0x0,
    0x0, 0x0, 0x0, 0x0, 0x0, 0x0, 0x0, 0x0,
    0x6f, 0xfc, 0x0, 0x0, 0x0, 0x0, 0x0, 0x0,
    0x0, 0x0, 0x0, 0x0, 0x0, 0x0, 0x7f, 0xfa,
    0x0, 0x0, 0x0, 0x0, 0x0, 0x0, 0x0, 0x0,
    0x0, 0x0, 0x0, 0x0, 0x8f, 0xf9, 0x0, 0x0,
    0x0, 0x0, 0x0, 0x0, 0x0, 0x0, 0x0, 0x0,
    0x0, 0x0, 0xaf, 0xff, 0xff, 0xff, 0xff, 0xff,
    0xff, 0xff, 0x60, 0x0, 0x0, 0x0, 0x0, 0x0,
    0xcf, 0xff, 0xff, 0xff, 0xff, 0xff, 0xff, 0xff,
    0x50, 0x0, 0x0, 0x0, 0x0, 0x0, 0xff, 0xfb,
    0xbb, 0xbb, 0xbb, 0xbb, 0xbe, 0xff, 0x40, 0x0,
    0x0, 0x0, 0x0, 0x3, 0xff, 0xe0, 0x0, 0x0,
    0x0, 0x0, 0xb, 0xff, 0x20, 0x0, 0x0, 0x0,
    0x0, 0x8, 0xff, 0xa0, 0x0, 0x0, 0x0, 0x0,
    0xd, 0xff, 0x10, 0x0, 0x0, 0x0, 0x0, 0xd,
    0xff, 0x50, 0x0, 0x0, 0x0, 0x0, 0xe, 0xff,
    0x0, 0x0, 0x0, 0x0, 0x0, 0x4f, 0xff, 0x10,
    0x0, 0x0, 0x0, 0x0, 0xf, 0xfe, 0x0, 0x0,
    0x0, 0x0, 0x0, 0xcf, 0xf9, 0x0, 0x0, 0x0,
    0x0, 0x0, 0x2f, 0xfc, 0x0, 0x0, 0x0, 0x0,
    0x7, 0xff, 0xf1, 0x0, 0x0, 0x0, 0x0, 0x0,
    0x4f, 0xfa, 0x0, 0x0, 0x0, 0x0, 0x3f, 0xff,
    0x90, 0x0, 0x0, 0x0, 0x0, 0x0, 0x8f, 0xf8,
    0x0, 0x0, 0x0, 0x3, 0xef, 0xfd, 0x0, 0x0,
    0x0, 0x0, 0x0, 0x0, 0xcf, 0xf5, 0x0, 0x0,
    0x0, 0x4f, 0xff, 0xe2, 0x0, 0x0, 0x0, 0x0,
    0x0, 0x3, 0xff, 0xf1, 0x0, 0x0, 0x1a, 0xff,
    0xff, 0x30, 0x0, 0x0, 0xb, 0xcb, 0xba, 0xbf,
    0xff, 0xb0, 0x0, 0x0, 0x5f, 0xff, 0xe3, 0x0,
    0x0, 0x0, 0x6, 0xff, 0xff, 0xff, 0xff, 0x20,
    0x0, 0x0, 0x6, 0xfb, 0x10, 0x0, 0x0, 0x0,
    0x2, 0xef, 0xff, 0xfe, 0xa2, 0x0, 0x0, 0x0,
    0x0, 0x30, 0x0, 0x0, 0x0, 0x0, 0x0, 0x0,
    0x0, 0x0, 0x0, 0x0, 0x0, 0x0,

    /* U+65E0 "无" */
    0x0, 0x12, 0x22, 0x22, 0x22, 0x22, 0x22, 0x22,
    0x22, 0x22, 0x22, 0x22, 0x22, 0x0, 0x0, 0x7,
    0xff, 0xff, 0xff, 0xff, 0xff, 0xff, 0xff, 0xff,
    0xff, 0xff, 0xff, 0xf2, 0x0, 0x0, 0x7f, 0xff,
    0xff, 0xff, 0xff, 0xff, 0xff, 0xff, 0xff, 0xff,
    0xff, 0xff, 0x20, 0x0, 0x4, 0xaa, 0xaa, 0xaa,
    0xaa, 0xae, 0xff, 0xba, 0xaa, 0xaa, 0xaa, 0xaa,
    0xa1, 0x0, 0x0, 0x0, 0x0, 0x0, 0x0, 0x0,
    0xdf, 0xf1, 0x0, 0x0, 0x0, 0x0, 0x0, 0x0,
    0x0, 0x0, 0x0, 0x0, 0x0, 0x0, 0xe, 0xff,
    0x0, 0x0, 0x0, 0x0, 0x0, 0x0, 0x0, 0x0,
    0x0, 0x0, 0x0, 0x0, 0x0, 0xff, 0xe0, 0x0,
    0x0, 0x0, 0x0, 0x0, 0x0, 0x0, 0x0, 0x0,
    0x0, 0x0, 0x0, 0xf, 0xfd, 0x0, 0x0, 0x0,
    0x0, 0x0, 0x0, 0x0, 0x0, 0x0, 0x0, 0x0,
    0x0, 0x1, 0xff, 0xc0, 0x0, 0x0, 0x0, 0x0,
    0x0, 0x0, 0x3, 0xbb, 0xbb, 0xbb, 0xbb, 0xbb,
    0xcf, 0xfe, 0xbb, 0xbb, 0xbb, 0xbb, 0xbb, 0xbb,
    0xa0, 0x4f, 0xff, 0xff, 0xff, 0xff, 0xff, 0xff,
    0xff, 0xff, 0xff, 0xff, 0xff, 0xff, 0xfd, 0x4,
    0xff, 0xff, 0xff, 0xff, 0xff, 0xff, 0xff, 0xff,
    0xff, 0xff, 0xff, 0xff, 0xff, 0xd0, 0x0, 0x0,
    0x0, 0x0, 0x0, 0xe, 0xff, 0xaf, 0xf7, 0x0,
    0x0, 0x0, 0x0, 0x0, 0x0, 0x0, 0x0, 0x0,
    0x0, 0x3, 0xff, 0xc8, 0xff, 0x60, 0x0, 0x0,
    0x0, 0x0, 0x0, 0x0, 0x0, 0x0, 0x0, 0x0,
    0x9f, 0xf7, 0x8f, 0xf6, 0x0, 0x0, 0x0, 0x0,
    0x0, 0x0, 0x0, 0x0, 0x0, 0x0, 0xe, 0xff,
    0x28, 0xff, 0x60, 0x0, 0x0, 0x0, 0x0, 0x0,
    0x0, 0x0, 0x0, 0x0, 0x8, 0xff, 0xc0, 0x8f,
    0xf6, 0x0, 0x0, 0x0, 0x0, 0x0, 0x0, 0x0,
    0x0, 0x0, 0x2, 0xff, 0xf4, 0x8, 0xff, 0x60,
    0x0, 0x0, 0x0, 0x0, 0x0, 0x0, 0x0, 0x0,
    0x0, 0xcf, 0xfc, 0x0, 0x8f, 0xf6, 0x0, 0x0,
    0x0, 0x5, 0x10, 0x0, 0x0, 0x0, 0x0, 0x9f,
    0xff, 0x20, 0x8, 0xff, 0x60, 0x0, 0x0, 0x0,
    0xaf, 0xb0, 0x0, 0x0, 0x0, 0x9f, 0xff, 0x60,
    0x0, 0x8f, 0xf6, 0x0, 0x0, 0x0, 0xb, 0xff,
    0x0, 0x0, 0x1, 0xcf, 0xff, 0x90, 0x0, 0x8,
    0xff, 0x70, 0x0, 0x0, 0x0, 0xdf, 0xf0, 0x0,
    0x6, 0xef, 0xff, 0x90, 0x0, 0x0, 0x7f, 0xfa,
    0x0, 0x0, 0x0, 0x4f, 0xfc, 0x0, 0x6d, 0xff,
    0xff, 0x70, 0x0, 0x0, 0x5, 0xff, 0xff, 0xff,
    0xff, 0xff, 0xff, 0x70, 0x5f, 0xff, 0xfc, 0x30,
    0x0, 0x0, 0x0, 0xe, 0xff, 0xff, 0xff, 0xff,
    0xff, 0xe1, 0x0, 0x8f, 0xd6, 0x0, 0x0, 0x0,
    0x0, 0x0, 0x18, 0xac, 0xcc, 0xcc, 0xcb, 0x81,
    0x0, 0x0, 0x50, 0x0, 0x0, 0x0, 0x0, 0x0,
    0x0, 0x0, 0x0, 0x0, 0x0, 0x0, 0x0, 0x0,

    /* U+65E5 "日" */
    0x22, 0x22, 0x22, 0x22, 0x22, 0x22, 0x22, 0x22,
    0x22, 0x22, 0xf, 0xff, 0xff, 0xff, 0xff, 0xff,
    0xff, 0xff, 0xff, 0xff, 0xf2, 0xff, 0xff, 0xff,
    0xff, 0xff, 0xff, 0xff, 0xff, 0xff, 0xff, 0x2f,
    0xff, 0xbb, 0xbb, 0xbb, 0xbb, 0xbb, 0xbb, 0xbb,
    0xff, 0xf2, 0xff, 0xe0, 0x0, 0x0, 0x0, 0x0,
    0x0, 0x0, 0xe, 0xff, 0x2f, 0xfe, 0x0, 0x0,
    0x0, 0x0, 0x0, 0x0, 0x0, 0xef, 0xf2, 0xff,
    0xe0, 0x0, 0x0, 0x0, 0x0, 0x0, 0x0, 0xe,
    0xff, 0x2f, 0xfe, 0x0, 0x0, 0x0, 0x0, 0x0,
    0x0, 0x0, 0xef, 0xf2, 0xff, 0xe0, 0x0, 0x0,
    0x0, 0x0, 0x0, 0x0, 0xe, 0xff, 0x2f, 0xfe,
    0x0, 0x0, 0x0, 0x0, 0x0, 0x0, 0x0, 0xef,
    0xf2, 0xff, 0xe0, 0x0, 0x0, 0x0, 0x0, 0x0,
    0x0, 0xe, 0xff, 0x2f, 0xff, 0xff, 0xff, 0xff,
    0xff, 0xff, 0xff, 0xff, 0xff, 0xf2, 0xff, 0xff,
    0xff, 0xff, 0xff, 0xff, 0xff, 0xff, 0xff, 0xff,
    0x2f, 0xff, 0xcc, 0xcc, 0xcc, 0xcc, 0xcc, 0xcc,
    0xcc, 0xff, 0xf2, 0xff, 0xe0, 0x0, 0x0, 0x0,
    0x0, 0x0, 0x0, 0xe, 0xff, 0x2f, 0xfe, 0x0,
    0x0, 0x0, 0x0, 0x0, 0x0, 0x0, 0xef, 0xf2,
    0xff, 0xe0, 0x0, 0x0, 0x0, 0x0, 0x0, 0x0,
    0xe, 0xff, 0x2f, 0xfe, 0x0, 0x0, 0x0, 0x0,
    0x0, 0x0, 0x0, 0xef, 0xf2, 0xff, 0xe0, 0x0,
    0x0, 0x0, 0x0, 0x0, 0x0, 0xe, 0xff, 0x2f,
    0xfe, 0x0, 0x0, 0x0, 0x0, 0x0, 0x0, 0x0,
    0xef, 0xf2, 0xff, 0xe0, 0x0, 0x0, 0x0, 0x0,
    0x0, 0x0, 0xe, 0xff, 0x2f, 0xff, 0xcc, 0xcc,
    0xcc, 0xcc, 0xcc, 0xcc, 0xcc, 0xff, 0xf2, 0xff,
    0xff, 0xff, 0xff, 0xff, 0xff, 0xff, 0xff, 0xff,
    0xff, 0x2f, 0xff, 0xff, 0xff, 0xff, 0xff, 0xff,
    0xff, 0xff, 0xff, 0xf2, 0xff, 0xe0, 0x0, 0x0,
    0x0, 0x0, 0x0, 0x0, 0xe, 0xff, 0x2f, 0xfe,
    0x0, 0x0, 0x0, 0x0, 0x0, 0x0, 0x0, 0xde,
    0xe2,

    /* U+65F6 "时" */
    0x0, 0x0, 0x0, 0x0, 0x0, 0x0, 0x0, 0x0,
    0x0, 0x0, 0x15, 0x53, 0x0, 0x0, 0x0, 0x0,
    0x0, 0x0, 0x0, 0x0, 0x0, 0x0, 0x0, 0x4,
    0xff, 0x90, 0x0, 0x11, 0x11, 0x11, 0x11, 0x11,
    0x0, 0x0, 0x0, 0x0, 0x0, 0x4f, 0xf9, 0x0,
    0xb, 0xff, 0xff, 0xff, 0xff, 0xf0, 0x0, 0x0,
    0x0, 0x0, 0x4, 0xff, 0x90, 0x0, 0xbf, 0xff,
    0xff, 0xff, 0xff, 0x0, 0x0, 0x0, 0x0, 0x0,
    0x4f, 0xf9, 0x0, 0xb, 0xff, 0x66, 0x66, 0xcf,
    0xf0, 0x0, 0x0, 0x0, 0x0, 0x4, 0xff, 0x90,
    0x0, 0xbf, 0xe0, 0x0, 0x9, 0xff, 0x8, 0xbb,
    0xbb, 0xbb, 0xbb, 0xdf, 0xfe, 0xbb, 0xbb, 0xfe,
    0x0, 0x0, 0x9f, 0xf0, 0xbf, 0xff, 0xff, 0xff,
    0xff, 0xff, 0xff, 0xff, 0xbf, 0xe0, 0x0, 0x9,
    0xff, 0xb, 0xff, 0xff, 0xff, 0xff, 0xff, 0xff,
    0xff, 0xfb, 0xfe, 0x0, 0x0, 0x9f, 0xf0, 0x1,
    0x11, 0x11, 0x11, 0x15, 0xff, 0xa1, 0x11, 0xbf,
    0xe0, 0x0, 0x9, 0xff, 0x0, 0x0, 0x0, 0x0,
    0x0, 0x4f, 0xf9, 0x0, 0xb, 0xff, 0x77, 0x77,
    0xcf, 0xf0, 0x0, 0x24, 0x0, 0x0, 0x4, 0xff,
    0x90, 0x0, 0xbf, 0xff, 0xff, 0xff, 0xff, 0x0,
    0x9f, 0xf2, 0x0, 0x0, 0x4f, 0xf9, 0x0, 0xb,
    0xff, 0xff, 0xff, 0xff, 0xf0, 0x6, 0xff, 0xc0,
    0x0, 0x4, 0xff, 0x90, 0x0, 0xbf, 0xe0, 0x0,
    0xa, 0xff, 0x0, 0xc, 0xff, 0x70, 0x0, 0x4f,
    0xf9, 0x0, 0xb, 0xfe, 0x0, 0x0, 0x9f, 0xf0,
    0x0, 0x2f, 0xff, 0x30, 0x4, 0xff, 0x90, 0x0,
    0xbf, 0xe0, 0x0, 0x9, 0xff, 0x0, 0x0, 0x8f,
    0xfc, 0x0, 0x4f, 0xf9, 0x0, 0xb, 0xfe, 0x0,
    0x0, 0x9f, 0xf0, 0x0, 0x0, 0xdf, 0xf7, 0x4,
    0xff, 0x90, 0x0, 0xbf, 0xe0, 0x0, 0x9, 0xff,
    0x0, 0x0, 0x4, 0xff, 0xa0, 0x4f, 0xf9, 0x0,
    0xb, 0xfe, 0x0, 0x0, 0x9f, 0xf0, 0x0, 0x0,
    0x9, 0x40, 0x4, 0xff, 0x90, 0x0, 0xbf, 0xf9,
    0x99, 0x9d, 0xff, 0x0, 0x0, 0x0, 0x0, 0x0,
    0x4f, 0xf9, 0x0, 0xb, 0xff, 0xff, 0xff, 0xff,
    0xf0, 0x0, 0x0, 0x0, 0x0, 0x4, 0xff, 0x90,
    0x0, 0xbf, 0xff, 0xff, 0xff, 0xff, 0x0, 0x0,
    0x0, 0x0, 0x0, 0x4f, 0xf9, 0x0, 0xb, 0xfe,
    0x0, 0x0, 0x0, 0x0, 0x0, 0x0, 0x0, 0x0,
    0x4, 0xff, 0x90, 0x0, 0xbf, 0xe0, 0x0, 0x0,
    0x0, 0x0, 0x0, 0x0, 0x0, 0x0, 0x5f, 0xf9,
    0x0, 0x4, 0x55, 0x0, 0x0, 0x0, 0x0, 0x0,
    0x1, 0xdc, 0xcc, 0xcf, 0xff, 0x70, 0x0, 0x0,
    0x0, 0x0, 0x0, 0x0, 0x0, 0x0, 0xb, 0xff,
    0xff, 0xff, 0xf2, 0x0, 0x0, 0x0, 0x0, 0x0,
    0x0, 0x0, 0x0, 0x0, 0x6f, 0xff, 0xfd, 0xa3,
    0x0, 0x0, 0x0, 0x0, 0x0, 0x0, 0x0, 0x0,
    0x0, 0x0, 0x0, 0x0, 0x0, 0x0, 0x0, 0x0,

    /* U+662F "是" */
    0x0, 0x0, 0x11, 0x11, 0x11, 0x11, 0x11, 0x11,
    0x11, 0x11, 0x11, 0x11, 0x0, 0x0, 0x0, 0x0,
    0x1f, 0xff, 0xff, 0xff, 0xff, 0xff, 0xff, 0xff,
    0xff, 0xff, 0xf3, 0x0, 0x0, 0x0, 0x1, 0xff,
    0xff, 0xff, 0xff, 0xff, 0xff, 0xff, 0xff, 0xff,
    0xff, 0x30, 0x0, 0x0, 0x0, 0x1f, 0xfa, 0x0,
    0x0, 0x0, 0x0, 0x0, 0x0, 0x0, 0xaf, 0xf3,
    0x0, 0x0, 0x0, 0x1, 0xff, 0xa0, 0x0, 0x0,
    0x0, 0x0, 0x0, 0x0, 0xa, 0xff, 0x30, 0x0,
    0x0, 0x0, 0x1f, 0xff, 0xff, 0xff, 0xff, 0xff,
    0xff, 0xff, 0xff, 0xff, 0xf3, 0x0, 0x0, 0x0,
    0x1, 0xff, 0xfe, 0xee, 0xee, 0xee, 0xee, 0xee,
    0xee, 0xef, 0xff, 0x30, 0x0, 0x0, 0x0, 0x1f,
    0xfa, 0x0, 0x0, 0x0, 0x0, 0x0, 0x0, 0x0,
    0xaf, 0xf3, 0x0, 0x0, 0x0, 0x1, 0xff, 0xa1,
    0x11, 0x11, 0x11, 0x11, 0x11, 0x11, 0x1a, 0xff,
    0x30, 0x0, 0x0, 0x0, 0x1f, 0xff, 0xff, 0xff,
    0xff, 0xff, 0xff, 0xff, 0xff, 0xff, 0xf3, 0x0,
    0x0, 0x0, 0x1, 0xff, 0xff, 0xff, 0xff, 0xff,
    0xff, 0xff, 0xff, 0xff, 0xff, 0x30, 0x0, 0x0,
    0x0, 0x0, 0x0, 0x0, 0x0, 0x0, 0x0, 0x0,
    0x0, 0x0, 0x0, 0x0, 0x0, 0x0, 0x7, 0x77,
    0x77, 0x77, 0x77, 0x77, 0x77, 0x77, 0x77, 0x77,
    0x77, 0x77, 0x77, 0x73, 0x1, 0xff, 0xff, 0xff,
    0xff, 0xff, 0xff, 0xff, 0xff, 0xff, 0xff, 0xff,
    0xff, 0xff, 0x70, 0x1f, 0xff, 0xff, 0xff, 0xff,
    0xff, 0xff, 0xff, 0xff, 0xff, 0xff, 0xff, 0xff,
    0xf7, 0x0, 0x0, 0x0, 0x10, 0x0, 0x0, 0x1,
    0xff, 0xc0, 0x0, 0x0, 0x0, 0x0, 0x0, 0x0,
    0x0, 0x0, 0x5, 0xfd, 0x50, 0x0, 0xf, 0xfc,
    0x0, 0x0, 0x0, 0x0, 0x0, 0x0, 0x0, 0x0,
    0x0, 0x9f, 0xf4, 0x0, 0x0, 0xff, 0xc0, 0x0,
    0x0, 0x0, 0x0, 0x0, 0x0, 0x0, 0x0, 0xd,
    0xff, 0x10, 0x0, 0xf, 0xff, 0xff, 0xff, 0xff,
    0xff, 0xf5, 0x0, 0x0, 0x0, 0x3, 0xff, 0xf1,
    0x0, 0x0, 0xff, 0xff, 0xff, 0xff, 0xff, 0xff,
    0x50, 0x0, 0x0, 0x0, 0xaf, 0xff, 0x80, 0x0,
    0xf, 0xfe, 0x88, 0x88, 0x88, 0x88, 0x83, 0x0,
    0x0, 0x0, 0x2f, 0xff, 0xff, 0x50, 0x0, 0xff,
    0xc0, 0x0, 0x0, 0x0, 0x0, 0x0, 0x0, 0x0,
    0xc, 0xff, 0xaf, 0xff, 0x70, 0xf, 0xfc, 0x0,
    0x0, 0x0, 0x0, 0x0, 0x0, 0x0, 0x9, 0xff,
    0xd0, 0x6f, 0xff, 0xd7, 0xff, 0xc0, 0x0, 0x0,
    0x0, 0x0, 0x0, 0x0, 0x9, 0xff, 0xf3, 0x0,
    0x6f, 0xff, 0xff, 0xff, 0xcb, 0xaa, 0xaa, 0xaa,
    0xaa, 0xaa, 0x9, 0xff, 0xf6, 0x0, 0x0, 0x19,
    0xff, 0xff, 0xff, 0xff, 0xff, 0xff, 0xff, 0xff,
    0xa0, 0x1c, 0xf6, 0x0, 0x0, 0x0, 0x1, 0x58,
    0xbd, 0xef, 0xff, 0xff, 0xff, 0xff, 0xf5, 0x0,
    0x14, 0x0, 0x0, 0x0, 0x0, 0x0, 0x0, 0x0,
    0x0, 0x0, 0x0, 0x0, 0x0, 0x0,

    /* U+663E "显" */
    0x0, 0x0, 0xff, 0xff, 0xff, 0xff, 0xff, 0xff,
    0xff, 0xff, 0xff, 0xff, 0x10, 0x0, 0x0, 0x0,
    0xff, 0xff, 0xff, 0xff, 0xff, 0xff, 0xff, 0xff,
    0xff, 0xff, 0x10, 0x0, 0x0, 0x0, 0xff, 0xd4,
    0x44, 0x44, 0x44, 0x44, 0x44, 0x44, 0x4d, 0xff,
    0x10, 0x0, 0x0, 0x0, 0xff, 0xc0, 0x0, 0x0,
    0x0, 0x0, 0x0, 0x0, 0xc, 0xff, 0x10, 0x0,
    0x0, 0x0, 0xff, 0xc1, 0x11, 0x11, 0x11, 0x11,
    0x11, 0x11, 0x1d, 0xff, 0x10, 0x0, 0x0, 0x0,
    0xff, 0xff, 0xff, 0xff, 0xff, 0xff, 0xff, 0xff,
    0xff, 0xff, 0x10, 0x0, 0x0, 0x0, 0xff, 0xff,
    0xff, 0xff, 0xff, 0xff, 0xff, 0xff, 0xff, 0xff,
    0x10, 0x0, 0x0, 0x0, 0xff, 0xc0, 0x0, 0x0,
    0x0, 0x0, 0x0, 0x0, 0xc, 0xff, 0x10, 0x0,
    0x0, 0x0, 0xff, 0xc0, 0x0, 0x0, 0x0, 0x0,
    0x0, 0x0, 0xc, 0xff, 0x10, 0x0, 0x0, 0x0,
    0xff, 0xd4, 0x44, 0x44, 0x44, 0x44, 0x44, 0x44,
    0x4d, 0xff, 0x10, 0x0, 0x0, 0x0, 0xff, 0xff,
    0xff, 0xff, 0xff, 0xff, 0xff, 0xff, 0xff, 0xff,
    0x10, 0x0, 0x0, 0x0, 0xff, 0xff, 0xff, 0xff,
    0xff, 0xff, 0xff, 0xff, 0xff, 0xff, 0x10, 0x0,
    0x0, 0x0, 0x0, 0x0, 0x0, 0x11, 0x0, 0x0,
    0x11, 0x0, 0x0, 0x0, 0x0, 0x0, 0x0, 0x0,
    0x0, 0x0, 0xc, 0xfe, 0x0, 0x1, 0xff, 0x90,
    0x0, 0x1, 0x0, 0x0, 0x0, 0x18, 0xd0, 0x0,
    0xc, 0xfe, 0x0, 0x1, 0xff, 0x90, 0x0, 0x1f,
    0xb4, 0x0, 0x0, 0x3f, 0xf8, 0x0, 0xc, 0xfe,
    0x0, 0x1, 0xff, 0x90, 0x0, 0x9f, 0xf6, 0x0,
    0x0, 0xa, 0xff, 0x20, 0xc, 0xfe, 0x0, 0x1,
    0xff, 0x90, 0x2, 0xff, 0xc0, 0x0, 0x0, 0x2,
    0xff, 0xa0, 0xc, 0xfe, 0x0, 0x1, 0xff, 0x90,
    0xc, 0xff, 0x20, 0x0, 0x0, 0x0, 0x9f, 0xf3,
    0xc, 0xfe, 0x0, 0x1, 0xff, 0x90, 0x8f, 0xf7,
    0x0, 0x0, 0x0, 0x0, 0x1f, 0xfa, 0xc, 0xfe,
    0x0, 0x1, 0xff, 0x92, 0xff, 0xb0, 0x0, 0x0,
    0x0, 0x0, 0x9, 0x71, 0xc, 0xfe, 0x0, 0x1,
    0xff, 0x90, 0x3a, 0x10, 0x0, 0x0, 0x0, 0x0,
    0x0, 0x0, 0xc, 0xfe, 0x0, 0x1, 0xff, 0x90,
    0x0, 0x0, 0x0, 0x0, 0x9a, 0xaa, 0xaa, 0xaa,
    0xae, 0xff, 0xaa, 0xaa, 0xff, 0xda, 0xaa, 0xaa,
    0xaa, 0xa9, 0xef, 0xff, 0xff, 0xff, 0xff, 0xff,
    0xff, 0xff, 0xff, 0xff, 0xff, 0xff, 0xff, 0xfe,
    0xef, 0xff, 0xff, 0xff, 0xff, 0xff, 0xff, 0xff,
    0xff, 0xff, 0xff, 0xff, 0xff, 0xfe, 0x0, 0x0,
    0x0, 0x0, 0x0, 0x0, 0x0, 0x0, 0x0, 0x0,
    0x0, 0x0, 0x0, 0x0,

    /* U+667A "智" */
    0x0, 0x3, 0x41, 0x0, 0x0, 0x0, 0x0, 0x0,
    0x0, 0x0, 0x0, 0x0, 0x0, 0x0, 0x0, 0xcf,
    0xf0, 0x0, 0x0, 0x0, 0x0, 0x0, 0x0, 0x0,
    0x0, 0x0, 0x0, 0x0, 0x2f, 0xfa, 0x0, 0x0,
    0x0, 0x0, 0x0, 0x0, 0x0, 0x0, 0x0, 0x0,
    0x0, 0x9, 0xff, 0xff, 0xff, 0xff, 0xff, 0x40,
    0xbf, 0xff, 0xff, 0xff, 0xff, 0xf6, 0x3, 0xff,
    0xff, 0xff, 0xff, 0xff, 0xf4, 0xb, 0xff, 0xff,
    0xff, 0xff, 0xff, 0x61, 0xef, 0xf6, 0x4b, 0xff,
    0x64, 0x44, 0x10, 0xbf, 0xf8, 0x88, 0x88, 0xbf,
    0xf6, 0x6f, 0xf8, 0x0, 0x9f, 0xf1, 0x0, 0x0,
    0xb, 0xfe, 0x0, 0x0, 0x6, 0xff, 0x62, 0x6d,
    0x33, 0x3b, 0xff, 0x43, 0x33, 0x30, 0xbf, 0xe0,
    0x0, 0x0, 0x6f, 0xf6, 0x9f, 0xff, 0xff, 0xff,
    0xff, 0xff, 0xff, 0xb, 0xfe, 0x0, 0x0, 0x6,
    0xff, 0x69, 0xff, 0xff, 0xff, 0xff, 0xff, 0xff,
    0xf0, 0xbf, 0xe0, 0x0, 0x0, 0x6f, 0xf6, 0x0,
    0x0, 0x7, 0xff, 0xd3, 0x0, 0x0, 0xb, 0xfe,
    0x0, 0x0, 0x6, 0xff, 0x60, 0x0, 0x1, 0xef,
    0xff, 0xf9, 0x10, 0x0, 0xbf, 0xf9, 0x99, 0x99,
    0xcf, 0xf6, 0x0, 0x1, 0xdf, 0xf8, 0xcf, 0xfe,
    0x60, 0xb, 0xff, 0xff, 0xff, 0xff, 0xff, 0x60,
    0x5, 0xef, 0xfa, 0x0, 0x7f, 0xff, 0xa0, 0xaf,
    0xff, 0xff, 0xff, 0xff, 0xf6, 0x4c, 0xff, 0xf9,
    0x0, 0x0, 0x3e, 0xc1, 0x0, 0x0, 0x0, 0x0,
    0x0, 0x0, 0x4, 0xff, 0xe5, 0x0, 0x0, 0x0,
    0x11, 0x0, 0x0, 0x0, 0x0, 0x0, 0x0, 0x0,
    0x5, 0x70, 0x6f, 0xff, 0xff, 0xff, 0xff, 0xff,
    0xff, 0xff, 0xff, 0xfc, 0x0, 0x0, 0x0, 0x6,
    0xff, 0xff, 0xff, 0xff, 0xff, 0xff, 0xff, 0xff,
    0xff, 0xc0, 0x0, 0x0, 0x0, 0x6f, 0xf9, 0x44,
    0x44, 0x44, 0x44, 0x44, 0x44, 0x5f, 0xfc, 0x0,
    0x0, 0x0, 0x6, 0xff, 0x60, 0x0, 0x0, 0x0,
    0x0, 0x0, 0x1, 0xff, 0xc0, 0x0, 0x0, 0x0,
    0x6f, 0xf8, 0x22, 0x22, 0x22, 0x22, 0x22, 0x22,
    0x4f, 0xfc, 0x0, 0x0, 0x0, 0x6, 0xff, 0xff,
    0xff, 0xff, 0xff, 0xff, 0xff, 0xff, 0xff, 0xc0,
    0x0, 0x0, 0x0, 0x6f, 0xff, 0xff, 0xff, 0xff,
    0xff, 0xff, 0xff, 0xff, 0xfc, 0x0, 0x0, 0x0,
    0x6, 0xff, 0x60, 0x0, 0x0, 0x0, 0x0, 0x0,
    0x1, 0xff, 0xc0, 0x0, 0x0, 0x0, 0x6f, 0xf6,
    0x0, 0x0, 0x0, 0x0, 0x0, 0x0, 0x1f, 0xfc,
    0x0, 0x0, 0x0, 0x6, 0xff, 0xff, 0xff, 0xff,
    0xff, 0xff, 0xff, 0xff, 0xff, 0xc0, 0x0, 0x0,
    0x0, 0x6f, 0xff, 0xff, 0xff, 0xff, 0xff, 0xff,
    0xff, 0xff, 0xfc, 0x0, 0x0, 0x0, 0x6, 0xff,
    0x95, 0x55, 0x55, 0x55, 0x55, 0x55, 0x56, 0xee,
    0xc0, 0x0,

    /* U+6700 "最" */
    0x0, 0x0, 0x22, 0x22, 0x22, 0x22, 0x22, 0x22,
    0x22, 0x22, 0x22, 0x21, 0x0, 0x0, 0x0, 0x0,
    0xff, 0xff, 0xff, 0xff, 0xff, 0xff, 0xff, 0xff,
    0xff, 0xfb, 0x0, 0x0, 0x0, 0x0, 0xff, 0xfc,
    0xcc, 0xcc, 0xcc, 0xcc, 0xcc, 0xcc, 0xcf, 0xfb,
    0x0, 0x0, 0x0, 0x0, 0xff, 0xc0, 0x0, 0x0,
    0x0, 0x0, 0x0, 0x0, 0xf, 0xfb, 0x0, 0x0,
    0x0, 0x0, 0xff, 0xfc, 0xcc, 0xcc, 0xcc, 0xcc,
    0xcc, 0xcc, 0xcf, 0xfb, 0x0, 0x0, 0x0, 0x0,
    0xff, 0xff, 0xff, 0xff, 0xff, 0xff, 0xff, 0xff,
    0xff, 0xfb, 0x0, 0x0, 0x0, 0x0, 0xff, 0xc0,
    0x0, 0x0, 0x0, 0x0, 0x0, 0x0, 0x1f, 0xfb,
    0x0, 0x0, 0x0, 0x0, 0xff, 0xc0, 0x0, 0x0,
    0x0, 0x0, 0x0, 0x0, 0x1f, 0xfb, 0x0, 0x0,
    0x0, 0x0, 0xff, 0xff, 0xff, 0xff, 0xff, 0xff,
    0xff, 0xff, 0xff, 0xfb, 0x0, 0x0, 0x0, 0x0,
    0xdd, 0xdd, 0xdd, 0xdd, 0xdd, 0xdd, 0xdd, 0xdd,
    0xdd, 0xda, 0x0, 0x0, 0x0, 0x0, 0x0, 0x0,
    0x0, 0x0, 0x0, 0x0, 0x0, 0x0, 0x0, 0x0,
    0x0, 0x0, 0xcf, 0xff, 0xff, 0xff, 0xff, 0xff,
    0xff, 0xff, 0xff, 0xff, 0xff, 0xff, 0xff, 0xf5,
    0xcf, 0xff, 0xff, 0xff, 0xff, 0xff, 0xff, 0xff,
    0xff, 0xff, 0xff, 0xff, 0xff, 0xf5, 0x45, 0x5f,
    0xfc, 0x55, 0x55, 0xaf, 0xf8, 0x55, 0x55, 0x55,
    0x55, 0x55, 0x55, 0x51, 0x0, 0xf, 0xfa, 0x0,
    0x0, 0x8f, 0xf4, 0x0, 0x0, 0x0, 0x0, 0x0,
    0x10, 0x0, 0x0, 0xf, 0xff, 0xff, 0xff, 0xff,
    0xf4, 0xaf, 0xff, 0xff, 0xff, 0xff, 0xfe, 0x50,
    0x0, 0xf, 0xff, 0xff, 0xff, 0xff, 0xf4, 0xaf,
    0xff, 0xff, 0xff, 0xff, 0xff, 0x30, 0x0, 0xf,
    0xfa, 0x11, 0x11, 0x8f, 0xf4, 0x18, 0xff, 0x32,
    0x22, 0x3d, 0xfc, 0x0, 0x0, 0xf, 0xfa, 0x0,
    0x0, 0x8f, 0xf4, 0x1, 0xff, 0x70, 0x0, 0x4f,
    0xf5, 0x0, 0x0, 0xf, 0xff, 0xff, 0xff, 0xff,
    0xf4, 0x0, 0x8f, 0xf2, 0x0, 0xdf, 0xd0, 0x0,
    0x0, 0xf, 0xff, 0xff, 0xff, 0xff, 0xf4, 0x0,
    0x1e, 0xfd, 0x1b, 0xff, 0x30, 0x0, 0x0, 0xf,
    0xfa, 0x0, 0x0, 0x8f, 0xf4, 0x0, 0x3, 0xff,
    0xef, 0xf6, 0x0, 0x0, 0x0, 0xf, 0xfb, 0x35,
    0x68, 0xcf, 0xff, 0xc0, 0x0, 0x7f, 0xff, 0xc0,
    0x0, 0x0, 0xad, 0xef, 0xff, 0xff, 0xff, 0xff,
    0xff, 0xc0, 0x7, 0xff, 0xff, 0xfc, 0x40, 0x0,
    0xbf, 0xff, 0xff, 0xfd, 0xba, 0xcf, 0xf6, 0x48,
    0xef, 0xfe, 0x7d, 0xff, 0xfd, 0x93, 0x57, 0x54,
    0x20, 0x0, 0x0, 0x8f, 0xf4, 0xaf, 0xff, 0x80,
    0x0, 0x6e, 0xff, 0xf4, 0x0, 0x0, 0x0, 0x0,
    0x0, 0x8f, 0xf4, 0xb, 0x71, 0x0, 0x0, 0x0,
    0x4a, 0x60,

    /* U+6709 "有" */
    0x0, 0x0, 0x0, 0x0, 0x0, 0x32, 0x0, 0x0,
    0x0, 0x0, 0x0, 0x0, 0x0, 0x0, 0x0, 0x0,
    0x0, 0x0, 0x0, 0xcf, 0xf3, 0x0, 0x0, 0x0,
    0x0, 0x0, 0x0, 0x0, 0x0, 0x0, 0x0, 0x0,
    0x2, 0xff, 0xf0, 0x0, 0x0, 0x0, 0x0, 0x0,
    0x0, 0x0, 0x0, 0x0, 0x0, 0x0, 0x7, 0xff,
    0xa0, 0x0, 0x0, 0x0, 0x0, 0x0, 0x0, 0x0,
    0x9, 0x99, 0x99, 0x99, 0x9e, 0xff, 0xc9, 0x99,
    0x99, 0x99, 0x99, 0x99, 0x99, 0x94, 0x1f, 0xff,
    0xff, 0xff, 0xff, 0xff, 0xff, 0xff, 0xff, 0xff,
    0xff, 0xff, 0xff, 0xf6, 0x1f, 0xff, 0xff, 0xff,
    0xff, 0xff, 0xff, 0xff, 0xff, 0xff, 0xff, 0xff,
    0xff, 0xf6, 0x0, 0x0, 0x0, 0x4, 0xff, 0xe1,
    0x0, 0x0, 0x0, 0x0, 0x0, 0x0, 0x0, 0x0,
    0x0, 0x0, 0x0, 0xc, 0xff, 0x70, 0x0, 0x0,
    0x0, 0x0, 0x0, 0x0, 0x0, 0x0, 0x0, 0x0,
    0x0, 0x5f, 0xfe, 0x0, 0x0, 0x0, 0x0, 0x0,
    0x0, 0x0, 0x0, 0x0, 0x0, 0x0, 0x1, 0xef,
    0xff, 0xff, 0xff, 0xff, 0xff, 0xff, 0xff, 0xfe,
    0x0, 0x0, 0x0, 0x0, 0xb, 0xff, 0xff, 0xff,
    0xff, 0xff, 0xff, 0xff, 0xff, 0xfe, 0x0, 0x0,
    0x0, 0x0, 0x8f, 0xff, 0xfb, 0x99, 0x99, 0x99,
    0x99, 0x99, 0x9e, 0xfe, 0x0, 0x0, 0x0, 0x7,
    0xff, 0xff, 0xf5, 0x0, 0x0, 0x0, 0x0, 0x0,
    0xd, 0xfe, 0x0, 0x0, 0x0, 0x7f, 0xff, 0xdf,
    0xf5, 0x0, 0x0, 0x0, 0x0, 0x0, 0xd, 0xfe,
    0x0, 0x0, 0x9, 0xff, 0xf8, 0x7f, 0xff, 0xff,
    0xff, 0xff, 0xff, 0xff, 0xff, 0xfe, 0x0, 0x0,
    0x9f, 0xff, 0x90, 0x7f, 0xff, 0xff, 0xff, 0xff,
    0xff, 0xff, 0xff, 0xfe, 0x0, 0x0, 0x1d, 0xf6,
    0x0, 0x7f, 0xf9, 0x66, 0x66, 0x66, 0x66, 0x66,
    0x6e, 0xfe, 0x0, 0x0, 0x2, 0x30, 0x0, 0x7f,
    0xf5, 0x0, 0x0, 0x0, 0x0, 0x0, 0xd, 0xfe,
    0x0, 0x0, 0x0, 0x0, 0x0, 0x7f, 0xf5, 0x0,
    0x0, 0x0, 0x0, 0x0, 0xd, 0xfe, 0x0, 0x0,
    0x0, 0x0, 0x0, 0x7f, 0xff, 0xff, 0xff, 0xff,
    0xff, 0xff, 0xff, 0xfe, 0x0, 0x0, 0x0, 0x0,
    0x0, 0x7f, 0xff, 0xff, 0xff, 0xff, 0xff, 0xff,
    0xff, 0xfe, 0x0, 0x0, 0x0, 0x0, 0x0, 0x7f,
    0xfa, 0x77, 0x77, 0x77, 0x77, 0x77, 0x7e, 0xfe,
    0x0, 0x0, 0x0, 0x0, 0x0, 0x7f, 0xf5, 0x0,
    0x0, 0x0, 0x0, 0x0, 0xd, 0xfe, 0x0, 0x0,
    0x0, 0x0, 0x0, 0x7f, 0xf5, 0x0, 0x0, 0x0,
    0x0, 0x0, 0xd, 0xfe, 0x0, 0x0, 0x0, 0x0,
    0x0, 0x7f, 0xf5, 0x0, 0x0, 0x0, 0x5b, 0xba,
    0xbf, 0xfd, 0x0, 0x0, 0x0, 0x0, 0x0, 0x7f,
    0xf5, 0x0, 0x0, 0x0, 0x2f, 0xff, 0xff, 0xf9,
    0x0, 0x0, 0x0, 0x0, 0x0, 0x7f, 0xf5, 0x0,
    0x0, 0x0, 0xd, 0xff, 0xed, 0x81, 0x0, 0x0,

    /* U+670D "服" */
    0x0, 0x0, 0x0, 0x0, 0x0, 0x0, 0x0, 0x0,
    0x0, 0x0, 0x0, 0x0, 0x0, 0x0, 0x0, 0x0,
    0xf, 0xff, 0xff, 0xff, 0xff, 0x0, 0xbf, 0xff,
    0xff, 0xff, 0xff, 0xff, 0xfa, 0x0, 0x0, 0xf,
    0xff, 0xff, 0xff, 0xff, 0x0, 0xbf, 0xff, 0xff,
    0xff, 0xff, 0xff, 0xfa, 0x0, 0x0, 0xf, 0xfd,
    0x99, 0x9d, 0xff, 0x0, 0xbf, 0xfa, 0xaa, 0xaa,
    0xaa, 0xaf, 0xfa, 0x0, 0x0, 0xf, 0xf9, 0x0,
    0x8, 0xff, 0x0, 0xbf, 0xf0, 0x0, 0x0, 0x0,
    0x1f, 0xfa, 0x0, 0x0, 0xf, 0xf9, 0x0, 0x8,
    0xff, 0x0, 0xbf, 0xf0, 0x0, 0x0, 0x0, 0x1f,
    0xfa, 0x0, 0x0, 0xf, 0xf9, 0x0, 0x8, 0xff,
    0x0, 0xbf, 0xf0, 0x0, 0x0, 0x0, 0x1f, 0xfa,
    0x0, 0x0, 0xf, 0xfb, 0x55, 0x5b, 0xff, 0x0,
    0xbf, 0xf0, 0x0, 0x6f, 0xfe, 0xff, 0xf7, 0x0,
    0x0, 0xf, 0xff, 0xff, 0xff, 0xff, 0x0, 0xbf,
    0xf0, 0x0, 0x1f, 0xff, 0xff, 0xe2, 0x0, 0x0,
    0xf, 0xff, 0xff, 0xff, 0xff, 0x0, 0xbf, 0xf0,
    0x0, 0x5, 0x66, 0x52, 0x0, 0x0, 0x0, 0xf,
    0xfa, 0x33, 0x3a, 0xff, 0x0, 0xbf, 0xf0, 0x0,
    0x0, 0x0, 0x0, 0x0, 0x0, 0x0, 0xf, 0xf9,
    0x0, 0x8, 0xff, 0x0, 0xbf, 0xff, 0xff, 0xff,
    0xff, 0xff, 0xfd, 0x40, 0x0, 0xf, 0xf8, 0x0,
    0x8, 0xff, 0x0, 0xbf, 0xff, 0xff, 0xff, 0xff,
    0xff, 0xff, 0x40, 0x0, 0xf, 0xf8, 0x0, 0x8,
    0xff, 0x0, 0xbf, 0xfc, 0xff, 0xa9, 0x99, 0x9d,
    0xff, 0x0, 0x0, 0xf, 0xf8, 0x0, 0x9, 0xff,
    0x0, 0xbf, 0xf2, 0xff, 0x50, 0x0, 0xd, 0xfc,
    0x0, 0x0, 0x1f, 0xff, 0xff, 0xff, 0xff, 0x0,
    0xbf, 0xf0, 0xbf, 0xb0, 0x0, 0x3f, 0xf7, 0x0,
    0x0, 0x2f, 0xff, 0xff, 0xff, 0xff, 0x0, 0xbf,
    0xf0, 0x5f, 0xf2, 0x0, 0x9f, 0xf2, 0x0, 0x0,
    0x3f, 0xfc, 0xaa, 0xad, 0xff, 0x0, 0xbf, 0xf0,
    0xe, 0xfa, 0x1, 0xff, 0xb0, 0x0, 0x0, 0x4f,
    0xf4, 0x0, 0x8, 0xff, 0x0, 0xbf, 0xf0, 0x6,
    0xff, 0x49, 0xff, 0x20, 0x0, 0x0, 0x7f, 0xf1,
    0x0, 0x8, 0xff, 0x0, 0xbf, 0xf0, 0x0, 0xdf,
    0xdf, 0xfa, 0x0, 0x0, 0x0, 0xaf, 0xf0, 0x0,
    0x8, 0xff, 0x0, 0xbf, 0xf0, 0x0, 0x4f, 0xff,
    0xf2, 0x0, 0x0, 0x0, 0xcf, 0xd0, 0x0, 0x8,
    0xff, 0x0, 0xbf, 0xf0, 0x0, 0xd, 0xff, 0xd0,
    0x0, 0x0, 0x0, 0xff, 0xa0, 0x0, 0x8, 0xff,
    0x0, 0xbf, 0xf0, 0x0, 0xbf, 0xff, 0xfb, 0x10,
    0x0, 0x5, 0xff, 0x60, 0x0, 0x8, 0xff, 0x0,
    0xbf, 0xf0, 0x2c, 0xff, 0xcc, 0xff, 0xd4, 0x0,
    0xb, 0xff, 0x20, 0x9b, 0xbe, 0xff, 0x0, 0xbf,
    0xf8, 0xff, 0xfb, 0x1, 0xcf, 0xff, 0xb1, 0xe,
    0xfc, 0x0, 0x7f, 0xff, 0xfb, 0x0, 0xbf, 0xf6,
    0xff, 0x80, 0x0, 0xa, 0xff, 0xb0, 0x0, 0x96,
    0x0, 0x4f, 0xfd, 0x91, 0x0, 0xbf, 0xf0, 0x84,
    0x0, 0x0, 0x0, 0x4c, 0x10, 0x0, 0x0, 0x0,
    0x0, 0x0, 0x0, 0x0, 0x0, 0x0, 0x0, 0x0,
    0x0, 0x0, 0x0, 0x0,

    /* U+672A "未" */
    0x0, 0x0, 0x0, 0x0, 0x0, 0x0, 0x4d, 0xd8,
    0x0, 0x0, 0x0, 0x0, 0x0, 0x0, 0x0, 0x0,
    0x0, 0x0, 0x0, 0x0, 0x5, 0xff, 0xa0, 0x0,
    0x0, 0x0, 0x0, 0x0, 0x0, 0x0, 0x0, 0x0,
    0x0, 0x0, 0x0, 0x5f, 0xfa, 0x0, 0x0, 0x0,
    0x0, 0x0, 0x0, 0x0, 0x0, 0x0, 0x0, 0x0,
    0x0, 0x5, 0xff, 0xa0, 0x0, 0x0, 0x0, 0x0,
    0x0, 0x0, 0x0, 0x0, 0x0, 0x0, 0x0, 0x0,
    0x5f, 0xfa, 0x0, 0x0, 0x0, 0x0, 0x0, 0x0,
    0x0, 0x0, 0xac, 0xcc, 0xcc, 0xcc, 0xcd, 0xff,
    0xec, 0xcc, 0xcc, 0xcc, 0xcc, 0x50, 0x0, 0x0,
    0xe, 0xff, 0xff, 0xff, 0xff, 0xff, 0xff, 0xff,
    0xff, 0xff, 0xff, 0xf6, 0x0, 0x0, 0x0, 0xef,
    0xff, 0xff, 0xff, 0xff, 0xff, 0xff, 0xff, 0xff,
    0xff, 0xff, 0x60, 0x0, 0x0, 0x0, 0x0, 0x0,
    0x0, 0x0, 0x5f, 0xfa, 0x0, 0x0, 0x0, 0x0,
    0x0, 0x0, 0x0, 0x0, 0x0, 0x0, 0x0, 0x0,
    0x5, 0xff, 0xa0, 0x0, 0x0, 0x0, 0x0, 0x0,
    0x0, 0x0, 0x0, 0x0, 0x0, 0x0, 0x0, 0x5f,
    0xfa, 0x0, 0x0, 0x0, 0x0, 0x0, 0x0, 0x0,
    0x0, 0x0, 0x0, 0x0, 0x0, 0x5, 0xff, 0xa0,
    0x0, 0x0, 0x0, 0x0, 0x0, 0x0, 0x0, 0x0,
    0x0, 0x0, 0x0, 0x0, 0x5f, 0xfa, 0x0, 0x0,
    0x0, 0x0, 0x0, 0x0, 0x1, 0xff, 0xff, 0xff,
    0xff, 0xff, 0xff, 0xff, 0xff, 0xff, 0xff, 0xff,
    0xff, 0xff, 0x80, 0x1f, 0xff, 0xff, 0xff, 0xff,
    0xff, 0xff, 0xff, 0xff, 0xff, 0xff, 0xff, 0xff,
    0xf8, 0x0, 0xcc, 0xcc, 0xcc, 0xcc, 0xcc, 0xff,
    0xff, 0xff, 0xdc, 0xcc, 0xcc, 0xcc, 0xcc, 0x70,
    0x0, 0x0, 0x0, 0x0, 0x0, 0x7f, 0xff, 0xff,
    0xfb, 0x0, 0x0, 0x0, 0x0, 0x0, 0x0, 0x0,
    0x0, 0x0, 0x0, 0x5f, 0xff, 0xff, 0xff, 0xfa,
    0x0, 0x0, 0x0, 0x0, 0x0, 0x0, 0x0, 0x0,
    0x0, 0x5f, 0xff, 0xaf, 0xfb, 0xcf, 0xfa, 0x0,
    0x0, 0x0, 0x0, 0x0, 0x0, 0x0, 0x0, 0x7f,
    0xff, 0x65, 0xff, 0xa1, 0xdf, 0xfb, 0x10, 0x0,
    0x0, 0x0, 0x0, 0x0, 0x0, 0x9f, 0xff, 0x70,
    0x5f, 0xfa, 0x2, 0xef, 0xfd, 0x20, 0x0, 0x0,
    0x0, 0x0, 0x3, 0xdf, 0xff, 0x60, 0x5, 0xff,
    0xa0, 0x1, 0xdf, 0xff, 0x70, 0x0, 0x0, 0x0,
    0x8, 0xff, 0xff, 0x40, 0x0, 0x5f, 0xfa, 0x0,
    0x1, 0xcf, 0xff, 0xc2, 0x0, 0x0, 0x7e, 0xff,
    0xfd, 0x20, 0x0, 0x5, 0xff, 0xa0, 0x0, 0x0,
    0x9f, 0xff, 0xfa, 0x20, 0xaf, 0xff, 0xf9, 0x0,
    0x0, 0x0, 0x5f, 0xfa, 0x0, 0x0, 0x0, 0x4e,
    0xff, 0xfe, 0x10, 0xbf, 0xc3, 0x0, 0x0, 0x0,
    0x5, 0xff, 0xa0, 0x0, 0x0, 0x0, 0x19, 0xff,
    0x20, 0x1, 0x50, 0x0, 0x0, 0x0, 0x0, 0x5f,
    0xfa, 0x0, 0x0, 0x0, 0x0, 0x2, 0x40, 0x0,
    0x0, 0x0, 0x0, 0x0, 0x0, 0x5, 0xff, 0xa0,
    0x0, 0x0, 0x0, 0x0, 0x0, 0x0,

    /* U+672C "本" */
    0x0, 0x0, 0x0, 0x0, 0x0, 0x0, 0x7, 0xdd,
    0x60, 0x0, 0x0, 0x0, 0x0, 0x0, 0x0, 0x0,
    0x0, 0x0, 0x0, 0x0, 0x0, 0x8, 0xff, 0x70,
    0x0, 0x0, 0x0, 0x0, 0x0, 0x0, 0x0, 0x0,
    0x0, 0x0, 0x0, 0x0, 0x8, 0xff, 0x70, 0x0,
    0x0, 0x0, 0x0, 0x0, 0x0, 0x0, 0x0, 0x0,
    0x0, 0x0, 0x0, 0x8, 0xff, 0x70, 0x0, 0x0,
    0x0, 0x0, 0x0, 0x0, 0x0, 0x0, 0x0, 0x0,
    0x0, 0x0, 0x8, 0xff, 0x70, 0x0, 0x0, 0x0,
    0x0, 0x0, 0x0, 0x0, 0x0, 0x0, 0x0, 0x0,
    0x0, 0x8, 0xff, 0x70, 0x0, 0x0, 0x0, 0x0,
    0x0, 0x0, 0x0, 0x0, 0x0, 0x0, 0x0, 0x0,
    0x8, 0xff, 0x70, 0x0, 0x0, 0x0, 0x0, 0x0,
    0x0, 0x2, 0xff, 0xff, 0xff, 0xff, 0xff, 0xff,
    0xff, 0xff, 0xff, 0xff, 0xff, 0xff, 0xff, 0x30,
    0x2, 0xff, 0xff, 0xff, 0xff, 0xff, 0xff, 0xff,
    0xff, 0xff, 0xff, 0xff, 0xff, 0xff, 0x30, 0x1,
    0xdd, 0xdd, 0xdd, 0xdd, 0xff, 0xff, 0xff, 0xff,
    0xff, 0xdd, 0xdd, 0xdd, 0xdd, 0x20, 0x0, 0x0,
    0x0, 0x0, 0x2, 0xff, 0xc8, 0xff, 0x7e, 0xfe,
    0x0, 0x0, 0x0, 0x0, 0x0, 0x0, 0x0, 0x0,
    0x0, 0xa, 0xff, 0x48, 0xff, 0x77, 0xff, 0x70,
    0x0, 0x0, 0x0, 0x0, 0x0, 0x0, 0x0, 0x0,
    0x2f, 0xfc, 0x8, 0xff, 0x70, 0xef, 0xf1, 0x0,
    0x0, 0x0, 0x0, 0x0, 0x0, 0x0, 0x0, 0xaf,
    0xf5, 0x8, 0xff, 0x70, 0x7f, 0xf9, 0x0, 0x0,
    0x0, 0x0, 0x0, 0x0, 0x0, 0x5, 0xff, 0xd0,
    0x8, 0xff, 0x70, 0xe, 0xff, 0x40, 0x0, 0x0,
    0x0, 0x0, 0x0, 0x0, 0x1e, 0xff, 0x40, 0x8,
    0xff, 0x70, 0x7, 0xff, 0xe1, 0x0, 0x0, 0x0,
    0x0, 0x0, 0x0, 0xbf, 0xfa, 0x0, 0x8, 0xff,
    0x70, 0x0, 0xcf, 0xfb, 0x0, 0x0, 0x0, 0x0,
    0x0, 0x9, 0xff, 0xe1, 0x0, 0x8, 0xff, 0x70,
    0x0, 0x2f, 0xff, 0xa0, 0x0, 0x0, 0x0, 0x0,
    0x8f, 0xff, 0x40, 0x0, 0x8, 0xff, 0x70, 0x0,
    0x6, 0xff, 0xf9, 0x0, 0x0, 0x0, 0x8, 0xff,
    0xf6, 0x0, 0x0, 0x8, 0xff, 0x70, 0x0, 0x0,
    0x9f, 0xff, 0xa1, 0x0, 0x1, 0xbf, 0xff, 0xbd,
    0xdd, 0xdd, 0xde, 0xff, 0xed, 0xdd, 0xdd, 0xdc,
    0xff, 0xfe, 0x30, 0xc, 0xff, 0xf9, 0x3f, 0xff,
    0xff, 0xff, 0xff, 0xff, 0xff, 0xff, 0xf2, 0xbf,
    0xff, 0xa0, 0x2, 0xef, 0x80, 0x3f, 0xff, 0xff,
    0xff, 0xff, 0xff, 0xff, 0xff, 0xf2, 0x9, 0xfb,
    0x0, 0x0, 0x35, 0x0, 0x0, 0x0, 0x0, 0x8,
    0xff, 0x70, 0x0, 0x0, 0x0, 0x0, 0x50, 0x0,
    0x0, 0x0, 0x0, 0x0, 0x0, 0x0, 0x8, 0xff,
    0x70, 0x0, 0x0, 0x0, 0x0, 0x0, 0x0, 0x0,
    0x0, 0x0, 0x0, 0x0, 0x0, 0x8, 0xff, 0x70,
    0x0, 0x0, 0x0, 0x0, 0x0, 0x0, 0x0, 0x0,
    0x0, 0x0, 0x0, 0x0, 0x8, 0xff, 0x70, 0x0,
    0x0, 0x0, 0x0, 0x0, 0x0, 0x0, 0x0, 0x0,
    0x0, 0x0, 0x0, 0x8, 0xff, 0x70, 0x0, 0x0,
    0x0, 0x0, 0x0, 0x0,

    /* U+673A "机" */
    0x0, 0x0, 0x0, 0xac, 0xb0, 0x0, 0x0, 0x0,
    0x0, 0x0, 0x0, 0x0, 0x0, 0x0, 0x0, 0x0,
    0x0, 0x0, 0xdf, 0xd0, 0x0, 0x0, 0x0, 0x0,
    0x0, 0x0, 0x0, 0x0, 0x0, 0x0, 0x0, 0x0,
    0x0, 0xdf, 0xd0, 0x0, 0x0, 0xa, 0xaa, 0xaa,
    0xaa, 0xaa, 0xa0, 0x0, 0x0, 0x0, 0x0, 0x0,
    0xdf, 0xd0, 0x0, 0x0, 0xf, 0xff, 0xff, 0xff,
    0xff, 0xf1, 0x0, 0x0, 0x0, 0x0, 0x0, 0xdf,
    0xd0, 0x0, 0x0, 0xf, 0xff, 0xff, 0xff, 0xff,
    0xf1, 0x0, 0x0, 0x0, 0x0, 0x0, 0xdf, 0xd0,
    0x0, 0x0, 0xf, 0xfb, 0x0, 0x0, 0xcf, 0xf1,
    0x0, 0x0, 0x0, 0x0, 0x0, 0xdf, 0xd0, 0x0,
    0x0, 0xf, 0xfb, 0x0, 0x0, 0xbf, 0xf1, 0x0,
    0x0, 0x9, 0xff, 0xff, 0xff, 0xff, 0xff, 0xf1,
    0xf, 0xfb, 0x0, 0x0, 0xbf, 0xf1, 0x0, 0x0,
    0x9, 0xff, 0xff, 0xff, 0xff, 0xff, 0xf1, 0xf,
    0xfb, 0x0, 0x0, 0xbf, 0xf1, 0x0, 0x0, 0x6,
    0xbb, 0xbc, 0xff, 0xfb, 0xbb, 0xb0, 0xf, 0xfb,
    0x0, 0x0, 0xbf, 0xf1, 0x0, 0x0, 0x0, 0x0,
    0x7, 0xff, 0xd0, 0x0, 0x0, 0xf, 0xfb, 0x0,
    0x0, 0xbf, 0xf1, 0x0, 0x0, 0x0, 0x0, 0xc,
    0xff, 0xe0, 0x0, 0x0, 0xf, 0xfb, 0x0, 0x0,
    0xbf, 0xf1, 0x0, 0x0, 0x0, 0x0, 0x2f, 0xff,
    0xf6, 0x0, 0x0, 0x1f, 0xfa, 0x0, 0x0, 0xbf,
    0xf1, 0x0, 0x0, 0x0, 0x0, 0x8f, 0xff, 0xff,
    0x50, 0x0, 0x1f, 0xfa, 0x0, 0x0, 0xbf, 0xf1,
    0x0, 0x0, 0x0, 0x0, 0xef, 0xff, 0xff, 0xf4,
    0x0, 0x2f, 0xf9, 0x0, 0x0, 0xbf, 0xf1, 0x0,
    0x0, 0x0, 0x6, 0xfe, 0xef, 0xed, 0xff, 0x30,
    0x2f, 0xf8, 0x0, 0x0, 0xbf, 0xf1, 0x0, 0x0,
    0x0, 0xd, 0xf8, 0xdf, 0xd2, 0xff, 0xe1, 0x5f,
    0xf6, 0x0, 0x0, 0xbf, 0xf1, 0x0, 0x0, 0x0,
    0x7f, 0xf1, 0xdf, 0xd0, 0x6f, 0xe1, 0x7f, 0xf4,
    0x0, 0x0, 0xbf, 0xf1, 0x0, 0x0, 0x1, 0xef,
    0xa0, 0xdf, 0xd0, 0xc, 0x30, 0xaf, 0xf1, 0x0,
    0x0, 0xbf, 0xf1, 0x0, 0x0, 0xb, 0xff, 0x30,
    0xdf, 0xd0, 0x0, 0x0, 0xcf, 0xe0, 0x0, 0x0,
    0xbf, 0xf1, 0x0, 0x0, 0x2f, 0xfa, 0x0, 0xdf,
    0xd0, 0x0, 0x1, 0xff, 0xb0, 0x0, 0x0, 0xbf,
    0xf1, 0x9, 0x40, 0xa, 0xf2, 0x0, 0xdf, 0xd0,
    0x0, 0x7, 0xff, 0x60, 0x0, 0x0, 0xbf, 0xf1,
    0xc, 0xf5, 0x2, 0x60, 0x0, 0xdf, 0xd0, 0x0,
    0xd, 0xff, 0x10, 0x0, 0x0, 0xbf, 0xf1, 0xc,
    0xf4, 0x0, 0x0, 0x0, 0xdf, 0xd0, 0x0, 0x6f,
    0xf9, 0x0, 0x0, 0x0, 0xbf, 0xf1, 0xd, 0xf4,
    0x0, 0x0, 0x0, 0xdf, 0xd0, 0x1, 0xef, 0xf2,
    0x0, 0x0, 0x0, 0xbf, 0xf1, 0xe, 0xf3, 0x0,
    0x0, 0x0, 0xdf, 0xd0, 0xc, 0xff, 0x80, 0x0,
    0x0, 0x0, 0xaf, 0xfb, 0xbf, 0xf1, 0x0, 0x0,
    0x0, 0xdf, 0xd0, 0x5f, 0xfc, 0x0, 0x0, 0x0,
    0x0, 0x7f, 0xff, 0xff, 0xd0, 0x0, 0x0, 0x0,
    0xdf, 0xd0, 0x3, 0xc1, 0x0, 0x0, 0x0, 0x0,
    0x9, 0xff, 0xfb, 0x30,

    /* U+6740 "杀" */
    0x0, 0x0, 0x0, 0x0, 0x0, 0x0, 0x0, 0x0,
    0x0, 0x0, 0x1b, 0x70, 0x0, 0x0, 0x0, 0x0,
    0x8d, 0x71, 0x0, 0x0, 0x0, 0x0, 0x0, 0x3,
    0xef, 0xfc, 0x0, 0x0, 0x0, 0x6, 0xff, 0xff,
    0xa3, 0x0, 0x0, 0x0, 0x0, 0x7f, 0xff, 0xe3,
    0x0, 0x0, 0x0, 0x0, 0x6c, 0xff, 0xff, 0xd6,
    0x0, 0x0, 0x4d, 0xff, 0xfb, 0x10, 0x0, 0x0,
    0x0, 0x0, 0x0, 0x3a, 0xff, 0xff, 0xe8, 0x3a,
    0xff, 0xfe, 0x60, 0x0, 0x0, 0x0, 0x0, 0x0,
    0x0, 0x0, 0x18, 0xff, 0xff, 0xff, 0xff, 0xa1,
    0x0, 0x0, 0x0, 0x0, 0x0, 0x0, 0x0, 0x0,
    0x0, 0x3e, 0xff, 0xff, 0xfd, 0x40, 0x0, 0x0,
    0x0, 0x0, 0x0, 0x0, 0x0, 0x0, 0x4b, 0xff,
    0xff, 0xff, 0xff, 0xfc, 0x40, 0x0, 0x0, 0x0,
    0x0, 0x0, 0x1, 0x7d, 0xff, 0xff, 0xd6, 0x6,
    0xef, 0xff, 0xfc, 0x40, 0x0, 0x0, 0x0, 0x16,
    0xcf, 0xff, 0xff, 0xd5, 0x0, 0x0, 0x7, 0xef,
    0xff, 0xfb, 0x20, 0x0, 0xb, 0xff, 0xff, 0xff,
    0xc5, 0x0, 0x0, 0x0, 0x0, 0x8, 0xff, 0xff,
    0xf4, 0x0, 0x4, 0xff, 0xfe, 0x92, 0x0, 0x0,
    0x2c, 0xca, 0x0, 0x0, 0x1a, 0xff, 0xb0, 0x0,
    0x0, 0x7c, 0x50, 0x0, 0x0, 0x0, 0x2f, 0xfc,
    0x0, 0x0, 0x0, 0x4b, 0x0, 0x0, 0x0, 0x0,
    0x0, 0x0, 0x0, 0x0, 0x2f, 0xfc, 0x0, 0x0,
    0x0, 0x0, 0x0, 0x0, 0x0, 0x0, 0x0, 0x0,
    0x0, 0x0, 0x2f, 0xfc, 0x0, 0x0, 0x0, 0x0,
    0x0, 0x0, 0x1f, 0xff, 0xff, 0xff, 0xff, 0xff,
    0xff, 0xff, 0xff, 0xff, 0xff, 0xff, 0xff, 0xf7,
    0x1f, 0xff, 0xff, 0xff, 0xff, 0xff, 0xff, 0xff,
    0xff, 0xff, 0xff, 0xff, 0xff, 0xf8, 0x9, 0x99,
    0x99, 0x99, 0x99, 0x99, 0xaf, 0xfe, 0x99, 0x99,
    0x99, 0x99, 0x99, 0x94, 0x0, 0x0, 0x0, 0x0,
    0x0, 0x0, 0x2f, 0xfc, 0x0, 0x0, 0x0, 0x0,
    0x0, 0x0, 0x0, 0x0, 0x0, 0xbf, 0xa2, 0x0,
    0x2f, 0xfc, 0x0, 0x5, 0xeb, 0x0, 0x0, 0x0,
    0x0, 0x0, 0x9, 0xff, 0xd0, 0x0, 0x2f, 0xfc,
    0x0, 0x1d, 0xff, 0xd2, 0x0, 0x0, 0x0, 0x0,
    0x9f, 0xfe, 0x20, 0x0, 0x2f, 0xfc, 0x0, 0x0,
    0xbf, 0xfe, 0x30, 0x0, 0x0, 0x1b, 0xff, 0xe3,
    0x0, 0x0, 0x2f, 0xfc, 0x0, 0x0, 0x9, 0xff,
    0xf5, 0x0, 0x3, 0xef, 0xff, 0x30, 0x0, 0x0,
    0x2f, 0xfc, 0x0, 0x0, 0x0, 0x8f, 0xff, 0x50,
    0x4f, 0xff, 0xe2, 0x0, 0x0, 0x0, 0x3f, 0xfc,
    0x0, 0x0, 0x0, 0x8, 0xff, 0xf4, 0xb, 0xfd,
    0x20, 0x0, 0xb, 0xaa, 0xcf, 0xfc, 0x0, 0x0,
    0x0, 0x0, 0x9f, 0xa1, 0x0, 0x80, 0x0, 0x0,
    0xa, 0xff, 0xff, 0xf8, 0x0, 0x0, 0x0, 0x0,
    0x4, 0x0, 0x0, 0x0, 0x0, 0x0, 0x5, 0xff,
    0xeb, 0x70, 0x0, 0x0, 0x0, 0x0, 0x0, 0x0,
    0x0, 0x0, 0x0, 0x0, 0x0, 0x0, 0x0, 0x0,
    0x0, 0x0, 0x0, 0x0, 0x0, 0x0,

    /* U+6761 "条" */
    0x0, 0x0, 0x0, 0x0, 0x0, 0x10, 0x0, 0x0,
    0x0, 0x0, 0x0, 0x0, 0x0, 0x0, 0x0, 0x0,
    0x0, 0x0, 0x0, 0x4f, 0xeb, 0x10, 0x0, 0x0,
    0x0, 0x0, 0x0, 0x0, 0x0, 0x0, 0x0, 0x0,
    0x0, 0x1e, 0xff, 0x80, 0x0, 0x0, 0x0, 0x0,
    0x0, 0x0, 0x0, 0x0, 0x0, 0x0, 0x0, 0x1c,
    0xff, 0xf8, 0x77, 0x77, 0x77, 0x78, 0x60, 0x0,
    0x0, 0x0, 0x0, 0x0, 0x0, 0xc, 0xff, 0xff,
    0xff, 0xff, 0xff, 0xff, 0xff, 0xc0, 0x0, 0x0,
    0x0, 0x0, 0x0, 0x3d, 0xff, 0xfe, 0xee, 0xee,
    0xee, 0xef, 0xff, 0xf5, 0x0, 0x0, 0x0, 0x0,
    0x0, 0x6f, 0xff, 0xff, 0x50, 0x0, 0x0, 0x1,
    0xdf, 0xf8, 0x0, 0x0, 0x0, 0x0, 0x4, 0xdf,
    0xff, 0xce, 0xff, 0x70, 0x0, 0x3, 0xef, 0xfb,
    0x0, 0x0, 0x0, 0x0, 0x7, 0xff, 0xff, 0x70,
    0x2d, 0xff, 0xc3, 0x8, 0xff, 0xf9, 0x0, 0x0,
    0x0, 0x0, 0x0, 0x9, 0xfa, 0x20, 0x0, 0xb,
    0xff, 0xfe, 0xff, 0xf5, 0x0, 0x0, 0x0, 0x0,
    0x0, 0x0, 0x2, 0x0, 0x0, 0x0, 0x2d, 0xff,
    0xff, 0xf8, 0x0, 0x0, 0x0, 0x0, 0x0, 0x0,
    0x0, 0x0, 0x0, 0x38, 0xdf, 0xff, 0xff, 0xff,
    0xff, 0xb7, 0x20, 0x0, 0x0, 0x0, 0x0, 0x14,
    0x7a, 0xef, 0xff, 0xff, 0xb4, 0x28, 0xef, 0xff,
    0xff, 0xeb, 0x96, 0x31, 0x9, 0xef, 0xff, 0xff,
    0xff, 0xd7, 0x10, 0x0, 0x0, 0x5b, 0xff, 0xff,
    0xff, 0xff, 0xc0, 0x3f, 0xff, 0xff, 0xc8, 0x40,
    0x0, 0x5f, 0xf8, 0x0, 0x1, 0x69, 0xdf, 0xff,
    0xf2, 0x0, 0xba, 0x73, 0x0, 0x0, 0x0, 0x5,
    0xff, 0x80, 0x0, 0x0, 0x0, 0x4, 0x76, 0x0,
    0x0, 0x0, 0x0, 0x0, 0x0, 0x0, 0x5f, 0xf8,
    0x0, 0x0, 0x0, 0x0, 0x0, 0x0, 0x0, 0x0,
    0x8f, 0xff, 0xff, 0xff, 0xff, 0xff, 0xff, 0xff,
    0xff, 0xff, 0xfe, 0x0, 0x0, 0x0, 0x8, 0xff,
    0xff, 0xff, 0xff, 0xff, 0xff, 0xff, 0xff, 0xff,
    0xff, 0xe0, 0x0, 0x0, 0x0, 0x48, 0x88, 0x88,
    0x88, 0x8a, 0xff, 0xc8, 0x88, 0x88, 0x88, 0x87,
    0x0, 0x0, 0x0, 0x0, 0x0, 0x6, 0x40, 0x0,
    0x5f, 0xf8, 0x0, 0x6, 0x40, 0x0, 0x0, 0x0,
    0x0, 0x0, 0x0, 0x6, 0xff, 0xa0, 0x5, 0xff,
    0x80, 0x9, 0xff, 0x60, 0x0, 0x0, 0x0, 0x0,
    0x0, 0x9, 0xff, 0xd1, 0x0, 0x5f, 0xf8, 0x0,
    0x3e, 0xff, 0x80, 0x0, 0x0, 0x0, 0x0, 0x2c,
    0xff, 0xd1, 0x0, 0x5, 0xff, 0x80, 0x0, 0x2e,
    0xff, 0xa0, 0x0, 0x0, 0x0, 0x7f, 0xff, 0xc1,
    0x0, 0x0, 0x5f, 0xf8, 0x0, 0x0, 0x1d, 0xff,
    0xa0, 0x0, 0x0, 0x1c, 0xff, 0xa0, 0x0, 0x37,
    0x7b, 0xff, 0x70, 0x0, 0x0, 0x1e, 0xff, 0x50,
    0x0, 0x0, 0x1c, 0x50, 0x0, 0x3, 0xff, 0xff,
    0xf4, 0x0, 0x0, 0x0, 0x2e, 0x60, 0x0, 0x0,
    0x0, 0x0, 0x0, 0x0, 0xd, 0xff, 0xc6, 0x0,
    0x0, 0x0, 0x0, 0x0, 0x0, 0x0,

    /* U+6765 "来" */
    0x0, 0x0, 0x0, 0x0, 0x0, 0x0, 0x3c, 0xc9,
    0x0, 0x0, 0x0, 0x0, 0x0, 0x0, 0x0, 0x0,
    0x0, 0x0, 0x0, 0x0, 0x4, 0xff, 0xb0, 0x0,
    0x0, 0x0, 0x0, 0x0, 0x0, 0x0, 0x0, 0x0,
    0x0, 0x0, 0x0, 0x4f, 0xfb, 0x0, 0x0, 0x0,
    0x0, 0x0, 0x0, 0x0, 0x0, 0x0, 0x0, 0x0,
    0x0, 0x4, 0xff, 0xb0, 0x0, 0x0, 0x0, 0x0,
    0x0, 0x0, 0x0, 0xaf, 0xff, 0xff, 0xff, 0xff,
    0xff, 0xff, 0xff, 0xff, 0xff, 0xff, 0xff, 0x60,
    0x0, 0xb, 0xff, 0xff, 0xff, 0xff, 0xff, 0xff,
    0xff, 0xff, 0xff, 0xff, 0xff, 0xf6, 0x0, 0x0,
    0x8c, 0xcc, 0xcc, 0xcc, 0xcc, 0xdf, 0xff, 0xcc,
    0xcc, 0xcc, 0xcc, 0xcc, 0x50, 0x0, 0x0, 0x0,
    0x39, 0x30, 0x0, 0x4, 0xff, 0xb0, 0x0, 0x0,
    0x8a, 0x51, 0x0, 0x0, 0x0, 0x0, 0x4f, 0xfc,
    0x0, 0x0, 0x4f, 0xfb, 0x0, 0x0, 0xf, 0xff,
    0x40, 0x0, 0x0, 0x0, 0x0, 0xcf, 0xf6, 0x0,
    0x4, 0xff, 0xb0, 0x0, 0x6, 0xff, 0xc0, 0x0,
    0x0, 0x0, 0x0, 0x3, 0xff, 0xd0, 0x0, 0x4f,
    0xfb, 0x0, 0x0, 0xdf, 0xf3, 0x0, 0x0, 0x0,
    0x0, 0x0, 0xc, 0xff, 0x40, 0x4, 0xff, 0xb0,
    0x0, 0x6f, 0xfa, 0x0, 0x0, 0x0, 0x0, 0x0,
    0x0, 0x6f, 0xf9, 0x0, 0x4f, 0xfb, 0x0, 0xe,
    0xff, 0x10, 0x0, 0x0, 0x0, 0x0, 0x0, 0x1,
    0xb5, 0x0, 0x5, 0xff, 0xb0, 0x0, 0x4a, 0x70,
    0x0, 0x0, 0x0, 0x2f, 0xff, 0xff, 0xff, 0xff,
    0xff, 0xff, 0xff, 0xff, 0xff, 0xff, 0xff, 0xff,
    0xf9, 0x2, 0xff, 0xff, 0xff, 0xff, 0xff, 0xff,
    0xff, 0xff, 0xff, 0xff, 0xff, 0xff, 0xff, 0x90,
    0x1a, 0xaa, 0xaa, 0xaa, 0xaa, 0xbf, 0xff, 0xff,
    0xfe, 0xaa, 0xaa, 0xaa, 0xaa, 0xa6, 0x0, 0x0,
    0x0, 0x0, 0x0, 0xc, 0xff, 0xff, 0xff, 0xf4,
    0x0, 0x0, 0x0, 0x0, 0x0, 0x0, 0x0, 0x0,
    0x0, 0xc, 0xff, 0xdf, 0xfd, 0xff, 0xf4, 0x0,
    0x0, 0x0, 0x0, 0x0, 0x0, 0x0, 0x0, 0x1c,
    0xff, 0xb4, 0xff, 0xb4, 0xff, 0xf5, 0x0, 0x0,
    0x0, 0x0, 0x0, 0x0, 0x0, 0x3e, 0xff, 0xc0,
    0x4f, 0xfb, 0x5, 0xff, 0xf7, 0x0, 0x0, 0x0,
    0x0, 0x0, 0x0, 0x6f, 0xff, 0xb0, 0x4, 0xff,
    0xb0, 0x5, 0xff, 0xfa, 0x10, 0x0, 0x0, 0x0,
    0x2, 0xcf, 0xff, 0xa0, 0x0, 0x4f, 0xfb, 0x0,
    0x4, 0xff, 0xfe, 0x50, 0x0, 0x0, 0x18, 0xff,
    0xff, 0x70, 0x0, 0x4, 0xff, 0xb0, 0x0, 0x2,
    0xdf, 0xff, 0xb3, 0x0, 0x7f, 0xff, 0xfd, 0x30,
    0x0, 0x0, 0x4f, 0xfb, 0x0, 0x0, 0x0, 0xaf,
    0xff, 0xfb, 0x12, 0xef, 0xf9, 0x0, 0x0, 0x0,
    0x4, 0xff, 0xb0, 0x0, 0x0, 0x0, 0x5e, 0xff,
    0x80, 0x3, 0xa2, 0x0, 0x0, 0x0, 0x0, 0x4f,
    0xfb, 0x0, 0x0, 0x0, 0x0, 0x7, 0xa0, 0x0,
    0x0, 0x0, 0x0, 0x0, 0x0, 0x4, 0xff, 0xb0,
    0x0, 0x0, 0x0, 0x0, 0x0, 0x0,

    /* U+677E "松" */
    0x0, 0x0, 0x7, 0xcc, 0x10, 0x0, 0x0, 0x0,
    0x0, 0x0, 0x0, 0x0, 0x0, 0x0, 0x0, 0x0,
    0x0, 0x9f, 0xf2, 0x0, 0x0, 0x0, 0x3a, 0x62,
    0x0, 0x8c, 0xc0, 0x0, 0x0, 0x0, 0x0, 0x9,
    0xff, 0x20, 0x0, 0x0, 0x8, 0xff, 0x80, 0xc,
    0xff, 0x10, 0x0, 0x0, 0x0, 0x0, 0x9f, 0xf2,
    0x0, 0x0, 0x0, 0xcf, 0xf4, 0x0, 0x8f, 0xf5,
    0x0, 0x0, 0x0, 0x0, 0x9, 0xff, 0x20, 0x0,
    0x0, 0xf, 0xff, 0x0, 0x3, 0xff, 0xa0, 0x0,
    0x0, 0x0, 0x0, 0x9f, 0xf2, 0x0, 0x0, 0x5,
    0xff, 0xb0, 0x0, 0xe, 0xff, 0x10, 0x0, 0x0,
    0x0, 0xa, 0xff, 0x30, 0x0, 0x0, 0xaf, 0xf6,
    0x0, 0x0, 0x9f, 0xf6, 0x0, 0x0, 0xff, 0xff,
    0xff, 0xff, 0xff, 0xc0, 0x1f, 0xff, 0x10, 0x0,
    0x3, 0xff, 0xd0, 0x0, 0xf, 0xff, 0xff, 0xff,
    0xff, 0xfc, 0x7, 0xff, 0xa0, 0x0, 0x0, 0xd,
    0xff, 0x50, 0x0, 0x99, 0x99, 0xff, 0xfa, 0x99,
    0x80, 0xef, 0xf4, 0x0, 0x0, 0x0, 0x6f, 0xfd,
    0x0, 0x0, 0x0, 0x1f, 0xff, 0x20, 0x0, 0x7f,
    0xfc, 0x0, 0x72, 0x0, 0x0, 0xef, 0xf7, 0x0,
    0x0, 0x6, 0xff, 0xfb, 0x0, 0x2f, 0xff, 0x50,
    0x2f, 0xfc, 0x10, 0x7, 0xff, 0xf3, 0x0, 0x0,
    0xaf, 0xff, 0xf7, 0xc, 0xff, 0xc0, 0x7, 0xff,
    0xd0, 0x0, 0xd, 0xff, 0x50, 0x0, 0x1f, 0xff,
    0xff, 0xf3, 0x5e, 0xf2, 0x0, 0xbf, 0xf7, 0x0,
    0x0, 0x3f, 0x40, 0x0, 0x6, 0xff, 0xff, 0xef,
    0xd0, 0x14, 0x0, 0x1f, 0xff, 0x10, 0x0, 0x0,
    0x30, 0x0, 0x0, 0xcf, 0xff, 0xf6, 0xff, 0x90,
    0x0, 0x7, 0xff, 0xb0, 0x0, 0x0, 0x0, 0x0,
    0x0, 0x4f, 0xfa, 0xff, 0x2b, 0xff, 0x40, 0x0,
    0xdf, 0xf5, 0x0, 0x0, 0x0, 0x0, 0x0, 0xc,
    0xf9, 0x9f, 0xf2, 0x3f, 0xd0, 0x0, 0x3f, 0xfe,
    0x0, 0x1, 0x71, 0x0, 0x0, 0x5, 0xff, 0x39,
    0xff, 0x20, 0x91, 0x0, 0x9, 0xff, 0x80, 0x3,
    0xff, 0x90, 0x0, 0x1, 0xef, 0xd0, 0x9f, 0xf2,
    0x0, 0x0, 0x1, 0xff, 0xf1, 0x0, 0xd, 0xff,
    0x20, 0x0, 0x3f, 0xf5, 0x9, 0xff, 0x20, 0x0,
    0x0, 0x7f, 0xfa, 0x0, 0x0, 0x5f, 0xfa, 0x0,
    0x0, 0xad, 0x0, 0x9f, 0xf2, 0x0, 0x0, 0xe,
    0xff, 0x20, 0x0, 0x0, 0xdf, 0xf2, 0x0, 0x2,
    0x30, 0x9, 0xff, 0x20, 0x0, 0x8, 0xff, 0xa0,
    0x0, 0x0, 0x5, 0xff, 0xa0, 0x0, 0x0, 0x0,
    0x9f, 0xf2, 0x0, 0x2, 0xff, 0xf5, 0x56, 0x8a,
    0xcd, 0xff, 0xff, 0x10, 0x0, 0x0, 0x9, 0xff,
    0x20, 0x1, 0xef, 0xff, 0xff, 0xff, 0xff, 0xff,
    0xff, 0xf7, 0x0, 0x0, 0x0, 0x9f, 0xf2, 0x0,
    0xe, 0xff, 0xff, 0xff, 0xff, 0xdb, 0x97, 0xff,
    0xd0, 0x0, 0x0, 0x9, 0xff, 0x20, 0x0, 0x8f,
    0xda, 0x85, 0x31, 0x0, 0x0, 0xc, 0xfa, 0x0,
    0x0, 0x0, 0x9f, 0xf2, 0x0, 0x1, 0x0, 0x0,
    0x0, 0x0, 0x0, 0x0, 0x32, 0x0,

    /* U+677F "板" */
    0x0, 0x0, 0x7, 0xcc, 0x0, 0x0, 0x0, 0x0,
    0x0, 0x0, 0x0, 0x0, 0x2, 0x0, 0x0, 0x0,
    0x0, 0x8f, 0xf1, 0x0, 0x0, 0x0, 0x0, 0x0,
    0x0, 0x2, 0x6c, 0xf8, 0x0, 0x0, 0x0, 0x8,
    0xff, 0x10, 0x0, 0x0, 0x0, 0x24, 0x68, 0xbe,
    0xff, 0xff, 0xf5, 0x0, 0x0, 0x0, 0x8f, 0xf1,
    0x0, 0x6, 0xdf, 0xff, 0xff, 0xff, 0xff, 0xff,
    0xfa, 0x40, 0x0, 0x0, 0x8, 0xff, 0x10, 0x0,
    0x9f, 0xff, 0xff, 0xff, 0xfd, 0xa7, 0x30, 0x0,
    0x0, 0x0, 0x0, 0x8f, 0xf1, 0x0, 0x9, 0xff,
    0x96, 0x43, 0x10, 0x0, 0x0, 0x0, 0x0, 0x4,
    0x99, 0x9d, 0xff, 0xa9, 0x94, 0x9f, 0xf2, 0x0,
    0x0, 0x0, 0x0, 0x0, 0x0, 0x0, 0x8f, 0xff,
    0xff, 0xff, 0xff, 0x79, 0xff, 0x20, 0x0, 0x0,
    0x0, 0x0, 0x0, 0x0, 0x8, 0xff, 0xff, 0xff,
    0xff, 0xf7, 0x9f, 0xf2, 0x0, 0x0, 0x0, 0x0,
    0x0, 0x0, 0x0, 0x1, 0x11, 0xdf, 0xf2, 0x11,
    0x9, 0xff, 0xb9, 0x99, 0x99, 0x99, 0x99, 0xa6,
    0x0, 0x0, 0x0, 0x2f, 0xff, 0x80, 0x0, 0x9f,
    0xff, 0xff, 0xff, 0xff, 0xff, 0xff, 0xf1, 0x0,
    0x0, 0x6, 0xff, 0xff, 0x30, 0x9, 0xff, 0xff,
    0xff, 0xff, 0xff, 0xff, 0xfe, 0x0, 0x0, 0x0,
    0xbf, 0xff, 0xfd, 0x0, 0xaf, 0xf4, 0xff, 0x60,
    0x0, 0x1, 0xff, 0xa0, 0x0, 0x0, 0x1f, 0xff,
    0xfd, 0xf8, 0xa, 0xff, 0x1d, 0xfb, 0x0, 0x0,
    0x6f, 0xf7, 0x0, 0x0, 0x7, 0xff, 0xff, 0x6f,
    0xf3, 0xbf, 0xf0, 0x8f, 0xf1, 0x0, 0xb, 0xff,
    0x20, 0x0, 0x0, 0xdf, 0xbf, 0xf1, 0xdf, 0x4c,
    0xff, 0x3, 0xff, 0x60, 0x1, 0xff, 0xc0, 0x0,
    0x0, 0x5f, 0xc8, 0xff, 0x16, 0x70, 0xef, 0xd0,
    0xe, 0xfd, 0x0, 0x8f, 0xf7, 0x0, 0x0, 0xd,
    0xf6, 0x8f, 0xf1, 0x0, 0xf, 0xfb, 0x0, 0x8f,
    0xf5, 0x1f, 0xff, 0x10, 0x0, 0x7, 0xff, 0x18,
    0xff, 0x10, 0x2, 0xff, 0x90, 0x1, 0xff, 0xd9,
    0xff, 0x80, 0x0, 0x2, 0xff, 0x90, 0x8f, 0xf1,
    0x0, 0x5f, 0xf7, 0x0, 0x8, 0xff, 0xff, 0xf1,
    0x0, 0x0, 0xd, 0xf2, 0x8, 0xff, 0x10, 0x9,
    0xff, 0x40, 0x0, 0x1f, 0xff, 0xf6, 0x0, 0x0,
    0x0, 0x59, 0x0, 0x8f, 0xf1, 0x0, 0xdf, 0xf0,
    0x0, 0x1, 0xdf, 0xff, 0x10, 0x0, 0x0, 0x0,
    0x10, 0x8, 0xff, 0x10, 0x1f, 0xfb, 0x0, 0x1,
    0xdf, 0xff, 0xfd, 0x10, 0x0, 0x0, 0x0, 0x0,
    0x8f, 0xf1, 0x8, 0xff, 0x60, 0x2, 0xef, 0xfe,
    0xef, 0xfd, 0x20, 0x0, 0x0, 0x0, 0x8, 0xff,
    0x11, 0xff, 0xf2, 0x18, 0xff, 0xfd, 0x22, 0xef,
    0xff, 0x70, 0x0, 0x0, 0x0, 0x8f, 0xf1, 0x7f,
    0xfa, 0x7e, 0xff, 0xfc, 0x10, 0x2, 0xef, 0xff,
    0xe5, 0x0, 0x0, 0x8, 0xff, 0x1c, 0xff, 0x25,
    0xff, 0xf7, 0x0, 0x0, 0x1, 0xaf, 0xff, 0x30,
    0x0, 0x0, 0x8f, 0xf1, 0x8, 0xa0, 0x9, 0x91,
    0x0, 0x0, 0x0, 0x0, 0x4d, 0x50, 0x0, 0x0,
    0x0, 0x0, 0x0, 0x0, 0x0, 0x0, 0x0, 0x0,
    0x0, 0x0, 0x0, 0x0, 0x0,

    /* U+679C "果" */
    0x0, 0x2, 0xff, 0xff, 0xff, 0xff, 0xff, 0xff,
    0xff, 0xff, 0xff, 0xff, 0xa0, 0x0, 0x0, 0x0,
    0x2f, 0xff, 0xff, 0xff, 0xff, 0xff, 0xff, 0xff,
    0xff, 0xff, 0xfb, 0x0, 0x0, 0x0, 0x2, 0xff,
    0xe6, 0x66, 0x66, 0x9f, 0xfd, 0x66, 0x66, 0x6a,
    0xff, 0xb0, 0x0, 0x0, 0x0, 0x2f, 0xfc, 0x0,
    0x0, 0x4, 0xff, 0xb0, 0x0, 0x0, 0x5f, 0xfb,
    0x0, 0x0, 0x0, 0x2, 0xff, 0xc0, 0x0, 0x0,
    0x4f, 0xfb, 0x0, 0x0, 0x5, 0xff, 0xb0, 0x0,
    0x0, 0x0, 0x2f, 0xff, 0xff, 0xff, 0xff, 0xff,
    0xff, 0xff, 0xff, 0xff, 0xfb, 0x0, 0x0, 0x0,
    0x2, 0xff, 0xff, 0xff, 0xff, 0xff, 0xff, 0xff,
    0xff, 0xff, 0xff, 0xb0, 0x0, 0x0, 0x0, 0x2f,
    0xfd, 0x44, 0x44, 0x47, 0xff, 0xc4, 0x44, 0x44,
    0x8f, 0xfb, 0x0, 0x0, 0x0, 0x2, 0xff, 0xc0,
    0x0, 0x0, 0x4f, 0xfb, 0x0, 0x0, 0x5, 0xff,
    0xb0, 0x0, 0x0, 0x0, 0x2f, 0xfc, 0x0, 0x0,
    0x5, 0xff, 0xb0, 0x0, 0x0, 0x6f, 0xfb, 0x0,
    0x0, 0x0, 0x2, 0xff, 0xff, 0xff, 0xff, 0xff,
    0xff, 0xff, 0xff, 0xff, 0xff, 0xb0, 0x0, 0x0,
    0x0, 0x2f, 0xff, 0xff, 0xff, 0xff, 0xff, 0xff,
    0xff, 0xff, 0xff, 0xfb, 0x0, 0x0, 0x0, 0x0,
    0x55, 0x55, 0x55, 0x55, 0x8f, 0xfc, 0x55, 0x55,
    0x55, 0x55, 0x30, 0x0, 0x0, 0x0, 0x0, 0x0,
    0x0, 0x0, 0x4, 0xff, 0xb0, 0x0, 0x0, 0x0,
    0x0, 0x0, 0x0, 0x8, 0x88, 0x88, 0x88, 0x88,
    0x88, 0xaf, 0xfe, 0x88, 0x88, 0x88, 0x88, 0x88,
    0x84, 0x1, 0xff, 0xff, 0xff, 0xff, 0xff, 0xff,
    0xff, 0xff, 0xff, 0xff, 0xff, 0xff, 0xff, 0x70,
    0x1f, 0xff, 0xff, 0xff, 0xff, 0xff, 0xff, 0xff,
    0xff, 0xff, 0xff, 0xff, 0xff, 0xf7, 0x0, 0x0,
    0x0, 0x0, 0x0, 0x3e, 0xff, 0xff, 0xff, 0xf8,
    0x0, 0x0, 0x0, 0x0, 0x0, 0x0, 0x0, 0x0,
    0x0, 0x4f, 0xff, 0xcf, 0xfc, 0xdf, 0xfb, 0x10,
    0x0, 0x0, 0x0, 0x0, 0x0, 0x0, 0x1, 0x9f,
    0xff, 0x74, 0xff, 0xb0, 0xbf, 0xfe, 0x60, 0x0,
    0x0, 0x0, 0x0, 0x0, 0x6, 0xef, 0xff, 0x50,
    0x4f, 0xfb, 0x0, 0x8f, 0xff, 0xc4, 0x0, 0x0,
    0x0, 0x0, 0x6e, 0xff, 0xfc, 0x20, 0x4, 0xff,
    0xb0, 0x0, 0x4e, 0xff, 0xfc, 0x50, 0x0, 0x39,
    0xff, 0xff, 0xe7, 0x0, 0x0, 0x4f, 0xfb, 0x0,
    0x0, 0x19, 0xff, 0xff, 0xe9, 0x15, 0xff, 0xff,
    0x91, 0x0, 0x0, 0x4, 0xff, 0xb0, 0x0, 0x0,
    0x2, 0xbf, 0xff, 0x80, 0x7, 0xe8, 0x10, 0x0,
    0x0, 0x0, 0x4f, 0xfb, 0x0, 0x0, 0x0, 0x0,
    0x29, 0xb0, 0x0, 0x0, 0x0, 0x0, 0x0, 0x0,
    0x4, 0xff, 0xb0, 0x0, 0x0, 0x0, 0x0, 0x0,
    0x0,

    /* U+67D4 "柔" */
    0x0, 0x0, 0x33, 0x33, 0x33, 0x33, 0x33, 0x33,
    0x33, 0x33, 0x33, 0x20, 0x0, 0x0, 0x0, 0x0,
    0xf, 0xff, 0xff, 0xff, 0xff, 0xff, 0xff, 0xff,
    0xff, 0xff, 0x40, 0x0, 0x0, 0x0, 0x0, 0xff,
    0xff, 0xff, 0xff, 0xff, 0xff, 0xff, 0xff, 0xff,
    0xf7, 0x0, 0x0, 0x0, 0x0, 0x0, 0x0, 0x0,
    0x21, 0x0, 0x0, 0x2, 0x9f, 0xff, 0xc2, 0x0,
    0x0, 0x0, 0x0, 0x0, 0x0, 0x0, 0x3f, 0xfb,
    0x73, 0x29, 0xff, 0xfe, 0x60, 0x0, 0x0, 0x0,
    0x0, 0x0, 0x0, 0x0, 0x8, 0xcf, 0xff, 0xff,
    0xff, 0xe6, 0x0, 0x0, 0x0, 0x0, 0x0, 0x0,
    0x0, 0x0, 0x0, 0x0, 0x14, 0x9e, 0xff, 0xff,
    0x92, 0x0, 0x0, 0x1, 0x0, 0x0, 0x9f, 0xff,
    0xff, 0xff, 0xff, 0xff, 0xff, 0xff, 0xff, 0xff,
    0xff, 0xff, 0xfb, 0x20, 0x9, 0xff, 0xff, 0xff,
    0xff, 0xff, 0xff, 0xff, 0xff, 0xff, 0xff, 0xff,
    0xff, 0xb0, 0x0, 0x23, 0x33, 0x33, 0x35, 0xdf,
    0xfc, 0xaf, 0xf7, 0x33, 0x33, 0x37, 0xff, 0xe1,
    0x0, 0x0, 0x0, 0x0, 0x6, 0xef, 0xfb, 0x8,
    0xff, 0x40, 0x0, 0x1, 0xef, 0xf3, 0x0, 0x0,
    0x0, 0x0, 0x6d, 0xff, 0xf7, 0x0, 0x8f, 0xf4,
    0x0, 0x1, 0xdf, 0xf5, 0x0, 0x0, 0x0, 0x4a,
    0xff, 0xff, 0xc2, 0x0, 0x9, 0xff, 0x40, 0x0,
    0x9f, 0xf6, 0x0, 0x0, 0x0, 0xcf, 0xff, 0xfe,
    0x60, 0x6e, 0xee, 0xff, 0xf2, 0x0, 0x0, 0x13,
    0x0, 0x0, 0x0, 0x2, 0xff, 0xd6, 0x0, 0x1,
    0xff, 0xff, 0xf8, 0x0, 0x0, 0x0, 0x0, 0x0,
    0x0, 0x0, 0x4, 0x30, 0x0, 0x0, 0x4, 0x57,
    0xff, 0x90, 0x0, 0x0, 0x0, 0x0, 0x0, 0x0,
    0x0, 0x0, 0x0, 0x0, 0x0, 0x0, 0x3f, 0xf9,
    0x0, 0x0, 0x0, 0x0, 0x0, 0x0, 0x1, 0xff,
    0xff, 0xff, 0xff, 0xff, 0xff, 0xff, 0xff, 0xff,
    0xff, 0xff, 0xff, 0xff, 0x90, 0x1f, 0xff, 0xff,
    0xff, 0xff, 0xff, 0xff, 0xff, 0xff, 0xff, 0xff,
    0xff, 0xff, 0xf9, 0x0, 0x88, 0x88, 0x88, 0x88,
    0x9f, 0xff, 0xff, 0xff, 0xfb, 0x88, 0x88, 0x88,
    0x88, 0x50, 0x0, 0x0, 0x0, 0x0, 0x3e, 0xff,
    0xdf, 0xfe, 0xff, 0xf7, 0x0, 0x0, 0x0, 0x0,
    0x0, 0x0, 0x0, 0x1, 0x9f, 0xff, 0x84, 0xff,
    0x94, 0xef, 0xfd, 0x50, 0x0, 0x0, 0x0, 0x0,
    0x0, 0x28, 0xff, 0xfe, 0x50, 0x3f, 0xf9, 0x2,
    0xbf, 0xff, 0xc5, 0x0, 0x0, 0x0, 0x5, 0xbf,
    0xff, 0xfa, 0x10, 0x3, 0xff, 0x90, 0x0, 0x5e,
    0xff, 0xfe, 0x94, 0x0, 0x6f, 0xff, 0xff, 0xc4,
    0x0, 0x0, 0x3f, 0xf9, 0x0, 0x0, 0x7, 0xef,
    0xff, 0xfd, 0x0, 0xbf, 0xfb, 0x40, 0x0, 0x0,
    0x3, 0xff, 0x90, 0x0, 0x0, 0x0, 0x6c, 0xff,
    0x20, 0x1, 0x71, 0x0, 0x0, 0x0, 0x0, 0x3f,
    0xf9, 0x0, 0x0, 0x0, 0x0, 0x2, 0x30, 0x0,

    /* U+67E5 "查" */
    0x0, 0x0, 0x0, 0x0, 0x0, 0x0, 0x1, 0x10,
    0x0, 0x0, 0x0, 0x0, 0x0, 0x0, 0x0, 0x0,
    0x0, 0x0, 0x0, 0x0, 0x4, 0xff, 0x80, 0x0,
    0x0, 0x0, 0x0, 0x0, 0x0, 0x0, 0x0, 0x0,
    0x0, 0x0, 0x0, 0x4f, 0xf8, 0x0, 0x0, 0x0,
    0x0, 0x0, 0x0, 0x0, 0x0, 0x0, 0x0, 0x0,
    0x0, 0x4, 0xff, 0x80, 0x0, 0x0, 0x0, 0x0,
    0x0, 0x0, 0x7, 0x77, 0x77, 0x77, 0x77, 0x77,
    0xaf, 0xfc, 0x77, 0x77, 0x77, 0x77, 0x77, 0x74,
    0x1, 0xff, 0xff, 0xff, 0xff, 0xff, 0xff, 0xff,
    0xff, 0xff, 0xff, 0xff, 0xff, 0xff, 0x90, 0x1f,
    0xff, 0xff, 0xff, 0xff, 0xff, 0xff, 0xff, 0xff,
    0xff, 0xff, 0xff, 0xff, 0xf9, 0x0, 0x0, 0x0,
    0x0, 0x0, 0xbf, 0xfd, 0xff, 0xdf, 0xfd, 0x20,
    0x0, 0x0, 0x0, 0x0, 0x0, 0x0, 0x0, 0x1,
    0xcf, 0xfb, 0x4f, 0xf8, 0x7f, 0xfe, 0x30, 0x0,
    0x0, 0x0, 0x0, 0x0, 0x0, 0x3, 0xef, 0xfc,
    0x4, 0xff, 0x80, 0x7f, 0xff, 0x80, 0x0, 0x0,
    0x0, 0x0, 0x0, 0x8, 0xff, 0xfa, 0x0, 0x4f,
    0xf8, 0x0, 0x5f, 0xff, 0xd4, 0x0, 0x0, 0x0,
    0x0, 0x6e, 0xff, 0xf8, 0x0, 0x4, 0xff, 0x80,
    0x0, 0x3e, 0xff, 0xfc, 0x40, 0x0, 0x17, 0xef,
    0xff, 0xd4, 0x0, 0x0, 0x3d, 0xd7, 0x0, 0x0,
    0x19, 0xff, 0xff, 0xd7, 0x7, 0xff, 0xff, 0xa3,
    0x33, 0x33, 0x33, 0x33, 0x33, 0x33, 0x33, 0x35,
    0xcf, 0xff, 0x90, 0x9, 0xf9, 0x25, 0xff, 0xff,
    0xff, 0xff, 0xff, 0xff, 0xff, 0xff, 0xa0, 0x4b,
    0xc0, 0x0, 0x1, 0x0, 0x5f, 0xfd, 0xbb, 0xbb,
    0xbb, 0xbb, 0xbb, 0xcf, 0xfa, 0x0, 0x0, 0x0,
    0x0, 0x0, 0x5, 0xff, 0x70, 0x0, 0x0, 0x0,
    0x0, 0x4, 0xff, 0xa0, 0x0, 0x0, 0x0, 0x0,
    0x0, 0x5f, 0xfd, 0xaa, 0xaa, 0xaa, 0xaa, 0xaa,
    0xcf, 0xfa, 0x0, 0x0, 0x0, 0x0, 0x0, 0x5,
    0xff, 0xff, 0xff, 0xff, 0xff, 0xff, 0xff, 0xff,
    0xa0, 0x0, 0x0, 0x0, 0x0, 0x0, 0x5f, 0xf9,
    0x33, 0x33, 0x33, 0x33, 0x33, 0x6f, 0xfa, 0x0,
    0x0, 0x0, 0x0, 0x0, 0x5, 0xff, 0x70, 0x0,
    0x0, 0x0, 0x0, 0x4, 0xff, 0xa0, 0x0, 0x0,
    0x0, 0x0, 0x0, 0x5f, 0xfd, 0xbb, 0xbb, 0xbb,
    0xbb, 0xbb, 0xcf, 0xfa, 0x0, 0x0, 0x0, 0x0,
    0x0, 0x5, 0xff, 0xff, 0xff, 0xff, 0xff, 0xff,
    0xff, 0xff, 0xa0, 0x0, 0x0, 0x0, 0x0, 0x0,
    0x13, 0x33, 0x33, 0x33, 0x33, 0x33, 0x33, 0x33,
    0x32, 0x0, 0x0, 0x0, 0x0, 0x0, 0x0, 0x0,
    0x0, 0x0, 0x0, 0x0, 0x0, 0x0, 0x0, 0x0,
    0x0, 0x0, 0x0, 0xbf, 0xff, 0xff, 0xff, 0xff,
    0xff, 0xff, 0xff, 0xff, 0xff, 0xff, 0xff, 0xff,
    0x40, 0xb, 0xff, 0xff, 0xff, 0xff, 0xff, 0xff,
    0xff, 0xff, 0xff, 0xff, 0xff, 0xff, 0xf4, 0x0,
    0x69, 0x99, 0x99, 0x99, 0x99, 0x99, 0x99, 0x99,
    0x99, 0x99, 0x99, 0x99, 0x99, 0x20,

    /* U+6807 "标" */
    0x0, 0x0, 0x0, 0xcc, 0x80, 0x0, 0x0, 0x0,
    0x0, 0x0, 0x0, 0x0, 0x0, 0x0, 0x0, 0x0,
    0x0, 0x1, 0xff, 0xb0, 0x0, 0x0, 0x0, 0x0,
    0x0, 0x0, 0x0, 0x0, 0x0, 0x0, 0x0, 0x0,
    0x1, 0xff, 0xb0, 0x0, 0x0, 0x0, 0x0, 0x0,
    0x0, 0x0, 0x0, 0x0, 0x0, 0x0, 0x0, 0x1,
    0xff, 0xb0, 0x0, 0x0, 0xcf, 0xff, 0xff, 0xff,
    0xff, 0xff, 0xf5, 0x0, 0x0, 0x0, 0x1, 0xff,
    0xb0, 0x0, 0x0, 0xcf, 0xff, 0xff, 0xff, 0xff,
    0xff, 0xf5, 0x0, 0x0, 0x0, 0x1, 0xff, 0xb0,
    0x0, 0x0, 0x79, 0x99, 0x99, 0x99, 0x99, 0x99,
    0x93, 0x0, 0x0, 0x0, 0x1, 0xff, 0xb0, 0x0,
    0x0, 0x0, 0x0, 0x0, 0x0, 0x0, 0x0, 0x0,
    0x0, 0x7, 0xff, 0xff, 0xff, 0xff, 0xff, 0x70,
    0x0, 0x0, 0x0, 0x0, 0x0, 0x0, 0x0, 0x0,
    0x7, 0xff, 0xff, 0xff, 0xff, 0xff, 0x70, 0x0,
    0x0, 0x0, 0x0, 0x0, 0x0, 0x0, 0x0, 0x3,
    0x88, 0x8e, 0xff, 0xd8, 0x88, 0x30, 0x0, 0x0,
    0x0, 0x0, 0x0, 0x0, 0x0, 0x0, 0x0, 0x0,
    0xf, 0xff, 0xe1, 0x0, 0x1f, 0xff, 0xff, 0xff,
    0xff, 0xff, 0xff, 0xff, 0xf0, 0x0, 0x0, 0x4f,
    0xff, 0xfc, 0x0, 0x1f, 0xff, 0xff, 0xff, 0xff,
    0xff, 0xff, 0xff, 0xf0, 0x0, 0x0, 0x9f, 0xff,
    0xff, 0xa0, 0x19, 0x99, 0x99, 0x9f, 0xff, 0x99,
    0x99, 0x99, 0x90, 0x0, 0x1, 0xff, 0xff, 0xef,
    0xf7, 0x0, 0x0, 0x0, 0xe, 0xfe, 0x0, 0x0,
    0x0, 0x0, 0x0, 0x6, 0xff, 0xff, 0xb8, 0xff,
    0x40, 0x0, 0x0, 0xe, 0xfe, 0x0, 0x0, 0x0,
    0x0, 0x0, 0xe, 0xf9, 0xff, 0xb0, 0xdf, 0x60,
    0x22, 0x0, 0xe, 0xfe, 0x0, 0x15, 0x0, 0x0,
    0x0, 0x6f, 0xf3, 0xff, 0xb0, 0x5b, 0x0, 0xbf,
    0xe0, 0xe, 0xfe, 0x4, 0xff, 0x50, 0x0, 0x1,
    0xef, 0xb1, 0xff, 0xb0, 0x0, 0x0, 0xff, 0xb0,
    0xe, 0xfe, 0x0, 0xff, 0xb0, 0x0, 0xa, 0xff,
    0x51, 0xff, 0xb0, 0x0, 0x5, 0xff, 0x50, 0xe,
    0xfe, 0x0, 0x9f, 0xf2, 0x0, 0xe, 0xfd, 0x1,
    0xff, 0xb0, 0x0, 0xb, 0xff, 0x0, 0xe, 0xfe,
    0x0, 0x3f, 0xf9, 0x0, 0x5, 0xf4, 0x1, 0xff,
    0xb0, 0x0, 0x1f, 0xfa, 0x0, 0xe, 0xfe, 0x0,
    0xd, 0xff, 0x0, 0x0, 0x70, 0x1, 0xff, 0xb0,
    0x0, 0x9f, 0xf4, 0x0, 0xe, 0xfe, 0x0, 0x7,
    0xff, 0x50, 0x0, 0x0, 0x1, 0xff, 0xb0, 0x2,
    0xff, 0xc0, 0x0, 0xe, 0xfe, 0x0, 0x2, 0xff,
    0xa0, 0x0, 0x0, 0x1, 0xff, 0xb0, 0xc, 0xff,
    0x40, 0x0, 0xe, 0xfe, 0x0, 0x0, 0xdf, 0xe0,
    0x0, 0x0, 0x1, 0xff, 0xb0, 0x3, 0xca, 0x0,
    0x0, 0xf, 0xfe, 0x0, 0x0, 0xaf, 0xb0, 0x0,
    0x0, 0x1, 0xff, 0xb0, 0x0, 0x1, 0x6, 0xdd,
    0xef, 0xfc, 0x0, 0x0, 0x21, 0x0, 0x0, 0x0,
    0x1, 0xff, 0xb0, 0x0, 0x0, 0x2, 0xff, 0xff,
    0xf9, 0x0, 0x0, 0x0, 0x0, 0x0, 0x0, 0x1,
    0xff, 0xb0, 0x0, 0x0, 0x0, 0xef, 0xec, 0x80,
    0x0, 0x0, 0x0, 0x0,

    /* U+6863 "档" */
    0x0, 0x0, 0x7, 0xcc, 0x0, 0x0, 0x0, 0x0,
    0x0, 0x8b, 0xb0, 0x0, 0x0, 0x0, 0x0, 0x0,
    0x0, 0x9f, 0xf1, 0x0, 0x0, 0x0, 0x0, 0xb,
    0xff, 0x0, 0x0, 0x0, 0x0, 0x0, 0x0, 0x9,
    0xff, 0x10, 0x0, 0x17, 0x10, 0x0, 0xbf, 0xf0,
    0x0, 0x7, 0x61, 0x0, 0x0, 0x0, 0x9f, 0xf1,
    0x0, 0x1f, 0xf8, 0x0, 0xb, 0xff, 0x0, 0x1,
    0xff, 0xe0, 0x0, 0x0, 0x9, 0xff, 0x10, 0x0,
    0xbf, 0xe0, 0x0, 0xbf, 0xf0, 0x0, 0x6f, 0xf8,
    0x0, 0x0, 0x0, 0x9f, 0xf1, 0x0, 0x5, 0xff,
    0x50, 0xb, 0xff, 0x0, 0xb, 0xff, 0x10, 0x0,
    0x0, 0x9, 0xff, 0x10, 0x0, 0xe, 0xfb, 0x0,
    0xbf, 0xf0, 0x1, 0xff, 0xb0, 0x0, 0xcf, 0xff,
    0xff, 0xff, 0xff, 0xa0, 0x9f, 0xf1, 0xb, 0xff,
    0x0, 0x7f, 0xf4, 0x0, 0xc, 0xff, 0xff, 0xff,
    0xff, 0xfa, 0x3, 0xff, 0x60, 0xbf, 0xf0, 0xd,
    0xfd, 0x0, 0x0, 0x8a, 0xab, 0xff, 0xfa, 0xaa,
    0x70, 0xe, 0xe5, 0xb, 0xff, 0x5, 0xff, 0x50,
    0x0, 0x0, 0x0, 0x4f, 0xff, 0x10, 0x0, 0x0,
    0x30, 0x0, 0xbf, 0xf0, 0x2, 0x70, 0x0, 0x0,
    0x0, 0x8, 0xff, 0xf8, 0x0, 0x0, 0x0, 0x0,
    0xb, 0xff, 0x0, 0x0, 0x0, 0x0, 0x0, 0x0,
    0xcf, 0xff, 0xf5, 0x3, 0xff, 0xff, 0xff, 0xff,
    0xff, 0xff, 0xff, 0xfb, 0x0, 0x0, 0x2f, 0xff,
    0xff, 0xe1, 0x3f, 0xff, 0xff, 0xff, 0xff, 0xff,
    0xff, 0xff, 0xb0, 0x0, 0x7, 0xff, 0xff, 0xef,
    0xc2, 0xaa, 0xaa, 0xaa, 0xaa, 0xaa, 0xaa, 0xaf,
    0xfb, 0x0, 0x0, 0xdf, 0xff, 0xf5, 0xff, 0x70,
    0x0, 0x0, 0x0, 0x0, 0x0, 0x1, 0xff, 0xb0,
    0x0, 0x4f, 0xfa, 0xff, 0x1a, 0xfc, 0x0, 0x0,
    0x0, 0x0, 0x0, 0x0, 0x1f, 0xfb, 0x0, 0xb,
    0xf9, 0x9f, 0xf1, 0x2e, 0x20, 0x0, 0x0, 0x0,
    0x0, 0x0, 0x1, 0xff, 0xb0, 0x3, 0xff, 0x49,
    0xff, 0x10, 0x10, 0xcf, 0xff, 0xff, 0xff, 0xff,
    0xff, 0xff, 0xfb, 0x0, 0xcf, 0xe0, 0x9f, 0xf1,
    0x0, 0xc, 0xff, 0xff, 0xff, 0xff, 0xff, 0xff,
    0xff, 0xb0, 0x4f, 0xf7, 0x9, 0xff, 0x10, 0x0,
    0x67, 0x77, 0x77, 0x77, 0x77, 0x77, 0x8f, 0xfb,
    0x0, 0xde, 0x0, 0x9f, 0xf1, 0x0, 0x0, 0x0,
    0x0, 0x0, 0x0, 0x0, 0x1, 0xff, 0xb0, 0x6,
    0x50, 0x9, 0xff, 0x10, 0x0, 0x0, 0x0, 0x0,
    0x0, 0x0, 0x0, 0x1f, 0xfb, 0x0, 0x0, 0x0,
    0x9f, 0xf1, 0x0, 0x0, 0x0, 0x0, 0x0, 0x0,
    0x0, 0x1, 0xff, 0xb0, 0x0, 0x0, 0x9, 0xff,
    0x10, 0xe, 0xff, 0xff, 0xff, 0xff, 0xff, 0xff,
    0xff, 0xfb, 0x0, 0x0, 0x0, 0x9f, 0xf1, 0x0,
    0xef, 0xff, 0xff, 0xff, 0xff, 0xff, 0xff, 0xff,
    0xb0, 0x0, 0x0, 0x9, 0xff, 0x10, 0x9, 0xaa,
    0xaa, 0xaa, 0xaa, 0xaa, 0xaa, 0xbf, 0xfb, 0x0,
    0x0, 0x0, 0x9f, 0xf1, 0x0, 0x0, 0x0, 0x0,
    0x0, 0x0, 0x0, 0x1, 0xff, 0xb0,

    /* U+68C0 "检" */
    0x0, 0x0, 0x0, 0x0, 0x0, 0x0, 0x0, 0x0,
    0x0, 0x0, 0x0, 0x0, 0x0, 0x0, 0x0, 0x0,
    0x0, 0xb, 0xc8, 0x0, 0x0, 0x0, 0x0, 0x0,
    0xda, 0x30, 0x0, 0x0, 0x0, 0x0, 0x0, 0x0,
    0xe, 0xfa, 0x0, 0x0, 0x0, 0x0, 0x7, 0xff,
    0x90, 0x0, 0x0, 0x0, 0x0, 0x0, 0x0, 0xe,
    0xfa, 0x0, 0x0, 0x0, 0x0, 0x1f, 0xff, 0xa0,
    0x0, 0x0, 0x0, 0x0, 0x0, 0x0, 0xe, 0xfa,
    0x0, 0x0, 0x0, 0x0, 0xbf, 0xff, 0xf7, 0x0,
    0x0, 0x0, 0x0, 0x0, 0x0, 0xe, 0xfa, 0x0,
    0x0, 0x0, 0x7, 0xff, 0xef, 0xff, 0x60, 0x0,
    0x0, 0x0, 0x0, 0x0, 0xe, 0xfa, 0x0, 0x0,
    0x0, 0x4f, 0xff, 0x34, 0xff, 0xf7, 0x0, 0x0,
    0x0, 0x7, 0xaa, 0xaf, 0xfe, 0xaa, 0x40, 0x3,
    0xff, 0xf6, 0x0, 0x5f, 0xff, 0x80, 0x0, 0x0,
    0xa, 0xff, 0xff, 0xff, 0xff, 0x70, 0x3f, 0xff,
    0x90, 0x0, 0x6, 0xff, 0xfb, 0x0, 0x0, 0xa,
    0xff, 0xff, 0xff, 0xff, 0x74, 0xff, 0xfa, 0x0,
    0x0, 0x0, 0x5f, 0xff, 0xd3, 0x0, 0x0, 0x0,
    0x4f, 0xfa, 0x0, 0x8f, 0xff, 0xc1, 0x11, 0x11,
    0x11, 0x15, 0xff, 0xff, 0x90, 0x0, 0x0, 0x8f,
    0xfe, 0x1a, 0xff, 0xfa, 0xff, 0xff, 0xff, 0xff,
    0xff, 0x7c, 0xff, 0xa0, 0x0, 0x0, 0xdf, 0xff,
    0xa2, 0xff, 0x70, 0xff, 0xff, 0xff, 0xff, 0xff,
    0x40, 0x9f, 0x20, 0x0, 0x1, 0xff, 0xff, 0xf5,
    0x64, 0x0, 0x55, 0x55, 0x55, 0x55, 0x55, 0x10,
    0x2, 0x0, 0x0, 0x7, 0xff, 0xff, 0xfe, 0x10,
    0x0, 0x0, 0x0, 0x0, 0x0, 0x0, 0x0, 0x0,
    0x0, 0x0, 0xc, 0xff, 0xfa, 0xdf, 0x90, 0x0,
    0x0, 0x2, 0x89, 0x0, 0x0, 0x29, 0x51, 0x0,
    0x0, 0x3f, 0xff, 0xfa, 0x6f, 0xc0, 0xcf, 0x30,
    0x3, 0xff, 0x0, 0x0, 0x7f, 0xf2, 0x0, 0x0,
    0xaf, 0xae, 0xfa, 0xc, 0x10, 0xdf, 0x80, 0x0,
    0xff, 0x30, 0x0, 0xdf, 0xb0, 0x0, 0x2, 0xff,
    0x4e, 0xfa, 0x0, 0x0, 0x8f, 0xd0, 0x0, 0xdf,
    0x70, 0x3, 0xff, 0x50, 0x0, 0xb, 0xfe, 0xe,
    0xfa, 0x0, 0x0, 0x4f, 0xf2, 0x0, 0xaf, 0xa0,
    0x9, 0xfd, 0x0, 0x0, 0xe, 0xf8, 0xe, 0xfa,
    0x0, 0x0, 0xf, 0xf6, 0x0, 0x8f, 0xc0, 0xf,
    0xf7, 0x0, 0x0, 0x6, 0xf1, 0xe, 0xfa, 0x0,
    0x0, 0xc, 0xfa, 0x0, 0x6f, 0xf0, 0x6f, 0xf0,
    0x0, 0x0, 0x0, 0x70, 0xe, 0xfa, 0x0, 0x0,
    0x8, 0xfd, 0x0, 0x38, 0x60, 0xdf, 0x80, 0x0,
    0x0, 0x0, 0x0, 0xe, 0xfa, 0x0, 0x0, 0x3,
    0x50, 0x0, 0x0, 0x5, 0xff, 0x10, 0x0, 0x0,
    0x0, 0x0, 0xe, 0xfa, 0x0, 0x0, 0x0, 0x0,
    0x0, 0x0, 0xd, 0xf8, 0x0, 0x0, 0x0, 0x0,
    0x0, 0xe, 0xfa, 0x0, 0x57, 0x77, 0x77, 0x77,
    0x77, 0x9f, 0xf8, 0x77, 0x77, 0x0, 0x0, 0x0,
    0xe, 0xfa, 0x0, 0xcf, 0xff, 0xff, 0xff, 0xff,
    0xff, 0xff, 0xff, 0xff, 0x10, 0x0, 0x0, 0xe,
    0xfa, 0x0, 0xcf, 0xff, 0xff, 0xff, 0xff, 0xff,
    0xff, 0xff, 0xff, 0x10, 0x0, 0x0, 0xe, 0xfa,
    0x0, 0x0, 0x0, 0x0, 0x0, 0x0, 0x0, 0x0,
    0x0, 0x0, 0x0,

    /* U+6A21 "模" */
    0x0, 0x0, 0xc, 0xc7, 0x0, 0x0, 0x0, 0xc,
    0xc7, 0x0, 0x4, 0xcc, 0x40, 0x0, 0x0, 0x0,
    0x1, 0xff, 0x90, 0x0, 0x0, 0x0, 0xff, 0x90,
    0x0, 0x5f, 0xf5, 0x0, 0x0, 0x0, 0x0, 0x1f,
    0xf9, 0x0, 0x5, 0x55, 0x6f, 0xfb, 0x55, 0x59,
    0xff, 0x95, 0x55, 0x10, 0x0, 0x1, 0xff, 0x90,
    0x0, 0xff, 0xff, 0xff, 0xff, 0xff, 0xff, 0xff,
    0xff, 0xf2, 0x0, 0x0, 0x1f, 0xf9, 0x0, 0xf,
    0xff, 0xff, 0xff, 0xff, 0xff, 0xff, 0xff, 0xff,
    0x20, 0x0, 0x1, 0xff, 0x90, 0x0, 0x22, 0x23,
    0xff, 0xa2, 0x22, 0x6f, 0xf7, 0x22, 0x20, 0x6,
    0xbb, 0xbf, 0xfe, 0xbb, 0x60, 0x0, 0xf, 0xf9,
    0x0, 0x5, 0xff, 0x50, 0x0, 0x0, 0x9f, 0xff,
    0xff, 0xff, 0xf8, 0x1, 0x11, 0x66, 0x41, 0x11,
    0x36, 0x63, 0x11, 0x0, 0x9, 0xff, 0xff, 0xff,
    0xff, 0x80, 0xff, 0xff, 0xff, 0xff, 0xff, 0xff,
    0xff, 0xb0, 0x0, 0x0, 0x2, 0xff, 0xa0, 0x0,
    0xf, 0xff, 0xff, 0xff, 0xff, 0xff, 0xff, 0xfb,
    0x0, 0x0, 0x0, 0x6f, 0xfd, 0x0, 0x0, 0xff,
    0x90, 0x0, 0x0, 0x0, 0x0, 0xff, 0xb0, 0x0,
    0x0, 0xb, 0xff, 0xf8, 0x0, 0xf, 0xfa, 0x0,
    0x0, 0x0, 0x0, 0x1f, 0xfb, 0x0, 0x0, 0x0,
    0xff, 0xff, 0xf3, 0x0, 0xff, 0xff, 0xff, 0xff,
    0xff, 0xff, 0xff, 0xb0, 0x0, 0x0, 0x5f, 0xff,
    0xff, 0xd0, 0xf, 0xff, 0xee, 0xee, 0xee, 0xee,
    0xef, 0xfb, 0x0, 0x0, 0xa, 0xff, 0xfc, 0xff,
    0x80, 0xff, 0x90, 0x0, 0x0, 0x0, 0x0, 0xff,
    0xb0, 0x0, 0x0, 0xef, 0xff, 0x9a, 0xff, 0x1f,
    0xfe, 0xcc, 0xcc, 0xcc, 0xcc, 0xcf, 0xfb, 0x0,
    0x0, 0x6f, 0xef, 0xf9, 0x2f, 0x70, 0xff, 0xff,
    0xff, 0xff, 0xff, 0xff, 0xff, 0xb0, 0x0, 0xd,
    0xf8, 0xff, 0x90, 0x50, 0x4, 0x44, 0x44, 0x6f,
    0xfb, 0x44, 0x44, 0x42, 0x0, 0x6, 0xff, 0x3f,
    0xf9, 0x0, 0x0, 0x0, 0x0, 0x4, 0xff, 0x70,
    0x0, 0x0, 0x0, 0x0, 0xef, 0xc1, 0xff, 0x90,
    0x4, 0x55, 0x55, 0x55, 0x9f, 0xf9, 0x55, 0x55,
    0x55, 0x50, 0xd, 0xf4, 0x1f, 0xf9, 0x0, 0xdf,
    0xff, 0xff, 0xff, 0xff, 0xff, 0xff, 0xff, 0xff,
    0x20, 0x5c, 0x1, 0xff, 0x90, 0xd, 0xff, 0xff,
    0xff, 0xff, 0xff, 0xff, 0xff, 0xff, 0xf2, 0x0,
    0x30, 0x1f, 0xf9, 0x0, 0x0, 0x0, 0x0, 0xaf,
    0xfb, 0xff, 0x90, 0x0, 0x0, 0x0, 0x0, 0x1,
    0xff, 0x90, 0x0, 0x0, 0x0, 0x9f, 0xfd, 0xa,
    0xff, 0x90, 0x0, 0x0, 0x0, 0x0, 0x1f, 0xf9,
    0x0, 0x0, 0x5, 0xdf, 0xfe, 0x20, 0x1c, 0xff,
    0xd4, 0x0, 0x0, 0x0, 0x1, 0xff, 0x90, 0x15,
    0x9e, 0xff, 0xfd, 0x20, 0x0, 0xc, 0xff, 0xfd,
    0x84, 0x0, 0x0, 0x1f, 0xf9, 0x3, 0xff, 0xff,
    0xe6, 0x0, 0x0, 0x0, 0x6, 0xef, 0xff, 0x50,
    0x0, 0x1, 0xff, 0x90, 0x7, 0xd8, 0x40, 0x0,
    0x0, 0x0, 0x0, 0x1, 0x6c, 0x80, 0x0, 0x0,
    0x0, 0x0, 0x0, 0x0, 0x0, 0x0, 0x0, 0x0,
    0x0, 0x0, 0x0, 0x0, 0x0,

    /* U+6B21 "次" */
    0x0, 0x0, 0x0, 0x0, 0x0, 0x0, 0x0, 0x0,
    0x0, 0x0, 0x0, 0x0, 0x0, 0x0, 0x0, 0x0,
    0x0, 0x0, 0x0, 0x0, 0xa, 0xeb, 0x40, 0x0,
    0x0, 0x0, 0x0, 0x0, 0x0, 0x0, 0x0, 0x0,
    0x0, 0x0, 0x0, 0xef, 0xf4, 0x0, 0x0, 0x0,
    0x0, 0x0, 0x0, 0x0, 0x3d, 0x50, 0x0, 0x0,
    0x0, 0x2f, 0xff, 0x0, 0x0, 0x0, 0x0, 0x0,
    0x0, 0x0, 0x1e, 0xff, 0xb2, 0x0, 0x0, 0x6,
    0xff, 0xb0, 0x0, 0x0, 0x0, 0x0, 0x0, 0x0,
    0x0, 0x9f, 0xff, 0xf7, 0x0, 0x0, 0xbf, 0xf9,
    0x22, 0x22, 0x22, 0x22, 0x23, 0x20, 0x0, 0x0,
    0x3d, 0xff, 0xfb, 0x0, 0x1f, 0xff, 0xff, 0xff,
    0xff, 0xff, 0xff, 0xff, 0xa1, 0x0, 0x0, 0x9,
    0xff, 0xc0, 0x6, 0xff, 0xff, 0xff, 0xff, 0xff,
    0xff, 0xff, 0xff, 0x10, 0x0, 0x0, 0x6, 0xe2,
    0x0, 0xcf, 0xfc, 0xaa, 0xaa, 0xaa, 0xaa, 0xac,
    0xff, 0xc0, 0x0, 0x0, 0x0, 0x1, 0x0, 0x4f,
    0xff, 0x10, 0x2, 0x22, 0x0, 0x0, 0x8f, 0xf7,
    0x0, 0x0, 0x0, 0x0, 0x0, 0xb, 0xff, 0x90,
    0x1, 0xff, 0xf0, 0x0, 0xd, 0xff, 0x20, 0x0,
    0x0, 0x0, 0x0, 0x5, 0xff, 0xf2, 0x0, 0x1f,
    0xff, 0x0, 0x3, 0xff, 0xc0, 0x0, 0x0, 0x0,
    0x0, 0x1, 0xef, 0xfa, 0x0, 0x2, 0xff, 0xe0,
    0x0, 0x9f, 0xf6, 0x0, 0x0, 0x0, 0x0, 0x0,
    0x3e, 0xff, 0x10, 0x0, 0x3f, 0xfe, 0x0, 0xf,
    0xfe, 0x0, 0x0, 0x0, 0x0, 0x0, 0x10, 0x8,
    0x60, 0x0, 0x5, 0xff, 0xf1, 0x0, 0x6e, 0x80,
    0x0, 0x0, 0x0, 0x0, 0x3f, 0x50, 0x0, 0x0,
    0x0, 0x6f, 0xff, 0x60, 0x0, 0x0, 0x0, 0x0,
    0x0, 0x0, 0xd, 0xff, 0x40, 0x0, 0x0, 0xa,
    0xff, 0xfb, 0x0, 0x0, 0x0, 0x0, 0x0, 0x0,
    0x7, 0xff, 0xe0, 0x0, 0x0, 0x0, 0xef, 0xff,
    0xf0, 0x0, 0x0, 0x0, 0x0, 0x0, 0x2, 0xff,
    0xf5, 0x0, 0x0, 0x0, 0x5f, 0xff, 0xff, 0x70,
    0x0, 0x0, 0x0, 0x0, 0x0, 0xbf, 0xfc, 0x0,
    0x0, 0x0, 0xc, 0xff, 0xbf, 0xff, 0x10, 0x0,
    0x0, 0x0, 0x0, 0x6f, 0xff, 0x30, 0x0, 0x0,
    0x6, 0xff, 0xf2, 0x8f, 0xf9, 0x0, 0x0, 0x0,
    0x0, 0x2f, 0xff, 0x90, 0x0, 0x0, 0x2, 0xef,
    0xfa, 0x1, 0xff, 0xf3, 0x0, 0x0, 0x0, 0xc,
    0xff, 0xe0, 0x0, 0x0, 0x1, 0xdf, 0xfe, 0x10,
    0x8, 0xff, 0xe2, 0x0, 0x0, 0x8, 0xff, 0xf5,
    0x0, 0x0, 0x1, 0xcf, 0xff, 0x40, 0x0, 0xc,
    0xff, 0xe2, 0x0, 0x0, 0x2d, 0xfa, 0x0, 0x0,
    0x3, 0xef, 0xff, 0x70, 0x0, 0x0, 0x2f, 0xff,
    0xe6, 0x0, 0x0, 0x9, 0x10, 0x0, 0x19, 0xff,
    0xff, 0x60, 0x0, 0x0, 0x0, 0x3e, 0xff, 0xfd,
    0x50, 0x0, 0x0, 0x0, 0x4e, 0xff, 0xff, 0x50,
    0x0, 0x0, 0x0, 0x0, 0x2e, 0xff, 0xfb, 0x0,
    0x0, 0x0, 0x0, 0xbf, 0xfb, 0x10, 0x0, 0x0,
    0x0, 0x0, 0x0, 0x18, 0xfd, 0x0, 0x0, 0x0,
    0x0, 0x0, 0xb5, 0x0, 0x0, 0x0, 0x0, 0x0,
    0x0, 0x0, 0x2, 0x30, 0x0,

    /* U+6B47 "歇" */
    0x0, 0x0, 0x0, 0x0, 0x0, 0x0, 0x0, 0x0,
    0x0, 0x2, 0x0, 0x0, 0x0, 0x0, 0x0, 0x0,
    0x0, 0x0, 0x0, 0x0, 0x0, 0x0, 0x0, 0x0,
    0xf, 0xf9, 0x0, 0x0, 0x0, 0x0, 0x0, 0xe,
    0xff, 0xff, 0xff, 0xff, 0xff, 0xf0, 0x0, 0x2f,
    0xf6, 0x0, 0x0, 0x0, 0x0, 0x0, 0xe, 0xff,
    0xee, 0xee, 0xee, 0xff, 0xf0, 0x0, 0x5f, 0xf3,
    0x0, 0x0, 0x0, 0x0, 0x0, 0xe, 0xf7, 0x0,
    0x0, 0x0, 0x7f, 0xf0, 0x0, 0x9f, 0xf0, 0x0,
    0x0, 0x0, 0x0, 0x0, 0xe, 0xfb, 0x77, 0x77,
    0x77, 0xbf, 0xf0, 0x0, 0xdf, 0xff, 0xff, 0xff,
    0xff, 0xa0, 0x0, 0xe, 0xff, 0xff, 0xff, 0xff,
    0xff, 0xf0, 0x1, 0xff, 0xff, 0xff, 0xff, 0xff,
    0xc0, 0x0, 0xe, 0xfb, 0x66, 0x66, 0x66, 0xbf,
    0xf0, 0x6, 0xff, 0x99, 0x99, 0x99, 0xff, 0x80,
    0x0, 0xe, 0xf7, 0x0, 0x0, 0x0, 0x7f, 0xf0,
    0xc, 0xfd, 0x0, 0x0, 0x2, 0xff, 0x50, 0x0,
    0xe, 0xf9, 0x22, 0x22, 0x22, 0x9f, 0xf0, 0x3f,
    0xf7, 0x24, 0x40, 0x6, 0xff, 0x10, 0x0, 0xe,
    0xff, 0xff, 0xff, 0xff, 0xff, 0xf0, 0xaf, 0xf1,
    0x7f, 0xf1, 0x9, 0xfd, 0x0, 0x0, 0xc, 0xdf,
    0xfd, 0xcc, 0xcc, 0xcc, 0xc4, 0xff, 0xa0, 0x7f,
    0xf1, 0xd, 0xf8, 0x0, 0x0, 0x0, 0x8f, 0xf1,
    0x0, 0x0, 0x0, 0x6, 0xff, 0x20, 0x7f, 0xf1,
    0x2f, 0xf3, 0x0, 0x0, 0x1, 0xff, 0xc4, 0x44,
    0x44, 0x44, 0x43, 0x15, 0x0, 0x8f, 0xf1, 0x19,
    0xc0, 0x0, 0x0, 0x9, 0xff, 0xff, 0xff, 0xff,
    0xff, 0xfe, 0x0, 0x0, 0x9f, 0xf4, 0x0, 0x0,
    0x0, 0x0, 0x4f, 0xff, 0xff, 0xff, 0xff, 0xff,
    0xfe, 0x0, 0x0, 0xaf, 0xf7, 0x0, 0x0, 0x0,
    0x3, 0xff, 0xe1, 0x0, 0x64, 0x0, 0xb, 0xfd,
    0x0, 0x0, 0xdf, 0xfb, 0x0, 0x0, 0x0, 0x2e,
    0xff, 0x50, 0x3, 0xfe, 0x0, 0xc, 0xfd, 0x0,
    0x0, 0xff, 0xfe, 0x0, 0x0, 0x0, 0x1e, 0xff,
    0xf5, 0x9, 0xfd, 0x10, 0xc, 0xfc, 0x0, 0x3,
    0xff, 0xff, 0x40, 0x0, 0x0, 0x7, 0x9e, 0xf5,
    0x2f, 0xff, 0xd1, 0xd, 0xfb, 0x0, 0x7, 0xff,
    0xff, 0x90, 0x0, 0x0, 0x0, 0xd, 0xf6, 0xdf,
    0x8a, 0xfd, 0x1e, 0xfb, 0x0, 0xd, 0xff, 0xbf,
    0xe0, 0x0, 0x0, 0x0, 0xd, 0xfb, 0xfc, 0x0,
    0xab, 0xf, 0xf9, 0x0, 0x4f, 0xfa, 0x3f, 0xf7,
    0x0, 0x0, 0x0, 0xd, 0xf6, 0x32, 0x0, 0x11,
    0xf, 0xf8, 0x0, 0xcf, 0xf4, 0xb, 0xff, 0x10,
    0x0, 0x0, 0xd, 0xff, 0xff, 0xff, 0xfd, 0x2f,
    0xf7, 0x7, 0xff, 0xc0, 0x4, 0xff, 0xb0, 0x0,
    0x0, 0xd, 0xff, 0xff, 0xff, 0xfc, 0x5f, 0xf5,
    0x3f, 0xff, 0x30, 0x0, 0xbf, 0xf9, 0x0, 0x0,
    0x0, 0x0, 0x0, 0x2, 0x23, 0xbf, 0xf5, 0xef,
    0xf8, 0x0, 0x0, 0x1e, 0xff, 0x80, 0x0, 0x0,
    0x0, 0x0, 0x8, 0xff, 0xff, 0xc4, 0xff, 0xb0,
    0x0, 0x0, 0x4, 0xff, 0x40, 0x0, 0x0, 0x0,
    0x0, 0x4, 0xff, 0xfb, 0x20, 0x6c, 0x0, 0x0,
    0x0, 0x0, 0x56, 0x0, 0x0, 0x0, 0x0, 0x0,
    0x0, 0x0, 0x0, 0x0, 0x0, 0x0, 0x0, 0x0,
    0x0, 0x0, 0x0,

    /* U+6B62 "止" */
    0x0, 0x0, 0x0, 0x0, 0x0, 0x0, 0x2, 0x44,
    0x10, 0x0, 0x0, 0x0, 0x0, 0x0, 0x0, 0x0,
    0x0, 0x0, 0x0, 0x0, 0x8, 0xff, 0x70, 0x0,
    0x0, 0x0, 0x0, 0x0, 0x0, 0x0, 0x0, 0x0,
    0x0, 0x0, 0x8, 0xff, 0x70, 0x0, 0x0, 0x0,
    0x0, 0x0, 0x0, 0x0, 0x0, 0x0, 0x0, 0x0,
    0x8, 0xff, 0x70, 0x0, 0x0, 0x0, 0x0, 0x0,
    0x0, 0x0, 0x0, 0x0, 0x0, 0x0, 0x8, 0xff,
    0x70, 0x0, 0x0, 0x0, 0x0, 0x0, 0x0, 0x0,
    0x0, 0x0, 0x0, 0x0, 0x8, 0xff, 0x70, 0x0,
    0x0, 0x0, 0x0, 0x0, 0x0, 0x0, 0x0, 0x0,
    0x0, 0x0, 0x8, 0xff, 0x70, 0x0, 0x0, 0x0,
    0x0, 0x0, 0x0, 0x0, 0xce, 0xe1, 0x0, 0x0,
    0x8, 0xff, 0x70, 0x0, 0x0, 0x0, 0x0, 0x0,
    0x0, 0x0, 0xdf, 0xf1, 0x0, 0x0, 0x8, 0xff,
    0x70, 0x0, 0x0, 0x0, 0x0, 0x0, 0x0, 0x0,
    0xdf, 0xf1, 0x0, 0x0, 0x8, 0xff, 0x70, 0x0,
    0x0, 0x0, 0x0, 0x0, 0x0, 0x0, 0xdf, 0xf1,
    0x0, 0x0, 0x8, 0xff, 0xdc, 0xcc, 0xcc, 0xcc,
    0xcb, 0x0, 0x0, 0x0, 0xdf, 0xf1, 0x0, 0x0,
    0x8, 0xff, 0xff, 0xff, 0xff, 0xff, 0xfe, 0x0,
    0x0, 0x0, 0xdf, 0xf1, 0x0, 0x0, 0x8, 0xff,
    0xff, 0xff, 0xff, 0xff, 0xfe, 0x0, 0x0, 0x0,
    0xdf, 0xf1, 0x0, 0x0, 0x8, 0xff, 0x81, 0x11,
    0x11, 0x11, 0x11, 0x0, 0x0, 0x0, 0xdf, 0xf1,
    0x0, 0x0, 0x8, 0xff, 0x70, 0x0, 0x0, 0x0,
    0x0, 0x0, 0x0, 0x0, 0xdf, 0xf1, 0x0, 0x0,
    0x8, 0xff, 0x70, 0x0, 0x0, 0x0, 0x0, 0x0,
    0x0, 0x0, 0xdf, 0xf1, 0x0, 0x0, 0x8, 0xff,
    0x70, 0x0, 0x0, 0x0, 0x0, 0x0, 0x0, 0x0,
    0xdf, 0xf1, 0x0, 0x0, 0x8, 0xff, 0x70, 0x0,
    0x0, 0x0, 0x0, 0x0, 0x0, 0x0, 0xdf, 0xf1,
    0x0, 0x0, 0x8, 0xff, 0x70, 0x0, 0x0, 0x0,
    0x0, 0x0, 0x0, 0x0, 0xdf, 0xf1, 0x0, 0x0,
    0x8, 0xff, 0x70, 0x0, 0x0, 0x0, 0x0, 0x0,
    0x0, 0x0, 0xdf, 0xf1, 0x0, 0x0, 0x8, 0xff,
    0x70, 0x0, 0x0, 0x0, 0x0, 0x0, 0x0, 0x0,
    0xdf, 0xf1, 0x0, 0x0, 0x8, 0xff, 0x70, 0x0,
    0x0, 0x0, 0x0, 0x0, 0x0, 0x0, 0xdf, 0xf1,
    0x0, 0x0, 0x8, 0xff, 0x70, 0x0, 0x0, 0x0,
    0x0, 0x0, 0x0, 0x0, 0xdf, 0xf1, 0x0, 0x0,
    0x8, 0xff, 0x70, 0x0, 0x0, 0x0, 0x0, 0x0,
    0xbc, 0xcc, 0xff, 0xfd, 0xcc, 0xcc, 0xce, 0xff,
    0xec, 0xcc, 0xcc, 0xcc, 0xcc, 0xc4, 0xdf, 0xff,
    0xff, 0xff, 0xff, 0xff, 0xff, 0xff, 0xff, 0xff,
    0xff, 0xff, 0xff, 0xf5, 0xdf, 0xff, 0xff, 0xff,
    0xff, 0xff, 0xff, 0xff, 0xff, 0xff, 0xff, 0xff,
    0xff, 0xf5, 0x0, 0x0, 0x0, 0x0, 0x0, 0x0,
    0x0, 0x0, 0x0, 0x0, 0x0, 0x0, 0x0, 0x0,

    /* U+6B63 "正" */
    0x0, 0x0, 0x0, 0x0, 0x0, 0x0, 0x0, 0x0,
    0x0, 0x0, 0x0, 0x0, 0x0, 0x0, 0x3, 0xff,
    0xff, 0xff, 0xff, 0xff, 0xff, 0xff, 0xff, 0xff,
    0xff, 0xff, 0xff, 0xe0, 0x3, 0xff, 0xff, 0xff,
    0xff, 0xff, 0xff, 0xff, 0xff, 0xff, 0xff, 0xff,
    0xff, 0xe0, 0x2, 0xbb, 0xbb, 0xbb, 0xbb, 0xbb,
    0xbd, 0xff, 0xeb, 0xbb, 0xbb, 0xbb, 0xbb, 0xa0,
    0x0, 0x0, 0x0, 0x0, 0x0, 0x0, 0x6, 0xff,
    0x80, 0x0, 0x0, 0x0, 0x0, 0x0, 0x0, 0x0,
    0x0, 0x0, 0x0, 0x0, 0x6, 0xff, 0x80, 0x0,
    0x0, 0x0, 0x0, 0x0, 0x0, 0x0, 0x0, 0x0,
    0x0, 0x0, 0x6, 0xff, 0x80, 0x0, 0x0, 0x0,
    0x0, 0x0, 0x0, 0x0, 0x0, 0x0, 0x0, 0x0,
    0x6, 0xff, 0x80, 0x0, 0x0, 0x0, 0x0, 0x0,
    0x0, 0x0, 0x38, 0x84, 0x0, 0x0, 0x6, 0xff,
    0x80, 0x0, 0x0, 0x0, 0x0, 0x0, 0x0, 0x0,
    0x6f, 0xf8, 0x0, 0x0, 0x6, 0xff, 0x80, 0x0,
    0x0, 0x0, 0x0, 0x0, 0x0, 0x0, 0x6f, 0xf8,
    0x0, 0x0, 0x6, 0xff, 0x90, 0x0, 0x0, 0x0,
    0x0, 0x0, 0x0, 0x0, 0x6f, 0xf8, 0x0, 0x0,
    0x6, 0xff, 0xff, 0xff, 0xff, 0xff, 0xf8, 0x0,
    0x0, 0x0, 0x6f, 0xf8, 0x0, 0x0, 0x6, 0xff,
    0xff, 0xff, 0xff, 0xff, 0xf8, 0x0, 0x0, 0x0,
    0x6f, 0xf8, 0x0, 0x0, 0x6, 0xff, 0xdb, 0xbb,
    0xbb, 0xbb, 0xb6, 0x0, 0x0, 0x0, 0x6f, 0xf8,
    0x0, 0x0, 0x6, 0xff, 0x80, 0x0, 0x0, 0x0,
    0x0, 0x0, 0x0, 0x0, 0x6f, 0xf8, 0x0, 0x0,
    0x6, 0xff, 0x80, 0x0, 0x0, 0x0, 0x0, 0x0,
    0x0, 0x0, 0x6f, 0xf8, 0x0, 0x0, 0x6, 0xff,
    0x80, 0x0, 0x0, 0x0, 0x0, 0x0, 0x0, 0x0,
    0x6f, 0xf8, 0x0, 0x0, 0x6, 0xff, 0x80, 0x0,
    0x0, 0x0, 0x0, 0x0, 0x0, 0x0, 0x6f, 0xf8,
    0x0, 0x0, 0x6, 0xff, 0x80, 0x0, 0x0, 0x0,
    0x0, 0x0, 0x0, 0x0, 0x6f, 0xf8, 0x0, 0x0,
    0x6, 0xff, 0x80, 0x0, 0x0, 0x0, 0x0, 0x0,
    0x0, 0x0, 0x6f, 0xf8, 0x0, 0x0, 0x6, 0xff,
    0x80, 0x0, 0x0, 0x0, 0x0, 0x0, 0x0, 0x0,
    0x6f, 0xf8, 0x0, 0x0, 0x6, 0xff, 0x80, 0x0,
    0x0, 0x0, 0x0, 0x0, 0x3b, 0xbb, 0xdf, 0xfd,
    0xbb, 0xbb, 0xbd, 0xff, 0xeb, 0xbb, 0xbb, 0xbb,
    0xbb, 0xb9, 0x5f, 0xff, 0xff, 0xff, 0xff, 0xff,
    0xff, 0xff, 0xff, 0xff, 0xff, 0xff, 0xff, 0xfd,
    0x5f, 0xff, 0xff, 0xff, 0xff, 0xff, 0xff, 0xff,
    0xff, 0xff, 0xff, 0xff, 0xff, 0xfd, 0x1, 0x11,
    0x11, 0x11, 0x11, 0x11, 0x11, 0x11, 0x11, 0x11,
    0x11, 0x11, 0x11, 0x11,

    /* U+6B8A "殊" */
    0x0, 0x0, 0x0, 0x0, 0x0, 0x0, 0x0, 0x0,
    0x0, 0x9, 0xcc, 0x0, 0x0, 0x0, 0x0, 0x0,
    0x0, 0x0, 0x0, 0x0, 0x0, 0x0, 0x0, 0x0,
    0xb, 0xff, 0x0, 0x0, 0x0, 0x0, 0x7, 0xff,
    0xff, 0xff, 0xff, 0xff, 0xf1, 0x1a, 0x83, 0xb,
    0xff, 0x0, 0x0, 0x0, 0x0, 0x7, 0xff, 0xff,
    0xff, 0xff, 0xff, 0xf1, 0x5f, 0xf5, 0xb, 0xff,
    0x0, 0x0, 0x0, 0x0, 0x4, 0x99, 0xaf, 0xfc,
    0x99, 0x99, 0x90, 0x9f, 0xf1, 0xb, 0xff, 0x0,
    0x0, 0x0, 0x0, 0x0, 0x0, 0x4f, 0xf4, 0x0,
    0x0, 0x0, 0xdf, 0xe0, 0xb, 0xff, 0x0, 0x0,
    0x0, 0x0, 0x0, 0x0, 0x8f, 0xf1, 0x0, 0x0,
    0x1, 0xff, 0xfe, 0xef, 0xff, 0xee, 0xee, 0xea,
    0x0, 0x0, 0x0, 0xbf, 0xd0, 0x0, 0x0, 0x6,
    0xff, 0xff, 0xff, 0xff, 0xff, 0xff, 0xfa, 0x0,
    0x0, 0x0, 0xff, 0xff, 0xff, 0xfe, 0x5c, 0xff,
    0x99, 0x9e, 0xff, 0x99, 0x99, 0x96, 0x0, 0x0,
    0x5, 0xff, 0xff, 0xff, 0xff, 0xbf, 0xf9, 0x0,
    0xb, 0xff, 0x0, 0x0, 0x0, 0x0, 0x0, 0x9,
    0xff, 0x99, 0x9b, 0xff, 0xff, 0xf2, 0x0, 0xb,
    0xff, 0x0, 0x0, 0x0, 0x0, 0x0, 0xe, 0xf9,
    0x0, 0x6, 0xff, 0xbf, 0x90, 0x0, 0xb, 0xff,
    0x0, 0x0, 0x0, 0x0, 0x0, 0x6f, 0xf3, 0x0,
    0x8, 0xff, 0x4, 0x10, 0x0, 0xb, 0xff, 0x0,
    0x0, 0x0, 0x0, 0x0, 0xdf, 0xd0, 0x0, 0xb,
    0xfc, 0x58, 0x88, 0x88, 0x8d, 0xff, 0x88, 0x88,
    0x88, 0x60, 0x6, 0xff, 0x75, 0x20, 0xf, 0xf9,
    0xaf, 0xff, 0xff, 0xff, 0xff, 0xff, 0xff, 0xff,
    0xc0, 0x1e, 0xfe, 0x4f, 0xf7, 0x3f, 0xf5, 0xaf,
    0xff, 0xff, 0xff, 0xff, 0xff, 0xff, 0xff, 0xc0,
    0x2e, 0xf5, 0x9f, 0xff, 0xff, 0xf0, 0x0, 0x0,
    0x5, 0xff, 0xff, 0xf9, 0x0, 0x0, 0x0, 0x2,
    0xc0, 0x6, 0xff, 0xff, 0xb0, 0x0, 0x0, 0x1e,
    0xff, 0xff, 0xff, 0x20, 0x0, 0x0, 0x0, 0x0,
    0x0, 0x1b, 0xff, 0x50, 0x0, 0x0, 0xaf, 0xfe,
    0xff, 0xcf, 0xb0, 0x0, 0x0, 0x0, 0x0, 0x0,
    0xb, 0xff, 0x0, 0x0, 0x8, 0xff, 0x8b, 0xff,
    0x3f, 0xf7, 0x0, 0x0, 0x0, 0x0, 0x0, 0x4f,
    0xf8, 0x0, 0x0, 0x7f, 0xfb, 0xb, 0xff, 0x9,
    0xff, 0x30, 0x0, 0x0, 0x0, 0x1, 0xdf, 0xf1,
    0x0, 0x8, 0xff, 0xd1, 0xb, 0xff, 0x1, 0xef,
    0xf3, 0x0, 0x0, 0x0, 0xb, 0xff, 0x60, 0x1,
    0xbf, 0xff, 0x30, 0xb, 0xff, 0x0, 0x5f, 0xfe,
    0x40, 0x0, 0x0, 0xaf, 0xfb, 0x0, 0x5e, 0xff,
    0xe3, 0x0, 0xb, 0xff, 0x0, 0x9, 0xff, 0xf3,
    0x0, 0x1b, 0xff, 0xd1, 0x0, 0x3f, 0xfd, 0x20,
    0x0, 0xb, 0xff, 0x0, 0x0, 0xaf, 0x70, 0x5,
    0xff, 0xfc, 0x20, 0x0, 0x4, 0x90, 0x0, 0x0,
    0xb, 0xff, 0x0, 0x0, 0x5, 0x0, 0x1, 0xdf,
    0x90, 0x0, 0x0, 0x0, 0x0, 0x0, 0x0, 0xb,
    0xff, 0x0, 0x0, 0x0, 0x0, 0x0, 0x25, 0x0,
    0x0, 0x0, 0x0, 0x0, 0x0, 0x0, 0xb, 0xff,
    0x0, 0x0, 0x0, 0x0,

    /* U+6BD2 "毒" */
    0x0, 0x0, 0x0, 0x0, 0x0, 0x0, 0x1, 0x10,
    0x0, 0x0, 0x0, 0x0, 0x0, 0x0, 0x0, 0x0,
    0x0, 0x0, 0x0, 0x0, 0x7f, 0xf6, 0x0, 0x0,
    0x0, 0x0, 0x0, 0x0, 0x0, 0x0, 0x0, 0x0,
    0x0, 0x0, 0x7f, 0xf6, 0x0, 0x0, 0x0, 0x0,
    0x0, 0x0, 0x0, 0xcf, 0xff, 0xff, 0xff, 0xff,
    0xff, 0xff, 0xff, 0xff, 0xff, 0xff, 0xff, 0x20,
    0x0, 0xcf, 0xff, 0xff, 0xff, 0xff, 0xff, 0xff,
    0xff, 0xff, 0xff, 0xff, 0xff, 0x20, 0x0, 0x0,
    0x0, 0x0, 0x0, 0x0, 0x8f, 0xf7, 0x0, 0x0,
    0x0, 0x0, 0x0, 0x0, 0x0, 0x0, 0x11, 0x11,
    0x11, 0x11, 0x8f, 0xf7, 0x11, 0x11, 0x11, 0x11,
    0x0, 0x0, 0x0, 0x0, 0xef, 0xff, 0xff, 0xff,
    0xff, 0xff, 0xff, 0xff, 0xff, 0xff, 0x30, 0x0,
    0x0, 0x0, 0xef, 0xff, 0xff, 0xff, 0xff, 0xff,
    0xff, 0xff, 0xff, 0xff, 0x30, 0x0, 0x0, 0x0,
    0x0, 0x0, 0x0, 0x0, 0x7f, 0xf6, 0x0, 0x0,
    0x0, 0x0, 0x0, 0x0, 0x2, 0x22, 0x22, 0x22,
    0x22, 0x22, 0x9f, 0xf8, 0x22, 0x22, 0x22, 0x22,
    0x22, 0x20, 0x1f, 0xff, 0xff, 0xff, 0xff, 0xff,
    0xff, 0xff, 0xff, 0xff, 0xff, 0xff, 0xff, 0xf1,
    0x1f, 0xff, 0xff, 0xff, 0xff, 0xff, 0xff, 0xff,
    0xff, 0xff, 0xff, 0xff, 0xff, 0xf1, 0x0, 0x0,
    0x0, 0x0, 0x0, 0x0, 0x0, 0x0, 0x0, 0x0,
    0x0, 0x0, 0x0, 0x0, 0x0, 0x0, 0xe, 0xff,
    0xff, 0xff, 0xff, 0xff, 0xff, 0xff, 0xff, 0xf8,
    0x0, 0x0, 0x0, 0x0, 0xf, 0xff, 0xff, 0xff,
    0xff, 0xff, 0xff, 0xff, 0xff, 0xf8, 0x0, 0x0,
    0x0, 0x0, 0x2f, 0xfa, 0x11, 0x11, 0xdf, 0xb1,
    0x11, 0x11, 0x7f, 0xf7, 0x0, 0x0, 0x0, 0x0,
    0x4f, 0xf8, 0x0, 0x0, 0x4f, 0xf3, 0x0, 0x0,
    0x6f, 0xf6, 0x0, 0x0, 0xcd, 0xdd, 0xef, 0xfe,
    0xdd, 0xdd, 0xdf, 0xfd, 0xdd, 0xdd, 0xef, 0xfe,
    0xdd, 0xdb, 0xef, 0xff, 0xff, 0xff, 0xff, 0xff,
    0xff, 0xff, 0xff, 0xff, 0xff, 0xff, 0xff, 0xfd,
    0x45, 0x55, 0xbf, 0xf7, 0x55, 0x56, 0xff, 0x95,
    0x55, 0x55, 0xcf, 0xf7, 0x55, 0x54, 0x0, 0x0,
    0xbf, 0xf1, 0x0, 0x0, 0xcf, 0xd0, 0x0, 0x0,
    0xbf, 0xf1, 0x0, 0x0, 0x0, 0x0, 0xdf, 0xf2,
    0x22, 0x22, 0x5f, 0xd3, 0x22, 0x22, 0xdf, 0xf2,
    0x22, 0x0, 0x0, 0x0, 0xff, 0xff, 0xff, 0xff,
    0xff, 0xff, 0xff, 0xff, 0xff, 0xff, 0xfe, 0x0,
    0x0, 0x1, 0xff, 0xff, 0xff, 0xff, 0xff, 0xff,
    0xff, 0xff, 0xff, 0xff, 0xfe, 0x0, 0x0, 0x0,
    0x0, 0x0, 0x0, 0x0, 0x0, 0x0, 0x0, 0xa,
    0xff, 0x70, 0x0, 0x0, 0x0, 0x0, 0x0, 0x0,
    0x0, 0x0, 0x0, 0xe, 0xff, 0xff, 0xff, 0x10,
    0x0, 0x0, 0x0, 0x0, 0x0, 0x0, 0x0, 0x0,
    0x0, 0x9, 0xef, 0xfe, 0xb3, 0x0, 0x0, 0x0,

    /* U+6C14 "气" */
    0x0, 0x0, 0x0, 0x2, 0x20, 0x0, 0x0, 0x0,
    0x0, 0x0, 0x0, 0x0, 0x0, 0x0, 0x0, 0x0,
    0x0, 0x0, 0xb, 0xfe, 0x40, 0x0, 0x0, 0x0,
    0x0, 0x0, 0x0, 0x0, 0x0, 0x0, 0x0, 0x0,
    0x0, 0x1f, 0xff, 0x10, 0x0, 0x0, 0x0, 0x0,
    0x0, 0x0, 0x0, 0x0, 0x0, 0x0, 0x0, 0x0,
    0x8f, 0xfb, 0x22, 0x22, 0x22, 0x22, 0x22, 0x22,
    0x22, 0x22, 0x22, 0x0, 0x0, 0x0, 0x1, 0xff,
    0xff, 0xff, 0xff, 0xff, 0xff, 0xff, 0xff, 0xff,
    0xff, 0xff, 0x10, 0x0, 0x0, 0x9, 0xff, 0xff,
    0xff, 0xff, 0xff, 0xff, 0xff, 0xff, 0xff, 0xff,
    0xff, 0x10, 0x0, 0x0, 0x2f, 0xff, 0x64, 0x44,
    0x44, 0x44, 0x44, 0x44, 0x44, 0x44, 0x44, 0x44,
    0x0, 0x0, 0x0, 0xdf, 0xf9, 0x0, 0x0, 0x0,
    0x0, 0x0, 0x0, 0x0, 0x0, 0x0, 0x0, 0x0,
    0x0, 0x9, 0xff, 0xe2, 0xff, 0xff, 0xff, 0xff,
    0xff, 0xff, 0xff, 0xff, 0xfb, 0x0, 0x0, 0x0,
    0x6f, 0xff, 0x41, 0xff, 0xff, 0xff, 0xff, 0xff,
    0xff, 0xff, 0xff, 0xfb, 0x0, 0x0, 0x6, 0xff,
    0xf9, 0x0, 0x55, 0x55, 0x55, 0x55, 0x55, 0x55,
    0x55, 0x55, 0x54, 0x0, 0x0, 0x2f, 0xff, 0xb0,
    0x0, 0x0, 0x0, 0x0, 0x0, 0x0, 0x0, 0x0,
    0x0, 0x0, 0x0, 0x0, 0x2, 0xcc, 0x47, 0x77,
    0x77, 0x77, 0x77, 0x77, 0x77, 0x77, 0x77, 0x74,
    0x0, 0x0, 0x0, 0x0, 0x1, 0x6f, 0xff, 0xff,
    0xff, 0xff, 0xff, 0xff, 0xff, 0xff, 0xf9, 0x0,
    0x0, 0x0, 0x0, 0x0, 0x6f, 0xff, 0xff, 0xff,
    0xff, 0xff, 0xff, 0xff, 0xff, 0xf9, 0x0, 0x0,
    0x0, 0x0, 0x0, 0x0, 0x0, 0x0, 0x0, 0x0,
    0x0, 0x0, 0x0, 0x3f, 0xfa, 0x0, 0x0, 0x0,
    0x0, 0x0, 0x0, 0x0, 0x0, 0x0, 0x0, 0x0,
    0x0, 0x0, 0x2f, 0xfb, 0x0, 0x0, 0x0, 0x0,
    0x0, 0x0, 0x0, 0x0, 0x0, 0x0, 0x0, 0x0,
    0x0, 0xf, 0xfc, 0x0, 0x0, 0x0, 0x0, 0x0,
    0x0, 0x0, 0x0, 0x0, 0x0, 0x0, 0x0, 0x0,
    0xf, 0xfe, 0x0, 0x0, 0x0, 0x0, 0x0, 0x0,
    0x0, 0x0, 0x0, 0x0, 0x0, 0x0, 0x0, 0xe,
    0xff, 0x0, 0x0, 0x0, 0x0, 0x0, 0x0, 0x0,
    0x0, 0x0, 0x0, 0x0, 0x0, 0x0, 0xc, 0xff,
    0x20, 0x0, 0x0, 0x0, 0x0, 0x0, 0x0, 0x0,
    0x0, 0x0, 0x0, 0x0, 0x0, 0x9, 0xff, 0x50,
    0x3, 0x0, 0x0, 0x0, 0x0, 0x0, 0x0, 0x0,
    0x0, 0x0, 0x0, 0x0, 0x6, 0xff, 0x90, 0xc,
    0x80, 0x0, 0x0, 0x0, 0x0, 0x0, 0x0, 0x0,
    0x0, 0x0, 0x0, 0x1, 0xff, 0xe0, 0xd, 0xf2,
    0x0, 0x0, 0x0, 0x0, 0x0, 0x0, 0x0, 0x0,
    0x0, 0x0, 0x0, 0xcf, 0xf7, 0xf, 0xf1, 0x0,
    0x0, 0x0, 0x0, 0x0, 0x0, 0x0, 0x0, 0x0,
    0x0, 0x0, 0x4f, 0xff, 0xef, 0xe0, 0x0, 0x0,
    0x0, 0x0, 0x0, 0x0, 0x0, 0x0, 0x0, 0x0,
    0x0, 0x9, 0xff, 0xff, 0x90, 0x0, 0x0, 0x0,
    0x0, 0x0, 0x0, 0x0, 0x0, 0x0, 0x0, 0x0,
    0x0, 0x7d, 0xfb, 0x0,

    /* U+6C27 "氧" */
    0x0, 0x0, 0x0, 0x5, 0x30, 0x0, 0x0, 0x0,
    0x0, 0x0, 0x0, 0x0, 0x0, 0x0, 0x0, 0x0,
    0x0, 0x0, 0x2f, 0xfc, 0x0, 0x0, 0x0, 0x0,
    0x0, 0x0, 0x0, 0x0, 0x0, 0x0, 0x0, 0x0,
    0x0, 0xaf, 0xf6, 0x0, 0x0, 0x0, 0x0, 0x0,
    0x0, 0x0, 0x0, 0x0, 0x0, 0x0, 0x0, 0x4,
    0xff, 0xff, 0xff, 0xff, 0xff, 0xff, 0xff, 0xff,
    0xff, 0xff, 0xff, 0x10, 0x0, 0x0, 0xd, 0xff,
    0xff, 0xff, 0xff, 0xff, 0xff, 0xff, 0xff, 0xff,
    0xff, 0xff, 0x10, 0x0, 0x0, 0xaf, 0xfa, 0x22,
    0x22, 0x22, 0x22, 0x22, 0x22, 0x22, 0x22, 0x22,
    0x22, 0x0, 0x0, 0x8, 0xff, 0xd1, 0x11, 0x11,
    0x11, 0x11, 0x11, 0x11, 0x11, 0x11, 0x11, 0x0,
    0x0, 0x0, 0x7f, 0xff, 0x24, 0xff, 0xff, 0xff,
    0xff, 0xff, 0xff, 0xff, 0xff, 0xfa, 0x0, 0x0,
    0x9, 0xff, 0xf4, 0x4, 0xff, 0xff, 0xff, 0xff,
    0xff, 0xff, 0xff, 0xff, 0xfa, 0x0, 0x0, 0xb,
    0xff, 0x40, 0x0, 0x0, 0x0, 0x0, 0x0, 0x0,
    0x0, 0x0, 0x0, 0x0, 0x0, 0x0, 0x0, 0xa3,
    0x6e, 0xee, 0xee, 0xee, 0xee, 0xee, 0xee, 0xee,
    0xee, 0xee, 0x20, 0x0, 0x0, 0x0, 0x0, 0x7f,
    0xff, 0xff, 0xff, 0xff, 0xff, 0xff, 0xff, 0xff,
    0xff, 0x20, 0x0, 0x0, 0x0, 0x0, 0x25, 0xae,
    0x84, 0x44, 0x44, 0x9f, 0xb6, 0x44, 0x4c, 0xff,
    0x20, 0x0, 0x0, 0x0, 0x0, 0x1, 0xff, 0xc0,
    0x0, 0x0, 0xdf, 0xf3, 0x0, 0xa, 0xff, 0x20,
    0x0, 0x0, 0x0, 0x0, 0x0, 0x8f, 0xf4, 0x0,
    0x6, 0xff, 0x80, 0x0, 0xa, 0xff, 0x20, 0x0,
    0x0, 0x0, 0x2b, 0xbb, 0xcf, 0xfd, 0xbb, 0xbf,
    0xff, 0xcb, 0xbb, 0x9, 0xff, 0x20, 0x0, 0x0,
    0x0, 0x3f, 0xff, 0xff, 0xff, 0xff, 0xff, 0xff,
    0xff, 0xff, 0x19, 0xff, 0x30, 0x0, 0x0, 0x0,
    0x14, 0x44, 0x44, 0x44, 0xef, 0xe4, 0x44, 0x44,
    0x44, 0x8, 0xff, 0x30, 0x0, 0x0, 0x0, 0x0,
    0x0, 0x0, 0x0, 0xef, 0xd0, 0x0, 0x0, 0x0,
    0x7, 0xff, 0x40, 0x0, 0x0, 0x0, 0x2, 0xff,
    0xff, 0xff, 0xff, 0xff, 0xff, 0xff, 0xf3, 0x6,
    0xff, 0x50, 0x0, 0x0, 0x0, 0x2, 0xff, 0xff,
    0xff, 0xff, 0xff, 0xff, 0xff, 0xf3, 0x4, 0xff,
    0x70, 0x0, 0x0, 0x0, 0x0, 0x0, 0x0, 0x0,
    0xef, 0xd0, 0x0, 0x0, 0x0, 0x2, 0xff, 0x90,
    0x3, 0x0, 0x0, 0x22, 0x22, 0x22, 0x22, 0xef,
    0xe2, 0x22, 0x22, 0x22, 0x20, 0xff, 0xc0, 0xc,
    0x50, 0x1, 0xff, 0xff, 0xff, 0xff, 0xff, 0xff,
    0xff, 0xff, 0xff, 0xc0, 0xcf, 0xf0, 0xd, 0xf1,
    0x1, 0xff, 0xff, 0xff, 0xff, 0xff, 0xff, 0xff,
    0xff, 0xff, 0xc0, 0x8f, 0xf8, 0xf, 0xf0, 0x0,
    0x0, 0x0, 0x0, 0x0, 0xef, 0xd0, 0x0, 0x0,
    0x0, 0x0, 0x2f, 0xff, 0xef, 0xd0, 0x0, 0x0,
    0x0, 0x0, 0x0, 0xef, 0xd0, 0x0, 0x0, 0x0,
    0x0, 0x8, 0xff, 0xff, 0x80, 0x0, 0x0, 0x0,
    0x0, 0x0, 0xef, 0xd0, 0x0, 0x0, 0x0, 0x0,
    0x0, 0x7d, 0xfb, 0x0,

    /* U+6C34 "水" */
    0x0, 0x0, 0x0, 0x0, 0x0, 0x0, 0x15, 0x54,
    0x0, 0x0, 0x0, 0x0, 0x0, 0x0, 0x0, 0x0,
    0x0, 0x0, 0x0, 0x0, 0x2, 0xff, 0xc0, 0x0,
    0x0, 0x0, 0x0, 0x0, 0x0, 0x0, 0x0, 0x0,
    0x0, 0x0, 0x0, 0x2f, 0xfc, 0x0, 0x0, 0x0,
    0x0, 0x0, 0x0, 0x0, 0x0, 0x0, 0x0, 0x0,
    0x0, 0x2, 0xff, 0xc0, 0x0, 0x0, 0x0, 0x0,
    0x0, 0x0, 0x0, 0x0, 0x0, 0x0, 0x0, 0x0,
    0x2f, 0xfc, 0x0, 0x0, 0x0, 0x0, 0x0, 0x0,
    0x0, 0x0, 0x0, 0x0, 0x0, 0x0, 0x2, 0xff,
    0xc0, 0x0, 0x0, 0x0, 0x0, 0x0, 0x0, 0x0,
    0x0, 0x0, 0x0, 0x0, 0x0, 0x2f, 0xfc, 0x0,
    0x0, 0x0, 0xa, 0x30, 0x0, 0x0, 0x0, 0x0,
    0x0, 0x0, 0x0, 0x2, 0xff, 0xd0, 0x0, 0x0,
    0x9, 0xff, 0x80, 0x0, 0xb, 0xdd, 0xdd, 0xdd,
    0xdd, 0x92, 0x2f, 0xff, 0x10, 0x0, 0x6, 0xff,
    0xf7, 0x0, 0x0, 0xdf, 0xff, 0xff, 0xff, 0xff,
    0x52, 0xff, 0xf8, 0x0, 0x4, 0xff, 0xf8, 0x0,
    0x0, 0xd, 0xff, 0xff, 0xff, 0xff, 0xf1, 0x2f,
    0xff, 0xf1, 0x4, 0xff, 0xf9, 0x0, 0x0, 0x0,
    0x0, 0x0, 0x0, 0x2f, 0xfc, 0x2, 0xff, 0xff,
    0x74, 0xff, 0xf9, 0x0, 0x0, 0x0, 0x0, 0x0,
    0x0, 0x6, 0xff, 0x80, 0x2f, 0xff, 0xfe, 0xff,
    0xf7, 0x0, 0x0, 0x0, 0x0, 0x0, 0x0, 0x0,
    0xcf, 0xf4, 0x2, 0xff, 0xff, 0xff, 0xf5, 0x0,
    0x0, 0x0, 0x0, 0x0, 0x0, 0x0, 0x1f, 0xfe,
    0x0, 0x2f, 0xfc, 0xaf, 0xf7, 0x0, 0x0, 0x0,
    0x0, 0x0, 0x0, 0x0, 0x8, 0xff, 0x80, 0x2,
    0xff, 0xc1, 0xff, 0xe2, 0x0, 0x0, 0x0, 0x0,
    0x0, 0x0, 0x2, 0xff, 0xf1, 0x0, 0x2f, 0xfc,
    0x7, 0xff, 0xd0, 0x0, 0x0, 0x0, 0x0, 0x0,
    0x0, 0xaf, 0xf9, 0x0, 0x2, 0xff, 0xc0, 0xc,
    0xff, 0xb0, 0x0, 0x0, 0x0, 0x0, 0x0, 0x4f,
    0xff, 0x20, 0x0, 0x2f, 0xfc, 0x0, 0x1e, 0xff,
    0xb0, 0x0, 0x0, 0x0, 0x0, 0x2e, 0xff, 0x80,
    0x0, 0x2, 0xff, 0xc0, 0x0, 0x4f, 0xff, 0xc1,
    0x0, 0x0, 0x0, 0xd, 0xff, 0xc0, 0x0, 0x0,
    0x2f, 0xfc, 0x0, 0x0, 0x6f, 0xff, 0xe4, 0x0,
    0x0, 0x2d, 0xff, 0xf2, 0x0, 0x0, 0x2, 0xff,
    0xc0, 0x0, 0x0, 0x5f, 0xff, 0xf9, 0x10, 0x4e,
    0xff, 0xf6, 0x0, 0x0, 0x0, 0x2f, 0xfc, 0x0,
    0x0, 0x0, 0x4f, 0xff, 0xff, 0x45, 0xff, 0xf5,
    0x0, 0x0, 0x0, 0x2, 0xff, 0xc0, 0x0, 0x0,
    0x0, 0x2c, 0xff, 0xa0, 0x3, 0xe4, 0x0, 0x0,
    0x0, 0x0, 0x5f, 0xfc, 0x0, 0x0, 0x0, 0x0,
    0x6, 0xc0, 0x0, 0x0, 0x0, 0x0, 0x7, 0xff,
    0xff, 0xff, 0xb0, 0x0, 0x0, 0x0, 0x0, 0x0,
    0x0, 0x0, 0x0, 0x0, 0x0, 0x1f, 0xff, 0xff,
    0xf5, 0x0, 0x0, 0x0, 0x0, 0x0, 0x0, 0x0,
    0x0, 0x0, 0x0, 0x0, 0xcf, 0xfe, 0xa4, 0x0,
    0x0, 0x0, 0x0, 0x0, 0x0, 0x0, 0x0, 0x0,
    0x0, 0x0, 0x0, 0x0, 0x0, 0x0, 0x0, 0x0,
    0x0, 0x0, 0x0, 0x0, 0x0,

    /* U+6CF5 "泵" */
    0x0, 0xaf, 0xff, 0xff, 0xff, 0xff, 0xff, 0xff,
    0xff, 0xff, 0xff, 0xff, 0xff, 0xf2, 0x0, 0xa,
    0xff, 0xff, 0xff, 0xff, 0xff, 0xff, 0xff, 0xff,
    0xff, 0xff, 0xff, 0xff, 0x20, 0x0, 0x35, 0x55,
    0x55, 0x6d, 0xff, 0xd6, 0x55, 0x55, 0x55, 0x55,
    0x55, 0x55, 0x51, 0x0, 0x0, 0x0, 0x0, 0xb,
    0xff, 0xe1, 0x0, 0x0, 0x0, 0x0, 0x0, 0x0,
    0x0, 0x0, 0x0, 0x0, 0x0, 0x3d, 0xff, 0xf7,
    0x44, 0x44, 0x44, 0x44, 0x44, 0x44, 0x40, 0x0,
    0x0, 0x0, 0x1, 0x9f, 0xff, 0xff, 0xff, 0xff,
    0xff, 0xff, 0xff, 0xff, 0xfe, 0x0, 0x0, 0x0,
    0x19, 0xff, 0xff, 0xff, 0xff, 0xff, 0xff, 0xff,
    0xff, 0xff, 0xff, 0xe0, 0x0, 0x0, 0x9f, 0xff,
    0xfd, 0xdf, 0xf0, 0x0, 0x0, 0x0, 0x0, 0x0,
    0xf, 0xfe, 0x0, 0x0, 0x8, 0xff, 0xe6, 0xa,
    0xff, 0x0, 0x0, 0x0, 0x0, 0x0, 0x0, 0xff,
    0xe0, 0x0, 0x0, 0xa, 0x80, 0x0, 0xaf, 0xf5,
    0x55, 0x55, 0x55, 0x55, 0x55, 0x5f, 0xfe, 0x0,
    0x0, 0x0, 0x0, 0x0, 0xa, 0xff, 0xff, 0xff,
    0xff, 0xff, 0xff, 0xff, 0xff, 0xe0, 0x0, 0x0,
    0x0, 0x0, 0x0, 0xae, 0xee, 0xee, 0xff, 0xff,
    0xee, 0xee, 0xee, 0xed, 0x0, 0x0, 0x0, 0x0,
    0x0, 0x0, 0x0, 0x0, 0x6, 0xff, 0x60, 0x0,
    0x0, 0x0, 0x0, 0x0, 0x0, 0x0, 0x0, 0x0,
    0x0, 0x0, 0x0, 0x6f, 0xf6, 0x0, 0x0, 0x0,
    0x34, 0x0, 0x0, 0x0, 0x67, 0x77, 0x77, 0x78,
    0x83, 0x6, 0xff, 0xb0, 0x0, 0x0, 0x5f, 0xf7,
    0x0, 0x0, 0xc, 0xff, 0xff, 0xff, 0xff, 0xf2,
    0x6f, 0xff, 0x60, 0x0, 0x7f, 0xff, 0xe2, 0x0,
    0x0, 0xcf, 0xff, 0xff, 0xff, 0xfc, 0x6, 0xff,
    0xff, 0x41, 0xbf, 0xff, 0xa1, 0x0, 0x0, 0x0,
    0x0, 0x0, 0xb, 0xff, 0x40, 0x6f, 0xff, 0xff,
    0xef, 0xfd, 0x40, 0x0, 0x0, 0x0, 0x0, 0x0,
    0x6, 0xff, 0xd0, 0x6, 0xff, 0xaf, 0xff, 0xf7,
    0x0, 0x0, 0x0, 0x0, 0x0, 0x0, 0x5, 0xff,
    0xf2, 0x0, 0x6f, 0xf6, 0x4f, 0xff, 0xd4, 0x0,
    0x0, 0x0, 0x0, 0x0, 0x7, 0xff, 0xf5, 0x0,
    0x6, 0xff, 0x60, 0x4e, 0xff, 0xfb, 0x20, 0x0,
    0x0, 0x0, 0x4d, 0xff, 0xf7, 0x0, 0x0, 0x6f,
    0xf6, 0x0, 0x1c, 0xff, 0xff, 0xc6, 0x10, 0x6,
    0xdf, 0xff, 0xe4, 0x0, 0x0, 0x6, 0xff, 0x60,
    0x0, 0x7, 0xef, 0xff, 0xff, 0x60, 0x4f, 0xff,
    0xc2, 0x0, 0x17, 0x77, 0xcf, 0xf5, 0x0, 0x0,
    0x1, 0x8f, 0xff, 0xc0, 0x0, 0xab, 0x30, 0x0,
    0x0, 0xef, 0xff, 0xff, 0x20, 0x0, 0x0, 0x0,
    0x5, 0xb2, 0x0, 0x0, 0x0, 0x0, 0x0, 0x9,
    0xff, 0xeb, 0x40, 0x0, 0x0, 0x0, 0x0, 0x0,
    0x0,

    /* U+6D01 "洁" */
    0x0, 0x0, 0x0, 0x0, 0x0, 0x0, 0x0, 0x0,
    0x6, 0x77, 0x0, 0x0, 0x0, 0x0, 0x0, 0x0,
    0x65, 0x0, 0x0, 0x0, 0x0, 0x0, 0x0, 0xdf,
    0xf0, 0x0, 0x0, 0x0, 0x0, 0x0, 0x6f, 0xfa,
    0x10, 0x0, 0x0, 0x0, 0x0, 0xd, 0xff, 0x0,
    0x0, 0x0, 0x0, 0x0, 0x5, 0xff, 0xfe, 0x30,
    0x0, 0x0, 0x0, 0x0, 0xdf, 0xf0, 0x0, 0x0,
    0x0, 0x0, 0x0, 0x2, 0xcf, 0xff, 0x40, 0x0,
    0x0, 0x0, 0xe, 0xff, 0x10, 0x0, 0x0, 0x0,
    0x0, 0x0, 0x0, 0xaf, 0xf7, 0xcf, 0xff, 0xff,
    0xff, 0xff, 0xff, 0xff, 0xff, 0xff, 0xf4, 0x0,
    0x0, 0x0, 0xa8, 0xc, 0xff, 0xff, 0xff, 0xff,
    0xff, 0xff, 0xff, 0xff, 0xff, 0x40, 0x0, 0x0,
    0x0, 0x0, 0x79, 0x99, 0x99, 0x99, 0xff, 0xf9,
    0x99, 0x99, 0x99, 0x92, 0x0, 0x0, 0x0, 0x0,
    0x0, 0x0, 0x0, 0x0, 0xd, 0xff, 0x0, 0x0,
    0x0, 0x0, 0x0, 0x8, 0x40, 0x0, 0x0, 0x0,
    0x0, 0x0, 0x0, 0xdf, 0xf0, 0x0, 0x0, 0x0,
    0x0, 0x7, 0xff, 0xb3, 0x0, 0x0, 0x0, 0x0,
    0x0, 0xd, 0xff, 0x0, 0x0, 0x0, 0x0, 0x0,
    0x8f, 0xff, 0xf8, 0x0, 0x8, 0x99, 0x99, 0x99,
    0xff, 0xf9, 0x99, 0x99, 0x99, 0x0, 0x0, 0x2b,
    0xff, 0xf9, 0x0, 0xdf, 0xff, 0xff, 0xff, 0xff,
    0xff, 0xff, 0xff, 0xf1, 0x0, 0x0, 0x6, 0xff,
    0x30, 0xd, 0xff, 0xff, 0xff, 0xff, 0xff, 0xff,
    0xff, 0xff, 0x10, 0x0, 0x0, 0x3, 0x60, 0x0,
    0x0, 0x0, 0x0, 0x0, 0x0, 0x0, 0x0, 0x0,
    0x0, 0x0, 0x0, 0x0, 0x0, 0x0, 0x0, 0x0,
    0x0, 0x0, 0x0, 0x0, 0x0, 0x0, 0x0, 0x0,
    0x0, 0x0, 0x0, 0x0, 0x0, 0x0, 0x0, 0x0,
    0x0, 0x0, 0x0, 0x0, 0x0, 0x0, 0x0, 0x0,
    0x0, 0x6, 0x60, 0x0, 0xdf, 0xff, 0xff, 0xff,
    0xff, 0xff, 0xff, 0xf3, 0x0, 0x0, 0x0, 0x0,
    0xef, 0x90, 0xd, 0xff, 0xff, 0xff, 0xff, 0xff,
    0xff, 0xff, 0x30, 0x0, 0x0, 0x0, 0x8f, 0xf8,
    0x0, 0xdf, 0xf9, 0x99, 0x99, 0x99, 0x99, 0xef,
    0xf3, 0x0, 0x0, 0x0, 0x1f, 0xff, 0x10, 0xd,
    0xff, 0x0, 0x0, 0x0, 0x0, 0xb, 0xff, 0x30,
    0x0, 0x0, 0x9, 0xff, 0x80, 0x0, 0xdf, 0xf0,
    0x0, 0x0, 0x0, 0x0, 0xbf, 0xf3, 0x0, 0x0,
    0x3, 0xff, 0xe0, 0x0, 0xd, 0xff, 0x0, 0x0,
    0x0, 0x0, 0xb, 0xff, 0x30, 0x0, 0x0, 0xcf,
    0xf7, 0x0, 0x0, 0xdf, 0xf0, 0x0, 0x0, 0x0,
    0x0, 0xbf, 0xf3, 0x0, 0x0, 0x6f, 0xfd, 0x0,
    0x0, 0xd, 0xff, 0x88, 0x88, 0x88, 0x88, 0x8e,
    0xff, 0x30, 0x0, 0x1f, 0xff, 0x50, 0x0, 0x0,
    0xdf, 0xff, 0xff, 0xff, 0xff, 0xff, 0xff, 0xf3,
    0x0, 0x0, 0xaf, 0xb0, 0x0, 0x0, 0xd, 0xff,
    0xff, 0xff, 0xff, 0xff, 0xff, 0xff, 0x30, 0x0,
    0x0, 0x52, 0x0, 0x0, 0x0, 0xdf, 0xf0, 0x0,
    0x0, 0x0, 0x0, 0xae, 0xe3, 0x0,

    /* U+6D17 "洗" */
    0x0, 0x0, 0x0, 0x0, 0x0, 0x0, 0x0, 0x0,
    0x4, 0x43, 0x0, 0x0, 0x0, 0x0, 0x0, 0x5,
    0xc3, 0x0, 0x0, 0x0, 0x3c, 0x95, 0x2, 0xff,
    0xa0, 0x0, 0x0, 0x0, 0x0, 0x3, 0xff, 0xfa,
    0x10, 0x0, 0x8, 0xff, 0x70, 0x2f, 0xfa, 0x0,
    0x0, 0x0, 0x0, 0x0, 0x8, 0xff, 0xfe, 0x50,
    0x0, 0xcf, 0xf3, 0x2, 0xff, 0xa0, 0x0, 0x0,
    0x0, 0x0, 0x0, 0x3, 0xcf, 0xff, 0x10, 0xf,
    0xff, 0x0, 0x2f, 0xfa, 0x0, 0x0, 0x0, 0x0,
    0x0, 0x0, 0x0, 0x9f, 0x50, 0x4, 0xff, 0xfa,
    0xab, 0xff, 0xea, 0xaa, 0xaa, 0xa7, 0x0, 0x0,
    0x0, 0x0, 0x40, 0x0, 0x9f, 0xff, 0xff, 0xff,
    0xff, 0xff, 0xff, 0xff, 0xa0, 0x0, 0x0, 0x0,
    0x0, 0x0, 0xf, 0xff, 0xff, 0xff, 0xff, 0xff,
    0xff, 0xff, 0xfa, 0x0, 0x0, 0x0, 0x0, 0x0,
    0x6, 0xff, 0xb0, 0x0, 0x3f, 0xfa, 0x0, 0x0,
    0x0, 0x0, 0x0, 0xc9, 0x10, 0x0, 0x1, 0xef,
    0xf3, 0x0, 0x2, 0xff, 0xa0, 0x0, 0x0, 0x0,
    0x0, 0x9f, 0xff, 0x80, 0x0, 0x9f, 0xfc, 0x0,
    0x0, 0x2f, 0xfa, 0x0, 0x0, 0x0, 0x0, 0x4,
    0xdf, 0xff, 0xd3, 0x2, 0xcf, 0x30, 0x0, 0x2,
    0xff, 0xa0, 0x0, 0x0, 0x0, 0x0, 0x0, 0x6f,
    0xff, 0xc0, 0x0, 0x40, 0x0, 0x0, 0x2f, 0xfa,
    0x0, 0x0, 0x0, 0x0, 0x0, 0x0, 0x2c, 0xf2,
    0xa, 0xff, 0xff, 0xff, 0xff, 0xff, 0xff, 0xff,
    0xff, 0xff, 0xe0, 0x0, 0x0, 0x3, 0x0, 0xaf,
    0xff, 0xff, 0xff, 0xff, 0xff, 0xff, 0xff, 0xff,
    0xfe, 0x0, 0x0, 0x0, 0x0, 0x7, 0xbb, 0xbb,
    0xef, 0xfc, 0xbb, 0xef, 0xfc, 0xbb, 0xbb, 0xa0,
    0x0, 0x0, 0x0, 0x0, 0x0, 0x0, 0xc, 0xff,
    0x0, 0x8, 0xff, 0x30, 0x0, 0x0, 0x0, 0x0,
    0x0, 0xa9, 0x0, 0x0, 0x0, 0xef, 0xe0, 0x0,
    0x8f, 0xf3, 0x0, 0x0, 0x0, 0x0, 0x0, 0x2f,
    0xf9, 0x0, 0x0, 0xf, 0xfc, 0x0, 0x8, 0xff,
    0x30, 0x0, 0x0, 0x0, 0x0, 0x9, 0xff, 0x40,
    0x0, 0x3, 0xff, 0xa0, 0x0, 0x8f, 0xf3, 0x0,
    0x0, 0x0, 0x0, 0x1, 0xff, 0xd0, 0x0, 0x0,
    0x8f, 0xf6, 0x0, 0x8, 0xff, 0x30, 0x0, 0x0,
    0x0, 0x0, 0x8f, 0xf6, 0x0, 0x0, 0xe, 0xff,
    0x10, 0x0, 0x8f, 0xf3, 0x0, 0x18, 0x10, 0x0,
    0x1f, 0xff, 0x0, 0x0, 0x5, 0xff, 0xb0, 0x0,
    0x8, 0xff, 0x30, 0x2, 0xff, 0x40, 0x9, 0xff,
    0x80, 0x0, 0x2, 0xef, 0xf5, 0x0, 0x0, 0x8f,
    0xf3, 0x0, 0x3f, 0xf4, 0x2, 0xff, 0xf1, 0x0,
    0x4, 0xef, 0xfb, 0x0, 0x0, 0x8, 0xff, 0x30,
    0x4, 0xff, 0x20, 0xaf, 0xf9, 0x0, 0x3a, 0xff,
    0xfd, 0x10, 0x0, 0x0, 0x7f, 0xfb, 0x88, 0xcf,
    0xe0, 0xb, 0xff, 0x10, 0xc, 0xff, 0xfb, 0x10,
    0x0, 0x0, 0x4, 0xff, 0xff, 0xff, 0xfa, 0x0,
    0x7, 0x90, 0x0, 0x1e, 0xe6, 0x0, 0x0, 0x0,
    0x0, 0x8, 0xef, 0xff, 0xfb, 0x10, 0x0, 0x0,
    0x0, 0x0, 0x20, 0x0, 0x0, 0x0, 0x0, 0x0,
    0x0, 0x0, 0x0, 0x0, 0x0,

    /* U+6D4B "测" */
    0x0, 0x1, 0x0, 0x0, 0x0, 0x0, 0x0, 0x0,
    0x0, 0x0, 0x0, 0x0, 0x1, 0x44, 0x0, 0xd,
    0xd4, 0x0, 0x0, 0x0, 0x0, 0x0, 0x0, 0x0,
    0x0, 0x0, 0x5, 0xfe, 0x0, 0xaf, 0xff, 0xb2,
    0xe, 0xff, 0xff, 0xff, 0xff, 0xf5, 0x0, 0x0,
    0x5, 0xfe, 0x0, 0x1a, 0xff, 0xff, 0x5e, 0xff,
    0xff, 0xff, 0xff, 0xf5, 0x4, 0xca, 0x5, 0xfe,
    0x0, 0x0, 0x4e, 0xff, 0x2e, 0xf6, 0x33, 0x33,
    0x3f, 0xf5, 0x5, 0xfd, 0x5, 0xfe, 0x0, 0x0,
    0x1, 0xb5, 0xe, 0xf4, 0x0, 0x0, 0xe, 0xf5,
    0x5, 0xfd, 0x5, 0xfe, 0x0, 0x0, 0x0, 0x0,
    0xe, 0xf4, 0xc, 0xd2, 0xe, 0xf5, 0x5, 0xfd,
    0x5, 0xfe, 0x0, 0x0, 0x0, 0x0, 0xe, 0xf4,
    0xe, 0xf2, 0xe, 0xf5, 0x5, 0xfd, 0x5, 0xfe,
    0x0, 0x0, 0x0, 0x0, 0xe, 0xf4, 0xe, 0xf2,
    0xe, 0xf5, 0x5, 0xfd, 0x5, 0xfe, 0x2, 0xf9,
    0x10, 0x0, 0xe, 0xf4, 0xe, 0xf2, 0xe, 0xf5,
    0x5, 0xfd, 0x5, 0xfe, 0xd, 0xff, 0xf8, 0x0,
    0xe, 0xf4, 0xe, 0xf2, 0xe, 0xf5, 0x5, 0xfd,
    0x5, 0xfe, 0x4, 0xdf, 0xff, 0xd2, 0xe, 0xf4,
    0xe, 0xf2, 0xe, 0xf5, 0x5, 0xfd, 0x5, 0xfe,
    0x0, 0x7, 0xff, 0xc0, 0xe, 0xf4, 0xe, 0xf2,
    0xe, 0xf5, 0x5, 0xfd, 0x5, 0xfe, 0x0, 0x0,
    0x2b, 0x20, 0xe, 0xf4, 0xe, 0xf2, 0xe, 0xf5,
    0x5, 0xfd, 0x5, 0xfe, 0x0, 0x0, 0x0, 0x0,
    0xe, 0xf4, 0xe, 0xf2, 0xe, 0xf5, 0x5, 0xfd,
    0x5, 0xfe, 0x0, 0x0, 0x0, 0x0, 0xe, 0xf4,
    0xe, 0xf2, 0xe, 0xf5, 0x5, 0xfd, 0x5, 0xfe,
    0x0, 0x0, 0x0, 0x0, 0xe, 0xf4, 0xe, 0xf2,
    0xe, 0xf5, 0x5, 0xfd, 0x5, 0xfe, 0x0, 0x0,
    0xd, 0x60, 0xe, 0xf4, 0xf, 0xf2, 0xe, 0xf5,
    0x5, 0xfd, 0x5, 0xfe, 0x0, 0x0, 0x4f, 0xf7,
    0xe, 0xf4, 0xf, 0xf1, 0xe, 0xf5, 0x5, 0xfd,
    0x5, 0xfe, 0x0, 0x0, 0xaf, 0xf3, 0xe, 0xf4,
    0x1f, 0xf0, 0xe, 0xf5, 0x5, 0xfd, 0x5, 0xfe,
    0x0, 0x1, 0xff, 0xd0, 0xe, 0xf4, 0x5f, 0xd0,
    0xe, 0xf5, 0x5, 0xfd, 0x5, 0xfe, 0x0, 0x7,
    0xff, 0x70, 0x5, 0x51, 0xaf, 0x80, 0x3, 0x31,
    0x2, 0x55, 0x5, 0xfe, 0x0, 0xd, 0xff, 0x20,
    0x0, 0x1, 0xff, 0x48, 0x70, 0x0, 0x0, 0x0,
    0x5, 0xfe, 0x0, 0x4f, 0xfb, 0x0, 0x0, 0xa,
    0xfd, 0x5f, 0xf7, 0x0, 0x0, 0x0, 0x5, 0xfe,
    0x0, 0xcf, 0xf5, 0x0, 0x0, 0x9f, 0xf4, 0x7,
    0xff, 0x60, 0x0, 0x0, 0x5, 0xfe, 0x3, 0xff,
    0xe0, 0x0, 0x2c, 0xff, 0x70, 0x0, 0x9f, 0xf3,
    0x0, 0x54, 0x4a, 0xfd, 0x4, 0xef, 0x70, 0x1,
    0xff, 0xf6, 0x0, 0x0, 0xc, 0xfd, 0x0, 0xef,
    0xff, 0xfa, 0x0, 0x8, 0x10, 0x0, 0x7b, 0x20,
    0x0, 0x0, 0x2, 0xa1, 0x0, 0xaf, 0xfd, 0x91,
    0x0, 0x0, 0x0, 0x0, 0x0, 0x0, 0x0, 0x0,
    0x0, 0x0, 0x0, 0x0, 0x0, 0x0,

    /* U+6D88 "消" */
    0x0, 0x0, 0x0, 0x0, 0x0, 0x0, 0x0, 0x0,
    0x7, 0x76, 0x0, 0x0, 0x0, 0x0, 0x0, 0x7d,
    0x50, 0x0, 0x0, 0x4, 0x0, 0x0, 0x1f, 0xfc,
    0x0, 0x0, 0x36, 0x10, 0x4, 0xff, 0xfc, 0x20,
    0x4, 0xef, 0x70, 0x0, 0x1f, 0xfc, 0x0, 0x0,
    0xbf, 0xf4, 0x0, 0x7f, 0xff, 0xf7, 0x1, 0xef,
    0xf2, 0x0, 0x1f, 0xfc, 0x0, 0x3, 0xff, 0xe0,
    0x0, 0x2, 0xbf, 0xff, 0x20, 0x6f, 0xfb, 0x0,
    0x1f, 0xfc, 0x0, 0xb, 0xff, 0x60, 0x0, 0x0,
    0x8, 0xf6, 0x0, 0xd, 0xff, 0x30, 0x1f, 0xfc,
    0x0, 0x4f, 0xfd, 0x0, 0x0, 0x0, 0x0, 0x30,
    0x0, 0x5, 0xff, 0xa0, 0x1f, 0xfc, 0x0, 0xdf,
    0xf4, 0x0, 0x0, 0x0, 0x0, 0x0, 0x0, 0x0,
    0xea, 0x20, 0x1f, 0xfc, 0x0, 0x4b, 0xa0, 0x0,
    0x0, 0x0, 0x0, 0x0, 0x0, 0x0, 0x0, 0x0,
    0x1f, 0xfc, 0x0, 0x0, 0x0, 0x0, 0x1d, 0xb2,
    0x0, 0x0, 0x0, 0xaf, 0xff, 0xff, 0xff, 0xff,
    0xff, 0xff, 0xff, 0x40, 0xbf, 0xff, 0x90, 0x0,
    0x0, 0xbf, 0xff, 0xff, 0xff, 0xff, 0xff, 0xff,
    0xff, 0x40, 0x2b, 0xff, 0xfe, 0x30, 0x0, 0xbf,
    0xfb, 0xaa, 0xaa, 0xaa, 0xaa, 0xad, 0xff, 0x40,
    0x0, 0x5e, 0xff, 0xc0, 0x0, 0xbf, 0xf1, 0x0,
    0x0, 0x0, 0x0, 0x7, 0xff, 0x40, 0x0, 0x1,
    0xcf, 0x20, 0x0, 0xbf, 0xf1, 0x0, 0x0, 0x0,
    0x0, 0x7, 0xff, 0x40, 0x0, 0x0, 0x4, 0x0,
    0x0, 0xbf, 0xf7, 0x66, 0x66, 0x66, 0x66, 0x6b,
    0xff, 0x40, 0x0, 0x0, 0x0, 0x0, 0x0, 0xbf,
    0xff, 0xff, 0xff, 0xff, 0xff, 0xff, 0xff, 0x40,
    0x0, 0x0, 0x0, 0x0, 0x0, 0xbf, 0xff, 0xff,
    0xff, 0xff, 0xff, 0xff, 0xff, 0x40, 0x0, 0x0,
    0x5, 0xc1, 0x0, 0xbf, 0xf1, 0x0, 0x0, 0x0,
    0x0, 0x7, 0xff, 0x40, 0x0, 0x0, 0xd, 0xfe,
    0x0, 0xbf, 0xf1, 0x0, 0x0, 0x0, 0x0, 0x7,
    0xff, 0x40, 0x0, 0x0, 0x5f, 0xfa, 0x0, 0xbf,
    0xf4, 0x22, 0x22, 0x22, 0x22, 0x28, 0xff, 0x40,
    0x0, 0x0, 0xdf, 0xf2, 0x0, 0xbf, 0xff, 0xff,
    0xff, 0xff, 0xff, 0xff, 0xff, 0x40, 0x0, 0x6,
    0xff, 0xa0, 0x0, 0xbf, 0xff, 0xff, 0xff, 0xff,
    0xff, 0xff, 0xff, 0x40, 0x0, 0xe, 0xff, 0x30,
    0x0, 0xbf, 0xf4, 0x33, 0x33, 0x33, 0x33, 0x39,
    0xff, 0x40, 0x0, 0x8f, 0xfb, 0x0, 0x0, 0xbf,
    0xf1, 0x0, 0x0, 0x0, 0x0, 0x7, 0xff, 0x40,
    0x2, 0xff, 0xf2, 0x0, 0x0, 0xbf, 0xf1, 0x0,
    0x0, 0x0, 0x0, 0x7, 0xff, 0x40, 0xb, 0xff,
    0x90, 0x0, 0x0, 0xbf, 0xf1, 0x0, 0x0, 0x8,
    0xbb, 0xbe, 0xff, 0x30, 0x7, 0xff, 0x10, 0x0,
    0x0, 0xbf, 0xf1, 0x0, 0x0, 0x5, 0xff, 0xff,
    0xfe, 0x0, 0x0, 0x36, 0x0, 0x0, 0x0, 0xbf,
    0xf1, 0x0, 0x0, 0x1, 0xee, 0xec, 0x82, 0x0,

    /* U+6DA4 "涤" */
    0x0, 0x0, 0x0, 0x0, 0x0, 0x0, 0x0, 0x1,
    0x51, 0x0, 0x0, 0x0, 0x0, 0x0, 0x0, 0x0,
    0x9e, 0x70, 0x0, 0x0, 0x0, 0x0, 0xaf, 0xf4,
    0x0, 0x0, 0x0, 0x0, 0x0, 0x0, 0x5f, 0xff,
    0xe6, 0x0, 0x0, 0x0, 0x3f, 0xfd, 0x0, 0x0,
    0x0, 0x0, 0x0, 0x0, 0x0, 0x6e, 0xff, 0xfc,
    0x20, 0x0, 0x1e, 0xff, 0xed, 0xdd, 0xdd, 0xdd,
    0x80, 0x0, 0x0, 0x0, 0x8, 0xff, 0xe1, 0x0,
    0x1d, 0xff, 0xff, 0xff, 0xff, 0xff, 0xfe, 0x10,
    0x0, 0x0, 0x0, 0x3, 0xd4, 0x0, 0x1d, 0xff,
    0xd5, 0x55, 0x55, 0x5c, 0xff, 0x60, 0x0, 0x0,
    0x0, 0x0, 0x0, 0x0, 0x4e, 0xff, 0xff, 0x60,
    0x0, 0x7, 0xff, 0xb0, 0x0, 0x0, 0x0, 0x0,
    0x0, 0x0, 0x8f, 0xff, 0x9b, 0xff, 0x50, 0x7,
    0xff, 0xe1, 0x0, 0x0, 0x0, 0x30, 0x0, 0x0,
    0x2, 0xdf, 0x60, 0xc, 0xff, 0x8a, 0xff, 0xd1,
    0x0, 0x0, 0x0, 0x3f, 0xd6, 0x0, 0x0, 0x1,
    0x20, 0x0, 0x1c, 0xff, 0xff, 0xc1, 0x0, 0x0,
    0x0, 0xd, 0xff, 0xfe, 0x60, 0x0, 0x0, 0x0,
    0x17, 0xdf, 0xff, 0xfc, 0x50, 0x0, 0x0, 0x0,
    0x19, 0xff, 0xff, 0xa0, 0x0, 0x4, 0xaf, 0xff,
    0xfc, 0xef, 0xff, 0xe8, 0x30, 0x0, 0x0, 0x2,
    0xaf, 0xf4, 0x38, 0xcf, 0xff, 0xff, 0xc4, 0x0,
    0x7e, 0xff, 0xff, 0xfc, 0x50, 0x0, 0x0, 0x59,
    0x2, 0xff, 0xff, 0xfb, 0x30, 0x37, 0x73, 0x7,
    0xdf, 0xff, 0xe1, 0x0, 0x0, 0x0, 0x0, 0xa,
    0xe9, 0x50, 0x0, 0x6, 0xff, 0x60, 0x0, 0x27,
    0xc6, 0x0, 0x0, 0x0, 0x0, 0x0, 0x0, 0x0,
    0x0, 0x0, 0x6f, 0xf6, 0x0, 0x0, 0x0, 0x0,
    0x0, 0x0, 0x0, 0x10, 0x0, 0x0, 0x0, 0x0,
    0x7, 0xff, 0x60, 0x0, 0x0, 0x0, 0x0, 0x0,
    0x0, 0xe, 0x90, 0x9f, 0xff, 0xff, 0xff, 0xff,
    0xff, 0xff, 0xff, 0xff, 0xf1, 0x0, 0x0, 0x6,
    0xff, 0x99, 0xff, 0xff, 0xff, 0xff, 0xff, 0xff,
    0xff, 0xff, 0xff, 0x10, 0x0, 0x0, 0xdf, 0xf3,
    0x46, 0x66, 0x66, 0x66, 0xaf, 0xfa, 0x66, 0x66,
    0x66, 0x60, 0x0, 0x0, 0x6f, 0xfb, 0x0, 0x0,
    0x73, 0x0, 0x6, 0xff, 0x60, 0x3, 0x90, 0x0,
    0x0, 0x0, 0xd, 0xff, 0x40, 0x0, 0x8f, 0xf7,
    0x0, 0x6f, 0xf6, 0x4, 0xff, 0xb0, 0x0, 0x0,
    0x6, 0xff, 0xc0, 0x0, 0x2f, 0xfd, 0x0, 0x6,
    0xff, 0x60, 0x9, 0xff, 0xa0, 0x0, 0x0, 0xef,
    0xf4, 0x0, 0xc, 0xff, 0x40, 0x0, 0x6f, 0xf6,
    0x0, 0xb, 0xff, 0x60, 0x0, 0x8f, 0xfc, 0x0,
    0xc, 0xff, 0x90, 0x0, 0x6, 0xff, 0x60, 0x0,
    0x1e, 0xff, 0x10, 0x2f, 0xff, 0x30, 0x6, 0xff,
    0xb0, 0x6, 0x76, 0xbf, 0xf5, 0x0, 0x0, 0x5f,
    0xa1, 0x0, 0x7f, 0xa0, 0x0, 0x3, 0xa0, 0x0,
    0x9f, 0xff, 0xff, 0x20, 0x0, 0x0, 0x20, 0x0,
    0x0, 0x22, 0x0, 0x0, 0x0, 0x0, 0x4, 0xff,
    0xeb, 0x40, 0x0, 0x0, 0x0, 0x0,

    /* U+6DB2 "液" */
    0x0, 0x0, 0x0, 0x0, 0x0, 0x0, 0x0, 0x0,
    0x1, 0x10, 0x0, 0x0, 0x0, 0x0, 0x0, 0x0,
    0x10, 0x0, 0x0, 0x0, 0x0, 0x0, 0x2d, 0xf9,
    0x0, 0x0, 0x0, 0x0, 0x0, 0x0, 0x7f, 0x50,
    0x0, 0x0, 0x0, 0x0, 0x0, 0xef, 0xf1, 0x0,
    0x0, 0x0, 0x0, 0x0, 0x2f, 0xff, 0x70, 0x0,
    0x0, 0x0, 0x0, 0x8, 0xff, 0x80, 0x0, 0x0,
    0x0, 0x0, 0x0, 0x3e, 0xff, 0x81, 0xff, 0xff,
    0xff, 0xff, 0xff, 0xff, 0xff, 0xff, 0xff, 0xfc,
    0x0, 0x0, 0x2e, 0xff, 0x8f, 0xff, 0xff, 0xff,
    0xff, 0xff, 0xff, 0xff, 0xff, 0xff, 0xc0, 0x0,
    0x0, 0x2e, 0xc2, 0xaa, 0xab, 0xba, 0xaa, 0xaa,
    0xba, 0xaa, 0xaa, 0xaa, 0xa8, 0x0, 0x0, 0x0,
    0x30, 0x0, 0x0, 0x8f, 0xb2, 0x0, 0x5f, 0xc4,
    0x0, 0x0, 0x0, 0x0, 0x0, 0x0, 0x0, 0x0,
    0x0, 0xe, 0xfe, 0x0, 0xb, 0xff, 0x10, 0x0,
    0x0, 0x0, 0x0, 0x42, 0x0, 0x0, 0x0, 0x5,
    0xff, 0x70, 0x1, 0xff, 0xa0, 0x0, 0x0, 0x0,
    0x0, 0x5f, 0xf5, 0x0, 0x0, 0x0, 0xdf, 0xe0,
    0x0, 0x8f, 0xff, 0xff, 0xff, 0xff, 0x90, 0x6,
    0xff, 0xf9, 0x0, 0x0, 0x6f, 0xf8, 0x0, 0x1f,
    0xff, 0xff, 0xff, 0xff, 0xfc, 0x0, 0x3, 0xef,
    0xfb, 0x0, 0x1f, 0xff, 0x70, 0x9, 0xff, 0x64,
    0x44, 0x46, 0xff, 0x80, 0x0, 0x1, 0xdf, 0xc0,
    0xb, 0xff, 0xf7, 0x3, 0xff, 0xa1, 0xc5, 0x0,
    0x7f, 0xf4, 0x0, 0x0, 0x1, 0xa0, 0x7, 0xff,
    0xff, 0x71, 0xdf, 0xf8, 0x4f, 0xf5, 0xc, 0xff,
    0x0, 0x0, 0x0, 0x0, 0x4, 0xff, 0xff, 0xf7,
    0xbf, 0xff, 0xf0, 0x5f, 0xf5, 0xff, 0x90, 0x0,
    0x0, 0x0, 0x31, 0x5f, 0xf4, 0xff, 0xef, 0xfb,
    0xff, 0x70, 0x9b, 0xaf, 0xf3, 0x0, 0x0, 0x0,
    0xc, 0xe4, 0x55, 0xf, 0xf8, 0xbc, 0x9, 0xfe,
    0x10, 0x3f, 0xfc, 0x0, 0x0, 0x0, 0x2, 0xff,
    0x90, 0x0, 0xff, 0x70, 0x10, 0x2f, 0xfa, 0xb,
    0xff, 0x40, 0x0, 0x0, 0x0, 0x9f, 0xf3, 0x0,
    0xf, 0xf7, 0x0, 0x0, 0x8f, 0xfa, 0xff, 0xb0,
    0x0, 0x0, 0x0, 0xe, 0xfd, 0x0, 0x0, 0xff,
    0x70, 0x0, 0x0, 0xdf, 0xff, 0xf2, 0x0, 0x0,
    0x0, 0x5, 0xff, 0x70, 0x0, 0xf, 0xf7, 0x0,
    0x0, 0x5, 0xff, 0xf7, 0x0, 0x0, 0x0, 0x0,
    0xcf, 0xf2, 0x0, 0x0, 0xff, 0x70, 0x0, 0x3,
    0xef, 0xff, 0xe3, 0x0, 0x0, 0x0, 0x4f, 0xfb,
    0x0, 0x0, 0xf, 0xf7, 0x0, 0x4, 0xff, 0xfe,
    0xff, 0xf5, 0x0, 0x0, 0xb, 0xff, 0x40, 0x0,
    0x0, 0xff, 0x70, 0x19, 0xff, 0xf9, 0x8, 0xff,
    0xfa, 0x20, 0x1, 0xff, 0xd0, 0x0, 0x0, 0xf,
    0xf7, 0x7f, 0xff, 0xf6, 0x0, 0x7, 0xff, 0xff,
    0x80, 0x2, 0xb7, 0x0, 0x0, 0x0, 0xff, 0x7b,
    0xff, 0xc3, 0x0, 0x0, 0x4, 0xdf, 0xf7, 0x0,
    0x0, 0x0, 0x0, 0x0, 0xf, 0xf7, 0x1d, 0x60,
    0x0, 0x0, 0x0, 0x0, 0x8a, 0x0, 0x0, 0x0,
    0x0, 0x0, 0x0, 0x0, 0x0, 0x0, 0x0, 0x0,
    0x0, 0x0, 0x0, 0x0, 0x0,

    /* U+6DFB "添" */
    0x0, 0x0, 0x0, 0x0, 0x0, 0x0, 0x0, 0x0,
    0x0, 0x0, 0x0, 0x0, 0x0, 0x0, 0x0, 0x4,
    0xd6, 0x0, 0x0, 0x0, 0x0, 0x0, 0x0, 0x0,
    0x0, 0x0, 0x0, 0x0, 0x0, 0x1, 0xef, 0xfd,
    0x40, 0xa, 0xbb, 0xbb, 0xbb, 0xbb, 0xbb, 0xbb,
    0xbb, 0xbb, 0xa0, 0x0, 0x7, 0xff, 0xff, 0x80,
    0xef, 0xff, 0xff, 0xff, 0xff, 0xff, 0xff, 0xff,
    0xfd, 0x0, 0x0, 0x1, 0xbf, 0xfb, 0xe, 0xff,
    0xff, 0xff, 0xff, 0xff, 0xff, 0xff, 0xff, 0xd0,
    0x0, 0x0, 0x0, 0x6d, 0x10, 0x0, 0x0, 0x0,
    0xdf, 0xf2, 0x0, 0x0, 0x0, 0x0, 0x0, 0x0,
    0x0, 0x0, 0x0, 0x0, 0x0, 0x0, 0x2f, 0xfd,
    0x0, 0x0, 0x0, 0x0, 0x0, 0x0, 0x0, 0x0,
    0x0, 0x0, 0x0, 0x0, 0x7, 0xff, 0x80, 0x0,
    0x0, 0x0, 0x0, 0x0, 0x0, 0x0, 0x0, 0x2,
    0x99, 0x99, 0x99, 0xef, 0xfb, 0x99, 0x99, 0x99,
    0x99, 0x98, 0x0, 0xaa, 0x20, 0x0, 0x4f, 0xff,
    0xff, 0xff, 0xff, 0xff, 0xff, 0xff, 0xff, 0xff,
    0xe0, 0x6f, 0xff, 0xb2, 0x4, 0xff, 0xff, 0xff,
    0xff, 0xff, 0xff, 0xff, 0xff, 0xff, 0xfe, 0x3,
    0xaf, 0xff, 0xf6, 0x0, 0x0, 0xa, 0xff, 0xb0,
    0x0, 0x5f, 0xfc, 0x10, 0x0, 0x0, 0x0, 0x19,
    0xfe, 0x20, 0x0, 0x8, 0xff, 0xf1, 0x0, 0x0,
    0x9f, 0xfd, 0x10, 0x0, 0x0, 0x0, 0x3, 0x30,
    0x0, 0x8, 0xff, 0xf5, 0x44, 0x30, 0x0, 0xbf,
    0xfe, 0x40, 0x0, 0x0, 0x0, 0x0, 0x0, 0x1b,
    0xff, 0xf6, 0xf, 0xf9, 0x0, 0x0, 0xbf, 0xff,
    0xc3, 0x0, 0x0, 0x0, 0x0, 0x8f, 0xff, 0xf6,
    0x0, 0xff, 0x90, 0x0, 0x0, 0x9f, 0xff, 0xf2,
    0x0, 0x0, 0x0, 0xb, 0xff, 0xe3, 0x0, 0xf,
    0xf9, 0x0, 0x0, 0x6, 0xad, 0xf5, 0x0, 0x0,
    0x5, 0xd3, 0xc, 0x71, 0xe9, 0x10, 0xff, 0x90,
    0x54, 0xb, 0xff, 0x24, 0x0, 0x0, 0x0, 0xcf,
    0xf1, 0x0, 0x7f, 0xf1, 0xf, 0xf9, 0x9f, 0xd0,
    0x3f, 0xfb, 0x0, 0x0, 0x0, 0x2f, 0xfc, 0x0,
    0xe, 0xfb, 0x0, 0xff, 0x93, 0xff, 0x30, 0x9f,
    0xf5, 0x0, 0x0, 0x9, 0xff, 0x60, 0x5, 0xff,
    0x40, 0xf, 0xf9, 0xd, 0xfa, 0x1, 0xef, 0xe0,
    0x0, 0x0, 0xff, 0xf0, 0x1, 0xef, 0xd0, 0x0,
    0xff, 0x90, 0x7f, 0xe0, 0x6, 0xff, 0x70, 0x0,
    0x7f, 0xf9, 0x0, 0xcf, 0xf4, 0x0, 0xf, 0xf9,
    0x2, 0xff, 0x30, 0xe, 0xfe, 0x0, 0xe, 0xff,
    0x30, 0x2d, 0xf9, 0x0, 0x0, 0xff, 0x90, 0xe,
    0xf5, 0x0, 0x7f, 0xf2, 0x6, 0xff, 0xb0, 0x0,
    0x7, 0x0, 0x0, 0xf, 0xf9, 0x0, 0x40, 0x0,
    0x1, 0x81, 0x0, 0xef, 0xf4, 0x0, 0x0, 0x0,
    0x38, 0x89, 0xff, 0x80, 0x0, 0x0, 0x0, 0x0,
    0x0, 0x8, 0xfd, 0x0, 0x0, 0x0, 0x2, 0xff,
    0xff, 0xf5, 0x0, 0x0, 0x0, 0x0, 0x0, 0x0,
    0x2, 0x40, 0x0, 0x0, 0x0, 0xd, 0xfe, 0xc6,
    0x0, 0x0, 0x0, 0x0, 0x0, 0x0,

    /* U+6E05 "清" */
    0x0, 0x0, 0x0, 0x0, 0x0, 0x0, 0x0, 0x0,
    0x68, 0x80, 0x0, 0x0, 0x0, 0x0, 0x0, 0x19,
    0x10, 0x0, 0x0, 0x0, 0x0, 0x0, 0xcf, 0xf0,
    0x0, 0x0, 0x0, 0x0, 0x0, 0xdf, 0xf7, 0x0,
    0x1, 0x11, 0x11, 0x11, 0xcf, 0xf2, 0x11, 0x11,
    0x11, 0x10, 0x2, 0xcf, 0xff, 0xd2, 0x2f, 0xff,
    0xff, 0xff, 0xff, 0xff, 0xff, 0xff, 0xff, 0xb0,
    0x0, 0x7, 0xff, 0xfd, 0x2f, 0xff, 0xff, 0xff,
    0xff, 0xff, 0xff, 0xff, 0xff, 0xa0, 0x0, 0x0,
    0x3d, 0xf3, 0x0, 0x0, 0x0, 0x0, 0xcf, 0xf0,
    0x0, 0x0, 0x0, 0x0, 0x0, 0x0, 0x1, 0x50,
    0x1, 0x22, 0x22, 0x22, 0xcf, 0xf3, 0x22, 0x22,
    0x22, 0x0, 0x0, 0x0, 0x0, 0x0, 0x6, 0xff,
    0xff, 0xff, 0xff, 0xff, 0xff, 0xff, 0xfe, 0x0,
    0x0, 0x0, 0x0, 0x0, 0x5, 0xcc, 0xcc, 0xcc,
    0xff, 0xfc, 0xcc, 0xcc, 0xcb, 0x0, 0xc, 0xc3,
    0x0, 0x0, 0x0, 0x0, 0x0, 0x0, 0xcf, 0xf0,
    0x0, 0x0, 0x0, 0x0, 0x8f, 0xff, 0xa1, 0x4,
    0xee, 0xee, 0xee, 0xee, 0xff, 0xfe, 0xee, 0xee,
    0xee, 0xec, 0x1a, 0xff, 0xfe, 0x44, 0xff, 0xff,
    0xff, 0xff, 0xff, 0xff, 0xff, 0xff, 0xff, 0xfd,
    0x0, 0x5e, 0xff, 0x80, 0x22, 0x22, 0x22, 0x22,
    0x22, 0x22, 0x22, 0x22, 0x22, 0x22, 0x0, 0x1,
    0xcc, 0x0, 0x0, 0x11, 0x11, 0x11, 0x11, 0x11,
    0x11, 0x11, 0x10, 0x0, 0x0, 0x0, 0x2, 0x0,
    0x0, 0xff, 0xff, 0xff, 0xff, 0xff, 0xff, 0xff,
    0xf6, 0x0, 0x0, 0x0, 0x0, 0x0, 0x0, 0xff,
    0xff, 0xff, 0xff, 0xff, 0xff, 0xff, 0xf6, 0x0,
    0x0, 0x0, 0x1, 0x0, 0x0, 0xff, 0xa0, 0x0,
    0x0, 0x0, 0x0, 0x5f, 0xf6, 0x0, 0x0, 0x0,
    0xb, 0xa0, 0x0, 0xff, 0xa0, 0x0, 0x0, 0x0,
    0x0, 0x5f, 0xf6, 0x0, 0x0, 0x0, 0x2f, 0xfb,
    0x0, 0xff, 0xff, 0xff, 0xff, 0xff, 0xff, 0xff,
    0xf6, 0x0, 0x0, 0x0, 0xaf, 0xf7, 0x0, 0xff,
    0xff, 0xff, 0xff, 0xff, 0xff, 0xff, 0xf6, 0x0,
    0x0, 0x1, 0xff, 0xf1, 0x0, 0xff, 0x90, 0x0,
    0x0, 0x0, 0x0, 0x4f, 0xf6, 0x0, 0x0, 0x8,
    0xff, 0x90, 0x0, 0xff, 0xa2, 0x22, 0x22, 0x22,
    0x22, 0x6f, 0xf6, 0x0, 0x0, 0x1f, 0xff, 0x20,
    0x0, 0xff, 0xff, 0xff, 0xff, 0xff, 0xff, 0xff,
    0xf6, 0x0, 0x0, 0x9f, 0xfa, 0x0, 0x0, 0xff,
    0xff, 0xff, 0xff, 0xff, 0xff, 0xff, 0xf6, 0x0,
    0x2, 0xff, 0xf2, 0x0, 0x0, 0xff, 0x90, 0x0,
    0x0, 0x0, 0x0, 0x4f, 0xf6, 0x0, 0xa, 0xff,
    0xa0, 0x0, 0x0, 0xff, 0x90, 0x0, 0x0, 0x7,
    0x77, 0xaf, 0xf5, 0x0, 0x2, 0xcf, 0x20, 0x0,
    0x0, 0xff, 0x90, 0x0, 0x0, 0xc, 0xff, 0xff,
    0xf2, 0x0, 0x0, 0x3, 0x0, 0x0, 0x0, 0xff,
    0x90, 0x0, 0x0, 0x6, 0xee, 0xda, 0x40, 0x0,

    /* U+6E29 "温" */
    0x0, 0x1c, 0x60, 0x0, 0x0, 0x0, 0x0, 0x0,
    0x0, 0x0, 0x0, 0x0, 0x0, 0x0, 0x0, 0xbf,
    0xfe, 0x70, 0x0, 0xaf, 0xff, 0xff, 0xff, 0xff,
    0xff, 0xff, 0xf1, 0x0, 0x0, 0x6e, 0xff, 0xfd,
    0x30, 0xaf, 0xff, 0xff, 0xff, 0xff, 0xff, 0xff,
    0xf1, 0x0, 0x0, 0x0, 0x7f, 0xff, 0x90, 0xaf,
    0xf4, 0x44, 0x44, 0x44, 0x44, 0xcf, 0xf1, 0x0,
    0x0, 0x0, 0x1, 0xbd, 0x0, 0xaf, 0xf0, 0x0,
    0x0, 0x0, 0x0, 0xbf, 0xf1, 0x0, 0x0, 0x0,
    0x0, 0x1, 0x0, 0xaf, 0xf3, 0x33, 0x33, 0x33,
    0x33, 0xcf, 0xf1, 0x0, 0x0, 0x0, 0x0, 0x0,
    0x0, 0xaf, 0xff, 0xff, 0xff, 0xff, 0xff, 0xff,
    0xf1, 0x0, 0x0, 0x0, 0x0, 0x0, 0x0, 0xaf,
    0xff, 0xff, 0xff, 0xff, 0xff, 0xff, 0xf1, 0x0,
    0x6, 0x20, 0x0, 0x0, 0x0, 0xaf, 0xf0, 0x0,
    0x0, 0x0, 0x0, 0xbf, 0xf1, 0x0, 0x4f, 0xfa,
    0x30, 0x0, 0x0, 0xaf, 0xf0, 0x0, 0x0, 0x0,
    0x0, 0xbf, 0xf1, 0x0, 0x9f, 0xff, 0xfa, 0x10,
    0x0, 0xaf, 0xf7, 0x77, 0x77, 0x77, 0x77, 0xdf,
    0xf1, 0x0, 0x3, 0xbf, 0xff, 0xd0, 0x0, 0xaf,
    0xff, 0xff, 0xff, 0xff, 0xff, 0xff, 0xf1, 0x0,
    0x0, 0x3, 0xdf, 0x50, 0x0, 0xae, 0xee, 0xee,
    0xee, 0xee, 0xee, 0xee, 0xe1, 0x0, 0x0, 0x0,
    0x6, 0x0, 0x0, 0x0, 0x0, 0x0, 0x0, 0x0,
    0x0, 0x0, 0x0, 0x0, 0x0, 0x0, 0x0, 0x0,
    0x0, 0x11, 0x11, 0x11, 0x11, 0x11, 0x11, 0x11,
    0x11, 0x0, 0x0, 0x0, 0x0, 0x10, 0xa, 0xff,
    0xff, 0xff, 0xff, 0xff, 0xff, 0xff, 0xff, 0x10,
    0x0, 0x0, 0x7, 0xd2, 0xa, 0xff, 0xff, 0xff,
    0xff, 0xff, 0xff, 0xff, 0xff, 0x10, 0x0, 0x0,
    0x1f, 0xfe, 0xa, 0xfe, 0x55, 0xdf, 0x95, 0x7f,
    0xf5, 0x5b, 0xff, 0x10, 0x0, 0x0, 0x8f, 0xf8,
    0xa, 0xfd, 0x0, 0xcf, 0x60, 0x3f, 0xf0, 0x9,
    0xff, 0x10, 0x0, 0x1, 0xff, 0xf1, 0xa, 0xfd,
    0x0, 0xcf, 0x60, 0x3f, 0xf0, 0x9, 0xff, 0x10,
    0x0, 0x8, 0xff, 0x80, 0xa, 0xfd, 0x0, 0xcf,
    0x60, 0x3f, 0xf0, 0x9, 0xff, 0x10, 0x0, 0x2f,
    0xff, 0x10, 0xa, 0xfd, 0x0, 0xcf, 0x60, 0x3f,
    0xf0, 0x9, 0xff, 0x10, 0x0, 0xbf, 0xf8, 0x0,
    0xa, 0xfd, 0x0, 0xcf, 0x60, 0x3f, 0xf0, 0x9,
    0xff, 0x10, 0x4, 0xff, 0xe0, 0x0, 0xa, 0xfd,
    0x0, 0xcf, 0x60, 0x3f, 0xf0, 0x9, 0xff, 0x10,
    0xd, 0xff, 0x60, 0x2f, 0xff, 0xff, 0xff, 0xff,
    0xff, 0xff, 0xff, 0xff, 0xff, 0xff, 0x1b, 0xfd,
    0x0, 0x2f, 0xff, 0xff, 0xff, 0xff, 0xff, 0xff,
    0xff, 0xff, 0xff, 0xff, 0x0, 0x64, 0x0, 0x18,
    0x88, 0x88, 0x88, 0x88, 0x88, 0x88, 0x88, 0x88,
    0x88, 0x88,

    /* U+6E7F "湿" */
    0x0, 0x2c, 0x60, 0x0, 0x0, 0x0, 0x0, 0x0,
    0x0, 0x0, 0x0, 0x0, 0x0, 0x0, 0x0, 0xdf,
    0xfe, 0x60, 0x1, 0xff, 0xff, 0xff, 0xff, 0xff,
    0xff, 0xff, 0xfd, 0x0, 0x0, 0x8f, 0xff, 0xfc,
    0x11, 0xff, 0xff, 0xff, 0xff, 0xff, 0xff, 0xff,
    0xfd, 0x0, 0x0, 0x1, 0x9f, 0xff, 0x31, 0xff,
    0xa4, 0x44, 0x44, 0x44, 0x44, 0x4e, 0xfd, 0x0,
    0x0, 0x0, 0x3, 0xe8, 0x1, 0xff, 0x80, 0x0,
    0x0, 0x0, 0x0, 0xe, 0xfd, 0x0, 0x0, 0x0,
    0x0, 0x10, 0x1, 0xff, 0xa3, 0x33, 0x33, 0x33,
    0x33, 0x3e, 0xfd, 0x0, 0x0, 0x0, 0x0, 0x0,
    0x1, 0xff, 0xff, 0xff, 0xff, 0xff, 0xff, 0xff,
    0xfd, 0x0, 0x0, 0x0, 0x0, 0x0, 0x1, 0xff,
    0xff, 0xff, 0xff, 0xff, 0xff, 0xff, 0xfd, 0x0,
    0xd, 0xa2, 0x0, 0x0, 0x1, 0xff, 0x80, 0x0,
    0x0, 0x0, 0x0, 0xe, 0xfd, 0x0, 0xaf, 0xff,
    0xa1, 0x0, 0x1, 0xff, 0x80, 0x0, 0x0, 0x0,
    0x0, 0xe, 0xfd, 0x0, 0x3b, 0xff, 0xff, 0x50,
    0x1, 0xff, 0xb6, 0x66, 0x66, 0x66, 0x66, 0x6f,
    0xfd, 0x0, 0x0, 0x4d, 0xff, 0xa0, 0x1, 0xff,
    0xff, 0xff, 0xff, 0xff, 0xff, 0xff, 0xfd, 0x0,
    0x0, 0x0, 0x8d, 0x0, 0x1, 0xff, 0xff, 0xff,
    0xff, 0xff, 0xff, 0xff, 0xfd, 0x0, 0x0, 0x0,
    0x0, 0x0, 0x0, 0x0, 0x0, 0x66, 0x30, 0x5,
    0x64, 0x0, 0x0, 0x0, 0x0, 0x0, 0x0, 0x0,
    0x0, 0x0, 0x0, 0xff, 0x80, 0xe, 0xfb, 0x0,
    0x0, 0x0, 0x0, 0x0, 0x3, 0x0, 0x17, 0xb0,
    0x0, 0xff, 0x80, 0xe, 0xfb, 0x0, 0x6d, 0x82,
    0x0, 0x0, 0x3f, 0x70, 0x4f, 0xf6, 0x0, 0xff,
    0x80, 0xe, 0xfb, 0x0, 0xbf, 0xf3, 0x0, 0x0,
    0xaf, 0xf3, 0xd, 0xfd, 0x0, 0xff, 0x80, 0xe,
    0xfb, 0x1, 0xff, 0xc0, 0x0, 0x1, 0xff, 0xd0,
    0x6, 0xff, 0x40, 0xff, 0x80, 0xe, 0xfb, 0x6,
    0xff, 0x50, 0x0, 0x8, 0xff, 0x70, 0x0, 0xff,
    0xa0, 0xff, 0x80, 0xe, 0xfb, 0xc, 0xfd, 0x0,
    0x0, 0xe, 0xff, 0x10, 0x0, 0xaf, 0xf1, 0xff,
    0x80, 0xe, 0xfb, 0x3f, 0xf5, 0x0, 0x0, 0x6f,
    0xfa, 0x0, 0x0, 0x6f, 0xf5, 0xff, 0x80, 0xe,
    0xfb, 0xaf, 0xd0, 0x0, 0x0, 0xef, 0xf3, 0x0,
    0x0, 0x2a, 0x41, 0xff, 0x80, 0xe, 0xfb, 0x28,
    0x40, 0x0, 0x6, 0xff, 0xb0, 0x0, 0x0, 0x0,
    0x0, 0xff, 0x80, 0xe, 0xfb, 0x0, 0x0, 0x0,
    0xe, 0xff, 0x40, 0xf, 0xff, 0xff, 0xff, 0xff,
    0xff, 0xff, 0xff, 0xff, 0xff, 0xfe, 0x9, 0xfd,
    0x0, 0xf, 0xff, 0xff, 0xff, 0xff, 0xff, 0xff,
    0xff, 0xff, 0xff, 0xfe, 0x0, 0x44, 0x0, 0x8,
    0x88, 0x88, 0x88, 0x88, 0x88, 0x88, 0x88, 0x88,
    0x88, 0x88,

    /* U+6E90 "源" */
    0x0, 0x0, 0x0, 0x0, 0x0, 0x0, 0x0, 0x0,
    0x0, 0x0, 0x0, 0x0, 0x0, 0x0, 0x0, 0x6,
    0xe5, 0x0, 0x0, 0x0, 0x0, 0x0, 0x0, 0x0,
    0x0, 0x0, 0x0, 0x0, 0x0, 0x3, 0xff, 0xfc,
    0x30, 0xd, 0xff, 0xff, 0xff, 0xff, 0xff, 0xff,
    0xff, 0xff, 0xfa, 0x0, 0x7, 0xff, 0xff, 0x80,
    0xef, 0xff, 0xff, 0xff, 0xff, 0xff, 0xff, 0xff,
    0xff, 0xa0, 0x0, 0x2, 0xdf, 0xfb, 0xe, 0xff,
    0x99, 0x99, 0x99, 0xba, 0x99, 0x99, 0x99, 0x96,
    0x0, 0x0, 0x0, 0x8e, 0x10, 0xef, 0xd0, 0x0,
    0x0, 0xc, 0xfc, 0x40, 0x0, 0x0, 0x0, 0x0,
    0x0, 0x0, 0x10, 0xe, 0xfd, 0x0, 0x0, 0x0,
    0xff, 0xf1, 0x0, 0x0, 0x0, 0x0, 0x0, 0x0,
    0x0, 0x0, 0xef, 0xd0, 0x12, 0x22, 0x5f, 0xfa,
    0x22, 0x22, 0x21, 0x0, 0x0, 0x0, 0x0, 0x0,
    0xe, 0xfd, 0x9, 0xff, 0xff, 0xff, 0xff, 0xff,
    0xff, 0xa0, 0x0, 0xa8, 0x10, 0x0, 0x0, 0xef,
    0xd0, 0x9f, 0xff, 0xff, 0xff, 0xff, 0xff, 0xfa,
    0x0, 0x8f, 0xfe, 0x70, 0x0, 0xe, 0xfd, 0x9,
    0xfe, 0x0, 0x0, 0x0, 0x0, 0xff, 0xa0, 0x5,
    0xdf, 0xff, 0xd3, 0x0, 0xff, 0xd0, 0x9f, 0xe0,
    0x0, 0x0, 0x0, 0xf, 0xfa, 0x0, 0x0, 0x7f,
    0xff, 0x40, 0xf, 0xfc, 0x9, 0xff, 0xee, 0xee,
    0xee, 0xee, 0xff, 0xa0, 0x0, 0x0, 0x2c, 0x80,
    0x0, 0xff, 0xc0, 0x9f, 0xff, 0xff, 0xff, 0xff,
    0xff, 0xfa, 0x0, 0x0, 0x0, 0x0, 0x0, 0xf,
    0xfb, 0x9, 0xfe, 0x0, 0x0, 0x0, 0x0, 0xff,
    0xa0, 0x0, 0x0, 0x0, 0x0, 0x2, 0xff, 0x90,
    0x9f, 0xe0, 0x0, 0x0, 0x0, 0xf, 0xfa, 0x0,
    0x0, 0x0, 0x1, 0x0, 0x4f, 0xf7, 0x9, 0xff,
    0xee, 0xee, 0xee, 0xee, 0xff, 0xa0, 0x0, 0x0,
    0x6, 0xe5, 0x6, 0xff, 0x50, 0x9f, 0xff, 0xff,
    0xff, 0xff, 0xff, 0xfa, 0x0, 0x0, 0x0, 0xdf,
    0xf2, 0x8f, 0xf3, 0x2, 0x33, 0x33, 0xbf, 0xf4,
    0x33, 0x33, 0x20, 0x0, 0x0, 0x4f, 0xfb, 0xc,
    0xff, 0x10, 0x4, 0x0, 0x9, 0xff, 0x10, 0x17,
    0x30, 0x0, 0x0, 0xa, 0xff, 0x51, 0xff, 0xc0,
    0x4, 0xff, 0x70, 0x9f, 0xf1, 0x2f, 0xfc, 0x0,
    0x0, 0x2, 0xff, 0xe0, 0x5f, 0xf8, 0x0, 0xdf,
    0xf1, 0x9, 0xff, 0x10, 0xbf, 0xf6, 0x0, 0x0,
    0x9f, 0xf8, 0x9, 0xff, 0x40, 0x6f, 0xf8, 0x0,
    0x9f, 0xf1, 0x2, 0xff, 0xe1, 0x0, 0x1f, 0xff,
    0x10, 0xff, 0xf0, 0x3f, 0xfe, 0x10, 0x9, 0xff,
    0x10, 0x9, 0xff, 0x80, 0x9, 0xff, 0x90, 0x7f,
    0xfa, 0xd, 0xff, 0x50, 0x0, 0x9f, 0xf1, 0x0,
    0x1f, 0xff, 0x12, 0xff, 0xf2, 0x1f, 0xff, 0x30,
    0x5e, 0xa0, 0x56, 0x6d, 0xff, 0x0, 0x0, 0x9a,
    0x30, 0x1a, 0xfa, 0x5, 0xff, 0xa0, 0x0, 0x0,
    0x9, 0xff, 0xff, 0xe0, 0x0, 0x0, 0x0, 0x0,
    0x3, 0x20, 0x1, 0xb1, 0x0, 0x0, 0x0, 0x4f,
    0xfe, 0xb2, 0x0, 0x0, 0x0, 0x0,

    /* U+6EA2 "溢" */
    0x0, 0x0, 0x0, 0x0, 0x0, 0x0, 0x10, 0x0,
    0x0, 0x0, 0x0, 0x0, 0x0, 0x0, 0x0, 0x73,
    0x0, 0x0, 0x0, 0x8e, 0xc0, 0x0, 0x0, 0x0,
    0x6, 0xfa, 0x30, 0x0, 0x8, 0xff, 0x60, 0x0,
    0x0, 0xaf, 0xf6, 0x0, 0x0, 0x0, 0xd, 0xff,
    0x50, 0x0, 0x6, 0xff, 0xfa, 0x0, 0x0, 0x1e,
    0xff, 0x10, 0x0, 0x0, 0x5f, 0xfc, 0x0, 0x0,
    0x0, 0x3e, 0xff, 0xc0, 0x0, 0x6, 0xff, 0x90,
    0x0, 0x0, 0xef, 0xf2, 0x0, 0x0, 0x0, 0x1,
    0xdf, 0xf3, 0x0, 0x0, 0xdf, 0xe0, 0x0, 0x6,
    0xff, 0x70, 0x0, 0x0, 0x0, 0x0, 0x1d, 0x40,
    0x0, 0x0, 0x68, 0x10, 0x0, 0x0, 0x49, 0x0,
    0x0, 0x0, 0x0, 0x0, 0x0, 0xa, 0xff, 0xff,
    0xff, 0xff, 0xff, 0xff, 0xff, 0xff, 0xff, 0xf5,
    0x0, 0x0, 0x0, 0xa, 0xff, 0xff, 0xff, 0xff,
    0xff, 0xff, 0xff, 0xff, 0xff, 0xf5, 0xa, 0x70,
    0x0, 0x5, 0x77, 0x77, 0x77, 0x77, 0x77, 0x78,
    0x77, 0x77, 0x77, 0x72, 0xaf, 0xfc, 0x20, 0x0,
    0x0, 0x0, 0xa, 0x60, 0x0, 0x7, 0xb3, 0x0,
    0x0, 0x0, 0x3d, 0xff, 0xf5, 0x0, 0x0, 0x2,
    0xdf, 0xf6, 0x0, 0x1f, 0xff, 0xa2, 0x0, 0x0,
    0x0, 0x9f, 0xff, 0x60, 0x0, 0x7f, 0xff, 0x70,
    0x0, 0x4, 0xdf, 0xff, 0x80, 0x0, 0x0, 0x6,
    0xfe, 0x20, 0x6e, 0xff, 0xf4, 0x0, 0x0, 0x0,
    0x6, 0xef, 0xfe, 0x40, 0x0, 0x0, 0x53, 0xb,
    0xff, 0xfb, 0x10, 0x0, 0x0, 0x0, 0x0, 0x19,
    0xff, 0xf3, 0x0, 0x0, 0x0, 0x2, 0xfe, 0x50,
    0x0, 0x0, 0x0, 0x0, 0x0, 0x0, 0x4e, 0xa0,
    0x0, 0x0, 0x30, 0x0, 0x4c, 0xff, 0xff, 0xff,
    0xff, 0xff, 0xff, 0xff, 0xf9, 0x10, 0x0, 0x0,
    0xfb, 0x10, 0xc, 0xff, 0xff, 0xff, 0xff, 0xff,
    0xff, 0xff, 0xf8, 0x0, 0x0, 0x5, 0xff, 0x30,
    0xc, 0xfb, 0x66, 0xff, 0x66, 0xaf, 0xc6, 0x6e,
    0xf8, 0x0, 0x0, 0xa, 0xfe, 0x0, 0xc, 0xf7,
    0x0, 0xff, 0x0, 0x6f, 0x90, 0xd, 0xf8, 0x0,
    0x0, 0xe, 0xfa, 0x0, 0xc, 0xf7, 0x0, 0xff,
    0x0, 0x6f, 0x90, 0xd, 0xf8, 0x0, 0x0, 0x4f,
    0xf5, 0x0, 0xc, 0xf7, 0x0, 0xff, 0x0, 0x6f,
    0x90, 0xd, 0xf8, 0x0, 0x0, 0x9f, 0xf1, 0x0,
    0xc, 0xf7, 0x0, 0xff, 0x0, 0x6f, 0x90, 0xd,
    0xf8, 0x0, 0x0, 0xff, 0xb0, 0x0, 0xc, 0xf7,
    0x0, 0xff, 0x0, 0x6f, 0x90, 0xd, 0xf8, 0x0,
    0x5, 0xff, 0x60, 0x0, 0xc, 0xf8, 0x0, 0xff,
    0x10, 0x6f, 0x90, 0xd, 0xf9, 0x0, 0xb, 0xff,
    0x10, 0x9f, 0xff, 0xff, 0xff, 0xff, 0xff, 0xff,
    0xff, 0xff, 0xff, 0xfe, 0xa, 0xfb, 0x0, 0x9f,
    0xff, 0xff, 0xff, 0xff, 0xff, 0xff, 0xff, 0xff,
    0xff, 0xfe, 0x0, 0x33, 0x0, 0x47, 0x77, 0x77,
    0x77, 0x77, 0x77, 0x77, 0x77, 0x77, 0x77, 0x76,

    /* U+6EE4 "滤" */
    0x0, 0x0, 0x0, 0x0, 0x0, 0x0, 0x0, 0x2,
    0x88, 0x30, 0x0, 0x0, 0x0, 0x0, 0x0, 0x0,
    0x0, 0x0, 0x0, 0x0, 0x0, 0x0, 0x4f, 0xf6,
    0x0, 0x0, 0x0, 0x0, 0x0, 0x0, 0x9e, 0x40,
    0x0, 0x0, 0x0, 0x0, 0x4, 0xff, 0x83, 0x33,
    0x33, 0x33, 0x10, 0x0, 0x4f, 0xff, 0xa0, 0x0,
    0x0, 0x0, 0x0, 0x4f, 0xff, 0xff, 0xff, 0xff,
    0xf8, 0x0, 0x0, 0x3c, 0xff, 0xd2, 0x0, 0x0,
    0x0, 0x4, 0xff, 0xee, 0xee, 0xee, 0xee, 0x70,
    0x0, 0x0, 0x8, 0xff, 0x60, 0x0, 0x0, 0x0,
    0x4f, 0xf6, 0x0, 0x0, 0x0, 0x0, 0x0, 0x0,
    0x0, 0x5, 0x50, 0x7f, 0xff, 0xff, 0xff, 0xff,
    0xff, 0xff, 0xff, 0xff, 0xf9, 0x0, 0x0, 0x0,
    0x0, 0x7, 0xff, 0xff, 0xff, 0xff, 0xff, 0xff,
    0xff, 0xff, 0xff, 0x80, 0x0, 0x0, 0x0, 0x0,
    0x7f, 0xf4, 0x33, 0x4f, 0xf7, 0x33, 0x33, 0x33,
    0x5f, 0xf3, 0x0, 0x84, 0x0, 0x0, 0x7, 0xff,
    0x10, 0x1, 0xff, 0x50, 0x0, 0x0, 0x8, 0xfd,
    0x0, 0x9f, 0xfa, 0x10, 0x0, 0x7f, 0xf1, 0x0,
    0x1f, 0xf7, 0x45, 0x78, 0x80, 0xef, 0x60, 0x4,
    0xef, 0xfe, 0x50, 0x7, 0xff, 0x1b, 0xdf, 0xff,
    0xff, 0xff, 0xfe, 0x1, 0x50, 0x0, 0x1, 0xaf,
    0xff, 0x30, 0x8f, 0xf1, 0xdf, 0xff, 0xfe, 0xcb,
    0x98, 0x60, 0x20, 0x0, 0x0, 0x0, 0x6f, 0xa0,
    0x8, 0xff, 0x4, 0x33, 0xff, 0x50, 0x0, 0x0,
    0xb, 0xd4, 0x0, 0x0, 0x0, 0x30, 0x0, 0x8f,
    0xf0, 0x0, 0xf, 0xfa, 0x22, 0x22, 0x23, 0xff,
    0x60, 0x0, 0x0, 0x0, 0x0, 0x9, 0xff, 0x0,
    0x0, 0xdf, 0xff, 0xff, 0xff, 0xff, 0xf1, 0x0,
    0x0, 0x0, 0x0, 0x0, 0xaf, 0xe0, 0x0, 0x3,
    0xbe, 0xff, 0xff, 0xff, 0xd5, 0x0, 0x0, 0x0,
    0x5, 0xd3, 0xb, 0xfd, 0x0, 0x0, 0x0, 0x0,
    0x0, 0x0, 0x0, 0x0, 0x0, 0x0, 0x0, 0xcf,
    0xf0, 0xdf, 0xb0, 0x0, 0x0, 0x1, 0xaa, 0x0,
    0x0, 0x0, 0x0, 0x0, 0x0, 0x3f, 0xf9, 0xe,
    0xf9, 0x0, 0x0, 0x0, 0x1e, 0xf7, 0x0, 0x4a,
    0x0, 0x0, 0x0, 0xa, 0xff, 0x31, 0xff, 0x70,
    0xb9, 0x2f, 0xf2, 0x4f, 0xf2, 0xa, 0xf8, 0x0,
    0x0, 0x1, 0xff, 0xc0, 0x5f, 0xf3, 0xf, 0xf1,
    0xff, 0x20, 0x9f, 0xc0, 0x2f, 0xf2, 0x0, 0x0,
    0x8f, 0xf6, 0x9, 0xff, 0x4, 0xfb, 0x1f, 0xf2,
    0x1, 0xff, 0x20, 0x8f, 0xc0, 0x0, 0x1f, 0xfe,
    0x0, 0xdf, 0xc0, 0x9f, 0x71, 0xff, 0x20, 0x4,
    0x12, 0xb5, 0xef, 0x40, 0x8, 0xff, 0x70, 0x3f,
    0xf8, 0xf, 0xf2, 0x1f, 0xf2, 0x0, 0x0, 0x3f,
    0xc8, 0xfb, 0x1, 0xff, 0xf1, 0xa, 0xff, 0x27,
    0xfc, 0x1, 0xff, 0x30, 0x0, 0x7, 0xfa, 0x1f,
    0xf0, 0x1a, 0xf9, 0x1, 0xff, 0xb0, 0x6d, 0x50,
    0xe, 0xff, 0xee, 0xee, 0xff, 0x50, 0x62, 0x0,
    0x4, 0x20, 0xa, 0xf4, 0x0, 0x0, 0x0, 0x4d,
    0xff, 0xff, 0xfe, 0x90, 0x0, 0x0, 0x0, 0x0,
    0x0, 0x6, 0x0, 0x0, 0x0, 0x0, 0x0, 0x0,
    0x0, 0x0, 0x0, 0x0, 0x0,

    /* U+6F02 "漂" */
    0x0, 0x9, 0x60, 0x0, 0x3, 0x33, 0x33, 0x33,
    0x33, 0x33, 0x33, 0x33, 0x33, 0x33, 0x10, 0x5,
    0xff, 0xc3, 0x0, 0xdf, 0xff, 0xff, 0xff, 0xff,
    0xff, 0xff, 0xff, 0xff, 0xf4, 0x0, 0x4e, 0xff,
    0xf9, 0xd, 0xff, 0xff, 0xff, 0xff, 0xff, 0xff,
    0xff, 0xff, 0xff, 0x40, 0x0, 0x9, 0xff, 0xf6,
    0x0, 0x0, 0x0, 0xef, 0x70, 0x1f, 0xf5, 0x0,
    0x0, 0x0, 0x0, 0x0, 0x4, 0xed, 0x0, 0x0,
    0x0, 0xe, 0xf7, 0x1, 0xff, 0x50, 0x0, 0x0,
    0x0, 0x0, 0x0, 0x1, 0x30, 0xc, 0xff, 0xff,
    0xff, 0xff, 0xff, 0xff, 0xff, 0xff, 0x60, 0x0,
    0x0, 0x0, 0x0, 0x0, 0xcf, 0xff, 0xff, 0xff,
    0xff, 0xff, 0xff, 0xff, 0xf6, 0x0, 0x0, 0x0,
    0x0, 0x0, 0xc, 0xfa, 0x0, 0xef, 0x70, 0x1f,
    0xf5, 0x3, 0xff, 0x60, 0x4, 0xc4, 0x0, 0x0,
    0x0, 0xcf, 0x90, 0xe, 0xf6, 0x0, 0xff, 0x40,
    0x2f, 0xf6, 0x0, 0xef, 0xfb, 0x20, 0x0, 0xc,
    0xf9, 0x0, 0xef, 0x60, 0xf, 0xf4, 0x2, 0xff,
    0x60, 0x8, 0xff, 0xff, 0x70, 0x0, 0xcf, 0xfe,
    0xef, 0xfe, 0xee, 0xff, 0xee, 0xef, 0xf6, 0x0,
    0x3, 0xcf, 0xfd, 0x0, 0xc, 0xff, 0xff, 0xff,
    0xff, 0xff, 0xff, 0xff, 0xff, 0x60, 0x0, 0x0,
    0x8f, 0x50, 0x0, 0x23, 0x33, 0x33, 0x33, 0x33,
    0x33, 0x33, 0x33, 0x31, 0x0, 0x0, 0x0, 0x40,
    0x0, 0x0, 0x0, 0x0, 0x0, 0x0, 0x0, 0x0,
    0x0, 0x0, 0x0, 0x0, 0x0, 0x0, 0x0, 0x0,
    0xf, 0xff, 0xff, 0xff, 0xff, 0xff, 0xff, 0xff,
    0xb0, 0x0, 0x0, 0x0, 0x1, 0x0, 0x0, 0xff,
    0xff, 0xff, 0xff, 0xff, 0xff, 0xff, 0xfb, 0x0,
    0x0, 0x0, 0x2, 0xe2, 0x0, 0x0, 0x0, 0x0,
    0x0, 0x0, 0x0, 0x0, 0x0, 0x0, 0x0, 0x0,
    0x0, 0x9f, 0xe0, 0x44, 0x44, 0x44, 0x44, 0x44,
    0x44, 0x44, 0x44, 0x44, 0x43, 0x0, 0x0, 0x1f,
    0xfb, 0xd, 0xff, 0xff, 0xff, 0xff, 0xff, 0xff,
    0xff, 0xff, 0xff, 0x90, 0x0, 0x9, 0xff, 0x40,
    0xdf, 0xff, 0xff, 0xff, 0xff, 0xff, 0xff, 0xff,
    0xff, 0xf9, 0x0, 0x1, 0xff, 0xc0, 0x0, 0x0,
    0x10, 0x0, 0x9, 0xff, 0x20, 0x1, 0x10, 0x0,
    0x0, 0x0, 0xaf, 0xf4, 0x0, 0x0, 0x4f, 0xe7,
    0x0, 0x9f, 0xf2, 0x8, 0xfd, 0x20, 0x0, 0x0,
    0x3f, 0xfd, 0x0, 0x0, 0x3f, 0xfe, 0x20, 0x9,
    0xff, 0x20, 0x5f, 0xfe, 0x30, 0x0, 0xc, 0xff,
    0x40, 0x0, 0x5f, 0xff, 0x30, 0x0, 0x9f, 0xf2,
    0x0, 0x4f, 0xff, 0x40, 0x4, 0xff, 0xc0, 0x0,
    0x9f, 0xff, 0x40, 0x67, 0x6d, 0xff, 0x20, 0x0,
    0x3f, 0xff, 0x40, 0xa, 0xf3, 0x0, 0x7, 0xfe,
    0x20, 0xa, 0xff, 0xff, 0xf0, 0x0, 0x0, 0x4f,
    0xa2, 0x0, 0x5, 0x0, 0x0, 0x3, 0x10, 0x0,
    0x5f, 0xfe, 0xb3, 0x0, 0x0, 0x0, 0x10, 0x0,

    /* U+706D "灭" */
    0x0, 0x0, 0x0, 0x0, 0x0, 0x0, 0x0, 0x0,
    0x0, 0x0, 0x0, 0x0, 0x0, 0x0, 0x0, 0x0,
    0xef, 0xff, 0xff, 0xff, 0xff, 0xff, 0xff, 0xff,
    0xff, 0xff, 0xff, 0xff, 0xfc, 0x0, 0x0, 0xef,
    0xff, 0xff, 0xff, 0xff, 0xff, 0xff, 0xff, 0xff,
    0xff, 0xff, 0xff, 0xfc, 0x0, 0x0, 0xbc, 0xcc,
    0xcc, 0xcc, 0xcc, 0xce, 0xff, 0xec, 0xcc, 0xcc,
    0xcc, 0xcc, 0xc9, 0x0, 0x0, 0x0, 0x0, 0x0,
    0x0, 0x0, 0x8, 0xff, 0x70, 0x0, 0x0, 0x0,
    0x0, 0x0, 0x0, 0x0, 0x0, 0x0, 0x0, 0x0,
    0x0, 0x9, 0xff, 0x70, 0x0, 0x0, 0x0, 0x0,
    0x0, 0x0, 0x0, 0x0, 0x0, 0x0, 0x0, 0x0,
    0xa, 0xff, 0x60, 0x0, 0x0, 0x0, 0x0, 0x0,
    0x0, 0x0, 0x0, 0x0, 0x0, 0x0, 0x0, 0xb,
    0xff, 0x50, 0x0, 0x0, 0x0, 0x0, 0x0, 0x0,
    0x0, 0x0, 0x0, 0x6c, 0x61, 0x0, 0xb, 0xff,
    0x50, 0x0, 0x0, 0xc, 0xc6, 0x0, 0x0, 0x0,
    0x0, 0x0, 0xcf, 0xf2, 0x0, 0xc, 0xff, 0x60,
    0x0, 0x0, 0x3f, 0xff, 0x10, 0x0, 0x0, 0x0,
    0x2, 0xff, 0xc0, 0x0, 0xd, 0xff, 0x90, 0x0,
    0x0, 0xaf, 0xf8, 0x0, 0x0, 0x0, 0x0, 0x8,
    0xff, 0x60, 0x0, 0xf, 0xff, 0xc0, 0x0, 0x1,
    0xff, 0xf1, 0x0, 0x0, 0x0, 0x0, 0x1f, 0xff,
    0x10, 0x0, 0x2f, 0xff, 0xf0, 0x0, 0x8, 0xff,
    0x80, 0x0, 0x0, 0x0, 0x0, 0xaf, 0xf9, 0x0,
    0x0, 0x4f, 0xff, 0xf5, 0x0, 0x1f, 0xfe, 0x10,
    0x0, 0x0, 0x0, 0x5, 0xff, 0xf1, 0x0, 0x0,
    0x8f, 0xff, 0xfa, 0x0, 0x9f, 0xf6, 0x0, 0x0,
    0x0, 0x0, 0x8, 0xff, 0x70, 0x0, 0x0, 0xdf,
    0xff, 0xff, 0x10, 0x8e, 0xd0, 0x0, 0x0, 0x0,
    0x0, 0x0, 0x28, 0x0, 0x0, 0x3, 0xff, 0xe7,
    0xff, 0x70, 0x0, 0x10, 0x0, 0x0, 0x0, 0x0,
    0x0, 0x0, 0x0, 0x0, 0xb, 0xff, 0x80, 0xef,
    0xe0, 0x0, 0x0, 0x0, 0x0, 0x0, 0x0, 0x0,
    0x0, 0x0, 0x0, 0x4f, 0xff, 0x20, 0x8f, 0xf9,
    0x0, 0x0, 0x0, 0x0, 0x0, 0x0, 0x0, 0x0,
    0x0, 0x1, 0xdf, 0xfb, 0x0, 0x1f, 0xff, 0x40,
    0x0, 0x0, 0x0, 0x0, 0x0, 0x0, 0x0, 0x0,
    0x1c, 0xff, 0xf2, 0x0, 0x6, 0xff, 0xf3, 0x0,
    0x0, 0x0, 0x0, 0x0, 0x0, 0x0, 0x1, 0xcf,
    0xff, 0x50, 0x0, 0x0, 0xaf, 0xfe, 0x40, 0x0,
    0x0, 0x0, 0x0, 0x0, 0x0, 0x6e, 0xff, 0xf7,
    0x0, 0x0, 0x0, 0xd, 0xff, 0xf8, 0x0, 0x0,
    0x0, 0x0, 0x0, 0x3c, 0xff, 0xff, 0x70, 0x0,
    0x0, 0x0, 0x1, 0xcf, 0xff, 0xe7, 0x0, 0x0,
    0x1, 0x6c, 0xff, 0xff, 0xe4, 0x0, 0x0, 0x0,
    0x0, 0x0, 0x8, 0xff, 0xff, 0xfb, 0x60, 0xc,
    0xff, 0xff, 0xf9, 0x0, 0x0, 0x0, 0x0, 0x0,
    0x0, 0x0, 0x4d, 0xff, 0xff, 0x90, 0x1, 0xff,
    0xe8, 0x10, 0x0, 0x0, 0x0, 0x0, 0x0, 0x0,
    0x0, 0x0, 0x5b, 0xfe, 0x0, 0x0, 0x55, 0x0,
    0x0, 0x0, 0x0, 0x0, 0x0, 0x0, 0x0, 0x0,
    0x0, 0x0, 0x12, 0x0,

    /* U+70B9 "点" */
    0x0, 0x0, 0x0, 0x0, 0x0, 0x0, 0x38, 0x83,
    0x0, 0x0, 0x0, 0x0, 0x0, 0x0, 0x0, 0x0,
    0x0, 0x0, 0x0, 0x0, 0x6f, 0xf6, 0x0, 0x0,
    0x0, 0x0, 0x0, 0x0, 0x0, 0x0, 0x0, 0x0,
    0x0, 0x0, 0x6f, 0xf6, 0x0, 0x0, 0x0, 0x0,
    0x0, 0x0, 0x0, 0x0, 0x0, 0x0, 0x0, 0x0,
    0x6f, 0xfc, 0x99, 0x99, 0x99, 0x99, 0x99, 0x30,
    0x0, 0x0, 0x0, 0x0, 0x0, 0x0, 0x6f, 0xff,
    0xff, 0xff, 0xff, 0xff, 0xff, 0x60, 0x0, 0x0,
    0x0, 0x0, 0x0, 0x0, 0x6f, 0xff, 0xff, 0xff,
    0xff, 0xff, 0xff, 0x60, 0x0, 0x0, 0x0, 0x0,
    0x0, 0x0, 0x6f, 0xf7, 0x11, 0x11, 0x11, 0x11,
    0x11, 0x0, 0x0, 0x0, 0x0, 0x0, 0x0, 0x0,
    0x6f, 0xf6, 0x0, 0x0, 0x0, 0x0, 0x0, 0x0,
    0x0, 0x0, 0x0, 0x0, 0x0, 0x0, 0x6f, 0xf6,
    0x0, 0x0, 0x0, 0x0, 0x0, 0x0, 0x0, 0x0,
    0x88, 0x88, 0x88, 0x88, 0xbf, 0xfb, 0x88, 0x88,
    0x88, 0x88, 0x10, 0x0, 0x0, 0x1, 0xff, 0xff,
    0xff, 0xff, 0xff, 0xff, 0xff, 0xff, 0xff, 0xff,
    0x20, 0x0, 0x0, 0x1, 0xff, 0xff, 0xff, 0xff,
    0xff, 0xff, 0xff, 0xff, 0xff, 0xff, 0x20, 0x0,
    0x0, 0x1, 0xff, 0xa1, 0x11, 0x11, 0x11, 0x11,
    0x11, 0x11, 0x1b, 0xff, 0x20, 0x0, 0x0, 0x1,
    0xff, 0x90, 0x0, 0x0, 0x0, 0x0, 0x0, 0x0,
    0xb, 0xff, 0x20, 0x0, 0x0, 0x1, 0xff, 0x90,
    0x0, 0x0, 0x0, 0x0, 0x0, 0x0, 0xb, 0xff,
    0x20, 0x0, 0x0, 0x1, 0xff, 0x90, 0x0, 0x0,
    0x0, 0x0, 0x0, 0x0, 0xb, 0xff, 0x20, 0x0,
    0x0, 0x1, 0xff, 0x90, 0x0, 0x0, 0x0, 0x0,
    0x0, 0x0, 0xb, 0xff, 0x20, 0x0, 0x0, 0x1,
    0xff, 0xff, 0xff, 0xff, 0xff, 0xff, 0xff, 0xff,
    0xff, 0xff, 0x20, 0x0, 0x0, 0x1, 0xff, 0xff,
    0xff, 0xff, 0xff, 0xff, 0xff, 0xff, 0xff, 0xff,
    0x20, 0x0, 0x0, 0x0, 0xaa, 0xaa, 0xaa, 0xaa,
    0xaa, 0xaa, 0xaa, 0xaa, 0xaa, 0xaa, 0x10, 0x0,
    0x0, 0x0, 0x0, 0x0, 0x0, 0x0, 0x0, 0x0,
    0x0, 0x0, 0x0, 0x0, 0x0, 0x0, 0x0, 0x0,
    0xa6, 0x20, 0x0, 0x0, 0x0, 0x0, 0x13, 0x0,
    0x2, 0x8d, 0x20, 0x0, 0x0, 0x8, 0xff, 0x80,
    0xb, 0xff, 0x0, 0x8, 0xff, 0x20, 0x8, 0xff,
    0xc0, 0x0, 0x0, 0x1f, 0xff, 0x10, 0xa, 0xff,
    0x20, 0x4, 0xff, 0x80, 0x0, 0xcf, 0xf8, 0x0,
    0x0, 0x9f, 0xf8, 0x0, 0x8, 0xff, 0x40, 0x0,
    0xdf, 0xe0, 0x0, 0x2f, 0xff, 0x30, 0x4, 0xff,
    0xf1, 0x0, 0x6, 0xff, 0x70, 0x0, 0x8f, 0xf4,
    0x0, 0x8, 0xff, 0xc0, 0x3f, 0xff, 0x60, 0x0,
    0x5, 0xff, 0x90, 0x0, 0x3f, 0xf9, 0x0, 0x0,
    0xef, 0xf5, 0x4d, 0xfa, 0x0, 0x0, 0x4, 0xff,
    0x90, 0x0, 0xe, 0xd7, 0x0, 0x0, 0x6f, 0xb3,
    0x0, 0x40, 0x0, 0x0, 0x1, 0x31, 0x0, 0x0,
    0x1, 0x0, 0x0, 0x0, 0x1, 0x0,

    /* U+70D8 "烘" */
    0x0, 0x0, 0x12, 0x20, 0x0, 0x0, 0x0, 0x11,
    0x10, 0x0, 0x1, 0x11, 0x0, 0x0, 0x0, 0x0,
    0x7f, 0xf1, 0x0, 0x0, 0x0, 0xff, 0xb0, 0x0,
    0xf, 0xfc, 0x0, 0x0, 0x0, 0x0, 0x7f, 0xf1,
    0x0, 0x0, 0x0, 0xff, 0xb0, 0x0, 0xf, 0xfc,
    0x0, 0x0, 0x0, 0x0, 0x7f, 0xf1, 0x0, 0x0,
    0x0, 0xff, 0xb0, 0x0, 0xf, 0xfc, 0x0, 0x0,
    0x0, 0x0, 0x7f, 0xf1, 0x0, 0x0, 0x0, 0xff,
    0xb0, 0x0, 0xf, 0xfc, 0x0, 0x0, 0x0, 0x0,
    0x7f, 0xf1, 0x0, 0x0, 0x0, 0xff, 0xb0, 0x0,
    0xf, 0xfc, 0x0, 0x0, 0x0, 0x0, 0x7f, 0xf1,
    0x4d, 0x70, 0x0, 0xff, 0xc0, 0x0, 0xf, 0xfd,
    0x0, 0x0, 0xb, 0xe2, 0x7f, 0xf1, 0x8f, 0xcf,
    0xff, 0xff, 0xff, 0xff, 0xff, 0xff, 0xff, 0xf5,
    0xd, 0xf1, 0x7f, 0xf1, 0xcf, 0x6f, 0xff, 0xff,
    0xff, 0xff, 0xff, 0xff, 0xff, 0xf5, 0xf, 0xf0,
    0x7f, 0xf2, 0xfe, 0x1a, 0xaa, 0xff, 0xea, 0xaa,
    0xaf, 0xfe, 0xaa, 0xa3, 0x1f, 0xf0, 0x7f, 0xf8,
    0xf8, 0x0, 0x0, 0xff, 0xb0, 0x0, 0xf, 0xfc,
    0x0, 0x0, 0x4f, 0xd0, 0x7f, 0xfd, 0xf1, 0x0,
    0x0, 0xff, 0xb0, 0x0, 0xf, 0xfc, 0x0, 0x0,
    0x7f, 0xa0, 0x8f, 0xf7, 0x80, 0x0, 0x0, 0xff,
    0xb0, 0x0, 0xf, 0xfc, 0x0, 0x0, 0xbf, 0x60,
    0x8f, 0xf0, 0x0, 0x0, 0x0, 0xff, 0xb0, 0x0,
    0xf, 0xfc, 0x0, 0x0, 0x7d, 0x20, 0x9f, 0xe0,
    0x0, 0x0, 0x0, 0xff, 0xb0, 0x0, 0xf, 0xfc,
    0x0, 0x0, 0x0, 0x0, 0xaf, 0xd0, 0x0, 0x0,
    0x0, 0xff, 0xb0, 0x0, 0xf, 0xfc, 0x0, 0x0,
    0x0, 0x0, 0xcf, 0xc0, 0x0, 0xab, 0xbb, 0xff,
    0xeb, 0xbb, 0xbf, 0xff, 0xbb, 0xb9, 0x0, 0x0,
    0xff, 0xd0, 0x0, 0xef, 0xff, 0xff, 0xff, 0xff,
    0xff, 0xff, 0xff, 0xfd, 0x0, 0x1, 0xff, 0xfa,
    0x0, 0xef, 0xff, 0xff, 0xff, 0xff, 0xff, 0xff,
    0xff, 0xfd, 0x0, 0x4, 0xff, 0xff, 0x70, 0x0,
    0x0, 0x0, 0x0, 0x0, 0x0, 0x0, 0x0, 0x0,
    0x0, 0xa, 0xff, 0xcf, 0xf4, 0x0, 0x0, 0x12,
    0x0, 0x0, 0x0, 0x40, 0x0, 0x0, 0x0, 0xf,
    0xfe, 0x1e, 0xfe, 0x20, 0x0, 0xbf, 0xd4, 0x0,
    0x5e, 0xf6, 0x0, 0x0, 0x0, 0x5f, 0xf9, 0x4,
    0xff, 0xb0, 0x6, 0xff, 0xd0, 0x0, 0x4f, 0xff,
    0x40, 0x0, 0x0, 0xcf, 0xf2, 0x0, 0xaf, 0x30,
    0x3f, 0xff, 0x40, 0x0, 0x6, 0xff, 0xf3, 0x0,
    0x6, 0xff, 0xb0, 0x0, 0x13, 0x2, 0xef, 0xf8,
    0x0, 0x0, 0x0, 0x9f, 0xfe, 0x10, 0x2f, 0xff,
    0x30, 0x0, 0x0, 0x3e, 0xff, 0xb0, 0x0, 0x0,
    0x0, 0xc, 0xff, 0xb0, 0xaf, 0xf9, 0x0, 0x0,
    0x2, 0xff, 0xfc, 0x0, 0x0, 0x0, 0x0, 0x1,
    0xef, 0xf6, 0xc, 0xc0, 0x0, 0x0, 0x0, 0x4f,
    0xc1, 0x0, 0x0, 0x0, 0x0, 0x0, 0x6f, 0x91,
    0x1, 0x10, 0x0, 0x0, 0x0, 0x2, 0x0, 0x0,
    0x0, 0x0, 0x0, 0x0, 0x3, 0x0,

    /* U+70ED "热" */
    0x0, 0x0, 0x4, 0x43, 0x0, 0x0, 0x0, 0x2,
    0x55, 0x20, 0x0, 0x0, 0x0, 0x0, 0x0, 0x0,
    0x0, 0xdf, 0xc0, 0x0, 0x0, 0x0, 0x5f, 0xf5,
    0x0, 0x0, 0x0, 0x0, 0x0, 0x0, 0x0, 0xd,
    0xfc, 0x0, 0x0, 0x0, 0x5, 0xff, 0x40, 0x0,
    0x0, 0x0, 0x0, 0x0, 0x0, 0x0, 0xdf, 0xc0,
    0x0, 0x0, 0x0, 0x6f, 0xf4, 0x0, 0x0, 0x0,
    0x0, 0x0, 0x0, 0x0, 0xe, 0xfc, 0x0, 0x0,
    0x0, 0x6, 0xff, 0x40, 0x0, 0x0, 0x0, 0x0,
    0x2, 0xff, 0xff, 0xff, 0xff, 0xff, 0x5e, 0xee,
    0xff, 0xfe, 0xee, 0xee, 0xe4, 0x0, 0x0, 0x2f,
    0xff, 0xff, 0xff, 0xff, 0xf5, 0xff, 0xff, 0xff,
    0xff, 0xff, 0xff, 0x40, 0x0, 0x1, 0x88, 0x88,
    0xff, 0xe8, 0x88, 0x27, 0x77, 0xcf, 0xf9, 0x77,
    0xaf, 0xf4, 0x0, 0x0, 0x0, 0x0, 0xd, 0xfc,
    0x0, 0x0, 0x0, 0x9, 0xff, 0x10, 0x5, 0xff,
    0x30, 0x0, 0x0, 0x0, 0x0, 0xdf, 0xc0, 0x0,
    0x0, 0x0, 0xaf, 0xf0, 0x0, 0x5f, 0xf3, 0x0,
    0x0, 0x0, 0x0, 0xd, 0xfc, 0x48, 0xc1, 0x0,
    0xc, 0xfd, 0x0, 0x5, 0xff, 0x30, 0x0, 0x0,
    0x0, 0x14, 0xef, 0xff, 0xff, 0x4b, 0xc3, 0xff,
    0xb0, 0x0, 0x5f, 0xf2, 0x0, 0x0, 0x49, 0xdf,
    0xff, 0xff, 0xff, 0xd9, 0xff, 0xff, 0xf8, 0x0,
    0x5, 0xff, 0x20, 0x0, 0x9, 0xff, 0xff, 0xff,
    0xe5, 0x10, 0x6, 0xef, 0xff, 0x90, 0x0, 0x5f,
    0xf2, 0x0, 0x0, 0x5f, 0xfb, 0x6e, 0xfc, 0x0,
    0x0, 0x1, 0xff, 0xff, 0xc2, 0x4, 0xff, 0x30,
    0x0, 0x1, 0x30, 0x0, 0xdf, 0xc0, 0x0, 0x0,
    0x7f, 0xff, 0xff, 0xf6, 0x3f, 0xf3, 0x5, 0x0,
    0x0, 0x0, 0xd, 0xfc, 0x0, 0x0, 0x2f, 0xff,
    0x39, 0xff, 0xd2, 0xff, 0x50, 0xfd, 0x10, 0x0,
    0x0, 0xef, 0xc0, 0x0, 0x1c, 0xff, 0x70, 0x4,
    0xe4, 0xf, 0xf8, 0x1f, 0xf1, 0x2, 0x98, 0x8f,
    0xfb, 0x0, 0x4d, 0xff, 0xd0, 0x0, 0x1, 0x0,
    0xbf, 0xea, 0xff, 0x0, 0xf, 0xff, 0xff, 0x70,
    0xa, 0xff, 0xd1, 0x0, 0x0, 0x0, 0x4, 0xff,
    0xff, 0x90, 0x0, 0xae, 0xec, 0x70, 0x0, 0xc,
    0xa1, 0x0, 0x0, 0x0, 0x0, 0x7, 0xef, 0xb1,
    0x0, 0x0, 0x2, 0x0, 0x0, 0x0, 0x0, 0x0,
    0x0, 0x0, 0x0, 0x0, 0x50, 0x0, 0x0, 0x0,
    0x7, 0xfe, 0x50, 0x4, 0x76, 0x0, 0x4, 0x9c,
    0x10, 0x4, 0xef, 0xa0, 0x0, 0x0, 0x1, 0xff,
    0xf1, 0x0, 0xcf, 0xe0, 0x0, 0x7f, 0xf6, 0x0,
    0xd, 0xff, 0x60, 0x0, 0x0, 0xaf, 0xf8, 0x0,
    0xa, 0xff, 0x10, 0x1, 0xff, 0xc0, 0x0, 0x4f,
    0xff, 0x20, 0x0, 0x4f, 0xfe, 0x10, 0x0, 0x8f,
    0xf3, 0x0, 0xc, 0xff, 0x20, 0x0, 0x9f, 0xfc,
    0x0, 0x1e, 0xff, 0x50, 0x0, 0x6, 0xff, 0x50,
    0x0, 0x8f, 0xf6, 0x0, 0x0, 0xef, 0xf5, 0x7,
    0xff, 0xa0, 0x0, 0x0, 0x5f, 0xf6, 0x0, 0x4,
    0xff, 0x80, 0x0, 0x6, 0xff, 0x70, 0x1, 0x70,
    0x0, 0x0, 0x1, 0x31, 0x0, 0x0, 0x2, 0x0,
    0x0, 0x0, 0x7, 0x10, 0x0,

    /* U+7184 "熄" */
    0x0, 0x0, 0x1, 0x22, 0x0, 0x0, 0x0, 0x0,
    0x0, 0x88, 0x72, 0x0, 0x0, 0x0, 0x0, 0x0,
    0x0, 0x8, 0xff, 0x0, 0x0, 0x0, 0x0, 0x0,
    0xff, 0xf2, 0x0, 0x0, 0x0, 0x0, 0x0, 0x0,
    0x8, 0xff, 0x0, 0x0, 0x0, 0x0, 0x2, 0xff,
    0xc0, 0x0, 0x0, 0x0, 0x0, 0x0, 0x0, 0x8,
    0xff, 0x0, 0x0, 0x8, 0xbb, 0xbc, 0xff, 0xeb,
    0xbb, 0xbb, 0x90, 0x0, 0x0, 0x0, 0x8, 0xff,
    0x0, 0x0, 0xb, 0xff, 0xff, 0xff, 0xff, 0xff,
    0xff, 0xc0, 0x0, 0x0, 0x0, 0x8, 0xff, 0x0,
    0x40, 0xb, 0xff, 0x44, 0x44, 0x44, 0x44, 0xff,
    0xc0, 0x0, 0x0, 0x32, 0x8, 0xff, 0x1, 0xfe,
    0x5b, 0xfe, 0x0, 0x0, 0x0, 0x0, 0xef, 0xc0,
    0x0, 0x0, 0xdf, 0x48, 0xff, 0x5, 0xff, 0x2b,
    0xff, 0xbb, 0xbb, 0xbb, 0xbb, 0xff, 0xc0, 0x0,
    0x0, 0xef, 0x28, 0xff, 0xa, 0xfb, 0xb, 0xff,
    0xff, 0xff, 0xff, 0xff, 0xff, 0xc0, 0x0, 0x0,
    0xff, 0x18, 0xff, 0xe, 0xf5, 0xb, 0xff, 0x22,
    0x22, 0x22, 0x22, 0xff, 0xc0, 0x0, 0x1, 0xff,
    0x9, 0xff, 0x5f, 0xe0, 0xb, 0xfe, 0x0, 0x0,
    0x0, 0x0, 0xef, 0xc0, 0x0, 0x5, 0xfe, 0x9,
    0xff, 0xaf, 0x70, 0xb, 0xff, 0xcc, 0xcc, 0xcc,
    0xcc, 0xff, 0xc0, 0x0, 0x9, 0xfa, 0x9, 0xfe,
    0x17, 0x10, 0xb, 0xff, 0xff, 0xff, 0xff, 0xff,
    0xff, 0xc0, 0x0, 0xf, 0xf5, 0xa, 0xfe, 0x0,
    0x0, 0xb, 0xff, 0x11, 0x11, 0x11, 0x11, 0xff,
    0xc0, 0x0, 0x6, 0xc0, 0xb, 0xfd, 0x0, 0x0,
    0xb, 0xfe, 0x0, 0x0, 0x0, 0x0, 0xef, 0xc0,
    0x0, 0x0, 0x0, 0xc, 0xfc, 0x0, 0x0, 0xb,
    0xff, 0xdd, 0xdd, 0xdd, 0xdd, 0xff, 0xc0, 0x0,
    0x0, 0x0, 0xe, 0xfb, 0x0, 0x0, 0xb, 0xff,
    0xff, 0xff, 0xff, 0xff, 0xff, 0xc0, 0x0, 0x0,
    0x0, 0x1f, 0xfe, 0x20, 0x0, 0x1, 0x22, 0x26,
    0xe6, 0x22, 0x22, 0x22, 0x20, 0x0, 0x0, 0x0,
    0x3f, 0xff, 0xe2, 0x0, 0x0, 0x0, 0xe, 0xff,
    0x70, 0x0, 0x0, 0x0, 0x0, 0x0, 0x0, 0x7f,
    0xff, 0xfe, 0x20, 0x0, 0x26, 0x63, 0xcf, 0xfa,
    0x0, 0x1, 0x0, 0x0, 0x0, 0x0, 0xcf, 0xf5,
    0xff, 0xd8, 0xd7, 0x5f, 0xf3, 0xa, 0xff, 0x60,
    0xaf, 0x60, 0x0, 0x0, 0x2, 0xff, 0xa0, 0x8f,
    0xcb, 0xfb, 0x5f, 0xf3, 0x0, 0x98, 0x0, 0xaf,
    0xe1, 0x0, 0x0, 0x9, 0xff, 0x50, 0x9, 0x1d,
    0xf8, 0x5f, 0xf3, 0x0, 0x0, 0x0, 0x2f, 0xfa,
    0x0, 0x0, 0x3f, 0xfe, 0x0, 0x0, 0x1f, 0xf5,
    0x5f, 0xf3, 0x0, 0x0, 0x2e, 0x89, 0xff, 0x20,
    0x0, 0xcf, 0xf6, 0x0, 0x0, 0x6f, 0xf2, 0x5f,
    0xf3, 0x0, 0x0, 0x4f, 0xf2, 0xff, 0x90, 0xa,
    0xff, 0xc0, 0x0, 0x0, 0xdf, 0xd0, 0x4f, 0xfa,
    0x55, 0x55, 0xbf, 0xe0, 0x9f, 0xe0, 0x1d, 0xfe,
    0x20, 0x0, 0x0, 0x4d, 0x60, 0x1f, 0xff, 0xff,
    0xff, 0xff, 0x90, 0x4c, 0x50, 0x1, 0xd4, 0x0,
    0x0, 0x0, 0x0, 0x0, 0x5, 0xdf, 0xff, 0xff,
    0xfb, 0x10, 0x0, 0x0, 0x0, 0x0, 0x0, 0x0,
    0x0, 0x0, 0x0, 0x0, 0x0, 0x0, 0x0, 0x0,
    0x0, 0x0, 0x0,

    /* U+723D "爽" */
    0x0, 0x0, 0x0, 0x0, 0x0, 0x0, 0x3, 0x32,
    0x0, 0x0, 0x0, 0x0, 0x0, 0x0, 0x0, 0x0,
    0x0, 0x0, 0x0, 0x0, 0x2, 0xff, 0xd0, 0x0,
    0x0, 0x0, 0x0, 0x0, 0x0, 0x0, 0x0, 0x0,
    0x0, 0x0, 0x0, 0x2f, 0xfd, 0x0, 0x0, 0x0,
    0x0, 0x0, 0x0, 0x0, 0x0, 0x0, 0x0, 0x0,
    0x0, 0x2, 0xff, 0xd0, 0x0, 0x0, 0x0, 0x0,
    0x0, 0x0, 0x18, 0x88, 0x88, 0x88, 0x88, 0x88,
    0x9f, 0xfe, 0x88, 0x88, 0x88, 0x88, 0x88, 0x85,
    0x1, 0xff, 0xff, 0xff, 0xff, 0xff, 0xff, 0xff,
    0xff, 0xff, 0xff, 0xff, 0xff, 0xff, 0x90, 0x1f,
    0xff, 0xff, 0xff, 0xff, 0xff, 0xff, 0xff, 0xff,
    0xff, 0xff, 0xff, 0xff, 0xf9, 0x0, 0x0, 0x10,
    0x0, 0x19, 0x30, 0x3, 0xff, 0xc0, 0x0, 0x0,
    0x0, 0x75, 0x10, 0x0, 0x0, 0x1c, 0xc3, 0xc,
    0xff, 0x20, 0x4f, 0xfb, 0x0, 0x4e, 0x60, 0x6f,
    0xf8, 0x0, 0x0, 0x5, 0xff, 0xfe, 0xff, 0x40,
    0x4, 0xff, 0xa0, 0xc, 0xff, 0xdf, 0xfa, 0x0,
    0x0, 0x0, 0x1, 0xcf, 0xff, 0x80, 0x0, 0x5f,
    0xf9, 0x0, 0x7, 0xff, 0xfe, 0x0, 0x0, 0x0,
    0x0, 0x7f, 0xff, 0xff, 0x70, 0x7, 0xff, 0x80,
    0x1, 0xbf, 0xff, 0xfb, 0x0, 0x0, 0x2, 0xcf,
    0xfc, 0x3c, 0xff, 0x30, 0x8f, 0xfa, 0x5, 0xef,
    0xf9, 0x9f, 0xfa, 0x0, 0x0, 0x9, 0xf9, 0x0,
    0xa, 0x50, 0xa, 0xff, 0xe0, 0x3e, 0xf5, 0x0,
    0x6d, 0x10, 0x0, 0x0, 0x3, 0x0, 0x4, 0x60,
    0x0, 0xdf, 0xff, 0x20, 0x23, 0x0, 0x2, 0x93,
    0x0, 0x0, 0x0, 0x64, 0x3, 0xff, 0xd0, 0x1f,
    0xff, 0xf7, 0x0, 0x9b, 0x21, 0xdf, 0xf2, 0x0,
    0x0, 0x7f, 0xfa, 0xef, 0xe2, 0x5, 0xff, 0xff,
    0xd0, 0x4f, 0xff, 0xdf, 0xf4, 0x0, 0x0, 0x0,
    0x8f, 0xff, 0xf3, 0x0, 0xbf, 0xff, 0xff, 0x30,
    0x2c, 0xff, 0xf6, 0x0, 0x0, 0x0, 0x6, 0xff,
    0xff, 0x40, 0x2f, 0xff, 0x7f, 0xfb, 0x4, 0xef,
    0xff, 0xd2, 0x0, 0x0, 0x1b, 0xff, 0xed, 0xff,
    0x3a, 0xff, 0xa0, 0xdf, 0xf9, 0xff, 0xf8, 0xff,
    0xf3, 0x0, 0x4, 0xff, 0xd2, 0x1d, 0xb6, 0xff,
    0xf3, 0x5, 0xff, 0xe7, 0xe3, 0x2, 0xee, 0x30,
    0x0, 0x3, 0x90, 0x0, 0x14, 0xff, 0xfa, 0x0,
    0xd, 0xff, 0xc1, 0x0, 0x2, 0x20, 0x0, 0x0,
    0x0, 0x0, 0x5, 0xff, 0xfd, 0x0, 0x0, 0x2e,
    0xff, 0xc1, 0x0, 0x0, 0x0, 0x0, 0x0, 0x0,
    0x19, 0xff, 0xfe, 0x20, 0x0, 0x0, 0x3f, 0xff,
    0xe4, 0x0, 0x0, 0x0, 0x0, 0x1, 0x8f, 0xff,
    0xfe, 0x30, 0x0, 0x0, 0x0, 0x5f, 0xff, 0xfa,
    0x30, 0x0, 0x0, 0x5b, 0xff, 0xff, 0xfc, 0x10,
    0x0, 0x0, 0x0, 0x0, 0x3d, 0xff, 0xff, 0xc7,
    0x20, 0x4f, 0xff, 0xff, 0xe5, 0x0, 0x0, 0x0,
    0x0, 0x0, 0x0, 0x9, 0xff, 0xff, 0xfb, 0x0,
    0x8f, 0xfc, 0x50, 0x0, 0x0, 0x0, 0x0, 0x0,
    0x0, 0x0, 0x2, 0x9f, 0xfe, 0x10, 0x0, 0x72,
    0x0, 0x0, 0x0, 0x0, 0x0, 0x0, 0x0, 0x0,
    0x0, 0x0, 0x4, 0x40, 0x0,

    /* U+7248 "版" */
    0x0, 0x0, 0x0, 0x0, 0x35, 0x50, 0x0, 0x0,
    0x0, 0x0, 0x0, 0x0, 0x0, 0x0, 0x0, 0x0,
    0x6, 0x74, 0x0, 0x9f, 0xf0, 0x0, 0x0, 0x0,
    0x0, 0x0, 0x24, 0x7b, 0xe7, 0x0, 0x0, 0xf,
    0xfa, 0x0, 0x9f, 0xf0, 0x0, 0x15, 0x68, 0xab,
    0xdf, 0xff, 0xff, 0xff, 0x20, 0x0, 0xf, 0xfa,
    0x0, 0x9f, 0xf0, 0x0, 0x7f, 0xff, 0xff, 0xff,
    0xff, 0xff, 0xeb, 0x50, 0x0, 0xf, 0xfa, 0x0,
    0x9f, 0xf0, 0x0, 0x7f, 0xff, 0xed, 0xb9, 0x86,
    0x41, 0x0, 0x0, 0x0, 0xf, 0xfa, 0x0, 0x9f,
    0xf0, 0x0, 0x7f, 0xf3, 0x0, 0x0, 0x0, 0x0,
    0x0, 0x0, 0x0, 0xf, 0xfa, 0x0, 0x9f, 0xf0,
    0x0, 0x7f, 0xf3, 0x0, 0x0, 0x0, 0x0, 0x0,
    0x0, 0x0, 0xf, 0xfa, 0x0, 0x9f, 0xf0, 0x0,
    0x7f, 0xf3, 0x0, 0x0, 0x0, 0x0, 0x0, 0x0,
    0x0, 0xf, 0xfa, 0x0, 0xaf, 0xf0, 0x0, 0x7f,
    0xf3, 0x0, 0x0, 0x0, 0x0, 0x0, 0x0, 0x0,
    0xf, 0xff, 0xff, 0xff, 0xff, 0xf5, 0x7f, 0xfb,
    0x99, 0x99, 0x99, 0x99, 0xa7, 0x10, 0x0, 0xf,
    0xff, 0xff, 0xff, 0xff, 0xf5, 0x7f, 0xff, 0xff,
    0xff, 0xff, 0xff, 0xff, 0x20, 0x0, 0xf, 0xfd,
    0x77, 0x77, 0x77, 0x72, 0x7f, 0xff, 0xff, 0xff,
    0xff, 0xff, 0xff, 0x0, 0x0, 0xf, 0xfa, 0x0,
    0x0, 0x0, 0x0, 0x7f, 0xfa, 0xfc, 0x0, 0x0,
    0xd, 0xfc, 0x0, 0x0, 0xf, 0xfa, 0x0, 0x0,
    0x0, 0x0, 0x8f, 0xf6, 0xff, 0x10, 0x0, 0x2f,
    0xf9, 0x0, 0x0, 0xf, 0xfa, 0x0, 0x0, 0x0,
    0x0, 0x8f, 0xf3, 0xef, 0x60, 0x0, 0x6f, 0xf5,
    0x0, 0x0, 0xf, 0xfd, 0x88, 0x88, 0x86, 0x0,
    0x8f, 0xf2, 0x9f, 0xa0, 0x0, 0xaf, 0xf1, 0x0,
    0x0, 0xf, 0xff, 0xff, 0xff, 0xfa, 0x0, 0x9f,
    0xf2, 0x5f, 0xf1, 0x1, 0xff, 0xc0, 0x0, 0x0,
    0x1f, 0xff, 0xff, 0xff, 0xfa, 0x0, 0xaf, 0xf1,
    0x1f, 0xf8, 0x7, 0xff, 0x60, 0x0, 0x0, 0x2f,
    0xf7, 0x0, 0xe, 0xfa, 0x0, 0xcf, 0xf0, 0x9,
    0xfe, 0x1e, 0xff, 0x0, 0x0, 0x0, 0x4f, 0xf5,
    0x0, 0xe, 0xfa, 0x0, 0xdf, 0xd0, 0x2, 0xff,
    0xcf, 0xf9, 0x0, 0x0, 0x0, 0x6f, 0xf3, 0x0,
    0xe, 0xfa, 0x0, 0xff, 0xc0, 0x0, 0xbf, 0xff,
    0xf1, 0x0, 0x0, 0x0, 0x9f, 0xf1, 0x0, 0xe,
    0xfa, 0x3, 0xff, 0x90, 0x0, 0x3f, 0xff, 0x80,
    0x0, 0x0, 0x0, 0xcf, 0xf0, 0x0, 0xe, 0xfa,
    0x7, 0xff, 0x50, 0x0, 0x9f, 0xff, 0x90, 0x0,
    0x0, 0x0, 0xff, 0xc0, 0x0, 0xe, 0xfa, 0xa,
    0xff, 0x10, 0xa, 0xff, 0xff, 0xf9, 0x0, 0x0,
    0x5, 0xff, 0x70, 0x0, 0xe, 0xfa, 0x1f, 0xfe,
    0x2, 0xbf, 0xff, 0x7f, 0xff, 0xa1, 0x0, 0xb,
    0xff, 0x30, 0x0, 0xe, 0xfa, 0x7f, 0xf8, 0x8f,
    0xff, 0xe3, 0x4, 0xff, 0xfe, 0x60, 0xd, 0xfc,
    0x0, 0x0, 0xe, 0xfb, 0xdf, 0xf2, 0xcf, 0xfc,
    0x20, 0x0, 0x4e, 0xff, 0x90, 0x0, 0xb4, 0x0,
    0x0, 0xe, 0xfa, 0x1b, 0x90, 0x1e, 0x70, 0x0,
    0x0, 0x1, 0xab, 0x0, 0x0, 0x0, 0x0, 0x0,
    0x0, 0x0, 0x0, 0x10, 0x0, 0x0, 0x0, 0x0,
    0x0, 0x0, 0x0,

    /* U+7269 "物" */
    0x0, 0x0, 0x0, 0x7d, 0xd1, 0x0, 0x0, 0x4,
    0xa7, 0x10, 0x0, 0x0, 0x0, 0x0, 0x0, 0x0,
    0x0, 0x8, 0xff, 0x10, 0x0, 0x0, 0x9f, 0xf1,
    0x0, 0x0, 0x0, 0x0, 0x0, 0x0, 0x6b, 0x80,
    0x8f, 0xf1, 0x0, 0x0, 0xd, 0xfd, 0x0, 0x0,
    0x0, 0x0, 0x0, 0x0, 0x8, 0xfe, 0x8, 0xff,
    0x10, 0x0, 0x1, 0xff, 0x90, 0x0, 0x0, 0x0,
    0x0, 0x0, 0x0, 0xaf, 0xc0, 0x8f, 0xf1, 0x0,
    0x0, 0x6f, 0xf5, 0x0, 0x0, 0x0, 0x0, 0x0,
    0x0, 0xc, 0xfa, 0x8, 0xff, 0x10, 0x0, 0xc,
    0xff, 0x75, 0x55, 0x55, 0x55, 0x55, 0x54, 0x0,
    0xef, 0x91, 0x9f, 0xf2, 0x11, 0x2, 0xff, 0xff,
    0xff, 0xff, 0xff, 0xff, 0xff, 0xa0, 0xf, 0xff,
    0xff, 0xff, 0xff, 0xd0, 0x8f, 0xff, 0xff, 0xff,
    0xff, 0xff, 0xff, 0xf8, 0x3, 0xff, 0xff, 0xff,
    0xff, 0xfd, 0x1f, 0xfe, 0x66, 0xff, 0xa6, 0xbf,
    0xf8, 0xff, 0x80, 0x7f, 0xf9, 0x9d, 0xff, 0xa9,
    0x88, 0xff, 0x70, 0x3f, 0xf3, 0xb, 0xfb, 0x3f,
    0xf7, 0xb, 0xfc, 0x0, 0x8f, 0xf1, 0x2, 0xff,
    0xe0, 0x9, 0xfd, 0x0, 0xff, 0x74, 0xff, 0x60,
    0xff, 0x70, 0x8, 0xff, 0x10, 0xdf, 0xf6, 0x0,
    0xff, 0x80, 0x4f, 0xf2, 0x5f, 0xf5, 0x2d, 0xf2,
    0x0, 0x8f, 0xf1, 0x2d, 0xfb, 0x0, 0x6f, 0xf2,
    0x9, 0xfe, 0x6, 0xff, 0x40, 0x6, 0x0, 0x8,
    0xff, 0x10, 0x9, 0x10, 0xe, 0xfb, 0x0, 0xdf,
    0xa0, 0x7f, 0xf3, 0x0, 0x0, 0x0, 0x8f, 0xf2,
    0x6a, 0x40, 0x7, 0xff, 0x30, 0x3f, 0xf5, 0x8,
    0xff, 0x20, 0x0, 0x0, 0xa, 0xff, 0xff, 0xf6,
    0x1, 0xef, 0xc0, 0xa, 0xfe, 0x0, 0x9f, 0xf1,
    0x0, 0x37, 0xbf, 0xff, 0xff, 0xfe, 0x50, 0xbf,
    0xf3, 0x1, 0xff, 0x90, 0xa, 0xff, 0x0, 0xef,
    0xff, 0xff, 0xff, 0x83, 0x0, 0x6f, 0xf9, 0x0,
    0x7f, 0xf2, 0x0, 0xcf, 0xe0, 0xb, 0xff, 0xfb,
    0xcf, 0xf1, 0x0, 0x5f, 0xfe, 0x10, 0xe, 0xfc,
    0x0, 0xd, 0xfd, 0x0, 0x59, 0x40, 0x8, 0xff,
    0x10, 0x5f, 0xff, 0x30, 0x8, 0xff, 0x50, 0x0,
    0xff, 0xc0, 0x0, 0x0, 0x0, 0x8f, 0xf1, 0x2,
    0xcf, 0x50, 0x2, 0xff, 0xc0, 0x0, 0x1f, 0xfa,
    0x0, 0x0, 0x0, 0x8, 0xff, 0x10, 0x0, 0x40,
    0x0, 0xcf, 0xf3, 0x0, 0x3, 0xff, 0x80, 0x0,
    0x0, 0x0, 0x8f, 0xf1, 0x0, 0x0, 0x0, 0x7f,
    0xfa, 0x0, 0x0, 0x6f, 0xf6, 0x0, 0x0, 0x0,
    0x8, 0xff, 0x10, 0x0, 0x0, 0x4f, 0xff, 0x10,
    0x0, 0xa, 0xff, 0x30, 0x0, 0x0, 0x0, 0x8f,
    0xf1, 0x0, 0x0, 0x3f, 0xff, 0x50, 0x0, 0x1,
    0xff, 0xf0, 0x0, 0x0, 0x0, 0x8, 0xff, 0x10,
    0x0, 0x6f, 0xff, 0x80, 0x1c, 0xbb, 0xef, 0xfa,
    0x0, 0x0, 0x0, 0x0, 0x8f, 0xf1, 0x0, 0x4,
    0xef, 0x90, 0x0, 0xbf, 0xff, 0xff, 0x20, 0x0,
    0x0, 0x0, 0x8, 0xff, 0x10, 0x0, 0x1, 0x60,
    0x0, 0x8, 0xff, 0xeb, 0x30, 0x0, 0x0, 0x0,
    0x0, 0x0, 0x0, 0x0, 0x0, 0x0, 0x0, 0x0,
    0x0, 0x0, 0x0, 0x0, 0x0,

    /* U+7279 "特" */
    0x0, 0x0, 0x0, 0xad, 0xc0, 0x0, 0x0, 0x0,
    0x0, 0xb, 0xdc, 0x0, 0x0, 0x0, 0x0, 0x0,
    0x0, 0xc, 0xfe, 0x0, 0x0, 0x0, 0x0, 0x0,
    0xdf, 0xd0, 0x0, 0x0, 0x0, 0x0, 0x11, 0x0,
    0xcf, 0xe0, 0x0, 0x0, 0x0, 0x0, 0xd, 0xfd,
    0x0, 0x0, 0x0, 0x0, 0x6, 0xfc, 0xc, 0xfe,
    0x0, 0x0, 0x38, 0x88, 0x88, 0xef, 0xf8, 0x88,
    0x88, 0x40, 0x0, 0x8f, 0xc0, 0xcf, 0xe0, 0x0,
    0x6, 0xff, 0xff, 0xff, 0xff, 0xff, 0xff, 0xf9,
    0x0, 0xa, 0xfa, 0xc, 0xfe, 0x0, 0x0, 0x6f,
    0xff, 0xff, 0xff, 0xff, 0xff, 0xff, 0x90, 0x0,
    0xcf, 0xc7, 0xef, 0xf7, 0x74, 0x0, 0x0, 0x0,
    0xd, 0xfe, 0x0, 0x0, 0x0, 0x0, 0xd, 0xff,
    0xff, 0xff, 0xff, 0x80, 0x0, 0x0, 0x0, 0xdf,
    0xd0, 0x0, 0x0, 0x0, 0x0, 0xff, 0xff, 0xff,
    0xff, 0xf8, 0x0, 0x0, 0x0, 0xd, 0xfd, 0x0,
    0x0, 0x0, 0x0, 0x2f, 0xf6, 0x4d, 0xff, 0x44,
    0x39, 0x99, 0x99, 0x99, 0xef, 0xf9, 0x99, 0x99,
    0x98, 0x5, 0xff, 0x0, 0xcf, 0xe0, 0x1, 0xff,
    0xff, 0xff, 0xff, 0xff, 0xff, 0xff, 0xff, 0xe0,
    0x9f, 0xc0, 0xc, 0xfe, 0x0, 0x1f, 0xff, 0xff,
    0xff, 0xff, 0xff, 0xff, 0xff, 0xfe, 0xe, 0xf9,
    0x0, 0xcf, 0xe0, 0x0, 0x0, 0x0, 0x0, 0x0,
    0x0, 0x4f, 0xf7, 0x0, 0x0, 0x4c, 0x40, 0xc,
    0xfe, 0x0, 0x0, 0x0, 0x0, 0x0, 0x0, 0x4,
    0xff, 0x70, 0x0, 0x0, 0x0, 0x0, 0xcf, 0xe0,
    0x1, 0x0, 0x0, 0x0, 0x0, 0x0, 0x4f, 0xf7,
    0x0, 0x0, 0x0, 0x0, 0xc, 0xff, 0x9e, 0xa5,
    0x99, 0x99, 0x99, 0x99, 0x9b, 0xff, 0xc9, 0x97,
    0x0, 0x0, 0x27, 0xef, 0xff, 0xfc, 0x9f, 0xff,
    0xff, 0xff, 0xff, 0xff, 0xff, 0xff, 0xb0, 0x49,
    0xef, 0xff, 0xff, 0xfd, 0x79, 0xff, 0xff, 0xff,
    0xff, 0xff, 0xff, 0xff, 0xfb, 0x7, 0xff, 0xff,
    0xff, 0xf2, 0x0, 0x0, 0x6, 0x10, 0x0, 0x0,
    0x4f, 0xf7, 0x0, 0x0, 0x4f, 0xea, 0x5d, 0xfe,
    0x0, 0x0, 0xc, 0xfc, 0x0, 0x0, 0x4, 0xff,
    0x70, 0x0, 0x0, 0x30, 0x0, 0xcf, 0xe0, 0x0,
    0x0, 0x7f, 0xfc, 0x0, 0x0, 0x4f, 0xf7, 0x0,
    0x0, 0x0, 0x0, 0xc, 0xfe, 0x0, 0x0, 0x0,
    0x9f, 0xf9, 0x0, 0x4, 0xff, 0x70, 0x0, 0x0,
    0x0, 0x0, 0xcf, 0xe0, 0x0, 0x0, 0x0, 0xcf,
    0xf4, 0x0, 0x4f, 0xf7, 0x0, 0x0, 0x0, 0x0,
    0xc, 0xfe, 0x0, 0x0, 0x0, 0x2, 0xe7, 0x0,
    0x4, 0xff, 0x70, 0x0, 0x0, 0x0, 0x0, 0xcf,
    0xe0, 0x0, 0x0, 0x0, 0x0, 0x0, 0x0, 0x4f,
    0xf7, 0x0, 0x0, 0x0, 0x0, 0xc, 0xfe, 0x0,
    0x0, 0x0, 0x0, 0x5, 0xcc, 0xce, 0xff, 0x50,
    0x0, 0x0, 0x0, 0x0, 0xcf, 0xe0, 0x0, 0x0,
    0x0, 0x0, 0x2f, 0xff, 0xff, 0xf2, 0x0, 0x0,
    0x0, 0x0, 0xc, 0xfe, 0x0, 0x0, 0x0, 0x0,
    0x0, 0xdf, 0xfd, 0xa4, 0x0, 0x0,

    /* U+72B6 "状" */
    0x0, 0x0, 0x0, 0xb, 0xdc, 0x0, 0x0, 0x0,
    0x8, 0xbb, 0x0, 0x0, 0x0, 0x0, 0x0, 0x0,
    0x0, 0x0, 0xd, 0xfe, 0x0, 0x0, 0x0, 0xb,
    0xff, 0x10, 0x7, 0x60, 0x0, 0x0, 0x0, 0x0,
    0x0, 0xd, 0xfe, 0x0, 0x0, 0x0, 0xb, 0xff,
    0x10, 0xbf, 0xf2, 0x0, 0x0, 0x0, 0x0, 0x0,
    0xd, 0xfe, 0x0, 0x0, 0x0, 0xb, 0xff, 0x10,
    0x4f, 0xfd, 0x0, 0x0, 0x0, 0x27, 0x0, 0xd,
    0xfe, 0x0, 0x0, 0x0, 0xb, 0xff, 0x10, 0x9,
    0xff, 0x80, 0x0, 0x5, 0xff, 0x50, 0xd, 0xfe,
    0x0, 0x0, 0x0, 0xb, 0xff, 0x10, 0x0, 0xef,
    0xf2, 0x0, 0x2, 0xff, 0xf2, 0xd, 0xfe, 0x0,
    0x0, 0x0, 0xb, 0xff, 0x10, 0x0, 0x6f, 0xf6,
    0x0, 0x0, 0x7f, 0xfb, 0xd, 0xfe, 0x0, 0x0,
    0x0, 0xb, 0xff, 0x10, 0x0, 0xb, 0x40, 0x0,
    0x0, 0xc, 0xff, 0x5d, 0xfe, 0x0, 0x0, 0x0,
    0xb, 0xff, 0x10, 0x0, 0x0, 0x0, 0x0, 0x0,
    0x3, 0xff, 0xee, 0xfe, 0x2c, 0xcc, 0xcc, 0xce,
    0xff, 0xcc, 0xcc, 0xcc, 0xcc, 0x50, 0x0, 0x0,
    0xaf, 0x7e, 0xfe, 0x2f, 0xff, 0xff, 0xff, 0xff,
    0xff, 0xff, 0xff, 0xff, 0x60, 0x0, 0x0, 0x22,
    0xd, 0xfe, 0x2f, 0xff, 0xff, 0xff, 0xff, 0xff,
    0xff, 0xff, 0xff, 0x60, 0x0, 0x0, 0x0, 0xd,
    0xfe, 0x0, 0x0, 0x0, 0xf, 0xff, 0xa0, 0x0,
    0x0, 0x0, 0x0, 0x0, 0x0, 0x0, 0xd, 0xfe,
    0x0, 0x0, 0x0, 0x2f, 0xff, 0xe0, 0x0, 0x0,
    0x0, 0x0, 0x0, 0x0, 0x0, 0x1e, 0xfe, 0x0,
    0x0, 0x0, 0x5f, 0xff, 0xf3, 0x0, 0x0, 0x0,
    0x0, 0x0, 0x0, 0x3, 0xef, 0xfe, 0x0, 0x0,
    0x0, 0x8f, 0xff, 0xf8, 0x0, 0x0, 0x0, 0x0,
    0x0, 0x0, 0x5f, 0xff, 0xfe, 0x0, 0x0, 0x0,
    0xdf, 0xfe, 0xfe, 0x0, 0x0, 0x0, 0x0, 0x0,
    0x8, 0xff, 0xff, 0xfe, 0x0, 0x0, 0x2, 0xff,
    0xd6, 0xff, 0x50, 0x0, 0x0, 0x0, 0x0, 0xbf,
    0xff, 0x5d, 0xfe, 0x0, 0x0, 0x8, 0xff, 0x81,
    0xff, 0xd0, 0x0, 0x0, 0x0, 0xd, 0xff, 0xf4,
    0xd, 0xfe, 0x0, 0x0, 0xe, 0xff, 0x30, 0xaf,
    0xf5, 0x0, 0x0, 0x0, 0x7, 0xfe, 0x30, 0xd,
    0xfe, 0x0, 0x0, 0x6f, 0xfc, 0x0, 0x2f, 0xfe,
    0x10, 0x0, 0x0, 0x0, 0x91, 0x0, 0xd, 0xfe,
    0x0, 0x1, 0xef, 0xf4, 0x0, 0x9, 0xff, 0xb0,
    0x0, 0x0, 0x0, 0x0, 0x0, 0xd, 0xfe, 0x0,
    0xa, 0xff, 0xc0, 0x0, 0x1, 0xff, 0xf7, 0x0,
    0x0, 0x0, 0x0, 0x0, 0xd, 0xfe, 0x0, 0x7f,
    0xff, 0x20, 0x0, 0x0, 0x6f, 0xff, 0x60, 0x0,
    0x0, 0x0, 0x0, 0xd, 0xfe, 0x5, 0xff, 0xf6,
    0x0, 0x0, 0x0, 0x9, 0xff, 0xf9, 0x0, 0x0,
    0x0, 0x0, 0xd, 0xfe, 0x6f, 0xff, 0x90, 0x0,
    0x0, 0x0, 0x0, 0xcf, 0xff, 0xc0, 0x0, 0x0,
    0x0, 0xd, 0xff, 0xbf, 0xf9, 0x0, 0x0, 0x0,
    0x0, 0x0, 0xb, 0xff, 0x50, 0x0, 0x0, 0x0,
    0xd, 0xfe, 0x8, 0x90, 0x0, 0x0, 0x0, 0x0,
    0x0, 0x0, 0x87, 0x0, 0x0, 0x0, 0x0, 0x0,
    0x0, 0x0, 0x0, 0x0, 0x0, 0x0, 0x0, 0x0,
    0x0, 0x0, 0x0,

    /* U+7387 "率" */
    0x0, 0x0, 0x0, 0x0, 0x0, 0x0, 0x1, 0x40,
    0x0, 0x0, 0x0, 0x0, 0x0, 0x0, 0x0, 0x0,
    0x0, 0x0, 0x0, 0x0, 0xcf, 0xf5, 0x0, 0x0,
    0x0, 0x0, 0x0, 0x0, 0x0, 0x0, 0x0, 0x0,
    0x0, 0x0, 0x5f, 0xfe, 0x10, 0x0, 0x0, 0x0,
    0x0, 0x0, 0x7, 0xaa, 0xaa, 0xaa, 0xaa, 0xaa,
    0xaf, 0xff, 0xca, 0xaa, 0xaa, 0xaa, 0xaa, 0xa5,
    0xa, 0xff, 0xff, 0xff, 0xff, 0xff, 0xff, 0xff,
    0xff, 0xff, 0xff, 0xff, 0xff, 0xf7, 0xa, 0xff,
    0xff, 0xff, 0xff, 0xff, 0xff, 0xff, 0xff, 0xff,
    0xff, 0xff, 0xff, 0xf7, 0x0, 0x0, 0x0, 0x0,
    0x0, 0x6, 0xff, 0x60, 0x3, 0x10, 0x0, 0x0,
    0x0, 0x0, 0x0, 0x5e, 0x60, 0x0, 0x0, 0x2f,
    0xfa, 0x0, 0x2e, 0xf6, 0x0, 0xb, 0xd4, 0x0,
    0x2, 0xff, 0xfc, 0x20, 0x1, 0xdf, 0xd0, 0x1,
    0xdf, 0xf4, 0x0, 0xbf, 0xfd, 0x10, 0x0, 0x1b,
    0xff, 0xf5, 0x2e, 0xff, 0xff, 0xff, 0xff, 0x40,
    0x2d, 0xff, 0xb0, 0x0, 0x0, 0x0, 0x6f, 0xf9,
    0xe, 0xff, 0xff, 0xff, 0xf4, 0x0, 0xcf, 0xf8,
    0x0, 0x0, 0x0, 0x0, 0x3, 0x50, 0x6, 0x75,
    0x5e, 0xff, 0x40, 0x0, 0x7, 0x40, 0x0, 0x0,
    0x0, 0x0, 0x0, 0x17, 0x20, 0x2, 0xdf, 0xe4,
    0xaf, 0x50, 0x2a, 0x20, 0x0, 0x0, 0x0, 0x0,
    0x29, 0xff, 0x80, 0x4e, 0xfc, 0x10, 0x9f, 0xf6,
    0xff, 0xf8, 0x0, 0x0, 0x0, 0x5b, 0xff, 0xfd,
    0x69, 0xff, 0xf8, 0x9a, 0xbf, 0xfd, 0x7f, 0xff,
    0xe4, 0x0, 0x1e, 0xff, 0xfd, 0x50, 0xbf, 0xff,
    0xff, 0xff, 0xff, 0xff, 0x71, 0xaf, 0xff, 0x90,
    0x9, 0xfd, 0x50, 0x0, 0x6f, 0xfd, 0xb9, 0x86,
    0x53, 0xaf, 0xe0, 0x6, 0xff, 0xc1, 0x0, 0x40,
    0x0, 0x0, 0x2, 0x0, 0x3d, 0xd9, 0x0, 0x27,
    0x10, 0x0, 0x39, 0x0, 0x0, 0x0, 0x0, 0x0,
    0x0, 0x0, 0x4f, 0xfb, 0x0, 0x0, 0x0, 0x0,
    0x0, 0x0, 0x0, 0x0, 0x0, 0x0, 0x0, 0x0,
    0x5f, 0xfb, 0x0, 0x0, 0x0, 0x0, 0x0, 0x0,
    0x5f, 0xff, 0xff, 0xff, 0xff, 0xff, 0xff, 0xff,
    0xff, 0xff, 0xff, 0xff, 0xff, 0xfc, 0x5f, 0xff,
    0xff, 0xff, 0xff, 0xff, 0xff, 0xff, 0xff, 0xff,
    0xff, 0xff, 0xff, 0xfc, 0x39, 0x99, 0x99, 0x99,
    0x99, 0x99, 0xbf, 0xfe, 0x99, 0x99, 0x99, 0x99,
    0x99, 0x97, 0x0, 0x0, 0x0, 0x0, 0x0, 0x0,
    0x4f, 0xfb, 0x0, 0x0, 0x0, 0x0, 0x0, 0x0,
    0x0, 0x0, 0x0, 0x0, 0x0, 0x0, 0x4f, 0xfb,
    0x0, 0x0, 0x0, 0x0, 0x0, 0x0, 0x0, 0x0,
    0x0, 0x0, 0x0, 0x0, 0x4f, 0xfb, 0x0, 0x0,
    0x0, 0x0, 0x0, 0x0, 0x0, 0x0, 0x0, 0x0,
    0x0, 0x0, 0x4f, 0xfb, 0x0, 0x0, 0x0, 0x0,
    0x0, 0x0, 0x0, 0x0, 0x0, 0x0, 0x0, 0x0,
    0x4f, 0xfb, 0x0, 0x0, 0x0, 0x0, 0x0, 0x0,

    /* U+73AF "环" */
    0x8, 0x88, 0x88, 0x88, 0x88, 0x21, 0xaa, 0xaa,
    0xaa, 0xaa, 0xaa, 0xaa, 0xaa, 0xaa, 0x70, 0xef,
    0xff, 0xff, 0xff, 0xf4, 0x2f, 0xff, 0xff, 0xff,
    0xff, 0xff, 0xff, 0xff, 0xfa, 0xe, 0xff, 0xff,
    0xff, 0xff, 0x42, 0xff, 0xff, 0xff, 0xff, 0xff,
    0xff, 0xff, 0xff, 0xa0, 0x0, 0x8, 0xff, 0x20,
    0x0, 0x0, 0x0, 0x0, 0x1, 0xff, 0xf2, 0x0,
    0x0, 0x0, 0x0, 0x0, 0x8f, 0xf1, 0x0, 0x0,
    0x0, 0x0, 0x0, 0x7f, 0xfb, 0x0, 0x0, 0x0,
    0x0, 0x0, 0x8, 0xff, 0x10, 0x0, 0x0, 0x0,
    0x0, 0xd, 0xff, 0x50, 0x0, 0x0, 0x0, 0x0,
    0x0, 0x8f, 0xf1, 0x0, 0x0, 0x0, 0x0, 0x5,
    0xff, 0xe0, 0x0, 0x0, 0x0, 0x0, 0x0, 0x8,
    0xff, 0x10, 0x0, 0x0, 0x0, 0x0, 0xdf, 0xfd,
    0x0, 0x0, 0x0, 0x0, 0x0, 0x0, 0x8f, 0xf1,
    0x0, 0x0, 0x0, 0x0, 0x7f, 0xff, 0xd2, 0xa1,
    0x0, 0x0, 0x0, 0x5a, 0xad, 0xff, 0xba, 0x60,
    0x0, 0x0, 0x1f, 0xff, 0xff, 0xff, 0xb0, 0x0,
    0x0, 0x7, 0xff, 0xff, 0xff, 0xf9, 0x0, 0x0,
    0xb, 0xff, 0xff, 0xdc, 0xff, 0xa0, 0x0, 0x0,
    0x7f, 0xff, 0xff, 0xff, 0x90, 0x0, 0x7, 0xff,
    0xff, 0xfd, 0x1e, 0xff, 0x70, 0x0, 0x0, 0x0,
    0x8f, 0xf1, 0x0, 0x0, 0x4, 0xff, 0xfa, 0xff,
    0xd0, 0x3f, 0xff, 0x50, 0x0, 0x0, 0x8, 0xff,
    0x10, 0x0, 0x2, 0xef, 0xfd, 0xf, 0xfd, 0x0,
    0x6f, 0xff, 0x20, 0x0, 0x0, 0x8f, 0xf1, 0x0,
    0x3, 0xef, 0xff, 0x20, 0xff, 0xd0, 0x0, 0xaf,
    0xfc, 0x0, 0x0, 0x8, 0xff, 0x10, 0x3, 0xff,
    0xff, 0x50, 0xf, 0xfd, 0x0, 0x0, 0xdf, 0xf7,
    0x0, 0x0, 0x8f, 0xf1, 0x0, 0xa, 0xff, 0x50,
    0x0, 0xff, 0xd0, 0x0, 0x3, 0xfb, 0x10, 0x0,
    0x8, 0xff, 0x10, 0x50, 0x8, 0x50, 0x0, 0xf,
    0xfd, 0x0, 0x0, 0x4, 0x0, 0x0, 0x0, 0x8f,
    0xfb, 0xff, 0x20, 0x0, 0x0, 0x0, 0xff, 0xd0,
    0x0, 0x0, 0x0, 0x0, 0x1, 0x6d, 0xff, 0xff,
    0xf5, 0x0, 0x0, 0x0, 0xf, 0xfd, 0x0, 0x0,
    0x0, 0x0, 0xc, 0xff, 0xff, 0xfe, 0x94, 0x0,
    0x0, 0x0, 0x0, 0xff, 0xd0, 0x0, 0x0, 0x0,
    0x0, 0xdf, 0xfe, 0xa4, 0x0, 0x0, 0x0, 0x0,
    0x0, 0xf, 0xfd, 0x0, 0x0, 0x0, 0x0, 0x8,
    0x94, 0x0, 0x0, 0x0, 0x0, 0x0, 0x0, 0x0,
    0xff, 0xd0, 0x0, 0x0, 0x0, 0x0, 0x0, 0x0,
    0x0, 0x0, 0x0, 0x0, 0x0, 0x0, 0xf, 0xfd,
    0x0, 0x0, 0x0, 0x0, 0x0, 0x0, 0x0, 0x0,
    0x0, 0x0, 0x0, 0x0, 0x0, 0xff, 0xd0, 0x0,
    0x0, 0x0, 0x0, 0x0, 0x0, 0x0, 0x0, 0x0,
    0x0, 0x0, 0x0, 0xf, 0xfd, 0x0, 0x0, 0x0,
    0x0,

    /* U+73B0 "现" */
    0x0, 0x0, 0x0, 0x0, 0x0, 0x0, 0x0, 0x0,
    0x0, 0x0, 0x0, 0x0, 0x0, 0x0, 0x2, 0x99,
    0x99, 0x99, 0x99, 0x98, 0xe, 0xff, 0xff, 0xff,
    0xff, 0xff, 0xff, 0xf1, 0x0, 0x4f, 0xff, 0xff,
    0xff, 0xff, 0xe0, 0xef, 0xff, 0xff, 0xff, 0xff,
    0xff, 0xff, 0x10, 0x4, 0xff, 0xff, 0xff, 0xff,
    0xfe, 0xe, 0xfd, 0x66, 0x66, 0x66, 0x66, 0xdf,
    0xf1, 0x0, 0x0, 0x0, 0x7f, 0xf5, 0x0, 0x0,
    0xef, 0xb0, 0x0, 0x0, 0x0, 0xb, 0xff, 0x10,
    0x0, 0x0, 0x6, 0xff, 0x40, 0x0, 0xe, 0xfb,
    0x0, 0x0, 0x0, 0x0, 0xbf, 0xf1, 0x0, 0x0,
    0x0, 0x6f, 0xf4, 0x0, 0x0, 0xef, 0xb0, 0x8,
    0xff, 0x10, 0xb, 0xff, 0x10, 0x0, 0x0, 0x6,
    0xff, 0x40, 0x0, 0xe, 0xfb, 0x0, 0x8f, 0xf1,
    0x0, 0xbf, 0xf1, 0x0, 0x0, 0x0, 0x6f, 0xf4,
    0x0, 0x0, 0xef, 0xb0, 0x8, 0xff, 0x10, 0xb,
    0xff, 0x10, 0x0, 0x0, 0x6, 0xff, 0x40, 0x0,
    0xe, 0xfb, 0x0, 0x8f, 0xf1, 0x0, 0xbf, 0xf1,
    0x0, 0x9, 0xaa, 0xcf, 0xfc, 0xaa, 0x30, 0xef,
    0xb0, 0x8, 0xff, 0x10, 0xb, 0xff, 0x10, 0x0,
    0xdf, 0xff, 0xff, 0xff, 0xf4, 0xe, 0xfb, 0x0,
    0x9f, 0xf1, 0x0, 0xbf, 0xf1, 0x0, 0xd, 0xff,
    0xff, 0xff, 0xff, 0x40, 0xef, 0xb0, 0xa, 0xff,
    0x0, 0xb, 0xff, 0x10, 0x0, 0x0, 0x6, 0xff,
    0x40, 0x0, 0xe, 0xfb, 0x0, 0xbf, 0xf0, 0x0,
    0xbf, 0xf1, 0x0, 0x0, 0x0, 0x6f, 0xf4, 0x0,
    0x0, 0xef, 0xb0, 0xc, 0xfd, 0x0, 0xb, 0xff,
    0x10, 0x0, 0x0, 0x6, 0xff, 0x40, 0x0, 0xe,
    0xfb, 0x0, 0xef, 0xb0, 0x0, 0xbf, 0xf1, 0x0,
    0x0, 0x0, 0x6f, 0xf4, 0x0, 0x0, 0xef, 0xb0,
    0x2f, 0xf9, 0x10, 0xb, 0xff, 0x10, 0x0, 0x0,
    0x6, 0xff, 0x40, 0x0, 0x0, 0x0, 0x7, 0xff,
    0xff, 0x60, 0x0, 0x0, 0x0, 0x0, 0x0, 0x6f,
    0xf4, 0x0, 0x0, 0x0, 0x0, 0xdf, 0xff, 0xf6,
    0x0, 0x0, 0x0, 0x0, 0x0, 0x6, 0xff, 0x77,
    0xcf, 0x10, 0x0, 0x5f, 0xfc, 0xff, 0x60, 0x0,
    0x0, 0x0, 0x0, 0x1, 0x9f, 0xff, 0xff, 0xf3,
    0x0, 0xd, 0xff, 0x5f, 0xf6, 0x0, 0x3, 0xc5,
    0x4, 0x9c, 0xff, 0xff, 0xff, 0xfb, 0x20, 0xa,
    0xff, 0x84, 0xff, 0x60, 0x0, 0x4f, 0xf0, 0x9f,
    0xff, 0xff, 0xe9, 0x40, 0x0, 0x8, 0xff, 0xc0,
    0x4f, 0xf6, 0x0, 0x5, 0xfe, 0x6, 0xff, 0xc7,
    0x20, 0x0, 0x0, 0x9, 0xff, 0xf2, 0x4, 0xff,
    0x60, 0x0, 0x7f, 0xd0, 0x15, 0x10, 0x0, 0x0,
    0x0, 0x2c, 0xff, 0xe3, 0x0, 0x3f, 0xfb, 0x22,
    0x2c, 0xfa, 0x0, 0x0, 0x0, 0x0, 0x0, 0x7f,
    0xff, 0xe3, 0x0, 0x1, 0xff, 0xff, 0xff, 0xff,
    0x40, 0x0, 0x0, 0x0, 0x0, 0x2, 0xef, 0xa1,
    0x0, 0x0, 0x4, 0xce, 0xff, 0xec, 0x60, 0x0,
    0x0, 0x0, 0x0, 0x0, 0x4, 0x50, 0x0, 0x0,
    0x0, 0x0, 0x0, 0x0, 0x0, 0x0,

    /* U+7406 "理" */
    0x0, 0x0, 0x0, 0x0, 0x0, 0x0, 0x12, 0x22,
    0x22, 0x22, 0x22, 0x22, 0x22, 0x21, 0x0, 0x6,
    0x99, 0x99, 0x99, 0x99, 0x80, 0xaf, 0xff, 0xff,
    0xff, 0xff, 0xff, 0xff, 0xfc, 0x0, 0xb, 0xff,
    0xff, 0xff, 0xff, 0xe0, 0xaf, 0xff, 0xff, 0xff,
    0xff, 0xff, 0xff, 0xfc, 0x0, 0xb, 0xff, 0xff,
    0xff, 0xff, 0xe0, 0xaf, 0xf4, 0x44, 0x8f, 0xf5,
    0x44, 0x4f, 0xfc, 0x0, 0x0, 0x0, 0x2f, 0xf9,
    0x0, 0x0, 0xaf, 0xe0, 0x0, 0x5f, 0xf1, 0x0,
    0xe, 0xfc, 0x0, 0x0, 0x0, 0x2f, 0xf8, 0x0,
    0x0, 0xaf, 0xe0, 0x0, 0x5f, 0xf1, 0x0, 0xe,
    0xfc, 0x0, 0x0, 0x0, 0x2f, 0xf8, 0x0, 0x0,
    0xaf, 0xf5, 0x55, 0x9f, 0xf6, 0x55, 0x5f, 0xfc,
    0x0, 0x0, 0x0, 0x2f, 0xf8, 0x0, 0x0, 0xaf,
    0xff, 0xff, 0xff, 0xff, 0xff, 0xff, 0xfc, 0x0,
    0x0, 0x0, 0x2f, 0xf8, 0x0, 0x0, 0xaf, 0xff,
    0xff, 0xff, 0xff, 0xff, 0xff, 0xfc, 0x0, 0x0,
    0x0, 0x2f, 0xf8, 0x0, 0x0, 0xaf, 0xe0, 0x0,
    0x5f, 0xf1, 0x0, 0xe, 0xfc, 0x0, 0x5, 0xdd,
    0xdf, 0xfe, 0xdd, 0x60, 0xaf, 0xe0, 0x0, 0x5f,
    0xf1, 0x0, 0xe, 0xfc, 0x0, 0x6, 0xff, 0xff,
    0xff, 0xff, 0x70, 0xaf, 0xe0, 0x0, 0x5f, 0xf1,
    0x0, 0xe, 0xfc, 0x0, 0x4, 0xaa, 0xbf, 0xfd,
    0xaa, 0x40, 0xaf, 0xff, 0xff, 0xff, 0xff, 0xff,
    0xff, 0xfc, 0x0, 0x0, 0x0, 0x2f, 0xf8, 0x0,
    0x0, 0xaf, 0xff, 0xff, 0xff, 0xff, 0xff, 0xff,
    0xfc, 0x0, 0x0, 0x0, 0x2f, 0xf8, 0x0, 0x0,
    0x57, 0x77, 0x77, 0xcf, 0xfa, 0x77, 0x77, 0x76,
    0x0, 0x0, 0x0, 0x2f, 0xf8, 0x0, 0x0, 0x0,
    0x0, 0x0, 0x9f, 0xf4, 0x0, 0x0, 0x0, 0x0,
    0x0, 0x0, 0x2f, 0xf8, 0x0, 0x0, 0x0, 0x0,
    0x0, 0x9f, 0xf4, 0x0, 0x0, 0x0, 0x0, 0x0,
    0x0, 0x2f, 0xf8, 0x0, 0x0, 0x0, 0x0, 0x0,
    0x9f, 0xf5, 0x0, 0x0, 0x0, 0x0, 0x0, 0x0,
    0x2f, 0xf8, 0x0, 0x10, 0xff, 0xff, 0xff, 0xff,
    0xff, 0xff, 0xff, 0xff, 0x20, 0x0, 0x0, 0x2f,
    0xfa, 0x7c, 0xd0, 0xff, 0xff, 0xff, 0xff, 0xff,
    0xff, 0xff, 0xff, 0x20, 0x0, 0x0, 0x5f, 0xff,
    0xff, 0xf0, 0x88, 0x88, 0x88, 0xcf, 0xfa, 0x88,
    0x88, 0x88, 0x10, 0x5, 0xae, 0xff, 0xff, 0xff,
    0xb1, 0x0, 0x0, 0x0, 0x9f, 0xf4, 0x0, 0x0,
    0x0, 0x0, 0xd, 0xff, 0xff, 0xfb, 0x51, 0x0,
    0x0, 0x0, 0x0, 0x9f, 0xf4, 0x0, 0x0, 0x0,
    0x0, 0x9, 0xff, 0xa5, 0x0, 0x0, 0x0, 0x0,
    0x0, 0x0, 0x9f, 0xf4, 0x0, 0x0, 0x0, 0x0,
    0x3, 0x40, 0x0, 0x0, 0x3, 0xff, 0xff, 0xff,
    0xff, 0xff, 0xff, 0xff, 0xff, 0xff, 0xf2, 0x0,
    0x0, 0x0, 0x0, 0x3, 0xff, 0xff, 0xff, 0xff,
    0xff, 0xff, 0xff, 0xff, 0xff, 0xf2, 0x0, 0x0,
    0x0, 0x0, 0x2, 0x88, 0x88, 0x88, 0x88, 0x88,
    0x88, 0x88, 0x88, 0x88, 0x81,

    /* U+751F "生" */
    0x0, 0x0, 0x0, 0x0, 0x0, 0x0, 0x2, 0x22,
    0x0, 0x0, 0x0, 0x0, 0x0, 0x0, 0x0, 0x0,
    0x1, 0xa7, 0x30, 0x0, 0x2f, 0xfb, 0x0, 0x0,
    0x0, 0x0, 0x0, 0x0, 0x0, 0x0, 0x6, 0xff,
    0xb0, 0x0, 0x2f, 0xfb, 0x0, 0x0, 0x0, 0x0,
    0x0, 0x0, 0x0, 0x0, 0xb, 0xff, 0x50, 0x0,
    0x2f, 0xfb, 0x0, 0x0, 0x0, 0x0, 0x0, 0x0,
    0x0, 0x0, 0x1f, 0xff, 0x0, 0x0, 0x2f, 0xfb,
    0x0, 0x0, 0x0, 0x0, 0x0, 0x0, 0x0, 0x0,
    0x8f, 0xfa, 0x0, 0x0, 0x2f, 0xfb, 0x0, 0x0,
    0x0, 0x0, 0x0, 0x0, 0x0, 0x0, 0xef, 0xfd,
    0xbb, 0xbb, 0xcf, 0xfe, 0xbb, 0xbb, 0xbb, 0xbb,
    0xbb, 0x30, 0x0, 0x6, 0xff, 0xff, 0xff, 0xff,
    0xff, 0xff, 0xff, 0xff, 0xff, 0xff, 0xff, 0x40,
    0x0, 0xe, 0xff, 0xff, 0xff, 0xff, 0xff, 0xff,
    0xff, 0xff, 0xff, 0xff, 0xff, 0x40, 0x0, 0x8f,
    0xfc, 0x0, 0x0, 0x0, 0x3f, 0xfc, 0x0, 0x0,
    0x0, 0x0, 0x0, 0x0, 0x3, 0xff, 0xf4, 0x0,
    0x0, 0x0, 0x2f, 0xfb, 0x0, 0x0, 0x0, 0x0,
    0x0, 0x0, 0x1e, 0xff, 0xb0, 0x0, 0x0, 0x0,
    0x2f, 0xfb, 0x0, 0x0, 0x0, 0x0, 0x0, 0x0,
    0x1b, 0xfe, 0x10, 0x0, 0x0, 0x0, 0x2f, 0xfb,
    0x0, 0x0, 0x0, 0x0, 0x0, 0x0, 0x0, 0x65,
    0x0, 0x0, 0x0, 0x0, 0x2f, 0xfb, 0x0, 0x0,
    0x0, 0x0, 0x0, 0x0, 0x0, 0x0, 0x0, 0x0,
    0x0, 0x0, 0x2f, 0xfb, 0x0, 0x0, 0x0, 0x0,
    0x0, 0x0, 0x0, 0x0, 0xac, 0xcc, 0xcc, 0xcc,
    0xdf, 0xff, 0xcc, 0xcc, 0xcc, 0xcc, 0xc2, 0x0,
    0x0, 0x0, 0xdf, 0xff, 0xff, 0xff, 0xff, 0xff,
    0xff, 0xff, 0xff, 0xff, 0xf2, 0x0, 0x0, 0x0,
    0xcf, 0xff, 0xff, 0xff, 0xff, 0xff, 0xff, 0xff,
    0xff, 0xff, 0xf2, 0x0, 0x0, 0x0, 0x0, 0x0,
    0x0, 0x0, 0x2f, 0xfb, 0x0, 0x0, 0x0, 0x0,
    0x0, 0x0, 0x0, 0x0, 0x0, 0x0, 0x0, 0x0,
    0x2f, 0xfb, 0x0, 0x0, 0x0, 0x0, 0x0, 0x0,
    0x0, 0x0, 0x0, 0x0, 0x0, 0x0, 0x2f, 0xfb,
    0x0, 0x0, 0x0, 0x0, 0x0, 0x0, 0x0, 0x0,
    0x0, 0x0, 0x0, 0x0, 0x2f, 0xfb, 0x0, 0x0,
    0x0, 0x0, 0x0, 0x0, 0x0, 0x0, 0x0, 0x0,
    0x0, 0x0, 0x2f, 0xfb, 0x0, 0x0, 0x0, 0x0,
    0x0, 0x0, 0x0, 0x0, 0x0, 0x0, 0x0, 0x0,
    0x2f, 0xfb, 0x0, 0x0, 0x0, 0x0, 0x0, 0x0,
    0x0, 0x0, 0x0, 0x0, 0x0, 0x0, 0x3f, 0xfc,
    0x0, 0x0, 0x0, 0x0, 0x0, 0x0, 0x2f, 0xff,
    0xff, 0xff, 0xff, 0xff, 0xff, 0xff, 0xff, 0xff,
    0xff, 0xff, 0xff, 0xfb, 0x2f, 0xff, 0xff, 0xff,
    0xff, 0xff, 0xff, 0xff, 0xff, 0xff, 0xff, 0xff,
    0xff, 0xfb, 0x2b, 0xbb, 0xbb, 0xbb, 0xbb, 0xbb,
    0xbb, 0xbb, 0xbb, 0xbb, 0xbb, 0xbb, 0xbb, 0xb8,

    /* U+7528 "用" */
    0x0, 0x0, 0x0, 0x0, 0x0, 0x0, 0x0, 0x0,
    0x0, 0x0, 0x0, 0x0, 0x0, 0x0, 0x0, 0xb,
    0xff, 0xff, 0xff, 0xff, 0xff, 0xff, 0xff, 0xff,
    0xff, 0xff, 0xfb, 0x0, 0x0, 0xbf, 0xff, 0xff,
    0xff, 0xff, 0xff, 0xff, 0xff, 0xff, 0xff, 0xff,
    0xb0, 0x0, 0xb, 0xff, 0xaa, 0xaa, 0xaa, 0xbf,
    0xfe, 0xaa, 0xaa, 0xaa, 0xaf, 0xfb, 0x0, 0x0,
    0xbf, 0xf1, 0x0, 0x0, 0x2, 0xff, 0xa0, 0x0,
    0x0, 0x1, 0xff, 0xb0, 0x0, 0xb, 0xff, 0x10,
    0x0, 0x0, 0x2f, 0xfa, 0x0, 0x0, 0x0, 0x1f,
    0xfb, 0x0, 0x0, 0xbf, 0xf1, 0x0, 0x0, 0x2,
    0xff, 0xa0, 0x0, 0x0, 0x1, 0xff, 0xb0, 0x0,
    0xb, 0xff, 0x21, 0x11, 0x11, 0x3f, 0xfb, 0x11,
    0x11, 0x11, 0x2f, 0xfb, 0x0, 0x0, 0xbf, 0xff,
    0xff, 0xff, 0xff, 0xff, 0xff, 0xff, 0xff, 0xff,
    0xff, 0xb0, 0x0, 0xb, 0xff, 0xff, 0xff, 0xff,
    0xff, 0xff, 0xff, 0xff, 0xff, 0xff, 0xfb, 0x0,
    0x0, 0xbf, 0xf9, 0x88, 0x88, 0x8a, 0xff, 0xd8,
    0x88, 0x88, 0x89, 0xff, 0xb0, 0x0, 0xc, 0xff,
    0x10, 0x0, 0x0, 0x2f, 0xfa, 0x0, 0x0, 0x0,
    0x1f, 0xfb, 0x0, 0x0, 0xcf, 0xf0, 0x0, 0x0,
    0x2, 0xff, 0xa0, 0x0, 0x0, 0x1, 0xff, 0xb0,
    0x0, 0xc, 0xff, 0x0, 0x0, 0x0, 0x2f, 0xfa,
    0x0, 0x0, 0x0, 0x1f, 0xfb, 0x0, 0x0, 0xdf,
    0xf0, 0x0, 0x0, 0x3, 0xff, 0xb0, 0x0, 0x0,
    0x1, 0xff, 0xb0, 0x0, 0xf, 0xff, 0xff, 0xff,
    0xff, 0xff, 0xff, 0xff, 0xff, 0xff, 0xff, 0xfb,
    0x0, 0x1, 0xff, 0xff, 0xff, 0xff, 0xff, 0xff,
    0xff, 0xff, 0xff, 0xff, 0xff, 0xb0, 0x0, 0x3f,
    0xfe, 0xaa, 0xaa, 0xaa, 0xbf, 0xfe, 0xaa, 0xaa,
    0xaa, 0xaf, 0xfb, 0x0, 0x6, 0xff, 0x80, 0x0,
    0x0, 0x2, 0xff, 0xa0, 0x0, 0x0, 0x1, 0xff,
    0xb0, 0x0, 0xbf, 0xf4, 0x0, 0x0, 0x0, 0x2f,
    0xfa, 0x0, 0x0, 0x0, 0x1f, 0xfb, 0x0, 0xf,
    0xff, 0x0, 0x0, 0x0, 0x2, 0xff, 0xa0, 0x0,
    0x0, 0x1, 0xff, 0xb0, 0x5, 0xff, 0xb0, 0x0,
    0x0, 0x0, 0x2f, 0xfa, 0x0, 0x0, 0x0, 0x1f,
    0xfb, 0x0, 0xdf, 0xf5, 0x0, 0x0, 0x0, 0x2,
    0xff, 0xa0, 0x0, 0x0, 0x1, 0xff, 0xb0, 0x7f,
    0xfd, 0x0, 0x0, 0x0, 0x0, 0x2f, 0xfa, 0x1,
    0x98, 0x88, 0xbf, 0xfb, 0x1f, 0xff, 0x50, 0x0,
    0x0, 0x0, 0x2, 0xff, 0xa0, 0xd, 0xff, 0xff,
    0xff, 0x60, 0x3e, 0x90, 0x0, 0x0, 0x0, 0x0,
    0x2f, 0xfa, 0x0, 0x8f, 0xff, 0xfe, 0x70, 0x0,
    0x20, 0x0, 0x0, 0x0, 0x0, 0x0, 0x0, 0x0,
    0x0, 0x22, 0x10, 0x0, 0x0,

    /* U+7535 "电" */
    0x0, 0x0, 0x0, 0x0, 0x0, 0x34, 0x41, 0x0,
    0x0, 0x0, 0x0, 0x0, 0x0, 0x0, 0x0, 0x0,
    0x0, 0x0, 0xb, 0xff, 0x40, 0x0, 0x0, 0x0,
    0x0, 0x0, 0x0, 0x0, 0x0, 0x0, 0x0, 0x0,
    0xbf, 0xf4, 0x0, 0x0, 0x0, 0x0, 0x0, 0x0,
    0x0, 0x0, 0x0, 0x0, 0x0, 0xb, 0xff, 0x40,
    0x0, 0x0, 0x0, 0x0, 0x0, 0x0, 0x0, 0x0,
    0x0, 0x0, 0x0, 0xbf, 0xf4, 0x0, 0x0, 0x0,
    0x0, 0x0, 0x0, 0x3, 0xff, 0xff, 0xff, 0xff,
    0xff, 0xff, 0xff, 0xff, 0xff, 0xff, 0xff, 0x10,
    0x0, 0x3f, 0xff, 0xff, 0xff, 0xff, 0xff, 0xff,
    0xff, 0xff, 0xff, 0xff, 0xf1, 0x0, 0x3, 0xff,
    0xfc, 0xcc, 0xcc, 0xcf, 0xff, 0xdc, 0xcc, 0xcc,
    0xcf, 0xff, 0x10, 0x0, 0x3f, 0xfb, 0x0, 0x0,
    0x0, 0xbf, 0xf4, 0x0, 0x0, 0x0, 0xcf, 0xf1,
    0x0, 0x3, 0xff, 0xb0, 0x0, 0x0, 0xb, 0xff,
    0x40, 0x0, 0x0, 0xc, 0xff, 0x10, 0x0, 0x3f,
    0xfb, 0x0, 0x0, 0x0, 0xbf, 0xf4, 0x0, 0x0,
    0x0, 0xcf, 0xf1, 0x0, 0x3, 0xff, 0xe9, 0x99,
    0x99, 0x9e, 0xff, 0xb9, 0x99, 0x99, 0x9e, 0xff,
    0x10, 0x0, 0x3f, 0xff, 0xff, 0xff, 0xff, 0xff,
    0xff, 0xff, 0xff, 0xff, 0xff, 0xf1, 0x0, 0x3,
    0xff, 0xff, 0xff, 0xff, 0xff, 0xff, 0xff, 0xff,
    0xff, 0xff, 0xff, 0x10, 0x0, 0x3f, 0xfb, 0x0,
    0x0, 0x0, 0xbf, 0xf5, 0x0, 0x0, 0x0, 0xdf,
    0xf1, 0x0, 0x3, 0xff, 0xb0, 0x0, 0x0, 0xb,
    0xff, 0x40, 0x0, 0x0, 0xc, 0xff, 0x10, 0x0,
    0x3f, 0xfb, 0x0, 0x0, 0x0, 0xbf, 0xf4, 0x0,
    0x0, 0x0, 0xcf, 0xf1, 0x0, 0x3, 0xff, 0xb0,
    0x0, 0x0, 0xb, 0xff, 0x50, 0x0, 0x0, 0xd,
    0xff, 0x10, 0x0, 0x3f, 0xff, 0xff, 0xff, 0xff,
    0xff, 0xff, 0xff, 0xff, 0xff, 0xff, 0xf1, 0x0,
    0x3, 0xff, 0xff, 0xff, 0xff, 0xff, 0xff, 0xff,
    0xff, 0xff, 0xff, 0xff, 0x10, 0x0, 0x3f, 0xfe,
    0xbb, 0xbb, 0xbb, 0xef, 0xfc, 0xbb, 0xbb, 0xbb,
    0xbb, 0xb2, 0x0, 0x3, 0xff, 0xb0, 0x0, 0x0,
    0xb, 0xff, 0x40, 0x0, 0x0, 0x0, 0x0, 0xda,
    0x40, 0x15, 0x54, 0x0, 0x0, 0x0, 0xbf, 0xf4,
    0x0, 0x0, 0x0, 0x0, 0xf, 0xfe, 0x0, 0x0,
    0x0, 0x0, 0x0, 0xb, 0xff, 0x50, 0x0, 0x0,
    0x0, 0x2, 0xff, 0xc0, 0x0, 0x0, 0x0, 0x0,
    0x0, 0xaf, 0xf8, 0x0, 0x0, 0x0, 0x0, 0x9f,
    0xf9, 0x0, 0x0, 0x0, 0x0, 0x0, 0x7, 0xff,
    0xfe, 0xdd, 0xdd, 0xdd, 0xef, 0xff, 0x30, 0x0,
    0x0, 0x0, 0x0, 0x0, 0x1f, 0xff, 0xff, 0xff,
    0xff, 0xff, 0xff, 0xb0, 0x0, 0x0, 0x0, 0x0,
    0x0, 0x0, 0x2a, 0xdf, 0xff, 0xff, 0xff, 0xfd,
    0x80, 0x0,

    /* U+7545 "畅" */
    0x0, 0x0, 0x4, 0x42, 0x0, 0x0, 0x0, 0x0,
    0x0, 0x0, 0x0, 0x0, 0x0, 0x0, 0x0, 0x0,
    0x1f, 0xf7, 0x0, 0x0, 0x0, 0x0, 0x0, 0x0,
    0x0, 0x0, 0x0, 0x0, 0x0, 0x0, 0x1f, 0xf7,
    0x0, 0x0, 0xbf, 0xff, 0xff, 0xff, 0xff, 0xff,
    0xd2, 0x0, 0x0, 0x0, 0x1f, 0xf7, 0x0, 0x0,
    0xcf, 0xff, 0xff, 0xff, 0xff, 0xff, 0xfc, 0x0,
    0x2, 0x22, 0x4f, 0xf9, 0x22, 0x21, 0x8a, 0xaa,
    0xaa, 0xaa, 0xef, 0xff, 0xb1, 0x0, 0x2f, 0xff,
    0xff, 0xff, 0xff, 0xf6, 0x0, 0x0, 0x0, 0x7,
    0xff, 0xfa, 0x0, 0x0, 0x2f, 0xff, 0xff, 0xff,
    0xff, 0xf6, 0x0, 0x0, 0x0, 0xaf, 0xff, 0x80,
    0x0, 0x0, 0x2f, 0xf3, 0x3e, 0xf7, 0x3e, 0xf6,
    0x0, 0x0, 0x1c, 0xff, 0xf5, 0x0, 0x0, 0x0,
    0x2f, 0xe0, 0xd, 0xf4, 0xd, 0xf6, 0x0, 0x4,
    0xef, 0xfd, 0x20, 0x0, 0x0, 0x0, 0x2f, 0xe0,
    0xd, 0xf4, 0xd, 0xf6, 0x1, 0xaf, 0xff, 0x90,
    0x0, 0x0, 0x0, 0x0, 0x2f, 0xf4, 0x4e, 0xf8,
    0x4e, 0xf6, 0x9f, 0xff, 0xff, 0xcc, 0xcc, 0xcc,
    0xcc, 0xc7, 0x2f, 0xff, 0xff, 0xff, 0xff, 0xf6,
    0xaf, 0xff, 0xff, 0xff, 0xff, 0xff, 0xff, 0xf8,
    0x2f, 0xff, 0xff, 0xff, 0xff, 0xf6, 0x3f, 0xed,
    0xff, 0xfd, 0xdf, 0xfe, 0xef, 0xf7, 0x2f, 0xe0,
    0xd, 0xf4, 0xd, 0xf6, 0x1, 0x2, 0xff, 0x90,
    0x4f, 0xf5, 0x6f, 0xf6, 0x2f, 0xe0, 0xd, 0xf4,
    0xd, 0xf6, 0x0, 0x8, 0xff, 0x20, 0xaf, 0xf0,
    0x7f, 0xf5, 0x2f, 0xe0, 0xd, 0xf4, 0xd, 0xf6,
    0x0, 0x1f, 0xfb, 0x0, 0xff, 0xa0, 0x8f, 0xf4,
    0x2f, 0xf6, 0x6e, 0xf9, 0x6e, 0xf6, 0x0, 0xaf,
    0xf3, 0x5, 0xff, 0x40, 0x9f, 0xf2, 0x2f, 0xff,
    0xff, 0xff, 0xff, 0xf6, 0x5, 0xff, 0x90, 0xc,
    0xfe, 0x0, 0xbf, 0xf1, 0x2f, 0xff, 0xff, 0xff,
    0xff, 0xf6, 0x3f, 0xfd, 0x0, 0x5f, 0xf6, 0x0,
    0xcf, 0xf0, 0x2f, 0xe0, 0x1f, 0xf8, 0x0, 0x4,
    0xff, 0xf2, 0x0, 0xdf, 0xe0, 0x0, 0xef, 0xe0,
    0x18, 0x70, 0x1f, 0xf7, 0x0, 0xd, 0xff, 0x40,
    0x6, 0xff, 0x60, 0x0, 0xff, 0xc0, 0x0, 0x0,
    0x1f, 0xf7, 0x0, 0x0, 0x93, 0x0, 0x3f, 0xfd,
    0x0, 0x2, 0xff, 0xa0, 0x0, 0x0, 0x1f, 0xf7,
    0x0, 0x0, 0x0, 0x1, 0xef, 0xf2, 0x0, 0x5,
    0xff, 0x80, 0x0, 0x0, 0x1f, 0xf7, 0x0, 0x0,
    0x0, 0xc, 0xff, 0x50, 0x0, 0x9, 0xff, 0x50,
    0x0, 0x0, 0x1f, 0xf7, 0x0, 0x0, 0x1, 0xcf,
    0xf9, 0x0, 0x0, 0x1f, 0xff, 0x20, 0x0, 0x0,
    0x1f, 0xf7, 0x0, 0x0, 0x3e, 0xff, 0xa0, 0x7,
    0xcc, 0xef, 0xfd, 0x0, 0x0, 0x0, 0x1f, 0xf7,
    0x0, 0x0, 0xbf, 0xf8, 0x0, 0x3, 0xff, 0xff,
    0xf4, 0x0, 0x0, 0x0, 0x1f, 0xf7, 0x0, 0x0,
    0x7, 0x70, 0x0, 0x0, 0xcc, 0xc9, 0x30, 0x0,

    /* U+7565 "略" */
    0x0, 0x0, 0x0, 0x0, 0x0, 0x0, 0x0, 0x1,
    0x30, 0x0, 0x0, 0x0, 0x0, 0x0, 0x0, 0x0,
    0x0, 0x0, 0x0, 0x0, 0x0, 0x8, 0xff, 0x50,
    0x0, 0x0, 0x0, 0x0, 0x88, 0x88, 0x88, 0x88,
    0x88, 0x20, 0x0, 0xf, 0xff, 0x10, 0x0, 0x0,
    0x0, 0x0, 0xef, 0xff, 0xff, 0xff, 0xff, 0x30,
    0x0, 0x9f, 0xfb, 0x33, 0x33, 0x34, 0x0, 0x0,
    0xef, 0xee, 0xff, 0xee, 0xff, 0x30, 0x3, 0xff,
    0xff, 0xff, 0xff, 0xff, 0xe4, 0x0, 0xef, 0x30,
    0xdf, 0x0, 0xef, 0x30, 0xd, 0xff, 0xff, 0xff,
    0xff, 0xff, 0xf2, 0x0, 0xef, 0x30, 0xdf, 0x0,
    0xef, 0x30, 0xbf, 0xfd, 0x22, 0x22, 0x27, 0xff,
    0xa0, 0x0, 0xef, 0x30, 0xdf, 0x0, 0xef, 0x4a,
    0xff, 0xff, 0x50, 0x0, 0xe, 0xff, 0x20, 0x0,
    0xef, 0x30, 0xdf, 0x0, 0xef, 0xdf, 0xff, 0xef,
    0xe1, 0x0, 0x9f, 0xf9, 0x0, 0x0, 0xef, 0x30,
    0xdf, 0x0, 0xef, 0xff, 0xf4, 0x3f, 0xfd, 0x6,
    0xff, 0xd0, 0x0, 0x0, 0xef, 0x41, 0xdf, 0x11,
    0xff, 0x7e, 0x40, 0x6, 0xff, 0xdf, 0xff, 0x20,
    0x0, 0x0, 0xef, 0xff, 0xff, 0xff, 0xff, 0x30,
    0x0, 0x0, 0xaf, 0xff, 0xf5, 0x0, 0x0, 0x0,
    0xef, 0xff, 0xff, 0xff, 0xff, 0x30, 0x0, 0x0,
    0x8f, 0xff, 0xe2, 0x0, 0x0, 0x0, 0xef, 0x64,
    0xef, 0x44, 0xff, 0x30, 0x0, 0x1b, 0xff, 0xff,
    0xff, 0x70, 0x0, 0x0, 0xef, 0x30, 0xdf, 0x0,
    0xef, 0x30, 0x5, 0xef, 0xff, 0x6b, 0xff, 0xfb,
    0x30, 0x0, 0xef, 0x30, 0xdf, 0x0, 0xef, 0x44,
    0xcf, 0xff, 0xd2, 0x0, 0x8f, 0xff, 0xfc, 0x50,
    0xef, 0x30, 0xdf, 0x0, 0xef, 0xdf, 0xff, 0xf8,
    0x0, 0x0, 0x3, 0xdf, 0xff, 0xf3, 0xef, 0x30,
    0xdf, 0x0, 0xef, 0xef, 0xff, 0xb8, 0x88, 0x88,
    0x88, 0x8e, 0xff, 0x60, 0xef, 0x30, 0xdf, 0x0,
    0xef, 0x6b, 0xdf, 0xff, 0xff, 0xff, 0xff, 0xff,
    0xf6, 0x0, 0xef, 0x30, 0xdf, 0x0, 0xff, 0x30,
    0xbf, 0xff, 0xff, 0xff, 0xff, 0xff, 0xf1, 0x0,
    0xef, 0xff, 0xff, 0xff, 0xff, 0x30, 0xbf, 0xe0,
    0x0, 0x0, 0x0, 0xaf, 0xf1, 0x0, 0xef, 0xff,
    0xff, 0xff, 0xff, 0x30, 0xbf, 0xe0, 0x0, 0x0,
    0x0, 0xaf, 0xf1, 0x0, 0xef, 0x86, 0x66, 0x66,
    0x66, 0x10, 0xbf, 0xe0, 0x0, 0x0, 0x0, 0xaf,
    0xf1, 0x0, 0xef, 0x30, 0x0, 0x0, 0x0, 0x0,
    0xbf, 0xe0, 0x0, 0x0, 0x0, 0xaf, 0xf1, 0x0,
    0xef, 0x30, 0x0, 0x0, 0x0, 0x0, 0xbf, 0xf0,
    0x0, 0x0, 0x0, 0xbf, 0xf1, 0x0, 0x0, 0x0,
    0x0, 0x0, 0x0, 0x0, 0xbf, 0xff, 0xff, 0xff,
    0xff, 0xff, 0xf1, 0x0, 0x0, 0x0, 0x0, 0x0,
    0x0, 0x0, 0xbf, 0xff, 0xff, 0xff, 0xff, 0xff,
    0xf1, 0x0, 0x0, 0x0, 0x0, 0x0, 0x0, 0x0,
    0xbf, 0xf6, 0x66, 0x66, 0x66, 0xcf, 0xf1, 0x0,

    /* U+7684 "的" */
    0x0, 0x0, 0x14, 0x10, 0x0, 0x0, 0x0, 0x2,
    0x20, 0x0, 0x0, 0x0, 0x0, 0x0, 0x0, 0x5,
    0xff, 0x90, 0x0, 0x0, 0x0, 0x9f, 0xf3, 0x0,
    0x0, 0x0, 0x0, 0x0, 0x0, 0x9f, 0xf5, 0x0,
    0x0, 0x0, 0xe, 0xff, 0x0, 0x0, 0x0, 0x0,
    0x0, 0x0, 0xc, 0xff, 0x0, 0x0, 0x0, 0x4,
    0xff, 0xb0, 0x0, 0x0, 0x0, 0x0, 0x0, 0x0,
    0xff, 0xa0, 0x0, 0x0, 0x0, 0x9f, 0xf6, 0x0,
    0x0, 0x0, 0x0, 0x4, 0x77, 0x8f, 0xfa, 0x77,
    0x77, 0x0, 0xe, 0xff, 0xba, 0xaa, 0xaa, 0xaa,
    0xa0, 0x8f, 0xff, 0xff, 0xff, 0xff, 0xf1, 0x4,
    0xff, 0xff, 0xff, 0xff, 0xff, 0xff, 0x8, 0xff,
    0xff, 0xff, 0xff, 0xff, 0x10, 0xbf, 0xff, 0xff,
    0xff, 0xff, 0xff, 0xf0, 0x8f, 0xf1, 0x0, 0x0,
    0x8f, 0xf1, 0x3f, 0xfd, 0x0, 0x0, 0x0, 0xa,
    0xff, 0x8, 0xff, 0x0, 0x0, 0x8, 0xff, 0x1c,
    0xff, 0x60, 0x0, 0x0, 0x0, 0xbf, 0xf0, 0x8f,
    0xf0, 0x0, 0x0, 0x8f, 0xf8, 0xff, 0xd0, 0x0,
    0x0, 0x0, 0xb, 0xfe, 0x8, 0xff, 0x0, 0x0,
    0x8, 0xff, 0xcf, 0xf4, 0x0, 0x0, 0x0, 0x0,
    0xcf, 0xd0, 0x8f, 0xf0, 0x0, 0x0, 0x8f, 0xf1,
    0x6a, 0x2, 0x70, 0x0, 0x0, 0xd, 0xfd, 0x8,
    0xff, 0x44, 0x44, 0x4a, 0xff, 0x10, 0x7, 0xff,
    0x50, 0x0, 0x0, 0xdf, 0xc0, 0x8f, 0xff, 0xff,
    0xff, 0xff, 0xf1, 0x0, 0x2f, 0xff, 0x20, 0x0,
    0xe, 0xfb, 0x8, 0xff, 0xff, 0xff, 0xff, 0xff,
    0x10, 0x0, 0x7f, 0xfc, 0x0, 0x0, 0xff, 0xb0,
    0x8f, 0xf3, 0x22, 0x22, 0x9f, 0xf1, 0x0, 0x0,
    0xcf, 0xf7, 0x0, 0xf, 0xfa, 0x8, 0xff, 0x0,
    0x0, 0x8, 0xff, 0x10, 0x0, 0x2, 0xff, 0xf2,
    0x1, 0xff, 0x90, 0x8f, 0xf0, 0x0, 0x0, 0x8f,
    0xf1, 0x0, 0x0, 0x7, 0xff, 0xb0, 0x2f, 0xf8,
    0x8, 0xff, 0x0, 0x0, 0x8, 0xff, 0x10, 0x0,
    0x0, 0xe, 0xf7, 0x3, 0xff, 0x70, 0x8f, 0xf0,
    0x0, 0x0, 0x8f, 0xf1, 0x0, 0x0, 0x0, 0x41,
    0x0, 0x5f, 0xf5, 0x8, 0xff, 0x0, 0x0, 0x8,
    0xff, 0x10, 0x0, 0x0, 0x0, 0x0, 0x7, 0xff,
    0x40, 0x8f, 0xf1, 0x0, 0x0, 0x8f, 0xf1, 0x0,
    0x0, 0x0, 0x0, 0x0, 0x9f, 0xf2, 0x8, 0xff,
    0xff, 0xff, 0xff, 0xff, 0x10, 0x0, 0x0, 0x0,
    0x0, 0xc, 0xff, 0x0, 0x8f, 0xff, 0xff, 0xff,
    0xff, 0xf1, 0x0, 0x0, 0x0, 0x0, 0x2, 0xff,
    0xc0, 0x8, 0xff, 0x88, 0x88, 0x88, 0x88, 0x0,
    0x0, 0x19, 0x9a, 0xaa, 0xef, 0xf8, 0x0, 0x8f,
    0xf0, 0x0, 0x0, 0x0, 0x0, 0x0, 0x0, 0xbf,
    0xff, 0xff, 0xfd, 0x10, 0x5, 0x99, 0x0, 0x0,
    0x0, 0x0, 0x0, 0x0, 0x6, 0xff, 0xff, 0xea,
    0x10, 0x0, 0x0, 0x0, 0x0, 0x0, 0x0, 0x0,
    0x0, 0x0, 0x0, 0x0, 0x0, 0x0, 0x0, 0x0,

    /* U+76AE "皮" */
    0x0, 0x0, 0x0, 0x0, 0x0, 0x0, 0x0, 0x45,
    0x50, 0x0, 0x0, 0x0, 0x0, 0x0, 0x0, 0x0,
    0x0, 0x0, 0x0, 0x0, 0x0, 0xc, 0xff, 0x10,
    0x0, 0x0, 0x0, 0x0, 0x0, 0x0, 0x0, 0x0,
    0x0, 0x0, 0x0, 0x0, 0xcf, 0xf1, 0x0, 0x0,
    0x0, 0x0, 0x0, 0x0, 0x0, 0x0, 0x0, 0x0,
    0x0, 0x0, 0xc, 0xff, 0x10, 0x0, 0x0, 0x0,
    0x0, 0x0, 0x0, 0x0, 0x79, 0x99, 0x99, 0x99,
    0x99, 0xef, 0xfa, 0x99, 0x99, 0x99, 0x9a, 0x73,
    0x0, 0x0, 0xc, 0xff, 0xff, 0xff, 0xff, 0xff,
    0xff, 0xff, 0xff, 0xff, 0xff, 0xff, 0x90, 0x0,
    0x0, 0xcf, 0xff, 0xff, 0xff, 0xff, 0xff, 0xff,
    0xff, 0xff, 0xff, 0xff, 0xf3, 0x0, 0x0, 0xc,
    0xff, 0x21, 0x11, 0x11, 0x1d, 0xff, 0x31, 0x11,
    0x11, 0x5f, 0xfd, 0x0, 0x0, 0x0, 0xcf, 0xf0,
    0x0, 0x0, 0x0, 0xcf, 0xf1, 0x0, 0x0, 0x8,
    0xff, 0x80, 0x0, 0x0, 0xc, 0xff, 0x0, 0x0,
    0x0, 0xc, 0xff, 0x10, 0x0, 0x0, 0xef, 0xf1,
    0x0, 0x0, 0x0, 0xcf, 0xf0, 0x0, 0x0, 0x0,
    0xcf, 0xf1, 0x0, 0x0, 0x4f, 0xfa, 0x0, 0x0,
    0x0, 0xc, 0xff, 0x0, 0x0, 0x0, 0xc, 0xff,
    0x10, 0x0, 0x0, 0x15, 0x20, 0x0, 0x0, 0x0,
    0xdf, 0xf9, 0x99, 0x99, 0x99, 0xef, 0xfa, 0x99,
    0x99, 0x9a, 0x60, 0x0, 0x0, 0x0, 0xd, 0xff,
    0xff, 0xff, 0xff, 0xff, 0xff, 0xff, 0xff, 0xff,
    0xff, 0xa0, 0x0, 0x0, 0x0, 0xdf, 0xff, 0xff,
    0xff, 0xff, 0xff, 0xff, 0xff, 0xff, 0xff, 0xf5,
    0x0, 0x0, 0x0, 0xe, 0xfe, 0x0, 0x9f, 0xf6,
    0x0, 0x0, 0x0, 0x0, 0x5f, 0xfe, 0x0, 0x0,
    0x0, 0x0, 0xff, 0xd0, 0x1, 0xff, 0xe1, 0x0,
    0x0, 0x0, 0xe, 0xff, 0x70, 0x0, 0x0, 0x0,
    0x2f, 0xfb, 0x0, 0x7, 0xff, 0x90, 0x0, 0x0,
    0x9, 0xff, 0xd0, 0x0, 0x0, 0x0, 0x3, 0xff,
    0x90, 0x0, 0xe, 0xff, 0x50, 0x0, 0x4, 0xff,
    0xf4, 0x0, 0x0, 0x0, 0x0, 0x6f, 0xf7, 0x0,
    0x0, 0x5f, 0xff, 0x50, 0x4, 0xff, 0xf8, 0x0,
    0x0, 0x0, 0x0, 0xa, 0xff, 0x30, 0x0, 0x0,
    0x7f, 0xff, 0x55, 0xff, 0xfb, 0x0, 0x0, 0x0,
    0x0, 0x0, 0xef, 0xf0, 0x0, 0x0, 0x0, 0xaf,
    0xff, 0xff, 0xfb, 0x0, 0x0, 0x0, 0x0, 0x0,
    0x3f, 0xfc, 0x0, 0x0, 0x0, 0x0, 0xdf, 0xff,
    0xfc, 0x0, 0x0, 0x0, 0x0, 0x0, 0x9, 0xff,
    0x70, 0x0, 0x0, 0x5, 0xcf, 0xff, 0xff, 0xfb,
    0x30, 0x0, 0x0, 0x0, 0x2, 0xff, 0xf1, 0x0,
    0x2, 0x7e, 0xff, 0xff, 0xde, 0xff, 0xff, 0xc5,
    0x10, 0x0, 0x0, 0xaf, 0xfb, 0x5, 0xae, 0xff,
    0xff, 0xfd, 0x50, 0x8, 0xff, 0xff, 0xff, 0xd9,
    0x51, 0x1f, 0xff, 0x20, 0xcf, 0xff, 0xff, 0xd5,
    0x0, 0x0, 0x1, 0x8f, 0xff, 0xff, 0xff, 0x50,
    0x2d, 0x90, 0x2, 0xff, 0xd8, 0x30, 0x0, 0x0,
    0x0, 0x0, 0x15, 0xae, 0xff, 0x90, 0x0, 0x11,
    0x0, 0x4, 0x20, 0x0, 0x0, 0x0, 0x0, 0x0,
    0x0, 0x0, 0x3, 0x70, 0x0,

    /* U+76F4 "直" */
    0x0, 0x0, 0x0, 0x0, 0x0, 0x0, 0x25, 0x31,
    0x0, 0x0, 0x0, 0x0, 0x0, 0x0, 0x0, 0x0,
    0x0, 0x0, 0x0, 0x0, 0x7f, 0xf9, 0x0, 0x0,
    0x0, 0x0, 0x0, 0x0, 0x0, 0x0, 0x0, 0x0,
    0x0, 0x0, 0x9f, 0xf7, 0x0, 0x0, 0x0, 0x0,
    0x0, 0x0, 0xa, 0xff, 0xff, 0xff, 0xff, 0xff,
    0xff, 0xff, 0xff, 0xff, 0xff, 0xff, 0xff, 0xf0,
    0xa, 0xff, 0xff, 0xff, 0xff, 0xff, 0xff, 0xff,
    0xff, 0xff, 0xff, 0xff, 0xff, 0xf0, 0x5, 0x88,
    0x88, 0x88, 0x88, 0x89, 0xff, 0xf8, 0x88, 0x88,
    0x88, 0x88, 0x88, 0x80, 0x0, 0x0, 0x0, 0x0,
    0x0, 0x1, 0xff, 0xb0, 0x0, 0x0, 0x0, 0x0,
    0x0, 0x0, 0x0, 0x0, 0x25, 0x55, 0x55, 0x58,
    0xff, 0xb5, 0x55, 0x55, 0x55, 0x55, 0x0, 0x0,
    0x0, 0x0, 0x5f, 0xff, 0xff, 0xff, 0xff, 0xff,
    0xff, 0xff, 0xff, 0xfe, 0x0, 0x0, 0x0, 0x0,
    0x5f, 0xff, 0xff, 0xff, 0xff, 0xff, 0xff, 0xff,
    0xff, 0xfe, 0x0, 0x0, 0x0, 0x0, 0x5f, 0xf6,
    0x0, 0x0, 0x0, 0x0, 0x0, 0x0, 0xf, 0xfe,
    0x0, 0x0, 0x0, 0x0, 0x5f, 0xf5, 0x0, 0x0,
    0x0, 0x0, 0x0, 0x0, 0xf, 0xfe, 0x0, 0x0,
    0x0, 0x0, 0x5f, 0xff, 0xff, 0xff, 0xff, 0xff,
    0xff, 0xff, 0xff, 0xfe, 0x0, 0x0, 0x0, 0x0,
    0x5f, 0xff, 0xff, 0xff, 0xff, 0xff, 0xff, 0xff,
    0xff, 0xfe, 0x0, 0x0, 0x0, 0x0, 0x5f, 0xf7,
    0x22, 0x22, 0x22, 0x22, 0x22, 0x22, 0x2f, 0xfe,
    0x0, 0x0, 0x0, 0x0, 0x5f, 0xf5, 0x0, 0x0,
    0x0, 0x0, 0x0, 0x0, 0xf, 0xfe, 0x0, 0x0,
    0x0, 0x0, 0x5f, 0xff, 0xff, 0xff, 0xff, 0xff,
    0xff, 0xff, 0xff, 0xfe, 0x0, 0x0, 0x0, 0x0,
    0x5f, 0xff, 0xff, 0xff, 0xff, 0xff, 0xff, 0xff,
    0xff, 0xfe, 0x0, 0x0, 0x0, 0x0, 0x5f, 0xf7,
    0x22, 0x22, 0x22, 0x22, 0x22, 0x22, 0x2f, 0xfe,
    0x0, 0x0, 0x0, 0x0, 0x5f, 0xf5, 0x0, 0x0,
    0x0, 0x0, 0x0, 0x0, 0xf, 0xfe, 0x0, 0x0,
    0x0, 0x0, 0x5f, 0xf8, 0x33, 0x33, 0x33, 0x33,
    0x33, 0x33, 0x3f, 0xfe, 0x0, 0x0, 0x0, 0x0,
    0x5f, 0xff, 0xff, 0xff, 0xff, 0xff, 0xff, 0xff,
    0xff, 0xfe, 0x0, 0x0, 0x0, 0x0, 0x5f, 0xfe,
    0xee, 0xee, 0xee, 0xee, 0xee, 0xee, 0xef, 0xfe,
    0x0, 0x0, 0x0, 0x0, 0x5f, 0xf5, 0x0, 0x0,
    0x0, 0x0, 0x0, 0x0, 0xf, 0xfe, 0x0, 0x0,
    0x0, 0x0, 0x6f, 0xf6, 0x0, 0x0, 0x0, 0x0,
    0x0, 0x0, 0xf, 0xfe, 0x0, 0x0, 0x7f, 0xff,
    0xff, 0xff, 0xff, 0xff, 0xff, 0xff, 0xff, 0xff,
    0xff, 0xff, 0xff, 0xfe, 0x7f, 0xff, 0xff, 0xff,
    0xff, 0xff, 0xff, 0xff, 0xff, 0xff, 0xff, 0xff,
    0xff, 0xfe, 0x48, 0x88, 0x88, 0x88, 0x88, 0x88,
    0x88, 0x88, 0x88, 0x88, 0x88, 0x88, 0x88, 0x87,

    /* U+7801 "码" */
    0x7, 0xcc, 0xcc, 0xcc, 0xcc, 0xcb, 0x7, 0x99,
    0x99, 0x99, 0x99, 0x9a, 0xa8, 0x0, 0x0, 0x9f,
    0xff, 0xff, 0xff, 0xff, 0xe0, 0xcf, 0xff, 0xff,
    0xff, 0xff, 0xff, 0xd0, 0x0, 0x7, 0xcc, 0xcf,
    0xfe, 0xcc, 0xcb, 0xb, 0xff, 0xff, 0xff, 0xff,
    0xff, 0xfc, 0x0, 0x0, 0x0, 0x4, 0xff, 0x50,
    0x0, 0x0, 0x0, 0x0, 0x0, 0x0, 0x0, 0xff,
    0xa0, 0x0, 0x0, 0x0, 0x8f, 0xf1, 0x0, 0x0,
    0x0, 0x27, 0x61, 0x0, 0x0, 0x2f, 0xf9, 0x0,
    0x0, 0x0, 0xd, 0xfd, 0x0, 0x0, 0x0, 0x6,
    0xff, 0x40, 0x0, 0x3, 0xff, 0x70, 0x0, 0x0,
    0x1, 0xff, 0x90, 0x0, 0x0, 0x0, 0x8f, 0xf2,
    0x0, 0x0, 0x5f, 0xf6, 0x0, 0x0, 0x0, 0x5f,
    0xf4, 0x0, 0x0, 0x0, 0x9, 0xff, 0x0, 0x0,
    0x7, 0xff, 0x40, 0x0, 0x0, 0x9, 0xff, 0x0,
    0x0, 0x0, 0x0, 0xaf, 0xf0, 0x0, 0x0, 0x8f,
    0xf2, 0x0, 0x0, 0x0, 0xef, 0xe8, 0x88, 0x88,
    0x10, 0xc, 0xfd, 0x0, 0x0, 0xa, 0xff, 0x0,
    0x0, 0x0, 0x6f, 0xff, 0xff, 0xff, 0xf2, 0x0,
    0xef, 0xb0, 0x0, 0x0, 0xcf, 0xe0, 0x0, 0x0,
    0xd, 0xff, 0xfe, 0xef, 0xff, 0x20, 0xf, 0xfb,
    0x33, 0x33, 0x3e, 0xfd, 0x33, 0x31, 0x6, 0xff,
    0xfb, 0x0, 0x4f, 0xf2, 0x1, 0xff, 0xff, 0xff,
    0xff, 0xff, 0xff, 0xff, 0x41, 0xff, 0xff, 0xb0,
    0x4, 0xff, 0x20, 0x4f, 0xff, 0xff, 0xff, 0xff,
    0xff, 0xff, 0xf2, 0xe, 0xff, 0xfb, 0x0, 0x4f,
    0xf2, 0x0, 0x22, 0x22, 0x22, 0x22, 0x22, 0x2a,
    0xff, 0x10, 0x9e, 0xbf, 0xb0, 0x4, 0xff, 0x20,
    0x0, 0x0, 0x0, 0x0, 0x0, 0x0, 0xbf, 0xf0,
    0x4, 0x4a, 0xfb, 0x0, 0x4f, 0xf2, 0x0, 0x0,
    0x0, 0x0, 0x0, 0x0, 0xc, 0xfe, 0x0, 0x0,
    0xaf, 0xb0, 0x4, 0xff, 0x21, 0x33, 0x33, 0x33,
    0x33, 0x33, 0x10, 0xef, 0xc0, 0x0, 0xa, 0xfb,
    0x0, 0x4f, 0xf2, 0x9f, 0xff, 0xff, 0xff, 0xff,
    0xf8, 0xf, 0xfa, 0x0, 0x0, 0xaf, 0xb0, 0x4,
    0xff, 0x29, 0xff, 0xff, 0xff, 0xff, 0xff, 0x83,
    0xff, 0x80, 0x0, 0xa, 0xfe, 0x88, 0xbf, 0xf2,
    0x35, 0x55, 0x55, 0x55, 0x55, 0x53, 0x6f, 0xf5,
    0x0, 0x0, 0xaf, 0xff, 0xff, 0xff, 0x20, 0x0,
    0x0, 0x0, 0x0, 0x0, 0xa, 0xff, 0x20, 0x0,
    0xa, 0xff, 0xff, 0xff, 0xf2, 0x0, 0x0, 0x0,
    0x0, 0x0, 0x1, 0xff, 0xe0, 0x0, 0x0, 0xaf,
    0xb0, 0x0, 0x0, 0x0, 0x0, 0x0, 0x0, 0x58,
    0x88, 0xcf, 0xf9, 0x0, 0x0, 0xa, 0xfb, 0x0,
    0x0, 0x0, 0x0, 0x0, 0x0, 0x4, 0xff, 0xff,
    0xff, 0x20, 0x0, 0x0, 0x22, 0x20, 0x0, 0x0,
    0x0, 0x0, 0x0, 0x0, 0xf, 0xff, 0xeb, 0x30,
    0x0, 0x0, 0x0, 0x0, 0x0, 0x0, 0x0, 0x0,
    0x0, 0x0, 0x0, 0x0, 0x0, 0x0, 0x0, 0x0,

    /* U+7840 "础" */
    0x0, 0x0, 0x0, 0x0, 0x0, 0x0, 0x0, 0x0,
    0x0, 0x2, 0x22, 0x0, 0x0, 0x0, 0x0, 0x0,
    0x0, 0x0, 0x0, 0x0, 0x0, 0x0, 0x0, 0x0,
    0xff, 0xc0, 0x0, 0x0, 0x0, 0x8, 0xff, 0xff,
    0xff, 0xff, 0xfe, 0x0, 0x0, 0x0, 0xf, 0xfc,
    0x0, 0x0, 0x0, 0x0, 0x8f, 0xff, 0xff, 0xff,
    0xff, 0xe0, 0x46, 0x60, 0x0, 0xff, 0xc0, 0x0,
    0x66, 0x40, 0x5, 0x99, 0xaf, 0xfd, 0x99, 0x99,
    0xa, 0xfe, 0x0, 0xf, 0xfc, 0x0, 0x1f, 0xf9,
    0x0, 0x0, 0x4, 0xff, 0x60, 0x0, 0x0, 0xaf,
    0xe0, 0x0, 0xff, 0xc0, 0x1, 0xff, 0x90, 0x0,
    0x0, 0x8f, 0xf2, 0x0, 0x0, 0xa, 0xfe, 0x0,
    0xf, 0xfc, 0x0, 0x1f, 0xf9, 0x0, 0x0, 0xd,
    0xfd, 0x0, 0x0, 0x0, 0xaf, 0xe0, 0x0, 0xff,
    0xc0, 0x1, 0xff, 0x90, 0x0, 0x1, 0xff, 0x90,
    0x0, 0x0, 0xa, 0xfe, 0x0, 0xf, 0xfc, 0x0,
    0x1f, 0xf9, 0x0, 0x0, 0x5f, 0xf5, 0x0, 0x0,
    0x0, 0xaf, 0xe0, 0x0, 0xff, 0xc0, 0x1, 0xff,
    0x90, 0x0, 0xa, 0xff, 0x10, 0x0, 0x0, 0xa,
    0xfe, 0x0, 0xf, 0xfc, 0x0, 0x1f, 0xf9, 0x0,
    0x0, 0xff, 0xf8, 0x88, 0x88, 0x20, 0xaf, 0xfe,
    0xee, 0xff, 0xfe, 0xee, 0xff, 0x90, 0x0, 0x7f,
    0xff, 0xff, 0xff, 0xf4, 0xa, 0xff, 0xff, 0xff,
    0xff, 0xff, 0xff, 0xf9, 0x0, 0xe, 0xff, 0xff,
    0xff, 0xff, 0x40, 0x69, 0x99, 0x9a, 0xff, 0xe9,
    0x99, 0x99, 0x50, 0x8, 0xff, 0xfb, 0x0, 0x2f,
    0xf4, 0x0, 0x0, 0x0, 0xf, 0xfc, 0x0, 0x0,
    0x0, 0x1, 0xff, 0xff, 0xb0, 0x2, 0xff, 0x44,
    0xee, 0x70, 0x0, 0xff, 0xc0, 0x0, 0x6e, 0xe4,
    0xd, 0xff, 0xfb, 0x0, 0x2f, 0xf4, 0x5f, 0xf8,
    0x0, 0xf, 0xfc, 0x0, 0x6, 0xff, 0x50, 0x7c,
    0xaf, 0xb0, 0x2, 0xff, 0x45, 0xff, 0x80, 0x0,
    0xff, 0xc0, 0x0, 0x6f, 0xf5, 0x2, 0x29, 0xfb,
    0x0, 0x2f, 0xf4, 0x5f, 0xf8, 0x0, 0xf, 0xfc,
    0x0, 0x6, 0xff, 0x50, 0x0, 0x9f, 0xb0, 0x2,
    0xff, 0x45, 0xff, 0x80, 0x0, 0xff, 0xc0, 0x0,
    0x6f, 0xf5, 0x0, 0x9, 0xfb, 0x0, 0x2f, 0xf4,
    0x5f, 0xf8, 0x0, 0xf, 0xfc, 0x0, 0x6, 0xff,
    0x50, 0x0, 0x9f, 0xb0, 0x2, 0xff, 0x45, 0xff,
    0x80, 0x0, 0xff, 0xc0, 0x0, 0x6f, 0xf5, 0x0,
    0x9, 0xff, 0xcc, 0xcf, 0xf4, 0x5f, 0xf8, 0x0,
    0xf, 0xfc, 0x0, 0x6, 0xff, 0x50, 0x0, 0x9f,
    0xff, 0xff, 0xff, 0x45, 0xff, 0x80, 0x0, 0xff,
    0xc0, 0x0, 0x7f, 0xf5, 0x0, 0x9, 0xff, 0xcc,
    0xcc, 0xc3, 0x5f, 0xff, 0xff, 0xff, 0xff, 0xff,
    0xff, 0xff, 0x50, 0x0, 0x9f, 0xb0, 0x0, 0x0,
    0x5, 0xff, 0xff, 0xff, 0xff, 0xff, 0xff, 0xff,
    0xf5, 0x0, 0x9, 0xfb, 0x0, 0x0, 0x0, 0x3b,
    0xbb, 0xbb, 0xbb, 0xbb, 0xbb, 0xbd, 0xff, 0x50,
    0x0, 0x0, 0x0, 0x0, 0x0, 0x0, 0x0, 0x0,
    0x0, 0x0, 0x0, 0x0, 0x6f, 0xf5,

    /* U+786E "确" */
    0x0, 0x0, 0x0, 0x0, 0x0, 0x0, 0x0, 0x0,
    0x63, 0x0, 0x0, 0x0, 0x0, 0x0, 0x0, 0x0,
    0x0, 0x0, 0x0, 0x0, 0x0, 0x0, 0x2f, 0xf7,
    0x0, 0x0, 0x0, 0x0, 0x0, 0x5, 0xff, 0xff,
    0xff, 0xff, 0xfe, 0x0, 0x9, 0xff, 0x10, 0x0,
    0x0, 0x0, 0x0, 0x0, 0x5f, 0xff, 0xff, 0xff,
    0xff, 0xe0, 0x1, 0xff, 0xff, 0xff, 0xff, 0xfa,
    0x10, 0x0, 0x3, 0x99, 0x9f, 0xfd, 0x99, 0x98,
    0x0, 0x8f, 0xff, 0xff, 0xff, 0xff, 0xf7, 0x0,
    0x0, 0x0, 0x3, 0xff, 0x70, 0x0, 0x0, 0x2f,
    0xfc, 0x66, 0x66, 0xaf, 0xfd, 0x0, 0x0, 0x0,
    0x0, 0x7f, 0xf3, 0x0, 0x0, 0xc, 0xff, 0x20,
    0x0, 0xe, 0xff, 0x40, 0x0, 0x0, 0x0, 0xb,
    0xff, 0x0, 0x0, 0x8, 0xff, 0x90, 0x0, 0x9,
    0xff, 0x80, 0x0, 0x0, 0x0, 0x0, 0xff, 0xb0,
    0x0, 0x6, 0xff, 0xf8, 0x77, 0x78, 0xff, 0xf8,
    0x77, 0x77, 0x0, 0x0, 0x3f, 0xf7, 0x0, 0x5,
    0xff, 0xff, 0xff, 0xff, 0xff, 0xff, 0xff, 0xff,
    0xf0, 0x0, 0x7, 0xff, 0x30, 0x0, 0x2e, 0xff,
    0xff, 0xff, 0xff, 0xff, 0xff, 0xff, 0xff, 0x0,
    0x0, 0xdf, 0xf6, 0x66, 0x66, 0x57, 0xcf, 0xd0,
    0x0, 0xef, 0x90, 0x0, 0xaf, 0xf0, 0x0, 0x4f,
    0xff, 0xff, 0xff, 0xf1, 0xc, 0xfd, 0x0, 0xe,
    0xf9, 0x0, 0xa, 0xff, 0x0, 0xb, 0xff, 0xff,
    0xff, 0xff, 0x10, 0xcf, 0xe4, 0x44, 0xff, 0xb4,
    0x44, 0xbf, 0xf0, 0x4, 0xff, 0xfe, 0x0, 0x5f,
    0xf1, 0xc, 0xff, 0xff, 0xff, 0xff, 0xff, 0xff,
    0xff, 0x0, 0xdf, 0xff, 0xe0, 0x4, 0xff, 0x10,
    0xcf, 0xff, 0xff, 0xff, 0xff, 0xff, 0xff, 0xf0,
    0xb, 0xff, 0xfe, 0x0, 0x4f, 0xf1, 0xc, 0xfd,
    0x0, 0xe, 0xf9, 0x0, 0xa, 0xff, 0x0, 0x4f,
    0xaf, 0xe0, 0x4, 0xff, 0x10, 0xcf, 0xd0, 0x0,
    0xef, 0x90, 0x0, 0xaf, 0xf0, 0x0, 0x67, 0xfe,
    0x0, 0x4f, 0xf1, 0xd, 0xfd, 0x22, 0x2e, 0xfa,
    0x22, 0x2b, 0xff, 0x0, 0x0, 0x7f, 0xe0, 0x4,
    0xff, 0x10, 0xef, 0xff, 0xff, 0xff, 0xff, 0xff,
    0xff, 0xf0, 0x0, 0x7, 0xfe, 0x0, 0x4f, 0xf1,
    0x1f, 0xff, 0xff, 0xff, 0xff, 0xff, 0xff, 0xff,
    0x0, 0x0, 0x7f, 0xe0, 0x4, 0xff, 0x13, 0xff,
    0x94, 0x44, 0xff, 0xb4, 0x44, 0xcf, 0xf0, 0x0,
    0x7, 0xff, 0x88, 0xaf, 0xf1, 0x7f, 0xf2, 0x0,
    0xe, 0xf9, 0x0, 0xa, 0xff, 0x0, 0x0, 0x7f,
    0xff, 0xff, 0xff, 0x1d, 0xfd, 0x0, 0x0, 0xef,
    0x90, 0x0, 0xaf, 0xf0, 0x0, 0x7, 0xff, 0xff,
    0xff, 0xf3, 0xff, 0x90, 0x0, 0xe, 0xf9, 0x0,
    0xa, 0xff, 0x0, 0x0, 0x7f, 0xe0, 0x0, 0x0,
    0xcf, 0xf3, 0x0, 0x0, 0xef, 0x94, 0x77, 0xdf,
    0xf0, 0x0, 0x7, 0xfe, 0x0, 0x0, 0x6f, 0xfa,
    0x0, 0x0, 0xe, 0xf9, 0x6f, 0xff, 0xfc, 0x0,
    0x0, 0x24, 0x40, 0x0, 0x3, 0xbe, 0x10, 0x0,
    0x0, 0x67, 0x42, 0xff, 0xea, 0x20, 0x0, 0x0,
    0x0, 0x0, 0x0, 0x0, 0x10, 0x0, 0x0, 0x0,
    0x0, 0x0, 0x0, 0x0, 0x0,

    /* U+793A "示" */
    0x0, 0x0, 0x0, 0x0, 0x0, 0x0, 0x0, 0x0,
    0x0, 0x0, 0x0, 0x0, 0x0, 0x0, 0x0, 0x5,
    0xff, 0xff, 0xff, 0xff, 0xff, 0xff, 0xff, 0xff,
    0xff, 0xff, 0xc0, 0x0, 0x0, 0x5, 0xff, 0xff,
    0xff, 0xff, 0xff, 0xff, 0xff, 0xff, 0xff, 0xff,
    0xc0, 0x0, 0x0, 0x4, 0xbb, 0xbb, 0xbb, 0xbb,
    0xbb, 0xbb, 0xbb, 0xbb, 0xbb, 0xbb, 0x90, 0x0,
    0x0, 0x0, 0x0, 0x0, 0x0, 0x0, 0x0, 0x0,
    0x0, 0x0, 0x0, 0x0, 0x0, 0x0, 0x0, 0x0,
    0x0, 0x0, 0x0, 0x0, 0x0, 0x0, 0x0, 0x0,
    0x0, 0x0, 0x0, 0x0, 0x0, 0x0, 0x0, 0x0,
    0x0, 0x0, 0x0, 0x0, 0x0, 0x0, 0x0, 0x0,
    0x0, 0x0, 0x0, 0x0, 0x0, 0x0, 0x0, 0x0,
    0x0, 0x0, 0x0, 0x0, 0x0, 0x0, 0x0, 0x0,
    0x1f, 0xff, 0xff, 0xff, 0xff, 0xff, 0xff, 0xff,
    0xff, 0xff, 0xff, 0xff, 0xff, 0xf8, 0x1f, 0xff,
    0xff, 0xff, 0xff, 0xff, 0xff, 0xff, 0xff, 0xff,
    0xff, 0xff, 0xff, 0xf8, 0x1d, 0xdd, 0xdd, 0xdd,
    0xdd, 0xdd, 0xef, 0xff, 0xdd, 0xdd, 0xdd, 0xdd,
    0xdd, 0xd7, 0x0, 0x0, 0x0, 0x0, 0x0, 0x0,
    0x4f, 0xfd, 0x0, 0x0, 0x0, 0x0, 0x0, 0x0,
    0x0, 0x0, 0x0, 0x0, 0x0, 0x0, 0x4f, 0xfd,
    0x0, 0x0, 0x0, 0x0, 0x0, 0x0, 0x0, 0x0,
    0x3, 0x62, 0x0, 0x0, 0x4f, 0xfd, 0x0, 0x0,
    0x6, 0x40, 0x0, 0x0, 0x0, 0x0, 0xc, 0xff,
    0x80, 0x0, 0x4f, 0xfd, 0x0, 0x3, 0xff, 0xe1,
    0x0, 0x0, 0x0, 0x0, 0x3f, 0xff, 0x10, 0x0,
    0x4f, 0xfd, 0x0, 0x0, 0xbf, 0xfb, 0x0, 0x0,
    0x0, 0x0, 0xcf, 0xf9, 0x0, 0x0, 0x4f, 0xfd,
    0x0, 0x0, 0x2f, 0xff, 0x60, 0x0, 0x0, 0x6,
    0xff, 0xf1, 0x0, 0x0, 0x4f, 0xfd, 0x0, 0x0,
    0x7, 0xff, 0xf2, 0x0, 0x0, 0x2e, 0xff, 0x60,
    0x0, 0x0, 0x4f, 0xfd, 0x0, 0x0, 0x0, 0xcf,
    0xfa, 0x0, 0x0, 0xcf, 0xfc, 0x0, 0x0, 0x0,
    0x4f, 0xfd, 0x0, 0x0, 0x0, 0x3f, 0xff, 0x30,
    0xb, 0xff, 0xf2, 0x0, 0x0, 0x0, 0x4f, 0xfd,
    0x0, 0x0, 0x0, 0xa, 0xff, 0xb0, 0x8f, 0xff,
    0x50, 0x0, 0x0, 0x0, 0x4f, 0xfd, 0x0, 0x0,
    0x0, 0x2, 0xff, 0xf2, 0x7, 0xf6, 0x0, 0x0,
    0x0, 0x0, 0x5f, 0xfd, 0x0, 0x0, 0x0, 0x0,
    0xce, 0x81, 0x0, 0x10, 0x0, 0x4, 0xfe, 0xee,
    0xff, 0xfc, 0x0, 0x0, 0x0, 0x0, 0x20, 0x0,
    0x0, 0x0, 0x0, 0x0, 0xef, 0xff, 0xff, 0xf7,
    0x0, 0x0, 0x0, 0x0, 0x0, 0x0, 0x0, 0x0,
    0x0, 0x0, 0xaf, 0xff, 0xeb, 0x60, 0x0, 0x0,
    0x0, 0x0, 0x0, 0x0, 0x0, 0x0, 0x0, 0x0,
    0x0, 0x0, 0x0, 0x0, 0x0, 0x0, 0x0, 0x0,
    0x0, 0x0,

    /* U+7981 "禁" */
    0x0, 0x0, 0x0, 0x4, 0x42, 0x0, 0x0, 0x0,
    0x0, 0x0, 0x34, 0x30, 0x0, 0x0, 0x0, 0x0,
    0x0, 0x0, 0xff, 0x90, 0x0, 0x0, 0x0, 0x0,
    0xe, 0xfb, 0x0, 0x0, 0x0, 0x0, 0x0, 0x0,
    0xf, 0xf9, 0x0, 0x0, 0x0, 0x0, 0x0, 0xef,
    0xb0, 0x0, 0x0, 0x0, 0x6, 0x66, 0x67, 0xff,
    0xc6, 0x66, 0x40, 0x66, 0x66, 0x6f, 0xfd, 0x66,
    0x66, 0x50, 0x0, 0xef, 0xff, 0xff, 0xff, 0xff,
    0xf9, 0x1f, 0xff, 0xff, 0xff, 0xff, 0xff, 0xfd,
    0x0, 0xd, 0xff, 0xff, 0xff, 0xff, 0xff, 0x91,
    0xff, 0xff, 0xff, 0xff, 0xff, 0xff, 0xd0, 0x0,
    0x0, 0x4, 0xff, 0xfe, 0x50, 0x0, 0x0, 0x0,
    0x5f, 0xff, 0xfd, 0x10, 0x0, 0x0, 0x0, 0x2,
    0xff, 0xff, 0xff, 0xb1, 0x0, 0x0, 0x3f, 0xff,
    0xff, 0xfc, 0x0, 0x0, 0x0, 0x1, 0xdf, 0xef,
    0xfd, 0xff, 0xe5, 0x0, 0x2e, 0xfd, 0xff, 0xef,
    0xfb, 0x0, 0x0, 0x1, 0xdf, 0xf4, 0xff, 0x93,
    0xef, 0xd0, 0x4e, 0xfe, 0x1e, 0xfb, 0x5f, 0xfc,
    0x10, 0x4, 0xef, 0xf5, 0xf, 0xf9, 0x1, 0xb3,
    0x8f, 0xff, 0x30, 0xef, 0xb0, 0x7f, 0xfe, 0x40,
    0x9f, 0xf6, 0x0, 0xff, 0x90, 0x0, 0x1c, 0xfd,
    0x20, 0xe, 0xfb, 0x0, 0x7f, 0xf6, 0x0, 0xa4,
    0x0, 0xf, 0xf9, 0x0, 0x0, 0x1a, 0x10, 0x0,
    0xef, 0xb0, 0x0, 0x57, 0x0, 0x0, 0x0, 0x0,
    0x11, 0x10, 0x0, 0x0, 0x0, 0x0, 0x1, 0x11,
    0x0, 0x0, 0x0, 0x0, 0x0, 0xb, 0xff, 0xff,
    0xff, 0xff, 0xff, 0xff, 0xff, 0xff, 0xff, 0xf2,
    0x0, 0x0, 0x0, 0x0, 0xbf, 0xff, 0xff, 0xff,
    0xff, 0xff, 0xff, 0xff, 0xff, 0xff, 0x20, 0x0,
    0x0, 0x0, 0x4, 0x66, 0x66, 0x66, 0x66, 0x66,
    0x66, 0x66, 0x66, 0x66, 0x61, 0x0, 0x0, 0x0,
    0x0, 0x0, 0x0, 0x0, 0x0, 0x0, 0x0, 0x0,
    0x0, 0x0, 0x0, 0x0, 0x0, 0x1, 0x77, 0x77,
    0x77, 0x77, 0x77, 0x77, 0x77, 0x77, 0x77, 0x77,
    0x77, 0x77, 0x77, 0x10, 0x2f, 0xff, 0xff, 0xff,
    0xff, 0xff, 0xff, 0xff, 0xff, 0xff, 0xff, 0xff,
    0xff, 0xf3, 0x2, 0xff, 0xff, 0xff, 0xff, 0xff,
    0xff, 0xff, 0xff, 0xff, 0xff, 0xff, 0xff, 0xff,
    0x30, 0x0, 0x0, 0x0, 0x20, 0x0, 0x0, 0x4f,
    0xf8, 0x0, 0x0, 0x42, 0x0, 0x0, 0x0, 0x0,
    0x0, 0x0, 0xbf, 0xd4, 0x0, 0x4, 0xff, 0x80,
    0x1, 0xbf, 0xf6, 0x0, 0x0, 0x0, 0x0, 0x1,
    0xcf, 0xfc, 0x0, 0x0, 0x4f, 0xf8, 0x0, 0x7,
    0xff, 0xfa, 0x10, 0x0, 0x0, 0x6, 0xef, 0xfb,
    0x0, 0x0, 0x4, 0xff, 0x80, 0x0, 0x3, 0xdf,
    0xfe, 0x30, 0x0, 0x3c, 0xff, 0xf9, 0x0, 0x56,
    0x66, 0xaf, 0xf7, 0x0, 0x0, 0x0, 0xaf, 0xff,
    0x50, 0x1, 0xbf, 0xe4, 0x0, 0x7, 0xff, 0xff,
    0xff, 0x40, 0x0, 0x0, 0x0, 0x8f, 0xe5, 0x0,
    0x0, 0x61, 0x0, 0x0, 0x1f, 0xff, 0xeb, 0x70,
    0x0, 0x0, 0x0, 0x0, 0x51, 0x0,

    /* U+79D2 "秒" */
    0x0, 0x0, 0x0, 0x0, 0x0, 0x0, 0x0, 0x0,
    0x0, 0x8, 0x85, 0x0, 0x0, 0x0, 0x0, 0x0,
    0x0, 0x0, 0x15, 0xaf, 0x70, 0x0, 0x0, 0x1,
    0xff, 0x90, 0x0, 0x0, 0x0, 0x0, 0x2, 0x59,
    0xcf, 0xff, 0xff, 0x20, 0x0, 0x0, 0x1f, 0xf9,
    0x0, 0x0, 0x0, 0x0, 0x7f, 0xff, 0xff, 0xff,
    0xfb, 0x71, 0x0, 0x0, 0x1, 0xff, 0x90, 0x0,
    0x0, 0x0, 0x4, 0xff, 0xff, 0xff, 0xb0, 0x0,
    0x0, 0x0, 0x0, 0x1f, 0xf9, 0x0, 0x0, 0x0,
    0x0, 0x6, 0x41, 0x2f, 0xfa, 0x0, 0x0, 0x3,
    0x30, 0x1, 0xff, 0x90, 0x38, 0xb0, 0x0, 0x0,
    0x0, 0x1, 0xff, 0xa0, 0x0, 0x0, 0xaf, 0xf0,
    0x1f, 0xf9, 0x8, 0xff, 0x40, 0x0, 0x0, 0x0,
    0x1f, 0xfa, 0x0, 0x0, 0xd, 0xfd, 0x1, 0xff,
    0x90, 0x1f, 0xfc, 0x0, 0x1, 0x11, 0x13, 0xff,
    0xa1, 0x11, 0x0, 0xff, 0xa0, 0x1f, 0xf9, 0x0,
    0xaf, 0xf3, 0x0, 0xef, 0xff, 0xff, 0xff, 0xff,
    0xfa, 0x3f, 0xf7, 0x1, 0xff, 0x90, 0x3, 0xff,
    0xa0, 0xe, 0xff, 0xff, 0xff, 0xff, 0xff, 0xa6,
    0xff, 0x40, 0x1f, 0xf9, 0x0, 0xc, 0xff, 0x10,
    0x89, 0x99, 0xdf, 0xfd, 0x99, 0x96, 0xaf, 0xf1,
    0x1, 0xff, 0x90, 0x0, 0x7f, 0xf6, 0x0, 0x0,
    0xe, 0xff, 0xe1, 0x0, 0xe, 0xfc, 0x0, 0x1f,
    0xf9, 0x0, 0x2, 0xff, 0xb0, 0x0, 0x5, 0xff,
    0xff, 0xc0, 0x5, 0xff, 0x80, 0x1, 0xff, 0x90,
    0x0, 0xd, 0xc5, 0x0, 0x0, 0xcf, 0xff, 0xff,
    0xb0, 0x6f, 0xf2, 0x0, 0x1f, 0xf9, 0x0, 0x0,
    0x0, 0x0, 0x0, 0x3f, 0xff, 0xfc, 0xff, 0x80,
    0x16, 0x0, 0x1, 0xff, 0x90, 0x4, 0xd8, 0x20,
    0x0, 0xb, 0xfc, 0xff, 0xa8, 0xff, 0x40, 0x0,
    0x0, 0x1f, 0xf9, 0x0, 0xcf, 0xf4, 0x0, 0x4,
    0xff, 0x5f, 0xfa, 0xe, 0xe1, 0x0, 0x0, 0x1,
    0xff, 0x90, 0x4f, 0xfd, 0x0, 0x0, 0xdf, 0xb1,
    0xff, 0xa0, 0x64, 0x0, 0x0, 0x0, 0x1f, 0xf9,
    0xd, 0xff, 0x50, 0x0, 0xaf, 0xf4, 0x1f, 0xfa,
    0x0, 0x0, 0x0, 0x0, 0x0, 0x0, 0x1b, 0xff,
    0xb0, 0x0, 0x2f, 0xfb, 0x1, 0xff, 0xa0, 0x0,
    0x0, 0x0, 0x0, 0x0, 0xb, 0xff, 0xe2, 0x0,
    0x0, 0xaf, 0x20, 0x1f, 0xfa, 0x0, 0x0, 0x0,
    0x0, 0x0, 0xc, 0xff, 0xf4, 0x0, 0x0, 0x2,
    0x60, 0x1, 0xff, 0xa0, 0x0, 0x0, 0x0, 0x0,
    0x6e, 0xff, 0xf5, 0x0, 0x0, 0x0, 0x0, 0x0,
    0x1f, 0xfa, 0x0, 0x0, 0x0, 0x5, 0xdf, 0xff,
    0xe4, 0x0, 0x0, 0x0, 0x0, 0x0, 0x1, 0xff,
    0xa0, 0x0, 0x3, 0x8d, 0xff, 0xff, 0xb1, 0x0,
    0x0, 0x0, 0x0, 0x0, 0x0, 0x1f, 0xfa, 0x1,
    0xbf, 0xff, 0xff, 0xfc, 0x40, 0x0, 0x0, 0x0,
    0x0, 0x0, 0x0, 0x1, 0xff, 0xa0, 0x9, 0xff,
    0xff, 0xa4, 0x0, 0x0, 0x0, 0x0, 0x0, 0x0,
    0x0, 0x0, 0x1f, 0xfa, 0x0, 0x1d, 0x95, 0x0,
    0x0, 0x0, 0x0, 0x0, 0x0, 0x0,

    /* U+7A0B "程" */
    0x0, 0x0, 0x0, 0x0, 0x38, 0xc1, 0x0, 0x11,
    0x11, 0x11, 0x11, 0x11, 0x11, 0x10, 0x0, 0x0,
    0x3, 0x6a, 0xef, 0xff, 0xc0, 0x2f, 0xff, 0xff,
    0xff, 0xff, 0xff, 0xff, 0x60, 0x7, 0xcf, 0xff,
    0xff, 0xff, 0xd8, 0x22, 0xff, 0xff, 0xff, 0xff,
    0xff, 0xff, 0xf6, 0x0, 0x8f, 0xff, 0xff, 0xfd,
    0x20, 0x0, 0x2f, 0xf9, 0x44, 0x44, 0x44, 0x48,
    0xff, 0x60, 0x1, 0x85, 0x30, 0xff, 0xc0, 0x0,
    0x2, 0xff, 0x70, 0x0, 0x0, 0x0, 0x5f, 0xf6,
    0x0, 0x0, 0x0, 0xf, 0xfc, 0x0, 0x0, 0x2f,
    0xf7, 0x0, 0x0, 0x0, 0x5, 0xff, 0x60, 0x0,
    0x0, 0x0, 0xff, 0xc0, 0x0, 0x2, 0xff, 0x70,
    0x0, 0x0, 0x0, 0x5f, 0xf6, 0x0, 0x1, 0x11,
    0x1f, 0xfc, 0x11, 0x10, 0x2f, 0xf7, 0x0, 0x0,
    0x0, 0x5, 0xff, 0x60, 0xa, 0xff, 0xff, 0xff,
    0xff, 0xff, 0x42, 0xff, 0xff, 0xff, 0xff, 0xff,
    0xff, 0xf6, 0x0, 0xaf, 0xff, 0xff, 0xff, 0xff,
    0xf4, 0x2f, 0xff, 0xff, 0xff, 0xff, 0xff, 0xff,
    0x60, 0x6, 0x99, 0x9c, 0xff, 0xe9, 0x99, 0x21,
    0x66, 0x66, 0x66, 0x66, 0x66, 0x66, 0x62, 0x0,
    0x0, 0x0, 0xcf, 0xfc, 0x0, 0x0, 0x0, 0x0,
    0x0, 0x0, 0x0, 0x0, 0x0, 0x0, 0x0, 0x0,
    0x3f, 0xff, 0xf3, 0x0, 0x1, 0x11, 0x11, 0x11,
    0x11, 0x11, 0x11, 0x11, 0x0, 0x0, 0xa, 0xff,
    0xff, 0xf3, 0x3, 0xff, 0xff, 0xff, 0xff, 0xff,
    0xff, 0xff, 0xf5, 0x0, 0x1, 0xff, 0xff, 0xff,
    0xe3, 0x3f, 0xff, 0xff, 0xff, 0xff, 0xff, 0xff,
    0xff, 0x50, 0x0, 0x8f, 0xef, 0xfc, 0xdf, 0xe3,
    0x55, 0x55, 0x55, 0xff, 0xf5, 0x55, 0x55, 0x51,
    0x0, 0x2f, 0xf6, 0xff, 0xc3, 0xff, 0x80, 0x0,
    0x0, 0xe, 0xfe, 0x0, 0x0, 0x0, 0x0, 0xa,
    0xfe, 0xf, 0xfc, 0x8, 0xc0, 0x0, 0x0, 0x0,
    0xef, 0xe0, 0x0, 0x0, 0x0, 0x5, 0xff, 0x70,
    0xff, 0xc0, 0x2, 0x4, 0x77, 0x77, 0x7f, 0xff,
    0x77, 0x77, 0x74, 0x1, 0xff, 0xe1, 0xf, 0xfc,
    0x0, 0x0, 0x8f, 0xff, 0xff, 0xff, 0xff, 0xff,
    0xff, 0xa0, 0xc, 0xf6, 0x0, 0xff, 0xc0, 0x0,
    0x8, 0xff, 0xff, 0xff, 0xff, 0xff, 0xff, 0xf9,
    0x0, 0x4c, 0x0, 0xf, 0xfc, 0x0, 0x0, 0x0,
    0x0, 0x0, 0xef, 0xe0, 0x0, 0x0, 0x0, 0x0,
    0x10, 0x0, 0xff, 0xc0, 0x0, 0x0, 0x0, 0x0,
    0xe, 0xfe, 0x0, 0x0, 0x0, 0x0, 0x0, 0x0,
    0xf, 0xfc, 0x0, 0x0, 0x0, 0x0, 0x0, 0xef,
    0xe0, 0x0, 0x0, 0x0, 0x0, 0x0, 0x0, 0xff,
    0xc0, 0x4, 0x88, 0x88, 0x88, 0x8f, 0xff, 0x88,
    0x88, 0x88, 0x80, 0x0, 0x0, 0xf, 0xfc, 0x0,
    0x7f, 0xff, 0xff, 0xff, 0xff, 0xff, 0xff, 0xff,
    0xff, 0x0, 0x0, 0x0, 0xff, 0xc0, 0x7, 0xff,
    0xff, 0xff, 0xff, 0xff, 0xff, 0xff, 0xff, 0xf0,

    /* U+7A0D "稍" */
    0x0, 0x0, 0x0, 0x0, 0x0, 0x0, 0x0, 0x0,
    0x0, 0x3, 0x32, 0x0, 0x0, 0x0, 0x0, 0x0,
    0x0, 0x0, 0x39, 0xc0, 0x0, 0x1, 0x0, 0x0,
    0xff, 0xb0, 0x0, 0x4, 0x0, 0x0, 0x2, 0x69,
    0xef, 0xff, 0x80, 0x3c, 0xe1, 0x0, 0xf, 0xfb,
    0x0, 0x4, 0xfd, 0x40, 0x6e, 0xff, 0xff, 0xff,
    0xc7, 0x4, 0xff, 0xa0, 0x0, 0xff, 0xb0, 0x0,
    0xcf, 0xf3, 0x4, 0xff, 0xff, 0xff, 0x20, 0x0,
    0xb, 0xff, 0x30, 0xf, 0xfb, 0x0, 0x3f, 0xfb,
    0x0, 0x7, 0x41, 0x9f, 0xf0, 0x0, 0x0, 0x2f,
    0xfb, 0x0, 0xff, 0xb0, 0xc, 0xff, 0x20, 0x0,
    0x0, 0x9, 0xff, 0x0, 0x0, 0x0, 0xaf, 0xf2,
    0xf, 0xfb, 0x5, 0xff, 0x90, 0x0, 0x0, 0x0,
    0x9f, 0xf0, 0x0, 0x0, 0x4, 0xf9, 0x10, 0xff,
    0xb0, 0x4d, 0xe0, 0x0, 0x0, 0x0, 0x9, 0xff,
    0x0, 0x0, 0x0, 0x2, 0x0, 0xf, 0xfb, 0x0,
    0x1, 0x0, 0x0, 0xaa, 0xaa, 0xdf, 0xfa, 0xaa,
    0x40, 0xbb, 0xbb, 0xbb, 0xff, 0xeb, 0xbb, 0xcc,
    0x70, 0xe, 0xff, 0xff, 0xff, 0xff, 0xf6, 0xf,
    0xff, 0xff, 0xff, 0xff, 0xff, 0xff, 0xf9, 0x0,
    0xef, 0xff, 0xff, 0xff, 0xff, 0x60, 0xff, 0xfe,
    0xee, 0xee, 0xee, 0xee, 0xff, 0x90, 0x0, 0x0,
    0x7f, 0xff, 0x0, 0x0, 0xf, 0xf8, 0x0, 0x0,
    0x0, 0x0, 0xf, 0xf9, 0x0, 0x0, 0xd, 0xff,
    0xfa, 0x0, 0x0, 0xff, 0x80, 0x0, 0x0, 0x0,
    0x0, 0xff, 0x90, 0x0, 0x3, 0xff, 0xff, 0xf8,
    0x0, 0xf, 0xfc, 0x66, 0x66, 0x66, 0x66, 0x7f,
    0xf9, 0x0, 0x0, 0x9f, 0xff, 0xfe, 0xf6, 0x0,
    0xff, 0xff, 0xff, 0xff, 0xff, 0xff, 0xff, 0x90,
    0x0, 0xf, 0xfe, 0xff, 0x5f, 0xf3, 0xf, 0xff,
    0xff, 0xff, 0xff, 0xff, 0xff, 0xf9, 0x0, 0x8,
    0xfe, 0x9f, 0xf0, 0xbd, 0x0, 0xff, 0x80, 0x0,
    0x0, 0x0, 0x0, 0xff, 0x90, 0x1, 0xff, 0x89,
    0xff, 0x3, 0x30, 0xf, 0xf8, 0x0, 0x0, 0x0,
    0x0, 0xf, 0xf9, 0x0, 0xaf, 0xf2, 0x9f, 0xf0,
    0x0, 0x0, 0xff, 0xa2, 0x22, 0x22, 0x22, 0x23,
    0xff, 0x90, 0x1f, 0xfa, 0x9, 0xff, 0x0, 0x0,
    0xf, 0xff, 0xff, 0xff, 0xff, 0xff, 0xff, 0xf9,
    0x0, 0x9f, 0x20, 0x9f, 0xf0, 0x0, 0x0, 0xff,
    0xff, 0xff, 0xff, 0xff, 0xff, 0xff, 0x90, 0x1,
    0x80, 0x9, 0xff, 0x0, 0x0, 0xf, 0xfa, 0x33,
    0x33, 0x33, 0x33, 0x4f, 0xf9, 0x0, 0x0, 0x0,
    0x9f, 0xf0, 0x0, 0x0, 0xff, 0x80, 0x0, 0x0,
    0x0, 0x0, 0xff, 0x90, 0x0, 0x0, 0x9, 0xff,
    0x0, 0x0, 0xf, 0xf8, 0x0, 0x0, 0x0, 0x0,
    0xf, 0xf9, 0x0, 0x0, 0x0, 0x9f, 0xf0, 0x0,
    0x0, 0xff, 0x80, 0x0, 0x0, 0xbc, 0xcc, 0xff,
    0x70, 0x0, 0x0, 0x9, 0xff, 0x0, 0x0, 0xf,
    0xf8, 0x0, 0x0, 0x8, 0xff, 0xff, 0xf3, 0x0,
    0x0, 0x0, 0x9f, 0xf0, 0x0, 0x0, 0xff, 0x80,
    0x0, 0x0, 0x4d, 0xdc, 0x93, 0x0,

    /* U+7B52 "筒" */
    0x0, 0x0, 0x45, 0x10, 0x0, 0x0, 0x0, 0x0,
    0x45, 0x10, 0x0, 0x0, 0x0, 0x0, 0x0, 0x0,
    0xdf, 0xf3, 0x0, 0x0, 0x0, 0x0, 0xdf, 0xf2,
    0x0, 0x0, 0x0, 0x0, 0x0, 0x4, 0xff, 0xd0,
    0x0, 0x0, 0x0, 0x4, 0xff, 0xb0, 0x0, 0x0,
    0x0, 0x0, 0x0, 0xc, 0xff, 0xff, 0xff, 0xff,
    0xfe, 0xc, 0xff, 0xff, 0xff, 0xff, 0xff, 0xf8,
    0x0, 0x3f, 0xff, 0xff, 0xff, 0xff, 0xff, 0x6f,
    0xff, 0xff, 0xff, 0xff, 0xff, 0xf8, 0x0, 0xdf,
    0xf9, 0xdf, 0xf8, 0x77, 0x79, 0xef, 0xf8, 0x7f,
    0xff, 0x97, 0x77, 0x74, 0x8, 0xff, 0xc0, 0x4f,
    0xfa, 0x0, 0x1d, 0xff, 0x90, 0x5, 0xff, 0xd0,
    0x0, 0x0, 0x6f, 0xff, 0x20, 0xc, 0xff, 0x10,
    0x8f, 0xfc, 0x0, 0x0, 0xaf, 0xf6, 0x0, 0x0,
    0x4d, 0xfb, 0x44, 0x49, 0xd6, 0x44, 0x4a, 0xf6,
    0x44, 0x44, 0x7e, 0x85, 0x44, 0x0, 0x0, 0x8f,
    0xff, 0xff, 0xff, 0xff, 0xff, 0xff, 0xff, 0xff,
    0xff, 0xff, 0xfe, 0x0, 0x0, 0x1f, 0xff, 0xff,
    0xff, 0xff, 0xff, 0xff, 0xff, 0xff, 0xff, 0xff,
    0xfe, 0x0, 0x0, 0x1f, 0xfb, 0x11, 0x11, 0x11,
    0x11, 0x11, 0x11, 0x11, 0x11, 0x1f, 0xfe, 0x0,
    0x0, 0x1f, 0xfa, 0x0, 0x0, 0x0, 0x0, 0x0,
    0x0, 0x0, 0x0, 0xe, 0xfe, 0x0, 0x0, 0x1f,
    0xfa, 0x7, 0xff, 0xff, 0xff, 0xff, 0xff, 0xff,
    0xf1, 0xe, 0xfe, 0x0, 0x0, 0x1f, 0xfa, 0x7,
    0xff, 0xff, 0xff, 0xff, 0xff, 0xff, 0xf1, 0xe,
    0xfe, 0x0, 0x0, 0x1f, 0xfa, 0x1, 0x22, 0x22,
    0x22, 0x22, 0x22, 0x22, 0x20, 0xe, 0xfe, 0x0,
    0x0, 0x1f, 0xfa, 0x0, 0x0, 0x0, 0x0, 0x0,
    0x0, 0x0, 0x0, 0xe, 0xfe, 0x0, 0x0, 0x1f,
    0xfa, 0x0, 0x5f, 0xff, 0xff, 0xff, 0xff, 0xfc,
    0x0, 0xe, 0xfe, 0x0, 0x0, 0x1f, 0xfa, 0x0,
    0x5f, 0xff, 0xff, 0xff, 0xff, 0xfc, 0x0, 0xe,
    0xfe, 0x0, 0x0, 0x1f, 0xfa, 0x0, 0x5f, 0xf5,
    0x22, 0x22, 0x2c, 0xfc, 0x0, 0xe, 0xfe, 0x0,
    0x0, 0x1f, 0xfa, 0x0, 0x5f, 0xf3, 0x0, 0x0,
    0xb, 0xfc, 0x0, 0xe, 0xfe, 0x0, 0x0, 0x1f,
    0xfa, 0x0, 0x5f, 0xf3, 0x0, 0x0, 0xb, 0xfc,
    0x0, 0xe, 0xfe, 0x0, 0x0, 0x1f, 0xfa, 0x0,
    0x5f, 0xf5, 0x33, 0x33, 0x3c, 0xfc, 0x0, 0xe,
    0xfe, 0x0, 0x0, 0x1f, 0xfa, 0x0, 0x5f, 0xff,
    0xff, 0xff, 0xff, 0xfc, 0x0, 0xe, 0xfe, 0x0,
    0x0, 0x1f, 0xfa, 0x0, 0x5f, 0xff, 0xee, 0xee,
    0xee, 0xeb, 0x0, 0xf, 0xfe, 0x0, 0x0, 0x1f,
    0xfa, 0x0, 0x5f, 0xf3, 0x0, 0x0, 0x0, 0x3a,
    0xa9, 0xaf, 0xfc, 0x0, 0x0, 0x1f, 0xfa, 0x0,
    0x15, 0x51, 0x0, 0x0, 0x0, 0xe, 0xff, 0xff,
    0xf7, 0x0, 0x0, 0x1f, 0xfa, 0x0, 0x0, 0x0,
    0x0, 0x0, 0x0, 0x7, 0xee, 0xda, 0x50, 0x0,

    /* U+7B56 "策" */
    0x0, 0x0, 0x5, 0x61, 0x0, 0x0, 0x0, 0x0,
    0x6, 0x51, 0x0, 0x0, 0x0, 0x0, 0x0, 0x0,
    0x0, 0x1f, 0xff, 0x10, 0x0, 0x0, 0x0, 0x2f,
    0xfe, 0x0, 0x0, 0x0, 0x0, 0x0, 0x0, 0x0,
    0xaf, 0xf9, 0x0, 0x0, 0x0, 0x0, 0x9f, 0xf8,
    0x0, 0x0, 0x0, 0x0, 0x0, 0x0, 0x3, 0xff,
    0xff, 0xff, 0xff, 0xff, 0x83, 0xff, 0xff, 0xff,
    0xff, 0xff, 0xff, 0x60, 0x0, 0x1d, 0xff, 0xff,
    0xff, 0xff, 0xff, 0x9d, 0xff, 0xff, 0xff, 0xff,
    0xff, 0xff, 0x60, 0x0, 0xbf, 0xfd, 0x7e, 0xff,
    0x76, 0x67, 0xef, 0xfc, 0x67, 0xff, 0xf7, 0x66,
    0x66, 0x20, 0xb, 0xff, 0xf3, 0x7, 0xff, 0x70,
    0xc, 0xff, 0xd1, 0x0, 0x9f, 0xf6, 0x0, 0x0,
    0x0, 0x5, 0xff, 0x70, 0x1, 0xff, 0xd0, 0x6,
    0xff, 0xb0, 0x0, 0x1f, 0xfd, 0x0, 0x0, 0x0,
    0x0, 0x38, 0x0, 0x0, 0x98, 0x10, 0x4, 0xff,
    0xb0, 0x0, 0x8, 0x70, 0x0, 0x0, 0x0, 0x0,
    0x88, 0x88, 0x88, 0x88, 0x88, 0x8a, 0xff, 0xe8,
    0x88, 0x88, 0x88, 0x88, 0x88, 0x0, 0x0, 0xff,
    0xff, 0xff, 0xff, 0xff, 0xff, 0xff, 0xff, 0xff,
    0xff, 0xff, 0xff, 0xff, 0x0, 0x0, 0xff, 0xff,
    0xff, 0xff, 0xff, 0xff, 0xff, 0xff, 0xff, 0xff,
    0xff, 0xff, 0xff, 0x0, 0x0, 0x0, 0x0, 0x0,
    0x0, 0x0, 0x4, 0xff, 0xb0, 0x0, 0x0, 0x0,
    0x0, 0x0, 0x0, 0x0, 0x0, 0x44, 0x44, 0x44,
    0x44, 0x47, 0xff, 0xc4, 0x44, 0x44, 0x44, 0x44,
    0x10, 0x0, 0x0, 0x0, 0xff, 0xff, 0xff, 0xff,
    0xff, 0xff, 0xff, 0xff, 0xff, 0xff, 0xff, 0x50,
    0x0, 0x0, 0x0, 0xff, 0xff, 0xff, 0xff, 0xff,
    0xff, 0xff, 0xff, 0xff, 0xff, 0xff, 0x50, 0x0,
    0x0, 0x0, 0xff, 0xf2, 0x22, 0x22, 0x26, 0xff,
    0xc2, 0x22, 0x22, 0x29, 0xff, 0x50, 0x0, 0x0,
    0x0, 0xff, 0xf0, 0x0, 0x0, 0x4, 0xff, 0xb0,
    0x0, 0x0, 0x8, 0xff, 0x50, 0x0, 0x0, 0x0,
    0xff, 0xf0, 0x0, 0x0, 0x5, 0xff, 0xb0, 0x0,
    0x0, 0x8, 0xff, 0x50, 0x0, 0x0, 0x0, 0xff,
    0xf0, 0x0, 0x0, 0x4f, 0xff, 0xf5, 0x0, 0x24,
    0x4b, 0xff, 0x40, 0x0, 0x0, 0x0, 0xff, 0xf0,
    0x0, 0x5, 0xff, 0xff, 0xff, 0x80, 0x5f, 0xff,
    0xff, 0x10, 0x0, 0x0, 0x0, 0xef, 0xf0, 0x1,
    0xaf, 0xff, 0xff, 0xff, 0xfd, 0x5d, 0xed, 0xa3,
    0x0, 0x0, 0x0, 0x0, 0x0, 0x1, 0x7f, 0xff,
    0xd7, 0xff, 0xca, 0xff, 0xfb, 0x40, 0x0, 0x0,
    0x0, 0x0, 0x0, 0x2, 0x9f, 0xff, 0xf9, 0x4,
    0xff, 0xb0, 0x5e, 0xff, 0xfd, 0x71, 0x0, 0x0,
    0x0, 0x48, 0xdf, 0xff, 0xfb, 0x30, 0x4, 0xff,
    0xb0, 0x0, 0x7f, 0xff, 0xff, 0xd9, 0x50, 0x5,
    0xff, 0xff, 0xfa, 0x40, 0x0, 0x4, 0xff, 0xb0,
    0x0, 0x0, 0x6d, 0xff, 0xff, 0x80, 0x0, 0x8f,
    0xc7, 0x10, 0x0, 0x0, 0x4, 0xff, 0xb0, 0x0,
    0x0, 0x0, 0x38, 0xdb, 0x0, 0x0, 0x1, 0x0,
    0x0, 0x0, 0x0, 0x4, 0xff, 0xb0, 0x0, 0x0,
    0x0, 0x0, 0x0, 0x0,

    /* U+7BA1 "管" */
    0x0, 0x0, 0x63, 0x0, 0x0, 0x0, 0x0, 0x0,
    0x15, 0x20, 0x0, 0x0, 0x0, 0x0, 0x0, 0x4,
    0xff, 0xb0, 0x0, 0x0, 0x0, 0x0, 0x8f, 0xf6,
    0x0, 0x0, 0x0, 0x0, 0x0, 0xb, 0xff, 0x50,
    0x0, 0x0, 0x0, 0x0, 0xef, 0xf1, 0x0, 0x0,
    0x0, 0x0, 0x0, 0x1f, 0xff, 0xff, 0xff, 0xff,
    0xfd, 0x4, 0xff, 0xff, 0xff, 0xff, 0xff, 0xf7,
    0x0, 0x9f, 0xff, 0xff, 0xff, 0xff, 0xfd, 0xd,
    0xff, 0xff, 0xff, 0xff, 0xff, 0xf7, 0x3, 0xff,
    0xe1, 0xd, 0xfe, 0x0, 0x0, 0x9f, 0xf9, 0x1,
    0xef, 0xe1, 0x0, 0x0, 0x1e, 0xff, 0x50, 0x4,
    0xff, 0x70, 0x1, 0xaf, 0xd0, 0x0, 0x4f, 0xfa,
    0x0, 0x0, 0x4d, 0xfa, 0x0, 0x0, 0xde, 0x70,
    0x9f, 0xf3, 0x20, 0x0, 0xa, 0xf9, 0x0, 0x0,
    0x0, 0x60, 0x0, 0x0, 0x10, 0x0, 0x4f, 0xf8,
    0x0, 0x0, 0x1, 0x10, 0x0, 0x0, 0x1, 0xff,
    0xff, 0xff, 0xff, 0xff, 0xff, 0xff, 0xff, 0xff,
    0xff, 0xff, 0xff, 0xc0, 0x1, 0xff, 0xff, 0xff,
    0xff, 0xff, 0xff, 0xff, 0xff, 0xff, 0xff, 0xff,
    0xff, 0xc0, 0x1, 0xff, 0xb3, 0x33, 0x33, 0x33,
    0x33, 0x33, 0x33, 0x33, 0x33, 0x34, 0xff, 0xc0,
    0x1, 0xff, 0x91, 0x22, 0x22, 0x22, 0x22, 0x22,
    0x22, 0x22, 0x22, 0x21, 0xff, 0xc0, 0x1, 0xff,
    0x9a, 0xff, 0xff, 0xff, 0xff, 0xff, 0xff, 0xff,
    0xff, 0xf2, 0xff, 0xc0, 0x0, 0x22, 0x1a, 0xff,
    0xff, 0xff, 0xff, 0xff, 0xff, 0xff, 0xff, 0xf1,
    0x22, 0x10, 0x0, 0x0, 0xa, 0xff, 0x30, 0x0,
    0x0, 0x0, 0x0, 0x0, 0xbf, 0xf1, 0x0, 0x0,
    0x0, 0x0, 0xa, 0xff, 0x30, 0x0, 0x0, 0x0,
    0x0, 0x0, 0xbf, 0xf1, 0x0, 0x0, 0x0, 0x0,
    0xa, 0xff, 0xff, 0xff, 0xff, 0xff, 0xff, 0xff,
    0xff, 0xf1, 0x0, 0x0, 0x0, 0x0, 0xa, 0xff,
    0xff, 0xff, 0xff, 0xff, 0xff, 0xff, 0xff, 0xf1,
    0x0, 0x0, 0x0, 0x0, 0xa, 0xff, 0x52, 0x22,
    0x22, 0x22, 0x22, 0x22, 0x22, 0x20, 0x0, 0x0,
    0x0, 0x0, 0xa, 0xff, 0x30, 0x0, 0x0, 0x0,
    0x0, 0x0, 0x0, 0x0, 0x0, 0x0, 0x0, 0x0,
    0xa, 0xff, 0xff, 0xff, 0xff, 0xff, 0xff, 0xff,
    0xff, 0xff, 0xa0, 0x0, 0x0, 0x0, 0xa, 0xff,
    0xff, 0xff, 0xff, 0xff, 0xff, 0xff, 0xff, 0xff,
    0xa0, 0x0, 0x0, 0x0, 0xa, 0xff, 0x41, 0x11,
    0x11, 0x11, 0x11, 0x11, 0x13, 0xff, 0xa0, 0x0,
    0x0, 0x0, 0xa, 0xff, 0x30, 0x0, 0x0, 0x0,
    0x0, 0x0, 0x2, 0xff, 0xa0, 0x0, 0x0, 0x0,
    0xa, 0xff, 0x74, 0x44, 0x44, 0x44, 0x44, 0x44,
    0x46, 0xff, 0xa0, 0x0, 0x0, 0x0, 0xa, 0xff,
    0xff, 0xff, 0xff, 0xff, 0xff, 0xff, 0xff, 0xff,
    0xa0, 0x0, 0x0, 0x0, 0xa, 0xff, 0xdd, 0xdd,
    0xdd, 0xdd, 0xdd, 0xdd, 0xdd, 0xff, 0xa0, 0x0,

    /* U+7CFB "系" */
    0x0, 0x0, 0x0, 0x0, 0x0, 0x0, 0x0, 0x0,
    0x0, 0x0, 0x0, 0x20, 0x0, 0x0, 0x0, 0x0,
    0x0, 0x0, 0x0, 0x0, 0x0, 0x0, 0x24, 0x69,
    0xbe, 0xfa, 0x0, 0x0, 0x0, 0x0, 0x12, 0x35,
    0x67, 0x89, 0xbc, 0xef, 0xff, 0xff, 0xff, 0xff,
    0x80, 0x0, 0x0, 0xaf, 0xff, 0xff, 0xff, 0xff,
    0xff, 0xff, 0xff, 0xff, 0xfc, 0x96, 0x30, 0x0,
    0x0, 0x5f, 0xff, 0xff, 0xff, 0xff, 0xff, 0xda,
    0x86, 0x42, 0x0, 0x0, 0x0, 0x0, 0x0, 0x18,
    0x76, 0x54, 0x34, 0xdf, 0xfa, 0x0, 0x0, 0x0,
    0x0, 0x0, 0x0, 0x0, 0x0, 0x0, 0x0, 0x0,
    0x2d, 0xff, 0x90, 0x0, 0x0, 0xa, 0x90, 0x0,
    0x0, 0x0, 0x0, 0x0, 0x0, 0x3, 0xef, 0xf7,
    0x0, 0x0, 0x3, 0xdf, 0xfa, 0x0, 0x0, 0x0,
    0x0, 0x0, 0x0, 0x6f, 0xfe, 0x40, 0x0, 0x0,
    0x6f, 0xff, 0xd3, 0x0, 0x0, 0x0, 0x0, 0x0,
    0x3b, 0xff, 0xf7, 0x66, 0x78, 0x9b, 0xff, 0xf8,
    0x0, 0x0, 0x0, 0x0, 0x0, 0x0, 0xff, 0xff,
    0xff, 0xff, 0xff, 0xff, 0xfd, 0x30, 0x0, 0x0,
    0x0, 0x0, 0x0, 0x0, 0xaf, 0xff, 0xfe, 0xde,
    0xff, 0xff, 0x90, 0x0, 0x31, 0x0, 0x0, 0x0,
    0x0, 0x0, 0x34, 0x21, 0x1, 0x8f, 0xff, 0xb3,
    0x0, 0xb, 0xfd, 0x10, 0x0, 0x0, 0x0, 0x0,
    0x0, 0x0, 0x7e, 0xff, 0xc3, 0x0, 0x0, 0x5,
    0xff, 0xd1, 0x0, 0x0, 0x0, 0x0, 0x1, 0x7e,
    0xff, 0xd4, 0x0, 0x0, 0x12, 0x34, 0xaf, 0xfd,
    0x10, 0x0, 0x0, 0x4, 0x9f, 0xff, 0xff, 0xbc,
    0xde, 0xff, 0xff, 0xff, 0xff, 0xff, 0xd0, 0x0,
    0x0, 0x8f, 0xff, 0xff, 0xff, 0xff, 0xff, 0xff,
    0xff, 0xff, 0xed, 0xdf, 0xfb, 0x0, 0x0, 0x3f,
    0xff, 0xff, 0xdc, 0xb9, 0x9f, 0xfd, 0x32, 0x10,
    0x0, 0xa, 0xff, 0x80, 0x0, 0x8, 0x42, 0x0,
    0x0, 0x0, 0x1f, 0xfc, 0x0, 0x0, 0x0, 0x0,
    0xde, 0x60, 0x0, 0x0, 0x0, 0x2b, 0x61, 0x0,
    0x1f, 0xfc, 0x0, 0x7, 0xc2, 0x0, 0x21, 0x0,
    0x0, 0x0, 0x1, 0xef, 0xfa, 0x0, 0x1f, 0xfc,
    0x0, 0xaf, 0xff, 0x40, 0x0, 0x0, 0x0, 0x0,
    0x1d, 0xff, 0xd0, 0x0, 0x1f, 0xfc, 0x0, 0xa,
    0xff, 0xf8, 0x0, 0x0, 0x0, 0x3, 0xef, 0xfd,
    0x10, 0x0, 0x1f, 0xfc, 0x0, 0x0, 0x8f, 0xff,
    0xb0, 0x0, 0x0, 0x8f, 0xff, 0xd1, 0x0, 0x0,
    0x1f, 0xfc, 0x0, 0x0, 0x5, 0xff, 0xfc, 0x10,
    0xb, 0xff, 0xfc, 0x10, 0x0, 0x0, 0x1f, 0xfc,
    0x0, 0x0, 0x0, 0x4f, 0xff, 0xd1, 0x2, 0xdf,
    0xa0, 0x0, 0x5b, 0xbb, 0xcf, 0xfb, 0x0, 0x0,
    0x0, 0x3, 0xff, 0x80, 0x0, 0x5, 0x0, 0x0,
    0x1f, 0xff, 0xff, 0xf7, 0x0, 0x0, 0x0, 0x0,
    0x33, 0x0, 0x0, 0x0, 0x0, 0x0, 0xb, 0xff,
    0xeb, 0x70, 0x0, 0x0, 0x0, 0x0, 0x0, 0x0,

    /* U+7D27 "紧" */
    0x0, 0x0, 0x0, 0xe, 0xfa, 0x0, 0x66, 0x66,
    0x66, 0x66, 0x66, 0x66, 0x61, 0x0, 0x0, 0x9a,
    0x60, 0xe, 0xfa, 0x1, 0xff, 0xff, 0xff, 0xff,
    0xff, 0xff, 0xfd, 0x0, 0x0, 0xef, 0xa0, 0xe,
    0xfa, 0x1, 0xff, 0xff, 0xff, 0xff, 0xff, 0xff,
    0xf5, 0x0, 0x0, 0xef, 0xa0, 0xe, 0xfa, 0x0,
    0x2, 0xff, 0xa0, 0x0, 0x2, 0xef, 0xd0, 0x0,
    0x0, 0xef, 0xa0, 0xe, 0xfa, 0x0, 0x0, 0x7f,
    0xf5, 0x0, 0xc, 0xff, 0x50, 0x0, 0x0, 0xef,
    0xa0, 0xe, 0xfa, 0x0, 0x0, 0xd, 0xff, 0x41,
    0xcf, 0xf9, 0x0, 0x0, 0x0, 0xef, 0xa0, 0xe,
    0xfa, 0x0, 0x0, 0x2, 0xff, 0xfe, 0xff, 0x90,
    0x0, 0x0, 0x0, 0xef, 0xa0, 0xe, 0xfa, 0x0,
    0x0, 0x0, 0x7f, 0xff, 0xfb, 0x0, 0x0, 0x0,
    0x0, 0xef, 0xa0, 0xe, 0xfa, 0x0, 0x1, 0x6c,
    0xff, 0xff, 0xff, 0xb4, 0x0, 0x0, 0x0, 0xef,
    0xa0, 0xe, 0xfa, 0x8, 0xef, 0xff, 0xff, 0x9b,
    0xff, 0xff, 0xeb, 0x71, 0x0, 0x55, 0x30, 0xe,
    0xfd, 0xed, 0xff, 0xff, 0x81, 0x0, 0x3c, 0xff,
    0xff, 0xc0, 0x0, 0x0, 0x0, 0x5, 0xcf, 0xff,
    0xe9, 0x40, 0x0, 0x0, 0x0, 0x38, 0xdf, 0x20,
    0x0, 0x0, 0x0, 0x1a, 0xff, 0xf7, 0x0, 0x0,
    0x4d, 0xa0, 0x0, 0x0, 0x1, 0x0, 0x0, 0x0,
    0x6, 0xef, 0xfc, 0x20, 0x0, 0x1a, 0xff, 0xf9,
    0x0, 0x0, 0x0, 0x0, 0x0, 0x0, 0xcf, 0xff,
    0xfe, 0xef, 0xff, 0xff, 0xff, 0xa2, 0x0, 0x0,
    0x0, 0x0, 0x0, 0x0, 0x8f, 0xff, 0xff, 0xff,
    0xff, 0xff, 0xa2, 0x1, 0xa5, 0x0, 0x0, 0x0,
    0x0, 0x0, 0x29, 0x76, 0xaf, 0xff, 0xff, 0x92,
    0x0, 0xc, 0xff, 0xa0, 0x0, 0x0, 0x0, 0x0,
    0x2, 0x7d, 0xff, 0xfd, 0x60, 0x0, 0x0, 0x12,
    0xbf, 0xfe, 0x30, 0x0, 0x0, 0x48, 0xcf, 0xff,
    0xff, 0xec, 0xcd, 0xef, 0xff, 0xff, 0xff, 0xff,
    0xf5, 0x0, 0x0, 0xaf, 0xff, 0xff, 0xff, 0xff,
    0xff, 0xff, 0xff, 0xff, 0xff, 0xef, 0xff, 0x50,
    0x0, 0x5f, 0xfe, 0xdc, 0xba, 0x98, 0x7f, 0xff,
    0x32, 0x10, 0x0, 0x3, 0xef, 0x50, 0x0, 0x3,
    0x0, 0x3a, 0x50, 0x0, 0xf, 0xfe, 0x0, 0x8,
    0x91, 0x0, 0x31, 0x0, 0x0, 0x0, 0x7, 0xff,
    0xf7, 0x0, 0xf, 0xfe, 0x0, 0xaf, 0xff, 0x80,
    0x0, 0x0, 0x0, 0x6, 0xef, 0xff, 0x50, 0x0,
    0xf, 0xfe, 0x0, 0x7, 0xff, 0xfe, 0x60, 0x0,
    0x18, 0xff, 0xff, 0xb1, 0x16, 0x66, 0x6f, 0xfe,
    0x0, 0x0, 0x19, 0xff, 0xfc, 0x20, 0x8, 0xff,
    0xd4, 0x0, 0xe, 0xff, 0xff, 0xfb, 0x0, 0x0,
    0x0, 0x3d, 0xff, 0x60, 0x0, 0x66, 0x0, 0x0,
    0x8, 0xff, 0xec, 0x91, 0x0, 0x0, 0x0, 0x0,
    0x83, 0x0,

    /* U+7EA7 "级" */
    0x0, 0x0, 0x0, 0x43, 0x0, 0x0, 0x0, 0x0,
    0x0, 0x0, 0x0, 0x0, 0x0, 0x0, 0x0, 0x0,
    0x0, 0x0, 0xcf, 0xb1, 0x0, 0x0, 0x0, 0x0,
    0x0, 0x0, 0x0, 0x0, 0x0, 0x0, 0x0, 0x0,
    0x2, 0xff, 0xc0, 0x0, 0x99, 0x99, 0x99, 0x99,
    0x99, 0x99, 0x94, 0x0, 0x0, 0x0, 0x0, 0x9,
    0xff, 0x50, 0x0, 0xff, 0xff, 0xff, 0xff, 0xff,
    0xff, 0xf3, 0x0, 0x0, 0x0, 0x0, 0x1f, 0xfd,
    0x0, 0x0, 0xff, 0xff, 0xff, 0xff, 0xff, 0xff,
    0xf0, 0x0, 0x0, 0x0, 0x0, 0x8f, 0xf5, 0x0,
    0x0, 0x0, 0xd, 0xff, 0x0, 0x2, 0xff, 0xb0,
    0x0, 0x0, 0x0, 0x1, 0xff, 0xd0, 0x1, 0x0,
    0x0, 0xe, 0xfe, 0x0, 0x6, 0xff, 0x70, 0x0,
    0x0, 0x0, 0x9, 0xff, 0x30, 0xc, 0xc2, 0x0,
    0xf, 0xfc, 0x0, 0xa, 0xff, 0x20, 0x0, 0x0,
    0x0, 0x3f, 0xf9, 0x0, 0x5f, 0xfb, 0x0, 0xf,
    0xfb, 0x0, 0xe, 0xfe, 0x0, 0x0, 0x0, 0x0,
    0xdf, 0xe1, 0x0, 0xdf, 0xf2, 0x0, 0x1f, 0xfa,
    0x0, 0x2f, 0xfa, 0x0, 0x0, 0x0, 0x1b, 0xff,
    0xdb, 0xce, 0xff, 0x80, 0x0, 0x2f, 0xf9, 0x0,
    0x7f, 0xfa, 0x77, 0x71, 0x0, 0xf, 0xff, 0xff,
    0xff, 0xfd, 0x0, 0x0, 0x4f, 0xf9, 0x0, 0xbf,
    0xff, 0xff, 0xfe, 0x0, 0x9, 0xff, 0xdb, 0xff,
    0xf4, 0x0, 0x0, 0x6f, 0xff, 0x1, 0xff, 0xff,
    0xff, 0xfb, 0x0, 0x2, 0x30, 0x6, 0xff, 0x80,
    0x0, 0x0, 0x8f, 0xff, 0x60, 0x0, 0x0, 0x5f,
    0xf7, 0x0, 0x0, 0x0, 0x2f, 0xfc, 0x0, 0x0,
    0x0, 0xbf, 0xff, 0xc0, 0x0, 0x0, 0xaf, 0xf3,
    0x0, 0x0, 0x0, 0xdf, 0xe2, 0x3, 0x74, 0x0,
    0xdf, 0xff, 0xf2, 0x0, 0x0, 0xff, 0xd0, 0x0,
    0x0, 0xb, 0xff, 0xba, 0xff, 0xf7, 0x0, 0xff,
    0xef, 0xfb, 0x0, 0x5, 0xff, 0x70, 0x0, 0x0,
    0xaf, 0xff, 0xff, 0xff, 0xf6, 0x3, 0xff, 0x9a,
    0xff, 0x40, 0xd, 0xff, 0x10, 0x0, 0xd, 0xff,
    0xff, 0xfd, 0x94, 0x0, 0x7, 0xff, 0x62, 0xff,
    0xe0, 0x6f, 0xf9, 0x0, 0x0, 0x9, 0xff, 0xc7,
    0x20, 0x0, 0x0, 0xc, 0xff, 0x30, 0x9f, 0xf9,
    0xef, 0xf2, 0x0, 0x0, 0x4, 0x82, 0x0, 0x0,
    0x0, 0x44, 0x1f, 0xfe, 0x0, 0x1e, 0xff, 0xff,
    0x80, 0x0, 0x0, 0x0, 0x0, 0x0, 0x2, 0x8e,
    0xfb, 0x6f, 0xf9, 0x0, 0x5, 0xff, 0xfe, 0x0,
    0x0, 0x0, 0x0, 0x0, 0x16, 0xcf, 0xff, 0xfe,
    0xcf, 0xf4, 0x0, 0x6, 0xff, 0xfe, 0x20, 0x0,
    0x0, 0x0, 0x5b, 0xff, 0xff, 0xfd, 0x64, 0xff,
    0xe0, 0x0, 0x7f, 0xff, 0xff, 0xf4, 0x0, 0x0,
    0xa, 0xff, 0xff, 0xfa, 0x30, 0xb, 0xff, 0x70,
    0x8, 0xff, 0xf9, 0xcf, 0xff, 0x60, 0x0, 0x6,
    0xff, 0xd7, 0x10, 0x0, 0x5f, 0xff, 0x14, 0xdf,
    0xff, 0x70, 0xc, 0xff, 0xfd, 0x40, 0x2, 0xa3,
    0x0, 0x0, 0x2, 0xff, 0xf7, 0x5f, 0xff, 0xf6,
    0x0, 0x0, 0xaf, 0xff, 0xc0, 0x0, 0x0, 0x0,
    0x0, 0x0, 0x6f, 0xd0, 0x9, 0xfc, 0x20, 0x0,
    0x0, 0x5, 0xee, 0x10, 0x0, 0x0, 0x0, 0x0,
    0x0, 0x2, 0x30, 0x0, 0x50, 0x0, 0x0, 0x0,
    0x0, 0x12, 0x0,

    /* U+7EBF "线" */
    0x0, 0x0, 0x3, 0x60, 0x0, 0x0, 0x0, 0x0,
    0x9d, 0xd0, 0x2, 0x0, 0x0, 0x0, 0x0, 0x0,
    0x9, 0xfe, 0x30, 0x0, 0x0, 0x0, 0xbf, 0xf1,
    0x4f, 0xd5, 0x0, 0x0, 0x0, 0x0, 0xf, 0xff,
    0x10, 0x0, 0x0, 0x0, 0xaf, 0xf1, 0x7f, 0xff,
    0xb1, 0x0, 0x0, 0x0, 0x7f, 0xf8, 0x0, 0x0,
    0x0, 0x0, 0xaf, 0xf1, 0x1, 0xbf, 0xf7, 0x0,
    0x0, 0x0, 0xef, 0xf1, 0x0, 0x0, 0x0, 0x0,
    0x9f, 0xf2, 0x0, 0x7, 0x80, 0x0, 0x0, 0x6,
    0xff, 0x90, 0x0, 0x0, 0x0, 0x0, 0x9f, 0xf2,
    0x2, 0x46, 0x9b, 0x10, 0x0, 0xe, 0xfe, 0x10,
    0x23, 0x0, 0x0, 0x13, 0xbf, 0xfe, 0xff, 0xff,
    0xff, 0x40, 0x0, 0x7f, 0xf5, 0x0, 0xbf, 0x91,
    0xce, 0xff, 0xff, 0xff, 0xff, 0xff, 0xfd, 0x50,
    0x2, 0xff, 0xb0, 0x4, 0xff, 0xc0, 0xef, 0xff,
    0xff, 0xfd, 0x97, 0x42, 0x0, 0x0, 0xc, 0xff,
    0x32, 0x3d, 0xff, 0x30, 0x9a, 0x85, 0x8f, 0xf6,
    0x0, 0x0, 0x0, 0x0, 0xaf, 0xff, 0xff, 0xff,
    0xf8, 0x0, 0x0, 0x0, 0x4f, 0xf7, 0x0, 0x0,
    0x0, 0x0, 0x6f, 0xff, 0xff, 0xff, 0xe0, 0x0,
    0x0, 0x0, 0x3f, 0xf9, 0x2, 0x58, 0xad, 0xf0,
    0x1d, 0x97, 0x5e, 0xff, 0x40, 0x0, 0x0, 0x0,
    0x4f, 0xfe, 0xff, 0xff, 0xff, 0xf2, 0x0, 0x0,
    0x8f, 0xf8, 0x0, 0x3, 0x7a, 0xdf, 0xff, 0xff,
    0xff, 0xff, 0xeb, 0x81, 0x0, 0x4, 0xff, 0xb0,
    0x0, 0x9, 0xff, 0xff, 0xff, 0xff, 0xa7, 0x41,
    0x0, 0x0, 0x0, 0x2e, 0xfe, 0x10, 0x1, 0x27,
    0xff, 0xc9, 0x6c, 0xff, 0x20, 0x0, 0x3c, 0x50,
    0x1, 0xdf, 0xfa, 0x9c, 0xff, 0x81, 0x20, 0x0,
    0x7, 0xff, 0x50, 0x1, 0xdf, 0xf4, 0x4e, 0xff,
    0xff, 0xff, 0xff, 0x70, 0x0, 0x0, 0x4, 0xff,
    0x80, 0xb, 0xff, 0x70, 0x4f, 0xff, 0xff, 0xea,
    0x74, 0x10, 0x0, 0x0, 0x1, 0xff, 0xb0, 0xbf,
    0xfb, 0x0, 0xe, 0xc8, 0x41, 0x0, 0x0, 0x0,
    0x0, 0x0, 0x0, 0xdf, 0xfb, 0xff, 0xd1, 0x0,
    0x1, 0x0, 0x0, 0x0, 0x0, 0x0, 0x0, 0x0,
    0x0, 0x9f, 0xff, 0xfc, 0x0, 0x0, 0x0, 0x0,
    0x0, 0x3, 0x8d, 0xa0, 0x0, 0x0, 0x0, 0xaf,
    0xff, 0xa0, 0x0, 0x0, 0x0, 0x1, 0x6a, 0xff,
    0xff, 0xc0, 0x0, 0x0, 0x6e, 0xff, 0xff, 0x10,
    0x2, 0x70, 0x39, 0xdf, 0xff, 0xff, 0xfa, 0x50,
    0x0, 0x5d, 0xff, 0xff, 0xff, 0x80, 0x4, 0xfb,
    0x6f, 0xff, 0xff, 0xa5, 0x0, 0x3, 0x9f, 0xff,
    0xff, 0x82, 0xff, 0xf4, 0x8, 0xfb, 0x2f, 0xea,
    0x40, 0x0, 0x0, 0x7f, 0xff, 0xff, 0x91, 0x0,
    0x7f, 0xff, 0xcf, 0xf8, 0x4, 0x0, 0x0, 0x0,
    0x0, 0xb, 0xfe, 0x81, 0x0, 0x0, 0xa, 0xff,
    0xff, 0xf1, 0x0, 0x0, 0x0, 0x0, 0x0, 0x1,
    0x50, 0x0, 0x0, 0x0, 0x0, 0x6d, 0xfd, 0x40,

    /* U+7ED3 "结" */
    0x0, 0x0, 0x0, 0x10, 0x0, 0x0, 0x0, 0x0,
    0x0, 0x15, 0x54, 0x0, 0x0, 0x0, 0x0, 0x0,
    0x0, 0x1f, 0xb5, 0x0, 0x0, 0x0, 0x0, 0x4,
    0xff, 0xb0, 0x0, 0x0, 0x0, 0x0, 0x0, 0x7,
    0xff, 0xc0, 0x0, 0x0, 0x0, 0x0, 0x4f, 0xfb,
    0x0, 0x0, 0x0, 0x0, 0x0, 0x0, 0xdf, 0xf4,
    0x0, 0x0, 0x0, 0x0, 0x4, 0xff, 0xb0, 0x0,
    0x0, 0x0, 0x0, 0x0, 0x5f, 0xfc, 0x0, 0x0,
    0x9a, 0xaa, 0xaa, 0xcf, 0xfe, 0xaa, 0xaa, 0xaa,
    0x20, 0x0, 0xd, 0xff, 0x40, 0x0, 0xe, 0xff,
    0xff, 0xff, 0xff, 0xff, 0xff, 0xff, 0xf3, 0x0,
    0x6, 0xff, 0xc0, 0x2, 0x0, 0xef, 0xff, 0xff,
    0xff, 0xff, 0xff, 0xff, 0xff, 0x30, 0x0, 0xef,
    0xf2, 0x0, 0xdd, 0x30, 0x0, 0x0, 0x4, 0xff,
    0xb0, 0x0, 0x0, 0x0, 0x0, 0x8f, 0xf8, 0x0,
    0x6f, 0xfe, 0x0, 0x0, 0x0, 0x4f, 0xfb, 0x0,
    0x0, 0x0, 0x0, 0x4f, 0xfd, 0x0, 0x2e, 0xff,
    0x60, 0x0, 0x0, 0x4, 0xff, 0xb0, 0x0, 0x0,
    0x0, 0x4f, 0xff, 0xff, 0xff, 0xff, 0xb0, 0x0,
    0x0, 0x0, 0x4f, 0xfb, 0x0, 0x0, 0x0, 0x1,
    0xff, 0xff, 0xff, 0xff, 0xf1, 0x1, 0xaa, 0xaa,
    0xac, 0xff, 0xea, 0xaa, 0xaa, 0x70, 0xb, 0xfd,
    0xba, 0xff, 0xf6, 0x0, 0x2f, 0xff, 0xff, 0xff,
    0xff, 0xff, 0xff, 0xfa, 0x0, 0x10, 0x0, 0xaf,
    0xfa, 0x0, 0x2, 0xff, 0xff, 0xff, 0xff, 0xff,
    0xff, 0xff, 0xa0, 0x0, 0x0, 0x6f, 0xfd, 0x0,
    0x0, 0x0, 0x0, 0x0, 0x0, 0x0, 0x0, 0x0,
    0x0, 0x0, 0x0, 0x3f, 0xff, 0x20, 0x0, 0x0,
    0x0, 0x0, 0x0, 0x0, 0x0, 0x0, 0x0, 0x0,
    0x0, 0x2e, 0xff, 0x51, 0x47, 0x9a, 0x0, 0x0,
    0x0, 0x0, 0x0, 0x0, 0x0, 0x0, 0x0, 0x4e,
    0xff, 0xff, 0xff, 0xff, 0xe0, 0x6f, 0xff, 0xff,
    0xff, 0xff, 0xff, 0xff, 0x0, 0x1f, 0xff, 0xff,
    0xff, 0xff, 0xfc, 0x6, 0xff, 0xff, 0xff, 0xff,
    0xff, 0xff, 0xf0, 0x0, 0xbf, 0xff, 0xeb, 0x85,
    0x20, 0x0, 0x6f, 0xfb, 0x88, 0x88, 0x88, 0x8e,
    0xff, 0x0, 0x5, 0x94, 0x10, 0x0, 0x0, 0x0,
    0x6, 0xff, 0x60, 0x0, 0x0, 0x0, 0xdf, 0xf0,
    0x0, 0x0, 0x0, 0x0, 0x0, 0x0, 0x0, 0x6f,
    0xf6, 0x0, 0x0, 0x0, 0xd, 0xff, 0x0, 0x0,
    0x0, 0x0, 0x1, 0x47, 0xad, 0x6, 0xff, 0x60,
    0x0, 0x0, 0x0, 0xdf, 0xf0, 0x0, 0x3, 0x58,
    0xbe, 0xff, 0xff, 0xf2, 0x6f, 0xf6, 0x0, 0x0,
    0x0, 0xd, 0xff, 0x0, 0x2f, 0xff, 0xff, 0xff,
    0xff, 0xeb, 0x16, 0xff, 0xb7, 0x77, 0x77, 0x77,
    0xef, 0xf0, 0x0, 0xff, 0xff, 0xfc, 0x85, 0x10,
    0x0, 0x6f, 0xff, 0xff, 0xff, 0xff, 0xff, 0xff,
    0x0, 0xb, 0x96, 0x30, 0x0, 0x0, 0x0, 0x6,
    0xff, 0xff, 0xff, 0xff, 0xff, 0xff, 0xf0, 0x0,
    0x0, 0x0, 0x0, 0x0, 0x0, 0x0, 0x6f, 0xf6,
    0x0, 0x0, 0x0, 0xc, 0xee, 0x0,

    /* U+7ED5 "绕" */
    0x0, 0x0, 0x1, 0x0, 0x0, 0x0, 0x0, 0x0,
    0x11, 0x0, 0x0, 0x0, 0x0, 0x0, 0x0, 0x0,
    0x0, 0x7f, 0x92, 0x0, 0x0, 0x0, 0x6f, 0xf2,
    0x0, 0x0, 0x0, 0x0, 0x0, 0x0, 0x0, 0xc,
    0xff, 0x50, 0x0, 0x0, 0x4, 0xff, 0x50, 0x0,
    0x0, 0x0, 0x0, 0x0, 0x0, 0x1, 0xff, 0xe0,
    0x0, 0x0, 0x0, 0x2f, 0xf7, 0x0, 0x1, 0x34,
    0x67, 0x40, 0x0, 0x0, 0x7f, 0xf7, 0x0, 0x0,
    0x23, 0x57, 0xff, 0xec, 0xef, 0xff, 0xff, 0xf9,
    0x0, 0x0, 0xd, 0xff, 0x10, 0x0, 0x1f, 0xff,
    0xff, 0xff, 0xff, 0xff, 0xff, 0xfe, 0x90, 0x0,
    0x5, 0xff, 0x90, 0x0, 0x0, 0xef, 0xff, 0xff,
    0xfb, 0x76, 0x43, 0x37, 0x10, 0x0, 0x0, 0xcf,
    0xf1, 0x6, 0x91, 0x4, 0x31, 0x2, 0xff, 0x90,
    0x0, 0x2e, 0xff, 0x30, 0x0, 0x4f, 0xf7, 0x0,
    0xef, 0xd0, 0x0, 0x0, 0xb, 0xff, 0x10, 0x4e,
    0xff, 0x70, 0x0, 0xd, 0xfe, 0x0, 0x7f, 0xf7,
    0x0, 0x0, 0x0, 0x4f, 0xf9, 0xaf, 0xff, 0x70,
    0x0, 0xb, 0xff, 0xc9, 0xbf, 0xfe, 0x0, 0x0,
    0x0, 0x0, 0xdf, 0xff, 0xfd, 0x30, 0x10, 0x0,
    0xdf, 0xff, 0xff, 0xff, 0x50, 0x0, 0x0, 0x5,
    0xbf, 0xff, 0xfa, 0x0, 0xb, 0xb2, 0x7, 0xff,
    0xdd, 0xff, 0xc0, 0x0, 0x37, 0xbf, 0xff, 0xff,
    0xff, 0xe4, 0x0, 0xef, 0x40, 0x13, 0x0, 0xcf,
    0xf2, 0x0, 0x2f, 0xff, 0xff, 0xd7, 0x2a, 0xff,
    0xfe, 0xcf, 0xf0, 0x0, 0x0, 0x7f, 0xf7, 0x0,
    0x0, 0x6f, 0xd9, 0x40, 0x0, 0x8, 0xff, 0xff,
    0xfa, 0x0, 0x0, 0x2f, 0xfc, 0x0, 0x0, 0x0,
    0x20, 0x0, 0x0, 0x0, 0x2, 0x8b, 0xb8, 0x0,
    0x0, 0x1d, 0xff, 0x34, 0x7a, 0x33, 0x44, 0x44,
    0x44, 0x44, 0x44, 0x44, 0x44, 0x44, 0x0, 0x1c,
    0xff, 0xff, 0xff, 0xf4, 0xef, 0xff, 0xff, 0xff,
    0xff, 0xff, 0xff, 0xff, 0xf1, 0xb, 0xff, 0xff,
    0xff, 0xfb, 0x2e, 0xff, 0xff, 0xff, 0xff, 0xff,
    0xff, 0xff, 0xff, 0x10, 0x6f, 0xfe, 0xa6, 0x20,
    0x0, 0x11, 0x11, 0xcf, 0xf2, 0x18, 0xff, 0x61,
    0x11, 0x10, 0x1, 0x72, 0x0, 0x0, 0x0, 0x0,
    0x0, 0xe, 0xfe, 0x0, 0x7f, 0xf5, 0x0, 0x0,
    0x0, 0x0, 0x0, 0x0, 0x0, 0x52, 0x0, 0x1,
    0xff, 0xb0, 0x7, 0xff, 0x50, 0x0, 0x0, 0x0,
    0x0, 0x1, 0x6b, 0xff, 0x70, 0x0, 0x8f, 0xf7,
    0x0, 0x7f, 0xf5, 0x0, 0x0, 0x0, 0x3, 0x7c,
    0xff, 0xff, 0xf9, 0x0, 0x2f, 0xff, 0x10, 0x7,
    0xff, 0x50, 0x8, 0x93, 0xb, 0xff, 0xff, 0xfe,
    0x83, 0x0, 0x3e, 0xff, 0xa0, 0x0, 0x7f, 0xf5,
    0x0, 0x9f, 0xb0, 0x8f, 0xfe, 0x94, 0x0, 0x2,
    0x9f, 0xff, 0xe1, 0x0, 0x6, 0xff, 0x94, 0x4d,
    0xf9, 0x4, 0xa4, 0x0, 0x0, 0x1, 0xef, 0xff,
    0xd2, 0x0, 0x0, 0x3f, 0xff, 0xff, 0xff, 0x40,
    0x0, 0x0, 0x0, 0x0, 0x4, 0xff, 0x80, 0x0,
    0x0, 0x0, 0x8e, 0xff, 0xfe, 0x90, 0x0, 0x0,
    0x0, 0x0, 0x0, 0x5, 0x0, 0x0, 0x0, 0x0,
    0x0, 0x0, 0x0, 0x0, 0x0,

    /* U+7EDC "络" */
    0x0, 0x0, 0x1, 0x0, 0x0, 0x0, 0x0, 0x0,
    0xa5, 0x10, 0x0, 0x0, 0x0, 0x0, 0x0, 0x0,
    0x0, 0x8f, 0x81, 0x0, 0x0, 0x0, 0x7f, 0xf7,
    0x0, 0x0, 0x0, 0x0, 0x0, 0x0, 0x0, 0xe,
    0xff, 0x40, 0x0, 0x0, 0xe, 0xff, 0x0, 0x0,
    0x0, 0x0, 0x0, 0x0, 0x0, 0x4, 0xff, 0xc0,
    0x0, 0x0, 0x7, 0xff, 0xd8, 0x88, 0x88, 0x88,
    0x80, 0x0, 0x0, 0x0, 0xcf, 0xf4, 0x0, 0x0,
    0x1, 0xff, 0xff, 0xff, 0xff, 0xff, 0xff, 0xd0,
    0x0, 0x0, 0x3f, 0xfc, 0x0, 0x0, 0x0, 0xcf,
    0xff, 0xff, 0xff, 0xff, 0xff, 0xf6, 0x0, 0x0,
    0xc, 0xff, 0x40, 0x0, 0x0, 0x8f, 0xff, 0x30,
    0x0, 0x0, 0x2f, 0xfd, 0x0, 0x0, 0x5, 0xff,
    0x90, 0x7, 0x70, 0x7f, 0xff, 0xfd, 0x0, 0x0,
    0xc, 0xff, 0x40, 0x0, 0x0, 0xef, 0xe1, 0x1,
    0xff, 0xdf, 0xff, 0xaf, 0xf9, 0x0, 0x9, 0xff,
    0xa0, 0x0, 0x0, 0xaf, 0xf5, 0x0, 0xaf, 0xfc,
    0xff, 0x60, 0xaf, 0xf8, 0xa, 0xff, 0xc0, 0x0,
    0x0, 0x9f, 0xff, 0xbd, 0xef, 0xfe, 0x16, 0x70,
    0x0, 0xcf, 0xfd, 0xff, 0xc0, 0x0, 0x0, 0xa,
    0xff, 0xff, 0xff, 0xff, 0x40, 0x0, 0x0, 0x1,
    0xef, 0xff, 0xd1, 0x0, 0x0, 0x0, 0x4f, 0xfd,
    0xbe, 0xff, 0xa0, 0x0, 0x0, 0x3, 0xbf, 0xff,
    0xff, 0x81, 0x0, 0x0, 0x0, 0x30, 0x4, 0xff,
    0xd0, 0x0, 0x0, 0x3a, 0xff, 0xff, 0xbf, 0xff,
    0xf8, 0x20, 0x0, 0x0, 0x1, 0xef, 0xf2, 0x0,
    0x28, 0xdf, 0xff, 0xfc, 0x20, 0x3d, 0xff, 0xff,
    0xc7, 0x0, 0x0, 0xdf, 0xf5, 0x0, 0x29, 0xff,
    0xff, 0xe5, 0x0, 0x0, 0x6, 0xef, 0xff, 0xd0,
    0x0, 0xcf, 0xfd, 0x8c, 0xff, 0x5f, 0xfb, 0x50,
    0x0, 0x0, 0x0, 0x0, 0x5b, 0xf7, 0x2, 0xbf,
    0xff, 0xff, 0xff, 0xf4, 0x53, 0xff, 0xff, 0xff,
    0xff, 0xff, 0xff, 0xf2, 0x10, 0x8f, 0xff, 0xff,
    0xfc, 0x84, 0x0, 0x1f, 0xff, 0xff, 0xff, 0xff,
    0xff, 0xff, 0x0, 0x2, 0xff, 0xc8, 0x40, 0x0,
    0x0, 0x1, 0xff, 0xc8, 0x88, 0x88, 0x88, 0xdf,
    0xf0, 0x0, 0x6, 0x10, 0x0, 0x0, 0x0, 0x0,
    0x1f, 0xf8, 0x0, 0x0, 0x0, 0xb, 0xff, 0x0,
    0x0, 0x0, 0x0, 0x0, 0x4, 0x87, 0x1, 0xff,
    0x80, 0x0, 0x0, 0x0, 0xbf, 0xf0, 0x0, 0x0,
    0x0, 0x15, 0xae, 0xff, 0xc0, 0x1f, 0xf8, 0x0,
    0x0, 0x0, 0xb, 0xff, 0x0, 0x0, 0x37, 0xcf,
    0xff, 0xff, 0xfa, 0x1, 0xff, 0x80, 0x0, 0x0,
    0x0, 0xbf, 0xf0, 0x0, 0x9f, 0xff, 0xff, 0xfa,
    0x50, 0x0, 0x1f, 0xff, 0xff, 0xff, 0xff, 0xff,
    0xff, 0x0, 0x5, 0xff, 0xfb, 0x50, 0x0, 0x0,
    0x1, 0xff, 0xff, 0xff, 0xff, 0xff, 0xff, 0xf0,
    0x0, 0x2b, 0x61, 0x0, 0x0, 0x0, 0x0, 0x1f,
    0xfc, 0x88, 0x88, 0x88, 0x8e, 0xff, 0x0, 0x0,
    0x0, 0x0, 0x0, 0x0, 0x0, 0x1, 0xff, 0x80,
    0x0, 0x0, 0x0, 0xae, 0xe0, 0x0,

    /* U+7EDF "统" */
    0x0, 0x0, 0x0, 0x20, 0x0, 0x0, 0x0, 0x0,
    0x0, 0x1, 0x10, 0x0, 0x0, 0x0, 0x0, 0x0,
    0x0, 0xd, 0xe7, 0x10, 0x0, 0x0, 0x0, 0x2d,
    0xfb, 0x0, 0x0, 0x0, 0x0, 0x0, 0x0, 0x3,
    0xff, 0xf2, 0x0, 0x0, 0x0, 0x0, 0xdf, 0xf2,
    0x0, 0x0, 0x0, 0x0, 0x0, 0x0, 0x9f, 0xf9,
    0x0, 0x0, 0x0, 0x0, 0x7, 0xff, 0x90, 0x0,
    0x0, 0x0, 0x0, 0x0, 0x1f, 0xff, 0x20, 0x0,
    0x0, 0x0, 0x0, 0x2f, 0xd8, 0x0, 0x0, 0x0,
    0x0, 0x0, 0x8, 0xff, 0xa0, 0x0, 0xe, 0xff,
    0xff, 0xff, 0xff, 0xff, 0xff, 0xff, 0xf8, 0x0,
    0x1, 0xff, 0xf2, 0x0, 0x0, 0xef, 0xff, 0xff,
    0xff, 0xff, 0xff, 0xff, 0xff, 0x80, 0x0, 0xaf,
    0xf7, 0x0, 0xc7, 0x7, 0x88, 0x88, 0xff, 0xfa,
    0x88, 0x88, 0x88, 0x84, 0x0, 0x3f, 0xfd, 0x0,
    0x6f, 0xfb, 0x0, 0x0, 0x9f, 0xfc, 0x0, 0x2,
    0x30, 0x0, 0x0, 0x1e, 0xff, 0x30, 0x1e, 0xff,
    0x40, 0x0, 0x5f, 0xfe, 0x10, 0x8, 0xfe, 0x10,
    0x0, 0x1d, 0xff, 0xea, 0xbe, 0xff, 0xa0, 0x0,
    0x2f, 0xff, 0x40, 0x0, 0x4f, 0xfc, 0x0, 0x0,
    0xdf, 0xff, 0xff, 0xff, 0xe1, 0x0, 0x1d, 0xff,
    0x80, 0x0, 0x0, 0x9f, 0xf7, 0x0, 0x8, 0xff,
    0xed, 0xff, 0xf5, 0x0, 0x4d, 0xff, 0xe6, 0x79,
    0xab, 0xde, 0xff, 0xf2, 0x0, 0x24, 0x10, 0x9f,
    0xfa, 0x0, 0x6f, 0xff, 0xff, 0xff, 0xff, 0xff,
    0xff, 0xff, 0xc0, 0x0, 0x0, 0x5f, 0xfd, 0x0,
    0x1, 0xff, 0xff, 0xff, 0xed, 0xb9, 0x86, 0x5b,
    0xff, 0x50, 0x0, 0x2f, 0xff, 0x20, 0x1, 0x9,
    0x85, 0x98, 0x50, 0x2, 0x77, 0x30, 0x2f, 0xc3,
    0x0, 0x1e, 0xff, 0x97, 0xad, 0xf1, 0x0, 0xf,
    0xfc, 0x0, 0x4f, 0xf7, 0x0, 0x20, 0x0, 0x3d,
    0xff, 0xff, 0xff, 0xff, 0x10, 0x1, 0xff, 0xb0,
    0x4, 0xff, 0x70, 0x0, 0x0, 0xc, 0xff, 0xff,
    0xff, 0xea, 0x70, 0x0, 0x2f, 0xf9, 0x0, 0x4f,
    0xf7, 0x0, 0x0, 0x0, 0x6f, 0xfd, 0x95, 0x20,
    0x0, 0x0, 0x4, 0xff, 0x80, 0x4, 0xff, 0x70,
    0x0, 0x0, 0x1, 0x71, 0x0, 0x0, 0x0, 0x0,
    0x0, 0x8f, 0xf6, 0x0, 0x4f, 0xf7, 0x0, 0x0,
    0x0, 0x0, 0x0, 0x0, 0x1, 0x5b, 0x20, 0xc,
    0xff, 0x10, 0x4, 0xff, 0x70, 0x4, 0x20, 0x0,
    0x0, 0x1, 0x6b, 0xff, 0xf5, 0x2, 0xff, 0xd0,
    0x0, 0x4f, 0xf7, 0x0, 0x8f, 0xb0, 0x2, 0x7c,
    0xff, 0xff, 0xfe, 0x50, 0xbf, 0xf8, 0x0, 0x4,
    0xff, 0x70, 0x9, 0xfd, 0xb, 0xff, 0xff, 0xff,
    0xa4, 0x0, 0x9f, 0xff, 0x10, 0x0, 0x4f, 0xf8,
    0x0, 0xaf, 0xb0, 0x9f, 0xff, 0xb5, 0x0, 0x3,
    0xcf, 0xff, 0x60, 0x0, 0x3, 0xff, 0xc7, 0x7e,
    0xf8, 0x5, 0xc6, 0x10, 0x0, 0x2, 0xff, 0xff,
    0x80, 0x0, 0x0, 0x1f, 0xff, 0xff, 0xff, 0x30,
    0x0, 0x0, 0x0, 0x0, 0x6, 0xfe, 0x50, 0x0,
    0x0, 0x0, 0x5d, 0xff, 0xfe, 0x70, 0x0, 0x0,
    0x0, 0x0, 0x0, 0x5, 0x0, 0x0, 0x0, 0x0,
    0x0, 0x0, 0x0, 0x0, 0x0,

    /* U+7EE7 "继" */
    0x0, 0x0, 0x0, 0x30, 0x0, 0x0, 0x0, 0x0,
    0x0, 0x0, 0x1, 0x10, 0x0, 0x0, 0x0, 0x0,
    0x0, 0x3f, 0xc4, 0x0, 0x2, 0x22, 0x0, 0x0,
    0x6, 0xfe, 0x0, 0x0, 0x0, 0x0, 0x0, 0x9,
    0xff, 0x60, 0x0, 0xef, 0xa0, 0x0, 0x0, 0x6f,
    0xe0, 0x0, 0x0, 0x0, 0x0, 0x0, 0xef, 0xe0,
    0x0, 0xe, 0xfa, 0x1d, 0xd0, 0x6, 0xfe, 0x0,
    0x7f, 0xb0, 0x0, 0x0, 0x5f, 0xf7, 0x0, 0x0,
    0xef, 0xa0, 0xdf, 0x30, 0x6f, 0xe0, 0xc, 0xf8,
    0x0, 0x0, 0xc, 0xff, 0x10, 0x0, 0xe, 0xfa,
    0x8, 0xf9, 0x6, 0xfe, 0x1, 0xff, 0x20, 0x0,
    0x4, 0xff, 0x90, 0x0, 0x0, 0xef, 0xa0, 0x2f,
    0xd0, 0x6f, 0xe0, 0x7f, 0xa0, 0x0, 0x0, 0xcf,
    0xe1, 0x1, 0xd5, 0xe, 0xfa, 0x0, 0xef, 0x26,
    0xfe, 0xd, 0xf3, 0x0, 0x0, 0x5f, 0xf6, 0x0,
    0x8f, 0xf5, 0xef, 0xa0, 0x9, 0xa2, 0x6f, 0xe1,
    0xaa, 0x0, 0x0, 0x1e, 0xfd, 0x0, 0x1f, 0xfd,
    0xe, 0xfa, 0x0, 0x0, 0x6, 0xfe, 0x0, 0x0,
    0x0, 0x1c, 0xff, 0xa8, 0xad, 0xff, 0x30, 0xef,
    0xa9, 0xff, 0xff, 0xff, 0xff, 0xff, 0xff, 0x50,
    0xff, 0xff, 0xff, 0xff, 0x90, 0xe, 0xfa, 0x9f,
    0xff, 0xff, 0xff, 0xff, 0xff, 0xf5, 0xa, 0xff,
    0xdc, 0xff, 0xe1, 0x0, 0xef, 0xa4, 0x66, 0x69,
    0xff, 0xfa, 0x66, 0x66, 0x20, 0x22, 0x0, 0xaf,
    0xf4, 0x0, 0xe, 0xfa, 0x0, 0x0, 0xbf, 0xff,
    0xf2, 0x0, 0x0, 0x0, 0x0, 0x5f, 0xf8, 0x0,
    0x0, 0xef, 0xa0, 0x0, 0x4f, 0xff, 0xff, 0xd1,
    0x0, 0x0, 0x0, 0x2f, 0xfc, 0x0, 0x0, 0xe,
    0xfa, 0x0, 0xc, 0xfd, 0xff, 0xbf, 0xb0, 0x0,
    0x0, 0x1d, 0xfe, 0x23, 0x58, 0xa0, 0xef, 0xa0,
    0x6, 0xfe, 0x7f, 0xe1, 0xff, 0x80, 0x0, 0x1c,
    0xff, 0xff, 0xff, 0xfd, 0xe, 0xfa, 0x2, 0xff,
    0x66, 0xfe, 0x6, 0xff, 0x50, 0xd, 0xff, 0xff,
    0xff, 0xfd, 0x80, 0xef, 0xa1, 0xdf, 0xd0, 0x6f,
    0xe0, 0xb, 0xff, 0x20, 0x8f, 0xfe, 0xa7, 0x30,
    0x0, 0xe, 0xfa, 0x7f, 0xf3, 0x6, 0xfe, 0x0,
    0x2f, 0xb0, 0x2, 0x61, 0x0, 0x0, 0x0, 0x0,
    0xef, 0xa0, 0xe8, 0x0, 0x6f, 0xe0, 0x0, 0x50,
    0x0, 0x0, 0x0, 0x0, 0x0, 0x0, 0xe, 0xfa,
    0x3, 0x0, 0x6, 0xfe, 0x0, 0x0, 0x0, 0x0,
    0x0, 0x0, 0x15, 0x8c, 0xf0, 0xef, 0xa0, 0x0,
    0x0, 0x6f, 0xe0, 0x0, 0x0, 0x0, 0x3, 0x7a,
    0xdf, 0xff, 0xff, 0x2e, 0xfa, 0x0, 0x0, 0x4,
    0xba, 0x0, 0x0, 0x0, 0xe, 0xff, 0xff, 0xff,
    0xea, 0x61, 0xef, 0xc5, 0x55, 0x55, 0x55, 0x55,
    0x55, 0x55, 0x30, 0xbf, 0xfe, 0xa6, 0x20, 0x0,
    0xe, 0xff, 0xff, 0xff, 0xff, 0xff, 0xff, 0xff,
    0xfa, 0x5, 0x62, 0x0, 0x0, 0x0, 0x0, 0xef,
    0xff, 0xff, 0xff, 0xff, 0xff, 0xff, 0xff, 0xa0,
    0x0, 0x0, 0x0, 0x0, 0x0, 0x2, 0x22, 0x22,
    0x22, 0x22, 0x22, 0x22, 0x22, 0x21,

    /* U+7EED "续" */
    0x0, 0x0, 0x0, 0x10, 0x0, 0x0, 0x0, 0x0,
    0x0, 0x34, 0x40, 0x0, 0x0, 0x0, 0x0, 0x0,
    0x0, 0xc, 0xd6, 0x0, 0x0, 0x0, 0x0, 0xb,
    0xff, 0x10, 0x0, 0x0, 0x0, 0x0, 0x0, 0x2,
    0xff, 0x90, 0x0, 0x0, 0x0, 0x0, 0xbf, 0xf1,
    0x0, 0x0, 0x0, 0x0, 0x0, 0x0, 0x9f, 0xf2,
    0x0, 0x0, 0xff, 0xff, 0xff, 0xff, 0xff, 0xff,
    0xf9, 0x0, 0x0, 0x0, 0x1f, 0xfa, 0x0, 0x0,
    0xf, 0xff, 0xff, 0xff, 0xff, 0xff, 0xff, 0x90,
    0x0, 0x0, 0x7, 0xff, 0x30, 0x0, 0x0, 0x66,
    0x66, 0x6d, 0xff, 0x76, 0x66, 0x64, 0x0, 0x0,
    0x0, 0xef, 0xb0, 0x0, 0x0, 0x0, 0x0, 0x0,
    0xbf, 0xf1, 0x0, 0x0, 0x0, 0x0, 0x0, 0x7f,
    0xf2, 0x3, 0xd3, 0x0, 0x0, 0x0, 0xb, 0xff,
    0x10, 0x0, 0x1, 0x0, 0x0, 0x1f, 0xf8, 0x0,
    0xbf, 0xf2, 0xff, 0xff, 0xff, 0xff, 0xff, 0xff,
    0xff, 0xfd, 0x10, 0xb, 0xfe, 0x0, 0x3f, 0xf8,
    0x1f, 0xff, 0xff, 0xff, 0xff, 0xff, 0xff, 0xff,
    0xd0, 0x9, 0xff, 0xc9, 0xae, 0xfe, 0x0, 0x66,
    0x66, 0x66, 0x66, 0x66, 0x66, 0x6f, 0xf8, 0x0,
    0xef, 0xff, 0xff, 0xff, 0x50, 0x0, 0x3, 0xb2,
    0x0, 0xab, 0x80, 0x4, 0xff, 0x30, 0x8, 0xfd,
    0xba, 0xff, 0xb0, 0x0, 0x0, 0xbf, 0xf8, 0xe,
    0xfa, 0x0, 0x9f, 0xd0, 0x0, 0x10, 0x0, 0xbf,
    0xe1, 0x0, 0x0, 0x10, 0x6f, 0xf9, 0xef, 0xa0,
    0xa, 0xf7, 0x0, 0x0, 0x0, 0x6f, 0xf5, 0x0,
    0x0, 0xae, 0x60, 0x3d, 0x2e, 0xfa, 0x0, 0x0,
    0x0, 0x0, 0x0, 0x2f, 0xf9, 0x1, 0x43, 0x9,
    0xff, 0xb1, 0x0, 0xff, 0x90, 0x0, 0x0, 0x0,
    0x0, 0x1d, 0xff, 0x9c, 0xff, 0x70, 0x4, 0xef,
    0xa0, 0x1f, 0xf8, 0x0, 0x0, 0x0, 0x0, 0x1c,
    0xff, 0xff, 0xff, 0xf7, 0x0, 0x1, 0xb1, 0x3,
    0xff, 0x70, 0x0, 0x0, 0x0, 0xb, 0xff, 0xff,
    0xfa, 0x61, 0xa, 0xff, 0xff, 0xff, 0xff, 0xff,
    0xff, 0xff, 0xff, 0x10, 0x6f, 0xd8, 0x30, 0x0,
    0x0, 0xaf, 0xff, 0xff, 0xff, 0xff, 0xff, 0xff,
    0xff, 0xf1, 0x1, 0x30, 0x0, 0x0, 0x1, 0x25,
    0x88, 0x88, 0x8b, 0xff, 0xd8, 0x88, 0x88, 0x88,
    0x0, 0x0, 0x0, 0x0, 0x6b, 0xf9, 0x0, 0x0,
    0x0, 0xdf, 0xf4, 0x16, 0x0, 0x0, 0x0, 0x0,
    0x0, 0x4a, 0xff, 0xff, 0xc0, 0x0, 0x0, 0xaf,
    0xfb, 0x2e, 0xfb, 0x10, 0x0, 0x0, 0x4a, 0xff,
    0xff, 0xfc, 0x60, 0x0, 0x0, 0xaf, 0xfe, 0x10,
    0x9f, 0xfe, 0x40, 0x0, 0xc, 0xff, 0xff, 0x93,
    0x0, 0x0, 0x2, 0xdf, 0xff, 0x30, 0x0, 0x6f,
    0xff, 0x70, 0x0, 0x8f, 0xc6, 0x0, 0x0, 0x0,
    0x19, 0xff, 0xfd, 0x20, 0x0, 0x0, 0x3e, 0xff,
    0x90, 0x2, 0x20, 0x0, 0x0, 0x0, 0x1e, 0xff,
    0xfb, 0x10, 0x0, 0x0, 0x0, 0x1d, 0xff, 0x70,
    0x0, 0x0, 0x0, 0x0, 0x0, 0x5f, 0xc4, 0x0,
    0x0, 0x0, 0x0, 0x0, 0x1d, 0xc1, 0x0, 0x0,
    0x0, 0x0, 0x0, 0x0, 0x30, 0x0, 0x0, 0x0,
    0x0, 0x0, 0x0, 0x11, 0x0,

    /* U+7EF4 "维" */
    0x0, 0x0, 0x0, 0x20, 0x0, 0x0, 0x0, 0x0,
    0x10, 0x0, 0x0, 0x0, 0x0, 0x0, 0x0, 0x0,
    0x0, 0xc, 0xe7, 0x0, 0x0, 0x0, 0xe, 0xe9,
    0x7, 0xdb, 0x0, 0x0, 0x0, 0x0, 0x0, 0x2,
    0xff, 0xc0, 0x0, 0x0, 0x3, 0xff, 0xb0, 0xaf,
    0xf5, 0x0, 0x0, 0x0, 0x0, 0x0, 0x8f, 0xf4,
    0x0, 0x0, 0x0, 0x9f, 0xf4, 0x2, 0xff, 0xd0,
    0x0, 0x0, 0x0, 0x0, 0xe, 0xfd, 0x0, 0x0,
    0x0, 0xf, 0xfd, 0x0, 0xb, 0xff, 0x40, 0x0,
    0x0, 0x0, 0x6, 0xff, 0x50, 0x0, 0x0, 0x7,
    0xff, 0x70, 0x0, 0x5d, 0x60, 0x0, 0x0, 0x0,
    0x0, 0xef, 0xd0, 0x1, 0x0, 0x0, 0xef, 0xff,
    0xff, 0xff, 0xff, 0xff, 0xff, 0x70, 0x0, 0x6f,
    0xf4, 0x0, 0xbc, 0x30, 0x7f, 0xff, 0xff, 0xff,
    0xff, 0xff, 0xff, 0xf7, 0x0, 0xe, 0xfa, 0x0,
    0x4f, 0xfa, 0x1e, 0xff, 0xd9, 0x99, 0xaf, 0xfd,
    0x99, 0x99, 0x40, 0x9, 0xff, 0x10, 0xd, 0xff,
    0x19, 0xff, 0xf9, 0x0, 0x1, 0xff, 0x80, 0x0,
    0x0, 0x8, 0xff, 0xc8, 0x9c, 0xff, 0x75, 0xff,
    0xff, 0x90, 0x0, 0x1f, 0xf8, 0x0, 0x0, 0x0,
    0xcf, 0xff, 0xff, 0xff, 0xd0, 0xef, 0xff, 0xf9,
    0x0, 0x1, 0xff, 0x90, 0x0, 0x0, 0x6, 0xff,
    0xeb, 0xff, 0xf4, 0x7, 0xf9, 0xff, 0xff, 0xff,
    0xff, 0xff, 0xff, 0xfb, 0x0, 0x14, 0x0, 0x5f,
    0xf9, 0x0, 0xa, 0x1f, 0xff, 0xff, 0xff, 0xff,
    0xff, 0xff, 0xb0, 0x0, 0x0, 0x1e, 0xfc, 0x0,
    0x0, 0x1, 0xff, 0xc7, 0x77, 0x8f, 0xfc, 0x77,
    0x75, 0x0, 0x0, 0xb, 0xff, 0x20, 0x0, 0x0,
    0x1f, 0xf9, 0x0, 0x1, 0xff, 0x80, 0x0, 0x0,
    0x0, 0x8, 0xff, 0x50, 0x25, 0x82, 0x1, 0xff,
    0x90, 0x0, 0x1f, 0xf8, 0x0, 0x0, 0x0, 0x6,
    0xff, 0xfd, 0xff, 0xff, 0x30, 0x1f, 0xf9, 0x0,
    0x1, 0xff, 0x90, 0x0, 0x0, 0x8, 0xff, 0xff,
    0xff, 0xff, 0xe2, 0x1, 0xff, 0xff, 0xff, 0xff,
    0xff, 0xff, 0xfc, 0x0, 0x5f, 0xff, 0xeb, 0x74,
    0x10, 0x0, 0x1f, 0xff, 0xff, 0xff, 0xff, 0xff,
    0xff, 0xc0, 0x0, 0xb6, 0x20, 0x0, 0x0, 0x0,
    0x1, 0xff, 0xc7, 0x77, 0x8f, 0xfc, 0x77, 0x76,
    0x0, 0x0, 0x0, 0x0, 0x0, 0x0, 0x0, 0x1f,
    0xf9, 0x0, 0x1, 0xff, 0x80, 0x0, 0x0, 0x0,
    0x0, 0x0, 0x0, 0x47, 0xbb, 0x1, 0xff, 0x90,
    0x0, 0x1f, 0xf8, 0x0, 0x0, 0x0, 0x0, 0x26,
    0x9c, 0xff, 0xff, 0xf0, 0x1f, 0xf9, 0x0, 0x1,
    0xff, 0x90, 0x0, 0x0, 0x8, 0xff, 0xff, 0xff,
    0xff, 0xb7, 0x1, 0xff, 0xff, 0xff, 0xff, 0xff,
    0xff, 0xff, 0xe0, 0x7f, 0xff, 0xfb, 0x73, 0x0,
    0x0, 0x1f, 0xff, 0xff, 0xff, 0xff, 0xff, 0xff,
    0xfe, 0x4, 0xb7, 0x30, 0x0, 0x0, 0x0, 0x1,
    0xff, 0xd9, 0x99, 0x99, 0x99, 0x99, 0x99, 0x80,
    0x0, 0x0, 0x0, 0x0, 0x0, 0x0, 0x1f, 0xf9,
    0x0, 0x0, 0x0, 0x0, 0x0, 0x0,

    /* U+7F20 "缠" */
    0x0, 0x0, 0x0, 0x20, 0x0, 0x0, 0x0, 0x0,
    0x0, 0x15, 0x83, 0x0, 0x0, 0x0, 0x0, 0x0,
    0x0, 0x1f, 0xb3, 0x0, 0x0, 0x0, 0x0, 0x3,
    0xff, 0xa0, 0x0, 0x0, 0x0, 0x0, 0x0, 0x7,
    0xff, 0x50, 0x0, 0x22, 0x22, 0x22, 0x2e, 0xff,
    0x32, 0x22, 0x22, 0x10, 0x0, 0x0, 0xcf, 0xe0,
    0x0, 0x6f, 0xff, 0xff, 0xff, 0xff, 0xff, 0xff,
    0xff, 0xf7, 0x0, 0x0, 0x3f, 0xf7, 0x0, 0x6,
    0xff, 0xff, 0xff, 0xff, 0xff, 0xff, 0xff, 0xff,
    0x70, 0x0, 0x9, 0xff, 0x10, 0x0, 0x6f, 0xf6,
    0x55, 0x55, 0x55, 0x55, 0x55, 0x55, 0x52, 0x0,
    0x1, 0xff, 0x90, 0x0, 0x6, 0xff, 0x10, 0x11,
    0x11, 0x11, 0x11, 0x11, 0x10, 0x0, 0x0, 0x8f,
    0xf1, 0x7, 0x80, 0x6f, 0xf1, 0x8f, 0xff, 0xff,
    0xff, 0xff, 0xff, 0x20, 0x0, 0x1f, 0xf7, 0x1,
    0xff, 0xb6, 0xff, 0x18, 0xff, 0xff, 0xff, 0xff,
    0xff, 0xf2, 0x0, 0xa, 0xfe, 0x0, 0x7f, 0xf3,
    0x6f, 0xf1, 0x8f, 0x90, 0xb, 0xf5, 0x1, 0xff,
    0x20, 0x7, 0xff, 0xb9, 0xaf, 0xfa, 0x6, 0xff,
    0x18, 0xf9, 0x0, 0xbf, 0x50, 0x1f, 0xf2, 0x0,
    0xcf, 0xff, 0xff, 0xff, 0x20, 0x6f, 0xf1, 0x8f,
    0xed, 0xdf, 0xfe, 0xdd, 0xff, 0x20, 0x7, 0xff,
    0xcc, 0xff, 0x80, 0x6, 0xff, 0x18, 0xff, 0xff,
    0xff, 0xff, 0xff, 0xf2, 0x0, 0x12, 0x0, 0xcf,
    0xd0, 0x0, 0x6f, 0xf1, 0x8f, 0x90, 0xb, 0xf6,
    0x2, 0xff, 0x20, 0x0, 0x0, 0x6f, 0xf3, 0x0,
    0x6, 0xff, 0x18, 0xf9, 0x0, 0xbf, 0x50, 0x1f,
    0xf2, 0x0, 0x0, 0x2f, 0xf8, 0x1, 0x50, 0x7f,
    0xf0, 0x8f, 0xec, 0xce, 0xfd, 0xcc, 0xff, 0x20,
    0x0, 0xc, 0xff, 0x9d, 0xff, 0x7, 0xff, 0x8,
    0xff, 0xff, 0xff, 0xff, 0xff, 0xf2, 0x0, 0xb,
    0xff, 0xff, 0xff, 0xf1, 0x8f, 0xe0, 0x24, 0x44,
    0x4e, 0xfb, 0x44, 0x44, 0x0, 0x9, 0xff, 0xff,
    0xfb, 0x62, 0xa, 0xfd, 0x0, 0x0, 0x0, 0xef,
    0x90, 0x0, 0x0, 0x0, 0x4f, 0xe9, 0x40, 0x0,
    0x0, 0xbf, 0xb0, 0x11, 0x11, 0x1e, 0xfa, 0x11,
    0x11, 0x10, 0x0, 0x50, 0x0, 0x0, 0x0, 0xd,
    0xfa, 0xe, 0xff, 0xff, 0xff, 0xff, 0xff, 0xfa,
    0x0, 0x0, 0x0, 0x0, 0x39, 0xa1, 0xff, 0x70,
    0xef, 0xff, 0xff, 0xff, 0xff, 0xff, 0xa0, 0x0,
    0x0, 0x28, 0xdf, 0xff, 0x4f, 0xf3, 0x4, 0x44,
    0x44, 0xef, 0xb4, 0x44, 0x43, 0x0, 0x38, 0xdf,
    0xff, 0xfe, 0x88, 0xff, 0x0, 0x0, 0x0, 0xe,
    0xf9, 0x0, 0x0, 0x0, 0xa, 0xff, 0xff, 0xa4,
    0x0, 0xdf, 0xc0, 0x0, 0x0, 0x0, 0xef, 0x90,
    0x0, 0x0, 0x0, 0x6f, 0xd7, 0x10, 0x0, 0x4f,
    0xf7, 0x4f, 0xff, 0xff, 0xff, 0xff, 0xff, 0xff,
    0xf9, 0x1, 0x30, 0x0, 0x0, 0xb, 0xff, 0x14,
    0xff, 0xff, 0xff, 0xff, 0xff, 0xff, 0xff, 0xa0,
    0x0, 0x0, 0x0, 0x0, 0x3d, 0x90, 0x27, 0x77,
    0x77, 0x77, 0x77, 0x77, 0x77, 0x74, 0x0, 0x0,
    0x0, 0x0, 0x0, 0x12, 0x0, 0x0, 0x0, 0x0,
    0x0, 0x0, 0x0, 0x0, 0x0,

    /* U+7F51 "网" */
    0x7a, 0xaa, 0xaa, 0xaa, 0xaa, 0xaa, 0xaa, 0xaa,
    0xaa, 0xaa, 0xaa, 0xaa, 0xa1, 0xbf, 0xff, 0xff,
    0xff, 0xff, 0xff, 0xff, 0xff, 0xff, 0xff, 0xff,
    0xff, 0xf2, 0xbf, 0xff, 0xff, 0xff, 0xff, 0xff,
    0xff, 0xff, 0xff, 0xff, 0xff, 0xff, 0xf2, 0xbf,
    0xf2, 0x0, 0x0, 0x0, 0x0, 0x0, 0x0, 0x0,
    0x0, 0x0, 0xbf, 0xf2, 0xbf, 0xf1, 0x0, 0x0,
    0x2, 0x21, 0x0, 0x0, 0x0, 0x20, 0x0, 0xaf,
    0xf2, 0xbf, 0xf1, 0x0, 0x0, 0xa, 0xfe, 0x0,
    0x0, 0x5, 0xff, 0x30, 0xaf, 0xf2, 0xbf, 0xf1,
    0x1, 0x0, 0xd, 0xfb, 0x1, 0x0, 0x8, 0xff,
    0x10, 0xaf, 0xf2, 0xbf, 0xf2, 0xad, 0x0, 0x1f,
    0xf8, 0x3e, 0x50, 0xb, 0xfe, 0x0, 0xaf, 0xf2,
    0xbf, 0xf5, 0xff, 0xb0, 0x4f, 0xf5, 0xbf, 0xf3,
    0xe, 0xfb, 0x0, 0xaf, 0xf2, 0xbf, 0xf1, 0x7f,
    0xf8, 0x7f, 0xf2, 0x1e, 0xfe, 0x3f, 0xf8, 0x0,
    0xaf, 0xf2, 0xbf, 0xf1, 0xa, 0xff, 0xef, 0xe0,
    0x2, 0xff, 0xef, 0xf3, 0x0, 0xaf, 0xf2, 0xbf,
    0xf1, 0x0, 0xdf, 0xff, 0xa0, 0x0, 0x6f, 0xff,
    0xf0, 0x0, 0xaf, 0xf2, 0xbf, 0xf1, 0x0, 0x2f,
    0xff, 0x50, 0x0, 0xa, 0xff, 0xb0, 0x0, 0xaf,
    0xf2, 0xbf, 0xf1, 0x0, 0x9, 0xff, 0xb0, 0x0,
    0x3, 0xff, 0xe0, 0x0, 0xaf, 0xf2, 0xbf, 0xf1,
    0x0, 0xf, 0xff, 0xf6, 0x0, 0xa, 0xff, 0xf9,
    0x0, 0xaf, 0xf2, 0xbf, 0xf1, 0x0, 0x7f, 0xff,
    0xff, 0x20, 0x1f, 0xff, 0xff, 0x30, 0xaf, 0xf2,
    0xbf, 0xf1, 0x0, 0xef, 0xe3, 0xff, 0xb0, 0x8f,
    0xf5, 0xef, 0xc0, 0xaf, 0xf2, 0xbf, 0xf1, 0x6,
    0xff, 0x60, 0x8f, 0x91, 0xff, 0xc0, 0x6f, 0xf5,
    0xaf, 0xf2, 0xbf, 0xf1, 0x2f, 0xfe, 0x0, 0x9,
    0xa, 0xff, 0x30, 0xe, 0xe2, 0xaf, 0xf2, 0xbf,
    0xf2, 0xdf, 0xf5, 0x0, 0x0, 0x6f, 0xfb, 0x0,
    0x4, 0x10, 0xaf, 0xf2, 0xbf, 0xfc, 0xff, 0x90,
    0x0, 0x4, 0xff, 0xe1, 0x0, 0x0, 0x0, 0xaf,
    0xf2, 0xbf, 0xf5, 0xdc, 0x0, 0x0, 0x5, 0xef,
    0x30, 0x0, 0x0, 0x0, 0xaf, 0xf2, 0xbf, 0xf1,
    0x11, 0x0, 0x0, 0x0, 0x15, 0x0, 0x0, 0x0,
    0x0, 0xbf, 0xf2, 0xbf, 0xf1, 0x0, 0x0, 0x0,
    0x0, 0x0, 0x0, 0xb, 0xcc, 0xcc, 0xff, 0xf1,
    0xbf, 0xf1, 0x0, 0x0, 0x0, 0x0, 0x0, 0x0,
    0x7, 0xff, 0xff, 0xff, 0xa0, 0xbf, 0xf1, 0x0,
    0x0, 0x0, 0x0, 0x0, 0x0, 0x2, 0xff, 0xfe,
    0xc7, 0x0,

    /* U+7F6E "置" */
    0x0, 0x0, 0x0, 0x0, 0x0, 0x0, 0x0, 0x0,
    0x0, 0x0, 0x0, 0x0, 0x0, 0x0, 0x0, 0x6f,
    0xff, 0xff, 0xff, 0xff, 0xff, 0xff, 0xff, 0xff,
    0xff, 0xff, 0xff, 0x20, 0x0, 0x6f, 0xfe, 0xee,
    0xef, 0xff, 0xee, 0xee, 0xff, 0xfe, 0xee, 0xef,
    0xff, 0x20, 0x0, 0x6f, 0xf4, 0x0, 0x8, 0xff,
    0x0, 0x0, 0xaf, 0xe0, 0x0, 0xb, 0xff, 0x20,
    0x0, 0x6f, 0xf4, 0x0, 0x8, 0xff, 0x0, 0x0,
    0xaf, 0xe0, 0x0, 0xb, 0xff, 0x20, 0x0, 0x6f,
    0xff, 0xff, 0xff, 0xff, 0xff, 0xff, 0xff, 0xff,
    0xff, 0xff, 0xff, 0x20, 0x0, 0x6f, 0xff, 0xff,
    0xff, 0xff, 0xff, 0xff, 0xff, 0xff, 0xff, 0xff,
    0xff, 0x20, 0x0, 0x0, 0x0, 0x0, 0x0, 0x0,
    0x7f, 0xf6, 0x0, 0x0, 0x0, 0x0, 0x0, 0x0,
    0x3, 0x33, 0x33, 0x33, 0x33, 0x33, 0xaf, 0xf7,
    0x33, 0x33, 0x33, 0x33, 0x33, 0x30, 0xc, 0xff,
    0xff, 0xff, 0xff, 0xff, 0xff, 0xff, 0xff, 0xff,
    0xff, 0xff, 0xff, 0xe0, 0xa, 0xdd, 0xdd, 0xdd,
    0xdd, 0xdd, 0xff, 0xfd, 0xdd, 0xdd, 0xdd, 0xdd,
    0xdd, 0xc0, 0x0, 0x0, 0x0, 0x0, 0x0, 0x0,
    0xff, 0xa0, 0x0, 0x0, 0x0, 0x0, 0x0, 0x0,
    0x0, 0x0, 0x4c, 0xcc, 0xcc, 0xcd, 0xff, 0xec,
    0xcc, 0xcc, 0xcc, 0xc9, 0x0, 0x0, 0x0, 0x0,
    0x5f, 0xff, 0xff, 0xff, 0xff, 0xff, 0xff, 0xff,
    0xff, 0xfb, 0x0, 0x0, 0x0, 0x0, 0x5f, 0xf5,
    0x0, 0x0, 0x0, 0x0, 0x0, 0x0, 0xf, 0xfb,
    0x0, 0x0, 0x0, 0x0, 0x5f, 0xfb, 0x88, 0x88,
    0x88, 0x88, 0x88, 0x88, 0x9f, 0xfb, 0x0, 0x0,
    0x0, 0x0, 0x5f, 0xff, 0xff, 0xff, 0xff, 0xff,
    0xff, 0xff, 0xff, 0xfb, 0x0, 0x0, 0x0, 0x0,
    0x5f, 0xf5, 0x0, 0x0, 0x0, 0x0, 0x0, 0x0,
    0xf, 0xfb, 0x0, 0x0, 0x0, 0x0, 0x5f, 0xfb,
    0x88, 0x88, 0x88, 0x88, 0x88, 0x88, 0x9f, 0xfb,
    0x0, 0x0, 0x0, 0x0, 0x5f, 0xff, 0xff, 0xff,
    0xff, 0xff, 0xff, 0xff, 0xff, 0xfb, 0x0, 0x0,
    0x0, 0x0, 0x5f, 0xf5, 0x0, 0x0, 0x0, 0x0,
    0x0, 0x0, 0xf, 0xfb, 0x0, 0x0, 0x0, 0x0,
    0x5f, 0xfa, 0x88, 0x88, 0x88, 0x88, 0x88, 0x88,
    0x8f, 0xfb, 0x0, 0x0, 0x0, 0x0, 0x5f, 0xff,
    0xff, 0xff, 0xff, 0xff, 0xff, 0xff, 0xff, 0xfb,
    0x0, 0x0, 0x0, 0x0, 0x5f, 0xf5, 0x0, 0x0,
    0x0, 0x0, 0x0, 0x0, 0x1f, 0xfb, 0x0, 0x0,
    0x2, 0x22, 0x7f, 0xf7, 0x22, 0x22, 0x22, 0x22,
    0x22, 0x22, 0x3f, 0xfc, 0x22, 0x22, 0x2f, 0xff,
    0xff, 0xff, 0xff, 0xff, 0xff, 0xff, 0xff, 0xff,
    0xff, 0xff, 0xff, 0xfa, 0x2e, 0xee, 0xee, 0xee,
    0xee, 0xee, 0xee, 0xee, 0xee, 0xee, 0xee, 0xee,
    0xee, 0xe9,

    /* U+8054 "联" */
    0x0, 0x0, 0x0, 0x0, 0x0, 0x0, 0x0, 0x39,
    0x10, 0x0, 0x0, 0xa, 0x62, 0x0, 0x8, 0xff,
    0xff, 0xff, 0xff, 0xff, 0xe0, 0x4f, 0xfc, 0x0,
    0x0, 0x6, 0xff, 0xc0, 0x0, 0x8f, 0xff, 0xff,
    0xff, 0xff, 0xfe, 0x0, 0xaf, 0xf9, 0x0, 0x0,
    0xdf, 0xf3, 0x0, 0x4, 0x8f, 0xfb, 0x77, 0x7d,
    0xfd, 0x70, 0x0, 0xdf, 0xf3, 0x0, 0x6f, 0xf9,
    0x0, 0x0, 0x0, 0xff, 0x70, 0x0, 0xbf, 0xb0,
    0x0, 0x5, 0xff, 0x90, 0x1e, 0xfe, 0x0, 0x0,
    0x0, 0xf, 0xf7, 0x0, 0xb, 0xfb, 0x1, 0x33,
    0x3c, 0x73, 0x39, 0xff, 0x83, 0x33, 0x0, 0x0,
    0xff, 0x70, 0x0, 0xbf, 0xb0, 0x4f, 0xff, 0xff,
    0xff, 0xff, 0xff, 0xff, 0xe0, 0x0, 0xf, 0xff,
    0xff, 0xff, 0xfb, 0x4, 0xff, 0xff, 0xff, 0xff,
    0xff, 0xff, 0xfe, 0x0, 0x0, 0xff, 0xff, 0xff,
    0xff, 0xb0, 0x14, 0x44, 0x44, 0xff, 0xf4, 0x44,
    0x44, 0x40, 0x0, 0xf, 0xfa, 0x66, 0x6d, 0xfb,
    0x0, 0x0, 0x0, 0xe, 0xfe, 0x0, 0x0, 0x0,
    0x0, 0x0, 0xff, 0x70, 0x0, 0xbf, 0xb0, 0x0,
    0x0, 0x0, 0xef, 0xe0, 0x0, 0x0, 0x0, 0x0,
    0xf, 0xf7, 0x0, 0xb, 0xfb, 0x0, 0x0, 0x0,
    0xe, 0xfe, 0x0, 0x0, 0x0, 0x0, 0x0, 0xff,
    0x70, 0x0, 0xbf, 0xb0, 0x0, 0x0, 0x0, 0xef,
    0xe0, 0x0, 0x0, 0x0, 0x0, 0xf, 0xfc, 0x99,
    0x9e, 0xfb, 0x8, 0x99, 0x99, 0x9f, 0xff, 0x99,
    0x99, 0x99, 0x80, 0x0, 0xff, 0xff, 0xff, 0xff,
    0xb0, 0xef, 0xff, 0xff, 0xff, 0xff, 0xff, 0xff,
    0xfe, 0x0, 0xf, 0xfe, 0xcc, 0xcf, 0xfb, 0xe,
    0xff, 0xff, 0xff, 0xff, 0xff, 0xff, 0xff, 0xe0,
    0x0, 0xff, 0x70, 0x0, 0xbf, 0xb0, 0x0, 0x0,
    0x5, 0xff, 0xe0, 0x0, 0x0, 0x0, 0x0, 0xf,
    0xf7, 0x0, 0xb, 0xfb, 0x0, 0x0, 0x0, 0x9f,
    0xff, 0x50, 0x0, 0x0, 0x0, 0x0, 0xff, 0x70,
    0x0, 0xbf, 0xb1, 0x30, 0x0, 0xe, 0xff, 0xfc,
    0x0, 0x0, 0x0, 0x0, 0xf, 0xf8, 0x35, 0x8e,
    0xff, 0xfe, 0x0, 0x6, 0xff, 0xff, 0xf6, 0x0,
    0x0, 0x0, 0x6a, 0xff, 0xff, 0xff, 0xff, 0xff,
    0xf0, 0x0, 0xef, 0xf5, 0xef, 0xf2, 0x0, 0x0,
    0xa, 0xff, 0xff, 0xff, 0xff, 0xfd, 0x41, 0x0,
    0xaf, 0xfc, 0x6, 0xff, 0xc0, 0x0, 0x0, 0x6e,
    0xc9, 0x64, 0x10, 0xbf, 0xb0, 0x0, 0x8f, 0xff,
    0x20, 0xb, 0xff, 0xc1, 0x0, 0x0, 0x0, 0x0,
    0x0, 0xb, 0xfb, 0x0, 0x7f, 0xff, 0x50, 0x0,
    0x1e, 0xff, 0xd4, 0x0, 0x0, 0x0, 0x0, 0x0,
    0xbf, 0xb1, 0xaf, 0xff, 0x60, 0x0, 0x0, 0x2d,
    0xff, 0xfb, 0x10, 0x0, 0x0, 0x0, 0xb, 0xfb,
    0xbf, 0xff, 0x60, 0x0, 0x0, 0x0, 0x1c, 0xff,
    0x80, 0x0, 0x0, 0x0, 0x0, 0xbf, 0xb0, 0xcd,
    0x20, 0x0, 0x0, 0x0, 0x0, 0x6, 0xb0, 0x0,
    0x0, 0x0, 0x0, 0x0, 0x0, 0x0, 0x0, 0x0,
    0x0, 0x0, 0x0, 0x0, 0x0, 0x0,

    /* U+80FD "能" */
    0x0, 0x0, 0x1, 0x0, 0x0, 0x0, 0x0, 0x1,
    0x11, 0x0, 0x0, 0x0, 0x0, 0x0, 0x0, 0x0,
    0x5f, 0xd8, 0x0, 0x0, 0x0, 0xb, 0xff, 0x10,
    0x0, 0x0, 0x0, 0x0, 0x0, 0x0, 0xdf, 0xf7,
    0x0, 0x20, 0x0, 0xb, 0xff, 0x10, 0x0, 0x0,
    0x0, 0x0, 0x0, 0x5, 0xff, 0xd0, 0x5e, 0xf3,
    0x0, 0xb, 0xff, 0x10, 0x0, 0x2a, 0xd1, 0x0,
    0x0, 0xe, 0xff, 0x40, 0x2f, 0xfc, 0x0, 0xb,
    0xff, 0x10, 0x4b, 0xff, 0xfc, 0x0, 0x0, 0x9f,
    0xf8, 0x0, 0x8, 0xff, 0x70, 0xb, 0xff, 0x9e,
    0xff, 0xff, 0xb5, 0x0, 0x7, 0xff, 0xd2, 0x23,
    0x46, 0xff, 0xf1, 0xb, 0xff, 0xff, 0xfd, 0x82,
    0x0, 0x0, 0x3f, 0xff, 0xff, 0xff, 0xff, 0xff,
    0xf8, 0xb, 0xff, 0xd8, 0x20, 0x0, 0x0, 0x0,
    0xd, 0xff, 0xff, 0xff, 0xfd, 0xce, 0xfe, 0xb,
    0xff, 0x10, 0x0, 0x0, 0x6, 0x0, 0x6, 0x86,
    0x43, 0x10, 0x0, 0x7, 0xe8, 0xb, 0xff, 0x10,
    0x0, 0x0, 0xf, 0xf6, 0x0, 0x0, 0x0, 0x0,
    0x0, 0x0, 0x0, 0xb, 0xff, 0x10, 0x0, 0x0,
    0x1f, 0xf7, 0x0, 0x66, 0x66, 0x66, 0x66, 0x66,
    0x60, 0x9, 0xff, 0x96, 0x66, 0x66, 0xbf, 0xf4,
    0x1, 0xff, 0xff, 0xff, 0xff, 0xff, 0xe0, 0x5,
    0xff, 0xff, 0xff, 0xff, 0xff, 0xe0, 0x1, 0xff,
    0xff, 0xff, 0xff, 0xff, 0xe0, 0x0, 0x8f, 0xff,
    0xff, 0xff, 0xfd, 0x30, 0x1, 0xff, 0x80, 0x0,
    0x0, 0xdf, 0xe0, 0x7, 0xbb, 0x21, 0x11, 0x11,
    0x0, 0x0, 0x1, 0xff, 0x90, 0x0, 0x0, 0xef,
    0xe0, 0xa, 0xff, 0x10, 0x0, 0x0, 0x0, 0x0,
    0x1, 0xff, 0xff, 0xff, 0xff, 0xff, 0xe0, 0xa,
    0xff, 0x10, 0x0, 0x2, 0x91, 0x0, 0x1, 0xff,
    0xff, 0xff, 0xff, 0xff, 0xe0, 0xa, 0xff, 0x10,
    0x3, 0xaf, 0xfd, 0x10, 0x1, 0xff, 0x91, 0x11,
    0x11, 0xef, 0xe0, 0xa, 0xff, 0x36, 0xcf, 0xff,
    0xfb, 0x30, 0x1, 0xff, 0x80, 0x0, 0x0, 0xdf,
    0xe0, 0xa, 0xff, 0xff, 0xff, 0xf9, 0x30, 0x0,
    0x1, 0xff, 0xed, 0xdd, 0xdd, 0xff, 0xe0, 0xa,
    0xff, 0xfe, 0x94, 0x0, 0x0, 0x0, 0x1, 0xff,
    0xff, 0xff, 0xff, 0xff, 0xe0, 0xa, 0xff, 0x50,
    0x0, 0x0, 0x0, 0x0, 0x1, 0xff, 0xb5, 0x55,
    0x55, 0xef, 0xe0, 0xa, 0xff, 0x10, 0x0, 0x0,
    0xa, 0xa5, 0x1, 0xff, 0x80, 0x0, 0x0, 0xdf,
    0xe0, 0xa, 0xff, 0x10, 0x0, 0x0, 0xb, 0xfc,
    0x1, 0xff, 0x80, 0x0, 0x0, 0xdf, 0xe0, 0xa,
    0xff, 0x20, 0x0, 0x0, 0xe, 0xfa, 0x1, 0xff,
    0x80, 0x19, 0x89, 0xff, 0xd0, 0x8, 0xff, 0xdb,
    0xaa, 0xab, 0xdf, 0xf6, 0x1, 0xff, 0x80, 0xe,
    0xff, 0xff, 0xa0, 0x2, 0xff, 0xff, 0xff, 0xff,
    0xff, 0xe0, 0x1, 0xff, 0x80, 0x8, 0xfe, 0xc8,
    0x0, 0x0, 0x39, 0xbc, 0xcc, 0xcc, 0xb9, 0x10,

    /* U+8111 "脑" */
    0x0, 0x0, 0x0, 0x0, 0x0, 0x0, 0x0, 0x0,
    0x0, 0x12, 0x0, 0x0, 0x0, 0x0, 0x0, 0x2,
    0x44, 0x44, 0x44, 0x42, 0x0, 0x0, 0x0, 0xbf,
    0xe0, 0x0, 0x0, 0x0, 0x0, 0x0, 0x8f, 0xff,
    0xff, 0xff, 0x70, 0x0, 0x0, 0x9, 0xff, 0x80,
    0x0, 0x0, 0x0, 0x0, 0x8, 0xff, 0xff, 0xff,
    0xf7, 0x0, 0x0, 0x0, 0x1f, 0xff, 0x10, 0x0,
    0x0, 0x0, 0x0, 0x8f, 0xf0, 0x0, 0xef, 0x70,
    0x0, 0x0, 0x0, 0x8f, 0xf8, 0x0, 0x0, 0x0,
    0x0, 0x8, 0xff, 0x0, 0xe, 0xf7, 0x9f, 0xff,
    0xff, 0xff, 0xff, 0xff, 0xff, 0xff, 0xf6, 0x0,
    0x8f, 0xf0, 0x0, 0xef, 0x79, 0xff, 0xff, 0xff,
    0xff, 0xff, 0xff, 0xff, 0xff, 0x60, 0x8, 0xff,
    0x0, 0xe, 0xf7, 0x6b, 0xbb, 0xbb, 0xbb, 0xbb,
    0xbb, 0xbb, 0xbb, 0xb5, 0x0, 0x8f, 0xf2, 0x22,
    0xef, 0x70, 0x0, 0x0, 0x0, 0x0, 0x5, 0x96,
    0x0, 0x0, 0x0, 0x8, 0xff, 0xff, 0xff, 0xf7,
    0x8, 0x86, 0x2, 0x0, 0x0, 0xcf, 0xc0, 0xaa,
    0x60, 0x0, 0x8f, 0xff, 0xff, 0xff, 0x70, 0xef,
    0xb3, 0xf7, 0x0, 0x1f, 0xf7, 0xf, 0xf9, 0x0,
    0x8, 0xff, 0x22, 0x2e, 0xf7, 0xe, 0xfc, 0xdf,
    0xf3, 0x7, 0xff, 0x20, 0xff, 0x90, 0x0, 0x8f,
    0xf0, 0x0, 0xef, 0x70, 0xef, 0xb3, 0xff, 0xd0,
    0xcf, 0xd0, 0xf, 0xf9, 0x0, 0x8, 0xff, 0x0,
    0xe, 0xf7, 0xe, 0xfb, 0x6, 0xff, 0xbf, 0xf7,
    0x0, 0xff, 0x90, 0x0, 0x9f, 0xe0, 0x0, 0xef,
    0x70, 0xef, 0xb0, 0xa, 0xff, 0xff, 0x10, 0xf,
    0xf9, 0x0, 0x9, 0xff, 0x44, 0x4f, 0xf7, 0xe,
    0xfb, 0x0, 0xd, 0xff, 0xa0, 0x0, 0xff, 0x90,
    0x0, 0x9f, 0xff, 0xff, 0xff, 0x70, 0xef, 0xb0,
    0x0, 0x9f, 0xfd, 0x0, 0xf, 0xf9, 0x0, 0xa,
    0xff, 0xff, 0xff, 0xf7, 0xe, 0xfb, 0x0, 0x3f,
    0xff, 0xf8, 0x0, 0xff, 0x90, 0x0, 0xbf, 0xc2,
    0x22, 0xef, 0x70, 0xef, 0xb0, 0xc, 0xff, 0xcf,
    0xf3, 0xf, 0xf9, 0x0, 0xc, 0xfa, 0x0, 0xe,
    0xf7, 0xe, 0xfb, 0x8, 0xff, 0x72, 0xff, 0xd0,
    0xff, 0x90, 0x0, 0xef, 0x80, 0x0, 0xef, 0x70,
    0xef, 0xb6, 0xff, 0xd0, 0x7, 0xff, 0x6f, 0xf9,
    0x0, 0xf, 0xf6, 0x0, 0xe, 0xf7, 0xe, 0xfd,
    0xff, 0xf2, 0x0, 0xe, 0xa0, 0xff, 0x90, 0x2,
    0xff, 0x40, 0x0, 0xef, 0x70, 0xef, 0xb3, 0xf4,
    0x0, 0x0, 0x20, 0xf, 0xf9, 0x0, 0x5f, 0xf1,
    0x0, 0xe, 0xf7, 0xe, 0xfb, 0x1, 0x0, 0x0,
    0x0, 0x0, 0xff, 0x90, 0x9, 0xfe, 0x0, 0x0,
    0xef, 0x70, 0xef, 0xe9, 0x99, 0x99, 0x99, 0x99,
    0x9f, 0xf9, 0x0, 0xdf, 0xa0, 0x27, 0x7f, 0xf7,
    0xe, 0xff, 0xff, 0xff, 0xff, 0xff, 0xff, 0xff,
    0x90, 0x2f, 0xf5, 0x1, 0xff, 0xff, 0x40, 0xef,
    0xff, 0xff, 0xff, 0xff, 0xff, 0xff, 0xf9, 0x0,
    0x7e, 0x0, 0xd, 0xfd, 0x70, 0x0, 0x0, 0x0,
    0x0, 0x0, 0x0, 0x0, 0xff, 0x90, 0x0, 0x0,
    0x0, 0x0, 0x0, 0x0, 0x0, 0x0, 0x0, 0x0,
    0x0, 0x0, 0x0, 0x0, 0x0,

    /* U+8131 "脱" */
    0x0, 0x0, 0x0, 0x0, 0x0, 0x0, 0x0, 0x0,
    0x0, 0x0, 0x0, 0x0, 0x0, 0x0, 0x0, 0x0,
    0x0, 0x0, 0x0, 0x0, 0x0, 0x0, 0x39, 0xc0,
    0x0, 0x0, 0x7, 0xd8, 0x20, 0x0, 0x0, 0x3f,
    0xff, 0xff, 0xff, 0xf1, 0x0, 0x9f, 0xf6, 0x0,
    0x0, 0xd, 0xff, 0x60, 0x0, 0x0, 0x3f, 0xff,
    0xff, 0xff, 0xf1, 0x0, 0x1f, 0xff, 0x10, 0x0,
    0x3f, 0xfd, 0x0, 0x0, 0x0, 0x3f, 0xf9, 0x88,
    0xbf, 0xf1, 0x0, 0x8, 0xff, 0x70, 0x0, 0xaf,
    0xf6, 0x0, 0x0, 0x0, 0x3f, 0xf2, 0x0, 0x6f,
    0xf1, 0x0, 0x1, 0xff, 0xe0, 0x2, 0xff, 0xd0,
    0x0, 0x0, 0x0, 0x3f, 0xf2, 0x0, 0x6f, 0xf1,
    0x1, 0x11, 0xbe, 0x72, 0x1a, 0xff, 0x61, 0x10,
    0x0, 0x0, 0x3f, 0xf2, 0x0, 0x6f, 0xf1, 0xd,
    0xff, 0xff, 0xff, 0xff, 0xff, 0xff, 0xf3, 0x0,
    0x0, 0x3f, 0xf3, 0x0, 0x7f, 0xf1, 0xd, 0xff,
    0xff, 0xff, 0xff, 0xff, 0xff, 0xf3, 0x0, 0x0,
    0x3f, 0xff, 0xff, 0xff, 0xf1, 0xd, 0xff, 0x66,
    0x66, 0x66, 0x66, 0xcf, 0xf3, 0x0, 0x0, 0x3f,
    0xff, 0xff, 0xff, 0xf1, 0xd, 0xfe, 0x0, 0x0,
    0x0, 0x0, 0xaf, 0xf3, 0x0, 0x0, 0x3f, 0xf9,
    0x88, 0xbf, 0xf1, 0xd, 0xfe, 0x0, 0x0, 0x0,
    0x0, 0xaf, 0xf3, 0x0, 0x0, 0x3f, 0xf2, 0x0,
    0x6f, 0xf1, 0xd, 0xfe, 0x0, 0x0, 0x0, 0x0,
    0xaf, 0xf3, 0x0, 0x0, 0x3f, 0xf2, 0x0, 0x6f,
    0xf1, 0xd, 0xfe, 0x0, 0x0, 0x0, 0x0, 0xaf,
    0xf3, 0x0, 0x0, 0x4f, 0xf2, 0x0, 0x6f, 0xf1,
    0xd, 0xff, 0xcc, 0xcc, 0xcc, 0xcc, 0xef, 0xf3,
    0x0, 0x0, 0x4f, 0xf2, 0x0, 0x7f, 0xf1, 0xd,
    0xff, 0xff, 0xff, 0xff, 0xff, 0xff, 0xf3, 0x0,
    0x0, 0x4f, 0xff, 0xff, 0xff, 0xf1, 0x8, 0xaa,
    0xef, 0xfa, 0xaf, 0xff, 0xaa, 0xa2, 0x0, 0x0,
    0x5f, 0xff, 0xff, 0xff, 0xf1, 0x0, 0x0, 0xef,
    0xe0, 0xd, 0xfe, 0x0, 0x0, 0x0, 0x0, 0x6f,
    0xf9, 0x99, 0xcf, 0xf1, 0x0, 0x0, 0xff, 0xc0,
    0xd, 0xfe, 0x0, 0x0, 0x0, 0x0, 0x8f, 0xe0,
    0x0, 0x6f, 0xf1, 0x0, 0x2, 0xff, 0xa0, 0xd,
    0xfe, 0x0, 0x0, 0x0, 0x0, 0x9f, 0xc0, 0x0,
    0x6f, 0xf1, 0x0, 0x7, 0xff, 0x70, 0xd, 0xfe,
    0x0, 0x0, 0x0, 0x0, 0xcf, 0xa0, 0x0, 0x6f,
    0xf1, 0x0, 0xc, 0xff, 0x20, 0xd, 0xfe, 0x0,
    0x0, 0x0, 0x0, 0xef, 0x80, 0x0, 0x6f, 0xf1,
    0x0, 0x3f, 0xfd, 0x0, 0xd, 0xfe, 0x0, 0x3c,
    0x50, 0x1, 0xff, 0x60, 0x0, 0x6f, 0xf1, 0x0,
    0xdf, 0xf7, 0x0, 0xd, 0xfe, 0x0, 0x4f, 0xf3,
    0x5, 0xff, 0x20, 0x0, 0x7f, 0xf1, 0xb, 0xff,
    0xe0, 0x0, 0xd, 0xfe, 0x0, 0x5f, 0xf1, 0xa,
    0xfe, 0x2, 0x89, 0xdf, 0xf5, 0xdf, 0xff, 0x30,
    0x0, 0xc, 0xff, 0xba, 0xef, 0xe0, 0xf, 0xfa,
    0x0, 0xff, 0xff, 0xdd, 0xff, 0xf4, 0x0, 0x0,
    0x9, 0xff, 0xff, 0xff, 0x90, 0x5, 0xd4, 0x0,
    0xcf, 0xea, 0x21, 0xec, 0x20, 0x0, 0x0, 0x1,
    0xad, 0xee, 0xda, 0x0, 0x0, 0x0, 0x0, 0x0,
    0x0, 0x0, 0x10, 0x0, 0x0, 0x0, 0x0, 0x0,
    0x0, 0x0, 0x0,

    /* U+81EA "自" */
    0x0, 0x0, 0x0, 0x0, 0x1, 0x0, 0x0, 0x0,
    0x0, 0x0, 0x0, 0x0, 0x0, 0x0, 0x0, 0x0,
    0xaf, 0xe9, 0x0, 0x0, 0x0, 0x0, 0x0, 0x0,
    0x0, 0x0, 0x0, 0xe, 0xff, 0x60, 0x0, 0x0,
    0x0, 0x0, 0x0, 0x0, 0x0, 0x0, 0x2, 0xff,
    0xf0, 0x0, 0x0, 0x0, 0x0, 0x0, 0x1, 0x11,
    0x11, 0x11, 0x7f, 0xfa, 0x11, 0x11, 0x11, 0x11,
    0x11, 0x1, 0xff, 0xff, 0xff, 0xff, 0xff, 0xff,
    0xff, 0xff, 0xff, 0xff, 0xf0, 0x1f, 0xff, 0xff,
    0xff, 0xff, 0xff, 0xff, 0xff, 0xff, 0xff, 0xff,
    0x1, 0xff, 0xe9, 0x99, 0x99, 0x99, 0x99, 0x99,
    0x99, 0x99, 0xff, 0xf0, 0x1f, 0xfb, 0x0, 0x0,
    0x0, 0x0, 0x0, 0x0, 0x0, 0xf, 0xff, 0x1,
    0xff, 0xb0, 0x0, 0x0, 0x0, 0x0, 0x0, 0x0,
    0x0, 0xff, 0xf0, 0x1f, 0xfb, 0x0, 0x0, 0x0,
    0x0, 0x0, 0x0, 0x0, 0xf, 0xff, 0x1, 0xff,
    0xeb, 0xbb, 0xbb, 0xbb, 0xbb, 0xbb, 0xbb, 0xbb,
    0xff, 0xf0, 0x1f, 0xff, 0xff, 0xff, 0xff, 0xff,
    0xff, 0xff, 0xff, 0xff, 0xff, 0x1, 0xff, 0xff,
    0xff, 0xff, 0xff, 0xff, 0xff, 0xff, 0xff, 0xff,
    0xf0, 0x1f, 0xfb, 0x0, 0x0, 0x0, 0x0, 0x0,
    0x0, 0x0, 0xf, 0xff, 0x1, 0xff, 0xb0, 0x0,
    0x0, 0x0, 0x0, 0x0, 0x0, 0x0, 0xff, 0xf0,
    0x1f, 0xfb, 0x0, 0x0, 0x0, 0x0, 0x0, 0x0,
    0x0, 0xf, 0xff, 0x1, 0xff, 0xb0, 0x0, 0x0,
    0x0, 0x0, 0x0, 0x0, 0x0, 0xff, 0xf0, 0x1f,
    0xff, 0xff, 0xff, 0xff, 0xff, 0xff, 0xff, 0xff,
    0xff, 0xff, 0x1, 0xff, 0xff, 0xff, 0xff, 0xff,
    0xff, 0xff, 0xff, 0xff, 0xff, 0xf0, 0x1f, 0xfe,
    0x99, 0x99, 0x99, 0x99, 0x99, 0x99, 0x99, 0x9f,
    0xff, 0x1, 0xff, 0xb0, 0x0, 0x0, 0x0, 0x0,
    0x0, 0x0, 0x0, 0xff, 0xf0, 0x1f, 0xfb, 0x0,
    0x0, 0x0, 0x0, 0x0, 0x0, 0x0, 0xf, 0xff,
    0x1, 0xff, 0xb0, 0x0, 0x0, 0x0, 0x0, 0x0,
    0x0, 0x0, 0xff, 0xf0, 0x1f, 0xfe, 0xbb, 0xbb,
    0xbb, 0xbb, 0xbb, 0xbb, 0xbb, 0xbf, 0xff, 0x1,
    0xff, 0xff, 0xff, 0xff, 0xff, 0xff, 0xff, 0xff,
    0xff, 0xff, 0xf0, 0x1f, 0xff, 0xff, 0xff, 0xff,
    0xff, 0xff, 0xff, 0xff, 0xff, 0xff, 0x1, 0xff,
    0xb0, 0x0, 0x0, 0x0, 0x0, 0x0, 0x0, 0x0,
    0xde, 0xe0,

    /* U+81ED "臭" */
    0x0, 0x0, 0x0, 0x0, 0x0, 0x0, 0x53, 0x20,
    0x0, 0x0, 0x0, 0x0, 0x0, 0x0, 0x0, 0x0,
    0x0, 0x0, 0x0, 0x3, 0xff, 0xf1, 0x0, 0x0,
    0x0, 0x0, 0x0, 0x0, 0x0, 0x0, 0x0, 0x0,
    0x0, 0x9, 0xff, 0x90, 0x0, 0x0, 0x0, 0x0,
    0x0, 0x0, 0x0, 0x2, 0xff, 0xff, 0xff, 0xff,
    0xff, 0xff, 0xff, 0xff, 0xff, 0xff, 0x0, 0x0,
    0x0, 0x2, 0xff, 0xff, 0xff, 0xff, 0xff, 0xff,
    0xff, 0xff, 0xff, 0xff, 0x0, 0x0, 0x0, 0x2,
    0xff, 0xd1, 0x11, 0x11, 0x11, 0x11, 0x11, 0x11,
    0x2f, 0xff, 0x0, 0x0, 0x0, 0x2, 0xff, 0xd1,
    0x11, 0x11, 0x11, 0x11, 0x11, 0x11, 0x2f, 0xff,
    0x0, 0x0, 0x0, 0x2, 0xff, 0xff, 0xff, 0xff,
    0xff, 0xff, 0xff, 0xff, 0xff, 0xff, 0x0, 0x0,
    0x0, 0x2, 0xff, 0xff, 0xff, 0xff, 0xff, 0xff,
    0xff, 0xff, 0xff, 0xff, 0x0, 0x0, 0x0, 0x2,
    0xff, 0xc0, 0x0, 0x0, 0x0, 0x0, 0x0, 0x0,
    0xf, 0xff, 0x0, 0x0, 0x0, 0x2, 0xff, 0xd0,
    0x0, 0x0, 0x0, 0x0, 0x0, 0x0, 0x1f, 0xff,
    0x0, 0x0, 0x0, 0x2, 0xff, 0xff, 0xff, 0xff,
    0xff, 0xff, 0xff, 0xff, 0xff, 0xff, 0x0, 0x0,
    0x0, 0x2, 0xff, 0xfe, 0xee, 0xee, 0xee, 0xee,
    0xee, 0xee, 0xef, 0xff, 0x0, 0x0, 0x0, 0x2,
    0xff, 0xc0, 0x0, 0x0, 0x0, 0x0, 0x0, 0x0,
    0xf, 0xff, 0x0, 0x0, 0x0, 0x2, 0xff, 0xd2,
    0x22, 0x22, 0x22, 0x22, 0x22, 0x22, 0x3f, 0xff,
    0x0, 0x0, 0x0, 0x2, 0xff, 0xff, 0xff, 0xff,
    0xff, 0xff, 0xff, 0xff, 0xff, 0xff, 0x0, 0x0,
    0x0, 0x2, 0xff, 0xff, 0xff, 0xff, 0xff, 0xff,
    0xff, 0xff, 0xff, 0xff, 0x0, 0x0, 0x0, 0x0,
    0x0, 0x0, 0x0, 0x0, 0xa, 0x73, 0x0, 0xaf,
    0xc5, 0x0, 0x0, 0x0, 0x0, 0x0, 0x0, 0x0,
    0x0, 0x0, 0x6f, 0xf8, 0x0, 0x4c, 0xff, 0xc3,
    0x0, 0x0, 0x7, 0x88, 0x88, 0x88, 0x88, 0x88,
    0xdf, 0xfa, 0x88, 0x88, 0xcf, 0xf9, 0x88, 0x80,
    0xf, 0xff, 0xff, 0xff, 0xff, 0xff, 0xff, 0xff,
    0xff, 0xff, 0xff, 0xff, 0xff, 0xf1, 0xe, 0xff,
    0xff, 0xff, 0xff, 0xff, 0xff, 0xff, 0xff, 0xff,
    0xff, 0xff, 0xff, 0xf1, 0x0, 0x0, 0x0, 0x0,
    0x5, 0xff, 0xf8, 0xef, 0xf5, 0x0, 0x0, 0x0,
    0x0, 0x0, 0x0, 0x0, 0x0, 0x1, 0x9f, 0xff,
    0x70, 0x3f, 0xff, 0x91, 0x0, 0x0, 0x0, 0x0,
    0x0, 0x0, 0x2, 0x8f, 0xff, 0xf8, 0x0, 0x4,
    0xef, 0xff, 0xa4, 0x0, 0x0, 0x0, 0x0, 0x37,
    0xcf, 0xff, 0xfd, 0x30, 0x0, 0x0, 0x1a, 0xff,
    0xff, 0xfc, 0x97, 0x53, 0x7f, 0xff, 0xff, 0xfd,
    0x70, 0x0, 0x0, 0x0, 0x0, 0x4b, 0xff, 0xff,
    0xff, 0xf5, 0xe, 0xff, 0xea, 0x40, 0x0, 0x0,
    0x0, 0x0, 0x0, 0x0, 0x16, 0xad, 0xff, 0xb0,
    0x4, 0x62, 0x0, 0x0, 0x0, 0x0, 0x0, 0x0,
    0x0, 0x0, 0x0, 0x0, 0x3, 0x10,

    /* U+81F4 "致" */
    0x0, 0x0, 0x0, 0x0, 0x0, 0x0, 0x0, 0x0,
    0x4, 0x20, 0x0, 0x0, 0x0, 0x0, 0x0, 0x0,
    0x0, 0x0, 0x0, 0x0, 0x0, 0x0, 0x0, 0xff,
    0xe0, 0x0, 0x0, 0x0, 0x0, 0x58, 0x88, 0x88,
    0x88, 0x88, 0x88, 0x87, 0x0, 0x4f, 0xfb, 0x0,
    0x0, 0x0, 0x0, 0xa, 0xff, 0xff, 0xff, 0xff,
    0xff, 0xff, 0xe0, 0x8, 0xff, 0x70, 0x0, 0x0,
    0x0, 0x0, 0xaf, 0xff, 0xff, 0xff, 0xff, 0xff,
    0xfe, 0x0, 0xbf, 0xf3, 0x0, 0x0, 0x0, 0x0,
    0x0, 0x0, 0x3f, 0xfd, 0x10, 0x0, 0x0, 0x0,
    0xf, 0xff, 0x0, 0x0, 0x0, 0x0, 0x0, 0x0,
    0xb, 0xff, 0x50, 0x5, 0x60, 0x0, 0x3, 0xff,
    0xfa, 0xaa, 0xaa, 0xaa, 0xa7, 0x0, 0x3, 0xff,
    0xc0, 0x9, 0xff, 0x20, 0x0, 0x9f, 0xff, 0xff,
    0xff, 0xff, 0xff, 0xb0, 0x0, 0xcf, 0xf2, 0x0,
    0x1e, 0xfc, 0x0, 0xe, 0xff, 0xff, 0xff, 0xff,
    0xff, 0xfb, 0x0, 0x7f, 0xf8, 0x12, 0x34, 0xaf,
    0xf6, 0x5, 0xff, 0xc0, 0x0, 0x3, 0xff, 0xa0,
    0x0, 0x6f, 0xff, 0xff, 0xff, 0xff, 0xff, 0xe1,
    0xdf, 0xff, 0x0, 0x0, 0x6f, 0xf7, 0x0, 0x4,
    0xff, 0xff, 0xff, 0xff, 0xff, 0xff, 0xcf, 0xff,
    0xf3, 0x0, 0x9, 0xff, 0x50, 0x0, 0xd, 0xc9,
    0x86, 0x53, 0x20, 0xc, 0xbf, 0xff, 0xff, 0x70,
    0x0, 0xcf, 0xf2, 0x0, 0x0, 0x0, 0x0, 0x2b,
    0xb7, 0x0, 0x9, 0xff, 0xde, 0xfc, 0x0, 0xf,
    0xfe, 0x0, 0x0, 0x0, 0x0, 0x3, 0xff, 0xa0,
    0x0, 0x6f, 0xf3, 0x9f, 0xf1, 0x4, 0xff, 0xa0,
    0x0, 0x0, 0x0, 0x0, 0x3f, 0xfa, 0x0, 0x0,
    0x59, 0x4, 0xff, 0x70, 0x9f, 0xf6, 0x0, 0x0,
    0x18, 0x88, 0x8a, 0xff, 0xd8, 0x88, 0x84, 0x0,
    0xe, 0xfe, 0xf, 0xff, 0x10, 0x0, 0x1, 0xff,
    0xff, 0xff, 0xff, 0xff, 0xff, 0x80, 0x0, 0x9f,
    0xfa, 0xff, 0xb0, 0x0, 0x0, 0x1f, 0xff, 0xff,
    0xff, 0xff, 0xff, 0xf8, 0x0, 0x2, 0xff, 0xff,
    0xf5, 0x0, 0x0, 0x0, 0x0, 0x0, 0x3f, 0xfa,
    0x0, 0x0, 0x0, 0x0, 0xb, 0xff, 0xfd, 0x0,
    0x0, 0x0, 0x0, 0x0, 0x3, 0xff, 0xa0, 0x0,
    0x0, 0x0, 0x0, 0x4f, 0xff, 0x60, 0x0, 0x0,
    0x0, 0x0, 0x0, 0x3f, 0xfa, 0x0, 0x0, 0x0,
    0x0, 0xc, 0xff, 0xfc, 0x0, 0x0, 0x0, 0x0,
    0x0, 0x3, 0xff, 0xb4, 0x68, 0xbd, 0x10, 0xb,
    0xff, 0xff, 0xfa, 0x0, 0x0, 0x0, 0x13, 0x68,
    0xbf, 0xff, 0xff, 0xff, 0xf1, 0xb, 0xff, 0xfa,
    0xff, 0xf9, 0x0, 0x0, 0xef, 0xff, 0xff, 0xff,
    0xff, 0xff, 0xfd, 0x4d, 0xff, 0xf6, 0x8, 0xff,
    0xfc, 0x20, 0xc, 0xff, 0xff, 0xff, 0xda, 0x75,
    0x22, 0x9f, 0xff, 0xf6, 0x0, 0x9, 0xff, 0xff,
    0x70, 0xad, 0xa8, 0x52, 0x0, 0x0, 0x0, 0x4f,
    0xff, 0xe4, 0x0, 0x0, 0x8, 0xff, 0xfb, 0x0,
    0x0, 0x0, 0x0, 0x0, 0x0, 0x0, 0x9f, 0x91,
    0x0, 0x0, 0x0, 0x3, 0xdd, 0x0, 0x0, 0x0,
    0x0, 0x0, 0x0, 0x0, 0x1, 0x40, 0x0, 0x0,
    0x0, 0x0, 0x0, 0x20, 0x0,

    /* U+8282 "节" */
    0x0, 0x0, 0x0, 0x1, 0x22, 0x0, 0x0, 0x0,
    0x0, 0x22, 0x20, 0x0, 0x0, 0x0, 0x0, 0x0,
    0x0, 0x9, 0xff, 0x40, 0x0, 0x0, 0x1, 0xff,
    0xe0, 0x0, 0x0, 0x0, 0x0, 0x0, 0x0, 0x9,
    0xff, 0x40, 0x0, 0x0, 0x1, 0xff, 0xe0, 0x0,
    0x0, 0x0, 0x0, 0x0, 0x0, 0x9, 0xff, 0x40,
    0x0, 0x0, 0x1, 0xff, 0xe0, 0x0, 0x0, 0x0,
    0x2f, 0xff, 0xff, 0xff, 0xff, 0xff, 0xff, 0xff,
    0xff, 0xff, 0xff, 0xff, 0xff, 0xfa, 0x2f, 0xff,
    0xff, 0xff, 0xff, 0xff, 0xff, 0xff, 0xff, 0xff,
    0xff, 0xff, 0xff, 0xfa, 0x2b, 0xbb, 0xbb, 0xbe,
    0xff, 0xdb, 0xbb, 0xbb, 0xbc, 0xff, 0xfb, 0xbb,
    0xbb, 0xb8, 0x0, 0x0, 0x0, 0x9, 0xff, 0x40,
    0x0, 0x0, 0x1, 0xff, 0xe0, 0x0, 0x0, 0x0,
    0x0, 0x0, 0x0, 0x9, 0xff, 0x40, 0x0, 0x0,
    0x1, 0xff, 0xe0, 0x0, 0x0, 0x0, 0x0, 0x0,
    0x0, 0x9, 0xff, 0x40, 0x0, 0x0, 0x1, 0xff,
    0xe0, 0x0, 0x0, 0x0, 0x0, 0x0, 0x0, 0x0,
    0x0, 0x0, 0x0, 0x0, 0x0, 0x0, 0x0, 0x0,
    0x0, 0x0, 0x1, 0xaa, 0xaa, 0xaa, 0xaa, 0xaa,
    0xaa, 0xaa, 0xaa, 0xaa, 0xaa, 0xaa, 0xa0, 0x0,
    0x1, 0xff, 0xff, 0xff, 0xff, 0xff, 0xff, 0xff,
    0xff, 0xff, 0xff, 0xff, 0xf0, 0x0, 0x1, 0xff,
    0xff, 0xff, 0xff, 0xff, 0xff, 0xff, 0xff, 0xff,
    0xff, 0xff, 0xf0, 0x0, 0x0, 0x0, 0x0, 0x0,
    0x8, 0xff, 0x80, 0x0, 0x0, 0x0, 0x0, 0xff,
    0xf0, 0x0, 0x0, 0x0, 0x0, 0x0, 0x7, 0xff,
    0x80, 0x0, 0x0, 0x0, 0x0, 0xff, 0xf0, 0x0,
    0x0, 0x0, 0x0, 0x0, 0x7, 0xff, 0x80, 0x0,
    0x0, 0x0, 0x0, 0xff, 0xf0, 0x0, 0x0, 0x0,
    0x0, 0x0, 0x7, 0xff, 0x80, 0x0, 0x0, 0x0,
    0x0, 0xff, 0xf0, 0x0, 0x0, 0x0, 0x0, 0x0,
    0x7, 0xff, 0x80, 0x0, 0x0, 0x0, 0x0, 0xff,
    0xf0, 0x0, 0x0, 0x0, 0x0, 0x0, 0x7, 0xff,
    0x80, 0x0, 0x0, 0x0, 0x0, 0xff, 0xf0, 0x0,
    0x0, 0x0, 0x0, 0x0, 0x7, 0xff, 0x80, 0x0,
    0x0, 0x0, 0x0, 0xff, 0xf0, 0x0, 0x0, 0x0,
    0x0, 0x0, 0x7, 0xff, 0x80, 0x0, 0x12, 0x11,
    0x13, 0xff, 0xf0, 0x0, 0x0, 0x0, 0x0, 0x0,
    0x7, 0xff, 0x80, 0x0, 0x3f, 0xff, 0xff, 0xff,
    0xd0, 0x0, 0x0, 0x0, 0x0, 0x0, 0x7, 0xff,
    0x80, 0x0, 0xe, 0xff, 0xff, 0xff, 0x70, 0x0,
    0x0, 0x0, 0x0, 0x0, 0x7, 0xff, 0x80, 0x0,
    0x9, 0xcc, 0xcb, 0x94, 0x0, 0x0, 0x0, 0x0,
    0x0, 0x0, 0x7, 0xff, 0x80, 0x0, 0x0, 0x0,
    0x0, 0x0, 0x0, 0x0, 0x0, 0x0, 0x0, 0x0,
    0x7, 0xff, 0x80, 0x0, 0x0, 0x0, 0x0, 0x0,
    0x0, 0x0, 0x0, 0x0, 0x0, 0x0, 0x7, 0xff,
    0x80, 0x0, 0x0, 0x0, 0x0, 0x0, 0x0, 0x0,

    /* U+82E5 "若" */
    0x0, 0x0, 0x0, 0x1, 0x33, 0x10, 0x0, 0x0,
    0x0, 0x23, 0x20, 0x0, 0x0, 0x0, 0x0, 0x0,
    0x0, 0x7, 0xff, 0x40, 0x0, 0x0, 0x0, 0xef,
    0xe0, 0x0, 0x0, 0x0, 0x0, 0x0, 0x0, 0x7,
    0xff, 0x40, 0x0, 0x0, 0x0, 0xef, 0xe0, 0x0,
    0x0, 0x0, 0x7, 0x77, 0x77, 0x7b, 0xff, 0xa7,
    0x77, 0x77, 0x77, 0xff, 0xf7, 0x77, 0x77, 0x74,
    0xf, 0xff, 0xff, 0xff, 0xff, 0xff, 0xff, 0xff,
    0xff, 0xff, 0xff, 0xff, 0xff, 0xf8, 0xf, 0xff,
    0xff, 0xff, 0xff, 0xff, 0xff, 0xff, 0xff, 0xff,
    0xff, 0xff, 0xff, 0xf8, 0x1, 0x11, 0x11, 0x18,
    0xff, 0x61, 0x11, 0x11, 0x11, 0xef, 0xe1, 0x11,
    0x11, 0x10, 0x0, 0x0, 0x0, 0x7, 0xff, 0x41,
    0x30, 0x0, 0x0, 0xef, 0xe0, 0x0, 0x0, 0x0,
    0x0, 0x0, 0x0, 0x7, 0xff, 0x49, 0xff, 0x60,
    0x0, 0xdf, 0xd0, 0x0, 0x0, 0x0, 0x0, 0x0,
    0x0, 0x0, 0x0, 0xe, 0xff, 0x20, 0x0, 0x0,
    0x0, 0x0, 0x0, 0x0, 0x0, 0x0, 0x0, 0x0,
    0x0, 0x5f, 0xfd, 0x0, 0x0, 0x0, 0x0, 0x0,
    0x0, 0x0, 0x3f, 0xff, 0xff, 0xff, 0xff, 0xff,
    0xff, 0xff, 0xff, 0xff, 0xff, 0xff, 0xff, 0xfb,
    0x3f, 0xff, 0xff, 0xff, 0xff, 0xff, 0xff, 0xff,
    0xff, 0xff, 0xff, 0xff, 0xff, 0xfb, 0x29, 0x99,
    0x99, 0x99, 0x9f, 0xff, 0xb9, 0x99, 0x99, 0x99,
    0x99, 0x99, 0x99, 0x96, 0x0, 0x0, 0x0, 0x0,
    0x7f, 0xfc, 0x0, 0x0, 0x0, 0x0, 0x0, 0x0,
    0x0, 0x0, 0x0, 0x0, 0x0, 0x3, 0xff, 0xf2,
    0x0, 0x0, 0x0, 0x0, 0x0, 0x0, 0x0, 0x0,
    0x0, 0x0, 0x0, 0x1e, 0xff, 0x70, 0x0, 0x0,
    0x0, 0x0, 0x0, 0x0, 0x0, 0x0, 0x0, 0x0,
    0x1, 0xdf, 0xff, 0xff, 0xff, 0xff, 0xff, 0xff,
    0xff, 0xff, 0xf3, 0x0, 0x0, 0x0, 0x2d, 0xff,
    0xff, 0xff, 0xff, 0xff, 0xff, 0xff, 0xff, 0xff,
    0xf3, 0x0, 0x0, 0x4, 0xef, 0xff, 0xfc, 0x99,
    0x99, 0x99, 0x99, 0x99, 0x99, 0xdf, 0xf3, 0x0,
    0x0, 0x8f, 0xff, 0xff, 0xf7, 0x0, 0x0, 0x0,
    0x0, 0x0, 0x0, 0xaf, 0xf3, 0x0, 0x5e, 0xff,
    0xfb, 0x5f, 0xf7, 0x0, 0x0, 0x0, 0x0, 0x0,
    0x0, 0xaf, 0xf3, 0x0, 0x6f, 0xff, 0x70, 0x4f,
    0xf7, 0x0, 0x0, 0x0, 0x0, 0x0, 0x0, 0xaf,
    0xf3, 0x0, 0x7, 0xd3, 0x0, 0x4f, 0xf7, 0x0,
    0x0, 0x0, 0x0, 0x0, 0x0, 0xaf, 0xf3, 0x0,
    0x0, 0x0, 0x0, 0x4f, 0xfb, 0x77, 0x77, 0x77,
    0x77, 0x77, 0x77, 0xdf, 0xf3, 0x0, 0x0, 0x0,
    0x0, 0x4f, 0xff, 0xff, 0xff, 0xff, 0xff, 0xff,
    0xff, 0xff, 0xf3, 0x0, 0x0, 0x0, 0x0, 0x4f,
    0xff, 0xff, 0xff, 0xff, 0xff, 0xff, 0xff, 0xff,
    0xf3, 0x0, 0x0, 0x0, 0x0, 0x4f, 0xf7, 0x0,
    0x0, 0x0, 0x0, 0x0, 0x0, 0xaf, 0xf3, 0x0,

    /* U+82F1 "英" */
    0x0, 0x0, 0x0, 0x1, 0x11, 0x0, 0x0, 0x0,
    0x0, 0x11, 0x10, 0x0, 0x0, 0x0, 0x0, 0x0,
    0x0, 0x0, 0xbf, 0xf1, 0x0, 0x0, 0x0, 0xd,
    0xff, 0x0, 0x0, 0x0, 0x0, 0x0, 0x0, 0x0,
    0xb, 0xff, 0x10, 0x0, 0x0, 0x0, 0xdf, 0xf0,
    0x0, 0x0, 0x0, 0x0, 0x78, 0x88, 0x88, 0xdf,
    0xf9, 0x88, 0x88, 0x88, 0x8e, 0xff, 0x88, 0x88,
    0x88, 0x10, 0xd, 0xff, 0xff, 0xff, 0xff, 0xff,
    0xff, 0xff, 0xff, 0xff, 0xff, 0xff, 0xff, 0xf3,
    0x0, 0xdf, 0xff, 0xff, 0xff, 0xff, 0xff, 0xff,
    0xff, 0xff, 0xff, 0xff, 0xff, 0xff, 0x30, 0x0,
    0x0, 0x0, 0xb, 0xff, 0x10, 0x0, 0x0, 0x0,
    0xdf, 0xf0, 0x0, 0x0, 0x0, 0x0, 0x0, 0x0,
    0x0, 0xbf, 0xf1, 0x3, 0x99, 0x50, 0xd, 0xff,
    0x0, 0x0, 0x0, 0x0, 0x0, 0x0, 0x0, 0xa,
    0xff, 0x10, 0x6f, 0xf8, 0x0, 0xcf, 0xf0, 0x0,
    0x0, 0x0, 0x0, 0x0, 0x0, 0x0, 0x0, 0x0,
    0x6, 0xff, 0x80, 0x0, 0x0, 0x0, 0x0, 0x0,
    0x0, 0x0, 0x1, 0x88, 0x88, 0x88, 0x88, 0xbf,
    0xfc, 0x88, 0x88, 0x88, 0x88, 0x60, 0x0, 0x0,
    0x0, 0x2f, 0xff, 0xff, 0xff, 0xff, 0xff, 0xff,
    0xff, 0xff, 0xff, 0xfc, 0x0, 0x0, 0x0, 0x2,
    0xff, 0xff, 0xff, 0xff, 0xff, 0xff, 0xff, 0xff,
    0xff, 0xff, 0xc0, 0x0, 0x0, 0x0, 0x2f, 0xf9,
    0x0, 0x0, 0x6, 0xff, 0x80, 0x0, 0x0, 0x1f,
    0xfc, 0x0, 0x0, 0x0, 0x2, 0xff, 0x90, 0x0,
    0x0, 0x6f, 0xf8, 0x0, 0x0, 0x1, 0xff, 0xc0,
    0x0, 0x0, 0x0, 0x2f, 0xf9, 0x0, 0x0, 0x6,
    0xff, 0x80, 0x0, 0x0, 0x1f, 0xfc, 0x0, 0x0,
    0x0, 0x2, 0xff, 0x90, 0x0, 0x0, 0x7f, 0xf8,
    0x0, 0x0, 0x1, 0xff, 0xc0, 0x0, 0x1, 0x99,
    0xaf, 0xfd, 0x99, 0x99, 0x9c, 0xff, 0xc9, 0x99,
    0x99, 0xaf, 0xfe, 0x99, 0x50, 0x2f, 0xff, 0xff,
    0xff, 0xff, 0xff, 0xff, 0xff, 0xff, 0xff, 0xff,
    0xff, 0xff, 0xf9, 0x2, 0xff, 0xff, 0xff, 0xff,
    0xff, 0xff, 0xff, 0xff, 0xff, 0xff, 0xff, 0xff,
    0xff, 0x90, 0x0, 0x0, 0x0, 0x0, 0x0, 0xa,
    0xff, 0xff, 0xf3, 0x0, 0x0, 0x0, 0x0, 0x0,
    0x0, 0x0, 0x0, 0x0, 0x0, 0x6, 0xff, 0xf8,
    0xff, 0xd1, 0x0, 0x0, 0x0, 0x0, 0x0, 0x0,
    0x0, 0x0, 0x0, 0x8, 0xff, 0xf7, 0x9, 0xff,
    0xd3, 0x0, 0x0, 0x0, 0x0, 0x0, 0x0, 0x0,
    0x0, 0x3c, 0xff, 0xfa, 0x0, 0xc, 0xff, 0xf8,
    0x0, 0x0, 0x0, 0x0, 0x0, 0x0, 0x5, 0xcf,
    0xff, 0xf8, 0x0, 0x0, 0xa, 0xff, 0xfe, 0x93,
    0x0, 0x0, 0x0, 0x26, 0xbf, 0xff, 0xff, 0xc3,
    0x0, 0x0, 0x0, 0x6, 0xff, 0xff, 0xfd, 0xa6,
    0x30, 0x7f, 0xff, 0xff, 0xfc, 0x50, 0x0, 0x0,
    0x0, 0x0, 0x2, 0x9f, 0xff, 0xff, 0xfd, 0x0,
    0xbf, 0xfd, 0x82, 0x0, 0x0, 0x0, 0x0, 0x0,
    0x0, 0x0, 0x17, 0xbf, 0xff, 0x30, 0x1, 0x51,
    0x0, 0x0, 0x0, 0x0, 0x0, 0x0, 0x0, 0x0,
    0x0, 0x0, 0x3, 0x50, 0x0,

    /* U+83CC "菌" */
    0x0, 0x0, 0x0, 0x2, 0x55, 0x20, 0x0, 0x0,
    0x0, 0x55, 0x30, 0x0, 0x0, 0x0, 0x0, 0x0,
    0x0, 0x6, 0xff, 0x60, 0x0, 0x0, 0x1, 0xff,
    0xb0, 0x0, 0x0, 0x0, 0x8, 0x88, 0x88, 0x8b,
    0xff, 0xb8, 0x88, 0x88, 0x89, 0xff, 0xe8, 0x88,
    0x88, 0x84, 0x1f, 0xff, 0xff, 0xff, 0xff, 0xff,
    0xff, 0xff, 0xff, 0xff, 0xff, 0xff, 0xff, 0xf8,
    0x1f, 0xff, 0xff, 0xff, 0xff, 0xff, 0xff, 0xff,
    0xff, 0xff, 0xff, 0xff, 0xff, 0xf8, 0x0, 0x0,
    0x0, 0x6, 0xff, 0x60, 0x0, 0x0, 0x1, 0xff,
    0xb0, 0x0, 0x0, 0x0, 0x0, 0x0, 0x0, 0x6,
    0xff, 0x60, 0x0, 0x0, 0x1, 0xff, 0xb0, 0x0,
    0x0, 0x0, 0x0, 0x0, 0x0, 0x1, 0x33, 0x10,
    0x0, 0x0, 0x0, 0x33, 0x20, 0x0, 0x0, 0x0,
    0x0, 0x5f, 0xff, 0xff, 0xff, 0xff, 0xff, 0xff,
    0xff, 0xff, 0xff, 0xff, 0xff, 0x0, 0x0, 0x6f,
    0xff, 0xff, 0xff, 0xff, 0xff, 0xff, 0xff, 0xff,
    0xff, 0xff, 0xff, 0x0, 0x0, 0x6f, 0xfa, 0x66,
    0x66, 0x66, 0x66, 0x66, 0x66, 0x66, 0x66, 0x6f,
    0xff, 0x0, 0x0, 0x6f, 0xf6, 0x0, 0x0, 0x0,
    0x0, 0x24, 0x6a, 0xd5, 0x0, 0xe, 0xff, 0x0,
    0x0, 0x6f, 0xf6, 0x4, 0x9a, 0xcd, 0xef, 0xff,
    0xff, 0xfe, 0x30, 0xe, 0xff, 0x0, 0x0, 0x6f,
    0xf6, 0x4, 0xff, 0xff, 0xff, 0xfb, 0x74, 0x20,
    0x0, 0xe, 0xff, 0x0, 0x0, 0x6f, 0xf6, 0x0,
    0x21, 0x0, 0x1f, 0xf6, 0x0, 0x0, 0x0, 0xe,
    0xff, 0x0, 0x0, 0x6f, 0xf6, 0x1, 0x11, 0x11,
    0x2f, 0xf7, 0x11, 0x11, 0x11, 0xe, 0xff, 0x0,
    0x0, 0x6f, 0xf6, 0x7f, 0xff, 0xff, 0xff, 0xff,
    0xff, 0xff, 0xff, 0xe, 0xff, 0x0, 0x0, 0x6f,
    0xf6, 0x7f, 0xff, 0xff, 0xff, 0xff, 0xff, 0xff,
    0xff, 0xe, 0xff, 0x0, 0x0, 0x6f, 0xf6, 0x0,
    0x0, 0x1b, 0xff, 0xff, 0xf8, 0x0, 0x0, 0xe,
    0xff, 0x0, 0x0, 0x6f, 0xf6, 0x0, 0x1, 0xdf,
    0xff, 0xfb, 0xff, 0xb0, 0x0, 0xe, 0xff, 0x0,
    0x0, 0x6f, 0xf6, 0x0, 0x5e, 0xfe, 0x3f, 0xf6,
    0x4e, 0xfd, 0x20, 0xe, 0xff, 0x0, 0x0, 0x6f,
    0xf6, 0x3c, 0xff, 0xd1, 0x1f, 0xf6, 0x2, 0xdf,
    0xe2, 0xe, 0xff, 0x0, 0x0, 0x6f, 0xf7, 0xcf,
    0xfa, 0x10, 0x1f, 0xf6, 0x0, 0x1d, 0xfc, 0xe,
    0xff, 0x0, 0x0, 0x6f, 0xf6, 0x1b, 0x40, 0x0,
    0x1f, 0xf6, 0x0, 0x1, 0xa1, 0xe, 0xff, 0x0,
    0x0, 0x6f, 0xf7, 0x0, 0x0, 0x0, 0x2, 0x21,
    0x0, 0x0, 0x0, 0xe, 0xff, 0x0, 0x0, 0x6f,
    0xff, 0xff, 0xff, 0xff, 0xff, 0xff, 0xff, 0xff,
    0xff, 0xff, 0xff, 0x0, 0x0, 0x6f, 0xff, 0xff,
    0xff, 0xff, 0xff, 0xff, 0xff, 0xff, 0xff, 0xff,
    0xff, 0x0, 0x0, 0x6f, 0xfa, 0x66, 0x66, 0x66,
    0x66, 0x66, 0x66, 0x66, 0x66, 0x6f, 0xff, 0x0,

    /* U+884C "行" */
    0x0, 0x0, 0x0, 0x0, 0x40, 0x0, 0x0, 0x0,
    0x0, 0x0, 0x0, 0x0, 0x0, 0x0, 0x0, 0x0,
    0x0, 0x0, 0xbf, 0xd5, 0x0, 0x0, 0x0, 0x0,
    0x0, 0x0, 0x0, 0x0, 0x0, 0x0, 0x0, 0x0,
    0x8f, 0xff, 0x20, 0x6, 0xaa, 0xaa, 0xaa, 0xaa,
    0xaa, 0xaa, 0xaa, 0x10, 0x0, 0x0, 0x7f, 0xff,
    0x50, 0x0, 0x9f, 0xff, 0xff, 0xff, 0xff, 0xff,
    0xff, 0xf1, 0x0, 0x0, 0x8f, 0xff, 0x60, 0x0,
    0x9, 0xff, 0xff, 0xff, 0xff, 0xff, 0xff, 0xff,
    0x10, 0x0, 0xaf, 0xff, 0x70, 0x0, 0x0, 0x0,
    0x0, 0x0, 0x0, 0x0, 0x0, 0x0, 0x0, 0x2,
    0xcf, 0xff, 0x70, 0x0, 0x0, 0x0, 0x0, 0x0,
    0x0, 0x0, 0x0, 0x0, 0x0, 0x0, 0x8f, 0xff,
    0x50, 0x1, 0xb5, 0x0, 0x0, 0x0, 0x0, 0x0,
    0x0, 0x0, 0x0, 0x0, 0x0, 0xde, 0x40, 0x0,
    0xaf, 0xfa, 0x0, 0x0, 0x0, 0x0, 0x0, 0x0,
    0x0, 0x0, 0x0, 0x3, 0x10, 0x0, 0x5f, 0xfe,
    0x10, 0x0, 0x0, 0x0, 0x0, 0x0, 0x0, 0x0,
    0x0, 0x0, 0x0, 0x0, 0x3f, 0xff, 0x50, 0x0,
    0x0, 0x0, 0x0, 0x0, 0x0, 0x0, 0x0, 0x0,
    0x0, 0x0, 0x1e, 0xff, 0xa0, 0xd, 0xff, 0xff,
    0xff, 0xff, 0xff, 0xff, 0xff, 0xff, 0x0, 0x0,
    0x1d, 0xff, 0xe1, 0x0, 0xdf, 0xff, 0xff, 0xff,
    0xff, 0xff, 0xff, 0xff, 0xf0, 0x0, 0x1d, 0xff,
    0xfa, 0x0, 0x9, 0xaa, 0xaa, 0xaa, 0xaa, 0xcf,
    0xfd, 0xaa, 0xaa, 0x0, 0x1d, 0xff, 0xff, 0xa0,
    0x0, 0x0, 0x0, 0x0, 0x0, 0x4, 0xff, 0x90,
    0x0, 0x0, 0x4e, 0xff, 0xff, 0xfa, 0x0, 0x0,
    0x0, 0x0, 0x0, 0x0, 0x4f, 0xf9, 0x0, 0x0,
    0xd, 0xff, 0xf7, 0xff, 0xa0, 0x0, 0x0, 0x0,
    0x0, 0x0, 0x4, 0xff, 0x90, 0x0, 0x0, 0x2e,
    0xe2, 0x3f, 0xfa, 0x0, 0x0, 0x0, 0x0, 0x0,
    0x0, 0x4f, 0xf9, 0x0, 0x0, 0x0, 0x31, 0x3,
    0xff, 0xa0, 0x0, 0x0, 0x0, 0x0, 0x0, 0x4,
    0xff, 0x90, 0x0, 0x0, 0x0, 0x0, 0x3f, 0xfa,
    0x0, 0x0, 0x0, 0x0, 0x0, 0x0, 0x4f, 0xf9,
    0x0, 0x0, 0x0, 0x0, 0x3, 0xff, 0xa0, 0x0,
    0x0, 0x0, 0x0, 0x0, 0x4, 0xff, 0x90, 0x0,
    0x0, 0x0, 0x0, 0x3f, 0xfa, 0x0, 0x0, 0x0,
    0x0, 0x0, 0x0, 0x4f, 0xf9, 0x0, 0x0, 0x0,
    0x0, 0x3, 0xff, 0xa0, 0x0, 0x0, 0x0, 0x0,
    0x0, 0x4, 0xff, 0x90, 0x0, 0x0, 0x0, 0x0,
    0x3f, 0xfa, 0x0, 0x0, 0x0, 0x0, 0x0, 0x0,
    0x4f, 0xf9, 0x0, 0x0, 0x0, 0x0, 0x3, 0xff,
    0xa0, 0x0, 0x0, 0x0, 0x0, 0x0, 0x5, 0xff,
    0x90, 0x0, 0x0, 0x0, 0x0, 0x3f, 0xfa, 0x0,
    0x0, 0x0, 0x5, 0xcc, 0xcc, 0xef, 0xf8, 0x0,
    0x0, 0x0, 0x0, 0x3, 0xff, 0xa0, 0x0, 0x0,
    0x0, 0x1f, 0xff, 0xff, 0xff, 0x30, 0x0, 0x0,
    0x0, 0x0, 0x3f, 0xfa, 0x0, 0x0, 0x0, 0x0,
    0xcf, 0xff, 0xdb, 0x50, 0x0, 0x0, 0x0, 0x0,
    0x0, 0x22, 0x10, 0x0, 0x0, 0x0, 0x0, 0x0,
    0x0, 0x0, 0x0, 0x0, 0x0,

    /* U+8863 "衣" */
    0x0, 0x0, 0x0, 0x0, 0x0, 0x0, 0x4, 0x70,
    0x0, 0x0, 0x0, 0x0, 0x0, 0x0, 0x0, 0x0,
    0x0, 0x0, 0x0, 0x0, 0xe, 0xff, 0x40, 0x0,
    0x0, 0x0, 0x0, 0x0, 0x0, 0x0, 0x0, 0x0,
    0x0, 0x0, 0x0, 0x9f, 0xfc, 0x0, 0x0, 0x0,
    0x0, 0x0, 0x0, 0x0, 0x0, 0x0, 0x0, 0x0,
    0x0, 0x2, 0xff, 0xf2, 0x0, 0x0, 0x0, 0x0,
    0x0, 0x0, 0x0, 0x0, 0x0, 0x0, 0x0, 0x0,
    0xd, 0xff, 0x60, 0x0, 0x0, 0x0, 0x0, 0x0,
    0x0, 0xaa, 0xaa, 0xaa, 0xaa, 0xaa, 0xaa, 0xdf,
    0xca, 0xaa, 0xaa, 0xaa, 0xaa, 0xaa, 0x40, 0x1f,
    0xff, 0xff, 0xff, 0xff, 0xff, 0xff, 0xff, 0xff,
    0xff, 0xff, 0xff, 0xff, 0xf7, 0x1, 0xff, 0xff,
    0xff, 0xff, 0xff, 0xff, 0xff, 0xff, 0xff, 0xff,
    0xff, 0xff, 0xff, 0x70, 0x0, 0x0, 0x0, 0x0,
    0x0, 0x2e, 0xff, 0xff, 0xd0, 0x0, 0x0, 0x0,
    0x0, 0x0, 0x0, 0x0, 0x0, 0x0, 0x0, 0x1d,
    0xff, 0xdc, 0xff, 0x10, 0x0, 0x0, 0x0, 0x0,
    0x0, 0x0, 0x0, 0x0, 0x0, 0x1c, 0xff, 0xe1,
    0x7f, 0xf4, 0x0, 0x0, 0x0, 0x61, 0x0, 0x0,
    0x0, 0x0, 0x0, 0x2d, 0xff, 0xe2, 0x3, 0xff,
    0x80, 0x0, 0x0, 0x7f, 0xe5, 0x0, 0x0, 0x0,
    0x0, 0x4e, 0xff, 0xe2, 0x0, 0xe, 0xfd, 0x0,
    0x0, 0x7f, 0xff, 0x80, 0x0, 0x0, 0x0, 0x8f,
    0xff, 0xe2, 0x0, 0x0, 0xaf, 0xf3, 0x0, 0x7f,
    0xff, 0x70, 0x0, 0x0, 0x3, 0xdf, 0xff, 0xf9,
    0x0, 0x0, 0x6, 0xff, 0x90, 0x9f, 0xff, 0x70,
    0x0, 0x0, 0x2a, 0xff, 0xff, 0xff, 0x90, 0x0,
    0x0, 0x1f, 0xff, 0xbf, 0xff, 0x50, 0x0, 0x0,
    0x9f, 0xff, 0xfc, 0x8f, 0xf9, 0x0, 0x0, 0x0,
    0xaf, 0xff, 0xfe, 0x30, 0x0, 0x0, 0x4, 0xff,
    0xe6, 0x4, 0xff, 0x90, 0x0, 0x0, 0x2, 0xff,
    0xfd, 0x10, 0x0, 0x0, 0x0, 0x9, 0x80, 0x0,
    0x4f, 0xf9, 0x0, 0x0, 0x0, 0xa, 0xff, 0xb0,
    0x0, 0x0, 0x0, 0x0, 0x0, 0x0, 0x4, 0xff,
    0x90, 0x0, 0x0, 0x0, 0x1f, 0xff, 0x70, 0x0,
    0x0, 0x0, 0x0, 0x0, 0x0, 0x4f, 0xf9, 0x0,
    0x0, 0x0, 0x0, 0x6f, 0xff, 0x50, 0x0, 0x0,
    0x0, 0x0, 0x0, 0x4, 0xff, 0x90, 0x0, 0x0,
    0x0, 0x0, 0xaf, 0xff, 0x50, 0x0, 0x0, 0x0,
    0x0, 0x0, 0x4f, 0xf9, 0x0, 0x1, 0x6b, 0xf5,
    0x0, 0xcf, 0xff, 0x80, 0x0, 0x0, 0x0, 0x0,
    0x5, 0xff, 0x93, 0x8c, 0xff, 0xff, 0x80, 0x1,
    0xdf, 0xff, 0xb1, 0x0, 0x0, 0x0, 0x0, 0x9f,
    0xff, 0xff, 0xff, 0xff, 0xc6, 0x0, 0x0, 0xbf,
    0xff, 0xf6, 0x0, 0x0, 0x0, 0x6f, 0xff, 0xff,
    0xff, 0xb6, 0x10, 0x0, 0x0, 0x0, 0x9f, 0xff,
    0xd1, 0x0, 0x0, 0xd, 0xff, 0xff, 0xb6, 0x10,
    0x0, 0x0, 0x0, 0x0, 0x0, 0x5e, 0xf1, 0x0,
    0x0, 0x0, 0x2f, 0xc6, 0x10, 0x0, 0x0, 0x0,
    0x0, 0x0, 0x0, 0x0, 0x14, 0x0, 0x0, 0x0,
    0x0, 0x20, 0x0, 0x0, 0x0, 0x0, 0x0, 0x0,
    0x0, 0x0, 0x0, 0x0, 0x0,

    /* U+8981 "要" */
    0x0, 0x0, 0x0, 0x0, 0x0, 0x0, 0x0, 0x0,
    0x0, 0x0, 0x0, 0x0, 0x0, 0x0, 0xd, 0xff,
    0xff, 0xff, 0xff, 0xff, 0xff, 0xff, 0xff, 0xff,
    0xff, 0xff, 0xff, 0xf2, 0xd, 0xff, 0xff, 0xff,
    0xff, 0xff, 0xff, 0xff, 0xff, 0xff, 0xff, 0xff,
    0xff, 0xf2, 0x6, 0x77, 0x77, 0x77, 0x7d, 0xff,
    0x77, 0x77, 0xef, 0xe7, 0x77, 0x77, 0x77, 0x71,
    0x0, 0x0, 0x0, 0x0, 0xc, 0xfe, 0x0, 0x0,
    0xdf, 0xd0, 0x0, 0x0, 0x0, 0x0, 0x0, 0x15,
    0x55, 0x55, 0x5d, 0xff, 0x55, 0x55, 0xef, 0xe5,
    0x55, 0x55, 0x55, 0x0, 0x0, 0x5f, 0xff, 0xff,
    0xff, 0xff, 0xff, 0xff, 0xff, 0xff, 0xff, 0xff,
    0xff, 0x0, 0x0, 0x5f, 0xff, 0xff, 0xff, 0xff,
    0xff, 0xff, 0xff, 0xff, 0xff, 0xff, 0xff, 0x0,
    0x0, 0x5f, 0xf4, 0x0, 0xc, 0xfe, 0x0, 0x0,
    0xdf, 0xd0, 0x0, 0xb, 0xff, 0x0, 0x0, 0x5f,
    0xf4, 0x0, 0xc, 0xfe, 0x0, 0x0, 0xdf, 0xd0,
    0x0, 0xb, 0xff, 0x0, 0x0, 0x5f, 0xf4, 0x0,
    0xc, 0xfe, 0x0, 0x0, 0xdf, 0xd0, 0x0, 0xb,
    0xff, 0x0, 0x0, 0x5f, 0xfe, 0xee, 0xef, 0xff,
    0xee, 0xee, 0xff, 0xfe, 0xee, 0xef, 0xff, 0x0,
    0x0, 0x5f, 0xff, 0xff, 0xff, 0xff, 0xff, 0xff,
    0xff, 0xff, 0xff, 0xff, 0xff, 0x0, 0x0, 0x25,
    0x55, 0x55, 0x55, 0xcf, 0xe8, 0x55, 0x55, 0x55,
    0x55, 0x55, 0x55, 0x0, 0x0, 0x0, 0x0, 0x0,
    0x2, 0xff, 0xf2, 0x0, 0x0, 0x0, 0x0, 0x0,
    0x0, 0x0, 0x2, 0x22, 0x22, 0x22, 0x2a, 0xff,
    0xb2, 0x22, 0x22, 0x22, 0x22, 0x22, 0x22, 0x21,
    0x4f, 0xff, 0xff, 0xff, 0xff, 0xff, 0xff, 0xff,
    0xff, 0xff, 0xff, 0xff, 0xff, 0xfb, 0x4f, 0xff,
    0xff, 0xff, 0xff, 0xff, 0xff, 0xff, 0xff, 0xff,
    0xff, 0xff, 0xff, 0xfb, 0x14, 0x44, 0x44, 0x4d,
    0xff, 0xb4, 0x44, 0x44, 0x44, 0x9f, 0xfd, 0x54,
    0x44, 0x43, 0x0, 0x0, 0x0, 0x5f, 0xfe, 0x10,
    0x0, 0x0, 0x2, 0xef, 0xf4, 0x0, 0x0, 0x0,
    0x0, 0x0, 0x3, 0xff, 0xfa, 0x30, 0x0, 0x0,
    0x2d, 0xff, 0xa0, 0x0, 0x0, 0x0, 0x0, 0x0,
    0x1e, 0xff, 0xff, 0xff, 0xc9, 0x55, 0xef, 0xfb,
    0x0, 0x0, 0x0, 0x0, 0x0, 0x0, 0x2, 0x59,
    0xcf, 0xff, 0xff, 0xff, 0xff, 0xe1, 0x0, 0x0,
    0x0, 0x0, 0x0, 0x0, 0x0, 0x0, 0x0, 0x6e,
    0xff, 0xff, 0xff, 0xff, 0xc7, 0x30, 0x0, 0x0,
    0x0, 0x1, 0x34, 0x69, 0xce, 0xff, 0xff, 0xfa,
    0xcf, 0xff, 0xff, 0xfe, 0x93, 0x0, 0xb, 0xff,
    0xff, 0xff, 0xff, 0xff, 0xc6, 0x10, 0x1, 0x6b,
    0xff, 0xff, 0xff, 0xa0, 0x4, 0xff, 0xff, 0xfd,
    0xb8, 0x40, 0x0, 0x0, 0x0, 0x0, 0x5, 0xaf,
    0xfb, 0x0, 0x0, 0x75, 0x42, 0x0, 0x0, 0x0,
    0x0, 0x0, 0x0, 0x0, 0x0, 0x0, 0x50, 0x0,

    /* U+89E3 "解" */
    0x0, 0x0, 0x0, 0x0, 0x0, 0x0, 0x0, 0x0,
    0x0, 0x0, 0x0, 0x0, 0x0, 0x0, 0x0, 0x0,
    0x0, 0xde, 0xb0, 0x0, 0x0, 0x0, 0x0, 0x0,
    0x0, 0x0, 0x0, 0x0, 0x0, 0x0, 0x0, 0x3f,
    0xfc, 0x0, 0x0, 0x0, 0x7, 0x99, 0x99, 0x99,
    0x99, 0x99, 0x99, 0x10, 0x0, 0x8, 0xff, 0xb5,
    0x55, 0x50, 0x0, 0xcf, 0xff, 0xff, 0xff, 0xff,
    0xff, 0xf1, 0x0, 0x0, 0xef, 0xff, 0xff, 0xff,
    0xd0, 0x9, 0xcc, 0xcf, 0xfe, 0xcc, 0xce, 0xff,
    0x0, 0x0, 0x4f, 0xfe, 0xcc, 0xcf, 0xfb, 0x0,
    0x0, 0x2, 0xff, 0x60, 0x0, 0x8f, 0xf0, 0x0,
    0xb, 0xff, 0x20, 0x2, 0xff, 0x40, 0x0, 0x0,
    0x7f, 0xf2, 0x0, 0x9, 0xff, 0x0, 0x4, 0xff,
    0xa0, 0x0, 0x8f, 0xd0, 0x0, 0x0, 0xe, 0xfc,
    0x0, 0x0, 0xaf, 0xd0, 0x0, 0xdf, 0xfa, 0x88,
    0x8f, 0xfc, 0x88, 0x20, 0x9, 0xff, 0x40, 0x0,
    0xd, 0xfc, 0x0, 0xaf, 0xff, 0xff, 0xff, 0xff,
    0xff, 0xf4, 0x8, 0xff, 0x90, 0x26, 0x68, 0xff,
    0x90, 0xb, 0xff, 0xfc, 0x9a, 0xff, 0x99, 0xff,
    0x7d, 0xff, 0x90, 0x2, 0xff, 0xff, 0xf4, 0x0,
    0x8, 0xff, 0x70, 0x1f, 0xe0, 0xf, 0xf5, 0x8d,
    0x60, 0x0, 0x2f, 0xfd, 0xb5, 0x0, 0x0, 0xd,
    0xf7, 0x1, 0xfe, 0x0, 0xff, 0x40, 0xe, 0xf6,
    0xa, 0xff, 0x0, 0x0, 0x0, 0x0, 0xdf, 0xc8,
    0x9f, 0xf8, 0x9f, 0xf4, 0x2, 0xff, 0x50, 0xaf,
    0xf0, 0x0, 0x0, 0x0, 0xd, 0xff, 0xff, 0xff,
    0xff, 0xff, 0x40, 0x7f, 0xf3, 0x1b, 0xff, 0x11,
    0x11, 0x0, 0x0, 0xdf, 0xdb, 0xcf, 0xfb, 0xcf,
    0xf4, 0xb, 0xff, 0xff, 0xff, 0xff, 0xff, 0xf3,
    0x0, 0xe, 0xf7, 0x1, 0xfe, 0x0, 0xff, 0x41,
    0xff, 0xff, 0xff, 0xff, 0xff, 0xff, 0x30, 0x0,
    0xef, 0x70, 0x1f, 0xe0, 0xf, 0xf4, 0x8f, 0xf5,
    0x55, 0xcf, 0xf5, 0x55, 0x51, 0x0, 0xe, 0xf6,
    0x1, 0xfe, 0x0, 0xff, 0x6f, 0xf8, 0x0, 0xa,
    0xff, 0x0, 0x0, 0x0, 0x0, 0xff, 0xdb, 0xbf,
    0xfb, 0xbf, 0xf4, 0x3b, 0x10, 0x0, 0xaf, 0xf0,
    0x0, 0x0, 0x0, 0x1f, 0xff, 0xff, 0xff, 0xff,
    0xff, 0x44, 0x77, 0x77, 0x7d, 0xff, 0x77, 0x77,
    0x60, 0x2, 0xff, 0x86, 0x7f, 0xf6, 0x7f, 0xf4,
    0x9f, 0xff, 0xff, 0xff, 0xff, 0xff, 0xfe, 0x0,
    0x5f, 0xf0, 0x1, 0xfe, 0x0, 0xff, 0x49, 0xff,
    0xff, 0xff, 0xff, 0xff, 0xff, 0xe0, 0x9, 0xfc,
    0x0, 0x1f, 0xe0, 0xf, 0xf4, 0x0, 0x0, 0x0,
    0xaf, 0xf0, 0x0, 0x0, 0x0, 0xdf, 0x80, 0x1,
    0xfe, 0x0, 0xff, 0x40, 0x0, 0x0, 0xa, 0xff,
    0x0, 0x0, 0x0, 0x4f, 0xf3, 0x0, 0x1f, 0xe5,
    0x7f, 0xf4, 0x0, 0x0, 0x0, 0xaf, 0xf0, 0x0,
    0x0, 0xb, 0xfb, 0x0, 0x1, 0xcb, 0xef, 0xff,
    0x20, 0x0, 0x0, 0xa, 0xff, 0x0, 0x0, 0x0,
    0x7e, 0x40, 0x0, 0x0, 0x9, 0xfd, 0x60, 0x0,
    0x0, 0x0, 0xaf, 0xf0, 0x0, 0x0, 0x0, 0x0,
    0x0, 0x0, 0x0, 0x0, 0x0, 0x0, 0x0, 0x0,
    0x0, 0x0, 0x0, 0x0, 0x0,

    /* U+89E6 "触" */
    0x0, 0x0, 0x2, 0x10, 0x0, 0x0, 0x0, 0x0,
    0x0, 0x0, 0x33, 0x30, 0x0, 0x0, 0x0, 0x0,
    0x0, 0xdf, 0xe1, 0x0, 0x0, 0x0, 0x0, 0x0,
    0x1f, 0xfd, 0x0, 0x0, 0x0, 0x0, 0x0, 0x2f,
    0xfe, 0x0, 0x0, 0x0, 0x0, 0x0, 0x1, 0xff,
    0xd0, 0x0, 0x0, 0x0, 0x0, 0x7, 0xff, 0xc5,
    0x56, 0x40, 0x0, 0x0, 0x0, 0x1f, 0xfd, 0x0,
    0x0, 0x0, 0x0, 0x0, 0xef, 0xff, 0xff, 0xff,
    0x90, 0x0, 0x0, 0x1, 0xff, 0xd0, 0x0, 0x0,
    0x0, 0x0, 0x5f, 0xff, 0xdd, 0xef, 0xf6, 0x0,
    0x0, 0x0, 0x1f, 0xfd, 0x0, 0x0, 0x0, 0x0,
    0xd, 0xff, 0x30, 0x6, 0xfe, 0x0, 0x9, 0x99,
    0x9a, 0xff, 0xf9, 0x99, 0x94, 0x0, 0x6, 0xff,
    0x90, 0x0, 0xef, 0x60, 0x0, 0xef, 0xff, 0xff,
    0xff, 0xff, 0xff, 0x70, 0x2, 0xff, 0xfe, 0xee,
    0xef, 0xfe, 0xee, 0xe, 0xf9, 0x66, 0xdf, 0xc6,
    0x6f, 0xf7, 0x0, 0xdf, 0xff, 0xff, 0xff, 0xff,
    0xff, 0xf0, 0xef, 0x50, 0xc, 0xf9, 0x0, 0xef,
    0x70, 0x6, 0xff, 0xf8, 0x47, 0xfd, 0x47, 0xff,
    0xe, 0xf5, 0x0, 0xcf, 0x90, 0xe, 0xf7, 0x0,
    0x4, 0xff, 0x50, 0x4f, 0xc0, 0x4f, 0xf0, 0xef,
    0x50, 0xc, 0xf9, 0x0, 0xef, 0x70, 0x0, 0xf,
    0xf5, 0x4, 0xfc, 0x4, 0xff, 0xe, 0xf5, 0x0,
    0xcf, 0x90, 0xe, 0xf7, 0x0, 0x0, 0xff, 0xa6,
    0x9f, 0xd6, 0x9f, 0xf0, 0xef, 0x50, 0xc, 0xf9,
    0x0, 0xef, 0x70, 0x0, 0xf, 0xff, 0xff, 0xff,
    0xff, 0xff, 0xe, 0xf5, 0x0, 0xcf, 0x90, 0xe,
    0xf7, 0x0, 0x0, 0xff, 0xdb, 0xdf, 0xfb, 0xcf,
    0xf0, 0xef, 0xa7, 0x7e, 0xfc, 0x77, 0xff, 0x70,
    0x0, 0xf, 0xf5, 0x4, 0xfc, 0x4, 0xff, 0xe,
    0xff, 0xff, 0xff, 0xff, 0xff, 0xf7, 0x0, 0x0,
    0xff, 0x50, 0x4f, 0xc0, 0x4f, 0xf0, 0xef, 0xff,
    0xff, 0xff, 0xff, 0xff, 0x70, 0x0, 0xf, 0xf4,
    0x4, 0xfc, 0x4, 0xff, 0x0, 0x0, 0x0, 0xff,
    0xd0, 0x0, 0x0, 0x0, 0x1, 0xff, 0xff, 0xff,
    0xff, 0xff, 0xf0, 0x0, 0x0, 0xf, 0xfd, 0x2,
    0x70, 0x0, 0x0, 0x3f, 0xff, 0xff, 0xff, 0xff,
    0xff, 0x0, 0x0, 0x0, 0xff, 0xd0, 0xff, 0x70,
    0x0, 0x4, 0xff, 0x33, 0x7f, 0xd3, 0x6f, 0xf0,
    0x0, 0x0, 0xf, 0xfd, 0x9, 0xfe, 0x0, 0x0,
    0x7f, 0xe0, 0x4, 0xfc, 0x4, 0xff, 0x0, 0x0,
    0x0, 0xff, 0xd0, 0x3f, 0xf5, 0x0, 0xa, 0xfb,
    0x0, 0x4f, 0xc0, 0x4f, 0xf0, 0x0, 0x0, 0x2f,
    0xfe, 0x9b, 0xff, 0xc0, 0x0, 0xef, 0x80, 0x4,
    0xfc, 0x4, 0xff, 0x7b, 0xdf, 0xff, 0xff, 0xff,
    0xff, 0xff, 0x20, 0x4f, 0xf4, 0x0, 0x4f, 0xc4,
    0x8f, 0xf9, 0xff, 0xff, 0xff, 0xff, 0xec, 0xaf,
    0xf8, 0xb, 0xfd, 0x0, 0x4, 0xfc, 0xbf, 0xfd,
    0x6e, 0xca, 0x86, 0x42, 0x0, 0x0, 0xdf, 0xc0,
    0x6e, 0x70, 0x0, 0x15, 0x46, 0xfc, 0x30, 0x0,
    0x0, 0x0, 0x0, 0x0, 0x9, 0xd6, 0x0, 0x11,
    0x0, 0x0, 0x0, 0x0, 0x0, 0x0, 0x0, 0x0,
    0x0, 0x0, 0x0, 0x0, 0x0,

    /* U+8A00 "言" */
    0x0, 0x0, 0x0, 0x0, 0x0, 0x0, 0x4, 0x10,
    0x0, 0x0, 0x0, 0x0, 0x0, 0x0, 0x0, 0x0,
    0x0, 0x0, 0x0, 0x5, 0xff, 0xc0, 0x0, 0x0,
    0x0, 0x0, 0x0, 0x0, 0x0, 0x0, 0x0, 0x0,
    0x0, 0x0, 0xcf, 0xf9, 0x0, 0x0, 0x0, 0x0,
    0x0, 0x0, 0x0, 0x0, 0x0, 0x0, 0x0, 0x0,
    0x2f, 0xff, 0x30, 0x0, 0x0, 0x0, 0x0, 0x0,
    0x0, 0x0, 0x0, 0x0, 0x0, 0x0, 0x9, 0xff,
    0xc0, 0x0, 0x0, 0x0, 0x0, 0x0, 0x3f, 0xff,
    0xff, 0xff, 0xff, 0xff, 0xff, 0xff, 0xff, 0xff,
    0xff, 0xff, 0xff, 0xfd, 0x3f, 0xff, 0xff, 0xff,
    0xff, 0xff, 0xff, 0xff, 0xff, 0xff, 0xff, 0xff,
    0xff, 0xfd, 0x16, 0x66, 0x66, 0x66, 0x66, 0x66,
    0x66, 0x66, 0x66, 0x66, 0x66, 0x66, 0x66, 0x65,
    0x0, 0x0, 0x0, 0x0, 0x0, 0x0, 0x0, 0x0,
    0x0, 0x0, 0x0, 0x0, 0x0, 0x0, 0x0, 0x0,
    0x5, 0x55, 0x55, 0x55, 0x55, 0x55, 0x55, 0x55,
    0x55, 0x53, 0x0, 0x0, 0x0, 0x0, 0xf, 0xff,
    0xff, 0xff, 0xff, 0xff, 0xff, 0xff, 0xff, 0xf9,
    0x0, 0x0, 0x0, 0x0, 0xf, 0xff, 0xff, 0xff,
    0xff, 0xff, 0xff, 0xff, 0xff, 0xf8, 0x0, 0x0,
    0x0, 0x0, 0x0, 0x0, 0x0, 0x0, 0x0, 0x0,
    0x0, 0x0, 0x0, 0x0, 0x0, 0x0, 0x0, 0x0,
    0x0, 0x0, 0x0, 0x0, 0x0, 0x0, 0x0, 0x0,
    0x0, 0x0, 0x0, 0x0, 0x0, 0x0, 0xf, 0xff,
    0xff, 0xff, 0xff, 0xff, 0xff, 0xff, 0xff, 0xf8,
    0x0, 0x0, 0x0, 0x0, 0xf, 0xff, 0xff, 0xff,
    0xff, 0xff, 0xff, 0xff, 0xff, 0xf9, 0x0, 0x0,
    0x0, 0x0, 0x5, 0x55, 0x55, 0x55, 0x55, 0x55,
    0x55, 0x55, 0x55, 0x53, 0x0, 0x0, 0x0, 0x0,
    0x0, 0x0, 0x0, 0x0, 0x0, 0x0, 0x0, 0x0,
    0x0, 0x0, 0x0, 0x0, 0x0, 0x0, 0x0, 0x0,
    0x0, 0x0, 0x0, 0x0, 0x0, 0x0, 0x0, 0x0,
    0x0, 0x0, 0x0, 0x0, 0x4f, 0xff, 0xff, 0xff,
    0xff, 0xff, 0xff, 0xff, 0xff, 0xfe, 0x0, 0x0,
    0x0, 0x0, 0x4f, 0xff, 0xff, 0xff, 0xff, 0xff,
    0xff, 0xff, 0xff, 0xfe, 0x0, 0x0, 0x0, 0x0,
    0x4f, 0xfa, 0x55, 0x55, 0x55, 0x55, 0x55, 0x55,
    0x5f, 0xfe, 0x0, 0x0, 0x0, 0x0, 0x4f, 0xf7,
    0x0, 0x0, 0x0, 0x0, 0x0, 0x0, 0xf, 0xfe,
    0x0, 0x0, 0x0, 0x0, 0x4f, 0xf7, 0x0, 0x0,
    0x0, 0x0, 0x0, 0x0, 0xf, 0xfe, 0x0, 0x0,
    0x0, 0x0, 0x4f, 0xf8, 0x0, 0x0, 0x0, 0x0,
    0x0, 0x0, 0xf, 0xfe, 0x0, 0x0, 0x0, 0x0,
    0x4f, 0xff, 0xff, 0xff, 0xff, 0xff, 0xff, 0xff,
    0xff, 0xfe, 0x0, 0x0, 0x0, 0x0, 0x4f, 0xff,
    0xff, 0xff, 0xff, 0xff, 0xff, 0xff, 0xff, 0xfe,
    0x0, 0x0, 0x0, 0x0, 0x4f, 0xfa, 0x44, 0x44,
    0x44, 0x44, 0x44, 0x44, 0x4e, 0xed, 0x0, 0x0,

    /* U+8B66 "警" */
    0x0, 0x0, 0x4, 0x41, 0x0, 0x34, 0x30, 0x0,
    0x0, 0x4, 0x10, 0x0, 0x0, 0x0, 0x0, 0x0,
    0x11, 0x2f, 0xf6, 0x11, 0xcf, 0xa1, 0x11, 0x0,
    0x5f, 0xf1, 0x0, 0x0, 0x0, 0x0, 0x5, 0xff,
    0xff, 0xff, 0xff, 0xff, 0xff, 0xfe, 0x0, 0xcf,
    0xb0, 0x0, 0x0, 0x0, 0x0, 0x3, 0xaa, 0xaf,
    0xfc, 0xaa, 0xef, 0xea, 0xa9, 0x5, 0xff, 0xfe,
    0xee, 0xee, 0xee, 0x70, 0x0, 0x0, 0x7f, 0xc3,
    0x0, 0x79, 0x60, 0x0, 0x1e, 0xff, 0xff, 0xff,
    0xff, 0xff, 0x70, 0x0, 0x4, 0xff, 0xb8, 0x88,
    0x88, 0x88, 0x50, 0xcf, 0xfe, 0x10, 0x4, 0xff,
    0x40, 0x0, 0x0, 0xd, 0xff, 0xff, 0xff, 0xff,
    0xff, 0xab, 0xff, 0xff, 0x80, 0xb, 0xfd, 0x0,
    0x0, 0x1, 0xcf, 0xe2, 0x11, 0x11, 0x0, 0xdf,
    0xac, 0xf7, 0x4f, 0xf6, 0x6f, 0xf5, 0x0, 0x0,
    0xc, 0xff, 0xff, 0xff, 0xff, 0x60, 0xef, 0x70,
    0x50, 0x8, 0xff, 0xff, 0xa0, 0x0, 0x0, 0x2,
    0xdb, 0xf9, 0x55, 0xbf, 0x60, 0xff, 0x60, 0x0,
    0x1, 0xef, 0xff, 0x30, 0x0, 0x0, 0x0, 0x8,
    0xf7, 0x11, 0x9f, 0x62, 0xff, 0x40, 0x1, 0x7e,
    0xff, 0xff, 0xf9, 0x20, 0x0, 0x0, 0x8, 0xff,
    0xff, 0xff, 0xab, 0xff, 0x11, 0xbf, 0xff, 0xe6,
    0x6e, 0xff, 0xfd, 0x70, 0x0, 0x8, 0xf9, 0x44,
    0x47, 0xff, 0xfa, 0x24, 0x8f, 0xe8, 0x10, 0x0,
    0x8e, 0xff, 0x40, 0x0, 0x1, 0x10, 0x0, 0x0,
    0x66, 0x4b, 0xff, 0x34, 0x0, 0x0, 0x0, 0x0,
    0x46, 0x0, 0x0, 0xaa, 0xaa, 0xaa, 0xaa, 0xaa,
    0xac, 0xff, 0xda, 0xaa, 0xaa, 0xaa, 0xaa, 0xaa,
    0x0, 0x0, 0xff, 0xff, 0xff, 0xff, 0xff, 0xff,
    0xff, 0xff, 0xff, 0xff, 0xff, 0xff, 0xff, 0x0,
    0x0, 0x22, 0x22, 0x22, 0x22, 0x22, 0x22, 0x22,
    0x22, 0x22, 0x22, 0x22, 0x22, 0x22, 0x0, 0x0,
    0x0, 0x2, 0x77, 0x77, 0x77, 0x77, 0x77, 0x77,
    0x77, 0x77, 0x77, 0x40, 0x0, 0x0, 0x0, 0x0,
    0x5, 0xff, 0xff, 0xff, 0xff, 0xff, 0xff, 0xff,
    0xff, 0xff, 0x90, 0x0, 0x0, 0x0, 0x0, 0x0,
    0x0, 0x0, 0x0, 0x0, 0x0, 0x0, 0x0, 0x0,
    0x0, 0x0, 0x0, 0x0, 0x0, 0x0, 0x5, 0xff,
    0xff, 0xff, 0xff, 0xff, 0xff, 0xff, 0xff, 0xff,
    0x90, 0x0, 0x0, 0x0, 0x0, 0x3, 0x99, 0x99,
    0x99, 0x99, 0x99, 0x99, 0x99, 0x99, 0x99, 0x50,
    0x0, 0x0, 0x0, 0x0, 0x0, 0x0, 0x0, 0x0,
    0x0, 0x0, 0x0, 0x0, 0x0, 0x0, 0x0, 0x0,
    0x0, 0x0, 0x0, 0xa, 0xff, 0xff, 0xff, 0xff,
    0xff, 0xff, 0xff, 0xff, 0xff, 0xf0, 0x0, 0x0,
    0x0, 0x0, 0xa, 0xff, 0x87, 0x77, 0x77, 0x77,
    0x77, 0x77, 0x77, 0xef, 0xf0, 0x0, 0x0, 0x0,
    0x0, 0xa, 0xff, 0x0, 0x0, 0x0, 0x0, 0x0,
    0x0, 0x0, 0xcf, 0xf0, 0x0, 0x0, 0x0, 0x0,
    0xa, 0xff, 0xff, 0xff, 0xff, 0xff, 0xff, 0xff,
    0xff, 0xff, 0xf0, 0x0, 0x0, 0x0, 0x0, 0xa,
    0xff, 0xa9, 0x99, 0x99, 0x99, 0x99, 0x99, 0x99,
    0xef, 0xf0, 0x0, 0x0,

    /* U+8BA2 "订" */
    0x0, 0x5, 0x60, 0x0, 0x0, 0x0, 0x0, 0x0,
    0x0, 0x0, 0x0, 0x0, 0x0, 0x0, 0x0, 0x6f,
    0xf7, 0x0, 0x0, 0x0, 0x0, 0x0, 0x0, 0x0,
    0x0, 0x0, 0x0, 0x0, 0x0, 0x5f, 0xff, 0x80,
    0x0, 0xd, 0xee, 0xee, 0xee, 0xee, 0xee, 0xee,
    0xee, 0xed, 0x0, 0x5, 0xff, 0xf8, 0x0, 0xe,
    0xff, 0xff, 0xff, 0xff, 0xff, 0xff, 0xff, 0xfe,
    0x0, 0x0, 0x5f, 0xff, 0x60, 0xd, 0xff, 0xff,
    0xff, 0xff, 0xff, 0xff, 0xff, 0xfe, 0x0, 0x0,
    0x6, 0xff, 0x40, 0x0, 0x0, 0x0, 0x0, 0x3,
    0xff, 0xc0, 0x0, 0x0, 0x0, 0x0, 0x0, 0x94,
    0x0, 0x0, 0x0, 0x0, 0x0, 0x3, 0xff, 0xc0,
    0x0, 0x0, 0x0, 0x0, 0x0, 0x0, 0x0, 0x0,
    0x0, 0x0, 0x0, 0x3, 0xff, 0xc0, 0x0, 0x0,
    0x0, 0x0, 0x0, 0x0, 0x0, 0x0, 0x0, 0x0,
    0x0, 0x3, 0xff, 0xc0, 0x0, 0x0, 0x9f, 0xff,
    0xff, 0xff, 0x0, 0x0, 0x0, 0x0, 0x0, 0x3,
    0xff, 0xc0, 0x0, 0x0, 0x9f, 0xff, 0xff, 0xff,
    0x0, 0x0, 0x0, 0x0, 0x0, 0x3, 0xff, 0xc0,
    0x0, 0x0, 0x6b, 0xbb, 0xbf, 0xff, 0x0, 0x0,
    0x0, 0x0, 0x0, 0x3, 0xff, 0xc0, 0x0, 0x0,
    0x0, 0x0, 0xc, 0xff, 0x0, 0x0, 0x0, 0x0,
    0x0, 0x3, 0xff, 0xc0, 0x0, 0x0, 0x0, 0x0,
    0xc, 0xff, 0x0, 0x0, 0x0, 0x0, 0x0, 0x3,
    0xff, 0xc0, 0x0, 0x0, 0x0, 0x0, 0xc, 0xff,
    0x0, 0x0, 0x0, 0x0, 0x0, 0x3, 0xff, 0xc0,
    0x0, 0x0, 0x0, 0x0, 0xc, 0xff, 0x0, 0x0,
    0x0, 0x0, 0x0, 0x3, 0xff, 0xc0, 0x0, 0x0,
    0x0, 0x0, 0xc, 0xff, 0x0, 0x0, 0x0, 0x0,
    0x0, 0x3, 0xff, 0xc0, 0x0, 0x0, 0x0, 0x0,
    0xc, 0xff, 0x0, 0x0, 0x0, 0x0, 0x0, 0x3,
    0xff, 0xc0, 0x0, 0x0, 0x0, 0x0, 0xc, 0xff,
    0x0, 0x4, 0x20, 0x0, 0x0, 0x3, 0xff, 0xc0,
    0x0, 0x0, 0x0, 0x0, 0xc, 0xff, 0x1, 0xaf,
    0x70, 0x0, 0x0, 0x3, 0xff, 0xc0, 0x0, 0x0,
    0x0, 0x0, 0xc, 0xff, 0x5e, 0xff, 0xd0, 0x0,
    0x0, 0x3, 0xff, 0xc0, 0x0, 0x0, 0x0, 0x0,
    0xd, 0xff, 0xff, 0xfc, 0x20, 0x0, 0x0, 0x3,
    0xff, 0xc0, 0x0, 0x0, 0x0, 0x0, 0x1f, 0xff,
    0xff, 0x70, 0x0, 0x0, 0x0, 0x3, 0xff, 0xc0,
    0x0, 0x0, 0x0, 0x0, 0xbf, 0xff, 0xd3, 0x0,
    0x0, 0x0, 0x0, 0x5, 0xff, 0xc0, 0x0, 0x0,
    0x0, 0x3, 0xff, 0xf8, 0x0, 0x0, 0x0, 0xbf,
    0xff, 0xff, 0xff, 0xa0, 0x0, 0x0, 0x0, 0x0,
    0x9e, 0x40, 0x0, 0x0, 0x0, 0x4f, 0xff, 0xff,
    0xff, 0x40, 0x0, 0x0, 0x0, 0x0, 0x12, 0x0,
    0x0, 0x0, 0x0, 0xf, 0xff, 0xfd, 0xa4, 0x0,
    0x0, 0x0, 0x0, 0x0, 0x0, 0x0, 0x0, 0x0,
    0x0, 0x0, 0x0, 0x0, 0x0, 0x0, 0x0, 0x0,

    /* U+8BA4 "认" */
    0x0, 0x0, 0x0, 0x0, 0x0, 0x0, 0x0, 0x0,
    0x2, 0x44, 0x10, 0x0, 0x0, 0x0, 0x0, 0x0,
    0x9, 0x40, 0x0, 0x0, 0x0, 0x0, 0x0, 0xaf,
    0xf3, 0x0, 0x0, 0x0, 0x0, 0x0, 0xa, 0xff,
    0x50, 0x0, 0x0, 0x0, 0x0, 0xa, 0xff, 0x30,
    0x0, 0x0, 0x0, 0x0, 0x0, 0x7f, 0xff, 0x70,
    0x0, 0x0, 0x0, 0x0, 0xbf, 0xf2, 0x0, 0x0,
    0x0, 0x0, 0x0, 0x0, 0x7f, 0xff, 0x80, 0x0,
    0x0, 0x0, 0xb, 0xff, 0x20, 0x0, 0x0, 0x0,
    0x0, 0x0, 0x0, 0x6f, 0xff, 0x30, 0x0, 0x0,
    0x0, 0xbf, 0xf1, 0x0, 0x0, 0x0, 0x0, 0x0,
    0x0, 0x0, 0x6f, 0x70, 0x0, 0x0, 0x0, 0xb,
    0xff, 0x10, 0x0, 0x0, 0x0, 0x0, 0x0, 0x0,
    0x0, 0x30, 0x0, 0x0, 0x0, 0x0, 0xcf, 0xf0,
    0x0, 0x0, 0x0, 0x0, 0x0, 0x0, 0x0, 0x0,
    0x0, 0x0, 0x0, 0x0, 0xc, 0xff, 0x0, 0x0,
    0x0, 0x0, 0x0, 0x0, 0x0, 0x0, 0x0, 0x0,
    0x0, 0x0, 0x0, 0xdf, 0xf0, 0x0, 0x0, 0x0,
    0x0, 0xbf, 0xff, 0xff, 0xfd, 0x0, 0x0, 0x0,
    0x0, 0xf, 0xff, 0x10, 0x0, 0x0, 0x0, 0xb,
    0xff, 0xff, 0xff, 0xd0, 0x0, 0x0, 0x0, 0x0,
    0xff, 0xf3, 0x0, 0x0, 0x0, 0x0, 0x8b, 0xbb,
    0xbf, 0xfd, 0x0, 0x0, 0x0, 0x0, 0x2f, 0xff,
    0x60, 0x0, 0x0, 0x0, 0x0, 0x0, 0x0, 0xef,
    0xd0, 0x0, 0x0, 0x0, 0x4, 0xff, 0xf9, 0x0,
    0x0, 0x0, 0x0, 0x0, 0x0, 0xe, 0xfd, 0x0,
    0x0, 0x0, 0x0, 0x6f, 0xff, 0xd0, 0x0, 0x0,
    0x0, 0x0, 0x0, 0x0, 0xef, 0xd0, 0x0, 0x0,
    0x0, 0x9, 0xff, 0xff, 0x10, 0x0, 0x0, 0x0,
    0x0, 0x0, 0xe, 0xfd, 0x0, 0x0, 0x0, 0x0,
    0xdf, 0xff, 0xf6, 0x0, 0x0, 0x0, 0x0, 0x0,
    0x0, 0xef, 0xd0, 0x0, 0x0, 0x0, 0x2f, 0xfd,
    0xef, 0xb0, 0x0, 0x0, 0x0, 0x0, 0x0, 0xe,
    0xfd, 0x0, 0x0, 0x0, 0x6, 0xff, 0x89, 0xff,
    0x20, 0x0, 0x0, 0x0, 0x0, 0x0, 0xef, 0xd0,
    0x0, 0x0, 0x0, 0xdf, 0xf3, 0x4f, 0xf9, 0x0,
    0x0, 0x0, 0x0, 0x0, 0xe, 0xfd, 0x2, 0xc4,
    0x0, 0x4f, 0xfe, 0x0, 0xdf, 0xf1, 0x0, 0x0,
    0x0, 0x0, 0x0, 0xef, 0xd7, 0xff, 0xa0, 0xb,
    0xff, 0x70, 0x6, 0xff, 0xa0, 0x0, 0x0, 0x0,
    0x0, 0xf, 0xff, 0xff, 0xf7, 0x6, 0xff, 0xe0,
    0x0, 0xe, 0xff, 0x40, 0x0, 0x0, 0x0, 0x1,
    0xff, 0xff, 0xd3, 0x2, 0xff, 0xf7, 0x0, 0x0,
    0x6f, 0xfe, 0x20, 0x0, 0x0, 0x0, 0xaf, 0xff,
    0xa0, 0x1, 0xdf, 0xfc, 0x0, 0x0, 0x0, 0xaf,
    0xfd, 0x10, 0x0, 0x0, 0x6f, 0xff, 0x60, 0x2,
    0xef, 0xff, 0x20, 0x0, 0x0, 0x1, 0xef, 0xfe,
    0x30, 0x0, 0x0, 0xde, 0x30, 0x0, 0xcf, 0xff,
    0x40, 0x0, 0x0, 0x0, 0x3, 0xef, 0xfd, 0x0,
    0x0, 0x3, 0x10, 0x0, 0x1, 0xce, 0x30, 0x0,
    0x0, 0x0, 0x0, 0x2, 0xdd, 0x10, 0x0, 0x0,
    0x0, 0x0, 0x0, 0x1, 0x20, 0x0, 0x0, 0x0,
    0x0, 0x0, 0x1, 0x20, 0x0,

    /* U+8BAF "讯" */
    0x0, 0x4, 0x30, 0x0, 0x0, 0x0, 0x0, 0x0,
    0x0, 0x0, 0x0, 0x0, 0x0, 0x0, 0x0, 0x6,
    0xff, 0x30, 0x0, 0x1b, 0xbb, 0xbb, 0xbb, 0xbb,
    0xbb, 0xbb, 0xb7, 0x0, 0x0, 0x0, 0x7f, 0xff,
    0x40, 0x1, 0xff, 0xff, 0xff, 0xff, 0xff, 0xff,
    0xff, 0xa0, 0x0, 0x0, 0x0, 0x8f, 0xff, 0x30,
    0x1f, 0xff, 0xff, 0xff, 0xff, 0xff, 0xff, 0xfa,
    0x0, 0x0, 0x0, 0x0, 0x9f, 0xfe, 0x10, 0x0,
    0x1, 0xff, 0x80, 0x0, 0x2, 0xff, 0xa0, 0x0,
    0x0, 0x0, 0x0, 0xcf, 0x90, 0x0, 0x0, 0x1f,
    0xf8, 0x0, 0x0, 0x2f, 0xfa, 0x0, 0x0, 0x0,
    0x0, 0x1, 0x60, 0x0, 0x0, 0x1, 0xff, 0x80,
    0x0, 0x2, 0xff, 0x90, 0x0, 0x0, 0x0, 0x0,
    0x0, 0x0, 0x0, 0x0, 0x1f, 0xf8, 0x0, 0x0,
    0x2f, 0xf9, 0x0, 0x0, 0x0, 0x0, 0x0, 0x0,
    0x0, 0x0, 0x1, 0xff, 0x80, 0x0, 0x2, 0xff,
    0x90, 0x0, 0xc, 0xee, 0xee, 0xec, 0x0, 0x0,
    0x0, 0x1f, 0xf8, 0x0, 0x0, 0x2f, 0xf9, 0x0,
    0x0, 0xdf, 0xff, 0xff, 0xd0, 0x0, 0x0, 0x1,
    0xff, 0x80, 0x0, 0x2, 0xff, 0x90, 0x0, 0xa,
    0xcc, 0xcf, 0xfd, 0x0, 0x0, 0x0, 0x2f, 0xf9,
    0x0, 0x0, 0x2f, 0xf9, 0x0, 0x0, 0x0, 0x0,
    0xef, 0xd0, 0x4, 0xff, 0xff, 0xff, 0xff, 0xff,
    0xd2, 0xff, 0x90, 0x0, 0x0, 0x0, 0xe, 0xfd,
    0x0, 0x4f, 0xff, 0xff, 0xff, 0xff, 0xfd, 0x1f,
    0xf9, 0x0, 0x0, 0x0, 0x0, 0xef, 0xd0, 0x2,
    0x99, 0x9a, 0xff, 0xd9, 0x99, 0x81, 0xff, 0xa0,
    0x0, 0x0, 0x0, 0xe, 0xfd, 0x0, 0x0, 0x0,
    0x1f, 0xf8, 0x0, 0x0, 0xf, 0xfa, 0x0, 0x0,
    0x0, 0x0, 0xef, 0xd0, 0x0, 0x0, 0x1, 0xff,
    0x80, 0x0, 0x0, 0xff, 0xb0, 0x0, 0x0, 0x0,
    0xe, 0xfd, 0x0, 0x0, 0x0, 0x1f, 0xf8, 0x0,
    0x0, 0xf, 0xfc, 0x0, 0x0, 0x0, 0x0, 0xef,
    0xd0, 0x4, 0x0, 0x1, 0xff, 0x80, 0x0, 0x0,
    0xef, 0xd0, 0x0, 0x0, 0x0, 0xe, 0xfd, 0x8,
    0xf4, 0x0, 0x1f, 0xf8, 0x0, 0x0, 0xc, 0xfe,
    0x0, 0x0, 0x0, 0x0, 0xef, 0xec, 0xff, 0xb0,
    0x1, 0xff, 0x80, 0x0, 0x0, 0xbf, 0xf0, 0x32,
    0x0, 0x0, 0xf, 0xff, 0xff, 0xd2, 0x0, 0x1f,
    0xf8, 0x0, 0x0, 0x8, 0xff, 0x15, 0xc0, 0x0,
    0x2, 0xff, 0xff, 0xb0, 0x0, 0x1, 0xff, 0x80,
    0x0, 0x0, 0x6f, 0xf4, 0x6f, 0x50, 0x0, 0xbf,
    0xff, 0x80, 0x0, 0x0, 0x1f, 0xf8, 0x0, 0x0,
    0x2, 0xff, 0x98, 0xf3, 0x0, 0x2f, 0xff, 0x50,
    0x0, 0x0, 0x1, 0xff, 0x80, 0x0, 0x0, 0xe,
    0xff, 0xef, 0x10, 0x0, 0x7e, 0x30, 0x0, 0x0,
    0x0, 0x1f, 0xf8, 0x0, 0x0, 0x0, 0x8f, 0xff,
    0xc0, 0x0, 0x0, 0x20, 0x0, 0x0, 0x0, 0x1,
    0xff, 0x80, 0x0, 0x0, 0x1, 0xdf, 0xf5, 0x0,
    0x0, 0x0, 0x0, 0x0, 0x0, 0x0, 0x0, 0x0,
    0x0, 0x0, 0x0, 0x0, 0x54, 0x0,

    /* U+8BB0 "记" */
    0x0, 0x0, 0x30, 0x0, 0x0, 0x0, 0x0, 0x0,
    0x0, 0x0, 0x0, 0x0, 0x0, 0x0, 0x0, 0x0,
    0xaf, 0x70, 0x0, 0x0, 0x0, 0x0, 0x0, 0x0,
    0x0, 0x0, 0x0, 0x0, 0x0, 0x0, 0x3f, 0xff,
    0x90, 0x0, 0x6, 0xff, 0xff, 0xff, 0xff, 0xff,
    0xff, 0xff, 0x0, 0x0, 0x0, 0x3f, 0xff, 0xa0,
    0x0, 0x6f, 0xff, 0xff, 0xff, 0xff, 0xff, 0xff,
    0xf0, 0x0, 0x0, 0x0, 0x3e, 0xff, 0xa0, 0x5,
    0xcc, 0xcc, 0xcc, 0xcc, 0xcc, 0xcf, 0xff, 0x0,
    0x0, 0x0, 0x0, 0x3f, 0xfe, 0x10, 0x0, 0x0,
    0x0, 0x0, 0x0, 0x0, 0xcf, 0xf0, 0x0, 0x0,
    0x0, 0x0, 0x4d, 0x10, 0x0, 0x0, 0x0, 0x0,
    0x0, 0x0, 0xc, 0xff, 0x0, 0x0, 0x0, 0x0,
    0x0, 0x0, 0x0, 0x0, 0x0, 0x0, 0x0, 0x0,
    0x0, 0xcf, 0xf0, 0x0, 0x0, 0x0, 0x0, 0x0,
    0x0, 0x0, 0x0, 0x0, 0x0, 0x0, 0x0, 0xc,
    0xff, 0x0, 0xa, 0xff, 0xff, 0xff, 0xb0, 0x0,
    0x0, 0x0, 0x0, 0x0, 0x0, 0x0, 0xcf, 0xf0,
    0x0, 0xaf, 0xff, 0xff, 0xfb, 0x0, 0x0, 0x0,
    0x0, 0x0, 0x0, 0x0, 0xc, 0xff, 0x0, 0x6,
    0x99, 0x9a, 0xff, 0xb0, 0x0, 0x9, 0xaa, 0xaa,
    0xaa, 0xaa, 0xaa, 0xef, 0xf0, 0x0, 0x0, 0x0,
    0x1f, 0xfb, 0x0, 0x0, 0xdf, 0xff, 0xff, 0xff,
    0xff, 0xff, 0xff, 0x0, 0x0, 0x0, 0x1, 0xff,
    0xb0, 0x0, 0xd, 0xff, 0xff, 0xff, 0xff, 0xff,
    0xff, 0xf0, 0x0, 0x0, 0x0, 0x1f, 0xfb, 0x0,
    0x0, 0xdf, 0xf1, 0x0, 0x0, 0x0, 0xc, 0xff,
    0x0, 0x0, 0x0, 0x1, 0xff, 0xb0, 0x0, 0xd,
    0xff, 0x0, 0x0, 0x0, 0x0, 0xbe, 0xe0, 0x0,
    0x0, 0x0, 0x1f, 0xfb, 0x0, 0x0, 0xdf, 0xf0,
    0x0, 0x0, 0x0, 0x0, 0x0, 0x0, 0x0, 0x0,
    0x1, 0xff, 0xb0, 0x0, 0xd, 0xff, 0x0, 0x0,
    0x0, 0x0, 0x0, 0x0, 0x0, 0x0, 0x0, 0x1f,
    0xfb, 0x0, 0x0, 0xdf, 0xf0, 0x0, 0x0, 0x0,
    0x0, 0x0, 0x0, 0x0, 0x0, 0x1, 0xff, 0xb0,
    0x1, 0xd, 0xff, 0x0, 0x0, 0x0, 0x0, 0x0,
    0x30, 0x0, 0x0, 0x0, 0x1f, 0xfb, 0x9, 0xc0,
    0xdf, 0xf0, 0x0, 0x0, 0x0, 0x0, 0xb, 0xd7,
    0x0, 0x0, 0x1, 0xff, 0xed, 0xff, 0x2d, 0xff,
    0x0, 0x0, 0x0, 0x0, 0x0, 0xcf, 0xf0, 0x0,
    0x0, 0x2f, 0xff, 0xff, 0xb1, 0xdf, 0xf1, 0x0,
    0x0, 0x0, 0x0, 0xf, 0xfd, 0x0, 0x0, 0x8,
    0xff, 0xff, 0x70, 0xc, 0xff, 0x30, 0x0, 0x0,
    0x0, 0x5, 0xff, 0xa0, 0x0, 0x3, 0xff, 0xfd,
    0x30, 0x0, 0xaf, 0xff, 0xcb, 0xbb, 0xbb, 0xbc,
    0xff, 0xf6, 0x0, 0x0, 0x2e, 0xfa, 0x0, 0x0,
    0x3, 0xff, 0xff, 0xff, 0xff, 0xff, 0xff, 0xfd,
    0x0, 0x0, 0x0, 0x57, 0x0, 0x0, 0x0, 0x4,
    0xbe, 0xff, 0xff, 0xff, 0xff, 0xd9, 0x10, 0x0,

    /* U+8BBE "设" */
    0x0, 0x1, 0x50, 0x0, 0x0, 0x0, 0x0, 0x11,
    0x11, 0x11, 0x11, 0x10, 0x0, 0x0, 0x0, 0x1,
    0xdf, 0x80, 0x0, 0x0, 0x0, 0x8f, 0xff, 0xff,
    0xff, 0xff, 0x90, 0x0, 0x0, 0x0, 0x3f, 0xff,
    0xa0, 0x0, 0x0, 0x8, 0xff, 0xff, 0xff, 0xff,
    0xf9, 0x0, 0x0, 0x0, 0x0, 0x3e, 0xff, 0xa0,
    0x0, 0x0, 0x8f, 0xf9, 0x88, 0x89, 0xff, 0x90,
    0x0, 0x0, 0x0, 0x0, 0x2e, 0xff, 0x90, 0x0,
    0x9, 0xff, 0x0, 0x0, 0x1f, 0xf9, 0x0, 0x0,
    0x0, 0x0, 0x0, 0x2e, 0xf4, 0x0, 0x0, 0xbf,
    0xf0, 0x0, 0x1, 0xff, 0x90, 0x0, 0x0, 0x0,
    0x0, 0x0, 0x34, 0x0, 0x0, 0xf, 0xfd, 0x0,
    0x0, 0x1f, 0xf9, 0x0, 0x0, 0x0, 0x0, 0x0,
    0x0, 0x0, 0x0, 0x8, 0xff, 0x70, 0x0, 0x1,
    0xff, 0xa0, 0x0, 0x0, 0x0, 0x0, 0x0, 0x0,
    0x0, 0x5, 0xff, 0xf2, 0x0, 0x0, 0xf, 0xfd,
    0x55, 0x63, 0xc, 0xff, 0xff, 0xfe, 0x0, 0x19,
    0xff, 0xf6, 0x0, 0x0, 0x0, 0xdf, 0xff, 0xff,
    0x90, 0xcf, 0xff, 0xff, 0xe0, 0xa, 0xff, 0xf9,
    0x0, 0x0, 0x0, 0x3, 0xdf, 0xff, 0xfa, 0x8,
    0xbb, 0xbf, 0xfe, 0x0, 0xc, 0xf6, 0x0, 0x0,
    0x0, 0x0, 0x0, 0x1, 0x11, 0x0, 0x0, 0x0,
    0xdf, 0xe0, 0x0, 0x21, 0x0, 0x0, 0x0, 0x0,
    0x0, 0x0, 0x10, 0x0, 0x0, 0x0, 0xd, 0xfe,
    0x0, 0x8, 0xff, 0xff, 0xff, 0xff, 0xff, 0xff,
    0xff, 0xb1, 0x0, 0x0, 0x0, 0xdf, 0xe0, 0x0,
    0x8f, 0xff, 0xff, 0xff, 0xff, 0xff, 0xff, 0xfe,
    0x0, 0x0, 0x0, 0xd, 0xfe, 0x0, 0x5, 0xbf,
    0xfb, 0x99, 0x99, 0x99, 0x9c, 0xff, 0x90, 0x0,
    0x0, 0x0, 0xdf, 0xe0, 0x0, 0x2, 0xff, 0xb0,
    0x0, 0x0, 0x0, 0xdf, 0xf2, 0x0, 0x0, 0x0,
    0xd, 0xfe, 0x0, 0x0, 0x9, 0xff, 0x60, 0x0,
    0x0, 0x8f, 0xf9, 0x0, 0x0, 0x0, 0x0, 0xdf,
    0xe0, 0x0, 0x0, 0x1e, 0xfe, 0x20, 0x0, 0x3f,
    0xff, 0x10, 0x0, 0x0, 0x0, 0xd, 0xfe, 0x0,
    0x80, 0x0, 0x6f, 0xfe, 0x20, 0x3e, 0xff, 0x50,
    0x0, 0x0, 0x0, 0x0, 0xdf, 0xe1, 0xcf, 0x60,
    0x0, 0x8f, 0xfe, 0x5f, 0xff, 0x90, 0x0, 0x0,
    0x0, 0x0, 0xd, 0xff, 0xef, 0xfb, 0x0, 0x0,
    0xaf, 0xff, 0xff, 0xa0, 0x0, 0x0, 0x0, 0x0,
    0x0, 0xff, 0xff, 0xfa, 0x0, 0x0, 0x4, 0xff,
    0xff, 0xf3, 0x0, 0x0, 0x0, 0x0, 0x0, 0x4f,
    0xff, 0xf6, 0x0, 0x0, 0x4c, 0xff, 0xff, 0xff,
    0xfb, 0x30, 0x0, 0x0, 0x0, 0x2e, 0xff, 0xe3,
    0x0, 0x49, 0xdf, 0xff, 0xfb, 0x6d, 0xff, 0xff,
    0xd8, 0x40, 0x0, 0x0, 0xcf, 0xc1, 0x0, 0xdf,
    0xff, 0xff, 0xb3, 0x0, 0x6, 0xef, 0xff, 0xff,
    0xc0, 0x0, 0x3, 0xb0, 0x0, 0x5, 0xff, 0xe9,
    0x30, 0x0, 0x0, 0x0, 0x7c, 0xff, 0xf2, 0x0,
    0x0, 0x0, 0x0, 0x0, 0x8, 0x30, 0x0, 0x0,
    0x0, 0x0, 0x0, 0x1, 0x66, 0x0,

    /* U+8BD5 "试" */
    0x0, 0x1, 0x40, 0x0, 0x0, 0x0, 0x0, 0x0,
    0x0, 0xe, 0xed, 0x3, 0x80, 0x0, 0x0, 0x2,
    0xef, 0x70, 0x0, 0x0, 0x0, 0x0, 0x0, 0x0,
    0xff, 0xe3, 0xff, 0x70, 0x0, 0x0, 0x4f, 0xff,
    0x90, 0x0, 0x0, 0x0, 0x0, 0x0, 0xe, 0xfe,
    0xa, 0xff, 0x50, 0x0, 0x0, 0x4f, 0xff, 0xa0,
    0x0, 0x0, 0x0, 0x0, 0x0, 0xef, 0xf0, 0xd,
    0xfe, 0x10, 0x0, 0x0, 0x3f, 0xff, 0x70, 0x0,
    0x0, 0x0, 0x0, 0xe, 0xff, 0x0, 0x3f, 0xf4,
    0x0, 0x0, 0x0, 0x4f, 0xe2, 0x1, 0x11, 0x11,
    0x11, 0x11, 0xdf, 0xf1, 0x11, 0x83, 0x10, 0x0,
    0x0, 0x0, 0x52, 0x7, 0xff, 0xff, 0xff, 0xff,
    0xff, 0xff, 0xff, 0xff, 0xfe, 0x0, 0x0, 0x0,
    0x0, 0x0, 0x7f, 0xff, 0xff, 0xff, 0xff, 0xff,
    0xff, 0xff, 0xff, 0xe0, 0x0, 0x0, 0x0, 0x0,
    0x5, 0xaa, 0xaa, 0xaa, 0xaa, 0xae, 0xff, 0xba,
    0xaa, 0xa9, 0x6, 0xcc, 0xcc, 0xcc, 0x0, 0x0,
    0x0, 0x0, 0x0, 0x0, 0xaf, 0xf2, 0x0, 0x0,
    0x0, 0x7f, 0xff, 0xff, 0xf0, 0x0, 0x0, 0x0,
    0x0, 0x0, 0x9, 0xff, 0x30, 0x0, 0x0, 0x6,
    0xcc, 0xce, 0xff, 0x0, 0x0, 0x0, 0x0, 0x0,
    0x0, 0x8f, 0xf4, 0x0, 0x0, 0x0, 0x0, 0x0,
    0x9f, 0xf0, 0x0, 0x59, 0x99, 0x99, 0x99, 0x47,
    0xff, 0x50, 0x0, 0x0, 0x0, 0x0, 0x9, 0xff,
    0x0, 0x8, 0xff, 0xff, 0xff, 0xf7, 0x6f, 0xf7,
    0x0, 0x0, 0x0, 0x0, 0x0, 0x9f, 0xf0, 0x0,
    0x8f, 0xff, 0xff, 0xff, 0x74, 0xff, 0x80, 0x0,
    0x0, 0x0, 0x0, 0x9, 0xff, 0x0, 0x0, 0x0,
    0xbf, 0xe0, 0x0, 0x3f, 0xfa, 0x0, 0x0, 0x0,
    0x0, 0x0, 0x9f, 0xf0, 0x0, 0x0, 0xb, 0xfe,
    0x0, 0x1, 0xff, 0xc0, 0x0, 0x0, 0x0, 0x0,
    0x9, 0xff, 0x0, 0x0, 0x0, 0xbf, 0xe0, 0x0,
    0xf, 0xfe, 0x0, 0x0, 0x0, 0x0, 0x0, 0x9f,
    0xf0, 0x0, 0x0, 0xb, 0xfe, 0x0, 0x0, 0xcf,
    0xf1, 0x0, 0x0, 0x0, 0x0, 0x9, 0xff, 0x0,
    0x11, 0x0, 0xbf, 0xe0, 0x0, 0xa, 0xff, 0x40,
    0x19, 0x0, 0x0, 0x0, 0x9f, 0xf1, 0x6f, 0x60,
    0xb, 0xfe, 0x15, 0x92, 0x6f, 0xf8, 0x2, 0xfd,
    0x10, 0x0, 0xa, 0xff, 0xdf, 0xfc, 0x0, 0xcf,
    0xff, 0xff, 0x53, 0xff, 0xc0, 0x4f, 0xf0, 0x0,
    0x0, 0xdf, 0xff, 0xfc, 0xbc, 0xff, 0xff, 0xff,
    0xe5, 0xe, 0xff, 0x48, 0xfe, 0x0, 0x0, 0x9f,
    0xff, 0xf7, 0xd, 0xff, 0xff, 0xc7, 0x30, 0x0,
    0x8f, 0xff, 0xff, 0xa0, 0x0, 0xc, 0xff, 0xc2,
    0x0, 0x8e, 0xa5, 0x10, 0x0, 0x0, 0x2, 0xff,
    0xff, 0xf5, 0x0, 0x0, 0x3f, 0x70, 0x0, 0x0,
    0x0, 0x0, 0x0, 0x0, 0x0, 0x8, 0xff, 0xfd,
    0x0, 0x0, 0x0, 0x20, 0x0, 0x0, 0x0, 0x0,
    0x0, 0x0, 0x0, 0x0, 0x7, 0xed, 0x20, 0x0,
    0x0, 0x0, 0x0, 0x0, 0x0, 0x0, 0x0, 0x0,
    0x0, 0x0, 0x0, 0x0, 0x0, 0x0,

    /* U+8BE2 "询" */
    0x0, 0x0, 0x0, 0x0, 0x0, 0x0, 0x1, 0x20,
    0x0, 0x0, 0x0, 0x0, 0x0, 0x0, 0x0, 0x5,
    0x30, 0x0, 0x0, 0x0, 0x7, 0xfe, 0x60, 0x0,
    0x0, 0x0, 0x0, 0x0, 0x0, 0x8f, 0xf3, 0x0,
    0x0, 0x0, 0xd, 0xff, 0x30, 0x0, 0x0, 0x0,
    0x0, 0x0, 0x0, 0x6f, 0xff, 0x30, 0x0, 0x0,
    0x4f, 0xfd, 0x0, 0x0, 0x0, 0x0, 0x0, 0x0,
    0x0, 0x7, 0xff, 0xf2, 0x0, 0x0, 0xcf, 0xf6,
    0x0, 0x0, 0x0, 0x0, 0x0, 0x0, 0x0, 0x0,
    0x8f, 0xfd, 0x0, 0x4, 0xff, 0xff, 0xff, 0xff,
    0xff, 0xff, 0xff, 0xf4, 0x0, 0x0, 0xb, 0xf6,
    0x0, 0xd, 0xff, 0xff, 0xff, 0xff, 0xff, 0xff,
    0xff, 0xf4, 0x0, 0x0, 0x1, 0x50, 0x0, 0x8f,
    0xfe, 0x99, 0x99, 0x99, 0x99, 0x99, 0xdf, 0xf3,
    0x0, 0x0, 0x0, 0x0, 0x3, 0xff, 0xf4, 0x0,
    0x0, 0x0, 0x0, 0x0, 0x8f, 0xf3, 0x0, 0x0,
    0x0, 0x0, 0x2e, 0xff, 0xa0, 0x0, 0x0, 0x0,
    0x0, 0x0, 0x9f, 0xf2, 0xdf, 0xff, 0xff, 0xd0,
    0x9f, 0xff, 0xcb, 0xbb, 0xbb, 0xbb, 0xb0, 0x0,
    0x9f, 0xf2, 0xdf, 0xff, 0xff, 0xd0, 0x8, 0xfb,
    0xff, 0xff, 0xff, 0xff, 0xf1, 0x0, 0xaf, 0xf1,
    0x9b, 0xbb, 0xff, 0xd0, 0x0, 0x18, 0xff, 0xa9,
    0x99, 0xcf, 0xf1, 0x0, 0xbf, 0xf1, 0x0, 0x0,
    0xef, 0xd0, 0x0, 0x8, 0xff, 0x10, 0x0, 0x7f,
    0xf1, 0x0, 0xbf, 0xf0, 0x0, 0x0, 0xef, 0xd0,
    0x0, 0x8, 0xff, 0x10, 0x0, 0x7f, 0xf1, 0x0,
    0xcf, 0xf0, 0x0, 0x0, 0xef, 0xd0, 0x0, 0x8,
    0xff, 0xff, 0xff, 0xff, 0xf1, 0x0, 0xdf, 0xf0,
    0x0, 0x0, 0xef, 0xd0, 0x0, 0x8, 0xff, 0xff,
    0xff, 0xff, 0xf1, 0x0, 0xef, 0xe0, 0x0, 0x0,
    0xef, 0xd0, 0x0, 0x8, 0xff, 0x54, 0x44, 0x9f,
    0xf1, 0x0, 0xff, 0xd0, 0x0, 0x0, 0xef, 0xd0,
    0x0, 0x8, 0xff, 0x10, 0x0, 0x7f, 0xf1, 0x0,
    0xff, 0xc0, 0x0, 0x0, 0xef, 0xd0, 0x1, 0x8,
    0xff, 0x10, 0x0, 0x7f, 0xf1, 0x1, 0xff, 0xb0,
    0x0, 0x0, 0xef, 0xd0, 0x6e, 0x8, 0xff, 0xff,
    0xff, 0xff, 0xf1, 0x3, 0xff, 0x90, 0x0, 0x0,
    0xef, 0xea, 0xff, 0x48, 0xff, 0xff, 0xff, 0xff,
    0xf1, 0x5, 0xff, 0x80, 0x0, 0x0, 0xff, 0xff,
    0xfd, 0x28, 0xff, 0x65, 0x55, 0x55, 0x50, 0x7,
    0xff, 0x60, 0x0, 0x3, 0xff, 0xff, 0x90, 0x7,
    0xff, 0x10, 0x0, 0x0, 0x0, 0xb, 0xff, 0x40,
    0x0, 0x1e, 0xff, 0xf5, 0x0, 0x0, 0x0, 0x0,
    0x0, 0x0, 0x0, 0x1f, 0xff, 0x10, 0x0, 0x1e,
    0xfd, 0x20, 0x0, 0x0, 0x0, 0x0, 0x5, 0xba,
    0xaa, 0xef, 0xfc, 0x0, 0x0, 0x5, 0xb0, 0x0,
    0x0, 0x0, 0x0, 0x0, 0x1, 0xff, 0xff, 0xff,
    0xf4, 0x0, 0x0, 0x0, 0x0, 0x0, 0x0, 0x0,
    0x0, 0x0, 0x0, 0xcf, 0xff, 0xeb, 0x30, 0x0,
    0x0, 0x0, 0x0, 0x0, 0x0, 0x0, 0x0, 0x0,
    0x0, 0x0, 0x0, 0x0, 0x0, 0x0,

    /* U+8BED "语" */
    0x0, 0x19, 0x10, 0x0, 0x2, 0x77, 0x77, 0x77,
    0x77, 0x77, 0x77, 0x77, 0x77, 0x60, 0x1, 0xdf,
    0xd2, 0x0, 0x5, 0xff, 0xff, 0xff, 0xff, 0xff,
    0xff, 0xff, 0xff, 0xe0, 0x0, 0xbf, 0xfe, 0x30,
    0x5, 0xff, 0xff, 0xff, 0xff, 0xff, 0xff, 0xff,
    0xff, 0xe0, 0x0, 0xb, 0xff, 0xe3, 0x0, 0x0,
    0x0, 0xa, 0xff, 0x40, 0x0, 0x0, 0x0, 0x0,
    0x0, 0x0, 0xbf, 0xfe, 0x0, 0x0, 0x0, 0xd,
    0xff, 0x0, 0x0, 0x0, 0x0, 0x0, 0x0, 0x0,
    0xc, 0xf7, 0x0, 0x0, 0x0, 0xf, 0xfd, 0x0,
    0x0, 0x0, 0x0, 0x0, 0x0, 0x0, 0x1, 0x70,
    0x0, 0x5f, 0xff, 0xff, 0xff, 0xff, 0xff, 0xff,
    0xe0, 0x0, 0x0, 0x0, 0x0, 0x0, 0x0, 0x5f,
    0xff, 0xff, 0xff, 0xff, 0xff, 0xff, 0xe0, 0x0,
    0x0, 0x0, 0x0, 0x0, 0x0, 0x28, 0x88, 0xdf,
    0xf9, 0x88, 0x88, 0xef, 0xc0, 0x0, 0xcf, 0xff,
    0xff, 0xb0, 0x0, 0x0, 0x0, 0xef, 0xf0, 0x0,
    0x0, 0xef, 0xb0, 0x0, 0xcf, 0xff, 0xff, 0xb0,
    0x0, 0x0, 0x1, 0xff, 0xc0, 0x0, 0x0, 0xff,
    0xa0, 0x0, 0x9b, 0xbb, 0xff, 0xb0, 0x0, 0x0,
    0x5, 0xff, 0x80, 0x0, 0x1, 0xff, 0x80, 0x0,
    0x0, 0x0, 0xef, 0xb0, 0x6f, 0xff, 0xff, 0xff,
    0xff, 0xff, 0xff, 0xff, 0xff, 0xfe, 0x0, 0x0,
    0xef, 0xb0, 0x6f, 0xff, 0xff, 0xff, 0xff, 0xff,
    0xff, 0xff, 0xff, 0xfe, 0x0, 0x0, 0xef, 0xb0,
    0x49, 0x99, 0x99, 0x99, 0x99, 0x99, 0x99, 0x99,
    0x99, 0x99, 0x0, 0x0, 0xef, 0xb0, 0x0, 0x0,
    0x0, 0x0, 0x0, 0x0, 0x0, 0x0, 0x0, 0x0,
    0x0, 0x0, 0xef, 0xb0, 0x0, 0x3, 0x33, 0x33,
    0x33, 0x33, 0x33, 0x33, 0x33, 0x0, 0x0, 0x0,
    0xef, 0xb0, 0x0, 0xf, 0xff, 0xff, 0xff, 0xff,
    0xff, 0xff, 0xfe, 0x0, 0x0, 0x0, 0xef, 0xb0,
    0x0, 0xf, 0xff, 0xff, 0xff, 0xff, 0xff, 0xff,
    0xfe, 0x0, 0x0, 0x0, 0xef, 0xb0, 0x1, 0x1f,
    0xfb, 0x44, 0x44, 0x44, 0x44, 0x4e, 0xfe, 0x0,
    0x0, 0x0, 0xef, 0xb0, 0x5e, 0x6f, 0xfa, 0x0,
    0x0, 0x0, 0x0, 0xd, 0xfe, 0x0, 0x0, 0x0,
    0xef, 0xcb, 0xff, 0xbf, 0xfa, 0x0, 0x0, 0x0,
    0x0, 0xd, 0xfe, 0x0, 0x0, 0x1, 0xff, 0xff,
    0xfd, 0x4f, 0xfa, 0x0, 0x0, 0x0, 0x0, 0xd,
    0xfe, 0x0, 0x0, 0x7, 0xff, 0xff, 0x80, 0xf,
    0xfa, 0x0, 0x0, 0x0, 0x0, 0xe, 0xfe, 0x0,
    0x0, 0xe, 0xff, 0xd3, 0x0, 0xf, 0xff, 0xff,
    0xff, 0xff, 0xff, 0xff, 0xfe, 0x0, 0x0, 0x5,
    0xf9, 0x0, 0x0, 0xf, 0xff, 0xff, 0xff, 0xff,
    0xff, 0xff, 0xfe, 0x0, 0x0, 0x0, 0x40, 0x0,
    0x0, 0xf, 0xfc, 0x66, 0x66, 0x66, 0x66, 0x6d,
    0xed, 0x0,

    /* U+8BEF "误" */
    0x0, 0x6, 0x10, 0x0, 0x0, 0x0, 0x0, 0x0,
    0x0, 0x0, 0x0, 0x0, 0x0, 0x0, 0x0, 0x8,
    0xfe, 0x20, 0x0, 0x0, 0x6f, 0xff, 0xff, 0xff,
    0xff, 0xff, 0xff, 0xf0, 0x0, 0x0, 0xaf, 0xff,
    0x40, 0x0, 0x6, 0xff, 0xff, 0xff, 0xff, 0xff,
    0xff, 0xff, 0x0, 0x0, 0x0, 0xaf, 0xff, 0x40,
    0x0, 0x6f, 0xf9, 0x77, 0x77, 0x77, 0x77, 0xdf,
    0xf0, 0x0, 0x0, 0x0, 0x9f, 0xff, 0x20, 0x6,
    0xff, 0x30, 0x0, 0x0, 0x0, 0xb, 0xff, 0x0,
    0x0, 0x0, 0x0, 0xaf, 0xc0, 0x0, 0x6f, 0xf3,
    0x0, 0x0, 0x0, 0x0, 0xbf, 0xf0, 0x0, 0x0,
    0x0, 0x0, 0x90, 0x0, 0x6, 0xff, 0x30, 0x0,
    0x0, 0x0, 0xb, 0xff, 0x0, 0x0, 0x0, 0x0,
    0x0, 0x0, 0x0, 0x6f, 0xff, 0xff, 0xff, 0xff,
    0xff, 0xff, 0xf0, 0x0, 0x11, 0x11, 0x11, 0x10,
    0x0, 0x6, 0xff, 0xff, 0xff, 0xff, 0xff, 0xff,
    0xff, 0x0, 0xd, 0xff, 0xff, 0xff, 0x0, 0x0,
    0x37, 0x77, 0x77, 0x77, 0x77, 0x77, 0x77, 0x70,
    0x0, 0xdf, 0xff, 0xff, 0xf0, 0x0, 0x0, 0x0,
    0x0, 0x0, 0x0, 0x0, 0x0, 0x0, 0x0, 0xa,
    0xcc, 0xcf, 0xff, 0x0, 0x0, 0x0, 0x0, 0x0,
    0x0, 0x0, 0x0, 0x0, 0x0, 0x0, 0x0, 0x0,
    0xbf, 0xf0, 0x0, 0x2f, 0xff, 0xff, 0xff, 0xff,
    0xff, 0xff, 0xff, 0xc0, 0x0, 0x0, 0xb, 0xff,
    0x0, 0x2, 0xff, 0xff, 0xff, 0xff, 0xff, 0xff,
    0xff, 0xfc, 0x0, 0x0, 0x0, 0xbf, 0xf0, 0x0,
    0x17, 0x77, 0x77, 0x7d, 0xff, 0x77, 0x77, 0x77,
    0x60, 0x0, 0x0, 0xb, 0xff, 0x0, 0x0, 0x0,
    0x0, 0x0, 0xcf, 0xe0, 0x0, 0x0, 0x0, 0x0,
    0x0, 0x0, 0xbf, 0xf0, 0x0, 0x0, 0x0, 0x0,
    0xe, 0xfd, 0x0, 0x0, 0x0, 0x0, 0x0, 0x0,
    0xb, 0xff, 0x0, 0x1f, 0xff, 0xff, 0xff, 0xff,
    0xff, 0xff, 0xff, 0xff, 0xe0, 0x0, 0x0, 0xbf,
    0xf0, 0x1, 0xff, 0xff, 0xff, 0xff, 0xff, 0xff,
    0xff, 0xff, 0xfe, 0x0, 0x0, 0xb, 0xff, 0x0,
    0x18, 0x88, 0x88, 0x8e, 0xff, 0xfd, 0x88, 0x88,
    0x88, 0x80, 0x0, 0x0, 0xbf, 0xf0, 0x5e, 0x0,
    0x0, 0x2, 0xff, 0xff, 0xf3, 0x0, 0x0, 0x0,
    0x0, 0x0, 0xc, 0xff, 0xaf, 0xf5, 0x0, 0x0,
    0xbf, 0xfb, 0xff, 0xd1, 0x0, 0x0, 0x0, 0x0,
    0x0, 0xff, 0xff, 0xfe, 0x30, 0x0, 0xaf, 0xfe,
    0x8, 0xff, 0xd2, 0x0, 0x0, 0x0, 0x0, 0x6f,
    0xff, 0xfa, 0x10, 0x3, 0xcf, 0xff, 0x40, 0xc,
    0xff, 0xf7, 0x0, 0x0, 0x0, 0xc, 0xff, 0xf5,
    0x0, 0x5b, 0xff, 0xff, 0x40, 0x0, 0xc, 0xff,
    0xfd, 0x72, 0x0, 0x0, 0x2f, 0xc2, 0x0, 0x9f,
    0xff, 0xfc, 0x20, 0x0, 0x0, 0x9, 0xff, 0xff,
    0xc0, 0x0, 0x0, 0x60, 0x0, 0x0, 0xdf, 0xc5,
    0x0, 0x0, 0x0, 0x0, 0x3, 0xbf, 0xe1, 0x0,
    0x0, 0x0, 0x0, 0x0, 0x2, 0x20, 0x0, 0x0,
    0x0, 0x0, 0x0, 0x0, 0x23, 0x0,

    /* U+8BF7 "请" */
    0x0, 0x0, 0x0, 0x0, 0x0, 0x0, 0x0, 0x0,
    0x3, 0x44, 0x0, 0x0, 0x0, 0x0, 0x0, 0x7,
    0x10, 0x0, 0x0, 0x0, 0x0, 0x0, 0xc, 0xff,
    0x0, 0x0, 0x0, 0x0, 0x0, 0xaf, 0xe2, 0x0,
    0x0, 0x1, 0x11, 0x11, 0x1d, 0xff, 0x11, 0x11,
    0x11, 0x10, 0x0, 0x9f, 0xff, 0x30, 0x0, 0x8f,
    0xff, 0xff, 0xff, 0xff, 0xff, 0xff, 0xff, 0xf0,
    0x0, 0x9, 0xff, 0xf3, 0x0, 0x8f, 0xff, 0xff,
    0xff, 0xff, 0xff, 0xff, 0xff, 0xf0, 0x0, 0x0,
    0xaf, 0xfe, 0x20, 0x0, 0x0, 0x0, 0xc, 0xff,
    0x0, 0x0, 0x0, 0x0, 0x0, 0x0, 0xb, 0xfb,
    0x0, 0x2, 0x22, 0x22, 0x2d, 0xff, 0x22, 0x22,
    0x22, 0x0, 0x0, 0x0, 0x0, 0xa0, 0x0, 0xc,
    0xff, 0xff, 0xff, 0xff, 0xff, 0xff, 0xff, 0x10,
    0x0, 0x0, 0x0, 0x0, 0x0, 0x9, 0xcc, 0xcc,
    0xcf, 0xff, 0xcc, 0xcc, 0xcc, 0x10, 0x0, 0x0,
    0x0, 0x0, 0x0, 0x0, 0x0, 0x0, 0xc, 0xff,
    0x0, 0x0, 0x0, 0x0, 0xdf, 0xff, 0xff, 0xf0,
    0x5, 0xaa, 0xaa, 0xaa, 0xae, 0xff, 0xaa, 0xaa,
    0xaa, 0xaa, 0xdf, 0xff, 0xff, 0xf0, 0x7, 0xff,
    0xff, 0xff, 0xff, 0xff, 0xff, 0xff, 0xff, 0xfe,
    0xab, 0xbb, 0xef, 0xf0, 0x3, 0x66, 0x66, 0x66,
    0x66, 0x66, 0x66, 0x66, 0x66, 0x65, 0x0, 0x0,
    0xbf, 0xf0, 0x0, 0x0, 0x11, 0x11, 0x11, 0x11,
    0x11, 0x11, 0x11, 0x0, 0x0, 0x0, 0xbf, 0xf0,
    0x0, 0x6, 0xff, 0xff, 0xff, 0xff, 0xff, 0xff,
    0xfa, 0x0, 0x0, 0x0, 0xbf, 0xf0, 0x0, 0x6,
    0xff, 0xff, 0xff, 0xff, 0xff, 0xff, 0xfa, 0x0,
    0x0, 0x0, 0xbf, 0xf0, 0x0, 0x6, 0xff, 0x40,
    0x0, 0x0, 0x0, 0x1f, 0xfa, 0x0, 0x0, 0x0,
    0xbf, 0xf0, 0x0, 0x6, 0xff, 0x40, 0x0, 0x0,
    0x0, 0xf, 0xfa, 0x0, 0x0, 0x0, 0xbf, 0xf0,
    0x0, 0x6, 0xff, 0xff, 0xff, 0xff, 0xff, 0xff,
    0xfa, 0x0, 0x0, 0x0, 0xbf, 0xf0, 0x0, 0x6,
    0xff, 0xed, 0xdd, 0xdd, 0xdd, 0xef, 0xfa, 0x0,
    0x0, 0x0, 0xbf, 0xf0, 0x6, 0x6, 0xff, 0x40,
    0x0, 0x0, 0x0, 0xf, 0xfa, 0x0, 0x0, 0x0,
    0xbf, 0xf1, 0xbf, 0x56, 0xff, 0x40, 0x0, 0x0,
    0x0, 0xf, 0xfa, 0x0, 0x0, 0x0, 0xbf, 0xfe,
    0xff, 0xa6, 0xff, 0xff, 0xff, 0xff, 0xff, 0xff,
    0xfa, 0x0, 0x0, 0x0, 0xef, 0xff, 0xf9, 0x6,
    0xff, 0xff, 0xff, 0xff, 0xff, 0xff, 0xfa, 0x0,
    0x0, 0x6, 0xff, 0xfe, 0x40, 0x6, 0xff, 0x40,
    0x0, 0x0, 0x0, 0xf, 0xfa, 0x0, 0x0, 0xe,
    0xff, 0xb1, 0x0, 0x6, 0xff, 0x40, 0x0, 0x5,
    0x77, 0x8f, 0xf9, 0x0, 0x0, 0x5, 0xf8, 0x0,
    0x0, 0x6, 0xff, 0x40, 0x0, 0x7, 0xff, 0xff,
    0xf6, 0x0, 0x0, 0x0, 0x40, 0x0, 0x0, 0x6,
    0xff, 0x40, 0x0, 0x2, 0xee, 0xeb, 0x60, 0x0,

    /* U+8C03 "调" */
    0x0, 0x7, 0x10, 0x0, 0x0, 0x0, 0x0, 0x0,
    0x0, 0x0, 0x0, 0x0, 0x0, 0x0, 0xa, 0xfd,
    0x20, 0x0, 0xd, 0xff, 0xff, 0xff, 0xff, 0xff,
    0xff, 0xff, 0xfe, 0x0, 0xaf, 0xfe, 0x30, 0x0,
    0xdf, 0xff, 0xff, 0xff, 0xff, 0xff, 0xff, 0xff,
    0xe0, 0x0, 0x8f, 0xff, 0x30, 0xd, 0xfc, 0x77,
    0x77, 0x77, 0x77, 0x77, 0x7c, 0xfe, 0x0, 0x0,
    0x7f, 0xff, 0x10, 0xdf, 0xa0, 0x0, 0xa, 0xe8,
    0x0, 0x0, 0x9f, 0xe0, 0x0, 0x0, 0x7f, 0x60,
    0xd, 0xfa, 0x0, 0x0, 0xaf, 0x90, 0x0, 0x9,
    0xfe, 0x0, 0x0, 0x0, 0x30, 0x0, 0xdf, 0xa0,
    0x6c, 0xce, 0xfe, 0xcc, 0x70, 0x9f, 0xe0, 0x0,
    0x0, 0x0, 0x0, 0xd, 0xfa, 0x8, 0xff, 0xff,
    0xff, 0xf9, 0x9, 0xfe, 0x22, 0x22, 0x22, 0x20,
    0x0, 0xdf, 0xa0, 0x24, 0x4c, 0xfb, 0x44, 0x20,
    0x9f, 0xed, 0xff, 0xff, 0xfc, 0x0, 0xd, 0xfa,
    0x0, 0x0, 0xaf, 0x90, 0x0, 0x9, 0xfe, 0xdf,
    0xff, 0xff, 0xc0, 0x0, 0xdf, 0xa0, 0x0, 0xa,
    0xf9, 0x0, 0x0, 0x9f, 0xe8, 0x99, 0x9f, 0xfc,
    0x0, 0xd, 0xfa, 0x2f, 0xff, 0xff, 0xff, 0xff,
    0x49, 0xfe, 0x0, 0x0, 0xef, 0xc0, 0x0, 0xdf,
    0xa2, 0xff, 0xff, 0xff, 0xff, 0xf4, 0x9f, 0xe0,
    0x0, 0xe, 0xfc, 0x0, 0xe, 0xf9, 0x1, 0x11,
    0x11, 0x11, 0x11, 0x9, 0xfe, 0x0, 0x0, 0xef,
    0xc0, 0x0, 0xef, 0x90, 0x0, 0x0, 0x0, 0x0,
    0x0, 0x9f, 0xe0, 0x0, 0xe, 0xfc, 0x0, 0xf,
    0xf8, 0x8, 0xcc, 0xcc, 0xcc, 0xc5, 0x9, 0xfe,
    0x0, 0x0, 0xef, 0xc0, 0x0, 0xff, 0x70, 0xaf,
    0xff, 0xff, 0xff, 0x60, 0x9f, 0xe0, 0x0, 0xe,
    0xfc, 0x0, 0x1f, 0xf5, 0xa, 0xf8, 0x33, 0x3c,
    0xf6, 0x9, 0xfe, 0x0, 0x0, 0xef, 0xc0, 0x3,
    0xff, 0x30, 0xaf, 0x60, 0x0, 0xbf, 0x60, 0x9f,
    0xe0, 0x0, 0xe, 0xfc, 0x3, 0x5f, 0xf1, 0xa,
    0xf6, 0x0, 0xb, 0xf6, 0x9, 0xfe, 0x0, 0x0,
    0xef, 0xc7, 0xf9, 0xfe, 0x0, 0xaf, 0x82, 0x22,
    0xcf, 0x60, 0x9f, 0xe0, 0x0, 0xf, 0xff, 0xff,
    0xff, 0xa0, 0xa, 0xff, 0xff, 0xff, 0xf6, 0x9,
    0xfe, 0x0, 0x4, 0xff, 0xff, 0xef, 0xf5, 0x0,
    0xaf, 0xed, 0xdd, 0xdd, 0x50, 0x9f, 0xe0, 0x0,
    0xcf, 0xff, 0xa8, 0xff, 0x10, 0x8, 0xc4, 0x0,
    0x0, 0x0, 0x9, 0xfe, 0x0, 0x7f, 0xff, 0x61,
    0xff, 0xa0, 0x0, 0x0, 0x0, 0x0, 0x38, 0x88,
    0xef, 0xd0, 0x0, 0xad, 0x20, 0x6f, 0xf2, 0x0,
    0x0, 0x0, 0x0, 0x1, 0xff, 0xff, 0xf9, 0x0,
    0x0, 0x10, 0x0, 0x59, 0x0, 0x0, 0x0, 0x0,
    0x0, 0xd, 0xff, 0xd9, 0x0, 0x0, 0x0, 0x0,
    0x0, 0x0, 0x0, 0x0, 0x0, 0x0, 0x0, 0x0,
    0x0, 0x0,

    /* U+8D28 "质" */
    0x0, 0x0, 0x0, 0x0, 0x0, 0x0, 0x0, 0x0,
    0x0, 0x0, 0x0, 0x0, 0x30, 0x0, 0x0, 0x0,
    0x0, 0x0, 0x0, 0x0, 0x0, 0x0, 0x1, 0x35,
    0x78, 0xbd, 0xff, 0xa0, 0x0, 0x0, 0x0, 0x34,
    0x67, 0x89, 0xab, 0xcd, 0xef, 0xff, 0xff, 0xff,
    0xff, 0xff, 0xa0, 0x0, 0x0, 0xe, 0xff, 0xff,
    0xff, 0xff, 0xff, 0xff, 0xff, 0xff, 0xda, 0x85,
    0x30, 0x0, 0x0, 0x0, 0xef, 0xff, 0xfe, 0xdc,
    0xba, 0x98, 0xff, 0xe1, 0x0, 0x0, 0x0, 0x0,
    0x0, 0x0, 0xe, 0xfd, 0x0, 0x0, 0x0, 0x0,
    0x1f, 0xfd, 0x0, 0x0, 0x0, 0x0, 0x0, 0x0,
    0x0, 0xef, 0xd0, 0x0, 0x0, 0x0, 0x2, 0xff,
    0xb0, 0x0, 0x0, 0x0, 0x0, 0x0, 0x0, 0xe,
    0xff, 0xff, 0xff, 0xff, 0xff, 0xff, 0xff, 0xff,
    0xff, 0xff, 0xff, 0xfa, 0x0, 0x0, 0xef, 0xff,
    0xff, 0xff, 0xff, 0xff, 0xff, 0xff, 0xff, 0xff,
    0xff, 0xff, 0xa0, 0x0, 0xe, 0xff, 0x99, 0x99,
    0x99, 0x99, 0xcf, 0xfb, 0x99, 0x99, 0x99, 0x99,
    0x96, 0x0, 0x0, 0xef, 0xd0, 0x0, 0x0, 0x0,
    0x7, 0xff, 0x40, 0x0, 0x0, 0x0, 0x0, 0x0,
    0x0, 0xf, 0xfd, 0x0, 0x0, 0x0, 0x0, 0x9f,
    0xf2, 0x0, 0x0, 0x0, 0x0, 0x0, 0x0, 0x0,
    0xff, 0xd0, 0x1f, 0xff, 0xff, 0xff, 0xff, 0xff,
    0xff, 0xff, 0xff, 0xc0, 0x0, 0x0, 0xf, 0xfc,
    0x1, 0xff, 0xff, 0xff, 0xff, 0xff, 0xff, 0xff,
    0xff, 0xfc, 0x0, 0x0, 0x0, 0xff, 0xc0, 0x1f,
    0xfe, 0xaa, 0xaa, 0xaa, 0xaa, 0xaa, 0xab, 0xff,
    0xc0, 0x0, 0x0, 0x1f, 0xfb, 0x1, 0xff, 0xc0,
    0x0, 0x2, 0x33, 0x0, 0x0, 0x2f, 0xfc, 0x0,
    0x0, 0x2, 0xff, 0x90, 0x1f, 0xfc, 0x0, 0x0,
    0xdf, 0xf1, 0x0, 0x2, 0xff, 0xc0, 0x0, 0x0,
    0x4f, 0xf7, 0x1, 0xff, 0xc0, 0x0, 0xd, 0xff,
    0x10, 0x0, 0x2f, 0xfc, 0x0, 0x0, 0x6, 0xff,
    0x60, 0x1f, 0xfc, 0x0, 0x0, 0xef, 0xf0, 0x0,
    0x2, 0xff, 0xc0, 0x0, 0x0, 0x8f, 0xf4, 0x1,
    0xff, 0xc0, 0x0, 0xf, 0xfe, 0x0, 0x0, 0x2f,
    0xfc, 0x0, 0x0, 0xc, 0xff, 0x10, 0x1f, 0xfc,
    0x0, 0x4, 0xff, 0xc0, 0x0, 0x2, 0xff, 0xc0,
    0x0, 0x0, 0xff, 0xd0, 0x1, 0xff, 0xc0, 0x0,
    0xcf, 0xf7, 0x0, 0x0, 0x2f, 0xfc, 0x0, 0x0,
    0x4f, 0xf9, 0x0, 0x7, 0x75, 0x0, 0xaf, 0xfe,
    0x13, 0x40, 0x2, 0xaa, 0x80, 0x0, 0x9, 0xff,
    0x50, 0x0, 0x0, 0x2, 0xcf, 0xff, 0x45, 0xff,
    0xd7, 0x10, 0x0, 0x0, 0x1, 0xff, 0xf1, 0x0,
    0x0, 0x29, 0xff, 0xff, 0x40, 0x6d, 0xff, 0xff,
    0x92, 0x0, 0x0, 0x8f, 0xf9, 0x0, 0x27, 0xcf,
    0xff, 0xfc, 0x20, 0x0, 0x4, 0xaf, 0xff, 0xfa,
    0x20, 0xc, 0xff, 0x20, 0x4f, 0xff, 0xff, 0xd5,
    0x0, 0x0, 0x0, 0x0, 0x18, 0xff, 0xff, 0x40,
    0x6, 0xa0, 0x0, 0x5f, 0xfa, 0x40, 0x0, 0x0,
    0x0, 0x0, 0x0, 0x1, 0x8f, 0x90, 0x0, 0x0,
    0x0, 0x0, 0x30, 0x0, 0x0, 0x0, 0x0, 0x0,
    0x0, 0x0, 0x0, 0x10, 0x0,

    /* U+8D85 "超" */
    0x0, 0x0, 0x0, 0x12, 0x20, 0x0, 0x0, 0x0,
    0x0, 0x0, 0x0, 0x0, 0x0, 0x0, 0x0, 0x0,
    0x0, 0x6, 0xff, 0x30, 0x0, 0x0, 0x0, 0x0,
    0x0, 0x0, 0x0, 0x0, 0x0, 0x0, 0x0, 0x0,
    0x6f, 0xf3, 0x0, 0x0, 0x3f, 0xff, 0xff, 0xff,
    0xff, 0xff, 0xfc, 0x0, 0x0, 0x0, 0x6, 0xff,
    0x30, 0x0, 0x3, 0xff, 0xff, 0xff, 0xff, 0xff,
    0xff, 0xb0, 0x1, 0xff, 0xff, 0xff, 0xff, 0xff,
    0xfd, 0x4, 0x44, 0xdf, 0xf4, 0x44, 0x4f, 0xfa,
    0x0, 0x1f, 0xff, 0xff, 0xff, 0xff, 0xff, 0xd0,
    0x0, 0xf, 0xfb, 0x0, 0x1, 0xff, 0x90, 0x0,
    0x88, 0x88, 0xbf, 0xfa, 0x88, 0x87, 0x0, 0x4,
    0xff, 0x70, 0x0, 0x2f, 0xf8, 0x0, 0x0, 0x0,
    0x6, 0xff, 0x30, 0x0, 0x0, 0x0, 0xbf, 0xf2,
    0x0, 0x4, 0xff, 0x60, 0x0, 0x0, 0x0, 0x6f,
    0xf3, 0x0, 0x0, 0x0, 0x4f, 0xfb, 0x0, 0x0,
    0x7f, 0xf5, 0x0, 0x0, 0x0, 0x6, 0xff, 0x40,
    0x0, 0x0, 0x1e, 0xff, 0x31, 0x43, 0x4d, 0xff,
    0x20, 0xb, 0xff, 0xff, 0xff, 0xff, 0xff, 0xff,
    0x7e, 0xff, 0x60, 0xf, 0xff, 0xff, 0xd0, 0x0,
    0xbf, 0xff, 0xff, 0xff, 0xff, 0xff, 0xff, 0xff,
    0x90, 0x0, 0xbf, 0xff, 0xd3, 0x0, 0x5, 0x77,
    0x77, 0x7f, 0xfc, 0x77, 0x77, 0x5d, 0x50, 0x0,
    0x1, 0x22, 0x10, 0x0, 0x0, 0x0, 0x0, 0x0,
    0xef, 0xa0, 0x0, 0x0, 0x47, 0x77, 0x77, 0x77,
    0x77, 0x77, 0x0, 0x0, 0x6b, 0xa0, 0xe, 0xfa,
    0x0, 0x0, 0x9, 0xff, 0xff, 0xff, 0xff, 0xff,
    0xf1, 0x0, 0x9, 0xff, 0x0, 0xef, 0xa0, 0x0,
    0x0, 0x9f, 0xfa, 0xaa, 0xaa, 0xae, 0xff, 0x10,
    0x0, 0x9f, 0xe0, 0xe, 0xff, 0xff, 0xff, 0x19,
    0xff, 0x10, 0x0, 0x0, 0xbf, 0xf1, 0x0, 0xa,
    0xfe, 0x0, 0xef, 0xff, 0xff, 0xf1, 0x9f, 0xf1,
    0x0, 0x0, 0xb, 0xff, 0x10, 0x0, 0xbf, 0xe0,
    0xe, 0xfd, 0x88, 0x88, 0x19, 0xff, 0x10, 0x0,
    0x0, 0xbf, 0xf1, 0x0, 0xc, 0xff, 0x30, 0xef,
    0xa0, 0x0, 0x0, 0x9f, 0xf1, 0x0, 0x0, 0xb,
    0xff, 0x10, 0x0, 0xdf, 0xfa, 0xe, 0xfa, 0x0,
    0x0, 0x9, 0xff, 0x65, 0x55, 0x55, 0xdf, 0xf1,
    0x0, 0xf, 0xff, 0xf3, 0xef, 0xa0, 0x0, 0x0,
    0x9f, 0xff, 0xff, 0xff, 0xff, 0xff, 0x10, 0x1,
    0xff, 0xff, 0xef, 0xfa, 0x0, 0x0, 0x9, 0xff,
    0xff, 0xff, 0xff, 0xff, 0xf1, 0x0, 0x4f, 0xfa,
    0xff, 0xff, 0xa0, 0x0, 0x0, 0x0, 0x0, 0x0,
    0x0, 0x0, 0x0, 0x0, 0x8, 0xff, 0x18, 0xff,
    0xfe, 0x95, 0x21, 0x0, 0x0, 0x0, 0x0, 0x0,
    0x0, 0x0, 0x0, 0xdf, 0xd0, 0x8, 0xff, 0xff,
    0xff, 0xff, 0xff, 0xff, 0xff, 0xff, 0xff, 0xff,
    0xfb, 0x3f, 0xf9, 0x0, 0x2, 0xaf, 0xff, 0xff,
    0xff, 0xff, 0xff, 0xff, 0xff, 0xff, 0xff, 0x43,
    0xcf, 0x20, 0x0, 0x0, 0x3, 0x69, 0xaa, 0xbc,
    0xcc, 0xcc, 0xcc, 0xcc, 0xcc, 0xb0, 0x0, 0x40,
    0x0, 0x0, 0x0, 0x0, 0x0, 0x0, 0x0, 0x0,
    0x0, 0x0, 0x0, 0x0, 0x0,

    /* U+8DB3 "足" */
    0x0, 0x1, 0xff, 0xff, 0xff, 0xff, 0xff, 0xff,
    0xff, 0xff, 0xff, 0xff, 0xe0, 0x0, 0x0, 0x0,
    0x1f, 0xff, 0xff, 0xff, 0xff, 0xff, 0xff, 0xff,
    0xff, 0xff, 0xfe, 0x0, 0x0, 0x0, 0x1, 0xff,
    0xfc, 0xcc, 0xcc, 0xcc, 0xcc, 0xcc, 0xcc, 0xcc,
    0xff, 0xe0, 0x0, 0x0, 0x0, 0x1f, 0xfb, 0x0,
    0x0, 0x0, 0x0, 0x0, 0x0, 0x0, 0x1f, 0xfe,
    0x0, 0x0, 0x0, 0x1, 0xff, 0xb0, 0x0, 0x0,
    0x0, 0x0, 0x0, 0x0, 0x1, 0xff, 0xe0, 0x0,
    0x0, 0x0, 0x1f, 0xfb, 0x0, 0x0, 0x0, 0x0,
    0x0, 0x0, 0x0, 0x1f, 0xfe, 0x0, 0x0, 0x0,
    0x1, 0xff, 0xb0, 0x0, 0x0, 0x0, 0x0, 0x0,
    0x0, 0x1, 0xff, 0xe0, 0x0, 0x0, 0x0, 0x1f,
    0xfb, 0x0, 0x0, 0x0, 0x0, 0x0, 0x0, 0x0,
    0x1f, 0xfe, 0x0, 0x0, 0x0, 0x1, 0xff, 0xff,
    0xff, 0xff, 0xff, 0xff, 0xff, 0xff, 0xff, 0xff,
    0xe0, 0x0, 0x0, 0x0, 0x1f, 0xff, 0xff, 0xff,
    0xff, 0xff, 0xff, 0xff, 0xff, 0xff, 0xfe, 0x0,
    0x0, 0x0, 0x0, 0xaa, 0xaa, 0xaa, 0xaa, 0xaf,
    0xff, 0xaa, 0xaa, 0xaa, 0xaa, 0x90, 0x0, 0x0,
    0x0, 0x0, 0x0, 0x0, 0x0, 0x1, 0xff, 0xd0,
    0x0, 0x0, 0x0, 0x0, 0x0, 0x0, 0x0, 0x0,
    0x1, 0x20, 0x0, 0x0, 0x1f, 0xfd, 0x0, 0x0,
    0x0, 0x0, 0x0, 0x0, 0x0, 0x0, 0x0, 0xaf,
    0xf6, 0x0, 0x1, 0xff, 0xd0, 0x0, 0x0, 0x0,
    0x0, 0x0, 0x0, 0x0, 0x0, 0xd, 0xff, 0x30,
    0x0, 0x1f, 0xfd, 0x0, 0x0, 0x0, 0x0, 0x0,
    0x0, 0x0, 0x0, 0x0, 0xff, 0xf0, 0x0, 0x1,
    0xff, 0xff, 0xff, 0xff, 0xff, 0xff, 0xd0, 0x0,
    0x0, 0x0, 0x3f, 0xfc, 0x0, 0x0, 0x1f, 0xff,
    0xff, 0xff, 0xff, 0xff, 0xfd, 0x0, 0x0, 0x0,
    0x8, 0xff, 0xf2, 0x0, 0x1, 0xff, 0xe9, 0x99,
    0x99, 0x99, 0x99, 0x80, 0x0, 0x0, 0x0, 0xdf,
    0xff, 0xa0, 0x0, 0x1f, 0xfd, 0x0, 0x0, 0x0,
    0x0, 0x0, 0x0, 0x0, 0x0, 0x4f, 0xff, 0xff,
    0x60, 0x1, 0xff, 0xd0, 0x0, 0x0, 0x0, 0x0,
    0x0, 0x0, 0x0, 0xc, 0xff, 0x8f, 0xff, 0x70,
    0x1f, 0xfd, 0x0, 0x0, 0x0, 0x0, 0x0, 0x0,
    0x0, 0x4, 0xff, 0xd0, 0x5f, 0xff, 0xb4, 0xff,
    0xd0, 0x0, 0x0, 0x0, 0x0, 0x0, 0x0, 0x2,
    0xef, 0xf4, 0x0, 0x6f, 0xff, 0xff, 0xfd, 0x0,
    0x0, 0x0, 0x0, 0x0, 0x0, 0x1, 0xdf, 0xfb,
    0x0, 0x0, 0x4e, 0xff, 0xff, 0xff, 0xfe, 0xdc,
    0xbb, 0xbb, 0xbc, 0xb0, 0x8f, 0xfc, 0x0, 0x0,
    0x0, 0x7, 0xdf, 0xff, 0xff, 0xff, 0xff, 0xff,
    0xff, 0xfa, 0x0, 0x8d, 0x10, 0x0, 0x0, 0x0,
    0x0, 0x15, 0x9c, 0xde, 0xef, 0xff, 0xff, 0xff,
    0x50, 0x0, 0x10, 0x0, 0x0, 0x0, 0x0, 0x0,
    0x0, 0x0, 0x0, 0x0, 0x0, 0x0, 0x0, 0x0,

    /* U+8F6C "转" */
    0x0, 0x0, 0x1, 0x20, 0x0, 0x0, 0x0, 0x0,
    0x0, 0x0, 0x31, 0x0, 0x0, 0x0, 0x0, 0x0,
    0x0, 0x7f, 0xf5, 0x0, 0x0, 0x0, 0x0, 0x0,
    0x3f, 0xfa, 0x0, 0x0, 0x0, 0x0, 0x0, 0xa,
    0xff, 0x20, 0x0, 0x0, 0x0, 0x0, 0x7, 0xff,
    0x60, 0x0, 0x0, 0x0, 0x0, 0x0, 0xdf, 0xe0,
    0x0, 0x0, 0x0, 0x0, 0x0, 0xbf, 0xf2, 0x0,
    0x0, 0x0, 0xe, 0xff, 0xff, 0xff, 0xff, 0xff,
    0x61, 0xff, 0xff, 0xff, 0xff, 0xff, 0xff, 0xfc,
    0x0, 0xef, 0xff, 0xff, 0xff, 0xff, 0xf6, 0x1f,
    0xff, 0xff, 0xff, 0xff, 0xff, 0xff, 0xc0, 0x9,
    0xaa, 0xef, 0xfa, 0xaa, 0xaa, 0x40, 0xaa, 0xaa,
    0xdf, 0xfc, 0xaa, 0xaa, 0xa8, 0x0, 0x0, 0xd,
    0xfb, 0x0, 0x0, 0x0, 0x0, 0x0, 0xc, 0xff,
    0x10, 0x0, 0x0, 0x0, 0x0, 0x2, 0xff, 0x68,
    0x85, 0x0, 0x0, 0x0, 0x1, 0xff, 0xc0, 0x0,
    0x0, 0x0, 0x0, 0x0, 0x7f, 0xf2, 0xff, 0x90,
    0x2, 0x88, 0x88, 0xaf, 0xfc, 0x88, 0x88, 0x88,
    0x87, 0x0, 0xc, 0xf9, 0x1f, 0xf9, 0x0, 0x4f,
    0xff, 0xff, 0xff, 0xff, 0xff, 0xff, 0xff, 0xd0,
    0x2, 0xff, 0x21, 0xff, 0x90, 0x4, 0xff, 0xff,
    0xff, 0xff, 0xff, 0xff, 0xff, 0xfd, 0x0, 0xaf,
    0xb0, 0x1f, 0xf9, 0x0, 0x1, 0x11, 0x5f, 0xfa,
    0x11, 0x11, 0x11, 0x11, 0x10, 0x4f, 0xfe, 0xcd,
    0xff, 0xec, 0xc4, 0x0, 0x8, 0xff, 0x60, 0x0,
    0x0, 0x0, 0x0, 0x7, 0xff, 0xff, 0xff, 0xff,
    0xff, 0x50, 0x0, 0xdf, 0xf1, 0x0, 0x0, 0x0,
    0x0, 0x0, 0x1f, 0xfe, 0xde, 0xff, 0xfd, 0xd4,
    0x0, 0x2f, 0xff, 0xaa, 0xaa, 0xaa, 0xb9, 0x20,
    0x0, 0x20, 0x0, 0x1f, 0xf9, 0x0, 0x0, 0x7,
    0xff, 0xff, 0xff, 0xff, 0xff, 0xfa, 0x0, 0x0,
    0x0, 0x1, 0xff, 0x90, 0x0, 0x0, 0xbf, 0xff,
    0xff, 0xff, 0xff, 0xfe, 0x10, 0x0, 0x0, 0x0,
    0x1f, 0xf9, 0x0, 0x11, 0x0, 0x0, 0x0, 0x0,
    0x1e, 0xff, 0x30, 0x0, 0x0, 0x0, 0x4, 0xff,
    0xec, 0xff, 0x70, 0x0, 0x0, 0x0, 0xb, 0xff,
    0x70, 0x0, 0x7, 0x9b, 0xef, 0xff, 0xff, 0xff,
    0xf7, 0x0, 0x18, 0x10, 0x8, 0xff, 0xb0, 0x0,
    0x0, 0xef, 0xff, 0xff, 0xff, 0xea, 0x75, 0x10,
    0x1c, 0xff, 0x75, 0xff, 0xe1, 0x0, 0x0, 0xb,
    0xfe, 0xb8, 0x7f, 0xf9, 0x0, 0x0, 0x1, 0xaf,
    0xff, 0xff, 0xf3, 0x0, 0x0, 0x0, 0x21, 0x0,
    0x1, 0xff, 0x90, 0x0, 0x0, 0x0, 0x5e, 0xff,
    0xfc, 0x0, 0x0, 0x0, 0x0, 0x0, 0x0, 0x1f,
    0xf9, 0x0, 0x0, 0x0, 0x0, 0x9, 0xff, 0xfd,
    0x30, 0x0, 0x0, 0x0, 0x0, 0x1, 0xff, 0x90,
    0x0, 0x0, 0x0, 0x0, 0x4, 0xef, 0xff, 0x60,
    0x0, 0x0, 0x0, 0x0, 0x1f, 0xf9, 0x0, 0x0,
    0x0, 0x0, 0x0, 0x1, 0xbf, 0xfa, 0x0, 0x0,
    0x0, 0x0, 0x1, 0xff, 0x90, 0x0, 0x0, 0x0,
    0x0, 0x0, 0x0, 0x9c, 0x0, 0x0, 0x0, 0x0,
    0x0, 0x0, 0x0, 0x0, 0x0, 0x0, 0x0, 0x0,
    0x0, 0x0, 0x0, 0x0, 0x0,

    /* U+8F6E "轮" */
    0x0, 0x0, 0x22, 0x0, 0x0, 0x0, 0x0, 0x0,
    0x0, 0x53, 0x0, 0x0, 0x0, 0x0, 0x0, 0x0,
    0xaf, 0xf0, 0x0, 0x0, 0x0, 0x0, 0x5, 0xff,
    0xd0, 0x0, 0x0, 0x0, 0x0, 0x0, 0xdf, 0xd0,
    0x0, 0x0, 0x0, 0x0, 0xc, 0xff, 0xd0, 0x0,
    0x0, 0x0, 0x0, 0x0, 0xff, 0x90, 0x0, 0x0,
    0x0, 0x0, 0x4f, 0xff, 0xf6, 0x0, 0x0, 0x0,
    0xaf, 0xff, 0xff, 0xff, 0xff, 0xf2, 0x0, 0x0,
    0xdf, 0xff, 0xfe, 0x10, 0x0, 0x0, 0xbf, 0xff,
    0xff, 0xff, 0xff, 0xf2, 0x0, 0x7, 0xff, 0xd6,
    0xff, 0xb0, 0x0, 0x0, 0x8b, 0xbe, 0xff, 0xbb,
    0xbb, 0xb1, 0x0, 0x2f, 0xff, 0x40, 0xcf, 0xf6,
    0x0, 0x0, 0x0, 0xe, 0xf9, 0x0, 0x0, 0x0,
    0x1, 0xdf, 0xfa, 0x0, 0x2f, 0xff, 0x30, 0x0,
    0x0, 0x2f, 0xf6, 0x88, 0x20, 0x0, 0xb, 0xff,
    0xd0, 0x0, 0x7, 0xff, 0xe2, 0x0, 0x0, 0x7f,
    0xf3, 0xff, 0x30, 0x0, 0xaf, 0xff, 0x30, 0x0,
    0x0, 0xcf, 0xfe, 0x20, 0x0, 0xcf, 0xa3, 0xff,
    0x30, 0xb, 0xff, 0xf5, 0x0, 0x0, 0x0, 0x1e,
    0xff, 0xe3, 0x1, 0xff, 0x43, 0xff, 0x30, 0xaf,
    0xff, 0xa3, 0x30, 0x0, 0x0, 0x3, 0xff, 0xfa,
    0x8, 0xfe, 0x3, 0xff, 0x30, 0x2e, 0xf7, 0xdf,
    0xf0, 0x0, 0x0, 0x0, 0x3f, 0xc0, 0x1e, 0xfe,
    0x9a, 0xff, 0xb9, 0x95, 0x60, 0xdf, 0xf0, 0x0,
    0x0, 0x68, 0x3, 0x10, 0x6f, 0xff, 0xff, 0xff,
    0xff, 0xf1, 0x0, 0xdf, 0xf0, 0x0, 0x1a, 0xff,
    0x60, 0x0, 0xf, 0xff, 0xff, 0xff, 0xff, 0xf1,
    0x0, 0xdf, 0xf0, 0x4, 0xef, 0xff, 0xd0, 0x0,
    0x3, 0x0, 0x3, 0xff, 0x30, 0x0, 0x0, 0xdf,
    0xf2, 0xbf, 0xff, 0xf7, 0x0, 0x0, 0x0, 0x0,
    0x3, 0xff, 0x30, 0x0, 0x0, 0xdf, 0xff, 0xff,
    0xfb, 0x20, 0x0, 0x0, 0x0, 0x0, 0x3, 0xff,
    0x30, 0x0, 0x0, 0xdf, 0xff, 0xfc, 0x40, 0x0,
    0x0, 0x0, 0x0, 0x0, 0x4, 0xff, 0xab, 0xe9,
    0x0, 0xdf, 0xfd, 0x50, 0x0, 0x0, 0x0, 0x0,
    0x47, 0x9c, 0xef, 0xff, 0xff, 0xfa, 0x0, 0xdf,
    0xf0, 0x0, 0x0, 0x0, 0x0, 0x0, 0xcf, 0xff,
    0xff, 0xff, 0xfc, 0x94, 0x0, 0xdf, 0xf0, 0x0,
    0x0, 0x0, 0x97, 0x10, 0x9f, 0xfe, 0xba, 0xff,
    0x40, 0x0, 0x0, 0xdf, 0xf0, 0x0, 0x0, 0x0,
    0xbf, 0xd0, 0x24, 0x10, 0x3, 0xff, 0x30, 0x0,
    0x0, 0xdf, 0xf0, 0x0, 0x0, 0x0, 0xdf, 0xc0,
    0x0, 0x0, 0x3, 0xff, 0x30, 0x0, 0x0, 0xcf,
    0xf2, 0x0, 0x0, 0x3, 0xff, 0x90, 0x0, 0x0,
    0x3, 0xff, 0x30, 0x0, 0x0, 0xaf, 0xff, 0xff,
    0xff, 0xff, 0xff, 0x40, 0x0, 0x0, 0x3, 0xff,
    0x30, 0x0, 0x0, 0x3f, 0xff, 0xff, 0xff, 0xff,
    0xfc, 0x0, 0x0, 0x0, 0x3, 0xff, 0x30, 0x0,
    0x0, 0x1, 0x78, 0x99, 0x99, 0x98, 0x60, 0x0,

    /* U+8F6F "软" */
    0x0, 0x0, 0x0, 0x12, 0x0, 0x0, 0x0, 0x0,
    0x4, 0x31, 0x0, 0x0, 0x0, 0x0, 0x0, 0x0,
    0x0, 0x9, 0xff, 0x30, 0x0, 0x0, 0x0, 0xff,
    0xd0, 0x0, 0x0, 0x0, 0x0, 0x0, 0x0, 0x0,
    0xdf, 0xf0, 0x0, 0x0, 0x0, 0x1f, 0xfa, 0x0,
    0x0, 0x0, 0x0, 0x0, 0x0, 0x0, 0x1f, 0xfc,
    0x0, 0x0, 0x0, 0x4, 0xff, 0x70, 0x0, 0x0,
    0x0, 0x0, 0xd, 0xff, 0xff, 0xff, 0xff, 0xff,
    0xff, 0x10, 0x7f, 0xf5, 0x0, 0x0, 0x0, 0x0,
    0x0, 0xdf, 0xff, 0xff, 0xff, 0xff, 0xff, 0xf1,
    0xb, 0xff, 0xff, 0xff, 0xff, 0xff, 0xd6, 0xa,
    0xbb, 0xbf, 0xfe, 0xbb, 0xbb, 0xbb, 0x10, 0xff,
    0xff, 0xff, 0xff, 0xff, 0xff, 0x70, 0x0, 0x4,
    0xff, 0x70, 0x0, 0x0, 0x0, 0x4f, 0xfc, 0x99,
    0x99, 0x99, 0xcf, 0xf3, 0x0, 0x0, 0x9f, 0xf2,
    0x77, 0x30, 0x0, 0xa, 0xff, 0x40, 0x0, 0x0,
    0x9, 0xff, 0x0, 0x0, 0xf, 0xfb, 0x1f, 0xf7,
    0x0, 0x0, 0xff, 0xe0, 0x0, 0x0, 0x0, 0xcf,
    0xc0, 0x0, 0x5, 0xff, 0x51, 0xff, 0x70, 0x0,
    0x7f, 0xf8, 0x6, 0xcc, 0x10, 0xf, 0xf8, 0x0,
    0x0, 0xcf, 0xe0, 0x1f, 0xf7, 0x0, 0x1f, 0xff,
    0x20, 0x8f, 0xf2, 0x3, 0xff, 0x40, 0x0, 0x3f,
    0xf8, 0x1, 0xff, 0x70, 0x5, 0xff, 0x90, 0x9,
    0xff, 0x10, 0x7f, 0xf0, 0x0, 0x1c, 0xff, 0xa9,
    0xaf, 0xfc, 0x99, 0x83, 0xd1, 0x0, 0xaf, 0xf1,
    0x3, 0x89, 0x0, 0x3, 0xff, 0xff, 0xff, 0xff,
    0xff, 0xfd, 0x0, 0x0, 0xb, 0xff, 0x10, 0x0,
    0x0, 0x0, 0xd, 0xff, 0xff, 0xff, 0xff, 0xff,
    0xd0, 0x0, 0x0, 0xdf, 0xf4, 0x0, 0x0, 0x0,
    0x0, 0x31, 0x0, 0x1, 0xff, 0x70, 0x0, 0x0,
    0x0, 0xf, 0xff, 0x80, 0x0, 0x0, 0x0, 0x0,
    0x0, 0x0, 0x1f, 0xf7, 0x0, 0x0, 0x0, 0x4,
    0xff, 0xfc, 0x0, 0x0, 0x0, 0x0, 0x0, 0x0,
    0x1, 0xff, 0x70, 0x1, 0x0, 0x0, 0x7f, 0xff,
    0xf1, 0x0, 0x0, 0x0, 0x0, 0x0, 0x2, 0x5f,
    0xfd, 0xdf, 0xf2, 0x0, 0xd, 0xff, 0xff, 0x80,
    0x0, 0x0, 0x18, 0xac, 0xef, 0xff, 0xff, 0xff,
    0xff, 0x30, 0x4, 0xff, 0xcd, 0xff, 0x10, 0x0,
    0x0, 0xff, 0xff, 0xff, 0xff, 0xfe, 0xb9, 0x61,
    0x0, 0xdf, 0xf5, 0x6f, 0xf8, 0x0, 0x0, 0xc,
    0xff, 0xdb, 0x87, 0xff, 0x70, 0x0, 0x0, 0x7f,
    0xfd, 0x0, 0xef, 0xf4, 0x0, 0x0, 0x22, 0x0,
    0x0, 0x1f, 0xf7, 0x0, 0x0, 0x4f, 0xff, 0x40,
    0x5, 0xff, 0xe1, 0x0, 0x0, 0x0, 0x0, 0x1,
    0xff, 0x70, 0x0, 0x3f, 0xff, 0x90, 0x0, 0xb,
    0xff, 0xd3, 0x0, 0x0, 0x0, 0x0, 0x1f, 0xf7,
    0x0, 0x4f, 0xff, 0xb0, 0x0, 0x0, 0x1d, 0xff,
    0xf7, 0x0, 0x0, 0x0, 0x1, 0xff, 0x70, 0xb,
    0xff, 0xb0, 0x0, 0x0, 0x0, 0x2d, 0xff, 0x40,
    0x0, 0x0, 0x0, 0x1f, 0xf7, 0x0, 0xa, 0x90,
    0x0, 0x0, 0x0, 0x0, 0xa, 0x60, 0x0, 0x0,
    0x0, 0x0, 0x0, 0x0, 0x0, 0x0, 0x0, 0x0,
    0x0, 0x0, 0x0, 0x0, 0x0,

    /* U+8F93 "输" */
    0x0, 0x2, 0x42, 0x0, 0x0, 0x0, 0x0, 0x0,
    0x0, 0x43, 0x0, 0x0, 0x0, 0x0, 0x0, 0x0,
    0x7f, 0xf3, 0x0, 0x0, 0x0, 0x0, 0x0, 0x3f,
    0xfa, 0x0, 0x0, 0x0, 0x0, 0x0, 0x9, 0xff,
    0x0, 0x0, 0x0, 0x0, 0x0, 0x1e, 0xff, 0x90,
    0x0, 0x0, 0x0, 0x0, 0x0, 0xbf, 0xd0, 0x0,
    0x0, 0x0, 0x0, 0x2d, 0xff, 0xff, 0x80, 0x0,
    0x0, 0x0, 0xbf, 0xff, 0xff, 0xff, 0xff, 0x0,
    0x0, 0x3e, 0xff, 0x6c, 0xff, 0xa0, 0x0, 0x0,
    0xb, 0xff, 0xff, 0xff, 0xff, 0xf0, 0x0, 0x7f,
    0xff, 0x40, 0xc, 0xff, 0xd4, 0x0, 0x0, 0x69,
    0xbf, 0xfa, 0x99, 0x99, 0x3, 0xcf, 0xfe, 0x30,
    0x0, 0xa, 0xff, 0xfc, 0x30, 0x0, 0x7, 0xfe,
    0x0, 0x0, 0x2a, 0xff, 0xfe, 0x30, 0x0, 0x0,
    0x17, 0xff, 0xff, 0xb1, 0x0, 0xaf, 0xa4, 0x65,
    0x4, 0xff, 0xef, 0xff, 0xff, 0xff, 0xff, 0xff,
    0xdf, 0xfa, 0x0, 0xe, 0xf6, 0xaf, 0xc0, 0x8,
    0xa2, 0xff, 0xff, 0xff, 0xff, 0xff, 0xfa, 0x2a,
    0x0, 0x2, 0xff, 0x2a, 0xfc, 0x0, 0x0, 0x3,
    0x33, 0x33, 0x33, 0x33, 0x33, 0x20, 0x0, 0x0,
    0x6f, 0xd0, 0xaf, 0xc0, 0x0, 0x11, 0x11, 0x11,
    0x11, 0x0, 0x0, 0x3, 0xba, 0x0, 0xc, 0xf8,
    0xa, 0xfc, 0x0, 0xe, 0xff, 0xff, 0xff, 0xf5,
    0x2, 0x20, 0x4f, 0xe0, 0x2, 0xff, 0x85, 0xcf,
    0xd5, 0x50, 0xef, 0xff, 0xff, 0xff, 0x51, 0xff,
    0x4, 0xfe, 0x0, 0xaf, 0xff, 0xff, 0xff, 0xff,
    0xe, 0xf9, 0x55, 0x5f, 0xf5, 0x1f, 0xf0, 0x4f,
    0xe0, 0x5, 0xff, 0xff, 0xff, 0xff, 0xf0, 0xef,
    0x50, 0x0, 0xef, 0x51, 0xff, 0x4, 0xfe, 0x0,
    0x6, 0x32, 0x2b, 0xfd, 0x22, 0xe, 0xfb, 0x99,
    0x9f, 0xf5, 0x1f, 0xf0, 0x4f, 0xe0, 0x0, 0x0,
    0x0, 0xaf, 0xc0, 0x0, 0xef, 0xff, 0xff, 0xff,
    0x51, 0xff, 0x4, 0xfe, 0x0, 0x0, 0x0, 0xa,
    0xfc, 0x0, 0xe, 0xfa, 0x77, 0x7f, 0xf5, 0x1f,
    0xf0, 0x4f, 0xe0, 0x0, 0x0, 0x0, 0xaf, 0xeb,
    0xe0, 0xef, 0x50, 0x0, 0xef, 0x51, 0xff, 0x4,
    0xfe, 0x0, 0x14, 0x7b, 0xef, 0xff, 0xff, 0x1e,
    0xfa, 0x77, 0x7f, 0xf5, 0x1f, 0xf0, 0x4f, 0xe0,
    0xc, 0xff, 0xff, 0xff, 0xfb, 0x70, 0xef, 0xff,
    0xff, 0xff, 0x51, 0xff, 0x4, 0xfe, 0x0, 0x8f,
    0xff, 0xbd, 0xfc, 0x0, 0xe, 0xfc, 0x99, 0x9f,
    0xf5, 0x1f, 0xf0, 0x4f, 0xe0, 0x3, 0x63, 0x0,
    0xaf, 0xc0, 0x0, 0xef, 0x50, 0x0, 0xef, 0x51,
    0xcc, 0x4, 0xfe, 0x0, 0x0, 0x0, 0xa, 0xfc,
    0x0, 0xe, 0xf5, 0x0, 0xe, 0xf5, 0x0, 0x0,
    0x4f, 0xe0, 0x0, 0x0, 0x0, 0xaf, 0xc0, 0x0,
    0xef, 0x50, 0x22, 0xff, 0x50, 0x23, 0x38, 0xfe,
    0x0, 0x0, 0x0, 0xa, 0xfc, 0x0, 0xe, 0xf5,
    0x1f, 0xff, 0xf3, 0x8, 0xff, 0xff, 0xb0, 0x0,
    0x0, 0x0, 0xaf, 0xc0, 0x0, 0xef, 0x50, 0xcf,
    0xf9, 0x0, 0x3f, 0xfe, 0xa1, 0x0, 0x0, 0x0,
    0x0, 0x0, 0x0, 0x0, 0x0, 0x1, 0x10, 0x0,
    0x0, 0x0, 0x0, 0x0, 0x0,

    /* U+8FC7 "过" */
    0x0, 0x0, 0x0, 0x0, 0x0, 0x0, 0x0, 0x0,
    0x0, 0x0, 0x3, 0x55, 0x10, 0x0, 0x0, 0x0,
    0x1, 0x40, 0x0, 0x0, 0x0, 0x0, 0x0, 0x0,
    0x0, 0x9, 0xff, 0x40, 0x0, 0x0, 0x0, 0x5e,
    0xf5, 0x0, 0x0, 0x0, 0x0, 0x0, 0x0, 0x0,
    0x9, 0xff, 0x40, 0x0, 0x0, 0x0, 0x6f, 0xff,
    0x50, 0x0, 0x0, 0x0, 0x0, 0x0, 0x0, 0x9,
    0xff, 0x40, 0x0, 0x0, 0x0, 0x7, 0xff, 0xf4,
    0x0, 0x0, 0x0, 0x0, 0x0, 0x0, 0x9, 0xff,
    0x40, 0x0, 0x0, 0x0, 0x0, 0x8f, 0xfe, 0x20,
    0x0, 0x0, 0x0, 0x0, 0x0, 0x9, 0xff, 0x50,
    0x0, 0x0, 0x0, 0x0, 0xb, 0xff, 0x90, 0xff,
    0xff, 0xff, 0xff, 0xff, 0xff, 0xff, 0xff, 0xff,
    0x40, 0x0, 0x0, 0x1, 0xe8, 0x0, 0xff, 0xff,
    0xff, 0xff, 0xff, 0xff, 0xff, 0xff, 0xff, 0x40,
    0x0, 0x0, 0x0, 0x0, 0x0, 0xaa, 0xaa, 0xaa,
    0xaa, 0xaa, 0xad, 0xff, 0xca, 0xaa, 0x20, 0x0,
    0x0, 0x0, 0x0, 0x0, 0x0, 0x0, 0x0, 0x0,
    0x0, 0x9, 0xff, 0x40, 0x0, 0x0, 0x0, 0x0,
    0x0, 0x0, 0x0, 0x0, 0x2, 0x0, 0x0, 0x0,
    0x9, 0xff, 0x40, 0x0, 0x0, 0x0, 0x0, 0x0,
    0x0, 0x0, 0x4, 0xdf, 0x30, 0x0, 0x0, 0x9,
    0xff, 0x40, 0x0, 0x0, 0x9, 0xff, 0xff, 0xff,
    0x0, 0x5, 0xff, 0xe1, 0x0, 0x0, 0x9, 0xff,
    0x40, 0x0, 0x0, 0x9, 0xff, 0xff, 0xff, 0x0,
    0x0, 0x9f, 0xfc, 0x0, 0x0, 0x9, 0xff, 0x40,
    0x0, 0x0, 0x5, 0x99, 0x9e, 0xff, 0x0, 0x0,
    0xc, 0xff, 0x70, 0x0, 0x9, 0xff, 0x40, 0x0,
    0x0, 0x0, 0x0, 0xb, 0xff, 0x0, 0x0, 0x2,
    0xff, 0xf3, 0x0, 0x9, 0xff, 0x40, 0x0, 0x0,
    0x0, 0x0, 0xb, 0xff, 0x0, 0x0, 0x0, 0x7f,
    0xf6, 0x0, 0x9, 0xff, 0x40, 0x0, 0x0, 0x0,
    0x0, 0xb, 0xff, 0x0, 0x0, 0x0, 0x9, 0x20,
    0x0, 0x9, 0xff, 0x40, 0x0, 0x0, 0x0, 0x0,
    0xb, 0xff, 0x0, 0x0, 0x0, 0x0, 0x0, 0x0,
    0x9, 0xff, 0x40, 0x0, 0x0, 0x0, 0x0, 0xb,
    0xff, 0x0, 0x0, 0x0, 0x0, 0x0, 0x0, 0x9,
    0xff, 0x40, 0x0, 0x0, 0x0, 0x0, 0xb, 0xff,
    0x0, 0x0, 0x0, 0x0, 0xcc, 0xcc, 0xcf, 0xff,
    0x30, 0x0, 0x0, 0x0, 0x0, 0xc, 0xff, 0x0,
    0x0, 0x0, 0x0, 0xaf, 0xff, 0xff, 0xfe, 0x0,
    0x0, 0x0, 0x0, 0x2, 0xdf, 0xff, 0xa1, 0x0,
    0x0, 0x0, 0x6f, 0xff, 0xfd, 0x92, 0x0, 0x0,
    0x0, 0x0, 0x4f, 0xff, 0xff, 0xfe, 0x50, 0x0,
    0x0, 0x0, 0x0, 0x0, 0x0, 0x0, 0x0, 0x0,
    0x3, 0xff, 0xfd, 0x6b, 0xff, 0xfd, 0x84, 0x20,
    0x0, 0x0, 0x0, 0x12, 0x35, 0x68, 0xa0, 0xe,
    0xff, 0xd1, 0x0, 0x6f, 0xff, 0xff, 0xff, 0xff,
    0xff, 0xff, 0xff, 0xff, 0xff, 0xa0, 0x6, 0xff,
    0x20, 0x0, 0x2, 0x9f, 0xff, 0xff, 0xff, 0xff,
    0xff, 0xff, 0xff, 0xff, 0x60, 0x0, 0xa6, 0x0,
    0x0, 0x0, 0x0, 0x47, 0x9b, 0xcc, 0xcc, 0xcb,
    0xbb, 0xa9, 0x98, 0x20, 0x0, 0x0, 0x0, 0x0,
    0x0, 0x0, 0x0, 0x0, 0x0, 0x0, 0x0, 0x0,
    0x0, 0x0, 0x0,

    /* U+8FD0 "运" */
    0x0, 0xa, 0x70, 0x0, 0x0, 0x3, 0x99, 0x99,
    0x99, 0x99, 0x99, 0x99, 0x99, 0x80, 0x0, 0x0,
    0xbf, 0xfc, 0x20, 0x0, 0x6, 0xff, 0xff, 0xff,
    0xff, 0xff, 0xff, 0xff, 0xd0, 0x0, 0x0, 0x5f,
    0xff, 0xf6, 0x0, 0x6, 0xff, 0xff, 0xff, 0xff,
    0xff, 0xff, 0xff, 0xd0, 0x0, 0x0, 0x2, 0xdf,
    0xff, 0xa0, 0x0, 0x0, 0x0, 0x0, 0x0, 0x0,
    0x0, 0x0, 0x0, 0x0, 0x0, 0x0, 0xa, 0xff,
    0xa0, 0x0, 0x0, 0x0, 0x0, 0x0, 0x0, 0x0,
    0x0, 0x0, 0x0, 0x0, 0x0, 0x0, 0x79, 0x0,
    0x0, 0x0, 0x0, 0x0, 0x0, 0x0, 0x0, 0x0,
    0x0, 0x0, 0x0, 0x0, 0x0, 0x0, 0x0, 0x0,
    0x0, 0x0, 0x0, 0x0, 0x0, 0x0, 0x0, 0x0,
    0x0, 0x0, 0x0, 0x0, 0x0, 0x5, 0xdd, 0xdd,
    0xdd, 0xdd, 0xdd, 0xdd, 0xdd, 0xdd, 0xdd, 0xc0,
    0x0, 0x0, 0x0, 0x0, 0x6, 0xff, 0xff, 0xff,
    0xff, 0xff, 0xff, 0xff, 0xff, 0xff, 0xe0, 0xd,
    0xff, 0xff, 0xfc, 0x5, 0xcc, 0xcc, 0xcf, 0xff,
    0xfc, 0xcc, 0xcc, 0xcc, 0xcc, 0xb0, 0xd, 0xff,
    0xff, 0xfd, 0x0, 0x0, 0x0, 0xf, 0xff, 0x60,
    0x0, 0x0, 0x0, 0x0, 0x0, 0x9, 0xaa, 0xaf,
    0xfd, 0x0, 0x0, 0x0, 0x6f, 0xfe, 0x0, 0x6,
    0xd7, 0x0, 0x0, 0x0, 0x0, 0x0, 0xe, 0xfd,
    0x0, 0x0, 0x0, 0xdf, 0xf6, 0x0, 0xe, 0xff,
    0x10, 0x0, 0x0, 0x0, 0x0, 0xe, 0xfd, 0x0,
    0x0, 0x5, 0xff, 0xd0, 0x0, 0x5, 0xff, 0xa0,
    0x0, 0x0, 0x0, 0x0, 0xe, 0xfd, 0x0, 0x0,
    0xd, 0xff, 0x40, 0x0, 0x0, 0xcf, 0xf4, 0x0,
    0x0, 0x0, 0x0, 0xe, 0xfd, 0x0, 0x0, 0x7f,
    0xfa, 0x0, 0x0, 0x0, 0x3f, 0xfd, 0x0, 0x0,
    0x0, 0x0, 0xe, 0xfd, 0x0, 0x3, 0xff, 0xf1,
    0x0, 0x23, 0x45, 0x7d, 0xff, 0x70, 0x0, 0x0,
    0x0, 0xe, 0xfd, 0x0, 0x3e, 0xff, 0xfe, 0xff,
    0xff, 0xff, 0xff, 0xff, 0xf1, 0x0, 0x0, 0x0,
    0xe, 0xfd, 0x0, 0x2f, 0xff, 0xff, 0xff, 0xff,
    0xff, 0xff, 0xff, 0xfa, 0x0, 0x0, 0x0, 0xe,
    0xfd, 0x0, 0xc, 0xff, 0xfd, 0xba, 0x87, 0x54,
    0x21, 0xe, 0xff, 0x20, 0x0, 0x0, 0xe, 0xfe,
    0x10, 0x3, 0x41, 0x0, 0x0, 0x0, 0x0, 0x0,
    0x7, 0xd5, 0x0, 0x0, 0x4, 0xdf, 0xff, 0xe6,
    0x0, 0x0, 0x0, 0x0, 0x0, 0x0, 0x0, 0x0,
    0x0, 0x0, 0x0, 0x7f, 0xff, 0xff, 0xff, 0xd6,
    0x10, 0x0, 0x0, 0x0, 0x0, 0x0, 0x0, 0x0,
    0x10, 0x9, 0xff, 0xfa, 0x14, 0xdf, 0xff, 0xfe,
    0xca, 0xa9, 0x9a, 0xaa, 0xbc, 0xdd, 0xef, 0xf2,
    0xa, 0xff, 0xa0, 0x0, 0x7, 0xef, 0xff, 0xff,
    0xff, 0xff, 0xff, 0xff, 0xff, 0xff, 0xd0, 0x0,
    0xdc, 0x0, 0x0, 0x0, 0x5, 0xad, 0xff, 0xff,
    0xff, 0xff, 0xff, 0xff, 0xfe, 0x80, 0x0, 0x31,
    0x0, 0x0, 0x0, 0x0, 0x0, 0x1, 0x12, 0x22,
    0x21, 0x10, 0x0, 0x0, 0x0,

    /* U+8FD1 "近" */
    0x0, 0x0, 0x0, 0x0, 0x0, 0x0, 0x0, 0x0,
    0x0, 0x0, 0x0, 0x0, 0x46, 0x0, 0x0, 0x0,
    0x6b, 0x0, 0x0, 0x0, 0x0, 0x0, 0x1, 0x34,
    0x58, 0xad, 0xff, 0xfa, 0x0, 0x0, 0x8f, 0xfb,
    0x0, 0x0, 0x0, 0x9d, 0xff, 0xff, 0xff, 0xff,
    0xff, 0xff, 0xe7, 0x0, 0x0, 0xcf, 0xfb, 0x0,
    0x0, 0xb, 0xff, 0xff, 0xff, 0xff, 0xeb, 0x96,
    0x20, 0x0, 0x0, 0x1, 0xdf, 0xfa, 0x0, 0x0,
    0xbf, 0xf8, 0x64, 0x31, 0x0, 0x0, 0x0, 0x0,
    0x0, 0x0, 0x2, 0xef, 0xf6, 0x0, 0xb, 0xff,
    0x20, 0x0, 0x0, 0x0, 0x0, 0x0, 0x0, 0x0,
    0x0, 0x4, 0xff, 0x70, 0x0, 0xbf, 0xf2, 0x0,
    0x0, 0x0, 0x0, 0x0, 0x0, 0x0, 0x0, 0x0,
    0x7, 0x30, 0x0, 0xb, 0xff, 0x20, 0x0, 0x0,
    0x0, 0x0, 0x0, 0x0, 0x0, 0x0, 0x0, 0x0,
    0x0, 0x0, 0xbf, 0xf2, 0x0, 0x0, 0x0, 0x0,
    0x0, 0x0, 0x0, 0x0, 0x0, 0x0, 0x0, 0x0,
    0xb, 0xff, 0xee, 0xee, 0xee, 0xee, 0xee, 0xee,
    0xe6, 0x0, 0x0, 0x0, 0x0, 0x0, 0x0, 0xcf,
    0xff, 0xff, 0xff, 0xff, 0xff, 0xff, 0xff, 0x60,
    0x5b, 0xbb, 0xbb, 0xb0, 0x0, 0xc, 0xff, 0xcc,
    0xcc, 0xce, 0xff, 0xcc, 0xcc, 0xc5, 0x7, 0xff,
    0xff, 0xff, 0x0, 0x0, 0xdf, 0xf0, 0x0, 0x0,
    0xbf, 0xf1, 0x0, 0x0, 0x0, 0x7f, 0xff, 0xff,
    0xf0, 0x0, 0xf, 0xfe, 0x0, 0x0, 0xb, 0xff,
    0x10, 0x0, 0x0, 0x0, 0x0, 0xb, 0xff, 0x0,
    0x1, 0xff, 0xc0, 0x0, 0x0, 0xbf, 0xf1, 0x0,
    0x0, 0x0, 0x0, 0x0, 0xbf, 0xf0, 0x0, 0x3f,
    0xfa, 0x0, 0x0, 0xb, 0xff, 0x10, 0x0, 0x0,
    0x0, 0x0, 0xb, 0xff, 0x0, 0x6, 0xff, 0x70,
    0x0, 0x0, 0xbf, 0xf1, 0x0, 0x0, 0x0, 0x0,
    0x0, 0xbf, 0xf0, 0x0, 0xaf, 0xf4, 0x0, 0x0,
    0xb, 0xff, 0x10, 0x0, 0x0, 0x0, 0x0, 0xb,
    0xff, 0x0, 0xe, 0xff, 0x10, 0x0, 0x0, 0xbf,
    0xf1, 0x0, 0x0, 0x0, 0x0, 0x0, 0xbf, 0xf0,
    0x5, 0xff, 0xb0, 0x0, 0x0, 0xb, 0xff, 0x10,
    0x0, 0x0, 0x0, 0x0, 0xb, 0xff, 0x0, 0xdf,
    0xf6, 0x0, 0x0, 0x0, 0xbf, 0xf1, 0x0, 0x0,
    0x0, 0x0, 0x0, 0xbf, 0xf0, 0x4f, 0xff, 0x10,
    0x0, 0x0, 0xb, 0xff, 0x10, 0x0, 0x0, 0x0,
    0x0, 0x6f, 0xff, 0x50, 0x8f, 0x70, 0x0, 0x0,
    0x0, 0xbf, 0xf1, 0x0, 0x0, 0x0, 0x1, 0xbf,
    0xff, 0xff, 0xa1, 0x50, 0x0, 0x0, 0x0, 0x5,
    0x88, 0x0, 0x0, 0x0, 0x1, 0xdf, 0xfb, 0x4a,
    0xff, 0xfa, 0x62, 0x0, 0x0, 0x0, 0x0, 0x1,
    0x34, 0x68, 0x70, 0xdf, 0xfc, 0x0, 0x5, 0xff,
    0xff, 0xff, 0xff, 0xee, 0xff, 0xff, 0xff, 0xff,
    0xf7, 0x5, 0xfe, 0x10, 0x0, 0x1, 0x8f, 0xff,
    0xff, 0xff, 0xff, 0xff, 0xff, 0xff, 0xff, 0x30,
    0x9, 0x50, 0x0, 0x0, 0x0, 0x3, 0x79, 0xab,
    0xbb, 0xbb, 0xba, 0xa9, 0x88, 0x70, 0x0, 0x0,
    0x0, 0x0, 0x0, 0x0, 0x0, 0x0, 0x0, 0x0,
    0x0, 0x0, 0x0, 0x0, 0x0,

    /* U+8FDB "进" */
    0x0, 0x6, 0x90, 0x0, 0x0, 0x0, 0x0, 0xad,
    0xd0, 0x0, 0x8, 0xcc, 0x10, 0x0, 0x0, 0x0,
    0x8f, 0xfa, 0x0, 0x0, 0x0, 0x0, 0xcf, 0xf0,
    0x0, 0xa, 0xff, 0x10, 0x0, 0x0, 0x0, 0x1d,
    0xff, 0xb0, 0x0, 0x0, 0x0, 0xcf, 0xf0, 0x0,
    0xa, 0xff, 0x10, 0x0, 0x0, 0x0, 0x1, 0xdf,
    0xfb, 0x0, 0x0, 0x0, 0xcf, 0xf0, 0x0, 0xa,
    0xff, 0x10, 0x0, 0x0, 0x0, 0x0, 0x2e, 0xff,
    0x80, 0x23, 0x33, 0xdf, 0xf3, 0x33, 0x3b, 0xff,
    0x43, 0x32, 0x0, 0x0, 0x0, 0x3, 0xfe, 0x40,
    0xcf, 0xff, 0xff, 0xff, 0xff, 0xff, 0xff, 0xff,
    0xfd, 0x0, 0x0, 0x0, 0x0, 0x52, 0x0, 0xcf,
    0xff, 0xff, 0xff, 0xff, 0xff, 0xff, 0xff, 0xfd,
    0x0, 0x0, 0x0, 0x0, 0x0, 0x0, 0x67, 0x77,
    0xef, 0xf8, 0x77, 0x7d, 0xff, 0x87, 0x76, 0x0,
    0x0, 0x0, 0x0, 0x0, 0x0, 0x0, 0x0, 0xcf,
    0xf0, 0x0, 0xa, 0xff, 0x10, 0x0, 0x0, 0x0,
    0x0, 0x0, 0x0, 0x0, 0x0, 0x0, 0xcf, 0xf0,
    0x0, 0xa, 0xff, 0x10, 0x0, 0x0, 0x6, 0xaa,
    0xaa, 0xaa, 0x0, 0x0, 0x0, 0xcf, 0xf0, 0x0,
    0xa, 0xff, 0x10, 0x0, 0x0, 0x9, 0xff, 0xff,
    0xff, 0x0, 0x0, 0x0, 0xdf, 0xf0, 0x0, 0xa,
    0xff, 0x10, 0x0, 0x0, 0x9, 0xff, 0xff, 0xff,
    0x0, 0xaa, 0xaa, 0xff, 0xfa, 0xaa, 0xae, 0xff,
    0xaa, 0xaa, 0x40, 0x0, 0x0, 0xb, 0xff, 0x0,
    0xff, 0xff, 0xff, 0xff, 0xff, 0xff, 0xff, 0xff,
    0xff, 0x60, 0x0, 0x0, 0xb, 0xff, 0x0, 0xff,
    0xff, 0xff, 0xff, 0xff, 0xff, 0xff, 0xff, 0xff,
    0x60, 0x0, 0x0, 0xb, 0xff, 0x0, 0x11, 0x17,
    0xff, 0x91, 0x11, 0x1b, 0xff, 0x31, 0x11, 0x0,
    0x0, 0x0, 0xb, 0xff, 0x0, 0x0, 0xc, 0xff,
    0x40, 0x0, 0xa, 0xff, 0x10, 0x0, 0x0, 0x0,
    0x0, 0xb, 0xff, 0x0, 0x0, 0x2f, 0xff, 0x0,
    0x0, 0xa, 0xff, 0x10, 0x0, 0x0, 0x0, 0x0,
    0xb, 0xff, 0x0, 0x0, 0xaf, 0xf9, 0x0, 0x0,
    0xa, 0xff, 0x10, 0x0, 0x0, 0x0, 0x0, 0xb,
    0xff, 0x0, 0x7, 0xff, 0xf2, 0x0, 0x0, 0xa,
    0xff, 0x10, 0x0, 0x0, 0x0, 0x0, 0xb, 0xff,
    0x0, 0x5f, 0xff, 0x70, 0x0, 0x0, 0xa, 0xff,
    0x10, 0x0, 0x0, 0x0, 0x0, 0x7f, 0xff, 0x60,
    0x9, 0xfa, 0x0, 0x0, 0x0, 0xa, 0xff, 0x10,
    0x0, 0x0, 0x0, 0x1c, 0xff, 0xff, 0xfb, 0x10,
    0x70, 0x0, 0x0, 0x0, 0x3, 0x55, 0x0, 0x0,
    0x0, 0x1, 0xdf, 0xfe, 0x8d, 0xff, 0xfa, 0x51,
    0x0, 0x0, 0x0, 0x0, 0x0, 0x1, 0x34, 0x50,
    0xc, 0xff, 0xe2, 0x0, 0x8f, 0xff, 0xff, 0xfe,
    0xdd, 0xdd, 0xde, 0xff, 0xff, 0xff, 0xb0, 0x6,
    0xff, 0x30, 0x0, 0x2, 0xaf, 0xff, 0xff, 0xff,
    0xff, 0xff, 0xff, 0xff, 0xff, 0x70, 0x0, 0xa6,
    0x0, 0x0, 0x0, 0x0, 0x48, 0x9b, 0xbc, 0xcc,
    0xcb, 0xbb, 0xa9, 0x98, 0x20, 0x0, 0x0, 0x0,
    0x0, 0x0, 0x0, 0x0, 0x0, 0x0, 0x0, 0x0,
    0x0, 0x0, 0x0, 0x0,

    /* U+8FDE "连" */
    0x0, 0x0, 0x0, 0x0, 0x0, 0x0, 0x0, 0x3,
    0x0, 0x0, 0x0, 0x0, 0x0, 0x0, 0x0, 0x0,
    0x6, 0xc0, 0x0, 0x0, 0x0, 0x0, 0xf, 0xfc,
    0x10, 0x0, 0x0, 0x0, 0x0, 0x0, 0x0, 0x6f,
    0xfb, 0x0, 0x0, 0x0, 0x0, 0x4f, 0xfe, 0x0,
    0x0, 0x0, 0x0, 0x0, 0x0, 0x0, 0xc, 0xff,
    0x90, 0x1, 0x44, 0x44, 0xbf, 0xfa, 0x44, 0x44,
    0x44, 0x44, 0x43, 0x0, 0x0, 0x1, 0xef, 0xf6,
    0x7, 0xff, 0xff, 0xff, 0xff, 0xff, 0xff, 0xff,
    0xff, 0xfb, 0x0, 0x0, 0x0, 0x3f, 0xff, 0x27,
    0xff, 0xff, 0xff, 0xff, 0xff, 0xff, 0xff, 0xff,
    0xfb, 0x0, 0x0, 0x0, 0x8, 0xff, 0x51, 0x33,
    0x3d, 0xff, 0x53, 0x33, 0x33, 0x33, 0x33, 0x32,
    0x0, 0x0, 0x0, 0x0, 0xd4, 0x0, 0x0, 0x3f,
    0xfc, 0x0, 0x23, 0x31, 0x0, 0x0, 0x0, 0x0,
    0x0, 0x0, 0x0, 0x0, 0x0, 0x0, 0xaf, 0xf4,
    0x0, 0x9f, 0xf5, 0x0, 0x0, 0x0, 0x0, 0x0,
    0x0, 0x0, 0x0, 0x0, 0x3, 0xff, 0xc0, 0x0,
    0x9f, 0xf5, 0x0, 0x0, 0x0, 0x0, 0x0, 0x0,
    0x0, 0x0, 0x0, 0xc, 0xff, 0x50, 0x0, 0x9f,
    0xf5, 0x0, 0x0, 0x0, 0x0, 0xb, 0xff, 0xff,
    0xfb, 0x0, 0xaf, 0xff, 0xee, 0xee, 0xff, 0xfe,
    0xee, 0xee, 0xd0, 0x0, 0xb, 0xff, 0xff, 0xfb,
    0x0, 0x8f, 0xff, 0xff, 0xff, 0xff, 0xff, 0xff,
    0xff, 0xf0, 0x0, 0x6, 0x99, 0x9f, 0xfb, 0x0,
    0x2f, 0xdc, 0xbb, 0xbb, 0xef, 0xfd, 0xbb, 0xbb,
    0xb0, 0x0, 0x0, 0x0, 0xf, 0xfb, 0x0, 0x0,
    0x0, 0x0, 0x0, 0x9f, 0xf5, 0x0, 0x0, 0x0,
    0x0, 0x0, 0x0, 0xf, 0xfb, 0x0, 0x0, 0x0,
    0x0, 0x0, 0x9f, 0xf5, 0x0, 0x0, 0x0, 0x0,
    0x0, 0x0, 0xf, 0xfb, 0x0, 0x0, 0x0, 0x0,
    0x0, 0x9f, 0xf5, 0x0, 0x0, 0x0, 0x0, 0x0,
    0x0, 0xf, 0xfb, 0x8, 0xbb, 0xbb, 0xbb, 0xbb,
    0xef, 0xfd, 0xbb, 0xbb, 0xbb, 0x10, 0x0, 0x0,
    0xf, 0xfb, 0xb, 0xff, 0xff, 0xff, 0xff, 0xff,
    0xff, 0xff, 0xff, 0xff, 0x10, 0x0, 0x0, 0xf,
    0xfb, 0xa, 0xee, 0xee, 0xee, 0xee, 0xff, 0xff,
    0xee, 0xee, 0xee, 0x10, 0x0, 0x0, 0xf, 0xfb,
    0x0, 0x0, 0x0, 0x0, 0x0, 0x9f, 0xf5, 0x0,
    0x0, 0x0, 0x0, 0x0, 0x0, 0xf, 0xfb, 0x0,
    0x0, 0x0, 0x0, 0x0, 0x9f, 0xf5, 0x0, 0x0,
    0x0, 0x0, 0x0, 0x0, 0x3f, 0xfb, 0x0, 0x0,
    0x0, 0x0, 0x0, 0x9f, 0xf5, 0x0, 0x0, 0x0,
    0x0, 0x0, 0x1a, 0xff, 0xff, 0xb2, 0x0, 0x0,
    0x0, 0x0, 0x9f, 0xf5, 0x0, 0x0, 0x0, 0x0,
    0x1, 0xdf, 0xff, 0xff, 0xff, 0xa4, 0x0, 0x0,
    0x0, 0x8d, 0xd4, 0x0, 0x0, 0x0, 0x0, 0x1d,
    0xff, 0xf4, 0x8, 0xff, 0xff, 0xfe, 0xcb, 0xaa,
    0xaa, 0xbb, 0xcc, 0xde, 0xff, 0xe0, 0xc, 0xff,
    0x40, 0x0, 0x3c, 0xff, 0xff, 0xff, 0xff, 0xff,
    0xff, 0xff, 0xff, 0xff, 0x90, 0x2, 0xf8, 0x0,
    0x0, 0x0, 0x38, 0xce, 0xff, 0xff, 0xff, 0xff,
    0xff, 0xff, 0xee, 0x40, 0x0, 0x30, 0x0, 0x0,
    0x0, 0x0, 0x0, 0x1, 0x22, 0x22, 0x21, 0x10,
    0x0, 0x0, 0x0,

    /* U+8FFD "追" */
    0x0, 0x0, 0x0, 0x0, 0x0, 0x0, 0x0, 0x0,
    0x65, 0x30, 0x0, 0x0, 0x0, 0x0, 0x0, 0x1,
    0x10, 0x0, 0x0, 0x0, 0x0, 0x0, 0x1f, 0xff,
    0x30, 0x0, 0x0, 0x0, 0x0, 0x3, 0xed, 0x20,
    0x0, 0x0, 0x0, 0x0, 0x6, 0xff, 0xc0, 0x0,
    0x0, 0x0, 0x0, 0x0, 0xaf, 0xfe, 0x20, 0x0,
    0x2, 0x44, 0x44, 0xbf, 0xf8, 0x44, 0x44, 0x43,
    0x0, 0x0, 0x0, 0xaf, 0xfe, 0x20, 0x0, 0xaf,
    0xff, 0xff, 0xff, 0xff, 0xff, 0xff, 0xc0, 0x0,
    0x0, 0x0, 0xaf, 0xfe, 0x10, 0xa, 0xff, 0xff,
    0xff, 0xff, 0xff, 0xff, 0xfc, 0x0, 0x0, 0x0,
    0x0, 0xcf, 0xe3, 0x0, 0xaf, 0xf2, 0x11, 0x11,
    0x11, 0x11, 0xff, 0xc0, 0x0, 0x0, 0x0, 0x1,
    0xb2, 0x0, 0xa, 0xff, 0x10, 0x0, 0x0, 0x0,
    0xf, 0xfc, 0x0, 0x0, 0x0, 0x0, 0x0, 0x0,
    0x0, 0xaf, 0xf1, 0x0, 0x0, 0x0, 0x0, 0xff,
    0xc0, 0x0, 0x0, 0x0, 0x0, 0x0, 0x0, 0xa,
    0xff, 0x76, 0x66, 0x66, 0x66, 0x6f, 0xfc, 0x0,
    0x0, 0x0, 0x0, 0x0, 0x0, 0x0, 0xaf, 0xff,
    0xff, 0xff, 0xff, 0xff, 0xff, 0xc0, 0x0, 0x8,
    0xbb, 0xbb, 0xbb, 0x0, 0xa, 0xff, 0xff, 0xff,
    0xff, 0xff, 0xff, 0xfb, 0x0, 0x0, 0xcf, 0xff,
    0xff, 0xf1, 0x0, 0xaf, 0xf1, 0x0, 0x0, 0x0,
    0x0, 0x0, 0x0, 0x0, 0xc, 0xff, 0xff, 0xff,
    0x10, 0xa, 0xff, 0x10, 0x0, 0x0, 0x0, 0x0,
    0x0, 0x0, 0x0, 0x0, 0x0, 0xaf, 0xf1, 0x0,
    0xaf, 0xf7, 0x66, 0x66, 0x66, 0x66, 0x66, 0x65,
    0x0, 0x0, 0x0, 0xa, 0xff, 0x10, 0xa, 0xff,
    0xff, 0xff, 0xff, 0xff, 0xff, 0xff, 0xd0, 0x0,
    0x0, 0x0, 0xaf, 0xf1, 0x0, 0xaf, 0xff, 0xff,
    0xff, 0xff, 0xff, 0xff, 0xfd, 0x0, 0x0, 0x0,
    0xa, 0xff, 0x10, 0xa, 0xff, 0x10, 0x0, 0x0,
    0x0, 0x0, 0xef, 0xd0, 0x0, 0x0, 0x0, 0xaf,
    0xf1, 0x0, 0xaf, 0xf1, 0x0, 0x0, 0x0, 0x0,
    0xe, 0xfd, 0x0, 0x0, 0x0, 0xa, 0xff, 0x10,
    0xa, 0xff, 0x10, 0x0, 0x0, 0x0, 0x0, 0xef,
    0xd0, 0x0, 0x0, 0x0, 0xaf, 0xf1, 0x0, 0xaf,
    0xf2, 0x11, 0x11, 0x11, 0x11, 0x1e, 0xfd, 0x0,
    0x0, 0x0, 0xa, 0xff, 0x10, 0xa, 0xff, 0xff,
    0xff, 0xff, 0xff, 0xff, 0xff, 0xd0, 0x0, 0x0,
    0x0, 0xaf, 0xf1, 0x0, 0xaf, 0xff, 0xff, 0xff,
    0xff, 0xff, 0xff, 0xfd, 0x0, 0x0, 0x0, 0x6e,
    0xff, 0x80, 0x2, 0x33, 0x33, 0x33, 0x33, 0x33,
    0x33, 0x33, 0x30, 0x0, 0x2, 0xdf, 0xff, 0xff,
    0xd5, 0x0, 0x0, 0x0, 0x0, 0x0, 0x0, 0x0,
    0x0, 0x0, 0x3, 0xef, 0xfc, 0x48, 0xff, 0xff,
    0xb9, 0x88, 0x76, 0x67, 0x78, 0x89, 0xab, 0xde,
    0xf0, 0x7f, 0xfb, 0x0, 0x2, 0xbf, 0xff, 0xff,
    0xff, 0xff, 0xff, 0xff, 0xff, 0xff, 0xfa, 0x0,
    0xbc, 0x0, 0x0, 0x0, 0x38, 0xce, 0xff, 0xff,
    0xff, 0xff, 0xff, 0xfe, 0xed, 0x50, 0x1, 0x10,
    0x0, 0x0, 0x0, 0x0, 0x0, 0x11, 0x11, 0x11,
    0x0, 0x0, 0x0, 0x0, 0x0,

    /* U+9009 "选" */
    0x0, 0x0, 0x0, 0x0, 0x0, 0x0, 0x0, 0x0,
    0x2, 0x33, 0x0, 0x0, 0x0, 0x0, 0x0, 0x2,
    0x0, 0x0, 0x0, 0x0, 0x4, 0x20, 0x0, 0xdf,
    0xf0, 0x0, 0x0, 0x0, 0x0, 0x7, 0xfb, 0x0,
    0x0, 0x0, 0x1, 0xff, 0xc0, 0xd, 0xff, 0x0,
    0x0, 0x0, 0x0, 0x2, 0xef, 0xfd, 0x10, 0x0,
    0x0, 0x6f, 0xf8, 0x0, 0xdf, 0xf0, 0x0, 0x0,
    0x0, 0x0, 0x2, 0xef, 0xfd, 0x10, 0x0, 0xd,
    0xff, 0x75, 0x5e, 0xff, 0x55, 0x55, 0x55, 0x30,
    0x0, 0x2, 0xef, 0xfd, 0x0, 0x3, 0xff, 0xff,
    0xff, 0xff, 0xff, 0xff, 0xff, 0xf9, 0x0, 0x0,
    0x2, 0xff, 0xf5, 0x0, 0xcf, 0xff, 0xff, 0xff,
    0xff, 0xff, 0xff, 0xff, 0x90, 0x0, 0x0, 0x5,
    0xe4, 0x0, 0x6f, 0xfc, 0x10, 0x0, 0xdf, 0xf0,
    0x0, 0x0, 0x0, 0x0, 0x0, 0x0, 0x0, 0x0,
    0x1f, 0xff, 0x30, 0x0, 0xd, 0xff, 0x0, 0x0,
    0x0, 0x0, 0x0, 0x0, 0x0, 0x0, 0x0, 0x2b,
    0x70, 0x0, 0x0, 0xdf, 0xf0, 0x0, 0x0, 0x0,
    0x0, 0x0, 0x0, 0x0, 0x0, 0x0, 0x0, 0x0,
    0x0, 0xd, 0xff, 0x0, 0x0, 0x0, 0x0, 0x0,
    0x0, 0x0, 0x0, 0x2, 0xdd, 0xdd, 0xdd, 0xdd,
    0xff, 0xfd, 0xdd, 0xdd, 0xdd, 0xb0, 0x4a, 0xaa,
    0xaa, 0x80, 0x3f, 0xff, 0xff, 0xff, 0xff, 0xff,
    0xff, 0xff, 0xff, 0xfd, 0x6, 0xff, 0xff, 0xfc,
    0x2, 0xaa, 0xaa, 0xbf, 0xfe, 0xaa, 0xdf, 0xfc,
    0xaa, 0xaa, 0x90, 0x6f, 0xff, 0xff, 0xc0, 0x0,
    0x0, 0x3, 0xff, 0xa0, 0x8, 0xff, 0x30, 0x0,
    0x0, 0x0, 0x0, 0xe, 0xfc, 0x0, 0x0, 0x0,
    0x6f, 0xf7, 0x0, 0x8f, 0xf3, 0x0, 0x0, 0x0,
    0x0, 0x0, 0xef, 0xc0, 0x0, 0x0, 0xc, 0xff,
    0x40, 0x8, 0xff, 0x30, 0x0, 0x0, 0x0, 0x0,
    0xe, 0xfc, 0x0, 0x0, 0x4, 0xff, 0xd0, 0x0,
    0x8f, 0xf3, 0x0, 0x34, 0x0, 0x0, 0x0, 0xef,
    0xc0, 0x0, 0x2, 0xef, 0xf6, 0x0, 0x8, 0xff,
    0x30, 0x6, 0xfe, 0x10, 0x0, 0xe, 0xfc, 0x0,
    0x3, 0xef, 0xfd, 0x0, 0x0, 0x8f, 0xf3, 0x0,
    0x7f, 0xf0, 0x0, 0x0, 0xef, 0xc0, 0x3a, 0xff,
    0xfe, 0x10, 0x0, 0x8, 0xff, 0xc8, 0x9e, 0xfe,
    0x0, 0x0, 0xe, 0xfc, 0x9, 0xff, 0xfe, 0x20,
    0x0, 0x0, 0x5f, 0xff, 0xff, 0xff, 0x80, 0x0,
    0x0, 0xef, 0xe3, 0xc, 0xf9, 0x0, 0x0, 0x0,
    0x0, 0xaf, 0xff, 0xff, 0xc1, 0x0, 0x0, 0x8f,
    0xff, 0xfa, 0x31, 0x0, 0x0, 0x0, 0x0, 0x0,
    0x1, 0x11, 0x0, 0x0, 0x2, 0xdf, 0xff, 0xff,
    0xfe, 0x71, 0x0, 0x0, 0x0, 0x0, 0x0, 0x0,
    0x0, 0x0, 0x3, 0xef, 0xff, 0xa5, 0xaf, 0xff,
    0xfd, 0xba, 0x98, 0x88, 0x89, 0x9a, 0xab, 0xcd,
    0xe1, 0x7f, 0xff, 0x40, 0x0, 0x3c, 0xff, 0xff,
    0xff, 0xff, 0xff, 0xff, 0xff, 0xff, 0xfc, 0x0,
    0xbf, 0x30, 0x0, 0x0, 0x3, 0x8c, 0xff, 0xff,
    0xff, 0xff, 0xff, 0xff, 0xee, 0x80, 0x1, 0x30,
    0x0, 0x0, 0x0, 0x0, 0x0, 0x1, 0x22, 0x22,
    0x11, 0x0, 0x0, 0x0, 0x0,

    /* U+901A "通" */
    0x0, 0x0, 0x0, 0x0, 0x0, 0x4, 0x44, 0x44,
    0x44, 0x44, 0x44, 0x44, 0x45, 0x10, 0x0, 0x0,
    0x3e, 0x60, 0x0, 0x0, 0xf, 0xff, 0xff, 0xff,
    0xff, 0xff, 0xff, 0xff, 0xd2, 0x0, 0x1, 0xef,
    0xf9, 0x0, 0x0, 0xf, 0xff, 0xff, 0xff, 0xff,
    0xff, 0xff, 0xff, 0xc1, 0x0, 0x0, 0x4f, 0xff,
    0xb0, 0x0, 0x0, 0x0, 0x17, 0x10, 0x0, 0x4,
    0xdf, 0xfa, 0x0, 0x0, 0x0, 0x2, 0xef, 0xfc,
    0x0, 0x0, 0x3, 0xef, 0xfb, 0x51, 0xaf, 0xfe,
    0x60, 0x0, 0x0, 0x0, 0x0, 0x2d, 0xff, 0xa0,
    0x0, 0x0, 0x6c, 0xff, 0xff, 0xff, 0xa1, 0x0,
    0x0, 0x0, 0x0, 0x0, 0x1, 0xed, 0x10, 0x0,
    0x0, 0x0, 0x39, 0xff, 0xff, 0x91, 0x0, 0x0,
    0x0, 0x0, 0x0, 0x0, 0x21, 0x0, 0x2f, 0xff,
    0xff, 0xff, 0xff, 0xff, 0xff, 0xff, 0xfa, 0x0,
    0x0, 0x0, 0x0, 0x0, 0x0, 0x2f, 0xff, 0xff,
    0xff, 0xff, 0xff, 0xff, 0xff, 0xfa, 0x0, 0x0,
    0x0, 0x0, 0x0, 0x0, 0x2f, 0xf9, 0x22, 0x23,
    0xff, 0x92, 0x22, 0x3f, 0xfa, 0x0, 0x0, 0x0,
    0x0, 0x0, 0x0, 0x2f, 0xf8, 0x0, 0x1, 0xff,
    0x70, 0x0, 0xf, 0xfa, 0x0, 0xd, 0xff, 0xff,
    0xfe, 0x0, 0x2f, 0xfc, 0x77, 0x78, 0xff, 0xb7,
    0x77, 0x8f, 0xfa, 0x0, 0xd, 0xff, 0xff, 0xfe,
    0x0, 0x2f, 0xff, 0xff, 0xff, 0xff, 0xff, 0xff,
    0xff, 0xfa, 0x0, 0x9, 0xaa, 0xae, 0xfe, 0x0,
    0x2f, 0xfc, 0x88, 0x89, 0xff, 0xc8, 0x88, 0x9f,
    0xfa, 0x0, 0x0, 0x0, 0xc, 0xfe, 0x0, 0x2f,
    0xf8, 0x0, 0x1, 0xff, 0x70, 0x0, 0xf, 0xfa,
    0x0, 0x0, 0x0, 0xc, 0xfe, 0x0, 0x2f, 0xf9,
    0x22, 0x23, 0xff, 0x92, 0x22, 0x3f, 0xfa, 0x0,
    0x0, 0x0, 0xc, 0xfe, 0x0, 0x2f, 0xff, 0xff,
    0xff, 0xff, 0xff, 0xff, 0xff, 0xfa, 0x0, 0x0,
    0x0, 0xc, 0xfe, 0x0, 0x2f, 0xff, 0xff, 0xff,
    0xff, 0xff, 0xff, 0xff, 0xfa, 0x0, 0x0, 0x0,
    0xc, 0xfe, 0x0, 0x2f, 0xf8, 0x0, 0x1, 0xff,
    0x70, 0x0, 0xf, 0xfa, 0x0, 0x0, 0x0, 0xc,
    0xfe, 0x0, 0x2f, 0xf8, 0x0, 0x1, 0xff, 0x70,
    0x0, 0xf, 0xfa, 0x0, 0x0, 0x0, 0xc, 0xfe,
    0x0, 0x2f, 0xf8, 0x0, 0x1, 0xff, 0x70, 0x33,
    0x5f, 0xf9, 0x0, 0x0, 0x0, 0xd, 0xfe, 0x0,
    0x2f, 0xf8, 0x0, 0x1, 0xff, 0x70, 0xff, 0xff,
    0xf7, 0x0, 0x0, 0x3, 0xcf, 0xff, 0xc3, 0x2f,
    0xf8, 0x0, 0x1, 0xdd, 0x60, 0xaf, 0xfd, 0x80,
    0x0, 0x0, 0x8f, 0xff, 0xae, 0xff, 0xc6, 0x30,
    0x0, 0x0, 0x0, 0x0, 0x0, 0x0, 0x12, 0x30,
    0xb, 0xff, 0xd2, 0x0, 0x8f, 0xff, 0xff, 0xed,
    0xdc, 0xcd, 0xdd, 0xef, 0xff, 0xff, 0xd0, 0x6,
    0xfe, 0x20, 0x0, 0x2, 0x9f, 0xff, 0xff, 0xff,
    0xff, 0xff, 0xff, 0xff, 0xff, 0x80, 0x0, 0xa3,
    0x0, 0x0, 0x0, 0x0, 0x36, 0x79, 0x99, 0x99,
    0x99, 0x88, 0x77, 0x65, 0x20, 0x0, 0x0, 0x0,
    0x0, 0x0, 0x0, 0x0, 0x0, 0x0, 0x0, 0x0,
    0x0, 0x0, 0x0, 0x0,

    /* U+901F "速" */
    0x0, 0x0, 0x0, 0x0, 0x0, 0x0, 0x0, 0x0,
    0x7, 0x76, 0x0, 0x0, 0x0, 0x0, 0x0, 0x0,
    0x20, 0x0, 0x0, 0x0, 0x0, 0x0, 0x0, 0xef,
    0xd0, 0x0, 0x0, 0x0, 0x0, 0x0, 0x7f, 0xb0,
    0x0, 0x0, 0x0, 0x0, 0x0, 0xe, 0xfd, 0x0,
    0x0, 0x0, 0x0, 0x0, 0x1d, 0xff, 0xb0, 0x0,
    0x7a, 0xaa, 0xaa, 0xaa, 0xff, 0xfa, 0xaa, 0xaa,
    0xaa, 0xa1, 0x0, 0x1d, 0xff, 0xb0, 0xb, 0xff,
    0xff, 0xff, 0xff, 0xff, 0xff, 0xff, 0xff, 0xff,
    0x10, 0x0, 0x1d, 0xff, 0xa0, 0x8c, 0xcc, 0xcc,
    0xcc, 0xff, 0xfc, 0xcc, 0xcc, 0xcc, 0xc1, 0x0,
    0x0, 0x2e, 0xff, 0x40, 0x0, 0x0, 0x0, 0xe,
    0xfd, 0x0, 0x0, 0x0, 0x0, 0x0, 0x0, 0x0,
    0x4f, 0x50, 0x0, 0x11, 0x11, 0x11, 0xef, 0xd1,
    0x11, 0x11, 0x11, 0x0, 0x0, 0x0, 0x0, 0x10,
    0x0, 0xaf, 0xff, 0xff, 0xff, 0xff, 0xff, 0xff,
    0xff, 0xe0, 0x0, 0x0, 0x0, 0x0, 0x0, 0xa,
    0xff, 0xff, 0xff, 0xff, 0xff, 0xff, 0xff, 0xfe,
    0x0, 0x0, 0x0, 0x0, 0x0, 0x0, 0xaf, 0xf1,
    0x11, 0x1e, 0xfe, 0x11, 0x11, 0xdf, 0xe0, 0x0,
    0x8c, 0xcc, 0xcc, 0xc0, 0xa, 0xff, 0x0, 0x0,
    0xef, 0xd0, 0x0, 0xd, 0xfe, 0x0, 0xb, 0xff,
    0xff, 0xff, 0x10, 0xaf, 0xf0, 0x0, 0xe, 0xfd,
    0x0, 0x0, 0xdf, 0xe0, 0x0, 0xad, 0xdd, 0xff,
    0xf1, 0xa, 0xff, 0x99, 0x99, 0xff, 0xf9, 0x99,
    0x9e, 0xfe, 0x0, 0x0, 0x0, 0x9, 0xff, 0x10,
    0xaf, 0xff, 0xff, 0xff, 0xff, 0xff, 0xff, 0xff,
    0xe0, 0x0, 0x0, 0x0, 0x9f, 0xf1, 0x6, 0xaa,
    0xaa, 0xbf, 0xff, 0xff, 0xaa, 0xaa, 0xa9, 0x0,
    0x0, 0x0, 0x9, 0xff, 0x10, 0x0, 0x0, 0xd,
    0xff, 0xff, 0xfd, 0x30, 0x0, 0x0, 0x0, 0x0,
    0x0, 0x9f, 0xf1, 0x0, 0x0, 0xb, 0xff, 0xff,
    0xff, 0xff, 0x70, 0x0, 0x0, 0x0, 0x0, 0x9,
    0xff, 0x10, 0x0, 0x1c, 0xff, 0x5e, 0xfd, 0x4e,
    0xff, 0xc1, 0x0, 0x0, 0x0, 0x0, 0x9f, 0xf1,
    0x0, 0x5e, 0xff, 0x60, 0xef, 0xd0, 0x2c, 0xff,
    0xe4, 0x0, 0x0, 0x0, 0x9, 0xff, 0x12, 0xaf,
    0xff, 0x70, 0xe, 0xfd, 0x0, 0x9, 0xff, 0xf5,
    0x0, 0x0, 0x0, 0x9f, 0xf1, 0xcf, 0xff, 0x60,
    0x0, 0xef, 0xd0, 0x0, 0x6, 0xff, 0x40, 0x0,
    0x0, 0xb, 0xff, 0x21, 0xec, 0x30, 0x0, 0xe,
    0xfd, 0x0, 0x0, 0x6, 0x50, 0x0, 0x0, 0x3c,
    0xff, 0xff, 0x72, 0x0, 0x0, 0x0, 0xef, 0xd0,
    0x0, 0x0, 0x0, 0x0, 0x0, 0x6f, 0xff, 0xff,
    0xff, 0xd7, 0x10, 0x0, 0x0, 0x0, 0x0, 0x0,
    0x0, 0x0, 0x10, 0x8f, 0xff, 0x80, 0x2a, 0xff,
    0xff, 0xec, 0xba, 0x99, 0x99, 0xab, 0xbc, 0xdf,
    0xf8, 0x9, 0xff, 0x70, 0x0, 0x4, 0xcf, 0xff,
    0xff, 0xff, 0xff, 0xff, 0xff, 0xff, 0xff, 0x30,
    0xd, 0x80, 0x0, 0x0, 0x0, 0x26, 0xac, 0xde,
    0xee, 0xee, 0xed, 0xdc, 0xcb, 0xa0, 0x0, 0x10,
    0x0, 0x0, 0x0, 0x0, 0x0, 0x0, 0x0, 0x0,
    0x0, 0x0, 0x0, 0x0, 0x0,

    /* U+907F "避" */
    0x0, 0x0, 0x0, 0x0, 0x0, 0x0, 0x0, 0x0,
    0x0, 0x0, 0x2, 0x64, 0x0, 0x0, 0x0, 0x0,
    0x3, 0x0, 0x0, 0x0, 0x22, 0x22, 0x22, 0x21,
    0x0, 0xc, 0xfc, 0x0, 0x0, 0x0, 0x2, 0xbf,
    0x70, 0x0, 0x4, 0xff, 0xff, 0xff, 0xf7, 0x0,
    0x5, 0xff, 0x30, 0x0, 0x0, 0x2, 0xef, 0xf4,
    0x0, 0x4, 0xff, 0xff, 0xff, 0xf7, 0x0, 0x0,
    0xff, 0x90, 0x0, 0x0, 0x0, 0x4f, 0xff, 0x20,
    0x4, 0xff, 0x31, 0x1f, 0xf7, 0x9f, 0xff, 0xff,
    0xff, 0xff, 0x80, 0x0, 0x8, 0xff, 0xc0, 0x4,
    0xff, 0x10, 0xe, 0xf7, 0x9f, 0xff, 0xff, 0xff,
    0xff, 0x80, 0x0, 0x0, 0xdf, 0xf6, 0x4, 0xff,
    0x10, 0xe, 0xf7, 0x35, 0x57, 0x55, 0x59, 0x75,
    0x20, 0x0, 0x0, 0x3f, 0xe4, 0x5, 0xff, 0x10,
    0xe, 0xf7, 0x4, 0xfc, 0x0, 0xe, 0xf8, 0x0,
    0x0, 0x0, 0x6, 0x0, 0x5, 0xff, 0x54, 0x4f,
    0xf7, 0x0, 0xff, 0x20, 0x3f, 0xf2, 0x0, 0x0,
    0x0, 0x0, 0x0, 0x6, 0xff, 0xff, 0xff, 0xf7,
    0x0, 0xcf, 0x60, 0x8f, 0xb0, 0x0, 0x0, 0x0,
    0x0, 0x0, 0x7, 0xff, 0xff, 0xff, 0xf7, 0x0,
    0x8f, 0x70, 0xef, 0x40, 0x0, 0x0, 0x0, 0x0,
    0x0, 0x8, 0xfe, 0x0, 0x0, 0x0, 0x89, 0xa9,
    0x9a, 0xff, 0x99, 0x70, 0x7, 0x99, 0x99, 0x90,
    0xa, 0xfc, 0x0, 0x0, 0x0, 0xdf, 0xff, 0xff,
    0xff, 0xff, 0xc0, 0xc, 0xff, 0xff, 0xf0, 0xc,
    0xfc, 0x33, 0x33, 0x32, 0xab, 0xbb, 0xff, 0xeb,
    0xbb, 0x90, 0xb, 0xff, 0xff, 0xf0, 0xf, 0xff,
    0xff, 0xff, 0xfb, 0x0, 0x0, 0xef, 0xa0, 0x0,
    0x0, 0x0, 0x0, 0x8f, 0xf0, 0x4f, 0xff, 0xfe,
    0xee, 0xfb, 0x0, 0x0, 0xef, 0xa0, 0x0, 0x0,
    0x0, 0x0, 0x8f, 0xf0, 0x8f, 0xff, 0xe0, 0x4,
    0xfb, 0x25, 0x55, 0xef, 0xc5, 0x55, 0x20, 0x0,
    0x0, 0x8f, 0xf1, 0xef, 0xdf, 0xe0, 0x4, 0xfb,
    0x8f, 0xff, 0xff, 0xff, 0xff, 0x70, 0x0, 0x0,
    0x8f, 0xf7, 0xff, 0x6f, 0xe0, 0x4, 0xfb, 0x7f,
    0xff, 0xff, 0xff, 0xff, 0x70, 0x0, 0x0, 0x8f,
    0xfe, 0xfe, 0x1f, 0xe0, 0x4, 0xfb, 0x0, 0x0,
    0xef, 0xa0, 0x0, 0x0, 0x0, 0x0, 0x8f, 0xf6,
    0xf5, 0x1f, 0xe0, 0x4, 0xfb, 0x0, 0x0, 0xef,
    0xa0, 0x0, 0x0, 0x0, 0x0, 0x8f, 0xf0, 0x20,
    0x1f, 0xfd, 0xde, 0xfb, 0x0, 0x0, 0xef, 0xa0,
    0x0, 0x0, 0x0, 0x0, 0x9f, 0xf7, 0x0, 0x1f,
    0xff, 0xff, 0xfb, 0x0, 0x0, 0xef, 0xa0, 0x0,
    0x0, 0x0, 0x1b, 0xff, 0xff, 0xe5, 0x4, 0x44,
    0x44, 0x43, 0x0, 0x0, 0xab, 0x70, 0x0, 0x0,
    0x2, 0xef, 0xff, 0xff, 0xff, 0xd7, 0x31, 0x0,
    0x0, 0x0, 0x0, 0x0, 0x0, 0x11, 0x20, 0x1e,
    0xff, 0xd2, 0x5, 0xdf, 0xff, 0xff, 0xff, 0xed,
    0xdd, 0xde, 0xef, 0xff, 0xff, 0xe0, 0xa, 0xfd,
    0x10, 0x0, 0x6, 0xcf, 0xff, 0xff, 0xff, 0xff,
    0xff, 0xff, 0xff, 0xff, 0x90, 0x1, 0xc1, 0x0,
    0x0, 0x0, 0x1, 0x46, 0x89, 0xaa, 0xaa, 0xa9,
    0x98, 0x87, 0x66, 0x20, 0x0, 0x0, 0x0, 0x0,
    0x0, 0x0, 0x0, 0x0, 0x0, 0x0, 0x0, 0x0,
    0x0, 0x0, 0x0,

    /* U+90FD "都" */
    0x0, 0x0, 0x0, 0x1, 0x10, 0x0, 0x0, 0x0,
    0x0, 0x0, 0x0, 0x0, 0x0, 0x0, 0x0, 0x0,
    0x0, 0x3, 0xff, 0x60, 0x0, 0x0, 0x0, 0x0,
    0x0, 0x0, 0x0, 0x0, 0x0, 0x0, 0x0, 0x0,
    0x3f, 0xf6, 0x0, 0x0, 0xae, 0xa3, 0xaa, 0xaa,
    0xaa, 0xaa, 0xa5, 0x0, 0x0, 0x0, 0x3, 0xff,
    0x60, 0x0, 0x2f, 0xfe, 0x2f, 0xff, 0xff, 0xff,
    0xff, 0xfa, 0x0, 0x9f, 0xff, 0xff, 0xff, 0xff,
    0xd9, 0xff, 0x62, 0xff, 0xff, 0xff, 0xff, 0xff,
    0x90, 0x9, 0xff, 0xff, 0xff, 0xff, 0xfe, 0xff,
    0xe0, 0x2f, 0xfa, 0x0, 0x0, 0xdf, 0xf2, 0x0,
    0x47, 0x77, 0x9f, 0xfb, 0x77, 0xef, 0xf6, 0x2,
    0xff, 0xa0, 0x0, 0x3f, 0xfb, 0x0, 0x0, 0x0,
    0x3, 0xff, 0x60, 0x5f, 0xfb, 0x0, 0x2f, 0xfa,
    0x0, 0x9, 0xff, 0x40, 0x0, 0x0, 0x0, 0x3f,
    0xf6, 0x1e, 0xff, 0x20, 0x2, 0xff, 0xa0, 0x0,
    0xef, 0xd0, 0x0, 0x55, 0x55, 0x58, 0xff, 0x9c,
    0xff, 0xb5, 0x52, 0x2f, 0xfa, 0x0, 0x5f, 0xf6,
    0x0, 0xe, 0xff, 0xff, 0xff, 0xff, 0xff, 0xff,
    0xff, 0x72, 0xff, 0xa0, 0xc, 0xfe, 0x0, 0x0,
    0xef, 0xff, 0xff, 0xff, 0xff, 0xff, 0xff, 0xf7,
    0x2f, 0xfa, 0x2, 0xff, 0x70, 0x0, 0x1, 0x11,
    0x11, 0x1a, 0xff, 0xe3, 0x11, 0x11, 0x2, 0xff,
    0xa0, 0x9f, 0xf1, 0x0, 0x0, 0x0, 0x0, 0xb,
    0xff, 0xe3, 0x0, 0x0, 0x0, 0x2f, 0xfa, 0x4,
    0xff, 0xb0, 0x0, 0x0, 0x0, 0x1c, 0xff, 0xf8,
    0x44, 0x44, 0x41, 0x2, 0xff, 0xa0, 0x6, 0xff,
    0x90, 0x0, 0x0, 0x6e, 0xff, 0xff, 0xff, 0xff,
    0xff, 0x40, 0x2f, 0xfa, 0x0, 0xa, 0xff, 0x40,
    0x3, 0xcf, 0xff, 0xff, 0xff, 0xff, 0xff, 0xf4,
    0x2, 0xff, 0xa0, 0x0, 0x1f, 0xfc, 0x5, 0xff,
    0xff, 0xfa, 0x0, 0x0, 0x6, 0xff, 0x40, 0x2f,
    0xfa, 0x0, 0x0, 0xaf, 0xf2, 0xd, 0xff, 0xff,
    0xa0, 0x0, 0x0, 0x6f, 0xf4, 0x2, 0xff, 0xa0,
    0x0, 0x5, 0xff, 0x60, 0x4b, 0x1e, 0xfc, 0x44,
    0x44, 0x49, 0xff, 0x40, 0x2f, 0xfa, 0x0, 0x0,
    0x4f, 0xf7, 0x0, 0x0, 0xef, 0xff, 0xff, 0xff,
    0xff, 0xf4, 0x2, 0xff, 0xa0, 0x0, 0x5, 0xff,
    0x70, 0x0, 0xe, 0xff, 0xee, 0xee, 0xef, 0xff,
    0x40, 0x2f, 0xfa, 0x0, 0x0, 0xbf, 0xf4, 0x0,
    0x0, 0xef, 0xa0, 0x0, 0x0, 0x6f, 0xf4, 0x2,
    0xff, 0xa5, 0xcc, 0xff, 0xff, 0x10, 0x0, 0xe,
    0xfa, 0x0, 0x0, 0x6, 0xff, 0x40, 0x2f, 0xfa,
    0x1f, 0xff, 0xff, 0x80, 0x0, 0x0, 0xef, 0xc5,
    0x55, 0x55, 0xaf, 0xf4, 0x2, 0xff, 0xa0, 0xde,
    0xeb, 0x50, 0x0, 0x0, 0xe, 0xff, 0xff, 0xff,
    0xff, 0xff, 0x40, 0x2f, 0xfa, 0x0, 0x0, 0x0,
    0x0, 0x0, 0x0, 0xef, 0xfe, 0xee, 0xee, 0xff,
    0xf4, 0x2, 0xff, 0xa0, 0x0, 0x0, 0x0, 0x0,
    0x0, 0xe, 0xfa, 0x0, 0x0, 0x6, 0xff, 0x40,
    0x2f, 0xfa, 0x0, 0x0, 0x0, 0x0, 0x0, 0x0,
    0x0, 0x0, 0x0, 0x0, 0x0, 0x0, 0x0, 0x11,
    0x0, 0x0, 0x0, 0x0, 0x0,

    /* U+914D "配" */
    0x12, 0x22, 0x22, 0x22, 0x22, 0x22, 0x22, 0x0,
    0x0, 0x0, 0x0, 0x0, 0x0, 0x0, 0x7, 0xff,
    0xff, 0xff, 0xff, 0xff, 0xff, 0xf1, 0xdf, 0xff,
    0xff, 0xff, 0xff, 0xff, 0x0, 0x7f, 0xff, 0xff,
    0xff, 0xff, 0xff, 0xff, 0x1d, 0xff, 0xff, 0xff,
    0xff, 0xff, 0xf0, 0x2, 0x55, 0x58, 0xfc, 0x5e,
    0xf6, 0x55, 0x50, 0xac, 0xcc, 0xcc, 0xcc, 0xcf,
    0xff, 0x0, 0x0, 0x0, 0x4f, 0xa0, 0xdf, 0x20,
    0x0, 0x0, 0x0, 0x0, 0x0, 0x0, 0xcf, 0xf0,
    0x0, 0x0, 0x4, 0xfa, 0xd, 0xf2, 0x0, 0x0,
    0x0, 0x0, 0x0, 0x0, 0xc, 0xff, 0x0, 0x5,
    0x66, 0x9f, 0xc6, 0xef, 0x86, 0x63, 0x0, 0x0,
    0x0, 0x0, 0x0, 0xcf, 0xf0, 0x0, 0xdf, 0xff,
    0xff, 0xff, 0xff, 0xff, 0x70, 0x0, 0x0, 0x0,
    0x0, 0xc, 0xff, 0x0, 0xd, 0xff, 0xff, 0xff,
    0xff, 0xff, 0xf7, 0x0, 0x0, 0x0, 0x0, 0x0,
    0xcf, 0xf0, 0x0, 0xdf, 0x60, 0xd8, 0xf, 0x60,
    0xdf, 0x70, 0x0, 0x0, 0x0, 0x0, 0xc, 0xff,
    0x0, 0xd, 0xf6, 0xd, 0x80, 0xf6, 0xd, 0xf7,
    0x7, 0xaa, 0xaa, 0xaa, 0xaa, 0xef, 0xf0, 0x0,
    0xdf, 0x60, 0xe8, 0xf, 0x60, 0xdf, 0x70, 0xbf,
    0xff, 0xff, 0xff, 0xff, 0xff, 0x0, 0xd, 0xf6,
    0xf, 0x70, 0xf6, 0xd, 0xf7, 0xb, 0xff, 0xff,
    0xff, 0xff, 0xff, 0xf0, 0x0, 0xdf, 0x63, 0xf4,
    0xf, 0x60, 0xdf, 0x70, 0xbf, 0xf1, 0x0, 0x0,
    0xc, 0xff, 0x0, 0xd, 0xf6, 0x9e, 0x0, 0xfb,
    0x8f, 0xf7, 0xb, 0xff, 0x10, 0x0, 0x0, 0xcf,
    0xf0, 0x0, 0xdf, 0xbf, 0x70, 0xa, 0xff, 0xff,
    0x70, 0xbf, 0xf1, 0x0, 0x0, 0x0, 0x0, 0x0,
    0xd, 0xf7, 0x80, 0x0, 0x0, 0xd, 0xf7, 0xb,
    0xff, 0x10, 0x0, 0x0, 0x0, 0x0, 0x0, 0xdf,
    0x60, 0x0, 0x0, 0x0, 0xdf, 0x70, 0xbf, 0xf1,
    0x0, 0x0, 0x0, 0x0, 0x0, 0xd, 0xfd, 0xcc,
    0xcc, 0xcc, 0xcf, 0xf7, 0xb, 0xff, 0x10, 0x0,
    0x0, 0x0, 0x0, 0x0, 0xdf, 0xff, 0xff, 0xff,
    0xff, 0xff, 0x70, 0xbf, 0xf1, 0x0, 0x0, 0x0,
    0x31, 0x0, 0xd, 0xf8, 0x33, 0x33, 0x33, 0x3e,
    0xf7, 0xb, 0xff, 0x10, 0x0, 0x0, 0x8, 0xfa,
    0x0, 0xdf, 0x60, 0x0, 0x0, 0x0, 0xdf, 0x70,
    0xbf, 0xf1, 0x0, 0x0, 0x0, 0x9f, 0xf0, 0xd,
    0xf6, 0x0, 0x0, 0x0, 0xd, 0xf7, 0xb, 0xff,
    0x10, 0x0, 0x0, 0xb, 0xfe, 0x0, 0xdf, 0xff,
    0xff, 0xff, 0xff, 0xff, 0x70, 0xaf, 0xf2, 0x0,
    0x0, 0x0, 0xef, 0xc0, 0xd, 0xff, 0xff, 0xff,
    0xff, 0xff, 0xf7, 0x9, 0xff, 0xda, 0xaa, 0xaa,
    0xdf, 0xf8, 0x0, 0xdf, 0x94, 0x44, 0x44, 0x44,
    0xef, 0x70, 0x3f, 0xff, 0xff, 0xff, 0xff, 0xff,
    0x20, 0xd, 0xf6, 0x0, 0x0, 0x0, 0xa, 0xc5,
    0x0, 0x5c, 0xef, 0xff, 0xff, 0xec, 0x30, 0x0,
    0x22, 0x10, 0x0, 0x0, 0x0, 0x0, 0x0, 0x0,
    0x0, 0x0, 0x0, 0x0, 0x0, 0x0,

    /* U+91CD "重" */
    0x0, 0x0, 0x0, 0x0, 0x0, 0x0, 0x0, 0x0,
    0x0, 0x0, 0x0, 0x11, 0x0, 0x0, 0x0, 0x0,
    0x0, 0x0, 0x0, 0x0, 0x12, 0x34, 0x67, 0x9a,
    0xcf, 0xfc, 0x0, 0x0, 0x0, 0x8, 0xbc, 0xcd,
    0xef, 0xff, 0xff, 0xff, 0xff, 0xff, 0xff, 0xff,
    0x60, 0x0, 0x0, 0x9, 0xff, 0xff, 0xff, 0xff,
    0xff, 0xff, 0xfd, 0xca, 0x96, 0x42, 0x0, 0x0,
    0x0, 0x3, 0x87, 0x76, 0x55, 0x44, 0x7f, 0xf8,
    0x0, 0x0, 0x0, 0x0, 0x0, 0x0, 0x0, 0x0,
    0x0, 0x0, 0x0, 0x0, 0x5f, 0xf8, 0x0, 0x0,
    0x0, 0x0, 0x0, 0x0, 0x1f, 0xff, 0xff, 0xff,
    0xff, 0xff, 0xff, 0xff, 0xff, 0xff, 0xff, 0xff,
    0xff, 0xf9, 0x1f, 0xff, 0xff, 0xff, 0xff, 0xff,
    0xff, 0xff, 0xff, 0xff, 0xff, 0xff, 0xff, 0xf9,
    0x4, 0x44, 0x44, 0x44, 0x44, 0x44, 0x8f, 0xfa,
    0x44, 0x44, 0x44, 0x44, 0x44, 0x42, 0x0, 0x0,
    0x0, 0x0, 0x0, 0x0, 0x5f, 0xf8, 0x0, 0x0,
    0x0, 0x0, 0x0, 0x0, 0x0, 0x1, 0xff, 0xff,
    0xff, 0xff, 0xff, 0xff, 0xff, 0xff, 0xff, 0xff,
    0xb0, 0x0, 0x0, 0x1, 0xff, 0xfe, 0xee, 0xee,
    0xff, 0xff, 0xee, 0xee, 0xee, 0xff, 0xb0, 0x0,
    0x0, 0x1, 0xff, 0xa0, 0x0, 0x0, 0x5f, 0xf8,
    0x0, 0x0, 0x2, 0xff, 0xb0, 0x0, 0x0, 0x1,
    0xff, 0xd9, 0x99, 0x99, 0xbf, 0xfc, 0x99, 0x99,
    0x9a, 0xff, 0xb0, 0x0, 0x0, 0x1, 0xff, 0xff,
    0xff, 0xff, 0xff, 0xff, 0xff, 0xff, 0xff, 0xff,
    0xb0, 0x0, 0x0, 0x1, 0xff, 0xb2, 0x22, 0x22,
    0x7f, 0xf9, 0x22, 0x22, 0x24, 0xff, 0xb0, 0x0,
    0x0, 0x1, 0xff, 0xa0, 0x0, 0x0, 0x5f, 0xf8,
    0x0, 0x0, 0x2, 0xff, 0xb0, 0x0, 0x0, 0x1,
    0xff, 0xfe, 0xee, 0xee, 0xff, 0xff, 0xee, 0xee,
    0xef, 0xff, 0xb0, 0x0, 0x0, 0x1, 0xff, 0xff,
    0xff, 0xff, 0xff, 0xff, 0xff, 0xff, 0xff, 0xff,
    0xb0, 0x0, 0x0, 0x0, 0x0, 0x0, 0x0, 0x0,
    0x5f, 0xf8, 0x0, 0x0, 0x0, 0x0, 0x0, 0x0,
    0x0, 0x0, 0x0, 0x0, 0x0, 0x0, 0x5f, 0xf8,
    0x0, 0x0, 0x0, 0x0, 0x0, 0x0, 0x0, 0xf,
    0xff, 0xff, 0xff, 0xff, 0xff, 0xff, 0xff, 0xff,
    0xff, 0xff, 0xfd, 0x0, 0x0, 0xf, 0xff, 0xff,
    0xff, 0xff, 0xff, 0xff, 0xff, 0xff, 0xff, 0xff,
    0xfd, 0x0, 0x0, 0x2, 0x22, 0x22, 0x22, 0x22,
    0x7f, 0xf9, 0x22, 0x22, 0x22, 0x22, 0x22, 0x0,
    0x0, 0x0, 0x0, 0x0, 0x0, 0x0, 0x5f, 0xf8,
    0x0, 0x0, 0x0, 0x0, 0x0, 0x0, 0x4d, 0xdd,
    0xdd, 0xdd, 0xdd, 0xdd, 0xef, 0xff, 0xdd, 0xdd,
    0xdd, 0xdd, 0xdd, 0xdb, 0x4f, 0xff, 0xff, 0xff,
    0xff, 0xff, 0xff, 0xff, 0xff, 0xff, 0xff, 0xff,
    0xff, 0xfc, 0x26, 0x66, 0x66, 0x66, 0x66, 0x66,
    0x66, 0x66, 0x66, 0x66, 0x66, 0x66, 0x66, 0x65,

    /* U+91CF "量" */
    0x0, 0x0, 0x48, 0x88, 0x88, 0x88, 0x88, 0x88,
    0x88, 0x88, 0x88, 0x87, 0x0, 0x0, 0x0, 0x0,
    0x8f, 0xff, 0xff, 0xff, 0xff, 0xff, 0xff, 0xff,
    0xff, 0xfe, 0x0, 0x0, 0x0, 0x0, 0x8f, 0xf3,
    0x0, 0x0, 0x0, 0x0, 0x0, 0x0, 0xf, 0xfe,
    0x0, 0x0, 0x0, 0x0, 0x8f, 0xf9, 0x77, 0x77,
    0x77, 0x77, 0x77, 0x77, 0x7f, 0xfe, 0x0, 0x0,
    0x0, 0x0, 0x8f, 0xff, 0xff, 0xff, 0xff, 0xff,
    0xff, 0xff, 0xff, 0xfe, 0x0, 0x0, 0x0, 0x0,
    0x8f, 0xf3, 0x0, 0x0, 0x0, 0x0, 0x0, 0x0,
    0xf, 0xfe, 0x0, 0x0, 0x0, 0x0, 0x8f, 0xfa,
    0x88, 0x88, 0x88, 0x88, 0x88, 0x88, 0x8f, 0xfe,
    0x0, 0x0, 0x0, 0x0, 0x8f, 0xff, 0xff, 0xff,
    0xff, 0xff, 0xff, 0xff, 0xff, 0xfd, 0x0, 0x0,
    0x0, 0x0, 0x0, 0x0, 0x0, 0x0, 0x0, 0x0,
    0x0, 0x0, 0x0, 0x0, 0x0, 0x0, 0x4f, 0xff,
    0xff, 0xff, 0xff, 0xff, 0xff, 0xff, 0xff, 0xff,
    0xff, 0xff, 0xff, 0xfc, 0x4f, 0xff, 0xff, 0xff,
    0xff, 0xff, 0xff, 0xff, 0xff, 0xff, 0xff, 0xff,
    0xff, 0xfc, 0x1, 0x11, 0x11, 0x11, 0x11, 0x11,
    0x11, 0x11, 0x11, 0x11, 0x11, 0x11, 0x11, 0x11,
    0x0, 0x0, 0xaa, 0xaa, 0xaa, 0xaa, 0xaa, 0xaa,
    0xaa, 0xaa, 0xaa, 0xaa, 0x70, 0x0, 0x0, 0x1,
    0xff, 0xff, 0xff, 0xff, 0xff, 0xff, 0xff, 0xff,
    0xff, 0xff, 0xb0, 0x0, 0x0, 0x1, 0xff, 0x90,
    0x0, 0x0, 0x2f, 0xf8, 0x0, 0x0, 0x0, 0xff,
    0xb0, 0x0, 0x0, 0x1, 0xff, 0xd9, 0x99, 0x99,
    0xaf, 0xfd, 0x99, 0x99, 0x99, 0xff, 0xb0, 0x0,
    0x0, 0x1, 0xff, 0xff, 0xff, 0xff, 0xff, 0xff,
    0xff, 0xff, 0xff, 0xff, 0xb0, 0x0, 0x0, 0x1,
    0xff, 0x90, 0x0, 0x0, 0x2f, 0xf8, 0x0, 0x0,
    0x0, 0xff, 0xb0, 0x0, 0x0, 0x1, 0xff, 0xda,
    0xaa, 0xaa, 0xbf, 0xfd, 0xaa, 0xaa, 0xaa, 0xff,
    0xb0, 0x0, 0x0, 0x1, 0xff, 0xff, 0xff, 0xff,
    0xff, 0xff, 0xff, 0xff, 0xff, 0xff, 0xb0, 0x0,
    0x0, 0x0, 0x0, 0x0, 0x0, 0x0, 0x2f, 0xf8,
    0x0, 0x0, 0x0, 0x0, 0x0, 0x0, 0x0, 0xb,
    0xdd, 0xdd, 0xdd, 0xdd, 0xdf, 0xfe, 0xdd, 0xdd,
    0xdd, 0xdd, 0xd4, 0x0, 0x0, 0xd, 0xff, 0xff,
    0xff, 0xff, 0xff, 0xff, 0xff, 0xff, 0xff, 0xff,
    0xf5, 0x0, 0x0, 0x0, 0x0, 0x0, 0x0, 0x0,
    0x3f, 0xf9, 0x0, 0x0, 0x0, 0x0, 0x0, 0x0,
    0x12, 0x22, 0x22, 0x22, 0x22, 0x22, 0x5f, 0xfa,
    0x22, 0x22, 0x22, 0x22, 0x22, 0x22, 0x6f, 0xff,
    0xff, 0xff, 0xff, 0xff, 0xff, 0xff, 0xff, 0xff,
    0xff, 0xff, 0xff, 0xfe, 0x6f, 0xff, 0xff, 0xff,
    0xff, 0xff, 0xff, 0xff, 0xff, 0xff, 0xff, 0xff,
    0xff, 0xfe,

    /* U+91D1 "金" */
    0x0, 0x0, 0x0, 0x0, 0x0, 0x0, 0x0, 0x66,
    0x0, 0x0, 0x0, 0x0, 0x0, 0x0, 0x0, 0x0,
    0x0, 0x0, 0x0, 0x0, 0x0, 0x4, 0xff, 0xe2,
    0x0, 0x0, 0x0, 0x0, 0x0, 0x0, 0x0, 0x0,
    0x0, 0x0, 0x0, 0x0, 0x2e, 0xff, 0xd0, 0x0,
    0x0, 0x0, 0x0, 0x0, 0x0, 0x0, 0x0, 0x0,
    0x0, 0x0, 0x2, 0xdf, 0xff, 0xfb, 0x0, 0x0,
    0x0, 0x0, 0x0, 0x0, 0x0, 0x0, 0x0, 0x0,
    0x0, 0x4e, 0xff, 0xed, 0xff, 0xc1, 0x0, 0x0,
    0x0, 0x0, 0x0, 0x0, 0x0, 0x0, 0x0, 0x7,
    0xff, 0xfd, 0x21, 0xcf, 0xff, 0x60, 0x0, 0x0,
    0x0, 0x0, 0x0, 0x0, 0x0, 0x3, 0xcf, 0xff,
    0xd1, 0x0, 0xa, 0xff, 0xfc, 0x20, 0x0, 0x0,
    0x0, 0x0, 0x0, 0x2, 0xaf, 0xff, 0xfa, 0x10,
    0x0, 0x0, 0x7f, 0xff, 0xfa, 0x20, 0x0, 0x0,
    0x0, 0x4, 0xaf, 0xff, 0xfe, 0x50, 0x0, 0x0,
    0x0, 0x2, 0xcf, 0xff, 0xfa, 0x40, 0x0, 0x8,
    0xef, 0xff, 0xff, 0xfb, 0x99, 0x99, 0x99, 0x99,
    0x99, 0x9f, 0xff, 0xff, 0xfe, 0x81, 0x9, 0xff,
    0xff, 0xbf, 0xff, 0xff, 0xff, 0xff, 0xff, 0xff,
    0xff, 0xd8, 0xef, 0xff, 0xa0, 0x0, 0xdf, 0x92,
    0xe, 0xff, 0xff, 0xff, 0xff, 0xff, 0xff, 0xff,
    0xd0, 0x6, 0xed, 0x0, 0x0, 0x21, 0x0, 0x0,
    0x0, 0x0, 0x9, 0xff, 0x70, 0x0, 0x0, 0x0,
    0x0, 0x1, 0x0, 0x0, 0x0, 0x0, 0x0, 0x0,
    0x0, 0x9, 0xff, 0x60, 0x0, 0x0, 0x0, 0x0,
    0x0, 0x0, 0x0, 0x0, 0x0, 0x0, 0x0, 0x0,
    0x9, 0xff, 0x60, 0x0, 0x0, 0x0, 0x0, 0x0,
    0x0, 0x0, 0x0, 0x0, 0x0, 0x0, 0x0, 0x9,
    0xff, 0x70, 0x0, 0x0, 0x0, 0x0, 0x0, 0x0,
    0x0, 0x9, 0xff, 0xff, 0xff, 0xff, 0xff, 0xff,
    0xff, 0xff, 0xff, 0xff, 0xff, 0x90, 0x0, 0x0,
    0x9, 0xff, 0xff, 0xff, 0xff, 0xff, 0xff, 0xff,
    0xff, 0xff, 0xff, 0xff, 0x90, 0x0, 0x0, 0x4,
    0x88, 0x89, 0x88, 0x88, 0x8c, 0xff, 0xb8, 0x88,
    0x89, 0x88, 0x88, 0x40, 0x0, 0x0, 0x0, 0x1,
    0x9f, 0x70, 0x0, 0x9, 0xff, 0x60, 0x0, 0xa,
    0xd7, 0x10, 0x0, 0x0, 0x0, 0x0, 0x0, 0xdf,
    0xf2, 0x0, 0x9, 0xff, 0x60, 0x0, 0x2f, 0xfe,
    0x0, 0x0, 0x0, 0x0, 0x0, 0x0, 0x3f, 0xfb,
    0x0, 0x9, 0xff, 0x60, 0x0, 0xaf, 0xf5, 0x0,
    0x0, 0x0, 0x0, 0x0, 0x0, 0xa, 0xff, 0x30,
    0x9, 0xff, 0x60, 0x4, 0xff, 0xa0, 0x0, 0x0,
    0x0, 0x0, 0x0, 0x0, 0x3, 0xff, 0xa0, 0x9,
    0xff, 0x60, 0xd, 0xfe, 0x10, 0x0, 0x0, 0x0,
    0x0, 0x0, 0x0, 0x0, 0xa7, 0x10, 0x9, 0xff,
    0x60, 0x5, 0xc3, 0x0, 0x0, 0x0, 0x0, 0x0,
    0xff, 0xff, 0xff, 0xff, 0xff, 0xff, 0xff, 0xff,
    0xff, 0xff, 0xff, 0xff, 0xff, 0x0, 0x0, 0xff,
    0xff, 0xff, 0xff, 0xff, 0xff, 0xff, 0xff, 0xff,
    0xff, 0xff, 0xff, 0xff, 0x0, 0x0, 0xaa, 0xaa,
    0xaa, 0xaa, 0xaa, 0xaa, 0xaa, 0xaa, 0xaa, 0xaa,
    0xaa, 0xaa, 0xaa, 0x0,

    /* U+949F "钟" */
    0x0, 0x0, 0x86, 0x10, 0x0, 0x0, 0x0, 0x0,
    0x0, 0x8c, 0xc1, 0x0, 0x0, 0x0, 0x0, 0x2,
    0xff, 0xc0, 0x0, 0x0, 0x0, 0x0, 0x0, 0xaf,
    0xf2, 0x0, 0x0, 0x0, 0x0, 0x8, 0xff, 0x70,
    0x0, 0x0, 0x0, 0x0, 0x0, 0xaf, 0xf2, 0x0,
    0x0, 0x0, 0x0, 0xe, 0xff, 0x20, 0x0, 0x0,
    0x0, 0x0, 0x0, 0xaf, 0xf2, 0x0, 0x0, 0x0,
    0x0, 0x7f, 0xff, 0xff, 0xff, 0xfb, 0x0, 0x0,
    0x0, 0xaf, 0xf2, 0x0, 0x0, 0x0, 0x1, 0xff,
    0xff, 0xff, 0xff, 0xfb, 0x0, 0x0, 0x0, 0xaf,
    0xf2, 0x0, 0x0, 0x0, 0xb, 0xff, 0xc8, 0x88,
    0x88, 0x86, 0x1, 0x11, 0x11, 0xbf, 0xf3, 0x11,
    0x11, 0x11, 0x8f, 0xfe, 0x0, 0x0, 0x0, 0x0,
    0x7f, 0xff, 0xff, 0xff, 0xff, 0xff, 0xff, 0xf9,
    0x8f, 0xf4, 0x0, 0x0, 0x0, 0x0, 0x7f, 0xff,
    0xff, 0xff, 0xff, 0xff, 0xff, 0xf9, 0xf, 0xa9,
    0x99, 0x99, 0x99, 0x91, 0x7f, 0xfa, 0x99, 0xdf,
    0xfa, 0x99, 0xaf, 0xf9, 0x3, 0x6f, 0xff, 0xff,
    0xff, 0xf1, 0x7f, 0xf0, 0x0, 0xaf, 0xf2, 0x0,
    0x1f, 0xf9, 0x0, 0x5f, 0xff, 0xff, 0xff, 0xf1,
    0x7f, 0xf0, 0x0, 0xaf, 0xf2, 0x0, 0x1f, 0xf9,
    0x0, 0x0, 0xe, 0xfc, 0x0, 0x0, 0x7f, 0xf0,
    0x0, 0xaf, 0xf2, 0x0, 0x1f, 0xf9, 0x0, 0x0,
    0xe, 0xfc, 0x0, 0x0, 0x7f, 0xf0, 0x0, 0xaf,
    0xf2, 0x0, 0x1f, 0xf9, 0x0, 0x0, 0xe, 0xfc,
    0x0, 0x0, 0x7f, 0xf0, 0x0, 0xaf, 0xf2, 0x0,
    0x1f, 0xf9, 0x8, 0x88, 0x8f, 0xfe, 0x88, 0x86,
    0x7f, 0xf0, 0x0, 0xaf, 0xf2, 0x0, 0x1f, 0xf9,
    0x1f, 0xff, 0xff, 0xff, 0xff, 0xfb, 0x7f, 0xff,
    0xff, 0xff, 0xff, 0xff, 0xff, 0xf9, 0x1f, 0xff,
    0xff, 0xff, 0xff, 0xfb, 0x7f, 0xff, 0xff, 0xff,
    0xff, 0xff, 0xff, 0xf9, 0x0, 0x0, 0xe, 0xfc,
    0x0, 0x0, 0x7f, 0xfd, 0xcc, 0xef, 0xfd, 0xcc,
    0xdf, 0xf9, 0x0, 0x0, 0xe, 0xfc, 0x0, 0x0,
    0x7f, 0xf0, 0x0, 0xaf, 0xf2, 0x0, 0x1f, 0xf9,
    0x0, 0x0, 0xe, 0xfc, 0x0, 0x0, 0x5a, 0xa0,
    0x0, 0xaf, 0xf2, 0x0, 0x7, 0x74, 0x0, 0x0,
    0xe, 0xfc, 0x0, 0x0, 0x0, 0x0, 0x0, 0xaf,
    0xf2, 0x0, 0x0, 0x0, 0x0, 0x0, 0xe, 0xfc,
    0x3, 0xab, 0x0, 0x0, 0x0, 0xaf, 0xf2, 0x0,
    0x0, 0x0, 0x0, 0x0, 0xf, 0xfe, 0xbf, 0xff,
    0x0, 0x0, 0x0, 0xaf, 0xf2, 0x0, 0x0, 0x0,
    0x0, 0x0, 0x4f, 0xff, 0xff, 0xd6, 0x0, 0x0,
    0x0, 0xaf, 0xf2, 0x0, 0x0, 0x0, 0x0, 0x3,
    0xef, 0xff, 0xd5, 0x0, 0x0, 0x0, 0x0, 0xaf,
    0xf2, 0x0, 0x0, 0x0, 0x0, 0x2, 0xef, 0xd5,
    0x0, 0x0, 0x0, 0x0, 0x0, 0xaf, 0xf2, 0x0,
    0x0, 0x0, 0x0, 0x0, 0x56, 0x0, 0x0, 0x0,
    0x0, 0x0, 0x0, 0xaf, 0xf2, 0x0, 0x0, 0x0,

    /* U+9501 "锁" */
    0x0, 0x0, 0x1, 0x0, 0x0, 0x0, 0x0, 0x0,
    0x0, 0x5, 0x65, 0x0, 0x0, 0x0, 0x0, 0x0,
    0x2, 0xfd, 0x50, 0x0, 0x0, 0x0, 0x10, 0x0,
    0xdf, 0xd0, 0x0, 0x10, 0x0, 0x0, 0x0, 0xaf,
    0xf3, 0x0, 0x0, 0x6, 0xec, 0x0, 0xd, 0xfd,
    0x0, 0xd, 0xe7, 0x0, 0x0, 0x1f, 0xfd, 0x0,
    0x0, 0x0, 0x4f, 0xf7, 0x0, 0xdf, 0xd0, 0x5,
    0xff, 0x60, 0x0, 0x9, 0xff, 0xff, 0xff, 0xff,
    0x80, 0xaf, 0xf1, 0xd, 0xfd, 0x0, 0xcf, 0xc0,
    0x0, 0x3, 0xff, 0xff, 0xff, 0xff, 0xf8, 0x1,
    0xff, 0x80, 0xdf, 0xd0, 0x4f, 0xf3, 0x0, 0x1,
    0xdf, 0xf8, 0x77, 0x77, 0x77, 0x30, 0x9, 0xfe,
    0xd, 0xfd, 0xd, 0xf9, 0x0, 0x0, 0xcf, 0xf9,
    0x0, 0x0, 0x0, 0x0, 0x0, 0x2b, 0x20, 0xdf,
    0xd0, 0x5a, 0x0, 0x0, 0xd, 0xfd, 0x0, 0x0,
    0x0, 0x0, 0x0, 0x77, 0x77, 0x7e, 0xfe, 0x77,
    0x77, 0x70, 0x0, 0x4e, 0x99, 0x99, 0x99, 0x99,
    0x80, 0x1f, 0xff, 0xff, 0xff, 0xff, 0xff, 0xff,
    0x10, 0x0, 0x2b, 0xff, 0xff, 0xff, 0xfe, 0x1,
    0xff, 0xff, 0xff, 0xff, 0xff, 0xff, 0xf1, 0x0,
    0x0, 0xbf, 0xff, 0xff, 0xff, 0xd0, 0x1f, 0xf9,
    0x22, 0x22, 0x22, 0x2a, 0xff, 0x10, 0x0, 0x0,
    0x3, 0xff, 0x40, 0x0, 0x1, 0xff, 0x80, 0x5,
    0x54, 0x0, 0x9f, 0xf1, 0x0, 0x0, 0x0, 0x3f,
    0xf4, 0x0, 0x0, 0x1f, 0xf8, 0x0, 0xff, 0xb0,
    0x9, 0xff, 0x10, 0x0, 0x0, 0x3, 0xff, 0x40,
    0x0, 0x1, 0xff, 0x80, 0xf, 0xfb, 0x0, 0x9f,
    0xf1, 0x0, 0x8, 0x88, 0xaf, 0xfa, 0x88, 0x81,
    0x1f, 0xf8, 0x0, 0xff, 0xb0, 0x9, 0xff, 0x10,
    0x1, 0xff, 0xff, 0xff, 0xff, 0xff, 0x31, 0xff,
    0x80, 0xf, 0xfb, 0x0, 0x9f, 0xf1, 0x0, 0x1f,
    0xff, 0xff, 0xff, 0xff, 0xf3, 0x1f, 0xf8, 0x0,
    0xff, 0xb0, 0x9, 0xff, 0x10, 0x0, 0x0, 0x3,
    0xff, 0x50, 0x0, 0x1, 0xff, 0x80, 0xf, 0xfa,
    0x0, 0x9f, 0xf1, 0x0, 0x0, 0x0, 0x3f, 0xf4,
    0x0, 0x0, 0x1f, 0xf8, 0x2, 0xff, 0x80, 0x9,
    0xff, 0x10, 0x0, 0x0, 0x3, 0xff, 0x40, 0x0,
    0x1, 0xff, 0x80, 0x6f, 0xf6, 0x0, 0x9f, 0xf1,
    0x0, 0x0, 0x0, 0x3f, 0xf4, 0x0, 0x0, 0x1f,
    0xf8, 0xd, 0xff, 0x20, 0x9, 0xff, 0x10, 0x0,
    0x0, 0x3, 0xff, 0x40, 0x7d, 0x0, 0xbb, 0x57,
    0xff, 0xb1, 0x10, 0x69, 0x91, 0x0, 0x0, 0x0,
    0x5f, 0xfa, 0xef, 0xf2, 0x0, 0x6, 0xff, 0xf3,
    0xcf, 0x81, 0x0, 0x0, 0x0, 0x0, 0x9, 0xff,
    0xff, 0xfb, 0x20, 0x19, 0xff, 0xf5, 0x5f, 0xff,
    0xf8, 0x10, 0x0, 0x0, 0x3, 0xff, 0xff, 0xd4,
    0x1, 0x7f, 0xff, 0xf5, 0x0, 0x19, 0xff, 0xfe,
    0x60, 0x0, 0x0, 0xef, 0xfe, 0x60, 0x9, 0xff,
    0xff, 0xc3, 0x0, 0x0, 0x2, 0xcf, 0xff, 0x90,
    0x0, 0x5, 0xf9, 0x10, 0x0, 0x2e, 0xfd, 0x60,
    0x0, 0x0, 0x0, 0x0, 0x6f, 0xe2, 0x0, 0x0,
    0x2, 0x0, 0x0, 0x0, 0x34, 0x0, 0x0, 0x0,
    0x0, 0x0, 0x0, 0x23, 0x0,

    /* U+9519 "错" */
    0x0, 0x0, 0x1, 0x0, 0x0, 0x0, 0x0, 0x0,
    0x44, 0x20, 0x0, 0x44, 0x30, 0x0, 0x0, 0x0,
    0x3, 0xfd, 0x40, 0x0, 0x0, 0x0, 0xf, 0xf8,
    0x0, 0xd, 0xfb, 0x0, 0x0, 0x0, 0x0, 0xaf,
    0xf3, 0x0, 0x0, 0x0, 0x0, 0xff, 0x80, 0x0,
    0xdf, 0xb0, 0x0, 0x0, 0x0, 0x1f, 0xfc, 0x0,
    0x0, 0x0, 0x0, 0xf, 0xf8, 0x0, 0xd, 0xfb,
    0x0, 0x0, 0x0, 0x9, 0xff, 0xec, 0xcc, 0xcc,
    0x6, 0x78, 0xff, 0xc7, 0x77, 0xef, 0xd7, 0x77,
    0x0, 0x3, 0xff, 0xff, 0xff, 0xff, 0xf0, 0xdf,
    0xff, 0xff, 0xff, 0xff, 0xff, 0xff, 0xf1, 0x1,
    0xdf, 0xfd, 0xdd, 0xdd, 0xdd, 0xd, 0xff, 0xff,
    0xff, 0xff, 0xff, 0xff, 0xff, 0x10, 0xcf, 0xf9,
    0x0, 0x0, 0x0, 0x0, 0x0, 0xf, 0xf8, 0x0,
    0xd, 0xfb, 0x0, 0x0, 0xb, 0xfd, 0x0, 0x0,
    0x0, 0x0, 0x0, 0x0, 0xff, 0x80, 0x0, 0xdf,
    0xb0, 0x0, 0x0, 0x3e, 0xa9, 0x99, 0x99, 0x99,
    0x60, 0x0, 0xf, 0xf8, 0x0, 0xd, 0xfb, 0x0,
    0x0, 0x0, 0x1d, 0xff, 0xff, 0xff, 0xfa, 0x49,
    0x99, 0xff, 0xd9, 0x99, 0xef, 0xe9, 0x99, 0x70,
    0x0, 0xce, 0xef, 0xff, 0xee, 0x97, 0xff, 0xff,
    0xff, 0xff, 0xff, 0xff, 0xff, 0xfc, 0x0, 0x0,
    0x4, 0xff, 0x50, 0x0, 0x7f, 0xff, 0xff, 0xff,
    0xff, 0xff, 0xff, 0xff, 0xc0, 0x0, 0x0, 0x4f,
    0xf5, 0x0, 0x0, 0x0, 0x0, 0x0, 0x0, 0x0,
    0x0, 0x0, 0x0, 0x0, 0x0, 0x4, 0xff, 0x50,
    0x0, 0x0, 0x0, 0x0, 0x0, 0x0, 0x0, 0x0,
    0x0, 0x0, 0x18, 0x88, 0xaf, 0xfb, 0x88, 0x82,
    0xb, 0xff, 0xff, 0xff, 0xff, 0xff, 0xfd, 0x0,
    0x3, 0xff, 0xff, 0xff, 0xff, 0xff, 0x40, 0xbf,
    0xff, 0xff, 0xff, 0xff, 0xff, 0xe0, 0x0, 0x3f,
    0xff, 0xff, 0xff, 0xff, 0xf4, 0xb, 0xfe, 0x66,
    0x66, 0x66, 0x6d, 0xfe, 0x0, 0x0, 0x0, 0x4,
    0xff, 0x50, 0x0, 0x0, 0xbf, 0xd0, 0x0, 0x0,
    0x0, 0xcf, 0xe0, 0x0, 0x0, 0x0, 0x4f, 0xf5,
    0x0, 0x0, 0xb, 0xfd, 0x0, 0x0, 0x0, 0xc,
    0xfe, 0x0, 0x0, 0x0, 0x4, 0xff, 0x50, 0x0,
    0x0, 0xbf, 0xff, 0xff, 0xff, 0xff, 0xff, 0xe0,
    0x0, 0x0, 0x0, 0x4f, 0xf5, 0x0, 0x0, 0xb,
    0xff, 0xff, 0xff, 0xff, 0xff, 0xfe, 0x0, 0x0,
    0x0, 0x4, 0xff, 0x50, 0x7a, 0x0, 0xbf, 0xe4,
    0x44, 0x44, 0x44, 0xdf, 0xe0, 0x0, 0x0, 0x0,
    0x4f, 0xfb, 0xef, 0xe0, 0xb, 0xfd, 0x0, 0x0,
    0x0, 0xc, 0xfe, 0x0, 0x0, 0x0, 0x8, 0xff,
    0xff, 0xfb, 0x0, 0xbf, 0xd0, 0x0, 0x0, 0x0,
    0xcf, 0xe0, 0x0, 0x0, 0x5, 0xff, 0xff, 0xb3,
    0x0, 0xb, 0xff, 0xff, 0xff, 0xff, 0xff, 0xfe,
    0x0, 0x0, 0x0, 0x4f, 0xfb, 0x30, 0x0, 0x0,
    0xbf, 0xff, 0xff, 0xff, 0xff, 0xff, 0xe0, 0x0,
    0x0, 0x0, 0x83, 0x0, 0x0, 0x0, 0xb, 0xfe,
    0x44, 0x44, 0x44, 0x4c, 0xec, 0x0,

    /* U+957F "长" */
    0x0, 0x0, 0x0, 0x23, 0x30, 0x0, 0x0, 0x0,
    0x0, 0x0, 0x0, 0x0, 0x0, 0x0, 0x0, 0x0,
    0x0, 0xb, 0xff, 0x20, 0x0, 0x0, 0x0, 0x0,
    0x0, 0x57, 0x10, 0x0, 0x0, 0x0, 0x0, 0x0,
    0xbf, 0xf2, 0x0, 0x0, 0x0, 0x0, 0x0, 0x5f,
    0xff, 0x50, 0x0, 0x0, 0x0, 0x0, 0xb, 0xff,
    0x20, 0x0, 0x0, 0x0, 0x0, 0x7f, 0xff, 0xb0,
    0x0, 0x0, 0x0, 0x0, 0x0, 0xbf, 0xf2, 0x0,
    0x0, 0x0, 0x1, 0xbf, 0xff, 0xb0, 0x0, 0x0,
    0x0, 0x0, 0x0, 0xb, 0xff, 0x20, 0x0, 0x0,
    0x5, 0xef, 0xff, 0x80, 0x0, 0x0, 0x0, 0x0,
    0x0, 0x0, 0xbf, 0xf2, 0x0, 0x0, 0x2b, 0xff,
    0xff, 0x50, 0x0, 0x0, 0x0, 0x0, 0x0, 0x0,
    0xb, 0xff, 0x20, 0x3, 0xaf, 0xff, 0xfc, 0x20,
    0x0, 0x0, 0x0, 0x0, 0x0, 0x0, 0x0, 0xbf,
    0xf2, 0xa, 0xff, 0xff, 0xf6, 0x0, 0x0, 0x0,
    0x0, 0x0, 0x0, 0x0, 0x0, 0xb, 0xff, 0x20,
    0x2e, 0xff, 0x91, 0x0, 0x0, 0x0, 0x0, 0x0,
    0x0, 0x0, 0x0, 0x0, 0xbf, 0xf2, 0x0, 0x2a,
    0x20, 0x0, 0x0, 0x0, 0x0, 0x0, 0x0, 0x0,
    0x0, 0x0, 0xb, 0xff, 0x20, 0x0, 0x0, 0x0,
    0x0, 0x0, 0x0, 0x0, 0x0, 0x0, 0x1c, 0xcc,
    0xcc, 0xff, 0xfc, 0xcc, 0xcc, 0xcc, 0xcc, 0xcc,
    0xcc, 0xcc, 0xcc, 0xc7, 0x2, 0xff, 0xff, 0xff,
    0xff, 0xff, 0xff, 0xff, 0xff, 0xff, 0xff, 0xff,
    0xff, 0xff, 0x90, 0x2f, 0xff, 0xff, 0xff, 0xff,
    0xff, 0xff, 0xff, 0xff, 0xff, 0xff, 0xff, 0xff,
    0xf9, 0x0, 0x0, 0x0, 0xc, 0xff, 0x30, 0x0,
    0x5f, 0xfa, 0x0, 0x0, 0x0, 0x0, 0x0, 0x0,
    0x0, 0x0, 0x0, 0xbf, 0xf2, 0x0, 0x0, 0xdf,
    0xf3, 0x0, 0x0, 0x0, 0x0, 0x0, 0x0, 0x0,
    0x0, 0xb, 0xff, 0x20, 0x0, 0x5, 0xff, 0xc0,
    0x0, 0x0, 0x0, 0x0, 0x0, 0x0, 0x0, 0x0,
    0xbf, 0xf2, 0x0, 0x0, 0xd, 0xff, 0x60, 0x0,
    0x0, 0x0, 0x0, 0x0, 0x0, 0x0, 0xb, 0xff,
    0x20, 0x0, 0x0, 0x4f, 0xff, 0x50, 0x0, 0x0,
    0x0, 0x0, 0x0, 0x0, 0x0, 0xbf, 0xf2, 0x0,
    0x0, 0x0, 0x7f, 0xff, 0x50, 0x0, 0x0, 0x0,
    0x0, 0x0, 0x0, 0xb, 0xff, 0x20, 0x0, 0x0,
    0x0, 0xbf, 0xff, 0x70, 0x0, 0x0, 0x0, 0x0,
    0x0, 0x0, 0xbf, 0xf2, 0x0, 0x0, 0x15, 0x0,
    0xdf, 0xff, 0xc2, 0x0, 0x0, 0x0, 0x0, 0x0,
    0xc, 0xff, 0x32, 0x69, 0xdf, 0xf0, 0x1, 0xbf,
    0xff, 0xf8, 0x20, 0x0, 0x0, 0x0, 0x0, 0xff,
    0xff, 0xff, 0xff, 0xff, 0x20, 0x0, 0x8f, 0xff,
    0xff, 0xc6, 0x0, 0x0, 0x0, 0x9f, 0xff, 0xff,
    0xff, 0xfb, 0x71, 0x0, 0x0, 0x4e, 0xff, 0xff,
    0xc0, 0x0, 0x0, 0xb, 0xff, 0xff, 0xc8, 0x30,
    0x0, 0x0, 0x0, 0x0, 0x5, 0xcf, 0xe1, 0x0,
    0x0, 0x0, 0x3f, 0xa5, 0x10, 0x0, 0x0, 0x0,
    0x0, 0x0, 0x0, 0x0, 0x44, 0x0, 0x0, 0x0,
    0x0, 0x10, 0x0, 0x0, 0x0, 0x0, 0x0, 0x0,
    0x0, 0x0, 0x0, 0x0, 0x0,

    /* U+95E8 "门" */
    0x0, 0x0, 0x0, 0x0, 0x0, 0x0, 0x0, 0x0,
    0x0, 0x0, 0x0, 0x0, 0x0, 0x0, 0x3d, 0xa0,
    0x0, 0x0, 0x0, 0x0, 0x0, 0x0, 0x0, 0x0,
    0x0, 0x0, 0x0, 0xdf, 0xf9, 0x0, 0xd, 0xff,
    0xff, 0xff, 0xff, 0xff, 0xff, 0xff, 0xfc, 0x0,
    0x1e, 0xff, 0x80, 0xd, 0xff, 0xff, 0xff, 0xff,
    0xff, 0xff, 0xff, 0xfc, 0x0, 0x2, 0xef, 0xf6,
    0x9, 0xaa, 0xaa, 0xaa, 0xaa, 0xaa, 0xaa, 0xbf,
    0xfc, 0x0, 0x0, 0x3f, 0xff, 0x20, 0x0, 0x0,
    0x0, 0x0, 0x0, 0x0, 0x1f, 0xfc, 0x17, 0x75,
    0x7, 0xe6, 0x0, 0x0, 0x0, 0x0, 0x0, 0x0,
    0x0, 0x1f, 0xfc, 0x2f, 0xfb, 0x0, 0x10, 0x0,
    0x0, 0x0, 0x0, 0x0, 0x0, 0x0, 0x1f, 0xfc,
    0x2f, 0xfb, 0x0, 0x0, 0x0, 0x0, 0x0, 0x0,
    0x0, 0x0, 0x0, 0x1f, 0xfc, 0x2f, 0xfb, 0x0,
    0x0, 0x0, 0x0, 0x0, 0x0, 0x0, 0x0, 0x0,
    0x1f, 0xfc, 0x2f, 0xfb, 0x0, 0x0, 0x0, 0x0,
    0x0, 0x0, 0x0, 0x0, 0x0, 0x1f, 0xfc, 0x2f,
    0xfb, 0x0, 0x0, 0x0, 0x0, 0x0, 0x0, 0x0,
    0x0, 0x0, 0x1f, 0xfc, 0x2f, 0xfb, 0x0, 0x0,
    0x0, 0x0, 0x0, 0x0, 0x0, 0x0, 0x0, 0x1f,
    0xfc, 0x2f, 0xfb, 0x0, 0x0, 0x0, 0x0, 0x0,
    0x0, 0x0, 0x0, 0x0, 0x1f, 0xfc, 0x2f, 0xfb,
    0x0, 0x0, 0x0, 0x0, 0x0, 0x0, 0x0, 0x0,
    0x0, 0x1f, 0xfc, 0x2f, 0xfb, 0x0, 0x0, 0x0,
    0x0, 0x0, 0x0, 0x0, 0x0, 0x0, 0x1f, 0xfc,
    0x2f, 0xfb, 0x0, 0x0, 0x0, 0x0, 0x0, 0x0,
    0x0, 0x0, 0x0, 0x1f, 0xfc, 0x2f, 0xfb, 0x0,
    0x0, 0x0, 0x0, 0x0, 0x0, 0x0, 0x0, 0x0,
    0x1f, 0xfc, 0x2f, 0xfb, 0x0, 0x0, 0x0, 0x0,
    0x0, 0x0, 0x0, 0x0, 0x0, 0x1f, 0xfc, 0x2f,
    0xfb, 0x0, 0x0, 0x0, 0x0, 0x0, 0x0, 0x0,
    0x0, 0x0, 0x1f, 0xfc, 0x2f, 0xfb, 0x0, 0x0,
    0x0, 0x0, 0x0, 0x0, 0x0, 0x0, 0x0, 0x1f,
    0xfc, 0x2f, 0xfb, 0x0, 0x0, 0x0, 0x0, 0x0,
    0x0, 0x0, 0x0, 0x0, 0x1f, 0xfc, 0x2f, 0xfb,
    0x0, 0x0, 0x0, 0x0, 0x0, 0x0, 0x0, 0x0,
    0x0, 0x1f, 0xfc, 0x2f, 0xfb, 0x0, 0x0, 0x0,
    0x0, 0x0, 0x0, 0x0, 0x0, 0x0, 0x1f, 0xfc,
    0x2f, 0xfb, 0x0, 0x0, 0x0, 0x0, 0x0, 0x0,
    0x0, 0x0, 0x0, 0x1f, 0xfc, 0x2f, 0xfb, 0x0,
    0x0, 0x0, 0x0, 0x0, 0x0, 0x4, 0xaa, 0xaa,
    0xcf, 0xfb, 0x2f, 0xfb, 0x0, 0x0, 0x0, 0x0,
    0x0, 0x0, 0x1, 0xff, 0xff, 0xff, 0xf7, 0x2f,
    0xfb, 0x0, 0x0, 0x0, 0x0, 0x0, 0x0, 0x0,
    0xbf, 0xff, 0xeb, 0x60, 0x0, 0x0, 0x0, 0x0,
    0x0, 0x0, 0x0, 0x0, 0x0, 0x0, 0x0, 0x0,
    0x0,

    /* U+95ED "闭" */
    0x0, 0x0, 0x0, 0x0, 0x0, 0x0, 0x0, 0x0,
    0x0, 0x0, 0x0, 0x0, 0x0, 0x2, 0xc7, 0x0,
    0x0, 0x0, 0x0, 0x0, 0x0, 0x0, 0x0, 0x0,
    0x0, 0x0, 0x1e, 0xff, 0x70, 0x0, 0x5b, 0xbb,
    0xbb, 0xbb, 0xbb, 0xbb, 0xbb, 0xbb, 0xb8, 0x4,
    0xff, 0xf6, 0x0, 0x7f, 0xff, 0xff, 0xff, 0xff,
    0xff, 0xff, 0xff, 0xfb, 0x0, 0x5f, 0xff, 0x30,
    0x7f, 0xff, 0xff, 0xff, 0xff, 0xff, 0xff, 0xff,
    0xfb, 0x0, 0x7, 0xff, 0x70, 0x0, 0x0, 0x0,
    0x0, 0x0, 0x0, 0x0, 0x1f, 0xfb, 0x0, 0x0,
    0x82, 0x0, 0x0, 0x0, 0x0, 0x26, 0x62, 0x0,
    0x0, 0x1f, 0xfb, 0xad, 0xd1, 0x0, 0x0, 0x0,
    0x0, 0x0, 0x7f, 0xf6, 0x0, 0x0, 0x1f, 0xfb,
    0xcf, 0xf1, 0x0, 0x0, 0x0, 0x0, 0x0, 0x7f,
    0xf6, 0x0, 0x0, 0x1f, 0xfb, 0xcf, 0xf1, 0x0,
    0x0, 0x0, 0x0, 0x0, 0x7f, 0xf6, 0x0, 0x0,
    0x1f, 0xfb, 0xcf, 0xf1, 0x9, 0x99, 0x99, 0x99,
    0x99, 0xcf, 0xfc, 0x99, 0x92, 0x1f, 0xfb, 0xcf,
    0xf1, 0xe, 0xff, 0xff, 0xff, 0xff, 0xff, 0xff,
    0xff, 0xf4, 0x1f, 0xfb, 0xcf, 0xf1, 0xe, 0xff,
    0xff, 0xff, 0xff, 0xff, 0xff, 0xff, 0xf4, 0x1f,
    0xfb, 0xcf, 0xf1, 0x0, 0x0, 0x0, 0x0, 0x8f,
    0xff, 0xf7, 0x0, 0x0, 0x1f, 0xfb, 0xcf, 0xf1,
    0x0, 0x0, 0x0, 0x3, 0xff, 0xff, 0xf6, 0x0,
    0x0, 0x1f, 0xfb, 0xcf, 0xf1, 0x0, 0x0, 0x0,
    0x2e, 0xff, 0xdf, 0xf6, 0x0, 0x0, 0x1f, 0xfb,
    0xcf, 0xf1, 0x0, 0x0, 0x2, 0xef, 0xf9, 0x7f,
    0xf6, 0x0, 0x0, 0x1f, 0xfb, 0xcf, 0xf1, 0x0,
    0x0, 0x3e, 0xff, 0xb0, 0x7f, 0xf6, 0x0, 0x0,
    0x1f, 0xfb, 0xcf, 0xf1, 0x0, 0x7, 0xff, 0xfb,
    0x0, 0x7f, 0xf6, 0x0, 0x0, 0x1f, 0xfb, 0xcf,
    0xf1, 0x1, 0xbf, 0xff, 0xa0, 0x0, 0x7f, 0xf6,
    0x0, 0x0, 0x1f, 0xfb, 0xcf, 0xf1, 0x7f, 0xff,
    0xf7, 0x0, 0x0, 0x7f, 0xf6, 0x0, 0x0, 0x1f,
    0xfb, 0xcf, 0xf1, 0xbf, 0xfe, 0x40, 0x0, 0x0,
    0x7f, 0xf6, 0x0, 0x0, 0x1f, 0xfb, 0xcf, 0xf1,
    0xc, 0x80, 0x0, 0x0, 0x0, 0x7f, 0xf6, 0x0,
    0x0, 0x1f, 0xfb, 0xcf, 0xf1, 0x0, 0x0, 0x0,
    0xac, 0xcc, 0xef, 0xf5, 0x0, 0x0, 0x1f, 0xfb,
    0xcf, 0xf1, 0x0, 0x0, 0x0, 0x7f, 0xff, 0xff,
    0xe1, 0x0, 0x0, 0x1f, 0xfb, 0xcf, 0xf1, 0x0,
    0x0, 0x0, 0x2f, 0xfe, 0xc9, 0x20, 0x7, 0x88,
    0xaf, 0xf9, 0xcf, 0xf1, 0x0, 0x0, 0x0, 0x0,
    0x0, 0x0, 0x0, 0x8, 0xff, 0xff, 0xf6, 0xcf,
    0xf1, 0x0, 0x0, 0x0, 0x0, 0x0, 0x0, 0x0,
    0x3, 0xff, 0xfc, 0x60, 0x0, 0x0, 0x0, 0x0,
    0x0, 0x0, 0x0, 0x0, 0x0, 0x0, 0x0, 0x0,
    0x0,

    /* U+95F4 "间" */
    0x2, 0xb6, 0x0, 0x0, 0x0, 0x0, 0x0, 0x0,
    0x0, 0x0, 0x0, 0x0, 0x0, 0x1e, 0xff, 0x60,
    0x0, 0x7b, 0xbb, 0xbb, 0xbb, 0xbb, 0xbb, 0xbb,
    0xbb, 0xb8, 0x3, 0xff, 0xf5, 0x0, 0x9f, 0xff,
    0xff, 0xff, 0xff, 0xff, 0xff, 0xff, 0xfb, 0x0,
    0x4f, 0xff, 0x20, 0x9f, 0xff, 0xff, 0xff, 0xff,
    0xff, 0xff, 0xff, 0xfb, 0x0, 0x7, 0xfd, 0x40,
    0x0, 0x0, 0x0, 0x0, 0x0, 0x0, 0x0, 0x3f,
    0xfb, 0x0, 0x0, 0x50, 0x0, 0x0, 0x0, 0x0,
    0x0, 0x0, 0x0, 0x0, 0x3f, 0xfb, 0xad, 0xd2,
    0x0, 0x0, 0x0, 0x0, 0x0, 0x0, 0x0, 0x0,
    0x0, 0x3f, 0xfb, 0xcf, 0xf2, 0x0, 0x0, 0x0,
    0x0, 0x0, 0x0, 0x0, 0x0, 0x0, 0x3f, 0xfb,
    0xcf, 0xf2, 0x0, 0xf, 0xff, 0xff, 0xff, 0xff,
    0xff, 0xa0, 0x0, 0x3f, 0xfb, 0xcf, 0xf2, 0x0,
    0xf, 0xff, 0xff, 0xff, 0xff, 0xff, 0xb0, 0x0,
    0x3f, 0xfb, 0xcf, 0xf2, 0x0, 0xf, 0xfa, 0x55,
    0x55, 0x55, 0xff, 0xb0, 0x0, 0x3f, 0xfb, 0xcf,
    0xf2, 0x0, 0xf, 0xf7, 0x0, 0x0, 0x0, 0xef,
    0xb0, 0x0, 0x3f, 0xfb, 0xcf, 0xf2, 0x0, 0xf,
    0xf7, 0x0, 0x0, 0x0, 0xef, 0xb0, 0x0, 0x3f,
    0xfb, 0xcf, 0xf2, 0x0, 0xf, 0xf7, 0x0, 0x0,
    0x0, 0xef, 0xb0, 0x0, 0x3f, 0xfb, 0xcf, 0xf2,
    0x0, 0xf, 0xff, 0xff, 0xff, 0xff, 0xff, 0xb0,
    0x0, 0x3f, 0xfb, 0xcf, 0xf2, 0x0, 0xf, 0xff,
    0xff, 0xff, 0xff, 0xff, 0xb0, 0x0, 0x3f, 0xfb,
    0xcf, 0xf2, 0x0, 0xf, 0xfa, 0x55, 0x55, 0x55,
    0xff, 0xb0, 0x0, 0x3f, 0xfb, 0xcf, 0xf2, 0x0,
    0xf, 0xf7, 0x0, 0x0, 0x0, 0xef, 0xb0, 0x0,
    0x3f, 0xfb, 0xcf, 0xf2, 0x0, 0xf, 0xf7, 0x0,
    0x0, 0x0, 0xef, 0xb0, 0x0, 0x3f, 0xfb, 0xcf,
    0xf2, 0x0, 0xf, 0xf8, 0x11, 0x11, 0x11, 0xef,
    0xb0, 0x0, 0x3f, 0xfb, 0xcf, 0xf2, 0x0, 0xf,
    0xff, 0xff, 0xff, 0xff, 0xff, 0xb0, 0x0, 0x3f,
    0xfb, 0xcf, 0xf2, 0x0, 0xf, 0xff, 0xff, 0xff,
    0xff, 0xff, 0xb0, 0x0, 0x3f, 0xfb, 0xcf, 0xf2,
    0x0, 0x2, 0x22, 0x22, 0x22, 0x22, 0x22, 0x20,
    0x0, 0x3f, 0xfb, 0xcf, 0xf2, 0x0, 0x0, 0x0,
    0x0, 0x0, 0x0, 0x0, 0x0, 0x0, 0x3f, 0xfb,
    0xcf, 0xf2, 0x0, 0x0, 0x0, 0x0, 0x0, 0x0,
    0x0, 0x4, 0x88, 0xbf, 0xfa, 0xcf, 0xf2, 0x0,
    0x0, 0x0, 0x0, 0x0, 0x0, 0x0, 0x2, 0xff,
    0xff, 0xf6, 0xcf, 0xf2, 0x0, 0x0, 0x0, 0x0,
    0x0, 0x0, 0x0, 0x0, 0xcf, 0xec, 0x70,

    /* U+9600 "阀" */
    0x2, 0xb6, 0x0, 0x0, 0x0, 0x0, 0x0, 0x0,
    0x0, 0x0, 0x0, 0x0, 0x0, 0xe, 0xff, 0x50,
    0x0, 0x6f, 0xff, 0xff, 0xff, 0xff, 0xff, 0xff,
    0xff, 0xfb, 0x3, 0xff, 0xf4, 0x0, 0x6f, 0xff,
    0xff, 0xff, 0xff, 0xff, 0xff, 0xff, 0xfb, 0x0,
    0x3f, 0xff, 0x30, 0x49, 0x99, 0x99, 0x99, 0x99,
    0x99, 0x99, 0xaf, 0xfb, 0x0, 0x5, 0xf9, 0x10,
    0x0, 0x0, 0x0, 0x0, 0x0, 0x0, 0x0, 0x1f,
    0xfb, 0x0, 0x0, 0x10, 0x0, 0x83, 0x0, 0x35,
    0x40, 0x38, 0x0, 0x0, 0x1f, 0xfb, 0xad, 0xd1,
    0x0, 0x6, 0xff, 0x0, 0x9f, 0xd2, 0xff, 0xa0,
    0x0, 0x1f, 0xfb, 0xcf, 0xf1, 0x0, 0xd, 0xf9,
    0x0, 0x8f, 0xe0, 0x6f, 0xfa, 0x0, 0x1f, 0xfb,
    0xcf, 0xf1, 0x0, 0x4f, 0xf2, 0x0, 0x7f, 0xf0,
    0x7, 0xfc, 0x10, 0x1f, 0xfb, 0xcf, 0xf1, 0x0,
    0xbf, 0xc0, 0x0, 0x6f, 0xf1, 0x0, 0x64, 0x51,
    0x1f, 0xfb, 0xcf, 0xf1, 0x3, 0xff, 0x80, 0x13,
    0x9f, 0xfb, 0xdf, 0xff, 0xf4, 0x1f, 0xfb, 0xcf,
    0xf1, 0xd, 0xff, 0x87, 0xff, 0xff, 0xff, 0xff,
    0xff, 0xf5, 0x1f, 0xfb, 0xcf, 0xf1, 0x8f, 0xff,
    0x85, 0xff, 0xff, 0xfe, 0xb9, 0x74, 0x20, 0x1f,
    0xfb, 0xcf, 0xf6, 0xff, 0xff, 0x82, 0x86, 0x4f,
    0xf8, 0x0, 0x17, 0x20, 0x1f, 0xfb, 0xcf, 0xf9,
    0xff, 0xff, 0x80, 0x0, 0xd, 0xfc, 0x0, 0x9f,
    0xf3, 0x1f, 0xfb, 0xcf, 0xf1, 0xe5, 0xef, 0x80,
    0x0, 0xa, 0xff, 0x3, 0xff, 0xa0, 0x1f, 0xfb,
    0xcf, 0xf1, 0x20, 0xef, 0x80, 0x0, 0x7, 0xff,
    0x4e, 0xff, 0x10, 0x1f, 0xfb, 0xcf, 0xf1, 0x0,
    0xef, 0x80, 0x0, 0x3, 0xff, 0xff, 0xf5, 0x0,
    0x1f, 0xfb, 0xcf, 0xf1, 0x0, 0xef, 0x80, 0x0,
    0x0, 0xef, 0xff, 0x70, 0x0, 0x1f, 0xfb, 0xcf,
    0xf1, 0x0, 0xef, 0x80, 0x0, 0x3, 0xef, 0xfa,
    0x0, 0x0, 0x1f, 0xfb, 0xcf, 0xf1, 0x0, 0xef,
    0x80, 0x0, 0x6f, 0xff, 0xfb, 0x0, 0x94, 0x1f,
    0xfb, 0xcf, 0xf1, 0x0, 0xef, 0x80, 0x3c, 0xff,
    0xfe, 0xff, 0x93, 0xed, 0x1f, 0xfb, 0xcf, 0xf1,
    0x0, 0xef, 0x86, 0xff, 0xfc, 0x31, 0xef, 0xff,
    0xfa, 0x1f, 0xfb, 0xcf, 0xf1, 0x0, 0xef, 0x80,
    0xce, 0x60, 0x0, 0x2d, 0xff, 0xf2, 0x1f, 0xfb,
    0xcf, 0xf1, 0x0, 0xef, 0x80, 0x11, 0x0, 0x0,
    0x0, 0x36, 0xb9, 0xaf, 0xfa, 0xcf, 0xf1, 0x0,
    0x55, 0x20, 0x0, 0x0, 0x0, 0x0, 0x0, 0xdf,
    0xff, 0xf6, 0xcf, 0xf1, 0x0, 0x0, 0x0, 0x0,
    0x0, 0x0, 0x0, 0x0, 0x9f, 0xfc, 0x70, 0x0,
    0x0, 0x0, 0x0, 0x0, 0x0, 0x0, 0x0, 0x0,
    0x0, 0x0, 0x0, 0x0,

    /* U+9632 "防" */
    0x0, 0x0, 0x0, 0x0, 0x0, 0x0, 0x0, 0x0,
    0x15, 0x50, 0x0, 0x0, 0x0, 0x2, 0x33, 0x33,
    0x33, 0x42, 0x0, 0x0, 0x0, 0xc, 0xfe, 0x0,
    0x0, 0x0, 0x0, 0xaf, 0xff, 0xff, 0xff, 0xf8,
    0x0, 0x0, 0x0, 0x7f, 0xf5, 0x0, 0x0, 0x0,
    0xa, 0xff, 0xff, 0xff, 0xff, 0xb0, 0x0, 0x0,
    0x3, 0xff, 0xa0, 0x0, 0x0, 0x0, 0xaf, 0xf4,
    0x44, 0x9f, 0xf5, 0x0, 0x0, 0x0, 0xe, 0xfc,
    0x0, 0x0, 0x0, 0xa, 0xff, 0x0, 0xb, 0xff,
    0x79, 0x99, 0x99, 0x99, 0xec, 0xa9, 0x99, 0x99,
    0x96, 0xaf, 0xf0, 0x0, 0xff, 0xa9, 0xff, 0xff,
    0xff, 0xff, 0xff, 0xff, 0xff, 0xff, 0xaa, 0xff,
    0x0, 0x4f, 0xf5, 0x9f, 0xff, 0xff, 0xff, 0xff,
    0xff, 0xff, 0xff, 0xfa, 0xaf, 0xf0, 0x9, 0xfe,
    0x0, 0x0, 0x3, 0xff, 0xa0, 0x0, 0x0, 0x0,
    0x0, 0xa, 0xff, 0x0, 0xef, 0x90, 0x0, 0x0,
    0x3f, 0xf9, 0x0, 0x0, 0x0, 0x0, 0x0, 0xaf,
    0xf0, 0x3f, 0xf3, 0x0, 0x0, 0x4, 0xff, 0x80,
    0x0, 0x0, 0x0, 0x0, 0xa, 0xff, 0x7, 0xff,
    0x30, 0x0, 0x0, 0x5f, 0xf8, 0x0, 0x0, 0x0,
    0x0, 0x0, 0xaf, 0xf0, 0xc, 0xfd, 0x0, 0x0,
    0x6, 0xff, 0xc9, 0x99, 0x99, 0x99, 0x80, 0xa,
    0xff, 0x0, 0x2f, 0xf8, 0x0, 0x0, 0x6f, 0xff,
    0xff, 0xff, 0xff, 0xfe, 0x0, 0xaf, 0xf0, 0x0,
    0xaf, 0xf0, 0x0, 0x8, 0xff, 0xff, 0xff, 0xff,
    0xff, 0xd0, 0xa, 0xff, 0x0, 0x5, 0xff, 0x40,
    0x0, 0xbf, 0xf2, 0x0, 0x0, 0xf, 0xfd, 0x0,
    0xaf, 0xf0, 0x0, 0x1f, 0xf7, 0x0, 0xe, 0xfe,
    0x0, 0x0, 0x0, 0xff, 0xc0, 0xa, 0xff, 0x0,
    0x0, 0xff, 0x80, 0x2, 0xff, 0xb0, 0x0, 0x0,
    0xf, 0xfb, 0x0, 0xaf, 0xf0, 0x0, 0x3f, 0xf7,
    0x0, 0x6f, 0xf8, 0x0, 0x0, 0x1, 0xff, 0xb0,
    0xa, 0xff, 0x17, 0x7d, 0xff, 0x50, 0xc, 0xff,
    0x30, 0x0, 0x0, 0x2f, 0xfa, 0x0, 0xaf, 0xf0,
    0xdf, 0xff, 0xd0, 0x3, 0xff, 0xc0, 0x0, 0x0,
    0x3, 0xff, 0x90, 0xa, 0xff, 0xa, 0xff, 0xb2,
    0x0, 0xcf, 0xf6, 0x0, 0x0, 0x0, 0x5f, 0xf8,
    0x0, 0xaf, 0xf0, 0x1, 0x0, 0x0, 0x8f, 0xfe,
    0x0, 0x0, 0x0, 0x7, 0xff, 0x60, 0xa, 0xff,
    0x0, 0x0, 0x0, 0x7f, 0xff, 0x50, 0x0, 0x0,
    0x0, 0x9f, 0xf5, 0x0, 0xaf, 0xf0, 0x0, 0x0,
    0x8f, 0xff, 0x90, 0x0, 0x0, 0x0, 0xe, 0xff,
    0x20, 0xa, 0xff, 0x0, 0x3, 0xdf, 0xff, 0xa0,
    0x0, 0x5, 0xcb, 0xbe, 0xff, 0xf0, 0x0, 0xaf,
    0xf0, 0x0, 0x1c, 0xff, 0x80, 0x0, 0x0, 0xf,
    0xff, 0xff, 0xf8, 0x0, 0xa, 0xff, 0x0, 0x0,
    0x1b, 0x30, 0x0, 0x0, 0x0, 0xcf, 0xff, 0xd8,
    0x0, 0x0, 0x0, 0x0, 0x0, 0x0, 0x0, 0x0,
    0x0, 0x0, 0x0, 0x0, 0x0, 0x0, 0x0, 0x0,

    /* U+9644 "附" */
    0x0, 0x0, 0x0, 0x0, 0x0, 0x0, 0x2, 0x0,
    0x0, 0x0, 0x0, 0x0, 0x0, 0x0, 0x0, 0x0,
    0x0, 0x0, 0x0, 0x0, 0xd, 0xfa, 0x0, 0x0,
    0x0, 0xdd, 0x80, 0x0, 0x8f, 0xff, 0xff, 0xff,
    0x70, 0x0, 0x3f, 0xf8, 0x0, 0x0, 0x0, 0xff,
    0xa0, 0x0, 0x8f, 0xff, 0xff, 0xff, 0xe0, 0x0,
    0x8f, 0xf2, 0x0, 0x0, 0x0, 0xff, 0xa0, 0x0,
    0x8f, 0xf8, 0x89, 0xff, 0x90, 0x0, 0xef, 0xc0,
    0x0, 0x0, 0x0, 0xff, 0xa0, 0x0, 0x8f, 0xe0,
    0x4, 0xff, 0x50, 0x6, 0xff, 0x50, 0x0, 0x0,
    0x0, 0xff, 0xa0, 0x0, 0x8f, 0xe0, 0x9, 0xff,
    0x0, 0xd, 0xfe, 0x0, 0x0, 0x0, 0x0, 0xff,
    0xa0, 0x0, 0x8f, 0xe0, 0xd, 0xfb, 0x0, 0x5f,
    0xfa, 0x9, 0x99, 0x99, 0x99, 0xff, 0xd9, 0x91,
    0x8f, 0xe0, 0x2f, 0xf5, 0x0, 0xef, 0xf9, 0xf,
    0xff, 0xff, 0xff, 0xff, 0xff, 0xf1, 0x8f, 0xe0,
    0x7f, 0xf0, 0x8, 0xff, 0xf9, 0xf, 0xff, 0xff,
    0xff, 0xff, 0xff, 0xf1, 0x8f, 0xe0, 0xcf, 0xb0,
    0x4f, 0xff, 0xf9, 0x0, 0x0, 0x0, 0x1, 0xff,
    0xa0, 0x0, 0x8f, 0xe0, 0xdf, 0xc1, 0xef, 0xff,
    0xf9, 0x0, 0x0, 0x0, 0x0, 0xff, 0xa0, 0x0,
    0x8f, 0xe0, 0x4f, 0xf6, 0xcf, 0xae, 0xf9, 0x0,
    0x2, 0x0, 0x0, 0xff, 0xa0, 0x0, 0x8f, 0xe0,
    0xa, 0xfe, 0x2d, 0xe, 0xf9, 0x5, 0xee, 0x0,
    0x0, 0xff, 0xa0, 0x0, 0x8f, 0xe0, 0x4, 0xff,
    0x40, 0xe, 0xf9, 0x4, 0xff, 0x60, 0x0, 0xff,
    0xa0, 0x0, 0x8f, 0xe0, 0x0, 0xff, 0x80, 0xe,
    0xf9, 0x0, 0xdf, 0xd0, 0x0, 0xff, 0xa0, 0x0,
    0x8f, 0xe0, 0x0, 0xdf, 0xa0, 0xe, 0xf9, 0x0,
    0x5f, 0xf5, 0x0, 0xff, 0xa0, 0x0, 0x8f, 0xe0,
    0x0, 0xcf, 0xb0, 0xe, 0xf9, 0x0, 0xe, 0xfc,
    0x0, 0xff, 0xa0, 0x0, 0x8f, 0xe0, 0x0, 0xef,
    0xa0, 0xe, 0xf9, 0x0, 0x8, 0xff, 0x30, 0xff,
    0xa0, 0x0, 0x8f, 0xe2, 0x48, 0xff, 0x80, 0xe,
    0xf9, 0x0, 0x2, 0xfd, 0x30, 0xff, 0xa0, 0x0,
    0x8f, 0xe5, 0xff, 0xff, 0x40, 0xe, 0xf9, 0x0,
    0x0, 0x30, 0x0, 0xff, 0xa0, 0x0, 0x8f, 0xe1,
    0xff, 0xd6, 0x0, 0xe, 0xf9, 0x0, 0x0, 0x0,
    0x0, 0xff, 0xa0, 0x0, 0x8f, 0xe0, 0x11, 0x0,
    0x0, 0xe, 0xf9, 0x0, 0x0, 0x0, 0x0, 0xff,
    0xa0, 0x0, 0x8f, 0xe0, 0x0, 0x0, 0x0, 0xe,
    0xf9, 0x0, 0x0, 0x0, 0x0, 0xff, 0xa0, 0x0,
    0x8f, 0xe0, 0x0, 0x0, 0x0, 0xe, 0xf9, 0x0,
    0x0, 0x0, 0x1, 0xff, 0xa0, 0x0, 0x8f, 0xe0,
    0x0, 0x0, 0x0, 0xe, 0xf9, 0x0, 0x0, 0xac,
    0xcd, 0xff, 0x90, 0x0, 0x8f, 0xe0, 0x0, 0x0,
    0x0, 0xe, 0xf9, 0x0, 0x0, 0x7f, 0xff, 0xff,
    0x40, 0x0, 0x8f, 0xe0, 0x0, 0x0, 0x0, 0xd,
    0xe8, 0x0, 0x0, 0x3f, 0xfe, 0xa4, 0x0, 0x0,
    0x0, 0x0, 0x0, 0x0, 0x0, 0x0, 0x0, 0x0,
    0x0, 0x0, 0x0, 0x0, 0x0, 0x0,

    /* U+9664 "除" */
    0x0, 0x0, 0x0, 0x0, 0x0, 0x0, 0x0, 0x0,
    0x3, 0x30, 0x0, 0x0, 0x0, 0x0, 0x0, 0x0,
    0x0, 0x0, 0x0, 0x0, 0x0, 0x0, 0x1e, 0xfc,
    0x0, 0x0, 0x0, 0x0, 0xef, 0xff, 0xff, 0xfe,
    0x60, 0x0, 0x0, 0x0, 0xbf, 0xf9, 0x0, 0x0,
    0x0, 0x0, 0xef, 0xff, 0xff, 0xff, 0xc0, 0x0,
    0x0, 0x7, 0xff, 0xff, 0x50, 0x0, 0x0, 0x0,
    0xef, 0xc8, 0x8a, 0xff, 0x70, 0x0, 0x0, 0x7f,
    0xfe, 0xef, 0xf5, 0x0, 0x0, 0x0, 0xef, 0x90,
    0x7, 0xff, 0x10, 0x0, 0x7, 0xff, 0xf3, 0x2e,
    0xff, 0x70, 0x0, 0x0, 0xef, 0x90, 0xc, 0xfb,
    0x0, 0x0, 0xaf, 0xff, 0x40, 0x3, 0xff, 0xfa,
    0x10, 0x0, 0xef, 0x90, 0x1f, 0xf5, 0x0, 0x2c,
    0xff, 0xf4, 0x0, 0x0, 0x3e, 0xff, 0xe4, 0x0,
    0xef, 0x90, 0x6f, 0xe0, 0x8, 0xff, 0xfe, 0x30,
    0x0, 0x0, 0x2, 0xdf, 0xff, 0xb2, 0xef, 0x90,
    0xbf, 0x90, 0x8f, 0xff, 0xe4, 0x22, 0x22, 0x22,
    0x22, 0x3c, 0xff, 0xc1, 0xef, 0x91, 0xff, 0x30,
    0x9, 0xf8, 0xff, 0xff, 0xff, 0xff, 0xff, 0xfe,
    0x5d, 0x10, 0xef, 0x90, 0xdf, 0xa0, 0x0, 0x11,
    0xff, 0xff, 0xff, 0xff, 0xff, 0xfe, 0x0, 0x0,
    0xef, 0x90, 0x2f, 0xf5, 0x0, 0x0, 0x44, 0x44,
    0x6f, 0xfb, 0x44, 0x44, 0x0, 0x0, 0xef, 0x90,
    0xa, 0xfd, 0x0, 0x0, 0x0, 0x0, 0x1f, 0xf9,
    0x0, 0x0, 0x0, 0x0, 0xef, 0x90, 0x3, 0xff,
    0x30, 0x0, 0x0, 0x0, 0x1f, 0xf9, 0x0, 0x0,
    0x0, 0x0, 0xef, 0x90, 0x0, 0xff, 0x77, 0x88,
    0x88, 0x88, 0x9f, 0xfd, 0x88, 0x88, 0x88, 0x60,
    0xef, 0x90, 0x0, 0xef, 0x9d, 0xff, 0xff, 0xff,
    0xff, 0xff, 0xff, 0xff, 0xff, 0xb0, 0xef, 0x90,
    0x0, 0xef, 0x9d, 0xff, 0xff, 0xff, 0xff, 0xff,
    0xff, 0xff, 0xff, 0xb0, 0xef, 0x90, 0x5, 0xff,
    0x70, 0x0, 0x0, 0x0, 0x2f, 0xfa, 0x0, 0x0,
    0x0, 0x0, 0xef, 0x9b, 0xff, 0xff, 0x30, 0x1,
    0x73, 0x0, 0x1f, 0xf9, 0x1, 0x85, 0x0, 0x0,
    0xef, 0x96, 0xff, 0xf9, 0x0, 0xa, 0xff, 0x30,
    0x1f, 0xf9, 0xc, 0xff, 0x30, 0x0, 0xef, 0x92,
    0x76, 0x20, 0x0, 0x4f, 0xfa, 0x0, 0x1f, 0xf9,
    0x2, 0xef, 0xe1, 0x0, 0xef, 0x90, 0x0, 0x0,
    0x1, 0xef, 0xf1, 0x0, 0x1f, 0xf9, 0x0, 0x4f,
    0xfc, 0x0, 0xef, 0x90, 0x0, 0x0, 0x1d, 0xff,
    0x60, 0x0, 0x1f, 0xf9, 0x0, 0x8, 0xff, 0x70,
    0xef, 0x90, 0x0, 0x0, 0xcf, 0xfa, 0x0, 0x0,
    0x1f, 0xf9, 0x0, 0x0, 0xdf, 0xf1, 0xef, 0x90,
    0x0, 0x0, 0x3d, 0xc0, 0x8, 0x88, 0xaf, 0xf8,
    0x0, 0x0, 0x4c, 0x40, 0xef, 0x90, 0x0, 0x0,
    0x0, 0x0, 0xa, 0xff, 0xff, 0xf5, 0x0, 0x0,
    0x0, 0x0, 0xef, 0x90, 0x0, 0x0, 0x0, 0x0,
    0x4, 0xff, 0xfc, 0x60, 0x0, 0x0, 0x0, 0x0,
    0x0, 0x0, 0x0, 0x0, 0x0, 0x0, 0x0, 0x0,
    0x0, 0x0, 0x0, 0x0, 0x0, 0x0,

    /* U+969C "障" */
    0x0, 0x0, 0x0, 0x0, 0x0, 0x0, 0x0, 0x0,
    0x1, 0x52, 0x0, 0x0, 0x0, 0x0, 0x1, 0x11,
    0x11, 0x11, 0x10, 0x0, 0x0, 0x0, 0x2f, 0xf9,
    0x0, 0x0, 0x0, 0x0, 0xf, 0xff, 0xff, 0xff,
    0xf9, 0x10, 0x0, 0x0, 0x1e, 0xfe, 0x10, 0x0,
    0x0, 0x0, 0xf, 0xff, 0xff, 0xff, 0xff, 0x2f,
    0xff, 0xff, 0xff, 0xff, 0xff, 0xff, 0xff, 0x90,
    0xf, 0xfb, 0x66, 0x7f, 0xfa, 0xf, 0xff, 0xff,
    0xff, 0xff, 0xff, 0xff, 0xff, 0x90, 0xf, 0xf7,
    0x0, 0x5f, 0xf4, 0x2, 0x26, 0xdf, 0x42, 0x22,
    0x2b, 0xc9, 0x32, 0x10, 0xf, 0xf7, 0x0, 0xaf,
    0xe0, 0x0, 0x3, 0xff, 0x70, 0x0, 0x1f, 0xfc,
    0x0, 0x0, 0xf, 0xf7, 0x0, 0xff, 0x81, 0x44,
    0x44, 0xff, 0xb4, 0x44, 0x9f, 0xf8, 0x44, 0x43,
    0xf, 0xf7, 0x5, 0xff, 0x24, 0xff, 0xff, 0xff,
    0xff, 0xff, 0xff, 0xff, 0xff, 0xfa, 0xf, 0xf7,
    0xb, 0xfb, 0x4, 0xff, 0xff, 0xff, 0xff, 0xff,
    0xff, 0xff, 0xff, 0xfa, 0xf, 0xf7, 0x1f, 0xf7,
    0x0, 0x0, 0x0, 0x0, 0x0, 0x0, 0x0, 0x0,
    0x0, 0x0, 0xf, 0xf7, 0xb, 0xfe, 0x10, 0x3,
    0xcc, 0xcc, 0xcc, 0xcc, 0xcc, 0xcc, 0xc9, 0x0,
    0xf, 0xf7, 0x1, 0xef, 0xa0, 0x4, 0xff, 0xff,
    0xff, 0xff, 0xff, 0xff, 0xfb, 0x0, 0xf, 0xf7,
    0x0, 0x6f, 0xf2, 0x4, 0xff, 0x50, 0x0, 0x0,
    0x0, 0xf, 0xfb, 0x0, 0xf, 0xf7, 0x0, 0xf,
    0xf8, 0x4, 0xff, 0x50, 0x0, 0x0, 0x0, 0xf,
    0xfb, 0x0, 0xf, 0xf7, 0x0, 0xb, 0xfc, 0x4,
    0xff, 0xff, 0xff, 0xff, 0xff, 0xff, 0xfb, 0x0,
    0xf, 0xf7, 0x0, 0x9, 0xfd, 0x4, 0xff, 0xb9,
    0x99, 0x99, 0x99, 0x9f, 0xfb, 0x0, 0xf, 0xf7,
    0x0, 0xb, 0xfd, 0x4, 0xff, 0x50, 0x0, 0x0,
    0x0, 0xf, 0xfb, 0x0, 0xf, 0xf7, 0x10, 0x4f,
    0xfb, 0x4, 0xff, 0xdc, 0xcc, 0xcc, 0xcc, 0xcf,
    0xfb, 0x0, 0xf, 0xf7, 0x9f, 0xff, 0xf7, 0x4,
    0xff, 0xff, 0xff, 0xff, 0xff, 0xff, 0xfb, 0x0,
    0xf, 0xf7, 0x4f, 0xff, 0xb0, 0x0, 0x0, 0x0,
    0x8, 0xff, 0x40, 0x0, 0x0, 0x0, 0xf, 0xf7,
    0x16, 0x62, 0x0, 0x0, 0x0, 0x0, 0x8, 0xff,
    0x40, 0x0, 0x0, 0x0, 0xf, 0xf7, 0x0, 0x0,
    0x3, 0xff, 0xff, 0xff, 0xff, 0xff, 0xff, 0xff,
    0xff, 0xfc, 0xf, 0xf7, 0x0, 0x0, 0x3, 0xff,
    0xff, 0xff, 0xff, 0xff, 0xff, 0xff, 0xff, 0xfc,
    0xf, 0xf7, 0x0, 0x0, 0x1, 0x55, 0x55, 0x55,
    0x5b, 0xff, 0x85, 0x55, 0x55, 0x54, 0xf, 0xf7,
    0x0, 0x0, 0x0, 0x0, 0x0, 0x0, 0x8, 0xff,
    0x40, 0x0, 0x0, 0x0, 0xf, 0xf7, 0x0, 0x0,
    0x0, 0x0, 0x0, 0x0, 0x8, 0xff, 0x40, 0x0,
    0x0, 0x0, 0xf, 0xf7, 0x0, 0x0, 0x0, 0x0,
    0x0, 0x0, 0x8, 0xff, 0x40, 0x0, 0x0, 0x0,

    /* U+9700 "需" */
    0x0, 0x3, 0x33, 0x33, 0x33, 0x33, 0x33, 0x33,
    0x33, 0x33, 0x33, 0x33, 0x30, 0x0, 0x0, 0x1f,
    0xff, 0xff, 0xff, 0xff, 0xff, 0xff, 0xff, 0xff,
    0xff, 0xff, 0xf0, 0x0, 0x0, 0x1f, 0xff, 0xff,
    0xff, 0xff, 0xff, 0xff, 0xff, 0xff, 0xff, 0xff,
    0xf0, 0x0, 0x0, 0x0, 0x0, 0x0, 0x0, 0x0,
    0x6f, 0xf4, 0x0, 0x0, 0x0, 0x0, 0x0, 0x0,
    0xb, 0xcc, 0xcc, 0xcc, 0xcc, 0xcc, 0xdf, 0xfd,
    0xcc, 0xcc, 0xcc, 0xcc, 0xcc, 0xc0, 0xe, 0xff,
    0xff, 0xff, 0xff, 0xff, 0xff, 0xff, 0xff, 0xff,
    0xff, 0xff, 0xff, 0xf0, 0xe, 0xfb, 0x33, 0x33,
    0x33, 0x33, 0x8f, 0xf7, 0x33, 0x33, 0x33, 0x33,
    0xbf, 0xf0, 0xe, 0xf9, 0x0, 0x0, 0x0, 0x0,
    0x6f, 0xf4, 0x0, 0x0, 0x0, 0x0, 0xaf, 0xf0,
    0xe, 0xf9, 0x1f, 0xff, 0xff, 0xf3, 0x6f, 0xf4,
    0x6f, 0xff, 0xff, 0xf0, 0xaf, 0xf0, 0xe, 0xf9,
    0x1b, 0xbb, 0xbb, 0xb2, 0x6f, 0xf4, 0x4b, 0xbb,
    0xbb, 0xb0, 0xaf, 0xf0, 0x1, 0x10, 0x0, 0x0,
    0x0, 0x0, 0x6f, 0xf4, 0x0, 0x0, 0x0, 0x0,
    0x1, 0x10, 0x0, 0x0, 0xbf, 0xff, 0xff, 0xf3,
    0x6f, 0xf4, 0x6f, 0xff, 0xff, 0xfc, 0x0, 0x0,
    0x0, 0x0, 0x8b, 0xbb, 0xbb, 0xb2, 0x6f, 0xf4,
    0x4b, 0xbb, 0xbb, 0xb9, 0x0, 0x0, 0x0, 0x0,
    0x0, 0x0, 0x0, 0x0, 0x14, 0x41, 0x0, 0x0,
    0x0, 0x0, 0x0, 0x0, 0x2f, 0xff, 0xff, 0xff,
    0xff, 0xff, 0xff, 0xff, 0xff, 0xff, 0xff, 0xff,
    0xff, 0xf4, 0x2f, 0xff, 0xff, 0xff, 0xff, 0xff,
    0xff, 0xff, 0xff, 0xff, 0xff, 0xff, 0xff, 0xf4,
    0x4, 0x44, 0x44, 0x44, 0x44, 0x44, 0xdf, 0xf5,
    0x44, 0x44, 0x44, 0x44, 0x44, 0x41, 0x0, 0x0,
    0x0, 0x0, 0x0, 0x0, 0xff, 0xc0, 0x0, 0x0,
    0x0, 0x0, 0x0, 0x0, 0x0, 0xd, 0xee, 0xee,
    0xee, 0xef, 0xff, 0xfe, 0xee, 0xee, 0xee, 0xee,
    0xe9, 0x0, 0x0, 0xe, 0xff, 0xff, 0xff, 0xff,
    0xff, 0xff, 0xff, 0xff, 0xff, 0xff, 0xf9, 0x0,
    0x0, 0xe, 0xfd, 0x55, 0x59, 0xff, 0x75, 0x55,
    0xef, 0xd5, 0x55, 0x6f, 0xf9, 0x0, 0x0, 0xe,
    0xfc, 0x0, 0x5, 0xff, 0x30, 0x0, 0xcf, 0xc0,
    0x0, 0x1f, 0xf9, 0x0, 0x0, 0xe, 0xfc, 0x0,
    0x5, 0xff, 0x30, 0x0, 0xcf, 0xc0, 0x0, 0x1f,
    0xf9, 0x0, 0x0, 0xe, 0xfc, 0x0, 0x5, 0xff,
    0x30, 0x0, 0xcf, 0xc0, 0x0, 0x1f, 0xf9, 0x0,
    0x0, 0xe, 0xfc, 0x0, 0x5, 0xff, 0x30, 0x0,
    0xcf, 0xc0, 0x44, 0x6f, 0xf9, 0x0, 0x0, 0xe,
    0xfc, 0x0, 0x5, 0xff, 0x30, 0x0, 0xcf, 0xc0,
    0xaf, 0xff, 0xf7, 0x0, 0x0, 0xe, 0xfc, 0x0,
    0x4, 0xdd, 0x30, 0x0, 0xad, 0xa0, 0x4f, 0xfd,
    0x90, 0x0, 0x0, 0x0, 0x0, 0x0, 0x0, 0x0,
    0x0, 0x0, 0x0, 0x0, 0x0, 0x0, 0x0, 0x0,

    /* U+97F3 "音" */
    0x0, 0x0, 0x0, 0x0, 0x0, 0x0, 0x3, 0x50,
    0x0, 0x0, 0x0, 0x0, 0x0, 0x0, 0x0, 0x0,
    0x0, 0x0, 0x0, 0x0, 0xdf, 0xf5, 0x0, 0x0,
    0x0, 0x0, 0x0, 0x0, 0x0, 0x0, 0x0, 0x0,
    0x0, 0x0, 0x5f, 0xfc, 0x0, 0x0, 0x0, 0x0,
    0x0, 0x0, 0x0, 0x49, 0x99, 0x99, 0x99, 0x99,
    0x9f, 0xff, 0xa9, 0x99, 0x99, 0x99, 0x99, 0x20,
    0x0, 0x8f, 0xff, 0xff, 0xff, 0xff, 0xff, 0xff,
    0xff, 0xff, 0xff, 0xff, 0xff, 0x30, 0x0, 0x7f,
    0xff, 0xff, 0xff, 0xff, 0xff, 0xff, 0xff, 0xff,
    0xff, 0xff, 0xff, 0x30, 0x0, 0x0, 0x0, 0x3a,
    0xd6, 0x0, 0x0, 0x0, 0x0, 0xd, 0xda, 0x30,
    0x0, 0x0, 0x0, 0x0, 0x0, 0x2f, 0xfe, 0x0,
    0x0, 0x0, 0x0, 0x3f, 0xff, 0x10, 0x0, 0x0,
    0x0, 0x0, 0x0, 0xb, 0xff, 0x60, 0x0, 0x0,
    0x0, 0x9f, 0xf8, 0x0, 0x0, 0x0, 0x0, 0x0,
    0x0, 0x5, 0xff, 0xb0, 0x0, 0x0, 0x1, 0xff,
    0xf1, 0x0, 0x0, 0x0, 0x19, 0x99, 0x99, 0x9a,
    0xff, 0xf9, 0x99, 0x99, 0x9b, 0xff, 0xe9, 0x99,
    0x99, 0x96, 0x2f, 0xff, 0xff, 0xff, 0xff, 0xff,
    0xff, 0xff, 0xff, 0xff, 0xff, 0xff, 0xff, 0xfa,
    0x2f, 0xff, 0xff, 0xff, 0xff, 0xff, 0xff, 0xff,
    0xff, 0xff, 0xff, 0xff, 0xff, 0xfa, 0x0, 0x0,
    0x0, 0x0, 0x0, 0x0, 0x0, 0x0, 0x0, 0x0,
    0x0, 0x0, 0x0, 0x0, 0x0, 0x0, 0x0, 0x0,
    0x0, 0x0, 0x0, 0x0, 0x0, 0x0, 0x0, 0x0,
    0x0, 0x0, 0x0, 0x0, 0x3f, 0xff, 0xff, 0xff,
    0xff, 0xff, 0xff, 0xff, 0xff, 0xff, 0x0, 0x0,
    0x0, 0x0, 0x3f, 0xff, 0xff, 0xff, 0xff, 0xff,
    0xff, 0xff, 0xff, 0xff, 0x0, 0x0, 0x0, 0x0,
    0x3f, 0xfc, 0x66, 0x66, 0x66, 0x66, 0x66, 0x66,
    0x6f, 0xff, 0x0, 0x0, 0x0, 0x0, 0x3f, 0xf9,
    0x0, 0x0, 0x0, 0x0, 0x0, 0x0, 0xe, 0xff,
    0x0, 0x0, 0x0, 0x0, 0x3f, 0xf9, 0x0, 0x0,
    0x0, 0x0, 0x0, 0x0, 0xe, 0xff, 0x0, 0x0,
    0x0, 0x0, 0x3f, 0xff, 0xff, 0xff, 0xff, 0xff,
    0xff, 0xff, 0xff, 0xff, 0x0, 0x0, 0x0, 0x0,
    0x3f, 0xff, 0xff, 0xff, 0xff, 0xff, 0xff, 0xff,
    0xff, 0xff, 0x0, 0x0, 0x0, 0x0, 0x3f, 0xfb,
    0x44, 0x44, 0x44, 0x44, 0x44, 0x44, 0x4f, 0xff,
    0x0, 0x0, 0x0, 0x0, 0x3f, 0xf9, 0x0, 0x0,
    0x0, 0x0, 0x0, 0x0, 0xe, 0xff, 0x0, 0x0,
    0x0, 0x0, 0x3f, 0xf9, 0x0, 0x0, 0x0, 0x0,
    0x0, 0x0, 0xe, 0xff, 0x0, 0x0, 0x0, 0x0,
    0x3f, 0xff, 0xff, 0xff, 0xff, 0xff, 0xff, 0xff,
    0xff, 0xff, 0x0, 0x0, 0x0, 0x0, 0x3f, 0xff,
    0xff, 0xff, 0xff, 0xff, 0xff, 0xff, 0xff, 0xff,
    0x0, 0x0, 0x0, 0x0, 0x3f, 0xfc, 0x66, 0x66,
    0x66, 0x66, 0x66, 0x66, 0x6e, 0xff, 0x0, 0x0,

    /* U+9879 "项" */
    0x0, 0x0, 0x0, 0x0, 0x0, 0x0, 0x0, 0x0,
    0x0, 0x0, 0x0, 0x0, 0x0, 0x0, 0x0, 0x0,
    0x0, 0x0, 0x0, 0x0, 0x6, 0xff, 0xff, 0xff,
    0xff, 0xff, 0xff, 0xff, 0xff, 0xe0, 0x0, 0x0,
    0x0, 0x0, 0x0, 0x6, 0xff, 0xff, 0xff, 0xff,
    0xff, 0xff, 0xff, 0xff, 0xe0, 0xa, 0xee, 0xee,
    0xee, 0xee, 0xe3, 0x77, 0x77, 0x78, 0xff, 0xfa,
    0x77, 0x77, 0x77, 0x70, 0xb, 0xff, 0xff, 0xff,
    0xff, 0xf0, 0x0, 0x0, 0x3, 0xff, 0xe0, 0x0,
    0x0, 0x0, 0x0, 0xa, 0xee, 0xef, 0xff, 0xee,
    0xe0, 0x0, 0x0, 0x8, 0xff, 0x80, 0x0, 0x0,
    0x0, 0x0, 0x0, 0x0, 0x1f, 0xfb, 0x0, 0x0,
    0x48, 0x88, 0x8e, 0xff, 0xa8, 0x88, 0x88, 0x81,
    0x0, 0x0, 0x0, 0x1f, 0xfb, 0x0, 0x0, 0x7f,
    0xff, 0xff, 0xff, 0xff, 0xff, 0xff, 0xf2, 0x0,
    0x0, 0x0, 0x1f, 0xfb, 0x0, 0x0, 0x7f, 0xff,
    0xff, 0xff, 0xff, 0xff, 0xff, 0xf2, 0x0, 0x0,
    0x0, 0x1f, 0xfb, 0x0, 0x0, 0x7f, 0xf5, 0x0,
    0x0, 0x0, 0x0, 0xbf, 0xf2, 0x0, 0x0, 0x0,
    0x1f, 0xfb, 0x0, 0x0, 0x7f, 0xf5, 0x0, 0x59,
    0x92, 0x0, 0xbf, 0xf2, 0x0, 0x0, 0x0, 0x1f,
    0xfb, 0x0, 0x0, 0x7f, 0xf5, 0x0, 0x9f, 0xf4,
    0x0, 0xbf, 0xf2, 0x0, 0x0, 0x0, 0x1f, 0xfb,
    0x0, 0x0, 0x7f, 0xf5, 0x0, 0x9f, 0xf4, 0x0,
    0xbf, 0xf2, 0x0, 0x0, 0x0, 0x1f, 0xfb, 0x0,
    0x0, 0x7f, 0xf5, 0x0, 0x9f, 0xf4, 0x0, 0xbf,
    0xf2, 0x0, 0x0, 0x0, 0x1f, 0xfb, 0x0, 0x0,
    0x7f, 0xf5, 0x0, 0x9f, 0xf4, 0x0, 0xbf, 0xf2,
    0x0, 0x0, 0x0, 0x1f, 0xfb, 0x0, 0x0, 0x7f,
    0xf5, 0x0, 0x9f, 0xf4, 0x0, 0xbf, 0xf2, 0x0,
    0x0, 0x0, 0x1f, 0xfb, 0x1, 0x51, 0x7f, 0xf5,
    0x0, 0x9f, 0xf4, 0x0, 0xbf, 0xf2, 0x0, 0x0,
    0x0, 0x1f, 0xfe, 0xcf, 0xf5, 0x7f, 0xf5, 0x0,
    0xaf, 0xf2, 0x0, 0xbf, 0xf2, 0x0, 0x0, 0x26,
    0xaf, 0xff, 0xff, 0xf8, 0x7f, 0xf5, 0x0, 0xcf,
    0xf0, 0x0, 0xbf, 0xf2, 0x0, 0x1d, 0xff, 0xff,
    0xff, 0xe9, 0x30, 0x7f, 0xf5, 0x0, 0xff, 0xe0,
    0x0, 0xbf, 0xf2, 0x0, 0xe, 0xff, 0xfe, 0x94,
    0x0, 0x0, 0x49, 0x93, 0x7, 0xff, 0x90, 0x0,
    0x57, 0x71, 0x0, 0xb, 0xfa, 0x40, 0x0, 0x0,
    0x0, 0x0, 0x0, 0x3f, 0xff, 0x22, 0xd6, 0x0,
    0x0, 0x0, 0x2, 0x0, 0x0, 0x0, 0x0, 0x0,
    0x0, 0x3, 0xef, 0xf8, 0xe, 0xff, 0xb2, 0x0,
    0x0, 0x0, 0x0, 0x0, 0x0, 0x0, 0x0, 0x0,
    0x8f, 0xff, 0xa0, 0x3, 0xdf, 0xff, 0x60, 0x0,
    0x0, 0x0, 0x0, 0x0, 0x0, 0x2, 0x8f, 0xff,
    0xf8, 0x0, 0x0, 0x9, 0xff, 0xfa, 0x0, 0x0,
    0x0, 0x0, 0x0, 0x4, 0xdf, 0xff, 0xfd, 0x40,
    0x0, 0x0, 0x0, 0x5f, 0xff, 0xd0, 0x0, 0x0,
    0x0, 0x0, 0x0, 0xbf, 0xfd, 0x60, 0x0, 0x0,
    0x0, 0x0, 0x2, 0xdf, 0x60, 0x0, 0x0, 0x0,
    0x0, 0x0, 0x18, 0x30, 0x0, 0x0, 0x0, 0x0,
    0x0, 0x0, 0x15, 0x0,

    /* U+987A "顺" */
    0x0, 0x0, 0x0, 0x0, 0x0, 0x1, 0x10, 0x0,
    0x0, 0x0, 0x0, 0x0, 0x0, 0x0, 0x0, 0x5,
    0xff, 0x0, 0x0, 0x1, 0xff, 0x64, 0xdd, 0xdd,
    0xdd, 0xdd, 0xdd, 0xdd, 0xdc, 0x0, 0x5f, 0xf0,
    0x0, 0x0, 0x1f, 0xf6, 0x5f, 0xff, 0xff, 0xff,
    0xff, 0xff, 0xff, 0xf0, 0x5, 0xff, 0x1, 0xdd,
    0x1, 0xff, 0x62, 0x88, 0x88, 0x9f, 0xff, 0x98,
    0x88, 0x88, 0x0, 0x5f, 0xf0, 0x1f, 0xf0, 0x1f,
    0xf6, 0x0, 0x0, 0x2, 0xff, 0xb0, 0x0, 0x0,
    0x0, 0x5, 0xff, 0x1, 0xff, 0x1, 0xff, 0x60,
    0x0, 0x0, 0x7f, 0xf4, 0x0, 0x0, 0x0, 0x0,
    0x5f, 0xf0, 0x1f, 0xf0, 0x1f, 0xf6, 0x7, 0xcc,
    0xce, 0xff, 0xcc, 0xcc, 0xcb, 0x0, 0x5, 0xff,
    0x1, 0xff, 0x1, 0xff, 0x60, 0xaf, 0xff, 0xff,
    0xff, 0xff, 0xff, 0xe0, 0x0, 0x5f, 0xf0, 0x1f,
    0xf0, 0x1f, 0xf6, 0xa, 0xff, 0xcc, 0xcc, 0xcc,
    0xce, 0xfe, 0x0, 0x5, 0xff, 0x1, 0xff, 0x1,
    0xff, 0x60, 0xaf, 0xe0, 0x0, 0x0, 0x0, 0xbf,
    0xe0, 0x0, 0x5f, 0xf0, 0x1f, 0xf0, 0x1f, 0xf6,
    0xa, 0xfe, 0x0, 0x34, 0x40, 0xb, 0xfe, 0x0,
    0x5, 0xff, 0x1, 0xff, 0x1, 0xff, 0x60, 0xaf,
    0xe0, 0xa, 0xfe, 0x0, 0xbf, 0xe0, 0x0, 0x5f,
    0xf0, 0x1f, 0xf0, 0x1f, 0xf6, 0xa, 0xfe, 0x0,
    0xaf, 0xe0, 0xb, 0xfe, 0x0, 0x6, 0xff, 0x1,
    0xff, 0x1, 0xff, 0x60, 0xaf, 0xe0, 0xa, 0xfe,
    0x0, 0xbf, 0xe0, 0x0, 0x6f, 0xf0, 0x1f, 0xf0,
    0x1f, 0xf6, 0xa, 0xfe, 0x0, 0xaf, 0xe0, 0xb,
    0xfe, 0x0, 0x7, 0xff, 0x1, 0xff, 0x1, 0xff,
    0x60, 0xaf, 0xe0, 0xa, 0xfe, 0x0, 0xbf, 0xe0,
    0x0, 0x8f, 0xf0, 0x1f, 0xf0, 0x1f, 0xf6, 0xa,
    0xfe, 0x0, 0xbf, 0xe0, 0xb, 0xfe, 0x0, 0x8,
    0xff, 0x1, 0xff, 0x1, 0xff, 0x60, 0xaf, 0xe0,
    0xc, 0xfd, 0x0, 0xbf, 0xe0, 0x0, 0x9f, 0xe0,
    0x1f, 0xf0, 0x1f, 0xf6, 0xa, 0xfe, 0x0, 0xdf,
    0xc0, 0xb, 0xfe, 0x0, 0xa, 0xfd, 0x1, 0xff,
    0x1, 0xff, 0x60, 0xaf, 0xe0, 0x1f, 0xf9, 0x0,
    0xbf, 0xe0, 0x0, 0xbf, 0xb0, 0x1f, 0xf0, 0x1f,
    0xf6, 0x5, 0x87, 0x7, 0xff, 0xd4, 0x4, 0x66,
    0x0, 0xe, 0xfa, 0x1, 0xff, 0x1, 0xff, 0x60,
    0x0, 0x0, 0xdf, 0xff, 0xf6, 0x0, 0x0, 0x1,
    0xff, 0x60, 0x1f, 0xf0, 0x1f, 0xf6, 0x0, 0x0,
    0x8f, 0xfb, 0xef, 0xf8, 0x0, 0x0, 0x4f, 0xf3,
    0x0, 0x66, 0x1, 0xff, 0x60, 0x0, 0x7f, 0xfe,
    0x2, 0xef, 0xf9, 0x0, 0xa, 0xff, 0x0, 0x0,
    0x0, 0x1f, 0xf6, 0x1, 0xbf, 0xff, 0x30, 0x2,
    0xef, 0xf9, 0x0, 0xff, 0xb0, 0x0, 0x0, 0x1,
    0xff, 0x88, 0xff, 0xfe, 0x30, 0x0, 0x1, 0xef,
    0xf8, 0x7, 0xf5, 0x0, 0x0, 0x0, 0x1d, 0xd6,
    0xbf, 0xfb, 0x10, 0x0, 0x0, 0x2, 0xef, 0x40,
    0x5, 0x0, 0x0, 0x0, 0x0, 0x0, 0x1, 0xa3,
    0x0, 0x0, 0x0, 0x0, 0x4, 0x30,

    /* U+9891 "频" */
    0x0, 0x0, 0x0, 0x0, 0x33, 0x0, 0x0, 0x0,
    0x0, 0x0, 0x0, 0x0, 0x0, 0x0, 0x0, 0x0,
    0x0, 0x0, 0x4, 0xff, 0x40, 0x0, 0x0, 0x0,
    0x0, 0x0, 0x0, 0x0, 0x0, 0x0, 0x0, 0x0,
    0x0, 0x4, 0xff, 0x40, 0x0, 0x4, 0x77, 0x77,
    0x77, 0x77, 0x77, 0x77, 0x40, 0x0, 0x8, 0x93,
    0x4, 0xff, 0x40, 0x0, 0x8, 0xff, 0xff, 0xff,
    0xff, 0xff, 0xff, 0xa0, 0x0, 0xd, 0xf6, 0x4,
    0xff, 0xff, 0xff, 0x66, 0xcc, 0xcc, 0xcf, 0xfe,
    0xcc, 0xcc, 0x70, 0x0, 0xd, 0xf6, 0x4, 0xff,
    0xff, 0xff, 0x60, 0x0, 0x0, 0x3f, 0xf6, 0x0,
    0x0, 0x0, 0x0, 0xd, 0xf6, 0x4, 0xff, 0x96,
    0x66, 0x20, 0x0, 0x0, 0x9f, 0xf1, 0x0, 0x0,
    0x0, 0x0, 0xd, 0xf6, 0x4, 0xff, 0x40, 0x0,
    0x0, 0x33, 0x33, 0xef, 0xc3, 0x33, 0x33, 0x0,
    0x0, 0xd, 0xf6, 0x4, 0xff, 0x40, 0x0, 0x0,
    0xef, 0xff, 0xff, 0xff, 0xff, 0xfe, 0x0, 0x0,
    0xe, 0xf6, 0x4, 0xff, 0x40, 0x0, 0x0, 0xef,
    0xff, 0xff, 0xff, 0xff, 0xfe, 0x0, 0xf, 0xff,
    0xff, 0xff, 0xff, 0xff, 0xff, 0xf1, 0xef, 0x81,
    0x11, 0x11, 0x1a, 0xfe, 0x0, 0xf, 0xff, 0xff,
    0xff, 0xff, 0xff, 0xff, 0xf1, 0xef, 0x70, 0x19,
    0x91, 0x9, 0xfe, 0x0, 0x7, 0x77, 0x77, 0x7f,
    0xfd, 0x77, 0x77, 0x70, 0xef, 0x70, 0x2f, 0xf2,
    0x9, 0xfe, 0x0, 0x0, 0x0, 0x0, 0xe, 0xfb,
    0x0, 0x0, 0x0, 0xef, 0x70, 0x2f, 0xf2, 0x9,
    0xfe, 0x0, 0x0, 0x6, 0xa7, 0xe, 0xfb, 0x0,
    0x34, 0x10, 0xef, 0x70, 0x3f, 0xf1, 0x9, 0xfe,
    0x0, 0x0, 0xd, 0xfb, 0xe, 0xfb, 0x0, 0xcf,
    0xe0, 0xef, 0x70, 0x3f, 0xf1, 0x9, 0xfe, 0x0,
    0x0, 0x3f, 0xf5, 0xe, 0xfb, 0x1, 0xff, 0x90,
    0xef, 0x70, 0x4f, 0xf0, 0x9, 0xfe, 0x0, 0x0,
    0x9f, 0xf0, 0xe, 0xfb, 0x6, 0xff, 0x40, 0xef,
    0x70, 0x5f, 0xf0, 0x9, 0xfe, 0x0, 0x3, 0xff,
    0x90, 0xe, 0xfb, 0xd, 0xfe, 0x0, 0xef, 0x70,
    0x6f, 0xe0, 0x9, 0xfe, 0x0, 0xc, 0xff, 0x10,
    0xe, 0xfb, 0x7f, 0xf7, 0x0, 0xef, 0x70, 0x8f,
    0xc0, 0x9, 0xfe, 0x0, 0x4, 0xd7, 0x0, 0xe,
    0xfc, 0xff, 0xd0, 0x0, 0xef, 0x70, 0xbf, 0xa0,
    0x9, 0xfe, 0x0, 0x0, 0x0, 0x0, 0x6, 0x7f,
    0xff, 0x30, 0x0, 0xef, 0x70, 0xff, 0x60, 0x8,
    0xdc, 0x0, 0x0, 0x0, 0x0, 0x0, 0xbf, 0xf8,
    0x0, 0x0, 0x0, 0x7, 0xff, 0x4a, 0x10, 0x0,
    0x0, 0x0, 0x0, 0x0, 0x1b, 0xff, 0xd0, 0x0,
    0x0, 0x0, 0x1e, 0xfd, 0xef, 0xe4, 0x0, 0x0,
    0x0, 0x0, 0x5, 0xef, 0xfc, 0x10, 0x0, 0x0,
    0x2, 0xdf, 0xf3, 0x4e, 0xff, 0x70, 0x0, 0x0,
    0x6, 0xdf, 0xff, 0xa0, 0x0, 0x0, 0x1, 0x8f,
    0xff, 0x70, 0x2, 0xdf, 0xfa, 0x0, 0x7, 0xff,
    0xff, 0xe5, 0x0, 0x0, 0x3, 0xbf, 0xff, 0xf6,
    0x0, 0x0, 0xa, 0xff, 0xc0, 0x1, 0xef, 0xe7,
    0x0, 0x0, 0x0, 0x0, 0xdf, 0xfa, 0x10, 0x0,
    0x0, 0x0, 0x9f, 0x80, 0x0, 0x44, 0x0, 0x0,
    0x0, 0x0, 0x0, 0x46, 0x0, 0x0, 0x0, 0x0,
    0x0, 0x5, 0x0,

    /* U+989D "额" */
    0x0, 0x0, 0x0, 0x0, 0x10, 0x0, 0x0, 0x0,
    0x0, 0x0, 0x0, 0x0, 0x0, 0x0, 0x0, 0x0,
    0x0, 0x0, 0x7d, 0xf3, 0x0, 0x0, 0x0, 0x0,
    0x0, 0x0, 0x0, 0x0, 0x0, 0x0, 0x0, 0x0,
    0x0, 0x4f, 0xfc, 0x0, 0x0, 0x2, 0x77, 0x77,
    0x77, 0x77, 0x77, 0x77, 0x70, 0x2, 0x55, 0x55,
    0x5e, 0xff, 0x75, 0x55, 0x56, 0xff, 0xff, 0xff,
    0xff, 0xff, 0xff, 0xe0, 0x6, 0xff, 0xff, 0xff,
    0xff, 0xff, 0xff, 0xf7, 0xff, 0xff, 0xff, 0xff,
    0xff, 0xff, 0xe0, 0x6, 0xff, 0xff, 0xff, 0xff,
    0xff, 0xff, 0xf1, 0x0, 0x0, 0x4f, 0xf4, 0x0,
    0x0, 0x0, 0x6, 0xff, 0x0, 0x30, 0x0, 0x0,
    0x7f, 0xf1, 0x0, 0x0, 0x9f, 0xe0, 0x0, 0x0,
    0x0, 0x6, 0xff, 0x4, 0xff, 0x80, 0x0, 0x7f,
    0xf1, 0x22, 0x22, 0xff, 0x92, 0x22, 0x22, 0x0,
    0x3, 0x88, 0x1d, 0xff, 0x42, 0x22, 0x78, 0x81,
    0xff, 0xff, 0xff, 0xff, 0xff, 0xfe, 0x0, 0x0,
    0x0, 0xaf, 0xff, 0xff, 0xff, 0xfc, 0x10, 0xff,
    0xff, 0xff, 0xff, 0xff, 0xfe, 0x0, 0x0, 0x9,
    0xff, 0xff, 0xff, 0xff, 0xfd, 0x0, 0xff, 0x82,
    0x22, 0x22, 0x2a, 0xfe, 0x0, 0x0, 0xaf, 0xfb,
    0x0, 0x0, 0xbf, 0xf4, 0x0, 0xff, 0x60, 0x16,
    0x61, 0x8, 0xfe, 0x0, 0xc, 0xff, 0xb4, 0x92,
    0xb, 0xff, 0xa0, 0x0, 0xff, 0x60, 0x3f, 0xf3,
    0x8, 0xfe, 0x0, 0x2, 0xe8, 0x5f, 0xff, 0xdf,
    0xfc, 0x0, 0x0, 0xff, 0x60, 0x3f, 0xf2, 0x8,
    0xfe, 0x0, 0x0, 0x10, 0x18, 0xff, 0xff, 0xf3,
    0x0, 0x0, 0xff, 0x60, 0x4f, 0xf2, 0x8, 0xfe,
    0x0, 0x0, 0x0, 0x2b, 0xff, 0xff, 0xff, 0x91,
    0x0, 0xff, 0x60, 0x5f, 0xf1, 0x8, 0xfe, 0x0,
    0x0, 0x5b, 0xff, 0xff, 0x8a, 0xff, 0xff, 0x70,
    0xff, 0x60, 0x6f, 0xf0, 0x8, 0xfe, 0x0, 0xc,
    0xff, 0xff, 0xb2, 0x0, 0x3b, 0xff, 0xe2, 0xff,
    0x60, 0x7f, 0xf0, 0x8, 0xfe, 0x0, 0x5, 0xff,
    0xb4, 0x0, 0x0, 0x0, 0x5c, 0x20, 0xff, 0x60,
    0x9f, 0xd0, 0x8, 0xfe, 0x0, 0x0, 0x98, 0xff,
    0xff, 0xff, 0xff, 0xf8, 0x0, 0xff, 0x60, 0xcf,
    0xa0, 0x8, 0xfe, 0x0, 0x0, 0x5, 0xff, 0xff,
    0xff, 0xff, 0xf8, 0x0, 0xff, 0x60, 0xff, 0x80,
    0x8, 0xfe, 0x0, 0x0, 0x5, 0xff, 0x74, 0x44,
    0x5f, 0xf8, 0x0, 0xee, 0x55, 0xff, 0x30, 0x7,
    0xdc, 0x0, 0x0, 0x5, 0xff, 0x30, 0x0, 0x1f,
    0xf8, 0x0, 0x0, 0xc, 0xfe, 0x9, 0x80, 0x0,
    0x0, 0x0, 0x5, 0xff, 0x30, 0x0, 0x1f, 0xf8,
    0x0, 0x0, 0x7f, 0xf6, 0x5f, 0xfc, 0x20, 0x0,
    0x0, 0x5, 0xff, 0x30, 0x0, 0x1f, 0xf8, 0x0,
    0x7, 0xff, 0xc0, 0x9, 0xff, 0xf5, 0x0, 0x0,
    0x5, 0xff, 0xff, 0xff, 0xff, 0xf8, 0x3, 0xcf,
    0xfe, 0x10, 0x0, 0x5f, 0xff, 0x80, 0x0, 0x5,
    0xff, 0xff, 0xff, 0xff, 0xf9, 0xcf, 0xff, 0xb1,
    0x0, 0x0, 0x2, 0xdf, 0xf3, 0x0, 0x5, 0xff,
    0x74, 0x44, 0x5f, 0xf8, 0x6f, 0xd5, 0x0, 0x0,
    0x0, 0x0, 0xb, 0x80, 0x0, 0x0, 0x0, 0x0,
    0x0, 0x0, 0x0, 0x3, 0x0, 0x0, 0x0, 0x0,
    0x0, 0x0, 0x0,

    /* U+98CE "风" */
    0x0, 0x0, 0x0, 0x0, 0x0, 0x0, 0x0, 0x0,
    0x0, 0x0, 0x0, 0x0, 0x0, 0x0, 0x0, 0x0,
    0x0, 0x9f, 0xff, 0xff, 0xff, 0xff, 0xff, 0xff,
    0xff, 0xff, 0xff, 0xf0, 0x0, 0x0, 0x0, 0x0,
    0x9f, 0xff, 0xff, 0xff, 0xff, 0xff, 0xff, 0xff,
    0xff, 0xff, 0xe0, 0x0, 0x0, 0x0, 0x0, 0x9f,
    0xfc, 0xaa, 0xaa, 0xaa, 0xaa, 0xaa, 0xaa, 0xaa,
    0xff, 0xe0, 0x0, 0x0, 0x0, 0x0, 0x9f, 0xf4,
    0x0, 0x0, 0x0, 0x0, 0x0, 0x0, 0x0, 0xef,
    0xe0, 0x0, 0x0, 0x0, 0x0, 0x9f, 0xf4, 0x0,
    0x0, 0x0, 0x0, 0x1, 0x20, 0x0, 0xef, 0xe0,
    0x0, 0x0, 0x0, 0x0, 0x9f, 0xf4, 0x0, 0x10,
    0x0, 0x0, 0x9, 0xfe, 0x10, 0xef, 0xe0, 0x0,
    0x0, 0x0, 0x0, 0x9f, 0xf4, 0x3b, 0xf3, 0x0,
    0x0, 0xe, 0xfc, 0x0, 0xef, 0xe0, 0x0, 0x0,
    0x0, 0x0, 0x9f, 0xf4, 0x5f, 0xfe, 0x10, 0x0,
    0x5f, 0xf6, 0x0, 0xef, 0xe0, 0x0, 0x0, 0x0,
    0x0, 0xaf, 0xf4, 0x8, 0xff, 0xc0, 0x0, 0xcf,
    0xf0, 0x0, 0xef, 0xe0, 0x0, 0x0, 0x0, 0x0,
    0xaf, 0xf4, 0x0, 0xbf, 0xfa, 0x4, 0xff, 0x90,
    0x0, 0xdf, 0xe0, 0x0, 0x0, 0x0, 0x0, 0xaf,
    0xf3, 0x0, 0x1d, 0xff, 0x7c, 0xff, 0x20, 0x0,
    0xdf, 0xe0, 0x0, 0x0, 0x0, 0x0, 0xbf, 0xf3,
    0x0, 0x3, 0xff, 0xff, 0xfa, 0x0, 0x0, 0xdf,
    0xe0, 0x0, 0x0, 0x0, 0x0, 0xbf, 0xf2, 0x0,
    0x0, 0x6f, 0xff, 0xf2, 0x0, 0x0, 0xdf, 0xe0,
    0x0, 0x0, 0x0, 0x0, 0xdf, 0xf1, 0x0, 0x0,
    0xb, 0xff, 0xd0, 0x0, 0x0, 0xcf, 0xf0, 0x0,
    0x0, 0x0, 0x0, 0xff, 0xf0, 0x0, 0x0, 0x3f,
    0xff, 0xf7, 0x0, 0x0, 0xbf, 0xf0, 0x0, 0x0,
    0x0, 0x0, 0xff, 0xd0, 0x0, 0x1, 0xef, 0xff,
    0xff, 0x30, 0x0, 0xbf, 0xf0, 0x0, 0x0, 0x0,
    0x2, 0xff, 0xb0, 0x0, 0xb, 0xff, 0xc8, 0xff,
    0xd0, 0x0, 0xaf, 0xf0, 0x0, 0x0, 0x0, 0x6,
    0xff, 0x90, 0x0, 0x7f, 0xfe, 0x10, 0xcf, 0xf9,
    0x0, 0x9f, 0xf1, 0x0, 0x0, 0x0, 0xa, 0xff,
    0x50, 0x7, 0xff, 0xf4, 0x0, 0x2f, 0xff, 0x30,
    0x7f, 0xf2, 0x1, 0x0, 0x0, 0xe, 0xff, 0x10,
    0x7f, 0xff, 0x80, 0x0, 0x8, 0xff, 0xd0, 0x6f,
    0xf4, 0xa, 0x20, 0x0, 0x3f, 0xfc, 0xa, 0xff,
    0xf9, 0x0, 0x0, 0x0, 0xef, 0xf7, 0x3f, 0xf6,
    0xc, 0xd0, 0x0, 0x9f, 0xf8, 0x3, 0xff, 0x80,
    0x0, 0x0, 0x0, 0x5f, 0x80, 0xf, 0xfa, 0xd,
    0xf0, 0x1, 0xff, 0xf3, 0x0, 0x47, 0x0, 0x0,
    0x0, 0x0, 0x2, 0x0, 0xd, 0xff, 0x3f, 0xe0,
    0x9, 0xff, 0xc0, 0x0, 0x0, 0x0, 0x0, 0x0,
    0x0, 0x0, 0x0, 0x7, 0xff, 0xff, 0xb0, 0xd,
    0xff, 0x50, 0x0, 0x0, 0x0, 0x0, 0x0, 0x0,
    0x0, 0x0, 0x1, 0xef, 0xff, 0x60, 0x1, 0xbb,
    0x0, 0x0, 0x0, 0x0, 0x0, 0x0, 0x0, 0x0,
    0x0, 0x0, 0x2c, 0xfa, 0x0, 0x0, 0x1, 0x0,
    0x0, 0x0, 0x0, 0x0, 0x0, 0x0, 0x0, 0x0,
    0x0, 0x0, 0x0, 0x0,

    /* U+9A71 "驱" */
    0x0, 0x11, 0x11, 0x11, 0x12, 0x20, 0x0, 0x0,
    0x0, 0x0, 0x0, 0x0, 0x0, 0x0, 0x0, 0x2f,
    0xff, 0xff, 0xff, 0xff, 0x20, 0x5a, 0xaa, 0xaa,
    0xaa, 0xaa, 0xaa, 0xaa, 0xa1, 0x2, 0xff, 0xff,
    0xff, 0xff, 0xf1, 0x8, 0xff, 0xff, 0xff, 0xff,
    0xff, 0xff, 0xff, 0x20, 0x5, 0x55, 0x55, 0x59,
    0xff, 0x0, 0x8f, 0xff, 0xff, 0xff, 0xff, 0xff,
    0xff, 0xf2, 0x0, 0x0, 0x0, 0x0, 0x7f, 0xf0,
    0x8, 0xff, 0x10, 0x0, 0x0, 0x0, 0x0, 0x0,
    0x0, 0x1, 0x76, 0x10, 0x8, 0xfe, 0x0, 0x8f,
    0xf1, 0x0, 0x0, 0x0, 0x3, 0x40, 0x0, 0x0,
    0x4f, 0xf2, 0x0, 0x9f, 0xd0, 0x8, 0xff, 0x11,
    0xa1, 0x0, 0x0, 0xcf, 0xe0, 0x0, 0x5, 0xff,
    0x10, 0xa, 0xfc, 0x0, 0x8f, 0xf2, 0xef, 0xc0,
    0x0, 0x2f, 0xf9, 0x0, 0x0, 0x6f, 0xf0, 0x0,
    0xbf, 0xa0, 0x8, 0xff, 0x17, 0xff, 0x80, 0x8,
    0xff, 0x30, 0x0, 0x7, 0xff, 0x0, 0xd, 0xf9,
    0x0, 0x8f, 0xf1, 0xb, 0xff, 0x40, 0xef, 0xc0,
    0x0, 0x0, 0x8f, 0xe0, 0x0, 0xef, 0x80, 0x8,
    0xff, 0x10, 0x1e, 0xfe, 0x5f, 0xf6, 0x0, 0x0,
    0xa, 0xfc, 0x0, 0xf, 0xf6, 0x0, 0x8f, 0xf1,
    0x0, 0x5f, 0xff, 0xff, 0x0, 0x0, 0x0, 0xbf,
    0xb0, 0x2, 0xff, 0x40, 0x8, 0xff, 0x10, 0x0,
    0xaf, 0xff, 0x90, 0x0, 0x0, 0xd, 0xfb, 0x44,
    0x7f, 0xf7, 0x41, 0x8f, 0xf1, 0x0, 0x1, 0xff,
    0xf4, 0x0, 0x0, 0x0, 0xff, 0xff, 0xff, 0xff,
    0xff, 0x48, 0xff, 0x10, 0x0, 0x3f, 0xff, 0xb0,
    0x0, 0x0, 0xf, 0xff, 0xff, 0xff, 0xff, 0xf3,
    0x8f, 0xf1, 0x0, 0xc, 0xff, 0xff, 0x50, 0x0,
    0x0, 0x0, 0x0, 0x0, 0x3, 0xff, 0x28, 0xff,
    0x10, 0x6, 0xff, 0xcf, 0xfe, 0x0, 0x0, 0x0,
    0x0, 0x0, 0x0, 0x4f, 0xf1, 0x8f, 0xf1, 0x1,
    0xef, 0xf2, 0x8f, 0xf8, 0x0, 0x0, 0x0, 0x0,
    0x2, 0x26, 0xff, 0x8, 0xff, 0x10, 0xbf, 0xf8,
    0x0, 0xef, 0xf1, 0x0, 0x0, 0x37, 0xbe, 0xf8,
    0x7f, 0xe0, 0x8f, 0xf1, 0x7f, 0xfe, 0x0, 0x6,
    0xff, 0x90, 0x2c, 0xff, 0xff, 0xff, 0x99, 0xfd,
    0x8, 0xff, 0x5f, 0xff, 0x40, 0x0, 0xe, 0xfd,
    0x0, 0xff, 0xfd, 0x95, 0x10, 0xbf, 0xb0, 0x8f,
    0xf2, 0xbf, 0x80, 0x0, 0x0, 0x7a, 0x10, 0x8,
    0x61, 0x0, 0x0, 0xe, 0xf9, 0x8, 0xff, 0x10,
    0x70, 0x0, 0x0, 0x0, 0x0, 0x0, 0x0, 0x0,
    0x0, 0x2, 0xff, 0x60, 0x8f, 0xf1, 0x0, 0x0,
    0x0, 0x0, 0x0, 0x0, 0x0, 0x0, 0x44, 0x33,
    0xaf, 0xf3, 0x8, 0xff, 0xff, 0xff, 0xff, 0xff,
    0xff, 0xff, 0xc0, 0x0, 0x8, 0xff, 0xff, 0xfc,
    0x0, 0x8f, 0xff, 0xff, 0xff, 0xff, 0xff, 0xff,
    0xfc, 0x0, 0x0, 0x4f, 0xff, 0xea, 0x10, 0x4,
    0x77, 0x77, 0x77, 0x77, 0x77, 0x77, 0x77, 0x60,
    0x0, 0x0, 0x0, 0x0, 0x0, 0x0, 0x0, 0x0,
    0x0, 0x0, 0x0, 0x0, 0x0, 0x0,

    /* U+9A8C "验" */
    0x0, 0x0, 0x0, 0x0, 0x0, 0x0, 0x0, 0x0,
    0x0, 0x3, 0x50, 0x0, 0x0, 0x0, 0x0, 0x0,
    0x11, 0x11, 0x11, 0x11, 0x10, 0x0, 0x0, 0x0,
    0xc, 0xff, 0x10, 0x0, 0x0, 0x0, 0x4, 0xff,
    0xff, 0xff, 0xff, 0xf2, 0x0, 0x0, 0x0, 0x5f,
    0xfb, 0x0, 0x0, 0x0, 0x0, 0x4, 0xff, 0xff,
    0xff, 0xff, 0xf1, 0x0, 0x0, 0x1, 0xef, 0xff,
    0x40, 0x0, 0x0, 0x0, 0x1, 0x55, 0x55, 0x55,
    0x8f, 0xf0, 0x0, 0x0, 0xb, 0xff, 0xff, 0xf2,
    0x0, 0x0, 0x0, 0x0, 0x0, 0x0, 0x0, 0x6f,
    0xf0, 0x0, 0x0, 0x8f, 0xfb, 0x6f, 0xfe, 0x20,
    0x0, 0x0, 0x0, 0x7, 0x61, 0x0, 0x7f, 0xe0,
    0x0, 0x6, 0xff, 0xd0, 0x7, 0xff, 0xe3, 0x0,
    0x0, 0x0, 0x2f, 0xf4, 0x0, 0x8f, 0xd0, 0x0,
    0x7f, 0xfe, 0x20, 0x0, 0x9f, 0xff, 0x50, 0x0,
    0x0, 0x3f, 0xf3, 0x0, 0x9f, 0xc0, 0x8, 0xff,
    0xf4, 0x0, 0x0, 0x9, 0xff, 0xf8, 0x0, 0x0,
    0x4f, 0xf2, 0x0, 0xbf, 0xb2, 0xcf, 0xff, 0x61,
    0x11, 0x11, 0x11, 0xaf, 0xff, 0xc1, 0x0, 0x5f,
    0xf1, 0x0, 0xcf, 0x9b, 0xff, 0xf5, 0xff, 0xff,
    0xff, 0xff, 0xf8, 0xff, 0xe0, 0x0, 0x6f, 0xf0,
    0x0, 0xdf, 0x81, 0xed, 0x31, 0xff, 0xff, 0xff,
    0xff, 0xf0, 0x4e, 0x60, 0x0, 0x7f, 0xe0, 0x0,
    0xff, 0x60, 0x31, 0x0, 0x55, 0x55, 0x55, 0x55,
    0x50, 0x2, 0x0, 0x0, 0x9f, 0xc0, 0x1, 0xff,
    0x50, 0x0, 0x0, 0x0, 0x0, 0x0, 0x0, 0x0,
    0x0, 0x0, 0x0, 0xaf, 0xc4, 0x46, 0xff, 0x74,
    0x20, 0x1, 0x0, 0x6, 0xa5, 0x0, 0x1, 0x41,
    0x0, 0x0, 0xcf, 0xff, 0xff, 0xff, 0xff, 0x80,
    0xcf, 0x50, 0xa, 0xfa, 0x0, 0x7, 0xff, 0x30,
    0x0, 0xdf, 0xff, 0xff, 0xff, 0xff, 0x70, 0xbf,
    0xa0, 0x7, 0xfd, 0x0, 0xc, 0xfd, 0x0, 0x0,
    0x0, 0x0, 0x0, 0x0, 0xff, 0x60, 0x6f, 0xe0,
    0x3, 0xff, 0x10, 0x1f, 0xf7, 0x0, 0x0, 0x0,
    0x0, 0x0, 0x2, 0xff, 0x50, 0x2f, 0xf4, 0x1,
    0xff, 0x40, 0x7f, 0xf1, 0x0, 0x0, 0x0, 0x0,
    0x3, 0x43, 0xff, 0x30, 0xd, 0xf8, 0x0, 0xef,
    0x60, 0xdf, 0xb0, 0x0, 0x0, 0x4, 0x7b, 0xff,
    0xc4, 0xff, 0x20, 0xa, 0xfb, 0x0, 0xcf, 0x83,
    0xff, 0x40, 0x0, 0x1d, 0xff, 0xff, 0xff, 0xa6,
    0xff, 0x10, 0x7, 0xfe, 0x0, 0x78, 0x3a, 0xfd,
    0x0, 0x0, 0xf, 0xff, 0xc8, 0x40, 0x8, 0xff,
    0x0, 0x2, 0x40, 0x0, 0x0, 0x1f, 0xf6, 0x0,
    0x0, 0x6, 0x41, 0x0, 0x0, 0xb, 0xfd, 0x0,
    0x0, 0x0, 0x0, 0x0, 0x8f, 0xe0, 0x0, 0x0,
    0x0, 0x0, 0x0, 0x0, 0xe, 0xfa, 0x4, 0x44,
    0x44, 0x44, 0x45, 0xef, 0xa4, 0x44, 0x20, 0x0,
    0x0, 0x34, 0x33, 0x8f, 0xf6, 0xe, 0xff, 0xff,
    0xff, 0xff, 0xff, 0xff, 0xff, 0x70, 0x0, 0x0,
    0x5f, 0xff, 0xff, 0xe1, 0xe, 0xff, 0xff, 0xff,
    0xff, 0xff, 0xff, 0xff, 0x70, 0x0, 0x0, 0x1f,
    0xff, 0xeb, 0x30, 0x1, 0x11, 0x11, 0x11, 0x11,
    0x11, 0x11, 0x11, 0x0, 0x0, 0x0, 0x0, 0x0,
    0x0, 0x0, 0x0, 0x0, 0x0, 0x0, 0x0, 0x0,
    0x0, 0x0, 0x0,

    /* U+9AD8 "高" */
    0x0, 0x0, 0x0, 0x0, 0x0, 0x0, 0x2, 0x50,
    0x0, 0x0, 0x0, 0x0, 0x0, 0x0, 0x0, 0x0,
    0x0, 0x0, 0x0, 0x0, 0xef, 0xf2, 0x0, 0x0,
    0x0, 0x0, 0x0, 0x0, 0x0, 0x0, 0x0, 0x0,
    0x0, 0x0, 0xaf, 0xf8, 0x0, 0x0, 0x0, 0x0,
    0x0, 0x0, 0x15, 0x55, 0x55, 0x55, 0x55, 0x55,
    0x9f, 0xfe, 0x55, 0x55, 0x55, 0x55, 0x55, 0x50,
    0x4f, 0xff, 0xff, 0xff, 0xff, 0xff, 0xff, 0xff,
    0xff, 0xff, 0xff, 0xff, 0xff, 0xf2, 0x4f, 0xff,
    0xff, 0xff, 0xff, 0xff, 0xff, 0xff, 0xff, 0xff,
    0xff, 0xff, 0xff, 0xf2, 0x1, 0x11, 0x11, 0x11,
    0x11, 0x11, 0x11, 0x11, 0x11, 0x11, 0x11, 0x11,
    0x11, 0x10, 0x0, 0x0, 0x3, 0x33, 0x33, 0x33,
    0x33, 0x33, 0x33, 0x33, 0x33, 0x30, 0x0, 0x0,
    0x0, 0x0, 0xf, 0xff, 0xff, 0xff, 0xff, 0xff,
    0xff, 0xff, 0xff, 0xf3, 0x0, 0x0, 0x0, 0x0,
    0xf, 0xff, 0xbb, 0xbb, 0xbb, 0xbb, 0xbb, 0xbb,
    0xef, 0xf3, 0x0, 0x0, 0x0, 0x0, 0xf, 0xfd,
    0x0, 0x0, 0x0, 0x0, 0x0, 0x0, 0xbf, 0xf3,
    0x0, 0x0, 0x0, 0x0, 0xf, 0xfd, 0x0, 0x0,
    0x0, 0x0, 0x0, 0x0, 0xbf, 0xf3, 0x0, 0x0,
    0x0, 0x0, 0xf, 0xff, 0xff, 0xff, 0xff, 0xff,
    0xff, 0xff, 0xff, 0xf3, 0x0, 0x0, 0x0, 0x0,
    0xe, 0xee, 0xee, 0xee, 0xee, 0xee, 0xee, 0xee,
    0xee, 0xe3, 0x0, 0x0, 0x0, 0x0, 0x0, 0x0,
    0x0, 0x0, 0x0, 0x0, 0x0, 0x0, 0x0, 0x0,
    0x0, 0x0, 0x4, 0xff, 0xff, 0xff, 0xff, 0xff,
    0xff, 0xff, 0xff, 0xff, 0xff, 0xff, 0xff, 0x50,
    0x4, 0xff, 0xff, 0xff, 0xff, 0xff, 0xff, 0xff,
    0xff, 0xff, 0xff, 0xff, 0xff, 0x50, 0x4, 0xff,
    0xa5, 0x55, 0x55, 0x55, 0x55, 0x55, 0x55, 0x55,
    0x55, 0x5b, 0xff, 0x50, 0x4, 0xff, 0x70, 0x0,
    0x0, 0x0, 0x0, 0x0, 0x0, 0x0, 0x0, 0x8,
    0xff, 0x50, 0x4, 0xff, 0x70, 0xa, 0xff, 0xff,
    0xff, 0xff, 0xff, 0xff, 0x40, 0x8, 0xff, 0x50,
    0x4, 0xff, 0x70, 0xa, 0xff, 0xff, 0xff, 0xff,
    0xff, 0xff, 0x40, 0x8, 0xff, 0x50, 0x4, 0xff,
    0x70, 0xa, 0xff, 0x0, 0x0, 0x0, 0x4, 0xff,
    0x40, 0x8, 0xff, 0x50, 0x4, 0xff, 0x70, 0xa,
    0xff, 0x0, 0x0, 0x0, 0x3, 0xff, 0x40, 0x8,
    0xff, 0x50, 0x4, 0xff, 0x70, 0xa, 0xff, 0xcc,
    0xcc, 0xcc, 0xcd, 0xff, 0x40, 0x8, 0xff, 0x50,
    0x4, 0xff, 0x70, 0xa, 0xff, 0xff, 0xff, 0xff,
    0xff, 0xff, 0x40, 0x8, 0xff, 0x50, 0x4, 0xff,
    0x70, 0xa, 0xff, 0x33, 0x33, 0x33, 0x33, 0x34,
    0x54, 0x4b, 0xff, 0x40, 0x4, 0xff, 0x70, 0x9,
    0xdd, 0x0, 0x0, 0x0, 0x0, 0x0, 0xdf, 0xff,
    0xff, 0x10, 0x4, 0xff, 0x70, 0x0, 0x0, 0x0,
    0x0, 0x0, 0x0, 0x0, 0x6c, 0xcb, 0x82, 0x0,

    /* U+9E2D "鸭" */
    0x0, 0x0, 0x0, 0x0, 0x0, 0x0, 0x0, 0x0,
    0x0, 0x2, 0x10, 0x0, 0x0, 0x0, 0x0, 0x0,
    0x0, 0x0, 0x0, 0x0, 0x0, 0x0, 0x0, 0xc,
    0xfd, 0x0, 0x0, 0x0, 0x4, 0x44, 0x44, 0x44,
    0x44, 0x44, 0x40, 0x0, 0x0, 0xf, 0xf7, 0x0,
    0x0, 0x0, 0xf, 0xff, 0xff, 0xff, 0xff, 0xff,
    0xf1, 0x5, 0x55, 0x8f, 0xf7, 0x55, 0x55, 0x20,
    0xf, 0xff, 0xff, 0xff, 0xff, 0xff, 0xf1, 0xf,
    0xff, 0xff, 0xff, 0xff, 0xff, 0x60, 0xf, 0xf4,
    0x14, 0xff, 0x51, 0x5f, 0xf1, 0xf, 0xff, 0xff,
    0xff, 0xff, 0xff, 0x60, 0xf, 0xf3, 0x2, 0xff,
    0x30, 0x3f, 0xf1, 0xf, 0xf7, 0x1, 0x0, 0x0,
    0xff, 0x50, 0xf, 0xf3, 0x2, 0xff, 0x30, 0x3f,
    0xf1, 0xf, 0xf7, 0x3e, 0xb0, 0x0, 0xff, 0x40,
    0xf, 0xf3, 0x2, 0xff, 0x30, 0x3f, 0xf1, 0xf,
    0xf7, 0x1d, 0xfb, 0x0, 0xff, 0x30, 0xf, 0xfd,
    0xdd, 0xff, 0xdd, 0xdf, 0xf1, 0xf, 0xf7, 0x1,
    0xdf, 0xa1, 0xff, 0x20, 0xf, 0xff, 0xff, 0xff,
    0xff, 0xff, 0xf1, 0xf, 0xf7, 0x0, 0x2d, 0x33,
    0xff, 0x10, 0xf, 0xf9, 0x78, 0xff, 0x97, 0x9f,
    0xf1, 0xf, 0xf7, 0x0, 0x0, 0x6, 0xff, 0x0,
    0xf, 0xf3, 0x2, 0xff, 0x30, 0x3f, 0xf1, 0xf,
    0xf7, 0x0, 0x5e, 0xef, 0xfc, 0x0, 0xf, 0xf3,
    0x2, 0xff, 0x30, 0x3f, 0xf1, 0xf, 0xf7, 0x0,
    0x1f, 0xff, 0xe3, 0x0, 0xf, 0xf3, 0x2, 0xff,
    0x30, 0x3f, 0xf1, 0xf, 0xf7, 0x0, 0x2, 0x21,
    0x0, 0x0, 0xf, 0xf5, 0x24, 0xff, 0x52, 0x5f,
    0xf1, 0xf, 0xf8, 0x22, 0x22, 0x22, 0x22, 0x20,
    0xf, 0xff, 0xff, 0xff, 0xff, 0xff, 0xf1, 0xf,
    0xff, 0xff, 0xff, 0xff, 0xff, 0xf4, 0xf, 0xff,
    0xff, 0xff, 0xff, 0xff, 0xf1, 0xf, 0xff, 0xff,
    0xff, 0xff, 0xff, 0xf4, 0xf, 0xf6, 0x46, 0xff,
    0x74, 0x7f, 0xf1, 0x4, 0x44, 0x44, 0x44, 0x44,
    0x6f, 0xf3, 0xd, 0xd2, 0x2, 0xff, 0x30, 0x17,
    0x70, 0x0, 0x0, 0x0, 0x0, 0x0, 0x3f, 0xf2,
    0x0, 0x0, 0x2, 0xff, 0x30, 0x0, 0x2, 0xee,
    0xee, 0xee, 0xee, 0xe5, 0x4f, 0xf2, 0x0, 0x0,
    0x2, 0xff, 0x30, 0x0, 0x2, 0xff, 0xff, 0xff,
    0xff, 0xf5, 0x5f, 0xf1, 0x0, 0x0, 0x2, 0xff,
    0x30, 0x0, 0x0, 0x55, 0x55, 0x55, 0x55, 0x52,
    0x6f, 0xf0, 0x0, 0x0, 0x2, 0xff, 0x30, 0x0,
    0x0, 0x0, 0x0, 0x0, 0x0, 0x0, 0x8f, 0xe0,
    0x0, 0x0, 0x2, 0xff, 0x30, 0x0, 0x0, 0x0,
    0x0, 0x0, 0x0, 0x0, 0xaf, 0xd0, 0x0, 0x0,
    0x2, 0xff, 0x30, 0x0, 0x0, 0x0, 0x0, 0x0,
    0x10, 0x1, 0xef, 0xa0, 0x0, 0x0, 0x2, 0xff,
    0x30, 0x0, 0x0, 0x0, 0x0, 0x0, 0x9f, 0xff,
    0xff, 0x50, 0x0, 0x0, 0x2, 0xff, 0x30, 0x0,
    0x0, 0x0, 0x0, 0x0, 0x4f, 0xff, 0xf9, 0x0,
    0x0, 0x0, 0x0, 0x0, 0x0, 0x0, 0x0, 0x0,
    0x0, 0x0, 0x1, 0x21, 0x0, 0x0,

    /* U+9ED8 "默" */
    0x0, 0x0, 0x0, 0x0, 0x0, 0x0, 0x0, 0x0,
    0x0, 0x0, 0x11, 0x0, 0x0, 0x0, 0x0, 0x2,
    0x22, 0x22, 0x22, 0x22, 0x22, 0x20, 0x0, 0x0,
    0x6f, 0xf0, 0x0, 0x0, 0x0, 0x3, 0xff, 0xff,
    0xff, 0xff, 0xff, 0xfe, 0x0, 0x0, 0x6, 0xff,
    0x7, 0x10, 0x0, 0x0, 0x3f, 0xfd, 0xde, 0xfe,
    0xdd, 0xef, 0xe0, 0x0, 0x0, 0x6f, 0xfc, 0xfb,
    0x0, 0x0, 0x3, 0xfc, 0x0, 0x3f, 0x80, 0x5,
    0xfe, 0x0, 0x0, 0x6, 0xff, 0x3f, 0xf7, 0x0,
    0x0, 0x3f, 0xcc, 0x53, 0xf8, 0x1e, 0xaf, 0xe0,
    0x0, 0x0, 0x6f, 0xf0, 0x7f, 0xf2, 0x0, 0x3,
    0xfc, 0xaa, 0x3f, 0x86, 0xf8, 0xfe, 0x0, 0x0,
    0x6, 0xff, 0x0, 0xdf, 0xc0, 0x0, 0x3f, 0xc7,
    0xe3, 0xf8, 0xad, 0x5f, 0xe0, 0x0, 0x0, 0x6f,
    0xf0, 0x3, 0xf8, 0x0, 0x3, 0xfc, 0x4f, 0x4f,
    0x9f, 0x75, 0xfe, 0x0, 0x0, 0x6, 0xff, 0x0,
    0x1, 0x0, 0x0, 0x3f, 0xc2, 0xa4, 0xfb, 0xd1,
    0x5f, 0xe4, 0x99, 0x99, 0xcf, 0xf9, 0x99, 0x99,
    0x70, 0x3, 0xfc, 0x11, 0x4f, 0x91, 0x16, 0xfe,
    0x7f, 0xff, 0xff, 0xff, 0xff, 0xff, 0xfc, 0x0,
    0x3f, 0xff, 0xff, 0xff, 0xff, 0xff, 0xe7, 0xff,
    0xff, 0xff, 0xff, 0xff, 0xff, 0xc0, 0x3, 0xee,
    0xee, 0xff, 0xfe, 0xee, 0xec, 0x1, 0x11, 0x1b,
    0xff, 0x31, 0x11, 0x11, 0x0, 0x0, 0x0, 0x8,
    0xfe, 0x0, 0x0, 0x0, 0x0, 0x0, 0xcf, 0xf4,
    0x0, 0x0, 0x0, 0x1, 0x44, 0x44, 0xbf, 0xe4,
    0x44, 0x43, 0x0, 0x0, 0xe, 0xff, 0x80, 0x0,
    0x0, 0x0, 0x4f, 0xff, 0xff, 0xff, 0xff, 0xff,
    0xd0, 0x0, 0x0, 0xff, 0xfc, 0x0, 0x0, 0x0,
    0x4, 0xff, 0xff, 0xff, 0xff, 0xff, 0xfc, 0x0,
    0x0, 0x4f, 0xff, 0xf0, 0x0, 0x0, 0x0, 0x0,
    0x0, 0x8, 0xfe, 0x0, 0x0, 0x0, 0x0, 0x9,
    0xff, 0xff, 0x50, 0x0, 0x0, 0x1, 0x12, 0x34,
    0xaf, 0xf6, 0x78, 0x99, 0x0, 0x0, 0xdf, 0xca,
    0xfb, 0x0, 0x0, 0x0, 0xff, 0xff, 0xff, 0xff,
    0xff, 0xff, 0xf0, 0x0, 0x2f, 0xf8, 0x5f, 0xf1,
    0x0, 0x0, 0xe, 0xff, 0xff, 0xff, 0xfe, 0xdc,
    0xba, 0x0, 0x9, 0xff, 0x30, 0xff, 0x70, 0x0,
    0x0, 0x55, 0x43, 0x21, 0x0, 0x0, 0x1, 0x0,
    0x1, 0xff, 0xc0, 0xa, 0xff, 0x10, 0x0, 0x0,
    0xbb, 0x17, 0x70, 0x99, 0xc, 0xf0, 0x0, 0x8f,
    0xf5, 0x0, 0x3f, 0xf9, 0x0, 0x0, 0x1f, 0xf1,
    0xed, 0xc, 0xf1, 0x8f, 0x60, 0x2f, 0xfd, 0x0,
    0x0, 0xcf, 0xf3, 0x0, 0x7, 0xfa, 0xc, 0xf0,
    0x8f, 0x52, 0xfb, 0xb, 0xff, 0x40, 0x0, 0x3,
    0xff, 0xe2, 0x0, 0xef, 0x50, 0xbf, 0x15, 0xf8,
    0xc, 0x88, 0xff, 0xa0, 0x0, 0x0, 0x9, 0xff,
    0xe2, 0x6f, 0xd0, 0xb, 0xf1, 0x3f, 0x90, 0x4,
    0xff, 0xd1, 0x0, 0x0, 0x0, 0xd, 0xff, 0x55,
    0xd6, 0x0, 0x89, 0x10, 0x10, 0x0, 0x8, 0xf2,
    0x0, 0x0, 0x0, 0x0, 0x1d, 0x60, 0x0, 0x0,
    0x0, 0x0, 0x0, 0x0, 0x0, 0x2, 0x0, 0x0,
    0x0, 0x0, 0x0, 0x10, 0x0,

    /* U+9F99 "龙" */
    0x0, 0x0, 0x0, 0x0, 0x0, 0x68, 0x71, 0x0,
    0x0, 0x0, 0x0, 0x0, 0x0, 0x0, 0x0, 0x0,
    0x0, 0x0, 0x0, 0xc, 0xff, 0x30, 0x0, 0x6,
    0xc2, 0x0, 0x0, 0x0, 0x0, 0x0, 0x0, 0x0,
    0x0, 0x0, 0xdf, 0xf2, 0x0, 0x4, 0xff, 0xf6,
    0x0, 0x0, 0x0, 0x0, 0x0, 0x0, 0x0, 0x0,
    0xd, 0xff, 0x10, 0x0, 0x5, 0xff, 0xfa, 0x0,
    0x0, 0x0, 0x0, 0x0, 0x0, 0x0, 0x0, 0xef,
    0xf0, 0x0, 0x0, 0x2, 0xdf, 0xfd, 0x10, 0x0,
    0x0, 0x0, 0x0, 0x0, 0x0, 0xf, 0xff, 0x0,
    0x0, 0x0, 0x1, 0xbf, 0xf6, 0x0, 0x0, 0x0,
    0x0, 0x0, 0x0, 0x1, 0xff, 0xd0, 0x0, 0x0,
    0x0, 0x0, 0xa5, 0x0, 0x0, 0x0, 0x69, 0x99,
    0x99, 0x99, 0xaf, 0xfe, 0x99, 0x99, 0x99, 0x99,
    0x99, 0x99, 0x99, 0x91, 0xa, 0xff, 0xff, 0xff,
    0xff, 0xff, 0xff, 0xff, 0xff, 0xff, 0xff, 0xff,
    0xff, 0xff, 0x20, 0xaf, 0xff, 0xff, 0xff, 0xff,
    0xff, 0xff, 0xff, 0xff, 0xff, 0xff, 0xff, 0xff,
    0xf2, 0x0, 0x0, 0x0, 0x0, 0x9, 0xff, 0x70,
    0x9, 0xff, 0x50, 0x0, 0x0, 0x0, 0x0, 0x0,
    0x0, 0x0, 0x0, 0x0, 0xbf, 0xf3, 0x0, 0x8f,
    0xf4, 0x0, 0x0, 0x15, 0x0, 0x0, 0x0, 0x0,
    0x0, 0x0, 0xe, 0xff, 0x0, 0x8, 0xff, 0x40,
    0x0, 0x9, 0xfe, 0x40, 0x0, 0x0, 0x0, 0x0,
    0x2, 0xff, 0xc0, 0x0, 0x8f, 0xf4, 0x0, 0x4,
    0xff, 0xf2, 0x0, 0x0, 0x0, 0x0, 0x0, 0x5f,
    0xf9, 0x0, 0x8, 0xff, 0x40, 0x0, 0xdf, 0xf7,
    0x0, 0x0, 0x0, 0x0, 0x0, 0xa, 0xff, 0x60,
    0x0, 0x8f, 0xf4, 0x0, 0x9f, 0xfd, 0x0, 0x0,
    0x0, 0x0, 0x0, 0x1, 0xff, 0xf1, 0x0, 0x8,
    0xff, 0x40, 0x7f, 0xff, 0x20, 0x0, 0x0, 0x0,
    0x0, 0x0, 0x6f, 0xfb, 0x0, 0x0, 0x8f, 0xf4,
    0x6f, 0xff, 0x50, 0x0, 0x0, 0x0, 0x0, 0x0,
    0xd, 0xff, 0x50, 0x0, 0x8, 0xff, 0x9f, 0xff,
    0x70, 0x0, 0x0, 0x0, 0x0, 0x0, 0x4, 0xff,
    0xe0, 0x0, 0x0, 0x8f, 0xff, 0xff, 0x70, 0x0,
    0x0, 0x0, 0x0, 0x0, 0x1, 0xef, 0xf8, 0x0,
    0x0, 0x8, 0xff, 0xff, 0x70, 0x0, 0x0, 0x0,
    0x0, 0x0, 0x0, 0xbf, 0xfe, 0x10, 0x0, 0x1,
    0xcf, 0xff, 0x70, 0x0, 0x0, 0x3, 0x0, 0x0,
    0x0, 0x7f, 0xff, 0x60, 0x0, 0x5, 0xef, 0xff,
    0x80, 0x0, 0x0, 0x0, 0xec, 0x50, 0x0, 0x7f,
    0xff, 0xb0, 0x0, 0x2b, 0xff, 0xff, 0xf5, 0x0,
    0x0, 0x0, 0xf, 0xfa, 0x0, 0x9f, 0xff, 0xd0,
    0x2, 0xaf, 0xff, 0xfe, 0xff, 0x80, 0x0, 0x0,
    0x5, 0xff, 0x71, 0xdf, 0xff, 0xd1, 0x0, 0x6f,
    0xff, 0xd5, 0x5f, 0xff, 0xff, 0xff, 0xff, 0xff,
    0xf3, 0x6, 0xff, 0xc1, 0x0, 0x0, 0x8f, 0x70,
    0x0, 0xdf, 0xff, 0xff, 0xff, 0xff, 0xfb, 0x0,
    0x8, 0x80, 0x0, 0x0, 0x0, 0x10, 0x0, 0x0,
    0x69, 0xaa, 0xaa, 0xaa, 0x96, 0x0, 0x0, 0x0,
    0x0, 0x0, 0x0, 0x0, 0x0, 0x0, 0x0, 0x0,
    0x0, 0x0, 0x0, 0x0, 0x0,

    /* U+FF01 "！" */
    0x13, 0x33, 0x18, 0xff, 0xf7, 0x7f, 0xff, 0x77,
    0xff, 0xf6, 0x7f, 0xff, 0x66, 0xff, 0xf5, 0x5f,
    0xff, 0x44, 0xff, 0xf3, 0x3f, 0xff, 0x22, 0xff,
    0xf1, 0x1f, 0xff, 0x0, 0xff, 0xf0, 0xf, 0xfe,
    0x0, 0xef, 0xd0, 0xd, 0xfc, 0x0, 0x9c, 0x90,
    0x0, 0x0, 0x0, 0x0, 0x0, 0x2, 0x52, 0x4,
    0xff, 0xf4, 0xbf, 0xff, 0xaa, 0xff, 0xf9, 0x2d,
    0xfd, 0x20, 0x1, 0x0,

    /* U+FF08 "（" */
    0x0, 0x0, 0x0, 0x83, 0x0, 0x0, 0x0, 0xaf,
    0xf5, 0x0, 0x0, 0x7f, 0xfb, 0x0, 0x0, 0x3f,
    0xfd, 0x0, 0x0, 0xc, 0xff, 0x20, 0x0, 0x5,
    0xff, 0x90, 0x0, 0x0, 0xdf, 0xf1, 0x0, 0x0,
    0x3f, 0xf8, 0x0, 0x0, 0x8, 0xff, 0x30, 0x0,
    0x0, 0xdf, 0xe0, 0x0, 0x0, 0x2f, 0xf9, 0x0,
    0x0, 0x3, 0xff, 0x70, 0x0, 0x0, 0x5f, 0xf5,
    0x0, 0x0, 0x7, 0xff, 0x30, 0x0, 0x0, 0x8f,
    0xf2, 0x0, 0x0, 0x7, 0xff, 0x30, 0x0, 0x0,
    0x5f, 0xf5, 0x0, 0x0, 0x4, 0xff, 0x60, 0x0,
    0x0, 0x2f, 0xf8, 0x0, 0x0, 0x0, 0xef, 0xd0,
    0x0, 0x0, 0x9, 0xff, 0x20, 0x0, 0x0, 0x4f,
    0xf7, 0x0, 0x0, 0x0, 0xef, 0xe0, 0x0, 0x0,
    0x7, 0xff, 0x70, 0x0, 0x0, 0xd, 0xff, 0x10,
    0x0, 0x0, 0x5f, 0xfb, 0x0, 0x0, 0x0, 0xaf,
    0xf8, 0x0, 0x0, 0x0, 0xcf, 0xf5, 0x0, 0x0,
    0x1, 0xc6, 0x0,

    /* U+FF09 "）" */
    0x3, 0x80, 0x0, 0x0, 0x5, 0xff, 0xa0, 0x0,
    0x0, 0xb, 0xff, 0x70, 0x0, 0x0, 0xd, 0xff,
    0x30, 0x0, 0x0, 0x2f, 0xfc, 0x0, 0x0, 0x0,
    0x9f, 0xf5, 0x0, 0x0, 0x1, 0xff, 0xd0, 0x0,
    0x0, 0x9, 0xff, 0x30, 0x0, 0x0, 0x3f, 0xf8,
    0x0, 0x0, 0x0, 0xef, 0xd0, 0x0, 0x0, 0x9,
    0xff, 0x20, 0x0, 0x0, 0x7f, 0xf3, 0x0, 0x0,
    0x5, 0xff, 0x50, 0x0, 0x0, 0x3f, 0xf7, 0x0,
    0x0, 0x2, 0xff, 0x80, 0x0, 0x0, 0x3f, 0xf7,
    0x0, 0x0, 0x5, 0xff, 0x50, 0x0, 0x0, 0x6f,
    0xf4, 0x0, 0x0, 0x8, 0xff, 0x20, 0x0, 0x0,
    0xdf, 0xe0, 0x0, 0x0, 0x2f, 0xf9, 0x0, 0x0,
    0x7, 0xff, 0x40, 0x0, 0x0, 0xef, 0xe0, 0x0,
    0x0, 0x7f, 0xf7, 0x0, 0x0, 0x1f, 0xfd, 0x0,
    0x0, 0xb, 0xff, 0x50, 0x0, 0x8, 0xff, 0xa0,
    0x0, 0x5, 0xff, 0xc0, 0x0, 0x0, 0x6, 0xc1,
    0x0, 0x0, 0x0,

    /* U+FF0C "，" */
    0x0, 0x1, 0x0, 0x0, 0x1c, 0xff, 0x70, 0x9,
    0xff, 0xff, 0x30, 0xbf, 0xff, 0xf8, 0x6, 0xff,
    0xff, 0x90, 0x4, 0x9f, 0xf8, 0x0, 0x1, 0xff,
    0x50, 0x0, 0x9f, 0xe0, 0x0, 0x8f, 0xf6, 0x4,
    0xdf, 0xf8, 0x0, 0x4f, 0xe6, 0x0, 0x0, 0x60,
    0x0, 0x0,

    /* U+FF1A "：" */
    0x0, 0x1, 0x0, 0x0, 0x3e, 0xfe, 0x30, 0xd,
    0xff, 0xfc, 0x0, 0xff, 0xff, 0xf0, 0xb, 0xff,
    0xfb, 0x0, 0x19, 0xc9, 0x10, 0x0, 0x0, 0x0,
    0x0, 0x0, 0x0, 0x0, 0x0, 0x0, 0x0, 0x0,
    0x0, 0x0, 0x0, 0x0, 0x0, 0x0, 0x0, 0x0,
    0x0, 0x0, 0x0, 0x0, 0x0, 0x0, 0x0, 0x0,
    0x0, 0x0, 0x0, 0x0, 0x0, 0x19, 0xc9, 0x10,
    0xb, 0xff, 0xfb, 0x0, 0xff, 0xff, 0xf0, 0xd,
    0xff, 0xfd, 0x0, 0x3e, 0xfe, 0x30, 0x0, 0x1,
    0x0, 0x0,

    /* U+FF1F "？" */
    0x0, 0x0, 0x28, 0xac, 0xb8, 0x40, 0x0, 0x0,
    0x1a, 0xff, 0xff, 0xff, 0xfc, 0x20, 0x2, 0xef,
    0xff, 0xff, 0xff, 0xff, 0xc0, 0xb, 0xff, 0xe6,
    0x10, 0x3b, 0xff, 0xf7, 0x1, 0xcb, 0x0, 0x0,
    0x0, 0xcf, 0xfb, 0x0, 0x0, 0x0, 0x0, 0x0,
    0x7f, 0xfe, 0x0, 0x0, 0x0, 0x0, 0x0, 0x7f,
    0xfd, 0x0, 0x0, 0x0, 0x0, 0x0, 0xcf, 0xf9,
    0x0, 0x0, 0x0, 0x0, 0x8, 0xff, 0xf2, 0x0,
    0x0, 0x0, 0x0, 0x8f, 0xff, 0x40, 0x0, 0x0,
    0x0, 0x7, 0xff, 0xf4, 0x0, 0x0, 0x0, 0x0,
    0x3f, 0xff, 0x60, 0x0, 0x0, 0x0, 0x0, 0xef,
    0xf8, 0x0, 0x0, 0x0, 0x0, 0x5, 0xff, 0xe0,
    0x0, 0x0, 0x0, 0x0, 0x6, 0xff, 0xa0, 0x0,
    0x0, 0x0, 0x0, 0x3, 0x88, 0x50, 0x0, 0x0,
    0x0, 0x0, 0x0, 0x0, 0x0, 0x0, 0x0, 0x0,
    0x0, 0x0, 0x0, 0x0, 0x0, 0x0, 0x0, 0x0,
    0x0, 0x45, 0x0, 0x0, 0x0, 0x0, 0x0, 0x9,
    0xff, 0xd0, 0x0, 0x0, 0x0, 0x0, 0xf, 0xff,
    0xf5, 0x0, 0x0, 0x0, 0x0, 0xf, 0xff, 0xf4,
    0x0, 0x0, 0x0, 0x0, 0x6, 0xff, 0xa0, 0x0,
    0x0, 0x0, 0x0, 0x0, 0x1, 0x0, 0x0, 0x0,

    /* U+FFE5 "￥" */
    0x0, 0x0, 0x0, 0x0, 0x0, 0x0, 0x0, 0x0,
    0x0, 0x0, 0xaf, 0xff, 0x50, 0x0, 0x0, 0x0,
    0x0, 0xc, 0xff, 0xf3, 0x1e, 0xff, 0xe0, 0x0,
    0x0, 0x0, 0x0, 0x4f, 0xff, 0x80, 0x6, 0xff,
    0xf7, 0x0, 0x0, 0x0, 0x0, 0xdf, 0xfd, 0x0,
    0x0, 0xbf, 0xff, 0x10, 0x0, 0x0, 0x6, 0xff,
    0xf4, 0x0, 0x0, 0x2f, 0xff, 0x90, 0x0, 0x0,
    0xe, 0xff, 0xa0, 0x0, 0x0, 0x7, 0xff, 0xf2,
    0x0, 0x0, 0x7f, 0xfe, 0x10, 0x0, 0x0, 0x0,
    0xcf, 0xfa, 0x0, 0x1, 0xff, 0xf5, 0x0, 0x0,
    0x0, 0x0, 0x3f, 0xff, 0x30, 0x8, 0xff, 0xb0,
    0x0, 0x0, 0x0, 0x0, 0x8, 0xff, 0xb0, 0x1f,
    0xff, 0x10, 0x0, 0x0, 0x0, 0x0, 0x0, 0xdf,
    0xf4, 0x9f, 0xf6, 0x0, 0x0, 0x0, 0x0, 0x0,
    0x0, 0x4f, 0xfd, 0xff, 0xc0, 0x0, 0x0, 0x0,
    0x0, 0xbd, 0xdd, 0xdf, 0xff, 0xff, 0xed, 0xdd,
    0xd5, 0x0, 0x0, 0xdf, 0xff, 0xff, 0xff, 0xff,
    0xff, 0xff, 0xf6, 0x0, 0x0, 0x0, 0x0, 0x0,
    0xff, 0xf8, 0x0, 0x0, 0x0, 0x0, 0x0, 0x0,
    0x0, 0x0, 0xff, 0xf8, 0x0, 0x0, 0x0, 0x0,
    0x0, 0xbc, 0xcc, 0xcc, 0xff, 0xfe, 0xcc, 0xcc,
    0xc5, 0x0, 0x0, 0xdf, 0xff, 0xff, 0xff, 0xff,
    0xff, 0xff, 0xf6, 0x0, 0x0, 0x0, 0x0, 0x0,
    0xff, 0xf8, 0x0, 0x0, 0x0, 0x0, 0x0, 0x0,
    0x0, 0x0, 0xff, 0xf8, 0x0, 0x0, 0x0, 0x0,
    0x0, 0x0, 0x0, 0x0, 0xff, 0xf8, 0x0, 0x0,
    0x0, 0x0, 0x0, 0x0, 0x0, 0x0, 0xff, 0xf8,
    0x0, 0x0, 0x0, 0x0, 0x0, 0x0, 0x0, 0x0,
    0xee, 0xe7, 0x0, 0x0, 0x0, 0x0
};


/*---------------------
 *  GLYPH DESCRIPTION
 *--------------------*/

static const lv_font_fmt_txt_glyph_dsc_t glyph_dsc[] = {
    {.bitmap_index = 0, .adv_w = 0, .box_w = 0, .box_h = 0, .ofs_x = 0, .ofs_y = 0} /* id = 0 reserved */,
    {.bitmap_index = 0, .adv_w = 108, .box_w = 0, .box_h = 0, .ofs_x = 0, .ofs_y = 0},
    {.bitmap_index = 0, .adv_w = 165, .box_w = 6, .box_h = 23, .ofs_x = 2, .ofs_y = 0},
    {.bitmap_index = 69, .adv_w = 171, .box_w = 8, .box_h = 31, .ofs_x = 2, .ofs_y = -6},
    {.bitmap_index = 193, .adv_w = 171, .box_w = 8, .box_h = 31, .ofs_x = 1, .ofs_y = -6},
    {.bitmap_index = 317, .adv_w = 143, .box_w = 7, .box_h = 12, .ofs_x = 1, .ofs_y = -7},
    {.bitmap_index = 359, .adv_w = 171, .box_w = 9, .box_h = 3, .ofs_x = 1, .ofs_y = 7},
    {.bitmap_index = 373, .adv_w = 143, .box_w = 5, .box_h = 5, .ofs_x = 2, .ofs_y = 0},
    {.bitmap_index = 386, .adv_w = 187, .box_w = 12, .box_h = 30, .ofs_x = 0, .ofs_y = -6},
    {.bitmap_index = 566, .adv_w = 274, .box_w = 15, .box_h = 22, .ofs_x = 1, .ofs_y = 0},
    {.bitmap_index = 731, .adv_w = 274, .box_w = 14, .box_h = 22, .ofs_x = 2, .ofs_y = 0},
    {.bitmap_index = 885, .adv_w = 274, .box_w = 15, .box_h = 22, .ofs_x = 1, .ofs_y = 0},
    {.bitmap_index = 1050, .adv_w = 274, .box_w = 16, .box_h = 22, .ofs_x = 0, .ofs_y = 0},
    {.bitmap_index = 1226, .adv_w = 274, .box_w = 17, .box_h = 22, .ofs_x = 0, .ofs_y = 0},
    {.bitmap_index = 1413, .adv_w = 274, .box_w = 16, .box_h = 22, .ofs_x = 0, .ofs_y = 0},
    {.bitmap_index = 1589, .adv_w = 274, .box_w = 15, .box_h = 22, .ofs_x = 1, .ofs_y = 0},
    {.bitmap_index = 1754, .adv_w = 274, .box_w = 15, .box_h = 22, .ofs_x = 1, .ofs_y = 0},
    {.bitmap_index = 1919, .adv_w = 274, .box_w = 15, .box_h = 22, .ofs_x = 1, .ofs_y = 0},
    {.bitmap_index = 2084, .adv_w = 274, .box_w = 15, .box_h = 22, .ofs_x = 1, .ofs_y = 0},
    {.bitmap_index = 2249, .adv_w = 143, .box_w = 5, .box_h = 17, .ofs_x = 2, .ofs_y = 0},
    {.bitmap_index = 2292, .adv_w = 236, .box_w = 13, .box_h = 24, .ofs_x = 1, .ofs_y = 0},
    {.bitmap_index = 2448, .adv_w = 299, .box_w = 19, .box_h = 22, .ofs_x = 0, .ofs_y = 0},
    {.bitmap_index = 2657, .adv_w = 320, .box_w = 17, .box_h = 22, .ofs_x = 2, .ofs_y = 0},
    {.bitmap_index = 2844, .adv_w = 310, .box_w = 18, .box_h = 22, .ofs_x = 1, .ofs_y = 0},
    {.bitmap_index = 3042, .adv_w = 336, .box_w = 18, .box_h = 22, .ofs_x = 2, .ofs_y = 0},
    {.bitmap_index = 3240, .adv_w = 288, .box_w = 15, .box_h = 22, .ofs_x = 2, .ofs_y = 0},
    {.bitmap_index = 3405, .adv_w = 272, .box_w = 14, .box_h = 22, .ofs_x = 2, .ofs_y = 0},
    {.bitmap_index = 3559, .adv_w = 336, .box_w = 18, .box_h = 22, .ofs_x = 1, .ofs_y = 0},
    {.bitmap_index = 3757, .adv_w = 356, .box_w = 18, .box_h = 22, .ofs_x = 2, .ofs_y = 0},
    {.bitmap_index = 3955, .adv_w = 148, .box_w = 5, .box_h = 22, .ofs_x = 2, .ofs_y = 0},
    {.bitmap_index = 4010, .adv_w = 264, .box_w = 14, .box_h = 22, .ofs_x = 0, .ofs_y = 0},
    {.bitmap_index = 4164, .adv_w = 319, .box_w = 18, .box_h = 22, .ofs_x = 2, .ofs_y = 0},
    {.bitmap_index = 4362, .adv_w = 268, .box_w = 14, .box_h = 22, .ofs_x = 2, .ofs_y = 0},
    {.bitmap_index = 4516, .adv_w = 398, .box_w = 21, .box_h = 22, .ofs_x = 2, .ofs_y = 0},
    {.bitmap_index = 4747, .adv_w = 352, .box_w = 18, .box_h = 22, .ofs_x = 2, .ofs_y = 0},
    {.bitmap_index = 4945, .adv_w = 362, .box_w = 20, .box_h = 22, .ofs_x = 1, .ofs_y = 0},
    {.bitmap_index = 5165, .adv_w = 311, .box_w = 17, .box_h = 22, .ofs_x = 2, .ofs_y = 0},
    {.bitmap_index = 5352, .adv_w = 362, .box_w = 21, .box_h = 28, .ofs_x = 1, .ofs_y = -6},
    {.bitmap_index = 5646, .adv_w = 315, .box_w = 17, .box_h = 22, .ofs_x = 2, .ofs_y = 0},
    {.bitmap_index = 5833, .adv_w = 292, .box_w = 16, .box_h = 22, .ofs_x = 1, .ofs_y = 0},
    {.bitmap_index = 6009, .adv_w = 293, .box_w = 18, .box_h = 22, .ofs_x = 0, .ofs_y = 0},
    {.bitmap_index = 6207, .adv_w = 352, .box_w = 18, .box_h = 22, .ofs_x = 2, .ofs_y = 0},
    {.bitmap_index = 6405, .adv_w = 285, .box_w = 19, .box_h = 22, .ofs_x = -1, .ofs_y = 0},
    {.bitmap_index = 6614, .adv_w = 429, .box_w = 27, .box_h = 22, .ofs_x = 0, .ofs_y = 0},
    {.bitmap_index = 6911, .adv_w = 286, .box_w = 18, .box_h = 22, .ofs_x = 0, .ofs_y = 0},
    {.bitmap_index = 7109, .adv_w = 265, .box_w = 18, .box_h = 22, .ofs_x = -1, .ofs_y = 0},
    {.bitmap_index = 7307, .adv_w = 291, .box_w = 16, .box_h = 22, .ofs_x = 1, .ofs_y = 0},
    {.bitmap_index = 7483, .adv_w = 276, .box_w = 14, .box_h = 17, .ofs_x = 1, .ofs_y = 0},
    {.bitmap_index = 7602, .adv_w = 302, .box_w = 16, .box_h = 24, .ofs_x = 2, .ofs_y = 0},
    {.bitmap_index = 7794, .adv_w = 248, .box_w = 14, .box_h = 17, .ofs_x = 1, .ofs_y = 0},
    {.bitmap_index = 7913, .adv_w = 302, .box_w = 16, .box_h = 24, .ofs_x = 1, .ofs_y = 0},
    {.bitmap_index = 8105, .adv_w = 272, .box_w = 15, .box_h = 17, .ofs_x = 1, .ofs_y = 0},
    {.bitmap_index = 8233, .adv_w = 166, .box_w = 12, .box_h = 24, .ofs_x = 0, .ofs_y = 0},
    {.bitmap_index = 8377, .adv_w = 277, .box_w = 16, .box_h = 24, .ofs_x = 1, .ofs_y = -7},
    {.bitmap_index = 8569, .adv_w = 298, .box_w = 15, .box_h = 24, .ofs_x = 2, .ofs_y = 0},
    {.bitmap_index = 8749, .adv_w = 138, .box_w = 5, .box_h = 24, .ofs_x = 2, .ofs_y = 0},
    {.bitmap_index = 8809, .adv_w = 139, .box_w = 9, .box_h = 31, .ofs_x = -2, .ofs_y = -7},
    {.bitmap_index = 8949, .adv_w = 276, .box_w = 15, .box_h = 24, .ofs_x = 2, .ofs_y = 0},
    {.bitmap_index = 9129, .adv_w = 143, .box_w = 6, .box_h = 24, .ofs_x = 2, .ofs_y = 0},
    {.bitmap_index = 9201, .adv_w = 453, .box_w = 24, .box_h = 17, .ofs_x = 2, .ofs_y = 0},
    {.bitmap_index = 9405, .adv_w = 300, .box_w = 15, .box_h = 17, .ofs_x = 2, .ofs_y = 0},
    {.bitmap_index = 9533, .adv_w = 295, .box_w = 16, .box_h = 17, .ofs_x = 1, .ofs_y = 0},
    {.bitmap_index = 9669, .adv_w = 302, .box_w = 16, .box_h = 24, .ofs_x = 2, .ofs_y = -7},
    {.bitmap_index = 9861, .adv_w = 302, .box_w = 16, .box_h = 24, .ofs_x = 1, .ofs_y = -7},
    {.bitmap_index = 10053, .adv_w = 196, .box_w = 11, .box_h = 17, .ofs_x = 2, .ofs_y = 0},
    {.bitmap_index = 10147, .adv_w = 230, .box_w = 14, .box_h = 17, .ofs_x = 0, .ofs_y = 0},
    {.bitmap_index = 10266, .adv_w = 190, .box_w = 12, .box_h = 22, .ofs_x = 0, .ofs_y = 0},
    {.bitmap_index = 10398, .adv_w = 298, .box_w = 15, .box_h = 17, .ofs_x = 2, .ofs_y = 0},
    {.bitmap_index = 10526, .adv_w = 262, .box_w = 16, .box_h = 17, .ofs_x = 0, .ofs_y = 0},
    {.bitmap_index = 10662, .adv_w = 398, .box_w = 25, .box_h = 17, .ofs_x = 0, .ofs_y = 0},
    {.bitmap_index = 10875, .adv_w = 252, .box_w = 16, .box_h = 17, .ofs_x = 0, .ofs_y = 0},
    {.bitmap_index = 11011, .adv_w = 261, .box_w = 16, .box_h = 24, .ofs_x = 0, .ofs_y = -7},
    {.bitmap_index = 11203, .adv_w = 236, .box_w = 13, .box_h = 17, .ofs_x = 1, .ofs_y = 0},
    {.bitmap_index = 11314, .adv_w = 274, .box_w = 17, .box_h = 22, .ofs_x = 0, .ofs_y = 0},
    {.bitmap_index = 11501, .adv_w = 432, .box_w = 25, .box_h = 3, .ofs_x = 1, .ofs_y = 7},
    {.bitmap_index = 11539, .adv_w = 480, .box_w = 8, .box_h = 7, .ofs_x = 11, .ofs_y = 8},
    {.bitmap_index = 11567, .adv_w = 480, .box_w = 29, .box_h = 24, .ofs_x = 1, .ofs_y = -1},
    {.bitmap_index = 11915, .adv_w = 480, .box_w = 10, .box_h = 9, .ofs_x = 1, .ofs_y = -2},
    {.bitmap_index = 11960, .adv_w = 480, .box_w = 10, .box_h = 10, .ofs_x = 1, .ofs_y = -2},
    {.bitmap_index = 12010, .adv_w = 480, .box_w = 28, .box_h = 4, .ofs_x = 1, .ofs_y = 10},
    {.bitmap_index = 12066, .adv_w = 480, .box_w = 28, .box_h = 27, .ofs_x = 1, .ofs_y = -2},
    {.bitmap_index = 12444, .adv_w = 480, .box_w = 28, .box_h = 26, .ofs_x = 1, .ofs_y = -2},
    {.bitmap_index = 12808, .adv_w = 480, .box_w = 28, .box_h = 26, .ofs_x = 1, .ofs_y = -2},
    {.bitmap_index = 13172, .adv_w = 480, .box_w = 26, .box_h = 28, .ofs_x = 1, .ofs_y = -3},
    {.bitmap_index = 13536, .adv_w = 480, .box_w = 28, .box_h = 29, .ofs_x = 1, .ofs_y = -3},
    {.bitmap_index = 13942, .adv_w = 480, .box_w = 28, .box_h = 27, .ofs_x = 1, .ofs_y = -2},
    {.bitmap_index = 14320, .adv_w = 480, .box_w = 28, .box_h = 26, .ofs_x = 1, .ofs_y = -2},
    {.bitmap_index = 14684, .adv_w = 480, .box_w = 26, .box_h = 28, .ofs_x = 2, .ofs_y = -2},
    {.bitmap_index = 15048, .adv_w = 480, .box_w = 27, .box_h = 29, .ofs_x = 1, .ofs_y = -3},
    {.bitmap_index = 15440, .adv_w = 480, .box_w = 28, .box_h = 28, .ofs_x = 1, .ofs_y = -2},
    {.bitmap_index = 15832, .adv_w = 480, .box_w = 25, .box_h = 27, .ofs_x = 2, .ofs_y = -3},
    {.bitmap_index = 16170, .adv_w = 480, .box_w = 28, .box_h = 22, .ofs_x = 1, .ofs_y = 0},
    {.bitmap_index = 16478, .adv_w = 480, .box_w = 28, .box_h = 27, .ofs_x = 1, .ofs_y = -3},
    {.bitmap_index = 16856, .adv_w = 480, .box_w = 28, .box_h = 29, .ofs_x = 0, .ofs_y = -3},
    {.bitmap_index = 17262, .adv_w = 480, .box_w = 28, .box_h = 29, .ofs_x = 1, .ofs_y = -3},
    {.bitmap_index = 17668, .adv_w = 480, .box_w = 30, .box_h = 28, .ofs_x = 0, .ofs_y = -2},
    {.bitmap_index = 18088, .adv_w = 480, .box_w = 28, .box_h = 29, .ofs_x = 0, .ofs_y = -3},
    {.bitmap_index = 18494, .adv_w = 480, .box_w = 29, .box_h = 28, .ofs_x = 0, .ofs_y = -2},
    {.bitmap_index = 18900, .adv_w = 480, .box_w = 28, .box_h = 28, .ofs_x = 0, .ofs_y = -2},
    {.bitmap_index = 19292, .adv_w = 480, .box_w = 29, .box_h = 28, .ofs_x = 1, .ofs_y = -2},
    {.bitmap_index = 19698, .adv_w = 480, .box_w = 29, .box_h = 29, .ofs_x = 0, .ofs_y = -3},
    {.bitmap_index = 20119, .adv_w = 480, .box_w = 28, .box_h = 28, .ofs_x = 1, .ofs_y = -2},
    {.bitmap_index = 20511, .adv_w = 480, .box_w = 30, .box_h = 29, .ofs_x = 0, .ofs_y = -3},
    {.bitmap_index = 20946, .adv_w = 480, .box_w = 30, .box_h = 28, .ofs_x = 0, .ofs_y = -2},
    {.bitmap_index = 21366, .adv_w = 480, .box_w = 29, .box_h = 28, .ofs_x = 0, .ofs_y = -2},
    {.bitmap_index = 21772, .adv_w = 480, .box_w = 30, .box_h = 28, .ofs_x = 0, .ofs_y = -2},
    {.bitmap_index = 22192, .adv_w = 480, .box_w = 30, .box_h = 28, .ofs_x = 0, .ofs_y = -2},
    {.bitmap_index = 22612, .adv_w = 480, .box_w = 30, .box_h = 29, .ofs_x = 0, .ofs_y = -3},
    {.bitmap_index = 23047, .adv_w = 480, .box_w = 30, .box_h = 28, .ofs_x = 0, .ofs_y = -2},
    {.bitmap_index = 23467, .adv_w = 480, .box_w = 29, .box_h = 29, .ofs_x = 0, .ofs_y = -3},
    {.bitmap_index = 23888, .adv_w = 480, .box_w = 30, .box_h = 28, .ofs_x = 0, .ofs_y = -2},
    {.bitmap_index = 24308, .adv_w = 480, .box_w = 29, .box_h = 29, .ofs_x = 0, .ofs_y = -3},
    {.bitmap_index = 24729, .adv_w = 480, .box_w = 29, .box_h = 29, .ofs_x = 0, .ofs_y = -3},
    {.bitmap_index = 25150, .adv_w = 480, .box_w = 29, .box_h = 28, .ofs_x = 1, .ofs_y = -3},
    {.bitmap_index = 25556, .adv_w = 480, .box_w = 30, .box_h = 28, .ofs_x = 0, .ofs_y = -2},
    {.bitmap_index = 25976, .adv_w = 480, .box_w = 29, .box_h = 29, .ofs_x = 1, .ofs_y = -3},
    {.bitmap_index = 26397, .adv_w = 480, .box_w = 26, .box_h = 28, .ofs_x = 2, .ofs_y = -2},
    {.bitmap_index = 26761, .adv_w = 480, .box_w = 28, .box_h = 26, .ofs_x = 1, .ofs_y = -2},
    {.bitmap_index = 27125, .adv_w = 480, .box_w = 30, .box_h = 29, .ofs_x = 0, .ofs_y = -3},
    {.bitmap_index = 27560, .adv_w = 480, .box_w = 29, .box_h = 29, .ofs_x = 0, .ofs_y = -3},
    {.bitmap_index = 27981, .adv_w = 480, .box_w = 29, .box_h = 28, .ofs_x = 1, .ofs_y = -2},
    {.bitmap_index = 28387, .adv_w = 480, .box_w = 26, .box_h = 28, .ofs_x = 2, .ofs_y = -2},
    {.bitmap_index = 28751, .adv_w = 480, .box_w = 28, .box_h = 28, .ofs_x = 1, .ofs_y = -2},
    {.bitmap_index = 29143, .adv_w = 480, .box_w = 28, .box_h = 28, .ofs_x = 1, .ofs_y = -3},
    {.bitmap_index = 29535, .adv_w = 480, .box_w = 29, .box_h = 28, .ofs_x = 0, .ofs_y = -3},
    {.bitmap_index = 29941, .adv_w = 480, .box_w = 27, .box_h = 29, .ofs_x = 1, .ofs_y = -3},
    {.bitmap_index = 30333, .adv_w = 480, .box_w = 27, .box_h = 29, .ofs_x = 1, .ofs_y = -3},
    {.bitmap_index = 30725, .adv_w = 480, .box_w = 27, .box_h = 29, .ofs_x = 1, .ofs_y = -3},
    {.bitmap_index = 31117, .adv_w = 480, .box_w = 27, .box_h = 28, .ofs_x = 1, .ofs_y = -3},
    {.bitmap_index = 31495, .adv_w = 480, .box_w = 28, .box_h = 29, .ofs_x = 0, .ofs_y = -3},
    {.bitmap_index = 31901, .adv_w = 480, .box_w = 28, .box_h = 29, .ofs_x = 1, .ofs_y = -3},
    {.bitmap_index = 32307, .adv_w = 480, .box_w = 28, .box_h = 29, .ofs_x = 1, .ofs_y = -3},
    {.bitmap_index = 32713, .adv_w = 480, .box_w = 29, .box_h = 28, .ofs_x = 0, .ofs_y = -3},
    {.bitmap_index = 33119, .adv_w = 480, .box_w = 28, .box_h = 28, .ofs_x = 0, .ofs_y = -3},
    {.bitmap_index = 33511, .adv_w = 480, .box_w = 28, .box_h = 29, .ofs_x = 1, .ofs_y = -3},
    {.bitmap_index = 33917, .adv_w = 480, .box_w = 28, .box_h = 28, .ofs_x = 1, .ofs_y = -3},
    {.bitmap_index = 34309, .adv_w = 480, .box_w = 28, .box_h = 29, .ofs_x = 0, .ofs_y = -3},
    {.bitmap_index = 34715, .adv_w = 480, .box_w = 28, .box_h = 29, .ofs_x = 1, .ofs_y = -3},
    {.bitmap_index = 35121, .adv_w = 480, .box_w = 28, .box_h = 28, .ofs_x = 1, .ofs_y = -2},
    {.bitmap_index = 35513, .adv_w = 480, .box_w = 28, .box_h = 26, .ofs_x = 1, .ofs_y = -2},
    {.bitmap_index = 35877, .adv_w = 480, .box_w = 27, .box_h = 26, .ofs_x = 1, .ofs_y = -2},
    {.bitmap_index = 36228, .adv_w = 480, .box_w = 27, .box_h = 28, .ofs_x = 1, .ofs_y = -2},
    {.bitmap_index = 36606, .adv_w = 480, .box_w = 28, .box_h = 27, .ofs_x = 1, .ofs_y = -3},
    {.bitmap_index = 36984, .adv_w = 480, .box_w = 29, .box_h = 26, .ofs_x = 0, .ofs_y = -2},
    {.bitmap_index = 37361, .adv_w = 480, .box_w = 28, .box_h = 29, .ofs_x = 1, .ofs_y = -3},
    {.bitmap_index = 37767, .adv_w = 480, .box_w = 29, .box_h = 27, .ofs_x = 1, .ofs_y = -3},
    {.bitmap_index = 38159, .adv_w = 480, .box_w = 30, .box_h = 29, .ofs_x = 0, .ofs_y = -3},
    {.bitmap_index = 38594, .adv_w = 480, .box_w = 29, .box_h = 27, .ofs_x = 1, .ofs_y = -3},
    {.bitmap_index = 38986, .adv_w = 480, .box_w = 24, .box_h = 26, .ofs_x = 3, .ofs_y = -3},
    {.bitmap_index = 39298, .adv_w = 480, .box_w = 28, .box_h = 27, .ofs_x = 1, .ofs_y = -3},
    {.bitmap_index = 39676, .adv_w = 480, .box_w = 29, .box_h = 28, .ofs_x = 0, .ofs_y = -2},
    {.bitmap_index = 40082, .adv_w = 480, .box_w = 28, .box_h = 28, .ofs_x = 1, .ofs_y = -3},
    {.bitmap_index = 40474, .adv_w = 480, .box_w = 29, .box_h = 29, .ofs_x = 0, .ofs_y = -3},
    {.bitmap_index = 40895, .adv_w = 480, .box_w = 29, .box_h = 26, .ofs_x = 0, .ofs_y = -2},
    {.bitmap_index = 41272, .adv_w = 480, .box_w = 27, .box_h = 29, .ofs_x = 0, .ofs_y = -3},
    {.bitmap_index = 41664, .adv_w = 480, .box_w = 27, .box_h = 28, .ofs_x = 1, .ofs_y = -3},
    {.bitmap_index = 42042, .adv_w = 480, .box_w = 28, .box_h = 28, .ofs_x = 2, .ofs_y = -2},
    {.bitmap_index = 42434, .adv_w = 480, .box_w = 28, .box_h = 28, .ofs_x = 0, .ofs_y = -2},
    {.bitmap_index = 42826, .adv_w = 480, .box_w = 28, .box_h = 28, .ofs_x = 0, .ofs_y = -2},
    {.bitmap_index = 43218, .adv_w = 480, .box_w = 28, .box_h = 28, .ofs_x = 1, .ofs_y = -2},
    {.bitmap_index = 43610, .adv_w = 480, .box_w = 29, .box_h = 27, .ofs_x = 1, .ofs_y = -2},
    {.bitmap_index = 44002, .adv_w = 480, .box_w = 28, .box_h = 28, .ofs_x = 1, .ofs_y = -2},
    {.bitmap_index = 44394, .adv_w = 480, .box_w = 29, .box_h = 29, .ofs_x = 0, .ofs_y = -3},
    {.bitmap_index = 44815, .adv_w = 480, .box_w = 30, .box_h = 28, .ofs_x = 0, .ofs_y = -2},
    {.bitmap_index = 45235, .adv_w = 480, .box_w = 29, .box_h = 28, .ofs_x = 1, .ofs_y = -3},
    {.bitmap_index = 45641, .adv_w = 480, .box_w = 28, .box_h = 28, .ofs_x = 1, .ofs_y = -2},
    {.bitmap_index = 46033, .adv_w = 480, .box_w = 30, .box_h = 28, .ofs_x = 0, .ofs_y = -2},
    {.bitmap_index = 46453, .adv_w = 480, .box_w = 28, .box_h = 29, .ofs_x = 0, .ofs_y = -3},
    {.bitmap_index = 46859, .adv_w = 480, .box_w = 30, .box_h = 29, .ofs_x = 0, .ofs_y = -3},
    {.bitmap_index = 47294, .adv_w = 480, .box_w = 30, .box_h = 28, .ofs_x = 0, .ofs_y = -2},
    {.bitmap_index = 47714, .adv_w = 480, .box_w = 29, .box_h = 29, .ofs_x = 0, .ofs_y = -3},
    {.bitmap_index = 48135, .adv_w = 480, .box_w = 29, .box_h = 29, .ofs_x = 1, .ofs_y = -3},
    {.bitmap_index = 48556, .adv_w = 480, .box_w = 28, .box_h = 29, .ofs_x = 1, .ofs_y = -3},
    {.bitmap_index = 48962, .adv_w = 480, .box_w = 29, .box_h = 29, .ofs_x = 0, .ofs_y = -3},
    {.bitmap_index = 49383, .adv_w = 480, .box_w = 27, .box_h = 29, .ofs_x = 1, .ofs_y = -3},
    {.bitmap_index = 49775, .adv_w = 480, .box_w = 30, .box_h = 28, .ofs_x = 0, .ofs_y = -2},
    {.bitmap_index = 50195, .adv_w = 480, .box_w = 28, .box_h = 28, .ofs_x = 1, .ofs_y = -2},
    {.bitmap_index = 50587, .adv_w = 480, .box_w = 28, .box_h = 29, .ofs_x = 1, .ofs_y = -3},
    {.bitmap_index = 50993, .adv_w = 480, .box_w = 29, .box_h = 29, .ofs_x = 0, .ofs_y = -3},
    {.bitmap_index = 51414, .adv_w = 480, .box_w = 29, .box_h = 29, .ofs_x = 0, .ofs_y = -3},
    {.bitmap_index = 51835, .adv_w = 480, .box_w = 26, .box_h = 28, .ofs_x = 2, .ofs_y = -2},
    {.bitmap_index = 52199, .adv_w = 480, .box_w = 27, .box_h = 29, .ofs_x = 2, .ofs_y = -3},
    {.bitmap_index = 52591, .adv_w = 480, .box_w = 29, .box_h = 28, .ofs_x = 1, .ofs_y = -2},
    {.bitmap_index = 52997, .adv_w = 480, .box_w = 29, .box_h = 28, .ofs_x = 0, .ofs_y = -2},
    {.bitmap_index = 53403, .adv_w = 480, .box_w = 29, .box_h = 29, .ofs_x = 1, .ofs_y = -3},
    {.bitmap_index = 53824, .adv_w = 480, .box_w = 28, .box_h = 27, .ofs_x = 1, .ofs_y = -3},
    {.bitmap_index = 54202, .adv_w = 480, .box_w = 28, .box_h = 27, .ofs_x = 0, .ofs_y = -2},
    {.bitmap_index = 54580, .adv_w = 480, .box_w = 28, .box_h = 24, .ofs_x = 1, .ofs_y = -1},
    {.bitmap_index = 54916, .adv_w = 480, .box_w = 27, .box_h = 26, .ofs_x = 2, .ofs_y = -2},
    {.bitmap_index = 55267, .adv_w = 480, .box_w = 27, .box_h = 28, .ofs_x = 2, .ofs_y = -2},
    {.bitmap_index = 55645, .adv_w = 480, .box_w = 28, .box_h = 28, .ofs_x = 1, .ofs_y = -2},
    {.bitmap_index = 56037, .adv_w = 480, .box_w = 26, .box_h = 28, .ofs_x = 2, .ofs_y = -2},
    {.bitmap_index = 56401, .adv_w = 480, .box_w = 29, .box_h = 28, .ofs_x = 0, .ofs_y = -2},
    {.bitmap_index = 56807, .adv_w = 480, .box_w = 28, .box_h = 26, .ofs_x = 1, .ofs_y = -2},
    {.bitmap_index = 57171, .adv_w = 480, .box_w = 28, .box_h = 26, .ofs_x = 1, .ofs_y = -2},
    {.bitmap_index = 57535, .adv_w = 480, .box_w = 28, .box_h = 29, .ofs_x = 1, .ofs_y = -3},
    {.bitmap_index = 57941, .adv_w = 480, .box_w = 29, .box_h = 29, .ofs_x = 0, .ofs_y = -3},
    {.bitmap_index = 58362, .adv_w = 480, .box_w = 29, .box_h = 29, .ofs_x = 0, .ofs_y = -3},
    {.bitmap_index = 58783, .adv_w = 480, .box_w = 28, .box_h = 27, .ofs_x = 1, .ofs_y = -3},
    {.bitmap_index = 59161, .adv_w = 480, .box_w = 28, .box_h = 27, .ofs_x = 1, .ofs_y = -3},
    {.bitmap_index = 59539, .adv_w = 480, .box_w = 29, .box_h = 28, .ofs_x = 1, .ofs_y = -2},
    {.bitmap_index = 59945, .adv_w = 480, .box_w = 24, .box_h = 28, .ofs_x = 3, .ofs_y = -2},
    {.bitmap_index = 60281, .adv_w = 480, .box_w = 28, .box_h = 26, .ofs_x = 1, .ofs_y = -2},
    {.bitmap_index = 60645, .adv_w = 480, .box_w = 29, .box_h = 29, .ofs_x = 0, .ofs_y = -3},
    {.bitmap_index = 61066, .adv_w = 480, .box_w = 29, .box_h = 29, .ofs_x = 0, .ofs_y = -3},
    {.bitmap_index = 61487, .adv_w = 480, .box_w = 30, .box_h = 29, .ofs_x = 0, .ofs_y = -3},
    {.bitmap_index = 61922, .adv_w = 480, .box_w = 28, .box_h = 28, .ofs_x = 1, .ofs_y = -2},
    {.bitmap_index = 62314, .adv_w = 480, .box_w = 30, .box_h = 29, .ofs_x = 0, .ofs_y = -3},
    {.bitmap_index = 62749, .adv_w = 480, .box_w = 29, .box_h = 28, .ofs_x = 1, .ofs_y = -2},
    {.bitmap_index = 63155, .adv_w = 480, .box_w = 29, .box_h = 28, .ofs_x = 0, .ofs_y = -2},
    {.bitmap_index = 63561, .adv_w = 480, .box_w = 29, .box_h = 28, .ofs_x = 0, .ofs_y = -2},
    {.bitmap_index = 63967, .adv_w = 480, .box_w = 29, .box_h = 29, .ofs_x = 0, .ofs_y = -3},
    {.bitmap_index = 64388, .adv_w = 480, .box_w = 29, .box_h = 28, .ofs_x = 0, .ofs_y = -2},
    {.bitmap_index = 64794, .adv_w = 480, .box_w = 29, .box_h = 28, .ofs_x = 0, .ofs_y = -2},
    {.bitmap_index = 65200, .adv_w = 480, .box_w = 29, .box_h = 29, .ofs_x = 0, .ofs_y = -3},
    {.bitmap_index = 65621, .adv_w = 480, .box_w = 29, .box_h = 29, .ofs_x = 1, .ofs_y = -3},
    {.bitmap_index = 66042, .adv_w = 480, .box_w = 29, .box_h = 28, .ofs_x = 1, .ofs_y = -2},
    {.bitmap_index = 66448, .adv_w = 480, .box_w = 28, .box_h = 29, .ofs_x = 1, .ofs_y = -3},
    {.bitmap_index = 66854, .adv_w = 480, .box_w = 25, .box_h = 29, .ofs_x = 1, .ofs_y = -3},
    {.bitmap_index = 67217, .adv_w = 480, .box_w = 30, .box_h = 28, .ofs_x = 0, .ofs_y = -3},
    {.bitmap_index = 67637, .adv_w = 480, .box_w = 29, .box_h = 29, .ofs_x = 0, .ofs_y = -3},
    {.bitmap_index = 68058, .adv_w = 480, .box_w = 27, .box_h = 29, .ofs_x = 1, .ofs_y = -3},
    {.bitmap_index = 68450, .adv_w = 480, .box_w = 29, .box_h = 29, .ofs_x = 0, .ofs_y = -3},
    {.bitmap_index = 68871, .adv_w = 480, .box_w = 28, .box_h = 29, .ofs_x = 0, .ofs_y = -3},
    {.bitmap_index = 69277, .adv_w = 480, .box_w = 29, .box_h = 29, .ofs_x = 0, .ofs_y = -3},
    {.bitmap_index = 69698, .adv_w = 480, .box_w = 29, .box_h = 28, .ofs_x = 1, .ofs_y = -2},
    {.bitmap_index = 70104, .adv_w = 480, .box_w = 30, .box_h = 29, .ofs_x = 0, .ofs_y = -3},
    {.bitmap_index = 70539, .adv_w = 480, .box_w = 30, .box_h = 29, .ofs_x = 0, .ofs_y = -3},
    {.bitmap_index = 70974, .adv_w = 480, .box_w = 29, .box_h = 28, .ofs_x = 0, .ofs_y = -2},
    {.bitmap_index = 71380, .adv_w = 480, .box_w = 30, .box_h = 29, .ofs_x = 0, .ofs_y = -3},
    {.bitmap_index = 71815, .adv_w = 480, .box_w = 29, .box_h = 29, .ofs_x = 0, .ofs_y = -3},
    {.bitmap_index = 72236, .adv_w = 480, .box_w = 28, .box_h = 29, .ofs_x = 1, .ofs_y = -3},
    {.bitmap_index = 72642, .adv_w = 480, .box_w = 29, .box_h = 29, .ofs_x = 0, .ofs_y = -3},
    {.bitmap_index = 73063, .adv_w = 480, .box_w = 30, .box_h = 28, .ofs_x = 0, .ofs_y = -2},
    {.bitmap_index = 73483, .adv_w = 480, .box_w = 29, .box_h = 28, .ofs_x = 0, .ofs_y = -2},
    {.bitmap_index = 73889, .adv_w = 480, .box_w = 30, .box_h = 29, .ofs_x = 0, .ofs_y = -3},
    {.bitmap_index = 74324, .adv_w = 480, .box_w = 29, .box_h = 29, .ofs_x = 0, .ofs_y = -3},
    {.bitmap_index = 74745, .adv_w = 480, .box_w = 30, .box_h = 29, .ofs_x = 0, .ofs_y = -3},
    {.bitmap_index = 75180, .adv_w = 480, .box_w = 29, .box_h = 28, .ofs_x = 1, .ofs_y = -2},
    {.bitmap_index = 75586, .adv_w = 480, .box_w = 29, .box_h = 29, .ofs_x = 0, .ofs_y = -3},
    {.bitmap_index = 76007, .adv_w = 480, .box_w = 28, .box_h = 29, .ofs_x = 1, .ofs_y = -3},
    {.bitmap_index = 76413, .adv_w = 480, .box_w = 30, .box_h = 29, .ofs_x = 0, .ofs_y = -3},
    {.bitmap_index = 76848, .adv_w = 480, .box_w = 29, .box_h = 29, .ofs_x = 1, .ofs_y = -3},
    {.bitmap_index = 77269, .adv_w = 480, .box_w = 29, .box_h = 29, .ofs_x = 1, .ofs_y = -3},
    {.bitmap_index = 77690, .adv_w = 480, .box_w = 29, .box_h = 29, .ofs_x = 1, .ofs_y = -3},
    {.bitmap_index = 78111, .adv_w = 480, .box_w = 30, .box_h = 29, .ofs_x = 0, .ofs_y = -3},
    {.bitmap_index = 78546, .adv_w = 480, .box_w = 29, .box_h = 29, .ofs_x = 1, .ofs_y = -3},
    {.bitmap_index = 78967, .adv_w = 480, .box_w = 28, .box_h = 29, .ofs_x = 2, .ofs_y = -3},
    {.bitmap_index = 79373, .adv_w = 480, .box_w = 29, .box_h = 29, .ofs_x = 0, .ofs_y = -3},
    {.bitmap_index = 79794, .adv_w = 480, .box_w = 28, .box_h = 29, .ofs_x = 1, .ofs_y = -3},
    {.bitmap_index = 80200, .adv_w = 480, .box_w = 29, .box_h = 27, .ofs_x = 1, .ofs_y = -3},
    {.bitmap_index = 80592, .adv_w = 480, .box_w = 21, .box_h = 26, .ofs_x = 5, .ofs_y = -2},
    {.bitmap_index = 80865, .adv_w = 480, .box_w = 27, .box_h = 29, .ofs_x = 2, .ofs_y = -3},
    {.bitmap_index = 81257, .adv_w = 480, .box_w = 29, .box_h = 28, .ofs_x = 1, .ofs_y = -3},
    {.bitmap_index = 81663, .adv_w = 480, .box_w = 28, .box_h = 26, .ofs_x = 1, .ofs_y = -2},
    {.bitmap_index = 82027, .adv_w = 480, .box_w = 27, .box_h = 28, .ofs_x = 1, .ofs_y = -2},
    {.bitmap_index = 82405, .adv_w = 480, .box_w = 28, .box_h = 27, .ofs_x = 1, .ofs_y = -2},
    {.bitmap_index = 82783, .adv_w = 480, .box_w = 28, .box_h = 28, .ofs_x = 1, .ofs_y = -2},
    {.bitmap_index = 83175, .adv_w = 480, .box_w = 30, .box_h = 28, .ofs_x = 0, .ofs_y = -3},
    {.bitmap_index = 83595, .adv_w = 480, .box_w = 29, .box_h = 28, .ofs_x = 1, .ofs_y = -2},
    {.bitmap_index = 84001, .adv_w = 480, .box_w = 30, .box_h = 28, .ofs_x = 0, .ofs_y = -2},
    {.bitmap_index = 84421, .adv_w = 480, .box_w = 30, .box_h = 28, .ofs_x = 0, .ofs_y = -2},
    {.bitmap_index = 84841, .adv_w = 480, .box_w = 28, .box_h = 29, .ofs_x = 1, .ofs_y = -3},
    {.bitmap_index = 85247, .adv_w = 480, .box_w = 29, .box_h = 28, .ofs_x = 1, .ofs_y = -2},
    {.bitmap_index = 85653, .adv_w = 480, .box_w = 29, .box_h = 28, .ofs_x = 1, .ofs_y = -2},
    {.bitmap_index = 86059, .adv_w = 480, .box_w = 29, .box_h = 28, .ofs_x = 0, .ofs_y = -2},
    {.bitmap_index = 86465, .adv_w = 480, .box_w = 29, .box_h = 29, .ofs_x = 0, .ofs_y = -3},
    {.bitmap_index = 86886, .adv_w = 480, .box_w = 29, .box_h = 26, .ofs_x = 1, .ofs_y = -2},
    {.bitmap_index = 87263, .adv_w = 480, .box_w = 29, .box_h = 27, .ofs_x = 1, .ofs_y = -2},
    {.bitmap_index = 87655, .adv_w = 480, .box_w = 29, .box_h = 28, .ofs_x = 1, .ofs_y = -2},
    {.bitmap_index = 88061, .adv_w = 480, .box_w = 30, .box_h = 28, .ofs_x = 0, .ofs_y = -2},
    {.bitmap_index = 88481, .adv_w = 480, .box_w = 29, .box_h = 28, .ofs_x = 0, .ofs_y = -2},
    {.bitmap_index = 88887, .adv_w = 480, .box_w = 30, .box_h = 29, .ofs_x = 0, .ofs_y = -2},
    {.bitmap_index = 89322, .adv_w = 480, .box_w = 29, .box_h = 29, .ofs_x = 0, .ofs_y = -3},
    {.bitmap_index = 89743, .adv_w = 480, .box_w = 29, .box_h = 29, .ofs_x = 1, .ofs_y = -3},
    {.bitmap_index = 90164, .adv_w = 480, .box_w = 30, .box_h = 29, .ofs_x = 0, .ofs_y = -3},
    {.bitmap_index = 90599, .adv_w = 480, .box_w = 28, .box_h = 28, .ofs_x = 1, .ofs_y = -2},
    {.bitmap_index = 90991, .adv_w = 480, .box_w = 28, .box_h = 26, .ofs_x = 1, .ofs_y = -2},
    {.bitmap_index = 91355, .adv_w = 480, .box_w = 30, .box_h = 28, .ofs_x = 0, .ofs_y = -2},
    {.bitmap_index = 91775, .adv_w = 480, .box_w = 28, .box_h = 28, .ofs_x = 1, .ofs_y = -2},
    {.bitmap_index = 92167, .adv_w = 480, .box_w = 30, .box_h = 28, .ofs_x = 0, .ofs_y = -2},
    {.bitmap_index = 92587, .adv_w = 480, .box_w = 30, .box_h = 28, .ofs_x = 0, .ofs_y = -2},
    {.bitmap_index = 93007, .adv_w = 480, .box_w = 29, .box_h = 29, .ofs_x = 1, .ofs_y = -3},
    {.bitmap_index = 93428, .adv_w = 480, .box_w = 29, .box_h = 26, .ofs_x = 0, .ofs_y = -2},
    {.bitmap_index = 93805, .adv_w = 480, .box_w = 29, .box_h = 28, .ofs_x = 0, .ofs_y = -2},
    {.bitmap_index = 94211, .adv_w = 480, .box_w = 29, .box_h = 29, .ofs_x = 1, .ofs_y = -3},
    {.bitmap_index = 94632, .adv_w = 480, .box_w = 28, .box_h = 29, .ofs_x = 0, .ofs_y = -3},
    {.bitmap_index = 95038, .adv_w = 480, .box_w = 28, .box_h = 28, .ofs_x = 1, .ofs_y = -2},
    {.bitmap_index = 95430, .adv_w = 480, .box_w = 29, .box_h = 28, .ofs_x = 0, .ofs_y = -2},
    {.bitmap_index = 95836, .adv_w = 480, .box_w = 29, .box_h = 29, .ofs_x = 1, .ofs_y = -3},
    {.bitmap_index = 96257, .adv_w = 480, .box_w = 29, .box_h = 28, .ofs_x = 1, .ofs_y = -2},
    {.bitmap_index = 96663, .adv_w = 480, .box_w = 28, .box_h = 28, .ofs_x = 1, .ofs_y = -2},
    {.bitmap_index = 97055, .adv_w = 480, .box_w = 28, .box_h = 27, .ofs_x = 1, .ofs_y = -2},
    {.bitmap_index = 97433, .adv_w = 480, .box_w = 28, .box_h = 27, .ofs_x = 1, .ofs_y = -2},
    {.bitmap_index = 97811, .adv_w = 480, .box_w = 29, .box_h = 28, .ofs_x = 1, .ofs_y = -2},
    {.bitmap_index = 98217, .adv_w = 480, .box_w = 28, .box_h = 28, .ofs_x = 1, .ofs_y = -2},
    {.bitmap_index = 98609, .adv_w = 480, .box_w = 29, .box_h = 29, .ofs_x = 1, .ofs_y = -3},
    {.bitmap_index = 99030, .adv_w = 480, .box_w = 29, .box_h = 27, .ofs_x = 0, .ofs_y = -2},
    {.bitmap_index = 99422, .adv_w = 480, .box_w = 30, .box_h = 28, .ofs_x = 0, .ofs_y = -3},
    {.bitmap_index = 99842, .adv_w = 480, .box_w = 28, .box_h = 29, .ofs_x = 1, .ofs_y = -3},
    {.bitmap_index = 100248, .adv_w = 480, .box_w = 28, .box_h = 29, .ofs_x = 1, .ofs_y = -3},
    {.bitmap_index = 100654, .adv_w = 480, .box_w = 29, .box_h = 29, .ofs_x = 1, .ofs_y = -3},
    {.bitmap_index = 101075, .adv_w = 480, .box_w = 30, .box_h = 29, .ofs_x = 0, .ofs_y = -3},
    {.bitmap_index = 101510, .adv_w = 480, .box_w = 29, .box_h = 29, .ofs_x = 1, .ofs_y = -3},
    {.bitmap_index = 101931, .adv_w = 480, .box_w = 30, .box_h = 29, .ofs_x = 0, .ofs_y = -3},
    {.bitmap_index = 102366, .adv_w = 480, .box_w = 29, .box_h = 29, .ofs_x = 0, .ofs_y = -3},
    {.bitmap_index = 102787, .adv_w = 480, .box_w = 29, .box_h = 28, .ofs_x = 0, .ofs_y = -2},
    {.bitmap_index = 103193, .adv_w = 480, .box_w = 30, .box_h = 29, .ofs_x = 0, .ofs_y = -3},
    {.bitmap_index = 103628, .adv_w = 480, .box_w = 28, .box_h = 28, .ofs_x = 1, .ofs_y = -2},
    {.bitmap_index = 104020, .adv_w = 480, .box_w = 29, .box_h = 26, .ofs_x = 0, .ofs_y = -2},
    {.bitmap_index = 104397, .adv_w = 480, .box_w = 29, .box_h = 28, .ofs_x = 1, .ofs_y = -3},
    {.bitmap_index = 104803, .adv_w = 480, .box_w = 30, .box_h = 27, .ofs_x = 0, .ofs_y = -2},
    {.bitmap_index = 105208, .adv_w = 480, .box_w = 28, .box_h = 28, .ofs_x = 1, .ofs_y = -2},
    {.bitmap_index = 105600, .adv_w = 480, .box_w = 27, .box_h = 27, .ofs_x = 0, .ofs_y = -3},
    {.bitmap_index = 105965, .adv_w = 480, .box_w = 27, .box_h = 28, .ofs_x = 3, .ofs_y = -2},
    {.bitmap_index = 106343, .adv_w = 480, .box_w = 28, .box_h = 28, .ofs_x = 1, .ofs_y = -2},
    {.bitmap_index = 106735, .adv_w = 480, .box_w = 28, .box_h = 28, .ofs_x = 2, .ofs_y = -2},
    {.bitmap_index = 107127, .adv_w = 480, .box_w = 27, .box_h = 29, .ofs_x = 2, .ofs_y = -3},
    {.bitmap_index = 107519, .adv_w = 480, .box_w = 29, .box_h = 29, .ofs_x = 0, .ofs_y = -3},
    {.bitmap_index = 107940, .adv_w = 480, .box_w = 28, .box_h = 28, .ofs_x = 1, .ofs_y = -2},
    {.bitmap_index = 108332, .adv_w = 480, .box_w = 29, .box_h = 27, .ofs_x = 0, .ofs_y = -3},
    {.bitmap_index = 108724, .adv_w = 480, .box_w = 29, .box_h = 28, .ofs_x = 0, .ofs_y = -2},
    {.bitmap_index = 109130, .adv_w = 480, .box_w = 29, .box_h = 29, .ofs_x = 0, .ofs_y = -3},
    {.bitmap_index = 109551, .adv_w = 480, .box_w = 28, .box_h = 27, .ofs_x = 1, .ofs_y = -3},
    {.bitmap_index = 109929, .adv_w = 480, .box_w = 29, .box_h = 28, .ofs_x = 0, .ofs_y = -2},
    {.bitmap_index = 110335, .adv_w = 480, .box_w = 29, .box_h = 28, .ofs_x = 0, .ofs_y = -2},
    {.bitmap_index = 110741, .adv_w = 480, .box_w = 29, .box_h = 27, .ofs_x = 0, .ofs_y = -2},
    {.bitmap_index = 111133, .adv_w = 480, .box_w = 29, .box_h = 28, .ofs_x = 0, .ofs_y = -2},
    {.bitmap_index = 111539, .adv_w = 480, .box_w = 28, .box_h = 28, .ofs_x = 1, .ofs_y = -2},
    {.bitmap_index = 111931, .adv_w = 480, .box_w = 30, .box_h = 28, .ofs_x = 0, .ofs_y = -2},
    {.bitmap_index = 112351, .adv_w = 480, .box_w = 28, .box_h = 28, .ofs_x = 1, .ofs_y = -2},
    {.bitmap_index = 112743, .adv_w = 480, .box_w = 28, .box_h = 28, .ofs_x = 1, .ofs_y = -2},
    {.bitmap_index = 113135, .adv_w = 480, .box_w = 28, .box_h = 27, .ofs_x = 1, .ofs_y = -2},
    {.bitmap_index = 113513, .adv_w = 480, .box_w = 30, .box_h = 29, .ofs_x = 0, .ofs_y = -3},
    {.bitmap_index = 113948, .adv_w = 480, .box_w = 28, .box_h = 28, .ofs_x = 1, .ofs_y = -2},
    {.bitmap_index = 114340, .adv_w = 480, .box_w = 29, .box_h = 28, .ofs_x = 0, .ofs_y = -2},
    {.bitmap_index = 114746, .adv_w = 480, .box_w = 29, .box_h = 29, .ofs_x = 0, .ofs_y = -3},
    {.bitmap_index = 115167, .adv_w = 480, .box_w = 29, .box_h = 28, .ofs_x = 1, .ofs_y = -2},
    {.bitmap_index = 115573, .adv_w = 480, .box_w = 29, .box_h = 29, .ofs_x = 0, .ofs_y = -3},
    {.bitmap_index = 115994, .adv_w = 480, .box_w = 29, .box_h = 28, .ofs_x = 0, .ofs_y = -2},
    {.bitmap_index = 116400, .adv_w = 480, .box_w = 29, .box_h = 29, .ofs_x = 0, .ofs_y = -3},
    {.bitmap_index = 116821, .adv_w = 480, .box_w = 29, .box_h = 28, .ofs_x = 0, .ofs_y = -2},
    {.bitmap_index = 117227, .adv_w = 480, .box_w = 29, .box_h = 29, .ofs_x = 0, .ofs_y = -3},
    {.bitmap_index = 117648, .adv_w = 480, .box_w = 26, .box_h = 26, .ofs_x = 2, .ofs_y = -2},
    {.bitmap_index = 117986, .adv_w = 480, .box_w = 28, .box_h = 27, .ofs_x = 1, .ofs_y = -2},
    {.bitmap_index = 118364, .adv_w = 480, .box_w = 29, .box_h = 28, .ofs_x = 1, .ofs_y = -3},
    {.bitmap_index = 118770, .adv_w = 480, .box_w = 28, .box_h = 28, .ofs_x = 1, .ofs_y = -2},
    {.bitmap_index = 119162, .adv_w = 480, .box_w = 29, .box_h = 29, .ofs_x = 0, .ofs_y = -3},
    {.bitmap_index = 119583, .adv_w = 480, .box_w = 30, .box_h = 29, .ofs_x = 0, .ofs_y = -3},
    {.bitmap_index = 120018, .adv_w = 480, .box_w = 23, .box_h = 28, .ofs_x = 4, .ofs_y = -2},
    {.bitmap_index = 120340, .adv_w = 480, .box_w = 28, .box_h = 29, .ofs_x = 1, .ofs_y = -3},
    {.bitmap_index = 120746, .adv_w = 480, .box_w = 29, .box_h = 29, .ofs_x = 1, .ofs_y = -3},
    {.bitmap_index = 121167, .adv_w = 480, .box_w = 28, .box_h = 28, .ofs_x = 1, .ofs_y = -2},
    {.bitmap_index = 121559, .adv_w = 480, .box_w = 28, .box_h = 28, .ofs_x = 1, .ofs_y = -2},
    {.bitmap_index = 121951, .adv_w = 480, .box_w = 29, .box_h = 29, .ofs_x = 1, .ofs_y = -3},
    {.bitmap_index = 122372, .adv_w = 480, .box_w = 28, .box_h = 28, .ofs_x = 1, .ofs_y = -2},
    {.bitmap_index = 122764, .adv_w = 480, .box_w = 29, .box_h = 29, .ofs_x = 0, .ofs_y = -3},
    {.bitmap_index = 123185, .adv_w = 480, .box_w = 29, .box_h = 29, .ofs_x = 1, .ofs_y = -3},
    {.bitmap_index = 123606, .adv_w = 480, .box_w = 28, .box_h = 28, .ofs_x = 1, .ofs_y = -3},
    {.bitmap_index = 123998, .adv_w = 480, .box_w = 29, .box_h = 29, .ofs_x = 0, .ofs_y = -3},
    {.bitmap_index = 124419, .adv_w = 480, .box_w = 29, .box_h = 29, .ofs_x = 0, .ofs_y = -3},
    {.bitmap_index = 124840, .adv_w = 480, .box_w = 28, .box_h = 28, .ofs_x = 1, .ofs_y = -2},
    {.bitmap_index = 125232, .adv_w = 480, .box_w = 30, .box_h = 28, .ofs_x = 0, .ofs_y = -2},
    {.bitmap_index = 125652, .adv_w = 480, .box_w = 28, .box_h = 28, .ofs_x = 1, .ofs_y = -3},
    {.bitmap_index = 126044, .adv_w = 480, .box_w = 29, .box_h = 29, .ofs_x = 1, .ofs_y = -3},
    {.bitmap_index = 126465, .adv_w = 480, .box_w = 29, .box_h = 28, .ofs_x = 1, .ofs_y = -3},
    {.bitmap_index = 126871, .adv_w = 480, .box_w = 29, .box_h = 27, .ofs_x = 1, .ofs_y = -2},
    {.bitmap_index = 127263, .adv_w = 480, .box_w = 29, .box_h = 28, .ofs_x = 1, .ofs_y = -3},
    {.bitmap_index = 127669, .adv_w = 480, .box_w = 29, .box_h = 28, .ofs_x = 1, .ofs_y = -3},
    {.bitmap_index = 128075, .adv_w = 480, .box_w = 28, .box_h = 29, .ofs_x = 1, .ofs_y = -3},
    {.bitmap_index = 128481, .adv_w = 480, .box_w = 28, .box_h = 27, .ofs_x = 1, .ofs_y = -2},
    {.bitmap_index = 128859, .adv_w = 480, .box_w = 29, .box_h = 28, .ofs_x = 1, .ofs_y = -3},
    {.bitmap_index = 129265, .adv_w = 480, .box_w = 28, .box_h = 28, .ofs_x = 1, .ofs_y = -2},
    {.bitmap_index = 129657, .adv_w = 480, .box_w = 27, .box_h = 28, .ofs_x = 1, .ofs_y = -3},
    {.bitmap_index = 130035, .adv_w = 480, .box_w = 29, .box_h = 29, .ofs_x = 0, .ofs_y = -3},
    {.bitmap_index = 130456, .adv_w = 480, .box_w = 29, .box_h = 29, .ofs_x = 0, .ofs_y = -3},
    {.bitmap_index = 130877, .adv_w = 480, .box_w = 29, .box_h = 27, .ofs_x = 1, .ofs_y = -3},
    {.bitmap_index = 131269, .adv_w = 480, .box_w = 29, .box_h = 29, .ofs_x = 0, .ofs_y = -3},
    {.bitmap_index = 131690, .adv_w = 480, .box_w = 28, .box_h = 28, .ofs_x = 1, .ofs_y = -2},
    {.bitmap_index = 132082, .adv_w = 480, .box_w = 29, .box_h = 29, .ofs_x = 0, .ofs_y = -3},
    {.bitmap_index = 132503, .adv_w = 480, .box_w = 29, .box_h = 29, .ofs_x = 1, .ofs_y = -3},
    {.bitmap_index = 132924, .adv_w = 480, .box_w = 30, .box_h = 29, .ofs_x = 0, .ofs_y = -3},
    {.bitmap_index = 133359, .adv_w = 480, .box_w = 30, .box_h = 27, .ofs_x = 0, .ofs_y = -3},
    {.bitmap_index = 133764, .adv_w = 480, .box_w = 29, .box_h = 29, .ofs_x = 0, .ofs_y = -3},
    {.bitmap_index = 134185, .adv_w = 480, .box_w = 30, .box_h = 28, .ofs_x = 0, .ofs_y = -3},
    {.bitmap_index = 134605, .adv_w = 480, .box_w = 30, .box_h = 29, .ofs_x = 0, .ofs_y = -3},
    {.bitmap_index = 135040, .adv_w = 480, .box_w = 29, .box_h = 29, .ofs_x = 1, .ofs_y = -3},
    {.bitmap_index = 135461, .adv_w = 480, .box_w = 29, .box_h = 29, .ofs_x = 1, .ofs_y = -3},
    {.bitmap_index = 135882, .adv_w = 480, .box_w = 30, .box_h = 28, .ofs_x = 0, .ofs_y = -3},
    {.bitmap_index = 136302, .adv_w = 480, .box_w = 29, .box_h = 29, .ofs_x = 0, .ofs_y = -3},
    {.bitmap_index = 136723, .adv_w = 480, .box_w = 30, .box_h = 29, .ofs_x = 0, .ofs_y = -3},
    {.bitmap_index = 137158, .adv_w = 480, .box_w = 29, .box_h = 29, .ofs_x = 0, .ofs_y = -3},
    {.bitmap_index = 137579, .adv_w = 480, .box_w = 29, .box_h = 28, .ofs_x = 1, .ofs_y = -3},
    {.bitmap_index = 137985, .adv_w = 480, .box_w = 28, .box_h = 28, .ofs_x = 1, .ofs_y = -2},
    {.bitmap_index = 138377, .adv_w = 480, .box_w = 28, .box_h = 27, .ofs_x = 1, .ofs_y = -2},
    {.bitmap_index = 138755, .adv_w = 480, .box_w = 30, .box_h = 28, .ofs_x = 0, .ofs_y = -2},
    {.bitmap_index = 139175, .adv_w = 480, .box_w = 28, .box_h = 28, .ofs_x = 1, .ofs_y = -2},
    {.bitmap_index = 139567, .adv_w = 480, .box_w = 29, .box_h = 29, .ofs_x = 0, .ofs_y = -3},
    {.bitmap_index = 139988, .adv_w = 480, .box_w = 29, .box_h = 28, .ofs_x = 0, .ofs_y = -2},
    {.bitmap_index = 140394, .adv_w = 480, .box_w = 29, .box_h = 29, .ofs_x = 1, .ofs_y = -3},
    {.bitmap_index = 140815, .adv_w = 480, .box_w = 26, .box_h = 29, .ofs_x = 2, .ofs_y = -3},
    {.bitmap_index = 141192, .adv_w = 480, .box_w = 26, .box_h = 29, .ofs_x = 2, .ofs_y = -3},
    {.bitmap_index = 141569, .adv_w = 480, .box_w = 26, .box_h = 27, .ofs_x = 2, .ofs_y = -2},
    {.bitmap_index = 141920, .adv_w = 480, .box_w = 26, .box_h = 28, .ofs_x = 2, .ofs_y = -3},
    {.bitmap_index = 142284, .adv_w = 480, .box_w = 27, .box_h = 29, .ofs_x = 2, .ofs_y = -3},
    {.bitmap_index = 142676, .adv_w = 480, .box_w = 28, .box_h = 29, .ofs_x = 2, .ofs_y = -3},
    {.bitmap_index = 143082, .adv_w = 480, .box_w = 28, .box_h = 29, .ofs_x = 2, .ofs_y = -3},
    {.bitmap_index = 143488, .adv_w = 480, .box_w = 28, .box_h = 28, .ofs_x = 1, .ofs_y = -2},
    {.bitmap_index = 143880, .adv_w = 480, .box_w = 28, .box_h = 28, .ofs_x = 1, .ofs_y = -3},
    {.bitmap_index = 144272, .adv_w = 480, .box_w = 28, .box_h = 28, .ofs_x = 1, .ofs_y = -2},
    {.bitmap_index = 144664, .adv_w = 480, .box_w = 30, .box_h = 28, .ofs_x = 0, .ofs_y = -3},
    {.bitmap_index = 145084, .adv_w = 480, .box_w = 29, .box_h = 28, .ofs_x = 0, .ofs_y = -3},
    {.bitmap_index = 145490, .adv_w = 480, .box_w = 30, .box_h = 29, .ofs_x = 0, .ofs_y = -3},
    {.bitmap_index = 145925, .adv_w = 480, .box_w = 30, .box_h = 29, .ofs_x = 0, .ofs_y = -3},
    {.bitmap_index = 146360, .adv_w = 480, .box_w = 30, .box_h = 28, .ofs_x = 0, .ofs_y = -3},
    {.bitmap_index = 146780, .adv_w = 480, .box_w = 29, .box_h = 28, .ofs_x = 0, .ofs_y = -3},
    {.bitmap_index = 147186, .adv_w = 480, .box_w = 30, .box_h = 29, .ofs_x = 0, .ofs_y = -3},
    {.bitmap_index = 147621, .adv_w = 480, .box_w = 28, .box_h = 28, .ofs_x = 1, .ofs_y = -2},
    {.bitmap_index = 148013, .adv_w = 480, .box_w = 28, .box_h = 29, .ofs_x = 1, .ofs_y = -3},
    {.bitmap_index = 148419, .adv_w = 480, .box_w = 29, .box_h = 29, .ofs_x = 1, .ofs_y = -3},
    {.bitmap_index = 148840, .adv_w = 480, .box_w = 29, .box_h = 29, .ofs_x = 0, .ofs_y = -3},
    {.bitmap_index = 149261, .adv_w = 480, .box_w = 5, .box_h = 24, .ofs_x = 5, .ofs_y = -1},
    {.bitmap_index = 149321, .adv_w = 480, .box_w = 9, .box_h = 29, .ofs_x = 20, .ofs_y = -3},
    {.bitmap_index = 149452, .adv_w = 480, .box_w = 9, .box_h = 29, .ofs_x = 1, .ofs_y = -3},
    {.bitmap_index = 149583, .adv_w = 480, .box_w = 7, .box_h = 12, .ofs_x = 4, .ofs_y = -4},
    {.bitmap_index = 149625, .adv_w = 480, .box_w = 7, .box_h = 21, .ofs_x = 4, .ofs_y = -1},
    {.bitmap_index = 149699, .adv_w = 480, .box_w = 14, .box_h = 24, .ofs_x = 0, .ofs_y = -1},
    {.bitmap_index = 149867, .adv_w = 480, .box_w = 20, .box_h = 23, .ofs_x = 5, .ofs_y = 0}
};

/*---------------------
 *  CHARACTER MAPPING
 *--------------------*/

static const uint8_t glyph_id_ofs_list_0[] = {
    0, 1, 0, 0, 0, 0, 0, 0,
    2, 3, 0, 0, 4, 5, 6, 7,
    8, 9, 10, 11, 12, 13, 14, 15,
    16, 17, 18, 0, 0, 0, 0, 19
};

static const uint16_t unicode_list_3[] = {
    0x0, 0x1f6f, 0x1f7d, 0x205e, 0x2f5c, 0x2f5d, 0x4d5b, 0x4d65,
    0x4d66, 0x4d68, 0x4d69, 0x4d6e, 0x4d75, 0x4d7f, 0x4d88, 0x4d95,
    0x4d96, 0x4dbb, 0x4de7, 0x4de9, 0x4e02, 0x4e09, 0x4e20, 0x4e28,
    0x4e33, 0x4e47, 0x4e73, 0x4e7b, 0x4ea8, 0x4ea9, 0x4eae, 0x4eb7,
    0x4eda, 0x4ef6, 0x4f1e, 0x4f38, 0x4f3c, 0x4f49, 0x4fb7, 0x50a8,
    0x50c0, 0x50c3, 0x50ce, 0x50e0, 0x50e8, 0x510e, 0x5112, 0x5121,
    0x5155, 0x5156, 0x5161, 0x5162, 0x5172, 0x5174, 0x5178, 0x518b,
    0x5191, 0x519d, 0x51a8, 0x51fa, 0x51fb, 0x51fc, 0x5203, 0x525b,
    0x52a2, 0x52b0, 0x52c6, 0x52ce, 0x52cf, 0x52dd, 0x52fa, 0x5316,
    0x5325, 0x532c, 0x5331, 0x533e, 0x534a, 0x534e, 0x5352, 0x5369,
    0x5381, 0x538a, 0x53b3, 0x53ce, 0x53e7, 0x5489, 0x54a1, 0x55c3,
    0x5683, 0x56a2, 0x56aa, 0x56b2, 0x56e6, 0x5755, 0x584b, 0x585f,
    0x5862, 0x5868, 0x5882, 0x588f, 0x58d8, 0x58dd, 0x5926, 0x5ac1,
    0x5ae4, 0x5ae7, 0x5af5, 0x5af8, 0x5af9, 0x5b21, 0x5b61, 0x5b6a,
    0x5baa, 0x5bb9, 0x5d40, 0x5d4d, 0x5d63, 0x5d81, 0x5d93, 0x5db0,
    0x5dcd, 0x5dce, 0x5dd1, 0x5dea, 0x5e01, 0x5e5b, 0x5e5d, 0x5e6a,
    0x5eae, 0x5eb0, 0x5ee0, 0x5f05, 0x5f09, 0x5f32, 0x5f46, 0x5f5c,
    0x5f82, 0x5f96, 0x5fbd, 0x6003, 0x607a, 0x616b, 0x616c, 0x616d,
    0x6171, 0x6192, 0x619b, 0x61ae, 0x61c6, 0x61f0, 0x61ff, 0x6200,
    0x6224, 0x6243, 0x6244, 0x625c, 0x62bd, 0x62c9, 0x62ed, 0x6300,
    0x6302, 0x632a, 0x632b, 0x63a1, 0x6408, 0x6428, 0x648a, 0x6494,
    0x6499, 0x64a0, 0x64a3, 0x64be, 0x64cb, 0x64e2, 0x6508, 0x650b,
    0x6514, 0x653b, 0x6540, 0x6551, 0x658a, 0x6599, 0x65d5, 0x665b,
    0x6664, 0x6668, 0x6685, 0x6687, 0x6695, 0x669b, 0x66bc, 0x66c0,
    0x66d9, 0x66da, 0x66f7, 0x672f, 0x6740, 0x6762, 0x67be, 0x681b,
    0x697c, 0x6a7c, 0x6aa2, 0x6abd, 0x6abe, 0x6ae5, 0x6b2d, 0x6b6f,
    0x6b82, 0x6b8f, 0x6c50, 0x6c5c, 0x6c72, 0x6ca6, 0x6ce3, 0x6cff,
    0x6d0d, 0x6d56, 0x6d60, 0x6d84, 0x6dda, 0x6deb, 0x6dfd, 0x6e3f,
    0x6e5d, 0x6fc8, 0x7014, 0x7033, 0x7048, 0x70df, 0x7198, 0x71a3,
    0x71c4, 0x71d4, 0x7211, 0x72e2, 0x730a, 0x730b, 0x7361, 0x747a,
    0x7483, 0x7490, 0x74a0, 0x74c0, 0x75df, 0x7609, 0x764f, 0x775c,
    0x779b, 0x77c9, 0x7895, 0x78dc, 0x792d, 0x7966, 0x7968, 0x7aad,
    0x7ab1, 0x7afc, 0x7c56, 0x7c82, 0x7e02, 0x7e1a, 0x7e2e, 0x7e30,
    0x7e37, 0x7e3a, 0x7e42, 0x7e48, 0x7e4f, 0x7e7b, 0x7eac, 0x7ec9,
    0x7faf, 0x8058, 0x806c, 0x808c, 0x8145, 0x8148, 0x814f, 0x81dd,
    0x8240, 0x824c, 0x8327, 0x87a7, 0x87be, 0x88dc, 0x893e, 0x8941,
    0x895b, 0x8ac1, 0x8afd, 0x8aff, 0x8b0a, 0x8b0b, 0x8b19, 0x8b30,
    0x8b3d, 0x8b48, 0x8b4a, 0x8b52, 0x8b5e, 0x8c83, 0x8ce0, 0x8d0e,
    0x8ec7, 0x8ec9, 0x8eca, 0x8eee, 0x8f22, 0x8f2b, 0x8f2c, 0x8f36,
    0x8f39, 0x8f58, 0x8f64, 0x8f75, 0x8f7a, 0x8fda, 0x9058, 0x90a8,
    0x9128, 0x912a, 0x912c, 0x93fa, 0x945c, 0x9474, 0x94da, 0x9543,
    0x9548, 0x954f, 0x955b, 0x958d, 0x959f, 0x95bf, 0x95f7, 0x965b,
    0x974e, 0x97d4, 0x97d5, 0x97ec, 0x97f8, 0x9829, 0x99cc, 0x99e7,
    0x9a33, 0x9d88, 0x9e33, 0x9ef4, 0xfe5c, 0xfe63, 0xfe64, 0xfe67,
    0xfe75, 0xfe7a, 0xff40
};

/*Collect the unicode lists and glyph_id offsets*/
static const lv_font_fmt_txt_cmap_t cmaps[] =
{
    {
        .range_start = 32, .range_length = 32, .glyph_id_start = 1,
        .unicode_list = NULL, .glyph_id_ofs_list = glyph_id_ofs_list_0, .list_length = 32, .type = LV_FONT_FMT_TXT_CMAP_FORMAT0_FULL
    },
    {
        .range_start = 65, .range_length = 26, .glyph_id_start = 21,
        .unicode_list = NULL, .glyph_id_ofs_list = NULL, .list_length = 0, .type = LV_FONT_FMT_TXT_CMAP_FORMAT0_TINY
    },
    {
        .range_start = 97, .range_length = 26, .glyph_id_start = 47,
        .unicode_list = NULL, .glyph_id_ofs_list = NULL, .list_length = 0, .type = LV_FONT_FMT_TXT_CMAP_FORMAT0_TINY
    },
    {
        .range_start = 165, .range_length = 65345, .glyph_id_start = 73,
        .unicode_list = unicode_list_3, .glyph_id_ofs_list = NULL, .list_length = 355, .type = LV_FONT_FMT_TXT_CMAP_SPARSE_TINY
    }
};

/*-----------------
 *    KERNING
 *----------------*/


/*Map glyph_ids to kern left classes*/
static const uint8_t kern_left_class_mapping[] =
{
    0, 0, 0, 1, 0, 2, 3, 2,
    4, 0, 0, 0, 0, 0, 0, 0,
    0, 0, 0, 5, 0, 6, 7, 8,
    9, 10, 11, 12, 0, 0, 13, 14,
    15, 0, 0, 9, 16, 9, 17, 18,
    19, 20, 21, 22, 23, 24, 25, 26,
    27, 28, 0, 29, 30, 31, 32, 0,
    0, 33, 34, 32, 32, 27, 27, 35,
    36, 37, 38, 35, 39, 40, 41, 42,
    43, 0, 3, 0, 0, 0, 0, 0,
    0, 0, 0, 0, 0, 0, 0, 0,
    0, 0, 0, 0, 0, 0, 0, 0,
    0, 0, 0, 0, 0, 0, 0, 0,
    0, 0, 0, 0, 0, 0, 0, 0,
    0, 0, 0, 0, 0, 0, 0, 0,
    0, 0, 0, 0, 0, 0, 0, 0,
    0, 0, 0, 0, 0, 0, 0, 0,
    0, 0, 0, 0, 0, 0, 0, 0,
    0, 0, 0, 0, 0, 0, 0, 0,
    0, 0, 0, 0, 0, 0, 0, 0,
    0, 0, 0, 0, 0, 0, 0, 0,
    0, 0, 0, 0, 0, 0, 0, 0,
    0, 0, 0, 0, 0, 0, 0, 0,
    0, 0, 0, 0, 0, 0, 0, 0,
    0, 0, 0, 0, 0, 0, 0, 0,
    0, 0, 0, 0, 0, 0, 0, 0,
    0, 0, 0, 0, 0, 0, 0, 0,
    0, 0, 0, 0, 0, 0, 0, 0,
    0, 0, 0, 0, 0, 0, 0, 0,
    0, 0, 0, 0, 0, 0, 0, 0,
    0, 0, 0, 0, 0, 0, 0, 0,
    0, 0, 0, 0, 0, 0, 0, 0,
    0, 0, 0, 0, 0, 0, 0, 0,
    0, 0, 0, 0, 0, 0, 0, 0,
    0, 0, 0, 0, 0, 0, 0, 0,
    0, 0, 0, 0, 0, 0, 0, 0,
    0, 0, 0, 0, 0, 0, 0, 0,
    0, 0, 0, 0, 0, 0, 0, 0,
    0, 0, 0, 0, 0, 0, 0, 0,
    0, 0, 0, 0, 0, 0, 0, 0,
    0, 0, 0, 0, 0, 0, 0, 0,
    0, 0, 0, 0, 0, 0, 0, 0,
    0, 0, 0, 0, 0, 0, 0, 0,
    0, 0, 0, 0, 0, 0, 0, 0,
    0, 0, 0, 0, 0, 0, 0, 0,
    0, 0, 0, 0, 0, 0, 0, 0,
    0, 0, 0, 0, 0, 0, 0, 0,
    0, 0, 0, 0, 0, 0, 0, 0,
    0, 0, 0, 0, 0, 0, 0, 0,
    0, 0, 0, 0, 0, 0, 0, 0,
    0, 0, 0, 0, 0, 0, 0, 0,
    0, 0, 0, 0, 0, 0, 0, 0,
    0, 0, 0, 0, 0, 0, 0, 0,
    0, 0, 0, 0
};

/*Map glyph_ids to kern right classes*/
static const uint8_t kern_right_class_mapping[] =
{
    0, 0, 1, 0, 2, 3, 4, 5,
    6, 0, 0, 0, 0, 0, 0, 0,
    0, 0, 0, 7, 8, 9, 0, 10,
    0, 0, 0, 10, 0, 0, 11, 0,
    0, 0, 0, 10, 0, 10, 0, 12,
    13, 14, 15, 16, 17, 18, 19, 20,
    0, 21, 21, 21, 22, 23, 0, 24,
    25, 0, 0, 26, 26, 21, 26, 21,
    26, 27, 28, 29, 30, 31, 32, 33,
    34, 0, 4, 0, 0, 0, 0, 0,
    0, 0, 0, 0, 0, 0, 0, 0,
    0, 0, 0, 0, 0, 0, 0, 0,
    0, 0, 0, 0, 0, 0, 0, 0,
    0, 0, 0, 0, 0, 0, 0, 0,
    0, 0, 0, 0, 0, 0, 0, 0,
    0, 0, 0, 0, 0, 0, 0, 0,
    0, 0, 0, 0, 0, 0, 0, 0,
    0, 0, 0, 0, 0, 0, 0, 0,
    0, 0, 0, 0, 0, 0, 0, 0,
    0, 0, 0, 0, 0, 0, 0, 0,
    0, 0, 0, 0, 0, 0, 0, 0,
    0, 0, 0, 0, 0, 0, 0, 0,
    0, 0, 0, 0, 0, 0, 0, 0,
    0, 0, 0, 0, 0, 0, 0, 0,
    0, 0, 0, 0, 0, 0, 0, 0,
    0, 0, 0, 0, 0, 0, 0, 0,
    0, 0, 0, 0, 0, 0, 0, 0,
    0, 0, 0, 0, 0, 0, 0, 0,
    0, 0, 0, 0, 0, 0, 0, 0,
    0, 0, 0, 0, 0, 0, 0, 0,
    0, 0, 0, 0, 0, 0, 0, 0,
    0, 0, 0, 0, 0, 0, 0, 0,
    0, 0, 0, 0, 0, 0, 0, 0,
    0, 0, 0, 0, 0, 0, 0, 0,
    0, 0, 0, 0, 0, 0, 0, 0,
    0, 0, 0, 0, 0, 0, 0, 0,
    0, 0, 0, 0, 0, 0, 0, 0,
    0, 0, 0, 0, 0, 0, 0, 0,
    0, 0, 0, 0, 0, 0, 0, 0,
    0, 0, 0, 0, 0, 0, 0, 0,
    0, 0, 0, 0, 0, 0, 0, 0,
    0, 0, 0, 0, 0, 0, 0, 0,
    0, 0, 0, 0, 0, 0, 0, 0,
    0, 0, 0, 0, 0, 0, 0, 0,
    0, 0, 0, 0, 0, 0, 0, 0,
    0, 0, 0, 0, 0, 0, 0, 0,
    0, 0, 0, 0, 0, 0, 0, 0,
    0, 0, 0, 0, 0, 0, 0, 0,
    0, 0, 0, 0, 0, 0, 0, 0,
    0, 0, 0, 0, 0, 0, 0, 0,
    0, 0, 0, 0, 0, 0, 0, 0,
    0, 0, 0, 0, 0, 0, 0, 0,
    0, 0, 0, 0, 0, 0, 0, 0,
    0, 0, 0, 0
};

/*Kern values between classes*/
static const int8_t kern_class_values[] =
{
    0, 0, 0, 0, 0, 0, 0, 0,
    0, 0, -11, 0, 0, 0, 0, 0,
    0, 0, 0, 0, 0, 0, 0, 0,
    43, 0, 0, 0, 0, 0, 0, 0,
    0, 0, 0, 0, 0, 0, 0, 0,
    0, 0, 0, 0, 0, 0, -53, -12,
    -37, -19, 0, -53, 0, 0, -6, 0,
    0, 0, 16, 0, 0, -28, 0, -23,
    -14, 0, -11, 0, 0, 0, 0, 0,
    0, 0, 0, 0, 0, 0, -11, -11,
    -27, 0, -10, -5, -16, -37, -11, 0,
    0, 0, 0, 0, 0, 0, 0, -13,
    0, -5, 0, -8, 0, 0, 0, 0,
    0, 0, 0, 0, 0, 0, -22, -5,
    -43, 0, 0, 0, 0, 0, 0, 0,
    0, -13, -14, 0, -5, 11, 11, 0,
    0, 2, -11, 0, 0, 0, 0, 0,
    0, 0, 0, 0, 0, 0, 0, 0,
    0, 0, 0, 0, 0, 0, 0, 0,
    0, -16, 0, 0, 0, 0, 0, 0,
    2, 0, 0, 0, 0, 0, 0, 0,
    0, 0, 0, 0, 0, 0, 0, 0,
    0, -16, -3, -5, 0, 0, -33, -8,
    -8, 0, 0, -8, -3, 11, 0, -5,
    0, 0, 0, 0, 11, -8, -3, -5,
    -3, -3, -5, 0, 0, 0, 0, 0,
    0, 0, 0, 0, 0, 0, -9, -8,
    -13, 0, -4, -3, -3, -8, -3, 0,
    0, 0, 0, 0, 0, 0, 0, -5,
    0, -8, -5, -5, -8, 0, 0, 0,
    0, -16, 0, 0, 0, 0, 0, -17,
    -5, -13, -9, -8, -3, -3, -3, -5,
    -5, 0, 0, 0, -11, 0, 0, 0,
    0, -16, -5, -8, -5, 0, -8, 0,
    0, 0, 0, 0, 0, -9, 0, 0,
    -5, 0, -24, 0, -13, 0, -5, -3,
    -11, -11, -11, 0, 0, 0, 0, 0,
    0, 0, 0, 0, 0, 0, 0, -8,
    0, -5, 0, 0, 0, 0, 0, 0,
    0, 0, 0, 0, 0, 0, 0, 0,
    0, 0, 0, 0, 0, 0, -5, 0,
    0, 0, 0, 0, 0, -13, 0, -5,
    0, -19, -5, 0, 0, 0, -42, 0,
    -42, -34, 0, 0, -21, -5, -74, -12,
    0, 0, 0, 0, -13, -2, -16, -19,
    -8, 0, -13, 0, 0, -11, -12, -5,
    -9, -13, -11, -16, -11, -20, 0, 0,
    0, 0, 0, 0, 0, 0, -3, 0,
    0, 0, -11, 0, -8, -3, 0, 0,
    0, 0, 0, 0, 0, 0, 0, 0,
    0, 0, 0, 0, 0, 0, 0, 0,
    0, 0, -13, 0, -13, 0, 0, 0,
    0, 0, -22, 0, 0, 0, 0, 0,
    0, 0, 0, 0, 0, 0, 0, 0,
    0, 0, 0, 0, 0, 0, 0, 0,
    0, 0, 0, 0, 0, -20, 0, 0,
    0, -5, -5, -12, 0, -7, -11, -8,
    -8, -5, 0, -11, 0, 0, -5, 0,
    0, 0, -5, 0, 0, -21, -7, -13,
    -11, -11, -13, -8, 0, 0, 0, -27,
    0, 0, 0, -21, 0, -16, 0, -13,
    -65, -17, -41, -31, 0, -43, 0, 0,
    -7, -8, -3, 0, 0, 0, 0, -12,
    -5, -22, -19, 0, -22, 0, 0, 0,
    -64, -16, -64, -36, 0, 0, -27, 0,
    -78, -5, -12, 0, 0, 0, -13, -5,
    -37, -22, -12, 0, -14, 0, 0, 0,
    -5, 0, 0, 0, 0, -8, 0, -11,
    0, 0, 0, -17, 0, 0, 0, 0,
    -3, 0, -9, -7, -8, 0, 0, 3,
    -3, -3, -5, -3, -5, 0, -3, 0,
    0, 0, 0, 0, 0, 0, 0, -5,
    0, -5, 0, 0, 0, 8, 0, 0,
    0, 0, 0, 0, -8, -8, -11, 0,
    0, 0, 0, -8, 0, 0, 0, 0,
    0, 0, 0, 0, 0, -13, 0, 0,
    0, 0, 0, -2, 0, 0, -59, -38,
    -59, -45, -11, 0, -22, -13, -68, -19,
    0, 0, 0, 0, -11, -8, -27, -38,
    -37, -9, -38, 0, 0, -24, -32, -9,
    -24, -16, -17, -19, -16, -39, 0, 0,
    -11, 0, -11, -14, 0, 0, -8, 0,
    -27, -5, 0, 0, -3, 0, -5, -8,
    0, -3, 0, 0, -5, 0, 0, 0,
    -3, 0, 0, 0, 0, -5, 0, 0,
    0, 0, -37, -10, -37, -22, 0, 0,
    -8, -5, -38, -5, 0, -5, 5, 0,
    0, 0, -10, -14, -9, 0, -12, 0,
    0, -11, -8, 0, -16, -5, -5, -9,
    -5, -13, 0, 0, -19, -5, -19, -12,
    0, 0, 0, -3, -32, -3, 0, 0,
    0, 0, 0, 0, -3, -8, 0, 0,
    -5, 0, 0, 0, 0, 0, 0, 0,
    0, 0, 0, -5, 0, 0, 0, -16,
    0, 0, 0, 0, 0, -11, -3, -8,
    -11, -5, 0, 0, 0, 0, 0, -5,
    -5, -11, 0, 0, 0, 0, 0, -11,
    -5, -11, -8, -5, -11, -8, 0, 0,
    -52, -37, -52, -33, -15, -5, -8, -8,
    -54, -9, -8, -5, 0, 0, 0, 0,
    -13, -38, -24, 0, -32, 0, 0, -22,
    -24, -19, -19, -8, -13, -19, -8, -27,
    0, 0, 0, -17, 0, 0, 0, 0,
    -3, -11, -16, -16, 0, -5, -3, -3,
    0, -8, -8, -8, -11, -11, -7, 0,
    0, 0, 0, -8, -11, -8, -8, -13,
    -8, 0, 0, 0, 0, 0, 0, 0,
    0, -10, 0, 0, 0, 0, -13, 0,
    -11, -3, 0, -13, 0, 0, 0, 0,
    0, 0, 0, 0, 0, -8, 0, 0,
    0, 0, 0, 0, 0, 0, -5, 3,
    -5, 0, 0, -10, 0, 0, 0, 0,
    -31, 0, -10, 0, -3, -26, 0, -7,
    0, -1, 0, 0, 0, 0, -1, -11,
    0, -3, -3, -11, -3, -4, 0, 0,
    0, -13, 0, 0, 0, 0, 0, 0,
    0, 0, -11, 0, -8, 0, 0, -13,
    0, -5, -12, 0, -5, 0, 0, 0,
    0, -5, 0, 3, 3, 2, 3, 0,
    0, 0, 0, 5, 0, 0, 0, -5,
    0, 0, -11, -11, -13, 0, -11, -5,
    0, -16, 0, -7, 0, -1, -5, 0,
    0, 0, 0, -5, 0, 0, 0, -5,
    0, 0, 6, 24, -29, -8, -29, -6,
    0, 13, 0, 0, 0, 0, 24, 0,
    35, 24, 16, 30, 0, -11, -5, 0,
    -7, 0, -5, 0, -3, 0, 0, 5,
    0, -3, 0, -8, 0, 6, 0, 0,
    0, 23, 0, -21, 0, 0, 0, 0,
    -16, 0, 0, 0, 0, -8, 0, -9,
    -8, 0, 0, 0, 22, 0, 0, 0,
    0, -3, -3, 0, 6, -8, 0, 0,
    0, 0, 0, 0, 0, -5, 0, 0,
    0, 0, -13, 0, -5, 0, 0, -11,
    0, 0, 0, 0, 0, 0, 0, 0,
    0, 0, 0, 0, 0, 0, 0, 0,
    0, 0, 5, -31, 5, 0, 5, -10,
    0, 0, 0, 0, -22, 0, 0, 0,
    0, -7, 0, -5, -12, 0, -5, 0,
    -5, 0, 0, -13, -8, 0, 0, -5,
    0, -5, 0, 0, 0, 0, 0, 0,
    0, 0, 0, 0, 0, 0, 0, 0,
    0, 0, 0, 0, 0, 0, 0, 0,
    0, 0, 5, 0, 0, 0, 0, 0,
    0, 0, 0, 0, 0, 0, 0, 0,
    0, 0, 0, 0, 0, 0, 0, 0,
    -11, 0, -8, 0, 0, -16, 0, 0,
    0, 0, 0, 0, 0, 0, 0, 0,
    0, 0, 0, 0, 0, 0, 0, 0,
    -36, -13, -36, -17, 11, 0, -8, 0,
    -33, 0, 0, 0, 0, 0, 0, 0,
    -5, -13, -5, 0, -5, 0, 0, 0,
    -3, 0, 0, 11, 8, 0, 11, -3,
    0, 0, 0, 5, 0, 0, 0, -8,
    0, 0, 0, 0, -13, 0, -5, 0,
    0, -11, 0, 0, 0, 0, 0, 0,
    0, 0, 0, -11, 0, 0, 0, 0,
    0, 0, 0, 0, 0, -16, 0, 3,
    6, -16, 0, 0, 0, 0, -8, 0,
    0, 0, 0, -3, 0, -12, -8, 0,
    -5, 0, 0, 0, -5, -11, 0, 0,
    0, -8, 0, 0, 0, 0, -23, -5,
    -23, -11, 0, 0, -6, 0, -22, 0,
    -11, 0, -5, 0, 0, -8, -5, -11,
    -3, 0, 0, 0, -5, 0, 0, 0,
    0, 0, 0, 0, 0, -13, 0, 0,
    -29, 0, -29, -3, 0, 0, -3, 0,
    -16, 0, -13, 0, -5, 0, -8, -13,
    0, -5, -3, 0, 0, 0, -5, 0,
    0, 0, 0, 0, 0, 0, 0, -11,
    -8, 0, 5, -8, -5, 0, 0, 0,
    0, -5, 0, -3, -16, 0, -9, 0,
    -5, -19, 0, -5, -11, 0, 0, 0,
    0, 0, 0, -13, 0, 0, 0, 0,
    -3, 0, 0, 0, -23, 0, -23, -6,
    0, 0, 0, 0, -22, 0, -11, 0,
    -3, 0, -3, -5, 0, -11, -3, 0,
    0, 0, -5, 0, 0, 0, 0, 0,
    0, -8, 0, -13, 0, 0, 0, -11,
    0, 0, 0, 0, 0, 0, 0, 0,
    -13, 0, 0, 0, 0, -13, 0, -11,
    -5, 0, -3, 0, 0, 0, 0, 0,
    -5, -3, 0, 0, -3, 0
};


/*Collect the kern class' data in one place*/
static const lv_font_fmt_txt_kern_classes_t kern_classes =
{
    .class_pair_values   = kern_class_values,
    .left_class_mapping  = kern_left_class_mapping,
    .right_class_mapping = kern_right_class_mapping,
    .left_class_cnt      = 43,
    .right_class_cnt     = 34,
};

/*--------------------
 *  ALL CUSTOM DATA
 *--------------------*/

#if LVGL_VERSION_MAJOR == 8
/*Store all the custom data of the font*/
static  lv_font_fmt_txt_glyph_cache_t cache;
#endif

#if LVGL_VERSION_MAJOR >= 8
static const lv_font_fmt_txt_dsc_t font_dsc = {
#else
static lv_font_fmt_txt_dsc_t font_dsc = {
#endif
    .glyph_bitmap = glyph_bitmap,
    .glyph_dsc = glyph_dsc,
    .cmaps = cmaps,
    .kern_dsc = &kern_classes,
    .kern_scale = 16,
    .cmap_num = 4,
    .bpp = 4,
    .kern_classes = 1,
    .bitmap_format = 0,
#if LVGL_VERSION_MAJOR == 8
    .cache = &cache
#endif

};



/*-----------------
 *  PUBLIC FONT
 *----------------*/

/*Initialize a public general font descriptor*/
#if LVGL_VERSION_MAJOR >= 8
const lv_font_t ui_font_SC_30 = {
#else
lv_font_t ui_font_SC_30 = {
#endif
    .get_glyph_dsc = lv_font_get_glyph_dsc_fmt_txt,    /*Function pointer to get glyph's data*/
    .get_glyph_bitmap = lv_font_get_bitmap_fmt_txt,    /*Function pointer to get glyph's bitmap*/
    .line_height = 34,          /*The maximum line height required by the font*/
    .base_line = 7,             /*Baseline measured from the bottom of the line*/
#if !(LVGL_VERSION_MAJOR == 6 && LVGL_VERSION_MINOR == 0)
    .subpx = LV_FONT_SUBPX_NONE,
#endif
#if LV_VERSION_CHECK(7, 4, 0) || LVGL_VERSION_MAJOR >= 8
    .underline_position = -4,
    .underline_thickness = 2,
#endif
    .static_bitmap = 0,
    .dsc = &font_dsc,          /*The custom font data. Will be accessed by `get_glyph_bitmap/dsc` */
#if LV_VERSION_CHECK(8, 2, 0) || LVGL_VERSION_MAJOR >= 9
    .fallback = NULL,
#endif
    .user_data = NULL,
};



#endif /*#if UI_FONT_SC_30*/
