
#if defined(LV_LVGL_H_INCLUDE_SIMPLE)
#include "lvgl.h"
#elif defined(LV_LVGL_H_INCLUDE_SYSTEM)
#include <lvgl.h>
#elif defined(LV_BUILD_TEST)
#include "../lvgl.h"
#else
#include "lvgl/lvgl.h"
#endif

#ifndef LV_ATTRIBUTE_MEM_ALIGN
#define LV_ATTRIBUTE_MEM_ALIGN
#endif

#ifndef LV_ATTRIBUTE_LACK_OF_SOFTENER
#define LV_ATTRIBUTE_LACK_OF_SOFTENER
#endif

static const
LV_ATTRIBUTE_MEM_ALIGN LV_ATTRIBUTE_LARGE_CONST LV_ATTRIBUTE_LACK_OF_SOFTENER
uint8_t lack_of_softener_map[] = {

    0x02,0x00,0x00,0x00,0x97,0x6f,0x00,0x00,0xa8,0x43,0x05,0x00,0x1f,0x00,0x01,0x00,
    0xff,0xff,0xff,0xff,0xff,0xff,0xff,0xff,0xff,0xff,0xff,0xff,0xff,0xff,0xff,0xff,
    0xff,0xff,0xff,0xff,0xff,0xff,0xff,0xff,0xff,0xff,0xff,0xff,0xff,0xff,0xff,0xff,
    0xff,0xff,0xff,0xff,0xff,0xff,0xff,0xff,0xff,0xff,0xff,0xff,0xff,0xff,0xff,0xff,
    0xff,0xff,0xff,0xff,0xff,0xff,0xff,0xff,0xff,0xff,0xff,0xff,0xff,0xff,0xff,0xff,
    0xff,0xff,0xff,0xff,0xff,0xff,0xff,0xff,0xff,0xff,0xff,0xff,0xff,0xff,0xff,0xff,
    0xff,0xff,0xff,0xff,0xff,0xff,0xff,0xff,0xff,0xff,0xff,0xff,0xff,0xff,0xff,0xff,
    0xff,0xff,0xff,0xff,0xff,0xff,0xff,0xff,0xff,0xff,0xff,0xff,0xff,0xff,0xff,0xff,
    0xff,0xff,0xff,0xff,0xff,0xff,0xff,0xff,0xff,0xff,0xff,0xff,0xff,0xff,0xff,0xff,
    0xff,0xff,0xff,0xff,0xff,0xff,0xff,0xff,0xff,0xff,0xff,0xff,0xff,0xff,0xff,0xff,
    0xff,0xff,0xff,0xff,0xff,0xff,0xff,0xff,0xff,0xff,0xff,0xff,0xff,0xff,0xff,0xff,
    0xff,0xff,0xff,0xff,0xff,0xff,0xff,0xff,0xff,0xff,0xff,0xff,0xff,0xff,0xff,0xff,
    0xff,0xff,0xff,0xff,0xff,0xff,0xff,0xff,0xff,0xff,0xff,0xff,0x9e,0x1f,0x20,0x02,
    0x00,0x0a,0x0f,0x13,0xbc,0xc9,0x4f,0x20,0x00,0x20,0x08,0x02,0x00,0x10,0x0f,0x03,
    0x01,0xc9,0x0f,0x02,0x00,0xff,0x7f,0x51,0x20,0x00,0x20,0x00,0x21,0x02,0x00,0x1f,
    0x41,0x02,0x00,0x0a,0x02,0x24,0x00,0x0f,0xa2,0x03,0xbd,0x04,0x92,0x03,0x4f,0x40,
    0x08,0x40,0x10,0x02,0x00,0x0c,0x05,0xba,0x03,0x0f,0xc3,0x02,0xff,0x7f,0x0f,0x02,
    0x00,0xbc,0x02,0x92,0x03,0x02,0x8c,0x03,0x9f,0x62,0x00,0x62,0x08,0x62,0x08,0x62,
    0x08,0x82,0x02,0x00,0x02,0x02,0x1c,0x00,0x13,0x62,0xb8,0x03,0x0f,0x9e,0x03,0xb5,
    0x06,0x90,0x03,0x78,0x60,0x10,0x61,0x18,0x61,0x18,0x81,0x02,0x00,0x38,0x20,0x81,
    0x20,0x10,0x00,0x75,0x61,0x18,0x61,0x18,0x60,0x10,0x60,0xa0,0x03,0x0f,0x0b,0x02,
    0xbc,0x0f,0x02,0x00,0xff,0x79,0x33,0x20,0x00,0x21,0x90,0x03,0x92,0x82,0x08,0x83,
    0x08,0xa3,0x08,0xa3,0x08,0xc4,0x02,0x00,0x61,0x10,0xc4,0x10,0xc4,0x10,0xe4,0x02,
    0x00,0x02,0x0c,0x00,0x02,0x18,0x00,0x52,0xa3,0x08,0xa3,0x08,0x83,0xa4,0x03,0x03,
    0x9c,0x03,0x0f,0xcd,0x01,0xa9,0x22,0x20,0x00,0x94,0x03,0xf8,0x07,0x60,0x10,0x81,
    0x18,0x81,0x18,0xa1,0x20,0xa1,0x20,0xc1,0x28,0xc1,0x28,0xc1,0x28,0xc2,0x28,0xe2,
    0x28,0xe2,0x30,0x02,0x00,0x11,0xc2,0x18,0x00,0x51,0xc1,0x28,0xa1,0x28,0xa1,0xac,
    0x03,0x6f,0x60,0x18,0x60,0x10,0x40,0x10,0x9c,0x03,0xff,0xff,0x47,0x02,0x28,0x07,
    0x11,0x62,0x92,0x03,0xb3,0xc4,0x08,0xe4,0x10,0x05,0x11,0x05,0x11,0x06,0x11,0x26,
    0x02,0x00,0x15,0x46,0x02,0x00,0x04,0x12,0x00,0xd3,0x06,0x11,0x05,0x11,0x05,0x11,
    0xe5,0x10,0xc4,0x10,0xa3,0x08,0x83,0x3c,0x07,0x1f,0x21,0x99,0x03,0xa6,0x01,0x2a,
    0x07,0x61,0x10,0x60,0x10,0x81,0x18,0x81,0x90,0x03,0xf9,0x00,0xe2,0x30,0x02,0x39,
    0x02,0x39,0x22,0x39,0x22,0x41,0x22,0x41,0x22,0x41,0x42,0x02,0x00,0x01,0x14,0x00,
    0xf2,0x02,0x39,0x02,0x39,0x02,0x39,0xe2,0x30,0xe2,0x30,0xc1,0x28,0xa1,0x20,0x81,
    0x18,0x61,0x18,0x38,0x07,0x0f,0x01,0x01,0xa6,0x0f,0x02,0x00,0xff,0x85,0x02,0x2a,
    0x07,0xf9,0x0a,0x83,0x08,0xa3,0x08,0xc4,0x10,0x05,0x11,0x26,0x11,0x47,0x19,0x67,
    0x19,0x88,0x19,0x88,0x19,0xa9,0x19,0xa9,0x21,0xa9,0x21,0xc9,0x02,0x00,0xf1,0x06,
    0xa9,0x21,0xa9,0x21,0xa9,0x21,0x88,0x19,0x88,0x19,0x67,0x19,0x47,0x19,0x26,0x11,
    0x05,0x11,0xe4,0x10,0xc4,0x9c,0x03,0x0f,0x36,0x07,0xa5,0x02,0x96,0x03,0x42,0x61,
    0x18,0xa1,0x20,0x92,0x03,0xc2,0x22,0x41,0x43,0x49,0x63,0x49,0x83,0x51,0x83,0x51,
    0xa3,0x59,0x02,0x00,0x13,0xa4,0x02,0x00,0x02,0x0e,0x00,0xe4,0xa3,0x59,0x83,0x51,
    0x83,0x51,0x63,0x51,0x43,0x49,0x42,0x41,0x22,0x39,0x9c,0x03,0x12,0x60,0xd2,0x0a,
    0x0f,0xe2,0x02,0xff,0x85,0x0f,0x02,0x00,0x9f,0x03,0xc0,0x0a,0x01,0xb8,0x0a,0xfd,
    0x06,0x05,0x11,0x26,0x11,0x67,0x19,0x88,0x19,0xc9,0x21,0xea,0x21,0x0b,0x22,0x2b,
    0x2a,0x2b,0x2a,0x2c,0x2a,0x4c,0x02,0x00,0xff,0x0a,0x2c,0x2a,0x2c,0x2a,0x2b,0x2a,
    0x0b,0x2a,0xea,0x21,0xc9,0x21,0xa9,0x21,0x67,0x19,0x46,0x19,0x05,0x11,0xc4,0x10,
    0xa3,0x08,0x82,0x9a,0x03,0xa2,0xff,0x10,0x20,0x08,0x40,0x08,0x60,0x10,0x81,0x18,
    0xa1,0x20,0xe2,0x30,0x02,0x39,0x42,0x41,0x63,0x49,0x83,0x59,0xc4,0x61,0xe4,0x69,
    0x24,0x72,0x25,0x72,0x25,0x7a,0x45,0x02,0x00,0x00,0xf2,0x01,0x25,0x7a,0x25,0x7a,
    0x25,0x72,0x04,0x6a,0xc4,0x61,0xa3,0x59,0x83,0x51,0x43,0x49,0x9c,0x03,0x31,0x81,
    0x20,0x61,0xd0,0x0a,0x0f,0x02,0x02,0x9f,0x0f,0x02,0x00,0xff,0x84,0x01,0x2c,0x07,
    0x52,0x08,0xa3,0x08,0xc4,0x10,0x94,0x03,0xdf,0xea,0x21,0x0b,0x2a,0x4c,0x2a,0x8e,
    0x2a,0xb0,0x2a,0xd1,0x2a,0xf1,0x02,0x00,0x06,0xb1,0xd1,0x2a,0xd0,0x2a,0x8e,0x2a,
    0x4c,0x2a,0x2b,0x2a,0xea,0x9c,0x03,0x53,0x26,0x11,0xe5,0x10,0xa3,0x34,0x07,0x0f,
    0xe8,0x01,0x99,0x02,0x2c,0x07,0x02,0x96,0x03,0x22,0x22,0x39,0x94,0x03,0xcf,0x85,
    0x8a,0x68,0xbb,0xc8,0xcb,0xe9,0xdb,0xe9,0xdb,0x09,0xdc,0x02,0x00,0x05,0xf4,0x05,
    0xe9,0xdb,0xe9,0xd3,0x88,0xc3,0xe6,0x9a,0xe4,0x69,0xa4,0x59,0x63,0x51,0x22,0x41,
    0x02,0x31,0xc1,0x28,0x34,0x07,0x0f,0x00,0x01,0x99,0x0f,0x02,0x00,0xff,0x86,0x13,
    0x20,0x96,0x03,0xff,0x02,0xe5,0x10,0x26,0x11,0x88,0x19,0xc9,0x21,0x0b,0x2a,0x8e,
    0x2a,0xf2,0x22,0x36,0x1b,0x57,0x02,0x00,0x12,0x51,0x36,0x1b,0x13,0x23,0x8f,0x9c,
    0x03,0x3f,0x88,0x19,0x46,0x9a,0x03,0xa2,0x07,0x96,0x03,0xbf,0x41,0x83,0x51,0xc4,
    0x61,0xc6,0x9a,0x29,0xe4,0xab,0xfc,0x02,0x00,0x17,0xc2,0x6a,0xf4,0x27,0xab,0x04,
    0x72,0x83,0x51,0x43,0x41,0x02,0x39,0x9a,0x03,0x0f,0x02,0x12,0xff,0xff,0x33,0x71,
    0x20,0x00,0x21,0x00,0x62,0x00,0x83,0x2c,0x07,0x7f,0x68,0x19,0xea,0x21,0x2c,0x2a,
    0xd1,0x94,0x03,0x16,0x04,0x02,0x00,0xd3,0x36,0x1b,0xf2,0x22,0x4d,0x2a,0xea,0x21,
    0x88,0x19,0x26,0x11,0xe4,0x34,0x07,0x0f,0x9c,0x15,0x95,0x01,0xc4,0x0a,0x01,0xc2,
    0x0a,0xbf,0x22,0x41,0x63,0x51,0xe4,0x69,0x47,0xb3,0x6a,0xf4,0xaa,0x96,0x03,0x18,
    0xff,0x07,0xab,0xfc,0xab,0xfc,0x8a,0xfc,0xc9,0xd3,0x45,0x7a,0x83,0x59,0x43,0x41,
    0xe2,0x30,0xa1,0x20,0x81,0x18,0x40,0x10,0x32,0x07,0xff,0xff,0x31,0xf4,0x03,0x21,
    0x00,0x41,0x00,0x82,0x08,0xc4,0x08,0x05,0x11,0x67,0x19,0xc9,0x21,0x4c,0x2a,0xf3,
    0x22,0x6e,0x03,0x0f,0x02,0x00,0x1b,0x24,0x14,0x23,0x9a,0x03,0x31,0xc4,0x08,0x83,
    0x66,0x0e,0x0f,0x20,0x09,0x91,0x01,0x1c,0x19,0xef,0x10,0x81,0x18,0xc1,0x28,0x02,
    0x39,0x63,0x49,0xc4,0x61,0x68,0xbb,0x8a,0x94,0x03,0x1c,0x02,0x02,0x00,0x91,0xaa,
    0xfc,0x09,0xdc,0x04,0x72,0x83,0x51,0x22,0x9a,0x03,0x02,0x00,0x12,0x0f,0x00,0x01,
    0x91,0x0f,0x02,0x00,0xff,0x88,0xf9,0x02,0x21,0x00,0x62,0x00,0xa3,0x08,0xe5,0x10,
    0x47,0x19,0xa9,0x21,0x2b,0x2a,0xf2,0x22,0x37,0xbe,0x0a,0x8e,0x97,0x2b,0x18,0x44,
    0xb9,0x5c,0xfa,0x6c,0x02,0x00,0x68,0xb9,0x5c,0x18,0x44,0x97,0x2b,0xbc,0x03,0xa2,
    0x14,0x23,0x4c,0x2a,0xc9,0x21,0x47,0x19,0x05,0x11,0x66,0x0e,0x0f,0x32,0x07,0x91,
    0x51,0x20,0x08,0x40,0x08,0x61,0x2e,0x07,0x6a,0x43,0x49,0xa3,0x59,0x07,0xa3,0x96,
    0x03,0xb9,0xec,0xfc,0x70,0xfd,0x13,0xfe,0x55,0xfe,0x55,0xfe,0x75,0x02,0x00,0x82,
    0x55,0xfe,0x34,0xfe,0xb1,0xfd,0x0d,0xfd,0x94,0x03,0x02,0x02,0x00,0x82,0xaa,0xfc,
    0xa8,0xcb,0xe4,0x69,0x63,0x49,0xcc,0x0a,0x0f,0x32,0x07,0xff,0xff,0x2f,0x02,0x5c,
    0x0e,0xa8,0xc4,0x08,0x05,0x11,0x88,0x19,0xea,0x21,0x8f,0x2a,0x96,0x03,0xcf,0x77,
    0x23,0x59,0x4c,0xdb,0x95,0xdd,0xce,0x3e,0xdf,0x5e,0xe7,0x02,0x00,0x00,0xa5,0xdf,
    0xdd,0xc6,0xbb,0x95,0x59,0x54,0x77,0x23,0x57,0xca,0x03,0x91,0xd1,0x22,0x0b,0x2a,
    0x88,0x19,0x26,0x11,0xc4,0x98,0x15,0x0f,0x98,0x03,0x94,0x03,0x2e,0x07,0x4a,0x83,
    0x51,0x25,0x72,0x58,0x0e,0xd9,0x6f,0xfd,0x76,0xfe,0x5c,0xff,0x9d,0xff,0xbe,0xff,
    0xbe,0xff,0xde,0x02,0x00,0xb7,0xbe,0xff,0xbe,0xff,0x7c,0xff,0xd8,0xfe,0xd1,0xfd,
    0xcb,0x5e,0x07,0x42,0x8a,0xf4,0xc6,0x9a,0x32,0x07,0x3f,0x81,0x20,0x60,0xca,0x0a,
    0xff,0xff,0x2e,0xf7,0x00,0x21,0x00,0x41,0x00,0x83,0x08,0xe4,0x10,0x46,0x19,0xa9,
    0x21,0x4c,0x2a,0x14,0x64,0x03,0xaf,0x77,0x23,0x3a,0x75,0xfd,0xce,0xbe,0xf7,0xdf,
    0xff,0x02,0x00,0x07,0x66,0xbe,0xf7,0xfd,0xce,0xfa,0x6c,0x9a,0x03,0x31,0x36,0x1b,
    0x6d,0x32,0x07,0x5f,0xe5,0x10,0x83,0x08,0x62,0xca,0x0a,0x90,0xf2,0x01,0x20,0x00,
    0x20,0x08,0x60,0x10,0x81,0x20,0xe2,0x30,0x22,0x41,0xa3,0x59,0x07,0xab,0xfa,0x06,
    0x02,0x02,0x00,0x5f,0xb1,0xfd,0x3a,0xff,0xde,0xfc,0x00,0x08,0x93,0xdf,0xff,0xdf,
    0xff,0x7c,0xff,0x14,0xfe,0xec,0x30,0x00,0xff,0x02,0xab,0xfc,0xab,0xfc,0x09,0xdc,
    0xc4,0x61,0x63,0x49,0x02,0x31,0xa1,0x20,0x61,0x18,0x40,0xfe,0x23,0xff,0xff,0x2c,
    0x02,0xc6,0x0a,0x31,0x05,0x11,0x67,0x2e,0x07,0x06,0x84,0x15,0xfe,0x01,0x77,0x23,
    0xfa,0x6c,0x3d,0xdf,0xbf,0xf7,0xdf,0xff,0xbe,0xf7,0x5e,0xe7,0x3e,0xdf,0x02,0x00,
    0xd5,0x5e,0xe7,0xbe,0xf7,0xdf,0xff,0xbf,0xf7,0x1d,0xd7,0xfa,0x6c,0x57,0xd0,0x03,
    0x53,0xd1,0x22,0x0a,0x22,0x88,0xca,0x0a,0x1f,0x21,0xd0,0x2e,0x8e,0x04,0xf4,0x11,
    0x82,0x02,0x31,0x63,0x49,0xe4,0x61,0xe9,0xd3,0x5e,0x03,0x71,0xab,0xfc,0xab,0xfc,
    0x4e,0xfd,0x1a,0x96,0x03,0x7d,0xbe,0xff,0x5b,0xff,0xd8,0xfe,0xb8,0x02,0x00,0x31,
    0x1a,0xff,0x9d,0xb4,0x03,0x42,0x7c,0xff,0xf2,0xfd,0x32,0x00,0x01,0x00,0x12,0x61,
    0xf4,0x45,0x7a,0x83,0x51,0x22,0x96,0x15,0x0f,0xca,0x0a,0xff,0xff,0x2b,0x02,0xc6,
    0x0a,0x97,0xa3,0x08,0x06,0x11,0x88,0x19,0x0b,0x22,0xd1,0xf2,0x11,0xfb,0x02,0x18,
    0x44,0x9d,0xbe,0xbf,0xf7,0xdf,0xff,0x7e,0xef,0x5c,0xae,0xfa,0x6c,0x59,0x4c,0x39,
    0x02,0x00,0xf4,0x01,0x59,0x4c,0xfa,0x6c,0x5c,0xb6,0x9e,0xef,0xdf,0xff,0xbf,0xf7,
    0x9c,0xbe,0xf8,0x3b,0xcc,0x0a,0x91,0x14,0x23,0x2b,0x2a,0xa8,0x21,0x26,0x11,0xc4,
    0xc8,0x1c,0x0f,0xca,0x0a,0x8d,0x52,0x20,0x08,0x40,0x10,0x61,0xf4,0x11,0x52,0x51,
    0x45,0x7a,0x4a,0xec,0x5e,0x03,0xfd,0x04,0xab,0xfc,0xcc,0xfc,0x54,0xfe,0xde,0xff,
    0xdf,0xff,0xbe,0xff,0xb7,0xfe,0x6f,0xfd,0xed,0xfc,0xec,0x02,0x00,0x51,0x2e,0xfd,
    0x34,0xfe,0x7c,0x9a,0x03,0x35,0xf9,0xfe,0x2d,0x9a,0x03,0x31,0xaa,0xfc,0xe6,0xca,
    0x0a,0x0f,0x98,0x03,0xff,0xff,0x33,0x97,0x82,0x08,0xc4,0x08,0x26,0x11,0xa8,0x19,
    0x2b,0xc6,0x0a,0xe4,0x77,0x23,0x5a,0x7d,0x9e,0xef,0xdf,0xff,0x9e,0xef,0x9b,0x8d,
    0xb8,0x33,0x74,0x03,0x0c,0x02,0x00,0x51,0xd8,0x33,0x9b,0x8d,0x7e,0x26,0x00,0x24,
    0x3a,0x7d,0xcc,0x0a,0x11,0x35,0xfc,0x11,0x5f,0x46,0x19,0xc4,0x10,0x83,0x98,0x03,
    0x94,0xb5,0x81,0x18,0xc1,0x28,0x22,0x41,0x83,0x51,0x85,0x8a,0x6a,0x98,0x03,0x33,
    0x2e,0xfd,0x3b,0x96,0x03,0x08,0xa6,0x0a,0x0a,0x02,0x00,0x97,0xcb,0xfc,0x13,0xfe,
    0x9d,0xff,0xdf,0xff,0x9d,0x32,0x07,0xcf,0xaa,0xfc,0x27,0xab,0xa3,0x59,0x42,0x41,
    0xe2,0x28,0x81,0x20,0x30,0x07,0xff,0xff,0x2f,0x5b,0x82,0x08,0xc4,0x10,0x26,0x5e,
    0x0e,0x4c,0xb8,0x33,0x3c,0xae,0x0a,0x07,0x0f,0x02,0x00,0x01,0xa4,0x18,0x3c,0xbd,
    0xbe,0xbf,0xf7,0xbf,0xf7,0x3c,0xae,0x9a,0x15,0x22,0x36,0x23,0x62,0x0e,0x11,0xe4,
    0x98,0x03,0x0f,0x62,0x0e,0x8d,0x02,0x52,0x20,0x01,0x98,0x03,0x54,0x59,0x86,0x8a,
    0x6a,0xf4,0x7a,0x03,0x31,0xb1,0xfd,0x7c,0x3e,0x0e,0x15,0x90,0x0a,0x07,0x0f,0x02,
    0x00,0x01,0xa4,0x0d,0xfd,0xf9,0xfe,0xdf,0xff,0xbe,0xff,0x76,0xfe,0x1e,0x00,0x8f,
    0xaa,0xfc,0x68,0xbb,0xa4,0x59,0x43,0x49,0xfa,0x11,0xff,0xff,0x2f,0x11,0x20,0xf6,
    0x11,0x31,0xc4,0x10,0x47,0xba,0x1c,0x15,0x35,0x26,0x0e,0x42,0xf8,0x3b,0xbd,0xc6,
    0x2e,0x07,0x0f,0x8e,0x03,0x01,0x06,0x02,0x00,0xb3,0x77,0x23,0x9b,0x8d,0xbe,0xf7,
    0xdf,0xff,0xbd,0xc6,0xd8,0x56,0x07,0x53,0x36,0x23,0x6d,0x2a,0xea,0xfa,0x11,0x0f,
    0x98,0x03,0x95,0x86,0xe2,0x30,0x42,0x41,0xa3,0x59,0xa6,0x92,0x98,0x03,0x86,0xf2,
    0xfd,0x9d,0xff,0xdf,0xff,0x1a,0xff,0xa2,0x0a,0x0f,0x02,0x00,0x01,0x95,0xcc,0xfc,
    0x55,0xfe,0xdf,0xff,0xde,0xff,0xb8,0x98,0x03,0xbf,0xab,0xfc,0x88,0xc3,0xc4,0x61,
    0x63,0x49,0xe2,0x30,0xa1,0x92,0x15,0xff,0xff,0x2c,0x02,0x98,0x03,0x11,0xe4,0x98,
    0x03,0x19,0x6d,0x98,0x03,0x86,0xdd,0xce,0xdf,0xff,0x7e,0xef,0x5a,0x7d,0x84,0x03,
    0x0f,0x02,0x00,0x01,0xa4,0x77,0x23,0x3a,0x75,0x9e,0xf7,0xdf,0xff,0xdd,0xce,0x62,
    0x0e,0x81,0x36,0x23,0x8d,0x2a,0xea,0x21,0x67,0x19,0x2a,0x2b,0x0f,0x92,0x15,0x8e,
    0x01,0x30,0x07,0x69,0x20,0xe2,0x30,0x43,0x41,0xa4,0x98,0x03,0x13,0xf3,0x98,0x03,
    0x0a,0xa2,0x1c,0x0c,0x02,0x00,0x11,0xcb,0x98,0x03,0x1f,0xdf,0x98,0x03,0x08,0x0f,
    0x60,0x0f,0x8d,0x0f,0x02,0x00,0xff,0x86,0x06,0x98,0x03,0x1b,0xca,0x98,0x03,0x1f,
    0xfd,0x98,0x03,0x26,0x52,0x8e,0x32,0xea,0x21,0x67,0x92,0x15,0x0f,0x98,0x03,0x90,
    0x02,0x26,0x19,0x0f,0x98,0x03,0x39,0x13,0xe4,0x2a,0x19,0x1f,0x60,0x2a,0x19,0xff,
    0xff,0x2a,0x02,0x98,0x03,0x5f,0xe5,0x10,0x67,0x19,0xea,0x98,0x03,0x38,0x15,0x0b,
    0x2a,0x19,0x0f,0xfa,0x11,0x8d,0x05,0x98,0x03,0x38,0x49,0xc4,0x61,0xc8,0x0a,0x0f,
    0x30,0x07,0x29,0x4f,0xe4,0x69,0x83,0x51,0xf4,0x23,0xff,0xff,0x2f,0x09,0x98,0x03,
    0x18,0x32,0xc8,0x0a,0x0f,0x30,0x07,0x25,0xcf,0x56,0x23,0xae,0x32,0x2b,0x2a,0xa8,
    0x19,0x26,0x11,0xc4,0x10,0x8c,0x39,0x8f,0x0f,0x98,0x03,0x3f,0x43,0xa8,0xc3,0x04,
    0x6a,0x2a,0x19,0x0f,0x26,0x2b,0xff,0xff,0x2a,0x31,0x21,0x00,0x42,0x1c,0x2b,0x5f,
    0x67,0x19,0xea,0x21,0x8d,0x98,0x03,0x34,0x53,0xcf,0x32,0x4c,0x2a,0xa9,0xfa,0x11,
    0x02,0x8c,0x39,0x0f,0x66,0x0d,0x87,0x42,0x20,0x08,0x60,0x10,0x56,0x20,0x37,0xc4,
    0x61,0xc6,0xf8,0x11,0x0f,0x30,0x07,0x27,0x57,0xa8,0xcb,0x24,0x72,0xa4,0x58,0x32,
    0x03,0x32,0x4f,0x0f,0xc9,0x0d,0xff,0x86,0x0f,0x02,0x00,0x84,0x04,0xee,0x23,0x4f,
    0x68,0x19,0x0a,0x22,0x98,0x03,0x35,0x71,0xf0,0x32,0x6d,0x2a,0xea,0x21,0x68,0x32,
    0x07,0x06,0xf6,0x47,0x0f,0x9e,0x03,0x81,0x22,0x20,0x00,0xb4,0x2e,0x86,0x02,0x39,
    0x63,0x51,0xe4,0x69,0xc6,0x9a,0x90,0x15,0x0f,0xf8,0x11,0x27,0x73,0xa8,0xcb,0x45,
    0x7a,0xe4,0x69,0x63,0x58,0x32,0x51,0x81,0x18,0x60,0x18,0x40,0xc2,0x40,0x01,0x02,
    0x00,0x0f,0x06,0x02,0x84,0x0f,0x02,0x00,0xff,0x7e,0x01,0x7a,0x39,0x21,0x08,0xa4,
    0xb4,0x2e,0x3f,0x0b,0x2a,0xae,0x30,0x07,0x0c,0x81,0x77,0x23,0x77,0x23,0x97,0x23,
    0x97,0x2b,0x02,0x00,0x23,0x23,0x77,0x02,0x00,0x0c,0x90,0x15,0xf1,0x02,0x56,0x23,
    0x11,0x3b,0xae,0x32,0x2b,0x2a,0xa9,0x21,0x67,0x19,0x06,0x11,0xe4,0x10,0xa4,0xf6,
    0x47,0x24,0x62,0x08,0x6e,0x56,0x0f,0x3c,0x07,0x79,0x01,0x8e,0x15,0x01,0xee,0x23,
    0x5f,0x83,0x51,0xe4,0x69,0xe6,0x98,0x03,0x00,0xf1,0x02,0x2e,0xfd,0xcb,0xfc,0xec,
    0xfc,0x0d,0xfd,0x4f,0xfd,0xb1,0xfd,0xf3,0xfd,0x13,0xfe,0x14,0x02,0x00,0xbd,0x13,
    0xfe,0xf3,0xfd,0xd2,0xfd,0xb1,0xfd,0x90,0xfd,0x75,0x90,0x15,0xc4,0xc8,0xd3,0x65,
    0x8a,0x04,0x72,0xa4,0x59,0x63,0x49,0x22,0x41,0xf6,0x47,0x21,0x61,0x18,0xcc,0x52,
    0x01,0x30,0x4f,0x2f,0x20,0x08,0x06,0x03,0xff,0x7e,0x0f,0x02,0x00,0x7f,0x14,0x21,
    0x56,0x20,0x6f,0x11,0xa9,0x21,0x2c,0x2a,0xcf,0x98,0x03,0x02,0xfa,0x13,0x77,0x23,
    0xd8,0x33,0xf8,0x3b,0x39,0x4c,0xfa,0x6c,0x7b,0x85,0xdb,0x9d,0xfc,0x9d,0x1c,0xa6,
    0x1c,0xa6,0x1c,0xa6,0xfc,0x9d,0xdb,0x95,0x9b,0x8d,0x5a,0x7d,0x1a,0x75,0x9b,0x8d,
    0x28,0x19,0x91,0x57,0x23,0x52,0x3b,0xef,0x3a,0x6d,0x32,0x0b,0x9a,0x03,0x71,0x26,
    0x11,0x05,0x11,0xc4,0x10,0xc4,0xce,0x52,0x0f,0x9e,0x03,0x7f,0x02,0x5e,0x0e,0x11,
    0xe1,0xb4,0x2e,0x4c,0x04,0x72,0xe6,0xa2,0x30,0x07,0xd9,0x3a,0xff,0x14,0xfe,0x34,
    0xfe,0xb7,0xfe,0x1a,0xff,0x7c,0xff,0xbd,0x54,0x32,0x91,0xbe,0xff,0xbe,0xff,0x9d,
    0xff,0x7c,0xff,0x5c,0x8a,0x27,0x08,0xc0,0x1c,0xf2,0x00,0xe9,0xd3,0xa6,0x92,0x45,
    0x82,0x04,0x6a,0xa4,0x59,0x63,0x51,0x42,0x41,0x02,0x92,0x4b,0x03,0x30,0x4f,0x01,
    0x9e,0x03,0x0f,0xd8,0x0a,0xff,0xff,0x10,0x01,0x1c,0x2b,0x01,0x5e,0x0e,0x9b,0x47,
    0x19,0xca,0x21,0x6c,0x2a,0xf0,0x3a,0x56,0xc0,0x1c,0xf5,0x04,0x9e,0xef,0x3c,0xae,
    0xdb,0x9d,0x1c,0xa6,0xbd,0xc6,0x7e,0xef,0x9e,0xf7,0xbe,0xf7,0xbe,0xf7,0xbf,0x02,
    0x00,0x11,0xbe,0x10,0x00,0x59,0x9e,0xef,0x9e,0xef,0xbf,0xc0,0x1c,0xf6,0x0a,0x57,
    0x23,0x93,0x43,0x31,0x3b,0xcf,0x32,0x6d,0x2a,0x0b,0x2a,0xca,0x21,0x89,0x19,0x68,
    0x19,0x47,0x19,0x06,0x11,0xe5,0x10,0xc5,0x9e,0x03,0x0f,0x3a,0x07,0x74,0x02,0x1c,
    0x2b,0x13,0xa1,0x10,0x3d,0x46,0x45,0x7a,0x07,0xab,0x98,0x03,0xf1,0x0c,0xd2,0xfd,
    0x9d,0xff,0xbd,0xff,0x3a,0xff,0xd8,0xfe,0xd8,0xfe,0x76,0xfe,0x75,0xfe,0x13,0xfe,
    0xf2,0xfd,0xf2,0xfd,0xf2,0xfd,0xb1,0xfd,0x6f,0x02,0x00,0x11,0xb1,0x0e,0x00,0x31,
    0xf2,0xfd,0x13,0x96,0x39,0x17,0xf3,0x16,0x24,0x41,0xe9,0xdb,0xe6,0xa2,0x9a,0x03,
    0xa1,0x72,0xc4,0x61,0xa3,0x59,0x63,0x51,0x43,0x49,0x22,0x9e,0x03,0x19,0xc2,0x9e,
    0x03,0x01,0xd6,0x0a,0x0f,0x3a,0x07,0xff,0xff,0x06,0xf8,0x03,0x21,0x00,0x42,0x00,
    0x82,0x08,0xc4,0x08,0x26,0x11,0x88,0x19,0x0b,0x2a,0x8e,0x32,0x31,0x3b,0x98,0x03,
    0xe2,0xbd,0xc6,0xdf,0xff,0xbe,0xf7,0x7e,0xe7,0x7e,0xef,0xbe,0xf7,0x7e,0xef,0x02,
    0x00,0x1f,0x9e,0x02,0x00,0x02,0x73,0x7e,0xef,0x7e,0xef,0x9c,0xbe,0xd8,0xba,0x2e,
    0x42,0x77,0x23,0xd5,0x43,0x9a,0x03,0x31,0x8e,0x32,0x4c,0x9c,0x03,0x71,0xa9,0x21,
    0x88,0x19,0x47,0x19,0x27,0x9e,0x03,0x11,0xc4,0xd8,0x0a,0x11,0x82,0x9c,0x03,0x0f,
    0x38,0x4f,0x6b,0x51,0x20,0x08,0x40,0x10,0x60,0x10,0x3d,0xb5,0x22,0x41,0x83,0x51,
    0x04,0x6a,0x65,0x82,0x27,0xb3,0x8a,0x88,0x27,0x82,0x4e,0xfd,0xd2,0xfd,0x6f,0xfd,
    0x2e,0xfd,0x1e,0x2b,0x31,0xcb,0xfc,0xcc,0xce,0x0a,0x57,0x0d,0xfd,0x2d,0xfd,0x2e,
    0x02,0x00,0xc4,0x2d,0xfd,0x0d,0xfd,0x0d,0xfd,0xec,0xfc,0xec,0xfc,0xcb,0xfc,0x88,
    0x39,0xf2,0x09,0x6a,0xf4,0xe9,0xdb,0xa8,0xc3,0xe7,0xa2,0x86,0x8a,0x45,0x7a,0x04,
    0x72,0xc4,0x61,0xa4,0x59,0x83,0x51,0x63,0x49,0x43,0x41,0x9e,0x03,0x14,0xc1,0x08,
    0x5a,0x05,0x3a,0x07,0x0f,0x46,0x09,0x7f,0x0f,0x02,0x00,0xff,0x6a,0x71,0x20,0x00,
    0x21,0x00,0x42,0x00,0x83,0x5c,0x0e,0xb5,0x67,0x19,0xca,0x21,0x4c,0x2a,0xcf,0x32,
    0x52,0x43,0x76,0x7e,0x40,0xf4,0x0f,0xb8,0x33,0x5c,0xae,0xdf,0xff,0x5e,0xdf,0xfb,
    0x9d,0x1c,0xa6,0xdb,0x95,0x39,0x4c,0x59,0x54,0x99,0x5c,0xb9,0x64,0xda,0x64,0xda,
    0x6c,0xfa,0x6c,0x1a,0x75,0x02,0x00,0xf5,0x18,0xfa,0x6c,0xfa,0x6c,0xda,0x64,0xb9,
    0x64,0x99,0x5c,0x79,0x54,0x39,0x4c,0x18,0x44,0xd8,0x3b,0xb8,0x33,0xb8,0x33,0xf9,
    0x33,0xd8,0x33,0xb7,0x33,0x75,0x33,0x33,0x2b,0xd1,0x2a,0x8f,0x2a,0x6d,0x2a,0x2c,
    0x9e,0x03,0x14,0x67,0x9e,0x03,0x03,0xd8,0x0a,0x11,0x42,0x3a,0x07,0x0f,0x72,0x0e,
    0x5f,0x02,0x3c,0x44,0x71,0x60,0x18,0xa1,0x20,0xc1,0x28,0x22,0x3e,0x44,0x66,0x45,
    0x7a,0xa6,0x92,0x67,0xbb,0x98,0x03,0xf7,0x0c,0xab,0xfc,0xab,0xfc,0xcc,0xfc,0x0d,
    0xfd,0x4e,0xfd,0x90,0xfd,0xd2,0xfd,0x13,0xfe,0x34,0xfe,0x55,0xfe,0x76,0xfe,0x96,
    0xfe,0x97,0xfe,0xb7,0x02,0x00,0xe2,0x97,0xfe,0x96,0xfe,0x76,0xfe,0x55,0xfe,0x35,
    0xfe,0x34,0xfe,0x13,0xfe,0x72,0x0e,0xf2,0x06,0x4f,0xfd,0x0d,0xfd,0xed,0xfc,0xcc,
    0xfc,0x8b,0xf4,0x29,0xe4,0x88,0xc3,0x07,0xa3,0x65,0x82,0x04,0x6a,0xe4,0x9e,0x03,
    0x03,0x3c,0x07,0x12,0xe1,0x9e,0x03,0x02,0x12,0x12,0x01,0xd6,0x0a,0x0f,0x0a,0x03,
    0xff,0x6a,0x0f,0x02,0x00,0x79,0x31,0x21,0x00,0x41,0x96,0x03,0x15,0xc4,0x3e,0x44,
    0x57,0xae,0x32,0x11,0x3b,0x93,0x98,0x03,0xf8,0x0d,0x97,0x2b,0xb9,0x64,0xb9,0x64,
    0x1a,0x75,0xfa,0x74,0x7b,0x85,0xdb,0x9d,0x3c,0xae,0x7c,0xb6,0xbd,0xc6,0xdd,0xc6,
    0xdd,0xce,0xfd,0xce,0x1e,0xd7,0x02,0x00,0xf5,0x1a,0xfd,0xce,0xdd,0xce,0xdd,0xc6,
    0xbd,0xc6,0x9d,0xbe,0x5c,0xb6,0x3c,0xae,0xfc,0x9d,0xbb,0x95,0x7b,0x85,0x1a,0x75,
    0xda,0x64,0x79,0x5c,0x38,0x44,0xd8,0x33,0x97,0x2b,0x56,0x23,0x35,0x23,0xd2,0x2a,
    0xaf,0x2a,0x6e,0x9e,0x03,0x11,0x68,0x08,0x5a,0x06,0xa4,0x5d,0x1f,0x41,0x9c,0x03,
    0x5e,0x02,0x96,0x52,0x02,0xc2,0x59,0xf3,0x00,0x02,0x39,0x63,0x49,0xa4,0x59,0x24,
    0x72,0x85,0x8a,0xe6,0xa2,0xa8,0xcb,0x8a,0xe2,0x3c,0xf9,0x02,0xcc,0xfc,0x2e,0xfd,
    0x90,0xfd,0x13,0xfe,0x55,0xfe,0xb8,0xfe,0x1a,0xff,0x3b,0xff,0x7c,0xb4,0x40,0x02,
    0x12,0x3d,0x13,0xdf,0xc2,0x40,0x02,0x6a,0x0e,0xf3,0x15,0x9d,0xff,0x7c,0xff,0x5b,
    0xff,0x3a,0xff,0x1a,0xff,0xd8,0xfe,0x97,0xfe,0x55,0xfe,0x13,0xfe,0xd1,0xfd,0x70,
    0xfd,0x2e,0xfd,0xcc,0xfc,0x8b,0xf4,0x09,0xdc,0x47,0xb3,0x85,0x8a,0x25,0x72,0x9e,
    0x03,0x03,0xd8,0x0a,0x02,0x9c,0x03,0x04,0xa4,0x5d,0x0f,0x9c,0x04,0x5f,0x0f,0x02,
    0x00,0xff,0x80,0x01,0x2c,0x56,0x21,0x00,0x83,0x6a,0x4b,0xf2,0x00,0x47,0x11,0xa9,
    0x21,0x0b,0x22,0x6d,0x2a,0xf0,0x3a,0x52,0x43,0xf6,0x43,0x97,0x60,0x0e,0xf1,0x01,
    0x23,0xd8,0x3b,0x79,0x5c,0x3a,0x7d,0xdb,0x9d,0x7c,0xb6,0xfd,0xce,0x5e,0xe7,0x9f,
    0x42,0x0e,0x0f,0x01,0x00,0x0b,0xf2,0x0a,0xdf,0xff,0xdf,0xf7,0xbf,0xf7,0xbf,0xef,
    0x9f,0xef,0x7e,0xe7,0x1e,0xd7,0xdd,0xc6,0x7c,0xb6,0xfc,0x9d,0x9b,0x8d,0xfa,0x74,
    0x79,0x04,0x48,0xc1,0x23,0x15,0x23,0xf2,0x22,0x8f,0x2a,0x4d,0x2a,0x2c,0x2a,0xeb,
    0xa8,0x5d,0x09,0x9c,0x03,0x0f,0x9a,0x03,0x5a,0x0c,0x96,0x03,0xa2,0xa3,0x59,0x04,
    0x6a,0x65,0x82,0x07,0xa3,0x09,0xdc,0x96,0x03,0xff,0x00,0xec,0xfc,0x4f,0xfd,0xf3,
    0xfd,0x76,0xfe,0xf9,0xfe,0x5c,0xff,0xbd,0xff,0xde,0xf6,0x00,0x0a,0x0f,0x02,0x00,
    0x01,0x71,0xdf,0xff,0xbe,0xff,0xbd,0xff,0x7c,0x9c,0x0e,0x51,0x76,0xfe,0x14,0xfe,
    0xb1,0x0e,0x0b,0xf5,0x01,0x6a,0xf4,0xe9,0xd3,0x27,0xab,0x45,0x7a,0xe4,0x69,0xc4,
    0x61,0x83,0x59,0x63,0x49,0x12,0x12,0x11,0x20,0x70,0x56,0x01,0xaa,0x15,0x0f,0x2a,
    0x03,0xff,0x80,0x0f,0x02,0x00,0x59,0x01,0x96,0x03,0xff,0x18,0x08,0x83,0x08,0xc4,
    0x08,0x06,0x11,0x47,0x19,0xa9,0x19,0x0b,0x22,0x6d,0x2a,0xd0,0x32,0x54,0x3b,0xd7,
    0x3b,0x19,0x3c,0x98,0x23,0x97,0x2b,0x38,0x4c,0x1a,0x75,0xdb,0x9d,0xbd,0xc6,0x5e,
    0xdf,0xbf,0xf7,0x78,0x02,0x01,0x0f,0x02,0x00,0x15,0xf1,0x04,0xdf,0xff,0x9e,0xef,
    0x3e,0xdf,0xbd,0xc6,0x3c,0xae,0x9b,0x8d,0xfa,0x74,0x58,0x54,0xb8,0x33,0x77,0x3c,
    0x07,0x13,0x8f,0x3a,0x07,0x22,0x89,0x19,0x08,0x5a,0x03,0x38,0x07,0x0f,0x9c,0x03,
    0x54,0x01,0xa0,0x40,0x03,0x58,0x5d,0x01,0xc2,0x0a,0x63,0x59,0x04,0x72,0xa6,0x92,
    0xc8,0x2a,0x07,0xbf,0xed,0xfc,0x90,0xfd,0x35,0xfe,0xd8,0xfe,0x7c,0xff,0xbe,0xe7,
    0x00,0x06,0x04,0x2e,0x07,0x2f,0xdf,0xff,0xac,0x04,0x0d,0xf1,0x0c,0xff,0xff,0xde,
    0xff,0x9d,0xff,0x3b,0xff,0xd8,0xfe,0x55,0xfe,0xd2,0xfd,0x4f,0xfd,0xec,0xfc,0x8b,
    0xfc,0xc9,0xd3,0xc6,0x9a,0x25,0x72,0xe4,0x12,0x12,0xa1,0x42,0x49,0x02,0x39,0xe2,
    0x30,0xc1,0x28,0x81,0x20,0xaa,0x15,0x0f,0xd2,0x0a,0xff,0xeb,0x05,0x96,0x03,0xfa,
    0x10,0x10,0x06,0x11,0x67,0x19,0xa9,0x21,0x0b,0x2a,0x6d,0x2a,0xd0,0x32,0x55,0x2b,
    0xb8,0x2b,0xd9,0x2b,0xf9,0x33,0x38,0x4c,0xfa,0x74,0x1c,0xa6,0xdd,0xce,0x9e,0xef,
    0x74,0x02,0x02,0x0e,0x07,0xa5,0x9f,0xef,0x7e,0xe7,0x7e,0xe7,0x5e,0xe7,0x5e,0xdf,
    0x02,0x00,0x41,0xe7,0x7e,0xe7,0x7e,0x50,0x07,0x6a,0xbf,0xf7,0xdf,0xf7,0xdf,0xf7,
    0x36,0x00,0xf1,0x0a,0xff,0xff,0xff,0xff,0xdf,0xff,0xbf,0xf7,0x5e,0xe7,0xdd,0xce,
    0x3c,0xae,0x7b,0x8d,0xd9,0x6c,0x18,0x44,0x97,0x2b,0x36,0x23,0xf3,0x3a,0x07,0x02,
    0xae,0x15,0x03,0x38,0x07,0x0f,0x6e,0x0e,0x54,0x36,0x20,0x08,0x20,0x96,0x03,0xc1,
    0x41,0x63,0x51,0xc3,0x59,0x24,0x72,0x07,0xab,0x29,0xe4,0xaa,0x4e,0x0e,0x31,0x70,
    0xfd,0x14,0x94,0x03,0x08,0x24,0x07,0x11,0xdf,0x5c,0x03,0x31,0x7c,0xff,0x3b,0xa4,
    0x0a,0x73,0xf9,0xfe,0xf9,0xfe,0xf8,0xfe,0xd8,0x02,0x00,0xff,0x06,0xf8,0xfe,0xf9,
    0xfe,0xf9,0xfe,0x1a,0xff,0x1a,0xff,0x3b,0xff,0x5b,0xff,0x7c,0xff,0x9c,0xff,0x9d,
    0xff,0xde,0xae,0x03,0x00,0xf3,0x07,0xde,0xff,0x9d,0xff,0x3a,0xff,0xb7,0xfe,0x34,
    0xfe,0x91,0xfd,0x2e,0xfd,0x8b,0xf4,0x09,0xdc,0x07,0xa3,0x25,0x7a,0x9c,0x03,0x92,
    0x41,0x02,0x39,0xc1,0x30,0xa1,0x28,0x81,0x18,0x40,0x61,0x0f,0x36,0x07,0xff,0xe4,
    0x02,0x96,0x03,0x04,0xee,0x60,0xf7,0x08,0xc9,0x21,0x0b,0x2a,0x6d,0x32,0xf2,0x32,
    0x76,0x23,0x98,0x23,0xb8,0x2b,0xf8,0x3b,0xd9,0x6c,0xfb,0x9d,0xdd,0xce,0x9f,0x26,
    0x07,0xf1,0x0b,0xdf,0xff,0x9f,0xef,0x3e,0xdf,0xdd,0xce,0x7c,0xb6,0x1c,0xa6,0xdb,
    0x9d,0xbb,0x95,0x9b,0x8d,0x7b,0x85,0x7b,0x85,0x5b,0x85,0x5b,0x7d,0x02,0x00,0xf7,
    0x0d,0x85,0x7b,0x85,0x7b,0x85,0x9b,0x8d,0xbb,0x95,0xdb,0x9d,0xfc,0x9d,0x3c,0xae,
    0x5c,0xb6,0x9d,0xbe,0xdd,0xce,0x1e,0xd7,0x7e,0xe7,0x9f,0xef,0xdf,0x46,0x00,0x01,
    0xa0,0x03,0xf3,0x03,0xf7,0x7e,0xe7,0xdd,0xce,0xfb,0xa5,0x3a,0x7d,0x59,0x54,0xb7,
    0x33,0x57,0x23,0x14,0x23,0xaf,0x9c,0x03,0x73,0x88,0x19,0x47,0x19,0x06,0x11,0xe5,
    0x12,0x6c,0x0f,0xa4,0x15,0x49,0x31,0x20,0x08,0x40,0xfc,0x4e,0x04,0xc2,0x59,0x62,
    0xc4,0x61,0x45,0x7a,0x88,0xc3,0xbe,0x0a,0x77,0x2e,0xfd,0xd2,0xfd,0xb8,0xfe,0x7c,
    0x56,0x03,0x71,0xdf,0xff,0x9d,0xff,0x5b,0xff,0xf9,0x2e,0x0e,0x04,0x46,0x20,0x57,
    0x70,0xfd,0x6f,0xfd,0x4f,0x02,0x00,0xe2,0x6f,0xfd,0x70,0xfd,0x90,0xfd,0x91,0xfd,
    0xb1,0xfd,0xd2,0xfd,0xf3,0xfd,0x1c,0x12,0x97,0xb8,0xfe,0xf9,0xfe,0x3b,0xff,0x7d,
    0xff,0xbe,0x4c,0x00,0x04,0x3c,0x07,0xf2,0x00,0xf9,0xfe,0x76,0xfe,0xd2,0xfd,0x2e,
    0xfd,0xcb,0xfc,0x09,0xdc,0x07,0xa3,0x24,0x4a,0x19,0x52,0x49,0x22,0x41,0x02,0x31,
    0x6e,0x0e,0x02,0x36,0x07,0x0f,0x3e,0x09,0x59,0x0f,0x02,0x00,0xff,0x72,0xf2,0x15,
    0x21,0x00,0x41,0x00,0x62,0x08,0xa3,0x08,0xe5,0x10,0x26,0x11,0x68,0x19,0xca,0x21,
    0x2c,0x2a,0x8e,0x32,0x13,0x2b,0x57,0x23,0x77,0x23,0x98,0x2b,0x79,0x54,0x9b,0x8d,
    0xbd,0xc6,0x9e,0xef,0x44,0x02,0xf9,0x0e,0xff,0xff,0xdf,0xff,0x7e,0xef,0xfd,0xce,
    0x3c,0xae,0xbb,0x95,0x1a,0x75,0x99,0x5c,0x59,0x54,0x17,0x4c,0xd6,0x43,0xb6,0x3b,
    0x96,0x3b,0x96,0x33,0x75,0x02,0x00,0xf9,0x12,0x96,0x33,0x96,0x3b,0xb6,0x3b,0xd6,
    0x43,0xf6,0x43,0x17,0x4c,0x37,0x54,0x59,0x54,0x99,0x5c,0xfa,0x6c,0x5a,0x7d,0xbb,
    0x95,0x1c,0xa6,0x9d,0xbe,0xfd,0xd6,0x7e,0xe7,0xbf,0xa0,0x03,0xb1,0xbf,0xf7,0x1e,
    0xdf,0x7c,0xb6,0x7a,0x8d,0x99,0x5c,0xd8,0x9c,0x03,0xb3,0xb0,0x2a,0x4d,0x2a,0x0b,
    0x22,0xa9,0x21,0x68,0x19,0x27,0x76,0x68,0x3f,0x62,0x08,0x42,0xa2,0x15,0x44,0x22,
    0x20,0x08,0xde,0x23,0x51,0xa1,0x28,0xe2,0x30,0x42,0xee,0x60,0x42,0xa6,0x8a,0x09,
    0xdc,0x2a,0x07,0x57,0x90,0xfd,0x56,0xfe,0x3b,0x4c,0x0e,0x02,0x6c,0x4b,0xfb,0x08,
    0x55,0xfe,0xd2,0xfd,0x6f,0xfd,0xcd,0xec,0x4b,0xe4,0xe9,0xd3,0x47,0xb3,0xe7,0xa2,
    0xc6,0x9a,0xc6,0x92,0xc6,0x92,0xa6,0x02,0x00,0xf1,0x06,0xc6,0x92,0xc6,0x92,0xc6,
    0x9a,0xe6,0x9a,0x68,0xbb,0x0a,0xd4,0x4b,0xdc,0x6b,0xdc,0x8d,0xdc,0x4f,0xf5,0xb1,
    0x34,0x12,0x02,0x90,0x20,0x14,0xbe,0x53,0x01,0x01,0x02,0x00,0xf7,0x05,0xbe,0xff,
    0x3b,0xff,0x97,0xfe,0xf3,0xfd,0x4f,0xfd,0xcb,0xfc,0x29,0xe4,0xe6,0x9a,0x25,0x72,
    0xc4,0x61,0x76,0x68,0x01,0xa4,0x15,0x0f,0x36,0x07,0xff,0xdc,0x04,0x96,0x03,0x15,
    0xc4,0x96,0x03,0x22,0xaf,0x32,0x96,0x52,0x84,0xb8,0x33,0xb9,0x64,0x1c,0xa6,0x3e,
    0xdf,0x86,0x0a,0xff,0x0f,0xdf,0xff,0x5e,0xe7,0x9d,0xbe,0xdb,0x9d,0x1a,0x75,0x59,
    0x54,0xf8,0x3b,0xd6,0x3b,0x74,0x3b,0x53,0x3b,0x32,0x3b,0x11,0x3b,0xf0,0x3a,0xf0,
    0x3a,0xcf,0x32,0x02,0x00,0x00,0x23,0x3a,0xf0,0x02,0x00,0xf9,0x08,0xf2,0x32,0x12,
    0x33,0x32,0x3b,0x53,0x3b,0xb6,0x3b,0x18,0x4c,0x99,0x5c,0x1a,0x75,0x9b,0x8d,0x3c,
    0xae,0xdd,0xc6,0x5e,0x9e,0x03,0xf8,0x08,0xbf,0xf7,0x3e,0xdf,0x7c,0xb6,0x7b,0x8d,
    0x79,0x54,0xb7,0x33,0x56,0x23,0xf3,0x22,0x8e,0x2a,0x2c,0x2a,0xea,0x21,0xa9,0x36,
    0x07,0x2f,0x00,0x41,0xb8,0x39,0x3e,0x23,0x20,0x00,0x96,0x03,0x01,0x2c,0x07,0xf1,
    0x04,0x83,0x51,0xe4,0x61,0xa6,0x8a,0x49,0xec,0xaa,0xfc,0xab,0xfc,0xed,0xfc,0xb1,
    0xfd,0xb8,0xfe,0x7d,0x36,0x03,0x04,0x94,0x03,0xf2,0x04,0xb7,0xfe,0x13,0xfe,0x70,
    0xfd,0xcc,0xf4,0x2a,0xdc,0x68,0xbb,0xe6,0x9a,0x86,0x8a,0x65,0x82,0x45,0xbe,0x6b,
    0x59,0x72,0x04,0x72,0x04,0x6a,0x02,0x00,0x01,0x14,0x00,0x63,0x25,0x72,0x25,0x72,
    0x25,0x7a,0xf8,0x6b,0xf1,0x01,0x82,0xc6,0x9a,0x07,0xa3,0x68,0xab,0x8c,0xe4,0x2e,
    0xf5,0xb1,0xfd,0x34,0xfe,0x97,0x2e,0x24,0x08,0x1c,0x0b,0x42,0xbe,0xff,0x3b,0xff,
    0x38,0x07,0x88,0x8b,0xf4,0xc8,0xcb,0x85,0x8a,0xe4,0x69,0x36,0x07,0x11,0x61,0x44,
    0x61,0x0f,0x36,0x07,0xff,0xd6,0x02,0xdc,0x23,0x11,0x83,0xc2,0x0a,0x02,0x2c,0x07,
    0x13,0xaf,0xd6,0x35,0x75,0xf8,0x3b,0x3a,0x7d,0x7c,0xbe,0x9f,0x2a,0x07,0xf3,0x0a,
    0x5e,0xe7,0x7c,0xbe,0x9b,0x8d,0x99,0x5c,0xf8,0x3b,0x97,0x33,0x74,0x33,0x32,0x3b,
    0xf0,0x3a,0xcf,0x32,0xae,0x32,0x6d,0x32,0x6d,0x5c,0x6f,0x19,0x0b,0x02,0x00,0x51,
    0x2b,0x2a,0x2b,0x2a,0x2c,0x02,0x00,0x02,0x8a,0x6f,0xf6,0x0d,0x4d,0x2a,0x6d,0x2a,
    0x6d,0x2a,0x6e,0x32,0x8e,0x32,0xaf,0x32,0x12,0x2b,0x74,0x3b,0xf7,0x43,0x99,0x5c,
    0x5a,0x85,0xfc,0xa5,0xbd,0xc6,0x5e,0xe7,0xdc,0x0a,0xf1,0x06,0xdf,0xff,0x5e,0xe7,
    0x7c,0xb6,0x7a,0x85,0x58,0x54,0x97,0x2b,0x36,0x1b,0xd2,0x2a,0x6e,0x2a,0x0b,0x2a,
    0xca,0x36,0x07,0x03,0x6c,0x0e,0x01,0x9a,0x03,0x0f,0x3c,0x18,0x39,0x0b,0x96,0x03,
    0x32,0x69,0xc6,0x92,0xfc,0x4e,0x64,0x0d,0xfd,0xf3,0xfd,0xf9,0xfe,0xd4,0x06,0x31,
    0xdf,0xff,0x5c,0xce,0x06,0xd1,0x2e,0xfd,0x8b,0xec,0xa8,0xcb,0xc6,0x9a,0x65,0x8a,
    0x45,0x7a,0x24,0x4c,0x6f,0x01,0x4e,0x6f,0x03,0xf2,0x72,0x01,0x02,0x00,0x84,0x49,
    0x63,0x49,0x63,0x51,0x63,0x51,0x83,0x02,0x00,0x05,0x24,0x73,0xf1,0x06,0xc4,0x61,
    0xc4,0x61,0xe4,0x61,0xe4,0x69,0x04,0x72,0x25,0x72,0xe6,0x9a,0xc9,0xc3,0xac,0xe4,
    0x90,0xfd,0x13,0x9e,0x03,0x17,0x9d,0xda,0x0a,0x02,0x9c,0x03,0xa2,0xb1,0xfd,0x0d,
    0xfd,0x8a,0xf4,0x67,0xb3,0x45,0x7a,0x36,0x07,0x22,0x02,0x39,0xde,0x64,0x1f,0x60,
    0xa0,0x15,0xff,0xd5,0x06,0x1a,0x68,0x13,0x06,0xc2,0x0a,0x14,0xb0,0x96,0x03,0x54,
    0x43,0x7b,0x8d,0xdd,0xce,0x6e,0x0a,0xf1,0x06,0x9f,0xef,0xbd,0xc6,0x9b,0x95,0x99,
    0x5c,0xd8,0x3b,0x96,0x33,0x54,0x33,0x11,0x3b,0xcf,0x32,0x8e,0x32,0x4c,0xdc,0x18,
    0x33,0xca,0x21,0xc9,0x88,0x76,0x51,0x88,0x19,0x88,0x19,0x68,0x02,0x00,0x31,0x88,
    0x19,0x68,0xb8,0x76,0x55,0x88,0x19,0x88,0x19,0x89,0xbe,0x76,0x33,0xca,0x21,0xca,
    0x38,0x73,0xf4,0x05,0x2c,0x2a,0x4d,0x2a,0x8f,0x2a,0xd0,0x32,0x74,0x33,0xf7,0x4b,
    0xb9,0x64,0x7b,0x8d,0x5c,0xb6,0x1e,0xd7,0x6a,0x00,0x02,0x38,0x07,0xb1,0x3c,0xae,
    0x1a,0x75,0x18,0x44,0x57,0x23,0x15,0x23,0xb0,0x36,0x07,0x11,0x89,0x36,0x07,0x02,
    0x86,0x32,0x0f,0x6a,0x0e,0x39,0x03,0x72,0x27,0x03,0x2c,0x07,0x24,0xc4,0x61,0x96,
    0x03,0x55,0x0e,0xfd,0x14,0xfe,0x1a,0x7c,0x15,0xf2,0x05,0x9d,0xff,0xd9,0xfe,0x14,
    0xfe,0x4f,0xfd,0x8b,0xf4,0xa8,0xc3,0xc6,0x9a,0x65,0x82,0x25,0x72,0xe4,0x69,0x4c,
    0x27,0x21,0x63,0x49,0x22,0x7a,0x01,0x20,0x7a,0xa2,0x02,0x39,0x02,0x31,0x02,0x31,
    0xe2,0x30,0xe2,0x30,0x50,0x7a,0x02,0x02,0x00,0x42,0x22,0x39,0x22,0x39,0x56,0x7a,
    0x35,0x43,0x49,0x63,0xd0,0x76,0xf9,0x02,0xc4,0x61,0xe4,0x69,0x45,0x7a,0xc6,0x92,
    0xea,0xcb,0xee,0xec,0xb1,0xfd,0x55,0xfe,0xf9,0xc2,0x0e,0x71,0x9d,0xff,0xf9,0xfe,
    0x34,0xfe,0x6f,0x6e,0x0e,0x21,0xc6,0x92,0xac,0x6f,0x01,0xec,0x2e,0x06,0x3c,0x19,
    0x1f,0x00,0x01,0x00,0xff,0xcd,0x02,0xc4,0x0a,0x51,0xc4,0x08,0x05,0x11,0x47,0x58,
    0x0e,0x15,0x8f,0x96,0x03,0x44,0x5a,0x85,0xfd,0xce,0xc0,0x0a,0xf1,0x02,0x5e,0xe7,
    0x3c,0xae,0x1a,0x75,0xf8,0x43,0x97,0x2b,0x54,0x33,0xf0,0x3a,0xaf,0x32,0x6d,0x2c,
    0x03,0x31,0xc9,0x21,0x88,0xe4,0x2a,0x53,0x26,0x11,0x26,0x11,0x06,0xba,0x7d,0x0a,
    0x02,0x00,0x11,0x06,0x18,0x00,0x02,0xdc,0x7d,0x51,0x27,0x19,0x47,0x19,0x47,0xb6,
    0x03,0xf9,0x0a,0x89,0x21,0xa9,0x21,0xea,0x21,0x0b,0x2a,0x2c,0x2a,0x4d,0x2a,0x8e,
    0x32,0xf2,0x32,0x95,0x3b,0x79,0x54,0x5a,0x85,0x3c,0xae,0x1d,0x9c,0x03,0x53,0xdd,
    0xc6,0xbb,0x95,0x79,0x36,0x07,0x04,0x6c,0x0e,0x42,0x06,0x11,0xc4,0x10,0xe0,0x64,
    0x0f,0x34,0x07,0x33,0x03,0x1c,0x19,0x03,0x46,0x20,0x44,0xc4,0x61,0x65,0x82,0x2c,
    0x07,0x35,0x14,0xfe,0x1a,0xc4,0x06,0xf3,0x03,0x7d,0xff,0x97,0xfe,0xb1,0xfd,0xed,
    0xfc,0x09,0xdc,0xe7,0xa2,0x45,0x82,0x24,0x72,0xe4,0x69,0x70,0x76,0x01,0xde,0x2a,
    0x8f,0xc1,0x30,0xc1,0x28,0xc1,0x28,0xa1,0x20,0x02,0x00,0x04,0x23,0x28,0xc1,0x02,
    0x00,0x01,0xae,0x03,0x11,0x31,0xa8,0x03,0x03,0x70,0x7a,0xb3,0xa3,0x59,0xe4,0x61,
    0x04,0x6a,0x85,0x8a,0x48,0xb3,0xac,0x9c,0x03,0x12,0x9d,0x31,0x0b,0x01,0xae,0x16,
    0x11,0x5c,0x76,0x00,0xa2,0x0d,0xfd,0x6a,0xf4,0x27,0xb3,0x24,0x72,0xc4,0x61,0x20,
    0x36,0x02,0xac,0x6f,0x0f,0xe8,0x52,0xff,0xce,0x01,0xc4,0x0a,0x01,0xf0,0x11,0x75,
    0x47,0x19,0xa9,0x21,0x2c,0x2a,0x8e,0x96,0x03,0x41,0x9b,0x8d,0xfd,0xd6,0x21,0x02,
    0xe1,0xff,0xdf,0xf7,0xfd,0xce,0x9b,0x95,0x59,0x54,0x97,0x2b,0x35,0x2b,0xf1,0x26,
    0x07,0xa2,0x0b,0x2a,0xca,0x21,0x88,0x19,0x67,0x19,0x26,0x19,0x42,0x81,0x02,0xe4,
    0x84,0x3b,0xa3,0x08,0x83,0x02,0x00,0x17,0xa3,0x02,0x00,0x01,0x0c,0x85,0x41,0x10,
    0xe5,0x10,0xe5,0x08,0x7e,0xf6,0x0d,0x27,0x19,0x47,0x19,0x88,0x19,0xa9,0x21,0xca,
    0x21,0x0b,0x22,0x2c,0x2a,0x6d,0x32,0xaf,0x32,0x54,0x33,0x18,0x4c,0xfa,0x74,0x1c,
    0xa6,0xfd,0xd6,0x38,0x07,0xf1,0x00,0x7e,0xef,0x5c,0xb6,0x3a,0x7d,0xf8,0x43,0x57,
    0x23,0x15,0x23,0x8f,0x2a,0x2c,0x76,0x00,0x7f,0x26,0x11,0xe5,0x10,0xa4,0x08,0x82,
    0x04,0x12,0x32,0x04,0x5a,0x0e,0xa2,0xc1,0x28,0x02,0x39,0x43,0x49,0xc4,0x59,0x65,
    0x82,0x84,0x64,0x52,0x0d,0xfd,0x14,0xfe,0x3b,0xfd,0x00,0x01,0xfa,0x4e,0x82,0x35,
    0xfe,0x2e,0xfd,0x8a,0xf4,0x68,0xbb,0x72,0x2e,0x11,0x83,0xbc,0x06,0x02,0x60,0x1c,
    0x02,0xd2,0x2a,0x34,0x61,0x18,0x60,0x7c,0x88,0x03,0x02,0x00,0x17,0x60,0x02,0x00,
    0x25,0x61,0x18,0xbc,0x88,0x02,0xbc,0x03,0x11,0x28,0x0e,0x7e,0xf3,0x0b,0x31,0x22,
    0x39,0x42,0x41,0x63,0x49,0x83,0x51,0xc4,0x61,0xe4,0x69,0x25,0x72,0x27,0xab,0x4b,
    0xdc,0x70,0xfd,0x34,0xfe,0xd9,0xfe,0x9d,0x7a,0x00,0xf5,0x03,0xff,0xff,0xbe,0xff,
    0x1a,0xff,0x35,0xfe,0x4f,0xfd,0xab,0xfc,0x09,0xdc,0x65,0x82,0xe4,0x61,0x46,0x73,
    0x21,0x20,0x60,0x6a,0x0e,0x1f,0x00,0x01,0x00,0xff,0xc7,0x02,0x0a,0x2b,0x11,0xc4,
    0x74,0x76,0xf3,0x00,0xeb,0x21,0x6e,0x32,0xf3,0x2a,0x57,0x1b,0x57,0x1b,0xd8,0x3b,
    0x5a,0x85,0xdd,0x2c,0x07,0xe6,0xbf,0xf7,0xbd,0xc6,0x5a,0x85,0x18,0x44,0x77,0x23,
    0x13,0x2b,0xaf,0x32,0xc0,0x18,0x15,0x26,0xd4,0x84,0x31,0x83,0x08,0x62,0x02,0x00,
    0x2f,0x42,0x00,0x02,0x00,0x03,0x02,0x1e,0x00,0x31,0x62,0x08,0x62,0xb6,0x03,0x11,
    0xa3,0x10,0x7e,0x71,0xc4,0x10,0xe5,0x10,0x06,0x11,0x27,0xa6,0x81,0xf4,0x05,0xca,
    0x21,0xeb,0x21,0x2c,0x2a,0x6d,0x32,0xd0,0x32,0x54,0x33,0x38,0x54,0x3a,0x7d,0x3c,
    0xae,0x3e,0xdf,0x70,0x0e,0xf1,0x00,0xbf,0xf7,0xdd,0xce,0xbb,0x95,0x58,0x54,0x77,
    0x2b,0x36,0x23,0xb0,0x2a,0x4c,0x9a,0x03,0x31,0x27,0x19,0xe5,0xe2,0x2e,0x0f,0x9e,
    0x15,0x2f,0x06,0xc4,0x0a,0xf1,0x00,0x43,0x41,0xa3,0x59,0x04,0x72,0xc8,0xcb,0xaa,
    0xfc,0xab,0xfc,0xec,0xfc,0xd2,0xe8,0x60,0x04,0x96,0x03,0x71,0x14,0xfe,0x2e,0xfd,
    0x4a,0xec,0x07,0x92,0x23,0x13,0xa3,0x94,0x03,0x32,0xc1,0x28,0xa1,0xf4,0x1f,0x01,
    0xda,0x3c,0x02,0xf8,0x1f,0x0f,0x02,0x00,0x03,0x14,0x40,0x02,0x00,0x01,0xb2,0x03,
    0x02,0xa6,0x03,0x61,0x81,0x18,0xa1,0x20,0xa1,0x20,0x9e,0x03,0x01,0x3c,0x07,0xf7,
    0x00,0x83,0x51,0xa4,0x59,0xe4,0x69,0x45,0x82,0x48,0xab,0xac,0xec,0x91,0xfd,0x76,
    0x40,0x0b,0xf1,0x05,0xdf,0xff,0x5c,0xff,0x76,0xfe,0x90,0xfd,0xcc,0xfc,0x29,0xe4,
    0xc6,0x92,0xe4,0x69,0x83,0x59,0x43,0x49,0x20,0x48,0x1f,0x20,0x34,0x07,0xff,0xca,
    0x04,0xc4,0x0a,0xf2,0x05,0x06,0x11,0x68,0x19,0xea,0x21,0x4c,0x2a,0xf2,0x2a,0x56,
    0x1b,0x57,0x1b,0x97,0x2b,0xfa,0x74,0xbd,0xc6,0x1a,0x03,0xf2,0x09,0xbf,0xf7,0xbd,
    0xc6,0x1a,0x7d,0xd8,0x3b,0x57,0x1b,0xf2,0x2a,0x8e,0x32,0x2c,0x2a,0xca,0x21,0x89,
    0x19,0x47,0x19,0x06,0x11,0x1a,0x03,0x51,0x82,0x08,0x62,0x00,0x42,0x88,0x11,0x0f,
    0x02,0x00,0x11,0x75,0x41,0x00,0x41,0x00,0x41,0x00,0x42,0x68,0x8c,0x15,0xc4,0x44,
    0x85,0x35,0x88,0x19,0xa9,0x9c,0x03,0x97,0x75,0x33,0x59,0x54,0x7b,0x8d,0x9d,0xbe,
    0x9e,0x6e,0x12,0xb3,0xfb,0xa5,0xb9,0x64,0x97,0x2b,0x36,0x1b,0xd2,0x2a,0x4c,0x6a,
    0x0e,0x04,0x34,0x07,0x1f,0x41,0x02,0x12,0x2a,0x02,0x18,0x68,0xf6,0x05,0xc1,0x28,
    0x22,0x39,0x83,0x51,0xe4,0x69,0x27,0xab,0x8a,0xfc,0xab,0xfc,0xcb,0xfc,0xb1,0xfd,
    0xd8,0xfe,0x96,0x03,0x91,0xf3,0xfd,0x0d,0xfd,0x6a,0xf4,0xc6,0x9a,0x04,0xb6,0x18,
    0x65,0x42,0x41,0x02,0x39,0xc2,0x30,0x5a,0x2e,0x01,0x84,0x11,0x0f,0xb8,0x06,0x11,
    0x06,0xb4,0x03,0x02,0xa2,0x03,0x71,0x60,0x10,0x61,0x18,0x81,0x18,0x81,0x3c,0x07,
    0x02,0x48,0x85,0xf5,0x02,0x83,0x51,0xc4,0x61,0x04,0x6a,0x65,0x82,0x88,0xc3,0x0d,
    0xfd,0xd2,0xfd,0x97,0xfe,0x7d,0x46,0x0b,0xf5,0x00,0x9d,0xff,0xb8,0xfe,0xd2,0xfd,
    0xec,0xfc,0x6a,0xf4,0x07,0xab,0xe4,0x69,0xa3,0x9a,0x03,0x02,0x9e,0x15,0x0f,0x33,
    0x07,0xff,0xc0,0x02,0xf2,0x11,0x04,0xde,0x72,0xe2,0x2c,0x2a,0xaf,0x32,0x36,0x23,
    0x57,0x1b,0x77,0x23,0xb9,0x64,0x5c,0xb6,0x4c,0x0a,0xfd,0x04,0xbf,0xf7,0x9d,0xc6,
    0x1a,0x75,0xb7,0x33,0x56,0x23,0xd1,0x2a,0x6d,0x2a,0x0b,0x2a,0xa9,0x21,0x67,0x84,
    0x23,0x1f,0x21,0x1a,0x03,0x16,0x31,0x20,0x00,0x20,0x26,0x97,0x11,0x21,0xa0,0x03,
    0x11,0x62,0xf2,0x27,0xb3,0xa3,0x08,0xc4,0x08,0xe5,0x10,0x06,0x11,0x47,0x19,0x68,
    0x9c,0x03,0xa6,0x8e,0x32,0xf1,0x32,0xb6,0x3b,0xb9,0x64,0xdb,0x9d,0x6e,0x0e,0xff,
    0x07,0x9e,0xef,0x7c,0xbe,0x1a,0x75,0xd8,0x3b,0x57,0x1b,0xf3,0x22,0x6d,0x2a,0xeb,
    0x21,0x89,0x19,0x47,0x19,0x05,0x11,0x34,0x07,0x2d,0x03,0x2e,0x07,0x02,0xc4,0x0a,
    0x41,0x61,0x65,0x8a,0x6a,0x1c,0x19,0x51,0x4f,0xfd,0x97,0xfe,0xbe,0x4a,0x0a,0xa1,
    0xdf,0xff,0x1a,0xff,0xf3,0xfd,0xed,0xfc,0x4a,0xec,0x96,0x03,0x01,0x2a,0x07,0x33,
    0xe2,0x30,0xa1,0x46,0x0a,0x02,0x24,0x07,0x0f,0x16,0x03,0x1f,0x08,0x30,0x97,0x02,
    0x9e,0x03,0x02,0x3a,0x07,0x05,0x9c,0x03,0xa3,0x72,0xc6,0x9a,0x2a,0xdc,0x4f,0xfd,
    0x35,0xfe,0xfa,0x88,0x00,0x02,0xd0,0x0a,0xaf,0x13,0xfe,0x2e,0xfd,0xab,0xfc,0x47,
    0xb3,0x04,0x72,0x9a,0x03,0xff,0xce,0x33,0x20,0x00,0x41,0x64,0x39,0xf2,0x03,0x68,
    0x19,0xeb,0x21,0x6e,0x32,0x13,0x2b,0x57,0x1b,0x57,0x1b,0x18,0x44,0xfb,0x9d,0x7e,
    0xe7,0xc4,0x09,0xb1,0xdd,0xce,0x3a,0x7d,0xd8,0x3b,0x36,0x1b,0xf2,0x2a,0x6d,0xe4,
    0x1f,0x04,0x12,0x15,0x22,0x82,0x08,0x26,0x07,0x0f,0xac,0x06,0x23,0x02,0x9e,0x03,
    0x06,0x3c,0x07,0x06,0x9c,0x03,0xf2,0x03,0x88,0x19,0xca,0x21,0x0b,0x2a,0x6d,0x2a,
    0xaf,0x32,0x54,0x33,0x38,0x4c,0x7a,0x85,0x9d,0xc6,0x20,0x04,0x02,0xb8,0x07,0x01,
    0x6a,0x0e,0x96,0x1b,0xf4,0x22,0x6e,0x2a,0xeb,0x21,0xa9,0x21,0x34,0x07,0x0f,0x88,
    0x00,0x26,0x01,0x2e,0x07,0xb1,0xe2,0x30,0x22,0x41,0x83,0x51,0x04,0x72,0xa8,0xcb,
    0xab,0xb2,0x1c,0x31,0x34,0xfe,0x5c,0x96,0x03,0xe1,0xff,0xff,0x5b,0xff,0x14,0xfe,
    0x0d,0xfd,0x6a,0xec,0xe6,0x9a,0x04,0x72,0xc0,0x0a,0x18,0x39,0x10,0x15,0x0f,0x94,
    0x03,0x21,0x04,0x02,0x00,0x0f,0x9c,0x03,0x01,0xf5,0x06,0xc2,0x28,0x02,0x39,0x22,
    0x41,0x63,0x51,0xa3,0x59,0xe4,0x69,0x65,0x82,0x88,0xc3,0xed,0xfc,0xd2,0xfd,0xb8,
    0x6c,0x0e,0x04,0x50,0x0b,0x48,0x8a,0xfc,0x68,0xbb,0x9a,0x03,0x0f,0xce,0x0a,0xff,
    0xc0,0x08,0x2e,0x07,0x51,0xc9,0x21,0x4c,0x2a,0xd1,0x5a,0x0e,0x62,0xb8,0x33,0x5a,
    0x85,0x1d,0xd7,0x99,0x02,0x42,0x1e,0xdf,0x5a,0x85,0xc2,0x0a,0x04,0xa4,0x06,0x02,
    0xbe,0x0a,0x0f,0xa8,0x18,0x2f,0x0f,0x3a,0x07,0x01,0x04,0x38,0x07,0x31,0x89,0x19,
    0xea,0x80,0x12,0x91,0xf2,0x32,0xb7,0x3b,0xd9,0x6c,0x3c,0xae,0x5e,0x24,0x04,0xf1,
    0x00,0xff,0xff,0xdf,0xff,0xdd,0xce,0x9b,0x8d,0x18,0x44,0x57,0x23,0x14,0x23,0x6e,
    0xbc,0x07,0x02,0x90,0x00,0x02,0x02,0x12,0x04,0xf2,0x02,0x0f,0x02,0x00,0x17,0x03,
    0xd0,0x35,0x03,0x92,0x40,0x42,0xc6,0x9a,0x8a,0xf4,0xc4,0x0a,0x04,0x86,0x15,0xa2,
    0x7d,0xff,0x55,0xfe,0x2e,0xfd,0x8a,0xfc,0xe7,0xa2,0x92,0x47,0x01,0x54,0x0e,0x03,
    0x3c,0x0a,0x0f,0x4e,0x40,0x2d,0x01,0xee,0xa2,0x05,0x94,0x0e,0x51,0x40,0x10,0x40,
    0x10,0x61,0xd4,0x0a,0x51,0xe2,0x30,0x02,0x39,0x43,0x0a,0x12,0xb3,0x04,0x72,0x07,
    0xab,0x8b,0xec,0x70,0xfd,0x76,0xfe,0x5b,0xd0,0x0a,0x31,0xdf,0xff,0x5b,0x92,0x00,
    0x4b,0xab,0xfc,0x88,0xc3,0x9a,0x03,0x0f,0x90,0x00,0x2e,0x0f,0x02,0x00,0xff,0x7a,
    0x04,0x2e,0x07,0x71,0x06,0x11,0x88,0x19,0xeb,0x21,0x8e,0xe0,0x23,0x71,0x77,0x23,
    0x99,0x5c,0x7c,0xb6,0xdf,0x20,0x27,0xf6,0x01,0x5e,0xe7,0xfb,0x9d,0x18,0x44,0x57,
    0x23,0x13,0x23,0x6e,0x2a,0x0b,0x22,0xa9,0x19,0x06,0x03,0x0f,0x72,0x23,0x2d,0x01,
    0x96,0x02,0x03,0xd2,0x0a,0x08,0xd6,0x0a,0x71,0xa3,0x08,0xc4,0x08,0x05,0x11,0x27,
    0x46,0x1d,0x11,0x0b,0x08,0x12,0x82,0x55,0x33,0x79,0x5c,0xbb,0x95,0x1d,0xd7,0xae,
    0x19,0xd9,0xdf,0xff,0x1d,0xd7,0x9b,0x8d,0x18,0x4c,0x57,0x23,0x14,0x23,0x8e,0x9a,
    0x03,0x0f,0x36,0x19,0x21,0x02,0x2e,0x07,0xf3,0x02,0xc1,0x28,0x22,0x41,0x83,0x59,
    0x04,0x72,0x09,0xdc,0xab,0xfc,0xab,0xfc,0x2e,0xfd,0x76,0x3c,0x0a,0xe2,0xbe,0xff,
    0xb8,0xfe,0x70,0xfd,0xab,0xfc,0x88,0xbb,0x25,0x72,0xc4,0x61,0x96,0x03,0x04,0x06,
    0x15,0x0f,0x26,0x08,0x23,0x06,0x02,0x00,0x04,0x2e,0x07,0x08,0x02,0x00,0x02,0x9c,
    0x03,0x04,0xd2,0x0a,0xf4,0x01,0x63,0x51,0xa4,0x59,0x04,0x72,0xc6,0x92,0x2a,0xe4,
    0x4f,0xfd,0x34,0xfe,0x1a,0xff,0xee,0x0e,0x13,0x5c,0x9e,0x15,0x37,0x88,0xbb,0x25,
    0xce,0x0a,0x0f,0x9a,0x03,0xff,0xbc,0x53,0x21,0x00,0x42,0x00,0x83,0xfc,0x3c,0x51,
    0x2c,0x2a,0xd1,0x2a,0x36,0x88,0x15,0x22,0x9b,0x8d,0xa0,0x06,0xd3,0xdf,0xf7,0x7c,
    0xb6,0xb9,0x64,0x77,0x23,0x35,0x23,0xaf,0x32,0x0b,0xf2,0x55,0x04,0x9c,0x06,0x0f,
    0x98,0x02,0x29,0x06,0x2a,0x07,0x0c,0x02,0x00,0x11,0x41,0x70,0x0e,0x13,0xa4,0xa2,
    0x2b,0x02,0xfa,0x39,0xa4,0xaf,0x32,0x35,0x2b,0x38,0x4c,0x7b,0x8d,0xfd,0xd6,0x9a,
    0x03,0xa2,0xfd,0xd6,0x7b,0x8d,0x18,0x44,0x57,0x1b,0x14,0x23,0xc4,0x07,0x12,0x26,
    0xec,0x64,0x1f,0x08,0x2c,0x04,0x1d,0x01,0xb8,0x1c,0x01,0x4e,0x20,0x62,0x63,0x49,
    0xc4,0x61,0xa6,0x92,0xf2,0x11,0x32,0xd2,0xfd,0x1a,0x2b,0x08,0x65,0xff,0x1a,0xff,
    0xd2,0xfd,0xcc,0x9e,0x18,0x41,0x22,0x41,0xe1,0x30,0xbc,0x60,0x1f,0x10,0x9a,0x06,
    0x2b,0x0f,0x92,0x03,0x01,0x06,0x02,0x00,0x06,0x36,0x07,0xc2,0x22,0x41,0x63,0x49,
    0xa3,0x59,0xe4,0x69,0x85,0x8a,0x09,0xdc,0xe0,0x20,0x02,0x9a,0x03,0x32,0xff,0xff,
    0x3b,0xb4,0x19,0x33,0xfc,0x88,0xbb,0x02,0x12,0x01,0x16,0x90,0x02,0x80,0x12,0x06,
    0xfa,0x03,0x0f,0x02,0x00,0xff,0xa8,0x02,0xb8,0x1c,0x33,0xa4,0x08,0x05,0x5c,0x0e,
    0xa2,0x35,0x23,0x57,0x1b,0x57,0x23,0xd9,0x6c,0x9d,0xc6,0x99,0x02,0xb1,0xfd,0xd6,
    0x1a,0x7d,0x97,0x2b,0x36,0x1b,0xd0,0x2a,0x2c,0xee,0x11,0x31,0x05,0x11,0xa4,0x16,
    0x81,0x0f,0x96,0x03,0x29,0x13,0x20,0x56,0x0e,0x31,0x41,0x00,0x61,0x4a,0x03,0x15,
    0x41,0xca,0x15,0x02,0xae,0x03,0x13,0x41,0x9c,0x03,0x02,0xe4,0x20,0x11,0x88,0xd0,
    0x0a,0xa4,0xaf,0x32,0x13,0x2b,0xd7,0x3b,0x3a,0x7d,0x9d,0xbe,0x6a,0x0e,0x64,0x1e,
    0xd7,0xbb,0x95,0xf8,0x43,0x9a,0x03,0x11,0x88,0x88,0x12,0x02,0x6a,0x20,0x0f,0x30,
    0x04,0x19,0x04,0x86,0x52,0x22,0x22,0x39,0x5c,0x0e,0x11,0xaa,0x2e,0x07,0x04,0xf2,
    0x11,0xa2,0x9d,0xff,0x35,0xfe,0x0d,0xfd,0x6a,0xf4,0xa6,0x92,0x20,0x5d,0x24,0xe2,
    0x30,0xc2,0x0a,0x0f,0xf2,0x02,0x27,0x02,0x94,0x03,0x06,0xde,0x1c,0x01,0x0a,0x00,
    0x04,0xcc,0x0a,0x04,0x1e,0x00,0x02,0x5c,0x0b,0x01,0xe6,0x20,0xf3,0x00,0x43,0x49,
    0x83,0x51,0xe4,0x69,0x65,0x82,0xa8,0xc3,0xec,0xfc,0xd2,0xfd,0xd8,0xc8,0x07,0x31,
    0xff,0xff,0x5c,0x9a,0x03,0x14,0xab,0x68,0x0e,0x43,0x41,0xe2,0x38,0xa1,0xe8,0x76,
    0x0f,0x00,0x01,0x19,0x0f,0x02,0x00,0xff,0x86,0x07,0x86,0x52,0xd2,0x19,0x2c,0x2a,
    0xaf,0x32,0x57,0x1b,0x57,0x1b,0xb8,0x33,0xbb,0x95,0x2e,0x07,0xd6,0x9e,0xef,0xfb,
    0x9d,0x38,0x4c,0x57,0x1b,0x13,0x2b,0x6d,0x2a,0xeb,0x86,0x59,0x0f,0xce,0x31,0x2a,
    0x02,0x96,0x03,0x02,0x1a,0xa9,0x02,0x80,0x20,0x06,0x9c,0x52,0x06,0xda,0x0a,0x04,
    0x9a,0x03,0x93,0xe5,0x10,0x27,0x19,0x88,0x19,0xca,0x21,0x4c,0x9a,0x03,0x24,0x1a,
    0x75,0x9a,0x03,0x71,0xdf,0xff,0xfd,0xd6,0x5a,0x85,0xf8,0x9c,0x15,0x18,0x4d,0x24,
    0x5a,0x0f,0x9e,0x00,0x1a,0x01,0x98,0x03,0xf2,0x02,0x20,0xe2,0x30,0x42,0x41,0xa3,
    0x59,0x65,0x82,0x6a,0xf4,0xab,0xfc,0xcb,0xfc,0xd2,0xfd,0x4c,0x20,0xff,0x03,0xdf,
    0xff,0xf9,0xfe,0x90,0xfd,0xab,0xfc,0x88,0xc3,0x25,0x7a,0xc4,0x61,0x43,0x49,0x02,
    0x39,0xfa,0x02,0x31,0x02,0x22,0x19,0x31,0x60,0x18,0x81,0x20,0x19,0x11,0x81,0xcc,
    0xa1,0x02,0xb6,0x11,0x06,0xee,0x03,0x02,0xd8,0x32,0x11,0x61,0x1c,0xa2,0xf3,0x02,
    0x02,0x39,0x42,0x41,0x83,0x51,0xe4,0x61,0x45,0x7a,0xa8,0xcb,0xcc,0xfc,0xd2,0xfd,
    0xd9,0x9a,0x03,0x31,0xdf,0xff,0x3b,0x90,0x12,0x6f,0x8a,0xf4,0x27,0xab,0xe4,0x69,
    0x36,0x04,0x35,0x0f,0x02,0x00,0xff,0x76,0x33,0x21,0x00,0x62,0xc6,0x0a,0xe2,0xca,
    0x21,0x4d,0x2a,0xf2,0x2a,0x57,0x1b,0x57,0x23,0x79,0x54,0x9d,0xbe,0x5c,0x0e,0x82,
    0xdd,0xce,0xfa,0x6c,0x77,0x23,0x36,0x1b,0xc4,0x0a,0x12,0x27,0x2c,0x0a,0x0f,0xf8,
    0x02,0x1a,0x0c,0x02,0x00,0x04,0x96,0x03,0x62,0x83,0x08,0xa3,0x08,0xc4,0x10,0x02,
    0x00,0x51,0xa4,0x08,0xa3,0x08,0x82,0x3a,0x07,0x56,0x21,0x00,0x20,0x00,0x20,0x26,
    0x00,0x21,0x00,0x83,0x82,0x24,0x31,0x26,0x11,0x88,0x1a,0x28,0x68,0x8e,0x32,0x13,
    0x2b,0xb7,0x33,0x9a,0x03,0xd2,0xbd,0xc6,0x3a,0x7d,0xb8,0x33,0x57,0x1b,0xf2,0x22,
    0x2c,0x2a,0xca,0x9e,0x27,0x0f,0x16,0x90,0x1a,0x07,0x4c,0x5d,0xc3,0x49,0xc4,0x61,
    0x07,0xa3,0xab,0xfc,0xab,0xfc,0x0d,0xfd,0x56,0xfa,0x02,0xa1,0x7d,0xff,0x35,0xfe,
    0xec,0xfc,0x6a,0xf4,0xa6,0x8a,0xf8,0x02,0x23,0x39,0xc1,0xe0,0x79,0x06,0x40,0x03,
    0x0f,0x02,0x00,0x1f,0x01,0x38,0x0b,0x14,0x10,0x50,0x20,0x02,0x02,0x00,0x11,0xa1,
    0x9c,0x03,0x0a,0x84,0x0a,0x02,0x9a,0x03,0x11,0x60,0xcc,0x07,0x02,0x2a,0x16,0x1f,
    0xc4,0x9a,0x03,0x00,0xc7,0x1a,0xff,0xf3,0xfd,0xec,0xfc,0x6a,0xf4,0xc6,0x9a,0xe4,
    0x61,0x9a,0x03,0x0f,0x00,0x12,0xff,0xaf,0x04,0xc6,0x0a,0x11,0x06,0xc6,0x0a,0xa6,
    0x8e,0x32,0x15,0x23,0x57,0x1b,0x97,0x2b,0x3a,0x7d,0x2e,0x07,0x93,0xf8,0x43,0x57,
    0x1b,0xf3,0x2a,0x4d,0x2a,0xca,0xc4,0x0a,0x1f,0x62,0x78,0x7d,0x2a,0x02,0x96,0x03,
    0x11,0x82,0x94,0x03,0x71,0x05,0x11,0x26,0x11,0x26,0x19,0x26,0xc4,0x27,0x12,0xe4,
    0xf2,0x3c,0x18,0x00,0x84,0x0a,0x02,0x2c,0x00,0x13,0x62,0x9a,0x03,0x02,0xe0,0x32,
    0x13,0xae,0x9a,0x03,0x13,0x7c,0xce,0x0a,0xd3,0xbf,0xf7,0x9d,0xc6,0xfa,0x74,0x97,
    0x2b,0x37,0x1b,0xd1,0x2a,0x2c,0x16,0x90,0x02,0xa4,0x00,0x0f,0x9a,0x15,0x13,0x01,
    0x2e,0x07,0x05,0xc6,0x0a,0x02,0xd2,0x84,0x42,0x70,0xfd,0xf9,0xfe,0xf8,0x15,0x32,
    0xf9,0xfe,0x91,0x2e,0x07,0x42,0x72,0xa4,0x59,0x43,0x46,0x76,0x0f,0xf4,0x02,0x2c,
    0x06,0x96,0x03,0x23,0xc1,0x28,0x22,0x2b,0x01,0x06,0xa9,0x02,0x28,0x44,0x0c,0xb6,
    0x0e,0x05,0x2e,0x00,0x09,0x9a,0x03,0x11,0xec,0x34,0x07,0x02,0x68,0x0e,0xc7,0xde,
    0xff,0xf9,0xfe,0xb2,0xfd,0xcc,0xfc,0x6a,0xf4,0x65,0x82,0x96,0x12,0x01,0x18,0x0b,
    0x0f,0x34,0x04,0x1f,0x0f,0x02,0x00,0xff,0x78,0x02,0x98,0x03,0xc2,0xc4,0x08,0x26,
    0x11,0x89,0x19,0x0c,0x2a,0xb0,0x2a,0x36,0x23,0xb8,0x1c,0x02,0xc4,0x0d,0xd3,0xfd,
    0xce,0x1a,0x75,0x77,0x23,0x36,0x23,0xb0,0x2a,0x0b,0x2a,0x89,0xc4,0x0a,0x1f,0x42,
    0xf6,0x38,0x2a,0x02,0x70,0x00,0x52,0xa3,0x08,0xe4,0x10,0x05,0xa6,0x1c,0x23,0x19,
    0xeb,0x60,0x2b,0x5b,0xe5,0x10,0xc3,0x08,0x82,0xb6,0x11,0x06,0x9a,0x03,0x13,0xe4,
    0x10,0x3a,0xc2,0x4c,0x2a,0xaf,0x32,0x14,0x2b,0xb8,0x33,0x1a,0x7d,0xdd,0xce,0xd2,
    0x07,0xb1,0x9e,0xef,0x5c,0xb6,0x99,0x5c,0x77,0x23,0x36,0x1b,0x8f,0xa6,0x00,0x0f,
    0xd4,0x07,0x1b,0x02,0x98,0x03,0x31,0xe1,0x28,0x22,0xc6,0x0a,0x91,0x4a,0xec,0xab,
    0xfc,0xcc,0xfc,0xf3,0xfd,0x7c,0x5b,0x0f,0x31,0x9d,0xff,0x56,0x5c,0x0e,0x25,0xc6,
    0x9a,0x2e,0x07,0x0f,0xf0,0x11,0x2f,0x03,0x38,0x0e,0xf2,0x01,0xe2,0x30,0x02,0x39,
    0x83,0x51,0x07,0xab,0x88,0xc3,0x68,0xbb,0x24,0x72,0x42,0x41,0x9a,0x03,0x0e,0x50,
    0x15,0x0c,0x9a,0x03,0xb3,0xe4,0x69,0x65,0x82,0x09,0xdc,0xec,0xfc,0xd3,0xfd,0x1a,
    0x36,0x19,0xd1,0xbe,0xff,0x97,0xfe,0x70,0xfd,0xcb,0xfc,0xe9,0xd3,0x45,0x7a,0xa4,
    0x02,0x24,0x04,0x6c,0x0b,0x0f,0x66,0x03,0xff,0x78,0x0f,0x02,0x00,0x1f,0x02,0x42,
    0x6f,0x51,0xc4,0x10,0x47,0x19,0xa9,0x7e,0x27,0x82,0x57,0x1b,0x57,0x23,0xb9,0x64,
    0xbd,0xc6,0x30,0x06,0x93,0x3c,0xae,0x59,0x4c,0x57,0x1b,0x14,0x23,0x6d,0x2e,0x07,
    0x0f,0x56,0x11,0x1f,0x0c,0x02,0x00,0x51,0x21,0x00,0x41,0x00,0x83,0x76,0x27,0xf7,
    0x00,0x67,0x19,0xeb,0x21,0x14,0x23,0xb7,0x2b,0xb8,0x33,0x55,0x23,0x4e,0x22,0x88,
    0x50,0x15,0x08,0xb6,0x10,0x0f,0x9a,0x03,0x03,0x46,0x34,0x2b,0xb8,0x33,0xe4,0x32,
    0x31,0x7e,0xef,0xdb,0x04,0x0f,0x33,0x15,0x23,0x6e,0x7c,0x9e,0x13,0xc4,0x00,0x24,
    0x0c,0x7e,0x00,0x0e,0x02,0x00,0x02,0x24,0x19,0xd5,0xe2,0x30,0x43,0x49,0xa4,0x61,
    0xe6,0x9a,0x8a,0xf4,0xab,0xfc,0x0d,0x22,0x19,0xc2,0x3b,0xff,0xd2,0xfd,0xcb,0xfc,
    0xc8,0xd3,0x45,0x7a,0xc4,0x61,0x2e,0x07,0x1f,0x61,0x88,0x06,0x2c,0x13,0x20,0x70,
    0x00,0xf1,0x03,0xc1,0x28,0x02,0x39,0xc4,0x61,0x09,0xdc,0xcc,0xfc,0xec,0xfc,0xec,
    0xfc,0x8b,0xfc,0xe7,0xa2,0x1c,0x0e,0x1e,0x28,0x32,0x07,0x02,0x9a,0x03,0x04,0x42,
    0x41,0x01,0xac,0x3d,0xa1,0x69,0x86,0x8a,0x29,0xe4,0xed,0xfc,0x14,0xfe,0x1b,0x3e,
    0x04,0xf1,0x02,0xff,0xff,0x7d,0xff,0x76,0xfe,0x2e,0xfd,0xaa,0xfc,0x88,0xc3,0x04,
    0x6a,0x83,0x59,0x42,0x66,0x0e,0x0f,0xee,0x76,0xff,0xae,0x11,0x21,0xc4,0x0d,0x71,
    0xe5,0x10,0x67,0x19,0xca,0x21,0x6d,0x6a,0x88,0x51,0x97,0x2b,0x5a,0x7d,0x3e,0x8d,
    0x18,0x73,0x7e,0xe7,0x7b,0x85,0xb8,0x33,0x57,0x8a,0x15,0x11,0x26,0x3c,0x88,0x0f,
    0x2e,0x07,0x33,0xff,0x07,0xe5,0x10,0x47,0x19,0xca,0x21,0x34,0x2b,0x99,0x5c,0x3a,
    0x7d,0xfa,0x6c,0x59,0x4c,0x76,0x2b,0x4d,0x22,0x67,0x19,0x62,0x00,0x05,0x02,0x04,
    0x12,0x02,0xda,0x44,0xe4,0x88,0x19,0xea,0x21,0x4d,0x2a,0xd0,0x32,0x35,0x23,0xf8,
    0x43,0x9b,0x8d,0xf8,0x20,0x51,0x1d,0xd7,0x7b,0x8d,0xd8,0x00,0x12,0x13,0x2c,0x42,
    0x04,0x0f,0xcc,0x0a,0x15,0x11,0x20,0x24,0x19,0x02,0x5e,0x0e,0x91,0x47,0xb3,0xaa,
    0xfc,0xab,0xfc,0x70,0xfd,0xd8,0xc6,0x0a,0xa2,0xff,0xff,0xb8,0xfe,0x6f,0xfd,0xab,
    0xfc,0x07,0xab,0x8a,0x15,0x0f,0xd4,0x8b,0x31,0x02,0x02,0x19,0xf2,0x0b,0xa1,0x20,
    0xe2,0x30,0x43,0x41,0x68,0xbb,0x0e,0xfd,0xd2,0xfd,0xf3,0xfd,0x90,0xfd,0x0e,0xfd,
    0x6a,0xec,0xe4,0x61,0x22,0x39,0xe2,0x30,0x32,0x07,0x0c,0x3e,0x04,0x05,0x08,0x4c,
    0xf5,0x01,0x28,0xe2,0x30,0x42,0x41,0x83,0x59,0x04,0x6a,0xc6,0x9a,0x6a,0xf4,0x2e,
    0xfd,0x35,0x90,0x24,0x31,0x3b,0xff,0x14,0x08,0x0f,0x12,0xe6,0x66,0x0e,0x01,0x08,
    0x0f,0x0e,0x7c,0x07,0x0f,0x02,0x00,0xff,0x98,0x01,0xea,0x23,0x23,0x08,0xa3,0x24,
    0x19,0x11,0x8e,0x16,0x2b,0x51,0xd8,0x33,0xdb,0x95,0x9f,0x2a,0x2e,0xf3,0x00,0xfd,
    0xd6,0xda,0x6c,0x77,0x23,0x36,0x23,0x8e,0x2a,0x0b,0x22,0x68,0x19,0x06,0xec,0x02,
    0x08,0xce,0x06,0x0f,0x02,0x00,0x1d,0x03,0xc2,0x20,0x01,0xb4,0x32,0xf2,0x01,0x4e,
    0x22,0x18,0x4c,0xfb,0x9d,0x5e,0xdf,0x1d,0xd7,0x1a,0x7d,0x38,0x4c,0xf2,0x22,0xb6,
    0x23,0x4e,0xa3,0x08,0x62,0x08,0x82,0x19,0x06,0x9a,0x03,0xf1,0x02,0x47,0x19,0x89,
    0x19,0x0b,0x22,0x6d,0x32,0xf1,0x32,0x56,0x23,0x58,0x54,0xdb,0x9d,0x9e,0xaa,0x00,
    0xb1,0xdf,0xf7,0xbd,0xc6,0xd9,0x6c,0x77,0x2b,0x57,0x1b,0xb0,0x66,0x20,0x24,0x26,
    0x11,0x4a,0x97,0x0f,0xae,0x00,0x0b,0x03,0xf6,0x9d,0x21,0x28,0x02,0xae,0x2e,0x91,
    0xc8,0xcb,0xab,0xfc,0xab,0xfc,0xd2,0xfd,0x3a,0x88,0x06,0xd1,0xbe,0xff,0x55,0xfe,
    0x0d,0xfd,0x8a,0xf4,0x65,0x82,0xe4,0x61,0x63,0x8a,0x15,0x0f,0x9c,0x96,0x2f,0x02,
    0x36,0x0b,0x02,0xe2,0x39,0xf1,0x05,0x2a,0xdc,0xb2,0xfd,0xfa,0xfe,0x7d,0xff,0x97,
    0xfe,0x91,0xfd,0xcc,0xfc,0xa6,0x92,0x43,0x41,0x02,0x31,0x84,0x19,0x0f,0xb4,0x11,
    0x00,0x04,0xce,0x0a,0x02,0x86,0x36,0x62,0xa4,0x59,0x04,0x72,0x47,0xb3,0xc0,0x2b,
    0x11,0x9d,0xac,0x00,0x11,0xde,0x38,0x16,0x73,0xcb,0xfc,0x29,0xe4,0x45,0x7a,0xc4,
    0xcc,0x0a,0x0f,0x7c,0x07,0x01,0x0f,0x02,0x00,0xff,0x96,0x02,0xee,0x0d,0xf1,0x02,
    0xa4,0x08,0x06,0x11,0x89,0x19,0x0b,0x2a,0xaf,0x32,0x36,0x1b,0x57,0x1b,0x38,0x4c,
    0x5c,0xe8,0x23,0x51,0xdf,0xff,0x5c,0xb6,0x39,0x22,0x19,0x91,0x4d,0x2a,0xca,0x21,
    0x47,0x19,0xe5,0x10,0xa3,0xea,0x38,0x0f,0xdc,0x01,0x29,0xf1,0x14,0x21,0x00,0x61,
    0x00,0x83,0x08,0xe4,0x10,0x46,0x19,0xa9,0x21,0xd1,0x2a,0xb9,0x64,0xfd,0xce,0xdf,
    0xff,0xdf,0xff,0x9d,0xbe,0xb9,0x64,0x34,0x2b,0xea,0x29,0x88,0x19,0x05,0x11,0xc4,
    0x64,0x0e,0x0e,0x4e,0x03,0x08,0x9a,0x03,0xe2,0xa9,0x21,0x0b,0x2a,0x6e,0x32,0x12,
    0x33,0x77,0x23,0x79,0x54,0x5c,0xb6,0x9a,0x03,0xb4,0xbf,0xf7,0x3c,0xae,0x59,0x54,
    0x57,0x23,0x36,0x23,0x6e,0xd0,0x19,0x01,0x4a,0x00,0x0f,0xb0,0x00,0x0b,0x04,0x28,
    0x03,0x01,0xbc,0x1c,0xa1,0x6a,0x29,0xe4,0xab,0xfc,0xcc,0xfc,0x14,0xfe,0x7c,0xec,
    0x02,0xa4,0x7c,0xff,0xf3,0xfd,0xcb,0xfc,0x09,0xdc,0x25,0x7a,0x40,0x76,0x0f,0xcc,
    0x9d,0x2d,0x04,0xc6,0x0a,0x91,0xe2,0x30,0x22,0x41,0xc4,0x61,0x8c,0xec,0x55,0xf6,
    0x15,0x83,0xdf,0xff,0x34,0xfe,0x2e,0xfd,0xc6,0x9a,0x4a,0x24,0x0f,0xc2,0x0e,0x04,
    0x08,0x9a,0x03,0xb5,0x63,0x49,0xc4,0x61,0x24,0x72,0xc8,0xcb,0xab,0xfc,0x90,0xce,
    0x1c,0x31,0xbe,0xff,0x76,0x9e,0x39,0xa1,0x88,0xc3,0x04,0x72,0x83,0x59,0x22,0x41,
    0xe2,0x30,0x66,0x32,0x0f,0xe4,0x03,0x00,0x0f,0x02,0x00,0xff,0x92,0x03,0xc0,0x06,
    0x12,0x08,0x42,0x6f,0x82,0xd0,0x32,0x56,0x1b,0x57,0x1b,0x99,0x5c,0x5e,0x0e,0x71,
    0xbf,0xf7,0xfb,0x9d,0xf8,0x3b,0x57,0xe8,0x14,0x7b,0xa9,0x21,0x26,0x11,0xc4,0x10,
    0x83,0x96,0x11,0x0f,0x02,0x00,0x1f,0x04,0x9e,0x07,0x73,0x67,0x19,0xc9,0x21,0xf1,
    0x2a,0xda,0x98,0x03,0xff,0x00,0x1d,0xd7,0x1a,0x75,0x55,0x33,0x0b,0x2a,0xa8,0x21,
    0x26,0x19,0xc4,0x10,0x82,0xf0,0x15,0x04,0x11,0x21,0x6c,0x07,0x11,0xa4,0x6a,0x20,
    0xe1,0xca,0x21,0x2c,0x2a,0xaf,0x32,0x34,0x2b,0x97,0x2b,0x1a,0x75,0xbd,0xc6,0x75,
    0x0b,0x43,0xff,0x3e,0xdf,0x7a,0xcc,0x0a,0x02,0xae,0xa5,0x02,0x7c,0x07,0x0f,0xe4,
    0x03,0x01,0x06,0x02,0x00,0x05,0x98,0x03,0xb2,0x41,0xa3,0x59,0x04,0x72,0x6a,0xf4,
    0xab,0xfc,0xec,0xfc,0x2e,0x03,0xef,0xff,0xff,0x3b,0xff,0x91,0xfd,0xcb,0xfc,0x88,
    0xbb,0x04,0x72,0xa3,0x59,0xc6,0x0a,0x34,0x01,0x5e,0x0e,0x11,0xa1,0x2c,0x1d,0x35,
    0x04,0x6a,0xac,0x98,0x03,0x8f,0x76,0xfe,0x4f,0xfd,0xa6,0x92,0x83,0x51,0x66,0x00,
    0x0b,0x02,0xee,0xbe,0x31,0xa1,0x20,0xe1,0xde,0x93,0x95,0xe4,0x61,0x86,0x8a,0x29,
    0xe4,0xec,0xfc,0xf3,0x98,0x24,0x31,0x3b,0xff,0x13,0xcc,0x0a,0x31,0xc6,0x9a,0xc4,
    0xe0,0x07,0x0f,0x78,0x0b,0x31,0x0f,0x02,0x00,0xff,0x66,0x04,0x86,0x11,0x71,0x47,
    0x19,0xc9,0x21,0x4c,0x2a,0xf1,0xb0,0x2e,0xff,0x06,0xfa,0x6c,0xfd,0xce,0xff,0xff,
    0xff,0xff,0x7e,0xe7,0x7b,0x8d,0x97,0x2b,0x57,0x1b,0xaf,0x2a,0x0b,0x2a,0x88,0xc6,
    0x0a,0x32,0x08,0x98,0x03,0xf2,0x03,0xea,0x29,0xf2,0x2a,0xfa,0x6c,0x1d,0xd7,0xdf,
    0xff,0xdf,0xff,0x3e,0xdf,0x3a,0x7d,0x75,0x33,0x4e,0x03,0x11,0xe4,0xfe,0x03,0x0e,
    0x30,0x07,0x02,0x74,0x0b,0x11,0x42,0x98,0x61,0x11,0x06,0x38,0x2b,0x03,0x66,0x0e,
    0x32,0x3b,0x9b,0x8d,0x0e,0x0f,0x91,0xdf,0xff,0x9c,0xbe,0xd9,0x6c,0x57,0x23,0x36,
    0xcc,0x0a,0x13,0x88,0x3e,0x16,0x1f,0x41,0x3e,0x16,0x0a,0x31,0x20,0x08,0x60,0x54,
    0x20,0x71,0x43,0x41,0xa4,0x59,0x45,0x7a,0xaa,0xbc,0x1c,0x02,0xea,0x23,0xa2,0xdf,
    0xff,0xf9,0xfe,0x4f,0xfd,0x8a,0xfc,0x07,0xab,0xa0,0x84,0x0f,0x18,0x0a,0x31,0x32,
    0x20,0x00,0x40,0xce,0x0e,0x72,0x31,0x43,0x49,0x04,0x72,0xcc,0xec,0x82,0x2b,0x91,
    0xdf,0xff,0xb8,0xfe,0x70,0xfd,0xa6,0x92,0xa3,0xb2,0x11,0x1f,0x81,0xd0,0x8f,0x08,
    0x06,0xcc,0x15,0xf1,0x00,0x42,0x41,0xa3,0x59,0x04,0x72,0x07,0xa3,0xaa,0xfc,0x2e,
    0xfd,0x55,0xfe,0x9d,0xe0,0x07,0x51,0xde,0xff,0xd8,0xfe,0x90,0xd0,0x40,0x33,0x24,
    0x72,0xa3,0x7a,0xb0,0x1f,0x60,0x32,0x07,0xff,0xa5,0x02,0x98,0x03,0x02,0x86,0x11,
    0x02,0x54,0x20,0x24,0x77,0x23,0xf6,0x11,0xd1,0x3e,0xdf,0x3a,0x7d,0x77,0x23,0x36,
    0x1b,0x6e,0x32,0xea,0x21,0x68,0xc6,0x0a,0x1f,0x62,0xe4,0x02,0x0a,0x0f,0x02,0x00,
    0x11,0x02,0x8e,0x1c,0xb1,0x05,0x11,0x88,0x19,0x0a,0x2a,0x12,0x33,0xfa,0x6c,0x1e,
    0x98,0x03,0x91,0x5e,0xdf,0x5a,0x7d,0x75,0x33,0x4c,0x32,0xe9,0xd0,0x8f,0x0f,0x4c,
    0x03,0x07,0x01,0x0e,0x0f,0x01,0xce,0x15,0xf2,0x01,0x26,0x19,0x88,0x19,0x0b,0x2a,
    0x6e,0x32,0xf2,0x32,0x57,0x23,0x58,0x54,0x1c,0xa6,0xd6,0x19,0xa2,0x7e,0xef,0xfc,
    0xa5,0xf8,0x43,0x57,0x1b,0x15,0x23,0x6e,0x1d,0x2f,0xe5,0x10,0x12,0x0f,0x0d,0x04,
    0xc0,0x06,0x11,0x43,0x1a,0x2b,0x02,0x82,0x27,0xff,0x0b,0xd8,0xfe,0xdf,0xff,0xff,
    0xff,0xde,0xff,0xb8,0xfe,0x2e,0xfd,0x6a,0xf4,0xc6,0x92,0xc4,0x61,0x63,0x49,0x02,
    0x31,0xa1,0x20,0x60,0x18,0xe0,0x26,0x2d,0x22,0x20,0x00,0xc4,0xac,0xb1,0x02,0x39,
    0x63,0x49,0x25,0x72,0xcd,0xec,0x76,0xfe,0xde,0x08,0x41,0x74,0xd8,0xfe,0x70,0xfd,
    0xc6,0x92,0xa3,0x22,0x1d,0x0b,0xc4,0x1c,0x08,0x02,0x00,0x04,0xe0,0x07,0xa2,0x02,
    0x39,0x43,0x49,0xc4,0x61,0x25,0x7a,0xc8,0xcb,0xa8,0x12,0x02,0xcc,0x1c,0x12,0x7d,
    0x12,0x0f,0x05,0x4c,0x04,0x0f,0x32,0x07,0xff,0xa8,0xf2,0x07,0x21,0x00,0x42,0x00,
    0xa3,0x08,0xe5,0x10,0x67,0x19,0xea,0x21,0x6d,0x2a,0x13,0x2b,0x57,0x1b,0x97,0x2b,
    0x9b,0x8d,0x74,0x39,0x71,0xfd,0xce,0xfa,0x6c,0x57,0x23,0x35,0xe4,0x02,0x02,0x98,
    0x96,0x0f,0x8c,0x15,0x2b,0x02,0x36,0x0b,0x82,0x62,0x08,0xa3,0x08,0x26,0x11,0x88,
    0x21,0x98,0x03,0x02,0x30,0x07,0x91,0x5e,0xdf,0x5b,0x7d,0x75,0x33,0x6d,0x32,0xea,
    0x98,0x03,0x0f,0x00,0x04,0x09,0x02,0x10,0x0f,0x71,0xa3,0x08,0xe5,0x10,0x47,0x19,
    0xc9,0xcc,0x0a,0x64,0x35,0x2b,0x97,0x2b,0xfa,0x74,0xea,0x44,0x44,0xfd,0xce,0xfa,
    0x74,0xfe,0x11,0x04,0x70,0x1d,0x0f,0x32,0x07,0x07,0x02,0xf0,0x0d,0x04,0xb2,0x2e,
    0x73,0xe6,0xa2,0xaa,0xfc,0xab,0xfc,0x6f,0x54,0x20,0xa4,0xde,0xff,0x97,0xfe,0x0d,
    0xfd,0x4a,0xec,0x85,0x8a,0x24,0x19,0x0f,0x5e,0x0e,0x2d,0x05,0x98,0x03,0x01,0x50,
    0x36,0x17,0x25,0x30,0x07,0x77,0xd9,0xfe,0x70,0xfd,0xc6,0x9a,0xc4,0x98,0x03,0x0f,
    0x30,0x08,0x01,0x01,0x42,0x00,0x01,0x38,0x2b,0x01,0xfc,0x32,0x01,0xaa,0x12,0x73,
    0xa6,0x92,0x6a,0xf4,0xcc,0xfc,0x13,0x82,0x48,0x02,0x08,0x21,0x02,0xfe,0x11,0x11,
    0xa4,0x7e,0x07,0x0f,0x32,0x07,0xff,0xa6,0x46,0x21,0x00,0x62,0x00,0x8e,0x15,0x21,
    0x34,0x2b,0x8e,0x15,0x21,0x9d,0xbf,0xe4,0x14,0x91,0xbd,0xc6,0x99,0x5c,0x57,0x1b,
    0x14,0x23,0x4c,0x44,0x32,0x11,0xc4,0x60,0x0a,0x0f,0x46,0x11,0x0b,0x0f,0x02,0x00,
    0x0d,0x04,0x56,0x03,0xa5,0x26,0x11,0x88,0x21,0x2b,0x2a,0x12,0x33,0xda,0x64,0x98,
    0x03,0x11,0x85,0x98,0x03,0x22,0x29,0x67,0x98,0x07,0x1f,0x08,0x68,0x00,0x07,0x02,
    0xe2,0x07,0x02,0xcc,0x0a,0xc2,0xea,0x21,0x6d,0x2a,0xf1,0x32,0x56,0x23,0xf8,0x3b,
    0xbb,0x95,0x4c,0x04,0xb1,0xbf,0xf7,0x1c,0xa6,0x38,0x4c,0x57,0x1b,0x35,0x23,0x6e,
    0x30,0x19,0x01,0xe6,0x03,0x0f,0xb0,0x0e,0x04,0x01,0x7e,0x06,0x05,0xc0,0x06,0x97,
    0xe4,0x69,0x47,0xb3,0xaa,0xfc,0xcb,0xfc,0x91,0x8e,0x15,0x63,0xec,0xfc,0x4a,0xe4,
    0x25,0x7a,0x60,0x0a,0x0f,0x90,0x11,0x04,0x0f,0x02,0x00,0x19,0x02,0x30,0x07,0x01,
    0x8e,0x15,0x36,0x51,0x25,0x7a,0x60,0x0e,0x12,0xf9,0x98,0x03,0x22,0x61,0x63,0x52,
    0x24,0x2f,0x10,0x40,0x98,0x03,0x06,0x08,0x98,0x20,0x11,0x43,0xcc,0x0a,0x28,0x68,
    0xbb,0x94,0x36,0x11,0x9d,0x32,0x07,0x72,0xab,0xfc,0x27,0xab,0xe4,0x69,0x63,0x30,
    0x19,0x0f,0xb8,0x00,0x30,0x0f,0x02,0x00,0xff,0x60,0x04,0x8e,0x15,0x33,0x88,0x19,
    0x0b,0x96,0x52,0x22,0xf8,0x3b,0x16,0x0a,0xd1,0xdf,0xff,0x7d,0xb6,0x59,0x54,0x57,
    0x1b,0xf3,0x2a,0x2c,0x2a,0xa9,0x5a,0xb3,0x0f,0xe0,0x02,0x07,0x0f,0x02,0x00,0x15,
    0x05,0x98,0x03,0x11,0x19,0x98,0x03,0x23,0x2b,0xd9,0xf8,0x11,0x71,0x5e,0xe7,0x7b,
    0x85,0x95,0x33,0x8d,0x98,0x03,0x22,0x05,0x11,0x2a,0x19,0x0f,0x54,0x00,0x07,0x06,
    0xcc,0x0a,0x33,0xa9,0x21,0x0b,0xa4,0x61,0x42,0xb9,0x64,0x7c,0xbe,0xfe,0x11,0x02,
    0xfe,0x32,0x31,0x57,0x1b,0xd1,0xfc,0x23,0x0f,0xae,0x12,0x0b,0x02,0xb0,0x0d,0x13,
    0xc1,0x26,0x19,0x31,0xa8,0xc3,0xaa,0xb2,0x2e,0x11,0x5b,0xae,0x0d,0x82,0x7d,0xff,
    0x34,0xfe,0xcc,0xfc,0x09,0xdc,0xde,0x14,0x0f,0x12,0x0a,0x33,0x09,0x98,0x03,0x18,
    0x72,0x98,0x03,0x46,0x90,0xfd,0xe7,0xa2,0x30,0x9e,0x0f,0x98,0x03,0x09,0x02,0xb6,
    0x00,0x12,0x81,0xde,0x03,0x78,0x49,0xc4,0x61,0x86,0x8a,0x49,0xe4,0x96,0x36,0xa5,
    0xf9,0xfe,0xb1,0xfd,0xab,0xfc,0x29,0xe4,0x45,0x82,0x64,0x0e,0x0f,0xe8,0x03,0x0a,
    0x0f,0x02,0x00,0xff,0x82,0x02,0x28,0x03,0x02,0x10,0x3d,0x04,0xd4,0x47,0x22,0x18,
    0x44,0x26,0x19,0x62,0xbf,0xf7,0x3c,0xae,0x18,0x44,0xe0,0x02,0x3f,0x88,0x19,0x26,
    0xbc,0x1c,0x30,0x06,0x70,0x00,0x04,0x98,0x03,0xff,0x03,0xb9,0x5c,0xdd,0xce,0xdf,
    0xff,0xdf,0xff,0x7e,0xe7,0x9b,0x8d,0x95,0x3b,0x8d,0x32,0x0a,0x2a,0x98,0x03,0x11,
    0x02,0xb6,0x00,0x02,0x98,0x36,0xc2,0xca,0x21,0x4d,0x2a,0xf0,0x32,0x56,0x23,0xd8,
    0x33,0x7b,0x8d,0xce,0x40,0x51,0x9f,0xf7,0xfb,0xa5,0x18,0x32,0x07,0x06,0xde,0x19,
    0x0f,0x12,0x1d,0x01,0x01,0x90,0x00,0x07,0xe2,0x35,0x75,0x24,0x72,0xe9,0xd3,0xab,
    0xfc,0xcb,0x84,0x27,0x81,0x5c,0xff,0xf3,0xfd,0xab,0xfc,0xa8,0xcb,0x54,0x20,0x1f,
    0x39,0x98,0x03,0x3f,0x53,0xe4,0x69,0x8b,0xe4,0x35,0x28,0x19,0x64,0xf9,0xfe,0x91,
    0xfd,0x27,0xab,0xc8,0x0e,0x01,0x26,0x1d,0x02,0xa1,0x00,0x0f,0x02,0x00,0x02,0x33,
    0x20,0x00,0x40,0x16,0x0f,0x02,0xfe,0x11,0x2e,0x47,0xb3,0x32,0x07,0x21,0x8a,0xfc,
    0x50,0x00,0x0f,0xb0,0x12,0x34,0x0f,0x02,0x00,0xff,0x5e,0x03,0x26,0x19,0x14,0x10,
    0x26,0x19,0x62,0x57,0x1b,0x57,0x1b,0x59,0x54,0x78,0x18,0x93,0xbf,0xef,0xfb,0x9d,
    0xd8,0x33,0x57,0x1b,0xb0,0x54,0x20,0x02,0xde,0x02,0x0f,0xa2,0x01,0x2b,0x02,0x52,
    0x03,0x04,0xc8,0x0a,0x31,0xf1,0x2a,0x99,0x6c,0x00,0xc4,0xdf,0xff,0x7e,0xe7,0xbb,
    0x8d,0xb6,0x33,0x8d,0x32,0x0a,0x2a,0x98,0x9a,0x0f,0x6a,0x00,0x0b,0x03,0x98,0x15,
    0x41,0x10,0x26,0x11,0x89,0xf2,0x81,0x31,0x13,0x2b,0x57,0xca,0x1c,0x02,0x30,0x2b,
    0x31,0xfd,0xd6,0x1a,0xe6,0xac,0x11,0xd1,0x48,0x16,0x0f,0xea,0x07,0x09,0x04,0x46,
    0x11,0xd3,0x22,0x41,0xa3,0x59,0x45,0x7a,0x09,0xdc,0xab,0xfc,0xec,0xfc,0x34,0xde,
    0x14,0xa5,0x3a,0xff,0xd2,0xfd,0xab,0xfc,0x67,0xbb,0xe4,0x69,0xde,0x02,0x0f,0x0c,
    0x1c,0x2e,0x03,0xf8,0x11,0x01,0x60,0x0e,0x44,0xe4,0x69,0x6b,0xe4,0x6c,0x00,0x34,
    0x1a,0xff,0xb1,0x98,0x03,0x1f,0x39,0x98,0x03,0x0f,0x06,0xb8,0x00,0x02,0x32,0x07,
    0x73,0x45,0x7a,0x4a,0xec,0xcb,0xfc,0xb1,0x30,0x19,0x33,0xdf,0xff,0xfa,0x62,0x20,
    0x23,0x04,0x72,0x82,0x0b,0x11,0x20,0xa8,0x32,0x0f,0xbb,0x01,0x2b,0x0f,0x02,0x00,
    0xff,0x5b,0x04,0x98,0x03,0xe2,0x27,0x11,0xa9,0x21,0x4c,0x2a,0xd0,0x32,0x57,0x1b,
    0x77,0x23,0x99,0x5c,0x26,0x19,0x91,0x9e,0xef,0xbb,0x8d,0xb8,0x33,0x36,0x1b,0xaf,
    0xa6,0x1f,0x01,0x5e,0x0a,0x0f,0x8e,0x15,0x2e,0x08,0x98,0x03,0x53,0x0b,0x2a,0xd0,
    0x2a,0x59,0x4e,0x36,0x51,0x9e,0xef,0xdb,0x95,0xb7,0x30,0x07,0x0f,0x98,0x03,0x13,
    0x04,0x48,0x00,0x02,0x18,0x5e,0x75,0x4d,0x2a,0xf0,0x32,0x36,0x23,0xb8,0x32,0x07,
    0x31,0x9e,0xef,0xfc,0x78,0x1d,0x51,0x14,0x23,0x2c,0x2a,0xa9,0x10,0x21,0x0f,0xb2,
    0x12,0x05,0x02,0x98,0x03,0x11,0xe2,0x00,0x8c,0x02,0xb4,0x2e,0x31,0x0d,0xfd,0x55,
    0xc4,0x06,0x51,0xff,0xff,0x19,0xff,0x90,0x84,0x27,0x02,0xba,0xc1,0x03,0x40,0x11,
    0x0f,0x9e,0x02,0x2c,0x03,0x98,0x03,0xa7,0x20,0x02,0x39,0x63,0x49,0xe4,0x61,0x2a,
    0xdc,0x13,0x04,0x04,0x31,0x68,0xbb,0xe4,0x76,0x1c,0x0f,0x98,0x03,0x14,0x09,0x32,
    0x07,0x95,0x68,0xbb,0xaa,0xfc,0x0d,0xfd,0x76,0xfe,0xbd,0x82,0x0b,0x42,0xec,0xfc,
    0xaa,0xfc,0x4a,0x16,0x0f,0xfc,0x11,0xff,0xa2,0x02,0x44,0x11,0x02,0x26,0x19,0x11,
    0x6d,0x7a,0x39,0x51,0x77,0x23,0xfa,0x6c,0x3e,0xa9,0x0d,0x93,0x5e,0xe7,0x5b,0x85,
    0x97,0x2b,0x36,0x23,0x8f,0x40,0x11,0x1f,0x83,0x98,0x03,0x40,0x64,0x38,0x4c,0x7c,
    0xb6,0xdf,0xf7,0x4a,0x03,0x61,0xae,0x32,0x0b,0x2a,0x88,0x21,0x02,0x04,0x0f,0xca,
    0x0e,0x0e,0x02,0xba,0x00,0x02,0xea,0x07,0x21,0x0b,0x2a,0xb2,0x12,0x41,0x23,0x99,
    0x5c,0x9d,0x64,0x0e,0xb3,0xdf,0xff,0xdd,0xc6,0x99,0x64,0x77,0x23,0x57,0x1b,0x8f,
    0x54,0x04,0x0f,0x2e,0x19,0x05,0x05,0x26,0x19,0xc1,0x41,0xc4,0x61,0x86,0x8a,0x8a,
    0xf4,0xab,0xfc,0x2e,0xfd,0x97,0x26,0x19,0x31,0xff,0xff,0xd8,0x1c,0x2b,0x28,0xc6,
    0x92,0x8e,0x15,0x0f,0x8e,0x11,0x07,0x0f,0x02,0x00,0x13,0x08,0x98,0x03,0x53,0xc4,
    0x61,0x0a,0xd4,0xf2,0xb8,0x32,0x62,0x5b,0xff,0xf3,0xfd,0xa8,0xc3,0x28,0x1d,0x21,
    0xc1,0x28,0xc8,0x0a,0x1f,0x08,0x52,0x00,0x0b,0x02,0x52,0x04,0x04,0x32,0x07,0x11,
    0xa6,0x1a,0x9b,0x04,0x40,0x28,0x31,0xdf,0xff,0xb8,0xfa,0x23,0x4f,0xa8,0xcb,0x04,
    0x72,0x2e,0x19,0xff,0xa4,0x02,0x10,0x0a,0x03,0xb4,0x2e,0x12,0x32,0x26,0x19,0x04,
    0x7a,0x39,0x62,0x1e,0xd7,0x1a,0x75,0x77,0x23,0xd8,0x14,0x02,0x26,0x19,0x1f,0x41,
    0x30,0x07,0x2e,0x06,0xf0,0x23,0xb5,0x88,0x19,0x0a,0x2a,0xaf,0x2a,0x18,0x44,0x3c,
    0xae,0xbf,0xcc,0x0e,0x6f,0xae,0x32,0x2b,0x2a,0x88,0x21,0x78,0x0a,0x09,0x06,0x02,
    0x00,0x04,0x32,0x07,0x22,0xe5,0x10,0x64,0x0e,0x11,0xf1,0x64,0x0e,0x13,0x9b,0x96,
    0x15,0xd1,0x7e,0xe7,0x7b,0x8d,0xb8,0x33,0x57,0x1b,0xf3,0x22,0x2c,0x2a,0x89,0xaa,
    0x24,0x0c,0x40,0x36,0x01,0x0e,0x0a,0x05,0x7e,0x23,0xb3,0x43,0x49,0xc4,0x61,0xc6,
    0x9a,0xaa,0xfc,0xab,0xfc,0x4f,0xb4,0x2e,0xd1,0xdf,0xff,0xb7,0xfe,0x2e,0xfd,0x8a,
    0xf4,0x86,0x8a,0xc4,0x61,0x43,0xd4,0x26,0x0f,0x26,0x19,0x2f,0x06,0x72,0x00,0xb1,
    0x02,0x31,0x43,0x49,0xc4,0x61,0xa9,0xc3,0xd2,0xfd,0x5c,0xac,0x35,0x8f,0x7c,0xff,
    0x14,0xfe,0xe9,0xd3,0x04,0x6a,0x46,0x03,0x17,0x06,0xbc,0x00,0x51,0x42,0x41,0xa3,
    0x59,0x24,0x5a,0x53,0x15,0x2e,0xee,0x56,0x11,0x5b,0x92,0x48,0x42,0x6a,0xec,0x65,
    0x82,0x2e,0x19,0x0f,0xbe,0x00,0x33,0x0f,0x02,0x00,0xff,0x58,0x06,0x26,0x19,0xf2,
    0x07,0xea,0x21,0x8e,0x32,0x14,0x2b,0x57,0x1b,0x98,0x2b,0x7b,0x85,0x7e,0xef,0xff,
    0xff,0xff,0xff,0xdd,0xce,0xda,0x6c,0xa2,0x1f,0x06,0x26,0x19,0x0f,0x30,0x06,0x2d,
    0x01,0x72,0x00,0x03,0x88,0x27,0xf3,0x06,0x0a,0x2a,0xaf,0x2a,0xf7,0x3b,0xfc,0x9d,
    0xbf,0xf7,0xff,0xff,0xdf,0xf7,0x5c,0xb6,0x59,0x54,0xcf,0x32,0x2b,0x8a,0x27,0x0f,
    0x30,0x07,0x0f,0x04,0x54,0x04,0x31,0xc4,0x10,0x47,0x1c,0x0f,0x87,0xaf,0x32,0x35,
    0x23,0x57,0x23,0xda,0x6c,0xa0,0x36,0x14,0x54,0x2e,0x19,0x02,0x56,0x04,0x1d,0x62,
    0x56,0x04,0x04,0x40,0x11,0x01,0x56,0x0a,0x41,0x69,0x27,0xab,0xab,0x4c,0x32,0x11,
    0xf9,0x4c,0x32,0x77,0xbe,0xff,0x76,0xfe,0x0d,0xfd,0x4a,0xda,0x02,0x0c,0xb2,0x3c,
    0x0f,0x02,0x00,0x21,0x06,0x4e,0x03,0x91,0x43,0x49,0xc4,0x61,0x68,0xb3,0x91,0xfd,
    0x3b,0x98,0x03,0x8f,0x9d,0xff,0x35,0xfe,0x4b,0xdc,0x25,0x72,0x22,0xc2,0x19,0x04,
    0x32,0x07,0x31,0x22,0x39,0x63,0x1c,0x9b,0x53,0x8a,0xfc,0xec,0xfc,0x13,0xda,0x2b,
    0x11,0xbd,0x2e,0x19,0x32,0xaa,0xfc,0x07,0x4c,0x12,0x0f,0x86,0x0b,0x34,0x0f,0x02,
    0x00,0xff,0x58,0x02,0xbe,0x06,0x04,0xaa,0x40,0x82,0x35,0x23,0x57,0x1b,0xd8,0x3b,
    0xbb,0x95,0x3c,0x23,0x22,0x9d,0xbe,0xbe,0x1c,0x35,0x2c,0x2a,0xa9,0x72,0x06,0x0f,
    0x98,0x03,0x39,0xf3,0x06,0xea,0x29,0x8e,0x32,0xb6,0x33,0xbb,0x95,0x9e,0xef,0xff,
    0xff,0xdf,0xff,0x9d,0xbe,0x99,0x5c,0xf1,0x32,0x4c,0x4e,0x36,0x1f,0x82,0x98,0x03,
    0x10,0x04,0x32,0x07,0x03,0xc8,0x1c,0x3e,0x32,0x12,0x33,0xd0,0x3d,0x31,0x57,0x1b,
    0xb0,0xca,0x0a,0x02,0xb6,0x12,0x0c,0xc0,0x00,0x03,0xbe,0x1c,0x21,0x28,0x02,0xda,
    0x02,0x73,0x88,0xc3,0xab,0xfc,0xab,0xfc,0xb1,0xbe,0x1c,0x51,0x9d,0xff,0x55,0xfe,
    0xec,0x9e,0x31,0x0f,0x1c,0x2b,0x35,0x02,0x02,0x00,0x13,0x20,0x18,0x0e,0x93,0x43,
    0x41,0xa4,0x59,0x07,0xa3,0x6f,0xfd,0x1a,0x98,0x03,0x42,0x76,0xfe,0xac,0xec,0x6c,
    0x00,0x1f,0xc2,0x72,0x1c,0x14,0x04,0x56,0x04,0x02,0xe4,0x03,0x02,0xe6,0x68,0x31,
    0x70,0xfd,0xd9,0x56,0x04,0x31,0xff,0xff,0xd9,0x92,0x27,0x02,0x84,0x07,0x0f,0xec,
    0x03,0x17,0x0f,0x02,0x00,0xff,0x74,0x02,0xda,0x02,0x51,0xa4,0x08,0x26,0x11,0x88,
    0x4c,0x32,0x81,0x35,0x23,0x57,0x1b,0x18,0x44,0x1c,0xa6,0x5f,0x0e,0x21,0xff,0x5c,
    0x72,0x06,0x01,0x0a,0x0a,0x0f,0xbe,0x1c,0x34,0x02,0xe6,0x06,0x04,0xd2,0x0e,0xa1,
    0xea,0x21,0x8d,0x32,0x75,0x2b,0x7a,0x85,0x5e,0xe7,0x12,0x0e,0xcf,0xce,0xfa,0x6c,
    0x12,0x2b,0x4c,0x32,0xc9,0x21,0x46,0x19,0xe4,0xc2,0x20,0x14,0x02,0xc8,0x1c,0x13,
    0xe5,0xd2,0x3d,0x74,0xd0,0x32,0x36,0x23,0x97,0x2b,0x3a,0x3a,0x3a,0x34,0xef,0xbb,
    0x95,0xca,0x0a,0x01,0x58,0x04,0x01,0x5c,0x32,0x0a,0x58,0x04,0x04,0xbe,0x1c,0x91,
    0x22,0x39,0x83,0x51,0x04,0x6a,0xc8,0xd3,0xab,0xbe,0x1c,0x02,0x62,0x5d,0x11,0x9d,
    0x04,0x2e,0x6f,0xe9,0xd3,0x25,0x72,0x83,0x59,0xd8,0x02,0x39,0x02,0xe6,0x06,0x02,
    0x6a,0x12,0x33,0xa6,0x92,0x2e,0x0e,0x44,0x11,0xbe,0x5c,0x24,0x04,0x76,0x0a,0x11,
    0xa1,0x40,0x15,0x02,0x30,0x01,0x0f,0x02,0x00,0x09,0x02,0x4c,0x00,0x04,0xf6,0x56,
    0x37,0x88,0xc3,0xaa,0xb6,0x12,0x11,0x5b,0x0c,0x33,0x44,0x6a,0xec,0x85,0x8a,0x94,
    0x15,0x0f,0x88,0x0b,0x31,0x0f,0x02,0x00,0xff,0x54,0x02,0x98,0x03,0x02,0x42,0x44,
    0x31,0x2c,0x2a,0xd0,0x7c,0x39,0x42,0x59,0x4c,0x5c,0xae,0xaa,0x40,0x26,0x1c,0xa6,
    0xbe,0x1c,0x1f,0x06,0x6c,0x18,0x08,0x0f,0x02,0x00,0x1b,0x02,0x98,0x03,0x02,0x28,
    0xbb,0x71,0x6c,0x32,0x35,0x2b,0x1a,0x75,0x3e,0xda,0x3c,0x73,0x1d,0xd7,0x3a,0x7d,
    0x34,0x2b,0x6c,0x8a,0x27,0x3d,0x83,0x08,0x41,0x76,0x0a,0x0e,0x02,0x00,0x06,0xc0,
    0x00,0x11,0x88,0x2e,0x19,0x62,0x34,0x2b,0x57,0x23,0x79,0x5c,0xe6,0x19,0xa4,0xdf,
    0xf7,0x5c,0xb6,0x38,0x4c,0x57,0x1b,0x36,0x1b,0xc6,0x1c,0x0e,0x94,0x15,0x07,0xd8,
    0x02,0x61,0x51,0x04,0x72,0x29,0xe4,0xab,0x0a,0x0a,0x11,0x9d,0xd4,0x14,0x53,0x7c,
    0xff,0xd2,0xfd,0xcb,0xbe,0x1c,0x0f,0x3a,0x11,0x39,0x06,0x74,0x00,0x62,0xa3,0x59,
    0x65,0x82,0xed,0xf4,0x24,0x2f,0x6a,0xde,0xff,0xd8,0xfe,0x4f,0xfd,0x64,0x12,0x0e,
    0xf0,0x00,0x0c,0x02,0x00,0x04,0x58,0x04,0x01,0xf0,0x07,0x01,0x20,0x0f,0x33,0xcb,
    0xfc,0xf2,0x58,0x04,0xa1,0xbd,0xff,0x76,0xfe,0xed,0xfc,0x8a,0xfc,0x07,0xa3,0xca,
    0x0a,0x0f,0xde,0x2b,0x32,0x0f,0x02,0x00,0xff,0x56,0x04,0x42,0x44,0x11,0x27,0xee,
    0x72,0xa2,0xd1,0x32,0x56,0x23,0x57,0x1b,0x99,0x5c,0x9d,0xbe,0x04,0x64,0x44,0xbb,
    0x95,0xd8,0x3b,0xbe,0x1c,0x04,0x24,0x15,0x0f,0x9a,0x01,0x2f,0x04,0x9a,0x19,0x02,
    0x4e,0xd4,0x42,0x13,0x2b,0xb9,0x64,0xda,0x2a,0x7f,0x7e,0xe7,0x9b,0x8d,0x95,0x33,
    0x8e,0xf2,0x23,0x14,0x04,0x02,0x00,0x02,0x20,0x0f,0x04,0xde,0x2b,0x91,0x12,0x2b,
    0x57,0x1b,0xf8,0x3b,0xfb,0x9d,0x9f,0x24,0x5e,0x11,0xfd,0xc8,0x4f,0x45,0x57,0x1b,
    0x8f,0x2a,0x76,0x2f,0x21,0x08,0x21,0x6a,0x4f,0x04,0x02,0x00,0x02,0x24,0x03,0x11,
    0xc2,0xe4,0x35,0x93,0x45,0x7a,0x4a,0xec,0xab,0xfc,0xec,0xfc,0x55,0x6c,0x18,0x3f,
    0x3a,0xff,0xb1,0xbe,0x1c,0x3e,0x01,0xfa,0x11,0x07,0xca,0x20,0x42,0x25,0x7a,0x6b,
    0xe4,0x0c,0x32,0x89,0xdf,0xff,0x1a,0xff,0x91,0xfd,0x48,0xb3,0x2a,0x19,0x0f,0x92,
    0x15,0x0c,0x0c,0xae,0x0e,0x42,0x25,0x7a,0x6a,0xf4,0xde,0x2b,0x13,0xdf,0x0c,0x2f,
    0x11,0x4f,0x18,0x21,0x07,0xe6,0x15,0x0f,0x10,0x2f,0x08,0x0f,0x02,0x00,0xff,0x7a,
    0x02,0xbc,0x06,0x0a,0xe4,0x35,0x31,0xda,0x6c,0xdd,0xe4,0x35,0x66,0x9f,0xef,0x7b,
    0x85,0x98,0x2b,0x6a,0x18,0x1f,0xa3,0x26,0x19,0x30,0x08,0x98,0x03,0xb1,0x26,0x19,
    0xa8,0x21,0x2b,0x2a,0xf1,0x2a,0x59,0x54,0x9c,0xdc,0x18,0x82,0x9e,0xef,0xfb,0xa5,
    0xd6,0x3b,0xaf,0x32,0x5c,0x24,0x0f,0x46,0x48,0x15,0x04,0x50,0x16,0x02,0xa6,0x36,
    0x84,0xd0,0x32,0x56,0x1b,0x97,0x2b,0x5a,0x85,0xe8,0x19,0x8f,0x7b,0x85,0x97,0x2b,
    0x57,0x1b,0xd2,0x22,0xa6,0x36,0x05,0x06,0xe4,0x35,0x31,0xa3,0x59,0x85,0x14,0xc9,
    0x33,0x0d,0xfd,0x76,0xbe,0x1c,0x34,0xf9,0xfe,0x70,0x66,0x2a,0x03,0x38,0x11,0x0f,
    0x26,0x19,0x2f,0x01,0x00,0x01,0x01,0xd4,0x0e,0x02,0xe4,0x06,0x42,0x04,0x6a,0x0a,
    0xd4,0x84,0x3d,0x84,0xdf,0xff,0x5b,0xff,0xd2,0xfd,0xc9,0xcb,0xde,0x4b,0x0f,0x44,
    0x03,0x15,0x02,0x5a,0x04,0x02,0x18,0x21,0x93,0x04,0x72,0xc8,0xd3,0xab,0xfc,0x0d,
    0xfd,0x96,0xc2,0x00,0x9f,0x3b,0xff,0xb1,0xfd,0xcb,0xfc,0x4a,0xec,0x24,0x48,0x28,
    0x38,0x0f,0x02,0x00,0xff,0x54,0x06,0xd6,0x02,0x13,0xca,0x6e,0x06,0x51,0x77,0x23,
    0x1a,0x75,0x1e,0x58,0x0a,0x93,0x5e,0xe7,0x3a,0x7d,0x97,0x2b,0x37,0x1b,0x6e,0xe4,
    0xc8,0x1f,0xa3,0x4c,0x32,0x2e,0x04,0x02,0x00,0xf4,0x01,0x41,0x00,0x62,0x08,0xc4,
    0x08,0x05,0x11,0x88,0x21,0x0b,0x2a,0xaf,0x32,0xf8,0x3b,0x2a,0x19,0x55,0x7c,0xb6,
    0x38,0x4c,0xd0,0x92,0x15,0x0f,0xfa,0x11,0x11,0x02,0xe6,0x03,0x04,0x8a,0x0b,0x04,
    0x22,0x0f,0x13,0xd9,0x34,0x4c,0x28,0xbf,0xf7,0x5e,0x20,0x04,0x28,0x2b,0x14,0x20,
    0x87,0x00,0x03,0x98,0x03,0x04,0x38,0x11,0x02,0x2c,0x68,0x51,0x2e,0xfd,0xb7,0xfe,
    0xde,0xc8,0x0a,0x62,0xd8,0xfe,0x4f,0xfd,0xaa,0xfc,0x62,0x3c,0x01,0x9a,0x1f,0x1f,
    0x10,0x98,0x03,0x34,0x22,0x00,0x20,0x2a,0x2f,0xa1,0x31,0x63,0x49,0xc4,0x61,0x68,
    0xbb,0xd2,0xfd,0x3b,0x70,0x00,0x61,0x7d,0xff,0x14,0xfe,0x4b,0xe4,0xce,0x0e,0x2f,
    0x41,0xe1,0xfa,0x11,0x14,0x02,0x98,0x03,0x02,0xe6,0x03,0x77,0x83,0x51,0xe4,0x69,
    0x47,0xb3,0xaa,0x6e,0x41,0x84,0x7d,0xff,0xf3,0xfd,0xcc,0xfc,0xaa,0xfc,0xb6,0x0e,
    0x0f,0x52,0x16,0x33,0x0f,0x02,0x00,0xff,0x52,0x04,0x06,0x0a,0x02,0xd0,0x14,0x11,
    0x14,0xe4,0x35,0x11,0x5b,0x88,0x11,0x97,0xff,0xff,0x3e,0xdf,0xfa,0x6c,0x77,0x23,
    0x36,0xe4,0x35,0x0f,0xf2,0x0d,0x11,0x0f,0x02,0x00,0x11,0x02,0x76,0x00,0xe2,0x05,
    0x11,0x67,0x19,0x0a,0x2a,0x8e,0x32,0xb7,0x33,0xbb,0x95,0x7e,0xef,0xfa,0x11,0x93,
    0xb9,0x64,0x12,0x33,0x4c,0x32,0xc9,0x21,0x47,0xfa,0x11,0x08,0x44,0x03,0x0f,0x02,
    0x00,0x03,0x01,0x90,0x39,0x01,0x78,0x19,0x33,0x68,0x19,0xeb,0xea,0x19,0xf1,0x02,
    0x38,0x4c,0x3c,0xae,0xdf,0xf7,0xff,0xff,0xdf,0xff,0x7c,0xbe,0x59,0x54,0x57,0x1b,
    0x36,0x5a,0x32,0x1d,0x47,0xb6,0x0e,0x01,0xb4,0x18,0x05,0x22,0x03,0x31,0x07,0xab,
    0x8a,0xe4,0x35,0x02,0x72,0x4b,0x31,0xdf,0xff,0x97,0x60,0x4e,0x04,0xe4,0x35,0x0f,
    0x36,0x11,0x39,0x05,0x92,0x15,0x63,0x49,0xa4,0x59,0xe6,0xa2,0x90,0x78,0x0a,0x7f,
    0xbe,0xff,0x76,0xfe,0xed,0xf4,0xa6,0x84,0x39,0x12,0x08,0x02,0x00,0x03,0xc4,0x00,
    0x01,0x90,0x27,0x55,0xc6,0x9a,0x6a,0xf4,0xab,0x90,0x27,0x11,0xbe,0x2c,0x19,0x48,
    0xab,0xfc,0x07,0xa3,0x1a,0x21,0x08,0x3c,0x00,0x0f,0x02,0x00,0xff,0x86,0x02,0x26,
    0x19,0x04,0xd4,0x02,0x91,0x35,0x2b,0x57,0x1b,0xb8,0x33,0x9b,0x8d,0x9e,0xbe,0x1c,
    0x91,0xfd,0xce,0xb9,0x5c,0x77,0x23,0x35,0x23,0x4d,0x2a,0x59,0x02,0xe4,0x35,0x0f,
    0x28,0x03,0x0f,0x0f,0x02,0x00,0x11,0x31,0x21,0x00,0x41,0xf2,0x39,0x73,0x47,0x19,
    0xea,0x21,0x6d,0x32,0x75,0x42,0x15,0x73,0xdf,0xff,0x3e,0xdf,0x1a,0x75,0x54,0x84,
    0x39,0x01,0x38,0x0b,0x0f,0xec,0x35,0x08,0x06,0x02,0x00,0x04,0x94,0x15,0x02,0xce,
    0x4f,0x53,0xf2,0x32,0x57,0x1b,0xd8,0x7c,0x19,0x01,0xc4,0x00,0x14,0x64,0x62,0x0e,
    0x02,0x98,0x03,0x08,0xf4,0x07,0x03,0x26,0x19,0x11,0x20,0x36,0x11,0x01,0x6c,0x06,
    0x51,0xab,0xfc,0x90,0xfd,0x19,0xbe,0x06,0x02,0xbe,0x1c,0x24,0x8a,0xfc,0xda,0x47,
    0x0f,0x6c,0x06,0x39,0x01,0x7c,0x0a,0x23,0x20,0xe1,0x76,0x61,0x04,0x0c,0x20,0x02,
    0xfa,0x11,0x03,0xa6,0x11,0x13,0x39,0x7e,0xe2,0x06,0xe7,0x00,0x0f,0x02,0x00,0x06,
    0x06,0x8c,0x0b,0x22,0xa4,0x59,0xa8,0x85,0x06,0xce,0x4f,0x31,0xb7,0xfe,0x4e,0x86,
    0x6c,0x04,0x4a,0x28,0x0f,0xb6,0x0e,0x13,0x0f,0x02,0x00,0xff,0x6e,0x02,0xce,0x14,
    0x31,0xa4,0x08,0x06,0x26,0x19,0x03,0x0a,0x4f,0x41,0x3b,0xfb,0x9d,0xbf,0xbe,0x06,
    0x48,0xbd,0xc6,0x59,0x54,0x04,0x0a,0x0f,0x58,0x0a,0x13,0x0f,0x02,0x00,0x11,0x02,
    0x6e,0x12,0x31,0xe4,0x10,0x46,0xba,0x44,0x33,0x13,0x2b,0xb9,0x78,0x0a,0x55,0x9e,
    0xef,0xbb,0x95,0xd7,0x8c,0x27,0x0f,0x3a,0x27,0x05,0x0c,0x02,0x00,0x02,0x4e,0x00,
    0x11,0xc4,0x26,0x3d,0x51,0x4c,0x2a,0xd1,0x32,0x56,0x2c,0x19,0x26,0x5e,0xdf,0x8c,
    0x0b,0x01,0xc0,0x2e,0x05,0xbc,0x12,0x06,0xfa,0x11,0x02,0x98,0x03,0x02,0xe4,0x35,
    0x48,0x04,0x6a,0xa8,0xc3,0x0a,0x4f,0x8f,0x9d,0xff,0x34,0xfe,0xec,0xfc,0x4a,0xec,
    0xda,0x47,0x37,0x06,0x02,0x00,0x01,0x98,0x03,0x03,0x9e,0x19,0xf5,0x02,0xe4,0x69,
    0xac,0xf4,0x35,0xfe,0x9d,0xff,0xdf,0xff,0xdf,0xff,0x3b,0xff,0xb1,0xfd,0xe9,0x62,
    0x0e,0x2f,0x81,0x18,0xc8,0x20,0x13,0x02,0x4e,0x00,0x31,0xe1,0x28,0x22,0xf6,0x23,
    0x22,0xe9,0xdb,0x5a,0x32,0x02,0x8c,0x0b,0x02,0x5a,0x65,0x24,0xe9,0xd3,0x8e,0x27,
    0x0f,0xb6,0x0e,0x15,0x0f,0x02,0x00,0xff,0x6c,0x02,0x98,0x03,0x73,0xc4,0x08,0x26,
    0x11,0xa9,0x21,0x0c,0x0a,0x4f,0x04,0x18,0x27,0x62,0xdf,0xf7,0x5c,0xb6,0x18,0x44,
    0xbe,0x1c,0x1f,0xa9,0x1a,0x27,0x14,0x0f,0x02,0x00,0x15,0x05,0x78,0x00,0x01,0xfa,
    0x11,0x21,0xd1,0x2a,0x78,0x0a,0x01,0xea,0x88,0x9f,0x3c,0xae,0x58,0x54,0xd0,0x32,
    0x2b,0x2a,0xa9,0xc4,0x1c,0x18,0x03,0xe0,0x15,0x44,0x08,0x26,0x11,0xa9,0xec,0x19,
    0x14,0x23,0xbc,0x12,0x35,0x9e,0xef,0x9b,0x8e,0x27,0x0e,0xec,0x19,0x02,0xd2,0x02,
    0x04,0xfe,0x1b,0x73,0xe9,0xdb,0xab,0xfc,0xab,0xfc,0xf3,0x66,0x18,0x52,0x7c,0xff,
    0x13,0xfe,0xcb,0x7c,0x39,0x0f,0x0c,0x4b,0x0c,0x0f,0x02,0x00,0x1f,0x02,0x10,0x04,
    0x02,0x54,0x32,0x62,0xc4,0x61,0xe9,0xcb,0xf2,0xfd,0xfc,0xba,0x73,0x7c,0xff,0x14,
    0xfe,0xac,0xf4,0x25,0x04,0x32,0x0f,0x1e,0x41,0x15,0x04,0x2c,0x19,0x02,0x84,0x1d,
    0x28,0x88,0xc3,0x12,0x33,0x11,0x3b,0xec,0x19,0x4f,0x29,0xe4,0x45,0x82,0x42,0x3a,
    0x37,0x0f,0x02,0x00,0xff,0x50,0x03,0xd2,0x02,0x01,0xfa,0x2d,0x11,0x2c,0x4c,0x32,
    0x73,0x57,0x1b,0x59,0x4c,0x7d,0xb6,0xdf,0xf6,0x3f,0x51,0xf8,0x3b,0x57,0x1b,0xd2,
    0x2a,0x35,0x1f,0x06,0xbe,0x06,0x16,0x0f,0x02,0x00,0x11,0x06,0x14,0x0e,0x84,0x88,
    0x19,0x0a,0x2a,0xae,0x32,0xb7,0x3b,0xf4,0x23,0x64,0xbd,0xc6,0xda,0x6c,0x33,0x33,
    0xc4,0x1c,0x0f,0x02,0x16,0x13,0x02,0xe6,0x03,0x0a,0x1c,0x21,0x33,0x79,0x54,0x7d,
    0xec,0x19,0x02,0xd0,0x4f,0x01,0xb4,0x24,0x0d,0x1c,0x21,0x06,0x98,0x03,0xb3,0xa3,
    0x59,0x25,0x7a,0x49,0xec,0xab,0xfc,0xcb,0xfc,0x34,0xc8,0x26,0x11,0x5b,0xd2,0x02,
    0x1f,0xc8,0x7c,0x39,0x3a,0x06,0x02,0x00,0x08,0x62,0x0e,0x26,0x27,0xab,0x62,0x0e,
    0x61,0x77,0xfe,0x2e,0xfd,0xa6,0x92,0x70,0x1c,0x04,0xca,0x0a,0x16,0x08,0x36,0x00,
    0x0f,0x02,0x00,0x03,0x07,0xe6,0x03,0x12,0x51,0x4c,0x28,0x15,0xcc,0x42,0x3a,0x11,
    0x7c,0xfa,0x11,0x02,0x5c,0x20,0x01,0xb8,0x52,0x0f,0x84,0x07,0x14,0x0f,0x02,0x00,
    0xff,0x6c,0x02,0x26,0x19,0xf1,0x02,0xe4,0x10,0x47,0x19,0xca,0x21,0x4c,0x2a,0xf1,
    0x32,0x57,0x1b,0x57,0x23,0x99,0x5c,0xdd,0x60,0x2a,0xc6,0xbf,0xef,0xdb,0x9d,0xb8,
    0x33,0x57,0x1b,0xb1,0x2a,0xeb,0x21,0x7a,0x35,0x0f,0x60,0x0e,0x33,0x01,0x14,0x0e,
    0x01,0x0a,0x68,0xd1,0x67,0x19,0xe9,0x21,0x6c,0x32,0x55,0x2b,0xfa,0x74,0x3d,0xdf,
    0xdf,0x78,0x0a,0x51,0x9b,0x8d,0xb6,0x3b,0x8e,0x56,0x32,0x5f,0x26,0x11,0xc4,0x10,
    0x62,0x8e,0x27,0x18,0x04,0x26,0x0f,0x91,0x14,0x2b,0x57,0x1b,0x38,0x4c,0x1c,0xa6,
    0xff,0xc4,0x1b,0x33,0x3c,0xae,0x59,0x22,0x3d,0x31,0xa9,0x21,0x27,0x2e,0x5e,0x06,
    0x26,0x0f,0x01,0x98,0x03,0x03,0x12,0x27,0x11,0x45,0xfc,0x1b,0x33,0xec,0xfc,0x75,
    0x64,0x18,0x82,0x3a,0xff,0x91,0xfd,0xab,0xfc,0x68,0xbb,0xfc,0x1b,0x0f,0x9a,0x0d,
    0x3d,0x01,0x7a,0x00,0x11,0x18,0x6e,0x52,0x45,0x59,0x85,0x8a,0xcd,0x16,0x4f,0x6f,
    0xf9,0xfe,0xb1,0xfd,0xa8,0xc3,0x0c,0x04,0x1b,0x04,0x8e,0x27,0xd3,0x02,0x39,0x63,
    0x49,0xe4,0x61,0xc6,0x9a,0xab,0xfc,0xcb,0xfc,0xb1,0x72,0x41,0x02,0x8e,0x0b,0x51,
    0x8a,0xf4,0xa6,0x92,0xc4,0x1e,0x4f,0x0f,0xbe,0x12,0x39,0x0f,0x02,0x00,0xff,0x48,
    0x02,0x98,0x03,0x02,0xe4,0x35,0x04,0x0a,0x4f,0x22,0xda,0x6c,0x40,0x93,0x91,0x7e,
    0xe7,0x9b,0x8d,0x97,0x2b,0x36,0x1b,0xb0,0x94,0x1f,0x0f,0x86,0x11,0x17,0x0f,0x02,
    0x00,0x13,0x04,0x14,0x0e,0x02,0x62,0x0e,0x33,0x12,0x2b,0x79,0x86,0x39,0xa4,0xbe,
    0xf7,0x3c,0xae,0x38,0x4c,0xd0,0x32,0x4c,0x2a,0x8e,0x27,0x0e,0x6c,0x2e,0x0e,0x02,
    0x00,0x06,0xe0,0x15,0x31,0xea,0x21,0x6e,0x14,0x33,0x31,0xf8,0x3b,0xdb,0x0e,0x2f,
    0x62,0xff,0xff,0x7d,0xbe,0x79,0x5c,0x92,0x15,0x13,0xc9,0x88,0x39,0x24,0x41,0x00,
    0x72,0x3d,0x06,0xb6,0x06,0x53,0xc4,0x61,0x65,0x82,0xab,0xa2,0x52,0x04,0x9a,0x0d,
    0x12,0x6f,0xbe,0x1c,0x08,0xe8,0x1f,0x0e,0x7b,0x00,0x0f,0x02,0x00,0x24,0x02,0x98,
    0x03,0x04,0x7c,0x0a,0x51,0x2a,0xdc,0x14,0xfe,0x7c,0x62,0x0e,0x64,0x5c,0xff,0x34,
    0xfe,0x6b,0xe4,0xd8,0x18,0x03,0x6c,0x2e,0x0f,0x32,0x07,0x0c,0x01,0x56,0x16,0x05,
    0x26,0x2b,0x22,0x86,0x8a,0xbe,0x12,0x02,0x52,0x56,0xaf,0xbe,0xff,0x75,0xfe,0x0d,
    0xfd,0xaa,0xfc,0xe6,0x9a,0x92,0x15,0xff,0x9a,0x02,0xd0,0x02,0x04,0x18,0x15,0x13,
    0x13,0xbe,0x1c,0x02,0x94,0x1f,0x9f,0x3e,0xdf,0x5a,0x7d,0x77,0x23,0x36,0x1b,0x8e,
    0x7c,0x39,0x38,0x06,0x02,0x00,0x02,0x7c,0x0a,0x11,0xc4,0x16,0x4f,0x82,0x0b,0x2a,
    0xaf,0x2a,0xd7,0x3b,0xfb,0x9d,0xbe,0x2e,0x51,0xdd,0xce,0xfa,0x6c,0x33,0xe8,0x47,
    0x04,0xa6,0x07,0x06,0xe0,0x06,0x0f,0x02,0x00,0x05,0x0e,0x86,0x1d,0x42,0xb8,0x33,
    0x9b,0x8d,0xc8,0x61,0x93,0xbd,0xc6,0xba,0x64,0x57,0x1b,0x36,0x1b,0x8f,0x30,0x5e,
    0x06,0x92,0x15,0x06,0xd0,0x02,0x31,0x63,0x49,0xc4,0x68,0x06,0x33,0xab,0xfc,0x2e,
    0xf0,0x51,0x31,0xdf,0xff,0xd8,0xe6,0x84,0x17,0xe6,0x72,0x47,0x0f,0x62,0x18,0x39,
    0x03,0x7c,0x0a,0x03,0xee,0x35,0x33,0x47,0xb3,0x91,0xbe,0x2e,0x11,0xbe,0x9e,0x19,
    0x2f,0x07,0xa3,0x32,0x4b,0x19,0x06,0xc8,0x00,0x42,0x43,0x49,0xc4,0x61,0x56,0x77,
    0x15,0x4f,0xd2,0x4f,0x31,0x96,0xfe,0x0d,0x60,0x04,0x01,0x1c,0x0b,0x13,0x31,0xf6,
    0x68,0x0f,0x49,0x01,0x05,0x0f,0x02,0x00,0xff,0x75,0x02,0x98,0x03,0x08,0x00,0x0a,
    0x42,0x97,0x2b,0x7b,0x85,0x56,0x4e,0x4f,0xfd,0xd6,0xfa,0x74,0x5c,0x2a,0x0b,0x0f,
    0x02,0x00,0x2b,0x04,0xa2,0x19,0x01,0x1e,0x53,0x61,0x32,0x55,0x2b,0x3a,0x7d,0x1d,
    0x48,0x56,0x77,0x7e,0xe7,0xbb,0x95,0xd7,0x43,0xcf,0xfc,0x11,0x0f,0xfa,0x8b,0x0f,
    0x0a,0xf8,0x07,0x74,0xf1,0x32,0x57,0x1b,0x97,0x2b,0x5b,0xc8,0x00,0x32,0xce,0xfa,
    0x6c,0x98,0x03,0x02,0x8c,0x27,0x06,0x82,0x07,0x01,0x00,0x0a,0x02,0x26,0x19,0x05,
    0xe4,0x35,0x15,0x4f,0x4c,0x1c,0x82,0x97,0xfe,0x0d,0xfd,0x6a,0xf4,0xa6,0x92,0x68,
    0x06,0x0f,0x00,0x0a,0x3f,0x01,0x32,0x07,0x12,0x20,0xbe,0x2e,0x06,0x26,0x2b,0x02,
    0x94,0x15,0x27,0x2a,0xdc,0xfc,0x11,0x0f,0xda,0x18,0x10,0x04,0x4c,0x00,0x33,0x42,
    0x41,0xc4,0x2a,0x19,0x31,0x4e,0xfd,0xd8,0xdc,0x3d,0x11,0xde,0x44,0x3a,0x49,0xab,
    0xfc,0x47,0xb3,0x2a,0x19,0x0f,0xbb,0x01,0x2b,0x0f,0x02,0x00,0xff,0x4d,0x02,0x7e,
    0x11,0x82,0xa4,0x08,0x06,0x11,0x68,0x19,0x0b,0x22,0xe4,0x35,0x33,0xb8,0x33,0xbb,
    0x30,0x68,0x4f,0xbd,0xc6,0xb9,0x64,0x7c,0x39,0x3f,0x06,0x02,0x00,0x02,0x4c,0x03,
    0x04,0x2c,0x19,0x42,0xf2,0x2a,0x79,0x54,0xb8,0x40,0xd2,0xdf,0xf7,0x9c,0xbe,0x99,
    0x5c,0x12,0x33,0x6c,0x32,0xea,0x29,0x87,0x1a,0xe6,0x0f,0x64,0x0e,0x0e,0x02,0x4c,
    0x00,0x04,0x90,0x0b,0x01,0x98,0x03,0x18,0x23,0xdc,0x3d,0x38,0x57,0x23,0x57,0x90,
    0x0b,0x01,0xea,0x7a,0x01,0x0c,0x9e,0x04,0x16,0x15,0xa3,0x51,0xe4,0x69,0x88,0xbb,
    0xab,0xfc,0xcb,0xfc,0x90,0xe4,0x35,0x01,0xe4,0x1f,0x72,0xfc,0x4a,0xec,0x86,0x8a,
    0xa3,0x59,0x14,0x3d,0x0f,0xb4,0x18,0x13,0x0f,0x02,0x00,0x17,0x01,0x4c,0x03,0x02,
    0xd2,0x4e,0x03,0x8e,0x27,0x02,0x94,0x15,0xbf,0x9d,0xff,0x35,0xfe,0xed,0xf4,0xe6,
    0x9a,0xc4,0x61,0x63,0x68,0x40,0x16,0x01,0x4c,0x00,0xf1,0x01,0x20,0xe2,0x30,0x42,
    0x41,0xa4,0x59,0x45,0x82,0x29,0xe4,0xab,0xfc,0x2e,0xfd,0xb7,0x98,0x03,0x11,0xdf,
    0x0e,0x2f,0x4f,0xab,0xfc,0x88,0xc3,0x98,0x03,0xff,0x9a,0x04,0xc2,0x26,0x21,0x88,
    0x19,0x26,0x19,0x72,0x23,0x57,0x1b,0xf8,0x3b,0xfc,0x9d,0xba,0x4a,0x36,0x7d,0xbe,
    0x79,0xbe,0x1c,0x0f,0x32,0x64,0x08,0x0f,0x02,0x00,0x25,0x03,0x7e,0x00,0x52,0x10,
    0x06,0x11,0x88,0x21,0xf6,0x23,0xf5,0x00,0x9b,0x8d,0x7e,0xe7,0xdf,0xff,0xdf,0xff,
    0x5e,0xe7,0x7a,0x8d,0xb6,0x3b,0xae,0x32,0x07,0x02,0x96,0x15,0x0f,0x72,0x12,0x09,
    0x02,0x98,0x03,0x02,0xc0,0x73,0x11,0x4d,0x58,0x16,0x08,0x90,0x0b,0x11,0x3a,0x82,
    0x4b,0x02,0x86,0x39,0x04,0x28,0x0f,0x03,0x98,0x03,0x01,0x1a,0x03,0x8e,0x22,0x39,
    0x83,0x51,0x04,0x6a,0xc8,0xcb,0x30,0x11,0x22,0x29,0xe4,0x10,0x39,0x0f,0x4c,0x1c,
    0x17,0x0f,0x02,0x00,0x17,0x22,0x20,0x08,0xae,0x07,0x01,0x76,0x73,0x43,0x59,0xe7,
    0xa2,0x70,0xe2,0x06,0x84,0xdf,0xff,0xd9,0xfe,0x91,0xfd,0x09,0xdc,0x32,0x4b,0x01,
    0x72,0x12,0x3f,0x10,0x20,0x08,0x5a,0x00,0x09,0x01,0x98,0x03,0x92,0x18,0xe2,0x30,
    0x22,0x41,0xa4,0x59,0x45,0x7a,0x98,0x03,0x0a,0x0c,0x45,0x29,0xa8,0xcb,0x3c,0x4c,
    0x0f,0x4d,0x00,0x09,0x0f,0x02,0x00,0xff,0x6f,0x03,0x1a,0x03,0x81,0x08,0x26,0x11,
    0x89,0x21,0x2c,0x2a,0xd0,0x4c,0x32,0x26,0x38,0x44,0x4a,0x1c,0x22,0x38,0x4c,0xbe,
    0x1c,0x01,0x82,0x55,0x0f,0xb6,0x06,0x10,0x0f,0x02,0x00,0x1d,0x02,0x46,0x0b,0x31,
    0xe5,0x10,0x67,0x5e,0x20,0x11,0x34,0x5e,0x20,0x02,0xa2,0x19,0xe2,0x5c,0xb6,0x99,
    0x5c,0x12,0x33,0x6d,0x32,0x0a,0x2a,0x87,0x19,0x25,0x11,0x14,0x04,0x04,0xac,0x11,
    0x0f,0x02,0x00,0x01,0x12,0x21,0xaa,0x97,0x03,0x92,0xf8,0x02,0x3c,0x4c,0x04,0xa4,
    0x48,0x02,0x28,0x0f,0x0f,0x98,0x03,0x0a,0xb4,0x41,0xa3,0x59,0x25,0x7a,0x09,0xdc,
    0xab,0xfc,0xcb,0xfc,0x6e,0x47,0x0f,0xbe,0x1c,0x49,0x04,0x02,0x00,0x02,0x4e,0x03,
    0x01,0x3e,0x1d,0x54,0x51,0x04,0x72,0xac,0xec,0x5e,0x20,0x67,0x7c,0xff,0x35,0xfe,
    0xed,0xfc,0xa0,0x7a,0x02,0xfe,0x55,0x0f,0x9a,0x03,0x08,0x02,0x4a,0x00,0x11,0xe2,
    0xca,0x00,0x02,0x98,0x03,0x33,0x0d,0xfd,0x96,0xe6,0x2b,0x02,0xc0,0x12,0x11,0xa8,
    0xae,0x20,0x23,0x02,0x39,0xf6,0x76,0x04,0x83,0x00,0x0f,0x02,0x00,0xff,0x83,0x04,
    0xbe,0x1c,0x24,0x27,0x19,0x0a,0x4f,0x62,0x57,0x1b,0x59,0x54,0x7d,0xbe,0x1c,0x03,
    0x2f,0xfc,0xa5,0xbe,0x1c,0x45,0x04,0x02,0x00,0x06,0x4e,0x03,0x91,0xa8,0x21,0x2b,
    0x2a,0xd0,0x2a,0xf7,0x43,0xdb,0xfc,0x11,0x91,0xff,0xff,0x3d,0xdf,0x7b,0x8d,0xb6,
    0x3b,0xaf,0x96,0x15,0x1f,0x47,0xcc,0x0a,0x10,0x04,0xca,0x00,0x02,0x2a,0xfc,0x05,
    0x98,0x03,0x11,0xd7,0xf2,0x23,0x33,0xdf,0x5b,0x85,0xf2,0x23,0x27,0x2a,0x88,0xb6,
    0x40,0x01,0xc8,0x0a,0x03,0x66,0x06,0x31,0xa3,0x59,0x65,0xfe,0x09,0x51,0xec,0xfc,
    0x14,0xfe,0x9d,0x86,0x27,0x11,0x3b,0xa2,0x52,0x06,0xbe,0x1c,0x0f,0x28,0x23,0x41,
    0x53,0x20,0x08,0x40,0x10,0x61,0xe0,0x0e,0x53,0xc4,0x61,0x48,0xb3,0xb1,0xfc,0x11,
    0x11,0xde,0x32,0x07,0x53,0xe9,0xd3,0x45,0x7a,0xa3,0xc6,0x72,0x11,0x81,0x32,0x07,
    0x0f,0x34,0x07,0x07,0x0f,0x98,0x03,0x0b,0x12,0x70,0x80,0x4b,0x17,0x6a,0xa2,0x44,
    0x04,0x83,0x01,0x0f,0x02,0x00,0xff,0x83,0x02,0xfe,0x09,0x02,0x22,0x35,0x02,0x96,
    0x0d,0x06,0xbe,0x1c,0x13,0x9e,0xec,0x3f,0x17,0xb0,0xc0,0x26,0x0f,0x18,0x15,0x0f,
    0x0f,0x02,0x00,0x1b,0x02,0xe0,0x0e,0x02,0xc0,0x2e,0x02,0xfc,0x11,0x22,0xd9,0x6c,
    0x8a,0x39,0xd1,0xbf,0xf7,0x9c,0xbe,0xb9,0x64,0x33,0x33,0x8d,0x32,0x0b,0x2a,0xa8,
    0xfa,0x23,0x0f,0xf6,0x35,0x0b,0x0f,0x98,0x03,0x0a,0x03,0xec,0x35,0x02,0x4a,0x56,
    0x06,0x20,0x21,0x02,0xc6,0x14,0x04,0xbe,0x1c,0x57,0x86,0x8a,0x6a,0xec,0xab,0xec,
    0x3f,0x11,0x1a,0x7c,0x39,0x29,0x68,0xbb,0xfe,0x09,0x0f,0xb2,0x06,0x08,0x0f,0x02,
    0x00,0x23,0x04,0x66,0x36,0x93,0x22,0x41,0x83,0x51,0x45,0x82,0xac,0xe4,0x56,0x16,
    0x04,0x81,0x7d,0xff,0x56,0xfe,0x0e,0xfd,0x47,0xb3,0xc8,0xa8,0x01,0x92,0x7d,0x03,
    0x9a,0x03,0x0f,0x67,0x00,0x04,0x02,0x98,0x03,0x04,0x46,0x3a,0x0c,0x30,0x07,0x0f,
    0x98,0x03,0x00,0x0f,0xca,0x00,0x3e,0x0f,0x02,0x00,0xff,0x3a,0x0e,0x5e,0x18,0x51,
    0x77,0x23,0xda,0x6c,0x1e,0x66,0x06,0x91,0x7e,0xe7,0x7b,0x85,0x98,0x2b,0x37,0x1b,
    0x8f,0x1c,0x47,0x01,0x96,0x0d,0x0f,0x4a,0x0a,0x0a,0x0f,0x02,0x00,0x23,0x06,0xa2,
    0x76,0x02,0x32,0x07,0x42,0xf8,0x43,0xfb,0xa5,0x5a,0x32,0xe2,0x5e,0xe7,0xbb,0x95,
    0x17,0x44,0xf0,0x32,0x6c,0x32,0xea,0x29,0x88,0x19,0xa2,0x35,0x2f,0x62,0x00,0x1a,
    0x04,0x05,0x0a,0x98,0x03,0x11,0xcf,0x04,0x57,0x05,0x30,0x07,0x0f,0x98,0x03,0x0a,
    0x02,0xe0,0x0d,0x51,0xc4,0x61,0xc6,0x9a,0x8a,0x4a,0x93,0x11,0x76,0x2e,0x11,0x3b,
    0xff,0xff,0xd8,0x7c,0x39,0x1f,0x61,0x5a,0x7d,0x00,0x0f,0x02,0x00,0x2f,0x02,0x50,
    0x03,0x01,0x8a,0x39,0x54,0x49,0xc4,0x61,0x48,0xab,0x32,0x07,0xf1,0x00,0xdf,0xff,
    0x1a,0xff,0xd2,0xfd,0x8b,0xec,0x86,0x8a,0xc4,0x61,0x83,0x51,0x22,0x9a,0x03,0x02,
    0xb2,0x07,0x0f,0x34,0x07,0x03,0x02,0x48,0x00,0x0f,0x98,0x03,0xff,0xb8,0x11,0x62,
    0xd6,0x31,0x51,0x68,0x19,0xea,0x21,0x6e,0x0a,0x4f,0x06,0xf0,0x2d,0x42,0x3e,0xdf,
    0x1a,0x75,0x3a,0x56,0x02,0x60,0x6b,0x06,0x5e,0x18,0x0f,0x02,0x00,0x39,0x04,0xdc,
    0x6b,0x01,0x2e,0x19,0x72,0x29,0x6d,0x32,0x34,0x2b,0xfa,0x6c,0x64,0x0e,0xf1,0x00,
    0xdf,0xff,0xdd,0xce,0x1a,0x75,0x96,0x33,0xae,0x3a,0x4c,0x2a,0xc9,0x21,0x67,0x66,
    0x0e,0x1f,0x83,0xb4,0x07,0x06,0x0f,0x98,0x03,0x22,0x02,0x8e,0x15,0x03,0x20,0x35,
    0x02,0xb4,0x8f,0x33,0x4f,0xfd,0xb7,0xb4,0x4a,0x02,0x88,0x31,0x11,0xc6,0x8e,0x1f,
    0x2f,0x02,0x31,0xaa,0x2a,0x15,0x0f,0x02,0x00,0x1d,0x01,0xaa,0x19,0x01,0x4a,0x15,
    0xb1,0x22,0x41,0x83,0x59,0x25,0x72,0xac,0xec,0x55,0xfe,0x7d,0xa6,0x24,0x02,0x60,
    0x88,0xa6,0x09,0xdc,0x45,0x7a,0xc4,0x61,0x63,0x49,0x22,0x39,0x00,0x12,0x0f,0x9a,
    0x03,0x01,0x0f,0x98,0x03,0xff,0xc2,0x31,0x05,0x11,0x88,0xb8,0x38,0x75,0x35,0x23,
    0x57,0x1b,0xb8,0x2b,0x7b,0xf6,0x1b,0x2f,0xda,0x6c,0x3a,0x56,0x3f,0x0e,0x02,0x00,
    0x02,0xb4,0x07,0x11,0xe4,0xb2,0x11,0x91,0x2b,0x2a,0xaf,0x2a,0xf7,0x3b,0x9b,0x8d,
    0x5e,0x96,0x15,0xbb,0xbe,0xf7,0x5c,0xb6,0xd9,0x64,0x34,0x33,0xae,0x32,0x2b,0x9a,
    0x03,0x0e,0x9c,0x15,0x0f,0x98,0x03,0x2c,0x52,0x51,0xe4,0x69,0x67,0xbb,0xa2,0x52,
    0x11,0xd9,0x98,0x03,0x11,0xde,0xa2,0x52,0x06,0x7c,0x39,0x0f,0x98,0x03,0x45,0x04,
    0x52,0x03,0x04,0xc2,0x2e,0x35,0x07,0xa3,0x70,0xd8,0x20,0x93,0x5c,0xff,0x55,0xfe,
    0x0e,0xfd,0x88,0xc3,0x25,0x9a,0x03,0x13,0xe1,0xce,0x0a,0x0f,0xce,0x1c,0x01,0x0f,
    0x98,0x03,0xff,0xba,0x02,0xac,0x06,0x04,0xe4,0x35,0x02,0x98,0xf0,0x08,0xbe,0x1c,
    0x22,0x99,0x5c,0xbe,0x1c,0x06,0xa4,0x3c,0x0f,0xc8,0x0a,0x3f,0x04,0x86,0x00,0x03,
    0x32,0x07,0xb2,0x21,0x4c,0x32,0x34,0x2b,0x99,0x5c,0x5c,0xb6,0xbf,0xf7,0x30,0x19,
    0x73,0xfb,0xa5,0x38,0x4c,0x32,0x33,0x8d,0x9a,0x03,0x1f,0x05,0x64,0xbe,0x06,0x0f,
    0x98,0x03,0x24,0x12,0x10,0xbe,0x1c,0x62,0x83,0x51,0xe4,0x69,0xa8,0xcb,0xa2,0x52,
    0x04,0xbe,0x26,0x64,0x55,0xfe,0xec,0xfc,0x6a,0xf4,0x10,0x27,0x0f,0xbe,0x1c,0x3f,
    0x04,0x02,0x00,0x28,0x20,0x08,0x64,0x0e,0x51,0x04,0x6a,0x4b,0xdc,0xf3,0x5c,0x32,
    0x31,0xff,0xff,0xde,0x86,0xb0,0x84,0xcc,0xf4,0x27,0xab,0x04,0x72,0xa4,0x59,0x34,
    0x07,0x4e,0x81,0x18,0x60,0x10,0x96,0xa1,0x0f,0x98,0x03,0xff,0xbe,0x12,0x82,0x26,
    0x19,0x01,0xa2,0x52,0x91,0x36,0x23,0x57,0x1b,0xf8,0x43,0xfc,0xa5,0xbf,0xb2,0x4a,
    0x27,0x5c,0xb6,0x7c,0x39,0x0f,0xbe,0x1c,0x40,0x06,0x02,0x00,0x02,0x7e,0x12,0x02,
    0xee,0x47,0xa2,0x0a,0x2a,0x8e,0x32,0x96,0x33,0x1a,0x75,0xfd,0xce,0x6e,0x40,0x75,
    0x3e,0xdf,0x9b,0x8d,0x38,0x4c,0x12,0x9a,0x03,0x71,0x26,0x19,0xe4,0x10,0xa3,0x08,
    0x82,0xd0,0x0a,0x08,0x36,0x07,0x06,0xda,0x15,0x11,0xa9,0x9e,0xe6,0x03,0xcc,0x61,
    0x01,0x2a,0x0f,0x0a,0x60,0x0e,0x14,0x26,0x18,0x33,0x03,0x52,0xd0,0x11,0xc1,0xa8,
    0x80,0x02,0xd8,0xa8,0x06,0x12,0x9e,0x11,0x9d,0x72,0x8b,0x04,0xbe,0x1c,0x0f,0xce,
    0x55,0x15,0x0f,0x02,0x00,0x23,0x05,0x96,0x15,0xa3,0x31,0x43,0x49,0xa3,0x59,0x86,
    0x8a,0xee,0xec,0x77,0xfe,0x11,0xc1,0xbe,0xff,0xd9,0xfe,0xd2,0xfd,0xcc,0xfc,0x07,
    0xab,0x04,0x72,0xce,0x0a,0x03,0x78,0x93,0x01,0x70,0xe2,0x07,0x9c,0x03,0x04,0x5a,
    0x16,0x0f,0x60,0x0e,0xff,0xb4,0x08,0x64,0x06,0x03,0xb6,0x38,0x33,0x1b,0x59,0x4c,
    0xbe,0x1c,0x5f,0xff,0x1c,0xa6,0x38,0x44,0xbe,0x1c,0x4b,0x04,0x02,0x00,0x02,0xb8,
    0x07,0x02,0xa6,0x2b,0xb1,0xc9,0x21,0x4c,0x2a,0xd0,0x2a,0xf7,0x43,0xbb,0x95,0x3e,
    0x5e,0x32,0xf3,0x04,0xdf,0xff,0xfd,0xce,0x9b,0x8d,0x18,0x4c,0x11,0x33,0x8e,0x32,
    0x2b,0x2a,0xe9,0x21,0x88,0x21,0x26,0x36,0x07,0x42,0x82,0x08,0x42,0x00,0x9c,0x03,
    0x04,0x7c,0xa5,0x06,0xc0,0x1c,0x0f,0x98,0x03,0x1d,0x42,0xa3,0x59,0x25,0x72,0xe4,
    0x96,0x04,0xac,0x5c,0x11,0x7c,0x44,0x60,0x21,0xe9,0xdb,0x6c,0x47,0x1f,0x39,0x56,
    0x20,0x41,0x08,0x02,0x00,0x02,0xee,0x06,0x04,0xfe,0x11,0x31,0x27,0xab,0x91,0x60,
    0x88,0xe2,0xdf,0xff,0xdf,0xff,0x9e,0xff,0xb8,0xfe,0xb2,0xfd,0xac,0xf4,0x27,0xb3,
    0x04,0xd4,0x51,0x42,0x41,0x02,0x39,0xc2,0x70,0xe2,0x01,0x9c,0x03,0x65,0x08,0x20,
    0x08,0x20,0x08,0x20,0x64,0x04,0x0f,0x98,0x03,0xff,0xb8,0x04,0x24,0x23,0x03,0xe4,
    0x35,0x34,0x1b,0x99,0x5c,0xb6,0x38,0x26,0xdb,0x9d,0xbe,0x1c,0xb1,0x46,0x19,0xa8,
    0x29,0x8a,0x4a,0x0c,0x5b,0xaf,0x73,0xae,0x02,0x00,0x68,0x0c,0x63,0x49,0x4a,0xe3,
    0x18,0x5a,0x02,0x0f,0x02,0x00,0x2b,0x05,0xee,0x06,0xf3,0x17,0x11,0x67,0x19,0xea,
    0x29,0x6c,0x32,0x13,0x2b,0x79,0x5c,0x1b,0xa6,0x9e,0xef,0xdf,0xff,0xdf,0xff,0xbf,
    0xf7,0xdd,0xce,0x7b,0x85,0x17,0x44,0x32,0x33,0xae,0x32,0x4c,0x2a,0xea,0x29,0xa8,
    0x21,0x47,0x36,0x07,0x02,0x06,0x12,0x04,0xb6,0xac,0x02,0xcc,0x00,0x0f,0x30,0x07,
    0x17,0x11,0x41,0x0e,0x6b,0x05,0xbc,0x26,0x12,0x7a,0x86,0x88,0x13,0x34,0xaa,0x06,
    0x11,0x5b,0x48,0x4e,0x11,0xc8,0x74,0x67,0x0f,0x98,0x03,0x52,0x41,0x08,0x61,0x18,
    0xa1,0x2c,0x2b,0x73,0x83,0x51,0xe4,0x69,0x0a,0xd4,0xf3,0xca,0x1c,0xc1,0xdf,0xff,
    0x9d,0xff,0xb8,0xfe,0xb1,0xfd,0xcc,0xfc,0x88,0xc3,0x9a,0x03,0x03,0xd0,0x0a,0x11,
    0xc1,0x9c,0x03,0x04,0xd2,0x0a,0x01,0x3a,0x24,0x3f,0x10,0x81,0x20,0x98,0x03,0xff,
    0xb4,0x02,0xcc,0x02,0x04,0x54,0x2a,0x82,0xf2,0x2a,0x57,0x1b,0x57,0x1b,0xda,0x64,
    0x7c,0x39,0x13,0x9f,0xe6,0x3f,0xd1,0x36,0x5c,0x17,0x8d,0x3b,0xb6,0x5f,0xdf,0x9f,
    0xef,0xbf,0xef,0xdf,0xf4,0x0d,0x01,0x9d,0x43,0x01,0x02,0x00,0x8f,0x5d,0xef,0xd7,
    0xbd,0x4d,0x6b,0xa6,0x31,0x20,0x27,0x09,0x0f,0x02,0x00,0x15,0x11,0x21,0x04,0xb0,
    0xf6,0x1f,0xe4,0x10,0x26,0x19,0x88,0x21,0x0a,0x2a,0xae,0x32,0x75,0x33,0x99,0x5c,
    0x5c,0xb6,0x9e,0xef,0xdf,0xff,0xff,0xff,0xdf,0xf7,0x1d,0xd7,0xbb,0x95,0x79,0x54,
    0x54,0x33,0xcf,0x32,0x6d,0x32,0x2b,0x2a,0xc9,0x21,0x88,0x21,0x46,0x19,0x05,0x11,
    0xd2,0x0a,0x31,0x41,0x00,0x41,0x76,0x5d,0x0f,0x98,0x03,0x18,0x65,0x08,0x41,0x08,
    0x40,0x08,0x61,0x1c,0x35,0x2a,0xa6,0x92,0x7c,0x9a,0x33,0x1a,0xff,0x70,0x7c,0x39,
    0x0f,0xf8,0x72,0x37,0x0f,0x02,0x00,0x09,0x02,0x32,0x07,0x11,0xa1,0x26,0x04,0x91,
    0x83,0x51,0x24,0x72,0x4c,0xdc,0x14,0xfe,0x3b,0x60,0x32,0xf7,0x01,0xdf,0xff,0xbe,
    0xff,0xd9,0xfe,0xf3,0xfd,0x0d,0xfd,0x09,0xdc,0xa6,0x92,0x04,0x6a,0x04,0xd4,0x05,
    0xd2,0x0a,0x11,0x40,0x3c,0x8c,0x4f,0x81,0x20,0xc2,0x30,0xf0,0x23,0x03,0x0f,0xc0,
    0x1c,0xff,0x9c,0x11,0x21,0xcc,0x02,0x04,0x10,0x59,0xfc,0x13,0x13,0x2b,0x57,0x1b,
    0x57,0x1b,0x1a,0x75,0xfd,0xd6,0xff,0xff,0xff,0xff,0x7e,0xe7,0x5a,0x7d,0x97,0x2b,
    0x57,0x1b,0x3d,0x9e,0xff,0xc6,0x3f,0xd7,0x7f,0xe7,0x9f,0xef,0xbf,0xf7,0x98,0x03,
    0x02,0x76,0x3c,0x8f,0x1c,0xe7,0xb6,0xb5,0x49,0x4a,0x82,0x10,0x76,0x02,0x09,0x0f,
    0x02,0x00,0x0f,0xf2,0x09,0x20,0x00,0x41,0x00,0xc3,0x10,0x86,0x29,0x8b,0x42,0x73,
    0x7c,0x77,0x9d,0x3b,0xae,0xfc,0x9d,0x79,0x54,0xfa,0x6c,0x7c,0xbe,0x34,0x07,0xf3,
    0x0c,0xdf,0xf7,0x1d,0xd7,0xfb,0x9d,0xb9,0x64,0xd6,0x3b,0x15,0x54,0x92,0x53,0xce,
    0x42,0x4b,0x32,0xa9,0x21,0x67,0x19,0x26,0x19,0xe5,0x10,0xc4,0x36,0x07,0x0f,0x98,
    0x03,0x29,0x53,0x63,0x49,0xc4,0x61,0xe6,0xbe,0x1c,0x02,0x7c,0x39,0x02,0x1e,0x8c,
    0x3f,0xaa,0xfc,0x27,0x84,0x31,0x56,0x02,0x9a,0x6b,0x02,0xcc,0x0a,0x02,0x66,0x0e,
    0x51,0xed,0xec,0x55,0xfe,0x5b,0x92,0x39,0xf4,0x09,0xdf,0xff,0xbe,0xff,0xf9,0xfe,
    0x14,0xfe,0x2e,0xfd,0x6b,0xec,0x67,0xbb,0x45,0x7a,0xe4,0x69,0xa3,0x59,0x63,0x51,
    0x22,0x41,0x60,0xbb,0x13,0x60,0x5a,0xb0,0x0f,0x98,0x03,0xff,0xba,0x33,0xa3,0x08,
    0x05,0xda,0xa8,0x11,0x34,0x7c,0x39,0x24,0x5b,0x85,0x7c,0x39,0xbf,0x1a,0x75,0x77,
    0x23,0x57,0x1b,0xbe,0xb6,0x1f,0xcf,0x5f,0x98,0x03,0x08,0x02,0x02,0x00,0x6f,0xbe,
    0xf7,0xb6,0xb5,0xe7,0x39,0x7e,0x03,0x0f,0x0f,0x02,0x00,0x07,0xf1,0x0d,0x45,0x21,
    0x6e,0x6b,0x76,0xad,0xdc,0xd6,0x9f,0xef,0x7f,0xe7,0x7f,0xdf,0x3f,0xd7,0x1f,0xcf,
    0x7e,0xae,0x39,0x4c,0x1a,0x75,0x7c,0xbe,0xbe,0xf7,0x34,0x07,0xf2,0x04,0xff,0x7e,
    0xe7,0x5c,0xb6,0x3a,0x7d,0x38,0x4c,0xfa,0x64,0xfc,0x95,0xba,0x9d,0x53,0x74,0xcd,
    0x42,0x36,0x07,0x02,0x9a,0x03,0x55,0x62,0x08,0x62,0x08,0x83,0x52,0x28,0x0f,0x60,
    0x0e,0x10,0x02,0x30,0x07,0x14,0x18,0xe4,0x3f,0x75,0x27,0xb3,0xaa,0xfc,0xab,0xfc,
    0x4f,0x3a,0x2e,0x01,0x60,0x6f,0x0b,0x7c,0x39,0x0f,0x18,0x08,0x31,0x0f,0x02,0x00,
    0x07,0x04,0x8c,0x0a,0x02,0x66,0x0e,0x82,0xa4,0x59,0xa6,0x92,0x2f,0xfd,0x35,0xfe,
    0x82,0x6f,0xf1,0x03,0xff,0xff,0xbe,0xff,0x3b,0xff,0x56,0xfe,0x91,0xfd,0xed,0xfc,
    0x29,0xe4,0x27,0xab,0x25,0x7a,0x36,0x07,0x03,0x9a,0x03,0x51,0x81,0x18,0x60,0x10,
    0x60,0xd0,0x27,0x1f,0xe2,0x30,0x07,0xff,0xb6,0x43,0x08,0xa4,0x08,0x05,0x0a,0x4f,
    0x02,0xbe,0x1c,0x32,0x9b,0x8d,0x7e,0xde,0x51,0xdf,0xd6,0xb9,0x64,0x77,0x23,0xb8,
    0x2b,0xdf,0xbe,0x1f,0xcf,0x5f,0xdf,0x30,0x07,0x07,0x04,0x02,0x00,0x8f,0xdf,0xff,
    0x9e,0xf7,0x71,0x8c,0x86,0x31,0x78,0x02,0x07,0x0f,0x02,0x00,0x05,0xf1,0x06,0x82,
    0x10,0x28,0x42,0x75,0xad,0x5d,0xef,0xbe,0xf7,0xdf,0xf7,0xbf,0xf7,0xbf,0xef,0x9f,
    0xef,0x7f,0xe7,0x5f,0x9a,0x03,0xa2,0x3d,0x9e,0x79,0x54,0xd9,0x6c,0x5c,0xb6,0x7e,
    0xe7,0x9a,0x03,0xf1,0x10,0xbf,0xf7,0xfd,0xd6,0xfb,0xa5,0xfa,0x6c,0x59,0x4c,0xba,
    0x5c,0xfc,0x95,0x7d,0xb6,0xd9,0xa5,0x12,0x6c,0xcc,0x4a,0xc8,0x29,0x05,0x11,0x83,
    0x08,0x82,0x08,0x82,0x96,0x44,0x02,0xea,0x2b,0x0f,0x98,0x03,0x14,0x07,0x26,0x19,
    0x79,0x88,0xc3,0xaa,0xfc,0xab,0xfc,0x90,0x4c,0x3c,0x01,0x7c,0x43,0x03,0x42,0xa5,
    0x1f,0x60,0xba,0x26,0x50,0x51,0x20,0x08,0x40,0x10,0x60,0x34,0xb7,0xd1,0x22,0x39,
    0x63,0x49,0xa4,0x59,0xc6,0x92,0xee,0xf4,0x35,0xfe,0x3b,0xaa,0xdb,0xf1,0x03,0xdf,
    0xff,0xdf,0xff,0x7d,0xff,0xf9,0xfe,0x35,0xfe,0x70,0xfd,0xec,0xfc,0x6a,0xec,0x68,
    0xbb,0x94,0x73,0x12,0x49,0x34,0x07,0x11,0x81,0x56,0xd4,0x0f,0x98,0x03,0xff,0xb4,
    0x02,0x06,0x15,0x06,0xbe,0x1c,0x84,0x36,0x23,0x57,0x1b,0xd8,0x33,0xdb,0x9d,0xe4,
    0x3f,0x6e,0x79,0x54,0x57,0x23,0x19,0x3c,0x98,0x03,0x04,0x8a,0x03,0x0e,0x02,0x00,
    0x9f,0xdf,0xff,0xfb,0xde,0x92,0x94,0x65,0x29,0x41,0x7c,0x29,0x14,0x91,0x41,0x08,
    0x04,0x21,0x4d,0x6b,0xf7,0xbd,0x7d,0xe0,0x11,0x21,0xdf,0xff,0x98,0x03,0x09,0x9a,
    0x03,0x82,0x5d,0xa6,0x59,0x4c,0xd9,0x6c,0x1c,0xae,0x68,0x20,0xff,0x1d,0xff,0xff,
    0xdf,0xff,0x7e,0xef,0xbd,0xc6,0xdb,0x9d,0xfa,0x6c,0x59,0x4c,0x99,0x54,0x5b,0x7d,
    0xbe,0xbe,0xfd,0xce,0x3a,0xbe,0xb8,0xad,0xf4,0x94,0x31,0x7c,0x6e,0x63,0x4e,0x63,
    0x6f,0x63,0x90,0x63,0xd1,0x63,0x95,0x74,0xf8,0x7c,0x28,0x19,0x0e,0x41,0x08,0x41,
    0x08,0x41,0xe4,0x35,0x73,0x02,0x39,0x83,0x51,0x04,0x72,0xc8,0xbe,0x1c,0x11,0x3a,
    0xd7,0x00,0x11,0xbd,0x60,0x6f,0x0f,0xbe,0x1c,0x51,0x08,0x02,0x00,0x02,0xee,0x18,
    0x03,0x00,0x12,0xa1,0x39,0x63,0x49,0xa3,0x59,0xc6,0x92,0xed,0xf4,0x14,0xce,0xcc,
    0x02,0xfe,0x00,0xf3,0x03,0xbe,0xff,0x5c,0xff,0xb8,0xfe,0x14,0xfe,0x90,0xfd,0x0d,
    0xfd,0x8b,0xf4,0xe9,0xd3,0x45,0x7a,0xb2,0xac,0x2f,0x18,0x81,0x98,0x03,0xff,0xbd,
    0x02,0xa2,0x52,0x04,0xd0,0xba,0x04,0x90,0x60,0x31,0xdf,0xf7,0x7d,0x08,0x6b,0x2f,
    0x7a,0x54,0x98,0x03,0x19,0x02,0x02,0x00,0x8f,0xbe,0xf7,0x18,0xc6,0xae,0x73,0x08,
    0x42,0x72,0x0e,0x09,0x91,0xa2,0x10,0x08,0x42,0x8e,0x73,0xb6,0xb5,0x9e,0x2a,0x1d,
    0x02,0x0e,0x06,0x01,0x02,0x00,0x94,0xf7,0xbf,0xf7,0xbf,0xf7,0x9f,0xef,0x9f,0xe7,
    0x34,0x07,0xb5,0xbe,0xb6,0x79,0x54,0x79,0x54,0x9b,0x95,0xfd,0xce,0xbe,0x2c,0x00,
    0xe3,0x7e,0xef,0xfd,0xce,0x1c,0xa6,0x5a,0x85,0x79,0x5c,0x18,0x44,0x3d,0xa6,0xce,
    0x07,0x15,0xef,0x6a,0x07,0x5f,0xcf,0xff,0xc6,0x9e,0xae,0x98,0x03,0x0b,0x11,0x82,
    0x98,0x03,0x11,0x61,0x98,0x03,0x01,0x26,0x19,0x01,0xe4,0x35,0x33,0xab,0xfc,0xf2,
    0xac,0x4a,0x9f,0x7c,0xff,0x14,0xfe,0xcb,0xfc,0x6a,0xec,0x25,0x14,0x9e,0x36,0x0f,
    0x02,0x00,0x15,0x04,0xcc,0x1c,0x31,0xe2,0x30,0x02,0x9a,0x03,0x91,0x45,0x7a,0x0b,
    0xcc,0xb2,0xfd,0xb8,0xfe,0x7c,0x6a,0x0e,0x02,0xd2,0x0a,0x15,0x7c,0xe2,0xf0,0x44,
    0x6a,0xec,0x04,0x72,0x38,0x19,0x0f,0x98,0x03,0xff,0xba,0x13,0x83,0xa2,0x52,0x02,
    0x1a,0x35,0x73,0x57,0x1b,0x38,0x4c,0x7d,0xb6,0xdf,0x52,0x7d,0xff,0x00,0xf8,0x3b,
    0x57,0x1b,0xdb,0x64,0xff,0xc6,0x3f,0xd7,0x5f,0xdf,0x7f,0xe7,0xbf,0xf8,0x11,0x04,
    0x0f,0x02,0x00,0x03,0xf2,0x15,0xdf,0xff,0x5d,0xef,0xdb,0xde,0x96,0xb5,0x51,0x8c,
    0x2c,0x63,0x28,0x42,0xc7,0x39,0xa6,0x31,0x65,0x29,0xa6,0x31,0xc7,0x39,0x49,0x4a,
    0x4d,0x6b,0x71,0x8c,0xd7,0xbd,0xdb,0xde,0x5d,0xef,0x66,0x02,0x04,0x02,0x00,0x01,
    0x96,0x03,0x0d,0x34,0x07,0xf3,0x02,0x5f,0xd7,0x3f,0xcf,0xbe,0xb6,0x3b,0x75,0x59,
    0x4c,0x3a,0x7d,0x5c,0xae,0x5e,0xdf,0xbf,0x6c,0x0e,0xc1,0xdf,0xff,0x9e,0xf7,0x1d,
    0xd7,0xfb,0xa5,0x99,0x5c,0x39,0x4c,0x96,0x12,0x43,0xe7,0x9f,0xef,0x9f,0x02,0x0b,
    0x1f,0x1f,0x98,0x03,0x19,0x04,0xfa,0x09,0x21,0x82,0x4a,0xa2,0x52,0x02,0xc0,0x67,
    0x7f,0xff,0xff,0x5b,0xff,0xf2,0xfd,0xab,0x3a,0x56,0x44,0x0f,0x02,0x00,0x0b,0x06,
    0x34,0x07,0x22,0xc1,0x28,0xd2,0xcc,0x75,0x04,0x6a,0xa9,0xbb,0x50,0xf5,0x35,0x36,
    0x07,0xf2,0x01,0xff,0xff,0xdf,0xff,0xde,0xff,0x9d,0xff,0x1a,0xff,0x14,0xfe,0x2e,
    0xfd,0x47,0xab,0xd4,0x2e,0x0f,0x98,0x03,0xff,0xb8,0x0a,0x26,0x19,0x71,0xf1,0x32,
    0x57,0x1b,0x57,0x23,0x79,0xb2,0x8b,0x02,0x6e,0x67,0x61,0xd8,0x33,0x57,0x1b,0x5b,
    0x75,0x8e,0x15,0x22,0xdf,0x9f,0x98,0x03,0x02,0x3a,0x03,0x04,0x4b,0x03,0x0f,0x02,
    0x00,0x18,0x44,0xbe,0xf7,0x3c,0xe7,0xf0,0x06,0x0f,0x02,0x00,0x03,0x05,0x98,0x03,
    0x0b,0x34,0x07,0xf2,0x01,0x5f,0xd7,0x3f,0xcf,0xff,0xc6,0xfd,0x95,0x39,0x4c,0x99,
    0x5c,0x9b,0x95,0xbd,0xc6,0x6c,0x0e,0x02,0x9e,0x02,0xaf,0x5e,0xe7,0x7b,0x85,0x18,
    0x44,0xde,0xc6,0x7f,0xdf,0x98,0x03,0x1c,0x63,0x10,0x82,0x08,0x61,0x08,0x41,0x26,
    0x19,0x71,0x42,0x41,0xc4,0x61,0x65,0x82,0x8a,0xbe,0x1c,0x15,0x55,0x7c,0x39,0x51,
    0xb1,0xfd,0xab,0xfc,0xc8,0xec,0x80,0x0f,0xbe,0x1c,0x4f,0x0a,0x02,0x00,0x02,0x88,
    0x24,0x11,0x61,0x68,0x0e,0xf1,0x00,0x02,0x39,0x42,0x41,0x83,0x51,0xc4,0x61,0xc6,
    0x92,0xcd,0xec,0xd2,0xfd,0x97,0x6c,0x0e,0x04,0xd0,0x04,0x91,0xdf,0xff,0xf9,0xfe,
    0xb1,0xfd,0xc9,0xcb,0x42,0x6c,0x32,0x2f,0x81,0x20,0x30,0x07,0xff,0xb6,0x02,0x30,
    0x2e,0x02,0xbe,0x1c,0x31,0x6d,0x2a,0x12,0x8e,0x15,0x31,0xb9,0x64,0xfe,0x26,0x19,
    0xa3,0x9e,0xef,0x9b,0x8d,0xb8,0x2b,0x77,0x23,0xbc,0x85,0x98,0x03,0x02,0xbe,0x1c,
    0x03,0x9a,0x03,0x02,0x18,0x03,0x0f,0x02,0x00,0x3d,0x08,0x9a,0x03,0x01,0x6a,0x0e,
    0x11,0xef,0xd0,0x0a,0x12,0xdf,0x04,0x12,0xe2,0xde,0xbe,0x5b,0x75,0x39,0x4c,0x99,
    0x5c,0x7b,0x8d,0x7c,0xb6,0x3e,0xdf,0x3e,0x19,0x41,0x9e,0xef,0xdb,0x9d,0x98,0x03,
    0x0f,0x30,0x07,0x1d,0x01,0x98,0x03,0x13,0x61,0x98,0x03,0x02,0xac,0xa1,0x02,0xa2,
    0x52,0x15,0x76,0xe2,0x3f,0x14,0x90,0xd4,0x63,0x0f,0x3a,0x56,0x40,0x0f,0x02,0x00,
    0x0d,0x03,0x34,0x07,0x31,0x10,0x81,0x20,0x02,0xc2,0xf2,0x04,0x39,0x63,0x49,0x83,
    0x59,0xe4,0x69,0x28,0xa3,0xcd,0xec,0xd2,0xfd,0x76,0xfe,0x1a,0xff,0x9d,0xff,0x0c,
    0x24,0x5f,0x3b,0xff,0xd2,0xfd,0x48,0x30,0x07,0xff,0xc1,0x07,0xac,0xa1,0x01,0x72,
    0x55,0x51,0x77,0x23,0xfa,0x74,0x3e,0x77,0x03,0xc1,0x5e,0xdf,0x5b,0x85,0x77,0x23,
    0x98,0x2b,0xfd,0x95,0xff,0xce,0x28,0x0a,0x02,0xc6,0x0a,0x01,0x46,0x0a,0x0f,0x02,
    0x00,0x4b,0x03,0x9e,0x03,0x01,0x68,0x0e,0x03,0x9a,0x03,0x03,0x36,0x07,0x41,0x1f,
    0xc7,0x5d,0xa6,0xf0,0x11,0xdf,0x64,0x5a,0x85,0xfb,0xa5,0x9c,0xbe,0xbd,0xc6,0x5c,
    0xae,0xfa,0x6c,0xc8,0x0a,0x21,0x12,0xc4,0x98,0x03,0x01,0x24,0xc5,0xae,0x02,0x31,
    0x63,0x49,0xe4,0x61,0xe7,0xa2,0xab,0xfc,0xaa,0x4a,0x2f,0x27,0xab,0xaa,0x4a,0x65,
    0x02,0x9a,0x03,0x11,0x60,0xa2,0x00,0x51,0xc2,0x30,0x02,0x39,0x42,0x3e,0xdb,0xf4,
    0x07,0x45,0x7a,0x68,0xb3,0xcd,0xe4,0xb2,0xfd,0x55,0xfe,0xb8,0xfe,0xf9,0xfe,0x1a,
    0xff,0x56,0xfe,0x0f,0xf5,0x45,0x7a,0x92,0x15,0x0f,0x30,0x07,0xff,0xb4,0x01,0x8e,
    0x15,0x03,0xac,0xa1,0xb3,0x0b,0x22,0x8e,0x32,0x34,0x23,0x57,0x1b,0x77,0x2b,0x5a,
    0x98,0xc5,0xac,0x1e,0xd7,0x1a,0x75,0x57,0x23,0xb8,0x2b,0x3d,0xa6,0xbe,0x1c,0x0f,
    0x96,0x03,0x4b,0x02,0xa0,0x0a,0x01,0x02,0x00,0x05,0x36,0x19,0x22,0x9f,0xe7,0x36,
    0x07,0xf2,0x0a,0x5f,0xd7,0x3f,0xcf,0x1f,0xcf,0x9e,0xb6,0x5b,0x7d,0x79,0x54,0x18,
    0x44,0x99,0x5c,0xb9,0x64,0x79,0x54,0x18,0x44,0x1c,0xa6,0x7f,0xc6,0x19,0x0f,0xf8,
    0x11,0x18,0x06,0x98,0x03,0x01,0x2c,0x1c,0x05,0xe4,0x35,0x42,0x4f,0xfd,0xd9,0xfe,
    0xc8,0x31,0x33,0x97,0xfe,0x2e,0x0a,0x59,0x02,0xdc,0xa8,0x3f,0x61,0x10,0x40,0xbe,
    0x1c,0x4c,0x0e,0x02,0x00,0x31,0x20,0x08,0x40,0xca,0x19,0x04,0x36,0x07,0xf2,0x07,
    0x43,0x41,0x83,0x51,0xa3,0x59,0xc4,0x61,0x27,0xa3,0x0b,0xcc,0x6f,0xfd,0xb1,0xfd,
    0x91,0xfd,0x2e,0xfd,0x07,0x9b,0x98,0x39,0x01,0x1a,0xcd,0x03,0xc8,0x27,0x0f,0xf0,
    0x23,0xff,0xac,0x01,0x98,0x03,0x05,0x26,0x19,0x02,0xcc,0x75,0x06,0x0a,0x59,0xaf,
    0xdd,0xc6,0xda,0x64,0x57,0x1b,0xd8,0x33,0x9e,0xb6,0xbe,0x1c,0x13,0x0f,0x02,0x00,
    0x39,0x01,0x96,0x03,0x02,0x02,0x00,0x09,0x36,0x07,0x03,0x9c,0x03,0xf6,0x00,0xd7,
    0x3f,0xcf,0xfe,0xc6,0x7d,0xae,0x5b,0x7d,0xba,0x5c,0x3b,0x75,0xbe,0xbe,0x8e,0x15,
    0x04,0x98,0x03,0x0f,0xf8,0x11,0x0f,0x08,0x98,0x03,0x02,0x0a,0x4f,0x02,0xe4,0x35,
    0x13,0x70,0xc4,0x99,0x3f,0xbe,0xff,0x76,0x3a,0x56,0x4c,0x0f,0x02,0x00,0x13,0x02,
    0x6a,0x0e,0x02,0x36,0x07,0x02,0xd2,0x0a,0x42,0x22,0x41,0x63,0x49,0x9e,0x03,0x42,
    0x04,0x6a,0x45,0x7a,0xc8,0x40,0x83,0xc1,0x28,0x81,0x20,0x61,0x18,0x61,0x18,0x60,
    0x19,0x0f,0x98,0x03,0xff,0xb3,0x04,0xee,0x84,0x13,0xb0,0xa2,0x52,0x04,0x3a,0x60,
    0x8e,0x9d,0xbe,0x99,0x5c,0x57,0x1b,0xf9,0x3b,0x26,0x19,0x0f,0x32,0x07,0x4f,0x07,
    0x98,0x03,0x05,0x9a,0x03,0x04,0xd2,0x0a,0x01,0x9c,0x03,0x33,0xdf,0x5f,0xd7,0x02,
    0x00,0x32,0xdf,0x7f,0xdf,0x5c,0x0e,0x22,0xbf,0xef,0xf6,0x0a,0x0f,0x98,0x03,0x1d,
    0x11,0xc2,0xc0,0xab,0x02,0xc8,0x6b,0x08,0xd2,0x63,0x82,0x35,0xfe,0xec,0xfc,0x4a,
    0xec,0x85,0x8a,0xbe,0xab,0x0f,0x7c,0x39,0x47,0x0f,0x02,0x00,0x0f,0x02,0x36,0x07,
    0x11,0x60,0x0e,0x07,0x03,0xe6,0xf0,0xe1,0x39,0x22,0x41,0x22,0x41,0x22,0x41,0x02,
    0x39,0x02,0x31,0xe2,0x30,0xa1,0x96,0x03,0x02,0xf0,0x23,0x1f,0x81,0x58,0x20,0xff,
    0xb1,0x17,0x20,0xd8,0x51,0x04,0xa2,0x52,0x42,0x18,0x44,0x1c,0xa6,0x78,0x03,0x11,
    0x5c,0x6a,0x67,0x74,0x79,0x54,0xdf,0xc6,0x3f,0xcf,0x5f,0x8e,0x15,0x0f,0xf6,0x11,
    0x4a,0x08,0x02,0x00,0x0a,0x9a,0x03,0x07,0x06,0x12,0x01,0xd8,0x1c,0x01,0x02,0x00,
    0x01,0x92,0x03,0x01,0x94,0x03,0x04,0x96,0x03,0x14,0xf7,0x30,0x07,0x1f,0x3f,0x28,
    0x19,0x0e,0x06,0x30,0x07,0x08,0xd8,0x51,0x33,0xcb,0xfc,0xd2,0x10,0x9a,0x53,0x7c,
    0xff,0x13,0xfe,0xcc,0x24,0xa8,0x42,0x22,0x41,0xc2,0x30,0xf2,0x4a,0x0f,0x44,0x03,
    0x0f,0x0f,0x02,0x00,0x43,0x01,0x36,0x07,0x02,0xd2,0x0a,0x21,0x18,0x81,0x84,0xf4,
    0x44,0xc1,0x28,0xc2,0x28,0xf0,0xfb,0x02,0x54,0x32,0x02,0x7a,0xdb,0x0f,0xb8,0x2e,
    0xff,0xb2,0x04,0xbe,0x1c,0xf2,0x01,0x47,0x19,0xa9,0x21,0x4c,0x2a,0xd1,0x32,0x57,
    0x1b,0x57,0x1b,0x59,0x54,0x5c,0xb6,0xe4,0x35,0x02,0x88,0xb6,0x31,0xdb,0x64,0xdf,
    0xbe,0x1c,0x03,0x26,0x19,0x01,0x98,0x03,0x08,0x40,0x03,0x0f,0x02,0x00,0x49,0x0c,
    0x9c,0x03,0x02,0x7a,0x03,0x01,0x38,0x07,0x01,0xa0,0x03,0x01,0x02,0x00,0x15,0xef,
    0x94,0x03,0x01,0x02,0x00,0x02,0x30,0x07,0x0f,0x98,0x03,0x14,0x21,0x10,0x81,0x26,
    0x19,0x62,0x43,0x41,0xa3,0x59,0x85,0x8a,0x86,0x88,0x13,0x13,0x26,0x19,0x02,0x60,
    0x6f,0x6f,0x09,0xdc,0x25,0x72,0x83,0x51,0xd2,0x59,0x43,0x0f,0x02,0x00,0x1d,0x04,
    0x9c,0x03,0x03,0x84,0xf4,0xb4,0x18,0x81,0x20,0x81,0x18,0x81,0x18,0x61,0x18,0x61,
    0x10,0x20,0x3d,0x0f,0xe8,0x35,0xff,0xb6,0x08,0x26,0x19,0x04,0xe4,0x35,0xcf,0x99,
    0x5c,0xbd,0xbe,0xff,0xff,0xff,0xff,0x9f,0xef,0xbb,0x95,0xbe,0x1c,0x00,0x0f,0x98,
    0x03,0x5a,0x0b,0x9a,0x03,0x01,0x08,0x12,0x06,0x9e,0x03,0x05,0x02,0x00,0x01,0x90,
    0x03,0x04,0x54,0x07,0x0f,0x98,0x03,0x18,0x21,0x10,0x61,0xec,0x14,0x02,0x26,0x19,
    0x82,0xc6,0x92,0x6a,0xf4,0xab,0xfc,0xec,0xfc,0x08,0xac,0x04,0xa2,0x52,0x0f,0x3a,
    0x56,0x4b,0x0f,0x02,0x00,0x1f,0x01,0x02,0x3d,0x01,0x22,0xf8,0x0f,0x96,0xe2,0x00,
    0x03,0x4c,0x3a,0x0f,0x80,0x39,0xff,0xb0,0x06,0xe4,0x35,0x15,0xca,0x26,0x19,0x22,
    0xda,0x6c,0xdc,0xa8,0xa9,0x7e,0xe7,0x7b,0x85,0xb8,0x2b,0x57,0x1b,0xbc,0x8d,0xbe,
    0x1c,0x01,0x8c,0x11,0x0f,0x24,0x07,0x49,0x0e,0x02,0x00,0x09,0x36,0x07,0x08,0x9c,
    0x03,0x03,0x02,0x00,0x02,0x92,0x03,0x02,0x02,0x00,0x02,0xc0,0x27,0x0f,0x30,0x07,
    0x14,0x21,0x10,0x81,0x98,0x03,0x02,0x10,0x88,0x42,0xe6,0xa2,0x8a,0xfc,0x1e,0x8c,
    0x11,0xde,0x83,0x00,0x11,0xd9,0xa2,0x52,0x04,0x3a,0x56,0x2f,0xc1,0x28,0x92,0x80,
    0x79,0x02,0x9e,0x03,0x07,0x02,0x00,0x01,0xe1,0x03,0x02,0x58,0x19,0x01,0x30,0x0f,
    0x0f,0xf8,0x11,0xff,0xad,0x31,0x21,0x00,0x62,0x80,0x31,0x34,0x68,0x19,0xea,0xe4,
    0x35,0x41,0x2b,0x1a,0x75,0x3e,0x79,0x03,0x3d,0x5e,0xdf,0x3a,0x7c,0x39,0x1f,0xbf,
    0x98,0x03,0x62,0x0d,0x9a,0x03,0x03,0x9c,0x03,0x09,0x02,0x00,0x01,0x30,0x04,0x0f,
    0x98,0x03,0x1d,0x51,0x82,0x10,0x81,0x18,0xc1,0xa2,0x52,0x22,0xe4,0x61,0xac,0xa1,
    0x13,0x4e,0x68,0x67,0x51,0xff,0xff,0xb7,0xfe,0x4f,0x98,0x6e,0x0f,0xbe,0x1c,0x65,
    0x0f,0x02,0x00,0x21,0x02,0x58,0x3d,0x0f,0x30,0x07,0xff,0xae,0x06,0xe8,0x5c,0x15,
    0x88,0xc8,0x6b,0x15,0x98,0x98,0x6e,0x9d,0x1e,0xd7,0xfa,0x6c,0x77,0x23,0x98,0x2b,
    0x5e,0xbe,0x1c,0x01,0xb7,0x03,0x0f,0x02,0x00,0x5e,0x0b,0x36,0x07,0x0f,0x02,0x00,
    0x03,0x01,0x80,0x0e,0x0f,0x30,0x07,0x17,0x95,0x82,0x10,0x81,0x18,0xc2,0x28,0x02,
    0x39,0x83,0xac,0xa1,0x04,0xc2,0x87,0x99,0xdf,0xff,0x76,0xfe,0x2e,0xfd,0xab,0xfc,
    0xe6,0x02,0xbe,0x0f,0x2c,0x03,0x21,0x0f,0x02,0x00,0x59,0x0f,0x98,0x03,0xff,0xba,
    0x91,0xa4,0x08,0x06,0x11,0x89,0x19,0x0b,0x2a,0xaf,0x26,0x19,0x51,0xb8,0x33,0xbb,
    0x95,0x9e,0x7c,0x39,0xac,0xdd,0xc6,0x99,0x5c,0x57,0x23,0xf8,0x3b,0x7e,0xae,0xbe,
    0x1c,0x0f,0x93,0x03,0x5e,0x05,0x02,0x00,0x0f,0x9c,0x03,0x0e,0x0f,0x98,0x03,0x15,
    0x02,0x16,0xa6,0x44,0x10,0x82,0x10,0xa1,0x26,0x19,0x12,0x6a,0xee,0xe5,0x31,0xb1,
    0xfd,0xfa,0x3a,0x56,0x31,0xbe,0xff,0x55,0xc8,0x75,0x2f,0x85,0x8a,0x7c,0x39,0x59,
    0x0f,0x02,0x00,0x2d,0x0f,0x98,0x03,0xff,0xb6,0x04,0x60,0x6f,0x02,0x26,0x19,0x04,
    0x60,0x6f,0x11,0xbf,0x4c,0x35,0x11,0x9d,0x8a,0x92,0x2f,0x39,0x44,0x56,0x20,0x61,
    0x0f,0x02,0x00,0x0b,0x0f,0x9e,0x03,0x08,0x0f,0x98,0x03,0x17,0x13,0x19,0x98,0x03,
    0x23,0x20,0xe2,0x84,0xa4,0x22,0x29,0xe4,0x1e,0x8c,0x02,0x74,0x96,0xaf,0x9d,0xff,
    0x14,0xfe,0xec,0xfc,0x8a,0xfc,0x45,0x7a,0xbe,0x1c,0x6f,0x0f,0x02,0x00,0x17,0x0f,
    0x98,0x03,0xff,0xb8,0x01,0xe4,0x35,0x04,0xac,0xa1,0x31,0x1b,0x57,0x1b,0xaa,0x8b,
    0x01,0xb4,0x55,0x9f,0x3c,0xae,0x38,0x4c,0x57,0x1b,0x9a,0x54,0xde,0xac,0x40,0x14,
    0x0f,0x02,0x00,0x6b,0x03,0xac,0x03,0x0f,0x98,0x03,0x1a,0x32,0xa2,0x10,0x82,0x8e,
    0x15,0xa7,0x41,0xa3,0x59,0x25,0x72,0x8a,0xf4,0xab,0xfc,0xcb,0x1e,0x8c,0x9f,0xf3,
    0xfd,0xcb,0xfc,0x4a,0xec,0x25,0x7a,0xa3,0x58,0x8b,0x98,0x0f,0x98,0x03,0xff,0xb4,
    0x35,0x21,0x00,0x41,0x4c,0x32,0x04,0x26,0x19,0x04,0x58,0x8b,0x93,0xdf,0xf7,0xfc,
    0x9d,0xf8,0x3b,0x57,0x1b,0xda,0x7c,0x39,0x08,0xbe,0x1c,0x0f,0xca,0x0a,0x69,0x0f,
    0x02,0x00,0x05,0x0f,0x98,0x03,0x21,0x51,0xa3,0x10,0x82,0x18,0xa2,0x26,0x84,0x68,
    0xa4,0x61,0x65,0x82,0x8a,0xfc,0x02,0xc2,0x11,0x5c,0xa2,0x52,0x2f,0x09,0xdc,0xea,
    0xa0,0x9b,0x0f,0x98,0x03,0xff,0xc2,0x11,0xf3,0xa2,0x52,0x33,0xb9,0x64,0xbd,0xa2,
    0x52,0x02,0xbe,0x1c,0x23,0x3b,0x75,0x26,0x19,0x0f,0x14,0x3d,0x1c,0x0f,0x02,0x00,
    0x5d,0x0f,0x98,0x03,0x23,0x33,0xa2,0x18,0xc2,0x26,0x19,0x31,0xc6,0x92,0xaa,0x98,
    0x03,0x04,0x02,0xc2,0x3f,0x3a,0xff,0x90,0x3a,0x56,0x58,0x0f,0x02,0x00,0x35,0x0f,
    0x98,0x03,0xff,0xb6,0x34,0x62,0x00,0xa3,0xa2,0x52,0x21,0x32,0x14,0xa2,0x52,0x26,
    0xfa,0x74,0xbe,0x1c,0x43,0x97,0x2b,0x57,0x23,0xbe,0x1c,0x01,0xe8,0x26,0x1f,0xdf,
    0x56,0x20,0x5e,0x0f,0x02,0x00,0x17,0x0f,0x98,0x03,0x26,0xa1,0x28,0x02,0x39,0x63,
    0x49,0xe4,0x61,0x07,0xa3,0xaa,0xbe,0x1c,0x08,0xa2,0x52,0x06,0xbe,0x1c,0x1f,0xa1,
    0xbe,0x1c,0x7a,0x0f,0x02,0x00,0x07,0x0f,0x98,0x03,0xff,0xba,0x05,0xa2,0x52,0x72,
    0x23,0x57,0x1b,0x77,0x23,0x3a,0x7d,0xbe,0x1c,0xa1,0x3e,0xdf,0x3a,0x75,0x77,0x23,
    0x77,0x23,0x1d,0x9e,0x30,0x07,0x04,0x7c,0x39,0x01,0x9e,0x18,0x0f,0x2e,0x03,0x17,
    0x0f,0x02,0x00,0x57,0x0f,0x98,0x03,0x07,0x1f,0xda,0xa0,0x64,0x01,0x01,0xf8,0x11,
    0x01,0x30,0x07,0x03,0x26,0x19,0x31,0x47,0xbb,0xaa,0x7c,0x39,0x11,0xd8,0x14,0x3d,
    0x11,0xde,0x1e,0x8c,0x61,0xaa,0xfc,0x47,0xb3,0xe4,0x61,0xd2,0x59,0x34,0x20,0x61,
    0x18,0xbe,0x1f,0x0f,0x02,0x00,0x89,0x0f,0x98,0x03,0xff,0xb4,0x08,0xe4,0x35,0x49,
    0x8f,0x32,0x35,0x23,0xc0,0xde,0xb7,0xd6,0xda,0x6c,0x77,0x23,0x77,0x23,0x7e,0xae,
    0x1f,0xcf,0x14,0x3d,0x0f,0x98,0x03,0xb8,0x72,0xe4,0x10,0xa3,0x18,0xa2,0x18,0xe2,
    0x4c,0x32,0x03,0xe4,0x35,0x31,0x6f,0xfd,0xf9,0x26,0x19,0x11,0xde,0x64,0xba,0x44,
    0x8a,0xfc,0x07,0xa3,0x28,0xd7,0x1f,0x61,0x74,0xac,0x34,0x0f,0x02,0x00,0x4b,0x0f,
    0x98,0x03,0xff,0xb2,0x06,0x26,0x19,0x35,0x89,0x19,0x2c,0xbe,0x1c,0x06,0xa2,0x52,
    0x6f,0x99,0x5c,0x57,0x23,0x98,0x2b,0xe4,0x35,0x61,0x0f,0x02,0x00,0x21,0x12,0xdf,
    0x02,0x00,0x0f,0x90,0x15,0x00,0x0f,0x30,0x07,0x05,0x51,0xe4,0x18,0xc3,0x18,0xa2,
    0x26,0x19,0x42,0xa3,0x59,0x25,0x7a,0xbe,0x1c,0x15,0x91,0x1e,0x8c,0x4c,0x75,0xfe,
    0xec,0xfc,0xb6,0x8f,0x0f,0x14,0x3d,0x5d,0x0f,0x02,0x00,0x1f,0x0f,0x98,0x03,0xff,
    0xbc,0x02,0xbe,0x1c,0x81,0x57,0x1b,0x57,0x1b,0xf8,0x3b,0x1c,0xa6,0xc4,0xc8,0x03,
    0xbe,0x1c,0x1f,0xf8,0x7c,0x39,0x62,0x0f,0x02,0x00,0x21,0x01,0x96,0x03,0x0f,0x98,
    0x03,0x1e,0x13,0xc2,0x56,0x81,0x06,0xe4,0x35,0x06,0x4e,0x9d,0x4f,0xcc,0xfc,0x6a,
    0xf4,0x42,0xc1,0x9d,0x0f,0x98,0x03,0xff,0xb2,0x02,0x26,0x19,0x0a,0xe4,0x35,0x22,
    0x18,0x44,0x70,0xda,0xd1,0xbf,0xf7,0x3c,0xae,0x18,0x44,0x57,0x1b,0x79,0x4c,0xff,
    0xc6,0x1f,0x7c,0x39,0x21,0x9f,0xef,0x20,0x2e,0x0f,0x08,0x4f,0x22,0x0f,0x02,0x00,
    0x51,0x0f,0x98,0x03,0x25,0xa2,0x02,0x31,0x43,0x41,0xc4,0x59,0x85,0x82,0x6a,0xec,
    0xbe,0x1c,0x11,0x7c,0xad,0x00,0x55,0x5c,0xff,0x13,0xfe,0xab,0xbe,0x1c,0x0f,0xf8,
    0x72,0x4b,0x0f,0x02,0x00,0x39,0x0f,0x98,0x03,0xff,0xb4,0x1d,0x42,0xbe,0x1c,0x22,
    0x59,0x54,0xd6,0x80,0x59,0x9f,0xef,0xfc,0x9d,0xd8,0xbe,0x1c,0x06,0x98,0x03,0x0f,
    0xf8,0x11,0xb5,0x31,0xe4,0x18,0xc3,0x26,0x19,0x01,0x0a,0x4f,0x1a,0x8a,0xbe,0x1c,
    0x9f,0x3b,0xff,0xd2,0xfd,0xab,0xfc,0x29,0xe4,0x04,0x7c,0x39,0x76,0x0f,0x02,0x00,
    0x13,0x0f,0x98,0x03,0xff,0xb4,0x11,0x62,0x98,0x03,0x08,0xe4,0x35,0x04,0xc0,0xde,
    0x13,0x9f,0x1e,0x8c,0x02,0xbe,0x1c,0x05,0x56,0x20,0x02,0xc4,0x0d,0x01,0x52,0x06,
    0x0f,0x02,0x00,0x7d,0x0f,0x30,0x07,0x23,0x13,0xe2,0x26,0x19,0x22,0xe6,0x9a,0xa2,
    0x52,0x04,0xbe,0x1c,0x3f,0x1a,0xff,0x91,0x3a,0x56,0x66,0x0f,0x02,0x00,0x29,0x0f,
    0x98,0x03,0xff,0xb5,0x12,0x08,0x26,0x19,0x13,0xea,0xa6,0xbd,0x01,0x24,0x11,0x01,
    0x0f,0x07,0x12,0x5e,0xbe,0x1c,0x27,0x1b,0x9c,0x3a,0x56,0x04,0xe4,0x35,0x01,0x21,
    0x00,0x0f,0x02,0x00,0x7e,0x0f,0x98,0x03,0x21,0x51,0xe3,0x20,0xe2,0x28,0x23,0x0a,
    0x4f,0x22,0x27,0xb3,0xa2,0x52,0x0a,0xb4,0x99,0x27,0x88,0xc3,0xf8,0x72,0x0f,0x32,
    0x68,0x50,0x0f,0x02,0x00,0x2f,0x0f,0x98,0x03,0xff,0xb8,0x17,0x06,0xe4,0x35,0x01,
    0x1e,0x8c,0x01,0x68,0xec,0x02,0xc0,0xde,0x45,0x77,0x23,0xdd,0x95,0xbe,0x1c,0x0f,
    0x98,0x03,0xbc,0x91,0x46,0x19,0xe4,0x18,0xe3,0x20,0xe3,0x28,0x23,0x0a,0x4f,0x33,
    0x88,0xc3,0xab,0x60,0x6f,0x11,0xff,0x7e,0xfb,0x57,0xb7,0xfe,0x2e,0xfd,0xab,0xf8,
    0x72,0x01,0x62,0xfe,0x0f,0x37,0x03,0x2f,0x0f,0x02,0x00,0x4e,0x0f,0x98,0x03,0xff,
    0xb0,0x02,0x26,0x19,0x0a,0x74,0xb6,0x43,0x98,0x2b,0x7b,0x85,0xe4,0x35,0x01,0xc0,
    0xde,0x4c,0xb8,0x2b,0x1d,0x9e,0xbe,0x1c,0x0f,0x29,0x07,0x7e,0x03,0x02,0x00,0x0f,
    0x30,0x07,0x1b,0x13,0xa8,0x98,0x03,0x41,0x03,0x29,0x43,0x41,0x0a,0x4f,0x01,0xe4,
    0x35,0x0a,0xc0,0xde,0x44,0xab,0xfc,0xe6,0x9a,0x0c,0xb0,0x1f,0x60,0x3a,0x56,0x60,
    0x0f,0x02,0x00,0x21,0x0f,0x98,0x03,0xff,0xb4,0x02,0x86,0x88,0x02,0x26,0x19,0x01,
    0x60,0x6f,0x0b,0xc0,0xde,0x3d,0xf8,0x33,0x5e,0x56,0x20,0x03,0x07,0x03,0x0f,0x02,
    0x00,0x7e,0x0f,0x98,0x03,0x20,0xa1,0x20,0xe3,0x20,0x03,0x31,0x43,0x41,0xa4,0x59,
    0x25,0x90,0xd7,0x06,0xc0,0xde,0x02,0x60,0x6f,0x46,0x8a,0xfc,0xa6,0x92,0x7c,0x39,
    0x0f,0xd2,0x59,0x5f,0x0f,0x02,0x00,0x21,0x0f,0x98,0x03,0xff,0xb4,0x04,0x26,0x19,
    0x04,0xe4,0x35,0x42,0x18,0x44,0xfc,0xa5,0x7a,0x03,0x81,0x5c,0xb6,0x59,0x54,0x57,
    0x1b,0x19,0x3c,0x7c,0x39,0x0f,0x86,0x27,0x90,0x0f,0x98,0x03,0x20,0x34,0x21,0x04,
    0x21,0x98,0x03,0x02,0x6c,0xc8,0x08,0xc0,0xde,0x51,0x14,0xfe,0xec,0xfc,0x6a,0xfe,
    0x99,0x0f,0x4e,0x93,0x4b,0x0f,0x02,0x00,0x3d,0x0f,0x98,0x03,0xff,0xb0,0x02,0xbe,
    0x1c,0x55,0xe4,0x10,0x47,0x19,0xc9,0xe4,0x35,0x0c,0xc0,0xde,0x2f,0x39,0x4c,0xee,
    0x23,0x95,0x0f,0x98,0x03,0x23,0xa2,0x03,0x29,0x23,0x31,0x63,0x49,0xc4,0x59,0x86,
    0x8a,0x0a,0x4f,0x04,0xa2,0x52,0x31,0x5c,0xff,0xf2,0x7c,0x39,0x0f,0xac,0x40,0x9b,
    0x01,0x9e,0x94,0x01,0x1a,0xa6,0x0f,0xe0,0x47,0xff,0xaa,0x04,0xbe,0x1c,0x01,0x26,
    0x19,0x03,0xee,0x84,0x06,0xc0,0xde,0x8f,0xdb,0x95,0xd8,0x3b,0x57,0x1b,0xba,0x5c,
    0x98,0x03,0xce,0x13,0x39,0xee,0x84,0x01,0x98,0x03,0x04,0x1e,0x8c,0x02,0xc0,0xde,
    0x4f,0x29,0xe4,0x65,0x82,0xb8,0xf0,0x39,0x0f,0x02,0x00,0x51,0x0f,0x30,0x07,0xff,
    0xb2,0x02,0xe4,0x35,0x11,0x68,0x82,0xd3,0x02,0xe4,0x35,0x33,0xd9,0x64,0xdd,0x7c,
    0x39,0x4f,0x9b,0x8d,0xb8,0x2b,0x98,0x03,0xc7,0x13,0x2b,0xc8,0x0a,0xa2,0x03,0x29,
    0x23,0x39,0x83,0x49,0xe4,0x61,0x27,0xab,0xe4,0x35,0x21,0x76,0xfe,0x39,0x57,0x03,
    0x60,0x6f,0x2f,0x09,0xdc,0x98,0x03,0xff,0xff,0x61,0x06,0x0a,0x4f,0x51,0x68,0x19,
    0xeb,0x21,0x8e,0x4c,0x32,0x0c,0xc0,0xde,0x0f,0x98,0x03,0xd4,0x05,0xc8,0x6b,0x04,
    0x1e,0x8c,0x13,0xff,0x0a,0xba,0x06,0x98,0x03,0xff,0x0a,0xc2,0x20,0x44,0x31,0x28,
    0x4a,0xaa,0x5a,0x4c,0x6b,0x30,0x8c,0x30,0x84,0x30,0x84,0x10,0x84,0x0c,0x63,0x69,
    0x4a,0x65,0x29,0x61,0x42,0x82,0x14,0x0f,0x02,0x00,0x57,0x0f,0x30,0x07,0xff,0xae,
    0x06,0x98,0x03,0x02,0x5e,0xec,0x11,0x36,0xe4,0x35,0x31,0x5a,0x7d,0x5e,0xf7,0x11,
    0x02,0xc0,0xde,0x0f,0x98,0x03,0xc9,0x91,0xa9,0x21,0x46,0x21,0x24,0x21,0x03,0x29,
    0x43,0x98,0x03,0x02,0xe4,0x35,0x31,0x4f,0xfd,0xb8,0xe4,0x35,0x02,0x1e,0x8c,0x02,
    0x98,0x03,0xd3,0x25,0x6a,0xa8,0x72,0x0e,0x9c,0xb5,0xc5,0x79,0xde,0x3c,0xef,0x9e,
    0xf0,0x24,0x02,0x8b,0x16,0xaf,0x9e,0xf7,0xfb,0xde,0x38,0xc6,0x92,0x94,0xa6,0x31,
    0x9e,0x03,0x45,0x51,0x41,0x08,0x41,0x08,0x82,0x1c,0x4c,0x4f,0x41,0x08,0x41,0x08,
    0xdc,0x03,0x13,0x0f,0x98,0x03,0xff,0xb0,0x08,0x7c,0x39,0x02,0x90,0xd7,0x15,0x98,
    0xdc,0xa8,0x31,0x1e,0xd7,0xd9,0xfc,0xdd,0x0f,0x60,0x0e,0xc5,0x03,0x98,0x03,0xc9,
    0x29,0x24,0x31,0x43,0x41,0xa4,0x51,0x04,0x6a,0x09,0xdc,0xab,0x58,0xe2,0xf1,0x02,
    0x76,0xfe,0x2d,0xfd,0xab,0xfc,0x6a,0xec,0x8d,0xcc,0xb3,0xdd,0xf9,0xfe,0x3b,0xff,
    0x7c,0x9c,0x79,0x1f,0xde,0x86,0x28,0x02,0x6f,0x9e,0xf7,0x96,0xb5,0x8a,0x52,0x36,
    0x03,0x13,0x0f,0x02,0x00,0x11,0xff,0x11,0xa2,0x10,0xe7,0x39,0xeb,0x5a,0xef,0x7b,
    0x92,0x94,0x34,0xa5,0x55,0xad,0xf7,0xbd,0x18,0xc6,0x18,0xc6,0x55,0xad,0x34,0xa5,
    0x92,0x94,0xcf,0x7b,0xaa,0x52,0x45,0x29,0x6c,0x36,0x0b,0x0f,0x98,0x03,0xff,0xb4,
    0x04,0x86,0x88,0x02,0xe4,0x35,0x07,0xf8,0x72,0xbc,0xce,0x99,0x5c,0x77,0x23,0x57,
    0x1b,0x9a,0x54,0xdf,0xbe,0x58,0x20,0x0f,0x88,0x27,0x91,0x0a,0x68,0x6f,0x0e,0xb0,
    0x40,0x0b,0x98,0x03,0x49,0x72,0x4a,0xec,0xab,0xb6,0x8f,0x11,0x76,0x3a,0x56,0xb1,
    0xec,0xfc,0x13,0xfe,0x96,0xfe,0xd9,0xfe,0x3a,0xff,0x5c,0x98,0x03,0x06,0x9a,0x03,
    0x02,0x02,0x00,0x04,0x01,0x00,0x8f,0xdf,0xff,0x9e,0xf7,0x55,0xad,0xa6,0x31,0x76,
    0x03,0x11,0x0f,0x02,0x00,0x07,0xe6,0xa2,0x10,0x49,0x4a,0xb2,0x94,0x59,0xce,0x5d,
    0xef,0x9e,0xf7,0xbe,0xf7,0x5e,0x00,0x06,0x02,0x00,0xdf,0xdf,0xff,0xbe,0xf7,0x7d,
    0xef,0xfb,0xde,0xf3,0x9c,0x8a,0x52,0x04,0x6b,0xaa,0x04,0x02,0x98,0x03,0x08,0xa0,
    0x6c,0x08,0x78,0xbe,0x0f,0xe0,0xba,0x00,0x0f,0x88,0x07,0x14,0x0f,0x02,0x00,0xff,
    0x56,0x05,0x60,0x6f,0x43,0x11,0xa9,0x21,0x2c,0xc8,0x6b,0x06,0x74,0xac,0x02,0xd2,
    0x59,0x61,0x57,0x1b,0x39,0x44,0xbf,0xb6,0x88,0x27,0x01,0x5a,0x81,0x13,0xbf,0xde,
    0x47,0x0a,0x02,0x00,0x07,0xa4,0x18,0x0b,0x02,0x00,0x06,0x52,0x02,0x0f,0x02,0x00,
    0x51,0x03,0x96,0x00,0x05,0x38,0x68,0x42,0x1f,0xcf,0xdf,0xbe,0x28,0x8c,0x0f,0x98,
    0x03,0x0c,0x5a,0x59,0x25,0x72,0x6a,0xf4,0x98,0x03,0x11,0x75,0x98,0x03,0xb3,0xcb,
    0xfc,0xf3,0xfd,0x76,0xfe,0xd8,0xfe,0x1a,0xff,0x5b,0x32,0x07,0x02,0xd0,0x80,0x0f,
    0x02,0x00,0x03,0x4f,0xdb,0xde,0x8a,0x52,0xcc,0x06,0x0b,0x0f,0x02,0x00,0x07,0x8f,
    0x61,0x08,0x4d,0x6b,0x18,0xc6,0x9e,0xf7,0x28,0x01,0x15,0x8e,0xbe,0xf7,0x79,0xce,
    0x30,0x84,0x04,0x21,0x70,0x00,0x03,0x98,0x03,0x07,0xa8,0xc5,0x0f,0x98,0x03,0xff,
    0xa0,0x15,0x83,0x98,0x03,0x2f,0xf1,0x2a,0x98,0x03,0x03,0x44,0xf9,0x3b,0x7e,0xae,
    0x22,0x8c,0x03,0xe8,0x35,0x09,0x64,0x0d,0x0f,0xa2,0x02,0x03,0x04,0x02,0x00,0x0f,
    0xb2,0x03,0x5b,0x03,0x76,0x00,0x0f,0x98,0x03,0x1c,0x11,0x63,0x98,0x03,0x2f,0xab,
    0xfc,0x98,0x03,0x01,0xa4,0xab,0xfc,0xd1,0xfd,0x76,0xfe,0xb8,0xfe,0x19,0xff,0xca,
    0x0a,0x0c,0x32,0x07,0x0a,0x02,0x00,0x6f,0xbe,0xf7,0x71,0x8c,0xe3,0x18,0x7e,0x03,
    0x07,0x0f,0x02,0x00,0x05,0x4f,0x28,0x42,0xf7,0xbd,0x86,0x08,0x21,0x97,0x9e,0xf7,
    0x34,0xa5,0x2c,0x63,0x86,0x31,0x41,0xf4,0x06,0x01,0x98,0x03,0xbf,0x20,0xe2,0x30,
    0x84,0x49,0xa8,0x7a,0xaa,0xab,0xab,0xf4,0x98,0x03,0xff,0xa6,0x11,0x27,0xf8,0x72,
    0x02,0x60,0x6f,0x0e,0x30,0x07,0x47,0xb8,0x2b,0xfd,0x95,0xc2,0x1c,0x01,0xd0,0x6e,
    0x04,0xb6,0xa1,0x0f,0x02,0x00,0x45,0x0f,0xce,0x03,0x05,0x0f,0x4c,0x06,0x0b,0x05,
    0x8e,0x00,0x09,0x98,0x03,0x11,0x7e,0x58,0x93,0x0f,0x30,0x07,0x01,0x13,0xa8,0x60,
    0x0e,0x08,0x98,0x03,0x04,0x1e,0x2b,0x04,0xc8,0x0a,0x91,0xab,0xfc,0x6f,0xfd,0x55,
    0xfe,0x97,0xfe,0xf9,0xca,0x0a,0x02,0x64,0x0e,0x02,0x9c,0x03,0x0a,0x02,0x00,0x05,
    0x7c,0x00,0x8f,0xff,0xbe,0xf7,0xba,0xd6,0xcb,0x5a,0xc2,0x9c,0x03,0x16,0x74,0x61,
    0x08,0xa6,0x31,0xd3,0x9c,0x5c,0xe8,0x97,0x0f,0x02,0x00,0x20,0xf1,0x0e,0xbe,0xf7,
    0x3c,0xe7,0x9a,0xd6,0x75,0xad,0x51,0x8c,0xae,0x73,0x0c,0x63,0x0c,0x63,0x4c,0x6b,
    0x0f,0x8c,0x91,0xa4,0x94,0xcd,0x36,0xe6,0x35,0xee,0x14,0xf6,0x07,0x0f,0x30,0x07,
    0xff,0x9c,0x06,0xee,0x23,0x17,0xca,0x98,0x03,0x05,0x16,0x9e,0x01,0xb8,0xf0,0x87,
    0x57,0x1b,0x57,0x1b,0x7c,0x7d,0xdf,0xbe,0x32,0x07,0x04,0x9a,0x03,0x0f,0x02,0x00,
    0x01,0x0f,0x56,0x02,0x20,0x02,0x02,0x00,0x04,0x72,0x03,0x02,0x0e,0x00,0x0f,0x02,
    0x00,0x05,0x02,0x26,0x00,0x0f,0x1e,0x00,0x05,0x03,0x02,0x00,0x01,0x78,0x6f,0x01,
    0xc8,0x0a,0x1f,0xd7,0x98,0x03,0x1f,0x13,0x6f,0x4e,0x32,0x31,0xdf,0xff,0x97,0x4e,
    0x32,0x02,0xe6,0x59,0x04,0x32,0x07,0x55,0x5c,0xff,0x7d,0xff,0x9d,0x9c,0x03,0x0e,
    0x02,0x00,0x04,0xac,0x03,0x6f,0x9e,0xf7,0xf7,0xc5,0x2c,0x6b,0xe6,0x97,0x09,0x02,
    0x02,0x00,0x83,0x41,0x08,0x69,0x4a,0x75,0xad,0x3c,0xe7,0xba,0x00,0x0f,0x02,0x00,
    0x32,0xf1,0x00,0xbe,0xff,0xbe,0xff,0x9d,0xff,0x5c,0xff,0x3b,0xff,0xf9,0xfe,0x97,
    0xfe,0x34,0xc6,0x00,0x0f,0x98,0x03,0xff,0xa2,0x11,0xc4,0x86,0x27,0x04,0x98,0x03,
    0x06,0x62,0xda,0x02,0xca,0x6b,0x81,0x57,0x1b,0x57,0x1b,0x19,0x44,0xbf,0xb6,0x32,
    0x07,0x01,0xee,0x96,0x0c,0x9a,0x79,0x0e,0x02,0x00,0x01,0x62,0x56,0x0f,0x02,0x00,
    0x11,0x0f,0x88,0x02,0x2c,0x02,0xa6,0x03,0x0b,0x5c,0x07,0x01,0xbc,0x88,0x31,0x9f,
    0xef,0x9f,0x8a,0xa5,0x63,0xff,0xc6,0xbf,0xbe,0x7e,0xa6,0x54,0x3a,0x0b,0xa8,0x52,
    0x06,0xf8,0x11,0x08,0x30,0x07,0x42,0x2e,0xfd,0xb7,0xfe,0x5a,0x00,0x11,0xb8,0x62,
    0x6f,0x51,0xab,0xfc,0xcb,0xfc,0x91,0x32,0x07,0x11,0xd8,0xcc,0x0a,0x53,0x5b,0xff,
    0x7c,0xff,0x7c,0x9e,0x03,0x04,0x02,0x00,0x5f,0xbd,0xff,0xbd,0xff,0xbd,0xac,0x03,
    0x00,0xa7,0x3c,0xef,0x13,0xa5,0x0b,0x6b,0xc6,0x41,0xe3,0x20,0xa4,0x72,0xf4,0x00,
    0x08,0x20,0x08,0x61,0x10,0x24,0x29,0x08,0x42,0x4c,0x6b,0x54,0xad,0x3c,0xef,0xca,
    0x03,0x0f,0x02,0x00,0x01,0x0f,0xae,0x03,0x1f,0x11,0xde,0x86,0x00,0xdf,0x9d,0xff,
    0x7c,0xff,0x5b,0xff,0x1a,0xff,0xd8,0xfe,0x76,0xfe,0x34,0x30,0x07,0xff,0xa1,0x04,
    0xc0,0x7d,0x02,0x4e,0x32,0x02,0xc8,0x0a,0x42,0x77,0x23,0x1a,0x75,0x3c,0x56,0x22,
    0x5e,0xe7,0xfa,0x72,0xc2,0x57,0x1b,0x77,0x23,0xdd,0x8d,0xbf,0xb6,0xff,0xc6,0x1f,
    0xcf,0x88,0x9a,0x02,0x9c,0x03,0x04,0x02,0x00,0x05,0xb0,0x79,0x04,0x02,0x00,0x01,
    0xb0,0x06,0x0f,0x02,0x00,0x11,0x0f,0xc0,0x03,0x14,0x01,0x6c,0x03,0x0f,0xa4,0x02,
    0x12,0x12,0xf7,0x96,0x03,0x05,0x5e,0x81,0x7f,0xd7,0xff,0xc6,0xbf,0xb6,0x3e,0x9e,
    0x98,0x03,0x05,0x04,0xc8,0x0a,0x02,0x4e,0x32,0x02,0x60,0x0e,0x0c,0xf0,0x23,0x02,
    0xc2,0x40,0x71,0x13,0xfe,0x55,0xfe,0x97,0xfe,0xd8,0xce,0x0a,0x51,0x3b,0xff,0x5b,
    0xff,0x5c,0x9e,0x03,0x08,0x02,0x00,0x02,0x48,0x07,0x0e,0x02,0x00,0xb3,0x7c,0xf7,
    0xda,0xe6,0x58,0xd6,0xf6,0xc5,0xf3,0xa4,0xd2,0x02,0x00,0x8f,0x95,0xb5,0x17,0xce,
    0x99,0xde,0x1b,0xef,0x76,0x07,0x07,0x08,0x02,0x00,0x04,0xb0,0x03,0x0f,0x3c,0x0b,
    0x01,0x0e,0x02,0x00,0x02,0x2c,0x07,0x31,0x9d,0xff,0x7c,0x2e,0x07,0x8f,0xb8,0xfe,
    0x76,0xfe,0x13,0xfe,0xec,0xfc,0x30,0x07,0xff,0x9e,0x0a,0x98,0x03,0x02,0xf8,0x11,
    0x08,0x88,0x27,0x11,0xbb,0x20,0x2b,0xa4,0x57,0x1b,0x57,0x1b,0x39,0x44,0x5e,0xa6,
    0xbf,0xbe,0x9a,0x03,0x13,0x5f,0x6a,0x84,0x08,0x02,0x00,0x01,0xe4,0x80,0x01,0x7a,
    0x84,0x0f,0x02,0x00,0x0f,0x09,0xca,0x03,0x0f,0xc6,0x03,0x16,0x0f,0xc8,0x03,0x11,
    0x01,0x0e,0x04,0x14,0xef,0x2e,0x07,0x8f,0x1f,0xcf,0xdf,0xbe,0x9f,0xb6,0x9c,0x7d,
    0x98,0x03,0x03,0x01,0x80,0x39,0x01,0x60,0x0e,0x71,0x43,0x41,0xa4,0x51,0x05,0x72,
    0xaa,0xf8,0x11,0x06,0x20,0x2b,0x51,0x5c,0xff,0xf3,0xfd,0xcc,0x14,0x00,0x51,0xab,
    0xfc,0x6f,0xfd,0x14,0x9a,0x03,0x31,0xb8,0xfe,0xf9,0xc6,0x92,0x51,0x1a,0xff,0x3a,
    0xff,0x3b,0x02,0x00,0x19,0x5b,0x02,0x00,0x15,0x5c,0x02,0x00,0x1f,0x7c,0xbc,0x03,
    0x00,0x02,0x02,0x00,0x1b,0x7d,0x6e,0x07,0x0f,0x02,0x00,0x05,0x0f,0x84,0x07,0x03,
    0x0f,0x02,0x00,0x0b,0x55,0x9d,0xff,0x9d,0xff,0x7d,0x2e,0x07,0x7f,0x97,0xfe,0x55,
    0xfe,0xd2,0xfd,0xab,0x98,0x03,0xff,0xa3,0x06,0xc0,0x1c,0x11,0xd1,0x90,0x15,0x06,
    0xf2,0x84,0x62,0xff,0xff,0x5c,0xb6,0x79,0x54,0x98,0x03,0xfa,0x09,0x57,0x1b,0xba,
    0x5c,0x7e,0xae,0xbf,0xbe,0xdf,0xc6,0xff,0xc6,0x1f,0xcf,0x1f,0xd7,0x3f,0xd7,0x3f,
    0xd7,0x5f,0xd7,0x5f,0xdf,0x02,0x00,0x14,0x7f,0x02,0x00,0x09,0xb2,0x03,0x0e,0x02,
    0x00,0x0f,0xc4,0x03,0x13,0x09,0xbe,0x03,0x03,0xd6,0x0e,0x0f,0x02,0x00,0x0e,0x03,
    0xb2,0xa1,0xe1,0x7f,0xdf,0x5f,0xd7,0x1f,0xcf,0xff,0xc6,0xbf,0xb6,0x7e,0xa6,0x7a,
    0x4c,0x98,0x03,0x2b,0x64,0x1e,0xc8,0x0a,0x02,0x98,0x03,0x13,0x04,0xf0,0x23,0x22,
    0x04,0x6a,0xc0,0x1c,0x06,0xa6,0x52,0x51,0xbe,0xff,0x76,0xfe,0x0e,0xd6,0x02,0x33,
    0xab,0xfc,0xcb,0x9a,0x03,0x91,0x76,0xfe,0x97,0xfe,0xb7,0xfe,0xd8,0xfe,0xd8,0xa0,
    0x03,0x02,0x02,0x00,0x3f,0x19,0xff,0x1a,0x02,0x00,0x00,0x35,0x3a,0xff,0x3a,0xbc,
    0x03,0x04,0x02,0x00,0x08,0xc2,0x03,0x02,0xc4,0x03,0x31,0x7c,0xff,0x7c,0xca,0x03,
    0x02,0xb2,0x03,0x0f,0x02,0x00,0x01,0x0f,0xb6,0x03,0x05,0x0f,0x02,0x00,0x03,0x02,
    0x50,0x00,0x91,0x3b,0xff,0x1a,0xff,0xf9,0xfe,0xb7,0xfe,0x76,0xd8,0xb3,0x02,0x98,
    0x03,0x04,0xf6,0x2b,0x3f,0x19,0xff,0x90,0xc0,0x1c,0xff,0x93,0x07,0x50,0x93,0x03,
    0x98,0x03,0x62,0xf8,0x3b,0xdb,0x95,0xbf,0xf7,0x10,0xb0,0x11,0x1a,0xc4,0x7d,0x02,
    0xcc,0x0a,0x71,0x9a,0x54,0x5e,0xa6,0xbf,0xb6,0xdf,0x9c,0x03,0x01,0x9e,0x03,0x07,
    0x02,0x00,0x11,0x3f,0xaa,0x03,0x0e,0x02,0x00,0x01,0x5c,0x8f,0x0b,0xbe,0x03,0x02,
    0x02,0x00,0x0f,0xc2,0x03,0x11,0x03,0xc0,0x03,0x0f,0x82,0x07,0x10,0x06,0x02,0x00,
    0x13,0x7f,0xac,0x9a,0xb1,0x1f,0xd7,0xff,0xc6,0xdf,0xbe,0x9f,0xae,0xbd,0x85,0x98,
    0xee,0x9e,0x04,0x98,0x03,0x5b,0x7e,0xe7,0x9b,0x8d,0x98,0x98,0x03,0x11,0x23,0x88,
    0x27,0x02,0xf0,0x23,0x33,0xab,0xfc,0x6f,0xea,0x96,0x11,0xff,0x0c,0xa1,0x02,0xca,
    0x0a,0xf1,0x02,0xab,0xfc,0xcb,0xfc,0x2e,0xfd,0xf3,0xfd,0x34,0xfe,0x55,0xfe,0x76,
    0xfe,0x76,0xfe,0x97,0xa0,0x03,0x71,0xb7,0xfe,0xb7,0xfe,0xb8,0xfe,0xb8,0xa8,0x03,
    0x0c,0x02,0x00,0x17,0xd9,0xba,0x03,0x6c,0xf9,0xfe,0xf9,0xfe,0x19,0xff,0xc0,0x03,
    0x02,0xba,0x03,0x02,0x02,0x00,0x04,0xba,0x03,0x0e,0xbe,0x03,0x02,0xc0,0x03,0x02,
    0x02,0x00,0x0f,0xb8,0x03,0x01,0x08,0x02,0x00,0xb1,0x5c,0xff,0x5b,0xff,0x3b,0xff,
    0x3a,0xff,0x1a,0xff,0xd9,0x96,0x03,0x51,0x35,0xfe,0xb1,0xfd,0xcb,0xf2,0x07,0x06,
    0x98,0x03,0x13,0x1a,0x98,0x03,0x27,0xe4,0x69,0x86,0xa2,0x1f,0x00,0x01,0x00,0xff,
    0x7c,0x17,0x20,0x76,0x4b,0xb5,0xeb,0x21,0x8e,0x32,0x36,0x1b,0x57,0x1b,0x57,0x1b,
    0x97,0x5c,0x81,0x62,0xbf,0xf7,0x3c,0xae,0x58,0x4c,0x98,0x03,0xf6,0x02,0x57,0x1b,
    0x57,0x1b,0xd8,0x33,0x3b,0x6d,0x1d,0x9e,0xbf,0xb6,0xbf,0xb6,0xbf,0xbe,0xdf,0x02,
    0x00,0x4f,0xc6,0xdf,0xc6,0xff,0x02,0x00,0x00,0x28,0x1f,0xc7,0xba,0x03,0x06,0x02,
    0x00,0x2f,0x3f,0xcf,0xc0,0x03,0x04,0x3e,0xd7,0x5f,0xdf,0x84,0x07,0x05,0xc2,0x03,
    0x0f,0x3c,0x0b,0x00,0x0f,0x02,0x00,0x00,0x01,0x04,0x04,0x11,0x3f,0x2c,0x07,0x82,
    0xdf,0xbe,0x9f,0xb6,0x3e,0x9e,0x19,0x3c,0x56,0x04,0x06,0x98,0x03,0x11,0x7b,0xaa,
    0x03,0x0a,0x98,0x03,0x51,0x63,0x49,0xc4,0x61,0x68,0x64,0xd0,0x71,0xab,0xfc,0x0d,
    0xfd,0x55,0xfe,0x9d,0x4f,0x12,0x33,0x9d,0xff,0x77,0x70,0x06,0x02,0x02,0x00,0xf4,
    0x05,0xcb,0xfc,0x2e,0xfd,0x90,0xfd,0xd1,0xfd,0xd2,0xfd,0xf2,0xfd,0xf2,0xfd,0xf3,
    0xfd,0x14,0xfe,0x34,0xfe,0xaa,0x03,0x08,0x02,0x00,0x51,0x96,0xfe,0x96,0xfe,0x96,
    0xbc,0x03,0x04,0xbe,0x03,0x06,0x02,0x00,0x0e,0xc8,0x03,0x1f,0xd9,0xc4,0x03,0x10,
    0x02,0x3a,0x0b,0x02,0x02,0x00,0x02,0xbe,0x03,0x0e,0x02,0x00,0x11,0x3a,0xb6,0x07,
    0x71,0xf9,0xfe,0xf9,0xfe,0xd8,0xfe,0x97,0xf2,0x11,0x15,0xd2,0x88,0x0b,0x33,0x0d,
    0xfd,0x96,0xc8,0x85,0x04,0xf0,0x23,0x04,0x98,0x03,0x1f,0x61,0x98,0x03,0xff,0x81,
    0x06,0x80,0x39,0x81,0x47,0x19,0xca,0x21,0x4d,0x2a,0x14,0x23,0x80,0x03,0x52,0x23,
    0x59,0x54,0x7c,0xbe,0x8e,0xe9,0x72,0x3e,0xdf,0x9b,0x8d,0x18,0x44,0x57,0x18,0x00,
    0x01,0x02,0x00,0xf6,0x22,0x98,0x2b,0xf9,0x3b,0x59,0x4c,0x59,0x4c,0x59,0x4c,0x9a,
    0x54,0xda,0x64,0xda,0x64,0xfb,0x64,0x5c,0x7d,0x5c,0x7d,0x7c,0x7d,0xdd,0x95,0xfd,
    0x95,0xfd,0x95,0x1d,0x9e,0x3d,0x9e,0x3d,0x9e,0x3d,0xa6,0x5e,0xa6,0x5e,0xa6,0x5e,
    0xae,0x9e,0xae,0x9e,0xb6,0x9e,0xc4,0x03,0x1f,0xc6,0xc2,0x03,0x03,0x06,0xb2,0x03,
    0x0a,0x02,0x00,0x0e,0xbe,0x03,0x02,0x02,0x00,0x0f,0x84,0x07,0x06,0x03,0xb4,0x07,
    0xe1,0x1f,0xcf,0xff,0xc6,0xdf,0xc6,0xbf,0xbe,0x9f,0xae,0x1e,0x96,0x59,0x44,0xd2,
    0x00,0x02,0x4c,0x4c,0x01,0x67,0x15,0x62,0x3e,0xdf,0x5a,0x7d,0x97,0x23,0x98,0x03,
    0x82,0x88,0x21,0x26,0x19,0xe4,0x20,0xe3,0x28,0x48,0x44,0x02,0x6e,0xbe,0x02,0xec,
    0x96,0x13,0x1a,0x88,0x53,0x22,0x5c,0xff,0x68,0x18,0x08,0x02,0x00,0x15,0xcb,0x02,
    0x00,0x71,0xcc,0xfc,0xcc,0xfc,0xcc,0xfc,0xec,0x02,0x00,0x31,0x0d,0xfd,0x2e,0x02,
    0x00,0x71,0x6f,0xfd,0x6f,0xfd,0x6f,0xfd,0xb1,0x02,0x00,0x91,0xd2,0xfd,0xf3,0xfd,
    0xf3,0xfd,0x13,0xfe,0x14,0x02,0x00,0x13,0x34,0xc6,0x03,0x13,0x55,0x74,0x07,0x02,
    0xbe,0x03,0x04,0xc0,0x03,0x02,0x02,0x00,0x04,0xc0,0x03,0x15,0xb8,0x02,0x00,0x08,
    0x88,0x07,0x02,0x7a,0x07,0x0f,0x02,0x00,0x07,0xf1,0x02,0xd8,0xfe,0xd8,0xfe,0xb8,
    0xfe,0x97,0xfe,0x76,0xfe,0x55,0xfe,0x14,0xfe,0x90,0xfd,0xec,0x2c,0x07,0x02,0x04,
    0x08,0x31,0xf9,0xfe,0xdf,0xea,0xd7,0x02,0x66,0x16,0x23,0xc8,0xcb,0xe4,0x4f,0x11,
    0x20,0x60,0x89,0x0f,0x2f,0x07,0xff,0x7c,0x05,0xc2,0x1c,0x02,0x6e,0x5d,0x04,0x92,
    0x15,0x62,0x57,0x1b,0xb8,0x33,0x9b,0x8d,0x94,0x15,0x82,0xdf,0xff,0xfd,0xce,0x5a,
    0x85,0x38,0x4c,0x30,0x19,0x0f,0x02,0x00,0x0f,0xf9,0x23,0x77,0x23,0x98,0x2b,0x98,
    0x2b,0xb8,0x2b,0xf8,0x3b,0xf8,0x3b,0xf8,0x3b,0x39,0x44,0x39,0x4c,0x59,0x4c,0x7a,
    0x54,0x9a,0x54,0x9a,0x54,0xba,0x5c,0x1b,0x6d,0x1b,0x6d,0x3b,0x75,0x9c,0x85,0xbc,
    0x85,0xbc,0x85,0x1d,0x96,0x3e,0x9e,0x3e,0x9e,0x7e,0xae,0xbf,0xbe,0x7a,0x07,0x06,
    0x02,0x00,0x0f,0x80,0x07,0x00,0x0e,0x3e,0x0b,0x0e,0x02,0x00,0xf4,0x01,0xff,0xc6,
    0xff,0xc6,0xdf,0xc6,0xdf,0xbe,0xbf,0xb6,0x9f,0xae,0x7c,0x7d,0xf9,0x3b,0xb2,0x00,
    0x51,0xf8,0x43,0xdb,0x95,0xbf,0x30,0x82,0x51,0xfd,0xce,0xfa,0x6c,0x57,0x98,0x03,
    0x21,0xeb,0x29,0x98,0x03,0xb2,0x18,0xe3,0x20,0x03,0x29,0x23,0x41,0x83,0x51,0x45,
    0x7a,0x62,0x0e,0x53,0xab,0xfc,0x0e,0xfd,0x76,0x32,0x07,0x51,0xff,0xff,0x3b,0xff,
    0x55,0xaa,0xb6,0x02,0x10,0x0a,0x0f,0x02,0x00,0x23,0x37,0xcb,0xfc,0xcb,0xc0,0x03,
    0xd1,0x2d,0xfd,0x2d,0xfd,0x2e,0xfd,0x4e,0xfd,0x4f,0xfd,0x6f,0xfd,0x90,0x02,0x00,
    0x51,0xb1,0xfd,0xd2,0xfd,0xd2,0xc2,0x03,0x11,0x13,0x80,0x07,0x11,0x75,0x2c,0x0b,
    0x08,0x02,0x00,0x02,0xc4,0x03,0x0a,0xbc,0x03,0x0a,0x02,0x00,0x51,0x97,0xfe,0x97,
    0xfe,0x96,0x38,0x00,0x68,0x55,0xfe,0x34,0xfe,0xd2,0xfd,0xe8,0x07,0x15,0xcc,0x00,
    0x7b,0x02,0xee,0x9e,0x44,0xab,0xfc,0xe9,0xdb,0x4c,0x4c,0x0f,0x98,0x03,0xff,0x84,
    0x08,0x62,0x0e,0x53,0xeb,0x21,0x8f,0x2a,0x36,0x1a,0x07,0x51,0x79,0x54,0x3c,0xae,
    0x9f,0x64,0x0e,0xf8,0x19,0xff,0xff,0x3e,0xdf,0x3c,0xae,0x3a,0x7d,0x79,0x5c,0x18,
    0x44,0xf8,0x3b,0xf8,0x3b,0xd8,0x3b,0xd8,0x33,0xb8,0x33,0xb8,0x33,0xb8,0x2b,0x98,
    0x2b,0x98,0x2b,0x97,0x2b,0x97,0x2b,0x77,0x23,0x77,0x23,0x77,0x23,0x54,0x07,0x0f,
    0x02,0x00,0x1b,0xa2,0x77,0x23,0xb8,0x33,0xd8,0x33,0xd8,0x33,0x39,0x44,0x86,0x07,
    0xf1,0x0f,0xdb,0x64,0xdb,0x64,0xfb,0x64,0x7c,0x7d,0x7c,0x7d,0x7c,0x7d,0xbc,0x8d,
    0xbc,0x8d,0xbc,0x8d,0xfd,0x95,0x1d,0x9e,0x1d,0x9e,0x3d,0x9e,0x7e,0xae,0x7e,0xae,
    0x7e,0x12,0x0f,0x02,0x00,0x06,0xc6,0xbf,0xb6,0xbf,0xb6,0x7e,0xae,0xdd,0x8d,0x1b,
    0x6d,0xf8,0x33,0x86,0x00,0x62,0x97,0x2b,0x1a,0x75,0xdd,0xce,0xe8,0x1c,0x04,0xcc,
    0x12,0x77,0xb1,0x2a,0xea,0x29,0x68,0x21,0x05,0xd8,0x59,0x06,0xca,0x0a,0x53,0xab,
    0xfc,0x90,0xfd,0xb8,0x28,0x11,0x11,0xff,0x0e,0xb3,0x51,0x76,0xfe,0x14,0xfe,0xf3,
    0xbe,0x0a,0xf1,0x08,0xd2,0xfd,0xd1,0xfd,0xb1,0xfd,0x91,0xfd,0x90,0xfd,0x70,0xfd,
    0x6f,0xfd,0x4f,0xfd,0x4e,0xfd,0x2e,0xfd,0x2d,0xfd,0x0d,0x02,0x00,0x02,0x3a,0x07,
    0x11,0xec,0x46,0x07,0x02,0x54,0x07,0x0f,0xc8,0x03,0x23,0x02,0xce,0x20,0x06,0x86,
    0x07,0x11,0x4e,0x84,0x07,0x06,0x86,0x07,0x06,0xc6,0x03,0x11,0x13,0x84,0x07,0x02,
    0x02,0x00,0x97,0x14,0xfe,0xf3,0xfd,0xd2,0xfd,0xb1,0xfd,0x4f,0x28,0x07,0x04,0x00,
    0x08,0x11,0xd8,0x2e,0x07,0x33,0xff,0xff,0x5b,0x64,0x16,0x2f,0xe9,0xd3,0x1e,0xa6,
    0x69,0x0f,0x02,0x00,0xff,0x12,0x02,0x44,0xcc,0x11,0xe5,0x5c,0x20,0x42,0x4d,0x2a,
    0xf3,0x22,0xce,0x02,0x53,0x97,0x2b,0xfa,0x74,0x9d,0xcc,0x0a,0xf3,0x29,0xff,0xff,
    0x9f,0xef,0xfd,0xd6,0x7d,0xbe,0x1c,0xa6,0x1c,0xa6,0xfc,0x9d,0xfc,0x9d,0xdb,0x95,
    0xbb,0x95,0x9b,0x8d,0x7b,0x8d,0x7b,0x85,0x5b,0x85,0x3a,0x7d,0x1a,0x75,0x1a,0x75,
    0xfa,0x6c,0xda,0x6c,0xb9,0x64,0xb9,0x5c,0x99,0x5c,0x79,0x54,0x79,0x54,0x59,0x4c,
    0x39,0x4c,0x39,0x4c,0x18,0x44,0xc8,0x03,0x01,0xc4,0x03,0x06,0xc0,0x03,0x04,0x02,
    0x00,0x1f,0x57,0xca,0x03,0x12,0x02,0x2e,0x00,0x62,0x98,0x2b,0xb8,0x2b,0xb8,0x2b,
    0xbe,0x03,0x82,0xd8,0x33,0x19,0x3c,0x19,0x44,0x19,0x44,0x86,0x07,0x24,0xda,0x64,
    0x86,0x07,0xd1,0x9c,0x85,0x5c,0x7d,0x1b,0x6d,0xdb,0x64,0x59,0x4c,0xf8,0x3b,0x98,
    0x5c,0x77,0x04,0x02,0x00,0x62,0x97,0x2b,0xd9,0x6c,0x5c,0xb6,0x66,0x04,0x51,0x7e,
    0xef,0x9b,0x8d,0xd8,0x46,0x07,0xf1,0x06,0xb0,0x22,0xca,0x21,0x67,0x19,0x05,0x19,
    0xc3,0x18,0xa2,0x18,0xc2,0x20,0xe2,0x30,0x23,0x41,0x83,0x51,0x65,0xa0,0x64,0x02,
    0x16,0x03,0x33,0xd2,0xfd,0xf9,0x92,0x0d,0x01,0xc4,0x31,0x01,0x7c,0x18,0x15,0x5b,
    0x58,0x11,0x13,0x19,0xc8,0x0d,0x13,0xd8,0xaa,0x06,0x11,0x76,0x3c,0x0a,0x11,0x55,
    0x26,0x03,0x31,0x13,0xfe,0x13,0xc4,0x03,0x51,0xd2,0xfd,0xb1,0xfd,0xb1,0x10,0x07,
    0x11,0x70,0x58,0x03,0x02,0xc4,0x03,0x11,0x2e,0xc2,0x03,0x04,0xc4,0x03,0x04,0xc0,
    0x03,0x04,0x02,0x00,0x02,0x7e,0x00,0x0f,0x02,0x00,0x0b,0x04,0x2c,0x00,0x08,0x46,
    0x0b,0x02,0x02,0x00,0x1f,0xcc,0x42,0x00,0x00,0x53,0xed,0xfc,0xb1,0xfd,0xb8,0xfe,
    0x07,0x31,0xdf,0xff,0xb8,0x26,0x94,0x4f,0xab,0xfc,0x88,0xc3,0x4c,0x4c,0x9d,0x0f,
    0x02,0x00,0xdd,0x03,0x76,0xd3,0x22,0x08,0x26,0x60,0xe2,0x12,0x2a,0xfc,0x11,0x82,
    0x57,0x1b,0xb8,0x33,0x1a,0x7d,0xbd,0xc6,0x98,0x15,0x02,0x02,0x00,0x04,0x6a,0x1c,
    0x02,0xfc,0x14,0xf2,0x11,0x7e,0xe7,0x7e,0xe7,0x7e,0xe7,0x5e,0xe7,0x5e,0xdf,0x3e,
    0xdf,0x1e,0xd7,0x1e,0xd7,0xfd,0xce,0xdd,0xc6,0xbd,0xc6,0x9d,0xbe,0x7d,0xbe,0x7c,
    0xb6,0x5c,0xae,0x3c,0xae,0xc6,0x03,0xf2,0x01,0xdb,0x9d,0xbb,0x95,0xbb,0x8d,0x9b,
    0x8d,0x7b,0x85,0x5b,0x85,0x5a,0x7d,0x3a,0x7d,0xc4,0x03,0x46,0xda,0x64,0xb9,0x64,
    0xc4,0x03,0x05,0xc2,0x03,0x02,0xc4,0x03,0x09,0xc6,0x03,0x04,0x5c,0x03,0x0f,0x02,
    0x00,0x25,0x82,0x77,0x2b,0x18,0x44,0x1a,0x75,0x7c,0xb6,0x10,0x57,0xf3,0x08,0xdf,
    0xff,0xbd,0xc6,0xb9,0x64,0x77,0x23,0x57,0x1b,0x36,0x1b,0x6f,0x22,0xa9,0x21,0x47,
    0x19,0xe5,0x10,0xa3,0x10,0xa2,0x98,0x76,0x51,0x63,0x49,0xc4,0x61,0x47,0x3a,0xc9,
    0x02,0x9a,0x03,0x33,0xd3,0xfd,0xd9,0xd0,0x02,0x0f,0x02,0x00,0x07,0x33,0xdf,0xff,
    0xdf,0xde,0x1f,0x55,0xbe,0xff,0xbe,0xff,0xbd,0xbe,0x18,0x11,0x7c,0xc8,0x03,0x37,
    0x3b,0xff,0x3b,0x8c,0x11,0x11,0xd8,0x04,0x12,0x02,0x6e,0x0a,0x13,0x75,0xc4,0x03,
    0x15,0x14,0xc4,0x03,0x15,0xd1,0xc6,0x03,0x06,0xc2,0x03,0x04,0x88,0x07,0x11,0xed,
    0xc2,0x0e,0x02,0x78,0x03,0x15,0xcb,0x34,0x0e,0x0f,0x02,0x00,0x0d,0x95,0xcb,0xfc,
    0x0d,0xfd,0x90,0xfd,0x34,0xfe,0xf9,0xfa,0x07,0x33,0x5c,0xff,0xf3,0x4c,0x07,0x2f,
    0xe6,0xa2,0x86,0xa2,0x71,0x0f,0x02,0x00,0xff,0x0a,0x01,0xca,0x0a,0x01,0xc8,0x7d,
    0x78,0x47,0x19,0xa9,0x21,0x0b,0x2a,0xb1,0x9a,0x03,0x52,0x75,0x3c,0xae,0x5e,0xe7,
    0x02,0x12,0x0f,0x02,0x00,0x19,0x05,0x9c,0x23,0x01,0xca,0x03,0x04,0xc6,0x03,0x06,
    0xc4,0x03,0x24,0xfe,0xce,0xc6,0x03,0x71,0x9d,0xbe,0x7d,0xb6,0x5c,0xb6,0x3c,0xc8,
    0x03,0x34,0xfc,0x9d,0xdc,0x8c,0x07,0x24,0x85,0x7b,0xc6,0x03,0x54,0x74,0xfa,0x6c,
    0xda,0x64,0x8c,0x07,0x35,0x59,0x54,0x59,0x8a,0x07,0x2f,0xd8,0x3b,0x4e,0x0b,0x01,
    0x04,0x02,0x00,0xe4,0x97,0x2b,0xb8,0x33,0x18,0x44,0x99,0x5c,0x3a,0x7d,0x1c,0xa6,
    0xfd,0xd6,0x5e,0x04,0x51,0x1e,0xdf,0x7b,0x8d,0xd8,0xe0,0x0a,0xd1,0x15,0x1b,0x2d,
    0x22,0x88,0x19,0x26,0x19,0xc4,0x10,0x83,0x10,0x82,0x86,0x9a,0x91,0xe2,0x28,0x22,
    0x39,0x63,0x51,0xc4,0x61,0xa8,0x3c,0xc9,0xe1,0xab,0xfc,0xab,0xfc,0xcc,0xfc,0x91,
    0xfd,0x76,0xfe,0x3b,0xff,0xbd,0xff,0x31,0x12,0x0f,0x02,0x00,0x34,0x02,0xc8,0x03,
    0x06,0xc6,0x03,0x02,0xe8,0x18,0x11,0x5c,0x9e,0x20,0x06,0x8c,0x07,0x02,0xc2,0x11,
    0x08,0xc6,0x03,0x19,0x55,0xc6,0x03,0x0a,0x8c,0x07,0x91,0x4f,0xfd,0x4f,0xfd,0x2e,
    0xfd,0x2e,0xfd,0x2d,0x02,0x00,0xf5,0x00,0x2e,0xfd,0x4f,0xfd,0x70,0xfd,0xb1,0xfd,
    0x13,0xfe,0x76,0xfe,0xf9,0xfe,0x7c,0xbe,0x00,0x33,0x7c,0xff,0x76,0x5e,0x16,0x42,
    0x4a,0xec,0x45,0x7a,0x76,0xff,0x01,0x8e,0x15,0x1f,0x08,0x20,0x03,0xff,0x0a,0x0f,
    0x02,0x00,0x67,0x02,0x90,0x88,0xd1,0xc4,0x08,0x05,0x11,0x68,0x19,0xca,0x21,0x2c,
    0x2a,0xd2,0x22,0x37,0x7a,0x15,0xef,0x57,0x1b,0xb7,0x33,0x99,0x5c,0x9b,0x8d,0x9c,
    0xbe,0x3e,0xdf,0x9f,0xef,0x84,0x34,0x21,0x0f,0x02,0x00,0x0d,0x01,0xc0,0x03,0x02,
    0x3a,0x27,0x01,0x02,0x00,0x02,0x8a,0x07,0x71,0x9e,0xef,0x7e,0xe7,0x5e,0xe7,0x3e,
    0x88,0x07,0x1b,0xfd,0xc2,0x03,0x02,0x8a,0x07,0x0a,0x4e,0x0b,0x02,0x88,0x07,0x04,
    0x8a,0x07,0xf1,0x02,0xda,0x64,0xda,0x6c,0x1a,0x75,0x3a,0x7d,0x9b,0x8d,0xfc,0x9d,
    0x7c,0xb6,0x1d,0xd7,0x9f,0xee,0x11,0x02,0x28,0x0f,0x42,0xdb,0x9d,0x38,0x4c,0x08,
    0x0f,0xf2,0x00,0xd2,0x22,0xea,0x21,0x67,0x19,0x05,0x11,0xc4,0x10,0x82,0x08,0x61,
    0x08,0x61,0x9a,0x03,0x21,0x30,0x22,0x76,0x5d,0x42,0xa8,0xc3,0x8a,0xfc,0xfc,0x23,
    0x02,0xb4,0x1c,0x24,0x76,0xfe,0xae,0x40,0x04,0x02,0x00,0x04,0x14,0x27,0x0f,0xb0,
    0x03,0x39,0x08,0x02,0x00,0x06,0x86,0x07,0x02,0xc2,0x03,0x04,0x8a,0x07,0x02,0x36,
    0x20,0x04,0xc0,0x03,0x15,0x1a,0x4c,0x0b,0x02,0xc2,0x03,0x11,0x97,0x9e,0x19,0x13,
    0x96,0xfa,0x20,0x55,0x1a,0xff,0x5c,0xff,0xbe,0x94,0x03,0x53,0xff,0xff,0x7c,0xff,
    0x76,0xc4,0x0a,0x44,0xaa,0xfc,0x68,0xbb,0xc6,0x0a,0x01,0xf6,0x11,0x0f,0x98,0x03,
    0xff,0x85,0x01,0xc6,0x1c,0x03,0x88,0x39,0x02,0x9a,0x03,0x06,0x34,0x07,0xf1,0x18,
    0x57,0x1b,0xb8,0x33,0x79,0x54,0x1a,0x75,0xbb,0x95,0x1c,0xa6,0x5c,0xae,0x7c,0xb6,
    0x7d,0xb6,0x7d,0xb6,0x9d,0xbe,0xbd,0xbe,0xbd,0xc6,0xdd,0xce,0xfd,0xce,0x1e,0xd7,
    0x1e,0xd7,0x3e,0xdf,0x5e,0xdf,0x5e,0xd4,0x0a,0x26,0x7f,0xef,0xd2,0x2e,0x02,0xd0,
    0x2a,0x08,0x6c,0x02,0x0f,0x02,0x00,0x35,0x02,0xcc,0x03,0x06,0xc6,0x03,0x06,0x4e,
    0x0b,0x02,0x50,0x0b,0x03,0x94,0x00,0x34,0xe7,0x9e,0xef,0x26,0x07,0x01,0x22,0x0e,
    0x72,0xf7,0x1d,0xd7,0xbb,0x95,0x59,0x54,0x1a,0x0b,0xd5,0x36,0x1b,0x2d,0x22,0xa9,
    0x21,0x26,0x19,0xe5,0x10,0xa3,0x08,0x62,0x3e,0xc9,0x22,0xa1,0x28,0x9a,0x03,0x42,
    0xc4,0x61,0xe6,0xa2,0xbc,0x40,0x02,0x36,0x11,0x51,0x0d,0xfd,0x6f,0xfd,0xb1,0x2e,
    0x15,0x04,0xee,0x18,0x02,0x32,0x15,0x02,0xa2,0x1c,0x06,0xfe,0x23,0x02,0x64,0x1c,
    0x06,0x3e,0x2b,0x02,0xc6,0x03,0x02,0xd0,0x2e,0x02,0xec,0x0a,0x0f,0xdc,0x04,0x41,
    0x02,0x02,0x00,0x08,0xca,0x03,0x0e,0x78,0x01,0x73,0xbe,0xff,0x3b,0xff,0x35,0xfe,
    0x4f,0x64,0x20,0x43,0x29,0xe4,0x24,0x72,0x54,0x20,0x2f,0x20,0x60,0x2e,0x07,0xff,
    0x87,0x05,0xcc,0x0a,0xf3,0x03,0x08,0xa3,0x08,0xe4,0x10,0x26,0x11,0x68,0x19,0xc9,
    0x21,0x0b,0x2a,0x6e,0x2a,0xf3,0x22,0x35,0x9c,0x15,0x71,0x57,0x23,0x77,0x23,0xd8,
    0x3b,0x18,0x2e,0x15,0xf1,0x02,0x59,0x4c,0x59,0x54,0x79,0x54,0x79,0x5c,0x99,0x5c,
    0xb9,0x64,0xda,0x64,0xda,0x6c,0xfa,0x9c,0x06,0xf1,0x08,0x3a,0x7d,0x5b,0x85,0x7b,
    0x85,0x9b,0x8d,0xbb,0x95,0xdb,0x95,0xdb,0x9d,0xfc,0x9d,0x1c,0xa6,0x3c,0xa6,0x3c,
    0xae,0x5c,0xc4,0x03,0x5d,0x9d,0xbe,0xbd,0xc6,0xdd,0xc6,0x03,0x12,0x9e,0x68,0x27,
    0x01,0x26,0x07,0x14,0xdf,0x02,0x00,0x07,0xde,0x05,0x0f,0x02,0x00,0x39,0xb1,0xdf,
    0xf7,0x5e,0xe7,0x7c,0xb6,0x5a,0x85,0x18,0x44,0x77,0xd2,0x00,0x95,0x36,0x1b,0x8f,
    0x22,0xca,0x21,0x68,0x19,0x05,0xd4,0xcc,0x12,0x40,0x1a,0xa8,0x03,0x9a,0x03,0xf1,
    0x06,0x63,0x49,0xa3,0x59,0x25,0x72,0xe6,0xa2,0xe9,0xd3,0x29,0xe4,0x6a,0xec,0x6a,
    0xf4,0x6a,0xf4,0x6a,0xf4,0x8b,0xcc,0x40,0x33,0xab,0xfc,0xcb,0xea,0x0d,0x02,0x80,
    0x15,0x15,0x2e,0xf0,0x18,0x31,0x6f,0xfd,0x70,0xe2,0x11,0x17,0xb1,0xf4,0x18,0x04,
    0xc4,0x03,0x08,0x22,0x24,0x13,0xb8,0xc2,0x27,0x02,0xfc,0x23,0x02,0xde,0x23,0x02,
    0xc8,0x23,0x35,0x9d,0xff,0x9d,0x94,0x32,0x06,0xc6,0x03,0x0e,0x64,0x03,0x0f,0x02,
    0x00,0x1b,0x11,0xdf,0xcc,0xd7,0x44,0x97,0xfe,0xd3,0xfd,0x52,0x28,0x33,0x29,0xe4,
    0xa6,0xfe,0x7a,0x0f,0x2e,0x07,0xff,0x8c,0x02,0x02,0x00,0x13,0x21,0x9a,0x03,0xf3,
    0x0a,0xc4,0x10,0x06,0x11,0x67,0x19,0xa9,0x19,0xea,0x21,0x2c,0x2a,0x6e,0x2a,0xb0,
    0x2a,0xf2,0x2a,0x14,0x23,0x14,0x23,0x14,0x23,0x35,0x02,0x00,0x61,0x36,0x23,0x36,
    0x23,0x36,0x23,0x86,0x11,0x01,0x1e,0x19,0x71,0x77,0x23,0x77,0x23,0x97,0x2b,0x97,
    0xb4,0x1c,0x22,0xb8,0x33,0x32,0x15,0xd3,0xf8,0x3b,0x18,0x44,0x18,0x44,0x39,0x4c,
    0x59,0x4c,0x79,0x54,0x99,0xc2,0x03,0x13,0xfa,0xc2,0x03,0x14,0x5a,0xc2,0x03,0x1f,
    0x8d,0xc2,0x03,0x05,0x86,0xfd,0xce,0xfe,0xd6,0x1e,0xd7,0x3e,0xdf,0x88,0x07,0x04,
    0x86,0x07,0x2f,0xdf,0xf7,0xa6,0x02,0x1d,0xc2,0xdf,0xff,0x9f,0xef,0x3e,0xdf,0x7c,
    0xbe,0x9b,0x8d,0xb9,0x64,0x58,0x0e,0x85,0x57,0x1b,0x36,0x1b,0xb1,0x22,0xeb,0x21,
    0xd4,0xfb,0x22,0x08,0x41,0xcc,0xe9,0x04,0x9a,0x03,0xf1,0x2d,0x20,0xe2,0x30,0x02,
    0x39,0x43,0x49,0x83,0x51,0xa3,0x59,0xe4,0x61,0x25,0x7a,0x85,0x8a,0x86,0x8a,0xa6,
    0x92,0xa6,0x92,0xc6,0x9a,0xe6,0x9a,0xe6,0xa2,0xe6,0xa2,0x27,0xab,0x27,0xab,0x27,
    0xab,0x68,0xbb,0x88,0xc3,0xa8,0xc3,0xa8,0xcb,0xe9,0xd3,0xe9,0xdb,0x09,0xdc,0x09,
    0xe4,0x4a,0xec,0x4a,0xec,0x4a,0xec,0x8a,0x92,0x11,0x02,0x2e,0x15,0x06,0x70,0x20,
    0x02,0xee,0x18,0x08,0xc4,0x03,0x08,0xc2,0x03,0x11,0xf2,0x88,0x07,0x02,0xee,0x18,
    0x04,0xc2,0x03,0x04,0x8a,0x0a,0x02,0x48,0x20,0x13,0x19,0x24,0x2f,0x04,0xc0,0x03,
    0x02,0xc2,0x03,0x02,0x4c,0x0b,0x02,0xc2,0x03,0x0f,0x16,0x01,0x01,0x71,0xdf,0xff,
    0xbe,0xff,0x9d,0xff,0x5b,0x8c,0xd0,0x33,0xf3,0xfd,0x4f,0xf8,0x23,0x82,0xaa,0xfc,
    0x29,0xe4,0x86,0x8a,0xa3,0x59,0xca,0xd7,0x11,0x81,0x36,0x70,0x12,0x20,0x01,0x02,
    0x0f,0x02,0x00,0xff,0x87,0x02,0x9a,0x03,0x51,0x83,0x08,0xc4,0x08,0xe5,0x36,0x07,
    0xd1,0x89,0x19,0xca,0x21,0xeb,0x21,0x0b,0x2a,0x2c,0x2a,0x4c,0x2a,0x4d,0x02,0x00,
    0x26,0x6d,0x32,0x02,0x00,0xf1,0x06,0x8e,0x32,0x8e,0x32,0x8e,0x32,0xb0,0x32,0xb0,
    0x32,0xd0,0x32,0xd1,0x2a,0xd1,0x2a,0xf1,0x2a,0xf1,0x2a,0xf2,0x02,0x00,0x22,0xf3,
    0x22,0xca,0x03,0x19,0x15,0xca,0x03,0x55,0x36,0x1b,0x36,0x1b,0x36,0xcc,0x03,0x01,
    0xc8,0x03,0x02,0xc6,0x03,0x01,0x80,0x20,0x53,0x18,0x44,0x18,0x44,0x38,0x8c,0x07,
    0x09,0x8a,0x07,0x14,0x75,0x8a,0x07,0x01,0x8c,0x07,0x91,0x9d,0xfc,0x9d,0xfc,0xa5,
    0x1c,0xa6,0x3c,0xae,0x52,0x0b,0x03,0x8a,0x07,0x11,0xfd,0x50,0x0b,0x06,0xc6,0x03,
    0x01,0xd8,0x0a,0xf1,0x01,0xdf,0x1e,0xd7,0xdd,0xce,0x7c,0xbe,0x1c,0xa6,0x9b,0x8d,
    0xfa,0x74,0x59,0x54,0xb7,0xec,0x11,0x91,0x57,0x1b,0x57,0x1b,0x14,0x23,0x6e,0x2a,
    0xea,0x96,0x03,0x03,0xc4,0x0a,0x05,0x00,0xf1,0x02,0x3c,0xba,0x16,0x61,0x3a,0xba,
    0xf4,0x02,0x41,0x43,0x49,0x63,0x51,0x83,0x51,0xa3,0x59,0xa3,0x59,0xa4,0x59,0xa4,
    0x59,0xc4,0x61,0x02,0x00,0xa5,0xe4,0x61,0xe4,0x61,0xe4,0x69,0xe4,0x69,0x04,0x6a,
    0x02,0x00,0xf2,0x19,0x72,0x04,0x72,0x04,0x72,0x24,0x72,0x25,0x72,0x25,0x72,0x45,
    0x7a,0x85,0x8a,0xa6,0x8a,0xa6,0x8a,0xe6,0xa2,0x07,0xa3,0x07,0xa3,0x27,0xab,0x67,
    0xbb,0x67,0xbb,0x67,0xbb,0xa8,0xc3,0xc8,0xcb,0xc8,0xcb,0xc9,0xc8,0x03,0x41,0xdc,
    0x29,0xe4,0x49,0x02,0x00,0x02,0x8c,0x07,0x37,0x8a,0xfc,0xab,0x78,0x20,0x51,0xed,
    0xfc,0x0d,0xfd,0x0d,0x7a,0x20,0x31,0x2e,0xfd,0x2e,0x7c,0x20,0x19,0x6f,0x8a,0x07,
    0x02,0xca,0x03,0x11,0x14,0x80,0x20,0x06,0x50,0x0b,0x02,0x8a,0x07,0x04,0x02,0x00,
    0x11,0xb7,0xb6,0x19,0x82,0x13,0xfe,0xb1,0xfd,0x4f,0xfd,0x0d,0xfd,0x90,0x0b,0x85,
    0xab,0xfc,0x29,0xe4,0x47,0xb3,0xe4,0x69,0x96,0x03,0x02,0x06,0x69,0x0f,0x5c,0x0e,
    0xff,0x85,0x06,0x02,0x00,0x15,0x20,0x9a,0x03,0xf3,0x02,0xa4,0x08,0xc5,0x10,0x06,
    0x11,0x26,0x11,0x47,0x19,0x68,0x19,0x89,0x19,0xa9,0x21,0xca,0x02,0x00,0x15,0xea,
    0x02,0x00,0xd9,0xeb,0x21,0xeb,0x21,0x0b,0x22,0x0b,0x2a,0x0b,0x2a,0x0b,0x2a,0x2c,
    0x02,0x00,0x13,0x4c,0xc6,0x03,0xb1,0x6d,0x2a,0x6e,0x2a,0x6e,0x2a,0x8e,0x2a,0x8e,
    0x2a,0x8f,0x02,0x00,0x71,0xaf,0x2a,0xaf,0x2a,0xaf,0x2a,0xb0,0x02,0x00,0x31,0xd0,
    0x2a,0xd2,0xc2,0x03,0xd3,0xf2,0x2a,0x13,0x2b,0x13,0x2b,0x13,0x2b,0x14,0x23,0x15,
    0x23,0x15,0x8c,0x07,0x13,0x56,0x02,0x00,0x31,0x76,0x2b,0x77,0x02,0x00,0x11,0x97,
    0xba,0x20,0x13,0xb7,0xc2,0x03,0x02,0x88,0x07,0x17,0x39,0x4c,0x0b,0x14,0xba,0x4c,
    0x0b,0x12,0x75,0x8a,0x07,0x24,0x7b,0x85,0x56,0x1d,0x93,0xda,0x6c,0x99,0x5c,0x38,
    0x4c,0xd8,0x33,0x77,0x28,0x1d,0xf6,0x08,0x36,0x1b,0x15,0x23,0xb0,0x22,0x2d,0x2a,
    0xca,0x21,0x88,0x19,0x27,0x19,0xe5,0x10,0xa4,0x08,0x82,0x08,0x42,0x00,0x21,0x01,
    0x01,0x12,0x00,0x02,0xb3,0x34,0x61,0x18,0x81,0x9c,0x03,0x21,0x31,0x02,0xd6,0xbd,
    0x62,0x42,0x41,0x43,0x41,0x43,0x49,0x02,0x00,0x12,0x63,0x02,0x00,0x46,0x51,0x63,
    0x51,0x83,0x02,0x00,0x25,0x59,0xa3,0x02,0x00,0x3f,0xa4,0x59,0xc4,0xc2,0x03,0x00,
    0x02,0x02,0x00,0xf1,0x06,0x04,0x6a,0x04,0x72,0x25,0x72,0x25,0x7a,0x45,0x7a,0x45,
    0x7a,0x65,0x82,0x65,0x82,0x65,0x82,0x86,0x8a,0x86,0x90,0x07,0x61,0xc6,0x92,0xc6,
    0x92,0xc6,0x9a,0x8c,0x07,0xc1,0xb3,0x67,0xbb,0x88,0xc3,0x88,0xc3,0xa8,0xc3,0xe9,
    0xd3,0xe9,0xc6,0x03,0xf2,0x00,0x4a,0xec,0x4a,0xec,0x6a,0xec,0x6a,0xec,0x8a,0xf4,
    0x8b,0xf4,0x8b,0xf4,0xab,0x02,0x00,0x01,0xba,0x20,0x02,0x4e,0x0b,0x04,0x3c,0x24,
    0x51,0x4f,0xfd,0x6f,0xfd,0x70,0xec,0x20,0x11,0x6f,0xec,0x20,0x13,0xed,0xce,0x1c,
    0xb9,0xaa,0xfc,0x8a,0xf4,0x6a,0xf4,0x09,0xdc,0x27,0xab,0x45,0x90,0xe2,0x11,0x60,
    0x2e,0x07,0x07,0xff,0x00,0x0f,0x02,0x00,0xff,0x89,0x51,0x21,0x00,0x41,0x00,0x42,
    0x68,0x20,0x51,0xa4,0x08,0xc4,0x10,0xe5,0x9e,0x03,0x33,0x26,0x19,0x47,0x02,0x00,
    0x73,0x67,0x19,0x67,0x19,0x67,0x19,0x68,0x02,0x00,0x13,0x88,0x02,0x00,0x2a,0xa9,
    0x21,0x02,0x00,0x19,0xc9,0xc6,0x03,0x08,0xc2,0x03,0x02,0x02,0x00,0x02,0xc8,0x03,
    0x15,0x4c,0xc2,0x03,0x32,0x4d,0x2a,0x6d,0x02,0x00,0x01,0x8e,0x07,0x51,0x8e,0x32,
    0x8f,0x32,0xaf,0x02,0x00,0x71,0xd0,0x2a,0xd0,0x2a,0xd0,0x2a,0xd1,0x02,0x00,0x04,
    0xc8,0x03,0x1f,0xf3,0x56,0x0b,0x00,0x15,0x56,0x84,0x07,0x01,0x86,0x07,0x21,0x2b,
    0x98,0xca,0x03,0x02,0x4a,0x0e,0x02,0x02,0x00,0xf1,0x08,0x36,0x23,0x14,0x23,0xd2,
    0x22,0x8f,0x2a,0x2c,0x2a,0xeb,0x21,0xa9,0x21,0x68,0x19,0x26,0x11,0xe5,0x10,0xa4,
    0x08,0x83,0x96,0x03,0x0c,0xc6,0x09,0x02,0xd6,0xbd,0x11,0x60,0x36,0xba,0x31,0xa1,
    0x20,0xc1,0xd2,0xbd,0x26,0xe2,0x30,0x02,0x00,0x44,0x02,0x31,0x02,0x39,0x02,0x00,
    0x31,0x22,0x39,0x22,0xb8,0x03,0x06,0x02,0x00,0x15,0x42,0xc4,0x03,0x01,0xbe,0x03,
    0x06,0x02,0x00,0x06,0xc4,0x03,0x01,0x80,0x07,0x02,0x02,0x00,0x01,0x86,0x07,0x07,
    0xc8,0x03,0x02,0x86,0x07,0x0e,0x8a,0x07,0x53,0x24,0x72,0x25,0x72,0x45,0xc8,0x03,
    0x61,0xc6,0x92,0xc6,0x9a,0xc6,0x9a,0x8c,0x07,0xa1,0xab,0x27,0xab,0x67,0xb3,0x67,
    0xbb,0x67,0xbb,0x88,0x8c,0x07,0x42,0xc8,0xd3,0x09,0xdc,0x8c,0x07,0x11,0x6a,0xc8,
    0x03,0xf6,0x07,0x49,0xec,0x09,0xdc,0xe9,0xd3,0xa8,0xc3,0x47,0xb3,0xe6,0x9a,0x65,
    0x82,0xe4,0x69,0xc4,0x61,0x83,0x51,0x63,0x49,0xcc,0xc5,0x0f,0xc4,0x0a,0xff,0x92,
    0x06,0x02,0x00,0x03,0x36,0x07,0x01,0x9c,0x03,0xbb,0x83,0x08,0xa4,0x08,0xa4,0x08,
    0xc4,0x10,0xc4,0x10,0xe5,0x02,0x00,0xbc,0x05,0x11,0x05,0x11,0x05,0x11,0x06,0x11,
    0x06,0x11,0x26,0x02,0x00,0x03,0xc4,0x03,0x37,0x47,0x19,0x47,0xc4,0x03,0x08,0xc8,
    0x03,0x08,0xca,0x03,0x15,0xc9,0xc6,0x03,0x02,0x02,0x00,0x62,0xea,0x21,0xea,0x21,
    0xeb,0x21,0xc0,0x03,0x04,0x02,0x00,0x02,0xc8,0x03,0x18,0x2c,0x50,0x0b,0x01,0x02,
    0x00,0x04,0x90,0x07,0x32,0x8e,0x2a,0x8e,0xce,0x03,0x03,0xc8,0x03,0x02,0x4e,0x0b,
    0xf1,0x04,0xf2,0x2a,0xf2,0x2a,0xd1,0x2a,0xb0,0x2a,0xaf,0x2a,0x6e,0x2a,0x4d,0x2a,
    0x2c,0x2a,0x0b,0x22,0xea,0x94,0x03,0xb5,0x47,0x19,0x06,0x11,0xc4,0x10,0xa3,0x08,
    0x82,0x08,0x62,0xc2,0x0a,0x0a,0x02,0x00,0x01,0x36,0x07,0x12,0x08,0x36,0xba,0x32,
    0x61,0x18,0x81,0x02,0x00,0x69,0x20,0x81,0x20,0x81,0x20,0xa1,0x02,0x00,0x02,0xb4,
    0x03,0x08,0x02,0x00,0x46,0xc2,0x28,0xc2,0x28,0xc2,0x03,0x01,0xc4,0x03,0x18,0x31,
    0xc8,0x03,0x08,0xca,0x03,0x15,0x42,0x02,0x00,0x13,0x43,0x8e,0x07,0x05,0xca,0x03,
    0x0a,0x8c,0x07,0x07,0xca,0x03,0x08,0x4c,0x0b,0x02,0x02,0x00,0x04,0xca,0x03,0x02,
    0x4a,0x0b,0x02,0x48,0x0b,0x91,0x25,0x72,0x25,0x7a,0x25,0x7a,0x25,0x72,0x25,0x5c,
    0x0b,0xf1,0x08,0xe4,0x69,0xc4,0x61,0xa3,0x59,0x83,0x59,0x83,0x51,0x43,0x49,0x22,
    0x41,0x02,0x39,0xc2,0x28,0xa1,0x20,0x81,0x18,0x60,0xa0,0xbe,0x0a,0xf8,0x00,0x0f,
    0x02,0x00,0xff,0x8e,0x13,0x20,0x9c,0x03,0x02,0x9e,0x03,0x37,0x62,0x08,0x83,0x02,
    0x00,0x17,0xa3,0x02,0x00,0x12,0xa4,0xb6,0x03,0x04,0x02,0x00,0x14,0x10,0x02,0x00,
    0x17,0xe4,0xc4,0x03,0x02,0xc0,0x03,0x04,0xc4,0x03,0x02,0x02,0x00,0x01,0xca,0x03,
    0x16,0x19,0x86,0x07,0x04,0x02,0x00,0x06,0x8c,0x07,0x02,0x88,0x07,0x79,0x89,0x19,
    0x89,0x19,0x89,0x21,0x89,0x8e,0x07,0x02,0xbe,0x03,0x02,0xc0,0x03,0x02,0xc4,0x03,
    0x08,0x90,0x07,0x02,0xbe,0x03,0x06,0x02,0x00,0x31,0x0c,0x2a,0x0b,0x90,0x03,0x62,
    0xca,0x21,0xa9,0x21,0x88,0x19,0x94,0x03,0x06,0xec,0xf0,0x0e,0x2c,0x07,0x06,0x02,
    0x00,0x02,0x86,0x47,0x31,0x40,0x08,0x40,0x62,0xc1,0x1a,0x60,0x02,0x00,0x41,0x18,
    0x60,0x18,0x61,0xfa,0xe8,0x0f,0x02,0x00,0x00,0x0d,0xbe,0x03,0x04,0x02,0x00,0x0f,
    0xc0,0x03,0x09,0x02,0x02,0x00,0x0a,0xc2,0x03,0x0a,0xc6,0x03,0x03,0x4c,0x0b,0x0a,
    0xc0,0x03,0x02,0x02,0x00,0x01,0xba,0x03,0x57,0x83,0x51,0x83,0x51,0xa3,0x8a,0x07,
    0x42,0xa3,0x59,0xa3,0x59,0x16,0x00,0x42,0x63,0x51,0x63,0x49,0x92,0x03,0x75,0x02,
    0x31,0xc2,0x28,0xc1,0x28,0x81,0x96,0x03,0x0c,0x2a,0x08,0x0f,0x02,0x00,0xff,0x94,
    0x31,0x20,0x00,0x21,0x02,0x00,0x02,0x46,0xf7,0x78,0x41,0x00,0x42,0x00,0x42,0x00,
    0x62,0x02,0x00,0x03,0x2e,0xf0,0x04,0x02,0x00,0x15,0x82,0x02,0x00,0x06,0xc8,0x03,
    0x06,0xc4,0x03,0x04,0x02,0x00,0x01,0x80,0x07,0x09,0xc6,0x03,0x17,0xc5,0xc6,0x03,
    0x02,0x02,0x00,0x08,0xc6,0x03,0x01,0xc4,0x03,0x04,0x02,0x00,0x29,0x19,0x27,0x8c,
    0x07,0x06,0x52,0x0b,0x06,0x8e,0x07,0x0a,0xc6,0x03,0xf3,0x02,0x88,0x19,0x88,0x19,
    0x68,0x19,0x67,0x19,0x47,0x19,0x26,0x11,0x06,0x11,0x05,0x11,0xc4,0x94,0x03,0x08,
    0xee,0x11,0x0f,0x02,0x00,0x07,0x02,0xa6,0x15,0x0f,0x02,0x00,0x01,0x14,0x40,0x02,
    0x00,0x01,0xb6,0x03,0x0c,0x02,0x00,0x04,0xc4,0x03,0x14,0x61,0x02,0x00,0x01,0xc6,
    0x03,0x02,0x02,0x00,0x0d,0xca,0x03,0x01,0x88,0x07,0x0b,0x8a,0x07,0x21,0x28,0xa1,
    0x3e,0x0b,0x08,0x02,0x00,0x39,0xc2,0x28,0xe2,0x8a,0x07,0x02,0x02,0x00,0x08,0xca,
    0x03,0x0c,0x52,0x0b,0x33,0x22,0x41,0x22,0x70,0x0b,0x42,0xe2,0x30,0xe2,0x30,0x60,
    0xc9,0x13,0x81,0x7e,0xf4,0x1f,0x20,0xee,0x11,0xff,0x91,0x0f,0x02,0x00,0x0b,0x01,
    0x9c,0x02,0x01,0x40,0x07,0x0f,0x02,0x00,0x01,0x04,0xb4,0x03,0x0f,0x02,0x00,0x01,
    0x03,0xc8,0x03,0x05,0xb8,0x03,0x08,0x02,0x00,0x02,0xc2,0x03,0x06,0xc0,0x03,0x06,
    0x02,0x00,0x08,0xc0,0x03,0x02,0x02,0x00,0x12,0xc4,0xc8,0x03,0x05,0xcc,0x03,0x02,
    0xbc,0x03,0x06,0x02,0x00,0x02,0x8e,0x07,0x0f,0x54,0x0b,0x04,0x01,0x8e,0x03,0x91,
    0xe5,0x10,0xe5,0x10,0xc4,0x10,0xa4,0x08,0xa3,0x28,0x07,0x59,0x62,0x00,0x41,0x00,
    0x41,0xee,0x11,0x0f,0x02,0x00,0x1b,0x04,0x12,0x01,0x2f,0x20,0x00,0xb2,0x03,0x01,
    0x08,0x02,0x00,0x03,0xbc,0x03,0x0a,0x02,0x00,0x0f,0xca,0x03,0x00,0x09,0xc8,0x03,
    0x07,0xc4,0x03,0x0d,0xc6,0x03,0x0f,0xc4,0x03,0x01,0x01,0x02,0x00,0x08,0xc2,0x03,
    0x0c,0x02,0x00,0x22,0xa1,0x20,0x76,0xe2,0x51,0x61,0x18,0x61,0x18,0x40,0xbe,0x0a,
    0x0f,0x2a,0x07,0xff,0xa6,0x0f,0x02,0x00,0x17,0x01,0x9e,0x02,0x0b,0x02,0x00,0x0f,
    0xc0,0x03,0x1d,0x04,0x8c,0x07,0x0f,0xc8,0x03,0x09,0x39,0x62,0x08,0x62,0xc8,0x03,
    0x04,0xbe,0x03,0x06,0x02,0x00,0x05,0x88,0x07,0x06,0x8a,0x07,0x01,0xcc,0x03,0x22,
    0xa4,0x08,0x90,0x03,0x11,0x83,0x20,0x04,0x11,0x42,0x92,0x03,0x0f,0xc0,0x0a,0x09,
    0x0f,0x02,0x00,0x39,0x05,0x1e,0x01,0x01,0x14,0x0b,0x0f,0x02,0x00,0x0d,0x0b,0xc6,
    0x03,0x0f,0xc0,0x03,0x00,0x06,0xc2,0x03,0x04,0x02,0x00,0x02,0x84,0x07,0x02,0x02,
    0x00,0x0d,0x8a,0x07,0x01,0x02,0x00,0x51,0x61,0x18,0x61,0x18,0x60,0x4e,0x0e,0x33,
    0x40,0x10,0x40,0x88,0x00,0x0f,0xe4,0x00,0x39,0x0f,0x02,0x00,0xff,0xae,0x05,0xa4,
    0x02,0x0f,0x02,0x00,0x02,0x0f,0xcc,0x03,0x01,0x02,0x02,0x00,0x02,0xb8,0x03,0x0c,
    0x02,0x00,0x05,0xc6,0x03,0x06,0x02,0x00,0x01,0x78,0x03,0x02,0xc0,0x03,0x04,0x02,
    0x00,0x02,0x10,0x00,0x44,0x62,0x08,0x62,0x00,0x90,0x03,0x11,0x21,0x7e,0x00,0x0f,
    0x4c,0x02,0x85,0x0b,0x24,0x01,0x03,0x46,0x03,0x0f,0x02,0x00,0x0f,0x01,0xd2,0x03,
    0x0f,0xc8,0x03,0x02,0x44,0x40,0x10,0x40,0x08,0x8e,0x03,0x0f,0x26,0x07,0xff,0xd0,
    0x0f,0x02,0x00,0x4d,0x0b,0xa0,0x02,0x09,0x02,0x00,0x02,0xae,0x03,0x0f,0x02,0x00,
    0x01,0x0c,0xbc,0x03,0x06,0x02,0x00,0x02,0x2e,0x00,0x0f,0x92,0x03,0x89,0x0f,0x02,
    0x00,0x17,0x0f,0x1c,0x01,0x00,0x0f,0xc0,0x03,0x0f,0x0f,0x5f,0x00,0x17,0x0f,0x02,
    0x00,0xff,0xff,0x44,0x0f,0xb4,0x02,0x00,0x0f,0x68,0x02,0xff,0xff,0x44,0x0f,0x02,
    0x00,0xff,0xff,0xff,0xff,0xff,0xff,0xff,0xff,0xff,0xff,0xff,0xff,0xff,0xff,0xff,
    0xff,0xff,0xff,0xff,0xff,0xff,0xff,0xff,0xff,0xff,0xff,0xff,0xff,0xff,0xff,0xff,
    0xff,0xff,0xff,0xff,0xff,0xff,0xff,0xff,0xff,0xff,0xff,0xff,0xff,0xff,0xff,0xff,
    0xff,0xff,0xff,0xff,0xff,0xff,0xff,0xff,0xff,0xff,0xff,0xff,0xff,0xff,0xff,0xff,
    0xff,0xff,0xff,0xff,0xff,0xff,0xff,0xff,0xff,0xff,0xff,0xff,0xff,0xff,0xff,0xff,
    0xff,0xff,0xff,0xff,0xff,0xff,0xff,0xff,0xff,0xff,0xff,0xff,0xff,0xff,0xff,0xff,
    0xff,0xff,0x04,0x0f,0x56,0x8d,0x1b,0x0f,0x02,0x00,0xff,0xff,0xff,0xff,0xff,0xff,
    0xff,0xff,0xff,0xff,0xff,0xff,0xff,0xff,0xff,0xff,0xff,0xff,0xff,0xff,0xff,0xff,
    0xff,0xff,0xff,0xff,0xff,0xff,0xff,0xff,0xff,0xff,0xff,0xff,0xff,0xff,0xff,0xff,
    0xff,0xff,0xff,0xff,0xff,0xff,0xff,0xff,0xff,0xff,0xff,0xff,0xff,0xff,0xff,0xff,
    0xff,0xff,0xff,0xff,0xff,0xff,0xff,0xff,0xff,0xff,0xff,0xff,0xff,0xff,0xff,0xff,
    0xff,0xff,0xff,0xff,0xff,0xff,0xff,0xff,0xff,0xff,0xff,0xff,0xff,0xff,0xff,0xff,
    0xff,0xff,0xff,0xff,0xff,0xff,0xff,0xff,0xff,0xff,0xff,0xff,0xff,0xff,0xff,0xff,
    0xff,0xff,0xff,0xff,0xff,0xff,0xff,0xff,0xff,0xff,0xff,0xff,0xff,0xff,0xff,0xff,
    0xff,0xff,0xff,0xff,0xff,0xff,0xff,0xff,0xff,0xff,0xff,0xff,0xff,0xff,0xff,0xff,
    0xff,0xff,0xff,0xff,0xff,0xff,0xff,0xff,0xff,0xff,0xff,0xff,0xff,0xff,0xff,0xff,
    0xff,0xff,0xff,0xff,0xff,0xff,0xff,0xff,0xff,0xff,0xff,0xff,0xff,0xff,0xff,0xff,
    0xff,0xff,0xff,0xff,0xff,0xff,0xff,0xff,0xff,0xff,0xff,0xff,0xff,0xff,0xff,0xff,
    0xff,0xff,0xff,0xff,0xff,0xff,0xff,0xff,0xff,0xff,0xff,0xff,0xff,0xff,0xff,0xff,
    0xff,0xff,0xff,0xff,0xff,0xff,0xff,0xff,0xff,0xff,0xff,0xff,0xff,0xff,0xff,0xff,
    0xff,0xff,0xff,0xff,0xff,0xff,0xff,0xff,0xff,0xff,0xff,0xff,0xff,0xff,0xff,0xff,
    0xff,0xff,0xff,0xff,0xff,0xff,0xff,0xff,0xff,0xff,0xff,0xff,0xff,0xff,0xff,0xff,
    0xff,0xff,0xff,0xff,0xff,0xff,0xff,0xff,0xff,0xff,0xff,0xff,0xff,0xff,0xff,0xff,
    0xff,0xff,0xff,0xff,0xff,0xff,0xff,0xff,0xff,0xff,0xff,0xff,0xff,0xff,0xff,0xff,
    0xff,0xff,0xff,0xff,0xff,0xff,0xff,0xff,0xff,0xff,0xff,0xff,0xff,0xff,0xff,0xff,
    0xff,0xff,0xff,0xff,0xff,0xff,0xff,0xff,0xff,0xff,0xff,0xff,0xff,0xff,0xff,0xff,
    0xff,0xff,0xff,0xff,0xff,0xff,0xff,0xff,0xff,0xff,0xff,0xff,0xff,0xff,0xff,0xff,
    0xff,0xff,0xff,0xff,0xff,0xff,0xff,0xff,0xff,0xff,0xff,0xff,0xff,0xff,0xff,0xff,
    0xff,0xff,0xff,0xff,0xff,0xff,0xff,0xff,0xff,0xff,0xff,0xff,0xff,0xff,0xff,0xff,
    0xff,0xff,0xff,0xff,0xff,0xff,0xff,0xff,0xff,0xff,0xff,0xff,0xff,0xff,0xff,0xff,
    0xff,0xff,0xff,0xff,0xff,0xff,0xff,0xff,0xff,0xff,0xff,0xff,0xff,0xff,0xff,0xff,
    0xff,0xff,0xff,0xff,0xff,0xff,0xff,0xff,0xff,0xff,0xff,0xff,0xff,0xff,0xff,0xff,
    0xff,0xff,0xff,0xff,0xff,0xff,0xff,0xff,0xff,0xff,0xff,0xff,0xff,0xff,0xff,0xff,
    0xff,0xff,0xff,0xff,0xff,0xff,0xff,0xff,0xff,0xff,0xff,0xff,0xff,0xff,0xff,0xff,
    0xff,0xff,0xff,0xff,0xff,0xff,0xff,0xff,0xff,0xff,0xff,0xff,0xb4,0x50,0xff,0xff,
    0xff,0xff,0xff,

};

const lv_image_dsc_t lack_of_softener = {
  .header = {
    .magic = LV_IMAGE_HEADER_MAGIC,
    .cf = LV_COLOR_FORMAT_RGB565A8,
    .flags = 0 | LV_IMAGE_FLAGS_COMPRESSED,
    .w = 460,
    .h = 250,
    .stride = 920,
    .reserved_2 = 0,
  },
  .data_size = sizeof(lack_of_softener_map),
  .data = lack_of_softener_map,
  .reserved = NULL,
};

