
#if defined(LV_LVGL_H_INCLUDE_SIMPLE)
#include "lvgl.h"
#elif defined(LV_LVGL_H_INCLUDE_SYSTEM)
#include <lvgl.h>
#elif defined(LV_BUILD_TEST)
#include "../lvgl.h"
#else
#include "lvgl/lvgl.h"
#endif

#ifndef LV_ATTRIBUTE_MEM_ALIGN
#define LV_ATTRIBUTE_MEM_ALIGN
#endif

#ifndef LV_ATTRIBUTE_QR_CODE_XIAOYA
#define LV_ATTRIBUTE_QR_CODE_XIAOYA
#endif

static const
LV_ATTRIBUTE_MEM_ALIGN LV_ATTRIBUTE_LARGE_CONST LV_ATTRIBUTE_QR_CODE_XIAOYA
uint8_t QR_code_xiaoya_map[] = {

    0x02,0x00,0x00,0x00,0xd7,0x51,0x00,0x00,0xc8,0xab,0x01,0x00,0x4f,0xeb,0x5a,0xf7,
    0xbd,0x02,0x00,0xff,0xbc,0x5f,0x65,0x29,0xef,0x7b,0xff,0x01,0x00,0xff,0xbd,0x2f,
    0xe7,0x39,0xd4,0x01,0xff,0xff,0xff,0xff,0xff,0xff,0xff,0xff,0xff,0xff,0xff,0xff,
    0xff,0xff,0xff,0xff,0xff,0xff,0xff,0xff,0xff,0xff,0x11,0x17,0xdf,0x04,0x00,0x0f,
    0x02,0x00,0x2d,0x15,0xdf,0x41,0x00,0x02,0x56,0x00,0x06,0x10,0x00,0x0e,0x02,0x00,
    0x0f,0x1c,0x00,0x09,0x0f,0x02,0x00,0x19,0x13,0xdf,0x68,0x00,0x0f,0x50,0x00,0x01,
    0x02,0x1a,0x00,0x0f,0x02,0x00,0x21,0x04,0xc0,0x00,0x0f,0x56,0x00,0x01,0x0f,0x02,
    0x00,0x07,0x0f,0x30,0x00,0x1d,0x0f,0x02,0x00,0x25,0x0f,0xc4,0x17,0x0d,0x02,0x14,
    0x01,0x0f,0x8e,0x00,0x2f,0x04,0xfe,0x00,0x02,0x08,0x00,0x02,0x52,0x00,0x02,0x0c,
    0x00,0x0f,0x02,0x00,0x03,0x04,0x1c,0x00,0x02,0x3e,0x01,0x0f,0x24,0x00,0x03,0x04,
    0x02,0x00,0x0f,0x20,0x00,0x09,0x04,0x6a,0x00,0x0c,0x24,0x00,0x04,0x18,0x00,0x04,
    0x44,0x00,0x0f,0x02,0x00,0x17,0x04,0x92,0x00,0x02,0x42,0x00,0x0f,0x38,0x00,0x13,
    0x02,0x80,0x00,0x0f,0x2e,0x00,0x15,0x0f,0x02,0x00,0x2d,0x0f,0xd4,0x01,0x0d,0x6f,
    0xff,0xff,0xdb,0xde,0xef,0x7b,0x02,0x00,0x35,0x35,0xf7,0xbd,0xff,0xf8,0x03,0x06,
    0x54,0x00,0x02,0x16,0x00,0x0a,0x02,0x00,0x62,0xdf,0xff,0xf3,0x9c,0x10,0x84,0x24,
    0x00,0x22,0xf3,0x9c,0x1c,0x00,0x0f,0x14,0x01,0x05,0x24,0xdf,0xff,0x2a,0x00,0x0f,
    0x02,0x00,0x05,0x22,0xdb,0xde,0x42,0x00,0x08,0x02,0x00,0x0f,0x82,0x00,0x0d,0x0f,
    0x02,0x00,0x05,0x06,0x64,0x00,0x0f,0xb8,0x00,0x01,0x0f,0x02,0x00,0x03,0x46,0xdf,
    0xff,0xf3,0x9c,0x38,0x00,0x0f,0x02,0x00,0x2d,0x0f,0x64,0x00,0x03,0x06,0x02,0x00,
    0x0f,0xd4,0x01,0x0d,0x6f,0xdf,0xff,0xf7,0xbd,0x20,0x00,0x01,0x00,0x35,0x22,0x10,
    0x84,0x7a,0x00,0x64,0xdf,0xff,0xff,0xff,0x00,0x00,0x58,0x00,0x04,0x16,0x00,0x0a,
    0x02,0x00,0x42,0x08,0x42,0x00,0x00,0x24,0x00,0x22,0xe7,0x39,0x14,0x03,0x0f,0xd4,
    0x01,0x05,0x2f,0xff,0xff,0xa0,0x00,0x09,0x6c,0x20,0x00,0x20,0x00,0xf7,0xbd,0x3c,
    0x00,0x5f,0xdf,0xff,0xff,0xff,0x20,0x82,0x00,0x0c,0x0f,0x02,0x00,0x03,0x04,0x6c,
    0x00,0x4c,0x20,0x00,0x10,0x84,0x56,0x00,0x0e,0x02,0x00,0x02,0xba,0x00,0x44,0xff,
    0xff,0xe7,0x39,0x38,0x00,0x0f,0x02,0x00,0x2f,0x0e,0x66,0x00,0x0a,0x02,0x00,0x0f,
    0xd4,0x01,0x0f,0x22,0xd7,0xbd,0x86,0x00,0x04,0x82,0x01,0x0f,0x02,0x00,0x29,0x22,
    0xef,0x7b,0x4e,0x01,0x33,0xff,0xff,0xdf,0x88,0x01,0x4e,0x20,0x00,0x20,0x00,0x7a,
    0x02,0x37,0xdf,0xff,0xdf,0x06,0x01,0x22,0x28,0x42,0xb4,0x00,0x0f,0x42,0x01,0x01,
    0x02,0xea,0x01,0x0f,0x94,0x00,0x05,0x04,0xb4,0x00,0x11,0xd7,0x20,0x04,0x0a,0x02,
    0x00,0x0f,0x82,0x00,0x0b,0x0f,0x02,0x00,0x07,0x06,0x56,0x00,0x2f,0xef,0x7b,0x92,
    0x00,0x01,0x08,0x02,0x00,0x02,0x9e,0x00,0x51,0xff,0xff,0xff,0xff,0x28,0xa2,0x02,
    0x0f,0x02,0x00,0x33,0x02,0x52,0x00,0x0f,0x02,0x00,0x07,0x0f,0xd4,0x01,0x0d,0x33,
    0xff,0xff,0xf7,0xd4,0x01,0x0f,0x02,0x00,0x31,0x08,0x92,0x03,0x06,0x50,0x00,0x08,
    0x16,0x00,0x06,0x02,0x00,0x02,0xa8,0x03,0x51,0x00,0x00,0x00,0x00,0x08,0xd4,0x01,
    0x0f,0x40,0x01,0x09,0x02,0x28,0x00,0x0f,0x02,0x00,0x07,0x0f,0x26,0x05,0x03,0x06,
    0x30,0x00,0x0f,0x82,0x00,0x03,0x0f,0x02,0x00,0x03,0x06,0x36,0x00,0x0e,0x8c,0x02,
    0x0e,0x02,0x00,0x04,0xd6,0x01,0x06,0xce,0x00,0x0f,0x02,0x00,0x2f,0x0e,0x66,0x00,
    0x0a,0x02,0x00,0x0f,0xd4,0x01,0x0d,0x15,0xdf,0xd4,0x01,0x04,0xf4,0x02,0x0f,0x02,
    0x00,0x29,0x04,0x06,0x01,0x15,0xdf,0xa8,0x03,0x08,0x16,0x00,0x06,0x02,0x00,0x19,
    0xdf,0x06,0x01,0x02,0xd4,0x01,0x02,0x16,0x00,0x0f,0x02,0x00,0x03,0x02,0x48,0x00,
    0x0f,0x02,0x00,0x07,0x0f,0x7c,0x05,0x01,0x04,0xa8,0x03,0x0f,0x82,0x00,0x03,0x0f,
    0x02,0x00,0x07,0x06,0x0a,0x01,0x0f,0xa8,0x03,0x19,0x0f,0xd4,0x01,0x79,0x0a,0xa8,
    0x03,0x44,0x08,0x42,0xe7,0x39,0x02,0x00,0x2f,0x08,0x42,0x02,0x00,0x0b,0x06,0x24,
    0x00,0x22,0x82,0x10,0x3a,0x01,0x0a,0xbe,0x01,0x06,0x3e,0x00,0x2f,0xef,0x7b,0xe4,
    0x26,0x01,0x42,0xeb,0x5a,0xe7,0x39,0x46,0x00,0x0f,0x06,0x27,0x0d,0x04,0x1e,0x06,
    0x62,0x00,0x00,0x00,0x00,0x86,0x31,0x34,0x00,0x42,0xe7,0x39,0x65,0x29,0x12,0x00,
    0x0f,0xa8,0x03,0x07,0x0f,0x82,0x00,0x01,0x26,0x79,0xce,0xce,0x01,0x2f,0x79,0xce,
    0x98,0x00,0x01,0x02,0x52,0x00,0x6f,0x00,0x00,0x00,0x00,0x0c,0x63,0x20,0x00,0x01,
    0x26,0x7d,0xef,0x42,0x00,0x06,0x02,0x00,0x06,0x50,0x07,0x26,0x04,0x21,0x42,0x01,
    0x04,0x0a,0x00,0x06,0x2c,0x01,0x02,0x02,0x00,0x02,0x12,0x00,0x08,0x16,0x00,0x22,
    0x04,0x21,0x74,0x00,0x0f,0xa8,0x03,0x31,0x0a,0xd4,0x01,0x04,0xa4,0x00,0x0f,0x08,
    0x05,0x09,0x0e,0x02,0x00,0x06,0xd0,0x00,0x04,0xa8,0x03,0x0a,0x02,0x00,0x22,0xef,
    0x7b,0xac,0x00,0x0a,0x02,0x00,0x06,0x30,0x05,0x08,0x48,0x01,0x0f,0x02,0x00,0x0d,
    0x24,0xf7,0xbd,0x9e,0x00,0x08,0x36,0x00,0x06,0x4c,0x00,0x0f,0x02,0x00,0x03,0x06,
    0x82,0x00,0x26,0xe7,0x39,0x22,0x00,0x06,0xb8,0x00,0x0f,0x02,0x00,0x19,0x04,0x82,
    0x00,0x0a,0x24,0x01,0x06,0x4c,0x00,0x08,0x04,0x01,0x0a,0x24,0x00,0x0f,0x02,0x00,
    0x09,0x06,0xa2,0x00,0x06,0x86,0x01,0x0f,0x02,0x00,0x05,0x0f,0x7c,0x05,0x0d,0x0a,
    0x1c,0x01,0x08,0x46,0x00,0x0f,0x90,0x00,0x17,0x0f,0xd0,0x00,0x03,0x06,0x02,0x00,
    0x08,0xb0,0x00,0x06,0x02,0x00,0x04,0x88,0x01,0x04,0xfe,0x05,0x0f,0xfc,0x05,0x11,
    0x15,0x20,0x52,0x01,0x0a,0xb8,0x00,0x04,0x4c,0x00,0x0f,0x02,0x00,0x05,0x06,0x82,
    0x00,0x0c,0xd4,0x01,0x0f,0x76,0x00,0x11,0x0a,0x02,0x00,0x04,0x82,0x00,0x0a,0x20,
    0x01,0x0f,0x04,0x01,0x0d,0x0f,0x02,0x00,0x0d,0x06,0xa2,0x00,0x0a,0x86,0x01,0x0f,
    0x02,0x00,0x01,0x0f,0xd4,0x01,0x1b,0x04,0x9a,0x0b,0x02,0x12,0x07,0x0f,0x50,0x00,
    0x01,0x0f,0x02,0x00,0x01,0x0f,0xd0,0x00,0x0d,0x08,0xb0,0x00,0x06,0x02,0x00,0x04,
    0x1c,0x01,0x0a,0x9e,0x01,0x0f,0x02,0x00,0x0d,0x06,0xbe,0x01,0x08,0xa8,0x03,0x0f,
    0xf8,0x0a,0x01,0x08,0x02,0x00,0x06,0x82,0x00,0x26,0xe7,0x39,0x54,0x10,0x0f,0x04,
    0x07,0x23,0x02,0x82,0x00,0x04,0x1c,0x09,0x04,0x02,0x00,0x0f,0x04,0x01,0x05,0x0f,
    0x46,0x01,0x05,0x04,0x18,0x00,0x04,0x08,0x00,0x06,0xa2,0x00,0x0f,0xd4,0x01,0x41,
    0x04,0xa6,0x00,0x06,0x0a,0x00,0x0f,0x02,0x00,0x0d,0x0f,0xd0,0x00,0x05,0x04,0x02,
    0x00,0x04,0xb0,0x00,0x0a,0x14,0x03,0x0f,0xd4,0x01,0x27,0x02,0x96,0x01,0x26,0xf7,
    0xbd,0x52,0x00,0x0f,0xd4,0x01,0x11,0x11,0x20,0x0e,0x0f,0x02,0x0c,0x0f,0x02,0x9a,
    0x00,0x06,0xb8,0x00,0x0f,0x02,0x00,0x19,0x0f,0xd4,0x01,0x1f,0x04,0x70,0x00,0x0c,
    0x02,0x00,0x08,0x18,0x00,0x04,0x24,0x01,0x0f,0xd4,0x01,0x3f,0x0f,0xa2,0x03,0x1d,
    0x02,0x02,0x00,0x06,0x1c,0x01,0x08,0x4c,0x06,0x06,0x02,0x00,0x22,0x10,0x84,0xac,
    0x00,0x02,0x58,0x01,0x04,0x02,0x00,0x02,0x1c,0x01,0x0f,0xa8,0x03,0x21,0x06,0xd4,
    0x01,0x04,0x02,0x00,0x06,0x4c,0x00,0x0f,0x02,0x00,0x03,0x06,0x82,0x00,0x08,0x7c,
    0x05,0x0f,0xa8,0x03,0x29,0x02,0x86,0x00,0x06,0x02,0x00,0x0f,0x04,0x01,0x01,0x0c,
    0xcc,0x03,0x0f,0x02,0x00,0x09,0x0f,0xd4,0x01,0x47,0x04,0x3a,0x02,0x64,0xdf,0xff,
    0xf3,0x9c,0x08,0x42,0x98,0x0a,0x0f,0x02,0x00,0x01,0x26,0x6d,0x6b,0xa2,0x00,0x0f,
    0xd0,0x00,0x01,0x08,0x02,0x00,0x24,0xfb,0xde,0x40,0x0a,0x24,0x71,0x8c,0x86,0x01,
    0x42,0x00,0x00,0x86,0x31,0xf8,0x09,0x28,0xe7,0x39,0x60,0x0a,0x06,0x20,0x00,0x0f,
    0x0e,0x0b,0x03,0x02,0x2e,0x0b,0x2a,0x08,0x42,0xf8,0x0a,0x02,0x4c,0x00,0x0f,0x02,
    0x00,0x07,0x06,0x56,0x0a,0x22,0x82,0x10,0xae,0x0b,0x46,0xe7,0x39,0xe7,0x39,0xb0,
    0x0b,0x24,0x65,0x29,0xa2,0x00,0x0f,0x02,0x00,0x0f,0x1f,0x5d,0xf8,0x0a,0x0c,0x04,
    0xd8,0x02,0x02,0xb0,0x0d,0x02,0x6a,0x00,0x04,0x08,0x00,0x06,0x02,0x00,0x02,0x18,
    0x00,0x22,0x79,0xce,0x28,0x00,0x0f,0xd4,0x01,0x49,0x04,0x8a,0x01,0x42,0xdf,0xff,
    0xef,0x7b,0x04,0x12,0x06,0x64,0x01,0x0a,0x02,0x00,0x04,0x54,0x0e,0x0f,0xd4,0x01,
    0x11,0x04,0xd6,0x02,0x06,0xb4,0x12,0x0a,0x02,0x00,0x04,0x4c,0x00,0x02,0x52,0x14,
    0x04,0x02,0x00,0x0f,0x1e,0x0e,0x03,0x04,0x40,0x02,0x0c,0x9a,0x00,0x0c,0x10,0x00,
    0x0f,0x02,0x00,0x09,0x08,0x2c,0x00,0x02,0x0c,0x00,0x22,0x08,0x42,0xfc,0x03,0x02,
    0xac,0x00,0x0f,0x02,0x00,0x05,0x02,0x6e,0x08,0x04,0x26,0x00,0x04,0x08,0x00,0x02,
    0x02,0x00,0x04,0x98,0x00,0x04,0xd4,0x01,0x02,0x2c,0x00,0x02,0x5e,0x00,0x0f,0x02,
    0x00,0x07,0x06,0x58,0x0f,0x0f,0xa8,0x03,0x47,0x02,0xa0,0x00,0x0a,0xae,0x04,0x0f,
    0x02,0x00,0x03,0x04,0x88,0x01,0x0f,0xd4,0x01,0x15,0x02,0xd8,0x01,0x08,0x88,0x03,
    0x06,0x02,0x00,0x08,0x4c,0x00,0x06,0x16,0x00,0x0f,0xfc,0x11,0x03,0x06,0x3c,0x01,
    0x0f,0x02,0x00,0x39,0x08,0x82,0x00,0x0f,0x02,0x00,0x23,0x06,0x98,0x00,0x04,0xa8,
    0x03,0x0f,0xa8,0x16,0x0d,0x0a,0x58,0x0f,0x0f,0xd4,0x01,0x71,0x08,0x98,0x06,0x0f,
    0xd0,0x00,0x03,0x08,0x02,0x00,0x02,0xd4,0x02,0x0f,0x30,0x18,0x05,0x08,0x52,0x01,
    0x02,0xec,0x00,0x02,0xf0,0x02,0x02,0x36,0x00,0x0a,0x02,0x00,0x06,0x6c,0x00,0x0f,
    0x02,0x00,0x39,0x08,0x82,0x00,0x0f,0x02,0x00,0x23,0x06,0x98,0x00,0x0f,0xd4,0x01,
    0xd5,0x02,0x8c,0x04,0x0a,0x80,0x0c,0x06,0x02,0x00,0x08,0x52,0x01,0x06,0x16,0x00,
    0x08,0x1c,0x01,0x06,0x02,0x00,0x06,0x3c,0x01,0x0f,0x02,0x00,0x0d,0x0f,0xf8,0x04,
    0x0d,0x08,0x02,0x00,0x08,0x82,0x00,0x0f,0x02,0x00,0x23,0x06,0x98,0x00,0x08,0xb8,
    0x00,0x08,0x64,0x00,0x0f,0x02,0x00,0x01,0x06,0xdc,0x09,0x0f,0xa8,0x03,0x9d,0x02,
    0x24,0x09,0x62,0xd7,0xbd,0xf7,0xbd,0xf3,0x9c,0x1c,0x13,0x28,0x08,0x42,0xa2,0x08,
    0x08,0x52,0x01,0x02,0x3c,0x08,0x6f,0xe7,0x39,0x08,0x42,0xf3,0x9c,0xa8,0x03,0x0b,
    0x26,0x61,0x08,0x72,0x08,0x06,0x02,0x00,0x06,0x0e,0x09,0x22,0x00,0x00,0x68,0x00,
    0x02,0x72,0x00,0x02,0x22,0x00,0x4f,0x08,0x42,0x86,0x31,0x5c,0x01,0x01,0x08,0x82,
    0x00,0x0f,0x26,0x09,0x0f,0x04,0x02,0x00,0x08,0x68,0x14,0x0f,0xd4,0x01,0xdd,0x02,
    0x84,0x02,0x13,0x20,0xb2,0x05,0x04,0xaa,0x01,0x06,0x4a,0x0c,0x08,0x52,0x01,0x04,
    0x02,0x00,0x02,0x64,0x08,0x04,0x0e,0x00,0x06,0x02,0x00,0x06,0x3c,0x01,0x08,0xfe,
    0x05,0x02,0x0a,0x04,0x0e,0x40,0x0a,0x02,0x14,0x00,0x08,0x02,0x00,0x0f,0xd2,0x07,
    0x19,0x0f,0x02,0x00,0x0d,0x08,0x82,0x00,0x06,0x98,0x00,0x0f,0xa8,0x03,0xd3,0x02,
    0xd4,0x01,0x11,0x00,0xd4,0x01,0x04,0x66,0x01,0x08,0xc6,0x11,0x08,0x1c,0x01,0x08,
    0x02,0x00,0x04,0x2c,0x00,0x08,0x02,0x00,0x06,0x3c,0x01,0x0c,0x36,0x00,0x02,0x2e,
    0x00,0x06,0x6c,0x00,0x08,0xf2,0x09,0x04,0x1e,0x00,0x0f,0xd4,0x01,0xff,0x44,0x06,
    0x60,0x01,0x06,0xa8,0x03,0x02,0x16,0x00,0x02,0x02,0x00,0x02,0x9a,0x01,0x0f,0x02,
    0x00,0x07,0x0f,0xd4,0x01,0x07,0x02,0x02,0x00,0x08,0xd4,0x01,0x0f,0xa0,0x0c,0x01,
    0x0f,0xa8,0x03,0xe9,0x08,0x1c,0x01,0x0f,0x02,0x00,0x01,0x08,0x88,0x01,0x06,0x68,
    0x01,0x04,0x78,0x04,0x02,0x4e,0x01,0x02,0x02,0x00,0x42,0xff,0xff,0xef,0x7b,0xb0,
    0x08,0x02,0x9a,0x13,0x02,0x7c,0x01,0x0f,0xd4,0x01,0x05,0x0a,0x02,0x00,0x06,0x2e,
    0x00,0x04,0x18,0x0e,0x0f,0x0a,0x02,0x03,0x06,0x02,0x00,0x08,0xb8,0x00,0x06,0x16,
    0x00,0x04,0x4a,0x00,0x0f,0x4e,0x0d,0x1b,0x0c,0xfa,0x12,0x02,0x40,0x06,0x06,0x02,
    0x00,0x08,0x34,0x06,0x0e,0x04,0x01,0x0f,0xcc,0x0c,0x7f,0x08,0x1c,0x01,0x0f,0x02,
    0x00,0x01,0x0f,0xd4,0x01,0x0d,0x02,0x02,0x00,0x02,0xda,0x00,0x06,0x4c,0x00,0x08,
    0x36,0x00,0x24,0x08,0x42,0x24,0x01,0x08,0x16,0x00,0x0f,0x02,0x00,0x0b,0x08,0xb2,
    0x05,0x08,0x52,0x01,0x06,0x02,0x00,0x06,0x6c,0x00,0x0a,0xd4,0x01,0x04,0x16,0x02,
    0x0f,0xa8,0x03,0x05,0x04,0xac,0x00,0x0f,0xac,0x0a,0x0f,0x06,0x02,0x00,0x08,0x82,
    0x00,0x0f,0xd4,0x01,0xcf,0x06,0x0e,0x24,0x08,0x3e,0x10,0x0f,0x26,0x03,0x05,0x08,
    0xd4,0x01,0x02,0x32,0x00,0x0f,0x02,0x00,0x0b,0x02,0x3c,0x26,0x08,0x52,0x01,0x06,
    0x02,0x00,0x0f,0xd4,0x01,0x03,0x06,0x16,0x00,0x08,0x6c,0x00,0x08,0x02,0x00,0x06,
    0x84,0x02,0x06,0x7c,0x00,0x04,0x76,0x04,0x0a,0x02,0x00,0x06,0xbe,0x01,0x08,0x82,
    0x00,0x06,0x16,0x00,0x08,0x36,0x00,0x06,0x4c,0x00,0x0f,0x02,0x00,0x03,0x0f,0xcc,
    0x0c,0x5b,0x06,0x06,0x01,0x0f,0x02,0x00,0x03,0x08,0x1c,0x01,0x0e,0xd0,0x00,0x02,
    0xe6,0x13,0x02,0x72,0x05,0x02,0xe6,0x13,0x4f,0xdf,0xff,0xbe,0xf7,0x26,0x03,0x05,
    0x08,0x4c,0x00,0x0f,0x6e,0x00,0x03,0x02,0x02,0x00,0x04,0x50,0x00,0x02,0x06,0x05,
    0x08,0x52,0x01,0x06,0x02,0x00,0x08,0xb8,0x00,0x08,0x16,0x00,0x6a,0x20,0x00,0x00,
    0x00,0x41,0x08,0x88,0x01,0x04,0x02,0x00,0x06,0xa4,0x03,0x02,0xb8,0x00,0x02,0x2a,
    0x00,0x04,0xb8,0x00,0x04,0x26,0x00,0x02,0xaa,0x02,0x4f,0xff,0xff,0xe7,0x39,0x4c,
    0x00,0x01,0x0e,0x04,0x01,0x0f,0xf4,0x03,0x11,0x0f,0xd4,0x01,0x99,0x06,0xa8,0x03,
    0x0a,0x38,0x28,0x08,0x86,0x22,0x06,0x02,0x00,0x0f,0xd4,0x01,0x15,0x0a,0x02,0x00,
    0x0f,0xd4,0x01,0x19,0x06,0x98,0x19,0x08,0x66,0x05,0x06,0x02,0x00,0x08,0x00,0x08,
    0x06,0x3c,0x02,0x1f,0xcf,0x86,0x48,0x00,0x06,0xf0,0x28,0x0a,0x56,0x02,0x0f,0xd4,
    0x01,0xd1,0x08,0x72,0x03,0x02,0x8e,0x04,0x0e,0x48,0x12,0x13,0x20,0xa5,0x01,0x0f,
    0xd4,0x01,0x4f,0x06,0xbe,0x03,0x0f,0x0a,0x02,0x03,0x04,0x02,0x00,0x0f,0x9a,0x26,
    0x11,0x02,0xbe,0x01,0x15,0x20,0xf0,0x28,0x02,0x02,0x00,0x02,0x16,0x00,0x02,0xde,
    0x03,0x02,0x12,0x00,0x0a,0x04,0x01,0x0f,0x02,0x00,0x03,0x0f,0xa8,0x03,0x9b,0x0f,
    0xd4,0x01,0x11,0x04,0x02,0x00,0x0f,0xd4,0x01,0x23,0x08,0x36,0x00,0x06,0x02,0x00,
    0x06,0xbe,0x01,0x0a,0x7c,0x05,0x04,0x6c,0x00,0x0f,0xa8,0x03,0x03,0x08,0x02,0x00,
    0x04,0x2a,0x00,0x04,0x8c,0x02,0x0c,0x02,0x00,0x06,0xbe,0x01,0x08,0x82,0x00,0x06,
    0x16,0x00,0x0f,0xd4,0x01,0x87,0x2f,0xf7,0xbd,0x22,0x30,0x0b,0x04,0x10,0x31,0x0f,
    0x98,0x19,0x07,0x0f,0x1c,0x01,0x01,0x11,0xfb,0xc8,0x31,0x02,0x2a,0x31,0x06,0xc6,
    0x13,0x22,0xe3,0x18,0x12,0x00,0x26,0xef,0x7b,0x7c,0x01,0x42,0x00,0x00,0xe7,0x39,
    0x12,0x00,0x0a,0x16,0x00,0x26,0x0c,0x63,0x2c,0x00,0x04,0x4c,0x00,0x04,0x04,0x00,
    0x0f,0x02,0x00,0x1d,0x17,0xfb,0x92,0x31,0x06,0x38,0x07,0x06,0xb8,0x00,0x24,0x08,
    0x42,0x6c,0x00,0x08,0x62,0x00,0x06,0xb8,0x00,0x0f,0xd4,0x01,0x0f,0x0f,0x92,0x00,
    0x0d,0x06,0x82,0x00,0x08,0xfa,0x00,0x02,0x56,0x01,0x0f,0x02,0x00,0x07,0x0f,0x90,
    0x24,0x1b,0x0f,0x48,0x00,0x07,0x0f,0x02,0x00,0x09,0x06,0x34,0x0e,0x0f,0xa4,0x02,
    0x03,0x08,0x16,0x00,0x06,0x02,0x00,0x06,0x36,0x00,0x0f,0x02,0x00,0x03,0x04,0x98,
    0x19,0x04,0xb8,0x08,0x02,0x02,0x00,0x0f,0xf2,0x22,0x0d,0x08,0x6c,0x00,0x02,0x32,
    0x00,0x0a,0x72,0x03,0x08,0xcc,0x0c,0x06,0xfa,0x04,0x08,0x02,0x00,0x02,0x32,0x00,
    0x0f,0x02,0x00,0x11,0x0f,0xd4,0x01,0x0f,0x0f,0x02,0x00,0x17,0x0f,0xd4,0x01,0x73,
    0x02,0x06,0x10,0x02,0x0a,0x0a,0x04,0x02,0x01,0x0f,0x52,0x01,0x05,0x06,0x06,0x03,
    0x04,0x02,0x00,0x08,0x6a,0x0e,0x0f,0x02,0x00,0x03,0x06,0xa8,0x31,0x08,0x68,0x01,
    0x0e,0xd4,0x01,0x04,0x96,0x07,0x02,0x02,0x00,0x0f,0x82,0x00,0x05,0x04,0x78,0x00,
    0x0f,0xd4,0x01,0x05,0x02,0xce,0x00,0x0a,0x6c,0x00,0x0f,0x02,0x00,0x0d,0x08,0x9c,
    0x07,0x0f,0x04,0x01,0x03,0x0f,0x02,0x00,0x17,0x0f,0xd4,0x01,0x79,0x0a,0x12,0x12,
    0x06,0x3c,0x01,0x08,0x88,0x01,0x22,0xef,0x7b,0x32,0x01,0x02,0x5e,0x0a,0x02,0x34,
    0x00,0x08,0xd4,0x01,0x0a,0x96,0x01,0x04,0x02,0x00,0x08,0x0a,0x02,0x04,0x14,0x00,
    0x08,0x4e,0x26,0x08,0x9e,0x01,0x06,0x02,0x00,0x0f,0x82,0x00,0x05,0x02,0x76,0x00,
    0x0a,0x36,0x00,0x0f,0xa8,0x03,0x2d,0x0e,0xd4,0x01,0x13,0x20,0x76,0x30,0x04,0xe6,
    0x00,0x0f,0x02,0x00,0x17,0x13,0xcf,0x04,0x2d,0x1f,0x20,0xb4,0x2d,0x46,0x0f,0x02,
    0x00,0x15,0x02,0xaa,0x0f,0x02,0xb2,0x0d,0x0a,0xe4,0x04,0x08,0x88,0x01,0x08,0x9e,
    0x01,0x06,0xf0,0x00,0x04,0xda,0x02,0x06,0xd2,0x01,0x02,0x0a,0x00,0x13,0x20,0x54,
    0x10,0x06,0xe8,0x20,0x08,0x26,0x31,0x31,0xf7,0xbd,0xff,0xea,0x0e,0x02,0xc0,0x10,
    0x02,0x2c,0x00,0x02,0x38,0x00,0x02,0x02,0x00,0x06,0xbe,0x01,0x0a,0x82,0x00,0x04,
    0xd2,0x00,0x08,0x0a,0x02,0x08,0xd4,0x01,0x02,0xca,0x00,0x04,0x36,0x00,0x02,0x64,
    0x28,0x02,0x52,0x00,0x02,0x08,0x00,0x08,0x06,0x00,0x02,0x02,0x00,0x0f,0xcc,0x0c,
    0x0b,0x02,0x4c,0x00,0x0f,0x02,0x00,0x15,0x04,0x2c,0x24,0x2a,0x41,0x08,0xdc,0x09,
    0x0f,0x02,0x00,0x03,0x0f,0x50,0x07,0x4f,0x08,0x72,0x03,0x06,0x3c,0x01,0x0c,0x52,
    0x01,0x06,0x34,0x01,0x02,0x0c,0x00,0x02,0xd4,0x01,0x02,0x2a,0x01,0x02,0x44,0x10,
    0x06,0x0c,0x00,0x02,0x02,0x00,0x02,0x7c,0x05,0x02,0xe2,0x03,0x02,0x12,0x00,0x0a,
    0xee,0x21,0x24,0x18,0xc6,0x32,0x00,0x08,0x3c,0x00,0x0f,0x82,0x00,0x07,0x02,0x02,
    0x00,0x0f,0xd4,0x01,0x03,0x02,0x66,0x00,0x02,0x9c,0x00,0x04,0x56,0x00,0x08,0x9e,
    0x00,0x0c,0x02,0x00,0x02,0x72,0x00,0x0e,0xa8,0x03,0x08,0x36,0x13,0x0f,0x02,0x00,
    0x1b,0x0f,0x7c,0x05,0x47,0x0f,0x02,0x00,0x2d,0x0f,0x52,0x01,0x1d,0x02,0x4c,0x01,
    0x08,0x68,0x01,0x02,0x58,0x01,0x13,0xdf,0x12,0x25,0x04,0x60,0x01,0x02,0x2a,0x00,
    0x04,0x0a,0x02,0x02,0x02,0x00,0x08,0xb8,0x1b,0x04,0xf4,0x03,0x0f,0x82,0x00,0x1f,
    0x02,0x5a,0x00,0x06,0x84,0x3b,0x24,0x20,0x00,0x62,0x03,0x02,0x3c,0x03,0x04,0x02,
    0x00,0x04,0xa2,0x01,0x08,0xc2,0x02,0x0f,0xd4,0x01,0x03,0x0f,0x02,0x00,0x2f,0x04,
    0x6c,0x00,0x0f,0x02,0x00,0x05,0x0f,0xa8,0x03,0x1b,0x0f,0x02,0x00,0x21,0x04,0x78,
    0x01,0x0f,0x52,0x01,0x1f,0x04,0x60,0x07,0x0a,0xd4,0x01,0x04,0x54,0x01,0x06,0xfc,
    0x11,0x02,0x36,0x1b,0x02,0x02,0x00,0x04,0x2e,0x0b,0x02,0xfa,0x04,0x02,0xe8,0x01,
    0x08,0x68,0x01,0x0f,0x56,0x02,0x1d,0x02,0x70,0x00,0x02,0xe0,0x12,0x02,0xca,0x00,
    0x04,0x14,0x00,0x02,0xd4,0x01,0x02,0x86,0x05,0x22,0x20,0x00,0x32,0x04,0x02,0xe0,
    0x29,0x02,0xec,0x00,0x0f,0xf8,0x0a,0x05,0x0f,0x02,0x00,0x1f,0x02,0x78,0x00,0x06,
    0x02,0x00,0x02,0xea,0x00,0x0f,0x02,0x00,0x07,0x0f,0xd4,0x01,0x0d,0x02,0x98,0x06,
    0x0f,0x02,0x00,0x35,0x04,0x52,0x01,0x0a,0x80,0x0c,0x04,0x16,0x00,0x0a,0xbe,0x01,
    0x04,0xce,0x06,0x0a,0x82,0x00,0x02,0x3c,0x00,0x0c,0xba,0x28,0x02,0x12,0x00,0x19,
    0xdf,0xbe,0x01,0x08,0x4a,0x0c,0x06,0x68,0x01,0x06,0x6c,0x00,0x08,0xb2,0x05,0x04,
    0x16,0x00,0x0a,0x6c,0x00,0x04,0x82,0x00,0x0a,0x98,0x00,0x0f,0x82,0x00,0x03,0x04,
    0x6a,0x02,0x02,0x34,0x06,0x02,0x02,0x00,0x0f,0x82,0x00,0x03,0x0f,0x02,0x00,0x2f,
    0x02,0xee,0x00,0x0f,0x02,0x00,0x07,0x0f,0xd4,0x01,0x77,0x0c,0x1c,0x14,0x04,0x52,
    0x01,0x0a,0x68,0x01,0x02,0xba,0x01,0x0c,0xd4,0x01,0x02,0x12,0x00,0x0a,0x5e,0x3e,
    0x0f,0x52,0x01,0x03,0x06,0xbe,0x01,0x0f,0xd4,0x01,0x01,0x0a,0xbe,0x01,0x04,0x82,
    0x00,0x0a,0x16,0x00,0x06,0x4c,0x01,0x08,0x2a,0x04,0x06,0x16,0x00,0x06,0xe8,0x05,
    0x0f,0x82,0x00,0x03,0x0f,0x02,0x00,0x2f,0x06,0x6c,0x00,0x0f,0x02,0x00,0x03,0x0f,
    0xd4,0x01,0xa3,0x02,0x4a,0x1f,0x06,0x1e,0x01,0x06,0xdc,0x00,0x06,0x52,0x01,0x08,
    0xce,0x06,0x0c,0xa8,0x03,0x02,0x42,0x00,0x06,0x40,0x00,0x04,0x70,0x09,0x0a,0xbe,
    0x01,0x04,0xd4,0x01,0x0c,0x56,0x02,0x04,0x40,0x00,0x0f,0x82,0x00,0x0d,0x08,0xd4,
    0x01,0x06,0x98,0x00,0x0f,0x02,0x00,0x2f,0x06,0xee,0x00,0x0f,0x02,0x00,0x03,0x0f,
    0xd4,0x01,0x0d,0x44,0xff,0xff,0x7d,0xef,0x08,0x27,0x0f,0x02,0x00,0x2f,0x06,0xec,
    0x12,0x22,0xff,0xff,0x2a,0x28,0x64,0xf7,0xbd,0xf7,0xbd,0xef,0x7b,0xc2,0x27,0x08,
    0xb6,0x27,0x04,0x52,0x01,0x0a,0x82,0x00,0x02,0xe8,0x27,0x62,0x28,0x42,0x08,0x42,
    0x10,0x84,0x3e,0x00,0x06,0x16,0x00,0x04,0xc0,0x3c,0x02,0x80,0x06,0x08,0x52,0x01,
    0x06,0xd4,0x01,0x04,0xd2,0x3b,0x22,0x08,0x42,0x14,0x00,0x02,0x2c,0x00,0x24,0xe3,
    0x18,0x56,0x00,0x08,0xb2,0x31,0x22,0xeb,0x5a,0x54,0x00,0x02,0x16,0x00,0x13,0xd7,
    0xde,0x63,0x02,0x3c,0x00,0x64,0x08,0x42,0x08,0x42,0xef,0x7b,0x14,0x00,0x22,0xf7,
    0xbd,0x26,0x02,0x0f,0x7c,0x05,0x01,0x02,0x16,0x08,0x0f,0xa0,0x3c,0x03,0x0f,0x02,
    0x00,0x23,0x02,0x68,0x00,0x0f,0x02,0x00,0x07,0x0f,0xd4,0x01,0x0d,0x02,0xfc,0x07,
    0x0f,0x40,0x00,0x07,0x0f,0x02,0x00,0x15,0x04,0xf4,0x00,0x02,0x4c,0x00,0x02,0x0e,
    0x00,0x02,0x0c,0x00,0x0a,0xf0,0x02,0x06,0x02,0x00,0x04,0xbc,0x00,0x0a,0x82,0x00,
    0x06,0x20,0x00,0x04,0x46,0x05,0x0a,0xa0,0x0e,0x06,0x64,0x0c,0x08,0xd4,0x01,0x0f,
    0x26,0x03,0x17,0x06,0xde,0x03,0x0e,0x9c,0x07,0x02,0xb0,0x00,0x02,0x64,0x00,0x04,
    0xf2,0x09,0x02,0xca,0x00,0x04,0x1c,0x00,0x0f,0xd4,0x01,0x01,0x0a,0x1e,0x00,0x0f,
    0x02,0x00,0x51,0x0f,0xd4,0x01,0x0d,0x0f,0x02,0x00,0x51,0x08,0xc4,0x04,0x06,0x02,
    0x00,0x04,0xd4,0x01,0x0a,0x02,0x00,0x04,0x5a,0x03,0x06,0xae,0x45,0x06,0x1a,0x07,
    0x02,0x16,0x0e,0x04,0x02,0x00,0x0f,0xd4,0x01,0x23,0x04,0x02,0x0d,0x02,0x18,0x0d,
    0x02,0xc6,0x03,0x0a,0xfa,0x45,0x04,0x60,0x00,0x06,0x2c,0x11,0x0a,0xd8,0x01,0x06,
    0x40,0x02,0x08,0xf8,0x38,0x02,0x0a,0x11,0x0f,0x02,0x00,0x53,0x0f,0xd4,0x01,0x0d,
    0x02,0x9c,0x02,0x02,0x02,0x00,0x08,0x0c,0x00,0x0f,0x02,0x00,0x1f,0x08,0x3e,0x00,
    0x02,0x90,0x04,0x04,0x44,0x00,0x0f,0xd4,0x01,0x0b,0x06,0x28,0x00,0x0a,0x92,0x03,
    0x0f,0xa8,0x03,0x07,0x02,0x02,0x00,0x06,0x72,0x03,0x08,0x68,0x01,0x0f,0x02,0x00,
    0x0d,0x06,0x0a,0x02,0x0e,0xa8,0x03,0x02,0x02,0x00,0x06,0x42,0x00,0x02,0x82,0x00,
    0x02,0xa0,0x00,0x02,0x06,0x00,0x0a,0x6c,0x00,0x06,0x4c,0x00,0x0f,0x02,0x00,0x5b,
    0x0f,0xd4,0x01,0x0d,0x0f,0x02,0x00,0x3f,0x04,0x4c,0x05,0x04,0x06,0x01,0x02,0xe8,
    0x0d,0x0e,0x02,0x00,0x04,0xa8,0x03,0x02,0x30,0x00,0x04,0x0c,0x03,0x06,0x28,0x00,
    0x02,0x52,0x01,0x02,0x48,0x00,0x06,0x16,0x00,0x06,0x02,0x00,0x0f,0xd4,0x01,0x23,
    0x26,0x08,0x42,0x6c,0x00,0x02,0x72,0x07,0x0c,0x6a,0x0e,0x04,0x2a,0x04,0x0a,0x82,
    0x00,0x04,0xce,0x00,0x08,0x40,0x02,0x0f,0xd4,0x01,0x37,0x02,0x94,0x00,0x04,0x04,
    0x01,0x0f,0x02,0x00,0x0d,0x0f,0xd4,0x01,0x1b,0x0f,0xd4,0x07,0x23,0x0f,0x02,0x00,
    0x03,0x06,0x06,0x01,0x0f,0xa8,0x03,0x0d,0x17,0x5d,0xa6,0x09,0x02,0x64,0x01,0x06,
    0x52,0x01,0x02,0x46,0x00,0x02,0x6e,0x31,0x02,0x20,0x31,0x04,0x02,0x00,0x0f,0x02,
    0x3b,0x03,0x02,0x24,0x09,0x0c,0x2c,0x00,0x06,0xf4,0x1c,0x26,0x86,0x31,0xf8,0x08,
    0x06,0xb2,0x09,0x08,0x9e,0x01,0x02,0x6c,0x00,0x48,0x08,0x42,0xe7,0x39,0x30,0x46,
    0x02,0x88,0x00,0x0f,0xd4,0x01,0x0d,0x15,0xdf,0x4a,0x32,0x0c,0x02,0x00,0x0f,0xae,
    0x45,0x03,0x04,0x02,0x00,0x35,0xdf,0xff,0xdb,0xa4,0x3b,0x04,0xec,0x02,0x0f,0x02,
    0x00,0x07,0x0f,0xd4,0x01,0x1b,0x02,0x4e,0x01,0x0f,0x02,0x00,0x33,0x02,0x94,0x00,
    0x0c,0x96,0x0c,0x06,0x02,0x00,0x06,0xbc,0x00,0x08,0xca,0x01,0x06,0x02,0x00,0x04,
    0xa8,0x03,0x0f,0x02,0x00,0x11,0x06,0xe4,0x06,0x0f,0x36,0x00,0x03,0x0f,0x56,0x02,
    0x03,0x06,0x02,0x00,0x08,0xd4,0x01,0x02,0xb4,0x00,0x0c,0xb8,0x00,0x06,0x86,0x00,
    0x06,0x6c,0x00,0x0a,0x36,0x00,0x04,0x02,0x00,0x0f,0x6c,0x00,0x03,0x06,0xee,0x00,
    0x0f,0x02,0x00,0x03,0x08,0x36,0x00,0x0f,0x22,0x00,0x03,0x06,0x02,0x00,0x0f,0xd4,
    0x01,0x65,0x22,0x20,0x00,0x84,0x00,0x1f,0xdf,0x7c,0x05,0x10,0x04,0xd4,0x01,0x04,
    0xb2,0x08,0x02,0x02,0x00,0x08,0x9e,0x01,0x06,0x26,0x03,0x0f,0x02,0x00,0x03,0x06,
    0x68,0x01,0x02,0x8a,0x0e,0x0c,0x26,0x00,0x08,0x3e,0x10,0x0f,0x02,0x00,0x01,0x0a,
    0x9e,0x01,0x02,0x0e,0x08,0x0a,0xb8,0x00,0x02,0x16,0x00,0x0f,0xa8,0x03,0x0f,0x0a,
    0x36,0x00,0x06,0x02,0x00,0x0f,0xd4,0x01,0x0b,0x06,0x36,0x00,0x0f,0x6c,0x1b,0x33,
    0x08,0x02,0x00,0x06,0x84,0x00,0x0f,0x02,0x00,0x2d,0x0f,0xd4,0x01,0x17,0x04,0x6e,
    0x15,0x02,0xd0,0x00,0x06,0x02,0x00,0x04,0xd4,0x01,0x04,0xa2,0x01,0x04,0x08,0x00,
    0x0f,0x02,0x00,0x01,0x0a,0xd4,0x01,0x0e,0x02,0x00,0x08,0xd4,0x01,0x0a,0x3a,0x02,
    0x02,0x02,0x00,0x0a,0xd4,0x01,0x02,0x02,0x00,0x06,0x68,0x01,0x02,0x00,0x1b,0x04,
    0xee,0x06,0x06,0x6c,0x00,0x0e,0x36,0x00,0x0f,0xd4,0x01,0x25,0x06,0xa8,0x03,0x0f,
    0xd4,0x01,0x89,0x02,0x42,0x04,0x02,0xf8,0x07,0x08,0x58,0x04,0x06,0x02,0x00,0x04,
    0xba,0x02,0x0f,0xa8,0x03,0x11,0x0f,0xd2,0x01,0x0b,0x08,0x68,0x01,0x04,0x0a,0x02,
    0x0a,0x02,0x00,0x0f,0x82,0x00,0x03,0x06,0x02,0x00,0x0c,0x9e,0x01,0x0e,0xb8,0x00,
    0x06,0x50,0x00,0x0f,0xd4,0x01,0x09,0x08,0x9e,0x01,0x0a,0x02,0x00,0x04,0xee,0x00,
    0x0f,0x02,0x00,0x03,0x06,0x24,0x01,0x0f,0xd4,0x01,0x8b,0x06,0x58,0x03,0x0f,0x52,
    0x01,0x03,0x06,0xe6,0x00,0x04,0x7c,0x05,0x0a,0x02,0x00,0x06,0x9e,0x01,0x06,0x4a,
    0x00,0x0f,0x02,0x00,0x05,0x06,0x68,0x01,0x0a,0x80,0x1f,0x04,0x02,0x00,0x0f,0x82,
    0x00,0x03,0x06,0x02,0x00,0x0c,0xd4,0x01,0x02,0x74,0x00,0x08,0x36,0x00,0x04,0x4a,
    0x00,0x08,0x6c,0x00,0x0e,0x36,0x00,0x0f,0xd4,0x01,0x25,0x0f,0x6c,0x00,0x05,0x0f,
    0x02,0x00,0x03,0x0f,0x50,0x07,0x0f,0x22,0x79,0xce,0x0a,0x13,0x26,0x08,0x42,0x1a,
    0x01,0x0f,0x02,0x00,0x1b,0x2c,0x71,0x8c,0xe6,0x09,0x46,0xf7,0xbd,0xf7,0xbd,0xb8,
    0x45,0x06,0x40,0x0a,0x0a,0x78,0x45,0x04,0x9e,0x0a,0x08,0x3a,0x50,0x06,0x02,0x00,
    0x06,0xd4,0x01,0x06,0x6a,0x3c,0x02,0xaa,0x44,0x0e,0x02,0x00,0x06,0x9a,0x13,0x26,
    0xef,0x7b,0xb8,0x0a,0x06,0x28,0x00,0x02,0xd6,0x3c,0x0c,0x82,0x00,0x06,0x02,0x00,
    0x22,0x82,0x10,0x04,0x01,0x2f,0xe7,0x39,0x36,0x00,0x03,0x02,0xce,0x00,0x02,0x5a,
    0x00,0x24,0xf3,0x9c,0x48,0x14,0x08,0x54,0x3c,0x22,0x6d,0x6b,0x1e,0x00,0x08,0x64,
    0x0b,0x08,0x02,0x00,0x06,0xc2,0x02,0x0f,0x02,0x00,0x03,0x06,0xa2,0x00,0x0f,0x2a,
    0x00,0x0d,0x0f,0xd4,0x01,0x0f,0x0f,0xfa,0x04,0x05,0x02,0x06,0x04,0x08,0x08,0x00,
    0x0f,0x02,0x00,0x07,0x04,0x86,0x00,0x04,0x50,0x03,0x02,0xba,0x04,0x06,0x30,0x00,
    0x02,0x3c,0x03,0x0c,0x42,0x17,0x0f,0x02,0x00,0x0d,0x08,0xd4,0x01,0x06,0x2c,0x00,
    0x04,0x70,0x50,0x04,0x6c,0x00,0x0c,0x02,0x00,0x0c,0x5c,0x03,0x02,0x8c,0x00,0x02,
    0x26,0x00,0x5f,0xdf,0xff,0xff,0xff,0xd7,0x82,0x5a,0x0e,0x02,0x2c,0x00,0x0c,0x02,
    0x00,0x0f,0x82,0x00,0x0d,0x08,0x10,0x03,0x02,0xb2,0x07,0x02,0x06,0x00,0x04,0x02,
    0x00,0x04,0x24,0x01,0x02,0x04,0x04,0x04,0x92,0x00,0x0f,0x02,0x00,0x23,0x0f,0xa8,
    0x03,0x0f,0x04,0xfa,0x04,0x02,0x84,0x00,0x02,0x06,0x00,0x04,0x02,0x00,0x04,0x0e,
    0x00,0x04,0x08,0x00,0x0f,0x02,0x00,0x03,0x11,0xd7,0x68,0x01,0x02,0xa8,0x00,0x04,
    0x08,0x00,0x08,0x06,0x01,0x06,0x8c,0x0a,0x04,0x6c,0x00,0x02,0x02,0x00,0x0f,0x56,
    0x00,0x0b,0x06,0xd4,0x01,0x08,0x20,0x02,0x02,0x1c,0x01,0x02,0x6c,0x00,0x0f,0x02,
    0x00,0x01,0x06,0xd4,0x01,0x06,0xa6,0x09,0x08,0x28,0x00,0x0a,0x82,0x00,0x0f,0x02,
    0x00,0x01,0x08,0x2e,0x00,0x04,0x02,0x00,0x0e,0x82,0x00,0x0c,0x84,0x00,0x08,0xd4,
    0x01,0x04,0x02,0x00,0x08,0xe0,0x00,0x08,0x06,0x18,0x0a,0x92,0x00,0x0f,0x02,0x00,
    0x1f,0x0f,0xd4,0x01,0x0d,0x06,0xb4,0x48,0x08,0x82,0x00,0x0f,0x02,0x00,0x1b,0x0f,
    0x1a,0x4e,0x01,0x04,0x06,0x01,0x02,0x30,0x33,0x04,0xea,0x01,0x06,0x24,0x22,0x0f,
    0x02,0x00,0x0f,0x06,0xd4,0x01,0x08,0x20,0x02,0x02,0xd4,0x01,0x0f,0x18,0x01,0x05,
    0x06,0x6c,0x08,0x08,0xd4,0x01,0x08,0x44,0x01,0x02,0xd2,0x20,0x0f,0x02,0x00,0x09,
    0x0f,0x64,0x01,0x03,0x06,0x32,0x00,0x0f,0x82,0x00,0x03,0x0f,0xd4,0x01,0x0f,0x02,
    0xb4,0x00,0x02,0x28,0x0d,0x0f,0x64,0x00,0x03,0x0f,0x02,0x00,0x15,0x0f,0xd4,0x01,
    0x0f,0x0a,0x68,0x01,0x0e,0xda,0x01,0x0e,0x12,0x00,0x04,0x02,0x00,0x02,0xb6,0x27,
    0x11,0x00,0x8e,0x5e,0x02,0xac,0x00,0x02,0x06,0x00,0x02,0xba,0x00,0x06,0x3a,0x00,
    0x04,0xa8,0x03,0x02,0xe8,0x05,0x0f,0x50,0x00,0x07,0x0a,0x02,0x00,0x0f,0xd4,0x01,
    0x05,0x1f,0xdf,0x30,0x17,0x06,0x0e,0x28,0x10,0x06,0x7a,0x05,0x0f,0x5a,0x37,0x0b,
    0x08,0x02,0x00,0x0a,0x5a,0x01,0x02,0xce,0x00,0x04,0xa2,0x02,0x02,0xe6,0x26,0x02,
    0x14,0x00,0x0a,0x28,0x00,0x0e,0xd4,0x01,0x0a,0xe8,0x00,0x02,0x36,0x00,0x04,0x02,
    0x00,0x0c,0x3e,0x00,0x0f,0x02,0x00,0x1b,0x0f,0xd4,0x01,0x0d,0x0a,0xb8,0x62,0x02,
    0xb6,0x00,0x02,0xb4,0x44,0x02,0x18,0x30,0x28,0x10,0x84,0x16,0x00,0x0f,0x02,0x00,
    0x03,0x24,0xeb,0x5a,0xe6,0x30,0x04,0xc4,0x02,0x02,0x32,0x03,0x04,0x02,0x00,0x06,
    0xd0,0x00,0x08,0x24,0x63,0x06,0xb0,0x13,0x0f,0x02,0x00,0x03,0x06,0xd4,0x01,0x08,
    0x82,0x62,0x13,0xdb,0x10,0x31,0x13,0xdf,0xa8,0x31,0x0f,0x02,0x00,0x09,0x06,0x3a,
    0x01,0x0f,0x2a,0x32,0x0d,0x0f,0x02,0x00,0x07,0x04,0x5e,0x31,0x06,0xa4,0x00,0x02,
    0xee,0x00,0x0f,0x60,0x32,0x07,0x04,0x3a,0x01,0x0a,0x14,0x32,0x04,0x1a,0x01,0x44,
    0xdf,0xff,0xfb,0xde,0x54,0x00,0x0f,0x02,0x00,0x05,0x0f,0xe2,0x01,0x0d,0x0f,0xd4,
    0x01,0x0d,0x02,0xca,0x02,0x02,0x62,0x03,0x08,0x62,0x04,0x02,0x12,0x01,0x02,0x16,
    0x01,0x06,0xd0,0x00,0x0f,0x02,0x00,0x0d,0x04,0x90,0x00,0x02,0x52,0x00,0x02,0x3e,
    0x00,0x02,0xe2,0x01,0x08,0x08,0x00,0x02,0x1a,0x00,0x06,0x42,0x17,0x0f,0x02,0x00,
    0x03,0x02,0x4c,0x00,0x04,0x14,0x03,0x02,0x52,0x00,0x02,0x10,0x00,0x02,0x52,0x00,
    0x0f,0x1a,0x07,0x03,0x04,0x36,0x00,0x08,0x2c,0x00,0x08,0x66,0x07,0x04,0x6c,0x1b,
    0x0f,0x02,0x00,0x07,0x0f,0x8e,0x00,0x03,0x06,0x02,0x00,0x02,0x80,0x03,0x0f,0xd8,
    0x36,0x07,0x02,0x98,0x2c,0x02,0x80,0x00,0x06,0x36,0x00,0x04,0xd4,0x01,0x0f,0xd2,
    0x07,0x25,0x08,0x02,0x00,0x0f,0xd4,0x01,0x13,0x0e,0x84,0x00,0x02,0x9a,0x00,0x02,
    0x02,0x00,0x06,0x9a,0x00,0x0f,0x02,0x00,0x0d,0x02,0x52,0x01,0x0f,0x02,0x00,0x09,
    0x04,0xde,0x01,0x0f,0xae,0x04,0x01,0x0a,0x02,0x00,0x0f,0x4c,0x00,0x0d,0x0f,0xd4,
    0x01,0x0b,0x0a,0x84,0x00,0x06,0x68,0x03,0x06,0xac,0x0c,0x02,0x24,0x00,0x02,0x06,
    0x00,0x02,0x26,0x02,0x02,0x0e,0x00,0x0a,0x86,0x00,0x0f,0x02,0x00,0x09,0x0f,0x1a,
    0x1a,0x03,0x08,0xb8,0x00,0x06,0x3e,0x00,0x0f,0xd4,0x01,0x59,0x0a,0x02,0x00,0x06,
    0x84,0x00,0x04,0xd8,0x08,0x0a,0x4c,0x06,0x0f,0x02,0x00,0x0d,0x08,0xd0,0x00,0x0f,
    0x02,0x00,0x0d,0x0e,0x82,0x06,0x02,0x02,0x00,0x02,0x08,0x03,0x02,0x82,0x00,0x0a,
    0x44,0x00,0x02,0x7e,0x03,0x02,0x02,0x00,0x0f,0xa8,0x03,0x0b,0x0c,0x02,0x00,0x0c,
    0xd4,0x01,0x0a,0x5a,0x00,0x0a,0x0e,0x00,0x02,0x86,0x00,0x0f,0x02,0x00,0x11,0x06,
    0x20,0x02,0x08,0xce,0x00,0x02,0xe2,0x04,0x02,0xae,0x00,0x06,0x46,0x00,0x04,0x80,
    0x06,0x0c,0xc0,0x08,0x06,0xf0,0x00,0x06,0x02,0x00,0x0c,0xbe,0x00,0x0c,0x02,0x00,
    0x0f,0xa8,0x03,0x11,0x06,0x34,0x00,0x06,0x58,0x00,0x04,0xd8,0x08,0x0a,0x92,0x05,
    0x0f,0x02,0x00,0x0d,0x0f,0xd4,0x01,0x0d,0x04,0x42,0x05,0x08,0x06,0x01,0x04,0xc4,
    0x01,0x0c,0x02,0x00,0x0f,0x4c,0x00,0x03,0x04,0x4e,0x03,0x0f,0xa8,0x03,0x0b,0x0c,
    0x02,0x00,0x0c,0xd4,0x01,0x06,0x02,0x00,0x08,0xfe,0x00,0x02,0x02,0x00,0x08,0x88,
    0x00,0x0e,0x9c,0x00,0x08,0x12,0x00,0x0f,0xd4,0x01,0x05,0x02,0x48,0x00,0x0a,0x3a,
    0x01,0x04,0xf8,0x0a,0x0f,0xb8,0x00,0x05,0x08,0x02,0x00,0x02,0x3c,0x00,0x0f,0x02,
    0x00,0x07,0x0f,0xd4,0x01,0x0d,0x04,0x52,0x02,0x02,0x08,0x00,0x06,0xb2,0x00,0x04,
    0xa8,0x03,0x06,0x96,0x0c,0x04,0x02,0x00,0x06,0x24,0x00,0x06,0x0c,0x00,0x04,0x14,
    0x00,0x08,0xd0,0x00,0x06,0x02,0x00,0x02,0x5e,0x00,0x02,0xd2,0x01,0x06,0x16,0x00,
    0x08,0xa8,0x03,0x04,0x40,0x00,0x04,0x54,0x00,0x02,0x4c,0x34,0x08,0x2e,0x00,0x04,
    0x40,0x00,0x02,0xd4,0x01,0x0f,0xc0,0x10,0x07,0x0f,0x82,0x00,0x03,0x0f,0xd4,0x01,
    0x07,0x02,0x58,0x00,0x02,0x06,0x00,0x02,0x58,0x00,0x02,0x86,0x00,0x02,0x84,0x00,
    0x0f,0x02,0x00,0x03,0x04,0xae,0x00,0x0f,0x7c,0x05,0x1f,0x22,0x9e,0xf7,0x60,0x04,
    0x04,0x42,0x00,0x08,0x02,0x00,0x06,0x14,0x00,0x02,0x96,0x00,0x0f,0x02,0x00,0x07,
    0x0f,0xd4,0x01,0x0d,0x02,0x64,0x00,0x04,0x02,0x00,0x02,0xde,0x00,0x06,0x86,0x01,
    0x08,0x0a,0x00,0x02,0xa4,0x13,0x04,0x2a,0x00,0x08,0x02,0x00,0x06,0x58,0x04,0x06,
    0x3c,0x01,0x0f,0x02,0x00,0x03,0x08,0xa6,0x3d,0x04,0xd4,0x01,0x17,0x20,0x16,0x00,
    0x02,0xb2,0x01,0x86,0xff,0xff,0xbe,0xf7,0xdf,0xff,0x10,0x84,0xe6,0x00,0x02,0x02,
    0x00,0x0a,0xc6,0x6b,0x0f,0x50,0x07,0x09,0x0c,0x02,0x00,0x06,0x98,0x00,0x08,0x5c,
    0x03,0x06,0xce,0x00,0x08,0x3a,0x09,0x06,0x04,0x01,0x02,0xda,0x43,0x08,0x02,0x00,
    0x06,0x82,0x00,0x04,0xaa,0x00,0x04,0x02,0x00,0x04,0xce,0x00,0x0a,0x02,0x00,0x02,
    0xc6,0x2f,0x06,0x14,0x00,0x22,0x41,0x08,0x82,0x00,0x04,0x64,0x00,0x06,0x82,0x00,
    0x0e,0xc2,0x02,0x0f,0x02,0x00,0x07,0x0f,0xd4,0x01,0x0d,0x0a,0x1c,0x01,0x08,0x48,
    0x00,0x04,0x78,0x00,0x02,0x02,0x00,0x02,0xc4,0x02,0x0f,0xba,0x00,0x03,0x06,0x00,
    0x08,0x06,0x3c,0x01,0x0f,0x02,0x00,0x03,0x06,0xbe,0x01,0x08,0x4c,0x00,0x08,0x68,
    0x01,0x06,0x2c,0x01,0x0f,0x4c,0x00,0x03,0x06,0x6c,0x00,0x0f,0xd4,0x01,0x2d,0x08,
    0x90,0x24,0x08,0x72,0x03,0x02,0x02,0x00,0x0c,0xec,0x0e,0x06,0x02,0x00,0x06,0x82,
    0x00,0x08,0x02,0x00,0x0f,0x1a,0x01,0x03,0x08,0xd0,0x01,0x04,0x02,0x00,0x02,0xee,
    0x00,0x02,0x5e,0x01,0x06,0x36,0x00,0x0f,0x60,0x04,0x03,0x0f,0x02,0x00,0x03,0x0f,
    0xd4,0x01,0x0d,0x0a,0xa8,0x03,0x0f,0x44,0x00,0x03,0x06,0x02,0x00,0x06,0x58,0x02,
    0x08,0x02,0x00,0x02,0xa8,0x03,0x0f,0x06,0x01,0x07,0x06,0x02,0x00,0x08,0x6a,0x27,
    0x06,0xd0,0x00,0x02,0xe6,0x00,0x04,0x02,0x00,0x02,0xee,0x00,0x19,0xdf,0xf4,0x1c,
    0x04,0x02,0x00,0x04,0x8c,0x64,0x0f,0x7c,0x05,0x31,0x0c,0xd4,0x01,0x02,0x78,0x00,
    0x08,0x02,0x00,0x0e,0xa8,0x03,0x02,0x74,0x10,0x08,0x24,0x00,0x04,0x02,0x00,0x06,
    0xce,0x00,0x0f,0x02,0x00,0x0d,0x08,0x14,0x04,0x06,0x50,0x01,0x0f,0xd4,0x01,0x39,
    0x0a,0xf0,0x02,0x0e,0xd8,0x00,0x04,0x02,0x00,0x02,0x1a,0x00,0x06,0x84,0x00,0x08,
    0x02,0x00,0x06,0xe6,0x00,0x08,0x5c,0x03,0x0f,0xa4,0x02,0x01,0x08,0x10,0x03,0x06,
    0x4c,0x00,0x08,0x16,0x00,0x04,0xf0,0x05,0x02,0xbe,0x5d,0x0e,0x02,0x00,0x11,0xd7,
    0x42,0x71,0x0f,0xd4,0x01,0x27,0x08,0x64,0x26,0x06,0x88,0x01,0x02,0x40,0x04,0x02,
    0xe4,0x00,0x0f,0x82,0x00,0x0d,0x06,0xee,0x00,0x08,0x02,0x00,0x06,0x4c,0x00,0x0f,
    0x02,0x00,0x0d,0x08,0xc2,0x02,0x06,0x36,0x00,0x0f,0xd4,0x01,0x47,0x08,0xa6,0x00,
    0x0f,0x02,0x00,0x01,0x06,0x84,0x00,0x08,0x02,0x00,0x06,0xe6,0x00,0x0f,0xd4,0x01,
    0x0f,0x04,0x8a,0x08,0x0f,0xd4,0x01,0x05,0x04,0x7c,0x05,0x02,0xd4,0x01,0x0e,0x18,
    0x02,0x0f,0xd4,0x01,0x23,0x06,0xf4,0x03,0x08,0x82,0x00,0x06,0xce,0x00,0x06,0xd4,
    0x01,0x02,0x04,0x04,0x02,0x86,0x00,0x08,0xce,0x00,0x06,0x02,0x00,0x06,0xee,0x00,
    0x08,0x02,0x00,0x06,0x4c,0x00,0x0f,0x02,0x00,0x0d,0x0f,0xd4,0x01,0x03,0x08,0x10,
    0x10,0x0f,0x02,0x00,0x0d,0x0f,0x7c,0x05,0x0d,0x0a,0xa8,0x03,0x0f,0xae,0x12,0x05,
    0x0a,0x02,0x00,0x06,0xdc,0x12,0x06,0x0a,0x00,0x02,0x02,0x00,0x08,0xda,0x00,0x06,
    0x1e,0x00,0x06,0x92,0x03,0x22,0x04,0x21,0x28,0x00,0x0f,0x02,0x00,0x11,0x06,0x36,
    0x00,0x08,0x02,0x00,0x06,0x9a,0x13,0x26,0xeb,0x5a,0x18,0x00,0x02,0x16,0x00,0x0a,
    0x9e,0x14,0x08,0x02,0x00,0x04,0x1c,0x14,0x42,0x10,0x84,0xf3,0x9c,0xb6,0x01,0x0a,
    0xd2,0x07,0x0f,0x98,0x00,0x03,0x0f,0x82,0x00,0x03,0x0f,0xd4,0x01,0x0d,0x08,0x1c,
    0x14,0x06,0x02,0x00,0x24,0xe3,0x18,0xae,0x00,0x08,0xd4,0x01,0x22,0xf3,0x9c,0xb6,
    0x00,0x0a,0x02,0x00,0x02,0x9e,0x00,0x0f,0x02,0x00,0x07,0x0f,0xd4,0x01,0x1b,0x0f,
    0x02,0x00,0x0d,0x04,0x66,0x0d,0x02,0xc8,0x02,0x02,0x02,0x00,0x0f,0xa4,0x02,0x01,
    0x13,0x20,0x54,0x6a,0x02,0x98,0x00,0x04,0x18,0x54,0x0a,0x02,0x00,0x06,0x1c,0x01,
    0x04,0xfe,0x67,0x04,0x96,0x03,0x0c,0x2e,0x0a,0x0a,0x02,0x00,0x08,0x1e,0x00,0x0f,
    0x46,0x18,0x07,0x0e,0x02,0x00,0x04,0x50,0x0b,0x06,0x1a,0x00,0x08,0x82,0x02,0x08,
    0x56,0x00,0x0c,0x0e,0x00,0x0a,0x02,0x00,0x06,0xb8,0x00,0x08,0x02,0x00,0x06,0x4c,
    0x00,0x02,0x94,0x01,0x08,0x68,0x00,0x0a,0x40,0x02,0x04,0xd4,0x01,0x02,0x44,0x01,
    0x02,0x1e,0x00,0x02,0xe2,0x04,0x04,0x84,0x00,0x04,0x14,0x00,0x0f,0x02,0x00,0x05,
    0x0f,0xd4,0x01,0x3b,0x0f,0x56,0x1b,0x03,0x0f,0xd0,0x02,0x01,0x06,0xbe,0x1c,0x0a,
    0xee,0x08,0x04,0xb8,0x01,0x04,0x1c,0x01,0x17,0xdf,0xee,0x1b,0x0f,0x02,0x00,0x27,
    0x0f,0x98,0x00,0x01,0x0f,0x02,0x00,0x0f,0x06,0x88,0x01,0x0f,0x02,0x00,0x19,0x0f,
    0xd4,0x01,0x09,0x13,0x20,0xd4,0x01,0x06,0xac,0x01,0x04,0x02,0x00,0x06,0x6c,0x00,
    0x04,0xd4,0x01,0x04,0xb8,0x07,0x02,0x08,0x00,0x08,0xe8,0x05,0x02,0x14,0x00,0x0f,
    0x02,0x00,0x07,0x0f,0xd4,0x01,0x3b,0x08,0xa8,0x03,0x06,0x02,0x00,0x02,0xb0,0x00,
    0x02,0xae,0x01,0x06,0xd4,0x32,0x02,0xda,0x00,0x02,0x4a,0x27,0x02,0x1c,0x00,0x0a,
    0x02,0x00,0x06,0x1c,0x01,0x0f,0x96,0x0c,0x01,0x0f,0x32,0x00,0x01,0x02,0x02,0x00,
    0x0f,0x1a,0x00,0x01,0x02,0x4c,0x00,0x02,0x4a,0x01,0x02,0x06,0x00,0x0f,0x02,0x00,
    0x03,0x28,0xbe,0xf7,0x18,0x00,0x02,0xb8,0x00,0x02,0x02,0x00,0x0e,0x56,0x00,0x0e,
    0x12,0x00,0x02,0x02,0x00,0x02,0x6c,0x00,0x0c,0x02,0x00,0x06,0x4c,0x00,0x0f,0xa8,
    0x03,0x17,0x02,0xaa,0x00,0x02,0x94,0x00,0x0f,0xd4,0x01,0x65,0x13,0x20,0xd2,0x20,
    0x06,0xd0,0x00,0x02,0x40,0x04,0x0e,0x78,0x79,0x02,0xfe,0x26,0x02,0x1e,0x00,0x0a,
    0x84,0x02,0x06,0x02,0x00,0x04,0x1c,0x01,0x04,0xa8,0x03,0x0f,0x44,0x01,0x05,0x0f,
    0x02,0x00,0x11,0x06,0x4c,0x00,0x02,0x9c,0x00,0x04,0x08,0x00,0x0a,0x02,0x00,0x0c,
    0x16,0x00,0x06,0x88,0x01,0x0f,0x02,0x00,0x19,0x04,0x6c,0x00,0x0a,0x02,0x00,0x06,
    0x4c,0x00,0x02,0xd4,0x01,0x0c,0x02,0x00,0x06,0x20,0x00,0x08,0xa8,0x03,0x04,0x94,
    0x00,0x04,0x24,0x01,0x02,0x04,0x01,0x0c,0x3c,0x00,0x0c,0x02,0x00,0x0f,0xa8,0x03,
    0x0f,0x24,0x79,0xce,0x3e,0x25,0x06,0x78,0x00,0x42,0x00,0x00,0x04,0x21,0x72,0x25,
    0x0a,0x16,0x00,0x0f,0xd0,0x00,0x03,0x24,0x6d,0x6b,0xa2,0x25,0x0c,0x9a,0x75,0x02,
    0x46,0x01,0x02,0x28,0x6c,0x0c,0x36,0x62,0x06,0x9a,0x26,0x08,0x7a,0x26,0x02,0x9a,
    0x26,0x04,0x02,0x00,0x02,0x9a,0x00,0x04,0x02,0x00,0x04,0x80,0x3a,0x0e,0x02,0x00,
    0x02,0x98,0x00,0x04,0xda,0x30,0x22,0x18,0xc6,0x50,0x26,0x06,0x0c,0x01,0x08,0xc2,
    0x25,0x06,0x02,0x00,0x06,0xdc,0x26,0x08,0x64,0x26,0x06,0x5e,0x00,0x22,0x04,0x21,
    0x7a,0x27,0x0a,0x16,0x00,0x06,0xb8,0x00,0x08,0x02,0x00,0x04,0x74,0x6c,0x0a,0xc2,
    0x77,0x06,0x82,0x00,0x06,0x42,0x00,0x0f,0x48,0x6c,0x03,0x02,0x1c,0x27,0x02,0xe4,
    0x00,0x06,0x36,0x00,0x0f,0x02,0x00,0x03,0x0f,0xd4,0x01,0x0f,0x08,0x02,0x00,0x06,
    0xd0,0x00,0x08,0x6e,0x02,0x06,0x16,0x00,0x04,0x7c,0x05,0x0f,0x02,0x00,0x05,0x0c,
    0x42,0x04,0x02,0xd4,0x01,0x02,0x08,0x00,0x0f,0x54,0x0e,0x07,0x08,0x02,0x00,0x0f,
    0x5a,0x00,0x05,0x02,0xc6,0x05,0x08,0x1c,0x01,0x08,0x02,0x00,0x02,0x98,0x00,0x04,
    0xf6,0x10,0x02,0xee,0x02,0x04,0xfe,0x05,0x04,0x82,0x08,0x0f,0x02,0x00,0x09,0x04,
    0x48,0x01,0x06,0x18,0x39,0x02,0x1a,0x1a,0x02,0x3e,0x00,0x0e,0xf4,0x16,0x0e,0x02,
    0x00,0x06,0xc0,0x01,0x0f,0x04,0x01,0x03,0x06,0xd4,0x01,0x0f,0x02,0x00,0x03,0x06,
    0x6c,0x00,0x0f,0x02,0x00,0x0f,0x0f,0xd4,0x01,0x13,0x04,0x7c,0x01,0x06,0x70,0x00,
    0x02,0x64,0x00,0x02,0x3e,0x05,0x06,0x16,0x00,0x02,0x3c,0x01,0x02,0x18,0x00,0x0f,
    0x02,0x00,0x01,0x06,0xd0,0x00,0x02,0x94,0x46,0x04,0x58,0x00,0x02,0x70,0x01,0x0f,
    0x3a,0x07,0x03,0x0a,0x02,0x00,0x0f,0x56,0x00,0x01,0x02,0x46,0x00,0x02,0x66,0x0b,
    0x0f,0x90,0x09,0x01,0x02,0xca,0x12,0x02,0x98,0x00,0x02,0x82,0x00,0x02,0xd6,0x01,
    0x06,0x4c,0x00,0x02,0x16,0x00,0x06,0x02,0x00,0x06,0xf6,0x07,0x02,0x02,0x00,0x02,
    0xd4,0x01,0x02,0x68,0x00,0x02,0x12,0x00,0x0a,0xd4,0x01,0x08,0x16,0x00,0x0f,0x02,
    0x00,0x03,0x0f,0xd4,0x01,0x05,0x02,0x96,0x00,0x08,0xee,0x47,0x0f,0x02,0x00,0x03,
    0x04,0x08,0x1b,0x02,0x84,0x00,0x0f,0x02,0x00,0x0b,0x0f,0xd4,0x01,0x13,0x04,0x02,
    0x00,0x06,0x70,0x00,0x08,0x54,0x16,0x06,0x16,0x00,0x04,0xba,0x00,0x0f,0x7a,0x00,
    0x03,0x04,0x52,0x01,0x02,0x02,0x00,0x08,0x24,0x00,0x02,0x72,0x01,0x0f,0x64,0x26,
    0x11,0x04,0x8a,0x00,0x0f,0x02,0x00,0x01,0x8e,0xdf,0xff,0xdf,0xff,0x4d,0x6b,0xc7,
    0x39,0x02,0x00,0x24,0x59,0xce,0x62,0x00,0xb1,0xd3,0x9c,0xc7,0x39,0xa6,0x31,0xa6,
    0x31,0xa6,0x31,0xc7,0xbe,0x76,0x02,0x66,0x03,0x22,0xd3,0x9c,0x12,0x00,0x8f,0xa6,
    0x31,0x65,0x29,0x45,0x29,0xc3,0x18,0xd4,0x01,0x03,0x02,0x02,0x00,0x02,0xbe,0x00,
    0x0f,0xd4,0x01,0x35,0x02,0x80,0x00,0x0a,0x8c,0x02,0x02,0x72,0x02,0x0a,0x02,0x00,
    0x04,0x74,0x10,0x04,0xc8,0x00,0x0f,0x02,0x00,0x09,0x0f,0xd4,0x01,0x11,0x02,0x02,
    0x03,0x0a,0x8e,0x02,0x0f,0xd4,0x01,0x05,0x02,0x28,0x00,0x02,0x06,0x00,0x0e,0x02,
    0x00,0x08,0x10,0x03,0x02,0xa2,0x02,0x02,0x2c,0x00,0x04,0xaa,0x00,0x0f,0xe2,0x0a,
    0x01,0x0a,0x02,0x00,0x0e,0x54,0x00,0x06,0x02,0x00,0xc8,0xdf,0xff,0xdf,0xff,0x18,
    0xc6,0x96,0xb5,0xd7,0xbd,0xb6,0xb5,0x02,0x00,0x44,0x75,0xad,0x5d,0xef,0x6a,0x00,
    0x71,0xdb,0xde,0xb6,0xb5,0xb6,0xb5,0x96,0x02,0x00,0x06,0xa6,0x00,0x24,0xba,0xd6,
    0x30,0x00,0x86,0x75,0xad,0x34,0xa5,0xb2,0x94,0x6d,0x6b,0x4c,0x07,0x02,0x7e,0x25,
    0x04,0x7c,0x01,0x0a,0xd4,0x01,0x04,0x42,0x00,0x08,0xac,0x04,0x0f,0x02,0x00,0x03,
    0x04,0xee,0x02,0x08,0x04,0x01,0x26,0x20,0x00,0xfe,0x00,0x0f,0x60,0x04,0x03,0x06,
    0x02,0x00,0x06,0xd4,0x01,0x06,0xf0,0x00,0x0f,0x02,0x00,0x05,0x0f,0xd4,0x01,0x0f,
    0x15,0xdf,0x48,0x00,0x08,0xba,0x00,0x02,0x7c,0x05,0x02,0x02,0x00,0x06,0x7a,0x00,
    0x06,0xba,0x00,0x0e,0x02,0x00,0x04,0xce,0x06,0x04,0x02,0x00,0x02,0x12,0x00,0x02,
    0x02,0x00,0x04,0x64,0x00,0x0f,0xd4,0x01,0x1d,0x02,0x9a,0x00,0x04,0x3e,0x00,0x06,
    0x7c,0x02,0x0a,0x02,0x00,0x11,0xdf,0x9c,0x1b,0x04,0x2c,0x00,0x04,0x36,0x00,0x02,
    0x30,0x00,0x0a,0x2a,0x00,0x04,0x02,0x00,0x84,0x9e,0xf7,0x38,0xc6,0x28,0x42,0x41,
    0x08,0xb0,0x03,0x04,0x8c,0x0a,0x0c,0xd4,0x01,0x02,0x12,0x00,0x0a,0x1a,0x01,0x0f,
    0x02,0x00,0x03,0x06,0x1a,0x01,0x0c,0xd8,0x02,0x02,0x02,0x00,0x0f,0x50,0x07,0x0f,
    0x0f,0xac,0x00,0x05,0x0e,0x02,0x00,0x0f,0xd4,0x01,0x0b,0x33,0xdf,0xff,0xdf,0x5c,
    0x31,0x02,0x74,0x09,0x06,0xb0,0x00,0x22,0x04,0x21,0x84,0x09,0x0a,0xf8,0x0a,0x02,
    0x10,0x31,0x02,0x9c,0x0a,0x02,0x10,0x0a,0x04,0x02,0x00,0x02,0xaa,0x0a,0x06,0x46,
    0x31,0x22,0xf7,0xbd,0x52,0x00,0x46,0x08,0x42,0xe7,0x39,0x60,0x27,0x08,0x3e,0x3c,
    0x0a,0x2a,0x03,0x04,0x02,0x00,0x08,0xc2,0x00,0x02,0xa0,0x01,0xa2,0xbe,0xf7,0x9e,
    0xf7,0x7d,0xef,0x7d,0xef,0x7d,0xef,0x08,0x00,0x31,0x5d,0xef,0x5d,0x0e,0x00,0x02,
    0x02,0x00,0x02,0x0e,0x00,0x13,0x5d,0x1c,0x00,0x06,0x02,0x00,0x06,0x24,0x00,0x02,
    0x22,0x00,0x04,0x14,0x00,0xe4,0x9e,0xf7,0x9e,0xf7,0xbe,0xf7,0xff,0xff,0xdf,0xff,
    0xba,0xd6,0x18,0xc6,0x60,0x3c,0x02,0x48,0x6e,0x02,0xcc,0x00,0x04,0x8a,0x00,0x0a,
    0x04,0x01,0x0f,0x30,0x05,0x01,0x08,0x02,0x00,0x0f,0xd4,0x01,0x03,0x02,0x00,0x01,
    0x22,0xe7,0x39,0x30,0x46,0x02,0x02,0x00,0x08,0xd6,0x3c,0x06,0x04,0x01,0x02,0x64,
    0x0b,0x02,0x5a,0x01,0x08,0x04,0x01,0x0f,0x02,0x00,0x01,0x0f,0xd4,0x01,0x0f,0x0a,
    0xe0,0x2b,0x0c,0x02,0x00,0x0a,0xcc,0x00,0x02,0xd8,0x02,0x0a,0x14,0x00,0x08,0x02,
    0x00,0x06,0x6e,0x02,0x0a,0xf4,0x03,0x04,0x84,0x02,0x02,0xa6,0x01,0x02,0x0e,0x00,
    0x08,0x42,0x02,0x06,0x02,0x00,0x06,0xc4,0x00,0x02,0x96,0x03,0x62,0x5d,0xef,0xdb,
    0xde,0x5d,0xef,0x0c,0x00,0x44,0xdf,0xff,0xbe,0xf7,0x02,0x00,0x02,0x0c,0x00,0x02,
    0x06,0x00,0x44,0xbe,0xf7,0xbe,0xf7,0x22,0x00,0x04,0x02,0x00,0x02,0x14,0x00,0x06,
    0x22,0x00,0x02,0x0c,0x00,0x86,0xdf,0xff,0x9e,0xf7,0x3c,0xe7,0xfb,0xde,0xb6,0x3d,
    0x02,0x8c,0x00,0x0f,0xca,0x2d,0x0f,0x0f,0x02,0x00,0x0d,0x0f,0xd4,0x01,0x03,0x0f,
    0x2a,0x01,0x01,0x04,0x30,0x18,0x02,0xe8,0x4e,0x04,0x22,0x00,0x08,0x5a,0x01,0x06,
    0x04,0x01,0x0f,0x02,0x00,0x03,0x0f,0xd4,0x01,0x0b,0x02,0xb8,0x08,0x0f,0xb0,0x00,
    0x0d,0x0f,0x02,0x00,0x17,0x02,0xb2,0x05,0x02,0x28,0x01,0x06,0x36,0x00,0x02,0x16,
    0x00,0x04,0x18,0x00,0x04,0x02,0x00,0x0f,0xd4,0x01,0x05,0x02,0x3e,0x00,0x02,0x9c,
    0x01,0x2f,0x1c,0xe7,0xea,0x79,0x03,0x0f,0x02,0x00,0x2b,0x55,0xdf,0xff,0x3c,0xe7,
    0x7d,0x28,0x02,0x0f,0x04,0x01,0x33,0x0f,0xd4,0x01,0x03,0x0f,0x02,0x00,0x01,0x04,
    0xe8,0x05,0x0a,0x06,0x16,0x08,0x02,0x00,0x02,0x1c,0x00,0x0f,0x02,0x00,0x07,0x0f,
    0xd4,0x01,0x5d,0x02,0x24,0x01,0x0c,0x70,0x09,0x02,0x12,0x00,0x04,0xaa,0x01,0x02,
    0x0a,0x00,0x0f,0xd4,0x01,0x05,0x04,0x02,0x00,0x42,0xdf,0xff,0x3c,0xe7,0xfc,0x08,
    0x0f,0x02,0x00,0x3f,0x42,0xbe,0xf7,0x5d,0xef,0x82,0x05,0x02,0x5c,0x00,0x0f,0xd8,
    0x02,0x2f,0x0f,0xd4,0x01,0x19,0x02,0xa4,0x03,0x0f,0xd4,0x01,0x73,0x04,0x28,0x04,
    0x0f,0x02,0x00,0x07,0x02,0xbe,0x01,0x02,0x2a,0x01,0x06,0x26,0x00,0x06,0x16,0x00,
    0x04,0x7c,0x05,0x0f,0xb2,0x0d,0x07,0x02,0xec,0x00,0x02,0xf6,0x01,0x22,0x3c,0xe7,
    0x0c,0x15,0x0f,0x02,0x00,0x41,0x31,0x7d,0xef,0x9e,0x56,0x07,0x02,0x94,0x00,0x0f,
    0xd4,0x01,0x43,0x0f,0x30,0x01,0x03,0x02,0x7c,0x05,0x02,0x02,0x00,0x08,0xbe,0x07,
    0x06,0x02,0x00,0x02,0x1c,0x00,0x0f,0x02,0x00,0x07,0x0f,0xa8,0x03,0x1b,0x02,0x26,
    0x08,0x0c,0x02,0x00,0x06,0x6e,0x00,0x22,0x86,0x31,0x0c,0x09,0x02,0x28,0x09,0x0e,
    0x02,0x00,0x06,0x0e,0x09,0x0f,0xd4,0x01,0x03,0x08,0x08,0x4f,0x06,0xf6,0x44,0x08,
    0x02,0x00,0x02,0x64,0x01,0x02,0x44,0x4a,0x22,0x9e,0xf7,0x1e,0x02,0x0f,0x02,0x00,
    0x41,0x24,0xbe,0xf7,0x04,0x04,0x0c,0xe0,0x12,0x04,0xde,0x00,0x0a,0x84,0x8a,0x0f,
    0x02,0x00,0x0d,0x0f,0xa8,0x03,0x03,0x04,0xf6,0x08,0x02,0x02,0x00,0x02,0x2e,0x09,
    0x26,0x8e,0x73,0xd6,0x00,0x08,0x5c,0x01,0x06,0x02,0x00,0x0f,0xf0,0x00,0x0d,0x0f,
    0xd4,0x01,0x1b,0x0f,0x4e,0x00,0x03,0x06,0x6e,0x00,0x04,0xa0,0x0e,0x0f,0x02,0x00,
    0x11,0x06,0x36,0x00,0x02,0xa8,0x03,0x0f,0xb8,0x06,0x13,0x02,0x64,0x01,0x79,0xff,
    0xff,0xdf,0xff,0x9e,0xf7,0x9e,0x46,0x19,0x0f,0x02,0x00,0x3d,0x02,0x7e,0x05,0x11,
    0xbe,0x38,0x02,0x08,0xa8,0x03,0x04,0x68,0x00,0x0a,0x42,0x11,0x0f,0x02,0x00,0x0d,
    0x0f,0xd4,0x01,0x03,0x04,0xce,0x00,0x08,0x02,0x00,0x06,0xd2,0x01,0x0f,0xd4,0x01,
    0x67,0x08,0xc2,0x0a,0x06,0xba,0x00,0x0f,0x02,0x00,0x0f,0x06,0x06,0x01,0x0f,0xd4,
    0x01,0x1b,0x04,0x02,0x00,0x0f,0xd4,0x01,0x6d,0x08,0xf2,0x22,0x0f,0x02,0x00,0x0f,
    0x06,0x1a,0x01,0x08,0xa0,0x0e,0x04,0xcc,0x00,0x0f,0x02,0x00,0x05,0x0f,0xa8,0x03,
    0x65,0x08,0xd4,0x01,0x0c,0x6c,0x1b,0x06,0x02,0x00,0x04,0xf8,0x07,0x06,0x86,0x02,
    0x06,0x08,0x01,0x02,0xd4,0x01,0x02,0xa6,0x3d,0x06,0x16,0x00,0x0f,0x02,0x00,0x03,
    0x02,0x4a,0x00,0x33,0xdf,0xff,0xdf,0xf2,0x06,0x0f,0x02,0x00,0x47,0x11,0x7d,0x7c,
    0x12,0x0f,0xa8,0x03,0x07,0x0a,0x9e,0x01,0x0f,0x02,0x00,0x0d,0x0f,0xd4,0x01,0x03,
    0x04,0xb0,0x07,0x02,0xfe,0x00,0x04,0x02,0x00,0x06,0x24,0x01,0x0f,0xd4,0x01,0x65,
    0x08,0x9e,0x01,0x04,0x7c,0x05,0x06,0x96,0x00,0x02,0x02,0x00,0x02,0x86,0x01,0x06,
    0x0c,0x00,0x0c,0xd4,0x2f,0x02,0x1a,0x00,0x0f,0x08,0x0e,0x07,0x04,0xb6,0x21,0x02,
    0xd4,0x01,0x02,0x04,0x01,0x0f,0xa8,0x03,0x4d,0x22,0x7d,0xef,0xb6,0x0e,0x13,0xbe,
    0x1c,0x2f,0x02,0xb4,0x22,0x02,0xa0,0x21,0x02,0xc2,0x00,0x06,0x72,0x03,0x0f,0xee,
    0x08,0x03,0x08,0x02,0x00,0x04,0xde,0x18,0x08,0x0a,0x02,0x04,0x1c,0x14,0x02,0x02,
    0x00,0x02,0xd8,0x00,0x0a,0x2c,0x01,0x02,0xfc,0x0b,0x0c,0x5e,0x00,0x02,0x30,0x00,
    0x0f,0x02,0x00,0x07,0x0f,0x50,0x07,0x2d,0x0a,0x04,0x35,0x02,0xba,0x00,0x04,0x9e,
    0x00,0x02,0x02,0x00,0x0c,0x10,0x00,0x02,0x02,0x00,0x0f,0xd4,0x01,0x03,0x08,0xb8,
    0x06,0x0c,0xca,0x00,0x02,0x02,0x00,0x02,0xea,0x13,0x2f,0xbe,0xf7,0x7c,0x05,0x4f,
    0x11,0x7d,0xce,0x0c,0x02,0x6c,0x00,0x02,0x40,0x04,0x02,0x92,0x00,0x04,0xde,0x00,
    0x08,0xd4,0x01,0x0f,0x02,0x00,0x0f,0x06,0x1a,0x01,0x06,0x0a,0x02,0x02,0xce,0x00,
    0x04,0x50,0x00,0x04,0x02,0x00,0x02,0x30,0x02,0x02,0x16,0x00,0x0f,0x9a,0x9b,0x03,
    0x04,0x2a,0x00,0x0f,0x02,0x00,0x05,0x0f,0xd4,0x01,0x2b,0x02,0x7a,0x00,0x02,0x06,
    0x00,0x0a,0xd4,0x07,0x08,0x3a,0x0f,0x02,0x6e,0x02,0x0f,0x02,0x00,0x01,0x02,0x26,
    0x01,0x02,0x38,0x15,0x04,0xc8,0x00,0x04,0x02,0x00,0x02,0x36,0x00,0x0c,0xc8,0x39,
    0x02,0x94,0x13,0x2f,0x71,0x8c,0xa8,0x03,0x4d,0xa2,0xdf,0xff,0x5d,0xef,0xdf,0xff,
    0x9e,0xf7,0x6d,0x6b,0xc4,0x17,0x06,0xe4,0x00,0x02,0xb4,0x00,0x02,0xb6,0x03,0x02,
    0x08,0x00,0x02,0x9e,0x01,0x04,0x02,0x00,0x0c,0x88,0x01,0x08,0x26,0x00,0x06,0x90,
    0x24,0x02,0x50,0x00,0x02,0x3c,0x00,0x04,0x0e,0x1c,0x02,0x42,0x00,0x08,0xd8,0x02,
    0x02,0x0a,0x02,0x0a,0xde,0x03,0x0f,0xd4,0x01,0x4d,0x02,0xd0,0x01,0x06,0x5a,0x02,
    0x0a,0x30,0x7a,0x04,0xa8,0x01,0x02,0x9e,0x01,0x08,0x02,0x00,0x08,0xe8,0x00,0x08,
    0x32,0x14,0x02,0x34,0x00,0x02,0x52,0x00,0x04,0x1c,0x01,0x02,0x30,0x33,0x02,0x02,
    0x00,0x02,0x06,0x01,0x4f,0xc3,0x18,0x92,0x94,0xa8,0x03,0x51,0x42,0xdf,0xff,0xff,
    0xff,0xd4,0x01,0x22,0xe7,0x39,0x94,0x00,0x04,0x82,0x00,0x06,0x0c,0x06,0x04,0x02,
    0x00,0x04,0xbc,0x00,0x04,0x22,0x69,0x0a,0xe2,0x00,0x08,0x02,0x02,0x06,0x6a,0x06,
    0x02,0xce,0x00,0x02,0x2a,0x00,0x04,0xbe,0x01,0x0a,0xf8,0x30,0x04,0x86,0x07,0x04,
    0x14,0x04,0x02,0x2c,0x00,0x02,0xfc,0x01,0x0f,0x02,0x00,0x07,0x0f,0xa8,0x03,0x2b,
    0x02,0xe6,0x00,0x04,0x02,0x00,0x08,0xfc,0x11,0x26,0x08,0x42,0x1c,0x00,0x0f,0x08,
    0x9e,0x01,0x02,0x9e,0x00,0x02,0x02,0x00,0x04,0x24,0x37,0x04,0xce,0x01,0x02,0x02,
    0x00,0x06,0x0a,0x02,0x02,0x38,0x9d,0x02,0xb0,0x08,0x82,0x20,0x00,0x20,0x00,0xc3,
    0x18,0x71,0x8c,0xbc,0x17,0x02,0x2a,0x00,0x0f,0x02,0x00,0x43,0x02,0xcc,0x0c,0x02,
    0xd4,0x01,0x08,0xa8,0x03,0x02,0xb4,0x00,0x0c,0x02,0x00,0x04,0x84,0x00,0x06,0xde,
    0x1e,0x08,0xe2,0x00,0x08,0x0e,0x00,0x02,0xd4,0x01,0x02,0xec,0x00,0x06,0x46,0x00,
    0x06,0x78,0x45,0x08,0x60,0x17,0x02,0xa0,0x08,0x1f,0xdf,0xdc,0x6b,0x5c,0x02,0x1a,
    0x04,0x04,0x08,0x00,0x06,0x88,0x01,0x02,0xda,0x02,0x02,0x1e,0x00,0x06,0x16,0x00,
    0x0f,0x02,0x00,0x03,0x08,0x32,0x14,0x04,0x4c,0x00,0x08,0x20,0x02,0x02,0x4c,0x00,
    0x02,0xc4,0x03,0x71,0x00,0x00,0x00,0x00,0xe3,0x18,0xb2,0xa8,0x03,0x0f,0x46,0x12,
    0x47,0x02,0x86,0x5f,0x08,0xd4,0x01,0x04,0x98,0x00,0x0f,0xd4,0x01,0x05,0x02,0xa0,
    0x00,0x06,0x80,0x06,0x0a,0xd2,0x01,0x08,0x02,0x00,0x02,0xd4,0x01,0x02,0x02,0x00,
    0x06,0x18,0x00,0x04,0xa8,0x03,0x0e,0x7c,0x05,0x02,0x02,0x00,0x0a,0x86,0x07,0x0f,
    0x02,0x00,0x0b,0x0f,0xa8,0x03,0x2d,0x08,0x02,0x00,0x08,0x88,0x01,0x08,0xa8,0x03,
    0x04,0x46,0x05,0x0f,0x02,0x00,0x05,0x08,0xe6,0x00,0x06,0x02,0x00,0x06,0x0a,0x02,
    0x02,0x52,0x01,0x02,0x38,0x02,0x02,0xd4,0x01,0x24,0x92,0x94,0xbe,0x08,0x0f,0x02,
    0x00,0x47,0x02,0xc6,0x17,0x04,0xa8,0x03,0x06,0x68,0x00,0x0f,0xc6,0x00,0x03,0x06,
    0x20,0x00,0x0f,0xee,0x00,0x17,0x02,0xa2,0x02,0x02,0x02,0x00,0x06,0x92,0x03,0x0c,
    0x50,0x07,0x02,0x02,0x00,0x0f,0xd4,0x01,0x3b,0x0a,0xc0,0x44,0x02,0x2e,0x31,0x02,
    0x06,0x00,0x04,0x02,0x00,0x0a,0x0e,0x00,0x02,0x02,0x00,0x06,0x06,0x14,0x0f,0x2c,
    0xa7,0x19,0x06,0x36,0x00,0x4f,0xff,0xff,0x14,0xa5,0x58,0x00,0x01,0x06,0xd4,0x01,
    0x0f,0xcc,0x0c,0x51,0x53,0xff,0xff,0x96,0xb5,0xcf,0x2e,0xa9,0x04,0x8e,0x00,0x02,
    0x84,0x01,0x02,0x3a,0x09,0x04,0x14,0x00,0x08,0x96,0x02,0x06,0x8c,0x02,0x3b,0xe3,
    0x18,0xef,0x3c,0x00,0x0a,0x02,0x00,0x06,0x3e,0x00,0x0f,0x02,0x00,0x05,0x06,0xe8,
    0x63,0x04,0xfe,0x31,0x0a,0x6c,0x00,0x0f,0x02,0x00,0x03,0x0f,0xa8,0x03,0x0f,0x08,
    0x02,0x00,0x02,0xcc,0x00,0x0f,0x02,0x00,0x07,0x04,0xd4,0x07,0x0f,0x02,0x00,0x1b,
    0x06,0x28,0x01,0x08,0x2e,0x0b,0x06,0x02,0x00,0x08,0xba,0x02,0x0f,0x24,0x09,0x3b,
    0x16,0xdf,0x65,0x00,0x0d,0x02,0x00,0x02,0x7c,0x05,0x02,0x56,0x16,0x0c,0x82,0x00,
    0x02,0x02,0x00,0x08,0xca,0x01,0x06,0x02,0x00,0x06,0xa8,0x03,0x0f,0xce,0x00,0x03,
    0x06,0xee,0x00,0x02,0xde,0x03,0x02,0x84,0x00,0x06,0x36,0x00,0x08,0xe2,0x04,0x0f,
    0x02,0x00,0x23,0x0f,0xd4,0x01,0x1d,0x0a,0x28,0x06,0x0a,0x0e,0x00,0x0a,0xd4,0x01,
    0x04,0x4e,0x07,0x0f,0x02,0x00,0x0b,0x0a,0xb4,0x2d,0x0f,0x06,0x01,0x03,0x0c,0x52,
    0x01,0x0f,0xf8,0x0a,0x55,0x04,0x06,0x0f,0x0f,0xd4,0x01,0x21,0x0c,0x84,0x0d,0x02,
    0x02,0x00,0x0f,0xc0,0x23,0x03,0x0a,0x64,0x26,0x04,0x04,0x01,0x06,0xa2,0x07,0x0f,
    0x02,0x00,0x1d,0x0f,0xd4,0x01,0x1d,0x0f,0x02,0x00,0x0b,0x08,0xa8,0x03,0x02,0x7e,
    0x0c,0x0f,0x9a,0x00,0x05,0x02,0x9e,0x1c,0x02,0x02,0x00,0x06,0x5c,0x31,0x08,0x50,
    0x3b,0x04,0x02,0x00,0x04,0x88,0x2f,0x06,0x02,0x00,0x0f,0xd4,0x01,0x5b,0x06,0x74,
    0x10,0x02,0xaa,0x01,0x04,0x06,0x00,0x0f,0xcc,0x81,0x1b,0x06,0x02,0x00,0x06,0xa8,
    0x03,0x02,0x94,0x12,0x02,0x2a,0x01,0x06,0xfe,0x22,0x0c,0x04,0x01,0x02,0xc8,0x03,
    0x0f,0x02,0x00,0x19,0x0f,0xd4,0x01,0x1d,0x08,0x9a,0x03,0x02,0x0c,0x00,0x02,0xac,
    0x0d,0x02,0x0c,0x00,0x08,0xd4,0x01,0x08,0x8e,0x00,0x0c,0xa2,0x0a,0x06,0xa8,0x00,
    0x04,0x04,0x35,0x02,0x46,0x00,0x04,0xe2,0x0a,0x0a,0x02,0x00,0x02,0xd8,0x36,0x04,
    0x64,0x00,0x0f,0xd4,0x01,0x5d,0x04,0xa8,0x03,0x06,0x80,0x00,0x02,0x78,0x41,0x02,
    0xb0,0x0b,0x06,0xca,0x00,0x04,0xf2,0x00,0x02,0x9e,0x01,0x0f,0xc0,0x85,0x01,0x04,
    0xc2,0x02,0x02,0x9e,0x02,0x0a,0xdc,0x37,0x04,0xda,0x0f,0x04,0x10,0x72,0x06,0x50,
    0x00,0x0f,0x02,0x00,0x1f,0x0f,0xd4,0x01,0x1d,0x0a,0xdc,0x00,0x0c,0x02,0x00,0x0a,
    0xd4,0x01,0x02,0xc6,0x00,0x0f,0x94,0x00,0x07,0x04,0x12,0x01,0x06,0xd2,0x3b,0x04,
    0x78,0x04,0x0a,0x02,0x00,0x0f,0x7c,0x05,0x35,0x02,0x54,0x01,0x02,0x02,0x00,0x0a,
    0x62,0x00,0x0f,0x02,0x00,0x01,0x02,0x7c,0x05,0x02,0xcc,0x24,0x06,0x82,0x00,0x02,
    0xbc,0x02,0x02,0x02,0x00,0x0f,0x50,0x07,0x0d,0x08,0x2e,0x0b,0x02,0x0e,0x01,0x06,
    0x12,0x12,0x02,0xc4,0x02,0x02,0x12,0x00,0x1b,0xff,0xf2,0xaa,0x06,0x16,0x00,0x0f,
    0x02,0x00,0x23,0x0f,0xd4,0x01,0x1f,0x02,0x02,0x00,0x08,0x54,0x0e,0x02,0x12,0x00,
    0x0c,0x50,0x07,0x04,0x02,0x00,0x08,0xe2,0x0c,0x06,0x02,0x00,0x08,0xd0,0x00,0x04,
    0xba,0x02,0x0f,0x02,0x00,0x05,0x02,0x36,0x08,0x02,0xea,0x00,0x0e,0xa8,0x03,0x06,
    0xa4,0x01,0x04,0x24,0x00,0x08,0x08,0x00,0x02,0x02,0x00,0x02,0x52,0x01,0x43,0xdf,
    0xff,0xdf,0xf7,0x02,0x00,0x02,0x0a,0x00,0x01,0xa3,0x00,0x02,0x1e,0x00,0x05,0x22,
    0x00,0x01,0x02,0x00,0x06,0xa0,0x0e,0x02,0xd4,0x01,0x02,0x02,0x00,0x02,0x24,0x00,
    0x0f,0xa6,0x00,0x05,0x0f,0x02,0x00,0x2b,0x04,0x0e,0x03,0x02,0x6a,0x00,0x02,0xb2,
    0x06,0x06,0xc0,0x10,0x0a,0x02,0x00,0x02,0xae,0x00,0x0f,0x02,0x00,0x07,0x0f,0xd4,
    0x01,0x27,0x02,0x80,0x00,0x0a,0x86,0x0f,0x04,0x9a,0x00,0x08,0x02,0x00,0x02,0xd4,
    0x01,0x08,0xe0,0x02,0x0c,0xa4,0x02,0x06,0xa8,0x03,0x02,0x08,0x04,0x02,0x08,0x00,
    0x06,0x02,0x00,0x08,0xf0,0x02,0x0a,0xd4,0x01,0xf1,0x0b,0xdf,0xff,0xbf,0xf7,0x9b,
    0xce,0x9b,0xce,0xfd,0xd6,0xbf,0xef,0xdf,0xef,0x5d,0xe7,0xfc,0xde,0xbe,0xef,0x3d,
    0xe7,0xbc,0xce,0x1e,0xd7,0x16,0x01,0x81,0xf7,0x9f,0xef,0xfd,0xde,0x9e,0xe7,0xdf,
    0x36,0x28,0xf2,0x04,0x5e,0xdf,0xbc,0xce,0x9b,0xce,0xbb,0xce,0xba,0xce,0xbb,0xce,
    0xdc,0xce,0x9e,0xef,0xfc,0xd6,0x9c,0x38,0x00,0xf3,0x01,0xf7,0xbe,0xef,0x3d,0xdf,
    0x7e,0xef,0xdf,0xf7,0x1d,0xdf,0xdc,0xd6,0xdf,0xf7,0xdf,0x6a,0x1f,0x48,0x7d,0xef,
    0xbf,0xff,0xd4,0x01,0x04,0xfe,0x01,0x06,0x98,0x00,0x0e,0xae,0x00,0x0e,0xbc,0x00,
    0x0f,0x02,0x00,0x0b,0x06,0x30,0x00,0x04,0x74,0x10,0x04,0xd4,0x01,0x02,0xd8,0x01,
    0x06,0x0e,0x0b,0x08,0x02,0x00,0x08,0x5e,0x01,0x0f,0x02,0x00,0x01,0x0f,0xd4,0x01,
    0x0f,0x17,0xdf,0x37,0x00,0x06,0x5a,0x00,0x06,0x78,0x04,0x08,0xba,0x02,0x0f,0xd4,
    0x01,0x01,0x0f,0x9a,0x00,0x05,0x06,0x26,0x01,0x0f,0xa8,0x03,0x11,0x04,0x02,0x00,
    0xff,0x65,0x00,0x00,0x00,0x00,0xc4,0x18,0x72,0x94,0xdf,0xff,0x9f,0xf7,0x9f,0xef,
    0xdf,0xf7,0x7f,0xe7,0xd7,0x84,0xcf,0x42,0x52,0x4b,0x38,0x85,0xdb,0x95,0xd6,0x84,
    0x77,0xa5,0x7e,0xdf,0x15,0x85,0x72,0x22,0x59,0x5c,0xdf,0xff,0xdf,0xf7,0xbf,0xe7,
    0x7a,0x95,0x34,0x53,0xd6,0x74,0x5d,0xc7,0xdf,0xef,0xdf,0xff,0x99,0x74,0xd2,0x3a,
    0x94,0x6b,0x98,0x9d,0xb6,0x95,0xd3,0x53,0xf1,0x3a,0x99,0x9d,0x79,0x9d,0xb4,0x4a,
    0xf3,0x4a,0x99,0x8d,0x1d,0xc7,0xd9,0xad,0x16,0x8d,0xfd,0xc6,0xbc,0xb6,0x50,0x4b,
    0xce,0x3a,0x9c,0xb6,0xff,0xe7,0xff,0xf7,0xff,0xf7,0xff,0xff,0x7e,0xf7,0xbf,0xff,
    0xdf,0xff,0x9e,0xf7,0xbf,0xf7,0x04,0x01,0x05,0x0f,0x02,0x00,0x39,0x0f,0x3a,0x01,
    0x19,0x04,0x0c,0x01,0x0f,0x02,0x00,0x05,0x0f,0xd4,0x01,0x0d,0x08,0xd2,0x01,0x02,
    0x52,0x01,0x02,0x02,0x00,0x0f,0xd4,0x01,0x19,0x06,0x86,0x0f,0x08,0x02,0x00,0x06,
    0x92,0x00,0x0f,0xd4,0x01,0x1d,0xf2,0x51,0xc3,0x18,0x71,0x94,0xfe,0xff,0x9d,0xf7,
    0x9d,0xef,0xff,0xf7,0xdf,0xf7,0x5f,0xd7,0xd7,0x8c,0x2f,0x2a,0x70,0x32,0xf7,0x5b,
    0x7a,0x9d,0x1d,0xdf,0xff,0xe7,0x94,0x74,0xf0,0x11,0xd8,0x53,0xdf,0xf7,0xbf,0xef,
    0x9d,0xbe,0x31,0x4b,0x50,0x32,0xd3,0x53,0x98,0x85,0x5e,0xdf,0xbf,0xf7,0x54,0x4b,
    0x91,0x32,0x19,0x95,0xdf,0xe7,0xff,0xdf,0xd9,0x7c,0x51,0x2a,0xb3,0x63,0x5e,0xdf,
    0x57,0x74,0x0f,0x2a,0xd1,0x32,0x76,0x74,0xf6,0x8c,0x5b,0xb6,0xfe,0xce,0x55,0x6c,
    0xcc,0x21,0x93,0x53,0xb6,0x7c,0xdc,0xc6,0xd4,0x01,0x71,0x7d,0xf7,0xbe,0xff,0xdf,
    0xff,0x9d,0x50,0x07,0x06,0xac,0x00,0x08,0x04,0x01,0x0f,0x02,0x00,0x39,0x04,0xd4,
    0x01,0x02,0xea,0x02,0x04,0x72,0x00,0x0f,0xa8,0x03,0x43,0x02,0x64,0x00,0x04,0xd4,
    0x00,0x06,0xc6,0x00,0x02,0x7c,0x05,0x02,0x18,0x00,0x06,0x16,0x00,0x02,0x42,0x04,
    0x04,0x18,0x00,0x04,0x02,0x00,0x0f,0xd4,0x01,0x2d,0x08,0x3a,0x09,0x02,0xf0,0x15,
    0x81,0x91,0x94,0xfd,0xff,0x9c,0xef,0x9c,0xef,0x7e,0x01,0xf3,0x53,0xef,0x7d,0xbe,
    0x92,0x3a,0x31,0x32,0xd5,0x42,0x3b,0x95,0x1e,0xd7,0xff,0xe7,0x94,0x74,0x11,0x1a,
    0xb8,0x53,0xbf,0xef,0xbd,0xce,0xf5,0x63,0x4f,0x32,0x15,0x6c,0x3b,0xa6,0xd7,0x74,
    0xb9,0xa5,0x9f,0xef,0x34,0x43,0xb2,0x3a,0x9b,0xa5,0xdf,0xe7,0xff,0xdf,0xfb,0x7c,
    0x53,0x2a,0x31,0x53,0xff,0xef,0xdd,0xc6,0x15,0x6c,0xf1,0x19,0xb4,0x5b,0x9b,0xbe,
    0x5f,0xd7,0xb8,0x84,0x70,0x3a,0xf2,0x4a,0x7d,0xb6,0x38,0x8d,0x17,0x95,0x7e,0xe7,
    0xff,0xf7,0xff,0xff,0x5c,0xef,0xde,0xff,0xfe,0xff,0xbd,0xf7,0xbd,0xf7,0xdf,0x2c,
    0xbb,0x02,0x02,0x00,0x06,0xee,0x00,0x0f,0x02,0x00,0x07,0x06,0x54,0x05,0x0f,0x02,
    0x00,0x15,0x0f,0xd4,0x01,0x5b,0x22,0x79,0xce,0xd2,0x26,0x0a,0x3a,0x3b,0x04,0xa8,
    0x03,0x02,0x56,0x27,0x04,0x02,0x00,0x06,0x06,0x76,0x02,0x2e,0x6d,0x02,0xde,0x01,
    0x24,0x79,0xce,0x10,0x76,0x08,0x0c,0x45,0x06,0x34,0x27,0x06,0x9e,0x76,0x08,0x3e,
    0x3c,0x06,0x02,0x00,0x08,0xd4,0x01,0xf5,0x5e,0xf7,0xbd,0xf7,0xbd,0x17,0xbe,0xfb,
    0xde,0xfe,0xff,0x9d,0xef,0x9d,0xef,0xdf,0xf7,0x9e,0xef,0x77,0xa5,0x33,0x7c,0xdb,
    0xad,0x9a,0xa5,0xb0,0x42,0x4e,0x3a,0x14,0x74,0x5e,0xd7,0xb3,0x7c,0xee,0x19,0x16,
    0x64,0xbc,0xce,0xd1,0x6b,0x4e,0x32,0x14,0x6c,0xfa,0xad,0xf9,0xa5,0x37,0x85,0x50,
    0x5b,0x7c,0xc6,0x54,0x6c,0x4d,0x32,0x73,0x63,0xd9,0xa5,0xf7,0xa5,0x73,0x53,0x50,
    0x32,0x58,0x9d,0xdf,0xef,0xdf,0xef,0x5b,0xb6,0x50,0x32,0x17,0x8d,0x9e,0xe7,0x58,
    0x9d,0x4f,0x3a,0xf1,0x4a,0x1d,0xb6,0xda,0xad,0x38,0x95,0xd2,0x6b,0xf6,0x94,0x5e,
    0xe7,0xdf,0xf7,0x7d,0xef,0xbe,0x50,0x07,0x06,0x04,0x01,0x24,0x08,0x42,0xec,0x00,
    0x0f,0x02,0x00,0x05,0x0f,0xf0,0x28,0x03,0x06,0x02,0x00,0x08,0x36,0x77,0x06,0x02,
    0x00,0x22,0x0c,0x63,0x62,0x01,0x42,0x08,0x42,0x6d,0x6b,0x16,0x03,0x19,0xdf,0x70,
    0x63,0x08,0x02,0x00,0x02,0x5c,0x02,0x0f,0x02,0x00,0x07,0x0f,0x7c,0x05,0x0d,0x06,
    0x70,0x0f,0x0a,0x02,0x00,0x04,0xd4,0x01,0x04,0x02,0x00,0x02,0x88,0x00,0x06,0x92,
    0x03,0x02,0xd8,0x08,0x06,0xe6,0x03,0x02,0xde,0x01,0x04,0x66,0x05,0x08,0xec,0x0d,
    0x08,0x44,0x0b,0x06,0x34,0x0c,0x08,0x02,0x00,0x08,0xbc,0xb2,0x02,0x7c,0x0a,0xf3,
    0x54,0xde,0xf7,0xfe,0xff,0xbd,0xf7,0x9d,0xf7,0xdf,0xf7,0xbf,0xef,0xfa,0xb5,0xdb,
    0xd6,0x9f,0xe7,0x7f,0xe7,0x3c,0xb6,0x9a,0xa5,0xfb,0xb5,0x7f,0xdf,0x9b,0xbe,0x9b,
    0x95,0xbd,0xb6,0x1e,0xdf,0xd9,0xad,0xdb,0xa5,0xbd,0xc6,0xfd,0xce,0x7c,0xb6,0x5b,
    0xae,0xfa,0xad,0x3b,0xbe,0xfc,0xc6,0xda,0xa5,0x5a,0xa5,0x99,0xa5,0xd7,0xa5,0x9a,
    0x9d,0x1b,0xae,0x5e,0xdf,0xff,0xf7,0xff,0xef,0x5e,0xd7,0xbb,0x9d,0xbd,0xc6,0x5e,
    0xdf,0x7c,0xc6,0x7b,0xa5,0x3c,0xb6,0x7f,0xdf,0x3c,0xb6,0x3c,0xb6,0x1b,0xb6,0x3b,
    0xbe,0x5e,0xe7,0xdf,0xcc,0x0c,0x02,0x50,0x07,0x08,0x98,0x00,0x02,0x84,0x00,0x0f,
    0x02,0x00,0x07,0x0f,0x30,0x05,0x03,0x06,0x02,0x00,0x02,0x3a,0x01,0x02,0x10,0x01,
    0x06,0x02,0x00,0x06,0x3a,0x01,0x0c,0xee,0x00,0x0e,0x2c,0x00,0x0f,0x02,0x00,0x0d,
    0x0f,0xd4,0x01,0x0d,0x08,0x9c,0x0d,0x08,0x02,0x00,0x02,0x7c,0x05,0x02,0x9a,0x00,
    0x06,0x08,0x00,0x06,0xd0,0x00,0x06,0x9a,0x00,0x02,0xc8,0x32,0x02,0x9c,0x00,0x04,
    0xd4,0x01,0x0a,0x02,0x00,0x06,0xe6,0x00,0x08,0x3c,0x01,0x06,0x02,0x00,0x02,0x20,
    0x02,0x04,0x02,0x00,0x11,0xdf,0x0c,0x05,0x51,0xff,0xff,0x7f,0xf7,0x7f,0xd0,0x0a,
    0xb1,0xdf,0xff,0xdf,0xf7,0xff,0xff,0xfe,0xf7,0xfe,0xf7,0xff,0xb2,0x0a,0x52,0xdf,
    0xff,0xff,0xf7,0xdf,0x5c,0xab,0x41,0xf7,0xbf,0xf7,0xbf,0xbf,0x1a,0x02,0x22,0x00,
    0x02,0x8c,0x00,0x01,0x48,0x00,0x01,0x3a,0x00,0x31,0xfd,0xff,0xfe,0x0d,0x00,0x02,
    0x14,0x00,0x21,0xdf,0xf7,0x38,0x00,0x03,0x46,0x00,0x04,0xa0,0x0e,0x62,0x9f,0xf7,
    0x7f,0xf7,0xbe,0xf7,0xbc,0x22,0x02,0x02,0x00,0x01,0x33,0x00,0x0f,0x02,0x00,0x04,
    0x04,0x04,0xbd,0x0f,0x7c,0x05,0x09,0x22,0xef,0x7b,0x70,0x00,0x0a,0x02,0x00,0x08,
    0x3a,0x01,0x01,0xd4,0x00,0x12,0xff,0x26,0x00,0x02,0x06,0x00,0x0f,0x02,0x00,0x1b,
    0x0f,0xd4,0x01,0x0d,0x0f,0x68,0x01,0x05,0x02,0x88,0x01,0x0c,0x02,0x00,0x06,0x9a,
    0x00,0x0a,0x88,0x01,0x02,0xee,0x00,0x0f,0xd4,0x01,0x09,0x02,0xbc,0x00,0x0f,0xd4,
    0x01,0x10,0xc3,0xf7,0xff,0xff,0xbf,0xf7,0xbf,0xf7,0xff,0xff,0x9f,0xf7,0x9f,0x2a,
    0x2f,0x51,0xff,0xff,0xde,0xf7,0xfe,0xa0,0x01,0x03,0x5e,0x02,0x22,0xf7,0xff,0xf8,
    0x01,0x04,0x20,0x00,0x03,0x08,0x00,0x11,0xdf,0xe2,0x01,0x24,0xdf,0xf7,0x20,0x00,
    0x09,0xd4,0x01,0x12,0xf7,0x38,0x00,0x02,0x18,0x02,0x01,0xd4,0x01,0x61,0xf7,0xbe,
    0xff,0xff,0xff,0x9f,0x6c,0x00,0x08,0x98,0x00,0x02,0x1e,0x00,0x0f,0x02,0x00,0x07,
    0x06,0x72,0x03,0x0f,0x02,0x00,0x03,0x02,0x0e,0x03,0x0c,0x40,0x00,0x06,0x36,0x00,
    0x0e,0x3a,0x01,0x0c,0x2c,0x00,0x0f,0x02,0x00,0x0d,0x0f,0xd4,0x01,0x0b,0x0f,0xd8,
    0x36,0x07,0x02,0xd4,0x01,0x04,0x5c,0x05,0x02,0x78,0x00,0x17,0xdf,0x9a,0x00,0x0a,
    0xa8,0x03,0x02,0x6c,0x01,0x0f,0xd4,0x01,0x09,0x02,0x02,0x00,0x08,0x3c,0x01,0x06,
    0x02,0x00,0x04,0xe6,0x00,0x02,0x66,0x00,0x11,0xde,0xa2,0x01,0x0f,0x90,0x24,0x05,
    0x02,0x6a,0x00,0x06,0x02,0x00,0x02,0x34,0x00,0x04,0x02,0x00,0x19,0xfe,0xee,0x08,
    0x0f,0x02,0x00,0x0b,0x75,0x7c,0xf7,0xbe,0xff,0xfe,0xff,0x9f,0x1c,0x14,0x04,0x02,
    0x00,0x0f,0x36,0x00,0x03,0x02,0x0a,0x01,0x06,0x8e,0x17,0x0f,0xaa,0x03,0x07,0x02,
    0x3a,0x01,0x0c,0x02,0x00,0x08,0x0e,0x03,0x04,0x4c,0x00,0x02,0x24,0x00,0x02,0x56,
    0x00,0x06,0x0e,0x00,0x02,0x16,0x00,0x0f,0x02,0x00,0x09,0x0f,0xd4,0x01,0x0f,0x0f,
    0x80,0x3a,0x03,0x02,0x9a,0x00,0x02,0x7e,0x00,0x06,0xc0,0x07,0x06,0x20,0x08,0x04,
    0x88,0x01,0x11,0xff,0xc2,0x3a,0x04,0x22,0x00,0x04,0x3e,0x44,0x0a,0x02,0x00,0x06,
    0x36,0x1d,0x08,0xd4,0x01,0x24,0x65,0x29,0xc6,0x30,0x08,0x54,0xb1,0x04,0x24,0x09,
    0x51,0xff,0xff,0x9e,0xf7,0x9d,0x6c,0x05,0x0a,0x02,0x00,0x06,0xfe,0x00,0x0f,0x02,
    0x00,0x01,0x02,0x6c,0x05,0x0f,0x02,0x00,0x13,0x11,0x7c,0xa8,0x03,0x06,0xf0,0x15,
    0x04,0x02,0x00,0x02,0x84,0x00,0x0c,0x02,0x00,0x02,0x0a,0x01,0x62,0xdf,0xff,0xdf,
    0xff,0x8e,0x73,0x54,0x0a,0x0f,0x7c,0xa8,0x05,0x0c,0xce,0x00,0x02,0x02,0x00,0x06,
    0x3a,0x01,0x08,0x80,0x3a,0x06,0x02,0x00,0x2f,0xdb,0xde,0xce,0x01,0x11,0x02,0x02,
    0x00,0x0f,0xd4,0x01,0x0b,0x02,0x94,0x01,0x02,0xb0,0x00,0x0a,0x5e,0x10,0x02,0xd4,
    0x01,0x02,0x02,0x00,0x02,0xee,0x00,0x0a,0x9a,0x02,0x02,0x8e,0x17,0x02,0x88,0x00,
    0x06,0x84,0x02,0x0f,0x78,0x04,0x03,0x06,0x02,0x00,0x08,0xd4,0x01,0x06,0xe0,0x09,
    0x04,0x16,0x00,0x02,0x62,0x00,0x9b,0x20,0x00,0xe3,0x18,0x91,0x8c,0xde,0xff,0x9d,
    0xd4,0x01,0x02,0x6c,0x00,0x04,0x02,0x00,0x02,0x8c,0x05,0x0c,0x02,0x00,0x0f,0xd4,
    0x01,0x07,0x0a,0x3e,0x00,0x01,0x7c,0x05,0x1f,0xef,0xd4,0x01,0x03,0x0f,0x02,0x00,
    0x03,0x02,0x34,0x00,0x0a,0x30,0x01,0x04,0xb8,0x00,0x0f,0x02,0x00,0x31,0x02,0x70,
    0x01,0x04,0x52,0x01,0x0f,0x02,0x00,0x0b,0x0f,0xd4,0x01,0x0f,0x02,0x4a,0x00,0x02,
    0xf4,0x00,0x06,0x9e,0x00,0x02,0x64,0x00,0x02,0x02,0x00,0x06,0x16,0x00,0x06,0x02,
    0x00,0x08,0xa4,0x15,0x06,0x92,0x05,0x08,0x36,0x00,0x0f,0x02,0x00,0x01,0x08,0x06,
    0x01,0x02,0xec,0x0e,0x0e,0xd2,0x07,0x62,0x20,0x00,0xc3,0x18,0x71,0x8c,0x6e,0x01,
    0x0f,0x44,0x00,0x01,0x02,0x02,0x00,0x0f,0xd4,0x01,0x03,0x0f,0x02,0x00,0x19,0x02,
    0x1c,0x14,0x0e,0xa8,0x03,0x0f,0x02,0x00,0x03,0x08,0x16,0x02,0x02,0x00,0x03,0x0a,
    0xce,0x00,0x0f,0x02,0x00,0x2d,0x02,0xd0,0x41,0x04,0x88,0x01,0x0f,0x02,0x00,0x0b,
    0x0f,0xd4,0x01,0x11,0x06,0x02,0x00,0x06,0x9a,0x00,0x02,0x9e,0x01,0x02,0xbe,0x00,
    0x06,0x16,0x00,0x06,0x02,0x00,0x02,0xd4,0x01,0x02,0x3a,0x00,0x08,0xd4,0x01,0x04,
    0x14,0x00,0x0f,0x02,0x00,0x03,0x0c,0xd4,0x01,0x02,0x02,0x00,0x08,0x16,0x00,0x04,
    0xf0,0x15,0x6f,0xdf,0xff,0x9e,0xf7,0x9f,0xf7,0x4e,0x00,0x07,0x0f,0xd4,0x01,0x07,
    0x0f,0xac,0x03,0x07,0x0a,0x02,0x00,0x33,0x7e,0xef,0xbf,0x1a,0x2e,0x0f,0xfc,0x0b,
    0x05,0x08,0x02,0x00,0x02,0x0c,0x01,0x02,0x02,0x00,0x04,0x96,0x00,0x0c,0xb8,0x00,
    0x0f,0x02,0x00,0x15,0x02,0x90,0x04,0x0a,0x02,0x00,0x0f,0xd4,0x01,0x57,0x02,0x02,
    0x00,0x0a,0x7e,0x00,0x02,0x02,0x00,0x02,0x7c,0x05,0x02,0x20,0x00,0x08,0xd4,0x01,
    0x02,0x12,0x00,0x0f,0x02,0x00,0x05,0x08,0x06,0x01,0x04,0x7c,0x05,0x04,0x52,0x01,
    0x06,0xea,0x00,0x04,0xd4,0x01,0x02,0x22,0x0d,0x0f,0x02,0x00,0x03,0x0f,0xd2,0x02,
    0x13,0x0f,0x02,0x00,0x09,0x53,0x7e,0xef,0xdf,0xf7,0xff,0x48,0x12,0x08,0x98,0x00,
    0x0f,0x02,0x00,0x03,0x0a,0x4a,0x00,0x02,0xfa,0x00,0x0f,0x36,0x00,0x0f,0x0f,0x02,
    0x00,0x17,0x04,0x3a,0x01,0x02,0x5a,0x00,0x0f,0x02,0x00,0x0b,0x0f,0xa8,0x03,0x2b,
    0x02,0x02,0x00,0x0f,0x9a,0x00,0x01,0x08,0xf8,0x0a,0x0a,0x50,0x07,0x0f,0x02,0x00,
    0x09,0x08,0x06,0x01,0x04,0xd4,0x01,0x0a,0x16,0x00,0x02,0xa8,0x03,0x2f,0x71,0x94,
    0xf8,0x0a,0x05,0x04,0x02,0x00,0x02,0xb0,0x08,0x02,0x0e,0x00,0x0c,0xee,0x0a,0x0c,
    0xf0,0x01,0x04,0x28,0x00,0x02,0x02,0x00,0x04,0xe2,0x03,0x71,0x7d,0xef,0xde,0xf7,
    0xff,0xff,0xbc,0x1c,0x14,0x08,0x98,0x00,0x0f,0x02,0x00,0x01,0x08,0x3a,0x1c,0x06,
    0x4e,0x00,0x0f,0x36,0x00,0x0d,0x0f,0x02,0x00,0x19,0x0f,0xd4,0x01,0x51,0x02,0x08,
    0x44,0x02,0x3c,0x3c,0x06,0x9c,0x00,0x06,0x6c,0x4f,0x22,0x79,0xce,0x22,0x01,0x19,
    0xff,0xe2,0x12,0x24,0xef,0x7b,0x34,0x00,0x06,0xf4,0x01,0x42,0xff,0xff,0xf3,0x9c,
    0x4e,0x3b,0x08,0x2a,0x0a,0x02,0x90,0x52,0x02,0x02,0x00,0x08,0x6a,0x3c,0x02,0xd4,
    0x01,0x0f,0x88,0x2f,0x4f,0x04,0x48,0x12,0x2f,0x91,0x94,0xc6,0xc7,0x07,0x26,0xeb,
    0x5a,0xfa,0x00,0x06,0xca,0x01,0x06,0x02,0x00,0x08,0xb8,0x00,0x06,0x42,0x45,0x08,
    0x02,0x00,0x06,0xd8,0x0a,0x06,0x02,0x00,0x04,0x48,0x15,0x37,0xf7,0xbd,0xd7,0x0e,
    0x0b,0x04,0xd4,0x01,0x0f,0x02,0x00,0x11,0x0f,0xa8,0x03,0x25,0x0f,0x02,0x00,0x03,
    0x06,0x5c,0x03,0x0f,0x02,0x00,0x03,0x08,0x48,0x12,0x06,0x22,0x00,0x08,0x16,0x00,
    0x06,0x02,0x00,0x0f,0x4c,0x00,0x03,0x06,0xd4,0x01,0x02,0x9e,0x34,0x0f,0x02,0x00,
    0x47,0x11,0x9e,0xae,0x07,0x24,0x6d,0x6b,0x50,0x22,0x06,0x02,0x00,0x02,0x46,0x08,
    0x0a,0xb8,0x00,0x06,0x1e,0x00,0x0f,0x02,0x00,0x03,0x08,0xfa,0x02,0x06,0x02,0x00,
    0x0a,0x82,0x0a,0x02,0x5a,0x00,0x08,0x02,0x00,0x04,0x36,0x00,0x04,0xd4,0xd0,0x0f,
    0x3a,0x02,0x01,0x0e,0x02,0x00,0x0f,0xd4,0x01,0x33,0x04,0xec,0x06,0x0f,0x88,0x01,
    0x03,0x06,0x02,0x00,0x08,0xbe,0x01,0x0f,0x16,0x00,0x03,0x06,0x02,0x00,0x0f,0x4c,
    0x00,0x03,0x06,0xd4,0x01,0x0f,0x50,0x07,0x0b,0x0f,0x02,0x00,0x2d,0x64,0xdf,0xff,
    0x5d,0xef,0xbe,0xf7,0xb4,0x2d,0x02,0x56,0x04,0x04,0x52,0x01,0x04,0xbc,0x05,0x06,
    0xcc,0x1f,0x08,0x7c,0x05,0x0f,0x02,0x00,0x03,0x06,0x9e,0x01,0x06,0x4a,0x1f,0x06,
    0xd0,0x82,0x06,0x34,0x00,0x08,0x0c,0x00,0x06,0x36,0x00,0x0f,0xa8,0x03,0x85,0x04,
    0xda,0x02,0x02,0xd6,0x00,0x0f,0xd4,0x01,0x11,0x04,0x3c,0x01,0x08,0x02,0x00,0x08,
    0xd4,0x01,0x0f,0xcc,0x0c,0x09,0x0f,0x02,0x00,0x2f,0x02,0xc4,0x17,0x13,0x4d,0xd8,
    0x36,0x04,0x50,0x00,0x04,0xa4,0x03,0x0c,0x28,0x3e,0x0a,0x8c,0x01,0x0e,0x02,0x00,
    0x04,0xd4,0x01,0x08,0x02,0x00,0x06,0xd4,0x01,0x0f,0x3e,0x00,0x01,0x0a,0xe6,0x54,
    0x0f,0x32,0x0c,0x0d,0x08,0x02,0x00,0x0f,0xa8,0x03,0x33,0x04,0x02,0x00,0x0f,0x5c,
    0x03,0x03,0x06,0x56,0x04,0x0f,0xa8,0x03,0x35,0x0f,0xac,0x38,0x4f,0x02,0xd4,0x01,
    0x44,0xdf,0xff,0x2c,0x63,0x04,0x35,0x06,0xce,0x01,0x02,0x80,0x09,0x0a,0xea,0x14,
    0x02,0xe6,0x00,0x0f,0x02,0x00,0x07,0x02,0xd4,0x01,0x04,0xd0,0x02,0x04,0x02,0x00,
    0x04,0x4c,0x00,0x02,0x38,0x00,0x13,0xdf,0xe8,0x35,0x02,0x0e,0x00,0x0a,0x7a,0x26,
    0x02,0xae,0x11,0x02,0x02,0x00,0x02,0x1c,0x00,0x0f,0x02,0x00,0x07,0x0f,0xd4,0x01,
    0x1b,0x02,0xdc,0x2f,0x0c,0x02,0x00,0x04,0xa2,0x00,0x08,0xd4,0x01,0x0a,0x92,0x31,
    0x04,0x02,0x00,0x06,0xd6,0x0c,0x08,0x06,0x01,0x0f,0x7c,0xa8,0x01,0x24,0x10,0x84,
    0x9e,0x76,0x0a,0x02,0x00,0xc2,0x00,0x00,0x00,0x00,0xa2,0x10,0x10,0x84,0xdf,0xff,
    0xbe,0xf7,0x4e,0x38,0x0f,0x02,0x00,0x43,0x04,0x7c,0x05,0x24,0x75,0xad,0xbc,0x00,
    0x04,0x0c,0x31,0x02,0x7c,0x01,0x02,0x90,0x0b,0x06,0x1c,0x00,0x0f,0x02,0x00,0x01,
    0x06,0xf4,0x14,0x04,0xd4,0x01,0x02,0x20,0x02,0x06,0x2c,0x00,0x06,0xa0,0x01,0x04,
    0xac,0xd9,0x08,0x3a,0x63,0x0e,0x96,0x32,0x2f,0x10,0x84,0x5c,0x31,0x3f,0x0f,0x02,
    0x00,0x03,0x02,0xac,0x00,0x0a,0xd4,0x01,0x02,0xa2,0x0a,0x0f,0x02,0x00,0x09,0x0f,
    0x4c,0x00,0x03,0x06,0x02,0x00,0x06,0xf0,0x00,0x08,0x02,0x00,0x02,0xd4,0x01,0x22,
    0xef,0x7b,0xee,0x46,0x0f,0xa2,0x0e,0x09,0x0f,0x02,0x00,0x2b,0x46,0x9e,0xf7,0x3c,
    0xe7,0x88,0x2f,0x0f,0x6c,0x1b,0x03,0x04,0xba,0x03,0x04,0x96,0x3a,0x0c,0x02,0x00,
    0x06,0xb2,0x05,0x08,0xd4,0x01,0x22,0x10,0x84,0x9e,0x03,0x06,0xbe,0x04,0x0a,0x92,
    0x03,0x06,0xe2,0x66,0x02,0x24,0x00,0x02,0x02,0x00,0x08,0x3a,0x03,0x02,0x12,0x00,
    0x0f,0x02,0x00,0x07,0x0f,0xa8,0x03,0x1b,0x0f,0x02,0x00,0x01,0x08,0x48,0x12,0x06,
    0x7c,0x05,0x0f,0xd4,0x01,0x13,0x08,0xb6,0x00,0x0f,0x02,0x00,0x13,0x02,0x32,0x2d,
    0xa2,0x8a,0x52,0xff,0xff,0xff,0xff,0x5d,0xef,0x3c,0xe7,0x14,0x05,0x0a,0x02,0x00,
    0x0f,0x56,0x00,0x0d,0x0f,0x20,0x00,0x0d,0x91,0xff,0xff,0xbe,0xf7,0xfb,0xde,0x3c,
    0xe7,0xdf,0x64,0x00,0x08,0xd0,0x41,0x02,0x60,0x04,0x08,0x40,0x00,0x02,0x0c,0x00,
    0x08,0x04,0x01,0x06,0x02,0x00,0x02,0x5a,0x09,0x02,0xbc,0x01,0x02,0x7c,0x05,0x0f,
    0xee,0x08,0x07,0x06,0xc2,0x04,0x06,0x0a,0x02,0x02,0x34,0x02,0x02,0x62,0x00,0x0f,
    0xd4,0x01,0x59,0x0a,0xa4,0x02,0x06,0xa0,0x18,0x0f,0xd4,0x01,0x0b,0x02,0x84,0x2e,
    0x02,0xf0,0x00,0x0f,0x02,0x00,0x1b,0x02,0x18,0x01,0x42,0xa6,0x31,0x1c,0xe7,0xaa,
    0x03,0x06,0x6e,0x4c,0x06,0x50,0x00,0x08,0x0c,0x01,0x0a,0x02,0x00,0x06,0x24,0x00,
    0x02,0x0c,0x00,0x08,0x10,0x00,0x06,0x02,0x00,0x62,0xbe,0xf7,0x1c,0xe7,0xfb,0xde,
    0x78,0x52,0x68,0x7d,0xef,0xbe,0xf7,0xbe,0xf7,0xce,0x00,0x06,0x28,0x00,0x02,0x74,
    0x00,0x02,0x44,0x00,0x02,0x98,0x00,0x0a,0x02,0x00,0x06,0x9e,0x01,0x08,0xa8,0x03,
    0x04,0x72,0x05,0x02,0x38,0x00,0x04,0x02,0x00,0x06,0xf4,0x01,0x02,0x56,0x15,0x02,
    0xc4,0x00,0x06,0x26,0x00,0x0f,0xd4,0x01,0x59,0x0a,0xa4,0x02,0x0f,0xa8,0x03,0x1d,
    0x0f,0x02,0x00,0x1f,0x02,0x76,0xb6,0x62,0x61,0x08,0x30,0x84,0x7d,0xef,0x74,0x50,
    0x11,0x1c,0x24,0x05,0x04,0x00,0x01,0x0a,0x2a,0x01,0x0f,0x02,0x00,0x05,0x04,0x2e,
    0x00,0x0e,0x02,0x00,0xb1,0xdf,0xff,0x5d,0xef,0x9a,0xd6,0xdb,0xde,0x9e,0xf7,0xdf,
    0xae,0x03,0x02,0xa6,0x0e,0x0e,0xd4,0x01,0x0a,0x42,0x00,0x0f,0xa8,0x03,0x0d,0x08,
    0xb4,0x01,0x02,0xd4,0x01,0x02,0xa8,0x00,0x02,0x06,0x00,0x0a,0x7c,0x05,0x08,0xde,
    0x03,0x02,0x22,0x00,0x04,0x32,0x0c,0x04,0x02,0x00,0x02,0x32,0x00,0x0f,0x02,0x00,
    0x07,0x0f,0x7c,0x05,0x2f,0x08,0xa4,0x02,0x42,0xf7,0xbd,0xff,0xff,0x3a,0x03,0x08,
    0x06,0x01,0x0f,0x02,0x00,0x03,0x0f,0x94,0x00,0x07,0x0f,0x02,0x00,0x09,0x02,0xde,
    0x0d,0x42,0x20,0x00,0xe3,0x18,0x82,0x08,0xf6,0x03,0xbe,0xf7,0xbe,0xf7,0x3c,0xe7,
    0x5d,0xef,0x3c,0xe7,0x5d,0xef,0x5d,0xef,0x5d,0xef,0x3c,0xe7,0x02,0x00,0x02,0x12,
    0x00,0x04,0x02,0x00,0x04,0x10,0x00,0x71,0x3c,0xe7,0x3c,0xe7,0x7d,0xef,0x1c,0x28,
    0x00,0x0f,0x1c,0x00,0x01,0x31,0x3c,0xe7,0x9e,0xda,0x22,0x7f,0xff,0xff,0x5d,0xef,
    0x9e,0xf7,0xbe,0x14,0x1f,0x04,0x02,0x70,0x01,0x06,0x50,0x03,0x0a,0xe4,0x00,0x02,
    0xe0,0x0a,0x04,0x9e,0x01,0x02,0x2a,0x1f,0x02,0x14,0x00,0x02,0xc2,0x0a,0x02,0x0c,
    0x03,0x04,0x08,0x00,0x17,0xdf,0x7c,0x05,0x08,0xbe,0x42,0x04,0x22,0x00,0x02,0x92,
    0x31,0x02,0xc4,0x25,0x2f,0x41,0x08,0x3a,0x01,0x0f,0x0f,0xd4,0x01,0x1b,0x0a,0xba,
    0x00,0x04,0x02,0x00,0x02,0x76,0x00,0x04,0x9a,0x00,0x02,0x7c,0xaa,0x04,0xd0,0x00,
    0x0f,0x02,0x00,0x07,0x02,0x16,0x01,0x02,0xb0,0x00,0x04,0x4a,0x00,0x0f,0x02,0x00,
    0x0f,0x04,0x1a,0x01,0x82,0x20,0x00,0xa2,0x10,0x0c,0x63,0xba,0xd6,0x94,0x4a,0x04,
    0x2c,0x09,0x0a,0x08,0x01,0x0f,0x02,0x00,0x01,0x02,0x76,0x00,0x08,0x06,0x00,0x04,
    0x26,0x00,0x02,0x0a,0x00,0x02,0xa8,0x01,0xb1,0x9e,0xf7,0x18,0xc6,0x49,0x4a,0xb6,
    0xb5,0x3c,0xe7,0x9e,0x78,0x1f,0x02,0x16,0x00,0x02,0x8a,0x01,0x02,0x08,0x00,0x0c,
    0xa0,0x0e,0x04,0x40,0x00,0x06,0x9e,0x01,0x06,0x02,0x00,0x04,0xb4,0x00,0x0e,0x02,
    0x00,0x02,0x48,0x00,0x08,0x02,0x00,0x04,0xca,0x00,0x02,0x02,0x00,0x06,0x66,0x07,
    0x04,0xf4,0x42,0x02,0xf0,0x00,0x0f,0x02,0x00,0x0b,0x0f,0xd4,0x01,0x2f,0x08,0x44,
    0x11,0x0a,0x16,0x06,0x0f,0x02,0x00,0x0b,0x02,0x58,0x01,0x0f,0xd4,0x01,0x1d,0x02,
    0xa8,0x03,0x02,0x06,0x00,0xd3,0x20,0x00,0xeb,0x5a,0x96,0xb5,0x9a,0xd6,0x79,0xce,
    0xbe,0xf7,0x9e,0x02,0x00,0x42,0xdb,0xde,0xba,0xd6,0x04,0x00,0x48,0xfb,0xde,0xbe,
    0xf7,0x02,0x00,0xa2,0x9e,0xf7,0x7d,0xef,0x9e,0xf7,0x3c,0xe7,0xdb,0xde,0x20,0x00,
    0x22,0x9a,0xd6,0x34,0x00,0x24,0xbe,0xf7,0x16,0x00,0x02,0x1a,0x00,0xf3,0x00,0xba,
    0xd6,0x59,0xce,0xf3,0x9c,0xe7,0x39,0x00,0x00,0x96,0xb5,0x9e,0xf7,0xbe,0x2a,0x23,
    0x0f,0xcc,0x00,0x01,0x08,0x8c,0x02,0x06,0x22,0x00,0x06,0x04,0x01,0x08,0x02,0x00,
    0x02,0x66,0x03,0x0c,0x02,0x00,0x0e,0x56,0x00,0x02,0x16,0x01,0x04,0x3a,0x02,0x08,
    0xd4,0x01,0x02,0x52,0x02,0x0e,0x32,0x00,0x0e,0x02,0x00,0x0f,0xd4,0x01,0x2f,0x02,
    0xa4,0x02,0x02,0x6e,0x00,0x02,0xa8,0x37,0x0c,0x96,0x9a,0x0e,0x02,0x00,0x02,0x2e,
    0x00,0x04,0x02,0x00,0x08,0x1c,0x01,0x0f,0x02,0x00,0x0d,0x02,0xd0,0x01,0x06,0x02,
    0x00,0xf1,0x0e,0x61,0x08,0xe7,0x39,0x08,0x42,0xba,0xd6,0x9a,0xd6,0x9a,0xd6,0x79,
    0xce,0x9a,0xd6,0x8e,0x73,0x8a,0x52,0xaa,0x52,0x8a,0x52,0x8a,0x52,0x8e,0x73,0x9a,
    0x16,0x00,0x04,0x02,0x00,0x02,0x24,0x00,0x31,0x92,0x94,0x8a,0x1e,0x00,0x44,0xaa,
    0x52,0xaa,0x52,0x1a,0x00,0x06,0x16,0x00,0x82,0x8a,0x52,0x69,0x4a,0x08,0x42,0x04,
    0x21,0x66,0x00,0x22,0x96,0xb5,0x7e,0x5b,0x02,0xa8,0x00,0x04,0x08,0x00,0x02,0x02,
    0x00,0x02,0xe4,0x06,0x02,0x28,0x00,0x02,0x04,0x01,0x02,0x74,0x01,0x08,0x3c,0xe5,
    0x0f,0x02,0x00,0x0f,0x02,0x34,0x00,0x02,0x3c,0x00,0x0f,0x02,0x00,0x01,0x06,0xd4,
    0x01,0x04,0x40,0x1d,0x0f,0x26,0x00,0x01,0x0c,0x02,0x00,0x0f,0xd4,0x01,0x0d,0x02,
    0x38,0x02,0x02,0x08,0x00,0x0f,0x7c,0x05,0x05,0x06,0x6a,0x00,0x06,0xa4,0x02,0x04,
    0x00,0x47,0x0f,0x02,0x00,0x11,0x0f,0xd4,0x01,0x19,0x0f,0x02,0x00,0x03,0x33,0xba,
    0xd6,0xba,0xd4,0x01,0x15,0xa6,0x80,0xcc,0x26,0xa6,0x31,0xb4,0x01,0x04,0xf2,0x01,
    0x22,0x9a,0xd6,0xec,0x13,0x02,0x8c,0x01,0x02,0x18,0x00,0x06,0x16,0x00,0x02,0xfe,
    0x03,0x02,0x08,0x00,0x02,0x74,0xb3,0x02,0xac,0x02,0x04,0x38,0x03,0x06,0xe8,0x00,
    0x02,0x8c,0x01,0x02,0x14,0xd5,0x02,0x36,0x00,0x02,0x24,0x00,0x04,0x80,0x06,0x04,
    0x62,0x00,0x04,0x02,0x00,0x02,0x26,0x00,0x0e,0x02,0x00,0x02,0x4a,0x00,0x02,0x4e,
    0x00,0x04,0x60,0x00,0x02,0x0a,0x00,0x02,0x4c,0x00,0x06,0x50,0x01,0x02,0xd4,0x01,
    0x0f,0x02,0x00,0x13,0x0f,0xd4,0x01,0x0f,0x04,0x02,0x00,0x0f,0xd4,0x01,0x07,0x06,
    0x6a,0x00,0x06,0x84,0x00,0x06,0xd4,0x01,0x02,0x9e,0x00,0x02,0x40,0x00,0x06,0x08,
    0x00,0x08,0x02,0x00,0x0f,0xd4,0x01,0x0f,0x0f,0x14,0x01,0x05,0x04,0x1a,0x00,0x51,
    0x3c,0xe7,0x3c,0xe7,0x1c,0x02,0x00,0x15,0xc7,0xce,0x4d,0x22,0xc7,0x39,0x12,0x00,
    0x02,0x02,0x00,0x22,0xfb,0xde,0x08,0x00,0x26,0x8e,0x73,0x5a,0x01,0x02,0x12,0x00,
    0x0a,0x16,0x00,0x08,0x6a,0x00,0x04,0xc6,0x0b,0x02,0x02,0x01,0x0c,0xbc,0x00,0x08,
    0xd4,0x01,0x15,0x00,0xac,0xad,0x08,0x3c,0x29,0x06,0x4c,0x00,0x06,0x0a,0x00,0x0a,
    0x02,0x00,0x08,0x06,0x01,0x02,0x60,0x00,0x02,0x6c,0x00,0x02,0x02,0x00,0x08,0x50,
    0x01,0x0f,0xd4,0x01,0x39,0x0a,0x84,0x8a,0x0f,0x02,0x00,0x13,0x28,0x10,0x84,0x18,
    0x13,0x06,0xe2,0x12,0x22,0x10,0x84,0xc0,0x0e,0x0c,0x02,0x00,0x0f,0x64,0x13,0x03,
    0x24,0x04,0x21,0x00,0x01,0x0f,0xea,0x76,0x09,0x02,0xc6,0xbb,0x22,0xae,0x73,0x02,
    0x00,0x19,0xcf,0x1c,0x76,0x11,0x9e,0xd2,0x62,0xe2,0x9e,0xf7,0x9e,0xf7,0x92,0x94,
    0x8e,0x73,0xae,0x73,0x8e,0x73,0xae,0x73,0x46,0x45,0x91,0xcf,0x7b,0xcf,0x7b,0xcf,
    0x7b,0x8e,0x73,0x8e,0x14,0x00,0xaa,0xae,0x73,0xcf,0x7b,0xcf,0x7b,0xef,0x7b,0xae,
    0x73,0x0a,0x77,0x04,0xd4,0x01,0x0a,0x04,0x01,0x06,0x7e,0x01,0x22,0xf7,0xbd,0x80,
    0x00,0x22,0xef,0x7b,0xa0,0x0c,0x02,0x92,0x01,0x06,0x60,0xee,0x02,0xca,0x13,0x02,
    0x08,0x00,0x06,0xce,0x00,0x08,0x02,0x00,0x06,0x0a,0x01,0x06,0xc8,0xed,0x08,0x40,
    0xd1,0x06,0x16,0x00,0x08,0x02,0x00,0x06,0x36,0x00,0x0f,0x02,0x00,0x03,0x0f,0xa8,
    0x03,0x0f,0x08,0x58,0x4b,0x0f,0x44,0x00,0x03,0x06,0xa6,0x00,0x04,0x18,0x26,0x02,
    0x96,0x03,0x0e,0x6e,0x02,0x0f,0x90,0x00,0x0f,0x04,0x1a,0x01,0x06,0x98,0x06,0x44,
    0x20,0x00,0xe7,0x39,0x4a,0x00,0x0e,0x02,0x00,0x02,0x40,0x03,0x06,0x82,0x00,0x04,
    0x02,0x00,0x42,0x20,0x00,0xe7,0x39,0x36,0x10,0x08,0x4c,0x00,0x04,0x40,0x0a,0x02,
    0x02,0x00,0x04,0x2c,0x00,0x08,0x16,0x00,0x08,0x84,0x0d,0x04,0xd4,0x01,0x0c,0x04,
    0x01,0x02,0xde,0x00,0x02,0xaa,0x00,0x02,0x06,0x00,0x02,0xae,0x0a,0x08,0x0e,0x00,
    0x02,0x0c,0x00,0x02,0x02,0x00,0x02,0x82,0x00,0x0f,0xac,0x03,0x01,0x02,0x20,0x00,
    0x1b,0xff,0xcc,0x0c,0x06,0x3e,0x00,0x02,0x46,0x00,0x02,0xbc,0x07,0x02,0xee,0x03,
    0x02,0x92,0x72,0x0f,0x02,0x00,0x0b,0x0f,0xd4,0x01,0x0f,0x04,0xec,0x14,0x0e,0x4e,
    0x00,0x02,0x50,0x01,0x08,0xd4,0x01,0x28,0xd7,0xbd,0x6e,0x00,0x02,0x92,0x00,0x08,
    0x9c,0x4e,0x04,0x62,0xba,0x0f,0x02,0x00,0x11,0x0e,0xc8,0x05,0x04,0x50,0x00,0x06,
    0x02,0x00,0x04,0x12,0x00,0x06,0x9e,0x01,0x02,0x02,0x00,0x02,0xf6,0x44,0x02,0xf6,
    0x05,0x0e,0x82,0x00,0x04,0x38,0x00,0x02,0x2c,0x00,0x02,0x64,0xb6,0x02,0x14,0x19,
    0x0a,0xe8,0x95,0x06,0xd4,0x01,0x08,0x04,0x01,0x06,0x40,0x00,0x06,0x60,0x00,0x06,
    0x14,0x00,0x0a,0x02,0x00,0x06,0x22,0x00,0x06,0xee,0x08,0x08,0x02,0x00,0x06,0x2e,
    0x00,0x06,0xf4,0x01,0x0f,0xa4,0x43,0x01,0x02,0xe8,0x05,0x04,0x02,0x00,0x06,0x36,
    0x00,0x0f,0x02,0x00,0x03,0x0f,0xd4,0x01,0x0d,0x0f,0x44,0x11,0x01,0x0a,0x02,0x00,
    0x08,0xf0,0x02,0x0e,0xa8,0x03,0x08,0x84,0x02,0x0f,0x16,0x06,0x19,0x08,0x98,0x06,
    0x02,0xec,0x0e,0x02,0x5c,0x03,0x0a,0x7c,0x00,0x02,0x26,0x03,0x08,0x9e,0x01,0x04,
    0x02,0x00,0x02,0xbc,0x0f,0x02,0x22,0x00,0x04,0x20,0x02,0x06,0x96,0x53,0x02,0x86,
    0x01,0x04,0x2c,0x00,0x02,0x40,0x04,0x02,0x16,0x00,0x08,0x96,0x04,0x04,0xd4,0x01,
    0x0c,0x04,0x01,0x06,0x58,0x00,0x04,0x80,0x00,0x02,0x3c,0x00,0x02,0x10,0x00,0x02,
    0x0e,0x00,0x02,0x08,0x00,0x02,0xd4,0x01,0x0a,0x1a,0x07,0x08,0x02,0x00,0x02,0x28,
    0x00,0x0a,0x24,0x01,0x02,0xee,0x00,0x02,0x36,0x00,0x02,0x58,0x00,0x04,0xa8,0x03,
    0x04,0x02,0x00,0x02,0x32,0x00,0x0f,0x02,0x00,0x07,0x0f,0xd4,0x01,0x0d,0x06,0x8e,
    0x04,0x0e,0xa8,0x03,0x04,0x7a,0x00,0x04,0x6c,0x00,0x02,0x44,0x24,0x0e,0xdc,0x00,
    0x06,0xa4,0x02,0x08,0xaa,0x1a,0x0f,0x02,0x00,0x0d,0x0a,0xa8,0x03,0x02,0xde,0x00,
    0x0f,0x34,0x00,0x05,0x04,0x82,0x00,0x08,0x02,0x00,0x06,0xf0,0x02,0x02,0x20,0x02,
    0x02,0xfc,0x04,0x02,0xfe,0x05,0x02,0x4a,0x00,0x06,0x2e,0x00,0x06,0x16,0x00,0x0f,
    0x7c,0x05,0x05,0x02,0x2c,0x00,0x0c,0x04,0x01,0x02,0x48,0x00,0x02,0x76,0x01,0x08,
    0x02,0x00,0x02,0x18,0x00,0x04,0x1a,0x00,0x02,0x0e,0x0b,0x02,0x80,0x00,0x0a,0x02,
    0x00,0x06,0x34,0x00,0x0a,0xa8,0x03,0x04,0x40,0x00,0x02,0x3c,0x00,0x06,0xa8,0x03,
    0x02,0x44,0x00,0x06,0x36,0x00,0x0f,0x02,0x00,0x03,0x0f,0xd4,0x01,0x0d,0x0a,0xe6,
    0x00,0x06,0x44,0x00,0x08,0x06,0x76,0x06,0xa8,0x00,0x06,0x64,0x26,0x08,0x02,0x00,
    0x22,0xeb,0x5a,0xb4,0xed,0x08,0x46,0x31,0x08,0x02,0x00,0x06,0x4c,0x00,0x08,0x9a,
    0x26,0x06,0x0a,0x02,0x06,0x44,0x0b,0x0f,0x02,0x00,0x01,0x0a,0xa8,0x03,0x42,0x65,
    0x29,0x08,0x42,0xc8,0x26,0x02,0x02,0x3b,0x02,0x02,0x00,0x42,0x8e,0x73,0xe7,0x39,
    0x84,0x00,0x26,0xef,0x7b,0x9a,0x00,0x06,0xb8,0x00,0x02,0xd4,0x01,0x08,0xc2,0x77,
    0x64,0xe7,0x39,0xe7,0x39,0xf3,0x9c,0x2c,0x00,0x08,0x18,0x3b,0x02,0x28,0x00,0x37,
    0xff,0xff,0xdf,0xb8,0x00,0x08,0x02,0x00,0x06,0x24,0x26,0x08,0x02,0x00,0x06,0x2e,
    0x26,0x22,0xe3,0x18,0x5e,0x00,0x24,0xe7,0x39,0x92,0x03,0x11,0xff,0x54,0x56,0x02,
    0xb6,0x00,0x0e,0x4a,0x32,0x02,0x02,0x00,0x04,0x96,0x32,0x2f,0x08,0x42,0x0e,0x01,
    0x0b,0x02,0x96,0x04,0x06,0xd0,0x00,0x0f,0x02,0x00,0x03,0x08,0xfc,0x00,0x06,0x22,
    0x00,0x0f,0x80,0x0c,0x0f,0x06,0x02,0x00,0x06,0xc4,0x04,0x0f,0x02,0x00,0x03,0x06,
    0x4c,0x00,0x08,0xe6,0x00,0x06,0xa8,0x03,0x08,0x16,0x00,0x0f,0x02,0x00,0x03,0x0a,
    0x6c,0x00,0x0f,0xd4,0x03,0x09,0x06,0x6c,0x00,0x08,0x02,0x00,0x06,0x04,0x01,0x08,
    0x22,0x03,0x06,0x56,0x02,0x08,0x02,0x00,0x06,0x82,0x00,0x0f,0x4c,0x00,0x03,0x0f,
    0x02,0x00,0x0d,0x06,0x6c,0x00,0x08,0x6e,0x00,0x02,0x02,0x00,0x0f,0xbe,0x2f,0x07,
    0x08,0x36,0x00,0x0f,0x02,0x00,0x0d,0x0f,0xd4,0x01,0x87,0x06,0x52,0x01,0x0f,0xd4,
    0x01,0x0d,0x0c,0xd2,0x07,0x04,0xf4,0x04,0x0f,0x02,0x00,0x01,0x0f,0x88,0x01,0x03,
    0x04,0x32,0x01,0x06,0xd2,0x01,0x0a,0xe4,0x06,0x08,0x02,0x00,0x02,0x1c,0x00,0x0f,
    0xd4,0x14,0x21,0x02,0x02,0x00,0x04,0x6c,0x00,0x0c,0x02,0x00,0x02,0x72,0x05,0x06,
    0xec,0x06,0x0a,0x02,0x00,0x04,0xb6,0x06,0x0a,0xa2,0x00,0x0f,0x02,0x00,0x03,0x0f,
    0xd4,0x01,0x2d,0x02,0xe2,0x05,0x0f,0x02,0x00,0x0b,0x0f,0xa8,0x03,0x0d,0x06,0x80,
    0x27,0x06,0x04,0x07,0x0f,0xd4,0x01,0x7b,0x08,0xe6,0x00,0x06,0x48,0x01,0x04,0x20,
    0x02,0x08,0x1e,0x00,0x0f,0x02,0x00,0x0f,0x04,0xcc,0x0e,0x02,0xa0,0x01,0x02,0x54,
    0x04,0x06,0x06,0x00,0x0a,0x18,0x05,0x06,0x02,0x00,0x04,0x74,0x10,0x02,0x2c,0x00,
    0x0f,0x02,0x00,0x0b,0x0f,0xd4,0x01,0x2d,0x0f,0x02,0x00,0x11,0x04,0x0e,0x0b,0x0f,
    0x02,0x00,0x05,0x06,0x7c,0x0d,0x08,0xd4,0x01,0x0f,0x7c,0x05,0x27,0x0f,0xfa,0x00,
    0x05,0x0c,0x40,0x0a,0x06,0x02,0x00,0x0f,0x06,0x03,0x03,0x06,0x82,0x00,0x08,0x02,
    0x00,0x06,0xc6,0x00,0x04,0xd4,0x01,0x0f,0x02,0x00,0x1b,0x04,0xd4,0x01,0x06,0x9e,
    0x01,0x02,0x0a,0x00,0x04,0x06,0x00,0x08,0xec,0x06,0x06,0x02,0x00,0x06,0xd4,0x01,
    0x06,0x80,0x00,0x0f,0x02,0x00,0x05,0x0f,0xd4,0x01,0x55,0x0f,0x02,0x00,0x09,0x08,
    0xa8,0x03,0x02,0x7a,0x01,0x0f,0xa8,0x03,0x17,0x02,0xe4,0x00,0x06,0xfc,0x00,0x04,
    0x14,0x04,0x02,0x18,0x00,0x0e,0x02,0x00,0x0f,0x88,0x01,0x03,0x06,0x10,0x05,0x04,
    0x80,0x0c,0x08,0x06,0x5d,0x0a,0x02,0x00,0x06,0x54,0x00,0x0f,0x4c,0x00,0x03,0x0f,
    0x02,0x00,0x0d,0x04,0x40,0x02,0x02,0x02,0x00,0x06,0x70,0x00,0x04,0x02,0x00,0x0f,
    0xd4,0x01,0x03,0x04,0x0a,0x02,0x0f,0x02,0x00,0x11,0x0f,0xd4,0x01,0x31,0x02,0x9a,
    0x09,0x0f,0x02,0x00,0x07,0x06,0x54,0x44,0x08,0x4e,0x8a,0x06,0x02,0x00,0x06,0xd4,
    0x01,0x22,0x82,0x10,0x10,0x0a,0x0a,0x26,0xed,0x08,0x50,0x07,0x02,0x1c,0x00,0x0c,
    0x02,0x00,0x06,0x7c,0x00,0x06,0x3c,0x73,0x04,0x84,0x82,0x04,0x02,0x00,0x02,0x58,
    0x0a,0x0f,0xa4,0x13,0x03,0x06,0x9a,0x82,0x22,0x8e,0x73,0x66,0x01,0x02,0xce,0x77,
    0x02,0xe2,0x30,0x0f,0xf8,0x0a,0x03,0x0a,0xd4,0x01,0x06,0x82,0x00,0x0f,0x02,0x00,
    0x0d,0x22,0xef,0x7b,0xbe,0x0a,0x22,0xe7,0x39,0x12,0x3e,0x02,0x02,0x00,0x24,0x8e,
    0x73,0xa2,0x00,0x06,0x22,0x0b,0x08,0x02,0x00,0x02,0xcc,0x32,0x02,0x36,0x00,0x02,
    0x32,0x00,0x0f,0x02,0x00,0x07,0x0f,0xd4,0x01,0x31,0x0f,0x5e,0x00,0x07,0x02,0x30,
    0x03,0x06,0xe4,0x60,0x06,0x10,0x03,0x08,0x02,0x00,0x06,0xd4,0x01,0x04,0x96,0x17,
    0x02,0xbe,0x4e,0x02,0x10,0x00,0x0a,0xd4,0x01,0x04,0x14,0x00,0x0a,0x02,0x00,0x02,
    0x84,0x01,0x02,0x02,0x00,0x02,0x5a,0x00,0x0f,0xc4,0x04,0x05,0x0f,0x02,0x00,0x07,
    0x02,0x70,0x00,0x02,0x7e,0x12,0x04,0x46,0x00,0x02,0x48,0x03,0x0a,0x3c,0x03,0x02,
    0x60,0x00,0x0c,0xd4,0x01,0x02,0x12,0x00,0x0f,0x02,0x00,0x0f,0x04,0x12,0x12,0x02,
    0xe2,0x00,0x06,0x68,0x00,0x06,0x18,0x54,0x02,0x88,0x00,0x0a,0x02,0x00,0x04,0x16,
    0x55,0x02,0x1c,0x00,0x0f,0x66,0x00,0x0d,0x0f,0xd4,0x01,0x1b,0x06,0x84,0x00,0x06,
    0x78,0x04,0x08,0x9a,0x00,0x0f,0x02,0x00,0x01,0x08,0x14,0x0c,0x06,0xd4,0x01,0x06,
    0x4a,0x00,0x08,0x4c,0x00,0x0f,0x02,0x00,0x03,0x08,0xa8,0x03,0x0f,0x22,0x00,0x01,
    0x0f,0x82,0x00,0x03,0x0f,0xc4,0x04,0x03,0x0f,0x02,0x00,0x0d,0x02,0x06,0x03,0x04,
    0xd6,0x01,0x04,0xa6,0x00,0x08,0x4c,0x00,0x06,0xe4,0x00,0x06,0x04,0x01,0x08,0x16,
    0x00,0x04,0x34,0x00,0x08,0x0a,0x00,0x08,0x02,0x00,0x0c,0x36,0x00,0x02,0x30,0x00,
    0x06,0xe6,0x0b,0x0f,0x02,0x00,0x0f,0x08,0x4e,0x00,0x0f,0x02,0x00,0x01,0x0f,0xd4,
    0x01,0x1b,0x02,0x42,0x00,0x0c,0x6c,0x08,0x02,0x12,0x00,0x0e,0x02,0x00,0x02,0xae,
    0x00,0x08,0xb0,0x00,0x0f,0x16,0x06,0x03,0x08,0xe6,0x00,0x0f,0x02,0x00,0x01,0x0f,
    0xd4,0x01,0x0d,0x0f,0x82,0x00,0x03,0x08,0x88,0x01,0x0f,0x02,0x00,0x17,0x02,0x30,
    0x18,0x08,0x92,0x01,0x0f,0xa8,0x03,0x43,0x02,0x74,0x03,0x02,0x6a,0x00,0x02,0x28,
    0x10,0x0f,0xa4,0x00,0x09,0x02,0xa0,0x03,0x04,0x02,0x00,0x02,0x32,0x00,0x0f,0x02,
    0x00,0x07,0x0f,0xd4,0x01,0x1d,0x04,0x86,0x00,0x06,0x88,0x01,0x0f,0x26,0x03,0x03,
    0x02,0x16,0x01,0x02,0x2e,0x00,0x06,0x84,0x02,0x04,0xa8,0x03,0x02,0xbc,0x0b,0x02,
    0x26,0x00,0x08,0x4c,0x00,0x0f,0x02,0x00,0x03,0x0f,0xd4,0x01,0x0d,0x0f,0x82,0x00,
    0x03,0x0f,0xd4,0x01,0x25,0x04,0xba,0x00,0x08,0xa4,0x00,0x08,0x4c,0x00,0x04,0xb6,
    0x00,0x0a,0xb8,0x00,0x02,0x16,0x00,0x0a,0x36,0x00,0x0f,0x02,0x00,0x03,0x06,0x3a,
    0x01,0x08,0x36,0x00,0x04,0xd4,0x01,0x02,0x94,0x05,0x0f,0x08,0x01,0x03,0x04,0x02,
    0x00,0x0f,0x58,0x00,0x03,0x06,0x02,0x00,0x0f,0xd4,0x01,0x1d,0x04,0x02,0x00,0x02,
    0xa4,0x8a,0x02,0xb6,0x07,0x0f,0x16,0x08,0x05,0x04,0x26,0x13,0x22,0x0c,0x63,0x00,
    0x08,0x08,0x1c,0x14,0x24,0xdf,0xff,0x1e,0x00,0x02,0x36,0x08,0x02,0xba,0x13,0x08,
    0x20,0x08,0x22,0x86,0x31,0x36,0x00,0x0a,0xe6,0x13,0x02,0xd8,0x00,0x17,0x20,0x36,
    0x08,0x0f,0x82,0x00,0x05,0x02,0xd6,0x3a,0x0c,0x02,0x00,0x08,0x24,0x09,0x02,0x3c,
    0x00,0x0a,0x3a,0x09,0x26,0x86,0x31,0xce,0x00,0x06,0xbc,0x31,0x0f,0xd4,0x01,0x15,
    0x02,0x5e,0x14,0x04,0xda,0x00,0x08,0xea,0x14,0x06,0x02,0x00,0x02,0x3a,0x01,0x02,
    0xdc,0x00,0x06,0x16,0x00,0x04,0x24,0x09,0x19,0x28,0xae,0x45,0x02,0x04,0x01,0x28,
    0x08,0x42,0xa2,0x00,0x0f,0xd4,0x01,0x43,0x06,0x62,0x03,0x02,0xd4,0x02,0x02,0x68,
    0x01,0x0e,0x02,0x00,0x04,0x70,0x02,0x04,0x60,0x0c,0x02,0x2e,0x00,0x02,0x3e,0x00,
    0x0f,0x84,0x6f,0x0f,0x02,0x36,0x00,0x02,0x2e,0x00,0x06,0x08,0x00,0x06,0x66,0x00,
    0x04,0xf4,0x03,0x0a,0x48,0x12,0x06,0x02,0x00,0x08,0x32,0x01,0x02,0x26,0x00,0x0c,
    0x5c,0x03,0x02,0x12,0x00,0x06,0x16,0x00,0x04,0xb0,0x00,0x04,0x02,0x00,0x02,0x82,
    0x00,0x0c,0x08,0x10,0x02,0x12,0x00,0x06,0x36,0x00,0x02,0x02,0x00,0x02,0x12,0x00,
    0x0a,0x46,0x05,0x02,0x9c,0x07,0x0f,0x02,0x00,0x09,0x08,0x0c,0x04,0x02,0x02,0x00,
    0x0a,0xdc,0x09,0x02,0x82,0x00,0x0f,0x70,0x35,0x1f,0x06,0x1c,0x01,0x0f,0x02,0x00,
    0x03,0x0f,0xa4,0x02,0x03,0x06,0x10,0x01,0x0f,0xd4,0x01,0x07,0x04,0x02,0x00,0x02,
    0x9a,0x00,0x0a,0x02,0x00,0x08,0x36,0x00,0x02,0x82,0x00,0x0c,0xb8,0x06,0x02,0x36,
    0x00,0x04,0x04,0x02,0x04,0x02,0x00,0x04,0x54,0x00,0x08,0x9c,0x07,0x08,0x4c,0x00,
    0x06,0x02,0x00,0x0f,0xd4,0x01,0x0f,0x04,0x54,0x00,0x0a,0x10,0x05,0x06,0x02,0x00,
    0x24,0xf7,0xbd,0xe6,0x00,0x0f,0x04,0x01,0x03,0x08,0xb0,0x0b,0x04,0x4c,0x00,0x06,
    0x46,0x05,0x0e,0x82,0x00,0x02,0xe4,0x00,0x04,0x02,0x00,0x04,0xd0,0x01,0x04,0x64,
    0x00,0x04,0x02,0x00,0x08,0x6c,0x00,0x06,0x04,0x01,0x0e,0xb2,0x05,0x0f,0x02,0x00,
    0x07,0x0f,0xd4,0x01,0x1d,0x0c,0x82,0x00,0x0f,0x52,0x01,0x05,0x08,0x02,0x00,0x0a,
    0x2a,0x1f,0x04,0x02,0x00,0x06,0x22,0x00,0x02,0xd4,0x01,0x0c,0x10,0x03,0x02,0xd0,
    0x00,0x0c,0x02,0x00,0x06,0x36,0x00,0x04,0x5a,0x11,0x0f,0x82,0x00,0x05,0x0c,0xd4,
    0x01,0x02,0x02,0x00,0x08,0x1c,0x01,0x06,0xcc,0x00,0x08,0x16,0x00,0x06,0x02,0x00,
    0x02,0x82,0x00,0x0c,0x6c,0x02,0x02,0x48,0x00,0x0e,0xe0,0x2b,0x04,0x02,0x00,0x06,
    0x3e,0x08,0x0f,0xa8,0x03,0x09,0x06,0x7c,0x00,0x08,0x02,0x00,0x0c,0xd8,0x77,0x06,
    0x82,0x00,0x0f,0x40,0x02,0x01,0x0f,0x02,0x00,0x05,0x0f,0xd4,0x01,0x27,0x06,0x42,
    0x03,0x06,0x06,0x01,0x0f,0x02,0x00,0x03,0x0f,0xd4,0x01,0x01,0x06,0x5c,0x03,0x17,
    0x20,0x9e,0x01,0x0c,0xa4,0x02,0x08,0x72,0x0e,0x02,0xf2,0x00,0x04,0x32,0x0a,0x02,
    0xa8,0x03,0x04,0x1a,0x01,0x0f,0x78,0x00,0x01,0x0f,0xd4,0x01,0x0f,0x06,0x14,0x01,
    0x02,0x16,0xfd,0x02,0x08,0x0e,0x06,0x4c,0x00,0x06,0x52,0x01,0x02,0xe8,0x20,0x02,
    0x1c,0x00,0x04,0x8a,0x00,0x0f,0x3c,0x03,0x05,0x06,0xd4,0x01,0x0f,0x82,0x00,0x03,
    0x0f,0x02,0x00,0x05,0x02,0xcc,0x00,0x0f,0x7c,0x05,0x03,0x02,0xa2,0x00,0x08,0x82,
    0x00,0x0f,0x02,0x00,0x09,0x0f,0xd4,0x01,0x1d,0x02,0x02,0x00,0x04,0x4e,0x01,0x02,
    0x08,0x00,0x06,0x06,0x01,0x0f,0x02,0x00,0x03,0x02,0x1c,0x01,0x0a,0x02,0x00,0x06,
    0xd4,0x01,0x0f,0xa8,0x03,0x09,0x04,0xe8,0x00,0x02,0x08,0x00,0x08,0x7e,0x74,0x02,
    0xe2,0x40,0x04,0x18,0x00,0x0f,0x78,0x00,0x01,0x0f,0x52,0x01,0x03,0x08,0x92,0x03,
    0x02,0x52,0x00,0x0c,0x72,0x03,0x06,0x02,0x00,0x02,0xb8,0x00,0x0a,0x74,0x51,0x06,
    0x64,0x0b,0x0f,0xd4,0x01,0x05,0x04,0xc2,0x0a,0x0f,0x82,0x00,0x05,0x0f,0x02,0x00,
    0x07,0x02,0xd0,0x00,0x0e,0xd8,0x02,0x02,0xa2,0xa3,0x02,0x52,0x02,0x06,0x5e,0x3e,
    0x0f,0x02,0x00,0x07,0x0f,0xd4,0x01,0x1d,0x04,0x46,0x01,0x08,0x1c,0x01,0x0f,0x02,
    0x00,0x01,0x08,0x52,0x01,0x06,0xe6,0x00,0x08,0x02,0x00,0x0f,0x94,0x00,0x01,0x08,
    0xd0,0x00,0x06,0x02,0x00,0x04,0xc4,0x04,0x02,0xde,0x00,0x02,0x38,0x00,0x0a,0xc2,
    0x03,0x06,0x2c,0x00,0x06,0x02,0x00,0x08,0x82,0x00,0x06,0x02,0x00,0x08,0xb8,0x00,
    0x06,0x16,0x00,0x02,0x5c,0x00,0x0f,0xfe,0x05,0x07,0x02,0x6e,0x01,0x02,0x28,0x00,
    0x04,0x5c,0x01,0x04,0x36,0x03,0x02,0x02,0x00,0x02,0x1e,0x00,0x0a,0x24,0x09,0x0f,
    0x02,0x00,0x23,0x0f,0xb8,0x00,0x03,0x08,0x82,0x00,0x02,0x68,0x00,0x0f,0x02,0x00,
    0x07,0x0f,0xd4,0x01,0x1d,0x02,0x5e,0x00,0x02,0xa4,0x02,0x02,0xde,0x00,0x02,0x06,
    0x00,0x0c,0x02,0x00,0x02,0xbc,0x0f,0x02,0x8a,0x00,0x06,0x8e,0x04,0x08,0x02,0x00,
    0x04,0x4a,0x00,0x08,0xa4,0x00,0x0f,0xd4,0x01,0x05,0x02,0x4a,0x00,0x04,0x2a,0x00,
    0x08,0xdc,0x01,0x02,0x02,0x00,0x08,0x58,0x00,0x04,0x02,0x00,0x0f,0x1c,0x01,0x03,
    0x0f,0xd4,0x01,0x05,0x04,0x56,0x00,0x08,0x82,0x00,0x02,0xa8,0x03,0x02,0x02,0x00,
    0x02,0x82,0x00,0x04,0xe4,0x2c,0x02,0xa8,0x05,0x04,0x6a,0x00,0x0a,0x60,0x0c,0x0f,
    0xc2,0x02,0x03,0x0f,0x02,0x00,0x13,0x02,0x1c,0x27,0x02,0x6e,0x00,0x02,0x92,0x00,
    0x06,0x02,0x00,0x06,0x82,0x00,0x0f,0x02,0x00,0x0d,0x0f,0xd4,0x01,0x1d,0x02,0xf6,
    0x28,0x0a,0xb4,0x07,0x0f,0x02,0x00,0x01,0x06,0x52,0x01,0x08,0x1c,0x14,0x06,0x02,
    0x00,0x06,0xc4,0x04,0x08,0x02,0x00,0x08,0x52,0x01,0x06,0x02,0x00,0x13,0x28,0xd4,
    0x2f,0x02,0x54,0x01,0x0f,0x02,0x00,0x01,0x06,0x2c,0x00,0x06,0x02,0x00,0x06,0x82,
    0x00,0x08,0x02,0x00,0x0f,0xd4,0x01,0x05,0x04,0x5c,0x34,0x06,0x3e,0xdf,0x0a,0xd4,
    0x01,0x06,0x02,0x00,0x06,0x62,0x00,0x08,0x02,0x00,0x06,0x20,0x00,0x0f,0xd4,0x01,
    0x29,0x02,0x1c,0x40,0x08,0xe8,0x00,0x08,0x0c,0x00,0x0f,0x02,0x00,0x15,0x0f,0xd4,
    0x01,0x1d,0x04,0x66,0x00,0x08,0x1c,0x01,0x02,0x60,0x02,0x0a,0x02,0x00,0x02,0x52,
    0x01,0x02,0x92,0x00,0x0f,0xa8,0x03,0x05,0x04,0x20,0x00,0x06,0x02,0x00,0x0c,0xd4,
    0x01,0x02,0x0c,0x03,0x02,0x7c,0x05,0x06,0xa8,0x03,0x0e,0x3a,0x00,0x0a,0x7c,0x00,
    0x02,0x02,0x00,0x02,0x82,0x00,0x0c,0x02,0x00,0x08,0xb8,0x00,0x08,0x1c,0x00,0x02,
    0x5e,0x00,0x0f,0xa8,0x03,0x0b,0x02,0x30,0x00,0x02,0x5e,0x00,0x0c,0x02,0x00,0x02,
    0x1c,0x00,0x0f,0x7c,0x05,0x31,0x0a,0xee,0x00,0x04,0x76,0x00,0x04,0xa2,0x00,0x0f,
    0x02,0x00,0x11,0x0f,0xd4,0x01,0x1d,0x04,0x14,0x04,0x08,0x1c,0x01,0x0f,0x02,0x00,
    0x01,0x02,0x52,0x01,0x02,0x2e,0x00,0x0f,0xd4,0x01,0x01,0x02,0xa8,0x03,0x06,0xb2,
    0x00,0x02,0x02,0x00,0x0c,0xd4,0x01,0x02,0x02,0x00,0x02,0x4c,0x00,0x0e,0x2e,0x00,
    0x06,0x02,0x00,0x02,0x28,0x00,0x0a,0x02,0x00,0x04,0x36,0x00,0x0a,0x02,0x00,0x08,
    0xb8,0x00,0x08,0x1a,0x00,0x02,0xaa,0x00,0x0a,0x82,0x00,0x08,0x7c,0x05,0x06,0x02,
    0x00,0x0a,0x66,0x00,0x04,0x02,0x00,0x06,0x20,0x00,0x0f,0xa8,0x03,0x3b,0x0f,0x02,
    0x00,0x21,0x0f,0xd4,0x01,0x0f,0x08,0x42,0x45,0x06,0x62,0x00,0x08,0x10,0x31,0x04,
    0x44,0x30,0x08,0x02,0x00,0x02,0xf2,0x3b,0x02,0x02,0x00,0x0f,0x22,0x30,0x03,0x0f,
    0x02,0x00,0x01,0x08,0xee,0x4d,0x2f,0xeb,0x5a,0x5a,0x00,0x01,0x02,0x52,0x00,0x0c,
    0x02,0x00,0x04,0x5a,0x01,0x02,0x36,0x00,0x08,0x02,0x00,0x02,0x7c,0x31,0x02,0x08,
    0x00,0x0c,0x02,0x00,0x0c,0x46,0x00,0x0c,0x24,0x09,0x02,0x66,0xa8,0x0c,0x16,0xbc,
    0x06,0x6c,0x00,0x08,0x42,0x45,0x06,0x02,0x00,0x06,0xde,0x31,0x06,0xd4,0x76,0x0f,
    0x02,0x00,0x05,0x06,0x4c,0x00,0x24,0xeb,0x5a,0x46,0x01,0x0f,0x3a,0x01,0x03,0x0f,
    0x60,0x02,0x03,0x0f,0x02,0x00,0x03,0x0f,0xd4,0x01,0x0f,0x0f,0x02,0x00,0x37,0x0a,
    0x96,0x03,0x06,0xd0,0x00,0x0f,0x02,0x00,0x03,0x04,0xc6,0x00,0x0a,0x10,0x05,0x0c,
    0x8e,0x00,0x02,0x54,0x00,0x06,0x42,0x00,0x04,0x28,0x23,0x0a,0x36,0x00,0x06,0x02,
    0x00,0x0f,0xca,0x01,0x03,0x06,0x02,0x00,0x0f,0x2a,0x04,0x03,0x02,0x10,0x05,0x02,
    0x6e,0x00,0x08,0x4c,0x00,0x02,0x7e,0x00,0x0a,0x8e,0x2a,0x06,0x02,0x00,0x0a,0x2a,
    0x04,0x06,0x2c,0x00,0x06,0x02,0x00,0x06,0x2c,0x00,0x02,0xee,0x00,0x02,0x24,0x00,
    0x06,0x02,0x00,0x06,0xf4,0x03,0x04,0x1e,0x21,0x0c,0x22,0x00,0x0f,0x02,0x00,0x01,
    0x0f,0xd4,0x01,0x11,0x02,0x6c,0x06,0x0f,0x02,0x00,0x2d,0x02,0x8e,0x00,0x06,0x4c,
    0x00,0x06,0xd0,0x00,0x0f,0x02,0x00,0x03,0x0f,0x9a,0x13,0x0d,0x08,0x02,0x00,0x06,
    0x42,0x00,0x06,0x1c,0x01,0x04,0x9e,0x01,0x02,0x94,0x07,0x04,0x02,0x00,0x0f,0xd4,
    0x01,0x1d,0x02,0x3e,0x00,0x02,0xd4,0x01,0x02,0xbc,0x00,0x04,0x4a,0x00,0x04,0x4c,
    0x00,0x02,0xb6,0x05,0x06,0x16,0x00,0x06,0x02,0x00,0x02,0xfc,0x0b,0x06,0xa8,0x00,
    0x02,0x40,0x00,0x02,0x32,0x00,0x02,0x02,0x00,0x06,0x2c,0x00,0x02,0xb8,0x00,0x08,
    0x1c,0x00,0x0a,0x9c,0x07,0x06,0xd4,0x01,0x08,0x52,0x00,0x0f,0x02,0x00,0x03,0x0f,
    0xd4,0x01,0x11,0x0f,0x02,0x00,0x43,0x06,0xd0,0x00,0x0f,0x02,0x00,0x01,0x02,0xa8,
    0xa6,0x02,0xe6,0x00,0x02,0xc6,0x11,0x02,0x02,0x00,0x02,0x14,0x00,0x06,0x02,0x00,
    0x02,0xe2,0x0b,0x02,0x1c,0x00,0x08,0xac,0x0a,0x0f,0xa8,0x03,0x3b,0x08,0x7a,0x0b,
    0x02,0x68,0x00,0x02,0xd4,0x01,0x02,0xd0,0x01,0x04,0xe2,0x0c,0x0c,0x02,0x00,0x02,
    0xd4,0x01,0x02,0x86,0x01,0x02,0x26,0x00,0x02,0x06,0x00,0x06,0x02,0x00,0x06,0x32,
    0x00,0x06,0xc2,0x02,0x08,0x02,0x00,0x06,0xa8,0x03,0x04,0x6c,0x13,0x04,0xa0,0x0b,
    0x0f,0x02,0x00,0x09,0x0f,0xd4,0x01,0x11,0x04,0x98,0x00,0x0f,0x02,0x00,0x2f,0x06,
    0x04,0x01,0x08,0xd0,0x00,0x0f,0x02,0x00,0x03,0x06,0xe6,0x00,0x08,0xd4,0x76,0x0f,
    0x84,0x00,0x03,0x02,0x42,0x00,0x06,0xdc,0xc5,0x04,0x94,0xfc,0x02,0xf4,0x21,0x02,
    0x6c,0x03,0x02,0x02,0x00,0x0f,0xa8,0x03,0x15,0x0a,0x82,0x0e,0x02,0x9e,0x01,0x02,
    0xc8,0x0d,0x04,0x56,0x00,0x06,0x68,0x01,0x0f,0x7c,0x05,0x07,0x02,0xd0,0x01,0x02,
    0x02,0x00,0x02,0x3e,0x00,0x04,0x4e,0x01,0x02,0xde,0x01,0x02,0x94,0x00,0x04,0x8c,
    0x02,0x04,0x88,0x35,0x06,0x02,0x00,0x04,0xd4,0x01,0x13,0x20,0x3e,0x36,0x02,0x36,
    0x00,0x0f,0x02,0x00,0x0d,0x0f,0xd4,0x01,0x0b,0x1b,0xdf,0x0a,0xd9,0x0f,0x02,0x00,
    0x2d,0x06,0xc8,0x7e,0x08,0xd0,0x00,0x08,0x6e,0x30,0x04,0x02,0x00,0x26,0x08,0x42,
    0xda,0x30,0x04,0x0a,0x1d,0x2a,0x08,0x42,0xa2,0x06,0x02,0x02,0x00,0x02,0xc8,0x3b,
    0x04,0x2c,0x62,0x04,0xb4,0x1c,0x02,0x70,0x63,0x02,0x4e,0x00,0x08,0x96,0x9c,0x0f,
    0xd4,0x01,0x15,0x06,0x06,0x9e,0x08,0xd8,0xd9,0x02,0xce,0x34,0x04,0x58,0x00,0x0f,
    0xa8,0x31,0x03,0x06,0x02,0x00,0x02,0xae,0x00,0x02,0x12,0x03,0x02,0xb0,0x26,0x0f,
    0x04,0x01,0x07,0x06,0x96,0x32,0x06,0x60,0xa3,0x06,0xd4,0x01,0x0a,0x12,0x6c,0x02,
    0xf8,0x00,0x0f,0x02,0x00,0x07,0x0f,0xd4,0x01,0x0f,0x06,0xea,0x35,0x08,0xf0,0x02,
    0x0f,0x02,0x00,0x23,0x04,0x16,0x06,0x0a,0xd4,0x01,0x0f,0x68,0x01,0x03,0x06,0x02,
    0x0d,0x06,0x5a,0x11,0x0e,0x02,0x00,0x06,0xfa,0x03,0x02,0xc6,0x02,0x08,0xca,0x02,
    0x04,0x0c,0x00,0x08,0x00,0x1b,0x0f,0x6c,0x00,0x03,0x06,0x02,0x00,0x04,0x86,0x07,
    0x08,0x3c,0x03,0x04,0x5c,0x00,0x06,0x02,0x00,0x02,0x6c,0x00,0x08,0x2c,0x19,0x0f,
    0x02,0x00,0x01,0x02,0xd4,0x01,0x02,0x40,0x00,0x06,0xce,0x00,0x02,0xb2,0x05,0x02,
    0x02,0x00,0x06,0x36,0x00,0x06,0x5c,0x01,0x02,0x36,0x13,0x02,0x20,0x00,0x04,0xa8,
    0x03,0x0a,0x02,0x00,0x02,0x1c,0x00,0x0f,0x02,0x00,0x07,0x0f,0xd4,0x01,0x0d,0x04,
    0x94,0x18,0x0f,0x02,0x00,0x33,0x08,0x52,0x01,0x06,0x52,0x00,0x08,0x16,0x00,0x04,
    0x02,0x00,0x08,0x06,0x01,0x02,0xa2,0x08,0x0f,0x02,0x00,0x07,0x04,0xd8,0x01,0x02,
    0x12,0x03,0x02,0x28,0x00,0x02,0x08,0x00,0x02,0x12,0x00,0x08,0x4c,0x00,0x0f,0x6c,
    0x00,0x01,0x08,0x02,0x00,0x0e,0xd4,0x01,0x02,0x02,0x00,0x04,0x24,0x00,0x06,0x0a,
    0x00,0x0f,0xd4,0x01,0x1f,0x02,0xb8,0x01,0x02,0xd4,0x01,0x02,0x48,0x00,0x06,0x04,
    0x01,0x06,0xba,0x11,0x08,0x48,0x12,0x06,0xd4,0x01,0x02,0x42,0x06,0x02,0x42,0x00,
    0x04,0x8c,0x00,0x0f,0x02,0x00,0x05,0x0f,0xd4,0x01,0x0b,0x0c,0xb2,0x0d,0x0f,0x02,
    0x00,0x2d,0x08,0x52,0x01,0x06,0x4c,0x00,0x08,0x16,0x00,0x06,0x02,0x00,0x06,0xd0,
    0x00,0x0f,0xd4,0x01,0x15,0x0f,0x02,0x00,0x07,0x08,0x26,0x03,0x0f,0x26,0x00,0x07,
    0x0f,0x74,0x10,0x07,0x02,0x82,0x01,0x0c,0x02,0x00,0x08,0x60,0x0e,0x0f,0x02,0x00,
    0x01,0x08,0xa8,0x03,0x06,0xce,0x00,0x08,0x82,0x00,0x0f,0x36,0x00,0x01,0x06,0xee,
    0x00,0x08,0x36,0x00,0x08,0x02,0x00,0x0c,0x88,0x00,0x0c,0x02,0x00,0x0f,0xd4,0x01,
    0x7b,0x04,0x72,0x03,0x0a,0x6e,0x28,0x06,0xe6,0x00,0x0f,0x02,0x00,0x07,0x0f,0x76,
    0x01,0x03,0x04,0x02,0x00,0x0f,0xd4,0x01,0x0f,0x04,0x40,0x00,0x0c,0xa8,0x03,0x02,
    0xec,0x03,0x04,0x48,0x00,0x0a,0x02,0x00,0x0f,0xd4,0x01,0x17,0x0f,0x82,0x00,0x05,
    0x08,0xaa,0x01,0x04,0x02,0x00,0x06,0x60,0x32,0x08,0x60,0x04,0x08,0x02,0x00,0x0a,
    0x86,0x00,0x0e,0x02,0x00,0x0f,0xd4,0x01,0x4d,0x02,0x2e,0x04,0x04,0x02,0x00,0x0f,
    0xa4,0x02,0x03,0x02,0x16,0x00,0x08,0xd0,0x01,0x0a,0x06,0x01,0x0f,0xd4,0x01,0x01,
    0x0a,0x12,0x05,0x0f,0x02,0x00,0x07,0x02,0xfa,0x06,0x0f,0x26,0x03,0x03,0x08,0x02,
    0x00,0x04,0xb8,0x01,0x0f,0xd4,0x01,0x05,0x04,0x20,0x00,0x08,0x02,0x00,0x0f,0xd4,
    0x01,0x07,0x02,0xf6,0x00,0x06,0xa8,0x03,0x0f,0x82,0x00,0x05,0x04,0x18,0x01,0x08,
    0x02,0x00,0x06,0x7c,0x05,0x0f,0xd4,0x01,0x53,0x02,0xba,0x09,0x0f,0x02,0x00,0x1d,
    0x22,0x86,0x31,0xe4,0x00,0x04,0xbe,0x01,0x02,0x02,0x00,0x06,0xc8,0x00,0x02,0xd4,
    0x01,0x02,0xac,0x0a,0x06,0x56,0x0a,0x24,0x82,0x10,0x22,0x00,0x08,0xd4,0x01,0x04,
    0x74,0x0a,0x02,0xa8,0x31,0x02,0x4a,0x00,0x06,0x16,0x00,0x0c,0x02,0x00,0x02,0x74,
    0x27,0x44,0xe7,0x39,0xf3,0x9c,0xcc,0x27,0x08,0x7a,0x0b,0x0c,0x02,0x00,0x02,0x64,
    0x50,0x06,0xde,0x00,0x04,0x38,0x28,0x35,0xdf,0xff,0x59,0xd8,0x77,0x08,0x8c,0x00,
    0x08,0xd4,0x01,0x06,0x36,0x00,0x06,0xfc,0x28,0x02,0xd4,0x01,0x02,0xac,0x02,0x08,
    0xf8,0x0a,0x06,0xb8,0x00,0x04,0xe2,0x00,0x08,0xf8,0x0a,0x26,0x79,0xce,0x20,0x00,
    0x06,0x36,0x00,0x08,0x02,0x00,0x0c,0xb8,0x00,0x0c,0x02,0x00,0x0f,0xa8,0x03,0x1b,
    0x0c,0x3e,0x00,0x0f,0x02,0x00,0x13,0x0f,0xfa,0x04,0x03,0x06,0xd0,0x00,0x02,0x36,
    0x08,0x0f,0xbc,0x07,0x07,0x02,0x1c,0x01,0x02,0x02,0x00,0x0a,0x36,0x00,0x04,0xfe,
    0x00,0x06,0x16,0x00,0x0f,0x02,0x00,0x03,0x02,0x32,0x14,0x04,0x2e,0x00,0x0f,0x02,
    0x00,0x05,0x02,0x7e,0x01,0x02,0x5e,0x02,0x0a,0x24,0x00,0x08,0xbe,0x03,0x06,0x1a,
    0x00,0x08,0xd4,0x01,0x02,0x16,0x00,0x02,0xec,0x0c,0x04,0x84,0x00,0x02,0x00,0x02,
    0x0f,0x56,0x00,0x07,0x08,0xb8,0x00,0x06,0x8e,0x0f,0x02,0x32,0x00,0x06,0x02,0x00,
    0x0f,0xb8,0x00,0x0f,0x0c,0x02,0x00,0x0f,0xd4,0x01,0x53,0x0f,0xa8,0x03,0x11,0x04,
    0xa2,0x08,0x04,0x2c,0x00,0x06,0x0a,0x0a,0x0f,0xd4,0x01,0x07,0x02,0x02,0x01,0x08,
    0x48,0x12,0x0f,0x02,0x00,0x03,0x13,0xd7,0x02,0x28,0x04,0x32,0x00,0x0c,0x06,0x01,
    0x02,0x1a,0x00,0x02,0x18,0x00,0x04,0x44,0x01,0x06,0x0e,0x00,0x0f,0xca,0x12,0x05,
    0x08,0xd4,0x01,0x02,0x36,0x00,0x0a,0x64,0x0b,0x08,0x74,0x10,0x04,0xb2,0x10,0x06,
    0x56,0x00,0x0c,0xd4,0x01,0x04,0x86,0x00,0x0f,0x02,0x00,0x2f,0x0f,0xd4,0x01,0x4b,
    0x02,0xa4,0x02,0x06,0xba,0x02,0x04,0x66,0x05,0x0a,0xd0,0x00,0x02,0x16,0x00,0x0f,
    0x38,0x0d,0x07,0x0f,0xd4,0x01,0x05,0x02,0x34,0x00,0x0a,0x4c,0x00,0x0f,0x02,0x00,
    0x03,0x0f,0xa8,0x03,0x13,0x06,0x50,0x00,0x0c,0x02,0x00,0x0f,0xa8,0x03,0x11,0x02,
    0xa6,0x01,0x08,0x96,0x04,0x02,0xa8,0x03,0x0f,0x02,0x00,0x09,0x06,0xae,0x00,0x08,
    0x46,0xa0,0x04,0x4a,0x00,0x02,0x08,0x00,0x02,0x06,0x00,0x0f,0x02,0x00,0x19,0x0f,
    0xd4,0x01,0x1d,0x04,0x62,0x00,0x02,0xa4,0x08,0x04,0x0e,0x00,0x0f,0x02,0x00,0x0b,
    0x0f,0xd4,0x01,0x0f,0x02,0x48,0x00,0x19,0xdf,0x66,0x20,0x06,0x02,0x00,0x0a,0xd4,
    0x01,0x04,0xc8,0x03,0x02,0x0a,0x02,0x02,0x8a,0x01,0x02,0x2c,0x00,0x04,0x1a,0x00,
    0x0e,0x02,0x00,0x04,0xba,0x28,0x02,0x64,0x02,0x04,0x06,0x00,0x04,0x02,0x00,0x02,
    0x46,0x00,0x0f,0x02,0x00,0x03,0x02,0x2e,0x00,0x0c,0xd4,0x01,0x02,0x42,0x00,0x08,
    0x6e,0x28,0x04,0x4c,0x00,0x08,0xd8,0x08,0x08,0xb8,0x00,0x0a,0x02,0x00,0x02,0x56,
    0x00,0x04,0xb8,0x00,0x02,0xe0,0x10,0x04,0x88,0x00,0x02,0x5c,0x00,0x04,0x0e,0x00,
    0x02,0xe0,0x00,0x06,0x10,0x00,0x08,0x18,0x00,0x0f,0x02,0x00,0x05,0x0f,0xd4,0x01,
    0x23,0x0a,0x38,0xec,0x0f,0x02,0x00,0x01,0x04,0xa4,0x13,0x0f,0xf4,0x09,0x11,0x24,
    0xeb,0x5a,0x42,0x00,0x22,0xf3,0x9c,0xd6,0x08,0x28,0x08,0x42,0x24,0x09,0x08,0x1c,
    0x01,0x02,0x96,0x30,0x08,0x26,0xed,0x4f,0xd7,0xbd,0xf7,0xbd,0x36,0x00,0x01,0x22,
    0x82,0x10,0x24,0x09,0x02,0xd4,0x31,0x04,0x62,0x00,0x24,0xfb,0xde,0x20,0x01,0x08,
    0x8c,0x77,0x0f,0x02,0x00,0x0d,0x08,0x78,0x45,0x04,0xc4,0x80,0x0a,0xdc,0x6b,0x06,
    0x42,0x00,0x06,0x24,0x09,0x08,0xa8,0x31,0x0f,0x02,0x00,0x01,0x08,0x9c,0x18,0x02,
    0x7c,0x05,0x02,0xe6,0x5f,0x0f,0x2c,0x00,0x01,0x0f,0xd4,0x76,0x3b,0x0f,0xa4,0x02,
    0x01,0x0a,0x4c,0x06,0x0f,0x02,0x00,0x01,0x0a,0x88,0x01,0x04,0x22,0x00,0x06,0x5c,
    0x03,0x08,0x78,0x04,0x02,0x02,0x00,0x1b,0x20,0x36,0x00,0x06,0x5a,0x09,0x08,0x4c,
    0x00,0x02,0xaa,0x02,0x06,0xf2,0x2a,0x02,0x02,0x00,0x02,0x12,0x00,0x06,0x40,0x02,
    0x08,0xac,0x25,0x0a,0xb8,0x08,0x02,0x82,0x00,0x02,0xfa,0x02,0x02,0x3c,0x00,0x0f,
    0x02,0x00,0x25,0x0f,0x16,0x04,0x07,0x0f,0x02,0x00,0x21,0x02,0x1e,0x06,0x0f,0x28,
    0x0a,0x07,0x06,0xb8,0x00,0x02,0xe8,0x00,0x0f,0x02,0x00,0x09,0x0f,0xa8,0x03,0x1f,
    0x02,0x56,0x00,0x0f,0xec,0x14,0x0d,0x08,0x4c,0x06,0x0f,0xd4,0x01,0x17,0x06,0x9c,
    0x0d,0x08,0x36,0x00,0x0f,0xd4,0x01,0x01,0x02,0xfa,0x04,0x04,0x02,0x00,0x04,0xe2,
    0x00,0x04,0xbc,0x07,0x06,0x20,0x02,0x02,0xca,0x04,0x06,0x20,0x02,0x02,0x1c,0x01,
    0x02,0xd6,0x01,0x02,0x3e,0x00,0x0f,0x9c,0x01,0x3b,0x0f,0x02,0x00,0x19,0x08,0x7a,
    0x00,0x06,0xf6,0x6a,0x08,0x44,0x03,0x06,0x02,0x00,0x02,0x6c,0x1b,0x04,0x7e,0x01,
    0x0f,0x02,0x00,0x0b,0x0f,0xd4,0x01,0x77,0x0c,0x34,0x27,0x06,0x0a,0x02,0x0a,0xd4,
    0x01,0x02,0x02,0x00,0x0f,0xd4,0x01,0x0b,0x02,0x4c,0x00,0x02,0x2a,0x00,0x0a,0xbc,
    0x0f,0x04,0xd4,0x01,0x06,0xce,0x06,0x02,0x4a,0x15,0x0f,0x02,0x00,0x0b,0x08,0x7e,
    0x01,0x0e,0x02,0x00,0x0f,0x1e,0x00,0x0b,0x0f,0x02,0x00,0x07,0x08,0x38,0x00,0x08,
    0xd4,0x01,0x08,0x18,0x00,0x04,0x02,0x00,0x0f,0xd4,0x01,0x4b,0x02,0x2a,0x01,0x08,
    0xc8,0x0b,0x0f,0x02,0x00,0x01,0x08,0x88,0x01,0x06,0x9e,0x01,0x06,0x52,0x01,0x0f,
    0x7c,0x05,0x03,0x0f,0xa8,0x03,0x11,0x02,0xae,0x02,0x19,0xdf,0x22,0xcb,0x02,0x94,
    0x00,0x0f,0xde,0x03,0x01,0x0f,0xa8,0x03,0x07,0x0e,0x82,0x00,0x0f,0x02,0x00,0x05,
    0x0f,0x64,0x01,0x01,0x0f,0x02,0x00,0x3d,0x02,0xd4,0x01,0x04,0xd0,0x0d,0x0e,0x02,
    0x00,0x04,0x3a,0x01,0x04,0x80,0x01,0x0f,0x02,0x00,0x09,0x0f,0xa8,0x03,0x1f,0x02,
    0x4e,0x00,0x0f,0xd4,0x01,0x0d,0x06,0x26,0x03,0x0f,0xd4,0x01,0x15,0x0f,0x5c,0x03,
    0x07,0x08,0x20,0x02,0x02,0x02,0x00,0x0e,0x50,0x07,0x04,0x02,0x00,0x06,0x40,0x02,
    0x08,0x36,0x00,0x0e,0x7c,0x05,0x0f,0x56,0x02,0x01,0x0f,0x02,0x00,0x69,0x02,0xf8,
    0x0a,0x0f,0xd4,0x01,0x63,0x04,0x02,0x00,0x0f,0xd4,0x01,0x0d,0x08,0x52,0x01,0x06,
    0x68,0x01,0x04,0x6e,0x02,0x0f,0x52,0x01,0x05,0x08,0x36,0x00,0x0f,0x02,0x00,0x03,
    0x06,0x78,0x01,0x06,0x4c,0x00,0x04,0x1a,0x07,0x0a,0x02,0x00,0x0f,0x4c,0x00,0x0b,
    0x02,0xc0,0x03,0x0e,0x64,0x00,0x0f,0x14,0x00,0x01,0x0f,0x02,0x00,0x05,0x08,0x04,
    0x01,0x06,0x24,0x00,0x06,0x40,0x02,0x06,0x82,0x00,0x04,0xe8,0x07,0x0f,0x02,0x00,
    0x07,0x02,0xf8,0x0a,0x0c,0xd4,0x01,0x02,0x16,0x00,0x04,0x9a,0x04,0x06,0x64,0x00,
    0x0f,0x02,0x00,0x0b,0x0f,0xa8,0x03,0x1d,0x04,0x02,0x00,0x08,0xd0,0x00,0x0f,0x02,
    0x00,0x01,0x06,0xd0,0x00,0x0f,0xd4,0x01,0x15,0x02,0xac,0x0a,0x0f,0xba,0x00,0x0d,
    0x02,0x5e,0x12,0x17,0x20,0x52,0x14,0x0f,0x46,0x05,0x05,0x08,0x82,0x00,0x0f,0x02,
    0x00,0x07,0x08,0x70,0x00,0x08,0x0c,0x00,0x04,0x4a,0x01,0x02,0x0a,0x00,0x0c,0x02,
    0x00,0x02,0x38,0x0b,0x06,0x98,0x34,0x04,0xd4,0x01,0x02,0x7e,0x59,0x02,0x10,0x01,
    0x02,0xc2,0x4b,0x04,0x42,0x00,0x06,0xea,0x01,0x0f,0x02,0x00,0x03,0x04,0xa8,0x03,
    0x0a,0x48,0x25,0x04,0xd4,0x01,0x0f,0x02,0x00,0x1b,0x0f,0xd4,0x01,0x77,0x0a,0x7c,
    0x05,0x0f,0x02,0x00,0x05,0x02,0x28,0x00,0x06,0x10,0x18,0x02,0x70,0x03,0x02,0x12,
    0x00,0x0a,0x02,0x00,0x0f,0xd4,0x01,0x11,0x04,0x72,0x01,0x04,0x02,0x00,0x06,0x10,
    0x00,0x04,0x0a,0x00,0x04,0x08,0x00,0x0f,0x02,0x00,0x01,0x06,0xd8,0x02,0x26,0x20,
    0x00,0x28,0x00,0x06,0xd4,0x01,0x08,0xa0,0x21,0x0f,0xd4,0x01,0x11,0x02,0x44,0x00,
    0x08,0xf8,0x0a,0x08,0xd4,0x01,0x04,0x20,0x00,0x0f,0x02,0x00,0x0f,0x0f,0xd4,0x01,
    0x7d,0x02,0xd8,0x00,0x0f,0x02,0x00,0x07,0x06,0xb8,0x01,0x02,0x7e,0x12,0x02,0x30,
    0x00,0x06,0x16,0x00,0x06,0x02,0x00,0x0f,0xd4,0x01,0x11,0x0f,0x02,0x00,0x29,0x0f,
    0x7a,0x0b,0x0d,0x0a,0xa8,0x03,0x06,0x24,0x4a,0x0f,0x02,0x00,0x03,0x02,0x24,0x09,
    0x02,0xa0,0x0e,0x06,0x94,0x09,0x08,0xd4,0x01,0x02,0x02,0x00,0x02,0x24,0x00,0x0f,
    0x02,0x00,0x0b,0x0f,0xd4,0x01,0x73,0x04,0xa6,0x27,0x08,0x5a,0x09,0x0f,0x02,0x00,
    0x03,0x06,0x2c,0x00,0x04,0x50,0x07,0x0f,0x7c,0x05,0x27,0x02,0xfa,0x02,0x04,0x26,
    0x01,0x02,0xb6,0x27,0x08,0x0e,0x00,0x02,0x0c,0x00,0x02,0x06,0x00,0x08,0x02,0x00,
    0x02,0x7a,0x05,0x08,0xa8,0x03,0x08,0x7c,0x05,0x02,0xb2,0x18,0x02,0x4a,0x06,0x06,
    0x2c,0x00,0x04,0xbe,0x03,0x0f,0x02,0x00,0x05,0x04,0x74,0x10,0x0f,0x7c,0x05,0x05,
    0x02,0x74,0x00,0x0e,0x8c,0x00,0x0f,0x02,0x00,0x01,0x0f,0xd4,0x01,0x71,0x24,0xe7,
    0x39,0x58,0x30,0x0f,0x02,0x00,0x21,0x0f,0x2a,0xee,0x05,0x0f,0xa8,0x03,0x09,0x02,
    0x1e,0x01,0x02,0x3c,0x00,0x04,0x5a,0x62,0x02,0x08,0x00,0x08,0x3e,0x4f,0x0f,0x14,
    0x32,0x07,0x0e,0xb0,0x00,0x02,0x04,0x06,0x08,0xa6,0x63,0x08,0x26,0x31,0x06,0xbc,
    0x63,0x0f,0x02,0x00,0x0d,0x28,0x10,0x84,0x60,0x32,0x02,0xa8,0x03,0x02,0x66,0x07,
    0x06,0x3a,0x00,0x0f,0xc8,0x01,0x01,0x08,0x02,0x00,0x0f,0xd4,0x01,0x71,0x04,0xa6,
    0x00,0x4f,0xdf,0xff,0x18,0xc6,0xc8,0x02,0x05,0x04,0x02,0x00,0x06,0xbc,0x00,0x04,
    0xca,0x12,0x06,0xaa,0x04,0x0a,0x02,0x00,0x0f,0xd4,0x01,0x0d,0x0f,0x1e,0x3c,0x03,
    0x04,0xb6,0x27,0x0a,0x52,0x14,0x0f,0x02,0x00,0x03,0x04,0x1a,0x1a,0x02,0xcc,0x01,
    0x02,0x9a,0x00,0x02,0x50,0x03,0x0a,0x14,0x00,0x02,0x16,0x00,0x02,0x14,0x00,0x0f,
    0x02,0x00,0x05,0x06,0x70,0x07,0x08,0xd0,0x00,0x06,0xd4,0x01,0x0e,0x90,0x09,0x0f,
    0x02,0x00,0x07,0x0f,0xd4,0x01,0x21,0x0c,0x78,0x04,0x0f,0x02,0x00,0x01,0x08,0x52,
    0x01,0x06,0x78,0x04,0x04,0xbe,0x01,0x0a,0xcc,0x0c,0x02,0x16,0x00,0x0f,0x6c,0x1b,
    0x07,0x08,0x02,0x00,0x02,0x3c,0x00,0x0f,0x72,0x16,0x1d,0x0c,0x02,0x00,0x02,0x82,
    0x01,0x08,0x58,0x00,0x04,0x02,0x00,0x08,0xd2,0x07,0x06,0xb8,0x00,0x08,0x02,0x00,
    0x06,0x74,0x01,0x02,0xb8,0x00,0x02,0xb4,0x01,0x02,0x08,0x00,0x0c,0x02,0x00,0x06,
    0x18,0x00,0x0f,0xd4,0x01,0x03,0x06,0x20,0x00,0x0f,0x6c,0x00,0x03,0x02,0xd4,0x01,
    0x0c,0xee,0x00,0x02,0x12,0x00,0x0f,0x02,0x00,0x07,0x0f,0xd4,0x01,0x21,0x02,0x20,
    0x08,0x06,0xdc,0x00,0x0f,0x02,0x00,0x01,0x0f,0xd4,0x01,0x23,0x08,0xf4,0x09,0x0f,
    0x02,0x00,0x03,0x04,0x08,0x01,0x0a,0x96,0xdb,0x0f,0x02,0x00,0x01,0x08,0x82,0x00,
    0x0e,0x02,0x00,0x0f,0x86,0x07,0x11,0x0f,0x68,0x01,0x03,0x06,0x02,0x00,0x0a,0x1c,
    0x2f,0x06,0xa0,0x01,0x0f,0x02,0x00,0x21,0x0f,0x6c,0x00,0x03,0x0f,0xd4,0x01,0x53,
    0x04,0xba,0x00,0x06,0xc8,0x0b,0x0f,0x02,0x00,0x03,0x08,0x52,0x01,0x06,0xb0,0x00,
    0x06,0xda,0x02,0x08,0x26,0x03,0x02,0x8e,0x06,0x02,0xf4,0x09,0x0f,0x4e,0x00,0x03,
    0x06,0x02,0x00,0x04,0xc8,0x04,0x0f,0x82,0x00,0x1b,0x0f,0x02,0x00,0x01,0x0f,0x02,
    0x0d,0x0f,0x04,0xb8,0x00,0x0f,0xbe,0x02,0x05,0x02,0xce,0x00,0x0f,0x82,0x03,0x03,
    0x0c,0x02,0x00,0x02,0xc2,0x07,0x08,0x02,0x00,0x02,0x12,0x00,0x04,0x50,0x01,0x04,
    0x6c,0x00,0x0a,0x02,0x00,0x0f,0xd4,0x01,0x53,0x04,0x02,0x00,0x0f,0xd4,0x01,0x0d,
    0x08,0xc2,0x0a,0x06,0x2c,0x06,0x02,0x06,0x01,0x02,0x02,0x00,0x06,0xbe,0x00,0x04,
    0x16,0x00,0x0a,0xf4,0x09,0x0f,0x02,0x00,0x03,0x02,0x06,0x01,0x17,0xdf,0x50,0x07,
    0x0f,0x02,0x00,0x05,0x08,0x82,0x00,0x0f,0x02,0x00,0x01,0x08,0x50,0x07,0x06,0x02,
    0x00,0x0f,0x8c,0x02,0x03,0x0f,0xd8,0x01,0x03,0x0f,0x58,0x17,0x17,0x04,0xba,0x01,
    0x0c,0x02,0x00,0x02,0xd8,0x01,0x0a,0x98,0x11,0x08,0x02,0x00,0x0f,0xd4,0x01,0x55,
    0x02,0x06,0x08,0x0f,0xa6,0x00,0x05,0x0f,0x02,0x00,0x01,0x0f,0xd4,0x01,0x0f,0x04,
    0x88,0x9b,0x0f,0x56,0x00,0x0f,0x06,0xf2,0x00,0x06,0xde,0x03,0x0f,0x02,0x00,0x23,
    0x08,0xc4,0x00,0x06,0xa2,0x02,0x0f,0xd4,0x01,0x03,0x08,0x66,0x07,0x04,0x02,0x00,
    0x02,0x08,0x01,0x04,0x0e,0x00,0x06,0x98,0x00,0x0f,0x02,0x00,0x01,0x15,0x20,0x12,
    0x25,0x06,0x02,0x00,0x0a,0xfe,0x05,0x06,0xbe,0x01,0x0a,0x02,0x00,0x04,0x62,0x00,
    0x06,0xa2,0x00,0x0f,0x50,0x07,0x43,0x0a,0xce,0x00,0x0f,0x02,0x00,0x0f,0x0f,0xd4,
    0x01,0x0f,0x02,0xa4,0x07,0x06,0xc2,0x00,0x0f,0x02,0x00,0x07,0x06,0x32,0x01,0x02,
    0x36,0x00,0x0f,0x02,0x00,0x25,0x08,0xd2,0x01,0x08,0x32,0x01,0x0f,0xd4,0x01,0x03,
    0x08,0x16,0x00,0x08,0xa6,0x00,0x06,0x46,0x00,0x06,0x98,0x00,0x0f,0x02,0x00,0x03,
    0x0f,0xb4,0x01,0x03,0x06,0x2c,0x00,0x0c,0x20,0x00,0x06,0x5a,0x00,0x02,0x02,0x00,
    0x0f,0xd4,0x01,0x49,0x04,0x38,0x02,0x08,0x0a,0x00,0x0f,0x02,0x00,0x0d,0x0f,0xd4,
    0x01,0x13,0x04,0x02,0x00,0x06,0x62,0x00,0x0f,0x02,0x00,0x01,0x06,0x06,0x05,0x0f,
    0xa8,0x03,0x2f,0x06,0x60,0x00,0x06,0x32,0x01,0x08,0xbe,0x01,0x04,0xe4,0x06,0x02,
    0xe6,0x13,0x0f,0x02,0x00,0x07,0x0a,0x72,0x03,0x0f,0x02,0x00,0x03,0x0f,0xa8,0x03,
    0x25,0x04,0x02,0x00,0x06,0xa2,0x00,0x0f,0xa8,0x03,0x43,0x0f,0x02,0x00,0x1b,0x0f,
    0x66,0x20,0x01,0x0a,0xa2,0x08,0x0f,0x72,0x03,0x0b,0x04,0xc0,0x03,0x02,0x84,0x01,
    0x06,0x32,0x01,0x0f,0x36,0x00,0x03,0x02,0xe0,0x02,0x02,0x2c,0x00,0x0e,0x02,0x00,
    0x06,0x18,0x00,0x02,0x6c,0x04,0x04,0x5c,0x00,0x06,0x32,0x01,0x08,0x66,0x05,0x04,
    0xd4,0x01,0x04,0x16,0x00,0x02,0x3e,0x00,0x04,0x34,0x00,0x0a,0x02,0x00,0x06,0x98,
    0x00,0x02,0x02,0x00,0x0c,0x58,0x09,0x04,0x88,0x03,0x02,0x44,0x00,0x04,0x02,0x00,
    0x02,0x2c,0x00,0x02,0x64,0x26,0x04,0x14,0x00,0x0e,0x02,0x00,0x0c,0x3c,0x0e,0x0e,
    0x22,0x00,0x0a,0x02,0x00,0x0f,0xcc,0x0c,0x23,0x0f,0x02,0x00,0x11,0x02,0xbe,0x00,
    0x0a,0x4a,0x27,0x02,0x88,0x01,0x02,0x50,0x01,0x06,0xf6,0x00,0x02,0x6c,0x08,0x0c,
    0x02,0x00,0x04,0x3c,0x01,0x02,0x2e,0x00,0x02,0x80,0x01,0x0f,0x9c,0x4e,0x05,0x02,
    0x02,0x00,0x02,0x26,0x00,0x06,0x38,0x00,0x02,0x16,0x00,0x02,0x18,0x00,0x06,0x50,
    0x00,0x04,0x0a,0x00,0x02,0x02,0x00,0x02,0x24,0x00,0x04,0xc0,0x10,0x02,0xbe,0x01,
    0x02,0x44,0x00,0x0f,0xd4,0x01,0x03,0x04,0x32,0x00,0x0c,0x02,0x00,0x02,0x9a,0x01,
    0x06,0x4e,0x09,0x06,0xde,0x00,0x02,0x02,0x00,0x06,0xfc,0x13,0x04,0x90,0x00,0x0a,
    0xfc,0x0b,0x0f,0xd4,0x01,0x67,0x0c,0xbc,0x30,0x0f,0x02,0x00,0x07,0x02,0xdc,0x27,
    0x02,0xe6,0x27,0x06,0x26,0x31,0x02,0xd4,0x01,0x02,0xd6,0x00,0x06,0x80,0x27,0x04,
    0x8c,0x6c,0x02,0x02,0x00,0x04,0x3a,0x00,0x02,0x7a,0x28,0x66,0xdf,0xff,0xff,0xff,
    0x59,0xce,0x1a,0x00,0x06,0x54,0x27,0x0f,0x4a,0x27,0x01,0x44,0xdf,0xff,0x6d,0x6b,
    0x2c,0x00,0x06,0xb0,0x6d,0x02,0x16,0x00,0x04,0x42,0x28,0x02,0x80,0x00,0x02,0x40,
    0x04,0x04,0x2c,0x00,0x06,0x1e,0x3c,0x17,0x59,0xda,0x30,0x06,0xa8,0x03,0x26,0x82,
    0x10,0x2c,0x00,0x02,0x34,0x00,0x0a,0x02,0x00,0x06,0x5e,0x06,0x08,0x26,0x31,0x08,
    0x6e,0x28,0x2e,0x65,0x29,0x82,0x00,0x08,0x0a,0x02,0x2a,0x65,0x29,0x52,0x00,0x0c,
    0x02,0x00,0x08,0x4c,0x5a,0x02,0x10,0x02,0x0f,0x02,0x00,0x07,0x0f,0xa8,0x03,0x1b,
    0x0f,0x02,0x00,0x1f,0x02,0xec,0x1c,0x04,0x02,0x00,0x04,0xd4,0x01,0x02,0x58,0x01,
    0x02,0x5a,0x01,0x08,0xfa,0x04,0x08,0x02,0x00,0x02,0xba,0x02,0x02,0xec,0x14,0x06,
    0xf6,0x02,0x02,0x3a,0x00,0x02,0x18,0x00,0x02,0x48,0x00,0x06,0x02,0x00,0x02,0x14,
    0x04,0x08,0x10,0x18,0x04,0x74,0x03,0x04,0x9e,0x01,0x15,0x20,0x82,0x00,0x11,0xdf,
    0x90,0x52,0x04,0x58,0x00,0x04,0xe6,0x13,0x06,0xc4,0x17,0x0a,0xa8,0x03,0x02,0x78,
    0x03,0x04,0x2e,0x00,0x0f,0x02,0x00,0x0b,0x04,0x0a,0x1d,0x0c,0x42,0x11,0x04,0x3e,
    0x00,0x08,0x96,0x04,0x0f,0x4a,0x00,0x0b,0x06,0x02,0x00,0x04,0x3c,0x00,0x02,0x0a,
    0x00,0x02,0x9e,0x00,0x0f,0x02,0x00,0x07,0x0f,0xd4,0x01,0x4d,0x0a,0x02,0x00,0x04,
    0x52,0x01,0x0a,0x02,0x00,0x06,0xce,0x06,0x08,0x02,0x00,0x06,0xae,0x04,0x04,0x08,
    0x2b,0x02,0xaa,0x72,0x0e,0xcc,0x01,0x06,0x02,0x00,0x06,0x50,0x20,0x19,0x20,0x80,
    0x68,0x06,0xea,0x1a,0x06,0x82,0x00,0x04,0x74,0x10,0x17,0x20,0xea,0x01,0x0a,0x02,
    0x00,0x04,0x0a,0x02,0x0f,0x02,0x00,0x1b,0x02,0x8c,0x02,0x0c,0x6e,0x0f,0x06,0x96,
    0x01,0x04,0x40,0x02,0x0a,0xa8,0x03,0x0f,0x02,0x00,0x19,0x02,0x3c,0x00,0x0f,0x02,
    0x00,0x07,0x0f,0xd4,0x01,0x4d,0x06,0xcc,0x00,0x06,0xc8,0x1e,0x04,0x02,0x00,0x04,
    0x9e,0x01,0x0f,0xd4,0x01,0x01,0x02,0x6a,0xf8,0x02,0x02,0x00,0x08,0x5e,0x12,0x04,
    0x34,0x00,0x04,0x08,0x00,0x0c,0x02,0x00,0x06,0x88,0x01,0x04,0xea,0x1a,0x0a,0xf0,
    0x30,0x06,0xd4,0x01,0x08,0x26,0x03,0x04,0x16,0x00,0x04,0x48,0x43,0x02,0x02,0x00,
    0x06,0x4c,0x00,0x0c,0xc8,0x00,0x0c,0x02,0x00,0x04,0x1c,0x04,0x06,0xee,0x08,0x02,
    0x60,0x04,0x02,0x12,0x00,0x0a,0x02,0x00,0x04,0x6c,0x00,0x0a,0x82,0x00,0x0f,0x02,
    0x00,0x15,0x02,0xd8,0x02,0x0f,0x02,0x00,0x0b,0x0f,0xd4,0x01,0x4d,0x0a,0x02,0x00,
    0x08,0xd0,0x00,0x02,0xcc,0x02,0x0a,0x1e,0x0e,0x08,0x02,0x00,0x06,0xa8,0x03,0x04,
    0x1c,0x01,0x06,0xd0,0x00,0x02,0x38,0x00,0x0c,0x02,0x00,0x0c,0x3a,0x22,0x06,0x28,
    0x00,0x06,0xf0,0x06,0x04,0x26,0x03,0x0a,0x3a,0x35,0x02,0x98,0x00,0x0c,0x56,0x00,
    0x08,0xd4,0x01,0x0f,0x02,0x00,0x13,0x02,0xfa,0x45,0x02,0x4a,0x00,0x06,0xb8,0x00,
    0x02,0x02,0x00,0x04,0xde,0x02,0x02,0x6c,0x00,0x02,0x02,0x00,0x02,0x1a,0x00,0x0f,
    0x02,0x00,0x0f,0x04,0x3c,0x00,0x02,0x02,0x00,0x02,0x3c,0x00,0x0f,0x02,0x00,0x07,
    0x0f,0xd4,0x01,0x0f,0x04,0x24,0x6b,0x02,0x58,0x6a,0x0f,0x02,0x00,0x1d,0x02,0xf4,
    0x08,0x04,0x5a,0x08,0x02,0xa2,0x08,0x02,0x02,0x00,0x06,0x42,0x01,0x06,0x52,0x31,
    0x02,0x2a,0x00,0x02,0x08,0x00,0x02,0x24,0x09,0x02,0x0a,0x62,0x02,0x12,0x00,0x0f,
    0x78,0x45,0x03,0x0a,0x02,0x00,0x04,0x00,0x62,0x08,0x24,0x09,0x08,0x32,0x76,0x08,
    0x82,0x00,0x04,0x56,0x00,0x26,0x08,0x42,0x16,0x00,0x06,0x96,0x00,0x17,0xff,0x70,
    0x09,0x04,0x02,0x00,0x04,0x9c,0x00,0x08,0x02,0x00,0x08,0x1a,0x01,0x22,0xe7,0x39,
    0xb8,0x00,0x02,0x46,0x00,0x02,0xb8,0x00,0x02,0x34,0x00,0x02,0xf4,0x08,0x0a,0x6c,
    0x00,0x26,0xff,0xff,0x16,0x00,0x02,0x1c,0x00,0x04,0x02,0x00,0x08,0x18,0x00,0x02,
    0x02,0x00,0x02,0x1a,0x00,0x02,0x6c,0x00,0x1f,0xff,0x01,0x00,0x0c,0x0f,0xd4,0x01,
    0x0f,0x0f,0x02,0x00,0xff,0xa0,0x0f,0xd4,0x01,0xff,0xff,0xff,0xff,0xff,0xff,0xff,
    0xff,0xff,0xff,0xff,0xff,0xff,0xff,0xff,0xff,0xff,0xff,0xff,0xff,0xff,0xff,0xff,
    0xff,0xff,0xff,0xff,0x76,0x02,0x3c,0x1f,0x0f,0x02,0x00,0xff,0xb7,0x50,0x00,0x00,
    0x00,0x00,0x00,

};

const lv_image_dsc_t QR_code_xiaoya = {
  .header = {
    .magic = LV_IMAGE_HEADER_MAGIC,
    .cf = LV_COLOR_FORMAT_RGB565,
    .flags = 0 | LV_IMAGE_FLAGS_COMPRESSED,
    .w = 234,
    .h = 234,
    .stride = 468,
    .reserved_2 = 0,
  },
  .data_size = sizeof(QR_code_xiaoya_map),
  .data = QR_code_xiaoya_map,
  .reserved = NULL,
};

