
#if defined(LV_LVGL_H_INCLUDE_SIMPLE)
#include "lvgl.h"
#elif defined(LV_LVGL_H_INCLUDE_SYSTEM)
#include <lvgl.h>
#elif defined(LV_BUILD_TEST)
#include "../lvgl.h"
#else
#include "lvgl/lvgl.h"
#endif

#ifndef LV_ATTRIBUTE_MEM_ALIGN
#define LV_ATTRIBUTE_MEM_ALIGN
#endif

#ifndef LV_ATTRIBUTE_QR_WECHAT_03_HIGH_TEMP
#define LV_ATTRIBUTE_QR_WECHAT_03_HIGH_TEMP
#endif

static const
LV_ATTRIBUTE_MEM_ALIGN LV_ATTRIBUTE_LARGE_CONST LV_ATTRIBUTE_QR_WECHAT_03_HIGH_TEMP
uint8_t QR_WeChat_03_High_Temp_map[] = {

    0x02,0x00,0x00,0x00,0x66,0x8e,0x00,0x00,0x88,0xa4,0x05,0x00,0x1f,0xff,0x01,0x00,
    0xff,0xff,0xff,0xff,0xff,0xff,0xff,0xff,0xff,0xff,0xff,0xff,0xff,0xff,0xff,0xff,
    0xff,0xff,0xff,0xff,0xff,0xff,0xff,0xff,0xff,0xff,0xff,0xff,0xff,0xff,0xff,0xff,
    0xff,0xff,0xff,0xff,0xff,0xff,0xff,0xff,0xff,0xff,0xff,0xff,0xff,0xff,0xff,0xff,
    0xff,0xff,0xff,0xff,0xff,0xff,0xff,0xff,0xff,0xff,0xff,0xff,0xff,0xff,0xff,0xff,
    0xff,0xff,0xff,0xff,0xff,0xff,0xff,0xff,0xff,0xff,0xff,0xff,0xff,0xff,0xff,0x4d,
    0x2f,0xbe,0xf7,0x13,0x4f,0xff,0xff,0xff,0x46,0xaf,0xd3,0x9c,0x08,0x42,0x45,0x29,
    0x28,0x42,0x75,0xad,0x60,0x03,0xff,0xff,0xff,0x40,0x35,0x51,0x8c,0x00,0x01,0x00,
    0x1f,0x55,0x5e,0x03,0xff,0xff,0xff,0x3d,0x45,0x3c,0xe7,0x41,0x08,0x5b,0x03,0x3f,
    0x00,0x86,0x31,0xba,0x06,0xff,0xff,0xff,0x3c,0x26,0x34,0xa5,0x5a,0x03,0x6f,0x00,
    0x00,0x41,0x08,0xba,0xd6,0x5e,0x03,0xff,0xff,0xff,0x3a,0x28,0xd3,0x9c,0x5c,0x03,
    0x4f,0x00,0x00,0x96,0xb5,0x5c,0x03,0xff,0xff,0xff,0x3a,0x08,0x6e,0x0d,0x0f,0x5c,
    0x03,0xff,0xff,0xff,0x40,0x22,0x8a,0x52,0x54,0x03,0x02,0x02,0x00,0x3f,0x61,0x08,
    0x9a,0x14,0x0a,0xff,0xff,0xff,0x3b,0x22,0x49,0x4a,0x56,0x03,0x02,0x02,0x00,0x2f,
    0x45,0x29,0x12,0x0a,0xff,0xff,0xff,0x3a,0x0c,0x5c,0x03,0x2f,0x24,0x21,0x44,0x1e,
    0xff,0xff,0xff,0x3c,0x19,0xaa,0x14,0x0a,0x0f,0x5c,0x03,0xff,0xff,0xa3,0x3f,0x5d,
    0xef,0x9e,0x54,0x24,0x82,0x42,0xdf,0xff,0x08,0x42,0x0e,0x0a,0x02,0x02,0x00,0x2f,
    0xe3,0x18,0xb8,0x06,0x45,0x2f,0x7d,0xef,0x6e,0x0a,0xff,0xff,0x43,0xaf,0x38,0xc6,
    0x49,0x4a,0xe3,0x18,0x04,0x21,0x4d,0x6b,0xb8,0x02,0x45,0x0f,0x02,0x00,0x27,0x37,
    0x1c,0xe7,0x61,0x3a,0x1e,0x4f,0x00,0x00,0x49,0x4a,0x4c,0x00,0x27,0x0f,0x02,0x00,
    0x01,0x11,0xdf,0x15,0x00,0xa1,0xf3,0x9c,0x86,0x31,0xe3,0x18,0x86,0x31,0x92,0x94,
    0x0f,0x00,0x0f,0x02,0x00,0xff,0xff,0x38,0x26,0x9a,0xd6,0xf8,0x20,0x1f,0x69,0xba,
    0x02,0x3c,0x0f,0x02,0x00,0x2f,0x2a,0xfb,0xde,0x5c,0x03,0x2f,0xcf,0x7b,0x54,0x00,
    0x2f,0x0c,0x02,0x00,0x17,0xf3,0x42,0x1b,0x2c,0x71,0x8c,0x1e,0x00,0x0f,0x02,0x00,
    0xff,0xff,0x2b,0x22,0xeb,0x5a,0x6e,0x09,0x02,0x02,0x00,0x2f,0xf3,0x9c,0x4c,0x02,
    0x7b,0x42,0x1c,0xe7,0x82,0x10,0x9a,0x00,0x02,0x02,0x00,0x2f,0x8e,0x73,0xa0,0x00,
    0x3d,0x32,0xfb,0xde,0x20,0x5b,0x00,0x01,0x02,0x00,0x2f,0x41,0x08,0x1c,0x0a,0xff,
    0xff,0x3b,0x21,0xc7,0x39,0x55,0x02,0x03,0x02,0x00,0x1f,0xa6,0xb0,0x27,0x46,0x1f,
    0x7d,0xd2,0x0d,0x08,0x7f,0x96,0xb5,0xae,0x73,0x4d,0x6b,0xb2,0x92,0x09,0x00,0x1b,
    0x3c,0x14,0x0a,0x2f,0x6d,0x6b,0x5c,0x03,0x3d,0x23,0x10,0x84,0xfb,0x00,0x03,0x02,
    0x00,0x2f,0x79,0xce,0x62,0x00,0x3d,0x0f,0x02,0x00,0xff,0xd8,0x02,0x62,0x0c,0x06,
    0x02,0x00,0x0a,0x2c,0x10,0x46,0x00,0x00,0x38,0xc6,0x1c,0x00,0x0f,0x02,0x00,0x35,
    0xbf,0xba,0xd6,0x69,0x4a,0xc3,0x18,0xe3,0x18,0xeb,0x5a,0x5d,0x32,0x10,0x00,0x15,
    0x30,0xde,0x02,0x2c,0xe7,0x39,0x36,0x06,0x28,0x59,0xce,0x56,0x06,0x3f,0x00,0x00,
    0x4d,0x5c,0x03,0x3c,0x43,0xdf,0xff,0x24,0x21,0x55,0x03,0x01,0x02,0x00,0x4f,0x20,
    0x00,0xdb,0xde,0xf6,0x00,0x35,0x0f,0x02,0x00,0xff,0xd8,0x2c,0x3c,0xe7,0xb8,0x02,
    0x02,0x02,0x00,0x21,0xae,0x73,0x55,0x02,0x05,0x02,0x00,0x22,0xeb,0x5a,0x18,0x00,
    0x0f,0x02,0x00,0x37,0x35,0xdb,0xde,0xa2,0xd8,0x09,0x2c,0xa6,0x31,0x90,0x14,0x25,
    0x9a,0xd6,0x7b,0x00,0x5a,0x00,0x00,0x00,0x30,0x84,0x78,0x00,0x21,0x92,0x94,0x17,
    0x00,0x05,0x02,0x00,0x0f,0xdc,0x06,0x01,0x0f,0x02,0x00,0x29,0x25,0xf7,0xbd,0x5b,
    0x00,0x01,0x02,0x00,0x2c,0xc3,0x18,0xa0,0x00,0x0f,0x02,0x00,0xff,0xff,0x0f,0xae,
    0x79,0xce,0x08,0x42,0xa2,0x10,0xe3,0x18,0x0c,0x63,0x38,0x06,0x21,0x59,0xce,0x55,
    0x02,0x05,0x02,0x00,0x4f,0x41,0x08,0x1c,0xe7,0x50,0x02,0x3b,0x25,0x6d,0x6b,0x5d,
    0x00,0x0f,0xd2,0x0d,0x00,0x0a,0x30,0x28,0x2a,0x08,0x42,0x7c,0x00,0x0a,0x1e,0x00,
    0x4a,0x00,0x00,0xf7,0xbd,0x20,0x00,0x0f,0x02,0x00,0x2d,0x0a,0x9c,0x00,0x0f,0x5a,
    0x04,0x41,0x0f,0x02,0x00,0xff,0xcc,0x26,0x9a,0xd6,0x6c,0x13,0x1d,0x86,0x38,0x06,
    0x0e,0x16,0x0a,0x0f,0x2c,0x13,0x3d,0x19,0x69,0xb6,0x24,0x0c,0xea,0x13,0x0a,0x4c,
    0x11,0x2a,0xa2,0x10,0xfe,0x03,0x0a,0x62,0x32,0x3f,0x00,0x00,0xd7,0x5c,0x03,0x3a,
    0x41,0x7d,0xef,0xc3,0x18,0xf1,0x03,0x05,0x02,0x00,0x0f,0x12,0x0b,0x41,0x0f,0x02,
    0x00,0xff,0xca,0x25,0x2c,0x63,0x3b,0x02,0x4d,0x00,0x00,0x00,0xae,0x6a,0x13,0x19,
    0x14,0x22,0x35,0x4f,0x00,0x00,0xe7,0x39,0x0e,0x02,0x3b,0x0a,0x3e,0x03,0x0c,0xba,
    0x03,0x19,0xcb,0xa8,0x14,0x39,0xc3,0x18,0x3c,0x36,0x07,0x21,0x1c,0xe7,0xb5,0x00,
    0x03,0x02,0x00,0x1b,0x82,0x7a,0x03,0x0f,0x02,0x00,0x2d,0x0c,0xba,0x03,0x0f,0x7a,
    0x39,0xff,0xff,0x21,0x0a,0xee,0x2a,0x1d,0x61,0xf4,0x09,0x26,0xbe,0xf7,0x10,0x0d,
    0x0f,0x3c,0x06,0x01,0x04,0x02,0x00,0x8f,0x18,0xc6,0xae,0x73,0x0c,0x63,0x10,0x84,
    0x34,0x0a,0x1d,0x17,0xd7,0xd4,0x0c,0x3b,0x41,0x08,0xfb,0x2c,0x10,0x0a,0x7a,0x03,
    0x2c,0xc3,0x18,0x16,0x0e,0x08,0x08,0x2f,0x0c,0xf4,0x06,0x0f,0x02,0x00,0x0f,0x8f,
    0xd3,0x9c,0xeb,0x5a,0x0c,0x63,0x14,0xa5,0x2a,0x00,0x03,0x0a,0x7c,0x00,0x3f,0x00,
    0x00,0xef,0x3e,0x1b,0x40,0x0f,0x02,0x00,0xff,0xcc,0x0a,0x92,0x27,0x0f,0xba,0x06,
    0x01,0x19,0x8e,0xd0,0x10,0x0e,0x7e,0x03,0x00,0x76,0x98,0x22,0x55,0xad,0x7a,0x03,
    0x4f,0x00,0x00,0xc3,0x18,0x4c,0x13,0x1d,0x22,0x34,0xa5,0xbe,0x03,0x3d,0x45,0x29,
    0x18,0x86,0x14,0x0a,0xe0,0x02,0x0e,0x5c,0x03,0x22,0x7d,0xef,0x54,0x0a,0x42,0x20,
    0x00,0x2c,0x63,0x8a,0x00,0x0f,0x02,0x00,0x17,0x06,0x98,0x03,0x1f,0x0c,0x3c,0x00,
    0x00,0x2a,0x7d,0xef,0x3c,0x1b,0x2c,0x20,0x00,0xf8,0x03,0x0f,0x02,0x00,0xff,0xff,
    0x11,0x0a,0x3a,0x03,0x48,0x00,0x00,0x61,0x08,0xd4,0x0c,0x59,0xdf,0xff,0xff,0xff,
    0xdb,0x40,0x1d,0x2c,0x45,0x29,0xa8,0x17,0x39,0xff,0xff,0x9e,0xdc,0x06,0x2f,0xc7,
    0x39,0x1e,0x25,0x1d,0x6f,0x5d,0xef,0xb6,0xb5,0xd7,0xbd,0x84,0x13,0x01,0x0f,0x5c,
    0x03,0x0d,0x84,0xff,0xff,0xff,0xff,0x38,0xc6,0x96,0xb5,0xb8,0x35,0x0e,0x9c,0x00,
    0x0f,0x02,0x00,0x05,0x0a,0x08,0x11,0x0e,0x24,0x4a,0x0a,0x20,0x00,0x3b,0x00,0x00,
    0x28,0x48,0x11,0x0f,0x02,0x00,0xff,0xff,0x13,0x0a,0xe6,0x16,0x0c,0xca,0x16,0x02,
    0xac,0x02,0x17,0xb2,0xec,0x16,0x1f,0x34,0x42,0x09,0x00,0x0c,0xac,0x16,0x0f,0xf4,
    0x0f,0x37,0x0f,0x5c,0x03,0x11,0x0f,0x02,0x00,0x21,0x39,0xdf,0xff,0x04,0xba,0x1a,
    0x0e,0xd2,0x21,0x22,0x86,0x31,0x0e,0x01,0x04,0x02,0x00,0x1f,0xd3,0x94,0x22,0x7c,
    0x0f,0x02,0x00,0xff,0x94,0x19,0x0c,0xce,0x10,0x0f,0x9a,0x06,0x03,0x8f,0xd3,0x9c,
    0xe7,0x39,0x24,0x21,0x08,0x42,0xa6,0x4c,0x03,0x06,0x12,0x0a,0x02,0x02,0x00,0x1f,
    0x51,0x78,0x27,0x36,0x0f,0x5c,0x03,0x45,0x2f,0xba,0xd6,0x76,0x1e,0x0b,0x1b,0x79,
    0x7c,0x18,0x0c,0xa2,0x14,0x0f,0x02,0x00,0xff,0xff,0x13,0x66,0xdf,0xff,0xff,0xff,
    0xfb,0xde,0x90,0x2b,0x02,0x02,0x00,0x0f,0xa4,0x05,0x03,0x0f,0xea,0x09,0x07,0x22,
    0x38,0xc6,0x38,0x00,0x04,0x02,0x00,0x0c,0x88,0x1a,0x0f,0x02,0x00,0x27,0x0f,0x5c,
    0x03,0x45,0x08,0x82,0x2b,0x0f,0x08,0x11,0x01,0x0c,0x2a,0x0b,0x0f,0xce,0x0d,0x1f,
    0x0f,0x02,0x00,0xff,0xf6,0x0c,0xd0,0x10,0x22,0x24,0x21,0x0c,0x0a,0x04,0x02,0x00,
    0x0a,0x0e,0x00,0x0e,0x02,0x00,0x1b,0xdf,0x42,0x09,0x4f,0x82,0x10,0x3c,0xe7,0x36,
    0x00,0x0f,0x0f,0x02,0x00,0x11,0x0f,0x5c,0x03,0x45,0x06,0xc8,0x10,0x02,0x02,0x00,
    0x0c,0x90,0x07,0x22,0x65,0x29,0x18,0x00,0x04,0x02,0x00,0x0c,0x20,0x00,0x0f,0x02,
    0x00,0xff,0xff,0x19,0x24,0xb6,0xb5,0x44,0x02,0x04,0x02,0x00,0x0e,0xdc,0x0f,0x0f,
    0x02,0x00,0x0b,0x0c,0xc2,0x20,0x0f,0x7e,0x24,0x35,0x0f,0x5c,0x03,0x43,0x2a,0x9e,
    0xf7,0x16,0x1e,0x02,0x0c,0x04,0x06,0x02,0x00,0x1b,0x5d,0x36,0x1e,0x0e,0xa0,0x14,
    0x0f,0x02,0x00,0xff,0xff,0x1b,0x1b,0xa6,0xba,0x0f,0x0f,0x66,0x38,0x1d,0x0c,0x9e,
    0x03,0x0f,0x78,0x28,0x35,0x0f,0x5c,0x03,0x43,0x1b,0x18,0xc4,0x0a,0x2a,0xaa,0x52,
    0x2c,0x03,0x0c,0xbc,0x32,0x0e,0x52,0x1f,0x0f,0x02,0x00,0xff,0xff,0x1b,0x0c,0xea,
    0x13,0x3f,0x00,0x00,0x59,0x4e,0x31,0x1a,0x1b,0x5d,0x0e,0x1a,0x1d,0xe3,0xe6,0x1d,
    0x0f,0x02,0x00,0x0b,0x6e,0x7d,0xef,0x34,0xa5,0xb2,0x94,0x60,0x14,0x0f,0x5c,0x03,
    0x0d,0x64,0x1c,0xe7,0x14,0xa5,0xd3,0x9c,0x82,0x17,0x0f,0x02,0x00,0x15,0x06,0x5c,
    0x2f,0x02,0x02,0x00,0x0c,0x66,0x07,0x37,0xdf,0xff,0x45,0x14,0x0a,0x0f,0xda,0x1a,
    0xff,0xff,0x23,0x0a,0x02,0x00,0x0c,0xba,0x06,0x1b,0x8a,0xcc,0x05,0x0f,0x02,0x00,
    0x0d,0x0a,0xc2,0x0c,0x2f,0xa2,0x10,0xa0,0x21,0x19,0x33,0x18,0xc6,0xe3,0xba,0x27,
    0x0c,0x82,0x35,0x0f,0x5c,0x03,0x0b,0x22,0x96,0xb5,0xdc,0x09,0x3b,0x20,0x00,0x10,
    0x22,0x2f,0x0f,0x02,0x00,0x0b,0x0a,0x8c,0x22,0x0f,0x48,0x04,0x01,0x15,0x75,0x0c,
    0x1f,0x0f,0xda,0x11,0x05,0x0f,0x02,0x00,0xff,0xff,0x1b,0x0c,0xb0,0x31,0x2f,0x00,
    0x00,0x0e,0x06,0x1b,0x0a,0x6c,0x1d,0x1f,0x04,0xce,0x4c,0x18,0x0a,0xf4,0x06,0x0a,
    0xa4,0x14,0x0f,0x5c,0x03,0x09,0x0a,0xd4,0x1e,0x1f,0xb6,0xae,0x5a,0x16,0x0a,0xa0,
    0x61,0x4f,0x00,0x00,0x04,0x21,0xb6,0x1e,0x01,0x8f,0xb6,0xb5,0x69,0x4a,0x65,0x29,
    0x49,0x4a,0xc6,0x10,0xff,0xff,0x29,0x06,0x02,0x00,0x0c,0xe0,0x0f,0x0f,0x50,0x1d,
    0x01,0x0f,0x02,0x00,0x09,0x22,0x3c,0xe7,0x44,0x06,0x02,0x02,0x00,0x1f,0xcb,0xe8,
    0x35,0x18,0x0a,0xac,0x0d,0x19,0x65,0xf8,0x21,0x0f,0x5c,0x03,0x09,0x22,0xef,0x7b,
    0x6c,0x00,0x02,0x02,0x00,0x0f,0xe2,0x0d,0x17,0x1b,0x96,0xba,0x11,0x0c,0x6e,0x0d,
    0x06,0x02,0x00,0x04,0x76,0x18,0x1f,0xdf,0x2a,0x15,0x0e,0x0f,0x02,0x00,0xff,0xff,
    0x0f,0x17,0x92,0x7e,0x21,0x02,0x16,0x64,0x0a,0x76,0x2e,0x0f,0x02,0x00,0x0d,0x24,
    0x59,0xce,0xae,0x32,0x2f,0xa6,0x31,0x84,0x17,0x19,0x19,0xcf,0x24,0x03,0x0a,0xb0,
    0x28,0x0f,0x5c,0x03,0x09,0x0a,0x3a,0x18,0x0f,0x8c,0x25,0x01,0x0f,0x02,0x00,0x03,
    0x0a,0x94,0x03,0x0c,0x2a,0x07,0x0f,0x02,0x00,0xff,0xff,0x45,0x0c,0x08,0x24,0x0f,
    0x20,0x13,0x1f,0x8f,0xdb,0xde,0x71,0x8c,0xae,0x73,0xd3,0x9c,0x64,0x09,0x01,0x0f,
    0x02,0x00,0x07,0x0a,0x18,0x22,0x28,0x61,0x08,0xec,0x2b,0x0f,0x5c,0x03,0x07,0x1b,
    0xdf,0xcc,0x43,0x0f,0x14,0x3c,0x17,0x0a,0xa8,0x40,0x0f,0xaa,0x10,0xff,0xff,0x31,
    0x0f,0x02,0x00,0x13,0x0c,0xc2,0x3f,0x0f,0xba,0x06,0x1d,0x06,0x02,0x00,0x0f,0x44,
    0x09,0x19,0x0c,0x24,0x21,0x08,0x72,0x0d,0x0f,0x5c,0x03,0x07,0x0c,0x4e,0x22,0x0f,
    0x7c,0x11,0x15,0x2a,0x1c,0xe7,0x86,0x22,0x1f,0xc7,0x90,0x36,0x3c,0x0f,0x02,0x00,
    0xff,0xff,0x07,0x0a,0x1e,0x10,0x4f,0x00,0x00,0x00,0x00,0xf0,0x52,0x51,0x0c,0x6e,
    0x1a,0x08,0x20,0x39,0x0f,0x5c,0x03,0x07,0x0c,0x84,0x1a,0x0f,0xbe,0x35,0x15,0x0c,
    0xb2,0x6b,0x0c,0x9a,0x14,0x0f,0x02,0x00,0xff,0xff,0x49,0x19,0x4d,0xbe,0x42,0x0f,
    0x62,0x5d,0x53,0x0a,0xcc,0x10,0x0a,0x34,0x43,0x0f,0x5c,0x03,0x07,0x0a,0x5e,0x14,
    0x0f,0x24,0x03,0x17,0x0a,0x52,0x00,0x0f,0xce,0x24,0x1d,0x8c,0xf3,0x9c,0x69,0x4a,
    0x28,0x42,0x8e,0x73,0xa4,0x39,0x0f,0x02,0x00,0xff,0xff,0x13,0x0c,0x06,0x5a,0x0a,
    0xea,0x02,0x06,0x02,0x00,0x4f,0xdb,0xde,0xf3,0x9c,0xec,0x1d,0x01,0x0f,0x02,0x00,
    0x21,0x0c,0xb8,0x1e,0x08,0xe0,0x3b,0x0a,0x0a,0x03,0x08,0x7c,0x24,0x08,0xb0,0x3c,
    0x0f,0x1c,0x0e,0x17,0x0a,0x16,0x1e,0x0e,0xee,0x24,0x6f,0x3c,0xe7,0x14,0xa5,0xb2,
    0x94,0x78,0x43,0x05,0x06,0xc2,0x2b,0x28,0x65,0x29,0xe6,0x36,0x0f,0x02,0x00,0xff,
    0xff,0x17,0x22,0xcb,0x5a,0xac,0x02,0x04,0x02,0x00,0x0f,0x26,0x42,0x01,0x24,0xf3,
    0x9c,0x12,0x14,0x08,0x08,0x03,0x0f,0x02,0x00,0x25,0x2a,0x5d,0xef,0x4c,0x35,0x08,
    0x86,0x38,0x0f,0x5c,0x03,0x07,0x0c,0x5c,0x21,0x0f,0x88,0x1a,0x13,0x19,0xba,0x94,
    0x4d,0x0c,0xb2,0x2f,0x22,0xf7,0xbd,0x02,0x3d,0x0f,0xd2,0x17,0x03,0x0a,0xbc,0x0a,
    0x0f,0xa2,0x18,0x1b,0x0f,0x02,0x00,0xff,0xf4,0x0c,0xa2,0x09,0x0e,0xb6,0x20,0x0a,
    0x4e,0x39,0x0f,0x62,0x78,0x2f,0x28,0xbe,0xf7,0x62,0x24,0x0a,0xcc,0x28,0x0f,0x5c,
    0x03,0x07,0x0c,0x34,0x36,0x0f,0x40,0x4d,0x13,0x0c,0x5a,0x47,0x08,0xa6,0x0d,0x19,
    0x3c,0x02,0x5b,0x0e,0x84,0x36,0x17,0x71,0x6e,0x83,0x0f,0x04,0x11,0xff,0xff,0x27,
    0x0a,0xdc,0x16,0x0a,0x48,0x06,0x0e,0x32,0x06,0x0f,0x26,0x1e,0x01,0x6f,0x59,0xce,
    0xb2,0x94,0xd3,0x9c,0x92,0x28,0x15,0x2a,0x9e,0xf7,0xb8,0x06,0x08,0xf2,0x13,0x0f,
    0x5c,0x03,0x07,0x28,0x5d,0xef,0xde,0x38,0x2f,0xa2,0x10,0x02,0x0d,0x13,0x0a,0x14,
    0x1b,0x0a,0xce,0x21,0x0a,0xd8,0x49,0x0e,0xa0,0x5b,0x19,0xb2,0x00,0x1c,0x0f,0xa4,
    0x36,0x37,0x0f,0x02,0x00,0xff,0xda,0x0c,0x00,0x0d,0x2a,0x00,0x00,0x24,0x46,0x0a,
    0xec,0x1d,0x08,0x0a,0x03,0x02,0x02,0x00,0x06,0xe0,0x05,0x08,0xf2,0x13,0x0f,0x02,
    0x00,0x07,0x39,0xdf,0xff,0xe7,0x76,0x5e,0x26,0x65,0x29,0x28,0x03,0x0f,0x5c,0x03,
    0x07,0x0a,0xfe,0x4d,0x0c,0x72,0x57,0x0f,0x02,0x00,0x03,0x24,0xbe,0xf7,0xb8,0x28,
    0x02,0x02,0x00,0x0a,0x5c,0x32,0x0a,0x0c,0x18,0x2c,0x86,0x31,0x48,0x18,0x0a,0x50,
    0x0a,0x0c,0xe0,0x2b,0x0f,0x02,0x00,0xff,0xff,0x17,0x0c,0xba,0x06,0x0a,0x40,0x03,
    0x08,0xc8,0x2a,0x0e,0x3c,0x09,0x0a,0x9a,0x03,0x0f,0xe6,0x27,0x13,0x0a,0x9e,0x14,
    0x17,0x61,0x4a,0x4d,0x0f,0x5c,0x03,0x09,0xa8,0xdf,0xff,0x2c,0x63,0x41,0x08,0x00,
    0x00,0xa2,0x10,0xda,0x09,0x0f,0x02,0x00,0x09,0x0a,0x32,0x0d,0x0c,0x74,0x07,0x0a,
    0xc8,0x3f,0x0f,0x44,0x25,0x01,0x24,0x34,0xa5,0x2c,0x07,0x0f,0x1a,0x4a,0x01,0x0f,
    0x02,0x00,0xff,0xd8,0x0c,0x76,0x05,0x0f,0x02,0x00,0x19,0x0a,0xfe,0x08,0x39,0x00,
    0x00,0x00,0x40,0x4c,0x17,0xdf,0xf4,0x2e,0x2c,0x86,0x31,0x30,0x13,0x0a,0x28,0x03,
    0x0f,0x84,0x02,0x13,0x0a,0x80,0x54,0x17,0x82,0x44,0x2f,0x0f,0x5c,0x03,0x09,0x00,
    0x32,0xe6,0x4c,0xdb,0xde,0x59,0xce,0x82,0x00,0x0f,0x02,0x00,0x07,0x19,0x51,0x32,
    0x0d,0x0a,0xa6,0x1e,0x0a,0x3c,0x1f,0x2f,0xa2,0x10,0x06,0x8a,0x03,0x6f,0x9a,0xd6,
    0x71,0x8c,0x10,0x84,0x3a,0x3a,0x1d,0x0f,0x02,0x00,0xff,0xc2,0x6f,0x96,0xb5,0x30,
    0x84,0xd3,0x9c,0x7c,0x02,0x17,0x04,0x02,0x00,0x1b,0x9e,0x3c,0x09,0x0e,0xfe,0x24,
    0x6f,0x51,0x8c,0x08,0x42,0xc7,0x39,0xe8,0x19,0x01,0x0a,0xc2,0x24,0x0f,0xfe,0x05,
    0x01,0x0e,0x02,0x00,0x0a,0x34,0x00,0x08,0xf6,0x24,0x0f,0x5c,0x03,0x0d,0x0f,0x02,
    0x00,0x1b,0x0c,0x5c,0x32,0x0e,0x30,0x36,0x88,0xd3,0x9c,0x69,0x4a,0xe7,0x39,0x0c,
    0x63,0x78,0x25,0x04,0x02,0x00,0x0f,0xae,0x04,0x29,0x0f,0x02,0x00,0xff,0xbc,0x24,
    0x7d,0xef,0x38,0x27,0x2e,0x04,0x21,0x44,0x02,0x0f,0x02,0x00,0x0d,0x0c,0xba,0x06,
    0x0f,0xfe,0x24,0x17,0x0a,0xf8,0x20,0x08,0xc0,0x24,0x0f,0x02,0x00,0x07,0x0a,0x34,
    0x00,0x08,0xa8,0x4d,0x0f,0x5c,0x03,0x39,0x0c,0xce,0x53,0x0f,0x5c,0x32,0x03,0x0f,
    0x02,0x00,0xff,0xff,0x13,0x08,0x9c,0x09,0x0f,0xc0,0x7e,0x1f,0x0e,0xb8,0x2b,0x0f,
    0xd0,0x19,0x15,0x35,0xbe,0xf7,0x28,0xe0,0x7b,0x3f,0x08,0x42,0xbe,0x84,0x7c,0x12,
    0x0a,0xa4,0x0d,0x08,0x28,0x10,0x0f,0x5c,0x03,0x39,0x0c,0x5c,0x32,0x0f,0xe2,0x14,
    0x01,0x0f,0x02,0x00,0xff,0xff,0x13,0x0c,0xd6,0x09,0x0f,0xba,0x06,0x1f,0x0c,0xb8,
    0x2b,0x2f,0xa2,0x10,0x28,0x03,0x13,0xcf,0xff,0xff,0xdf,0xff,0xef,0x7b,0x08,0x42,
    0x28,0x42,0xef,0x7b,0x46,0x09,0x15,0x0a,0x1e,0x11,0x08,0x08,0x1e,0x0f,0x5c,0x03,
    0x39,0x0c,0xd2,0x00,0x0f,0xc6,0x14,0x13,0x0f,0x02,0x00,0xff,0xff,0x01,0x0c,0xe0,
    0x66,0x0f,0x5a,0x1d,0x13,0x08,0x02,0x00,0x22,0xdb,0xde,0xc6,0x10,0x06,0x02,0x00,
    0x1f,0xf3,0x5a,0x56,0x46,0x0c,0xb0,0x1e,0x06,0xb8,0x1d,0x0f,0x5c,0x03,0x39,0x04,
    0x24,0x0b,0x04,0x02,0x00,0x0f,0x80,0x1b,0x15,0x0f,0x02,0x00,0xff,0xff,0x01,0x06,
    0x9a,0x09,0x0c,0xe4,0x5d,0x0f,0x02,0x00,0x15,0x08,0x56,0x0a,0x02,0xfc,0x3e,0x0f,
    0x88,0x06,0x15,0x0f,0x02,0x00,0x1d,0x2a,0x7d,0xef,0x78,0x1a,0x06,0x12,0x80,0x0f,
    0x5c,0x03,0x37,0x0c,0x1c,0x79,0x0f,0xcc,0x25,0x01,0x0f,0x02,0x00,0xff,0xff,0x17,
    0x24,0x38,0xc6,0x8c,0x19,0x08,0xc0,0x0c,0x0f,0x02,0x00,0x19,0x0f,0xba,0x06,0x57,
    0x1b,0xdf,0x6c,0x53,0x06,0x50,0x1b,0x0f,0x5c,0x03,0x09,0x6f,0x9a,0xd6,0x71,0x8c,
    0x30,0x84,0x58,0x2b,0x05,0x0c,0x02,0x00,0x0c,0x1c,0x07,0x0f,0x40,0x0e,0x15,0x0f,
    0x02,0x00,0xff,0xff,0x05,0x8f,0x79,0xce,0x2c,0x63,0x28,0x42,0x8a,0x52,0xc6,0x2a,
    0x13,0x0f,0x02,0x00,0x01,0x08,0xfc,0x06,0x0f,0x58,0xa7,0x49,0x0c,0x1e,0x0e,0x06,
    0x66,0x10,0x0f,0x5c,0x03,0x07,0x24,0xf3,0x9c,0x3c,0x04,0x0f,0x82,0x35,0x13,0x0c,
    0x86,0x07,0x08,0x16,0x01,0x3f,0xba,0xd6,0x51,0xb6,0x1a,0xff,0xf5,0x0f,0x02,0x00,
    0x57,0x0c,0xc8,0x20,0x0c,0xfe,0x24,0x0f,0x02,0x00,0x35,0x2a,0xbe,0xf7,0xf6,0x24,
    0x15,0x45,0xf6,0x24,0x0f,0x5c,0x03,0x05,0x0a,0x44,0x21,0x0f,0x9e,0x6e,0x05,0x08,
    0x02,0x00,0x0a,0x10,0x2c,0x08,0xca,0x3f,0x24,0xf7,0xbd,0xd6,0x2f,0x2f,0x69,0x4a,
    0x8e,0x40,0x1b,0x0f,0x02,0x00,0xff,0xff,0x2d,0x0c,0xba,0x06,0x08,0x00,0x32,0x0f,
    0x02,0x00,0x39,0x0a,0xf4,0x5a,0x06,0xfa,0x02,0x0f,0x5c,0x03,0x05,0x0a,0xd4,0x28,
    0x0f,0xaa,0x49,0x07,0x04,0x02,0x00,0x0c,0xb8,0x64,0x06,0x5a,0x76,0x28,0xfb,0xde,
    0xc4,0x6e,0x0f,0x42,0x57,0xff,0xee,0xfa,0x01,0x3c,0xe7,0x96,0xb5,0xb2,0x94,0xf3,
    0x9c,0x10,0x84,0xb2,0x94,0x14,0xa5,0xf3,0x9c,0x50,0x88,0x0c,0xf0,0x4b,0x0f,0x80,
    0x10,0x2b,0x0c,0x82,0x38,0x0f,0xba,0x06,0x1d,0x4f,0x9a,0xd6,0x9a,0xd6,0x82,0x00,
    0x11,0x0a,0xb2,0x09,0x06,0x44,0x2b,0x0f,0x5c,0x03,0x05,0x06,0x76,0x25,0x02,0xd6,
    0x68,0x0f,0x20,0x18,0x0d,0x0c,0x5c,0x32,0x06,0x78,0x36,0x0a,0x7a,0x00,0x0e,0xa2,
    0x2b,0x0f,0x02,0x00,0x55,0x62,0xfb,0xde,0x75,0xad,0x14,0xa5,0xd6,0x01,0x4f,0xf3,
    0x9c,0xf3,0x9c,0x74,0x25,0x03,0x0f,0x02,0x00,0xff,0x48,0x64,0x3c,0xe7,0x92,0x94,
    0x28,0x42,0xc0,0x37,0x06,0x02,0x00,0x44,0x65,0x29,0x8e,0x73,0x66,0x17,0x0c,0x5c,
    0x03,0x0f,0x02,0x00,0x2d,0x0a,0xbe,0x88,0x08,0xc4,0x13,0x0f,0x02,0x00,0x0d,0x22,
    0xd7,0xbd,0xa2,0x10,0x1f,0x65,0x6c,0x75,0x00,0x0c,0x02,0x00,0x0a,0xb8,0x06,0x24,
    0x00,0x00,0x5a,0x02,0x0f,0x5c,0x03,0x05,0x0a,0xbe,0x24,0x2f,0xe3,0x18,0x5c,0x03,
    0x0d,0x0a,0xb2,0x28,0x06,0x76,0x36,0x0a,0xf2,0x72,0x0f,0x5c,0x03,0x63,0x64,0xfb,
    0xde,0x51,0x8c,0x08,0x42,0x98,0x0a,0x04,0x02,0x00,0x6f,0x20,0x00,0xa6,0x31,0xae,
    0x73,0x98,0x1c,0x1f,0x0f,0x02,0x00,0xff,0x22,0x4e,0x3c,0xe7,0x10,0x84,0x56,0x03,
    0x08,0x02,0x00,0x24,0x28,0x42,0x60,0x03,0x0f,0x02,0x00,0x07,0x2f,0xba,0xd6,0xdc,
    0x2a,0x19,0x0a,0x32,0x32,0x02,0x02,0x00,0x2f,0x20,0x00,0x8e,0x5a,0x13,0x17,0xba,
    0x66,0x97,0x08,0xda,0x2e,0x0f,0x02,0x00,0x03,0x0a,0xe0,0x31,0x06,0x4c,0x1b,0x0f,
    0x5c,0x03,0x03,0x0c,0xbe,0x1b,0x0f,0x14,0x0a,0x0d,0x0c,0x2c,0x11,0x11,0xa2,0xc4,
    0x68,0x0e,0xb4,0x35,0x0a,0x96,0x35,0x8f,0x3c,0xe7,0x6d,0x6b,0xe7,0x39,0xc7,0x39,
    0x10,0x5b,0x1b,0x06,0x02,0x00,0x4f,0x9a,0xd6,0x38,0xc6,0xf4,0x03,0x0d,0x4c,0x1c,
    0xe7,0x6d,0x6b,0x56,0x03,0x0a,0x02,0x00,0x2f,0xaa,0x52,0x88,0x1b,0xff,0x4e,0x2f,
    0x51,0x8c,0x58,0x03,0x0b,0x04,0x02,0x00,0x24,0x8a,0x52,0xf2,0x05,0x0e,0x02,0x00,
    0xaf,0x1c,0xe7,0x49,0x4a,0x20,0x00,0x00,0x00,0xc3,0x18,0xbe,0x49,0x19,0x1b,0xbe,
    0x50,0x67,0x0f,0xbe,0x16,0x15,0x0a,0x06,0x21,0x06,0x56,0x17,0x0f,0x02,0x00,0x03,
    0x0c,0x7c,0x0a,0x04,0xa2,0x00,0x0f,0x5c,0x03,0x03,0x0c,0x80,0x9a,0x0f,0x26,0x0d,
    0x0d,0x0c,0x54,0x25,0x06,0x36,0x0e,0x0c,0xc2,0x40,0x06,0x74,0x14,0x26,0x3c,0xe7,
    0xb2,0x07,0x2f,0x69,0x4a,0xd8,0x0a,0x11,0x08,0x02,0x00,0x22,0x59,0xce,0x1a,0x66,
    0x2f,0x24,0x21,0x34,0x2f,0x09,0x35,0x10,0x84,0x82,0x14,0x8e,0x0f,0x02,0x00,0x09,
    0x2f,0x0c,0x63,0xc8,0x7c,0xff,0x48,0x02,0x8c,0x7e,0x0f,0x02,0x00,0x13,0x24,0x82,
    0x10,0xf2,0x19,0x0a,0x10,0x02,0x28,0xbe,0xf7,0x80,0x6e,0x0f,0xb6,0x78,0x01,0x0f,
    0x02,0x00,0x05,0x06,0xec,0x38,0x02,0x02,0x00,0x2c,0x41,0x08,0xba,0x06,0x88,0xfb,
    0xde,0x92,0x94,0xcf,0x7b,0xf3,0x9c,0xa6,0x05,0x0a,0xdc,0x2e,0x2f,0x82,0x10,0x82,
    0x13,0x0b,0x0c,0xec,0x27,0x04,0xfa,0x13,0x0f,0x5c,0x03,0x03,0x0c,0xe4,0x49,0x0f,
    0xd6,0x71,0x0d,0x0c,0x5c,0x43,0x04,0xee,0x24,0x0c,0x12,0x0a,0x08,0xc0,0x22,0x0a,
    0x7e,0x57,0x08,0xb2,0x17,0x0f,0x02,0x00,0x0f,0x17,0xfb,0x48,0x91,0x0f,0x04,0x95,
    0x05,0x2c,0xbe,0xf7,0x28,0x22,0x0f,0x02,0x00,0x09,0x2f,0xa2,0x10,0xbe,0x06,0xff,
    0x42,0x1f,0x9e,0x84,0x01,0x1a,0x02,0x02,0x00,0x0f,0x92,0x38,0x01,0x0a,0x3c,0x1d,
    0x0f,0xf2,0x52,0x19,0x2c,0x9e,0xf7,0x5e,0x05,0x0a,0x78,0x1d,0x24,0x59,0xce,0x54,
    0x07,0x26,0xc7,0x39,0xe6,0x5a,0x0a,0x24,0x10,0x0f,0x04,0x11,0x0d,0x0c,0xee,0x17,
    0x04,0xee,0x38,0x0a,0x58,0x06,0x13,0xa2,0x9e,0x89,0x08,0x18,0x1f,0x0f,0x72,0x8a,
    0x03,0x0a,0x02,0x00,0x0c,0x9c,0x04,0x04,0xfe,0x11,0x0c,0x8a,0x0a,0x06,0x3e,0x14,
    0x0c,0x22,0x15,0x04,0x90,0x00,0x0f,0x02,0x00,0x11,0x0a,0xc6,0x04,0x0f,0xc2,0x97,
    0x03,0x22,0x5d,0xef,0xd8,0x06,0x0f,0x02,0x00,0x17,0x2f,0x61,0x08,0x5e,0x03,0xff,
    0x3e,0x0c,0x36,0xaa,0x02,0x02,0x00,0xe4,0xc7,0x39,0x2c,0x63,0x4d,0x6b,0xef,0x7b,
    0x8e,0x73,0x4d,0x6b,0x49,0x4a,0xda,0x02,0x06,0x02,0x00,0x1f,0x20,0xda,0x92,0x00,
    0x0a,0xee,0x41,0x0c,0x76,0x75,0x0f,0x02,0x00,0x05,0x02,0xfc,0x06,0x0c,0x0a,0x10,
    0x17,0xc3,0x3c,0x10,0x26,0x7d,0xef,0x3c,0x09,0x08,0xfa,0x0c,0x06,0x70,0x4c,0x02,
    0x02,0x00,0x0f,0x04,0x3f,0x0b,0x0c,0xf6,0x24,0x04,0xb6,0x09,0x0c,0x5c,0x03,0x11,
    0x7d,0xaa,0x9a,0x0c,0xe4,0x38,0x0f,0x78,0x09,0x09,0x0e,0x46,0x62,0x06,0xfa,0x10,
    0x0c,0xe0,0x02,0x08,0x32,0x29,0x0a,0x2e,0x11,0x0f,0x74,0x0d,0x19,0x0c,0xfa,0x00,
    0x06,0xc2,0x25,0x04,0x02,0x00,0x19,0x9e,0x44,0x08,0x02,0x02,0x00,0xfd,0x00,0x20,
    0x00,0xe7,0x39,0x2c,0x63,0x6d,0x6b,0xef,0x7b,0x6d,0x6b,0x6d,0x6b,0x28,0xdc,0x10,
    0x3f,0x00,0x00,0x82,0xbc,0x06,0xff,0x3d,0x0a,0xe2,0x01,0x6c,0x00,0x00,0x00,0x00,
    0xcb,0x5a,0xc0,0x04,0x48,0x3c,0xe7,0xb2,0x94,0xe0,0x02,0x55,0x00,0x00,0x00,0x00,
    0x20,0x9c,0x05,0x04,0x02,0x00,0x0a,0x1a,0x06,0x04,0xbc,0x02,0x0f,0x02,0x00,0x13,
    0x0c,0xe8,0x59,0x08,0x98,0x35,0x0a,0xcc,0x0c,0x06,0x76,0x03,0x0a,0xda,0x45,0x0f,
    0x26,0x39,0x0d,0x2a,0x9e,0xf7,0xc2,0x00,0x13,0xaa,0xfe,0x6b,0x0a,0xc0,0xa0,0x04,
    0x58,0x06,0x0c,0x52,0x17,0x04,0x06,0x0b,0x0f,0x02,0x00,0x03,0x0c,0x70,0x0a,0x04,
    0x5c,0x00,0x0a,0xb0,0x4a,0x0c,0x96,0x8d,0x0a,0x9c,0x2f,0x0f,0x30,0x69,0x17,0x0a,
    0x68,0x01,0x0f,0x50,0x8d,0x01,0x0c,0xca,0x5e,0x6c,0x00,0x00,0x61,0x08,0x6d,0x6b,
    0xb0,0x01,0x4a,0x1c,0xe7,0x51,0x8c,0xa4,0x47,0x4f,0x00,0x00,0x82,0x10,0xb4,0x39,
    0x01,0x0f,0x02,0x00,0xff,0x24,0x0c,0xea,0x0c,0x2c,0xc7,0x39,0x82,0x01,0x04,0x02,
    0x00,0x2a,0xbe,0xf7,0x20,0x0c,0x0f,0xd8,0x63,0x01,0x08,0x1a,0x09,0x0f,0x36,0x0a,
    0x01,0x0f,0x02,0x00,0x09,0x0c,0xe2,0x09,0x24,0x04,0x21,0x2e,0x00,0x0a,0x5c,0x03,
    0x04,0x5a,0x06,0x0e,0x1c,0x2b,0x2f,0xe3,0x18,0x00,0x3d,0x0b,0x06,0xf6,0x35,0x08,
    0x12,0x0d,0x0a,0x80,0x21,0x04,0x9a,0x09,0x0a,0xc8,0x93,0x17,0x41,0x60,0x43,0x0a,
    0x02,0x00,0x02,0x76,0x07,0x0a,0x68,0x1e,0x06,0xb8,0x46,0x0c,0xb8,0x65,0x0c,0x70,
    0x04,0x04,0xd8,0x03,0x2f,0x82,0x10,0x18,0x07,0x0b,0x08,0x02,0x00,0x1b,0xbe,0x24,
    0x04,0x0f,0xc8,0x6c,0x01,0x0a,0xe6,0x11,0x4f,0x00,0x00,0x49,0x4a,0x80,0x12,0x05,
    0x2c,0x7d,0xef,0x04,0x07,0x04,0x5e,0x04,0x0f,0x02,0x00,0xff,0x2e,0x2a,0x7d,0xef,
    0x9e,0x15,0x22,0x6d,0x6b,0x2c,0x02,0x0c,0x02,0x00,0x04,0x16,0x00,0x13,0xb6,0x46,
    0x71,0x04,0x02,0x00,0x04,0x6c,0x13,0x04,0x02,0x00,0xa2,0xbe,0xf7,0x2c,0x63,0xc3,
    0x18,0xc3,0x18,0xa6,0x31,0x9a,0x0f,0x0f,0x0a,0x1b,0x19,0x0e,0xb8,0x2b,0x04,0x52,
    0x3c,0x0a,0xce,0x3b,0x08,0xfc,0x01,0x0c,0x74,0x07,0x0f,0xac,0x19,0x0b,0x08,0x28,
    0x06,0x08,0x04,0xa4,0x06,0x1a,0x03,0x08,0xcc,0x56,0x08,0x5c,0x00,0x0f,0x38,0x40,
    0x0b,0x0c,0x46,0x4a,0x24,0x20,0x00,0xf8,0x07,0x0a,0xce,0x03,0x06,0xd0,0x03,0x06,
    0x02,0x00,0x6c,0x59,0xce,0xd3,0x9c,0x14,0xa5,0x64,0x94,0x0f,0x02,0x00,0x09,0x0c,
    0xa4,0x4d,0x06,0xca,0x03,0x04,0x02,0x00,0x0c,0x4a,0x01,0x0f,0x6e,0x0a,0x0d,0x2a,
    0x34,0xa5,0xee,0x0e,0x02,0xbc,0x01,0x0f,0x02,0x00,0xff,0x2e,0x04,0x38,0x05,0x02,
    0x02,0x00,0x06,0x1e,0x16,0x0f,0x02,0x00,0x07,0x19,0x79,0x08,0xa7,0x06,0x58,0x0c,
    0x06,0x02,0x00,0x2f,0x9e,0xf7,0x3e,0x06,0x0b,0x0f,0x02,0x00,0x07,0x0c,0xd6,0x12,
    0x06,0xa4,0x31,0x06,0xfe,0x09,0x28,0xa2,0x10,0x58,0x07,0x0a,0xc0,0x00,0x06,0xb0,
    0x1d,0x0f,0x02,0x00,0x05,0x04,0x7a,0x07,0x2a,0x82,0x10,0x40,0x02,0x88,0x14,0xa5,
    0xaa,0x52,0x49,0x4a,0x10,0x84,0x6a,0x14,0x24,0x1c,0xe7,0x2c,0x0d,0x2f,0x49,0x4a,
    0xd2,0x00,0x0b,0x0c,0x6e,0x0a,0x04,0x78,0x50,0x0a,0x2c,0x01,0x08,0x0c,0x22,0x0f,
    0x02,0x00,0x27,0x0c,0x90,0x54,0x0a,0xc8,0x54,0x02,0x02,0x00,0x0a,0xbc,0x0e,0x0f,
    0x5a,0x03,0x0d,0x0e,0x1a,0x08,0x1f,0x65,0xbc,0xc3,0xff,0x31,0x0a,0xe6,0x55,0x0f,
    0xd8,0x13,0x15,0x0a,0xfa,0x12,0x06,0x64,0x38,0x0f,0x02,0x00,0x2f,0x0c,0x82,0x1a,
    0x08,0x2e,0x7c,0x8a,0x18,0xc6,0x0c,0x63,0x69,0x4a,0xae,0x73,0xe2,0x05,0x0c,0xe8,
    0x0c,0x0f,0x82,0x57,0x0f,0x6a,0x9a,0xd6,0xf3,0x9c,0xf3,0x9c,0x46,0x00,0x0f,0x02,
    0x00,0x05,0x6f,0xdf,0xff,0x96,0xb5,0xd3,0x9c,0xdc,0x0a,0x0f,0x0c,0xa6,0x09,0x04,
    0xb0,0x17,0x0c,0x0a,0x22,0x0f,0x92,0x4a,0x13,0x0f,0x02,0x00,0x09,0x17,0xba,0x8a,
    0xa2,0x02,0x02,0x00,0x2c,0x82,0x10,0xcc,0x00,0x0a,0x2a,0x66,0x1f,0x49,0xba,0xb6,
    0x14,0x0a,0xa6,0x04,0x0f,0x40,0x19,0x19,0x0f,0x02,0x00,0xff,0x04,0x0a,0x0e,0x0c,
    0x0f,0xc4,0x0e,0x17,0x08,0x2e,0x09,0x0f,0xe4,0x04,0x3b,0x0a,0x44,0x09,0x06,0xdc,
    0x20,0x0a,0x02,0x00,0x04,0xa2,0x0a,0x3b,0xff,0xff,0x5d,0xd4,0x0a,0x0f,0x56,0x0c,
    0x05,0x0f,0x02,0x00,0x09,0x06,0x4e,0x00,0x0f,0x02,0x00,0x27,0x0a,0x64,0x2f,0x02,
    0xe2,0x03,0x2c,0x9e,0xf7,0x28,0x10,0x02,0x18,0x00,0x0f,0x02,0x00,0x29,0x02,0x2e,
    0x1e,0x08,0x02,0x00,0x0e,0xa8,0x0d,0x04,0x9c,0x07,0x02,0xc2,0x10,0x02,0xf6,0x14,
    0x0f,0x02,0x00,0x11,0x08,0x32,0x52,0x0c,0x18,0x0e,0x0f,0x02,0x00,0xff,0x20,0x08,
    0x24,0x03,0x0f,0x54,0x05,0x19,0x0a,0x06,0xab,0x04,0x5c,0x0c,0x0f,0x02,0x00,0x01,
    0x0f,0xb8,0x02,0x1d,0x0a,0x5a,0x90,0x0f,0xc6,0x17,0x11,0x08,0x24,0x09,0x04,0x30,
    0x06,0x0f,0x02,0x00,0x5f,0x08,0x40,0x07,0x04,0x9c,0x0d,0x0a,0x26,0x01,0x0f,0x76,
    0x72,0x19,0x0f,0x02,0x00,0x05,0x0a,0x5c,0x06,0x0f,0xb6,0x01,0x03,0x19,0xdf,0x80,
    0x03,0x0a,0x26,0x1c,0x0f,0x02,0x00,0x0b,0x08,0xc4,0x00,0x06,0x26,0x30,0x0f,0x02,
    0x00,0xff,0x24,0x0a,0x7a,0x20,0x08,0xc6,0x0c,0x06,0x02,0x00,0x08,0x06,0x21,0x08,
    0x02,0x00,0x08,0x60,0x06,0x0f,0x16,0x0a,0x07,0x02,0x5a,0x03,0x4f,0xdb,0xde,0xd7,
    0xbd,0x60,0x16,0x17,0x08,0x2e,0x14,0x04,0xcc,0x10,0x0f,0x02,0x00,0x0b,0x8f,0x14,
    0xa5,0x65,0x29,0x82,0x10,0xe3,0x18,0x2e,0x0e,0x11,0x0f,0x02,0x00,0x47,0xa2,0x34,
    0xa5,0x86,0x31,0x82,0x10,0x04,0x21,0x8e,0x73,0xf6,0x00,0x0c,0x4a,0x1f,0x04,0xfa,
    0x03,0x04,0x1e,0x00,0x0f,0x02,0x00,0x1f,0x0a,0x2e,0x15,0x02,0xc4,0xa5,0x08,0x20,
    0x0e,0x02,0x02,0x00,0x08,0xf6,0x5a,0x0a,0xd8,0x79,0x06,0x02,0x00,0x0f,0xd6,0x01,
    0x05,0x08,0x96,0x03,0x0f,0x2c,0x1c,0x0b,0x0f,0x02,0x00,0xff,0x0e,0x08,0xa8,0x04,
    0x0f,0xda,0x09,0x01,0x8f,0x38,0xc6,0xaa,0x52,0x45,0x29,0xa6,0x31,0x08,0x5d,0x01,
    0x08,0x26,0x1e,0x0f,0xd2,0x0b,0x09,0x42,0xdf,0xff,0x0c,0x63,0xbc,0x3b,0x2e,0x8a,
    0x52,0x08,0x02,0x0f,0x02,0x00,0x03,0x8f,0xef,0x7b,0x45,0x29,0x82,0x10,0x65,0x29,
    0xde,0x01,0x19,0x2f,0xfb,0xde,0xfc,0x08,0x17,0x0f,0x02,0x00,0x47,0x19,0x1c,0x4a,
    0xb6,0x08,0x52,0x07,0x0a,0x98,0x24,0x4f,0x79,0xce,0x96,0xb5,0xee,0x07,0x09,0x0f,
    0x02,0x00,0x03,0x0c,0x62,0x0a,0x08,0x3e,0x25,0x06,0x02,0x00,0x08,0x88,0x51,0x0f,
    0xda,0x09,0x01,0x8f,0xb6,0xb5,0x69,0x4a,0x24,0x21,0xc7,0x39,0x5e,0x01,0x01,0x08,
    0x4e,0x0a,0x04,0x7e,0x07,0x0f,0x02,0x00,0xff,0x24,0x08,0x86,0x01,0x0e,0xf6,0xba,
    0x08,0x18,0xbb,0x0e,0x1e,0x00,0x08,0xbc,0x09,0x0f,0x04,0x11,0x09,0x08,0xce,0x0f,
    0x0f,0xae,0x01,0x17,0x4f,0xbe,0xf7,0x1c,0xe7,0xe0,0x05,0x27,0x0f,0x02,0x00,0x75,
    0x22,0x1c,0xe7,0x56,0x04,0x02,0x02,0x00,0x06,0x3a,0x21,0x22,0x4d,0x6b,0x18,0x00,
    0x1f,0x49,0x82,0x3c,0x1a,0x08,0x4a,0x01,0x02,0x02,0x00,0x06,0x20,0x36,0x08,0x02,
    0x00,0x08,0x20,0x03,0x04,0xac,0x1b,0x06,0x02,0x00,0x08,0x96,0x26,0x0e,0x40,0x14,
    0x08,0xa4,0x18,0x0f,0x98,0x03,0x01,0x0f,0x02,0x00,0xff,0x18,0x08,0x5c,0x03,0x0e,
    0x50,0x09,0x08,0x06,0x1e,0x0e,0x24,0x10,0x08,0x4c,0x0c,0x08,0x70,0x1a,0x0a,0x02,
    0x00,0x0c,0xa8,0x2a,0x0f,0x2e,0x11,0x17,0x0f,0x02,0x00,0xb3,0x06,0x62,0x01,0x24,
    0x24,0x21,0xc6,0x17,0x08,0x4a,0xa2,0x0f,0xba,0x2f,0x0d,0x06,0x02,0x00,0x06,0x84,
    0x18,0x04,0x02,0x00,0x04,0xe8,0x17,0x0c,0x02,0x00,0x08,0x34,0x2c,0x0e,0x7e,0x03,
    0x08,0xf6,0x09,0x26,0x20,0x00,0x9a,0x29,0x02,0x02,0x00,0x08,0xa8,0x15,0x06,0x0c,
    0x04,0x0f,0x02,0x00,0xff,0x22,0x08,0x1a,0x0f,0x0c,0xe2,0x04,0x0c,0x58,0x74,0x04,
    0x34,0x2e,0x04,0x02,0x00,0x08,0x3a,0x35,0x2f,0x45,0x29,0xee,0x09,0x05,0x0c,0xe8,
    0x7e,0x0f,0xfc,0x35,0x0f,0x0f,0x02,0x00,0xbd,0x84,0xd7,0xbd,0x2c,0x63,0x69,0x4a,
    0x10,0x84,0xc6,0x02,0x08,0x94,0x04,0x0f,0x50,0x21,0x01,0x0f,0x02,0x00,0x03,0x2c,
    0x7d,0xef,0xd0,0x29,0x02,0xfa,0x1e,0x0f,0x9a,0x1f,0x01,0x08,0xe0,0x06,0x0c,0xda,
    0x1f,0x0a,0x84,0x1f,0x0e,0x90,0x01,0x08,0x8e,0x08,0x0f,0x32,0x05,0x07,0x0f,0x02,
    0x00,0xff,0x12,0x08,0x34,0x0d,0x0e,0xb8,0x06,0x02,0xd0,0x3b,0x04,0x02,0x00,0x0c,
    0x16,0x03,0x08,0x16,0x1d,0x0f,0xa4,0x3e,0x07,0x19,0x9e,0x98,0x35,0x24,0x61,0x08,
    0x62,0x02,0x0f,0x02,0x00,0xe1,0x02,0xe4,0x0a,0x0a,0x0e,0x08,0x0e,0x58,0x01,0x0f,
    0x02,0x00,0x03,0x08,0xd0,0x15,0x02,0x02,0x00,0x02,0x24,0x55,0x02,0x54,0x00,0x0a,
    0x02,0x00,0x08,0x14,0x0a,0x0c,0xf6,0x09,0x2a,0xbe,0xf7,0xb4,0x0d,0x0c,0xc0,0x12,
    0x08,0xb8,0x06,0x0f,0x14,0x0a,0xff,0x2c,0x08,0x8e,0x2a,0x0e,0xac,0x15,0x08,0x08,
    0x2e,0x0e,0x2c,0x42,0x08,0x80,0x05,0x0f,0x70,0x0d,0x09,0x08,0xc0,0x03,0x0c,0xea,
    0x01,0x0f,0x02,0x00,0xdf,0x0c,0x64,0x2b,0x15,0x20,0x58,0x40,0x0f,0x02,0x00,0x09,
    0x0c,0xf2,0x29,0x08,0x00,0x4e,0x0e,0x02,0x00,0x08,0xb8,0x01,0x0e,0x72,0x01,0x06,
    0xde,0x25,0x4c,0x00,0x00,0xe7,0x39,0x9c,0x03,0x08,0x5c,0x03,0x0f,0x14,0x0a,0xff,
    0x2c,0x08,0x60,0x21,0x0f,0xec,0x13,0x01,0x04,0x3a,0x23,0x2e,0x86,0x31,0x42,0x17,
    0x08,0xf6,0x0e,0x0f,0xfa,0x0b,0x05,0x02,0x02,0x00,0x8f,0xd3,0x9c,0x86,0x31,0xa2,
    0x10,0x65,0x29,0xaa,0x17,0x07,0x0f,0x02,0x00,0x39,0x0f,0x2a,0x1d,0x17,0x0f,0x02,
    0x00,0x39,0x2c,0x7d,0xef,0xa6,0x02,0x0f,0x02,0x00,0x03,0x08,0x6c,0x0d,0x02,0x46,
    0x58,0x0f,0x4e,0x0b,0x05,0x06,0x02,0x00,0x08,0x54,0x12,0x02,0x02,0x00,0x1f,0xe3,
    0xb2,0xc9,0x0a,0x08,0xea,0x0b,0x0e,0xb4,0x1c,0x15,0xdf,0x52,0x33,0x2e,0xe7,0x39,
    0xfe,0x0e,0x06,0x20,0x0e,0x0f,0x5c,0x03,0xff,0x2e,0x08,0x00,0x2e,0x0f,0xc0,0x1f,
    0x03,0x6f,0x79,0xce,0x14,0xa5,0xd7,0xbd,0x38,0x02,0x01,0x08,0x68,0x2d,0x0e,0x50,
    0x0a,0x0c,0x02,0x00,0x13,0x3c,0xf6,0x13,0x0f,0x4a,0x00,0x01,0x0f,0x02,0x00,0x0b,
    0x8f,0xbe,0xf7,0xb2,0x94,0x2c,0x63,0xcf,0x7b,0x84,0x2b,0x0b,0x02,0x02,0x00,0x8f,
    0x96,0xb5,0x08,0x42,0x04,0x21,0xa6,0x31,0xc6,0x03,0x53,0x04,0x02,0x00,0x8e,0xd7,
    0xbd,0x28,0x42,0xe3,0x18,0x86,0x31,0x24,0x06,0x0c,0x02,0x00,0x0c,0xd2,0x5a,0x0f,
    0xba,0x2b,0x01,0x0c,0x02,0x00,0x0c,0x66,0xd0,0x06,0x34,0x29,0x1c,0xdf,0x2b,0x00,
    0x03,0x02,0x00,0x08,0x06,0x1b,0x06,0x4a,0x30,0x08,0x02,0x00,0x11,0x59,0xd6,0x01,
    0x08,0x12,0x00,0x04,0x02,0x00,0x04,0x78,0x03,0x0f,0xf4,0x06,0x03,0x0f,0x02,0x00,
    0xff,0x1c,0x08,0x54,0x0d,0x0c,0xf8,0x0e,0x0f,0x02,0x00,0x09,0x19,0x5d,0x5c,0x5d,
    0x0f,0xca,0x23,0x2f,0x0f,0x02,0x00,0x05,0x26,0x5d,0xef,0x88,0x23,0x02,0x62,0x0c,
    0x0f,0x02,0x00,0x07,0x08,0x4a,0x07,0x0e,0x20,0x13,0x0f,0x02,0x00,0x45,0x08,0xe6,
    0x09,0x0e,0xaa,0x18,0x0a,0x02,0x00,0x08,0x90,0x04,0x6f,0x00,0x00,0x00,0x00,0xe3,
    0x18,0x20,0x03,0x05,0x06,0x02,0x00,0x0c,0x00,0x32,0x0f,0xbe,0x0b,0x01,0x0a,0x02,
    0x00,0x0a,0xe4,0x0e,0x0a,0x92,0x2c,0x0f,0x02,0x00,0x07,0x02,0xb0,0xb3,0x08,0x0e,
    0x2f,0x0a,0x80,0x7a,0x0a,0x02,0x00,0x0f,0x44,0x11,0x01,0x0f,0x02,0x00,0xfd,0x08,
    0x54,0x12,0x2f,0xe3,0x18,0x1e,0x01,0x17,0x04,0x78,0x08,0x11,0x20,0xe0,0xc5,0x0f,
    0xd8,0x08,0x0f,0x0f,0x02,0x00,0x25,0x08,0xa0,0x00,0x0f,0xee,0x01,0x0b,0x0a,0x0e,
    0x27,0x0f,0x2c,0x00,0x0d,0x0f,0x02,0x00,0x37,0x08,0xa0,0x22,0x0e,0xaa,0x18,0x08,
    0x02,0x00,0x2c,0xdf,0xff,0xec,0x13,0x0f,0xf0,0x07,0x0f,0x08,0xba,0x03,0x02,0x02,
    0x00,0x0f,0xe4,0x1f,0x01,0x0c,0x02,0x00,0x08,0x00,0x44,0x0f,0x8e,0xf2,0x03,0x0f,
    0x1c,0x03,0x03,0x04,0x04,0x0c,0x55,0x00,0x00,0x00,0x00,0x24,0x3c,0x37,0x0f,0x02,
    0x00,0x07,0x6c,0x7d,0xef,0xd7,0xbd,0xb6,0xb5,0xd8,0x44,0x0f,0x02,0x00,0xf5,0x08,
    0x40,0x08,0x0e,0x88,0x17,0x0f,0x02,0x00,0x05,0x0a,0xe0,0x04,0x0e,0xd4,0x0b,0x0f,
    0x02,0x00,0x37,0x08,0x58,0x07,0x0a,0x7c,0x4c,0x0c,0x02,0x00,0x0c,0xc2,0x4c,0x0f,
    0xb8,0x02,0x0f,0x0f,0x02,0x00,0x31,0x0c,0x00,0x2f,0x0f,0x32,0x2f,0x09,0x08,0xcc,
    0x0c,0x02,0x02,0x00,0x0e,0xf0,0x0c,0x0a,0x02,0x00,0x1d,0x5d,0x7a,0x17,0x1f,0x41,
    0x14,0xf9,0x12,0x08,0x70,0x23,0x0f,0xbc,0x24,0x03,0x0f,0x30,0x07,0x01,0x0a,0xd8,
    0x0d,0x2a,0xcf,0x7b,0x8c,0x00,0x0e,0x02,0x00,0x22,0xb2,0x94,0x74,0x14,0x2f,0x82,
    0x10,0xf2,0x08,0x19,0x0f,0x02,0x00,0xd9,0x0a,0x32,0x35,0x02,0x86,0x0b,0x0f,0x7a,
    0x01,0x01,0x08,0x02,0x00,0x08,0xcc,0x49,0x0e,0xc8,0x15,0x0f,0x02,0x00,0x0f,0x6f,
    0xbe,0xf7,0xb6,0xb5,0x75,0xad,0xf0,0x04,0x11,0x0a,0x6a,0x00,0x0f,0xfa,0x38,0x09,
    0x0a,0xb6,0xa4,0x0f,0x9e,0x19,0x55,0x0c,0x58,0xb9,0x0f,0x16,0x0e,0x07,0x0c,0xfe,
    0x16,0x0f,0xfe,0x03,0x11,0x0a,0xd8,0x57,0x0f,0x28,0x03,0x05,0x0e,0x02,0x00,0x0c,
    0x96,0x00,0x0e,0x8a,0x12,0x0e,0xe2,0x01,0x0a,0xa0,0x00,0x19,0x41,0x04,0x9f,0x0e,
    0x02,0x00,0x13,0x5d,0xa2,0xca,0x04,0x02,0x00,0x0f,0x54,0x04,0x09,0x0f,0x02,0x00,
    0xe7,0x08,0x4c,0x17,0x4f,0x00,0x00,0xa2,0x10,0x1e,0x02,0x07,0x04,0x90,0x01,0x08,
    0xf0,0x0e,0x0f,0x0e,0x16,0x0b,0x0f,0x02,0x00,0x03,0x22,0x59,0xce,0x92,0x60,0x2f,
    0x61,0x08,0xa8,0x28,0x01,0x0a,0x02,0x00,0x0a,0x72,0x09,0x0f,0xbc,0x12,0x09,0x0c,
    0x02,0x68,0x0f,0x4c,0x1b,0x55,0x08,0x20,0x17,0x2f,0x65,0x29,0x04,0x2b,0x05,0x0f,
    0x58,0x21,0x01,0x0f,0xb6,0x06,0x0d,0x08,0xbe,0x18,0x02,0x02,0x00,0x0f,0x16,0x17,
    0x17,0x0a,0xba,0x06,0x22,0x04,0x21,0x6c,0x00,0x04,0xc2,0x01,0x0e,0x02,0x00,0x2a,
    0x9e,0xf7,0x78,0x1b,0x0f,0x8c,0x51,0x0b,0x22,0x34,0xa5,0xb2,0x06,0x06,0x02,0x00,
    0x04,0x1e,0x44,0x0f,0x02,0x00,0xfd,0x0a,0x1e,0x05,0x31,0x20,0x00,0xd3,0x96,0x1c,
    0x0f,0x02,0x00,0x03,0x26,0xdb,0xde,0x5c,0x10,0x02,0x02,0x00,0x0e,0x14,0x05,0x0f,
    0x02,0x00,0x0b,0x0a,0x16,0xbb,0x04,0xc4,0x4f,0x0f,0x02,0x00,0x05,0x08,0xba,0x02,
    0x02,0x02,0x00,0x0f,0x62,0x0f,0x07,0x08,0x2e,0x0c,0x0f,0xd8,0x34,0x03,0x0f,0x02,
    0x00,0x43,0x04,0x14,0x0e,0x2c,0xa6,0x31,0xa4,0x38,0x08,0x02,0x00,0x0c,0xfe,0x1d,
    0x0f,0x9a,0x1d,0x0d,0x0e,0x54,0x14,0x06,0x26,0x44,0x0f,0x02,0x00,0x11,0x0a,0xa8,
    0x01,0x2f,0x82,0x10,0xec,0x38,0x09,0x04,0xee,0x04,0x04,0x02,0x00,0x0a,0x8a,0xce,
    0x0c,0x02,0x00,0x0c,0x92,0x11,0x0f,0x26,0x08,0x57,0x0f,0x02,0x00,0x9f,0x1d,0xdb,
    0xce,0xc5,0x2f,0x8a,0x52,0xbe,0x06,0x01,0x4a,0x3c,0xe7,0x10,0x84,0x5c,0x43,0x0f,
    0xa8,0x15,0x21,0x08,0x54,0x1b,0x08,0x58,0x42,0x0f,0x02,0x00,0x03,0x0c,0x46,0x0d,
    0x0f,0x28,0x07,0x09,0x0a,0x5a,0x00,0x0f,0x32,0x0c,0x11,0x0f,0x02,0x00,0x35,0x4f,
    0x79,0xce,0x55,0xad,0xaa,0x18,0x03,0x04,0x02,0x00,0x0e,0x94,0x10,0x02,0x7e,0x0b,
    0x0f,0x02,0x00,0x07,0x0e,0x9e,0x0d,0x0f,0x8e,0x15,0x1b,0x0a,0x90,0x08,0x02,0x04,
    0x4b,0x0c,0x86,0x21,0x11,0xff,0xcc,0xc7,0x2a,0xae,0x73,0x48,0xa5,0x0f,0xda,0x33,
    0x09,0x0f,0xc8,0x52,0x05,0x0f,0x22,0x15,0x0d,0x0f,0x02,0x00,0xe7,0x08,0x8e,0x1f,
    0x04,0x02,0x00,0xf8,0x03,0x69,0x4a,0x92,0x94,0x79,0xce,0x59,0xce,0xba,0xd6,0x79,
    0xce,0x59,0xce,0x34,0xa5,0x4d,0x6b,0x86,0xb1,0x02,0x02,0x00,0x0f,0xd8,0x2e,0x17,
    0x06,0x02,0x00,0x0c,0xf6,0x4f,0x0f,0xfe,0x38,0x0d,0x0c,0x64,0x02,0x1f,0x41,0x38,
    0x25,0x06,0x0c,0xae,0x4c,0x0f,0xd2,0x1e,0x0b,0x0f,0x02,0x00,0x5b,0x0c,0xdc,0x0a,
    0x0f,0x9c,0x00,0x0f,0x04,0x8a,0x15,0x04,0x02,0x00,0x0f,0x6c,0x01,0x1f,0x0c,0xe2,
    0x32,0x02,0xda,0x51,0x35,0xb2,0x94,0x59,0xd6,0x01,0x4c,0x14,0xa5,0x2c,0x63,0xbc,
    0x14,0x0f,0xe4,0x17,0x09,0x1f,0xbe,0x22,0x56,0x04,0x0e,0x56,0x40,0x0f,0x02,0x00,
    0xf9,0x08,0x7a,0x30,0x0a,0x02,0x00,0x22,0x61,0x08,0x10,0x31,0x0e,0x02,0x00,0x0f,
    0xee,0x01,0x1f,0x0e,0xf4,0x44,0x0f,0xb0,0x56,0x0f,0x0e,0x3c,0x1d,0x0f,0x0c,0x0c,
    0x07,0x0c,0xf0,0x3e,0x0f,0xa8,0x05,0x01,0x0f,0x02,0x00,0x61,0x0e,0xec,0x83,0x0f,
    0x3c,0x35,0x01,0x0a,0x02,0x00,0x0a,0x32,0x0d,0x0f,0x60,0x84,0x1d,0x02,0x5a,0x0d,
    0x0e,0x3c,0x2f,0x04,0x02,0x00,0x1f,0x41,0xd6,0x01,0x06,0x0e,0xfc,0x26,0x06,0x02,
    0x00,0x08,0x42,0x1c,0x06,0x02,0x00,0x2f,0xc3,0x18,0x68,0x01,0x75,0x0f,0x02,0x00,
    0x6b,0x2f,0x9e,0xf7,0x14,0x24,0x05,0x2c,0xd7,0xbd,0x1a,0x08,0x0f,0x02,0x00,0x0b,
    0x0f,0x7a,0x17,0x25,0x0e,0x94,0x52,0x0f,0x5e,0x13,0x09,0x0e,0x92,0x9a,0x0f,0xa6,
    0x10,0x09,0x04,0xfa,0x0c,0x04,0x02,0x00,0x0f,0x3a,0x0e,0x09,0x0f,0x02,0x00,0x59,
    0x0c,0x4c,0x17,0x0f,0x34,0x1e,0x11,0x08,0x24,0x06,0x2f,0x61,0x08,0xbe,0x02,0x25,
    0x0f,0xbc,0x06,0x01,0x0f,0x02,0x00,0x09,0x0f,0x5a,0x03,0x09,0x0e,0x4c,0x07,0x02,
    0x64,0x4a,0x0f,0x80,0x2d,0xe9,0x04,0x02,0x00,0xbf,0x7d,0xef,0x2c,0x63,0x04,0x21,
    0xe3,0x18,0x49,0x4a,0x96,0x42,0xbe,0x02,0x04,0x16,0x63,0x0f,0x02,0x00,0x0f,0x13,
    0x20,0x04,0xf1,0x02,0x1e,0x05,0x0f,0x02,0x00,0x1d,0x0e,0x0a,0x0c,0x0f,0x56,0x27,
    0x0b,0x1d,0xfb,0x10,0x0e,0x0f,0x02,0x02,0x05,0x08,0x7c,0x2c,0x02,0x1e,0x58,0x0f,
    0x9c,0x00,0x05,0x8f,0xba,0xd6,0xcf,0x7b,0xeb,0x5a,0xcf,0x7b,0xb4,0x02,0x07,0x8f,
    0xbe,0xf7,0x71,0x8c,0x0c,0x63,0x2c,0x63,0x5e,0x16,0x31,0x0c,0xa6,0x65,0x0f,0x10,
    0x1a,0x13,0xaf,0x9e,0xf7,0x6d,0x6b,0x65,0x29,0x24,0x21,0x8a,0x52,0x30,0x12,0x1d,
    0x08,0x02,0x00,0x2a,0xb6,0xb5,0x4c,0x58,0x0f,0x02,0x00,0x07,0x2f,0x61,0x08,0x5a,
    0x12,0x0d,0x0c,0xa0,0x0b,0x04,0x08,0x02,0x0f,0x02,0x00,0xed,0x08,0x08,0x05,0x4a,
    0x00,0x00,0x0c,0x63,0x2e,0x16,0x02,0x26,0x03,0x48,0xdf,0xff,0x71,0x8c,0xcc,0x24,
    0x0f,0x02,0x00,0x03,0x24,0xcb,0x5a,0x92,0x02,0x02,0x36,0x00,0x0f,0x02,0x00,0x1f,
    0x0c,0x74,0x0d,0x0f,0xa2,0x10,0x09,0x0f,0x90,0x06,0x01,0x0f,0xe2,0x89,0x05,0x0a,
    0x98,0xfe,0x0f,0x94,0x20,0x05,0x44,0xff,0xff,0x59,0xce,0x36,0x67,0x1f,0x20,0x52,
    0xee,0x04,0x08,0x6c,0x25,0x0f,0x9e,0x28,0x31,0x08,0x5c,0x13,0x2a,0x86,0x31,0x7c,
    0x01,0x0f,0x02,0x00,0x0b,0x0f,0x2c,0x00,0x19,0x0f,0x02,0x00,0x03,0x2f,0x9e,0xf7,
    0x54,0x6d,0x0d,0x6f,0x00,0x00,0x20,0x00,0x4d,0x6b,0xe6,0x14,0x09,0x02,0x02,0x00,
    0x0a,0x1a,0xb3,0x2f,0x45,0x29,0x96,0x40,0x1f,0x0f,0x02,0x00,0xc3,0x0c,0x2c,0x0b,
    0x2f,0x86,0x31,0x0c,0x14,0x01,0x6c,0xff,0xff,0x7d,0xef,0x71,0x8c,0xb8,0x0c,0x04,
    0x02,0x00,0x44,0xc3,0x18,0x2c,0x63,0x50,0x01,0x0e,0x58,0x03,0x2f,0x5d,0xef,0x08,
    0x02,0x17,0x0c,0x92,0x16,0x0f,0x32,0x17,0x0b,0x0a,0x1c,0x3f,0x0f,0xaa,0x39,0x01,
    0x04,0x02,0x00,0x0a,0x0a,0x1f,0x0f,0xc2,0x31,0x05,0x08,0x26,0x00,0x0a,0xe2,0xc2,
    0x04,0x02,0x00,0x0a,0xc6,0x27,0x0f,0x98,0x4d,0x21,0x0c,0x02,0x00,0x06,0xc8,0x3f,
    0x04,0x80,0x3c,0x0f,0x02,0x00,0x59,0x4a,0x3c,0xe7,0x30,0x84,0xe4,0x22,0x06,0x02,
    0x00,0x4f,0x04,0x21,0x4d,0x6b,0x1a,0x07,0x15,0x22,0x38,0xc6,0x46,0x00,0x4f,0xa2,
    0x10,0xae,0x73,0xee,0x01,0x17,0x0f,0x02,0x00,0xcd,0x08,0xea,0x3d,0x02,0x02,0x00,
    0x1f,0x20,0x92,0x05,0x08,0xff,0x07,0x59,0xce,0x30,0x84,0x49,0x4a,0xc7,0x39,0x08,
    0x42,0x65,0x29,0xa6,0x31,0xe7,0x39,0xe7,0x39,0xae,0x73,0x96,0xb5,0x16,0x02,0x07,
    0x8f,0x14,0xa5,0x86,0x31,0xa2,0x10,0x24,0x21,0x24,0x2b,0x15,0x0c,0x62,0x06,0x06,
    0x9a,0x67,0x0f,0x02,0x00,0x03,0x08,0xfc,0x49,0x02,0xee,0x26,0x0e,0xdc,0x03,0x0c,
    0x9e,0x34,0x0f,0x84,0x03,0x05,0x0c,0xaa,0x03,0x0f,0x58,0x02,0x01,0x0a,0x6e,0x50,
    0x0f,0x7a,0x10,0x05,0x6f,0x14,0xa5,0xeb,0x5a,0xcb,0x5a,0xd6,0x0d,0x15,0x44,0xba,
    0xd6,0xd7,0xbd,0x9a,0x04,0x0f,0x02,0x00,0x61,0xff,0x09,0xdf,0xff,0xf7,0xbd,0x10,
    0x84,0x69,0x4a,0xc7,0x39,0xc7,0x39,0x86,0x31,0xa6,0x31,0xc7,0x39,0xc7,0x39,0x6d,
    0x6b,0x96,0xb5,0x0e,0x2a,0x1b,0x6f,0xbe,0xf7,0x18,0xc6,0xd7,0xbd,0x64,0x0d,0xf1,
    0x06,0x02,0x00,0x0c,0xfe,0x19,0x02,0x02,0x00,0x1f,0xaa,0x7c,0x49,0x0e,0x2f,0xbe,
    0xf7,0xc6,0x02,0x03,0x08,0x02,0x00,0x08,0x32,0x0f,0x0f,0x88,0x26,0x0f,0x02,0x02,
    0x00,0x0c,0xbc,0x0b,0x0f,0x42,0x36,0x03,0x04,0x02,0x00,0x1b,0x9a,0x5e,0xb1,0x0f,
    0xa8,0x10,0x05,0x08,0x8a,0x00,0x3f,0x00,0x00,0x00,0x34,0xee,0x02,0x0c,0x30,0x65,
    0x1f,0x79,0x28,0xd4,0x00,0x0a,0x5c,0x03,0x0f,0x20,0x0d,0x03,0x06,0xf0,0x03,0x2f,
    0x8a,0x52,0x24,0x01,0x0f,0x0f,0x02,0x00,0x7b,0x0c,0x74,0x06,0x0f,0xc0,0x00,0x9d,
    0x0f,0x02,0x00,0x7b,0x0c,0x7c,0x6a,0x04,0x02,0x00,0x2f,0xc7,0x39,0x3a,0x14,0x05,
    0x0f,0x02,0x00,0x15,0x0c,0x5a,0x43,0x0f,0x42,0x09,0x15,0x0a,0x3c,0x25,0x0f,0xda,
    0x0c,0x0d,0x0a,0x82,0x64,0x0f,0x44,0xd0,0x05,0x0a,0x6a,0xb1,0x3d,0x00,0x00,0xa6,
    0xb4,0xaa,0x0c,0x52,0x6e,0x0f,0xa8,0x24,0x03,0x08,0x18,0x3f,0x0f,0xd2,0x00,0x03,
    0x0a,0xb6,0x18,0x0f,0x00,0x33,0x0d,0x0f,0x02,0x00,0xff,0xce,0x15,0x79,0xc2,0x0f,
    0x0a,0x02,0x00,0x0f,0x1a,0x0a,0x07,0x0f,0x02,0x00,0x13,0x0a,0x42,0x54,0x0f,0xb8,
    0x29,0x17,0x0c,0x9a,0x16,0x0f,0x64,0x27,0x0b,0x0e,0xda,0x20,0x0f,0xc2,0x13,0x03,
    0x08,0x4c,0x0d,0x0f,0x26,0x47,0x05,0x24,0xdb,0xde,0x10,0x27,0x0f,0x40,0x29,0x05,
    0x26,0xbe,0xf7,0x12,0x0e,0x0f,0x38,0x03,0x03,0x08,0x1c,0x3f,0x0f,0xec,0x1b,0x25,
    0x0f,0x02,0x00,0xff,0xba,0x0e,0x0e,0x28,0x0f,0xc8,0x4b,0x1b,0x0f,0x02,0x00,0x03,
    0x2a,0xdf,0xff,0x5c,0x14,0x0f,0x64,0x09,0x01,0x0f,0x02,0x00,0x03,0x0a,0x20,0x1d,
    0x02,0x1e,0x82,0x0c,0xae,0x08,0x06,0x02,0x00,0x0c,0xba,0x06,0x0f,0xba,0x2a,0x03,
    0x0a,0xf4,0x02,0x0f,0x96,0x06,0x03,0xaf,0xff,0xff,0x3c,0xe7,0x51,0x8c,0x4d,0x6b,
    0x71,0x8c,0x8c,0x2f,0x09,0x4f,0xf3,0x9c,0x6d,0x6b,0x20,0x82,0x07,0x0a,0x68,0x00,
    0x0f,0xee,0x1b,0x25,0x0f,0x02,0x00,0xff,0xb6,0x59,0xdf,0xff,0xff,0xff,0xdf,0x0e,
    0x16,0x02,0x02,0x00,0x0f,0xa4,0x02,0x03,0x0f,0x02,0x00,0x19,0x08,0xa0,0x23,0x0f,
    0x84,0x2a,0x0d,0x0a,0x02,0x00,0x0e,0x8e,0x00,0x0f,0x78,0x35,0x07,0x0a,0x6c,0x36,
    0x0f,0x54,0xbc,0x01,0x0e,0x9c,0x8c,0x0f,0x4e,0x00,0x07,0x0f,0x02,0x00,0x2d,0x0a,
    0x8e,0x00,0x0f,0x0a,0x2b,0x09,0x0f,0x02,0x00,0x49,0x82,0xf7,0xbd,0x6d,0x6b,0x8a,
    0x52,0xae,0x73,0xe8,0x2e,0x0f,0x02,0x00,0x2d,0x5f,0x79,0xce,0x14,0xa5,0x55,0xfc,
    0x33,0x12,0x0f,0x02,0x00,0xff,0x06,0x0f,0x9e,0x6e,0x0d,0x0f,0x02,0x00,0x21,0x22,
    0x8e,0x73,0x1a,0x25,0x0f,0x62,0x16,0x1f,0x02,0xd4,0x15,0x08,0x02,0x00,0x0f,0x1c,
    0x18,0x03,0x0e,0xdc,0x2d,0x0f,0xc8,0x03,0x05,0x24,0x55,0xad,0x62,0x22,0x1f,0xe7,
    0x4c,0x0e,0x2e,0x0f,0x02,0x00,0x09,0x06,0xba,0x06,0x0f,0xb6,0x06,0x05,0x8f,0xd7,
    0xbd,0x0c,0x63,0x8a,0x52,0xef,0x7b,0x1e,0x07,0x09,0x0f,0x02,0x00,0x23,0x02,0x7c,
    0x10,0x06,0x4e,0x11,0x0f,0xa6,0x78,0x29,0x02,0x4c,0x00,0x33,0x5d,0xef,0x2c,0x5c,
    0x5c,0x1b,0xa2,0x9a,0x6c,0x0f,0x02,0x00,0xff,0x1c,0x26,0x3c,0xe7,0x48,0x10,0x2f,
    0xcb,0x5a,0x86,0x09,0x07,0x0f,0x02,0x00,0x19,0x4f,0x9a,0xd6,0xd7,0xbd,0x0e,0x0a,
    0x17,0x06,0x02,0x00,0x0e,0xa6,0x21,0x0f,0x4a,0x54,0x07,0x0e,0xec,0x14,0x26,0xf7,
    0xbd,0x4a,0x00,0x06,0x02,0x00,0x79,0x79,0xce,0xcf,0x7b,0x4d,0x6b,0xd3,0x2e,0x83,
    0x0f,0x02,0x00,0x3b,0x02,0x90,0x02,0x6f,0xd7,0xbd,0xae,0x73,0x8e,0x73,0xe6,0x22,
    0x03,0x08,0x80,0x35,0x2f,0x04,0x21,0x5e,0x03,0x3f,0x0c,0x34,0x4a,0x0f,0x30,0x08,
    0x1b,0x0c,0x02,0x00,0x28,0x18,0xc6,0xbe,0x21,0x0f,0x18,0x1c,0x05,0x0f,0x02,0x00,
    0xff,0x16,0x6f,0x18,0xc6,0xef,0x7b,0x8e,0x73,0xcc,0x08,0x65,0x08,0x02,0x00,0x0e,
    0xa4,0x35,0x0f,0x6a,0x37,0x05,0x0c,0xd6,0xbe,0x0f,0x74,0x46,0x0f,0x0f,0x68,0xe0,
    0x45,0x02,0x5c,0x03,0x0f,0x02,0x00,0x09,0x28,0xfb,0xde,0x8c,0x07,0x0f,0xd8,0x2c,
    0x23,0x0f,0x02,0x00,0x09,0x0c,0x8e,0x4d,0x08,0x06,0x70,0x0f,0x02,0x00,0x1d,0x0a,
    0x16,0x15,0x0f,0xe4,0x75,0x01,0x0f,0x02,0x00,0xff,0x02,0x2f,0x5d,0xef,0xca,0x22,
    0x0f,0x0c,0x02,0x00,0x4f,0x7d,0xef,0xfb,0xde,0xcc,0x06,0x33,0x0f,0x02,0x00,0x15,
    0x0a,0xdc,0x13,0x0f,0xa6,0x21,0x09,0x0a,0x8c,0x6f,0x0f,0x5a,0x28,0x07,0x0f,0x02,
    0x00,0x6f,0x0a,0x08,0x23,0x0f,0xec,0x1e,0x05,0x0f,0x02,0x00,0x25,0x0c,0x5a,0x03,
    0x0f,0x3a,0x39,0x1d,0x06,0x02,0x00,0x2e,0xba,0xd6,0x7e,0x01,0x0f,0xb4,0x04,0x0f,
    0x0f,0x58,0x02,0x21,0x0f,0x02,0x00,0xb9,0xcf,0x7d,0xef,0xeb,0x5a,0xa2,0x10,0x61,
    0x08,0x45,0x29,0x6d,0x6b,0x48,0x1f,0x17,0x8f,0xcf,0x7b,0xe3,0x18,0x41,0x08,0x24,
    0x21,0x70,0x3f,0x0f,0x0f,0x02,0x00,0x37,0x2c,0x1c,0xe7,0x74,0x39,0x0f,0x3c,0x4a,
    0x05,0x0c,0xba,0x06,0x2f,0x4d,0x6b,0x86,0x00,0x37,0x0f,0x02,0x00,0x3b,0x0a,0x04,
    0x15,0x0f,0xa8,0xe4,0x17,0x0f,0x02,0x00,0x11,0x08,0xc8,0x49,0x04,0x02,0x00,0x0f,
    0xb6,0x61,0x17,0x08,0x02,0x00,0x24,0x38,0xc6,0x5a,0x29,0x0a,0x02,0x00,0x0e,0x8c,
    0x72,0x06,0xaa,0x07,0xaf,0xb2,0x94,0xa6,0x31,0xa2,0x10,0x41,0x08,0xc7,0x39,0x92,
    0x0b,0x03,0x0f,0x02,0x00,0xcf,0x08,0xe6,0xb7,0x4f,0x00,0x00,0xc3,0x18,0xa6,0x19,
    0x03,0x0c,0x02,0x00,0x08,0xa6,0x31,0x2f,0xa6,0x31,0xa2,0x23,0x57,0x0e,0x4a,0x0d,
    0x0f,0xe8,0x57,0x01,0x0e,0xec,0x2e,0x0f,0x7e,0x4f,0x15,0x0f,0x02,0x00,0x03,0x1f,
    0xdf,0x02,0x00,0x0e,0x0f,0x38,0x00,0x03,0x0f,0x02,0x00,0x11,0x0a,0x94,0x3f,0x0f,
    0xba,0x2f,0x05,0x0f,0x02,0x00,0x21,0x0c,0xbc,0x40,0x02,0x02,0x00,0x0f,0xac,0x01,
    0x21,0x0e,0x3c,0x79,0x02,0x02,0x00,0x1f,0x49,0x5a,0x94,0x06,0x28,0x38,0xc6,0xb2,
    0x22,0x0e,0x60,0x88,0x0f,0x02,0x00,0xd3,0x0e,0x4c,0x3c,0x2f,0xa6,0x31,0x76,0x0f,
    0x05,0x04,0x02,0x00,0x22,0x3c,0xe7,0xee,0x13,0x04,0x02,0x00,0x2f,0x41,0x08,0x2c,
    0x27,0x15,0x0f,0x02,0x00,0x2f,0x0e,0x8c,0x05,0x0f,0x6a,0x24,0x03,0x08,0xa0,0x13,
    0x0f,0xb6,0x06,0x1f,0x02,0x4c,0x03,0x5f,0xbe,0xf7,0xbe,0xf7,0x9e,0x02,0x00,0x14,
    0x6f,0xbe,0xf7,0xbe,0xf7,0xbe,0xf7,0xb8,0x0d,0x21,0x24,0x96,0xb5,0x8e,0x07,0x2f,
    0xe7,0x39,0xb4,0x27,0x1b,0x0f,0x02,0x00,0x09,0x0e,0x0e,0x0a,0x0a,0x48,0xc0,0x0f,
    0x02,0x00,0x19,0x08,0x4a,0x05,0x06,0x02,0x00,0x2c,0x49,0x4a,0x12,0x0c,0x02,0x64,
    0x04,0x42,0xdb,0xde,0xaa,0x52,0x26,0x00,0x06,0x26,0x02,0x0f,0x22,0x15,0x05,0x0f,
    0x02,0x00,0xcb,0x0e,0x22,0x10,0x02,0x28,0x1e,0x0f,0xcc,0x13,0x09,0x0e,0xfc,0x20,
    0x4f,0x00,0x00,0x49,0x4a,0x3c,0x19,0x33,0x0f,0x02,0x00,0x0d,0x0e,0x94,0x25,0x0f,
    0x2e,0x89,0x07,0x6f,0xd7,0xbd,0xef,0x7b,0xcf,0x7b,0x98,0x21,0x03,0x0c,0x02,0x00,
    0x06,0x4e,0x03,0x08,0x50,0x03,0x62,0x7d,0xef,0x7d,0xef,0x7d,0xef,0x60,0x03,0x02,
    0x0c,0x00,0x0f,0x02,0x00,0x0b,0x02,0x2a,0x00,0x04,0x68,0x03,0x0c,0x64,0x00,0x0f,
    0x02,0x00,0x05,0x6f,0xba,0xd6,0x30,0x84,0xae,0x73,0x32,0x08,0x13,0x0f,0x02,0x00,
    0x0d,0x02,0x76,0x00,0x0f,0xb4,0x06,0x03,0x0f,0x92,0x12,0x25,0x04,0x2c,0x03,0x08,
    0x02,0x00,0x2c,0x10,0x84,0x8a,0x00,0x02,0x7a,0x00,0x0f,0xce,0x9a,0x03,0x2c,0x08,
    0x42,0x2e,0x00,0x0f,0x02,0x00,0xd1,0x0f,0xd0,0x3d,0x07,0x2f,0xcf,0x7b,0x46,0x05,
    0x05,0x0a,0xdc,0x12,0x04,0x02,0x00,0x2e,0xa2,0x10,0x7e,0x0b,0x0f,0x02,0x00,0x41,
    0x0a,0xfe,0x0f,0x02,0xa6,0x21,0x02,0xd8,0x01,0x0f,0x02,0x00,0x23,0x42,0xdf,0xff,
    0xdf,0xff,0x50,0x03,0x04,0x1c,0x03,0x06,0x02,0x00,0x06,0x12,0x00,0x06,0x0a,0x00,
    0x0e,0x02,0x00,0x02,0x70,0x03,0x0e,0x18,0x00,0x02,0x66,0x03,0x0f,0xcc,0x06,0x21,
    0x0a,0x02,0x00,0x2f,0x3c,0xe7,0xb8,0x04,0x1b,0x0f,0xb4,0x06,0x39,0x0f,0xaa,0x03,
    0x01,0x0f,0xe0,0xa5,0x07,0x0f,0x7a,0x00,0x03,0x0f,0xe6,0x0d,0x25,0x0f,0x02,0x00,
    0xad,0x1b,0x9e,0xa8,0xdc,0x08,0x02,0x00,0x2c,0x45,0x29,0xaa,0x6e,0x04,0x02,0x00,
    0x06,0xf8,0x1a,0x0a,0x02,0x00,0x2f,0x2c,0x63,0xe6,0x02,0x29,0x31,0xff,0xff,0x1c,
    0x62,0xe3,0x0f,0xfc,0x0e,0x0d,0x0e,0xa6,0x21,0x0f,0x1c,0x43,0x07,0x0f,0x02,0x00,
    0x07,0x02,0x54,0x03,0x02,0x56,0x03,0x04,0x20,0x03,0x06,0x02,0x00,0x02,0x12,0x00,
    0x04,0x30,0x03,0x06,0xbe,0x06,0x0f,0x02,0x00,0x11,0x02,0x38,0x00,0x04,0x4c,0x00,
    0x04,0x62,0x03,0x0f,0x8a,0x00,0x07,0x0f,0x02,0x00,0x09,0x31,0x7d,0xef,0xcb,0x6a,
    0x12,0x2f,0xc7,0x39,0xba,0x04,0x15,0x0f,0xb4,0x06,0x03,0x0f,0x3e,0x00,0x15,0x0f,
    0x02,0x00,0x01,0x28,0x38,0xc6,0xe6,0x01,0x04,0x90,0x7a,0x0e,0xd2,0x00,0x0e,0xb4,
    0x30,0x04,0x02,0x00,0x0f,0x3c,0x08,0x13,0x0f,0x02,0x00,0xbf,0x0f,0xaa,0x0e,0x05,
    0x02,0x02,0x00,0x2f,0xc7,0x39,0xea,0x4f,0x01,0x2a,0xbe,0xf7,0xae,0x50,0x06,0x02,
    0x00,0x22,0x86,0x31,0x30,0x00,0x0e,0x7a,0x01,0x0f,0x02,0x00,0x0f,0x24,0xb6,0xb5,
    0x8e,0x12,0x2f,0x69,0x4a,0xb2,0x14,0x0b,0x0e,0xa6,0x21,0x0f,0xc4,0x0a,0x09,0x0e,
    0x02,0x00,0x04,0x56,0x03,0x04,0x00,0x03,0x0f,0xf8,0x09,0x01,0x0f,0x46,0x03,0x11,
    0x0f,0x02,0x00,0x11,0x06,0x5e,0x00,0x0c,0xa0,0x0c,0x0f,0x02,0x00,0x0f,0x19,0xdf,
    0xd8,0x2f,0x0f,0xa2,0x02,0x11,0x0f,0x3a,0x06,0x03,0x0f,0xcc,0x11,0x2b,0x42,0xff,
    0xff,0x75,0xad,0x88,0x55,0x2f,0x86,0x31,0x4a,0x00,0x09,0x08,0xac,0x00,0x08,0x02,
    0x00,0x0f,0x12,0x0f,0x05,0x0f,0x02,0x00,0xd1,0x2f,0x9a,0xd6,0x92,0x01,0x03,0x04,
    0x02,0x00,0x2f,0xaa,0x52,0x94,0x08,0x01,0x08,0x1e,0x28,0x0a,0x02,0x00,0x2f,0xcf,
    0x7b,0x5a,0x03,0x21,0x0a,0x40,0xa7,0x1f,0x24,0xa4,0x20,0x0a,0x0e,0xa6,0x21,0x0f,
    0x32,0x86,0x15,0x04,0x00,0x0a,0x02,0xf4,0x02,0x02,0x02,0x00,0x06,0x22,0x03,0x06,
    0x08,0x03,0x0f,0x02,0x00,0x3f,0x02,0x5c,0x00,0x0f,0xe8,0x36,0x11,0x06,0x02,0x00,
    0x0a,0x6a,0x12,0x0f,0xd2,0x29,0x0f,0x0f,0xc8,0x01,0x03,0x0f,0x7e,0x08,0x05,0x0f,
    0x02,0x00,0x19,0x62,0x7d,0xef,0x18,0xc6,0x38,0xc6,0xd8,0x01,0x02,0x06,0x00,0x0e,
    0x02,0x00,0x0f,0x02,0x1b,0x01,0x2f,0xc7,0x39,0x8e,0x03,0x09,0x02,0x02,0x00,0x7f,
    0x75,0xad,0x0c,0x63,0x49,0x4a,0xaa,0x3c,0xbe,0x28,0x0f,0x02,0x00,0x8b,0x28,0xb6,
    0xb5,0x36,0x15,0x0c,0x02,0x00,0x2e,0x41,0x08,0xbc,0x0e,0x48,0xff,0xff,0xd7,0xbd,
    0x02,0x23,0x08,0x02,0x00,0x0f,0x10,0x6d,0x01,0x0f,0x02,0x00,0x0d,0x0c,0x60,0x17,
    0x0f,0x02,0x24,0x0b,0x0c,0xda,0x03,0x0f,0x8c,0x17,0x05,0x08,0x02,0x00,0x04,0x58,
    0x03,0x02,0x52,0x03,0x02,0xec,0x02,0x0f,0x02,0x00,0x5b,0x04,0x74,0x00,0x0f,0x62,
    0x03,0x15,0x0a,0x68,0xa2,0x0f,0xae,0x50,0x0d,0x0e,0x44,0x15,0x0f,0x54,0x3d,0x05,
    0x0f,0x02,0x00,0x43,0x0c,0x50,0x14,0x2f,0x24,0x21,0xb6,0x46,0x0d,0x42,0x5d,0xef,
    0x71,0x8c,0x12,0x07,0x02,0x02,0x00,0x0f,0xc8,0x34,0x2d,0x0f,0x02,0x00,0x87,0x2a,
    0x14,0xa5,0x06,0x32,0x0a,0x02,0x00,0x2e,0x65,0x29,0xca,0x12,0x2f,0x5d,0xef,0xd0,
    0x01,0x03,0x0f,0xb6,0x62,0x21,0x0a,0x48,0x02,0x02,0x92,0x3f,0x0f,0x60,0x27,0x09,
    0x0a,0x0c,0x04,0x0f,0xe6,0x15,0x0d,0x04,0x58,0x03,0x0f,0x02,0x00,0x6f,0x04,0xd6,
    0x03,0x0f,0x60,0x03,0x11,0x22,0xb6,0xb5,0x0a,0x01,0x02,0x02,0x00,0x0f,0x0c,0x28,
    0x05,0x02,0x48,0x06,0x0f,0x68,0x0d,0x03,0x0f,0xb4,0x06,0x31,0x0f,0x02,0x00,0x15,
    0x26,0xfb,0xde,0x40,0x02,0x5f,0x20,0x00,0x4d,0x6b,0x5d,0x4e,0x3b,0x0a,0x46,0x9a,
    0xd6,0x6d,0x6b,0x30,0x00,0x04,0x02,0x00,0x0f,0x20,0x24,0x1f,0x0f,0x02,0x00,0x95,
    0x26,0x7d,0xef,0x34,0x2d,0x0f,0x02,0x00,0x01,0x0f,0xa6,0x5a,0x01,0x2e,0x34,0xa5,
    0x74,0x55,0x02,0x02,0x00,0x3f,0x69,0x4a,0x7d,0x5e,0x01,0x0a,0x0a,0x02,0x00,0x0a,
    0x32,0x0f,0x02,0x02,0x00,0x0f,0x5e,0x03,0x09,0x28,0x1c,0xe7,0x78,0x00,0x0f,0x14,
    0x1d,0x09,0x02,0x58,0x03,0x08,0xfc,0x09,0x0f,0x02,0x00,0x6f,0x0f,0x62,0x03,0x13,
    0x28,0xbe,0xf7,0xb0,0x5d,0x0f,0x5e,0x09,0x09,0x0f,0x0e,0x0a,0x03,0x0f,0x76,0x17,
    0x25,0x0f,0x02,0x00,0x25,0x9f,0x1c,0xe7,0x4d,0x6b,0xa6,0x31,0x08,0x42,0x6d,0xb6,
    0x46,0x0c,0x46,0x3c,0xe7,0xaa,0x52,0xfe,0x1a,0x08,0x02,0x00,0x0f,0xe4,0x00,0x09,
    0x0f,0x02,0x00,0xa7,0x02,0xfe,0x04,0x4f,0xff,0xff,0x79,0xce,0xa8,0x10,0x05,0x02,
    0x02,0x00,0x08,0xb0,0x01,0x02,0x34,0x00,0x26,0x1c,0xe7,0x7e,0x3b,0x0a,0x02,0x00,
    0x28,0x04,0x21,0x2e,0x00,0x0f,0x02,0x00,0x0d,0x0f,0x0c,0x0f,0x01,0x0f,0x5e,0x03,
    0x09,0xaf,0x9a,0xd6,0xc7,0x39,0x20,0x00,0x00,0x00,0x45,0x29,0xee,0x1e,0x07,0x02,
    0x58,0x03,0x0f,0x02,0x00,0x81,0x04,0x5e,0x03,0x0f,0xe4,0x10,0x0b,0x31,0x3c,0xe7,
    0x69,0x90,0xb6,0x2f,0x04,0x21,0xa0,0x1f,0x09,0x0f,0xb4,0x06,0x03,0x0f,0x7c,0x01,
    0x19,0x0f,0x02,0x00,0x59,0x24,0xba,0xd6,0xd0,0x3d,0x0e,0x02,0x00,0x0f,0xca,0x01,
    0x07,0x0f,0x02,0x00,0xb5,0x28,0x75,0xad,0x30,0x05,0x0a,0x02,0x00,0x0f,0xc2,0x22,
    0x03,0x24,0x71,0x8c,0x0e,0x35,0x0c,0x02,0x00,0x02,0xc8,0x23,0x02,0x86,0x03,0x0f,
    0x02,0x00,0x0b,0x2e,0x1c,0xe7,0x24,0x08,0x0f,0x5e,0x03,0x0b,0x6f,0xff,0xff,0xba,
    0xd6,0x79,0xce,0x5c,0x00,0x05,0x42,0xdf,0xff,0xdf,0xff,0xc4,0x02,0x0f,0x5c,0x03,
    0x81,0x04,0x02,0x00,0x02,0xa6,0x17,0x0f,0xc4,0x00,0x05,0x02,0xe4,0x00,0x2f,0x59,
    0xce,0x6c,0x1c,0x05,0x0e,0x46,0x32,0x04,0x02,0x00,0x0f,0x0e,0x0a,0x17,0x6f,0x79,
    0xce,0x92,0x94,0x92,0x94,0x6a,0x15,0x1b,0x0f,0x02,0x00,0x29,0x0f,0xc2,0x19,0x05,
    0x0f,0x4a,0x2c,0x27,0x0f,0x02,0x00,0x79,0xa4,0xd3,0x9c,0x49,0x4a,0x28,0x42,0x0c,
    0x63,0xf3,0x9c,0xb4,0x01,0x0e,0xdc,0x01,0x0f,0x06,0xbc,0x07,0x0f,0x94,0x13,0x03,
    0x2f,0x9a,0xd6,0x90,0x03,0x05,0x24,0x28,0x42,0x66,0x00,0x0f,0x02,0x00,0x0d,0x15,
    0xfb,0xa2,0x42,0x08,0x02,0x00,0x0f,0xbc,0x06,0x09,0x0f,0x02,0x00,0x03,0x22,0xdf,
    0xff,0x1c,0x21,0x0f,0x5a,0x03,0x8f,0x02,0x02,0x00,0x0f,0x60,0x03,0x0f,0x0f,0x02,
    0x00,0x07,0x0f,0x0e,0x0a,0x2b,0x24,0x5d,0xef,0xf4,0x06,0x0f,0x2c,0x4f,0x09,0x0f,
    0x02,0x00,0x39,0x0c,0x02,0x6d,0x06,0x02,0x00,0x2f,0x82,0x10,0x66,0x18,0x11,0x0f,
    0x02,0x00,0x8b,0x08,0xd0,0x11,0x4f,0x24,0x21,0xb2,0x94,0xfa,0x02,0x05,0x24,0x1c,
    0xe7,0x78,0x01,0x0a,0x02,0x00,0x0f,0xc2,0x22,0x07,0x2a,0xae,0x73,0x2a,0x00,0x04,
    0x02,0x00,0x02,0xbc,0x06,0x0f,0x02,0x00,0x11,0x44,0x1c,0xe7,0x45,0x29,0x36,0x00,
    0x06,0x02,0x00,0x2f,0x24,0x21,0xe4,0x0e,0x19,0x02,0x5a,0x03,0x06,0x68,0x17,0x02,
    0xc0,0x02,0x0f,0x02,0x00,0x89,0x04,0xac,0x1e,0x0f,0xc0,0x06,0x0b,0x0f,0x02,0x00,
    0x01,0x0f,0x4c,0x12,0x03,0x0f,0x0e,0x0a,0x15,0x2a,0xf7,0xbd,0x76,0x66,0x0f,0xb6,
    0x1f,0x07,0x8f,0x5d,0xef,0x75,0xad,0x71,0x8c,0x55,0xad,0xa0,0x10,0x0b,0x0f,0x02,
    0x00,0x11,0x0c,0xae,0x72,0x02,0x02,0x00,0x2f,0x82,0x10,0xd4,0xbf,0xb1,0x08,0xd2,
    0x82,0x02,0x02,0x00,0x44,0x45,0x29,0x71,0x8c,0xd8,0x1c,0x0c,0xc0,0x06,0x2e,0x38,
    0xc6,0x06,0x0d,0x0f,0x94,0x13,0x09,0x2f,0xf7,0xbd,0x4c,0x0b,0x01,0x0f,0x60,0x63,
    0x19,0x2f,0x3c,0xe7,0xda,0x17,0x01,0x0f,0xf0,0x1a,0x0b,0x08,0x02,0x00,0x06,0x62,
    0x0d,0x0f,0x56,0x03,0x91,0x08,0x02,0x00,0x02,0xa2,0x17,0x0c,0x82,0x01,0x0f,0x02,
    0x00,0x03,0x02,0x26,0x00,0x0f,0xfc,0x04,0x03,0x0f,0x10,0x10,0x13,0x1f,0xdf,0xec,
    0x38,0x00,0x0f,0x38,0x44,0x05,0x24,0x10,0x84,0x84,0x03,0x2f,0x24,0x21,0xfc,0x4e,
    0x15,0x0f,0x02,0x00,0x07,0x0c,0x78,0x00,0x3f,0x45,0x29,0xcf,0xd0,0x40,0x40,0x0f,
    0x02,0x00,0x61,0x0c,0x48,0x1a,0x02,0x02,0x00,0x4f,0x24,0x21,0xb2,0x94,0x94,0x04,
    0x05,0x1b,0x96,0x88,0x5f,0x0f,0x94,0x13,0x09,0x4e,0xff,0xff,0x5d,0xef,0x50,0x0b,
    0x0f,0x26,0x61,0x0b,0x0c,0x02,0x00,0x0f,0x5e,0x03,0x29,0x28,0xdf,0xff,0xae,0x02,
    0x0f,0x02,0x00,0x9f,0x3f,0x7d,0xef,0x7d,0xd4,0x5b,0x16,0x0f,0x5a,0x03,0x03,0x0f,
    0xb4,0x06,0x13,0x2c,0x59,0xce,0x24,0x7a,0x0f,0x04,0x55,0x05,0x04,0x26,0xce,0x04,
    0x02,0x00,0x1f,0xa6,0xa8,0x5e,0x16,0x82,0xf7,0xbd,0xd3,0x9c,0x51,0x8c,0x75,0xad,
    0x08,0x04,0x06,0x02,0x00,0x26,0xbe,0xf7,0x22,0x02,0x4c,0x08,0x42,0xd3,0x9c,0x20,
    0x00,0x0f,0x02,0x00,0xa7,0x0f,0x5c,0x03,0x03,0x02,0xbe,0x35,0x1f,0x4d,0x3c,0x15,
    0x04,0xbf,0x9e,0xf7,0xef,0x7b,0x45,0x29,0x61,0x08,0x20,0x00,0x65,0x94,0x13,0x08,
    0x06,0x02,0x00,0x0c,0x98,0x17,0x0f,0x52,0x20,0x0f,0x0a,0x02,0x00,0x0f,0x5e,0x03,
    0x03,0x0f,0x20,0x1e,0x0d,0x06,0xb2,0x06,0x0f,0x02,0x00,0xa7,0x04,0x3e,0x14,0x0f,
    0x70,0x02,0x0f,0x0f,0xbe,0x27,0x03,0x0f,0x5a,0x03,0x13,0x0f,0x7a,0x12,0x05,0x0c,
    0x8c,0x14,0x2f,0x1c,0xe7,0x74,0x0a,0x01,0x0f,0x06,0x48,0x07,0x04,0x02,0x00,0x46,
    0xdf,0xff,0xb6,0xb5,0xf0,0x08,0x2e,0xa6,0x31,0xa8,0x1c,0x66,0x75,0xad,0x30,0x84,
    0x92,0x94,0x84,0x0a,0x0f,0xf0,0x00,0x0f,0x0f,0x02,0x00,0x91,0x0e,0xbe,0x3b,0x0a,
    0x02,0x00,0x24,0x4d,0x6b,0xe2,0x24,0x0a,0xf0,0x00,0x44,0xdf,0xff,0xfb,0xde,0x1a,
    0x00,0x0f,0x02,0x00,0x0f,0x26,0xfb,0xde,0x02,0x23,0x4f,0x61,0x08,0x9a,0xd6,0x32,
    0x00,0x0f,0x0a,0x02,0x00,0x0f,0x5e,0x03,0x03,0x02,0xac,0x28,0x0f,0x02,0x00,0x03,
    0x02,0x62,0x0d,0x02,0x02,0x00,0x0f,0x0e,0x0a,0x9d,0x06,0x02,0x00,0x02,0xba,0x00,
    0x0f,0xbe,0x06,0x0f,0x0a,0x30,0x7f,0x04,0x02,0x00,0x0f,0x5a,0x03,0x11,0x44,0xdb,
    0xde,0x49,0x4a,0x30,0x00,0x0a,0x02,0x00,0x0c,0x40,0x36,0x24,0x51,0x8c,0xe0,0x29,
    0x0a,0x02,0x00,0x06,0x12,0x03,0x0f,0x02,0x00,0x01,0x2e,0xbe,0xf7,0x7e,0xc1,0x0f,
    0xf6,0x1e,0x05,0x0f,0x02,0x00,0xbf,0x2f,0x96,0xb5,0xb8,0x1b,0x03,0x04,0x02,0x00,
    0x31,0x61,0x08,0x6d,0x54,0x1f,0x0a,0x5c,0x03,0x0f,0x02,0x00,0x1f,0x8f,0x14,0xa5,
    0x8a,0x52,0xc7,0x39,0x4d,0x6b,0xde,0x15,0x23,0x0f,0x5e,0x03,0x01,0x0f,0x14,0x23,
    0x07,0x02,0x14,0x14,0x04,0xa4,0x02,0x06,0x0a,0x00,0x0f,0x02,0x00,0xa5,0x02,0x5e,
    0x03,0x0f,0x82,0x01,0x07,0x0e,0x52,0x29,0x0f,0x76,0x17,0x13,0x2f,0x55,0xad,0x30,
    0x03,0x03,0x42,0x00,0x00,0xeb,0x5a,0x74,0x0f,0x02,0x74,0x00,0x2f,0xf7,0xbd,0xf6,
    0x15,0x05,0x2f,0x82,0x10,0x12,0x20,0x07,0x39,0xba,0xd6,0x51,0xc4,0x24,0x04,0x02,
    0x00,0x0e,0x92,0xce,0x0f,0x02,0x00,0xc7,0x3f,0x59,0xce,0x69,0xbc,0x04,0x04,0x04,
    0x02,0x00,0x0f,0x9a,0x13,0x1b,0x0f,0x02,0x00,0x43,0x0e,0x34,0x14,0x0c,0xb4,0x08,
    0x04,0x02,0x00,0x02,0xb4,0x06,0x0f,0x52,0x03,0xaf,0x0a,0x02,0x00,0x0f,0x1c,0x0a,
    0x09,0x0e,0xda,0x7d,0x0f,0xb4,0x06,0x0f,0x2f,0x5d,0xef,0xb0,0x17,0x03,0x48,0x00,
    0x00,0x20,0x00,0xfa,0x27,0x1f,0x5d,0x9e,0x23,0x0a,0x0f,0x38,0x1b,0x05,0x24,0x79,
    0xce,0xba,0x50,0x0e,0x02,0x00,0x02,0xc6,0xa1,0x0f,0x02,0x00,0xd7,0x2f,0xf7,0xbd,
    0x60,0x03,0x0b,0x0f,0x24,0x0d,0x1d,0x0f,0x02,0x00,0x41,0x48,0x3c,0xe7,0x04,0x21,
    0xaa,0x01,0x0f,0xa4,0x12,0x01,0x0f,0x66,0x0d,0xb1,0x0f,0x02,0x00,0x05,0x0f,0x5e,
    0x03,0x09,0x0a,0xda,0x09,0x02,0x5a,0x03,0x02,0x74,0x06,0x0f,0x02,0x00,0x03,0x48,
    0x55,0xad,0xe3,0x18,0x4c,0x01,0x06,0x02,0x00,0x28,0x28,0x42,0xb4,0x0b,0x3f,0xd3,
    0x9c,0xc3,0x28,0x00,0x04,0x3f,0x00,0x00,0x61,0xbe,0x41,0x04,0x2a,0xd7,0xbd,0x8e,
    0x00,0x0c,0x02,0x00,0x0f,0xc0,0x4a,0x3d,0x0f,0x02,0x00,0x91,0x0f,0x60,0x03,0x0b,
    0x0f,0xca,0x02,0x01,0x0f,0x02,0x00,0x0d,0x7d,0x14,0xa5,0x69,0x4a,0xc7,0x39,0xeb,
    0x04,0xcd,0x0f,0x02,0x00,0x25,0x24,0x3c,0xe7,0x02,0x04,0x2f,0x61,0x08,0xe0,0x37,
    0x01,0x0f,0x5a,0x03,0xcb,0x02,0x8a,0x07,0x02,0xac,0x09,0x0c,0x02,0x00,0x15,0x3c,
    0x4e,0xc3,0x1f,0x45,0x60,0x12,0x10,0x06,0xde,0x57,0x0c,0x02,0x00,0x08,0x0c,0x6d,
    0x26,0x7d,0xef,0x26,0x0f,0x0e,0x02,0x00,0x2a,0x8a,0x52,0x66,0x1c,0x02,0xca,0x03,
    0x1f,0xf7,0x58,0x03,0x0c,0x06,0x12,0x9b,0x0f,0x02,0x00,0xd7,0x02,0x1a,0x01,0x6f,
    0xff,0xff,0x9a,0xd6,0xcf,0x7b,0x84,0x0b,0x01,0x28,0x20,0x00,0xce,0x04,0x0f,0x02,
    0x00,0x13,0x06,0x46,0x75,0x2f,0x41,0x08,0x78,0x10,0x09,0x0f,0x02,0x00,0x1b,0x6f,
    0xd7,0xbd,0x51,0x8c,0xb2,0x94,0xea,0x03,0x01,0x0f,0x72,0x17,0xad,0x0f,0x02,0x00,
    0x11,0x02,0x62,0x03,0x04,0xae,0x01,0x08,0x02,0x00,0xa8,0x9e,0xf7,0x34,0xa5,0x51,
    0x8c,0x14,0xa5,0x9e,0xf7,0x16,0x00,0x0e,0x02,0x00,0x2f,0xf7,0xbd,0xe2,0x73,0x05,
    0x06,0xca,0x3a,0x59,0xdf,0xff,0xff,0xff,0x9e,0x1a,0x2c,0x0a,0x02,0x00,0x2f,0x24,
    0x21,0xea,0x27,0x03,0x0f,0x14,0x42,0x07,0x04,0x02,0x00,0x2f,0x65,0x29,0x6e,0x21,
    0xaf,0x0f,0x02,0x00,0x29,0x2e,0x1c,0xe7,0x9a,0x87,0x0f,0xdc,0x63,0x05,0x0f,0x02,
    0x00,0x07,0x19,0x1c,0x00,0x4a,0x0f,0xbe,0x21,0x07,0x0f,0x02,0x00,0x35,0x02,0x66,
    0x0d,0x0f,0x02,0x00,0xd1,0x0f,0x1c,0x0a,0x09,0x0f,0x02,0x00,0x0d,0x0e,0x0a,0x74,
    0x04,0x02,0x00,0x2a,0x4d,0x6b,0xb2,0x03,0x0c,0x32,0x55,0x06,0x02,0x00,0x22,0x30,
    0x84,0x3c,0x07,0x02,0x84,0x03,0x06,0x02,0x00,0x0a,0xf2,0x01,0x0e,0x02,0x00,0x2f,
    0x45,0x29,0xbe,0x1a,0xb9,0x0f,0x02,0x00,0x27,0x48,0xdb,0xde,0xcf,0x7b,0xb6,0x31,
    0x0f,0xa8,0x04,0x03,0x0f,0x02,0x00,0x09,0x0a,0xc8,0x52,0x0f,0x76,0xa6,0x0b,0x0f,
    0x02,0x00,0x2f,0x0f,0x5a,0x03,0xd7,0x04,0x5e,0x03,0x0f,0x34,0x01,0x1f,0x2f,0xba,
    0xd6,0x08,0x0d,0x05,0x2e,0xc3,0x18,0x94,0x10,0x0f,0xcc,0x1a,0x01,0x4f,0x00,0x00,
    0x49,0x4a,0xe8,0x15,0x07,0x0f,0x2c,0x1d,0x07,0x62,0x00,0x00,0x8a,0x52,0x75,0xad,
    0x92,0x03,0x0f,0x02,0x00,0xf3,0xbf,0x1c,0xe7,0x30,0x84,0x8a,0x52,0x28,0x42,0xcb,
    0x5a,0xd7,0x9e,0x60,0x02,0x0f,0x02,0x00,0x0b,0x28,0x38,0xc6,0xba,0x04,0x0e,0xbc,
    0xae,0x0f,0x02,0x00,0x37,0x0f,0x66,0x0d,0xc9,0x0f,0x02,0x00,0x05,0x0f,0xbc,0x06,
    0x1f,0x2f,0xd3,0x9c,0x9c,0x30,0x05,0x2f,0xaa,0x52,0x90,0x44,0x01,0x0e,0xbc,0x37,
    0x04,0x82,0x03,0x0c,0xb0,0x06,0x04,0x02,0x00,0x0f,0xea,0x06,0x03,0x44,0x61,0x08,
    0x0c,0x63,0x04,0x1b,0x0a,0x1a,0x07,0x0f,0x02,0x00,0xff,0x28,0x28,0xbe,0xf7,0x48,
    0x23,0x0f,0xa0,0x2b,0x17,0x0f,0x02,0x00,0x1d,0x0f,0x66,0x0d,0xd1,0x0f,0x02,0x00,
    0x01,0x0f,0x5e,0x03,0x19,0x0f,0x70,0x17,0x09,0x0f,0x1c,0x46,0x05,0x0a,0x2c,0x6c,
    0x4f,0x00,0x00,0x8e,0x73,0x06,0x27,0x05,0x04,0x02,0x00,0x0e,0x9c,0x2a,0x2c,0xa2,
    0x10,0xc2,0xd1,0x0f,0x02,0x00,0xff,0x22,0x4c,0xba,0xd6,0x38,0xc6,0xa8,0x21,0x24,
    0x79,0xce,0x34,0x17,0x1d,0x69,0x76,0x55,0x0f,0x02,0x00,0x37,0x0f,0x0e,0x0a,0xdb,
    0x08,0x02,0x00,0x0f,0x5e,0x03,0x15,0x2f,0x96,0xb5,0xf0,0x2c,0x01,0x02,0xb8,0xa5,
    0x0f,0xe2,0x09,0x07,0x44,0xff,0xff,0x51,0x8c,0x56,0x20,0x2a,0x28,0x42,0x36,0x2a,
    0x4f,0x5d,0xef,0x79,0xce,0x3a,0x00,0x01,0x08,0xfa,0x30,0x4f,0x65,0x29,0xb2,0x94,
    0x10,0x07,0x01,0x0f,0x02,0x00,0xff,0x1c,0xe8,0x9e,0xf7,0xcb,0x5a,0x41,0x08,0x00,
    0x00,0x61,0x08,0xc7,0x39,0x71,0x8c,0xa8,0x12,0x6f,0x7d,0xef,0x34,0xa5,0x92,0x94,
    0x1a,0x12,0x23,0x8f,0x5d,0xef,0xb2,0x94,0x8e,0x73,0x92,0x94,0x2e,0x05,0x0b,0x0f,
    0x5a,0x03,0xe7,0x04,0x78,0x0d,0x0f,0x68,0x09,0x0d,0x1f,0x8e,0xea,0x33,0x04,0x0f,
    0xa0,0x8c,0x11,0x5b,0x9a,0xd6,0xd3,0x9c,0xb2,0x28,0x39,0x42,0x96,0xb5,0x8a,0x52,
    0xf4,0x1a,0x0f,0x6e,0x88,0x01,0xaf,0xf3,0x9c,0xcb,0x5a,0x8a,0x52,0x0c,0x63,0xb2,
    0x94,0x98,0x00,0x0d,0x0f,0x02,0x00,0xff,0x14,0x06,0xc8,0x2c,0x02,0x1a,0x3c,0x2e,
    0xb2,0x94,0xb6,0x0e,0x0f,0xa4,0x0b,0x05,0x0f,0x02,0x00,0x05,0x24,0xdb,0xde,0xba,
    0x35,0x2f,0x04,0x21,0xfe,0x17,0x07,0x0f,0x10,0x0a,0xe5,0x06,0x02,0x00,0x0f,0xbc,
    0x06,0x0b,0x1b,0xbe,0x3e,0xa4,0x06,0x02,0x00,0x2f,0x65,0x29,0x64,0x2b,0x0f,0x0e,
    0x02,0x00,0x08,0x74,0x2b,0x02,0x64,0x48,0x0e,0x78,0x2b,0x0f,0x02,0x00,0xff,0x3a,
    0x0f,0xb4,0x5a,0x01,0x3f,0x24,0x21,0x92,0x64,0x39,0x06,0x0f,0x02,0x00,0x13,0x08,
    0xd2,0x12,0x1f,0x86,0xc8,0x30,0x04,0x0f,0x5a,0x03,0xef,0x04,0xbc,0x06,0x0f,0x54,
    0x01,0x05,0x0c,0x5c,0x4e,0x04,0x02,0x00,0x1f,0x8e,0xa0,0x8c,0x20,0x2f,0x96,0xb5,
    0x4a,0x1e,0x01,0x08,0x1e,0x25,0x0f,0x02,0x00,0xff,0x40,0x0f,0x6c,0x61,0x01,0x02,
    0xc0,0x06,0x0f,0x0c,0x0a,0x23,0x02,0x12,0x7f,0x0a,0xc0,0x1e,0x0f,0x2a,0x1e,0xe5,
    0x0f,0x02,0x00,0x13,0x0f,0x5e,0x03,0x07,0x06,0xda,0x31,0x06,0x02,0x00,0x1f,0xa2,
    0x2c,0x3f,0x20,0x2f,0x5d,0xef,0x4a,0x00,0x01,0x0f,0x40,0xaf,0x13,0x0f,0x02,0x00,
    0xff,0x2a,0x0f,0x32,0x1c,0x09,0x0f,0xbc,0x17,0x21,0x02,0x58,0xa6,0x04,0x2a,0x67,
    0x02,0x02,0x00,0x0e,0x5c,0x03,0x04,0x58,0x46,0x02,0x08,0x24,0x0f,0x02,0x00,0xeb,
    0x02,0x26,0x2f,0x02,0x3a,0x01,0x0a,0x02,0x00,0x0e,0x6a,0x06,0x2f,0xeb,0x5a,0x60,
    0x10,0x1f,0x28,0x7d,0xef,0xf2,0x15,0x0a,0x02,0x00,0x0f,0x5a,0x91,0x05,0x0f,0x02,
    0x00,0xff,0x36,0x08,0x72,0x43,0x0a,0x02,0x00,0x0f,0x54,0x64,0x27,0x08,0xd4,0x30,
    0x0f,0xdc,0x29,0x01,0x22,0xbe,0xf7,0x56,0x03,0x02,0x06,0x00,0x0f,0x02,0x00,0xed,
    0x0f,0x76,0x0d,0x05,0x0a,0xc8,0x10,0x2e,0x20,0x00,0x22,0x1e,0x0f,0x02,0x00,0x11,
    0x06,0xbc,0x26,0x0c,0x02,0x00,0x15,0x04,0x44,0xd4,0x0f,0x02,0x00,0xff,0x48,0x0f,
    0x50,0x3e,0x03,0x0f,0xde,0x33,0x0b,0x0f,0x02,0x00,0x0b,0x08,0x98,0xfe,0x0e,0x5c,
    0x0a,0x2f,0xbe,0xf7,0xb2,0x06,0xf3,0x06,0x02,0x00,0x0f,0x5e,0x03,0x03,0x17,0x3c,
    0xcc,0x47,0x0f,0x08,0xf5,0x07,0x0f,0x02,0x00,0x0d,0x0a,0xac,0x12,0x06,0x02,0x00,
    0x2a,0xc7,0x39,0xae,0x2b,0x0f,0x02,0x00,0xff,0x46,0x0f,0x44,0x2f,0x03,0x0f,0x82,
    0x78,0x05,0x0f,0x02,0x00,0x11,0x8e,0x79,0xce,0x4d,0x6b,0x69,0x4a,0x0c,0x63,0xe6,
    0x2b,0x2f,0xdf,0xff,0x5a,0x03,0xfd,0x02,0x18,0x0a,0x0f,0x76,0x0d,0x01,0x8f,0x5d,
    0xef,0xcf,0x7b,0x69,0x4a,0xcb,0x5a,0xb2,0x06,0x23,0x02,0x02,0x00,0x0e,0xa2,0x21,
    0x3f,0x00,0x00,0x45,0xb4,0x5c,0x00,0x0f,0x02,0x00,0xd1,0x4f,0x1c,0xe7,0xf7,0xbd,
    0xb8,0x85,0x23,0x0f,0x02,0x00,0x2b,0x2c,0xf7,0xbd,0x84,0x57,0x0f,0x2a,0x48,0x05,
    0x0f,0x02,0x00,0x2b,0x02,0xa6,0x05,0x0f,0x02,0x00,0xf7,0x06,0x18,0x0b,0x0f,0x76,
    0x0d,0x03,0x04,0x02,0x00,0x0f,0x08,0x19,0x1d,0x04,0x02,0x00,0x26,0xf7,0xbd,0xac,
    0x06,0x02,0x3e,0x70,0x0f,0x74,0x2b,0xe5,0x24,0xef,0x7b,0x08,0x10,0x64,0xe7,0x39,
    0x10,0x84,0xb6,0xb5,0x70,0x01,0x14,0xdf,0x2b,0x01,0x0f,0x02,0x00,0x4a,0x44,0xd7,
    0xbd,0x8a,0x52,0xb8,0x26,0x24,0x8a,0x52,0x7c,0x00,0x0f,0x02,0x00,0x37,0x04,0xc4,
    0x10,0x0f,0x5a,0x03,0xf7,0x08,0x02,0x00,0x0f,0x16,0x4a,0x17,0x0f,0x02,0x00,0x1b,
    0x15,0x71,0xa2,0x21,0x15,0x65,0xcc,0x2e,0x0f,0xaa,0x03,0x25,0x0f,0x02,0x00,0xa7,
    0x0e,0x30,0x29,0x4f,0x24,0x21,0xaa,0x52,0xfe,0x3e,0x05,0x0f,0x02,0x00,0x43,0x64,
    0x9a,0xd6,0x55,0xad,0xf3,0x9c,0xa0,0x29,0x0f,0x02,0x00,0x3b,0x02,0xfe,0x08,0x0f,
    0x14,0x0a,0x83,0x0f,0x98,0x00,0x6f,0x2f,0x7d,0xef,0x54,0xd7,0x15,0x0f,0x02,0x00,
    0x1d,0x6f,0xba,0xd6,0x34,0xa5,0x34,0xa5,0x70,0x1e,0x21,0x0f,0x02,0x00,0xb7,0x0f,
    0x2e,0x15,0x05,0x2f,0x28,0x42,0x34,0x44,0x07,0x0f,0x02,0x00,0x97,0x06,0xc4,0x10,
    0x0f,0xba,0x06,0x77,0x04,0x8a,0x00,0x02,0x5a,0x03,0x04,0x0e,0x00,0x0f,0x02,0x00,
    0x65,0x0f,0xd4,0x10,0x03,0x0f,0x02,0x00,0xff,0x32,0x0f,0x4c,0x4b,0x03,0x02,0x02,
    0x00,0x2f,0x08,0x42,0xa2,0x09,0x3f,0x0f,0x02,0x00,0x5b,0x0f,0x10,0x0a,0x77,0x0f,
    0x42,0x03,0x01,0x04,0x5c,0x03,0x0f,0x60,0x03,0x6d,0x0f,0x18,0x0a,0x19,0x82,0x9a,
    0xd6,0x51,0x8c,0x8e,0x73,0x4d,0x6b,0x60,0x43,0x0f,0x02,0x00,0x6d,0x6e,0x59,0xce,
    0x96,0xb5,0x96,0xb5,0xcc,0x1c,0x0f,0x02,0x00,0x75,0x08,0x18,0x1a,0x0c,0x02,0x00,
    0x0f,0xd2,0x07,0xad,0x0a,0x1a,0x4d,0x0f,0x02,0x00,0x5f,0x06,0x52,0x03,0x02,0x42,
    0x03,0x06,0x10,0x00,0x0c,0x02,0x00,0x0f,0x20,0x00,0x0d,0x0f,0x02,0x00,0x4d,0x0f,
    0x5c,0x0f,0x11,0x37,0x59,0xce,0x8e,0xf8,0xc5,0x0f,0x7a,0x5c,0x09,0x0f,0x02,0x00,
    0x4d,0x82,0xbe,0xf7,0xb6,0xb5,0x10,0x84,0xe7,0x39,0xb0,0x02,0x1f,0x20,0x02,0x88,
    0x20,0x0f,0x02,0x00,0x53,0x0a,0x5c,0x70,0x0a,0x02,0x00,0x0f,0x3c,0x3c,0x1f,0x0f,
    0x02,0x00,0x77,0x0f,0xe2,0x67,0x6f,0x08,0x4c,0x03,0x04,0x3c,0x03,0x04,0x16,0x61,
    0x08,0x2c,0x03,0x04,0x9a,0x2f,0x02,0x1e,0x00,0x0f,0x02,0x00,0x61,0x0f,0x18,0x0a,
    0x0f,0x0c,0x74,0x2b,0x0f,0xaa,0xa8,0x07,0x0f,0x02,0x00,0x4d,0x4e,0xd3,0x9c,0x8a,
    0x52,0x02,0x33,0x0f,0xf4,0x77,0x01,0x0f,0x02,0x00,0x71,0x1f,0x34,0x4c,0x75,0x06,
    0x0f,0x6e,0x07,0x87,0xae,0xff,0xff,0xff,0xff,0x55,0xad,0x8e,0x73,0xae,0x73,0x28,
    0x1e,0x02,0x02,0x00,0x02,0xb2,0x02,0x0f,0xb0,0x02,0x67,0x02,0x7c,0x00,0x04,0x46,
    0x03,0xf9,0x0a,0x5d,0xef,0x3c,0xe7,0x1c,0xe7,0xfb,0xde,0xfb,0xde,0xfb,0xde,0xdb,
    0xde,0xdb,0xde,0xfb,0xde,0x1c,0xe7,0x3c,0xe7,0x5d,0xef,0x5d,0x1e,0x83,0x04,0x2e,
    0x00,0x0f,0x02,0x00,0x5f,0x0f,0x18,0x0a,0x09,0x0f,0x8e,0x52,0x05,0x0f,0xf6,0x9a,
    0x3f,0x0f,0x02,0x00,0x0d,0x1f,0x9e,0xa6,0x2f,0x06,0x2f,0x04,0x21,0xc0,0x0c,0x7f,
    0x02,0x0c,0x08,0x6c,0x5d,0xef,0xd3,0x9c,0x4d,0x6b,0x0e,0x04,0x0f,0xfa,0x3b,0x47,
    0x0f,0x02,0x00,0x31,0x22,0xeb,0x5a,0x3e,0x05,0x0f,0x74,0xb5,0x05,0x02,0x10,0x0a,
    0x0f,0xae,0x02,0x67,0x11,0x9e,0x0a,0x22,0xff,0x17,0x7d,0xef,0x5d,0xef,0x3c,0xe7,
    0xfb,0xde,0xdb,0xde,0x9a,0xd6,0x79,0xce,0x79,0xce,0x59,0xce,0x59,0xce,0x38,0xc6,
    0x38,0xc6,0x59,0xce,0x59,0xce,0x79,0xce,0x9a,0xd6,0xdb,0xde,0xfb,0xde,0x3c,0xe7,
    0xa6,0x00,0x69,0x02,0x02,0x00,0x0f,0xba,0x06,0x07,0x1f,0xf7,0xe6,0xc7,0x06,0x0f,
    0x5c,0x03,0x5f,0x04,0x10,0x4f,0x0e,0x02,0x00,0x0f,0x9c,0xba,0x0b,0x0f,0x02,0x00,
    0x6f,0xef,0x9e,0xf7,0xf7,0xbd,0xef,0x7b,0xa6,0x31,0xc3,0x18,0xc3,0x18,0x04,0x21,
    0x26,0xb8,0x15,0x0f,0x02,0x00,0x63,0x0a,0xb8,0xc5,0x0f,0xe2,0x2b,0x01,0x02,0x22,
    0x14,0x0f,0xb6,0x02,0x6b,0x71,0x5d,0xef,0x1c,0xe7,0xba,0xd6,0x79,0x50,0x03,0x04,
    0x56,0x03,0x22,0x38,0xc6,0x5e,0x03,0x02,0x0a,0x00,0xa2,0x59,0xce,0x79,0xce,0xba,
    0xd6,0xfb,0xde,0x5d,0xef,0x1c,0x0a,0x0f,0xb0,0x00,0x67,0x0f,0xa6,0x21,0x03,0x24,
    0x9e,0xf7,0x0a,0x3e,0x0e,0x02,0x00,0x0f,0xa8,0x19,0x5b,0x0f,0x62,0xba,0x01,0x06,
    0x02,0x00,0x0f,0xdc,0xc0,0x03,0x0f,0x02,0x00,0x7f,0x3f,0x5d,0xef,0x5d,0x84,0x30,
    0x06,0x0f,0x02,0x00,0x75,0x04,0x50,0x95,0x02,0x02,0x00,0x08,0x80,0x52,0x02,0x02,
    0x00,0x0f,0x22,0x14,0x5b,0x06,0xc4,0x03,0x08,0x0a,0x00,0x51,0x3c,0xe7,0xdb,0xde,
    0x79,0xa6,0x06,0x06,0x02,0x00,0x11,0x59,0xba,0x06,0x0c,0x02,0x00,0x31,0x79,0xce,
    0xdb,0xbe,0x06,0x02,0x3e,0x00,0x02,0x06,0x00,0x0f,0x02,0x00,0x5d,0x0f,0x1c,0x2f,
    0x03,0x0f,0x10,0x34,0x05,0x0f,0xae,0xbc,0x61,0x0a,0x2e,0x87,0x0a,0x02,0x00,0x22,
    0x34,0xa5,0xf8,0x01,0x0f,0x02,0x00,0xff,0x32,0x0a,0x2c,0x25,0x0c,0x64,0x07,0x04,
    0x5a,0x03,0x0f,0x06,0x06,0x59,0x02,0x6c,0x00,0x02,0x20,0x03,0x62,0x7d,0xef,0x7d,
    0xef,0x1c,0xe7,0xb0,0x06,0x04,0x02,0x00,0x0c,0x50,0x03,0x0c,0x02,0x00,0x13,0x9a,
    0xbe,0x06,0x02,0x4e,0x0a,0x02,0x08,0x00,0x0f,0x02,0x00,0x5b,0x0f,0xba,0x06,0x01,
    0x0f,0x5c,0x03,0x03,0x2f,0x61,0x08,0x30,0x0c,0x61,0x2a,0x1c,0xe7,0x50,0x03,0x04,
    0x02,0x00,0x0f,0x5a,0xa0,0x15,0x0f,0x02,0x00,0xb7,0x6f,0x96,0xb5,0x8e,0x73,0x2c,
    0x63,0xae,0x33,0x45,0x0a,0x3e,0x6a,0x0c,0x14,0x0a,0x04,0x6c,0x0d,0x0f,0xa4,0x02,
    0x53,0x02,0x66,0x00,0x02,0x52,0x03,0x02,0x08,0x14,0x4a,0x3c,0xe7,0xdb,0xde,0xfa,
    0x09,0x0f,0x02,0x00,0x0d,0x71,0x38,0xc6,0x38,0xc6,0x79,0xce,0xdb,0x1c,0x0a,0x0f,
    0x02,0x00,0x67,0x0e,0xd2,0x10,0x0e,0xd2,0xde,0x2f,0xa2,0x10,0xa6,0x71,0x67,0x0c,
    0x32,0x72,0x6f,0x24,0x21,0x2c,0x63,0xd3,0x9c,0x20,0x45,0x0b,0x0f,0x02,0x00,0xbf,
    0x06,0x8e,0x55,0x0f,0xb2,0x49,0x43,0x17,0xdf,0xd8,0x0e,0x0c,0xe0,0x2b,0x0f,0xb6,
    0x06,0x61,0x02,0x6e,0x06,0x02,0x66,0x03,0x7f,0x3c,0xe7,0xba,0xd6,0x59,0xce,0x18,
    0xb2,0x06,0x16,0x02,0xd4,0x06,0x0f,0x5e,0x03,0x71,0x0f,0xba,0x06,0x01,0x17,0xb6,
    0x12,0x6a,0x0f,0x1e,0x74,0x09,0x0f,0x02,0x00,0x53,0xef,0x10,0x84,0x45,0x29,0xa2,
    0x10,0xc3,0x18,0xa6,0x31,0xef,0x7b,0xf7,0xbd,0xc8,0x2f,0x01,0x0f,0x02,0x00,0xcd,
    0x0a,0xde,0x69,0x0f,0xf6,0x6a,0x07,0x0f,0x02,0x00,0x2b,0x6e,0xd3,0x9c,0x2c,0x63,
    0x4d,0x6b,0x9e,0x77,0x04,0xc6,0x10,0x02,0xea,0x02,0x0f,0x02,0x00,0x57,0x02,0x72,
    0x00,0x19,0x3c,0xbe,0x10,0x0f,0x02,0x00,0x11,0x02,0x5c,0x03,0x02,0x5e,0x03,0x1f,
    0x59,0xbc,0x06,0x6a,0x0f,0x5e,0x28,0x03,0xaf,0x59,0xce,0xcf,0x7b,0x2c,0x63,0x8e,
    0x73,0xf3,0x9c,0xe8,0x16,0x71,0x4f,0xdf,0xff,0x3c,0xe7,0xaa,0x06,0xdd,0x08,0x02,
    0x00,0x0a,0xee,0xe3,0x0f,0xf6,0x6f,0x5b,0x02,0xb6,0x06,0x0f,0x52,0x03,0x57,0x08,
    0xb2,0x06,0x62,0x9e,0xf7,0x5d,0xef,0x9a,0xd6,0x50,0x03,0x04,0x6a,0x17,0x0f,0x02,
    0x00,0x11,0x06,0x2c,0x00,0x08,0x5e,0x03,0x0f,0xc6,0x00,0x5d,0x02,0xca,0x00,0x0f,
    0x0c,0x06,0x99,0x0f,0x5a,0x2f,0x8b,0x4f,0xbe,0xf7,0x9a,0xd6,0x0c,0x3a,0x3f,0x06,
    0x12,0x0a,0x0f,0xbc,0xbe,0x07,0x0f,0x02,0x00,0x45,0x02,0x34,0x1e,0x0f,0x02,0x00,
    0x5b,0x02,0xb2,0x06,0x64,0x9e,0xf7,0x9e,0xf7,0xfb,0xde,0x4c,0x03,0x06,0x30,0x03,
    0x0f,0x02,0x00,0x11,0x06,0x2e,0x00,0x62,0x38,0xc6,0x59,0xce,0xfb,0xde,0xbe,0x0d,
    0x02,0x54,0x00,0x0f,0x02,0x00,0x59,0x0f,0xba,0x06,0x03,0x0f,0x02,0x00,0xff,0x20,
    0xff,0x05,0x3c,0xe7,0x0c,0x63,0x45,0x29,0x41,0x08,0xa2,0x10,0x86,0x31,0xeb,0x5a,
    0x10,0x84,0x34,0xa5,0x59,0xce,0xda,0x4f,0x07,0x0f,0x02,0x00,0x19,0x0a,0xda,0x5d,
    0x1d,0x30,0x40,0xa9,0x0f,0x02,0x00,0x47,0x0f,0xb6,0x06,0x61,0x06,0x02,0x00,0x11,
    0x3c,0x1c,0x14,0x0f,0x02,0x00,0x2f,0x46,0x9a,0xd6,0x3c,0xe7,0x56,0x00,0x0f,0x02,
    0x00,0x5b,0x0e,0xd0,0x10,0x0f,0x02,0x00,0x25,0x42,0x9e,0xf7,0x3c,0xe7,0x9c,0x20,
    0x02,0x06,0x00,0x0f,0x02,0x00,0xd7,0x24,0x5d,0xef,0x2c,0x53,0x08,0x02,0x00,0xcf,
    0x61,0x08,0x86,0x31,0x49,0x4a,0xae,0x73,0x51,0x8c,0xb6,0xb5,0x68,0x03,0x29,0x06,
    0xba,0x06,0x0e,0xf4,0xaf,0x0f,0x02,0x00,0x49,0x02,0x22,0x14,0x0f,0x8e,0x02,0x5d,
    0x02,0x70,0x00,0x31,0x5d,0xef,0xba,0x10,0x0a,0x06,0x84,0x06,0x0f,0x02,0x00,0x23,
    0x0f,0x32,0x14,0x6b,0x0f,0xa2,0x21,0x07,0x0f,0x02,0x00,0x15,0xef,0x9e,0xf7,0xb6,
    0xb5,0xcf,0x7b,0xe7,0x39,0x04,0x21,0xe3,0x18,0x86,0x31,0xea,0x27,0x85,0x0f,0x02,
    0x00,0x49,0x0a,0x5c,0x9f,0x0f,0x02,0x00,0x01,0x6f,0x41,0x08,0x65,0x29,0x0c,0x63,
    0x14,0xd9,0x01,0x0f,0x02,0x00,0x11,0x6f,0xb6,0xb5,0x4d,0x6b,0xeb,0x5a,0x98,0x5f,
    0x05,0x0f,0x02,0x00,0x0b,0x0f,0x3c,0x05,0x25,0x02,0xdc,0x53,0x04,0xec,0x02,0x0f,
    0x02,0x00,0x5d,0x04,0x10,0x0a,0x0f,0x5c,0x03,0x2d,0x7f,0x59,0xce,0x59,0xce,0x9a,
    0xd6,0x1c,0xba,0x06,0x64,0x0f,0x44,0x1e,0x03,0x0f,0x02,0x00,0x11,0x8c,0xbe,0xf7,
    0x59,0xce,0xd3,0x9c,0xaa,0x52,0xca,0x21,0x0f,0xb2,0xac,0x21,0x0f,0x02,0x00,0x19,
    0x8e,0x5d,0xef,0x51,0x8c,0xeb,0x5a,0x8e,0x73,0x28,0x45,0x0f,0x02,0x00,0x65,0x0f,
    0x30,0x44,0x01,0x0f,0x02,0x00,0x03,0x0f,0xcc,0x74,0x01,0x0f,0x02,0x00,0x47,0x5f,
    0x55,0xad,0xe7,0x39,0xe3,0x74,0x25,0x24,0x0f,0x6c,0x0d,0x61,0x02,0x0a,0x9a,0x02,
    0xb6,0x06,0x0f,0x56,0x03,0x31,0x53,0x59,0xce,0x59,0xce,0x18,0x74,0x0d,0x02,0x5e,
    0x00,0x0f,0x02,0x00,0x5d,0x0f,0xba,0x06,0x1f,0x6f,0x9a,0xd6,0xd3,0x9c,0x0c,0x63,
    0x08,0x09,0x01,0x02,0x02,0x00,0x2f,0xfb,0xde,0x30,0x02,0x47,0x17,0x1c,0x9a,0x4a,
    0x1f,0xf3,0x48,0xfe,0x08,0x0f,0x02,0x00,0x59,0x0c,0x88,0x1b,0x0f,0x02,0x00,0x07,
    0x0f,0x62,0xfd,0x03,0x0f,0x18,0x25,0x43,0x08,0xf2,0x32,0x2f,0x4d,0x6b,0x10,0x01,
    0x1b,0x15,0xdf,0x84,0x50,0x0f,0x02,0x00,0x5d,0x44,0xbe,0xf7,0x7d,0xef,0x2e,0x1e,
    0x02,0x1e,0x03,0x0f,0x02,0x00,0x29,0x02,0xa2,0x03,0x13,0xba,0x74,0x0d,0x0f,0x62,
    0x03,0x61,0x0f,0x38,0x08,0x15,0x84,0x3c,0xe7,0xb6,0xb5,0xae,0x73,0xa6,0x31,0xf0,
    0x44,0x0f,0x02,0x00,0x05,0x0f,0xae,0x41,0x43,0x02,0x02,0x00,0x08,0x8e,0x4f,0x2f,
    0x20,0x00,0x6e,0x5e,0x73,0x1d,0xba,0x5c,0xe3,0x0f,0x02,0x00,0x07,0x0c,0xc8,0x35,
    0xaf,0x79,0xce,0x49,0x4a,0xc3,0x18,0xe3,0x18,0x0c,0x63,0xb2,0x15,0x3d,0x0a,0x62,
    0x40,0x0f,0x90,0x0a,0x1b,0x02,0x92,0x9d,0x0f,0x58,0x03,0x5d,0x02,0x02,0x00,0x4f,
    0x5d,0xef,0x9a,0xd6,0x58,0x03,0x31,0x02,0x5a,0x03,0x02,0x5e,0x03,0x24,0xfb,0xde,
    0x16,0x17,0x0f,0x02,0x00,0x5d,0x0f,0xba,0x06,0x0d,0x88,0xbe,0xf7,0x96,0xb5,0xae,
    0x73,0x28,0x42,0x28,0x74,0x0f,0x02,0x00,0x09,0x0f,0xc8,0x01,0x1b,0x0f,0x02,0x00,
    0x19,0x0c,0x50,0xfa,0x0f,0x64,0x09,0x5b,0x0f,0x02,0x00,0x07,0x2c,0x96,0xb5,0x1a,
    0x0b,0x0f,0x02,0x00,0x05,0x0a,0x54,0x24,0x26,0xdb,0xde,0x54,0x01,0x2f,0xa6,0x31,
    0x5e,0x03,0x11,0x1f,0xdf,0x85,0x00,0x07,0x09,0x02,0x00,0x0c,0x62,0x23,0x0c,0xd4,
    0x03,0x8f,0xff,0xff,0xfb,0xde,0x34,0xa5,0x75,0xad,0x46,0x59,0x03,0x0f,0x5c,0x03,
    0x65,0x6f,0x7d,0xef,0x7d,0xef,0x3c,0xe7,0x5c,0x03,0x3f,0x2f,0xdb,0xde,0x2a,0x04,
    0x5f,0x02,0x4e,0x18,0x0f,0x5c,0x03,0x07,0x5f,0xdf,0xff,0xb2,0x94,0xaa,0x9c,0x38,
    0x00,0x0f,0x02,0x00,0x09,0x0f,0xe0,0x1c,0x49,0x0c,0x86,0xe6,0x0f,0x5c,0x03,0x75,
    0xdf,0xff,0xff,0x7d,0xef,0xd3,0x9c,0x8e,0x73,0x28,0x42,0x65,0x29,0x20,0x1d,0x01,
    0x08,0x2a,0xc3,0x18,0x96,0x46,0x0a,0x72,0x5a,0x0f,0x24,0x52,0x29,0x0c,0x02,0x00,
    0x0c,0x2a,0x01,0x0c,0x54,0x40,0x42,0xb2,0x94,0x61,0x08,0x84,0xa2,0x0e,0x8e,0x21,
    0x02,0x90,0x21,0x0f,0xe2,0x05,0x5d,0x02,0x02,0x00,0x33,0x5d,0xef,0xfb,0xf2,0x2e,
    0x0f,0x0c,0x0a,0x29,0x02,0x02,0x00,0x02,0xb4,0x06,0x4f,0x38,0xc6,0x38,0xc6,0x8a,
    0x17,0x61,0x06,0x5c,0x03,0x0f,0x84,0x21,0x01,0x2f,0xfb,0xde,0x02,0x42,0x09,0x0f,
    0x02,0x00,0x03,0x2f,0x28,0x42,0xa8,0x09,0x0f,0xaf,0xdf,0xff,0xba,0xd6,0xd7,0xbd,
    0x92,0x94,0x51,0x8c,0x82,0xf0,0x09,0x0f,0x02,0x00,0x03,0x08,0x38,0x10,0x2f,0x41,
    0x08,0x76,0x05,0x03,0x0f,0x02,0x00,0x69,0xe2,0xbe,0xf7,0x9a,0xd6,0xd7,0xbd,0x51,
    0x8c,0x8e,0x73,0x08,0x42,0xa6,0x31,0xc0,0x02,0x04,0x02,0x00,0x2c,0x41,0x08,0xda,
    0x3b,0x0a,0x90,0x5f,0x0f,0x06,0x12,0x11,0x4f,0xfb,0xde,0x18,0xc6,0xe0,0x06,0x11,
    0x0a,0xd2,0x21,0x0c,0xb2,0x98,0x0a,0x64,0x30,0x0e,0x22,0x18,0x02,0x70,0x05,0x0f,
    0x02,0x00,0x61,0x42,0x5d,0xef,0xba,0xd6,0x4e,0x32,0x0f,0x44,0x32,0x03,0x0f,0x02,
    0x00,0x19,0x02,0x5c,0x03,0x02,0x44,0x1e,0x0f,0x2c,0x14,0x5f,0x0f,0x5c,0x03,0x09,
    0x24,0xdf,0xff,0xa2,0x42,0x0f,0x02,0x00,0x13,0x4f,0x45,0x29,0x2c,0x63,0x7a,0x05,
    0x07,0xe6,0x7d,0xef,0xba,0xd6,0xd7,0xbd,0x10,0x84,0xcf,0x7b,0x69,0x4a,0x45,0x29,
    0xb2,0x0d,0x2f,0x04,0x21,0xf0,0x13,0x1b,0x42,0x5d,0xef,0xa6,0x31,0x90,0x00,0x2f,
    0x20,0x00,0x72,0x05,0x01,0x0f,0x02,0x00,0x7b,0xee,0xfb,0xde,0x59,0xce,0xf3,0x9c,
    0x10,0x84,0x69,0x4a,0xeb,0x5a,0x51,0x8c,0xc4,0x02,0x0a,0x3c,0x35,0x0f,0x50,0x69,
    0x0d,0xfe,0x05,0xb6,0xb5,0x08,0x42,0x61,0x08,0x00,0x00,0x24,0x21,0x65,0x29,0x49,
    0x4a,0x6d,0x6b,0x10,0x84,0x55,0xad,0x54,0x00,0x06,0x02,0x00,0x04,0x4e,0x83,0x1d,
    0x08,0xf0,0x04,0x08,0xb6,0x0e,0x0e,0xb4,0x35,0x0f,0x98,0x5a,0x69,0x42,0x3c,0xe7,
    0x9a,0xd6,0x0e,0x03,0x0f,0x02,0x00,0x2f,0x08,0x3c,0x39,0x11,0xdb,0x72,0x0d,0x0f,
    0x02,0x00,0x61,0x0f,0xfc,0x24,0x01,0x0a,0x12,0x20,0x0f,0x02,0x00,0x07,0x8f,0xe3,
    0x18,0x8a,0x52,0x71,0x8c,0x59,0xce,0x0a,0x0c,0x01,0xc6,0xba,0xd6,0x96,0xb5,0x10,
    0x84,0x0c,0x63,0xc7,0x39,0x24,0x21,0x50,0x03,0x0a,0x02,0x00,0x0f,0x00,0x6f,0x1d,
    0x8f,0x7d,0xef,0xb2,0x94,0x6d,0x6b,0xef,0x7b,0xd6,0x0d,0x47,0x0f,0x02,0x00,0x57,
    0x08,0x92,0x58,0x2f,0x82,0x10,0x60,0x15,0x0b,0x0a,0xb6,0x2b,0x04,0x02,0x00,0x3f,
    0x20,0x00,0x69,0x1a,0x81,0x08,0x4c,0xdb,0xde,0xd7,0xbd,0x0e,0x0a,0x0e,0xd4,0x03,
    0x0c,0xfe,0x2e,0x0f,0x24,0x14,0x65,0x62,0x9e,0xf7,0x9e,0xf7,0x1c,0xe7,0x14,0x03,
    0x0f,0x02,0x00,0x2f,0x02,0xfa,0x06,0x02,0xbc,0x06,0x53,0x38,0xc6,0x9a,0xd6,0x5d,
    0x32,0xc3,0x0f,0x02,0x00,0x5d,0x0f,0x72,0x0d,0x01,0x0a,0xa4,0x84,0x0e,0x02,0x00,
    0xa2,0xa2,0x10,0xc7,0x39,0xae,0x73,0xf7,0xbd,0x7d,0xef,0xb0,0x01,0x0c,0x02,0x00,
    0x4a,0xbe,0xf7,0x8e,0x73,0x14,0x09,0x0f,0x02,0x00,0x05,0x0f,0x9a,0x34,0x45,0x0f,
    0x02,0x00,0x91,0x04,0x0a,0xbc,0x0f,0xa8,0x73,0x0f,0x0a,0xc4,0x38,0x08,0x02,0x00,
    0x2f,0x61,0x08,0xea,0x46,0x1d,0x06,0xec,0x21,0x0e,0x52,0x3e,0x0f,0xc8,0x10,0x65,
    0x02,0x02,0x00,0x22,0xfb,0xde,0x0e,0x03,0x04,0x1c,0x03,0x0f,0x02,0x00,0x27,0x0a,
    0x5c,0x03,0x2f,0x79,0xce,0xfc,0x24,0x65,0x0f,0x42,0x1e,0x01,0x0f,0xf0,0x73,0x01,
    0xaf,0x00,0x00,0x00,0x00,0x20,0x00,0xa6,0x31,0xcf,0x7b,0x2a,0x0d,0x0d,0x08,0x16,
    0x34,0x0f,0x02,0x00,0x0d,0x0f,0x26,0x27,0x59,0x0f,0x02,0x00,0x7f,0x62,0x7d,0xef,
    0x18,0xc6,0x38,0xc6,0xf0,0x0e,0x0f,0xfc,0x07,0x01,0x04,0x02,0x00,0x0a,0x54,0x17,
    0x0a,0x02,0x00,0x0f,0xc0,0x1a,0x1d,0x17,0x7d,0xa6,0x25,0x0c,0xac,0x9f,0x2f,0xdf,
    0xff,0xc8,0x10,0x65,0x51,0x9e,0xf7,0x7d,0xef,0xfb,0x0a,0x39,0x0f,0x52,0x03,0x27,
    0x0c,0x02,0x00,0x02,0x4c,0x00,0x53,0x38,0xc6,0x79,0xce,0x1c,0xa8,0x46,0x0f,0xde,
    0x00,0x5b,0x02,0x6e,0x00,0x02,0xde,0x01,0x08,0x02,0x00,0x0a,0xde,0x04,0x8f,0x00,
    0x00,0x45,0x29,0x0c,0x63,0xd3,0x9c,0x8c,0x09,0x13,0x0f,0xc2,0x3c,0x03,0x0f,0x02,
    0x00,0x03,0x0c,0xe2,0x0f,0x0f,0x02,0x00,0xff,0x04,0x08,0x86,0x78,0x0c,0x02,0x00,
    0x0f,0xaa,0x9a,0x1f,0xca,0x3c,0xe7,0x2c,0x63,0x65,0x29,0x86,0x31,0x6d,0x6b,0x7d,
    0xef,0xd4,0x03,0x0f,0x12,0x0a,0x69,0x0f,0x5c,0x03,0x49,0x04,0x04,0x4a,0x02,0xee,
    0x02,0x0f,0x02,0x00,0x59,0x0f,0x16,0x0a,0x01,0xf3,0x00,0xff,0xff,0xb2,0x94,0xe7,
    0x39,0x45,0x29,0x65,0x29,0xcb,0x5a,0x71,0x8c,0x18,0x60,0xc9,0x0f,0x02,0x00,0x13,
    0x2c,0xd3,0x9c,0x00,0x02,0x0f,0x02,0x00,0x05,0x0f,0x18,0x02,0x1f,0x0f,0x02,0x00,
    0xe3,0x0e,0x6e,0xd6,0x06,0x02,0x00,0x0f,0x9a,0x55,0x1d,0x02,0x20,0x07,0x06,0x94,
    0xea,0x02,0x10,0x00,0x02,0x02,0x00,0x0f,0x5c,0x03,0xff,0x52,0x04,0x70,0x01,0x0f,
    0xd2,0x06,0x01,0x0f,0x02,0x00,0x0f,0x08,0x72,0x23,0x0f,0x02,0x00,0x07,0x42,0xa2,
    0x10,0xcf,0x7b,0x7e,0xf7,0x0f,0x52,0x00,0x0f,0x0f,0x02,0x00,0xef,0x26,0x71,0x8c,
    0x6a,0x1e,0x0a,0x02,0x00,0x0f,0x6c,0x15,0x1b,0x0f,0x02,0x00,0x09,0x0f,0x44,0x90,
    0x6b,0x0f,0xb8,0x06,0x3f,0x02,0xba,0x0d,0x02,0x70,0x0d,0x02,0xb2,0x06,0x02,0x06,
    0x00,0x0f,0x02,0x00,0x5b,0x0c,0xfa,0x24,0x0f,0xf0,0x02,0x2b,0x3f,0x9e,0xf7,0x65,
    0x5e,0xba,0x00,0x02,0x2c,0x74,0xa4,0xe7,0x39,0x8a,0x52,0x10,0x84,0xf3,0x9c,0x59,
    0xce,0x52,0x3c,0x0f,0x6c,0x00,0x2b,0x0e,0x02,0x00,0x04,0x58,0x00,0x0f,0x02,0x00,
    0xbd,0xf1,0x00,0x5d,0xef,0x34,0xa5,0xef,0x7b,0x28,0x42,0x08,0x42,0xe3,0x18,0x20,
    0x00,0x20,0x51,0x01,0x2f,0xe3,0x18,0x8c,0x18,0x39,0x02,0x00,0x2f,0x0f,0x02,0x00,
    0x65,0x0f,0x5c,0x03,0xc7,0x0a,0x94,0x1c,0x0f,0xf0,0x02,0x2d,0x24,0xfb,0xde,0x20,
    0x1b,0xef,0x20,0x00,0x04,0x21,0xe7,0x39,0xeb,0x5a,0x71,0x8c,0xb2,0x94,0x59,0xce,
    0x5c,0x1e,0x0f,0x0f,0x02,0x00,0x15,0x02,0x82,0x11,0xf2,0x01,0x5d,0xef,0xf7,0xbd,
    0xd7,0xbd,0xf7,0xbd,0xb6,0xb5,0x10,0x84,0x6d,0x6b,0x8e,0x73,0x9e,0x25,0x4f,0xa6,
    0x31,0x6d,0x6b,0xd8,0x28,0x49,0x0f,0x02,0x00,0x6d,0x02,0xa6,0x45,0x4a,0x92,0x94,
    0x96,0xb5,0xb6,0x01,0x0f,0x02,0x00,0x2d,0x04,0x5c,0x03,0x1f,0x7d,0xb2,0x16,0x62,
    0x0f,0x5c,0x03,0xc9,0x0f,0x50,0x03,0x2d,0x0c,0x02,0x00,0x75,0x79,0xce,0x14,0xa5,
    0x14,0xa5,0x79,0xa0,0x06,0x0a,0x02,0x00,0x0f,0x6e,0x00,0x13,0xff,0x11,0xbe,0xf7,
    0x9e,0xf7,0xbe,0xf7,0xbe,0xf7,0x59,0xce,0x75,0xad,0x96,0xb5,0xd7,0xbd,0xb2,0x94,
    0x2c,0x63,0x6d,0x6b,0xae,0x73,0x69,0x4a,0x04,0x21,0x24,0x21,0x45,0x29,0xca,0x27,
    0x09,0x0f,0xc8,0x50,0xff,0x20,0x04,0x6e,0x0d,0x0f,0x5c,0x03,0x6f,0x02,0xe2,0x13,
    0x0f,0x02,0x00,0x33,0x02,0x14,0x0a,0x0f,0x8e,0x07,0x65,0x02,0x02,0x00,0x0f,0xee,
    0x02,0x13,0x0f,0x02,0x00,0x2d,0x0f,0x66,0x00,0x13,0xec,0x1c,0xe7,0x92,0x94,0x6d,
    0x6b,0x0c,0x63,0x45,0x29,0x04,0x21,0x24,0x21,0x62,0x5d,0x0f,0x02,0x00,0x13,0x2f,
    0x82,0x10,0x1e,0x0a,0x99,0x02,0xc2,0x7b,0x2f,0x2c,0x63,0xee,0x1d,0x01,0x0f,0x02,
    0x00,0x55,0x02,0x56,0x03,0x0f,0x5a,0x03,0x63,0x08,0x26,0x43,0x04,0xe6,0x1a,0x0f,
    0x02,0x00,0x33,0x0f,0x3c,0x1e,0x69,0x04,0x02,0x00,0x0f,0xf6,0x02,0x13,0x0f,0x02,
    0x00,0x51,0x2a,0x55,0xad,0x9e,0x8b,0x0f,0x02,0x00,0x25,0x0a,0x78,0x2e,0x0f,0x02,
    0x00,0x89,0x26,0x18,0xc6,0xba,0x22,0x0f,0x96,0x18,0x01,0xff,0x05,0xfb,0xde,0x55,
    0xad,0xae,0x73,0x2c,0x63,0xf3,0x9c,0x18,0xc6,0x96,0xb5,0xf7,0xbd,0x7d,0xef,0xdf,
    0xff,0x06,0x74,0x3f,0x02,0x58,0x03,0x0f,0x5c,0x03,0x67,0x02,0x44,0x57,0x0f,0x5c,
    0x03,0x3b,0x5f,0x38,0xc6,0x38,0xc6,0xba,0x98,0x21,0x66,0x04,0x02,0x00,0x0e,0xe4,
    0x1a,0x0f,0x02,0x00,0x2d,0x02,0x98,0xcd,0xcf,0x9a,0xd6,0x96,0xb5,0xd7,0xbd,0x96,
    0xb5,0xae,0x73,0x0c,0x63,0x84,0xd0,0x11,0x1f,0x9a,0x12,0x35,0x18,0x0f,0x02,0x00,
    0x0b,0x0f,0x42,0x13,0x37,0x0f,0x02,0x00,0x4b,0x0a,0xd4,0xcd,0x2c,0xe3,0x18,0x8a,
    0x01,0x15,0x96,0x5e,0xe7,0x04,0x02,0x00,0xff,0x03,0x04,0x21,0x65,0x29,0x04,0x21,
    0xe7,0x39,0x2c,0x63,0x0c,0x63,0x0c,0x63,0xd3,0x9c,0x96,0xb5,0x7a,0x1c,0x13,0x0f,
    0x02,0x00,0x09,0x04,0x4a,0x28,0x0f,0x5c,0x03,0x67,0x02,0x50,0x28,0x02,0x10,0x03,
    0x0f,0xb4,0x06,0x33,0x02,0x4c,0x00,0x2f,0xba,0xd6,0xd4,0x00,0x67,0x02,0x02,0x00,
    0x0c,0xd2,0x01,0x0f,0x02,0x00,0x21,0xc4,0xfb,0xde,0xb6,0xb5,0x34,0xa5,0x6d,0x6b,
    0x0c,0x63,0x6d,0x6b,0x14,0x0d,0x06,0x92,0x05,0x02,0x02,0x00,0x0f,0x48,0x20,0x0d,
    0x22,0x30,0x84,0x28,0x00,0x0f,0x02,0x00,0x2d,0x4f,0x24,0x21,0x9e,0xf7,0xc4,0x00,
    0x21,0x0f,0x02,0x00,0x5f,0x2a,0x1c,0xe7,0x24,0x01,0x0a,0x28,0x03,0x22,0xfb,0xde,
    0x14,0x14,0x0f,0x02,0x00,0x0d,0x2a,0xe7,0x39,0x38,0x00,0x06,0x02,0x00,0x4f,0xdf,
    0xff,0x3c,0xe7,0xde,0x01,0x0f,0x04,0x94,0x21,0x0f,0x88,0x02,0x61,0x02,0x74,0x00,
    0x02,0xa4,0x11,0x02,0x12,0x03,0x02,0x08,0x00,0x0f,0x02,0x00,0x2f,0x44,0x38,0xc6,
    0x38,0xc6,0xc2,0x35,0x02,0x66,0x00,0x0f,0x02,0x00,0x5d,0x02,0x76,0x13,0x0f,0x16,
    0x0a,0x2b,0x4f,0x9e,0xf7,0x2c,0x63,0xcc,0x09,0x13,0x0f,0x16,0x65,0x0b,0x2f,0xcf,
    0x7b,0x46,0x02,0x0d,0x0f,0x02,0x00,0x11,0x2f,0xa2,0x10,0xba,0x0c,0x69,0x0f,0x02,
    0x00,0x1b,0x0c,0x5c,0x03,0x0a,0xe0,0x2e,0x0f,0xee,0x46,0x0f,0x04,0x02,0x00,0x2c,
    0x82,0x10,0xa6,0xa4,0xfa,0x07,0xff,0xff,0xba,0xd6,0xae,0x73,0x08,0x42,0xa2,0x10,
    0x65,0x29,0x2c,0x63,0x4d,0x6b,0x2c,0x63,0x51,0x8c,0x55,0xad,0xf0,0xa2,0x04,0x02,
    0x00,0x0f,0x5c,0x03,0x6f,0x02,0xe2,0x49,0x0f,0x6e,0x0d,0x3d,0x06,0x64,0x32,0x0f,
    0x5c,0x03,0x63,0x02,0x78,0x00,0x0f,0x5c,0x03,0x03,0x4f,0x5d,0xef,0x9a,0xd6,0xf6,
    0x04,0x0f,0x0f,0x32,0x6b,0x09,0x0c,0x02,0x00,0x24,0xe7,0x39,0xd0,0x01,0x0f,0x02,
    0x00,0x01,0x0f,0x90,0xb5,0x0f,0x0f,0x02,0x00,0x03,0xef,0x82,0x10,0x41,0x08,0x20,
    0x00,0x04,0x21,0x49,0x4a,0x49,0x4a,0x30,0x84,0x58,0x2e,0x0b,0x0f,0x02,0x00,0x7d,
    0x08,0xcc,0x35,0x2a,0xa6,0x31,0x88,0x01,0x0f,0x92,0x43,0x17,0x0e,0xd6,0x2e,0x2f,
    0x9a,0xd6,0xee,0x04,0x03,0x2a,0x49,0x4a,0xc0,0x03,0x0f,0x5c,0x03,0x73,0x3f,0x7d,
    0xef,0xdb,0x1c,0x39,0x36,0x02,0xfe,0x06,0x02,0x3a,0x1e,0x04,0xc0,0x35,0x0f,0x5c,
    0x03,0x7b,0xaf,0xdf,0xff,0x6d,0x6b,0xa2,0x10,0x20,0x00,0x24,0x21,0xb0,0x2e,0x0d,
    0x0f,0x96,0x32,0x15,0x0f,0xc6,0xeb,0x0f,0x2f,0xbe,0xf7,0x3e,0x27,0x09,0xc2,0x82,
    0x10,0xa2,0x10,0x41,0x08,0x82,0x10,0xc7,0x39,0x69,0x4a,0x46,0x03,0xef,0xd3,0x9c,
    0xb2,0x94,0x92,0x94,0xb6,0xb5,0x1c,0xe7,0xdb,0xde,0xdb,0xde,0x9a,0x2f,0x05,0x0f,
    0x02,0x00,0x8b,0x24,0xfb,0xde,0xde,0x47,0x2c,0x04,0x21,0xd8,0x2e,0x0f,0xe6,0x22,
    0x13,0x02,0x02,0x00,0x0c,0x44,0x26,0x06,0x4a,0x61,0x0c,0x02,0x00,0x4a,0xe3,0x18,
    0x3c,0xe7,0x14,0x01,0x13,0xbe,0x2e,0x09,0x0f,0x82,0x02,0x65,0x04,0x72,0x0d,0x0f,
    0xb8,0x06,0x35,0x02,0x5a,0x03,0x24,0x38,0xc6,0x8e,0x46,0x0f,0xda,0x00,0x63,0x02,
    0x4e,0x01,0x0f,0xf2,0xd3,0x01,0x26,0x0c,0x63,0x94,0x01,0x0f,0xca,0x09,0x0b,0x0f,
    0x44,0x28,0x17,0x0f,0x02,0x27,0x0f,0xff,0x12,0xdf,0xff,0xef,0x7b,0x28,0x42,0x61,
    0x08,0x20,0x00,0xe7,0x39,0xaa,0x52,0x69,0x4a,0x49,0x4a,0x8e,0x73,0x14,0xa5,0xf3,
    0x9c,0xb2,0x94,0x14,0xa5,0xdb,0xde,0xfb,0xde,0xba,0x20,0x5a,0x40,0x0f,0x02,0x00,
    0x6d,0x8f,0x9e,0xf7,0xd3,0x9c,0xef,0x7b,0xb2,0x94,0x38,0x18,0x01,0x26,0xcb,0x5a,
    0x86,0x01,0x0f,0x02,0x00,0x0b,0x0a,0x8e,0x35,0x22,0x7d,0xef,0x84,0xa9,0x0f,0x02,
    0x00,0x03,0x0c,0x8e,0x39,0x02,0x5c,0x03,0x02,0x0c,0x02,0x0f,0x02,0x00,0x63,0x04,
    0xe8,0x49,0x1f,0x18,0x04,0x5e,0x18,0x0f,0x02,0x00,0x07,0x02,0x5c,0x03,0x0f,0x04,
    0x2f,0x65,0x04,0x02,0x00,0x02,0x50,0x01,0x0e,0x5c,0x03,0x28,0xdb,0xde,0x96,0x01,
    0x0f,0xb0,0x71,0x0b,0x0f,0xfc,0x2e,0x17,0x2f,0xc3,0x18,0xb0,0x09,0x13,0x2c,0xfb,
    0xde,0xc2,0x05,0x0f,0x02,0x00,0xe7,0x6a,0x51,0x8c,0x65,0x29,0x41,0x08,0xf2,0x10,
    0x0f,0x02,0x00,0x01,0x0a,0x4a,0x0d,0x0c,0x94,0x46,0x0a,0x02,0x00,0x0c,0xb0,0xe4,
    0x02,0x08,0x02,0x02,0x0c,0x02,0x0f,0x02,0x00,0x61,0x02,0x7a,0x00,0x2f,0x1c,0xe7,
    0xd6,0x3f,0x39,0x06,0x80,0x17,0x02,0x66,0x3f,0x0f,0x02,0x00,0x5f,0x02,0xd6,0x00,
    0x0e,0x5c,0x03,0x0a,0x8e,0x08,0x0c,0x4c,0x45,0x0a,0x02,0x00,0x0f,0x06,0x40,0x11,
    0x7f,0x41,0x08,0xe3,0x18,0x2c,0x63,0xdb,0xc2,0x50,0x48,0x0f,0x02,0x00,0xc7,0xf4,
    0x0b,0xdf,0xff,0xfb,0xde,0xba,0xd6,0x14,0xa5,0xb2,0x94,0x34,0xa5,0xcf,0x7b,0x49,
    0x4a,0x8a,0x52,0x8a,0x52,0x04,0x21,0x61,0x08,0xa2,0x10,0x84,0x3a,0x2e,0x65,0x29,
    0xd0,0x1b,0x2a,0x4d,0x6b,0x50,0x03,0x08,0x02,0x00,0x28,0x10,0x84,0x2e,0x01,0x0f,
    0xf0,0x24,0x6b,0x02,0xb2,0x09,0x26,0x7d,0xef,0xd0,0x10,0x0f,0x90,0x06,0x07,0x0f,
    0x02,0x00,0x11,0x22,0x38,0xc6,0xb8,0x06,0x0f,0xb6,0x06,0x6d,0x0f,0x5c,0x03,0x07,
    0x0a,0x7c,0x4f,0x28,0x45,0x29,0x8c,0x01,0x0e,0x02,0x00,0x44,0x3c,0xe7,0x69,0x4a,
    0xe8,0x01,0xff,0x09,0xc3,0x18,0xa2,0x10,0xc3,0x18,0x49,0x4a,0xaa,0x52,0x49,0x4a,
    0x2c,0x63,0xd3,0x9c,0xf3,0x9c,0xb2,0x94,0x38,0xc6,0x1c,0xe7,0x0e,0x0d,0xa3,0x0f,
    0x02,0x00,0x85,0x82,0x7d,0xef,0xdb,0xde,0x3c,0xe7,0xba,0xd6,0x5e,0x01,0x1f,0xbe,
    0x72,0x18,0x00,0x0f,0x36,0xcb,0x07,0x2a,0x61,0x08,0x70,0x0d,0x0f,0x5c,0x03,0x75,
    0x31,0x7d,0xef,0x1c,0x36,0x43,0x0f,0x02,0x00,0x2f,0x0a,0x86,0x6b,0x02,0x40,0x06,
    0x0f,0x02,0x00,0x5f,0x02,0x78,0x00,0x0e,0xb8,0x06,0x0a,0x5c,0x41,0x0f,0x5c,0x6d,
    0x11,0xdb,0xfb,0xde,0x55,0xad,0xb2,0x94,0x18,0xc6,0x5d,0xef,0x1c,0xe7,0x1c,0x2c,
    0x0f,0x0f,0x02,0x00,0xff,0x66,0xc2,0x55,0xad,0xeb,0x5a,0x69,0x4a,0x24,0x21,0x61,
    0x08,0xc3,0x18,0xfc,0x04,0x4c,0x20,0x00,0xa6,0x31,0xa2,0x18,0x0f,0x5c,0x03,0x71,
    0x02,0xfa,0x02,0x0f,0x4a,0x4d,0x33,0x02,0x22,0x14,0x0f,0x5c,0x32,0x69,0x02,0x02,
    0x00,0x02,0xd6,0x00,0x0f,0x5c,0x03,0x01,0xaa,0xbe,0xf7,0xcb,0x5a,0x61,0x08,0x00,
    0x00,0xe3,0x18,0x42,0x08,0x0f,0x02,0x00,0xff,0xa0,0x11,0x5d,0xe4,0x06,0x62,0x9a,
    0xd6,0x14,0xa5,0x14,0xa5,0xea,0x3a,0x06,0x1e,0x39,0x06,0x82,0x17,0x02,0x0a,0x02,
    0x0f,0x02,0x00,0x6d,0x3f,0x3c,0xe7,0xba,0x2e,0x14,0x30,0x0f,0xf8,0x78,0x6f,0x02,
    0x14,0x0a,0x2f,0x7d,0xef,0x5c,0x03,0x03,0x66,0xff,0xff,0xff,0xff,0xdb,0xde,0x6c,
    0x35,0x0f,0x02,0x00,0xff,0xc8,0x02,0x3a,0x1e,0x0f,0x5c,0x03,0x73,0x02,0x9e,0x7f,
    0x0f,0x5e,0x03,0x29,0x44,0x38,0xc6,0x59,0xce,0x46,0x28,0x0f,0xd4,0x00,0x6b,0x0f,
    0x5c,0x03,0x0b,0x0f,0x02,0x00,0xff,0xb8,0x0a,0x94,0x1e,0x0a,0x02,0x00,0x0f,0x5c,
    0x03,0x79,0x33,0x9e,0xf7,0x5d,0x74,0x61,0x0f,0x76,0x0d,0x19,0x06,0x2e,0x00,0x02,
    0x10,0x0a,0x04,0x80,0x46,0x0f,0x02,0x00,0x6b,0x0f,0x5c,0x03,0xff,0xd6,0x0f,0x02,
    0x00,0x09,0x02,0x70,0x0d,0x0f,0xe4,0x05,0x6b,0x06,0x02,0x00,0x2f,0x7d,0xef,0x18,
    0x0a,0x1d,0x04,0xe6,0x06,0x02,0xd6,0x1a,0x02,0x90,0x75,0x06,0x50,0x00,0x0f,0x02,
    0x00,0x6d,0x0c,0x7c,0x3c,0x0f,0x02,0x00,0xff,0xdc,0x0f,0x5c,0x03,0x7b,0x15,0xbe,
    0x18,0x0a,0x0f,0xba,0x06,0x15,0x04,0x2a,0x00,0x02,0x64,0x03,0x04,0x10,0x0a,0x0f,
    0x02,0x00,0x75,0x0f,0x5c,0x03,0xff,0xff,0x7b,0x0f,0x18,0x0a,0x1f,0x06,0x5c,0x03,
    0x4f,0x59,0xce,0x9a,0xd6,0x10,0x0a,0x73,0x06,0x02,0x00,0x0f,0x5c,0x03,0xff,0xff,
    0x7f,0x02,0x48,0x1e,0x04,0x34,0x03,0x0f,0x02,0x00,0x0d,0x06,0x28,0x00,0x22,0x79,
    0xce,0x34,0x97,0x0f,0x02,0x00,0x79,0x0f,0x5c,0x03,0xff,0xee,0x0f,0xa0,0x0c,0x79,
    0x11,0x9e,0x28,0x45,0x0f,0x02,0x25,0x1d,0x02,0x60,0x03,0x24,0xba,0xd6,0xd6,0x1a,
    0x0f,0x02,0x00,0x7b,0x0f,0x64,0x0d,0xff,0xdc,0x08,0x02,0x00,0x0f,0x5c,0x03,0x7f,
    0x02,0x18,0x2f,0x02,0xa4,0x75,0x0f,0xb6,0x06,0x0d,0x02,0x02,0x00,0x22,0x38,0xc6,
    0xb6,0x06,0x0f,0x26,0x04,0x7d,0x02,0x02,0x00,0x08,0x6e,0x01,0x0f,0x02,0x00,0xff,
    0xc4,0x2f,0x7d,0xef,0x30,0x23,0x03,0x0f,0x5c,0x03,0x7f,0x02,0x78,0x89,0x02,0xbc,
    0x2b,0x02,0x3c,0x03,0x0f,0x02,0x00,0x0d,0x0f,0xca,0x6e,0x65,0x0f,0x02,0x00,0x13,
    0x0f,0x50,0x03,0x03,0x4f,0x7d,0xef,0xfb,0xde,0xae,0x26,0x01,0x0f,0x02,0x00,0xff,
    0x72,0x0f,0xb4,0x1a,0x07,0x62,0x7d,0xef,0xfb,0xde,0x3c,0xe7,0x02,0xdc,0x02,0xe0,
    0x2b,0xb1,0x69,0x4a,0x8a,0x52,0x04,0x21,0xa2,0x10,0x08,0x42,0xef,0xd2,0x58,0x08,
    0x02,0x00,0x0f,0xc2,0x64,0x6b,0x0f,0x02,0x00,0x01,0x02,0x5c,0x03,0x0f,0xa6,0x75,
    0x19,0x02,0xf8,0x2e,0x0f,0xb6,0x06,0x83,0x0f,0x5c,0x03,0x01,0xf8,0x07,0x34,0xa5,
    0x8a,0x52,0x04,0x21,0x41,0x08,0x86,0x31,0xeb,0x5a,0x69,0x4a,0x8a,0x52,0x51,0x8c,
    0x14,0xa5,0x9a,0xd6,0x96,0x01,0x0f,0x02,0x00,0xff,0x6c,0x02,0x5c,0x03,0xf3,0x04,
    0xbe,0xf7,0x1c,0xe7,0x38,0xc6,0xf3,0x9c,0x34,0xa5,0x34,0xa5,0x4d,0x6b,0x49,0x4a,
    0xaa,0x52,0xaa,0x26,0x2f,0x0f,0x6c,0x43,0x05,0x22,0x28,0x42,0x3a,0x00,0x04,0x02,
    0x00,0x0f,0x5c,0x03,0x83,0x0f,0x5e,0x7c,0x1b,0x08,0x1c,0x43,0x04,0x42,0x10,0x0f,
    0x02,0x00,0x77,0x04,0x6a,0x01,0x04,0x02,0x00,0x19,0x71,0xae,0x95,0x04,0x02,0x00,
    0x4f,0x20,0x00,0xcb,0x5a,0x7a,0x6b,0x05,0x4a,0x3c,0xe7,0xba,0xd6,0xb6,0x01,0x0f,
    0x02,0x00,0xff,0x4e,0x6f,0xdf,0xff,0x10,0x84,0x45,0x29,0xbc,0x3f,0x03,0x0f,0x02,
    0x00,0x09,0x28,0xf3,0x9c,0x9a,0x01,0x0f,0x5c,0x03,0xb3,0x02,0x96,0x7f,0x02,0x0c,
    0x21,0x0f,0x5c,0x03,0x8b,0x19,0x3c,0xe2,0xf6,0x0a,0x02,0x00,0x28,0x49,0x4a,0x9a,
    0x01,0x02,0x02,0x00,0xc2,0xb2,0x94,0x69,0x4a,0xc3,0x18,0x41,0x08,0xa6,0x31,0xaa,
    0x52,0xe4,0x06,0x2f,0xf3,0x9c,0xe0,0x38,0xf7,0x0f,0x02,0x00,0x1b,0x2f,0x1c,0xe7,
    0x42,0x3a,0x13,0x0f,0x02,0x41,0x0b,0x0f,0x02,0x00,0x09,0x0a,0xa4,0x3c,0x06,0x56,
    0x57,0x0f,0x02,0x00,0x75,0x02,0x22,0x03,0x0f,0x14,0x0a,0x1d,0x02,0xd4,0x49,0x02,
    0x3c,0x00,0x0f,0x02,0x00,0x77,0x0e,0x2a,0x68,0x08,0x36,0x74,0x0e,0x02,0x00,0x0c,
    0xa6,0x30,0x0f,0xa0,0x49,0x03,0x4f,0x41,0x08,0x0c,0x63,0xc8,0x06,0x05,0x0f,0x18,
    0x00,0x05,0x0f,0x02,0x00,0xdb,0xff,0x0d,0xfb,0xde,0xfb,0xde,0x3c,0xe7,0xb6,0xb5,
    0x51,0x8c,0xb2,0x94,0xd3,0x9c,0x6d,0x6b,0x69,0x4a,0x69,0x4a,0x28,0x42,0xc3,0x18,
    0x82,0x10,0x08,0x42,0xfa,0x6f,0x0f,0x0f,0xba,0x47,0x25,0x0e,0x42,0xab,0x04,0xb2,
    0x5a,0x0f,0x02,0x00,0x71,0x02,0x6c,0x0d,0x04,0x9e,0x46,0x0f,0xc4,0x10,0x0d,0x04,
    0x02,0x00,0x62,0x38,0xc6,0x38,0xc6,0x9a,0xd6,0x7a,0x46,0x0f,0x5e,0x03,0x7b,0x0e,
    0x64,0x32,0x0f,0x60,0x46,0x0b,0x0a,0x3c,0x7c,0x0a,0x48,0x39,0x0a,0x02,0x00,0x2e,
    0xeb,0x5a,0x2e,0x03,0xae,0x75,0xad,0x49,0x4a,0x86,0x31,0x69,0x4a,0x96,0xb5,0x1c,
    0x00,0x0f,0x02,0x00,0xd3,0xcf,0x9a,0xd6,0xef,0x7b,0x8a,0x52,0xc7,0x39,0x61,0x08,
    0x82,0x10,0xd2,0x09,0x07,0x1f,0xcb,0x3c,0x01,0x00,0x08,0x02,0x00,0x0f,0xea,0xec,
    0x05,0x0f,0x02,0x00,0x0f,0x0a,0x00,0x40,0x0f,0x5c,0x03,0x7f,0x02,0x84,0x17,0x04,
    0x48,0xa1,0x0f,0x02,0x00,0x0f,0x02,0xee,0x24,0x06,0xf0,0x24,0x02,0x42,0x00,0x0f,
    0x02,0x00,0x75,0x0c,0x48,0x06,0x2f,0xdf,0xff,0xec,0x67,0x05,0x0e,0x9c,0x01,0x22,
    0x14,0xa5,0x16,0x00,0x0f,0x02,0x00,0x03,0x0c,0x1a,0x0a,0x08,0x2e,0x00,0x0f,0x14,
    0x61,0x01,0x6f,0x59,0xce,0x30,0x84,0xcf,0x7b,0xbe,0x59,0x01,0x0f,0x02,0x00,0x8f,
    0x02,0x1a,0xbe,0xa2,0x3c,0xe7,0x79,0xce,0xb2,0x94,0x71,0x8c,0x34,0xa5,0xdc,0x09,
    0x0c,0x5c,0x01,0x2f,0x96,0xb5,0xfe,0x42,0x0f,0x02,0x02,0x00,0x0f,0x92,0x65,0x0b,
    0x0f,0x2e,0x08,0x03,0x0f,0x02,0x00,0x0d,0x2e,0x41,0x08,0x5a,0x48,0x0f,0xb8,0x06,
    0x73,0x08,0x70,0x06,0x02,0x54,0x4d,0x02,0xb8,0x1a,0x0f,0x02,0x00,0x17,0x06,0x98,
    0x21,0x04,0xfe,0x06,0x0f,0x02,0x00,0x6d,0x0f,0x4e,0xa1,0x03,0x2f,0x9a,0xd6,0xe8,
    0x60,0x05,0x2a,0xaa,0x52,0xe6,0x02,0x0f,0xda,0x70,0x09,0x0c,0x3e,0x5a,0x46,0xbe,
    0xf7,0x04,0x21,0xfe,0x01,0x2c,0x04,0x21,0x78,0x02,0x24,0x92,0x94,0x1e,0x00,0x0c,
    0x30,0x45,0x0f,0x02,0x00,0x05,0x22,0xfb,0xde,0xc2,0x02,0x0f,0x02,0x00,0x5f,0xf5,
    0x0a,0x3c,0xe7,0x34,0xa5,0xb2,0x94,0x51,0x8c,0x69,0x4a,0x49,0x4a,0x69,0x4a,0xaa,
    0x52,0xe7,0x39,0x61,0x08,0x41,0x08,0x61,0x08,0x82,0xa2,0x13,0x4c,0x41,0x08,0x8a,
    0x52,0xfa,0x11,0x22,0x3c,0xe7,0x02,0x3c,0x0f,0x02,0x00,0x11,0x0f,0xf0,0x3d,0x0b,
    0x0f,0xc2,0x7f,0x03,0x0f,0x02,0x00,0x01,0xcf,0x04,0x21,0x24,0x21,0x04,0x21,0x08,
    0x42,0x0c,0x63,0x30,0x84,0xea,0x15,0x01,0x0f,0x5c,0x03,0x73,0x06,0xe0,0x13,0x11,
    0x7d,0xca,0x89,0x02,0x68,0x50,0x0f,0x5a,0x03,0x17,0x04,0x7e,0x9a,0x02,0x9a,0x7f,
    0x08,0xaa,0x03,0x0f,0x02,0x00,0x67,0x0f,0x5c,0x03,0x03,0x62,0xff,0xff,0x9e,0xf7,
    0x14,0xa5,0x80,0x5a,0x15,0x04,0x80,0x5a,0x3d,0xc3,0x18,0x2c,0x44,0x0d,0x1f,0x5d,
    0xb0,0x4b,0x08,0x2a,0x20,0x00,0xfa,0x02,0x28,0xba,0xd6,0xb4,0x05,0x2a,0x20,0x00,
    0xea,0x01,0x0a,0x2e,0x02,0x0a,0x7a,0x0a,0x0e,0x02,0x00,0x31,0x7d,0xef,0x8e,0x66,
    0x94,0xef,0x41,0x08,0x08,0x42,0xaa,0x52,0x49,0x4a,0x0c,0x63,0xb2,0x94,0xd3,0x9c,
    0xbe,0x59,0x05,0x0f,0x02,0x00,0x3d,0x2f,0x30,0x84,0xce,0x71,0x05,0x0a,0x02,0x00,
    0x2a,0x69,0x4a,0x40,0x04,0x08,0xb8,0x07,0x0f,0x02,0x00,0x0d,0x0e,0x62,0x06,0x0a,
    0x02,0x00,0x28,0x14,0xa5,0x4e,0x01,0x04,0x46,0x03,0xf2,0x03,0xc3,0x18,0x08,0x42,
    0x8e,0x73,0x2c,0x63,0x4d,0x6b,0x34,0xa5,0xd7,0xbd,0x55,0xad,0xf7,0xbd,0xc0,0x0c,
    0x0a,0x3c,0x00,0x08,0x02,0x00,0x0f,0x5c,0x03,0x77,0x02,0x64,0x32,0x22,0xdb,0xde,
    0x2a,0x03,0x0f,0x02,0x00,0x21,0x06,0x5e,0x03,0x02,0xda,0x02,0x0f,0x58,0x03,0x67,
    0x02,0x82,0x00,0x0e,0x14,0x0a,0x08,0x02,0x00,0xca,0x7d,0xef,0x9e,0xf7,0xbe,0xf7,
    0x79,0xce,0x55,0xad,0xf7,0xbd,0xc6,0x44,0x04,0x02,0x00,0x42,0x18,0xc6,0xe3,0x18,
    0xdc,0x01,0x0c,0x02,0x00,0x0c,0xf4,0x8b,0x0a,0xa4,0x59,0x2a,0x41,0x08,0x2a,0x20,
    0x0a,0x78,0xf2,0x0c,0xce,0x52,0x06,0x02,0x00,0x6f,0xdf,0xff,0xff,0xff,0x7d,0xef,
    0xbe,0x8d,0x05,0x2e,0xaa,0x52,0x52,0x18,0x0f,0x02,0x00,0x3d,0x0f,0x22,0x03,0x19,
    0x0a,0xee,0x03,0x06,0x12,0x7a,0x04,0xde,0x06,0x0f,0x02,0x00,0x05,0x0c,0x1e,0x01,
    0x0f,0x02,0x00,0x01,0x51,0xfb,0xde,0xf3,0x9c,0x2c,0x74,0x61,0x62,0xd7,0xbd,0x75,
    0xad,0xf7,0xbd,0xa4,0x31,0x0f,0x2a,0x00,0x01,0x0f,0x02,0x00,0x09,0x04,0x6c,0x61,
    0x0f,0x02,0x00,0x61,0x0a,0xfe,0x02,0x02,0xbe,0x35,0x0f,0x0c,0x0a,0x1d,0x0a,0x02,
    0x00,0x02,0x88,0xbf,0x02,0xbe,0x6d,0x02,0xd2,0x00,0x0f,0x22,0x0a,0x67,0x0f,0xaa,
    0x2b,0x31,0x88,0x7d,0xef,0xb2,0x94,0x0c,0x63,0x8a,0x52,0xe4,0x06,0x2c,0x24,0x21,
    0x5a,0x03,0x0c,0xe0,0x5a,0x1b,0x8a,0x5e,0x0a,0x0a,0x9e,0x0f,0x0f,0xec,0x17,0x01,
    0x06,0x02,0x00,0x0f,0x80,0x1b,0x03,0x02,0x02,0x00,0x0c,0x2c,0x06,0x0f,0x02,0x00,
    0x3f,0x0f,0xd8,0x03,0x05,0x0f,0x02,0x00,0x01,0x28,0x75,0xad,0x80,0x00,0x0f,0xac,
    0x65,0x15,0x0f,0x70,0xf3,0x21,0x0f,0x02,0x00,0x25,0x0f,0xe2,0x1a,0x5f,0x06,0xb2,
    0x09,0x04,0xf8,0x02,0x19,0xbe,0xc8,0xc2,0x11,0x59,0x26,0xc6,0x02,0x08,0x00,0x0f,
    0x02,0x00,0x1b,0x02,0x36,0x00,0x11,0xba,0x6c,0x32,0x02,0x5c,0x03,0x0a,0xbe,0x03,
    0x0f,0x02,0x00,0x5b,0x0e,0x26,0x14,0x0f,0x02,0x00,0x27,0x02,0xba,0x61,0x53,0x79,
    0xce,0x34,0xa5,0x18,0x3c,0x85,0x0c,0x02,0x00,0x15,0x5d,0x70,0x06,0x2c,0x08,0x42,
    0x4a,0x56,0x0a,0x38,0x8a,0x0f,0x86,0x16,0x0b,0x06,0xaa,0xcb,0x0f,0x02,0x00,0x01,
    0x0a,0x2c,0x06,0x0f,0x02,0x00,0x3d,0x0c,0x18,0x9b,0x0f,0x02,0x00,0x0b,0x0a,0xf8,
    0x0a,0x0c,0x9e,0x07,0x06,0x02,0x00,0xef,0x20,0x00,0x45,0x29,0x04,0x21,0x04,0x21,
    0x49,0x4a,0x4d,0x6b,0x92,0x94,0x22,0x08,0x03,0x0f,0x02,0x00,0x07,0x02,0x60,0x46,
    0x02,0xa2,0x7d,0x02,0x0c,0x00,0x0f,0x02,0x00,0x19,0x0f,0x82,0x02,0x5f,0x02,0xf2,
    0x02,0x02,0x06,0x00,0x02,0xb0,0x06,0x53,0xfb,0xde,0xba,0xd6,0x79,0x3e,0x3c,0x02,
    0x22,0x03,0x0f,0x02,0x00,0x23,0x02,0x3c,0x00,0x13,0x79,0x60,0x03,0x02,0xa6,0xc9,
    0x0f,0x02,0x00,0x65,0x0f,0x5c,0x03,0x39,0x0f,0x02,0x00,0x11,0x62,0xdf,0xff,0x96,
    0xb5,0x92,0x94,0xce,0x05,0x0a,0x8c,0x0c,0x08,0xb2,0x52,0x0c,0x5c,0x88,0x0c,0x02,
    0x00,0x1f,0x6d,0xdc,0x52,0x08,0x0f,0x26,0x6e,0x03,0x0f,0x02,0x00,0x39,0x08,0x22,
    0x61,0x0f,0x02,0x00,0x0b,0x0f,0xa8,0x82,0x01,0x22,0x75,0xad,0x18,0x73,0xf1,0x02,
    0xaa,0x52,0xcf,0x7b,0x8e,0x73,0xae,0x73,0x34,0xa5,0xd7,0xbd,0x75,0xad,0x38,0xc6,
    0xbe,0xce,0x0f,0x0f,0xa8,0x00,0x39,0x0f,0x02,0x00,0x15,0x0f,0x72,0x0d,0x65,0x02,
    0xc0,0x06,0x04,0x9a,0x50,0x02,0xa8,0x06,0x0f,0x5a,0x03,0x2b,0x08,0x02,0x00,0x06,
    0x38,0x14,0x02,0x02,0x00,0x04,0xca,0x03,0x0f,0x02,0x00,0x57,0x0f,0x86,0x70,0x3f,
    0x0f,0x02,0x00,0x29,0x8f,0x14,0xa5,0xcb,0x5a,0x69,0x4a,0x10,0x84,0x22,0x2c,0x0d,
    0x0f,0x2a,0x5b,0x0b,0x0a,0x42,0x11,0x0f,0x02,0x00,0x3f,0x0a,0x62,0x07,0x0f,0x02,
    0x00,0x05,0x22,0xc3,0x18,0x16,0x0b,0x0c,0x42,0x04,0x02,0xba,0x4c,0x0f,0xe2,0x00,
    0x0d,0x0f,0x02,0x00,0x09,0x02,0x52,0x0e,0x0f,0x58,0x00,0x01,0x0f,0x02,0x00,0x23,
    0x0f,0x0c,0x2f,0x61,0x33,0xbe,0xf7,0xbe,0xd8,0xd6,0x06,0x70,0x17,0x02,0x58,0x03,
    0x02,0x64,0x03,0x0f,0x02,0x00,0x2f,0x91,0x38,0xc6,0x59,0xce,0x9a,0xd6,0xdb,0xde,
    0x5d,0x32,0x10,0x02,0xba,0x04,0x0f,0x58,0x03,0x57,0x02,0xcc,0x03,0x0f,0xa4,0x01,
    0x37,0x0f,0x02,0x00,0x59,0x2c,0xb2,0x94,0x26,0x13,0x04,0x02,0x00,0x0c,0xd4,0x23,
    0x0f,0x02,0x00,0x41,0x42,0x34,0xa5,0xc7,0x39,0x8e,0x10,0xf4,0x09,0x61,0x08,0x65,
    0x29,0x45,0x29,0x24,0x21,0x04,0x21,0x8a,0x52,0xcf,0x7b,0xae,0x73,0x8e,0x73,0x6d,
    0x6b,0x71,0x8c,0xf7,0xbd,0xfa,0x11,0x0f,0xa2,0x09,0x1f,0x0f,0x02,0x00,0x09,0xaf,
    0xbe,0xf7,0xcf,0x7b,0xa6,0x31,0x45,0x29,0x0c,0x63,0x40,0x04,0x3b,0x02,0x0a,0x02,
    0x0f,0x02,0x00,0x59,0x02,0x5a,0x03,0x04,0x0a,0x0a,0x02,0x4a,0x03,0x0a,0x58,0x03,
    0x04,0x16,0x00,0x0f,0x02,0x00,0x25,0x02,0xaa,0x03,0x06,0x06,0xcd,0x02,0x80,0x0d,
    0x0f,0x02,0x00,0x57,0x0f,0x5c,0x03,0xa7,0x44,0xff,0xff,0xdb,0xde,0x78,0x7c,0x42,
    0x24,0x21,0x65,0x29,0x76,0xa3,0x0f,0x42,0x11,0x03,0x0f,0x02,0x00,0x43,0xe2,0xba,
    0xd6,0x75,0xad,0x75,0xad,0xba,0xd6,0xdf,0xff,0xdf,0xff,0xbe,0xf7,0x4c,0x06,0x0f,
    0x02,0x00,0x17,0x0f,0xd2,0x04,0x21,0x26,0xbe,0xf7,0x8e,0x0a,0x0e,0xec,0x67,0x0f,
    0x02,0x00,0x29,0x0f,0x16,0x0a,0x4b,0x04,0x30,0x06,0x04,0xba,0x10,0x08,0x62,0x0d,
    0x0f,0x3a,0x03,0x07,0x0f,0x5c,0x03,0x2b,0x06,0xa8,0x03,0x06,0xde,0x10,0x02,0x7a,
    0x00,0x02,0x08,0x00,0x0f,0x02,0x00,0x4f,0x0f,0x26,0x14,0x31,0x0f,0x02,0x00,0x6d,
    0xcf,0xbe,0xf7,0xbe,0xf7,0xdf,0xff,0xba,0xd6,0x55,0xad,0x38,0xc6,0xb2,0x02,0x21,
    0x0f,0x02,0x00,0x65,0x0f,0xac,0x00,0x1f,0x0a,0x44,0x28,0x0c,0x5a,0xd3,0x0f,0x02,
    0x00,0x0d,0x0f,0x70,0x00,0x09,0x02,0x84,0xc9,0x0f,0x70,0x02,0x45,0x0a,0xd0,0x02,
    0x06,0xba,0x10,0x0f,0x58,0x03,0x07,0x0f,0x02,0x00,0x3b,0x02,0x98,0x3c,0x02,0x24,
    0xd7,0x02,0xe4,0x00,0x06,0xe6,0x03,0x0f,0x02,0x00,0x47,0x0f,0xca,0x10,0x5d,0x0f,
    0x02,0x00,0xff,0x2c,0x19,0xef,0xb6,0x76,0x0c,0xc4,0x18,0x0f,0x02,0x00,0x11,0x5f,
    0x75,0xad,0xcf,0x7b,0xef,0x54,0x26,0x00,0x0f,0x88,0x17,0x47,0x02,0xc6,0x02,0x02,
    0x5e,0x03,0x02,0x64,0x0d,0x04,0x8c,0xdd,0x02,0xf4,0x02,0x0f,0x02,0x00,0x55,0x04,
    0x60,0x03,0x2f,0x5d,0xef,0x1c,0x0a,0x53,0x0f,0x12,0x0a,0x03,0xcf,0xdb,0xde,0x51,
    0x8c,0x8e,0x73,0xae,0x73,0xd3,0x9c,0x9a,0xd6,0xec,0x04,0x09,0x0f,0x02,0x00,0x2f,
    0x6c,0xdf,0xff,0x18,0xc6,0xb6,0xb5,0x8c,0x17,0x0f,0x02,0x00,0xd1,0x2f,0x9e,0xf7,
    0x92,0x62,0x21,0x0a,0x6e,0x7d,0x0c,0x7e,0x26,0x0f,0x02,0x00,0x0f,0x15,0x2c,0xb2,
    0x70,0x02,0x66,0x11,0x08,0x02,0x00,0x02,0x0e,0x02,0x0f,0x02,0x00,0x3f,0x04,0x2a,
    0x06,0x02,0x90,0x09,0x44,0x5d,0xef,0xfb,0xde,0xe4,0xa7,0x0f,0xf4,0x09,0x2b,0x0f,
    0x02,0x00,0x21,0x02,0x7e,0x0d,0x24,0x1c,0xe7,0xea,0x03,0x02,0xfa,0x03,0x02,0x9c,
    0x00,0x0f,0x02,0x00,0x3d,0x0f,0xb6,0x06,0x01,0x22,0xf7,0xbd,0xba,0x0c,0xaf,0x00,
    0x00,0x00,0x00,0x41,0x08,0x65,0x29,0x0c,0x63,0x8c,0x35,0x45,0x22,0x38,0xc6,0x12,
    0x2c,0x48,0xe3,0x18,0xb2,0x94,0xe6,0x01,0x0f,0x02,0x00,0xc7,0xff,0x03,0x7d,0xef,
    0x59,0xce,0xf3,0x9c,0x30,0x84,0x8a,0x52,0x45,0x29,0xe3,0x18,0xa6,0x31,0x8e,0x73,
    0x2e,0x14,0x1b,0x0a,0x74,0x30,0x0f,0xd2,0x2c,0x1d,0x0a,0x52,0x0a,0x0c,0x0a,0x2c,
    0x0f,0x72,0x0d,0x43,0x08,0xc6,0x02,0x26,0x3c,0xe7,0x58,0x03,0x0f,0x02,0x00,0x5f,
    0x04,0xca,0x03,0x02,0x7e,0x0d,0x1f,0x3c,0x78,0x28,0x4c,0x2e,0x7d,0xef,0x5c,0x03,
    0x0f,0x7c,0xe4,0x03,0x8f,0x41,0x08,0x65,0x29,0x2c,0x63,0x96,0xb5,0x6c,0x05,0x21,
    0x0f,0x02,0x00,0x05,0x28,0x1c,0xe7,0x92,0x27,0x0e,0x9e,0x6d,0x0f,0x02,0x00,0xbd,
    0x4e,0x14,0xa5,0x28,0x42,0x1c,0x26,0x0f,0xbc,0xf8,0x1d,0x22,0x75,0xad,0x36,0x01,
    0x1d,0x20,0x5a,0x75,0x06,0x02,0x00,0x2f,0xdf,0xff,0x58,0x11,0x03,0x0a,0xe2,0x75,
    0x0c,0xba,0x06,0x0f,0x5c,0x03,0x49,0x55,0x7d,0xef,0x5d,0xef,0x1c,0x76,0x21,0x04,
    0xe6,0x02,0x0f,0x02,0x00,0x5b,0x04,0x36,0x14,0x02,0x0a,0x00,0x28,0x9a,0xd6,0x7e,
    0x0d,0x0f,0x02,0x00,0x3f,0x0f,0x5c,0x03,0x01,0x0f,0x38,0x1a,0x0b,0x8f,0x82,0x10,
    0xe7,0x39,0x8e,0x73,0x75,0xad,0x64,0x03,0x31,0x06,0x5a,0x27,0x5d,0x00,0x00,0x00,
    0x00,0xeb,0xae,0x34,0xcf,0xba,0xd6,0x51,0x8c,0xaa,0x52,0xeb,0x5a,0x51,0x8c,0x34,
    0xa5,0x9c,0x0a,0x4d,0x0f,0x02,0x00,0x4d,0x1b,0xdf,0xd8,0x02,0x02,0x02,0x00,0x11,
    0x20,0x07,0x00,0x0f,0x6a,0x33,0x01,0x0f,0x02,0x00,0x09,0x6c,0x1c,0xe7,0x75,0xad,
    0xf3,0x9c,0xee,0x21,0x02,0x02,0x00,0xce,0x9a,0xd6,0xb2,0x94,0x8a,0x52,0x45,0x29,
    0x24,0x21,0xc7,0x39,0x46,0x2f,0x0a,0x84,0x00,0x0c,0xf2,0xe2,0x0f,0x72,0x0d,0x43,
    0x02,0xb8,0x06,0x31,0x5d,0xef,0xdb,0x0a,0x0a,0x0f,0x02,0x00,0x6d,0x06,0x60,0x03,
    0x02,0xba,0x21,0x11,0xfb,0xfc,0x1a,0x0f,0x02,0x00,0x41,0x0f,0x02,0x2f,0x01,0x21,
    0xd7,0xbd,0xf1,0x01,0x0f,0x02,0x00,0x0c,0x2f,0x82,0x10,0x36,0x05,0x07,0x0f,0x02,
    0x00,0x15,0x0f,0x9a,0x2b,0x0b,0x08,0x9a,0x0a,0xa2,0x00,0x00,0x20,0x00,0x86,0x31,
    0x28,0x42,0x8e,0x73,0xce,0x21,0x0f,0x02,0x00,0x9f,0x15,0xf3,0xa2,0x2b,0x0e,0x02,
    0x00,0x0c,0xe4,0x02,0x0f,0x02,0x00,0x21,0x82,0x9e,0xf7,0x75,0xad,0xae,0x73,0xa6,
    0x31,0xae,0x03,0x04,0x02,0x00,0x0c,0x5a,0x00,0x0a,0x86,0x00,0x0e,0x9c,0x3a,0x0a,
    0x1c,0x0d,0x0f,0x02,0x00,0x2b,0x04,0xbe,0x10,0x08,0x48,0xee,0x02,0x90,0x09,0x0f,
    0x02,0x00,0x79,0x24,0x79,0xce,0xcc,0x7f,0x02,0xb0,0x00,0x0f,0x7c,0x0d,0x3b,0x0c,
    0xca,0x01,0x2f,0x7d,0xef,0x0a,0x3b,0x07,0x0a,0x02,0x00,0x0c,0xba,0x01,0x0f,0x02,
    0x00,0x1d,0x28,0x55,0xad,0x50,0x00,0x0a,0xb0,0x35,0x0a,0xe8,0x35,0x08,0x02,0x00,
    0x2f,0xe7,0x39,0x34,0x1d,0x3b,0x0f,0x02,0x00,0x53,0x28,0xeb,0x5a,0xc4,0x00,0x0a,
    0x02,0x00,0x0f,0xa6,0x04,0x29,0x7d,0xdf,0xff,0x59,0xce,0x71,0x8c,0x8a,0x7a,0xce,
    0x04,0x02,0x00,0x0a,0x9a,0x3a,0x08,0x4e,0xb0,0x0f,0x8c,0x25,0x01,0x0f,0x40,0x13,
    0x39,0x04,0xa8,0x02,0x11,0x5d,0x3a,0x86,0x0f,0x50,0x03,0x79,0x0a,0x02,0x00,0x26,
    0x38,0xc6,0x96,0x32,0x0f,0x5a,0x03,0x3b,0x0f,0x4a,0x0f,0x01,0x0a,0xf4,0x02,0x0f,
    0x02,0x00,0x09,0x0f,0xe6,0x02,0x2b,0x24,0xbe,0xf7,0x6a,0xa1,0x4a,0x00,0x00,0x41,
    0x08,0x5e,0x2b,0x2f,0x79,0xce,0x78,0x00,0x07,0x2f,0x65,0x29,0xb6,0x00,0x01,0x0f,
    0x02,0x00,0x8b,0x0f,0x5c,0x03,0x07,0x2f,0x41,0x08,0x46,0x01,0x23,0x7f,0x3c,0xe7,
    0x75,0xad,0xeb,0x5a,0x45,0x50,0xc3,0x0a,0x0f,0x70,0x0a,0x01,0x62,0xf3,0x9c,0x0c,
    0x63,0xeb,0x5a,0x1c,0x37,0x0c,0x04,0x16,0x02,0xd2,0x64,0x0f,0x02,0x00,0x2f,0x04,
    0x2c,0x1b,0x06,0x32,0x32,0x04,0xe2,0x7b,0x0a,0xd8,0x02,0x0f,0x02,0x00,0x67,0x02,
    0x92,0x00,0x04,0x02,0x00,0x02,0x18,0x25,0x0f,0x5a,0x03,0x3b,0x0e,0xb6,0x06,0x02,
    0x02,0x00,0x42,0x38,0xc6,0x49,0x4a,0x32,0x0f,0x0f,0x02,0x00,0x0b,0x0f,0x7a,0xa6,
    0x2d,0x9d,0x9e,0xf7,0x2c,0x63,0xe3,0x18,0xc3,0x18,0x49,0xec,0xba,0x0a,0x26,0x39,
    0x0c,0x02,0x00,0x22,0x18,0xc6,0xa8,0x00,0x0f,0x02,0x00,0x97,0x0a,0x5c,0x0e,0x06,
    0x02,0x00,0x2f,0x04,0x21,0xc4,0x11,0x23,0x2f,0xb2,0x94,0xa0,0x01,0x11,0x0f,0x22,
    0x12,0x1d,0x0f,0x5c,0x03,0x35,0x02,0xd4,0x5d,0x04,0x1c,0x7c,0x0a,0xc8,0x02,0x0f,
    0x02,0x00,0x81,0x02,0x7c,0x7c,0x22,0x3c,0xe7,0xba,0x00,0x0f,0x02,0x00,0x2d,0x02,
    0xa4,0x03,0x0f,0x00,0x06,0x09,0x8f,0x5d,0xef,0x75,0xad,0xae,0x73,0xe7,0x39,0xc4,
    0x01,0x09,0x0c,0xc6,0x15,0x0f,0x02,0x00,0x21,0x2f,0x7d,0xef,0xde,0x1a,0x01,0x2f,
    0xbe,0xf7,0x7c,0x88,0x09,0x0f,0xfe,0x0f,0x1d,0x0f,0x02,0x00,0x6f,0x08,0x8e,0x09,
    0x04,0x84,0x28,0x4f,0xcb,0x5a,0xb2,0x94,0xf6,0x2e,0x23,0x0a,0xe6,0x1a,0x0f,0x02,
    0x00,0x07,0x0f,0xe2,0x07,0x1f,0x0f,0x16,0x0a,0x33,0x02,0x5e,0x02,0x02,0x4e,0x46,
    0x0f,0xac,0x06,0x77,0x0f,0x02,0x00,0x05,0x04,0xe0,0x10,0x04,0x7a,0x0d,0x0f,0x02,
    0x00,0x2d,0x02,0xfe,0x00,0x0c,0x14,0x08,0x0f,0x02,0x00,0x01,0x7b,0x3c,0xe7,0x55,
    0xad,0x4d,0x6b,0x86,0x64,0xc8,0x6f,0x00,0x00,0x00,0x00,0x86,0x31,0x9c,0x03,0x09,
    0x8f,0xff,0xff,0xff,0xff,0x3c,0xe7,0x96,0xb5,0xfe,0xa9,0x25,0x2a,0x96,0xb5,0x98,
    0x0f,0x08,0x02,0x00,0x0c,0xa8,0x48,0x0f,0x02,0x00,0x93,0xcf,0xd3,0x9c,0xeb,0x5a,
    0x49,0x4a,0x0c,0x63,0x92,0x94,0xb6,0xb5,0xf8,0x14,0x29,0x0f,0x3c,0x52,0x09,0x08,
    0x02,0x00,0x2f,0xa6,0x31,0xd0,0x87,0x1f,0x02,0x4e,0x1d,0x0f,0x5e,0x02,0x2f,0x22,
    0x7d,0xef,0xfe,0x96,0x0f,0x02,0x00,0x97,0x02,0xbc,0x06,0x02,0xf4,0x1a,0x0f,0x02,
    0x00,0x2b,0x02,0x40,0x01,0x0f,0x94,0x02,0x17,0x86,0xdf,0xff,0xba,0xd6,0xf3,0x9c,
    0x2c,0x63,0x8a,0x12,0x0f,0xba,0x01,0x0f,0x04,0xb8,0x08,0x2f,0x45,0x29,0xc4,0x09,
    0x1d,0x02,0xf4,0x03,0x48,0x59,0xce,0xeb,0x5a,0xba,0x46,0x04,0x02,0x00,0x0e,0xae,
    0x17,0x0f,0x02,0x00,0xc1,0x7f,0x9e,0xf7,0xf7,0xbd,0x75,0xad,0xb6,0x52,0x1c,0x00,
    0x0f,0xca,0x15,0x0f,0x6f,0xa2,0x10,0xcb,0x5a,0x92,0x94,0xfa,0x04,0x0d,0x0f,0x02,
    0x00,0x01,0x0f,0x02,0xd7,0x2d,0x02,0x58,0x02,0x02,0x4e,0x46,0x0f,0x58,0x03,0x95,
    0x04,0x5a,0x07,0x02,0xf0,0x89,0x0f,0x58,0x03,0x2b,0x02,0xfc,0x00,0x0f,0x12,0x0a,
    0x0b,0x0f,0x02,0x00,0x07,0x6f,0x9a,0xd6,0x75,0xad,0x34,0xa5,0x0e,0x0a,0x0b,0x1b,
    0xdf,0x5a,0x8d,0x1f,0x61,0xb0,0x0f,0x24,0xff,0x05,0xff,0xff,0x9e,0xf7,0x79,0xce,
    0xb6,0xb5,0x71,0x8c,0xcb,0x5a,0xa6,0x31,0xe3,0x18,0x82,0x10,0x65,0x29,0xa0,0x2a,
    0x1d,0x0f,0x02,0x00,0x9f,0x64,0xfb,0xde,0x14,0xa5,0x2c,0x63,0x66,0x4b,0x3b,0x61,
    0x08,0x92,0xb4,0x22,0x0f,0xe8,0x11,0x07,0x6f,0x41,0x08,0xa6,0x31,0x4d,0x6b,0xe2,
    0x1f,0x2b,0x0f,0x5e,0x03,0x2b,0x04,0x5c,0x03,0x08,0x06,0xc6,0x0f,0x02,0x00,0x8d,
    0x06,0x5c,0x03,0x06,0x14,0x9e,0x0f,0x02,0x00,0x29,0x0f,0xfe,0x2e,0x4f,0x0a,0xa8,
    0x1c,0x0c,0x20,0x02,0x0f,0x02,0x00,0x21,0x42,0x1c,0xe7,0xdb,0xde,0xd2,0x06,0x0f,
    0x02,0x00,0xc1,0x02,0x60,0x47,0x4e,0xcf,0x7b,0xc7,0x39,0x04,0x19,0x0c,0xd6,0x1b,
    0x06,0x68,0x32,0x04,0x02,0x00,0x6a,0x04,0x21,0xeb,0x5a,0x34,0xa5,0x72,0x17,0x0f,
    0x02,0x00,0x25,0x0f,0xa0,0x21,0x29,0x04,0x5c,0x03,0x44,0x7d,0xef,0xdb,0xde,0xb4,
    0x02,0x0f,0x02,0x00,0x8d,0x04,0xa8,0x00,0x0f,0x5c,0x03,0x35,0x0f,0x6c,0x0d,0x13,
    0x0f,0x02,0x00,0x29,0x24,0x49,0x4a,0xf8,0x01,0x0f,0x26,0x59,0x01,0xaf,0xff,0xff,
    0x7d,0xef,0xd7,0xbd,0x34,0xa5,0x96,0xb5,0x82,0x16,0x23,0x0f,0x02,0x00,0xc1,0x24,
    0x59,0xce,0xac,0x06,0x0c,0x02,0x00,0x0c,0xf2,0x4a,0x44,0x1c,0xe7,0x28,0x42,0x24,
    0x00,0x4a,0xc7,0x39,0x8e,0x73,0xd4,0x0e,0x0f,0x80,0x04,0x2d,0x0f,0x84,0x3c,0x29,
    0x0f,0x5c,0x03,0xef,0x0f,0xb6,0x06,0x4f,0x0c,0xd0,0x42,0x0c,0xae,0x17,0x15,0x79,
    0x48,0x02,0x6f,0x61,0x08,0x8a,0x52,0x92,0x94,0x9e,0x10,0xa3,0x0f,0x02,0x00,0x39,
    0x2f,0x3c,0xe7,0x92,0x15,0x07,0x0f,0xf2,0x4a,0x01,0x4f,0x59,0xce,0x96,0xb5,0xac,
    0xae,0x31,0x0f,0x02,0x00,0x01,0x04,0xf8,0x1d,0x0f,0x02,0x00,0x27,0x04,0xb8,0x06,
    0x04,0x14,0x06,0x0f,0x02,0x00,0x95,0x0f,0x70,0x0d,0x31,0x0f,0xdc,0x04,0x2d,0x0f,
    0x02,0x00,0x0f,0x17,0xfb,0x54,0xe3,0x2a,0xe7,0x39,0x70,0x00,0x2e,0xfb,0xde,0xf8,
    0x08,0x33,0x65,0x29,0x0c,0xc6,0xb7,0x0a,0x2c,0x00,0x0f,0x02,0x00,0xd5,0x24,0x14,
    0xa5,0x8a,0x06,0x0e,0x02,0x00,0x0f,0x44,0x21,0x01,0x0f,0x02,0x00,0x31,0x4f,0xfb,
    0xde,0x55,0xad,0x1a,0xd2,0x01,0x0f,0x16,0x0a,0x29,0x02,0x02,0x00,0x13,0x7d,0x0c,
    0x7c,0x0f,0x5c,0x03,0x99,0x62,0x38,0xc6,0x38,0xc6,0xfb,0xde,0xc0,0x00,0x0f,0x02,
    0x00,0x25,0x0e,0xfc,0x2e,0x02,0x02,0x00,0x6f,0x18,0xc6,0x75,0xad,0x18,0xc6,0x72,
    0x19,0x23,0x0f,0x02,0x00,0x01,0xac,0xba,0xd6,0x69,0x4a,0xe3,0x18,0x04,0x21,0x0c,
    0x63,0x54,0x00,0x0f,0x88,0xad,0x05,0x22,0x20,0x00,0x6c,0x32,0x08,0x06,0x4c,0x0f,
    0x6a,0x03,0xd5,0x0f,0x70,0x51,0x07,0x2f,0x82,0x10,0x98,0x2b,0x03,0x0f,0x02,0x00,
    0x2d,0x22,0x92,0x94,0x06,0x41,0x2c,0xe3,0x18,0xd0,0x0d,0x0f,0xd0,0x10,0x2b,0x02,
    0x2c,0x13,0x0f,0x5c,0x03,0x99,0x02,0x02,0x04,0x0f,0x5c,0x03,0x27,0x06,0x0a,0x0b,
    0x0f,0xd8,0x49,0x01,0x24,0x5d,0xef,0x80,0x24,0x4f,0x04,0x21,0x8e,0x73,0x04,0x0d,
    0x37,0x0f,0xc8,0x03,0x03,0x0a,0xa6,0x2b,0x0a,0x02,0x00,0x0f,0x94,0x34,0x1d,0x0f,
    0x02,0x00,0xb5,0x0f,0x5a,0x17,0x05,0x2f,0xe7,0x39,0x5a,0x03,0x43,0x08,0x06,0x6a,
    0x2c,0x20,0x00,0x06,0x11,0x0f,0xba,0x06,0x29,0x02,0x6a,0x02,0x02,0x5c,0x03,0x02,
    0x02,0x00,0x02,0xbc,0x02,0x0f,0x02,0x00,0x85,0x08,0x38,0x22,0x0f,0x14,0x0a,0x23,
    0x04,0x44,0x0b,0x0f,0xee,0x02,0x01,0x26,0xdf,0xff,0x1c,0x0f,0x7f,0x00,0x00,0x00,
    0x00,0x82,0x10,0xae,0x60,0x03,0x38,0x0e,0x02,0x00,0x0f,0xb2,0x28,0x09,0x0f,0x1a,
    0x67,0x0d,0x0f,0x02,0x00,0x9f,0x53,0xd3,0x9c,0xcb,0x5a,0xcb,0xc2,0x27,0x0f,0x02,
    0x00,0x07,0x42,0xdf,0xff,0x8a,0x52,0x7e,0x01,0x02,0x02,0x00,0x6f,0x20,0x00,0x08,
    0x42,0x10,0x84,0x12,0x25,0x23,0x0f,0x02,0x00,0x11,0x15,0x0c,0x82,0x3c,0x0e,0xae,
    0xa4,0x02,0xba,0x06,0x0f,0x02,0x00,0x2b,0x1f,0xdb,0x84,0x17,0x96,0x04,0x02,0x00,
    0x0f,0x28,0x14,0x2d,0x0f,0xb6,0x06,0x03,0x0f,0x32,0x19,0x01,0x4f,0x41,0x08,0x8e,
    0x73,0xd8,0x1f,0x1f,0x0f,0x02,0x00,0x13,0x0c,0xcc,0x03,0x08,0x02,0x00,0x0e,0xb8,
    0x0f,0xaf,0x38,0xc6,0x8e,0x73,0xcb,0x5a,0xcb,0x5a,0xcf,0x7b,0xf2,0x10,0x9f,0x08,
    0xec,0x24,0x0f,0x1e,0xbd,0x0d,0xc8,0xbe,0xf7,0x6d,0x6b,0x65,0x29,0x24,0x21,0x45,
    0x29,0x8a,0x52,0xea,0x3d,0x0f,0x16,0x0b,0x43,0x0a,0xca,0x03,0x0e,0xd4,0x30,0x04,
    0x70,0x2b,0x0f,0x02,0x00,0x25,0x0c,0x8a,0xdd,0x0f,0xbc,0x06,0x8b,0x04,0xbe,0x06,
    0x0f,0x54,0x28,0x27,0x02,0xbc,0x06,0x0e,0x00,0x03,0x0f,0x90,0x08,0x05,0x6e,0x82,
    0x10,0x4d,0x6b,0xf7,0xbd,0x30,0x00,0x0f,0x02,0x00,0x2f,0x2f,0xbe,0xf7,0xf4,0xa9,
    0x05,0x0c,0x0e,0x3b,0x08,0x82,0x68,0x5f,0x20,0x00,0x86,0x31,0x6d,0x1c,0x1d,0x2c,
    0x0f,0x02,0x00,0x5b,0x0a,0x32,0x35,0x0f,0xf0,0x0a,0x11,0x0f,0xd4,0x1f,0x25,0x0f,
    0x02,0x00,0x1d,0x0a,0xd6,0x46,0x0a,0x02,0x79,0x02,0x02,0x00,0x04,0xde,0x09,0x0f,
    0x02,0x00,0x19,0x02,0x06,0x35,0x08,0x9c,0x6e,0x02,0xae,0x27,0x0f,0x02,0x00,0x8f,
    0x02,0xa4,0x61,0x02,0xbc,0x00,0x0f,0x02,0x00,0x21,0x0f,0x68,0x3c,0x01,0x02,0xf8,
    0x27,0x0f,0x46,0x53,0x05,0x6f,0x00,0x00,0x00,0x00,0x8a,0x52,0xb4,0x24,0x1d,0x0f,
    0x02,0x00,0x13,0x6a,0x59,0xce,0x92,0x94,0x8a,0x52,0x32,0x14,0x2a,0xa2,0x10,0x2c,
    0x07,0x2f,0x7d,0xef,0x9a,0x16,0x01,0x6f,0x61,0x08,0x69,0x4a,0x71,0x8c,0xf2,0xf0,
    0x15,0x0f,0x02,0x00,0x69,0x0a,0x7a,0x09,0x0f,0x54,0x22,0x65,0x2e,0x3c,0xe7,0x52,
    0x05,0x26,0x1c,0xe7,0x60,0x40,0x2c,0xa6,0x31,0x6e,0x12,0x04,0x4e,0x72,0x0f,0x6c,
    0x02,0x1f,0x04,0x34,0x00,0x02,0x06,0x2f,0x15,0x79,0x72,0x09,0x0f,0x66,0x03,0x89,
    0x31,0x59,0xce,0x79,0x80,0x57,0x0f,0xb6,0x06,0x27,0x02,0x88,0x04,0x0f,0x62,0x08,
    0x03,0x0f,0x5a,0x2d,0x0d,0x2c,0x8a,0x52,0xe4,0x78,0x0f,0x02,0x00,0x35,0xec,0xfb,
    0xde,0x96,0xb5,0x2c,0x63,0xa6,0x31,0x24,0x21,0x24,0x21,0xaa,0x52,0x54,0x0f,0x0f,
    0x62,0x40,0x0b,0x6f,0x24,0x21,0x2c,0x63,0xf3,0x9c,0x7a,0x11,0x37,0x0f,0x02,0x00,
    0x3f,0x0a,0xb8,0x35,0x0f,0x5c,0x03,0x61,0x73,0x34,0xa5,0x86,0x31,0xa2,0x10,0xe3,
    0x3e,0x5b,0x08,0x02,0x00,0xae,0x3c,0xe7,0xeb,0x5a,0x45,0x29,0x86,0x31,0x6d,0x6b,
    0x7a,0x03,0x02,0x02,0x00,0x02,0x32,0x02,0x0f,0x02,0x00,0x19,0x06,0xb8,0x06,0x02,
    0xbe,0x35,0x1f,0x1c,0x02,0x00,0x96,0x44,0x3c,0xe7,0x5d,0xef,0x18,0x04,0x0f,0x02,
    0x00,0x1f,0x0f,0x6c,0x0d,0x03,0x04,0x02,0x00,0x2f,0x30,0x84,0xbc,0x06,0x09,0x0f,
    0x66,0x10,0x4f,0x0f,0x0c,0x09,0x03,0x0f,0x78,0x79,0x0b,0x02,0x02,0x00,0x4f,0x61,
    0x08,0xc7,0x39,0x6e,0x09,0x11,0x0f,0x02,0x00,0x61,0x0a,0xb6,0x1a,0x0f,0x60,0x0b,
    0x43,0x0f,0x02,0x00,0x09,0x08,0x52,0x0b,0x0f,0xca,0x5b,0x01,0x0f,0x6a,0x05,0x03,
    0x04,0x02,0x00,0x0f,0xd0,0x35,0x27,0x0f,0xf0,0x06,0x1f,0x0f,0x02,0x00,0xa9,0x02,
    0x94,0x03,0x04,0x36,0x01,0x0f,0x02,0x00,0x01,0x42,0xba,0xd6,0x4d,0x6b,0xf2,0x18,
    0x0f,0x02,0x00,0x05,0x0f,0xc4,0x1c,0x45,0x0f,0x02,0x00,0x07,0x26,0x9e,0xf7,0xba,
    0x08,0x0f,0x02,0x00,0x0b,0x0c,0xfa,0x21,0x0f,0x02,0x00,0x75,0x06,0x16,0x0a,0x0f,
    0xb6,0x06,0x61,0x04,0xce,0xf9,0x02,0x02,0x00,0x0a,0x70,0x0b,0x0f,0x02,0x00,0x11,
    0x0f,0xea,0x1a,0x2f,0x0f,0x02,0x00,0xd1,0x0f,0xf8,0x5d,0x13,0x4f,0x1c,0xe7,0x6d,
    0x6b,0x38,0x35,0x07,0x0e,0x4c,0x6a,0x0f,0x02,0x00,0x4f,0x0a,0x94,0x46,0x0f,0x02,
    0x00,0x07,0x2f,0x61,0x08,0x64,0x39,0x01,0x0f,0x02,0x00,0x71,0x6e,0x75,0xad,0x6d,
    0x6b,0x6d,0x6b,0xfa,0x45,0x0f,0x02,0x00,0x4f,0x2a,0x7d,0xef,0x9a,0x04,0x0f,0x84,
    0x00,0x21,0x0f,0x30,0x14,0x2d,0x0f,0x02,0x00,0xcf,0x0f,0x5a,0x03,0x13,0x02,0x02,
    0x00,0x5f,0x9a,0xd6,0xcf,0x7b,0x24,0x38,0x35,0x00,0x0f,0x1e,0x06,0x61,0x7f,0xdf,
    0xff,0xff,0xff,0x9a,0xd6,0xcb,0xc8,0x35,0x02,0x0c,0x02,0x00,0x0f,0x3a,0x02,0x21,
    0x0f,0x02,0x00,0xcb,0x24,0xdf,0xff,0xec,0xc9,0x02,0x02,0x00,0x2f,0x79,0xce,0xf0,
    0x00,0x21,0x02,0x3e,0x02,0x02,0xf8,0x08,0x0f,0x02,0x00,0xfb,0x02,0x5e,0x0e,0x0f,
    0x32,0x1e,0x01,0x0f,0x02,0x00,0x09,0x4a,0xbe,0xf7,0xb2,0x94,0x98,0x01,0x02,0x02,
    0x00,0x0f,0x32,0x14,0x43,0x0f,0x02,0x00,0x0f,0x64,0xbe,0xf7,0xb6,0xb5,0x30,0x84,
    0x96,0x67,0x0f,0x02,0x00,0x03,0x0f,0x74,0x0d,0x85,0x0f,0x02,0x00,0x69,0x08,0xa4,
    0x12,0x0c,0xc8,0x93,0x0f,0x02,0x00,0x15,0x0f,0xba,0x06,0xff,0x0a,0x02,0x72,0x04,
    0x0f,0x4a,0x01,0x15,0x06,0x02,0x00,0x4a,0x9e,0xf7,0x71,0x8c,0xc0,0x06,0x0c,0x74,
    0x2b,0x6f,0xff,0xff,0xff,0xff,0x1c,0xe7,0x3e,0x74,0x1d,0x0f,0x02,0x00,0x29,0x11,
    0x9a,0xfe,0x3c,0x0f,0x8e,0x3c,0x01,0x2f,0xa2,0x10,0xe4,0x00,0x21,0x0f,0x02,0x00,
    0xcf,0x22,0xae,0x73,0xa4,0x12,0x2f,0x49,0x4a,0xa8,0x01,0x27,0x0f,0x5e,0x03,0xff,
    0x0c,0x0f,0xe0,0x3d,0x21,0x02,0xe4,0x18,0x24,0xb2,0x94,0x2e,0x06,0x0e,0xa0,0x78,
    0xaf,0x9a,0xd6,0x08,0x42,0x61,0x08,0x82,0x10,0x49,0x4a,0x26,0x0f,0x1f,0x0f,0x02,
    0x00,0x29,0x86,0xbe,0xf7,0x79,0xce,0x30,0x84,0x28,0x42,0x1c,0x1b,0x2f,0x61,0x08,
    0x1e,0x24,0x47,0x0f,0x02,0x00,0xad,0x4f,0xdb,0xde,0xf7,0xbd,0x0e,0x0a,0x23,0x06,
    0x02,0x00,0x02,0x18,0x0a,0x0f,0x02,0x00,0xff,0x02,0x0f,0x9e,0x2b,0x01,0x0f,0x02,
    0x00,0x19,0x4e,0x9a,0xd6,0xd7,0xbd,0x70,0x24,0x26,0xfb,0xde,0x8c,0x49,0x0f,0x68,
    0x6d,0x3b,0x0f,0x02,0x00,0x15,0x8f,0xfb,0xde,0xb2,0x94,0x8e,0x73,0x8e,0x73,0x92,
    0x88,0x03,0x0f,0x02,0x00,0xff,0x22,0x6e,0xb6,0xb5,0xb2,0x94,0x96,0xb5,0x9a,0x17,
    0x0f,0x30,0x14,0xff,0x06,0x0f,0xb6,0x06,0x03,0x62,0x59,0xce,0xb2,0x94,0x14,0xa5,
    0x5c,0x13,0x0e,0x4c,0x01,0x0f,0x02,0x00,0x11,0x0a,0xce,0x2e,0x0f,0xb6,0x3f,0x31,
    0x0f,0x02,0x00,0xff,0x18,0xaf,0xfb,0xde,0x10,0x84,0xeb,0x5a,0xaa,0x52,0xcf,0x7b,
    0x26,0x2f,0x37,0x42,0x18,0xc6,0xc7,0x39,0xca,0x0e,0x2e,0xc7,0x39,0xf0,0x5f,0x0f,
    0x84,0x86,0x69,0x0f,0x02,0x00,0x87,0x0f,0x10,0x0a,0x01,0x04,0x16,0x3c,0x2f,0xe3,
    0x18,0x14,0x03,0x27,0x0a,0x12,0x43,0x0f,0x9a,0x1c,0x01,0x0f,0x02,0x00,0x5b,0x0f,
    0x22,0x04,0x23,0x0f,0x02,0x00,0x9f,0x37,0x59,0xce,0x6d,0x88,0x1c,0x2e,0x41,0x08,
    0x52,0x08,0x0f,0x02,0x00,0x21,0x0a,0x60,0x28,0x0e,0x32,0x2d,0x02,0x76,0x0d,0x0f,
    0xe6,0x02,0x87,0x0f,0x02,0x00,0x5f,0x0f,0xb4,0x06,0x03,0x0a,0x9c,0x38,0x2f,0x28,
    0x42,0xe6,0x0e,0x23,0x04,0xa0,0x03,0x02,0x02,0x00,0x0f,0x12,0xcd,0xff,0x54,0x39,
    0x18,0xc6,0x69,0x88,0x44,0x6f,0x00,0x00,0x00,0x00,0x08,0x42,0x4c,0x03,0x21,0x08,
    0x02,0x00,0x2a,0x9a,0xd6,0x64,0x34,0x0f,0x68,0x1e,0x05,0x0f,0xd6,0x35,0x29,0x0f,
    0x02,0x00,0xbb,0x0f,0x7a,0x17,0x07,0x0c,0x4a,0x01,0x22,0xe3,0x18,0x20,0x5c,0x0f,
    0x02,0x00,0x1b,0x08,0x9a,0x32,0x2f,0x41,0x08,0xce,0x10,0x5b,0x0f,0x02,0x00,0xe1,
    0x2a,0xfb,0xde,0x18,0x32,0x04,0x02,0x00,0x2f,0x82,0x10,0x1c,0x05,0x23,0x04,0x02,
    0x00,0x2f,0x71,0x8c,0x2e,0x20,0x01,0x0f,0x0e,0x07,0x03,0x0f,0xd4,0x10,0xf3,0x0f,
    0x5a,0x03,0x07,0x0f,0x84,0x4b,0x01,0x4f,0x00,0x00,0x6d,0x6b,0x54,0x09,0x1f,0x22,
    0xb6,0xb5,0x0e,0x17,0x4c,0x65,0x29,0x18,0xc6,0x94,0x09,0x8f,0x9a,0xd6,0x2c,0x63,
    0x49,0x4a,0x0c,0x63,0x44,0x27,0x5f,0x0f,0x02,0x00,0xc3,0x22,0x1c,0xe7,0x6c,0x01,
    0x0e,0x02,0x00,0x0f,0x56,0xdf,0x0b,0x0f,0x02,0x00,0x0b,0x2a,0x5d,0xef,0xda,0x0b,
    0x04,0x02,0x00,0x2f,0xc3,0x18,0xd2,0x18,0x03,0x0f,0xd4,0x10,0xf3,0x0f,0x0e,0x0a,
    0x03,0x02,0x02,0x00,0x06,0xe4,0x26,0x08,0x02,0x00,0x2f,0xc7,0x39,0x50,0x01,0x03,
    0x0f,0x02,0x00,0x09,0x53,0x9e,0xf7,0x18,0xc6,0x38,0x5e,0x90,0x08,0x9c,0x03,0x26,
    0x18,0xc6,0x9a,0x28,0x0f,0x30,0x21,0xff,0x00,0x0f,0x02,0x00,0x21,0x0f,0xf0,0x36,
    0x05,0x0f,0x44,0x2d,0x29,0x26,0xb6,0xb5,0xea,0x15,0x0a,0x02,0x00,0x0f,0xd0,0x35,
    0x01,0x02,0x02,0x00,0x02,0x5e,0x03,0x0f,0x7a,0x0d,0xe1,0x02,0xf4,0x00,0x0f,0x36,
    0x57,0x0d,0x26,0x9a,0xd6,0x1a,0x1a,0x08,0x02,0x00,0x0f,0xba,0x1f,0x25,0x0e,0x02,
    0x00,0x17,0x86,0x24,0x2a,0x0f,0x58,0x05,0x29,0x0f,0x02,0x00,0xf7,0x0a,0x76,0x2b,
    0x06,0x02,0x00,0x2c,0x45,0x29,0x12,0x0a,0x24,0x1c,0xe7,0x96,0xf3,0x08,0xee,0x04,
    0x0c,0x02,0x00,0x46,0x9e,0xf7,0xae,0x73,0x46,0x00,0x08,0x02,0x00,0x22,0x41,0x08,
    0x12,0x48,0x0f,0x02,0x00,0x05,0x02,0x5e,0x03,0x0f,0x40,0x0d,0xbb,0x0f,0x02,0x00,
    0x13,0x02,0xe4,0x24,0x0f,0x6a,0xf8,0x0d,0x2a,0x79,0xce,0xc6,0x29,0x04,0x02,0x00,
    0x0f,0xd4,0x24,0x33,0x1b,0x1c,0x4a,0xb2,0x0f,0xfc,0x35,0x45,0x0f,0x02,0x00,0xd9,
    0x04,0x20,0x17,0x08,0x02,0x00,0x4a,0x20,0x00,0x6d,0x6b,0xfc,0xa4,0xcf,0xbe,0xf7,
    0x4d,0x6b,0x82,0x10,0x20,0x00,0x04,0x21,0x71,0x8c,0x5c,0x03,0x09,0x2f,0x18,0xc6,
    0xd2,0x26,0x01,0x02,0x42,0x63,0x0f,0x68,0x1e,0x0f,0x0f,0x5e,0x03,0xe5,0x02,0xb0,
    0x07,0x0f,0xb2,0x04,0x09,0x02,0x02,0x00,0x2f,0x5d,0xef,0x1a,0x0f,0x01,0x0f,0xb2,
    0x04,0x0b,0x0f,0x02,0x00,0x15,0x0c,0xdc,0xa6,0x0f,0xae,0x01,0x0f,0x0f,0x02,0x00,
    0xff,0x10,0x08,0x1a,0x28,0x02,0x30,0x48,0x2c,0x4d,0x6b,0x4a,0x3a,0x37,0xff,0xff,
    0xaa,0xd0,0x46,0x0f,0xd8,0x09,0x07,0x0f,0xbe,0x10,0x03,0x6f,0x00,0x00,0x00,0x00,
    0xae,0x73,0x3a,0x02,0x0f,0x04,0xac,0x46,0x02,0x6a,0x02,0x0f,0x02,0x00,0xd7,0x02,
    0xf0,0x00,0x0f,0x20,0x01,0x13,0x46,0xff,0xff,0x51,0x8c,0x16,0x0d,0x02,0x02,0x00,
    0x0f,0x3a,0x24,0x35,0x08,0xb8,0x03,0x28,0x86,0x31,0x90,0x00,0x08,0x0c,0x00,0x0f,
    0x02,0x00,0xff,0x1a,0x08,0x08,0x4a,0x42,0x04,0x21,0x92,0x94,0xf6,0x1f,0x0a,0x02,
    0x00,0x19,0xba,0x9c,0xa1,0x0f,0x96,0xf3,0x03,0x0f,0x70,0x17,0x01,0x02,0x02,0x00,
    0x1d,0xc3,0xa8,0x50,0x0f,0x02,0x00,0x09,0x0f,0xbc,0x06,0xe1,0x0f,0x0e,0x0a,0x0d,
    0x0a,0x02,0x00,0x28,0x79,0xce,0x1a,0x0d,0x1f,0xa6,0x52,0x6b,0x0e,0x0f,0x02,0x00,
    0x15,0x24,0x1c,0xe7,0x58,0x00,0x2e,0x04,0x21,0x3a,0x20,0x6f,0x18,0xc6,0x71,0x8c,
    0xb2,0x94,0x8c,0x3f,0x89,0x0f,0x02,0x00,0x7d,0x02,0x92,0x04,0x84,0x75,0xad,0x10,
    0x84,0x30,0x84,0x14,0xa5,0x08,0x0a,0x0c,0x86,0x97,0x0a,0x96,0xf3,0x2e,0xe3,0x18,
    0x80,0x03,0x1d,0x34,0x86,0xab,0x04,0x02,0x00,0x2c,0x0c,0x63,0xb8,0x0d,0x0f,0x02,
    0x00,0x0d,0x0f,0x5e,0x03,0xdd,0x0f,0x84,0x21,0x01,0x0f,0x02,0x00,0x0b,0xa2,0xbe,
    0xf7,0x10,0x84,0x04,0x21,0x00,0x00,0x41,0x08,0x2a,0x2d,0x02,0xc6,0x01,0x0f,0x02,
    0x00,0x2f,0x7f,0x9e,0xf7,0xb2,0x94,0xcf,0x7b,0xb2,0x64,0xa3,0x00,0x04,0xf2,0x12,
    0x2c,0x82,0x10,0xd0,0x55,0x0f,0x02,0x00,0xff,0x2e,0x0a,0x26,0x7a,0x2a,0x86,0x31,
    0x50,0x01,0x28,0x9e,0xf7,0x4e,0x08,0x08,0x02,0x00,0x1d,0x41,0x88,0x68,0x0f,0x02,
    0x00,0x13,0x0f,0x5e,0x03,0xcf,0x02,0xbe,0x10,0x0f,0xd0,0x1a,0x09,0x0f,0x02,0x00,
    0x0d,0x4f,0x9e,0xf7,0x9a,0xd6,0xfc,0x1d,0x55,0x08,0x14,0x22,0x0c,0x2a,0xb2,0x0f,
    0x02,0x00,0xff,0x30,0x08,0x3e,0x03,0x0a,0x3c,0x0f,0x1f,0x38,0xbe,0x10,0x06,0x2e,
    0x49,0x4a,0xb8,0x0d,0x0a,0x02,0x00,0x4f,0xbe,0xf7,0x59,0xce,0x24,0x00,0x05,0x0f,
    0xac,0x21,0xcb,0x02,0x58,0x03,0x0f,0xd0,0x1a,0x07,0x4f,0x5d,0xef,0x79,0xce,0xf0,
    0x07,0x1d,0x0f,0x02,0x00,0x47,0x0a,0xb4,0x23,0x0a,0x00,0x02,0x0f,0x02,0x00,0xff,
    0x30,0xaa,0x9e,0xf7,0xaa,0x52,0x41,0x08,0x00,0x00,0xa2,0x10,0x84,0x26,0x22,0x59,
    0xce,0xc6,0x35,0x0e,0x02,0x00,0x04,0xba,0xac,0x0f,0xb0,0x08,0x07,0x31,0xb2,0x94,
    0x24,0xd8,0x08,0x2e,0x69,0x4a,0x64,0x0a,0x06,0x68,0x28,0x02,0xea,0x0f,0x0f,0x02,
    0x00,0xbf,0x0f,0x5a,0x03,0x09,0xaf,0xae,0x73,0xc3,0x18,0x41,0x08,0xc3,0x18,0x4d,
    0x6b,0x1a,0x01,0x03,0x0f,0x02,0x00,0x5d,0x0a,0x98,0x6d,0x0e,0xbc,0x8b,0x0f,0x02,
    0x00,0xff,0x16,0x02,0x6a,0xc6,0x0f,0xb4,0x0e,0x01,0x0f,0x96,0xf3,0x01,0x0c,0xe6,
    0x26,0x02,0x02,0x00,0x2f,0x65,0x29,0xbc,0x12,0x0f,0x08,0x68,0x20,0x1f,0x86,0xc8,
    0x50,0x02,0x04,0x1c,0x0a,0x0f,0xf4,0x1a,0xc1,0x0f,0x5a,0x03,0x09,0x08,0xfc,0xc0,
    0x2f,0x24,0x21,0x8a,0x01,0x01,0x0f,0x02,0x00,0x5d,0x0a,0xe2,0x2b,0x0f,0xfa,0x1a,
    0xe7,0x24,0xfb,0xde,0xe2,0x1d,0x0f,0x02,0x00,0x21,0x04,0x6c,0x17,0x2f,0x82,0x10,
    0x54,0x26,0x11,0x1f,0x7d,0xc2,0xbd,0x02,0x2f,0x2c,0x63,0x9e,0x0f,0x0f,0x06,0xb8,
    0x9a,0x02,0x02,0x00,0x0f,0x22,0x81,0x05,0x02,0x7a,0x0d,0x0f,0x5e,0x03,0xbb,0x02,
    0x10,0x0a,0x0f,0x24,0x01,0x05,0x0c,0xe4,0x8c,0x2e,0x04,0x21,0x98,0x33,0x0f,0x02,
    0x00,0x5d,0x08,0x18,0x27,0x0a,0x0c,0x8d,0x0f,0x02,0x00,0xd7,0xaf,0x3c,0xe7,0x8a,
    0x52,0x82,0x10,0x20,0x00,0x45,0x29,0xac,0x02,0x05,0x0f,0x02,0x00,0x0b,0x17,0x51,
    0x40,0xd5,0x2f,0x82,0x10,0x90,0x08,0x0f,0x0e,0x8a,0x4e,0x2f,0x04,0x21,0x74,0x4e,
    0x11,0x0a,0xba,0x54,0x08,0x42,0x0a,0x0f,0x02,0x00,0x01,0x0f,0xfa,0x3f,0xbb,0x0f,
    0x5a,0x03,0x0b,0x4c,0xff,0xff,0xba,0xd6,0xe2,0x2c,0x2f,0x24,0x21,0x7a,0x0d,0x25,
    0x6f,0x59,0xce,0x71,0x8c,0x71,0x8c,0x1e,0x2d,0x03,0x0f,0x02,0x00,0x1b,0x8f,0x3c,
    0xe7,0x6d,0x6b,0xc7,0x39,0x08,0x42,0x6c,0x8f,0x29,0x0f,0x02,0x00,0xa9,0x24,0xbe,
    0xf7,0xa0,0x18,0x0f,0x12,0xb6,0x23,0x28,0xdf,0xff,0x40,0x00,0x2f,0x00,0x00,0xc4,
    0x30,0x11,0x0a,0x80,0x06,0x04,0x3a,0x0d,0x0f,0x64,0x0d,0x07,0x0c,0x0e,0x0a,0x04,
    0x02,0x00,0x0f,0xda,0x15,0x0b,0x0f,0x5e,0x03,0xb5,0x04,0x82,0x07,0x0f,0x20,0x01,
    0x09,0x0c,0x20,0x21,0x0f,0x5e,0x03,0x27,0x06,0x16,0x20,0x0a,0x24,0x0f,0x0f,0x02,
    0x00,0xff,0x22,0x0a,0xa4,0xb5,0x2f,0x28,0x42,0x44,0x01,0x1d,0x42,0xdf,0xff,0x65,
    0x29,0xcc,0x01,0x02,0x02,0x00,0x0f,0x80,0x21,0x07,0x06,0x02,0x00,0x24,0x7d,0xef,
    0x72,0x0d,0x1f,0xc3,0xac,0xa2,0x14,0x08,0x68,0x0d,0x04,0x02,0x00,0x2f,0xe3,0x18,
    0x22,0x09,0x05,0x04,0x02,0x00,0x22,0xdf,0xff,0x9a,0x02,0x0f,0x1e,0x0a,0x9b,0x04,
    0xae,0x00,0x02,0xac,0x06,0x02,0x8e,0x2b,0x0f,0x58,0x03,0x09,0x02,0x02,0x00,0x0a,
    0xde,0x0c,0x02,0x02,0x00,0x0f,0xbc,0x06,0x1f,0x0a,0xe8,0x64,0x0f,0x00,0x0f,0x0f,
    0x0f,0x02,0x00,0x35,0x4f,0x7d,0xef,0x59,0xce,0x96,0x0c,0x29,0x0f,0x02,0x00,0x83,
    0x22,0xb2,0x94,0x88,0x01,0x02,0x02,0x00,0x0a,0xb6,0x22,0x0f,0x02,0x00,0x13,0x0a,
    0x18,0x32,0x0f,0x1e,0x17,0x05,0x0c,0x02,0x00,0x6f,0x75,0xad,0x30,0x84,0xd3,0x9c,
    0xb8,0x08,0x13,0x0a,0xe8,0x06,0x04,0x02,0x00,0x0f,0xa6,0x4e,0x11,0x04,0x5e,0x03,
    0x0f,0x32,0x14,0x99,0x02,0x50,0x03,0x04,0x08,0x00,0x0f,0x58,0x03,0x11,0x6a,0xff,
    0xff,0xff,0xff,0x5d,0xef,0x06,0x4d,0x02,0x02,0x00,0x2f,0x45,0x29,0x78,0x0d,0x1b,
    0x02,0xa2,0x03,0x04,0x60,0x0a,0x0f,0xbe,0x3f,0x55,0xbf,0xd3,0x9c,0x04,0x21,0x00,
    0x00,0x20,0x00,0x65,0x29,0x92,0x82,0x1e,0x00,0x0f,0x02,0x00,0xa7,0x08,0xb2,0x71,
    0x0f,0x3e,0x3f,0x03,0x0f,0x02,0x00,0x0d,0x26,0xba,0xd6,0x6a,0x2d,0x0e,0x0a,0x5b,
    0x4c,0xdb,0xde,0x18,0xc6,0x84,0x0d,0x0f,0x86,0x05,0x0f,0x08,0x02,0x00,0x0f,0xb4,
    0x06,0x01,0x0f,0xc8,0x10,0x07,0x0e,0x02,0x00,0x0f,0x60,0x03,0x9f,0x04,0x5e,0x03,
    0x2c,0xbe,0xf7,0xec,0x22,0x0f,0x02,0x00,0x09,0x08,0x3c,0x10,0x06,0x02,0x00,0x0f,
    0xbc,0x06,0x1b,0x0a,0x6c,0x01,0x0f,0x82,0x10,0x53,0x0a,0x5c,0x72,0x4f,0x82,0x10,
    0x8e,0x73,0xec,0x0d,0x31,0x0f,0x02,0x00,0x71,0x19,0xdf,0x30,0x32,0x0f,0x0c,0x06,
    0x11,0x0e,0x02,0x00,0x8c,0x1c,0xe7,0x4d,0x6b,0xe7,0x39,0x49,0x4a,0x0c,0x11,0xaa,
    0x9a,0xd6,0x8a,0x52,0x61,0x08,0x00,0x00,0xc3,0x18,0xbc,0x0b,0x0f,0x32,0x02,0x19,
    0x04,0x38,0x23,0x0a,0x02,0x00,0x0c,0x6a,0x00,0x0f,0x02,0x00,0x0b,0x04,0x5e,0x03,
    0x0f,0xc0,0x06,0x95,0x02,0x0e,0x0a,0x0f,0xb2,0x06,0x15,0x06,0x02,0x00,0x2f,0xfb,
    0xde,0xb2,0x3a,0x01,0x0f,0xbc,0x06,0x19,0x0a,0xa2,0x6d,0x0f,0x3a,0xd2,0x0d,0x0f,
    0x02,0x00,0x33,0x13,0xe7,0x74,0x48,0x08,0x02,0x00,0x2f,0x69,0x4a,0x68,0x39,0xb3,
    0xaf,0x3c,0xe7,0x8a,0x52,0x61,0x08,0x41,0x08,0x45,0x29,0x2c,0x0d,0x11,0x0f,0x02,
    0x00,0x17,0x28,0x71,0x8c,0x22,0x1e,0x0f,0x98,0x1f,0x23,0x0a,0xac,0x75,0x04,0x02,
    0x00,0x0f,0x5a,0x03,0x1b,0x02,0x02,0x00,0x02,0x02,0xc7,0x06,0xce,0x0c,0x0f,0x02,
    0x00,0x8b,0x02,0x08,0xbb,0x02,0xba,0x00,0x0f,0x02,0x00,0x19,0x0f,0xbc,0x06,0x2d,
    0x26,0xbe,0xf7,0x2c,0x88,0x0f,0x60,0xad,0x1d,0x0f,0x02,0x00,0x23,0x0c,0xca,0x5c,
    0x06,0x02,0x00,0x04,0xe4,0x12,0x0f,0x02,0x00,0xad,0x0f,0xe0,0x1a,0x2b,0x0e,0x02,
    0x00,0x24,0x5d,0xef,0xf4,0x1a,0x04,0x02,0x00,0x2e,0x65,0x29,0x26,0x00,0x0f,0x02,
    0x00,0x0d,0x0e,0x76,0x17,0x0f,0x0e,0x0a,0x1b,0x0a,0x02,0x00,0x02,0x92,0xc0,0x02,
    0x14,0x06,0x0f,0x5a,0x03,0x85,0x02,0x5c,0x07,0x0f,0xa4,0x11,0x0d,0x0f,0x02,0x00,
    0x09,0x0f,0xbc,0x06,0x03,0x1f,0x24,0xf0,0x1a,0x16,0xaf,0xdf,0xff,0x30,0x84,0x49,
    0x4a,0x28,0x42,0x30,0x84,0xdc,0x03,0x21,0x0f,0x02,0x00,0x21,0x0a,0xc0,0x21,0x08,
    0x02,0x00,0x2f,0x08,0x42,0x84,0x00,0x55,0x0f,0x02,0x00,0x97,0x2e,0x14,0xa5,0x60,
    0x73,0x0f,0xf4,0x42,0x05,0x0f,0x02,0x00,0x07,0x0f,0xb4,0x06,0x1d,0xaf,0xdf,0xff,
    0xef,0x7b,0x28,0x42,0x08,0x42,0x6d,0x6b,0x22,0x11,0x07,0x02,0x60,0x03,0x0f,0xbe,
    0x06,0x83,0x02,0x58,0x03,0x0f,0x30,0x0b,0x0d,0x6f,0x71,0x8c,0x28,0x42,0xe7,0x39,
    0x2e,0x37,0x01,0x04,0x02,0x00,0x0f,0xbc,0x06,0x03,0x0f,0x62,0x9f,0x1f,0x08,0x02,
    0x00,0x0f,0x96,0x00,0x0d,0x0f,0x02,0x00,0x29,0x0a,0xaa,0x16,0x0a,0x02,0x00,0x0f,
    0x1e,0x3d,0x33,0x0f,0x02,0x00,0xb5,0x1f,0xbe,0x9e,0x3f,0x04,0x0f,0xc0,0x35,0x03,
    0x0f,0x02,0x00,0x07,0x0f,0x5a,0x03,0x1d,0x08,0x1c,0x2a,0x2c,0x65,0x29,0x3e,0x11,
    0x0a,0x02,0x00,0x02,0x62,0x03,0x02,0xcc,0x02,0x0f,0x02,0x00,0x79,0x0f,0xa6,0x05,
    0x0f,0x15,0x8e,0xfa,0x40,0x1f,0xa2,0xe8,0x87,0x08,0x0f,0x5e,0x03,0x03,0x0f,0x96,
    0x0b,0x23,0x0c,0x02,0x00,0x5c,0xdf,0xff,0xff,0xff,0xfe,0x15,0x00,0x0f,0x02,0x00,
    0x2c,0x2f,0x34,0xa5,0xd6,0x43,0x03,0x0f,0x2e,0x1d,0x13,0x0f,0x02,0x00,0xd5,0x2a,
    0xf7,0xbd,0xee,0x1a,0x06,0x02,0x00,0x0f,0x54,0x1e,0x11,0x06,0x02,0x00,0x0f,0x5a,
    0x03,0x1f,0x06,0x76,0x02,0x0f,0xb0,0x14,0x03,0x0c,0x02,0x00,0x0f,0x60,0x03,0x7d,
    0x0f,0x58,0x03,0x0f,0x0c,0xb6,0x33,0x2f,0x24,0x21,0x3c,0x0a,0x07,0x2e,0xfb,0xde,
    0x92,0x17,0x0c,0x88,0x95,0x0f,0x02,0x00,0x15,0x0f,0x9a,0x00,0x03,0x0f,0x16,0x00,
    0x03,0x0f,0x02,0x00,0x25,0x3b,0x1c,0xe7,0x51,0x4a,0x65,0x02,0x02,0x00,0x0f,0x32,
    0x14,0xb5,0x0f,0x02,0x00,0x2f,0x06,0xd4,0x1f,0x0c,0x02,0x00,0x0f,0x06,0x2d,0x1b,
    0x0f,0x5a,0x03,0x03,0x0f,0x9e,0x03,0x09,0x0c,0x58,0x08,0x0f,0x04,0x1f,0x13,0x06,
    0x60,0x03,0x04,0x02,0x00,0x0f,0xc6,0x06,0x63,0x0f,0x12,0x14,0x15,0x19,0x92,0x8c,
    0x1c,0x04,0x24,0x17,0x0f,0xe6,0x02,0x03,0x0e,0xbc,0x06,0x0f,0x5c,0x03,0x22,0x12,
    0xf7,0xfe,0x2c,0x0f,0x14,0x0a,0x07,0x0f,0x1a,0x00,0x07,0x0f,0x02,0x00,0x1d,0x46,
    0x9e,0xf7,0x34,0xa5,0x4a,0x11,0x02,0x12,0x1a,0x0f,0xdc,0x00,0x03,0x0f,0x02,0x00,
    0xab,0x0f,0xd4,0x00,0x17,0x04,0x2a,0x00,0x2a,0x79,0xce,0x18,0x01,0x06,0x02,0x00,
    0x2f,0xe3,0x18,0xc2,0x2b,0x11,0x06,0x02,0x00,0x0f,0x5a,0x03,0x03,0x0f,0xc4,0x14,
    0x09,0x0e,0xfe,0x2b,0x0f,0xc0,0xc6,0x17,0x02,0x60,0x03,0x02,0x22,0x0a,0x02,0x02,
    0x00,0x0f,0x60,0x03,0x4d,0x0a,0x66,0x00,0x04,0x40,0x01,0x0f,0x02,0x00,0x11,0x0a,
    0xb0,0x7a,0x0f,0xf6,0x25,0x0d,0x2a,0x1c,0xe7,0xbc,0x06,0x0a,0x08,0x19,0x0f,0x02,
    0x00,0x13,0x0c,0x9e,0x00,0x71,0xde,0xef,0x5c,0xdf,0x5c,0xdf,0xde,0x72,0x03,0x04,
    0x02,0x00,0x01,0x24,0x00,0x09,0x12,0x00,0x0f,0x02,0x00,0x29,0xaf,0x38,0xc6,0x4d,
    0x6b,0xe3,0x18,0x82,0x10,0xc3,0x18,0xbe,0x2d,0x11,0x0f,0x02,0x00,0x9d,0x8f,0x30,
    0x84,0xe7,0x39,0x86,0x31,0x0c,0x63,0xa0,0x3a,0x19,0x32,0x92,0x94,0x20,0xed,0x01,
    0x0d,0x02,0x00,0x2f,0x0c,0x63,0xfc,0x0c,0x0b,0x0c,0x02,0x00,0x0f,0x5a,0x03,0x03,
    0x0f,0x76,0x17,0x0b,0x0a,0x86,0x37,0x0f,0x74,0x02,0x0d,0x0e,0x02,0x00,0x22,0xdf,
    0xff,0xf6,0xcc,0x06,0x64,0x03,0x02,0x0c,0x00,0x0f,0x02,0x00,0x09,0x02,0x22,0x03,
    0x0f,0x02,0x00,0x01,0x0f,0x36,0x00,0x13,0x0f,0xae,0x06,0x17,0x06,0x02,0x00,0x2c,
    0x5d,0xef,0x24,0x12,0x0f,0xe8,0x6d,0x0b,0x26,0x1c,0xe7,0xbc,0x1c,0x2f,0xa6,0x31,
    0x88,0x01,0x1b,0x04,0x02,0x00,0xf9,0x14,0xbe,0xe7,0x7b,0xc7,0xd8,0xa6,0xd6,0x86,
    0xf1,0x55,0xd0,0x55,0xd1,0x55,0xcf,0x35,0x6d,0x25,0x4d,0x25,0xcf,0x3d,0x11,0x56,
    0xd1,0x5d,0xf2,0x5d,0xd6,0x86,0xd8,0xa6,0x7b,0xcf,0x9e,0xdc,0x4b,0x0f,0x02,0x00,
    0x27,0x06,0x02,0x07,0x4f,0x7d,0xef,0xfb,0xde,0x90,0x12,0x07,0x0f,0x02,0x00,0xa7,
    0x06,0xdc,0x02,0x2f,0x82,0x10,0xc0,0x24,0x13,0x2a,0x1c,0xe7,0xf6,0x24,0x06,0x02,
    0x00,0x2f,0xa2,0x10,0x4e,0x2b,0x0b,0x0e,0x02,0x00,0x06,0x7e,0x00,0x08,0x02,0x00,
    0x0f,0x5a,0x03,0x0b,0x0c,0x2a,0x09,0x0f,0xe8,0xac,0x27,0x02,0xfc,0x08,0x02,0x0a,
    0x1b,0x0f,0x24,0x03,0x0b,0x0f,0x02,0x00,0x1b,0x02,0x58,0x1b,0x02,0x54,0x00,0x02,
    0xba,0x1a,0x01,0xec,0x05,0x0f,0x02,0x00,0x20,0x0e,0xec,0x00,0x0f,0x52,0x7f,0x0b,
    0xaf,0xdf,0xff,0xd3,0x9c,0xaa,0x52,0x69,0x4a,0xef,0x7b,0x4a,0x57,0x0b,0xa1,0xdf,
    0xff,0xbf,0xff,0xff,0xff,0xff,0xf7,0xff,0xf7,0x06,0x00,0x01,0x9a,0x00,0xf1,0x21,
    0x5b,0xcf,0xf7,0x9e,0xb3,0x56,0x8d,0x2d,0x8c,0x15,0x49,0x05,0xa9,0x05,0xc9,0x05,
    0x89,0x05,0x69,0x05,0xca,0x05,0x0b,0x06,0xeb,0x05,0xca,0x05,0x8a,0x05,0xaa,0x05,
    0x8a,0x05,0x6a,0x05,0x4a,0x05,0xac,0x0d,0xcd,0x25,0x93,0x5e,0x38,0x9f,0x5b,0xd7,
    0x35,0x00,0x09,0x02,0x00,0x0f,0xe6,0x00,0x25,0x0f,0x02,0x00,0xc3,0x0a,0xe6,0x83,
    0x0f,0xf4,0x22,0x11,0x2f,0x34,0xa5,0x0e,0x57,0x05,0x0f,0x64,0x70,0x1f,0x0f,0x38,
    0x28,0x03,0x0f,0x5a,0x03,0x0b,0x28,0xdb,0xde,0xa2,0x1e,0x02,0x36,0xb6,0x04,0x1e,
    0x47,0x0f,0x02,0x00,0x25,0x06,0xc8,0x06,0x2f,0x7d,0xef,0x46,0x03,0x1b,0x08,0x02,
    0x00,0x02,0x4e,0x03,0x08,0x42,0x00,0x13,0xbe,0xb6,0x02,0x0f,0x02,0x00,0x29,0x0e,
    0x1a,0x52,0x0f,0x3e,0x21,0x2f,0x01,0x54,0x04,0x52,0xf7,0xff,0xf7,0xff,0xf7,0x0e,
    0x03,0xf2,0x03,0xde,0xef,0xd7,0xa6,0xf1,0x4d,0x8d,0x0d,0x8b,0x05,0x8a,0x05,0xcb,
    0x05,0xeb,0x05,0x2b,0x06,0x02,0x00,0x12,0x0b,0x02,0x00,0x11,0x0e,0x06,0x00,0x03,
    0x02,0x00,0xf1,0x00,0x0a,0x06,0xea,0x05,0x69,0x05,0x4b,0x05,0x6d,0x1d,0xb1,0x4d,
    0xd8,0xa6,0xdf,0xe2,0x00,0x02,0x46,0x00,0x37,0xfe,0xff,0xde,0xe9,0x00,0x02,0x14,
    0x00,0x0f,0x02,0x00,0xe9,0x0a,0xdc,0x9d,0x2f,0xc7,0x39,0x0c,0x01,0x0b,0x0f,0x70,
    0x17,0x05,0x0f,0x0e,0x57,0x0f,0x0f,0x02,0x00,0x01,0x0f,0x5a,0x03,0x21,0x0f,0x36,
    0x00,0x01,0x2f,0xb6,0xb5,0xca,0x01,0x03,0x4f,0x9e,0xf7,0x18,0xc6,0xbe,0x8e,0x19,
    0x02,0xc2,0x06,0x0c,0x02,0x00,0x04,0x2c,0x03,0x04,0x3a,0x03,0x0f,0x02,0x00,0x07,
    0x02,0x3a,0x00,0x04,0xa8,0x06,0x0f,0x5c,0x02,0x19,0x4f,0x79,0xce,0xf7,0xbd,0x3a,
    0x3c,0x05,0x0e,0x1c,0xf8,0x2f,0x20,0x00,0xbe,0x0b,0x19,0x0f,0x02,0x00,0x01,0x11,
    0xdf,0xb2,0x06,0x02,0xa2,0x00,0xf3,0x06,0x9b,0xcf,0x74,0x86,0xaf,0x35,0x8b,0x05,
    0xab,0x05,0x0c,0x06,0x0c,0x0e,0xec,0x0d,0xec,0x0d,0xec,0x0d,0x0c,0x48,0x03,0x0f,
    0x02,0x00,0x03,0xf2,0x03,0x0c,0x0e,0xcb,0x15,0x0b,0x06,0x4b,0x06,0xeb,0x05,0x2b,
    0x05,0x6e,0x45,0x56,0x8e,0xbe,0xe7,0x64,0x00,0x1f,0xfe,0xac,0x17,0x3e,0x0f,0x02,
    0x00,0xab,0x0a,0x50,0x26,0x0f,0xf0,0x67,0x0b,0x1f,0xd7,0x70,0x17,0x06,0x2f,0x86,
    0x31,0x3c,0x15,0x19,0x02,0xd4,0x01,0x0f,0x5a,0x03,0x03,0x0f,0x34,0x39,0x0f,0x0a,
    0x3e,0x36,0x04,0x68,0x97,0x02,0x54,0x00,0x08,0x02,0x00,0x04,0xbc,0x57,0x2f,0x24,
    0x21,0xaa,0x26,0x21,0x01,0xda,0x05,0x01,0x6c,0xe2,0x06,0x9a,0x0d,0x0f,0x02,0x00,
    0x07,0x04,0x50,0x03,0x08,0x80,0x00,0x0f,0x02,0x00,0x15,0x04,0x80,0x33,0x2f,0x82,
    0x10,0x7c,0x10,0x05,0x08,0x02,0x8b,0x02,0x02,0x00,0x0f,0xa8,0x01,0x0b,0x0f,0x02,
    0x00,0x10,0x12,0xf7,0xfc,0x03,0xff,0x07,0xde,0xe7,0x75,0x6e,0x8d,0x15,0x89,0x05,
    0xeb,0x05,0x4c,0x06,0x4b,0x06,0x0b,0x0e,0xcb,0x15,0xec,0x05,0xeb,0x05,0x52,0x03,
    0x03,0x08,0x02,0x00,0x11,0x4b,0xd8,0x06,0xd7,0x2c,0x06,0x0c,0x06,0xaa,0x05,0x4a,
    0x05,0x6d,0x2d,0x55,0x96,0xfe,0xc0,0x06,0x0f,0x02,0x00,0xf5,0x28,0x3c,0xe7,0xc6,
    0x1b,0x0f,0x6e,0x08,0x09,0x0a,0xa8,0x73,0x08,0x02,0x00,0x0f,0x0e,0x57,0x15,0x08,
    0x02,0x00,0x0f,0x5a,0x03,0x03,0x0f,0x76,0x17,0x09,0x04,0x02,0x00,0x0a,0x32,0x23,
    0x19,0xa6,0xda,0x55,0x06,0x02,0x00,0x0a,0x3a,0x0a,0x0f,0x5a,0x59,0x2f,0x0f,0x38,
    0x03,0x23,0x0f,0x02,0x00,0x0f,0x19,0xdf,0xf4,0x09,0x04,0x9a,0x47,0x0c,0x02,0x00,
    0x0c,0x50,0x26,0x0f,0xe4,0x18,0x1d,0x0c,0x02,0x00,0x02,0xce,0x00,0xf7,0x01,0x18,
    0x97,0xee,0x1d,0x2b,0x05,0xcc,0x05,0x2b,0x06,0xeb,0x0d,0xcb,0x15,0xeb,0x0d,0x06,
    0x0a,0x0f,0x02,0x00,0x0c,0xf4,0x07,0xeb,0x0d,0xeb,0x0d,0xcb,0x15,0xcb,0x0d,0xeb,
    0x0d,0x0b,0x06,0x4a,0x06,0xe9,0x05,0x48,0x05,0xee,0x2d,0x39,0x97,0x58,0x00,0x0f,
    0x02,0x00,0xf7,0x24,0xf7,0xbd,0x8c,0x12,0x0f,0xbe,0x33,0x07,0x2a,0x9a,0xd6,0xd2,
    0x02,0x06,0x02,0x00,0x2f,0xc3,0x18,0x4a,0x2f,0x21,0x0f,0x28,0x95,0x03,0x0f,0x68,
    0x0d,0x0b,0x04,0x02,0x00,0x08,0x80,0x36,0x0f,0x4e,0xca,0x07,0x0a,0x7a,0x1b,0x0e,
    0x0a,0x33,0x0f,0x02,0x00,0x75,0x0a,0xf0,0x0e,0x0f,0x64,0xcc,0x05,0x2a,0x9e,0xf7,
    0x5e,0x17,0x0f,0xec,0x45,0x2f,0xf1,0x06,0x9c,0xcf,0x12,0x56,0x6b,0x05,0xcb,0x05,
    0x0d,0x0e,0x0c,0x0e,0x2b,0x06,0x0c,0x0e,0xeb,0x0d,0xeb,0x15,0xeb,0x2c,0x03,0x03,
    0x3c,0x03,0x0f,0xc0,0x06,0x08,0x24,0xeb,0x0d,0x2a,0x00,0x04,0x0a,0x00,0x84,0x4b,
    0x06,0xc9,0x05,0x4a,0x05,0x33,0x6e,0x1e,0x0a,0x0f,0x02,0x00,0xf7,0x6f,0x1c,0xe7,
    0x14,0xa5,0xb2,0x94,0xd6,0x09,0x07,0x1f,0xb2,0x70,0x17,0x06,0x22,0xeb,0x5a,0xe8,
    0x15,0x02,0x62,0x08,0x0f,0x02,0x00,0x17,0x1f,0x2c,0xee,0x2e,0x00,0x0f,0x5a,0x03,
    0x13,0x08,0x92,0x21,0x0f,0x48,0x1b,0x09,0x0a,0xdc,0xf6,0x0f,0x48,0x14,0x25,0x0f,
    0x02,0x00,0x4f,0x0c,0xf0,0x09,0x0f,0x4e,0x12,0x05,0x0e,0x8e,0x04,0x2f,0x45,0x29,
    0x9e,0x00,0x21,0x02,0xb2,0x06,0x51,0x58,0x9f,0x6d,0x1d,0x4a,0x60,0x0d,0xb3,0x2b,
    0x06,0x0c,0x06,0xec,0x0d,0x0c,0x06,0x0c,0x06,0x0c,0x2a,0x03,0x02,0x38,0x03,0x0f,
    0x5c,0x03,0x09,0x37,0x0b,0x06,0x2c,0xe2,0x06,0xf2,0x01,0x0c,0x06,0xec,0x05,0xeb,
    0x0d,0x0b,0x0e,0xea,0x05,0x68,0x05,0xcd,0x2d,0x5a,0xc7,0x7c,0x1e,0x0f,0x9c,0x00,
    0x21,0x0f,0x02,0x00,0xdd,0x2e,0x3c,0xe7,0x90,0x08,0x02,0x02,0x00,0x15,0x61,0xcc,
    0x67,0x02,0x9c,0x0c,0x0f,0x1a,0x01,0x19,0x0e,0xa0,0x1a,0x0f,0x5a,0x03,0x17,0x02,
    0x0c,0x24,0x4f,0x14,0xa5,0x34,0xa5,0x12,0x19,0x09,0x0a,0xbc,0x16,0x0f,0xca,0x0c,
    0x05,0x0f,0x02,0x00,0x6f,0x1b,0xf7,0xf0,0xd9,0x0f,0x8a,0x07,0x07,0x0a,0xe4,0x25,
    0x0f,0xe8,0x25,0x13,0x08,0x02,0x00,0x15,0xde,0x0d,0x00,0xb1,0x94,0x7e,0x4a,0x05,
    0x6a,0x05,0xec,0x05,0x0c,0x06,0x0b,0x54,0x03,0x02,0xac,0x06,0x0f,0x02,0x00,0x19,
    0x04,0x94,0x0d,0x43,0xeb,0x05,0xeb,0x0d,0xe8,0x06,0xb2,0x0d,0x0b,0x06,0x2b,0x06,
    0xe9,0x05,0x69,0x05,0xb5,0x8e,0x12,0x02,0x1f,0xfe,0x06,0x1b,0x34,0x0f,0x02,0x00,
    0xbf,0x02,0x2c,0x03,0x24,0x34,0xa5,0x30,0x0a,0x0c,0x02,0x00,0x22,0x49,0x4a,0xd8,
    0x12,0x02,0x58,0x03,0x02,0x2e,0x00,0x0f,0x02,0x00,0x17,0x15,0xae,0x82,0x2a,0x02,
    0x02,0x00,0x0f,0x5a,0x03,0x1b,0x0f,0x02,0x00,0x11,0x26,0x5d,0xef,0x36,0x38,0x2f,
    0xc3,0x18,0xe8,0x3e,0x05,0x3f,0x38,0xc6,0xd7,0xa0,0x13,0x06,0x0f,0x02,0x00,0x37,
    0x62,0x9e,0xf7,0xd7,0xbd,0xd7,0xbd,0xe2,0x07,0x0c,0x02,0x00,0x1d,0xfb,0x52,0x18,
    0x0f,0x74,0x0d,0x05,0x0c,0x04,0x48,0x0f,0xb8,0x71,0x20,0x01,0x70,0x10,0xa1,0xb4,
    0x6e,0xe9,0x04,0x8b,0x05,0xec,0x0d,0xec,0x05,0xae,0x06,0x2f,0x0e,0x0c,0x5c,0x0d,
    0x0c,0x08,0x02,0x00,0x73,0xeb,0x05,0xeb,0x0d,0xcb,0x0d,0xcb,0xe8,0x06,0x59,0x0c,
    0x06,0x0c,0x06,0xec,0xfa,0x10,0x8f,0x0c,0x06,0xcb,0x05,0x4a,0x05,0xb5,0x76,0xbc,
    0x06,0xff,0x0e,0x0f,0x70,0x17,0x07,0x06,0x4a,0x0f,0x0f,0x5a,0x03,0x23,0x39,0xff,
    0xff,0xdb,0x46,0xba,0x0f,0x5a,0x03,0x3f,0x02,0x64,0x00,0xa2,0x69,0x4a,0xa2,0x10,
    0x82,0x10,0x28,0x42,0xba,0xd6,0x12,0x00,0x0a,0x02,0x00,0x22,0x1c,0xe7,0x00,0x3b,
    0x0f,0xa0,0x13,0x07,0x0f,0x02,0x00,0x33,0x22,0xf7,0xbd,0x6c,0x6c,0x0f,0x38,0x4e,
    0x05,0x0c,0x68,0x3d,0x0f,0x92,0x2b,0x07,0x0e,0x38,0x4d,0x3f,0xa2,0x10,0x7d,0x1e,
    0x06,0x16,0x01,0xd0,0x2e,0x61,0xf7,0xb0,0x5d,0x49,0x05,0x0a,0x52,0x03,0x03,0x02,
    0x00,0x0f,0x5c,0x03,0x1a,0x02,0x5e,0x03,0x0f,0xf6,0x10,0x07,0xa4,0x0c,0x06,0x2d,
    0x06,0x2b,0x06,0x49,0x05,0xf1,0x5d,0x8a,0x14,0x0f,0x02,0x00,0xff,0x02,0x0f,0x70,
    0x17,0x07,0x2f,0xa6,0x31,0x64,0x33,0x31,0x9f,0x79,0xce,0x49,0x4a,0xc3,0x18,0xc3,
    0x18,0xaa,0x76,0xa6,0x46,0x02,0xb0,0x45,0x0f,0x38,0x0a,0x05,0x0a,0x4a,0x4e,0x0f,
    0xbc,0x28,0x09,0x0f,0x02,0x00,0x2b,0x42,0xdb,0xde,0x61,0x08,0x64,0x06,0x0f,0x80,
    0x10,0x05,0x2c,0x3c,0xe7,0x0c,0x1f,0x0f,0xde,0x4f,0x07,0x0a,0x8e,0x1c,0x0f,0x4a,
    0x0e,0x1b,0xe4,0xdf,0xff,0xff,0xff,0xf0,0x4d,0x49,0x05,0xeb,0x05,0x0b,0x0e,0x2b,
    0x06,0xae,0x06,0x2a,0xec,0x05,0x7a,0x06,0x0f,0x02,0x00,0x05,0x04,0xfe,0x09,0x11,
    0x0b,0x7e,0x17,0xca,0xea,0x05,0xea,0x05,0xea,0x0d,0xea,0x0d,0xea,0x0d,0x0a,0x0e,
    0x32,0x00,0xaf,0x0c,0x06,0xeb,0x0d,0x0a,0x06,0x69,0x05,0x33,0x66,0x38,0x01,0x2b,
    0x0f,0x02,0x00,0xc7,0x0a,0x66,0x13,0x08,0x02,0x00,0x2f,0xae,0x73,0xf6,0x00,0x37,
    0x19,0x5d,0x7c,0xd8,0x6f,0x38,0xc6,0xcf,0x7b,0x6d,0x6b,0x06,0x18,0x09,0x0f,0x02,
    0x00,0x39,0x0a,0x1c,0x10,0x2f,0xe7,0x39,0x5c,0x00,0x05,0x4f,0xdb,0xde,0xd7,0xbd,
    0xf8,0x06,0x03,0x04,0x02,0x00,0x6f,0x3c,0xe7,0xf7,0xbd,0x59,0xce,0x16,0x0b,0x05,
    0x0a,0x4a,0x01,0x0e,0xf4,0xb2,0x0c,0xa2,0x62,0x0f,0x8e,0x00,0x0b,0x0f,0xfe,0x5b,
    0x01,0x0f,0x18,0x04,0x17,0x82,0x54,0x86,0x69,0x05,0x4b,0x06,0xeb,0x15,0x24,0x0d,
    0x13,0x0b,0x6e,0x0d,0x04,0x66,0x03,0x0f,0x02,0x00,0x0d,0x22,0xeb,0x05,0x02,0x00,
    0x73,0xcb,0x05,0xaa,0x05,0xca,0x05,0xca,0x06,0x00,0x51,0x0a,0x06,0xea,0x05,0xcb,
    0x74,0x0d,0x04,0x02,0x00,0xa2,0xab,0x1d,0xeb,0x0d,0x2b,0x06,0x2a,0x05,0xb6,0x96,
    0xde,0x00,0x0f,0x02,0x00,0xf9,0x26,0x9a,0xd6,0x42,0x41,0x0a,0x02,0x00,0x04,0xd6,
    0x08,0x0f,0x48,0x02,0x05,0x0f,0x02,0x00,0x29,0x06,0x7c,0x10,0x2f,0x28,0x42,0x0a,
    0x27,0x0b,0x0f,0x02,0x00,0x1d,0x0f,0xae,0x00,0x03,0x0a,0x6c,0x48,0x0f,0xa4,0x3b,
    0x03,0xcf,0xdf,0xff,0x2c,0x63,0x41,0x08,0x00,0x00,0x20,0x00,0xaa,0x52,0x94,0x00,
    0x05,0x22,0x71,0x8c,0x20,0x1c,0x2f,0xa6,0x31,0x44,0x1b,0x03,0x0f,0xb0,0x14,0x11,
    0x0a,0xe8,0x03,0x0f,0x56,0x3a,0x0b,0x1b,0x5d,0xac,0x5a,0x0f,0x8e,0x67,0x17,0xb1,
    0x75,0x8e,0x4a,0x05,0x2b,0x06,0x0b,0x0e,0x2b,0x06,0x2c,0x62,0x0d,0x32,0xeb,0x05,
    0xeb,0x72,0x0d,0x01,0x0e,0x00,0x0f,0x02,0x00,0x09,0x02,0x34,0x14,0xf1,0x0c,0x2b,
    0x06,0xca,0x05,0x8a,0x05,0xcc,0x25,0x2e,0x3e,0x90,0x56,0xd3,0x66,0x15,0x77,0xf4,
    0x76,0xb3,0x66,0x51,0x46,0x10,0x36,0xed,0x1d,0xca,0x76,0x28,0x02,0xe2,0x10,0x11,
    0x2b,0xb2,0x03,0x8f,0x2c,0x06,0xcb,0x05,0x09,0x0d,0x98,0xb6,0xac,0x01,0x1d,0x0f,
    0x02,0x00,0xcb,0x0f,0x12,0x3a,0x07,0x04,0x70,0x17,0x0f,0x02,0x00,0x41,0x28,0xb2,
    0x94,0xc6,0x03,0x0f,0x8e,0x1a,0x51,0x0a,0x2c,0x6c,0x0f,0xfe,0x35,0x03,0x17,0xcf,
    0xe2,0xfc,0x2f,0xcb,0x5a,0xf8,0x00,0x01,0x08,0xa2,0x03,0x2f,0x04,0x21,0x80,0x03,
    0x01,0x06,0x34,0x04,0x0f,0x08,0xbd,0x01,0x04,0x02,0x00,0x0a,0xce,0x04,0x2f,0x45,
    0x29,0x10,0x04,0x03,0x02,0x02,0x00,0x08,0x74,0x00,0x02,0x02,0x00,0x0f,0xbe,0x00,
    0x03,0x06,0x50,0x10,0xc6,0x9f,0xff,0xff,0xff,0x79,0xa7,0x2a,0x05,0xcb,0x05,0x2b,
    0x0e,0x10,0x0a,0x04,0xec,0x13,0x0f,0x02,0x00,0x0f,0xf1,0x03,0xeb,0x0d,0xeb,0x05,
    0xca,0x05,0xcb,0x05,0xed,0x2d,0xb3,0x76,0x58,0xaf,0xbc,0xd7,0xfd,0xe7,0xe4,0x2b,
    0xf2,0x08,0xf7,0xfe,0xe7,0xdd,0xd7,0x7c,0xcf,0x79,0xaf,0xf4,0x76,0xef,0x2d,0x8b,
    0x05,0xaa,0x05,0x0a,0x06,0x2a,0x06,0x0b,0x06,0x24,0x11,0x64,0x2c,0x06,0xea,0x05,
    0x2c,0x1d,0xd0,0x2b,0x0f,0xd0,0x00,0x09,0x0f,0x02,0x00,0xd3,0x0f,0xe0,0x2e,0x07,
    0x2f,0x82,0x10,0x1c,0x92,0x27,0x0f,0x02,0x00,0x0f,0x0c,0xb8,0x05,0x0c,0x16,0x6f,
    0x0f,0x02,0x00,0x15,0x0f,0xc2,0x01,0x1b,0x08,0xf8,0x46,0x0f,0x70,0x36,0x01,0x0a,
    0x08,0x0d,0x2f,0x41,0x08,0x6c,0x14,0x01,0x0a,0xae,0xd2,0x2e,0xf3,0x9c,0xaa,0x00,
    0x26,0x7d,0xef,0xf6,0x1d,0x0f,0xb0,0x14,0x07,0x0a,0xe0,0xe6,0x1f,0xeb,0xc8,0x03,
    0x02,0x06,0x02,0x00,0x0e,0x86,0x30,0x0f,0x8a,0x3a,0x08,0x01,0x8e,0x2b,0x82,0x9c,
    0xd7,0x4d,0x1d,0xab,0x05,0xec,0x0d,0x58,0x06,0x4f,0xeb,0x0d,0xeb,0x05,0x0a,0x0a,
    0x13,0xf4,0x01,0xeb,0x0d,0xcb,0x0d,0x2b,0x06,0x0b,0x06,0x6a,0x05,0xad,0x3d,0xf5,
    0x86,0xba,0xbf,0x58,0x17,0x0b,0x1a,0x16,0xa2,0xef,0xbb,0xaf,0xf5,0x76,0xcd,0x2d,
    0xaa,0x05,0x2b,0x78,0x1e,0xcf,0x0d,0x0c,0x0e,0x0c,0x06,0x2c,0x06,0x6a,0x05,0x4e,
    0x35,0xde,0x6c,0x11,0x16,0x0f,0x02,0x00,0xc9,0x42,0xd7,0xbd,0xe3,0x18,0x08,0x05,
    0x0c,0x02,0x00,0x36,0x28,0x42,0xdb,0x1d,0x19,0x0b,0x02,0x00,0xff,0x03,0xba,0xd6,
    0xd3,0x9c,0xcf,0x7b,0x30,0x84,0x6d,0x6b,0xcf,0x7b,0x51,0x8c,0x30,0x84,0xb6,0xb5,
    0xba,0x12,0x17,0x02,0x02,0x00,0x2c,0xba,0xd6,0x58,0x2f,0x0f,0x32,0x2c,0x0d,0x0f,
    0x02,0x00,0x0b,0x0f,0x7e,0x38,0x15,0xaf,0xdf,0xff,0x8e,0x73,0xe3,0x18,0xa2,0x10,
    0xa6,0x31,0x18,0x33,0x03,0x0c,0xda,0x3c,0x0e,0x96,0x28,0x17,0x7d,0xe8,0x17,0x0f,
    0xde,0xc0,0x07,0xaf,0x3c,0xe7,0xaa,0x52,0xc3,0x18,0xa2,0x10,0x8a,0x52,0x46,0x01,
    0x07,0x08,0xe0,0x06,0x0f,0x5e,0x50,0x0f,0x26,0x9e,0xf7,0x60,0x18,0x04,0x02,0x00,
    0x0f,0xfa,0x1f,0x04,0x02,0xea,0x2e,0x65,0xef,0x10,0x3e,0x09,0x05,0x2c,0x12,0x14,
    0x02,0xe4,0x09,0x0f,0x02,0x00,0x11,0xb3,0xcb,0x0d,0xcc,0x15,0xeb,0x05,0xec,0x05,
    0x30,0x4e,0x59,0x14,0x1e,0x02,0xc0,0x04,0x04,0x08,0x00,0x06,0x1c,0x07,0xf2,0x0b,
    0xff,0xf7,0x99,0xaf,0x51,0x4e,0xab,0x0d,0xea,0x05,0x0b,0x0e,0xeb,0x15,0xeb,0x15,
    0xec,0x0d,0xec,0x0d,0x2c,0x06,0x8a,0x05,0x73,0x6e,0x26,0x00,0x0f,0x02,0x00,0xe7,
    0x2e,0xbe,0xf7,0x9a,0x1c,0x04,0x02,0x00,0x0f,0x70,0x19,0x05,0x6e,0x9a,0xd6,0xef,
    0x7b,0xa6,0x31,0x22,0x39,0x4e,0xe3,0x18,0x0c,0x63,0x88,0x02,0x0f,0x02,0x00,0x05,
    0x0c,0x78,0xab,0x02,0xae,0x7f,0x0f,0x2e,0x00,0x05,0x0f,0x02,0x00,0x0d,0x8f,0xf7,
    0xbd,0x69,0x4a,0x24,0x21,0x86,0x31,0xc8,0x05,0x08,0x09,0x02,0x00,0x3f,0x9e,0xf7,
    0x5d,0x58,0x05,0x06,0x0c,0x5c,0xec,0x2c,0xd3,0x9c,0x1a,0x07,0x0c,0x9c,0x1a,0x29,
    0x8a,0x52,0x5d,0x00,0x07,0x02,0x00,0x0f,0x32,0xea,0x03,0x0a,0x02,0x00,0x8f,0xd7,
    0xbd,0x4d,0x6b,0xeb,0x5a,0x51,0x8c,0x92,0x00,0x07,0x06,0x02,0x00,0x0c,0x2a,0x25,
    0x0f,0xa4,0x0d,0x03,0x22,0xdf,0xff,0x02,0x32,0x37,0x37,0x97,0x69,0x66,0x21,0x02,
    0x92,0x10,0x0f,0x5a,0x03,0x11,0x02,0x26,0x00,0x62,0x8c,0x15,0x32,0x6e,0xdb,0xdf,
    0x7c,0x00,0x05,0x54,0x03,0x12,0xf7,0x16,0x0a,0x03,0x02,0x00,0x01,0xd6,0x2c,0x71,
    0xff,0xff,0xfd,0xcf,0xb3,0x5e,0xaa,0xa2,0x32,0xf2,0x00,0xeb,0x0d,0xec,0x0d,0x0c,
    0x06,0x4b,0x06,0x0b,0x06,0x2a,0x05,0x39,0xb7,0xff,0x2c,0x36,0x0f,0x02,0x00,0xe2,
    0x2f,0x79,0xce,0x50,0x46,0x05,0x2f,0xa6,0x31,0x10,0x05,0x03,0x3f,0xba,0xd6,0x4d,
    0xb4,0xb3,0x0a,0x4f,0x00,0x00,0xa6,0x31,0xd2,0x2e,0x0f,0x0f,0x24,0x13,0x01,0x0f,
    0x7e,0x09,0x05,0x0f,0x02,0x00,0x11,0x26,0xf7,0xbd,0xea,0x03,0x0f,0x42,0x38,0x0b,
    0x0f,0x02,0x00,0x11,0x0a,0x78,0x1a,0x4c,0x20,0x00,0xf7,0xbd,0x5c,0x03,0x42,0xbe,
    0xf7,0xa6,0x31,0x0e,0x04,0x02,0x02,0x00,0x2f,0x24,0x21,0xb4,0x07,0x1d,0x0f,0x02,
    0x00,0x27,0x0a,0xd4,0x25,0x0f,0x92,0x04,0x03,0x02,0x00,0x39,0x53,0xde,0xef,0xae,
    0x35,0xaa,0xe2,0x1d,0x01,0xa0,0x24,0x07,0x68,0x03,0x0f,0x02,0x00,0x0b,0x92,0xeb,
    0x0d,0x0b,0x06,0xcb,0x05,0x31,0x66,0x9c,0x80,0x04,0x01,0x7a,0x1e,0x06,0x02,0x00,
    0x05,0xdc,0x1c,0x01,0x60,0x39,0x02,0x76,0x03,0x51,0xfd,0xcf,0x71,0x56,0xab,0x46,
    0x0a,0x03,0x18,0x25,0x86,0x0e,0x8a,0x05,0xef,0x35,0xde,0xf7,0xbf,0x37,0x00,0x0f,
    0x02,0x00,0xda,0x0f,0xee,0x85,0x1d,0x46,0xdf,0xff,0xae,0x73,0xc4,0x02,0x0f,0x02,
    0x00,0x09,0x2f,0x08,0x42,0x9a,0x03,0x03,0x06,0x02,0x00,0x0a,0xc4,0x10,0x02,0x02,
    0x00,0x0f,0xf4,0x06,0x17,0x0a,0x02,0x00,0x2a,0xbe,0xf7,0xd4,0x0a,0x0e,0xa0,0x81,
    0x0f,0x02,0x00,0x1b,0x0a,0xf4,0x28,0x2f,0xa2,0x10,0x2a,0x1b,0x01,0x0a,0xfa,0x0c,
    0x2f,0xc3,0x18,0x74,0x06,0x11,0x0f,0x02,0x00,0x33,0x0a,0xa0,0x1b,0x02,0x02,0x00,
    0x2c,0x75,0xad,0x5c,0x00,0xff,0x03,0xdf,0xff,0xff,0xff,0x74,0x76,0x2a,0x05,0xec,
    0x05,0x0a,0x06,0x0a,0x06,0xeb,0x0d,0xec,0x05,0xd0,0x1a,0x15,0x02,0xe0,0x06,0x6c,
    0xaa,0x05,0x2f,0x46,0xdb,0xcf,0x56,0x00,0x0a,0x02,0x00,0x31,0xdf,0xff,0xfe,0x60,
    0x03,0x02,0xdb,0x06,0x61,0xbc,0xcf,0x2f,0x2e,0xea,0x05,0x38,0x1b,0xb2,0x0d,0xcc,
    0x15,0x0b,0x06,0x6b,0x06,0x69,0x05,0xf6,0x86,0x8a,0x00,0x0f,0x02,0x00,0xdb,0x2f,
    0xdb,0xde,0xe0,0x2e,0x05,0x22,0xe3,0x18,0x78,0x06,0x22,0xdf,0xff,0x34,0x01,0x04,
    0x02,0x00,0x22,0x7d,0xef,0xce,0x20,0x0f,0x02,0x00,0x13,0x22,0x20,0x00,0x46,0x00,
    0x0f,0x02,0x00,0x03,0x2a,0xdf,0xff,0xf8,0x05,0x0f,0x4a,0x13,0x09,0x0f,0x02,0x00,
    0x0f,0x0c,0x58,0x1d,0x0f,0xb0,0x32,0x11,0x0f,0x02,0x00,0x09,0x0a,0x1a,0x06,0x0f,
    0x5c,0x03,0x03,0x08,0x3c,0x7d,0x0f,0x52,0x21,0x09,0x0f,0x02,0x00,0x13,0x0c,0x6c,
    0x01,0x0f,0x02,0x00,0x0b,0x0e,0xa6,0x21,0x0d,0x6e,0x55,0x92,0xf7,0xff,0xff,0x9b,
    0xdf,0x8c,0x15,0xcb,0x05,0xfa,0x1d,0x3f,0xeb,0x0d,0xeb,0x5c,0x03,0x18,0x75,0x0b,
    0x06,0x0a,0x06,0xcd,0x35,0x39,0x73,0x06,0x04,0x08,0x02,0xf2,0x04,0xfe,0xdf,0x39,
    0xb7,0xd7,0x96,0xf7,0x96,0xf7,0x96,0xf8,0x9e,0x5a,0xbf,0xfe,0xdf,0xff,0xff,0xfe,
    0x24,0x02,0x03,0xd8,0x06,0xf2,0x08,0x38,0x9f,0x0e,0x16,0xea,0x05,0xeb,0x0d,0xec,
    0x0d,0xcc,0x15,0x2b,0x06,0x4b,0x06,0xca,0x05,0x0f,0x26,0xfe,0xe7,0xbf,0x24,0x00,
    0x0f,0x02,0x00,0xd6,0x1f,0x14,0x82,0x51,0x06,0x0e,0x90,0xdb,0x02,0x02,0x00,0x2c,
    0x5d,0xef,0x9a,0x38,0x0f,0x02,0x00,0x0f,0x0f,0xd2,0x24,0x07,0x19,0xfb,0xb4,0x20,
    0x0f,0x0e,0x10,0x07,0x0f,0x02,0x00,0x11,0x42,0xdf,0xff,0x04,0x21,0x44,0x00,0x04,
    0x02,0x00,0x0e,0xc6,0x05,0x0f,0x02,0x00,0x19,0x1b,0xdf,0x18,0x17,0x0f,0xca,0x9e,
    0x03,0x0a,0x74,0x2c,0x2f,0x61,0x08,0x2c,0x07,0x2d,0x0f,0x02,0x00,0x15,0x02,0xe8,
    0x02,0x0c,0x4e,0x04,0x0d,0x30,0x14,0xb2,0xf7,0xff,0xff,0x73,0x86,0x68,0x05,0xeb,
    0x05,0xec,0x05,0x04,0x28,0x02,0xc6,0x10,0x0f,0xd2,0x1a,0x0f,0x02,0x02,0x00,0x42,
    0x2b,0x06,0xb3,0x76,0x6a,0x00,0x05,0xb4,0x10,0xf1,0x08,0xe7,0x59,0xa7,0x52,0x56,
    0xae,0x25,0x4c,0x05,0x8c,0x05,0x8c,0x05,0x6c,0x05,0x6e,0x25,0x73,0x5e,0x79,0xa7,
    0xfe,0xf7,0x7e,0x0a,0x01,0x1c,0x0a,0x91,0xff,0xff,0xdf,0xff,0x93,0x56,0xca,0x05,
    0xeb,0x74,0x28,0xa4,0x0b,0x06,0x0b,0x0e,0x2c,0x06,0x6b,0x05,0xb7,0x96,0xb4,0x00,
    0x0f,0x02,0x00,0xd3,0x0a,0x7a,0x19,0x06,0x02,0x00,0x3f,0x82,0x10,0xd3,0x4c,0x16,
    0x00,0x02,0x92,0xef,0x0e,0x68,0x06,0xf6,0x01,0x61,0x08,0x28,0x42,0xcf,0x7b,0x10,
    0x84,0x92,0x94,0x30,0x84,0xef,0x7b,0xeb,0x5a,0x72,0x16,0x06,0x02,0x00,0x0f,0xbc,
    0x06,0x05,0x0c,0x4a,0xce,0x1b,0xa6,0x92,0x86,0x0f,0x02,0x00,0x19,0x0a,0x40,0x3d,
    0x04,0x10,0x39,0x06,0x1a,0x02,0x0f,0x02,0x00,0x1d,0x0c,0x04,0x14,0x0f,0xc8,0x99,
    0x03,0x08,0x9e,0x76,0x0f,0x6e,0x4a,0x1f,0x0f,0x02,0x00,0x11,0x0f,0xc2,0x00,0x0b,
    0x08,0x58,0x39,0x0f,0x28,0xa6,0x01,0xa2,0xde,0xf7,0x8d,0x2d,0xea,0x05,0xcc,0x0d,
    0xec,0x0d,0x98,0x10,0x02,0x5c,0x03,0x0f,0x02,0x00,0x13,0x64,0xea,0x05,0x0c,0x16,
    0x99,0xb7,0xa4,0x00,0xf3,0x04,0xdf,0xff,0xdf,0xff,0xfe,0xdf,0xb5,0x76,0x4d,0x25,
    0x6b,0x05,0xcc,0x05,0x0b,0x06,0x2b,0x06,0x4b,0x4e,0x1e,0x52,0x8d,0x25,0x17,0x97,
    0xff,0x92,0x0d,0x03,0x02,0x00,0xf1,0x05,0x99,0x9f,0x2c,0x06,0x0a,0x06,0xec,0x0d,
    0xec,0x0d,0x2b,0x06,0xeb,0x0d,0x0c,0x0e,0x8b,0x05,0x6e,0x35,0xf4,0x46,0x0f,0x02,
    0x00,0xd4,0x0a,0x20,0x90,0x06,0x02,0x00,0x0f,0x50,0x46,0x09,0x0c,0x0e,0x0a,0x42,
    0x82,0x10,0xef,0x7b,0x0e,0x2f,0x06,0x02,0x00,0x4c,0xbe,0xf7,0x55,0xad,0xf2,0x01,
    0x0f,0x90,0x70,0x07,0x08,0x9e,0x14,0x2f,0x65,0x29,0x0a,0x10,0x29,0x0c,0x8e,0x11,
    0x0f,0x50,0x1d,0x07,0x0f,0x02,0x00,0x13,0x2a,0x7d,0xef,0x26,0x04,0x0f,0x74,0x1a,
    0x03,0x26,0x34,0xa5,0x3a,0x01,0x0f,0xe2,0x76,0x11,0x2f,0x5d,0xef,0x2c,0x03,0x0b,
    0x06,0x02,0x00,0x42,0x59,0xce,0x55,0xad,0x76,0x1b,0x0f,0x32,0x00,0x09,0x0c,0xfa,
    0x07,0x0c,0xf6,0x00,0x93,0xd8,0xa6,0x69,0x05,0x4b,0x06,0xcc,0x0d,0xcc,0x96,0x24,
    0x0f,0x5c,0x03,0x11,0x04,0x12,0x25,0x67,0xca,0x05,0x70,0x4e,0xfc,0xe7,0x7e,0x00,
    0x83,0xf7,0xf6,0x7e,0x4b,0x05,0x8b,0x05,0x2c,0xc4,0x1a,0x02,0xa6,0x3c,0xa1,0xca,
    0x05,0x8b,0x05,0x8d,0x1d,0xf7,0x8e,0xff,0xf7,0xd2,0x0a,0x01,0xc2,0x06,0x84,0xfd,
    0xdf,0x8f,0x26,0x0a,0x06,0xcc,0x15,0x5c,0x03,0x64,0x0c,0x06,0x6b,0x05,0x59,0xa7,
    0xca,0x00,0x07,0x52,0x00,0x0f,0x02,0x00,0xc4,0x0e,0xe8,0x05,0x0f,0xac,0x7b,0x0d,
    0x0c,0xd4,0x3f,0x2f,0x69,0x4a,0x4e,0x1d,0x01,0x02,0x02,0x00,0x0a,0x68,0x21,0x3f,
    0x00,0x00,0xe3,0x6c,0xa4,0x04,0x24,0xbe,0xf7,0x1e,0x36,0x2f,0x28,0x42,0x5a,0x03,
    0x29,0x22,0xb6,0xb5,0xc0,0x00,0x06,0x02,0x00,0x0f,0x82,0x81,0x2d,0x0c,0xea,0x3b,
    0x0f,0x42,0xaf,0x01,0x0e,0xfc,0x07,0x0f,0x84,0x3d,0x09,0xaf,0xd7,0xbd,0x08,0x42,
    0xc3,0x18,0x45,0x29,0xef,0x7b,0x5e,0x02,0x0d,0x42,0xbe,0xf7,0xeb,0x5a,0xca,0x00,
    0x1f,0x08,0x70,0xae,0x0e,0x0a,0xa6,0x21,0x22,0x30,0x84,0x80,0x01,0x04,0x02,0x00,
    0x75,0xf0,0x45,0xc9,0x05,0x2b,0x06,0xec,0x5c,0x03,0x0f,0x02,0x00,0x11,0xd7,0xeb,
    0x0d,0xeb,0x05,0x2b,0x06,0xeb,0x05,0xab,0x0d,0xf3,0x76,0xfe,0xe2,0x13,0xf2,0x01,
    0x9a,0xbf,0xcf,0x2d,0xab,0x05,0xec,0x0d,0xec,0x15,0xec,0x0d,0xcc,0x0d,0xcc,0x0d,
    0xa8,0x03,0xa1,0x0c,0x06,0x0c,0x06,0xab,0x05,0xef,0x35,0x9b,0xc7,0x6a,0x17,0x01,
    0x90,0x17,0xf2,0x07,0xde,0xf7,0xb1,0x4e,0x0b,0x06,0xcc,0x0d,0xeb,0x0d,0x2c,0x06,
    0xec,0x0d,0xec,0x15,0x4c,0x06,0xaa,0x05,0x73,0x5e,0x56,0x03,0x02,0x82,0x03,0x04,
    0xa0,0x00,0x0f,0x02,0x00,0xc3,0x0c,0xbe,0x19,0x4f,0x00,0x00,0xc7,0x39,0xe0,0x2e,
    0x09,0x0c,0x38,0x9f,0x0f,0x6e,0x38,0x07,0x02,0x3a,0x02,0x42,0x18,0xc6,0x04,0x21,
    0x20,0x02,0x02,0x02,0x00,0x0f,0x30,0x00,0x07,0x42,0x59,0xce,0x34,0xa5,0xa2,0x05,
    0x0f,0x02,0x00,0x27,0x0c,0x52,0x07,0x0f,0x6a,0x1a,0x07,0x0f,0x02,0x00,0x15,0x42,
    0x9a,0xd6,0x61,0x08,0xba,0x00,0x02,0x02,0x00,0x2f,0x0c,0x63,0x3a,0x00,0x01,0x0c,
    0x36,0x3c,0x0f,0xae,0x25,0x07,0x08,0x04,0x39,0x0f,0x4c,0x00,0x03,0x06,0x02,0x00,
    0x08,0xce,0x07,0x0f,0x8c,0x0a,0x03,0x08,0x02,0x00,0x15,0xef,0x9a,0x25,0x1b,0x08,
    0x8a,0x29,0xd3,0x5b,0xcf,0x8c,0x05,0x0a,0x06,0xea,0x0d,0x0b,0x06,0xcc,0x0d,0xec,
    0xba,0x06,0x02,0x02,0x00,0x02,0xe4,0x1a,0x01,0x02,0x00,0x03,0x2e,0x0a,0x06,0x02,
    0x00,0xc3,0xeb,0x0d,0xeb,0x0d,0x4c,0x06,0xeb,0x05,0x6a,0x0d,0x15,0x87,0x30,0x03,
    0x01,0xa6,0x10,0xb4,0x95,0x7e,0x8c,0x05,0x4c,0x06,0xeb,0x0d,0xac,0x15,0xcd,0x4c,
    0x0d,0x01,0x3c,0x28,0x71,0x0b,0x06,0xeb,0x05,0xad,0x05,0xd6,0x12,0x39,0x04,0x98,
    0x00,0x22,0x93,0x7e,0x5c,0x00,0xf2,0x05,0x2c,0x06,0xec,0x0d,0xcc,0x15,0x4c,0x06,
    0x0a,0x06,0xad,0x25,0xbd,0xe7,0xff,0xff,0xff,0xf7,0xdf,0xf7,0x82,0x03,0x0f,0x02,
    0x00,0xc9,0x22,0xdb,0xde,0x34,0x02,0x04,0x02,0x00,0x04,0xe0,0x2e,0x06,0x20,0x01,
    0x0a,0x02,0x00,0x0a,0x36,0x13,0x02,0x2a,0x03,0x0f,0x2c,0x00,0x05,0x02,0x02,0x00,
    0x0a,0x5e,0x31,0x0f,0x0c,0xce,0x49,0x0c,0x34,0x25,0x0f,0x84,0x0a,0x07,0x0f,0x02,
    0x00,0x17,0x0c,0x96,0x21,0x0f,0xd0,0x24,0x01,0x0e,0x2e,0x7f,0x0f,0x92,0x3f,0x05,
    0x0c,0x32,0x28,0x2f,0x79,0xce,0x8a,0x00,0x07,0x2a,0xbe,0xf7,0x96,0x04,0x0f,0x7e,
    0x36,0x03,0x08,0x02,0x00,0x6e,0xb6,0xb5,0x6d,0x6b,0x2c,0x63,0xb6,0x64,0x91,0x18,
    0x9f,0xaa,0x05,0xea,0x05,0xca,0x15,0x0b,0xfc,0x0c,0x06,0x3e,0x03,0x0f,0x5c,0x03,
    0x0f,0x72,0x4b,0x06,0xeb,0x05,0x8b,0x15,0x57,0x5e,0x46,0x03,0x5c,0x03,0xb1,0x52,
    0x66,0x6a,0x05,0x6c,0x06,0x0c,0x0e,0xcc,0x0d,0x0d,0xc6,0x3f,0x31,0xeb,0x0d,0xea,
    0x38,0x43,0x81,0xeb,0x0d,0xeb,0x05,0x8b,0x05,0x74,0x6e,0x88,0x03,0x21,0xff,0xff,
    0x3a,0x03,0x61,0xd5,0x96,0xeb,0x05,0x0b,0x06,0xd0,0x10,0x12,0x0e,0x6a,0x25,0x41,
    0x4a,0x05,0x19,0xb7,0x1c,0x00,0x0f,0x5c,0x03,0xd0,0x08,0xb8,0x09,0x2f,0x24,0x21,
    0x6e,0x10,0x05,0x04,0x02,0x00,0x0a,0x5c,0x27,0x0c,0xd6,0x0b,0x0f,0x02,0x00,0x05,
    0x0a,0x8e,0x0c,0x0c,0xb0,0x08,0x0f,0x02,0x00,0x37,0x0a,0x8a,0x1a,0x3f,0x00,0x00,
    0x04,0x5e,0x38,0x06,0x0f,0x02,0x00,0x17,0x0a,0xc0,0x7e,0x0f,0xee,0x14,0x05,0x0c,
    0x54,0x5a,0x04,0xa2,0x04,0x0c,0x02,0x00,0x1b,0xbe,0x4c,0x46,0x0f,0xc4,0x14,0x09,
    0x0c,0x54,0x00,0x0f,0xde,0x0a,0x1f,0x01,0x7e,0x50,0x71,0xff,0xff,0xff,0xf3,0x56,
    0xa9,0x05,0x70,0x50,0x01,0x7a,0x17,0x0f,0x02,0x00,0x11,0x11,0x0c,0x3e,0x43,0xa6,
    0xec,0x0d,0x0c,0x06,0xcb,0x05,0xcb,0x15,0x78,0x9f,0x4c,0x00,0x91,0xff,0xf7,0x92,
    0x56,0xaa,0x05,0x0b,0x0e,0x0c,0xa8,0x03,0x11,0xcc,0x78,0x21,0x02,0xa6,0x03,0x81,
    0x0b,0x0e,0x0b,0x06,0xac,0x05,0x95,0x76,0x2c,0x00,0x03,0x02,0x00,0x21,0x16,0x8f,
    0xc0,0x03,0x01,0x38,0x0a,0x02,0x3c,0x0a,0x43,0xa9,0x05,0x74,0x7e,0x1d,0x00,0x01,
    0x9c,0x00,0x0f,0x02,0x00,0xcd,0x22,0xf7,0xbd,0xf0,0x04,0x0f,0xc0,0x2d,0x01,0x0a,
    0x02,0x00,0x08,0x10,0x13,0x0f,0xb6,0x2a,0x03,0x0f,0x02,0x00,0x03,0x04,0x4e,0x0d,
    0x0f,0x3c,0x45,0x27,0x0f,0x02,0x00,0x0f,0x0a,0x2e,0x4d,0x4f,0x00,0x00,0x00,0x00,
    0xe8,0x14,0x05,0x0f,0x02,0x00,0x19,0x0c,0xc2,0x0d,0x0e,0x16,0x06,0x0f,0xb8,0x06,
    0x01,0x0f,0x2e,0x2f,0x03,0x0e,0x94,0x87,0x0f,0x30,0x03,0x0b,0x17,0x86,0xee,0x21,
    0x0f,0xf0,0x07,0x21,0x02,0x5c,0x03,0x52,0xbe,0xef,0xae,0x1d,0xea,0x5c,0x03,0x0f,
    0x5e,0x03,0x16,0x0a,0x5c,0x03,0x19,0x77,0x5c,0x03,0x31,0x93,0x56,0xaa,0x96,0x32,
    0x02,0x7c,0x03,0x01,0xaa,0x03,0x01,0xb8,0x06,0x84,0x0b,0x06,0x0a,0x06,0xac,0x0d,
    0xf8,0x9e,0x78,0x00,0x62,0xff,0xff,0xff,0xff,0xb5,0x86,0xb8,0x06,0x02,0x5a,0x03,
    0x8f,0xeb,0x05,0xeb,0x05,0xea,0x05,0x6f,0x45,0x68,0x02,0x0f,0x0f,0x02,0x00,0xe1,
    0x08,0xd0,0x0c,0x2f,0x4d,0x6b,0x02,0x01,0x13,0x02,0xe0,0xd4,0x02,0xee,0x02,0x02,
    0x02,0x00,0x0f,0x56,0x0d,0x2d,0x0f,0x02,0x00,0x03,0x0c,0x34,0x4a,0x0f,0x0c,0x76,
    0x21,0x0e,0x02,0x00,0x0a,0xd2,0x43,0x2f,0x20,0x00,0x8c,0x0e,0x03,0x39,0xbe,0xf7,
    0xc7,0x18,0x7b,0x0f,0x02,0x87,0x07,0x08,0xf2,0x18,0x1f,0x86,0x28,0xa4,0x0c,0x08,
    0xc6,0x0d,0x2e,0xef,0x7b,0x9c,0x00,0x0f,0x02,0x00,0x0d,0x02,0xac,0x0b,0x54,0x5b,
    0xc7,0x8c,0x0d,0xeb,0x5c,0x03,0x0f,0x5e,0x03,0x14,0x0f,0x5c,0x03,0x0a,0x18,0x5e,
    0x5c,0x03,0x22,0x0c,0x06,0x5a,0x03,0xa6,0x0c,0x06,0x0a,0x06,0x68,0x05,0x10,0x46,
    0xdc,0xd7,0xa6,0x10,0x42,0xdf,0xf7,0x31,0x66,0x66,0x25,0x02,0x58,0x03,0x02,0xba,
    0x1e,0x3f,0xad,0x25,0x9c,0x42,0x5e,0x00,0x0f,0x02,0x00,0xed,0x0a,0x94,0x2a,0x0a,
    0x20,0x1d,0x02,0xc8,0x01,0x4f,0xff,0xff,0x5d,0xef,0xfc,0x5c,0x03,0x08,0xba,0x06,
    0x02,0xa6,0x0d,0x0f,0x02,0x00,0x3b,0x0a,0x9c,0x00,0x0f,0x40,0x1d,0x00,0x0f,0x02,
    0x00,0x24,0x19,0x0c,0xb2,0x03,0x0f,0x72,0x5e,0x07,0x0c,0xf6,0x24,0x0f,0x9c,0x05,
    0x07,0x13,0x8e,0x52,0xd1,0x2c,0xc7,0x39,0xb8,0x18,0x0e,0x02,0x00,0x8f,0x75,0xad,
    0x08,0x42,0xe3,0x18,0xa6,0x31,0x2e,0x07,0x03,0x0f,0x02,0x00,0x0d,0x02,0x94,0x01,
    0x42,0xf8,0xa6,0x4a,0x05,0x6a,0x0d,0x03,0x02,0x00,0x0f,0x1a,0x0a,0x06,0x11,0xeb,
    0x5e,0x1e,0x02,0x06,0x00,0x04,0x98,0x06,0x0f,0xb8,0x06,0x03,0x13,0x0b,0x34,0x0a,
    0x01,0xf2,0x10,0x01,0x5a,0x39,0x84,0x0b,0x06,0x69,0x05,0x8c,0x25,0x78,0xaf,0x02,
    0x14,0x82,0xdf,0xff,0xff,0xff,0xdd,0xd7,0xce,0x3d,0x2c,0x00,0x05,0xba,0x06,0x65,
    0x0d,0x0b,0x06,0x8b,0x05,0x5a,0x2e,0x1b,0x0f,0x02,0x00,0xf7,0x08,0xe8,0x15,0x0f,
    0x5c,0x35,0x01,0x9f,0x96,0xb5,0xe7,0x39,0xa2,0x10,0x45,0x29,0x8e,0x6e,0xae,0x00,
    0x08,0xec,0x17,0x0f,0xa8,0x0d,0x07,0xcf,0xdf,0xff,0xff,0xff,0xba,0xd6,0x8e,0x73,
    0xcb,0x5a,0x8e,0x73,0xe8,0x0f,0x09,0x0e,0x02,0x00,0x0c,0x9c,0x20,0x2f,0x20,0x00,
    0x1a,0x18,0x07,0x0f,0x02,0x00,0x19,0x08,0xb8,0x00,0x4f,0x00,0x00,0x45,0x29,0x3a,
    0x04,0x03,0x0c,0xe4,0x11,0x0f,0xa0,0x14,0x0b,0x24,0xba,0xd6,0xb4,0x1a,0x0f,0x02,
    0x00,0x11,0x19,0x7d,0x90,0x1d,0x0f,0x02,0x00,0x19,0x02,0x5c,0x03,0x33,0xb6,0x86,
    0x6a,0xd8,0x27,0x03,0x02,0x00,0x07,0x5c,0x03,0x26,0x0c,0x06,0x02,0x00,0x04,0x56,
    0x03,0x11,0xec,0x56,0x4d,0x0f,0x5c,0x03,0x13,0xf1,0x00,0xeb,0x0d,0xeb,0x0d,0x0c,
    0x06,0xeb,0x05,0x8b,0x05,0x4a,0x0d,0xee,0x3d,0x79,0x5a,0x03,0x06,0xa2,0x00,0x51,
    0x58,0x8f,0xcc,0x15,0xca,0x60,0x25,0x01,0xb4,0x06,0x03,0x72,0x25,0x46,0xaa,0x05,
    0x18,0x97,0x24,0x00,0x0f,0x02,0x00,0xf5,0x08,0xb0,0x17,0x0e,0x12,0x0a,0x08,0x52,
    0x13,0x0e,0x70,0x0c,0x08,0x0e,0x31,0x0f,0x78,0x21,0x09,0x42,0x59,0xce,0x82,0x10,
    0x78,0x06,0x1f,0x20,0x26,0x1a,0x0a,0x0a,0x02,0x00,0x0e,0xea,0x24,0x0f,0x92,0x42,
    0x03,0x0f,0x02,0x00,0x1f,0x22,0x1c,0xe7,0x8e,0x00,0x02,0x02,0x00,0x0f,0x88,0x11,
    0x07,0x0a,0xd6,0x38,0x0f,0xea,0x0d,0x31,0x0a,0x02,0x00,0x08,0xb4,0x02,0x0f,0x02,
    0x00,0x15,0x02,0x34,0x00,0x3e,0xf1,0x55,0xaa,0x5c,0x03,0x03,0x62,0x03,0x01,0x44,
    0x03,0x01,0x78,0x06,0x11,0xeb,0xb8,0x64,0x02,0x02,0x00,0x02,0xae,0x1a,0x02,0x50,
    0x0d,0x0f,0xb8,0x06,0x00,0x25,0x5e,0xca,0xb8,0x06,0xf5,0x04,0xeb,0x0d,0x0b,0x06,
    0xea,0x05,0xaa,0x05,0xee,0x3d,0xf3,0x86,0xdb,0xc7,0xff,0xf7,0xbf,0xff,0x9f,0x50,
    0x14,0xa7,0xbe,0xf7,0x52,0x46,0x0b,0x06,0xca,0x0d,0xcb,0x0d,0x5c,0x03,0x64,0x05,
    0x0b,0x06,0x8a,0x05,0x75,0xce,0x10,0x0f,0x02,0x00,0xf8,0x08,0x5c,0x03,0x0e,0xd8,
    0x5a,0x0a,0xee,0x2b,0x0c,0x76,0x06,0x08,0x5c,0x03,0x2f,0xe7,0x39,0x55,0x01,0x07,
    0x08,0xb8,0x0c,0x0f,0xe8,0x13,0x11,0x02,0x40,0x02,0x0c,0xa4,0x1e,0x2f,0x61,0x08,
    0xae,0x2e,0x01,0x0f,0x02,0x00,0x23,0x06,0x5c,0x00,0x2f,0x28,0x42,0xb6,0x06,0x05,
    0x02,0xd2,0xb4,0x02,0x80,0x03,0x4f,0x00,0x00,0x8a,0x52,0x28,0x00,0x09,0x0f,0x02,
    0x00,0x5d,0x23,0x11,0x4e,0x5c,0x03,0x05,0x74,0x0d,0x02,0x52,0x03,0x02,0xc6,0x06,
    0xf1,0x08,0x0c,0x06,0x2c,0x06,0xeb,0x05,0xaa,0x05,0xcb,0x05,0x0c,0x0e,0x4f,0x36,
    0xb1,0x4e,0xd2,0x46,0x0f,0x3e,0xcb,0x15,0x4b,0xf4,0x09,0x31,0x0c,0x0e,0x2c,0x28,
    0x14,0x21,0x77,0x9f,0xb4,0x00,0x01,0xd8,0x13,0x51,0xfe,0xf7,0x92,0x56,0x8b,0x24,
    0x03,0x22,0xeb,0x0d,0xc4,0x64,0x63,0xac,0x15,0x93,0x6e,0xdb,0xcf,0x64,0x61,0x01,
    0xa8,0x17,0x01,0x72,0x0d,0xa3,0xff,0x17,0x8f,0xcd,0x0d,0xeb,0x05,0xcb,0x15,0xcc,
    0x5c,0x03,0x02,0xf4,0x46,0x51,0x0b,0x06,0x89,0x05,0x74,0xb8,0x50,0x0f,0x02,0x00,
    0xfb,0x24,0x10,0x84,0x3e,0x02,0x0e,0x5c,0x0f,0x2a,0xdf,0xff,0x1c,0x24,0x2a,0x34,
    0xa5,0x3c,0x01,0x17,0xba,0x84,0x1d,0x2f,0x45,0x29,0x8e,0x0c,0x05,0x35,0x1c,0xe7,
    0x41,0x26,0x00,0x5f,0x00,0x00,0x00,0x00,0x59,0x00,0x1a,0x08,0x02,0x02,0x00,0x1f,
    0xdf,0xb6,0x06,0x02,0x0e,0x56,0x07,0x0f,0x02,0x00,0x29,0x9f,0x59,0xce,0xcf,0x7b,
    0x6d,0x6b,0xf3,0x9c,0xdf,0x45,0x00,0x0c,0x6c,0xf7,0xbd,0x8e,0x73,0x4d,0x6b,0xfa,
    0x00,0x0f,0x02,0x00,0x65,0x13,0xfe,0x56,0x7f,0x25,0x51,0x46,0x50,0x10,0x01,0x76,
    0x10,0x01,0x6e,0x1a,0x11,0x06,0x5a,0x03,0xf1,0x1a,0x05,0xcc,0x0d,0x0c,0x06,0xea,
    0x05,0x8b,0x05,0xae,0x3d,0xd3,0x76,0xb9,0xaf,0xdd,0xe7,0xfe,0xef,0xfe,0xe7,0xbc,
    0xdf,0xb5,0x8e,0xec,0x15,0xeb,0x05,0xec,0x0d,0x0c,0x06,0x2b,0x06,0xeb,0x05,0xcb,
    0x15,0x57,0xa7,0xc4,0x00,0x01,0x5c,0x03,0x73,0xfd,0xf7,0x91,0x56,0x8b,0x05,0xec,
    0xe0,0x09,0x82,0xeb,0x05,0xac,0x1d,0x56,0x8f,0xfe,0xef,0x50,0x03,0x05,0x20,0x01,
    0x71,0xf7,0xff,0xff,0x9b,0xbf,0xef,0x25,0xba,0x0d,0x01,0x22,0x07,0x02,0x80,0x17,
    0x02,0x1e,0x2c,0x3f,0x89,0x05,0xd4,0x5c,0x03,0xff,0x01,0x06,0xc2,0x05,0x0f,0xb8,
    0x06,0x01,0x08,0x72,0x06,0x0e,0x0c,0x14,0x32,0x59,0xce,0x20,0x2f,0x03,0x55,0x00,
    0x00,0x00,0xc7,0x39,0x86,0x01,0x0b,0x02,0x00,0x0f,0x5c,0x03,0x1f,0x0f,0x84,0x1a,
    0x01,0x0f,0xdc,0x16,0x0d,0x0f,0x02,0x00,0x19,0x0c,0xaa,0x00,0x0c,0x10,0x00,0x0f,
    0x02,0x00,0x8d,0x51,0xde,0xef,0xef,0x2d,0xca,0x12,0x39,0x06,0x5c,0x03,0x01,0x58,
    0x03,0x01,0x54,0x21,0xa2,0xeb,0x05,0xaa,0x05,0xed,0x15,0xd3,0x6e,0x9a,0xc7,0xad,
    0x41,0x02,0xde,0x00,0x91,0xfe,0xdf,0xb2,0x46,0xcb,0x05,0xcc,0x0d,0xec,0xf4,0x24,
    0x0a,0x5c,0x03,0x02,0xb8,0x06,0x02,0x2e,0x03,0x83,0xeb,0x05,0x8b,0x05,0x92,0x5e,
    0xfe,0xdf,0x38,0x00,0x01,0xe8,0x24,0x02,0x42,0x00,0x51,0xbc,0xc7,0x30,0x3e,0xab,
    0x76,0x00,0x02,0x78,0x0a,0x04,0xf6,0x21,0x8f,0xec,0x05,0x0b,0x06,0xea,0x05,0x32,
    0x5e,0x36,0x01,0x8d,0x0f,0x02,0x00,0x5f,0x08,0xd8,0x0f,0x0e,0x14,0x0a,0x08,0x32,
    0x0a,0x0e,0x3e,0x03,0x08,0x50,0x49,0x0f,0x08,0x43,0x09,0x08,0x5a,0x0a,0x2f,0x86,
    0x31,0x5c,0x09,0x13,0x0a,0x0a,0x46,0x0f,0x98,0x7e,0x24,0x0f,0x02,0x00,0xc4,0x42,
    0x5c,0xdf,0x6d,0x1d,0x8a,0x21,0x03,0x5c,0x03,0x21,0x05,0x0b,0xb4,0x2b,0x02,0xf4,
    0x02,0x66,0xca,0x05,0x0d,0x26,0x97,0x9f,0x5a,0x46,0x02,0x5e,0x35,0x51,0xfe,0xef,
    0x14,0x67,0xeb,0x8e,0x32,0x1d,0x2c,0xb8,0x06,0x08,0x5c,0x03,0x52,0xcb,0x05,0xee,
    0x1d,0xd9,0xb4,0x21,0x03,0x66,0x0d,0x02,0x5a,0x03,0x53,0x9b,0xcf,0x11,0x56,0xcb,
    0x38,0x0a,0x32,0xec,0x0d,0x0c,0xbe,0x21,0x03,0x6a,0x03,0x62,0x2b,0x06,0x0a,0x06,
    0x8f,0x3d,0x28,0x00,0x0f,0x02,0x00,0xf9,0x08,0x5c,0x03,0x0f,0xec,0x13,0x01,0x22,
    0xef,0x7b,0xf8,0x09,0x2e,0x08,0x42,0x5e,0x16,0x08,0x6a,0x7e,0x0f,0x70,0x0d,0x09,
    0x24,0xdb,0xde,0xea,0x23,0x2c,0x82,0x10,0xb4,0x0d,0x0f,0x02,0x00,0x03,0x0c,0xa6,
    0x60,0x0f,0xb6,0x06,0x39,0x0f,0x02,0x00,0xaf,0x42,0x3c,0xdf,0x6d,0x1d,0xec,0x0c,
    0x07,0x5c,0x03,0x21,0x15,0xcc,0xb6,0x06,0x62,0x6a,0x05,0x2f,0x36,0xb9,0xa7,0xd0,
    0x09,0x02,0x98,0x75,0x02,0x5c,0x03,0x4f,0xfb,0xe7,0x70,0x4e,0x5c,0x03,0x11,0x51,
    0xca,0x05,0xee,0x2d,0x9a,0x06,0x43,0x02,0x9a,0x0b,0xb1,0xff,0xff,0xff,0xff,0xfe,
    0xe7,0x57,0x8f,0x10,0x36,0x8c,0xea,0x24,0x02,0xcc,0x2b,0x22,0xcc,0x0d,0x82,0x17,
    0x03,0xbe,0x21,0x0f,0x5c,0x03,0xff,0x05,0x08,0xc0,0xa9,0x1b,0x41,0x24,0xf6,0x02,
    0x5a,0x01,0x4f,0xfb,0xde,0xd7,0xbd,0x24,0x0d,0x03,0x08,0x28,0x1a,0x0f,0x12,0x24,
    0x05,0x02,0x02,0x00,0x8e,0x5d,0xef,0x92,0x94,0x6d,0x6b,0x71,0x8c,0xa0,0x03,0x0f,
    0x02,0x00,0x01,0x19,0xdf,0xea,0x06,0x0f,0x1e,0x18,0x05,0x0a,0x02,0x00,0x8f,0x1c,
    0xe7,0xcf,0x7b,0x8a,0x52,0x2c,0x63,0xf2,0x32,0x05,0x0f,0x02,0x00,0x53,0x6f,0x1c,
    0xe7,0xef,0x7b,0x69,0x4a,0x86,0x00,0x4d,0x48,0xbe,0xf7,0xcf,0x35,0x14,0x0a,0xf4,
    0x01,0x0b,0x06,0x0b,0x06,0xcc,0x0d,0xec,0x05,0x4c,0x06,0xcb,0x05,0x0e,0x36,0x99,
    0xb7,0x4e,0x43,0x01,0xe4,0x27,0x01,0x07,0x00,0xcf,0xff,0xff,0x16,0x97,0x0d,0x0e,
    0xeb,0x05,0xcc,0x0d,0x0c,0x0e,0xb8,0x06,0x0a,0x73,0x0d,0xeb,0x05,0xab,0x0d,0xb5,
    0x86,0x35,0x00,0xa1,0xff,0xff,0xff,0xde,0xef,0x59,0xa7,0x93,0x56,0xcc,0xf2,0x1a,
    0x02,0x10,0x25,0x48,0xec,0x05,0xec,0x05,0x5c,0x03,0x81,0x0b,0x06,0x0b,0x06,0xaa,
    0x05,0x32,0x56,0x2f,0x00,0x0f,0x02,0x00,0xfc,0x08,0x86,0x23,0x0a,0xae,0x5c,0x04,
    0x6a,0x0b,0x0f,0x02,0x00,0x03,0x24,0x3c,0xe7,0x5a,0x17,0x3f,0x00,0x00,0x00,0x5c,
    0x17,0x18,0x0f,0x02,0x00,0x0f,0x0c,0xa2,0x0d,0x2f,0x00,0x00,0x68,0x1d,0x0d,0x08,
    0x54,0x96,0x0f,0x78,0x10,0x67,0x06,0xa0,0x07,0x0f,0x76,0x40,0x2f,0x0f,0x02,0x00,
    0x07,0x71,0xdf,0xff,0xff,0xff,0x11,0x56,0xa9,0x90,0x09,0x03,0xb8,0x06,0x03,0x3a,
    0x17,0x51,0x0b,0x06,0xac,0x1d,0x56,0xd0,0x09,0x11,0xbf,0xd2,0x09,0x03,0x08,0x00,
    0x81,0xff,0xfe,0xe7,0xf7,0x9e,0x8d,0x2d,0xab,0x6e,0x1e,0x04,0x28,0x14,0x08,0xcc,
    0x10,0x07,0x14,0x0a,0xf1,0x07,0x0d,0x0b,0x06,0xeb,0x05,0xad,0x25,0xb5,0x7e,0x99,
    0x9f,0xd9,0x9f,0x98,0xa7,0x36,0x87,0x51,0x4e,0xad,0x15,0x8b,0xcc,0x17,0x02,0xd2,
    0x0d,0x02,0x78,0x0a,0x24,0xec,0x0d,0xda,0x17,0xaf,0x0b,0x06,0x0c,0x06,0x0b,0x0e,
    0x89,0x05,0xd4,0x6e,0xb2,0x00,0x07,0x0f,0x02,0x00,0xe7,0x08,0x02,0x24,0x2f,0xc3,
    0x18,0x0e,0x0d,0x13,0x0c,0x2e,0x31,0x0f,0x38,0x00,0x19,0x0f,0x02,0x00,0x0f,0x0a,
    0x58,0x1a,0x42,0x00,0x00,0x24,0x21,0x42,0x07,0x0f,0x02,0x00,0x05,0x19,0xdf,0xb8,
    0x25,0x0f,0xac,0x17,0x39,0x0f,0x02,0x00,0x15,0x02,0xa0,0x00,0x08,0xa8,0x22,0x1f,
    0x20,0xe4,0x2e,0x10,0x0f,0x02,0x00,0x21,0x02,0x6a,0x00,0x28,0xcf,0x55,0x5c,0x03,
    0x11,0xcc,0x1a,0x46,0x85,0x0b,0x06,0xab,0x0d,0x52,0x6e,0xfd,0xe7,0xb6,0x06,0x02,
    0xa0,0x1e,0x72,0xf7,0x1a,0xb7,0x12,0x5e,0x6c,0x15,0x4c,0x21,0x0a,0xe0,0x1a,0x04,
    0xd8,0x06,0x02,0x5c,0x03,0x01,0x52,0x32,0xf1,0x01,0x0d,0x0b,0x0e,0xec,0x0d,0xcb,
    0x05,0xaa,0x05,0x0b,0x0e,0x6e,0x26,0x0d,0x26,0xcb,0xca,0x17,0x02,0x8a,0x43,0x02,
    0xc0,0x2b,0x0e,0x02,0x00,0x02,0x84,0x17,0x1f,0x93,0x5c,0x03,0xff,0x03,0x0a,0xca,
    0x02,0x0e,0xd0,0x10,0x0f,0x02,0x00,0x03,0x28,0x9a,0xd6,0x5a,0x17,0x0f,0x36,0x00,
    0x15,0x0f,0x02,0x00,0x13,0x0a,0x92,0x00,0x04,0x04,0x32,0x02,0x56,0x02,0x0f,0x02,
    0x00,0x01,0x08,0x68,0x1b,0x0f,0x4e,0x4a,0x29,0x0f,0x02,0x00,0x2b,0x0c,0xb2,0x18,
    0x0f,0x2e,0x28,0x21,0x0f,0x02,0x00,0x0f,0x02,0x06,0x01,0x28,0x11,0x5e,0x84,0x17,
    0x11,0xec,0xc2,0x35,0x64,0xca,0x05,0xed,0x25,0xb8,0xaf,0x42,0x00,0x01,0x28,0x00,
    0xef,0xf7,0xbc,0xbf,0x74,0x66,0x6e,0x2d,0x6b,0x05,0xcb,0x05,0x2c,0x06,0x2c,0x5c,
    0x03,0x13,0x14,0x06,0x76,0x1e,0x42,0xaa,0x05,0xcb,0x05,0x5c,0x00,0x02,0xae,0x06,
    0x0e,0x56,0x03,0x06,0x02,0x00,0x3f,0x89,0x05,0x94,0x84,0x17,0xff,0x01,0x0e,0x48,
    0x50,0x0f,0x24,0x31,0x09,0x02,0xf8,0x2d,0x0e,0x48,0x02,0x22,0xdb,0xde,0x1c,0x00,
    0x0f,0x02,0x00,0x33,0x0a,0x5a,0x2e,0x0f,0x8a,0x25,0x01,0x0a,0x02,0x00,0x08,0x2c,
    0x2b,0x0f,0xda,0x42,0x29,0x6f,0x5d,0xef,0x34,0xa5,0xd3,0x9c,0x5c,0x0e,0x03,0x0f,
    0x02,0x00,0x0f,0x22,0x9e,0xf7,0x8c,0x6b,0x04,0x02,0x00,0x0f,0x70,0x7f,0x2e,0x0f,
    0x02,0x00,0x08,0x11,0xd6,0xf4,0x24,0x02,0x98,0x09,0x02,0xb6,0x1a,0x62,0x0b,0x06,
    0x8a,0x05,0x71,0x5e,0xb6,0x06,0x04,0xa6,0x01,0xb1,0x9a,0xaf,0xaf,0x2d,0x6b,0x05,
    0xcc,0x05,0x2c,0x06,0x4c,0x32,0x03,0x0f,0x5c,0x03,0x13,0x04,0x2c,0x68,0x02,0x0a,
    0x00,0x04,0x6a,0x17,0x0f,0x02,0x00,0x0b,0x31,0xaa,0x05,0x17,0x8c,0x1e,0x02,0x7c,
    0x00,0x0f,0x02,0x00,0xf9,0x08,0x4c,0x17,0x0f,0x88,0xf9,0x11,0x2a,0x9e,0xf7,0x52,
    0xeb,0x0f,0x70,0x42,0x03,0x0f,0x02,0x00,0x29,0x33,0x59,0xce,0xc3,0x64,0x5b,0x0f,
    0xe6,0x59,0x0f,0x0c,0x54,0x2b,0x0e,0x88,0x1b,0x0f,0x02,0x00,0x13,0x24,0x96,0xb5,
    0x04,0x51,0x0f,0x62,0x3c,0x07,0x0f,0x02,0x00,0x09,0x0c,0x36,0x4e,0x0f,0x3e,0x4a,
    0x03,0x0f,0x02,0x00,0x33,0x31,0x19,0xa7,0x6a,0xb6,0x13,0x02,0xc0,0x1d,0x11,0xec,
    0x26,0x0d,0x44,0x8a,0x0d,0x15,0x97,0xe0,0x13,0x91,0xff,0xff,0xff,0xff,0x9b,0xcf,
    0xcf,0x3d,0x6a,0x3a,0x32,0x31,0x2c,0x06,0x0c,0xa4,0x17,0x0f,0x5c,0x03,0x13,0x61,
    0xeb,0x0d,0xeb,0x0d,0x0b,0x0e,0x02,0x00,0x05,0x80,0x57,0x0f,0x02,0x00,0x0d,0x31,
    0x8b,0x05,0x39,0xe3,0x0d,0x01,0x9c,0x14,0x02,0x7f,0x00,0x0f,0x02,0x00,0xf6,0x24,
    0xeb,0x5a,0x6e,0x05,0x02,0x02,0x00,0x0f,0x64,0x27,0x07,0x4a,0xff,0xff,0x59,0xce,
    0xae,0x21,0x2f,0x41,0x08,0xfe,0x13,0x13,0x0f,0x02,0x00,0x17,0xa2,0xdf,0xff,0xff,
    0xff,0x3c,0xe7,0x92,0x94,0x6d,0x6b,0x80,0x36,0x0f,0x0e,0x05,0x0b,0x0c,0xcc,0x3b,
    0x32,0xe3,0x18,0x7d,0x6a,0x0c,0x0f,0x02,0x00,0x1a,0x26,0xfb,0xde,0x08,0x1f,0x0f,
    0x10,0x11,0x25,0x0c,0x12,0x33,0x0f,0x02,0x08,0x0d,0x0f,0x02,0x00,0x21,0x02,0x21,
    0x08,0x51,0x9c,0xcf,0xcc,0x0d,0xea,0xd6,0x13,0x01,0x06,0x17,0x95,0x0d,0xeb,0x0d,
    0xea,0x05,0xcc,0x25,0x78,0xaf,0x20,0x3c,0x91,0xff,0xff,0xef,0xb4,0x76,0x4a,0x05,
    0xcb,0x05,0xa6,0x7f,0x01,0xb4,0x89,0x01,0x96,0x1a,0x01,0x60,0x1e,0x04,0x50,0x28,
    0x0f,0x70,0x0d,0x02,0x01,0x4e,0x00,0x02,0x5e,0x03,0x02,0x82,0x14,0x0f,0x02,0x00,
    0x0f,0x42,0xea,0x05,0xad,0x25,0xa0,0x57,0x0f,0x5c,0x03,0xff,0x02,0x22,0x1c,0xe7,
    0xc6,0x1a,0x06,0x60,0x02,0x2f,0xe7,0x39,0xb0,0x3c,0x01,0x3d,0xba,0xd6,0x4d,0x50,
    0x59,0x0f,0xc4,0x13,0x0d,0x0f,0x02,0x00,0x4d,0x0c,0x6e,0x0d,0x1f,0xaa,0xba,0x5d,
    0x06,0x0f,0x02,0x00,0x09,0x08,0xac,0x1b,0x0f,0x44,0x00,0x33,0x0f,0x00,0x07,0x25,
    0x0f,0x02,0x00,0x0b,0x11,0xdf,0x1f,0x00,0x73,0xbe,0xe7,0xcd,0x1d,0xca,0x05,0xec,
    0xbe,0x1d,0xa1,0xeb,0x05,0xeb,0x0d,0xca,0x05,0x4f,0x36,0xba,0xc7,0x5c,0x03,0x01,
    0xde,0x64,0x46,0xfd,0xcf,0x50,0x3e,0xc0,0x10,0x13,0xec,0xbe,0x06,0x4f,0xec,0x0d,
    0xec,0x05,0x50,0x28,0x05,0x03,0xcc,0x10,0x54,0x06,0x0c,0x0e,0x0c,0x0e,0x4a,0x2f,
    0x0f,0x58,0x03,0x07,0x02,0xd6,0x03,0x02,0x02,0x00,0x42,0xca,0x05,0xef,0x3d,0xf4,
    0x03,0x0f,0x5c,0x03,0xff,0x02,0x37,0xff,0xff,0x38,0x7e,0xec,0x04,0x02,0x00,0xf2,
    0x03,0xc7,0x39,0xef,0x7b,0x96,0xb5,0xb6,0xb5,0x59,0xce,0xf7,0xbd,0xd7,0xbd,0xd3,
    0x9c,0xcb,0x5a,0x82,0x03,0x08,0x02,0x00,0x21,0xae,0x73,0xed,0x01,0x0f,0x02,0x00,
    0x68,0x06,0xb0,0x45,0x02,0x02,0x00,0x0a,0x48,0x18,0x0f,0x02,0x00,0x15,0x0a,0x34,
    0x04,0x0f,0xfc,0x06,0x23,0x0a,0x2e,0x3a,0x0f,0x50,0x1f,0x0b,0x0f,0x02,0x00,0x2d,
    0x41,0x53,0x76,0x69,0x05,0xec,0x09,0x21,0x15,0xec,0x12,0x32,0x61,0xca,0x05,0x6f,
    0x3e,0xda,0xcf,0xde,0x02,0x01,0xe6,0x56,0x82,0xbb,0xbf,0xae,0x2d,0xcc,0x05,0x0c,
    0x0e,0x60,0x32,0x02,0x0a,0x03,0x02,0xbc,0x06,0x81,0x0c,0x06,0xab,0x05,0xab,0x15,
    0x78,0xa7,0x82,0x00,0x01,0xc2,0x09,0x91,0xfe,0xe7,0x72,0x56,0xab,0x05,0x0c,0x06,
    0xcb,0x86,0x86,0x02,0x2c,0x00,0x0f,0x02,0x00,0x0d,0x04,0x06,0x22,0x43,0xeb,0x0d,
    0xeb,0x0d,0xca,0x10,0x0f,0x8c,0x46,0xd2,0x0f,0x02,0x00,0x23,0x28,0x18,0xc6,0xfa,
    0x13,0x0f,0x02,0x00,0x13,0x0f,0x9a,0x0c,0x23,0x0f,0x02,0x00,0x3b,0x08,0x80,0x17,
    0x3f,0x00,0x00,0x00,0x46,0x3c,0x04,0x0f,0x02,0x00,0x0d,0x0a,0x08,0x39,0x0f,0xc8,
    0x17,0x23,0x0e,0xb8,0x65,0x0f,0x2e,0x0b,0x3d,0x06,0x02,0x00,0x91,0x38,0xa7,0x6a,
    0x05,0x2c,0x06,0x2b,0x06,0xcb,0x5c,0x03,0x86,0x0b,0x06,0xca,0x05,0x0e,0x36,0x99,
    0xbf,0x5c,0x03,0x82,0xbc,0xcf,0xaf,0x35,0xcc,0x05,0x0c,0x06,0xea,0x13,0x02,0x6a,
    0x35,0x04,0xfe,0x1d,0x48,0xab,0x0d,0xcb,0x0d,0x5c,0x03,0x31,0xfd,0xdf,0x51,0x5c,
    0x03,0x22,0xeb,0x15,0x28,0x00,0x0f,0x58,0x03,0x0d,0x33,0x0b,0x06,0x0b,0xb8,0x86,
    0x01,0x7e,0x86,0x55,0x06,0x8b,0x05,0x39,0xaf,0xe8,0x49,0x0f,0x02,0x00,0xff,0x05,
    0x06,0x68,0x35,0x0f,0x02,0x00,0x13,0x0f,0x5a,0x03,0x5b,0x6c,0xba,0xd6,0xf3,0x9c,
    0xd3,0x9c,0x34,0x25,0x28,0x5d,0xef,0xc2,0x1e,0x0f,0x1e,0x3c,0x0b,0x0f,0x02,0x00,
    0x09,0x0a,0x72,0x0e,0x1f,0xa2,0xe6,0xcd,0x10,0x0f,0x02,0x00,0x01,0x0a,0x46,0x00,
    0x0f,0xb8,0x0d,0x25,0x0f,0x02,0x00,0x11,0x51,0xbb,0xbf,0x8c,0x15,0xeb,0x52,0x90,
    0x11,0xeb,0x1a,0x0a,0x53,0xca,0x05,0xed,0x25,0x98,0xc8,0x38,0x11,0xdf,0x30,0x1e,
    0x21,0x53,0x66,0xa6,0x24,0x81,0x15,0xeb,0x0d,0x0b,0x0e,0x0c,0x0e,0xec,0xe0,0x67,
    0x01,0xaa,0x10,0x61,0x05,0x6b,0x05,0x2e,0x26,0xfb,0x74,0x6b,0x02,0x2c,0x00,0x51,
    0xfc,0xcf,0x50,0x46,0xab,0x1c,0x11,0x01,0xbe,0x0d,0x01,0x96,0x1e,0x0f,0x02,0x00,
    0x0d,0x01,0xaa,0x17,0x01,0xae,0x21,0x62,0xeb,0x05,0xee,0x1d,0xbd,0xe7,0xac,0x0a,
    0x02,0x06,0x00,0x0f,0x02,0x00,0xff,0x04,0x2c,0xba,0xd6,0x6e,0x24,0x0f,0x02,0x00,
    0x05,0x0f,0x6e,0x72,0x03,0x6f,0x79,0xce,0xb2,0x94,0xd3,0x9c,0x36,0x1d,0x41,0x24,
    0x34,0xa5,0x90,0x0a,0x02,0x68,0x11,0x04,0x34,0x22,0x0c,0x58,0x46,0x0f,0x1e,0x3c,
    0x0b,0x0f,0x02,0x00,0x07,0x0a,0x16,0x03,0x0a,0x5c,0x03,0x6f,0xdb,0xde,0xf3,0x9c,
    0xb2,0x94,0x9c,0x17,0x11,0x08,0x9e,0x29,0x06,0x28,0xab,0x0f,0x02,0x00,0x42,0x45,
    0xf7,0xb0,0x55,0x6a,0x5c,0x03,0xa2,0xeb,0x05,0xeb,0x05,0xab,0x15,0x56,0x8f,0xff,
    0xf7,0xde,0x02,0x11,0xdf,0xaa,0x75,0x42,0x8e,0x25,0x6a,0x05,0xe8,0x71,0x04,0x6e,
    0x0d,0x02,0x20,0x61,0x53,0x6c,0x15,0x36,0x87,0xfe,0xf0,0x11,0x01,0x16,0x3e,0x41,
    0xaf,0x0e,0x2e,0xcb,0x52,0x2f,0x02,0x7c,0x03,0x0f,0x58,0x03,0x0d,0x02,0x02,0x00,
    0x02,0x2a,0x43,0x62,0x0c,0x06,0x6a,0x05,0x93,0x66,0x48,0x00,0x0f,0x02,0x00,0xff,
    0x10,0x42,0x55,0xad,0xa6,0x31,0x1a,0x02,0x0f,0x02,0x00,0x05,0x4f,0x82,0x10,0xcf,
    0x7b,0xa8,0x38,0x01,0x04,0x0c,0x36,0x0f,0x64,0xe4,0x25,0x5f,0xfb,0xde,0xd3,0x9c,
    0x92,0xc4,0x02,0x02,0x0a,0x4e,0x1e,0x02,0xbc,0x3c,0x02,0x46,0x02,0x0c,0x6e,0x0d,
    0x02,0x7a,0x03,0x0f,0x02,0x00,0x1f,0x0f,0x5c,0x03,0x07,0x15,0x14,0xa4,0xe8,0x0f,
    0x5c,0x0e,0x0f,0x0c,0x72,0x0d,0x0f,0x9c,0x1b,0x0f,0x02,0x02,0x00,0x02,0xcc,0x00,
    0x82,0x1c,0xe7,0xf3,0x9c,0x92,0x94,0xf7,0xbd,0x14,0x00,0x0f,0x02,0x00,0x0d,0x33,
    0xd8,0xae,0x2a,0x8a,0x06,0x01,0x44,0x06,0x74,0x05,0x8a,0x05,0xb2,0x5e,0xfe,0xdf,
    0x74,0x04,0xe2,0xff,0xff,0xff,0xef,0xf7,0x8e,0x6d,0x25,0x6b,0x0d,0xac,0x0d,0x0c,
    0x06,0x3a,0x1e,0xc1,0xcc,0x0d,0xcb,0x05,0xea,0x05,0xab,0x05,0x93,0x66,0xfe,0xe7,
    0x22,0x00,0x02,0x02,0x00,0x41,0xf7,0x36,0x7f,0x8b,0xbc,0x35,0x11,0xeb,0x16,0x25,
    0x02,0xbe,0x06,0x0f,0x02,0x00,0x0f,0xb1,0xeb,0x0d,0xeb,0x0d,0x2b,0x06,0xec,0x05,
    0x2c,0x0d,0x7a,0xc2,0x28,0x02,0x4d,0x00,0x0f,0x02,0x00,0xff,0x10,0x4f,0x14,0xa5,
    0x49,0x4a,0x7e,0x0d,0x03,0x4f,0x45,0x29,0xcf,0x7b,0x2a,0x1e,0x03,0x08,0x00,0x40,
    0x2c,0x00,0x00,0xbc,0x09,0x0f,0x02,0x00,0x0f,0x24,0x55,0xad,0xde,0x09,0x0e,0xbc,
    0x3f,0x04,0xb6,0x03,0x02,0x02,0x00,0x08,0x5e,0x40,0x0c,0x8c,0x32,0x0f,0xb4,0x49,
    0x03,0x0f,0x02,0x00,0x0f,0x0f,0x5c,0x03,0x05,0x0a,0x5c,0x5f,0x0f,0x56,0x17,0x0d,
    0x0a,0x7e,0x25,0x0f,0xfa,0x24,0x1b,0x06,0x26,0xfd,0x0f,0x66,0x54,0x07,0x06,0x02,
    0x00,0x71,0xdf,0xff,0xdf,0xf7,0xce,0x25,0xca,0xda,0x3f,0xb3,0x0c,0x06,0x0c,0x06,
    0x0b,0x06,0xaa,0x05,0xef,0x3d,0xdb,0x72,0x0d,0x02,0xae,0x03,0xd1,0xfe,0xe7,0x58,
    0x8f,0x50,0x36,0x4c,0x0d,0x6b,0x05,0xab,0x05,0xca,0x32,0x7c,0x79,0xcb,0x0d,0xcd,
    0x2d,0xf4,0x76,0xfd,0x94,0x49,0x31,0xfe,0xef,0x52,0x6e,0x0d,0x11,0xcb,0x5c,0x0a,
    0x17,0xcc,0x46,0x83,0x0f,0x02,0x00,0x0b,0xb1,0xeb,0x0d,0x0b,0x06,0x4b,0x06,0x6a,
    0x05,0x8f,0x3d,0xff,0x04,0x07,0x0f,0x5e,0x03,0xff,0x18,0x02,0xe0,0x0c,0xff,0x03,
    0x2c,0x63,0x28,0x42,0x69,0x4a,0x08,0x42,0x28,0x42,0x49,0x4a,0x69,0x4a,0x10,0x84,
    0xf7,0xbd,0x42,0x01,0x07,0x0a,0xde,0x19,0x0f,0xf2,0x23,0x1d,0x0a,0xc4,0x02,0x0c,
    0x00,0x18,0x08,0xea,0x59,0x08,0xcc,0x35,0x19,0x1c,0x30,0x2c,0x46,0x00,0x00,0x65,
    0x29,0x7e,0x02,0x0f,0x02,0x00,0x1b,0x0f,0x5c,0x03,0x05,0x0a,0x10,0x47,0x0f,0xde,
    0xb4,0x0f,0x0c,0x48,0x07,0x0f,0x2a,0x6c,0x15,0x19,0x3c,0x38,0x5c,0x0f,0xd8,0x18,
    0x0f,0x71,0xdf,0xff,0xff,0xff,0xd5,0x7e,0x6a,0x9e,0x89,0x02,0xae,0x13,0x6b,0xea,
    0x05,0xab,0x0d,0x15,0x7f,0xf6,0x00,0xf1,0x06,0xef,0xfc,0xbf,0xf7,0x86,0xf1,0x4d,
    0xcf,0x35,0xce,0x2d,0xee,0x25,0x50,0x36,0xf4,0x6e,0x99,0xb7,0xfd,0xef,0x9a,0x03,
    0x05,0x29,0x00,0x73,0x58,0xaf,0xcd,0x25,0xeb,0x05,0x0c,0x38,0x83,0x0a,0x00,0x5b,
    0x0f,0x02,0x00,0x07,0x01,0x20,0x11,0x75,0x0d,0x0b,0x06,0x6a,0x05,0xd7,0x96,0x4b,
    0x00,0x0f,0x02,0x00,0xff,0x47,0x0a,0x6a,0x13,0x0e,0x7c,0x06,0x0f,0x02,0x00,0x0b,
    0x0a,0xc4,0x02,0x0c,0xa4,0x1a,0x0a,0x7e,0x1a,0x06,0xf2,0x78,0x08,0xa6,0x4a,0x0f,
    0xf8,0x3f,0x2b,0x0f,0x5c,0x03,0x05,0x0a,0x18,0x00,0x1f,0x04,0x36,0x2c,0x0c,0x0a,
    0x80,0x50,0x0f,0x6c,0x5e,0x07,0x0e,0x02,0x00,0x0a,0xe2,0x00,0x0f,0x0e,0x37,0x09,
    0x06,0x02,0x00,0xf4,0x06,0xbd,0xdf,0x6d,0x25,0xab,0x05,0x0b,0x0e,0xeb,0x05,0xec,
    0x0d,0xcb,0x0d,0x0b,0x06,0xca,0x05,0xae,0x2d,0x79,0x20,0x21,0x03,0xda,0x38,0x02,
    0x80,0x35,0x84,0xbd,0xd7,0xbc,0xcf,0xdc,0xcf,0xdc,0xdf,0x66,0x0d,0x02,0x02,0x00,
    0x91,0xdf,0xff,0xff,0xff,0xfc,0xcf,0x70,0x3e,0xca,0x68,0x4d,0x22,0x0c,0x06,0x0e,
    0x4a,0x0f,0x50,0x03,0x07,0x08,0x02,0x00,0x02,0x84,0x03,0x42,0x8a,0x05,0x0f,0x26,
    0xb6,0x06,0x0f,0x02,0x00,0xff,0x30,0x1f,0xdf,0x43,0x01,0x08,0x0a,0x26,0x8c,0x0c,
    0x7a,0x06,0x0f,0x02,0x00,0x0d,0x0a,0xf6,0x09,0x0c,0x16,0xdb,0x26,0xbe,0xf7,0xfc,
    0x09,0x17,0xa6,0xf6,0xe7,0x08,0xc4,0x2f,0x0f,0x60,0x32,0x2b,0x0a,0x44,0x03,0x06,
    0xcc,0x10,0x06,0x78,0x00,0x02,0x10,0x26,0x0f,0x10,0x0b,0x03,0x06,0x02,0x00,0x0c,
    0x20,0x33,0x0f,0x84,0xd8,0x15,0x0a,0x5c,0x04,0x0f,0x36,0x4b,0x09,0x02,0x02,0x00,
    0x02,0xa6,0x1d,0x82,0x55,0x96,0x4a,0x05,0xcb,0x0d,0xeb,0x0d,0xf6,0x31,0x71,0x0b,
    0x06,0x6b,0x0d,0x51,0x56,0xfd,0xe6,0x1a,0x01,0x63,0x03,0x14,0xef,0xdc,0x10,0x0d,
    0x02,0x00,0x12,0xf7,0x1a,0x00,0x82,0xfe,0xe7,0x93,0x5e,0xeb,0x05,0x2b,0x06,0x96,
    0x35,0x02,0x02,0x00,0x08,0x42,0x03,0x0f,0x02,0x00,0x07,0x91,0xeb,0x0d,0xea,0x0d,
    0x2b,0x06,0x6a,0x05,0x18,0x88,0x39,0x0d,0x60,0x00,0x0f,0x02,0x00,0xff,0x3d,0x26,
    0x5d,0xef,0x28,0x6b,0x2f,0x49,0x4a,0x5d,0x01,0x1d,0x0a,0xa4,0x5d,0x0e,0xde,0x17,
    0xa8,0xdf,0xff,0x10,0x84,0x49,0x4a,0xc7,0x39,0x4d,0x6b,0xd2,0x24,0x22,0x0c,0x63,
    0xf4,0x02,0x04,0x02,0x00,0x0a,0xbc,0x54,0x0f,0x02,0x00,0x19,0x0f,0x5c,0x03,0x05,
    0x1b,0xcf,0x9a,0x1e,0x0f,0x72,0x0d,0x0d,0x0c,0x64,0x44,0x0f,0x86,0x1e,0x01,0x6a,
    0x18,0xc6,0x71,0x8c,0x92,0x94,0xac,0x00,0x0a,0x54,0x62,0x0f,0x78,0x47,0x0f,0x02,
    0xee,0x7b,0x51,0xde,0xff,0xef,0x35,0xc9,0x44,0x1e,0x02,0x6a,0x1a,0x82,0xcb,0x05,
    0xcb,0x0d,0xd3,0x66,0xfc,0xcf,0x58,0x28,0x0f,0xf4,0x02,0x00,0x04,0x84,0x7f,0x02,
    0x1b,0x01,0x41,0xf7,0x15,0x77,0xab,0xfa,0x1a,0x02,0x56,0x03,0x02,0x02,0x00,0x0f,
    0x50,0x03,0x07,0x06,0x02,0x00,0xa1,0x0c,0x06,0x0a,0x06,0x0a,0x06,0xa9,0x05,0x30,
    0x36,0x49,0x00,0x04,0x50,0x00,0x0f,0x02,0x00,0xff,0x49,0x8f,0x9e,0xf7,0x8e,0x73,
    0xa6,0x31,0xe7,0x39,0xb6,0xce,0x23,0x06,0xde,0x02,0x0f,0xba,0xe6,0x17,0x0a,0xe4,
    0x0d,0x2f,0x04,0x21,0xdd,0x01,0x27,0x06,0x7e,0x00,0x0a,0xb8,0x06,0x0c,0x56,0x17,
    0x0f,0x0e,0x7d,0x0f,0x0a,0x16,0x66,0x1d,0x24,0x1c,0x62,0x04,0x92,0x0d,0x2a,0x41,
    0x08,0x56,0x0d,0x06,0x38,0x00,0x32,0x04,0x21,0xfb,0x43,0x24,0x0f,0x02,0x00,0x0a,
    0x02,0x96,0x2b,0x31,0x38,0xa7,0x8a,0xd0,0x10,0x22,0xec,0x05,0xa6,0x09,0x84,0x0b,
    0x06,0xab,0x05,0x71,0x56,0xba,0xbf,0x46,0x46,0x07,0x62,0x03,0x02,0x58,0x03,0x01,
    0xd4,0x82,0x01,0x22,0x57,0xb1,0xdf,0xb4,0x76,0xec,0x05,0x2b,0x06,0xcb,0x0d,0xab,
    0x15,0x24,0x2f,0x11,0x05,0x46,0x00,0x0f,0xde,0x1a,0x12,0x92,0x0b,0x06,0x4b,0x06,
    0xca,0x05,0x4b,0x0d,0x7a,0x52,0x1b,0x0f,0x5c,0x03,0xff,0x51,0x08,0x02,0x00,0x0f,
    0x34,0x05,0x00,0x0f,0x02,0x00,0x0e,0x8f,0x51,0x8c,0x08,0x42,0xc7,0x39,0xae,0x73,
    0xe0,0x17,0x01,0x0f,0x02,0x00,0x03,0x0a,0x68,0x6f,0x0f,0x60,0x5d,0x21,0x04,0x02,
    0x00,0x0f,0x5c,0x03,0x05,0x0a,0x62,0x00,0x04,0x00,0x18,0x0f,0x02,0x00,0x09,0x0a,
    0x30,0x18,0x0c,0xde,0x0a,0x0a,0x4e,0x15,0x0a,0xbc,0x06,0x8f,0x92,0x94,0x28,0x42,
    0xc7,0x39,0x6d,0x6b,0x3e,0x58,0x16,0x01,0xd4,0x02,0x31,0x73,0x5e,0xa9,0x56,0x10,
    0x04,0xd4,0x24,0x93,0xeb,0x05,0x6a,0x05,0x0f,0x46,0x77,0x97,0xfc,0x84,0x7f,0x09,
    0x60,0x03,0x04,0xc4,0x10,0x82,0xef,0x9b,0xb7,0x31,0x4e,0xab,0x05,0xea,0xc6,0x46,
    0x01,0x76,0x57,0x02,0x5a,0x03,0x0f,0x5c,0x03,0x0b,0x11,0xeb,0x8e,0x46,0xa1,0x0b,
    0x06,0x0c,0x06,0x2b,0x06,0x49,0x05,0xb5,0x7e,0x08,0x01,0x01,0x86,0x00,0x0f,0x02,
    0x00,0xff,0x58,0x0f,0x5a,0x03,0x21,0x0f,0x02,0x00,0x11,0x0c,0x58,0x00,0x17,0x9e,
    0x88,0x0d,0x0f,0x00,0x10,0x13,0x0f,0x02,0x00,0x05,0x0f,0x5c,0x03,0x05,0x0a,0x64,
    0x10,0x0f,0xf8,0x5e,0x13,0x06,0x3c,0x0d,0x2c,0x41,0x08,0x72,0x1e,0x0a,0xc6,0x0a,
    0x0f,0xea,0x10,0x15,0x0f,0x02,0x00,0x02,0x01,0x34,0x0d,0x72,0xdf,0xff,0xde,0xef,
    0xce,0x25,0xa9,0xe2,0x67,0x12,0x05,0x32,0x28,0xce,0xeb,0x05,0xab,0x05,0xed,0x1d,
    0x72,0x56,0x57,0x9f,0xfc,0xd7,0xfa,0x02,0xb1,0xfe,0xdf,0x99,0x9f,0xb4,0x5e,0xef,
    0x2d,0xac,0x05,0x0b,0x42,0x72,0x22,0xec,0x05,0x88,0x57,0x0f,0x5c,0x03,0x11,0x02,
    0xc4,0x2b,0xa2,0x0b,0x06,0x0b,0x06,0x8a,0x05,0xef,0x2d,0xfe,0xef,0x02,0x07,0x0c,
    0x96,0x01,0x0f,0x02,0x00,0xff,0xb6,0x8f,0xdf,0xff,0x10,0x84,0x28,0x42,0x08,0x42,
    0xec,0xc1,0x0d,0x0f,0x02,0x00,0x0d,0x0f,0x5c,0x03,0x05,0x0a,0x60,0x3d,0x0f,0x0e,
    0x03,0x15,0x8e,0x14,0xa5,0x69,0x4a,0xe7,0x39,0x0c,0x63,0xe6,0x1b,0x0a,0x68,0x00,
    0x0f,0xa2,0x25,0x25,0x0a,0x02,0x00,0x72,0x3a,0xc7,0x29,0x05,0xab,0x05,0x2c,0xd0,
    0x1d,0x01,0xe0,0x53,0xf1,0x14,0x0c,0x06,0xec,0x05,0x8b,0x0d,0x8d,0x25,0x10,0x4e,
    0x95,0x7e,0x37,0x97,0x79,0xb7,0x9a,0xc7,0xbb,0xc7,0xdc,0xcf,0x7b,0xc7,0xf8,0xa6,
    0xd5,0x7e,0x71,0x4e,0xed,0x25,0x8a,0x05,0xcb,0x52,0x03,0x0f,0x02,0x00,0x01,0x06,
    0x56,0x0d,0x0a,0x02,0x00,0x31,0xeb,0x0d,0xeb,0xbe,0x3c,0xaf,0xec,0x0d,0x0c,0x0e,
    0xc9,0x05,0x6c,0x15,0x9c,0xc7,0x56,0x03,0xff,0xc8,0x0f,0x02,0x00,0x3b,0x0a,0xf4,
    0x02,0x06,0x28,0x14,0x0c,0x42,0x1b,0x0f,0x66,0x10,0x0f,0x0f,0x02,0x00,0x0b,0x0c,
    0x1c,0x11,0x0f,0x50,0x15,0x1d,0x0f,0x02,0x00,0x03,0xf1,0x01,0xb6,0x96,0x4a,0x05,
    0x2a,0x06,0xeb,0x0d,0xab,0x1d,0xec,0x0d,0xec,0x0d,0xcc,0x15,0x06,0x00,0xf2,0x0b,
    0x0d,0xab,0x0d,0x8b,0x05,0xac,0x05,0xee,0x15,0xee,0x25,0xef,0x2d,0x0f,0x2e,0x30,
    0x2e,0x0f,0x26,0xce,0x15,0xac,0x0d,0xab,0x05,0xeb,0xfe,0x10,0x1f,0x0d,0x5a,0x03,
    0x01,0x0f,0x14,0x0a,0x07,0xd1,0x0c,0x06,0xec,0x0d,0xcb,0x15,0xeb,0x0d,0x0c,0x06,
    0xab,0x05,0x4b,0x20,0x14,0x02,0xf2,0x0d,0x0f,0x02,0x00,0xff,0xff,0x11,0x0f,0x5c,
    0x03,0x05,0x19,0xba,0x18,0x44,0x0f,0x64,0x3d,0x2f,0x0a,0x10,0x15,0x0f,0x50,0x00,
    0x2d,0x06,0x94,0x09,0xb1,0xb4,0x76,0x68,0x05,0x0a,0x06,0xec,0x0d,0xed,0x05,0xec,
    0x1a,0x28,0x11,0xeb,0x66,0x21,0x02,0x66,0xae,0x51,0xab,0x05,0xab,0x05,0x8b,0x02,
    0x00,0x42,0xcc,0x05,0xec,0x05,0xaa,0x64,0x01,0x76,0x17,0x0f,0x5e,0x03,0x02,0x0a,
    0xae,0x06,0x06,0x02,0x00,0x02,0x5c,0x03,0x01,0x1c,0xa8,0x21,0x05,0x19,0x7a,0x17,
    0x01,0xe8,0x17,0x1f,0xf7,0x5c,0x03,0xff,0xff,0x29,0x42,0x7d,0xef,0x24,0x21,0x3c,
    0x14,0x02,0x02,0x00,0x0f,0xea,0xa4,0x03,0x0f,0x02,0x00,0x17,0x0c,0x9e,0x65,0x0f,
    0xe6,0x80,0x05,0x0f,0x02,0x00,0x19,0xd1,0xbf,0xff,0xbf,0xff,0xff,0xf7,0x10,0x56,
    0x48,0x05,0x2c,0x06,0x0d,0x68,0x10,0x02,0x5c,0x4d,0x01,0xd6,0x2e,0x01,0x76,0x3c,
    0x11,0xeb,0x46,0x03,0x42,0xcc,0x0d,0xcb,0x0d,0x08,0x40,0x0a,0x76,0x17,0x0a,0x02,
    0x00,0x06,0x4e,0x03,0x0a,0x02,0x00,0x02,0x6c,0x0d,0x31,0x0a,0x06,0x69,0x00,0x79,
    0x06,0x02,0x00,0x02,0xa2,0x5e,0x0f,0x02,0x00,0xff,0xff,0x0b,0x0f,0xb8,0x06,0x05,
    0x2a,0xff,0xff,0x1c,0x44,0x1f,0x04,0x34,0x97,0x2e,0x06,0x6c,0x17,0x02,0x02,0x00,
    0x0f,0x32,0x1b,0x0f,0x0f,0x02,0x00,0x0d,0x02,0xbe,0x06,0x71,0xfe,0xf7,0x32,0x5e,
    0x0a,0x05,0xac,0x1e,0x68,0x02,0xf0,0x1a,0x01,0x9c,0x3f,0x01,0x72,0x7f,0x02,0xc2,
    0x06,0x02,0xe6,0x13,0x06,0x16,0x2f,0x0a,0x54,0x03,0x04,0x02,0x00,0x02,0x2e,0x00,
    0x0f,0x02,0x00,0x01,0xa3,0x2b,0x06,0x8b,0x05,0x2b,0x05,0x95,0x6e,0xff,0xf7,0x0e,
    0x0a,0x0f,0xb4,0x06,0xff,0xfd,0xaa,0x5d,0xef,0x8e,0x73,0xc7,0x39,0xe7,0x39,0x51,
    0x8c,0xb2,0x02,0x0f,0x5c,0x03,0x15,0x0f,0x0a,0x6f,0x07,0x0f,0x02,0x00,0x15,0x0a,
    0x26,0x1e,0x0f,0x1e,0x11,0x15,0x0f,0x02,0x00,0x0b,0x22,0xfe,0xf7,0x60,0x03,0x47,
    0x74,0x86,0x09,0x05,0xc4,0xb8,0x01,0xb6,0x06,0x04,0x02,0x00,0x11,0xec,0xf2,0x64,
    0x02,0x8a,0x0d,0x2f,0xcc,0x0d,0x5a,0x03,0x05,0x0e,0x5c,0x03,0x02,0xc2,0x32,0xf2,
    0x01,0x0c,0x06,0x2b,0x06,0xc9,0x05,0x0a,0x0d,0xf9,0xa6,0xff,0xff,0xdf,0xff,0xfd,
    0xf7,0xae,0x06,0x02,0x76,0x00,0x0f,0x02,0x00,0xff,0xbc,0x0f,0xf6,0x15,0x25,0x08,
    0x3c,0x22,0x28,0x8a,0x52,0x46,0x00,0x0f,0x5c,0x03,0x07,0x0a,0xf6,0x24,0x2f,0x82,
    0x10,0xf6,0x24,0x0d,0x0f,0x02,0x00,0x0f,0x0a,0x66,0x0a,0x0e,0xc4,0x62,0x0f,0x02,
    0x00,0x20,0x11,0xf7,0x2a,0x43,0x83,0xff,0xff,0xff,0x96,0x9e,0x4c,0x0d,0x6a,0x48,
    0x1e,0x13,0xeb,0x94,0x17,0x02,0x0a,0x43,0x01,0x0e,0x0a,0x03,0x96,0x46,0x04,0x6a,
    0x43,0x0f,0x02,0x00,0x01,0x02,0xee,0x06,0x02,0xfc,0x06,0x01,0xa0,0x17,0xc5,0x0d,
    0xec,0x0d,0x0c,0x0e,0x2b,0x06,0xa9,0x05,0x6c,0x1d,0x18,0x00,0x51,0x0f,0x02,0x00,
    0xff,0xc6,0x02,0x14,0x03,0x6f,0x18,0xc6,0x30,0x84,0x30,0x84,0x54,0x32,0x1b,0x04,
    0x14,0x21,0x02,0x02,0x00,0x02,0x08,0x36,0x02,0x02,0x00,0x0f,0x5c,0x03,0x07,0x22,
    0xae,0x73,0x2e,0x00,0x04,0x02,0x00,0x0f,0xc4,0x09,0x19,0x6c,0x1c,0xe7,0x92,0x94,
    0xef,0x7b,0x32,0x00,0x0a,0x16,0x0a,0x0f,0x74,0xec,0x1d,0x0f,0x02,0x00,0x05,0x02,
    0x16,0x01,0xf1,0x01,0xff,0xff,0x7a,0xc7,0x8e,0x35,0x69,0x05,0xcb,0x05,0xec,0x0d,
    0x2b,0x06,0x2b,0x06,0x62,0x0d,0x07,0x62,0x5a,0x0f,0x02,0x00,0x0f,0x04,0x06,0x11,
    0x01,0xf4,0xcc,0xe4,0x0d,0x0b,0x06,0x2c,0x06,0x4c,0x06,0xec,0x05,0x29,0x05,0xce,
    0x35,0xbb,0x76,0x17,0x0f,0x0c,0x0a,0xff,0xcd,0x06,0x1a,0x2c,0x0f,0x8e,0x21,0x19,
    0x0a,0xf6,0x39,0x08,0xac,0x2f,0x0f,0x5c,0x03,0x07,0x0c,0x9a,0x21,0x0f,0xbc,0x38,
    0x15,0x08,0x6a,0xce,0x0a,0x76,0x91,0x0a,0x10,0x52,0x0f,0xae,0x35,0x11,0x0f,0x02,
    0x00,0x0d,0x04,0x58,0x03,0x02,0xaa,0x09,0x91,0xdd,0xef,0x73,0x66,0x4a,0x05,0x8a,
    0x05,0x4c,0xc8,0x6e,0x01,0xb2,0x06,0x32,0x0d,0xeb,0x0d,0xf4,0x1d,0x0f,0x02,0x00,
    0x0f,0x05,0xe6,0x06,0xf1,0x07,0x0d,0x0b,0x06,0x0a,0x06,0x2b,0x06,0x4b,0x06,0xaa,
    0x05,0x4b,0x0d,0x94,0x7e,0xfe,0xe7,0xff,0xff,0x9f,0xff,0x9f,0xd9,0x00,0x0f,0x90,
    0x00,0x0d,0x0f,0x02,0x00,0xff,0xaa,0x0a,0xca,0x3f,0x0f,0xe4,0x27,0x0f,0x02,0x02,
    0x00,0x39,0xbe,0xf7,0x04,0xf4,0x13,0x08,0x90,0x24,0x0f,0x5c,0x03,0x07,0x06,0xa4,
    0x4d,0x11,0x20,0x6a,0x28,0x11,0x7d,0x0a,0x38,0x0f,0x02,0x00,0x0f,0x24,0x9e,0xf7,
    0xc0,0x54,0x0e,0x38,0x70,0x15,0xef,0xe6,0x1a,0x2f,0xe3,0x18,0x3c,0x28,0x11,0x0f,
    0x02,0x00,0x0d,0x04,0x5c,0x03,0x06,0x02,0x0d,0x97,0x59,0xa7,0xef,0x35,0x2a,0x05,
    0xaa,0x05,0x4b,0xba,0xcc,0x0f,0x02,0x00,0x13,0x11,0xec,0x42,0x72,0x04,0x8e,0x9a,
    0x71,0x89,0x05,0x2a,0x05,0xf0,0x4d,0x5a,0x6f,0x17,0x21,0xbf,0xff,0xc4,0x10,0x01,
    0xa4,0x75,0x0f,0x02,0x00,0xff,0xc8,0x22,0x8a,0x52,0xb2,0x02,0x02,0x02,0x00,0x0f,
    0xfa,0x05,0x15,0x08,0xe8,0x72,0x0c,0x5c,0x43,0x0f,0x5c,0x03,0x07,0x0a,0x9c,0x6f,
    0x2f,0xcb,0x5a,0x56,0x02,0x15,0x08,0x4a,0x86,0x0e,0xe8,0x79,0x98,0x34,0xa5,0xaa,
    0x52,0x69,0x4a,0xae,0x73,0x1c,0x5e,0x3f,0x0f,0x02,0x00,0x0a,0x06,0x40,0x03,0x0e,
    0x02,0x00,0x04,0x1c,0x00,0x03,0x5c,0x10,0x01,0xb4,0x09,0x91,0xfe,0xf7,0xd7,0x8e,
    0xef,0x2d,0x2a,0x05,0x8b,0x5c,0x57,0x0a,0x52,0x50,0x0f,0x02,0x00,0x09,0x31,0xec,
    0x0d,0xec,0xca,0x6b,0xa4,0xec,0x05,0x8a,0x05,0x2a,0x05,0xcf,0x3d,0xf7,0x9e,0x58,
    0x03,0x12,0xff,0x58,0x03,0x01,0x5e,0x00,0x0f,0x02,0x00,0xff,0x8c,0x6e,0xb6,0xb5,
    0x10,0x84,0x51,0x8c,0x16,0x24,0x0f,0x02,0x00,0x0f,0x0c,0x80,0x06,0x0f,0x80,0x46,
    0x15,0x0a,0xee,0x06,0x28,0x00,0x00,0xbc,0xb9,0x0f,0x5c,0x03,0x09,0x24,0xdb,0xde,
    0x3e,0x33,0x2f,0xc7,0x39,0x48,0x2c,0x17,0x0a,0x96,0x91,0x17,0x04,0x10,0x2f,0x04,
    0x0a,0x03,0x0f,0x02,0x00,0x0f,0x8f,0x5d,0xef,0xf3,0x9c,0xef,0x7b,0xd3,0x9c,0x2c,
    0x07,0x11,0x03,0x58,0x03,0x01,0xb4,0x09,0x31,0xdf,0xff,0x9f,0xa4,0xb1,0xd5,0xde,
    0xe7,0x75,0x96,0x4e,0x35,0x8b,0x05,0xa9,0x05,0xe9,0x05,0x0a,0x8e,0x17,0x02,0x8c,
    0x17,0x01,0xfe,0x1a,0x03,0x7c,0x2b,0x08,0x02,0x00,0x01,0x92,0x46,0x92,0x05,0x6a,
    0x05,0x4b,0x0d,0xaf,0x3d,0x97,0x9e,0x50,0x2f,0x01,0xb0,0x06,0x08,0x02,0x00,0x0f,
    0x60,0x03,0xff,0x8b,0x13,0xaa,0x7a,0x06,0x3f,0x20,0x00,0xf3,0x46,0x90,0x1e,0x0a,
    0x6a,0x2e,0x0f,0xb8,0x06,0x17,0x0c,0x8e,0x72,0x08,0x7a,0x00,0x0f,0x5c,0x03,0x09,
    0x88,0xff,0xff,0x9e,0xf7,0x55,0xad,0xf3,0x9c,0xfc,0x10,0x0f,0x02,0x00,0x0f,0x19,
    0x1c,0xa6,0x3f,0x0f,0x00,0x04,0x15,0x08,0x02,0x00,0x24,0x9a,0xd6,0xc4,0x0a,0x2f,
    0x24,0x21,0x9e,0x14,0x0f,0x07,0x5c,0x03,0x03,0x48,0x32,0x02,0xc4,0x03,0xd3,0xfe,
    0xef,0x79,0xaf,0x93,0x5e,0xcd,0x25,0x6a,0x05,0xaa,0x05,0xaa,0x4c,0x03,0x02,0x4a,
    0x61,0x05,0x06,0xc3,0x01,0xc0,0x6b,0x33,0xeb,0x05,0xeb,0x30,0xeb,0x91,0x8b,0x05,
    0xee,0x25,0x73,0x5e,0x5a,0xaf,0xff,0x54,0x07,0x04,0x48,0x00,0x0f,0x02,0x00,0xff,
    0x96,0x22,0x51,0x8c,0x96,0x09,0x02,0x02,0x00,0x0f,0x74,0x4d,0x1d,0x22,0xd3,0x9c,
    0x38,0x00,0x04,0x02,0x00,0x08,0x80,0x06,0x0f,0x02,0x00,0x09,0x24,0x96,0xb5,0x32,
    0x00,0x02,0x02,0x00,0x08,0x38,0x00,0x0f,0x5c,0x03,0x0b,0x0f,0x02,0x00,0x23,0x15,
    0x92,0x02,0x33,0x0f,0x30,0xff,0x09,0x0f,0x02,0x00,0x07,0x08,0xd0,0x4e,0x0f,0x16,
    0x65,0x2d,0xf1,0x06,0x9c,0xdf,0x19,0xaf,0x74,0x6e,0x8e,0x3d,0x8d,0x25,0x8c,0x0d,
    0x8b,0x05,0x6a,0x05,0x6a,0x05,0x89,0x05,0xca,0x18,0x39,0xf1,0x06,0xaa,0x05,0x69,
    0x05,0x8a,0x05,0x8a,0x05,0xab,0x05,0x8b,0x05,0xcd,0x25,0xef,0x3d,0x74,0x7e,0x39,
    0xb7,0xdd,0x56,0x03,0x0f,0x02,0x00,0xff,0xa2,0x1b,0x7d,0xb0,0x53,0x0f,0x66,0x5a,
    0x1d,0x19,0x8e,0x16,0x17,0x2f,0x41,0x08,0x9c,0x03,0x15,0x0c,0x4e,0x17,0x08,0x88,
    0x06,0x0f,0x5c,0x03,0x41,0xaf,0xff,0xff,0x55,0xad,0xeb,0x5a,0x69,0x4a,0x8e,0x73,
    0xb0,0x10,0x21,0x0a,0x72,0x91,0x2f,0x20,0x00,0x44,0x00,0x21,0x02,0x02,0x00,0x03,
    0xfa,0x27,0xf3,0x17,0xff,0xff,0xff,0xbe,0xf7,0x7c,0xd7,0x5a,0xb7,0x18,0x97,0x75,
    0x76,0xb4,0x76,0xd4,0x7e,0x11,0x56,0x8e,0x3d,0xaf,0x45,0x52,0x5e,0xd5,0x76,0xd4,
    0x6e,0xb4,0x76,0x17,0x97,0x59,0xb7,0xbc,0xdf,0xfd,0xaa,0x11,0x12,0xdf,0x5e,0x0d,
    0x01,0x36,0x00,0x0f,0x02,0x00,0xff,0x9a,0x06,0xd0,0x05,0x02,0x02,0x00,0x0c,0x24,
    0x21,0x0f,0x02,0x00,0x0b,0x0c,0x8c,0x67,0x0f,0xe2,0xc8,0x0b,0x08,0x02,0x00,0x0a,
    0xa6,0x3c,0x28,0x20,0x00,0x48,0x10,0x0f,0x5c,0x03,0x43,0x0f,0x02,0x00,0x29,0x08,
    0x8a,0x7a,0x0f,0x8e,0x4d,0x1b,0x06,0x02,0x00,0x03,0xd0,0x09,0x02,0x72,0x3c,0x03,
    0x18,0x54,0x08,0x02,0x00,0x3b,0xde,0xef,0xde,0x40,0x03,0x01,0x88,0x43,0x03,0x14,
    0x00,0x13,0xdf,0x08,0x00,0x0f,0x02,0x00,0xff,0x9a,0x0a,0x98,0x20,0x0f,0x44,0x17,
    0x17,0x02,0x02,0x00,0x17,0x9a,0xfe,0x7c,0x0c,0xee,0x13,0x0f,0x02,0x00,0x0b,0x0a,
    0x4c,0x0a,0x17,0x24,0x5e,0x10,0x0f,0x5c,0x03,0x07,0x0a,0xb6,0x3b,0x0f,0x02,0x00,
    0x59,0x0a,0x5e,0x5e,0x0f,0x62,0x1e,0x23,0x06,0x5c,0x03,0x21,0xdf,0xf7,0x36,0x03,
    0x01,0xc1,0x00,0x0e,0xd4,0x00,0x01,0xa6,0x06,0x03,0x84,0x03,0x02,0x1e,0x00,0x02,
    0x02,0x00,0x01,0x2f,0x00,0x0f,0x02,0x00,0xff,0x99,0x0c,0xae,0x13,0x1f,0x65,0x52,
    0x8d,0x00,0x6f,0x55,0xad,0xef,0x7b,0x30,0x84,0x44,0x14,0x03,0x0a,0xdc,0x16,0x0f,
    0xf6,0x06,0x19,0x0a,0x04,0x51,0x08,0x3a,0x1e,0x0f,0x5c,0x03,0x07,0x0f,0x02,0x00,
    0x69,0x24,0x96,0xb5,0xb4,0x69,0x19,0x20,0xc0,0x0a,0x0f,0x02,0x00,0x1f,0x31,0xdf,
    0xff,0xbf,0x38,0x14,0x07,0x46,0x03,0x01,0x45,0x00,0x05,0x42,0x03,0x01,0xac,0x06,
    0x02,0x0e,0x00,0x03,0x90,0x03,0x03,0x14,0x00,0x0f,0x02,0x00,0xff,0x9c,0x22,0x28,
    0x42,0x70,0x06,0x04,0x02,0x00,0x0a,0x92,0x45,0x35,0xff,0xff,0xdf,0x7a,0x2e,0x1f,
    0x20,0x3a,0x53,0x02,0x0c,0x94,0x50,0x2f,0x18,0xc6,0x00,0x02,0x17,0x06,0xce,0x21,
    0x2a,0x65,0x29,0x4e,0x17,0x0f,0x14,0x0a,0x7f,0x02,0x48,0x70,0x6c,0x6d,0x6b,0xcb,
    0x5a,0x6d,0x6b,0x1a,0x40,0x0f,0x02,0x00,0x20,0x01,0x3e,0x03,0x06,0x40,0x03,0x0f,
    0x4e,0x0d,0x0f,0x05,0x64,0x03,0x0f,0x02,0x00,0xff,0x97,0x0c,0x40,0x17,0x0e,0x6a,
    0xa8,0x08,0xaa,0x50,0x0a,0x14,0x0d,0x02,0x02,0x00,0x0a,0x8e,0xaf,0x1f,0xc3,0xe6,
    0xb5,0x04,0x0f,0x02,0x00,0x05,0x6e,0x55,0xad,0xcb,0x5a,0x49,0x4a,0xd0,0x5e,0x0f,
    0x5c,0x03,0x83,0x0f,0x02,0x00,0xff,0xff,0x1d,0x0a,0x50,0x10,0x0f,0xc0,0x60,0x01,
    0x0a,0xea,0x61,0x0c,0xd6,0x06,0x0c,0x88,0x6e,0x0c,0xc0,0x97,0x0f,0x02,0x00,0x25,
    0x0f,0x5c,0x03,0xff,0xff,0xb1,0x0a,0x50,0x1d,0x4a,0x00,0x00,0x00,0x00,0x9a,0x09,
    0x0f,0x5c,0x03,0x13,0xaf,0xff,0xff,0x6d,0x6b,0xe3,0x18,0x61,0x08,0x24,0x21,0xd4,
    0xa0,0x37,0x0f,0x5c,0x03,0x4b,0x73,0x9e,0xf7,0xf7,0xbd,0xf7,0xbd,0x9e,0xe6,0x0c,
    0x0f,0x02,0x00,0xff,0xff,0x45,0x06,0xf0,0x0c,0x02,0x02,0x00,0x0f,0xae,0x20,0x01,
    0x08,0x96,0x06,0x0f,0x58,0x1e,0x07,0x4f,0x7d,0xef,0xfb,0xde,0xac,0x02,0x39,0x0f,
    0x5c,0x03,0x49,0x22,0x55,0xad,0x60,0x21,0x2f,0x24,0x21,0x12,0x91,0x6b,0x0f,0x02,
    0x00,0xff,0xca,0x0c,0x08,0x28,0x0f,0xb0,0x31,0x03,0x26,0x1c,0xe7,0xa8,0x85,0x2f,
    0x10,0x84,0x10,0x02,0x55,0x0f,0x5c,0x03,0x47,0x08,0x62,0x0e,0x2f,0x41,0x08,0xbc,
    0x24,0x0f,0x0f,0x02,0x00,0xff,0xff,0x25,0x0a,0x60,0x1a,0x0f,0xd2,0x67,0x07,0x6f,
    0x5d,0xef,0x51,0x8c,0xcb,0x5a,0x22,0xde,0x0d,0x01,0xec,0x12,0x0f,0x02,0x00,0x36,
    0x0f,0x5c,0x03,0x47,0x0a,0x46,0x22,0x0f,0x46,0x80,0x05,0x6f,0x34,0xa5,0x8e,0x73,
    0x8e,0x73,0x6a,0x17,0x2b,0x0f,0x02,0x00,0xff,0xea,0x0a,0x86,0x60,0x0a,0x2c,0x2b,
    0x0f,0x02,0x00,0x6d,0x0f,0x5c,0x03,0x47,0x04,0x96,0x2c,0x02,0x02,0x00,0x0f,0xfa,
    0x94,0x03,0x22,0xcb,0x5a,0x1e,0x00,0x04,0xf8,0x72,0x0f,0x38,0x04,0x3b,0x0f,0x02,
    0x00,0xff,0xd0,0x0c,0x2a,0x2b,0x2f,0x24,0x21,0xf4,0x01,0x79,0x0f,0x5c,0x03,0x13,
    0x04,0xe2,0x0d,0x0f,0xfc,0x02,0x19,0x0a,0x5c,0x03,0x0f,0x78,0xd1,0x01,0x15,0xb2,
    0xd4,0x2b,0x0f,0x28,0x0b,0x05,0x0f,0x02,0x00,0xff,0xff,0x0f,0x0a,0x0a,0x5d,0x0f,
    0x8c,0x3f,0x1b,0x0f,0x02,0x00,0x4f,0x0f,0x5c,0x03,0x0f,0x8c,0xd3,0x9c,0xe7,0x39,
    0x24,0x21,0x28,0x42,0xfe,0x42,0x0f,0x02,0x00,0x0d,0x0c,0x3e,0x29,0x0e,0x92,0x79,
    0x04,0x2c,0x1f,0x02,0x02,0x00,0x0f,0xf2,0x2e,0x2d,0x0f,0x02,0x00,0xff,0xe2,0x0a,
    0x2c,0x3c,0x28,0x61,0x08,0x2a,0x2b,0x0f,0x02,0x00,0x19,0x04,0x3c,0x06,0x0f,0x02,
    0x00,0x3b,0x0f,0x5c,0x03,0x0d,0x06,0x40,0x61,0x0f,0x68,0x5a,0x1d,0x0c,0x60,0x7c,
    0x0e,0xd8,0x49,0x0a,0x1a,0x01,0x0c,0xde,0x64,0x0f,0x02,0x00,0xff,0xff,0x13,0x0a,
    0x1c,0x09,0x1f,0xeb,0x1c,0x3f,0x16,0x08,0x02,0x00,0x8f,0x92,0x94,0xa6,0x31,0x24,
    0x21,0x08,0x42,0x22,0x43,0x15,0x0f,0x02,0x00,0x17,0x0f,0x5c,0x03,0x0b,0x28,0x5d,
    0xef,0x5a,0x7d,0x0f,0x38,0x2b,0x1b,0x0a,0x74,0x2b,0x0f,0x58,0x18,0x01,0x0a,0xee,
    0x10,0x0f,0x10,0x80,0x11,0x0f,0x02,0x00,0xff,0xfe,0x08,0x64,0x2b,0x0f,0xb6,0x06,
    0x23,0x06,0xc2,0x45,0x0f,0xca,0x4c,0x1b,0x0f,0x02,0x00,0x11,0x0f,0x5c,0x03,0x0b,
    0x0a,0xb0,0x53,0x0f,0xbe,0x00,0x1d,0x0a,0xb2,0x1b,0x0e,0xc4,0x11,0x0c,0x24,0x5e,
    0x0f,0xf0,0x10,0x03,0x0f,0x02,0x00,0xff,0xff,0x0d,0x42,0x30,0x84,0x61,0x08,0xea,
    0xdd,0x0f,0x44,0x1d,0x21,0x0a,0xe0,0x02,0x0f,0x92,0x7f,0x27,0x0f,0x02,0x00,0x03,
    0x0f,0x5c,0x03,0x0b,0x0a,0x42,0x2f,0x2f,0xc3,0x18,0xc0,0x42,0x11,0x06,0x02,0x00,
    0x0c,0xc6,0x11,0x0e,0x0c,0x65,0x04,0x90,0x43,0x04,0x02,0x00,0x0f,0xde,0x64,0x33,
    0x0f,0x02,0x00,0xff,0xdc,0x6f,0xfb,0xde,0x34,0xa5,0x75,0xad,0x9a,0x02,0x1b,0x04,
    0x02,0x00,0x0a,0x3a,0x09,0x0f,0xe0,0x02,0x1d,0x0f,0x02,0x00,0x0d,0x0f,0x5c,0x03,
    0x0b,0x0a,0x14,0x0d,0x2f,0x6d,0x6b,0x4e,0x00,0x0d,0x0a,0x02,0x00,0x22,0x3c,0xe7,
    0x54,0x04,0x04,0x02,0x00,0x06,0x3a,0x36,0x04,0x6c,0x2e,0x08,0xce,0x0d,0x0f,0xd0,
    0x10,0xff,0xff,0x27,0x0f,0x02,0x00,0x29,0x0a,0x1e,0x1b,0x1f,0x82,0x72,0x93,0x24,
    0x0f,0x02,0x00,0x05,0x0f,0x5c,0x03,0x0d,0x33,0x3c,0xe7,0xe7,0xb2,0xd3,0x2f,0xaa,
    0x52,0x4e,0x11,0x1f,0x0a,0xf8,0x5a,0x0e,0xda,0x8a,0x0c,0xe6,0x40,0x0f,0x76,0x0a,
    0x1d,0x0f,0x02,0x00,0xff,0xff,0x2d,0x24,0xdb,0xde,0x28,0x38,0x02,0x02,0x00,0x2f,
    0xa6,0x31,0x64,0x1a,0x19,0x0f,0x02,0x00,0x0f,0x0f,0x5c,0x03,0x0d,0x8f,0xff,0xff,
    0xff,0xff,0x18,0xc6,0x55,0xad,0x4a,0x35,0x23,0x0a,0x7c,0x47,0x0f,0x88,0x17,0x01,
    0x0c,0x20,0x30,0x0f,0x68,0x00,0x23,0x0f,0x02,0x00,0xff,0xff,0x25,0x0c,0x78,0x78,
    0x0f,0x98,0x09,0x1d,0x0f,0x02,0x00,0x0d,0x0f,0x5c,0x03,0x11,0x0f,0x02,0x00,0x27,
    0x0a,0x2c,0x0e,0x0f,0xf4,0x09,0x01,0x0c,0x22,0x00,0x0f,0x7a,0x46,0x27,0x0f,0x02,
    0x00,0xff,0xff,0x21,0x06,0x16,0x24,0x02,0x02,0x00,0x02,0x86,0x17,0x0f,0xbc,0x06,
    0x37,0x0f,0x5c,0x03,0x4b,0x0c,0xf6,0xee,0x04,0xcc,0xae,0x08,0xc0,0x00,0x08,0x5c,
    0x1f,0x0f,0x76,0x28,0x05,0x0f,0x02,0x00,0xff,0xff,0x43,0x24,0x5d,0xef,0xa8,0xb1,
    0x02,0x02,0x00,0x28,0xe3,0x18,0x96,0x02,0x0f,0x02,0x00,0x31,0x0f,0x5c,0x03,0x4b,
    0x0e,0x88,0x17,0x0a,0x0a,0x14,0x64,0xdf,0xff,0xff,0xff,0xbe,0xf7,0x44,0x1e,0x2f,
    0x49,0x4a,0xee,0x11,0x23,0x0f,0x02,0x00,0xff,0xff,0x25,0x0c,0x12,0x57,0x0f,0x96,
    0x5d,0x17,0x0f,0x02,0x00,0x15,0x0f,0x5c,0x03,0x4d,0x0c,0xd4,0x0a,0x1f,0xcf,0x0c,
    0x87,0x02,0x4f,0x59,0xce,0x55,0xad,0x0c,0xe8,0x0b,0x0f,0x02,0x00,0xff,0xff,0x41,
    0x0c,0x1c,0x4a,0x0f,0xea,0x3f,0x01,0x0f,0x02,0x00,0x2b,0x0f,0x5c,0x03,0x4d,0x0c,
    0xe8,0x93,0x0a,0x66,0x4a,0x0f,0x02,0x00,0xff,0xff,0x6b,0x08,0x60,0x38,0x0f,0x36,
    0x24,0x01,0x0f,0x02,0x00,0x2f,0x0f,0x5c,0x03,0x4d,0x0c,0x44,0x18,0x0f,0xf6,0x39,
    0x01,0x11,0xdf,0xc7,0x00,0x04,0xf4,0x1a,0x0f,0x02,0x00,0xff,0xff,0x57,0x19,0xdf,
    0x22,0x1a,0x0f,0xf4,0x05,0x41,0x0f,0x5c,0x03,0x4f,0x08,0x0a,0x14,0x0f,0xae,0xc9,
    0x45,0x0f,0x02,0x00,0xff,0xff,0x25,0x24,0x7d,0xef,0xd8,0x50,0x0e,0x32,0x24,0x0f,
    0x02,0x00,0x31,0x0f,0x5c,0x03,0x4f,0xcf,0xff,0xff,0x34,0xa5,0xa2,0x10,0x00,0x00,
    0x00,0x00,0x04,0x21,0x60,0x3c,0xff,0xff,0x29,0x0f,0x02,0x00,0x45,0x4f,0x38,0xc6,
    0x96,0xb5,0x6c,0x57,0x03,0x0f,0x02,0x00,0x2f,0x0f,0x5c,0x03,0x4b,0x04,0xe8,0x09,
    0x6f,0x3c,0xe7,0xb6,0xb5,0xb6,0xb5,0x06,0x14,0xff,0xff,0x5b,0x0f,0x02,0x00,0x71,
    0x0f,0x5c,0x03,0x4b,0x0f,0x02,0x00,0xff,0xff,0xed,0x0a,0x9c,0x1e,0x0f,0xea,0xfe,
    0x21,0x0f,0x02,0x00,0xff,0xff,0xff,0x0a,0x08,0x1c,0x36,0x0f,0x1c,0x3c,0x01,0x0f,
    0x02,0x00,0xff,0xff,0xff,0x2c,0x0a,0x9e,0x1e,0x0f,0xae,0x28,0x3d,0x0f,0x02,0x00,
    0xff,0xff,0xef,0x06,0x12,0x46,0x2f,0xa2,0x10,0x8a,0x72,0x15,0x0f,0x02,0x00,0xff,
    0xff,0xff,0x18,0xaf,0xbe,0xf7,0xae,0x73,0x65,0x29,0x24,0x21,0xaa,0x52,0x5a,0x03,
    0xff,0xff,0xff,0x40,0x04,0x02,0x00,0x02,0xcc,0xe8,0x02,0x22,0x21,0x0f,0x02,0x00,
    0xff,0xff,0xff,0xff,0xff,0xff,0xff,0xff,0xff,0xff,0xff,0xff,0xff,0xff,0xff,0xff,
    0xff,0xff,0xff,0xff,0xff,0xff,0xff,0xff,0xff,0xff,0xff,0xff,0xff,0xff,0xff,0xff,
    0xff,0xff,0xff,0xff,0xff,0xff,0xff,0xff,0xff,0xff,0xff,0xff,0xff,0xff,0xff,0xff,
    0xff,0xff,0xff,0xff,0xff,0xff,0xff,0xff,0xff,0xff,0xff,0xff,0xff,0xff,0xff,0xff,
    0xff,0xff,0xff,0xff,0xff,0xff,0xff,0xff,0xff,0xff,0xff,0xbd,0x50,0xff,0xff,0xff,
    0xff,0xff,

};

const lv_image_dsc_t QR_WeChat_03_High_Temp = {
  .header = {
    .magic = LV_IMAGE_HEADER_MAGIC,
    .cf = LV_COLOR_FORMAT_RGB565,
    .flags = 0 | LV_IMAGE_FLAGS_COMPRESSED,
    .w = 430,
    .h = 430,
    .stride = 860,
    .reserved_2 = 0,
  },
  .data_size = sizeof(QR_WeChat_03_High_Temp_map),
  .data = QR_WeChat_03_High_Temp_map,
  .reserved = NULL,
};

