
#if defined(LV_LVGL_H_INCLUDE_SIMPLE)
#include "lvgl.h"
#elif defined(LV_LVGL_H_INCLUDE_SYSTEM)
#include <lvgl.h>
#elif defined(LV_BUILD_TEST)
#include "../lvgl.h"
#else
#include "lvgl/lvgl.h"
#endif

#ifndef LV_ATTRIBUTE_MEM_ALIGN
#define LV_ATTRIBUTE_MEM_ALIGN
#endif

#ifndef LV_ATTRIBUTE_QR_WECHAT_02_DANTUOSHUI
#define LV_ATTRIBUTE_QR_WECHAT_02_DANTUOSHUI
#endif

static const
LV_ATTRIBUTE_MEM_ALIGN LV_ATTRIBUTE_LARGE_CONST LV_ATTRIBUTE_QR_WECHAT_02_DANTUOSHUI
uint8_t QR_WeChat_02_dantuoshui_map[] = {

    0x02,0x00,0x00,0x00,0x96,0x94,0x00,0x00,0x88,0xa4,0x05,0x00,0x1f,0xff,0x01,0x00,
    0xff,0xff,0xff,0xff,0xff,0xff,0xff,0xff,0xff,0xff,0xff,0xff,0xff,0xff,0xff,0xff,
    0xff,0xff,0xff,0xff,0xff,0xff,0xff,0xff,0xff,0xff,0xff,0xff,0xff,0xff,0xff,0xff,
    0xff,0xff,0xff,0xff,0xff,0xff,0xff,0xff,0xff,0xff,0xff,0xff,0xff,0xff,0xff,0xff,
    0xff,0xff,0xff,0xff,0xff,0xff,0xff,0xff,0xff,0xff,0xff,0xff,0xff,0xff,0xff,0xff,
    0xff,0xff,0xff,0xff,0xff,0xff,0xff,0xff,0xff,0xff,0xff,0xff,0xff,0xff,0xff,0x29,
    0x8f,0x18,0xc6,0xae,0x73,0x4d,0x6b,0x34,0xa5,0xf5,0x4e,0xff,0xff,0xff,0x42,0x33,
    0xb2,0x94,0x00,0x01,0x00,0x4f,0x8a,0x52,0xbe,0xf7,0x60,0x03,0xff,0xff,0xff,0x3c,
    0x23,0xba,0xd6,0x59,0x03,0x01,0x02,0x00,0x2f,0x92,0x94,0x5c,0x03,0xff,0xff,0xff,
    0x3c,0x15,0x92,0xb6,0x06,0x6f,0x00,0x00,0x00,0x00,0x49,0x4a,0x5c,0x03,0xff,0xff,
    0xff,0x3c,0x22,0xeb,0x5a,0x56,0x03,0x02,0x02,0x00,0x4f,0xa2,0x10,0x7d,0xef,0x5e,
    0x03,0xff,0xff,0xff,0x3a,0x22,0xaa,0x52,0x56,0x03,0x02,0x02,0x00,0x4f,0x82,0x10,
    0x3c,0xe7,0x5c,0x03,0xff,0xff,0xdf,0x1f,0x9e,0x64,0x10,0x46,0x0c,0xb8,0x06,0x1f,
    0x5d,0xb8,0x06,0x44,0x2f,0x9e,0xf7,0x28,0x11,0xff,0xff,0x83,0xaf,0x92,0x94,0xc7,
    0x39,0x24,0x21,0x28,0x42,0x75,0xad,0x52,0x06,0x41,0x0f,0x5c,0x03,0x51,0xaf,0xfb,
    0xde,0xeb,0x5a,0x24,0x21,0x65,0x29,0x6d,0x6b,0x72,0x0a,0xff,0xff,0x7d,0x22,0x10,
    0x84,0xae,0x09,0x4f,0x00,0x00,0x00,0x00,0x82,0x1a,0x41,0x0f,0x5c,0x03,0x4f,0x42,
    0x5d,0xef,0xe3,0x18,0xc0,0x00,0x4f,0x00,0x00,0x86,0x31,0x5e,0x03,0xff,0xff,0x79,
    0x34,0x3c,0xe7,0x20,0x97,0x02,0x0f,0x0e,0x0d,0x44,0x0f,0x5c,0x03,0x4f,0x21,0x0c,
    0x63,0xbd,0x00,0x03,0x02,0x00,0x0f,0xe6,0x17,0xff,0xff,0x79,0x23,0x18,0xc6,0x93,
    0x02,0x03,0x02,0x00,0x1f,0x55,0x18,0x0a,0x3e,0x0f,0x5c,0x03,0x4d,0x43,0x9e,0xf7,
    0x61,0x08,0xbd,0x00,0x01,0x02,0x00,0x2f,0x6d,0x6b,0xda,0x0a,0x41,0x0f,0x02,0x00,
    0xff,0xff,0x0b,0x2f,0x5d,0xef,0xae,0x10,0x03,0x21,0xd7,0xbd,0x91,0x02,0x05,0x02,
    0x00,0x2f,0xef,0x7b,0x46,0x02,0x3d,0x0f,0x5c,0x03,0x4d,0x25,0x96,0xb5,0xbd,0x00,
    0x01,0x02,0x00,0x0f,0x5c,0x03,0xff,0xff,0x5d,0xbd,0x38,0xc6,0x49,0x4a,0xe3,0x18,
    0x04,0x21,0x4d,0x6b,0xdf,0x39,0x03,0x21,0x79,0xce,0x91,0x02,0x05,0x02,0x00,0x2d,
    0xc7,0x39,0x23,0x00,0x0f,0x02,0x00,0x2c,0x0f,0x5c,0x03,0x4d,0x25,0xcf,0x7b,0xbd,
    0x00,0x01,0x02,0x00,0x2f,0x71,0x8c,0xb1,0x00,0x2c,0x0f,0x02,0x00,0xff,0xff,0x1a,
    0x35,0x9a,0xd6,0x41,0x34,0x09,0x2c,0x8a,0x52,0x39,0x02,0x41,0xdf,0xff,0xa6,0x31,
    0x93,0x02,0x05,0x02,0x00,0x2c,0xba,0xd6,0x24,0x00,0x0f,0x02,0x00,0x2b,0x0f,0x5c,
    0x03,0x4d,0x25,0xe7,0x39,0xbb,0x00,0x01,0x02,0x00,0x1f,0x9a,0xc0,0x00,0x3c,0x0f,
    0x02,0x00,0xff,0xff,0x0b,0x0a,0xdc,0x02,0x1d,0x14,0x8c,0x2e,0x08,0x28,0x14,0x5f,
    0x00,0x00,0x00,0x00,0xb2,0xf2,0x27,0x3c,0x0a,0x80,0x00,0x0f,0xe0,0x1a,0x3d,0x0a,
    0xae,0x28,0x0f,0x78,0x07,0x41,0x0f,0x02,0x00,0xff,0xff,0x0b,0x19,0xc7,0xd8,0x05,
    0x2c,0x86,0x31,0x2c,0x02,0x0c,0x72,0x0d,0x2c,0xcb,0x5a,0x22,0x00,0x0f,0x02,0x00,
    0x13,0x2f,0x9e,0xf7,0xd2,0x0d,0x03,0x0f,0x5c,0x03,0x11,0x2f,0xdf,0xff,0xae,0x21,
    0x1f,0x02,0xe0,0x0a,0x22,0xf3,0x9c,0x12,0x04,0x04,0x02,0x00,0x2f,0x10,0x84,0xae,
    0x00,0x13,0x0f,0x02,0x00,0xff,0xff,0x25,0x02,0x74,0x02,0x06,0x02,0x00,0x24,0x08,
    0x42,0x78,0x02,0x02,0x02,0x00,0x26,0xf7,0xbd,0x1c,0x00,0x00,0x46,0x84,0x35,0x7d,
    0xef,0xc3,0x1e,0x1a,0x6f,0x00,0x00,0x00,0x00,0x04,0x21,0xe0,0x20,0x1f,0xae,0xba,
    0xd6,0x69,0x4a,0xc3,0x18,0xe3,0x18,0xeb,0x5a,0x76,0x21,0x0f,0x5c,0x03,0x0f,0x8e,
    0x30,0x84,0x45,0x29,0xa2,0x10,0x86,0x31,0x54,0x07,0x0f,0x02,0x00,0x0f,0x19,0xcb,
    0xae,0x28,0x3b,0x00,0x00,0xd7,0xde,0x00,0x0f,0x02,0x00,0xff,0xff,0x35,0x2f,0x3c,
    0xe7,0x36,0x1d,0x03,0x22,0xae,0x73,0x34,0x03,0x04,0x02,0x00,0x1d,0xeb,0x98,0x06,
    0x1f,0x28,0x7e,0x03,0x0c,0x0f,0x02,0x00,0x0d,0x44,0xdb,0xde,0xa2,0x10,0x5e,0x00,
    0x2c,0xa6,0x31,0x9a,0x03,0x0c,0x50,0x28,0x0c,0x7e,0x03,0x17,0x30,0xbc,0x1e,0x2f,
    0xf3,0x9c,0x6c,0x00,0x0d,0x0a,0x02,0x00,0x44,0xbe,0xf7,0x04,0x21,0x7a,0x00,0x6c,
    0x00,0x00,0x00,0x00,0x61,0x08,0x5e,0x00,0x0f,0x02,0x00,0xff,0xff,0x31,0xae,0x79,
    0xce,0x08,0x42,0xa2,0x10,0xe3,0x18,0x0c,0x63,0x5c,0x02,0x1b,0x59,0x0a,0x14,0x0e,
    0x80,0x02,0x0c,0x72,0x0d,0x1f,0x30,0x58,0x09,0x1c,0x19,0x8e,0xbe,0x03,0x0c,0x20,
    0x03,0x0a,0xb8,0x06,0x2a,0xc3,0x18,0x3a,0x0a,0x0a,0xbc,0x1e,0x2c,0x24,0x21,0x76,
    0x07,0x0f,0x02,0x00,0x0b,0x0c,0xdc,0x00,0x0e,0xac,0x11,0x0f,0x02,0x00,0xff,0xff,
    0x2f,0x26,0x9a,0xd6,0x3e,0x1d,0x0f,0x44,0x17,0x01,0x0c,0x16,0x0a,0x0c,0xba,0x20,
    0x1b,0x38,0x40,0x1e,0x1d,0xaa,0x4e,0x14,0x0f,0x02,0x00,0x0b,0x0a,0xf8,0x06,0x2a,
    0x0c,0x63,0x2e,0x00,0x06,0x76,0x3c,0x6a,0x00,0x00,0x00,0x00,0x28,0x42,0x1e,0x00,
    0x0a,0xbc,0x1e,0x4a,0x82,0x10,0xfb,0xde,0x20,0x00,0x0f,0x02,0x00,0x0b,0x08,0xf4,
    0x06,0x0f,0x16,0x04,0x21,0x0f,0x02,0x00,0xff,0xff,0x11,0x19,0x2c,0xf4,0x23,0x1d,
    0x51,0xe0,0x19,0x22,0x14,0xa5,0x7a,0x02,0x04,0x02,0x00,0x1b,0xe7,0xc4,0x1a,0x0c,
    0x5a,0x09,0x2c,0xe3,0x18,0xd8,0x09,0x0f,0x02,0x00,0x09,0x26,0xbe,0xf7,0xce,0x27,
    0x0f,0xfe,0x38,0x01,0x0a,0xca,0x13,0x0c,0x7e,0x1a,0x0a,0x1e,0x00,0x0f,0xde,0x35,
    0x1d,0x0c,0x36,0x04,0x2f,0x38,0xc6,0xaa,0x00,0x09,0x0f,0x02,0x00,0xff,0xff,0x23,
    0x22,0x49,0x4a,0xd6,0x02,0x02,0x02,0x00,0x28,0xe3,0x18,0x58,0x09,0x66,0xdf,0xff,
    0xff,0xff,0xbe,0xf7,0x10,0x0d,0x02,0x36,0x28,0x0c,0x3a,0x0a,0x0a,0x14,0x0d,0x4f,
    0x00,0x00,0xb6,0xb5,0x88,0x02,0x17,0x0c,0x22,0x1b,0x2c,0x04,0x21,0xf8,0x0d,0x22,
    0x71,0x8c,0x78,0x00,0x4a,0x00,0x00,0x49,0x4a,0x12,0x0a,0x00,0x92,0x95,0x08,0x7c,
    0x00,0x22,0x8e,0x73,0x14,0x00,0x0f,0x02,0x00,0x13,0x26,0x3c,0xe7,0xb0,0x07,0x02,
    0xa8,0x2b,0x0f,0x38,0x00,0x13,0x0f,0x02,0x00,0xff,0xff,0x1b,0x19,0x8a,0x7e,0x38,
    0x0a,0xf2,0x0c,0x11,0xdf,0x49,0x02,0x0a,0x12,0x0d,0x2c,0x41,0x08,0x7a,0x09,0x0a,
    0xb8,0x09,0x0f,0xe4,0x02,0x1d,0x22,0x6d,0x6b,0xdc,0x02,0x02,0x02,0x00,0x2e,0x61,
    0x08,0x7e,0x1e,0x6f,0x38,0xc6,0x10,0x84,0x6d,0x6b,0x08,0x14,0x03,0x22,0xbe,0xf7,
    0x5e,0x03,0x3b,0x20,0x00,0x2c,0x4e,0x0a,0x0f,0x02,0x00,0x0d,0x0c,0x80,0x17,0x0f,
    0xee,0x24,0xff,0xff,0x43,0x15,0x51,0x18,0x06,0x02,0x02,0x00,0x19,0x08,0xd4,0x0c,
    0x68,0xdf,0xff,0xff,0xff,0xdb,0xde,0xee,0x2e,0x0e,0x32,0x10,0x0a,0x20,0x00,0x0f,
    0xb6,0x0d,0x03,0x0f,0x02,0x00,0x07,0x0c,0x5c,0x03,0x0a,0xba,0x03,0x02,0xde,0x03,
    0x04,0x02,0x00,0x0a,0x0e,0x00,0x04,0x02,0x00,0x4f,0x38,0xc6,0x96,0xb5,0x50,0x21,
    0x1f,0x0a,0x0c,0x0b,0x0f,0x6e,0x07,0x1b,0x0f,0x02,0x00,0xff,0xff,0x17,0x1b,0x9e,
    0xf2,0x0c,0x4c,0x00,0x00,0x59,0xce,0xc6,0x02,0x08,0x9a,0x06,0x0f,0x40,0x06,0x01,
    0x0a,0xfa,0x24,0x0e,0xda,0x06,0x0f,0x02,0x00,0x09,0x19,0x0c,0xf0,0x0d,0x11,0x20,
    0x7e,0x00,0x0f,0x02,0x00,0x4f,0x0c,0xf6,0x00,0x1f,0x82,0x8a,0x43,0xff,0xff,0x46,
    0x0a,0xf4,0x09,0x0f,0x4e,0x49,0x03,0x22,0xd3,0x9c,0x5e,0x3c,0x0f,0x00,0x39,0x03,
    0x0c,0x04,0x06,0x0f,0x84,0x3c,0x19,0x08,0xb8,0x03,0x0c,0x94,0x0a,0x0f,0x02,0x00,
    0x47,0x1b,0xf7,0xc2,0x2f,0x0f,0x80,0x17,0xff,0xff,0x41,0x02,0x02,0x00,0x26,0xdb,
    0xde,0x90,0x2b,0x02,0x02,0x00,0x1f,0xdb,0xcc,0x16,0x02,0x0f,0x00,0x14,0x07,0x0c,
    0x4c,0x14,0x1f,0x4d,0x06,0x35,0x18,0x0c,0x36,0x25,0x0f,0x02,0x1e,0x1d,0x0f,0x02,
    0x00,0x23,0x0c,0x0a,0x0b,0x0c,0x5a,0x18,0x0f,0x02,0x00,0xff,0xff,0x39,0x19,0x4d,
    0x50,0x10,0x3b,0x00,0x00,0xcf,0x88,0x35,0x0f,0xe8,0x0c,0x03,0x06,0x02,0x00,0x19,
    0x9a,0xa2,0x53,0x46,0x00,0x00,0x65,0x29,0x1c,0x00,0x0f,0x02,0x00,0x0d,0x22,0x75,
    0xad,0xd0,0x03,0x04,0x02,0x00,0x0f,0x74,0x0a,0x01,0x0f,0x02,0x00,0x3f,0x0c,0xc2,
    0x11,0x1f,0x18,0x80,0x17,0xff,0xff,0x40,0x04,0x02,0x00,0x0c,0xa2,0x20,0x4f,0xa2,
    0x10,0xbe,0xf7,0x52,0x03,0x0f,0x06,0x02,0x00,0x1b,0xdf,0xac,0x31,0x2f,0x41,0x08,
    0xfa,0x06,0x03,0x0f,0x02,0x00,0x01,0x1f,0xb6,0x9e,0x38,0x60,0x1b,0x1c,0x80,0x17,
    0x2e,0x04,0x21,0xde,0x17,0x0f,0x02,0x00,0xff,0xff,0x39,0x0c,0x48,0x1d,0x0f,0x9a,
    0x09,0x1d,0x0c,0xfa,0x24,0x1f,0xd3,0xda,0x09,0x16,0x1b,0x5d,0xee,0x2b,0x0f,0x3c,
    0x57,0x51,0x1b,0x34,0x10,0x1f,0x0f,0xc4,0x0a,0x19,0x0f,0x02,0x00,0xff,0xff,0x21,
    0x0c,0x9a,0x09,0x0f,0xd0,0x2e,0x1d,0x0c,0x36,0x0d,0x0c,0xbc,0x24,0x0f,0x02,0x00,
    0x07,0x44,0xdf,0xff,0x45,0x29,0x10,0x0a,0x0f,0xa6,0x32,0x1f,0x8f,0x1c,0xe7,0xf3,
    0x9c,0xb2,0x94,0x79,0xce,0x60,0x00,0x07,0x0f,0x02,0x00,0x01,0x0c,0x7c,0x11,0x0f,
    0xa2,0x11,0x03,0x0f,0x02,0x00,0xff,0xff,0x37,0x0c,0xba,0x24,0x3f,0x00,0x00,0x96,
    0x5e,0x21,0x18,0x4a,0xff,0xff,0x9e,0xf7,0x6c,0x32,0x1b,0xe3,0x56,0x2b,0x0f,0x02,
    0x00,0x07,0x0c,0x0e,0x17,0x0f,0xb2,0x13,0x19,0x22,0x75,0xad,0x34,0x22,0x1f,0x20,
    0x7a,0x35,0x1c,0x02,0x70,0x1e,0x04,0x02,0x00,0x0f,0xae,0x57,0xff,0xff,0x51,0x0a,
    0xd6,0x60,0x0f,0xe4,0x02,0x1b,0x0f,0x56,0x0a,0x01,0x0c,0xea,0x35,0x0f,0x02,0x00,
    0x05,0x1b,0xdf,0x80,0x39,0x2c,0xe3,0x18,0x54,0x25,0x0f,0x02,0x00,0x05,0x28,0xba,
    0xd6,0xd4,0x1e,0x0f,0x0c,0x04,0x19,0x0a,0x54,0x1b,0x0c,0x22,0x29,0x8a,0xff,0xff,
    0x59,0xce,0xd3,0x9c,0xd3,0x9c,0xc6,0x1e,0x0f,0x02,0x00,0xff,0xff,0x2b,0x2a,0x7d,
    0xef,0x60,0x27,0x0f,0xbc,0x2a,0x1d,0x0c,0x72,0x0d,0x0c,0x58,0x2b,0x0f,0x02,0x00,
    0x07,0x0a,0x24,0x36,0x0f,0x7a,0x1e,0x17,0x0a,0x48,0x17,0x0f,0xf2,0x3c,0x19,0x19,
    0x55,0x9c,0x14,0x0c,0x8e,0x1b,0x04,0xca,0x00,0x2f,0x82,0x10,0x2c,0x0a,0xff,0xff,
    0x39,0x0a,0x7e,0x24,0x0f,0xf4,0x19,0x1d,0x0a,0xf0,0x31,0x0f,0xf8,0x06,0x19,0x0a,
    0xbc,0x1e,0x2f,0x61,0x08,0xa2,0x3f,0x15,0x0a,0xa4,0x49,0x0f,0x4c,0x0a,0x19,0x08,
    0x74,0x00,0x0c,0x70,0x36,0x0a,0xe8,0x10,0x0f,0x4c,0x25,0x1f,0x0f,0x02,0x00,0x17,
    0x6e,0xba,0xd6,0x14,0xa5,0xf3,0x9c,0x40,0x29,0x0f,0x02,0x00,0xff,0xc2,0x24,0xdb,
    0xde,0x82,0x0c,0x02,0x02,0x00,0x0c,0x76,0x02,0x0f,0x02,0x00,0x0b,0x0c,0x2e,0x32,
    0x0f,0x72,0x0d,0x17,0x0a,0x5e,0x1b,0x2f,0x20,0x00,0x9a,0x10,0x15,0x0a,0x7e,0x06,
    0x0f,0x1c,0x51,0x1d,0x6e,0x96,0xb5,0xcf,0x7b,0xef,0x7b,0xba,0x0a,0x0a,0xf4,0x32,
    0x0f,0xc8,0x0d,0x1b,0x0f,0x02,0x00,0x19,0x22,0x71,0x8c,0xd2,0x0a,0x2f,0x41,0x08,
    0xc0,0x47,0x3d,0x0f,0x02,0x00,0xff,0x84,0x0a,0xe4,0x0f,0x0e,0x78,0x02,0x0f,0x02,
    0x00,0x0b,0x0c,0x90,0x1d,0x0f,0x02,0x0d,0x15,0x1b,0xd3,0x12,0x46,0x0f,0xc0,0x17,
    0x15,0x26,0xbe,0xf7,0x20,0x33,0x4f,0x04,0x21,0x1c,0xe7,0x9e,0x00,0x0b,0x0f,0x02,
    0x00,0x13,0x0c,0x30,0x15,0x0c,0x46,0x1f,0x0f,0x02,0x00,0x35,0x0a,0x1e,0x07,0x0f,
    0xba,0x1e,0xff,0xd2,0x26,0x1c,0xe7,0xee,0x13,0x0f,0x46,0x17,0x17,0x04,0x02,0x00,
    0x0c,0xfa,0x24,0x0f,0xb6,0x31,0x15,0x0c,0xba,0x3c,0x0f,0x80,0x24,0x17,0xaf,0xbe,
    0xf7,0xcf,0x7b,0xc7,0x39,0x86,0x31,0x4d,0x6b,0x48,0x0a,0x15,0x0f,0x02,0x00,0x0d,
    0x0c,0x9e,0x46,0x0e,0x2c,0x3a,0x0f,0x02,0x00,0x31,0x2a,0xfb,0xde,0xdc,0x0e,0x0f,
    0x60,0x1b,0xff,0xd4,0x8f,0x1c,0xe7,0x2c,0x63,0xa6,0x31,0xe7,0x39,0x0c,0x09,0x09,
    0x0a,0x02,0x25,0x06,0x0e,0x00,0x19,0xfb,0x8c,0x32,0x0f,0xb8,0x46,0x01,0x0f,0x02,
    0x00,0x03,0x0c,0x9a,0x21,0x0f,0xb8,0x06,0x15,0x0f,0x02,0x00,0x3f,0x22,0x7d,0xef,
    0xd4,0x17,0x06,0x02,0x00,0x0c,0x8c,0x3c,0x9f,0xf3,0x9c,0x69,0x4a,0x28,0x42,0x8e,
    0x73,0x7d,0x08,0x6c,0x2a,0x0a,0x38,0x30,0x1f,0x00,0x7c,0x36,0x1e,0x0f,0x02,0x00,
    0xff,0xa0,0x06,0x26,0x03,0x02,0x02,0x00,0x0c,0x10,0x00,0x08,0x02,0x00,0x7b,0xba,
    0xd6,0xd3,0x9c,0xd3,0x9c,0x59,0xb4,0x1d,0x0a,0x06,0x1e,0x0e,0x14,0x4a,0x0f,0x02,
    0x00,0x03,0x0c,0x06,0x11,0x0f,0xf0,0x06,0x15,0x0f,0x02,0x00,0x3f,0x0c,0x88,0x18,
    0x0a,0xcc,0x36,0x08,0x02,0x11,0x2f,0x86,0x31,0x2a,0x18,0x15,0x0e,0x02,0x00,0x06,
    0x4a,0x3d,0x04,0x02,0x00,0x0f,0x72,0x0d,0xff,0xd4,0x0f,0x02,0x00,0x13,0x22,0xf3,
    0x9c,0x88,0x0f,0x0c,0x42,0x10,0x04,0xbe,0x16,0x02,0x02,0x00,0x0f,0x0c,0x11,0x15,
    0x08,0x02,0x6b,0x0f,0x70,0x1a,0x03,0x0f,0x02,0x00,0x53,0x3b,0xdf,0xff,0x86,0x50,
    0x06,0x0a,0x84,0x17,0x0a,0x04,0x04,0x1f,0xae,0x42,0x40,0x1a,0x06,0x02,0x00,0x1d,
    0xfb,0x76,0x30,0x0f,0xf6,0x11,0x17,0x0f,0x02,0x00,0xff,0xd0,0x0a,0xf6,0x2e,0x0a,
    0x1e,0x1a,0x06,0xb6,0x49,0x2f,0xc7,0x39,0x38,0x09,0x15,0x0c,0xf6,0x24,0x0f,0xea,
    0x0d,0x1f,0x0f,0x02,0x00,0x33,0x0a,0x3c,0x03,0x3b,0x00,0x00,0x04,0x94,0x4d,0x0a,
    0x70,0x06,0x0f,0x14,0x4b,0x01,0x0f,0x02,0x00,0x0f,0x0c,0x20,0x44,0x0f,0xf2,0x3c,
    0xff,0xfe,0x0a,0xb4,0x1d,0x0a,0xd6,0x20,0xaf,0xbe,0xf7,0xcf,0x7b,0xe7,0x39,0xc7,
    0x39,0x8e,0x73,0x5a,0x2e,0x19,0x22,0xcb,0x5a,0x66,0x02,0x02,0x02,0x00,0x0f,0x70,
    0x0d,0x65,0x0a,0xbc,0x13,0x0e,0x06,0x0d,0x19,0xb2,0x90,0x83,0x0c,0x30,0x0a,0x0f,
    0x02,0x00,0x13,0x1b,0x6d,0xce,0x33,0x04,0x5e,0x44,0x0f,0x80,0x0b,0x09,0x0f,0x02,
    0x00,0xff,0xda,0x19,0xef,0x58,0x67,0x2f,0x20,0x00,0x50,0x32,0x05,0x0f,0x30,0x02,
    0x17,0x08,0x6c,0x68,0x2f,0xc3,0x18,0xf4,0x13,0x35,0x0f,0x02,0x00,0x1d,0x0c,0x0c,
    0x18,0x0c,0xc2,0x5a,0x0a,0xb2,0x4d,0x0f,0xce,0x14,0x17,0x06,0x02,0x00,0x0c,0x1a,
    0x07,0x04,0xea,0x36,0x0f,0x2a,0x01,0x17,0x0f,0x02,0x00,0xff,0xba,0x2e,0xdb,0xde,
    0x38,0x20,0x0c,0x22,0x49,0x0f,0xde,0x24,0x17,0x0f,0x02,0x00,0x07,0xaf,0x96,0xb5,
    0x45,0x29,0x00,0x00,0x20,0x00,0xc7,0x39,0x3a,0x1e,0x01,0x2f,0xba,0xd6,0x20,0x21,
    0x49,0x04,0x02,0x00,0x0a,0xec,0x0a,0x0f,0x98,0x06,0x01,0x24,0x34,0xa5,0x68,0x0e,
    0x0f,0xb8,0x0a,0x21,0x39,0xbe,0xf7,0x24,0x24,0x5b,0x04,0x9c,0x44,0x0f,0x02,0x00,
    0xff,0xa0,0x0f,0x0c,0x05,0x2f,0xaa,0xfb,0xde,0x69,0x4a,0x61,0x08,0x41,0x08,0x65,
    0x29,0x72,0x50,0x0c,0x5a,0x38,0x0a,0x16,0x0a,0x0f,0x02,0x00,0x25,0x4f,0xbe,0xf7,
    0x79,0xce,0x42,0x03,0x01,0x02,0x86,0x00,0x4a,0x20,0x00,0x65,0x29,0xda,0x0d,0xaf,
    0xff,0xff,0xfb,0xde,0x6d,0x6b,0x28,0x42,0x69,0x4a,0x44,0x0a,0x37,0x06,0xda,0x28,
    0x2f,0xc3,0x18,0xaa,0x2b,0x03,0x6c,0x9a,0xd6,0x71,0x8c,0x10,0x84,0x8a,0x00,0x0f,
    0x02,0x00,0x13,0x0a,0xdc,0x25,0x0e,0x0a,0x12,0x0f,0x02,0x00,0xff,0x9c,0x6f,0x96,
    0xb5,0x30,0x84,0xd3,0x9c,0x2e,0x16,0x23,0x28,0x7d,0xef,0x52,0x17,0x0a,0x4e,0x02,
    0x06,0xb2,0x10,0x02,0x02,0x00,0x0f,0x14,0x03,0x01,0x0f,0x02,0x00,0x33,0x19,0x5d,
    0x86,0x00,0x08,0xc0,0x20,0x26,0xfb,0xde,0x9e,0x24,0x0f,0xb4,0x13,0x25,0x0e,0x02,
    0x00,0x8f,0xf3,0x9c,0x49,0x4a,0xc7,0x39,0x2c,0x63,0xe8,0x0a,0x01,0x0f,0xae,0x04,
    0x2b,0x0a,0xa2,0x25,0x0f,0x6c,0x4e,0x1f,0x0f,0x02,0x00,0xff,0x7a,0x33,0x7d,0xef,
    0x08,0x62,0x64,0x2c,0x04,0x21,0x02,0x1d,0x0f,0x02,0x00,0x11,0x0a,0x66,0x21,0x0a,
    0x70,0x57,0x0a,0xce,0x10,0x0f,0xbe,0x20,0x45,0x00,0xca,0xec,0x0a,0x84,0x24,0x08,
    0x8a,0x09,0x0a,0xe0,0x38,0x0e,0xba,0x0a,0x0f,0x02,0x00,0x7b,0x35,0x1c,0xe7,0x82,
    0xae,0x65,0x02,0x02,0x00,0x2f,0x41,0x08,0xa6,0x25,0x33,0x0f,0x02,0x00,0xff,0x62,
    0x08,0x02,0x2b,0x1f,0x24,0x16,0x6b,0x20,0x0a,0xac,0x1a,0x0a,0xbe,0x13,0x0c,0xb4,
    0x23,0x0c,0x04,0x61,0x0f,0x02,0x00,0x37,0x06,0xa6,0x09,0x73,0x00,0x00,0x00,0x00,
    0x45,0x29,0xbe,0x82,0x8d,0x39,0x7d,0xef,0x04,0xbc,0x0c,0x0f,0x7e,0x1d,0x8d,0x0a,
    0xc8,0x00,0x0c,0x50,0x01,0x0f,0x02,0x00,0xff,0x9c,0x0c,0xce,0x3b,0x0f,0xba,0x06,
    0x1f,0x0a,0x72,0x16,0x31,0x00,0x00,0x45,0xbc,0x49,0x04,0x18,0x09,0x0a,0xea,0x5a,
    0x2e,0xc3,0x18,0x78,0x0a,0x68,0x18,0xc6,0x71,0x8c,0x51,0x8c,0xc6,0x09,0x0f,0x02,
    0x00,0x21,0x0a,0x9e,0x17,0x06,0x8c,0x5e,0x0c,0xf4,0x0d,0x0f,0x04,0x22,0x13,0x6a,
    0xfb,0xde,0xd3,0x9c,0x10,0x84,0x12,0x1e,0x0f,0x02,0x00,0x51,0x39,0xdf,0xff,0x65,
    0xb8,0x40,0x0f,0x16,0x44,0x53,0x0f,0x02,0x00,0xff,0x46,0x0c,0xd0,0x71,0x0f,0xd4,
    0x2e,0x1d,0x0e,0xfc,0x49,0x0a,0xde,0x4c,0x0a,0x7a,0x03,0x0e,0x5c,0x03,0x06,0x80,
    0x67,0x0f,0x9e,0x21,0x15,0x0f,0x02,0x00,0x03,0x0c,0x80,0x6b,0x04,0x90,0x1e,0x0c,
    0xbc,0x82,0x0f,0x0e,0x5e,0x11,0x24,0x38,0xc6,0x2e,0x28,0x24,0x28,0x42,0x48,0x00,
    0x0f,0x02,0x00,0x53,0x2a,0xdf,0xff,0x66,0x07,0x0f,0x10,0x0a,0xff,0xaa,0x0c,0x70,
    0x10,0x0e,0x92,0x6e,0x0f,0x02,0x00,0x11,0x04,0xb0,0x0d,0x04,0x02,0x00,0x02,0xba,
    0x06,0x02,0x02,0x00,0x0a,0xa6,0x3c,0x0c,0x2a,0x14,0x0a,0x7e,0x2b,0x0f,0xd2,0x89,
    0x29,0x0f,0x5c,0x03,0x05,0x0c,0xfa,0x27,0x0f,0x64,0x00,0x0f,0x0a,0xca,0x07,0x0f,
    0xb4,0x28,0x19,0x6f,0xba,0xd6,0x51,0x8c,0xef,0x7b,0x32,0x33,0x15,0x0f,0x02,0x00,
    0x03,0x0a,0x80,0x07,0x26,0x75,0xad,0x02,0x08,0x0f,0x02,0x00,0xff,0xa2,0x24,0x38,
    0xc6,0x8c,0x19,0x0f,0x8e,0x0c,0x25,0x0c,0xbc,0x49,0x0a,0xfe,0x06,0x06,0xc6,0x20,
    0x2c,0x20,0x00,0xfa,0x09,0x04,0x7e,0x20,0x02,0x82,0x00,0x0f,0x7e,0x67,0x15,0x6a,
    0xdb,0xde,0x92,0x94,0x10,0x84,0xc4,0x02,0x0f,0x5c,0x03,0x05,0x06,0x7e,0x00,0x02,
    0x02,0x00,0x0a,0x26,0x18,0x0f,0x02,0x00,0x01,0x0a,0xa6,0x5a,0x06,0xba,0x0d,0x0f,
    0x02,0x00,0x0d,0x24,0x55,0xad,0x10,0x32,0x0f,0x78,0x0a,0x13,0x0f,0x02,0x00,0x03,
    0x26,0xba,0xd6,0xcc,0x10,0x0f,0xc6,0x39,0x1d,0x0f,0x02,0x00,0xff,0x82,0x8f,0x79,
    0xce,0x0c,0x63,0x08,0x42,0x69,0x4a,0xd4,0x05,0x0f,0x0f,0x02,0x00,0x05,0x0c,0xba,
    0x06,0x19,0x69,0x78,0xa7,0x8c,0x96,0xb5,0xcb,0x5a,0x08,0x42,0x0c,0x63,0x0e,0x2f,
    0x04,0xec,0x45,0x02,0x5a,0x03,0x0e,0x9c,0x64,0x0f,0x02,0x00,0x03,0x24,0xb6,0xb5,
    0xc4,0x02,0x24,0xcb,0x5a,0xb2,0x10,0x0f,0x5c,0x03,0x07,0x0c,0xb8,0x06,0x0a,0x24,
    0x18,0x0f,0x02,0x00,0x01,0x0a,0x72,0x14,0x0a,0x24,0x4e,0x5f,0xba,0xd6,0x71,0x8c,
    0x30,0xb6,0x1a,0x02,0x0a,0x16,0x55,0x0f,0x26,0x1f,0x29,0x91,0xba,0xd6,0x6d,0x6b,
    0x28,0x42,0x8a,0x52,0x34,0x48,0x84,0x15,0xdf,0xba,0x0e,0x0f,0x02,0x00,0xff,0xe6,
    0x0e,0xba,0x06,0x0f,0x14,0x11,0x05,0x0a,0x2a,0x02,0x08,0xa4,0x14,0x0f,0x40,0x61,
    0x13,0x28,0x1c,0xe7,0x94,0x5e,0x06,0x34,0x79,0x0f,0xb8,0x06,0x05,0x19,0x69,0x92,
    0x6f,0x2f,0x41,0x08,0xce,0x21,0x01,0x0a,0x02,0x00,0x0a,0x5e,0x36,0x17,0x49,0x26,
    0x04,0x24,0xd7,0xbd,0xd6,0x03,0x1d,0x69,0x3e,0x6f,0x0a,0x68,0x00,0x0f,0xac,0x21,
    0x01,0x0f,0x02,0x00,0x21,0x0a,0x2e,0x01,0x0f,0x02,0x00,0xff,0xe6,0x0c,0xc6,0x37,
    0x08,0x94,0x02,0x0f,0x02,0x00,0x07,0x0c,0x9a,0x27,0x0f,0x6a,0x10,0x0f,0x0a,0x5a,
    0x1d,0x24,0x86,0x31,0x7e,0x02,0x0f,0x5c,0x03,0x13,0x0f,0x08,0x76,0x13,0x06,0x80,
    0x11,0x26,0x82,0x10,0x6c,0x07,0x19,0x5d,0x10,0x39,0x0a,0x86,0x1e,0x22,0x38,0xc6,
    0x1c,0x04,0x04,0x02,0x00,0x0f,0xfc,0x2e,0x23,0x0c,0x02,0x00,0x04,0xdc,0x00,0x0f,
    0x02,0x00,0xff,0x82,0xfa,0x01,0x5d,0xef,0x96,0xb5,0xb2,0x94,0xf3,0x9c,0x30,0x84,
    0xd3,0x9c,0x14,0xa5,0x14,0xa5,0xb4,0x05,0x0a,0xba,0x01,0x0f,0x7c,0x08,0x2d,0x0c,
    0x26,0x03,0x0a,0x74,0x0d,0x0f,0x02,0x00,0x05,0x0c,0x2a,0x1d,0x0f,0x72,0x0d,0x0f,
    0x04,0xa2,0x0d,0x02,0x02,0x00,0x06,0x48,0x13,0x0f,0x5c,0x03,0x05,0x0a,0x7e,0x1b,
    0x1d,0xa6,0x54,0x8a,0x0f,0x02,0x00,0x03,0x88,0x55,0xad,0x69,0x4a,0x08,0x42,0x4d,
    0x6b,0x76,0x21,0x06,0xd2,0x14,0x0e,0x9a,0x75,0x06,0x90,0x43,0x02,0x02,0x00,0x0f,
    0x28,0x7d,0x1d,0x0a,0x02,0x00,0x0f,0x8c,0x01,0x0b,0xef,0xfb,0xde,0x75,0xad,0x14,
    0xa5,0xf3,0x9c,0x10,0x84,0xb2,0x94,0xf3,0x9c,0x00,0x4a,0xff,0x60,0x64,0x1c,0xe7,
    0x71,0x8c,0x08,0x42,0x4a,0x16,0x06,0x02,0x00,0x44,0x86,0x31,0x8e,0x73,0x66,0x17,
    0x0f,0xc2,0x01,0x0b,0x0f,0x02,0x00,0x1d,0x0e,0x70,0x57,0x0f,0xd2,0x0f,0x13,0x0c,
    0x96,0x02,0x0f,0x4c,0x0a,0x05,0x04,0x02,0x00,0x0a,0x44,0x03,0x06,0x68,0x21,0x0a,
    0x18,0x00,0x06,0x84,0x17,0x0a,0x9a,0x10,0x0f,0xd6,0x42,0x29,0x0a,0x7a,0x54,0x02,
    0x0c,0x15,0x02,0xa0,0x04,0x0e,0x12,0x0b,0x02,0x2c,0x0d,0x0f,0x02,0x00,0x3d,0x64,
    0xfb,0xde,0x51,0x8c,0x08,0x42,0x98,0x0a,0x04,0x02,0x00,0x6f,0x20,0x00,0xa6,0x31,
    0xae,0x73,0x38,0x01,0x0d,0x0f,0x02,0x00,0xff,0x34,0x46,0x3c,0xe7,0x30,0x84,0x6c,
    0x12,0x0f,0x02,0x00,0x01,0x2c,0x28,0x42,0xb0,0x13,0x0e,0x02,0x00,0x4f,0xba,0xd6,
    0x79,0xce,0xdc,0x19,0x1b,0x0c,0x36,0x10,0x1f,0xa2,0x90,0xb1,0x12,0x0a,0x0e,0x06,
    0x0f,0x1c,0x13,0x0f,0x0c,0x5c,0x2f,0x04,0xec,0x61,0x0f,0x5c,0x03,0x05,0x08,0xf4,
    0x24,0x0f,0xae,0xa7,0x29,0x0a,0xfc,0x2e,0x0a,0xe6,0x50,0x0a,0x56,0x25,0x0c,0x00,
    0x11,0x0f,0x02,0x00,0x0f,0x46,0x9a,0xd6,0x79,0xce,0x96,0x11,0x0f,0x02,0x00,0x03,
    0x4f,0x1c,0xe7,0x6d,0x6b,0xd6,0x01,0x0b,0x26,0xaa,0x52,0xc0,0x0a,0x0f,0x02,0x00,
    0xff,0x44,0x24,0x51,0x8c,0x82,0x01,0x15,0x20,0x80,0x13,0x0f,0x02,0x00,0x01,0x2f,
    0xaa,0x52,0x38,0x2b,0x07,0xaf,0x1c,0xe7,0x49,0x4a,0x20,0x00,0x00,0x00,0xc3,0x18,
    0x22,0x24,0x19,0x0c,0x78,0x50,0x0f,0x96,0x48,0x13,0x0c,0xaa,0x34,0x08,0x0a,0x28,
    0x0f,0x02,0x00,0x01,0x0c,0x30,0x00,0x04,0xa2,0x00,0x0f,0x5c,0x03,0x07,0xaf,0xff,
    0xff,0xb2,0x94,0x8a,0x52,0x49,0x4a,0x10,0x84,0x86,0x39,0x19,0x0c,0x02,0x00,0x0a,
    0x4c,0x3c,0x08,0x96,0x35,0x0c,0x48,0x68,0x06,0x94,0x00,0x0f,0x02,0x00,0x11,0x22,
    0x59,0xce,0x10,0x07,0x2a,0x24,0x21,0x54,0x18,0x0a,0x02,0x00,0x1f,0x10,0x2e,0x05,
    0x0c,0x04,0x02,0x00,0x2f,0x0c,0x63,0x96,0x2f,0x03,0x0f,0x02,0x00,0xff,0x32,0x0a,
    0xae,0x12,0x0f,0x02,0x00,0x0b,0x24,0x61,0x08,0xd4,0x37,0x02,0xda,0x08,0x04,0x02,
    0x00,0x0a,0x0e,0x42,0x04,0xbc,0x02,0x0f,0x02,0x00,0x11,0x0c,0x80,0x02,0x2c,0x20,
    0x00,0xbe,0x38,0x86,0xfb,0xde,0x92,0x94,0xcf,0x7b,0xf3,0x9c,0xa6,0x05,0x2a,0xdf,
    0xff,0xe8,0x93,0x0f,0x5c,0x03,0x0d,0x0a,0x22,0x17,0x06,0x7e,0x09,0x0f,0x5c,0x03,
    0x09,0x0f,0x02,0x00,0x31,0x0c,0x66,0x18,0x06,0x8a,0x0d,0x0c,0xec,0x14,0x0a,0xb6,
    0x17,0x0f,0x02,0x00,0x07,0x68,0xdf,0xff,0xff,0xff,0x3c,0xe7,0xb8,0x0b,0x0f,0x78,
    0x06,0x03,0x2c,0xbe,0xf7,0x7c,0x00,0x0f,0x02,0x00,0x09,0x17,0xa2,0x7e,0x11,0x0f,
    0x02,0x00,0xff,0x38,0x1f,0x9e,0x84,0x01,0x1a,0x02,0x02,0x00,0x04,0x5e,0x03,0x08,
    0x02,0x00,0x0a,0x2c,0x21,0x0f,0xf2,0x01,0x05,0x0f,0x02,0x00,0x01,0x0a,0x84,0x21,
    0x0e,0xca,0x85,0x24,0x59,0xce,0x4a,0x02,0x26,0xc7,0x39,0x76,0x03,0x0a,0xd0,0x60,
    0x06,0x56,0x17,0x0f,0x02,0x00,0x03,0x0a,0x40,0x0d,0x06,0x44,0x0a,0x0f,0x5c,0x03,
    0x4b,0x0c,0x12,0x0a,0x06,0x74,0x2c,0x19,0x1c,0x8a,0xaf,0x0f,0xb6,0x06,0x1d,0x0a,
    0x48,0x0b,0x0f,0x26,0x15,0x01,0x22,0x5d,0xef,0xd8,0x06,0x0f,0x02,0x00,0x17,0x2f,
    0x61,0x08,0xa4,0x03,0x03,0x0f,0x02,0x00,0xff,0x28,0x2f,0xdf,0xff,0xde,0x04,0x01,
    0xe4,0x86,0x31,0x2c,0x63,0x4d,0x6b,0xef,0x7b,0x8e,0x73,0x6d,0x6b,0x69,0x4a,0x2e,
    0x0a,0x06,0x02,0x00,0x1f,0x20,0x52,0x99,0x00,0x0a,0xf0,0x01,0x0f,0xcc,0x82,0x01,
    0x0f,0x02,0x00,0x07,0x0c,0x7a,0x0c,0x17,0xc3,0xe2,0x89,0x28,0x7d,0xef,0x4e,0x3b,
    0x06,0x72,0x90,0x08,0x48,0x54,0x2f,0xc3,0x18,0x50,0x31,0x0d,0x17,0x7d,0xee,0xb4,
    0x08,0x4a,0x1a,0x0a,0x2c,0x24,0x0f,0xfa,0x8c,0x1d,0x0f,0x02,0x00,0x0d,0x0a,0x6e,
    0x14,0x08,0xec,0x2f,0x0a,0x66,0x94,0x4f,0x00,0x00,0x61,0x08,0xa6,0x0e,0x19,0x0a,
    0xf6,0x14,0x0a,0x72,0x1f,0x02,0x52,0x69,0x0c,0x52,0x4a,0x02,0x74,0x3d,0xbd,0x2c,
    0x63,0x6d,0x6b,0xef,0x7b,0x6d,0x6b,0x6d,0x6b,0x28,0xdc,0x10,0x0a,0x3a,0x18,0x0f,
    0x02,0x00,0xff,0x32,0x0c,0x70,0x13,0x4a,0x00,0x00,0x2c,0x63,0x74,0x17,0x68,0xff,
    0xff,0x5d,0xef,0x71,0x8c,0xe0,0x02,0x02,0x02,0x00,0x0c,0xe6,0x04,0x0c,0xd2,0x0c,
    0x04,0x54,0x27,0x0a,0x3a,0x0a,0x0f,0x02,0x00,0x03,0x0a,0x78,0x1d,0x0a,0x0e,0x1e,
    0x0a,0x72,0x06,0x17,0xc3,0x78,0x6b,0xaf,0xba,0xd6,0x28,0x42,0x82,0x10,0xa2,0x10,
    0x28,0x42,0x5e,0x35,0x0f,0x0c,0xce,0x2a,0x04,0x3a,0x61,0x0a,0xfe,0x02,0x0c,0xb8,
    0x28,0x0f,0x02,0x00,0x17,0x4c,0xfb,0xde,0xb6,0xb5,0x38,0x01,0x0c,0x16,0x07,0x24,
    0x00,0x00,0xd6,0x0c,0x0a,0xca,0x1e,0x06,0x2c,0x01,0x0f,0x02,0x00,0x15,0x0a,0xba,
    0x18,0x2a,0xcf,0x7b,0x38,0x00,0x0c,0x16,0x69,0x6c,0x00,0x00,0x41,0x08,0x4d,0x6b,
    0x9e,0x00,0x4a,0x1c,0xe7,0x51,0x8c,0x14,0x01,0x46,0x00,0x00,0x82,0x10,0xb4,0x0a,
    0x0f,0x02,0x00,0xff,0x2e,0x0c,0xea,0x0c,0x2f,0xc7,0x39,0xaa,0x10,0x05,0x2a,0xbe,
    0xf7,0x22,0x46,0x4c,0x00,0x00,0x65,0x29,0x36,0x03,0x0e,0x86,0x08,0x0f,0x58,0x14,
    0x0f,0x04,0x02,0x00,0x0c,0xba,0x06,0x24,0x24,0x21,0x1a,0x00,0x0a,0x5c,0x03,0x06,
    0x9a,0xa7,0x02,0x7e,0x00,0x26,0x1c,0xe7,0x26,0x0a,0x0f,0x02,0x00,0x0b,0x0a,0x46,
    0x04,0x04,0x5e,0x24,0x08,0xa6,0x46,0x0e,0xa6,0x02,0x0f,0x02,0x00,0x0f,0x02,0x86,
    0x00,0x02,0x34,0x10,0x4a,0x20,0x00,0x28,0x42,0x8e,0x00,0x0a,0x16,0x07,0x06,0xba,
    0x03,0x0c,0x78,0x01,0x15,0x20,0x76,0x03,0x0f,0x02,0x00,0x13,0x08,0x5e,0x36,0x1d,
    0x41,0xea,0x8d,0x0c,0xcc,0x35,0x0f,0x7c,0x04,0x07,0x2c,0x7d,0xef,0x40,0x07,0x06,
    0xa4,0x00,0x0f,0x02,0x00,0xff,0x2c,0x28,0x5d,0xef,0x08,0x24,0x42,0x00,0x00,0x6d,
    0x6b,0x2a,0x02,0x0e,0x02,0x00,0x02,0x18,0x00,0x24,0x96,0xb5,0xf8,0x0c,0x02,0x02,
    0x00,0x0c,0x8a,0x48,0x0a,0xa8,0x02,0x02,0x18,0x0a,0x0f,0x64,0x13,0x15,0x0c,0xfe,
    0x92,0x06,0x72,0x32,0x28,0x7d,0xef,0x94,0x0a,0x06,0xfc,0x01,0x02,0x94,0x00,0x04,
    0x02,0x00,0x0a,0x0e,0x00,0x0f,0x02,0x00,0x01,0x0a,0x10,0x0e,0x06,0xa0,0x05,0x06,
    0x0a,0x68,0x1f,0xa6,0x6c,0x17,0x24,0x08,0x46,0x06,0x28,0xc7,0x39,0x8a,0x00,0x0a,
    0x28,0x0b,0x04,0xd2,0x13,0x0c,0x30,0x51,0x0f,0x1a,0x15,0x13,0x0a,0x02,0x00,0xac,
    0xdb,0xde,0x8a,0x52,0xa2,0x10,0x82,0x10,0x28,0x42,0xa2,0x1a,0x0c,0x2e,0x66,0x0f,
    0x1e,0x5c,0x09,0x6a,0xff,0xff,0xff,0xff,0x34,0xa5,0xb2,0x3c,0x0f,0x1e,0x2a,0x27,
    0x0f,0x02,0x00,0xf9,0x0a,0x24,0x1a,0x02,0x90,0x5f,0x08,0x1a,0x02,0x0e,0x02,0x00,
    0x0a,0x3e,0x03,0x17,0xe3,0xa0,0x09,0x02,0x02,0x00,0x0a,0x62,0x09,0x0f,0x12,0x6e,
    0x1b,0x19,0xaa,0x0e,0x39,0x35,0x00,0x00,0x45,0x18,0x07,0x06,0x94,0x2e,0x2c,0x82,
    0x10,0xda,0x08,0x0f,0x02,0x00,0x19,0x04,0x46,0x03,0x2a,0x82,0x10,0x7a,0x2b,0x8f,
    0x14,0xa5,0xaa,0x52,0x69,0x4a,0xef,0x7b,0x84,0x5d,0x23,0x19,0x3c,0xaa,0x28,0x0a,
    0x2c,0x0b,0x08,0x28,0x12,0x06,0x14,0x1f,0x0a,0xce,0x40,0x0f,0x6e,0x6f,0x19,0x0a,
    0x02,0x00,0x2f,0x1c,0xe7,0x66,0x0e,0x01,0x0a,0x8c,0x0d,0x0f,0x5a,0x03,0x0d,0x0e,
    0x1a,0x08,0x22,0x65,0x29,0x16,0x00,0x0f,0x02,0x00,0xff,0x2a,0x19,0x3c,0x62,0x41,
    0x02,0xca,0x26,0x0f,0x5a,0x03,0x0b,0x02,0xf4,0x19,0x02,0x34,0x03,0x02,0x02,0x00,
    0x04,0x5a,0x09,0x06,0x02,0x00,0x0c,0x46,0x46,0x06,0x80,0x06,0x0f,0x02,0x00,0x0d,
    0x0e,0xa6,0x20,0x06,0x0a,0x86,0x86,0xd7,0xbd,0x0c,0x63,0x69,0x4a,0x8e,0x73,0x6e,
    0x06,0x0f,0x02,0x00,0x23,0x64,0x79,0xce,0xf3,0x9c,0x34,0xa5,0xf6,0x0c,0x0f,0x02,
    0x00,0x33,0x0c,0xde,0x17,0x04,0x9e,0x06,0x02,0x02,0x00,0x86,0xdf,0xff,0x71,0x8c,
    0xcb,0x5a,0xaa,0x52,0x94,0x18,0x0e,0xb6,0x06,0x0f,0xe8,0x13,0x01,0x0f,0x02,0x00,
    0x25,0x0a,0x28,0x8b,0x0f,0x9e,0x29,0x13,0x0c,0x14,0x05,0x0f,0x1e,0x22,0x43,0x0f,
    0x02,0x00,0xd9,0x0a,0x26,0x03,0x2f,0xdb,0xde,0x5a,0x03,0x11,0x0c,0x0c,0x1b,0x0e,
    0xe4,0x04,0x0c,0xea,0x42,0x08,0x28,0x3f,0x0f,0x02,0x00,0x0d,0x0c,0x98,0x03,0x0f,
    0x16,0x2e,0x35,0x0f,0x02,0x00,0x4b,0x0c,0x2a,0x0e,0x0a,0x5c,0x03,0x0e,0x02,0x00,
    0x0c,0xb6,0x06,0x0f,0xd2,0x18,0x03,0x0f,0x02,0x00,0x25,0x08,0x16,0x0f,0x11,0x41,
    0xc4,0xab,0x0f,0x30,0x05,0x0f,0x0c,0x2c,0x0f,0x06,0x2a,0x18,0x0f,0x02,0x00,0xff,
    0x26,0x08,0xca,0x02,0x0f,0x7a,0x1d,0x0d,0x08,0x02,0x00,0x0a,0x72,0x34,0x0c,0x2e,
    0x14,0x0e,0x5e,0x24,0x08,0x38,0x17,0x0f,0x02,0x00,0x0b,0x0e,0x6a,0x14,0x0f,0x0c,
    0x11,0x17,0x0f,0x02,0x00,0x65,0x0c,0x86,0x06,0x0f,0x4c,0x36,0x0f,0x19,0xe7,0x5a,
    0xb6,0x08,0x42,0x0e,0x0f,0x02,0x00,0x2f,0x0a,0x0e,0x5e,0x02,0x74,0x2f,0x0f,0x5c,
    0x03,0x13,0x08,0xc4,0x40,0x0f,0x5a,0x11,0x1d,0x0f,0x02,0x00,0xfd,0x19,0x5d,0x22,
    0x10,0x0f,0xc6,0x0c,0x03,0x06,0x06,0x21,0x0a,0x02,0x00,0x08,0x72,0x13,0x0f,0xc6,
    0x2a,0x01,0x08,0xb6,0x03,0x02,0x02,0x00,0x06,0x12,0x09,0x0f,0x02,0x00,0x0b,0x0c,
    0x6c,0x1b,0x0e,0xba,0x19,0x0f,0x02,0x00,0x05,0x0f,0xac,0x00,0x05,0x0f,0x02,0x00,
    0x4d,0x0c,0x10,0x04,0x0f,0xf4,0x05,0x0d,0x0a,0x9a,0x04,0x0f,0xf8,0x2f,0x15,0x02,
    0x0a,0x19,0x2c,0xf7,0xbd,0xb8,0x10,0x0c,0x02,0x00,0x17,0xba,0x9c,0x91,0x0f,0x7a,
    0x83,0x05,0x0f,0x2a,0x01,0x05,0x08,0xee,0x33,0x0f,0xb0,0x01,0x15,0x0f,0x02,0x00,
    0xff,0x04,0x08,0x36,0x13,0x0e,0xda,0x09,0xaf,0xff,0xff,0x38,0xc6,0xaa,0x52,0x45,
    0x29,0xa6,0x31,0xf0,0x20,0x01,0x08,0xfe,0x12,0x0f,0xfe,0x02,0x01,0x0c,0xa8,0x46,
    0x0f,0x0a,0x05,0x17,0x08,0x3e,0x05,0x02,0x02,0x00,0x0f,0xba,0x06,0x11,0x8e,0xb6,
    0xb5,0x49,0x4a,0x45,0x29,0xa6,0x31,0xfe,0x0d,0x0f,0x02,0x00,0x4f,0x0c,0x4a,0x51,
    0x0f,0x50,0x3f,0x0d,0x0c,0x5e,0x26,0x0f,0xf8,0x0a,0x15,0x22,0x51,0x8c,0xa4,0x15,
    0x2f,0xc7,0x39,0xcc,0x1b,0x09,0x08,0xb2,0x14,0x02,0xe6,0x03,0x0a,0xb6,0x06,0x8c,
    0xb6,0xb5,0x49,0x4a,0x24,0x21,0xe7,0x39,0xe2,0x15,0x08,0xea,0x11,0x0f,0x36,0x70,
    0x19,0x0f,0x02,0x00,0xff,0x04,0x08,0x86,0x01,0x0e,0x12,0x0a,0x08,0x0c,0x43,0x02,
    0x40,0x14,0x08,0x02,0x00,0x08,0xd2,0x37,0x0f,0x3a,0x35,0x03,0x0e,0x24,0x03,0x0f,
    0x84,0x03,0x01,0x0e,0x02,0x00,0x0c,0xe2,0x1d,0x0f,0x38,0x00,0x11,0x08,0x04,0x11,
    0x0c,0x46,0x1d,0x0f,0x02,0x00,0x4f,0x0a,0xc2,0x1a,0x04,0x3c,0x0d,0x0a,0xd2,0x02,
    0x06,0x02,0x00,0x08,0x3a,0x01,0x02,0x02,0x00,0x0f,0x88,0x43,0x0f,0x0c,0xce,0x04,
    0x0e,0x16,0xac,0x06,0x02,0x00,0x08,0x6e,0x0d,0x02,0x12,0x0a,0x08,0x02,0x00,0x08,
    0x50,0x05,0x0e,0x04,0x04,0x08,0xb4,0x01,0x02,0x98,0x03,0x0f,0x02,0x00,0xff,0x26,
    0x08,0x74,0x31,0x0e,0x94,0x48,0x0a,0x5e,0x05,0x0c,0x50,0x1e,0x08,0x8a,0x17,0x06,
    0x70,0x1a,0x0a,0x02,0x00,0x0c,0x74,0x02,0x2f,0x00,0x00,0x70,0x05,0x09,0x06,0x02,
    0x00,0x08,0x14,0x07,0x02,0xf2,0x06,0x0f,0x1c,0x14,0x0d,0x08,0xcc,0x08,0x06,0xfa,
    0x20,0x0f,0x02,0x00,0x2b,0x0f,0x1c,0x03,0x05,0x0c,0x02,0x00,0x0c,0xc4,0x2f,0x0f,
    0xa0,0x3c,0x0d,0x0c,0xf4,0x0a,0x06,0x68,0x18,0x0f,0x02,0x00,0x09,0x0c,0x92,0x03,
    0x0f,0xc8,0x13,0x07,0x08,0x64,0xa9,0x0e,0x3e,0x03,0x0a,0x2a,0x01,0x0c,0xc0,0x17,
    0x08,0x7a,0x03,0x0f,0x0a,0x05,0x13,0x0f,0x02,0x00,0xff,0x06,0x08,0xdc,0x1a,0x0c,
    0x04,0x19,0x0c,0xa0,0x0f,0x06,0x0c,0x17,0x02,0x02,0x00,0x26,0xdb,0xde,0x68,0x37,
    0x1d,0x86,0xce,0xbe,0x02,0x02,0x00,0x0e,0x18,0x0a,0x04,0x5c,0x39,0x0f,0x02,0x00,
    0x0b,0x0c,0xae,0x02,0x0f,0xcc,0x1c,0x0d,0x0c,0x0a,0x97,0x0f,0xa6,0x13,0x0d,0x6a,
    0xdf,0xff,0xf7,0xbd,0xb6,0xb5,0x3e,0x21,0x0f,0x02,0x00,0x01,0x6e,0xdf,0xff,0xf7,
    0xbd,0xd7,0xbd,0x72,0x54,0x0a,0x02,0x00,0x0c,0x80,0x17,0x0f,0xb6,0x11,0x0b,0x08,
    0x94,0x04,0x02,0x02,0x00,0x0f,0xd8,0x0c,0x11,0x0c,0x8e,0x01,0x0f,0xfa,0x18,0x01,
    0x04,0x02,0x00,0x08,0xdc,0x1a,0x0c,0xf8,0x09,0x0a,0x84,0x1f,0x04,0x62,0x07,0x06,
    0x02,0x00,0x08,0xc2,0x03,0x0f,0x32,0x05,0x05,0x0f,0x02,0x00,0xff,0x14,0x08,0x82,
    0x17,0x0a,0x76,0x2e,0x3b,0xff,0xff,0xff,0x3c,0x74,0x0c,0x16,0x03,0x26,0x79,0xce,
    0xd0,0x21,0x06,0x7a,0x42,0x0c,0x02,0x00,0x08,0xac,0x01,0x3f,0x00,0x00,0x41,0x32,
    0x89,0x16,0x0c,0xba,0x06,0x0c,0xda,0x03,0x0a,0x02,0x00,0x0c,0x7a,0x02,0x0f,0xee,
    0x0f,0x0b,0x22,0xba,0xd6,0xc4,0x2a,0x2f,0x82,0x10,0x48,0x0e,0x01,0x06,0x02,0x00,
    0x22,0x59,0xce,0xa8,0x56,0x2f,0xa2,0x10,0xfe,0x02,0x0b,0x0c,0x32,0x24,0x04,0x72,
    0x39,0x0f,0x02,0x00,0x03,0x0c,0x2e,0x00,0x02,0x7c,0x1f,0x0f,0x24,0x07,0x0d,0x0c,
    0x8c,0x32,0x0e,0x16,0x03,0x06,0x02,0x00,0x08,0xbc,0x1f,0x0c,0x66,0x12,0x0c,0xe2,
    0x3d,0x0c,0xe2,0x15,0x08,0x5c,0x26,0x0f,0x14,0x0a,0xff,0x2c,0x08,0x66,0x19,0x0e,
    0x52,0x0d,0x08,0xd6,0x06,0x15,0x65,0x24,0x5d,0x04,0x08,0x02,0x08,0xec,0x12,0x0f,
    0x4a,0x42,0x09,0x08,0x46,0x00,0x0c,0x1c,0x07,0x0f,0x02,0x00,0x07,0x0c,0xd4,0xb8,
    0x0f,0xce,0x10,0x0d,0x04,0x6e,0x21,0x55,0x00,0x00,0x00,0x00,0xa6,0x64,0x46,0x0f,
    0x02,0x00,0x01,0x19,0x9e,0xa0,0x6a,0x0f,0xe2,0x06,0x07,0x0a,0x44,0x15,0x0c,0x5a,
    0x04,0x08,0x02,0x00,0x0a,0x66,0x09,0x0f,0xc0,0x0a,0x07,0x02,0x74,0x35,0x06,0xee,
    0x07,0x02,0x02,0x00,0x0c,0x5a,0x06,0x0f,0x02,0x00,0x01,0x06,0x94,0x22,0x04,0x02,
    0x00,0x2f,0x28,0x42,0x8e,0x03,0x07,0x08,0x98,0x04,0x0e,0x72,0x01,0x08,0x2a,0x01,
    0x19,0xe7,0x9c,0x25,0x0c,0x9e,0x21,0x0f,0x14,0x0a,0xff,0x2c,0x08,0x70,0x0d,0x0e,
    0xa6,0x04,0x15,0xdf,0x5e,0x08,0x28,0x65,0x29,0x28,0x0d,0x02,0xd6,0x01,0x08,0x0a,
    0x09,0x0f,0x5c,0x03,0x09,0x9f,0xff,0xff,0xd3,0x9c,0x86,0x31,0xc3,0x18,0x86,0xc2,
    0x13,0x1c,0x08,0x9e,0x10,0x0f,0x46,0x93,0x11,0x04,0xbe,0x1d,0x2f,0xc7,0x39,0x9c,
    0x0d,0x0b,0x08,0x52,0x0c,0x0f,0xf6,0x00,0x01,0x04,0x02,0x00,0x0a,0x4a,0x2b,0x0f,
    0x36,0x21,0x07,0x0a,0x4c,0x97,0x0f,0x0c,0x01,0x0d,0x04,0x52,0x01,0x04,0x02,0x00,
    0x0f,0xb0,0xa4,0x11,0x0a,0xe6,0x03,0x02,0x8c,0x32,0x0c,0x28,0x0d,0x08,0x02,0x00,
    0x08,0xce,0x04,0x06,0x64,0x25,0x04,0x02,0x00,0x15,0xdf,0x06,0x0f,0x2e,0xc7,0x39,
    0x46,0x00,0x08,0xde,0x12,0x0f,0x5c,0x03,0xff,0x2c,0x08,0xfc,0x0b,0x1f,0x41,0x3c,
    0x34,0x02,0x6a,0x79,0xce,0x34,0xa5,0xb6,0xb5,0x0e,0x19,0x02,0x5c,0x03,0x08,0xdc,
    0x08,0x0e,0x50,0x0a,0x04,0x02,0x00,0x02,0x2c,0x00,0x42,0xdf,0xff,0x3c,0xe7,0x0a,
    0x00,0x0f,0x02,0x00,0x19,0xbf,0xd7,0xbd,0xe7,0x39,0xc3,0x18,0x24,0x21,0x8e,0x73,
    0xdf,0xfe,0x46,0x12,0x6f,0x59,0xce,0x34,0xa5,0xd7,0xbd,0x68,0x00,0x0d,0x19,0xae,
    0x34,0x35,0x0f,0xfa,0xb4,0x07,0x0a,0xda,0x28,0x15,0x65,0xd8,0x28,0x0c,0x02,0x00,
    0x08,0xa0,0x04,0x02,0xec,0x2c,0x0c,0x22,0x00,0x06,0x02,0x00,0x0e,0x3e,0x7f,0x0f,
    0x96,0x0a,0x0b,0x02,0x02,0x00,0x04,0x0c,0x03,0x06,0x02,0x00,0x0f,0x76,0x0a,0x0b,
    0x08,0x96,0x04,0x15,0x04,0x4a,0x30,0x08,0x02,0x00,0x4f,0x59,0xce,0x14,0xa5,0xda,
    0x3a,0x01,0x0a,0x6c,0x00,0x0e,0xf4,0x06,0x0f,0x02,0x00,0xff,0x1c,0x02,0x7a,0x0c,
    0x02,0x02,0x00,0x0f,0x9e,0x08,0x11,0x04,0x02,0x00,0x0a,0x3e,0x10,0x0f,0x44,0x16,
    0x13,0x0f,0x02,0x00,0x21,0x2a,0x5d,0xef,0xd8,0x03,0x0f,0x02,0x00,0x2f,0x0a,0x34,
    0x03,0x0f,0xd8,0x93,0x05,0x0c,0x2e,0x3a,0x2f,0xa2,0x10,0xcc,0x2f,0x05,0x0a,0xb4,
    0x3c,0x0f,0x66,0x0a,0x09,0x0a,0x0a,0x0d,0x02,0x80,0x0e,0x0e,0x3a,0x06,0x0c,0x02,
    0x00,0x0e,0xd6,0x36,0x0f,0xc6,0x07,0x0d,0x28,0x9e,0xf7,0xea,0x40,0x0a,0x92,0x2c,
    0x04,0xee,0x04,0x0f,0x02,0x00,0x03,0x0a,0xac,0x26,0x0f,0x88,0x0b,0x0d,0x0f,0x02,
    0x00,0xe3,0x02,0x08,0x13,0x0f,0x8e,0x2a,0x11,0x08,0xc6,0x05,0x0a,0x5a,0x6e,0x0f,
    0x02,0x00,0x0b,0x08,0x30,0x0f,0x2f,0xa2,0x10,0x3c,0x2e,0x23,0x0f,0x02,0x00,0x63,
    0x0a,0xec,0x09,0x08,0x06,0x3c,0x08,0x02,0x00,0x0c,0xfc,0x50,0x0e,0x32,0x0b,0x02,
    0x02,0x00,0x22,0xbe,0xf7,0xf0,0x10,0x04,0x02,0x00,0x11,0x61,0xae,0x11,0x0f,0x3c,
    0x07,0x05,0x0c,0xdc,0x36,0x0f,0xe4,0x06,0x09,0x04,0x02,0x00,0x0a,0x0e,0x12,0x0a,
    0x18,0x3a,0x0f,0x02,0x00,0x05,0x08,0xea,0x06,0x02,0x7c,0x1c,0x0f,0x92,0x00,0x05,
    0x0a,0x02,0x00,0x04,0x58,0x0b,0x02,0x1a,0x34,0x0a,0x1c,0x00,0x0f,0x02,0x00,0xf3,
    0x13,0x9a,0x08,0x13,0x4f,0x61,0x08,0x2c,0x63,0x40,0x16,0x0d,0x0a,0xae,0x23,0x0c,
    0xbc,0x3a,0x0f,0x02,0x00,0x05,0x0a,0xe0,0x04,0x0f,0x8c,0x0c,0x07,0x0f,0x02,0x00,
    0x81,0x08,0x0a,0x13,0x0a,0x74,0x49,0x08,0x02,0x00,0x0a,0xe2,0x00,0x0f,0xf6,0x0a,
    0x07,0x0a,0x1a,0x11,0x0f,0x54,0x06,0x0b,0x0c,0x3e,0x8a,0x0f,0xb2,0x27,0x13,0x0c,
    0x36,0x17,0x0f,0x04,0x15,0x0b,0x02,0x02,0x00,0x08,0x0c,0x0f,0x0f,0xe4,0x17,0x13,
    0x02,0x86,0x23,0x08,0xdc,0x4b,0x0e,0x76,0x1e,0x0f,0x02,0x00,0xef,0x08,0x8e,0x3a,
    0x4f,0x00,0x00,0xe3,0x18,0x58,0x0b,0x03,0x06,0x02,0x00,0x0a,0xca,0x1c,0x0f,0x10,
    0x13,0x09,0x06,0xfc,0x04,0x08,0x4a,0x0a,0x0e,0x56,0x1e,0x0f,0x02,0x00,0x0f,0x2f,
    0x9e,0xf7,0x58,0x07,0x15,0x0f,0x02,0x00,0x3f,0x0a,0x78,0x02,0x0f,0xde,0x17,0x05,
    0x0c,0xd0,0x13,0x0e,0x46,0x15,0x04,0x02,0x00,0x0a,0x0c,0x01,0x0f,0x58,0x0b,0x09,
    0x0c,0xee,0x1b,0x0f,0x54,0x00,0x07,0x0a,0x02,0x00,0x08,0x0c,0x1e,0x0c,0x54,0x17,
    0x0f,0x02,0x00,0x05,0x0a,0x96,0x00,0x0f,0x2a,0x2a,0x03,0x0a,0x02,0x00,0x0a,0x0e,
    0x23,0x0f,0xee,0x14,0x07,0x0f,0x02,0x00,0xe9,0x0e,0xb0,0x15,0x26,0xef,0x7b,0x16,
    0x03,0x0e,0x02,0x00,0x08,0x4c,0x17,0x4f,0x00,0x00,0xa2,0x10,0x18,0x05,0x0f,0x0a,
    0x62,0x0c,0x0f,0x2a,0x1d,0x0b,0x0f,0x02,0x00,0x01,0x22,0x59,0xce,0x40,0x7c,0x2f,
    0x61,0x08,0x2e,0x0f,0x61,0x0c,0x5c,0x03,0x0f,0xac,0x07,0x03,0x0c,0xde,0x06,0x0f,
    0x08,0x03,0x07,0x08,0x64,0x0a,0x2f,0x45,0x29,0x96,0x0d,0x05,0x02,0x02,0x00,0x08,
    0xea,0x22,0x2f,0x20,0x00,0x6c,0x0d,0x0f,0x04,0x02,0x00,0x8f,0x71,0x8c,0x86,0x31,
    0x04,0x21,0xa6,0x31,0x2c,0x80,0x17,0x08,0xbc,0x24,0x42,0x00,0x00,0x24,0x21,0x3c,
    0x15,0x0f,0x08,0x02,0x07,0x28,0x9e,0xf7,0x7c,0x2d,0x0f,0xae,0x0a,0x13,0x0f,0x02,
    0x00,0xdf,0x0a,0x58,0x8b,0x02,0x02,0x00,0x0f,0xdc,0x29,0x0b,0x08,0xf2,0x01,0x0f,
    0x44,0x08,0x0d,0x04,0x78,0x1d,0x06,0x02,0x00,0x02,0xb6,0x01,0x0f,0x02,0x00,0x17,
    0x0a,0x76,0x60,0x0f,0x70,0x21,0x0b,0x0a,0x02,0x00,0x2f,0x3c,0xe7,0xd8,0x10,0x31,
    0x08,0x1a,0x4a,0x0f,0x6a,0x16,0x07,0x0c,0x46,0x01,0x0f,0x62,0x24,0x07,0x06,0x58,
    0x17,0x28,0x86,0x31,0xaa,0x18,0x0f,0x02,0x00,0x01,0x24,0x9a,0xd6,0x66,0x10,0x2f,
    0x61,0x08,0x5a,0x1b,0x07,0x0f,0x02,0x00,0x03,0x0f,0xb6,0x03,0x0b,0x0e,0x02,0x00,
    0x0a,0xc6,0x32,0x2f,0x61,0x08,0xc2,0x00,0x09,0x13,0x79,0xee,0x04,0x04,0x02,0x00,
    0x02,0xf4,0x35,0x0f,0x02,0x00,0xff,0x00,0x0a,0x42,0x0d,0x04,0x02,0x00,0x2f,0x82,
    0x10,0xf6,0x11,0x07,0x08,0xbe,0x24,0x02,0x02,0x00,0x2f,0x8a,0x52,0x2e,0x00,0x01,
    0x4c,0x5d,0xef,0xef,0x7b,0xfa,0x1c,0x0f,0x76,0x2e,0x1f,0x08,0x42,0x19,0x0f,0xda,
    0x02,0x05,0x0e,0x02,0x00,0x8e,0xb6,0xb5,0x49,0x4a,0xe3,0x18,0x65,0x29,0x20,0x27,
    0x0f,0x02,0x00,0x1d,0x0c,0x22,0x0d,0x0e,0x02,0x1a,0x0f,0x80,0x36,0x01,0x0f,0x5a,
    0x0b,0x0b,0x4f,0x9a,0xd6,0x55,0xad,0x22,0x00,0x0b,0x04,0x02,0x00,0x8f,0x1c,0xe7,
    0x30,0x84,0xeb,0x5a,0xcf,0x7b,0xa6,0x09,0x11,0x0f,0x02,0x00,0x2b,0x08,0x60,0x19,
    0x02,0x02,0x00,0x2f,0xeb,0x5a,0x94,0x08,0x01,0x46,0xfb,0xde,0x8e,0x73,0x62,0x23,
    0x02,0x02,0x00,0x0f,0xe4,0x17,0x0b,0x0f,0x02,0x00,0xe7,0x1b,0xdf,0x82,0x7b,0x04,
    0x02,0x00,0x0f,0x3c,0xcf,0x09,0x0c,0x02,0x09,0x02,0xf6,0x02,0xf4,0x01,0x71,0x8c,
    0x38,0xc6,0x59,0xce,0xba,0xd6,0x9a,0xd6,0x59,0xce,0x34,0xa5,0x6d,0x6b,0x74,0x05,
    0x06,0x02,0x00,0x0f,0xc6,0x10,0x21,0x08,0x4a,0x2a,0x0f,0xb4,0x26,0x15,0x08,0xa0,
    0x00,0x2f,0x69,0x4a,0xda,0x08,0x07,0x0f,0x02,0x00,0x11,0x0c,0xa4,0x50,0x0f,0xd4,
    0x0a,0x03,0x08,0xb2,0x22,0x0f,0xca,0x16,0x01,0x0f,0x02,0x00,0x91,0x0e,0x1e,0x0c,
    0xff,0x04,0x00,0x00,0xaa,0x52,0xb2,0x94,0x38,0xc6,0x9a,0xd6,0xdb,0xde,0x79,0xce,
    0x59,0xce,0xf3,0x9c,0x4d,0x28,0x5e,0x00,0x0f,0xc6,0x10,0xff,0x02,0x04,0x02,0x00,
    0x2c,0xbe,0xf7,0xe6,0x09,0x02,0x02,0x00,0x0f,0xa2,0x05,0x03,0x02,0x02,0x00,0x0a,
    0xae,0x20,0x08,0x02,0x00,0x2c,0x41,0x08,0xd6,0x04,0x04,0x02,0x00,0x0f,0x50,0x00,
    0x09,0x0f,0x02,0x00,0x07,0x08,0x28,0x03,0x0f,0x9e,0x03,0x15,0x0a,0x0c,0x0c,0x0f,
    0x56,0x05,0x2b,0x2a,0xbe,0xf7,0xe8,0x0f,0x2f,0x24,0x21,0x4c,0x15,0x01,0x08,0x1a,
    0x24,0x0f,0xec,0x19,0xa7,0x0c,0x22,0x04,0x04,0x02,0x00,0x54,0x20,0x00,0x82,0x10,
    0x20,0x0d,0x00,0x0b,0x02,0x00,0x0f,0x08,0x20,0x07,0x0f,0x02,0x00,0xf5,0x08,0xf8,
    0x22,0x04,0x02,0x00,0x02,0x6a,0x46,0x0f,0x02,0x00,0x05,0x2f,0xb6,0xb5,0x6e,0x01,
    0x05,0x0f,0x02,0x00,0x03,0x0f,0xb4,0x06,0x21,0x02,0xbc,0x1c,0x06,0xfa,0x03,0x1f,
    0x41,0x22,0x59,0x12,0x22,0xbe,0xf7,0xfc,0x10,0x04,0x02,0x00,0x0e,0x78,0xda,0x0f,
    0x02,0x00,0x1b,0x0a,0x8c,0x11,0x0f,0xd6,0xc9,0x03,0x0a,0xce,0x03,0x0f,0x2e,0x35,
    0x09,0x0f,0x02,0x00,0x43,0x2f,0x5d,0xef,0x60,0x0d,0x1d,0x0f,0x02,0x00,0x03,0x0f,
    0xbc,0x06,0x01,0x0f,0x02,0x00,0x09,0x0f,0x5a,0x03,0xff,0x10,0x6a,0xff,0xff,0xff,
    0xff,0xd7,0xbd,0x92,0x02,0x0f,0xf0,0x47,0x0f,0x2a,0x18,0xc6,0xd2,0x05,0x0f,0x02,
    0x00,0x07,0x1f,0x20,0xac,0x23,0x12,0x0f,0x02,0x00,0x05,0xaf,0xbe,0xf7,0x8e,0x73,
    0x65,0x29,0x24,0x21,0x8a,0x52,0x76,0x0c,0x15,0x0c,0x74,0x1d,0x0f,0x30,0x13,0x17,
    0x0f,0x02,0x00,0x01,0x08,0x22,0x1d,0x0f,0x8e,0x68,0x05,0x0a,0xbe,0x21,0x0f,0x5c,
    0x03,0x5b,0xaf,0x59,0xce,0x49,0x4a,0xc3,0x18,0x24,0x21,0x2c,0x63,0xd0,0x4d,0x23,
    0x0a,0x02,0x00,0x39,0xb6,0xb5,0x24,0x80,0x8a,0x0f,0x02,0x00,0x07,0x2f,0x61,0x08,
    0x3e,0x0f,0x1f,0x0f,0x02,0x00,0xe5,0x28,0x9e,0xf7,0xa0,0x1f,0x0f,0x94,0x13,0x11,
    0x2f,0xbe,0xf7,0x98,0x5a,0x01,0x0c,0x02,0x00,0x2c,0xcb,0x5a,0x28,0x39,0x0f,0x02,
    0x00,0x1f,0x2f,0xdf,0xff,0x98,0x05,0x19,0x0a,0x0e,0x03,0x0e,0xd0,0xa3,0x0f,0x02,
    0x00,0x1b,0x0a,0x4e,0x00,0x1f,0x61,0xc6,0x78,0x02,0x0a,0xb4,0x0e,0x2f,0xe3,0x18,
    0xe6,0x02,0x31,0x0f,0x02,0x00,0x13,0x26,0x59,0xce,0x30,0x12,0x2f,0x08,0x42,0x1a,
    0x15,0x2b,0x02,0x9a,0x0e,0x46,0x7d,0xef,0x10,0x84,0x96,0x94,0x0f,0x02,0x00,0x03,
    0x4f,0x41,0x08,0x4d,0x6b,0xc8,0x23,0x11,0x0f,0x02,0x00,0xf9,0x22,0x14,0xa5,0x94,
    0x23,0x0f,0xac,0x34,0x0d,0x06,0x02,0x00,0x42,0xbe,0xf7,0x51,0x8c,0x34,0x00,0x0e,
    0x02,0x00,0x2f,0xe3,0x18,0x30,0x7f,0x01,0x0f,0x02,0x00,0x4f,0x0c,0xf8,0x23,0x0f,
    0x74,0x0d,0x2b,0x0a,0x4e,0x11,0x0f,0x4c,0x00,0x01,0x0c,0x42,0x21,0x0f,0xf2,0x24,
    0x05,0x0f,0x02,0x00,0x41,0x0a,0x6e,0x08,0x0f,0xaa,0x29,0x35,0x4f,0x5d,0xef,0x10,
    0x84,0xd6,0x01,0x07,0x4f,0x4d,0x6b,0xba,0xd6,0xcc,0x00,0x41,0x0f,0x02,0x00,0xcd,
    0x6f,0xdf,0xff,0x38,0xc6,0xd7,0xbd,0xa8,0x1c,0x17,0x02,0x02,0x00,0xff,0x07,0x59,
    0xce,0x71,0x8c,0x69,0x4a,0x65,0x29,0xc7,0x39,0x45,0x29,0xc7,0x39,0xc7,0x39,0xa6,
    0x31,0x6d,0x6b,0x96,0xb5,0xbe,0x05,0x57,0x0c,0x02,0x00,0x0c,0x36,0x4a,0x0f,0xd6,
    0x32,0x0b,0x8f,0xd7,0xbd,0x4d,0x6b,0x8a,0x52,0x30,0x84,0xa6,0x10,0x01,0x0e,0x3e,
    0x1e,0x02,0x78,0x39,0x02,0xe4,0x05,0x02,0x02,0x00,0x0a,0x12,0x55,0x0f,0x4c,0x44,
    0x01,0x02,0x02,0x00,0x6f,0x14,0xa5,0xeb,0x5a,0xeb,0x5a,0xa2,0x0a,0x2b,0x0a,0x02,
    0x00,0x0c,0x04,0x39,0x0f,0x7c,0x0b,0x29,0x0e,0x02,0x00,0xb1,0xf7,0xbd,0x10,0x84,
    0x49,0x4a,0xc7,0x39,0xe7,0x39,0x65,0xd6,0x01,0x6f,0xc7,0x39,0xae,0x73,0x96,0xb5,
    0x42,0x08,0x19,0x0f,0x02,0x00,0xf9,0x08,0x32,0x02,0x0a,0x02,0x00,0x8f,0x55,0xad,
    0x0c,0x63,0xcb,0x5a,0x92,0x94,0x30,0x03,0x0d,0x0f,0x7a,0x01,0x73,0x0a,0x5e,0x14,
    0x0f,0xba,0x13,0x0b,0x06,0xf8,0x1d,0x2f,0x45,0x29,0xe8,0x08,0x01,0x0c,0x10,0x6b,
    0x0f,0xf6,0x19,0x01,0x0a,0xe2,0x0d,0x0f,0xe2,0x02,0x03,0x06,0x5c,0x0a,0x04,0x10,
    0x65,0x0f,0x02,0x00,0x2d,0x0e,0x9c,0x1c,0x0f,0xb8,0x03,0x39,0x08,0x02,0x00,0x0f,
    0x6c,0x0a,0x0f,0x8f,0x96,0xb5,0x4d,0x6b,0xcb,0x5a,0x51,0x8c,0x00,0x02,0x73,0x0f,
    0x02,0x00,0x65,0x8f,0x9e,0xf7,0xd7,0xbd,0x34,0xa5,0xf7,0xbd,0x30,0x01,0x03,0x0f,
    0x5e,0x03,0x03,0x06,0x64,0x16,0x2c,0xe3,0x18,0x86,0x30,0x0f,0x02,0x00,0x61,0x4f,
    0xbe,0xf7,0xfb,0xde,0xaa,0x00,0x03,0x04,0x02,0x00,0x0a,0xf8,0x28,0x0f,0x78,0x4c,
    0x07,0x19,0xfb,0x94,0xc6,0x0e,0xbe,0x4a,0x0c,0x2a,0x91,0x08,0x52,0x3d,0x06,0x02,
    0x00,0x0a,0x68,0x15,0x0f,0xa2,0x03,0x01,0x0a,0xb6,0x18,0x02,0xfc,0x06,0x0f,0x02,
    0x00,0x2b,0x0c,0x9a,0x40,0x4f,0x00,0x00,0xa2,0x10,0x7a,0x07,0x03,0x0f,0x02,0x00,
    0x4d,0x26,0xfb,0xde,0x28,0x08,0x2f,0x86,0x31,0x84,0x00,0x19,0x6f,0x9a,0xd6,0x55,
    0xad,0x34,0xa5,0x4a,0xe6,0x03,0x0f,0x02,0x00,0x9f,0x13,0x79,0xd6,0x41,0x4f,0x00,
    0x00,0x86,0x31,0x42,0x24,0x15,0x0a,0x44,0x28,0x2f,0x00,0x00,0x92,0x12,0x33,0x0f,
    0x02,0x00,0x27,0x82,0x30,0x84,0x45,0x29,0xa2,0x10,0x65,0x29,0xa8,0x12,0x0f,0x64,
    0x03,0x03,0x0e,0xd4,0x05,0x0f,0x3c,0x22,0x01,0x0c,0x44,0x86,0x0f,0xd4,0x38,0x03,
    0x24,0xdb,0xde,0x3c,0x13,0x0f,0xb8,0x61,0x05,0x08,0x24,0x1c,0x0f,0x2e,0x43,0x03,
    0x06,0x9e,0x04,0x0f,0xcc,0x4f,0x35,0x08,0x6e,0x3a,0x02,0x02,0x00,0x0f,0xfa,0x2b,
    0x09,0x0f,0x02,0x00,0x47,0x2a,0x75,0xad,0x26,0x20,0x0f,0x98,0x17,0x15,0x42,0x79,
    0xce,0xcb,0x5a,0xc8,0x19,0x0f,0x72,0x14,0xb3,0x0c,0x5c,0x2d,0x2c,0x49,0x4a,0x5e,
    0x44,0x0f,0x02,0x00,0x01,0x0a,0x96,0x05,0x02,0x16,0x34,0x0f,0xb4,0x23,0x13,0x0f,
    0x02,0x00,0x41,0x08,0x0c,0x36,0x0f,0xbe,0x2b,0x09,0x06,0x4c,0x05,0x02,0x02,0x00,
    0x0f,0x74,0x3e,0x03,0x0a,0x8c,0x2b,0x0f,0x5c,0x03,0x03,0xaf,0xff,0xff,0x3c,0xe7,
    0x71,0x8c,0x4d,0x6b,0x10,0x84,0x88,0x0e,0x09,0x6f,0xf3,0x9c,0x6d,0x6b,0xcf,0x7b,
    0xc2,0x03,0x03,0x0c,0x5c,0x03,0x2f,0x2c,0x63,0x1a,0x01,0x2d,0x0c,0xf0,0x04,0x0f,
    0x68,0x49,0x63,0x26,0x5d,0xef,0xea,0x0a,0x04,0x02,0x00,0x0f,0xdc,0x0e,0x0b,0x02,
    0x02,0x00,0x2a,0x3c,0xe7,0x6c,0x04,0x0f,0x86,0x11,0x37,0x0f,0x02,0x00,0x67,0x0a,
    0x4a,0x02,0x02,0x02,0x00,0x2f,0x2c,0x63,0x32,0x02,0x09,0x0f,0x2a,0x13,0x01,0x02,
    0x02,0x00,0x11,0xae,0x3c,0x3f,0x0f,0x02,0x00,0x2d,0x8f,0xdf,0xff,0xb2,0x94,0xcb,
    0x5a,0xaa,0x52,0x2a,0x0c,0x15,0x0c,0xa0,0x34,0x0f,0xe4,0x03,0x07,0x0a,0x86,0x09,
    0x0f,0x3c,0xd7,0x05,0x0a,0xae,0x67,0x0f,0x74,0x05,0x15,0x0f,0x02,0x00,0x0b,0x0f,
    0x50,0x40,0x01,0x0a,0x02,0x0e,0x0f,0x32,0x08,0x15,0x0f,0x02,0x00,0x07,0x0c,0xc6,
    0x10,0x2f,0x41,0x08,0xc6,0x01,0x0d,0x0f,0x02,0x00,0x3f,0x2c,0xd7,0xbd,0x44,0x72,
    0x0f,0x02,0x44,0x0f,0x02,0x50,0x3d,0x0a,0xea,0x06,0x02,0x0c,0x09,0x02,0x1c,0x00,
    0x0f,0x02,0x00,0xa7,0x0c,0xae,0x41,0x02,0x02,0x00,0x2f,0xa2,0x10,0x00,0x06,0x09,
    0x0a,0x32,0x5c,0x08,0x02,0x00,0x2f,0x08,0x42,0xda,0x10,0x0d,0x0f,0x02,0x00,0x0d,
    0x26,0x9e,0xf7,0x5e,0x06,0x2f,0xc7,0x39,0xaa,0x0b,0x11,0x0c,0x54,0x2a,0x0f,0xc2,
    0x42,0x07,0x24,0xdf,0xff,0xca,0x09,0x04,0x02,0x00,0x0f,0x1c,0x17,0x03,0x06,0xa8,
    0xb4,0x0f,0xa8,0x6e,0x25,0x0f,0x02,0x00,0x13,0x06,0xaa,0x05,0x0f,0x48,0x02,0x05,
    0x02,0xd6,0x68,0x2f,0xef,0x7b,0x26,0x03,0x11,0x0a,0xb8,0x2e,0x0f,0x10,0x0a,0x61,
    0x08,0x90,0x57,0x08,0x02,0x00,0x0f,0x34,0x36,0x0b,0x04,0xe6,0x19,0x0c,0x02,0x00,
    0x0f,0xa8,0x29,0x03,0x0f,0x02,0x00,0x99,0x0c,0x9a,0x02,0x06,0x02,0x00,0x2f,0xa6,
    0x31,0x56,0x30,0x09,0x08,0x76,0x34,0x08,0x02,0x00,0x0f,0xfc,0x0f,0x03,0x0f,0x02,
    0x00,0x17,0x06,0xa4,0x13,0x02,0x38,0x34,0x0f,0x60,0x53,0x0f,0x0e,0xf6,0x77,0x0f,
    0x10,0x42,0x07,0x0a,0x44,0x2f,0x0f,0xf6,0x37,0x07,0x8f,0x79,0xce,0x10,0x84,0x6d,
    0x6b,0xf3,0x9c,0xe4,0x12,0x4d,0x6f,0xb6,0xb5,0xae,0x73,0x8e,0x73,0x2e,0x32,0x05,
    0x06,0x0c,0x01,0x2f,0xe3,0x18,0x0e,0x11,0x01,0x0a,0x02,0x00,0x0a,0xe8,0x1f,0x0f,
    0x36,0x04,0x03,0x0f,0x02,0x00,0x47,0x04,0xaa,0x86,0x0e,0x02,0x00,0x0f,0xc0,0x1e,
    0x09,0x2a,0x38,0xc6,0xc0,0x22,0x08,0x02,0x00,0x2f,0x30,0x84,0xae,0x00,0x47,0x0f,
    0x02,0x00,0x55,0x0c,0x4c,0x08,0x08,0x02,0x00,0x2f,0x49,0x4a,0x60,0x16,0x01,0x02,
    0x02,0x00,0x2e,0x34,0xa5,0xc8,0x07,0x0f,0x74,0x45,0x09,0x0f,0x02,0x00,0x13,0x02,
    0x6c,0x01,0x02,0xd2,0x0e,0x0f,0x5e,0x03,0x15,0x0a,0xe0,0x27,0x0f,0x2a,0x05,0x09,
    0x2c,0xdf,0xff,0x60,0x20,0x0f,0xc2,0x01,0x0d,0x0f,0x18,0x11,0x03,0x0f,0x02,0x00,
    0x51,0x0a,0xb0,0x14,0x0f,0xd8,0x2c,0x0f,0x22,0xd7,0xbd,0xfc,0x00,0x02,0x24,0x4d,
    0x0f,0x8c,0x03,0x0f,0x0f,0x02,0x00,0x39,0x26,0xb2,0x94,0xb2,0x01,0x0a,0x02,0x00,
    0x04,0x54,0x0b,0x0e,0x48,0x01,0x0f,0x9a,0x0d,0x01,0x06,0x02,0x00,0x0f,0xd0,0xe5,
    0x17,0x0f,0x02,0x00,0x8b,0x0a,0x64,0x85,0x0c,0x02,0x00,0x0f,0xb6,0xd5,0x07,0x2a,
    0x1c,0xe7,0x92,0x2a,0x02,0x5c,0x03,0x0f,0xc8,0x09,0x11,0x0f,0x02,0x00,0x07,0x0a,
    0x7e,0x05,0x0f,0x5e,0x03,0x13,0x0c,0x7c,0xf1,0x0f,0x4a,0x42,0x09,0x08,0xd8,0x52,
    0x0f,0x24,0x78,0x23,0x0f,0x02,0x00,0x55,0x0a,0x0a,0x0f,0x0f,0x60,0x2c,0x11,0x22,
    0xb2,0x94,0x3a,0x04,0x2f,0xa6,0x31,0x12,0x05,0x07,0x0f,0x02,0x00,0x3f,0x26,0xba,
    0xd6,0x3c,0x2d,0x0a,0x02,0x00,0x31,0xa2,0x10,0x14,0x86,0xa1,0x0f,0x02,0x00,0x01,
    0x2f,0x51,0x8c,0x9a,0x05,0x01,0x04,0x02,0x00,0x2f,0x86,0x31,0x86,0x17,0xb5,0x4a,
    0xff,0xff,0x75,0xad,0xec,0x1c,0x0a,0x02,0x00,0x1f,0x82,0x7e,0x0d,0x08,0x1b,0x92,
    0xb2,0x04,0x0f,0xf8,0x5f,0x13,0x0f,0x02,0x00,0x07,0x0f,0x00,0x0e,0x01,0x0f,0x1a,
    0x0a,0x0f,0x0a,0x82,0x3e,0x02,0x40,0x0f,0x0e,0x2a,0x05,0x02,0xa6,0x50,0x02,0x80,
    0x02,0x04,0x02,0x00,0x0f,0x6c,0x3f,0x07,0x0f,0x02,0x00,0x6d,0x0a,0x7a,0x11,0x0f,
    0x58,0x01,0x13,0x6e,0x7d,0xef,0x18,0xc6,0x59,0xce,0xfa,0x00,0x0c,0x02,0x00,0x6f,
    0x1c,0xe7,0x14,0xa5,0xd3,0x9c,0xea,0x2c,0x15,0x0f,0x02,0x00,0x01,0x04,0x64,0x00,
    0x2f,0xb2,0x94,0x42,0x34,0x05,0x2f,0xaa,0x52,0xd0,0x0b,0x05,0x2f,0x34,0xa5,0xd4,
    0x2d,0x09,0x44,0xa2,0x10,0x30,0x84,0x5e,0x00,0x0f,0x02,0x00,0xb5,0x1f,0x30,0x90,
    0x29,0x0a,0x2f,0xa6,0x31,0x84,0x04,0x05,0x28,0x79,0xce,0x46,0x0f,0x0f,0x48,0x1e,
    0x2d,0x0c,0x54,0x4c,0x02,0x02,0x00,0x0f,0x5e,0x03,0x0f,0x0e,0xdc,0x19,0x0e,0x36,
    0x03,0x02,0xb2,0x01,0x0a,0x36,0x31,0x0f,0xec,0x0c,0x05,0x0f,0x02,0x00,0x0f,0x11,
    0xdf,0x4e,0x54,0x6e,0xdf,0xff,0xdf,0xff,0xbe,0xf7,0x02,0x00,0x02,0x1a,0x00,0x0f,
    0x20,0x14,0x01,0x0f,0x02,0x00,0x15,0x19,0x5d,0x12,0xec,0x0f,0x2e,0x4d,0x11,0x0f,
    0x02,0x00,0x15,0x22,0xef,0x7b,0x86,0x6b,0x0f,0x8e,0x30,0x2b,0x4f,0xff,0xff,0x7d,
    0xef,0x50,0x0c,0x05,0x1f,0x41,0x12,0x2f,0x06,0x3b,0x38,0xc6,0x8a,0xee,0x7d,0x0a,
    0x02,0x00,0x0f,0x14,0x94,0xc5,0x2e,0x7d,0xef,0x9e,0x3d,0x08,0x48,0x0b,0x1f,0x69,
    0x7e,0x0d,0x06,0x8f,0xd3,0x9c,0x28,0x42,0x65,0x29,0x49,0x4a,0x1a,0x2a,0x31,0x2f,
    0x1c,0xe7,0xc8,0x15,0x01,0x2f,0x04,0x21,0x06,0x05,0x05,0x04,0x02,0x00,0x0a,0xa4,
    0x2a,0x0f,0xb8,0x2f,0x09,0x06,0x54,0x51,0x0f,0xb2,0x02,0x1f,0x02,0x30,0x03,0x55,
    0xbe,0xf7,0xbe,0xf7,0x9e,0x02,0x00,0x2e,0x7d,0xef,0x02,0x00,0x06,0x1e,0x00,0x13,
    0x9e,0x6a,0x03,0x04,0xa8,0x00,0x0f,0x02,0x00,0x17,0x15,0x96,0xc0,0xab,0x2f,0xe7,
    0x39,0x56,0x11,0x37,0x0a,0x02,0x0c,0x0f,0x0c,0x05,0x27,0x2f,0x96,0xb5,0xd6,0x09,
    0x05,0x1f,0xe7,0x3a,0x6f,0x04,0x1f,0x5d,0x8c,0x03,0x06,0x02,0x02,0x00,0x2f,0x08,
    0x42,0x20,0x31,0x2f,0x0f,0x02,0x00,0x89,0x2f,0xba,0xd6,0x58,0x04,0x0b,0x0f,0x7e,
    0x0d,0x07,0x0f,0x32,0x25,0x03,0x0f,0x02,0x00,0x21,0x2c,0x1c,0xe7,0x2c,0x17,0x0f,
    0x78,0x0d,0x11,0x28,0x9a,0xd6,0x08,0x04,0x0f,0xfc,0x0d,0x0b,0x6f,0xd7,0xbd,0xcf,
    0x7b,0xcf,0x7b,0x0a,0x1b,0x07,0x08,0x02,0x00,0x06,0x4e,0x03,0x06,0x50,0x03,0x22,
    0x7d,0xef,0x52,0x03,0x08,0x42,0x03,0x0f,0x02,0x00,0x01,0x02,0x74,0x03,0x04,0x1a,
    0x00,0x02,0xde,0x06,0x02,0x50,0x00,0x08,0x62,0x00,0x0f,0x02,0x00,0x07,0x8f,0xba,
    0xd6,0x30,0x84,0xae,0x73,0x14,0xa5,0x30,0x00,0x15,0x0f,0x02,0x00,0x0f,0x0c,0xda,
    0x1d,0x0f,0x54,0x15,0x07,0x0f,0x02,0x00,0x03,0x02,0x8a,0x00,0x17,0xdf,0x40,0x18,
    0x0c,0x02,0x00,0x08,0x92,0x44,0x02,0x86,0x0b,0x02,0xd2,0x3a,0x2a,0x51,0x8c,0x8e,
    0x0b,0x0a,0x02,0x00,0x2f,0x04,0x21,0xe2,0x1b,0x2f,0x0f,0x02,0x00,0x91,0x2f,0x96,
    0xb5,0x7e,0x0d,0x0d,0x02,0x30,0x01,0x0f,0x02,0x00,0x43,0x1f,0xdf,0x5e,0x03,0x26,
    0x0e,0xac,0x0d,0x0f,0x9a,0x20,0x2b,0x02,0xf0,0x09,0x04,0x4c,0x03,0x06,0x02,0x00,
    0x08,0x30,0x03,0x0c,0x1c,0x00,0x0a,0x02,0x00,0x06,0x5c,0x03,0x04,0x32,0x00,0x04,
    0x08,0x00,0x11,0xbe,0xce,0x06,0x0f,0x42,0x01,0x2d,0x2f,0x3c,0xe7,0xf4,0x0f,0x1b,
    0x0c,0x5a,0x03,0x0f,0xac,0x17,0x23,0x2a,0x18,0xc6,0x7a,0x65,0x06,0x02,0x00,0x2f,
    0x86,0x31,0xa0,0x52,0x03,0x0f,0xc4,0x1a,0x05,0x02,0x02,0x00,0x24,0x82,0x10,0xd2,
    0x2b,0x0f,0x12,0x01,0x2f,0x0f,0x02,0x00,0x91,0x2f,0x92,0x94,0xf2,0x07,0x05,0x02,
    0x7a,0x28,0x0f,0x7e,0x0d,0x05,0x0f,0x02,0x00,0x2f,0x02,0x60,0x01,0x0f,0x1a,0x0a,
    0x03,0x0f,0x78,0x0d,0x0d,0x0e,0x66,0x14,0x02,0x62,0x28,0x0f,0x02,0x00,0x1b,0x02,
    0x54,0x03,0x02,0x56,0x03,0x04,0x20,0x03,0x04,0x02,0x00,0x04,0x10,0x00,0x04,0x44,
    0x03,0x0a,0x68,0x03,0x0f,0x02,0x00,0x0f,0x06,0x48,0x00,0x02,0x2e,0x0a,0x22,0xbe,
    0xf7,0xf0,0x00,0x0f,0x02,0x00,0x1f,0xaf,0x7d,0xef,0xcb,0x5a,0xa2,0x10,0x61,0x08,
    0xc7,0x39,0xd8,0x09,0x15,0x0e,0x5a,0x03,0x0f,0x5e,0x51,0x05,0x0f,0x02,0x00,0x09,
    0x0a,0x0c,0x48,0x08,0x02,0x00,0x22,0xae,0x73,0xbc,0x08,0x0a,0xd2,0x00,0x2f,0x59,
    0xce,0x48,0x14,0x05,0x02,0x02,0x00,0x22,0x0c,0x63,0x20,0x04,0x0f,0x9c,0x0e,0x29,
    0x0f,0x02,0x00,0x85,0x0a,0x0a,0x01,0x06,0x02,0x00,0x0f,0xaa,0x0e,0x07,0x02,0x02,
    0x00,0x22,0x49,0x4a,0x2a,0x27,0x0f,0x40,0x00,0x05,0x0f,0x02,0x00,0x2d,0x0f,0x1a,
    0x0a,0x21,0x0a,0x26,0x60,0x02,0x8e,0x17,0x0f,0x0e,0x13,0x1b,0x02,0x9a,0x10,0x06,
    0x04,0x03,0x04,0x06,0x03,0x04,0x14,0x03,0x04,0x10,0x00,0x0f,0x02,0x00,0x2f,0x02,
    0x52,0x00,0x0f,0x62,0x03,0x25,0x33,0xdf,0xff,0x28,0x24,0xce,0x0f,0x7c,0x27,0x15,
    0x0f,0x5a,0x03,0x01,0x0f,0x2c,0x70,0x17,0x02,0x02,0x00,0x2e,0xdb,0xde,0x76,0x19,
    0x02,0x02,0x00,0x19,0xa2,0x7a,0xfc,0x04,0x14,0x02,0x2f,0xfb,0xde,0x76,0x00,0x01,
    0x06,0x02,0x00,0x1f,0x28,0x62,0x0d,0xbe,0xaf,0xba,0xd6,0x4d,0x6b,0x69,0x4a,0xaa,
    0x52,0xae,0x73,0x3c,0x0e,0x0d,0x22,0x79,0xce,0xcc,0x1d,0x0f,0x02,0x00,0x05,0x0f,
    0x2e,0x4b,0x4b,0x0f,0xbc,0x06,0x21,0x0e,0xee,0x2e,0x0e,0x30,0x14,0x0f,0x02,0x00,
    0x03,0x2e,0xdf,0xff,0xaa,0x06,0x06,0x42,0x03,0x0f,0x56,0x03,0x39,0x0c,0x02,0x00,
    0x2f,0x7d,0xef,0x24,0x0a,0x1f,0x08,0x2a,0x1e,0x0f,0x76,0x2c,0x05,0x08,0x02,0x00,
    0x0f,0xe4,0x02,0x03,0x0f,0xe4,0x0c,0x1b,0x2a,0xd3,0x9c,0xb4,0x93,0x06,0x02,0x00,
    0x2e,0xcb,0x5a,0x96,0x25,0x4f,0x7d,0xef,0xcf,0x7b,0x30,0x00,0x05,0x02,0x12,0xce,
    0x0f,0x7e,0x00,0x1b,0x0f,0x02,0x00,0x91,0x28,0x79,0xce,0x92,0x18,0x0a,0xce,0xb3,
    0x0f,0x02,0x00,0x01,0x0f,0x7e,0x0d,0x0b,0x0f,0x5e,0x03,0x79,0x02,0x2e,0x05,0x08,
    0x16,0x2f,0x0f,0x42,0x47,0x11,0x02,0x6a,0x0f,0x02,0x58,0x03,0x02,0x4c,0x06,0x0f,
    0x48,0x03,0x49,0x0f,0x02,0x00,0x0d,0x0f,0x24,0x0a,0x15,0x06,0x10,0x25,0x02,0xce,
    0x1b,0x02,0xc8,0x00,0x0f,0x02,0x00,0x05,0x0e,0xba,0x22,0x08,0xb6,0xa8,0x0f,0x02,
    0x00,0x13,0x0a,0x60,0x14,0x06,0x02,0x00,0x22,0x41,0x08,0x24,0x03,0x02,0x7e,0x01,
    0x04,0x02,0x00,0x2f,0x14,0xa5,0x90,0x12,0x01,0x04,0x02,0x00,0x44,0xe3,0x18,0x51,
    0x8c,0x6c,0xd1,0x0f,0x02,0x00,0xb9,0x08,0x4c,0x08,0x02,0x20,0x23,0x2f,0xcb,0x5a,
    0xb2,0x0b,0x0b,0x3d,0xdf,0xff,0x71,0x24,0x9f,0x06,0x02,0x00,0x0f,0x94,0x32,0x11,
    0x0f,0x02,0x00,0x27,0x0f,0x1a,0x0a,0x21,0x0a,0x8a,0x11,0x0f,0x2e,0x24,0x0d,0x04,
    0x58,0x03,0x0f,0x02,0x00,0x6f,0x04,0xd4,0x03,0x0f,0x60,0x03,0x11,0x0a,0x5a,0x1e,
    0x0f,0x3e,0x28,0x05,0x02,0xf0,0x02,0x0f,0xb4,0x06,0x03,0x0f,0x2e,0x2a,0x09,0x0c,
    0x02,0x00,0x17,0xbe,0x42,0x2d,0x02,0x02,0x00,0x04,0x94,0x15,0x2e,0xe7,0x39,0x74,
    0x0b,0x2c,0x38,0xc6,0x64,0x02,0x0a,0x02,0x00,0x2f,0x2c,0x63,0x50,0x19,0x0d,0x0f,
    0x02,0x00,0xa3,0x0e,0xa0,0x73,0x02,0x02,0x00,0x2f,0x08,0x42,0x92,0x16,0x0b,0x44,
    0x9e,0xf7,0x8e,0x73,0x50,0x01,0x0a,0x02,0x00,0x0f,0x2e,0x10,0x21,0x0f,0x02,0x00,
    0x19,0x0f,0x5e,0x03,0x1f,0x22,0xfb,0xde,0x1c,0x1d,0x02,0x02,0x00,0x02,0x16,0x0e,
    0x0f,0x02,0x00,0x03,0x02,0x58,0x03,0x08,0xfc,0x09,0x0f,0x02,0x00,0x71,0x02,0x90,
    0x00,0x0f,0x62,0x03,0x0b,0x28,0xbe,0xf7,0x42,0x04,0x02,0x3a,0x06,0x0f,0x02,0x00,
    0x03,0x0f,0x70,0x06,0x03,0x0f,0x5a,0x03,0x19,0x0c,0x26,0x07,0x04,0x02,0x00,0x1f,
    0x20,0xfc,0x01,0x00,0x2f,0xdb,0xde,0x24,0x07,0x03,0x04,0x02,0x00,0x1f,0x8a,0x06,
    0xb4,0x08,0x0f,0x02,0x00,0xad,0x0e,0xee,0x0f,0x06,0x02,0x00,0x4f,0x28,0x42,0x14,
    0xa5,0x24,0x32,0x09,0x2f,0x9a,0xd6,0x7e,0x0d,0x01,0x0f,0x68,0x35,0x15,0x0f,0x02,
    0x00,0x27,0x0f,0x78,0x0d,0x1b,0x91,0xdf,0xff,0xff,0xff,0xba,0xd6,0xe7,0x39,0x20,
    0xd4,0x0b,0x0f,0x92,0x07,0x07,0x02,0x58,0x03,0x0f,0x02,0x00,0x83,0x06,0xc2,0x06,
    0x0f,0x36,0x01,0x07,0x31,0x3c,0xe7,0x69,0x90,0xb6,0x2f,0x04,0x21,0x82,0x01,0x09,
    0x0f,0xb4,0x06,0x09,0x02,0xd6,0x06,0x0f,0x02,0x00,0x11,0x0f,0xa0,0x03,0x01,0x24,
    0x45,0x29,0xb6,0x04,0x04,0x48,0x00,0x0f,0x62,0x0d,0x0d,0x2f,0xa6,0x31,0x8e,0x01,
    0x07,0x0f,0x02,0x00,0xb3,0x0f,0x28,0x01,0x01,0x06,0x02,0x00,0x3f,0xe3,0x18,0x71,
    0x0a,0x0b,0x0a,0x0c,0x7e,0x0d,0x08,0x60,0x6d,0x06,0x2a,0x1c,0x0f,0x02,0x00,0x0d,
    0x6f,0x5d,0xef,0xf3,0x9c,0x71,0x8c,0xc6,0x21,0x17,0x15,0xfb,0x44,0x3f,0x08,0x02,
    0x00,0x0f,0x92,0x17,0x0b,0x3f,0xba,0xd6,0x79,0x5a,0x27,0x08,0x26,0xdf,0xff,0xc2,
    0x02,0x0f,0x02,0x00,0x85,0x02,0xe4,0x10,0x04,0xba,0x02,0x0f,0x02,0x00,0x01,0x4f,
    0xba,0xd6,0x59,0xce,0xb2,0x21,0x09,0x0f,0xec,0x01,0x03,0x0f,0xb4,0x06,0x1b,0x0f,
    0xa2,0x03,0x03,0x04,0x1a,0xf3,0x06,0x9e,0x00,0x2e,0x14,0xa5,0x1a,0x23,0x06,0x02,
    0x00,0x26,0xe3,0x18,0xe4,0x06,0x06,0x34,0x00,0x0f,0x02,0x00,0xbd,0x2f,0x3c,0xe7,
    0xfa,0x1b,0x05,0x04,0x02,0x00,0x4f,0x45,0x29,0x51,0x8c,0xa4,0x30,0x01,0x04,0x14,
    0x01,0x06,0xc4,0x2c,0x04,0xc8,0x0e,0x0f,0x02,0x00,0x03,0x04,0x30,0x00,0x0c,0x02,
    0x00,0x24,0x59,0xce,0xa2,0x1f,0x2f,0x8a,0x52,0x1a,0x02,0x09,0x08,0x02,0x00,0x0f,
    0x0a,0x25,0x03,0x0f,0x5e,0x03,0x0b,0x0f,0x02,0x00,0x01,0x02,0xbc,0x1a,0x04,0xb8,
    0x1a,0x0f,0x56,0x03,0x85,0x06,0x02,0x00,0x0f,0x60,0x03,0x0f,0x0f,0x02,0x00,0x07,
    0x0f,0x5a,0x03,0x03,0x0f,0x40,0x0a,0x09,0x0f,0x02,0x00,0x05,0x0a,0x0c,0x2d,0x24,
    0xc3,0x18,0x86,0x29,0x04,0x94,0x1a,0x28,0x38,0xc6,0xa2,0x0a,0x0e,0x02,0x00,0x2f,
    0x8e,0x73,0x10,0x09,0x09,0x0f,0x02,0x00,0xb9,0x4f,0xbe,0xf7,0xae,0x73,0x1e,0x15,
    0x09,0x02,0xa6,0x7a,0x0f,0xd0,0x51,0x09,0x8f,0x7d,0xef,0x34,0xa5,0x30,0x84,0x71,
    0x8c,0xf2,0x51,0x01,0x6f,0xb6,0xb5,0x71,0x8c,0x14,0xa5,0x1a,0x00,0x01,0x02,0x02,
    0x00,0x0a,0x64,0x67,0x04,0xe0,0x33,0x0f,0x02,0x00,0x0f,0x0f,0xbc,0x06,0x05,0x0e,
    0xfe,0x15,0x02,0xfa,0x13,0x02,0x08,0x00,0x0c,0x02,0x00,0x04,0x14,0x1e,0x0f,0x0e,
    0x14,0x6b,0x0f,0x02,0x00,0x17,0x04,0xae,0x1e,0x0f,0xc0,0x06,0x0b,0x0f,0x02,0x00,
    0x01,0x0f,0xf8,0x0c,0x01,0x1f,0x20,0x5a,0x03,0x22,0x0a,0x54,0x3c,0x22,0xeb,0x5a,
    0x46,0x34,0x04,0x62,0x01,0x2f,0x5d,0xef,0x2a,0x0c,0x01,0x06,0x02,0x00,0x24,0xaa,
    0x52,0x0c,0x02,0x04,0x32,0x00,0x0f,0x02,0x00,0xcd,0x46,0xfb,0xde,0xae,0x73,0xdc,
    0x58,0x0f,0x02,0x00,0x03,0x44,0x41,0x08,0x2c,0x63,0x54,0x0b,0x0f,0x02,0x00,0x13,
    0x24,0xdf,0xff,0x68,0x01,0x42,0x41,0x08,0xeb,0x5a,0x70,0x1f,0x0c,0x02,0x00,0x0a,
    0x28,0x42,0x0f,0x98,0x34,0x11,0x04,0x02,0x00,0x0f,0xbc,0x06,0x2d,0x22,0xdf,0xff,
    0xd4,0x02,0x02,0xb8,0x06,0x0f,0x02,0x00,0x99,0x02,0x80,0x0d,0x0f,0x9c,0x02,0x13,
    0x02,0x26,0x00,0x2f,0x2c,0x63,0xd4,0x01,0x01,0x0f,0x0e,0x0a,0x1f,0x06,0x02,0x00,
    0x66,0x18,0xc6,0x51,0x8c,0x30,0x84,0x10,0x02,0x02,0x68,0x00,0x24,0x5d,0xef,0x06,
    0x09,0x0f,0xea,0x12,0x01,0x24,0xe7,0x39,0xe2,0x06,0x0f,0x02,0x00,0xdd,0x4f,0x1c,
    0xe7,0x71,0x8c,0x4a,0x33,0x09,0x02,0x02,0x00,0x0f,0x42,0x14,0x09,0x0c,0x7c,0xd8,
    0x0a,0x00,0x4a,0x2f,0x41,0x08,0xd6,0x3b,0x01,0x0a,0xf4,0x37,0x2f,0x04,0x21,0xb0,
    0x0f,0x09,0x0c,0x02,0x00,0x0f,0x34,0x14,0x05,0x0f,0xbc,0x06,0x03,0x0a,0x02,0x00,
    0x02,0x62,0x0d,0x0f,0x52,0x03,0x99,0x0a,0x02,0x00,0x4f,0x7d,0xef,0x7d,0xef,0x2c,
    0x01,0x15,0x0f,0x5a,0x03,0x03,0x0f,0xa8,0x26,0x35,0x02,0x56,0x03,0x02,0x02,0x00,
    0x0e,0x66,0x26,0x04,0x02,0x00,0x26,0x04,0x21,0x62,0x0d,0x0c,0x02,0x00,0x8f,0x9e,
    0xf7,0x14,0xa5,0x51,0x8c,0x34,0xa5,0xd0,0x00,0x15,0x0f,0x02,0x00,0xa3,0x4f,0xdf,
    0xff,0xb2,0x94,0xe8,0x5b,0x05,0x06,0x02,0x00,0x4f,0x49,0x4a,0x14,0xa5,0x1a,0x0d,
    0x03,0x08,0xd6,0x2d,0x0a,0xf0,0xc5,0x02,0x02,0x00,0x2c,0x86,0x31,0xb2,0x10,0x28,
    0x1c,0xe7,0xe2,0x04,0x0f,0xc8,0x4c,0x03,0x0f,0x02,0x00,0x07,0x0f,0x5e,0x03,0x03,
    0x08,0x84,0xd9,0x0f,0x02,0x00,0x01,0x33,0xdf,0xff,0xbe,0xfc,0x05,0x02,0xd0,0x24,
    0x0a,0xb6,0x02,0x0f,0x02,0x00,0x93,0x04,0xc6,0x0a,0x08,0xda,0x02,0x0f,0x02,0x00,
    0x03,0x0e,0x16,0x44,0x0f,0x2a,0x1e,0x1f,0x0f,0x02,0x00,0x13,0x0f,0xd2,0x19,0x05,
    0x4a,0x00,0x00,0x6d,0x6b,0x3a,0x0a,0x08,0x02,0x00,0x24,0xdb,0xde,0x72,0x02,0x2f,
    0x86,0x31,0xd8,0x0f,0x01,0x0f,0x02,0x00,0xbb,0x2f,0x55,0xad,0x5a,0x32,0x0b,0x02,
    0xe4,0x31,0x2f,0xb2,0x94,0x68,0x04,0x03,0x04,0xee,0x01,0x24,0xdf,0xff,0x34,0x01,
    0x0a,0x02,0x00,0x22,0xaa,0x52,0x42,0x01,0x04,0xe6,0x06,0x06,0xc8,0x46,0x2f,0x61,
    0x08,0x76,0x25,0x0d,0x0e,0x02,0x00,0x0f,0x5e,0x03,0x03,0x06,0xac,0x08,0x0e,0x02,
    0x00,0x0a,0x5a,0x03,0x02,0xc4,0x0c,0x0f,0x02,0x00,0x9f,0x02,0x12,0x04,0x0f,0xbe,
    0x06,0x0f,0x0c,0xce,0x96,0x02,0x02,0x00,0x02,0x0e,0x0a,0x04,0xaa,0x01,0x0f,0x02,
    0x00,0x35,0x0c,0xf8,0x5e,0x02,0x02,0x00,0x24,0x69,0x4a,0xd6,0x01,0x04,0xf2,0x01,
    0x08,0x02,0x00,0x19,0xdf,0x10,0xac,0x0f,0x5c,0x05,0x1d,0x0f,0x02,0x00,0xa3,0x1f,
    0x18,0x74,0x47,0x08,0x04,0x02,0x00,0x4f,0x45,0x29,0x71,0x8c,0x54,0x1f,0x09,0x0f,
    0x22,0x08,0x05,0x2a,0xa2,0x10,0x84,0x19,0x8f,0x34,0xa5,0x69,0x4a,0xe7,0x39,0x2c,
    0x63,0xd4,0x21,0x23,0x0f,0x5e,0x03,0x01,0x1f,0x10,0x16,0x48,0x06,0x0a,0x5e,0x0d,
    0x02,0xa2,0x02,0x0f,0x02,0x00,0xa9,0x02,0x5e,0x03,0x0f,0x26,0x03,0x07,0x0e,0x04,
    0x54,0x04,0x5a,0x03,0x0f,0x02,0x00,0x41,0x0c,0x20,0x14,0x2f,0x08,0x42,0x62,0x0d,
    0x0d,0x08,0xb2,0xab,0x0f,0x46,0x51,0x63,0x0f,0x02,0x00,0x5b,0x04,0xaa,0x01,0x4f,
    0xf7,0xbd,0xeb,0x5a,0xe2,0x10,0x0d,0x2f,0x82,0x10,0x84,0x28,0x07,0x28,0xba,0xd6,
    0x12,0x21,0x0a,0x02,0x00,0x2f,0xe7,0x39,0x5c,0x06,0x09,0x0f,0x02,0x00,0x1b,0x0e,
    0x5e,0x03,0x0f,0x8e,0x4f,0x03,0x02,0x20,0x1e,0x02,0x50,0x03,0x0f,0x0e,0x0a,0xa7,
    0x0e,0x02,0x00,0x0f,0x1c,0x0a,0x09,0x0a,0x80,0xb8,0x0f,0x5a,0x03,0x13,0x4f,0x7d,
    0xef,0x79,0xce,0x7a,0x12,0x03,0x0f,0x02,0x00,0x0d,0x26,0xf7,0xbd,0x9e,0x2a,0x2a,
    0xe3,0x18,0x42,0x05,0x0f,0x02,0x00,0x03,0x0c,0xaa,0x62,0x0f,0x78,0x00,0x23,0x0f,
    0x02,0x00,0xa3,0x0f,0x42,0x14,0x11,0x3d,0x61,0x08,0x6d,0x9a,0xc7,0x02,0x02,0x00,
    0x2f,0x79,0xce,0xa4,0x29,0x09,0x2f,0x4d,0x6b,0xf6,0x06,0x09,0x0f,0x02,0x00,0x19,
    0x0a,0x34,0x14,0x0f,0x2a,0x88,0x03,0x02,0x18,0x14,0x02,0x68,0x0d,0x02,0x0c,0x0a,
    0x02,0x66,0x03,0x0f,0x02,0x00,0xb1,0x0f,0x5e,0x03,0x09,0x0a,0x08,0x32,0x0f,0x76,
    0x17,0x0f,0xa2,0x10,0x84,0x04,0x21,0x20,0x00,0x61,0x08,0x8a,0x52,0x24,0x0d,0x0f,
    0x02,0x00,0x1b,0xaf,0x59,0xce,0x2c,0x63,0x49,0x4a,0x8a,0x52,0x51,0x8c,0xc4,0x1a,
    0x13,0x0a,0x38,0xa6,0x0f,0x64,0x47,0x13,0x0f,0x02,0x00,0xb9,0x5b,0xfb,0xde,0xef,
    0x7b,0x45,0x00,0xfa,0x0e,0x02,0x00,0x2f,0x49,0x4a,0x00,0x08,0x01,0x0e,0x74,0xc9,
    0x08,0x02,0x00,0x2f,0xa2,0x10,0x9a,0x3a,0x03,0x0f,0x02,0x00,0x1f,0x06,0xc2,0x4d,
    0x2f,0x41,0x08,0x4c,0x23,0x01,0x06,0x66,0x0d,0x0f,0x02,0x00,0xbf,0x04,0x26,0x04,
    0x0f,0x00,0x0f,0x03,0x06,0x1e,0x20,0x2f,0x24,0x21,0x1a,0x01,0x01,0x08,0x02,0x00,
    0x46,0x79,0xce,0xa6,0x31,0xa0,0x01,0x2f,0xe7,0x39,0x52,0x00,0x03,0x0f,0x02,0x00,
    0x3b,0x08,0x12,0xe9,0x0c,0xea,0x12,0x0f,0x02,0x00,0xd3,0x4f,0x9e,0xf7,0xd3,0x9c,
    0xa2,0x17,0x0f,0x44,0x49,0x4a,0x96,0xb5,0x52,0x0a,0x06,0x02,0x00,0x2f,0x79,0xce,
    0x1c,0x11,0x07,0x2f,0x41,0x08,0x1c,0x0a,0x37,0x64,0xf7,0xbd,0x51,0x8c,0xb2,0x94,
    0x9c,0x1c,0x08,0x02,0x00,0x02,0xb4,0x06,0x0f,0x02,0x00,0xcb,0x02,0x62,0x03,0x0e,
    0x7e,0x01,0x6f,0xff,0xff,0x9e,0xf7,0x55,0xad,0xe4,0x16,0x11,0x2c,0x71,0x8c,0x02,
    0x0c,0x0f,0x9c,0x01,0x37,0x0f,0x02,0x00,0x09,0x6f,0xf7,0xbd,0x0c,0x63,0x49,0x4a,
    0x3e,0x1d,0x1d,0x0f,0x02,0x00,0xbd,0x28,0xf3,0x9c,0xe0,0x3a,0x0f,0x02,0x00,0x03,
    0x2f,0x45,0x29,0x84,0x28,0x01,0x24,0x96,0xb5,0xda,0x24,0x0c,0x02,0x00,0x0f,0x12,
    0x31,0x05,0x0f,0x02,0x00,0x37,0x0f,0x5c,0x0d,0xb9,0x0f,0x02,0x00,0x0b,0x0f,0x1c,
    0x0a,0x09,0x0f,0xa0,0x22,0x09,0x6c,0xff,0xff,0x9e,0xf7,0x69,0x4a,0x9a,0x01,0x0f,
    0x04,0x1b,0x37,0x0f,0x02,0x00,0xff,0x0c,0x06,0x10,0x05,0x2f,0x59,0xce,0x00,0x14,
    0x05,0x06,0x02,0x00,0x4c,0x45,0x29,0x92,0x94,0xc2,0x1d,0x2f,0x3c,0xe7,0x98,0x32,
    0x03,0x0f,0xac,0xa6,0x11,0xaf,0xff,0xff,0xd7,0xbd,0xaa,0x52,0xa6,0x31,0x49,0x4a,
    0x0e,0x86,0x1f,0x02,0x26,0x1e,0x02,0xd6,0x05,0x0f,0x02,0x00,0xcf,0x1f,0x7d,0xee,
    0x82,0x22,0x1f,0xf7,0x72,0x64,0x02,0x2f,0x00,0x00,0x92,0x57,0x2b,0x5f,0x9e,0xf7,
    0x9a,0xd6,0x59,0x16,0x11,0x24,0x0f,0x02,0x00,0xe7,0x4c,0xf7,0xbd,0x0c,0x63,0x40,
    0x08,0x0c,0x02,0x00,0x2e,0x82,0x10,0x84,0x28,0x2c,0x59,0xce,0xb0,0x71,0x3f,0x00,
    0x00,0x24,0x8c,0x21,0x10,0x08,0xfc,0x37,0x2f,0x49,0x4a,0x4c,0x12,0x19,0x04,0x0e,
    0x0a,0x0f,0xb8,0x10,0xb7,0x0f,0x02,0x00,0x0d,0x0f,0xbc,0x06,0x0d,0x0e,0x02,0x00,
    0x0f,0x02,0x4d,0x05,0x0f,0x84,0x1f,0x0d,0x0f,0x02,0x00,0x09,0xe6,0xbe,0xf7,0x92,
    0x94,0x24,0x21,0x20,0x00,0x20,0x00,0x41,0x08,0xeb,0x5a,0x9a,0x05,0x0f,0x02,0x00,
    0xff,0x14,0x0f,0x42,0x14,0x11,0x4c,0x41,0x08,0x2c,0x63,0x00,0x0d,0x2a,0xf3,0x9c,
    0xce,0x53,0x0f,0x08,0x40,0x11,0x08,0x62,0x0f,0x4f,0x00,0x00,0x82,0x10,0xee,0x12,
    0x0f,0x02,0x02,0x00,0x08,0xb4,0x06,0x04,0x48,0x46,0x0f,0x02,0x00,0xcf,0x0f,0x5e,
    0x03,0x19,0x28,0xba,0xd6,0xbc,0x1d,0x08,0x02,0x00,0x04,0xe2,0x69,0x0f,0x18,0x03,
    0x1f,0x4a,0x1c,0xe7,0x92,0x94,0x20,0x16,0x0f,0xf6,0x68,0x05,0x0f,0x02,0x00,0xff,
    0x0a,0x3f,0xdb,0xde,0xcf,0x42,0x14,0x0e,0x4a,0x41,0x08,0xcb,0x5a,0xc6,0x3c,0x44,
    0x9e,0xf7,0x4d,0x6b,0xfa,0x1a,0x2f,0x69,0x4a,0x8c,0x12,0x0f,0x2e,0x1c,0xe7,0xa8,
    0x2f,0x2f,0x0c,0x63,0xf4,0x01,0x11,0x02,0xe2,0x0f,0x0f,0x56,0x03,0xd7,0x04,0x02,
    0x00,0x0f,0x5e,0x03,0x15,0x2f,0xd3,0x9c,0x7e,0x08,0x05,0x2f,0x4d,0x6b,0xf8,0x02,
    0x17,0x08,0x8a,0x01,0x4f,0xfb,0xde,0x4d,0x6b,0x54,0x00,0x01,0x0c,0x62,0x05,0x0f,
    0x02,0x00,0xff,0x14,0x3f,0xbe,0xf7,0xf3,0x42,0x14,0x12,0x0a,0x60,0x15,0x6a,0x3c,
    0xe7,0x34,0xa5,0x51,0x8c,0x74,0x03,0x0f,0x02,0x00,0x05,0x0a,0xc8,0x9d,0x04,0x02,
    0x00,0x3f,0x86,0x31,0x9a,0xd4,0x32,0x00,0x08,0x02,0x00,0x02,0x64,0x02,0x0f,0x5a,
    0x03,0xdf,0x04,0xa0,0x54,0x08,0xf4,0x02,0x0f,0x02,0x00,0x01,0x0f,0xd2,0x35,0x03,
    0x42,0x00,0x00,0xc3,0x18,0x14,0x25,0x0f,0x02,0x00,0x1d,0x3f,0xf7,0xbd,0x8e,0x4e,
    0x31,0x06,0x0f,0xba,0x0d,0x2b,0x0f,0x02,0x00,0xeb,0x0f,0x60,0x03,0x11,0x4f,0xc7,
    0x39,0xd3,0x9c,0xa6,0x06,0x0f,0x0f,0x02,0x00,0x01,0x0f,0x06,0x02,0x03,0x0f,0xba,
    0x7b,0x05,0x02,0x02,0x00,0x0f,0x56,0x03,0xe5,0x04,0x02,0x00,0x0f,0xbc,0x06,0x0b,
    0x0f,0x60,0x9c,0x05,0x33,0x00,0x00,0x08,0xe0,0xe4,0x0f,0x9a,0x03,0x0d,0x0a,0x02,
    0x00,0x2a,0xf7,0xbd,0xa4,0x1e,0x0a,0x02,0x00,0x0f,0x3a,0xa5,0x19,0x0f,0x02,0x00,
    0xff,0x04,0x2f,0x18,0xc6,0xc8,0x1a,0x07,0x04,0x02,0x00,0x4f,0x24,0x21,0x71,0x8c,
    0x44,0x2f,0x03,0x0f,0x02,0x00,0x09,0x2c,0x7d,0xef,0xaa,0x26,0x02,0x02,0x00,0x0f,
    0xfc,0x67,0x01,0x02,0x02,0x00,0x02,0x5c,0x02,0x0f,0xb4,0x06,0xe3,0x04,0x02,0x00,
    0x0f,0x34,0x14,0x09,0x0c,0x5c,0x4e,0x02,0x02,0x00,0x1f,0x20,0x32,0x75,0x0c,0x0f,
    0x02,0x00,0x01,0x2f,0x9e,0xf7,0x9a,0x19,0x0f,0x0f,0x54,0x0f,0x11,0x0f,0x02,0x00,
    0xff,0x10,0x46,0xf7,0xbd,0x69,0x4a,0x54,0x26,0x0f,0x02,0x00,0x03,0x2f,0x24,0x21,
    0x0c,0x0a,0x13,0x08,0x02,0x00,0x0c,0x4e,0x94,0x04,0x02,0x00,0x0f,0x34,0x14,0x03,
    0x02,0x58,0x02,0x0f,0x6a,0x0d,0xe1,0x0a,0x02,0x00,0x0f,0x5e,0x03,0x07,0x0f,0xc2,
    0x10,0x01,0x04,0x50,0x46,0x0f,0xb0,0x2e,0x01,0x0f,0x02,0x00,0x03,0x3b,0x9e,0xf7,
    0xb2,0xb6,0x10,0x0f,0x02,0x00,0x01,0x0f,0x9a,0x77,0x2d,0x0f,0x02,0x00,0xf9,0x2f,
    0xdb,0xde,0x26,0x40,0x0f,0x0f,0x5e,0x03,0x1f,0x3d,0xff,0xff,0x51,0x38,0x20,0x0f,
    0x3a,0xb2,0x03,0x02,0x56,0x03,0x0f,0x5a,0x03,0xef,0x02,0x08,0x01,0x0f,0x86,0x0b,
    0x03,0x0e,0x5c,0x03,0x24,0xeb,0x5a,0x50,0x08,0x0f,0x0e,0x0a,0x13,0x6f,0x9a,0xd6,
    0x8e,0x73,0x04,0x21,0x4c,0x03,0x01,0x08,0x02,0x00,0x2f,0x8a,0x52,0xdc,0x21,0x53,
    0x0f,0x02,0x00,0xd9,0x2f,0x1c,0xe7,0xda,0xa7,0x01,0x06,0x02,0x00,0x2f,0x86,0x31,
    0x0e,0x01,0x21,0x0c,0xe0,0xae,0x0f,0xc0,0xd2,0x01,0x13,0xbe,0x0a,0x0a,0x0f,0x5c,
    0x03,0xf1,0x02,0xba,0x06,0x0f,0x2c,0x03,0x01,0x0a,0x6e,0xc6,0x1f,0x20,0x86,0x3c,
    0x1c,0x48,0xfb,0xde,0x6d,0x6b,0xd4,0x3a,0x0f,0x02,0x00,0x01,0x4f,0x41,0x08,0x8a,
    0x52,0x2e,0x2a,0x35,0x0f,0x02,0x00,0xff,0x00,0x2f,0x7d,0xef,0x84,0x28,0x07,0x0f,
    0x5e,0xdf,0x05,0x0f,0x02,0x00,0x0d,0x26,0xbe,0xf7,0x8c,0x6e,0x2e,0x00,0x00,0x1e,
    0x2c,0x04,0x5a,0x03,0x0f,0x02,0x00,0xf7,0x0f,0xd4,0x10,0x03,0x26,0x1c,0xe7,0x7e,
    0x2d,0x0f,0xe4,0x60,0x1d,0x2f,0xcf,0x7b,0xf6,0x0b,0x0d,0x4f,0x61,0x08,0xcf,0x7b,
    0xae,0x0b,0x03,0x0f,0x02,0x00,0xff,0x3c,0x2a,0xd3,0x9c,0xfa,0x1d,0x02,0x02,0x00,
    0x2f,0xc3,0x18,0xac,0x08,0x03,0x0f,0x02,0x00,0x11,0x6f,0x79,0xce,0x4d,0x6b,0x28,
    0x42,0xdc,0x29,0x01,0x04,0x86,0x21,0x0f,0x02,0x00,0xf9,0x02,0xc0,0x07,0x0e,0x58,
    0x01,0x8f,0x7d,0xef,0xef,0x7b,0x69,0x4a,0xaa,0x52,0x70,0x17,0x1d,0x0f,0xc6,0x21,
    0x05,0x04,0x02,0x00,0x5f,0x45,0x29,0x10,0x84,0xfb,0x82,0x93,0xb4,0x0f,0x02,0x00,
    0x91,0x2c,0xf7,0xbd,0x42,0x14,0x0f,0x2e,0x4d,0x01,0x0f,0x6e,0x03,0x27,0x02,0x02,
    0x00,0x04,0x5a,0x03,0x02,0x14,0x0a,0x0f,0x02,0x00,0xf1,0x06,0x0a,0x01,0x0f,0x5c,
    0x01,0x2d,0x04,0x02,0x00,0x19,0xdb,0x3c,0x98,0x0c,0x02,0x00,0x26,0x86,0x31,0x66,
    0x19,0x0f,0x8a,0x0a,0x01,0x0f,0x02,0x00,0x41,0x6f,0xfb,0xde,0xf7,0xbd,0xd7,0xbd,
    0xec,0x1c,0x0d,0x0f,0x02,0x00,0xcb,0x26,0xd7,0xbd,0x6a,0x2d,0x2c,0xaa,0x52,0xec,
    0x01,0xaf,0xf7,0xbd,0x8a,0x52,0x45,0x29,0xe7,0x39,0xb2,0x94,0x06,0x01,0x25,0x06,
    0x5a,0x03,0x06,0x52,0x02,0x0f,0x02,0x00,0xf7,0x0f,0xd4,0x10,0x05,0x0f,0x02,0x00,
    0x1d,0x0a,0x7c,0x7d,0x08,0x02,0x00,0x2f,0x28,0x42,0x2e,0x76,0x39,0x0f,0x02,0x00,
    0x11,0x64,0x38,0xc6,0x92,0x94,0xaa,0x52,0x06,0x22,0x2f,0x49,0x4a,0x8e,0x39,0x13,
    0x0f,0x02,0x00,0xc5,0x6e,0x18,0xc6,0x55,0xad,0x14,0xa5,0xe2,0x0e,0x08,0x40,0x6a,
    0x0f,0xec,0x42,0x07,0x0f,0x02,0x00,0x0b,0x02,0x48,0x03,0x0f,0x20,0x14,0x6f,0x0f,
    0x82,0x00,0x6f,0x0f,0x02,0x00,0x01,0x4f,0x7d,0xef,0x7d,0xef,0x4a,0x06,0x31,0x08,
    0xaa,0x01,0x06,0x02,0x00,0x06,0xb6,0x10,0x0f,0x64,0x00,0x31,0x0f,0x02,0x00,0x0d,
    0x6e,0x3c,0xe7,0xb6,0xb5,0x4d,0x6b,0x4e,0x38,0x0f,0x22,0xdb,0x09,0x0f,0x02,0x00,
    0xe7,0x0a,0x1e,0x2f,0x0c,0x9e,0x32,0x0f,0x02,0x00,0x11,0x02,0xc4,0x10,0x02,0xd8,
    0x02,0x0f,0xb8,0x06,0x6d,0x0f,0x82,0x00,0x6f,0x0f,0x02,0x00,0x01,0x0f,0xd4,0x10,
    0x03,0x0f,0x02,0x00,0x1d,0x1b,0xbe,0x8e,0xcd,0x4e,0x82,0x10,0xae,0x73,0x18,0x68,
    0x0f,0x02,0x00,0x43,0x84,0x9e,0xf7,0x79,0xce,0x30,0x84,0x08,0x42,0x8c,0x2a,0x0e,
    0x02,0x00,0x0f,0x5a,0x25,0x99,0x0f,0x86,0x04,0x51,0x0e,0xc0,0xbe,0x0e,0xfe,0x13,
    0x0f,0x02,0x00,0x0d,0x02,0x10,0x0a,0x39,0x7d,0xef,0x5d,0xd8,0x7b,0x0f,0x02,0x00,
    0x73,0x02,0xf0,0x03,0x0f,0x8c,0x00,0x71,0x0f,0x18,0x0a,0x33,0x06,0x08,0x19,0x3f,
    0x82,0x10,0xcf,0xb8,0x97,0x12,0x0f,0x02,0x00,0x31,0x4f,0x14,0xa5,0x4d,0x6b,0x4e,
    0x1b,0x0f,0x0f,0x3a,0x02,0x1f,0x0f,0x02,0x00,0xcd,0x0c,0x0c,0x05,0x0f,0x7e,0x04,
    0x1d,0x02,0xc0,0x49,0x02,0xc6,0x02,0x0f,0xc4,0x02,0x63,0x06,0x78,0x00,0x06,0x0a,
    0x00,0x04,0x02,0x00,0x0f,0x5c,0x03,0x77,0x2f,0x9e,0xf7,0xec,0x1a,0x03,0x0f,0x02,
    0x00,0x1d,0x6f,0x9e,0xf7,0x75,0xad,0x14,0xa5,0xba,0xd1,0x57,0x26,0x3c,0xe7,0xaa,
    0x0f,0x0f,0x02,0x00,0x0b,0x0f,0x6e,0x2f,0x93,0x8f,0x3c,0xe7,0x96,0xb5,0x75,0xad,
    0x18,0xc6,0xec,0x47,0x21,0x0f,0x02,0x00,0x1f,0x26,0xef,0x7b,0x34,0x01,0x2c,0x86,
    0x31,0xe8,0x10,0x0f,0x02,0x00,0x0b,0x02,0x5a,0x03,0x06,0xc2,0x02,0x0e,0xde,0x02,
    0x0f,0x02,0x00,0x4d,0x08,0x04,0x0a,0x04,0x7e,0x00,0x02,0x90,0x00,0x06,0x02,0x00,
    0x0f,0x84,0x00,0x4d,0x0f,0x02,0x00,0x13,0x0f,0x18,0x0a,0x33,0x0f,0x02,0x00,0x5d,
    0x0f,0x5a,0x03,0x15,0x0f,0x7c,0x8b,0x1f,0x0f,0x02,0x00,0x61,0x24,0x14,0xa5,0xd4,
    0x0a,0x8f,0x04,0x21,0xeb,0x5a,0x51,0x8c,0x96,0xb5,0x64,0x03,0x4b,0x06,0x12,0xe6,
    0x2e,0x86,0x31,0x74,0x1c,0x4f,0x55,0xad,0x8e,0x73,0x5c,0x89,0x07,0x0c,0x5c,0x03,
    0x0f,0x02,0x00,0x5f,0x02,0x42,0x03,0x02,0x78,0x00,0x62,0x5d,0xef,0x1c,0xe7,0xfb,
    0xde,0x02,0x00,0x31,0xdb,0xde,0xdb,0x0a,0x00,0x4f,0x1c,0xe7,0x3c,0xe7,0xae,0x0a,
    0x75,0x0f,0x18,0x0a,0x09,0x8f,0xdb,0xde,0x30,0x84,0x8e,0x73,0x92,0x94,0xec,0x01,
    0x4b,0x0f,0x02,0x00,0x1d,0x17,0x9a,0xd0,0xff,0x0f,0x02,0x00,0x09,0x0f,0xd6,0x19,
    0x01,0x0f,0x02,0x00,0x7f,0x0a,0x5c,0x64,0x02,0x02,0x00,0x4f,0xa2,0x10,0x08,0x42,
    0x52,0x53,0x03,0x0f,0x02,0x00,0x35,0x5f,0x38,0xc6,0x34,0xa5,0xd7,0x82,0xb2,0x00,
    0x06,0x9e,0x43,0x0f,0x5c,0xd6,0x03,0x02,0x6a,0x46,0x08,0x3c,0x06,0x0f,0x02,0x00,
    0x5d,0x02,0x7e,0x00,0xd5,0x5d,0xef,0x3c,0xe7,0xfb,0xde,0xdb,0xde,0x79,0xce,0x79,
    0xce,0x59,0x02,0x00,0xef,0x79,0xce,0x79,0xce,0x79,0xce,0x9a,0xd6,0xba,0xd6,0xdb,
    0xde,0x3c,0xe7,0x9a,0x00,0x5d,0x0e,0x02,0x00,0x0f,0xba,0x06,0x07,0x24,0x18,0xc6,
    0xce,0x16,0x04,0xe0,0xd6,0x0f,0x02,0x00,0x73,0x0f,0x8e,0x02,0x01,0x08,0x02,0x00,
    0x6f,0x04,0x21,0xaa,0x52,0xf3,0x9c,0xe0,0x1a,0x95,0x0f,0xac,0x69,0x01,0x02,0x02,
    0x00,0x1f,0x28,0x1a,0xc1,0x2c,0x0f,0x02,0x00,0x11,0x0a,0x40,0x11,0x0a,0xde,0x8c,
    0x0e,0xf8,0x29,0x04,0x78,0x50,0x04,0x38,0x06,0x0f,0x02,0x00,0x63,0xca,0x5d,0xef,
    0x1c,0xe7,0xba,0xd6,0x79,0xce,0x59,0xce,0x38,0xc6,0x02,0x00,0x04,0x12,0x00,0x8f,
    0x59,0xce,0x59,0xce,0x9a,0xd6,0x1c,0xe7,0xa8,0x00,0x6b,0x02,0x96,0x0e,0x0f,0xa6,
    0x21,0x01,0x0a,0x08,0x6d,0x0f,0x2a,0x43,0x29,0x0f,0x02,0x00,0x3d,0x0a,0x8e,0x63,
    0x06,0x02,0x00,0x5f,0x41,0x08,0xe7,0x39,0x8e,0x90,0xbc,0x9e,0x0f,0xe0,0x0a,0x09,
    0x0f,0x3c,0x06,0x03,0x0f,0x02,0x00,0x47,0x0a,0x8c,0x00,0x0e,0x7e,0x00,0x24,0xdf,
    0xff,0x38,0x06,0x02,0x3a,0x02,0x0f,0x02,0x00,0x4b,0x06,0xc4,0x03,0x08,0x0a,0x00,
    0x59,0x3c,0xe7,0xdb,0xde,0x79,0x56,0x03,0x06,0xb8,0x06,0x17,0x59,0x70,0x03,0x4f,
    0x59,0xce,0x79,0xce,0xbe,0x06,0x6f,0x02,0x42,0x5e,0x0c,0xb2,0x01,0x0a,0x8a,0x87,
    0x2f,0x61,0x08,0x18,0x0a,0x51,0x6f,0xb6,0xb5,0x8e,0x73,0x4d,0x6b,0xda,0x5a,0x0f,
    0x08,0x42,0x2a,0x02,0xbe,0x48,0x3f,0x4d,0x6b,0x14,0xda,0xb8,0xa4,0x0f,0xac,0x9b,
    0x05,0x0f,0x3e,0xd0,0x0f,0x0f,0x02,0x00,0x3f,0x04,0x1e,0x6f,0x02,0x02,0x00,0x0c,
    0x64,0x37,0x06,0x5a,0x03,0x0f,0x5c,0x03,0x53,0x04,0xf8,0x05,0x02,0xa2,0x02,0x02,
    0x02,0x00,0x2a,0x1c,0xe7,0xb0,0x06,0x02,0x50,0x03,0x0f,0x02,0x00,0x01,0xbf,0x38,
    0xc6,0x38,0xc6,0x59,0xce,0x9a,0xd6,0xfb,0xde,0x5d,0x18,0x47,0x6a,0x0f,0xba,0x06,
    0x01,0x0c,0x5c,0x03,0x0f,0x4e,0x5c,0x35,0x0f,0x02,0x00,0x07,0x06,0xc0,0x66,0x2a,
    0x8a,0x52,0xac,0x08,0x0e,0x02,0x00,0xef,0xef,0x7b,0x24,0x21,0xc3,0x18,0xe3,0x18,
    0x86,0x31,0xef,0x7b,0xf7,0xbd,0x78,0x07,0x01,0x0f,0x02,0x00,0x95,0x19,0xdb,0x36,
    0x82,0x0a,0x02,0x00,0x0f,0x18,0x88,0x0d,0x0f,0x02,0x00,0x3d,0x0a,0x96,0x88,0x0c,
    0xf6,0x35,0x02,0x48,0x6b,0x02,0x02,0x00,0x02,0xfa,0x02,0x0f,0x02,0x00,0x49,0x02,
    0x64,0x00,0x02,0x6e,0x00,0x02,0x1e,0x75,0x42,0x3c,0xe7,0xdb,0xde,0x34,0x03,0x02,
    0x38,0x03,0x0f,0x02,0x00,0x0b,0x02,0x26,0x00,0x2f,0x38,0xc6,0xbe,0x06,0x6f,0x0e,
    0xd2,0x10,0x28,0x9e,0xf7,0x3e,0x1a,0x0f,0x90,0x55,0x4f,0x0a,0x60,0x65,0x0f,0xf6,
    0x70,0x01,0x0a,0x02,0x00,0x4f,0xbe,0xf7,0x3c,0xe7,0x4c,0x07,0x51,0x0f,0x02,0x00,
    0x4f,0x2a,0x9a,0xd6,0x2a,0x21,0x06,0x02,0x00,0x0c,0x3a,0x06,0x0f,0x02,0x00,0x4d,
    0x08,0xb6,0xbe,0x0c,0x64,0x15,0x04,0xb6,0x06,0x0f,0x50,0x03,0x49,0x0f,0x02,0x00,
    0x01,0x02,0x5a,0x03,0x95,0x9e,0xf7,0x3c,0xe7,0xba,0xd6,0x59,0xce,0x18,0x62,0x0d,
    0x0f,0x5a,0x03,0x0b,0x06,0x5c,0x03,0x02,0xc0,0xde,0x06,0xbc,0x06,0x0f,0xc2,0x00,
    0x61,0x0e,0xfc,0x05,0x06,0xb2,0xd8,0x2f,0xc3,0x18,0x1a,0x10,0x4f,0x0a,0x64,0x97,
    0x0f,0xcc,0x03,0x4f,0x0f,0x02,0x00,0x7b,0x88,0x79,0xce,0x14,0xa5,0x2c,0x63,0xc7,
    0x39,0xc0,0x4c,0x0f,0xc6,0xb7,0x4b,0x0f,0x02,0x00,0x05,0x6e,0xf3,0x9c,0x2c,0x63,
    0x4d,0x6b,0x0c,0x31,0x02,0xe8,0x24,0x0f,0x02,0x00,0x5f,0x02,0x5c,0x03,0x15,0x3c,
    0xbe,0x10,0x0f,0x54,0x03,0x0d,0x0c,0x02,0x00,0x02,0x5e,0x03,0x2f,0xfb,0xde,0x54,
    0x03,0x5f,0x04,0x02,0x00,0x0f,0x5e,0x28,0x03,0x8f,0x79,0xce,0xef,0x7b,0xeb,0x5a,
    0x30,0x84,0x10,0x0a,0x35,0xae,0x9a,0xd6,0xb2,0x94,0x2c,0x63,0xeb,0x5a,0x6d,0x6b,
    0x30,0x21,0x0a,0xb0,0x77,0x2f,0x08,0x42,0xfc,0x01,0x05,0x0f,0x02,0x00,0xcb,0xaf,
    0x1c,0xe7,0x75,0xad,0x8e,0x73,0xaa,0x52,0xeb,0x5a,0x46,0x46,0x21,0x0f,0x02,0x00,
    0x47,0x02,0xe8,0x24,0x0f,0x02,0x00,0x5b,0x02,0x56,0x03,0x82,0x9e,0xf7,0x9e,0xf7,
    0x5d,0xef,0x9a,0xd6,0x34,0x03,0x02,0x2a,0x03,0x0f,0x02,0x00,0x1b,0x02,0x1a,0x0a,
    0x0f,0x5e,0x03,0x6b,0x0e,0xba,0x06,0x0f,0x02,0x00,0x35,0x62,0x3c,0xe7,0x96,0xb5,
    0x10,0x84,0x30,0x8b,0x04,0x02,0x00,0x0c,0x86,0x12,0x0a,0x28,0xd5,0x0f,0xa0,0x2d,
    0x25,0x0f,0x02,0x00,0x73,0x6f,0xdf,0xff,0x9a,0xd6,0xfb,0xde,0x8c,0x00,0x73,0x0f,
    0x02,0x00,0x33,0x0a,0x02,0x72,0x0f,0x02,0x00,0x53,0x06,0x5c,0x03,0x24,0xfb,0xde,
    0x4e,0x03,0x0f,0x5c,0x03,0x21,0x02,0x22,0x0a,0x46,0x79,0xce,0x1c,0xe7,0x52,0x00,
    0x0f,0x02,0x00,0x5b,0x0f,0xba,0x06,0x03,0x0f,0x02,0x00,0x2b,0x7f,0x9e,0xf7,0xf7,
    0xbd,0x51,0x8c,0x28,0x4c,0x2b,0x04,0x0c,0xca,0x26,0x06,0xba,0x06,0x1f,0x49,0x00,
    0x56,0x10,0x0f,0x02,0x00,0x11,0x0f,0x7c,0x5e,0x61,0xfe,0x07,0x3c,0xe7,0x0c,0x63,
    0x45,0x29,0x41,0x08,0xa2,0x10,0xa6,0x31,0xcb,0x5a,0x30,0x84,0x34,0xa5,0x38,0xc6,
    0xba,0xd6,0x88,0x15,0x0f,0x02,0x00,0x99,0x02,0x6c,0x0d,0x0f,0x90,0x02,0x5b,0x06,
    0x02,0x00,0x11,0x3c,0x1c,0x14,0x0f,0x02,0x00,0x2d,0x5f,0x38,0xc6,0x9a,0xd6,0x3c,
    0x5e,0x03,0x68,0x0f,0x02,0x02,0x37,0x68,0x79,0xce,0x71,0x8c,0xaa,0x52,0x0e,0x11,
    0x0e,0x02,0x00,0x0e,0xb0,0x10,0x6f,0xb6,0xb5,0x2c,0x63,0xeb,0x5a,0xb2,0x37,0x27,
    0xfa,0x07,0xff,0xff,0x1c,0xe7,0xf7,0xbd,0x92,0x94,0x10,0x84,0xeb,0x5a,0xa6,0x31,
    0xa6,0x31,0x00,0x00,0x61,0x08,0x28,0x42,0x64,0x56,0x0f,0x02,0x00,0x4b,0x26,0x5d,
    0xef,0x1a,0x41,0x06,0x02,0x00,0xef,0x61,0x08,0x65,0x29,0x49,0x4a,0x8e,0x73,0x51,
    0x8c,0xf7,0xbd,0x9a,0xd6,0x04,0x15,0x0d,0x0f,0x02,0x00,0x7f,0x02,0x8e,0x21,0x06,
    0xee,0x02,0x0f,0x02,0x00,0x51,0x04,0x70,0x00,0x31,0x5d,0xef,0xba,0x10,0x0a,0x0f,
    0xb2,0x06,0x25,0x04,0x02,0x00,0x0f,0x76,0x0d,0x6b,0x0f,0xa2,0x21,0x07,0x0f,0x02,
    0x00,0x17,0x6e,0x9a,0xd6,0xf3,0x9c,0x2c,0x63,0x4a,0x35,0x0f,0x02,0x00,0x01,0x0e,
    0x5c,0x03,0x0f,0x02,0x00,0x2b,0x48,0x1c,0xe7,0xcb,0x5a,0x0c,0x10,0x06,0x02,0x00,
    0x0c,0x4e,0x16,0x0f,0x02,0x00,0x47,0x1f,0x92,0x5a,0xf8,0x00,0x0a,0x02,0x00,0x4f,
    0x20,0x00,0x45,0x29,0xf6,0xe3,0x31,0x0f,0x02,0x00,0x57,0x02,0x6c,0x0d,0x04,0xec,
    0x02,0x0f,0x02,0x00,0x5d,0x04,0x10,0x0a,0x0f,0x5c,0x03,0x2f,0x62,0x38,0xc6,0x79,
    0xce,0x3c,0xe7,0xc0,0x00,0x0f,0xce,0x00,0x5d,0x0f,0x44,0x1e,0x03,0x0f,0x02,0x00,
    0x13,0x6f,0x7d,0xef,0x75,0xad,0x30,0x84,0x8c,0x6d,0x0f,0x08,0x02,0x00,0x0e,0x12,
    0x3b,0x0f,0x02,0x00,0x29,0x0f,0x32,0x06,0x03,0x02,0x02,0x00,0x0f,0x76,0x14,0x57,
    0x22,0x8e,0x73,0x72,0x00,0x0f,0x02,0x00,0x0d,0x2f,0x20,0x00,0xb2,0x73,0x0d,0x0f,
    0x02,0x00,0x49,0x0f,0x3a,0x07,0x1b,0x0a,0x6c,0x0d,0x0f,0x96,0x02,0x57,0x13,0xbe,
    0xb6,0x06,0x0f,0x56,0x03,0x2d,0x04,0x02,0x00,0x5f,0x38,0xc6,0x38,0xc6,0xdb,0x30,
    0x14,0x66,0x0f,0xba,0x06,0x25,0x2f,0x75,0xad,0xfe,0x09,0x0b,0x0f,0x02,0x00,0x01,
    0x0c,0xcc,0x10,0x0f,0x02,0x00,0x15,0x4f,0xd7,0xbd,0xf3,0x9c,0x96,0x03,0x01,0x0a,
    0xc4,0x17,0x0a,0x02,0x00,0x0f,0x02,0x8c,0x1b,0x0f,0x02,0x00,0x29,0x0f,0x9e,0x58,
    0x03,0x0f,0x02,0x00,0x01,0x1f,0xc3,0xc0,0xe9,0x02,0x4f,0x5d,0xef,0xba,0xd6,0x54,
    0x12,0x47,0x08,0x02,0x00,0x4f,0x7d,0xef,0xfb,0xde,0x6a,0x00,0x11,0x02,0x44,0x28,
    0x02,0xee,0x05,0x02,0x24,0x21,0x02,0x08,0x00,0x0f,0x02,0x00,0x4f,0x44,0xbe,0xf7,
    0x7d,0xef,0x2e,0x1e,0x04,0x20,0x03,0x0f,0x02,0x00,0x2b,0x08,0xba,0x06,0x0f,0x02,
    0x00,0x5f,0x0f,0x74,0x0d,0x21,0x0a,0xca,0x8e,0x0f,0x02,0x00,0x0f,0x4f,0x82,0x10,
    0xc7,0x39,0x2e,0xc6,0x07,0x0f,0x02,0x00,0x09,0x24,0x3c,0xe7,0x66,0x1d,0x2c,0xcb,
    0x5a,0x1c,0x0e,0x0f,0xf4,0x2a,0x07,0x4f,0x00,0x00,0x86,0x31,0xaa,0x05,0x1b,0x0f,
    0x02,0x00,0x27,0x2f,0xba,0xd6,0xa6,0x51,0x0d,0x06,0x02,0x00,0x0c,0x08,0x0e,0x11,
    0x79,0x1c,0xf0,0xaf,0x41,0x08,0x04,0x21,0xc7,0x39,0x0c,0x63,0xb2,0x94,0x50,0x47,
    0x47,0xff,0x01,0xdb,0xde,0x8a,0x52,0xe3,0x18,0xa2,0x10,0x24,0x21,0xe7,0x39,0xae,
    0x73,0x75,0xad,0xd8,0x3f,0x09,0x22,0xdf,0xff,0x74,0x05,0x04,0x02,0x00,0x0f,0x5c,
    0x03,0x57,0x02,0x7c,0x17,0x0f,0x58,0x03,0x35,0x04,0x02,0x00,0x22,0xdb,0xde,0xb0,
    0xbf,0x04,0xd0,0x00,0x0f,0x02,0x00,0x57,0x0f,0xba,0x06,0x21,0x0f,0x5e,0x0d,0x13,
    0xaf,0x00,0x00,0x41,0x08,0x65,0x29,0x4d,0x6b,0x96,0xb5,0xca,0x01,0x09,0x0f,0x02,
    0x00,0x0b,0x08,0xbe,0x61,0x0c,0xb4,0x20,0x0a,0xbc,0x54,0x0a,0x02,0x00,0x0f,0xde,
    0x90,0x07,0x0f,0x02,0x00,0x3f,0x0f,0x6c,0x78,0x07,0x0c,0x02,0x00,0x0a,0x06,0x0e,
    0x2e,0xba,0xd6,0x2c,0x0e,0xcf,0x61,0x08,0xa6,0x31,0x0c,0x63,0x10,0x84,0x34,0xa5,
    0x79,0xce,0x64,0x06,0x11,0x0f,0x02,0x00,0x13,0x2c,0x3c,0xe7,0x0e,0x79,0x6e,0xa2,
    0x10,0x49,0x4a,0xef,0x7b,0xcc,0x35,0x0f,0x5c,0x03,0x01,0x0f,0x02,0x00,0x55,0x6f,
    0x7d,0xef,0x7d,0xef,0x3c,0xe7,0x5c,0x03,0x3f,0x3f,0x9a,0xd6,0x5d,0x5c,0x03,0x5e,
    0x06,0xfc,0x17,0x0c,0x12,0x06,0x02,0x02,0x00,0x6c,0xdf,0xff,0xf7,0xbd,0x55,0xad,
    0x38,0x17,0x0f,0xce,0xa6,0x0b,0x04,0x02,0x00,0x6f,0x24,0x21,0x2c,0x63,0xb2,0x94,
    0x22,0x13,0x0d,0xfc,0x01,0xdf,0xff,0xdb,0xde,0x96,0xb5,0x10,0x84,0x6d,0x6b,0x69,
    0x4a,0xeb,0x5a,0xb2,0x94,0x6c,0x06,0x0a,0xd6,0x89,0x0c,0x42,0x59,0x0a,0x34,0x25,
    0x06,0x02,0x00,0x2c,0x41,0x08,0xbe,0x23,0x0f,0x02,0x00,0x4d,0xaf,0x5d,0xef,0xf3,
    0x9c,0xae,0x73,0x08,0x42,0x65,0x29,0x12,0x55,0x09,0x2a,0xc3,0x18,0x2e,0x03,0x0f,
    0x1c,0x04,0x09,0xae,0x00,0x00,0x41,0x08,0x45,0x29,0xa6,0x31,0x2c,0x63,0x74,0x1f,
    0x0f,0x02,0x00,0x1f,0x06,0xec,0x18,0x0a,0x02,0x00,0x13,0x61,0x5a,0xb0,0x0a,0x02,
    0x00,0x0f,0x90,0x21,0x65,0x53,0x9e,0xf7,0x5d,0xef,0xfb,0xf2,0x2e,0x04,0x74,0x06,
    0x0f,0x02,0x00,0x31,0x0f,0xe8,0x1a,0x61,0x0f,0x5c,0x03,0x0b,0x24,0xfb,0xde,0x30,
    0x5e,0x0c,0x8e,0x09,0x0e,0x92,0xdb,0x06,0x02,0x00,0x88,0x45,0x29,0xaa,0x52,0x51,
    0x8c,0x18,0xc6,0x46,0x02,0x0c,0x32,0x03,0xca,0x1c,0xe7,0xf7,0xbd,0x34,0xa5,0x8e,
    0x73,0x49,0x4a,0x65,0x29,0xba,0x05,0x48,0x08,0x42,0x9e,0xf7,0xe8,0x01,0x0a,0x3e,
    0x2c,0x1d,0x82,0x88,0xe8,0x08,0x32,0x06,0x8f,0x82,0x10,0xe7,0x39,0x28,0x42,0xae,
    0x73,0xa6,0x81,0x03,0x0f,0x02,0x00,0x53,0xca,0xbe,0xf7,0x9a,0xd6,0xf7,0xbd,0x71,
    0x8c,0x8e,0x73,0x28,0x42,0xce,0x24,0x4a,0x00,0x00,0x41,0x08,0xb6,0x06,0x0a,0x94,
    0x07,0x0f,0x02,0x00,0x09,0x2f,0x28,0x42,0x1a,0x4e,0x2d,0x0a,0xee,0x2e,0x0a,0x02,
    0x00,0x2c,0x79,0xce,0x1c,0x01,0x02,0xcc,0x08,0x0f,0x02,0x00,0x61,0x42,0x5d,0xef,
    0xba,0xd6,0x4e,0x32,0x0f,0x54,0x03,0x31,0x02,0x02,0x00,0x6f,0x38,0xc6,0x38,0xc6,
    0xfb,0xde,0xce,0x00,0x5d,0x0f,0x5c,0x03,0x0b,0x08,0x92,0x69,0x0c,0xd0,0x3b,0x0e,
    0x46,0x10,0x11,0x61,0x4a,0x35,0x2a,0x55,0xad,0x02,0x07,0x08,0x0e,0x65,0xa4,0x7d,
    0xef,0xb6,0xb5,0x51,0x8c,0x8e,0x73,0xe7,0x39,0xd0,0x3e,0x0f,0x02,0x00,0x01,0x28,
    0x30,0x84,0xea,0x01,0x24,0x3c,0xe7,0xac,0x39,0x02,0x3c,0xb6,0x0c,0xa6,0x03,0x02,
    0x56,0x00,0x6f,0x30,0x84,0xd7,0xbd,0x9a,0xd6,0xe0,0x08,0x03,0x0f,0x02,0x00,0x69,
    0xee,0xfb,0xde,0x59,0xce,0xf3,0x9c,0xef,0x7b,0x8a,0x52,0xeb,0x5a,0x30,0x84,0xc4,
    0x02,0x0f,0xf2,0x02,0x09,0x0a,0x02,0x00,0x0f,0xc8,0xc7,0x1d,0x0c,0x02,0x00,0x0f,
    0xcc,0x14,0x09,0x2a,0xef,0x7b,0x2e,0x00,0x02,0x80,0x17,0x0f,0x02,0x00,0x63,0x42,
    0x3c,0xe7,0x9a,0xd6,0x98,0x1a,0x0f,0x02,0x00,0x39,0x42,0x38,0xc6,0xba,0xd6,0x58,
    0x2f,0x0f,0x74,0x0d,0x57,0x02,0x6c,0x00,0x02,0x70,0x00,0x0c,0xb6,0x02,0x28,0x79,
    0xce,0xde,0x01,0x2c,0xe3,0x18,0x20,0x00,0x04,0x04,0xcf,0x2f,0x20,0x00,0x52,0x0d,
    0x13,0x1b,0xd3,0xe2,0x7a,0x0f,0x02,0x00,0x05,0x0c,0x92,0x39,0x08,0x86,0x13,0x0f,
    0x1e,0x09,0x31,0x0f,0x02,0x00,0x79,0x0f,0xe8,0x51,0x03,0x0f,0x02,0x00,0x01,0x0f,
    0xf0,0x33,0x2d,0x0f,0x14,0x41,0x09,0x0c,0x40,0x0b,0x0f,0x12,0x0a,0x67,0x4f,0x9e,
    0xf7,0x1c,0xe7,0x5a,0x03,0x3f,0x02,0x2c,0x14,0x22,0x7d,0xef,0x30,0x33,0x0f,0x34,
    0x04,0x55,0x02,0x5c,0x03,0x02,0x02,0x00,0x0c,0x3c,0x03,0x28,0xb6,0xb5,0xe4,0x01,
    0x0f,0xb2,0xe5,0x01,0x8c,0xdb,0xde,0xb6,0xb5,0xb6,0xb5,0x79,0xce,0x3a,0x00,0x0f,
    0x02,0x00,0x01,0x0f,0x60,0x1d,0x0f,0x04,0x02,0x00,0x0e,0x86,0x9a,0xae,0x92,0x94,
    0xa6,0x31,0x04,0x21,0xe7,0x39,0x55,0xad,0x5e,0x0a,0x0f,0x02,0x00,0xad,0x1f,0x14,
    0xea,0xe0,0x02,0x0e,0x02,0x00,0x2f,0x41,0x08,0xbe,0x4a,0x2d,0x0f,0xe4,0xd1,0x07,
    0x28,0xf3,0x9c,0x46,0x01,0x0c,0x24,0x14,0x0f,0x02,0x00,0x5b,0x24,0xfb,0xde,0xda,
    0x1a,0x2f,0x38,0xc6,0xba,0x06,0x37,0x6f,0x38,0xc6,0x59,0xce,0x3c,0xe7,0x5c,0x03,
    0x67,0x0a,0xcc,0x09,0x0c,0x46,0x3f,0x0c,0xb2,0x37,0x0f,0x50,0x03,0x11,0x06,0x02,
    0x00,0x2f,0xbe,0xf7,0xca,0xcb,0x09,0x0a,0x02,0x00,0x0f,0xfe,0x24,0x03,0x02,0x70,
    0x0c,0x2c,0xdf,0xff,0xa6,0x00,0x0f,0x02,0x00,0xaf,0x8f,0x3c,0xe7,0xb2,0x94,0xaa,
    0x52,0xe7,0x39,0x2e,0x1c,0x0b,0x0f,0xae,0x1b,0x31,0x4e,0xfb,0xde,0x30,0x84,0x94,
    0x26,0x0c,0xec,0xd5,0x0f,0x5c,0x03,0x69,0x31,0x7d,0xef,0xfb,0x0a,0x39,0x0f,0x56,
    0x03,0x37,0x02,0x02,0x00,0x04,0xe4,0x1a,0x08,0x4c,0x06,0x0f,0x02,0x00,0x57,0x0f,
    0xee,0x89,0x01,0x08,0x54,0x0d,0x0f,0x8e,0x09,0x2b,0x3f,0xfb,0xde,0x20,0x62,0xab,
    0x04,0x0c,0x02,0x00,0x1f,0xaa,0x7e,0x3c,0x0e,0x0f,0x02,0x00,0xc5,0xaf,0x5d,0xef,
    0x18,0xc6,0xd3,0x9c,0x10,0x84,0xcb,0x5a,0x6c,0x14,0x01,0x0a,0x5c,0x06,0x0f,0x02,
    0x00,0x21,0x04,0x0e,0x05,0xf6,0x03,0x9e,0xf7,0x18,0xc6,0x51,0x8c,0x8a,0x52,0x86,
    0x31,0x45,0x29,0xc7,0x39,0x6d,0x6b,0x9e,0xf7,0x1c,0x00,0x0e,0x92,0x21,0x0f,0x02,
    0x00,0x5b,0x0f,0x5c,0x03,0xc7,0x12,0xdf,0x5d,0x01,0x01,0x02,0x00,0x02,0x0c,0x00,
    0x3f,0xd3,0x9c,0x08,0x20,0xdc,0x32,0x2f,0x5d,0xef,0x9a,0x16,0x09,0x11,0x00,0x78,
    0x03,0x4f,0x04,0x21,0x8a,0x52,0x42,0x02,0x2f,0x0f,0x02,0x00,0xb1,0xff,0x03,0x9e,
    0xf7,0xdb,0xde,0xb6,0xb5,0x51,0x8c,0xeb,0x5a,0xe7,0x39,0x24,0x21,0x24,0x21,0x08,
    0x42,0x76,0x1f,0x23,0x0f,0x02,0x00,0x0b,0x26,0xdf,0xff,0x92,0x15,0x02,0xee,0x01,
    0x02,0x02,0x00,0x02,0x68,0x05,0x0f,0x02,0x00,0x63,0x0f,0x5c,0x03,0xd9,0x02,0xc8,
    0x04,0x02,0x08,0x00,0x0f,0x02,0x00,0x2b,0x0f,0xca,0x19,0x03,0xef,0x82,0x10,0xc7,
    0x39,0x69,0x4a,0xef,0x7b,0x55,0xad,0x9a,0xd6,0x5d,0xef,0x62,0x00,0x2b,0x0f,0x02,
    0x00,0x6b,0x0f,0xc4,0x62,0x33,0x0e,0x02,0x00,0x22,0x7d,0xef,0x0e,0x0b,0x0f,0x02,
    0x00,0x55,0x04,0x48,0x28,0x0f,0x3e,0x09,0x65,0x0f,0x14,0x0a,0x4d,0x0f,0x34,0x04,
    0x65,0x0f,0x46,0x03,0x33,0x0f,0x02,0x00,0x03,0x44,0xdf,0xff,0x2c,0x63,0xbc,0x06,
    0xaf,0xc3,0x18,0x28,0x42,0xcf,0x7b,0x92,0x94,0x96,0xb5,0x36,0x17,0x45,0x0f,0xea,
    0x02,0x45,0x0f,0x02,0x00,0x01,0xf8,0x07,0x3c,0xe7,0x10,0x84,0x28,0x42,0xe3,0x18,
    0xa6,0x31,0x6d,0x6b,0xae,0x73,0x6d,0x6b,0x71,0x8c,0xd7,0xbd,0x18,0xc6,0x0a,0x06,
    0x0f,0x02,0x00,0x99,0x04,0x24,0x14,0x0f,0x5c,0x03,0xff,0x3e,0x06,0x24,0x08,0x0f,
    0x02,0x00,0x43,0x8f,0xdb,0xde,0x55,0xad,0x34,0xa5,0x79,0xce,0x2e,0x40,0x0f,0x0c,
    0xac,0xb7,0x0f,0x02,0x00,0x0f,0xff,0x05,0x79,0xce,0xd7,0xbd,0x34,0xa5,0x6d,0x6b,
    0x6d,0x6b,0xcf,0x7b,0x49,0x4a,0xc3,0x18,0x65,0x29,0x6d,0x6b,0xde,0x2b,0x01,0x0f,
    0x02,0x00,0x3d,0x2f,0xfb,0xde,0x84,0x10,0x03,0x0f,0x6a,0xdd,0x07,0xaa,0x1c,0xe7,
    0x96,0xb5,0xb6,0xb5,0x5d,0xef,0xdf,0xff,0x86,0x0b,0x0f,0x02,0x00,0x73,0x0f,0x5c,
    0x03,0xff,0x48,0x0f,0x6e,0x05,0xa3,0x22,0xba,0xd6,0x86,0xca,0x0e,0x02,0x00,0x0f,
    0xa8,0x0c,0x41,0x0a,0x02,0x00,0x06,0xf0,0x59,0x0e,0x02,0x00,0x0e,0x3e,0x0e,0x42,
    0x9a,0xd6,0x49,0x4a,0x88,0x22,0xff,0x08,0xe3,0x18,0x45,0x29,0x04,0x21,0xc7,0x39,
    0x8e,0x73,0xae,0x73,0x6d,0x6b,0xd3,0x9c,0xf7,0xbd,0xb6,0xb5,0xf7,0xbd,0x5d,0x1e,
    0x6d,0x32,0x0f,0x02,0x00,0x29,0x04,0x5c,0x03,0x0f,0x02,0x00,0x63,0x08,0x14,0x0a,
    0x0f,0x2e,0x14,0x39,0x04,0x28,0x14,0x0f,0x02,0x00,0x65,0x0f,0xe0,0x3f,0x41,0x0f,
    0x02,0x00,0x1b,0xf1,0x00,0x7d,0xef,0xbe,0xf7,0xdf,0xff,0x79,0xce,0x96,0xb5,0xd7,
    0xbd,0x96,0xb5,0xae,0x12,0x54,0x0f,0xd6,0x19,0x0f,0x2f,0xfb,0xde,0xe0,0x17,0x07,
    0x0e,0x24,0x25,0x0f,0x02,0x00,0x3b,0x2a,0xdf,0xff,0x0e,0x98,0x0a,0x02,0x00,0x0c,
    0x86,0x82,0x28,0xfb,0xde,0x64,0x22,0x0f,0x02,0x00,0x01,0x6e,0xe3,0x18,0x65,0x29,
    0xeb,0x5a,0xc0,0x29,0x0f,0x02,0x00,0x57,0x0f,0xca,0x10,0x69,0x0f,0x16,0x39,0x39,
    0x0a,0x02,0x00,0x02,0xdc,0x3f,0x02,0x62,0x00,0x0f,0x02,0x00,0x61,0x0f,0x26,0x39,
    0x29,0x0f,0x02,0x00,0x1d,0x02,0xa8,0x68,0xfa,0x07,0x59,0xce,0x55,0xad,0xb6,0xb5,
    0x75,0xad,0x6d,0x6b,0x2c,0x63,0x8e,0x73,0x69,0x4a,0x04,0x21,0x45,0x29,0x45,0x29,
    0xb0,0x31,0x1d,0x20,0x92,0x23,0x0c,0x02,0x00,0x0f,0xd6,0x7c,0x0b,0x0f,0x3c,0x18,
    0x2b,0x0f,0x02,0x00,0x0d,0x0f,0xa2,0xbb,0x05,0x02,0x02,0x00,0x0c,0x5a,0x2c,0x0f,
    0xaa,0x00,0x0b,0x06,0x02,0x00,0x1d,0x20,0x8a,0x32,0x0f,0x02,0x00,0x55,0x0c,0x5c,
    0x32,0x0f,0x02,0x00,0x5f,0x02,0x44,0x57,0x02,0x04,0x28,0x0a,0x20,0x03,0x0f,0x02,
    0x00,0x29,0x37,0x38,0xc6,0x9a,0xae,0x50,0x0f,0x02,0x00,0x61,0x0f,0xce,0x10,0x41,
    0x02,0x4a,0x3a,0xff,0x06,0x79,0xce,0x96,0xb5,0xb6,0xb5,0x75,0xad,0xcf,0x7b,0x2c,
    0x63,0xae,0x73,0xcb,0x5a,0x24,0x21,0xe3,0x18,0x45,0x32,0x2e,0x0a,0x08,0x02,0x00,
    0x0f,0xcc,0x9f,0x0b,0x0f,0x96,0x09,0x09,0x0c,0xd4,0x31,0x0f,0x02,0x00,0x3f,0x0f,
    0x00,0x15,0x03,0x02,0x02,0x00,0x0c,0xd4,0xb2,0x06,0x6e,0x36,0x12,0x20,0x21,0x00,
    0x0f,0x02,0x00,0x06,0x0f,0x2a,0x1e,0x21,0x2f,0x3c,0xe7,0xc8,0x33,0x27,0x04,0x02,
    0x00,0x0f,0x5c,0x03,0x6f,0x02,0x50,0x28,0x1f,0x59,0xae,0x2b,0x3e,0x0f,0x7c,0x3c,
    0x67,0x02,0x02,0x00,0x0f,0x5c,0x03,0x33,0xff,0x05,0x1c,0xe7,0x96,0xb5,0x34,0xa5,
    0x6d,0x6b,0xcb,0x5a,0x4d,0x6b,0x8a,0x52,0x24,0x21,0x24,0x21,0x24,0x21,0x4c,0x02,
    0x0d,0x0f,0x02,0x00,0x0b,0x24,0xaa,0x52,0xfc,0x01,0x0f,0x02,0x00,0x01,0x0f,0x0e,
    0x06,0x09,0x2f,0x24,0x21,0xa0,0x11,0x4d,0x2f,0x7d,0xef,0xd4,0x40,0x07,0x0c,0x42,
    0x36,0x0f,0x88,0x03,0x09,0x0c,0x02,0x00,0x0f,0x78,0x55,0x1b,0xaf,0xdb,0xde,0x49,
    0x4a,0x82,0x10,0x82,0x10,0xe7,0x39,0x5e,0xbf,0x0d,0x0f,0x52,0x0f,0x0b,0x04,0x5c,
    0x03,0x0f,0xac,0x16,0x61,0x02,0x74,0x00,0x02,0x4a,0x57,0x02,0x5e,0x03,0x02,0x08,
    0x00,0x0f,0x02,0x00,0x2f,0x02,0x08,0x2f,0x02,0x60,0x00,0x0f,0x02,0x00,0x69,0x0f,
    0x7c,0x01,0x0b,0x02,0x02,0x00,0x2f,0x3c,0xe7,0xb2,0x02,0x05,0x4f,0x7d,0xef,0x2c,
    0x63,0xe4,0x2e,0x09,0x0f,0x02,0x00,0x23,0x0c,0xbe,0x2b,0x0a,0x02,0x00,0x11,0xdb,
    0xf4,0x21,0x0f,0x02,0x00,0x01,0x2f,0xc3,0x18,0x6a,0x02,0x0d,0x0f,0x02,0x00,0x33,
    0xc4,0x55,0xad,0xcb,0x5a,0x8a,0x52,0x86,0x31,0x41,0x08,0x82,0x10,0x68,0x18,0x22,
    0xa2,0x10,0x6e,0x51,0x08,0x50,0x01,0x2f,0x38,0xc6,0xa6,0x00,0x01,0x0f,0x02,0x00,
    0x03,0x0f,0x5c,0x03,0x19,0x26,0x3c,0xe7,0xac,0x14,0x2f,0x61,0x08,0xd8,0x18,0x11,
    0x2f,0xfb,0xde,0x4a,0x51,0x03,0x22,0xdf,0xff,0x82,0x02,0x02,0x06,0x00,0x0f,0x02,
    0x00,0x5b,0x02,0x74,0x00,0x02,0xe2,0x49,0x04,0x54,0x28,0x0f,0x02,0x00,0x33,0x6f,
    0x38,0xc6,0x59,0xce,0x1c,0xe7,0xce,0x00,0x5b,0x0f,0x02,0x00,0x01,0x08,0x0c,0x02,
    0x06,0x02,0x00,0xff,0x05,0x3c,0xe7,0x96,0xb5,0xf3,0x9c,0x2c,0x63,0xeb,0x5a,0x4d,
    0x6b,0x08,0x42,0xc3,0x18,0x24,0x21,0xeb,0x5a,0xca,0x0c,0x01,0x0a,0x70,0x66,0x0f,
    0x02,0x00,0x35,0x1b,0xcf,0x04,0x31,0x0c,0x02,0x00,0x24,0x18,0xc6,0x98,0xc8,0xef,
    0x20,0x00,0x82,0x10,0x20,0x00,0xe3,0x18,0x8a,0x52,0x8a,0x52,0x30,0x84,0x24,0x09,
    0x2f,0x0f,0x02,0x00,0x19,0xe2,0xbe,0xf7,0xfb,0xde,0x1c,0xe7,0xfb,0xde,0x34,0xa5,
    0x30,0x84,0xb6,0xb5,0xf2,0x1d,0x0c,0x4c,0x18,0x2f,0x96,0xb5,0x6e,0x4d,0x01,0x0e,
    0x02,0x00,0x2f,0xc7,0x39,0x88,0x01,0x03,0x0f,0x02,0x00,0x03,0x08,0x9c,0x26,0x0e,
    0xd6,0x2e,0x0c,0x02,0x00,0xae,0x59,0xce,0x08,0x42,0x61,0x08,0x61,0x08,0x49,0x4a,
    0x28,0x12,0x0f,0x5c,0x03,0x6f,0x3f,0x7d,0xef,0xdb,0x1c,0x39,0x3e,0x02,0x04,0x54,
    0x0f,0xee,0x02,0x01,0x0f,0x02,0x00,0x5b,0x0e,0xd4,0x01,0x35,0xdf,0xff,0x6d,0xa0,
    0xa9,0x0a,0x02,0x00,0x19,0xd3,0x40,0x2d,0x0f,0x98,0x05,0x1b,0x0f,0x02,0x00,0x17,
    0x2f,0x24,0x21,0xb2,0x21,0x0f,0xd9,0xdf,0xff,0x59,0xce,0xb2,0x94,0xb2,0x94,0x79,
    0xce,0x3c,0xe7,0xba,0xe2,0x21,0x0e,0xd0,0x00,0x0f,0x02,0x00,0x6b,0xf7,0x02,0xbe,
    0xf7,0x96,0xb5,0xd3,0x9c,0x6d,0x6b,0x28,0x42,0x8a,0x52,0x49,0x4a,0xc3,0x18,0x61,
    0xec,0x06,0x04,0x02,0x00,0x2e,0x24,0x21,0xf6,0x02,0x0f,0x02,0x00,0x09,0x0a,0x9c,
    0x35,0x1f,0x8a,0x42,0x0b,0x0a,0x17,0xdb,0xac,0x14,0x2c,0xe3,0x18,0x5a,0x01,0x04,
    0x96,0x21,0x0f,0x02,0x00,0x69,0x4f,0x3c,0xe7,0x9a,0xd6,0xb8,0x06,0x3b,0x0a,0x78,
    0x61,0x0f,0x02,0x00,0x63,0x02,0x10,0xde,0x0c,0xc6,0x01,0x0f,0x36,0xd7,0x03,0x0f,
    0x6c,0xa4,0x01,0x0a,0x82,0x70,0x0f,0x02,0x00,0x2f,0x6f,0x41,0x08,0x04,0x21,0x8e,
    0x73,0x6a,0x1e,0x0f,0x0f,0x02,0x00,0xa7,0xfc,0x07,0x5d,0xef,0xfb,0xde,0x1c,0xe7,
    0xdb,0xde,0xf3,0x9c,0x92,0x94,0x14,0xa5,0xcf,0x7b,0x08,0x42,0xeb,0x5a,0xf3,0x9c,
    0xf2,0x02,0x0f,0x02,0x00,0x0d,0x06,0x68,0x69,0x0f,0xb8,0x06,0x0f,0x0a,0x88,0x03,
    0x0c,0x12,0x0e,0x0f,0xde,0x1a,0x6b,0x08,0xe8,0x49,0x11,0x18,0x4a,0x6b,0x0f,0x02,
    0x00,0x2d,0x11,0x38,0x02,0x65,0x1f,0x79,0x12,0x0a,0x70,0x0f,0x5c,0x03,0x01,0x0a,
    0xb0,0x42,0x0c,0x02,0x00,0x0a,0x18,0x0a,0x0a,0x80,0x3f,0x0f,0x02,0x00,0x19,0xff,
    0x07,0xa2,0x10,0x41,0x08,0xc3,0x18,0x69,0x4a,0x8a,0x52,0x28,0x42,0x6d,0x6b,0xf3,
    0x9c,0xd3,0x9c,0xb2,0x94,0x59,0xce,0xf0,0x4b,0x13,0x0f,0x02,0x00,0xc5,0x0f,0x72,
    0x07,0x17,0x22,0xdb,0xde,0x90,0x1e,0x02,0x02,0x00,0x0f,0x64,0x0e,0x0b,0x0a,0x56,
    0x15,0x0c,0x9e,0xb3,0x02,0x04,0x02,0x0f,0x02,0x00,0x67,0x02,0x74,0x0d,0x4f,0x1c,
    0xe7,0x79,0xce,0xba,0x06,0x2f,0x02,0x58,0x03,0x0c,0x2e,0x68,0x0f,0x02,0x00,0x65,
    0x0f,0x5c,0x03,0x01,0x0a,0x22,0x39,0x0c,0x02,0x00,0x0a,0x88,0x19,0x0a,0x6a,0xd3,
    0x0f,0x02,0x00,0x03,0xff,0x0b,0x82,0x10,0x41,0x08,0xa2,0x10,0x49,0x4a,0xcb,0x5a,
    0x69,0x4a,0x4d,0x6b,0x14,0xa5,0xd3,0x9c,0xb2,0x94,0x38,0xc6,0x3c,0xe7,0xdb,0xde,
    0x1e,0x0d,0x5b,0x0f,0x02,0x00,0xbb,0x04,0xe6,0xc7,0x2a,0x45,0x29,0x92,0x01,0x0e,
    0x02,0x00,0x0a,0xb8,0x06,0x02,0x70,0x11,0x06,0x02,0x00,0x0f,0x7a,0x02,0x65,0x04,
    0x02,0x00,0x02,0xc6,0x28,0x04,0xd0,0x10,0x0f,0xb6,0x06,0x2b,0x53,0x38,0xc6,0x38,
    0xc6,0x18,0xb6,0x06,0x02,0xb4,0x03,0x0f,0x02,0x00,0x69,0x0f,0x5c,0x03,0x01,0x0f,
    0xb8,0x06,0x09,0x1b,0xe3,0xb6,0x48,0x64,0xff,0xff,0x1c,0xe7,0x28,0x42,0x2a,0x13,
    0xff,0x0b,0xc3,0x18,0x61,0x08,0xa2,0x10,0x28,0x42,0xaa,0x52,0x49,0x4a,0x2c,0x63,
    0x14,0xa5,0xd3,0x9c,0x92,0x94,0x18,0xc6,0x3c,0xe7,0xfb,0xde,0xe6,0x09,0xc9,0x0f,
    0x02,0x00,0x65,0x4f,0xdf,0xff,0x79,0xce,0x20,0xed,0x0b,0x02,0x02,0x00,0x08,0xaa,
    0x41,0x2a,0x82,0x10,0xd0,0x04,0x0f,0x28,0x43,0x69,0x02,0x02,0x00,0x02,0x5c,0x03,
    0x51,0x7d,0xef,0x1c,0xe7,0x9a,0x10,0x5e,0x0f,0x02,0x00,0x2d,0x0f,0xb6,0x06,0x75,
    0x0f,0x5c,0x03,0x03,0x0f,0x30,0x45,0x07,0x2e,0xa2,0x10,0xd4,0x7d,0xc2,0xff,0xff,
    0xff,0xff,0xdb,0xde,0x34,0xa5,0xb2,0x94,0x38,0xc6,0x4c,0x0c,0x02,0x14,0x00,0x0f,
    0x02,0x00,0xff,0x4a,0x0f,0x3c,0x0a,0x17,0x02,0x02,0x00,0xac,0xf7,0xbd,0x86,0x31,
    0x20,0x00,0x20,0x00,0xa6,0x31,0x3e,0x0a,0x04,0x26,0x14,0x0f,0x02,0x00,0x67,0x04,
    0x60,0x06,0x0f,0x4a,0x4d,0x33,0x02,0xfc,0x78,0x06,0xb6,0x06,0x04,0x5e,0x00,0x0f,
    0x02,0x00,0x61,0x0f,0xb8,0x06,0x01,0x02,0x24,0xb0,0x04,0xd0,0x0b,0xcf,0xa2,0x10,
    0xa2,0x10,0xa2,0x10,0x08,0x42,0xcb,0x5a,0x51,0x8c,0x72,0x0f,0x1d,0x0f,0x02,0x00,
    0xff,0x78,0x4f,0xdf,0xff,0x9a,0xd6,0x40,0x1b,0x01,0x0f,0x5c,0x03,0x6f,0x06,0x02,
    0x00,0x2f,0x3c,0xe7,0x14,0x5e,0x2d,0x02,0x6c,0x0d,0x0f,0x56,0x7c,0x6d,0x08,0x02,
    0x00,0x0e,0x28,0x14,0xff,0x00,0xff,0xff,0xff,0xff,0xfb,0xde,0x75,0xad,0xd3,0x9c,
    0xd7,0xbd,0xfb,0xde,0x1c,0x5a,0x23,0x30,0x0f,0x02,0x00,0xff,0x86,0x0f,0x5c,0x03,
    0x79,0x02,0x9e,0x7f,0x02,0x20,0x03,0x0f,0x02,0x00,0x21,0x02,0xca,0x10,0x11,0xba,
    0x70,0x86,0x0f,0x5a,0x18,0x71,0x02,0x04,0x15,0x0f,0xfa,0x02,0xff,0x86,0x0f,0x02,
    0x00,0x4f,0x0f,0x5c,0x03,0x79,0x33,0x9e,0xf7,0x5d,0x74,0x61,0x0f,0x5a,0x03,0x19,
    0x04,0x2e,0x00,0x02,0x5a,0x03,0x4f,0x9a,0xd6,0x1c,0xe7,0xa2,0x2b,0x6b,0x0a,0x02,
    0x00,0x0f,0x5c,0x03,0x05,0x0f,0xd6,0x0b,0x1d,0x0f,0x02,0x00,0xff,0xa2,0x0f,0xcc,
    0x10,0x6f,0x08,0x02,0x00,0x2f,0x7d,0xef,0x18,0x0a,0x1d,0x04,0xe6,0x06,0x02,0x5a,
    0x03,0x0f,0x10,0x0a,0x7b,0x02,0x02,0x00,0x0f,0x46,0x03,0xff,0xd2,0x0f,0x02,0x00,
    0x03,0x0f,0x62,0x32,0x6f,0x08,0x02,0x00,0x15,0xbe,0x18,0x0a,0x0f,0xba,0x06,0x15,
    0x04,0x2a,0x00,0x02,0x64,0x03,0x42,0xba,0xd6,0x3c,0xe7,0x86,0x31,0x0f,0x02,0x00,
    0x73,0x0f,0x10,0xe8,0x09,0x0f,0x02,0x00,0xff,0xd0,0x0f,0x5c,0x03,0x7b,0x0f,0x18,
    0x0a,0x1f,0x06,0x5c,0x03,0x0a,0x20,0x14,0x02,0xd8,0x02,0x0f,0x02,0x00,0x6d,0x0f,
    0x5c,0x03,0xff,0xff,0x7f,0x02,0x48,0x1e,0x04,0x34,0x03,0x0f,0x02,0x00,0x0d,0x06,
    0x28,0x00,0x1b,0x79,0x20,0x14,0x0f,0x7e,0x17,0x69,0x04,0x02,0x00,0x0f,0x02,0x54,
    0x01,0x0f,0x02,0x00,0xff,0xd8,0x0f,0xb8,0x06,0x7f,0x1f,0xbe,0x02,0x25,0x1e,0x02,
    0x60,0x03,0x02,0x10,0x0a,0x0f,0x52,0x03,0x71,0x02,0x36,0x07,0x2f,0x7d,0xef,0x1e,
    0x39,0x35,0x0f,0x02,0x00,0xff,0xa6,0x0f,0x5c,0x03,0x7f,0x02,0x78,0x90,0x02,0xa4,
    0x75,0x0f,0xb6,0x06,0x0d,0x02,0x02,0x00,0x02,0x8c,0x9a,0x22,0xfb,0xde,0xce,0x02,
    0x06,0xda,0x02,0x0f,0x02,0x00,0x69,0x0f,0x5c,0x03,0xff,0xff,0x85,0x11,0x7d,0xee,
    0x71,0x02,0xbc,0x2b,0x02,0x3c,0x03,0x0f,0x02,0x00,0x0d,0x2c,0x38,0xc6,0x78,0x46,
    0x02,0xda,0x02,0x0f,0x02,0x00,0x69,0x02,0x82,0x00,0x0f,0xd6,0x3f,0x33,0x0f,0x02,
    0x00,0xff,0x5e,0x0f,0xda,0x15,0x1b,0xac,0xbe,0xf7,0xcf,0x7b,0xc7,0x39,0xe7,0x39,
    0x10,0x84,0x38,0x00,0x0f,0x84,0x17,0x7b,0x02,0x1c,0xdd,0x0f,0xa6,0x75,0x1d,0x24,
    0x38,0xc6,0x6c,0x6b,0x02,0x02,0x00,0x02,0xbc,0x06,0x0f,0x02,0x00,0x6b,0x02,0xc6,
    0x00,0x0f,0x70,0x0d,0x03,0x7f,0x14,0xa5,0x28,0x42,0xc7,0x39,0xcb,0xdc,0x4b,0x6a,
    0x0f,0x02,0x00,0xff,0x0a,0x0c,0x24,0x03,0x0f,0x02,0x00,0x09,0x22,0x7d,0xef,0x32,
    0x2f,0x6a,0x00,0x00,0x00,0x00,0x08,0x42,0x3a,0x00,0x0f,0x5c,0x03,0x83,0x0f,0x5e,
    0x7c,0x1b,0x06,0xf4,0x82,0x02,0x56,0x03,0x02,0x06,0x00,0x0f,0x02,0x00,0x6b,0x0f,
    0x5c,0x03,0x07,0x08,0x7a,0x37,0x0f,0xaa,0x56,0x13,0x4a,0x3c,0xe7,0xdb,0xde,0xb6,
    0x01,0x0f,0x02,0x00,0xff,0x4e,0xbf,0xdf,0xff,0xcf,0x7b,0xe7,0x39,0xc7,0x39,0x8e,
    0x73,0x7d,0xa4,0x3d,0x0c,0x0a,0xfa,0x9b,0x0c,0x7a,0x9a,0x0f,0x84,0x02,0x6b,0x0e,
    0x02,0x00,0x02,0xee,0x05,0x4f,0x5d,0xef,0x9a,0xd6,0x14,0x0a,0x17,0x02,0xf8,0x37,
    0x02,0x3a,0x00,0x02,0x06,0x00,0x0f,0x02,0x00,0x6d,0x0f,0x5c,0x03,0x05,0x32,0x3c,
    0xe7,0x20,0xe5,0x04,0x01,0x02,0x00,0x2f,0xe7,0x39,0x26,0x03,0x0d,0x22,0xb2,0x94,
    0xaa,0x3e,0x42,0xa6,0x31,0x8a,0x52,0x52,0xff,0x2f,0xf3,0x9c,0xa2,0x3e,0x1b,0x0f,
    0x02,0x00,0xf7,0x02,0x90,0x33,0xef,0x38,0xc6,0xd3,0x9c,0xd3,0x9c,0x14,0xa5,0x6d,
    0x6b,0x49,0x4a,0xef,0x7b,0xde,0x04,0x01,0x26,0x9e,0xf7,0x6c,0x4a,0x2f,0x65,0x29,
    0x44,0x2d,0x0b,0x06,0xc8,0x4d,0x0f,0xa4,0x3c,0x01,0x0f,0xe8,0x05,0x73,0x06,0x02,
    0x00,0x02,0x1c,0x03,0x02,0xe6,0x3f,0x0f,0x6a,0x0d,0x0d,0x02,0x02,0x00,0x0c,0xb8,
    0x06,0x0f,0x02,0x00,0x77,0x0e,0xe0,0x1a,0x0a,0x84,0xb1,0x0c,0x68,0x7e,0x0c,0x02,
    0x00,0x0f,0xd0,0x4c,0x03,0x4f,0x61,0x08,0x0c,0x63,0x4c,0x25,0xff,0x0c,0xf8,0x0d,
    0x5d,0xef,0xdb,0xde,0x1c,0xe7,0x59,0xce,0xd3,0x9c,0xd3,0x9c,0xf3,0x9c,0x8e,0x73,
    0x49,0x4a,0x69,0x4a,0x28,0x42,0xe3,0x18,0x82,0x10,0xc3,0x18,0xdc,0x04,0x6c,0x00,
    0x00,0x00,0x00,0x0c,0x63,0x14,0x08,0x22,0x14,0xa5,0x1a,0x00,0x02,0x02,0x00,0x0f,
    0xd0,0xe2,0x0b,0x0a,0xce,0xab,0x0c,0xe6,0x47,0x02,0x02,0x02,0x0f,0x02,0x00,0x73,
    0x02,0xee,0x05,0x04,0x9e,0x46,0x02,0x3a,0x03,0x0f,0x02,0x00,0x0f,0x62,0x38,0xc6,
    0x38,0xc6,0x9a,0xd6,0x7a,0x46,0x0f,0x10,0x0a,0x71,0x04,0x02,0x00,0x0f,0x5a,0x57,
    0x01,0x0a,0x66,0x82,0x0f,0x94,0x52,0x0b,0x0f,0x48,0x39,0x09,0x2c,0xeb,0x5a,0x88,
    0x03,0xaa,0xff,0xff,0x96,0xb5,0x69,0x4a,0x86,0x31,0x69,0x4a,0x1a,0x40,0x0f,0x02,
    0x00,0xcb,0x62,0xdb,0xde,0xdb,0xde,0x3c,0xe7,0x3a,0x47,0xe4,0xf3,0x9c,0x6d,0x6b,
    0x49,0x4a,0x8a,0x52,0x69,0x4a,0xc3,0x18,0x41,0x08,0xc8,0x33,0x0f,0x02,0x00,0x0f,
    0x0c,0x5a,0x73,0x0a,0xca,0xaf,0x0f,0xce,0x51,0x0b,0x0a,0x62,0x79,0x0c,0xa2,0x7f,
    0x0f,0x90,0x02,0x79,0x02,0xb4,0x06,0x02,0xb6,0x06,0x0f,0x54,0x03,0x0f,0x02,0x02,
    0x00,0x02,0xee,0x24,0x06,0x7c,0x46,0x04,0x44,0x00,0x0f,0x02,0x00,0x6d,0x02,0x28,
    0x04,0x0c,0x60,0x06,0x19,0xdf,0xa6,0x89,0x0c,0x76,0x7a,0x0a,0x02,0x00,0x0a,0x40,
    0x05,0x0c,0x02,0x00,0x0c,0x1a,0x0a,0x08,0x2e,0x00,0x0c,0xf8,0x0b,0x0f,0x02,0x00,
    0xb9,0x02,0x68,0xf1,0xec,0xeb,0x5a,0x49,0x4a,0x69,0x4a,0xe7,0x39,0x82,0x10,0x82,
    0x10,0xa2,0x10,0x8c,0x06,0x0f,0x02,0x00,0x1b,0x0c,0xca,0x49,0x0a,0x2e,0x08,0x0f,
    0xc6,0x04,0x01,0x08,0x02,0x00,0x04,0x6a,0x86,0x2e,0x41,0x08,0x0c,0x62,0x0f,0x8c,
    0x46,0x6f,0x04,0x1e,0x14,0x02,0x0a,0x00,0x06,0xb6,0x06,0x0f,0x14,0x0a,0x15,0x02,
    0x02,0x00,0x04,0xe2,0x1a,0x0a,0x2c,0x04,0x06,0x56,0x00,0x0f,0x02,0x00,0x5f,0x0f,
    0x6e,0x61,0x03,0x33,0xba,0xd6,0x24,0x50,0xe4,0x2f,0x69,0x4a,0xf4,0x53,0x05,0x02,
    0x02,0x00,0x0f,0x88,0x90,0x0b,0x0a,0xa6,0x3c,0x26,0xbe,0xf7,0xb0,0x52,0x0f,0x10,
    0x07,0x0d,0x0f,0x02,0x00,0x01,0x4c,0x3c,0xe7,0x18,0xc6,0xae,0x03,0x0f,0x02,0x00,
    0x81,0x2f,0x10,0x84,0x90,0x06,0x17,0x0f,0x02,0x00,0x15,0x0c,0x0c,0x55,0x0a,0x54,
    0x54,0x0f,0x32,0x43,0x0d,0x64,0xff,0xff,0x9a,0xd6,0xd3,0x9c,0xc6,0x62,0x0a,0x60,
    0x0a,0x0f,0x5c,0x03,0x73,0x06,0x14,0x03,0x11,0x7d,0xca,0x89,0x0f,0x66,0x57,0x21,
    0x06,0x60,0x32,0x0f,0xbc,0x06,0x73,0x0e,0x6e,0x0d,0x02,0x02,0x00,0x6f,0x9e,0xf7,
    0x14,0xa5,0x92,0x94,0xb4,0x01,0x0f,0x2f,0x5d,0xef,0x52,0x64,0x07,0x2a,0x41,0x08,
    0xe0,0x3f,0x24,0xba,0xd6,0x58,0x43,0x02,0x8e,0x4d,0x1f,0xdb,0x32,0xa7,0x1a,0xaf,
    0x30,0x84,0xa2,0x10,0x00,0x00,0x20,0x00,0x69,0x4a,0x7c,0x43,0x8b,0x0a,0x96,0x13,
    0x0f,0x02,0x00,0x35,0x0c,0x42,0x46,0x44,0xff,0xff,0x14,0xa5,0x22,0x65,0x22,0x30,
    0x84,0xb4,0x01,0x0f,0x02,0x00,0x23,0x0f,0x5c,0x03,0x77,0x02,0x64,0x32,0x15,0xdb,
    0xfc,0xa7,0x0f,0x02,0x00,0x1f,0x06,0x5e,0x03,0x0f,0x60,0x03,0x71,0x0f,0x5c,0x03,
    0x05,0x0f,0x02,0x00,0x17,0x28,0x18,0xc6,0x8e,0x06,0x08,0x02,0x00,0x0c,0xfc,0x89,
    0x2a,0x1c,0xe7,0x5c,0x03,0x0a,0x7a,0x03,0x0f,0x02,0x00,0x0b,0x08,0x08,0x51,0x2c,
    0xe7,0x39,0xc6,0x0a,0x0f,0x02,0x00,0x77,0x0f,0x42,0x68,0x0b,0x0f,0x02,0x00,0x25,
    0x2f,0xa6,0x31,0x0a,0x14,0x01,0x11,0xba,0x8c,0x06,0x0f,0x5e,0x68,0x2d,0x2f,0xdf,
    0xff,0xe6,0x05,0x67,0x0a,0xb2,0x09,0x02,0xbe,0x35,0x0f,0x0c,0x0a,0x1d,0x0a,0x02,
    0x00,0x04,0xca,0xb8,0x35,0xbe,0xf7,0xbe,0x0e,0x07,0x0f,0xe0,0x00,0x63,0x02,0x76,
    0x00,0x0f,0x9a,0x02,0x2d,0x44,0x9e,0xf7,0xb2,0x94,0x64,0x61,0x04,0xaa,0x64,0x2c,
    0x24,0x21,0x5a,0x03,0x0c,0xe0,0x5a,0x0e,0x54,0x86,0x0f,0x02,0x00,0x09,0x08,0x02,
    0x0e,0x2f,0x00,0x00,0x50,0x02,0x2d,0x0f,0x02,0x00,0x47,0x2f,0x5d,0xef,0x1c,0x5f,
    0x39,0x8f,0x41,0x08,0xe3,0x18,0xa6,0x31,0x51,0x8c,0x4c,0x04,0x49,0x0f,0x52,0x28,
    0x5f,0x02,0x76,0x02,0x04,0x5c,0x06,0x22,0x7d,0xef,0xb8,0x35,0x28,0x3c,0xe7,0xba,
    0x5a,0x04,0xa2,0x10,0x0f,0x02,0x00,0x1b,0x02,0x36,0x00,0x02,0xd6,0x3f,0x04,0x62,
    0x00,0x02,0x08,0x00,0x0f,0x02,0x00,0x5f,0x0f,0x26,0x14,0x01,0x0f,0x02,0x00,0x27,
    0x02,0x2e,0x04,0x6f,0x79,0xce,0x34,0xa5,0x38,0xc6,0x0e,0x02,0x03,0x15,0x5d,0x66,
    0xfa,0x2f,0xe7,0x39,0xda,0x09,0x19,0x2a,0xbe,0xf7,0x54,0x5d,0x0f,0x42,0x68,0x0b,
    0x0f,0x02,0x00,0x6b,0x0a,0xaa,0x00,0x0f,0x02,0x00,0x15,0xf2,0x01,0x20,0x00,0x24,
    0x21,0x24,0x21,0x04,0x21,0x8a,0x52,0xae,0x73,0x0c,0x63,0x8e,0x73,0xa6,0x6c,0x2f,
    0x79,0xce,0x18,0x1e,0x0d,0x0f,0x02,0x00,0x31,0x0c,0x40,0x06,0x0f,0x02,0x00,0x4f,
    0x02,0xf2,0x02,0x02,0x06,0x00,0x02,0xb0,0x06,0x24,0xfb,0xde,0xd4,0x93,0x02,0x02,
    0x00,0x0f,0x54,0x03,0x1b,0x06,0x02,0x00,0x02,0x5e,0x03,0x15,0x79,0x60,0x03,0x04,
    0xbe,0x06,0x0f,0x02,0x00,0x5f,0x0f,0xca,0x10,0x03,0x0f,0x02,0x00,0x4b,0x4f,0xb6,
    0xb5,0x71,0x8c,0x1c,0x03,0x1f,0x28,0xe7,0x39,0xa6,0x02,0x0c,0x48,0x16,0x0f,0x02,
    0x00,0x79,0x08,0x0c,0x15,0x0f,0x02,0x00,0x03,0x04,0x46,0x03,0xf1,0x00,0x8e,0x73,
    0x2c,0x63,0xae,0x73,0x34,0xa5,0xd7,0xbd,0x96,0xb5,0x79,0xce,0xbe,0x2e,0x13,0x0f,
    0xca,0x00,0x03,0x0f,0x0c,0x7a,0x1f,0x0f,0x02,0x00,0x19,0x0f,0x72,0x0d,0x65,0x02,
    0xb4,0x06,0x04,0x9a,0x50,0x02,0x50,0x03,0x0f,0x5a,0x03,0x2b,0x08,0x02,0x00,0x0f,
    0xd0,0x35,0x6d,0x0f,0x6e,0x0d,0x2f,0x0f,0x02,0x00,0x55,0x08,0xec,0x57,0x1f,0xaa,
    0x5a,0x60,0x0a,0x0f,0x02,0x00,0x6f,0x42,0x14,0xa5,0x86,0x31,0x72,0x17,0xf2,0x07,
    0x65,0x29,0x86,0x31,0x24,0x21,0x69,0x4a,0x8e,0x73,0x2c,0x63,0x6d,0x6b,0x55,0xad,
    0xf7,0xbd,0x75,0xad,0x38,0xc6,0x5c,0xd6,0x0f,0xa8,0x00,0x6f,0x04,0x02,0x00,0x0f,
    0x72,0x0d,0x61,0x02,0x10,0x0d,0x13,0x5d,0x0a,0x0a,0x02,0x5a,0x03,0x02,0x58,0x03,
    0x02,0x64,0x03,0x0f,0x02,0x00,0x2f,0x02,0x8a,0x3c,0x31,0xdb,0xde,0x5d,0x74,0x0a,
    0x02,0xba,0x04,0x0f,0xbe,0x06,0x59,0x0f,0x5c,0x03,0x43,0x0f,0x38,0x02,0x43,0xaa,
    0x14,0xa5,0x65,0x29,0x82,0x10,0xc3,0x18,0x4d,0x6b,0x44,0x16,0x0f,0x02,0x00,0x83,
    0x71,0x9a,0xd6,0x75,0xad,0x38,0xc6,0xbe,0x48,0x60,0x0f,0xa2,0x00,0x2d,0x0f,0xf0,
    0x00,0x4f,0x02,0x0a,0x02,0x0f,0x02,0x00,0x59,0x02,0xa4,0xae,0x04,0x0a,0x0a,0x02,
    0x4a,0x03,0x0a,0x58,0x03,0x04,0x16,0x00,0x0f,0x02,0x00,0x25,0x02,0xaa,0x03,0x06,
    0x06,0xcd,0x0f,0x1e,0x0a,0x5f,0x0f,0x18,0x0d,0x03,0x0f,0x02,0x00,0x27,0x8f,0x51,
    0x8c,0xa6,0x31,0x24,0x21,0xaa,0x52,0xb6,0x09,0x41,0x4f,0xdf,0xff,0x1c,0xe7,0xaa,
    0x02,0x2f,0x0f,0x02,0x00,0x9b,0x8e,0x9a,0xd6,0xeb,0x5a,0x45,0x29,0xa6,0x31,0x84,
    0x17,0x0f,0x02,0x00,0x39,0x04,0x2e,0xff,0x0f,0x02,0x00,0x43,0x04,0x30,0x06,0x06,
    0xb2,0x13,0x06,0x62,0x0d,0x0f,0x3a,0x03,0x07,0x0f,0x5c,0x03,0x2b,0x06,0xa8,0x03,
    0x02,0xc4,0x5a,0x04,0x24,0xd7,0x02,0x88,0x0a,0x0f,0x02,0x00,0x53,0x0f,0x14,0x05,
    0x3b,0x06,0x5c,0x68,0x2f,0x41,0x08,0x5e,0x03,0x41,0x0f,0x02,0x00,0xdd,0x26,0x9a,
    0xd6,0x76,0x14,0x1f,0xcb,0x42,0x26,0x00,0x0f,0x02,0x00,0x35,0x0f,0xae,0x99,0x4b,
    0x0a,0xd0,0x02,0x0f,0x58,0x03,0x11,0x0f,0x02,0x00,0x3b,0x02,0x98,0x3c,0x33,0xdb,
    0xde,0x3c,0x60,0x03,0x02,0x92,0x00,0x04,0xf2,0x03,0x0f,0x02,0x00,0x41,0x02,0x5c,
    0x00,0x0f,0x5c,0x03,0x39,0x0a,0x88,0x28,0x0f,0x16,0x0d,0x8d,0x0f,0x02,0x00,0x91,
    0x19,0x0c,0x08,0x6d,0x0a,0xe6,0x22,0x0f,0x02,0x00,0x21,0x3f,0x75,0xad,0xae,0x64,
    0xe4,0x02,0x0f,0x88,0x17,0x47,0x02,0xac,0x06,0x02,0xca,0x02,0x02,0xf6,0x0c,0x04,
    0x8c,0xdd,0x02,0xf4,0x02,0x0f,0x02,0x00,0x55,0x04,0x60,0x03,0x2f,0x5d,0xef,0x1c,
    0x0a,0x51,0x0f,0x80,0x17,0x05,0x6f,0xba,0xd6,0x51,0x8c,0x8e,0x73,0x82,0xcb,0x21,
    0x08,0xe0,0x1d,0x0e,0x6a,0x85,0x0e,0x02,0x00,0x8f,0xdf,0xff,0x59,0xce,0x34,0xa5,
    0xd7,0xbd,0xce,0xb7,0x55,0x0f,0x02,0x00,0x9d,0x0a,0xd8,0x29,0x0e,0xb0,0x2b,0x0f,
    0x02,0x00,0x1d,0x06,0xaa,0x03,0x0c,0x0c,0x2f,0x0f,0x5c,0x03,0x49,0x06,0x18,0x06,
    0x64,0x7d,0xef,0x5d,0xef,0xfb,0xde,0xe4,0xa7,0x0f,0xf4,0x09,0x2b,0x0f,0x02,0x00,
    0x21,0x02,0x7e,0x0d,0x24,0x1c,0xe7,0xea,0x03,0x02,0x04,0x03,0x06,0xa0,0x00,0x0f,
    0x02,0x00,0x37,0x0f,0x5c,0x03,0x03,0x24,0xf7,0xbd,0x4a,0x23,0x2f,0x45,0x29,0x38,
    0x21,0x19,0x0e,0x5c,0x28,0x1f,0xc7,0xf8,0x35,0x0c,0x17,0x38,0xb2,0x78,0x24,0x24,
    0x21,0x3e,0x97,0x0f,0x74,0x00,0x1d,0x0f,0x02,0x00,0xcb,0x0a,0x7a,0x18,0x0f,0xde,
    0x2c,0x2b,0x28,0x55,0xad,0x12,0x18,0x0c,0x14,0x36,0x02,0x10,0x02,0x0f,0x5e,0x02,
    0x37,0x02,0x02,0x00,0x08,0xc6,0x02,0x26,0x3c,0xe7,0x58,0x03,0x0f,0x02,0x00,0x5f,
    0x04,0xca,0x03,0x02,0x7e,0x0d,0x13,0x3c,0xd8,0x5a,0x02,0xa0,0x00,0x0f,0x02,0x00,
    0x3f,0x0f,0x5c,0x03,0x01,0x19,0x9e,0x4e,0x2b,0x0c,0x7c,0x2d,0x0f,0x02,0x00,0x0d,
    0x19,0x7d,0x5c,0x28,0x0c,0xfc,0x73,0x0a,0x02,0x00,0x2f,0x3c,0xe7,0x88,0x28,0x03,
    0xaf,0xa2,0x10,0x49,0x4a,0xae,0x73,0x34,0xa5,0x38,0xc6,0x66,0x03,0xb3,0xec,0x7d,
    0xef,0x79,0xce,0x34,0xa5,0x30,0x84,0xeb,0x5a,0x8a,0x52,0xae,0x73,0x18,0xb2,0x0f,
    0x02,0x00,0x0d,0x08,0x2c,0x1b,0x2f,0xa2,0x10,0x6e,0x1f,0x19,0x0e,0x02,0x00,0x0a,
    0x3e,0x72,0x0c,0x36,0x23,0x1f,0xbe,0x68,0x02,0x42,0x02,0x54,0x00,0x55,0x7d,0xef,
    0x5d,0xef,0x1c,0x76,0x21,0x04,0xe6,0x02,0x0f,0x02,0x00,0x5b,0x04,0x36,0x14,0x02,
    0x0a,0x00,0x28,0x9a,0xd6,0x7e,0x0d,0x0f,0x02,0x00,0x3f,0x0f,0x5c,0x03,0x01,0x0a,
    0x16,0x39,0x2f,0xa2,0x10,0x4e,0x17,0x01,0x0f,0x5a,0x14,0x09,0x24,0x38,0xc6,0x40,
    0x2f,0x2e,0x4d,0x6b,0xde,0x01,0x08,0x02,0x00,0x28,0xd3,0x9c,0x46,0x05,0x0f,0x02,
    0x00,0x01,0x6f,0x82,0x10,0xc7,0x39,0xef,0x7b,0x18,0x14,0xa1,0xc4,0x5d,0xef,0x79,
    0xce,0x55,0xad,0x51,0x8c,0x2c,0x63,0x28,0x42,0x10,0x01,0x04,0x02,0x00,0x0f,0xf0,
    0x13,0x1d,0x22,0xae,0x73,0x2a,0x1b,0x2f,0x24,0x21,0x6e,0x0d,0x2d,0x0a,0x5c,0x03,
    0x0c,0x3a,0x34,0x0f,0x16,0x0a,0x43,0x02,0x5c,0x03,0x31,0x5d,0xef,0xdb,0x0a,0x0a,
    0x0f,0x02,0x00,0x6d,0x06,0x60,0x03,0x5f,0x59,0xce,0x79,0xce,0xba,0xa2,0xe4,0x48,
    0x0f,0x5c,0x03,0x01,0x0a,0x46,0x37,0x0e,0xb0,0xae,0x8f,0xd7,0xbd,0x49,0x4a,0x45,
    0x29,0xa6,0x31,0xe8,0x3a,0x07,0x6c,0x7d,0xef,0x55,0xad,0xf3,0x9c,0x42,0x6d,0x0e,
    0x02,0x00,0x08,0xee,0xb1,0x0f,0x02,0x00,0x09,0x2f,0x04,0x21,0x16,0x85,0x03,0x0f,
    0x02,0x00,0x7d,0x11,0x7d,0x50,0x03,0x6f,0x30,0x84,0x2c,0x63,0xc7,0x39,0xb8,0x8a,
    0x0b,0x0c,0x8e,0x09,0x0f,0x02,0x00,0x0d,0x6f,0xba,0xd6,0x55,0xad,0x96,0xb5,0xe6,
    0x04,0x01,0x04,0x02,0x00,0x2f,0xbe,0xf7,0x1e,0x00,0x09,0x04,0x02,0x00,0x0a,0x0e,
    0x0f,0x0e,0x9c,0x3a,0x0f,0xba,0x06,0x39,0x04,0xbe,0x10,0x08,0x48,0xee,0x02,0x90,
    0x09,0x0f,0x02,0x00,0x79,0x13,0x79,0x30,0x54,0x04,0xb0,0x00,0x0f,0x14,0x0b,0x3b,
    0x04,0x78,0x01,0x04,0x02,0x00,0x19,0x7d,0x6a,0x2a,0x0c,0x34,0x34,0x08,0x1c,0x21,
    0x0c,0x6e,0xc2,0x0f,0x02,0x00,0x1d,0x0f,0xf8,0x35,0x0b,0x08,0x02,0x00,0x0f,0x9a,
    0x0a,0x03,0x4f,0x9e,0xf7,0x59,0xce,0x42,0x07,0x09,0x0f,0x02,0x00,0x53,0x8f,0xfb,
    0xde,0x75,0xad,0x71,0x8c,0x0c,0x63,0x7a,0xae,0x0d,0x08,0x02,0x00,0x0f,0xac,0x94,
    0x0d,0x0f,0x02,0x00,0x0d,0x06,0xda,0x15,0xef,0xbe,0xf7,0xba,0xd6,0xd3,0x9c,0x49,
    0x4a,0x45,0x29,0x24,0x21,0xa6,0x31,0x6a,0x32,0x0d,0x17,0xdf,0x3e,0xb9,0x0c,0x50,
    0x7c,0x04,0xa2,0x03,0x0f,0x02,0x00,0x35,0x04,0xa8,0x02,0x4f,0x5d,0xef,0xdb,0xde,
    0xc4,0x1a,0x09,0x0f,0x02,0x00,0x6d,0x02,0x0c,0x40,0x02,0x54,0x68,0x02,0xb2,0x00,
    0x0f,0x02,0x00,0x35,0x0f,0x9c,0x02,0x01,0x22,0x96,0xb5,0x84,0x08,0x3d,0x00,0x00,
    0x04,0xf2,0x84,0x06,0x8a,0x4b,0x3f,0x00,0x00,0x00,0x7e,0x35,0x1c,0x0c,0x02,0x00,
    0x2a,0xbe,0xf7,0xa8,0x0f,0x0f,0x02,0x00,0x07,0x0e,0xb0,0x43,0xff,0x05,0x5d,0xef,
    0x4d,0x6b,0x24,0x21,0x00,0x00,0x86,0x31,0x28,0x42,0x69,0x4a,0x10,0x84,0xb2,0x94,
    0xd7,0xbd,0x8e,0x00,0x2b,0x0f,0x02,0x00,0x21,0x44,0x3c,0xe7,0x0c,0x63,0xf8,0x11,
    0x0f,0x02,0x00,0x19,0x0c,0xa4,0x13,0x0f,0x02,0x00,0x21,0x64,0x3c,0xe7,0x75,0xad,
    0xeb,0x5a,0x74,0x30,0x04,0x02,0x00,0x0f,0x88,0x0b,0x0d,0x8f,0xff,0xff,0xd3,0x9c,
    0xeb,0x5a,0x0c,0x63,0x14,0x11,0x03,0x0f,0x4e,0x4d,0x35,0x04,0x00,0x07,0x06,0x32,
    0x32,0x22,0x38,0xc6,0x90,0x09,0x0f,0x4a,0x03,0x6d,0x04,0x02,0x00,0x02,0x92,0x00,
    0x04,0x02,0x00,0x02,0x18,0x25,0x0f,0x5a,0x03,0x3b,0x0f,0xdc,0x1a,0x05,0x7d,0x59,
    0xce,0xae,0x73,0x0c,0x63,0x10,0x62,0x8c,0x0a,0xaa,0x10,0x0f,0x8c,0x2e,0x2f,0x26,
    0x7d,0xef,0x16,0xa8,0x0f,0x02,0x00,0x09,0x0c,0x5c,0x03,0x0f,0xd6,0xd9,0x03,0x4f,
    0x41,0x08,0x28,0x42,0x2a,0x10,0x1d,0x0f,0x02,0x00,0x29,0x24,0x9e,0xf7,0xe6,0x14,
    0x0f,0x02,0x00,0x1d,0x0f,0x14,0x0a,0x1d,0x0e,0x02,0x00,0x26,0xb2,0x94,0x52,0x1e,
    0x0a,0x02,0x00,0x0f,0x76,0x75,0x01,0x0f,0x02,0x00,0x17,0x0f,0xbc,0x05,0x37,0x02,
    0xec,0x67,0x02,0x6e,0x17,0x0f,0x54,0x03,0x77,0x0f,0x02,0x00,0x03,0x4f,0x38,0xc6,
    0x59,0xce,0x3a,0xfc,0x37,0x02,0xa4,0x03,0x0f,0xb6,0x06,0x01,0x0f,0x02,0x00,0x09,
    0x0a,0x92,0x3f,0x0f,0x24,0x02,0x31,0xcf,0xff,0xff,0xdb,0xde,0xd3,0x9c,0xcf,0x7b,
    0xeb,0x5a,0x65,0x29,0x02,0x06,0x07,0x0c,0x9a,0x0a,0x04,0xfc,0x41,0x0f,0x02,0x00,
    0x01,0x0f,0xb8,0x02,0x2f,0x0f,0x02,0x00,0x15,0x0f,0xfc,0xbc,0x17,0x0a,0x02,0x00,
    0x2f,0x8e,0x73,0x62,0x00,0x15,0x0f,0x02,0x00,0x05,0x0f,0x00,0x01,0x09,0x0f,0x98,
    0xa5,0x2b,0x04,0x72,0x06,0x0f,0x02,0x00,0x2b,0x02,0x5e,0x02,0x02,0x5c,0x9a,0x0f,
    0x58,0x03,0x8d,0x02,0xc4,0x06,0x04,0x98,0x17,0x0f,0xf8,0x00,0x2b,0x02,0x02,0x00,
    0x02,0xfe,0x00,0x1f,0xdf,0xbd,0x01,0x05,0x0f,0x02,0x00,0x06,0x26,0xef,0x7b,0x28,
    0x02,0x2f,0xa6,0x31,0x9c,0x03,0x0d,0x8e,0x3c,0xe7,0xb6,0xb5,0x55,0xad,0xf7,0xbd,
    0xd6,0x0d,0x0e,0x02,0x00,0x44,0xdf,0xff,0xdb,0xde,0x5c,0xc6,0x0a,0x6c,0x42,0x2c,
    0xc3,0x18,0x22,0x43,0x0a,0x6e,0x4f,0x0a,0x02,0x00,0x0f,0x76,0xeb,0x57,0x0a,0x98,
    0x4c,0x0f,0x02,0x00,0x11,0x42,0xa2,0x10,0x28,0x42,0x8e,0x09,0x0f,0x7a,0x01,0x1f,
    0x06,0x02,0x00,0x0a,0x3c,0x52,0x0c,0x02,0x00,0x0f,0x5c,0x04,0x2b,0x0f,0x2c,0x14,
    0x33,0x44,0x7d,0xef,0x7d,0xef,0xe0,0xe0,0x0f,0x02,0x00,0x95,0x02,0xbc,0x06,0x02,
    0x78,0x0d,0x0f,0x02,0x00,0x2b,0x02,0x5c,0x03,0x06,0xb0,0x01,0x0f,0x02,0x00,0x15,
    0x15,0xdf,0xd8,0x02,0x2f,0xa6,0x31,0xbe,0x13,0x0d,0x06,0xb8,0x08,0x6f,0x24,0x21,
    0x4d,0x6b,0xf3,0x9c,0x30,0x00,0x0d,0x06,0x02,0x00,0xee,0xfb,0xde,0xf7,0xbd,0x92,
    0x94,0x4d,0x6b,0x69,0x4a,0xaa,0x52,0xef,0x7b,0x38,0x00,0x2c,0x6d,0x6b,0x52,0x02,
    0x06,0x02,0x00,0x0c,0xbe,0xa0,0x0f,0x02,0x00,0x47,0x0a,0x68,0x49,0x0f,0x02,0x00,
    0x05,0xcf,0xc3,0x18,0xc7,0x39,0xaa,0x52,0x10,0x84,0x55,0xad,0x38,0xc6,0x9e,0x1a,
    0x1b,0x4f,0x9e,0xf7,0xd7,0xbd,0x38,0xb3,0x01,0x0a,0xca,0x15,0x0a,0x02,0x00,0x2f,
    0x65,0x29,0xf0,0x04,0x0d,0x0f,0x02,0x00,0x0d,0x0f,0xb4,0x2b,0x2b,0x02,0x58,0x02,
    0x04,0x26,0xab,0x0f,0x02,0x00,0x93,0x22,0x38,0xc6,0xa8,0x00,0x02,0xf0,0x89,0x0f,
    0x58,0x03,0x2b,0x02,0xfc,0x00,0x0e,0x38,0x4d,0x0f,0x02,0x00,0x15,0x4f,0x59,0xce,
    0x75,0xad,0x6a,0x19,0x0f,0x08,0x52,0x14,0x02,0x02,0x00,0x4f,0x61,0x08,0xc7,0x39,
    0xb6,0xfb,0x33,0x0a,0xb6,0x28,0x0a,0x02,0x00,0x0f,0x68,0x25,0x0f,0x0f,0x02,0x00,
    0x35,0x08,0x10,0x89,0x0a,0x02,0x00,0xce,0xc3,0x18,0xa6,0x31,0xcb,0x5a,0xcf,0x7b,
    0x14,0xa5,0x18,0xc6,0x1a,0x04,0x0f,0x02,0x00,0x13,0x22,0x18,0xc6,0xbe,0x3c,0x4a,
    0x41,0x08,0x92,0x94,0x32,0x00,0x0f,0x78,0x00,0x07,0x2c,0x86,0x31,0xe2,0x07,0x0f,
    0x02,0x00,0x1f,0x0f,0xd0,0x10,0x2b,0x15,0x7d,0xd0,0xfe,0x06,0x06,0xc6,0x0f,0x02,
    0x00,0x8d,0x06,0x5c,0x03,0x0f,0x14,0x9e,0x37,0x0f,0x98,0x08,0x29,0x0f,0x02,0x00,
    0x0f,0x0a,0xa8,0x1c,0x08,0x02,0x00,0x6f,0x04,0x21,0xaa,0x52,0xf3,0x9c,0xd0,0xc9,
    0x13,0x0f,0x02,0x00,0x05,0x2f,0x55,0xad,0xd4,0x21,0x03,0x0f,0x0c,0x22,0x0d,0x0f,
    0x02,0x00,0x3b,0x08,0x86,0x00,0xbf,0xc3,0x18,0xc7,0x39,0xcb,0x5a,0x10,0x84,0x55,
    0xad,0x59,0x52,0xb6,0x10,0x0f,0x02,0x00,0x0d,0x0a,0xe4,0xae,0x2a,0x75,0xad,0x30,
    0x00,0x1d,0x08,0x18,0xa5,0x5d,0x82,0x10,0xaa,0x52,0x92,0x46,0xd8,0x0f,0x02,0x00,
    0x23,0x08,0x22,0x03,0x0f,0x02,0x00,0x1d,0x04,0x5c,0x03,0x44,0x7d,0xef,0xdb,0xde,
    0xb4,0x02,0x0f,0x02,0x00,0x8d,0x04,0xa8,0x00,0x0f,0x5c,0x03,0x33,0x0f,0x10,0x39,
    0x43,0x0a,0x02,0x00,0x08,0x78,0xdd,0x0f,0x02,0x00,0x03,0x4f,0xa6,0x31,0x8e,0x73,
    0x52,0x46,0x27,0xa6,0x5d,0xef,0x14,0xa5,0xae,0x73,0x28,0x42,0xa6,0x31,0x66,0x03,
    0x1d,0x20,0x6c,0x20,0x0f,0x02,0x00,0x4d,0x9f,0x3c,0xe7,0xb6,0xb5,0x30,0x84,0xd3,
    0x9c,0x18,0xa0,0x25,0x08,0x0f,0xc4,0x04,0x21,0x19,0xb2,0x28,0x11,0x0c,0xb4,0x47,
    0x35,0x1c,0xe7,0x28,0x5e,0x03,0x1f,0xc7,0xea,0xe0,0x0e,0x0f,0x02,0x00,0x1d,0x0f,
    0x16,0x0a,0x29,0x04,0xb8,0x06,0x0f,0x5c,0x03,0xeb,0x0f,0x72,0x01,0x1d,0x0f,0x02,
    0x00,0x1d,0x0f,0x14,0x0d,0x09,0x08,0x02,0x00,0x0f,0x74,0x28,0x0b,0x0f,0x02,0x00,
    0x03,0x0a,0xae,0x02,0x8f,0x1c,0xe7,0x18,0xc6,0xf7,0xbd,0x10,0x84,0x5c,0xda,0x69,
    0x0f,0x02,0x00,0x3d,0x0a,0x0a,0x14,0x0f,0xa0,0x11,0x01,0x6f,0x59,0xce,0x96,0xb5,
    0x96,0xb5,0x22,0x37,0x43,0x04,0xf8,0x1d,0x0f,0x02,0x00,0x27,0x04,0x5c,0x03,0x04,
    0x14,0x06,0x0f,0x02,0x00,0x95,0x0f,0x70,0x0d,0x31,0x0a,0x9e,0x02,0x0f,0x02,0x00,
    0x41,0x0a,0x82,0x9c,0x0f,0x02,0x00,0x09,0x0e,0x7c,0x23,0x0f,0x02,0x00,0xef,0x19,
    0x96,0x2a,0xd5,0x0f,0x12,0x1e,0x0f,0x0f,0x02,0x00,0x21,0x8e,0xbe,0xf7,0x38,0xc6,
    0x96,0xb5,0x96,0xb5,0xf8,0x50,0x0f,0xba,0x06,0x29,0x02,0x02,0x00,0x31,0x7d,0xef,
    0xba,0xe0,0x67,0x0f,0x5c,0x03,0x99,0x02,0xe0,0xae,0x02,0xc0,0x00,0x0f,0x02,0x00,
    0x25,0x0f,0xc6,0x10,0x05,0x4f,0x18,0xc6,0x55,0xad,0xa4,0x09,0x27,0x0e,0x02,0x00,
    0x2f,0x9a,0xd6,0x78,0x21,0x13,0x0c,0xf2,0x08,0x0f,0x02,0x00,0xf1,0x17,0xdf,0x54,
    0x0b,0x2f,0x82,0x10,0xa2,0x10,0x2f,0x0c,0x02,0x00,0x44,0xbe,0xf7,0xd3,0x9c,0x44,
    0x2c,0x2c,0xc3,0x18,0xde,0x04,0x0f,0xd0,0x10,0x2b,0x02,0x2c,0x13,0x0f,0x5c,0x03,
    0x99,0x02,0x02,0x04,0x0f,0x5c,0x03,0x27,0x06,0x0a,0x0b,0x1f,0x7d,0x46,0xc1,0x00,
    0x24,0x5d,0xef,0x08,0x03,0x2f,0xcb,0x5a,0xd4,0x06,0x39,0x6a,0x38,0xc6,0x51,0x8c,
    0x08,0x42,0xb0,0x1a,0x0c,0x02,0x00,0x0e,0xde,0x6b,0x8f,0x59,0xce,0xae,0x73,0xcb,
    0x5a,0xcf,0x7b,0x64,0x32,0xb3,0x0f,0x02,0x00,0x23,0xac,0xbe,0xf7,0x4d,0x6b,0x24,
    0x21,0x04,0x21,0x69,0x4a,0x76,0x64,0x0f,0x02,0x00,0x2d,0x44,0xfb,0xde,0xcf,0x7b,
    0xec,0x5f,0x02,0x02,0x00,0x0e,0x3c,0x5c,0x04,0x92,0x56,0x0f,0x02,0x00,0x21,0x02,
    0x6a,0x02,0x02,0x5c,0x03,0x02,0x02,0x00,0x02,0xbc,0x02,0x0f,0x02,0x00,0x85,0x02,
    0x3a,0x1e,0x02,0x02,0x00,0x0f,0x14,0x0a,0x23,0x04,0x44,0x0b,0x0f,0xb6,0x06,0x01,
    0x26,0xdf,0xff,0x1c,0x0f,0x0f,0x38,0x20,0x31,0x0c,0x02,0x00,0x73,0xfb,0xde,0xd3,
    0x9c,0x2c,0x63,0xa6,0x56,0x4c,0x0c,0x02,0x00,0x0c,0xf2,0x08,0x24,0xd7,0xbd,0xd8,
    0x5a,0x4c,0xe3,0x18,0x9a,0xd6,0x4c,0x00,0x0f,0x02,0x00,0xd9,0x0f,0xde,0x2e,0x13,
    0x0f,0x02,0x00,0x19,0x4f,0x3c,0xe7,0x8e,0x73,0x00,0x23,0x01,0x0e,0xe6,0x2b,0x04,
    0x24,0x03,0x0f,0x02,0x00,0x25,0x1f,0xdb,0x84,0x17,0x96,0x04,0x02,0x00,0x0f,0x28,
    0x14,0x2d,0x0f,0xb6,0x06,0x03,0x0a,0x32,0x19,0x0f,0xb4,0x35,0x03,0x0f,0x02,0x00,
    0x31,0x6a,0x9a,0xd6,0xb2,0x94,0xaa,0x52,0xdc,0x01,0x2a,0x82,0x10,0x64,0x2b,0x28,
    0x9e,0xf7,0x92,0xf0,0x0e,0xd4,0x06,0x0f,0x02,0x00,0xff,0x2a,0x2f,0x9a,0xd6,0xb8,
    0x5f,0x15,0x0f,0x18,0x0a,0x2f,0x0c,0x76,0xd3,0x0f,0xbc,0x06,0x8b,0x04,0xbe,0x06,
    0x0f,0xf6,0x24,0x27,0x02,0xbc,0x06,0x0e,0x9e,0x02,0x0a,0xea,0x1f,0x1b,0x61,0x7c,
    0x64,0x0f,0x02,0x00,0x3d,0xbf,0xfb,0xde,0x96,0xb5,0x4d,0x6b,0x86,0x31,0x04,0x21,
    0x24,0xf2,0x08,0x00,0x0a,0xfe,0xae,0x2f,0x61,0x08,0xcc,0x20,0x1b,0x0f,0x02,0x00,
    0x6f,0xcf,0x79,0xce,0x10,0x84,0xaa,0x52,0xaa,0x52,0x6d,0x6b,0x18,0xc6,0x8e,0x00,
    0x6f,0x08,0x02,0x00,0x2a,0x9e,0xf7,0x0a,0x0a,0x08,0x02,0x00,0x0f,0x86,0x28,0x01,
    0x0f,0xd2,0x10,0x21,0x06,0xb6,0x35,0x02,0x4e,0x28,0x02,0xb4,0x02,0x0f,0x02,0x00,
    0x91,0x02,0xa4,0x61,0x02,0xd0,0x0a,0x0f,0x02,0x00,0x21,0x0f,0x8e,0x21,0x05,0x19,
    0x3c,0x5e,0x64,0x2f,0x24,0x21,0x72,0x0d,0x39,0x0f,0x02,0x00,0x05,0x2f,0xdf,0xff,
    0x1e,0x80,0x03,0x0a,0x56,0x6a,0x0e,0xda,0xf1,0xcf,0x3c,0xe7,0xef,0x7b,0xcb,0x5a,
    0xaa,0x52,0x4d,0x6b,0x75,0xad,0x28,0x04,0x01,0x0f,0x02,0x00,0x65,0x79,0xfb,0xde,
    0x75,0xad,0x6d,0x6b,0x86,0xf8,0x0a,0x0c,0xf4,0x1d,0x0f,0x02,0x00,0x6b,0x0a,0x7c,
    0x14,0x08,0x02,0x00,0x0c,0x7c,0xe4,0x04,0x02,0x00,0x0f,0x18,0x0a,0x21,0x02,0xc0,
    0x05,0x04,0x88,0x5a,0x08,0xba,0x35,0x0f,0x62,0x03,0x87,0x42,0x59,0xce,0x79,0xce,
    0xe4,0x3f,0x0f,0x56,0x03,0x21,0x02,0x02,0x00,0x0f,0x34,0x1e,0x07,0x08,0x50,0x19,
    0x0f,0xaa,0x5d,0x1f,0x0f,0x02,0x00,0x39,0x0a,0x54,0x61,0x0c,0x02,0x2f,0x28,0x1c,
    0xe7,0x7c,0x05,0x02,0x50,0xe1,0x0f,0xec,0x0f,0x3d,0x0f,0x02,0x00,0x1f,0x44,0x5d,
    0xef,0x0c,0x63,0x24,0x0e,0x08,0x02,0x00,0x1f,0x41,0x76,0x07,0x7a,0x0a,0x76,0x3c,
    0x06,0x02,0x00,0x2f,0x69,0x4a,0x84,0x28,0x05,0x0f,0xca,0x5a,0x1f,0x06,0xb8,0x06,
    0x02,0xbe,0x35,0x1f,0x1c,0x02,0x00,0x96,0x31,0x3c,0xe7,0x5d,0x32,0x8a,0x02,0x2a,
    0x03,0x0f,0x02,0x00,0x1d,0x0f,0x6c,0x0d,0x03,0x04,0x02,0x00,0x8c,0xd3,0x9c,0xc7,
    0x39,0x04,0x21,0x28,0x42,0x90,0x15,0x0f,0x02,0x00,0x5f,0x24,0x38,0xc6,0x58,0x14,
    0x2a,0x24,0x21,0x8c,0x0d,0x0f,0x02,0x2f,0x05,0x2f,0xa6,0x31,0xfe,0x2d,0x2b,0x0f,
    0x02,0x00,0x2b,0x0f,0x68,0xda,0x05,0x0f,0xce,0x71,0x13,0x0f,0x02,0x00,0x57,0x0a,
    0x56,0x0f,0x02,0x02,0x00,0x2f,0x28,0x42,0xbc,0x70,0x0b,0x02,0x90,0x05,0x0f,0x02,
    0x00,0x1f,0x0f,0xa4,0x02,0x25,0x0f,0x02,0x00,0xa3,0x02,0xac,0x07,0x0f,0xca,0x01,
    0x0b,0x0f,0xf6,0x45,0x75,0x8c,0xdb,0xde,0x10,0x84,0x4d,0x6b,0x30,0x84,0x6c,0x0d,
    0x1f,0xbe,0x32,0x0c,0x08,0x02,0xbc,0x31,0x0f,0x02,0x00,0x61,0x04,0x1a,0x30,0x0f,
    0x02,0x00,0x01,0x0f,0xac,0x39,0x59,0x06,0xb0,0x22,0x02,0xa0,0x1a,0x0e,0x0c,0x01,
    0x06,0xf4,0x58,0x6f,0x00,0x00,0x41,0x08,0x2c,0x63,0x92,0x04,0x0f,0x0f,0xba,0x06,
    0x1f,0x0f,0x02,0x00,0xe1,0x0f,0x10,0x0a,0x07,0x0f,0x02,0x00,0x8b,0x08,0xfc,0x0d,
    0x0f,0x5c,0x03,0x09,0x2e,0x41,0x08,0x60,0x20,0x0f,0x02,0x00,0x51,0x0c,0x30,0x3a,
    0x08,0x02,0x00,0x2f,0xc3,0x18,0xae,0x04,0x5f,0xaf,0xfb,0xde,0xae,0x73,0x65,0x29,
    0x04,0x21,0xe3,0x18,0x7a,0xc9,0x01,0xaf,0x30,0x84,0xc7,0x39,0x65,0x29,0xa6,0x31,
    0x4d,0x6b,0x90,0x1e,0x15,0x0f,0xd2,0x10,0x21,0x0f,0x02,0x00,0xdb,0x0f,0x5a,0x03,
    0xa5,0x0a,0x5c,0x03,0x0a,0x7a,0x05,0x0c,0x02,0x00,0x0f,0x3a,0x10,0x63,0x0f,0xf0,
    0x03,0x07,0x2f,0x41,0x08,0x2a,0x14,0x5d,0x2a,0xf7,0xbd,0xc0,0x43,0x2f,0xc3,0x18,
    0x7e,0x1f,0x01,0x0f,0x5e,0x0d,0x05,0x0f,0x02,0x00,0x03,0x0f,0xba,0x06,0xff,0x0a,
    0x02,0x5e,0x0e,0x0f,0x32,0x1e,0x01,0x0f,0x02,0x00,0xa1,0x15,0x7d,0x76,0x72,0x0e,
    0x02,0x00,0x0f,0x3a,0x0c,0x0b,0x0f,0x02,0x00,0x47,0x0f,0x80,0x3c,0x01,0x4f,0x82,
    0x10,0x8a,0x52,0xf8,0x1e,0x5b,0x2f,0x18,0xc6,0xce,0xd1,0x01,0x1f,0x10,0x64,0x7c,
    0x2a,0x02,0x02,0x00,0x0f,0xba,0x06,0xff,0x0a,0x0f,0x6a,0x0d,0x11,0x0f,0x02,0x00,
    0x27,0x2c,0x1c,0xe7,0x16,0x0d,0x0f,0x02,0x00,0x4b,0x4f,0xdf,0xff,0xef,0x7b,0x02,
    0x1d,0x01,0x0f,0x80,0x09,0x61,0x02,0x02,0x00,0x28,0x5d,0xef,0xfe,0x4a,0x6f,0xc7,
    0x39,0x4d,0x6b,0xb6,0xb5,0x14,0x01,0x5b,0x08,0xe8,0x5d,0x0a,0x02,0x00,0x0f,0xfa,
    0x64,0x33,0x02,0x42,0x02,0x0f,0x02,0x00,0xff,0x04,0x0f,0xb6,0x06,0x45,0xcc,0x9a,
    0xd6,0x08,0x42,0xa2,0x10,0xa2,0x10,0x86,0x31,0xae,0x73,0xd2,0x13,0x0f,0x02,0x00,
    0x49,0x77,0x9e,0xf7,0x79,0xce,0x30,0x84,0x28,0xa8,0x28,0x2f,0x61,0x08,0x36,0x10,
    0x5b,0x0a,0x02,0x00,0xaf,0xbe,0xf7,0x92,0x94,0xae,0x73,0x8e,0x73,0x30,0x84,0xec,
    0x2c,0x39,0x0f,0x02,0x00,0x17,0x2a,0x8e,0x73,0x52,0x03,0x06,0x02,0x00,0x0f,0x44,
    0x52,0x2d,0x02,0x02,0x00,0x0f,0xce,0x5a,0x43,0x0f,0x02,0x00,0xb3,0x0f,0x9e,0x2b,
    0x01,0x0f,0x02,0x00,0x2f,0x28,0xfb,0xde,0xc8,0x4b,0x3f,0x61,0x08,0xcf,0xda,0x42,
    0x00,0x0f,0x02,0x00,0x4b,0xaf,0x1c,0xe7,0x92,0x94,0xcf,0x7b,0x8e,0x73,0x10,0x84,
    0x80,0x09,0x5b,0x0f,0x02,0x00,0x7b,0x0f,0xf4,0x91,0x09,0x0f,0x18,0x01,0x15,0x04,
    0x32,0x12,0x64,0xd7,0xbd,0x92,0x94,0x96,0xb5,0x0e,0x00,0x06,0x02,0x00,0x0f,0x5e,
    0x03,0xff,0x06,0x0f,0xb6,0x06,0x03,0x6f,0x59,0xce,0xb2,0x94,0x34,0xa5,0x5c,0x13,
    0x29,0x17,0xcf,0xf4,0x49,0x02,0x02,0x00,0x4f,0x41,0x08,0x8e,0x73,0x20,0x42,0x25,
    0x0f,0x02,0x00,0xb5,0x0e,0x98,0x02,0x0f,0x02,0x00,0x4d,0x0e,0x9a,0x44,0x02,0x02,
    0x00,0x2f,0x61,0x08,0xac,0x1c,0x1b,0x42,0xd7,0xbd,0xc7,0x39,0x3a,0x00,0x1f,0xc7,
    0x42,0x81,0x00,0x02,0x1a,0x2f,0x0f,0x1e,0x0a,0xfd,0x0f,0x18,0x12,0x01,0x04,0x16,
    0x3c,0x2f,0xe3,0x18,0xcc,0x12,0x27,0x0f,0x12,0x43,0x03,0x2f,0x82,0x10,0x40,0x0f,
    0x31,0x0f,0x02,0x00,0xff,0x1a,0x0f,0x14,0x1e,0x01,0x4f,0x20,0x00,0x6d,0x6b,0xe6,
    0x04,0x1b,0x08,0x1e,0x4f,0x4e,0x00,0x00,0x28,0x42,0x82,0x01,0x0f,0xae,0x6a,0x49,
    0x0f,0x02,0x00,0xa1,0x0f,0xb4,0x06,0x03,0x08,0x8e,0x41,0x0f,0x78,0x66,0x27,0x04,
    0xa0,0x03,0x0e,0x02,0x00,0x0f,0xb8,0x95,0x0d,0x0f,0x02,0x00,0xff,0x3e,0x0a,0x22,
    0x14,0x4f,0x04,0x21,0x8e,0x73,0x0c,0x0a,0x15,0x02,0x02,0x00,0x28,0xba,0xd6,0x64,
    0x34,0x02,0x02,0x00,0x0f,0x40,0x0f,0x01,0x0f,0x1a,0x0a,0xf7,0x0f,0x7a,0x17,0x07,
    0x0a,0x4a,0x01,0x22,0x34,0xa5,0x62,0x01,0x0f,0x02,0x00,0x1d,0x0f,0x30,0x05,0x01,
    0x04,0x02,0x00,0x0f,0x8e,0x08,0x1b,0x0f,0x02,0x00,0xff,0x28,0x02,0x82,0x0a,0x51,
    0x7d,0xef,0x8a,0x52,0x20,0xae,0xe2,0x4f,0x24,0x21,0x92,0x94,0x92,0x21,0x01,0x0f,
    0x02,0x00,0x09,0x2f,0x14,0xa5,0x0c,0x29,0x01,0x0f,0xa6,0x29,0x03,0x02,0x2a,0x1d,
    0x0f,0x02,0x00,0xed,0x0f,0x5a,0x03,0x07,0x0c,0x84,0x4b,0x0f,0xe8,0x73,0x27,0x2f,
    0x75,0xad,0x96,0x01,0x01,0x0f,0xa0,0x12,0x37,0x0f,0x02,0x00,0xff,0x1a,0x6f,0x9a,
    0xd6,0x18,0xc6,0xba,0xd6,0x08,0x22,0x1d,0x2f,0xbe,0xf7,0x64,0x14,0x03,0x2f,0xc3,
    0x18,0x4a,0x0c,0x01,0x02,0x4e,0x25,0x0f,0x2c,0x28,0xdb,0x0f,0x02,0x00,0x01,0x0f,
    0x0e,0x0a,0x03,0x02,0x02,0x00,0x06,0xf6,0x76,0x0f,0xaa,0xe2,0x0f,0x0f,0x02,0x00,
    0x0b,0x4f,0xba,0xd6,0x4d,0x6b,0x60,0x03,0x01,0x0f,0xaa,0x63,0x31,0x0f,0x02,0x00,
    0xff,0x50,0x2a,0x18,0xc6,0x24,0x95,0x06,0x02,0x00,0x0c,0x0c,0xed,0x06,0x02,0x00,
    0x0f,0xd6,0x5a,0x33,0x0f,0x02,0x00,0xa1,0x02,0x54,0x04,0x11,0x7d,0x08,0x8a,0x06,
    0x10,0x01,0x0c,0x02,0x00,0x24,0x9a,0xd6,0x6a,0x2e,0x0e,0x52,0x3f,0x0f,0x02,0x00,
    0x1f,0x44,0xba,0xd6,0x4d,0x6b,0x56,0x68,0x04,0x02,0x00,0x0f,0xda,0x6e,0x0f,0x0f,
    0x02,0x00,0xff,0x12,0x8f,0xbe,0xf7,0xb6,0xb5,0x14,0xa5,0x92,0x94,0x36,0x1b,0x1b,
    0x3f,0x1c,0xe7,0x9a,0xc0,0x06,0x12,0x0a,0x20,0xb2,0x08,0x02,0x00,0x0f,0xca,0x08,
    0x0b,0x0f,0x5e,0x03,0xe9,0x02,0x0e,0x0a,0x02,0x8a,0x0b,0x0f,0x02,0x00,0x05,0x8e,
    0xba,0xd6,0xeb,0x5a,0x86,0x31,0xe7,0x39,0x28,0x41,0x0f,0x02,0x00,0x13,0x2a,0xdb,
    0xde,0xec,0x0e,0x46,0xba,0xd6,0x4d,0x6b,0xb0,0x03,0x0e,0x56,0x00,0x8f,0x1c,0xe7,
    0x14,0xa5,0xb2,0x94,0x55,0xad,0x22,0x2a,0x15,0x0f,0x02,0x00,0xf1,0x06,0x8a,0x49,
    0x0f,0xc4,0x44,0x17,0xaf,0xbe,0xf7,0x4d,0x6b,0x82,0x10,0x41,0x08,0x24,0x21,0xf8,
    0x51,0x0b,0x17,0x3c,0x3e,0x54,0x0a,0x02,0x00,0x2f,0x24,0x21,0x1e,0x2f,0x0f,0x0f,
    0x78,0x0d,0xe5,0x02,0xb0,0x6f,0x0f,0x5a,0x03,0x0b,0x02,0x02,0x00,0x0f,0x24,0x00,
    0x11,0x0f,0x02,0x00,0x01,0xaa,0x59,0xce,0xe7,0x39,0x61,0x08,0x41,0x08,0xc7,0x39,
    0x3a,0x08,0x8e,0x1c,0xe7,0x34,0xa5,0x10,0x84,0x51,0x8c,0x66,0x05,0x24,0xb6,0xb5,
    0x78,0x03,0x4f,0x41,0x08,0x8e,0x73,0x40,0x2a,0x01,0x0f,0x02,0x00,0xfb,0x6a,0xfb,
    0xde,0x10,0x84,0x65,0x29,0xf4,0x02,0x1f,0x14,0x72,0x12,0x12,0x08,0xf0,0x32,0x0f,
    0x32,0x00,0x07,0x26,0xf7,0xbd,0x8c,0x58,0x0a,0x02,0x00,0x2f,0x0c,0x63,0xb2,0x0d,
    0x13,0x02,0xbc,0x06,0x02,0x26,0x09,0x0f,0x02,0x00,0xd7,0x0f,0xf2,0x2e,0x4d,0x0a,
    0xd4,0x53,0x2f,0x28,0x42,0xfe,0x09,0x0f,0x24,0x1c,0xe7,0x5a,0x03,0x02,0x02,0x00,
    0x4f,0x82,0x10,0xae,0x73,0xc0,0x06,0xff,0x08,0x4f,0xfb,0xde,0xae,0x73,0xc2,0x0e,
    0x01,0x0f,0xc6,0x51,0x11,0x0a,0xa2,0x21,0x2f,0x86,0x31,0xb2,0x04,0x03,0x0a,0x92,
    0x44,0x06,0x02,0x00,0x0f,0xca,0xae,0x01,0x0f,0x02,0x00,0x07,0x02,0x5e,0x03,0x0f,
    0x58,0x03,0xd7,0x4f,0x9e,0xf7,0x9e,0xf7,0x0e,0x0a,0x0d,0x0f,0x02,0x00,0x2d,0x0a,
    0x64,0x1c,0x08,0x6c,0x2d,0x0f,0x08,0x07,0x05,0x0f,0x90,0x7f,0x01,0x4f,0x41,0x08,
    0x8a,0x52,0x7c,0x08,0x11,0x0f,0x02,0x00,0xdb,0x4f,0xf7,0xbd,0x8a,0x52,0x58,0x03,
    0x01,0x0f,0xce,0x1d,0x05,0x0c,0x02,0x00,0x0a,0xa2,0x21,0x1f,0xe3,0x3e,0x36,0x04,
    0x04,0x7e,0x21,0x0a,0x02,0x00,0x2f,0x28,0x42,0xf0,0x04,0x1d,0x0f,0x5e,0x03,0xdb,
    0x2f,0x7d,0xef,0x5a,0x03,0x4d,0x0a,0x76,0x08,0x04,0x02,0x00,0x2f,0xc7,0x39,0xe0,
    0x31,0x09,0x08,0x22,0xc3,0x0a,0x02,0x00,0x2f,0x8a,0x52,0x16,0x22,0x27,0x0f,0x02,
    0x00,0xbb,0x4a,0xdf,0xff,0x55,0xad,0x02,0x1e,0x0c,0x02,0x00,0x0f,0x7a,0x15,0x11,
    0x0c,0xb8,0x06,0x0f,0xee,0x04,0x01,0x02,0x2c,0x7e,0x0c,0x7c,0x12,0x0f,0xd4,0x2b,
    0x23,0x0f,0x5e,0x03,0xd7,0x0f,0x76,0x17,0x09,0x0f,0x02,0x00,0x37,0x0f,0x10,0x19,
    0x03,0x0f,0x34,0x61,0x09,0x0f,0x2e,0x6b,0x09,0x6f,0x00,0x00,0x08,0x42,0xf3,0x9c,
    0x04,0x02,0x01,0x0f,0x02,0x00,0xd7,0x4c,0xbe,0xf7,0xd3,0x9c,0x5e,0x0d,0x0c,0x02,
    0x00,0x2f,0x24,0x21,0xb6,0x32,0x13,0x26,0x8a,0x52,0x3a,0x00,0x0f,0xee,0x13,0x03,
    0x46,0x9e,0xf7,0xc3,0x18,0x24,0x00,0x02,0x32,0x7e,0x0f,0x56,0x3a,0x0d,0x4f,0xbe,
    0xf7,0x59,0xce,0xd6,0x06,0x05,0x0f,0xc0,0x9a,0x4b,0x0f,0x02,0x00,0x73,0x0f,0x5a,
    0x03,0x07,0x4f,0x5d,0xef,0xba,0xd6,0x94,0x2b,0x29,0x0a,0x02,0x00,0x2c,0x9a,0xd6,
    0xf4,0x04,0x04,0x02,0x00,0x0f,0xa2,0x01,0x07,0x0f,0x3e,0x38,0x01,0x08,0x02,0x00,
    0x3f,0x65,0x29,0xd3,0x60,0x03,0xe4,0x42,0x1c,0xe7,0xae,0x73,0xc4,0x6e,0x0f,0x02,
    0x00,0x09,0x2f,0x28,0x42,0x1c,0x28,0x15,0x9f,0x9e,0xf7,0xcb,0x5a,0x41,0x08,0x00,
    0x00,0xa2,0xd6,0x29,0x08,0x08,0xf0,0x10,0x4f,0x00,0x00,0x69,0x4a,0x1c,0x02,0x0d,
    0x8f,0xb2,0x94,0x24,0x21,0x00,0x00,0x41,0x08,0x2a,0x00,0x05,0x02,0x5e,0x03,0x02,
    0x44,0x13,0x0f,0x02,0x00,0xbf,0x02,0x76,0x17,0x0a,0x04,0x03,0x04,0x02,0x00,0xaf,
    0xcf,0x7b,0xc3,0x18,0x41,0x08,0xc3,0x18,0x4d,0x6b,0x02,0x12,0x13,0x0f,0x02,0x00,
    0x0f,0x2f,0xf7,0xbd,0x14,0x0c,0x03,0x0f,0xbe,0x93,0x09,0x1f,0x8e,0xa0,0x0f,0x02,
    0x08,0x02,0x00,0x4f,0x86,0x31,0x92,0x94,0x9c,0x05,0x13,0x0f,0x02,0x00,0xb5,0x4a,
    0x9a,0xd6,0xae,0x73,0xe6,0x11,0x0f,0x02,0x00,0x01,0x2f,0x49,0x4a,0x70,0x0b,0x01,
    0x8f,0x5d,0xef,0x34,0xa5,0x30,0x84,0xb2,0x94,0x74,0x03,0x01,0x4f,0xdb,0xde,0x38,
    0xc6,0x30,0x03,0x09,0x24,0x3c,0xe7,0xcc,0x39,0x2f,0xe3,0x18,0xaa,0x17,0x0b,0x0c,
    0x76,0x39,0x2f,0x86,0x31,0x44,0x02,0x03,0x02,0x1c,0x0a,0x0f,0xda,0x10,0xbd,0x02,
    0xd0,0x00,0x0f,0xb4,0x06,0x07,0x08,0x08,0x32,0x2f,0x24,0x21,0xfe,0x16,0x35,0x2f,
    0x9a,0xd6,0x1c,0x0c,0x01,0x2f,0x24,0x21,0xe0,0x03,0x05,0x04,0x02,0x1b,0x0a,0xae,
    0x5a,0x0e,0x02,0x00,0x3f,0xa2,0x10,0xae,0xa2,0x17,0xd4,0x4f,0xd7,0xbd,0x69,0x4a,
    0x00,0x08,0x05,0x04,0x02,0x00,0x3b,0x41,0x08,0x4d,0x9c,0x57,0x04,0x3c,0x0b,0x24,
    0xb2,0x94,0x7a,0x3d,0x2f,0x82,0x10,0x12,0x12,0x21,0x7f,0xdf,0xff,0x55,0xad,0x10,
    0x84,0x14,0x62,0x34,0x10,0x08,0x1a,0x4a,0x0f,0x7c,0x2a,0x0b,0x02,0xe2,0x05,0x0f,
    0xb8,0x06,0xb9,0x11,0x7d,0xb0,0x50,0x0f,0xd4,0x02,0x05,0x2a,0x7d,0xef,0x18,0x05,
    0x0f,0xbe,0x8f,0x39,0x2a,0x14,0xa5,0x5c,0x00,0x0f,0xb8,0x06,0x0b,0x02,0x02,0x00,
    0x4c,0xdb,0xde,0x2c,0x63,0x36,0x00,0x0c,0x02,0x00,0x4f,0x82,0x10,0xae,0x73,0x76,
    0x05,0x09,0x0f,0x02,0x00,0xaf,0x2f,0xf7,0xbd,0x9a,0x04,0x01,0x0a,0x02,0x00,0x44,
    0xa2,0x10,0x6d,0x6b,0x9e,0x1f,0x04,0x52,0x03,0x02,0x02,0x00,0x2a,0x96,0xb5,0xe8,
    0x13,0x0f,0x60,0x54,0x09,0x6c,0x3c,0xe7,0xf3,0x9c,0x51,0x8c,0xac,0x0b,0x0a,0x50,
    0x00,0x0f,0x02,0x00,0x09,0x0a,0x3e,0x0a,0x0f,0x16,0x20,0x03,0x06,0x02,0x00,0x0f,
    0x26,0x2f,0xb3,0x02,0x52,0x03,0x02,0xbc,0x54,0x0f,0x5a,0x03,0x07,0x39,0xff,0xff,
    0x9a,0x46,0xc2,0x0f,0x5e,0x03,0x3d,0x26,0x1c,0xe7,0xc2,0x8e,0x0f,0xca,0x89,0x17,
    0x4f,0x3c,0xe7,0x92,0x94,0x62,0x0c,0x0d,0x2f,0xc3,0x18,0xdc,0x57,0x6b,0x0f,0x02,
    0x00,0x45,0x3f,0xdf,0xff,0xf3,0xb6,0x10,0x0e,0x66,0x00,0x00,0x04,0x21,0x92,0x94,
    0x5e,0x04,0x08,0x60,0xb5,0x26,0x38,0xc6,0x8c,0x75,0x06,0x02,0x00,0x0f,0x24,0x1e,
    0x05,0x24,0x51,0x8c,0x18,0x3e,0x2f,0x49,0x4a,0x1c,0x2f,0x1d,0x0c,0x0e,0x0a,0x04,
    0x02,0x00,0x0c,0xa8,0x03,0x0a,0x02,0x00,0x02,0x40,0x39,0x0f,0x02,0x00,0xab,0x02,
    0x5c,0x03,0x02,0xe2,0x0a,0x0f,0xb4,0x06,0x05,0x0f,0x06,0xbe,0x05,0x0f,0xbc,0x06,
    0x39,0xcf,0xff,0xff,0xb6,0xb5,0x08,0x42,0x61,0x08,0x00,0x00,0x04,0x21,0x96,0x12,
    0x03,0x0f,0x02,0x00,0x03,0x35,0xbe,0xf7,0x92,0xd6,0x08,0x0f,0x02,0x00,0x05,0x0f,
    0x94,0x1e,0x0f,0x0f,0x02,0x00,0x9b,0x4f,0xfb,0xde,0x71,0x8c,0x0e,0x14,0x0d,0x4c,
    0x00,0x00,0xe7,0x39,0x12,0xa6,0x04,0x66,0x06,0x2f,0x1c,0xe7,0x12,0x12,0x05,0x0e,
    0xbc,0xcc,0x4a,0xff,0xff,0x1c,0xe7,0x1c,0x07,0x0f,0x64,0x17,0x1f,0x0a,0xd0,0x2d,
    0x02,0x02,0x00,0x0f,0x50,0xd2,0x0b,0x06,0x28,0x2f,0x02,0xf8,0x05,0x0f,0x02,0x00,
    0x97,0x04,0xb0,0x00,0x02,0x54,0x03,0x02,0x8e,0x2b,0x04,0x78,0x01,0x0f,0x02,0x00,
    0x07,0x0f,0x90,0x01,0x01,0x0f,0x5e,0x03,0x3b,0x6f,0xff,0xff,0xdb,0xde,0x9a,0xd6,
    0x18,0x05,0x1f,0x46,0x7d,0xef,0x14,0xa5,0x1c,0x71,0x0e,0x02,0x00,0x0f,0x16,0x7c,
    0x5d,0x0f,0x02,0x00,0x49,0x4f,0x3c,0xe7,0xcf,0x7b,0x6c,0x0e,0x0d,0x0a,0xb6,0x10,
    0x04,0xda,0x01,0x02,0x08,0x00,0x26,0x9e,0xf7,0x84,0x06,0x0e,0x02,0x00,0x1d,0xba,
    0xa4,0x6c,0x2c,0x34,0xa5,0x68,0x17,0x0f,0x76,0x87,0x1d,0x0c,0x68,0x0d,0x02,0x02,
    0x00,0x0f,0x56,0x11,0x01,0x0c,0x02,0x00,0x1f,0xdf,0x1c,0x0a,0xa0,0x02,0x50,0x03,
    0x02,0x08,0x00,0x0f,0x48,0xf8,0x17,0x2a,0x5d,0xef,0x22,0x70,0x02,0x02,0x00,0x0f,
    0x5e,0x03,0x3d,0x0f,0x02,0x00,0x27,0x2a,0xb6,0xb5,0x4c,0x36,0x06,0x02,0x00,0x0f,
    0xec,0xae,0xb5,0x4f,0xd7,0xbd,0xeb,0x5a,0x64,0x0e,0x0d,0x44,0x41,0x08,0xaa,0x52,
    0xb8,0x02,0x08,0x04,0x0a,0x02,0x02,0x00,0x2f,0x14,0xa5,0xc4,0x01,0x01,0x04,0x02,
    0x00,0x06,0xd4,0x9a,0x02,0x88,0x03,0x0f,0x50,0x05,0x05,0x0f,0xe0,0x08,0x09,0x0c,
    0x02,0x00,0x0f,0xb4,0x06,0x01,0x0f,0xc8,0x10,0x09,0x0c,0x02,0x00,0x0f,0x38,0x14,
    0x9f,0x02,0x54,0x03,0x02,0xd6,0x24,0x04,0x48,0x01,0x0f,0x02,0x00,0x0f,0x2f,0xfb,
    0xde,0x9a,0x01,0x01,0x0f,0x5e,0x03,0x77,0x5f,0xff,0xff,0x96,0xb5,0xcb,0x7e,0x02,
    0x00,0x0f,0xf6,0x92,0x2f,0x0f,0x02,0x00,0x6f,0x28,0x18,0xc6,0xcc,0x1d,0x0f,0x02,
    0x00,0x03,0x2f,0x41,0x08,0x40,0x5a,0x09,0x2f,0x79,0xce,0x7c,0x04,0x05,0x02,0x02,
    0x00,0x0c,0xae,0x21,0x2f,0xba,0xd6,0x30,0x00,0x03,0x0f,0x8e,0x28,0x11,0x04,0x02,
    0x00,0x0f,0xec,0x08,0x01,0x0f,0x5a,0x03,0x19,0x08,0x1c,0x0a,0x04,0x6e,0x09,0x0f,
    0x02,0x00,0x8d,0x02,0x0e,0x0a,0x0f,0x80,0x04,0x19,0x02,0x02,0x00,0x0f,0x5e,0x03,
    0x03,0x1f,0x24,0xf2,0xa3,0x7a,0x2c,0xdb,0xde,0x04,0x36,0x0f,0x54,0x3e,0x03,0x0f,
    0x02,0x00,0x99,0x0e,0x7a,0x29,0x0c,0x02,0x00,0x44,0x45,0x29,0x51,0x8c,0x0e,0x14,
    0x0e,0x02,0x00,0x4f,0xfb,0xde,0x0c,0x63,0xa8,0x17,0x09,0x2c,0x8a,0x52,0x72,0x30,
    0x2f,0x71,0x8c,0x7a,0x1c,0x03,0x2f,0x61,0x08,0x40,0x43,0x17,0x0f,0xb4,0x06,0x2d,
    0x06,0x02,0x00,0x04,0xbc,0x46,0x0f,0x60,0x03,0x8f,0x02,0xa2,0x00,0x0f,0x5a,0x03,
    0x1f,0x59,0xff,0xff,0xff,0xff,0x3c,0xb6,0x6a,0x04,0x02,0x00,0x0f,0xbc,0x06,0x79,
    0x02,0x02,0x1b,0xa4,0x0c,0x63,0x04,0x21,0x82,0x10,0x41,0x08,0xa6,0x31,0x22,0x09,
    0x0f,0x02,0x00,0xa7,0x0f,0x46,0x29,0x07,0x02,0x02,0x00,0x4f,0x45,0x29,0x71,0x8c,
    0xce,0x01,0x07,0x3f,0xbe,0xf7,0x92,0xc6,0x9d,0x06,0x6c,0x00,0x00,0x00,0x00,0x65,
    0x29,0x1e,0x14,0x42,0x5d,0xef,0xcb,0x5a,0x54,0xd8,0x02,0x22,0x00,0x06,0x02,0x00,
    0x2f,0xe3,0x18,0x18,0x12,0x17,0x0e,0x76,0x17,0x0f,0xb4,0x06,0x1f,0x06,0x02,0x00,
    0x1f,0xdf,0x60,0x03,0x90,0x0f,0xb2,0x06,0x25,0x06,0x02,0x00,0x0a,0x14,0x6e,0x04,
    0x02,0x00,0x0f,0x5e,0x03,0x7d,0x6e,0xff,0xff,0x9e,0xf7,0x1c,0xe7,0x9c,0x0f,0x0f,
    0x02,0x00,0x9f,0x3f,0xdf,0xff,0x04,0xe8,0x0e,0x00,0x04,0x02,0x00,0x3f,0x69,0x4a,
    0xb6,0x60,0x53,0x00,0x02,0x4c,0x09,0x02,0xae,0xb6,0x0f,0xc8,0x0b,0x01,0x04,0x02,
    0x00,0x42,0xc3,0x18,0x51,0x8c,0x28,0x00,0x06,0x02,0x00,0x2c,0x96,0xb5,0xbe,0x10,
    0x04,0x02,0x00,0x1f,0x49,0x88,0xdb,0x18,0x0f,0xb4,0x06,0x1d,0xa6,0xdf,0xff,0x10,
    0x84,0x28,0x42,0xe7,0x39,0x4d,0x6b,0x34,0x18,0x0e,0x02,0x00,0x02,0x88,0xd6,0x02,
    0x1c,0x06,0x0f,0x02,0x00,0x7b,0x02,0xc2,0x1a,0x0f,0x62,0x0d,0x0d,0x6f,0x71,0x8c,
    0x28,0x42,0x08,0x42,0xba,0x0b,0x09,0x0f,0x5e,0x03,0x05,0x0f,0xac,0x21,0x35,0x0f,
    0x02,0x00,0x09,0x0c,0x0a,0x02,0x0f,0x02,0x00,0xcf,0x02,0x6e,0x2e,0x0f,0x02,0x00,
    0x01,0x2f,0xcb,0x5a,0x94,0x07,0x0b,0x2f,0xfb,0xde,0xc4,0x1a,0x01,0x06,0x02,0x00,
    0x2e,0x8e,0x73,0x1a,0x26,0x0f,0x24,0x07,0x05,0x2c,0x20,0x00,0x68,0x97,0x0f,0x02,
    0x00,0x09,0x0f,0x1c,0x14,0x03,0x0f,0x06,0x4c,0x09,0x06,0xe8,0x15,0x2e,0x45,0x29,
    0x96,0x00,0x08,0x02,0x00,0x06,0xc2,0x06,0x0f,0x5e,0x03,0x7b,0x0f,0x9a,0x02,0x0f,
    0x06,0xda,0x24,0x1f,0xa2,0xe8,0x87,0x08,0x0f,0x5e,0x03,0x05,0x0f,0x94,0x26,0x01,
    0x0f,0x02,0x00,0x16,0x1f,0xf7,0x2a,0x00,0x16,0x0f,0x02,0x00,0xda,0x2e,0xdf,0xff,
    0x20,0x1f,0x46,0x61,0x08,0x6d,0x6b,0x94,0x07,0x0f,0xd6,0x01,0x03,0x2f,0xdb,0xde,
    0xf0,0x06,0x09,0x0f,0x94,0x33,0x03,0x0f,0x24,0xa5,0x05,0x2f,0xa6,0x31,0x0c,0x0a,
    0x17,0x0f,0xc2,0x10,0x21,0x0a,0x12,0x31,0x0c,0x56,0x11,0x0e,0x02,0x00,0x02,0x60,
    0x03,0x0f,0xc2,0x06,0x77,0x0f,0x82,0x01,0x03,0x0a,0x02,0x00,0x26,0x79,0xce,0xd6,
    0x04,0x3f,0x00,0x00,0x45,0x42,0x9f,0x08,0x2e,0x3c,0xe7,0xf2,0x01,0x0f,0x1a,0x0a,
    0x21,0x15,0xdf,0x02,0x00,0x0a,0x8a,0x00,0x02,0x1a,0x00,0x0c,0x14,0x00,0x0f,0x02,
    0x00,0xe3,0x08,0x60,0x55,0x4f,0x00,0x00,0x04,0x21,0xb6,0x10,0x09,0x06,0x02,0x00,
    0x0f,0xb4,0x06,0x07,0x2c,0x24,0x21,0x62,0x0d,0x02,0x02,0x00,0x0a,0x08,0x7e,0x06,
    0x02,0x00,0x2f,0x8e,0x73,0x8a,0x01,0x13,0x02,0x26,0x00,0x0f,0xb4,0x06,0x03,0x0f,
    0x1e,0x23,0x09,0x0c,0x9a,0x7c,0x0c,0x9a,0x7a,0x0f,0x02,0x00,0x03,0x02,0x60,0x03,
    0x02,0xe4,0x0c,0x02,0x02,0x00,0x0f,0xc8,0x06,0x63,0x0f,0x1c,0x1e,0x11,0x0f,0xb8,
    0x04,0x01,0x0f,0xd6,0x56,0x09,0x0f,0xd6,0x10,0x34,0x25,0xf7,0xdf,0xb0,0x06,0x08,
    0xae,0x0a,0x02,0xa8,0x01,0x48,0xff,0xff,0xff,0xf7,0x16,0x00,0x0f,0x02,0x00,0xe5,
    0xac,0x92,0x94,0x24,0x21,0x82,0x10,0xc3,0x18,0x86,0x31,0x6c,0x21,0x0f,0x02,0x00,
    0x05,0x0a,0x8e,0xe5,0x06,0x02,0x00,0x4f,0xa2,0x10,0x30,0x84,0xf8,0x10,0x05,0x19,
    0xb6,0xfa,0x93,0x02,0x02,0x00,0x2f,0x82,0x10,0x9c,0x24,0x0b,0x0c,0x02,0x00,0x0f,
    0x5a,0x03,0x1f,0x0e,0xf4,0x0a,0x0f,0x90,0x1c,0x17,0x02,0x60,0x03,0x08,0x62,0x03,
    0x0f,0x60,0x03,0x4d,0x0a,0xc6,0x03,0x05,0xa6,0x02,0x0f,0x02,0x00,0x10,0x0a,0xa0,
    0xf6,0x0f,0xf6,0x25,0x0d,0x0f,0x1a,0x0a,0x05,0x0f,0x78,0x0d,0x19,0x08,0x9e,0x00,
    0xb9,0xdf,0xff,0xff,0xff,0xde,0xef,0x7d,0xdf,0x5c,0xdf,0xbe,0xbc,0xdf,0x01,0x24,
    0x00,0x05,0x82,0x03,0x0f,0x02,0x00,0xe3,0x4f,0x9e,0xf7,0xba,0xd6,0x58,0x01,0x19,
    0x2e,0xdb,0xde,0xe6,0x13,0x48,0x00,0x00,0x4d,0x6b,0xcc,0x0c,0x01,0x58,0x01,0x07,
    0x02,0x00,0x0a,0xb6,0x08,0x02,0xe0,0x21,0x0f,0xd8,0x17,0x07,0x0f,0x02,0x00,0x01,
    0x0f,0x5a,0x03,0x03,0x0f,0x68,0x0d,0x09,0x0c,0x26,0x5b,0x0f,0x74,0x02,0x0d,0x0e,
    0x02,0x00,0x13,0xdf,0xe2,0x10,0x06,0x64,0x03,0x02,0x0c,0x00,0x0f,0x02,0x00,0x09,
    0x02,0x22,0x03,0x0f,0x02,0x00,0x01,0x0f,0x36,0x00,0x13,0x0f,0xae,0x06,0x17,0x06,
    0x02,0x00,0x0e,0x36,0x28,0x2f,0xa2,0x10,0xd2,0x01,0x09,0x0f,0xbc,0x06,0x03,0x2c,
    0xa6,0x31,0xb6,0x01,0x0f,0x02,0x00,0x09,0xff,0x15,0xbe,0xef,0x7b,0xc7,0xf9,0x9e,
    0xb5,0x86,0xd1,0x55,0xf1,0x5d,0xf1,0x55,0xcf,0x3d,0x6e,0x25,0x4d,0x25,0xd0,0x3d,
    0x12,0x56,0xd1,0x5d,0xf1,0x5d,0xd6,0x86,0xd9,0xa6,0x7c,0xcf,0xbe,0xe7,0x40,0x00,
    0x09,0x0f,0x02,0x00,0xff,0x04,0x2c,0xdf,0xff,0x72,0x28,0x17,0xaa,0xc4,0x1a,0x0f,
    0xa0,0x01,0x03,0x24,0xdf,0xff,0x8e,0x35,0x02,0x02,0x00,0x0f,0xf8,0x0c,0x0f,0x0a,
    0x02,0x00,0x0f,0x5a,0x03,0x09,0x0f,0x72,0x00,0x03,0x0c,0xf0,0x0a,0x0f,0xb6,0x06,
    0x1b,0x0a,0x02,0x00,0x02,0x5c,0x0c,0x04,0xaa,0x17,0x0f,0x24,0x03,0x09,0x0f,0x02,
    0x00,0x1b,0x02,0x36,0xfc,0x02,0x5c,0x1b,0x11,0xbe,0x44,0x46,0x0f,0xcc,0x00,0x05,
    0x0f,0x02,0x00,0x0d,0x0a,0xc4,0xca,0x0f,0x72,0x9f,0x05,0x06,0x02,0x00,0x0f,0x5e,
    0x03,0x03,0x0f,0x6e,0x2b,0x01,0x01,0x92,0x00,0x09,0x7e,0x06,0xf1,0x02,0x7b,0xcf,
    0x17,0x9f,0xb2,0x56,0xae,0x25,0xac,0x15,0x6a,0x05,0x8a,0x05,0xaa,0x05,0xaa,0x06,
    0x00,0x51,0x0b,0x06,0xeb,0x05,0xca,0x0e,0x00,0xf1,0x06,0xaa,0x05,0x6a,0x05,0x4a,
    0x05,0x8c,0x0d,0xcd,0x25,0x53,0x76,0x18,0xa7,0x9c,0xc7,0xff,0xf7,0xff,0xff,0xbf,
    0xa0,0x0d,0x13,0xbf,0xd2,0x2d,0x01,0x54,0x00,0x0f,0x02,0x00,0xff,0x05,0x08,0xe2,
    0x09,0x1f,0x86,0xe6,0x1b,0x14,0x06,0xe6,0xf6,0x2f,0xe7,0x39,0x8c,0x8d,0x1d,0x0f,
    0x5a,0x03,0x09,0x0f,0x02,0x00,0x05,0x2c,0xdb,0xde,0xa2,0x1e,0x2f,0x82,0x10,0x84,
    0x17,0x09,0x0f,0x02,0x00,0x11,0x06,0xc8,0x06,0x2f,0x7d,0xef,0x46,0x03,0x1b,0x08,
    0x02,0x00,0x02,0x4e,0x03,0x08,0x42,0x00,0x19,0xbe,0xbc,0x02,0x0f,0x02,0x00,0x23,
    0x0e,0x5c,0x23,0x0f,0x52,0x3a,0x0b,0x0f,0x5e,0x03,0x01,0x0c,0x3e,0xc2,0x84,0xdf,
    0xff,0xff,0xff,0xdf,0xef,0xff,0xf7,0x0c,0x03,0xff,0x08,0xde,0xf7,0xb7,0xa6,0xf0,
    0x4d,0x8c,0x0d,0x8a,0x05,0xa9,0x05,0xea,0x05,0xea,0x05,0x0b,0x06,0x0b,0x06,0x2b,
    0x06,0x0b,0x02,0x00,0x02,0xf1,0x00,0xeb,0x05,0xca,0x05,0x89,0x05,0x6a,0x05,0xad,
    0x1d,0xf1,0x4d,0xf8,0x9e,0xdf,0x43,0x00,0x1f,0xdf,0x86,0x0d,0xf2,0x0f,0x02,0x00,
    0x0d,0x84,0x38,0xc6,0x0c,0x63,0x28,0x42,0xcb,0x5a,0xde,0x2e,0x01,0x3b,0x01,0x0f,
    0x02,0x00,0x0c,0x6f,0x7d,0xef,0x55,0xad,0x92,0x94,0xdc,0x17,0x0b,0x0f,0x02,0x00,
    0x01,0x22,0x0c,0x63,0x8a,0x05,0x0a,0x02,0x00,0x0f,0x0e,0x0a,0x0b,0x0f,0x90,0x03,
    0x01,0x0f,0xa0,0x39,0x05,0x6f,0x9e,0xf7,0x18,0xc6,0x18,0xc6,0xc8,0x2d,0x17,0x02,
    0xc2,0x06,0x0c,0x02,0x00,0x04,0x2c,0x03,0x04,0x3a,0x03,0x0f,0x02,0x00,0x07,0x02,
    0x3a,0x00,0x04,0xa8,0x06,0x0f,0x3a,0x01,0x11,0x04,0x02,0x00,0x4f,0x9a,0xd6,0xd7,
    0xbd,0xec,0x09,0x05,0x0f,0x94,0x2b,0x01,0x0c,0x12,0x23,0x0a,0x02,0x00,0x0e,0x34,
    0x14,0x0c,0x74,0x26,0x62,0xdf,0xff,0xff,0xf7,0xff,0xef,0xa4,0x00,0xf2,0x04,0x9b,
    0xcf,0x74,0x7e,0xaf,0x3d,0x6b,0x05,0xaa,0x05,0xeb,0x05,0xec,0x0d,0xec,0x0d,0xeb,
    0x0d,0xeb,0x06,0x00,0x01,0x62,0x03,0x04,0x02,0x00,0x61,0x0c,0x06,0x0c,0x06,0xec,
    0x05,0x02,0x00,0xf4,0x03,0x0d,0xec,0x05,0x4b,0x06,0x4b,0x06,0x0b,0x06,0x89,0x05,
    0x4a,0x05,0xed,0x1d,0xd5,0x76,0xbc,0xeb,0x00,0x0f,0x4a,0x04,0x30,0x0f,0x02,0x00,
    0xe5,0x8f,0x1c,0xe7,0x92,0x94,0x6d,0x6b,0xd3,0x9c,0x8e,0x05,0x09,0x04,0x67,0x01,
    0x0f,0x02,0x00,0x0f,0x0f,0x5a,0x03,0x03,0x02,0x1c,0x14,0x0f,0x46,0x00,0x09,0x0c,
    0x44,0x5e,0x0f,0xc0,0x32,0x05,0x22,0xf7,0xbd,0x96,0x16,0x2f,0x24,0x21,0xd6,0x66,
    0x21,0x02,0x2e,0x0a,0x02,0xd0,0x06,0x22,0xbe,0xf7,0x36,0x03,0x0f,0x02,0x00,0x07,
    0x04,0x50,0x03,0x0f,0xf6,0x00,0x0f,0x0e,0x02,0x00,0x5f,0x7d,0xef,0x28,0x42,0x20,
    0x3a,0x6e,0x0a,0x0e,0xd2,0x51,0x0f,0x5e,0x7b,0x0d,0x2a,0x3c,0xe7,0x4c,0x19,0x0e,
    0x6a,0x5a,0x02,0xac,0x00,0xfb,0x0c,0xde,0xef,0x74,0x76,0xac,0x0d,0x8a,0x05,0xeb,
    0x05,0x4c,0x06,0x2c,0x06,0xeb,0x15,0xcb,0x15,0xeb,0x05,0xeb,0x05,0x0b,0x06,0xeb,
    0x05,0xeb,0x5e,0x03,0x05,0x5a,0x03,0x01,0x02,0x00,0x91,0xeb,0x0d,0x0b,0x06,0x0b,
    0x06,0x0c,0x06,0xeb,0xc2,0x06,0x51,0x6c,0x1d,0x54,0x96,0xfe,0x58,0x03,0x02,0x56,
    0x00,0x0f,0x02,0x00,0xff,0x20,0x24,0x18,0xc6,0xec,0x38,0x26,0x45,0x29,0x28,0x1b,
    0x0f,0x02,0x00,0x25,0x0f,0xde,0x24,0x27,0x0a,0x0e,0x2c,0x2f,0x65,0x29,0xd0,0x01,
    0x03,0x28,0x79,0xce,0x98,0x11,0x0f,0x1e,0x2a,0x2f,0x0f,0x66,0x00,0x03,0x0f,0x02,
    0x00,0x2f,0x28,0xdf,0xff,0xc8,0x3d,0x0e,0x04,0x03,0x02,0x02,0x00,0x0e,0x98,0xcf,
    0x0f,0xa6,0x7d,0x0d,0x26,0x1c,0xe7,0x58,0x00,0x0e,0x30,0x95,0xf8,0x07,0xbf,0xff,
    0xff,0xff,0xff,0xf7,0x17,0x97,0xee,0x25,0x0a,0x05,0xcb,0x05,0x2b,0x06,0xeb,0x0d,
    0xcb,0x15,0xeb,0x15,0x08,0x0a,0x22,0xeb,0x0d,0x40,0x03,0x04,0x02,0x00,0x01,0xb2,
    0x06,0x01,0x02,0x00,0xb3,0x0c,0x06,0x0c,0x06,0xcc,0x0d,0xcc,0x0d,0xec,0x0d,0x0c,
    0xce,0x06,0x81,0xcb,0x05,0x49,0x05,0xef,0x35,0x18,0xaf,0x26,0x01,0x01,0x64,0x03,
    0x0f,0x02,0x00,0xff,0x1c,0x0a,0xb4,0x10,0x0f,0x4e,0x1a,0x13,0x0f,0x02,0x00,0x07,
    0x0f,0xb4,0x06,0x03,0x04,0x88,0x0a,0x0f,0x02,0x00,0x0b,0x08,0xba,0x1b,0x2f,0x20,
    0x00,0xe6,0x03,0x05,0x06,0xb4,0x21,0x0f,0x62,0x11,0x21,0x0f,0x02,0x00,0x57,0x22,
    0x38,0xc6,0xa2,0x00,0x04,0x02,0x00,0x0f,0x4a,0x21,0x05,0x0e,0xf2,0x3d,0x0a,0xb2,
    0x5d,0x0f,0x02,0x00,0x01,0x6e,0xb2,0x94,0xaa,0x52,0x69,0x4a,0xa2,0x26,0xf4,0x0d,
    0xff,0xff,0xff,0xff,0x9c,0xcf,0x30,0x46,0x8a,0x05,0xaa,0x05,0x0c,0x16,0x0c,0x0e,
    0x2b,0x06,0xeb,0x0d,0xcc,0x15,0xcc,0x15,0xec,0x0d,0x0c,0x0e,0x4c,0x03,0x0c,0x02,
    0x00,0x11,0xec,0x30,0x0a,0x04,0x5c,0x03,0x24,0x0c,0x06,0x08,0x00,0x01,0x02,0x00,
    0xa9,0x0e,0xeb,0x05,0xa9,0x05,0x4a,0x05,0x52,0x6e,0xde,0xac,0x17,0x0f,0x02,0x00,
    0xff,0x16,0x24,0xdb,0xde,0xfe,0x01,0x5f,0x00,0x00,0x00,0x00,0xa2,0x3e,0x10,0x2a,
    0x0f,0xb4,0x06,0x27,0x02,0x02,0x00,0x04,0x92,0x21,0x2f,0xe3,0x18,0x6a,0x0d,0x05,
    0x0c,0x46,0x09,0x0f,0xb6,0xd0,0x01,0x0f,0x02,0x00,0x73,0x0c,0x08,0x14,0x0f,0xaa,
    0x00,0x05,0x1b,0x3c,0x7a,0x5d,0x3f,0x00,0x00,0x20,0x88,0x03,0x06,0x0e,0x02,0x00,
    0x06,0x76,0x07,0x02,0x0a,0x00,0xf1,0x01,0x59,0xa7,0x6d,0x1d,0x8a,0x05,0x0b,0x06,
    0xeb,0x15,0x2b,0x06,0x0b,0x0e,0xcc,0x15,0x22,0x03,0x11,0x06,0x6e,0x0d,0x01,0x14,
    0x0a,0x0e,0x02,0x00,0x04,0x5c,0x03,0x02,0x2a,0x00,0x01,0x36,0x0a,0x01,0xc6,0x06,
    0x02,0x6e,0x03,0xc2,0xeb,0x0d,0x0b,0x0e,0xcb,0x05,0x68,0x05,0xee,0x2d,0x5b,0xcf,
    0xc4,0x21,0x0e,0x84,0x00,0x0f,0x02,0x00,0xff,0x08,0x22,0x9a,0xd6,0xd0,0x01,0x04,
    0x5c,0x03,0x08,0xf4,0x1a,0x0f,0x02,0x00,0x15,0x02,0x72,0x01,0x0f,0xb4,0x06,0x03,
    0x02,0x68,0x0d,0x0f,0x02,0x00,0x15,0x6f,0x38,0xc6,0xf3,0x9c,0x55,0xad,0x84,0x00,
    0x07,0x0a,0x38,0x0a,0x0f,0x94,0x0d,0x07,0x0f,0x02,0x00,0x6f,0x0a,0x3c,0xa4,0x4f,
    0x00,0x00,0x20,0x00,0xd4,0x10,0x05,0x0e,0x48,0x1e,0x22,0x28,0x42,0x52,0x01,0x0f,
    0x02,0x00,0x1d,0x55,0x94,0x76,0x6a,0x05,0x8a,0x26,0x03,0x0f,0x02,0x00,0x21,0x06,
    0x68,0x03,0x19,0xec,0x3c,0x0a,0x63,0xca,0x05,0x6b,0x05,0x95,0x96,0x5e,0x03,0x0f,
    0x1e,0x0a,0xff,0x17,0x42,0x9e,0xf7,0x04,0x21,0x58,0x03,0x02,0x58,0x43,0x0f,0xd0,
    0x01,0x1d,0x04,0x02,0x00,0x0f,0x5a,0x03,0x31,0x0f,0x02,0x00,0x0d,0x0a,0xfc,0xdf,
    0x0f,0x6e,0x0a,0x09,0x4f,0x38,0xc6,0xb6,0xb5,0xea,0x1e,0x1b,0x0f,0x02,0x00,0x21,
    0x6f,0x9e,0xf7,0xd7,0xbd,0xd7,0xbd,0x28,0x18,0x03,0x0e,0x62,0x22,0x0f,0x4e,0x42,
    0x07,0x0e,0x36,0x3a,0x0f,0xa6,0x11,0x1c,0xd2,0xf7,0xff,0xff,0xff,0xf7,0x93,0x66,
    0xe9,0x04,0x8b,0x05,0x0c,0x0e,0x1c,0x03,0x0f,0x5a,0x03,0x13,0x04,0x28,0x00,0x82,
    0xeb,0x0d,0xeb,0x0d,0xcb,0x0d,0xcb,0x15,0x36,0x00,0x04,0xa6,0x17,0x02,0xa6,0x03,
    0x01,0xc4,0x06,0x92,0x0d,0xab,0x05,0x4a,0x05,0xb6,0x8e,0xff,0xff,0xfa,0x1a,0x0f,
    0x01,0x00,0xff,0x16,0x06,0xc2,0x27,0x2f,0x82,0x10,0x04,0x16,0x0b,0x0f,0x02,0x00,
    0x07,0x0f,0xd0,0x1a,0x03,0x02,0xb4,0x06,0x0f,0x8a,0x01,0x37,0x0c,0x12,0x1a,0x1f,
    0x04,0xba,0x52,0x02,0x31,0x1c,0xe7,0xe7,0x74,0x83,0x2f,0x61,0x08,0x04,0x58,0x07,
    0x0f,0x02,0x00,0x31,0x04,0xb0,0x14,0x2f,0x04,0x21,0x5e,0x18,0x03,0x0c,0xde,0xcb,
    0x2f,0x41,0x08,0xee,0x03,0x05,0x0e,0x3a,0x34,0x0f,0xba,0x00,0x19,0xe2,0xdf,0xff,
    0xff,0xff,0xfe,0xf7,0xd1,0x5d,0x6a,0x05,0x0b,0x06,0x0c,0x0e,0x2e,0x03,0x01,0x10,
    0x14,0x09,0x6c,0x17,0x0f,0x02,0x00,0x03,0x02,0x2e,0x00,0x01,0x02,0x00,0x87,0x0e,
    0xeb,0x0d,0x0b,0x0e,0x0b,0x06,0x2b,0x00,0x1b,0x06,0x5c,0x03,0xa1,0x0c,0x06,0x4c,
    0x06,0xeb,0x05,0x6b,0x05,0x33,0x5e,0x42,0x1b,0x0f,0x3f,0x01,0x31,0x0f,0x02,0x00,
    0xd4,0x6f,0x18,0xc6,0x4d,0x6b,0x8a,0x52,0x84,0x8e,0x27,0x0e,0x1e,0x27,0x0f,0x84,
    0x4d,0x09,0x02,0x02,0x00,0x0f,0x72,0x03,0x1f,0x0e,0xba,0x25,0x0f,0x24,0x11,0x01,
    0x28,0xbe,0xf7,0xcc,0x17,0x0f,0x18,0x10,0x0f,0x0f,0x02,0x00,0x25,0x42,0xdb,0xde,
    0x61,0x08,0xe8,0x00,0x0f,0x80,0x78,0x05,0x0c,0xc4,0x6a,0x08,0x84,0x44,0x0c,0x02,
    0x00,0x0c,0xfa,0x10,0x0f,0xc4,0x33,0x19,0x86,0xdf,0xff,0xdf,0xff,0xf0,0x45,0x69,
    0x05,0x70,0x06,0x22,0xeb,0x05,0x02,0x00,0x01,0x34,0x03,0x0f,0x02,0x00,0x0a,0x26,
    0x0c,0x06,0x94,0x17,0x91,0x2b,0x06,0x2b,0x06,0xeb,0x05,0xcb,0x05,0xcb,0x0a,0x1b,
    0x21,0xeb,0x0d,0xb0,0x06,0x03,0x02,0x00,0xcc,0x0c,0x06,0x0b,0x06,0xcb,0x15,0xec,
    0x05,0x4a,0x05,0x12,0x66,0xbc,0x00,0x0f,0x02,0x00,0xf7,0x0f,0xc4,0x1a,0x09,0x0f,
    0x02,0x00,0x25,0x08,0x78,0x94,0x04,0x02,0x00,0x06,0xcc,0x05,0x6c,0x59,0xce,0xef,
    0x7b,0x8e,0x73,0xe6,0x02,0x04,0x5c,0x03,0x0f,0x90,0x00,0x17,0x0c,0x1c,0x07,0x0f,
    0x64,0x4a,0x03,0x08,0x6e,0x14,0x0f,0xf0,0x5c,0x09,0x4f,0x9a,0xd6,0xb6,0xb5,0x92,
    0x40,0x0b,0x64,0x3c,0xe7,0xf7,0xbd,0x59,0xce,0xa8,0x00,0x0c,0x02,0x00,0x0a,0x7a,
    0x76,0x0f,0x38,0x87,0x01,0x3b,0xff,0xff,0xae,0xb4,0x91,0x2c,0x45,0x29,0x46,0x00,
    0x06,0x02,0x00,0x08,0xd2,0x33,0x2f,0x41,0x08,0xce,0x10,0x17,0xc4,0xff,0xff,0xff,
    0xff,0x54,0x7e,0x49,0x05,0x4b,0x06,0xeb,0x15,0x5e,0x17,0x0f,0x56,0x03,0x11,0x06,
    0x02,0x00,0xf2,0x06,0xec,0x05,0xec,0x0d,0xeb,0x05,0xcb,0x05,0xab,0x05,0x8a,0x05,
    0xcc,0x05,0xcc,0x05,0xab,0x05,0xab,0x05,0xcb,0x02,0x00,0x23,0x0d,0xcc,0x80,0x0d,
    0x42,0xec,0x05,0xeb,0x0d,0x5e,0x03,0x42,0x6a,0x05,0xb5,0x86,0x86,0x0a,0x12,0xdf,
    0x7d,0x00,0x0f,0x02,0x00,0xf2,0xaf,0x1c,0xe7,0x8e,0x73,0x65,0x29,0x24,0x21,0xcb,
    0x5a,0x54,0x02,0x07,0x02,0xd2,0x1f,0x0f,0x02,0x00,0x1b,0x0e,0x5a,0x0c,0x04,0x0e,
    0x0a,0x0a,0x24,0x28,0x3b,0x08,0x42,0x9e,0x06,0x0f,0x8f,0x14,0xa5,0x08,0x42,0x24,
    0x21,0xe7,0x39,0xbc,0x72,0x11,0x0e,0x9e,0xd7,0x0c,0xae,0x03,0x02,0x02,0x00,0x0a,
    0x38,0x0a,0x2c,0x45,0x29,0x74,0x00,0x73,0xff,0xff,0xff,0xff,0xbe,0xf7,0x2c,0x32,
    0x44,0x2f,0x8a,0x52,0x20,0x00,0x01,0x62,0xff,0xff,0xff,0xff,0x71,0x8c,0x46,0x4b,
    0x2f,0xa6,0x31,0x44,0x1b,0x03,0x0a,0x38,0x03,0x0f,0x86,0x58,0x03,0x2c,0x3c,0xe7,
    0xc6,0x25,0x0f,0xb4,0x00,0x03,0x11,0xdf,0x73,0x00,0x22,0xef,0x7b,0x2e,0x00,0x1d,
    0xe3,0xb4,0xc0,0x0f,0x02,0x00,0x0b,0x93,0x76,0x86,0x6b,0x05,0x0b,0x06,0x0b,0x0e,
    0x0b,0x10,0x0a,0x24,0x0b,0x0e,0x5c,0x03,0x04,0x08,0x00,0x0f,0x02,0x00,0x09,0xf4,
    0x13,0x0c,0x06,0x0b,0x06,0xab,0x05,0x6a,0x05,0xcc,0x25,0x2e,0x3e,0x91,0x56,0xd4,
    0x6e,0x15,0x7f,0xd4,0x6e,0xb3,0x66,0x92,0x56,0xf0,0x3d,0xac,0x1d,0x8a,0x05,0x8b,
    0x05,0xcb,0x05,0xee,0x1a,0x01,0x18,0x07,0x72,0x0e,0xab,0x0d,0x4a,0x05,0x98,0x9e,
    0x5e,0x03,0x0f,0x02,0x00,0xf5,0x24,0x55,0xad,0x22,0x1e,0x0f,0xd2,0xc2,0x09,0x02,
    0xe6,0x01,0x0f,0x02,0x00,0x1b,0x2c,0xbe,0xf7,0xf8,0x3f,0x02,0x68,0x0d,0x06,0x86,
    0x14,0x04,0x02,0x00,0x0a,0xf0,0x2b,0x08,0xd6,0x3c,0x0f,0xde,0x09,0x01,0x0a,0x02,
    0x00,0x04,0xa0,0x17,0x04,0x02,0x00,0x1f,0x61,0x34,0xa6,0x02,0x44,0xbe,0xf7,0xe3,
    0x18,0x22,0x00,0x0f,0x76,0x38,0x07,0x08,0x4c,0x00,0x2a,0xcb,0x5a,0x68,0x00,0x02,
    0x02,0x00,0x08,0x42,0x17,0x2f,0x04,0x21,0x80,0x03,0x01,0x0c,0x4e,0x0d,0x0f,0x7e,
    0x33,0x03,0x08,0x6a,0x00,0x02,0x70,0x37,0x0f,0x62,0x01,0x03,0x02,0x16,0x00,0x7f,
    0xdb,0xde,0x14,0xa5,0x75,0xad,0x5d,0x4c,0x1a,0x10,0x02,0x30,0x00,0x91,0xbf,0xff,
    0xff,0xff,0x59,0xa7,0x4b,0x05,0xcb,0x5a,0x0d,0x1f,0x2b,0xfe,0x09,0x0a,0x08,0x02,
    0x00,0x22,0xeb,0x0d,0x2e,0x00,0xf1,0x18,0xcc,0x15,0xeb,0x05,0xcb,0x05,0x8c,0x0d,
    0x0f,0x36,0xf5,0x7e,0x58,0xaf,0xbb,0xcf,0xfd,0xdf,0xfe,0xef,0xfe,0xf7,0xfe,0xf7,
    0xfe,0xf7,0xdd,0xe7,0x7c,0xd7,0x39,0xb7,0x94,0x76,0xef,0x2d,0xac,0x05,0xcb,0xfc,
    0x1a,0x23,0xec,0x05,0x54,0x1e,0x74,0x0e,0xca,0x05,0x6c,0x0d,0x7b,0xc7,0x84,0x00,
    0x0f,0x02,0x00,0xed,0x2c,0xbe,0xf7,0x0a,0x02,0x0f,0x6e,0x19,0x05,0x0f,0x02,0x00,
    0x23,0x0a,0xc4,0x05,0x06,0x5a,0x03,0x0c,0xdc,0x73,0x17,0xa6,0xce,0x75,0x0a,0xf4,
    0x13,0x0f,0x96,0x10,0x03,0x06,0x02,0x00,0x24,0x5d,0xef,0x26,0x18,0x04,0x02,0x00,
    0x0f,0x0c,0x4f,0x03,0x08,0x94,0x2c,0x0f,0x48,0x2f,0x05,0x28,0x5d,0xef,0x2a,0x0d,
    0x0e,0x7c,0xc3,0x0e,0xa2,0x1e,0x22,0xf3,0x9c,0x16,0x00,0x08,0x02,0x00,0x0a,0x7c,
    0x0a,0x0f,0x52,0x01,0x05,0x0e,0xbe,0x1a,0x0f,0x4a,0x0d,0x19,0x0f,0x02,0x00,0x0a,
    0x91,0xf7,0xdf,0xff,0xdf,0xff,0x7c,0xd7,0x6d,0x25,0x22,0x0d,0x01,0x5e,0x03,0x0f,
    0x02,0x00,0x15,0x01,0x64,0x0d,0xef,0x0d,0x0b,0x06,0xec,0x05,0x6b,0x05,0xce,0x35,
    0xf6,0x86,0xdb,0xbf,0xff,0xd0,0x03,0x02,0x91,0xfe,0xe7,0xbb,0xb7,0xf6,0x86,0xcf,
    0x35,0x8b,0xbc,0x06,0x11,0xec,0xb2,0x21,0x81,0x0b,0x06,0x0b,0x0e,0x8a,0x05,0x8f,
    0x2d,0x4e,0x1e,0x3f,0xf7,0xff,0xf7,0xa4,0x00,0x0a,0x0f,0x02,0x00,0xce,0x13,0xd7,
    0x80,0x27,0x08,0x9e,0x02,0x1f,0x08,0x58,0x93,0x00,0x0a,0x02,0x00,0xff,0x03,0x9a,
    0xd6,0xf3,0x9c,0xef,0x7b,0x10,0x84,0x6d,0x6b,0xcf,0x7b,0x10,0x84,0x10,0x84,0xb6,
    0xb5,0xc8,0x67,0x03,0x02,0xf4,0x18,0x02,0x0c,0x4a,0x0e,0x64,0x2f,0x0a,0xc8,0xf6,
    0x15,0x86,0x5c,0x03,0x26,0x9e,0xf7,0x46,0x07,0x02,0x02,0x00,0x0f,0xa8,0x0a,0x07,
    0x0a,0x5a,0x0a,0x02,0x02,0x00,0x2f,0x41,0x08,0x2e,0x1a,0x03,0x0a,0xe6,0x03,0x2f,
    0x00,0x00,0x2e,0xf4,0x01,0x0c,0x14,0x11,0x0e,0xa2,0x40,0x2a,0x7d,0xef,0xfe,0x06,
    0x0f,0xae,0xf7,0x01,0x19,0xfb,0xcc,0x10,0x08,0xdc,0x00,0x0a,0x02,0x00,0x1b,0x4d,
    0x2e,0x14,0x2f,0xe3,0x18,0x62,0x0e,0x17,0x0f,0x02,0x00,0x05,0x31,0xdf,0xff,0xdf,
    0x92,0x2b,0x85,0xff,0xff,0x11,0x4e,0x4a,0x05,0xec,0x05,0xfc,0x09,0x1f,0x0e,0x5e,
    0x03,0x17,0xc1,0xcb,0x0d,0xeb,0x05,0xcc,0x05,0x31,0x4e,0x79,0xb7,0xff,0xf7,0x52,
    0x00,0x01,0x02,0x00,0x02,0xce,0x01,0x03,0x1a,0x0c,0x01,0x38,0x03,0x71,0xfe,0xff,
    0x5a,0xbf,0x52,0x46,0xac,0x1c,0x0a,0x22,0xec,0x0d,0x02,0x00,0x5f,0x0c,0x06,0x6a,
    0x05,0x94,0xd4,0x10,0xee,0x2c,0xdf,0xff,0xb2,0x06,0x02,0x02,0x00,0x0c,0x9c,0x30,
    0x08,0x02,0x00,0x4f,0xba,0xd6,0x10,0x84,0x9e,0x10,0x01,0x62,0xe3,0x18,0x0c,0x63,
    0x75,0xad,0x80,0x01,0x0e,0x02,0x00,0x5d,0xf7,0xbd,0xf3,0x9c,0x96,0x66,0x4a,0x02,
    0x9a,0x1e,0x04,0x02,0x00,0x06,0xa4,0x02,0x24,0xeb,0x5a,0x14,0x00,0x02,0x02,0x00,
    0x1f,0x61,0x96,0xb9,0x0a,0x0c,0xea,0x09,0x0f,0xc8,0x2b,0x07,0x02,0x7e,0x17,0x06,
    0x02,0x00,0x1f,0x38,0x1c,0x33,0x00,0x28,0xdf,0xff,0xee,0x4a,0x2e,0xa2,0x10,0x34,
    0x04,0x28,0xfb,0xde,0x88,0x04,0x0f,0x2e,0x01,0x05,0x0a,0x6c,0x00,0x0f,0x4e,0x21,
    0x05,0x0c,0x02,0x14,0x0f,0x74,0x35,0x03,0x0f,0x02,0x00,0x1e,0x01,0x46,0x32,0x35,
    0x57,0x97,0x8a,0xb0,0x06,0x0f,0x1a,0x14,0x15,0x01,0x02,0x00,0xb2,0x0e,0x4b,0x06,
    0xeb,0x05,0xac,0x0d,0x73,0x6e,0xdd,0xd7,0x7a,0x00,0x03,0x4e,0x03,0x01,0x60,0x03,
    0x02,0x02,0x00,0x11,0xbf,0x6a,0x17,0x02,0x18,0x00,0x51,0xdd,0xd7,0x73,0x66,0xac,
    0x1a,0x0a,0x11,0xeb,0x1a,0x0a,0x8f,0x0b,0x06,0xeb,0x05,0x4b,0x05,0x59,0xa7,0x18,
    0x0a,0xe9,0x26,0xba,0xd6,0xd8,0x29,0x0a,0x02,0x00,0x06,0xc6,0x13,0x0a,0x02,0x00,
    0x1f,0x9a,0x90,0x8e,0x04,0x06,0x02,0x00,0x28,0xa6,0x31,0xf4,0x09,0x0f,0x02,0x00,
    0x0f,0x06,0x22,0xbe,0x24,0xc7,0x39,0x4a,0x0c,0x08,0xce,0x0c,0x02,0x02,0x00,0x0f,
    0x30,0x42,0x09,0x0c,0xfe,0x06,0x5f,0x00,0x00,0x20,0x00,0x3c,0x22,0x3b,0x02,0x0c,
    0x82,0x09,0x1f,0x65,0x98,0x13,0x04,0x08,0x4e,0x07,0x06,0x9c,0x5b,0x06,0x02,0x00,
    0x0a,0xc8,0x17,0x4e,0x00,0x00,0x24,0x21,0x80,0x03,0x0e,0x4c,0x0d,0x0f,0x54,0x01,
    0x05,0x0c,0x32,0x28,0x2f,0xa6,0x31,0xa0,0x04,0x05,0x0f,0x02,0x00,0x16,0xb2,0xf7,
    0xdf,0xf7,0xdf,0xff,0xde,0xe7,0xee,0x1d,0xea,0x05,0xac,0x06,0x11,0xec,0xbe,0x06,
    0x05,0xc0,0x06,0x0f,0x02,0x00,0x0e,0x7a,0xeb,0x05,0xcb,0x05,0x73,0x66,0xbc,0x0a,
    0x0a,0x09,0xe2,0x09,0x02,0x56,0x03,0x04,0x14,0x00,0x41,0xdd,0xe7,0x92,0x56,0x32,
    0x11,0x01,0xd8,0x10,0x91,0x0c,0x06,0xeb,0x0d,0x8a,0x05,0x0f,0x2e,0xde,0xe2,0x03,
    0x0f,0x02,0x00,0xe1,0x2a,0x71,0x8c,0x7e,0x05,0x06,0x02,0x00,0x0f,0x50,0x02,0x01,
    0x37,0xff,0xff,0xdf,0xd8,0x4b,0x0f,0x02,0x00,0x0b,0x2f,0xe7,0x39,0x10,0x06,0x01,
    0x0f,0x02,0x00,0x05,0x75,0x96,0xb5,0x4d,0x6b,0xeb,0x5a,0x71,0x5a,0x2a,0x0e,0x58,
    0x14,0x0f,0x9a,0x2b,0x07,0x02,0x5c,0x52,0x0a,0xa2,0x09,0x0e,0xb6,0x34,0x04,0x02,
    0x00,0x0c,0x6e,0x0d,0x0f,0xb2,0x03,0x01,0x02,0xd8,0x02,0x8f,0xb2,0x94,0xa6,0x31,
    0xc3,0x18,0x86,0x31,0x34,0x0a,0x01,0x0e,0x68,0xa0,0x24,0xc3,0x18,0x16,0x04,0x08,
    0x02,0x00,0x0c,0x22,0x04,0x0e,0xda,0x43,0x02,0x6c,0x00,0x2c,0x38,0xc6,0x4e,0x01,
    0x0e,0xc6,0x62,0x0f,0x02,0x00,0x1d,0xd2,0xdf,0xff,0xff,0xff,0x74,0x6e,0x0a,0x05,
    0x0c,0x0e,0x0b,0x06,0x0a,0xac,0x24,0x05,0xc2,0x06,0x0f,0x02,0x00,0x0f,0x71,0xeb,
    0x05,0x6b,0x05,0x30,0x5e,0xdb,0xb4,0x06,0x02,0xa4,0x00,0x0f,0x02,0x00,0x01,0x01,
    0x1a,0x00,0x14,0xef,0x52,0x0d,0x91,0xbb,0xcf,0x4f,0x36,0xea,0x05,0xeb,0x05,0xcb,
    0x18,0x0a,0x83,0x0b,0x06,0x4b,0x06,0x29,0x05,0xd5,0x8e,0x26,0x00,0x0f,0x02,0x00,
    0xda,0x2c,0xfb,0xde,0x7a,0x27,0x04,0x02,0x00,0x2e,0x61,0x08,0xd2,0x12,0x5f,0xdf,
    0xff,0xff,0xff,0x9e,0xce,0xf9,0x16,0x02,0x02,0x00,0x0f,0xbe,0x06,0x13,0x01,0xa0,
    0x01,0x0b,0x02,0x00,0x0c,0xc8,0x05,0x0f,0x70,0x3b,0x0d,0x0e,0x38,0xc3,0x0f,0xca,
    0x2b,0x05,0x0c,0x6e,0x0d,0x0f,0xf2,0x3e,0x06,0x01,0x02,0x00,0x0f,0x30,0x03,0x01,
    0x04,0x02,0x00,0x17,0xaa,0x3c,0x7d,0x0f,0xba,0x74,0x05,0x0c,0xe2,0x47,0x0f,0x90,
    0x11,0x07,0x0a,0x58,0x69,0x44,0x00,0x00,0xd7,0xbd,0x68,0x00,0x0f,0x02,0x00,0x27,
    0x51,0xbc,0xd7,0xad,0x15,0xab,0xc4,0x2e,0x21,0x0b,0x06,0xfc,0x38,0x0f,0x5c,0x03,
    0x0a,0x11,0xeb,0xa0,0x1a,0x02,0xc6,0x10,0x77,0x0b,0x06,0xeb,0x05,0xaf,0x35,0x5a,
    0x7c,0x2b,0x02,0xa6,0x01,0xf1,0x00,0xfd,0xe7,0x39,0xb7,0xd7,0x9e,0xf7,0x9e,0xd6,
    0x8e,0xf7,0x9e,0x7a,0xbf,0xdd,0x1a,0x08,0x03,0xbe,0x06,0x01,0x02,0x00,0x61,0x58,
    0xa7,0xcc,0x15,0xea,0x05,0x5a,0x2f,0xa2,0x0d,0x0c,0x06,0x2b,0x06,0x8a,0x05,0xee,
    0x25,0xfe,0x3b,0x00,0x01,0x4e,0x0a,0x01,0x07,0x00,0x0f,0x02,0x00,0xce,0x2c,0x14,
    0xa5,0x2a,0x10,0x04,0x02,0x00,0x2f,0x69,0x4a,0x34,0x05,0x03,0x0a,0x78,0xb2,0x0f,
    0x02,0x00,0x13,0x0f,0x96,0x1a,0x11,0x0e,0x02,0x00,0x0c,0x60,0x13,0x0f,0xf0,0x05,
    0x01,0x0a,0x02,0x00,0x0a,0xd8,0x0c,0x0f,0xb6,0x06,0x07,0x0e,0xc4,0x1e,0x0f,0x20,
    0x11,0x0b,0x0f,0x02,0x00,0x09,0x0a,0x5c,0x03,0x0f,0xf8,0x5e,0x05,0x0a,0x4c,0x1b,
    0x3f,0x00,0x00,0x18,0xde,0x0d,0x00,0x0f,0x52,0x82,0x01,0x0e,0x3e,0x11,0x0f,0x02,
    0x00,0x1f,0xb1,0x73,0x7e,0x89,0x05,0x2b,0x06,0x0c,0x06,0xcc,0x15,0xeb,0xe4,0x2e,
    0x03,0xf6,0x38,0x04,0x0c,0x00,0x0c,0x02,0x00,0x01,0x18,0x14,0x51,0x0b,0x06,0xeb,
    0x0d,0xec,0x22,0x00,0x91,0x74,0x76,0xdf,0xff,0xff,0xff,0xde,0xff,0xdf,0xba,0x0d,
    0xb3,0xdf,0xff,0xfe,0xf7,0x58,0xa7,0x51,0x4e,0xcd,0x1d,0x8c,0x3a,0x1e,0x81,0xef,
    0x25,0xb3,0x5e,0x99,0x9f,0xff,0xef,0x5c,0x03,0x01,0xd4,0x10,0xf4,0x05,0xff,0xff,
    0xbd,0xff,0x71,0x56,0x0a,0x06,0x0b,0x06,0xcb,0x0d,0xcc,0x0d,0xec,0x0d,0xeb,0x0d,
    0x0c,0x06,0x62,0x28,0x0a,0x84,0x03,0x0f,0x02,0x00,0xc9,0x08,0x4e,0x0c,0x08,0x02,
    0x00,0x1d,0x61,0x76,0xee,0x04,0x02,0x00,0x1f,0x7d,0x5a,0x03,0x00,0xfb,0x02,0x41,
    0x08,0x28,0x42,0x10,0x84,0x10,0x84,0x71,0x8c,0x51,0x8c,0x30,0x84,0xeb,0x5a,0x45,
    0xac,0x90,0x0f,0x62,0x0c,0x09,0x0f,0x02,0x00,0x07,0x0e,0x14,0x43,0x0c,0x78,0xfd,
    0x0c,0x02,0x00,0x0c,0x56,0x32,0x0f,0x9a,0x02,0x07,0x32,0xba,0xd6,0x20,0x97,0x00,
    0x03,0x02,0x00,0x08,0xf2,0x17,0x0f,0x02,0x00,0x1d,0x23,0x30,0x84,0x45,0x00,0x03,
    0x02,0x00,0x0e,0xec,0x07,0x0c,0x4c,0x21,0x0f,0x96,0x14,0x05,0x02,0x02,0x00,0x08,
    0xbc,0x11,0x0f,0xe6,0x2e,0x25,0x08,0x02,0x00,0x41,0xbe,0xf7,0x8e,0x2d,0x8c,0x06,
    0x15,0x0e,0x5a,0x03,0x0f,0x02,0x00,0x0b,0x02,0xc8,0x24,0x01,0x08,0x00,0xb3,0xaa,
    0x05,0xec,0x15,0x99,0xaf,0xff,0xff,0xff,0xff,0xfe,0x70,0x06,0x77,0xfe,0xe7,0x94,
    0x76,0x6d,0x1d,0x8b,0x28,0x1b,0x91,0xcb,0x05,0xab,0x05,0xce,0x25,0xd5,0x86,0xfe,
    0xbe,0x06,0x04,0x02,0x00,0x71,0x97,0x8f,0xeb,0x05,0xcb,0x05,0xeb,0x8c,0x17,0x9a,
    0xcb,0x0d,0xec,0x0d,0x8b,0x05,0x8f,0x2d,0xfe,0xb4,0x0d,0x0f,0x02,0x00,0xca,0x0a,
    0x90,0x35,0x06,0x02,0x00,0x2f,0xc7,0x39,0x2a,0x2a,0x05,0x0e,0xf0,0x05,0x2e,0x82,
    0x10,0x80,0xb3,0x4e,0xbe,0xf7,0x55,0xad,0x3e,0x14,0x0f,0xde,0x08,0x1d,0x0c,0x84,
    0x06,0x04,0x5c,0x0a,0x0f,0x52,0x08,0x07,0x0c,0x42,0x0a,0x2f,0x08,0x42,0xbf,0x01,
    0x05,0x26,0xb2,0x94,0xee,0x00,0x0f,0xbe,0x27,0x0b,0x0f,0x02,0x00,0x0f,0x0c,0x22,
    0x29,0x0f,0x86,0x0a,0x03,0x0a,0xa4,0x1b,0x0f,0x52,0x07,0x09,0x06,0xb2,0x25,0x2f,
    0x08,0x42,0x8c,0x0a,0x09,0x0f,0x02,0x00,0x15,0x51,0xd8,0xa6,0x8b,0x05,0x4b,0x0c,
    0x28,0x01,0xf0,0x09,0x0f,0x02,0x00,0x10,0x15,0x0b,0x2e,0x00,0x61,0xab,0x05,0x90,
    0x46,0xfd,0xdf,0xae,0x06,0x03,0x6f,0x00,0xf2,0x0d,0xf6,0x86,0x4b,0x05,0xaa,0x05,
    0x2c,0x06,0x0b,0x06,0xea,0x05,0xea,0x0d,0xea,0x15,0xca,0x15,0xca,0x0d,0xeb,0x05,
    0xcb,0x05,0x6b,0x15,0x16,0x87,0xa2,0x17,0x02,0xa2,0x01,0x82,0xfb,0xc7,0x2e,0x2e,
    0xca,0x05,0xeb,0x0d,0x5e,0x28,0x7f,0xcc,0x0d,0x0c,0x06,0x8c,0x05,0x5a,0x96,0x3c,
    0xd8,0x0e,0x9e,0x0c,0x02,0xb4,0x16,0x0f,0xbe,0x02,0x07,0x22,0xef,0x7b,0x24,0x00,
    0x04,0x02,0x00,0x2f,0x69,0x4a,0x3c,0x1a,0x03,0x02,0xaa,0x05,0x0a,0x1c,0x06,0x2f,
    0xe3,0x18,0xb4,0x20,0x01,0x0f,0x02,0x00,0x05,0x0e,0xc2,0x3e,0x0f,0x78,0x31,0x07,
    0x02,0x02,0x00,0x06,0xa4,0x2f,0x04,0x02,0x00,0x0f,0xc8,0x1d,0x01,0x02,0x02,0x00,
    0x0c,0x4a,0x1a,0x0f,0x6c,0x06,0x03,0x0f,0x02,0x00,0x13,0x0a,0x3c,0x18,0x0f,0x32,
    0x3a,0x05,0x1b,0x9e,0x92,0x22,0x0f,0x98,0x4a,0x0b,0x1f,0x79,0x1c,0xf8,0x12,0x0f,
    0x02,0x00,0x13,0x31,0xf1,0x45,0xab,0xb2,0x3f,0x0f,0x5c,0x03,0x1d,0xa1,0x2b,0x06,
    0xeb,0x05,0xab,0x0d,0xf4,0x76,0xfe,0xf7,0xfe,0x3f,0x01,0x02,0x00,0x51,0x5a,0xb7,
    0xae,0x25,0xaa,0x36,0x25,0xf7,0x06,0xeb,0x0d,0x0b,0x06,0x0a,0x06,0xea,0x0d,0xea,
    0x05,0x0a,0x06,0x2b,0x06,0x2a,0x06,0xca,0x05,0xee,0x2d,0xba,0x82,0x21,0x53,0xfc,
    0xe7,0x91,0x56,0xeb,0x4e,0x1b,0xa1,0xcb,0x15,0xcc,0x15,0x2c,0x06,0x89,0x05,0x74,
    0x66,0x20,0x22,0x16,0xf7,0x5c,0x4a,0x0f,0x02,0x00,0xc7,0x0e,0x12,0x0a,0x22,0xa6,
    0x31,0x08,0x0c,0x0f,0x5e,0x03,0x03,0x2a,0x1c,0xe7,0x2e,0x03,0x0f,0xde,0x30,0x07,
    0x02,0x40,0x00,0x28,0x59,0xce,0x1e,0x1a,0x0f,0x30,0x00,0x09,0x0c,0x02,0x00,0x0e,
    0xc8,0x8e,0x1f,0x24,0x24,0x32,0x02,0x08,0x02,0x00,0x0c,0xd2,0x0c,0x0f,0x32,0x00,
    0x07,0x2a,0xbe,0xf7,0x84,0x51,0x2f,0x82,0x10,0xa8,0x17,0x03,0x0f,0x02,0x00,0x15,
    0x08,0x72,0x0d,0x0f,0xc6,0x22,0x07,0x0c,0xa0,0x00,0x0f,0xe0,0x06,0x03,0x0f,0x02,
    0x00,0x3d,0x41,0x7b,0xcf,0x8c,0x05,0x12,0x0a,0x1f,0x06,0x5c,0x03,0x15,0xf3,0x01,
    0x0b,0x06,0x0b,0x06,0xcb,0x15,0xeb,0x0d,0x4b,0x06,0xeb,0x05,0x6a,0x15,0x35,0x8f,
    0x10,0x03,0x01,0x5e,0x43,0x71,0x93,0x6e,0x4b,0x05,0x0b,0x06,0x0a,0xd8,0x06,0x71,
    0xeb,0x05,0xeb,0x05,0xea,0x0d,0xea,0x42,0x0a,0x81,0xea,0x05,0x0a,0x06,0xab,0x05,
    0xf6,0x8e,0xfa,0x01,0x01,0x2c,0x00,0xf1,0x0a,0xfd,0xf7,0xd4,0x76,0x0b,0x06,0xea,
    0x05,0xeb,0x0d,0x2b,0x06,0xec,0x0d,0xac,0x15,0x0c,0x06,0xea,0x05,0x8e,0x1d,0x9e,
    0xe7,0xff,0xb6,0x0d,0x13,0xbf,0x26,0x00,0x0f,0x02,0x00,0xc7,0x0a,0x7c,0x93,0x06,
    0x66,0x1d,0x02,0x1a,0x03,0x0e,0x02,0x00,0x0a,0x5c,0x1e,0x02,0x5a,0x03,0x0f,0x2c,
    0x00,0x03,0x01,0xd8,0x0e,0x0d,0x92,0x20,0x3f,0x82,0x10,0x7d,0x72,0x0b,0x14,0x0a,
    0xfc,0x02,0x0f,0xda,0x1d,0x05,0x0a,0x02,0x00,0x0c,0xa0,0x1b,0x0f,0xec,0x2a,0x03,
    0x0f,0x30,0x10,0x01,0x0f,0xe6,0x39,0x27,0x02,0x02,0x00,0x24,0x7d,0xef,0xde,0x13,
    0x31,0xaa,0x52,0xbe,0x5a,0x02,0x0f,0x02,0x00,0x01,0x0c,0x88,0x0a,0x0f,0x74,0x46,
    0x05,0x0f,0x02,0x00,0x3b,0x91,0x18,0x9f,0xaa,0x05,0xeb,0x05,0xcb,0x15,0x2b,0x22,
    0x14,0x01,0xc8,0x10,0x0f,0x02,0x00,0x0c,0x04,0x5c,0x03,0x83,0x2b,0x06,0xeb,0x05,
    0x8b,0x1d,0x77,0x9f,0x5c,0x03,0xa2,0xf7,0xff,0xff,0xff,0xf7,0x92,0x56,0x8a,0x05,
    0x2b,0xc0,0x35,0x23,0x06,0xec,0x3e,0x25,0xc3,0xeb,0x0d,0xcb,0x0d,0xea,0x0d,0x0a,
    0x06,0xab,0x05,0x94,0x76,0x10,0x02,0xc1,0xf7,0xff,0xff,0xfe,0xff,0xf5,0x86,0x2c,
    0x06,0xea,0x05,0xcb,0x5c,0x03,0xaf,0xcc,0x15,0x0c,0x06,0x0b,0x06,0x4b,0x05,0x1a,
    0xaf,0x5c,0x03,0xd5,0x08,0xf0,0x01,0x2f,0x24,0x21,0x18,0x09,0x0d,0x0a,0x48,0x16,
    0x0f,0x2a,0x31,0x03,0x0e,0x02,0x00,0x19,0x34,0xb0,0x35,0x02,0x90,0x03,0x0f,0x02,
    0x00,0x0d,0x0e,0x98,0x3c,0x0f,0x66,0x1b,0x03,0x0a,0x02,0x00,0x0a,0x90,0x03,0x0f,
    0xe6,0x16,0x07,0x0e,0x58,0x10,0x0f,0x5e,0x00,0x09,0x6f,0xb6,0xb5,0x4d,0x6b,0xcb,
    0x5a,0x04,0x70,0x09,0x02,0x02,0x00,0x1f,0x38,0x3e,0xf1,0x0e,0x0a,0x3c,0x0a,0x0f,
    0xcc,0x47,0x2f,0x0f,0x02,0x00,0x0b,0x04,0xf8,0x0c,0x3f,0xf2,0x4e,0xc9,0x4c,0x03,
    0x0c,0x0b,0x02,0x00,0x01,0x1a,0x4d,0x02,0x10,0x28,0x62,0xcb,0x05,0xcc,0x15,0x77,
    0x9f,0x4c,0x00,0x11,0xfe,0xb8,0x06,0x53,0x91,0x4e,0xa9,0x05,0xea,0x58,0x03,0x04,
    0xf2,0x09,0x13,0xeb,0x28,0x54,0x42,0x6c,0x0d,0x95,0x7e,0x2c,0x00,0x02,0x0e,0x14,
    0x22,0x15,0x87,0xd0,0x03,0x04,0xdc,0x35,0x62,0xeb,0x05,0x8a,0x05,0x94,0x6e,0x1e,
    0x00,0x0f,0x02,0x00,0xd3,0x8f,0xf7,0xbd,0x8e,0x73,0x2c,0x63,0xb2,0x94,0x0c,0x0d,
    0x0f,0x08,0x8c,0x2e,0x0f,0xa4,0x27,0x05,0x0f,0x02,0x00,0x01,0x04,0x40,0x28,0x02,
    0xfe,0x19,0x0f,0x22,0x00,0x01,0x0a,0x02,0x00,0x22,0x75,0xad,0x2c,0x00,0x06,0x02,
    0x00,0x2a,0xc7,0x39,0x22,0x00,0x0f,0x02,0x00,0x03,0x04,0x3c,0x06,0x02,0x02,0x00,
    0x0f,0x6c,0x0d,0x07,0x0e,0x9e,0x09,0x0f,0xde,0x1e,0x07,0x15,0x92,0xf4,0x10,0x06,
    0x2a,0x22,0x0f,0x02,0x00,0x27,0x08,0x8a,0x39,0x0f,0x72,0x0d,0x0d,0x0f,0x02,0x00,
    0x30,0xd2,0xf7,0xff,0xff,0xbe,0xef,0xcd,0x1d,0xea,0x05,0xeb,0x05,0x0c,0x06,0x0c,
    0x03,0x0f,0x02,0x00,0x10,0x0f,0x5c,0x03,0x16,0x01,0x1a,0x11,0x01,0x12,0x0a,0x93,
    0xcb,0x0d,0x2a,0x06,0xea,0x05,0x6c,0x1d,0x18,0x88,0x03,0x83,0xff,0xff,0xff,0xff,
    0xde,0xff,0xd3,0x76,0xa6,0x03,0x03,0x34,0x39,0x66,0xec,0x05,0xaa,0x05,0x8f,0x3d,
    0x22,0x65,0x0f,0x02,0x00,0xf9,0x08,0x74,0x09,0x06,0xee,0x27,0x0f,0x02,0x00,0x0f,
    0x0a,0x8a,0x61,0x02,0xd0,0x0d,0x0f,0x02,0x00,0x07,0x0e,0x5a,0x60,0x0f,0x8a,0x21,
    0x0b,0x06,0x02,0x00,0x08,0x82,0x17,0x0f,0x0e,0x32,0x03,0x02,0x02,0x00,0x0c,0x72,
    0x28,0x0f,0x64,0x11,0x07,0x0a,0x6a,0x06,0x0a,0xf6,0x32,0x0e,0x02,0x00,0x0f,0x1e,
    0x0b,0x03,0x08,0x02,0x00,0x0c,0x42,0x11,0x0f,0xf6,0x1b,0x23,0x0f,0x02,0x00,0x16,
    0x8f,0xf7,0xff,0xff,0x7b,0xbf,0xab,0x05,0xea,0xb8,0x06,0x44,0x02,0x5c,0x03,0x11,
    0xcb,0x1a,0x0a,0x86,0x2a,0x06,0x68,0x05,0x0f,0x4e,0xdc,0xd7,0x06,0x01,0x76,0xdd,
    0xf7,0x30,0x5e,0xca,0x05,0x0b,0x8a,0x57,0x81,0x05,0xec,0x05,0xca,0x05,0x6d,0x25,
    0x9c,0xe2,0x21,0x0f,0x02,0x00,0xfb,0x19,0xfb,0x82,0x5d,0x0a,0x6a,0x1d,0x04,0x56,
    0x02,0x2f,0x5d,0xef,0x6e,0x0c,0x03,0x08,0xec,0x0f,0x0f,0x80,0x09,0x09,0x0f,0x48,
    0x17,0x01,0x0f,0x6a,0x31,0x19,0x8f,0x18,0xc6,0x49,0x4a,0x04,0x21,0x65,0x29,0x64,
    0x00,0x0b,0x0c,0x56,0x49,0x0e,0x80,0x24,0x04,0x02,0x00,0x0a,0xec,0x11,0x0f,0x3e,
    0x07,0x13,0x0f,0x02,0x00,0x09,0x0c,0xae,0x17,0x0f,0xf8,0x10,0x07,0x0f,0x02,0x00,
    0x35,0x32,0x18,0x9f,0x6a,0x22,0x57,0x0f,0x02,0x00,0x1a,0x01,0x6e,0x06,0x0f,0x14,
    0x0a,0x03,0x52,0x56,0xa9,0x05,0x0a,0x0e,0x6c,0x0d,0x31,0xeb,0x0d,0xcb,0x5c,0x1e,
    0x91,0x0b,0x06,0x0b,0x06,0x89,0x05,0x8c,0x25,0x78,0x08,0x1b,0x02,0x10,0x0a,0x6c,
    0xff,0xff,0xdc,0xd7,0xed,0x35,0x5c,0x03,0x62,0xeb,0x05,0x6b,0x0d,0x5a,0xb7,0x24,
    0x00,0x0f,0x02,0x00,0xf9,0x08,0xaa,0x09,0x06,0x00,0x32,0x06,0x02,0x00,0x8f,0x96,
    0xb5,0xe7,0x39,0xa2,0x10,0x45,0x29,0xd0,0x6e,0x01,0x08,0xa4,0x02,0x0f,0xa8,0x0d,
    0x05,0x02,0xa0,0x03,0x06,0x00,0x0e,0x04,0x02,0x00,0x0f,0xfa,0x02,0x07,0x0f,0x02,
    0x00,0x03,0x0f,0x46,0x82,0x0f,0x0c,0x0a,0x29,0x0f,0x26,0x35,0x07,0x0a,0xa4,0x18,
    0x0f,0x60,0x1e,0x29,0x02,0x02,0x00,0x0a,0xa0,0x04,0x0f,0x52,0x00,0x31,0x0f,0x02,
    0x00,0x0d,0x3f,0xd5,0x7e,0x89,0x5c,0x03,0x1e,0x03,0xca,0x09,0x0f,0x5c,0x03,0x0b,
    0x01,0x2e,0x28,0x02,0x18,0x40,0x62,0xab,0x05,0x6a,0x05,0xce,0x3d,0x62,0x1e,0x01,
    0x02,0x00,0x01,0xce,0x11,0x57,0x77,0x97,0xec,0x0d,0xca,0x6e,0x0d,0xa1,0xec,0x05,
    0xec,0x05,0x0b,0x06,0x8a,0x05,0x38,0x97,0xec,0x01,0x01,0x24,0x00,0x0f,0x02,0x00,
    0xf5,0x08,0x68,0x02,0x0e,0x70,0x05,0x08,0x5c,0x1a,0x0e,0x90,0x09,0x08,0x82,0x2a,
    0x0f,0xa2,0x02,0x09,0x02,0x92,0x45,0x26,0x20,0x00,0xea,0x17,0x0f,0x44,0xf7,0x41,
    0x0a,0x94,0x1e,0x2a,0x41,0x08,0x84,0x07,0x08,0x02,0x00,0x0a,0x5c,0x1f,0x0f,0x88,
    0x11,0x13,0x0f,0x02,0x00,0x0b,0x0a,0x7c,0x00,0x0f,0x6c,0x39,0x03,0x0f,0x02,0x00,
    0x39,0x3e,0xf1,0x55,0xa9,0x5c,0x03,0x01,0x6e,0x06,0x03,0xf8,0x24,0x03,0x1e,0x00,
    0xb1,0xca,0x05,0xcb,0x05,0xeb,0x05,0xea,0x05,0xca,0x05,0xeb,0x18,0x1e,0x0f,0xcc,
    0x10,0x09,0x06,0xb8,0x06,0xb1,0x0b,0x06,0xea,0x05,0xca,0x05,0x0e,0x3e,0xd3,0x86,
    0xdb,0xda,0x1a,0x03,0x08,0x1b,0x11,0xf7,0x46,0x8f,0x72,0x46,0x2a,0x06,0xea,0x05,
    0xcc,0x15,0x56,0x03,0x01,0x02,0x00,0x7f,0x0d,0x2b,0x06,0x89,0x05,0x95,0x6e,0x5c,
    0x03,0xff,0x00,0x08,0xd0,0x08,0x0e,0x6e,0x0d,0x0a,0xee,0x2b,0x0c,0x36,0x42,0x08,
    0x72,0x0d,0x0f,0x5a,0x09,0x09,0x0a,0x7a,0x02,0x06,0x8a,0x21,0x0f,0x02,0x00,0x39,
    0x0c,0x9c,0xe5,0x22,0x65,0x29,0x32,0x07,0x0f,0x02,0x00,0x03,0x06,0x72,0x07,0x0e,
    0xc2,0x43,0x0f,0x02,0x00,0x21,0x0c,0x22,0x2c,0x0f,0x72,0x0d,0x49,0x66,0xdf,0xff,
    0xff,0xff,0xf0,0x55,0xb8,0x06,0x04,0x6e,0x21,0x02,0x28,0x0d,0x02,0x74,0x06,0xf1,
    0x05,0x0b,0x0e,0xeb,0x05,0xcb,0x05,0xcb,0x05,0xec,0x15,0x6f,0x36,0x91,0x56,0x71,
    0x5e,0x2f,0x36,0xeb,0x0d,0xce,0x2b,0x02,0x50,0x21,0x0d,0x28,0x14,0x32,0x92,0x56,
    0xa9,0x44,0x0d,0xd2,0x0d,0xeb,0x05,0x4b,0x06,0xeb,0x05,0xad,0x15,0xb4,0x66,0xdc,
    0xc7,0x00,0x2f,0x15,0xdf,0xd2,0x35,0x71,0xff,0xff,0xf7,0x8e,0xac,0x0d,0xea,0xf2,
    0x24,0x06,0x6c,0x32,0x02,0x96,0x61,0x22,0xb4,0x6e,0x9a,0x00,0x0f,0x02,0x00,0xf9,
    0x08,0x36,0x27,0x0c,0xd6,0x0f,0x2a,0xdf,0xff,0x24,0x1e,0x0c,0x9e,0x34,0x22,0xdb,
    0xde,0xac,0x45,0x02,0x96,0x42,0x0f,0x92,0x14,0x05,0x0c,0xf4,0x21,0x0f,0x8c,0x3f,
    0x05,0x0f,0x02,0x00,0x2b,0x0c,0x28,0x3c,0x0f,0x5c,0x32,0x01,0x08,0x02,0x00,0x71,
    0x38,0xc6,0xcf,0x7b,0x4d,0x6b,0xf3,0x14,0xaa,0x0f,0x86,0x03,0x09,0x0f,0x02,0x00,
    0x13,0x08,0x5a,0x0b,0x0e,0xe4,0x07,0x6f,0xbe,0xf7,0x96,0xb5,0xf3,0x9c,0x9e,0x2b,
    0x31,0x04,0x02,0x00,0x26,0x31,0x56,0x5c,0x03,0x02,0xaa,0x06,0x01,0x5c,0x03,0x01,
    0xa8,0x2b,0xf3,0x0c,0x2b,0x06,0x2b,0x06,0xaa,0x05,0xab,0x05,0xee,0x2d,0xd4,0x6e,
    0x99,0xaf,0xfc,0xd7,0xfe,0xef,0xfe,0xef,0xdc,0xd7,0xd4,0x86,0xac,0x1d,0xcb,0xd6,
    0x38,0x04,0x5c,0x03,0x05,0x02,0x00,0x08,0x5c,0x03,0x72,0x0d,0xca,0x05,0x8c,0x1d,
    0x37,0x8f,0xe8,0x24,0x01,0x70,0x68,0x01,0xe6,0x6e,0x93,0xff,0xff,0xff,0xff,0x7a,
    0xbf,0xee,0x2d,0xca,0xb2,0x1e,0x02,0x02,0x00,0x02,0xa4,0x46,0x51,0xeb,0x05,0x89,
    0x05,0xf4,0x5c,0x03,0x0f,0x4a,0x01,0x2f,0x0f,0x02,0x00,0xb9,0x06,0x8e,0x16,0x0f,
    0x7e,0x24,0x01,0x08,0x44,0x14,0x0e,0x72,0x20,0x08,0x50,0x64,0x0f,0xee,0x37,0x05,
    0x08,0xdc,0x06,0x02,0x02,0x00,0x0f,0xb0,0x17,0x11,0x0f,0x02,0x00,0x1f,0x2a,0xdf,
    0xff,0x4a,0x2c,0x0f,0x3a,0x06,0x49,0x0e,0x02,0x00,0x0c,0xce,0x49,0x08,0xb6,0x3f,
    0x24,0x9a,0xd6,0xa4,0x17,0x0e,0x74,0x0b,0x0f,0x02,0x00,0x23,0x41,0xbe,0xef,0xcf,
    0x3d,0xe4,0x02,0x06,0x02,0x00,0x01,0x34,0x17,0x02,0x62,0x03,0xb3,0x2a,0x06,0xaa,
    0x05,0xcd,0x1d,0xf4,0x66,0xba,0xb7,0xfe,0xaa,0x3f,0x01,0x3c,0x17,0x3f,0xf7,0x92,
    0x4e,0x5c,0x03,0x12,0x82,0x05,0x6a,0x0d,0x93,0x66,0xff,0xe7,0xff,0x76,0x3c,0x01,
    0x5a,0x03,0x02,0x42,0x00,0x53,0xdb,0xbf,0x50,0x46,0x8b,0xc6,0x32,0x04,0xf4,0x46,
    0x02,0x5c,0x03,0x64,0x0b,0x06,0xc9,0x05,0x51,0x4e,0xee,0x10,0x0f,0x02,0x00,0xf7,
    0x08,0x70,0x0d,0x0e,0x14,0x0a,0x06,0x3c,0x09,0x42,0x00,0x00,0xc7,0x39,0x64,0x01,
    0x06,0x02,0x00,0x08,0x70,0x0d,0x0f,0x04,0x21,0x03,0x1b,0x9e,0x86,0x24,0x0f,0xae,
    0x17,0x11,0x0f,0x02,0x00,0x25,0x08,0x82,0x07,0x0f,0xce,0x2b,0x07,0x0f,0x02,0x00,
    0x45,0x0c,0xfa,0x24,0x04,0x94,0x18,0x28,0x9e,0xf7,0xfc,0x07,0x0f,0xb4,0x21,0x33,
    0x47,0x7d,0xe7,0x6d,0x25,0x82,0x17,0x11,0x0d,0x72,0x21,0x01,0xde,0x13,0xb3,0x0c,
    0x06,0x0b,0x06,0xca,0x05,0xed,0x35,0x78,0xa7,0xff,0x2a,0x23,0x01,0x4c,0x06,0xbf,
    0xef,0xbf,0xff,0xfe,0xff,0x54,0x5f,0xeb,0x05,0xcb,0x05,0xb8,0x06,0x0d,0x63,0xca,
    0x05,0x2d,0x1e,0xb8,0x97,0x38,0x00,0x01,0x02,0x00,0x01,0x42,0x00,0x61,0xff,0xba,
    0xb7,0x50,0x46,0xca,0x48,0x28,0x02,0xce,0x0d,0x02,0x02,0x00,0x11,0x0c,0x8c,0x17,
    0x64,0x2b,0x06,0x0a,0x06,0xcf,0x3d,0xd6,0x1e,0x0f,0x02,0x00,0xf7,0x08,0x70,0x0d,
    0x0f,0x92,0x02,0x01,0x13,0xef,0x42,0x9e,0x1f,0x08,0x34,0xb2,0x00,0x08,0x3c,0x00,
    0x0f,0x5c,0x03,0x03,0x0e,0x8a,0x21,0x0f,0x3a,0x10,0x15,0xa4,0x38,0xc6,0x4d,0x6b,
    0x8a,0x52,0x6d,0x6b,0xba,0xd6,0x38,0x05,0x0f,0x02,0x00,0x0f,0x04,0x5a,0xc0,0x1f,
    0x49,0x6a,0x2c,0x08,0x0f,0x02,0x00,0x45,0x08,0x00,0x08,0x08,0x62,0x18,0x22,0xf7,
    0xbd,0x10,0x00,0x02,0x02,0x00,0x0f,0x6e,0x61,0x07,0x0f,0x02,0x00,0x19,0x3e,0x5c,
    0xdf,0x4d,0x5c,0x03,0xc1,0x15,0xeb,0x0d,0x2c,0x06,0xeb,0x05,0x6a,0x05,0x0f,0x3e,
    0xb9,0x98,0x2e,0x01,0xd0,0x09,0x12,0xef,0xa0,0x35,0x62,0xff,0xff,0xdb,0xef,0x90,
    0x46,0x0a,0x4d,0x0f,0x5c,0x03,0x0a,0x73,0x05,0xca,0x05,0x0e,0x1e,0x99,0xaf,0xb6,
    0x06,0x03,0x02,0x00,0x71,0xfe,0xe7,0x37,0x97,0x0f,0x3e,0xaa,0xd2,0x75,0x02,0x20,
    0x4a,0x02,0x22,0x07,0x04,0x5c,0x03,0x1f,0x0b,0x5c,0x03,0xff,0x05,0x08,0x7c,0x28,
    0x0c,0xbe,0x52,0x02,0xa8,0x06,0x4f,0xfb,0xde,0xd7,0xbd,0x2c,0x0c,0x03,0x08,0x3a,
    0x03,0x0f,0x44,0x0d,0x01,0x0c,0x60,0x3f,0x0f,0x82,0x03,0x05,0x0e,0x02,0x00,0x06,
    0xc0,0x0c,0x2f,0x61,0x08,0x5e,0x21,0x07,0x08,0x02,0x00,0x02,0xac,0x00,0x4c,0xdb,
    0xde,0xf7,0xbd,0x72,0x11,0x0f,0x02,0x00,0x53,0x08,0xe2,0x1e,0x08,0xee,0x39,0x1b,
    0x55,0x8e,0x22,0x0f,0xa4,0x1b,0x0b,0x0f,0x02,0x00,0x13,0x57,0xbe,0xef,0xcf,0x3d,
    0xa9,0x10,0x0a,0xf1,0x00,0x0b,0x06,0xeb,0x05,0xcc,0x0d,0x0c,0x06,0x4b,0x06,0xca,
    0x05,0x0d,0x3e,0x99,0x6a,0x1a,0x01,0x10,0x01,0x12,0xf7,0x16,0x0a,0xaa,0xff,0xff,
    0xff,0xf7,0x36,0x8f,0xcc,0x1d,0xcc,0x05,0xcc,0x10,0x05,0x02,0x00,0x07,0x70,0x0d,
    0x65,0xcb,0x05,0xcc,0x05,0xd5,0x7e,0x1a,0x00,0xa2,0xff,0xfd,0xdf,0x58,0x9f,0x93,
    0x56,0x8d,0x1d,0xab,0x7a,0x14,0x03,0x56,0x03,0x02,0x06,0x00,0x02,0x5c,0x03,0x02,
    0x14,0x0a,0x24,0x72,0x56,0xe2,0x06,0x0f,0x02,0x00,0xf7,0x0a,0xc0,0x7f,0x0a,0x3c,
    0x42,0x01,0xfc,0x04,0x0f,0x02,0x00,0x06,0x02,0x5a,0x17,0x04,0x02,0x00,0x2c,0xb6,
    0xb5,0x29,0x00,0x2e,0xdf,0xff,0xec,0x35,0x0f,0x18,0x17,0x07,0x08,0x02,0x00,0x0a,
    0x98,0x2f,0x0f,0xae,0x35,0x07,0x0f,0x02,0x00,0x79,0x0c,0x16,0x22,0x04,0x6c,0x32,
    0x0c,0xd2,0x1e,0x0f,0xb4,0x5a,0x09,0x0f,0x02,0x00,0x17,0x2a,0x31,0x56,0x5c,0x03,
    0x01,0x26,0x6b,0x71,0x06,0x0b,0x06,0xcc,0x15,0x76,0x97,0x46,0x00,0x14,0xf7,0x42,
    0x46,0x01,0x00,0x39,0x72,0xe7,0x36,0x87,0xed,0x15,0xab,0x05,0xbc,0x53,0x0f,0xb8,
    0x06,0x09,0x11,0xcc,0xf0,0x09,0xf1,0x00,0xcd,0x1d,0xb4,0x76,0x99,0x9f,0xda,0xa7,
    0x79,0xaf,0xf5,0x86,0x71,0x4e,0xad,0x32,0x39,0x11,0xeb,0xc6,0x61,0x11,0xec,0x66,
    0x00,0x06,0x5c,0x03,0x02,0x5e,0x03,0x33,0x0b,0x06,0x88,0xcc,0x10,0x02,0x70,0x00,
    0x0f,0x02,0x00,0xf7,0x08,0x74,0x1d,0x2f,0xa2,0x10,0x82,0x21,0x03,0x0f,0x02,0x00,
    0x01,0x08,0x30,0x56,0x1f,0xc3,0xc4,0x35,0x00,0x28,0x1c,0xe7,0x60,0x53,0x0f,0x14,
    0x43,0x0f,0x06,0x02,0x00,0x0a,0x44,0x24,0x1f,0xa2,0x2a,0x32,0x2c,0x0f,0x02,0x00,
    0x55,0x0c,0x3e,0x7d,0x2e,0xd7,0xbd,0x82,0x04,0x04,0x34,0x3d,0x0f,0x86,0x02,0x2d,
    0x22,0xf1,0x55,0xc0,0x82,0x01,0x02,0x00,0x01,0xec,0x56,0x02,0x1c,0x32,0x23,0xb2,
    0x56,0x26,0x3c,0x15,0xf7,0x64,0x00,0x81,0xef,0x39,0xa7,0x51,0x4e,0xab,0x0d,0xab,
    0x6a,0x0d,0x06,0xe0,0x1a,0x27,0x57,0x9f,0x18,0x01,0x07,0xb8,0x06,0xf2,0x01,0xeb,
    0x0d,0xec,0x05,0xcb,0x05,0xaa,0x05,0x0c,0x16,0x4d,0x26,0xcc,0x25,0xaa,0x05,0xd8,
    0x0d,0x02,0x94,0x50,0x02,0x64,0x0d,0x0f,0x02,0x00,0x00,0x57,0x0e,0x89,0x05,0xb4,
    0x76,0x50,0x00,0x0f,0x02,0x00,0xf6,0x0a,0x54,0x35,0x1f,0x6d,0xe4,0x52,0x00,0x0f,
    0x02,0x00,0x01,0x28,0x79,0xce,0x3a,0x03,0x02,0x36,0x00,0x0a,0xe8,0x06,0x0a,0xbc,
    0x56,0x0f,0x80,0x06,0x17,0x0c,0x98,0x53,0x0f,0x5c,0x03,0x43,0x2f,0x1c,0xe7,0x94,
    0x0d,0x3d,0x08,0x16,0x12,0x08,0x98,0x39,0x0a,0x2a,0x04,0x04,0x2c,0x01,0x0f,0x02,
    0x00,0x2b,0x32,0x11,0x5e,0x8a,0xa4,0x09,0x41,0x05,0xeb,0x05,0xec,0x16,0x17,0x82,
    0xeb,0x0d,0xca,0x05,0x0d,0x1e,0xd9,0xa7,0x2a,0x0d,0x04,0xf0,0x1d,0x73,0x9c,0xc7,
    0x54,0x6e,0x8e,0x25,0xab,0xbc,0x1a,0x0f,0x5c,0x03,0x14,0x81,0x0d,0xcc,0x0d,0xcb,
    0x05,0xcb,0x05,0xab,0x0c,0x2c,0x02,0x56,0x03,0x02,0x02,0x00,0x0f,0x56,0x03,0x00,
    0x03,0x02,0x00,0x11,0x89,0x88,0x32,0x0f,0x02,0x00,0xff,0x02,0x08,0x18,0x28,0x04,
    0x62,0x3f,0x0f,0x02,0x00,0x0d,0x22,0x04,0x21,0x42,0x02,0x02,0x2c,0x50,0x0f,0xde,
    0x46,0x03,0x08,0x98,0x78,0x0f,0xb8,0x3b,0x05,0x0e,0x02,0x00,0x0c,0x8c,0x02,0x2f,
    0x24,0x21,0xe6,0x05,0x2d,0x0c,0x02,0x00,0x9f,0x38,0xc6,0xc7,0x39,0x61,0x08,0x82,
    0x10,0x69,0xa4,0x9e,0x18,0x0f,0x02,0x00,0x0f,0x08,0xba,0x0e,0x08,0xb2,0x18,0x08,
    0xaa,0x18,0x02,0x28,0x2f,0x0f,0xb2,0x39,0x25,0x06,0x08,0x01,0x38,0xb5,0x86,0x49,
    0x5c,0x03,0xe1,0x0d,0xea,0x0d,0x0a,0x06,0xaa,0x05,0xb2,0x4e,0xfe,0xdf,0xbf,0xff,
    0xbf,0x02,0x43,0xf3,0x00,0xdf,0xff,0xff,0xff,0x7a,0xb7,0xaf,0x35,0x8c,0x05,0xcc,
    0x05,0x2b,0x06,0x4b,0xc8,0x09,0x0f,0xb8,0x06,0x12,0x03,0xac,0x46,0x33,0x0b,0x06,
    0x2c,0xcc,0x75,0x04,0x02,0x00,0x0f,0x5c,0x03,0x05,0x51,0x0a,0x06,0x8a,0x05,0x37,
    0x08,0x07,0x06,0xa2,0x00,0x0f,0x02,0x00,0xf5,0x0a,0x18,0x2e,0x2e,0x41,0x08,0x3c,
    0x0d,0x04,0x02,0x00,0x02,0x3c,0x01,0x2a,0x9e,0xf7,0x72,0x16,0x0f,0xb8,0x19,0x05,
    0x24,0xfb,0xde,0x74,0x1a,0x2f,0xc3,0x18,0x92,0x10,0x13,0x4a,0xff,0xff,0xdf,0xff,
    0x2a,0x61,0x0f,0x26,0x11,0x03,0x0f,0x02,0x00,0x29,0x35,0x9a,0xd6,0x41,0x36,0x6b,
    0x0f,0x4e,0xc3,0x05,0x0f,0x02,0x00,0x21,0x19,0xdf,0x6e,0x46,0x02,0xca,0x82,0x02,
    0x30,0x01,0x0a,0xde,0x22,0x0f,0xd8,0x4d,0x03,0x2f,0xfb,0xde,0x72,0x03,0x0f,0x02,
    0x4e,0x00,0x6a,0xff,0xff,0xff,0xff,0xf8,0xa6,0x5c,0x03,0xb1,0x0a,0x06,0x0a,0x06,
    0xcb,0x05,0x36,0x7f,0xff,0xff,0x9f,0x0c,0x57,0xd1,0xff,0xff,0xff,0xff,0xbb,0xbf,
    0xcf,0x3d,0xcb,0x05,0x4c,0x06,0x0c,0x54,0x1e,0x02,0x94,0x1a,0x0f,0x5c,0x03,0x11,
    0x13,0xeb,0xca,0x24,0x31,0xec,0x0d,0xcc,0x68,0x03,0x06,0x02,0x00,0x0f,0x5c,0x03,
    0x05,0x62,0x0b,0x06,0x8b,0x05,0x59,0xc7,0xbe,0x01,0x02,0x7c,0x00,0x0f,0x02,0x00,
    0xf9,0x0c,0xd8,0x6a,0x0f,0x2a,0x17,0x09,0x28,0x38,0xc6,0xb2,0x19,0x0f,0xf4,0x35,
    0x0b,0x8f,0x7d,0xef,0x92,0x94,0xae,0x73,0x71,0x8c,0x4c,0x6a,0x17,0x0c,0xd6,0x2b,
    0x0f,0xca,0x5a,0x0b,0x0f,0x02,0x00,0x21,0x0a,0x18,0x0d,0x0f,0x10,0x36,0x09,0x0f,
    0x02,0x00,0x1d,0x24,0xbe,0xf7,0x6c,0x1f,0x19,0x61,0xa0,0x04,0x0c,0xa0,0x17,0x0c,
    0x2c,0x14,0xaf,0x18,0xc6,0xa6,0x31,0x61,0x08,0xa2,0x10,0x8a,0x52,0x28,0x01,0x0b,
    0x01,0x56,0x17,0x01,0x95,0x00,0x31,0x9a,0xcf,0xcb,0x10,0x0a,0x02,0x0a,0x03,0x11,
    0xeb,0x82,0x10,0x51,0xed,0x1d,0x59,0xaf,0xff,0xb6,0x06,0x01,0x02,0x00,0x81,0xef,
    0xb5,0x7e,0x6b,0x05,0x2b,0x06,0x2c,0xb2,0x06,0x05,0x5c,0x03,0x14,0x15,0xac,0x2b,
    0x0f,0x70,0x0d,0x07,0x01,0x3c,0x25,0x11,0x05,0xa0,0x75,0x0f,0x5c,0x03,0x14,0x51,
    0xea,0x05,0xcd,0x2d,0x9c,0x50,0x1b,0x0f,0xd4,0x3f,0xcf,0x0f,0x02,0x00,0x1f,0x1b,
    0x5d,0xa6,0xc4,0x6e,0x00,0x00,0xe7,0x39,0x75,0xad,0x48,0x00,0x24,0x9a,0xd6,0x86,
    0x03,0x06,0x78,0x2b,0x0f,0x70,0x2e,0x07,0x0f,0xc6,0x04,0x1f,0x2a,0x7d,0xef,0xb8,
    0x03,0x0c,0x3e,0x24,0x0f,0x02,0x00,0x31,0x0a,0x36,0x4a,0x2f,0xcf,0x7b,0x54,0x00,
    0x31,0x04,0x02,0x00,0x8a,0xbe,0xf7,0xd3,0x9c,0xae,0x73,0x51,0x8c,0x24,0x0b,0x0c,
    0xb6,0x21,0x0a,0x8a,0x07,0x08,0xe2,0xcf,0x31,0x45,0x29,0x7d,0xa4,0x02,0x0f,0x02,
    0x00,0x06,0x01,0x5c,0x03,0x73,0xdf,0xff,0xfd,0xe7,0x0d,0x1e,0xca,0x6a,0x0d,0x12,
    0xec,0x08,0x03,0x52,0x05,0x50,0x3e,0x9b,0xd7,0xf4,0x0e,0xf7,0x00,0xdf,0xff,0xff,
    0xff,0xbd,0xd7,0xf1,0x55,0xcb,0x05,0x0c,0x06,0xcc,0x0d,0x0c,0x64,0x75,0x0f,0xb8,
    0x06,0x12,0x01,0x3a,0x25,0x03,0x38,0x2f,0x01,0x5a,0x54,0x04,0x02,0x00,0x08,0xb8,
    0x06,0x02,0x20,0x00,0x02,0x02,0x00,0x42,0x89,0x05,0xcf,0x3d,0x76,0x00,0x13,0xbf,
    0xa2,0x00,0x0f,0x02,0x00,0xfb,0x19,0x59,0x9c,0x10,0x02,0x02,0x00,0xf6,0x03,0xa6,
    0x31,0xef,0x7b,0xb6,0xb5,0xb6,0xb5,0x38,0xc6,0xf7,0xbd,0xd7,0xbd,0xb2,0x94,0xcb,
    0x5a,0x52,0x03,0x04,0x02,0x00,0x2f,0xae,0x73,0x48,0x01,0x39,0x0c,0xb4,0x0c,0x06,
    0xe0,0x20,0x0f,0x02,0x00,0x37,0x08,0x30,0x3d,0x1f,0x00,0xbe,0xa8,0x1a,0x0f,0x02,
    0x00,0x21,0x02,0x60,0x04,0x0a,0x92,0x44,0x0a,0x2c,0x07,0x0f,0x48,0x07,0x19,0x02,
    0xc2,0x02,0x71,0xff,0xff,0xff,0xff,0x93,0x6e,0x89,0xb6,0x67,0x02,0x12,0x32,0x81,
    0xeb,0x0d,0xca,0x05,0x90,0x36,0xbc,0xcf,0xa8,0x24,0x01,0x16,0x0a,0x82,0xbc,0xc7,
    0xae,0x2d,0xcb,0x05,0x0c,0x06,0x32,0x6b,0x13,0x2c,0x74,0x10,0x02,0x66,0x75,0x61,
    0xab,0x05,0xcc,0x0d,0x78,0xa7,0x48,0x00,0x01,0xac,0x03,0x31,0xfe,0xef,0x72,0xf0,
    0x38,0x31,0xec,0x0d,0xec,0x7a,0x21,0x0f,0x02,0x00,0x11,0x13,0xcc,0xcc,0x7f,0x84,
    0xeb,0x0d,0x0b,0x0e,0x69,0x05,0x74,0x76,0xea,0x00,0x0f,0x02,0x00,0xff,0x04,0x0f,
    0x5e,0x03,0x01,0x02,0x02,0x00,0x0e,0x52,0x03,0x04,0x02,0x00,0x0a,0x82,0x05,0x0f,
    0x02,0x00,0x2f,0x08,0x46,0x25,0x0f,0xee,0x4f,0x0d,0x0f,0x02,0x00,0x25,0x08,0x2a,
    0x21,0x2f,0x82,0x10,0x86,0x09,0x0b,0x0f,0x02,0x00,0x2f,0x02,0x5c,0x03,0x17,0x9e,
    0x82,0x79,0x0c,0xca,0x8c,0x0a,0x8e,0x0d,0x0f,0x48,0x07,0x15,0x41,0x37,0x9f,0x69,
    0x05,0xcc,0x38,0x02,0x72,0x1a,0x77,0x0e,0xca,0x05,0x4e,0x26,0x9b,0xbf,0x5c,0x03,
    0x51,0xcf,0xae,0x35,0xcb,0x05,0xf8,0x27,0x32,0x0e,0x0c,0x0e,0xe2,0x1d,0x02,0x26,
    0x97,0x64,0x2c,0x06,0xcb,0x05,0xab,0x0d,0x98,0x35,0x64,0xdf,0xff,0xff,0xff,0xfd,
    0xe7,0x5c,0x03,0x01,0x5c,0x6b,0x0f,0x02,0x00,0x12,0x02,0xb4,0x03,0x11,0xec,0xf0,
    0x49,0x42,0x4a,0x05,0x19,0xb7,0x4a,0x00,0x0f,0x02,0x00,0xff,0x08,0x2f,0x79,0xce,
    0xe8,0x5a,0x05,0x0f,0x02,0x00,0x03,0x0f,0x08,0x02,0x15,0x0f,0x02,0x00,0x17,0x19,
    0xfb,0x46,0x8a,0x2f,0x00,0x00,0x02,0x11,0x15,0x0f,0x02,0x00,0x1b,0x22,0x55,0xad,
    0xe6,0x14,0x0f,0x6c,0x75,0x05,0x0f,0x02,0x00,0x3b,0x02,0x5e,0x03,0xac,0xbe,0xf7,
    0x4d,0x6b,0x86,0x31,0xe7,0x39,0xcf,0x7b,0x42,0x1c,0x0a,0xb8,0x06,0x2f,0xb2,0x94,
    0x7e,0x00,0x13,0xf1,0x07,0x9b,0xcf,0xac,0x0d,0xeb,0x05,0xcc,0x15,0x0b,0x06,0x2b,
    0x06,0xcb,0x15,0x0b,0x06,0xca,0x05,0x0d,0x1e,0xba,0xaf,0x7c,0x17,0x01,0x5a,0x64,
    0x77,0xdd,0xe7,0x72,0x66,0xaa,0x05,0x2a,0x28,0x03,0x02,0xc6,0x09,0x91,0x4b,0x06,
    0x4b,0x06,0xaa,0x05,0x0d,0x2e,0xfb,0x7c,0x10,0x02,0x9e,0x00,0x51,0xdc,0xcf,0x30,
    0x46,0xca,0xaa,0x03,0x0f,0x5c,0x03,0x17,0x12,0x0c,0x24,0x11,0x91,0x05,0x0c,0x06,
    0x0a,0x06,0xae,0x2d,0x9d,0xf7,0x0c,0x0e,0x01,0x06,0x07,0x0f,0x02,0x00,0xff,0x06,
    0x2a,0xba,0xd6,0x46,0x05,0x0f,0x02,0x00,0x07,0x22,0x82,0x10,0x68,0x0d,0x19,0xdf,
    0x4b,0x01,0x6f,0x79,0xce,0xd3,0x9c,0xd3,0x9c,0xbe,0x57,0x07,0x0f,0x02,0x00,0x0f,
    0x04,0xd0,0x0d,0x0f,0x80,0x14,0x09,0x0f,0x02,0x00,0x2f,0x4f,0x7d,0xef,0x18,0xc6,
    0x1c,0x25,0x01,0x4a,0x1c,0xe7,0x9a,0xd6,0xd2,0x00,0x02,0x32,0x4e,0x4f,0xd3,0x9c,
    0x92,0x94,0xf8,0x25,0x03,0x0f,0x02,0x00,0x2f,0x08,0x2e,0x25,0x2f,0xe3,0x18,0x2e,
    0x14,0x0f,0x04,0x02,0x00,0xf2,0x04,0x10,0x3e,0x8a,0x05,0xab,0x1d,0x0b,0x06,0x4b,
    0x06,0xcb,0x15,0xeb,0x05,0xca,0x05,0xeb,0x0d,0x57,0x74,0x50,0x03,0x16,0x0a,0x62,
    0x58,0xa7,0x8c,0x1d,0xaa,0x05,0x7c,0x7f,0x11,0x2b,0x64,0x03,0x02,0x32,0x0d,0x64,
    0xaa,0x05,0x6b,0x15,0x56,0x7f,0x68,0x5a,0x71,0xdf,0xff,0xff,0xff,0x9a,0xaf,0xcd,
    0xa0,0x28,0x11,0xec,0x60,0x1e,0x0f,0x02,0x00,0x15,0x02,0x26,0x2c,0x31,0x0c,0x06,
    0x69,0xe6,0x49,0x0f,0x5c,0x03,0xff,0x10,0x6e,0xff,0xff,0xff,0xff,0x14,0xa5,0xac,
    0x24,0x0a,0x02,0x00,0x2f,0x61,0x08,0x4c,0xd8,0x03,0x04,0x34,0x57,0x3f,0x41,0x08,
    0xd3,0xc2,0x74,0x00,0x0f,0x02,0x00,0x15,0x8f,0x0c,0x63,0x41,0x08,0x00,0x00,0x82,
    0x10,0x70,0x0a,0x3d,0x0f,0x02,0x00,0x0d,0xaa,0x1c,0xe7,0x69,0x4a,0x61,0x08,0x20,
    0x00,0x65,0x29,0x84,0x18,0x24,0x34,0xa5,0xb4,0x17,0x0f,0x5c,0x0e,0x3b,0x06,0x02,
    0x00,0xaf,0x55,0xad,0xe3,0x18,0x00,0x00,0x20,0x00,0xc7,0x39,0x14,0x26,0x13,0x01,
    0xca,0x02,0x41,0xff,0x17,0x97,0x2a,0x26,0x50,0xc8,0x2b,0x06,0xeb,0x0d,0x0c,0x06,
    0xea,0x0d,0xaa,0x05,0xb3,0x5e,0x3a,0x06,0x91,0xfe,0xef,0xd5,0x86,0x4b,0x1d,0x6a,
    0x0d,0xac,0x44,0x28,0x01,0xaa,0x24,0xb2,0x05,0xcb,0x05,0x8a,0x05,0x4b,0x15,0x93,
    0x6e,0xfe,0xdf,0x44,0x00,0x02,0x06,0x00,0x71,0x36,0x7f,0x8b,0x05,0x0a,0x06,0xca,
    0x42,0x0d,0x02,0x32,0x03,0x0f,0x02,0x00,0x11,0xb2,0xeb,0x0d,0xeb,0x0d,0x2b,0x06,
    0xcc,0x05,0x2c,0x0d,0x7a,0x12,0x0a,0x06,0x0c,0x22,0x0f,0x02,0x00,0xff,0x0b,0x44,
    0x14,0xa5,0x49,0x4a,0x52,0x02,0x0a,0x02,0x00,0x44,0x45,0x29,0xae,0x73,0x98,0x06,
    0x0a,0xe2,0x05,0x08,0x00,0x40,0x02,0xda,0x23,0x0f,0x02,0x00,0x25,0x42,0xdb,0xde,
    0x18,0xc6,0x36,0x21,0x0a,0x62,0x00,0x0f,0x02,0x00,0x49,0x28,0xbe,0xf7,0x52,0x04,
    0x06,0x8e,0x64,0x0a,0xfc,0x1b,0x0c,0x1e,0x3a,0x0f,0x02,0x00,0x35,0x3f,0x7d,0xef,
    0x38,0x48,0x07,0x02,0x0f,0x02,0x00,0x05,0x01,0xac,0x89,0x61,0xef,0xae,0x25,0xa9,
    0x05,0x0b,0x5a,0x03,0xb3,0xec,0x05,0xea,0x0d,0xe9,0x05,0xef,0x35,0x7c,0xd7,0xff,
    0xe2,0x5d,0x01,0x22,0x00,0xf5,0x0a,0xe7,0x37,0x87,0x0f,0x3e,0x6c,0x1d,0x6a,0x05,
    0xaa,0x05,0xca,0x05,0xc9,0x05,0xca,0x05,0xaa,0x05,0xec,0x2d,0xf4,0x76,0xfd,0xd7,
    0x58,0x01,0xc1,0xf7,0xff,0xff,0xde,0xe7,0x73,0x56,0xcb,0x05,0x2a,0x06,0xca,0x96,
    0x3c,0x02,0x1c,0x11,0x0f,0x02,0x00,0x11,0xc1,0xeb,0x0d,0x0b,0x06,0x4b,0x06,0x4a,
    0x05,0x8f,0x45,0xff,0xe7,0x70,0x00,0x0f,0x5c,0x03,0xff,0x15,0x02,0xc4,0xd1,0xf5,
    0x05,0xf3,0x9c,0xeb,0x5a,0x28,0x42,0x8a,0x52,0xe7,0x39,0x28,0x42,0x69,0x4a,0x8a,
    0x52,0x30,0x84,0xf7,0xbd,0x96,0x01,0x0d,0x02,0x00,0x08,0xce,0x09,0x0f,0xe4,0x05,
    0x47,0x0f,0x02,0x00,0x45,0x06,0x7a,0x2f,0x0a,0x2a,0x47,0x22,0x51,0x8c,0x12,0x00,
    0x02,0x02,0x00,0x0e,0x34,0x44,0x0f,0x02,0x00,0x03,0x62,0x5d,0xef,0x34,0xa5,0x92,
    0x94,0x52,0x28,0x0f,0x02,0x00,0x47,0x31,0xb6,0x7e,0x8a,0x12,0x5e,0xc4,0xcc,0x0d,
    0xeb,0x05,0xeb,0x0d,0x0a,0x06,0xac,0x0d,0xd6,0x86,0x6e,0x00,0x02,0xa8,0x01,0xf1,
    0x06,0xfe,0xef,0xfb,0xbf,0xf6,0x86,0x10,0x46,0xce,0x2d,0x0e,0x2e,0x0e,0x2e,0x50,
    0x3e,0x14,0x6f,0xb9,0xaf,0xfd,0x0a,0x03,0x02,0x20,0x00,0x91,0xff,0xff,0xff,0xff,
    0x58,0xa7,0xcd,0x1d,0xeb,0xa4,0x03,0x02,0x06,0x00,0x0f,0x58,0x03,0x12,0xd2,0x05,
    0xec,0x0d,0x2b,0x06,0xeb,0x0d,0xeb,0x05,0x8a,0x05,0xd7,0x96,0x48,0x00,0x0f,0x02,
    0x00,0xff,0x4a,0x0a,0x3a,0x25,0x0f,0xd2,0x09,0x5d,0x0f,0x02,0x00,0x2d,0x08,0x5a,
    0x39,0x08,0xfc,0x28,0x0a,0x92,0x40,0x0c,0x64,0xa7,0x0f,0x02,0x00,0x03,0x22,0x59,
    0xce,0x2c,0x11,0x5f,0x00,0x00,0x8a,0x52,0xbe,0xce,0x05,0x48,0x95,0x9f,0xe7,0x6e,
    0x1d,0xe9,0x05,0xeb,0x05,0xcc,0x16,0x5e,0x45,0xce,0x2d,0x7a,0xbf,0xaa,0x17,0xf4,
    0x04,0xf7,0xfe,0xff,0xde,0xff,0xff,0xff,0xff,0xf7,0xfd,0xd7,0xdc,0xc7,0xdc,0xcf,
    0xdc,0xcf,0xdc,0xdf,0x66,0x0d,0x06,0x02,0x00,0x31,0xdc,0xdf,0x70,0xf4,0x38,0x02,
    0xea,0x10,0x0f,0x02,0x00,0x17,0x02,0xbc,0x0d,0x66,0x69,0x05,0x30,0x2e,0xff,0xef,
    0xa8,0x03,0x0f,0x02,0x00,0xff,0x18,0x0f,0x34,0x01,0x1b,0x0a,0xe2,0x05,0x2f,0x55,
    0xad,0x68,0x01,0x9b,0x0a,0x6a,0x2b,0x06,0x68,0x7d,0x0a,0xea,0x0a,0x0c,0x52,0x21,
    0x0f,0x02,0x00,0x01,0x28,0x9e,0xf7,0xb6,0x25,0x0f,0xa4,0x0d,0x45,0x01,0xa8,0x7f,
    0x64,0xff,0x75,0x9e,0x68,0x05,0x0a,0x58,0x10,0xb1,0x0e,0x0b,0x06,0x4a,0x0d,0x51,
    0x56,0xfd,0xcf,0xff,0xff,0x30,0x14,0x0f,0xa6,0x09,0x11,0x7f,0xf7,0x73,0x66,0xab,
    0x05,0x2b,0x06,0x5a,0x03,0x1d,0xcf,0x0b,0x06,0x0b,0x06,0xab,0x1d,0x2b,0x06,0x8a,
    0x05,0xd7,0xae,0x04,0x01,0x01,0x0f,0x02,0x00,0xff,0x10,0x0f,0x5c,0x03,0x1b,0x08,
    0xc4,0x19,0x2c,0x49,0x4a,0x6a,0x16,0x0f,0x02,0x00,0x29,0x6f,0x7d,0xef,0x34,0xa5,
    0x30,0x84,0x28,0x22,0x01,0x0f,0x02,0x00,0x37,0x0a,0x12,0x22,0x06,0xce,0x09,0x17,
    0xdf,0x90,0x07,0x4f,0x24,0x21,0x3c,0xe7,0x72,0x00,0x0f,0x0a,0xb2,0x35,0x0f,0xa8,
    0x65,0x01,0x7f,0x59,0xce,0x71,0x8c,0xb2,0x94,0x9a,0xf2,0x78,0x2b,0x01,0xf2,0x16,
    0x52,0xde,0xff,0xee,0x2d,0xc9,0xd0,0x09,0x01,0xea,0x1a,0x62,0xca,0x05,0xcb,0x0d,
    0xd4,0x66,0x5e,0x03,0x08,0xf8,0x09,0x04,0xb6,0x10,0x03,0x1a,0x7c,0x04,0x4c,0x07,
    0x43,0xf7,0x16,0x7f,0x8c,0xe8,0x3f,0x0f,0x5e,0x03,0x1d,0x91,0x2a,0x06,0x0a,0x0e,
    0x89,0x05,0x50,0x36,0xde,0xaa,0x1e,0x0f,0x02,0x00,0xff,0x50,0xaf,0x9e,0xf7,0xae,
    0x73,0xc7,0x39,0xe7,0x39,0x30,0x84,0x96,0x03,0x1b,0x0f,0x02,0x00,0x0b,0x08,0xec,
    0xb5,0x1f,0x5d,0x12,0x24,0x0b,0x0f,0x02,0x00,0x14,0x4e,0x5d,0xef,0xba,0xd6,0x4a,
    0x00,0x51,0xfb,0xde,0x08,0x42,0x20,0x38,0xe7,0x0c,0xc6,0x03,0x7f,0x30,0x84,0xe7,
    0x39,0xc7,0x39,0x6d,0x76,0xcd,0x0a,0x06,0x02,0x00,0x22,0x96,0xb5,0x9c,0x0d,0x02,
    0x02,0x00,0x08,0x96,0x46,0x02,0x02,0x00,0x06,0x30,0x37,0x0a,0xa0,0x21,0x0f,0x02,
    0x00,0x1c,0x12,0xf7,0x30,0x00,0x51,0x39,0xaf,0x6a,0x05,0xca,0x10,0x3c,0x02,0xba,
    0x06,0x82,0x0a,0x06,0xac,0x05,0x72,0x4e,0xbb,0xbf,0x40,0x03,0x02,0x86,0xb8,0x02,
    0x2a,0x00,0x01,0x58,0x03,0x01,0xa0,0x17,0x02,0x76,0x03,0xb2,0xdd,0xdf,0xb3,0x6e,
    0xcc,0x0d,0xeb,0x05,0xcc,0x0d,0xcb,0x80,0x1e,0x0f,0x02,0x00,0x16,0xb1,0x0c,0x06,
    0xeb,0x05,0x2a,0x06,0x0a,0x06,0x2a,0x0d,0x5a,0x82,0x0a,0x01,0x5c,0x00,0x0f,0x02,
    0x00,0xff,0x59,0x02,0xc0,0x01,0x0f,0x02,0x00,0x2f,0x24,0xdf,0xff,0x26,0x49,0x6f,
    0x00,0x00,0x00,0x00,0x0c,0x63,0x52,0x00,0x2f,0x8f,0xef,0x7b,0xe3,0x18,0x41,0x08,
    0xc3,0x18,0x12,0x0e,0x01,0x6f,0x9a,0xd6,0x59,0xce,0x9e,0xf7,0x64,0x00,0x2b,0x22,
    0x1c,0xe7,0xac,0x00,0x02,0x02,0x00,0x2a,0x49,0x4a,0x4e,0x00,0x04,0x7a,0x03,0x02,
    0xec,0x22,0x0f,0x64,0x1b,0x01,0x0f,0x02,0x00,0x17,0x11,0xfe,0x2b,0x00,0x33,0x54,
    0x66,0x48,0xaa,0x24,0x02,0x5e,0x03,0x93,0xea,0x05,0x6a,0x05,0x2f,0x3e,0x98,0x8f,
    0xfd,0x2a,0x7c,0x02,0x02,0x00,0x01,0x2b,0x00,0x06,0x02,0x00,0xc1,0xef,0x9a,0xb7,
    0x51,0x4e,0xcb,0x05,0xea,0x05,0xcb,0x0d,0xec,0x16,0x54,0x0f,0x72,0x0d,0x17,0x01,
    0x82,0x3c,0x58,0x06,0x2b,0x06,0x49,0x05,0xe0,0x64,0x0f,0x02,0x00,0xff,0xa2,0x0a,
    0x04,0x17,0x0f,0xe0,0x3c,0x01,0x0f,0x02,0x00,0x1b,0x08,0xb4,0x10,0x02,0xd2,0x39,
    0x0f,0x02,0x00,0x3f,0x06,0x1a,0x66,0x2c,0x41,0x08,0x72,0x1e,0x04,0x86,0x21,0x02,
    0x5c,0x03,0x0f,0x70,0x30,0x09,0x0f,0x02,0x00,0x0b,0x06,0xbc,0x04,0xf8,0x0f,0xde,
    0xef,0xce,0x25,0xc9,0x05,0x0b,0x0e,0x2c,0x06,0xec,0x05,0xcb,0x15,0xeb,0x0d,0x2a,
    0x06,0xea,0x05,0xab,0x05,0xed,0x15,0x92,0x4e,0x58,0x97,0xfd,0xd7,0xf2,0x1a,0x02,
    0x02,0x00,0x91,0xfe,0xdf,0x9a,0xa7,0xb5,0x66,0xee,0x25,0xcb,0x7c,0x06,0x51,0xcb,
    0x0d,0x2c,0x06,0x4c,0xf2,0x13,0x22,0xeb,0x05,0x48,0x0d,0x0f,0x02,0x00,0x05,0x06,
    0x38,0x25,0xa2,0x0c,0x06,0x2c,0x06,0xaa,0x05,0xcf,0x35,0xfe,0xef,0x1a,0x07,0x02,
    0x58,0x00,0x0f,0x02,0x00,0xff,0xa0,0x08,0xb6,0x20,0x4e,0x00,0x00,0xa2,0x10,0xcc,
    0x09,0x0f,0x02,0x00,0x19,0x0a,0xd6,0x42,0x2f,0x41,0x08,0x4e,0x28,0x45,0x8e,0x14,
    0xa5,0x69,0x4a,0x08,0x42,0x0c,0x63,0x98,0x06,0x06,0xbe,0x0d,0x0f,0xaa,0x18,0x37,
    0x91,0x5b,0xc7,0x69,0x05,0xcb,0x05,0x2c,0x06,0xeb,0x48,0x4d,0x02,0x64,0x64,0xf1,
    0x12,0xab,0x05,0x6c,0x0d,0xad,0x1d,0x30,0x46,0xb4,0x7e,0x17,0x97,0x59,0xaf,0x9b,
    0xc7,0xdc,0xc7,0xbc,0xc7,0x7a,0xc7,0x18,0xa7,0xb5,0x7e,0x72,0x4e,0xef,0x25,0x8c,
    0x0d,0xcb,0x5c,0x39,0x02,0x30,0x03,0x0f,0x56,0x03,0x0d,0x02,0x02,0x00,0x02,0x30,
    0x4d,0x31,0x0b,0x06,0x2b,0x5a,0x03,0x41,0x6d,0x15,0xbc,0xc7,0xf8,0x2e,0x0f,0x02,
    0x00,0xff,0xa9,0x28,0x7d,0xef,0x3c,0x40,0x0f,0xaa,0x4d,0x03,0x0f,0x02,0x00,0x17,
    0x2a,0xfb,0xde,0x12,0x1f,0x06,0x24,0x1e,0x0f,0x02,0x00,0x47,0x0a,0xd8,0x05,0x0f,
    0x4e,0x15,0x43,0x82,0xb6,0x9e,0x6a,0x05,0xea,0x05,0xca,0x15,0x90,0x46,0x13,0xcb,
    0x62,0x21,0x31,0xab,0x05,0xaa,0x8c,0x0d,0xf2,0x09,0x0d,0x26,0x2e,0x2e,0x2f,0x2e,
    0x4f,0x2e,0x2d,0x1e,0xec,0x0d,0xcb,0x05,0xaa,0x05,0xea,0x05,0x2b,0x06,0x0b,0x06,
    0x0c,0x0e,0x34,0x03,0x0f,0x02,0x00,0x17,0xf2,0x01,0x0c,0x06,0xab,0x1d,0xcb,0x15,
    0x2b,0x06,0xca,0x05,0x4a,0x05,0x38,0xa7,0xff,0xff,0xe4,0x3c,0x0f,0x02,0x00,0xff,
    0xaa,0x06,0x1e,0x17,0x1f,0x20,0xbe,0x85,0x06,0x0f,0x02,0x00,0x15,0x28,0x9e,0xf7,
    0x8e,0x2c,0x0f,0x80,0x93,0x05,0x0f,0x02,0x00,0x49,0x08,0xc6,0x87,0x2a,0x8a,0x52,
    0x78,0x03,0x0f,0x02,0x00,0x29,0xd7,0xb4,0x7e,0x88,0x05,0x29,0x06,0xeb,0x0d,0x2c,
    0x06,0xec,0x0d,0xcc,0x9c,0x10,0x11,0x0a,0x38,0x61,0x11,0xca,0x66,0x03,0x62,0xea,
    0x05,0xea,0x05,0x0a,0x06,0x02,0x00,0x05,0x6a,0xa1,0x0f,0x02,0x00,0x18,0xc2,0xeb,
    0x05,0xab,0x15,0x0b,0x0e,0x2b,0x06,0x2a,0x05,0x16,0x9f,0xe8,0x17,0x15,0xdf,0x54,
    0x11,0x0f,0x02,0x00,0xff,0xa6,0xaf,0xb6,0xb5,0xaa,0x52,0xc7,0x39,0xeb,0x5a,0x59,
    0xce,0xc2,0x01,0x2f,0x08,0x38,0x06,0x1f,0x4d,0x78,0x47,0x14,0x0f,0x02,0x00,0x3b,
    0x8a,0x9e,0xf7,0xef,0x7b,0x08,0x42,0xe7,0x39,0xb0,0x4e,0x0f,0x02,0x00,0x29,0x01,
    0xe0,0x24,0x43,0xff,0x2f,0x4e,0x88,0xcc,0x2e,0x04,0xce,0x2e,0x02,0x10,0x7c,0x03,
    0x02,0x00,0x02,0x42,0x39,0x01,0xac,0x17,0x01,0x54,0x14,0x05,0x26,0x00,0x0f,0x02,
    0x00,0x13,0x02,0x2e,0x00,0x76,0x2c,0x06,0x0b,0x06,0x49,0x05,0x53,0x82,0x75,0x01,
    0x8e,0x14,0x0f,0xbc,0x00,0x29,0x0f,0x02,0x00,0xff,0x4c,0x4f,0xba,0xd6,0x59,0xce,
    0x0e,0x1b,0x39,0x0f,0x02,0x00,0x0d,0xaf,0x10,0x84,0xc3,0x18,0x00,0x00,0xe3,0x18,
    0x4d,0x6b,0x16,0x02,0xb7,0x01,0x5e,0x03,0x61,0xf7,0x32,0x5e,0x6a,0x05,0xac,0x16,
    0x28,0x42,0x0b,0x06,0x0b,0x0e,0x42,0x03,0x08,0x02,0x00,0x0e,0x12,0x00,0x0f,0x02,
    0x00,0x19,0xc1,0x0c,0x06,0x2c,0x06,0xca,0x05,0x2a,0x05,0x53,0x6e,0xff,0xf7,0x4a,
    0x11,0x01,0x28,0x1b,0x0f,0x02,0x00,0xff,0x88,0x13,0xdb,0x54,0x1a,0x2f,0x24,0x21,
    0xc8,0x21,0x07,0x0f,0x02,0x03,0x3f,0x3f,0x7d,0xef,0x9a,0xe0,0x1a,0x00,0x7f,0xff,
    0xff,0xff,0xff,0xba,0xd6,0x79,0x84,0x17,0x2e,0x0f,0x02,0x00,0x63,0x11,0xbf,0x77,
    0x00,0xb1,0x95,0x7e,0x2a,0x05,0xaa,0x05,0xec,0x15,0xcc,0x15,0xec,0x74,0x0d,0x33,
    0x0b,0x06,0xea,0x20,0x0a,0x71,0x0a,0x0e,0x0a,0x0e,0x0a,0x06,0x0a,0x02,0x0a,0x02,
    0x64,0x03,0x01,0x82,0x03,0x0f,0x02,0x00,0x10,0x42,0xeb,0x05,0x0b,0x0e,0x22,0x11,
    0x61,0xaa,0x05,0x2a,0x05,0xf6,0x9e,0x92,0x01,0x11,0xef,0x5e,0x03,0x01,0x3e,0x68,
    0x01,0x79,0x00,0x0f,0x02,0x00,0xff,0x7f,0x28,0x3c,0xe7,0xd4,0x49,0x2f,0xf7,0xbd,
    0xa1,0x01,0x17,0x0a,0xd2,0x01,0x0a,0x0e,0x00,0x0f,0x02,0x00,0x25,0x6f,0xdb,0xde,
    0x28,0x42,0x41,0x08,0xe8,0x03,0x0b,0x0f,0x02,0x00,0x87,0x02,0xec,0x02,0x91,0xff,
    0xff,0x77,0xa6,0x4c,0x15,0x6a,0x05,0xec,0x5c,0x03,0x31,0xcc,0x0d,0xec,0x5a,0x03,
    0x13,0x2b,0x90,0x46,0x02,0x2a,0x54,0x02,0x02,0x00,0x0f,0x56,0x03,0x07,0x02,0x54,
    0x43,0x02,0x20,0x00,0x03,0xf2,0xc2,0xb2,0x0d,0x0c,0x0e,0x0b,0x06,0x89,0x05,0x6c,
    0x15,0x18,0xa7,0xe2,0x21,0x04,0x6e,0x00,0x0f,0x02,0x00,0xff,0x88,0x0a,0x3a,0x2f,
    0x0f,0x28,0x7c,0x09,0x0f,0x02,0x00,0x01,0x66,0x38,0xc6,0x51,0x8c,0x10,0x84,0x0e,
    0x32,0x0f,0x02,0x00,0x2b,0x24,0x9e,0xf7,0xf0,0x4d,0x0f,0x26,0x9a,0x35,0x02,0x56,
    0x57,0x4c,0xb2,0x94,0xef,0x7b,0xe8,0x21,0x0f,0x02,0x00,0x4b,0xe3,0x7b,0xc7,0xaf,
    0x35,0x8a,0x05,0xeb,0x05,0xec,0x0d,0x2c,0x06,0x2c,0x06,0x62,0x0d,0x01,0xba,0x21,
    0x12,0xec,0x1e,0x4d,0x1f,0x05,0x16,0x43,0x0b,0x02,0x36,0x43,0x02,0x32,0x00,0xf3,
    0x01,0xeb,0x0d,0xeb,0x05,0x2c,0x06,0x4c,0x06,0xec,0x05,0x29,0x05,0xce,0x35,0xbb,
    0xc7,0xc8,0x04,0x1f,0xf7,0xce,0x04,0x33,0x0f,0x02,0x00,0xff,0x48,0x0a,0x1a,0x75,
    0x0f,0x32,0x79,0x07,0x0f,0x02,0x00,0x03,0x06,0x04,0x1e,0x0f,0x0e,0x2b,0x33,0x0a,
    0x64,0x32,0x0f,0x1a,0x6f,0x0d,0x0f,0x02,0x00,0x13,0x24,0xf7,0xbd,0x96,0x14,0x2f,
    0x49,0x4a,0xc0,0x49,0x0c,0x0f,0x02,0x00,0x3a,0xc1,0xde,0xe7,0x73,0x5e,0x6b,0x05,
    0xa9,0x05,0x4b,0x06,0x4b,0x06,0x62,0x4d,0x01,0x02,0x00,0x21,0x0b,0x0e,0x32,0x03,
    0x03,0x02,0x00,0x02,0x98,0x06,0x0f,0x02,0x00,0x01,0x03,0xae,0x3f,0x01,0xa0,0x28,
    0x31,0x0a,0x06,0x2b,0x04,0x40,0x51,0x4b,0x0d,0x95,0x7e,0xfe,0x94,0x6b,0x01,0xe3,
    0x53,0x0f,0xba,0x22,0x2c,0x0f,0x02,0x00,0xff,0x50,0x04,0xa2,0x20,0x04,0x02,0x00,
    0x2f,0xaa,0x52,0x74,0x01,0x17,0x0a,0x7a,0x67,0x0f,0x18,0x06,0x31,0x08,0xde,0x5e,
    0x0f,0x12,0xee,0x03,0x0f,0xac,0x05,0x1d,0x37,0x5d,0xef,0xc3,0xf2,0x0a,0x0e,0x04,
    0x22,0x0f,0x50,0x00,0x1d,0x0f,0x02,0x00,0x0f,0x02,0x52,0x00,0x02,0x06,0x00,0x91,
    0x59,0xa7,0xee,0x35,0x29,0x05,0xaa,0x05,0x4c,0xa2,0x50,0x02,0x02,0x00,0x0f,0x5c,
    0x03,0x15,0x11,0xec,0xa2,0x21,0x11,0x2b,0x7c,0x4d,0x71,0x89,0x05,0x4a,0x05,0xf0,
    0x4d,0x5a,0xcf,0x0d,0x15,0xbf,0x76,0x17,0x02,0x64,0x00,0x0f,0x02,0x00,0xff,0x86,
    0x0c,0x44,0x94,0x0a,0x80,0x06,0x13,0xdf,0xee,0xda,0x4f,0xae,0x73,0xd3,0x9c,0xe0,
    0x27,0x01,0x19,0x6d,0x14,0x97,0x0f,0x66,0x28,0x31,0x0a,0x5a,0x4d,0x04,0x86,0x64,
    0x0f,0x02,0x00,0x29,0x0a,0x0a,0x07,0x0f,0x7a,0x5b,0x03,0x6f,0x96,0xb5,0xef,0x7b,
    0x10,0x84,0x72,0x47,0x43,0x91,0xde,0xf7,0xb5,0x8e,0xee,0x25,0x2a,0x05,0x8b,0x66,
    0xae,0x13,0x0b,0xd8,0x24,0x04,0x02,0x00,0x02,0x6e,0x03,0x0f,0x02,0x00,0x01,0x22,
    0xeb,0x0d,0xbe,0x61,0xa4,0xec,0x05,0x6a,0x05,0x2a,0x05,0xcf,0x3d,0xf7,0x9e,0x58,
    0x03,0x01,0x0e,0x01,0x01,0xb4,0x06,0x0f,0x5c,0x03,0xff,0x8c,0x06,0x74,0x27,0x02,
    0x02,0x00,0x0c,0x80,0x24,0x24,0xba,0xd6,0xe8,0x10,0x22,0x86,0x31,0xe0,0x3f,0x08,
    0x02,0x00,0x0a,0xaa,0x0d,0x0f,0xf2,0x06,0x19,0x0f,0x02,0x00,0x05,0x22,0xeb,0x5a,
    0x88,0x00,0x02,0x02,0x00,0x0f,0x5c,0x25,0x2d,0x0e,0x7a,0x6b,0x0f,0x5c,0x03,0x01,
    0x06,0xfa,0x5e,0x02,0xd8,0x47,0x0f,0x02,0x00,0x36,0x14,0xf7,0xbc,0x5a,0x71,0xde,
    0xe7,0x95,0x96,0x8e,0x3d,0x8b,0x8c,0x21,0x01,0x56,0x3c,0x05,0x12,0x0a,0x02,0x4e,
    0x75,0x02,0x0c,0x1b,0x02,0x08,0x00,0x04,0xc0,0x10,0x02,0x5a,0x57,0x82,0x6a,0x05,
    0x4c,0x0d,0x8f,0x3d,0x97,0x9e,0x90,0x28,0x08,0xbc,0x10,0x0f,0x58,0x03,0xff,0x8c,
    0x62,0xff,0xff,0xbe,0xf7,0x04,0x21,0xc6,0x02,0x04,0x02,0x00,0x0a,0x36,0x0d,0x28,
    0x7d,0xef,0x5a,0x10,0x0e,0x3c,0x03,0x08,0xb2,0x72,0x0f,0x78,0x4c,0x17,0xc2,0xff,
    0xff,0xff,0xff,0x79,0xce,0x30,0x84,0xcf,0x7b,0x55,0xad,0x0e,0x00,0x06,0x02,0x00,
    0x0a,0xb8,0x06,0x0e,0x9e,0xae,0x7d,0x38,0xc6,0xef,0x7b,0xcf,0x7b,0x96,0x66,0x6c,
    0x0f,0x02,0x00,0x07,0x0a,0x9a,0x07,0x0e,0xc4,0x00,0x06,0x70,0x22,0x08,0x9a,0x61,
    0x0f,0x02,0x00,0x3f,0x91,0xfe,0xe7,0x59,0xaf,0x73,0x5e,0x8e,0x25,0x4b,0x1a,0xeb,
    0x03,0xb8,0x06,0x01,0x4e,0x0d,0x03,0x02,0x00,0x07,0x0a,0x1b,0xf1,0x00,0xeb,0x05,
    0xaa,0x05,0x69,0x05,0x8a,0x05,0xcd,0x25,0x93,0x66,0x5a,0xb7,0xff,0xd2,0x33,0x03,
    0x4c,0x03,0x01,0xb0,0x06,0x0f,0x02,0x00,0xff,0x92,0x22,0x92,0x94,0x52,0x02,0x04,
    0x02,0x00,0x0c,0xdc,0x63,0x0a,0x20,0x00,0x0f,0xa2,0x09,0x01,0x06,0xf4,0x2a,0x23,
    0x49,0x4a,0xfe,0x01,0x0f,0x02,0x00,0x10,0x06,0xb4,0x49,0x1b,0x69,0xbe,0x39,0x0a,
    0xb8,0x06,0x0c,0x5c,0x03,0x06,0x66,0x07,0x0f,0xcc,0x21,0x19,0x06,0xc6,0x00,0x2a,
    0xc3,0x18,0xc6,0x5a,0x0e,0x7e,0x94,0x0f,0xfc,0x8a,0x05,0x0f,0x02,0x00,0x2c,0x05,
    0x8a,0xf8,0xf3,0x04,0x9d,0xcf,0x19,0x9f,0x74,0x76,0x8f,0x3d,0x8e,0x25,0x8c,0x05,
    0xab,0x05,0x8a,0x05,0x89,0x05,0x89,0x06,0x25,0x31,0x8a,0x05,0x69,0x02,0x00,0xc5,
    0xaa,0x05,0x8b,0x0d,0xad,0x25,0xef,0x3d,0x74,0x7e,0x39,0xaf,0xc2,0xe7,0x0f,0x02,
    0x00,0xff,0xa1,0x08,0x96,0x06,0x0f,0xb2,0x02,0x01,0x04,0xb4,0x60,0x02,0x02,0x00,
    0x0f,0x82,0x6b,0x03,0x6f,0x71,0x8c,0xaa,0x52,0xaa,0x52,0x16,0xe0,0x03,0x0f,0x02,
    0x00,0x03,0x0a,0xd0,0xc9,0x0a,0xe0,0x31,0x0f,0x5c,0x03,0x09,0x0a,0x6c,0x80,0x2f,
    0x34,0xa5,0x5e,0x00,0x03,0x0f,0x02,0x00,0x01,0x8f,0x75,0xad,0xeb,0x5a,0x69,0x4a,
    0x8e,0x73,0x70,0x2f,0x01,0x06,0x1e,0x04,0x6f,0x00,0x00,0x00,0x00,0x20,0x00,0x88,
    0x3c,0x2c,0x0f,0x02,0x00,0x05,0x09,0x96,0x24,0xf1,0x13,0xdf,0xff,0x5c,0xd7,0x3a,
    0xb7,0x19,0x9f,0x55,0x76,0x94,0x76,0xd5,0x76,0x32,0x56,0xaf,0x3d,0x8f,0x3d,0x52,
    0x56,0xd5,0x76,0x93,0x6e,0x74,0x76,0x37,0x9f,0x39,0xbf,0x9c,0xe7,0x62,0x43,0x01,
    0x16,0x1e,0x01,0x07,0x00,0x0f,0x02,0x00,0xff,0x9f,0x0e,0x08,0x79,0x0a,0xce,0x0f,
    0x22,0x59,0xce,0x70,0x02,0x04,0x02,0x00,0x2f,0xe3,0x18,0x14,0x25,0x0b,0x0f,0x08,
    0x02,0x15,0x0a,0x24,0x65,0x0a,0x54,0x2f,0x0f,0x5c,0x03,0x09,0x08,0x84,0x28,0x0f,
    0x62,0x06,0x37,0x0a,0x34,0x0e,0x0f,0x8c,0x43,0x13,0x0f,0x02,0x00,0x1d,0x37,0xdf,
    0xff,0x9f,0x74,0x3f,0x0e,0x28,0x01,0x21,0xbe,0xef,0xf8,0xc5,0x0a,0x02,0x00,0x01,
    0xc0,0xa7,0x0e,0x2c,0x00,0x0f,0x02,0x00,0xff,0x94,0x0a,0x96,0x06,0x0e,0x3e,0x49,
    0x24,0xcf,0x7b,0x56,0x03,0x02,0x02,0x00,0x0f,0x6e,0x1a,0x33,0x0c,0x68,0x17,0x28,
    0x82,0x10,0x24,0x11,0x0f,0x5c,0x03,0x09,0x0a,0x6e,0x6c,0x2f,0x04,0x21,0x66,0x02,
    0x33,0x0c,0x66,0x7c,0x1f,0x45,0xca,0x8d,0x0a,0x0f,0x02,0x00,0x23,0x03,0x24,0x03,
    0x04,0xfa,0x27,0x04,0x08,0x00,0x0b,0xce,0x06,0x0b,0x02,0x00,0x0f,0x1a,0x1e,0xff,
    0x8f,0x0f,0x02,0x00,0x07,0x04,0xd6,0x3e,0x06,0x02,0x00,0x0a,0xb6,0x06,0x0a,0xc0,
    0x38,0x0f,0x16,0x5e,0x39,0x0a,0x2a,0x06,0x0a,0x76,0x93,0x0f,0x5c,0x03,0x09,0x08,
    0x00,0x73,0x0f,0xa0,0x61,0x39,0x0c,0x1a,0x0b,0x0f,0xa8,0x1b,0x09,0x0f,0x48,0x06,
    0x26,0x05,0x50,0x03,0x02,0x42,0x00,0x02,0xb0,0x24,0x03,0x74,0x03,0x0b,0x02,0x00,
    0x02,0x18,0x00,0x1f,0xbf,0x26,0x28,0xff,0x89,0x0f,0x02,0x00,0x0d,0x22,0x08,0x42,
    0x32,0x03,0x04,0x02,0x00,0x0c,0xfe,0x9a,0x0a,0xba,0x09,0x0c,0xbc,0x09,0x0f,0x02,
    0x00,0x27,0x0c,0x3a,0x8d,0x22,0xe7,0x39,0x6e,0x02,0x02,0x02,0x00,0x0f,0x5c,0x03,
    0x09,0x06,0x04,0x22,0x02,0x02,0x00,0x0f,0x04,0x03,0x09,0x0f,0x02,0x00,0x19,0x0a,
    0xa6,0x1b,0x0f,0xa0,0x07,0x07,0x8e,0x14,0xa5,0x08,0x42,0x65,0x29,0x28,0x42,0xde,
    0x14,0x0f,0x02,0x00,0x0f,0x08,0xe4,0x00,0x09,0x02,0x00,0x05,0x74,0x03,0x02,0x66,
    0x17,0x01,0x02,0x00,0x02,0xde,0x7f,0x02,0x02,0x00,0x01,0x11,0x00,0x0f,0x02,0x00,
    0xff,0x9c,0x32,0xfb,0xde,0x20,0xa1,0x02,0x05,0x02,0x00,0x0c,0xee,0x48,0x24,0x49,
    0x4a,0x4e,0x42,0x02,0x02,0x00,0x0f,0x62,0xfe,0x0b,0x0f,0x02,0x00,0x17,0x0c,0xf8,
    0x17,0x0a,0x16,0x17,0x0f,0x5c,0x03,0x09,0x0a,0xf2,0x17,0x2f,0x00,0x00,0x8a,0x17,
    0x19,0x0f,0x02,0x00,0x09,0x0c,0x12,0x69,0x2f,0xe3,0x18,0x0a,0x03,0x01,0x08,0xac,
    0x17,0x0f,0x5e,0x03,0x21,0x0f,0x02,0x00,0xff,0xd8,0x0a,0x98,0x09,0x0f,0x54,0x1d,
    0x01,0x02,0x86,0xe7,0x04,0x02,0x00,0x0f,0xa8,0x7c,0x05,0x0f,0x02,0x00,0x1f,0x2a,
    0xbe,0xf7,0x84,0x09,0x0a,0x24,0x57,0x0f,0x5c,0x03,0x09,0x08,0x7a,0x91,0x0f,0x4c,
    0x87,0x03,0x0f,0x02,0x00,0x25,0x0a,0xec,0x00,0x0f,0x3c,0x03,0x01,0x24,0x7d,0xef,
    0x94,0x28,0x0f,0xa2,0x76,0x43,0x0f,0x02,0x00,0xff,0xb8,0x0c,0xa0,0x2b,0x02,0xd2,
    0x16,0x0a,0xae,0x05,0x0a,0xba,0xe4,0x02,0x84,0x4c,0x0a,0x22,0x00,0x4e,0x9a,0xd6,
    0x18,0xc6,0x30,0x1a,0x0f,0x02,0x00,0x0d,0x42,0xdf,0xff,0x24,0x21,0xa2,0x02,0x02,
    0x02,0x00,0x02,0x5a,0x00,0x04,0x02,0x00,0x0f,0x5c,0x03,0x09,0x0a,0xf8,0xb2,0x0f,
    0xd2,0x13,0x21,0x6a,0x9e,0xf7,0x38,0xc6,0x18,0xc6,0xc6,0x00,0x0e,0x82,0x14,0x08,
    0x2c,0x5b,0x04,0x02,0x00,0x0a,0x00,0x18,0x0c,0x5e,0x8b,0x0f,0x02,0x00,0xff,0xfa,
    0x22,0xae,0x73,0xd8,0x02,0x04,0x02,0x00,0x11,0xc3,0x06,0x09,0x0a,0x74,0x02,0x0a,
    0x36,0x2b,0x02,0xe8,0x10,0x06,0x22,0x00,0xae,0x5d,0xef,0x69,0x4a,0x20,0x00,0x00,
    0x00,0x41,0x08,0xfe,0x2a,0x0f,0x02,0x00,0x0b,0x34,0x59,0xce,0x20,0x77,0x00,0x01,
    0x02,0x00,0x0a,0xa0,0x50,0x0a,0x98,0x21,0x0a,0x52,0x1b,0x35,0xba,0xd6,0x61,0xda,
    0x7f,0x0f,0x18,0x0d,0x09,0x0f,0x02,0x00,0x05,0x22,0x75,0xad,0x86,0x22,0x26,0x45,
    0x29,0xb0,0x57,0x02,0x02,0x00,0x0c,0x4c,0x87,0x0a,0x60,0x11,0x02,0xf2,0x62,0x0a,
    0x3e,0x47,0x2f,0x04,0x21,0x60,0x29,0x01,0x0f,0x02,0x00,0xff,0xf0,0x0e,0x02,0x14,
    0x0a,0xea,0x24,0x02,0x02,0x00,0x26,0x3c,0xe7,0xb6,0xb8,0x24,0x30,0x84,0x8c,0x37,
    0x02,0x1c,0x00,0x02,0x8e,0x0d,0x04,0x02,0x00,0x0f,0x12,0x1a,0x1b,0x0c,0xf4,0x16,
    0x0a,0x06,0x9e,0x0a,0xb8,0x06,0x19,0xa2,0xf2,0xbc,0x08,0x28,0xa2,0x0f,0x7e,0x89,
    0x1f,0x08,0x7a,0x06,0x0e,0xe2,0x0a,0x0a,0x78,0x00,0x0c,0xd2,0x1e,0x0e,0x50,0xc0,
    0x0f,0x4a,0x11,0x37,0x0f,0x02,0x00,0xff,0xbc,0x06,0x3a,0x24,0x02,0x02,0x00,0x0c,
    0xea,0x24,0x04,0x02,0x00,0x8e,0x5d,0xef,0x51,0x8c,0xcb,0x5a,0x0c,0x63,0x90,0x13,
    0x0a,0x56,0x10,0x0f,0x16,0xe7,0x05,0x0f,0x02,0x00,0x03,0x0c,0xfc,0x17,0x0a,0x44,
    0x11,0x0a,0x9c,0x00,0x0a,0x44,0x94,0x0c,0x5c,0x03,0x0f,0xc6,0x39,0x1b,0x0a,0x0e,
    0x14,0x0c,0x10,0x04,0x0c,0x70,0x0a,0x0e,0xf0,0x93,0x0a,0x9a,0x00,0x0f,0x38,0x15,
    0x37,0x0f,0x02,0x00,0xff,0xba,0x28,0x9e,0xf7,0xd0,0x34,0x0f,0x00,0x06,0x1f,0x0e,
    0xf4,0x35,0x31,0xe3,0x18,0x5d,0x4e,0x2a,0x0f,0x02,0x00,0x13,0x0a,0x04,0x61,0x0c,
    0xe2,0x2b,0x08,0x5e,0x06,0x0c,0x3e,0x06,0x0a,0x94,0x3c,0x0f,0xe6,0x1d,0x1d,0x0a,
    0x7a,0x1e,0x0c,0x90,0x28,0x19,0x5d,0xac,0x10,0x0f,0x9a,0x80,0x01,0x2a,0x1c,0xe7,
    0x92,0x0a,0x0f,0x38,0x70,0x2b,0x0f,0x02,0x00,0xff,0xc4,0x0a,0x26,0x6e,0x4e,0x00,
    0x00,0x00,0x00,0x76,0x56,0x0f,0x02,0x00,0x0b,0x0c,0x46,0x17,0x02,0x7c,0x8c,0x0f,
    0x02,0x00,0x15,0x0c,0x38,0x1b,0x0a,0x14,0x0a,0x06,0x52,0x76,0x4c,0x00,0x00,0xe7,
    0x39,0x26,0x3c,0x22,0x69,0x4a,0xb2,0x00,0x02,0x02,0x00,0x0f,0xf4,0x0c,0x1b,0x0a,
    0x66,0x22,0x0e,0x52,0x18,0x0a,0xd8,0x06,0x0f,0x8e,0x36,0x01,0x0a,0x82,0x0e,0x0f,
    0x22,0x00,0x01,0x0f,0x02,0x00,0xff,0xee,0x0c,0x5a,0x0c,0x0a,0x04,0x17,0x0f,0x02,
    0x00,0x11,0x0a,0x5c,0x06,0x0f,0xda,0x27,0x1d,0x0a,0xfe,0x17,0x2e,0x41,0x08,0x6a,
    0x14,0x8e,0x55,0xad,0xeb,0x5a,0xaa,0x52,0x30,0x84,0xbe,0x28,0x0a,0x9a,0x21,0x0f,
    0x96,0x3c,0x01,0x0f,0x02,0x00,0x07,0x26,0x1c,0xe7,0xb0,0x07,0x0f,0x66,0x68,0x01,
    0x0a,0x96,0x5b,0x0f,0xf4,0x5e,0x01,0x0c,0xf8,0x00,0x1f,0xc3,0x60,0x29,0x0c,0x0f,
    0x02,0x00,0xff,0xe0,0x0a,0x1c,0x09,0x04,0x02,0x14,0x0f,0x02,0x00,0x19,0x0c,0x20,
    0x21,0x0f,0x3e,0x53,0x1b,0x06,0x8a,0x38,0x02,0xba,0x24,0x04,0xb6,0x79,0x0f,0x02,
    0x00,0x11,0x0a,0xbc,0x00,0x0f,0x3c,0x00,0x1b,0xc8,0xff,0xff,0xfb,0xde,0x69,0x4a,
    0xc3,0x18,0xe3,0x18,0xcb,0x5a,0xc2,0x28,0x06,0x02,0x00,0x0c,0x60,0x29,0x0e,0x9c,
    0x1e,0x0a,0x38,0x07,0x0f,0x80,0x00,0x1d,0x0f,0x02,0x00,0xff,0xd0,0x0a,0x54,0x31,
    0x0f,0xb0,0x34,0x21,0x1b,0x28,0x2e,0x25,0x0f,0xe4,0x49,0x1b,0x0a,0x5a,0x09,0x2f,
    0x61,0x08,0x5c,0x03,0x19,0x0a,0x9a,0x75,0x0f,0xfe,0x02,0x01,0x0f,0x02,0x00,0x0d,
    0x2f,0x3c,0xe7,0x1c,0x0e,0x07,0x0c,0xae,0x10,0x0a,0x32,0x22,0x0e,0x3a,0x30,0x0f,
    0xd0,0x36,0x01,0x0f,0x02,0x00,0xff,0xec,0x08,0x40,0x42,0x0e,0x8c,0x16,0x0f,0x02,
    0x00,0x0f,0x28,0x3c,0xe7,0xa2,0x20,0x0f,0x92,0x71,0x03,0x0f,0x02,0x00,0x09,0x0a,
    0xd8,0x09,0x0f,0x72,0x2b,0x1b,0x0c,0xac,0x0d,0x0f,0xd6,0x03,0x1b,0x0f,0x02,0x00,
    0x0d,0x0c,0x6a,0x91,0x2e,0x20,0x00,0xe0,0x06,0x08,0xba,0x06,0x0f,0xf8,0x9b,0x05,
    0x0f,0x02,0x00,0xff,0xea,0x22,0x10,0x84,0x08,0x1d,0x2a,0xe3,0x18,0xc2,0x85,0x0f,
    0x02,0x00,0x13,0x0c,0x44,0x17,0x0c,0x72,0x13,0x0f,0x02,0x00,0x0b,0x0a,0x86,0x78,
    0x0c,0xaa,0x2b,0x0f,0x02,0x00,0x0d,0x0a,0xf2,0x0c,0x0f,0xf0,0x0c,0x3f,0x0c,0xc0,
    0x2c,0x0e,0xa0,0x87,0x24,0x5d,0xef,0xb6,0x07,0x3f,0x49,0x4a,0x9e,0x4a,0x2b,0xff,
    0xa3,0x0f,0x02,0x00,0x4d,0x5f,0xdb,0xde,0x75,0xad,0x96,0x3a,0xfc,0x08,0x0f,0x02,
    0x00,0x09,0x0a,0x30,0x0d,0x0e,0xe8,0x13,0x0f,0x02,0x00,0x0b,0x0c,0x48,0x17,0x0f,
    0x4a,0x11,0x1d,0x08,0xf6,0x06,0x0f,0x12,0x22,0x1d,0x0f,0x02,0x00,0x0f,0x0a,0xb8,
    0x1b,0x4e,0x00,0x00,0x86,0x31,0x50,0x11,0x62,0xff,0xff,0x18,0xc6,0x34,0xa5,0xa8,
    0x22,0x0f,0x02,0x00,0xff,0xff,0x3f,0x0a,0x68,0x28,0x0f,0x98,0x6e,0x1d,0x0c,0xaa,
    0x2b,0x0f,0xf0,0x0d,0x1d,0x24,0x3c,0xe7,0x38,0x06,0x0f,0xc4,0xdd,0x09,0x0f,0x02,
    0x00,0x25,0x1b,0x7d,0x64,0x9f,0x0f,0xbe,0x68,0x61,0x0f,0x02,0x00,0xff,0xe8,0x0c,
    0x9a,0xaa,0x2f,0xc7,0x39,0x0c,0x02,0x1b,0x17,0x3c,0x0a,0x17,0x0e,0xaa,0x2b,0x04,
    0x02,0x00,0x2f,0xbe,0xf7,0x70,0x09,0x09,0x4f,0xf7,0xbd,0x34,0xa5,0xa8,0x68,0x31,
    0x0f,0x02,0x00,0x01,0x0c,0x0a,0x55,0x0f,0xfc,0x1b,0x1d,0x0f,0x02,0x00,0xff,0xff,
    0x2b,0x0c,0x1a,0x4a,0x0f,0x98,0x09,0x1d,0x0a,0x8a,0x57,0x04,0xaa,0x28,0x08,0x02,
    0x00,0xaf,0x9e,0xf7,0x8e,0x73,0x24,0x21,0x04,0x21,0x8a,0x52,0x16,0x46,0x44,0x0f,
    0x02,0x00,0x0a,0x0c,0xcc,0x35,0x0f,0xc6,0x14,0x19,0x0f,0x02,0x00,0xff,0xff,0x2f,
    0x0c,0x7a,0x1e,0x0f,0x0e,0x11,0x1d,0x0c,0x00,0x47,0x0a,0x4e,0x28,0x37,0xff,0xff,
    0xdf,0x52,0x0d,0x2f,0x61,0x08,0x5e,0x03,0x61,0x08,0xba,0x06,0x0e,0x86,0x17,0x0f,
    0x02,0x00,0xff,0xff,0x49,0x22,0x7d,0xef,0xa6,0x31,0x04,0x02,0x00,0x0f,0xfa,0x49,
    0x0d,0x0e,0x02,0x00,0x0c,0xb8,0x06,0x0c,0xa8,0xa0,0x0a,0x7c,0x03,0x0f,0x84,0x14,
    0x1b,0x0f,0x02,0x00,0x33,0x24,0xbe,0xf7,0xa2,0x1e,0x1f,0x69,0x9a,0x61,0x5a,0x0f,
    0x02,0x00,0xff,0xee,0x0c,0x68,0x2b,0x0f,0x8a,0x2e,0x1b,0x0f,0x42,0x00,0x01,0x0c,
    0xd8,0x27,0x0a,0xf6,0x27,0x26,0x86,0x31,0xd6,0x32,0x0f,0x02,0x00,0x59,0x4f,0x79,
    0xce,0x96,0xb5,0xd2,0x0d,0x45,0x0f,0x02,0x00,0xff,0xff,0x07,0x0c,0x5c,0x03,0x0c,
    0xd2,0x09,0x0f,0x02,0x00,0x0f,0x0c,0x5a,0x21,0x0c,0x54,0x0a,0x0a,0x36,0x22,0x0f,
    0x3c,0x3f,0xff,0xff,0x0b,0x0f,0x02,0x00,0xbd,0x0a,0xbc,0x1d,0x0f,0xea,0x0f,0x21,
    0x0a,0xaa,0x2b,0x0e,0x3c,0x03,0x08,0xee,0x0c,0x0e,0xb4,0x5a,0x0f,0x02,0x00,0xff,
    0xff,0xcb,0x08,0x6a,0x10,0x4f,0x00,0x00,0xcf,0x7b,0xec,0x02,0x1f,0x0c,0x4e,0x28,
    0x0c,0x46,0x5a,0x0c,0x5c,0x03,0x0c,0x66,0x32,0x0f,0x02,0x00,0xff,0xff,0xcb,0x24,
    0x7d,0xef,0xc8,0x13,0x0f,0x68,0x10,0x23,0x0a,0x50,0x0d,0x0e,0x98,0x42,0x0f,0x5c,
    0x03,0xff,0xff,0xeb,0x02,0xf4,0x23,0x24,0x96,0xb5,0x1e,0x17,0x0f,0x6c,0x10,0x1d,
    0x04,0x9a,0x03,0x02,0x02,0x00,0x0e,0xb2,0x3c,0x0f,0x5c,0x03,0xff,0xff,0xef,0x0f,
    0x02,0x00,0x27,0x2a,0xbe,0xf7,0x44,0x2f,0x0e,0x4e,0x28,0x0c,0x5c,0x03,0x0f,0x12,
    0x32,0x07,0x0f,0x02,0x00,0xff,0xff,0xff,0x00,0x0c,0xe8,0xda,0x0e,0x5c,0x03,0x0a,
    0x44,0x4d,0x0f,0x22,0x35,0xff,0xff,0x01,0x0f,0x02,0x00,0xff,0x0a,0x0a,0x96,0x42,
    0x02,0x9c,0x4d,0x08,0x02,0x00,0x04,0x80,0xb9,0x02,0x02,0x00,0x0e,0xb8,0xe8,0x0f,
    0x02,0x00,0xff,0xff,0xff,0x0c,0x08,0x96,0x42,0x2e,0x61,0x08,0x7c,0x38,0x08,0x20,
    0x00,0x0f,0xae,0x28,0x1f,0x0f,0x02,0x00,0xff,0xff,0xef,0x22,0x14,0xa5,0x14,0x46,
    0x2f,0x86,0x31,0xfa,0x20,0x03,0x04,0x72,0x24,0x4e,0x00,0x00,0x82,0x10,0xa8,0x46,
    0x0f,0x02,0x00,0xff,0xff,0xff,0x10,0x4f,0x5d,0xef,0xb6,0xb5,0xe2,0xbc,0x07,0x7f,
    0xdf,0xff,0xcf,0x7b,0x86,0x31,0x24,0x08,0x2f,0x64,0x0f,0x02,0x00,0xff,0xff,0xff,
    0xff,0xff,0xff,0xff,0xff,0xff,0xff,0xff,0xff,0xff,0xff,0xff,0xff,0xff,0xff,0xff,
    0xff,0xff,0xff,0xff,0xff,0xff,0xff,0xff,0xff,0xff,0xff,0xff,0xff,0xff,0xff,0xff,
    0xff,0xff,0xff,0xff,0xff,0xff,0xff,0xff,0xff,0xff,0xff,0xff,0xff,0xff,0xff,0xff,
    0xff,0xff,0xff,0xff,0xff,0xff,0xff,0xff,0xff,0xff,0xff,0xff,0xff,0xff,0xff,0xff,
    0xff,0xff,0xff,0xff,0xff,0xff,0xff,0xff,0xff,0xff,0xff,0xb0,0x50,0xff,0xff,0xff,
    0xff,0xff,

};

const lv_image_dsc_t QR_WeChat_02_dantuoshui = {
  .header = {
    .magic = LV_IMAGE_HEADER_MAGIC,
    .cf = LV_COLOR_FORMAT_RGB565,
    .flags = 0 | LV_IMAGE_FLAGS_COMPRESSED,
    .w = 430,
    .h = 430,
    .stride = 860,
    .reserved_2 = 0,
  },
  .data_size = sizeof(QR_WeChat_02_dantuoshui_map),
  .data = QR_WeChat_02_dantuoshui_map,
  .reserved = NULL,
};

