
#if defined(LV_LVGL_H_INCLUDE_SIMPLE)
#include "lvgl.h"
#elif defined(LV_LVGL_H_INCLUDE_SYSTEM)
#include <lvgl.h>
#elif defined(LV_BUILD_TEST)
#include "../lvgl.h"
#else
#include "lvgl/lvgl.h"
#endif

#ifndef LV_ATTRIBUTE_MEM_ALIGN
#define LV_ATTRIBUTE_MEM_ALIGN
#endif

#ifndef LV_ATTRIBUTE_IMG_01_LOW_TEMP
#define LV_ATTRIBUTE_IMG_01_LOW_TEMP
#endif

static const
LV_ATTRIBUTE_MEM_ALIGN LV_ATTRIBUTE_LARGE_CONST LV_ATTRIBUTE_IMG_01_LOW_TEMP
uint8_t img_01_Low_Temp_map[] = {

    0x02,0x00,0x00,0x00,0x19,0x81,0x00,0x00,0x56,0x30,0x04,0x00,0x1f,0x00,0x01,0x00,
    0xfe,0x3f,0x7b,0x85,0x9b,0x02,0x00,0x06,0x1f,0xbb,0x02,0x00,0x06,0x4f,0xdb,0x85,
    0xdb,0x85,0x4b,0x01,0xfe,0x0f,0x02,0x00,0xee,0x2e,0x7b,0x85,0x02,0x00,0x0f,0x5e,
    0x02,0x25,0x07,0x02,0x00,0x5f,0x8d,0xdb,0x8d,0xdb,0x8d,0x5d,0x01,0xee,0x0f,0x02,
    0x00,0xe4,0x22,0x5b,0x85,0x02,0x00,0x0e,0x5a,0x02,0x0f,0x5e,0x02,0x39,0x53,0xdb,
    0x8d,0xdb,0x8d,0xfb,0x02,0x00,0x0f,0x69,0x01,0xe4,0x0f,0x02,0x00,0xd8,0x02,0x52,
    0x02,0x08,0x02,0x00,0x02,0x4e,0x02,0x0c,0x02,0x00,0x0f,0xbc,0x04,0x35,0x08,0x5e,
    0x02,0x06,0x02,0x00,0x0f,0x71,0x01,0xd8,0x0f,0x02,0x00,0xd2,0x08,0x50,0x02,0x0a,
    0x02,0x00,0x0c,0x58,0x02,0x02,0x02,0x00,0x0f,0x5e,0x02,0x4b,0x04,0x02,0x00,0x0f,
    0x7b,0x01,0xd2,0x0f,0x02,0x00,0xc8,0x22,0x3b,0x85,0x02,0x00,0x0a,0x52,0x02,0x08,
    0x02,0x00,0x02,0x4e,0x02,0x0c,0x02,0x00,0x0f,0x5e,0x02,0x53,0x22,0x1b,0x8e,0x02,
    0x00,0x0f,0x81,0x01,0xc8,0x0f,0x02,0x00,0xc2,0x02,0x54,0x02,0x06,0x02,0x00,0x08,
    0x50,0x02,0x0a,0x02,0x00,0x0c,0x58,0x02,0x02,0x02,0x00,0x0f,0x5e,0x02,0x5b,0x02,
    0x02,0x00,0x0f,0x89,0x01,0xc2,0x0f,0x02,0x00,0xbc,0x06,0x52,0x02,0x08,0x02,0x00,
    0x0a,0x52,0x02,0x08,0x02,0x00,0x02,0x4e,0x02,0x0c,0x02,0x00,0x0f,0x5e,0x02,0x61,
    0x02,0x02,0x00,0x0f,0x8f,0x01,0xbc,0x0f,0x02,0x00,0xb6,0x33,0x1b,0x85,0x1b,0x08,
    0x07,0x0e,0x02,0x00,0x08,0x50,0x02,0x0a,0x02,0x00,0x0c,0x58,0x02,0x02,0x02,0x00,
    0x0f,0x5e,0x02,0x67,0x6f,0x1b,0x8e,0x1b,0x8e,0x3b,0x8e,0x95,0x01,0xb6,0x0f,0x02,
    0x00,0xb2,0x22,0x1b,0x85,0x02,0x00,0x0e,0x58,0x02,0x02,0x02,0x00,0x0a,0x52,0x02,
    0x08,0x02,0x00,0x02,0x4e,0x02,0x0c,0x02,0x00,0x0f,0x5e,0x02,0x6d,0x02,0x02,0x00,
    0x0f,0x9b,0x01,0xb2,0x0f,0x02,0x00,0xaa,0x02,0x56,0x02,0x04,0x02,0x00,0x02,0x4c,
    0x02,0x0e,0x02,0x00,0x08,0x50,0x02,0x0a,0x02,0x00,0x0c,0x58,0x02,0x02,0x02,0x00,
    0x0f,0x5e,0x02,0x73,0x02,0x02,0x00,0x0f,0x9f,0x01,0xaa,0x0f,0x02,0x00,0xa8,0x04,
    0x54,0x02,0x06,0x02,0x00,0x0e,0x58,0x02,0x02,0x02,0x00,0x0a,0x52,0x02,0x08,0x02,
    0x00,0x02,0x4e,0x02,0x0c,0x02,0x00,0x0f,0x5e,0x02,0x79,0x1f,0x3b,0x2a,0x07,0xff,
    0x5f,0x06,0x50,0x02,0x0a,0x02,0x00,0x02,0x4c,0x02,0x0e,0x02,0x00,0x08,0x50,0x02,
    0x0a,0x02,0x00,0x0c,0x58,0x02,0x02,0x02,0x00,0x0f,0x73,0x03,0x23,0x07,0x08,0x1a,
    0x03,0x0a,0x1a,0x0f,0x4e,0x15,0x03,0x04,0x02,0x00,0x02,0x66,0x09,0x0e,0x02,0x00,
    0x02,0x52,0x02,0x0c,0x02,0x00,0x0f,0x94,0x00,0x23,0x0f,0x02,0x00,0xff,0x1e,0x0a,
    0x50,0x02,0x0a,0x02,0x00,0x0e,0x58,0x02,0x02,0x02,0x00,0x0a,0x52,0x02,0x08,0x02,
    0x00,0x0f,0x4e,0x02,0x29,0x0f,0x02,0x00,0x0d,0x0f,0x5e,0x02,0x3b,0x02,0x02,0x00,
    0x0f,0x74,0x00,0x0d,0x0f,0x02,0x00,0xff,0x2a,0x6a,0xfb,0x84,0xfb,0x84,0xfb,0x84,
    0x52,0x02,0x08,0x02,0x00,0x02,0x4c,0x02,0x0e,0x02,0x00,0x08,0x50,0x02,0x06,0x02,
    0x00,0x0f,0x8a,0x01,0x57,0x04,0xae,0x04,0x0a,0x02,0x00,0x0e,0xb6,0x04,0x02,0x02,
    0x00,0x02,0x48,0x02,0x0f,0x02,0x00,0x01,0x5f,0x5b,0x8e,0x5b,0x8e,0x5b,0x52,0x0e,
    0xff,0x43,0x02,0x5a,0x02,0x0f,0x5e,0x02,0x2f,0x0f,0x54,0x02,0x57,0x0f,0x02,0x00,
    0x01,0x08,0x60,0x02,0x02,0x4c,0x02,0x0e,0x02,0x00,0x0f,0x58,0x02,0x01,0x02,0x02,
    0x00,0x02,0x5e,0x02,0x0f,0x62,0x02,0xff,0x3e,0x02,0x56,0x02,0x04,0x02,0x00,0x08,
    0xae,0x04,0x0a,0x02,0x00,0x0e,0xb6,0x04,0x02,0x02,0x00,0x0f,0x56,0x02,0x6f,0x0c,
    0x02,0x00,0x0f,0x5e,0x02,0x2d,0x0f,0x62,0x02,0xff,0x36,0x04,0x54,0x02,0x06,0x02,
    0x00,0x0a,0x52,0x02,0x08,0x02,0x00,0x02,0x4c,0x02,0x0a,0x02,0x00,0x0c,0xd8,0x01,
    0x0f,0x02,0x00,0x79,0x0e,0xb8,0x04,0x02,0x4e,0x15,0x0f,0x02,0x00,0x05,0x02,0x56,
    0x02,0x08,0x02,0x00,0x0f,0xce,0x00,0x79,0x0f,0x02,0x00,0x9d,0x06,0x52,0x02,0x08,
    0x02,0x00,0x08,0x50,0x02,0x0a,0x02,0x00,0x0f,0x58,0x02,0x97,0x0a,0x02,0x00,0x02,
    0x56,0x02,0x04,0x02,0x00,0x0f,0x5c,0x02,0x05,0x0f,0x5e,0x02,0x01,0x0f,0xc4,0x04,
    0xff,0x26,0x11,0xdb,0xc2,0x0b,0x0f,0x02,0x00,0x01,0x0a,0x52,0x02,0x08,0x02,0x00,
    0x04,0x5e,0x02,0x0a,0xbc,0x01,0x0f,0x02,0x00,0x95,0x0f,0x5e,0x02,0x25,0x0f,0xc2,
    0x04,0xff,0x20,0x2f,0xdb,0x84,0x5e,0x02,0x23,0x0f,0x4a,0x02,0x51,0x88,0x3b,0x85,
    0x00,0x00,0x7a,0x84,0xfb,0x8d,0x0a,0x00,0x11,0x1b,0x54,0x2f,0x2f,0xfb,0x84,0x80,
    0x00,0x29,0x8f,0x1b,0x85,0x5b,0x8e,0x1b,0x8e,0xfb,0x8d,0xbc,0x04,0x1d,0x5f,0x5b,
    0x8e,0x7b,0x8e,0x7b,0x4a,0x0e,0xff,0x17,0x22,0xdb,0x84,0x02,0x00,0x0f,0xb8,0x04,
    0x01,0x0f,0x34,0x0e,0x09,0x0f,0xda,0x01,0x29,0x0f,0x02,0x00,0x11,0x22,0x7b,0x85,
    0x46,0x02,0x0f,0x6a,0x00,0x07,0x02,0x5e,0x02,0x0f,0x42,0x0c,0x1b,0x33,0x1a,0x7c,
    0x9b,0x58,0x00,0x42,0x9a,0x84,0x5b,0x8e,0x44,0x00,0x2f,0xbb,0x85,0x20,0x07,0x03,
    0x02,0x0a,0x07,0x0e,0x02,0x00,0x11,0x7b,0x60,0x02,0x0f,0x62,0x02,0xff,0x10,0x02,
    0x58,0x02,0x02,0x02,0x00,0x02,0x4c,0x02,0x0e,0x02,0x00,0x08,0x0c,0x07,0x02,0x02,
    0x00,0x0f,0x1c,0x02,0x11,0x0f,0x02,0x00,0x2b,0x2f,0x1b,0x85,0x36,0x02,0x17,0x02,
    0x5e,0x02,0x0f,0xf2,0x17,0x11,0x62,0x1a,0x7c,0xdb,0x8d,0x1a,0x7c,0x30,0x00,0x0e,
    0x02,0x00,0x0e,0xc4,0x04,0x0e,0x58,0x02,0x02,0x02,0x00,0x04,0x5e,0x02,0x0f,0x60,
    0x02,0xff,0x0c,0x13,0xda,0xb6,0x04,0x02,0x02,0x00,0x0e,0x58,0x02,0x02,0x02,0x00,
    0x02,0x52,0x02,0x04,0x02,0x00,0x0e,0x96,0x01,0x0f,0x02,0x00,0x3d,0x5f,0x1a,0x7c,
    0xfb,0x8d,0xdb,0xf4,0x06,0x1c,0x2f,0x1a,0x7c,0x5e,0x02,0x0d,0x2f,0x1a,0x7c,0xa2,
    0x36,0x11,0x0a,0x62,0x02,0x02,0x4c,0x02,0x0e,0x02,0x00,0x06,0x5e,0x02,0x3f,0x7b,
    0x8e,0x7c,0x24,0x07,0xff,0x03,0x4f,0xda,0x84,0xda,0x84,0x5e,0x02,0x1d,0x0f,0x48,
    0x02,0x1d,0x13,0x3b,0x84,0x06,0x42,0x3a,0x7c,0xfb,0x8d,0x90,0x04,0x04,0x6a,0x04,
    0x0f,0x02,0x00,0x07,0x31,0x3b,0x85,0x1a,0x2e,0x00,0x0f,0x02,0x00,0x21,0x0f,0x64,
    0x02,0x07,0x0f,0xbc,0x00,0x19,0x06,0x62,0x02,0x0e,0x58,0x02,0x02,0x02,0x00,0x0a,
    0x5e,0x02,0x1f,0x7c,0x62,0x02,0xfe,0x02,0x5c,0x02,0x0f,0x5e,0x02,0x19,0x0f,0xee,
    0x01,0x1b,0x48,0x1a,0x7c,0x3b,0x85,0x5e,0x02,0x13,0x5b,0x68,0x02,0x02,0x14,0x00,
    0x2f,0x5a,0x84,0x7c,0x38,0x07,0x0f,0x2a,0x0c,0x31,0x0f,0xae,0x00,0x1d,0x0e,0x02,
    0x00,0x02,0x62,0x02,0x02,0x4c,0x02,0x0e,0x02,0x00,0x0e,0x5e,0x02,0x0f,0xc2,0x04,
    0xf7,0x04,0x5a,0x02,0x0f,0x5e,0x02,0x17,0x0e,0x7e,0x01,0x0f,0x02,0x00,0x07,0x4f,
    0x3b,0x85,0x1a,0x7c,0x32,0x00,0x0d,0x02,0x5e,0x02,0x2f,0x9a,0x84,0x7a,0x2c,0x43,
    0x0f,0xc2,0x04,0x07,0x0f,0x02,0x00,0x1b,0x0f,0x5e,0x02,0x1b,0x0f,0x60,0x02,0xf3,
    0x02,0x56,0x02,0x04,0x02,0x00,0x02,0x72,0x09,0x02,0x02,0x00,0x02,0x66,0x09,0x0c,
    0x02,0x00,0x0f,0x92,0x01,0x05,0xd3,0xda,0x84,0xfb,0x84,0x3b,0x85,0x7b,0x85,0xbb,
    0x85,0xdb,0x8d,0x1b,0xec,0x1d,0x2f,0xfb,0x84,0x38,0x04,0x19,0x11,0x9a,0xc2,0x04,
    0x2f,0xdb,0x84,0x8a,0x20,0x45,0x0f,0xe4,0x02,0x0d,0x0f,0x02,0x00,0x11,0x0e,0xb8,
    0x04,0x04,0x92,0x10,0x04,0x02,0x00,0x02,0x1a,0x07,0x04,0x02,0x00,0x0f,0x54,0x00,
    0x11,0x0f,0x02,0x00,0xc5,0x31,0xba,0x84,0xba,0x6e,0x09,0x06,0x02,0x00,0x02,0x58,
    0x02,0x02,0x02,0x00,0x0c,0x58,0x02,0x0f,0x5a,0x02,0x07,0x5b,0x00,0x00,0x9a,0x84,
    0xba,0x5e,0x02,0x4f,0x9c,0x8e,0xdb,0x85,0xd6,0x06,0x21,0x1f,0xda,0x5e,0x02,0x44,
    0x31,0x1a,0x7c,0xbb,0x14,0x13,0x0f,0x02,0x00,0x2f,0x02,0x52,0x02,0x08,0x02,0x00,
    0x04,0x5a,0x02,0x02,0xd6,0x0b,0x08,0x02,0x00,0x1f,0x9c,0xe4,0x0b,0xe6,0x2f,0xba,
    0x84,0x5e,0x02,0x19,0x0f,0x96,0x01,0x09,0x3f,0x5a,0x84,0x7a,0x5e,0x02,0x00,0x1f,
    0xdc,0x5a,0x01,0x28,0x11,0xfb,0x7c,0x12,0x0f,0x02,0x00,0x87,0x08,0x5c,0x02,0x0f,
    0x5e,0x02,0x0b,0x1f,0x9c,0x62,0x02,0xe2,0x02,0x5c,0x02,0x0f,0xbc,0x04,0x13,0x0f,
    0xe6,0x01,0x0d,0x0f,0x5e,0x02,0x05,0x1f,0xfc,0x60,0x02,0x28,0x00,0x1c,0x48,0x0f,
    0x88,0x10,0x1d,0x0f,0x02,0x00,0x0f,0x1f,0x3a,0xc2,0x04,0x36,0x08,0x62,0x02,0x02,
    0xb6,0x04,0x02,0x02,0x00,0x08,0xba,0x04,0x04,0x5e,0x02,0x0f,0x60,0x02,0xdb,0x04,
    0x5a,0x02,0x0f,0x5e,0x02,0x11,0x0f,0xb2,0x01,0x0f,0x3f,0x00,0x00,0x3a,0xbc,0x04,
    0x04,0x0f,0x5e,0x02,0x2d,0x2f,0xfb,0x84,0xba,0x08,0x3d,0x11,0x3a,0x9a,0x17,0x0f,
    0x02,0x00,0x35,0x04,0xc2,0x04,0x02,0x58,0x02,0x02,0x02,0x00,0x0f,0x5e,0x02,0x03,
    0x0f,0x60,0x02,0xd7,0x02,0x56,0x02,0x04,0x02,0x00,0x06,0x74,0x09,0x0f,0x34,0x0e,
    0x01,0x0f,0x88,0x01,0x07,0x06,0xe0,0x0d,0x2f,0x1a,0x7c,0x5e,0x02,0x05,0x2f,0x1c,
    0x8f,0x40,0x00,0x07,0x0f,0x02,0x00,0xb5,0x0f,0x1a,0x07,0x11,0x04,0x02,0x00,0x0f,
    0xf4,0x00,0xb5,0x0f,0x02,0x00,0x07,0x04,0x56,0x02,0x04,0x02,0x00,0x02,0x56,0x02,
    0x04,0x02,0x00,0x02,0xd0,0x0b,0x02,0x02,0x00,0x0c,0x44,0x00,0x04,0x0c,0x15,0x42,
    0xdb,0x84,0x00,0x00,0x40,0x19,0x02,0x7e,0x02,0x2f,0xba,0x84,0x5e,0x02,0x4b,0x3f,
    0xfb,0x84,0xbc,0x62,0x07,0x2c,0x0c,0x02,0x00,0x11,0x5a,0x04,0x1f,0x0f,0x02,0x00,
    0x37,0x17,0x3b,0xc0,0x04,0x0f,0xbc,0x04,0x05,0x02,0x02,0x00,0x0f,0x74,0x00,0x37,
    0x0f,0x02,0x00,0x81,0x04,0x54,0x02,0x06,0x02,0x00,0x04,0x58,0x02,0x02,0x02,0x00,
    0x02,0x58,0x02,0x0a,0x5c,0x02,0x62,0x7b,0x85,0x00,0x00,0x9b,0x85,0x08,0x00,0x0f,
    0x02,0x00,0x01,0x1f,0x9a,0x5e,0x02,0x4c,0x0f,0x7a,0x0e,0x21,0x0f,0x02,0x00,0x0b,
    0x02,0x60,0x13,0x0f,0x02,0x00,0x37,0x33,0x7a,0x84,0x1b,0xc8,0x1e,0x0f,0x5e,0x02,
    0x0d,0x0f,0x60,0x02,0xc9,0x06,0x54,0x02,0x06,0x02,0x00,0x02,0x56,0x02,0x04,0x02,
    0x00,0x0c,0x5a,0x02,0x2f,0xdb,0x84,0xde,0x01,0x11,0x0f,0xbc,0x04,0x05,0x0f,0x78,
    0x09,0x2d,0x08,0x02,0x00,0x0f,0x6c,0x1e,0x05,0x0f,0x02,0x00,0x77,0x0f,0x78,0x09,
    0x0b,0x06,0x02,0x00,0x0f,0xb2,0x00,0x77,0x0f,0x02,0x00,0x37,0x06,0x50,0x02,0x0a,
    0x02,0x00,0x04,0x58,0x02,0x02,0x02,0x00,0x08,0xb6,0x04,0x4f,0x1a,0x7c,0x5b,0x85,
    0x82,0x14,0x13,0x0f,0x34,0x0e,0x45,0x06,0x02,0x00,0x4f,0x1a,0x7c,0x5b,0x85,0xc6,
    0x09,0x3d,0x1f,0xba,0xf6,0x10,0x3c,0x3f,0x9a,0x84,0x5b,0xbc,0x04,0x10,0x0f,0xc0,
    0x04,0xc1,0x11,0x9a,0xdc,0x12,0x0f,0x02,0x00,0x01,0x02,0x56,0x02,0x02,0x02,0x00,
    0x62,0xfa,0x84,0x9b,0x85,0xdb,0x85,0x38,0x4d,0x4f,0xba,0x84,0x1c,0x8f,0x30,0x04,
    0x15,0x0f,0x5e,0x02,0x05,0x06,0x1e,0x02,0x0f,0x02,0x00,0x81,0x1f,0xda,0x92,0x0e,
    0x3c,0x02,0xca,0x1a,0x0f,0x78,0x09,0x0b,0x04,0x02,0x00,0x0f,0x4a,0x0a,0x3d,0x0f,
    0x02,0x00,0x69,0x2f,0x9a,0x84,0x5e,0x02,0x11,0xff,0x00,0xfb,0x84,0x3b,0x85,0x9b,
    0x85,0xdb,0x85,0x1b,0x8e,0x5b,0x8e,0x1b,0x8e,0xba,0xf4,0x22,0x1a,0x0e,0xac,0x17,
    0x1f,0x5b,0x5e,0x02,0x40,0x2f,0x3a,0x84,0x70,0x17,0x35,0x0f,0x02,0x00,0x49,0x08,
    0x60,0x02,0x04,0x4e,0x02,0x0c,0x02,0x00,0x1f,0xbc,0x60,0x02,0xb6,0x2f,0x9a,0x84,
    0x5e,0x02,0x0f,0x13,0xba,0x6c,0x17,0x04,0x5e,0x02,0x0f,0x5e,0x03,0x1f,0x02,0x9e,
    0x02,0x0a,0x68,0x1c,0x0f,0x02,0x00,0x3d,0x1f,0x3a,0xec,0x0d,0x3c,0x0f,0x02,0x00,
    0x45,0x06,0x60,0x02,0x0c,0x56,0x02,0x04,0x02,0x00,0x1f,0xbc,0x60,0x02,0xb4,0x02,
    0x5c,0x02,0x0f,0xbc,0x04,0x0b,0x15,0xba,0x0e,0x15,0x06,0x5e,0x02,0x0f,0x94,0x0b,
    0x23,0x02,0x5e,0x02,0x06,0xb6,0x01,0x0f,0x5c,0x07,0x15,0x0f,0x02,0x00,0x65,0x3f,
    0x1a,0x7c,0x9b,0xd0,0x09,0x3c,0x04,0x40,0x11,0x02,0x62,0x02,0x04,0x4e,0x02,0x0c,
    0x02,0x00,0x02,0x5e,0x02,0x0f,0xc0,0x04,0xad,0x04,0x5c,0x02,0x0f,0x5e,0x02,0x0b,
    0x06,0xf4,0x0d,0x0f,0x5e,0x02,0x2d,0x0f,0x02,0x00,0x9d,0x02,0x56,0x2f,0x0f,0x02,
    0x00,0x39,0x24,0x3b,0x85,0x00,0x2d,0x08,0x0a,0x1a,0x0c,0x02,0x00,0x04,0x5e,0x02,
    0x0f,0x60,0x02,0xa9,0x06,0x5c,0x02,0x0f,0x5e,0x02,0x09,0x08,0x52,0x10,0x08,0x5e,
    0x02,0x0f,0xa4,0x0d,0x35,0x0f,0xc2,0x01,0x3d,0x0f,0xec,0x0d,0x3d,0x0f,0x02,0x00,
    0x47,0x0f,0xbc,0x04,0x0f,0x0f,0x60,0x02,0xa7,0x08,0x5c,0x02,0x0f,0x5e,0x02,0x05,
    0x00,0x48,0x66,0x08,0xca,0x19,0x0f,0x5e,0x02,0x93,0x02,0xd6,0x0e,0x0f,0x02,0x00,
    0x91,0x0c,0xb4,0x04,0x04,0x02,0x00,0x02,0x58,0x02,0x04,0x02,0x00,0x0f,0xca,0x00,
    0x91,0x0a,0x02,0x00,0x0a,0x5c,0x02,0x0f,0x5e,0x02,0x01,0x22,0xda,0x84,0x36,0x2a,
    0x17,0xfb,0x6c,0x17,0x0f,0x5e,0x02,0x41,0x0f,0x02,0x00,0x8f,0x24,0xdb,0x84,0xce,
    0x06,0x0f,0x02,0x00,0x33,0x19,0x5a,0x66,0x2b,0x04,0x52,0x02,0x08,0x02,0x00,0x04,
    0x58,0x02,0x04,0x02,0x00,0x0f,0x78,0x00,0x33,0x0f,0x02,0x00,0x55,0x0c,0x5c,0x02,
    0x0f,0x5e,0x02,0x01,0x04,0x3a,0x31,0x2f,0x1b,0x85,0x78,0x09,0x03,0x0f,0x1a,0x07,
    0x35,0x02,0x02,0x00,0x0a,0x72,0x01,0x0f,0x02,0x00,0x2d,0x3f,0x5a,0x84,0x9b,0x0c,
    0x28,0x34,0x02,0xea,0x23,0x0f,0x5e,0x02,0x3b,0x1b,0x7a,0x3a,0x11,0x08,0x58,0x02,
    0x02,0x02,0x00,0x04,0x56,0x02,0x06,0x02,0x00,0x02,0x8a,0x00,0x0f,0x02,0x00,0x91,
    0x0e,0x5c,0x02,0x0e,0x5e,0x02,0x08,0xc8,0x00,0x06,0x0e,0x15,0x08,0xbc,0x04,0x0f,
    0xc8,0x19,0x39,0x3b,0x00,0x00,0x9a,0x72,0x01,0x0f,0x02,0x00,0x2b,0x11,0x3a,0x26,
    0x2d,0x0f,0x02,0x00,0x97,0x02,0x54,0x02,0x06,0x02,0x00,0x06,0x56,0x02,0x06,0x02,
    0x00,0x0f,0xce,0x00,0x93,0x0f,0x5c,0x02,0x01,0x0c,0x5e,0x02,0x0c,0xca,0x00,0x04,
    0x5c,0x2a,0x06,0x5e,0x02,0x0f,0x10,0x1b,0xc3,0x0f,0x02,0x00,0x67,0x06,0x5a,0x02,
    0x0f,0x5e,0x02,0x05,0x0f,0x60,0x02,0x91,0x0f,0x5c,0x02,0x03,0x0a,0x5e,0x02,0x0e,
    0x64,0x01,0x22,0x9a,0x84,0x0e,0x15,0x06,0x5e,0x02,0x5f,0x00,0x00,0x00,0x00,0x5a,
    0x70,0x04,0x3a,0x00,0x8a,0x72,0x22,0xda,0x84,0x5a,0x00,0x0f,0x02,0x00,0x7f,0x13,
    0x3b,0x02,0x1b,0x0f,0x02,0x00,0x35,0x4a,0x1a,0x7c,0x7b,0x85,0xfe,0x05,0x02,0x58,
    0x02,0x02,0x02,0x00,0x06,0xb2,0x04,0x0a,0x02,0x00,0x0f,0x7e,0x00,0x35,0x0f,0x02,
    0x00,0x43,0x0f,0x5c,0x02,0x05,0x06,0x5e,0x02,0x0f,0x78,0x00,0x07,0x24,0x1b,0x85,
    0x5e,0x02,0x04,0x96,0x33,0x0f,0x7a,0x19,0x3f,0x0f,0x30,0x2f,0x3b,0x0f,0x70,0x3d,
    0x0d,0x0f,0x02,0x00,0x19,0x0f,0xe8,0x10,0x3d,0x0e,0x5e,0x02,0x08,0x60,0x02,0x0a,
    0x54,0x02,0x08,0x02,0x00,0x0f,0xb4,0x00,0x19,0x0f,0x02,0x00,0x5b,0x2f,0x7a,0x84,
    0x5e,0x02,0x0d,0x0f,0x90,0x00,0x21,0x0f,0x78,0x01,0x3d,0x0f,0x02,0x00,0x35,0x0f,
    0xc0,0x01,0x01,0x0f,0x02,0x00,0x27,0x0f,0xf8,0x02,0x3b,0x0f,0x02,0x00,0x05,0x02,
    0xba,0x04,0x0f,0x5e,0x02,0x09,0x0f,0x9e,0x1d,0x3f,0x0f,0x02,0x00,0x33,0x2f,0x7a,
    0x84,0x5e,0x02,0x0d,0x0f,0x68,0x00,0x23,0x1f,0x1b,0x34,0x06,0x3c,0x0f,0x1a,0x2a,
    0x37,0x0f,0xbc,0x04,0x39,0x0f,0x02,0x00,0x55,0x02,0x60,0x02,0x08,0xae,0x04,0x0a,
    0x02,0x00,0x0f,0x5e,0x02,0x83,0x2f,0x7a,0x84,0x5e,0x02,0x0d,0x0f,0x40,0x01,0x2b,
    0x1f,0xfb,0x32,0x09,0x36,0x0f,0x1a,0x2a,0x3d,0x0f,0x02,0x00,0x9d,0x0f,0xbc,0x04,
    0x0d,0x0f,0x60,0x02,0x81,0x0f,0x5e,0x02,0x0d,0x0f,0x84,0x01,0x2d,0x02,0x44,0x2f,
    0x0f,0x02,0x00,0xcb,0x0f,0x64,0x2d,0x3d,0x3b,0x3a,0x84,0xbb,0xda,0x0b,0x02,0x02,
    0x00,0x0a,0xae,0x04,0x0a,0x02,0x00,0x1f,0xdc,0x60,0x02,0x80,0x02,0x5c,0x02,0x0f,
    0x1a,0x07,0x07,0x02,0xd6,0x00,0x0f,0x02,0x00,0x2d,0x02,0x6c,0x44,0x0f,0x02,0x00,
    0x79,0x1f,0x3a,0xe4,0x20,0x38,0x4f,0x1a,0x7c,0x3b,0x85,0x56,0x0b,0x3b,0x3f,0x3a,
    0x84,0x9b,0x5e,0x02,0x02,0x0f,0x60,0x02,0x09,0x02,0x5e,0x02,0x0f,0xc0,0x04,0x79,
    0x04,0x5c,0x02,0x0f,0x5e,0x02,0x03,0x0f,0x14,0x07,0x2d,0x06,0x02,0x00,0x0f,0xf0,
    0x43,0x35,0x02,0xca,0x2c,0x0a,0xb0,0x0f,0x0f,0x02,0x00,0x23,0x0f,0x5e,0x02,0x39,
    0x4f,0x00,0x00,0x5b,0x85,0x40,0x39,0x3d,0x0f,0x02,0x00,0x07,0x0a,0xb2,0x04,0x06,
    0x02,0x00,0x04,0x5e,0x02,0x0f,0x60,0x02,0x75,0x06,0x5c,0x02,0x0f,0x5e,0x02,0x01,
    0x0f,0xf2,0x0d,0x83,0x0f,0xf0,0x0d,0x3b,0x0f,0x02,0x00,0xa3,0x06,0x52,0x02,0x08,
    0x02,0x00,0x06,0x5e,0x02,0x0f,0x60,0x02,0x71,0x08,0x5c,0x02,0x0e,0x5e,0x02,0x3f,
    0xba,0x84,0x7b,0x30,0x1c,0x3c,0x02,0x60,0x35,0x0f,0xd0,0x01,0xa3,0x0f,0x02,0x00,
    0x7d,0x08,0x56,0x02,0x04,0x02,0x00,0x0f,0x5e,0x02,0x97,0x3f,0xba,0x84,0x3b,0x8e,
    0x1e,0x3e,0x0f,0x52,0x10,0x39,0x0f,0x02,0x00,0xd1,0x19,0xda,0x30,0x21,0x0c,0x02,
    0x00,0x04,0x54,0x02,0x06,0x02,0x00,0x08,0x5e,0x02,0x0f,0xbe,0x04,0x6d,0x0a,0xba,
    0x04,0x0c,0xbc,0x04,0x2f,0x9b,0x85,0x20,0x2f,0x1f,0x0f,0x02,0x00,0x57,0x0f,0x46,
    0x0b,0x35,0x02,0x8c,0x33,0x0f,0x02,0x00,0x33,0x1f,0xba,0x0c,0x02,0x0a,0x0f,0x02,
    0x00,0x21,0x1f,0x9a,0x32,0x4a,0x0c,0x06,0x58,0x02,0x02,0x02,0x00,0x0a,0x5e,0x02,
    0x0f,0x60,0x02,0x69,0x0c,0x5c,0x02,0x0a,0x5e,0x02,0x24,0x3b,0x85,0xe8,0x48,0x0f,
    0x1e,0x2a,0x3d,0x00,0xbc,0x8e,0x1f,0x1b,0x60,0x0d,0x2e,0x0f,0x5e,0x02,0x35,0x1f,
    0xba,0xc0,0x01,0x0c,0x0f,0x02,0x00,0x19,0x0f,0xaa,0x02,0x39,0x02,0x02,0x00,0x1f,
    0xfb,0x6a,0x32,0x0e,0x02,0x56,0x02,0x04,0x02,0x00,0x0c,0x5e,0x02,0x0f,0x60,0x02,
    0x65,0x0e,0x5c,0x02,0x08,0x5e,0x02,0x59,0xfb,0x84,0xfb,0x8d,0x3b,0x20,0x56,0x1f,
    0x7a,0x98,0x03,0x3a,0x0f,0x5e,0x02,0x2f,0x0f,0x02,0x00,0xf7,0x04,0x5a,0x02,0x0f,
    0x5e,0x02,0x97,0x0e,0xfa,0x37,0x11,0xba,0xf2,0x20,0x0f,0x32,0x14,0x3d,0x0f,0x02,
    0x00,0xff,0x34,0x02,0x5a,0x02,0x0f,0x5e,0x02,0x03,0x0f,0xbe,0x04,0x61,0x0f,0xba,
    0x04,0x01,0x06,0xbc,0x04,0x0f,0xf4,0x01,0x07,0x0f,0xd2,0x19,0x37,0x0f,0x02,0x00,
    0xff,0x3a,0x02,0x5a,0x02,0x0f,0x5e,0x02,0x05,0x0f,0x60,0x02,0x5d,0x0f,0x5c,0x02,
    0x03,0x0f,0x5e,0x02,0x11,0x02,0x02,0x00,0x0f,0x68,0x38,0x33,0x02,0xfc,0x64,0x0f,
    0x02,0x00,0x29,0x0f,0x74,0x1c,0x33,0x2f,0xda,0x84,0xda,0x60,0x11,0x0f,0x02,0x00,
    0x13,0x11,0xfb,0xe2,0x05,0x0f,0x02,0x00,0x39,0x0f,0xcc,0x09,0x13,0x02,0x5c,0x02,
    0x0f,0x1a,0x07,0x01,0x02,0x02,0x00,0x0f,0x92,0x00,0x39,0x0f,0x02,0x00,0x0b,0x11,
    0x5a,0xb2,0x1e,0x0f,0x02,0x00,0x01,0x02,0x82,0x23,0x0f,0x3e,0x00,0x0b,0x02,0x94,
    0x0b,0x02,0x08,0x00,0x0f,0x02,0x00,0x2b,0x0f,0x62,0x0d,0x2f,0x0f,0xa0,0x28,0x33,
    0x0f,0x52,0x0a,0x39,0x0f,0xe4,0x0d,0x0d,0x0f,0x02,0x00,0x1f,0x0f,0x5e,0x02,0x13,
    0x04,0x60,0x02,0x02,0x4c,0x02,0x0e,0x02,0x00,0x0f,0x78,0x00,0x1f,0x0f,0x02,0x00,
    0x25,0x0f,0x5e,0x02,0x0b,0x0f,0x56,0x00,0x15,0x3f,0x3a,0x7c,0xdb,0xfa,0x30,0x38,
    0x0f,0x02,0x00,0x69,0x1f,0x9a,0x98,0x0d,0x0e,0x0f,0x02,0x00,0x17,0x0f,0x32,0x03,
    0x2f,0x0f,0x02,0x00,0x27,0x0f,0xbc,0x04,0x09,0x0f,0x38,0x1b,0x31,0x0f,0x02,0x00,
    0x11,0x2f,0x5a,0x84,0x5e,0x02,0x09,0x0f,0x42,0x00,0x11,0x02,0x02,0x00,0x0f,0xa2,
    0x56,0x39,0x0f,0x02,0x00,0xff,0x34,0x0f,0x5e,0x02,0x0b,0x0f,0x60,0x02,0x51,0x2f,
    0x5a,0x84,0x5e,0x02,0x09,0x1f,0x7a,0xba,0x46,0x1a,0x0f,0x02,0x00,0x31,0x02,0x2a,
    0x71,0x0f,0x02,0x00,0xff,0x36,0x0e,0x12,0x07,0x04,0x02,0x00,0x0f,0x5e,0x02,0x71,
    0x0f,0xe6,0x01,0x1f,0x1f,0xba,0xc6,0x4a,0x2c,0x0f,0x5e,0x02,0x2d,0x2f,0x1a,0x7c,
    0xc6,0x0e,0xfb,0x04,0x4e,0x02,0x0c,0x02,0x00,0x1f,0xfc,0x60,0x02,0x50,0x02,0xba,
    0x04,0x0f,0x1a,0x07,0x05,0x0f,0x5c,0x02,0x1f,0x0f,0xea,0x16,0x3b,0x0f,0x02,0x00,
    0x23,0x0f,0x5e,0x02,0x31,0x0f,0x00,0x66,0x47,0x0f,0x02,0x00,0x31,0x1f,0xfb,0x4e,
    0x18,0x1a,0x0c,0x58,0x02,0x02,0x02,0x00,0x02,0x5e,0x02,0x0f,0x1e,0x07,0x4b,0x0f,
    0x5e,0x02,0x09,0x0f,0x08,0x01,0x31,0x0f,0x02,0x00,0xa5,0x0f,0x0e,0x1a,0x37,0x4f,
    0x3a,0x84,0x9b,0x85,0xa2,0x0d,0x3d,0x1f,0xda,0x4a,0x40,0x1a,0x02,0x4e,0x02,0x0c,
    0x02,0x00,0x0f,0x5e,0x02,0x4f,0x04,0x5c,0x02,0x0f,0xbc,0x04,0x03,0x0f,0x1a,0x02,
    0x27,0x0f,0x44,0x67,0x2d,0x0f,0xc6,0x0f,0x3f,0x0f,0x02,0x00,0x1d,0x1f,0xda,0x36,
    0x0e,0x36,0x3f,0x3a,0x84,0x9b,0x42,0x1d,0x2e,0x0c,0x02,0x00,0x0f,0xf8,0x32,0x1d,
    0x0c,0x5a,0x02,0x08,0x5e,0x02,0x0f,0xbe,0x04,0x45,0x06,0x5c,0x02,0x0f,0x5e,0x02,
    0x01,0x0c,0xd2,0x00,0x0f,0x02,0x00,0x1b,0x0f,0x5e,0x15,0x2b,0x0f,0x5e,0x02,0x6f,
    0x0f,0x02,0x00,0xbd,0x02,0x52,0x02,0x08,0x02,0x00,0x04,0xbc,0x04,0x0f,0x5e,0x02,
    0x61,0x0f,0x5e,0x01,0xab,0x1f,0x1b,0x72,0x2c,0x58,0x0f,0x02,0x00,0x93,0x08,0x58,
    0x02,0x02,0x02,0x00,0x06,0x5e,0x02,0x0f,0x60,0x02,0x41,0x08,0xba,0x04,0x0e,0xbc,
    0x04,0x0f,0x34,0x01,0x31,0x0f,0x86,0x3f,0x3b,0x1f,0xff,0x01,0x00,0x9a,0x0f,0x40,
    0x01,0x31,0x0f,0x02,0x00,0x3b,0x02,0x54,0x02,0x06,0x02,0x00,0x08,0x5e,0x02,0x0f,
    0x60,0x02,0x3f,0x0f,0x5e,0x02,0x09,0x0f,0xd8,0x00,0x33,0x1f,0xdb,0x9c,0x10,0x2a,
    0xef,0x3b,0x85,0xdb,0x84,0x1b,0x85,0x5b,0x85,0x9b,0x85,0x5c,0xa6,0xbf,0xef,0x5b,
    0x02,0x9a,0x03,0x02,0x00,0x0f,0x46,0x01,0x33,0x0f,0x02,0x00,0x01,0x1f,0xfb,0xb2,
    0x47,0x22,0x06,0x5a,0x02,0x0a,0x78,0x09,0x0f,0x5e,0x02,0x3f,0x0a,0x5c,0x02,0x0a,
    0xbc,0x04,0x02,0xfe,0x43,0x0f,0x82,0x4a,0x3b,0x0f,0x02,0x00,0x1d,0x22,0x1a,0x7c,
    0xaa,0x84,0x43,0x5b,0x85,0x7e,0xe7,0xad,0x01,0x0f,0x02,0x00,0xa2,0x02,0x1a,0x4c,
    0x0f,0x78,0x36,0x3b,0x0f,0x98,0x0a,0x25,0x02,0x56,0x02,0x04,0x02,0x00,0x02,0x56,
    0x02,0x06,0x02,0x00,0x0f,0xa2,0x01,0x1d,0x0f,0x02,0x00,0x09,0x0f,0x5e,0x02,0x0d,
    0x02,0x02,0x00,0x0f,0x9c,0x0b,0x2b,0x02,0xfe,0x12,0x0f,0x36,0x52,0x23,0xaf,0x5a,
    0x84,0x9a,0x84,0xda,0x84,0x5d,0xbe,0xdf,0xf7,0x55,0x02,0xa2,0x07,0x02,0x00,0x1f,
    0x5a,0x92,0x10,0x40,0x0f,0xbc,0x1c,0x25,0x04,0x5a,0x02,0x0e,0xbc,0x04,0x0f,0x5e,
    0x02,0x39,0x0c,0x5c,0x02,0x08,0xbc,0x04,0x02,0x16,0x02,0x02,0x02,0x00,0x0f,0x5e,
    0x02,0x2f,0x1f,0x7a,0xf8,0x13,0x1a,0x06,0x02,0x00,0x67,0x5a,0x84,0x9a,0x84,0x7d,
    0xc6,0xa5,0x01,0x0f,0x02,0x00,0xa6,0x2f,0xdf,0xff,0xd6,0x50,0x39,0x0f,0x02,0x00,
    0x2d,0x02,0x5a,0x02,0x0f,0x5e,0x02,0x01,0x0f,0x60,0x02,0x35,0x0e,0x5c,0x02,0x0f,
    0x5e,0x02,0x05,0x02,0x8a,0x73,0x0f,0xfa,0x20,0x5f,0x5f,0x3a,0x7c,0x5a,0x84,0x5d,
    0x5c,0x02,0x28,0x2f,0xdf,0xff,0xf4,0x04,0x7b,0x02,0x4a,0x01,0x0f,0x02,0x00,0x71,
    0x02,0x5a,0x02,0x0f,0x5e,0x02,0x65,0x0e,0x02,0x01,0x1f,0x3a,0x52,0x54,0x34,0x02,
    0xa2,0x0b,0x2f,0xfb,0x8d,0xbc,0x38,0x11,0x4e,0x3a,0x7c,0xfc,0xb5,0xad,0x04,0x5f,
    0xbf,0xef,0x9e,0xcf,0x3c,0x00,0x74,0x12,0x3f,0x5a,0x84,0xdb,0x94,0x60,0x3c,0x0f,
    0x02,0x00,0x15,0x0e,0xb6,0x00,0x02,0x02,0x00,0x0f,0x40,0x00,0x15,0x0f,0x02,0x00,
    0x4f,0x02,0x5c,0x02,0x0e,0x78,0x09,0x0f,0xbe,0x04,0x33,0x0f,0xba,0x04,0x01,0x04,
    0xbc,0x04,0x0f,0xdc,0x00,0x07,0x0f,0x8e,0x4a,0x29,0x35,0xba,0x84,0x5b,0x00,0x0e,
    0x5f,0xfb,0x8d,0x3b,0x8e,0x7b,0x38,0x7c,0x0e,0x32,0x5c,0xad,0xdf,0x95,0x01,0x05,
    0x02,0x00,0x8f,0x9e,0xe7,0xdc,0xa6,0xbc,0x8e,0xfc,0x8e,0x5e,0x02,0x13,0x0f,0x02,
    0x00,0x6d,0x05,0xb7,0x00,0x07,0x02,0x00,0x0f,0x94,0x00,0x6d,0x04,0x02,0x00,0x0f,
    0x5e,0x02,0xbd,0x44,0x7a,0x84,0x9a,0x84,0x5e,0x10,0x02,0x58,0x34,0x0f,0x44,0x0d,
    0x0d,0x0c,0x5c,0x02,0x6f,0xfd,0xbe,0x3b,0x8e,0x7c,0x8e,0x5e,0x02,0x59,0x0f,0xd0,
    0x40,0x2d,0x07,0x57,0x02,0x03,0x02,0x00,0x04,0xde,0x01,0x0f,0x02,0x00,0x2f,0x4f,
    0x3a,0x84,0x5b,0x85,0xd0,0x53,0x29,0x02,0x60,0x02,0x02,0xae,0x04,0x0c,0x02,0x00,
    0x0f,0x9e,0x00,0x2b,0x0f,0xba,0x04,0x03,0x02,0xbc,0x04,0x0f,0x5a,0x00,0x2b,0x0f,
    0x02,0x00,0x07,0x1f,0x5a,0x5e,0x02,0x00,0x0f,0xc8,0x00,0x09,0x03,0x8f,0x01,0x05,
    0x02,0x00,0x44,0xbd,0xbe,0x1b,0x8e,0x5e,0x02,0x0f,0x66,0x00,0x07,0x0f,0x02,0x00,
    0x3b,0x0f,0xc6,0x1e,0x2f,0x05,0xbf,0x00,0x05,0x02,0x00,0x0f,0xa2,0x00,0x35,0x3f,
    0x3a,0x84,0x5b,0xba,0x1c,0x2a,0x0f,0x5e,0x02,0x83,0x1f,0x1a,0x1e,0x81,0x22,0x2f,
    0x1a,0x7c,0x5e,0x02,0x2b,0x4f,0x9d,0xbe,0xdb,0x85,0x5e,0x02,0x5f,0x0f,0x02,0x00,
    0x31,0x05,0x57,0x02,0x03,0x02,0x00,0x0f,0x54,0x00,0x31,0x02,0x68,0x0d,0x0f,0x5c,
    0x47,0x2d,0x0f,0x78,0x09,0x05,0x0f,0x7c,0x09,0x2b,0x0f,0xba,0x04,0x05,0x1f,0x5a,
    0xba,0x04,0x12,0x0f,0x10,0x49,0x23,0x0f,0x5e,0x02,0x1d,0x03,0x8b,0x01,0x03,0x02,
    0x00,0x22,0x5e,0xe7,0xe2,0x71,0x02,0xbc,0x04,0x02,0x5e,0x01,0x0f,0x02,0x00,0x0f,
    0x1f,0x5a,0x46,0x4d,0x04,0x0f,0x02,0x00,0x5d,0x03,0xc5,0x00,0x05,0x02,0x00,0x0f,
    0x80,0x00,0x5d,0x0f,0x02,0x00,0x07,0x0f,0x1a,0x07,0x05,0x0f,0x1e,0x06,0x29,0x0f,
    0x5e,0x02,0x07,0x1f,0x5a,0xe2,0x2c,0x46,0x0f,0x5e,0x02,0x29,0x33,0xdf,0xff,0x5b,
    0x40,0x74,0x0f,0x5e,0x02,0xa3,0x0c,0x60,0x02,0x0f,0xee,0x01,0x07,0x0f,0x02,0x00,
    0x5d,0x02,0xa8,0x04,0x0f,0x02,0x00,0x03,0x0f,0x8c,0x00,0x25,0x0f,0x5e,0x02,0x07,
    0x0f,0x52,0x00,0x17,0x0f,0x9c,0x1e,0x1d,0x0f,0x5e,0x02,0x29,0x35,0x3e,0xdf,0x7b,
    0x5e,0x02,0x0f,0xa2,0x00,0x17,0x4f,0x00,0x00,0x9a,0x84,0x60,0x57,0x75,0x05,0xb7,
    0x04,0x01,0x02,0x00,0x0f,0xc4,0x00,0x19,0x0f,0x02,0x00,0x4d,0x0f,0x5a,0x02,0x03,
    0x0f,0xbe,0x04,0x27,0x11,0x3a,0xa0,0x31,0x0f,0x02,0x00,0x03,0x0f,0xcc,0x00,0x17,
    0x15,0xdb,0x5c,0x7c,0x0f,0xc2,0x12,0x15,0x0f,0x78,0x09,0x1b,0x01,0x87,0x01,0x05,
    0x02,0x00,0x0f,0x98,0x00,0x17,0x0f,0x02,0x00,0x39,0x0f,0x0a,0x44,0x0f,0x0f,0x02,
    0x00,0x17,0x05,0xcb,0x00,0x01,0x02,0x00,0x0f,0x38,0x00,0x17,0x0f,0x02,0x00,0x4d,
    0x02,0x4a,0x02,0x0f,0x02,0x00,0x01,0x0f,0xa0,0x4d,0x23,0x0f,0x5e,0x02,0x07,0x0f,
    0xca,0x00,0x21,0x19,0xba,0x64,0x10,0x0f,0x42,0x00,0x09,0x0f,0x5e,0x02,0x27,0x0f,
    0x56,0x00,0x09,0x0f,0x02,0x00,0x49,0x0f,0xbe,0x28,0x39,0x01,0x55,0x02,0x05,0x02,
    0x00,0x0f,0xb6,0x00,0x2f,0x4f,0x7a,0x84,0x5b,0x85,0x34,0xa8,0x33,0x0f,0x5a,0x02,
    0x01,0x0f,0x5e,0x02,0x25,0x2f,0x3a,0x84,0x5e,0x02,0x37,0x11,0x7a,0xd2,0x7f,0x04,
    0xbc,0x04,0x11,0x3b,0xa8,0x66,0x0f,0x38,0x01,0x09,0x0a,0xf0,0x12,0x1f,0x7b,0x22,
    0x7c,0x0a,0x05,0x89,0x01,0x0f,0x8c,0x01,0x32,0x0f,0x02,0x00,0x23,0x1f,0xba,0xde,
    0x47,0x34,0x59,0x5a,0x84,0x7b,0x85,0xdf,0x3e,0x24,0x0f,0x90,0x00,0x23,0x08,0x02,
    0x00,0x1f,0x5a,0xee,0x12,0x2c,0x06,0x02,0x00,0x02,0x4c,0x02,0x0e,0x02,0x00,0x2f,
    0x1c,0x8f,0xbe,0x04,0x1f,0x0f,0x5e,0x02,0x07,0x06,0x70,0x00,0x0f,0x02,0x00,0x15,
    0x02,0xc4,0x6c,0x08,0x5e,0x02,0x0f,0xdc,0x3b,0x0d,0x53,0xdb,0x84,0xfb,0x84,0x7b,
    0x4e,0x15,0x0f,0x7a,0x03,0x0b,0x01,0x57,0x02,0x03,0x02,0x00,0x0f,0x90,0x00,0x15,
    0x0c,0x02,0x00,0x2f,0x1b,0x85,0xa8,0x09,0x1b,0x0f,0x02,0x00,0x45,0x63,0x5a,0x84,
    0x9b,0x85,0x9e,0xd7,0xcd,0x00,0x01,0x02,0x00,0x0f,0x6a,0x00,0x2f,0x0f,0x5e,0x02,
    0x81,0x2f,0x3a,0x84,0x5e,0x02,0x39,0x2e,0x3a,0x7c,0x5e,0x02,0x0f,0xf0,0x02,0x0d,
    0x0f,0xa8,0x38,0x15,0x01,0x85,0x01,0x03,0x02,0x00,0x0f,0xd4,0x14,0x23,0x2f,0x1a,
    0x7c,0x20,0x71,0x3d,0x0f,0x02,0x00,0x25,0x43,0x9a,0x84,0x9b,0x85,0xcb,0x00,0x03,
    0x02,0x00,0x0f,0x4a,0x00,0x25,0x0f,0x02,0x00,0x43,0x0e,0xb8,0x04,0x02,0x1a,0x07,
    0x0f,0xcc,0x01,0x0d,0x0c,0x02,0x00,0x0f,0x5e,0x02,0x07,0x0c,0x2a,0x00,0x0f,0x02,
    0x00,0x11,0x0f,0x5e,0x02,0x21,0x0f,0x02,0x00,0x15,0x03,0x87,0x01,0x01,0x02,0x00,
    0x0f,0xa2,0x06,0x25,0x0f,0xf0,0x37,0x1b,0x0f,0x02,0x00,0x4b,0x01,0xc9,0x00,0x05,
    0x02,0x00,0x0f,0x6c,0x00,0x4b,0x0f,0x02,0x00,0x1d,0x02,0x4e,0x02,0x0c,0x02,0x00,
    0x2f,0x1c,0x8f,0x60,0x02,0x1d,0x0f,0x5e,0x02,0x07,0x0f,0x60,0x23,0x21,0x0f,0x5e,
    0x02,0x55,0x0f,0x2e,0x01,0x1d,0x0f,0x02,0x00,0x81,0x05,0x59,0x02,0x01,0x02,0x00,
    0x0f,0xa2,0x00,0x7d,0x0c,0x5a,0x02,0x04,0xbc,0x04,0x0f,0xbe,0x04,0x19,0x02,0x5c,
    0x02,0x0f,0xd6,0x0b,0x01,0x02,0xee,0x00,0x0f,0x20,0x49,0x1d,0x02,0x9a,0x78,0x0a,
    0x78,0x09,0x0f,0x90,0x00,0x11,0x1f,0x3b,0x24,0x47,0x10,0x01,0x85,0x01,0x03,0x02,
    0x00,0x02,0x9e,0x00,0x0f,0x02,0x00,0x5b,0x4f,0x7a,0x84,0x7b,0x85,0xf6,0x2d,0x39,
    0x03,0xcb,0x00,0x03,0x02,0x00,0x0f,0xcc,0x00,0x5b,0x0f,0x02,0x00,0x0f,0x02,0x50,
    0x02,0x0a,0x02,0x00,0x02,0xbc,0x04,0x0f,0xd0,0x01,0x11,0x02,0x02,0x00,0x22,0x3a,
    0x7c,0x60,0x02,0x0e,0xec,0x12,0x02,0x20,0x00,0x2f,0xfb,0x84,0x2e,0x3c,0x1b,0x0f,
    0x5e,0x02,0x01,0x02,0x4a,0x00,0x0f,0x02,0x00,0x09,0x0f,0xca,0x7a,0x13,0x03,0x87,
    0x01,0x01,0x02,0x00,0x0f,0x4e,0x00,0x09,0x0f,0x02,0x00,0x45,0x3f,0x5a,0x84,0x7b,
    0x82,0x20,0x2a,0x0c,0x02,0x00,0x01,0xc9,0x00,0x05,0x02,0x00,0x0c,0x1e,0x00,0x0f,
    0x02,0x00,0x6f,0x0a,0x5a,0x02,0x06,0xbc,0x04,0x0f,0x5e,0x02,0x15,0x2f,0x3a,0x7c,
    0x5e,0x02,0x0d,0x0f,0x02,0x00,0x1f,0x0a,0xd6,0x0b,0x0f,0x54,0x23,0x0f,0x02,0x42,
    0x17,0x0f,0x64,0x2f,0x11,0x05,0x89,0x01,0x0f,0x92,0x10,0x64,0x0f,0x5e,0x02,0x35,
    0x31,0x7a,0x84,0x9b,0xa6,0x02,0x01,0xc9,0x00,0x05,0x02,0x00,0x02,0x0a,0x01,0x0f,
    0x02,0x00,0x25,0x3f,0x1a,0x7c,0x1b,0xec,0x12,0x34,0x06,0x02,0x00,0x02,0x52,0x02,
    0x08,0x02,0x00,0x0f,0xbc,0x04,0x1b,0x0f,0x5e,0x02,0x07,0x06,0x64,0x00,0x0a,0x7e,
    0x4b,0x35,0x3b,0x85,0x7b,0x7c,0x92,0x0f,0x02,0x00,0x05,0x22,0xdb,0x84,0x3c,0x76,
    0x02,0x10,0x28,0x0f,0x26,0x00,0x05,0x0f,0x02,0x00,0x1f,0x05,0x89,0x01,0x4f,0xff,
    0xff,0xff,0xfb,0x30,0x41,0x1a,0x02,0x02,0x00,0x3f,0x1a,0x7c,0x3b,0x2c,0x3b,0x72,
    0x13,0x5a,0xe2,0x3f,0x01,0xc9,0x00,0x05,0x02,0x00,0x02,0xa4,0x00,0x0f,0x02,0x00,
    0x25,0x2f,0x1a,0x7c,0x08,0x3c,0x41,0x08,0x5a,0x02,0x08,0xbc,0x04,0x0f,0xbe,0x04,
    0x13,0x0f,0x5e,0x02,0x13,0x04,0xfc,0x72,0x02,0xfa,0x14,0x11,0x7b,0x9a,0x20,0x0f,
    0x36,0x02,0x0d,0x1f,0xdb,0x76,0x14,0x34,0x08,0x02,0x00,0x05,0x89,0x01,0x36,0xff,
    0xff,0xff,0x76,0x1a,0x0f,0x02,0x00,0x17,0x31,0x1a,0x7c,0x1b,0x34,0x04,0x0f,0x02,
    0x00,0x6d,0x0f,0xbc,0x04,0x41,0x0f,0x6e,0x7b,0x3f,0x0f,0x5e,0x02,0x2d,0x01,0x5c,
    0x02,0x0f,0x78,0x09,0x02,0x02,0x5c,0x00,0x0a,0x02,0x00,0x31,0x3b,0x85,0x7a,0x48,
    0x2a,0x02,0x5e,0x02,0x0f,0xf2,0x06,0x13,0x0f,0x02,0x00,0x3b,0x01,0x57,0x02,0x03,
    0x02,0x00,0x0f,0x5a,0x00,0x23,0x1f,0x3b,0x3e,0x06,0x3e,0x0f,0x02,0x00,0x29,0x03,
    0xcb,0x00,0x03,0x02,0x00,0x0f,0x4a,0x00,0x29,0x0f,0x02,0x00,0x45,0x02,0xb2,0x04,
    0x06,0x02,0x00,0x04,0x1a,0x07,0x0f,0xbc,0x04,0x11,0x0f,0x5e,0x02,0x1b,0x2a,0x5a,
    0x84,0x5e,0x02,0x0f,0x84,0x17,0x0d,0x0f,0x02,0x00,0x1b,0x0f,0x9e,0x3d,0x11,0x03,
    0x87,0x01,0x01,0x02,0x00,0x0f,0x5e,0x00,0x1b,0x0f,0x02,0x00,0x83,0x01,0xc9,0x00,
    0x05,0x02,0x00,0x0f,0xa4,0x00,0x83,0x06,0x5a,0x02,0x0a,0x1a,0x07,0x0f,0x60,0x02,
    0x0f,0x0f,0x5e,0x02,0x1b,0x2c,0x3a,0x7c,0x5e,0x02,0x0f,0x62,0x00,0x0b,0x0f,0x3e,
    0x65,0x1b,0x0f,0x5e,0x9b,0x11,0x05,0x89,0x01,0x0f,0xd6,0x0b,0x60,0x1f,0xdb,0xfe,
    0x5b,0x3e,0x0a,0xd0,0x00,0x0f,0x5e,0x02,0xbd,0x03,0x5c,0x02,0x0f,0x1a,0x07,0x00,
    0x0f,0x46,0x03,0x03,0x0f,0x5e,0x02,0x4b,0x0f,0x02,0x00,0x11,0x01,0x57,0x02,0x03,
    0x02,0x00,0x0f,0x30,0x00,0x11,0x0f,0x02,0x00,0x39,0x4f,0x7a,0x84,0xdb,0x8d,0x5c,
    0x11,0x11,0x0f,0x02,0x00,0x19,0x03,0xcb,0x00,0x03,0x02,0x00,0x0f,0x3a,0x00,0x19,
    0x0f,0x02,0x00,0x57,0x02,0xb4,0x04,0x04,0x02,0x00,0x06,0x1a,0x07,0x0f,0x5a,0x04,
    0x0b,0x0f,0x5e,0x02,0x4f,0x0f,0x02,0x00,0x3f,0x03,0x87,0x01,0x5f,0xff,0xff,0xff,
    0xdf,0xff,0xfc,0x38,0x11,0x0f,0x02,0x00,0x39,0x1f,0x9a,0x5e,0x02,0x34,0x26,0x3b,
    0x85,0xba,0x00,0x01,0xcb,0x00,0x05,0x02,0x00,0x0f,0xae,0x00,0x27,0x3f,0xba,0x84,
    0xdb,0xac,0x31,0x2a,0x0f,0x02,0x00,0x0b,0x04,0x5a,0x02,0x0c,0x1a,0x07,0x0f,0x60,
    0x02,0x0b,0x0f,0xbc,0x04,0x1e,0x0f,0x78,0x09,0x4a,0x0f,0x02,0x00,0x11,0x05,0x89,
    0x01,0x3f,0xff,0xbf,0xf7,0xea,0x20,0x1f,0x0f,0x92,0xb8,0x45,0x0f,0x02,0x00,0x19,
    0x28,0x3a,0x84,0x14,0x11,0x06,0xd0,0x00,0x0f,0x1a,0x07,0x2b,0x3f,0x7a,0x84,0xdb,
    0x22,0x53,0x3e,0x06,0x02,0x00,0x02,0x58,0x02,0x02,0x02,0x00,0x08,0xbc,0x04,0x0f,
    0x5e,0x02,0x09,0x05,0x5c,0x02,0x0d,0x1a,0x07,0x06,0x58,0x00,0x0c,0x02,0x00,0x08,
    0x92,0x10,0x0f,0x34,0x0e,0x6b,0x28,0xdf,0xff,0x94,0x9e,0x0f,0x02,0x00,0x11,0x35,
    0x1a,0x7c,0xda,0x3a,0x2b,0x0f,0x02,0x00,0x67,0x0f,0x5e,0x02,0x43,0x1f,0x9a,0xbc,
    0x04,0x7e,0x0f,0x5e,0x02,0x21,0x01,0xc6,0x12,0x01,0x4e,0x15,0x0f,0xf0,0x12,0x0f,
    0x02,0x02,0x00,0x0f,0x9c,0xb5,0x17,0x0f,0x52,0x23,0x11,0x02,0xe4,0x03,0x02,0x02,
    0x00,0x02,0x60,0x00,0x0f,0x02,0x00,0x19,0x0f,0x1e,0x21,0x79,0x02,0x02,0x00,0x02,
    0xca,0x00,0x04,0x02,0x00,0x02,0x14,0x00,0x0f,0x02,0x00,0x81,0x02,0xb8,0x04,0x0e,
    0x1a,0x07,0x0f,0xbe,0x04,0x07,0x0f,0x5e,0x02,0x23,0x02,0xac,0x7a,0x0f,0x38,0x04,
    0x17,0x0f,0x5e,0x02,0x63,0x0f,0x68,0x06,0x2b,0x0f,0x02,0x00,0x39,0x0f,0x8a,0x00,
    0x0b,0x04,0x58,0x02,0x02,0x02,0x00,0x0f,0x78,0x00,0x39,0x0f,0x02,0x00,0x3b,0x02,
    0x5a,0x02,0x0f,0x5e,0x02,0x31,0x0f,0x98,0x00,0x3b,0x0f,0x02,0x00,0x3b,0x02,0x86,
    0x01,0x02,0x02,0x00,0x0f,0x5a,0x00,0x07,0x02,0x20,0x00,0x0f,0x22,0x00,0x09,0x0f,
    0x02,0x00,0x53,0x04,0x88,0x00,0x0f,0x8a,0x00,0x07,0x06,0x22,0x00,0x0f,0x26,0x00,
    0x09,0x0f,0x02,0x00,0x6f,0x02,0x5a,0x02,0x0f,0x5e,0x02,0x17,0x07,0xba,0x04,0x0b,
    0x78,0x09,0x04,0x20,0x1c,0x0f,0x6e,0x31,0x0b,0x1f,0xda,0xb8,0x35,0x62,0x02,0x86,
    0x01,0x02,0x02,0x00,0x0f,0x74,0x01,0x07,0x02,0x20,0x00,0x0f,0xb0,0x01,0x37,0x0f,
    0xd6,0x08,0x25,0x02,0x84,0x00,0x0f,0x88,0x00,0x09,0x02,0x1e,0x00,0x04,0x02,0x00,
    0x0f,0xd2,0x00,0x07,0x0f,0x02,0x00,0x69,0x11,0x5a,0x0a,0x32,0x02,0x5c,0x02,0x0c,
    0xd6,0x0b,0x0f,0x1a,0x07,0x05,0x0f,0x5e,0x02,0x05,0x11,0x9a,0xc4,0xae,0x24,0xfb,
    0x8d,0xe6,0x7a,0x0f,0x02,0x00,0x05,0x0f,0x48,0x6e,0x39,0x0f,0x02,0x00,0x17,0x04,
    0x88,0x01,0x0f,0xb2,0x01,0x09,0x08,0x26,0x00,0x0f,0x5a,0x00,0x17,0x0f,0x02,0x00,
    0x09,0x0f,0x8c,0x10,0x25,0x02,0xa8,0x00,0x0f,0xac,0x00,0x09,0x02,0x1e,0x00,0x04,
    0x02,0x00,0x0f,0x84,0x00,0x09,0x0f,0x02,0x00,0x67,0x02,0x3c,0x40,0x0f,0x5e,0x02,
    0x05,0x0f,0x60,0x02,0x03,0x0f,0x5e,0x02,0x05,0x15,0xda,0x5e,0x02,0x0f,0x2e,0x44,
    0x0b,0x0f,0x04,0x73,0x15,0x0f,0x38,0x1e,0x3b,0x04,0x88,0x01,0x0f,0xb2,0x01,0x09,
    0x08,0x26,0x00,0x04,0x94,0x01,0x04,0x36,0x1e,0x0f,0x02,0x00,0x23,0x1f,0xda,0xa6,
    0x17,0x22,0x02,0xa6,0x00,0x02,0x02,0x00,0x02,0xc8,0x53,0x1d,0x1b,0xcc,0x3c,0x02,
    0x1e,0x00,0x04,0x02,0x00,0x0f,0x9e,0x00,0x1f,0x2f,0x1a,0x7c,0xaa,0x0c,0x4f,0x1f,
    0x5a,0x5e,0x02,0x60,0x0f,0x02,0x00,0x15,0x0f,0x5e,0x02,0x15,0x0f,0x36,0x1a,0x13,
    0x04,0x88,0x01,0x0f,0x5e,0x02,0x15,0x04,0xb2,0x01,0x04,0xf2,0x22,0x0f,0x02,0x00,
    0x59,0x02,0xa6,0x00,0x02,0x02,0x00,0x4f,0x00,0x00,0x1a,0x7c,0x5e,0x02,0x45,0x1f,
    0x5b,0x62,0x88,0x3e,0x0f,0x02,0x00,0x03,0x02,0xbe,0x04,0x02,0x58,0x2f,0x08,0x02,
    0x00,0x0e,0x2e,0x00,0x09,0xba,0x04,0x09,0x78,0x09,0x08,0xbc,0x04,0x0f,0x3a,0x00,
    0x01,0x0f,0x02,0x00,0x45,0x2f,0x1a,0x7c,0x78,0x4a,0x11,0x02,0xac,0x01,0x02,0x02,
    0x00,0x0f,0x8a,0x00,0x09,0x02,0x22,0x00,0x06,0x5e,0x02,0x3f,0x7a,0x84,0x9b,0xd8,
    0x25,0x5e,0x02,0x80,0x00,0x06,0x84,0x00,0x4f,0xda,0x84,0xfb,0x8d,0xbc,0x04,0x3d,
    0x0f,0x66,0x11,0x59,0x0f,0x5e,0x02,0x3d,0x0c,0x0c,0x01,0x0c,0x02,0x00,0x1f,0xba,
    0xc0,0x27,0x20,0x0f,0x02,0x00,0x2b,0x02,0xae,0x01,0x02,0x02,0x00,0x0f,0x4a,0x00,
    0x09,0x02,0x22,0x00,0x06,0xda,0x01,0x0f,0x02,0x00,0x61,0x02,0x80,0x00,0x0f,0x84,
    0x00,0x0b,0x02,0x20,0x00,0x04,0x02,0x00,0x0f,0xa6,0x00,0x61,0x0f,0x02,0x00,0x17,
    0x0f,0x5e,0x02,0x05,0x0e,0x84,0x04,0x0f,0xbc,0x04,0x05,0x19,0x7a,0xbc,0x04,0x0f,
    0x5e,0x02,0x0d,0x0f,0xf4,0x07,0x4f,0x0c,0x02,0x00,0x04,0x88,0x01,0x0f,0xb4,0x01,
    0x0b,0x0f,0x28,0x00,0x0b,0x02,0x3e,0x00,0x0f,0x42,0x00,0x29,0x06,0x02,0x00,0x02,
    0x48,0x00,0x04,0x02,0x00,0x06,0x18,0x00,0x0a,0x1a,0x00,0x08,0x18,0x00,0x0a,0x02,
    0x00,0x04,0x3a,0x00,0x02,0x02,0x00,0x0a,0x1c,0x00,0x0f,0x02,0x00,0x7d,0x0f,0x5e,
    0x02,0x3b,0x0f,0x20,0x51,0x29,0x08,0x02,0x00,0x1f,0xba,0x7c,0x15,0x18,0x0f,0x02,
    0x00,0x0d,0x02,0x86,0x01,0x02,0x02,0x00,0x0f,0x2c,0x00,0x0b,0x02,0x24,0x00,0x0c,
    0x44,0x02,0x02,0x12,0x00,0x08,0x02,0x00,0x0f,0x46,0x00,0x01,0x08,0x20,0x00,0x04,
    0x02,0x00,0x0e,0x28,0x00,0x04,0x1a,0x00,0x08,0x02,0x00,0x06,0x26,0x00,0x06,0x16,
    0x00,0x06,0x14,0x00,0x0e,0x02,0x00,0x06,0x26,0x00,0x0c,0xaa,0x00,0x0f,0x02,0x00,
    0x81,0x0f,0x92,0x10,0x01,0x0e,0xbc,0x04,0x0b,0xba,0x04,0x07,0x78,0x09,0x01,0x90,
    0x04,0x4f,0x85,0x9b,0x85,0xbb,0x0e,0x3f,0x38,0x0f,0x96,0x5e,0x25,0x0f,0x02,0x00,
    0x01,0x02,0x86,0x01,0x02,0x02,0x00,0x0f,0x20,0x00,0x01,0x06,0x02,0x00,0x02,0x24,
    0x00,0x02,0x02,0x00,0x02,0x16,0x00,0x02,0x0c,0x00,0x0e,0x02,0x00,0x02,0x1e,0x00,
    0x06,0x02,0x00,0x06,0x22,0x00,0x37,0x7f,0xef,0x9f,0xe8,0x41,0x06,0x22,0x00,0x0c,
    0x9c,0x04,0x08,0x02,0x00,0x02,0x1e,0x00,0x08,0x46,0x00,0x04,0x12,0x00,0x0f,0x02,
    0x00,0x01,0x08,0x3a,0x00,0x0f,0x2a,0x00,0x0b,0x0f,0x02,0x00,0x61,0x0c,0x60,0x37,
    0x0f,0x5e,0x02,0x2f,0x0f,0x02,0x00,0x1b,0x0f,0x50,0x3b,0x11,0x0f,0x52,0x63,0x11,
    0x0f,0x4e,0x31,0x15,0x08,0x8e,0x01,0x0f,0xaa,0x00,0x0b,0x06,0x2a,0x00,0x22,0xbf,
    0xef,0x96,0x25,0x06,0x12,0x00,0x0a,0xfe,0x01,0x02,0x10,0x00,0x04,0x02,0x00,0x08,
    0x26,0x00,0x68,0x7a,0x84,0xbb,0x85,0x9c,0x8e,0x12,0x00,0x04,0x02,0x00,0x0e,0x14,
    0x00,0x0a,0x12,0x00,0x06,0x0e,0x00,0x3f,0xff,0xff,0x5b,0xaa,0x03,0x08,0x08,0x28,
    0x00,0x0a,0x88,0x00,0x0f,0x02,0x00,0x0d,0x17,0x5b,0xc8,0x23,0x0f,0x02,0x00,0x45,
    0x0c,0x02,0x35,0x0f,0x5e,0x02,0x05,0x0a,0x7a,0x09,0x0f,0xbc,0x04,0x05,0x0a,0xa6,
    0x00,0x0f,0xe0,0x30,0x11,0x0f,0x12,0xa5,0x35,0x3f,0x1a,0x7c,0x3b,0x4e,0x31,0x12,
    0x08,0x8e,0x01,0x0a,0xae,0x00,0x0e,0x02,0x00,0x04,0x2c,0x00,0x3f,0xdf,0xf7,0xdc,
    0x22,0x02,0x02,0x06,0x22,0x00,0x02,0xda,0x01,0x02,0x08,0x00,0x04,0x02,0x00,0x08,
    0x50,0x00,0x04,0x14,0x00,0x0e,0x02,0x00,0x0f,0x26,0x00,0x0f,0x2f,0x3c,0xa5,0x0c,
    0x0f,0x09,0x0a,0x52,0x00,0x08,0x4e,0x00,0x0f,0x02,0x00,0x0b,0x26,0x5a,0x84,0x5a,
    0xbd,0x0f,0x02,0x00,0x47,0x0f,0xbc,0x04,0x15,0x0f,0x5e,0x02,0x21,0x0f,0x42,0x7a,
    0x31,0x0f,0x02,0x00,0x17,0x1d,0x3b,0xe2,0x03,0x02,0x5a,0xc4,0x28,0xfb,0x8d,0xc8,
    0x25,0x08,0x8e,0x01,0x06,0x5c,0x00,0x02,0x2a,0x00,0x0c,0xde,0x09,0x08,0x2c,0x00,
    0x04,0x02,0x00,0x06,0x34,0x00,0x02,0x02,0x00,0x04,0x18,0x00,0x0c,0x02,0x00,0x02,
    0x1e,0x00,0x06,0x02,0x00,0x0c,0x20,0x00,0x02,0x02,0x00,0x06,0x20,0x00,0x02,0x02,
    0x00,0x02,0x16,0x00,0x0a,0x02,0x00,0x0f,0x96,0x46,0x0b,0x0a,0x2c,0x00,0x02,0x46,
    0x00,0x0f,0x02,0x00,0x11,0x19,0x5a,0x26,0x26,0x0f,0x02,0x00,0x57,0x0f,0xf0,0x12,
    0x01,0x0f,0x5e,0x02,0x23,0x0f,0x02,0x00,0x69,0x04,0x48,0x26,0x13,0xbb,0x94,0x1a,
    0x04,0x8c,0x00,0x08,0x8e,0x01,0x02,0x14,0x00,0x33,0xba,0x84,0xdb,0x4a,0xe3,0x0c,
    0x3c,0x39,0x08,0x2c,0x00,0x02,0x02,0x00,0x02,0x32,0x00,0x0c,0x02,0x00,0x02,0x1c,
    0x00,0x06,0x02,0x00,0x0c,0x20,0x00,0x04,0x02,0x00,0x06,0x22,0x00,0x02,0xec,0x04,
    0x0f,0x02,0x00,0x01,0x02,0x1c,0x00,0x08,0x02,0x00,0x2f,0x9a,0x84,0x1a,0x07,0x41,
    0x1f,0x7a,0x56,0x00,0x0a,0x0f,0x02,0x00,0x47,0x0f,0x5e,0x02,0x0f,0x0d,0x18,0x07,
    0x03,0xd6,0x0b,0x1f,0x3a,0x7c,0x57,0x44,0x0f,0xac,0x46,0x01,0x2f,0x7b,0x85,0x7e,
    0x69,0x09,0x04,0x90,0x50,0x06,0x5e,0x02,0x02,0x3a,0x09,0x0a,0xbe,0x01,0x02,0x0c,
    0x24,0x19,0x9a,0x5e,0x02,0x0a,0xd2,0x28,0x08,0xe6,0x01,0x02,0x30,0x00,0x0f,0x02,
    0x00,0x05,0x04,0x2a,0x00,0x0f,0x20,0x00,0x05,0x0f,0x02,0x00,0x19,0x04,0x4c,0x00,
    0x02,0x02,0x00,0x0f,0x3a,0x00,0x0b,0x02,0x24,0x00,0x04,0x02,0x00,0x0f,0x2c,0x00,
    0x0b,0x0f,0x02,0x00,0x71,0x0f,0x5e,0x02,0x3b,0x0f,0x9e,0x25,0x0f,0x0f,0xd8,0x0b,
    0x0f,0x0c,0x0a,0x52,0x11,0xda,0xf6,0x52,0x02,0x96,0x04,0x0f,0x88,0x21,0x03,0x0f,
    0x5e,0x02,0x01,0x11,0xfc,0x5e,0xf5,0x04,0x88,0x01,0x04,0x2e,0x02,0x0f,0x5e,0x02,
    0x01,0x04,0x8a,0x02,0x0a,0xbc,0x01,0x0f,0x9c,0x01,0x19,0x0f,0x32,0x0b,0x2d,0x02,
    0xa0,0x00,0x04,0xa4,0x00,0x0f,0x02,0x00,0x09,0x02,0x26,0x00,0x04,0x02,0x00,0x0f,
    0x2a,0x00,0x09,0x0f,0x02,0x00,0x73,0x02,0x08,0x07,0x0e,0x02,0x00,0x06,0x9e,0x00,
    0x0f,0xbc,0x04,0x05,0x06,0x22,0x00,0x06,0x02,0x00,0x0f,0x5e,0x02,0x31,0x0a,0x02,
    0x00,0x04,0x64,0x42,0x02,0x5e,0x02,0x02,0x96,0x04,0x28,0x1b,0x85,0xc0,0x97,0x06,
    0x08,0x5a,0x08,0xbc,0x04,0x64,0x1c,0x8f,0x1a,0x7c,0xba,0x84,0x88,0x01,0x02,0xba,
    0x01,0x13,0x3a,0x4c,0x61,0x02,0x78,0x09,0x02,0x60,0x9a,0x08,0x04,0x16,0x02,0x28,
    0x00,0x02,0x02,0x00,0x0a,0x86,0x00,0x0f,0x02,0x00,0x09,0x02,0xb6,0x1d,0x0f,0x22,
    0x00,0x09,0x0f,0x02,0x00,0x0d,0x02,0x72,0x00,0x02,0xa4,0x00,0x0f,0x02,0x00,0x0b,
    0x02,0x26,0x00,0x04,0x02,0x00,0x0f,0x2c,0x00,0x0b,0x0f,0x02,0x00,0x71,0x0e,0x58,
    0x02,0x04,0x02,0x00,0x04,0x9e,0x00,0x0f,0x5e,0x02,0x19,0x0f,0x02,0x00,0x3d,0x06,
    0xdc,0x4b,0x04,0x5e,0x02,0x2c,0xfc,0x8e,0x78,0x91,0x0f,0x5e,0x02,0x05,0x3f,0x00,
    0x00,0xdb,0x5e,0x02,0x14,0x24,0x1c,0x8f,0x9a,0x59,0x04,0xb8,0x01,0x0f,0xba,0x01,
    0x19,0x0f,0x5e,0x02,0x2d,0x06,0x74,0x00,0x0f,0x76,0x00,0x0f,0x08,0x2c,0x00,0x0f,
    0x2e,0x00,0x0f,0x0f,0x02,0x00,0x55,0x11,0x7a,0x16,0x21,0x0f,0x6e,0x00,0x01,0x04,
    0x4c,0x02,0x0e,0x02,0x00,0x04,0x2e,0x00,0x0f,0x5e,0x02,0x7f,0x0a,0x9a,0x09,0x0f,
    0x5e,0x02,0x07,0x0a,0x8e,0x01,0x0f,0xbc,0x04,0x07,0x02,0xe8,0x04,0x37,0x1b,0x8e,
    0xfc,0x8a,0x10,0x0f,0xbc,0x01,0x19,0x0f,0x88,0x0b,0x09,0x0f,0x02,0x00,0x0f,0x06,
    0x32,0x02,0x0f,0x2c,0x00,0x19,0x0f,0xa2,0x00,0x11,0x3d,0x7a,0x84,0x7b,0x5a,0x0f,
    0x0f,0x02,0x00,0x41,0x0f,0xe8,0x0e,0x09,0x0e,0x58,0x02,0x02,0x02,0x00,0x04,0x88,
    0x00,0x0f,0x5e,0x02,0x1b,0x3f,0x1a,0x7c,0x3b,0xe0,0xaf,0x04,0x0f,0x02,0x00,0x05,
    0x02,0xee,0x17,0x0a,0x4a,0x10,0x04,0x02,0x00,0x0f,0xbc,0x04,0x01,0x0e,0x56,0x71,
    0x0f,0x78,0x09,0x01,0x02,0xc0,0x00,0x02,0x86,0x01,0x02,0x02,0x00,0x0f,0x5e,0x02,
    0x47,0x0f,0x02,0x00,0x2b,0x02,0x9e,0x00,0x0f,0x2e,0x02,0x11,0x08,0x2c,0x00,0x0f,
    0x30,0x00,0x11,0x0c,0xde,0x14,0x0f,0x02,0x00,0x45,0x0f,0x98,0x5c,0x09,0x02,0x4c,
    0x02,0x0e,0x02,0x00,0x04,0x8c,0x00,0x0f,0x5e,0x02,0x1b,0x0f,0x14,0x50,0x0f,0x0a,
    0xcc,0x33,0x02,0xc4,0x0d,0x04,0xde,0x2a,0x57,0x00,0x00,0x3a,0x84,0x7b,0xc8,0x39,
    0x0f,0x5e,0x02,0x27,0x02,0x52,0x1f,0x02,0x86,0x01,0x02,0x02,0x00,0x0f,0x5e,0x02,
    0x09,0x04,0xec,0x00,0x08,0x32,0x00,0x06,0x14,0x00,0x0f,0x02,0x00,0x49,0x02,0x9c,
    0x00,0x02,0x02,0x00,0x0f,0x68,0x00,0x0f,0x02,0x28,0x00,0x04,0x02,0x00,0x0f,0x30,
    0x00,0x0d,0x3f,0x7a,0x84,0x7b,0x48,0x24,0x5e,0x0c,0x02,0x00,0x0e,0x58,0x02,0x02,
    0x02,0x00,0x02,0x28,0x00,0x2f,0x1a,0x7c,0x5e,0x02,0x1d,0x0f,0x02,0x00,0x0d,0x08,
    0x5e,0x02,0x02,0x50,0x3b,0x06,0x5e,0x02,0x57,0xfc,0x8e,0x3a,0x84,0x7b,0xc8,0x39,
    0x0f,0x5e,0x02,0x01,0x0e,0x60,0x00,0x0e,0xbc,0x04,0x04,0xf2,0x5e,0x04,0x88,0x01,
    0x02,0xea,0x03,0x0f,0xd6,0x0b,0x0d,0x0a,0x5e,0x02,0x0f,0xbe,0x01,0x0f,0x0f,0x02,
    0x00,0x31,0x02,0x9c,0x00,0x0f,0x6e,0x00,0x15,0x02,0x2a,0x00,0x04,0x02,0x00,0x0f,
    0x80,0x00,0x0f,0x0f,0x1a,0x07,0x53,0x0f,0x02,0x00,0x09,0x02,0x4c,0x02,0x0e,0x02,
    0x00,0x02,0x34,0x00,0x0f,0x5e,0x02,0x3f,0x08,0x02,0x00,0x02,0x6a,0x42,0x08,0x5e,
    0x02,0x04,0xfa,0x4b,0x04,0x02,0x00,0x0f,0x34,0x0e,0x01,0x0e,0x02,0x00,0x13,0xba,
    0xca,0x49,0x02,0x0a,0x0e,0x24,0x1b,0x8e,0xae,0x54,0x04,0x88,0x01,0x04,0xbe,0x01,
    0x0f,0x92,0x10,0x0b,0x02,0x02,0x00,0x02,0x2e,0x00,0x04,0x32,0x00,0x0f,0x02,0x00,
    0x4d,0x02,0x6a,0x00,0x0f,0x6e,0x00,0x15,0x02,0x2a,0x00,0x04,0x02,0x00,0x0f,0x9c,
    0x00,0x4d,0x0f,0x02,0x00,0x31,0x0e,0x58,0x02,0x44,0x1c,0x8f,0x1c,0x8f,0xde,0x08,
    0x0f,0x5e,0x02,0x05,0x0f,0x7a,0x00,0x09,0x0f,0x4c,0x9f,0x15,0x0f,0x5e,0x02,0x03,
    0x0a,0x02,0x00,0x13,0x9a,0xcc,0x5e,0x04,0x34,0x0e,0x0f,0x24,0x26,0x07,0x04,0x68,
    0x10,0x02,0x70,0x08,0x02,0xbe,0x04,0x04,0x88,0x01,0x06,0xbe,0x01,0x0c,0xac,0x17,
    0x06,0xd8,0x17,0x04,0x02,0x00,0x02,0x2e,0x00,0x06,0x32,0x00,0x0f,0x02,0x00,0x01,
    0x5f,0x1a,0x7c,0xdb,0x84,0x1b,0x26,0xe1,0x30,0x02,0x68,0x00,0x02,0x02,0x00,0x0f,
    0x68,0x00,0x01,0x0c,0x02,0x00,0x02,0x2a,0x00,0x04,0x02,0x00,0x0c,0x1e,0x00,0x0f,
    0x02,0x00,0x81,0x02,0x4e,0x02,0x0c,0x02,0x00,0x13,0x3c,0x60,0x02,0x0f,0x5e,0x02,
    0x23,0x0f,0xd4,0x54,0x11,0x0f,0x5e,0x02,0x13,0x02,0x66,0xa3,0x02,0x5e,0x02,0x4f,
    0x3b,0x8e,0x1a,0x7c,0x52,0x13,0x0f,0x02,0x5e,0x02,0x02,0x36,0x02,0x04,0x88,0x01,
    0x08,0x2c,0x02,0x17,0xfb,0x0a,0x1a,0x2e,0x1b,0x85,0x04,0x5d,0x02,0x2e,0x00,0x02,
    0x02,0x00,0x02,0x80,0x00,0x0e,0x02,0x00,0x02,0x5e,0x02,0x08,0xa6,0x07,0x02,0x30,
    0x00,0x08,0x68,0x00,0x0f,0x02,0x00,0x11,0x02,0x32,0x00,0x02,0x02,0x00,0x0f,0x30,
    0x00,0x1d,0x0f,0x32,0x00,0x13,0x0f,0x02,0x00,0x6d,0x0c,0x58,0x02,0x02,0x02,0x00,
    0x0f,0x5e,0x02,0x0b,0x0c,0x20,0x21,0x0f,0x02,0x00,0x0d,0x53,0xfb,0x84,0x5b,0x85,
    0xbb,0x04,0x22,0x17,0x7a,0x22,0xa7,0x0e,0x78,0x09,0x0f,0x4a,0x00,0x0b,0x2f,0x1a,
    0x7c,0xbc,0x04,0x07,0x0f,0x02,0x00,0x01,0x02,0xb8,0x01,0x02,0x02,0x00,0x0e,0x20,
    0x00,0x3f,0x1a,0x7c,0xba,0xbc,0x2e,0x00,0x08,0x36,0x00,0x0e,0x34,0x00,0x02,0x02,
    0x00,0x57,0x1a,0x7c,0xdb,0x84,0xfb,0x40,0x49,0x02,0x62,0x00,0x02,0x02,0x00,0x02,
    0x22,0x00,0x0f,0x02,0x00,0x0f,0x42,0x3b,0x85,0xfb,0x8d,0x32,0x00,0x0f,0x2a,0x02,
    0x17,0x02,0x2c,0x00,0x04,0x02,0x00,0x0f,0x64,0x00,0x0f,0x0f,0x02,0x00,0x49,0x2f,
    0x5a,0x84,0x98,0x51,0x13,0x0e,0xb8,0x31,0x0f,0x5e,0x02,0x3b,0x24,0x9a,0x84,0x5e,
    0x02,0x48,0x7b,0x8e,0xbc,0x8e,0xda,0x38,0x02,0x90,0x0b,0x06,0x78,0x09,0x19,0xbb,
    0x86,0x17,0x0f,0x02,0x00,0x2f,0x04,0x88,0x01,0x0f,0xc0,0x01,0x03,0x02,0x5e,0x02,
    0x06,0x0a,0x1a,0x04,0x02,0x00,0x02,0x30,0x00,0x02,0x02,0x00,0x04,0x14,0x00,0x0f,
    0x02,0x00,0x0b,0x02,0x2c,0x00,0x04,0x02,0x00,0x0f,0x2c,0x00,0x0b,0x02,0x02,0x00,
    0x64,0x3a,0x84,0x1b,0x85,0x9c,0x9e,0x32,0x00,0x0f,0x34,0x00,0x13,0x0f,0x68,0x00,
    0x11,0x1f,0x9a,0x28,0x0e,0x56,0x0f,0x78,0x21,0x15,0x0f,0x5e,0x02,0x1f,0x0f,0x78,
    0x09,0x0b,0x0a,0x78,0x84,0x35,0x3a,0x84,0x7a,0x5e,0x02,0x48,0x7c,0x8e,0xdc,0x8e,
    0xbc,0x04,0x08,0x92,0x10,0x5f,0x3b,0x8e,0x7c,0x8e,0x5a,0xfa,0x47,0x3c,0x06,0xbe,
    0x01,0x0f,0xc0,0x01,0x03,0x17,0xdb,0x48,0x05,0x06,0x02,0x00,0x0f,0x36,0x00,0x0d,
    0x0e,0x02,0x00,0x08,0x32,0x00,0x0f,0x6a,0x00,0x03,0x0c,0x02,0x00,0x57,0x3a,0x84,
    0x1b,0x85,0x5e,0x54,0x6a,0x0c,0x20,0x00,0x0f,0x02,0x00,0x03,0x0f,0x68,0x00,0x0f,
    0x19,0x7a,0xd2,0x11,0x0f,0x02,0x00,0x49,0x0f,0xbc,0x04,0x47,0x11,0x3a,0x4c,0xf3,
    0x04,0x58,0x0e,0x0e,0x02,0x00,0x08,0x4a,0xd2,0x2a,0x3a,0x7c,0x5e,0x02,0x0e,0x36,
    0x00,0x01,0x52,0x78,0x12,0x8d,0xc4,0x20,0x0f,0x58,0x4a,0x3b,0x08,0x8e,0x01,0x0e,
    0xa6,0x00,0x0f,0x02,0x00,0x07,0x06,0x38,0x00,0x0f,0x24,0x00,0x07,0x08,0x02,0x00,
    0x06,0x30,0x00,0x0f,0x5e,0x02,0x15,0x46,0x00,0x00,0x3b,0x85,0x98,0x8e,0x08,0x4c,
    0x00,0x0f,0x02,0x00,0x09,0x02,0x60,0x00,0x04,0x02,0x00,0x0f,0x2a,0x00,0x01,0x0f,
    0xbc,0x04,0x57,0x0f,0x02,0x00,0x15,0x0f,0xbc,0x04,0x23,0x0f,0x5e,0x02,0x09,0x08,
    0x02,0x00,0x0f,0x5e,0x02,0x0f,0x0f,0x02,0x00,0x35,0x1d,0xfb,0x8a,0x04,0x04,0x88,
    0x01,0x0f,0xf4,0x01,0x17,0x02,0x02,0x00,0x02,0x32,0x00,0x02,0x02,0x00,0x02,0x12,
    0x00,0x0f,0x02,0x00,0x0b,0x02,0x2a,0x00,0x02,0x02,0x00,0x0f,0x2a,0x00,0x0b,0x08,
    0x02,0x00,0x02,0x30,0x00,0x0f,0x9c,0x00,0x19,0x02,0x2e,0x00,0x04,0x02,0x00,0x08,
    0x4c,0x00,0x0f,0x02,0x00,0x87,0x0f,0x5e,0x02,0x23,0x0f,0x02,0x00,0x15,0x0f,0x5e,
    0x02,0x33,0x0f,0xd0,0x0b,0x11,0x19,0x9a,0x6a,0x0b,0x0c,0xa8,0x08,0x02,0x12,0x00,
    0x0f,0x02,0x00,0x13,0x04,0xc0,0x01,0x08,0xfa,0x01,0x1f,0x9a,0x42,0x3b,0x0c,0x0a,
    0x2e,0x00,0x0f,0x02,0x00,0x0f,0x02,0x30,0x00,0x02,0x02,0x00,0x0f,0x2e,0x00,0x0f,
    0x02,0x02,0x00,0x02,0x2e,0x00,0x04,0x02,0x00,0x02,0x14,0x00,0x0f,0x02,0x00,0x8d,
    0x0f,0xd6,0x0b,0x1f,0x04,0x78,0x09,0x0f,0x0a,0x6a,0x11,0x0c,0x78,0x09,0x08,0xac,
    0x17,0x0f,0x02,0x00,0x17,0x2f,0x1a,0x7c,0x2c,0x63,0x0f,0x0f,0x5e,0x02,0x13,0x0a,
    0xc0,0x23,0x0f,0x02,0x00,0x05,0x04,0xc2,0x01,0x06,0xc4,0x01,0x0f,0x5c,0x42,0x2b,
    0x0e,0x02,0x00,0x0e,0x62,0x00,0x0f,0x02,0x00,0x0f,0x06,0x34,0x00,0x08,0x9a,0x00,
    0x0f,0x02,0x00,0x8b,0x0f,0x5e,0x02,0x07,0x2f,0x1a,0x7c,0xf0,0x12,0x09,0x0f,0xd6,
    0xc1,0x01,0x02,0x9a,0x12,0x0a,0xa0,0x31,0x0a,0x34,0x0e,0x0f,0x5e,0x02,0x23,0x01,
    0xa8,0x12,0x1f,0x8e,0x48,0x01,0x0b,0x0f,0x1a,0x07,0x13,0x42,0x9a,0x84,0xdb,0x8d,
    0x6c,0x15,0x0f,0x02,0x00,0x09,0x02,0xc0,0x01,0x02,0x02,0x00,0x02,0x28,0x00,0x02,
    0x2c,0xc5,0x02,0x0c,0x00,0x0f,0x02,0x00,0x21,0x33,0xba,0x84,0x7b,0x94,0x11,0x02,
    0x02,0x00,0x02,0x5c,0x00,0x0f,0x26,0x02,0x1b,0x02,0x30,0x00,0x04,0x02,0x00,0x02,
    0x48,0x00,0x0f,0x02,0x00,0x5b,0x1f,0x5b,0xda,0xd8,0x1e,0x0f,0x5e,0x02,0x1f,0x04,
    0xd2,0x00,0x0a,0xbc,0x04,0x31,0x9a,0x84,0xdb,0x7a,0x10,0x4a,0x3b,0x8e,0x9c,0x8e,
    0xfe,0x33,0x11,0xfb,0x18,0x00,0x0f,0xf4,0x34,0x0b,0x1f,0x5a,0xee,0x0c,0x40,0x04,
    0x88,0x01,0x08,0xc4,0x01,0x0f,0x5e,0x02,0x25,0x0f,0x02,0x00,0x2d,0x0a,0x54,0x1e,
    0x02,0x94,0x00,0x02,0x02,0x00,0x0f,0x5a,0x00,0x17,0x02,0x30,0x00,0x04,0x02,0x00,
    0x02,0x38,0x00,0x1f,0xba,0xb2,0x07,0x0c,0x0f,0x02,0x00,0x39,0x5d,0x3a,0x84,0x1b,
    0x85,0x3b,0x9a,0x47,0x0f,0x02,0x00,0x0b,0x0f,0x5e,0x02,0x27,0x0a,0x02,0x00,0x17,
    0x7a,0x5e,0x02,0x0e,0x46,0x12,0x0f,0x02,0x00,0x0d,0x0f,0x5e,0x02,0x55,0x11,0xda,
    0x76,0x38,0x0f,0x8e,0x00,0x0d,0x08,0xca,0x01,0x0f,0x2c,0x00,0x0f,0x0f,0x02,0x00,
    0x11,0x19,0x7a,0x4e,0x6f,0x04,0x22,0x02,0x08,0xf8,0x02,0x0f,0x02,0x00,0x0f,0x02,
    0x30,0x00,0x04,0x02,0x00,0x02,0x30,0x00,0x13,0x9a,0xa2,0x6a,0x0f,0x02,0x00,0x51,
    0x0f,0x5e,0x02,0x5d,0x06,0x06,0xeb,0x11,0x1a,0x5a,0x63,0x11,0x5b,0x98,0x3d,0x02,
    0x44,0x2a,0x0f,0x02,0x00,0x6f,0x04,0x88,0x01,0x0f,0xc4,0x01,0x1b,0x02,0x02,0x00,
    0x02,0x36,0x00,0x02,0x02,0x00,0x02,0x12,0x00,0x0f,0x02,0x00,0x2b,0x37,0x9a,0x84,
    0x7b,0x74,0x68,0x02,0x58,0x00,0x0f,0x98,0x00,0x1d,0x02,0x32,0x00,0x04,0x02,0x00,
    0x02,0x90,0x00,0x0f,0xb2,0x07,0x2d,0x0f,0x02,0x00,0x19,0x39,0x5a,0x84,0x1b,0xde,
    0x07,0x0f,0x02,0x00,0x11,0x0f,0xbc,0x04,0x29,0x06,0x7a,0x17,0x0f,0x5e,0x02,0x65,
    0x0f,0xec,0xad,0x09,0x04,0x88,0x01,0x0f,0xc6,0x01,0x1d,0x0a,0xbc,0x04,0x04,0xc8,
    0x01,0x0f,0x02,0x00,0x37,0x02,0x92,0x00,0x02,0x02,0x00,0x0f,0x56,0x00,0x19,0x02,
    0x32,0x00,0x04,0x02,0x00,0x02,0x3a,0x00,0x0f,0x1a,0x07,0x59,0x0f,0x02,0x00,0x21,
    0x0f,0x5e,0x02,0x29,0x06,0x02,0x00,0x0c,0x5e,0x02,0x0f,0xfe,0x6f,0x03,0x0f,0xe2,
    0x1e,0x17,0x04,0x02,0x00,0x0f,0x0c,0x1c,0x03,0x04,0x02,0x00,0x4f,0x1a,0x7c,0xdb,
    0x84,0x0a,0x08,0x07,0x04,0x88,0x01,0x0f,0x22,0x02,0x21,0x26,0x5a,0x84,0x16,0x42,
    0x04,0x6e,0x00,0x0f,0x02,0x00,0x35,0x02,0x92,0x00,0x02,0x02,0x00,0x0f,0x54,0x00,
    0x19,0x02,0x32,0x00,0x04,0x02,0x00,0x0f,0x3a,0x00,0x19,0x0f,0x02,0x00,0x67,0x0f,
    0x5e,0x02,0x33,0x0c,0x78,0x09,0x0f,0xce,0x20,0x03,0x06,0xec,0x04,0x0f,0x02,0x00,
    0x15,0x1b,0x9a,0x8e,0x20,0x0a,0x02,0x00,0x0f,0x5e,0x02,0x47,0x44,0x3a,0x84,0xbd,
    0xce,0xc8,0x01,0x0f,0xca,0x01,0x3d,0x0f,0x58,0x00,0x25,0x06,0x38,0x00,0x0f,0x94,
    0x00,0x3f,0x0f,0x02,0x00,0x45,0x0f,0x5e,0x02,0x05,0x2f,0x3c,0x8f,0x92,0x10,0x05,
    0x0a,0x8a,0x00,0x04,0x8e,0xa5,0x04,0x34,0x0e,0x19,0x1b,0x2a,0xd0,0x0a,0x02,0x00,
    0x1f,0xdb,0xfa,0xa0,0x02,0x0f,0x68,0xb5,0x09,0x0f,0x1c,0x00,0x09,0x02,0xa0,0x23,
    0x0f,0xf0,0x23,0x07,0x02,0x86,0x01,0x02,0x02,0x00,0x02,0x2e,0x00,0x0f,0x02,0x00,
    0x17,0x42,0x5a,0x84,0x1b,0x85,0x3a,0x00,0x0f,0xca,0x01,0x23,0x3f,0xfb,0x84,0xbb,
    0x78,0x2c,0x04,0x02,0x52,0x00,0x02,0x02,0x00,0x0f,0x90,0x00,0x17,0x0c,0xae,0x07,
    0x0f,0x3c,0x00,0x1d,0x0f,0x02,0x00,0x67,0x0e,0x60,0x02,0x0f,0x5e,0x02,0x11,0x11,
    0x3b,0x56,0x23,0x0f,0x10,0xe0,0x31,0x0c,0x22,0x3b,0x0f,0x02,0x00,0x35,0x02,0xc2,
    0x01,0x02,0x02,0x00,0x0f,0x54,0x00,0x21,0x02,0x3a,0x00,0x0f,0x02,0x00,0x21,0x77,
    0x7f,0xef,0x7d,0xc6,0xfd,0xc6,0x7e,0xa8,0x1e,0x0f,0x02,0x00,0x03,0x0f,0x96,0x00,
    0x1b,0x0a,0x44,0x00,0x0f,0x3c,0x00,0x1b,0x0f,0x02,0x00,0x25,0x3f,0xfb,0x84,0xfb,
    0x20,0x14,0x10,0x0f,0x02,0x00,0x09,0x0f,0x5e,0x02,0x1f,0x42,0x5a,0x84,0xba,0x84,
    0x5e,0x02,0x24,0x9c,0x8e,0xbc,0x04,0x0f,0x02,0x00,0x27,0x0a,0x44,0x36,0x0f,0x02,
    0x00,0x37,0x08,0x8e,0x01,0x0f,0x56,0x00,0x21,0x08,0x40,0x00,0x0f,0x02,0x00,0x41,
    0x0f,0x94,0x00,0x1d,0x0a,0x84,0x00,0x0f,0x3e,0x00,0x1d,0x0f,0x02,0x00,0x21,0x1b,
    0x3a,0xca,0x26,0x0f,0x02,0x00,0x21,0x0f,0x5e,0x02,0x2b,0x0f,0xf4,0x27,0x03,0x0f,
    0x74,0x02,0x2f,0x0f,0x02,0x00,0x2f,0x08,0x8e,0x01,0x0f,0x4e,0x00,0x23,0x08,0x42,
    0x00,0x0f,0x02,0x00,0x3f,0x0f,0x94,0x00,0x1d,0x0a,0x82,0x00,0x0f,0x3e,0x00,0x1d,
    0x0f,0x02,0x00,0x21,0x0f,0x5e,0x02,0x63,0x17,0x3a,0xbc,0x04,0x0f,0x5e,0x02,0x03,
    0x0f,0xe6,0x7c,0x01,0x0f,0xa4,0x80,0x35,0x0f,0x76,0x11,0x15,0x08,0x8e,0x01,0x0f,
    0x5c,0x01,0x0d,0x1f,0xda,0x28,0x09,0x02,0x08,0x42,0x00,0x0f,0x02,0x00,0x3d,0x0f,
    0x92,0x00,0x0d,0x0e,0x02,0x00,0x0a,0x82,0x00,0x0e,0x20,0x00,0x0f,0x02,0x00,0x41,
    0x0f,0x1a,0x07,0x2d,0x0e,0xba,0x04,0x0f,0x78,0x09,0x0f,0x08,0x5e,0x02,0x2f,0xbc,
    0x8e,0x96,0xdb,0x01,0x0e,0x56,0xaa,0x0f,0x16,0x2f,0x13,0x02,0x02,0x00,0x0f,0xea,
    0x39,0x09,0x4f,0x3a,0x84,0x1b,0x85,0x76,0x5d,0x13,0x08,0x8e,0x01,0x02,0x58,0x00,
    0x0f,0x02,0x00,0x05,0x57,0x1a,0x7c,0x9a,0x84,0xbb,0x4a,0x39,0x08,0x02,0x00,0x08,
    0x46,0x00,0x0f,0x02,0x00,0x37,0x08,0x62,0x00,0x0f,0x02,0x00,0x15,0x0a,0x7e,0x00,
    0x0f,0x36,0x00,0x15,0x0f,0x02,0x00,0x6b,0x0f,0x5e,0x02,0x05,0x0f,0xc6,0x1e,0x07,
    0x0a,0x78,0x09,0x2f,0xfb,0x8d,0x5e,0x02,0x01,0x0f,0x02,0x00,0x01,0x0f,0x6e,0x94,
    0x17,0x0f,0x5e,0x02,0x0d,0x1f,0x3b,0xd4,0x5f,0x08,0x06,0x1c,0x3c,0x08,0x8e,0x01,
    0x0f,0x90,0x00,0x01,0x06,0x02,0x00,0x0f,0x5e,0x02,0x09,0x0f,0x02,0x00,0x77,0x08,
    0xd0,0x00,0x0f,0xd2,0x00,0x0d,0x0f,0x02,0x00,0x75,0x0f,0x5e,0x02,0x2d,0x0f,0xc8,
    0x00,0x27,0x0f,0x86,0x31,0x07,0x0a,0x38,0x19,0x04,0xe6,0x71,0x13,0x3b,0xd6,0x84,
    0x0f,0xb8,0xfe,0x0b,0x42,0x5a,0x84,0x5b,0x85,0xb4,0xea,0x08,0x8e,0x01,0x0f,0xa6,
    0x00,0x0d,0x42,0xda,0x84,0xbb,0x85,0x5e,0x00,0x0f,0x02,0x00,0x1f,0x3f,0x7a,0x84,
    0x3b,0xde,0x1d,0x1e,0x0f,0x02,0x00,0x21,0x08,0xd0,0x00,0x0f,0xd2,0x00,0x0f,0x0f,
    0x02,0x00,0x73,0x0f,0xe0,0x25,0x07,0x0f,0xf0,0x12,0x0b,0x3f,0x3b,0x85,0xbb,0x90,
    0x21,0x1e,0x0a,0x02,0x00,0x0a,0x2c,0x07,0x15,0xba,0x44,0x02,0x0a,0x52,0x45,0x02,
    0x32,0x3b,0x4f,0x7b,0x85,0xdb,0x8d,0x20,0x1f,0x01,0x04,0xe0,0x4b,0x42,0x1b,0x8e,
    0x5b,0x8e,0x5e,0x00,0x02,0xbc,0x04,0x2a,0x1c,0x8f,0x8e,0x01,0x02,0x1c,0x00,0x0f,
    0x02,0x00,0x43,0x1f,0x5a,0x5e,0x02,0x44,0x66,0x5a,0x84,0xfb,0x84,0xdb,0x8d,0xc0,
    0x03,0x0f,0x5e,0x02,0xd9,0x0f,0x02,0x00,0x09,0x1f,0x5a,0x36,0x15,0x02,0x0e,0x02,
    0x00,0x06,0x2c,0x07,0x32,0x5a,0x84,0x9a,0x5e,0x02,0x01,0x44,0x02,0x08,0x2a,0x0c,
    0x11,0x5a,0x32,0x3b,0x04,0x5e,0x02,0x08,0x1a,0x00,0x04,0x7a,0x02,0x02,0xd0,0x36,
    0x15,0x5b,0xa6,0x9e,0x13,0x7b,0xf6,0x02,0x08,0x8e,0x01,0x0e,0x7c,0x00,0x0f,0x02,
    0x00,0x37,0x02,0xbc,0x04,0x0f,0x18,0x22,0x1f,0x0f,0x02,0x00,0x0d,0x2a,0x3a,0x84,
    0x54,0x0b,0x08,0xd0,0x00,0x0f,0xd2,0x00,0x43,0x3f,0x1a,0x7c,0xda,0x00,0x27,0x12,
    0x0f,0x02,0x00,0x17,0x0f,0xbc,0x04,0x1f,0x0c,0xae,0x17,0x1d,0x3a,0xc2,0x60,0x0e,
    0x04,0xac,0x08,0x9c,0x7e,0x13,0xfb,0x2c,0x13,0x08,0xa4,0x00,0x17,0x3a,0x5e,0x02,
    0x08,0xb4,0x4d,0x2f,0x1a,0x7c,0x5e,0x02,0x09,0x02,0x1c,0x00,0x06,0x5e,0x02,0x0a,
    0x7c,0x02,0x08,0x8e,0x01,0x08,0x6c,0x00,0x28,0x9a,0x84,0x8e,0x00,0x0f,0x02,0x00,
    0x31,0x0f,0x56,0x27,0x1f,0x0f,0x02,0x00,0x11,0x0f,0x5e,0x02,0xcb,0x0f,0x8c,0x3d,
    0x15,0x0e,0x0c,0xe0,0x1b,0x7a,0xee,0x73,0x08,0xba,0x2c,0x17,0x7a,0xce,0x10,0x06,
    0xf0,0x03,0x0a,0x5e,0x02,0x06,0x3a,0x34,0x0f,0x5e,0x02,0x09,0x04,0x1c,0x00,0x0f,
    0x5e,0x02,0x11,0x08,0xcc,0x02,0x0f,0xca,0x06,0x45,0x0f,0x02,0x00,0x3d,0x11,0x5a,
    0xbc,0x04,0x06,0x28,0x08,0x08,0x2e,0x03,0x0a,0x30,0x03,0x0f,0x02,0x00,0x35,0x0f,
    0xbc,0x04,0x59,0x0f,0x5e,0x02,0x05,0x0f,0x6c,0xb1,0x11,0x0a,0x02,0x00,0x08,0x5e,
    0x02,0x08,0xe8,0x17,0x06,0x6c,0x04,0x0a,0x5e,0x02,0x06,0x18,0x00,0x04,0x42,0x02,
    0x0f,0x1a,0x07,0x01,0x04,0x1c,0x00,0x0f,0x5e,0x02,0x0f,0x37,0xdf,0xf7,0x1b,0x2e,
    0xbb,0x0f,0x5e,0x02,0x29,0x48,0xfb,0x84,0x9b,0x85,0xb6,0x5c,0x0f,0x02,0x00,0x59,
    0x0f,0x5e,0x02,0x4f,0x0f,0x02,0x00,0x3f,0x0f,0x1a,0x07,0x07,0x0f,0x5e,0x02,0x05,
    0x1f,0xfb,0xf0,0x59,0x2a,0x0f,0x5e,0x02,0x03,0x08,0x78,0x09,0x08,0x5e,0x02,0x02,
    0x30,0x00,0x06,0x5e,0x02,0x06,0xee,0x04,0x0f,0x5e,0x02,0x1f,0x04,0x58,0x00,0x0f,
    0x28,0x09,0x27,0x2f,0x1a,0x7c,0x50,0x25,0x69,0x0f,0x5e,0x02,0xd3,0x0f,0x48,0x42,
    0x19,0x31,0xba,0x84,0x1b,0xee,0x1e,0x06,0xe0,0x05,0x0f,0x5e,0x02,0x05,0x08,0x44,
    0x02,0x08,0x44,0x03,0x0a,0x34,0x0e,0x08,0x1a,0x00,0x0f,0xbc,0x04,0x1d,0x04,0x5e,
    0x02,0x0f,0x02,0x00,0x27,0x02,0x5e,0x02,0x1f,0x9c,0xfa,0xbf,0x40,0x0f,0x0c,0x0a,
    0x11,0x0f,0x5e,0x02,0xd3,0x0c,0xd6,0x0b,0x0c,0xea,0x75,0x15,0x7a,0xd8,0xb7,0x02,
    0x92,0x04,0x28,0xbb,0x85,0x90,0x04,0x0f,0x5e,0x02,0x03,0x02,0x5c,0x10,0x3f,0x7b,
    0x85,0xdb,0x78,0x06,0x02,0x01,0x1a,0x00,0x09,0x48,0x63,0x02,0x02,0x00,0x02,0x7a,
    0x02,0x0f,0x1a,0x07,0x03,0x26,0x1a,0x7c,0x8e,0x01,0x02,0x1a,0x07,0x0f,0x5e,0x02,
    0x35,0x06,0x2a,0x03,0x0f,0x02,0x00,0x37,0x11,0x5a,0x6a,0x0c,0x08,0x9a,0x05,0x0e,
    0x02,0x00,0x06,0xd0,0x00,0x0f,0x78,0x09,0x45,0x0f,0x02,0x00,0x3f,0x0f,0x1a,0x07,
    0x1f,0x0e,0x5e,0x02,0x0a,0xae,0x17,0x06,0x32,0x0e,0x31,0x3a,0x7c,0x9a,0xbc,0x04,
    0x35,0x3b,0x8e,0xbc,0x5e,0x17,0x06,0xd6,0x0b,0x0f,0xa6,0x01,0x31,0x02,0x92,0xa3,
    0x02,0xf0,0x12,0x0c,0xda,0x04,0x02,0x86,0x01,0x08,0x5e,0x02,0x06,0x2e,0x0c,0x0f,
    0x02,0x00,0x27,0x0f,0x9a,0x61,0x09,0x0f,0x02,0x00,0x27,0x0f,0x5e,0x02,0x61,0x6a,
    0x3a,0x7c,0xda,0x84,0xdb,0x85,0x36,0x01,0x0f,0x02,0x00,0x3d,0x0f,0x5e,0x02,0x21,
    0x0f,0x7a,0x2a,0x03,0x04,0x02,0x00,0x06,0x12,0xf6,0x0f,0x5e,0x02,0x01,0x04,0x8a,
    0x15,0x08,0xc6,0x0d,0x0a,0x02,0x00,0x0f,0x1e,0x30,0x1b,0x04,0xbc,0x04,0x0a,0x44,
    0x00,0x0f,0xbc,0x04,0x17,0x06,0x30,0xa6,0x0a,0x42,0x00,0x0f,0x9c,0xb8,0x5b,0x1f,
    0x7a,0xbc,0x04,0x60,0x02,0x5e,0x02,0x0f,0xde,0x39,0x0f,0x0f,0x02,0x00,0x29,0x0f,
    0x5e,0x02,0x21,0x0f,0x36,0x2f,0x03,0x02,0xd6,0x3a,0x08,0xfc,0x11,0x02,0x0a,0x0e,
    0x02,0xbc,0x04,0x06,0x08,0x0e,0x06,0x02,0x00,0x11,0x5a,0x22,0x37,0x06,0x10,0x00,
    0x02,0x02,0x00,0x02,0xda,0x34,0x0e,0x26,0x06,0x3f,0x3a,0x7c,0xfb,0x6c,0x03,0x18,
    0x0f,0xbc,0x04,0x01,0x0c,0x84,0x00,0x02,0x62,0x68,0x13,0x5b,0x76,0x5a,0x08,0x8c,
    0x50,0x11,0x7a,0x00,0x33,0x0f,0x7a,0x01,0x4b,0x0f,0x02,0x00,0x1d,0x02,0x88,0x05,
    0x04,0x02,0x00,0x0f,0x3e,0x00,0x1d,0x0e,0x02,0x00,0x02,0x5e,0x02,0x0f,0xbc,0x04,
    0x49,0x0f,0x5c,0x02,0x01,0x02,0x24,0x21,0x02,0x00,0x04,0x0f,0x96,0x57,0x03,0x0e,
    0xaa,0x00,0x02,0x02,0x00,0x93,0x5a,0x84,0xda,0x84,0x5b,0x85,0xfb,0x8d,0x7c,0xf8,
    0x51,0x02,0xac,0x0b,0x02,0x42,0x3b,0x02,0x22,0x00,0x0a,0x02,0x00,0x0f,0xf0,0x20,
    0x03,0x02,0x74,0x02,0x0f,0x5e,0x02,0x01,0x1f,0xdb,0x4a,0x16,0x1a,0x04,0x88,0x01,
    0x06,0x1a,0x07,0x0a,0x5e,0x02,0x02,0x40,0x4c,0x06,0x5e,0x02,0x08,0x7c,0x63,0x02,
    0x40,0x05,0x0e,0x84,0x00,0x0f,0x02,0x00,0x69,0x06,0xd0,0x00,0x0f,0x78,0x09,0x35,
    0x0f,0x7e,0x51,0x01,0x0f,0x02,0x00,0x39,0x0f,0x5e,0x02,0x23,0x0c,0x60,0x02,0x04,
    0x46,0x06,0x06,0x5e,0x02,0x06,0xc8,0x01,0x02,0x34,0x0e,0x02,0xd8,0x04,0x0c,0x04,
    0x2f,0x0f,0x5e,0x02,0x03,0x0f,0xa8,0x1e,0x05,0x0f,0x5e,0x02,0x09,0x1b,0xdb,0x4a,
    0x3f,0x0a,0x88,0x2e,0x02,0xd6,0x0b,0x0c,0xe2,0x02,0x0f,0x5e,0x02,0x0f,0x0f,0xbc,
    0x04,0x41,0x19,0xba,0xda,0x38,0x0f,0x02,0x00,0x19,0x02,0x56,0x02,0x04,0x02,0x00,
    0x0f,0x3a,0x00,0x19,0x0f,0x02,0x00,0x65,0x0f,0x5e,0x02,0x05,0x02,0x90,0x00,0x0f,
    0xbc,0x04,0x05,0x01,0x3c,0x4f,0x03,0x36,0x1e,0x02,0xa6,0xc6,0x02,0x88,0x01,0x15,
    0x3a,0xbc,0x04,0x06,0x5e,0x02,0x04,0x02,0x00,0x0f,0x64,0x83,0x03,0x0f,0x02,0x00,
    0x1b,0x0f,0x32,0xdd,0x05,0x22,0x1a,0x7c,0x56,0x21,0x0a,0x76,0x00,0x04,0x88,0x01,
    0x02,0x5e,0x02,0x04,0xe6,0x1e,0x04,0x02,0x00,0x06,0xa6,0x63,0x04,0x1a,0x07,0x08,
    0xbc,0x04,0x2f,0x9a,0x84,0x8a,0x21,0x0b,0x0f,0x02,0x00,0x25,0x0f,0xaa,0x00,0x03,
    0x0f,0x02,0x00,0x13,0x06,0xd0,0x00,0x0f,0xbc,0x04,0x35,0x0f,0x02,0x00,0x4d,0x0f,
    0x5e,0x02,0x03,0x06,0x5c,0x0d,0x0f,0x1a,0x07,0x03,0x28,0x3a,0x84,0xde,0x75,0x06,
    0x5e,0x02,0x0f,0xbc,0x04,0x01,0x04,0x02,0x00,0x02,0x4a,0x52,0x0a,0x00,0x02,0x0f,
    0x02,0x00,0x35,0x0f,0xb4,0x01,0x03,0x02,0x86,0x01,0x02,0x02,0x00,0x0e,0x6a,0x00,
    0x0f,0x5e,0x02,0x0b,0x0f,0x02,0x00,0x45,0x0f,0xaa,0x00,0x03,0x0f,0x02,0x00,0x13,
    0x02,0xca,0x00,0x04,0x02,0x00,0x0f,0x34,0x00,0x13,0x06,0x02,0x00,0x1f,0xfb,0x64,
    0x24,0x28,0x0f,0x02,0x00,0x25,0x0f,0x5e,0x02,0x25,0x06,0x70,0x00,0x11,0xfb,0x6a,
    0x09,0x02,0x10,0x00,0x06,0x5e,0x02,0x26,0xdc,0x8e,0x30,0x07,0x0f,0x02,0x00,0x0b,
    0x02,0xe2,0x08,0x02,0xfc,0x04,0x06,0x02,0x00,0x3f,0xba,0x84,0x9b,0x70,0x25,0x18,
    0x0f,0xb4,0x01,0x03,0x04,0x88,0x01,0x0f,0xea,0x03,0x03,0x0f,0x5e,0x02,0x63,0x0f,
    0x1a,0x07,0x65,0x2f,0x3a,0x84,0xb4,0x0a,0x1b,0x0f,0x02,0x00,0x33,0x0f,0x5e,0x02,
    0x2d,0x31,0x5a,0x84,0xba,0x5e,0x02,0x06,0xd4,0x08,0x13,0x5b,0xa8,0x52,0x0a,0xe0,
    0x04,0x04,0x02,0x00,0x2c,0x9a,0x84,0xd0,0x70,0x11,0x3a,0x9e,0x0d,0x28,0x5b,0x8e,
    0xfe,0x0b,0x22,0x1a,0x7c,0x20,0x41,0x24,0x1b,0x8e,0x4e,0x23,0x04,0x02,0x00,0x0f,
    0xb0,0x06,0x05,0x0f,0x78,0x09,0x0b,0x0f,0xea,0x03,0x01,0x0f,0x5e,0x02,0x65,0x0f,
    0x02,0x00,0x27,0x02,0x28,0x03,0x04,0x02,0x00,0x0f,0x48,0x00,0x1b,0x0f,0x5e,0x02,
    0xa3,0x24,0x3a,0x7c,0x5e,0x02,0x0c,0xf4,0x06,0x0a,0x56,0x9d,0x04,0x02,0x00,0x02,
    0x72,0x6e,0x02,0x5a,0x0e,0x02,0x0a,0x09,0x62,0x5a,0x84,0x1b,0x85,0xdb,0x85,0x32,
    0x1a,0x13,0x3b,0xa4,0x25,0x02,0x5e,0x02,0x51,0xbb,0x85,0xfb,0x84,0x7b,0x8e,0x78,
    0x04,0xda,0x04,0x11,0x7a,0x0e,0x09,0x04,0x0e,0x00,0x0f,0x02,0x00,0x0d,0x04,0x88,
    0x01,0x0c,0x24,0x21,0x04,0x02,0x00,0x0f,0xd6,0x0b,0x09,0x0f,0x02,0x00,0x2d,0x0c,
    0xfa,0x27,0x0f,0x02,0x00,0x31,0x02,0xca,0x00,0x04,0x02,0x00,0x0f,0x52,0x00,0x1b,
    0x0f,0x90,0x00,0x41,0x0f,0x02,0x00,0x0d,0x0f,0xba,0x04,0x05,0x0f,0x78,0x09,0x0f,
    0x04,0xa0,0xc1,0x0f,0x5e,0x02,0x07,0x0f,0x02,0x00,0x03,0x01,0xa0,0x95,0x1a,0x85,
    0x92,0x02,0x31,0x1b,0x85,0x9a,0xde,0x25,0x02,0x5e,0x02,0x02,0x7c,0x00,0x51,0xda,
    0x84,0x5b,0x85,0x7a,0x64,0xc4,0x33,0xfb,0x8d,0x7b,0xe0,0x10,0x02,0xd2,0x16,0x5f,
    0xfb,0x8d,0xbc,0x8e,0x7b,0x7c,0x5c,0x12,0x04,0x88,0x01,0x02,0x5e,0x02,0x0e,0x94,
    0x02,0x0f,0x5e,0x02,0x49,0x01,0x9c,0x13,0x0f,0x68,0x3a,0x2c,0x0c,0x02,0x00,0x02,
    0xca,0x00,0x04,0x02,0x00,0x0c,0x1e,0x00,0x0f,0x02,0x00,0x7f,0x0f,0x5e,0x02,0x27,
    0x04,0x84,0xba,0x06,0x1a,0x07,0x0e,0xe6,0x67,0x02,0x34,0x5c,0x42,0x9b,0x85,0x3b,
    0x8e,0xb8,0x06,0x11,0x9c,0xbc,0x73,0x35,0x5b,0x85,0x7a,0x4e,0x07,0x31,0xfc,0x8e,
    0xba,0x12,0x7c,0x08,0x76,0x15,0x82,0x1c,0x8f,0xfb,0x84,0xbb,0x85,0x5b,0x8e,0x2e,
    0x5a,0x0a,0x5e,0x02,0x11,0x7a,0x78,0x28,0x22,0x3b,0x85,0xca,0x49,0x0f,0x4a,0x1a,
    0x0d,0x04,0x88,0x01,0x6f,0xff,0xff,0xff,0xff,0xfd,0xbe,0xbc,0x12,0x01,0x0c,0x4e,
    0x15,0x0e,0x82,0x02,0x0f,0x02,0x00,0x25,0x2a,0x5a,0x7c,0xb6,0x2c,0x0f,0x02,0x00,
    0x31,0x02,0xca,0x00,0x04,0x02,0x00,0x0f,0x52,0x00,0x31,0x0f,0x02,0x00,0x4b,0x0f,
    0x5e,0x02,0x05,0x06,0x76,0x00,0x0f,0x34,0x0e,0x05,0x06,0xd8,0x0b,0x02,0xe6,0x06,
    0x1d,0x7b,0x00,0x6f,0x02,0x02,0x00,0x71,0x7a,0x84,0x9b,0x85,0x1b,0x85,0xdb,0x8a,
    0x72,0x22,0xbc,0x8e,0x12,0x49,0x08,0xf0,0x04,0x02,0x70,0x7e,0x26,0x9b,0x85,0x90,
    0x1c,0x31,0xba,0x84,0xdb,0xde,0x0c,0x11,0xda,0xea,0x5e,0x0a,0x5e,0x02,0x31,0x00,
    0x00,0xfb,0x28,0xdc,0x02,0x5e,0x02,0x06,0x90,0x23,0x75,0x5a,0x84,0xdb,0x84,0x9b,
    0x85,0x5b,0xe4,0x04,0x02,0x02,0x00,0x04,0x88,0x01,0x6f,0xff,0xff,0xff,0xff,0xbf,
    0xef,0x3a,0x02,0x03,0x11,0xfb,0x78,0x7b,0x0f,0x84,0xc9,0x11,0x0f,0x02,0x00,0x03,
    0x08,0x9a,0x18,0x08,0x02,0x00,0x5f,0x7a,0x84,0xfb,0x84,0xdb,0x98,0x0c,0x18,0x0f,
    0x02,0x00,0x0f,0x02,0xc8,0x00,0x04,0x02,0x00,0x0f,0x30,0x00,0x09,0x3f,0x1b,0x85,
    0xdb,0xc4,0x42,0x04,0x0f,0x02,0x00,0x5b,0x0f,0x76,0x7d,0x0f,0x0f,0x60,0x02,0x00,
    0x03,0x1c,0xc2,0x0e,0x3c,0x01,0x19,0x3a,0x60,0x4f,0x02,0x02,0x00,0x62,0x9a,0x84,
    0x9b,0x85,0x9a,0x84,0x5e,0x02,0x31,0xdc,0x8e,0x3a,0x6e,0x29,0x11,0x1b,0xb2,0x04,
    0x02,0xd2,0x17,0x02,0x5e,0x02,0x24,0xbc,0x8e,0x78,0x09,0x31,0x9c,0x8e,0x3a,0x5e,
    0x02,0x48,0x7c,0x8e,0x1b,0x8e,0x1a,0x07,0x02,0x80,0x12,0x11,0x9c,0xd2,0x04,0x06,
    0x5e,0x02,0x04,0xec,0x09,0x31,0x3a,0x7c,0xdb,0xe2,0x51,0x04,0x10,0x00,0x02,0x02,
    0x00,0x04,0x8a,0x01,0x02,0x02,0x00,0x22,0xbf,0xe7,0x16,0x00,0x0f,0x02,0x00,0x39,
    0x11,0x9a,0x7a,0x05,0x0f,0xb8,0x02,0x03,0x0f,0x02,0x00,0x3d,0x02,0xc6,0x00,0x04,
    0x02,0x00,0x0f,0x5e,0x00,0x07,0x3f,0x5a,0x84,0x1b,0x9c,0x0a,0x18,0x0f,0x02,0x00,
    0x49,0x0f,0x5e,0x02,0x2a,0x1c,0x8d,0xce,0x01,0x02,0x02,0x00,0x73,0x7a,0x84,0x9b,
    0x85,0x7b,0x85,0xfb,0x4c,0x04,0x31,0xdb,0x84,0x9b,0xac,0xb8,0x08,0x5e,0x02,0x31,
    0x7b,0x8e,0x9a,0x68,0x0e,0x13,0xbc,0x2a,0x07,0x42,0x3b,0x8e,0xba,0x84,0xb6,0x56,
    0x11,0xdc,0x02,0x05,0x02,0xbc,0x04,0x33,0x1b,0x85,0xba,0xbc,0x04,0x44,0x5b,0x8e,
    0xfb,0x84,0xd0,0x0b,0x11,0x7a,0xd4,0x71,0x04,0xbc,0x04,0x04,0x4e,0x02,0x0f,0x5e,
    0x02,0x03,0x0f,0x92,0x01,0x17,0x0f,0x02,0x00,0x23,0x22,0x1a,0x7c,0x5e,0x02,0x0f,
    0x74,0x07,0x01,0x0f,0x02,0x00,0x3d,0x04,0x56,0x02,0x04,0x02,0x00,0x0f,0x60,0x00,
    0x07,0x02,0x5e,0x02,0x0f,0x94,0x00,0x51,0x0f,0x02,0x00,0x0b,0x02,0xae,0xd2,0x0f,
    0x02,0x00,0x01,0x08,0x38,0x00,0x0d,0x1c,0x07,0x04,0xbc,0x04,0x25,0x8d,0x7c,0x56,
    0x23,0x08,0x02,0x00,0x53,0x5a,0x84,0x9b,0x85,0xfb,0xaa,0x06,0x31,0xfc,0x8e,0x9a,
    0xb8,0x12,0x02,0x3c,0x02,0x22,0xbc,0x8e,0x2a,0x2e,0x22,0x3b,0x85,0x98,0x10,0x06,
    0x02,0x01,0x22,0x3a,0x7c,0x22,0x00,0x02,0x12,0x00,0x51,0xfb,0x84,0xbb,0x85,0x3b,
    0x2c,0x00,0x22,0x9b,0x85,0x8e,0x0b,0x24,0x1a,0x7c,0x5e,0x02,0x11,0x5b,0xac,0x02,
    0x0c,0x5e,0x02,0x03,0x1a,0x07,0x21,0x85,0x5b,0xaa,0x28,0x06,0x28,0x13,0x04,0x8c,
    0x01,0x04,0x02,0x00,0x08,0xa8,0x00,0x0f,0x02,0x00,0x15,0x11,0x1b,0xae,0x53,0x0f,
    0x2e,0x00,0x01,0x0f,0x5e,0x02,0x57,0x04,0xc0,0x00,0x04,0x02,0x00,0x0f,0x8e,0x00,
    0x01,0x04,0x02,0x00,0x02,0x5e,0x02,0x0f,0x50,0x05,0x53,0x0f,0x02,0x00,0x09,0x0f,
    0x5e,0x02,0x2b,0x11,0x1b,0xe0,0x9e,0x0e,0x64,0xc0,0x13,0x7a,0x0c,0x07,0x71,0x9b,
    0x85,0x5b,0x8e,0xfc,0x8e,0x7a,0x36,0x56,0x0a,0xf2,0x00,0x02,0x96,0x01,0x02,0x38,
    0x02,0x02,0x02,0x00,0x13,0x5a,0xbc,0x04,0x08,0x14,0x01,0x22,0x5a,0x84,0xc4,0x2e,
    0x02,0x72,0x02,0x04,0x1a,0x07,0x1b,0xba,0x78,0x09,0x04,0xfc,0x01,0x15,0x3a,0x18,
    0x00,0x08,0x98,0xaf,0x04,0x8e,0x01,0x06,0x02,0x00,0x02,0x70,0x00,0x0f,0x02,0x00,
    0x17,0x22,0x5a,0x84,0xe4,0x16,0x04,0x26,0x05,0x0a,0x02,0x00,0x1b,0xba,0xc8,0x00,
    0x0f,0x02,0x00,0x43,0x06,0xbe,0x00,0x04,0x02,0x00,0x0f,0x68,0x00,0x0b,0x1f,0x5b,
    0x52,0x0f,0x12,0x0f,0x02,0x00,0x4d,0x0f,0x5e,0x02,0x2b,0x42,0x9a,0x84,0x5b,0x8e,
    0xaa,0xa0,0x04,0xbc,0x0d,0x02,0xec,0x0d,0x02,0x32,0x25,0x02,0x5e,0x02,0x31,0xbc,
    0x8e,0xba,0x22,0x07,0x0a,0x5e,0x02,0x04,0x96,0x01,0x08,0xe0,0x00,0x1d,0xfb,0x86,
    0x1e,0x13,0x7a,0x5e,0x02,0x02,0x72,0x02,0x11,0xba,0xea,0x12,0x11,0x9a,0x50,0x34,
    0x04,0x34,0x0e,0x11,0x9c,0x9a,0x09,0x11,0xbb,0xce,0x0b,0x02,0x8e,0x6f,0x02,0xbc,
    0x04,0x08,0x90,0x68,0x04,0x90,0x01,0x06,0x02,0x00,0x08,0x76,0x00,0x04,0x8c,0x00,
    0x08,0x0e,0x16,0x0a,0x02,0x00,0x02,0x5e,0x02,0x0f,0xa6,0x05,0x03,0x0f,0x02,0x00,
    0x53,0x06,0xba,0x00,0x04,0x02,0x00,0x04,0x78,0x00,0x0f,0x52,0x0c,0x05,0x0f,0x02,
    0x00,0x73,0x0f,0x5e,0x02,0x05,0x0c,0x9e,0x00,0x0b,0x1c,0x07,0x03,0x1a,0x07,0x08,
    0x5e,0x2f,0x31,0x3a,0x84,0x5b,0x0e,0x07,0xc8,0xbb,0x85,0x9c,0x8e,0xdb,0x84,0xfb,
    0x84,0x3b,0x8e,0x1b,0x85,0x5c,0x0a,0x02,0xd8,0x06,0x06,0xd0,0x17,0x0f,0x02,0x00,
    0x11,0x13,0x9a,0x5e,0x02,0x08,0x36,0x00,0x02,0x6e,0x0e,0x24,0xdb,0x85,0x02,0x13,
    0x02,0xfc,0x01,0x37,0x5b,0x8e,0xdc,0xee,0x0b,0x0a,0x5e,0x02,0x35,0x5a,0x84,0xbf,
    0xee,0x69,0x06,0x02,0x00,0x06,0x80,0x00,0x02,0x48,0x05,0x0f,0x4a,0x06,0x07,0x02,
    0x62,0x00,0x0f,0x5e,0x02,0x65,0x06,0xb2,0x00,0x08,0x02,0x00,0x02,0xbe,0x00,0x1f,
    0x7a,0x38,0x05,0x52,0x0f,0x02,0x00,0x27,0x0f,0x5e,0x02,0x43,0x51,0x9b,0x85,0xfb,
    0x84,0x3b,0x64,0x02,0x0f,0xd6,0x62,0x11,0x0f,0x02,0x00,0x1b,0x0f,0x5e,0x02,0x1f,
    0x58,0x3a,0x84,0x5b,0x9d,0xdf,0x9b,0x01,0x07,0x02,0x00,0x02,0xe0,0x21,0x06,0x62,
    0x0c,0x0f,0x02,0x00,0x01,0x13,0x7a,0x1a,0x07,0x0f,0x1c,0x00,0x01,0x0f,0x02,0x00,
    0x49,0x07,0xa7,0x00,0x0b,0x02,0x00,0x04,0x76,0x00,0x02,0x5e,0x02,0x02,0x38,0x08,
    0x0f,0x02,0x00,0x7f,0x0f,0x9a,0x9e,0x2f,0x08,0xbe,0x04,0x31,0x5b,0x85,0xdb,0x4a,
    0x10,0x81,0x5b,0x8e,0xbc,0x8e,0x1b,0x85,0xfb,0x8d,0x7a,0x18,0x07,0xa6,0x23,0x0f,
    0x02,0x00,0x33,0x11,0x5a,0x88,0x15,0x06,0xbc,0x04,0x02,0xfc,0x01,0x55,0x5b,0x8e,
    0x1b,0x8e,0xba,0x4c,0x0e,0x0a,0xbc,0x04,0x6b,0x3a,0x84,0xdb,0x84,0x9d,0xbe,0xa1,
    0x01,0x0f,0x02,0x00,0xa8,0x06,0x48,0x01,0x0f,0x5e,0x02,0xd1,0x02,0x40,0x10,0x11,
    0x7c,0xbe,0x0b,0x3f,0xdb,0x85,0xfb,0x06,0x4b,0x06,0x0f,0x02,0x00,0x35,0x57,0xda,
    0x84,0x5b,0x85,0xdb,0x7e,0x27,0x01,0x9c,0x28,0x67,0x85,0xba,0x84,0x3b,0x85,0xba,
    0x78,0x09,0x02,0xac,0x09,0x02,0x3c,0x1a,0x5f,0xdb,0x84,0x7b,0x85,0x9d,0xa6,0xff,
    0xb0,0x0c,0x8c,0x1f,0x02,0x78,0x0f,0x02,0xe6,0x00,0x0f,0x02,0x00,0x7f,0x0f,0xbc,
    0x04,0x05,0x0f,0xaa,0x00,0x01,0x09,0x7a,0x09,0x05,0x78,0x09,0x11,0x5a,0xaa,0x81,
    0x11,0xdb,0x1c,0x65,0x71,0x7a,0x84,0x9b,0x85,0x3b,0x8e,0xba,0x0c,0x00,0x0f,0x42,
    0x00,0x01,0x0f,0x02,0x00,0x49,0x02,0xac,0x4e,0x31,0x9b,0x85,0x9b,0x84,0xa1,0x46,
    0x1b,0x8e,0x5b,0x8e,0xfa,0x17,0x04,0x18,0x80,0x2f,0xdc,0x9d,0x80,0x09,0x01,0x0f,
    0x02,0x00,0x9b,0x0f,0x44,0x01,0x49,0x0f,0x02,0x00,0x35,0x02,0x1e,0x17,0x04,0x2a,
    0xef,0x0e,0xee,0x12,0x0f,0x68,0x00,0x01,0x0f,0x5e,0x02,0x05,0x33,0xda,0x84,0x3b,
    0x5e,0x02,0x62,0xdb,0x85,0x9b,0x85,0x7b,0x8e,0xc2,0x0d,0x0f,0x42,0x00,0x01,0x0f,
    0x02,0x00,0x49,0x02,0x5e,0x02,0x06,0x04,0x1f,0x33,0x1a,0x7c,0x7a,0xe8,0x36,0x22,
    0xdc,0x8e,0x4e,0x07,0x01,0x10,0x39,0x3f,0x85,0x1d,0xc7,0x4e,0x02,0x9b,0x07,0x02,
    0x00,0x1f,0xf7,0x40,0x01,0x49,0x0f,0x02,0x00,0x39,0x11,0x5a,0xbe,0x18,0x02,0xba,
    0x04,0x0f,0x5e,0x02,0x2d,0x11,0x5a,0x8e,0x06,0x28,0x7b,0x85,0x66,0x4a,0x0f,0x02,
    0x00,0x5f,0x0f,0x5e,0x02,0x09,0x16,0x3a,0x44,0x47,0x8f,0x85,0x1b,0x8e,0x7c,0x8e,
    0x9e,0xd7,0xff,0x44,0x0e,0x00,0x0f,0x02,0x00,0x87,0x6f,0xdf,0xf7,0x3e,0xd7,0xbc,
    0xa6,0x6e,0x13,0x03,0x0f,0x02,0x00,0x81,0x02,0xbc,0x04,0x0f,0x5e,0x02,0x35,0x4a,
    0xba,0x84,0x5b,0x8e,0xc0,0x6b,0x0f,0x02,0x00,0x5f,0x04,0xde,0x3d,0x04,0x1c,0x13,
    0x08,0xbc,0x04,0x0c,0x5e,0x02,0x4f,0xdc,0x8e,0x1c,0x8f,0x4c,0x02,0x7d,0x26,0xbf,
    0xf7,0x24,0x7b,0x0a,0x02,0x00,0x33,0x1e,0xe7,0xbb,0x52,0x1b,0x0f,0x56,0x01,0x5f,
    0x0f,0x02,0x00,0x23,0x02,0x60,0x16,0x0f,0x5e,0x02,0x05,0x0f,0x54,0x00,0x05,0x07,
    0x1c,0x07,0x07,0x78,0x09,0x62,0x5a,0x84,0xda,0x84,0x1b,0x8e,0x32,0x31,0x0f,0x3a,
    0x00,0x05,0x0f,0x02,0x00,0x51,0x12,0xdb,0x9a,0x23,0x05,0x48,0x32,0x06,0x78,0x09,
    0x0f,0x5e,0x02,0x01,0x04,0x92,0x00,0x64,0x9a,0x84,0x3b,0x85,0xdb,0x8d,0x3c,0x13,
    0x0f,0x02,0x00,0x65,0x3f,0x7a,0x84,0x1b,0xfc,0x05,0x0a,0x0f,0xfc,0x3d,0x43,0x0f,
    0x02,0x00,0x49,0x04,0x5c,0x02,0x0e,0x1a,0x07,0x0f,0x76,0x00,0x05,0x0f,0x5e,0x02,
    0x05,0x2f,0xdb,0x84,0x32,0x00,0x05,0x0f,0x02,0x00,0x6b,0x01,0x22,0x1a,0x52,0x85,
    0xfb,0x84,0x3b,0x85,0x54,0x39,0x04,0xf0,0xd7,0x15,0xdc,0x1c,0x1d,0x22,0x3a,0x7c,
    0x5e,0x02,0x0f,0x8c,0x1f,0x03,0x0f,0x02,0x00,0x39,0x0e,0x88,0x18,0x08,0x02,0x00,
    0x01,0x9c,0x2b,0x25,0x8d,0x9c,0x98,0x00,0x0f,0x02,0x00,0xaf,0x0f,0x5e,0x02,0x37,
    0x1f,0xba,0x5e,0x02,0x84,0x22,0x00,0x00,0x7e,0x28,0x11,0x5b,0xb0,0x10,0x06,0x5e,
    0x02,0x06,0xac,0x10,0x0f,0x5e,0x02,0x13,0x01,0x82,0x02,0x0f,0xa8,0x25,0x0c,0x2f,
    0x1b,0x85,0xd4,0x4b,0x09,0x04,0xa2,0x1f,0x06,0x7a,0x00,0x0a,0x02,0x00,0x04,0xbc,
    0x04,0x0f,0xda,0x03,0x07,0x0f,0x02,0x00,0x83,0x02,0x12,0x11,0x0f,0xd6,0x00,0x01,
    0x0f,0x5e,0x02,0x37,0x08,0x52,0x15,0x0f,0x02,0x00,0x7b,0x04,0x5e,0x02,0x42,0xdb,
    0x8d,0x9b,0x85,0x68,0xe1,0x02,0x3e,0x21,0x13,0x7b,0xfe,0x8d,0x0f,0x5e,0x02,0x11,
    0x02,0x9c,0x21,0x0f,0xe0,0x04,0x0b,0x04,0xd2,0x15,0x0f,0x1c,0x09,0x05,0x04,0x5e,
    0x02,0x0f,0x20,0x00,0x05,0x01,0x5e,0x02,0x07,0xc2,0x13,0x0f,0x02,0x00,0x95,0x0f,
    0xfa,0x42,0x05,0x06,0x5c,0x02,0x0c,0x1a,0x07,0x0f,0xda,0x00,0x09,0x05,0x1c,0x07,
    0x09,0x78,0x09,0x0f,0x60,0x02,0x87,0x06,0x5e,0x02,0x82,0x5b,0x8e,0xbc,0x8e,0xbc,
    0x8e,0xbb,0x85,0xbc,0x1c,0x04,0x84,0x2d,0x02,0x98,0x04,0x31,0x7b,0x85,0xbb,0x4e,
    0x0e,0x0f,0x38,0x0a,0x03,0x0f,0x5e,0x02,0x11,0x02,0x8a,0x1c,0x0c,0xaa,0x3b,0x06,
    0x02,0x00,0x0f,0x5e,0x02,0x0d,0x0f,0x02,0x00,0xa5,0x1f,0x5a,0x58,0x45,0x04,0x0f,
    0x5e,0x02,0xe1,0x22,0x1c,0x8f,0x2c,0x02,0x04,0x5e,0x02,0x11,0xfc,0xba,0x28,0x02,
    0xc2,0xa5,0x02,0xd6,0x04,0x0f,0xe4,0x05,0x01,0x0f,0x5e,0x02,0x39,0x0f,0x66,0x16,
    0x5f,0x0f,0x02,0x00,0x4b,0x02,0xd0,0x4e,0x0e,0x36,0x01,0x0f,0x5e,0x02,0xd3,0x02,
    0xb4,0x06,0x04,0xbc,0x04,0x02,0xb2,0x1e,0x08,0x5e,0x02,0x02,0x12,0x34,0x04,0x34,
    0x07,0x08,0xe6,0x3f,0x08,0x02,0x00,0x0f,0x78,0x09,0x0f,0x0f,0x1a,0x07,0x0d,0x0f,
    0x02,0x00,0xdb,0x08,0x5c,0x02,0x0a,0x1a,0x07,0x0f,0x08,0x01,0x0d,0x03,0x1c,0x07,
    0x0d,0x1a,0x07,0x0f,0x7c,0x09,0x85,0x02,0x0a,0x85,0x24,0xdb,0x8d,0xf6,0x06,0x0a,
    0x5e,0x02,0x02,0x70,0x28,0x0f,0x5e,0x02,0x0d,0x0f,0x02,0x00,0x11,0x01,0xec,0x1c,
    0x05,0x0e,0x11,0x0f,0x02,0x00,0xeb,0x0f,0x5e,0x02,0xd7,0x0e,0x02,0x00,0x08,0xbc,
    0x04,0x0f,0x5e,0x02,0x37,0x0f,0x02,0x00,0xcb,0x11,0x9a,0xdc,0x19,0x0f,0x94,0x0c,
    0x05,0x0c,0x02,0x00,0x0f,0x5e,0x02,0xe9,0x13,0x9a,0x78,0x09,0x4f,0x7b,0x8e,0x7b,
    0x85,0x5e,0x02,0xff,0x14,0x22,0x1a,0x7c,0xdc,0x19,0x0f,0x5e,0x02,0x13,0x0a,0x5c,
    0x02,0x08,0x1a,0x07,0x0c,0x86,0x02,0x0f,0x02,0x00,0x01,0x01,0x1c,0x07,0x0f,0x1a,
    0x07,0x00,0x0f,0x1c,0x07,0x85,0x0f,0x02,0x00,0x03,0x02,0x00,0x13,0x06,0x64,0xa3,
    0x02,0x82,0x1c,0x0c,0x3c,0x4e,0x0f,0x02,0x00,0xf3,0x0f,0x5e,0x02,0xff,0x1e,0x04,
    0xbc,0x17,0x11,0x1b,0x68,0x39,0x0f,0x5e,0x02,0x03,0x04,0xe4,0x04,0x04,0x32,0x30,
    0x0f,0x02,0x00,0xe9,0x02,0x2e,0x3f,0x02,0x18,0x0d,0x0f,0x02,0x00,0x0d,0x0f,0xbc,
    0x04,0x45,0x0f,0xbe,0x04,0x97,0x04,0x5e,0x02,0x33,0xfb,0x8d,0xdb,0x10,0xbb,0x04,
    0xbc,0x04,0x06,0x3c,0x01,0x13,0x5a,0x42,0x07,0x02,0xba,0x10,0x0f,0x02,0x00,0xff,
    0x16,0x0c,0x5c,0x02,0x06,0x1a,0x07,0x0f,0x42,0x01,0x15,0x0f,0xec,0xfa,0x3f,0x0f,
    0x02,0x00,0x5d,0x06,0x5e,0x02,0x53,0x5b,0x8e,0xdb,0x85,0x7b,0xbc,0x04,0x08,0x3a,
    0x2f,0x26,0x1a,0x7c,0x5e,0x02,0x0f,0x1a,0x01,0x17,0x0f,0x02,0x00,0xa9,0x02,0xf2,
    0x15,0x0f,0x70,0x18,0x07,0x0f,0x02,0x00,0x13,0x0f,0x5e,0x02,0x30,0x01,0x76,0x09,
    0x13,0x3a,0xa6,0x17,0x08,0x02,0x00,0x0f,0x82,0x00,0x13,0x0f,0x02,0x00,0x6f,0x08,
    0x5e,0x02,0x02,0x66,0x15,0x02,0xa0,0x42,0x15,0x5b,0x70,0x61,0x0f,0x5e,0x02,0xe7,
    0x0f,0x48,0x26,0x29,0x0e,0x5c,0x02,0x0f,0xbc,0x04,0x1f,0x04,0x60,0x02,0x08,0x58,
    0x02,0x04,0x02,0x00,0x02,0xa8,0x01,0x0f,0x02,0x00,0x8d,0x0a,0x5e,0x02,0x02,0x50,
    0x01,0x02,0x9c,0xa1,0x06,0x78,0x15,0x08,0xba,0x10,0x0f,0xd0,0x00,0x8d,0x0f,0x02,
    0x00,0x31,0x04,0xbc,0x04,0x0f,0xee,0x00,0x29,0x0f,0x5e,0x02,0x07,0x0f,0xa2,0x00,
    0x19,0x02,0xbe,0x04,0x04,0x52,0x02,0x08,0x02,0x00,0x0f,0x46,0x00,0x19,0x0f,0x02,
    0x00,0x67,0x13,0x7a,0x4e,0x74,0x06,0x76,0x4e,0x02,0x66,0x15,0x02,0x5e,0x02,0x02,
    0x7a,0x0f,0x11,0xda,0x68,0xa6,0x4f,0x9b,0x85,0xfb,0x8d,0x82,0x1c,0x05,0x02,0x02,
    0x00,0x02,0x96,0x85,0x04,0xae,0x15,0x0f,0x02,0x00,0x8d,0x1f,0x3b,0xa4,0x3d,0x08,
    0x11,0xda,0x8a,0x5a,0x02,0xfe,0x00,0x0f,0x02,0x00,0x21,0x0f,0x5c,0x02,0x01,0x04,
    0xbc,0x04,0x0f,0x50,0x00,0x19,0x0f,0x5e,0x02,0x07,0x0f,0x60,0x02,0x95,0x02,0xb8,
    0xb1,0x06,0x78,0x68,0x0a,0x5e,0x02,0x53,0x1c,0x8f,0x7a,0x84,0xba,0x5e,0x02,0x2f,
    0xdb,0x8d,0x82,0x1c,0x05,0x01,0xc6,0x05,0x01,0x22,0x26,0x02,0xae,0x3b,0x02,0x12,
    0x00,0x0f,0x02,0x00,0x89,0x02,0x6e,0x1f,0x0f,0xb4,0x40,0x05,0x0f,0x02,0x00,0x2d,
    0x0f,0x5e,0x02,0x07,0x0f,0x5a,0x00,0x1d,0x0f,0x78,0x09,0x03,0x0f,0x5e,0x02,0x99,
    0x0a,0x02,0x00,0x0a,0x5e,0x02,0x11,0xbb,0xbe,0x4e,0x22,0xfb,0x84,0xaa,0xa8,0x0f,
    0x82,0x1c,0x07,0x04,0xc4,0x23,0x0f,0x5e,0x02,0x9b,0x0f,0x2c,0x29,0x43,0x0f,0x5c,
    0x02,0x03,0x02,0xbc,0x04,0x0a,0x6c,0x01,0x0f,0x02,0x00,0x0f,0x0f,0x5e,0x02,0x07,
    0x0f,0xbe,0x04,0x97,0x0a,0x02,0x00,0x06,0x78,0x09,0x02,0x92,0x42,0x0f,0x5e,0x02,
    0x3b,0x01,0x3a,0x35,0x0f,0xc2,0x25,0x50,0x02,0x30,0x54,0x08,0xfe,0x0e,0x08,0x02,
    0x00,0x02,0xbc,0x04,0x0f,0x5e,0x02,0x8f,0x2f,0x00,0x00,0x78,0x09,0x03,0x0f,0x5e,
    0x02,0xa7,0x02,0x3e,0x15,0x02,0xd6,0x0b,0x02,0xd6,0xbd,0x0f,0xbc,0x04,0x37,0x03,
    0xa6,0x28,0x05,0xfc,0x42,0x0f,0x02,0x00,0x45,0x11,0x1a,0xa8,0x07,0x0f,0x12,0x43,
    0x07,0x02,0xcc,0x21,0x0f,0x7c,0x02,0x05,0x0f,0x02,0x00,0x2b,0x0f,0xbc,0x04,0x07,
    0x0f,0x58,0x00,0x21,0x0f,0x5e,0x02,0x07,0x0f,0xbe,0x04,0xa5,0x02,0x6e,0x95,0x5f,
    0x5b,0x85,0xbb,0x85,0x7a,0xbc,0x04,0x16,0x04,0xd6,0x0b,0x0f,0xde,0x4b,0x03,0x04,
    0x02,0x00,0x04,0x5e,0x02,0x0f,0x36,0x04,0x0b,0x02,0x82,0x39,0x0f,0x58,0x0b,0x09,
    0x11,0x7a,0x14,0x4d,0x0f,0x36,0x17,0x07,0x0f,0x5e,0x02,0x0d,0x0f,0x02,0x00,0x47,
    0x0f,0x5c,0x02,0x05,0x1f,0xfc,0x2c,0x30,0x26,0x02,0xaa,0x04,0x0f,0x02,0x00,0x01,
    0x0f,0xc6,0x00,0x47,0x0f,0x02,0x00,0x4b,0x02,0xb0,0x23,0x3f,0xbb,0x85,0x9a,0x5e,
    0x02,0x18,0x0f,0x02,0x00,0x11,0x0f,0x5e,0x02,0x11,0x04,0x24,0x37,0x0f,0x14,0x10,
    0x09,0x31,0x5a,0x7c,0xdb,0xf0,0x3e,0x0f,0x42,0x0c,0x05,0x0f,0x5e,0x02,0x81,0x0f,
    0x20,0x01,0x11,0x0f,0x02,0x00,0x01,0x0f,0x58,0x02,0x01,0x02,0x02,0x00,0x5f,0xba,
    0x84,0xfb,0x84,0xfb,0x9a,0x7d,0x20,0x0f,0x02,0x00,0x6b,0x24,0x5a,0x84,0x5e,0x02,
    0x1f,0x3b,0xd6,0x0b,0x16,0x0f,0x02,0x00,0x13,0x06,0x5e,0x02,0x0f,0x18,0x02,0x05,
    0x0f,0x5e,0x02,0x13,0x1f,0x3a,0x5e,0x02,0x0c,0x02,0x2c,0x23,0x0f,0xc8,0x4a,0x1d,
    0x0f,0x02,0x00,0x2f,0x0f,0xba,0x04,0x07,0x0f,0x5e,0x02,0x41,0x71,0x7a,0x84,0xdb,
    0x84,0xfb,0x84,0xba,0x82,0x5e,0x0f,0xbc,0x00,0x2f,0x0f,0x02,0x00,0x55,0x15,0x3a,
    0x5e,0x02,0x02,0x84,0x4e,0x0f,0x78,0x09,0x11,0x0f,0x02,0x00,0x15,0x1f,0xba,0xd6,
    0x0b,0x10,0x04,0x1a,0x07,0x0f,0x92,0x01,0x07,0x02,0xbe,0x53,0x0f,0xbc,0x04,0x07,
    0x0f,0x02,0x00,0x63,0x15,0xdc,0x34,0x42,0x0e,0x02,0x00,0x0f,0x92,0x00,0x29,0x02,
    0xaa,0x04,0x0e,0x02,0x00,0x31,0x7a,0x84,0x7a,0xbe,0x04,0x02,0xac,0x5b,0x0a,0xf2,
    0xac,0x0f,0x02,0x00,0x87,0x06,0x5e,0x02,0x44,0x1b,0x8e,0x1b,0x8e,0x4e,0x15,0x04,
    0x92,0x10,0x08,0xb8,0x00,0x04,0x00,0x64,0x08,0x14,0x00,0x0f,0x02,0x00,0x2f,0x02,
    0xe0,0x3b,0x0f,0x56,0x00,0x0b,0x02,0x1a,0x07,0x0f,0x6c,0x00,0x2f,0x0f,0x02,0x00,
    0x39,0x0f,0x5e,0x02,0x63,0x11,0xdb,0x66,0x20,0x4f,0x1a,0x7c,0x7b,0x85,0xf2,0x38,
    0x87,0x08,0x02,0x00,0x08,0x5e,0x02,0x64,0x7c,0x8e,0x9c,0x8e,0x5b,0x85,0xf0,0x12,
    0x0a,0xf2,0x01,0x02,0x24,0x1a,0x1f,0xfb,0xc2,0x3d,0x6e,0x0f,0x02,0x00,0x73,0x2f,
    0xdc,0x8e,0x5e,0x02,0x07,0x0f,0xa2,0x00,0x2d,0x0e,0xb8,0x04,0x04,0xbc,0x04,0xef,
    0x7a,0x84,0x7a,0x84,0x1b,0x85,0x1a,0x7c,0xfb,0x84,0xfb,0x8d,0xba,0x84,0xc0,0x04,
    0x91,0x06,0x78,0x09,0x0a,0x5e,0x4e,0x0a,0x02,0x00,0x02,0x78,0x15,0x0f,0x5e,0x02,
    0xff,0x70,0x11,0xdb,0x5e,0x02,0x6f,0xbb,0x85,0x9a,0x84,0xfb,0x84,0xa8,0x9e,0x73,
    0x0f,0x02,0x00,0x0b,0x0a,0x5e,0x02,0x04,0x0c,0x07,0x06,0x92,0x1c,0x02,0x30,0x36,
    0x08,0x5e,0x02,0x0f,0x9e,0x03,0x2f,0x0f,0x02,0x00,0xad,0x02,0xba,0x04,0x0f,0x78,
    0x09,0x03,0x0f,0xdc,0x00,0x31,0x02,0xae,0x04,0x0a,0x02,0x00,0x02,0xba,0x04,0xd1,
    0x9a,0x84,0xfb,0x84,0x1a,0x7c,0x1b,0x85,0xfb,0x84,0x3a,0x84,0x1b,0xc2,0x65,0x0f,
    0x70,0x00,0x31,0x0f,0x02,0x00,0x49,0x02,0xca,0x0b,0x26,0xbb,0x85,0x0c,0x07,0x02,
    0x4e,0x85,0x02,0x5e,0x02,0x02,0x70,0x02,0x08,0x5e,0x02,0x0f,0x02,0x0e,0x07,0x0f,
    0x02,0x00,0xd5,0x0f,0x5e,0x02,0x67,0xfa,0x01,0x7a,0x84,0xba,0x84,0x5a,0x84,0x5b,
    0x8e,0x1b,0x85,0x3a,0x84,0x1b,0x8e,0x5b,0x85,0xb6,0xb8,0x0f,0x02,0x00,0x93,0x02,
    0x1c,0x6b,0x02,0x5e,0x02,0x04,0xde,0x44,0x0f,0x78,0x09,0xf7,0x04,0x5c,0x02,0x0f,
    0xbc,0x04,0x01,0x0f,0xe0,0x01,0x35,0x0a,0xb8,0x04,0x08,0x78,0x09,0xd1,0x7a,0x84,
    0x1b,0x85,0x00,0x00,0x1b,0x85,0x7a,0x84,0x7b,0x8e,0x3b,0x5e,0x02,0x0f,0x40,0x8e,
    0x2b,0x0f,0x02,0x00,0x5f,0x0f,0x5e,0x02,0x01,0x02,0x34,0x0e,0x06,0x24,0x39,0x0f,
    0x02,0x00,0xe7,0x0f,0x5e,0x02,0x51,0x0e,0x60,0x02,0x02,0x1a,0x07,0x91,0x7a,0x84,
    0x7a,0x84,0x9a,0x84,0x1a,0x7c,0xbb,0x34,0x0e,0x6f,0x3b,0x85,0x1a,0x7c,0x9b,0x85,
    0x5e,0x02,0xb3,0x0f,0x02,0x00,0xf3,0x06,0x5c,0x02,0x0e,0xbc,0x04,0x0f,0x22,0x01,
    0x39,0x02,0xb2,0x04,0x06,0x02,0x00,0x02,0x5a,0x02,0x02,0x02,0x00,0x82,0xba,0x84,
    0x00,0x00,0xba,0x84,0x1a,0x7c,0x52,0x82,0x0f,0x5e,0x02,0x9d,0x08,0x78,0x09,0x0f,
    0x66,0x09,0xef,0x08,0x02,0x00,0x08,0x5c,0x02,0x0f,0x5e,0x02,0x4b,0x0c,0x60,0x02,
    0x02,0x58,0x02,0x04,0x02,0x00,0x13,0x5a,0x32,0xc4,0x02,0x46,0x4e,0x0f,0xae,0xc4,
    0x01,0x0f,0x02,0x00,0x89,0x0c,0x34,0x0e,0x0f,0x02,0x00,0x19,0x5b,0x9a,0x84,0x1b,
    0x85,0x9b,0x10,0x32,0x0f,0x02,0x00,0xb5,0x0f,0x5e,0x02,0x09,0x0f,0xe4,0x00,0x3d,
    0x06,0xb8,0x04,0x0a,0x78,0x09,0x02,0x02,0x00,0x06,0x30,0x0e,0x02,0x20,0x07,0x0f,
    0x7e,0x00,0x3d,0x0f,0x02,0x00,0x4d,0x1f,0x9b,0x30,0x2c,0x08,0x0f,0x02,0x00,0x07,
    0x02,0x9c,0x4e,0x11,0x9b,0xce,0x49,0x0f,0x72,0x01,0x3f,0x0f,0x02,0x00,0x6b,0x0a,
    0x5c,0x02,0x0c,0xbc,0x04,0x0f,0x9c,0x00,0x3f,0x02,0x58,0x02,0x02,0x02,0x00,0x02,
    0x54,0x02,0x06,0x02,0x00,0x22,0x3b,0x85,0x44,0x95,0x03,0x96,0x46,0x01,0x98,0xd2,
    0x0f,0x02,0x00,0x97,0x11,0xda,0xf2,0x12,0x08,0xa8,0x10,0x0f,0x02,0x00,0x13,0x0f,
    0x5e,0x02,0xc7,0x0c,0x5c,0x02,0x0a,0x5e,0x02,0x0f,0x1e,0x01,0x13,0x0f,0x02,0x00,
    0x1b,0x02,0x58,0x02,0x02,0x02,0x00,0x06,0x58,0x02,0x04,0x02,0x00,0x02,0x60,0xc9,
    0x2c,0xba,0x84,0x4e,0xc9,0x0f,0x02,0x00,0x8f,0x04,0xe2,0x31,0x02,0xc2,0x17,0x02,
    0xf4,0x12,0x0f,0x02,0x00,0x13,0x0f,0x5e,0x02,0xe3,0x0f,0x1c,0x01,0x13,0x0f,0x02,
    0x00,0x1f,0x02,0x5a,0x02,0x0f,0x1a,0x07,0x01,0x26,0x7a,0x84,0x64,0xa3,0x17,0xfb,
    0x28,0x07,0x0f,0x02,0x00,0x8f,0x02,0xa6,0x2a,0x02,0x2c,0xf4,0x0f,0x60,0x2f,0x09,
    0x0f,0x02,0x00,0x01,0x0f,0x5e,0x02,0xc5,0x0e,0xba,0x04,0x08,0xbc,0x04,0x0f,0x0a,
    0x01,0x01,0x0f,0x02,0x00,0x33,0x02,0x5c,0x02,0x0f,0xbc,0x04,0x01,0x21,0x7a,0x84,
    0x86,0x14,0x1f,0x8d,0x5a,0x02,0x99,0x01,0xe0,0x2d,0x1c,0x7c,0xbc,0x04,0x0f,0xca,
    0x2b,0x19,0x04,0xd6,0x0b,0x0f,0x8c,0x42,0xb9,0x0f,0x5c,0x02,0x01,0x06,0x5e,0x02,
    0x02,0x36,0x01,0x0f,0x02,0x00,0x43,0x0f,0x5e,0x02,0x09,0x11,0x9a,0x1a,0x5a,0x21,
    0x3b,0x85,0x40,0x5b,0x0f,0x48,0x4d,0x96,0x0e,0xbc,0x04,0x0f,0x5e,0x02,0x19,0x0f,
    0x02,0x00,0x17,0x26,0x1b,0x85,0xec,0x8c,0x0f,0x02,0x00,0x8b,0x0f,0x5e,0x02,0x67,
    0x04,0x60,0x02,0x02,0x0c,0x07,0x0e,0x02,0x00,0x02,0x5e,0x02,0x0f,0x02,0x00,0x99,
    0x0f,0x5e,0x02,0x53,0x15,0x7a,0xf8,0x93,0x0f,0x54,0x13,0x8d,0x0f,0x5c,0x02,0x03,
    0x04,0xbc,0x04,0x0f,0xda,0x01,0x4f,0x0f,0x1a,0x07,0x05,0x04,0x18,0x1a,0x2f,0x1a,
    0x7c,0x20,0x07,0x99,0x0e,0x5e,0x02,0x0f,0x44,0x01,0x41,0x15,0x5a,0x5e,0x02,0x0f,
    0x5e,0x00,0x41,0x0f,0x02,0x00,0x37,0x0f,0x5c,0x02,0x05,0x02,0x5e,0x02,0x0f,0x68,
    0x00,0x37,0x0f,0x02,0x00,0x07,0x0f,0x5e,0x02,0x09,0x6f,0x9a,0x84,0x00,0x00,0x1a,
    0x7c,0x34,0xc2,0x71,0x0f,0x02,0x00,0x17,0x0c,0x78,0x09,0x0f,0x3a,0x00,0x09,0x3f,
    0xfb,0x84,0x5b,0x72,0xa6,0x04,0x0f,0x02,0x00,0x0b,0x0f,0x5e,0x02,0x93,0x31,0xbc,
    0x8e,0xbc,0x2a,0x28,0x0f,0x02,0x00,0x01,0x0f,0x42,0x2f,0x29,0x0f,0x02,0x00,0x1b,
    0x0f,0x1a,0x07,0x07,0x6f,0x9a,0x84,0x9a,0x84,0x9c,0x8e,0x20,0x07,0x9b,0x26,0x9a,
    0x84,0xf0,0x12,0x08,0x7c,0x9c,0x02,0x0e,0xeb,0x08,0x86,0x2c,0x02,0x84,0x87,0x11,
    0xdb,0xfc,0xa8,0x0f,0x32,0x01,0x1d,0x02,0x8e,0x8a,0x0f,0xbc,0x04,0x8b,0x0f,0x5e,
    0x02,0x0b,0x0f,0xf2,0x00,0x1b,0x0f,0x02,0x00,0x29,0x02,0x08,0x07,0x0e,0x02,0x00,
    0x51,0x9a,0x84,0x9a,0x84,0xba,0x36,0xe8,0x0f,0x5e,0x00,0x29,0x0f,0x02,0x00,0x5f,
    0x02,0x32,0x61,0x06,0xc6,0x75,0x11,0x7a,0x54,0x4e,0x11,0x9b,0x5c,0x93,0x02,0x54,
    0x28,0x02,0xf8,0x25,0x13,0xdb,0xbc,0x04,0x0f,0x40,0x07,0x1d,0x0f,0x78,0x09,0x15,
    0x02,0xd2,0x3b,0x0f,0x84,0x0e,0x63,0x2f,0xbc,0x8e,0x5e,0x02,0x09,0x0f,0x94,0x01,
    0x59,0x0e,0x58,0x02,0x02,0x02,0x00,0x31,0x9a,0x84,0x9a,0xc4,0x5b,0x04,0x74,0x1c,
    0x0f,0x02,0x00,0xa5,0x08,0x5e,0x02,0x04,0x4a,0x02,0x0a,0x5e,0x02,0x0f,0x5a,0x0e,
    0x1d,0x0f,0x34,0x0e,0x13,0x04,0xb2,0x4e,0x0f,0x60,0x00,0x1f,0x0f,0x02,0x00,0x2d,
    0x02,0x5c,0x02,0x0f,0x1a,0x07,0x07,0x0f,0x60,0x00,0x2d,0x0f,0x02,0x00,0x1b,0x02,
    0x4e,0x02,0x0c,0x02,0x00,0x02,0x5e,0x02,0x11,0x9a,0x36,0x21,0x0f,0x70,0x3e,0x43,
    0x0f,0x02,0x00,0x51,0x11,0x3a,0x48,0x02,0x04,0xbc,0x04,0x0f,0x5e,0x02,0x33,0x0f,
    0x02,0x00,0x13,0x0f,0x5e,0x02,0x17,0x0c,0x12,0x9b,0x0f,0x02,0x00,0x2b,0x04,0x5c,
    0x02,0x0f,0x5e,0x02,0x05,0x0f,0x5e,0x00,0x2b,0x0f,0x02,0x00,0x21,0x0c,0x5a,0x02,
    0x02,0xee,0x25,0x04,0x02,0x00,0x0f,0x52,0x00,0x21,0x0f,0x02,0x00,0x75,0x0c,0x5e,
    0x02,0x02,0xa8,0x04,0x0a,0xbc,0x04,0x0f,0x88,0x08,0x43,0x0f,0x5e,0x02,0x13,0x02,
    0x66,0x7e,0x0f,0x38,0x66,0x0f,0x0f,0x62,0x13,0x0d,0x04,0x02,0x37,0x06,0x5c,0x02,
    0x0f,0x5e,0x02,0x03,0x0f,0x98,0x01,0x61,0x02,0x50,0x02,0x0a,0x02,0x00,0x04,0x5c,
    0x02,0x02,0xc0,0x04,0x0f,0x02,0x00,0xa5,0x0f,0x5e,0x02,0x03,0x04,0x68,0xd8,0x1b,
    0xdb,0x9e,0x87,0x0f,0x02,0x00,0x39,0x02,0x74,0x2d,0x0f,0x38,0x02,0x0d,0x04,0x5e,
    0x02,0x04,0xf8,0x02,0x0f,0x02,0x00,0x01,0x02,0xd6,0x85,0x17,0xfb,0xd4,0xc4,0x0e,
    0x02,0x00,0x11,0x5a,0x5a,0x7c,0x11,0x7c,0x70,0x09,0x04,0x02,0x00,0x0e,0x30,0x0e,
    0x0e,0x38,0x00,0x0f,0x02,0x00,0x53,0x0a,0x5a,0x02,0x0a,0xbc,0x04,0x0f,0x60,0x02,
    0xa9,0x0c,0x5e,0x02,0x08,0xa8,0x04,0x0f,0x80,0x8d,0x4d,0x02,0x46,0x74,0x0f,0x5a,
    0x1a,0x0b,0x11,0x3a,0x8e,0x96,0x0f,0x5e,0x02,0x0d,0x02,0xe2,0x87,0x0f,0x1c,0x24,
    0x09,0x02,0x5e,0x02,0x15,0x9c,0x5a,0x02,0x0f,0xbc,0x04,0x03,0x0f,0x4c,0x02,0x53,
    0x0f,0x02,0x00,0x01,0x02,0x54,0x02,0x06,0x02,0x00,0x02,0x56,0x02,0x06,0x02,0x00,
    0x0f,0x34,0x00,0x01,0x0f,0x02,0x00,0x91,0x0a,0xd6,0x0b,0x0f,0xb2,0x00,0x7d,0x0f,
    0xbc,0x04,0x13,0x0f,0x5e,0x02,0x0f,0x11,0x7a,0xb6,0xd1,0x02,0x56,0x02,0x04,0x02,
    0x00,0x0c,0xbc,0x04,0x0f,0xfc,0x00,0x6b,0x06,0x5a,0x02,0x0e,0xbc,0x04,0x0f,0xc0,
    0x04,0xa9,0x15,0xfb,0xd6,0x0b,0x0f,0x60,0x01,0x6b,0x0f,0x02,0x00,0x01,0x13,0x7a,
    0xbc,0x04,0x04,0x2c,0x11,0x0f,0x02,0x00,0x01,0x06,0x1a,0x07,0x08,0x7a,0x05,0x0a,
    0x02,0x00,0x39,0x9a,0x84,0x3b,0xb8,0x04,0x0e,0xbc,0x04,0x0a,0x30,0x00,0x0f,0x02,
    0x00,0x5f,0x02,0x56,0x02,0x04,0x02,0x00,0x02,0x52,0x02,0x0a,0x02,0x00,0x0f,0x94,
    0x00,0x5f,0x0f,0x02,0x00,0x33,0x02,0x06,0x40,0x0f,0x4c,0x00,0x33,0x0f,0x02,0x00,
    0x61,0x11,0xdb,0x5e,0x9b,0x0f,0x64,0x07,0x09,0x02,0x50,0x02,0x0a,0x02,0x00,0x08,
    0xbc,0x04,0x0f,0xb6,0x00,0x61,0x0c,0x02,0x00,0x04,0x5a,0x02,0x0f,0xbc,0x04,0x03,
    0x0f,0xc0,0x04,0xa3,0x02,0x56,0x3b,0x11,0x9b,0xde,0x5e,0x0f,0x5a,0x11,0xa7,0x0f,
    0x02,0x00,0x0b,0x0a,0x56,0x02,0x04,0x02,0x00,0x0f,0x5e,0x02,0x7d,0x08,0x60,0x02,
    0x02,0x4e,0x02,0x0e,0x02,0x00,0x0f,0xe8,0x00,0x0b,0x0f,0x02,0x00,0x7d,0x08,0x98,
    0x50,0x02,0x1a,0xb4,0x0f,0xa2,0x00,0x7d,0x0f,0x02,0x00,0x2f,0x04,0x4e,0x02,0x0c,
    0x02,0x00,0x06,0x5e,0x02,0x0f,0x64,0x00,0x2f,0x0f,0x02,0x00,0x35,0x02,0xba,0x04,
    0x0f,0x5e,0x02,0xb3,0x02,0xde,0x84,0x04,0x10,0x5a,0x31,0x3b,0x8e,0x7c,0xbe,0x4a,
    0x0f,0x2a,0x01,0x1d,0x13,0xba,0x2e,0x34,0x0f,0x9a,0x06,0x09,0x0f,0x02,0x00,0x67,
    0x0c,0x54,0x02,0x06,0x02,0x00,0x04,0x5e,0x02,0x0f,0x9c,0x00,0x67,0x0f,0x02,0x00,
    0x01,0x02,0x60,0x02,0x0e,0xb6,0x04,0x04,0x02,0x00,0x0f,0x34,0x00,0x01,0x0f,0x02,
    0x00,0x83,0x0f,0x5e,0x02,0x01,0x02,0x50,0x15,0x0f,0x02,0x00,0x17,0x02,0x26,0x39,
    0x02,0x2e,0x34,0x0f,0xaa,0x01,0x7d,0x0f,0x5c,0x02,0x09,0x04,0x5e,0x02,0x0f,0xea,
    0x00,0x17,0x0f,0x02,0x00,0x53,0x0f,0x5e,0x02,0x0d,0x0f,0xe2,0x4b,0x93,0x02,0x0c,
    0x2d,0x17,0x5a,0x2a,0x61,0x02,0xbc,0x04,0x0f,0x5e,0x02,0x1d,0x02,0x8e,0xc5,0x02,
    0x5e,0x02,0x0f,0xf8,0x04,0x1f,0x0f,0x02,0x00,0x4b,0x2a,0x9c,0x8e,0xe2,0x12,0x0a,
    0x02,0x00,0x1b,0xdc,0xd0,0xab,0x0f,0x02,0x00,0x75,0x0f,0x1a,0x07,0x09,0x31,0x9a,
    0x84,0xba,0x3c,0x21,0x0f,0x02,0x00,0x91,0x0f,0x5e,0x02,0xcb,0x2f,0x9c,0x8e,0x5e,
    0x02,0x0d,0x0f,0xa4,0x01,0x85,0x0f,0x1a,0x07,0x09,0x1f,0xba,0x60,0x02,0x96,0x0f,
    0x5e,0x02,0x01,0x0f,0x80,0x04,0x1d,0x0f,0xbc,0x04,0x85,0x02,0x5c,0x02,0x0f,0xbc,
    0x04,0x0b,0x0f,0x5e,0x02,0x85,0x24,0x00,0x00,0x66,0x09,0x0e,0x02,0x00,0x02,0x5e,
    0x02,0x0f,0xc2,0x04,0x93,0x0e,0x1a,0x07,0x0f,0x5e,0x02,0x1d,0x0f,0x78,0x09,0x83,
    0x04,0x5c,0x02,0x0f,0x5e,0x02,0x09,0x0f,0x5c,0x02,0x87,0x0f,0x60,0x02,0x09,0x02,
    0x5a,0x02,0x02,0x02,0x00,0x02,0x2a,0x00,0x0f,0x02,0x00,0x87,0x0f,0x92,0x10,0x31,
    0x1f,0xda,0x34,0x0e,0x7e,0x06,0x5c,0x02,0x0f,0x5e,0x02,0x07,0x0f,0x94,0x01,0x87,
    0x04,0x02,0x00,0x0e,0xb8,0x04,0x04,0x78,0x09,0x06,0x02,0x00,0x04,0x2c,0x00,0x0f,
    0x02,0x00,0x85,0x08,0x92,0x10,0x0f,0x4e,0x15,0xb3,0x08,0x5c,0x02,0x0f,0x5e,0x02,
    0x05,0x0f,0x8e,0x01,0x85,0x0a,0x02,0x00,0x02,0x50,0x02,0x0a,0x02,0x00,0x06,0x5a,
    0x02,0x02,0x02,0x00,0x0a,0x32,0x00,0x0f,0x02,0x00,0x93,0x01,0xbe,0x7d,0x16,0x8d,
    0x20,0x2d,0x06,0x02,0x00,0x1f,0x7b,0x34,0x1a,0x8c,0x0a,0x5c,0x02,0x0f,0x5e,0x02,
    0x03,0x06,0xce,0x00,0x0f,0x02,0x00,0x8d,0x0a,0x5a,0x02,0x0e,0xbc,0x04,0x0f,0x80,
    0x09,0x93,0x08,0x02,0x00,0x04,0xdc,0x31,0x02,0xa4,0x10,0x08,0x1a,0x00,0x02,0x28,
    0x40,0x06,0x68,0x74,0x0f,0x02,0x00,0x7f,0x0c,0x5c,0x02,0x0f,0x5e,0x02,0x01,0x0f,
    0xb6,0x00,0x7f,0x0f,0x02,0x00,0x09,0x02,0x54,0x02,0x06,0x02,0x00,0x02,0x52,0x02,
    0x0a,0x02,0x00,0x0f,0x40,0x00,0x09,0x0f,0x02,0x00,0x7d,0x13,0x7a,0x3a,0x34,0x02,
    0x16,0xeb,0x06,0x5a,0x0d,0x19,0x5a,0xc6,0x76,0x0f,0xfe,0x0b,0x1d,0x02,0x02,0x00,
    0x04,0xf4,0x76,0x02,0x0e,0x00,0x0f,0x02,0x00,0x3d,0x0e,0x5c,0x02,0x0e,0x5e,0x02,
    0x0f,0x74,0x00,0x3d,0x0f,0x02,0x00,0x4f,0x06,0x5a,0x02,0x0f,0xbc,0x04,0x03,0x0f,
    0xc0,0x04,0x99,0x2c,0x3a,0x7c,0x5e,0x02,0x04,0x60,0x15,0x0a,0x5e,0x02,0x04,0x16,
    0x00,0x0f,0x02,0x00,0x19,0x03,0x0c,0x32,0x0f,0xfc,0x04,0x42,0x0f,0x5a,0x02,0x01,
    0x0e,0x5e,0x02,0x0f,0xae,0x00,0x19,0x0f,0x02,0x00,0x77,0x02,0x58,0x02,0x02,0x02,
    0x00,0x02,0x4e,0x02,0x0e,0x02,0x00,0x11,0xda,0x7e,0x42,0x0f,0x02,0x00,0x8d,0x0f,
    0x5e,0x02,0x47,0x22,0x1a,0x7c,0x14,0xa7,0x1f,0xdb,0x5a,0x53,0x40,0x11,0x7c,0x3a,
    0x15,0x0f,0x02,0x00,0x01,0x08,0xa0,0x17,0x0f,0x7c,0x01,0x8d,0x0f,0x02,0x00,0x07,
    0x02,0x5a,0x02,0x0f,0xbc,0x04,0x07,0x3f,0xba,0x84,0xda,0x60,0x02,0x92,0x0f,0x5e,
    0x02,0x53,0x0f,0x58,0x07,0x23,0x0f,0x02,0x00,0x05,0x2f,0x7c,0x8e,0x5e,0x02,0x11,
    0x0f,0x3e,0x00,0x05,0x0f,0x02,0x00,0x93,0x02,0x5c,0x02,0x0f,0xbc,0x04,0x09,0x0f,
    0x60,0x02,0x91,0x0f,0x5e,0x02,0x15,0x0f,0x20,0x02,0x1f,0x0f,0xbc,0x04,0x45,0x2f,
    0x7c,0x8e,0x5e,0x02,0x11,0x0f,0x44,0x02,0x93,0x0f,0x02,0x00,0x09,0x02,0x60,0x02,
    0x0e,0x14,0x07,0x02,0x02,0x00,0x02,0x5e,0x02,0x0f,0x62,0x02,0x8d,0x0e,0x5e,0x02,
    0x04,0xf2,0x00,0x04,0x86,0x42,0x0f,0x34,0x0e,0x27,0x06,0x78,0x09,0x06,0x56,0x00,
    0x0f,0x02,0x00,0x2b,0x02,0x5a,0x02,0x0f,0x5e,0x02,0x0f,0x0f,0x66,0x00,0x2b,0x0f,
    0x02,0x00,0x75,0x0f,0xbc,0x04,0x0f,0x02,0x02,0x00,0x0f,0xb0,0x00,0x75,0x0f,0x02,
    0x00,0x01,0x0a,0x92,0x10,0x0a,0x9a,0x01,0x02,0xac,0x63,0x08,0x72,0x42,0x0f,0x02,
    0x00,0x1b,0x0f,0x7c,0x61,0x3b,0x02,0x58,0x02,0x02,0x02,0x00,0x0f,0x74,0x09,0x01,
    0x04,0xd6,0x0b,0x0f,0xa4,0x00,0x1b,0x0f,0x02,0x00,0x89,0x0f,0xbc,0x04,0x11,0x0f,
    0xc0,0x04,0x8d,0x0f,0x4e,0x15,0x09,0x0f,0x02,0x00,0x77,0x02,0x56,0x02,0x04,0x02,
    0x00,0x02,0x4c,0x02,0x0e,0x02,0x00,0x0f,0xb0,0x00,0x77,0x0f,0x02,0x00,0x33,0x02,
    0x08,0x07,0x0e,0x02,0x00,0x02,0x56,0x02,0x04,0x02,0x00,0x22,0xdb,0x84,0xf4,0x5e,
    0x0f,0x02,0x00,0xff,0x06,0x0f,0x1a,0x13,0x0b,0x31,0x7b,0x8e,0x7b,0x6e,0x09,0x06,
    0x02,0x00,0x0e,0x58,0x02,0x0f,0x5c,0x02,0xc1,0x02,0x02,0x00,0x0e,0x5c,0x02,0x0f,
    0x5e,0x02,0x01,0x0f,0x60,0x02,0xff,0x08,0x02,0xa8,0x49,0x0f,0x58,0xb2,0x05,0x2f,
    0x7b,0x8e,0x5e,0x02,0x13,0x02,0x8c,0x01,0x0f,0x02,0x00,0xc1,0x0e,0x60,0x02,0x04,
    0xb6,0x04,0x02,0x02,0x00,0x15,0xdb,0x02,0x00,0x0f,0xfe,0x00,0xc1,0x0f,0x02,0x00,
    0x2d,0x0f,0x5e,0x02,0x07,0x02,0x5a,0x02,0x0f,0x5e,0x02,0x11,0x0f,0x84,0x00,0x2d,
    0x0f,0x02,0x00,0x8b,0x0c,0x60,0x02,0x02,0x56,0x02,0x04,0x02,0x00,0x04,0x5c,0x02,
    0x0f,0xc2,0x04,0xff,0x04,0x06,0x5e,0x02,0x0a,0xfa,0x10,0x02,0x58,0x02,0x02,0x02,
    0x00,0x06,0x16,0x07,0x0f,0x34,0x0e,0x01,0x0f,0x1c,0x02,0x8b,0x0f,0x02,0x00,0x31,
    0x0a,0x60,0x02,0x04,0x58,0x02,0x02,0x02,0x00,0x02,0x58,0x02,0x02,0x02,0x00,0x11,
    0xfb,0xb2,0x76,0x0f,0x02,0x00,0xf9,0x06,0x5e,0x02,0x06,0xbc,0x10,0x31,0x5b,0x8e,
    0x5b,0x12,0x07,0x04,0x02,0x00,0x02,0x56,0x02,0x04,0x02,0x00,0x02,0x68,0x09,0x02,
    0x02,0x00,0x0f,0x4a,0x01,0xd7,0x06,0x62,0x02,0x02,0x56,0x02,0x04,0x02,0x00,0x02,
    0x58,0x02,0x02,0x02,0x00,0x11,0xfb,0x36,0x80,0x0f,0x14,0x01,0xd7,0x0f,0x02,0x00,
    0x0f,0x02,0xc2,0x50,0x02,0x6c,0x8c,0x04,0x5a,0x02,0x0f,0x5e,0x02,0x15,0x0f,0x5e,
    0x00,0x0f,0x0f,0x02,0x00,0xb9,0x04,0x60,0x02,0x04,0x58,0x02,0x02,0x02,0x00,0x02,
    0x58,0x02,0x02,0x02,0x00,0x02,0x5e,0x02,0x0f,0xc2,0x04,0xfb,0x02,0x34,0x0e,0x02,
    0x5a,0x13,0x02,0x5a,0x02,0x0f,0x5e,0x02,0x13,0x0f,0x3a,0x02,0xb9,0x0f,0x02,0x00,
    0x13,0x02,0x60,0x02,0x02,0x56,0x02,0x04,0x02,0x00,0x02,0x58,0x02,0x02,0x02,0x00,
    0x02,0x5a,0x02,0x04,0x02,0x00,0x0f,0x54,0x00,0x13,0x0f,0x02,0x00,0xd5,0x02,0x56,
    0x02,0x04,0x02,0x00,0x04,0x16,0x07,0x0f,0xd6,0x0b,0x05,0x0f,0x16,0x01,0xd5,0x0c,
    0x02,0x00,0x0f,0x5e,0x02,0x17,0x0f,0xc4,0x04,0xb3,0x02,0xe0,0xc2,0x0f,0xd0,0x71,
    0x2b,0x04,0x54,0x02,0x06,0x02,0x00,0x02,0x58,0x02,0x02,0x02,0x00,0x04,0x72,0x09,
    0x02,0x02,0x00,0x0f,0x5a,0x02,0xe7,0x02,0x02,0x00,0x04,0xb6,0x04,0x02,0x02,0x00,
    0x02,0xb6,0x04,0x02,0x02,0x00,0x02,0x52,0x02,0x0c,0x02,0x00,0x02,0x36,0x00,0x0f,
    0x02,0x00,0xa3,0x31,0x7a,0x84,0xda,0x3e,0xc5,0x02,0x0e,0x85,0x0f,0xc4,0x00,0x21,
    0x06,0x52,0x02,0x08,0x02,0x00,0x02,0x58,0x02,0x02,0x02,0x00,0x02,0x56,0x02,0x04,
    0x02,0x00,0x0f,0x64,0x00,0x21,0x0f,0x02,0x00,0xbb,0x02,0x58,0x02,0x02,0x02,0x00,
    0x02,0x58,0x02,0x02,0x02,0x00,0x0c,0x58,0x02,0x04,0x02,0x00,0x04,0x68,0x74,0x0f,
    0x02,0x00,0x9d,0x22,0x1a,0x7c,0x3e,0xcf,0x02,0x5e,0x02,0x0a,0x54,0x10,0x0f,0x02,
    0x00,0x11,0x19,0x3b,0x52,0x02,0x08,0x02,0x00,0x02,0x58,0x02,0x02,0x02,0x00,0x04,
    0x58,0x02,0x0f,0x5a,0x02,0xf1,0x04,0x02,0x00,0x02,0x5c,0x02,0x0f,0x5e,0x02,0x15,
    0x2f,0x1b,0x85,0x62,0x02,0xa1,0x0f,0x5e,0x02,0x29,0x4f,0x3b,0x8e,0x3b,0x8e,0x5e,
    0x02,0x1b,0x04,0x5a,0x01,0x0f,0x02,0x00,0xf3,0x02,0x60,0x02,0x02,0xb6,0x04,0x02,
    0x02,0x00,0x04,0xac,0x04,0x0c,0x02,0x00,0x02,0x5e,0x02,0x0f,0x62,0x02,0x9f,0x0f,
    0x5e,0x02,0x25,0x02,0x5a,0x02,0x0f,0x5e,0x02,0x19,0x0f,0x52,0x02,0xf3,0x0c,0x02,
    0x00,0x0f,0x5e,0x02,0x1d,0x0f,0x62,0x02,0x9d,0x08,0x1a,0x07,0x0f,0x78,0x09,0x13,
    0x02,0x56,0x02,0x04,0x02,0x00,0x08,0x0e,0x07,0x08,0x02,0x00,0x02,0x14,0x07,0x02,
    0x02,0x00,0x0f,0x5c,0x02,0xff,0x06,0x42,0x00,0x00,0x00,0x00,0xb6,0x04,0x02,0x02,
    0x00,0x0c,0xb4,0x04,0x04,0x02,0x00,0x02,0x56,0x02,0x08,0x02,0x00,0x02,0x3c,0x00,
    0x0f,0x02,0x00,0x5b,0x21,0xfb,0x84,0xde,0x38,0x0f,0x4c,0x7b,0x1a,0x0f,0xd6,0x0b,
    0x19,0x04,0x52,0x02,0x08,0x02,0x00,0x08,0x52,0x02,0x08,0x02,0x00,0x02,0x58,0x02,
    0x1f,0x7b,0xd8,0x3b,0xb4,0x0f,0x02,0x00,0x4b,0x02,0x5c,0x02,0x0f,0x5e,0x02,0x19,
    0x02,0x02,0x00,0x0f,0x96,0x00,0x4b,0x0a,0x02,0x00,0x11,0x9a,0x48,0x68,0x02,0x5e,
    0x02,0x0c,0x4c,0x28,0x0f,0x02,0x00,0x09,0x13,0xfb,0x34,0x0e,0x0f,0x24,0x00,0x09,
    0x0f,0x5a,0x02,0x03,0x0f,0x1a,0x07,0x11,0x0f,0x56,0x00,0x0b,0x0f,0x02,0x00,0xf7,
    0x0f,0x5e,0x02,0x21,0x2f,0x1b,0x85,0xfc,0x6a,0x55,0x0f,0x2e,0xc7,0x0b,0x02,0x32,
    0x6d,0x02,0x14,0xb9,0x0f,0xd2,0x01,0x1d,0x31,0x1b,0x8e,0x1b,0xc0,0x0b,0x0f,0x02,
    0x00,0x03,0x08,0xb0,0x04,0x08,0x02,0x00,0x0f,0xb6,0x04,0xff,0x14,0x0a,0x02,0x00,
    0x04,0x0a,0x07,0x0c,0x02,0x00,0x02,0xaa,0x04,0x0f,0x02,0x00,0x01,0x13,0x3b,0x02,
    0x00,0x0a,0x48,0x00,0x0f,0x02,0x00,0x3f,0x0f,0x72,0xc2,0x09,0x04,0x68,0x2f,0x22,
    0xdb,0x85,0x58,0x4e,0x0f,0x7e,0x00,0x15,0x24,0x1b,0x8e,0x02,0x00,0x0f,0x5a,0x02,
    0x03,0x0f,0xbc,0x04,0x09,0x0f,0x64,0x00,0x15,0x0f,0x02,0x00,0xfb,0x0c,0x58,0x02,
    0x02,0x02,0x00,0x2f,0x1b,0x85,0x02,0x00,0x05,0x02,0x5c,0x02,0x04,0x02,0x00,0x0f,
    0x4c,0x01,0x47,0x0f,0x5e,0x02,0x09,0x04,0x3e,0x3b,0x02,0xf0,0x65,0x0f,0x5e,0x02,
    0x11,0x04,0x56,0x02,0x04,0x02,0x00,0x02,0x4a,0x02,0x0f,0x02,0x00,0x01,0x08,0xb0,
    0x04,0x04,0x02,0x00,0x0f,0xe6,0x00,0x47,0x0f,0x02,0x00,0xd1,0x02,0x52,0x02,0x08,
    0x02,0x00,0x0f,0x5c,0x02,0x05,0x0c,0x5e,0x02,0x04,0x02,0x00,0x0f,0x26,0x01,0x3f,
    0x0f,0x5e,0x02,0x07,0x17,0x1a,0x6c,0xe1,0x37,0x3b,0x8e,0x9c,0x18,0xf2,0x0f,0x02,
    0x00,0x01,0x04,0x50,0x02,0x0a,0x02,0x00,0x0f,0x58,0x02,0x01,0x02,0x02,0x00,0x04,
    0x52,0x02,0x06,0x02,0x00,0x0f,0x56,0x00,0x01,0x0f,0x02,0x00,0xff,0x1e,0x08,0x5c,
    0x02,0x0f,0x5e,0x02,0x1f,0x11,0x3b,0xc2,0xf8,0x0f,0x74,0x01,0x39,0x0f,0x5e,0x02,
    0x2f,0x4a,0xfb,0x8d,0xfb,0x8d,0x54,0x02,0x06,0x02,0x00,0x02,0x4a,0x02,0x0f,0x02,
    0x00,0x01,0x06,0x56,0x02,0x0f,0x5a,0x02,0xff,0x36,0x04,0x02,0x00,0x06,0x62,0x02,
    0x0f,0xbc,0x04,0x1d,0x02,0x5e,0x02,0x04,0x02,0x00,0x04,0x50,0x00,0x0f,0x02,0x00,
    0x29,0x0f,0xd6,0x0b,0x07,0x0f,0xbc,0x04,0x0d,0x26,0xfb,0x8d,0x02,0x00,0x06,0x50,
    0x02,0x0a,0x02,0x00,0x0f,0x58,0x02,0x01,0x02,0x02,0x00,0x02,0x56,0x02,0x0f,0x5a,
    0x02,0xff,0x3e,0x04,0x02,0x00,0x02,0x62,0x02,0x0f,0x5e,0x02,0x2b,0x06,0x02,0x00,
    0x04,0x56,0x00,0x0f,0x02,0x00,0x21,0x0f,0x92,0x10,0x07,0x0f,0x78,0x09,0x01,0x06,
    0x52,0x02,0x08,0x02,0x00,0x0a,0x54,0x02,0x06,0x02,0x00,0x02,0x4a,0x02,0x0f,0x02,
    0x00,0x01,0x0f,0x5a,0x02,0xff,0x48,0x04,0x02,0x00,0x0f,0x5c,0x02,0x07,0x0f,0x78,
    0x09,0x05,0x0a,0xbc,0x04,0x0a,0x02,0x00,0x11,0x7b,0xf4,0xc6,0x02,0x3a,0x98,0x0f,
    0x02,0x00,0x1b,0x06,0xea,0xcb,0x0a,0xa4,0x06,0x06,0x34,0x0e,0x48,0xfb,0x8d,0x1b,
    0x8e,0x4e,0x02,0x0c,0x02,0x00,0x06,0x50,0x02,0x0a,0x02,0x00,0x0f,0x58,0x02,0x01,
    0x04,0x02,0x00,0x0f,0xa4,0x00,0x1b,0x0f,0x02,0x00,0xff,0x24,0x0f,0x62,0x02,0x05,
    0x04,0xc8,0x0b,0x0c,0x02,0x00,0x0a,0x52,0x02,0x08,0x02,0x00,0x04,0x5e,0x02,0x0c,
    0x02,0x00,0x0f,0x98,0x01,0x1f,0x29,0xdb,0x85,0x02,0x00,0x14,0x8d,0x02,0x00,0x0c,
    0x54,0x02,0x06,0x02,0x00,0x0a,0x54,0x02,0x06,0x02,0x00,0x04,0x4a,0x02,0x0a,0x02,
    0x00,0x0f,0x92,0x00,0x1f,0x0f,0x02,0x00,0xff,0x2c,0x0e,0x64,0x02,0x0c,0x56,0x02,
    0x04,0x02,0x00,0x08,0x50,0x02,0x0a,0x02,0x00,0x0c,0x56,0x02,0x02,0x02,0x00,0x02,
    0x38,0xf4,0x0f,0x02,0x00,0x01,0x1f,0xbb,0x02,0x00,0x06,0x09,0x5c,0x02,0x0f,0x5e,
    0x02,0x3c,0x0f,0x28,0x02,0xff,0x2c,0x0f,0x02,0x00,0x27,0x0a,0x62,0x02,0x04,0x4e,
    0x02,0x0c,0x02,0x00,0x0a,0x52,0x02,0x08,0x02,0x00,0x02,0x4e,0x02,0x0c,0x02,0x00,
    0x0f,0x58,0x02,0x01,0x02,0x02,0x00,0x0f,0x5c,0x02,0x05,0x0f,0x5e,0x02,0x47,0x0f,
    0x1c,0x01,0x27,0x0f,0x02,0x00,0xff,0x36,0x04,0x64,0x02,0x0c,0x56,0x02,0x04,0x02,
    0x00,0x08,0x50,0x02,0x0a,0x02,0x00,0x0c,0x58,0x02,0x02,0x02,0x00,0x02,0x4a,0x02,
    0x0f,0x02,0x00,0x01,0x0f,0x5e,0x02,0x59,0x0f,0x1e,0x02,0xff,0x36,0x0f,0x02,0x00,
    0x33,0x0f,0x5e,0x02,0xb7,0x0f,0x10,0x01,0x33,0x0f,0x02,0x00,0xff,0x40,0x04,0xae,
    0x04,0x0a,0x02,0x00,0x0a,0xb0,0x04,0x08,0x02,0x00,0x02,0xac,0x04,0x0c,0x02,0x00,
    0x0f,0xb6,0x04,0x01,0x02,0x02,0x00,0x0f,0xbc,0x04,0x4d,0x0f,0x12,0x02,0xff,0x40,
    0x0f,0x02,0x00,0x41,0x0f,0x5e,0x02,0x9f,0x0f,0x06,0x01,0x41,0x0f,0x02,0x00,0xff,
    0x4c,0x04,0x64,0x02,0x08,0xae,0x04,0x0a,0x02,0x00,0x0c,0xb6,0x04,0x02,0x02,0x00,
    0x02,0xa8,0x04,0x0f,0x02,0x00,0x01,0x0f,0xbc,0x04,0x41,0x0f,0x04,0x02,0xff,0x4c,
    0x0f,0x02,0x00,0x4f,0x0a,0x52,0x02,0x08,0x02,0x00,0x02,0x4e,0x02,0x0c,0x02,0x00,
    0x0f,0x58,0x02,0x01,0x02,0x02,0x00,0x0f,0x5e,0x02,0x39,0x0f,0xf8,0x00,0x4f,0x0f,
    0x02,0x00,0xff,0x5c,0x08,0x58,0x02,0x02,0x02,0x00,0x0c,0x58,0x02,0x02,0x02,0x00,
    0x02,0x4a,0x02,0x0f,0x02,0x00,0x01,0x0f,0x5e,0x02,0x31,0x0f,0xf4,0x01,0xff,0x5c,
    0x0f,0x02,0x00,0x61,0x02,0x5c,0x02,0x0f,0x5e,0x02,0x59,0x0f,0xe6,0x00,0x61,0x0f,
    0x02,0x00,0xff,0x72,0x02,0xb0,0x04,0x08,0x02,0x00,0x0f,0xb6,0x04,0x01,0x02,0x02,
    0x00,0x0f,0xbc,0x04,0x16,0x01,0xae,0x17,0x0f,0xde,0x01,0xff,0x72,0x0f,0x02,0x00,
    0x7d,0x0f,0x5e,0x02,0x27,0x0f,0xca,0x00,0x7d,0x0f,0x02,0x00,0xf8,0x89,0x40,0x40,
    0x40,0x80,0x80,0x80,0x80,0xbf,0x01,0x00,0x8f,0xaf,0x80,0x80,0x80,0x70,0x40,0x40,
    0x30,0x28,0x01,0xf6,0x8f,0x10,0x40,0x60,0x80,0x9f,0xbf,0xdf,0xff,0x01,0x00,0x0d,
    0x6f,0xcf,0xbf,0x8f,0x80,0x50,0x40,0x37,0x01,0xe9,0x5f,0x40,0x70,0x8f,0xbf,0xef,
    0x27,0x01,0x0d,0x0b,0x02,0x00,0x4f,0xdf,0xbf,0x80,0x60,0x35,0x01,0xdf,0x3f,0x40,
    0x70,0xaf,0x51,0x02,0x0f,0x0f,0x02,0x00,0x07,0x3f,0xcf,0x9f,0x60,0xa0,0x03,0xd6,
    0x3f,0x40,0x80,0xbf,0x09,0x01,0x07,0x0f,0x02,0x00,0x17,0x3f,0xef,0xaf,0x70,0x33,
    0x01,0xce,0x1f,0x30,0x2b,0x01,0x33,0x04,0x02,0x00,0x4f,0xef,0xaf,0x70,0x20,0xcf,
    0x04,0xc5,0x3f,0x10,0x60,0x9f,0xaa,0x04,0x1d,0x0f,0x02,0x00,0x11,0x3f,0xdf,0x8f,
    0x50,0x32,0x01,0xbf,0x3f,0x10,0x60,0xaf,0xfc,0x00,0x11,0x0f,0x02,0x00,0x23,0x2f,
    0xef,0x9f,0x32,0x01,0xba,0x0f,0x2c,0x01,0x4a,0x02,0x02,0x00,0x0f,0x32,0x01,0xb7,
    0x22,0x50,0x9f,0xd2,0x00,0x0f,0x02,0x00,0x4d,0x2f,0xef,0x8f,0xfb,0x05,0xaf,0x2f,
    0x20,0x8f,0x31,0x08,0x29,0x0f,0x02,0x00,0x1d,0x3f,0xdf,0x70,0x10,0xc8,0x04,0xa9,
    0x1f,0x60,0x33,0x08,0x1b,0x68,0xdf,0xbf,0xbf,0xbf,0x9f,0x80,0x01,0x00,0x3f,0xaf,
    0xbf,0xbf,0xca,0x0a,0x1c,0x1f,0x9f,0xc5,0x0a,0xa5,0x2f,0x10,0x80,0x59,0x02,0x14,
    0x5f,0xdf,0xbf,0x8f,0x80,0x60,0x18,0x0e,0x0a,0x5f,0x40,0x40,0x70,0x80,0x9f,0x38,
    0x01,0x15,0x2f,0xcf,0x60,0x62,0x02,0xa0,0x1f,0x20,0x36,0x08,0x11,0x4f,0xdf,0xaf,
    0x80,0x50,0x71,0x04,0x19,0x3f,0x40,0x60,0x80,0x35,0x01,0x11,0x2f,0xef,0x80,0x94,
    0x03,0x9c,0x1f,0x40,0xdf,0x05,0x0e,0x4f,0xef,0xaf,0x80,0x40,0xd5,0x00,0x23,0x2f,
    0x20,0x50,0xec,0x0a,0x0f,0x2f,0xef,0x8f,0xbf,0x0a,0x98,0x1f,0x40,0xb3,0x04,0x0c,
    0x3f,0xdf,0x9f,0x60,0xce,0x00,0x2d,0x3f,0x30,0x70,0xaf,0xf4,0x0a,0x0c,0x1f,0x9f,
    0x63,0x00,0x2d,0x0f,0x02,0x00,0x54,0x0f,0x2d,0x01,0x0b,0x0f,0xb8,0x0c,0x38,0x2f,
    0x30,0x70,0x97,0x01,0x0b,0x0f,0x31,0x01,0x91,0x1f,0x30,0xc3,0x00,0x09,0x0f,0xb1,
    0x0c,0x3e,0x0f,0x59,0x0d,0x0c,0x1f,0x9f,0xef,0x03,0x23,0x0f,0x02,0x00,0x56,0x1f,
    0x20,0xb4,0x04,0x08,0x1f,0xdf,0x47,0x0a,0x44,0x1f,0x50,0x55,0x06,0x08,0x0f,0xf5,
    0x05,0x8a,0x2f,0x10,0x80,0x58,0x0a,0x06,0x0f,0x73,0x0b,0x4b,0x0f,0x32,0x01,0x08,
    0x1f,0xef,0x57,0x08,0x86,0x1f,0x60,0x7d,0x05,0x06,0x1f,0xaf,0x03,0x0f,0x20,0xef,
    0x18,0x00,0x18,0x0e,0x00,0x2b,0x00,0x1d,0x0e,0x00,0x2b,0x00,0x00,0x0e,0x20,0x03,
    0x0b,0x4f,0x05,0x05,0x10,0x6e,0x05,0x04,0x06,0x1f,0xcf,0xb9,0x0a,0x82,0x0f,0xe2,
    0x05,0x06,0x0f,0x9a,0x0c,0x20,0x58,0x05,0x00,0x27,0x00,0x13,0x22,0x01,0x11,0x1d,
    0x03,0x00,0x0f,0x02,0x00,0x01,0xcf,0x05,0x13,0x00,0x27,0x00,0x1d,0x0a,0x00,0x1d,
    0x00,0x2a,0x99,0xaf,0x01,0x05,0x1f,0xaf,0x25,0x07,0x7e,0x2f,0x10,0x8f,0x88,0x03,
    0x04,0x1f,0xaf,0xdc,0x01,0x1f,0x3f,0x0a,0x00,0x27,0x19,0x01,0x00,0x1f,0x1d,0x64,
    0x02,0x01,0x38,0x0e,0x13,0x05,0x79,0x02,0x2f,0x60,0xcf,0x86,0x00,0x03,0x2f,0xef,
    0x70,0x51,0x00,0x00,0x0f,0x02,0x00,0x68,0x1f,0x50,0xd9,0x01,0x03,0x1f,0xef,0xcc,
    0x07,0x20,0x3f,0x05,0x0a,0x18,0xc9,0x00,0x04,0x2b,0x0a,0x1d,0x19,0x00,0x1e,0x0e,
    0x2a,0x00,0x1f,0x40,0x57,0x13,0x04,0x1f,0xcf,0x3d,0x0c,0x19,0x0f,0x02,0x00,0x4c,
    0x1f,0x20,0xa4,0x00,0x03,0x0f,0x97,0x06,0x08,0x6f,0x05,0x00,0x1d,0x00,0x0a,0x13,
    0x32,0x02,0x01,0x3f,0x0e,0x05,0x0a,0xae,0x00,0x08,0x27,0x0e,0x35,0x1d,0x00,0x17,
    0x22,0x0c,0x00,0x06,0x02,0x00,0x0f,0x9d,0x07,0x05,0x26,0x8f,0x10,0x24,0x00,0x0f,
    0x02,0x00,0x6a,0x1f,0x70,0x5b,0x02,0x02,0x0f,0x2d,0x01,0x07,0xf9,0x01,0x05,0x1d,
    0x00,0x1d,0x00,0x0e,0x00,0x05,0x05,0x00,0x0e,0x00,0x00,0x27,0x00,0x0a,0xa6,0x04,
    0x09,0x0d,0x00,0x0f,0x02,0x00,0x02,0x0f,0x4f,0x01,0x09,0x01,0x02,0x00,0x0f,0xaf,
    0x0e,0x04,0x1f,0xdf,0x17,0x04,0x1f,0x0f,0x02,0x00,0x40,0x1f,0x10,0x5b,0x02,0x02,
    0x0f,0x2d,0x01,0x06,0x1d,0x0e,0x6c,0x03,0x4f,0x05,0x0a,0x00,0x1d,0x25,0x01,0x0f,
    0x05,0x02,0x00,0x25,0x0e,0x2b,0x0b,0x00,0x0f,0x02,0x00,0x06,0x0f,0x4a,0x05,0x04,
    0x1f,0x8f,0x31,0x00,0x06,0x0f,0x02,0x00,0x56,0x0f,0xb6,0x04,0x02,0x0b,0x2d,0x01,
    0xba,0x05,0x27,0x43,0x4d,0x4d,0x4d,0x3f,0x1d,0x00,0x00,0x18,0xf1,0x06,0x04,0x02,
    0x00,0x4f,0x0a,0x05,0x00,0x13,0x35,0x02,0x0e,0x07,0x02,0x00,0x0f,0x2c,0x00,0x0f,
    0x0f,0x93,0x03,0x03,0x0f,0xc2,0x04,0x6d,0x0f,0xc7,0x01,0x03,0x0b,0x40,0x11,0x32,
    0x0e,0x43,0x4d,0x01,0x00,0x1f,0x3a,0x14,0x01,0x08,0x0f,0x1b,0x00,0x08,0x0d,0x02,
    0x00,0x2d,0x13,0x43,0x13,0x00,0x0e,0x02,0x00,0x0f,0x51,0x05,0x03,0x0f,0x23,0x07,
    0x6a,0x1f,0x30,0xb9,0x07,0x01,0x0c,0xe6,0x08,0x22,0x05,0x48,0x2d,0x01,0x38,0x4d,
    0x4d,0x4d,0xa9,0x05,0x0e,0x02,0x00,0x1f,0x30,0x93,0x03,0x18,0x0f,0x02,0x00,0x11,
    0x1f,0x40,0x9e,0x00,0x02,0x0f,0xf2,0x05,0x67,0x0f,0xc7,0x0b,0x01,0x0e,0x44,0x0b,
    0x11,0x30,0x2a,0x01,0x02,0x02,0x00,0x0c,0x0b,0x08,0x0c,0x02,0x00,0x1c,0x05,0x11,
    0x00,0x0f,0x02,0x00,0x05,0x1f,0x0a,0xc2,0x04,0x10,0x0f,0xa1,0x00,0x03,0x1f,0xdf,
    0x53,0x08,0x64,0x1f,0x10,0x4f,0x0f,0x00,0x0f,0x10,0x0a,0x01,0x02,0x29,0x01,0x02,
    0x02,0x00,0x0f,0x5f,0x02,0x0b,0x38,0x00,0x00,0x30,0x75,0x0a,0x0f,0x02,0x00,0x09,
    0x1f,0x0e,0x79,0x01,0x0d,0x02,0x02,0x00,0x0f,0x2d,0x04,0x02,0x0f,0x91,0x03,0x62,
    0x1f,0x20,0xeb,0x02,0x00,0x0b,0xea,0x02,0x01,0x2c,0x02,0x12,0x13,0x29,0x01,0x03,
    0x02,0x00,0x02,0xc6,0x00,0x0f,0x02,0x00,0x58,0x0f,0x30,0x04,0x01,0x0f,0xd8,0x11,
    0x60,0x1e,0x40,0x6d,0x09,0x06,0xd9,0x08,0xaa,0x18,0x00,0x27,0x00,0x27,0x00,0x0e,
    0x18,0x00,0x2b,0x8c,0x03,0x0f,0x2f,0x01,0x11,0x1f,0x48,0x61,0x02,0x15,0x1f,0x1d,
    0x2b,0x0d,0x01,0x0f,0x02,0x00,0x00,0x2d,0x7e,0xf4,0x1a,0x0d,0x0f,0x22,0x07,0x5e,
    0x1d,0x70,0x83,0x00,0x04,0x37,0x0b,0x39,0x0a,0x00,0x22,0x41,0x10,0x13,0x22,0x58,
    0x02,0x02,0x02,0x00,0x0f,0xcf,0x00,0x00,0x0b,0x02,0x00,0x0f,0x2e,0x01,0x15,0x2e,
    0x00,0x13,0x03,0x0d,0x0f,0x02,0x00,0x02,0x2e,0x0e,0x33,0xad,0x10,0x1f,0xef,0xb3,
    0x0a,0x5b,0x0e,0xb7,0x04,0x03,0x5b,0x02,0x2d,0x18,0x00,0xc5,0x00,0x02,0x28,0x01,
    0x02,0x02,0x00,0x1f,0x3a,0xd1,0x00,0x02,0x0c,0x02,0x00,0x0f,0x98,0x04,0x13,0x0f,
    0x02,0x00,0x18,0x0f,0x78,0x0c,0x00,0x0f,0x07,0x13,0x58,0x1e,0x10,0xb7,0x04,0x02,
    0x0f,0x04,0x1f,0x05,0x3e,0x09,0x01,0x0f,0x1a,0x07,0x19,0x01,0x02,0x00,0x21,0x0a,
    0x3a,0xf5,0x04,0x0f,0x02,0x00,0x10,0x1f,0x1d,0x8b,0x02,0x14,0x2f,0x27,0x46,0xb2,
    0x00,0x00,0x0f,0x60,0x00,0x10,0x0f,0x02,0x00,0x32,0x0e,0xe5,0x05,0x8f,0xef,0x63,
    0x13,0x13,0x0a,0x00,0x00,0x13,0x1f,0x0f,0x02,0x16,0x0a,0x78,0x09,0x0f,0x5d,0x02,
    0x13,0x0f,0x02,0x00,0x17,0x1f,0x30,0x88,0x02,0x14,0x3e,0x1d,0x1d,0x00,0xe9,0x15,
    0x02,0xe2,0x01,0x0f,0x02,0x00,0x4e,0x1d,0x30,0xe5,0x05,0x8f,0xde,0x63,0x4d,0x4d,
    0x4d,0x4d,0x3a,0x1d,0x9c,0x0c,0x04,0x15,0x0e,0x30,0x01,0x0f,0x21,0x00,0x04,0x0e,
    0x02,0x00,0x0f,0x28,0x08,0x14,0x0f,0x02,0x00,0x19,0x0e,0x9c,0x06,0x1a,0xcf,0xc8,
    0x07,0x0f,0x02,0x00,0x43,0x0e,0x2e,0x01,0x12,0xac,0x98,0x04,0x3f,0x4d,0x48,0x18,
    0x72,0x00,0x04,0x7f,0x05,0x30,0x48,0x4d,0x4d,0x4d,0x43,0xca,0x06,0x14,0x5f,0x00,
    0x00,0x00,0x00,0x18,0xa1,0x09,0x0d,0x0f,0x02,0x00,0x20,0x1d,0x10,0xf2,0x05,0x1f,
    0xcf,0x66,0x15,0x4f,0x1c,0x60,0x13,0x07,0x23,0xef,0x68,0x2e,0x01,0x3f,0x4d,0x4d,
    0x48,0x74,0x04,0x07,0x13,0x0e,0xd6,0x04,0x0f,0xee,0x0d,0x11,0x0f,0x02,0x00,0x19,
    0x1f,0x0e,0xe8,0x04,0x15,0x3e,0x4d,0x22,0x00,0x91,0x03,0x1f,0xef,0xe2,0x0b,0x4d,
    0x0d,0x2e,0x01,0x35,0xcf,0x20,0x3f,0x2f,0x01,0x1f,0x4d,0xb1,0x13,0x03,0x0f,0x02,
    0x00,0x49,0x0f,0x0d,0x0d,0x13,0x5f,0x00,0x00,0x00,0x0e,0x05,0x91,0x03,0x01,0x0f,
    0x30,0x01,0x4c,0x0d,0x2e,0x01,0x36,0x9f,0x10,0x00,0x2e,0x01,0x0f,0xcb,0x05,0x12,
    0x09,0x11,0x15,0x0f,0x02,0x00,0x08,0x1f,0x3a,0xbc,0x03,0x18,0x0f,0x02,0x00,0x16,
    0x0d,0xa6,0x06,0x0f,0x30,0x01,0x4a,0x0d,0x2e,0x01,0x1a,0x80,0xe5,0x0c,0x0f,0x2f,
    0x01,0x11,0x1f,0x05,0x83,0x02,0x14,0x01,0x0f,0x02,0x0f,0x02,0x00,0x3e,0x0d,0xcd,
    0x14,0x0f,0x30,0x01,0x48,0x0c,0x2e,0x01,0x49,0xf4,0x64,0x05,0x13,0xb6,0x0b,0x0f,
    0x2f,0x01,0x11,0x0f,0x02,0x00,0x3e,0x1f,0x35,0x62,0x06,0x05,0x0b,0x02,0x00,0x21,
    0x27,0x48,0x11,0x00,0x0c,0xb3,0x1a,0x0f,0x30,0x01,0x46,0x0c,0x2e,0x01,0x56,0xef,
    0x39,0x05,0x00,0x0a,0xfd,0x13,0x3f,0x4d,0x4d,0x4d,0x3a,0x05,0x14,0x1f,0x27,0x57,
    0x01,0x13,0x09,0x14,0x1b,0x0f,0x02,0x00,0x07,0x0f,0x2f,0x01,0x15,0x04,0x38,0x1a,
    0x0d,0xc7,0x00,0x0f,0xb6,0x00,0x14,0x0f,0x02,0x00,0x1c,0x0c,0x67,0x00,0x04,0xa8,
    0x0e,0x11,0x27,0x2a,0x01,0x01,0x02,0x00,0x0f,0x58,0x09,0x14,0x0f,0xce,0x0a,0x02,
    0x0e,0x02,0x00,0x2e,0x22,0x4d,0x14,0x00,0x0f,0x02,0x00,0x31,0x0c,0x82,0x09,0x0f,
    0x60,0x02,0x42,0x0d,0x2e,0x01,0x05,0xe5,0x09,0x05,0x1b,0x07,0x0f,0x35,0x02,0x13,
    0x0f,0x02,0x00,0x6f,0x0c,0x3b,0x0a,0x0f,0x30,0x01,0x40,0x0c,0x2e,0x01,0x15,0xbf,
    0x2e,0x01,0x31,0x00,0x05,0x35,0x5b,0x02,0x3b,0x4d,0x27,0x00,0x05,0x1b,0x0f,0x02,
    0x00,0x08,0x1f,0x48,0xbf,0x0c,0x14,0x0f,0x02,0x00,0x12,0x1f,0x0a,0xf0,0x09,0x07,
    0x09,0x02,0x00,0x23,0x0a,0x27,0x29,0x00,0x1b,0x30,0x36,0x2b,0x0f,0x30,0x01,0x3e,
    0x0c,0x91,0x01,0x19,0x9f,0x88,0x00,0x7f,0x0e,0x27,0x35,0x30,0x22,0x0a,0x00,0x2f,
    0x01,0x18,0x0f,0xf8,0x06,0x14,0x0f,0xde,0x03,0x13,0x1f,0x48,0x74,0x08,0x14,0x24,
    0x0e,0x48,0x50,0x00,0x1b,0x10,0x73,0x0f,0x0f,0x10,0x0d,0x3c,0x0f,0x2e,0x01,0x0b,
    0x09,0x02,0x00,0x1f,0x1d,0xa9,0x06,0x14,0x0f,0x02,0x00,0x11,0x3f,0x13,0x4d,0x0e,
    0x27,0x00,0x11,0x14,0x18,0x06,0x01,0x0f,0x02,0x00,0x17,0x0f,0x30,0x01,0x4a,0x1b,
    0x10,0xbd,0x02,0x0a,0x5c,0x02,0x0a,0x02,0x00,0x13,0x05,0xf1,0x02,0x0f,0x02,0x00,
    0x0d,0x1f,0x0e,0x80,0x09,0x11,0x0f,0x1c,0x1a,0x3c,0x07,0x02,0x00,0x0c,0x30,0x01,
    0x17,0xbf,0x1c,0x00,0x0f,0x02,0x00,0x2c,0x0c,0x5b,0x00,0x0f,0x2e,0x01,0x09,0x5f,
    0x00,0x00,0x00,0x00,0x2b,0xee,0x01,0x11,0x1f,0x18,0xc0,0x07,0x43,0x0f,0x02,0x00,
    0x16,0x0f,0xd5,0x00,0x1d,0x0f,0x02,0x00,0x17,0x0b,0x0a,0x0b,0x0f,0x2e,0x01,0x0d,
    0x09,0x7c,0x16,0x0f,0x02,0x00,0x53,0x0f,0x86,0x02,0x15,0x08,0x92,0x0f,0x0c,0x30,
    0x01,0x0f,0x21,0x1a,0x35,0x0b,0x08,0x0b,0x0f,0x2e,0x01,0x0e,0x0f,0xea,0x0c,0x18,
    0x0f,0x02,0x00,0x0e,0x05,0xcd,0x06,0x0f,0x02,0x00,0x0a,0x1f,0x0e,0xdd,0x0f,0x15,
    0x15,0x18,0xed,0x05,0x0f,0x30,0x01,0x00,0x0f,0xe3,0x28,0x20,0x0f,0x02,0x00,0x00,
    0x0b,0x43,0x08,0x1f,0xa4,0x23,0x00,0x00,0x0d,0x02,0x00,0x1f,0x0a,0x83,0x09,0x11,
    0x2f,0x0a,0x3a,0xb5,0x03,0x0f,0x2f,0x18,0x4d,0x24,0x00,0x0f,0x4f,0x00,0x00,0x00,
    0x22,0x31,0x05,0x14,0x0a,0x02,0x00,0x0b,0x20,0x07,0x0f,0x4f,0x08,0x32,0x1a,0x30,
    0xe1,0x12,0x2a,0xde,0x32,0x73,0x00,0x0f,0x02,0x00,0x28,0x2f,0x0a,0x35,0x0b,0x01,
    0x12,0x0f,0x02,0x00,0x48,0x1a,0x20,0x19,0x16,0x16,0xdf,0x4c,0x0a,0x0f,0x02,0x00,
    0x25,0x1a,0x10,0x52,0x00,0x2f,0xde,0x58,0xe4,0x08,0x14,0x2f,0x00,0x18,0x29,0x00,
    0x15,0x0f,0x02,0x00,0x69,0x0b,0x21,0x09,0x0f,0x1f,0x07,0x2f,0x0a,0xb2,0x15,0x3f,
    0xe9,0x58,0x4d,0x57,0x09,0x15,0x0f,0x07,0x1c,0x15,0x0f,0x02,0x00,0x5c,0x1a,0x18,
    0xc0,0x00,0x0b,0x3c,0x03,0x0f,0x02,0x26,0x2d,0x0a,0xe7,0x05,0x2f,0xf4,0x6e,0x59,
    0x1d,0x11,0x0f,0x02,0x00,0x17,0x1f,0x05,0xc9,0x05,0x10,0x0f,0xf7,0x0a,0x13,0x1f,
    0x30,0x97,0x08,0x15,0x1b,0x48,0x56,0x05,0x0b,0x9a,0x05,0x0f,0xef,0x05,0x2b,0x1a,
    0x50,0xb9,0x04,0x4f,0x7a,0x4d,0x48,0x0e,0xf0,0x15,0x17,0x1f,0x00,0x0d,0x01,0x0e,
    0x1f,0x0e,0xb6,0x0b,0x10,0x1f,0x35,0xe6,0x18,0x12,0x1f,0x2b,0xfb,0x03,0x15,0x1c,
    0x0a,0x30,0x05,0x0a,0x90,0x1f,0x1f,0xef,0xee,0x18,0x29,0x0b,0x0b,0x05,0x32,0x90,
    0x4d,0x30,0x6d,0x00,0x0b,0xd2,0x02,0x0f,0x02,0x00,0x05,0x0f,0xcb,0x05,0x6e,0x0f,
    0x02,0x00,0x12,0x0a,0x92,0x1f,0x1f,0xcf,0x34,0x00,0x12,0x0f,0x02,0x00,0x03,0x0a,
    0xb9,0x04,0x15,0x94,0xc1,0x0d,0x32,0x05,0x05,0x00,0x38,0x01,0x0f,0x02,0x00,0xb2,
    0x0a,0x4f,0x08,0x1f,0x80,0xd4,0x00,0x26,0x0a,0xfa,0x1d,0x0a,0x37,0x06,0x1f,0x27,
    0x30,0x01,0xb7,0x0b,0xfd,0x07,0x0f,0x6e,0x22,0x25,0x0a,0x36,0x06,0x0e,0x95,0x08,
    0x0f,0xb3,0x12,0x10,0x1f,0x35,0x82,0x05,0x0d,0x1b,0x18,0x7a,0x05,0x0f,0x02,0x00,
    0x00,0x0f,0x84,0x16,0x13,0x0f,0xf4,0x12,0x15,0x2e,0x00,0x27,0x0c,0x05,0x0f,0xe9,
    0x00,0x0d,0x0f,0x02,0x00,0x12,0x0b,0x87,0x10,0x0e,0xf9,0x00,0x0f,0x53,0x10,0x10,
    0x0d,0x59,0x05,0x0c,0x02,0x00,0x1e,0x13,0xbd,0x00,0x0c,0x02,0x00,0x2c,0x35,0x4d,
    0x12,0x00,0x0f,0x02,0x00,0x01,0x0c,0xf2,0x06,0x0f,0x02,0x00,0x06,0x12,0x35,0xe2,
    0x18,0x09,0x02,0x00,0x0a,0x1f,0x07,0x19,0xaf,0x1c,0x00,0x0f,0x02,0x00,0x15,0x0a,
    0x44,0x08,0x1f,0x60,0x37,0x00,0x01,0x0f,0xf9,0x01,0x13,0x0f,0x02,0x00,0x2c,0x0f,
    0xea,0x11,0x12,0x2a,0x00,0x22,0x50,0x09,0x0f,0x02,0x00,0x1c,0x0a,0xef,0x05,0x0f,
    0x4e,0x08,0x21,0x19,0x40,0x44,0x08,0x0f,0x58,0x0f,0x03,0x1f,0x0e,0xbf,0x07,0x15,
    0x0f,0x02,0x00,0x8d,0x19,0x10,0xef,0x05,0x1f,0xef,0x0d,0x0d,0x1f,0x0a,0x8b,0x03,
    0x0f,0x9d,0x15,0x27,0x0f,0x25,0x1b,0x14,0x0f,0x02,0x00,0x6d,0x0a,0x0e,0x0d,0x0f,
    0x8f,0x03,0x1f,0x0a,0x8b,0x03,0x0e,0xb9,0x04,0x04,0x02,0x00,0x1f,0x35,0xc2,0x04,
    0x0c,0x15,0x0a,0x7e,0x08,0x0f,0x02,0x00,0x03,0x2f,0x05,0x3a,0x46,0x03,0x2a,0x0f,
    0x02,0x00,0x36,0x0a,0xae,0x0a,0x0f,0x8f,0x03,0x1d,0x0a,0x2d,0x06,0x0f,0x3a,0x13,
    0x08,0x0f,0xa4,0x18,0x14,0x0f,0x02,0x00,0x07,0x0f,0x56,0x1d,0x0f,0x0f,0x15,0x0b,
    0x14,0x0f,0x02,0x00,0x15,0x0f,0x44,0x27,0x04,0x09,0x04,0x15,0x0e,0x07,0x08,0x0f,
    0x02,0x00,0x0b,0x09,0xcc,0x03,0x0a,0x72,0x09,0x0f,0x02,0x00,0x5e,0x0f,0xf5,0x06,
    0x12,0x2f,0x22,0x4d,0xd8,0x08,0x10,0x01,0x02,0x00,0x0f,0xf9,0x22,0x04,0x0a,0x7e,
    0x09,0x0f,0x6c,0x0f,0x1b,0x09,0x9b,0x02,0x0f,0x48,0x0d,0x0c,0x1f,0x13,0xe9,0x07,
    0x0c,0x1f,0x27,0x10,0x06,0x2d,0x1f,0x0e,0x12,0x0b,0x11,0x1f,0x18,0x6c,0x14,0x10,
    0x02,0x02,0x00,0x0f,0x10,0x03,0x05,0x0a,0x20,0x0f,0x0f,0x7f,0x04,0x07,0x0e,0x02,
    0x00,0x0a,0x6a,0x01,0x0f,0x8b,0x03,0x08,0x01,0x02,0x00,0x0f,0x9e,0x04,0x0c,0x1f,
    0x22,0xde,0x04,0x0c,0x0f,0x02,0x00,0x76,0x09,0x8f,0x03,0x0f,0x52,0x03,0x19,0x09,
    0x87,0x08,0x0f,0x39,0x00,0x19,0x0f,0x02,0x00,0x21,0x1f,0x22,0x6f,0x01,0x0c,0x0f,
    0x02,0x00,0x56,0x0a,0x25,0x02,0x0f,0x69,0x0a,0x02,0x0f,0x02,0x00,0x02,0x09,0x73,
    0x09,0x0f,0x8b,0x03,0x0c,0x01,0x02,0x00,0x21,0x30,0x18,0x07,0x00,0x0f,0x02,0x00,
    0x0d,0x3a,0x30,0x80,0xaf,0xb5,0x0f,0x0f,0x02,0x00,0x2e,0x4f,0xcf,0xbf,0x8f,0x50,
    0x25,0x09,0x1f,0x0f,0x02,0x00,0x05,0x09,0x8f,0x03,0x0f,0x7d,0x09,0x17,0x09,0xd4,
    0x00,0x0f,0x8b,0x03,0x0d,0x0f,0xe0,0x2e,0x10,0x7b,0x0a,0x05,0x22,0x3a,0x3a,0x45,
    0x93,0xdc,0x1d,0x0f,0x02,0x00,0x35,0x0f,0x20,0x3f,0x1d,0x0f,0x99,0x0d,0x08,0x09,
    0x8f,0x03,0x0f,0x9b,0x10,0x15,0x09,0x42,0x0d,0x4f,0xcf,0x00,0x00,0x27,0x2e,0x03,
    0x2c,0x6e,0x0e,0x4d,0x4d,0x4d,0x4d,0xa6,0x9a,0x33,0x0f,0x02,0x00,0x37,0x4f,0x9f,
    0x10,0x00,0x0e,0x5d,0x13,0x16,0x1f,0x48,0x35,0x0e,0x00,0x03,0x02,0x00,0x0a,0xe0,
    0x13,0x0f,0x2a,0x14,0x14,0x09,0x06,0x02,0x02,0x22,0x06,0x0f,0xdd,0x06,0x0e,0x0f,
    0xb3,0x01,0x08,0x6f,0x00,0x0e,0x4d,0x4d,0x6e,0xde,0x1c,0x01,0x37,0x0f,0x02,0x00,
    0x01,0x3f,0xef,0x50,0x27,0x45,0x18,0x16,0x1f,0x2b,0x0b,0x39,0x08,0x09,0x12,0x08,
    0x0f,0xf9,0x0d,0x03,0x0c,0x02,0x00,0x09,0xe6,0x12,0x03,0x80,0x08,0x0f,0xd4,0x08,
    0x0e,0x0f,0x23,0x16,0x09,0x3f,0x3f,0x4d,0x7a,0x5b,0x02,0x49,0x02,0x02,0x00,0x1f,
    0x84,0xc9,0x1e,0x15,0x0f,0x02,0x00,0x0b,0x09,0x70,0x0a,0x0f,0xfa,0x12,0x11,0x09,
    0x20,0x06,0x06,0xf0,0x04,0x1f,0x13,0x0f,0x08,0x26,0x32,0x0e,0x4d,0x7a,0xd2,0x00,
    0x01,0x02,0x00,0x19,0xdf,0x90,0x5e,0x72,0xbf,0xbf,0xbf,0xbf,0xc9,0xd3,0xc4,0x09,
    0x00,0x0f,0x02,0x00,0x1f,0x08,0xdd,0x00,0x0f,0x0c,0x02,0x13,0x0f,0x02,0x00,0x0d,
    0x09,0xe6,0x06,0x0f,0x14,0x08,0x11,0x09,0x5d,0x02,0x06,0xe8,0x05,0x0f,0x21,0x29,
    0x11,0x31,0x0e,0x27,0x27,0xe6,0x25,0x0a,0x02,0x00,0x24,0x27,0x6e,0x5c,0x02,0x4a,
    0xf4,0xb1,0x7a,0x05,0x1c,0x00,0x58,0x00,0x00,0x00,0x00,0x27,0x89,0x1f,0x0f,0x02,
    0x00,0x1d,0x25,0x30,0x70,0x3b,0x04,0x0f,0xfa,0x07,0x17,0x0f,0x02,0x00,0x09,0x09,
    0x44,0x09,0x0f,0x5f,0x02,0x0f,0x09,0x5d,0x02,0x19,0xdf,0x59,0x00,0x1f,0x18,0xec,
    0x00,0x00,0x06,0x02,0x00,0x31,0x0a,0x13,0x3a,0x45,0x28,0x1c,0x30,0x26,0x00,0x21,
    0x32,0xe9,0x57,0x02,0x6f,0xff,0xff,0xa6,0x58,0x4d,0x4d,0x33,0x03,0x33,0x09,0x02,
    0x00,0x05,0x12,0x3e,0x02,0x67,0x05,0x0f,0x02,0x00,0x2c,0x09,0xee,0x05,0x0f,0x5f,
    0x02,0x0f,0x09,0x5d,0x02,0x0a,0x5e,0x01,0x0f,0x3a,0x02,0x00,0x07,0x02,0x00,0x03,
    0x72,0x29,0x37,0x4d,0x4d,0x3f,0x15,0x00,0x52,0x00,0x00,0x00,0x00,0x94,0x2e,0x01,
    0x6c,0xf4,0x6e,0x4d,0x4d,0x4d,0x4d,0x4c,0x01,0x0f,0x02,0x00,0x11,0x1c,0x43,0x52,
    0x00,0x0b,0x02,0x00,0x13,0x10,0x94,0x03,0x0f,0xc5,0x19,0x13,0x1f,0x05,0xc7,0x00,
    0x0b,0x0a,0x0a,0x33,0x0a,0x01,0x01,0x0e,0x02,0x00,0x09,0x5d,0x02,0x0f,0x5d,0x01,
    0x0f,0x07,0x02,0x00,0x06,0xb7,0x38,0x0a,0x47,0x07,0x18,0x20,0x2e,0x01,0x0f,0x13,
    0x34,0x22,0x1f,0x43,0xd0,0x17,0x0d,0x04,0x1d,0x35,0x0f,0x8f,0x03,0x12,0x1f,0x22,
    0xcf,0x2e,0x0c,0x0f,0x02,0x01,0x1a,0x0f,0x5d,0x02,0x08,0x4f,0x00,0x00,0x00,0x0e,
    0xb3,0x08,0x07,0x11,0x0a,0x8a,0x03,0x01,0x02,0x00,0x0a,0x14,0x01,0x03,0x0d,0x04,
    0x01,0x5c,0x02,0x0f,0x36,0x10,0x16,0x0f,0x02,0x00,0x1c,0x03,0x60,0x02,0x0a,0x3c,
    0x04,0x0f,0x02,0x00,0x04,0x2f,0x0a,0x2b,0x47,0x0a,0x0c,0x09,0x4d,0x08,0x0f,0x5f,
    0x02,0x0b,0x09,0x5b,0x01,0x0e,0x6c,0x06,0x1f,0x05,0x6a,0x00,0x07,0x08,0xec,0x32,
    0x08,0xa9,0x00,0x03,0x52,0x00,0x11,0xa6,0x49,0x01,0x0f,0x27,0x02,0x02,0x2f,0x13,
    0x35,0xa2,0x03,0x21,0x0a,0x02,0x00,0x03,0x9f,0x13,0x0f,0xd6,0x13,0x1d,0x0f,0x02,
    0x00,0x03,0x05,0x3d,0x06,0x0f,0x61,0x03,0x0e,0x09,0x5d,0x02,0x0f,0xd6,0x0a,0x14,
    0x02,0x02,0x00,0x0f,0x2f,0x01,0x05,0x02,0x23,0x0c,0x11,0xe9,0x2e,0x01,0x0f,0x18,
    0x01,0x03,0x1f,0x27,0xfa,0x1f,0x10,0x0f,0x02,0x00,0x0e,0x02,0xc4,0x02,0x0e,0xe1,
    0x01,0x0f,0x02,0x00,0x21,0x02,0xb3,0x00,0x03,0x02,0x00,0x0f,0x5f,0x02,0x0a,0x08,
    0x59,0x01,0x0f,0x7c,0x00,0x03,0x1f,0x3f,0x4e,0x0f,0x04,0x01,0xea,0x0c,0x03,0x02,
    0x00,0x08,0xa4,0x00,0x02,0xc8,0x00,0x5f,0x9b,0x3f,0x3a,0x3a,0x2b,0x16,0x07,0x04,
    0x0f,0xb3,0x02,0x08,0x0f,0x02,0x00,0x17,0x02,0x22,0x05,0x1f,0xef,0x31,0x00,0x17,
    0x0f,0x02,0x00,0x09,0x0f,0x06,0x01,0x0f,0x02,0x02,0x00,0x09,0x58,0x01,0x0f,0x5d,
    0x02,0x03,0x01,0x5d,0x13,0x3d,0x0a,0x18,0x27,0x56,0x08,0x04,0x18,0x48,0x0b,0x1a,
    0x34,0x02,0xb6,0x06,0x0f,0x4c,0x00,0x03,0x0f,0x02,0x00,0x13,0x0f,0xee,0x17,0x0d,
    0x02,0x02,0x00,0x0f,0x68,0x00,0x2f,0x06,0x02,0x00,0x0f,0x07,0x01,0x10,0x01,0x02,
    0x00,0x02,0x74,0x00,0x02,0x02,0x00,0x0f,0x5d,0x02,0x03,0x01,0x02,0x00,0x6b,0x2b,
    0x4d,0x4d,0x4d,0x4d,0x48,0xe7,0x0b,0x13,0x18,0x5b,0x02,0x1a,0x4d,0x76,0x0a,0x01,
    0x4d,0x00,0x0f,0x84,0x05,0x12,0x0f,0x02,0x00,0x05,0x1f,0x48,0xae,0x15,0x0c,0x02,
    0x02,0x00,0x02,0x8b,0x19,0x0f,0x3b,0x03,0x0a,0x01,0x02,0x00,0x2f,0x05,0x13,0x2a,
    0x05,0x10,0x08,0x5f,0x02,0x03,0x07,0x0e,0x0f,0x02,0x00,0x00,0x09,0x02,0x0c,0x0f,
    0x11,0x02,0x06,0x14,0x1d,0x04,0x34,0x0a,0x31,0x08,0x22,0x00,0x1d,0x30,0x01,0x0b,
    0x66,0x44,0x01,0x2f,0x01,0x0f,0x92,0x08,0x1a,0x0c,0x02,0x00,0x1f,0x2b,0xe9,0x1e,
    0x0f,0x41,0x00,0x18,0x48,0x98,0x69,0x00,0x0f,0x4b,0x08,0x0f,0x1c,0x27,0xb7,0x00,
    0x0f,0x02,0x00,0x01,0x08,0x5f,0x02,0x06,0x08,0x0e,0x0c,0x02,0x00,0x02,0x68,0x04,
    0x02,0x02,0x00,0x0f,0xe2,0x00,0x07,0x06,0xc1,0x38,0x0b,0x44,0x17,0x7a,0x0a,0x3f,
    0x4d,0x4d,0x3a,0x2b,0x05,0x56,0x00,0x01,0x4e,0x00,0x0f,0x4d,0x00,0x07,0x0f,0x8b,
    0x17,0x15,0x0f,0x02,0x00,0x0c,0x31,0x30,0x4d,0x61,0x69,0x00,0x1f,0x80,0x28,0x00,
    0x0c,0x3f,0x00,0x00,0x13,0xa9,0x1b,0x11,0x03,0xcf,0x07,0x02,0x02,0x00,0x06,0x09,
    0x0e,0x0a,0x02,0x00,0x02,0x2f,0x05,0x03,0x02,0x00,0x0f,0xd7,0x02,0x07,0x06,0x90,
    0x0a,0x0b,0x8f,0x03,0x0f,0x66,0x04,0x02,0x01,0x4f,0x00,0x2f,0xbf,0x3f,0xa1,0x0c,
    0x07,0x1f,0x0e,0x9a,0x19,0x04,0x0f,0x02,0x00,0x1a,0x22,0x05,0x13,0x1a,0x03,0x0f,
    0x2f,0x01,0x0f,0x0f,0x02,0x00,0x13,0x08,0x22,0x08,0x0f,0x4a,0x04,0x05,0x08,0x24,
    0x00,0x0f,0x51,0x0c,0x08,0x02,0x1b,0x0e,0x03,0x63,0x36,0x0f,0x02,0x00,0x0e,0x02,
    0x2f,0x01,0x1f,0x30,0x02,0x03,0x08,0x0f,0xf8,0x1b,0x04,0x0f,0x02,0x00,0x1c,0x0f,
    0x2f,0x01,0x3b,0x11,0x10,0xb7,0x00,0x03,0x02,0x00,0x0f,0x3a,0x02,0x04,0x08,0xe1,
    0x04,0x1c,0x78,0x3a,0x02,0x06,0x02,0x00,0x05,0x1d,0x0e,0x0f,0x06,0x04,0x11,0x11,
    0x00,0x73,0x00,0x0f,0x8d,0x03,0x0a,0x0f,0x02,0x00,0x33,0x0f,0x2f,0x01,0x3b,0x09,
    0x98,0x04,0x0f,0xf5,0x06,0x03,0x11,0x50,0xda,0x00,0x02,0x02,0x00,0x4b,0xef,0x00,
    0x00,0x00,0x85,0x04,0x05,0x02,0x00,0x06,0xbc,0x04,0x15,0x18,0x14,0x00,0x04,0x02,
    0x00,0x0e,0x34,0x00,0x01,0x50,0x00,0x0f,0x2f,0x01,0x28,0x0f,0xca,0x06,0x12,0x0f,
    0x2f,0x01,0x3f,0x03,0x27,0x0c,0x02,0x02,0x00,0x0f,0x3d,0x19,0x02,0x08,0x51,0x01,
    0x5b,0x80,0x00,0x00,0x00,0x3f,0xca,0x05,0x04,0x02,0x00,0x05,0x4c,0x50,0x0e,0x29,
    0x10,0x1e,0x30,0x54,0x0e,0x01,0x71,0x00,0x0f,0x2f,0x01,0x28,0x0f,0xca,0x06,0x12,
    0x0f,0x2f,0x01,0x3f,0x09,0xdf,0x19,0x0f,0xed,0x05,0x01,0x09,0xaf,0x03,0x0f,0x46,
    0x08,0x06,0x02,0x69,0x0f,0x01,0xbb,0x04,0x0f,0x4f,0x01,0x00,0x0f,0x8b,0x25,0x00,
    0x0f,0x2f,0x01,0x2d,0x1f,0x18,0xca,0x06,0x10,0x3f,0x13,0x3a,0x0e,0x8d,0x03,0x14,
    0x0f,0x58,0x06,0x17,0x08,0x4c,0x08,0x0f,0xc9,0x05,0x01,0x08,0x20,0x00,0x03,0xb1,
    0x23,0x11,0x13,0xa1,0x05,0x2c,0x0a,0x13,0xda,0x09,0x5f,0x05,0x2b,0x48,0x48,0x3a,
    0x06,0x2e,0x0e,0x02,0x02,0x00,0x02,0x2f,0x01,0x0f,0x00,0x47,0x07,0x1f,0x05,0x53,
    0x22,0x0f,0x0f,0x02,0x00,0x0e,0x3f,0x3a,0x4d,0x27,0x2f,0x01,0x16,0x0a,0x2f,0x11,
    0x0f,0x02,0x00,0x08,0x08,0xae,0x32,0x0f,0x3e,0x02,0x00,0x11,0xcf,0xd9,0x00,0x02,
    0x02,0x00,0x04,0xda,0x0f,0x41,0x0a,0x00,0x00,0x05,0x09,0x07,0x0c,0x3d,0x19,0x0f,
    0xb7,0x20,0x12,0x01,0x02,0x00,0x01,0x51,0x00,0x2c,0xbf,0x48,0x41,0x00,0x05,0x02,
    0x00,0x1f,0x13,0x48,0x08,0x30,0x2f,0x0e,0x27,0x5e,0x02,0x15,0x02,0xdc,0x45,0x0f,
    0x02,0x00,0x12,0x02,0x27,0x0c,0x02,0x02,0x00,0x0e,0xda,0x0b,0x08,0x75,0x09,0x07,
    0xaa,0x0e,0x13,0x0e,0xc3,0x0b,0x0f,0x38,0x09,0x07,0x0f,0x02,0x00,0x0c,0x01,0x70,
    0x00,0x0f,0xbc,0x04,0x09,0x0f,0xdd,0x14,0x0c,0x0f,0x02,0x00,0x15,0x0f,0x8d,0x03,
    0x13,0x0f,0x02,0x00,0x18,0x08,0x11,0x01,0x0e,0x7b,0x09,0x08,0x15,0x13,0x07,0x4d,
    0x01,0x05,0x7b,0x4b,0x0f,0xea,0x12,0x07,0x08,0x02,0x00,0x1d,0x35,0x62,0x1b,0x0f,
    0x2f,0x01,0x0e,0x0f,0x02,0x00,0x34,0x0f,0x2f,0x01,0x3e,0x09,0x6f,0x03,0x0d,0x2e,
    0x02,0x0f,0x1d,0x00,0x04,0x05,0x65,0x09,0x01,0xc7,0x04,0x06,0x02,0x00,0x13,0x05,
    0xc0,0x31,0x0b,0x02,0x00,0x0e,0x75,0x03,0x0f,0x2f,0x01,0x2b,0x0f,0xdd,0x11,0x17,
    0x0f,0x2f,0x01,0x3f,0x0f,0x41,0x02,0x04,0x01,0x02,0x00,0x08,0x7b,0x02,0x08,0x09,
    0x06,0x01,0xba,0x04,0x0f,0xc2,0x0b,0x00,0x2f,0x0a,0x3a,0x6f,0x02,0x13,0x0f,0xa7,
    0x0a,0x2c,0x1f,0x3a,0x3b,0x1a,0x16,0x0f,0x2f,0x01,0x3f,0x08,0x2b,0x08,0x0c,0x8e,
    0x03,0x08,0x4b,0x01,0x08,0x67,0x08,0x05,0x21,0x0e,0x0f,0xe6,0x0b,0x07,0x0f,0x02,
    0x00,0x0b,0x01,0x5e,0x02,0x1f,0xc9,0x3e,0x00,0x25,0x1f,0x35,0x6a,0x15,0x10,0x02,
    0xb8,0x07,0x0f,0x2f,0x01,0x11,0x1f,0x18,0xce,0x07,0x14,0x03,0x02,0x00,0x08,0x61,
    0x22,0x0b,0x8e,0x03,0x08,0x96,0x09,0x08,0x37,0x07,0x04,0x54,0x16,0x0f,0xf9,0x4d,
    0x08,0x0f,0x02,0x00,0x0b,0x01,0x2f,0x01,0x1f,0xd3,0xb3,0x12,0x06,0x1f,0x35,0x33,
    0x07,0x06,0x0f,0x02,0x00,0x15,0x12,0x22,0x79,0x5b,0x0f,0x2f,0x01,0x11,0x1f,0x48,
    0xb3,0x3d,0x15,0x02,0x02,0x00,0x08,0x5b,0x09,0x0a,0xbc,0x0f,0x08,0x79,0x02,0x08,
    0x8c,0x03,0x03,0x0b,0x14,0x0f,0xc3,0x19,0x28,0x01,0x2f,0x01,0x1e,0xc9,0x2f,0x0d,
    0x02,0x02,0x00,0x2e,0x0a,0x4d,0x08,0x0c,0x0f,0x02,0x00,0x1c,0x1f,0x18,0x2f,0x01,
    0x17,0x1f,0x27,0x91,0x29,0x16,0x01,0x02,0x00,0x0f,0x15,0x01,0x07,0x08,0x49,0x01,
    0x08,0x8c,0x03,0x8f,0x00,0x00,0x00,0x18,0x3a,0x4d,0x4d,0x35,0x67,0x17,0x00,0x1d,
    0x3f,0x05,0x07,0x4d,0x00,0x00,0x00,0x3f,0xcb,0x13,0x01,0x2f,0x01,0x0f,0x49,0x08,
    0x07,0x1f,0x0e,0x03,0x05,0x14,0x0f,0x02,0x00,0x0e,0x0f,0x5e,0x02,0x11,0x0f,0x02,
    0x00,0x1d,0x08,0x8e,0x03,0x08,0x73,0x03,0x09,0x81,0x0f,0x09,0x19,0x00,0x01,0xf5,
    0x0c,0x0f,0x1c,0x02,0x02,0x0f,0xaa,0x18,0x02,0x0e,0xa9,0x11,0x0f,0x2f,0x01,0x01,
    0x1d,0x20,0x63,0x00,0x0f,0x02,0x00,0x20,0x1a,0x30,0xf9,0x0e,0x0f,0x2f,0x01,0x41,
    0x08,0x45,0x02,0x09,0xa8,0x15,0x07,0xf2,0x0b,0x0c,0x05,0x06,0x0f,0x02,0x00,0x2c,
    0x0f,0x2f,0x01,0x00,0x1f,0x80,0x14,0x11,0x05,0x0f,0x02,0x00,0x18,0x44,0x10,0xcf,
    0xff,0xef,0x7c,0x0c,0x01,0x02,0x00,0x0f,0x2f,0x01,0x41,0x08,0x2f,0x08,0x03,0x18,
    0x0e,0x01,0x02,0x00,0x08,0xaf,0x10,0x3d,0xa3,0x35,0x43,0x10,0x0e,0x0f,0xd8,0x46,
    0x15,0x0f,0x02,0x00,0x00,0x0f,0x2f,0x01,0x00,0x0f,0x6a,0x06,0x00,0x0f,0x02,0x00,
    0x02,0x1a,0x35,0x25,0x19,0x09,0x02,0x00,0x1c,0x70,0x33,0x1d,0x0f,0x2f,0x01,0x3f,
    0x37,0x05,0x27,0x0e,0x8d,0x0a,0x07,0xea,0x0c,0x09,0x47,0x08,0x11,0x7a,0x17,0x22,
    0x0a,0xb9,0x12,0x1f,0x27,0x7f,0x1e,0x02,0x0f,0x02,0x00,0x12,0x0f,0x2f,0x01,0x04,
    0x07,0x39,0x0c,0x0f,0x02,0x00,0x06,0x1f,0x48,0x61,0x06,0x08,0x1f,0xaf,0x2f,0x01,
    0x4f,0x38,0x27,0x4d,0x3a,0x60,0x16,0x07,0x4b,0x08,0x08,0xd4,0x04,0x0f,0x96,0x0a,
    0x01,0x0f,0xdd,0x25,0x01,0x1f,0x05,0x5a,0x11,0x10,0x0f,0xa7,0x0a,0x03,0x14,0xaf,
    0xf3,0x03,0x1f,0x1d,0xec,0x0a,0x0b,0x0f,0xca,0x58,0x08,0x01,0xb5,0x06,0x45,0x70,
    0x00,0x00,0x35,0x19,0x1f,0x0f,0x5e,0x02,0x0d,0x1f,0x0a,0x99,0x22,0x0e,0x0c,0x02,
    0x00,0x38,0x13,0x3a,0x27,0x76,0x03,0x07,0x4b,0x08,0x01,0x03,0x02,0x02,0x02,0x00,
    0x12,0xc7,0x2f,0x01,0x0e,0xfb,0x13,0x0c,0x02,0x00,0x0f,0x2f,0x01,0x01,0x1e,0x0e,
    0x10,0x02,0x01,0x56,0x00,0x0a,0x1a,0x07,0x01,0xb7,0x15,0x5f,0x50,0x00,0x00,0x00,
    0x35,0xbf,0x16,0x12,0x0f,0x02,0x00,0x01,0x01,0x85,0x05,0x45,0x30,0x00,0x13,0x4d,
    0xf6,0x0b,0x0f,0x2f,0x01,0x0d,0x1f,0x13,0xf7,0x0e,0x15,0x09,0x02,0x00,0x07,0xd4,
    0x05,0x06,0xc4,0x00,0x08,0x45,0x01,0x12,0x9b,0x2f,0x01,0x0f,0x58,0x0a,0x06,0x0f,
    0x02,0x00,0x0a,0x1e,0x0e,0xf7,0x59,0x0f,0x2f,0x01,0x00,0x32,0x00,0xef,0xff,0xed,
    0x05,0x1f,0x0e,0x66,0x0b,0x1b,0x07,0x02,0x00,0x13,0x9f,0xa1,0x02,0x15,0x2b,0x7d,
    0x27,0x0f,0x2f,0x01,0x0d,0x2f,0x00,0x22,0x5a,0x0c,0x21,0x08,0x77,0x03,0x05,0x7f,
    0x00,0x08,0xbb,0x04,0x02,0x59,0x24,0x0d,0x85,0x12,0x0c,0xb4,0x1e,0x0f,0x02,0x00,
    0x16,0x0f,0x2f,0x01,0x01,0x1b,0x9f,0x3b,0x05,0x0f,0x02,0x00,0x1f,0x1d,0xef,0xff,
    0x04,0x0f,0x2f,0x01,0x0e,0x0f,0x02,0x00,0x22,0x08,0x1a,0x01,0x05,0xbd,0x04,0x07,
    0x44,0x01,0x13,0xef,0xeb,0x20,0x0c,0x6b,0x09,0x01,0x1b,0x21,0x0f,0x02,0x00,0x21,
    0x0f,0x2f,0x01,0x01,0x01,0xdb,0x00,0x05,0x07,0x08,0x2d,0x40,0x70,0xf3,0x79,0x55,
    0x50,0x80,0xbf,0xbf,0x80,0x9f,0x00,0x01,0x02,0x00,0x71,0x20,0x80,0xbf,0xbf,0xaf,
    0x70,0x10,0x0c,0x00,0x02,0x3b,0x15,0x0a,0xd0,0x1a,0x01,0x54,0x00,0x08,0x61,0x04,
    0x0f,0x02,0x00,0x32,0x08,0x78,0x03,0x05,0xbf,0x0b,0x07,0xa2,0x03,0x12,0xaf,0x36,
    0x56,0x0b,0xaf,0x11,0x0f,0x02,0x00,0x02,0x0a,0xcb,0x6d,0x0f,0x02,0x00,0x05,0x0f,
    0x2f,0x01,0x01,0x26,0x00,0xdf,0xc9,0x08,0x12,0x60,0xaf,0x1b,0x08,0x6c,0x5f,0x04,
    0x78,0x52,0x16,0xbf,0x31,0x01,0x04,0x7c,0x58,0x03,0xfb,0x74,0x1e,0x8f,0x9f,0x02,
    0x0f,0x2f,0x01,0x43,0x01,0x38,0x04,0x03,0x02,0x00,0x04,0x7a,0x09,0x08,0x8e,0x09,
    0x4f,0x70,0x00,0x05,0x1d,0x5b,0x0d,0x14,0x1f,0x3a,0xef,0x0d,0x12,0x01,0x6c,0x00,
    0x06,0x27,0x05,0x02,0x02,0x00,0x01,0xd9,0x15,0x14,0x10,0x07,0x01,0x29,0xdf,0xcf,
    0x2d,0x64,0x87,0x60,0xff,0xff,0xff,0xcf,0xac,0xbc,0xe9,0x4b,0x0b,0x84,0x30,0xef,
    0xff,0xff,0xef,0x9f,0x80,0xaf,0x13,0x00,0x13,0xdf,0xfd,0x04,0x07,0x02,0x00,0x0f,
    0x2f,0x01,0x3c,0x22,0x13,0x3a,0xe4,0x0d,0x07,0x79,0x03,0x04,0xc0,0x0b,0x01,0xaa,
    0x06,0x03,0x02,0x00,0x0a,0xe2,0x02,0x07,0x02,0x00,0x1d,0x13,0x3b,0x10,0x0e,0xe3,
    0x1f,0x1f,0x05,0x5c,0x0e,0x00,0x01,0x58,0x00,0x0c,0x2f,0x01,0x01,0xe4,0x02,0x21,
    0x73,0x05,0x8e,0x00,0x75,0xbf,0x30,0x00,0x00,0x10,0x80,0xef,0x1c,0x01,0x11,0x60,
    0x3b,0x01,0x52,0x27,0x3a,0x18,0x60,0xef,0x11,0x06,0x43,0x00,0x00,0x50,0xef,0xc8,
    0x07,0x21,0x20,0xcf,0x27,0x00,0x01,0x3f,0x00,0x12,0x60,0xb9,0x11,0x04,0x02,0x00,
    0x0f,0x2f,0x01,0x0a,0x0f,0x4b,0x04,0x1f,0x13,0x3a,0xbe,0x05,0x08,0x7a,0x09,0x03,
    0x0a,0x04,0x08,0x13,0x00,0x03,0x7e,0x00,0x0e,0x60,0x00,0x1d,0x1d,0x3d,0x0f,0x0e,
    0x02,0x00,0x2d,0x13,0x4d,0x54,0x01,0x0f,0x1f,0x14,0x04,0x84,0xdf,0xff,0xff,0xff,
    0xc7,0x13,0x10,0xaf,0x11,0x01,0xb6,0x00,0x30,0xef,0xff,0xff,0xbf,0x50,0x00,0x10,
    0x50,0xbf,0xa6,0x4d,0x8b,0x10,0xcf,0xff,0xff,0xcf,0x60,0x40,0x60,0x13,0x00,0x21,
    0x8f,0x10,0x81,0x05,0x13,0x40,0xd1,0x00,0x03,0x02,0x00,0x0f,0x2f,0x01,0x09,0x1f,
    0x22,0x00,0x1a,0x17,0x04,0x02,0x00,0x04,0x5e,0x02,0x02,0x57,0x00,0x02,0x02,0x00,
    0x03,0x4b,0x02,0x07,0xec,0x12,0x04,0x07,0x02,0x0b,0x76,0x24,0x0f,0x02,0x00,0x15,
    0x05,0xf1,0x01,0x15,0x18,0x91,0x30,0x01,0x6a,0x00,0x02,0x57,0x00,0x34,0x05,0x13,
    0x13,0x80,0x10,0x01,0xf1,0x00,0x15,0xc4,0x3f,0x02,0x03,0x39,0x02,0x02,0x02,0x00,
    0x06,0xd3,0x61,0x04,0xb2,0x04,0x05,0x5f,0x5a,0x02,0x43,0x01,0x7a,0xef,0xef,0xff,
    0xff,0xff,0xaf,0x30,0x92,0x2e,0x02,0xd8,0x00,0x0f,0xeb,0x05,0x03,0x1f,0x27,0x27,
    0x12,0x28,0x02,0x94,0x00,0x01,0x02,0x00,0x03,0x5d,0x00,0x07,0xea,0x05,0x0f,0x9c,
    0x0c,0x11,0x0f,0x02,0x00,0x0f,0x02,0x2f,0x06,0x02,0x84,0x0a,0x01,0x69,0x00,0x51,
    0xbf,0x00,0x00,0x00,0x05,0x99,0x15,0x12,0x43,0xfe,0x08,0x04,0x2f,0x05,0x03,0x82,
    0x00,0x01,0x02,0x00,0x02,0x48,0x77,0x0a,0x1f,0x83,0x01,0x2b,0x76,0x18,0xaf,0x0e,
    0x10,0x04,0xb6,0x6c,0x1b,0x70,0x0e,0x20,0x0f,0x2f,0x01,0x09,0x1f,0x05,0x35,0x65,
    0x05,0x0f,0x02,0x00,0x10,0x07,0x37,0x0e,0x02,0xec,0x05,0x01,0x51,0x0c,0x03,0x02,
    0x00,0x08,0x99,0x00,0x0f,0x02,0x00,0x0d,0x15,0x22,0x3f,0x07,0x0b,0x81,0x18,0x03,
    0xe6,0x1e,0x02,0x60,0x07,0x01,0x59,0x00,0x17,0xbf,0x15,0x00,0x02,0xef,0x06,0x01,
    0xde,0x05,0x0c,0x96,0x8c,0x2f,0x10,0x40,0x45,0x82,0x11,0x02,0x79,0x71,0x0c,0x04,
    0x12,0x0f,0x2f,0x01,0x09,0x0f,0x02,0x00,0x29,0x07,0x0b,0x21,0x02,0x38,0x15,0x02,
    0x69,0x00,0x02,0x02,0x00,0x03,0x9f,0x03,0x44,0x00,0x00,0x00,0x35,0x38,0x03,0x04,
    0x02,0x00,0x1c,0x18,0x18,0x0d,0x13,0x3a,0x11,0x04,0x55,0x18,0x43,0x4d,0x4d,0x4d,
    0x5e,0x0b,0x08,0x0f,0x19,0x41,0x4d,0x0a,0x00,0x0e,0x58,0x00,0x17,0xbf,0x77,0x5c,
    0x02,0x01,0x16,0x01,0x8e,0x03,0x0c,0xf3,0x00,0x03,0x02,0x00,0x05,0xd3,0x03,0x0f,
    0x02,0x00,0x04,0x15,0xaf,0xbb,0x00,0x07,0x02,0x00,0x02,0xc6,0x00,0x08,0xae,0x02,
    0x0f,0x02,0x00,0x33,0x0d,0xd9,0x05,0x01,0xba,0x00,0x03,0x02,0x00,0x06,0x63,0x00,
    0x0d,0x5b,0x53,0x12,0x18,0x17,0x02,0x0d,0x02,0x00,0x03,0x64,0x29,0x42,0x3f,0x05,
    0x00,0x05,0x84,0x22,0x13,0x05,0x47,0x0d,0x61,0x4d,0x4d,0x4d,0x22,0x05,0x4d,0x59,
    0x00,0x31,0xbf,0x00,0x18,0x10,0x00,0x01,0x02,0x00,0x01,0x80,0x08,0x01,0xd3,0x02,
    0x0f,0xdd,0x00,0x03,0x1f,0x27,0x99,0x05,0x0d,0x0f,0x90,0x0a,0x02,0x0f,0x2f,0x01,
    0x45,0x02,0x58,0x00,0x02,0x02,0x00,0x01,0x4d,0x02,0x01,0x05,0x09,0x02,0x02,0x00,
    0x02,0x6f,0x02,0x0f,0x02,0x00,0x1a,0x05,0xae,0x31,0x31,0x30,0x00,0x43,0x09,0x01,
    0x08,0x7d,0x63,0x31,0x27,0x00,0x3f,0x59,0x00,0x21,0xbf,0x00,0xb9,0x04,0x03,0x02,
    0x00,0x46,0x13,0x00,0x18,0x1d,0x97,0x10,0x0d,0x02,0x00,0x1f,0x2b,0x2f,0x01,0x0c,
    0x01,0xf8,0x08,0x0d,0xbc,0x01,0x02,0xd7,0x00,0x0f,0x81,0x01,0x03,0x0f,0x02,0x00,
    0x1c,0x18,0x18,0xa2,0x5c,0x01,0xd8,0x01,0x03,0x02,0x00,0x1b,0x50,0x9b,0x23,0x02,
    0xcd,0x04,0x0f,0x02,0x00,0x1a,0x06,0x0c,0x61,0x22,0x00,0x35,0x16,0x13,0x04,0x3d,
    0x1a,0x02,0xed,0x05,0x01,0x6a,0x00,0x16,0xbf,0xb0,0x1c,0x83,0x4d,0x4d,0x4d,0x13,
    0x0e,0x4d,0x4d,0x13,0x54,0x10,0x0f,0x6c,0x00,0x01,0x03,0x53,0x68,0x0f,0x02,0x00,
    0x05,0x04,0x5f,0x0f,0x0a,0x02,0x00,0x0f,0x2f,0x01,0x04,0x1f,0x0a,0x1a,0x3d,0x20,
    0x19,0x3a,0x49,0x07,0x07,0x09,0x07,0x01,0x8d,0x01,0x02,0x86,0x0c,0x01,0x02,0x00,
    0x01,0x10,0x00,0x03,0x02,0x00,0x0f,0x47,0x51,0x06,0x46,0x0a,0x27,0x27,0x27,0xeb,
    0x18,0x06,0x08,0x01,0x13,0x0e,0x39,0x00,0x07,0x0a,0x67,0x15,0x1d,0x2f,0x01,0x05,
    0x0e,0x1f,0x81,0x4d,0x4d,0x4d,0x13,0x05,0x48,0x48,0x0a,0xb6,0x01,0x0f,0x89,0x07,
    0x22,0x04,0xd0,0x10,0x0a,0x02,0x00,0x0f,0x2f,0x01,0x04,0x0a,0xfb,0x00,0x0f,0x02,
    0x00,0x13,0x13,0x0e,0xd2,0x0b,0x02,0x02,0x00,0x07,0x67,0x09,0x01,0x4e,0x02,0x01,
    0x29,0x01,0x02,0x02,0x00,0x09,0x19,0x07,0x06,0x13,0x01,0x02,0x02,0x00,0x03,0x6e,
    0x44,0x02,0xac,0x04,0x14,0x30,0x2c,0x3e,0x01,0x64,0x2f,0x01,0x02,0x00,0x02,0xba,
    0x04,0x08,0xcb,0x1d,0x23,0x48,0x05,0x5e,0x00,0x19,0xbf,0xf0,0x65,0x02,0x29,0x00,
    0x1e,0x9f,0xf8,0x0d,0x0f,0x02,0x00,0x12,0x01,0xd3,0x0b,0x01,0x17,0x03,0x09,0x02,
    0x00,0x0f,0x2f,0x01,0x04,0x1a,0x30,0xcd,0x0a,0x0f,0x02,0x00,0x20,0x07,0x1b,0x07,
    0x14,0xbf,0x7f,0x00,0x03,0x02,0x00,0x01,0xcc,0x04,0x0f,0x02,0x00,0x05,0x02,0x6c,
    0x53,0x04,0x6b,0x03,0x13,0x22,0x75,0x46,0x02,0x3e,0x01,0x27,0x4d,0x4d,0x71,0x04,
    0x21,0x05,0x3f,0x11,0x00,0x02,0xd7,0x10,0x01,0x5a,0x00,0x18,0xbf,0x47,0x6f,0x03,
    0x1f,0x0c,0x01,0x83,0x04,0x0e,0xf7,0x00,0x0f,0x02,0x00,0x0e,0x0f,0x5f,0x0f,0x00,
    0x05,0xa5,0x10,0x0f,0x92,0x10,0x00,0x0f,0x67,0x07,0x0d,0x0f,0x02,0x00,0x0e,0x07,
    0x1b,0x07,0x15,0xef,0x68,0x00,0x02,0x02,0x00,0x03,0x16,0x0d,0x0f,0x02,0x00,0x09,
    0x04,0xb4,0x05,0x14,0x43,0x11,0x7c,0x08,0x1c,0x01,0x03,0x02,0x00,0x03,0x92,0x0a,
    0x26,0x18,0x13,0x5e,0x02,0x04,0xa5,0x30,0x07,0xd5,0x31,0x0f,0x55,0x03,0x03,0x0f,
    0x02,0x00,0x0e,0x16,0xcf,0xce,0x10,0x08,0x02,0x00,0x0f,0x5e,0x02,0x04,0x0f,0x02,
    0x00,0x2f,0x01,0xd7,0x01,0x03,0x02,0x00,0x0b,0xd7,0x18,0x0a,0x5d,0x00,0x13,0x22,
    0x08,0x02,0x09,0x02,0x00,0x05,0xac,0x04,0x04,0x16,0x00,0x03,0x4c,0x02,0x19,0x1d,
    0xce,0x4e,0x01,0xf0,0x0c,0x35,0x30,0x4d,0x30,0x5e,0x02,0x05,0x02,0x2c,0x15,0x43,
    0xe3,0x04,0x0e,0x8e,0x03,0x2f,0x0a,0x43,0xfc,0x19,0x08,0x03,0x02,0x00,0x01,0x10,
    0x0c,0x09,0x35,0x04,0x02,0x02,0x00,0x0f,0x2f,0x01,0x46,0x02,0x59,0x00,0x02,0x02,
    0x00,0x19,0x30,0x6d,0x02,0x0b,0x48,0x08,0x04,0x88,0x68,0x09,0x02,0x00,0x0d,0x2f,
    0x01,0x89,0x00,0x00,0x1d,0x30,0x3a,0x27,0x0a,0x13,0x4f,0x06,0x01,0x02,0x00,0x37,
    0x2b,0x4d,0x27,0x2f,0x01,0x76,0x00,0x0a,0x27,0x3a,0x3a,0x30,0x1d,0xc8,0x10,0x01,
    0x88,0x00,0x09,0xf9,0x00,0x14,0x13,0xba,0x22,0x4f,0x70,0xcf,0xdf,0x9f,0xea,0x02,
    0x04,0x01,0x26,0x0a,0x0f,0x1c,0x00,0x00,0x01,0x4e,0x00,0x0f,0x8d,0x03,0x00,0x0f,
    0x02,0x00,0x2e,0x01,0x94,0x06,0x03,0x02,0x00,0x12,0x40,0x0c,0x04,0x03,0x02,0x00,
    0x1f,0xc9,0x5c,0x00,0x04,0x44,0x0a,0x22,0x27,0x18,0xb1,0x11,0x04,0x39,0x08,0x0c,
    0x7a,0x02,0x1f,0x05,0x4e,0x30,0x04,0x01,0x5b,0x00,0x02,0x63,0x0f,0x03,0xa7,0x09,
    0x05,0x43,0x06,0x07,0x25,0x14,0x02,0x02,0x00,0x22,0x05,0x30,0xd9,0x19,0x01,0x13,
    0x01,0x0b,0xbc,0x01,0x02,0x02,0x00,0x3f,0x1d,0x13,0xbf,0xd3,0x0b,0x01,0x05,0x54,
    0x04,0x08,0xdb,0x07,0x0f,0x02,0x00,0x21,0x1a,0x18,0xb8,0x0f,0x01,0x02,0x00,0x01,
    0xc2,0x00,0x02,0x02,0x00,0x19,0x60,0x29,0x07,0x0f,0xba,0x5f,0x04,0x01,0xce,0x05,
    0xa1,0x3f,0x0a,0x30,0x4d,0x00,0x00,0x00,0x00,0x05,0x43,0xc8,0x05,0x22,0x48,0x1d,
    0x2c,0x0f,0x0f,0x02,0x00,0x0e,0x01,0x68,0x00,0x09,0x2f,0x01,0x05,0xd8,0x16,0x01,
    0x20,0x0b,0x0f,0x29,0x02,0x00,0x03,0xb8,0x27,0x0f,0x78,0x06,0x00,0x39,0x22,0x4d,
    0x58,0x07,0x16,0x07,0x02,0x00,0x0d,0x5e,0x02,0x0f,0x62,0x2e,0x15,0x09,0x02,0x00,
    0x16,0x27,0x65,0x04,0x05,0x02,0x00,0x11,0xcf,0xc3,0x00,0x01,0x02,0x00,0x19,0x80,
    0x2f,0x01,0x0c,0x9c,0x01,0x11,0x0a,0x13,0x01,0x03,0x0c,0x07,0x13,0x3a,0x47,0x03,
    0x85,0x0a,0x3a,0x4d,0x4d,0x4d,0x43,0x0e,0x35,0xb3,0x1a,0x0f,0x02,0x00,0x0b,0x01,
    0x67,0x00,0x06,0x2f,0x01,0x08,0x44,0x22,0x01,0x13,0x08,0x09,0x8e,0x03,0x03,0x02,
    0x00,0x01,0x34,0x00,0x0f,0x2f,0x01,0x03,0x1f,0x90,0x6c,0x0e,0x05,0x0d,0x2f,0x01,
    0x0f,0xce,0x1a,0x22,0x1f,0x0e,0xe7,0x70,0x00,0x07,0x79,0x09,0x12,0x80,0xa1,0x06,
    0x03,0x02,0x00,0x1b,0x80,0x04,0x5c,0x21,0x1d,0x48,0x39,0x7e,0x01,0x4f,0x02,0x07,
    0x87,0x0a,0x3f,0x0a,0x13,0x0e,0xf5,0x1a,0x17,0x01,0x5b,0x00,0x07,0x2f,0x01,0x08,
    0x02,0x00,0x1c,0xdf,0x8b,0x1e,0x03,0x02,0x00,0x02,0xf2,0x15,0x0f,0x81,0x0f,0x01,
    0x23,0x1d,0xae,0x32,0x1b,0x0d,0x02,0x00,0x0d,0x2f,0x01,0x0f,0x5e,0x02,0x22,0x0f,
    0x02,0x00,0x01,0x07,0x2f,0x01,0x13,0xaf,0xd0,0x00,0x02,0x02,0x00,0x28,0x40,0x00,
    0x59,0x10,0x04,0x02,0x00,0x04,0xdd,0x05,0x05,0x74,0x04,0x0f,0x02,0x00,0x11,0x03,
    0x8b,0x02,0x03,0x5f,0x00,0x0f,0x2f,0x01,0x04,0x01,0xa4,0x04,0x0f,0x16,0x01,0x00,
    0x01,0x75,0x72,0x0f,0x77,0x02,0x01,0x02,0xdd,0x01,0x1f,0x8f,0x81,0x00,0x01,0x0d,
    0x2f,0x01,0x0f,0x02,0x00,0x36,0x07,0x79,0x09,0x13,0xbf,0xd0,0x00,0x02,0x02,0x00,
    0x0f,0xff,0x02,0x00,0x07,0xa5,0x0b,0x05,0x02,0x08,0x0e,0x02,0x00,0x21,0x05,0x30,
    0xb7,0x03,0x07,0x02,0x00,0x14,0x48,0x26,0x29,0x01,0x5a,0x00,0x0f,0x2f,0x01,0x04,
    0x01,0x15,0x08,0x01,0x90,0x1a,0x19,0x27,0x78,0x0c,0x4f,0x00,0x00,0x40,0x40,0x46,
    0x01,0x00,0x04,0x05,0x09,0x0f,0xa7,0x00,0x02,0x0f,0x2f,0x01,0x64,0x0a,0x4c,0x22,
    0x01,0x31,0x39,0x02,0x8d,0x03,0x2c,0x3a,0x27,0x13,0x01,0x06,0x02,0x00,0x21,0x13,
    0x4d,0x07,0x06,0x07,0x02,0x00,0x0f,0x2f,0x01,0x00,0x0b,0x45,0x14,0x04,0xd4,0x05,
    0x01,0x02,0x07,0x08,0x15,0x0c,0x0f,0x02,0x00,0x09,0x0f,0xd3,0x0b,0x04,0x0f,0x1a,
    0x07,0x36,0x0f,0x02,0x00,0x01,0x07,0x5e,0x02,0x12,0xcf,0xe2,0x1c,0x03,0x02,0x00,
    0x18,0x20,0xa7,0x52,0x33,0x0e,0x13,0x05,0x70,0x79,0x03,0x1a,0x07,0x1c,0x48,0x3c,
    0x08,0x07,0x02,0x00,0x09,0xa4,0x0a,0x01,0x31,0x08,0x04,0x8c,0x02,0x01,0x5b,0x00,
    0x01,0x5e,0x02,0x0f,0x1a,0x2a,0x00,0x01,0x97,0x10,0x14,0x20,0xa3,0x09,0x0f,0x02,
    0x00,0x08,0x04,0x6a,0x16,0x0f,0x32,0x1b,0x00,0x03,0x02,0x00,0x0f,0x5e,0x02,0x2e,
    0x0f,0x82,0x4c,0x06,0x09,0xd7,0x0b,0x02,0x67,0x00,0x02,0x02,0x00,0x01,0x2b,0x28,
    0x02,0x7f,0x00,0x01,0x6f,0x17,0x13,0x27,0xff,0x19,0x02,0x78,0x09,0x08,0x02,0x00,
    0x1f,0x18,0x5d,0x4c,0x16,0x01,0x5a,0x00,0x01,0x2f,0x01,0x02,0x8d,0x16,0x09,0x02,
    0x00,0x01,0x03,0x0a,0x0f,0x8b,0x04,0x02,0x0b,0x02,0x00,0x12,0x3a,0x93,0x0e,0x01,
    0x4c,0x07,0x0f,0x68,0x0e,0x03,0x02,0xc8,0x00,0x62,0x80,0x00,0x00,0x00,0x13,0x27,
    0xc4,0x0f,0x0f,0x02,0x00,0x1b,0x16,0x18,0x9e,0x0d,0x0b,0x02,0x00,0x02,0x5a,0x00,
    0x02,0x02,0x00,0x09,0x5e,0x02,0x07,0x28,0x00,0x02,0x5e,0x09,0x02,0x9b,0x1c,0x0f,
    0x02,0x00,0x00,0x12,0x1d,0x43,0x16,0x0f,0x02,0x00,0x10,0x01,0x67,0x00,0x01,0x2f,
    0x01,0x1d,0x18,0xa1,0x15,0x02,0x04,0x07,0x1f,0xdf,0x46,0x00,0x10,0x12,0x48,0xee,
    0x03,0x01,0x1c,0x06,0x0f,0xaa,0x09,0x01,0x04,0xd5,0x00,0x52,0x80,0x00,0x00,0x00,
    0x48,0x5b,0x01,0x0f,0x02,0x00,0x1c,0x2f,0x27,0x4d,0x1a,0x09,0x05,0x0f,0x2f,0x01,
    0x0b,0x01,0x95,0x02,0x04,0x6c,0x09,0x0f,0x74,0x00,0x1c,0x0f,0x02,0x00,0x00,0x06,
    0x2f,0x01,0x0f,0x02,0x00,0x01,0x01,0x8e,0x03,0x0f,0x25,0x14,0x03,0x09,0x02,0x00,
    0x03,0xa7,0x37,0x0f,0x5f,0x0f,0x04,0x0c,0x2f,0x01,0x0c,0x56,0x18,0x0f,0x02,0x00,
    0x11,0x1f,0x05,0x0c,0x66,0x06,0x0f,0x2f,0x01,0x0b,0x01,0x2a,0x28,0x0f,0x2f,0x01,
    0x29,0x07,0x89,0x0a,0x0f,0x97,0x1d,0x06,0x04,0x02,0x00,0x01,0x53,0x3f,0x0f,0x8e,
    0x03,0x11,0x01,0x02,0x00,0x01,0x4a,0x07,0x0f,0x61,0x08,0x03,0x03,0x26,0x03,0x0f,
    0x8d,0x03,0x27,0x0f,0x02,0x00,0x07,0x0f,0x2f,0x01,0x0b,0x01,0x02,0x00,0x03,0xa3,
    0x45,0x17,0x35,0x03,0x56,0x1f,0x1d,0x05,0x02,0x05,0x12,0x2b,0xe9,0x0d,0x04,0x02,
    0x00,0x1a,0x0e,0x73,0x08,0x0f,0x5e,0x02,0x0b,0x2d,0x13,0xb7,0x97,0x10,0x0f,0x02,
    0x00,0x08,0x01,0x8c,0x02,0x0f,0x62,0x08,0x03,0x07,0x2f,0x01,0x0f,0x02,0x00,0x3d,
    0x0f,0x2f,0x01,0x10,0x03,0x5c,0x17,0x17,0x0e,0xd7,0x25,0x0f,0xc4,0x61,0x06,0x0b,
    0xf5,0x03,0x0f,0x2f,0x01,0x1a,0x2f,0x27,0x85,0xbd,0x05,0x07,0x0e,0x02,0x00,0x0f,
    0x32,0x1b,0x02,0x03,0x02,0x00,0x02,0xd5,0x00,0x0c,0xc7,0x0d,0x0f,0x02,0x00,0x31,
    0x01,0x60,0x06,0x03,0x02,0x00,0x11,0x20,0x3e,0x05,0x02,0x02,0x00,0x04,0x74,0x05,
    0x99,0x0a,0x00,0x00,0x00,0x05,0x2b,0x48,0x4d,0x3f,0xc8,0x0b,0x03,0x17,0x1b,0x01,
    0xd0,0x81,0x05,0x26,0x0f,0x01,0x0e,0x00,0x0b,0x90,0x09,0x0f,0x8d,0x03,0x19,0x3e,
    0x0e,0x48,0xf4,0x4d,0x23,0x07,0x02,0x00,0x09,0x1f,0x06,0x01,0x48,0x07,0x0f,0x11,
    0x01,0x05,0x0f,0x2f,0x01,0x47,0x02,0xe7,0x21,0x02,0x02,0x00,0x17,0x40,0x85,0x09,
    0x12,0xbf,0xda,0x81,0x0f,0xd4,0x18,0x06,0x05,0x02,0x00,0x02,0xa7,0x06,0x0f,0x02,
    0x00,0x13,0x01,0x67,0x00,0x01,0x1a,0x07,0x0f,0x02,0x00,0x03,0x01,0x0b,0x17,0x2f,
    0x70,0x40,0x01,0x00,0x03,0x46,0x49,0x7a,0x7a,0x66,0x1a,0x00,0x01,0x4b,0x0e,0x0f,
    0x13,0x04,0x05,0x0f,0x2f,0x01,0x27,0x1f,0x22,0xb2,0x07,0x00,0x09,0x02,0x00,0x01,
    0xc3,0x00,0x02,0x02,0x00,0x0a,0x2f,0x01,0x01,0x4a,0x3c,0x0f,0x8f,0x31,0x02,0x09,
    0x02,0x00,0x1f,0x2b,0xb4,0x00,0x05,0x0f,0x02,0x00,0x00,0x01,0x67,0x00,0x0f,0x2f,
    0x01,0x08,0x08,0xeb,0x02,0x0f,0x02,0x00,0x10,0x04,0x02,0x03,0x0d,0x02,0x00,0x0f,
    0x2f,0x01,0x26,0x14,0x1d,0x94,0x14,0x0f,0x02,0x00,0x06,0x07,0x97,0x00,0x19,0x40,
    0x8d,0x03,0x02,0xd7,0x19,0x07,0x84,0x03,0x0f,0xf1,0x09,0x21,0x0a,0x02,0x00,0x01,
    0x6c,0x00,0x0f,0x2f,0x01,0x08,0x01,0xa0,0x1d,0x0f,0x02,0x00,0x17,0x1a,0x50,0x5e,
    0x00,0x06,0x02,0x00,0x0f,0x2f,0x01,0x54,0x02,0x67,0x00,0x02,0x02,0x00,0x03,0x9d,
    0x0a,0x05,0x2b,0x22,0x22,0x00,0x00,0x46,0x23,0x57,0x00,0x00,0x00,0x00,0x22,0x45,
    0x01,0x0f,0x02,0x00,0x05,0x0d,0x0b,0x0d,0x04,0xf9,0x03,0x0d,0x2f,0x01,0x16,0x18,
    0x7a,0x0b,0x22,0x10,0xcf,0x7d,0x00,0x0f,0x02,0x00,0x12,0x0f,0x46,0x08,0x04,0x0f,
    0x2f,0x01,0x29,0x2f,0x00,0x1d,0x8d,0x03,0x0c,0x08,0x00,0x03,0x1f,0x20,0x2f,0x01,
    0x00,0x16,0x2b,0x39,0x3c,0x05,0x49,0x08,0x0f,0x91,0x3f,0x03,0x19,0x1d,0x00,0x27,
    0x1a,0x22,0x43,0x08,0x02,0x02,0x00,0x01,0x06,0x01,0x0c,0x2f,0x01,0x19,0x0a,0x53,
    0x0f,0x02,0xaa,0x24,0x0f,0x02,0x00,0x0f,0x1f,0xef,0x88,0x9c,0x09,0x02,0xc8,0x00,
    0x0f,0x09,0x06,0x05,0x0f,0x02,0x00,0x29,0x02,0x5a,0x00,0x02,0x02,0x00,0x03,0xb0,
    0x08,0x02,0x02,0x00,0x03,0x0a,0x14,0x0f,0x4d,0x31,0x02,0x05,0x39,0x01,0x08,0x02,
    0x00,0x19,0x35,0xf8,0x0b,0x0c,0x77,0x0d,0x3f,0x13,0x3a,0x2b,0x2f,0x01,0x12,0x0f,
    0x02,0x00,0x32,0x02,0xd5,0x00,0x0f,0x2f,0x01,0x5b,0x01,0xeb,0x05,0x07,0x8c,0x03,
    0x0f,0x02,0x00,0x00,0x27,0x05,0x35,0x20,0x00,0x12,0x05,0x82,0x20,0x6d,0x13,0x35,
    0x43,0x3f,0x30,0x05,0x5e,0x42,0x42,0x3a,0x4d,0x4d,0x0e,0x86,0x07,0x0c,0x5e,0x02,
    0x22,0x00,0x18,0x39,0x00,0x0f,0x02,0x00,0x04,0x2f,0x22,0x4d,0xbe,0x28,0x1f,0x0f,
    0x2f,0x01,0x61,0x02,0xb7,0x11,0x0f,0xc5,0x00,0x04,0x02,0x02,0x00,0x03,0x21,0x1b,
    0x44,0x0e,0x35,0x4d,0x48,0x7b,0x15,0x02,0x8d,0x24,0x05,0x23,0x1c,0x41,0x0a,0x30,
    0x43,0x48,0xee,0x13,0x4f,0x2b,0x4d,0x48,0x05,0x2f,0x01,0x04,0x0f,0x02,0x00,0x0b,
    0x1f,0x3a,0xb4,0x01,0x0d,0x07,0x02,0x00,0x22,0x05,0x30,0x56,0x95,0x0f,0x2f,0x01,
    0x63,0x0a,0x02,0x00,0x0f,0xd4,0x46,0x00,0x02,0x4d,0x6c,0x02,0x21,0x28,0x12,0x3f,
    0x5b,0x01,0x03,0x6c,0x42,0x03,0x0f,0x13,0x02,0x1b,0x00,0x01,0xfb,0x56,0x17,0x0e,
    0xc6,0x1e,0x0f,0x02,0x00,0x19,0x0f,0x1e,0x10,0x07,0x0e,0x02,0x00,0x13,0x22,0x79,
    0x00,0x0f,0x2f,0x01,0x1e,0x1f,0x0a,0xd1,0x36,0x09,0x08,0x02,0x00,0x02,0x5a,0x00,
    0x02,0x02,0x00,0x09,0xbc,0x04,0x04,0x8f,0x0d,0x12,0x18,0x7a,0x24,0x07,0xd3,0x54,
    0x02,0x0a,0x2d,0x33,0x05,0x1d,0x27,0xd0,0x0b,0x03,0x51,0x23,0x01,0xd0,0x0b,0x03,
    0x8f,0x0f,0x04,0x51,0x15,0x02,0x5e,0x07,0x05,0xfd,0x11,0x01,0x67,0x00,0x03,0x8d,
    0x03,0x2f,0x05,0x27,0x12,0x12,0x06,0x0a,0x02,0x00,0x0f,0x34,0x46,0x17,0x0f,0x2f,
    0x01,0x27,0x1f,0x1d,0xf6,0x56,0x04,0x0d,0x02,0x00,0x01,0xaa,0x0e,0x03,0x02,0x00,
    0x03,0xd0,0x00,0x02,0x02,0x00,0x04,0x05,0x17,0x05,0x06,0x70,0x13,0x05,0x14,0x15,
    0x11,0x0e,0x1f,0x3e,0x01,0x38,0x02,0x02,0x52,0x02,0x08,0x51,0x02,0x0a,0x2f,0x01,
    0x05,0x0e,0x00,0x03,0x73,0x01,0x01,0x5a,0x00,0x12,0xc9,0x27,0x01,0x15,0x35,0x45,
    0x01,0x0f,0x02,0x00,0x37,0x22,0x05,0x22,0x88,0x35,0x02,0x04,0x02,0x0f,0xeb,0x05,
    0x18,0x0f,0x5e,0x02,0x16,0x07,0xf8,0x0c,0x13,0xcf,0xd0,0x00,0x02,0x02,0x00,0x1f,
    0x49,0xc6,0x00,0x05,0x11,0x0a,0x7f,0x1b,0x02,0x13,0x1a,0x01,0xea,0x05,0x03,0x43,
    0x02,0x01,0xde,0x0b,0x03,0xbe,0x10,0x03,0xf5,0x1f,0x04,0xe6,0x1e,0x03,0x0f,0x00,
    0x02,0xbc,0x04,0x12,0xd3,0x1b,0x21,0x13,0x3a,0x90,0x02,0x0f,0x02,0x00,0x03,0x1f,
    0x0a,0x2d,0x23,0x2a,0x0f,0x2f,0x01,0x1e,0x0f,0x02,0x00,0x16,0x07,0x2f,0x01,0x0a,
    0x0a,0x1a,0x1f,0x85,0x43,0x00,0x0b,0x03,0xe3,0x18,0x07,0x7c,0x1c,0x02,0x35,0x02,
    0x02,0x47,0x01,0x03,0xd2,0x0a,0x01,0xd9,0x17,0x01,0x71,0x3b,0x02,0x4d,0x00,0x01,
    0x89,0x01,0x12,0xd3,0x0a,0x06,0x24,0x0e,0x3a,0x1e,0x06,0x0f,0x02,0x00,0x00,0x1f,
    0x0a,0xd7,0x13,0x23,0x04,0x02,0x00,0x0f,0x2f,0x01,0x55,0x07,0x3d,0x28,0x14,0x84,
    0x7c,0x00,0x09,0x02,0x00,0x32,0x18,0x3a,0x3a,0x07,0x2d,0x02,0x07,0x01,0x01,0x65,
    0x03,0x02,0x77,0x23,0x01,0x5d,0x02,0x0b,0x0d,0x00,0x07,0xac,0x2a,0x01,0x46,0x00,
    0x04,0x2f,0x01,0x01,0xfc,0x05,0x0f,0x02,0x00,0x09,0x2f,0x13,0x4d,0xe6,0x0a,0x01,
    0x0f,0x02,0x00,0x04,0x22,0x05,0x22,0xaa,0x01,0x06,0x02,0x00,0x0f,0x2f,0x01,0x47,
    0x0a,0x97,0x1d,0x07,0x0e,0x00,0x04,0xfa,0x03,0x12,0x05,0x1f,0x01,0x02,0x9f,0x39,
    0x01,0x8d,0x04,0x01,0xa5,0x44,0x02,0x46,0x02,0x01,0x8d,0x03,0x56,0x00,0x05,0x22,
    0x35,0x2b,0xb2,0x00,0x33,0x18,0x27,0x27,0xe6,0x04,0x05,0x4f,0x28,0x03,0x58,0x08,
    0x15,0x13,0x2f,0x01,0x03,0x57,0x2e,0x0f,0x02,0x00,0x06,0x1f,0x05,0x5e,0x02,0x19,
    0x1d,0x35,0xd7,0x03,0x0f,0x2f,0x01,0x52,0x0a,0x24,0x21,0x04,0xc3,0x51,0x13,0x0a,
    0x08,0x5b,0x31,0x27,0x4d,0x13,0x9a,0x00,0x03,0x0d,0x2f,0x2f,0x0a,0x3f,0x25,0x02,
    0x10,0x03,0x30,0x01,0x01,0xac,0x04,0x09,0x2f,0x01,0x03,0x39,0x07,0x0f,0x02,0x00,
    0x08,0x0f,0x96,0x0e,0x10,0x04,0x02,0x00,0x0e,0x9a,0x09,0x0f,0x2f,0x01,0x15,0x2f,
    0x0a,0x43,0x96,0x19,0x16,0x03,0x02,0x00,0x07,0x7f,0x03,0x13,0x80,0x08,0x23,0x02,
    0x02,0x00,0x2a,0xbf,0x48,0xb2,0x00,0x22,0x05,0x13,0x9a,0x00,0x05,0x99,0x04,0x06,
    0xd5,0x33,0x01,0x02,0x00,0x1f,0x05,0xaa,0x1d,0x03,0x26,0x0a,0x1d,0xeb,0x2b,0x06,
    0x5e,0x02,0x01,0x70,0x21,0x01,0x02,0x00,0x26,0x18,0x27,0x8d,0x02,0x02,0xba,0x09,
    0x0f,0x02,0x00,0x1e,0x24,0x1d,0x48,0x90,0x01,0x04,0x02,0x00,0x0f,0x2f,0x01,0x15,
    0x18,0x22,0x8a,0x00,0x0f,0x02,0x00,0x12,0x02,0x1c,0x01,0x01,0x02,0x00,0x19,0x60,
    0xf9,0x05,0x19,0xcf,0x9c,0x0f,0x21,0x05,0x13,0x3d,0x01,0x02,0xeb,0x06,0x01,0x0b,
    0x00,0x01,0x02,0x00,0x07,0x24,0x01,0x08,0x4f,0x0a,0x36,0x05,0x3a,0x48,0x9d,0x03,
    0x06,0x02,0x00,0x11,0x05,0x67,0x00,0x17,0xd3,0x97,0x02,0x03,0x70,0x4e,0x02,0x09,
    0x96,0x17,0x1d,0xc0,0x24,0x0f,0x02,0x00,0x2b,0x0f,0x2f,0x01,0x15,0x15,0x0e,0x73,
    0x05,0x0f,0x02,0x00,0x14,0x01,0xc4,0x15,0x03,0x02,0x00,0x13,0x40,0xbc,0x1b,0x03,
    0x02,0x00,0x08,0x42,0x00,0x22,0x0e,0x48,0x65,0x09,0x01,0x48,0x0e,0x07,0x79,0x37,
    0x16,0x27,0x92,0x05,0x08,0x83,0x10,0x13,0x27,0x05,0x06,0x0c,0x02,0x00,0x01,0x5a,
    0x00,0x03,0x1a,0x07,0x01,0xdf,0x1e,0x03,0xb3,0x09,0x02,0xc1,0x09,0x1f,0x3a,0x36,
    0x00,0x04,0x0f,0x02,0x00,0x1f,0x0f,0x2f,0x01,0x15,0x0f,0xab,0x8e,0x17,0x03,0x02,
    0x00,0x02,0x59,0x00,0x02,0x02,0x00,0x1a,0x30,0x0f,0x00,0x13,0x10,0x23,0x00,0x14,
    0x13,0xa3,0x2b,0x01,0x27,0x01,0x02,0x18,0x9c,0x13,0x18,0x1c,0x00,0x35,0x18,0x4d,
    0x43,0x42,0x03,0x23,0x18,0x13,0x15,0x00,0x39,0x00,0x00,0x13,0xb6,0x01,0x06,0x74,
    0x9d,0x01,0x68,0x00,0x16,0xd3,0x34,0x0f,0x02,0x30,0x06,0x04,0xe0,0x03,0x13,0x35,
    0x63,0x00,0x0f,0x02,0x00,0x12,0x1f,0x2b,0x5e,0x07,0x09,0x02,0xd6,0x00,0x04,0xad,
    0x06,0x0f,0x02,0x00,0x38,0x09,0xf4,0x1f,0x0a,0xfe,0x12,0x12,0x40,0x22,0x0b,0x33,
    0x13,0x4d,0x13,0x37,0x08,0x01,0x36,0x08,0x01,0x15,0x02,0x06,0x54,0x02,0x0f,0x02,
    0x00,0x04,0x16,0x0e,0x3b,0x01,0x35,0x00,0x05,0x48,0x43,0x1f,0x01,0x2f,0x01,0x15,
    0xce,0xe6,0x03,0x05,0x68,0x08,0x02,0x2b,0x07,0x1f,0x05,0xaf,0x40,0x18,0x2f,0x0e,
    0x4d,0xba,0x03,0x09,0x0f,0x2f,0x01,0x46,0x07,0xa6,0x0a,0x01,0xd9,0x45,0x01,0xd1,
    0x00,0x02,0x02,0x00,0x12,0x69,0x39,0x11,0x01,0xc1,0x21,0x01,0x17,0x0e,0x01,0x15,
    0x0e,0x01,0x5c,0x09,0x13,0x48,0x1a,0x08,0x0f,0x02,0x00,0x12,0x13,0x13,0x4c,0x07,
    0x04,0xd6,0x0b,0x03,0x34,0x0e,0x0a,0x31,0x34,0x0f,0x2b,0x07,0x0f,0x0a,0x02,0x00,
    0x19,0x0e,0x43,0x05,0x0c,0x02,0x00,0x0f,0x2f,0x01,0x0c,0x0f,0x33,0x15,0x0d,0x0f,
    0x02,0x00,0x07,0x01,0x7c,0x19,0x02,0x02,0x00,0x01,0xc7,0x00,0x0a,0x29,0x07,0x41,
    0x00,0x00,0x00,0x05,0xd5,0x3a,0x21,0x0e,0x43,0x90,0x05,0x05,0x50,0x09,0x06,0x02,
    0x00,0x25,0x05,0x35,0x9d,0x0b,0x21,0x2b,0x3f,0xaf,0x03,0x0c,0x02,0x00,0x0c,0x5e,
    0x02,0x01,0x68,0x00,0x01,0x02,0x00,0x01,0xc6,0x09,0x03,0x02,0x00,0x01,0x11,0x00,
    0x0f,0x02,0x00,0x18,0x11,0x18,0x8b,0x0d,0x0f,0x02,0x00,0x04,0x0f,0x2f,0x01,0x0b,
    0x0f,0x50,0x0f,0x16,0x0e,0x02,0x00,0x07,0x98,0x0a,0x01,0x69,0x09,0x07,0x10,0x00,
    0x01,0xd7,0x00,0x23,0x0a,0x48,0x14,0x11,0x51,0x13,0x0e,0x00,0x00,0x1d,0x5d,0x0f,
    0x01,0x02,0x00,0x01,0x74,0x02,0x02,0xa8,0x10,0x31,0x4d,0x35,0x35,0xc8,0x5f,0x52,
    0x13,0x4d,0x4d,0x4d,0x13,0x41,0x07,0x37,0x00,0x00,0x1d,0x1a,0x07,0x0b,0xbc,0x04,
    0x01,0x58,0x00,0x01,0x02,0x00,0x04,0x61,0x0e,0x06,0xc2,0x10,0x0f,0x02,0x00,0x34,
    0x02,0x63,0x04,0x0f,0xbc,0x04,0x05,0x1f,0x27,0x3f,0x08,0x1e,0x05,0x02,0x00,0x0c,
    0x43,0x35,0x07,0x79,0x09,0x01,0x97,0x1a,0x01,0x98,0x31,0x04,0x89,0x04,0x16,0x18,
    0x8e,0x17,0x71,0x35,0x4d,0x43,0x27,0x3a,0x3a,0x1d,0x11,0x07,0x03,0x15,0x0e,0x03,
    0xfd,0x00,0x01,0x04,0x09,0x1f,0x30,0xb6,0x05,0x03,0x01,0xc7,0x02,0x14,0xc4,0x4f,
    0x00,0x05,0x9d,0x0f,0x07,0x5a,0x08,0x0f,0x02,0x00,0x09,0x2f,0x13,0x48,0xdf,0x05,
    0x09,0x08,0x02,0x00,0x02,0x63,0x04,0x0f,0x29,0x1a,0x05,0x37,0x0a,0x43,0x4d,0xcd,
    0x01,0x0f,0x02,0x00,0x19,0x08,0x48,0x08,0x01,0x5e,0x00,0x07,0x3b,0x1b,0x33,0xff,
    0x18,0x2b,0xbc,0x06,0x06,0xe0,0x00,0x05,0x02,0x00,0x03,0xd4,0x06,0x41,0x13,0x00,
    0x00,0x18,0xd8,0x04,0x51,0x4d,0x13,0x00,0x00,0x18,0x5c,0x01,0x01,0x77,0x0f,0x5e,
    0x4d,0x4d,0x4d,0x3a,0x0a,0x37,0x00,0x01,0x2f,0x01,0x16,0xf4,0x75,0x01,0x11,0x18,
    0x2b,0x01,0x0d,0xc2,0x64,0x0f,0x02,0x00,0x04,0x1f,0x3a,0xe3,0x04,0x16,0x02,0x63,
    0x04,0x04,0x83,0x12,0x0f,0x02,0x00,0x37,0x02,0xe5,0x03,0x02,0x02,0x00,0x01,0x07,
    0x0f,0x08,0x11,0x00,0x21,0x5d,0x3a,0xe8,0x03,0x34,0x4d,0x48,0x0a,0xf3,0x33,0xb1,
    0x00,0x00,0x1d,0x3a,0x1d,0x30,0x48,0x35,0x0e,0x00,0x0e,0x21,0xb0,0x61,0x4d,0x27,
    0x0e,0x27,0x1d,0x27,0xf1,0x00,0x42,0x13,0x13,0x27,0x0a,0x0a,0x00,0x15,0x4d,0xc3,
    0x2a,0x0d,0xac,0x0a,0x02,0xeb,0x03,0x16,0x6e,0xd4,0x0b,0x03,0xb3,0x10,0x02,0x55,
    0x06,0x0f,0x02,0x00,0x0d,0x1f,0x30,0x45,0x03,0x16,0x02,0x82,0x05,0x04,0x0a,0x09,
    0x0f,0x02,0x00,0x37,0x02,0xb6,0x02,0x02,0x02,0x00,0x01,0x56,0x00,0x08,0x6f,0x02,
    0x03,0x58,0x2b,0x45,0x35,0x0e,0x00,0x22,0x5b,0x0d,0x02,0x56,0x02,0x41,0x3a,0x00,
    0x1d,0x1d,0x55,0x02,0x41,0x27,0x48,0x4d,0x4d,0x13,0x00,0x52,0x48,0x1d,0x4d,0x4d,
    0x48,0xc9,0x1d,0x01,0xe5,0x06,0x12,0x18,0x81,0x0a,0x12,0x13,0xfc,0x02,0x02,0xb6,
    0x0b,0x04,0xeb,0x03,0x13,0xb1,0x9a,0x16,0x01,0x94,0x08,0x3d,0x30,0x3a,0x3a,0x80,
    0x4e,0x07,0x02,0x00,0x08,0xfe,0x39,0x23,0x05,0x30,0xee,0x0f,0x0f,0x02,0x00,0x0d,
    0x02,0xf4,0x01,0x01,0x4d,0x04,0x06,0x02,0x00,0x0f,0xcf,0x1f,0x0e,0x0f,0x02,0x00,
    0x10,0x02,0xb6,0x02,0x01,0x02,0x00,0x01,0x46,0x2b,0x02,0x92,0x46,0x03,0x02,0x00,
    0x15,0xb3,0x2a,0x5d,0x15,0x0e,0xce,0x4c,0x21,0x1d,0x3a,0x0d,0x14,0xf2,0x07,0x22,
    0x4d,0x4d,0x35,0x48,0x4d,0x4d,0x48,0x0a,0x4d,0x4d,0x4d,0x2b,0x48,0x4d,0x4d,0x48,
    0x13,0x27,0x4d,0x4d,0x4d,0x2c,0x02,0x53,0x3a,0x1d,0x43,0x43,0x18,0x67,0x03,0x13,
    0x35,0x6a,0x02,0x03,0x84,0x08,0x02,0x83,0x05,0x2f,0xf4,0x15,0x9a,0x00,0x10,0x02,
    0x02,0x00,0x1f,0x3f,0x5e,0x09,0x09,0x0f,0x02,0x00,0x06,0x02,0xc5,0x02,0x0a,0x2a,
    0x26,0x12,0x2b,0x8d,0x00,0x0f,0x02,0x00,0x2b,0x13,0xcf,0x1a,0x01,0x06,0xe8,0x36,
    0x02,0x6b,0x00,0x01,0x02,0x00,0x18,0xde,0x73,0x28,0xf1,0x03,0x0e,0x27,0x1d,0x43,
    0x4d,0x3f,0x05,0x05,0x13,0x35,0x4d,0x4d,0x4d,0x43,0x27,0x4d,0x4d,0x3f,0x34,0x07,
    0x41,0x30,0x4d,0x43,0x30,0xc0,0x38,0x41,0x1d,0x4d,0x4d,0x48,0x8d,0x03,0x63,0x3a,
    0x0e,0x4d,0x4d,0x4d,0x4d,0x69,0x02,0x22,0x3a,0x00,0xb4,0x09,0x02,0xe9,0x11,0x04,
    0x5a,0x06,0x0a,0xc9,0x00,0x0f,0x02,0x00,0x08,0x13,0x13,0x0b,0x05,0x0f,0x02,0x00,
    0x1b,0x02,0x95,0x01,0x02,0x5d,0x04,0x05,0x02,0x00,0x12,0x3a,0x0b,0x0b,0x0f,0x02,
    0x00,0x2a,0x08,0x7b,0x03,0x03,0x77,0x07,0x08,0x9f,0x03,0x06,0xe7,0x00,0x01,0x6f,
    0x00,0xe1,0x4d,0x4d,0x4d,0x27,0x43,0x4d,0x3f,0x43,0x4d,0x4d,0x27,0x0a,0x35,0x3a,
    0x66,0x63,0x05,0xa4,0x11,0x41,0x00,0x00,0x18,0x27,0x28,0x01,0x12,0x48,0x4c,0x2e,
    0x01,0x3a,0x01,0x02,0xd1,0x01,0x11,0x0e,0x98,0x03,0x11,0x48,0x32,0x01,0x03,0x5e,
    0x00,0x0f,0xaf,0x1f,0x07,0x28,0x00,0x0e,0x76,0x16,0x1f,0x0a,0x34,0x07,0x14,0x09,
    0x02,0x00,0x12,0x20,0xee,0x07,0x03,0x2e,0x03,0x04,0x02,0x00,0x15,0x18,0xe3,0x02,
    0x0f,0x02,0x00,0x27,0x02,0xe5,0x03,0x02,0x02,0x00,0x03,0x48,0x06,0x03,0x9b,0x01,
    0x01,0x02,0x00,0x44,0x7a,0x4d,0x13,0x0a,0x87,0x03,0x11,0x13,0x86,0x03,0x52,0x27,
    0x4d,0x4d,0x48,0x48,0x35,0x02,0x23,0x05,0x48,0x19,0x0e,0x24,0x13,0x4d,0x36,0x08,
    0x01,0x52,0x01,0x01,0x42,0x03,0x13,0x3f,0x2f,0x01,0x44,0x0e,0x1d,0x27,0x13,0x90,
    0x63,0x14,0x2b,0x50,0x29,0x0f,0xe3,0x33,0x03,0x02,0x02,0x00,0x13,0x1d,0x7e,0x14,
    0x03,0x02,0x00,0x1f,0x18,0xa2,0x16,0x09,0x0f,0x02,0x00,0x03,0x13,0x10,0x32,0x03,
    0x03,0xd0,0x00,0x05,0x02,0x00,0x07,0x93,0x26,0x0f,0x02,0x00,0x25,0x03,0xed,0x01,
    0x01,0x02,0x00,0x12,0x10,0x45,0x00,0x01,0xf3,0x29,0x03,0x02,0x00,0x23,0x9c,0x18,
    0xcd,0x96,0xe2,0x27,0x35,0x18,0x00,0x22,0x35,0x4d,0x4d,0x4d,0x1d,0x18,0x35,0x0e,
    0x3a,0x35,0x02,0x24,0x00,0x0a,0xe1,0x12,0x14,0x0a,0x03,0x1b,0x12,0x3a,0xed,0xb4,
    0x31,0x05,0x22,0x22,0x7b,0x02,0x82,0x4d,0x3f,0x13,0x30,0x4d,0x4d,0x4d,0x18,0x0d,
    0x00,0x02,0x77,0x3d,0x04,0xa9,0x08,0x12,0x70,0x6e,0x00,0x46,0x00,0x00,0x13,0x35,
    0x85,0x21,0x03,0x51,0x13,0x03,0xe9,0x04,0x0f,0x02,0x00,0x23,0x04,0xaa,0x86,0x01,
    0x0d,0x0b,0x08,0x29,0x06,0x0f,0x02,0x00,0x30,0x01,0x54,0x26,0x02,0x02,0x00,0x05,
    0x48,0x06,0x02,0x85,0x07,0x01,0x02,0x00,0x01,0xcd,0x3e,0x42,0x00,0x13,0x3f,0x3a,
    0x58,0x02,0x12,0x35,0x57,0x02,0x25,0x0a,0x30,0xf7,0x0c,0x0b,0x02,0x00,0x24,0x05,
    0x30,0x0d,0x02,0x01,0x2e,0x07,0x12,0x3a,0xe8,0x3f,0x11,0x3a,0x44,0x07,0x02,0x9b,
    0x09,0x31,0x00,0x18,0xd3,0x5a,0x00,0x32,0xff,0xff,0xbf,0xfe,0x01,0x11,0x0a,0xf9,
    0x04,0x06,0x48,0x00,0x13,0x35,0x28,0x00,0x0f,0x02,0x00,0x24,0x14,0x20,0x67,0x0b,
    0x22,0xef,0x20,0x7c,0x01,0x04,0x3b,0x11,0x0f,0x02,0x00,0x32,0x02,0xe6,0x03,0x01,
    0x02,0x00,0x14,0x9f,0x51,0x00,0x07,0x43,0x01,0x01,0x75,0x0f,0x03,0x98,0x3f,0x41,
    0x27,0x4d,0x48,0x2b,0x02,0x01,0x0f,0x02,0x00,0x12,0x09,0x2f,0x01,0x02,0xbe,0x0a,
    0x02,0x38,0x06,0x24,0x3a,0x58,0xbb,0x78,0x42,0xff,0xcf,0x70,0x40,0xca,0x03,0x01,
    0x7a,0x08,0x03,0x02,0x00,0x2f,0x05,0x35,0x0c,0x0e,0x09,0x0f,0x02,0x00,0x0b,0x26,
    0x30,0x60,0xbc,0x00,0x01,0x8d,0x01,0x0f,0x29,0x06,0x22,0x0f,0x02,0x00,0x07,0x08,
    0xad,0x24,0x05,0x1e,0x03,0x04,0x2f,0x03,0x06,0x2f,0x57,0x02,0x25,0x08,0x4f,0x0e,
    0x0a,0x05,0x2b,0xf8,0x08,0x14,0x01,0x59,0x05,0x01,0x55,0x03,0x51,0x27,0x4d,0x4d,
    0x48,0x1d,0x3c,0x01,0x03,0x94,0x04,0x25,0x35,0x4d,0x19,0x7b,0x0f,0x02,0x00,0x49,
    0x02,0x4c,0x06,0x18,0x48,0xac,0x06,0x0f,0x02,0x00,0x2f,0x0e,0x1a,0x01,0x0d,0x44,
    0x01,0x7f,0x05,0x35,0x3a,0x1d,0x30,0x4d,0x3f,0x3c,0x55,0x11,0x09,0x02,0x00,0x21,
    0x18,0x35,0x49,0x22,0x33,0x00,0x0e,0x13,0xb1,0x0a,0x03,0x88,0x1c,0x2f,0x0e,0x48,
    0xd3,0x7f,0x4e,0x05,0x95,0x50,0x06,0x5e,0x05,0x0f,0x02,0x00,0x33,0x06,0xbc,0x02,
    0x03,0x78,0x03,0x01,0x02,0x00,0x07,0xa2,0x03,0xb7,0xaf,0x35,0x3f,0x4d,0x4d,0x4d,
    0x35,0x4d,0x3a,0x48,0x4d,0x8a,0x0b,0x0f,0x02,0x00,0x1b,0x03,0xba,0x04,0xdf,0x3a,
    0x18,0x1d,0x48,0x4d,0x43,0x0e,0x00,0x13,0x4d,0x4d,0x58,0xc7,0x59,0x02,0x49,0x06,
    0x6f,0xa7,0x0f,0x02,0x00,0x39,0x48,0x27,0x4d,0x43,0x0a,0x19,0x01,0x06,0x5c,0x00,
    0x07,0x45,0x01,0x9f,0xff,0x48,0x48,0x4d,0x4d,0x4d,0x0e,0x13,0x05,0x84,0x1f,0x28,
    0x02,0x8b,0x03,0x12,0x27,0x3b,0x15,0x12,0x3a,0xc3,0x29,0x15,0x7a,0xc1,0x04,0x0f,
    0x02,0x00,0x3f,0x26,0xf4,0x8e,0xcb,0x00,0x0f,0x02,0x00,0x37,0x47,0x4d,0x4d,0x4d,
    0x66,0xac,0x00,0x05,0xbb,0x04,0x0a,0xa3,0x03,0x3f,0x50,0x1d,0x43,0x88,0x03,0x1e,
    0x0b,0x02,0x00,0x02,0x5e,0x02,0x12,0x13,0xbe,0x0a,0x14,0x4d,0x12,0x14,0x27,0x85,
    0xbe,0x7d,0x00,0x0f,0x02,0x00,0x38,0x2f,0xde,0x90,0xd0,0x9c,0x16,0x0f,0x02,0x00,
    0x1a,0x47,0x3a,0x4d,0x4d,0xac,0xa7,0x00,0x07,0x32,0x0c,0x08,0x01,0x06,0x4f,0x9e,
    0x4d,0x4d,0x3f,0xb4,0x35,0x22,0x06,0x02,0x00,0x01,0xd5,0x0b,0x13,0x3a,0x0f,0x13,
    0x13,0x43,0xbf,0x0a,0x7f,0x4d,0x4d,0x27,0x10,0x40,0x80,0x9f,0x17,0x82,0x1f,0x0d,
    0x02,0x00,0x43,0xc4,0xd3,0xd3,0xc9,0x15,0x00,0x57,0xaf,0x80,0x60,0x2a,0x43,0x6c,
    0x19,0x0f,0x02,0x00,0x39,0x33,0x05,0x22,0x1d,0xff,0x0a,0x01,0x1d,0x05,0x08,0x5b,
    0x00,0x07,0x7a,0x09,0x4f,0xdf,0x30,0x2b,0x0a,0xac,0x4f,0x28,0x01,0x02,0x00,0x31,
    0x0a,0x2b,0x35,0x79,0x0a,0x52,0x30,0x4d,0x4d,0x4d,0x1d,0x86,0x0f,0x04,0xf9,0x05,
    0x11,0x2b,0xd3,0x16,0x01,0x26,0x00,0x0f,0x02,0x00,0x25,0x1b,0x3a,0xd6,0x11,0x0f,
    0xce,0x2e,0x2f,0x0f,0x02,0x00,0x04,0x08,0xc0,0x0b,0x02,0x91,0x0a,0x03,0x02,0x00,
    0x07,0xa7,0x10,0x23,0xff,0x3e,0x14,0x00,0x0f,0x02,0x00,0x31,0x21,0x0e,0x13,0x6b,
    0x4f,0x02,0x02,0x00,0x14,0x0a,0xb0,0x77,0x01,0x4b,0x01,0x0f,0x02,0x00,0x18,0x02,
    0x3d,0x18,0x05,0x02,0x00,0x1f,0x4d,0xd8,0x0a,0x2b,0x0f,0x02,0x00,0x17,0x08,0x47,
    0x08,0x02,0xa8,0x08,0x03,0x02,0x00,0x08,0x37,0x0e,0x13,0x98,0x14,0x00,0x0f,0x02,
    0x00,0x32,0x03,0x3d,0x0e,0x01,0x8c,0x03,0x03,0xe8,0x17,0x0c,0x1a,0x09,0x3b,0x1d,
    0x43,0x48,0x20,0x19,0x1a,0x0e,0xf8,0x6c,0x2a,0x0a,0x48,0x62,0x01,0x13,0x3a,0xd1,
    0x09,0x0f,0x02,0x00,0x41,0x22,0x0e,0x30,0x3c,0x1c,0x01,0x02,0x00,0x08,0x02,0x07,
    0x04,0x5a,0x29,0x01,0x02,0x00,0x08,0xa8,0x10,0x0b,0xd8,0x0f,0x0f,0x02,0x00,0x2b,
    0x04,0x3d,0x0e,0x72,0x4d,0x48,0x22,0x00,0x13,0x05,0x00,0xfe,0x05,0x09,0x5e,0x02,
    0x01,0x3f,0x07,0x09,0x49,0x17,0x1b,0x27,0x3e,0x02,0x16,0x27,0x5d,0x27,0x01,0x02,
    0x00,0x1f,0x0a,0x34,0x14,0x15,0x0f,0x02,0x00,0x20,0x17,0x43,0xcd,0x01,0x0f,0x15,
    0x01,0x08,0x0f,0x49,0x01,0x06,0x0f,0x02,0x00,0x2c,0x03,0xe8,0x05,0x51,0x27,0x0a,
    0x00,0x1d,0x48,0xa2,0x10,0x01,0x8d,0x15,0x08,0x3e,0x02,0x01,0x39,0x07,0x01,0xeb,
    0x11,0x04,0x02,0x00,0x12,0x48,0xb7,0x0f,0x05,0x02,0x00,0x1b,0x22,0x65,0x0e,0x0f,
    0x02,0x00,0x49,0x08,0x3f,0x12,0x12,0x60,0xe5,0x05,0x01,0x02,0x00,0x03,0xec,0x12,
    0x04,0x02,0x00,0x08,0xa7,0x03,0x0b,0x1b,0x00,0x0f,0x02,0x00,0x2a,0x03,0x63,0x15,
    0x12,0x0e,0x84,0x09,0x23,0x4d,0x1d,0xc8,0x4b,0x07,0xaa,0x17,0x0e,0x5e,0x02,0x18,
    0x43,0xb4,0x00,0x11,0x00,0xa6,0x21,0x0e,0x37,0x60,0x0f,0x02,0x00,0x44,0x12,0x1d,
    0x17,0x2a,0x01,0x02,0x00,0x08,0x43,0x02,0x07,0x47,0x08,0x0c,0x05,0x06,0x05,0xaa,
    0x10,0x0f,0x02,0x00,0x31,0x01,0x0e,0x4d,0x13,0x30,0x45,0x02,0x21,0x4d,0x27,0x4c,
    0x02,0x02,0x3c,0x19,0x04,0x5e,0x00,0x25,0x18,0x3f,0xf2,0x16,0x02,0x02,0x00,0x19,
    0x1d,0x4f,0x01,0x0f,0x02,0x00,0x66,0x08,0x18,0x07,0x0d,0x13,0x01,0x07,0x63,0x08,
    0x0b,0xc4,0x15,0x0f,0x02,0x00,0x2b,0x55,0x05,0x27,0x3a,0x3a,0x22,0xee,0x1f,0x12,
    0x27,0xc2,0x0a,0x05,0x5e,0x14,0x0f,0x02,0x00,0x03,0x0f,0x51,0x0c,0x28,0x0f,0x02,
    0x00,0x38,0x08,0x71,0x03,0x0d,0x3c,0x17,0x0f,0x1d,0x00,0x0a,0x0f,0x02,0x00,0x31,
    0x11,0x3f,0x54,0x02,0x01,0x2b,0x01,0x01,0xbd,0xbe,0x0f,0x54,0x00,0x31,0x0f,0x02,
    0x00,0x33,0x17,0x2b,0x81,0x03,0x07,0x02,0x00,0x0f,0x41,0x02,0x0a,0x08,0x7b,0x02,
    0x07,0x7d,0x0f,0x0f,0x02,0x00,0x37,0x54,0x05,0x2b,0x3a,0x30,0x0e,0x8c,0x03,0x01,
    0xf5,0x0b,0x0f,0x02,0x00,0x74,0x0f,0x1e,0x18,0x04,0x08,0xea,0x0c,0x0d,0x8c,0x03,
    0x09,0x10,0x1a,0x0a,0x94,0x09,0x0f,0x02,0x00,0x37,0x03,0x2c,0x1a,0x01,0x02,0x00,
    0x0b,0x3c,0x05,0x0f,0x02,0x00,0x68,0x0f,0x2f,0x01,0x04,0x04,0xa5,0x15,0x0f,0xa4,
    0x4f,0x04,0x08,0x37,0x07,0x01,0xf6,0x16,0x0f,0x02,0x00,0x3e,0x03,0x55,0x08,0x02,
    0x02,0x00,0x01,0x1f,0x20,0x4f,0x0e,0x35,0x4d,0x43,0x2c,0x16,0x3a,0x0f,0x02,0x00,
    0x22,0x2a,0x1d,0x3a,0xdb,0x41,0x02,0x02,0x00,0x07,0xbc,0x11,0x0a,0xa4,0x0a,0x02,
    0x02,0x00,0x08,0x95,0x09,0x0f,0x20,0x00,0x01,0x0f,0x02,0x00,0x2f,0x01,0x4e,0x1b,
    0x03,0x02,0x00,0x02,0x5d,0x02,0x01,0xf0,0x1d,0x06,0x24,0x07,0x0f,0x02,0x00,0x79,
    0x08,0x3e,0x02,0x0f,0xb9,0x0b,0x02,0x08,0x38,0x0e,0x0d,0x0a,0x06,0x0f,0x02,0x00,
    0x31,0x03,0x2a,0x01,0x42,0x4d,0x4d,0x4d,0x43,0xc6,0x0b,0x01,0xa6,0x1c,0x02,0x1d,
    0x0d,0x0f,0x02,0x00,0x5b,0x4f,0x05,0x3f,0x4d,0x43,0xa6,0x01,0x0c,0x08,0xe9,0x05,
    0x0f,0x9c,0x04,0x02,0x08,0x82,0x1c,0x0f,0xed,0x05,0x42,0x01,0x2a,0x01,0x02,0x03,
    0x0d,0x42,0x1d,0x27,0x27,0x13,0x36,0x04,0x02,0x10,0x00,0x0f,0x02,0x00,0x5c,0x1f,
    0x22,0xa6,0x01,0x0e,0x08,0xe9,0x05,0x13,0xef,0x61,0x1c,0x0b,0x02,0x00,0x07,0xc6,
    0x11,0x0f,0xed,0x05,0x42,0x02,0x1f,0x1a,0x23,0x48,0x0a,0x0a,0x00,0x5f,0x1d,0x00,
    0x00,0x35,0x4d,0x2e,0x0f,0x48,0x0f,0x02,0x00,0x08,0x1f,0x1d,0xa6,0x01,0x0e,0x08,
    0x6b,0x03,0x05,0x32,0x1b,0x0a,0x02,0x00,0x08,0x7b,0x09,0x0f,0x3b,0x07,0x00,0x0f,
    0x02,0x00,0x2e,0x01,0x73,0x2e,0x24,0x48,0x1d,0x85,0x03,0x89,0x48,0x00,0x00,0x05,
    0x43,0x4d,0x4d,0x43,0xa4,0x1d,0x3f,0x00,0x00,0x13,0x48,0x1b,0x28,0x0f,0x02,0x00,
    0x08,0x0a,0x7b,0x26,0x2f,0x2b,0x4d,0xde,0x05,0x01,0x06,0x02,0x00,0x08,0x57,0x09,
    0x0f,0x63,0x53,0x01,0x01,0x26,0x65,0x02,0x36,0x07,0x02,0x02,0x00,0x01,0xb6,0x1b,
    0x0f,0x02,0x00,0x3d,0x43,0x0e,0x27,0x1d,0x05,0x0c,0x03,0x01,0xb8,0x5e,0x01,0xeb,
    0x05,0x0a,0x14,0x26,0x01,0x43,0x0e,0x09,0x72,0x0f,0x0f,0x02,0x00,0x32,0x12,0x1d,
    0x25,0x30,0x0f,0x02,0x00,0x15,0x08,0xec,0x1f,0x0f,0xe9,0x05,0x02,0x0c,0x82,0x02,
    0x0f,0x4c,0x08,0x43,0x02,0x02,0x00,0x03,0xad,0x0a,0x12,0x0a,0x2e,0x01,0x0a,0x6a,
    0x36,0x01,0x6e,0x08,0x0f,0x81,0x4b,0x21,0x0f,0x02,0x00,0x0b,0x1b,0x3a,0x15,0x12,
    0x0f,0x02,0x00,0x0b,0x01,0x28,0x4b,0x04,0x02,0x00,0x0f,0xe9,0x05,0x02,0x06,0x33,
    0x4c,0x03,0x02,0x00,0x0f,0x5f,0x02,0x42,0x03,0x02,0x00,0x01,0x78,0x0f,0x15,0x35,
    0x0c,0x13,0x08,0xa3,0x1b,0x01,0x15,0x00,0x05,0xcf,0x2f,0x02,0x02,0x00,0x3f,0x05,
    0x22,0x27,0xc8,0x06,0x0c,0x0e,0x02,0x00,0x25,0x0a,0x22,0xcc,0x2f,0x04,0x4e,0x24,
    0x01,0xeb,0x09,0x0f,0x02,0x00,0x12,0x08,0x5d,0x02,0x0f,0xe9,0x05,0x04,0x0c,0xda,
    0x0b,0x09,0x9d,0x16,0x0f,0x02,0x00,0x3c,0x51,0x05,0x30,0x48,0x48,0x2b,0xcb,0x04,
    0x03,0x02,0x00,0x06,0x60,0x00,0x01,0x7f,0x15,0x02,0x68,0x08,0x04,0x02,0x00,0x2f,
    0x05,0x48,0xa3,0x10,0x1f,0x2a,0x05,0x48,0xa4,0x02,0x26,0x0e,0x43,0x1f,0x2b,0x0f,
    0x02,0x00,0x0f,0x08,0xf5,0x06,0x0f,0x54,0x09,0x08,0x08,0x9c,0x09,0x0f,0xab,0x0a,
    0x43,0x05,0x02,0x00,0x22,0x13,0x27,0xeb,0x2a,0x02,0x02,0x00,0x05,0x17,0x00,0x01,
    0x9c,0x62,0x0b,0x07,0x02,0x01,0x71,0x02,0x02,0xd8,0x0a,0x04,0x02,0x00,0x29,0x18,
    0x43,0x6b,0x67,0x01,0x47,0x06,0x01,0x80,0x2d,0x04,0x02,0x00,0x01,0xf0,0x03,0x04,
    0x0d,0x00,0x0f,0x02,0x00,0x1d,0x0f,0x07,0x01,0x16,0x08,0x57,0x01,0x0f,0x40,0x07,
    0x04,0x0f,0x02,0x00,0x33,0x02,0x55,0x08,0x05,0x02,0x00,0x0f,0x55,0x00,0x0a,0x0e,
    0x2f,0x01,0x01,0x83,0x02,0x09,0x10,0x06,0x1a,0x30,0xd3,0x03,0x2b,0x00,0x0e,0xb1,
    0x16,0x0f,0x02,0x00,0x1a,0x0f,0x06,0x01,0x16,0x09,0x58,0x01,0x3f,0x43,0x0e,0x0a,
    0x33,0x04,0x1e,0x0f,0x02,0x00,0x14,0x01,0xd1,0x05,0x06,0x02,0x00,0x0f,0x5f,0x20,
    0x0b,0x01,0x79,0x62,0x09,0x72,0x02,0x01,0x3c,0x02,0x09,0xe1,0x04,0x2a,0x3a,0x4d,
    0x7d,0x03,0x3f,0x00,0x22,0x48,0x8e,0x0e,0x26,0x09,0x05,0x01,0x0a,0xd6,0x02,0x0b,
    0x02,0x00,0x09,0x13,0x06,0x48,0xbf,0x18,0x18,0x13,0x19,0x35,0x0f,0x02,0x00,0x38,
    0x05,0x14,0x07,0x02,0x02,0x00,0x09,0x0c,0x01,0x0e,0x02,0x00,0x0e,0xa0,0x03,0x1c,
    0x48,0x97,0x0b,0x1f,0x27,0x72,0x14,0x0c,0x0f,0x02,0x00,0x18,0x0a,0x04,0x01,0x0f,
    0x39,0x00,0x0b,0x08,0x14,0x06,0x6f,0xff,0x53,0x13,0x13,0x0a,0x13,0x8f,0x27,0x3c,
    0x02,0x02,0x00,0x02,0x26,0x01,0x04,0x02,0x00,0x03,0xda,0x05,0x2f,0x13,0x27,0x01,
    0x07,0x16,0x2c,0x0e,0x3f,0x6d,0x1b,0x1d,0x1d,0x77,0x5a,0x0f,0x02,0x00,0x25,0x09,
    0x03,0x01,0x0f,0x20,0x08,0x0c,0x09,0x5b,0x01,0x6f,0xc9,0x13,0x0e,0x0e,0x0e,0x05,
    0x33,0x44,0x18,0x0f,0x02,0x00,0x16,0x04,0x9d,0x10,0x26,0x3a,0x48,0x60,0x81,0x01,
    0x0e,0x13,0x0f,0x68,0x02,0x0c,0x0f,0x02,0x00,0x50,0x09,0x02,0x01,0x0f,0x7e,0x0a,
    0x0e,0x09,0x5c,0x01,0x6a,0x5e,0x0a,0x13,0x0a,0x0a,0x05,0x40,0x0c,0x0f,0x02,0x00,
    0x32,0x03,0xea,0x05,0x08,0xc3,0x2b,0x01,0xcf,0x0b,0x04,0x7e,0x42,0x0f,0x02,0x00,
    0x68,0x08,0x17,0x14,0x0f,0x00,0x0d,0x05,0x06,0x02,0x00,0x09,0x5d,0x01,0x76,0xdf,
    0x13,0x0a,0x05,0x05,0x13,0x13,0xf1,0x32,0x0f,0x02,0x00,0x35,0x11,0x05,0xa9,0x0a,
    0x01,0xd7,0x34,0x31,0x1d,0x48,0x4d,0x15,0x08,0x01,0xbf,0x05,0x0f,0x24,0x07,0x0c,
    0x0f,0x02,0x00,0x50,0x09,0x2e,0x0e,0x0f,0x5d,0x02,0x0e,0x0b,0x5f,0x02,0x89,0x8e,
    0x13,0x0a,0x0a,0x13,0x0a,0x0a,0x00,0x78,0x1e,0x0f,0x02,0x00,0x31,0x65,0x05,0x27,
    0x3a,0x3a,0x35,0x13,0x89,0x1c,0x04,0xaf,0x23,0x0f,0x5e,0x02,0x6f,0x08,0x5d,0x1c,
    0x0f,0x5d,0x02,0x0f,0x0b,0x5f,0x02,0x8f,0xef,0x23,0x0e,0x0e,0x0e,0x05,0x05,0x1d,
    0x33,0x82,0x28,0x0f,0x02,0x00,0x0c,0x02,0x67,0x02,0x23,0x4d,0x0e,0xa1,0x03,0x0f,
    0x8b,0x16,0x6d,0x08,0xf5,0x13,0x0f,0x17,0x07,0x0d,0x02,0x02,0x00,0x09,0x77,0x08,
    0x81,0x9f,0x0a,0x00,0x0e,0x13,0x0e,0x0a,0x05,0x53,0x42,0x0f,0x02,0x00,0x41,0x03,
    0x1e,0x07,0x6f,0x13,0x00,0x00,0x00,0x1d,0x35,0x71,0xe4,0x3d,0x0f,0x02,0x00,0x1f,
    0x08,0xa2,0x0a,0x0f,0x74,0x09,0x0b,0x05,0x02,0x00,0x09,0x33,0x00,0x7f,0x49,0x0a,
    0x0a,0x13,0x00,0x0a,0x0a,0xb1,0x0a,0x46,0x06,0x5e,0x02,0x0f,0x02,0x00,0x71,0x09,
    0xe9,0x06,0x0f,0xd7,0x0c,0x14,0x08,0xbe,0x24,0x8f,0xff,0xcf,0x13,0x00,0x0a,0x05,
    0x1d,0x00,0xbe,0x04,0x3f,0x03,0x02,0x00,0x02,0x2d,0x27,0x0f,0xb2,0x11,0x3f,0x0f,
    0x02,0x00,0x22,0x03,0x5c,0x34,0x02,0x02,0x00,0x01,0xd7,0x30,0x0f,0x02,0x00,0x11,
    0x07,0x83,0x36,0x51,0xff,0xff,0x80,0x18,0x0e,0x59,0x42,0x0f,0x4f,0x08,0x40,0x01,
    0x02,0x00,0x2f,0x22,0x48,0x50,0x28,0x09,0x23,0x0e,0x35,0xdf,0x49,0x0f,0x02,0x00,
    0x52,0x0a,0xf9,0x00,0x0f,0x73,0x00,0x15,0x08,0xd8,0x17,0xaf,0xff,0xef,0x20,0x00,
    0x18,0x00,0x00,0x00,0x2b,0x05,0x40,0x0e,0x45,0x03,0xaa,0x4f,0x0f,0x02,0x00,0x02,
    0x01,0x4c,0x0f,0x0f,0x93,0x41,0x19,0x0f,0x02,0x00,0x2a,0x09,0x57,0x03,0x0f,0xa7,
    0xb8,0x18,0x08,0xd9,0x17,0x6f,0xff,0xbf,0x1d,0x00,0x05,0x1d,0x10,0x50,0x1a,0x0f,
    0x02,0x00,0x1b,0x43,0x18,0x3f,0x4d,0x4d,0xd3,0x49,0x0d,0x02,0x00,0x02,0xab,0x03,
    0x09,0x7c,0x10,0x0f,0x02,0x00,0x47,0x09,0x73,0x0a,0x0f,0xdd,0x19,0x19,0x0a,0x39,
    0x00,0x6f,0x74,0x00,0x18,0x00,0x18,0x0a,0x7d,0xc1,0x16,0x0f,0x02,0x00,0x1c,0x02,
    0x12,0x01,0x0f,0xbd,0x13,0x04,0x01,0xbc,0x11,0x0f,0x8a,0x1c,0x55,0x09,0x73,0x09,
    0x0f,0xa2,0x0a,0x10,0x06,0x02,0x00,0x08,0x15,0x1a,0x9b,0xff,0xef,0x20,0x0e,0x00,
    0x00,0x00,0x13,0x00,0x42,0x2a,0x0f,0x02,0x00,0x33,0x02,0xfc,0x0c,0x0f,0x4a,0x17,
    0x05,0x02,0x1e,0x00,0x0f,0x49,0x0e,0x53,0x09,0x8b,0x03,0x0f,0x45,0x08,0x14,0x04,
    0x02,0x00,0x09,0xf5,0x04,0x41,0xcf,0x00,0x18,0x0e,0xc1,0x04,0x0f,0x02,0x00,0x40,
    0x05,0xfa,0x12,0x0f,0x8d,0x01,0x03,0x2a,0x1d,0x48,0x29,0x1a,0x0f,0x02,0x00,0x47,
    0x0a,0x52,0x03,0x0f,0x42,0x29,0x1c,0x09,0xee,0x05,0x7f,0xff,0x84,0x00,0x00,0x18,
    0x00,0x18,0xe5,0x01,0x42,0x05,0x20,0x27,0x09,0xee,0x13,0x0f,0x02,0x00,0x0b,0x2f,
    0x05,0x13,0x8b,0x00,0x40,0x09,0x21,0x02,0x0f,0xe8,0x05,0x18,0x02,0x02,0x00,0x09,
    0xb1,0x09,0x2f,0xff,0x30,0x5d,0x02,0x45,0x02,0xb7,0x11,0x04,0xc4,0x3d,0x0f,0x02,
    0x00,0x13,0x04,0x5a,0x4c,0x0f,0x02,0x00,0x3a,0x09,0x7f,0x04,0x0f,0x2d,0x0e,0x11,
    0x0b,0x02,0x00,0x08,0x54,0x21,0x5f,0xff,0xdf,0x23,0x00,0x0a,0xbd,0x04,0x43,0x03,
    0xec,0x2b,0x05,0x24,0x14,0x0f,0x02,0x00,0x10,0x01,0x09,0x0c,0x0f,0xbc,0x03,0x03,
    0x0f,0x02,0x00,0x26,0x0a,0x4e,0x03,0x0f,0xd0,0x0b,0x14,0x08,0x02,0x00,0x0a,0x41,
    0x00,0x2f,0xaf,0x00,0x66,0x0f,0x45,0x02,0x9f,0x36,0x0c,0x8b,0x10,0x21,0x1d,0x35,
    0xd2,0x2a,0x0f,0x02,0x00,0x02,0x01,0x8e,0x02,0x0f,0xbc,0x03,0x18,0x0f,0x02,0x00,
    0x10,0x0a,0x68,0xc5,0x0f,0x5b,0x1c,0x08,0x0f,0x02,0x00,0x07,0x0a,0x8f,0x03,0x33,
    0x7e,0x05,0x00,0x24,0x16,0x0f,0x02,0x00,0x3c,0x02,0x16,0x7a,0x02,0xb3,0x20,0x41,
    0x13,0x27,0x18,0x05,0x5f,0x00,0x01,0x3f,0x14,0x0f,0x12,0x01,0x05,0x0f,0x5e,0x02,
    0x40,0x09,0x44,0x08,0x21,0xff,0x50,0x84,0x00,0x0f,0x02,0x00,0x1d,0x09,0x8f,0x03,
    0x2f,0xff,0x35,0x2f,0x01,0x44,0x24,0x00,0x00,0x10,0x18,0x01,0x87,0x6e,0x01,0x72,
    0x2f,0x02,0xf9,0x25,0x0f,0xce,0x11,0x05,0x0f,0xbc,0x04,0x01,0x2f,0x05,0x30,0x2d,
    0x0d,0x29,0x0a,0xb9,0x04,0x0f,0x89,0x1d,0x08,0x0f,0x02,0x00,0x09,0x0a,0x8f,0x03,
    0x3f,0xef,0x15,0x00,0x07,0x0d,0x46,0x02,0x02,0x00,0x02,0x1f,0x1a,0x24,0x48,0x05,
    0x9e,0x0a,0x0f,0x9f,0x0a,0x06,0x0f,0x1a,0x07,0x00,0x1f,0x3a,0xfb,0x24,0x29,0x09,
    0xe5,0x12,0x0f,0x16,0x07,0x1f,0x04,0x02,0x00,0x0a,0x75,0x01,0x3f,0xd4,0x00,0x27,
    0x30,0x01,0x4a,0x04,0xf5,0x05,0x15,0x22,0x89,0x16,0x0f,0xc4,0x15,0x18,0x01,0xd0,
    0x04,0x0c,0x5f,0x08,0x0f,0xc5,0x1a,0x14,0x18,0x20,0x87,0x2a,0x0f,0x5a,0x1c,0x0c,
    0x0f,0x02,0x00,0x0a,0x09,0x8c,0x08,0x0f,0x77,0xef,0x4d,0x04,0xb1,0x0a,0x13,0x27,
    0x5a,0x0f,0x05,0xee,0x51,0x0f,0x02,0x00,0x11,0x0f,0x2f,0x01,0x00,0x2e,0x0e,0x48,
    0x71,0x01,0x0c,0xb1,0x09,0x5a,0x0e,0x43,0x4d,0x2b,0x10,0x75,0x04,0x0f,0xa1,0x0a,
    0x1c,0x08,0x02,0x00,0x0a,0xea,0x0a,0x08,0x8f,0x3c,0x0f,0x02,0x00,0x40,0x03,0x3d,
    0x0e,0x01,0x83,0x03,0x3f,0x0e,0x43,0x4d,0x14,0x2d,0x1b,0x1e,0x2b,0x5d,0x07,0x01,
    0x01,0x0b,0x09,0x10,0x03,0x2c,0x05,0x3f,0x40,0x06,0x52,0x48,0x4d,0x4d,0x4d,0xb3,
    0xdf,0x12,0x03,0x02,0x00,0x0f,0x2c,0x0e,0x1a,0x0c,0x02,0x00,0x0a,0xd6,0x03,0x0f,
    0x33,0x06,0x24,0x0f,0x02,0x00,0x14,0x01,0xad,0x11,0x05,0xe2,0x00,0x0a,0x2a,0x6d,
    0x0f,0x02,0x00,0x0f,0x29,0x1d,0x27,0xa1,0x24,0x04,0x0b,0x05,0x09,0xa0,0x03,0x01,
    0xb1,0x0f,0x09,0x12,0x00,0x43,0x4d,0x4d,0x4d,0xb1,0x28,0x01,0x02,0x02,0x00,0x0f,
    0x44,0x08,0x22,0x06,0x02,0x00,0x0a,0x4e,0x08,0x0f,0x77,0xdc,0x32,0x0f,0x02,0x00,
    0x06,0x11,0x1d,0xad,0x1d,0x0f,0xaf,0x08,0x36,0x1d,0x30,0xfe,0x05,0x01,0xef,0x03,
    0x09,0x2f,0x01,0x32,0x3f,0x4d,0x90,0x27,0x01,0x04,0x02,0x00,0x0f,0xb6,0x1e,0x0c,
    0x0f,0x02,0x00,0x0e,0x0a,0xbf,0x04,0x0f,0x91,0x15,0x16,0x0f,0x02,0x00,0x22,0x2f,
    0x0a,0x27,0xf7,0x1f,0x17,0x0f,0x02,0x00,0x0f,0x4a,0x05,0x35,0x4d,0x3f,0xc7,0x54,
    0x22,0x0a,0x48,0x79,0x07,0x06,0x02,0x00,0x24,0x05,0x71,0x28,0x01,0x02,0x02,0x00,
    0x0f,0xb9,0x04,0x28,0x02,0x02,0x00,0x0a,0xf0,0x0a,0x0f,0x59,0xd0,0x28,0x0f,0x02,
    0x00,0x11,0x1c,0x0e,0x8b,0x05,0x0f,0x02,0x00,0x3c,0x1c,0x0e,0x8f,0x01,0x04,0x9d,
    0x49,0x03,0x02,0x00,0x0f,0x03,0x28,0x30,0x0b,0x52,0x00,0x0f,0x30,0x01,0x48,0x01,
    0xe6,0x3e,0x1f,0x48,0x3b,0x15,0x54,0x01,0x02,0x00,0x0f,0xdc,0x00,0x41,0x09,0x78,
    0x1c,0x0f,0x30,0x01,0x48,0x04,0x1a,0x07,0x0f,0xde,0x1b,0x13,0x0f,0x02,0x00,0x31,
    0x0b,0x71,0x09,0x0f,0x9a,0x05,0x34,0x0a,0xef,0x05,0x0f,0x7f,0x09,0x45,0x04,0x19,
    0x07,0x0b,0x8d,0x05,0x08,0x02,0x00,0x2f,0x18,0x3a,0xd5,0x17,0x06,0x0f,0x02,0x00,
    0x21,0x0b,0x71,0x09,0x0f,0xb6,0x11,0x20,0x0f,0x02,0x00,0x03,0x09,0xea,0x18,0x0f,
    0xdf,0x10,0x22,0x0f,0x02,0x00,0x10,0x01,0xe6,0x07,0x01,0x02,0x00,0x0f,0x5f,0x02,
    0x05,0x02,0xec,0x0b,0x09,0xda,0x06,0x0f,0x02,0x00,0x29,0x0c,0x2e,0x01,0x0f,0x11,
    0x2e,0x06,0x0f,0x02,0x00,0x1d,0x0c,0x59,0x00,0x0f,0x0f,0x12,0x20,0x0f,0x02,0x00,
    0x0f,0x01,0xe6,0x07,0x01,0x02,0x00,0x0f,0x8a,0x10,0x05,0x01,0x78,0x0a,0x08,0x55,
    0x2e,0x0f,0x02,0x00,0x2a,0x0f,0xd5,0x00,0x48,0x0f,0x5b,0x00,0x48,0x05,0x02,0x00,
    0x0f,0x2f,0x01,0x0f,0x02,0x1a,0x13,0x0f,0x4d,0x01,0x05,0x0f,0x02,0x00,0x1c,0x0f,
    0xd3,0x00,0x4a,0x0b,0x43,0x06,0x0f,0xc0,0x04,0x41,0x04,0xea,0x05,0x0f,0x29,0x15,
    0x07,0x02,0xa8,0x16,0x0f,0xab,0x03,0x05,0x0f,0x02,0x00,0x1b,0x0c,0x2e,0x01,0x0f,
    0xf1,0x07,0x3c,0x0c,0x30,0x01,0x1f,0xbf,0xb5,0x36,0x03,0x0f,0x02,0x00,0x29,0x02,
    0xc0,0x11,0x05,0x06,0x0d,0x0e,0x02,0x00,0x01,0x02,0x2d,0x0f,0xd3,0x1e,0x33,0x04,
    0xfd,0x9e,0x04,0x02,0x00,0x0f,0x2e,0x01,0x3c,0x0c,0xfd,0x12,0x0f,0x61,0x00,0x40,
    0x02,0xc7,0x4a,0x03,0x53,0x28,0x0f,0x02,0x00,0x03,0x49,0x05,0x27,0x3a,0x27,0x34,
    0x0f,0x0f,0x02,0x00,0x25,0x0c,0xfd,0x01,0x0f,0xe3,0x12,0x26,0x0f,0x02,0x00,0x07,
    0x0b,0x7f,0x09,0x0f,0xe0,0x0b,0x40,0x27,0x0a,0x30,0xd9,0x2b,0x0f,0x02,0x00,0x49,
    0x0c,0x2e,0x01,0x0f,0x71,0x09,0x34,0x0a,0x02,0x00,0x0c,0x30,0x01,0x0f,0x65,0x00,
    0x42,0x03,0x02,0x00,0x18,0x0e,0xa0,0x2e,0x0f,0xe6,0x13,0x14,0x0f,0x02,0x00,0x16,
    0x05,0xf4,0xcc,0x03,0x02,0x00,0x0f,0xc9,0x00,0x44,0x0d,0x30,0x01,0x0f,0xbf,0x0f,
    0x2d,0x0f,0x02,0x00,0x05,0x02,0x5d,0x35,0x12,0x2b,0x1f,0x00,0x01,0x64,0x48,0x0f,
    0x83,0x03,0x32,0x03,0x02,0x00,0x0d,0xc7,0x00,0x0f,0x3d,0x06,0x33,0x0e,0x02,0x00,
    0x0c,0x69,0x00,0x0f,0xa6,0x22,0x19,0x0f,0x02,0x00,0x19,0x01,0xeb,0x19,0x01,0x57,
    0x15,0x04,0x60,0x08,0x2f,0x43,0x05,0x40,0x00,0x07,0x1d,0x13,0xd4,0x31,0x0f,0x02,
    0x00,0x0a,0x0b,0x74,0x0b,0x0f,0x2e,0x01,0x47,0x0f,0x30,0x01,0x00,0x0f,0x35,0x19,
    0x24,0x0f,0x02,0x00,0x0b,0x05,0x53,0x08,0x11,0x05,0xbc,0x86,0x0f,0x00,0x06,0x0c,
    0x01,0x5f,0x08,0x0f,0x34,0x1a,0x04,0x0e,0x02,0x00,0x1a,0x10,0x91,0x12,0x0f,0x8a,
    0x03,0x46,0x02,0x02,0x00,0x0d,0x60,0x02,0x0f,0x51,0x08,0x40,0x06,0xb1,0x0a,0x12,
    0x13,0xf0,0x14,0x05,0x6a,0x02,0x0f,0x02,0x00,0x01,0x11,0x05,0x20,0x00,0x08,0x44,
    0x5a,0x0f,0x02,0x00,0x09,0x1a,0x30,0x98,0x17,0x0f,0x2e,0x01,0x4c,0x0f,0x30,0x01,
    0x00,0x1f,0xdf,0xfa,0x03,0x3f,0x0f,0x2f,0x01,0x01,0x0f,0x15,0x1a,0x06,0x02,0x49,
    0x0e,0x08,0x44,0x5a,0x0f,0x02,0x00,0x08,0x1a,0x50,0xf4,0x19,0x0f,0x2e,0x01,0x4e,
    0x0e,0xb6,0xfd,0x05,0x3f,0x58,0x0f,0x02,0x00,0x37,0x05,0x8d,0x03,0x13,0x0a,0x88,
    0x62,0x0f,0x9d,0x0a,0x09,0x02,0x02,0x26,0x0f,0x5e,0x02,0x13,0x09,0xc0,0x32,0x01,
    0x3d,0x0a,0x0f,0xec,0x01,0x3f,0x0c,0x02,0x00,0x0c,0xb5,0x08,0x0a,0x2c,0xaa,0x0f,
    0x02,0x00,0x31,0x03,0x85,0x95,0x02,0x22,0x68,0x01,0x0f,0x33,0x09,0x0c,0x40,0x0b,
    0x02,0x00,0x01,0xbc,0x04,0x0f,0xe1,0x17,0x11,0x1c,0x10,0x89,0x03,0x0f,0x3b,0x0a,
    0x40,0x0f,0x02,0x00,0x00,0x0c,0x41,0x0c,0x0f,0x72,0x59,0x3f,0x01,0xfe,0x1f,0x05,
    0xea,0x41,0x28,0x18,0x27,0xab,0x50,0x0e,0x02,0x00,0x0f,0xbe,0x30,0x14,0x0d,0x89,
    0x03,0x0f,0x78,0x05,0x42,0x0f,0x02,0x00,0x00,0x0e,0xa7,0x01,0x1f,0xef,0x82,0x1c,
    0x3d,0x16,0x1d,0x20,0x74,0x0f,0x02,0x00,0x34,0x0d,0x89,0x03,0x0f,0x27,0x10,0x41,
    0x0f,0x02,0x00,0x03,0x05,0xd9,0xa8,0x06,0x02,0x00,0x1f,0xaf,0x73,0x0f,0x3f,0x0f,
    0x02,0x00,0x2a,0x0b,0x8d,0x09,0x0d,0x12,0x07,0x0f,0xf5,0x19,0x30,0x0f,0x02,0x00,
    0x18,0x0e,0xac,0x01,0x2f,0xef,0x50,0x3f,0x00,0x18,0x0f,0x02,0x00,0x4e,0x01,0x2e,
    0x06,0x06,0x8d,0x09,0x0b,0x3f,0x17,0x0f,0x62,0x0b,0x48,0x0f,0x02,0x00,0x04,0x0d,
    0x81,0x09,0x0f,0x61,0x02,0x7b,0x01,0x0d,0x12,0x04,0x3a,0x33,0x0f,0x5b,0x02,0x00,
    0x0f,0x27,0x0e,0x44,0x0f,0x02,0x00,0x07,0x0e,0x21,0x07,0x0f,0x61,0x02,0x79,0x01,
    0xbc,0x0a,0x03,0x8d,0x09,0x0f,0x5b,0x02,0x00,0x0f,0xdf,0x12,0x3e,0x0f,0x02,0x00,
    0x0f,0x0e,0x98,0x07,0x3f,0xff,0xff,0xbf,0x76,0x4e,0x00,0x0f,0x02,0x00,0x62,0x01,
    0x5e,0x02,0x01,0xa7,0x16,0x19,0x40,0x40,0x37,0x02,0x02,0x00,0x0f,0x6c,0x18,0x42,
    0x0f,0x02,0x00,0x0e,0x0e,0xc1,0x04,0x2f,0xff,0xef,0x36,0x1f,0x2e,0x0f,0x02,0x00,
    0x33,0x13,0x0e,0x08,0x46,0x1c,0x10,0x51,0x0f,0x0f,0x58,0x0b,0x42,0x0f,0x02,0x00,
    0x14,0x0e,0xcb,0x08,0x3f,0xff,0xff,0xdf,0xd6,0x11,0x45,0x0f,0x02,0x00,0x1b,0x7c,
    0x05,0x18,0x18,0x05,0x00,0x00,0x70,0xf5,0x0c,0x0f,0xb6,0x0d,0x43,0x0f,0x02,0x00,
    0x15,0x01,0x14,0x9d,0x0c,0x02,0x00,0x0f,0x92,0x03,0x76,0x0f,0x88,0x03,0x01,0x2f,
    0xff,0x9f,0xf2,0x08,0x6a,0x0f,0x91,0x03,0x00,0x2f,0xff,0xff,0xbc,0xe8,0x1c,0x0f,
    0x02,0x00,0x21,0x3b,0x13,0x35,0x3a,0x56,0x4e,0x0c,0x02,0x00,0x1c,0x40,0xab,0x11,
    0x01,0x53,0x0f,0x0f,0x7c,0x1d,0x36,0x0f,0x02,0x00,0x24,0x0f,0xc3,0x01,0x02,0x2f,
    0xef,0x80,0xc4,0x01,0x4c,0x01,0x58,0x09,0x01,0x25,0x2d,0x0f,0x02,0x00,0x04,0x1f,
    0x20,0xb5,0x04,0x00,0x08,0x43,0xb4,0x0f,0x02,0x00,0x66,0x1a,0x10,0x94,0x2e,0x03,
    0x02,0x00,0x0f,0x31,0x01,0x4b,0x03,0x50,0x21,0x01,0xfb,0x06,0x0f,0x02,0x00,0x01,
    0x0f,0x2d,0x01,0x03,0x0f,0x00,0x3b,0x17,0x0f,0x02,0x00,0x4a,0x0f,0xf2,0x05,0x01,
    0x0f,0x31,0x01,0x4b,0x03,0xe5,0x12,0x03,0x59,0x09,0x0c,0x02,0x00,0x0f,0x2d,0x01,
    0x04,0x0f,0xae,0x11,0x50,0x0f,0x02,0x00,0x13,0x0f,0x61,0x02,0x03,0x3f,0xff,0xef,
    0x8f,0x87,0x09,0x45,0x0f,0x2f,0x01,0x09,0x1f,0x40,0x87,0x03,0x02,0x0f,0x24,0x0e,
    0x5b,0x0f,0x02,0x00,0x0d,0x0f,0xc2,0x04,0x02,0x4f,0xff,0xff,0xff,0x9f,0xd2,0x01,
    0x44,0x01,0x87,0x0a,0x02,0x11,0x13,0x0a,0x02,0x00,0x1f,0x50,0xe1,0x05,0x01,0x0f,
    0xaf,0x07,0x79,0x02,0x02,0x00,0x1f,0x10,0x6b,0x0c,0x00,0x01,0x02,0x00,0x1f,0xbf,
    0x8c,0x06,0x28,0x01,0xed,0x91,0x0f,0xa1,0x24,0x02,0x01,0xf2,0x1e,0x01,0xa3,0x83,
    0x08,0x02,0x00,0x16,0x10,0x67,0xea,0x0a,0x02,0x00,0x04,0x31,0x6e,0x0f,0x02,0x00,
    0x78,0x1f,0x20,0xd8,0x01,0x04,0x3f,0xff,0xdf,0x80,0x94,0x03,0x24,0x01,0x48,0x35,
    0x0f,0x2a,0x15,0x04,0x24,0x05,0x22,0x80,0x74,0x05,0x02,0x00,0x2f,0x30,0x9f,0x95,
    0x0a,0x00,0x01,0x02,0x00,0x1f,0x8f,0xa8,0x07,0x4c,0x0f,0x02,0x00,0x23,0x1f,0x50,
    0x9f,0x0d,0x00,0x02,0x02,0x00,0x0f,0x63,0x02,0x22,0x04,0xf5,0x32,0x21,0x4d,0x0e,
    0x8f,0x00,0x3f,0x0a,0x2b,0x3a,0x6b,0x09,0x08,0x2f,0x10,0x70,0xc3,0x0e,0x00,0x02,
    0x02,0x00,0x07,0x34,0xc1,0x0f,0x02,0x00,0x7c,0x1f,0x80,0xe0,0x01,0x05,0x3f,0xff,
    0xef,0x9f,0x10,0x13,0x1e,0x03,0x9d,0x1d,0x03,0xa3,0x24,0x01,0x7f,0x03,0x06,0x06,
    0x86,0x09,0x02,0x00,0x17,0x10,0x04,0x74,0x0c,0x02,0x00,0x1f,0xdf,0x0d,0x04,0x28,
    0x0f,0x02,0x00,0x4e,0x04,0xfe,0xbc,0x0f,0x02,0x00,0x01,0x0f,0x32,0x01,0x1d,0x02,
    0x85,0x11,0x04,0xfe,0x74,0x02,0x0c,0x27,0x0f,0xac,0x6e,0x00,0x0f,0x2c,0x01,0x09,
    0x0f,0xf3,0x0f,0x76,0x0f,0x02,0x00,0x06,0x0f,0xf5,0x08,0x04,0x02,0x02,0x00,0x2f,
    0xef,0x9f,0x0d,0xf7,0x18,0x01,0x2b,0x01,0x04,0x97,0x63,0x02,0x20,0x1b,0x05,0x9a,
    0x03,0x04,0x02,0x00,0x1f,0x20,0x58,0x02,0x08,0x0f,0xfb,0x09,0x4b,0x0f,0x02,0x00,
    0x36,0x0f,0x31,0x01,0x0a,0x4f,0xff,0xff,0xbf,0x70,0x5d,0x08,0x14,0x05,0x8d,0x03,
    0x15,0x35,0x38,0x67,0x0a,0x6f,0x42,0x2f,0x40,0x8f,0xb0,0x04,0x06,0x0f,0x2d,0x01,
    0x96,0x01,0xa4,0x69,0x0f,0x2a,0x0a,0x04,0x04,0x02,0x00,0x2f,0xef,0xaf,0x33,0x01,
    0x11,0x01,0x18,0x0e,0x04,0x39,0x2e,0x02,0xdc,0x1f,0x06,0x5b,0x28,0x2f,0x40,0x80,
    0x89,0x07,0x05,0x03,0x02,0x00,0x0f,0x86,0x0d,0x4b,0x0f,0x02,0x00,0x3c,0x0f,0x62,
    0x02,0x0c,0x01,0x66,0x02,0x2f,0x80,0x50,0x61,0x08,0x0c,0x03,0x49,0x08,0x02,0xf0,
    0x1f,0x02,0xf7,0x2c,0x6f,0x4d,0x3a,0x00,0x00,0x30,0x60,0x56,0x02,0x0b,0x0f,0x5a,
    0x02,0x9a,0x04,0x02,0x00,0x1f,0x20,0x26,0x07,0x07,0x06,0x02,0x00,0x4f,0xef,0xbf,
    0x8f,0x70,0x0f,0xc2,0x08,0x26,0x1d,0x3f,0x27,0x54,0x8f,0x05,0x3f,0x4d,0x4d,0x63,
    0x7a,0xa6,0xa4,0x55,0x02,0x0c,0x01,0x02,0x00,0x2f,0xdf,0x60,0x69,0x09,0x82,0x0f,
    0x02,0x00,0x0b,0x13,0x10,0x40,0xca,0x0f,0x02,0x00,0x0f,0x4f,0xbf,0xaf,0x80,0x80,
    0x46,0xc3,0x09,0x7f,0x20,0x40,0x50,0x80,0x80,0xbf,0xde,0x49,0x00,0x0f,0x01,0x02,
    0x00,0x2f,0xbf,0x50,0x98,0x00,0x0b,0x0f,0x02,0x00,0x87,0x01,0x68,0xc5,0x0f,0x02,
    0x00,0x18,0x01,0xab,0xf8,0x15,0x80,0x01,0x00,0x5f,0x8f,0xbf,0xbf,0xbf,0xbf,0xcb,
    0x09,0x06,0x0f,0x02,0x00,0x02,0x1f,0xef,0x9b,0x14,0x50,0x0f,0x02,0x00,0x48,0x1f,
    0x20,0xc7,0x0d,0x05,0x0f,0x02,0x00,0x42,0x1f,0xbf,0x86,0x03,0xa1,0x0b,0x02,0x00,
    0x1f,0x40,0xcc,0x0d,0x06,0x0f,0x02,0x00,0x3b,0x1f,0xdf,0x30,0x12,0x46,0x0f,0x02,
    0x00,0x5d,0x1f,0x50,0x72,0x15,0x02,0x0f,0x02,0x00,0x39,0x1f,0xef,0x2b,0x12,0x45,
    0x0f,0x02,0x00,0x63,0x2f,0x10,0x60,0x64,0x02,0x48,0x2f,0xdf,0x8f,0xde,0x05,0xa6,
    0x0f,0x02,0x00,0x08,0x2f,0x50,0x8f,0xb3,0x10,0x06,0x0f,0x02,0x00,0x28,0x2f,0xcf,
    0x80,0x26,0x0c,0x14,0x0f,0x02,0x00,0xa0,0x3f,0x20,0x70,0xaf,0xea,0x06,0x1b,0x0f,
    0x02,0x00,0x0b,0x2f,0xdf,0x9f,0xdc,0x05,0xb0,0x0f,0x02,0x00,0x0c,0x1f,0x30,0x33,
    0x01,0x33,0x3f,0xdf,0x9f,0x70,0x57,0x02,0xc7,0x0b,0x02,0x00,0x3f,0x30,0x60,0x8f,
    0x9f,0x0b,0x11,0x0f,0x02,0x00,0x04,0x1f,0xef,0x41,0x0d,0x0f,0x0f,0x02,0x00,0xc0,
    0x4f,0x30,0x60,0x80,0xbf,0xce,0x04,0x1d,0x2f,0xcf,0xaf,0x2a,0x01,0xe1,0x07,0x02,
    0x00,0x5f,0x30,0x40,0x80,0x8f,0xbf,0x6b,0x02,0x0e,0x5f,0xef,0xbf,0xbf,0x80,0x70,
    0x75,0xbd,0x04,0x0f,0x02,0x00,0xe2,0x79,0x20,0x40,0x40,0x50,0x80,0x80,0x80,0x83,
    0x83,0x6f,0x8f,0x80,0x80,0x80,0x80,0x40,0x4f,0x0e,0x09,0x0f,0x02,0x00,0x58,0x50,
    0x00,0x00,0x00,0x00,0x00,

};

const lv_image_dsc_t img_01_Low_Temp = {
  .header = {
    .magic = LV_IMAGE_HEADER_MAGIC,
    .cf = LV_COLOR_FORMAT_RGB565A8,
    .flags = 0 | LV_IMAGE_FLAGS_COMPRESSED,
    .w = 303,
    .h = 302,
    .stride = 606,
    .reserved_2 = 0,
  },
  .data_size = sizeof(img_01_Low_Temp_map),
  .data = img_01_Low_Temp_map,
  .reserved = NULL,
};

