
#if defined(LV_LVGL_H_INCLUDE_SIMPLE)
#include "lvgl.h"
#elif defined(LV_LVGL_H_INCLUDE_SYSTEM)
#include <lvgl.h>
#elif defined(LV_BUILD_TEST)
#include "../lvgl.h"
#else
#include "lvgl/lvgl.h"
#endif

#ifndef LV_ATTRIBUTE_MEM_ALIGN
#define LV_ATTRIBUTE_MEM_ALIGN
#endif

#ifndef LV_ATTRIBUTE_IMG_02_DANTUOSHUI
#define LV_ATTRIBUTE_IMG_02_DANTUOSHUI
#endif

static const
LV_ATTRIBUTE_MEM_ALIGN LV_ATTRIBUTE_LARGE_CONST LV_ATTRIBUTE_IMG_02_DANTUOSHUI
uint8_t img_02_dantuoshui_map[] = {

    0x02,0x00,0x00,0x00,0xd8,0xc5,0x00,0x00,0x23,0x42,0x04,0x00,0x1f,0x00,0x01,0x00,
    0xff,0x03,0x7d,0xb7,0x7d,0xb7,0x7d,0xb7,0x7d,0x97,0x02,0x00,0x1d,0x77,0x02,0x00,
    0x26,0x57,0x85,0x02,0x00,0x0f,0x4b,0x01,0xff,0x03,0x0f,0x02,0x00,0xf2,0xa2,0xd7,
    0x75,0xd7,0x75,0xd7,0x75,0xb7,0x75,0xb7,0x75,0x5a,0x02,0x04,0x02,0x00,0x0f,0x62,
    0x02,0x1d,0x02,0x02,0x00,0x17,0x37,0x02,0x00,0x0f,0x5f,0x01,0xf2,0x0f,0x02,0x00,
    0xe4,0x02,0x56,0x02,0x08,0x02,0x00,0x0f,0x62,0x02,0x41,0x71,0x37,0x85,0x37,0x85,
    0x36,0x85,0x16,0x02,0x00,0x0f,0x69,0x01,0xe4,0x0f,0x02,0x00,0xdc,0x24,0xf8,0x75,
    0x02,0x00,0x08,0x5c,0x02,0x02,0x02,0x00,0x0f,0x62,0x02,0x4d,0x06,0x02,0x00,0x0f,
    0x75,0x01,0xdc,0x0f,0x02,0x00,0xd2,0x55,0xd7,0x75,0xd8,0x75,0xd8,0x5e,0x02,0x0f,
    0x62,0x02,0x6d,0x8f,0x16,0x8d,0xf6,0x8c,0xf6,0x8c,0xf6,0x8c,0x7b,0x01,0xd2,0x0f,
    0x02,0x00,0xcc,0x23,0xd7,0x6d,0x02,0x00,0x0f,0x62,0x02,0x82,0x04,0x02,0x00,0x0f,
    0x85,0x01,0xcc,0x0f,0x02,0x00,0xc4,0x54,0xb7,0x6d,0xb7,0x6d,0xb7,0x60,0x02,0x0f,
    0x62,0x02,0x8c,0x7f,0xf6,0x8c,0xf6,0x8c,0xd6,0x8c,0xd6,0xd4,0x04,0xff,0x97,0x02,
    0x5c,0x02,0x02,0x02,0x00,0x03,0xc2,0x04,0x0f,0x62,0x02,0x94,0x02,0x02,0x00,0x0f,
    0xf3,0x03,0xc4,0x0f,0x02,0x00,0xb2,0x31,0x97,0x6d,0x97,0xba,0x04,0x06,0x02,0x00,
    0x0f,0x62,0x02,0xa1,0x02,0x02,0x00,0x0f,0x91,0x01,0xb2,0x0f,0x02,0x00,0xb8,0x21,
    0x97,0x65,0x02,0x00,0x0f,0x62,0x02,0xb8,0x3f,0xd6,0x8c,0xb6,0x36,0x07,0xff,0x77,
    0x01,0x5c,0x02,0x02,0x02,0x00,0x0f,0x62,0x02,0xbc,0x02,0x02,0x00,0x0f,0x09,0x04,
    0xb8,0x0f,0x02,0x00,0x9e,0x52,0x77,0x65,0x77,0x65,0x77,0x5c,0x02,0x02,0x02,0x00,
    0x0f,0x62,0x02,0xc2,0x1f,0xb6,0xce,0x04,0xff,0x65,0x02,0x5e,0x02,0x0f,0x62,0x02,
    0x4f,0x0f,0x77,0x03,0x11,0x02,0x2e,0x1a,0x04,0x02,0x00,0x02,0xca,0x17,0x06,0x02,
    0x00,0x04,0xd4,0x17,0x07,0x02,0x00,0x03,0x10,0x13,0x08,0x02,0x00,0x02,0x7e,0x09,
    0x08,0x02,0x00,0x02,0x5c,0x02,0x03,0x02,0x00,0x5f,0x94,0xb6,0x94,0xb6,0x94,0x8c,
    0x00,0x11,0x0f,0x02,0x00,0xff,0x32,0x02,0x58,0x02,0x06,0x02,0x00,0x0f,0x26,0x07,
    0x37,0x00,0x06,0x20,0x4f,0xb7,0x6d,0xb7,0x6d,0xa6,0x01,0x0b,0x1b,0xd7,0x20,0x00,
    0x2f,0xd8,0x75,0x30,0x00,0x01,0x0f,0x62,0x02,0x41,0x3f,0x96,0x94,0x96,0x66,0x02,
    0xff,0x4f,0x46,0x57,0x5d,0x57,0x5d,0x5c,0x02,0x02,0x02,0x00,0x0f,0x62,0x02,0x2b,
    0x0f,0x1e,0x02,0x01,0x0a,0x02,0x00,0x0c,0x74,0x02,0x0f,0x62,0x02,0x13,0x02,0xfa,
    0x1c,0x02,0x4a,0x00,0x31,0x57,0x85,0x57,0x9a,0x1c,0x05,0x02,0x00,0x0f,0xc4,0x04,
    0x24,0x13,0x96,0x02,0x00,0x02,0x56,0x00,0x0f,0x02,0x00,0xff,0x40,0x22,0x57,0x5d,
    0x02,0x00,0x02,0x58,0x02,0x06,0x02,0x00,0x0f,0x62,0x02,0x21,0x0f,0x9e,0x01,0x19,
    0x0c,0x62,0x02,0x0f,0x02,0x00,0x0b,0x0f,0x5e,0x00,0x09,0x32,0xb7,0x7d,0x77,0x6a,
    0x02,0x0f,0x62,0x02,0x2c,0x0f,0xcc,0x04,0xff,0x42,0x02,0x5c,0x02,0x02,0x02,0x00,
    0x06,0x5c,0x02,0x02,0x02,0x00,0x0f,0x62,0x02,0x17,0x02,0xd0,0x06,0x1b,0x97,0xe6,
    0x06,0x2c,0x97,0x6d,0x12,0x00,0x0f,0x54,0x02,0x1b,0x0f,0x02,0x00,0x1f,0x48,0xb7,
    0x85,0x57,0x85,0x84,0x09,0x04,0xd4,0x17,0x0a,0x02,0x00,0x03,0x82,0x09,0x02,0x02,
    0x00,0x01,0x88,0x09,0x02,0x5c,0x02,0x06,0x02,0x00,0x0f,0x7a,0x00,0x1f,0x0f,0x02,
    0x00,0xff,0x04,0x13,0x37,0xbc,0x04,0x04,0x02,0x00,0x02,0x58,0x02,0x06,0x02,0x00,
    0x0f,0x62,0x02,0x11,0x08,0x5a,0x01,0x0c,0x50,0x02,0x0e,0x02,0x00,0x0f,0x62,0x02,
    0x0d,0x0c,0x52,0x00,0x04,0xbc,0x02,0x0e,0x02,0x00,0x06,0x2a,0x07,0x44,0xd7,0x7d,
    0xd7,0x7d,0x20,0x00,0x40,0xb7,0x85,0xb7,0x85,0xfa,0x29,0x17,0x97,0xce,0x04,0x0a,
    0x5e,0x02,0x02,0x10,0x13,0x07,0x02,0x00,0x0f,0x62,0x02,0x02,0x3f,0x96,0x94,0x76,
    0x98,0x09,0xff,0x2f,0x4f,0x37,0x5d,0x37,0x5d,0x62,0x02,0x2b,0x44,0x77,0x65,0x77,
    0x65,0xda,0x01,0x0f,0x02,0x00,0x27,0x0f,0xfe,0x0b,0x0d,0x08,0x02,0x00,0x08,0x28,
    0x07,0x06,0x62,0x02,0x24,0x00,0x00,0x62,0x02,0x33,0xb7,0x7d,0xb7,0x6c,0x02,0x31,
    0x97,0x85,0x97,0x6a,0x02,0x4e,0x16,0x8d,0x16,0x8d,0x64,0x02,0x07,0x60,0x02,0x0f,
    0x62,0x02,0x08,0x1f,0x76,0x66,0x02,0xff,0x2b,0x02,0x60,0x02,0x0f,0x62,0x02,0x23,
    0x08,0xf4,0x01,0x0f,0x02,0x00,0x0f,0x0e,0x2a,0x07,0x0f,0x02,0x00,0x29,0x0f,0x8a,
    0x09,0x07,0x06,0x02,0x00,0x04,0xc8,0x04,0x02,0xcc,0x04,0x42,0x97,0x85,0x97,0x85,
    0xba,0x04,0x06,0x02,0x00,0x0f,0x62,0x02,0x17,0x0f,0x66,0x02,0xff,0x24,0x04,0x5e,
    0x02,0x0f,0x62,0x02,0x21,0x02,0xb8,0x01,0x0f,0x02,0x00,0x09,0x0c,0x2a,0x07,0x0e,
    0x62,0x02,0x0f,0x46,0x00,0x0d,0x0c,0x28,0x07,0x0f,0x6e,0x00,0x07,0x04,0x28,0x07,
    0x0f,0x2a,0x07,0x03,0x22,0x00,0x00,0xc8,0x04,0x04,0x02,0x00,0x0f,0x62,0x02,0x25,
    0x0f,0x66,0x02,0xff,0x1c,0x22,0x17,0x55,0x5a,0x02,0x04,0x02,0x00,0x04,0x82,0x09,
    0x02,0x02,0x00,0x06,0x82,0x09,0x02,0x02,0x00,0x08,0x88,0x09,0x02,0xa8,0x01,0x0e,
    0x18,0x07,0x0e,0x12,0x00,0x0f,0x02,0x00,0x1d,0x0a,0x72,0x02,0x0f,0x8a,0x09,0x17,
    0x0f,0x62,0x02,0x03,0x04,0x28,0x07,0x02,0x2a,0x07,0x02,0x64,0x02,0x04,0x08,0x00,
    0x31,0x00,0x00,0x77,0x34,0x07,0x0f,0xc4,0x04,0x1b,0x5f,0x76,0x94,0x75,0x94,0x75,
    0x96,0x09,0xff,0x15,0x2f,0x17,0x55,0x62,0x02,0x21,0x08,0x32,0x02,0x0f,0x7c,0x09,
    0x33,0x0a,0x02,0x00,0x0a,0x62,0x02,0x0f,0x02,0x00,0x0d,0x0f,0x28,0x07,0x0d,0x04,
    0x62,0x02,0x02,0xf2,0x0b,0x02,0x02,0x00,0x06,0x62,0x02,0x02,0x02,0x00,0x0f,0x62,
    0x02,0x21,0x3f,0x75,0x94,0x55,0x66,0x02,0xff,0x0d,0x22,0x17,0x55,0x02,0x00,0x04,
    0xbe,0x04,0x02,0x02,0x00,0x02,0xbc,0x04,0x04,0x02,0x00,0x02,0xba,0x04,0x06,0x02,
    0x00,0x0a,0x5e,0x02,0x0f,0x02,0x00,0x17,0x04,0xf2,0x04,0x04,0x02,0x00,0x0c,0x10,
    0x00,0x0f,0x02,0x00,0x51,0x04,0x8e,0x09,0x06,0x5e,0x02,0x02,0xd0,0x04,0x60,0x00,
    0x00,0x77,0x8d,0x77,0x8d,0x6a,0x38,0x03,0x68,0x02,0x0f,0x4c,0x0e,0x06,0x06,0x02,
    0x00,0x11,0x75,0xc6,0x04,0x3f,0x55,0x94,0x55,0x66,0x02,0xff,0x07,0x02,0x5c,0x02,
    0x02,0x02,0x00,0x02,0x5a,0x02,0x04,0x02,0x00,0x04,0x5c,0x02,0x02,0x02,0x00,0x06,
    0x5c,0x02,0x06,0xac,0x04,0x1f,0x57,0x30,0x0e,0x10,0x0f,0x2a,0x07,0x1d,0x0f,0xb6,
    0x04,0x0b,0x0e,0x28,0x07,0x0f,0x92,0x02,0x07,0x0f,0x8a,0x09,0x04,0x03,0x52,0x0e,
    0x04,0x2c,0x07,0x08,0x08,0x00,0x06,0x62,0x02,0x03,0x66,0x02,0x0f,0x62,0x02,0x1c,
    0x0f,0xca,0x04,0xff,0x02,0x02,0x5a,0x02,0x04,0x02,0x00,0x04,0x5c,0x02,0x02,0x02,
    0x00,0x02,0x5a,0x02,0x04,0x02,0x00,0x02,0x5a,0x02,0x06,0x5e,0x02,0x00,0x54,0x3c,
    0x0e,0x62,0x02,0x0a,0x20,0x00,0x01,0xb4,0x01,0x0f,0x86,0x02,0x10,0x0f,0x02,0x00,
    0x09,0x0a,0x72,0x02,0x0f,0x62,0x02,0x0b,0x08,0xb2,0x10,0x08,0x62,0x02,0x0f,0xb4,
    0x10,0x01,0x0f,0x02,0x00,0x13,0x2e,0x36,0x8d,0x72,0x15,0x17,0x96,0xc2,0x04,0x0a,
    0xc4,0x04,0x01,0x02,0x00,0x1f,0x9c,0x5a,0x00,0x13,0x0f,0x02,0x00,0xd1,0x44,0xf7,
    0x54,0xf7,0x54,0x5c,0x02,0x02,0x02,0x00,0x02,0x5a,0x02,0x04,0x02,0x00,0x04,0x5c,
    0x02,0x03,0x02,0x00,0x01,0xe2,0x12,0x0e,0x54,0x02,0x0f,0x02,0x00,0x2f,0x0f,0x28,
    0x07,0x0b,0x0a,0x62,0x02,0x0f,0x02,0x00,0x0b,0x0a,0x62,0x02,0x0f,0x02,0x00,0x0b,
    0x0f,0x2a,0x07,0x01,0x02,0xd2,0x04,0x0a,0xca,0x04,0x26,0x00,0x00,0xce,0x17,0x04,
    0x02,0x00,0x0f,0x62,0x02,0x0b,0x0f,0x64,0x02,0xf5,0x2f,0xf7,0x54,0x62,0x02,0x1b,
    0x02,0xb4,0x04,0x0e,0x62,0x02,0x0f,0x14,0x00,0x01,0x0c,0x02,0x00,0x0a,0x2a,0x07,
    0x0c,0x52,0x02,0x0a,0x10,0x00,0x0f,0xda,0x17,0x0d,0x0f,0x02,0x00,0x25,0x04,0x7a,
    0x15,0x0c,0x02,0x00,0x06,0x58,0x02,0x06,0x0a,0x00,0x04,0x8e,0x09,0x02,0x02,0x00,
    0x44,0x77,0x8d,0x77,0x8d,0x5c,0x02,0x02,0x02,0x00,0x0f,0x62,0x02,0x0d,0x0f,0x66,
    0x02,0xf1,0x02,0x60,0x02,0x0f,0xc4,0x04,0x17,0x02,0x6c,0x01,0x0f,0x02,0x00,0x01,
    0x0e,0x62,0x02,0x0c,0x2a,0x07,0x0c,0x10,0x00,0x0f,0x02,0x00,0x0b,0x0f,0x62,0x02,
    0x0b,0x0f,0x26,0x07,0x0b,0x0a,0x02,0x00,0x0a,0xda,0x17,0x06,0x62,0x02,0x06,0xde,
    0x17,0x0f,0x02,0x00,0x13,0x04,0x70,0x02,0x02,0x5e,0x02,0x0f,0x26,0x07,0x0f,0x02,
    0x02,0x00,0x1f,0x35,0xca,0x04,0xe8,0x04,0x5e,0x02,0x0f,0x62,0x02,0x13,0x2f,0x37,
    0x5d,0x88,0x01,0x13,0x0f,0x02,0x00,0x45,0x0f,0x26,0x07,0x0b,0x0c,0xea,0x0b,0x0a,
    0xb0,0x10,0x06,0xec,0x0b,0x08,0x02,0x00,0x06,0xb4,0x10,0x08,0xb6,0x10,0x02,0x02,
    0x00,0x04,0x28,0x07,0x06,0x58,0x02,0x0a,0x02,0x00,0x0f,0x62,0x02,0x19,0x0f,0x64,
    0x02,0xe5,0x22,0xf7,0x4c,0x5c,0x02,0x02,0x02,0x00,0x02,0x80,0x09,0x04,0x02,0x00,
    0x04,0x82,0x09,0x04,0x02,0x00,0x0f,0xbc,0x04,0x03,0x0f,0x2a,0x07,0x01,0x0a,0x88,
    0x01,0x0f,0x02,0x00,0x0d,0x0a,0x18,0x07,0x0e,0xda,0x17,0x0f,0x02,0x00,0x25,0x0f,
    0x88,0x09,0x19,0x06,0x8a,0x09,0x08,0x20,0x07,0x0f,0x2a,0x07,0x09,0x11,0x57,0xc8,
    0x10,0x2f,0x00,0x00,0x26,0x07,0x13,0x13,0x35,0x02,0x00,0x0f,0xcc,0x00,0x25,0x0f,
    0x02,0x00,0xa5,0x2f,0xd7,0x4c,0x62,0x02,0x17,0x0f,0xe4,0x00,0x17,0x0f,0x2a,0x07,
    0x01,0x0a,0x3e,0x00,0x0a,0x10,0x00,0x0f,0x62,0x02,0x0b,0x0f,0xb6,0x04,0x0b,0x0f,
    0x02,0x00,0x25,0x0a,0x28,0x07,0x0a,0x46,0x00,0x06,0x58,0x02,0x06,0x0a,0x00,0x0a,
    0x02,0x00,0x08,0x62,0x02,0x55,0x00,0x00,0x76,0x94,0xb6,0x50,0x0e,0x08,0x10,0x13,
    0x01,0x02,0x00,0x05,0x26,0x07,0x04,0x02,0x00,0x0a,0x4a,0x00,0x0f,0x02,0x00,0xc9,
    0x4f,0xd7,0x4c,0xd7,0x4c,0x62,0x02,0x15,0x08,0x08,0x01,0x0c,0x10,0x00,0x0f,0x02,
    0x00,0x11,0x0a,0x52,0x02,0x0e,0x10,0x00,0x0f,0x02,0x00,0x25,0x0f,0x88,0x09,0x19,
    0x0a,0x26,0x07,0x0a,0x62,0x02,0x04,0x64,0x02,0x0e,0x28,0x07,0x08,0x02,0x00,0x04,
    0x82,0x09,0x0e,0x02,0x00,0x24,0x56,0x95,0x64,0x02,0x0f,0x62,0x02,0x0f,0x0f,0x64,
    0x02,0xd5,0x02,0x60,0x02,0x0f,0x62,0x02,0x15,0x0a,0x54,0x02,0x0a,0x0e,0x00,0x02,
    0x56,0x0e,0x02,0x08,0x00,0x0f,0x02,0x00,0x4f,0x0f,0xd2,0x04,0x0b,0x0a,0x88,0x09,
    0x0f,0x26,0x07,0x1b,0x0f,0x2a,0x07,0x1d,0x0e,0x72,0x02,0x0f,0x10,0x13,0x03,0x02,
    0x02,0x00,0x04,0xc2,0x04,0x02,0x02,0x00,0x02,0x6e,0x00,0x0f,0x02,0x00,0xc9,0x04,
    0x60,0x02,0x0f,0x62,0x02,0x0c,0x12,0x55,0x4c,0x02,0x0c,0x62,0x02,0x0e,0x02,0x00,
    0x0e,0x62,0x02,0x0e,0x12,0x00,0x0f,0x02,0x00,0x09,0x0c,0x28,0x07,0x0f,0x2c,0x00,
    0x09,0x0f,0x02,0x00,0x17,0x0f,0x62,0x02,0x1f,0x06,0x02,0x00,0x06,0x20,0x07,0x06,
    0x0a,0x00,0x0c,0x02,0x00,0x0a,0xd4,0x04,0x4f,0x56,0x95,0x56,0x95,0xc4,0x04,0x13,
    0x02,0x02,0x00,0x0c,0x4e,0x00,0x0f,0x02,0x00,0xb9,0x06,0x60,0x02,0x0f,0x62,0x02,
    0x0b,0x2f,0x17,0x55,0xf6,0x00,0x05,0x0f,0x74,0x02,0x1f,0x0c,0xa4,0x10,0x0c,0x38,
    0x07,0x0f,0x02,0x00,0x05,0x0f,0xae,0x10,0x0b,0x0f,0x02,0x00,0x27,0x08,0x26,0x07,
    0x06,0x50,0x0e,0x0f,0x02,0x00,0x0f,0x0a,0x56,0x02,0x08,0x02,0x00,0x40,0x56,0x95,
    0x56,0x95,0x2e,0x55,0x02,0xfa,0x1e,0x05,0x02,0x00,0x0d,0x88,0x09,0x04,0x02,0x00,
    0x1f,0x15,0xc0,0x10,0xc4,0x08,0x5e,0x02,0x0f,0x62,0x02,0x0b,0x08,0x3e,0x01,0x0c,
    0x02,0x00,0x0f,0x62,0x02,0x01,0x0f,0xb6,0x04,0x1b,0x0f,0x02,0x00,0x31,0x0f,0x86,
    0x09,0x1d,0x0a,0xae,0x10,0x06,0x12,0x13,0x08,0x62,0x02,0x0f,0xb4,0x10,0x01,0x08,
    0xc8,0x04,0x0c,0x62,0x02,0x02,0x1a,0x1f,0x0a,0x02,0x00,0x04,0xfa,0x1e,0x01,0x02,
    0x00,0x0f,0x62,0x02,0x08,0x0f,0x64,0x02,0xc1,0x31,0xb7,0x4c,0xb7,0xe0,0x0b,0x06,
    0x02,0x00,0x0f,0x4c,0x0e,0x05,0x0a,0x34,0x01,0x0f,0x54,0x02,0x03,0x08,0x02,0x00,
    0x0e,0x40,0x0e,0x0f,0x72,0x02,0x41,0x0f,0x86,0x09,0x0b,0x0a,0x02,0x00,0x0f,0x24,
    0x07,0x23,0x06,0x62,0x02,0x08,0x1e,0x07,0x08,0x0c,0x00,0x0a,0x02,0x00,0x0a,0x72,
    0x02,0x04,0xc8,0x04,0x21,0x00,0x00,0x5e,0x02,0x0f,0x62,0x02,0x0e,0x0f,0x64,0x02,
    0xbd,0x2f,0xb7,0x4c,0x62,0x02,0x13,0x00,0x1a,0x5b,0x39,0x17,0x5d,0x17,0x5c,0x15,
    0x0e,0xb6,0x04,0x0e,0x12,0x00,0x0a,0x02,0x00,0x0e,0x74,0x02,0x0a,0x1a,0x07,0x08,
    0x0e,0x00,0x08,0x7a,0x09,0x0f,0x10,0x13,0x35,0x0f,0x62,0x02,0x23,0x06,0x02,0x00,
    0x0f,0x56,0x02,0x13,0x0a,0xc4,0x04,0x06,0x62,0x02,0x05,0x64,0x02,0x0f,0xc4,0x04,
    0x0a,0x0f,0x64,0x02,0xbb,0x02,0x60,0x02,0x0f,0xc4,0x04,0x0f,0x02,0x64,0x01,0x0c,
    0x62,0x02,0x0e,0x02,0x00,0x0f,0x62,0x02,0x0d,0x0c,0x02,0x00,0x0f,0x8a,0x09,0x21,
    0x0f,0x86,0x09,0x45,0x0e,0x88,0x09,0x04,0xb0,0x10,0x0f,0x02,0x00,0x11,0x0a,0xb8,
    0x04,0x0f,0x02,0x00,0x09,0x0f,0xc4,0x04,0x0f,0x0f,0x64,0x02,0xb7,0x04,0x60,0x02,
    0x0f,0x62,0x02,0x0d,0x0f,0x30,0x01,0x09,0x0f,0x54,0x02,0x0d,0x0e,0xb6,0x04,0x0f,
    0x02,0x00,0x49,0x0c,0xa4,0x2f,0x0a,0xaa,0x10,0x0c,0x02,0x00,0x0e,0x86,0x09,0x0a,
    0x88,0x09,0x04,0x62,0x02,0x06,0x26,0x07,0x0a,0xc6,0x04,0x08,0xd2,0x04,0x0a,0x62,
    0x02,0x0a,0x0e,0x00,0x0a,0xc8,0x04,0x3f,0x00,0x00,0x75,0xc4,0x04,0x0e,0x02,0x02,
    0x00,0x0c,0xb0,0x00,0x0f,0x02,0x00,0x9d,0x2f,0xb7,0x44,0x62,0x02,0x11,0x0c,0xd6,
    0x00,0x0c,0xc8,0x04,0x0f,0x62,0x02,0x0f,0x0a,0x42,0x00,0x0f,0x72,0x02,0x3b,0x0f,
    0xd0,0x04,0x1b,0x0a,0x92,0x1c,0x0f,0x02,0x00,0x19,0x06,0x76,0x15,0x08,0x56,0x02,
    0x08,0x0c,0x00,0x0a,0x02,0x00,0x0f,0x62,0x02,0x0b,0x4e,0x36,0x95,0x16,0x95,0x10,
    0x13,0x33,0x35,0x9c,0x35,0x5a,0x02,0x06,0x02,0x00,0x0a,0x56,0x00,0x0f,0x02,0x00,
    0x9b,0x2f,0xb7,0x44,0x62,0x02,0x11,0x02,0x7e,0x09,0x08,0xda,0x00,0x0c,0x62,0x02,
    0x0c,0x02,0x00,0x0f,0x72,0x02,0x0f,0x0a,0x74,0x02,0x0a,0x28,0x07,0x0f,0x88,0x09,
    0x03,0x0f,0x86,0x09,0x37,0x0c,0xae,0x00,0x0f,0x02,0x00,0x39,0x0c,0x56,0x02,0x08,
    0x02,0x00,0x08,0x8c,0x09,0x02,0x02,0x00,0x0f,0x62,0x02,0x13,0x0f,0x64,0x02,0xa7,
    0x01,0x60,0x02,0x0f,0xc4,0x04,0x0e,0x02,0x60,0x02,0x0f,0x54,0x02,0x0d,0x0a,0x02,
    0x00,0x0e,0x62,0x02,0x0a,0x52,0x02,0x0c,0x02,0x00,0x0f,0x62,0x02,0x07,0x0f,0x02,
    0x00,0x03,0x0f,0x3a,0x0e,0x19,0x0f,0x02,0x00,0x1b,0x0f,0x24,0x07,0x05,0x0f,0x02,
    0x00,0x09,0x08,0xc6,0x04,0x0c,0x62,0x02,0x0c,0x10,0x00,0x0e,0x02,0x00,0x02,0xb8,
    0x04,0x08,0x02,0x00,0x06,0xbe,0x04,0x04,0x02,0x00,0x2e,0xf5,0x9b,0x38,0x00,0x0f,
    0x02,0x00,0x8f,0x41,0x97,0x44,0x97,0x44,0x64,0x02,0x01,0x48,0x0e,0x0f,0x88,0x09,
    0x05,0x0f,0xc8,0x00,0x15,0x0e,0x54,0x02,0x0a,0x02,0x00,0x0c,0xb6,0x04,0x0f,0x02,
    0x00,0x45,0x0f,0x84,0x09,0x1b,0x0e,0x86,0x09,0x0a,0x0e,0x13,0x08,0x10,0x13,0x0f,
    0x8a,0x09,0x13,0x0c,0x02,0x00,0x0a,0x62,0x02,0x0c,0xc6,0x04,0x4e,0x36,0x95,0x36,
    0x95,0x64,0x02,0x04,0x58,0x02,0x06,0x02,0x00,0x2f,0xf5,0x9b,0x64,0x02,0x9f,0x2f,
    0x97,0x44,0x62,0x02,0x0f,0x0c,0x2e,0x01,0x08,0x02,0x00,0x0c,0xd6,0x04,0x0e,0x62,
    0x02,0x02,0x58,0x1a,0x0f,0x02,0x00,0x05,0x0f,0xd4,0x04,0x0b,0x0f,0x02,0x00,0x17,
    0x0f,0x84,0x09,0x0d,0x0a,0xe6,0x0b,0x0f,0x22,0x07,0x2b,0x06,0x88,0x09,0x0a,0xb8,
    0x04,0x0f,0x02,0x00,0x09,0x0f,0xb4,0x10,0x07,0x00,0x14,0x6d,0x02,0x62,0x02,0x0c,
    0x64,0x02,0x06,0x5a,0x02,0x04,0x02,0x00,0x2f,0xf5,0x9b,0x64,0x02,0x9d,0x02,0x60,
    0x02,0x0f,0xc4,0x04,0x0c,0x32,0x5c,0xf7,0x5c,0x08,0x01,0x02,0x02,0x00,0x0a,0x28,
    0x07,0x0a,0x0e,0x00,0x0e,0x02,0x00,0x0e,0x72,0x02,0x0f,0x02,0x00,0x09,0x08,0x26,
    0x07,0x08,0x0c,0x00,0x06,0x0e,0x13,0x06,0x0a,0x00,0x0f,0x02,0x00,0x29,0x0f,0x62,
    0x02,0x2b,0x0f,0x02,0x00,0x13,0x0a,0xb6,0x04,0x0f,0x02,0x00,0x15,0x0f,0x26,0x07,
    0x0d,0x01,0x02,0x00,0x1f,0xa3,0x4e,0x00,0x15,0x0f,0x02,0x00,0x6d,0x04,0x60,0x02,
    0x0f,0x62,0x02,0x09,0x2f,0x00,0x00,0x62,0x02,0x0b,0x0e,0x02,0x00,0x0f,0x54,0x02,
    0x0d,0x0f,0xb6,0x04,0x09,0x08,0x56,0x02,0x0a,0xea,0x0b,0x0e,0x02,0x00,0x0f,0x84,
    0x09,0x47,0x0c,0x86,0x09,0x0a,0x24,0x07,0x0f,0x02,0x00,0x09,0x0f,0x8a,0x09,0x27,
    0x04,0xc6,0x04,0x08,0x64,0x02,0x04,0xba,0x04,0x06,0x02,0x00,0x01,0x60,0x02,0x3f,
    0x9b,0xf5,0xa3,0x64,0x02,0x93,0x06,0x60,0x02,0x0f,0x62,0x02,0x07,0x0f,0x4e,0x01,
    0x09,0x0f,0x02,0x00,0x05,0x0f,0x62,0x02,0x29,0x0f,0x02,0x00,0x31,0x0a,0x82,0x09,
    0x0c,0x20,0x07,0x0f,0x02,0x00,0x01,0x0c,0x0a,0x13,0x0c,0x84,0x09,0x0a,0x62,0x02,
    0x08,0x10,0x13,0x0a,0x54,0x02,0x0c,0x0e,0x00,0x0a,0x02,0x00,0x0a,0xd4,0x04,0x2a,
    0x56,0x95,0x8c,0x09,0x06,0x62,0x02,0x06,0x66,0x02,0x06,0x5a,0x02,0x04,0x02,0x00,
    0x06,0x62,0x02,0x0f,0x64,0x02,0x8f,0x08,0x60,0x02,0x0f,0x62,0x02,0x05,0x02,0xee,
    0x00,0x0e,0x02,0x00,0x0c,0x1a,0x07,0x0c,0x10,0x00,0x0a,0x02,0x00,0x0f,0x72,0x02,
    0x0b,0x0f,0xfa,0x0b,0x2f,0x0f,0x82,0x09,0x1d,0x0f,0x22,0x07,0x2f,0x0f,0x88,0x09,
    0x15,0x0a,0x54,0x02,0x0a,0x02,0x00,0x0a,0x60,0x02,0x0c,0x62,0x02,0x02,0xca,0x04,
    0x04,0x58,0x02,0x06,0x02,0x00,0x0f,0x62,0x02,0x97,0x0a,0x60,0x02,0x0f,0x62,0x02,
    0x03,0x06,0x12,0x01,0x0f,0x28,0x07,0x0d,0x0a,0x24,0x13,0x0c,0x02,0x00,0x0f,0x62,
    0x02,0x0b,0x0a,0x02,0x00,0x08,0x26,0x07,0x04,0x0e,0x13,0x06,0x00,0x13,0x0f,0x84,
    0x09,0x31,0x0f,0x62,0x02,0x31,0x0f,0x02,0x00,0x15,0x0f,0x62,0x02,0x09,0x0f,0x02,
    0x00,0x0d,0x3d,0x36,0x9d,0x75,0x72,0x15,0x0a,0x62,0x02,0x0f,0xc6,0x04,0x89,0x11,
    0x77,0x40,0x0e,0x08,0x02,0x00,0x0e,0xae,0x10,0x08,0x02,0x01,0x0e,0x62,0x02,0x08,
    0x1e,0x00,0x0e,0x02,0x00,0x0f,0x54,0x02,0x0b,0x0f,0xb6,0x04,0x15,0x04,0x62,0x02,
    0x0e,0x02,0x00,0x0f,0xb6,0x04,0x0d,0x0f,0x02,0x00,0x2b,0x0a,0x0a,0x13,0x0f,0xcc,
    0x36,0x1b,0x08,0x88,0x09,0x0c,0x62,0x02,0x0a,0xba,0x2f,0x0f,0xc6,0x04,0x0d,0x46,
    0x36,0x9d,0x36,0x9d,0xbc,0x04,0x04,0x02,0x00,0x08,0xc4,0x04,0x0f,0x64,0x02,0x87,
    0x2f,0x77,0x44,0x62,0x02,0x0f,0x0f,0xa4,0x01,0x1b,0x0c,0x26,0x07,0x0f,0x62,0x02,
    0x0d,0x0f,0x5e,0x00,0x1b,0x0f,0x02,0x00,0x15,0x0e,0x0c,0x26,0x0a,0xa2,0x10,0x0f,
    0x02,0x00,0x01,0x0e,0x82,0x09,0x0f,0x84,0x09,0x01,0x04,0x92,0x1c,0x02,0x02,0x00,
    0x0f,0x88,0x09,0x29,0x04,0x7e,0x34,0x0f,0x62,0x02,0x0f,0x64,0x00,0x00,0x36,0x9d,
    0x00,0x00,0x5a,0x02,0x04,0x02,0x00,0x0c,0x62,0x02,0x0f,0xc8,0x04,0x83,0x1f,0x76,
    0x62,0x02,0x0e,0x22,0x00,0x00,0xba,0x36,0x02,0x0a,0x01,0x00,0xc4,0x7e,0x0e,0xc6,
    0x04,0x08,0xc8,0x04,0x0a,0x0e,0x00,0x0c,0x02,0x00,0x0f,0x70,0x02,0x47,0x0c,0x4e,
    0x0e,0x0a,0xe4,0x0b,0x0c,0x60,0x02,0x0f,0x80,0x09,0x2f,0x0f,0x02,0x00,0x01,0x0a,
    0xb6,0x04,0x0a,0x02,0x00,0x0f,0x26,0x07,0x29,0x04,0x02,0x00,0x04,0x5c,0x02,0x02,
    0x02,0x00,0x0e,0x62,0x02,0x1f,0xd5,0x56,0x0e,0x7e,0x2f,0x76,0x44,0x62,0x02,0x0d,
    0x01,0x52,0x02,0x09,0x60,0x02,0x0f,0x62,0x02,0x0d,0x0f,0x02,0x00,0x0b,0x0f,0x62,
    0x02,0x0b,0x08,0x02,0x00,0x06,0x86,0x09,0x04,0x0a,0x00,0x04,0x84,0x09,0x04,0x08,
    0x00,0x0a,0x02,0x00,0x0c,0x62,0x02,0x0f,0x02,0x00,0x09,0x0f,0x80,0x09,0x59,0x04,
    0x02,0x00,0x0f,0x62,0x02,0x29,0x8a,0x36,0x9d,0x36,0x9d,0x36,0x9d,0x00,0x00,0xc8,
    0x04,0x0f,0x62,0x02,0x01,0x0f,0x64,0x02,0x7b,0x2f,0x76,0x44,0x62,0x02,0x0d,0x04,
    0x1e,0x01,0x0f,0x02,0x00,0x29,0x0f,0x54,0x02,0x09,0x0f,0x86,0x09,0x13,0x04,0x62,
    0x02,0x0c,0x02,0x00,0x0f,0x54,0x02,0x19,0x0f,0x02,0x00,0x1f,0x0c,0x82,0x09,0x0f,
    0x84,0x09,0x1b,0x0f,0xae,0x10,0x0d,0x0c,0x72,0x02,0x0f,0x4e,0x0e,0x0b,0x06,0x62,
    0x02,0x08,0x64,0x02,0x0f,0x62,0x02,0x03,0x0f,0x64,0x02,0x77,0x4f,0x76,0x3c,0x76,
    0x3c,0x62,0x02,0x0b,0x02,0x28,0x01,0x0f,0x02,0x00,0x1d,0x0c,0x26,0x07,0x0f,0x62,
    0x02,0x09,0x0a,0x72,0x15,0x0f,0x94,0x09,0x1d,0x0f,0x62,0x02,0x01,0x0e,0x80,0x09,
    0x0f,0xc0,0x00,0x11,0x0a,0x92,0x2f,0x02,0x02,0x00,0x0f,0x62,0x02,0x0f,0x0a,0x84,
    0x09,0x0e,0x24,0x07,0x0f,0x34,0x07,0x09,0x0f,0x62,0x02,0x1b,0x0a,0x02,0x00,0x02,
    0x24,0x07,0x0f,0x62,0x02,0x8d,0x01,0x60,0x02,0x0f,0x62,0x02,0x0a,0x08,0xd6,0x00,
    0x0a,0x28,0x07,0x0f,0x88,0x09,0x45,0x0f,0xd2,0x04,0x13,0x0c,0x02,0x00,0x0a,0x68,
    0x02,0x0a,0x7e,0x09,0x0c,0x80,0x09,0x0f,0x7e,0x09,0x3d,0x08,0x0c,0x13,0x0f,0x52,
    0x02,0x1b,0x0f,0x02,0x00,0x2b,0x11,0x55,0xbc,0x10,0x0f,0xc4,0x04,0x05,0x0f,0xc6,
    0x04,0x71,0x03,0x60,0x02,0x0f,0x62,0x02,0x08,0x0a,0x02,0x01,0x0f,0x62,0x02,0x19,
    0x0f,0x02,0x00,0x0b,0x0f,0xd2,0x04,0x0b,0x06,0x02,0x00,0x04,0x9e,0x10,0x02,0x22,
    0x07,0x04,0x7a,0x09,0x0f,0x04,0x13,0x01,0x0a,0x62,0x02,0x0f,0x02,0x00,0x0b,0x0f,
    0x80,0x09,0x61,0x04,0x02,0x00,0x0c,0x88,0x09,0x0a,0xfe,0x1e,0x0f,0x02,0x00,0x0b,
    0x04,0x86,0x09,0x04,0x02,0x00,0x11,0x16,0xbc,0x10,0x0f,0x62,0x02,0x07,0x0f,0x64,
    0x02,0x6f,0x0f,0x62,0x02,0x0d,0x44,0xd7,0x54,0xd7,0x54,0xce,0x00,0x0f,0x02,0x00,
    0x2d,0x0f,0x54,0x02,0x09,0x0f,0x18,0x07,0x0f,0x04,0x6a,0x02,0x02,0x02,0x00,0x2f,
    0x97,0x6d,0x00,0x13,0x4d,0x0f,0x1e,0x07,0x01,0x0f,0x82,0x09,0x1f,0x0f,0xd2,0x04,
    0x13,0x0f,0xae,0x10,0x07,0x2a,0x36,0x95,0x38,0x1a,0x0c,0x62,0x02,0x02,0x8e,0x09,
    0x0f,0x62,0x02,0x09,0x0f,0x64,0x02,0x6b,0x2f,0x56,0x3c,0x62,0x02,0x0b,0x2c,0x00,
    0x00,0x62,0x02,0x0a,0x4c,0x0e,0x0f,0x02,0x00,0x0b,0x0f,0x88,0x09,0x19,0x08,0x62,
    0x02,0x08,0x0c,0x00,0x0f,0x02,0x00,0x09,0x0f,0x62,0x15,0x01,0x0f,0x1c,0x07,0x0b,
    0x0f,0x02,0x00,0x05,0x0f,0x00,0x13,0x01,0x02,0x64,0x02,0x02,0x08,0x00,0x06,0x02,
    0x00,0x0c,0x06,0x13,0x0e,0x84,0x09,0x0e,0x24,0x07,0x0f,0x86,0x09,0x0b,0x0c,0xc4,
    0x04,0x0f,0xea,0x0b,0x0b,0x0f,0x02,0x00,0x01,0x0f,0x62,0x02,0x0d,0x0f,0x64,0x02,
    0x67,0x2f,0x56,0x3c,0x62,0x02,0x0b,0x0e,0xce,0x00,0x0a,0x24,0x07,0x0f,0x88,0x09,
    0x29,0x0f,0xd0,0x04,0x07,0x0f,0x84,0x09,0x1b,0x0c,0x66,0x02,0x0a,0x62,0x02,0x0f,
    0x5e,0x15,0x11,0x0f,0x02,0x00,0x2d,0x0c,0xe6,0x0b,0x0c,0xc4,0x61,0x0c,0x02,0x00,
    0x0c,0x24,0x07,0x0f,0x02,0x00,0x29,0x31,0x16,0x9d,0x16,0xba,0x10,0x0f,0xc4,0x04,
    0x0b,0x0f,0x62,0x02,0x65,0x2f,0x56,0x3c,0x62,0x02,0x1f,0x0c,0xc4,0x04,0x0f,0xea,
    0x0b,0x0b,0x0f,0x02,0x00,0x09,0x0f,0x62,0x02,0x07,0x08,0x02,0x00,0x02,0x1a,0x07,
    0x04,0x82,0x09,0x06,0x86,0x09,0x06,0x02,0x00,0x0c,0x62,0x02,0x0f,0x02,0x00,0x0b,
    0x0f,0x7e,0x09,0x69,0x04,0x02,0x00,0x0c,0x62,0x02,0x0f,0x86,0x09,0x2b,0x02,0x62,
    0x02,0x03,0x64,0x02,0x03,0x34,0x1a,0x5b,0xf5,0xa3,0xf5,0xa3,0xd5,0x02,0x00,0x04,
    0x7e,0x00,0x0f,0x02,0x00,0x59,0x0f,0x62,0x02,0x0d,0x01,0x26,0x06,0x0f,0x86,0x09,
    0x52,0x0f,0xb6,0x04,0x0d,0x02,0x62,0x02,0x01,0x1e,0x04,0x01,0x0a,0x7c,0x02,0x0c,
    0x00,0x0f,0x02,0x00,0x47,0x0e,0x9e,0x10,0x01,0x0e,0x07,0x0b,0x26,0x1a,0x0f,0x02,
    0x00,0x13,0x0f,0x22,0x07,0x0f,0x0a,0x72,0x02,0x0f,0x24,0x07,0x0b,0x08,0x0e,0x13,
    0x0c,0x02,0x00,0x22,0x55,0xa4,0x5c,0x02,0x02,0x02,0x00,0x0c,0x62,0x02,0x0f,0x64,
    0x02,0x5f,0x02,0x60,0x02,0x0f,0x26,0x07,0x07,0x02,0xc0,0x00,0x0f,0x86,0x09,0x53,
    0x0f,0x62,0x02,0x0d,0x0a,0x02,0x00,0x0e,0x62,0x02,0x0a,0x1a,0x07,0x0c,0x98,0x10,
    0x0f,0x02,0x00,0x07,0x0f,0x7e,0x09,0x07,0x0e,0x80,0x09,0x0f,0x82,0x09,0x23,0x0f,
    0x62,0x02,0x0f,0x0c,0xc4,0x04,0x0f,0x62,0x02,0x0b,0x0f,0x02,0x00,0x09,0x37,0x16,
    0xa5,0x15,0x64,0x02,0x0e,0x62,0x02,0x1f,0xb5,0x48,0x1a,0x5a,0x04,0x60,0x02,0x0f,
    0x62,0x02,0x05,0x0f,0xca,0x00,0x05,0x0a,0x88,0x09,0x0f,0x24,0x07,0x0b,0x0c,0xe8,
    0x0b,0x08,0x02,0x00,0x0f,0x24,0x07,0x05,0x0f,0x6c,0x02,0x13,0x0c,0x1a,0x07,0x0a,
    0x62,0x02,0x0f,0x7c,0x09,0x17,0x0f,0x62,0x02,0x05,0x0f,0x02,0x00,0x15,0x0e,0x82,
    0x09,0x0f,0x84,0x09,0x0d,0x0e,0x24,0x07,0x0f,0x02,0x00,0x27,0x26,0x16,0x9d,0x24,
    0x07,0x02,0x02,0x00,0x02,0xbe,0x04,0x02,0x02,0x00,0x0f,0x62,0x02,0x8b,0x02,0xb0,
    0x00,0x0f,0x02,0x00,0x0f,0x0f,0x62,0x02,0x0b,0x0f,0x02,0x00,0x09,0x0f,0x62,0x02,
    0x05,0x06,0x02,0x00,0x04,0x82,0x09,0x0f,0x7c,0x09,0x31,0x06,0x56,0x00,0x0f,0x02,
    0x00,0x6f,0x0a,0x14,0x07,0x0a,0x0e,0x00,0x0f,0x02,0x00,0x0d,0x0a,0xaa,0x10,0x0e,
    0x62,0x02,0x08,0x64,0x02,0x0f,0x62,0x02,0x01,0x0f,0xc6,0x04,0x57,0x06,0xc2,0x04,
    0x0f,0xc4,0x04,0x03,0x04,0xea,0x00,0x0c,0x24,0x07,0x0f,0x02,0x00,0x27,0x0f,0x52,
    0x02,0x07,0x0f,0xb6,0x04,0x05,0x06,0x62,0x02,0x3f,0x00,0x00,0x97,0x80,0x80,0x0e,
    0x0f,0x02,0x00,0x31,0x0f,0x1c,0x07,0x03,0x0a,0x2a,0x2d,0x0f,0x02,0x00,0x1b,0x0f,
    0x84,0x09,0x0d,0x0e,0x62,0x02,0x0a,0x24,0x07,0x0a,0x0a,0x13,0x0c,0x62,0x02,0x08,
    0x02,0x00,0x42,0x16,0xa5,0xf6,0xa4,0x10,0x00,0x02,0xc2,0x04,0x0f,0x62,0x02,0x05,
    0x0f,0x64,0x02,0x53,0x08,0x60,0x02,0x0c,0x62,0x02,0x17,0x77,0x60,0x02,0x0c,0x62,
    0x02,0x0a,0x22,0x07,0x0f,0x02,0x00,0x0d,0x0c,0x24,0x07,0x0f,0xbc,0x36,0x05,0x0f,
    0x62,0x02,0x05,0x0a,0x02,0x00,0x0c,0x7c,0x09,0x0f,0x74,0x1c,0x23,0x01,0xd4,0x00,
    0x05,0x58,0x79,0x0c,0x02,0x00,0x0f,0x62,0x02,0x03,0x0e,0x00,0x13,0x01,0x76,0x02,
    0x03,0x88,0x79,0x08,0x02,0x00,0x0e,0x50,0x02,0x0e,0x12,0x00,0x0c,0x02,0x00,0x0c,
    0xc4,0x04,0x0f,0x62,0x02,0x0b,0x0f,0x02,0x00,0x07,0x06,0x62,0x02,0x04,0x64,0x02,
    0x0f,0xc4,0x04,0x03,0x0f,0x62,0x02,0x71,0x0f,0xc6,0x00,0x07,0x0c,0x62,0x02,0x0a,
    0x24,0x07,0x0c,0x52,0x02,0x0c,0x10,0x00,0x06,0x02,0x00,0x0f,0xd0,0x04,0x05,0x0f,
    0x68,0x15,0x0b,0x0a,0x64,0x02,0x0a,0x7a,0x09,0x0c,0xdc,0x0b,0x0f,0x18,0x07,0x09,
    0x0f,0x7c,0x09,0x2d,0x02,0x02,0x00,0x0f,0x82,0x09,0x03,0x06,0x44,0x5f,0x0f,0x02,
    0x00,0x03,0x0c,0x50,0x02,0x0f,0x02,0x00,0x27,0x0f,0x22,0x07,0x01,0x00,0x74,0xa6,
    0x42,0xf6,0xa4,0xf6,0xa4,0x64,0x02,0x0f,0x62,0x02,0x05,0x0f,0x64,0x02,0x4f,0x11,
    0x36,0x06,0x13,0x06,0x02,0x00,0x0a,0xd4,0x17,0x02,0xa8,0x00,0x0f,0x02,0x00,0x05,
    0x0a,0xd0,0x17,0x0f,0x62,0x02,0x0b,0x0f,0x02,0x00,0x07,0x0f,0x62,0x02,0x05,0x02,
    0x02,0x00,0x02,0x9a,0x10,0x26,0x97,0x65,0x78,0x1c,0x11,0xff,0x01,0x00,0x21,0x9e,
    0xe7,0x07,0x00,0x0f,0x02,0x00,0x12,0x4f,0x3c,0xcf,0x7d,0xdf,0x29,0x00,0x12,0x0f,
    0x02,0x00,0x32,0x02,0xb8,0x00,0x0f,0x02,0x00,0x11,0x0a,0x62,0x02,0x0a,0x0e,0x00,
    0x0f,0x02,0x00,0x0d,0x0e,0x84,0x09,0x0f,0x32,0x00,0x01,0x0f,0x62,0x02,0x11,0x0f,
    0x64,0x02,0x4b,0x2f,0x36,0x3c,0x62,0x02,0x15,0x0f,0x84,0x09,0x4f,0x0f,0x20,0x07,
    0x03,0x02,0xb6,0x6d,0x4f,0x77,0x65,0xfc,0xbe,0xff,0x01,0x32,0x0f,0x02,0x00,0x58,
    0x08,0xf2,0x01,0x02,0xfa,0x7b,0x08,0x12,0x00,0x0e,0x02,0x00,0x0c,0x62,0x02,0x0f,
    0x22,0x07,0x0b,0x0a,0x62,0x02,0x06,0x02,0x00,0x08,0x20,0x07,0x06,0x02,0x00,0x2f,
    0x35,0xa4,0xc4,0x04,0x07,0x0f,0x62,0x02,0x69,0x06,0xa2,0x00,0x0c,0x62,0x02,0x0c,
    0x22,0x07,0x0f,0x02,0x00,0x0b,0x0a,0x22,0x07,0x0f,0xb4,0x04,0x05,0x0f,0x62,0x02,
    0x03,0x06,0xb6,0x04,0x0f,0x02,0x00,0xa3,0x02,0xc2,0x00,0x02,0x64,0x02,0x04,0x0c,
    0x00,0x0f,0x02,0x00,0x03,0x0f,0x62,0x02,0x1b,0x0f,0x02,0x00,0x05,0x0f,0x62,0x02,
    0x03,0x2f,0x00,0x00,0x62,0x02,0x09,0x1f,0xb4,0x1a,0x13,0x46,0x2f,0x36,0x3c,0xc4,
    0x04,0x09,0x0f,0xc4,0x00,0x05,0x02,0x2c,0x1a,0x0f,0x22,0x07,0x19,0x0a,0x62,0x02,
    0x06,0x02,0x00,0x0f,0x6c,0x02,0x03,0x0a,0x6a,0x02,0x0f,0x58,0x02,0xa3,0x08,0x02,
    0x00,0x06,0xf0,0x00,0x06,0x02,0x00,0x0c,0x4e,0x02,0x0f,0x02,0x00,0x27,0x0f,0x82,
    0x09,0x0b,0x06,0x02,0x00,0x0f,0x62,0x02,0x7f,0x06,0x9c,0x00,0x0f,0x02,0x00,0x01,
    0x0f,0x62,0x02,0x1b,0x0f,0x02,0x00,0x05,0x0f,0x62,0x02,0x03,0x02,0x02,0x00,0x11,
    0x77,0x1c,0x96,0x08,0xaa,0x01,0x0f,0x02,0x00,0xa9,0x02,0xd4,0x00,0x06,0x02,0x00,
    0x0f,0x62,0x02,0x29,0x0a,0x20,0x07,0x0f,0x62,0x02,0x09,0x64,0xd6,0xac,0xd6,0xac,
    0xd6,0xac,0x76,0x00,0x0c,0x64,0x02,0x15,0xb5,0x02,0x00,0x1f,0xb4,0xc6,0x04,0x44,
    0x2f,0x36,0x34,0xc4,0x04,0x09,0x04,0x98,0x00,0x0c,0x20,0x07,0x0f,0x02,0x00,0x2b,
    0x0f,0x54,0x02,0x03,0x0a,0xb6,0x04,0x02,0x02,0x00,0x6f,0x77,0x65,0x97,0x6d,0xbe,
    0xef,0x56,0x02,0xa9,0x0a,0x02,0x00,0x02,0xd6,0x00,0x0f,0x02,0x00,0x03,0x0c,0x70,
    0x02,0x0e,0x82,0x09,0x11,0x36,0x60,0x5f,0x02,0x02,0x00,0x0a,0x62,0x02,0x04,0x02,
    0x00,0x2e,0x16,0xa5,0x20,0x07,0x02,0x62,0x02,0x6e,0xd5,0xac,0x00,0x00,0x95,0xb4,
    0x2a,0x07,0x04,0x60,0x02,0x02,0x62,0x02,0x0f,0x64,0x02,0x3f,0x2f,0x36,0x34,0x62,
    0x02,0x09,0x04,0xb8,0x00,0x0f,0x62,0x02,0x2d,0x0c,0x20,0x07,0x0f,0x06,0x13,0x03,
    0x0f,0x62,0x02,0x01,0x0f,0x20,0x07,0x27,0x4a,0xdf,0xf7,0xdf,0xf7,0xde,0x01,0x0f,
    0x02,0x00,0x23,0x3f,0xdf,0xf7,0xbf,0x48,0x00,0x02,0x3f,0x9e,0xef,0x5d,0x9a,0x0e,
    0x02,0x3f,0x5d,0xdf,0x9e,0x12,0x03,0x0a,0x02,0x4e,0x01,0x0f,0x02,0x00,0x01,0x0f,
    0x62,0x02,0x1b,0x0f,0x02,0x00,0x03,0x0f,0x62,0x02,0x01,0x01,0x56,0x02,0xd8,0xac,
    0xb5,0xac,0xb5,0xb4,0x95,0xb4,0x95,0xb4,0x00,0x00,0x75,0xb4,0xc8,0x04,0x0f,0x62,
    0x02,0x77,0x0a,0x02,0x00,0x0f,0x20,0x07,0x0f,0x0f,0x22,0x39,0x0f,0x0f,0xca,0x04,
    0x05,0x01,0x12,0x0b,0x01,0x18,0x91,0x2f,0xb7,0x6d,0x26,0x02,0x03,0x0f,0xf8,0x12,
    0x0b,0x0f,0x02,0x00,0x53,0x0f,0xfc,0x12,0x01,0x01,0xba,0x00,0x03,0x94,0x8c,0x0f,
    0x1c,0x03,0x07,0x0e,0x4c,0x02,0x0f,0x02,0x00,0x29,0x0c,0x86,0x1c,0x04,0x00,0x13,
    0x04,0xce,0x17,0x04,0x02,0x00,0x24,0xb5,0xb4,0x62,0x02,0x0a,0x2a,0x07,0x0c,0x62,
    0x02,0x0f,0xc6,0x04,0x3b,0x01,0xc2,0x04,0x0f,0x26,0x07,0x06,0x04,0x9c,0x00,0x0f,
    0x02,0x00,0x01,0x0f,0x62,0x02,0x1b,0x0f,0x02,0x00,0x03,0x0f,0x62,0x02,0x03,0x01,
    0xa6,0x01,0x01,0x7e,0x09,0x2f,0x00,0x00,0x20,0x07,0x01,0x01,0x50,0x05,0x09,0xa8,
    0x93,0x0f,0xd4,0x1e,0x11,0x0f,0x52,0x15,0x03,0x0f,0xb0,0x17,0x03,0x0f,0x02,0x00,
    0x39,0x0f,0x38,0x05,0x01,0x0f,0x62,0x02,0x2b,0x0c,0xaa,0x23,0x0f,0x62,0x02,0x05,
    0x08,0x7c,0x09,0x0e,0x02,0x00,0x06,0xc6,0x04,0x0f,0x62,0x02,0x67,0x04,0x96,0x00,
    0x0f,0x02,0x13,0x37,0x0f,0x54,0x02,0x05,0x02,0xb6,0x04,0x08,0x02,0x00,0x02,0x60,
    0x15,0x0f,0xa0,0x01,0x01,0x08,0x26,0x00,0x0f,0x02,0x00,0x05,0x0f,0x50,0x28,0x03,
    0x0f,0x90,0x36,0x13,0x02,0x02,0x00,0x0f,0xf2,0x25,0x21,0x0f,0x02,0x00,0x03,0x4e,
    0x97,0x85,0x97,0x85,0x66,0x02,0x0c,0x2c,0x00,0x0a,0x20,0x07,0x0a,0x80,0x09,0x0c,
    0x88,0x1c,0x0c,0x62,0x02,0x02,0x02,0x00,0x0f,0x7e,0x09,0x03,0x82,0xd5,0xac,0xb5,
    0xb4,0xb5,0xb4,0x00,0x00,0x1e,0x07,0x42,0x95,0xbc,0x95,0xbc,0x2e,0x00,0x44,0x75,
    0xbc,0x15,0xac,0x64,0x02,0x0e,0x62,0x02,0x1f,0x94,0xb6,0x10,0x36,0x03,0xc2,0x04,
    0x0f,0xc4,0x04,0x02,0x22,0x56,0x3c,0x8c,0x00,0x0f,0x62,0x02,0x2d,0x08,0x2c,0x07,
    0x0f,0x62,0x02,0x03,0x0a,0x7e,0x09,0x04,0x34,0x34,0x2e,0xb7,0x6d,0x60,0x02,0x02,
    0x92,0x00,0x0c,0x22,0x07,0x0f,0x02,0x00,0x3f,0x0f,0x74,0x1c,0x03,0x0f,0x78,0x1c,
    0x05,0x02,0x02,0x00,0x0f,0x1c,0x1a,0x05,0x02,0x18,0x00,0x0c,0x64,0x02,0x02,0x34,
    0x00,0x06,0x02,0x00,0x0f,0x62,0x02,0x19,0x0f,0x02,0x00,0x03,0x0e,0x62,0x02,0x04,
    0x7c,0x09,0x06,0x62,0x02,0x26,0x00,0x00,0x62,0x02,0x2f,0x75,0xbc,0x62,0x02,0x6d,
    0x0f,0xc8,0x00,0x03,0x0e,0x04,0x13,0x0a,0x24,0x1a,0x0c,0xd4,0x0b,0x0c,0xb6,0x55,
    0x02,0x02,0x00,0x0f,0x1e,0x07,0x01,0x22,0x57,0x65,0x28,0x34,0x0f,0x62,0x02,0x0d,
    0x0f,0xdc,0x1e,0x1f,0x0f,0x20,0x07,0x01,0x0f,0x1e,0x07,0x25,0x0f,0x7c,0x09,0x05,
    0x04,0x4a,0x02,0x0f,0x02,0x00,0x07,0x0f,0x64,0x02,0x0d,0x0f,0x02,0x00,0x1f,0x0e,
    0x1e,0x07,0x0c,0x7c,0x09,0x35,0xb5,0xac,0xb5,0xa4,0x10,0x0e,0x02,0x00,0x0f,0x62,
    0x02,0x09,0x0f,0xc6,0x04,0x33,0x2f,0x16,0x34,0xc4,0x04,0x09,0x0e,0x92,0x00,0x04,
    0x02,0x00,0x0a,0x82,0x09,0x0f,0x62,0x02,0x0b,0x0f,0x02,0x00,0x03,0x0f,0x62,0x02,
    0x03,0x02,0x98,0x23,0x06,0x02,0x00,0x0f,0x94,0x01,0x21,0x0f,0x20,0x07,0x01,0x0f,
    0x62,0x02,0x17,0x0f,0x1c,0x07,0x37,0x0f,0x02,0x00,0x01,0x0a,0xd0,0x00,0x0f,0x22,
    0x00,0x01,0x0f,0x02,0x00,0x0b,0x0c,0x9e,0x10,0x0f,0x62,0x02,0x03,0x04,0xf8,0x12,
    0x0a,0xbc,0x04,0x0a,0x22,0x07,0x13,0x75,0x2c,0x07,0x02,0x64,0x02,0x0f,0x26,0x07,
    0x01,0x0f,0x62,0x02,0x4f,0x0f,0x1e,0x07,0x2f,0x0a,0x02,0x00,0x0e,0x54,0x02,0x0a,
    0x1c,0x07,0x01,0xf8,0x12,0x0b,0xfc,0x89,0x0f,0x92,0x01,0x2d,0x0f,0x02,0x00,0x1f,
    0x0f,0x62,0x02,0x37,0x0f,0x1a,0x1a,0x01,0x0a,0xd0,0x00,0x04,0xf0,0x0b,0x0f,0x12,
    0x39,0x07,0x0f,0x80,0x09,0x01,0x0c,0xd4,0x00,0x0c,0x1c,0x07,0x52,0xd6,0xac,0xd6,
    0xac,0xb5,0x02,0x00,0x07,0x80,0x09,0x0f,0x62,0x02,0x05,0x02,0x64,0x02,0x0f,0x62,
    0x02,0x02,0x32,0xab,0x94,0xab,0x38,0x00,0x0f,0x02,0x00,0x27,0x2f,0x16,0x34,0xc4,
    0x04,0x07,0x02,0x56,0x00,0x0f,0xe2,0x0b,0x29,0x0a,0xac,0x10,0x0f,0x62,0x02,0x0d,
    0x02,0x30,0x21,0x02,0x06,0x00,0x01,0xee,0x08,0x01,0x2a,0x0e,0x0a,0x92,0x01,0x02,
    0x1a,0x00,0x0a,0x84,0x09,0x0f,0x44,0x0e,0x0f,0x0e,0xde,0x0b,0x0f,0x6a,0x2f,0x01,
    0x0f,0x02,0x00,0x09,0x0f,0x18,0x07,0x07,0x0f,0x1a,0x07,0x07,0x0f,0xe0,0x1e,0x05,
    0x0c,0xd2,0x00,0x0a,0x7e,0x09,0x0c,0xe2,0x0b,0x0c,0x74,0x3b,0x02,0x22,0x4c,0x0a,
    0x02,0x00,0x0c,0x62,0x02,0x51,0xd5,0xac,0xd5,0xac,0xd5,0x62,0x02,0x0a,0x28,0x00,
    0x0f,0x02,0x00,0x05,0x0f,0x62,0x02,0x6b,0x0a,0x02,0x00,0x0a,0x1c,0x07,0x0f,0x1e,
    0x07,0x0d,0x0c,0x62,0x02,0x0f,0x66,0x02,0x01,0x02,0xc6,0x04,0x0c,0x1c,0x07,0x06,
    0x02,0x00,0x08,0x90,0x01,0x06,0x16,0x00,0x0f,0x02,0x00,0x09,0x0e,0x00,0x26,0x0f,
    0x62,0x02,0x01,0x0e,0x64,0x02,0x0f,0xbc,0x04,0x09,0x0f,0x62,0x02,0x21,0x0c,0x02,
    0x00,0x04,0x4a,0x02,0x08,0xd2,0x00,0x0f,0xd4,0x00,0x15,0x0a,0x02,0x00,0x0e,0x1c,
    0x1a,0x0c,0x7c,0x09,0x04,0x20,0x07,0x04,0x40,0x0e,0x01,0x0a,0x00,0x05,0x44,0x0e,
    0x0e,0x02,0x00,0x0f,0x62,0x02,0x07,0x0f,0xc6,0x04,0x2b,0x2f,0x16,0x34,0xc4,0x04,
    0x07,0x0e,0x86,0x00,0x01,0x52,0x02,0x0f,0xe4,0x1e,0x0a,0x0f,0x54,0x02,0x03,0x0a,
    0x02,0x00,0x0e,0x2a,0x07,0x22,0x77,0x65,0x04,0x00,0x0f,0x02,0x00,0x01,0x0f,0x8e,
    0x01,0x21,0x0e,0x62,0x02,0x0f,0x02,0x00,0x11,0x0f,0x3a,0x0e,0x07,0x0f,0x02,0x00,
    0x35,0x0f,0x62,0x02,0x29,0x0a,0x7e,0x09,0x0f,0x62,0x02,0x03,0x19,0xd6,0xba,0x04,
    0x02,0x82,0x09,0x0f,0x62,0x02,0x05,0x06,0x86,0x09,0x02,0x02,0x00,0x06,0x24,0x07,
    0x04,0x36,0x1a,0x04,0x26,0x07,0x0f,0x62,0x02,0x45,0x2f,0x97,0x4c,0x90,0x42,0x35,
    0x0e,0x52,0x02,0x02,0xb6,0x04,0x06,0x02,0x00,0x15,0x77,0x50,0x28,0x0c,0x22,0x07,
    0x0f,0x62,0x02,0x01,0x0e,0x46,0x0e,0x0f,0x98,0x49,0x0b,0x0e,0xc0,0x04,0x0f,0x02,
    0x00,0x17,0x0f,0xba,0x04,0x09,0x0f,0x02,0x00,0x03,0x02,0x96,0x10,0x0f,0x02,0x00,
    0x03,0x04,0x62,0x02,0x0a,0xd6,0x00,0x04,0x2c,0x00,0x0a,0xfe,0x12,0x0c,0x1c,0x07,
    0x0a,0x62,0x02,0x00,0x24,0xd1,0x0a,0x1a,0x07,0x04,0x74,0x1c,0x06,0x1c,0x07,0x11,
    0xb5,0x7c,0x1c,0x0f,0x02,0x00,0x05,0x0a,0x62,0x02,0x46,0x55,0xc4,0x55,0xc4,0x64,
    0x02,0x13,0xb4,0x02,0x00,0x04,0x62,0x02,0x0f,0x64,0x02,0x27,0x02,0xc2,0x04,0x0f,
    0x88,0x09,0x03,0x0f,0x7e,0x09,0x37,0x0f,0x62,0x02,0x0b,0x02,0x1e,0x07,0x06,0x5a,
    0x02,0x0c,0x02,0x00,0x0f,0xc4,0x04,0x0f,0x0c,0x60,0x02,0x0c,0xc2,0x04,0x0c,0x62,
    0x02,0x0f,0x20,0x07,0x1b,0x0a,0x96,0x49,0x04,0x02,0x00,0x0f,0x48,0x02,0x07,0x0f,
    0x1a,0x00,0x07,0x08,0x02,0x00,0x08,0xd6,0x00,0x04,0x18,0x00,0x0f,0x62,0x02,0x2b,
    0x0a,0x02,0x00,0x04,0x5e,0x02,0x02,0x62,0x15,0x02,0x02,0x00,0x06,0x68,0x15,0x0e,
    0x02,0x00,0x0f,0x62,0x02,0x61,0x0a,0x86,0x00,0x0f,0x7e,0x09,0x0b,0x0c,0x6e,0x09,
    0x0c,0x10,0x00,0x0e,0x66,0x02,0x11,0x57,0x18,0x07,0x02,0x02,0x00,0x0a,0x6a,0x00,
    0x0c,0x02,0x00,0x08,0x8c,0x01,0x06,0x8e,0x01,0x0f,0x02,0x00,0x07,0x0f,0xa8,0x10,
    0x01,0x0f,0x02,0x00,0x0d,0x0f,0x20,0x07,0x1f,0x0f,0x48,0x02,0x13,0x01,0x1c,0x0f,
    0x03,0x62,0x8c,0x0a,0x02,0x00,0x08,0xd6,0x00,0x04,0x1a,0x00,0x02,0x90,0x80,0x0f,
    0x02,0x00,0x07,0x0c,0x1a,0x07,0x04,0x12,0x1a,0x02,0x1c,0x07,0x26,0xd5,0xac,0xf8,
    0x12,0x04,0x20,0x07,0x0f,0x62,0x02,0x09,0x04,0xaa,0x10,0x08,0x02,0x00,0x04,0xc6,
    0x04,0x02,0xc2,0x04,0x08,0xc4,0x04,0x0f,0xc6,0x04,0x23,0x04,0xc2,0x04,0x0f,0xc4,
    0x04,0x01,0x08,0x78,0x00,0x0f,0x7e,0x09,0x0f,0x0e,0x52,0x02,0x0c,0x02,0x00,0x0e,
    0xc8,0x04,0x04,0x12,0x1a,0x06,0xbe,0x04,0x06,0x0a,0x00,0x02,0xca,0x17,0x02,0x02,
    0x00,0x08,0x8c,0x01,0x02,0x8e,0x01,0x0f,0x48,0x0e,0x1d,0x0f,0x02,0x00,0x21,0x0f,
    0x1e,0x07,0x1f,0x0f,0x02,0x00,0x05,0x06,0x1a,0x07,0x08,0x02,0x00,0x08,0xd6,0x00,
    0x08,0x18,0x00,0x0a,0x02,0x00,0x0a,0x1a,0x07,0x0f,0x62,0x02,0x21,0x0f,0x02,0x00,
    0x07,0x0a,0x62,0x02,0x4f,0x55,0xc4,0x55,0xc4,0x62,0x02,0x6b,0x0c,0x02,0x00,0x0a,
    0x14,0x6b,0x0e,0x02,0x00,0x0c,0x52,0x02,0x0c,0x7a,0x09,0x06,0x02,0x00,0x08,0x58,
    0x02,0x0f,0x02,0x00,0x01,0x08,0x8c,0x01,0x02,0x8e,0x01,0x0f,0x62,0x02,0x0b,0x0f,
    0x24,0x07,0x0f,0x0f,0x66,0x00,0x01,0x0c,0x02,0x00,0x0f,0x62,0x02,0x03,0x0f,0xba,
    0x04,0x05,0x0f,0x18,0x00,0x05,0x01,0x48,0x03,0x18,0x8d,0xda,0x44,0x04,0x70,0x02,
    0x08,0xd6,0x00,0x02,0x28,0x00,0x01,0x86,0x10,0x01,0xcc,0x6f,0x06,0x02,0x00,0x0a,
    0x62,0x02,0x0c,0x7a,0x09,0x0f,0x02,0x00,0x0f,0x08,0x24,0x07,0x06,0x2a,0x1a,0x0f,
    0x02,0x00,0x01,0x02,0x62,0x02,0x04,0x64,0x02,0x0f,0xc4,0x04,0x01,0x0f,0xc6,0x04,
    0x1f,0x06,0xc2,0x04,0x0e,0xc4,0x04,0x0f,0x84,0x00,0x01,0x0f,0x02,0x00,0x0d,0x0a,
    0xc8,0x04,0x0f,0x62,0x02,0x03,0x02,0x68,0x02,0x02,0xce,0x1e,0x02,0x06,0x00,0x0f,
    0x02,0x00,0x0f,0x08,0x8c,0x01,0x08,0x8e,0x01,0x0f,0x02,0x00,0x05,0x0f,0x26,0x07,
    0x1d,0x0f,0x22,0x07,0x19,0x0f,0x4a,0x02,0x05,0x0f,0x18,0x00,0x05,0x0e,0x02,0x00,
    0x0f,0x62,0x02,0x0f,0x0f,0x5c,0x28,0x09,0x42,0x16,0xa5,0xf6,0xa4,0x02,0x00,0x02,
    0xd8,0x0b,0x02,0xf8,0x12,0x02,0x66,0x00,0x04,0x1a,0x1a,0x2f,0xb5,0xb4,0x24,0x07,
    0x11,0x0c,0xc4,0x04,0x04,0x02,0x00,0x02,0x28,0x07,0x0f,0x62,0x02,0x55,0x0e,0x7c,
    0x09,0x04,0x88,0x00,0x0f,0x96,0x10,0x01,0x0a,0x62,0x02,0x0e,0x64,0x02,0x06,0x02,
    0x00,0x0f,0x5c,0x02,0x03,0x08,0xcc,0x04,0x08,0xfc,0x38,0x0e,0x62,0x02,0x0a,0xc4,
    0x04,0x0e,0xea,0x0b,0x0f,0x02,0x00,0x2b,0x0f,0xbe,0x04,0x03,0x0f,0x02,0x00,0x19,
    0x04,0x46,0x02,0x0f,0x02,0x00,0x09,0x08,0xd6,0x00,0x0f,0x28,0x00,0x07,0x0c,0x18,
    0x07,0x06,0xf2,0x25,0x0c,0x62,0x02,0x02,0xc0,0x17,0x01,0x86,0x04,0x01,0xc4,0x17,
    0x0f,0x02,0x00,0x0f,0x0a,0x26,0x07,0x42,0x00,0x00,0x55,0xc4,0x34,0x00,0x0f,0xae,
    0x10,0x01,0x02,0x02,0x00,0x02,0x20,0x00,0x0f,0x02,0x00,0x17,0x0f,0xc4,0x04,0x07,
    0x04,0x44,0x00,0x0e,0x62,0x02,0x08,0x64,0x02,0x0c,0x52,0x02,0x0c,0x02,0x00,0x02,
    0xc6,0x04,0x0e,0x90,0x23,0x08,0x02,0x00,0x04,0xde,0x1e,0x0c,0x02,0x00,0x0f,0x62,
    0x02,0x19,0x0f,0xac,0x10,0x0b,0x0a,0x8c,0x1c,0x0f,0x46,0x0e,0x01,0x0c,0x02,0x00,
    0x0f,0x62,0x02,0x01,0x0f,0xa4,0x04,0x03,0x0f,0x16,0x00,0x03,0x0f,0x62,0x02,0x2b,
    0x0a,0x18,0x07,0x02,0x62,0x02,0x0a,0x96,0x10,0x0a,0x02,0x00,0x02,0xe2,0x0b,0x0f,
    0x02,0x00,0x2f,0x11,0x75,0x88,0x09,0x01,0xa2,0x02,0x0f,0xc4,0x04,0x06,0x0f,0x64,
    0x02,0x1b,0x08,0x60,0x02,0x0c,0x26,0x07,0x02,0x6a,0x00,0x0e,0x02,0x00,0x0a,0x62,
    0x02,0x0e,0x02,0x00,0x02,0x54,0x02,0x0a,0x02,0x00,0x02,0x62,0x02,0x02,0x06,0x00,
    0x04,0x9a,0x10,0x06,0x08,0x00,0x0f,0x02,0x00,0x11,0x08,0xee,0x03,0x0f,0xf0,0x03,
    0x09,0x04,0x02,0x00,0x0a,0x26,0x07,0x0e,0xaa,0x10,0x04,0x28,0x00,0x01,0x50,0x0c,
    0x0f,0xf2,0x4b,0x14,0x0f,0x4c,0x02,0x03,0x0f,0x16,0x00,0x03,0x0c,0x8e,0x49,0x0f,
    0x96,0x68,0x03,0x08,0xd6,0x00,0x0f,0x18,0x07,0x09,0x06,0x7e,0x09,0x02,0x1e,0x07,
    0x02,0xf8,0x12,0x02,0x18,0x00,0x04,0x20,0x07,0x02,0xc2,0x04,0x02,0x14,0x00,0x06,
    0x22,0x07,0x0e,0x86,0x09,0x04,0xb2,0x23,0x02,0x02,0x00,0x0a,0x10,0x13,0x08,0x02,
    0x00,0x0f,0x62,0x02,0x4d,0x08,0x6c,0x00,0x0f,0x02,0x00,0x0b,0x0c,0xc6,0x04,0x04,
    0x10,0x9d,0x0e,0x36,0x00,0x0c,0x62,0x02,0x0e,0x02,0x00,0x08,0x24,0x07,0x0f,0xc4,
    0x04,0x0d,0x0f,0x02,0x00,0x37,0x0c,0x26,0x1a,0x0f,0xc0,0x04,0x01,0x0f,0x02,0x00,
    0x15,0x0f,0x1c,0x07,0x05,0x0c,0x18,0x00,0x02,0xf6,0x12,0x0f,0x62,0x02,0x05,0x02,
    0x74,0x1c,0x0e,0x2e,0x21,0x0f,0x62,0x02,0x03,0x04,0x64,0x02,0x04,0x84,0x09,0x0a,
    0x62,0x02,0x04,0xf0,0x31,0x02,0x02,0x00,0x0f,0x62,0x02,0x0f,0x06,0x28,0x07,0x0f,
    0x88,0x09,0x03,0x0f,0xc6,0x04,0x19,0x0a,0xc2,0x04,0x08,0xc4,0x04,0x0a,0x16,0x39,
    0x0c,0xb6,0x04,0x0a,0x54,0x02,0x0a,0x0e,0x00,0x02,0x02,0x00,0x04,0xc8,0x04,0x04,
    0x54,0x02,0x0f,0x02,0x00,0x09,0x08,0x56,0x02,0x08,0x0c,0x00,0x0f,0x62,0x02,0x0d,
    0x0f,0xd4,0x17,0x19,0x0f,0x26,0x07,0x1b,0x0e,0x62,0x02,0x0f,0xa8,0x04,0x01,0x0f,
    0x14,0x00,0x01,0x0e,0x4a,0x02,0x0f,0x02,0x00,0x0b,0x08,0x62,0x02,0x0c,0x1c,0x07,
    0x04,0x62,0x02,0x0f,0x1e,0x07,0x03,0x06,0x14,0x2d,0x0f,0x62,0x02,0x01,0x0f,0x02,
    0x00,0x27,0x06,0x28,0x07,0x2f,0x00,0x00,0x62,0x02,0x49,0x0b,0x7e,0x61,0x0f,0x48,
    0x79,0x10,0x04,0x54,0x02,0x08,0x02,0x00,0x24,0x57,0x65,0x62,0x02,0x04,0x08,0x00,
    0x06,0x02,0x00,0x0f,0x62,0x15,0x0d,0x0c,0x02,0x00,0x08,0x8c,0x01,0x0f,0x26,0x07,
    0x21,0x08,0x28,0x07,0x0a,0x88,0x09,0x0f,0x46,0x0e,0x11,0x0f,0x4e,0x02,0x01,0x0f,
    0x14,0x00,0x01,0x0c,0x62,0x02,0x0f,0x1c,0x07,0x03,0x06,0x02,0x00,0x08,0x9d,0x34,
    0x0e,0x62,0x02,0x02,0x02,0x00,0x04,0x62,0x02,0x06,0xd4,0x1e,0x04,0x20,0x07,0x0f,
    0x02,0x00,0x07,0x0f,0x26,0x07,0x07,0x0f,0xc6,0x04,0x11,0x04,0x02,0x00,0x0f,0x62,
    0x02,0x48,0x14,0x34,0x64,0x00,0x0f,0x02,0x00,0x07,0x0c,0xba,0x04,0x02,0x62,0x02,
    0x02,0x06,0x00,0x0e,0x02,0x00,0x04,0x62,0x02,0x0f,0x40,0x0e,0x03,0x06,0x02,0x00,
    0x0a,0xc4,0x04,0x08,0x02,0x00,0x0f,0x62,0x02,0x1d,0x0e,0x12,0x13,0x0f,0x02,0x00,
    0x05,0x0a,0x62,0x02,0x0e,0xc0,0x04,0x0f,0x02,0x00,0x13,0x0c,0x06,0x07,0x02,0x02,
    0x00,0x0f,0x62,0x02,0x0d,0x17,0xbe,0x18,0x37,0x04,0x1c,0x07,0x04,0xbc,0x04,0x0c,
    0x02,0x00,0x08,0x62,0x02,0x04,0x64,0x02,0x06,0xc0,0x04,0x08,0x24,0x07,0x0f,0x62,
    0x02,0x4f,0x1f,0x74,0x2e,0x26,0x12,0x0c,0x24,0x07,0x07,0x26,0x07,0x01,0x62,0x02,
    0x0f,0x1c,0x07,0x1f,0x06,0x62,0x02,0x06,0xbe,0x04,0x0f,0x02,0x00,0x0d,0x0a,0x48,
    0x0e,0x0c,0x62,0x02,0x06,0x4e,0x0e,0x0f,0x62,0x02,0x01,0x0e,0x28,0x07,0x0f,0x6e,
    0x00,0x07,0x0a,0xc4,0x04,0x0f,0x28,0x00,0x07,0x0c,0x62,0x02,0x0f,0xaa,0x04,0x01,
    0x0f,0x50,0x28,0x01,0x0f,0x62,0x02,0x03,0x0f,0x02,0x00,0x0d,0x08,0xd6,0x00,0x06,
    0x2c,0x00,0x04,0x80,0x09,0x04,0xbe,0x04,0x0c,0x02,0x00,0x0f,0x62,0x02,0x0f,0x0f,
    0x02,0x00,0x2b,0x04,0x78,0x15,0x04,0xc6,0x04,0x06,0xfa,0x1e,0x04,0x02,0x00,0x0f,
    0x62,0x02,0x2d,0x02,0xa0,0x00,0x0f,0x62,0x02,0x0b,0x04,0x02,0x00,0x0f,0xb6,0x04,
    0x03,0x06,0x62,0x02,0x06,0x0a,0x00,0x08,0x02,0x00,0x0f,0x24,0x07,0x1d,0x0a,0x8c,
    0x01,0x08,0x8e,0x01,0x0f,0x02,0x00,0x07,0x0f,0x4e,0x0e,0x07,0x08,0x26,0x07,0x06,
    0xc2,0x04,0x08,0xee,0x01,0x06,0x02,0x00,0x02,0x68,0x3b,0x08,0x66,0x00,0x0f,0x50,
    0x28,0x03,0x0a,0x62,0x02,0x0f,0xbc,0x04,0x0d,0x04,0x52,0x15,0x06,0x68,0x00,0x0a,
    0x64,0x00,0x02,0x02,0x00,0x06,0x62,0x02,0x06,0xc0,0x04,0x0f,0x02,0x00,0x13,0x08,
    0x26,0x07,0x0c,0x4e,0x0e,0x0e,0x28,0x07,0x0f,0x02,0x00,0x07,0x02,0x28,0x07,0x0f,
    0x62,0x02,0x01,0x0f,0x64,0x02,0x11,0x0f,0xc4,0x04,0x07,0x0f,0x72,0x00,0x07,0x0f,
    0x1e,0x07,0x05,0x0f,0x6a,0x02,0x05,0x08,0x62,0x02,0x08,0x22,0x07,0x0f,0x62,0x02,
    0x5f,0x0f,0x02,0x00,0x05,0x48,0xb7,0x7d,0xb7,0x7d,0xe8,0x01,0x0f,0x02,0x00,0x0b,
    0x0f,0x46,0x00,0x05,0x0c,0x02,0x00,0x0f,0x62,0x02,0x23,0x02,0xf8,0x12,0x06,0x4c,
    0x00,0x22,0x16,0xa5,0x0c,0x00,0x04,0xa2,0x10,0x00,0xd0,0xf4,0x06,0xc0,0x04,0x0f,
    0x24,0x07,0x07,0x0f,0x62,0x02,0x1d,0x0f,0xb2,0x10,0x07,0x02,0x64,0x02,0x0f,0x62,
    0x02,0x23,0x0e,0x60,0x02,0x04,0x26,0x07,0x28,0x77,0x44,0x52,0x15,0x0c,0x54,0x02,
    0x0c,0x80,0x09,0x04,0x02,0x00,0x0f,0xcc,0x04,0x03,0x0f,0x02,0x00,0x0f,0x0a,0x26,
    0x07,0x0f,0x28,0x07,0x07,0x0a,0xfa,0x01,0x06,0x58,0x00,0x0a,0xda,0x17,0x0f,0x78,
    0x15,0x09,0x08,0x28,0x07,0x06,0x02,0x00,0x0a,0x58,0x00,0x0f,0x52,0x3e,0x03,0x0a,
    0x02,0x00,0x06,0x3c,0x00,0x02,0x02,0x00,0x0a,0xbe,0x04,0x0f,0x02,0x00,0x03,0x02,
    0x9c,0x10,0x0e,0x02,0x00,0x08,0x5a,0x00,0x08,0x62,0x02,0x24,0x16,0xa5,0x5e,0x02,
    0x0c,0x02,0x00,0x0f,0x62,0x02,0x15,0x0c,0x38,0x00,0x0f,0x02,0x00,0x1b,0x06,0x7a,
    0x15,0x0c,0x5c,0x21,0x02,0x02,0x00,0x0f,0xc4,0x04,0x11,0x0f,0x62,0x02,0x07,0x0f,
    0x1e,0x07,0x29,0x0a,0xb6,0x04,0x06,0x4c,0x0e,0x0a,0x02,0x00,0x08,0xce,0x04,0x0c,
    0x62,0x02,0x0f,0x02,0x00,0x05,0x08,0x8c,0x01,0x0e,0xe6,0x01,0x06,0x02,0x00,0x0a,
    0x8c,0x09,0x08,0x00,0x1f,0x06,0x62,0x02,0x04,0x26,0x07,0x0a,0x54,0x00,0x4a,0xff,
    0xff,0xff,0xff,0x06,0x26,0x04,0x84,0x09,0x02,0x1c,0x00,0x08,0x02,0x00,0x06,0x70,
    0x00,0x0c,0x62,0x02,0x0c,0x70,0x02,0x0a,0x8c,0x23,0x04,0x1e,0x07,0x04,0x02,0x00,
    0x0f,0x54,0x00,0x05,0x08,0x6e,0x42,0x0f,0x22,0x07,0x1d,0x0f,0x02,0x00,0x01,0x0a,
    0xfc,0x1e,0x0f,0x28,0x07,0x1d,0x0f,0xc4,0x04,0x03,0x0f,0x28,0x07,0x0d,0x0f,0x62,
    0x02,0x17,0x04,0x02,0x00,0x0f,0x4c,0x3b,0x0f,0x0c,0x02,0x00,0x08,0x62,0x02,0x08,
    0x56,0x02,0x08,0x0c,0x00,0x0f,0x02,0x00,0x15,0x08,0x8c,0x01,0x0a,0xe2,0x01,0x0f,
    0x02,0x00,0x09,0x08,0x62,0x02,0x0a,0x02,0x00,0x0f,0x50,0x00,0x13,0x08,0xd4,0x0b,
    0x0a,0x32,0x00,0x0f,0x84,0x00,0x05,0x0e,0x62,0x02,0x08,0x64,0x02,0x0c,0xb2,0x2a,
    0x08,0x54,0x00,0x0a,0x20,0x07,0x06,0xc4,0x04,0x08,0x62,0x02,0x0f,0xc2,0x04,0x05,
    0x0a,0x4a,0x0e,0x0c,0x26,0x07,0x0f,0x62,0x02,0x11,0x0f,0x2a,0x07,0x07,0x0f,0x62,
    0x02,0x23,0x0f,0x60,0x02,0x01,0x04,0x26,0x07,0x06,0x8a,0x01,0x0a,0x54,0x02,0x0f,
    0x20,0x07,0x2b,0x0f,0x56,0x02,0x07,0x0c,0x40,0x0e,0x0c,0x10,0x00,0x02,0x50,0x0e,
    0x08,0x8c,0x01,0x0a,0xde,0x01,0x0e,0x52,0x0e,0x0a,0xc8,0x04,0x0f,0x02,0x00,0x01,
    0x08,0x4e,0x00,0x06,0x20,0x00,0x0c,0x48,0x0e,0x0f,0x02,0x00,0x01,0x08,0x3a,0x00,
    0x0c,0x4e,0x02,0x0f,0x02,0x00,0x01,0x0a,0x62,0x02,0x28,0x00,0x00,0x1c,0x1a,0x0a,
    0x4e,0x00,0x08,0x62,0x02,0x08,0x02,0x00,0x0f,0x62,0x02,0x31,0x0f,0x02,0x00,0x0f,
    0x0e,0x62,0x02,0x04,0x2a,0x07,0x15,0x94,0xa8,0x2f,0x06,0x02,0x00,0x0f,0xc4,0x04,
    0x0f,0x0f,0x62,0x02,0x07,0x06,0x8c,0x00,0x0c,0x52,0x02,0x06,0x10,0x00,0x0c,0x74,
    0x09,0x06,0x22,0x1a,0x0f,0x18,0x07,0x05,0x0f,0x02,0x00,0x09,0x0c,0x52,0x02,0x0f,
    0x02,0x00,0x03,0x08,0xda,0x01,0x2f,0x7e,0xdf,0x24,0x00,0x03,0x02,0x02,0x00,0x0c,
    0x60,0x02,0x06,0xc8,0x04,0x04,0x78,0x15,0x06,0x4c,0x00,0x02,0x32,0x00,0x04,0x02,
    0x00,0x46,0x9a,0xb6,0x1c,0xcf,0x1c,0x00,0x06,0x02,0x00,0x02,0x20,0x00,0x04,0x34,
    0x07,0x06,0x40,0x00,0x28,0x9e,0xef,0xf4,0x25,0x0e,0xc0,0x04,0x0a,0x02,0x00,0x0a,
    0x22,0x07,0x02,0x6e,0x42,0x06,0x64,0x00,0x06,0x62,0x02,0x08,0x22,0x07,0x0f,0x02,
    0x00,0x37,0x0c,0x28,0x07,0x0f,0x2a,0x07,0x17,0x0f,0x62,0x02,0x07,0x0f,0x28,0x07,
    0x09,0x0f,0x62,0x02,0x11,0x0f,0x02,0x00,0x07,0x0c,0x62,0x02,0x06,0x02,0x00,0x04,
    0x5a,0x15,0x0a,0x90,0x09,0x01,0x7e,0x01,0x07,0x60,0x3b,0x0f,0xd0,0x04,0x07,0x0f,
    0x02,0x00,0x07,0x08,0x8c,0x01,0x04,0xf4,0x01,0x0f,0x02,0x00,0x11,0x0a,0xb4,0x10,
    0x0a,0x48,0x00,0x02,0x40,0x00,0x0f,0x4e,0x0e,0x15,0x06,0x62,0x02,0x0f,0x46,0x00,
    0x01,0x01,0xe4,0x00,0x09,0x66,0x28,0x0e,0xbe,0x04,0x08,0xc0,0x04,0x0e,0x62,0x02,
    0x02,0x44,0x00,0x0a,0x62,0x02,0x08,0x46,0x0e,0x0a,0x24,0x07,0x0a,0x4a,0x0e,0x01,
    0x1a,0x07,0x09,0x34,0x40,0x0a,0xb0,0x10,0x0f,0x62,0x02,0x13,0x0e,0xc8,0x04,0x02,
    0xa6,0x1c,0x0f,0x88,0x09,0x05,0x0f,0x62,0x02,0x07,0x0f,0x60,0x02,0x03,0x02,0x26,
    0x07,0x02,0xae,0x00,0x0a,0x02,0x00,0x06,0xbe,0x04,0x0e,0x02,0x00,0x06,0xc0,0x04,
    0x0f,0x02,0x00,0x0b,0x0f,0xa0,0x10,0x19,0x0e,0xd6,0x04,0x2f,0xb7,0x6d,0x62,0x02,
    0x0b,0x0f,0x2a,0x07,0x15,0x08,0x46,0x00,0x04,0xb0,0x00,0x28,0x3d,0xd7,0x16,0x00,
    0x0f,0x02,0x00,0x0d,0x04,0x36,0x00,0x44,0xbb,0xc6,0x7d,0xe7,0x2c,0x00,0x04,0x14,
    0x00,0x0a,0x02,0x00,0x0f,0x62,0x02,0x0b,0x02,0x02,0x00,0x04,0x42,0x00,0x0f,0x36,
    0x03,0x07,0x0f,0x24,0x07,0x05,0x0c,0x62,0x02,0x06,0x1a,0x26,0x02,0x02,0x00,0x0c,
    0x62,0x02,0x0f,0x02,0x00,0x13,0x0c,0x2e,0x26,0x02,0x7e,0x15,0x0f,0x62,0x02,0x39,
    0x04,0x88,0x00,0x0a,0x54,0x02,0x0a,0x0e,0x00,0x0a,0x02,0x00,0x08,0x62,0x02,0x0f,
    0x24,0x07,0x21,0x0f,0xa2,0x10,0x01,0x0f,0x02,0x00,0x01,0x02,0x86,0x01,0x04,0x02,
    0x00,0x04,0x9e,0x09,0x0f,0x02,0x00,0x05,0x0f,0x2a,0x07,0x05,0x06,0x40,0x00,0x04,
    0xee,0x3d,0x04,0x12,0x00,0x86,0xff,0xff,0xff,0xff,0x9e,0xe7,0x9a,0xb6,0x52,0x00,
    0x04,0xb4,0x04,0x02,0x1c,0x00,0x06,0x02,0x00,0x02,0x22,0x00,0x44,0x77,0x8d,0x77,
    0x8d,0x14,0x00,0x0e,0xc0,0x04,0x0f,0x02,0x00,0x0d,0x04,0x00,0x26,0x04,0x42,0x00,
    0x06,0x62,0x02,0x0f,0x24,0x07,0x17,0x08,0x32,0x1a,0x0f,0x02,0x00,0x13,0x0f,0x2a,
    0x07,0x13,0x0e,0x66,0x02,0x0f,0x62,0x02,0x4f,0x08,0x02,0x00,0x0f,0xda,0xbb,0x09,
    0x08,0x24,0x07,0x0c,0x0e,0x00,0x0a,0xc4,0x04,0x0a,0x0e,0x00,0x0f,0x02,0x00,0x11,
    0x02,0x86,0x01,0x04,0x02,0x00,0x0f,0x32,0x00,0x11,0x06,0x02,0x00,0x04,0x2a,0x07,
    0x0a,0x3e,0x00,0x1b,0xd7,0x6a,0x15,0x06,0x30,0x00,0x02,0x02,0x00,0x04,0x62,0x02,
    0x02,0x02,0x00,0x0a,0xea,0x04,0x02,0x14,0x00,0x08,0x52,0x00,0x0a,0xf6,0x0b,0x0f,
    0xbc,0x95,0x0b,0x0f,0x62,0x02,0x17,0x08,0xc2,0x04,0x0c,0x26,0x07,0x0e,0x02,0x00,
    0x04,0x1e,0x26,0x02,0x02,0x00,0x08,0x48,0x2d,0x02,0x02,0x00,0x0f,0x62,0x02,0x11,
    0x0f,0x2a,0x07,0x01,0x37,0x00,0x00,0xb4,0xe6,0x0b,0x06,0xea,0x0b,0x0f,0x28,0x07,
    0x07,0x0f,0x26,0x07,0x07,0x02,0x8a,0x00,0x0a,0x02,0x00,0x0a,0xc2,0x04,0x08,0x62,
    0x02,0x08,0x0c,0x00,0x0e,0x02,0x00,0x0a,0x70,0x02,0x0f,0x54,0x02,0x1d,0x0c,0x2a,
    0x07,0x04,0x1e,0x02,0x02,0x02,0x00,0x0e,0x6e,0x00,0x01,0x96,0x04,0x01,0xe0,0x42,
    0x04,0x02,0x00,0x0c,0x54,0x0e,0x02,0x3a,0x00,0x06,0x3c,0x00,0x04,0x10,0x00,0x44,
    0xff,0xff,0x3d,0xd7,0x34,0x00,0x0f,0x4e,0x0e,0x0b,0x07,0x32,0x00,0x14,0xdf,0xe4,
    0x0b,0x04,0x14,0x00,0x04,0x42,0x00,0x02,0x02,0x00,0x0f,0x62,0x02,0x0d,0x04,0x02,
    0x00,0x04,0x3e,0x00,0x08,0x98,0x00,0x08,0x02,0x00,0x0f,0x62,0x02,0x0b,0x0a,0xc6,
    0x04,0x0c,0x28,0x07,0x02,0x64,0x02,0x08,0x4e,0x00,0x0f,0x02,0x00,0x25,0x3f,0x75,
    0xc4,0xd4,0x62,0x02,0x1a,0x0f,0x60,0x02,0x05,0x11,0x16,0xf0,0x1e,0x0c,0x52,0x02,
    0x0e,0x10,0x00,0x06,0x02,0x00,0x0a,0x62,0x02,0x0f,0x24,0x07,0x25,0x02,0x28,0x07,
    0x0c,0x52,0x02,0x0c,0x02,0x00,0x02,0x86,0x01,0x04,0x02,0x00,0x02,0x1e,0x00,0x0c,
    0x40,0x72,0x0f,0x02,0x00,0x09,0x04,0x3a,0x00,0x22,0xff,0xff,0x7c,0x15,0x08,0x10,
    0x00,0x06,0x02,0x00,0x38,0xb7,0x85,0x5d,0x51,0x23,0x01,0x02,0x00,0x01,0xa0,0x00,
    0x0d,0x8c,0x55,0x15,0x5a,0x50,0x07,0x01,0x25,0x00,0x03,0x28,0x00,0x0f,0x02,0x00,
    0x11,0x02,0xe4,0x0b,0x02,0x2a,0x00,0x01,0x39,0x00,0x03,0x02,0x00,0x02,0x12,0x00,
    0x06,0x8c,0x1c,0x0e,0x02,0x00,0x08,0x0e,0x13,0x0e,0x8a,0x09,0x0c,0xc4,0x04,0x0f,
    0x02,0x00,0x03,0x0f,0xc8,0x04,0x11,0x0e,0xca,0x04,0x02,0xba,0x04,0x06,0x02,0x00,
    0x02,0xc0,0x04,0x0f,0xc4,0x04,0x05,0x0f,0x62,0x02,0x1d,0x08,0x02,0x00,0x0a,0x54,
    0x02,0x0a,0x02,0x00,0x0c,0x62,0x02,0x0a,0xc4,0x04,0x0c,0x02,0x00,0x0f,0xd4,0x04,
    0x1d,0x03,0x87,0x01,0x03,0x02,0x00,0x0c,0x4e,0x00,0x0f,0x02,0x00,0x0f,0x03,0x39,
    0x00,0x12,0xff,0x2a,0x00,0x04,0x0e,0x00,0x04,0x4a,0x00,0x0f,0x50,0x0e,0x0d,0x26,
    0x3d,0xd7,0x7c,0x15,0x0c,0x3c,0x00,0x04,0x10,0x00,0x02,0x5a,0x00,0x0e,0x34,0x47,
    0x0f,0xa8,0x10,0x03,0x02,0x2a,0x00,0x04,0x3c,0x00,0x06,0x8a,0x00,0x0a,0x62,0x02,
    0x0a,0xc4,0x04,0x0f,0x02,0x00,0x1f,0x0e,0xf0,0x0b,0x0f,0x62,0x02,0x23,0x0c,0x64,
    0x02,0x02,0x5e,0x02,0x0f,0x62,0x02,0x25,0x08,0x02,0x00,0x0a,0x22,0x07,0x0c,0x62,
    0x02,0x0f,0x70,0x02,0x09,0x0c,0x62,0x02,0x0f,0xa2,0x10,0x21,0x08,0xd8,0x04,0x02,
    0x86,0x01,0x04,0x02,0x00,0x08,0xa4,0x00,0x0a,0x02,0x00,0x0e,0x56,0x0e,0x0a,0x30,
    0x09,0x08,0x0e,0x00,0x06,0x48,0x00,0x2f,0x1c,0xc7,0xc2,0x5c,0x03,0x0a,0x02,0x00,
    0x02,0x3e,0x00,0x08,0x8c,0x00,0x02,0x12,0x00,0x04,0x26,0x00,0x02,0x0e,0x00,0x02,
    0x24,0x07,0x04,0x0c,0x00,0x0e,0x62,0x02,0x08,0x02,0x00,0x04,0x3a,0x00,0x08,0x8c,
    0x00,0x08,0x02,0x00,0x0c,0x62,0x02,0x0f,0xc6,0x04,0x0f,0x0e,0x8c,0x09,0x08,0x50,
    0x00,0x0f,0x02,0x00,0x27,0x06,0xc0,0x04,0x0a,0x88,0x09,0x0f,0xb2,0x10,0x01,0x0f,
    0xc4,0x04,0x05,0x02,0x7e,0x00,0x0a,0x54,0x02,0x2a,0x17,0x5d,0x10,0x00,0x0a,0x02,
    0x00,0x0c,0x62,0x02,0x0f,0xb6,0x04,0x0b,0x0f,0x02,0x00,0x0d,0x08,0x50,0x02,0x0e,
    0x02,0x00,0x02,0x86,0x01,0x04,0x02,0x00,0x08,0x20,0x00,0x02,0xf4,0x17,0x0f,0x02,
    0x00,0x0b,0x02,0x38,0x00,0x04,0xf4,0x0b,0x02,0x0e,0x00,0x02,0x46,0x00,0x2a,0xd7,
    0x7d,0xf2,0x0b,0x24,0x39,0x9e,0x9c,0x1c,0x02,0xea,0x0b,0x04,0x2c,0x00,0x02,0x02,
    0x00,0x04,0x66,0x00,0x2a,0x59,0xae,0x10,0x00,0x02,0x0e,0x00,0x06,0x20,0x00,0x0f,
    0x02,0x00,0x09,0x04,0x48,0x0e,0x0a,0xac,0x02,0x04,0x3c,0x00,0x0a,0xc4,0x04,0x0c,
    0x02,0x00,0x0f,0x62,0x02,0x1d,0x0f,0x02,0x00,0x03,0x0e,0xc8,0x04,0x0f,0x80,0x15,
    0x03,0x08,0xf6,0x0b,0x02,0x5a,0x02,0x04,0x02,0x00,0x02,0xc0,0x04,0x02,0x02,0x00,
    0x0c,0x64,0x00,0x0f,0x60,0x02,0x05,0x0f,0x62,0x02,0x03,0x0a,0x02,0x00,0x0c,0x52,
    0x02,0x0a,0x02,0x00,0x0e,0x26,0x07,0x0f,0x72,0x02,0x0b,0x0f,0xd6,0x04,0x1b,0x04,
    0xc4,0x01,0x02,0x02,0x00,0x0a,0x7a,0x00,0x0e,0x02,0x00,0x0a,0x72,0x21,0x02,0x34,
    0x00,0x02,0x36,0x00,0x28,0xf8,0x75,0x0e,0x00,0x26,0x00,0x00,0x42,0x5d,0x2a,0x5d,
    0xdf,0x12,0x32,0x02,0x62,0x02,0x0f,0x08,0x02,0x03,0x0c,0xaa,0x10,0x22,0xf9,0xad,
    0x56,0x00,0x02,0x30,0x00,0x0a,0x0a,0x13,0x0a,0x6a,0x15,0x0f,0x62,0x02,0x1d,0x0c,
    0xc6,0x04,0x0f,0x02,0x00,0x1f,0x0f,0x2a,0x07,0x11,0x0f,0x62,0x02,0x59,0x0a,0x02,
    0x00,0x0a,0xc2,0x04,0x0c,0x62,0x02,0x08,0x0c,0x13,0x0e,0x02,0x00,0x0c,0x62,0x02,
    0x0c,0x52,0x02,0x0f,0x8a,0x09,0x13,0x04,0xda,0x04,0x02,0xc2,0x01,0x04,0x02,0x00,
    0x0c,0x6e,0x00,0x0c,0xf4,0x0b,0x0f,0x62,0x02,0x01,0x02,0x34,0x00,0x0a,0x42,0x00,
    0x15,0xd7,0x70,0x02,0x26,0xff,0xff,0x8c,0x28,0x0f,0x02,0x00,0x01,0x04,0x38,0x00,
    0x04,0x48,0x00,0x06,0x12,0x00,0x02,0xaa,0x10,0x04,0x20,0x00,0x0e,0x26,0x07,0x0c,
    0xee,0x1e,0x0f,0xc4,0x04,0x19,0x0a,0xd4,0x17,0x0f,0xb2,0x10,0x01,0x0a,0x50,0x0e,
    0x02,0xf0,0x0b,0x0f,0x2a,0x07,0x43,0x04,0xc0,0x04,0x0f,0x26,0x07,0x0d,0x0f,0xc4,
    0x04,0x0b,0x0a,0x52,0x02,0x0e,0x10,0x00,0x0a,0x02,0x00,0x0c,0x72,0x02,0x0f,0x02,
    0x00,0x2f,0x04,0x50,0x02,0x0e,0x02,0x00,0x04,0xc2,0x01,0x02,0x02,0x00,0x0c,0x20,
    0x00,0x0c,0x62,0x02,0x08,0x02,0x00,0x02,0x32,0x00,0x04,0x34,0x00,0x02,0x0e,0x00,
    0x21,0xbe,0xef,0xde,0x10,0x23,0x75,0x3c,0x88,0x1c,0x26,0x39,0x96,0x5a,0x2d,0x28,
    0xdb,0xbe,0x06,0x75,0x06,0x4a,0x00,0x02,0x3a,0x00,0x02,0x4a,0x00,0x0c,0x70,0x15,
    0x06,0x1e,0x00,0x02,0x62,0x02,0x06,0x36,0x00,0x0e,0x02,0x00,0x0f,0x62,0x02,0x0b,
    0x06,0x78,0x28,0x0f,0x02,0x00,0x03,0x0f,0x28,0x07,0x0d,0x0c,0x3e,0x1a,0x0f,0x02,
    0x00,0x07,0x0e,0x2c,0x07,0x0c,0xea,0x36,0x0a,0x56,0x0e,0x02,0x5c,0x02,0x02,0x02,
    0x00,0x02,0x20,0x07,0x04,0x02,0x00,0x02,0x2a,0x00,0x04,0x02,0x00,0x0f,0x62,0x02,
    0x05,0x02,0x20,0x00,0x0c,0x62,0x02,0x0a,0x02,0x00,0x0f,0x52,0x02,0x0d,0x0c,0xb6,
    0x04,0x0f,0x26,0x07,0x0b,0x01,0x0a,0x17,0x07,0xae,0x1c,0x0f,0x02,0x00,0x0b,0x02,
    0xdc,0x01,0x04,0x02,0x00,0x0f,0x7e,0x09,0x13,0x02,0xca,0x04,0x04,0x34,0x00,0x02,
    0x20,0x13,0x02,0x0e,0x00,0x02,0x6c,0x00,0x02,0x0c,0x00,0x44,0xff,0xff,0xff,0xff,
    0x60,0x02,0x02,0x0e,0x00,0x0c,0x02,0x00,0x04,0xb0,0x10,0x06,0x18,0x00,0x02,0x60,
    0x15,0x04,0x10,0x00,0x08,0x0e,0x00,0x0e,0x62,0x02,0x0f,0x26,0x07,0x1d,0x0c,0x8a,
    0x09,0x0f,0x28,0x07,0x2f,0x01,0x78,0x02,0x0d,0x66,0x40,0x0e,0x62,0x02,0x0f,0x36,
    0x45,0x03,0x04,0xe4,0x17,0x02,0x5c,0x02,0x02,0x02,0x00,0x04,0x5c,0x02,0x02,0x02,
    0x00,0x02,0x62,0x00,0x04,0x02,0x00,0x0f,0x62,0x02,0x0b,0x0f,0x02,0x00,0x0b,0x0f,
    0x62,0x02,0x0d,0x0c,0x02,0x00,0x0c,0x72,0x02,0x0e,0x1a,0x07,0x0f,0x2a,0x07,0x15,
    0x0c,0xf0,0x6f,0x0f,0xb6,0x04,0x03,0x0f,0xca,0x04,0x03,0x02,0x08,0x02,0x02,0x82,
    0x15,0x02,0x0c,0x00,0x02,0x08,0x02,0x04,0x92,0x09,0x22,0x1c,0xc7,0x9c,0x28,0x04,
    0x1c,0x00,0x0f,0x02,0x00,0x03,0x02,0x96,0x09,0x04,0x1c,0x00,0x04,0xea,0x00,0x02,
    0x10,0x00,0x08,0x62,0x02,0x2f,0xff,0xff,0x88,0x09,0x01,0x0c,0xf4,0x1e,0x0a,0x40,
    0x00,0x02,0x02,0x00,0x02,0x14,0x00,0x08,0x1a,0x26,0x08,0x82,0x3b,0x06,0x02,0x00,
    0x0c,0xc6,0x04,0x0f,0x2a,0x07,0x11,0x0f,0x8e,0x09,0x01,0x0f,0x02,0x00,0x05,0x0f,
    0xca,0x04,0x05,0x02,0x5c,0x02,0x02,0x02,0x00,0x02,0x5a,0x02,0x04,0x02,0x00,0x08,
    0x4a,0x00,0x0f,0x60,0x02,0x05,0x04,0xc4,0x04,0x0f,0x14,0x26,0x15,0x02,0x02,0x00,
    0x0f,0x72,0x02,0x1d,0x0f,0x02,0x00,0x13,0x0f,0x7e,0x15,0x03,0x02,0x86,0x01,0x04,
    0x02,0x00,0x0f,0x4a,0x00,0x13,0x02,0x02,0x00,0x02,0x34,0x00,0x0e,0x0c,0x00,0x13,
    0xbb,0x10,0x0e,0x02,0xd4,0x23,0x02,0x26,0x00,0x02,0x02,0x00,0x06,0xdc,0x17,0x02,
    0x10,0x00,0x02,0x02,0x00,0x08,0x42,0x00,0x04,0xd4,0x17,0x02,0x1a,0x00,0x0a,0x1c,
    0x00,0x0c,0x62,0x02,0x28,0x00,0x00,0x60,0x02,0x0a,0x02,0x00,0x04,0x40,0x00,0x06,
    0x44,0x00,0x0e,0x02,0x00,0x0c,0xf2,0x6a,0x0f,0x62,0x02,0x23,0x0f,0x02,0x00,0x03,
    0x13,0x95,0x9e,0x6d,0x08,0x02,0x00,0x0f,0x62,0x02,0x05,0x08,0xc6,0x04,0x04,0x5c,
    0x02,0x02,0x02,0x00,0x08,0x3e,0x00,0x0f,0x62,0x02,0x0d,0x0c,0x26,0x07,0x0c,0x10,
    0x00,0x0c,0x54,0x02,0x0c,0xec,0x0b,0x0e,0xb6,0x04,0x0f,0x02,0x00,0x0f,0x0f,0xc8,
    0x04,0x13,0x02,0x86,0x01,0x04,0x02,0x00,0x04,0x56,0x00,0x0f,0xaa,0x10,0x01,0x0a,
    0x14,0x00,0x0a,0x32,0x00,0x02,0x0e,0x00,0x02,0x3e,0x00,0x02,0x0c,0x00,0x0e,0x0e,
    0x00,0x48,0xb7,0x7d,0xb7,0x7d,0xb2,0x10,0x04,0x28,0x00,0x22,0xf8,0x9d,0x76,0x15,
    0x62,0xff,0xff,0xff,0xff,0xdf,0xf7,0x36,0x1a,0x04,0x1c,0x00,0x08,0xc6,0x04,0x02,
    0x5e,0x00,0x08,0x02,0x00,0x0a,0x62,0x02,0x0f,0xd4,0x17,0x0b,0x0e,0xc6,0x04,0x0f,
    0x28,0x07,0x25,0x0c,0xf2,0x0b,0x0f,0xc8,0x04,0x01,0x0f,0x2a,0x07,0x01,0x0f,0x02,
    0x00,0x07,0x02,0xc0,0x04,0x0c,0xea,0x0b,0x0f,0x62,0x02,0x1b,0x0f,0x02,0x00,0x0d,
    0x0c,0x62,0x02,0x0c,0x02,0x00,0x0c,0x7a,0x09,0x0e,0x72,0x02,0x0c,0x52,0x0e,0x0f,
    0x62,0x02,0x05,0x0c,0xf4,0x0b,0x04,0xcc,0x01,0x02,0x02,0x00,0x0c,0x78,0x00,0x08,
    0x02,0x00,0x0f,0x62,0x02,0x01,0x02,0x20,0x00,0x02,0x3c,0x00,0x0a,0x0e,0x00,0x02,
    0xa0,0x28,0x06,0x1a,0x00,0x39,0xd7,0x7d,0xd7,0x28,0x45,0x24,0x97,0x85,0x1e,0x00,
    0x26,0x7d,0xe7,0x62,0x02,0x0c,0x46,0x00,0x0a,0x62,0x02,0x0a,0xae,0x10,0x0c,0x8a,
    0x09,0x0f,0x62,0x02,0x31,0x0f,0xc8,0x04,0x23,0x0e,0xb8,0x10,0x02,0x02,0x00,0x0f,
    0x68,0x02,0x01,0x0f,0xca,0x04,0x01,0x02,0x5e,0x02,0x0e,0x62,0x02,0x08,0x64,0x02,
    0x0f,0xc4,0x04,0x05,0x02,0x6a,0x00,0x0e,0x02,0x00,0x0c,0xc4,0x04,0x0c,0x02,0x00,
    0x0f,0x72,0x02,0x0d,0x0f,0x02,0x00,0x01,0x0f,0xb4,0x04,0x13,0x0f,0x62,0x02,0x19,
    0x0a,0x54,0x02,0x0a,0x02,0x00,0x02,0x0e,0x02,0x02,0xea,0x17,0x02,0x0c,0x00,0x02,
    0x6c,0x4c,0x04,0x30,0x0e,0x02,0x2e,0x00,0x06,0x1a,0x00,0x04,0x26,0x32,0x06,0x2a,
    0x07,0x0c,0x2a,0x0e,0x02,0x2e,0x00,0x0a,0xc6,0x04,0x0a,0x26,0x00,0x0f,0x62,0x02,
    0x0b,0x08,0x02,0x00,0x02,0x78,0x00,0x02,0x02,0x00,0x08,0x18,0x00,0x0a,0x02,0x00,
    0x0e,0xec,0x0b,0x0f,0x62,0x02,0x23,0x02,0x02,0x00,0x0e,0x68,0x02,0x0f,0x62,0x02,
    0x5b,0x0a,0x54,0x02,0x0a,0x0e,0x00,0x0e,0x02,0x00,0x0e,0x62,0x02,0x0e,0xb6,0x04,
    0x0f,0x02,0x00,0x11,0x0e,0xda,0x04,0x0c,0x02,0x00,0x02,0x86,0x01,0x04,0x02,0x00,
    0x0a,0x1e,0x00,0x0f,0x62,0x02,0x01,0x04,0x14,0x00,0x02,0x32,0x00,0x02,0x30,0x00,
    0x0f,0x0c,0x00,0x0b,0x04,0x14,0x1f,0x02,0x02,0x00,0x24,0xb7,0x7d,0x68,0x21,0x06,
    0xb0,0x6f,0x26,0xbe,0xef,0xc6,0x04,0x0a,0x62,0x02,0x0c,0xc6,0x04,0x0f,0x02,0x00,
    0x0b,0x06,0xc6,0x04,0x02,0x92,0x00,0x02,0x02,0x00,0x08,0x34,0x00,0x0c,0x50,0x0e,
    0x0f,0x02,0x00,0x27,0x0a,0x1c,0x13,0x0f,0x2c,0x07,0x03,0x0f,0x02,0x00,0x07,0x0a,
    0xca,0x04,0x02,0xc0,0x04,0x0f,0xc4,0x04,0x09,0x0f,0xc2,0x04,0x05,0x04,0x56,0x21,
    0x02,0xea,0x0b,0x0a,0x00,0x32,0x0c,0x02,0x00,0x0e,0x54,0x02,0x0a,0x02,0x00,0x0e,
    0x62,0x02,0x0e,0x12,0x00,0x0e,0x50,0x02,0x0f,0xd8,0x04,0x03,0x08,0xf4,0x0b,0x02,
    0x86,0x01,0x04,0x02,0x00,0x0a,0x74,0x00,0x0f,0x02,0x00,0x09,0x02,0x32,0x00,0x02,
    0x22,0x00,0x0c,0x0c,0x00,0x2c,0xdf,0xf7,0x18,0x00,0x02,0x56,0x0e,0x28,0x00,0x00,
    0x2a,0x07,0x06,0x46,0x0e,0x26,0xdf,0xf7,0x62,0x02,0x02,0x92,0x02,0x04,0xd2,0x04,
    0x0c,0x62,0x02,0x0f,0xc6,0x04,0x0b,0x0f,0x62,0x02,0x21,0x0f,0xc8,0x04,0x27,0x0c,
    0x64,0x02,0x0f,0xaa,0x1c,0x05,0x0f,0xca,0x04,0x11,0x02,0x60,0x02,0x0c,0xea,0x0b,
    0x06,0x26,0x07,0x0f,0x62,0x02,0x11,0x0c,0x02,0x00,0x0c,0x72,0x02,0x0e,0x62,0x02,
    0x0e,0x12,0x00,0x0f,0x02,0x00,0x0f,0x0f,0x52,0x02,0x03,0x0e,0x02,0x00,0x06,0x2c,
    0x07,0x02,0xd4,0x01,0x04,0x02,0x00,0x06,0x18,0x00,0x06,0x02,0x00,0x04,0xb6,0x04,
    0x08,0x02,0x00,0x04,0x7e,0x2d,0x02,0x14,0x00,0x02,0x3e,0x00,0x0f,0x0c,0x00,0x05,
    0x04,0xa8,0x28,0x01,0x32,0x32,0x03,0x84,0xf7,0x06,0xf4,0x0b,0x02,0x3c,0x00,0x02,
    0x3e,0x00,0x04,0x0c,0x00,0x08,0x7e,0x09,0x08,0xfa,0x0b,0x0f,0x62,0x02,0x0d,0x06,
    0x02,0x00,0x04,0x4a,0x00,0x04,0x5a,0x00,0x0f,0x02,0x00,0x07,0x0f,0x62,0x02,0x23,
    0x0f,0xc4,0x04,0x01,0x01,0x16,0x00,0x07,0xe6,0x55,0x04,0x02,0x00,0x0f,0x62,0x02,
    0x01,0x02,0x02,0x00,0x06,0xca,0x04,0x0f,0x62,0x02,0x25,0x22,0x77,0x44,0x4a,0x00,
    0x02,0x02,0x00,0x0a,0x54,0x02,0x0a,0x0e,0x00,0x0f,0x02,0x00,0x01,0x0e,0x62,0x02,
    0x0e,0xb6,0x04,0x0f,0x02,0x00,0x13,0x0f,0x78,0x02,0x09,0x02,0x86,0x01,0x04,0x02,
    0x00,0x0f,0x62,0x02,0x01,0x0f,0x02,0x00,0x03,0x02,0x32,0x00,0x02,0x1c,0x00,0x02,
    0x0c,0x00,0x08,0x88,0x15,0x08,0x26,0x13,0x08,0x62,0x02,0x02,0x30,0x00,0x06,0xca,
    0x04,0x42,0x97,0x85,0xf8,0x95,0x3e,0x00,0x06,0xd2,0x04,0x28,0xbe,0xf7,0x62,0x02,
    0x08,0xe8,0x17,0x02,0x3e,0x00,0x0f,0x02,0x00,0x0b,0x02,0xda,0x17,0x02,0x54,0x00,
    0x02,0x02,0x00,0x0a,0x30,0x00,0x0e,0x7a,0x15,0x0e,0xb8,0x10,0x0f,0x02,0x00,0x15,
    0x0f,0xc8,0x04,0x01,0x0e,0x8e,0x09,0x02,0x02,0x00,0x0f,0x68,0x02,0x01,0x0f,0x62,
    0x02,0x2f,0x0f,0x46,0x40,0x09,0x0e,0x02,0x00,0x0e,0x52,0x02,0x0c,0x02,0x00,0x0c,
    0x52,0x0e,0x0f,0x74,0x02,0x03,0x0f,0x50,0x02,0x09,0x08,0x02,0x00,0x02,0x2c,0x07,
    0x02,0x86,0x01,0x04,0x02,0x00,0x08,0x20,0x00,0x08,0x02,0x00,0x0e,0x74,0x15,0x02,
    0x32,0x00,0x02,0x24,0x00,0x0f,0x0c,0x00,0x0b,0x02,0x26,0x00,0x08,0x68,0x02,0x04,
    0xea,0x17,0x26,0xb7,0x85,0x8c,0x09,0x06,0x62,0x02,0x02,0x30,0x00,0x06,0x56,0x00,
    0x06,0x4a,0x1a,0x02,0x6e,0x00,0x0a,0x2a,0x07,0x0a,0x76,0x15,0x0f,0x62,0x02,0x25,
    0x0f,0x1c,0x13,0x0f,0x0f,0x80,0x15,0x13,0x04,0x02,0x00,0x0e,0x32,0x07,0x0f,0x62,
    0x02,0x01,0x02,0xee,0x17,0x2f,0x95,0xbc,0xc4,0x04,0x07,0x04,0x28,0x07,0x0f,0x26,
    0x07,0x05,0x02,0x44,0x00,0x0f,0x02,0x00,0x07,0x0a,0xc8,0x04,0x0e,0x62,0x02,0x0e,
    0x12,0x00,0x0f,0x02,0x00,0x3f,0x02,0x1e,0x02,0x04,0x02,0x00,0x02,0x60,0x00,0x0f,
    0xca,0x04,0x11,0x02,0x32,0x00,0x02,0x30,0x00,0x08,0x0c,0x00,0x28,0x3c,0xc7,0x0e,
    0x00,0x06,0x0c,0x00,0x04,0x62,0x02,0x42,0xd7,0x75,0xd7,0x75,0x38,0x00,0x04,0x20,
    0x13,0x06,0x24,0x00,0x06,0x0c,0x00,0x08,0x56,0x02,0x08,0x0c,0x00,0x02,0x3c,0x1a,
    0x08,0xa0,0x1c,0x0c,0x62,0x02,0x02,0x02,0x00,0x02,0x54,0x00,0x02,0x02,0x00,0x04,
    0xd4,0x49,0x0f,0x02,0x00,0x07,0x0f,0x62,0x02,0x25,0x0f,0x02,0x00,0x05,0x0f,0xca,
    0x04,0x19,0x0f,0x62,0x02,0x2d,0x0a,0xac,0x42,0x0a,0x52,0x02,0x0e,0x10,0x00,0x0c,
    0x02,0x00,0x0f,0x62,0x02,0x01,0x0f,0x2a,0x07,0x01,0x0e,0xdc,0x04,0x0e,0x02,0x00,
    0x0e,0x06,0x0c,0x02,0x02,0x00,0x22,0x7e,0xe7,0x88,0x01,0x02,0x02,0x00,0x02,0x14,
    0x00,0x0f,0x02,0x00,0x05,0x08,0xca,0x04,0x04,0x30,0x00,0x24,0xb7,0x6d,0x94,0x09,
    0x04,0x3e,0x00,0x04,0x1a,0x00,0x06,0x32,0x02,0x04,0x1a,0x00,0x04,0xc6,0x3b,0x02,
    0x80,0x34,0x02,0x2c,0x07,0x02,0x2e,0x00,0x02,0x22,0x00,0x04,0x86,0x15,0x0e,0x56,
    0x02,0x02,0x26,0x00,0x02,0x54,0x00,0x0f,0x02,0x00,0x0d,0x48,0x36,0x9d,0x36,0x9d,
    0x8a,0x45,0x0e,0x62,0x02,0x0f,0x2a,0x07,0x03,0x0c,0xc8,0x04,0x0f,0x02,0x00,0x01,
    0x0e,0x72,0x21,0x0f,0x2c,0x07,0x01,0x0f,0xc4,0x04,0x01,0x02,0x02,0x00,0x0f,0xca,
    0x04,0x05,0x0f,0x88,0x09,0x05,0x0f,0xc4,0x04,0x0f,0x0f,0x62,0x02,0x0b,0x0e,0x02,
    0x00,0x0f,0x72,0x34,0x09,0x02,0x02,0x00,0x0e,0x4e,0x02,0x0f,0x74,0x02,0x01,0x0f,
    0x50,0x02,0x05,0x0e,0x02,0x00,0x19,0xbf,0x16,0x87,0x06,0x20,0x00,0x02,0x44,0x07,
    0x0f,0x02,0x00,0x07,0x02,0xf4,0x01,0x04,0x32,0x00,0x02,0x0e,0x00,0x02,0x2e,0x00,
    0x0e,0x0c,0x00,0x06,0x28,0x00,0x24,0xf8,0x75,0xb6,0x1c,0x0f,0x2e,0x00,0x01,0x04,
    0xee,0x02,0x0f,0x48,0x00,0x05,0x02,0x18,0x00,0x0c,0x28,0x07,0x0c,0xc8,0x04,0x4c,
    0x36,0x9d,0x36,0x9d,0x04,0x51,0x0a,0x02,0x00,0x0f,0x62,0x02,0x15,0x0f,0x1e,0x13,
    0x11,0x0f,0x62,0x02,0x03,0x01,0x18,0x00,0x0d,0x14,0x1f,0x02,0x02,0x00,0x0f,0x66,
    0x02,0x01,0x22,0x95,0xbc,0x64,0x02,0x02,0x2e,0x1a,0x08,0x02,0x00,0x01,0x8e,0x18,
    0x01,0x44,0x72,0x0f,0x02,0x00,0x01,0x02,0x52,0x00,0x0f,0x02,0x00,0x09,0x0c,0xec,
    0x2a,0x0e,0x62,0x02,0x0e,0x12,0x00,0x0f,0x02,0x00,0x29,0x0e,0x7a,0x02,0x02,0x00,
    0x02,0x04,0x02,0x00,0x0f,0x5c,0x00,0x11,0x04,0x5c,0x0e,0x02,0x34,0x00,0x02,0x32,
    0x00,0x0e,0x0c,0x00,0x0a,0x1a,0x00,0x0f,0x02,0x00,0x01,0x01,0x5e,0x0e,0x03,0xfa,
    0x36,0x02,0xbc,0x10,0x02,0x26,0x00,0x08,0x52,0x00,0x0a,0x0e,0x00,0x02,0x1a,0x00,
    0x0c,0x28,0x07,0x0c,0x62,0x02,0x08,0x3c,0x05,0x04,0x42,0x00,0x0e,0xc8,0x04,0x0c,
    0x02,0x00,0x0f,0xc4,0x04,0x01,0x0e,0x62,0x02,0x08,0x04,0x5d,0x0a,0x02,0x00,0x0f,
    0xf6,0x0b,0x03,0x0a,0x24,0x00,0x02,0x02,0x00,0x0f,0xb4,0x1c,0x01,0x04,0xc6,0x04,
    0x08,0x5c,0x02,0x02,0x02,0x00,0x0f,0x62,0x02,0x0f,0x0a,0xc6,0x04,0x02,0x54,0x02,
    0x02,0x6a,0x00,0x04,0x0e,0x00,0x08,0x10,0x00,0x0e,0x02,0x00,0x0f,0x62,0x02,0x01,
    0x0f,0xb6,0x04,0x01,0x0e,0xdc,0x04,0x0f,0xf4,0x0b,0x01,0x0e,0x06,0x0c,0x02,0x86,
    0x01,0x04,0x02,0x00,0x0c,0x80,0x00,0x0f,0xca,0x04,0x09,0x02,0x34,0x00,0x02,0x32,
    0x00,0x02,0x0c,0x00,0x0a,0x0e,0x00,0x02,0x1a,0x00,0x06,0x1c,0x00,0x06,0x02,0x00,
    0x31,0xdf,0xef,0x5d,0xe8,0x36,0x06,0x48,0x26,0x06,0x62,0x02,0x19,0xbe,0x1c,0x13,
    0x02,0x44,0x00,0x02,0x3a,0x00,0x22,0x5d,0xe7,0x0e,0x00,0x0f,0x02,0x00,0x11,0x02,
    0x32,0x00,0x02,0x02,0x00,0x01,0xa4,0x01,0x03,0xfc,0xaf,0x08,0x02,0x00,0x0e,0x7e,
    0x15,0x0e,0x98,0x28,0x0f,0x66,0x02,0x05,0x04,0x08,0x5d,0x06,0x02,0x00,0x0e,0x62,
    0x02,0x02,0x02,0x00,0x0f,0x5c,0x0e,0x05,0x0a,0x2c,0x5d,0x0f,0x62,0x02,0x47,0x0f,
    0x02,0x00,0x01,0x0f,0x54,0x02,0x01,0x0a,0x02,0x00,0x0f,0x62,0x02,0x03,0x0e,0x64,
    0x02,0x0e,0x50,0x02,0x0e,0x02,0x00,0x02,0x86,0x01,0x04,0x02,0x00,0x0e,0x20,0x00,
    0x0f,0x02,0x00,0x07,0x02,0x34,0x00,0x02,0x20,0x00,0x02,0x0c,0x00,0x0c,0x0e,0x00,
    0x02,0xc0,0x10,0x0e,0x66,0x02,0x02,0x14,0x00,0x06,0x36,0x00,0x26,0xd7,0x7d,0x94,
    0x34,0x0a,0x7e,0x15,0x02,0x2a,0x00,0x02,0x5e,0x00,0x02,0xc4,0x10,0x04,0x02,0x00,
    0x0f,0xc8,0x04,0x0b,0x02,0x32,0x00,0x02,0x02,0x00,0x04,0x32,0x00,0x0c,0x02,0x00,
    0x0f,0x62,0x02,0x3b,0x02,0x02,0x00,0x0e,0x68,0x02,0x0f,0x62,0x02,0x05,0x0c,0xca,
    0x04,0x0f,0x26,0x07,0x45,0x02,0x02,0x00,0x0a,0xc8,0x04,0x0f,0x62,0x02,0x01,0x0f,
    0x14,0x00,0x01,0x0f,0x02,0x00,0x27,0x08,0x7a,0x02,0x02,0x86,0x01,0x02,0x02,0x00,
    0x1f,0x9e,0x26,0x04,0x04,0x0f,0x5c,0x0e,0x01,0x0f,0xe0,0x0b,0x03,0x22,0x3d,0xcf,
    0x96,0x00,0x02,0x50,0x00,0x0a,0xde,0x01,0x02,0xaa,0x28,0x06,0x02,0x00,0x13,0xfb,
    0xa6,0x9d,0x21,0x5d,0xd7,0x62,0x02,0x03,0xf2,0x89,0x04,0xc6,0x3b,0x02,0x42,0x00,
    0x08,0xf4,0x0b,0x0e,0x62,0x02,0x0f,0x54,0x0e,0x07,0x02,0x3e,0x00,0x02,0x02,0x00,
    0x04,0x72,0x00,0x0c,0x6c,0x53,0x02,0x02,0x00,0x06,0x50,0x4c,0x0f,0x1a,0x13,0x05,
    0x04,0xa0,0x5a,0x0c,0x02,0x00,0x0e,0xca,0x04,0x0e,0xbc,0x3b,0x04,0x02,0x00,0x0f,
    0x68,0x02,0x05,0x06,0x02,0x00,0x0f,0x62,0x02,0x21,0x06,0x3e,0x00,0x0f,0x2a,0x07,
    0x0b,0x0c,0x62,0x02,0x0f,0x02,0x00,0x01,0x0f,0x62,0x02,0x01,0x0e,0xb4,0x04,0x0f,
    0x14,0x00,0x03,0x08,0x50,0x02,0x0e,0x02,0x00,0x02,0x86,0x01,0x04,0x02,0x00,0x0e,
    0x20,0x00,0x0f,0x02,0x00,0x09,0x02,0x36,0x00,0x02,0x22,0x00,0x02,0x0c,0x00,0x04,
    0x0e,0x00,0x06,0x10,0x00,0x06,0x12,0x00,0x0a,0x02,0x00,0x06,0x7a,0x53,0x08,0x48,
    0x26,0x13,0x9e,0xa2,0x1c,0x22,0xfc,0xce,0x50,0x00,0x08,0x62,0x02,0x01,0xf8,0x07,
    0x09,0x86,0x47,0x0f,0x02,0x00,0x07,0x02,0x3e,0x00,0x02,0x02,0x00,0x04,0x26,0x00,
    0x0f,0x8c,0x09,0x01,0x0e,0xc8,0x04,0x02,0x2c,0x07,0x04,0x34,0x00,0x04,0x02,0x00,
    0x0f,0x92,0x09,0x03,0x0f,0x2c,0x07,0x01,0x01,0xe4,0x0b,0x0d,0xe0,0x87,0x0f,0x62,
    0x02,0x05,0x06,0xf6,0x0b,0x0f,0x62,0x02,0x4b,0x0e,0x02,0x00,0x0f,0x52,0x02,0x01,
    0x0f,0x02,0x00,0x11,0x0f,0x76,0x02,0x01,0x0f,0x62,0x02,0x05,0x02,0x18,0x00,0x02,
    0x86,0x01,0x04,0x02,0x00,0x0f,0x7a,0x09,0x09,0x0e,0xca,0x04,0x06,0x36,0x00,0x08,
    0x54,0x02,0x0a,0x0e,0x00,0x06,0xa6,0x1c,0x02,0x02,0x00,0x26,0xd8,0x75,0x38,0x00,
    0x08,0x80,0x02,0x02,0x0e,0x00,0x04,0x46,0x05,0x02,0x0e,0x00,0x02,0x32,0x00,0x02,
    0x0c,0x00,0x02,0x0e,0x00,0x0a,0xc8,0x04,0x0c,0x2c,0x07,0x06,0x1c,0x13,0x04,0x34,
    0x00,0x04,0x38,0x00,0x06,0x02,0x00,0x0a,0x68,0x02,0x0f,0x62,0x02,0x3d,0x02,0x60,
    0x02,0x0e,0x2c,0x07,0x02,0x02,0x00,0x0e,0x68,0x02,0x0f,0x62,0x02,0x0f,0x2f,0x54,
    0xab,0x70,0x15,0x07,0x0c,0x7c,0x6d,0x0f,0x02,0x00,0x0b,0x0f,0x2a,0x07,0x25,0x0f,
    0x54,0x02,0x01,0x0f,0x02,0x00,0x01,0x02,0x50,0x02,0x0e,0x02,0x00,0x02,0x86,0x01,
    0x04,0x02,0x00,0x0e,0x20,0x00,0x06,0x02,0x00,0x0f,0x62,0x02,0x15,0x24,0x39,0x8e,
    0x34,0x00,0x04,0x56,0x00,0x0f,0x02,0x00,0x07,0x04,0x88,0x15,0x04,0x22,0x00,0x02,
    0x52,0x1a,0x13,0xbb,0x40,0x07,0x08,0x10,0x1f,0x02,0x54,0x00,0x0f,0x62,0x02,0x3d,
    0x02,0x02,0x00,0x0f,0x68,0x02,0x03,0x02,0x1c,0x00,0x08,0x02,0x00,0x0f,0xca,0x04,
    0x13,0x02,0x60,0x02,0x02,0x06,0x00,0x0a,0x02,0x00,0x0e,0x62,0x02,0x02,0x02,0x00,
    0x4f,0x95,0xb4,0x95,0xb4,0xc4,0x04,0x05,0x0f,0x62,0x02,0x19,0x0a,0x2c,0x07,0x0a,
    0x52,0x02,0x0e,0x10,0x00,0x0f,0x0a,0x3e,0x13,0x0f,0xe0,0x0b,0x01,0x0f,0x14,0x00,
    0x01,0x0e,0xa6,0x10,0x04,0x02,0x00,0x13,0x1c,0x84,0x17,0x02,0x02,0x00,0x04,0x16,
    0x00,0x0f,0x44,0x0e,0x09,0x08,0x02,0x00,0x02,0x36,0x00,0x04,0x38,0x00,0x04,0x0e,
    0x00,0x04,0x10,0x00,0x08,0x12,0x00,0x0f,0x02,0x00,0x01,0x02,0x20,0x13,0x06,0x26,
    0x00,0x02,0xc0,0x10,0x22,0xb7,0x7d,0xac,0x96,0x04,0x60,0x5f,0x01,0x08,0x05,0x03,
    0xb6,0x40,0x02,0x02,0x00,0x0c,0x68,0x02,0x0e,0x02,0x00,0x08,0x6e,0x00,0x02,0xaa,
    0x1c,0x04,0x02,0x00,0x0a,0xc4,0x04,0x02,0x02,0x00,0x0f,0x62,0x02,0x03,0x0e,0x64,
    0x02,0x0f,0x62,0x02,0x13,0x02,0x02,0x00,0x0f,0x62,0x02,0x01,0x02,0x02,0x00,0x0e,
    0x68,0x02,0x0f,0x62,0x02,0x25,0x02,0x50,0x00,0x06,0x02,0x00,0x0f,0x62,0x02,0x0b,
    0x0f,0x02,0x00,0x01,0x0f,0x2c,0x07,0x01,0x0f,0x14,0x00,0x01,0x0f,0x02,0x00,0x29,
    0x04,0xe6,0x14,0x02,0x02,0x00,0x0f,0x4a,0x00,0x0f,0x0c,0xca,0x04,0x02,0x38,0x00,
    0x04,0x3a,0x00,0x04,0x0e,0x00,0x04,0x10,0x00,0x0f,0x66,0x02,0x03,0x42,0x9e,0xdf,
    0x1c,0xc7,0x1c,0x00,0x0a,0x20,0x00,0x02,0xe6,0x23,0x02,0x44,0x00,0x28,0x5d,0xdf,
    0xc2,0x04,0x08,0x50,0x00,0x0f,0xf0,0xbb,0x11,0x02,0x44,0x00,0x02,0x02,0x00,0x06,
    0x20,0x32,0x04,0x02,0x00,0x0c,0xf4,0x0b,0x0a,0xee,0x0b,0x02,0x02,0x00,0x0f,0x62,
    0x02,0x15,0x02,0x24,0x13,0x0e,0x94,0x09,0x0f,0x62,0x02,0x19,0x0f,0xae,0x10,0x09,
    0x0f,0xc4,0x04,0x09,0x02,0x3a,0x00,0x0f,0x2c,0x07,0x19,0x0c,0xd8,0x04,0x0f,0x02,
    0x00,0x01,0x0f,0x62,0x02,0x01,0x0f,0xb6,0x04,0x01,0x0f,0x14,0x00,0x01,0x0f,0xca,
    0x04,0x01,0x02,0x86,0x01,0x04,0x02,0x00,0x0a,0x72,0x00,0x0f,0xca,0x04,0x01,0x0f,
    0x62,0x02,0x0b,0x08,0x50,0x00,0x0a,0x4c,0x00,0x0f,0x02,0x00,0x05,0x04,0x7a,0x00,
    0x02,0x60,0x02,0x04,0xca,0x3b,0x48,0xdf,0xf7,0xb7,0x7d,0x62,0x02,0x04,0x5a,0x02,
    0x0f,0x46,0x00,0x01,0x0a,0x54,0x0e,0x02,0x8e,0x09,0x06,0x56,0x00,0x02,0x3c,0x00,
    0x0e,0xc8,0x04,0x0e,0x40,0x58,0x0f,0xca,0x04,0x27,0x0f,0x62,0x02,0x01,0x02,0x02,
    0x00,0x0f,0x68,0x02,0x01,0x0e,0xc4,0x04,0x02,0x02,0x00,0x0f,0x20,0x26,0x01,0x0f,
    0x62,0x02,0x1f,0x0a,0xc8,0x04,0x0c,0x54,0x02,0x0f,0x62,0x02,0x03,0x0c,0x16,0x32,
    0x0e,0x02,0x00,0x0f,0x4e,0x02,0x01,0x0f,0x14,0x00,0x01,0x0f,0x02,0x00,0x01,0x08,
    0x8c,0x01,0x02,0x8e,0x01,0x06,0x02,0x00,0x0f,0x62,0x02,0x01,0x0e,0x02,0x00,0x04,
    0x42,0x00,0x04,0x1a,0x00,0x04,0x10,0x00,0x0e,0x50,0x00,0x0c,0x02,0x00,0x02,0x24,
    0x00,0x02,0x02,0x00,0x04,0x1c,0x00,0x02,0x0e,0x00,0x1f,0x1c,0xf6,0x10,0x00,0x0a,
    0x1c,0x07,0x0a,0x0e,0x00,0x0c,0x68,0x02,0x02,0x46,0x00,0x02,0x02,0x00,0x01,0x76,
    0x02,0x03,0x28,0xd6,0x0f,0x02,0x00,0x09,0x0f,0x62,0x02,0x27,0x02,0x02,0x00,0x0e,
    0xc8,0x04,0x0f,0x62,0x02,0x03,0x01,0x18,0x00,0x0f,0x48,0x26,0x00,0x0f,0x62,0x02,
    0x25,0x0a,0x02,0x00,0x0f,0x62,0x02,0x0b,0x02,0x02,0x00,0x0a,0x68,0x02,0x0f,0xb4,
    0x04,0x01,0x0f,0x16,0x00,0x03,0x0f,0xf4,0x0b,0x01,0x0f,0x68,0x02,0x01,0x0a,0xca,
    0x04,0x02,0x86,0x01,0x04,0x02,0x00,0x02,0x82,0x00,0x0f,0x02,0x00,0x0d,0x0c,0x7a,
    0x02,0x0c,0x3e,0x00,0x04,0x10,0x00,0x02,0x02,0x00,0x04,0x4e,0x00,0x06,0x80,0x15,
    0x0f,0x10,0x1d,0x07,0x02,0x32,0x00,0x04,0x34,0x00,0x22,0xb7,0x7d,0x22,0x51,0x02,
    0xf2,0x17,0x02,0x38,0x00,0x04,0x5a,0x02,0x04,0x08,0x00,0x04,0x02,0x00,0x0a,0xca,
    0x04,0x04,0x48,0x00,0x04,0x4c,0x00,0x0a,0xc4,0x04,0x02,0x02,0x00,0x0f,0xc8,0x04,
    0x03,0x0f,0x68,0x02,0x13,0x0a,0x18,0xa9,0x02,0x02,0x00,0x0f,0x62,0x02,0x01,0x02,
    0x02,0x00,0x0e,0xca,0x04,0x0f,0x7e,0x21,0x01,0x0f,0x62,0x02,0x29,0x0f,0x2a,0x07,
    0x0d,0x0a,0x38,0x1a,0x0a,0x62,0x02,0x0f,0x02,0x00,0x03,0x0f,0x78,0x02,0x01,0x0f,
    0x4e,0x02,0x01,0x0f,0x14,0x00,0x01,0x0a,0x02,0x00,0x02,0x86,0x01,0x04,0x02,0x00,
    0x0a,0x1c,0x00,0x02,0x02,0x00,0x0c,0x50,0x02,0x0e,0x02,0x00,0x04,0x3e,0x00,0x08,
    0x40,0x00,0x06,0x14,0x00,0x06,0x02,0x00,0x0f,0x16,0x00,0x05,0x04,0x76,0x21,0x02,
    0x2a,0x00,0x02,0x9a,0x40,0x04,0x3c,0x32,0x02,0x56,0x00,0x02,0x3e,0x26,0x02,0x58,
    0x02,0x08,0x2c,0x07,0x06,0x0e,0x00,0x0f,0x62,0x02,0x0b,0x02,0x02,0x00,0x0a,0x68,
    0x02,0x0f,0x62,0x02,0x15,0x0f,0x4c,0x1a,0x05,0x0f,0x8a,0x15,0x03,0x0f,0x68,0x02,
    0x01,0x0e,0x62,0x02,0x0f,0x02,0x00,0x01,0x0f,0x62,0x02,0x1f,0x24,0xb7,0x54,0x7a,
    0x8c,0x0c,0x62,0x02,0x0a,0xca,0x04,0x0c,0x52,0x02,0x0c,0x10,0x00,0x0f,0xb4,0x04,
    0x05,0x0f,0x40,0x07,0x11,0x02,0x02,0x00,0x0f,0xde,0x04,0x01,0x04,0xbe,0x10,0x02,
    0xd6,0x01,0x04,0x02,0x00,0x02,0x30,0x00,0x0f,0x02,0x00,0x1f,0x04,0x40,0x00,0x08,
    0x42,0x00,0x06,0x14,0x00,0x0f,0x02,0x00,0x09,0x04,0x6c,0x00,0x24,0x9a,0xa6,0x26,
    0x00,0x04,0x12,0x00,0x04,0x74,0x58,0x35,0xb7,0x7d,0xb7,0x2a,0x51,0x0c,0x02,0x00,
    0x06,0x62,0x02,0x02,0x02,0x00,0x04,0x68,0x02,0x04,0x4c,0x00,0x0a,0x92,0x00,0x0a,
    0x62,0x02,0x02,0x02,0x00,0x0c,0x68,0x02,0x0f,0xf6,0x0b,0x03,0x02,0x8a,0x15,0x02,
    0x32,0x00,0x06,0x02,0x00,0x0f,0x66,0x02,0x01,0x0f,0x62,0x02,0x01,0x0f,0x02,0x00,
    0x05,0x0a,0x92,0x09,0x0f,0x62,0x02,0x1d,0x26,0x36,0x3c,0x62,0x02,0x02,0x02,0x00,
    0x06,0x68,0x02,0x0a,0x62,0x02,0x0f,0x02,0x00,0x03,0x0a,0x68,0x02,0x0f,0xb4,0x04,
    0x01,0x0f,0x62,0x02,0x03,0x0f,0xb6,0x04,0x01,0x0f,0x14,0x00,0x01,0x04,0x02,0x00,
    0x02,0x86,0x01,0x04,0x02,0x00,0x0c,0x44,0x07,0x0f,0x02,0x00,0x09,0x0a,0xf4,0x0b,
    0x04,0x42,0x00,0x0a,0xd4,0x01,0x0a,0x18,0x00,0x0a,0x02,0x00,0x08,0x48,0x1a,0x06,
    0x1a,0x00,0x0e,0x72,0x00,0x24,0xb7,0x7d,0xf6,0x0b,0x08,0xca,0x04,0x02,0x28,0x00,
    0x0f,0x62,0x02,0x1b,0x02,0x02,0x00,0x0a,0x5c,0x0e,0x0c,0x62,0x02,0x01,0x28,0x1f,
    0x0f,0xce,0xad,0x00,0x0f,0xca,0x04,0x05,0x02,0x32,0x00,0x0c,0x02,0x00,0x0f,0x68,
    0x02,0x01,0x0e,0xca,0x04,0x0f,0x62,0x02,0x2d,0x04,0xc2,0x04,0x04,0x08,0x00,0x06,
    0x62,0x02,0x02,0x02,0x00,0x0a,0x68,0x02,0x0a,0x52,0x02,0x0e,0x10,0x00,0x02,0x52,
    0x02,0x0f,0xf6,0x0b,0x0f,0x0f,0x02,0x00,0x07,0x0f,0xca,0x04,0x03,0x06,0xdc,0x01,
    0x0c,0x1c,0x02,0x0a,0x02,0x00,0x0a,0x50,0x02,0x0f,0x02,0x00,0x01,0x02,0x42,0x00,
    0x02,0x02,0x00,0x04,0x20,0x00,0x0f,0xb4,0x28,0x01,0x06,0x02,0x00,0x04,0xaa,0x1c,
    0x02,0x34,0x00,0x08,0xfe,0x17,0x02,0x4a,0x1a,0x06,0xc8,0x04,0x04,0x72,0x2d,0x02,
    0x8e,0x09,0x0c,0x58,0x02,0x0c,0x10,0x00,0x13,0x56,0xfc,0x2f,0x02,0x02,0x00,0x06,
    0xea,0x17,0x04,0xf4,0x0b,0x0a,0x64,0x02,0x01,0x54,0x02,0x09,0x7c,0x21,0x0c,0xe4,
    0x42,0x02,0xc2,0x04,0x22,0xf6,0xa4,0x68,0x02,0x02,0x10,0x00,0x06,0x02,0x00,0x0f,
    0xca,0x04,0x15,0x0e,0x62,0x02,0x0a,0x02,0x00,0x0f,0xc4,0x04,0x05,0x0f,0x18,0x26,
    0x01,0x02,0x02,0x00,0x01,0x18,0x01,0x16,0x54,0xca,0x04,0x0f,0x62,0x02,0x1b,0x0f,
    0x02,0x00,0x01,0x0f,0x62,0x02,0x01,0x0f,0x14,0x00,0x01,0x0f,0x4e,0x02,0x03,0x0f,
    0x62,0x02,0x19,0x04,0x44,0x07,0x0f,0x02,0x00,0x1d,0x02,0xd4,0x01,0x02,0x02,0x00,
    0x01,0x00,0x01,0x09,0xc6,0x5a,0x0f,0x02,0x00,0x01,0x02,0x2c,0x00,0x02,0x02,0x00,
    0x02,0x28,0x3e,0x0a,0x02,0x00,0x05,0xd4,0x2f,0x09,0x92,0x40,0x04,0x94,0x09,0x02,
    0x2c,0x00,0x0a,0x62,0x02,0x48,0x56,0x95,0x56,0x95,0x82,0x28,0x0a,0x62,0x02,0x0f,
    0x2c,0x07,0x13,0x01,0x76,0x02,0x1e,0xa5,0x4e,0x02,0x02,0x68,0x02,0x0a,0x02,0x00,
    0x0f,0x62,0x02,0x15,0x02,0x02,0x00,0x02,0xba,0x1c,0x06,0x02,0x00,0x06,0xf4,0x0b,
    0x0f,0x62,0x02,0x24,0x05,0x66,0x98,0x04,0x6e,0x98,0x0c,0x68,0x02,0x0a,0x02,0x00,
    0x0f,0xca,0x04,0x21,0x0f,0xd8,0x04,0x01,0x0f,0x4e,0x02,0x01,0x0f,0x02,0x00,0x03,
    0x02,0xdc,0x01,0x04,0x02,0x00,0x04,0x24,0x00,0x0f,0x62,0x02,0x15,0x0e,0xda,0x04,
    0x0a,0x24,0x18,0x06,0x52,0x00,0x06,0x02,0x00,0x04,0x54,0x0e,0x04,0x74,0x00,0x04,
    0x02,0x00,0x06,0x22,0x00,0x0f,0x02,0x00,0x01,0x04,0x48,0x51,0x04,0xea,0x17,0x0c,
    0x58,0x02,0x08,0x10,0x00,0x0f,0xc4,0x04,0x09,0x02,0x02,0x00,0x06,0x5a,0x39,0x02,
    0x02,0x00,0x0f,0x2c,0x07,0x03,0x0f,0x62,0x02,0x13,0x02,0x02,0x00,0x0f,0x68,0x02,
    0x13,0x0e,0xb4,0x1c,0x0f,0x62,0x02,0x2f,0x01,0xca,0x03,0x05,0xf4,0x0b,0x0c,0x62,
    0x02,0x2f,0xf7,0x5c,0x2c,0x07,0x0d,0x02,0xc0,0x00,0x08,0x02,0x00,0x0f,0xb6,0x04,
    0x01,0x0f,0x14,0x00,0x01,0x0f,0x7e,0x09,0x03,0x0c,0x7c,0x02,0x04,0xe0,0x01,0x02,
    0x02,0x00,0x08,0x68,0x00,0x0e,0x02,0x00,0x0f,0x56,0x0e,0x0f,0x02,0x02,0x2b,0x02,
    0x4c,0x00,0x0c,0x02,0x00,0x02,0x50,0x00,0x33,0x9e,0xe7,0x5d,0xbe,0x4e,0x08,0x02,
    0x00,0x02,0x1c,0x00,0x0a,0x02,0x00,0x08,0x2a,0x07,0x05,0xca,0x04,0x12,0x85,0xf6,
    0x0b,0x0f,0x68,0x02,0x01,0x08,0xca,0x04,0x0e,0x5c,0x00,0x0a,0xca,0x04,0x0c,0x62,
    0x02,0x02,0x02,0x00,0x0f,0x68,0x02,0x29,0x0f,0x62,0x02,0x17,0x02,0x6c,0x00,0x0e,
    0x02,0x00,0x0f,0xc4,0x04,0x23,0x01,0x74,0x01,0x2d,0x4c,0xb7,0x3a,0xd6,0x06,0xca,
    0x04,0x0a,0xf2,0x36,0x0f,0x02,0x00,0x01,0x0c,0xd8,0x04,0x0f,0x02,0x00,0x01,0x0f,
    0x62,0x02,0x01,0x0e,0x4e,0x02,0x0f,0x02,0x00,0x01,0x08,0x8c,0x01,0x0c,0xea,0x01,
    0x0f,0xca,0x04,0x15,0x0f,0x02,0x00,0x01,0x0a,0x58,0x00,0x0f,0x02,0x00,0x09,0x08,
    0x3e,0x00,0x04,0x0a,0x1f,0x0a,0x02,0x00,0x05,0x60,0x02,0x05,0xbe,0x47,0x0f,0x62,
    0x02,0x01,0x02,0x02,0x00,0x02,0x3a,0x07,0x08,0x70,0x00,0x02,0x18,0x00,0x0a,0x62,
    0x02,0x02,0x02,0x00,0x0c,0x92,0x09,0x02,0x62,0x02,0x0a,0xee,0x17,0x0f,0xca,0x04,
    0x15,0x0f,0x62,0x02,0x01,0x0f,0x02,0x00,0x05,0x0e,0x92,0x09,0x31,0xb5,0xb4,0xb5,
    0xfc,0x1e,0x02,0x3a,0x2d,0x08,0x02,0x00,0x0f,0x88,0x09,0x09,0x22,0x97,0x4c,0x62,
    0x00,0x22,0xb7,0x4c,0xca,0x04,0x1f,0xd7,0xca,0x04,0x0a,0x02,0x2c,0x00,0x02,0x02,
    0x00,0x0a,0x54,0x02,0x0a,0x0e,0x00,0x04,0x02,0x00,0x0f,0x54,0x02,0x01,0x0f,0x14,
    0x00,0x01,0x0f,0xca,0x04,0x0d,0x08,0x8c,0x01,0x04,0x8e,0x01,0x04,0x02,0x00,0x0f,
    0x62,0x02,0x13,0x0e,0x2a,0x07,0x06,0x02,0x00,0x0a,0x5e,0x00,0x0c,0x02,0x00,0x06,
    0x28,0x00,0x0f,0x02,0x00,0x13,0x06,0x12,0x56,0x02,0xf4,0x0b,0x0e,0x68,0x02,0x04,
    0x08,0x7c,0x08,0x6a,0x00,0x08,0x5c,0x00,0x0a,0x68,0x02,0x0c,0x62,0x02,0x01,0x7e,
    0x09,0x0d,0xe8,0xd3,0x01,0x16,0x00,0x0f,0x94,0x09,0x26,0x0f,0x52,0x1a,0x01,0x0f,
    0x62,0x02,0x1b,0x0f,0x0a,0x32,0x07,0x04,0x62,0x02,0x04,0x02,0x00,0x06,0xf4,0x0b,
    0x04,0x02,0x00,0x04,0x54,0xa4,0x0a,0x2a,0x07,0x0f,0x54,0x02,0x03,0x0c,0x68,0x02,
    0x0f,0x4e,0x02,0x01,0x0f,0x14,0x00,0x01,0x0f,0x62,0x02,0x29,0x0f,0x02,0x00,0x01,
    0x0e,0x2a,0x07,0x0e,0x62,0x02,0x04,0x2c,0x32,0x08,0x02,0x00,0x06,0xf4,0x01,0x06,
    0x8a,0x09,0x04,0x02,0x00,0x02,0x9c,0x5f,0x0f,0x02,0x00,0x01,0x04,0x26,0x3e,0x06,
    0xc8,0x04,0x01,0x16,0x06,0x12,0x85,0x08,0x00,0x0e,0x62,0x02,0x02,0xc4,0x04,0x06,
    0x7c,0x6b,0x0c,0x36,0x03,0x0a,0x62,0x02,0x02,0x02,0x00,0x0a,0x68,0x02,0x0c,0x16,
    0x1f,0x02,0x02,0x00,0x0f,0xca,0x04,0x27,0x0f,0x62,0x02,0x13,0x04,0xfc,0x1e,0x08,
    0xbe,0x04,0x02,0x02,0x00,0x0f,0x62,0x02,0x09,0x02,0x38,0x00,0x04,0x02,0x00,0x51,
    0xb7,0x4c,0xb7,0x54,0xb7,0xec,0xe6,0x08,0xbe,0x10,0x04,0x64,0x02,0x01,0xa2,0x09,
    0x0f,0x42,0x8a,0x0a,0x0c,0x62,0x02,0x0f,0xbe,0x10,0x07,0x0f,0x68,0x02,0x01,0x0f,
    0x32,0x07,0x07,0x02,0x86,0x01,0x04,0x02,0x00,0x02,0x58,0x00,0x08,0x02,0x00,0x0f,
    0xc8,0x04,0x13,0x0f,0x02,0x00,0x0b,0x08,0xb4,0x10,0x0f,0x02,0x00,0x0f,0x08,0x2a,
    0x07,0x0e,0x62,0x02,0x0c,0xc8,0x04,0x02,0x0c,0x56,0x02,0x08,0x00,0x04,0x8a,0x09,
    0x28,0x77,0x8d,0xba,0xbe,0x06,0x88,0x15,0x02,0x02,0x00,0x0f,0xc4,0x5a,0x09,0x04,
    0x02,0x00,0x0f,0x68,0x02,0x17,0x0f,0x02,0x00,0x25,0x0e,0xc8,0x04,0x0f,0x88,0x09,
    0x05,0x0f,0xc4,0x04,0x07,0x01,0xfc,0x00,0x0b,0x2a,0x07,0x02,0x60,0x02,0x04,0x58,
    0x0e,0x01,0x58,0x02,0x05,0x1e,0xa9,0x0f,0xca,0x04,0x23,0x02,0x46,0x00,0x08,0x02,
    0x00,0x0f,0x62,0x02,0x01,0x0f,0xca,0x04,0x01,0x02,0x14,0x00,0x04,0x5c,0x02,0x02,
    0x02,0x00,0x0a,0xb4,0x1c,0x01,0x14,0x04,0x0f,0x74,0x58,0x12,0x0e,0xc8,0x04,0x0f,
    0x02,0x00,0x27,0x08,0x62,0x02,0x0e,0x02,0x00,0x04,0x62,0x02,0x02,0x92,0x40,0x01,
    0x64,0x01,0x05,0xf2,0x17,0x04,0x62,0x02,0x0a,0xd6,0x00,0x0f,0x62,0x02,0x0d,0x02,
    0x02,0x00,0x0f,0xca,0x04,0x37,0x0f,0xb4,0x1c,0x13,0x0c,0x62,0x02,0x0f,0x88,0x09,
    0x07,0x0f,0x62,0x02,0x13,0x06,0x02,0x00,0x04,0xf6,0x0b,0x04,0x68,0x02,0x0a,0xc8,
    0x04,0x0c,0x68,0x02,0x0c,0xba,0x04,0x0c,0x10,0x00,0x0f,0xca,0x04,0x09,0x02,0x1e,
    0x00,0x0f,0x02,0x00,0x0d,0x02,0x5a,0x02,0x04,0x02,0x00,0x0f,0x2e,0x00,0x0d,0x02,
    0x02,0x00,0x0f,0x2a,0x07,0x0f,0x0f,0xb6,0x04,0x0d,0x02,0xda,0x4e,0x06,0x02,0x00,
    0x0f,0x28,0x07,0x07,0x08,0x02,0x00,0x04,0xf2,0x0b,0x02,0x2a,0x07,0x04,0xb2,0x53,
    0x0f,0x02,0x00,0x01,0x04,0xd0,0x00,0x08,0x26,0x07,0x0f,0xca,0x04,0x2f,0x0f,0x2c,
    0x07,0x13,0x0f,0x62,0x02,0x23,0x0f,0xc4,0x04,0x25,0x0a,0x02,0x00,0x02,0xf2,0x0b,
    0x0f,0xca,0x04,0x01,0x06,0x02,0x00,0x0a,0xca,0x04,0x0f,0x52,0x02,0x01,0x0e,0x16,
    0x00,0x0f,0x4e,0x02,0x01,0x0f,0xca,0x04,0x15,0x0f,0xf4,0x3d,0x05,0x08,0x02,0x00,
    0x0e,0xda,0x04,0x0f,0x02,0x00,0x1f,0x0a,0x9c,0x09,0x0f,0x62,0x02,0x17,0x0f,0xb4,
    0x10,0x02,0x07,0xb0,0x53,0x02,0xf4,0x0b,0x06,0x08,0x00,0x02,0xca,0x04,0x02,0x5c,
    0x02,0x02,0x02,0x00,0x04,0xac,0x00,0x0f,0x62,0x02,0x0b,0x02,0x02,0x00,0x0a,0xee,
    0x17,0x0f,0x2c,0x07,0x01,0x0f,0x7e,0x21,0x05,0x02,0x40,0x00,0x0f,0x02,0x00,0x29,
    0x0f,0x26,0x07,0x23,0x01,0xfc,0x00,0x03,0x2a,0x07,0x01,0x8c,0x09,0x01,0x0c,0x00,
    0x06,0xf4,0x0b,0x0f,0xca,0x04,0x4d,0x0a,0x02,0x00,0x02,0x18,0x07,0x0a,0x02,0x00,
    0x22,0xfc,0xc6,0x88,0x01,0x02,0x02,0x00,0x01,0xa2,0x01,0x1c,0x65,0x7c,0x09,0x0c,
    0x10,0x00,0x0f,0x02,0x00,0x21,0x0a,0x62,0x02,0x0f,0x02,0x00,0x0b,0x0f,0x28,0x07,
    0x0b,0x06,0x2a,0x07,0x01,0x5e,0x01,0x03,0x24,0x07,0x04,0x6a,0x02,0x0e,0x62,0x02,
    0x02,0xc0,0x10,0x0f,0x02,0x00,0x03,0x0c,0xfa,0x0b,0x0a,0x2c,0x07,0x0f,0x02,0x00,
    0x01,0x0f,0x62,0x02,0x01,0x0f,0xb4,0x1c,0x13,0x0e,0xac,0x1c,0x0a,0x2a,0x07,0x0f,
    0x62,0x02,0x25,0x2c,0x97,0x4c,0x54,0x0e,0x02,0x4c,0x1a,0x02,0xbe,0x00,0x0f,0x62,
    0x02,0x23,0x0f,0x02,0x00,0x01,0x0f,0xb4,0x04,0x01,0x0f,0x16,0x00,0x05,0x08,0x02,
    0x00,0x02,0x5a,0x02,0x04,0x02,0x00,0x08,0x1a,0x00,0x0f,0x02,0x00,0x0b,0x0c,0x7a,
    0x09,0x0e,0x3a,0x07,0x0f,0x02,0x00,0x4f,0x0f,0x2a,0x07,0x07,0x04,0xd0,0x00,0x02,
    0x46,0x51,0x08,0x8a,0x00,0x0f,0xca,0x04,0x0b,0x0f,0x62,0x02,0x01,0x02,0x26,0x13,
    0x0f,0x02,0x00,0x09,0x0f,0x4c,0x1a,0x13,0x0f,0x62,0x02,0x0b,0x0f,0x0a,0x32,0x21,
    0x0f,0x94,0x00,0x09,0x04,0x2a,0x07,0x02,0x0a,0x00,0x04,0x02,0x00,0x0c,0x94,0x09,
    0x0c,0x02,0x00,0x0a,0xe2,0x17,0x0f,0x42,0x07,0x03,0x0a,0x02,0x00,0x0f,0x78,0x02,
    0x01,0x0a,0xd6,0x17,0x02,0x86,0x01,0x04,0x02,0x00,0x0a,0x3e,0x00,0x08,0x02,0x00,
    0x0c,0xc8,0x04,0x0c,0x62,0x02,0x0c,0x02,0x00,0x0f,0x8a,0x09,0x37,0x06,0x28,0x07,
    0x04,0x34,0x26,0x01,0xa6,0x03,0x01,0x4e,0x51,0x02,0x8c,0x09,0x06,0xc0,0x04,0x04,
    0x0a,0x00,0x04,0xd0,0x00,0x08,0x88,0x09,0x02,0x02,0x00,0x0a,0x62,0x02,0x0c,0x32,
    0x5d,0x02,0x02,0x00,0x0a,0x68,0x02,0x0f,0x62,0x02,0x01,0x0f,0x92,0x09,0x13,0x0f,
    0x02,0x00,0x19,0x0f,0x62,0x02,0x37,0x04,0x80,0x15,0x06,0x2a,0x07,0x0f,0xca,0x04,
    0x25,0x0f,0x62,0x02,0x01,0x0f,0x52,0x02,0x01,0x0c,0x02,0x00,0x0f,0x62,0x02,0x13,
    0x0c,0x52,0x02,0x0f,0x8c,0x09,0x2f,0x0a,0x28,0x07,0x0f,0x8a,0x09,0x0b,0x0a,0x28,
    0x07,0x0e,0xb4,0x10,0x0a,0x2a,0x07,0x06,0x7a,0xe9,0x0f,0x62,0x02,0x05,0x06,0x66,
    0x0e,0x04,0x72,0x2d,0x0f,0x30,0x3e,0x07,0x0c,0x62,0x02,0x0f,0x02,0x00,0x01,0x0f,
    0x62,0x02,0x13,0x0e,0xe8,0x17,0x0f,0xc8,0x04,0x07,0x0f,0x62,0x02,0x2b,0x08,0x2a,
    0x07,0x04,0xee,0x0b,0x04,0x1e,0x13,0x08,0x62,0x02,0x0c,0x02,0x00,0x0a,0xf6,0x0b,
    0x0c,0xc4,0x04,0x02,0x02,0x00,0x0a,0x68,0x02,0x0f,0x62,0x02,0x01,0x0f,0x14,0x00,
    0x01,0x06,0x02,0x00,0x02,0xe8,0x03,0x04,0x02,0x00,0x06,0x18,0x00,0x0f,0x02,0x00,
    0x21,0x0f,0xd8,0x04,0x0b,0x0a,0x62,0x02,0x0f,0x02,0x00,0x0b,0x0a,0x62,0x02,0x0f,
    0x02,0x00,0x09,0x0f,0x2a,0x07,0x03,0x04,0xd0,0x00,0x04,0xc4,0x04,0x0f,0x62,0x02,
    0x1b,0x0f,0x02,0x00,0x01,0x0f,0xca,0x04,0x01,0x0a,0x02,0x00,0x0e,0x2c,0x07,0x0f,
    0x62,0x02,0x57,0x0f,0x02,0x00,0x09,0x04,0x8a,0x09,0x06,0x02,0x00,0x0c,0x2c,0x07,
    0x0f,0x52,0x1a,0x09,0x0c,0x62,0x02,0x0f,0x02,0x00,0x01,0x0f,0x62,0x02,0x01,0x06,
    0xf4,0x0b,0x02,0x86,0x01,0x04,0x02,0x00,0x0f,0x40,0x00,0x01,0x0f,0x02,0x00,0x05,
    0x0c,0x7a,0x09,0x0c,0x10,0x00,0x0f,0x28,0x07,0x0d,0x0f,0x02,0x00,0x25,0x08,0xb4,
    0x10,0x06,0x62,0x02,0x04,0xbe,0x04,0x02,0x0a,0x00,0x04,0xd0,0x00,0x04,0x62,0x02,
    0x02,0x02,0x00,0x0a,0x92,0x09,0x0f,0x02,0x00,0x0b,0x0a,0x2a,0x07,0x0f,0x62,0x02,
    0x01,0x0f,0xf4,0x0b,0x05,0x0f,0x58,0x00,0x0b,0x0f,0x02,0x00,0x05,0x0f,0xc4,0x04,
    0x21,0x0f,0xb8,0xa6,0x05,0x04,0x28,0x07,0x02,0x02,0x00,0x04,0x62,0x02,0x04,0x08,
    0x00,0x0c,0x62,0x02,0x0f,0x7e,0x21,0x0d,0x0f,0x02,0x00,0x01,0x0f,0x54,0x02,0x01,
    0x0a,0x02,0x00,0x06,0x2a,0x07,0x02,0x86,0x01,0x04,0x02,0x00,0x0a,0x26,0x00,0x0e,
    0x2a,0x07,0x0a,0x20,0x00,0x0f,0x02,0x00,0x0d,0x0f,0xb6,0x04,0x0b,0x04,0xc6,0x23,
    0x04,0x02,0x00,0x0f,0x14,0x13,0x07,0x0f,0x8a,0x09,0x05,0x04,0xd2,0x23,0x02,0x02,
    0x00,0x02,0x80,0x15,0x0f,0x62,0x02,0x07,0x04,0xb4,0x1c,0x04,0x02,0x00,0x0a,0x2a,
    0x07,0x0c,0x58,0x0e,0x0c,0x62,0x02,0x0e,0x66,0x02,0x0f,0x62,0x02,0x13,0x0f,0xc8,
    0x04,0x13,0x0f,0x62,0x02,0x07,0x01,0x78,0x00,0x03,0x72,0x28,0x0c,0x02,0x00,0x0a,
    0x04,0x83,0x06,0x2a,0x07,0x06,0x62,0x02,0x0f,0x2a,0x07,0x09,0x08,0x50,0x1a,0x0f,
    0x02,0x00,0x0d,0x0a,0x2a,0x07,0x0f,0x62,0x02,0x03,0x0f,0x34,0x13,0x01,0x0c,0xfe,
    0x16,0x0f,0x62,0x02,0x0d,0x0f,0x02,0x00,0x2b,0x0f,0xd4,0x04,0x1b,0x0f,0x28,0x07,
    0x0f,0x06,0x62,0x02,0x0e,0x2a,0x07,0x04,0x32,0x03,0x0a,0x4c,0x0e,0x0a,0xc4,0x04,
    0x0f,0x62,0x02,0x0b,0x0f,0x02,0x00,0x01,0x0f,0x2a,0x07,0x43,0x02,0xb4,0x10,0x0f,
    0xc4,0x04,0x05,0x0f,0x62,0x02,0x09,0x0a,0x4e,0x0e,0x0e,0xb4,0x10,0x06,0x62,0x02,
    0x06,0xc0,0x04,0x04,0x02,0x00,0x2a,0xf7,0x54,0x2c,0x07,0x0e,0x92,0x09,0x08,0x58,
    0x0e,0x0a,0x0e,0x00,0x0f,0x02,0x00,0x03,0x0e,0x62,0x02,0x02,0x2a,0x07,0x02,0x86,
    0x01,0x04,0x02,0x00,0x0f,0x3c,0x00,0x03,0x0f,0x02,0x00,0x07,0x0a,0x7a,0x09,0x0c,
    0x28,0x07,0x0f,0x02,0x00,0x29,0x0f,0x62,0x02,0x0f,0x06,0x02,0x00,0x04,0x62,0x02,
    0x06,0x2a,0x07,0x04,0xd0,0x00,0x02,0x62,0x02,0x08,0x5a,0x02,0x0a,0x0e,0x00,0x0f,
    0x02,0x00,0x0d,0x0a,0xca,0x04,0x0f,0x62,0x02,0x01,0x0f,0xf4,0x0b,0x01,0x0f,0x02,
    0x00,0x0b,0x0c,0xee,0x0b,0x0f,0x62,0x02,0x35,0x0a,0x02,0x00,0x06,0xc8,0x04,0x0a,
    0xea,0x0b,0x0e,0x6c,0x02,0x02,0x02,0x00,0x0f,0x62,0x02,0x0b,0x0f,0x02,0x00,0x01,
    0x0f,0x2a,0x07,0x11,0x2a,0x57,0x65,0x8c,0x01,0x26,0xbf,0xef,0x3e,0x07,0x02,0x02,
    0x00,0x0c,0x42,0x0e,0x0c,0x10,0x00,0x0a,0x62,0x02,0x0c,0x10,0x00,0x0f,0xb6,0x04,
    0x0d,0x0a,0x28,0x07,0x0f,0x26,0x07,0x07,0x01,0x24,0x01,0x12,0x75,0x08,0x00,0x08,
    0xb2,0x10,0x06,0xfa,0x2a,0x02,0x02,0x00,0x0f,0x62,0x02,0x03,0x02,0x1c,0x00,0x04,
    0x02,0x00,0x0a,0x62,0x02,0x0f,0x22,0x88,0x0d,0x0a,0x62,0x02,0x0f,0x02,0x00,0x01,
    0x0e,0x62,0x02,0x0f,0xf2,0x0b,0x11,0x0e,0x02,0x00,0x0f,0xc4,0x04,0x09,0x0f,0x9a,
    0x1c,0x07,0x0f,0xb8,0x04,0x01,0x02,0x02,0x00,0x06,0x62,0x02,0x08,0x2a,0x07,0x06,
    0x6c,0x2d,0x02,0x02,0x00,0x0a,0xc8,0x04,0x0f,0x02,0x00,0x0d,0x0a,0xca,0x04,0x0f,
    0x62,0x02,0x01,0x0f,0x14,0x00,0x01,0x02,0xe8,0x03,0x04,0x02,0x00,0x0c,0x64,0x00,
    0x0c,0x52,0x02,0x0c,0x10,0x00,0x0f,0x02,0x00,0x1b,0x0a,0x98,0x09,0x0e,0xb0,0x10,
    0x0f,0x64,0x02,0x07,0x0f,0x8a,0x09,0x03,0x0c,0x62,0x02,0x06,0x02,0x00,0x04,0xd0,
    0x00,0x04,0xfa,0x07,0x06,0x58,0x02,0x08,0xd0,0x04,0x0f,0x62,0x02,0x0f,0x0e,0x02,
    0x00,0x0f,0x4a,0x1a,0x01,0x0a,0x02,0x00,0x0f,0x62,0x02,0x0f,0x0f,0xc6,0x04,0x01,
    0x0f,0x62,0x02,0x31,0x06,0x8a,0x09,0x08,0x02,0x00,0x04,0x62,0x02,0x0f,0xbe,0x04,
    0x01,0x0a,0x62,0x02,0x0f,0x72,0x2d,0x0f,0x08,0x3a,0x07,0x0f,0x02,0x00,0x01,0x0e,
    0x62,0x02,0x22,0x57,0x65,0x56,0x3d,0x04,0x02,0x00,0x0f,0x36,0x00,0x01,0x0f,0x02,
    0x00,0x37,0x0a,0x62,0x02,0x0f,0x02,0x00,0x0b,0x0f,0x26,0x07,0x19,0x06,0x28,0x07,
    0x04,0xc8,0x04,0x04,0xd0,0x00,0x0e,0x62,0x02,0x04,0x58,0x1a,0x02,0x0a,0x00,0x0f,
    0x02,0x00,0x11,0x0a,0xc8,0x04,0x0f,0x2a,0x07,0x21,0x0c,0xee,0x0b,0x0e,0x62,0x02,
    0x1f,0x75,0x62,0x02,0x24,0x0f,0xc0,0x00,0x11,0x04,0x02,0x00,0x06,0x62,0x02,0x06,
    0x0a,0x00,0x0a,0x02,0x00,0x0f,0x62,0x02,0x0d,0x0e,0x02,0x00,0x0e,0x52,0x02,0x0c,
    0x02,0x00,0x0e,0x62,0x02,0x02,0x3c,0x07,0x0f,0x02,0x00,0x17,0x0a,0x28,0x07,0x0c,
    0x8a,0x09,0x0f,0x54,0x02,0x19,0x0f,0x02,0x00,0x2b,0x02,0xde,0x17,0x02,0x62,0x02,
    0x02,0x5a,0x02,0x04,0x02,0x00,0x0e,0x58,0x00,0x06,0xd2,0x04,0x02,0x02,0x00,0x0a,
    0xf4,0x0b,0x0f,0xac,0x1c,0x21,0x0c,0xa4,0x10,0x0e,0xc8,0x04,0x0f,0x02,0x00,0x0b,
    0x02,0x60,0x02,0x0f,0x82,0x28,0x01,0x02,0x38,0x00,0x0c,0x46,0x0e,0x04,0x02,0x00,
    0x0f,0xe0,0x0b,0x03,0x02,0x02,0x00,0x0f,0x28,0x07,0x05,0x0c,0x62,0x02,0x0a,0xc8,
    0x04,0x0f,0x02,0x00,0x0d,0x0a,0xc8,0x04,0x0f,0x62,0x02,0x01,0x0c,0x14,0x00,0x04,
    0x88,0x01,0x02,0x02,0x00,0x0f,0x62,0x02,0x01,0x0c,0xa4,0x10,0x0c,0x10,0x00,0x0f,
    0x02,0x00,0x09,0x0f,0x62,0x02,0x0b,0x0c,0x88,0x09,0x0f,0x26,0x07,0x07,0x08,0xd8,
    0x17,0x0f,0x8a,0x09,0x09,0x02,0x02,0x00,0x02,0xcc,0x00,0x04,0x02,0x00,0x02,0x14,
    0x00,0x08,0x58,0x02,0x0f,0x62,0x02,0x1b,0x0e,0x02,0x00,0x0f,0xc8,0x04,0x01,0x0a,
    0x02,0x00,0x0c,0x62,0x02,0x0c,0xc6,0x04,0x0c,0x36,0x5d,0x0f,0x62,0x02,0x25,0x1b,
    0x36,0x8a,0x09,0x08,0x28,0x07,0x0f,0x62,0x02,0x07,0x0a,0x02,0x00,0x0c,0x62,0x02,
    0x0a,0xf4,0x0b,0x0a,0x52,0x02,0x0e,0x10,0x00,0x0e,0x02,0x00,0x0c,0x62,0x02,0x0f,
    0x90,0x01,0x05,0x0f,0x02,0x00,0x41,0x0f,0xfa,0x0b,0x0d,0x0a,0x02,0x00,0x0a,0x3e,
    0x39,0x06,0x3a,0x1a,0x0a,0x74,0x15,0x06,0x14,0x13,0x04,0xc6,0x04,0x0a,0xd2,0x00,
    0x04,0x8a,0x70,0x2c,0x77,0x8d,0x58,0x02,0x0f,0x02,0x00,0x19,0x0f,0x2a,0x07,0x0d,
    0x0f,0xc4,0x3b,0x01,0x08,0x02,0x00,0x0c,0x62,0x02,0x0c,0x5c,0x2d,0x0f,0x62,0x02,
    0x25,0x0c,0x28,0x07,0x08,0x62,0x02,0x0f,0x02,0x00,0x01,0x06,0x20,0x07,0x06,0x0a,
    0x00,0x0c,0x1a,0x13,0x0f,0x62,0x02,0x0b,0x0e,0x02,0x00,0x0e,0x52,0x02,0x0c,0x02,
    0x00,0x04,0xec,0x03,0x02,0x02,0x00,0x0c,0x1e,0x00,0x0f,0x02,0x00,0x1d,0x0a,0x36,
    0x07,0x0f,0x02,0x00,0x29,0x0a,0x62,0x02,0x0f,0x02,0x00,0x0f,0x04,0x62,0x02,0x02,
    0xc8,0x00,0x04,0x02,0x00,0x2f,0x9b,0xbe,0x3a,0x00,0x03,0x0c,0x70,0x02,0x0f,0x2a,
    0x07,0x2b,0x0e,0x7e,0x15,0x0c,0xc6,0x04,0x0c,0x02,0x00,0x0a,0x66,0x58,0x0f,0x62,
    0x02,0x05,0x04,0x36,0x00,0x04,0x16,0x07,0x0e,0x02,0x00,0x04,0x22,0x00,0x0f,0x02,
    0x00,0x13,0x06,0x58,0x02,0x06,0x0a,0x00,0x0f,0x02,0x00,0x1f,0x0a,0xd8,0x04,0x0f,
    0x62,0x02,0x01,0x0a,0x1c,0x13,0x04,0x8c,0x01,0x04,0x02,0x00,0x08,0xf2,0x17,0x02,
    0x02,0x00,0x0c,0x18,0x07,0x0a,0x10,0x00,0x0a,0x54,0x02,0x0a,0x0e,0x00,0x0f,0x26,
    0x07,0x43,0x0a,0xc6,0x04,0x0c,0x02,0x00,0x04,0xc8,0x00,0x02,0x02,0x00,0x0c,0x1e,
    0x00,0x04,0x02,0x00,0x0f,0x62,0x02,0x1b,0x0e,0x02,0x00,0x0c,0x2a,0x07,0x0c,0x52,
    0x45,0x0e,0x62,0x02,0x0f,0xe4,0x42,0x05,0x04,0xe0,0x2a,0x0f,0x88,0x09,0x01,0x02,
    0x1e,0x00,0x0f,0x62,0x02,0x09,0x0f,0xb6,0x04,0x09,0x06,0x28,0x07,0x06,0x52,0x0e,
    0x0f,0x02,0x00,0x03,0x0f,0x2a,0x07,0x3b,0x0e,0x74,0x02,0x02,0x8c,0x01,0x04,0x02,
    0x00,0x0e,0x84,0x00,0x0c,0xa4,0x10,0x0a,0x62,0x02,0x0f,0x02,0x00,0x17,0x0c,0x26,
    0x07,0x0f,0x88,0x09,0x0b,0x0a,0xc4,0x04,0x0f,0xb0,0x10,0x07,0x06,0x28,0x07,0x0c,
    0x22,0x07,0x04,0x4a,0x0e,0x04,0x02,0x00,0x0c,0x56,0x02,0x0f,0x02,0x00,0x1b,0x0e,
    0x00,0x2b,0x0f,0x40,0x00,0x09,0x0c,0x62,0x02,0x0e,0x5c,0x2d,0x06,0x52,0x0e,0x02,
    0x5e,0x02,0x0f,0x62,0x02,0x09,0x0f,0x64,0x02,0x07,0x0c,0x62,0x02,0x08,0x10,0x00,
    0x0f,0x62,0x02,0x01,0x06,0xbc,0x04,0x06,0x0a,0x00,0x0f,0x62,0x02,0x1d,0x0e,0x02,
    0x00,0x0e,0x54,0x02,0x0a,0x02,0x00,0x02,0x8c,0x01,0x06,0x02,0x00,0x0a,0x1e,0x00,
    0x0f,0x02,0x00,0x37,0x0c,0x62,0x02,0x0f,0x02,0x00,0x0b,0x0a,0x62,0x02,0x0f,0x02,
    0x00,0x07,0x06,0x62,0x02,0x04,0xf6,0x61,0x08,0x02,0x00,0x06,0xf2,0x36,0x0e,0x62,
    0x02,0x0c,0x72,0x02,0x08,0xd2,0x23,0x0c,0x54,0x0e,0x0f,0x26,0x3e,0x03,0x08,0x02,
    0x00,0x0e,0x52,0x0e,0x0a,0x02,0x00,0x0a,0xc4,0x04,0x08,0x8a,0x09,0x02,0x5e,0x02,
    0x0f,0x62,0x02,0x23,0x0a,0x64,0x00,0x0f,0x5c,0x0e,0x09,0x02,0x02,0x00,0x06,0x58,
    0x02,0x06,0x0a,0x00,0x0f,0x02,0x00,0x2f,0x0f,0x62,0x02,0x0d,0x0e,0x64,0x02,0x0f,
    0xb4,0x10,0x19,0x0a,0x18,0x07,0x0a,0x0e,0x00,0x0f,0x26,0x07,0x0b,0x0f,0x02,0x00,
    0x3d,0x0e,0xf6,0xab,0x01,0x74,0x01,0x03,0x68,0x2d,0x0e,0x02,0x00,0x0a,0x62,0x02,
    0x0a,0x8a,0x09,0x0c,0x62,0x02,0x02,0x64,0x02,0x0e,0x44,0x00,0x06,0x02,0x00,0x0c,
    0x62,0x02,0x0f,0x5c,0x2d,0x01,0x0f,0x02,0x00,0x03,0x02,0x5e,0x02,0x0f,0x62,0x02,
    0x23,0x0e,0x64,0x02,0x08,0x02,0x00,0x08,0xc6,0x04,0x0f,0x02,0x00,0x0d,0x0c,0x2a,
    0x07,0x0a,0x02,0x00,0x0a,0x7c,0x09,0x0c,0xf2,0x6d,0x0e,0x02,0x00,0x0c,0x74,0x02,
    0x08,0xf6,0x03,0x02,0x68,0x49,0x02,0x9e,0x01,0x04,0x02,0x00,0x0a,0x28,0x07,0x0a,
    0x0e,0x00,0x0a,0x54,0x02,0x0a,0x02,0x00,0x0f,0x62,0x02,0x0b,0x0f,0x26,0x07,0x0b,
    0x0a,0x02,0x00,0x08,0x26,0x07,0x0a,0x88,0x09,0x04,0xc4,0x04,0x02,0xba,0x00,0x08,
    0x02,0x00,0x0a,0x42,0x00,0x02,0x02,0x00,0x0a,0x56,0x02,0x08,0x02,0x00,0x0f,0x62,
    0x02,0x0d,0x0c,0x02,0x00,0x0f,0xde,0x17,0x0d,0x0e,0x62,0x02,0x0c,0x52,0x0e,0x04,
    0x02,0x00,0x02,0x5e,0x02,0x0f,0x62,0x02,0x25,0x0a,0xb0,0x10,0x0a,0x02,0x00,0x08,
    0x62,0x02,0x04,0xdc,0x17,0x0f,0x02,0x00,0x05,0x0a,0x62,0x02,0x0a,0x52,0x0e,0x02,
    0x54,0x02,0x08,0x3a,0x00,0x0a,0x0e,0x00,0x0e,0x02,0x00,0x0c,0x62,0x02,0x0c,0x74,
    0x34,0x04,0x02,0x00,0x04,0x3a,0x00,0x0a,0x54,0x02,0x0f,0x8a,0x09,0x25,0x0f,0x26,
    0x07,0x45,0x24,0xba,0xb6,0xb0,0x00,0x0a,0x02,0x00,0x04,0xbe,0x00,0x06,0xb0,0x1c,
    0x0c,0x62,0x02,0x0f,0x70,0x02,0x07,0x0f,0x02,0x00,0x01,0x0e,0xb4,0x10,0x0a,0x8c,
    0x09,0x0c,0xc6,0x04,0x0a,0x02,0x00,0x0c,0x8a,0x09,0x06,0x28,0x07,0x02,0x5e,0x02,
    0x0e,0x62,0x02,0x08,0x40,0x00,0x0e,0x46,0x0e,0x04,0x02,0x00,0x0a,0x62,0x02,0x08,
    0x88,0x09,0x0a,0x02,0x00,0x0c,0x1c,0x32,0x01,0xaa,0x03,0x0d,0x52,0x45,0x04,0x02,
    0x00,0x0c,0x62,0x02,0x0f,0x02,0x00,0x0d,0x02,0x28,0xcd,0x0f,0x26,0x00,0x09,0x2a,
    0x57,0x65,0x9e,0x01,0x0f,0x02,0x00,0x6f,0x08,0xe8,0x76,0x0f,0x02,0x00,0x1f,0x24,
    0x9b,0xbe,0x30,0x26,0x0a,0x62,0x02,0x0a,0x02,0x00,0x0c,0x62,0x02,0x0a,0xc8,0x04,
    0x0f,0x1e,0x3e,0x11,0x08,0x02,0x00,0x0f,0x62,0x02,0x0b,0x0c,0x02,0x00,0x04,0xea,
    0x0b,0x02,0x5c,0x02,0x02,0x02,0x00,0x02,0x4a,0x40,0x04,0x02,0x00,0x0a,0x32,0x00,
    0x04,0x52,0x02,0x0c,0x02,0x00,0x0a,0x26,0x00,0x0f,0x02,0x00,0x0f,0x08,0x80,0x09,
    0x08,0x0c,0x00,0x02,0xf2,0x0b,0x02,0x08,0x00,0x0f,0x02,0x00,0x11,0x0a,0x38,0x07,
    0x0c,0xa2,0x10,0x0f,0x12,0x00,0x03,0x0f,0xc8,0x01,0x1f,0x0f,0x02,0x00,0x87,0x08,
    0xb8,0x04,0x0f,0x02,0x00,0x07,0x0f,0x62,0x02,0x1b,0x0e,0x02,0x00,0x0a,0xc6,0x04,
    0x0c,0x62,0x02,0x0e,0x28,0x07,0x0f,0x02,0x00,0x01,0x02,0x5c,0x02,0x02,0x02,0x00,
    0x04,0x5c,0x02,0x02,0x02,0x00,0x0a,0x2e,0x00,0x0c,0x5a,0x02,0x04,0x02,0x00,0x2a,
    0x56,0x44,0xc6,0x04,0x08,0x02,0x00,0x0f,0x26,0x07,0x19,0x0c,0x28,0x07,0x0c,0xc8,
    0x04,0x0c,0x7c,0x09,0x0c,0x62,0x02,0x0c,0x02,0x00,0x0e,0x28,0x07,0x0f,0xf2,0x0b,
    0x01,0x0f,0x02,0x00,0xa5,0x02,0xce,0x00,0x0f,0x02,0x00,0x03,0x0c,0x56,0x02,0x0f,
    0x02,0x00,0x1b,0x0a,0xee,0x0b,0x0a,0x62,0x02,0x0c,0x02,0x00,0x0c,0x62,0x02,0x0f,
    0x28,0x07,0x01,0x0f,0x62,0x02,0x2f,0x28,0x36,0x3c,0x62,0x02,0x0a,0x26,0x07,0x0f,
    0x62,0x02,0x05,0x06,0xe6,0x36,0x0a,0xc6,0x04,0x0a,0xc4,0x04,0x0a,0x2a,0x07,0x0f,
    0x52,0x02,0x0d,0x0f,0x54,0x02,0x05,0x06,0x02,0x00,0x02,0x1c,0x26,0x0f,0x54,0x02,
    0xa5,0x04,0x02,0x00,0x15,0xdf,0xba,0xa9,0x08,0x02,0x00,0x08,0xd2,0x04,0x0a,0x62,
    0x02,0x0f,0x4e,0x1a,0x0d,0x0a,0x08,0x1f,0x0a,0x8a,0x09,0x0e,0x02,0x00,0x0c,0xc6,
    0x04,0x0a,0x02,0x00,0x0c,0xea,0x0b,0x02,0x28,0x07,0x02,0xbe,0x04,0x02,0x02,0x00,
    0x02,0xbc,0x04,0x04,0x02,0x00,0x0a,0x3e,0x00,0x04,0xb4,0x04,0x0e,0x02,0x00,0x0a,
    0x28,0x00,0x08,0x70,0x02,0x0f,0x02,0x00,0x03,0x08,0x56,0x02,0x08,0x0c,0x00,0x0f,
    0x02,0x00,0x2d,0x0f,0xb6,0x04,0x03,0x06,0x02,0x00,0x02,0x62,0x02,0x0f,0xca,0x04,
    0xab,0x24,0x9a,0xae,0x3c,0x1a,0x0a,0x56,0x02,0x08,0x62,0x02,0x0a,0x02,0x00,0x0c,
    0x62,0x02,0x0a,0x8a,0x09,0x0f,0x62,0x02,0x2d,0x0c,0x78,0x15,0x0a,0x02,0x00,0x33,
    0xd5,0xac,0xd5,0xb6,0x23,0x04,0x02,0x00,0x04,0x5c,0x02,0x06,0xa6,0x80,0x06,0x02,
    0x00,0x0e,0x5a,0x02,0x04,0x02,0x00,0x06,0x24,0x00,0x0e,0x02,0x00,0x04,0xdc,0x36,
    0x0f,0x02,0x00,0x15,0x0a,0x52,0x0e,0x0c,0x02,0x00,0x0a,0xc8,0x04,0x0a,0x0e,0x00,
    0x0e,0x02,0x00,0x0f,0x72,0x02,0x0b,0x2a,0xff,0xff,0xd2,0x42,0x0f,0x02,0x00,0x91,
    0x0a,0xe4,0x00,0x06,0xea,0x0b,0x0c,0x02,0x00,0x0a,0xc6,0x04,0x0a,0x02,0x00,0x0f,
    0x62,0x02,0x0b,0x0e,0x02,0x00,0x0f,0x28,0x07,0x0f,0x08,0x34,0x00,0x0c,0xc6,0x04,
    0x0a,0xc2,0x04,0x0f,0x62,0x02,0x0b,0x0f,0x64,0x02,0x07,0x0a,0xb0,0xe4,0x0a,0xc4,
    0x04,0x0f,0x28,0x07,0x05,0x0f,0x02,0x00,0x05,0x0a,0x62,0x02,0x0a,0x28,0x07,0x0c,
    0x54,0x02,0x0f,0x62,0x02,0x2b,0x04,0x02,0x00,0x04,0x5a,0x02,0x2a,0xbf,0xef,0xc6,
    0x6d,0x0f,0x02,0x00,0x1f,0x0c,0x44,0x58,0x0f,0x02,0x00,0x0b,0x0f,0x2e,0x00,0x17,
    0x24,0xbb,0xb6,0x12,0x13,0x08,0x8a,0x28,0x0f,0x02,0x00,0x09,0x0f,0x62,0x02,0x09,
    0x0f,0x02,0x00,0x0d,0x0c,0x28,0x07,0x0f,0x62,0x02,0x29,0x0f,0xc4,0x04,0x1b,0x0f,
    0x62,0x02,0x07,0x0a,0xc6,0x04,0x0a,0x62,0x02,0x08,0x02,0x00,0x06,0x12,0x13,0x08,
    0x1c,0x07,0x08,0x0c,0x00,0x0c,0x02,0x00,0x0e,0x62,0x02,0x0c,0x22,0x00,0x0a,0x02,
    0x00,0x0f,0xb6,0x04,0x0b,0x0f,0xc8,0x17,0x19,0x08,0x02,0x00,0x08,0x72,0x15,0x0c,
    0x82,0x28,0x0f,0x02,0x00,0x27,0x0f,0x34,0x1a,0x15,0x0a,0x02,0x00,0x04,0x14,0x32,
    0x0c,0x26,0x07,0x0f,0x28,0x07,0x67,0x0a,0x02,0x00,0x0a,0xc4,0x04,0x0f,0x62,0x02,
    0x43,0x0f,0x02,0x00,0x11,0x08,0x56,0x02,0x08,0x0c,0x00,0x0f,0x02,0x00,0x1d,0x0c,
    0xc6,0x04,0x0f,0x62,0x02,0x0b,0x08,0x8a,0x09,0x02,0x0e,0x00,0x06,0x9a,0x09,0x0c,
    0x02,0x00,0x08,0xfc,0x1e,0x08,0x56,0x02,0x08,0x0c,0x00,0x0f,0xd2,0x17,0x0b,0x0f,
    0xd0,0x17,0x19,0x0a,0x1e,0x26,0x0a,0x82,0x28,0x0f,0x02,0x00,0x07,0x0a,0x7c,0x09,
    0x0a,0x0e,0x00,0x0a,0x02,0x00,0x0a,0xd4,0x04,0x0f,0x28,0x07,0x1f,0x08,0x4e,0x00,
    0x0c,0xec,0x0b,0x0f,0x8a,0x09,0x0b,0x04,0x80,0x09,0x04,0x02,0x00,0x02,0x82,0x09,
    0x0f,0x86,0x09,0x01,0x0f,0xc4,0x04,0x17,0x0a,0x02,0x00,0x0f,0x26,0x07,0x1d,0x0f,
    0x28,0x07,0x59,0x0c,0x62,0x02,0x08,0x56,0x02,0x0c,0xe4,0x17,0x0f,0x02,0x00,0x0f,
    0x0c,0x40,0x1a,0x0f,0x62,0x02,0x37,0x0c,0x5e,0x21,0x0f,0x02,0x00,0x11,0x0a,0x54,
    0x02,0x0f,0x02,0x00,0x29,0x0f,0x3c,0x1a,0x11,0x06,0x60,0x00,0x0c,0xc4,0x04,0x1f,
    0xf5,0x3e,0xbc,0x1a,0x0f,0x28,0x07,0x07,0x06,0x9c,0x3b,0x0a,0xae,0x10,0x0a,0xea,
    0x0b,0x06,0x26,0x07,0x0f,0x02,0x00,0x09,0x0f,0x8a,0x09,0x19,0x0f,0x02,0x00,0x0d,
    0x0c,0xd4,0x04,0x0f,0xb4,0x04,0x07,0x0f,0x02,0x00,0x2f,0x0c,0x62,0x02,0x0f,0x02,
    0x00,0x0b,0x0f,0x24,0x07,0x19,0x06,0x86,0x09,0x0a,0x26,0x07,0x06,0x30,0x45,0x02,
    0x0c,0x00,0x08,0xfa,0x0b,0x0a,0x62,0x02,0x0a,0x0e,0x00,0x0f,0x02,0x00,0x0d,0x0a,
    0x8a,0x09,0x0c,0x62,0x02,0x0f,0xee,0x2a,0x0b,0x0c,0x62,0x02,0x1f,0xd5,0x62,0x02,
    0x3e,0x0f,0x88,0x09,0x09,0x08,0x02,0x00,0x08,0x1c,0x07,0x08,0x0c,0x00,0x0f,0x02,
    0x00,0x2d,0x0c,0x54,0x02,0x0a,0x02,0x00,0x0c,0xb6,0x04,0x0f,0x72,0x02,0x13,0x0a,
    0x88,0x09,0x06,0x52,0x00,0x0f,0x54,0x02,0x1b,0x0f,0x02,0x00,0x33,0x0f,0x88,0x09,
    0x21,0x0e,0x62,0x02,0x0a,0x28,0x07,0x0f,0x3c,0x1a,0x1b,0x0c,0xee,0x2a,0x0f,0x26,
    0x07,0x39,0x0f,0xc4,0x04,0x11,0x0c,0x02,0x00,0x0f,0xae,0x10,0x05,0x08,0x56,0x02,
    0x08,0x0c,0x00,0x08,0x5a,0x58,0x0f,0x02,0x00,0x11,0x0e,0x8a,0x09,0x0a,0x36,0x00,
    0x0c,0x10,0x00,0x08,0x02,0x00,0x0c,0x70,0x02,0x0a,0x26,0x07,0x08,0x2a,0x00,0x0f,
    0x02,0x00,0x03,0x0f,0x62,0x02,0x07,0x0e,0x2a,0x39,0x0f,0x42,0x00,0x03,0x04,0x02,
    0x00,0x08,0xa4,0x2f,0x02,0x88,0x09,0x02,0x08,0x00,0x02,0x02,0x00,0x08,0xc4,0x04,
    0x0a,0x02,0x00,0x08,0xb6,0x04,0x0f,0x02,0x00,0x0b,0x0a,0xde,0x36,0x0f,0x62,0x02,
    0x0b,0x0c,0x02,0x00,0x0c,0x4e,0x0e,0x0a,0xee,0x2a,0x0a,0x62,0x02,0x0a,0xc4,0x04,
    0x24,0x94,0xa3,0x80,0x09,0x04,0x02,0x00,0x02,0x84,0x09,0x0c,0x6c,0x15,0x08,0x02,
    0x00,0x04,0x04,0x13,0x0a,0x02,0x00,0x04,0x58,0xe2,0x0c,0x26,0x07,0x08,0x86,0x09,
    0x0f,0x26,0x07,0x23,0x0c,0x50,0x0e,0x0f,0x3c,0x1a,0x1b,0x0f,0xd2,0x04,0x0b,0x0c,
    0x02,0x00,0x0f,0x56,0x02,0x11,0x0f,0x02,0x00,0x05,0x0f,0x6e,0x02,0x07,0x02,0x02,
    0xa7,0x02,0x08,0x00,0x02,0x02,0x00,0x0e,0x2a,0x39,0x0c,0x62,0x02,0x0a,0x02,0x00,
    0x08,0x62,0x02,0x08,0xc4,0x04,0x0f,0x02,0x00,0x09,0x0f,0x18,0x07,0x1b,0x0c,0x02,
    0x00,0x0f,0x3a,0x1a,0x1d,0x06,0x40,0x00,0x0a,0x62,0x02,0x1f,0xb4,0x62,0x02,0x4e,
    0x0a,0x02,0x00,0x08,0x88,0x09,0x08,0xb8,0x04,0x08,0x0c,0x00,0x0e,0x02,0x00,0x0a,
    0xb2,0x10,0x0c,0x62,0x02,0x0c,0x02,0x00,0x0f,0x54,0x02,0x0b,0x0c,0xb6,0x04,0x0f,
    0x02,0x00,0x1d,0x08,0x24,0x07,0x0f,0x02,0x00,0x27,0x0e,0x62,0x02,0x0f,0x02,0x00,
    0x17,0x08,0x62,0x02,0x0a,0x7a,0x09,0x0a,0x0e,0x00,0x0c,0x62,0x02,0x0c,0x10,0x00,
    0x0f,0xee,0x2a,0x29,0x0c,0x4e,0x0e,0x0f,0x02,0x00,0x07,0x0f,0xc4,0x04,0x41,0x0f,
    0x02,0x00,0x15,0x08,0x56,0x02,0x08,0x0c,0x00,0x0f,0x02,0x00,0x2d,0x0f,0x62,0x02,
    0x0d,0x08,0x60,0x00,0x0f,0x70,0x02,0x09,0x06,0xd0,0x04,0x08,0x56,0x02,0x06,0x0c,
    0x00,0x0f,0x0a,0x26,0x1b,0x0f,0x02,0x00,0x1b,0x0a,0x24,0x07,0x0f,0x02,0x00,0x07,
    0x0a,0x54,0x02,0x0a,0x0e,0x00,0x0c,0x02,0x00,0x0a,0x62,0x02,0x0a,0x26,0x07,0x02,
    0x8a,0x09,0x08,0x32,0x00,0x0e,0xec,0x0b,0x08,0x1e,0x00,0x0a,0x62,0x02,0x0a,0x26,
    0x07,0x08,0x02,0x00,0x0f,0x74,0xd6,0x07,0x08,0x26,0x00,0x0e,0x02,0x00,0x0a,0x20,
    0x07,0x02,0x02,0x00,0x17,0x36,0x28,0x07,0x08,0x02,0x00,0x0f,0x26,0x07,0x21,0x0f,
    0x8a,0x09,0x0d,0x0a,0x7a,0x09,0x0f,0xd4,0x04,0x2b,0x08,0x02,0x00,0x0a,0xa0,0x10,
    0x06,0x62,0x02,0x0f,0x02,0x00,0x1f,0x0f,0xa8,0x10,0x1b,0x0e,0x24,0x07,0x0a,0x62,
    0x02,0x0f,0xac,0x10,0x21,0x02,0x52,0x02,0x0a,0x7c,0x09,0x08,0x02,0x00,0x0f,0x62,
    0x02,0x0d,0x0a,0x02,0x00,0x0c,0x88,0x09,0x0a,0x02,0x00,0x0a,0x62,0x02,0x08,0x26,
    0x07,0x1f,0xb4,0x38,0xdb,0x22,0x0f,0x62,0x02,0x0b,0x0e,0xac,0x10,0x08,0xea,0x0b,
    0x0a,0x26,0x07,0x08,0xa8,0x00,0x0a,0x0e,0x00,0x0f,0xb0,0x10,0x1b,0x0f,0xe8,0x17,
    0x0b,0x0a,0xd4,0x04,0x0f,0xb6,0x04,0x09,0x0f,0x02,0x00,0x27,0x0f,0xd0,0x04,0x1b,
    0x0f,0xa8,0x10,0x19,0x01,0xbe,0x0a,0x01,0x32,0x58,0x02,0x02,0x00,0x08,0x24,0x07,
    0x0c,0xb6,0x04,0x0a,0xc4,0x04,0x0c,0xf0,0x1e,0x0f,0x70,0x02,0x09,0x0e,0x02,0x00,
    0x0f,0xc4,0x04,0x19,0x0a,0x02,0x00,0x06,0x62,0x02,0x0f,0xc0,0xe4,0x07,0x0f,0xc4,
    0x04,0x29,0x0c,0x62,0x02,0x0f,0x02,0x00,0x07,0x0a,0x1a,0x07,0x0a,0x0e,0x00,0x0a,
    0x02,0x00,0x0a,0x88,0x09,0x0f,0x02,0x00,0x0d,0x0a,0x52,0x02,0x0c,0x02,0x00,0x0a,
    0x62,0x02,0x0a,0x0e,0x00,0x0f,0x02,0x00,0x03,0x06,0xc4,0x17,0x06,0x0a,0x00,0x0f,
    0x02,0x00,0x2b,0x0f,0x62,0x02,0x1d,0x0a,0x02,0x00,0x06,0x5a,0x21,0x0c,0x54,0x02,
    0x0a,0x62,0x02,0x0c,0x02,0x00,0x0c,0x62,0x02,0x0a,0xc6,0x04,0x0a,0xc2,0x23,0x0c,
    0x62,0x02,0x0c,0x02,0x00,0x0f,0x26,0x07,0x13,0x0f,0x62,0x02,0x07,0x0c,0x50,0x00,
    0x0c,0x02,0x00,0x02,0x18,0x07,0x0a,0x02,0x00,0x02,0x26,0x07,0x06,0x78,0x15,0x02,
    0x02,0x00,0x0a,0xc2,0x04,0x0a,0x02,0x00,0x0a,0x54,0x02,0x0f,0xc4,0x04,0x09,0x0f,
    0x02,0x00,0x0d,0x0a,0x36,0x07,0x0c,0xa0,0x10,0x0f,0x72,0x02,0x09,0x0a,0x62,0x02,
    0x08,0x26,0x07,0x06,0x24,0x07,0x06,0x7a,0x09,0x08,0x02,0x00,0x0f,0x3a,0x0e,0x07,
    0x0f,0x22,0x07,0x1f,0x0a,0x48,0x0e,0x06,0xcc,0x74,0x02,0x02,0x00,0x08,0x48,0x0e,
    0x0f,0x02,0x00,0x1b,0x0f,0x24,0x07,0x07,0x04,0xf6,0x49,0x02,0x0a,0x00,0x01,0x52,
    0x02,0x0b,0x88,0x09,0x0a,0x02,0x00,0x0c,0x74,0x15,0x0a,0x02,0x00,0x08,0x26,0x07,
    0x08,0x82,0x28,0x0f,0x62,0x02,0x27,0x0f,0x64,0x02,0x01,0x04,0x62,0x02,0x0a,0xf6,
    0x1e,0x0a,0x62,0x02,0x08,0x24,0x07,0x0f,0x02,0x00,0x0b,0x0a,0x26,0x07,0x0c,0xc6,
    0x04,0x0c,0x52,0x02,0x0c,0x10,0x00,0x0a,0x02,0x00,0x0f,0x62,0x02,0x09,0x0a,0x02,
    0x00,0x08,0x62,0x02,0x0f,0x02,0x00,0x17,0x0c,0x22,0x07,0x0f,0x62,0x02,0x3f,0x08,
    0x64,0x02,0x0a,0x26,0x07,0x0f,0x02,0x00,0x0b,0x0c,0xb6,0x04,0x0f,0x02,0x00,0x19,
    0x0e,0x26,0x07,0x08,0xec,0x0b,0x0a,0x10,0x13,0x08,0x02,0x00,0x06,0x62,0x02,0x2f,
    0xb4,0xa3,0x62,0x02,0x51,0x0c,0x02,0x00,0x04,0x0c,0x32,0x01,0xde,0x0a,0x09,0x04,
    0x32,0x0a,0xd2,0x04,0x0c,0x02,0x00,0x0a,0x28,0x07,0x0f,0x52,0x02,0x29,0x0a,0xb6,
    0x04,0x0f,0x02,0x00,0x31,0x0c,0x62,0x02,0x0f,0x02,0x00,0x0b,0x0f,0x22,0x07,0x2b,
    0x0c,0x62,0x02,0x0a,0x18,0x07,0x0a,0x0e,0x00,0x0c,0x02,0x00,0x0c,0x70,0x02,0x0f,
    0x26,0x07,0x27,0x0c,0xd4,0x17,0x0f,0x02,0x00,0x03,0x0f,0x62,0x02,0x07,0x0f,0x30,
    0x00,0x03,0x0c,0x02,0x00,0x0a,0x24,0x07,0x06,0xc4,0x04,0x0c,0x28,0x07,0x0f,0x02,
    0x00,0x07,0x0a,0x54,0x02,0x0a,0x0e,0x00,0x0f,0x02,0x00,0x1b,0x0a,0x72,0x02,0x0f,
    0xb4,0x04,0x17,0x0f,0x70,0x02,0x11,0x06,0x24,0x07,0x06,0x0a,0x00,0x0f,0x22,0x07,
    0x07,0x0f,0x02,0x00,0x5d,0x0a,0x54,0x02,0x0a,0x0e,0x00,0x0c,0x02,0x00,0x0f,0x62,
    0x02,0x1b,0x0a,0x02,0x00,0x0a,0xc2,0x04,0x0a,0x88,0x09,0x0c,0xaa,0x2f,0x04,0x02,
    0x00,0x0f,0x62,0x02,0x51,0x0a,0x24,0x07,0x0f,0x26,0x07,0x67,0x04,0xf4,0x00,0x0f,
    0x02,0x00,0x0b,0x08,0x24,0x07,0x06,0x86,0x09,0x0f,0x02,0x00,0x01,0x0f,0x62,0x02,
    0x07,0x0f,0x22,0x07,0x2d,0x0f,0x86,0x09,0x01,0x08,0x24,0x07,0x0f,0x02,0x00,0x19,
    0x0c,0x4c,0x0e,0x0f,0x02,0x00,0x29,0x0c,0x62,0x02,0x08,0x02,0x00,0x0a,0x62,0x02,
    0x04,0x4a,0x0e,0x02,0x60,0x02,0x0f,0xae,0x10,0x03,0x08,0x3e,0x00,0x0f,0x02,0x00,
    0x07,0x0f,0xc4,0x04,0x06,0x18,0x3c,0x64,0x5f,0x08,0xaa,0x10,0x0f,0x62,0x02,0x0b,
    0x0f,0xea,0x0b,0x0b,0x0f,0x26,0x07,0x29,0x0a,0x62,0x02,0x0a,0x72,0x15,0x0f,0x02,
    0x00,0x2d,0x0f,0x6c,0x02,0x07,0x0e,0x2a,0x1a,0x0f,0x22,0x07,0x01,0x0c,0xe6,0x0b,
    0x0e,0x02,0x00,0x0a,0x62,0x02,0x0f,0x86,0x09,0x0b,0x0a,0xc4,0x04,0x0c,0xb4,0x04,
    0x0c,0x10,0x00,0x0c,0x02,0x00,0x0a,0xea,0x0b,0x0e,0x88,0x09,0x06,0x30,0x00,0x0a,
    0x4a,0x0e,0x0a,0x02,0x00,0x0f,0x62,0x02,0x0f,0x0a,0x30,0x00,0x0f,0x02,0x00,0x09,
    0x0a,0x64,0x02,0x04,0xea,0x0b,0x0a,0x62,0x02,0x0f,0x02,0x00,0x07,0x0c,0x16,0x07,
    0x0c,0x10,0x00,0x0f,0x02,0x00,0x27,0x0f,0x26,0x07,0x0b,0x08,0x62,0x02,0x0f,0x94,
    0x09,0x0d,0x06,0x9e,0x10,0x06,0x22,0x07,0x0f,0x02,0x00,0x29,0x0f,0x84,0x09,0x2d,
    0x0c,0x62,0x02,0x0a,0x52,0x02,0x0e,0x10,0x00,0x0a,0x02,0x00,0x0a,0x62,0x02,0x0f,
    0xa2,0x5a,0x29,0x0a,0x62,0x02,0x08,0x4a,0x0e,0x04,0x02,0x00,0x11,0xb5,0xe6,0x0b,
    0x0f,0xc4,0x04,0x03,0x04,0x24,0x00,0x0f,0x02,0x00,0x0f,0x0f,0x62,0x02,0x07,0x08,
    0xc6,0x04,0x0f,0x02,0x00,0x07,0x0a,0xb6,0x04,0x0a,0x02,0x00,0x0c,0x4c,0x0e,0x0f,
    0x02,0x00,0x0b,0x0a,0x88,0x09,0x0a,0x02,0x00,0x0f,0x70,0x02,0x09,0x0a,0x62,0x02,
    0x06,0x1a,0x07,0x04,0x0a,0x00,0x0f,0x62,0x02,0x01,0x0f,0xb6,0x04,0x05,0x0a,0x20,
    0x07,0x0f,0x02,0x00,0x23,0x0a,0xca,0x17,0x0f,0x02,0x00,0x11,0x0f,0x5a,0x21,0x09,
    0x0a,0x52,0x02,0x0c,0x02,0x00,0x0f,0x62,0x02,0x0d,0x0a,0x02,0x00,0x0f,0x26,0x07,
    0x0d,0x04,0x2e,0x00,0x04,0xc2,0x04,0x0f,0x62,0x02,0x07,0x04,0x2a,0x00,0x0f,0x02,
    0x00,0x11,0x0f,0x62,0x02,0x0d,0x0f,0x86,0x09,0x27,0x0c,0x36,0x1a,0x0f,0x40,0x58,
    0x0d,0x0f,0x62,0x02,0x25,0x08,0x02,0x00,0x0f,0x86,0x09,0x17,0x0f,0x02,0x00,0x03,
    0x0a,0x62,0x02,0x0f,0xb0,0x55,0x0b,0x02,0x02,0x00,0x0a,0x06,0x13,0x0f,0x84,0x09,
    0x3b,0x04,0x36,0x1a,0x02,0x0a,0x00,0x0f,0x02,0x00,0x1f,0x0a,0x24,0x07,0x0f,0x62,
    0x02,0x1d,0x2f,0xb5,0xa3,0x62,0x02,0x33,0x0a,0x64,0x02,0x08,0x26,0x07,0x2a,0x36,
    0x3c,0x7c,0x34,0x02,0x02,0x00,0x0a,0x0e,0x13,0x0a,0x16,0x07,0x0a,0x0e,0x00,0x0c,
    0x02,0x00,0x0f,0x62,0x02,0x0d,0x0a,0x02,0x00,0x0f,0xb6,0x04,0x17,0x0f,0x02,0x00,
    0x29,0x0f,0xa4,0x10,0x51,0x0a,0x84,0x09,0x0f,0x24,0x07,0x2f,0x26,0x57,0x8d,0xf2,
    0x00,0x0a,0xac,0x10,0x0c,0xd4,0x17,0x0c,0x62,0x02,0x08,0x02,0x00,0x0f,0xac,0x10,
    0x09,0x02,0xc4,0x04,0x0f,0x62,0x02,0x65,0x0a,0x02,0x00,0x0a,0x54,0x02,0x0a,0x0e,
    0x00,0x0f,0x02,0x00,0x1b,0x0c,0xc2,0x04,0x0f,0x62,0x02,0x0b,0x06,0x5c,0x00,0x0a,
    0x24,0x07,0x0c,0x02,0x00,0x0f,0x22,0x07,0x01,0x0f,0x02,0x00,0x6d,0x08,0x30,0x1a,
    0x0e,0x76,0x09,0x0c,0x96,0x09,0x0a,0x02,0x00,0x0f,0x54,0x6b,0x1b,0x0a,0x20,0x26,
    0x0a,0x24,0x07,0x0a,0x62,0x02,0x0f,0x86,0x09,0x03,0x0f,0xc4,0x04,0x05,0x0a,0x94,
    0x00,0x0f,0x02,0x00,0x11,0x06,0x2a,0x07,0x0c,0xc4,0x04,0x13,0x97,0xf0,0x7b,0x0f,
    0x02,0x00,0x21,0x0f,0xf2,0x68,0x39,0x0a,0x4a,0x0e,0x08,0x02,0x00,0x08,0x62,0x02,
    0x06,0x24,0x07,0x06,0x0a,0x00,0x0c,0xde,0x0b,0x0f,0x82,0x09,0x05,0x0f,0x02,0x00,
    0x1f,0x0f,0x42,0x0e,0x01,0x0c,0x84,0x09,0x0c,0xc0,0x04,0x0f,0x02,0x00,0x1d,0x0f,
    0x86,0x09,0x0b,0x0f,0x02,0x00,0x1b,0x0a,0x62,0x02,0x0a,0x02,0x00,0x08,0x62,0x02,
    0x06,0xc2,0x04,0x0f,0x62,0x02,0x51,0x2f,0x76,0x44,0xaa,0x10,0x17,0x0e,0xf6,0x0b,
    0x0a,0xea,0x0b,0x0a,0xac,0x10,0x0e,0xb6,0x04,0x0f,0x02,0x00,0x09,0x08,0x62,0x02,
    0x08,0x54,0x02,0x0a,0x02,0x00,0x06,0x58,0x02,0x0f,0x02,0x00,0x51,0x0f,0x62,0x02,
    0x21,0x0f,0xa8,0x10,0x0b,0x0e,0xc2,0x04,0x0c,0x62,0x02,0x0c,0x10,0x00,0x0f,0x02,
    0x00,0x09,0x0c,0x6e,0x53,0x08,0x62,0x02,0x0a,0xc2,0x04,0x0a,0x02,0x00,0x0f,0x62,
    0x02,0x0d,0x0a,0x2e,0x00,0x0f,0x02,0x00,0x15,0x04,0xc6,0x04,0x0c,0xc4,0x04,0x0c,
    0x8a,0x09,0x08,0x30,0x1a,0x0c,0x16,0x07,0x08,0x2e,0x8f,0x0f,0x02,0x00,0x2d,0x0f,
    0x24,0x07,0x0b,0x08,0x26,0x07,0x0f,0x02,0x00,0x9b,0x0c,0x62,0x02,0x0c,0x14,0x07,
    0x0c,0x10,0x00,0x0c,0x02,0x00,0x0a,0x62,0x02,0x0f,0x4a,0x0e,0x0b,0x0c,0x62,0x02,
    0x08,0x02,0x00,0x0f,0x62,0x02,0x09,0x01,0xc2,0xa6,0x12,0xa3,0x02,0x00,0x02,0xac,
    0x10,0x0a,0x72,0x15,0x02,0x22,0x00,0x0f,0x02,0x00,0x1d,0x0f,0x62,0x02,0x07,0x0c,
    0x64,0x02,0x08,0x02,0x00,0x0c,0x78,0x09,0x0a,0xba,0x10,0x0a,0xc2,0x04,0x0f,0x02,
    0x00,0x0d,0x0a,0x88,0x09,0x0a,0x62,0x02,0x08,0xc2,0x04,0x0a,0x02,0x00,0x0f,0x6e,
    0x02,0x09,0x04,0x84,0x09,0x0c,0x28,0x07,0x0e,0x02,0x00,0x0f,0xf0,0x31,0x1d,0x0f,
    0x02,0x00,0x01,0x0c,0x20,0x07,0x0f,0x02,0x00,0x13,0x0f,0x52,0x02,0x0d,0x0f,0x02,
    0x00,0x0b,0x0f,0x62,0x02,0x0b,0x0a,0x02,0x00,0x08,0xc2,0x04,0x01,0xe0,0x0d,0x12,
    0xa5,0x08,0x00,0x02,0x22,0x07,0x06,0xaa,0x10,0x02,0x02,0x00,0x02,0x60,0x02,0x0f,
    0x62,0x02,0x55,0x04,0x64,0x02,0x0a,0x46,0x0e,0x0f,0x02,0x00,0x0f,0x0a,0x62,0x02,
    0x0f,0x24,0x07,0x0d,0x0a,0x62,0x02,0x0a,0x02,0x00,0x0f,0x62,0x02,0x07,0x08,0x02,
    0x00,0x04,0x00,0x13,0x0f,0x2c,0x07,0x11,0x0f,0x8e,0x09,0x19,0x0f,0x8e,0x2f,0x13,
    0x0c,0xae,0x23,0x0f,0x84,0x09,0x2f,0x0c,0xb2,0x04,0x0f,0x02,0x00,0x1d,0x0a,0x4a,
    0x0e,0x0c,0x62,0x02,0x06,0x02,0x00,0x08,0x30,0x1a,0x08,0x22,0x07,0x0f,0x62,0x02,
    0x03,0x06,0x38,0x00,0x0f,0x02,0x00,0x1d,0x02,0xc6,0x04,0x0e,0x26,0x07,0x0f,0x62,
    0x02,0x07,0x0a,0xb2,0x04,0x0e,0xd2,0x04,0x0a,0x02,0x00,0x0f,0x62,0x02,0x0d,0x08,
    0x02,0x00,0x0a,0xc2,0x04,0x0a,0x02,0x00,0x0f,0x22,0x07,0x5f,0x0f,0x62,0x02,0x13,
    0x0e,0x02,0x00,0x0c,0xe6,0x0b,0x0c,0x22,0x07,0x0a,0x88,0x3b,0x02,0x10,0x00,0x0c,
    0x7c,0x15,0x0a,0x0c,0x13,0x0a,0x24,0x07,0x0f,0x06,0x32,0x0b,0x0c,0x62,0x02,0x08,
    0x02,0x00,0x0f,0x8c,0x3b,0x07,0x0f,0x62,0x02,0x65,0x04,0xc6,0x04,0x08,0x02,0x00,
    0x0e,0x76,0x09,0x0c,0x34,0x07,0x0f,0x02,0x00,0x19,0x0a,0x42,0x2d,0x0f,0x62,0x02,
    0x15,0x0f,0x6e,0x02,0x05,0x04,0x20,0x07,0x06,0x02,0x00,0x0f,0xf8,0x12,0x1b,0x0f,
    0x02,0x00,0x0b,0x0e,0x64,0x15,0x0f,0x02,0x00,0x13,0x0c,0x62,0x02,0x0e,0x50,0x02,
    0x0e,0x12,0x00,0x0a,0x02,0x00,0x0a,0x62,0x02,0x0f,0x24,0x07,0x0d,0x0a,0xc4,0x04,
    0x08,0x02,0x00,0x08,0x62,0x02,0x0e,0x22,0x07,0x11,0xd5,0x82,0x09,0x02,0x02,0x00,
    0x0c,0x88,0x09,0x08,0x46,0x00,0x0f,0x02,0x00,0x1f,0x09,0xbe,0x23,0x03,0x72,0x15,
    0x04,0x02,0x00,0x0f,0x4e,0x00,0x1f,0x0a,0x24,0x07,0x0c,0x02,0x00,0x0c,0x14,0x07,
    0x0c,0x10,0x00,0x06,0x02,0x00,0x0f,0x6e,0x02,0x07,0x08,0x84,0x09,0x06,0x22,0x07,
    0x01,0x0c,0x04,0x1f,0x6d,0x7c,0x09,0x0f,0x0f,0x02,0x00,0x25,0x2f,0xd7,0x75,0x62,
    0x02,0x25,0x0f,0x02,0x00,0x1d,0x0a,0x50,0x02,0x0f,0x02,0x00,0x01,0x08,0xde,0x2a,
    0x01,0xb6,0x04,0x12,0x95,0x08,0x00,0x0e,0x02,0x00,0x0f,0x24,0x07,0x0b,0x02,0x30,
    0x00,0x02,0xc0,0x04,0x2f,0xd5,0xa3,0x62,0x02,0x63,0x2a,0x97,0x4c,0x46,0x0e,0x0f,
    0x02,0x00,0x0f,0x0a,0x62,0x02,0x0f,0xd0,0x17,0x0d,0x0a,0xc4,0x04,0x08,0x02,0x00,
    0x0f,0x62,0x02,0x07,0x08,0x02,0x00,0x02,0x5a,0x02,0x06,0x08,0x00,0x0f,0x02,0x00,
    0x6b,0x0c,0x20,0x07,0x0f,0x02,0x00,0x23,0x0f,0x62,0x02,0x0f,0x0f,0x02,0x00,0x07,
    0x0c,0x48,0x0e,0x08,0x62,0x02,0x0a,0xda,0x2a,0x06,0xc4,0x04,0x0f,0x62,0x02,0x0f,
    0x0f,0x70,0x00,0x07,0x0f,0x02,0x00,0x15,0x0f,0x88,0x09,0x05,0x4a,0x56,0x3c,0x76,
    0x3c,0x62,0x02,0x0c,0x12,0x07,0x0c,0x10,0x00,0x0e,0x02,0x00,0x0a,0x8c,0x85,0x0f,
    0x02,0x00,0x09,0x0f,0x54,0x02,0x07,0x08,0xb6,0x04,0x0f,0x02,0x00,0x0d,0x0e,0x2a,
    0x07,0x0e,0x02,0x00,0x0f,0x86,0x1c,0x1f,0x0f,0x02,0x00,0x25,0x0c,0x22,0x07,0x0e,
    0x12,0x07,0x0f,0x22,0x07,0x0d,0x0c,0x72,0x02,0x0f,0x30,0x1a,0x0f,0x0a,0xf0,0x3d,
    0x06,0x02,0x00,0x0a,0x54,0x21,0x0a,0x02,0x00,0x2f,0xd5,0xa3,0xc4,0x04,0x06,0x1f,
    0xa3,0x62,0x02,0x4b,0x0c,0x8c,0x09,0x0c,0x52,0x02,0x0c,0x10,0x00,0x0f,0x02,0x00,
    0x19,0x0c,0x22,0x07,0x0f,0x62,0x02,0x07,0x06,0x02,0x00,0x0f,0x6c,0x02,0x19,0x06,
    0x02,0x00,0x0f,0x8e,0x09,0x0d,0x0f,0x34,0x40,0x0d,0x0e,0x02,0x00,0x0e,0x42,0x0e,
    0x0f,0x02,0x00,0x03,0x0f,0x62,0x02,0x5d,0x08,0x02,0x00,0x08,0xc0,0x04,0x02,0xa8,
    0x10,0x04,0x18,0x07,0x06,0xc0,0x04,0x04,0x02,0x00,0x0f,0x62,0x02,0x09,0x04,0x24,
    0x00,0x0f,0x02,0x00,0x2b,0x0f,0x4c,0x0e,0x03,0x02,0x02,0x00,0x0f,0x5a,0x00,0x19,
    0x0e,0x24,0x07,0x08,0x3e,0x00,0x0a,0x54,0x02,0x0a,0x0e,0x00,0x0a,0x02,0x00,0x0f,
    0x6e,0x02,0x07,0x04,0xe6,0x0b,0x04,0x9c,0x10,0x04,0x08,0x00,0x0f,0x02,0x00,0x37,
    0x0f,0x44,0x0e,0x11,0x0f,0x06,0x13,0x23,0x0f,0x02,0x00,0x11,0x0f,0x24,0x07,0x29,
    0x0a,0x02,0x00,0x0f,0x62,0x34,0x07,0x06,0x62,0x02,0x06,0x22,0x07,0x0f,0xc4,0x04,
    0x07,0x0a,0x56,0x00,0x0f,0x02,0x00,0x25,0x0f,0x62,0x02,0x09,0x0f,0x64,0x02,0x07,
    0x0e,0xc2,0x04,0x0f,0x62,0x02,0x19,0x0a,0x02,0x00,0x0a,0xfc,0x12,0x06,0x0e,0x00,
    0x0f,0xb6,0x04,0x25,0x0a,0x5e,0x00,0x0f,0x02,0x00,0x5f,0x0e,0xbe,0x04,0x0e,0x02,
    0x00,0x0f,0x22,0x07,0x01,0x0a,0x62,0x02,0x0a,0x0e,0x00,0x0f,0x02,0x00,0x0d,0x0a,
    0x22,0x07,0x08,0xc4,0x04,0x06,0xc0,0x04,0x0a,0x02,0x00,0x0f,0x62,0x02,0x0f,0x0a,
    0x30,0x00,0x0f,0x02,0x00,0x29,0x03,0x64,0x02,0x0b,0x4c,0x0e,0x02,0x8c,0x09,0x2f,
    0x76,0x3c,0xf8,0x12,0x03,0x0e,0x62,0x02,0x0f,0x02,0x00,0x25,0x0f,0xb4,0x04,0x09,
    0x04,0xb6,0x04,0x0f,0x02,0x00,0x07,0x0f,0x42,0x0e,0x47,0x0f,0x44,0x0e,0x27,0x0e,
    0x62,0x02,0x0e,0x50,0x02,0x0e,0x12,0x00,0x0c,0x02,0x00,0x0c,0x62,0x02,0x0a,0x86,
    0x09,0x0f,0x88,0x3b,0x17,0x06,0x62,0x02,0x04,0x2a,0x07,0x06,0x02,0x00,0x02,0xc0,
    0x04,0x0f,0xc4,0x04,0x05,0x06,0x28,0x00,0x0f,0x02,0x00,0x2f,0x01,0x64,0x02,0x0f,
    0x62,0x02,0x1a,0x0a,0x02,0x00,0x0a,0xc0,0x04,0x0f,0x02,0x00,0x0d,0x0f,0x24,0x07,
    0x07,0x0f,0x6e,0x02,0x05,0x0f,0x6c,0x02,0x11,0x0f,0x02,0x00,0x61,0x0f,0x42,0x0e,
    0x15,0x0f,0x50,0x02,0x11,0x0f,0xc0,0x00,0x0d,0x0f,0x62,0x02,0x0b,0x06,0x02,0x00,
    0x0f,0x22,0x07,0x0f,0x02,0xbe,0x04,0x08,0x60,0x02,0x0f,0xae,0x10,0x01,0x06,0x52,
    0x00,0x0f,0x02,0x00,0x31,0x0f,0x62,0x02,0x09,0x02,0xc6,0x04,0x0f,0x02,0x00,0x0b,
    0x0c,0x62,0x02,0x0a,0xce,0x17,0x0c,0x52,0x02,0x0c,0x10,0x00,0x06,0x02,0x00,0x0f,
    0x62,0x02,0x05,0x06,0x02,0x00,0x04,0xa4,0x10,0x08,0x02,0x00,0x0f,0xc8,0x04,0x11,
    0x0e,0x88,0x1c,0x0a,0xe4,0x0b,0x0f,0x02,0x00,0x25,0x0f,0x50,0x34,0x25,0x0c,0x02,
    0x00,0x0c,0xb2,0x04,0x0f,0x02,0x00,0x19,0x0e,0x22,0x07,0x08,0xfe,0x31,0x06,0x02,
    0x00,0x04,0x84,0x09,0x0f,0x62,0x02,0x11,0x06,0x36,0x00,0x0f,0x02,0x00,0x35,0x02,
    0x0a,0x32,0x13,0x36,0x1e,0x07,0x04,0x02,0x00,0x13,0x76,0x02,0x00,0x0a,0x66,0x00,
    0x0f,0x22,0x07,0x0f,0x0f,0x62,0x02,0x0b,0x06,0x02,0x00,0x0f,0x52,0x02,0x07,0x0f,
    0xb6,0x04,0x2f,0x0f,0x90,0x09,0x19,0x0f,0xe2,0x0b,0x13,0x0f,0xe4,0x0b,0x23,0x0c,
    0x16,0x1a,0x0f,0xd2,0x04,0x03,0x0a,0x62,0x02,0x0a,0x0e,0x00,0x0f,0xc0,0x04,0x0d,
    0x0a,0x62,0x02,0x06,0x02,0x00,0x0f,0x4e,0x21,0x05,0x02,0x62,0x02,0x02,0x1e,0x07,
    0x04,0x02,0x00,0x02,0xd0,0x17,0x06,0x98,0x1c,0x06,0x46,0x00,0x0f,0x02,0x00,0x35,
    0x0f,0x62,0x02,0x3b,0x0f,0x02,0x00,0x07,0x0a,0xc0,0x04,0x0f,0x62,0x02,0x0f,0x0e,
    0x6a,0x02,0x0f,0x42,0x0e,0x3f,0x0f,0xb0,0x36,0x03,0x0c,0x02,0x00,0x0f,0x60,0x02,
    0x23,0x0f,0x50,0x02,0x01,0x0f,0x34,0x07,0x11,0x0a,0x36,0x07,0x0f,0x22,0x07,0x0b,
    0x0f,0x62,0x02,0x0f,0x04,0xbe,0x04,0x06,0x02,0x00,0x04,0x5a,0x02,0x04,0x02,0x00,
    0x02,0x5e,0x02,0x04,0x62,0x02,0x06,0x28,0x00,0x0f,0x02,0x00,0x39,0x0f,0x88,0x09,
    0x05,0x01,0x02,0x00,0x09,0xd6,0xf0,0x0a,0x02,0x00,0x0e,0x22,0x07,0x08,0x20,0x00,
    0x0a,0x52,0x02,0x0e,0x10,0x00,0x06,0x02,0x00,0x06,0x44,0x0e,0x0a,0x02,0x00,0x0e,
    0xee,0x0b,0x0f,0x2a,0x07,0x01,0x01,0xda,0x20,0x0f,0x70,0xbe,0x0e,0x0f,0x02,0x00,
    0x4b,0x0a,0x2c,0x2d,0x0f,0x02,0x00,0x15,0x0c,0x4e,0x02,0x0f,0x02,0x00,0x01,0x0a,
    0x62,0x02,0x0f,0x02,0x00,0x07,0x0f,0x20,0x07,0x0d,0x06,0x02,0x00,0x04,0x5a,0x02,
    0x04,0x02,0x00,0x02,0x5e,0x02,0x0f,0x62,0x02,0x4b,0x02,0x64,0x02,0x04,0x20,0x07,
    0x02,0x02,0x00,0x01,0x5e,0x02,0x5f,0x3c,0x76,0x3c,0x76,0x44,0x64,0x02,0x07,0x0e,
    0x62,0x02,0x08,0x64,0x02,0x0c,0x62,0x02,0x0f,0x02,0x00,0x07,0x0f,0x62,0x02,0x05,
    0x0f,0x02,0x00,0x01,0x0f,0xbe,0x17,0x11,0x0f,0x02,0x00,0x29,0x0f,0x88,0x1c,0x21,
    0x0e,0x42,0x0e,0x0f,0x02,0x00,0x01,0x0e,0x34,0x07,0x0c,0x62,0x02,0x0c,0x10,0x00,
    0x0f,0x02,0x00,0x0b,0x0a,0xc0,0x04,0x06,0x62,0x02,0x06,0x42,0x0e,0x0f,0x02,0x00,
    0x01,0x04,0x58,0x02,0x06,0x02,0x00,0x02,0x5e,0x02,0x02,0x62,0x02,0x0f,0x32,0x00,
    0x01,0x0f,0x02,0x00,0x33,0x0f,0x88,0x09,0x07,0x04,0x62,0x02,0x0e,0x5e,0x21,0x0e,
    0x02,0x00,0x0a,0x62,0x02,0x0f,0x02,0x00,0x07,0x0f,0x22,0x07,0x05,0x0e,0x18,0x07,
    0x0f,0x02,0x00,0x7f,0x0f,0x44,0x0e,0x15,0x0c,0x02,0x00,0x0f,0x20,0x07,0x0f,0x0c,
    0x62,0x02,0x0f,0x4e,0x21,0x0b,0x0c,0x8c,0x1c,0x06,0x02,0x00,0x0f,0x62,0x02,0x09,
    0x06,0x58,0x02,0x06,0x02,0x00,0x02,0x5e,0x02,0x46,0xb5,0xa3,0xb5,0xa3,0x44,0x00,
    0x0f,0x02,0x00,0x41,0x0f,0xc4,0x04,0x09,0x02,0x00,0xf8,0x0a,0x22,0x26,0x0c,0xc0,
    0x04,0x0f,0x02,0x00,0x0b,0x0a,0xd0,0x04,0x0f,0x62,0x02,0x05,0x0f,0x02,0x00,0x01,
    0x0f,0x18,0x07,0x05,0x0f,0x46,0x0e,0x11,0x0f,0x8c,0x1c,0x41,0x0f,0x62,0x02,0x25,
    0x0e,0x20,0x26,0x0e,0x02,0x00,0x0a,0xc4,0x04,0x0f,0x62,0x02,0x0b,0x06,0x02,0x00,
    0x0c,0xa4,0x10,0x0e,0x62,0x02,0x06,0xbe,0x49,0x11,0xf5,0x8a,0x1c,0x0a,0x02,0x00,
    0x02,0x5e,0x02,0x0f,0x62,0x02,0x6d,0x02,0x64,0x02,0x08,0x02,0x00,0x0a,0x62,0x02,
    0x0c,0xbe,0x04,0x0a,0x52,0x02,0x0e,0x10,0x00,0x04,0x02,0x00,0x0f,0x6c,0x02,0x19,
    0x0f,0x02,0x00,0x11,0x0f,0x8c,0x1c,0x0d,0x0a,0x02,0x00,0x0f,0x32,0x40,0x0d,0x0f,
    0x44,0x0e,0x25,0x0f,0x02,0x00,0x11,0x0a,0x4e,0x02,0x0f,0x02,0x00,0x29,0x0c,0x62,
    0x02,0x0e,0x02,0x00,0x04,0x62,0x02,0x2f,0xf5,0xa3,0x62,0x02,0x09,0x0e,0x38,0x00,
    0x0f,0x02,0x00,0x3d,0x02,0x80,0x09,0x04,0x02,0x00,0x08,0x88,0x09,0x0f,0x62,0x02,
    0x13,0x0f,0x84,0x09,0x13,0x0f,0x74,0x09,0x0f,0x0f,0xe0,0x0b,0x01,0x0f,0xca,0x04,
    0x05,0x0f,0x02,0x00,0x4d,0x0f,0x46,0x0e,0x21,0x0f,0x10,0x07,0x11,0x0c,0x62,0x02,
    0x0f,0x70,0x02,0x0d,0x0f,0x02,0x45,0x09,0x0c,0x7e,0xc3,0x04,0x8e,0x2f,0x02,0x0a,
    0x00,0x06,0x02,0x00,0x2f,0xf5,0xa3,0x62,0x02,0x6d,0x0a,0x64,0x02,0x0a,0x62,0x02,
    0x3f,0x97,0x44,0x97,0xf0,0x0b,0x06,0x0f,0x02,0x00,0x19,0x0f,0xb4,0x04,0x11,0x0f,
    0x62,0x02,0x1b,0x0f,0xfc,0x12,0x19,0x0f,0x02,0x00,0x0b,0x0f,0x6e,0x28,0x35,0x0e,
    0xd2,0x0b,0x0f,0x02,0x00,0x0f,0x0c,0x62,0x02,0x0a,0x42,0x0e,0x0f,0x60,0x66,0x1b,
    0x0f,0x62,0x02,0x03,0x02,0x60,0x02,0x0f,0xc4,0x04,0x07,0x02,0x38,0x00,0x0f,0x02,
    0x00,0x4d,0x04,0xc0,0x04,0x04,0x98,0x1c,0x01,0x02,0x00,0x05,0x62,0x02,0x04,0x64,
    0x02,0x0a,0x20,0x07,0x0e,0x02,0x00,0x0a,0x60,0x28,0x0c,0x30,0x07,0x0f,0x02,0x00,
    0x27,0x0f,0x7a,0x09,0x13,0x0f,0x02,0x00,0x27,0x0f,0x62,0x02,0x1f,0x0f,0x44,0x0e,
    0x13,0x0f,0x02,0x00,0x21,0x0e,0x62,0x02,0x0f,0x46,0x00,0x1b,0x0e,0x06,0x13,0x0f,
    0x62,0x02,0x0b,0x0f,0x5e,0x00,0x1b,0x0f,0x02,0x00,0x29,0x02,0x5e,0x02,0x0f,0x62,
    0x02,0x05,0x02,0x64,0x02,0x0c,0x62,0x02,0x0f,0x20,0x07,0x0b,0x0f,0x62,0x02,0x0f,
    0x0f,0x42,0x0e,0x45,0x0f,0x72,0x28,0x3d,0x0e,0xe4,0x0b,0x0f,0x62,0x02,0x11,0x0f,
    0x34,0x07,0x13,0x0f,0x02,0x00,0x2f,0x0e,0xe0,0x0b,0x08,0x02,0x00,0x04,0x60,0x02,
    0x0f,0xc4,0x04,0x05,0x08,0x2c,0x00,0x0f,0x02,0x00,0x4d,0x02,0x60,0x02,0x0f,0x26,
    0x07,0x01,0x02,0x02,0x00,0x0e,0x80,0x00,0x0a,0x62,0x02,0x0c,0xc4,0x04,0x0f,0x02,
    0x00,0x11,0x0e,0x18,0x07,0x0f,0x44,0x0e,0x07,0x0f,0xcc,0x04,0x07,0x0f,0x30,0x07,
    0x0b,0x0c,0x8e,0x1c,0x0f,0xe6,0x0b,0x0d,0x0e,0x02,0x00,0x0e,0x62,0x02,0x0f,0x02,
    0x00,0x11,0x0f,0x62,0x02,0x47,0x0a,0x82,0x1c,0x0f,0x62,0x02,0x01,0x02,0x24,0x1a,
    0x08,0x60,0x02,0x0f,0x62,0x02,0x03,0x0f,0xc8,0x00,0x11,0x0f,0x02,0x00,0x37,0x0f,
    0x62,0x02,0x1f,0x0f,0x02,0x00,0x1f,0x0f,0x8e,0x09,0x11,0x0f,0xdc,0x0b,0x4d,0x0f,
    0x62,0x02,0x0d,0x0f,0xe4,0x0b,0x21,0x0f,0x02,0x00,0x0f,0x0c,0x70,0x09,0x0f,0x02,
    0x00,0x27,0x0f,0x42,0x0e,0x0f,0x04,0x62,0x02,0x26,0xf5,0x9b,0xc2,0x04,0x0f,0x62,
    0x02,0x01,0x0f,0x84,0x00,0x27,0x0f,0x02,0x00,0x25,0x02,0x64,0x02,0x01,0x84,0x09,
    0x03,0xd4,0x17,0x04,0x88,0x09,0x02,0x02,0x00,0x0f,0x58,0x00,0x25,0x06,0x02,0x00,
    0x0f,0x62,0x02,0x11,0x02,0x02,0x00,0x0f,0x68,0x02,0x0b,0x0f,0xb6,0x04,0x0b,0x0f,
    0x02,0x00,0x5d,0x0f,0xae,0x04,0x11,0x0a,0x62,0x02,0x0a,0x0e,0x00,0x0f,0x02,0x00,
    0x0d,0x0a,0xc4,0x17,0x02,0x64,0x02,0x0e,0x34,0x00,0x0c,0x44,0x0e,0x2f,0xf5,0x9b,
    0x62,0x02,0x0b,0x0e,0x42,0x00,0x0f,0x02,0x00,0x51,0x0f,0x26,0x07,0x09,0x04,0x8e,
    0x09,0x0f,0x02,0x00,0x1b,0x0f,0x54,0x02,0x11,0x0f,0x2c,0x07,0x07,0x0f,0x2a,0x1a,
    0x05,0x0f,0x62,0x02,0x37,0x0f,0x2c,0x1a,0x21,0x0c,0x02,0x00,0x0f,0x62,0x02,0x11,
    0x0a,0x02,0x00,0x0c,0x62,0x02,0x0e,0xe0,0x0b,0x08,0xe2,0x0b,0x0c,0x62,0x02,0x0f,
    0x02,0x00,0x01,0x0f,0xe2,0x0b,0x00,0x0f,0x62,0x02,0x82,0x2f,0x00,0x00,0xc4,0x04,
    0x09,0x0f,0x64,0x02,0x11,0x0c,0xe0,0x0b,0x0f,0x06,0x13,0x0f,0x0f,0x02,0x00,0x09,
    0x0f,0x62,0x02,0x05,0x0f,0x02,0x00,0x07,0x0a,0xe6,0x0b,0x0c,0xf6,0x31,0x0f,0x02,
    0x00,0x2f,0x0f,0xe4,0x0b,0x11,0x0f,0x02,0x00,0x11,0x0f,0x48,0x21,0x0d,0x08,0x62,
    0x02,0x0f,0x02,0x00,0x11,0x0c,0x62,0x02,0x01,0xc2,0x04,0x0f,0x26,0x07,0x08,0x0f,
    0x54,0x00,0x11,0x0f,0x02,0x00,0x43,0x0f,0x62,0x02,0x0d,0x2a,0xb7,0x44,0xe0,0x0b,
    0x0c,0x6c,0x6d,0x0c,0x62,0x02,0x0f,0x02,0x00,0x01,0x0f,0x44,0x0e,0x21,0x0f,0xb2,
    0x10,0x05,0x0c,0xcc,0x17,0x0f,0x62,0x02,0x3b,0x0e,0xe4,0x0b,0x0f,0x4c,0x21,0x0d,
    0x08,0x22,0x9d,0x0f,0x02,0x00,0x4b,0x0f,0xe2,0x0b,0x01,0x04,0x02,0x00,0x2f,0x15,
    0x9c,0x62,0x02,0x0b,0x04,0x28,0x00,0x0f,0x02,0x00,0x63,0x0f,0x88,0x09,0x07,0x03,
    0x62,0x02,0x18,0x54,0xc4,0x17,0x0f,0x54,0x02,0x13,0x0a,0x02,0x00,0x0f,0x62,0x02,
    0x03,0x0f,0xc0,0x17,0x23,0x0c,0x62,0x02,0x0f,0x02,0x00,0x0b,0x0f,0x76,0x28,0x0d,
    0x0f,0xe6,0x0b,0x2f,0x0f,0x62,0x02,0x6d,0x6f,0xd6,0xac,0xd6,0xac,0x15,0x9c,0x62,
    0x02,0x0b,0x0f,0x24,0x01,0x0b,0x0f,0x02,0x00,0x51,0x03,0x64,0x02,0x07,0x72,0x15,
    0x06,0x02,0x00,0x3f,0xb7,0x44,0xb7,0xe4,0x17,0x20,0x0f,0x8e,0x09,0x11,0x0f,0x02,
    0x00,0x15,0x0f,0x84,0x09,0x37,0x0e,0x02,0x00,0x0f,0x62,0x02,0x2f,0x0c,0x02,0x00,
    0x0c,0x72,0x09,0x0f,0x02,0x00,0x27,0x0f,0x44,0x0e,0x11,0x6f,0x00,0x00,0xd6,0xac,
    0x75,0xa4,0x62,0x02,0x8f,0x03,0x64,0x02,0x0f,0x62,0x02,0x06,0x0a,0x30,0x51,0x0f,
    0x02,0x00,0x11,0x0f,0x62,0x02,0x03,0x0f,0xe2,0x0b,0x01,0x0f,0xcc,0x04,0x0f,0x0f,
    0xb6,0x04,0x1b,0x0f,0x02,0x00,0x09,0x0f,0xcc,0x17,0x1f,0x0a,0x02,0x00,0x0f,0xe2,
    0x0b,0x11,0x0c,0x62,0x02,0x0a,0x80,0x09,0x0f,0x02,0x00,0x0b,0x0a,0xe2,0x0b,0x0f,
    0x62,0x02,0x05,0x0a,0x82,0x09,0x22,0x15,0x9c,0x02,0x00,0x0f,0x26,0x07,0x07,0x0f,
    0x74,0x00,0x0b,0x0f,0x02,0x00,0x57,0x02,0x20,0x26,0x0a,0xae,0x10,0x02,0x26,0x07,
    0x2c,0xb7,0x44,0x1a,0x5d,0x0e,0x02,0x00,0x0f,0x52,0x02,0x03,0x0c,0x02,0x00,0x0f,
    0x2e,0x07,0x03,0x04,0x02,0x00,0x0f,0xe6,0x0b,0x1f,0x0f,0x86,0x09,0x1d,0x0f,0x62,
    0x02,0x1b,0x0e,0xe4,0x0b,0x0f,0x62,0x02,0x11,0x0a,0x02,0x00,0x0c,0x70,0x02,0x0f,
    0x44,0x0e,0x2f,0x0a,0x62,0x02,0x02,0x5e,0x02,0x0f,0xc4,0x04,0x09,0x0a,0x90,0x00,
    0x0f,0x02,0x00,0x69,0x2f,0x76,0x44,0xc4,0x04,0x09,0x0e,0x64,0x02,0x0c,0xe2,0x0b,
    0x0f,0x44,0x0e,0x2b,0x0a,0x02,0x00,0x0f,0x6c,0x02,0x07,0x0c,0xd0,0x04,0x0a,0xe8,
    0x0b,0x0c,0xce,0x17,0x0f,0x02,0x00,0x1b,0x0c,0xe6,0x0b,0x0e,0x62,0x02,0x0f,0x02,
    0x00,0x1f,0x0f,0x62,0x02,0x1b,0x0f,0x02,0x00,0x13,0x06,0xc4,0x04,0x02,0x5c,0x02,
    0x02,0x02,0x00,0x0f,0xc4,0x04,0x03,0x0f,0x52,0x00,0x13,0x0f,0x02,0x00,0x55,0x0f,
    0x62,0x02,0x0d,0x11,0xd7,0xae,0xd6,0x04,0x02,0x00,0x0c,0x62,0x02,0x0f,0x02,0x00,
    0x03,0x0f,0xb6,0x04,0x0b,0x0f,0x02,0x00,0x05,0x0f,0x62,0x02,0x17,0x0f,0x02,0x00,
    0x0b,0x0f,0xe8,0x0b,0x0b,0x0c,0x14,0x26,0x0c,0x62,0x02,0x0f,0x02,0x00,0x0d,0x0f,
    0xd2,0x04,0x1f,0x0f,0x02,0x00,0x23,0x0f,0x4e,0x34,0x05,0x02,0x5a,0x02,0x04,0x02,
    0x00,0x0f,0x62,0x02,0x01,0x0f,0x70,0x00,0x23,0x0f,0x02,0x00,0x49,0x15,0x77,0x5c,
    0x21,0x06,0x02,0x00,0x04,0x26,0x07,0x02,0x02,0x00,0x0f,0x7e,0x00,0x1d,0x0f,0x7a,
    0x09,0x03,0x0f,0xc2,0x17,0x0d,0x08,0x02,0x00,0x0f,0xe8,0x0b,0x47,0x0c,0x62,0x02,
    0x0f,0x02,0x00,0x1d,0x0f,0x62,0x02,0x6b,0x04,0x5a,0x02,0x04,0x02,0x00,0x0f,0x62,
    0x02,0x93,0x2f,0x00,0x00,0x88,0x09,0x07,0x02,0x02,0x00,0x0a,0xc8,0x04,0x0e,0x02,
    0x00,0x0f,0x90,0x09,0x13,0x06,0x02,0x00,0x0f,0x2c,0x1a,0x0b,0x0f,0x5c,0x34,0x3b,
    0x0f,0x86,0x09,0x1b,0x0c,0x02,0x00,0x0f,0x0c,0x26,0x0d,0x0c,0x10,0x07,0x0f,0x02,
    0x00,0x29,0x06,0xec,0x31,0x0f,0x02,0x00,0x05,0x04,0x58,0x02,0x06,0x02,0x00,0x0e,
    0x62,0x02,0x0f,0x3c,0x00,0x05,0x0f,0x02,0x00,0x6d,0x06,0xbe,0x04,0x02,0x02,0x00,
    0x0a,0xc4,0x04,0x1f,0xd7,0x64,0x02,0x10,0x0f,0xc2,0x00,0x01,0x0f,0x2e,0x07,0x05,
    0x04,0x62,0x02,0x0f,0x18,0x07,0x07,0x0f,0x02,0x00,0x09,0x0e,0xe4,0x3d,0x0f,0x2e,
    0x00,0x0a,0x0f,0xe6,0x50,0x28,0x0f,0xb0,0x04,0x0f,0x0c,0x62,0x02,0x0c,0x10,0x00,
    0x0f,0x02,0x00,0x09,0x0c,0xec,0x31,0x0f,0x62,0x02,0x05,0x04,0x82,0x09,0x13,0x35,
    0x40,0x0e,0x08,0x02,0x00,0x0c,0x62,0x02,0x0f,0x70,0x00,0x09,0x0f,0x02,0x00,0x6d,
    0x02,0x5a,0x02,0x04,0x02,0x00,0x0e,0x62,0x02,0x0a,0x64,0x02,0x0f,0xb6,0x04,0x13,
    0x0f,0x62,0x02,0x05,0x06,0x02,0x00,0x06,0xc4,0x17,0x06,0x0a,0x00,0x0e,0x02,0x00,
    0x0c,0x34,0x07,0x0c,0xea,0x0b,0x08,0x32,0x00,0x0f,0x86,0x09,0x0b,0x0c,0x02,0x00,
    0x0a,0x3a,0x40,0x0f,0xe6,0x0b,0x2f,0x0a,0x62,0x02,0x0a,0x44,0x0e,0x02,0xcc,0x2a,
    0x06,0x82,0x00,0x0c,0x62,0x02,0x0f,0x02,0x00,0x05,0x02,0x62,0x02,0x2f,0x35,0x9c,
    0x62,0x02,0x0f,0x0f,0x42,0x00,0x05,0x0f,0x02,0x00,0x75,0x04,0x5e,0x02,0x08,0xae,
    0x10,0x02,0x02,0x00,0x13,0xd7,0x02,0x00,0x06,0xaa,0x00,0x0f,0x62,0x02,0x13,0x0f,
    0x02,0x00,0x19,0x0f,0x62,0x02,0x09,0x0f,0x02,0x00,0x19,0x0f,0x62,0x02,0x0b,0x0a,
    0x86,0x09,0x0c,0xe6,0x0b,0x0f,0x62,0x02,0x0d,0x0f,0x34,0x07,0x0d,0x0f,0x62,0x02,
    0x01,0x08,0x9e,0x55,0x0f,0x88,0x1c,0x15,0x0e,0x2a,0x1a,0x2f,0x35,0x9c,0x62,0x02,
    0x0f,0x0f,0x26,0x01,0x19,0x0f,0x02,0x00,0x63,0x02,0x5c,0x02,0x02,0x02,0x00,0x0f,
    0xc4,0x04,0x01,0x02,0x02,0x00,0x0f,0x9c,0x00,0x0b,0x0f,0xb6,0x04,0x05,0x0f,0x2c,
    0x1a,0x1b,0x0c,0x9e,0x10,0x0f,0x02,0x00,0x37,0x0a,0x62,0x02,0x0f,0x02,0x00,0x1b,
    0x0f,0x34,0x07,0x0f,0x0f,0x02,0x00,0x35,0x0c,0x62,0x02,0x02,0x60,0x02,0x0f,0xc4,
    0x04,0x0b,0x0f,0x7c,0x00,0x35,0x0f,0x02,0x00,0x4b,0x02,0x5e,0x02,0x0f,0xc4,0x04,
    0x07,0x02,0x02,0x00,0x0f,0x84,0x00,0x23,0x04,0x7c,0x09,0x08,0x0a,0x00,0x0f,0x02,
    0x00,0x07,0x0c,0x18,0x07,0x0f,0x02,0x00,0x27,0x0f,0xb8,0x23,0x31,0x02,0x02,0x00,
    0x0f,0x62,0x02,0x47,0x0c,0x82,0x09,0x0a,0x62,0x02,0x04,0x60,0x02,0x0f,0x62,0x02,
    0x09,0x02,0xa2,0x00,0x0f,0x02,0x00,0x91,0x02,0x60,0x02,0x0f,0xc4,0x04,0x09,0x39,
    0xd7,0x4c,0xf7,0x22,0x13,0x0f,0x30,0x07,0x1d,0x06,0xce,0x04,0x0f,0xe8,0x0b,0x23,
    0x0f,0xea,0x0b,0x1d,0x0f,0x02,0x00,0x25,0x0f,0x50,0x02,0x0d,0x0f,0x14,0x7e,0x55,
    0x06,0x60,0x02,0x0f,0x62,0x02,0x07,0x0f,0xe4,0x00,0x25,0x0f,0x02,0x00,0x63,0x02,
    0x64,0x02,0x0f,0x26,0x07,0x07,0x51,0xd7,0x4c,0xf7,0x4c,0xf7,0xbe,0xf5,0x02,0x02,
    0x00,0x0f,0x46,0x0e,0x03,0x0f,0x30,0x07,0x07,0x08,0x02,0x00,0x06,0x7c,0x09,0x0f,
    0x6e,0x02,0x0b,0x0f,0xd2,0x04,0x19,0x0f,0x88,0x09,0x0b,0x0a,0x02,0x00,0x08,0xe8,
    0x0b,0x0c,0x84,0x09,0x0f,0x62,0x02,0x0d,0x02,0x64,0x02,0x06,0x50,0x00,0x0a,0xe4,
    0x0b,0x0e,0x02,0x00,0x08,0xe4,0x0b,0x02,0xe6,0x0b,0x08,0x24,0x00,0x0f,0xce,0x2a,
    0x01,0x51,0x00,0x00,0x35,0x9c,0x55,0x80,0x09,0x04,0x02,0x00,0x08,0x46,0x0e,0x02,
    0x02,0x00,0x0f,0x60,0x02,0x9f,0x01,0x8a,0x31,0x01,0xbe,0x23,0x02,0x98,0x1c,0x02,
    0x02,0x00,0x02,0x1e,0x07,0x04,0x02,0x00,0x2c,0xf7,0x4c,0x8e,0x34,0x0f,0x02,0x00,
    0x95,0x0a,0x86,0x09,0x0a,0xe8,0x0b,0x0c,0x62,0x02,0x0f,0x02,0x00,0x1d,0x0c,0x62,
    0x02,0x0f,0xe4,0x0b,0x0b,0x0a,0xee,0x1e,0x0f,0x02,0x00,0x03,0x04,0x58,0x02,0x06,
    0x02,0x00,0x02,0x56,0x02,0x08,0x02,0x00,0x0f,0x60,0x02,0xa1,0x01,0xf0,0x14,0x0f,
    0x62,0x02,0x10,0x0e,0x66,0x02,0x0f,0xe6,0x0b,0x05,0x0f,0x7a,0x09,0x13,0x08,0x02,
    0x00,0x0f,0xea,0x0b,0x37,0x0a,0x70,0x15,0x0a,0x62,0x02,0x0f,0x02,0x00,0x19,0x0f,
    0xd2,0x04,0x0f,0x0c,0x02,0x00,0x0f,0x62,0x02,0x0b,0x0f,0x02,0x00,0x05,0x06,0x2c,
    0x1a,0x0a,0xbe,0x04,0x02,0x02,0x00,0x08,0x5c,0x02,0x02,0x02,0x00,0x0f,0x48,0x00,
    0x05,0x0f,0x02,0x00,0x8f,0x0f,0x62,0x02,0x13,0x08,0x2e,0x07,0x0f,0x62,0x02,0x15,
    0x06,0xf2,0x0b,0x0f,0x02,0x00,0x25,0x0e,0x72,0x15,0x0a,0x12,0x13,0x08,0x02,0x00,
    0x0a,0x62,0x02,0x0f,0x02,0x00,0x27,0x0f,0x62,0x02,0x1f,0x0f,0x02,0x00,0x23,0x04,
    0x62,0x02,0x1b,0x55,0x20,0x07,0x02,0x02,0x00,0x02,0x56,0x02,0x06,0x02,0x00,0x0f,
    0x64,0x00,0x23,0x0f,0x02,0x00,0x75,0x0f,0x26,0x07,0x0d,0x04,0x02,0x00,0x0f,0xb0,
    0x00,0x1b,0x06,0xe8,0x0b,0x08,0x86,0x09,0x0f,0x02,0x00,0x0d,0x0f,0x88,0x09,0x45,
    0x0f,0x02,0x00,0x07,0x0f,0x52,0x02,0x0b,0x0c,0x12,0x07,0x0f,0x02,0x00,0x29,0x0c,
    0x48,0x0e,0x02,0x5e,0x02,0x0f,0x62,0x02,0x11,0x0f,0x76,0x00,0x29,0x0f,0x02,0x00,
    0x75,0x02,0x86,0x09,0x0f,0x88,0x09,0x03,0x04,0x02,0x00,0x2f,0x17,0x55,0xae,0x00,
    0x01,0x0f,0xfc,0x1e,0x05,0x0f,0x02,0x00,0x05,0x0f,0xea,0x0b,0x0b,0x0f,0x02,0x00,
    0x19,0x0f,0xea,0x0b,0x17,0x0f,0xe8,0x0b,0x27,0x0f,0x62,0x02,0x2b,0x0a,0x84,0x09,
    0x0c,0x62,0x02,0x02,0x5e,0x02,0x0f,0x62,0x02,0x0f,0x0f,0x14,0x01,0x19,0x0f,0x02,
    0x00,0x89,0x02,0x64,0x02,0x04,0xe4,0x0b,0x02,0x02,0x00,0x02,0xea,0x0b,0x04,0x02,
    0x00,0x4e,0x17,0x55,0x17,0x55,0x66,0x02,0x0f,0x62,0x02,0x1d,0x0c,0x02,0x00,0x0f,
    0xb6,0x04,0x19,0x0f,0x02,0x00,0x17,0x0a,0x88,0x09,0x08,0xea,0x0b,0x0f,0xe8,0x0b,
    0x2b,0x0a,0x72,0x02,0x0f,0x18,0x4c,0x0b,0x0f,0x2c,0x1a,0x0b,0x42,0x55,0x94,0x55,
    0x94,0x60,0x02,0x0f,0x88,0x09,0x0b,0x0f,0xf4,0x00,0x17,0x0f,0x02,0x00,0x8f,0x0f,
    0xc4,0x04,0x0f,0x02,0x02,0x00,0x0f,0x54,0x02,0x07,0x0f,0x7a,0x09,0x2f,0x0c,0x02,
    0x00,0x0a,0x98,0x1c,0x0f,0xcc,0x36,0x0b,0x0f,0x72,0x15,0x31,0x0f,0x34,0x07,0x0b,
    0x0f,0x62,0x02,0x1b,0x0f,0x02,0x00,0x07,0x01,0x5e,0x02,0x0f,0x62,0x02,0x12,0x0f,
    0x44,0x00,0x07,0x0f,0x02,0x00,0xa3,0x0f,0xc4,0x04,0x11,0x4e,0x17,0x55,0x17,0x5d,
    0xca,0x04,0x02,0x02,0x00,0x08,0x62,0x02,0x08,0x0c,0x00,0x06,0x0e,0x13,0x0f,0x02,
    0x00,0x0d,0x0f,0x5c,0x0e,0x0d,0x0a,0xea,0x0b,0x0f,0x28,0x07,0x17,0x0f,0x02,0x00,
    0x13,0x0f,0x58,0x34,0x53,0x05,0x60,0x02,0x0f,0xc4,0x04,0x0e,0x0f,0xb6,0x00,0x13,
    0x0f,0x02,0x00,0x9b,0x02,0x1e,0x07,0x04,0x02,0x00,0x0f,0x26,0x07,0x01,0x04,0x02,
    0x00,0x0f,0xd8,0x00,0x0d,0x0f,0x62,0x02,0x07,0x0f,0x70,0x02,0x17,0x0f,0x02,0x00,
    0x0d,0x0f,0x62,0x02,0x2f,0x0f,0xb4,0x04,0x0b,0x0a,0x14,0x07,0x0f,0x02,0x00,0x29,
    0x06,0xf6,0x31,0x12,0x75,0xbe,0x04,0x02,0x02,0x00,0x12,0x9c,0x28,0x07,0x02,0x40,
    0x0e,0x08,0x02,0x00,0x0f,0x5e,0x02,0xc3,0x02,0x02,0x00,0x04,0x5e,0x02,0x04,0xd4,
    0x17,0x06,0x02,0x00,0x04,0x5c,0x02,0x02,0x02,0x00,0x4f,0x37,0x55,0x37,0x5d,0x86,
    0x09,0x2f,0x0f,0xb6,0x04,0x0f,0x0f,0x02,0x00,0x23,0x0c,0x88,0x09,0x06,0x46,0x00,
    0x0a,0x88,0x09,0x0f,0x62,0x02,0x47,0x0e,0xe6,0x0b,0x6f,0x16,0x9d,0x75,0x94,0x75,
    0x94,0x62,0x02,0x13,0x06,0xb0,0x00,0x0f,0x02,0x00,0xc3,0x02,0x60,0x02,0x0f,0xc4,
    0x04,0x0b,0x02,0xa0,0xd1,0x0f,0x94,0x09,0x07,0x0f,0x02,0x00,0x35,0x0a,0x8a,0x09,
    0x0f,0x12,0x13,0x17,0x0f,0x2a,0x39,0x05,0x0f,0xe4,0x3d,0x0d,0x08,0x02,0x00,0x0a,
    0xc4,0x04,0x0a,0x0e,0x00,0x02,0xe8,0x0b,0x06,0x2e,0x00,0x0f,0xde,0x50,0x0d,0x31,
    0x76,0x94,0x76,0x60,0x02,0x0f,0x62,0x02,0x11,0x06,0x56,0x00,0x0f,0x02,0x00,0xc7,
    0x02,0x64,0x02,0x0f,0x26,0x07,0x09,0x02,0x62,0x02,0x08,0x0e,0x1f,0x08,0x02,0x13,
    0x0f,0x02,0x00,0x27,0x0f,0x8a,0x09,0x0d,0x0a,0x02,0x00,0x0f,0x28,0x07,0x2f,0x08,
    0x02,0x00,0x0f,0x16,0x26,0x0b,0x0f,0x62,0x02,0x29,0x2f,0x76,0x94,0x62,0x02,0x17,
    0x08,0x92,0x00,0x0f,0x02,0x00,0xc9,0x0f,0xc4,0x04,0x13,0x02,0x02,0x00,0x02,0x08,
    0x01,0x0a,0x62,0x02,0x0f,0x88,0x09,0x09,0x0f,0x8a,0x09,0x39,0x02,0x7c,0x00,0x0f,
    0x02,0x00,0x31,0x0f,0xe8,0x0b,0x1d,0x0a,0x2e,0x1a,0x0f,0x02,0x00,0x07,0x02,0x5e,
    0x02,0x0f,0x62,0x02,0x15,0x0f,0x48,0x00,0x07,0x0f,0x02,0x00,0xbf,0x0f,0xc4,0x04,
    0x15,0x02,0x02,0x00,0x0f,0x00,0x01,0x27,0x0f,0x12,0x13,0x0d,0x0a,0x28,0x07,0x0c,
    0x50,0x0e,0x08,0x02,0x00,0x08,0x3a,0x1a,0x08,0x8a,0x09,0x0a,0x10,0x13,0x06,0x32,
    0x00,0x0f,0x86,0x09,0x0d,0x06,0x2a,0x00,0x0f,0x02,0x00,0x25,0x11,0x96,0xbc,0x04,
    0x04,0x02,0x00,0x0f,0x88,0x09,0x0d,0x0f,0x66,0x00,0x25,0x0f,0x02,0x00,0xa9,0x06,
    0xe8,0x0b,0x0d,0xea,0x0b,0x03,0x5a,0x02,0x02,0x02,0x00,0x6f,0x57,0x5d,0x57,0x5d,
    0x57,0x5d,0xea,0x00,0x33,0x0c,0x28,0x07,0x0f,0x62,0x02,0x25,0x06,0x8e,0x00,0x06,
    0xea,0x0b,0x0f,0xe8,0x0b,0x5b,0x2f,0x96,0x94,0x62,0x02,0x19,0x06,0xb0,0x00,0x0f,
    0x02,0x00,0xdb,0x06,0x64,0x02,0x02,0x44,0x0e,0x04,0x02,0x00,0x02,0x5a,0x02,0x04,
    0x02,0x00,0x02,0x62,0x02,0x0f,0x66,0x02,0x33,0x0c,0x62,0x02,0x0f,0x02,0x00,0x0b,
    0x0f,0x8a,0x09,0x3b,0x08,0x02,0x00,0x0a,0x78,0x09,0x0a,0x0e,0x00,0x0c,0x24,0x07,
    0x0c,0x98,0x2f,0x51,0x36,0x9d,0xf6,0x94,0x96,0x02,0x00,0x04,0xc0,0x04,0x0f,0x26,
    0x07,0x0d,0x08,0x7a,0x00,0x0f,0x02,0x00,0xdd,0x04,0x64,0x02,0x04,0x5c,0x02,0x02,
    0x02,0x00,0x04,0x5c,0x02,0x02,0x02,0x00,0x02,0x5e,0x02,0x04,0x02,0x00,0x01,0xfe,
    0x16,0x18,0x65,0x28,0x01,0x0a,0x7a,0x09,0x0a,0x0e,0x00,0x0f,0x54,0x02,0x1d,0x0f,
    0x02,0x00,0x45,0x0f,0x34,0x07,0x0d,0x0a,0x36,0x07,0x0a,0x86,0x09,0x0a,0x4a,0x0e,
    0x02,0x5c,0x02,0x02,0x02,0x00,0x02,0x5c,0x02,0x02,0x02,0x00,0x0f,0x26,0x07,0x05,
    0x0f,0xd2,0x00,0x45,0x0f,0x02,0x00,0x99,0x0f,0x26,0x07,0x13,0x05,0x02,0x00,0x1a,
    0x65,0xea,0x0b,0x0f,0x02,0x00,0x0d,0x0f,0xb6,0x04,0x0d,0x0e,0xc6,0x23,0x0f,0x52,
    0x00,0x05,0x0f,0x8a,0x09,0x03,0x08,0x88,0x09,0x08,0x02,0x00,0x0a,0x54,0x02,0x0a,
    0x0e,0x00,0x0f,0x02,0x00,0x0d,0x0a,0x62,0x02,0x06,0x02,0x00,0x02,0x58,0x02,0x06,
    0x02,0x00,0x02,0x5c,0x02,0x02,0x02,0x00,0x0f,0x62,0x02,0x03,0x06,0x3c,0x00,0x0f,
    0x02,0x00,0xeb,0x0f,0xc4,0x04,0x19,0x22,0x77,0x65,0x02,0x00,0x0f,0x32,0x01,0x27,
    0x0f,0xfe,0x0b,0x0d,0x08,0x02,0x00,0x08,0x28,0x07,0x08,0x62,0x02,0x06,0x02,0x00,
    0x08,0x62,0x02,0x08,0x8a,0x09,0x0f,0x54,0x02,0x09,0x0c,0xb4,0x04,0x0f,0x02,0x00,
    0x11,0x11,0xb6,0x18,0x07,0x0a,0x02,0x00,0x02,0x5c,0x02,0x02,0x02,0x00,0x0e,0x62,
    0x02,0x0f,0x56,0x00,0x11,0x0f,0x02,0x00,0xd9,0x02,0x20,0x07,0x02,0x02,0x00,0x02,
    0x1e,0x07,0x04,0x02,0x00,0x05,0xbe,0x04,0x01,0x02,0x00,0x02,0x60,0x02,0x02,0x02,
    0x00,0x04,0x20,0x01,0x0a,0x1a,0x07,0x0f,0xb2,0x10,0x39,0x0f,0x02,0x00,0x43,0x0f,
    0x62,0x02,0x1d,0x4f,0xb6,0x94,0xb6,0x94,0x62,0x02,0x1d,0x0f,0xba,0x00,0x43,0x0f,
    0x02,0x00,0xab,0x02,0x5e,0x02,0x0f,0x62,0x02,0x19,0x02,0x26,0x13,0x0c,0x52,0x02,
    0x0c,0x10,0x00,0x0f,0x28,0x07,0x0d,0x0c,0x52,0x0e,0x0f,0xdc,0x17,0x0b,0x04,0x64,
    0x01,0x08,0xb2,0x10,0x0f,0x02,0x00,0x0f,0x0f,0x70,0x15,0x19,0x0a,0x24,0x07,0x4f,
    0xb6,0x8c,0xb6,0x8c,0x62,0x02,0x1d,0x0f,0x90,0x00,0x0f,0x0f,0x02,0x00,0xe7,0x0f,
    0x62,0x02,0x1f,0x39,0x97,0x65,0x97,0xf8,0x0b,0x0f,0x02,0x00,0x11,0x0f,0x74,0x02,
    0x0f,0x08,0x02,0x00,0x08,0x7a,0x15,0x0f,0x62,0x02,0x01,0x08,0x28,0x07,0x0f,0x02,
    0x00,0x05,0x0f,0x34,0x07,0x09,0x0c,0xd4,0x04,0x04,0x62,0x02,0x01,0x5c,0x02,0x02,
    0x02,0x00,0x0f,0xc4,0x04,0x1a,0x0f,0x84,0x00,0x05,0x0f,0x02,0x00,0xf5,0x0f,0xc4,
    0x04,0x1d,0x15,0x97,0x02,0x00,0x0f,0x42,0x01,0x29,0x0f,0xf0,0x0b,0x09,0x08,0x62,
    0x02,0x0f,0x02,0x00,0x03,0x04,0x14,0x13,0x0f,0x88,0x09,0x07,0x0f,0x62,0x02,0x0b,
    0x0e,0x02,0x00,0x12,0xd6,0x5a,0x02,0x04,0x02,0x00,0x0f,0x62,0x02,0x16,0x0e,0x4a,
    0x00,0x0f,0x02,0x00,0xff,0x04,0x04,0x82,0x09,0x02,0x02,0x00,0x0f,0x88,0x09,0x07,
    0x0a,0x62,0x02,0x06,0x1e,0x07,0x06,0x0a,0x00,0x04,0x02,0x00,0x0e,0xde,0x0b,0x0a,
    0x12,0x00,0x0f,0x62,0x02,0x09,0x0a,0x02,0x00,0x0f,0xf0,0x0b,0x03,0x04,0x02,0x00,
    0x06,0xd6,0x17,0x0f,0x54,0x02,0x09,0x0f,0x88,0x09,0x09,0x22,0xd6,0x8c,0x02,0x00,
    0x07,0xc2,0x04,0x0f,0x62,0x02,0x14,0x04,0x84,0x00,0x0f,0x02,0x00,0xff,0x16,0x02,
    0x5e,0x02,0x0f,0x62,0x02,0x1d,0x2f,0xb7,0x6d,0x02,0x07,0x15,0x0a,0x62,0x02,0x0f,
    0x02,0x00,0x0b,0x0f,0x52,0x0e,0x03,0x08,0x8a,0x09,0x04,0xc6,0x04,0x0f,0x02,0x00,
    0x13,0x0a,0x62,0x02,0x04,0xb2,0xad,0x02,0x5a,0x02,0x04,0x02,0x00,0x0f,0x62,0x02,
    0x1d,0x0f,0x7a,0x00,0x13,0x0f,0x02,0x00,0xfd,0x0f,0x62,0x02,0x25,0x02,0x02,0x00,
    0x0c,0x4e,0x01,0x0e,0x12,0x00,0x0a,0x02,0x00,0x0f,0xc8,0x04,0x17,0x0c,0x02,0x00,
    0x06,0x8a,0x09,0x08,0x28,0x07,0x08,0x02,0x00,0x0f,0xd2,0x04,0x0d,0x13,0xf6,0xba,
    0x04,0x06,0x02,0x00,0x0f,0x62,0x02,0x19,0x08,0x6a,0x00,0x0f,0x02,0x00,0xff,0x1e,
    0x0f,0xc4,0x04,0x23,0x04,0x02,0x00,0x0a,0x34,0x02,0x0c,0x62,0x02,0x0f,0xee,0x04,
    0x0d,0x0a,0x7c,0x15,0x0a,0xc8,0x04,0x0f,0xc8,0x01,0x05,0x08,0x62,0x02,0x08,0x56,
    0x02,0x08,0x0c,0x00,0x08,0x02,0x00,0x22,0xf6,0x8c,0x02,0x00,0x06,0x5a,0x02,0x04,
    0x02,0x00,0x0f,0x62,0x02,0x15,0x08,0x4e,0x00,0x0f,0x02,0x00,0xff,0x26,0x0f,0x88,
    0x09,0x19,0x04,0x5c,0x02,0x02,0x02,0x00,0x14,0xd7,0x02,0x00,0x1a,0x75,0x2e,0x02,
    0x0f,0x02,0x00,0x07,0x0a,0x0a,0x1f,0x08,0xb8,0x10,0x0f,0x62,0x02,0x03,0x08,0x2a,
    0x07,0x0c,0x02,0x00,0x0f,0x56,0x02,0x05,0x02,0x18,0x07,0x02,0x5a,0x02,0x04,0x02,
    0x00,0x04,0x58,0x02,0x06,0x02,0x00,0x0f,0x62,0x02,0x11,0x0c,0x72,0x00,0x0f,0x02,
    0x00,0xff,0x2a,0x06,0x66,0x02,0x02,0xe0,0x0b,0x06,0x02,0x00,0x04,0x4a,0x0e,0x02,
    0xea,0x0b,0x02,0x5a,0x02,0x04,0x02,0x00,0x03,0x60,0x02,0x01,0x62,0x02,0x48,0xd8,
    0x75,0xf8,0x75,0x32,0x02,0x02,0x02,0x00,0x0c,0xc8,0x04,0x0f,0x62,0x02,0x07,0x0f,
    0x02,0x00,0x0d,0x0f,0x8a,0x09,0x15,0x64,0x16,0x85,0x16,0x8d,0x16,0x8d,0x5a,0x02,
    0x04,0x02,0x00,0x06,0x5a,0x02,0x04,0x02,0x00,0x0f,0x62,0x02,0x0d,0x0f,0x90,0x00,
    0x0d,0x0f,0x02,0x00,0xff,0x22,0x02,0x66,0x02,0x06,0x5c,0x02,0x02,0x02,0x00,0x01,
    0x5c,0x02,0x02,0x02,0x00,0x0f,0x62,0x02,0x0e,0x06,0x02,0x00,0x04,0xe8,0x06,0x0c,
    0x62,0x02,0x0f,0x8e,0x09,0x0b,0x06,0xb8,0x10,0x08,0x52,0x0e,0x08,0xcc,0x23,0x0c,
    0x28,0x07,0x04,0xe8,0x01,0x54,0x16,0x85,0x57,0x85,0x16,0x02,0x00,0x0d,0x60,0x02,
    0x0f,0x62,0x02,0x1d,0x04,0x56,0x00,0x0f,0x02,0x00,0xff,0x42,0x13,0x57,0x96,0x1c,
    0x06,0x02,0x00,0x0f,0x62,0x02,0x25,0x08,0x02,0x00,0x08,0xaa,0x01,0x0a,0xbc,0x09,
    0x0c,0x8e,0x09,0x0e,0x02,0x00,0x0c,0x28,0x07,0x08,0x8a,0x09,0x54,0x77,0x85,0x37,
    0x85,0x36,0x58,0x02,0x06,0x02,0x00,0x0f,0x62,0x02,0x2a,0x0e,0x82,0x00,0x0f,0x02,
    0x00,0xff,0x42,0x06,0x60,0x02,0x0f,0x62,0x02,0x33,0xa2,0xd7,0x75,0xd7,0x75,0xb7,
    0x75,0xb7,0x75,0xb7,0x7d,0x16,0x0e,0x0f,0x2c,0x07,0x07,0x0a,0x8e,0x09,0x0a,0x9c,
    0x02,0x7b,0xb7,0x7d,0x97,0x7d,0x57,0x85,0x37,0x02,0x00,0x0f,0x62,0x02,0x39,0x0f,
    0x4c,0x02,0xff,0x42,0x0f,0x02,0x00,0x07,0x04,0x66,0x02,0x0f,0xc4,0x04,0x31,0x0a,
    0x62,0x02,0x04,0x02,0x00,0x1d,0x97,0x02,0x00,0x1d,0x77,0x02,0x00,0x2c,0x57,0x85,
    0x02,0x00,0x0f,0x62,0x02,0x45,0x0f,0x0a,0x01,0x07,0x0f,0x02,0x00,0xff,0x4a,0x0f,
    0xc4,0x04,0x43,0x04,0x02,0x00,0x0c,0x60,0x02,0x0f,0x62,0x02,0x65,0x0f,0x42,0x02,
    0xff,0x4a,0x0f,0x02,0x00,0x13,0x05,0xc6,0x04,0x0f,0xea,0x0b,0x1a,0x0c,0x02,0x00,
    0x06,0x26,0x07,0x04,0x02,0x00,0x0f,0x62,0x02,0x71,0x0f,0x02,0x01,0x13,0x0f,0x02,
    0x00,0xff,0x54,0x0f,0xae,0x10,0x11,0x06,0x02,0x00,0x0c,0x60,0x02,0x0f,0x62,0x02,
    0x7f,0x0f,0x36,0x02,0xff,0x54,0x0f,0x02,0x00,0x1d,0x0f,0xae,0x10,0x19,0x0c,0x02,
    0x00,0x0f,0xc4,0x04,0x77,0x0f,0xf6,0x00,0x1d,0x0f,0x02,0x00,0xff,0x62,0x0f,0x72,
    0x15,0x05,0x06,0x02,0x00,0x0c,0x60,0x02,0x0f,0x62,0x02,0x73,0x0f,0x2c,0x02,0xff,
    0x62,0x0f,0x02,0x00,0x29,0x0e,0xd4,0x17,0x06,0x02,0x00,0x0f,0x62,0x02,0x7d,0x0f,
    0xe8,0x00,0x29,0x0f,0x02,0x00,0xff,0x6e,0x01,0x3a,0x1a,0x01,0x30,0x1a,0x06,0x60,
    0x02,0x0f,0x62,0x02,0x77,0x0f,0x1e,0x02,0xff,0x6e,0x0f,0x02,0x00,0x39,0x0f,0x62,
    0x02,0x7b,0x0f,0xda,0x00,0x39,0x0f,0x02,0x00,0xff,0x80,0x0f,0xc4,0x04,0x69,0x0f,
    0x0e,0x02,0xff,0x80,0x0f,0x02,0x00,0x4b,0x08,0x8e,0x09,0x0f,0x4c,0x0e,0x47,0x0f,
    0xc4,0x00,0x4b,0x0f,0x02,0x00,0xff,0x9c,0x04,0x6c,0x15,0x02,0x02,0x00,0x0f,0x72,
    0x15,0x27,0x0f,0xf6,0x01,0xff,0x9c,0x0f,0x02,0x00,0x77,0x08,0x36,0x1a,0x0f,0x96,
    0x00,0x77,0x0f,0x02,0x00,0xff,0x19,0xb3,0x20,0x40,0x40,0x40,0x80,0x80,0x80,0x80,
    0x80,0x9f,0xbf,0x01,0x00,0x9f,0x8f,0x80,0x80,0x80,0x80,0x70,0x40,0x40,0x40,0x46,
    0x01,0xfa,0x8f,0x10,0x40,0x50,0x80,0x8f,0xbf,0xbf,0xff,0x01,0x00,0x0b,0x7f,0xef,
    0xbf,0xbf,0x80,0x80,0x40,0x30,0x3a,0x01,0xeb,0x6f,0x10,0x40,0x70,0x9f,0xbf,0xef,
    0x29,0x01,0x0b,0x0c,0x02,0x00,0x4f,0xdf,0xbf,0x80,0x60,0x37,0x01,0xe1,0x5c,0x10,
    0x40,0x80,0xaf,0xdf,0x0d,0x01,0x0f,0x02,0x00,0x17,0x2f,0xbf,0x8f,0x36,0x01,0xd9,
    0x4f,0x20,0x60,0x8f,0xcf,0x1c,0x01,0x17,0x0f,0x02,0x00,0x06,0x3f,0xef,0xbf,0x80,
    0xdc,0x04,0xd0,0x3f,0x10,0x50,0x8f,0x59,0x02,0x28,0x0e,0x02,0x00,0x2f,0xbf,0x70,
    0xa0,0x03,0xc9,0x2f,0x20,0x70,0xdb,0x05,0x0d,0x0f,0x02,0x00,0x21,0x4f,0xef,0x9f,
    0x50,0x10,0x0c,0x06,0xc1,0x1f,0x30,0x5b,0x02,0x3b,0x0a,0x02,0x00,0x2f,0xaf,0x60,
    0x34,0x01,0xbc,0x0f,0x2e,0x01,0x4a,0x02,0x02,0x00,0x0f,0x34,0x01,0xb8,0x2f,0x20,
    0x70,0xb7,0x04,0x3a,0x0f,0x02,0x00,0x07,0x2f,0xaf,0x50,0x9b,0x03,0xb1,0x1f,0x60,
    0xb8,0x04,0x41,0x0f,0x02,0x00,0x05,0x2f,0xef,0x8f,0x04,0x06,0xac,0x2f,0x20,0x8f,
    0x98,0x0a,0x1c,0x01,0x02,0x00,0x13,0xef,0x1a,0x0d,0x0f,0x7d,0x08,0x22,0x2f,0xcf,
    0x60,0x67,0x02,0xa7,0x1f,0x50,0x5d,0x02,0x17,0x9e,0xdf,0xbf,0xaf,0x80,0x80,0x50,
    0x40,0x40,0x20,0xee,0x00,0x4f,0x40,0x40,0x40,0x70,0x3c,0x0d,0x10,0x06,0x02,0x00,
    0x2f,0xef,0x80,0x46,0x00,0x00,0x0f,0x02,0x00,0x8f,0x2f,0x10,0x60,0xba,0x04,0x12,
    0x31,0xef,0xbf,0x8f,0x23,0x0e,0x1c,0x08,0xe5,0x00,0x13,0x28,0xe3,0x00,0x13,0x18,
    0x08,0x00,0x7f,0x00,0x00,0x00,0x40,0x50,0x88,0xaf,0x76,0x02,0x13,0x1f,0x9f,0xd3,
    0x0a,0x9e,0x2f,0x10,0x80,0x8c,0x03,0x0f,0x3f,0xdf,0xaf,0x80,0x52,0x02,0x00,0x13,
    0x08,0x21,0x08,0x03,0x07,0x00,0x05,0x39,0x01,0xcf,0x00,0x00,0x00,0x00,0x08,0x48,
    0x00,0x00,0x00,0x40,0x88,0x8f,0xba,0x02,0x10,0x1f,0xbf,0x33,0x01,0x9a,0x0f,0x2f,
    0x01,0x0f,0x3c,0xcf,0x8f,0x50,0x53,0x02,0x03,0x02,0x00,0x04,0x31,0x01,0x0b,0x02,
    0x00,0x17,0x30,0x6a,0x02,0x6f,0x00,0x00,0x08,0x80,0x70,0xaf,0x92,0x01,0x0d,0x0f,
    0xcd,0x04,0x97,0x0f,0x2f,0x01,0x0d,0x46,0xdf,0x8f,0x50,0x10,0x42,0x02,0x14,0x08,
    0x43,0x02,0x2b,0x10,0x08,0x24,0x01,0x0f,0x02,0x00,0x0c,0x2f,0x18,0x58,0x35,0x01,
    0x0d,0x1f,0xdf,0x00,0x06,0x92,0x0f,0x2f,0x01,0x0c,0x23,0xaf,0x70,0x5a,0x02,0x03,
    0x07,0x00,0x06,0x02,0x00,0x0c,0x31,0x01,0x13,0x10,0x22,0x08,0x18,0x38,0x49,0x01,
    0xff,0x01,0x28,0x28,0x00,0x00,0x00,0x18,0x38,0x00,0x00,0x00,0x00,0x28,0x40,0x00,
    0x00,0x08,0x9b,0x0e,0x0c,0x1f,0xdf,0x99,0x03,0x8e,0x0f,0x2f,0x01,0x0a,0x53,0xef,
    0x9f,0x50,0x10,0x08,0x07,0x01,0x0f,0x02,0x00,0x08,0x0f,0x22,0x00,0x03,0x02,0x8a,
    0x02,0x11,0x08,0x3e,0x01,0xf6,0x01,0x08,0x00,0x00,0x00,0x68,0x08,0x00,0x00,0x00,
    0x40,0x58,0x00,0x00,0x28,0xb0,0xd7,0x22,0x07,0x0d,0x02,0x00,0x0f,0xcc,0x04,0x8c,
    0x0f,0x1a,0x07,0x09,0x1f,0x9f,0x88,0x0b,0x05,0x0c,0x5b,0x02,0x0f,0x02,0x00,0x04,
    0x04,0x06,0x06,0x06,0x02,0x00,0x11,0x08,0x6a,0x02,0x5f,0x08,0x50,0x08,0x20,0x70,
    0x3d,0x07,0x08,0x1d,0xaf,0xcc,0x02,0x0f,0x02,0x00,0x76,0x1f,0x40,0xbe,0x06,0x07,
    0x1f,0xbf,0x1e,0x0f,0x00,0x01,0xef,0x00,0x08,0x31,0x01,0x04,0xce,0x04,0x04,0x02,
    0x00,0x03,0x23,0x01,0x01,0x55,0x02,0x05,0x02,0x00,0x01,0x15,0x00,0x11,0x18,0x14,
    0x00,0x26,0x10,0x58,0x90,0x02,0x0f,0x23,0x0b,0x09,0x11,0x80,0x34,0x00,0x0f,0x02,
    0x00,0x7e,0x2d,0x10,0x9f,0x10,0x03,0x03,0x02,0x00,0x11,0xdf,0x4a,0x0a,0x05,0xb6,
    0x00,0x04,0x29,0x01,0x0f,0x02,0x00,0x06,0x03,0x2a,0x00,0x04,0x9b,0x09,0x13,0x28,
    0x10,0x00,0x02,0x02,0x00,0x01,0xa8,0x02,0x24,0x20,0x18,0x0a,0x00,0xd3,0x10,0x60,
    0x08,0x00,0x00,0x58,0x48,0x00,0x00,0x00,0x78,0x78,0xaf,0x70,0x00,0x0d,0x02,0x00,
    0x1f,0xef,0xfe,0x05,0x81,0x1f,0x70,0xe7,0x07,0x05,0x11,0xbf,0xe3,0x00,0x31,0x00,
    0x00,0x28,0x16,0x02,0x0f,0x02,0x00,0x11,0x0c,0x6a,0x02,0x03,0x02,0x00,0x13,0x48,
    0x08,0x00,0x04,0x02,0x00,0x13,0x20,0x04,0x00,0x33,0x00,0x00,0x10,0x53,0x01,0x2f,
    0x20,0x80,0x2d,0x0b,0x05,0x1f,0xbf,0x19,0x05,0x03,0x0f,0x02,0x00,0x67,0x1f,0x30,
    0x45,0x04,0x04,0x2f,0xef,0x9f,0x42,0x04,0x09,0x04,0x1c,0x00,0x04,0x08,0x00,0x0f,
    0x02,0x00,0x1f,0x63,0x60,0x10,0x00,0x00,0x28,0x18,0x11,0x0c,0x2f,0x28,0x58,0xec,
    0x0f,0x08,0x0f,0x98,0x03,0x7a,0x2d,0x10,0x8f,0x06,0x03,0x01,0x02,0x00,0x11,0xef,
    0xa6,0x00,0x0e,0xdd,0x01,0x0e,0x12,0x00,0x02,0x02,0x00,0x0b,0x18,0x00,0x13,0x18,
    0x39,0x02,0x0a,0x17,0x00,0x01,0x0e,0x00,0x11,0x08,0xb7,0x02,0x02,0x20,0x00,0x65,
    0x48,0x28,0x00,0x00,0x20,0x80,0x6f,0x08,0x1f,0x40,0x9a,0x03,0x04,0x0f,0x63,0x08,
    0x78,0x1f,0x40,0x09,0x03,0x03,0x13,0xdf,0xe9,0x05,0x05,0xa4,0x0b,0x01,0x0b,0x02,
    0x01,0xa9,0x0b,0x02,0x07,0x00,0x0f,0x02,0x00,0x06,0x03,0x72,0x02,0x04,0x3f,0x07,
    0x01,0x23,0x01,0x04,0x53,0x08,0x03,0x1d,0x00,0x5f,0x08,0x00,0x00,0x00,0x10,0x66,
    0x09,0x04,0x21,0x88,0xb7,0xaf,0x01,0x0d,0x02,0x00,0x12,0x8f,0x61,0x01,0x0f,0x02,
    0x00,0x6d,0x0f,0x5f,0x02,0x04,0x2f,0xdf,0x60,0x18,0x01,0x0e,0x06,0x02,0x00,0x0b,
    0xdf,0x04,0x0f,0xd9,0x00,0x03,0x01,0xb5,0x0a,0x0d,0x02,0x00,0x23,0x80,0x10,0xc4,
    0x04,0x01,0x3a,0x07,0x12,0x78,0x9e,0x01,0x1f,0x20,0x81,0x06,0x03,0x0f,0x65,0x02,
    0x72,0x0f,0xbe,0x04,0x03,0x24,0xdf,0x60,0x37,0x03,0x0f,0xf0,0x05,0x03,0x03,0x22,
    0x01,0x04,0x31,0x07,0x03,0xe7,0x05,0x02,0x97,0x0a,0x0f,0x02,0x00,0x13,0x03,0x42,
    0x00,0x01,0x02,0x00,0xb2,0x48,0x40,0x00,0x00,0x00,0x78,0x28,0x00,0x00,0x00,0x30,
    0x17,0x00,0x2f,0x20,0x38,0x33,0x01,0x04,0x0f,0x65,0x02,0x6f,0x1d,0x80,0xf9,0x02,
    0x05,0xbc,0x04,0x06,0x02,0x00,0x05,0x21,0x07,0x12,0x30,0x01,0x02,0x22,0x00,0x10,
    0x58,0x03,0x0c,0x02,0x00,0x0b,0x31,0x01,0x13,0x10,0x48,0x01,0x03,0x07,0x00,0x03,
    0x02,0x00,0x11,0x10,0x66,0x01,0x02,0xc5,0x04,0x1f,0x40,0x8c,0x02,0x03,0x6f,0x00,
    0x30,0x48,0x00,0x00,0x20,0x16,0x0a,0x02,0x13,0xcf,0xe0,0x03,0x0f,0x02,0x00,0x64,
    0x1f,0x10,0x95,0x00,0x02,0x2f,0xa0,0x58,0x8f,0x00,0x2c,0x01,0x13,0x01,0x06,0x02,
    0x00,0x04,0x16,0x01,0x03,0x08,0x00,0x02,0x45,0x02,0x01,0x02,0x00,0x19,0x18,0xca,
    0x04,0x01,0x19,0x00,0x16,0x58,0x7d,0x00,0x1f,0x40,0xbb,0x07,0x02,0x11,0x70,0x3a,
    0x00,0x0f,0x02,0x00,0x63,0x1f,0x40,0x7c,0x09,0x01,0x08,0x8b,0x0c,0x14,0x68,0x98,
    0x00,0x03,0xec,0x00,0x0d,0x02,0x00,0x03,0x6a,0x02,0x04,0x49,0x09,0x0f,0x02,0x00,
    0x0a,0x02,0x4e,0x0e,0x0d,0x02,0x00,0x01,0xa5,0x0f,0x74,0x58,0x40,0x00,0x00,0x00,
    0x60,0x40,0xd4,0x0a,0x9f,0x00,0x00,0x10,0x50,0x08,0x00,0x00,0x00,0x60,0xa1,0x00,
    0x02,0x0f,0x8d,0x00,0x05,0x0f,0x02,0x00,0x4e,0x0f,0x8f,0x03,0x01,0x0f,0x58,0x05,
    0x04,0x05,0x3c,0x03,0x03,0x22,0x01,0x04,0x18,0x14,0x03,0xbc,0x00,0x04,0x8c,0x03,
    0x04,0x1e,0x00,0x0f,0x02,0x00,0x10,0x11,0x18,0xde,0x03,0x01,0x55,0x02,0x04,0x72,
    0x01,0x04,0x56,0x07,0x01,0x31,0x01,0x11,0x60,0x5b,0x00,0x21,0x10,0xa8,0x24,0x04,
    0x0a,0x02,0x00,0x1f,0xdf,0x97,0x03,0x63,0x0f,0x8f,0x03,0x01,0x22,0xef,0x80,0xaf,
    0x00,0x1f,0x20,0x8c,0x0c,0x06,0x04,0x13,0x01,0x04,0xea,0x00,0x0f,0x02,0x00,0x09,
    0x03,0xc2,0x05,0x0c,0xa2,0x03,0x02,0x5c,0x00,0x02,0x31,0x01,0x2e,0x50,0x18,0x4c,
    0x00,0x11,0x30,0xa4,0x09,0x03,0x02,0x00,0x1f,0x10,0xe1,0x0e,0x02,0x02,0x43,0x00,
    0x0f,0x02,0x00,0x5b,0x1f,0x30,0x7d,0x09,0x00,0x21,0xbf,0x20,0xdc,0x07,0x06,0x3a,
    0x02,0x03,0xf1,0x0d,0x0f,0x02,0x00,0x1d,0x0b,0x22,0x01,0x03,0x5d,0x01,0x04,0x5c,
    0x00,0x0d,0x02,0x00,0x01,0x63,0x13,0xb3,0x38,0x10,0x00,0x00,0x00,0x48,0x30,0x00,
    0x00,0x00,0x18,0x41,0x02,0x01,0x12,0x00,0x0f,0x98,0x03,0x04,0x11,0x9f,0x1a,0x00,
    0x0f,0x02,0x00,0x59,0x0f,0x1e,0x04,0x00,0x5b,0xef,0x60,0x00,0x00,0x58,0xec,0x00,
    0x11,0x00,0x19,0x03,0x0f,0x3a,0x01,0x08,0x03,0xdd,0x00,0x04,0x79,0x02,0x0f,0x02,
    0x00,0x09,0x04,0xf9,0x0b,0x0f,0x02,0x00,0x03,0x01,0x61,0x21,0x05,0x1b,0x0b,0x16,
    0x00,0x94,0x09,0x3f,0x38,0x78,0x10,0xfc,0x0b,0x00,0x15,0xcf,0x99,0x00,0x0f,0x02,
    0x00,0x53,0x0f,0x0c,0x0d,0x00,0x19,0xaf,0x83,0x00,0x1c,0x18,0x2b,0x0f,0x04,0x1e,
    0x00,0x13,0x20,0x25,0x08,0x0c,0x5a,0x01,0x0f,0x13,0x01,0x0f,0x0a,0x02,0x00,0x03,
    0xe7,0x0b,0x0f,0x6a,0x01,0x02,0x13,0x20,0x87,0x01,0x01,0x02,0x00,0x5e,0x18,0x38,
    0x00,0x00,0x50,0xfd,0x05,0x18,0xef,0x24,0x00,0x0f,0x02,0x00,0x4d,0x0f,0xca,0x11,
    0x00,0x0c,0x42,0x11,0x06,0xd3,0x06,0x0f,0xd3,0x00,0x02,0x0f,0x02,0x00,0x11,0x13,
    0x20,0x3a,0x00,0x0b,0x01,0x0d,0x04,0x72,0x03,0x02,0x82,0x01,0x01,0xb0,0x04,0x12,
    0x30,0x0c,0x00,0x05,0xd1,0x16,0x13,0x30,0xae,0x01,0x01,0x18,0x06,0x01,0x02,0x00,
    0x0f,0x65,0x02,0x00,0x11,0xef,0x3b,0x00,0x0f,0x02,0x00,0x52,0x1e,0x10,0xe0,0x08,
    0x13,0xbf,0xdd,0x00,0x0e,0x95,0x03,0x03,0x0a,0x02,0x05,0x8a,0x04,0x0f,0x02,0x00,
    0x10,0x0f,0x7d,0x02,0x01,0x36,0x00,0x00,0x10,0xff,0x00,0x0c,0x02,0x00,0x23,0x40,
    0x18,0xaf,0x16,0x38,0x00,0x00,0x70,0x26,0x00,0x01,0x88,0x13,0x4f,0x00,0x00,0x28,
    0x50,0xca,0x04,0x03,0x0f,0xfb,0x05,0x55,0x0f,0xef,0x05,0x00,0x43,0x80,0x00,0x00,
    0x10,0xb1,0x01,0x05,0xdc,0x07,0x0c,0x5c,0x09,0x14,0x28,0x54,0x01,0x03,0xc4,0x05,
    0x02,0x16,0x02,0x02,0x19,0x03,0x02,0xf3,0x06,0x0f,0x02,0x00,0x0b,0x18,0x08,0x0b,
    0x01,0x0f,0x02,0x00,0x00,0x09,0xa0,0x1b,0x02,0x86,0x00,0x03,0x32,0x00,0x11,0x28,
    0xcc,0x0a,0x1e,0x20,0xe7,0x01,0x0f,0xfb,0x05,0x53,0x1d,0x30,0x10,0x04,0x36,0xef,
    0x40,0x00,0x31,0x01,0x05,0x02,0x00,0x0f,0xf3,0x2c,0x05,0x04,0xf1,0x0c,0x04,0x40,
    0x01,0x06,0x02,0x00,0x04,0x63,0x15,0x0f,0x02,0x00,0x12,0x03,0x8b,0x0f,0x09,0x54,
    0x1a,0x06,0x02,0x00,0x01,0xc4,0x0a,0x0c,0x02,0x00,0x0e,0x79,0x05,0x0f,0x32,0x01,
    0x51,0x0e,0xde,0x0b,0x12,0xbf,0x2c,0x02,0x05,0x02,0x00,0x13,0x40,0x43,0x02,0x04,
    0x02,0x00,0x1b,0x48,0x20,0x00,0x0f,0x02,0x00,0x14,0x03,0x99,0x03,0x01,0xc9,0x0b,
    0x07,0x02,0x00,0x01,0xfe,0x1e,0x06,0xec,0x0a,0x01,0x31,0x01,0x01,0xdd,0x17,0x21,
    0x00,0x18,0x4f,0x06,0x11,0x48,0xc0,0x04,0x02,0x62,0x02,0x05,0x10,0x0a,0x03,0xee,
    0x02,0x2a,0x58,0xf7,0xc2,0x0a,0x0e,0xbc,0x00,0x0f,0x02,0x00,0x3f,0x1c,0x60,0x73,
    0x00,0x13,0xff,0xac,0x0a,0x05,0x96,0x00,0x11,0x00,0x95,0x0c,0x07,0x02,0x00,0x04,
    0x30,0x01,0x0f,0x78,0x03,0x11,0x4e,0x00,0x00,0x00,0x18,0x7b,0x02,0x06,0x07,0x13,
    0x0f,0x02,0x00,0x04,0x01,0x5d,0x01,0x11,0x28,0x2b,0x01,0x04,0x2b,0x06,0x01,0x02,
    0x00,0x04,0x41,0x05,0x12,0x60,0x30,0x04,0x2d,0x18,0x90,0x92,0x1b,0x0f,0x5f,0x08,
    0x4d,0x0d,0x30,0x01,0x24,0xef,0x50,0x88,0x04,0x01,0x25,0x1c,0x08,0x02,0x00,0x02,
    0xf8,0x01,0x06,0x02,0x00,0x04,0x79,0x0a,0x03,0xbc,0x10,0x02,0x18,0x01,0x01,0xc4,
    0x04,0x0f,0x8c,0x03,0x11,0x02,0x2f,0x00,0x0f,0x02,0x00,0x16,0x12,0x18,0x23,0x01,
    0x03,0x02,0x00,0x03,0x71,0x02,0x0f,0xe0,0x07,0x01,0x0f,0x32,0x01,0x4b,0x0d,0x30,
    0x01,0x51,0xcf,0x30,0x00,0x00,0x10,0x89,0x16,0x0e,0x02,0x00,0x05,0x07,0x01,0x04,
    0x63,0x02,0x03,0x02,0x00,0x03,0xbe,0x00,0x03,0x92,0x05,0x06,0x02,0x00,0x01,0x52,
    0x03,0x0f,0x02,0x00,0x15,0x02,0xfe,0x1e,0x2b,0x00,0x08,0x74,0x08,0x04,0x57,0x0e,
    0x03,0xe9,0x05,0x06,0xa6,0x01,0x05,0x02,0x00,0x1c,0x70,0x23,0x03,0x0f,0x32,0x01,
    0x49,0x0d,0x30,0x01,0x0c,0xbf,0x04,0x02,0x02,0x00,0x1b,0x50,0xc6,0x00,0x05,0x7a,
    0x0f,0x0f,0x02,0x00,0x18,0x01,0x65,0x03,0x06,0x22,0x06,0x05,0x02,0x00,0x04,0x52,
    0x13,0x04,0xcf,0x15,0x02,0x79,0x02,0x02,0x69,0x15,0x11,0x40,0x73,0x01,0x11,0x40,
    0x14,0x07,0x04,0x02,0x00,0x12,0x80,0x49,0x00,0x13,0x20,0x15,0x00,0x2e,0x58,0x50,
    0xc5,0x0a,0x0f,0x32,0x01,0x47,0x0d,0x30,0x01,0x0b,0x65,0x06,0x01,0x24,0x1c,0x08,
    0x9a,0x1d,0x0b,0x5b,0x02,0x01,0x64,0x04,0x0f,0x02,0x00,0x0c,0x01,0x72,0x1c,0x07,
    0x02,0x00,0x03,0x41,0x06,0x02,0x18,0x01,0x0f,0x02,0x00,0x06,0x02,0xae,0x02,0x05,
    0x4d,0x01,0x07,0x02,0x00,0x03,0x83,0x00,0x13,0x18,0x31,0x01,0x2f,0x28,0x28,0x17,
    0x09,0x00,0x0f,0x32,0x01,0x45,0x0d,0x30,0x01,0x14,0x70,0x7c,0x09,0x01,0xf4,0x0e,
    0x0e,0x20,0x03,0x27,0x08,0x78,0xba,0x00,0x06,0x02,0x00,0x02,0x11,0x08,0x02,0xb1,
    0x03,0x01,0xc3,0x04,0x02,0x05,0x02,0x0f,0x02,0x00,0x0a,0x01,0x3c,0x02,0x0f,0x02,
    0x00,0x1a,0x1f,0x28,0x7d,0x00,0x03,0x01,0xb7,0x02,0x0c,0x92,0x09,0x0f,0x32,0x01,
    0x43,0x0d,0x30,0x01,0x15,0x60,0xd7,0x05,0x12,0x28,0xe2,0x01,0x05,0x02,0x00,0x0c,
    0x10,0x07,0x01,0x17,0x01,0x05,0x02,0x00,0x03,0xfd,0x12,0x03,0xfc,0x01,0x04,0x02,
    0x00,0x0f,0x36,0x01,0x10,0x07,0x02,0x00,0x04,0xe6,0x03,0x09,0xdb,0x05,0x03,0x02,
    0x00,0x02,0xa6,0x10,0x04,0xf6,0x22,0x1a,0x48,0x9d,0x02,0x01,0x61,0x08,0x0d,0x9a,
    0x12,0x0f,0x32,0x01,0x41,0x0c,0x30,0x01,0x01,0xae,0x0a,0x0f,0x02,0x00,0x04,0x1b,
    0x30,0xc5,0x04,0x0f,0x0d,0x01,0x1b,0x06,0x3e,0x0e,0x0a,0x69,0x01,0x07,0x28,0x01,
    0x05,0x05,0x11,0x02,0x0e,0x01,0x12,0x18,0x4e,0x02,0x03,0x77,0x00,0x19,0x58,0x8f,
    0x02,0x12,0x50,0x0e,0x00,0x22,0x20,0x80,0xdd,0x03,0x12,0x60,0x10,0x0d,0x0c,0x56,
    0x1a,0x0f,0x32,0x01,0x3f,0x0c,0xe0,0x0b,0x0a,0xed,0x0f,0x01,0xb8,0x01,0x4a,0x00,
    0x00,0x00,0x80,0x6b,0x02,0x0b,0x53,0x09,0x02,0xfb,0x01,0x0f,0x02,0x00,0x08,0x04,
    0x05,0x0c,0x04,0x02,0x00,0x03,0x85,0x02,0x03,0x57,0x07,0x0f,0x02,0x00,0x08,0x02,
    0x29,0x00,0x0a,0x6f,0x00,0x04,0x94,0x00,0x02,0x02,0x00,0x02,0x02,0x04,0x06,0x16,
    0x00,0x0c,0x32,0x01,0x12,0xbf,0x27,0x00,0x0f,0x02,0x00,0x36,0x0d,0x30,0x01,0x02,
    0x44,0x02,0x03,0xdb,0x01,0x23,0x00,0x58,0x1b,0x03,0x02,0xf1,0x01,0x05,0x02,0x00,
    0x12,0x28,0x26,0x00,0x0b,0x02,0x00,0x02,0x0a,0x0c,0x01,0xeb,0x13,0x16,0x20,0x7f,
    0x23,0x0f,0x02,0x00,0x08,0x03,0xb9,0x09,0x0f,0x02,0x00,0x1c,0x07,0x0e,0x19,0x0f,
    0x02,0x00,0x00,0x0d,0x96,0x03,0x0b,0xc1,0x06,0x0f,0x02,0x00,0x2c,0x1b,0x10,0x40,
    0x0e,0x04,0x60,0x02,0x04,0xb8,0x01,0x02,0xef,0x02,0x06,0x02,0x00,0x01,0xce,0x13,
    0x06,0x02,0x00,0x02,0x23,0x01,0x0a,0x02,0x00,0x09,0x33,0x00,0x12,0x20,0x23,0x02,
    0x0f,0x02,0x00,0x15,0x04,0xc2,0x04,0x04,0xea,0x11,0x0a,0x02,0x00,0x03,0xc5,0x0e,
    0x03,0x2b,0x05,0x22,0x18,0x70,0x5c,0x00,0x04,0xda,0x1b,0x01,0xda,0x10,0x4c,0x00,
    0x00,0x40,0x80,0x64,0x04,0x0f,0x32,0x01,0x39,0x0c,0x57,0x06,0x04,0x30,0x01,0x0d,
    0x02,0x00,0x04,0x52,0x10,0x0b,0x7d,0x03,0x0b,0x79,0x02,0x0f,0x02,0x00,0x0a,0x04,
    0xd9,0x00,0x0e,0x57,0x02,0x15,0x30,0xd3,0x04,0x04,0xf9,0x03,0x04,0x6f,0x00,0x04,
    0xa0,0x04,0x02,0x21,0x00,0x12,0x38,0x07,0x00,0x03,0x02,0x00,0x13,0x08,0xae,0x01,
    0x12,0x58,0xbd,0x04,0x02,0xf0,0x1d,0x01,0x06,0x05,0x0c,0x32,0x01,0x03,0x21,0x00,
    0x0f,0x02,0x00,0x31,0x0b,0x7e,0x1c,0x44,0xef,0x30,0x00,0x10,0xb8,0x01,0x02,0xbf,
    0x01,0x02,0x04,0x0f,0x35,0x00,0x00,0x38,0x58,0x1b,0x01,0x02,0x00,0x02,0x74,0x1d,
    0x05,0x02,0x00,0x03,0xb8,0x03,0x0f,0x02,0x00,0x04,0x04,0xe7,0x00,0x03,0x7b,0x02,
    0x03,0x59,0x00,0x05,0xdf,0x05,0x0f,0x02,0x00,0x10,0x04,0x7c,0x0d,0x02,0x02,0x00,
    0x02,0x8c,0x0f,0x0f,0x02,0x00,0x09,0x0c,0x32,0x01,0x0f,0xa0,0x00,0x0b,0x0f,0x02,
    0x00,0x18,0x0b,0x21,0x05,0x24,0xef,0x30,0x2e,0x29,0x33,0x00,0x00,0x48,0x11,0x0a,
    0x14,0x60,0xf5,0x01,0x09,0x02,0x00,0x0b,0x31,0x01,0x02,0x02,0x00,0x01,0x5f,0x0a,
    0x22,0x18,0x10,0x7d,0x08,0x07,0x8c,0x03,0x03,0x29,0x01,0x0b,0x02,0x00,0x04,0x1e,
    0x08,0x0f,0x02,0x00,0x1f,0x1f,0x38,0xb2,0x1d,0x0a,0x01,0x79,0x02,0x0b,0x32,0x01,
    0x0f,0x39,0x03,0x06,0x0f,0x02,0x00,0x1c,0x0b,0x7e,0x0d,0x0f,0x57,0x00,0x11,0x03,
    0x47,0x04,0x03,0x02,0x00,0x1e,0x10,0xe3,0x0b,0x03,0x61,0x04,0x01,0x02,0x00,0x02,
    0xf8,0x07,0x0f,0x02,0x00,0x16,0x05,0x90,0x16,0x02,0x01,0x0b,0x0e,0x02,0x00,0x1a,
    0x58,0xbd,0x01,0x12,0x78,0xd5,0x08,0x03,0x7d,0x0e,0x23,0x00,0x40,0x0f,0x00,0x01,
    0xd1,0x07,0x0b,0x22,0x13,0x14,0xef,0xd7,0x02,0x0f,0x02,0x00,0x2a,0x1f,0x40,0x30,
    0x01,0x18,0x04,0x0c,0x0f,0x0b,0xe1,0x0c,0x02,0xc2,0x00,0x0f,0x8e,0x00,0x05,0x06,
    0x5b,0x02,0x13,0x20,0x0b,0x00,0x0f,0xf4,0x04,0x00,0x06,0x61,0x04,0x05,0x65,0x08,
    0x04,0x1f,0x0b,0x04,0x3d,0x0e,0x01,0xfe,0x1e,0x0f,0x41,0x05,0x00,0x02,0x55,0x00,
    0x04,0xfa,0x0b,0x03,0x31,0x01,0x03,0x02,0x00,0x0b,0x3d,0x03,0x13,0xcf,0x17,0x00,
    0x0f,0x02,0x00,0x29,0x1a,0x20,0x21,0x07,0x04,0x60,0x02,0x01,0x2c,0x23,0x06,0x75,
    0x03,0x12,0x38,0xe4,0x00,0x16,0x10,0xd8,0x00,0x01,0x4d,0x17,0x02,0xce,0x01,0x03,
    0x02,0x00,0x04,0xdc,0x06,0x0f,0x02,0x00,0x00,0x03,0x65,0x02,0x04,0x53,0x01,0x02,
    0x4d,0x00,0x04,0x60,0x0f,0x0f,0x02,0x00,0x0e,0x02,0x12,0x01,0x05,0x50,0x05,0x03,
    0x02,0x00,0x05,0x13,0x17,0x0f,0x02,0x00,0x0a,0x0b,0xcf,0x06,0x0f,0x2b,0x07,0x2f,
    0x1b,0x10,0x52,0x00,0x04,0x12,0x01,0x03,0x61,0x05,0x13,0x28,0x29,0x04,0x02,0x29,
    0x10,0x0c,0x02,0x00,0x0a,0x4a,0x0a,0x02,0x02,0x00,0x12,0x38,0x4a,0x02,0x25,0x10,
    0x20,0x27,0x01,0x0f,0xda,0x05,0x06,0x0f,0xf3,0x00,0x13,0x0f,0x02,0x00,0x05,0x13,
    0x48,0xae,0x01,0x02,0xdf,0x02,0x0c,0x02,0x00,0x02,0x6e,0x14,0x4a,0x00,0x00,0x38,
    0xc7,0x41,0x03,0x04,0xe0,0x00,0x0f,0x02,0x00,0x26,0x0b,0xb4,0x02,0x14,0x60,0x00,
    0x03,0x0f,0x02,0x00,0x0b,0x02,0x6f,0x11,0x04,0x02,0x00,0x0d,0x7e,0x06,0x03,0x4a,
    0x02,0x16,0x08,0x5f,0x03,0x0f,0x02,0x00,0x14,0x06,0x03,0x06,0x06,0xc7,0x1b,0x0c,
    0x02,0x00,0x03,0x0a,0x10,0x04,0x02,0x00,0x13,0x20,0xae,0x13,0x12,0x30,0x40,0x01,
    0x22,0x08,0x60,0xbf,0x02,0x14,0x30,0x1a,0x01,0x0c,0x12,0x02,0x04,0xad,0x07,0x0f,
    0x02,0x00,0x24,0x0b,0x48,0x06,0x15,0x8f,0xf8,0x02,0x0f,0xb8,0x01,0x03,0x04,0x42,
    0x1d,0x03,0x80,0x02,0x03,0x02,0x00,0x02,0x20,0x01,0x03,0x39,0x03,0x09,0x02,0x00,
    0x06,0xfc,0x05,0x02,0xc7,0x00,0x04,0x2c,0x00,0x09,0x02,0x00,0x04,0xaf,0x05,0x09,
    0xa9,0x16,0x05,0x31,0x01,0x05,0x99,0x47,0x03,0x8d,0x09,0x02,0x86,0x07,0x07,0x02,
    0x00,0x03,0x5a,0x00,0x04,0x28,0x00,0x12,0x58,0x8e,0x00,0x06,0x02,0x00,0x1a,0x10,
    0xf4,0x20,0x1c,0xdf,0x20,0x00,0x0f,0x02,0x00,0x1a,0x0b,0x12,0x0d,0x06,0xe2,0x03,
    0x01,0x85,0x2b,0x07,0xaa,0x06,0x03,0x87,0x00,0x0a,0x0c,0x0d,0x18,0x18,0x1a,0x0d,
    0x04,0xbd,0x18,0x0b,0x02,0x00,0x04,0x7c,0x0a,0x03,0x81,0x01,0x05,0x08,0x01,0x0f,
    0x02,0x00,0x16,0x05,0x74,0x01,0x1a,0x20,0x33,0x00,0x04,0xbc,0x01,0x0f,0x02,0x00,
    0x0b,0x2d,0x78,0x50,0xe5,0x00,0x1f,0xaf,0x32,0x00,0x0b,0x0f,0x02,0x00,0x0a,0x0b,
    0xaf,0x02,0x08,0xd3,0x0f,0x03,0x88,0x01,0x04,0xb8,0x01,0x0f,0xd1,0x05,0x02,0x0c,
    0x4c,0x0f,0x02,0x89,0x23,0x45,0x08,0x18,0x00,0x30,0xa9,0x02,0x0a,0x4e,0x1c,0x06,
    0x02,0x00,0x03,0x09,0x0b,0x0f,0x02,0x00,0x28,0x0e,0xfe,0x1e,0x08,0x02,0x00,0x04,
    0x51,0x14,0x01,0x8f,0x02,0x1a,0x50,0xc7,0x04,0x03,0x97,0x05,0x0f,0x02,0x00,0x21,
    0x0a,0xa7,0x08,0x2d,0xef,0x10,0xcb,0x0b,0x0f,0x02,0x00,0x04,0x12,0x60,0x30,0x04,
    0x02,0x02,0x00,0x0a,0x76,0x02,0x03,0x71,0x1d,0x1f,0x08,0x29,0x01,0x04,0x0f,0x02,
    0x00,0x08,0x04,0x46,0x08,0x0f,0x37,0x0d,0x02,0x05,0x02,0x00,0x0b,0xa8,0x07,0x24,
    0x00,0x10,0xfe,0x1e,0x03,0x0c,0x0a,0x12,0x68,0xa4,0x04,0x28,0x20,0x60,0x22,0x04,
    0x1a,0xb0,0x32,0x01,0x02,0x23,0x00,0x0f,0x02,0x00,0x20,0x0b,0x7a,0x01,0x21,0x30,
    0x00,0x1f,0x02,0x01,0x49,0x00,0x03,0x07,0x00,0x0b,0x02,0x00,0x04,0x82,0x15,0x09,
    0xc3,0x04,0x0f,0x1b,0x01,0x04,0x03,0xa3,0x02,0x06,0x4b,0x03,0x05,0x11,0x00,0x07,
    0x02,0x00,0x08,0x9c,0x0a,0x07,0x31,0x01,0x04,0x39,0x26,0x05,0x29,0x02,0x05,0x37,
    0x11,0x0d,0xf6,0x15,0x04,0xaa,0x00,0x01,0x2f,0x20,0x3f,0x00,0x00,0x00,0x04,0x3c,
    0x00,0x49,0x00,0x00,0x40,0xa7,0x32,0x01,0x08,0x4a,0x03,0x0f,0x02,0x00,0x19,0x0b,
    0xa3,0x10,0x04,0x57,0x06,0x01,0x02,0x00,0x03,0xb8,0x01,0x04,0x29,0x04,0x03,0xb4,
    0x13,0x04,0x31,0x01,0x02,0x02,0x00,0x13,0x40,0xac,0x00,0x01,0x57,0x02,0x08,0x74,
    0x02,0x02,0x02,0x00,0x04,0x49,0x01,0x03,0x26,0x00,0x04,0xf9,0x10,0x09,0x02,0x00,
    0x05,0xa1,0x04,0x0f,0x02,0x00,0x04,0x04,0x02,0x05,0x06,0x77,0x01,0x04,0x02,0x00,
    0x0b,0xff,0x0f,0x0f,0x02,0x00,0x03,0x11,0x28,0xef,0x0b,0x0e,0x7c,0x04,0x11,0x8f,
    0x15,0x00,0x0f,0x02,0x00,0x1e,0x0a,0xf1,0x22,0x06,0xf1,0x05,0x07,0x02,0x00,0x05,
    0xce,0x08,0x03,0xf6,0x00,0x09,0x02,0x00,0x0a,0x55,0x35,0x02,0xc1,0x04,0x16,0x10,
    0xda,0x0c,0x04,0x31,0x01,0x0b,0x02,0x00,0x08,0x29,0x06,0x0f,0x02,0x00,0x28,0x12,
    0x58,0x04,0x06,0x0f,0x65,0x00,0x05,0x02,0xc0,0x01,0x01,0x51,0x0e,0x01,0x02,0x00,
    0x0b,0x9f,0x0b,0x0f,0x85,0x00,0x22,0x0a,0x43,0x0e,0x02,0xa7,0x02,0x09,0x9d,0x04,
    0x0f,0x02,0x00,0x05,0x05,0x1f,0x03,0x01,0xed,0x0b,0x03,0xc5,0x0b,0x01,0x67,0x02,
    0x01,0xac,0x0a,0x0a,0x0a,0x15,0x0f,0x02,0x00,0x12,0x08,0xeb,0x11,0x02,0x09,0x01,
    0x0f,0x02,0x00,0x04,0x05,0xa3,0x03,0x04,0x02,0x00,0x13,0x40,0xc2,0x05,0x03,0x62,
    0x3e,0x13,0x20,0x4e,0x11,0x01,0xd9,0x2f,0x04,0x02,0x00,0x2d,0x70,0x28,0x7f,0x04,
    0x0f,0x5c,0x08,0x21,0x0a,0x74,0x01,0x03,0x12,0x0d,0x03,0x9d,0x04,0x0f,0xb8,0x01,
    0x04,0x03,0x20,0x0d,0x04,0x37,0x04,0x01,0x02,0x00,0x0f,0x55,0x03,0x00,0x04,0x8e,
    0x02,0x0f,0x3a,0x0e,0x08,0x0b,0x9f,0x02,0x07,0xac,0x02,0x04,0xae,0x0e,0x09,0x65,
    0x0f,0x05,0x2c,0x11,0x04,0xaa,0x0d,0x05,0x02,0x00,0x04,0xaa,0x00,0x03,0x34,0x04,
    0x0d,0xe7,0x27,0x01,0x1c,0x29,0x01,0x84,0x01,0x0a,0xe1,0x06,0x0f,0x95,0x03,0x20,
    0x0a,0x04,0x13,0x09,0xc1,0x04,0x23,0x00,0x40,0x0f,0x00,0x12,0x38,0xfc,0x00,0x04,
    0xd8,0x01,0x09,0x20,0x0d,0x08,0x83,0x22,0x03,0x2f,0x00,0x04,0x02,0x00,0x03,0x75,
    0x02,0x04,0xe6,0x05,0x01,0xb0,0x00,0x0c,0xd9,0x0a,0x0f,0x69,0x01,0x00,0x0c,0x02,
    0x00,0x03,0xbe,0x01,0x0f,0x36,0x07,0x01,0x03,0x35,0x14,0x0f,0x02,0x00,0x0b,0x13,
    0x38,0x04,0x0c,0x01,0xf7,0x05,0x2a,0x78,0x00,0x04,0x0e,0x0f,0x95,0x03,0x1e,0x0a,
    0xa3,0x02,0x0c,0xcd,0x09,0x03,0x94,0x07,0x03,0xb8,0x01,0x0d,0xd8,0x01,0x16,0x00,
    0xc5,0x32,0x04,0x02,0x00,0x23,0x10,0x18,0x22,0x06,0x5f,0x30,0x40,0x40,0x50,0x40,
    0x01,0x00,0x01,0x2f,0x68,0x58,0x16,0x00,0x01,0x0f,0x02,0x00,0x0d,0x04,0x76,0x01,
    0x0a,0x02,0x00,0x12,0x68,0xca,0x01,0x04,0x60,0x02,0x0b,0x02,0x00,0x12,0x48,0xb2,
    0x01,0x08,0x42,0x0c,0x49,0x18,0x38,0x00,0x20,0xdb,0x23,0x0f,0x95,0x03,0x1d,0x0a,
    0x22,0x07,0x03,0x3e,0x00,0x13,0x78,0x0c,0x02,0x0f,0x02,0x00,0x0a,0x08,0xc2,0x04,
    0x16,0x10,0xa8,0x01,0x6f,0x08,0x08,0x08,0x20,0x38,0x70,0x23,0x52,0x1d,0x0f,0x02,
    0x00,0x11,0x14,0xcf,0x4d,0x3e,0x13,0x08,0x6f,0x0c,0x06,0x02,0x00,0x13,0x50,0xdb,
    0x02,0x12,0x48,0x40,0x01,0x04,0x70,0x21,0x08,0x40,0x51,0x07,0xce,0x04,0x19,0x98,
    0x6e,0x00,0x05,0x95,0x24,0x0f,0x02,0x00,0x13,0x0a,0x74,0x0f,0x03,0xf8,0x00,0x03,
    0x04,0x03,0x0f,0xb8,0x01,0x04,0x01,0x35,0x0b,0x08,0xea,0x07,0x0b,0xe9,0x0c,0x0f,
    0x31,0x2f,0x02,0x0f,0x02,0x00,0x33,0x02,0x98,0x39,0x0c,0x7b,0x19,0x06,0x60,0x06,
    0x03,0x71,0x0f,0x04,0x61,0x21,0x08,0x02,0x00,0x04,0xab,0x0c,0x0e,0x17,0x08,0x0f,
    0xbf,0x0a,0x1a,0x0a,0x35,0x14,0x0b,0x02,0x05,0x05,0xc2,0x04,0x02,0x0f,0x03,0x05,
    0x13,0x0a,0x02,0xe9,0x02,0x01,0x02,0x00,0x07,0x99,0x11,0x12,0x30,0x97,0x02,0x0f,
    0x2b,0x35,0x03,0x0f,0x02,0x00,0x36,0x04,0x52,0x31,0x01,0x30,0x06,0x02,0x50,0x02,
    0x0f,0x02,0x00,0x0b,0x14,0x18,0x83,0x09,0x06,0x94,0x15,0x0b,0x57,0x03,0x0f,0xaa,
    0x1c,0x1a,0x09,0x01,0x05,0x11,0xdf,0x56,0x00,0x06,0x02,0x00,0x04,0x62,0x02,0x03,
    0x9c,0x06,0x08,0x0b,0x04,0x04,0x02,0x00,0x07,0x31,0x01,0x6f,0x00,0x00,0x00,0x28,
    0x20,0x20,0xd7,0x2f,0x00,0x0f,0x02,0x00,0x3c,0x02,0xf8,0x08,0x52,0x00,0x00,0x00,
    0x00,0x68,0x65,0x09,0x0f,0x02,0x00,0x04,0x12,0x28,0x3a,0x02,0x17,0x08,0xfe,0x0e,
    0x23,0x40,0x18,0x91,0x09,0x0a,0xb9,0x05,0x03,0xd0,0x03,0x0f,0x02,0x00,0x11,0x0a,
    0x83,0x09,0x02,0x91,0x03,0x1f,0x50,0x87,0x00,0x0a,0x04,0x02,0x00,0x12,0x60,0x76,
    0x02,0x01,0xe9,0x01,0x12,0x08,0x08,0x00,0x4a,0x00,0x00,0x18,0x10,0x7b,0x0c,0x0f,
    0x02,0x00,0x43,0x03,0xfa,0x08,0x05,0x02,0x00,0x12,0x38,0x40,0x20,0x04,0xe3,0x02,
    0x13,0x10,0x9b,0x00,0x07,0xe0,0x1d,0x15,0x10,0x51,0x0e,0x89,0x18,0x80,0x30,0x38,
    0x00,0x10,0x00,0x00,0xcb,0x3b,0x16,0xef,0xcc,0x00,0x0f,0x02,0x00,0x0c,0x0a,0x9b,
    0x02,0x03,0x91,0x03,0x0b,0xa7,0x17,0x0b,0x02,0x00,0x13,0x20,0x90,0x03,0x02,0xbf,
    0x01,0x01,0x02,0x00,0x07,0x6e,0x0a,0x07,0x12,0x05,0x21,0xbf,0xaf,0x6f,0x5a,0x06,
    0x02,0x00,0x26,0x88,0x88,0x0c,0x00,0x0f,0x02,0x00,0x05,0x26,0x88,0x90,0x1a,0x00,
    0x26,0x98,0xb0,0x0c,0x00,0x46,0xb0,0x98,0x8f,0xbf,0xce,0x12,0x0b,0x32,0x01,0x04,
    0x37,0x0d,0x03,0x9d,0x32,0x04,0x31,0x01,0x07,0x02,0x00,0x13,0x20,0x44,0x01,0x01,
    0x7a,0x15,0x69,0x80,0x40,0x80,0x30,0x00,0x88,0x2a,0x07,0x0f,0xf8,0x05,0x16,0x09,
    0xc4,0x09,0x03,0x22,0x07,0x04,0x02,0x00,0x04,0x4c,0x18,0x03,0x29,0x04,0x02,0x66,
    0x37,0x32,0x00,0x00,0x38,0x87,0x02,0x01,0xea,0x05,0x06,0x8b,0x02,0x11,0x50,0xc0,
    0x03,0x24,0x08,0x68,0x53,0x02,0x13,0xbf,0xc6,0x03,0x06,0x84,0x09,0x0f,0x02,0x00,
    0x1f,0x08,0x34,0x12,0x01,0x68,0x06,0x15,0x20,0x7a,0x4b,0x2f,0xdf,0x10,0x92,0x0e,
    0x03,0x0d,0x02,0x00,0x15,0x50,0x04,0x16,0x24,0x28,0x78,0x08,0x03,0x4c,0x58,0x48,
    0x18,0x08,0x31,0x15,0x02,0x7f,0x05,0x0f,0x02,0x00,0x0e,0x14,0x20,0xe0,0x00,0x01,
    0x02,0x00,0x05,0x5c,0x00,0x02,0x02,0x00,0x0c,0xb8,0x01,0x0c,0x02,0x2c,0x0b,0x55,
    0x1b,0x51,0x40,0x08,0x08,0x00,0x38,0x48,0x00,0x02,0x1a,0x38,0x03,0x83,0x00,0x04,
    0xdf,0x1e,0x06,0x02,0x00,0x07,0x82,0x08,0x07,0x97,0x10,0x0f,0x02,0x00,0x13,0x14,
    0x10,0xe2,0x01,0x15,0xbf,0x88,0x03,0x0f,0x02,0x00,0x03,0x03,0xab,0x04,0x07,0xdf,
    0x01,0x2b,0x18,0x48,0x83,0x05,0x09,0xb0,0x0b,0x1f,0xaf,0x47,0x00,0x03,0x0c,0x02,
    0x00,0x09,0x75,0x0f,0x01,0x34,0x00,0x1f,0x18,0x00,0x05,0x12,0x07,0xa3,0x1f,0x03,
    0x18,0x01,0x02,0x59,0x14,0x03,0x42,0x06,0x0f,0xdf,0x29,0x01,0x07,0x09,0x08,0x06,
    0x31,0x04,0x08,0x31,0x01,0x05,0x49,0x00,0x0f,0x02,0x00,0x09,0x24,0x38,0x10,0x4c,
    0x34,0x05,0xa8,0x00,0x12,0x78,0xe7,0x02,0x02,0x9e,0x47,0x05,0x9b,0x00,0x07,0x1b,
    0x07,0x03,0xe3,0x17,0xf4,0x02,0x00,0x00,0x38,0x80,0x30,0x20,0x28,0x00,0x78,0x20,
    0x00,0x20,0x78,0x00,0x00,0x00,0x20,0xde,0x01,0x02,0x02,0x00,0x06,0x38,0x03,0x0f,
    0x02,0x00,0x08,0x09,0x53,0x08,0x11,0xef,0xb2,0x00,0x04,0x78,0x00,0x0f,0x02,0x00,
    0x04,0x03,0xb9,0x04,0x06,0xf1,0x2d,0x03,0x30,0x00,0x54,0x08,0x08,0x00,0x00,0x10,
    0xe6,0x02,0x1f,0xbf,0x38,0x1b,0x18,0x05,0x02,0x00,0x07,0x3a,0x0e,0x32,0x00,0x00,
    0x20,0x05,0x01,0x02,0x02,0x00,0x08,0x7a,0x0d,0x24,0x58,0x18,0x4c,0x17,0x05,0xd1,
    0x07,0x03,0x14,0x11,0x13,0x30,0xf9,0x05,0x08,0x6e,0x09,0x02,0x02,0x00,0x04,0xb3,
    0x1f,0x92,0x00,0x00,0x40,0x80,0x48,0x58,0x00,0x18,0x08,0xe4,0x0e,0x29,0x30,0x30,
    0x36,0x3b,0x0f,0x5b,0x08,0x12,0x09,0x95,0x02,0x0a,0xf8,0x04,0x12,0x70,0xb3,0x00,
    0x04,0x79,0x17,0x03,0x3d,0x08,0x04,0x68,0x21,0x09,0x1d,0x02,0xa2,0x48,0x00,0x30,
    0x00,0x08,0x08,0x00,0x00,0x20,0x00,0x96,0x05,0x26,0xdf,0x10,0x7f,0x04,0x02,0x46,
    0x00,0x07,0x02,0x00,0x06,0x51,0x06,0x08,0x5e,0x02,0x0c,0x02,0x00,0x09,0x2d,0x21,
    0x08,0x31,0x01,0x25,0x00,0x00,0x7d,0x04,0x05,0x63,0x02,0x0f,0x02,0x00,0x06,0x13,
    0x60,0x9f,0x06,0x23,0x00,0x30,0xe6,0x20,0x0a,0xa1,0x2e,0x0b,0x8d,0x09,0x1f,0x40,
    0x48,0x00,0x06,0x05,0x02,0x00,0x09,0x61,0x02,0x0b,0xf2,0x05,0x03,0xeb,0x0b,0x01,
    0xbd,0x02,0x0d,0x11,0x20,0x01,0x4b,0x08,0x05,0x0c,0x01,0x04,0xec,0x04,0x04,0x50,
    0x00,0x0f,0x7a,0x00,0x00,0x06,0x83,0x0e,0x06,0x6e,0x1b,0x07,0x31,0x01,0x01,0xdc,
    0x02,0x0f,0x02,0x00,0x17,0x02,0x49,0x04,0x0f,0xbb,0x1e,0x07,0x04,0x2d,0x06,0x03,
    0x00,0x0f,0x52,0x00,0x00,0x28,0x58,0x30,0x17,0x03,0x01,0xcd,0x0d,0x01,0x9d,0x1b,
    0x01,0x62,0x0a,0x09,0xf8,0x05,0x05,0xb3,0x02,0x0f,0x02,0x00,0x07,0x09,0x61,0x02,
    0x1e,0x60,0x93,0x17,0x0f,0x02,0x00,0x03,0x05,0xc7,0x0d,0x04,0x29,0x01,0x05,0x4d,
    0x03,0x02,0x91,0x05,0x0f,0x7f,0x14,0x02,0x0f,0x02,0x00,0x0b,0x0b,0x6e,0x06,0x0f,
    0x02,0x00,0x03,0x06,0x88,0x01,0x03,0xab,0x06,0x42,0x20,0x00,0x18,0x78,0x0f,0x05,
    0x04,0x46,0x1e,0x03,0xa2,0x0a,0x13,0x40,0x9e,0x03,0x05,0x7c,0x0c,0x82,0x00,0x40,
    0x80,0x20,0x60,0x10,0x58,0x58,0xd7,0x07,0x01,0x42,0x12,0x11,0x38,0x75,0x02,0x0c,
    0x02,0x01,0x0f,0x02,0x00,0x0b,0x03,0x11,0x02,0x02,0x02,0x00,0x17,0xbf,0x62,0x09,
    0x0f,0x02,0x00,0x03,0x04,0x94,0x37,0x05,0x12,0x16,0x02,0x1b,0x34,0x13,0x30,0x21,
    0x02,0x23,0x30,0x00,0x92,0x03,0x16,0x40,0xdd,0x00,0x03,0x91,0x08,0x06,0x02,0x00,
    0x05,0x4b,0x02,0x02,0xe9,0x00,0x0e,0x02,0x00,0x04,0x7c,0x2c,0x02,0x02,0x00,0x08,
    0xbb,0x11,0x07,0x0e,0x04,0x03,0x63,0x02,0x15,0x60,0xd6,0x17,0x03,0xa2,0x0a,0x14,
    0x08,0x33,0x10,0x04,0x40,0x08,0x23,0x00,0x68,0x8b,0x01,0x45,0x18,0x80,0x28,0x58,
    0x15,0x00,0x07,0x02,0x00,0x09,0x03,0x01,0x0f,0x63,0x02,0x0e,0x09,0x5f,0x01,0x06,
    0xc0,0x01,0x05,0x66,0x18,0x04,0x30,0x15,0x03,0x08,0x1b,0x02,0x94,0x01,0x02,0xcf,
    0x0b,0x02,0x08,0x00,0x2a,0x10,0x40,0xd3,0x25,0x01,0x7b,0x01,0x0f,0x77,0x00,0x01,
    0x03,0x2b,0x06,0x07,0x09,0x00,0x03,0x0c,0x02,0x0b,0x83,0x14,0x05,0x44,0x06,0x03,
    0x02,0x00,0x0f,0xe5,0x00,0x01,0x06,0x43,0x09,0x0f,0xcb,0x02,0x08,0x23,0x10,0x60,
    0x92,0x01,0x05,0x03,0x06,0x23,0x18,0x08,0x58,0x04,0x03,0x30,0x0d,0x03,0x02,0x00,
    0x09,0x04,0x01,0x0f,0x16,0x05,0x0c,0x09,0x5e,0x01,0x08,0x24,0x06,0x04,0xa5,0x1f,
    0x03,0xb8,0x01,0x15,0x00,0x83,0x0a,0x04,0x02,0x00,0x05,0x3e,0x14,0x14,0x38,0x63,
    0x41,0x01,0x02,0x00,0x02,0x51,0x00,0x01,0x9d,0x08,0x0b,0x02,0x00,0x0c,0x69,0x02,
    0x07,0x02,0x00,0x0a,0x53,0x02,0x0f,0x02,0x00,0x10,0x51,0x78,0x40,0x00,0x00,0x10,
    0x9b,0x01,0x08,0xb4,0x00,0x04,0x02,0x00,0x03,0xe5,0x01,0x05,0x31,0x01,0x72,0x48,
    0x70,0x10,0x40,0x08,0x20,0x58,0x7d,0x08,0x01,0x3a,0x0d,0x02,0xa9,0x0c,0x13,0x40,
    0x8b,0x1b,0x03,0xde,0x03,0x02,0x02,0x00,0x0f,0xec,0x01,0x01,0x07,0x02,0x00,0x09,
    0x5d,0x01,0x01,0xed,0x16,0x0f,0x02,0x00,0x0d,0x05,0xd2,0x1e,0x01,0x32,0x05,0x04,
    0x6a,0x43,0x01,0x8b,0x06,0x15,0x28,0xf4,0x05,0x16,0x80,0x75,0x05,0x07,0x32,0x0d,
    0x01,0x02,0x00,0x0f,0x15,0x03,0x01,0x06,0x02,0x00,0x1f,0x08,0xe1,0x01,0x05,0x04,
    0xc1,0x01,0x02,0x02,0x00,0x01,0x36,0x06,0x01,0xe1,0x00,0x01,0x31,0x01,0x03,0xee,
    0x02,0x04,0xa8,0x0a,0x03,0x6b,0x2e,0x06,0x22,0x16,0x6d,0x80,0x30,0x80,0x18,0x20,
    0x58,0x04,0x04,0x03,0xe6,0x15,0x1a,0x40,0xc2,0x35,0x07,0x67,0x03,0x0e,0x02,0x00,
    0x02,0x10,0x02,0x03,0x02,0x00,0x25,0x9f,0x38,0x5e,0x04,0x0f,0x02,0x00,0x01,0x03,
    0xb8,0x01,0x02,0x05,0x47,0x05,0xa2,0x2b,0x11,0x08,0x03,0x00,0x06,0x02,0x00,0x02,
    0x52,0x00,0x07,0x9e,0x08,0x03,0x17,0x03,0x05,0xb8,0x03,0x04,0x58,0x07,0x06,0x56,
    0x02,0x09,0x43,0x01,0x04,0x1f,0x00,0x0c,0x53,0x1c,0x01,0xdb,0x06,0x0a,0x02,0x00,
    0x02,0x21,0x0b,0x52,0x00,0x00,0x00,0x00,0x70,0xe5,0x00,0x04,0xa8,0x0a,0x03,0xaa,
    0x00,0x02,0x52,0x02,0x06,0x02,0x00,0x15,0x10,0x28,0x1c,0x0a,0x57,0x05,0x29,0x10,
    0x08,0x63,0x02,0x01,0x83,0x01,0x0f,0x02,0x00,0x05,0x07,0x26,0x0f,0x06,0x4a,0x0d,
    0x04,0xa9,0x14,0x01,0xc7,0x01,0x06,0x52,0x04,0x13,0x58,0xc1,0x02,0x04,0x6d,0x08,
    0x5d,0x00,0x50,0x00,0x28,0x08,0xcc,0x0d,0x0d,0x31,0x01,0x03,0x02,0x00,0x04,0xcc,
    0x09,0x0e,0x02,0x00,0x12,0x20,0xee,0x00,0x0e,0x02,0x00,0x01,0x3a,0x0e,0x0c,0x02,
    0x00,0x04,0x80,0x01,0x05,0x1e,0x03,0x01,0x9e,0x0d,0x01,0x10,0x00,0x06,0x02,0x00,
    0x13,0x10,0xf8,0x04,0x81,0x28,0x70,0x08,0x40,0x08,0x08,0x40,0x08,0xff,0x08,0x01,
    0x46,0x0d,0x02,0x0c,0x31,0x01,0x54,0x08,0x08,0x7b,0x18,0x09,0x08,0x01,0x0f,0x90,
    0x00,0x05,0x0c,0xbd,0x03,0x05,0x3f,0x05,0x04,0x6e,0x0d,0x03,0x17,0x3c,0x0d,0xdc,
    0x01,0x06,0x9d,0x32,0x22,0x10,0x08,0x32,0x1a,0x02,0xd0,0x05,0x01,0xa0,0x02,0x05,
    0x31,0x01,0x01,0xa5,0x03,0x06,0x77,0x08,0x0f,0x02,0x00,0x10,0x06,0x74,0x02,0x0f,
    0x02,0x00,0x08,0x12,0x80,0x6c,0x00,0x0a,0x31,0x01,0x05,0x02,0x00,0x03,0x5c,0x02,
    0x13,0x20,0xc3,0x2c,0xbf,0x18,0x50,0x18,0x80,0x18,0x18,0x80,0x18,0x00,0x38,0x50,
    0x8a,0x00,0x01,0x03,0x4b,0x00,0x39,0x28,0x18,0x00,0x63,0x02,0x05,0x09,0x01,0x0e,
    0x02,0x00,0x02,0x34,0x09,0x03,0x02,0x00,0x01,0xf0,0x00,0x08,0x02,0x00,0x07,0xcd,
    0x01,0x01,0x02,0x00,0x04,0x6b,0x09,0x09,0x2d,0x02,0x0c,0x36,0x00,0x05,0x31,0x01,
    0x03,0xe4,0x05,0x04,0x83,0x02,0x04,0x78,0x03,0x04,0xa4,0x04,0x01,0x02,0x09,0x0a,
    0x02,0x00,0x03,0x61,0x0d,0x09,0x52,0x06,0x0d,0x92,0x29,0x03,0xdf,0x02,0x28,0x28,
    0x50,0x62,0x02,0x02,0x5b,0x09,0x07,0xbe,0x04,0x05,0x3a,0x0e,0x0b,0x02,0x00,0x03,
    0x51,0x01,0x03,0x9c,0x00,0x03,0x02,0x00,0x2b,0x28,0x08,0x63,0x02,0x0c,0xd4,0x00,
    0x05,0x02,0x00,0x09,0x08,0x13,0x0f,0xbb,0x03,0x08,0x03,0x9c,0x03,0x04,0x02,0x02,
    0x87,0x08,0x38,0x00,0x48,0x08,0x00,0x28,0x08,0xe2,0x0c,0x06,0x02,0x00,0x05,0x31,
    0x01,0x0b,0x02,0x00,0x08,0x4e,0x09,0x08,0x02,0x00,0x03,0x0c,0x02,0x0b,0x02,0x00,
    0x01,0xcb,0x06,0x03,0x02,0x00,0x0b,0xf4,0x2b,0x02,0x02,0x00,0x29,0x20,0x38,0x31,
    0x01,0x22,0x30,0x80,0x91,0x01,0x03,0x11,0x01,0x92,0x00,0x50,0x58,0x18,0x70,0x10,
    0x08,0x40,0x08,0x58,0x0b,0x33,0x38,0x08,0x00,0xdf,0x0a,0x02,0x57,0x04,0x05,0xba,
    0x0c,0x02,0x4c,0x00,0x01,0xb8,0x0e,0x03,0x36,0x02,0x01,0x02,0x00,0x03,0x12,0x14,
    0x0e,0x02,0x00,0x09,0x15,0x0c,0x17,0x40,0x0a,0x20,0x03,0x5c,0x02,0x04,0x1e,0x02,
    0x03,0x9c,0x03,0x08,0xc8,0x0c,0x02,0x98,0x01,0x03,0x02,0x00,0x02,0x92,0x01,0x02,
    0x35,0x00,0x05,0x31,0x01,0x02,0x0f,0x00,0x06,0x08,0x00,0x0f,0x02,0x00,0x0c,0x09,
    0x39,0x0e,0x0f,0x02,0x00,0x01,0x04,0x0c,0x01,0x06,0x02,0x00,0x02,0xe2,0x07,0x06,
    0x10,0x00,0x45,0x00,0x00,0x00,0x08,0x3a,0x0e,0xe6,0x10,0x50,0x08,0x18,0x80,0x18,
    0x00,0x40,0x80,0x00,0x00,0x10,0x80,0x20,0x1f,0x03,0x08,0x02,0x00,0x04,0xad,0x04,
    0x15,0x18,0x07,0x0b,0x02,0x02,0x00,0x18,0xef,0x25,0x00,0x08,0x02,0x00,0x02,0x67,
    0x06,0x02,0x02,0x00,0x01,0x61,0x02,0x04,0x9b,0x32,0x03,0x29,0x04,0x0c,0xbe,0x04,
    0x24,0x30,0x30,0xf7,0x03,0x04,0x02,0x00,0x07,0x77,0x2f,0x03,0x7a,0x05,0x05,0x31,
    0x01,0x03,0xc4,0x04,0x04,0xd3,0x0d,0x03,0x02,0x00,0x04,0xc0,0x0f,0x04,0xac,0x00,
    0x05,0x02,0x00,0x06,0x9b,0x10,0x07,0xec,0x05,0x17,0x38,0x3c,0x03,0x14,0x60,0x74,
    0x06,0x05,0x02,0x00,0x08,0x31,0x01,0x03,0x67,0x00,0x3a,0x08,0x60,0x28,0x44,0x06,
    0x01,0x62,0x02,0x0f,0x02,0x00,0x0c,0x11,0x10,0xb6,0x5f,0x02,0x07,0x01,0x02,0x02,
    0x00,0x04,0x38,0x04,0x0b,0x02,0x00,0x02,0xdc,0x00,0x03,0x02,0x00,0x09,0x24,0x00,
    0x03,0x29,0x04,0x05,0x02,0x00,0x05,0x3a,0x0e,0x22,0x00,0x38,0x68,0x3b,0x12,0x10,
    0x0b,0x00,0x0f,0x02,0x00,0x00,0x02,0x55,0x00,0x07,0x57,0x08,0x03,0x02,0x00,0x12,
    0x48,0x34,0x03,0x02,0x06,0x00,0x02,0x41,0x00,0x0c,0x3a,0x08,0x03,0x02,0x00,0x12,
    0x40,0xb1,0x02,0x01,0x76,0x45,0x03,0x76,0x01,0x01,0x3e,0x06,0x02,0x07,0x00,0x13,
    0x18,0x33,0x15,0x23,0x18,0x18,0x31,0x01,0x02,0xca,0x02,0x06,0x3a,0x0e,0x53,0x40,
    0x68,0x00,0x20,0x60,0x8c,0x03,0x01,0x1c,0x00,0x01,0xcd,0x00,0x02,0x72,0x1b,0x03,
    0x48,0x29,0x04,0x09,0x02,0x09,0x32,0x03,0x02,0x4e,0x00,0x02,0x02,0x00,0x0f,0xd3,
    0x0f,0x04,0x08,0x4c,0x07,0x0f,0xe0,0x0a,0x03,0x04,0x3a,0x0e,0x27,0x40,0x10,0x32,
    0x03,0x1c,0x08,0x92,0x36,0x03,0x07,0x02,0x02,0x0c,0x01,0x0f,0x31,0x01,0x05,0x0f,
    0x02,0x00,0x03,0x01,0xd2,0x00,0x0f,0xfc,0x1f,0x01,0x09,0x02,0x00,0x08,0x8e,0x03,
    0x04,0x7a,0x06,0x23,0x58,0x58,0x31,0x01,0x05,0x7e,0x00,0x05,0x97,0x10,0x41,0x00,
    0x18,0x58,0x08,0x8c,0x03,0x11,0x00,0xcd,0x6d,0x01,0x05,0x00,0x02,0x31,0x01,0x02,
    0xd4,0x07,0x02,0xd9,0x04,0x02,0x32,0x03,0x01,0x08,0x00,0x01,0x1d,0x03,0x09,0xa0,
    0x04,0x04,0x19,0x00,0x09,0x02,0x00,0x09,0xf3,0x05,0x12,0xb8,0x1b,0x00,0x04,0x9b,
    0x00,0x0d,0x3a,0x0e,0x24,0x28,0x40,0xab,0x04,0x08,0x02,0x00,0x02,0x58,0x00,0x03,
    0xf6,0x00,0x02,0x19,0x02,0x05,0x31,0x01,0x03,0x25,0x03,0x0b,0xee,0x05,0x03,0x28,
    0x06,0x0c,0xff,0x0b,0x05,0xc3,0x02,0x03,0x79,0x00,0x06,0xce,0x34,0x01,0x69,0x02,
    0x0f,0x53,0x07,0x00,0x06,0x57,0x08,0x02,0xff,0x0f,0x01,0xc8,0x11,0x07,0x23,0x0e,
    0x01,0x8c,0x03,0x01,0x67,0x00,0x01,0x62,0x02,0x0f,0x02,0x00,0x0a,0x02,0xe7,0x26,
    0x02,0xc8,0x13,0x02,0x02,0x00,0x0f,0xf7,0x05,0x02,0x09,0x53,0x01,0x03,0x54,0x04,
    0x0e,0x3a,0x0e,0x06,0xb9,0x13,0x01,0xdc,0x01,0x05,0x89,0x0b,0x05,0x09,0x00,0x0b,
    0x02,0x00,0x05,0x31,0x01,0x0b,0x02,0x00,0x03,0xc4,0x17,0x03,0xbe,0x00,0x01,0xca,
    0x00,0x07,0x5a,0x28,0x05,0x02,0x00,0x13,0x60,0x7e,0x01,0x03,0x56,0x4d,0x02,0x02,
    0x00,0x03,0xc3,0x0c,0x22,0x18,0x70,0x4e,0x02,0x04,0x21,0x18,0x02,0x72,0x2f,0x26,
    0x00,0x38,0x00,0x04,0x23,0x50,0x68,0x9b,0x0a,0x05,0x46,0x00,0x04,0x02,0x00,0x02,
    0x0e,0x05,0x13,0x18,0x0d,0x25,0x03,0x6d,0x21,0x0a,0x06,0x2f,0x08,0x7b,0x15,0x0f,
    0xf7,0x05,0x02,0x08,0xf3,0x05,0x0e,0xac,0x09,0x01,0xa2,0x01,0x02,0x06,0x09,0x04,
    0x77,0x02,0x01,0xa4,0x10,0x02,0x84,0x13,0x02,0x0d,0x00,0x03,0x02,0x00,0x09,0x9e,
    0x00,0x0f,0x31,0x01,0x05,0x01,0xf7,0x02,0x0c,0x02,0x00,0x03,0x38,0x01,0x03,0xb7,
    0x08,0x0f,0x02,0x00,0x02,0x07,0x7d,0x00,0x04,0x2b,0x0e,0x13,0x48,0x70,0x05,0x02,
    0xf6,0x44,0x01,0x80,0x00,0x06,0x8f,0x03,0x34,0x00,0x40,0x50,0x8c,0x03,0x02,0x06,
    0x3b,0x02,0xc1,0x06,0x11,0x78,0xe1,0x01,0x04,0xea,0x09,0x12,0x28,0x7a,0x01,0x05,
    0x0c,0x31,0x01,0x02,0x00,0x09,0xbd,0x0a,0x03,0x12,0x12,0x08,0x02,0x00,0x09,0x20,
    0x00,0x16,0x40,0x9a,0x00,0x03,0x15,0x03,0x13,0x30,0x8d,0x01,0x12,0x00,0xb4,0x01,
    0x04,0x6a,0x0f,0x09,0x02,0x00,0x03,0x76,0x03,0x04,0x40,0x01,0x01,0xa1,0x03,0x06,
    0x31,0x01,0x03,0x1e,0x00,0x08,0xee,0x08,0x05,0x46,0x04,0x09,0x64,0x01,0x05,0xe7,
    0x4e,0x06,0x1d,0x01,0x04,0x53,0x00,0x05,0x15,0x46,0x0f,0x02,0x00,0x01,0x02,0xa7,
    0x05,0x01,0x1a,0x00,0x26,0x60,0x28,0x06,0x01,0x05,0xbb,0x02,0x11,0x30,0x33,0x06,
    0x03,0xd0,0x00,0x0f,0x02,0x00,0x0b,0x01,0xd9,0x02,0x02,0x61,0x13,0x02,0x02,0x00,
    0x0f,0x6f,0x11,0x00,0x08,0x82,0x02,0x17,0xdf,0x04,0x26,0x07,0xc8,0x11,0x05,0x26,
    0x14,0x02,0xc4,0x04,0x05,0x45,0x0e,0x06,0x35,0x53,0x0e,0x02,0x00,0x06,0x31,0x01,
    0x0b,0x02,0x00,0x03,0x49,0x03,0x01,0xea,0x01,0x03,0x0a,0x13,0x01,0x86,0x01,0xd3,
    0x10,0x40,0x80,0x9f,0xbf,0xbf,0xdf,0xff,0xcf,0xbf,0xbf,0xbf,0xb0,0x1a,0x04,0x22,
    0x18,0x80,0x42,0x06,0x06,0x51,0x34,0x11,0x10,0xd3,0x00,0x06,0x54,0x01,0x29,0x38,
    0x10,0x31,0x01,0x01,0x6a,0x0f,0x01,0x1e,0x08,0x0a,0x8b,0x01,0x05,0x02,0x00,0x03,
    0x0b,0x04,0x04,0x94,0x12,0x07,0x8a,0x07,0x06,0x02,0x00,0x09,0x39,0x20,0x0e,0x48,
    0x00,0x08,0xe4,0x04,0x06,0x4e,0x02,0x01,0x02,0x00,0x04,0x8f,0x03,0x01,0x2d,0x66,
    0x05,0xbb,0x00,0x03,0x43,0x28,0x02,0x64,0x05,0x0e,0x50,0x00,0x03,0x02,0x00,0x0f,
    0x31,0x01,0x06,0x01,0x1e,0x01,0x0a,0x02,0x00,0x2e,0x18,0x30,0xac,0x62,0x11,0xbf,
    0x12,0x52,0x0d,0x02,0x00,0x13,0x10,0x3c,0x06,0x05,0x68,0x3b,0x15,0x30,0x31,0x01,
    0x04,0x1b,0x00,0x11,0x08,0x75,0x2e,0x15,0x30,0x8a,0x05,0x02,0xa7,0x03,0x12,0x38,
    0xbf,0x09,0x01,0x2b,0x07,0x31,0x00,0x00,0x38,0x75,0x02,0x06,0x3c,0x29,0x19,0x20,
    0xfa,0x00,0x08,0x13,0x01,0x03,0xf7,0x03,0x06,0x02,0x00,0x12,0x30,0x7b,0x02,0x02,
    0x02,0x00,0x03,0xa5,0x1a,0x05,0x68,0x3b,0x07,0x2e,0x00,0x02,0x77,0x00,0x0f,0x02,
    0x00,0x03,0x04,0x59,0x01,0x01,0x8c,0x03,0x03,0x77,0x02,0x08,0x31,0x01,0x02,0x4e,
    0x02,0x03,0xb7,0x4a,0x04,0x02,0x00,0x07,0x81,0x01,0x03,0xf8,0x6e,0xa2,0xef,0xb7,
    0x80,0x80,0x80,0x50,0x80,0x80,0x80,0xbf,0xb2,0x00,0x13,0xaf,0x68,0x02,0x04,0x7a,
    0x04,0x08,0x02,0x00,0x03,0x00,0x06,0x01,0x02,0x00,0x03,0x93,0x03,0x01,0xd5,0x11,
    0x04,0x8b,0x00,0x01,0x02,0x00,0x02,0x8c,0x03,0x02,0xba,0x00,0x02,0x9f,0x10,0x0f,
    0x42,0x05,0x02,0x08,0x02,0x00,0x2b,0x10,0x70,0x5b,0x0f,0x0d,0x94,0x03,0x08,0x78,
    0x0f,0x14,0xaf,0x89,0x26,0x07,0x64,0x35,0x04,0x20,0x05,0x01,0x02,0x00,0x01,0x2e,
    0x11,0x08,0xac,0x00,0x02,0x0c,0x00,0x0f,0x35,0x02,0x00,0x03,0x32,0x0b,0x06,0xb9,
    0x06,0x07,0x74,0x0a,0x02,0x58,0x01,0x01,0x0e,0x01,0xc4,0x10,0x50,0x00,0x00,0x50,
    0xdf,0xff,0xff,0xff,0xef,0x9f,0x50,0xed,0x09,0x61,0x30,0x68,0x00,0x00,0x20,0x60,
    0x49,0x04,0x04,0x3b,0x66,0x03,0x49,0x03,0x04,0x61,0x25,0x03,0xd7,0x02,0x04,0xb2,
    0x0d,0x03,0x31,0x01,0x01,0x64,0x00,0x11,0x40,0xc5,0x03,0x03,0x30,0x00,0x0f,0x02,
    0x00,0x08,0x03,0x6a,0x0c,0x05,0xcb,0x54,0x09,0x02,0x00,0x09,0xd7,0x05,0x03,0x6d,
    0x00,0x05,0x02,0x00,0x02,0xcd,0x01,0x02,0x02,0x00,0x12,0x60,0x00,0x01,0x02,0x02,
    0x00,0x03,0x02,0x02,0x0c,0x62,0x31,0x04,0x75,0x30,0x02,0x7b,0x30,0x03,0xe3,0x14,
    0x0f,0x02,0x00,0x00,0x08,0x62,0x02,0x0b,0x02,0x00,0x02,0x31,0x01,0x03,0x02,0x00,
    0x01,0x40,0x26,0x17,0xbf,0xcb,0x02,0x04,0x10,0x01,0x02,0xe4,0x6d,0x09,0xc3,0x53,
    0x04,0x31,0x01,0x11,0x78,0x6d,0x01,0x23,0x00,0x20,0xac,0x2a,0x02,0x31,0x01,0x02,
    0xf1,0x06,0x02,0x45,0x01,0x02,0x79,0x03,0x02,0x5b,0x02,0x03,0xa5,0x12,0x02,0x38,
    0x2a,0x05,0x53,0x20,0x13,0x48,0x85,0x00,0x12,0x28,0xaa,0x03,0x03,0x55,0x07,0x04,
    0x02,0x00,0x08,0x39,0x08,0x09,0x9b,0x00,0x0b,0x92,0x03,0x02,0x4d,0x01,0x02,0x7a,
    0x00,0x05,0x6a,0x0f,0x01,0xb5,0x04,0x09,0xe3,0x03,0x01,0x02,0x00,0x08,0x5c,0x01,
    0x04,0xaf,0x0c,0x03,0x24,0x60,0x01,0x13,0x01,0x09,0x31,0x01,0x04,0x58,0x16,0x04,
    0xf3,0x03,0x06,0x02,0x00,0x52,0x60,0xef,0xff,0xff,0xcf,0x00,0x01,0x0c,0x6b,0x33,
    0x02,0xfd,0x67,0x33,0xef,0x50,0x30,0x33,0x2e,0x06,0x02,0x00,0x04,0x41,0x02,0x03,
    0xd4,0x01,0x02,0x31,0x01,0x08,0xd5,0x0a,0x02,0x21,0x00,0x02,0x31,0x01,0x01,0x30,
    0x14,0x05,0xf2,0x1e,0x09,0x93,0x12,0x08,0x02,0x00,0x05,0xd0,0x00,0x2a,0x08,0x68,
    0xf7,0x25,0x0b,0x94,0x03,0x12,0x70,0x5c,0x02,0x01,0x02,0x00,0x02,0x1b,0x00,0x03,
    0x68,0x0d,0x02,0xe6,0x05,0x04,0xe1,0x07,0x01,0x9b,0x00,0x08,0xe2,0x31,0x0a,0x02,
    0x00,0x06,0xfe,0x07,0x05,0x02,0x00,0x02,0x31,0x01,0x15,0xa8,0x10,0x00,0x01,0x02,
    0x00,0x02,0x92,0x01,0x03,0x94,0x01,0x21,0x38,0x10,0x96,0x0d,0x14,0xef,0x8d,0x01,
    0x22,0x28,0x68,0x7c,0x7f,0x21,0xc7,0x8f,0x6a,0x16,0x01,0x98,0x1a,0x53,0x80,0xff,
    0xff,0xff,0xa7,0x0d,0x02,0x07,0xac,0x07,0x01,0x88,0x02,0x01,0x94,0x00,0x42,0x00,
    0x18,0x80,0x18,0x31,0x01,0x12,0x08,0x0d,0x00,0x02,0x1d,0x00,0x0f,0x02,0x00,0x0f,
    0x05,0x3a,0x01,0x04,0x8c,0x09,0x08,0x02,0x00,0x0f,0x94,0x03,0x08,0x0f,0x7d,0x02,
    0x08,0x01,0x67,0x0c,0x03,0xb0,0x05,0x01,0x02,0x00,0x02,0xa2,0x00,0x03,0xf1,0x17,
    0x02,0xc6,0x00,0x03,0xe2,0x0c,0x0f,0x02,0x00,0x00,0x02,0x31,0x01,0x0a,0xc4,0x04,
    0x04,0x02,0x00,0x04,0xad,0x00,0xc2,0x10,0xbf,0xff,0xff,0xcf,0x20,0x00,0x00,0x00,
    0x58,0x08,0x10,0xb5,0x04,0x04,0x02,0x00,0x32,0xef,0xaf,0x60,0xbf,0x09,0x25,0x30,
    0xcf,0x97,0x03,0x03,0x9b,0x19,0x03,0x32,0x02,0x04,0xae,0x4f,0x32,0x08,0x40,0x08,
    0x31,0x01,0x01,0x25,0x05,0x01,0x44,0x07,0x12,0x08,0x3c,0x4c,0x03,0x8c,0x03,0x04,
    0x07,0x06,0x03,0xa8,0x34,0x04,0xb0,0x02,0x04,0x7e,0x21,0x06,0xc7,0x1f,0x06,0x43,
    0x3b,0x19,0x08,0x8b,0x2e,0x09,0xbc,0x0a,0x02,0xa3,0x1a,0x03,0x02,0x00,0x04,0x00,
    0x02,0x07,0x8e,0x1c,0x02,0x02,0x00,0x0b,0xc7,0x03,0x01,0x02,0x00,0x0f,0x55,0x02,
    0x00,0x08,0x8d,0x0f,0x1b,0x30,0x31,0x01,0x04,0x95,0x03,0x17,0x28,0x65,0x00,0x51,
    0x10,0xcf,0xff,0xff,0x9f,0x10,0x00,0x12,0x18,0xeb,0x25,0x72,0xdf,0xbf,0x80,0x80,
    0x80,0x80,0x8f,0x73,0x2d,0x12,0xdf,0xa2,0x04,0x28,0x20,0xcf,0x96,0x29,0x05,0x32,
    0x65,0x08,0x3f,0x05,0x06,0x31,0x01,0x03,0x02,0x00,0x02,0xa4,0x0a,0x03,0x5a,0x01,
    0x12,0x40,0xb5,0x01,0x13,0x08,0x26,0x35,0x03,0x47,0x01,0x0f,0x02,0x00,0x01,0x02,
    0x11,0x02,0x63,0x00,0x00,0x00,0x58,0x10,0x70,0x13,0x01,0x0d,0xfe,0x0c,0x08,0x48,
    0x0e,0x01,0x92,0x03,0x03,0xba,0x04,0x02,0x3c,0x05,0x04,0x02,0x00,0x02,0x1d,0x01,
    0x02,0x87,0x00,0x0f,0x02,0x00,0x03,0x08,0x89,0x02,0x02,0x02,0x00,0x04,0x31,0x01,
    0x02,0x8a,0x02,0x05,0x02,0x00,0x04,0x95,0x00,0x12,0x20,0x52,0x0b,0x11,0x9f,0xa4,
    0x16,0x01,0x1b,0x69,0x22,0xaf,0x78,0xcb,0x01,0x42,0x50,0x08,0x00,0x00,0x97,0x09,
    0x81,0xdf,0x50,0x00,0x00,0x00,0x10,0x58,0x9f,0x67,0x11,0x06,0x20,0x01,0x09,0x02,
    0x00,0x27,0x60,0x28,0x31,0x01,0x0a,0xdc,0x37,0x03,0x02,0x00,0x04,0x62,0x02,0x0d,
    0x02,0x00,0x04,0x6f,0x04,0x07,0x4d,0x2c,0x04,0x9e,0x00,0x09,0x79,0x15,0x09,0x50,
    0x0e,0x08,0xda,0x11,0x01,0x48,0x02,0x09,0xcf,0x0d,0x04,0x37,0x2d,0x02,0x02,0x00,
    0x02,0x37,0x01,0x13,0x00,0x57,0x06,0x01,0x1a,0x02,0x0f,0x2a,0x01,0x01,0x03,0x02,
    0x00,0x04,0x31,0x01,0x03,0x0f,0x00,0x0b,0x02,0x00,0x21,0x08,0x28,0xd1,0x08,0x11,
    0x9f,0xc3,0x0b,0x53,0xbf,0xff,0xff,0xff,0xa7,0x5e,0x00,0x05,0xc4,0x16,0x34,0x48,
    0x9f,0xff,0x8d,0x03,0x44,0x9f,0xff,0xff,0x9f,0x84,0x06,0x04,0xea,0x0b,0x22,0x50,
    0x58,0x52,0x00,0x27,0x58,0x20,0x31,0x01,0x11,0x18,0xf7,0x08,0x04,0xc5,0x52,0x0c,
    0x2a,0x01,0x03,0x62,0x00,0x13,0x08,0x2c,0x0c,0x05,0x69,0x49,0x06,0x95,0x03,0x04,
    0x20,0x13,0x42,0x00,0x00,0x00,0xe7,0x5e,0x02,0x01,0x02,0x00,0x08,0xf4,0x01,0x08,
    0x6b,0x41,0x03,0x51,0x00,0x01,0xbb,0x04,0x02,0x0f,0x01,0x02,0x3a,0x06,0x03,0x60,
    0x10,0x04,0x02,0x00,0x03,0x86,0x01,0x08,0x46,0x00,0x08,0x02,0x00,0x03,0x43,0x0b,
    0x0f,0x88,0x09,0x00,0x02,0x0c,0x07,0x12,0x00,0x9c,0x04,0x01,0x81,0x0c,0x01,0xeb,
    0x0f,0x51,0x30,0xef,0xff,0xff,0xbf,0x4e,0x00,0x02,0xdc,0x06,0x05,0x02,0x00,0x51,
    0x30,0xcf,0xff,0xff,0xdf,0x17,0x0f,0x16,0x9f,0x84,0x0c,0x13,0x10,0x8b,0x27,0x14,
    0x20,0x68,0x00,0x06,0xdf,0x11,0x01,0x0c,0x00,0x01,0xa4,0x07,0x02,0x6a,0x00,0x03,
    0x8c,0x03,0x22,0x00,0x78,0xff,0x02,0x13,0x10,0x94,0x03,0x13,0x00,0x42,0x00,0x0f,
    0x02,0x00,0x0a,0x21,0x10,0xb7,0x2b,0x01,0x02,0x02,0x00,0x04,0x96,0x06,0x0b,0x55,
    0x08,0x31,0xcf,0x00,0x00,0x86,0x1a,0x01,0xe6,0x01,0x02,0x31,0x01,0x02,0x02,0x00,
    0x03,0xbb,0x0a,0x0c,0xb1,0x01,0x0a,0x02,0x00,0x0d,0xfe,0x05,0x06,0x62,0x02,0x0d,
    0x1b,0x00,0x01,0x02,0x00,0x71,0x20,0xef,0xff,0xcf,0x10,0x00,0x60,0x12,0x27,0x03,
    0x92,0x00,0xa3,0x60,0x58,0x80,0x8f,0xbf,0xbf,0xbf,0x80,0x70,0x30,0x44,0x12,0x53,
    0x80,0xff,0xff,0xf7,0x88,0x49,0x1b,0x01,0x53,0x01,0x0c,0x02,0x00,0x02,0xb8,0x10,
    0x05,0xc4,0x04,0x03,0x90,0x06,0x03,0x02,0x00,0x04,0xb1,0x00,0x02,0xd2,0x11,0x05,
    0x62,0x02,0x07,0x02,0x00,0x05,0x95,0x03,0x15,0x18,0x5e,0x00,0x04,0x13,0x00,0x02,
    0xbf,0x00,0x02,0x02,0x00,0x01,0xb6,0x17,0x02,0x02,0x00,0x12,0x70,0x12,0x00,0x01,
    0x02,0x00,0x01,0x83,0x6a,0x07,0xb8,0x01,0x06,0x01,0x42,0x02,0x02,0x00,0x04,0x6c,
    0x15,0x05,0x5c,0x00,0x02,0x02,0x00,0x0b,0x0f,0x00,0x05,0x02,0x00,0x02,0x72,0x00,
    0x0f,0x93,0x03,0x05,0x32,0x00,0x00,0xaf,0xfd,0x2c,0x22,0x30,0xef,0xf3,0x4e,0x46,
    0x28,0x28,0x40,0x9f,0xef,0x02,0x22,0xef,0x8f,0x2e,0x41,0x22,0x50,0xef,0x26,0x00,
    0x23,0x10,0xef,0x2e,0x16,0x04,0xee,0x02,0x03,0x57,0x22,0x01,0x0e,0x0d,0x06,0x31,
    0x01,0x03,0xa9,0x2f,0x03,0x06,0x0d,0x0f,0x02,0x00,0x06,0x03,0x76,0x15,0x06,0xd8,
    0x03,0x22,0x00,0x20,0x3f,0x05,0x07,0xd1,0x0a,0x16,0x00,0x8d,0x00,0x08,0xbd,0x02,
    0x11,0xaf,0x2b,0x01,0x02,0x02,0x00,0x02,0xc8,0x02,0x02,0x9d,0x07,0x02,0x08,0x00,
    0x03,0x68,0x05,0x04,0xae,0x37,0x03,0x02,0x00,0x12,0x18,0x08,0x00,0x06,0xa8,0x29,
    0x0c,0x02,0x00,0x02,0x43,0x01,0x0f,0x31,0x01,0x01,0x04,0x34,0x00,0x11,0x40,0x1f,
    0x00,0x12,0x80,0xf7,0x27,0x01,0x38,0x01,0x31,0x00,0x38,0xd7,0x3f,0x2c,0x15,0xbf,
    0x25,0x07,0x02,0x3f,0x07,0x22,0x30,0xef,0x3d,0x2a,0x12,0x50,0x2f,0x00,0x06,0x60,
    0x44,0x06,0xae,0x00,0x07,0x62,0x02,0x03,0x02,0x00,0x04,0x20,0x08,0x03,0x8c,0x03,
    0x14,0x00,0x39,0x83,0x13,0x60,0xf8,0x04,0x05,0x31,0x01,0x0f,0x02,0x00,0x09,0x0f,
    0x1b,0x01,0x03,0x0b,0x47,0x01,0x03,0xf5,0x10,0x06,0xf8,0x2f,0x01,0x02,0x00,0x03,
    0x16,0x00,0x05,0xcf,0x0b,0x0f,0x02,0x00,0x04,0x02,0x28,0x01,0x05,0x02,0x00,0x09,
    0x31,0x01,0x02,0x46,0x04,0x08,0x02,0x00,0x81,0xbf,0xff,0xdf,0x00,0x10,0x28,0x00,
    0xbf,0xa9,0x01,0x91,0x08,0x40,0x60,0xef,0xff,0xff,0xdf,0x70,0x88,0x7e,0x67,0x54,
    0x10,0x00,0x30,0x8f,0xef,0xf7,0x5e,0x12,0x98,0x2c,0x04,0x48,0x00,0xaf,0xff,0xef,
    0x27,0x04,0x03,0x02,0x00,0x02,0xee,0x03,0x05,0x62,0x02,0x08,0xb4,0x08,0x07,0x8c,
    0x03,0x05,0x94,0x03,0x03,0xec,0x01,0x07,0x02,0x00,0x03,0x6f,0x04,0x06,0x8a,0x3a,
    0x05,0xa7,0x19,0x12,0x70,0x47,0x02,0x01,0x02,0x00,0x05,0x28,0x03,0x11,0x30,0x0f,
    0x00,0x02,0x02,0x00,0x17,0xaf,0xf5,0x10,0x02,0x02,0x00,0x02,0xe2,0x16,0x05,0x02,
    0x00,0x04,0x00,0x1b,0x0b,0x9b,0x05,0x04,0x14,0x48,0x0c,0x02,0x00,0x09,0x31,0x01,
    0x06,0x02,0x00,0x03,0xb4,0x00,0x11,0x40,0x95,0x07,0x23,0x08,0x60,0xc0,0x04,0x62,
    0xb7,0xff,0xff,0xef,0xa0,0x08,0x26,0x00,0x01,0x20,0x02,0x23,0x10,0x80,0x51,0x17,
    0x21,0x10,0x60,0xb0,0x00,0x21,0x30,0x88,0x07,0x00,0x04,0x8a,0x13,0x04,0x9a,0x03,
    0x02,0x9f,0x23,0x05,0x31,0x01,0x13,0x78,0xc2,0x07,0x0f,0x01,0x09,0x09,0x01,0x02,
    0x00,0x04,0x8b,0x1e,0x07,0xd7,0x11,0x06,0xb6,0x0d,0x01,0xfd,0x0a,0x09,0x1c,0x01,
    0x05,0xc5,0x04,0x08,0x86,0x09,0x03,0x79,0x05,0x01,0x75,0x0c,0x11,0x10,0x08,0x00,
    0x04,0x96,0x00,0x02,0x0e,0x00,0x05,0x02,0x00,0x13,0x20,0x10,0x00,0x04,0xf0,0x0f,
    0x03,0x0f,0x00,0x08,0x02,0x00,0x09,0xef,0x24,0x02,0x02,0x00,0x13,0x08,0x27,0x00,
    0x03,0x25,0x05,0x32,0xaf,0xff,0xdf,0x91,0x03,0xa3,0xbf,0x00,0x00,0x00,0x18,0x8f,
    0xff,0xff,0xcf,0x20,0xa7,0x16,0x04,0x02,0x00,0x23,0x30,0xcf,0x46,0x07,0x11,0xaf,
    0x8f,0x29,0x21,0x30,0x9f,0x63,0x02,0x03,0x77,0x0f,0x04,0x9e,0x29,0x02,0xc7,0x07,
    0x05,0x31,0x01,0x03,0x14,0x09,0x12,0x10,0x8e,0x16,0x02,0x2d,0x13,0x01,0xfc,0x08,
    0x03,0x49,0x01,0x04,0x31,0x07,0x05,0x57,0x55,0x0f,0x02,0x00,0x09,0x07,0x7e,0x03,
    0x05,0x8a,0x09,0x08,0x86,0x09,0x16,0x40,0xa0,0x02,0x04,0x5f,0x4a,0x03,0x02,0x00,
    0x01,0x44,0x2b,0x0f,0x02,0x00,0x11,0x09,0x95,0x03,0x0b,0x62,0x02,0x04,0xb3,0x06,
    0x02,0x02,0x00,0x12,0x10,0xa1,0x01,0xb2,0x80,0xff,0xff,0x38,0x00,0x00,0x08,0x98,
    0xff,0xff,0xcf,0x42,0x09,0x41,0x60,0xa0,0x80,0x80,0x25,0x07,0x03,0x08,0x0c,0x43,
    0x60,0x00,0x78,0x30,0x56,0x01,0x12,0x20,0x94,0x02,0x01,0x1b,0x00,0x05,0x02,0x00,
    0x0b,0x31,0x01,0x01,0x6a,0x18,0x07,0x02,0x00,0x04,0xfd,0x0e,0x05,0x06,0x06,0x0f,
    0x7b,0x02,0x01,0x05,0x75,0x15,0x15,0x18,0x7a,0x03,0x01,0x78,0x02,0x08,0xc5,0x04,
    0x04,0xda,0x00,0x08,0x49,0x0e,0x4a,0x00,0x00,0x00,0x18,0x17,0x10,0x06,0xe0,0x03,
    0x02,0x02,0x00,0x04,0xf1,0x09,0x03,0x2c,0x02,0x06,0x02,0x00,0x03,0x36,0x02,0x0a,
    0x02,0x00,0x04,0x31,0x01,0x03,0x69,0x03,0x07,0x02,0x00,0x11,0x38,0xdb,0x02,0x74,
    0x10,0x10,0x28,0x00,0xdf,0xff,0x9f,0x61,0x08,0x01,0xef,0x6a,0x04,0x6b,0x12,0xf5,
    0x09,0xcf,0x50,0x00,0x00,0x58,0x48,0x10,0xcf,0xff,0xff,0x30,0x28,0x08,0x00,0x60,
    0xff,0xff,0x40,0x20,0x48,0x00,0xaf,0xff,0xcf,0x7c,0x00,0x04,0x89,0x0c,0x0b,0x93,
    0x03,0x23,0x38,0x80,0x6e,0x00,0x0b,0xa8,0x06,0x0f,0x02,0x00,0x01,0x03,0x4b,0x39,
    0x06,0xa3,0x05,0x05,0x2f,0x04,0x03,0x67,0x14,0x08,0xc5,0x04,0x01,0xd4,0x0b,0x04,
    0xbb,0x27,0x02,0x02,0x00,0x05,0xa7,0x03,0x06,0x02,0x00,0x0e,0x0a,0x13,0x02,0x02,
    0x00,0x02,0x88,0x17,0x07,0xd6,0x18,0x0d,0x42,0x01,0x44,0x00,0x00,0x08,0x28,0x31,
    0x01,0x06,0xbc,0x00,0x16,0x28,0x28,0x00,0x71,0xaf,0xff,0xaf,0x00,0x08,0x08,0x50,
    0xbb,0x01,0x62,0x20,0x9f,0xff,0xef,0x38,0x18,0x8a,0x0f,0x41,0xff,0xdf,0xbf,0xbf,
    0x4a,0x0e,0x45,0xbf,0x10,0x10,0x10,0x4d,0x08,0xc2,0xdf,0xff,0x9f,0x28,0x50,0x00,
    0x50,0xff,0xff,0x20,0x00,0x78,0x1e,0x07,0x04,0x0a,0x13,0x0b,0xf5,0x05,0x04,0xd5,
    0x0f,0x14,0x20,0xa4,0x0a,0x04,0x8c,0x29,0x04,0x06,0x57,0x06,0x3a,0x07,0x07,0x37,
    0x1c,0x07,0x02,0x00,0x04,0x3b,0x09,0x48,0x00,0x00,0x18,0x30,0xc5,0x04,0x01,0x62,
    0x0b,0x04,0x05,0x02,0x02,0x02,0x00,0x01,0x8f,0x02,0x12,0x18,0x3c,0x00,0x0b,0x93,
    0x03,0x07,0x31,0x0c,0x0f,0x02,0x00,0x0d,0x07,0x74,0x1f,0x04,0x31,0x01,0x0f,0x33,
    0x00,0x02,0x71,0xef,0xff,0x70,0x00,0x00,0x00,0x9f,0x5d,0x09,0x61,0x50,0xff,0xff,
    0x80,0x08,0x08,0x28,0x5a,0x52,0xbf,0x40,0x00,0x68,0x18,0x4d,0x83,0x01,0x06,0x39,
    0x51,0x50,0xff,0xff,0x88,0x58,0xec,0x01,0x11,0x10,0x1a,0x09,0x14,0x70,0xf5,0x05,
    0x0a,0x7c,0x03,0x05,0xc4,0x04,0x05,0x02,0x00,0x04,0xb5,0x0c,0x05,0x3b,0x36,0x02,
    0x1b,0x13,0x02,0x2e,0x1c,0x01,0x08,0x00,0x08,0x02,0x00,0x12,0x18,0xe7,0x0f,0x07,
    0x85,0x23,0x01,0xcb,0x0a,0x02,0x19,0x01,0x01,0x02,0x00,0x02,0x05,0x0a,0x09,0x75,
    0x02,0x11,0x50,0xc2,0x14,0x01,0x36,0x00,0x04,0x6a,0x12,0x05,0x08,0x00,0x03,0x48,
    0x01,0x0d,0x92,0x61,0x06,0x02,0x00,0x0f,0x95,0x03,0x00,0x07,0x31,0x01,0x04,0x02,
    0x04,0x05,0x8c,0x02,0x11,0x30,0x5b,0x02,0x21,0x00,0xef,0xf5,0x61,0x11,0x8f,0xce,
    0x05,0x91,0x00,0xbf,0xff,0xff,0x60,0x00,0x28,0x28,0x18,0x2b,0x11,0xc1,0x70,0xff,
    0xff,0xcf,0x60,0x38,0x00,0x00,0xbf,0xff,0xef,0x38,0xf2,0x04,0x52,0x60,0x38,0x10,
    0x00,0xaf,0x1f,0x10,0x01,0x02,0x00,0x03,0x7b,0x03,0x0b,0xb9,0x0a,0x05,0x50,0x15,
    0x05,0xbb,0x00,0x0f,0x02,0x00,0x00,0x02,0xf8,0x04,0x17,0x00,0x4f,0x48,0x04,0x4a,
    0x11,0x0b,0x02,0x00,0x02,0x88,0x01,0x02,0x02,0x00,0x02,0x1b,0x00,0x08,0xf4,0x05,
    0x04,0x94,0x01,0x08,0x02,0x00,0x0b,0x6a,0x02,0x05,0x72,0x05,0x05,0x22,0x11,0x05,
    0xc2,0x02,0x07,0xb7,0x01,0x04,0x0b,0x00,0x07,0x31,0x01,0x06,0x02,0x00,0x03,0x66,
    0x00,0x11,0x50,0x82,0x00,0x11,0x20,0x6a,0x06,0x71,0x00,0xdf,0xff,0x8f,0x40,0x00,
    0x00,0x61,0x08,0x13,0x10,0xd7,0x17,0x71,0x20,0x00,0x60,0xff,0xff,0xa8,0x18,0x45,
    0x00,0x11,0x50,0x4d,0x01,0x75,0xaf,0x78,0x30,0x00,0x70,0xff,0xef,0x85,0x38,0x03,
    0x84,0x0a,0x11,0x08,0x03,0x08,0x02,0xda,0x00,0x01,0x18,0x02,0x04,0xf1,0x09,0x02,
    0xdd,0x04,0x08,0x5b,0x02,0x05,0x95,0x03,0x05,0x1b,0x00,0x05,0xbe,0x00,0x07,0x66,
    0x21,0x05,0x9a,0x15,0x0b,0x0b,0x19,0x02,0xf4,0x01,0x07,0xf4,0x05,0x05,0x39,0x07,
    0x01,0x77,0x00,0x07,0x63,0x08,0x01,0x10,0x00,0x05,0x39,0x0c,0x0c,0x02,0x00,0x03,
    0xe9,0x01,0x08,0x02,0x00,0x04,0x6d,0x02,0x0a,0x31,0x01,0x0a,0x29,0x00,0xd2,0x80,
    0xff,0xcf,0x10,0x28,0x00,0x40,0xff,0xff,0x00,0x00,0x48,0x28,0x37,0x01,0x33,0xcf,
    0xff,0xbf,0x1e,0x05,0x02,0x8e,0x05,0x12,0x8f,0xc4,0x01,0x71,0xdf,0xff,0xaf,0x48,
    0x00,0x00,0x80,0x85,0x08,0x44,0x40,0xff,0xff,0x20,0xac,0x01,0x04,0xdc,0x08,0x01,
    0x02,0x00,0x06,0x31,0x01,0x05,0x02,0x00,0x05,0x20,0x00,0x05,0x8c,0x03,0x05,0x59,
    0x3c,0x04,0x2e,0x0e,0x01,0xda,0x00,0x04,0x98,0x00,0x03,0x3c,0x13,0x01,0x3d,0x11,
    0x01,0x07,0x00,0x06,0xc6,0x34,0x01,0x02,0x00,0x02,0xf6,0x05,0x01,0x0b,0x00,0x02,
    0x02,0x00,0x02,0xf4,0x05,0x03,0x53,0x02,0x0c,0xa3,0x02,0x05,0x13,0x08,0x02,0xf9,
    0x18,0x0f,0x02,0x00,0x02,0x05,0xa2,0x00,0x04,0x02,0x00,0x0a,0x31,0x01,0x04,0x47,
    0x01,0x02,0xa0,0x03,0x47,0x80,0xff,0xbf,0x00,0x07,0x01,0x02,0x80,0x12,0x12,0x50,
    0x74,0x26,0xf1,0x00,0x60,0x18,0x08,0x00,0x00,0x30,0x50,0x10,0xef,0xff,0xa7,0x58,
    0x00,0x00,0x80,0xf1,0x0b,0x72,0x40,0xff,0xff,0x10,0x18,0x08,0x00,0x5b,0x01,0x09,
    0x02,0x00,0x2b,0x10,0x60,0xc9,0x1d,0x03,0x97,0x15,0x0f,0x02,0x00,0x0b,0x03,0xe9,
    0x02,0x05,0x76,0x2d,0x0b,0x02,0x00,0x03,0xdb,0x0c,0x08,0xf6,0x05,0x01,0x8c,0x05,
    0x0d,0x11,0x00,0x07,0xc5,0x14,0x02,0x02,0x00,0x12,0x60,0x94,0x06,0x05,0x02,0x00,
    0x05,0xff,0x03,0x05,0x4a,0x29,0x04,0xac,0x11,0x05,0xaf,0x03,0x05,0xf4,0x07,0x0a,
    0x31,0x01,0x0a,0x02,0x00,0x13,0x8f,0x31,0x01,0x02,0x37,0x01,0x12,0xef,0x0d,0x12,
    0x02,0x2c,0x05,0x02,0x83,0x07,0x71,0x10,0x18,0x00,0x8f,0xff,0xef,0x38,0x46,0x00,
    0xa1,0x10,0x00,0x00,0x00,0xff,0xff,0x40,0x80,0x28,0x00,0xe6,0x04,0x03,0x10,0x0e,
    0x12,0x68,0x9b,0x00,0x0d,0x31,0x01,0x14,0x50,0x71,0x05,0x02,0xa7,0x16,0x42,0x00,
    0x00,0x00,0x50,0x4f,0x03,0x07,0x4e,0x71,0x05,0x45,0x07,0x08,0xb6,0x00,0x02,0x44,
    0x18,0x01,0x02,0x00,0x13,0x30,0x44,0x00,0x02,0x4c,0x02,0x01,0x02,0x00,0x01,0x51,
    0x02,0x02,0xd3,0x00,0x02,0x02,0x00,0x02,0x73,0x02,0x04,0x02,0x00,0x04,0x3a,0x0c,
    0x03,0x3a,0x0b,0x02,0xfb,0x1e,0x0f,0x02,0x00,0x03,0x04,0xd4,0x02,0x08,0x02,0x00,
    0x01,0xc7,0x04,0x02,0x5e,0x00,0x16,0x80,0x20,0x00,0x05,0xd7,0x01,0x51,0x00,0x38,
    0xbf,0xff,0x8f,0x62,0x02,0x02,0x31,0x01,0x11,0xbf,0x31,0x01,0x11,0xdf,0x62,0x07,
    0x01,0xc5,0x04,0x21,0x50,0x50,0x12,0x00,0x21,0xff,0x10,0xf0,0x05,0xd5,0x40,0x40,
    0x08,0x00,0xff,0xff,0x50,0x08,0x00,0x00,0xbf,0xff,0x80,0x31,0x01,0x05,0xb3,0x01,
    0x01,0xe3,0x04,0x0a,0x53,0x10,0x01,0x02,0x00,0x05,0xa4,0x0a,0x05,0x8c,0x03,0x05,
    0x52,0x1b,0x08,0xce,0x1d,0x21,0x08,0x58,0xae,0x00,0x0c,0x67,0x1e,0x01,0x71,0x19,
    0x07,0xb3,0x04,0x21,0xdf,0x00,0xb1,0x00,0x02,0x2d,0x01,0x22,0xff,0xff,0x78,0x0b,
    0x06,0x8e,0x01,0x04,0x15,0x0d,0x05,0x02,0x00,0x05,0x7e,0x00,0x02,0x01,0x02,0x0f,
    0x02,0x00,0x03,0x04,0x71,0x05,0x02,0x02,0x00,0x03,0x31,0x01,0x06,0x8c,0x03,0x07,
    0x02,0x00,0x02,0xf0,0x06,0x41,0x80,0xff,0xbf,0x38,0x06,0x00,0x61,0x00,0x08,0x38,
    0x40,0xff,0xff,0xf9,0x03,0x05,0x61,0x2b,0xf2,0x06,0x30,0x68,0xff,0xff,0x40,0x38,
    0x40,0x00,0xff,0xff,0x48,0x60,0x18,0x00,0xcf,0xff,0x80,0x00,0x08,0x10,0xbf,0x1a,
    0x03,0x0a,0x02,0x00,0x11,0x48,0xc2,0x0f,0x11,0xff,0xd9,0x03,0x01,0xf6,0x12,0x14,
    0x60,0x02,0x01,0x06,0xac,0x01,0x0e,0x02,0x00,0x14,0x20,0x2d,0x0d,0x06,0x31,0x01,
    0x06,0x88,0x40,0x01,0xd6,0x17,0x0b,0xec,0x0b,0x0c,0x25,0x07,0x03,0xd7,0x05,0x13,
    0x28,0x8d,0x02,0x04,0x02,0x00,0x01,0x24,0x0c,0x08,0x02,0x00,0x05,0x20,0x00,0x06,
    0xe2,0x01,0x04,0x7b,0x00,0x08,0x02,0x00,0x2f,0x20,0x10,0x72,0x15,0x00,0x04,0x87,
    0x22,0x02,0x25,0x01,0x04,0x06,0x00,0x11,0x60,0x8d,0x00,0x11,0x40,0xe4,0x05,0x01,
    0x4f,0x0e,0x01,0x62,0x32,0x83,0x20,0x10,0x18,0xff,0xff,0x40,0x28,0x28,0xb8,0x04,
    0x62,0xbf,0xff,0x80,0x00,0x58,0x60,0x31,0x01,0x03,0x31,0x15,0x04,0x9c,0x03,0x26,
    0x58,0x30,0x10,0x13,0x01,0xba,0x08,0x14,0x60,0x29,0x01,0x05,0x95,0x03,0x06,0x6d,
    0x03,0x15,0x78,0x9f,0x03,0x03,0x3e,0x00,0x01,0x02,0x00,0x05,0xfc,0x02,0x08,0x08,
    0x3a,0x29,0x10,0x40,0x52,0x02,0x15,0x30,0xca,0x02,0x01,0x02,0x00,0x09,0x25,0x07,
    0x01,0xf0,0x03,0x02,0x1a,0x01,0x01,0xf6,0x01,0x01,0x87,0x00,0x0f,0x17,0x01,0x01,
    0x0f,0x02,0x00,0x0a,0x03,0x62,0x02,0x03,0x6a,0x21,0x0a,0x02,0x00,0x02,0x87,0x03,
    0x02,0x2b,0x01,0x11,0x68,0x2b,0x01,0x02,0x94,0x09,0x23,0x10,0x08,0x89,0x43,0x24,
    0x20,0x78,0xe3,0x05,0xb3,0xff,0xff,0x40,0x00,0x10,0x38,0xbf,0xff,0x80,0x00,0x10,
    0x62,0x02,0x03,0x56,0x24,0x06,0xf4,0x13,0x03,0x31,0x01,0x04,0x04,0x28,0x05,0x02,
    0x00,0x01,0x57,0x03,0x01,0xab,0x1f,0x05,0xbd,0x00,0x05,0x13,0x00,0x08,0x02,0x00,
    0x04,0x37,0x0c,0x01,0x02,0x00,0x05,0x22,0x00,0x29,0x10,0x58,0x5b,0x4c,0x02,0x01,
    0x09,0x01,0x2d,0x01,0x01,0xaa,0x6c,0x04,0x95,0x16,0x04,0x8d,0x1f,0x05,0xb6,0x08,
    0x03,0x02,0x00,0x06,0x58,0x0e,0x06,0x95,0x03,0x04,0xfb,0x02,0x06,0x02,0x00,0x04,
    0xdb,0x39,0x01,0xf7,0x04,0x01,0x5a,0x00,0x0c,0x44,0x03,0x01,0x44,0x02,0x82,0x00,
    0x60,0xff,0xef,0x00,0x10,0x20,0x40,0x2b,0x01,0x02,0x10,0x04,0x12,0x80,0xc5,0x01,
    0xb1,0x00,0x10,0x00,0x00,0x9f,0xcf,0x50,0x68,0x18,0x00,0x30,0x1e,0x00,0x72,0x30,
    0xff,0xff,0x40,0x00,0x28,0x70,0x65,0x05,0x02,0x62,0x02,0x0c,0x02,0x00,0x22,0x08,
    0x48,0x6c,0x04,0x05,0xc3,0x07,0x15,0x18,0x95,0x03,0x1e,0x10,0xa3,0x00,0x04,0x86,
    0x0e,0x04,0xdb,0x23,0x01,0x5d,0x08,0x02,0x07,0x00,0x01,0x02,0x00,0x17,0x68,0x44,
    0x04,0x02,0xf4,0x01,0x02,0x02,0x00,0x1a,0x80,0x05,0x06,0x14,0x9f,0xd6,0x37,0x14,
    0x18,0xb4,0x02,0x04,0x02,0x00,0x01,0x85,0x18,0x08,0x02,0x00,0x05,0x84,0x00,0x06,
    0xe9,0x04,0x07,0x25,0x0e,0x06,0x02,0x00,0x11,0x48,0x69,0x00,0x02,0x31,0x01,0x05,
    0x8c,0x03,0x03,0x02,0x00,0x05,0x2b,0x01,0x11,0x60,0x2a,0x04,0x12,0xcf,0xea,0x11,
    0x02,0xab,0x16,0x12,0x08,0x01,0x13,0x01,0xa7,0x0a,0x01,0xe3,0x0a,0x11,0x20,0xab,
    0x00,0x11,0x40,0xca,0x19,0x01,0x4f,0x00,0x04,0x79,0x00,0x04,0xa7,0x16,0x11,0x78,
    0xad,0x15,0x06,0x48,0x16,0x01,0x3a,0x07,0x01,0x02,0x00,0x05,0xa4,0x0a,0x14,0x00,
    0xf1,0x11,0x07,0xd8,0x29,0x12,0x28,0x45,0x03,0x01,0x02,0x00,0x06,0x87,0x09,0x03,
    0x4e,0x18,0x01,0x02,0x00,0x11,0x18,0xc3,0x00,0x02,0x02,0x00,0x11,0x80,0x69,0x0b,
    0x05,0x02,0x00,0x01,0x89,0x00,0x09,0x02,0x00,0x02,0x44,0x0b,0x07,0xa5,0x01,0x05,
    0xee,0x37,0x0f,0x02,0x00,0x0b,0x05,0x6c,0x0f,0x02,0x9f,0x01,0x0e,0x59,0x00,0x01,
    0x80,0x21,0x02,0x35,0x05,0x11,0xbf,0xad,0x10,0x12,0x60,0x0e,0x01,0x83,0x30,0xef,
    0xff,0xff,0xaf,0x60,0x40,0x60,0x48,0x0e,0xa2,0x20,0xe7,0xff,0x9f,0x00,0x10,0x08,
    0x70,0xff,0xef,0xcd,0x13,0x06,0x37,0x01,0x32,0x00,0x20,0x68,0x83,0x00,0x03,0x31,
    0x01,0x06,0xb9,0x0a,0x0d,0x95,0x03,0x06,0x62,0x02,0x05,0x6a,0x03,0x09,0x4f,0x02,
    0x22,0x38,0x20,0x4a,0x00,0x06,0x22,0x0c,0x09,0x70,0x01,0x15,0x00,0x20,0x01,0x01,
    0x58,0x08,0x02,0xd2,0x00,0x02,0x02,0x00,0x16,0x60,0x75,0x03,0x03,0xb6,0x09,0x15,
    0x08,0x3c,0x05,0x03,0x02,0x00,0x06,0x95,0x03,0x05,0xfc,0x02,0x07,0x9f,0x07,0x06,
    0x78,0x02,0x03,0x2f,0x00,0x0c,0xf5,0x05,0x02,0x8c,0x03,0x04,0x02,0x00,0x11,0xcf,
    0x2b,0x01,0x12,0x70,0x65,0x09,0x11,0xdf,0x84,0x0f,0x06,0xef,0x73,0xf1,0x01,0xd7,
    0x18,0x00,0x00,0x30,0x80,0xff,0xff,0x40,0x00,0x58,0x40,0xaf,0xff,0xc7,0x60,0x54,
    0x01,0x02,0x37,0x01,0x02,0x7d,0x09,0x0c,0x02,0x00,0x04,0x57,0x08,0x15,0x28,0x1f,
    0x03,0x14,0x78,0xb2,0x07,0x13,0x08,0x21,0x20,0x08,0x8c,0x03,0x05,0x92,0x0f,0x04,
    0xdc,0x55,0x01,0x02,0x00,0x03,0x71,0x27,0x02,0x02,0x00,0x03,0x49,0x01,0x02,0x59,
    0x00,0x01,0x02,0x00,0x14,0xbf,0x65,0x04,0x02,0x02,0x00,0x16,0x40,0x0d,0x13,0x04,
    0x9c,0x27,0x05,0x02,0x00,0x09,0x4a,0x00,0x01,0x7b,0x00,0x04,0x87,0x06,0x07,0x97,
    0x48,0x07,0xfa,0x03,0x03,0x02,0x00,0x02,0x90,0x01,0x0f,0x62,0x02,0x00,0x02,0xa7,
    0x0d,0x12,0xdf,0xdf,0x0b,0x12,0x80,0x5b,0x01,0x11,0x9f,0xeb,0x00,0x21,0x60,0xbf,
    0x55,0x21,0x01,0xd9,0x02,0xe1,0xef,0xff,0xbf,0x38,0x70,0x40,0x10,0xff,0xff,0x68,
    0x38,0x00,0x00,0x9f,0xe9,0x0a,0x33,0x60,0xff,0xff,0xde,0x11,0x0b,0x95,0x03,0x02,
    0xd8,0x00,0x02,0x5a,0x00,0x02,0x02,0x00,0x14,0x40,0x6f,0x03,0x06,0xa4,0x0a,0x06,
    0x64,0x2d,0x06,0x31,0x01,0x08,0x12,0x03,0x03,0x0f,0x25,0x01,0x02,0x00,0x04,0x2a,
    0x2a,0x02,0x59,0x00,0x01,0x02,0x00,0x11,0xef,0x67,0x05,0x05,0x02,0x00,0x01,0xb0,
    0x00,0x0c,0x02,0x00,0x0c,0x95,0x03,0x0f,0x43,0x12,0x03,0x0e,0x02,0x00,0x02,0xde,
    0x01,0x11,0x40,0x5d,0x00,0x17,0x98,0x1f,0x00,0x03,0xb7,0x01,0x01,0xde,0x39,0x01,
    0xa4,0x01,0x51,0x00,0x9f,0xff,0xef,0x18,0x3f,0x01,0x21,0xff,0xa7,0x18,0x00,0x05,
    0x8c,0x01,0x92,0x20,0xcf,0xff,0xff,0x48,0x20,0x10,0x08,0x80,0xf7,0x25,0x93,0xef,
    0xff,0x70,0x00,0x40,0x10,0x9f,0xff,0xbf,0x50,0x18,0x11,0x18,0xcb,0x8d,0x05,0x95,
    0x03,0x02,0xd8,0x00,0x01,0x8c,0x16,0x05,0xa9,0x11,0x04,0xeb,0x02,0x05,0xfb,0x02,
    0x09,0x8c,0x03,0x05,0xac,0x03,0x27,0x08,0x80,0xeb,0x01,0x0d,0x5b,0x16,0x08,0x58,
    0x08,0x0c,0x0e,0x00,0x07,0x3b,0x37,0x04,0xdb,0x60,0x05,0x6d,0x06,0x04,0x02,0x00,
    0x06,0x57,0x03,0x06,0x19,0x0c,0x06,0x25,0x03,0x02,0x28,0x01,0x05,0x02,0x00,0x02,
    0x31,0x01,0x0f,0x62,0x02,0x04,0x21,0x00,0xdf,0x94,0x03,0x12,0x20,0xe9,0x18,0x24,
    0x00,0xcf,0x56,0x1b,0x03,0x02,0x00,0x71,0x20,0xe7,0xff,0xff,0x60,0x18,0x08,0x68,
    0x02,0xd6,0x10,0x00,0x00,0x88,0xff,0xff,0x20,0x00,0x60,0x18,0xdf,0xff,0x8f,0x1c,
    0x18,0x08,0x02,0x00,0x06,0x31,0x01,0x06,0x12,0x43,0x04,0xf7,0x1e,0x08,0xe1,0x0b,
    0x06,0x5b,0x02,0x03,0xed,0x10,0x02,0x47,0x01,0x05,0x54,0x01,0x04,0x5e,0x1a,0x01,
    0x3a,0x07,0x1b,0x60,0xdb,0x0b,0x0a,0xb8,0x0a,0x01,0x25,0x00,0x04,0xa2,0x16,0x06,
    0x16,0x67,0x03,0x02,0x00,0x0f,0x42,0x14,0x09,0x04,0xfc,0x02,0x0a,0x59,0x0b,0x02,
    0x06,0x0e,0x01,0xe6,0x74,0x04,0x06,0x15,0x01,0x02,0x00,0x05,0xcd,0x03,0x12,0x70,
    0xc7,0x05,0x12,0x8f,0x6a,0x02,0x61,0x10,0xbf,0xff,0xff,0xef,0x68,0x22,0x00,0x22,
    0x00,0x48,0x74,0x90,0x01,0x6a,0x01,0x81,0xaf,0xff,0xff,0x28,0x00,0x00,0x00,0xc7,
    0xe5,0x04,0x01,0x62,0x08,0x14,0x00,0x55,0x2a,0x03,0x0c,0x38,0x01,0xa8,0x1c,0x06,
    0x31,0x01,0x06,0x10,0x0f,0x02,0xb3,0x2c,0x01,0x53,0x0a,0x05,0xa4,0x0a,0x06,0x31,
    0x01,0x05,0x62,0x02,0x01,0x06,0x14,0x06,0xc4,0x00,0x05,0xea,0x30,0x02,0xb3,0x05,
    0x11,0x70,0xc4,0x00,0x02,0x02,0x00,0x13,0x40,0xef,0x09,0x01,0x02,0x00,0x14,0xcf,
    0xd4,0x19,0x0b,0x02,0x00,0x03,0x20,0x18,0x05,0xbf,0x0a,0x06,0x03,0x5a,0x07,0x98,
    0x01,0x07,0x02,0x00,0x05,0xac,0x01,0x02,0x9a,0x04,0x01,0x31,0x01,0x01,0x0d,0x00,
    0x04,0x02,0x00,0x05,0x96,0x03,0x21,0x10,0xef,0x0e,0x14,0x41,0x10,0xdf,0xff,0xef,
    0x56,0x0a,0xf1,0x04,0x80,0xff,0xff,0xff,0xef,0x9f,0x60,0x40,0x40,0x40,0x70,0x9f,
    0xef,0xff,0xff,0xef,0x60,0x18,0x18,0xb5,0x04,0xc1,0x80,0x00,0x18,0x58,0x90,0xff,
    0xff,0x60,0x20,0x00,0x00,0x8f,0x31,0x07,0x04,0xaa,0x00,0x03,0x11,0x58,0x2c,0x18,
    0x48,0x31,0x01,0x13,0x78,0xb5,0x0c,0x08,0x38,0x08,0x05,0xa8,0x01,0x04,0x4f,0x01,
    0x09,0x18,0x06,0x17,0x20,0x7a,0x5d,0x08,0x80,0x0a,0x22,0x08,0x10,0x26,0x03,0x02,
    0x02,0x00,0x09,0x31,0x01,0x14,0xbf,0xa7,0x23,0x03,0x96,0x0a,0x04,0x1b,0x1e,0x03,
    0x31,0x01,0x12,0x00,0x84,0x0b,0x09,0x68,0x13,0x04,0x78,0x05,0x09,0x0a,0x00,0x05,
    0x10,0x01,0x02,0xc2,0x0b,0x04,0x31,0x01,0x0c,0x87,0x09,0x02,0x1e,0x0d,0x22,0xff,
    0x40,0xfa,0x06,0x01,0x8d,0x16,0x22,0x00,0x30,0x27,0x02,0x02,0x02,0x00,0x41,0x9f,
    0x20,0x00,0x08,0xbb,0x0a,0xf2,0x00,0xcf,0x00,0x00,0x40,0x78,0xdf,0xff,0xdf,0x10,
    0x80,0x18,0x00,0xef,0xff,0x97,0x3b,0x00,0x05,0xd9,0x0e,0x04,0x02,0x00,0x02,0x3b,
    0x00,0x12,0x78,0x17,0x01,0x15,0x18,0xb6,0x01,0x15,0x68,0x5b,0x02,0x06,0x82,0x03,
    0x06,0x0a,0x00,0x08,0x80,0x03,0x18,0x40,0x01,0x14,0x03,0x28,0x05,0x4f,0x00,0x00,
    0x40,0x60,0x31,0x01,0x07,0x04,0x7b,0x00,0x03,0xe9,0x02,0x06,0x0b,0x04,0x04,0x02,
    0x00,0x06,0x5b,0x59,0x05,0xc2,0x10,0x0f,0x02,0x00,0x0c,0x02,0x1e,0x30,0x0b,0x62,
    0x02,0x03,0x87,0x09,0x02,0xc6,0x04,0x21,0xdf,0x10,0xf5,0x0b,0x02,0x84,0x28,0xc2,
    0x00,0x00,0x20,0x70,0xc7,0xef,0xff,0xff,0xff,0xef,0xbf,0x90,0x0e,0x05,0x11,0x50,
    0x26,0x20,0x71,0x08,0x00,0x50,0xff,0xff,0x88,0x28,0x6f,0x02,0x02,0x90,0x01,0x13,
    0x08,0x97,0x29,0x02,0x7e,0x21,0x42,0x00,0x00,0x78,0x38,0x31,0x01,0x01,0xaa,0x02,
    0x01,0x1c,0x04,0x03,0xae,0x06,0x02,0x41,0x01,0x01,0x6c,0x02,0x02,0x3a,0x00,0x09,
    0x1f,0x14,0x33,0x00,0x00,0x10,0x65,0x0d,0x37,0x00,0x00,0x10,0x95,0x03,0x02,0xfa,
    0x36,0x02,0x02,0x00,0x08,0x01,0x13,0x18,0x70,0x96,0x09,0x01,0xf6,0x1e,0x06,0x60,
    0x00,0x07,0x02,0x00,0x16,0x18,0xdf,0x05,0x03,0x02,0x00,0x03,0x29,0x4f,0x07,0xb5,
    0x61,0x08,0x13,0x0d,0x06,0x00,0x05,0x02,0x9e,0x01,0x04,0x31,0x01,0x06,0xd6,0x03,
    0x04,0x01,0x02,0x13,0x40,0x8c,0x19,0x14,0x60,0x15,0x20,0x0b,0x02,0x00,0x11,0x80,
    0xab,0x4f,0xd7,0x08,0x40,0x10,0xef,0xff,0xdf,0x80,0x48,0x00,0x00,0xdf,0xff,0xbf,
    0x48,0x03,0x07,0x8a,0x1f,0x22,0x30,0x18,0x31,0x01,0x05,0x9a,0x04,0x02,0xe9,0x17,
    0x01,0x02,0x00,0x05,0x98,0x3b,0x25,0x00,0x50,0x34,0x01,0x06,0xa4,0x09,0x01,0x93,
    0x10,0x03,0x02,0x00,0x06,0x3e,0x6a,0x05,0x62,0x02,0x0a,0x0d,0x0d,0x18,0x80,0x31,
    0x01,0x16,0x80,0x43,0x82,0x13,0x28,0xa9,0x01,0x12,0x70,0xe7,0x01,0x01,0xfc,0x04,
    0x02,0x02,0x00,0x06,0x10,0x07,0x03,0x02,0x00,0x06,0x6c,0x02,0x04,0x59,0x04,0x08,
    0x02,0x00,0x0b,0x31,0x01,0x04,0x28,0x01,0x06,0x02,0x00,0x11,0x8f,0x30,0x0b,0x02,
    0x48,0x2d,0x08,0x0d,0x88,0x01,0x02,0x00,0x51,0x30,0xbf,0xff,0xff,0xdf,0xed,0x08,
    0x12,0xcf,0x16,0x0c,0x11,0x70,0x1f,0x06,0x03,0xcd,0x00,0x04,0xaa,0x10,0x03,0x82,
    0x00,0x04,0x31,0x01,0x06,0x0a,0x0d,0x04,0x02,0x00,0x05,0xa1,0x16,0x07,0xa4,0x0a,
    0x08,0x8c,0x03,0x24,0x28,0x68,0x2a,0x00,0x08,0x14,0x0e,0x04,0xa3,0x02,0x0f,0x31,
    0x01,0x0b,0x03,0x02,0x00,0x11,0x20,0xa6,0x00,0x05,0x9b,0x00,0x06,0x67,0x15,0x07,
    0xab,0x44,0x03,0xea,0x04,0x07,0x2f,0x02,0x05,0xbc,0x00,0x06,0x5b,0x59,0x0a,0x31,
    0x01,0x08,0x02,0x00,0x04,0xd3,0x04,0x13,0xcf,0x32,0x01,0x01,0xdf,0x8c,0x02,0xbb,
    0x0a,0x02,0xa6,0x01,0x51,0x00,0x48,0xa7,0xff,0xff,0x51,0x08,0x01,0xcc,0x07,0x82,
    0x70,0x00,0x00,0x00,0x30,0xc0,0xff,0xbf,0xa7,0x02,0x26,0x40,0x08,0x31,0x01,0x01,
    0x6e,0x2d,0x06,0x31,0x01,0x06,0xfc,0x06,0x06,0x1c,0x0e,0x06,0xeb,0x0b,0x06,0x67,
    0x0b,0x06,0x8c,0x03,0x15,0x18,0x22,0x06,0x07,0xfb,0x00,0x25,0x00,0x10,0x51,0x09,
    0x02,0x53,0x05,0x01,0x02,0x00,0x0d,0x62,0x02,0x06,0xeb,0x05,0x04,0x02,0x00,0x03,
    0xc5,0x02,0x01,0x00,0x15,0x09,0x02,0x00,0x06,0x76,0x05,0x06,0x3b,0x01,0x0d,0x81,
    0x0f,0x0d,0x31,0x01,0x0d,0x22,0x00,0x23,0x10,0xdf,0x32,0x01,0x11,0x00,0x13,0x2c,
    0xb3,0xdf,0x9f,0x60,0x40,0x40,0x00,0x40,0x40,0x70,0x9f,0xdf,0x0f,0x8e,0x72,0x00,
    0x28,0x00,0x9f,0xff,0xff,0xb7,0xcc,0x00,0x21,0x30,0x20,0x3b,0x5c,0x22,0x10,0x70,
    0x70,0x04,0x01,0x2e,0x17,0x03,0xe1,0x05,0x04,0x62,0x02,0x06,0xa7,0x06,0x13,0x18,
    0x7a,0x01,0x08,0xeb,0x0b,0x05,0x72,0x21,0x0a,0x8c,0x03,0x15,0x20,0x1b,0x06,0x15,
    0x48,0x0a,0x00,0x05,0x02,0x00,0x01,0x2b,0x01,0x02,0x02,0x00,0x09,0x31,0x01,0x43,
    0x88,0x18,0x78,0x18,0xa3,0x07,0x06,0xca,0x17,0x04,0x6b,0x20,0x01,0x9b,0x00,0x01,
    0x02,0x00,0x04,0xa9,0x09,0x09,0x5b,0x02,0x06,0x02,0x00,0x06,0x05,0x05,0x1f,0x40,
    0x57,0x08,0x05,0x0a,0x02,0x00,0x22,0x30,0xef,0x3f,0x02,0x3b,0x00,0x00,0x10,0xad,
    0x94,0x12,0xdf,0x95,0x41,0x11,0x30,0xde,0x2a,0x01,0xc9,0x05,0x35,0x00,0x00,0x28,
    0x11,0x14,0x01,0x9d,0x11,0x03,0x5d,0x05,0x1a,0x40,0x05,0x19,0x03,0x53,0x27,0x02,
    0x64,0x01,0x01,0x08,0x00,0x06,0x0c,0x04,0x15,0x18,0x04,0x02,0x03,0xc0,0x09,0x01,
    0x02,0x00,0x13,0x28,0x49,0x00,0x0a,0x02,0x00,0x03,0x10,0x0e,0x02,0x2c,0x01,0x01,
    0x02,0x00,0x18,0x9f,0xc4,0x04,0x23,0xb8,0x70,0xc5,0x0b,0x01,0x1d,0x01,0x03,0x29,
    0x04,0x07,0x02,0x00,0x03,0x16,0x18,0x01,0x13,0x03,0x02,0x02,0x00,0x04,0xcd,0x05,
    0x02,0xf5,0x2c,0x02,0x02,0x00,0x05,0xfa,0x03,0x01,0x02,0x00,0x04,0x62,0x02,0x02,
    0xce,0x1f,0x0b,0x02,0x00,0x03,0x90,0x0c,0x07,0x85,0x2f,0x31,0x00,0x40,0x80,0x24,
    0x20,0x01,0x6f,0xab,0x12,0x30,0xb8,0x06,0x05,0xc1,0x23,0x01,0x02,0x00,0x32,0x28,
    0x28,0x08,0x2c,0x3a,0x01,0x70,0x1e,0x04,0x7f,0x03,0x29,0x68,0x18,0x62,0x02,0x02,
    0xbc,0x0b,0x01,0x98,0x00,0x05,0x2b,0x08,0x06,0x30,0x0d,0x06,0x5a,0x0e,0x09,0x8c,
    0x03,0x06,0xd8,0x00,0x05,0x70,0x01,0x03,0x9a,0x04,0x02,0xbc,0x02,0x01,0x02,0x00,
    0x18,0xbf,0x31,0x01,0x32,0xa0,0x58,0x10,0xf0,0x00,0x04,0x48,0x0b,0x03,0x75,0x03,
    0x04,0x02,0x06,0x06,0xcf,0x09,0x08,0xfd,0x1c,0x0f,0x02,0x00,0x00,0x07,0x65,0x02,
    0x04,0x31,0x01,0x08,0x26,0x00,0x05,0x29,0x03,0x04,0x02,0x00,0x01,0xe3,0x0b,0x01,
    0xe3,0x01,0x02,0xa7,0x1b,0x14,0x20,0xfa,0x09,0x22,0x08,0x10,0xa9,0x03,0x01,0x60,
    0x02,0x01,0xa7,0x05,0x11,0x58,0x13,0x1f,0x26,0x28,0x10,0x78,0x10,0x03,0x58,0x11,
    0x04,0xc5,0x75,0x03,0x1c,0x08,0x03,0xd6,0x30,0x01,0xb8,0x02,0x02,0x5e,0x02,0x06,
    0xb9,0x06,0x22,0x08,0x20,0x08,0x05,0x01,0x02,0x00,0x04,0x3a,0x06,0x08,0x47,0x0d,
    0x13,0x30,0x87,0x04,0x04,0x02,0x00,0x08,0x31,0x01,0x08,0x64,0x08,0x7a,0x60,0x00,
    0x00,0x30,0x70,0x60,0x10,0xb8,0x01,0x08,0x2b,0x18,0x05,0x02,0x00,0x05,0x39,0x24,
    0x08,0xeb,0x23,0x06,0x3a,0x05,0x03,0x63,0x07,0x01,0xc6,0x8f,0x01,0x98,0x01,0x01,
    0x31,0x01,0x02,0xb8,0x00,0x0f,0x02,0x00,0x03,0x21,0x80,0xff,0x53,0x21,0x09,0xf1,
    0x1a,0x01,0x02,0x00,0x57,0x60,0xdf,0xff,0xff,0xef,0x9b,0x7e,0x01,0x3f,0x9d,0x13,
    0x48,0x58,0x22,0x01,0xed,0x00,0x03,0x31,0x01,0x22,0x20,0x80,0x41,0x14,0x04,0x42,
    0x39,0x03,0x2d,0x03,0x07,0x50,0x46,0x07,0x43,0x20,0x02,0x65,0x40,0x01,0x02,0x00,
    0x06,0x8c,0x03,0x06,0x62,0x02,0x07,0x6d,0x04,0x01,0x32,0x76,0x08,0x31,0x01,0x02,
    0x02,0x02,0x02,0x02,0x00,0x53,0x40,0x00,0x00,0x80,0x60,0xce,0x02,0x03,0x87,0x00,
    0x04,0x02,0x00,0x04,0xfb,0x02,0x04,0x10,0x23,0x03,0xb7,0x03,0x03,0x2d,0x00,0x02,
    0x02,0x00,0x0f,0x11,0x01,0x02,0x02,0x60,0x00,0x01,0x31,0x01,0x03,0x81,0x03,0x09,
    0x02,0x00,0x05,0x14,0x00,0x76,0x50,0xbf,0xff,0xff,0xff,0xdf,0x70,0xdb,0x01,0x01,
    0xad,0x4a,0x01,0xd4,0x04,0x09,0xca,0x36,0x01,0xc2,0x05,0x66,0x00,0x00,0x00,0x60,
    0x48,0x18,0xca,0x01,0x01,0xee,0x12,0x12,0x20,0xd7,0x00,0x06,0xdc,0x08,0x01,0xec,
    0x00,0x09,0xa6,0x0a,0x15,0x20,0xdc,0x02,0x03,0x88,0x02,0x02,0x02,0x00,0x06,0x2a,
    0x01,0x05,0xa4,0x47,0x05,0x5a,0x0e,0x01,0x5c,0x08,0x02,0x5a,0x00,0x01,0x02,0x00,
    0x12,0xbf,0xd1,0x00,0x02,0x02,0x00,0x11,0x40,0xa7,0x00,0x21,0x20,0x58,0x9e,0x12,
    0x02,0xcb,0x00,0x04,0x13,0x12,0x04,0x3b,0x06,0x02,0x9c,0x06,0x01,0x6f,0x05,0x05,
    0x91,0x09,0x06,0x7f,0x36,0x07,0x5c,0x6c,0x04,0x6f,0x02,0x02,0x60,0x00,0x01,0x31,
    0x01,0x07,0x02,0x00,0x0d,0x2b,0x07,0x23,0x00,0x08,0x17,0x26,0x31,0xcf,0x8f,0x60,
    0x90,0x03,0x31,0x28,0x60,0x60,0x27,0x07,0x25,0xff,0xbf,0x68,0x00,0x02,0xdb,0x05,
    0x02,0x23,0x44,0x73,0x48,0x60,0x08,0x00,0x10,0x68,0x10,0xc7,0x14,0x11,0x78,0x09,
    0x01,0x02,0xd7,0x00,0x12,0x00,0xe2,0x04,0x01,0x33,0x87,0x05,0xc3,0x01,0x03,0x41,
    0x13,0x07,0x01,0x51,0x09,0x0c,0x44,0x05,0x9f,0x00,0x05,0x0b,0x08,0x06,0xf4,0x17,
    0x06,0xb1,0x08,0x01,0x02,0x00,0x0c,0x31,0x01,0x35,0x00,0x00,0x08,0xf3,0x15,0x01,
    0xd5,0x02,0x12,0x20,0x33,0x00,0x06,0x02,0x00,0x11,0x10,0x6c,0x04,0x08,0x02,0x00,
    0x12,0x18,0x5c,0x01,0x01,0x2f,0x04,0x02,0x07,0x00,0x07,0x02,0x00,0x0a,0x31,0x01,
    0x06,0x2a,0x00,0x0f,0x02,0x00,0x01,0x18,0x40,0x17,0x23,0x01,0x02,0x00,0x23,0xef,
    0x9f,0xe5,0x06,0x07,0x1a,0x17,0x01,0xcf,0xa0,0x76,0x38,0x10,0x00,0x00,0x30,0x40,
    0x08,0x7b,0x10,0x17,0x20,0x31,0x01,0x04,0x46,0x2a,0x03,0xb4,0x03,0x02,0x18,0x2c,
    0x03,0x3d,0x01,0x02,0x9e,0x3b,0x01,0x63,0x0a,0x03,0x5b,0x00,0x08,0x62,0x02,0x08,
    0x02,0x00,0x05,0xf5,0x06,0x13,0x60,0x44,0x0c,0x01,0x02,0x00,0x21,0xbf,0x10,0x07,
    0x00,0x02,0x02,0x00,0x23,0x90,0x40,0x4a,0x07,0x11,0x08,0xda,0x40,0x03,0xbe,0x1b,
    0x04,0xa2,0x08,0x03,0x0d,0x0d,0x04,0x8d,0x2e,0x09,0x5b,0x19,0x06,0xc1,0x03,0x06,
    0x50,0x11,0x02,0x24,0x21,0x0a,0x31,0x01,0x03,0xb6,0x00,0x08,0x02,0x00,0x0a,0x44,
    0x01,0x16,0x50,0xa8,0xa6,0x34,0xef,0xbf,0x80,0xa7,0x02,0x0d,0x02,0x00,0x01,0xdc,
    0x0b,0xf6,0x00,0x60,0x10,0x00,0x08,0x50,0x08,0x00,0x00,0x48,0x18,0x00,0x00,0x18,
    0x80,0x20,0x62,0x02,0x06,0x5c,0x21,0x01,0xe5,0x04,0x01,0x02,0x00,0x06,0x1a,0x07,
    0x06,0x04,0x1f,0x21,0x00,0x28,0x9a,0x02,0x01,0xde,0x04,0x04,0x0a,0x00,0x06,0xce,
    0x0a,0x14,0x80,0xdb,0x02,0x13,0x48,0x4f,0x06,0x01,0x02,0x00,0x09,0x26,0x07,0x14,
    0x80,0xd0,0x00,0x14,0x58,0x90,0x0e,0x26,0x20,0x00,0x98,0x09,0x14,0x20,0x1e,0x00,
    0x02,0x4d,0x11,0x08,0x84,0x01,0x07,0x1c,0x00,0x06,0x10,0x04,0x01,0x6b,0x04,0x0c,
    0xd4,0x17,0x05,0x02,0x00,0x14,0x18,0xdd,0x03,0x05,0x52,0x07,0x06,0x3a,0x01,0x01,
    0x39,0x65,0x14,0x00,0xc3,0x00,0x04,0xb8,0x00,0x01,0x02,0x00,0x01,0x16,0x02,0x02,
    0x1a,0x00,0x32,0x80,0x00,0x00,0x31,0x01,0x01,0xf9,0x0c,0x41,0x20,0x00,0x08,0xc7,
    0xd2,0x00,0x01,0x27,0x00,0x24,0x00,0x40,0x5f,0x00,0x13,0x00,0x31,0x03,0x13,0x08,
    0xf2,0x07,0x09,0x31,0x01,0x01,0x18,0x02,0x01,0x02,0x00,0x06,0x8c,0x03,0x05,0x5a,
    0x0e,0x05,0x62,0x02,0x04,0xbc,0x02,0x01,0x02,0x00,0x0a,0x31,0x01,0x01,0x3c,0x00,
    0x52,0x00,0x00,0x20,0x10,0x08,0xb8,0x0a,0x04,0x12,0x10,0x03,0x8f,0x08,0x09,0x7e,
    0x12,0x01,0x02,0x00,0x15,0x10,0xfe,0x03,0x07,0x0c,0x36,0x09,0xeb,0x06,0x0a,0x62,
    0x02,0x03,0xf2,0x00,0x0f,0x02,0x00,0x0a,0x09,0x6b,0x14,0x06,0x02,0x00,0x01,0x21,
    0x04,0x02,0xb6,0x02,0x14,0x20,0xf3,0x0f,0x01,0x20,0x68,0x01,0x0e,0x00,0x42,0x18,
    0x00,0x00,0x40,0x61,0x1d,0x04,0xfd,0x13,0x22,0x18,0x78,0xe1,0x01,0x03,0x31,0x01,
    0x0a,0x8e,0x0f,0x12,0x18,0x1c,0x00,0x0f,0x02,0x00,0x0c,0x01,0x8f,0x0a,0x02,0x53,
    0x11,0x01,0x2d,0x01,0x58,0xff,0xff,0xff,0xff,0xaf,0x88,0x09,0x12,0x80,0xcf,0x01,
    0x21,0x10,0x68,0x51,0x44,0x02,0xfb,0x01,0x01,0x32,0x02,0x04,0x46,0x08,0x06,0xa6,
    0x1a,0x04,0xda,0x5c,0x06,0xe3,0x04,0x06,0x39,0x04,0x06,0x8c,0x06,0x24,0x18,0x38,
    0x62,0x02,0x01,0xc8,0x06,0x01,0x30,0x04,0x02,0x07,0x00,0x08,0x02,0x00,0x02,0x69,
    0x00,0x0f,0x02,0x00,0x0d,0x02,0x31,0x01,0x05,0x02,0x00,0x73,0x18,0x18,0x00,0x00,
    0x08,0x08,0x38,0x8a,0x0c,0x01,0x24,0x10,0x03,0x62,0x02,0x03,0x2e,0x0a,0x01,0xdf,
    0x06,0x02,0x02,0x00,0x03,0xe0,0x1a,0x13,0x08,0x5e,0x20,0x09,0x05,0x06,0x14,0x70,
    0x03,0x09,0x06,0x8c,0x03,0x14,0x50,0x13,0x00,0x04,0x36,0x13,0x12,0x08,0x2c,0x01,
    0x01,0x02,0x00,0x09,0x1b,0x0d,0x17,0x80,0x01,0x01,0x22,0x80,0x20,0x22,0x24,0x04,
    0xb2,0x3a,0x03,0xbc,0x1b,0x04,0xf3,0x05,0x06,0x3c,0x05,0x04,0x12,0x00,0x0b,0x5a,
    0x02,0x04,0x02,0x00,0x0c,0x62,0x02,0x06,0x02,0x00,0x14,0x20,0x36,0x03,0x04,0x8c,
    0x03,0x0b,0x13,0x01,0x05,0xe1,0x01,0x0f,0x51,0x01,0x00,0x02,0x21,0x02,0x03,0x56,
    0x05,0x04,0x02,0x00,0x06,0xc4,0x04,0x03,0x93,0x0c,0x23,0x10,0x60,0x28,0x00,0x14,
    0x58,0x23,0x00,0x04,0x46,0x01,0x06,0x6f,0x03,0x05,0xa4,0x0a,0x06,0x8c,0x03,0x05,
    0xdc,0x00,0x04,0x4c,0x09,0x0a,0x55,0x02,0x01,0x38,0x01,0x02,0x02,0x00,0x06,0x60,
    0x03,0x01,0xcc,0x00,0x13,0x10,0x78,0x00,0x01,0x02,0x00,0x03,0xe6,0x16,0x07,0xf3,
    0x05,0x04,0x53,0x02,0x01,0x57,0x04,0x01,0x02,0x00,0x06,0x30,0x68,0x11,0x28,0x41,
    0x00,0x01,0xfb,0x28,0x01,0x5b,0x00,0x06,0x5a,0x00,0x08,0x0c,0x05,0x0f,0x02,0x00,
    0x05,0x03,0x22,0x01,0x04,0x38,0x03,0x02,0xb3,0x04,0x03,0x02,0x00,0x21,0x20,0x20,
    0x0f,0x0b,0x05,0x20,0x4f,0x21,0x58,0x38,0xc9,0x02,0x33,0x00,0x00,0x78,0xad,0x15,
    0x07,0x47,0x65,0x04,0x31,0x01,0x06,0xcc,0x01,0x05,0x5f,0x09,0x23,0x00,0x08,0x4d,
    0x01,0x04,0x6c,0x05,0x0f,0x02,0x00,0x0a,0x01,0xc4,0x00,0x02,0x02,0x00,0x09,0x31,
    0x01,0x11,0x8f,0xd0,0x00,0x01,0xbf,0x14,0x62,0x18,0x00,0x00,0x10,0x68,0x38,0xfa,
    0x00,0x04,0x25,0x11,0x03,0x06,0x01,0x04,0x4b,0x33,0x04,0x56,0x1a,0x0e,0xab,0x28,
    0x08,0xc2,0x01,0x11,0x68,0x68,0x00,0x17,0x80,0x3f,0x07,0x03,0x0f,0x01,0x0f,0x02,
    0x00,0x08,0x04,0x73,0x02,0x0a,0x02,0x00,0x04,0x49,0x05,0x04,0x02,0x00,0x02,0xa2,
    0x02,0x23,0x10,0x08,0x0a,0x22,0x13,0x30,0xf4,0x3d,0x09,0x24,0x06,0x05,0xf3,0x62,
    0x04,0x5e,0x03,0x05,0x02,0x00,0x24,0x10,0x60,0x4e,0x04,0x06,0x40,0x07,0x05,0xfa,
    0x05,0x14,0x38,0x9f,0x07,0x12,0x58,0x9e,0x03,0x01,0xc4,0x00,0x02,0x02,0x00,0x18,
    0x80,0x08,0x3e,0x01,0x24,0x60,0x05,0x71,0x00,0x01,0xf1,0x02,0x23,0x48,0x30,0xc7,
    0x04,0x04,0x11,0x00,0x06,0x67,0x27,0x06,0x02,0x00,0x07,0x90,0x15,0x06,0x8c,0x06,
    0x03,0x02,0x00,0x0f,0x93,0x03,0x07,0x06,0x00,0x04,0x0c,0x8c,0x03,0x0f,0x02,0x00,
    0x17,0x06,0xd2,0x05,0x05,0x05,0x19,0x03,0xec,0x00,0x12,0x78,0x98,0x02,0x13,0x20,
    0xfa,0x07,0x01,0x99,0x02,0x01,0x02,0x00,0x21,0x30,0x68,0x07,0x00,0x06,0x02,0x00,
    0x06,0xa4,0x0a,0x05,0x8c,0x03,0x04,0x3d,0x0f,0x03,0x12,0x00,0x08,0x5d,0x40,0x13,
    0x80,0xbe,0x08,0x01,0x02,0x00,0x01,0x91,0x28,0x08,0x02,0x00,0x05,0xb0,0x0e,0x0a,
    0x49,0x50,0x03,0xb3,0x03,0x05,0x0d,0x2b,0x07,0x02,0x00,0x01,0x87,0x0b,0x01,0x02,
    0x00,0x03,0xb9,0x00,0x0f,0x31,0x01,0x01,0x04,0x0d,0x03,0x04,0x08,0x00,0x04,0x02,
    0x00,0x04,0x53,0x14,0x04,0x02,0x00,0x04,0x94,0x03,0x09,0x72,0x02,0x02,0x45,0x07,
    0x01,0x37,0x08,0x02,0x96,0x58,0x01,0x63,0x1b,0x28,0x50,0x28,0xc4,0x04,0x07,0x4c,
    0x0c,0x05,0x1c,0x04,0x04,0x04,0x73,0x04,0x99,0x24,0x07,0x70,0x2e,0x06,0x15,0x2c,
    0x0f,0x02,0x00,0x03,0x02,0xc4,0x00,0x02,0x02,0x00,0x1f,0x50,0x31,0x01,0x05,0x51,
    0x78,0x10,0x00,0x00,0x08,0x99,0x0e,0x26,0x60,0x10,0x73,0x01,0x05,0xb8,0x01,0x02,
    0x5a,0x00,0x05,0x16,0x05,0x06,0x94,0x01,0x05,0x02,0x00,0x03,0x0e,0x01,0x02,0x6d,
    0x00,0x02,0xc4,0x04,0x02,0xe0,0x02,0x08,0xb1,0x03,0x0f,0x02,0x00,0x04,0x03,0x22,
    0x01,0x04,0xf6,0x05,0x03,0xf5,0x00,0x03,0x0f,0x00,0x01,0x4b,0x03,0x01,0x5e,0x00,
    0x03,0xa7,0x05,0x13,0x18,0xe7,0x05,0x04,0xf5,0x05,0x02,0x28,0x4c,0x05,0x05,0x19,
    0x04,0x9b,0x00,0x03,0xbc,0x00,0x06,0x02,0x00,0x06,0xce,0x07,0x05,0xa4,0x0a,0x05,
    0x8c,0x03,0x14,0x28,0x9a,0x05,0x12,0x40,0xf6,0x2e,0x05,0x02,0x00,0x09,0x67,0x1b,
    0x02,0x50,0x27,0x02,0x44,0x08,0x15,0x18,0x66,0x3e,0x08,0x66,0x03,0x04,0x3d,0x03,
    0x06,0x88,0x04,0x03,0x1e,0x00,0x13,0x18,0xe4,0x00,0x08,0x5a,0x0e,0x01,0x02,0x00,
    0x08,0x31,0x01,0x0f,0x02,0x00,0x07,0x06,0x50,0x00,0x01,0x02,0x00,0x0b,0x0f,0x00,
    0x03,0x02,0x00,0x05,0x7a,0x2c,0x08,0x02,0x00,0x06,0x6f,0x19,0x03,0xfb,0x01,0x04,
    0xdd,0x04,0x03,0xbf,0x81,0x33,0x00,0x00,0x30,0xec,0x02,0x06,0x02,0x00,0x06,0x5a,
    0x0e,0x03,0x02,0x00,0x05,0x35,0x07,0x04,0xbb,0x79,0x05,0xe6,0x83,0x01,0x9f,0x85,
    0x02,0xfa,0x1a,0x02,0x02,0x00,0x0a,0x91,0x28,0x03,0x40,0x00,0x08,0x02,0x00,0x05,
    0x40,0x38,0x03,0x00,0x05,0x02,0x3b,0x0a,0x06,0x83,0x05,0x03,0x99,0x70,0x06,0x02,
    0x00,0x06,0x3b,0x01,0x01,0xc0,0x12,0x0f,0x31,0x01,0x0a,0x04,0xd9,0x2e,0x04,0x3c,
    0x10,0x01,0xf5,0x09,0x0f,0x02,0x00,0x14,0x03,0x55,0x01,0x23,0x10,0x10,0x93,0x1f,
    0x24,0x30,0x58,0x62,0x02,0x0f,0xf9,0x06,0x06,0x04,0x29,0x0d,0x01,0x99,0x00,0x01,
    0xeb,0x02,0x03,0x99,0x0b,0x02,0x47,0x00,0x0f,0x02,0x00,0x06,0x08,0x5c,0x21,0x19,
    0x20,0xc2,0x29,0x03,0xfc,0x02,0x01,0x02,0x00,0x12,0x10,0x41,0x03,0x66,0x50,0x20,
    0x00,0x00,0x38,0x60,0x25,0x11,0x13,0x10,0x64,0x00,0x06,0xa3,0x10,0x04,0x02,0x00,
    0x06,0x5a,0x0e,0x03,0x02,0x00,0x01,0xd3,0x00,0x0a,0x31,0x01,0x04,0xe9,0x02,0x02,
    0x92,0x05,0x0e,0x02,0x00,0x01,0x33,0x00,0x06,0x02,0x00,0x04,0x27,0x00,0x05,0x89,
    0x06,0x01,0x94,0x07,0x01,0x99,0x00,0x01,0xb1,0x01,0x13,0x10,0x19,0x00,0x01,0xc2,
    0x0d,0x16,0x28,0x31,0x01,0x04,0xf9,0x06,0x04,0xa5,0x00,0x12,0x70,0x00,0x03,0x04,
    0x31,0x01,0x02,0x99,0x14,0x07,0xb6,0x03,0x07,0x6a,0x1a,0x05,0x5f,0x0e,0x05,0x76,
    0x02,0x19,0x08,0x23,0x01,0x01,0xb9,0x1a,0x05,0x02,0x00,0x03,0xbd,0x02,0x01,0x67,
    0x03,0x01,0xc6,0x1d,0x02,0x07,0x36,0x04,0xf9,0x01,0x01,0x3e,0x04,0x0d,0x02,0x00,
    0x0e,0x5a,0x0e,0x08,0xd0,0x10,0x0a,0x31,0x01,0x01,0x7b,0x04,0x0f,0x02,0x00,0x0f,
    0x02,0xd9,0x05,0x0d,0x02,0x00,0x05,0xa6,0x27,0x04,0x02,0x00,0x01,0x28,0x00,0x05,
    0x04,0x03,0x02,0x31,0x01,0x01,0xc4,0x00,0x03,0xaa,0x00,0x03,0x93,0x17,0x01,0x9f,
    0x0f,0x09,0x02,0x00,0x29,0x48,0x78,0x0f,0x00,0x07,0x62,0x02,0x23,0x48,0x58,0x1a,
    0x00,0x03,0x8b,0x1a,0x33,0x00,0x40,0x78,0x3d,0x63,0x02,0x02,0x00,0x04,0xd2,0x00,
    0x02,0x02,0x00,0x07,0xb1,0x01,0x02,0x02,0x00,0x25,0x10,0x10,0x13,0x04,0x06,0x5d,
    0x02,0x01,0xdd,0x01,0x06,0x20,0x1f,0x04,0x31,0x01,0x06,0x02,0x00,0x03,0xaf,0x00,
    0x01,0x94,0x0c,0x0a,0x31,0x01,0x0d,0x02,0x00,0x02,0xfb,0x01,0x02,0xbc,0x17,0x0f,
    0x02,0x00,0x0e,0x05,0xf5,0x01,0x09,0x02,0x00,0x23,0x40,0x10,0xeb,0x08,0x02,0x31,
    0x01,0x03,0x02,0x28,0x06,0x90,0x06,0x09,0x02,0x00,0x01,0xa9,0x0f,0x08,0x0f,0x05,
    0x03,0x93,0x11,0x0e,0x02,0x00,0x04,0x6d,0x00,0x14,0x10,0x07,0x11,0x01,0x02,0x00,
    0x1a,0xcf,0x31,0x01,0x02,0xcd,0x06,0x04,0x02,0x00,0x01,0x44,0x11,0x02,0x8b,0x09,
    0x13,0x00,0x89,0x03,0x01,0x02,0x00,0x02,0x16,0x06,0x08,0x5a,0x0e,0x03,0x02,0x00,
    0x04,0x9b,0x21,0x05,0x02,0x00,0x23,0x08,0x08,0x4c,0x0e,0x11,0x90,0xf8,0x01,0x07,
    0xef,0x0c,0x04,0xb6,0x04,0x04,0x73,0x02,0x03,0x8c,0x03,0x0c,0x44,0x02,0x03,0x1f,
    0x00,0x03,0x07,0x00,0x04,0x02,0x00,0x01,0x2d,0x00,0x02,0x2c,0x05,0x01,0x0b,0x00,
    0x03,0x00,0x09,0x02,0x31,0x01,0x03,0x25,0x00,0x03,0x7a,0x59,0x13,0x10,0xd1,0x0b,
    0x04,0x39,0x02,0x03,0x31,0x01,0x06,0x02,0x00,0x05,0x33,0x32,0x05,0xe9,0x29,0x04,
    0x2a,0x01,0x06,0x02,0x00,0x07,0x7c,0x0f,0x1a,0xbf,0xc7,0x0a,0x11,0x88,0x1f,0x04,
    0x04,0x02,0x00,0x01,0x5d,0x00,0x03,0x73,0x1c,0x03,0xde,0x04,0x0f,0xb8,0x01,0x05,
    0x02,0xd2,0x00,0x06,0x1e,0x16,0x06,0xb7,0x39,0x0b,0x62,0x02,0x04,0x6b,0x09,0x03,
    0x23,0x08,0x0f,0x02,0x00,0x05,0x02,0x50,0x00,0x05,0xa8,0x0b,0x0a,0xa1,0x15,0x02,
    0x0e,0x45,0x02,0x28,0x04,0x17,0x68,0x42,0x00,0x11,0xcf,0x04,0x02,0x03,0xb3,0x00,
    0x03,0x4a,0x01,0x04,0x31,0x01,0x04,0x16,0x03,0x05,0x02,0x00,0x17,0x38,0x9d,0x32,
    0x01,0x02,0x00,0x03,0xa2,0x0f,0x06,0x44,0x07,0x01,0x54,0x09,0x01,0xe9,0x04,0x01,
    0x58,0x00,0x02,0x02,0x00,0x1a,0x9f,0x31,0x01,0x13,0xbf,0x67,0x00,0x05,0x98,0x33,
    0x02,0x22,0x04,0x03,0x6b,0x02,0x06,0xaa,0x0a,0x04,0xf4,0x6f,0x04,0x86,0x07,0x03,
    0x56,0x01,0x06,0x02,0x00,0x05,0x9d,0x10,0x21,0x18,0x58,0x69,0x00,0x0a,0xbb,0x02,
    0x0f,0x02,0x00,0x0f,0x03,0xaa,0x03,0x0b,0x02,0x00,0x04,0x95,0x0d,0x0b,0x02,0x00,
    0x11,0x20,0x88,0x18,0x12,0x28,0x23,0x0f,0x15,0xcf,0xc2,0x2f,0x06,0xbf,0x01,0x09,
    0x02,0x00,0x03,0x15,0x0f,0x14,0x18,0x51,0x06,0x09,0xe1,0x5a,0x01,0x3b,0x07,0x03,
    0x05,0x01,0x01,0x3c,0x12,0x51,0x00,0x00,0x00,0x18,0x90,0xc3,0x00,0x02,0x02,0x00,
    0x15,0x80,0xbf,0x08,0x01,0x02,0x00,0x03,0x72,0x3a,0x0c,0x02,0x00,0x01,0x9d,0x35,
    0x17,0x78,0xc5,0x00,0x04,0xd2,0x42,0x02,0x17,0x03,0x07,0x02,0x00,0x0d,0x74,0x27,
    0x03,0x31,0x01,0x1f,0x9f,0x2d,0x42,0x01,0x01,0x02,0x00,0x03,0x38,0x07,0x0e,0xe1,
    0x09,0x0f,0x02,0x00,0x18,0x11,0x10,0x82,0xab,0x02,0x3c,0x16,0x06,0xae,0x0c,0x04,
    0x2c,0x1c,0x03,0x8b,0x24,0x04,0x40,0x21,0x01,0xf2,0x0d,0x08,0x02,0x00,0x05,0xaa,
    0x22,0x05,0x9e,0x03,0x0b,0x02,0x00,0x11,0x40,0x1c,0x01,0x02,0x02,0x00,0x12,0x60,
    0xe0,0x27,0x05,0x02,0x00,0x0a,0xaf,0x12,0x01,0xef,0x0a,0x02,0xfb,0x02,0x05,0xdb,
    0x03,0x0f,0xb8,0x01,0x04,0x03,0xfe,0x11,0x04,0x2d,0x00,0x03,0x6a,0x07,0x32,0x00,
    0x00,0x00,0xc7,0x00,0x16,0xdf,0x1c,0x3b,0x03,0x59,0x06,0x05,0x51,0x15,0x0a,0x02,
    0x00,0x07,0x96,0x01,0x01,0xa9,0x18,0x02,0x07,0x00,0x0b,0x99,0x01,0x02,0x65,0x01,
    0x02,0x73,0x00,0x02,0x0c,0x00,0x01,0xb3,0x1d,0x01,0xc6,0x00,0x01,0xc2,0x1c,0x01,
    0x0b,0x05,0x04,0xaa,0x00,0x04,0xf6,0x14,0x04,0x47,0x05,0x04,0x02,0x00,0x04,0x42,
    0x01,0x05,0x02,0x00,0x03,0x7d,0x08,0x05,0x8c,0x03,0x02,0x88,0x10,0x0a,0x48,0x08,
    0x1b,0x40,0xc2,0x29,0x04,0x47,0x0c,0x02,0xf9,0x04,0x01,0xa8,0x00,0x01,0xf1,0x02,
    0x06,0x02,0x00,0x04,0xd9,0x05,0x03,0x86,0x03,0x04,0xdb,0x08,0x06,0xd5,0x17,0x03,
    0x02,0x00,0x05,0xc6,0x04,0x02,0x32,0x05,0x06,0xd8,0x00,0x0f,0x02,0x00,0x12,0x0a,
    0xb5,0x04,0x05,0x02,0x00,0x03,0x47,0x03,0x02,0x51,0x05,0x02,0x3a,0x03,0x01,0x80,
    0x01,0x01,0x05,0x00,0x02,0x42,0x19,0x11,0x78,0xbe,0x55,0x02,0x22,0x00,0x0f,0x02,
    0x00,0x04,0x03,0xb8,0x0a,0x04,0xbb,0x00,0x02,0x9d,0x08,0x07,0x02,0x00,0x04,0x8c,
    0x03,0x13,0x10,0x54,0x1c,0x11,0x8f,0x8a,0x01,0x02,0x02,0x00,0x03,0xcc,0x26,0x05,
    0x02,0x00,0x01,0x7a,0x00,0x03,0x9b,0x0d,0x08,0x02,0x00,0x01,0xe4,0x17,0x02,0xdc,
    0x02,0x02,0xa8,0x00,0x03,0x0d,0x00,0x09,0x0b,0x30,0x01,0x02,0x00,0x09,0x7d,0x1f,
    0x03,0x78,0x23,0x0c,0xdf,0x4d,0x0f,0x02,0x00,0x01,0x03,0x57,0x00,0x0f,0x02,0x00,
    0x0b,0x03,0x0c,0x06,0x0d,0x02,0x00,0x15,0x50,0xcb,0x02,0x01,0x76,0x3f,0x04,0x02,
    0x00,0x04,0xf9,0x06,0x01,0x58,0x0a,0x06,0x8b,0x48,0x13,0x78,0x78,0x01,0x04,0x02,
    0x00,0x05,0x25,0x13,0x04,0x94,0x02,0x04,0x02,0x00,0x03,0x1f,0x09,0x02,0x7e,0x07,
    0x02,0x02,0x00,0x01,0xf7,0x02,0x02,0x0b,0x00,0x01,0x02,0x00,0x0f,0x9d,0x05,0x05,
    0x01,0x73,0x00,0x06,0xa1,0x16,0x0f,0x02,0x00,0x01,0x03,0x86,0x04,0x06,0x36,0x1a,
    0x03,0xde,0x00,0x03,0x89,0x0d,0x14,0x30,0xa2,0x4d,0x05,0xf6,0x03,0x03,0x06,0x02,
    0x03,0x7c,0x02,0x03,0x8c,0x03,0x03,0x0e,0x00,0x04,0x02,0x00,0x03,0x16,0x00,0x06,
    0xea,0x03,0x01,0x02,0x00,0x03,0x5a,0x00,0x03,0x07,0x00,0x03,0x02,0x00,0x02,0x61,
    0x02,0x01,0xd1,0x38,0x04,0x02,0x00,0x01,0x22,0x03,0x06,0xd1,0x7d,0x05,0x53,0x02,
    0x04,0x02,0x00,0x04,0x19,0x07,0x03,0x8a,0x00,0x06,0xa0,0x1c,0x03,0x2a,0x01,0x03,
    0x02,0x00,0x07,0x1c,0x45,0x01,0x22,0x05,0x02,0x66,0x04,0x02,0x02,0x00,0x1a,0xaf,
    0x9b,0x00,0x02,0x31,0x37,0x0b,0xd6,0x75,0x04,0xd3,0x08,0x01,0x29,0x04,0x06,0x83,
    0x26,0x0c,0x1a,0x0d,0x05,0x00,0x06,0x02,0x94,0x03,0x06,0x50,0x06,0x04,0x6f,0x03,
    0x0a,0x96,0x00,0x0a,0x02,0x00,0x04,0xd9,0x11,0x03,0x14,0x01,0x04,0x96,0x00,0x03,
    0x87,0x02,0x02,0x0f,0x04,0x02,0x18,0x0d,0x02,0x06,0x00,0x05,0x9a,0x05,0x12,0x70,
    0x48,0x00,0x04,0x59,0x17,0x0f,0x02,0x00,0x04,0x03,0x57,0x00,0x04,0x82,0x02,0x04,
    0x02,0x00,0x05,0x1d,0x0a,0x04,0x93,0x34,0x01,0x69,0x00,0x08,0x20,0x01,0x01,0x22,
    0x05,0x03,0xd2,0x00,0x01,0x02,0x00,0x14,0xcf,0x89,0x36,0x01,0x53,0x02,0x03,0x31,
    0x28,0x23,0x40,0x08,0x40,0x09,0x02,0x1f,0x13,0x04,0x8c,0x09,0x03,0x47,0x58,0x06,
    0x60,0x12,0x03,0x02,0x00,0x05,0x41,0x1b,0x03,0x02,0x00,0x11,0x60,0x5a,0x00,0x03,
    0x6c,0x00,0x0f,0x02,0x00,0x14,0x0f,0xa7,0x09,0x04,0x0b,0x4c,0x03,0x01,0x02,0x00,
    0x01,0x1f,0x02,0x13,0x60,0xc2,0x74,0x22,0xef,0x10,0x7b,0x16,0x04,0xd6,0x0f,0x04,
    0x73,0x69,0x03,0x6a,0x01,0x03,0xbb,0x00,0x13,0x18,0x9d,0x04,0x05,0x02,0x00,0x19,
    0x58,0x80,0x0a,0x05,0xcc,0x01,0x11,0x10,0x39,0x70,0x08,0x25,0x07,0x11,0x80,0x33,
    0x00,0x0c,0xa4,0x03,0x07,0x33,0x00,0x05,0x02,0x00,0x01,0x24,0x11,0x07,0xf0,0x18,
    0x0f,0x02,0x00,0x08,0x1c,0x38,0xd7,0x00,0x03,0x91,0x01,0x13,0x9f,0xb5,0x03,0x0b,
    0x02,0x00,0x03,0x76,0x03,0x03,0x8c,0x03,0x0f,0x77,0x02,0x09,0x0f,0x02,0x00,0x08,
    0x13,0x50,0x37,0x03,0x12,0x70,0xdf,0x01,0x05,0x02,0x00,0x01,0x7c,0x0b,0x32,0x00,
    0x00,0x28,0xe9,0x00,0x05,0xcd,0x29,0x05,0x27,0x0a,0x03,0x02,0x00,0x04,0x04,0x1b,
    0x04,0x60,0x0a,0x09,0x02,0x00,0x08,0xac,0x10,0x02,0xe4,0x05,0x0e,0x12,0x00,0x05,
    0x02,0x00,0x06,0xb3,0x0a,0x08,0x02,0x00,0x04,0xb8,0x01,0x03,0x02,0x00,0x03,0xb8,
    0x01,0x0d,0x40,0xa3,0x04,0x3a,0x07,0x04,0xa3,0x01,0x14,0xdf,0x15,0x01,0x02,0x12,
    0x03,0x03,0xf5,0x0b,0x02,0x0d,0x00,0x04,0x02,0x00,0x0a,0x0e,0x00,0x04,0x7c,0x08,
    0x11,0x28,0x47,0x02,0x05,0x02,0x00,0x03,0xe7,0x06,0x02,0x27,0x0f,0x11,0x10,0x24,
    0x38,0x02,0xc6,0x02,0x06,0xf8,0x03,0x18,0x00,0xc1,0x19,0x05,0x32,0x0c,0x03,0xaa,
    0x00,0x05,0x02,0x00,0x0c,0x6b,0x02,0x04,0x04,0x62,0x04,0x37,0x3a,0x01,0x02,0x00,
    0x12,0xaf,0x5c,0x00,0x01,0x02,0x00,0x02,0x9f,0x00,0x03,0x97,0x05,0x01,0x02,0x00,
    0x1a,0x70,0xae,0x08,0x02,0xe6,0x09,0x13,0x80,0xd2,0x02,0x04,0x02,0x00,0x03,0x2d,
    0x0b,0x13,0x20,0xf3,0x0f,0x04,0xd1,0x02,0x0c,0x1e,0x02,0x05,0xe7,0x00,0x11,0x90,
    0x5b,0x00,0x05,0xc2,0x2a,0x04,0x86,0x01,0x0b,0x56,0x00,0x08,0x02,0x00,0x0c,0x03,
    0x02,0x03,0x02,0x00,0x02,0xe1,0x01,0x0a,0x02,0x00,0x33,0x58,0x28,0x60,0xc3,0x02,
    0x02,0xc5,0x4e,0x03,0xaa,0x0b,0x03,0x5c,0x02,0x04,0xfe,0x04,0x0b,0x02,0x00,0x03,
    0x0d,0x32,0x04,0x76,0x1b,0x0c,0xfd,0x0f,0x02,0x8c,0x03,0x11,0x00,0xaf,0x66,0x08,
    0xb2,0x04,0x03,0x53,0x06,0x08,0xe4,0x17,0x13,0xaf,0xc6,0x00,0x09,0xc5,0x17,0x01,
    0x6f,0x12,0x01,0xb4,0x11,0x09,0xc5,0x17,0x06,0x3e,0x18,0x0a,0x02,0x00,0x1c,0x08,
    0x61,0x01,0x12,0x50,0xc2,0x06,0x03,0x1c,0xc8,0x06,0x09,0x7e,0x0f,0x02,0x00,0x1e,
    0x0f,0x75,0x7e,0x00,0x06,0x8c,0x21,0x22,0xff,0xef,0x7a,0x0a,0x06,0x4c,0x30,0x07,
    0x49,0x3a,0x03,0xee,0x02,0x22,0x10,0x60,0x24,0x02,0x02,0xb7,0x12,0x06,0x02,0x00,
    0x06,0x93,0x34,0x09,0x02,0x00,0x2b,0x10,0x58,0x1e,0x01,0x03,0x1e,0x00,0x03,0x01,
    0x04,0x01,0xd1,0x00,0x03,0x13,0x00,0x0d,0x02,0x00,0x0a,0xf1,0x05,0x0a,0x23,0x03,
    0x04,0x02,0x00,0x01,0x1a,0x0c,0x06,0x22,0x0b,0x07,0x44,0x02,0x06,0x32,0x01,0x0f,
    0x02,0x00,0x47,0x25,0xef,0x30,0xd3,0x02,0x06,0x02,0x00,0x04,0x62,0x02,0x03,0xd6,
    0x5c,0x0d,0xa5,0x04,0x03,0xde,0x03,0x04,0x27,0x00,0x07,0xdc,0x2f,0x04,0x02,0x00,
    0x08,0x80,0x03,0x13,0x80,0x15,0x00,0x08,0xf6,0x05,0x06,0xf7,0x19,0x01,0x38,0x12,
    0x01,0xa2,0x03,0x04,0x4f,0x00,0x05,0x02,0x00,0x13,0x30,0x3a,0x00,0x03,0x37,0x1e,
    0x04,0x5b,0x0e,0x05,0x8f,0x26,0x03,0x02,0x00,0x04,0x19,0x7a,0x0b,0x4f,0x0c,0x0f,
    0x02,0x00,0x43,0x04,0x22,0x05,0x04,0x02,0x00,0x04,0x13,0x57,0x0f,0x02,0x00,0x04,
    0x02,0x6a,0x02,0x2a,0x00,0x78,0xa2,0x06,0x04,0xa4,0x03,0x22,0x20,0x68,0x6a,0x03,
    0x29,0x18,0x10,0xe8,0x0b,0x13,0x40,0x4d,0x00,0x08,0xf6,0x05,0x12,0x88,0x2a,0x00,
    0x03,0x7d,0x1c,0x02,0x58,0x02,0x11,0x18,0xde,0x08,0x01,0x56,0x02,0x03,0x0c,0x0a,
    0x03,0x6f,0x00,0x03,0xb8,0x01,0x07,0x0f,0x1f,0x02,0x02,0x00,0x0c,0x10,0x07,0x15,
    0x30,0x2b,0x22,0x0f,0x02,0x00,0x46,0x13,0x97,0x93,0x00,0x05,0xf0,0x05,0x03,0x21,
    0x09,0x07,0x51,0x21,0x01,0x02,0x00,0x02,0xf5,0x0d,0x07,0xf4,0x3d,0x02,0x02,0x00,
    0x12,0x28,0x42,0x06,0x04,0x02,0x00,0x03,0xff,0x00,0x38,0x00,0x70,0x40,0xb8,0x1d,
    0x14,0xff,0x64,0x00,0x04,0xc7,0x06,0x08,0xa3,0x5a,0x01,0x1f,0x01,0x08,0x02,0x00,
    0x02,0x5b,0x1b,0x04,0x6d,0x0e,0x0f,0x02,0x00,0x0b,0x03,0x16,0x06,0x05,0x02,0x00,
    0x01,0x1f,0x07,0x05,0x9c,0x05,0x0f,0x02,0x00,0x40,0x12,0x9f,0x72,0x1b,0x02,0xac,
    0x05,0x09,0x7e,0x00,0x05,0xb6,0x04,0x12,0x68,0x8e,0x00,0x03,0x52,0x1b,0x04,0xa9,
    0x09,0x04,0x02,0x00,0x04,0x0d,0x03,0x0b,0x4d,0x03,0x28,0x18,0x08,0xb7,0x0a,0x05,
    0x85,0x07,0x08,0x15,0x00,0x03,0x09,0x06,0x04,0x02,0x00,0x0c,0xfa,0x06,0x04,0x02,
    0x00,0x0f,0xb8,0x01,0x03,0x04,0x38,0x07,0x04,0x02,0x00,0x0b,0x19,0x1b,0x22,0x40,
    0x9f,0xe4,0x13,0x0f,0x02,0x00,0x3b,0x25,0xef,0xbf,0x1a,0x2b,0x09,0xe6,0x01,0x04,
    0xb8,0x0b,0x02,0x02,0x00,0x03,0xc5,0x08,0x03,0x44,0x07,0x06,0x02,0x00,0x11,0x58,
    0xcd,0x01,0x05,0x02,0x00,0x04,0xfe,0x05,0x04,0x6b,0x0c,0x03,0x04,0x11,0x02,0x02,
    0x00,0x06,0x7c,0x0b,0x08,0xc8,0x00,0x03,0x41,0x00,0x03,0x7c,0x00,0x02,0xa0,0x01,
    0x01,0x76,0x2a,0x09,0x02,0x00,0x02,0xd2,0x01,0x05,0xda,0x47,0x03,0x1a,0x17,0x0b,
    0xa0,0x01,0x08,0xf4,0x2a,0x04,0x02,0x00,0x61,0x40,0x40,0x40,0x40,0x48,0x50,0x33,
    0x27,0x0f,0x02,0x00,0x07,0x1f,0x68,0x1b,0x00,0x03,0x1f,0x70,0x17,0x00,0x01,0x02,
    0x50,0x02,0x04,0xab,0x08,0x07,0x02,0x00,0x01,0xd8,0x54,0x0f,0x02,0x00,0x06,0x01,
    0xe4,0x19,0x0e,0x3f,0x14,0x04,0xc2,0x00,0x03,0xbb,0x1c,0x28,0x48,0x58,0xc3,0x04,
    0x01,0x29,0x08,0x01,0x02,0x00,0x0f,0x16,0x00,0x00,0x01,0xee,0x05,0x04,0x02,0x00,
    0x01,0x99,0x19,0x02,0xbf,0x04,0x0a,0x94,0x03,0x04,0xc6,0x01,0x04,0xdd,0x03,0x04,
    0x02,0x00,0x02,0xc6,0x00,0x05,0x02,0x00,0x04,0xf1,0x0d,0x0f,0x02,0x00,0x01,0x02,
    0x3b,0x00,0x04,0xa9,0x00,0x0f,0x02,0x00,0x0a,0x03,0xc5,0x01,0x0f,0x02,0x00,0x01,
    0x02,0x65,0x21,0x02,0xa3,0x00,0x04,0x7d,0x43,0x02,0x02,0x00,0x04,0xec,0x11,0x03,
    0x1c,0x00,0x04,0xd0,0x36,0x06,0x2d,0x3f,0x02,0x02,0x00,0x0b,0x58,0x0e,0x03,0xeb,
    0x04,0x11,0x28,0x01,0x35,0x04,0x02,0x00,0x06,0x6f,0x03,0x08,0x3b,0x07,0x06,0x30,
    0x4f,0x0b,0x02,0x00,0x02,0x2b,0x01,0x08,0xef,0x35,0x0e,0x02,0x00,0x04,0x1b,0x04,
    0x09,0x68,0x0b,0x06,0xf6,0x2e,0x02,0x71,0x23,0x04,0x02,0x00,0x02,0x2b,0x01,0x02,
    0xc4,0x0f,0x03,0x3d,0x0e,0x03,0xdf,0x02,0x03,0x02,0x00,0x02,0x21,0x00,0x05,0x28,
    0x26,0x04,0x02,0x00,0x03,0x17,0x00,0x0c,0xb4,0x0e,0x06,0xb1,0x20,0x02,0x09,0x0f,
    0x04,0x02,0x00,0x03,0x0e,0x00,0x04,0xd9,0x37,0x03,0xd2,0x0a,0x05,0x02,0x00,0x02,
    0xe5,0x06,0x03,0x77,0x22,0x0d,0x77,0x15,0x08,0xa4,0x0a,0x07,0xae,0x04,0x08,0xc5,
    0x04,0x02,0x30,0x20,0x04,0x02,0x00,0x02,0x62,0x0f,0x0c,0x53,0x0c,0x06,0x18,0xa9,
    0x04,0x63,0x02,0x03,0xd0,0x08,0x02,0x50,0x07,0x06,0x02,0x00,0x0b,0xcd,0x41,0x04,
    0x39,0x03,0x02,0x9f,0x07,0x02,0x2b,0x01,0x0f,0x02,0x00,0x00,0x03,0x12,0x01,0x04,
    0x61,0x7d,0x06,0x41,0x2b,0x02,0x02,0x00,0x03,0xfd,0x02,0x03,0x31,0x01,0x0e,0x2f,
    0x04,0x04,0x02,0x00,0x03,0xf5,0x08,0x0f,0x02,0x00,0x0b,0x18,0x18,0x50,0x40,0x06,
    0x4e,0x2c,0x03,0x95,0x08,0x18,0x20,0x41,0x08,0x06,0xc3,0x04,0x0a,0x8a,0x09,0x01,
    0xce,0x00,0x04,0x70,0x18,0x02,0x06,0x03,0x07,0xc1,0x20,0x04,0x02,0x00,0x03,0xee,
    0x00,0x02,0x01,0x12,0x0e,0xb8,0x01,0x03,0x02,0x00,0x03,0xd5,0x00,0x0f,0x8f,0x2e,
    0x00,0x0f,0x02,0x00,0x09,0x06,0xfb,0x02,0x09,0x02,0x00,0x0b,0x53,0x10,0x03,0x02,
    0x00,0x02,0x22,0x02,0x03,0xa2,0x00,0x02,0x0d,0x00,0x03,0xe0,0x01,0x03,0x18,0x04,
    0x0f,0xee,0x03,0x04,0x04,0x1e,0x0d,0x03,0x81,0x02,0x04,0x1c,0x03,0x03,0x02,0x00,
    0x03,0x84,0x0b,0x12,0x40,0x5e,0x32,0x02,0x02,0x00,0x03,0xa9,0x01,0x01,0x02,0x00,
    0x08,0x49,0x01,0x01,0x57,0x27,0x0f,0xe3,0x00,0x01,0x01,0x77,0x15,0x0a,0x1e,0x0d,
    0x0f,0x02,0x00,0x06,0x08,0xc8,0x1c,0x07,0xcd,0x0e,0x04,0x3c,0x02,0x07,0x02,0x00,
    0x02,0x86,0x03,0x02,0x06,0x00,0x0f,0x1f,0x00,0x00,0x0f,0x02,0x00,0x14,0x02,0x9a,
    0x01,0x02,0xfb,0x08,0x06,0x4a,0x22,0x01,0x02,0x00,0x04,0x66,0x0b,0x03,0xe5,0x4a,
    0x04,0x61,0x0f,0x0b,0x1e,0x0d,0x04,0x77,0x15,0x05,0x1f,0x07,0x02,0x02,0x00,0x02,
    0x2b,0x01,0x02,0x02,0x00,0x08,0x9e,0x00,0x08,0x72,0x34,0x07,0xab,0x03,0x0a,0x82,
    0x12,0x02,0x12,0x0f,0x03,0xbf,0x01,0x0f,0xb8,0x01,0x04,0x22,0x28,0x40,0x69,0x00,
    0x04,0x25,0x02,0x02,0xa2,0x02,0x04,0x02,0x00,0x04,0x8f,0x15,0x02,0xd3,0x11,0x0a,
    0x65,0x0b,0x01,0x87,0x11,0x02,0x07,0x00,0x02,0x02,0x00,0x04,0x94,0x08,0x02,0x4c,
    0x01,0x06,0x02,0x00,0x04,0x10,0x00,0x03,0x6b,0x0a,0x04,0x6a,0x00,0x01,0x02,0x00,
    0x02,0x62,0x02,0x0b,0x02,0x00,0x03,0x84,0x00,0x03,0x32,0x29,0x1a,0x08,0x6e,0x37,
    0x05,0x77,0x15,0x03,0x0f,0x01,0x03,0x02,0x12,0x03,0xc8,0x1c,0x08,0xdd,0x05,0x01,
    0x6e,0x15,0x05,0x02,0x00,0x07,0x4f,0x0e,0x27,0xff,0x30,0x3f,0x40,0x02,0x96,0x00,
    0x18,0x38,0x8e,0x02,0x02,0x02,0x00,0x03,0xcd,0x01,0x0c,0x56,0x8e,0x05,0xcc,0x21,
    0x02,0x02,0x00,0x13,0x10,0xd1,0x10,0x0b,0x02,0x00,0x03,0xc3,0x00,0x0f,0x02,0x00,
    0x04,0x04,0x12,0x01,0x03,0x02,0x00,0x03,0xca,0x00,0x05,0x71,0x17,0x0b,0x3d,0x00,
    0x02,0x9b,0x00,0x04,0x1e,0x05,0x08,0x02,0x00,0x0f,0x77,0x15,0x0c,0x03,0x48,0x00,
    0x0b,0x1f,0x07,0x03,0x10,0x02,0x12,0x48,0xe8,0x0a,0x08,0xb0,0x8f,0x01,0xef,0x0c,
    0x05,0x02,0x00,0x08,0x1e,0x0f,0x13,0x8f,0x48,0x26,0x06,0x02,0x00,0x02,0x46,0x00,
    0x02,0xdc,0x0e,0x0b,0x08,0x0d,0x03,0x07,0x10,0x0c,0xb8,0x01,0x06,0x23,0x29,0x01,
    0x02,0x00,0x04,0xa2,0x13,0x0f,0x02,0x00,0x05,0x03,0x15,0x01,0x0f,0x02,0x00,0x09,
    0x04,0x7a,0x0a,0x0f,0x02,0x00,0x03,0x02,0x7b,0x1e,0x03,0xd2,0x0c,0x03,0x2a,0x01,
    0x04,0x4e,0x11,0x03,0xcc,0x04,0x04,0x4d,0x18,0x02,0xcd,0x00,0x0d,0x0c,0x13,0x09,
    0xb8,0x3a,0x04,0x02,0x00,0x0c,0x48,0x02,0x06,0x02,0x00,0x08,0x7c,0x02,0x09,0x94,
    0x03,0x07,0x02,0x00,0x02,0x1c,0x01,0x0f,0x77,0x15,0x13,0x04,0x80,0x21,0x03,0x02,
    0x00,0x03,0x2b,0x03,0x02,0x9b,0x0e,0x04,0x02,0x00,0x01,0x26,0x01,0x02,0x52,0x03,
    0x01,0xa4,0x03,0x04,0xe1,0x00,0x0f,0x02,0x00,0x13,0x01,0x3e,0x00,0x0b,0x02,0x00,
    0x03,0xcd,0x01,0x0b,0xc1,0x05,0x03,0x49,0x08,0x04,0x14,0x03,0x03,0x75,0x03,0x04,
    0xfc,0x3d,0x04,0x5c,0x04,0x03,0xe8,0x07,0x05,0x19,0x2c,0x01,0x64,0x08,0x02,0xbd,
    0x04,0x01,0x02,0x00,0x0c,0x16,0x01,0x0f,0x4c,0x01,0x03,0x03,0x4b,0x06,0x02,0x5c,
    0x02,0x0a,0x02,0x00,0x04,0xb8,0x01,0x03,0x02,0x00,0x03,0xb8,0x01,0x1b,0x08,0xee,
    0x05,0x03,0x8e,0x1b,0x0a,0x02,0x00,0x03,0xd1,0x00,0x01,0x26,0x01,0x0f,0x02,0x00,
    0x06,0x03,0xe2,0x04,0x04,0xf7,0x04,0x05,0x02,0x00,0x03,0x25,0x05,0x03,0x8b,0x03,
    0x09,0x1c,0x15,0x0b,0x02,0x00,0x02,0xdf,0x17,0x05,0x02,0x00,0x04,0x90,0x01,0x03,
    0xf3,0x09,0x04,0x02,0x00,0x04,0x0d,0x0d,0x03,0x02,0x00,0x03,0x0c,0x03,0x02,0xa9,
    0x03,0x0c,0x78,0x03,0x08,0x02,0x00,0x08,0x89,0x15,0x15,0x8f,0x9b,0x0b,0x03,0x07,
    0x01,0x02,0x5c,0x02,0x03,0x27,0x02,0x03,0xdb,0x01,0x03,0xa8,0x16,0x04,0xb8,0x01,
    0x13,0x58,0xf5,0x07,0x02,0x32,0x02,0x05,0x02,0x00,0x03,0x32,0x0b,0x02,0xc5,0x06,
    0x0f,0x02,0x00,0x12,0x0a,0xdd,0x0a,0x05,0x02,0x00,0x03,0x40,0x01,0x0d,0x02,0x00,
    0x02,0x8e,0x00,0x03,0xec,0x40,0x03,0x2e,0x02,0x03,0xf7,0x0c,0x04,0xab,0x30,0x03,
    0xc5,0x00,0x0c,0x02,0x00,0x03,0x46,0x0e,0x04,0x48,0x01,0x06,0xd2,0x42,0x01,0x7f,
    0x06,0x12,0x28,0x2f,0x4f,0x01,0x5d,0x02,0x01,0x02,0x00,0x0b,0x5a,0x05,0x04,0x9e,
    0x8e,0x01,0x02,0x00,0x13,0xdf,0x2f,0x1a,0x0b,0x02,0x00,0x01,0x63,0x21,0x02,0x24,
    0x32,0x06,0x02,0x00,0x04,0x70,0x00,0x0b,0x02,0x00,0x07,0x53,0x77,0x01,0x8c,0x1b,
    0x02,0x62,0x05,0x03,0xd1,0x00,0x07,0x02,0x00,0x01,0xcf,0x09,0x0f,0x9f,0x04,0x0b,
    0x02,0x02,0x00,0x03,0xae,0x01,0x0f,0x02,0x00,0x05,0x02,0xcf,0x00,0x12,0x20,0xab,
    0x05,0x04,0xbb,0x1e,0x03,0x02,0x00,0x02,0x2e,0x02,0x04,0x17,0x09,0x05,0x97,0x3b,
    0x03,0xaa,0x03,0x04,0x02,0x00,0x12,0x70,0x43,0x00,0x08,0x4d,0x03,0x11,0x60,0x0e,
    0x01,0x02,0x02,0x00,0x0c,0x92,0x03,0x0a,0xef,0x8d,0x03,0xef,0x02,0x05,0x3d,0x18,
    0x02,0x02,0x00,0x03,0xcc,0x02,0x03,0xbb,0x00,0x0f,0xb8,0x01,0x04,0x03,0xea,0x33,
    0x04,0xc8,0x09,0x02,0x8b,0x08,0x04,0x02,0x00,0x03,0xa4,0x12,0x01,0x26,0x01,0x02,
    0xe1,0x18,0x02,0x21,0x02,0x01,0x02,0x00,0x09,0x44,0x02,0x03,0xa9,0x02,0x05,0x1b,
    0x07,0x04,0x02,0x00,0x04,0x0e,0x07,0x04,0x03,0x03,0x03,0x8d,0x00,0x0f,0x02,0x00,
    0x03,0x03,0x45,0x00,0x04,0x02,0x00,0x03,0x31,0x10,0x06,0xb8,0x23,0x01,0x02,0x00,
    0x13,0x28,0x82,0x27,0x03,0x02,0x00,0x02,0x76,0x0f,0x02,0x7c,0x08,0x0a,0x76,0x03,
    0x03,0x21,0x00,0x05,0x02,0x00,0x08,0xb0,0x03,0x02,0x1c,0x67,0x05,0xb2,0x30,0x1a,
    0x08,0x52,0x07,0x02,0x02,0x00,0x04,0xd0,0x1d,0x03,0x87,0x00,0x04,0x30,0x30,0x0b,
    0x46,0x0e,0x05,0x63,0x21,0x08,0x02,0x00,0x04,0xf6,0x00,0x0f,0x02,0x00,0x00,0x03,
    0x95,0x01,0x04,0x08,0x22,0x0d,0xc0,0x02,0x04,0x06,0x1e,0x04,0x4a,0x01,0x03,0x19,
    0x0d,0x0f,0x52,0x00,0x03,0x0c,0x7f,0x1c,0x0a,0x02,0x00,0x12,0x28,0xf6,0x02,0x12,
    0x28,0x56,0x63,0x09,0x89,0x4d,0x02,0x2e,0x2c,0x08,0x48,0x0e,0x12,0xff,0x80,0x02,
    0x08,0x02,0x00,0x08,0x28,0x07,0x07,0xc9,0x10,0x01,0x02,0x00,0x02,0xab,0x01,0x12,
    0x48,0x62,0x00,0x03,0x0e,0x23,0x04,0x02,0x00,0x03,0x1a,0x13,0x04,0x67,0x0a,0x03,
    0x02,0x00,0x03,0xe1,0x07,0x04,0x02,0x00,0x02,0xf6,0x07,0x0f,0x02,0x00,0x10,0x04,
    0x09,0x01,0x0b,0x02,0x00,0x03,0x21,0x05,0x0f,0x02,0x00,0x06,0x03,0xb3,0x24,0x02,
    0x6c,0x05,0x02,0xc5,0x2c,0x06,0x02,0x00,0x04,0xdb,0x01,0x03,0xee,0x02,0x04,0x62,
    0x02,0x19,0x78,0x55,0x00,0x04,0x48,0x2c,0x07,0x02,0x00,0x08,0xff,0x0c,0x0d,0x92,
    0x03,0x0b,0x28,0x07,0x0f,0x53,0x02,0x01,0x04,0x5b,0x2b,0x0f,0x63,0x21,0x0b,0x03,
    0x5b,0x0c,0x03,0x78,0x05,0x0b,0x02,0x00,0x0a,0x31,0x18,0x04,0xc4,0x2e,0x01,0x2e,
    0x07,0x07,0x9c,0x03,0x0f,0x02,0x00,0x27,0x03,0xdf,0x02,0x0b,0x2b,0x05,0x11,0x20,
    0x61,0x00,0x05,0x94,0x54,0x0b,0x5f,0x05,0x04,0x3f,0x10,0x02,0x4f,0x01,0x04,0x59,
    0x3f,0x0b,0x26,0x39,0x05,0x4b,0x3a,0x08,0x02,0x00,0x08,0x15,0x13,0x02,0x51,0x01,
    0x04,0x27,0x02,0x03,0xeb,0x06,0x0a,0x02,0x00,0x04,0x77,0x0f,0x03,0x1d,0x00,0x04,
    0xb8,0x01,0x02,0xca,0x1c,0x05,0x02,0x00,0x0f,0xea,0x0b,0x01,0x02,0x2a,0x08,0x09,
    0xb3,0x04,0x05,0x78,0x0b,0x02,0x02,0x00,0x03,0x1c,0x00,0x04,0x80,0x03,0x05,0x02,
    0x00,0x05,0x11,0x00,0x03,0x08,0x04,0x0f,0x8c,0x4a,0x04,0x03,0x02,0x00,0x1a,0x10,
    0x9e,0x04,0x0f,0x02,0x00,0x04,0x13,0x48,0x6b,0x0e,0x02,0x02,0x00,0x03,0x57,0x1a,
    0x2b,0x60,0x48,0x73,0x03,0x02,0x64,0x03,0x0a,0x02,0x00,0x08,0x50,0x0e,0x01,0x06,
    0x4d,0x05,0xb9,0x00,0x04,0xc9,0x05,0x02,0x02,0x00,0x03,0x3c,0x00,0x03,0xc1,0x05,
    0x04,0x29,0x04,0x22,0x28,0x58,0x1e,0x00,0x03,0x02,0x00,0x04,0x5b,0x03,0x02,0xc6,
    0x03,0x04,0x0e,0x31,0x0f,0x02,0x00,0x0d,0x0b,0x29,0x04,0x04,0xd2,0x05,0x03,0x72,
    0x00,0x06,0xe2,0x04,0x05,0x02,0x00,0x03,0x6b,0x10,0x03,0x5a,0x02,0x04,0x02,0x00,
    0x03,0x0f,0x00,0x03,0xc7,0x0a,0x01,0xaf,0x3b,0x08,0x02,0x00,0x03,0x57,0x00,0x12,
    0x78,0x97,0x01,0x03,0x8f,0x02,0x05,0xc7,0x5b,0x01,0x02,0x00,0x24,0x30,0x20,0x59,
    0x32,0x02,0x02,0x00,0x0a,0x48,0x0e,0x04,0x02,0x00,0x08,0xa9,0x16,0x0f,0x47,0x14,
    0x00,0x04,0x72,0x09,0x0b,0x9b,0x0a,0x0f,0x02,0x00,0x03,0x04,0x80,0x02,0x03,0x02,
    0x00,0x02,0x0a,0x01,0x04,0xd2,0x05,0x04,0x02,0x00,0x01,0x10,0x00,0x0f,0x8c,0x03,
    0x10,0x05,0x31,0x01,0x0f,0x02,0x00,0x05,0x03,0xfa,0x12,0x04,0x7c,0x4d,0x0b,0x31,
    0x08,0x03,0x23,0x0a,0x04,0xa7,0x10,0x04,0xe9,0x3d,0x01,0xe0,0x35,0x05,0x02,0x00,
    0x13,0x40,0x92,0x08,0x03,0x4e,0x01,0x0b,0xf3,0x05,0x0b,0xd4,0x05,0x03,0x02,0x00,
    0x08,0x77,0x08,0x1f,0xff,0xa5,0x00,0x00,0x0a,0xdb,0x00,0x13,0x28,0x3d,0x02,0x0b,
    0x02,0x00,0x0a,0x4b,0x33,0x13,0x18,0x3f,0x04,0x02,0x02,0x00,0x03,0x19,0x10,0x01,
    0x48,0x00,0x01,0x28,0x3a,0x14,0x10,0x9e,0x06,0x08,0x27,0x00,0x05,0xb3,0x00,0x0f,
    0x02,0x00,0x06,0x0f,0x9c,0x00,0x00,0x02,0x02,0x00,0x01,0x5a,0x00,0x05,0x02,0x00,
    0x0b,0xf9,0x08,0x02,0x2b,0x08,0x0d,0xf6,0x09,0x0a,0x5e,0x01,0x02,0x55,0x1a,0x12,
    0x18,0xe8,0x78,0x05,0x02,0x00,0x0a,0x55,0x15,0x05,0x02,0x00,0x09,0x71,0x85,0x16,
    0x9f,0xb1,0x01,0x03,0x7c,0x06,0x0b,0x02,0x00,0x03,0xf9,0x06,0x22,0x10,0x60,0xa6,
    0x00,0x04,0x73,0x18,0x03,0x25,0x03,0x03,0x02,0x00,0x04,0xee,0x11,0x08,0x02,0x00,
    0x02,0x2b,0x08,0x0f,0x6f,0x01,0x03,0x01,0xb8,0x2d,0x02,0x07,0x00,0x03,0x40,0x0d,
    0x07,0x02,0x00,0x05,0xf5,0x03,0x04,0x64,0x00,0x12,0x38,0x55,0x03,0x0f,0x02,0x00,
    0x05,0x04,0xb1,0x0a,0x0f,0x02,0x00,0x03,0x02,0x4a,0x05,0x0c,0x31,0x01,0x02,0x92,
    0x05,0x2a,0x60,0x60,0x98,0x0a,0x0e,0x85,0x09,0x02,0x02,0x00,0x08,0x8b,0x09,0x12,
    0xef,0x08,0x01,0x01,0x27,0x0c,0x02,0xdd,0x00,0x03,0x1e,0x07,0x0b,0x04,0x01,0x05,
    0xb8,0x01,0x06,0x30,0x00,0x01,0xb7,0x0e,0x09,0x0f,0x00,0x0a,0xfe,0x02,0x0f,0x02,
    0x00,0x04,0x0f,0xf0,0x0b,0x04,0x09,0xfd,0x07,0x0a,0x02,0x00,0x01,0xd3,0x03,0x06,
    0x56,0x4f,0x04,0x03,0x01,0x0b,0x0f,0x04,0x04,0x8b,0x03,0x04,0x60,0x00,0x03,0x66,
    0x0f,0x0a,0x06,0x19,0x0a,0x24,0x20,0x1a,0x10,0x60,0x34,0x0f,0x6f,0x03,0x01,0x01,
    0x02,0x00,0x09,0xf7,0x05,0x09,0x3d,0x06,0x01,0x8b,0x01,0x02,0x04,0x01,0x0f,0x06,
    0x19,0x0c,0x02,0x5d,0x01,0x04,0x86,0xa4,0x03,0x02,0x00,0x11,0x08,0x08,0x00,0x0a,
    0xa0,0x03,0x02,0x8d,0x53,0x02,0xdd,0x04,0x0f,0x02,0x00,0x2c,0x03,0x74,0x00,0x04,
    0x5b,0x5f,0x04,0x1a,0x01,0x03,0x02,0x00,0x04,0xd3,0x01,0x04,0xbc,0x04,0x03,0x13,
    0x1c,0x03,0x8c,0x0c,0x03,0x9e,0x06,0x03,0x25,0x00,0x06,0xa0,0x03,0x08,0x47,0x0e,
    0x0f,0xf3,0x05,0x03,0x0c,0xdb,0x17,0x11,0xef,0x1e,0x0c,0x0f,0x02,0x00,0x06,0x04,
    0x23,0x4e,0x04,0x29,0x04,0x03,0x80,0x02,0x0b,0xe5,0x08,0x09,0x2d,0x05,0x02,0x11,
    0x02,0x01,0x1b,0x08,0x01,0xf5,0x08,0x02,0x47,0x01,0x0a,0xc1,0x04,0x0f,0x02,0x00,
    0x06,0x02,0x2c,0x03,0x01,0xbd,0x02,0x02,0x07,0x00,0x0f,0xf0,0x0e,0x03,0x07,0x02,
    0x00,0x04,0x15,0x09,0x0f,0x02,0x00,0x0b,0x19,0x58,0x73,0x0a,0x02,0x91,0x0f,0x29,
    0x58,0x28,0x5b,0x0f,0x05,0x2a,0x0e,0x0e,0x02,0x00,0x09,0xee,0x0b,0x12,0xb8,0x52,
    0x02,0x04,0x38,0x08,0x04,0x02,0x00,0x03,0x16,0x00,0x04,0x04,0xdd,0x04,0x87,0x2e,
    0x02,0xf1,0x17,0x0c,0x02,0x00,0x02,0x9f,0x05,0x09,0xb9,0x0c,0x02,0x37,0x01,0x0f,
    0x02,0x00,0x1e,0x06,0xf0,0x10,0x04,0x81,0x00,0x04,0x1c,0x04,0x04,0xb3,0x01,0x04,
    0x02,0x00,0x04,0x8a,0x0a,0x04,0x31,0x01,0x03,0x4b,0x0b,0x0b,0x02,0x00,0x04,0x82,
    0xb7,0x02,0x2e,0x00,0x07,0x38,0x45,0x02,0xdd,0x1d,0x04,0x73,0x26,0x06,0x95,0x0a,
    0x0f,0x02,0x00,0x03,0x0f,0x28,0x00,0x01,0x03,0x09,0x02,0x03,0xf5,0x2b,0x0d,0x68,
    0x28,0x0f,0x02,0x00,0x02,0x04,0x03,0x06,0x02,0x02,0x00,0x01,0x5c,0x2b,0x0f,0x02,
    0x00,0x46,0x04,0xfb,0x05,0x04,0xb4,0x14,0x01,0xde,0x39,0x07,0x02,0x00,0x08,0xca,
    0x67,0x06,0x0b,0x06,0x19,0x08,0xaa,0x13,0x0c,0x7f,0x15,0x09,0x31,0x08,0x09,0x27,
    0x03,0x0b,0x02,0x00,0x09,0x29,0x00,0x09,0xad,0x02,0x05,0xa2,0x08,0x03,0xe1,0x01,
    0x0f,0xb8,0x01,0x03,0x22,0x00,0x60,0x1f,0x00,0x03,0x47,0x02,0x03,0x5d,0x04,0x02,
    0x02,0x00,0x0a,0x37,0x01,0x11,0x30,0xc2,0x9f,0x02,0x1a,0x00,0x05,0x02,0x00,0x01,
    0x62,0x1f,0x01,0x89,0x5a,0x01,0x07,0x00,0x0f,0x02,0x00,0x00,0x02,0x5f,0x00,0x0f,
    0x02,0x00,0x02,0x06,0x84,0x02,0x0f,0x02,0x00,0x02,0x13,0x10,0x65,0x0f,0x03,0xdc,
    0x08,0x03,0x02,0x00,0x04,0xf8,0x3d,0x01,0x16,0x02,0x06,0x37,0x01,0x08,0x39,0x02,
    0x07,0xff,0x06,0x0e,0x02,0x00,0x09,0x5a,0x08,0x01,0x2a,0x00,0x0b,0xaa,0x05,0x05,
    0x02,0x00,0x03,0x03,0x0d,0x04,0xf8,0x02,0x13,0x48,0xe8,0x03,0x0a,0xf9,0x04,0x0f,
    0x19,0x0d,0x00,0x01,0x81,0x67,0x0d,0xf7,0x00,0x0d,0x3b,0x01,0x01,0x02,0x00,0x0c,
    0xc2,0x1d,0x08,0xfe,0x10,0x04,0x5c,0x01,0x0f,0x02,0x00,0x06,0x04,0x68,0x0b,0x0f,
    0x02,0x00,0x04,0x03,0x14,0x05,0x09,0x4e,0x59,0x11,0x08,0xbe,0x00,0x2a,0x50,0x70,
    0xc2,0x04,0x0d,0xfe,0x06,0x09,0x02,0x00,0x12,0x80,0xb7,0x03,0x02,0x02,0x00,0x17,
    0x80,0xe9,0x02,0x04,0xd3,0x00,0x01,0x54,0x00,0x06,0x02,0x00,0x04,0x31,0x01,0x0a,
    0x58,0x01,0x0a,0x0e,0x00,0x04,0x55,0x16,0x0f,0x02,0x00,0x1e,0x09,0xfc,0x04,0x0b,
    0x02,0x00,0x04,0x83,0x26,0x04,0x23,0x02,0x05,0x9f,0x11,0x05,0x36,0x0a,0x03,0xb2,
    0x00,0x03,0x8f,0x1c,0x04,0x20,0x00,0x04,0x43,0x07,0x09,0xf4,0x18,0x09,0xd8,0x0d,
    0x1a,0x18,0xc2,0x04,0x01,0x37,0x02,0x0f,0x02,0x00,0x07,0x0e,0x63,0x02,0x02,0x02,
    0x00,0x05,0xb8,0x2a,0x1d,0x60,0x1e,0x02,0x08,0x02,0x00,0x01,0xda,0x02,0x06,0x90,
    0x05,0x02,0x02,0x00,0x02,0xba,0x00,0x08,0x38,0x00,0x03,0xcc,0x07,0x0f,0x44,0x02,
    0x02,0x0f,0x02,0x00,0x00,0x03,0x56,0x00,0x0f,0x02,0x00,0x02,0x04,0x9c,0x01,0x04,
    0x3e,0x55,0x0b,0x12,0x79,0x05,0x31,0x01,0x04,0xbf,0x11,0x04,0x23,0x51,0x02,0xc5,
    0x14,0x03,0x02,0x00,0x02,0x31,0x01,0x05,0xea,0x1a,0x09,0x36,0x02,0x0f,0xb5,0x0a,
    0x05,0x04,0x02,0x00,0x09,0x2d,0x00,0x0f,0x8e,0x02,0x07,0x05,0xc8,0x01,0x02,0x02,
    0x00,0x04,0xaa,0x06,0x03,0x8a,0x0f,0x02,0x02,0x00,0x04,0x49,0x0a,0x01,0x02,0x00,
    0x02,0x02,0x35,0x12,0x18,0x1c,0x14,0x03,0xf1,0x0e,0x0f,0x02,0x00,0x14,0x04,0x14,
    0x01,0x0f,0x02,0x00,0x1a,0x0d,0x35,0x00,0x02,0xb7,0x01,0x0b,0x7e,0x01,0x03,0x7c,
    0x84,0x02,0x02,0x00,0x01,0x6f,0x46,0x2a,0x10,0x30,0xe5,0x0b,0x0f,0xb5,0x0a,0x06,
    0x04,0x02,0x00,0x09,0x63,0x02,0x17,0xff,0xa3,0xb0,0x0a,0x02,0x00,0x02,0x7c,0x37,
    0x02,0x9a,0x14,0x05,0xe2,0x42,0x02,0x11,0x01,0x05,0x02,0x00,0x09,0x31,0x01,0x02,
    0x02,0x00,0x01,0x99,0xf1,0x02,0x0b,0x00,0x0f,0x02,0x00,0x29,0x13,0x30,0x32,0x05,
    0x0f,0x02,0x00,0x08,0x0c,0x2c,0x07,0x0a,0x02,0x00,0x04,0xba,0x8c,0x02,0x2b,0x46,
    0x03,0xfd,0x02,0x01,0xaa,0x06,0x29,0x40,0x78,0x45,0x40,0x0f,0xc1,0x32,0x10,0x09,
    0x63,0x02,0x13,0xb7,0x16,0x0f,0x03,0x0f,0x10,0x0d,0x9e,0x23,0x04,0x4b,0x16,0x0a,
    0x02,0x00,0x03,0xfb,0x2a,0x02,0x02,0x00,0x03,0x27,0x22,0x0b,0x02,0x00,0x0e,0xd0,
    0x05,0x03,0x18,0x0e,0x04,0xad,0x17,0x0f,0x02,0x00,0x13,0x02,0x69,0x0a,0x07,0x12,
    0x94,0x0c,0x04,0x29,0x13,0x00,0x9d,0x23,0x04,0xaf,0x13,0x03,0xaa,0x12,0x06,0xde,
    0x75,0x01,0x5a,0x14,0x09,0x66,0x05,0x09,0x9a,0x16,0x02,0xfb,0x2f,0x0f,0x02,0x00,
    0x0a,0x0a,0x63,0x02,0x03,0x4b,0x00,0x04,0xb7,0x24,0x0e,0x12,0x0f,0x08,0x02,0x00,
    0x04,0xa8,0x1d,0x0e,0x0e,0x01,0x0f,0x07,0x01,0x08,0x04,0x86,0x05,0x04,0x02,0x00,
    0x03,0xef,0x01,0x04,0xd5,0x05,0x06,0x02,0x00,0x03,0xd5,0x02,0x09,0x02,0x00,0x05,
    0x17,0x06,0x03,0x34,0x08,0x05,0x9b,0x0d,0x05,0x02,0x00,0x03,0xac,0x04,0x04,0x82,
    0x0c,0x03,0x31,0x01,0x02,0x02,0x00,0x02,0x07,0x10,0x03,0x72,0x07,0x02,0x93,0x27,
    0x0b,0xfb,0x18,0x0f,0x6a,0x15,0x02,0x0c,0x02,0x00,0x09,0x63,0x02,0x05,0x08,0x2b,
    0x0a,0x02,0x00,0x03,0xac,0x04,0x04,0x58,0x0e,0x04,0x8b,0x18,0x09,0xe3,0x09,0x09,
    0xfc,0x0b,0x13,0x10,0xa3,0x03,0x01,0x19,0x0d,0x0f,0x02,0x00,0x11,0x0e,0x31,0x01,
    0x0f,0xfb,0x05,0x09,0x0d,0x02,0x00,0x0f,0x9c,0x06,0x0b,0x03,0x02,0x00,0x23,0x40,
    0x80,0x9e,0x01,0x01,0x1d,0x06,0x12,0x40,0x31,0x51,0x08,0x22,0x2d,0x0f,0x23,0x07,
    0x0d,0x02,0x02,0x00,0x18,0x10,0xb6,0x09,0x09,0xb1,0x39,0x05,0xbd,0x0a,0x04,0x09,
    0x00,0x04,0x2b,0x1a,0x0a,0x03,0x06,0x03,0xaf,0x0a,0x01,0x07,0x00,0x05,0x10,0x07,
    0x0e,0x02,0x00,0x04,0x86,0x05,0x0f,0x02,0x00,0x26,0x0c,0x9c,0x02,0x08,0x01,0x03,
    0x03,0x26,0x0b,0x0d,0xfb,0x05,0x02,0x02,0x00,0x03,0xfd,0x0b,0x02,0x7c,0x06,0x03,
    0xbe,0x10,0x01,0x02,0x00,0x28,0x40,0x38,0x2a,0x33,0x0f,0xf6,0x06,0x09,0x08,0x02,
    0x00,0x09,0xef,0x0b,0x24,0xef,0x10,0xbc,0xdb,0x03,0xba,0x47,0x0f,0x02,0x00,0x0e,
    0x09,0x47,0x04,0x04,0x84,0x02,0x06,0x02,0x00,0x0f,0xa0,0x10,0x1b,0x04,0x3d,0x05,
    0x0f,0x02,0x00,0x01,0x04,0x4d,0x0e,0x06,0x51,0x66,0x05,0xa4,0x39,0x04,0x02,0x00,
    0x03,0x49,0x28,0x22,0x00,0x70,0x8c,0x05,0x04,0x3b,0x4e,0x09,0xde,0x03,0x25,0x78,
    0x38,0xbb,0x10,0x0c,0x82,0x31,0x01,0x7e,0x63,0x0f,0x02,0x00,0x10,0x08,0xac,0x16,
    0x26,0xff,0xaf,0x35,0x08,0x04,0x02,0x00,0x0f,0xb8,0x01,0x04,0x09,0xec,0x05,0x03,
    0x4a,0x0b,0x01,0x02,0x00,0x04,0xb7,0x19,0x0f,0x02,0x00,0x31,0x0f,0x0e,0x05,0x01,
    0x02,0x2a,0x02,0x07,0x02,0x00,0x07,0x6a,0x03,0x02,0x02,0x00,0x03,0x71,0x02,0x09,
    0xb8,0x07,0x04,0x2c,0x0d,0x01,0x02,0x00,0x22,0x78,0x40,0x0e,0x03,0x18,0x20,0xd7,
    0x11,0x0c,0x6e,0x1c,0x0f,0x02,0x00,0x06,0x09,0xc7,0x03,0x03,0x10,0x19,0x08,0x02,
    0x00,0x13,0x38,0xd6,0x07,0x03,0xc0,0x0e,0x04,0xb8,0x01,0x11,0x28,0x85,0x03,0x03,
    0x02,0x00,0x03,0xc5,0x1c,0x06,0x02,0x00,0x06,0x20,0x0e,0x02,0xee,0x01,0x08,0x02,
    0x00,0x04,0x4c,0x06,0x0f,0xf0,0x0c,0x0e,0x06,0xb2,0x0b,0x0f,0x02,0x00,0x0a,0x03,
    0x1b,0x07,0x0f,0x02,0x00,0x04,0x03,0x35,0x0a,0x04,0x4e,0xa3,0x01,0x02,0x00,0x22,
    0x30,0x10,0x97,0x22,0x12,0xbf,0xe4,0x0c,0x02,0x02,0x00,0x0f,0xc1,0x05,0x04,0x0f,
    0x02,0x00,0x00,0x08,0x24,0x1f,0x06,0x98,0x02,0x03,0x8d,0x19,0x06,0x02,0x00,0x03,
    0xb8,0x01,0x09,0xe1,0x01,0x04,0xab,0x19,0x01,0x02,0x00,0x03,0x21,0x00,0x0f,0x02,
    0x00,0x07,0x0f,0xa0,0x03,0x03,0x02,0xe5,0x0a,0x08,0x02,0x00,0x0f,0x49,0x00,0x09,
    0x05,0x0c,0x05,0x05,0xa3,0x03,0x04,0x63,0x05,0x04,0x2d,0x3c,0x03,0xee,0x02,0x04,
    0xc5,0x07,0x04,0xf0,0x24,0x01,0x39,0x0a,0x16,0x70,0xe6,0x01,0x29,0x08,0x18,0xe0,
    0x24,0x05,0x23,0x08,0x0f,0x02,0x00,0x10,0x09,0x8b,0x08,0x05,0x1d,0x0c,0x0a,0xdb,
    0x05,0x0c,0x02,0x00,0x03,0xe2,0x07,0x04,0x5d,0x0e,0x01,0x02,0x00,0x27,0x10,0x08,
    0xfe,0x00,0x0e,0xa4,0x05,0x0f,0x02,0x00,0x06,0x05,0x04,0x01,0x04,0x02,0x00,0x0d,
    0x64,0x03,0x07,0x02,0x00,0x02,0xd6,0x61,0x07,0x9d,0x61,0x05,0x02,0x00,0x04,0x68,
    0x0e,0x02,0xda,0x18,0x23,0x00,0x30,0xb9,0x0c,0x03,0x62,0x02,0x01,0x02,0x00,0x35,
    0x10,0x50,0x10,0x02,0x2c,0x0c,0x53,0x09,0x08,0x36,0x2d,0x0f,0x02,0x00,0x0d,0x09,
    0x5b,0x08,0x0b,0x95,0x03,0x02,0xb0,0x2f,0x05,0xc5,0x00,0x04,0xcd,0x08,0x03,0xdc,
    0x23,0x02,0x02,0x00,0x03,0xb4,0x03,0x01,0x02,0x00,0x05,0xfe,0x00,0x08,0x18,0x08,
    0x0f,0x5b,0x02,0x03,0x0f,0x02,0x00,0x17,0x08,0x4c,0x00,0x0b,0x02,0x00,0x04,0x49,
    0x02,0x06,0x02,0x00,0x03,0x62,0x02,0x09,0x02,0x00,0x17,0x50,0xbd,0x12,0x04,0x1b,
    0x06,0x09,0xf8,0x4a,0x0f,0xb4,0x0a,0x11,0x07,0x02,0x00,0x09,0x5b,0x08,0x05,0x95,
    0x03,0x01,0x02,0x00,0x04,0xf9,0x06,0x03,0x7b,0x3f,0x0d,0x9a,0x06,0x01,0xd5,0x08,
    0x02,0x07,0x00,0x0b,0x02,0x00,0x0b,0x80,0x21,0x0f,0x02,0x00,0x0e,0x06,0xf7,0x04,
    0x0c,0x02,0x00,0x17,0x20,0xef,0x00,0x03,0x02,0x00,0x05,0x85,0x02,0x04,0xb3,0x64,
    0x03,0xf3,0x02,0x0c,0x02,0x00,0x03,0x79,0x05,0x01,0xf6,0x2b,0x0b,0x4a,0x01,0x09,
    0x71,0x16,0x0a,0x51,0x09,0x0f,0x02,0x00,0x0e,0x0a,0xf8,0x05,0x1f,0x9f,0x12,0xe1,
    0x01,0x0b,0x6e,0x00,0x01,0x02,0x00,0x08,0xb1,0x19,0x09,0xd5,0x3b,0x0f,0x02,0x00,
    0x32,0x09,0xe5,0x06,0x0b,0x02,0x00,0x0e,0xff,0x12,0x03,0xf3,0x02,0x13,0x10,0xd1,
    0x21,0x03,0x67,0x2e,0x13,0x08,0x3a,0x16,0x01,0x02,0x00,0x03,0xac,0x03,0x03,0x02,
    0x00,0x0a,0x22,0x07,0x0f,0xf2,0x05,0x17,0x02,0x02,0x00,0x12,0xaf,0x29,0x06,0x03,
    0x02,0x00,0x15,0x50,0x5a,0x03,0x0f,0xb8,0x01,0x04,0x03,0x96,0x05,0x08,0x1f,0x04,
    0x06,0x02,0x00,0x03,0x60,0x0d,0x01,0x02,0x00,0x0e,0x23,0x07,0x02,0x29,0x26,0x06,
    0x7c,0x20,0x0f,0x02,0x00,0x07,0x0e,0x0d,0x06,0x07,0x02,0x00,0x06,0xbd,0x05,0x03,
    0x02,0x00,0x03,0xd1,0x01,0x04,0x5c,0x78,0x04,0xc2,0x16,0x01,0xe1,0x0a,0x03,0xda,
    0x1c,0x03,0x23,0x00,0x03,0xea,0x5b,0x09,0x22,0x07,0x0b,0x88,0x04,0x0f,0x02,0x00,
    0x0f,0x0a,0x53,0x0e,0x06,0xd0,0x03,0x03,0xb8,0x01,0x04,0x0d,0x07,0x03,0x05,0x2b,
    0x04,0x84,0x1b,0x01,0x02,0x00,0x06,0x62,0x59,0x0f,0x02,0x00,0x0b,0x0f,0x27,0x0d,
    0x04,0x0c,0x89,0x03,0x07,0x7c,0x60,0x0f,0x02,0x00,0x10,0x03,0xa3,0x0a,0x0f,0x02,
    0x00,0x0b,0x04,0xc6,0x30,0x05,0x02,0x00,0x2b,0x10,0x48,0x8a,0x1c,0x05,0xea,0x06,
    0x0f,0x02,0x00,0x17,0x0a,0xd1,0x03,0x05,0x9b,0x1b,0x03,0x62,0x02,0x04,0x1a,0x23,
    0x09,0x94,0x0a,0x05,0xdf,0x05,0x04,0x02,0x00,0x05,0x58,0x04,0x02,0x9c,0x19,0x0f,
    0x02,0x00,0x24,0x0f,0xe1,0x05,0x07,0x05,0x29,0x39,0x06,0x02,0x00,0x03,0xef,0x1b,
    0x04,0x69,0x05,0x04,0x02,0x00,0x03,0x80,0x02,0x04,0x0d,0x1f,0x05,0x99,0x00,0x06,
    0x13,0x09,0x0a,0x85,0x04,0x0a,0xb7,0x05,0x0f,0x02,0x00,0x13,0x0a,0x95,0x03,0x03,
    0x93,0x07,0x0f,0x02,0x00,0x09,0x0e,0xff,0x05,0x05,0x2d,0x07,0x01,0x6b,0x12,0x05,
    0x02,0x00,0x0f,0x23,0x07,0x12,0x0e,0x7e,0x0f,0x0e,0x02,0x00,0x03,0x07,0x01,0x0f,
    0x02,0x00,0x00,0x04,0x98,0x22,0x01,0xf8,0x0c,0x33,0x00,0x00,0x30,0x67,0x0f,0x0a,
    0x02,0x19,0x08,0x6f,0x47,0x0a,0x42,0x0f,0x0f,0x91,0x03,0x1e,0x01,0x37,0x08,0x09,
    0x26,0x0c,0x01,0x43,0x00,0x0c,0xb8,0x01,0x03,0xfc,0x01,0x03,0x11,0x19,0x0f,0x02,
    0x00,0x0b,0x0f,0x26,0x01,0x12,0x07,0x02,0x00,0x0f,0x31,0x01,0x06,0x04,0x6e,0x3c,
    0x0f,0x02,0x00,0x12,0x03,0x5a,0x0f,0x04,0xfc,0x08,0x0d,0x02,0x00,0x05,0x62,0x02,
    0x0a,0x1f,0x02,0x04,0x7b,0x0a,0x0f,0x02,0x00,0x1b,0x0a,0x95,0x03,0x26,0xef,0x20,
    0x83,0x09,0x03,0x6a,0x06,0x04,0x9a,0x06,0x0d,0xeb,0x05,0x1c,0x10,0x88,0x04,0x0f,
    0x02,0x00,0x08,0x03,0x39,0x14,0x0e,0x44,0x13,0x0b,0x02,0x00,0x03,0x57,0x06,0x02,
    0xf3,0x0d,0x0a,0x02,0x00,0x0a,0x32,0x24,0x0f,0x02,0x00,0x13,0x04,0x9d,0x03,0x03,
    0x02,0x00,0x0a,0x79,0x0a,0x0f,0x91,0x03,0x21,0x0d,0xc8,0x09,0x03,0x63,0x74,0x01,
    0x02,0x00,0x03,0xb8,0x01,0x0f,0x6e,0x16,0x07,0x05,0x24,0x04,0x05,0x05,0x4b,0x01,
    0x02,0x00,0x08,0x66,0x02,0x0b,0xf1,0x04,0x03,0x1c,0x05,0x0f,0x53,0x00,0x07,0x0f,
    0x72,0x02,0x06,0x06,0xce,0x23,0x0f,0x02,0x00,0x12,0x03,0xc7,0x03,0x06,0x9d,0x03,
    0x2c,0x28,0x58,0x1c,0x02,0x18,0xff,0xa8,0x00,0x0f,0x02,0x00,0x19,0x0b,0xd8,0x03,
    0x0f,0x2b,0x0c,0x10,0x0e,0x90,0x16,0x03,0xb6,0x03,0x0f,0x02,0x00,0x16,0x0c,0xac,
    0x00,0x1f,0x58,0x3a,0x00,0x16,0x0d,0x30,0x1a,0x0f,0x02,0x00,0x02,0x19,0x18,0x60,
    0x1b,0x01,0xe3,0x1a,0x23,0x58,0x00,0x1c,0x4a,0x04,0x02,0x00,0x0f,0xb0,0x05,0x10,
    0x0f,0x02,0x00,0x04,0x09,0xcf,0x23,0x0c,0x0b,0x1f,0x0f,0x02,0x00,0x01,0x0d,0x9d,
    0x03,0x01,0x92,0x00,0x02,0x07,0x00,0x04,0x02,0x00,0x0f,0x8a,0x09,0x00,0x0f,0x02,
    0x00,0x21,0x13,0x78,0x2b,0x02,0x06,0x02,0x00,0x03,0xec,0x0e,0x0f,0xb0,0x04,0x04,
    0x13,0x38,0x82,0x06,0x03,0x83,0x09,0x01,0xdd,0x03,0x02,0x07,0x00,0x29,0x00,0x10,
    0xd0,0x12,0x06,0x12,0x08,0x0f,0x02,0x00,0x20,0x0a,0xdb,0x03,0x0f,0xc7,0x22,0x08,
    0x0e,0xc8,0x29,0x03,0xa0,0x00,0x02,0x9d,0x13,0x08,0x26,0x07,0x0f,0x74,0x02,0x12,
    0x0f,0x05,0x05,0x0f,0x03,0xad,0x17,0x0e,0x02,0x00,0x04,0x5a,0x05,0x03,0xa5,0x17,
    0x13,0x10,0x5a,0x01,0x16,0x30,0x91,0x00,0x03,0x02,0x00,0x05,0x60,0x59,0x0a,0xb2,
    0x0a,0x06,0x74,0x0a,0x0f,0x02,0x00,0x21,0x0b,0x4c,0x00,0x0c,0x31,0x03,0x05,0x53,
    0x11,0x0d,0xef,0x01,0x0a,0x02,0x00,0x16,0x18,0xd5,0x04,0x0a,0x02,0x00,0x04,0xca,
    0x04,0x0f,0x20,0x00,0x05,0x0c,0x02,0x00,0x14,0x60,0x31,0x00,0x0f,0x02,0x00,0x08,
    0x03,0x92,0x01,0x03,0x31,0x01,0x1b,0x08,0xac,0x1f,0x06,0x02,0x00,0x04,0x08,0x15,
    0x08,0x48,0x28,0x0f,0x16,0x02,0x0a,0x0f,0x02,0x00,0x11,0x0a,0xf1,0x0b,0x33,0xff,
    0xef,0x10,0xee,0x35,0x04,0x2a,0x36,0x01,0xc4,0x0e,0x09,0x02,0x00,0x0f,0x13,0x15,
    0x01,0x02,0x02,0x00,0x08,0x6e,0x01,0x04,0xec,0x17,0x04,0x69,0x01,0x0f,0xa8,0x03,
    0x0c,0x03,0x76,0x00,0x0e,0x59,0x01,0x04,0x41,0x0b,0x0f,0x02,0x00,0x1a,0x06,0x3b,
    0x6b,0x01,0x83,0x34,0x01,0x27,0x01,0x05,0x02,0x00,0x0f,0x52,0x08,0x23,0x06,0x02,
    0x00,0x0b,0xc7,0x04,0x13,0xcf,0xdb,0x2a,0x0b,0x1b,0xb0,0x07,0x02,0x00,0x04,0x0b,
    0x01,0x07,0xc3,0x01,0x0f,0x02,0x00,0x00,0x07,0x26,0x00,0x08,0x02,0x00,0x07,0x61,
    0x04,0x01,0x02,0x00,0x08,0x86,0x0e,0x0f,0x02,0x00,0x02,0x0f,0x40,0x02,0x07,0x0f,
    0x02,0x00,0x08,0x07,0x4c,0x17,0x29,0x50,0x38,0xc2,0x18,0x07,0xd3,0x0c,0x0f,0x02,
    0x00,0x26,0x0b,0x51,0x00,0x0f,0xc5,0x0f,0x07,0x09,0x5a,0x18,0x0f,0x02,0x00,0x06,
    0x0f,0x7c,0x03,0x15,0x02,0x02,0x00,0x0f,0x81,0x03,0x10,0x02,0x02,0x00,0x04,0xe9,
    0x08,0x0f,0x02,0x00,0x0a,0x0a,0xc9,0x2a,0x01,0x02,0x00,0x12,0x48,0xfb,0x59,0x05,
    0x02,0x00,0x0f,0x58,0x1b,0x12,0x0f,0x02,0x00,0x0c,0x0b,0xe3,0x03,0x0f,0x5d,0x08,
    0x06,0x14,0x28,0x5f,0x03,0x05,0x46,0x04,0x01,0x23,0x07,0x0b,0x22,0x01,0x05,0x21,
    0x10,0x0f,0x02,0x00,0x09,0x06,0x25,0x09,0x0f,0x02,0x00,0x03,0x08,0x46,0x12,0x02,
    0x02,0x00,0x03,0x4b,0x0b,0x03,0xb9,0x2a,0x0c,0x02,0x00,0x03,0x74,0x27,0x08,0x8f,
    0x02,0x03,0x88,0x00,0x0b,0x51,0x08,0x0f,0x82,0x09,0x26,0x09,0x02,0x00,0x0a,0x75,
    0x07,0x0d,0x32,0x01,0x01,0xec,0xab,0x0a,0x02,0x00,0x04,0x24,0x6a,0x03,0x02,0x00,
    0x0f,0x74,0x0a,0x07,0x04,0x42,0x02,0x0b,0x56,0x01,0x08,0x55,0x07,0x07,0x02,0x00,
    0x05,0xb5,0x08,0x0f,0xd1,0x03,0x04,0x01,0x1a,0x21,0x01,0x30,0x00,0x03,0xee,0x02,
    0x13,0x10,0xd0,0x1d,0x09,0x98,0x3c,0x02,0x02,0x00,0x02,0x0b,0x13,0x0c,0x30,0x01,
    0x09,0x8a,0x1e,0x0f,0x02,0x00,0x26,0x0b,0xf9,0x05,0x05,0x32,0x01,0x04,0x17,0x01,
    0x04,0xf6,0x00,0x0f,0x02,0x00,0x0b,0x04,0xcb,0x0b,0x01,0x02,0x00,0x04,0xf2,0x00,
    0x03,0x95,0x02,0x0f,0xe9,0x12,0x0a,0x06,0x71,0x01,0x0e,0x17,0x0b,0x0c,0x02,0x00,
    0x04,0x1b,0x0e,0x03,0x62,0x12,0x0f,0x13,0x06,0x08,0x01,0x96,0x08,0x0c,0x30,0x01,
    0x0f,0xf1,0x05,0x2d,0x04,0x02,0x00,0x0c,0x58,0x00,0x03,0x58,0x33,0x03,0x09,0x42,
    0x08,0x02,0x00,0x05,0xf1,0x0d,0x0e,0x02,0x00,0x0f,0x31,0x01,0x02,0x0b,0x02,0x00,
    0x0b,0xf4,0x05,0x03,0x37,0x03,0x0d,0xd7,0x03,0x04,0x02,0x00,0x08,0x14,0x14,0x0f,
    0x02,0x00,0x15,0x01,0x9a,0x7b,0x03,0x02,0x00,0x0c,0x0a,0x02,0x03,0xd8,0x00,0x0f,
    0x02,0x00,0x30,0x0a,0x87,0x0f,0x0f,0xc8,0x04,0x08,0x08,0x5b,0x03,0x0f,0xe2,0x06,
    0x02,0x08,0x21,0x00,0x0f,0x02,0x00,0x0e,0x0f,0x62,0x14,0x04,0x05,0x02,0x00,0x1f,
    0x20,0x8d,0x08,0x0c,0x0f,0x02,0x00,0x01,0x04,0xb2,0x16,0x0e,0xe1,0x0b,0x08,0x2d,
    0x0f,0x0f,0x02,0x00,0x2e,0x0b,0x2b,0x07,0x05,0x96,0x03,0x04,0x02,0x00,0x1f,0x08,
    0xf3,0x0d,0x04,0x03,0x73,0x03,0x06,0x02,0x00,0x0d,0x11,0x00,0x0f,0x02,0x00,0x01,
    0x0f,0xf4,0x05,0x0c,0x0c,0x44,0x00,0x0f,0x9c,0x39,0x03,0x0c,0x02,0x00,0x04,0x7b,
    0x28,0x05,0x02,0x00,0x09,0xea,0x4a,0x08,0x80,0x1d,0x0f,0x02,0x00,0x32,0x08,0x4d,
    0x39,0x0f,0x64,0x02,0x01,0x03,0xa5,0x11,0x01,0x23,0x07,0x07,0xf8,0x01,0x1d,0x20,
    0x39,0x3e,0x09,0x02,0x00,0x04,0x47,0x1a,0x08,0xd3,0x0a,0x0f,0x00,0x4b,0x00,0x0a,
    0x02,0x00,0x0d,0xa8,0x14,0x13,0x20,0xae,0x01,0x04,0xc2,0x03,0x0a,0x02,0x00,0x04,
    0xf9,0x05,0x08,0x86,0x01,0x2e,0x28,0x28,0x68,0x04,0x02,0xea,0xa4,0x0f,0x02,0x00,
    0x37,0x0b,0x5d,0x08,0x04,0x64,0x02,0x01,0x09,0xb8,0x0a,0x02,0x00,0x0d,0xc2,0x05,
    0x01,0xab,0x0c,0x0a,0x8c,0x03,0x04,0x28,0x06,0x01,0x1b,0x00,0x05,0x1d,0x00,0x04,
    0x0b,0x06,0x0b,0x02,0x00,0x03,0x3b,0x00,0x09,0xdb,0x25,0x0f,0x02,0x00,0x01,0x03,
    0x59,0x67,0x04,0x4b,0x1e,0x03,0x43,0x23,0x06,0x69,0x73,0x06,0x02,0x00,0x1d,0x58,
    0xa1,0x10,0x0f,0xf6,0x0d,0x00,0x0f,0x02,0x00,0x2d,0x0f,0x32,0x01,0x03,0x05,0xea,
    0x07,0x0f,0x02,0x00,0x0d,0x03,0xf6,0x00,0x0f,0x02,0x00,0x0a,0x0b,0x1c,0x1f,0x03,
    0x32,0x02,0x04,0x6c,0x0d,0x03,0x0f,0x00,0x05,0x02,0x00,0x03,0x6d,0x01,0x06,0x02,
    0x00,0x03,0x21,0x00,0x13,0x18,0x89,0x3b,0x03,0x7d,0x09,0x09,0x02,0x00,0x03,0x23,
    0x00,0x0e,0x60,0x02,0x0f,0x58,0x10,0x08,0x0f,0x02,0x00,0x25,0x1b,0x10,0x8f,0x09,
    0x0e,0x24,0x05,0x08,0xf6,0x07,0x0b,0xfc,0x00,0x04,0x02,0x00,0x0f,0x7b,0x11,0x04,
    0x0f,0x02,0x00,0x03,0x0f,0xf4,0x05,0x0b,0x03,0x61,0x47,0x0f,0x02,0x00,0x1b,0x02,
    0x7e,0x09,0x06,0xed,0x5b,0x05,0x02,0x00,0x0f,0x81,0x09,0x33,0x0a,0x02,0x00,0x0f,
    0x32,0x01,0x0f,0x08,0x02,0x00,0x01,0x52,0x02,0x0d,0x05,0x02,0x05,0x83,0x12,0x0f,
    0x02,0x00,0x0a,0x0f,0xdc,0x11,0x0f,0x0f,0x9d,0x29,0x01,0x0f,0x02,0x00,0x09,0x04,
    0x1f,0x24,0x01,0x7e,0x09,0x0e,0xc4,0x06,0x0f,0xd8,0x24,0x16,0x0f,0x02,0x00,0x1b,
    0x0d,0x32,0x01,0x04,0x28,0x05,0x1c,0x70,0xb8,0x06,0x03,0x02,0x00,0x01,0x67,0x02,
    0x01,0x05,0x00,0x0f,0x02,0x00,0x04,0x04,0x44,0x02,0x0f,0x82,0x08,0x02,0x0f,0x02,
    0x00,0x03,0x04,0xda,0x21,0x04,0x02,0x00,0x1f,0x10,0xd1,0x17,0x12,0x0a,0x61,0x47,
    0x0c,0xc2,0x06,0x0f,0x30,0x01,0x44,0x0f,0x32,0x01,0x01,0x02,0x95,0x13,0x08,0x49,
    0x02,0x08,0x98,0x03,0x02,0x02,0x00,0x01,0x1e,0x00,0x0b,0x8c,0x03,0x07,0x55,0x07,
    0x07,0x02,0x00,0x05,0x5a,0x30,0x09,0x02,0x00,0x01,0xac,0x02,0x06,0x0e,0x48,0x07,
    0x84,0x07,0x01,0x02,0x00,0x03,0xef,0x12,0x08,0x05,0x07,0x01,0xac,0x00,0x02,0x07,
    0x00,0x13,0x78,0x6a,0x00,0x07,0xd3,0x01,0x12,0x10,0xae,0x79,0x07,0x02,0x00,0x0f,
    0x90,0x03,0x41,0x02,0x02,0x00,0x0d,0xc8,0x04,0x0f,0xb2,0x21,0x1c,0x0f,0x02,0x00,
    0x1a,0x03,0x4a,0x21,0x03,0xa3,0x21,0x03,0x0e,0x00,0x0f,0x02,0x00,0x06,0x04,0xed,
    0x34,0x03,0x60,0x15,0x04,0x53,0x02,0x0e,0xc6,0x10,0x0e,0xc4,0x00,0x0f,0x30,0x01,
    0x47,0x0f,0x6e,0x00,0x01,0x04,0x76,0x46,0x0a,0xc0,0x0c,0x04,0x37,0x08,0x0c,0x02,
    0x00,0x0f,0x72,0x36,0x0c,0x02,0x02,0x00,0x03,0x98,0x08,0x04,0x18,0x0e,0x0f,0x02,
    0x00,0x02,0x04,0xea,0x15,0x0d,0x02,0x00,0x03,0x5e,0x0d,0x0f,0x3d,0x00,0x01,0x3f,
    0x10,0x60,0x10,0x1f,0x07,0x00,0x0f,0x90,0x03,0x46,0x02,0x02,0x00,0x0e,0xa0,0x01,
    0x03,0xaf,0x8e,0x04,0xf6,0x27,0x02,0x02,0x00,0x02,0x38,0x03,0x01,0x8d,0x03,0x0f,
    0x02,0x00,0x09,0x04,0xb9,0x0a,0x03,0xe6,0x00,0x03,0x02,0x00,0x03,0x31,0x01,0x0f,
    0x02,0x00,0x0a,0x0f,0x31,0x01,0x06,0x0f,0x02,0x00,0x08,0x3c,0x10,0x60,0x10,0x5f,
    0x15,0x0f,0x30,0x01,0x4e,0x3c,0x00,0x00,0x10,0x90,0x09,0x2f,0xff,0xef,0xb3,0x05,
    0x05,0x02,0xa4,0x09,0x03,0x45,0x04,0x0a,0x02,0x00,0x0b,0xdb,0x0b,0x03,0x02,0x00,
    0x0f,0x2a,0x01,0x10,0x0b,0xde,0x0f,0x0e,0x3d,0x27,0x0f,0x02,0x00,0x01,0x03,0xd1,
    0x50,0x0f,0xbd,0x00,0x01,0x0f,0x60,0x02,0x4c,0x01,0x02,0x00,0x0d,0x32,0x01,0x08,
    0x2f,0x31,0x02,0x06,0x06,0x0e,0x02,0x00,0x0f,0x8e,0x22,0x12,0x0f,0x31,0x01,0x02,
    0x02,0x5c,0x01,0x04,0xd6,0x5a,0x04,0x44,0x46,0x03,0x02,0x00,0x0d,0x27,0x0d,0x0a,
    0x02,0x00,0x03,0x5f,0x01,0x04,0x5a,0x07,0x0c,0x3e,0x0e,0x06,0xe8,0x07,0x0f,0x02,
    0x00,0x4b,0x0d,0x96,0x07,0x03,0x9c,0x8e,0x01,0xc4,0x01,0x02,0x07,0x00,0x0f,0x02,
    0x00,0x06,0x02,0xff,0x00,0x0f,0x02,0x00,0x12,0x03,0xa2,0x2a,0x02,0xaf,0x03,0x0c,
    0xd6,0x21,0x0b,0x02,0x00,0x05,0x85,0x25,0x02,0x06,0x04,0x03,0x85,0x25,0x14,0x10,
    0x41,0x40,0x02,0x02,0x00,0x1a,0x60,0x2d,0x22,0x0f,0x10,0x0d,0x42,0x0f,0x02,0x00,
    0x03,0x0c,0xbc,0x10,0x33,0xff,0xff,0xef,0x09,0x29,0x03,0x02,0x00,0x07,0xc5,0x07,
    0x0f,0x02,0x00,0x0b,0x04,0xb0,0x03,0x04,0x08,0x00,0x02,0x02,0x00,0x0f,0xb9,0x0a,
    0x0f,0x01,0x96,0x40,0x07,0x02,0x00,0x03,0x9a,0x21,0x04,0xb5,0x17,0x03,0x62,0x1b,
    0x09,0x02,0x00,0x0e,0x4c,0x04,0x04,0x2e,0x94,0x0f,0x02,0x00,0x50,0x04,0x47,0x68,
    0x07,0x02,0x00,0x09,0xd9,0x89,0x02,0x48,0x02,0x02,0x37,0x01,0x02,0x47,0x09,0x0b,
    0x02,0x00,0x04,0x7a,0x0b,0x04,0x02,0x00,0x02,0x19,0x02,0x0a,0x39,0x06,0x0f,0x02,
    0x00,0x08,0x04,0x04,0x42,0x0f,0x02,0x00,0x18,0x03,0x5d,0x84,0x08,0x02,0x00,0x0f,
    0x8d,0xe0,0x01,0x0f,0x02,0x00,0x45,0x0c,0x84,0x15,0x03,0x3c,0xe2,0x0a,0x02,0x00,
    0x11,0x20,0x0f,0x00,0x02,0x06,0x00,0x04,0x21,0x46,0x0f,0x02,0x00,0x0b,0x0f,0xfd,
    0x17,0x07,0x03,0x02,0x00,0x03,0xa6,0x0a,0x04,0x02,0x00,0x09,0xc6,0x15,0x0f,0x02,
    0x00,0x05,0x3f,0x10,0x58,0x10,0x47,0x04,0x01,0x04,0x70,0x11,0x0f,0x02,0x00,0x54,
    0x0e,0xc3,0x0a,0x4f,0xff,0xff,0x8f,0x10,0x3e,0x2d,0x04,0x07,0x02,0x00,0x0f,0x13,
    0x01,0x0e,0x06,0x02,0x00,0x03,0xa6,0x10,0x11,0x68,0x12,0x00,0x03,0x01,0x0d,0x0b,
    0xf4,0x05,0x03,0xd1,0x11,0x0f,0x02,0x00,0x04,0x02,0xa6,0x07,0x4e,0x00,0x10,0x70,
    0x18,0xee,0x05,0x0f,0x29,0x22,0x11,0x0f,0x02,0x00,0x3c,0x0e,0x2d,0x07,0x2b,0xff,
    0xdf,0x01,0x02,0x0f,0x02,0x00,0x10,0x03,0xbd,0x04,0x0a,0x35,0x15,0x12,0x20,0xc7,
    0x09,0x08,0xcd,0x03,0x02,0xdf,0x03,0x0c,0x02,0x00,0x03,0xae,0x11,0x14,0x28,0x42,
    0x14,0x02,0x32,0x00,0x04,0xfb,0x05,0x04,0xf2,0x31,0x1e,0x10,0xa6,0x06,0x0f,0x0c,
    0x09,0x07,0x0f,0x02,0x00,0x48,0x11,0x70,0x8a,0x03,0x0a,0x02,0x00,0x02,0xca,0x04,
    0x03,0x83,0x05,0x0f,0x02,0x00,0x09,0x13,0x18,0xaa,0x03,0x0b,0x02,0x00,0x02,0x13,
    0x07,0x0f,0x02,0x00,0x0e,0x02,0x24,0x05,0x05,0x02,0x00,0x04,0x39,0x7b,0x03,0x7a,
    0x79,0x04,0xfb,0x05,0x03,0x62,0x02,0x01,0x4f,0xc7,0x0b,0x02,0x00,0x04,0x6e,0x0b,
    0x0f,0x02,0x00,0x5b,0x0f,0xc9,0x04,0x00,0x36,0xff,0xef,0x70,0x63,0x16,0x02,0x3e,
    0x02,0x03,0xdd,0x00,0x0f,0x8c,0x03,0x13,0x02,0x23,0x02,0x0f,0x02,0x00,0x0d,0x08,
    0xf2,0xdf,0x08,0x02,0x00,0x0f,0xd3,0x04,0x01,0x1a,0x20,0x8c,0x29,0x02,0x02,0x00,
    0x05,0xd0,0x0d,0x0f,0x02,0x00,0x5c,0x08,0xdf,0x8c,0x05,0x02,0x00,0x03,0xbd,0xc6,
    0x0f,0x02,0x00,0x05,0x0c,0x5a,0x02,0x02,0x7e,0x03,0x0b,0x74,0x03,0x02,0xc9,0x1d,
    0x02,0xe8,0x3b,0x02,0x7d,0x0a,0x02,0x37,0x00,0x12,0x38,0x84,0x01,0x04,0x02,0x00,
    0x0f,0x5f,0x01,0x0f,0x01,0xea,0x9f,0x0c,0x02,0x00,0x1f,0xef,0x6e,0x0f,0x49,0x0f,
    0x02,0x00,0x0c,0x0b,0x40,0x26,0x02,0x02,0x00,0x12,0x9f,0xde,0x00,0x0f,0x02,0x00,
    0x0b,0x04,0x1e,0x0f,0x04,0x9d,0x04,0x04,0x39,0x01,0x01,0x02,0x00,0x11,0x28,0x16,
    0x00,0x02,0x10,0x01,0x01,0x4d,0x00,0x03,0x32,0x5c,0x0b,0x00,0x12,0x04,0x40,0x15,
    0x0f,0x02,0x00,0x03,0x23,0x10,0x10,0xad,0x91,0x0b,0x02,0x00,0x13,0xcf,0xf4,0x02,
    0x0f,0x02,0x00,0x63,0x0f,0xdf,0x08,0x00,0x08,0x41,0x8f,0x0f,0x02,0x00,0x07,0x0f,
    0xf1,0x18,0x04,0x03,0x67,0x2f,0x0f,0x02,0x00,0x13,0x0c,0xf4,0x05,0x02,0xce,0x09,
    0x04,0x74,0x31,0x2a,0x60,0x90,0xdd,0x26,0x03,0x02,0x00,0x0f,0x8f,0x03,0x65,0x04,
    0x02,0x00,0x1f,0x10,0x24,0x04,0x01,0x02,0x9d,0xf2,0x03,0x35,0x02,0x03,0xd1,0x01,
    0x03,0x0e,0x00,0x06,0xc0,0x7a,0x0f,0x02,0x00,0x27,0x04,0xe4,0x40,0x03,0x02,0x00,
    0x04,0xf4,0x05,0x03,0x65,0x08,0x03,0xf4,0x05,0x1d,0x20,0x28,0x14,0x01,0x93,0x0c,
    0x0f,0xed,0x0e,0x05,0x0f,0x02,0x00,0x58,0x0f,0xf7,0x0b,0x00,0x02,0x29,0x04,0x02,
    0x53,0x03,0x0c,0x02,0x00,0x0c,0x9a,0x05,0x04,0xe3,0x11,0x09,0x10,0x0d,0x02,0x40,
    0x15,0x01,0x85,0x58,0x03,0x8f,0x09,0x01,0x02,0x00,0x03,0x53,0x02,0x03,0xcd,0x2a,
    0x0c,0x02,0x00,0x08,0x5a,0x00,0x1f,0x20,0xf6,0x08,0x00,0x09,0xf5,0x0e,0x0f,0x02,
    0x00,0x69,0x0f,0x65,0x02,0x03,0x04,0xd0,0x9b,0x0f,0x02,0x00,0x06,0x04,0x73,0x02,
    0x0a,0x02,0x00,0x02,0x66,0x0f,0x02,0xf6,0x05,0x01,0x02,0x00,0x02,0xc3,0x10,0x02,
    0x25,0x33,0x0a,0x42,0x31,0x04,0x6b,0x01,0x0e,0x02,0x00,0x0f,0x2f,0x01,0x04,0x01,
    0xc3,0x07,0x0f,0x02,0x00,0x72,0x0f,0x65,0x02,0x03,0x02,0x99,0x03,0x05,0x29,0x0e,
    0x08,0x01,0x02,0x0f,0x02,0x00,0x32,0x0f,0x2e,0x46,0x05,0x21,0x40,0xaf,0x4e,0x02,
    0x0d,0x02,0x00,0x11,0xbf,0x40,0x06,0x0f,0x02,0x00,0x73,0x0f,0x65,0x02,0x04,0x42,
    0xff,0xef,0x9f,0x20,0x1d,0x52,0x07,0xbd,0x04,0x02,0x33,0x02,0x07,0x02,0x00,0x03,
    0x2c,0x08,0x0a,0x31,0x02,0x01,0xdd,0x00,0x03,0x83,0x03,0x0c,0x02,0x00,0x0b,0xec,
    0x03,0x02,0xf4,0x6f,0x04,0xa4,0x7d,0x1f,0x60,0xeb,0x05,0x02,0x01,0x24,0x04,0x0c,
    0x48,0x00,0x0f,0x02,0x00,0x6a,0x0f,0x2f,0x07,0x03,0x09,0xd0,0xd3,0x0c,0x02,0x00,
    0x0f,0x9c,0x61,0x0a,0x01,0xb1,0x03,0x01,0x87,0x1b,0x03,0x18,0x13,0x07,0x02,0x00,
    0x03,0x2c,0x60,0x04,0x02,0x00,0x03,0x14,0x0b,0x69,0x38,0x78,0x00,0x00,0x10,0x70,
    0x4b,0x3c,0x07,0x02,0x00,0x0f,0x1d,0x07,0x6d,0x0e,0x02,0x00,0x01,0x40,0xc4,0x0f,
    0x02,0x00,0x02,0x0f,0xcd,0x04,0x0d,0x05,0x7d,0x6d,0x02,0x3a,0x02,0x02,0x1d,0x08,
    0x07,0x02,0x00,0x15,0x08,0x32,0x81,0x03,0xab,0x29,0x0f,0x79,0x02,0x04,0x2f,0x00,
    0x30,0xea,0x05,0x03,0x0f,0x4e,0x0b,0x0f,0x0f,0x02,0x00,0x64,0x0f,0x86,0x0c,0x02,
    0x02,0x02,0x00,0x28,0x9f,0x50,0x45,0x81,0x01,0x3e,0x02,0x07,0xa0,0x15,0x04,0xc0,
    0x16,0x03,0x9c,0x03,0x02,0x02,0x00,0x0b,0xf3,0x04,0x01,0x4d,0x01,0x0a,0xbd,0x09,
    0x03,0x6e,0x22,0x03,0x02,0x00,0x0f,0x5d,0x02,0x07,0x02,0xb0,0x0d,0x0f,0x02,0x00,
    0x82,0x1f,0x40,0xf5,0x11,0x00,0x03,0x02,0x00,0x23,0xdf,0x8f,0x90,0x09,0x08,0x02,
    0x00,0x05,0x3a,0x01,0x09,0x02,0x00,0x02,0x18,0x6e,0x01,0x8f,0x03,0x02,0xcb,0x17,
    0x01,0x2d,0x01,0x0e,0x02,0x00,0x02,0x7c,0x08,0x01,0x11,0x90,0x0b,0xe7,0xd1,0x0a,
    0x02,0x00,0x1f,0x8f,0x40,0x00,0x04,0x0f,0x02,0x00,0x72,0x0f,0xd8,0x75,0x09,0x07,
    0x34,0x01,0x0c,0xc3,0x00,0x04,0x73,0x16,0x09,0x64,0x02,0x04,0x02,0x00,0x01,0x8a,
    0x09,0x08,0x5d,0x02,0x0a,0x82,0x16,0x37,0x18,0x70,0x68,0xee,0xcb,0x0d,0x02,0x00,
    0x0d,0x51,0xa8,0x0f,0x02,0x00,0x7c,0x11,0x10,0x91,0xa6,0x0f,0x02,0x00,0x05,0x22,
    0xdf,0x8f,0x94,0x1b,0x13,0x20,0xb6,0x00,0x0f,0xab,0x16,0x0a,0x09,0x3e,0x01,0x02,
    0xbf,0x04,0x02,0xd8,0x1e,0x04,0x8e,0x2c,0x01,0xd6,0x03,0x0f,0x5c,0x02,0x09,0x0a,
    0xe4,0x9f,0x0f,0x02,0x00,0x85,0x0f,0x33,0x01,0x0b,0x3f,0xff,0xef,0xaf,0x30,0x34,
    0x02,0x03,0x9e,0x03,0x02,0x49,0x02,0x02,0x65,0x23,0x01,0x82,0x0f,0x0a,0x8b,0x83,
    0x09,0xef,0x05,0x4f,0x18,0x38,0x40,0x80,0x04,0x04,0x07,0x0f,0x2f,0x01,0x95,0x01,
    0xf6,0x01,0x0f,0x66,0x02,0x0a,0x55,0xff,0xff,0xff,0xdf,0x9f,0xfd,0x3f,0x04,0x03,
    0x01,0x01,0x1e,0x01,0x06,0x00,0x06,0x0a,0x02,0x00,0x02,0xa7,0x16,0x0a,0x02,0x00,
    0x41,0x30,0x70,0xbf,0xf7,0x4d,0x00,0x0f,0x02,0x00,0x06,0x08,0x42,0xa2,0x0f,0x02,
    0x00,0x8d,0x0f,0x66,0x02,0x0c,0x01,0xe2,0x59,0x11,0x9f,0x2d,0x0f,0x05,0x0d,0x07,
    0x0a,0xf0,0x11,0x01,0x5a,0x0e,0x02,0xfa,0x35,0x03,0xf0,0x04,0x01,0xca,0x04,0x02,
    0xf8,0x1c,0x3f,0x20,0x88,0x80,0x9e,0x0a,0x04,0x07,0x02,0x00,0x0f,0x2f,0x01,0x99,
    0x01,0x2b,0x02,0x0f,0xff,0x05,0x09,0x05,0x02,0x00,0x34,0xcf,0x9f,0x80,0xee,0x2f,
    0x02,0x8d,0x03,0x05,0x9c,0x03,0x05,0x02,0x00,0x02,0x29,0x01,0x04,0xbf,0x23,0x24,
    0xa0,0x70,0x4e,0xa9,0x0f,0x02,0x00,0x0b,0x12,0x9f,0x2c,0x05,0x0f,0x02,0x00,0x9b,
    0x0f,0xa5,0x0c,0x05,0x0d,0x02,0x00,0x46,0xcf,0xbf,0x80,0x70,0xf9,0xa1,0x02,0x3b,
    0x0d,0x02,0x17,0x19,0x02,0x6f,0x15,0x83,0x00,0x00,0x30,0x58,0x40,0x50,0x80,0x8f,
    0x0c,0xe0,0x0f,0x02,0x00,0x0e,0x24,0xef,0x8f,0x55,0x06,0x0f,0x02,0x00,0x9d,0x1f,
    0x30,0xf0,0x07,0x09,0x0e,0x02,0x00,0xf2,0x00,0xef,0xbf,0xbf,0xbf,0x80,0x80,0x80,
    0x90,0x80,0x80,0x60,0x40,0x40,0x40,0x40,0x0b,0x00,0x3f,0x9f,0xbf,0xbf,0xda,0x05,
    0x0b,0x0c,0x02,0x00,0x23,0xdf,0x60,0xc5,0x03,0x0f,0x02,0x00,0xa2,0x2f,0x10,0x60,
    0xee,0x00,0x1b,0x0f,0x02,0x00,0x2e,0x0f,0x8c,0x03,0xa2,0x0a,0x02,0x00,0x2d,0x30,
    0x8f,0x05,0x22,0x0f,0x02,0x00,0x45,0x1f,0xcf,0x5d,0x02,0xaa,0x07,0x02,0x00,0x07,
    0xa2,0x86,0x0f,0x02,0x00,0x47,0x13,0xdf,0x5d,0x56,0x0f,0x02,0x00,0xb3,0x0f,0xed,
    0x0d,0x0a,0x0f,0x02,0x00,0x30,0x07,0x77,0x0d,0x0f,0x02,0x00,0xb7,0x1f,0x50,0x03,
    0x06,0x1b,0x0f,0x02,0x00,0x17,0x1b,0xcf,0x21,0x13,0x0f,0x02,0x00,0xb8,0x1f,0x30,
    0xcc,0x0c,0x0c,0x0f,0x02,0x00,0x1f,0x2f,0xef,0x9f,0xb8,0x04,0xb5,0x0f,0x02,0x00,
    0x05,0x3f,0x10,0x50,0x8f,0x39,0x07,0x35,0x2f,0xef,0xaf,0x5b,0x02,0xc7,0x0a,0x02,
    0x00,0x15,0x10,0xfe,0xb4,0x0f,0x02,0x00,0x26,0x2f,0xdf,0x9f,0x2d,0x01,0xd5,0x05,
    0x02,0x00,0x2f,0x30,0x50,0xe6,0x0c,0x13,0x0d,0x02,0x00,0x34,0xcf,0x9f,0x80,0x02,
    0x0c,0x0f,0x02,0x00,0xdf,0x5f,0x10,0x40,0x60,0x80,0xbf,0x4a,0x0f,0x0f,0x02,0x02,
    0x00,0x44,0xef,0xbf,0x9f,0x80,0x69,0x44,0x0f,0x02,0x00,0xed,0x7f,0x40,0x40,0x70,
    0x80,0x80,0xbf,0xbf,0x2e,0x0e,0x01,0x8f,0xbf,0xbf,0xbf,0x9f,0x80,0x80,0x50,0x40,
    0x20,0x0e,0xa5,0x0f,0x02,0x00,0x52,0x01,0x1d,0x8a,0x0f,0x22,0x01,0x7e,0x50,0x00,
    0x00,0x00,0x00,0x00,

};

const lv_image_dsc_t img_02_dantuoshui = {
  .header = {
    .magic = LV_IMAGE_HEADER_MAGIC,
    .cf = LV_COLOR_FORMAT_RGB565A8,
    .flags = 0 | LV_IMAGE_FLAGS_COMPRESSED,
    .w = 305,
    .h = 305,
    .stride = 610,
    .reserved_2 = 0,
  },
  .data_size = sizeof(img_02_dantuoshui_map),
  .data = img_02_dantuoshui_map,
  .reserved = NULL,
};

