
#if defined(LV_LVGL_H_INCLUDE_SIMPLE)
#include "lvgl.h"
#elif defined(LV_LVGL_H_INCLUDE_SYSTEM)
#include <lvgl.h>
#elif defined(LV_BUILD_TEST)
#include "../lvgl.h"
#else
#include "lvgl/lvgl.h"
#endif

#ifndef LV_ATTRIBUTE_MEM_ALIGN
#define LV_ATTRIBUTE_MEM_ALIGN
#endif

#ifndef LV_ATTRIBUTE_IMG_04_TONGZIJIE
#define LV_ATTRIBUTE_IMG_04_TONGZIJIE
#endif

static const
LV_ATTRIBUTE_MEM_ALIGN LV_ATTRIBUTE_LARGE_CONST LV_ATTRIBUTE_IMG_04_TONGZIJIE
uint8_t img_04_tongzijie_map[] = {

    0x02,0x00,0x00,0x00,0x9c,0xe6,0x00,0x00,0x00,0x3b,0x04,0x00,0x1f,0x00,0x01,0x00,
    0xff,0x01,0x24,0x53,0xb4,0x02,0x00,0x59,0x73,0xb4,0x73,0xb4,0x74,0x02,0x00,0x1b,
    0x94,0x02,0x00,0x06,0x01,0x00,0x0f,0x49,0x01,0xff,0x01,0x0f,0x02,0x00,0xf2,0x26,
    0x33,0xb4,0x02,0x00,0x04,0x58,0x02,0x04,0x02,0x00,0x0f,0x60,0x02,0x19,0x02,0x02,
    0x00,0x17,0xd4,0x02,0x00,0x0f,0x5f,0x01,0xf2,0x0f,0x02,0x00,0xe2,0x22,0x13,0xb4,
    0x02,0x00,0x06,0x5a,0x02,0x02,0x02,0x00,0x04,0x58,0x02,0x04,0x02,0x00,0x0f,0x60,
    0x02,0x2b,0x02,0x02,0x00,0x6f,0xf4,0xb4,0xf4,0xb4,0xf4,0xb4,0x67,0x01,0xe2,0x0f,
    0x02,0x00,0xdc,0x02,0x54,0x02,0x08,0x02,0x00,0x02,0x56,0x02,0x06,0x02,0x00,0x04,
    0x58,0x02,0x04,0x02,0x00,0x0f,0x60,0x02,0x37,0x06,0x02,0x00,0x0f,0x75,0x01,0xdc,
    0x0f,0x02,0x00,0xd0,0x22,0xf3,0xb3,0x02,0x00,0x08,0x5a,0x02,0x02,0x02,0x00,0x06,
    0x5a,0x02,0x02,0x02,0x00,0x04,0x58,0x02,0x04,0x02,0x00,0x0f,0x60,0x02,0x41,0x22,
    0x14,0xb5,0x02,0x00,0x0f,0x79,0x01,0xd0,0x0f,0x02,0x00,0xcc,0x02,0x56,0x02,0x06,
    0x02,0x00,0x02,0x54,0x02,0x08,0x02,0x00,0x02,0x56,0x02,0x06,0x02,0x00,0x04,0x58,
    0x02,0x04,0x02,0x00,0x0f,0x60,0x02,0x49,0x04,0x02,0x00,0x0f,0x85,0x01,0xcc,0x0f,
    0x02,0x00,0xc2,0x53,0xd3,0xb3,0xd3,0xb3,0xd3,0xb6,0x04,0x06,0x02,0x00,0x08,0x5a,
    0x02,0x02,0x02,0x00,0x06,0x5a,0x02,0x02,0x02,0x00,0x04,0x58,0x02,0x04,0x02,0x00,
    0x0f,0x60,0x02,0x51,0x6f,0x14,0xb5,0x34,0xb5,0x34,0xb5,0x87,0x01,0xc2,0x0f,0x02,
    0x00,0xc0,0x02,0x5a,0x02,0x02,0x02,0x00,0x06,0x5a,0x02,0x02,0x02,0x00,0x02,0x54,
    0x02,0x08,0x02,0x00,0x02,0x56,0x02,0x06,0x02,0x00,0x04,0x58,0x02,0x04,0x02,0x00,
    0x0f,0x60,0x02,0x51,0x11,0x34,0x60,0x02,0x04,0x02,0x00,0x0f,0x93,0x01,0xc0,0x0f,
    0x02,0x00,0xb4,0x11,0xb3,0xb4,0x04,0x08,0x02,0x00,0x02,0x56,0x02,0x06,0x02,0x00,
    0x08,0x5a,0x02,0x02,0x02,0x00,0x06,0x5a,0x02,0x02,0x02,0x00,0x04,0x58,0x02,0x04,
    0x02,0x00,0x0f,0x60,0x02,0x5d,0x7f,0x35,0xb5,0x35,0xb5,0x35,0xb5,0x55,0xce,0x04,
    0xff,0x7d,0x13,0xb3,0x01,0x00,0x08,0x5c,0x02,0x0f,0x20,0x07,0x97,0x04,0xba,0x04,
    0x08,0x60,0x02,0x1f,0x55,0x64,0x02,0xff,0x77,0x03,0x5b,0x02,0x01,0x02,0x00,0x02,
    0x56,0x02,0x06,0x02,0x00,0x06,0xba,0x04,0x02,0x02,0x00,0x02,0xb4,0x04,0x08,0x02,
    0x00,0x02,0xb6,0x04,0x06,0x02,0x00,0x04,0xb8,0x04,0x04,0x02,0x00,0x0f,0xc0,0x04,
    0x65,0x06,0x02,0x00,0x0f,0x5d,0x06,0xb4,0x0f,0x02,0x00,0xa0,0x01,0x53,0x02,0x09,
    0x02,0x00,0x06,0x5a,0x02,0x02,0x02,0x00,0x02,0x56,0x02,0x06,0x02,0x00,0x08,0x5a,
    0x02,0x02,0x02,0x00,0x06,0x5a,0x02,0x02,0x02,0x00,0x04,0x58,0x02,0x04,0x02,0x00,
    0x0f,0x60,0x02,0x03,0x08,0x26,0x1a,0x02,0xb6,0x17,0x06,0x02,0x00,0x02,0x54,0x15,
    0x08,0x02,0x00,0x06,0xfa,0x12,0x02,0x02,0x00,0x04,0x38,0x0e,0x04,0x02,0x00,0x02,
    0xba,0x04,0x02,0x02,0x00,0x04,0x20,0x07,0x0a,0x02,0x00,0x0f,0x9d,0x01,0xa0,0x0f,
    0x02,0x00,0xac,0x39,0x93,0xb3,0x93,0x5a,0x02,0x02,0x02,0x00,0x02,0x56,0x02,0x06,
    0x02,0x00,0x06,0x5a,0x02,0x02,0x02,0x00,0x02,0x54,0x02,0x08,0x02,0x00,0x02,0x56,
    0x02,0x06,0x02,0x00,0x04,0x58,0x02,0x02,0x02,0x00,0x2f,0xf3,0xb3,0x27,0x01,0x01,
    0x42,0x51,0xb2,0x51,0xb2,0x18,0x00,0x66,0xb1,0xb2,0xb1,0xb2,0x00,0x00,0x5c,0x02,
    0x0f,0x60,0x02,0x45,0x5f,0x75,0xb5,0x75,0xb5,0x75,0x94,0x09,0xff,0x57,0x4f,0x92,
    0xb3,0x92,0xb3,0x60,0x02,0x41,0x02,0x34,0x02,0x06,0x02,0x00,0x53,0x91,0xb2,0x91,
    0xb2,0x91,0x4a,0x02,0x0f,0x02,0x00,0x03,0x22,0xb1,0xb2,0x62,0x02,0x0c,0x02,0x00,
    0x08,0xbe,0x04,0x0f,0xc0,0x04,0x31,0x01,0x60,0x02,0x5c,0xbd,0x75,0xbd,0x75,0xbd,
    0x6a,0x00,0x0f,0x02,0x00,0xff,0x3c,0x24,0x92,0xb3,0x02,0x00,0x0f,0x60,0x02,0x35,
    0x0f,0xa0,0x01,0x0b,0x0f,0x5e,0x02,0x0b,0x02,0x60,0x02,0x0f,0x42,0x00,0x0b,0x42,
    0xd2,0xb2,0xd2,0xb2,0x16,0x07,0x06,0x02,0x00,0x04,0x18,0x07,0x04,0x02,0x00,0x02,
    0x1a,0x07,0x02,0x02,0x00,0x0f,0x20,0x07,0x03,0x06,0x60,0x02,0x0f,0x64,0x02,0xff,
    0x48,0x15,0x72,0x5c,0x02,0x0f,0xc0,0x04,0x27,0x04,0x22,0x07,0x0f,0x14,0x02,0x0b,
    0x04,0x02,0x00,0x1f,0x31,0xbc,0x04,0x08,0x02,0xb8,0x04,0x04,0x28,0x07,0x0f,0x02,
    0x00,0x01,0x79,0xd2,0xb2,0xd2,0xb2,0x71,0xb2,0x71,0x44,0x00,0x02,0x64,0x02,0x04,
    0x58,0x02,0x04,0x02,0x00,0x02,0x5a,0x02,0x02,0x02,0x00,0x0f,0x60,0x02,0x11,0x0f,
    0x64,0x02,0xff,0x40,0x4f,0x72,0xb3,0x72,0xb3,0x60,0x02,0x31,0x02,0x08,0x02,0x0c,
    0xf6,0x01,0x0e,0x02,0x00,0x0f,0x18,0x07,0x0d,0x0f,0x60,0x02,0x25,0x04,0x02,0x00,
    0x46,0x14,0xb5,0x14,0xb5,0x68,0x02,0x02,0x5a,0x02,0x02,0x02,0x00,0x0f,0x60,0x02,
    0x13,0x5f,0x95,0xbd,0x95,0xbd,0x95,0x2c,0x07,0xff,0x35,0x02,0x5c,0x02,0x0f,0x60,
    0x02,0x2b,0x04,0xd8,0x01,0x04,0x02,0x00,0x0a,0x56,0x04,0x0e,0x02,0x00,0x0f,0x60,
    0x02,0x15,0x0f,0x02,0x00,0x09,0x39,0xd2,0xb2,0xd2,0xbc,0x04,0x0e,0x02,0x00,0x44,
    0xf2,0xb2,0xd4,0xb4,0x1e,0x1a,0x04,0x02,0x00,0x0f,0x60,0x02,0x19,0x0f,0x64,0x02,
    0xff,0x32,0x02,0x5a,0x02,0x02,0x02,0x00,0x02,0x1a,0x07,0x02,0x02,0x00,0x0f,0x40,
    0x0e,0x13,0x1f,0xd3,0x00,0x0e,0x02,0x0f,0x02,0x00,0x7d,0x04,0x5c,0x02,0x0c,0x60,
    0x15,0x06,0x02,0x00,0x0a,0x80,0x09,0x04,0xc0,0x04,0x04,0x02,0x00,0x0f,0xd0,0x00,
    0x7d,0x0f,0x02,0x00,0x95,0x11,0x52,0x16,0x07,0x06,0x02,0x00,0x02,0x5a,0x02,0x02,
    0x02,0x00,0x0f,0x60,0x02,0x0d,0x0f,0xe4,0x00,0x03,0x0f,0x1a,0x07,0x37,0x0a,0x02,
    0x00,0x08,0x88,0x09,0x2f,0xd2,0xb2,0xba,0x04,0x01,0x08,0x32,0x05,0x5b,0xf2,0xb2,
    0xf2,0xb2,0xf2,0xdc,0x04,0x4f,0x91,0xb2,0xd3,0xb3,0x60,0x02,0x25,0x3f,0x95,0xbd,
    0xb5,0x2c,0x07,0xff,0x1f,0x4f,0x52,0xb3,0x52,0xb3,0x60,0x02,0x25,0x0a,0xfc,0x01,
    0x08,0x02,0x00,0x0f,0x60,0x02,0x23,0x0a,0xe8,0x0b,0x02,0xda,0x0b,0x0a,0x02,0x00,
    0x06,0x12,0x13,0x0f,0x60,0x02,0x07,0x06,0x62,0x02,0x0f,0x60,0x02,0x03,0x02,0xac,
    0x0e,0x0f,0x20,0x07,0x1d,0x02,0x02,0x00,0x3f,0xb5,0xbd,0xb5,0x64,0x02,0xff,0x19,
    0x02,0x5c,0x02,0x0f,0x60,0x02,0x21,0x0a,0xf6,0x01,0x0f,0x02,0x00,0xa7,0x06,0x1a,
    0x07,0x02,0x02,0x00,0x0f,0x20,0x07,0x0b,0x04,0x60,0x02,0x0f,0xc6,0x04,0xff,0x14,
    0x02,0x5a,0x02,0x02,0x02,0x00,0x06,0x1c,0x07,0x0f,0xe0,0x0b,0x0d,0x0f,0x4c,0x02,
    0xa7,0x0c,0x02,0x00,0x13,0x12,0x34,0x0a,0x02,0x5a,0x02,0x02,0x02,0x00,0x0f,0x60,
    0x02,0x15,0x0f,0x64,0x02,0xff,0x0e,0x02,0x56,0x02,0x06,0x02,0x00,0x02,0x58,0x02,
    0x04,0x02,0x00,0x02,0x7a,0x09,0x02,0x02,0x00,0x08,0x80,0x09,0x0a,0xa0,0x06,0x0f,
    0x02,0x00,0x03,0x08,0xa0,0x06,0x0f,0x02,0x00,0x03,0x04,0xa2,0x06,0x0f,0x02,0x00,
    0x07,0x0f,0x1a,0x07,0x01,0x08,0x02,0x00,0x0f,0x7a,0x09,0x03,0x08,0x02,0x00,0x0f,
    0x1a,0x07,0x01,0x0a,0x02,0x00,0x44,0x12,0xb3,0x12,0xb3,0x62,0x02,0x06,0x66,0x02,
    0x0f,0x60,0x02,0x19,0x0f,0xc6,0x04,0xff,0x08,0x11,0x32,0x74,0x09,0x08,0x02,0x00,
    0x04,0x5a,0x02,0x02,0x02,0x00,0x02,0x5a,0x02,0x02,0x02,0x00,0x13,0x93,0x22,0x1a,
    0x02,0x86,0x01,0x0a,0x62,0x0b,0x0f,0x02,0x00,0x01,0x0f,0x60,0x02,0x75,0x11,0xd2,
    0xb2,0x1c,0x0f,0x02,0x00,0x07,0x3d,0x12,0xb3,0xf2,0xd8,0x10,0x0f,0x60,0x02,0x1d,
    0x3f,0xb5,0xbd,0xd5,0xf0,0x0b,0xfe,0x4f,0x32,0xb3,0x32,0xb3,0x60,0x02,0x1d,0x0f,
    0xa6,0x01,0x07,0x0f,0x02,0x00,0x45,0x0a,0xea,0x0b,0x0e,0x02,0x00,0x08,0xe8,0x0b,
    0x0f,0x02,0x00,0x03,0x0f,0xe8,0x02,0x25,0x22,0x75,0xb5,0xb8,0x17,0x02,0x02,0x00,
    0x02,0xd6,0x0b,0x06,0x02,0x00,0x02,0x1a,0x07,0x06,0x02,0x00,0x3f,0xd5,0xbd,0xd5,
    0x64,0x02,0xfa,0x02,0x5e,0x02,0x0f,0x60,0x02,0x17,0x0f,0xbc,0x01,0x03,0x0f,0x02,
    0x00,0xad,0x08,0x18,0x07,0x0f,0x02,0x00,0x01,0x31,0x34,0xbd,0x55,0xe4,0x1e,0x0f,
    0x60,0x02,0x15,0x0f,0xc6,0x04,0xf3,0x04,0x5c,0x02,0x0f,0x60,0x02,0x15,0x0a,0x7a,
    0x01,0x0f,0x32,0x04,0x47,0x08,0x02,0x00,0x0f,0x7a,0x09,0x61,0x0e,0x02,0x00,0x4f,
    0x32,0xb3,0x32,0xb3,0xc0,0x04,0x19,0x0f,0x62,0x02,0xf1,0x02,0x58,0x02,0x04,0x02,
    0x00,0x08,0x7c,0x09,0x0f,0xa0,0x10,0x03,0x0e,0x76,0x01,0x08,0xdc,0x14,0x0f,0x02,
    0x00,0x01,0x0f,0x92,0x06,0x25,0x08,0x02,0x00,0x0f,0x60,0x02,0x77,0x00,0x2e,0x44,
    0x0f,0xc0,0x04,0x17,0x02,0x02,0x00,0x08,0xca,0x00,0x0f,0x02,0x00,0xd9,0x04,0x56,
    0x02,0x06,0x02,0x00,0x02,0x56,0x02,0x06,0x02,0x00,0x02,0xd8,0x0b,0x04,0x02,0x00,
    0x0f,0x1c,0x01,0xd9,0x0f,0x02,0x00,0x0d,0x06,0x7c,0x09,0x08,0x00,0x13,0x04,0x02,
    0x00,0x02,0x58,0x02,0x06,0x02,0x00,0x0f,0x4e,0x00,0x0d,0x0f,0x02,0x00,0xc1,0x11,
    0x12,0xd2,0x0b,0x0a,0x02,0x00,0x06,0x5a,0x02,0x02,0x02,0x00,0x04,0x5a,0x02,0x0f,
    0x5c,0x02,0x9f,0x0f,0x56,0x05,0x51,0x22,0x14,0xb5,0x5e,0x02,0x0f,0xe0,0x0b,0x05,
    0x06,0x02,0x00,0x3f,0xf5,0xbd,0xf5,0x52,0x0e,0xdc,0x2f,0x12,0xb3,0x60,0x02,0x17,
    0x0f,0x5e,0x03,0x05,0x0f,0xc4,0x01,0x51,0x0f,0x1a,0x07,0x03,0x06,0x48,0x0e,0x0f,
    0xf4,0x12,0x05,0x06,0x9c,0x00,0x0f,0xf4,0x12,0x03,0x08,0xb6,0x07,0x0c,0xf4,0x12,
    0x02,0x02,0x00,0x08,0x90,0x13,0x04,0x1a,0x07,0x0a,0x02,0x00,0x42,0xb1,0xb2,0x52,
    0xb3,0x62,0x02,0x04,0xb8,0x04,0x04,0x02,0x00,0x06,0x5a,0x02,0x02,0x02,0x00,0x1f,
    0xf5,0x62,0x02,0xda,0x02,0x50,0x01,0x0f,0x60,0x02,0x13,0x0a,0x52,0x01,0x08,0x02,
    0x00,0x0f,0xda,0x0b,0xdd,0x0f,0x62,0x02,0x01,0x00,0xbc,0x4d,0x0f,0xc0,0x04,0x15,
    0x0f,0x62,0x02,0xd5,0x04,0x5e,0x02,0x0f,0x60,0x02,0x11,0x02,0x42,0x01,0x0f,0x02,
    0x00,0xcf,0x0f,0x9a,0x10,0x0d,0x0f,0x5e,0x02,0x07,0x02,0x02,0x00,0x04,0xb8,0x04,
    0x04,0x02,0x00,0x02,0xb6,0x04,0x06,0x02,0x00,0x02,0x5e,0x02,0x0f,0x62,0x02,0xd1,
    0x06,0x5e,0x02,0x0f,0x60,0x02,0x0d,0x02,0x3a,0x01,0x0f,0x02,0x00,0xff,0x16,0x04,
    0x5a,0x02,0x02,0x02,0x00,0x06,0x5a,0x02,0x02,0x02,0x00,0x02,0x5c,0x02,0x04,0x02,
    0x00,0x0f,0x54,0x01,0xc7,0x08,0x5e,0x02,0x0f,0x60,0x02,0x0b,0x0f,0x04,0x01,0x6f,
    0x0f,0xba,0x31,0x0d,0x02,0x7c,0x09,0x0f,0xa8,0x00,0x0b,0x0c,0xe6,0x25,0x0c,0x02,
    0x00,0x0a,0x6c,0x1c,0x0f,0x02,0x00,0x01,0x0f,0xba,0x04,0x0d,0x02,0xb4,0x1d,0x02,
    0x3a,0x00,0x02,0x5c,0x02,0x02,0x20,0x1a,0x0a,0x02,0x00,0x04,0x5a,0x02,0x04,0x02,
    0x00,0x02,0x30,0x00,0x0f,0x02,0x00,0xbd,0x0a,0x5e,0x02,0x0f,0x60,0x02,0x07,0x06,
    0x3e,0x0b,0x0f,0x02,0x00,0x05,0x06,0x3e,0x0b,0x0f,0x02,0x00,0x03,0x08,0x3e,0x0b,
    0x0f,0x02,0x00,0x03,0x08,0x3e,0x0b,0x0f,0x02,0x00,0x03,0x0f,0xda,0x0b,0x03,0x06,
    0x02,0x00,0x0f,0xda,0x0b,0x05,0x06,0x02,0x00,0x0f,0xda,0x0b,0x03,0x08,0x02,0x00,
    0x02,0x12,0x01,0x08,0x12,0x00,0x0c,0x02,0x00,0x02,0x60,0x0f,0x0c,0x16,0x00,0x08,
    0x02,0x00,0x06,0x60,0x02,0x06,0x62,0x02,0x0a,0x5e,0x02,0x0e,0x60,0x02,0x0f,0x62,
    0x02,0xbf,0x42,0xf2,0xb2,0xf2,0xb2,0x4e,0x01,0x06,0x02,0x00,0x02,0x3c,0x01,0x08,
    0x02,0x00,0x08,0x2c,0x01,0x0f,0x02,0x00,0x29,0x0f,0x60,0x02,0x51,0x02,0x62,0x02,
    0x0f,0x0c,0x03,0x09,0x55,0xf2,0xb2,0xf2,0xb2,0xb1,0x8c,0x3b,0x0f,0x02,0x00,0x01,
    0x5b,0x12,0xb3,0x12,0xb3,0x91,0x64,0x34,0x0a,0x02,0x00,0x4f,0x32,0xb3,0x32,0xb3,
    0x0c,0x03,0x0b,0x48,0x52,0xb3,0x12,0xb3,0x0c,0x03,0x0f,0xc0,0x04,0x11,0x4a,0xf5,
    0xbd,0x15,0xbe,0x68,0x00,0x0f,0x02,0x00,0xab,0x02,0xca,0x03,0x06,0x5a,0x02,0x02,
    0x02,0x00,0x08,0x5a,0x02,0x02,0x02,0x00,0x0f,0xe6,0x00,0xab,0x0f,0x02,0x00,0x03,
    0x0f,0x6c,0x05,0x4f,0x0c,0xe6,0x3b,0x0f,0xc0,0x04,0x11,0x2f,0x15,0xbe,0x62,0x02,
    0xb7,0x02,0x5e,0x02,0x0f,0x60,0x02,0x0f,0x0f,0xa0,0x01,0x03,0x0f,0x02,0x00,0xff,
    0x22,0x0f,0x20,0x07,0x0f,0x5f,0x15,0xbe,0x15,0xbe,0x16,0xc4,0x04,0xb2,0x04,0x5e,
    0x02,0x0f,0x60,0x02,0x0d,0x0f,0x48,0x02,0x35,0x06,0xe8,0x2e,0x0f,0x02,0x00,0x03,
    0x0f,0x6e,0x06,0x0b,0x06,0xdc,0x38,0x0f,0x02,0x00,0x09,0x0f,0xc2,0x31,0x01,0x0a,
    0x02,0x00,0x0e,0xc2,0x31,0x0a,0x02,0x00,0x02,0xc2,0x05,0x0a,0x14,0x00,0x0a,0x02,
    0x00,0x0f,0xd2,0x05,0x0f,0x02,0xe4,0x18,0x0a,0x36,0x00,0x06,0x02,0x00,0x08,0x64,
    0x02,0x04,0xd8,0x0b,0x06,0x02,0x00,0x02,0x60,0x02,0x0f,0x62,0x02,0xaf,0x06,0x5e,
    0x02,0x0f,0x60,0x02,0x09,0x04,0x16,0x01,0x0f,0xce,0x08,0x09,0x02,0x02,0x00,0x0f,
    0x6e,0x06,0x4f,0x02,0x70,0x06,0x02,0x6e,0x00,0x0f,0x02,0x00,0x05,0x0f,0x60,0x02,
    0x0d,0x02,0xf6,0x00,0x0f,0x3e,0x00,0x05,0x00,0xd2,0x62,0x0f,0x60,0x02,0x4f,0x08,
    0x62,0x02,0x06,0x58,0x02,0x04,0x02,0x00,0x04,0x60,0x02,0x0f,0x64,0x02,0xab,0x02,
    0x68,0x01,0x04,0x02,0x00,0x02,0x54,0x01,0x06,0x02,0x00,0x02,0xa2,0x03,0x06,0x5e,
    0x02,0x06,0x02,0x00,0x02,0x30,0x5e,0x02,0x4e,0x3f,0x06,0x16,0x00,0x06,0x02,0x00,
    0x02,0x5a,0x3f,0x0a,0x08,0x00,0x06,0x1e,0x00,0x00,0x92,0x64,0x02,0x4e,0x38,0x02,
    0x08,0x00,0x04,0x10,0x00,0x02,0x1a,0x00,0x04,0x56,0x42,0x02,0xda,0x2e,0x15,0x35,
    0xca,0x4d,0x04,0x08,0x00,0x06,0x60,0x02,0x51,0x55,0xb5,0x55,0xb5,0x75,0x20,0x00,
    0x02,0xbc,0x46,0x04,0x08,0x00,0x06,0x60,0x02,0x02,0x72,0x44,0x02,0x34,0x23,0x02,
    0x08,0x00,0x04,0x64,0x00,0x02,0xc0,0x04,0x02,0x5c,0x17,0x0a,0x08,0x00,0x02,0x22,
    0x00,0x02,0x06,0x01,0x02,0x8e,0x0b,0x2a,0xb5,0xbd,0x08,0x00,0x02,0x22,0x00,0x02,
    0x1e,0x01,0x04,0x26,0x02,0x0a,0x08,0x00,0x02,0x22,0x00,0x04,0x0e,0x0d,0x02,0x34,
    0x02,0x02,0x08,0x00,0x00,0x8e,0x65,0x06,0x20,0x0e,0x22,0x54,0xb5,0xc6,0x04,0x02,
    0x22,0x00,0x08,0x02,0x00,0x08,0x60,0x02,0x0f,0xc6,0x04,0xa5,0x04,0x58,0x02,0x04,
    0x02,0x00,0x02,0x54,0x01,0x06,0x02,0x00,0x02,0x42,0x01,0x02,0x6c,0x46,0x02,0x32,
    0x01,0x02,0x52,0x02,0x02,0x02,0x00,0x04,0x0e,0x00,0x06,0x08,0x00,0x00,0xca,0x66,
    0x02,0x5a,0x02,0x02,0x02,0x00,0x04,0x0e,0x00,0x02,0x08,0x00,0x02,0x20,0x00,0x04,
    0x5a,0x02,0x02,0x02,0x00,0x0c,0x0e,0x00,0x44,0x00,0x00,0x00,0x00,0x52,0x02,0x0a,
    0x60,0x02,0x04,0x16,0x00,0x04,0xf4,0x2e,0x22,0x75,0xb5,0x50,0x02,0x06,0x60,0x02,
    0x02,0x6e,0x02,0x02,0x22,0x00,0x02,0x52,0x02,0x0a,0x02,0x00,0x04,0x16,0x00,0x02,
    0x22,0x00,0x02,0x5a,0x02,0x02,0x06,0x00,0x04,0x0e,0x00,0x22,0x00,0x00,0x2a,0x1c,
    0x02,0x22,0x00,0x02,0xaa,0x12,0x02,0x02,0x00,0x04,0x0e,0x00,0x06,0x08,0x00,0x0a,
    0x80,0x04,0x06,0x60,0x02,0x02,0x02,0x00,0x02,0x20,0x00,0x04,0x4a,0x02,0x08,0x38,
    0x02,0x04,0x0e,0x00,0x02,0x22,0x00,0x5f,0x16,0xbe,0x16,0xbe,0xf5,0x60,0x02,0x10,
    0x0f,0x62,0x02,0xa1,0x04,0x56,0x02,0x06,0x02,0x00,0x06,0x5a,0x02,0x04,0x02,0x00,
    0x24,0x32,0xb3,0xcc,0x48,0x31,0xf4,0xb4,0xf4,0x58,0x65,0x06,0xba,0x04,0x02,0x58,
    0x02,0x00,0x1e,0x69,0x02,0x70,0x02,0x0a,0xb4,0x41,0x0a,0x58,0x02,0x06,0x66,0x3f,
    0x0a,0xce,0x41,0x02,0x60,0x02,0x02,0x06,0x00,0x11,0x34,0xd8,0x54,0x31,0x35,0xb5,
    0x34,0x92,0x04,0x02,0x30,0x02,0x04,0x08,0x00,0x04,0x60,0x02,0x06,0x02,0x00,0x0f,
    0x60,0x02,0x05,0x01,0x54,0x02,0x03,0x08,0x00,0x02,0x52,0x02,0x02,0x06,0x00,0x06,
    0x08,0x00,0x02,0x72,0x1e,0x02,0x5a,0x02,0x02,0x06,0x00,0x02,0x60,0x02,0x24,0x32,
    0xb3,0x60,0x02,0x0e,0x02,0x00,0x02,0x58,0x02,0x22,0xd2,0xb2,0x08,0x00,0x02,0x44,
    0x02,0x04,0x08,0x00,0x02,0x02,0x00,0x82,0x00,0x00,0xd5,0xbd,0x14,0xb5,0x91,0xb2,
    0x0e,0x00,0x02,0x52,0x02,0x02,0x08,0x00,0x06,0x52,0x02,0x62,0xf5,0xbd,0x53,0xb4,
    0xb1,0xb2,0x1c,0x00,0x62,0x16,0xbe,0x16,0xbe,0x15,0xbe,0x08,0x00,0x02,0x28,0x00,
    0x0a,0x02,0x00,0x0a,0xc0,0x04,0x3f,0x16,0xbe,0x36,0xec,0x0b,0x9c,0x37,0xd2,0xb2,
    0xd2,0x5a,0x02,0x02,0x02,0x00,0x04,0x56,0x02,0x04,0x02,0x00,0x02,0x64,0x03,0x02,
    0x02,0x00,0x04,0x60,0x02,0x02,0x0e,0x00,0x0f,0x02,0x00,0x01,0x02,0x60,0x02,0x26,
    0xf4,0xb4,0xaa,0x04,0x06,0x02,0x00,0x02,0xae,0x04,0x42,0x34,0xb5,0x34,0xb5,0x6a,
    0x02,0x06,0x1a,0x00,0x04,0x02,0x00,0x06,0x0c,0x07,0x04,0x60,0x02,0x0c,0x26,0x00,
    0x04,0x0c,0x07,0x02,0x02,0x00,0x02,0xb8,0x04,0x04,0x3e,0x00,0x02,0x02,0x00,0x06,
    0x44,0x02,0x02,0x60,0x02,0x02,0xa0,0x02,0x02,0x02,0x00,0x22,0x31,0xb2,0x46,0x02,
    0x02,0x44,0x02,0x53,0x95,0xbd,0x75,0xbd,0x95,0x7a,0x02,0x02,0x20,0x00,0x02,0x3a,
    0x0a,0x08,0x0c,0x07,0x02,0x0c,0x00,0x08,0x7c,0x3d,0x22,0x71,0xb2,0x06,0x07,0x11,
    0x34,0xd6,0x06,0x02,0x60,0x02,0x24,0x00,0x00,0xf0,0x04,0x08,0x9a,0x0c,0x02,0x2c,
    0x02,0x02,0x38,0x02,0x26,0x00,0x00,0xd0,0x04,0x06,0x08,0x13,0x22,0x95,0xb5,0xbc,
    0x04,0x02,0x7e,0x00,0x02,0x30,0x00,0x08,0x02,0x00,0x0e,0x60,0x02,0x0f,0x62,0x02,
    0x99,0x02,0xdc,0x16,0x02,0x56,0x02,0x06,0x02,0x00,0x04,0x58,0x02,0x02,0x02,0x00,
    0x02,0xfa,0x00,0x02,0x5a,0x02,0x44,0xf4,0xb4,0x92,0xb3,0xe0,0x4d,0x08,0x30,0x07,
    0x02,0x02,0x00,0x02,0xae,0x04,0x15,0x32,0xa8,0x44,0x02,0xd0,0x04,0x02,0x1c,0x00,
    0x02,0x02,0x00,0x02,0x40,0x5e,0x42,0x12,0xb3,0xf3,0xb3,0x7e,0x02,0x02,0x32,0x00,
    0x02,0x1c,0x00,0x06,0x14,0x07,0x62,0x91,0xb2,0x93,0xb3,0xd4,0xb4,0x58,0x02,0x02,
    0x8e,0x02,0x02,0x1e,0x00,0x06,0x14,0x07,0x62,0x12,0xb3,0x13,0xb4,0x74,0xb4,0x58,
    0x02,0x02,0x68,0x02,0x02,0x1e,0x00,0x02,0x36,0x2a,0xa2,0x75,0xbd,0x75,0xbd,0x52,
    0xb3,0x33,0xb4,0xd4,0xb4,0xde,0x04,0x08,0x32,0x07,0x06,0xca,0x20,0x66,0x93,0xb3,
    0x13,0xb4,0x95,0xbd,0x8c,0x02,0x02,0x1c,0x00,0x02,0x02,0x00,0x02,0x56,0x02,0x11,
    0xb3,0x22,0x00,0x06,0x32,0x00,0x02,0x1c,0x00,0x02,0x02,0x00,0xa2,0xd5,0xbd,0xd5,
    0xbd,0x13,0xb4,0xf3,0xb3,0x33,0xb4,0x18,0x00,0x02,0x32,0x00,0x02,0x1c,0x00,0x04,
    0x12,0x07,0x82,0xf5,0xbd,0x52,0xb3,0xf3,0xb3,0x53,0xb4,0x58,0x02,0x02,0xd2,0x04,
    0x02,0x1e,0x00,0x00,0x0c,0x6f,0x02,0xb4,0x0b,0x62,0x52,0xb3,0x13,0xb4,0xb4,0xb4,
    0x60,0x02,0x08,0x58,0x02,0x04,0x02,0x00,0x0f,0x60,0x02,0x01,0x0f,0x62,0x02,0x95,
    0x02,0x5e,0x02,0x0f,0x60,0x02,0x0b,0x02,0x0c,0x01,0x06,0x60,0x02,0x02,0x0c,0x00,
    0x02,0x02,0x00,0x39,0xd4,0xb4,0xd4,0x0e,0x6a,0x0c,0x2e,0x02,0x0f,0x60,0x02,0x05,
    0x06,0x02,0x00,0x0c,0x32,0x00,0x08,0x5e,0x09,0x02,0x02,0x00,0x0f,0x60,0x02,0x03,
    0x26,0x00,0x00,0x3a,0x0e,0x02,0x40,0x02,0x02,0x2e,0x00,0x06,0x60,0x02,0x06,0x3a,
    0x0e,0x02,0x20,0x00,0x04,0x92,0x09,0x06,0x2e,0x02,0x02,0xda,0x0b,0x06,0x32,0x00,
    0x02,0x0c,0x00,0x02,0x02,0x00,0x02,0x2e,0x02,0x06,0x76,0x1c,0x04,0x40,0x07,0x06,
    0x02,0x00,0x02,0x2e,0x02,0x06,0xf6,0x0c,0x02,0x32,0x00,0x06,0x20,0x00,0x02,0x20,
    0x02,0x06,0xdc,0x0b,0x04,0x32,0x00,0x06,0x22,0x00,0x04,0x60,0x02,0x06,0xdc,0x24,
    0x02,0x34,0x00,0x0a,0x02,0x00,0x0f,0x60,0x02,0x03,0x0f,0x62,0x02,0x91,0x04,0x5e,
    0x02,0x0f,0x60,0x02,0x09,0x02,0x0e,0x01,0x04,0x6e,0x09,0x0f,0x02,0x00,0x05,0x13,
    0xd4,0x76,0x09,0x0f,0x20,0x00,0x05,0x42,0x00,0x00,0xf4,0xb4,0x70,0x09,0x0f,0x22,
    0x00,0x07,0x11,0x14,0x6e,0x09,0x08,0x28,0x02,0x0c,0x02,0x00,0x11,0x35,0x26,0x0e,
    0x2f,0x00,0x00,0x24,0x00,0x05,0x01,0xa6,0x04,0x03,0x90,0x04,0x0a,0x3c,0x00,0x04,
    0x58,0x00,0x42,0x55,0xb5,0x75,0xb5,0xe8,0x06,0x02,0x96,0x04,0x06,0x02,0x00,0x04,
    0x32,0x00,0x11,0x75,0x20,0x42,0x08,0x28,0x02,0x04,0x02,0x00,0x04,0x32,0x00,0x11,
    0x95,0x52,0x36,0x08,0x28,0x02,0x0c,0x02,0x00,0x11,0xb5,0x24,0x28,0x02,0x92,0x04,
    0x0f,0x02,0x00,0x03,0x2f,0xd5,0xbd,0xaa,0x0b,0x0b,0x08,0x62,0x02,0x0f,0x60,0x02,
    0xa5,0x06,0x5e,0x02,0x0f,0x60,0x02,0x07,0x02,0x1e,0x01,0x2f,0xb4,0xb4,0x60,0x02,
    0x53,0x0e,0xbc,0x04,0x08,0x02,0x00,0x11,0x34,0xf0,0x0b,0x08,0x86,0x04,0x0c,0x02,
    0x00,0x06,0x60,0x02,0x0f,0x02,0x00,0x05,0x06,0x60,0x02,0x0f,0x02,0x00,0x05,0x0f,
    0x60,0x02,0x07,0x04,0x02,0x00,0x0f,0x60,0x02,0x2f,0x2f,0xd5,0xbd,0x60,0x02,0x31,
    0x0f,0xc2,0x04,0x8b,0x08,0x5e,0x02,0x0f,0x60,0x02,0x05,0x02,0x52,0x01,0x5f,0xf4,
    0xb4,0xf4,0xb4,0xb4,0x16,0x71,0x0a,0x5f,0x14,0xb5,0xf4,0xb4,0xd4,0xce,0x0b,0x02,
    0x04,0x02,0x00,0x53,0x34,0xb5,0xf4,0xb4,0xf4,0x50,0x09,0x0f,0xb6,0x17,0x01,0x71,
    0x55,0xb5,0x55,0xb5,0x14,0xb5,0x14,0xaa,0x60,0x0f,0xb6,0x17,0x03,0x31,0x55,0xb5,
    0x55,0xd4,0x60,0x02,0x1a,0x07,0x06,0x1c,0x07,0x06,0x02,0x00,0x44,0x75,0xbd,0x75,
    0xbd,0xc0,0x04,0x06,0x1c,0x07,0x08,0x02,0x00,0x51,0x95,0xbd,0x95,0xbd,0x55,0xc0,
    0x04,0x02,0x6a,0x0a,0x08,0x1c,0x00,0x02,0x02,0x00,0x06,0x48,0x0e,0x0a,0x7a,0x0a,
    0x06,0x02,0x00,0x11,0xd5,0xe0,0x04,0x22,0xd5,0xbd,0xf6,0x12,0x06,0x18,0x00,0x06,
    0x02,0x00,0x11,0xf5,0xe0,0x04,0x0a,0x1a,0x07,0x0a,0x02,0x00,0x02,0x28,0x0e,0x22,
    0x16,0xbe,0xd8,0x4a,0x0a,0x1c,0x00,0x02,0x02,0x00,0x26,0x16,0xbe,0xc2,0x04,0x0f,
    0xc0,0x04,0x05,0x0f,0x62,0x02,0x89,0x0a,0x5e,0x02,0x0f,0x60,0x02,0x03,0x02,0xea,
    0x00,0x02,0x60,0x02,0x04,0x0c,0x00,0x0f,0xb6,0x17,0x01,0x08,0x42,0x09,0x0f,0x0a,
    0x2d,0x03,0x08,0x42,0x09,0x46,0x71,0xb2,0xb1,0xb2,0x50,0x00,0x04,0x02,0x00,0x02,
    0x22,0x09,0x02,0x0e,0x00,0x4e,0x91,0xb2,0xf2,0xb2,0x6a,0x07,0x01,0x9c,0x04,0x03,
    0xf8,0x5b,0x4e,0xb1,0xb2,0x72,0xb3,0x6a,0x07,0x02,0xd6,0x0b,0x04,0x54,0x15,0x24,
    0xd3,0xb3,0x50,0x00,0x06,0x02,0x00,0x06,0xd4,0x12,0x4e,0xf2,0xb2,0x12,0xb3,0xdc,
    0x55,0x08,0x42,0x09,0x59,0x12,0xb3,0x52,0xb3,0x74,0x5c,0x0a,0x04,0x7a,0x04,0x04,
    0x1a,0x07,0x4e,0x32,0xb3,0x93,0xb3,0x6a,0x79,0x02,0x18,0x02,0x02,0x2e,0x00,0x4e,
    0x52,0xb3,0xb3,0xb3,0x6a,0x07,0x02,0x76,0x09,0x04,0x10,0x26,0x13,0x33,0xfc,0x0b,
    0x08,0x02,0x00,0x06,0x3c,0x02,0x0f,0x60,0x02,0x0d,0x0f,0xc4,0x04,0x83,0x11,0xd1,
    0x58,0x4d,0x08,0x02,0x00,0x02,0xd0,0x03,0x06,0x02,0x00,0x06,0x5e,0x02,0x0a,0x60,
    0x02,0x02,0x38,0x5e,0x08,0x0c,0x01,0x0a,0x60,0x02,0x0e,0xf2,0x0b,0x06,0x48,0x15,
    0x02,0x0c,0x00,0x0a,0x50,0x00,0x04,0x02,0x00,0x08,0x60,0x02,0x22,0xd3,0xb3,0x32,
    0x13,0x0a,0x02,0x00,0x08,0x60,0x02,0x22,0x94,0xb4,0x86,0x0e,0x0a,0x02,0x00,0x06,
    0x60,0x02,0x44,0x00,0x00,0xd4,0xb4,0x72,0x09,0x08,0x02,0x00,0x06,0xa4,0x0b,0x4e,
    0xf2,0xb2,0xd4,0xb4,0x6c,0x07,0x0a,0x60,0x02,0x02,0x82,0x3d,0x08,0x40,0x00,0x0c,
    0x60,0x02,0x5b,0x95,0xbd,0xb5,0xbd,0xd4,0x84,0x02,0x08,0x60,0x02,0x62,0x53,0xb4,
    0xb5,0xbd,0xb5,0xbd,0x2e,0x4c,0x06,0x02,0x00,0x06,0x60,0x02,0x8c,0x00,0x00,0xd4,
    0xb4,0xd5,0xbd,0x75,0xbd,0x8e,0x05,0x08,0x38,0x02,0x0f,0x60,0x02,0x0d,0x0f,0x62,
    0x02,0x81,0x0f,0x60,0x02,0x0f,0x04,0x0e,0x01,0x02,0x44,0x15,0x06,0x02,0x00,0x0f,
    0x5e,0x02,0x03,0x06,0x20,0x00,0x0e,0x60,0x02,0x0e,0x0a,0x02,0x0c,0x54,0x00,0x0c,
    0x0a,0x02,0x08,0x10,0x05,0x02,0x02,0x00,0x0c,0x22,0x00,0x08,0x10,0x05,0x02,0x02,
    0x00,0x0c,0x0a,0x02,0x08,0xb0,0x02,0x02,0x02,0x00,0x02,0xd6,0x0b,0x06,0x02,0x00,
    0x48,0x55,0xb5,0x55,0xb5,0x1c,0x02,0x08,0x5c,0x02,0x02,0x02,0x00,0x44,0x75,0xbd,
    0x75,0xbd,0x68,0x11,0x0c,0x5c,0x02,0x02,0x02,0x00,0x48,0x95,0xbd,0x75,0xbd,0x8a,
    0x03,0x0c,0xd4,0x0b,0x68,0xb5,0xbd,0xb5,0xbd,0x34,0xb5,0x60,0x02,0x0c,0xd6,0x0b,
    0x68,0xd5,0xbd,0xd5,0xbd,0xb4,0xb4,0x60,0x02,0x0c,0x30,0x02,0x0f,0x60,0x02,0x0f,
    0x0c,0x32,0x00,0x0f,0x02,0x00,0x6d,0x2f,0xb1,0xb2,0x60,0x02,0x0d,0x04,0xa2,0x00,
    0x0e,0x5e,0x10,0x0c,0x02,0x00,0x0e,0x0c,0x02,0x0c,0x02,0x00,0x0e,0x0c,0x02,0x0c,
    0x02,0x00,0x0e,0x0c,0x02,0x0a,0x02,0x00,0x02,0xba,0x04,0x0f,0xd8,0x0b,0x09,0x08,
    0xba,0x04,0x0f,0x02,0x00,0x03,0x06,0xba,0x04,0x0f,0x02,0x00,0x05,0x0e,0x60,0x02,
    0x0c,0x02,0x00,0x02,0x90,0x10,0x0c,0x16,0x00,0x08,0x02,0x00,0x08,0xbc,0x04,0x0f,
    0x02,0x00,0x03,0x0c,0x60,0x02,0x02,0x44,0x1d,0x02,0x08,0x00,0x02,0x02,0x00,0x0f,
    0x30,0x02,0x01,0x22,0x15,0xbe,0xf4,0x04,0x02,0x02,0x00,0x02,0x3e,0x07,0x06,0x02,
    0x00,0x42,0x56,0xbe,0x56,0xbe,0x3c,0x00,0x0f,0x02,0x00,0x71,0x2f,0xb1,0xb2,0x60,
    0x02,0x0d,0x06,0xa6,0x00,0x0f,0x60,0x02,0x73,0x04,0x62,0x02,0x06,0x98,0x00,0x08,
    0x02,0x00,0x2a,0x34,0xb5,0x60,0x02,0x0e,0xda,0x0b,0x2a,0x55,0xb5,0x60,0x02,0x06,
    0xf6,0x12,0x04,0x02,0x00,0x2a,0x55,0xb5,0x60,0x02,0x06,0xf6,0x12,0x02,0x02,0x00,
    0x4a,0x75,0xbd,0x75,0xbd,0x60,0x02,0x06,0xf6,0x12,0x02,0x02,0x00,0x02,0x20,0x5a,
    0x06,0x60,0x02,0x04,0xd0,0x1e,0x06,0x02,0x00,0x02,0xf4,0x10,0x06,0x60,0x02,0x08,
    0xf6,0x12,0x02,0x02,0x00,0x02,0xda,0x09,0x0f,0x60,0x02,0x01,0x02,0x38,0x00,0x04,
    0x02,0x00,0x06,0x5a,0x02,0x02,0x02,0x00,0x1f,0x56,0x62,0x02,0x78,0x02,0x40,0x29,
    0x0f,0xc0,0x04,0x09,0x02,0xec,0x00,0x57,0x00,0x00,0x94,0xb4,0x94,0x3e,0x06,0x4a,
    0x00,0x00,0x31,0xb2,0xdc,0x0b,0x0e,0x8a,0x09,0x0c,0xdc,0x0b,0x0e,0xde,0x17,0x0c,
    0x0c,0x2d,0x0c,0xc0,0x02,0x0e,0xe6,0x65,0x0c,0x8a,0x09,0x0c,0x3a,0x0e,0x0e,0x1e,
    0x05,0x0c,0x60,0x02,0x0e,0x1e,0x05,0x0c,0x60,0x02,0x02,0x20,0x05,0x04,0xf8,0x00,
    0x02,0x5e,0x02,0x08,0xf6,0x06,0x02,0x60,0x02,0x08,0x80,0x07,0x02,0xee,0x1f,0x06,
    0x32,0x00,0x02,0x7e,0x07,0x08,0xca,0x0b,0x0c,0xf0,0x25,0x02,0x1e,0x05,0x0a,0x22,
    0x00,0x0a,0xec,0x3e,0x0e,0x1e,0x05,0x0a,0xc4,0x43,0x04,0x5e,0x02,0x0f,0x60,0x02,
    0x89,0x02,0x5e,0x02,0x0f,0x60,0x02,0x09,0x06,0x34,0x01,0x02,0xf4,0x12,0x06,0x10,
    0x00,0x0c,0x02,0x00,0x11,0xb4,0x92,0x10,0x0a,0x7c,0x09,0x0a,0x02,0x00,0x1d,0xd4,
    0x52,0x15,0x0c,0x9a,0x10,0x24,0xf4,0xb4,0x62,0x1c,0x02,0x02,0x00,0x0e,0x9a,0x10,
    0x13,0x14,0x52,0x15,0x04,0x02,0x00,0x0e,0x60,0x02,0x13,0x35,0x92,0x10,0x04,0x02,
    0x00,0x0f,0x60,0x02,0x01,0x0a,0x7c,0x09,0x0e,0x60,0x02,0x06,0x58,0x0e,0x0f,0x60,
    0x02,0x05,0x04,0x62,0x1c,0x02,0x02,0x00,0x0f,0x60,0x02,0x01,0x02,0x92,0x10,0x04,
    0x02,0x00,0x0f,0x60,0x02,0x01,0x02,0x92,0x10,0x04,0x02,0x00,0x0f,0x60,0x02,0x01,
    0x0a,0xbc,0x1e,0x0a,0x60,0x02,0x06,0x62,0x02,0x02,0xb6,0x04,0x06,0x02,0x00,0x02,
    0xc0,0x04,0x0f,0x24,0x07,0x71,0x0f,0x60,0x02,0x0d,0x04,0xfc,0x00,0x04,0xe6,0x0d,
    0x0f,0x60,0x02,0x09,0x02,0x5c,0x04,0x0f,0x60,0x02,0x09,0x04,0x80,0x23,0x02,0x50,
    0x00,0x0f,0x02,0x00,0x03,0x0e,0x5e,0x04,0x0a,0x02,0x00,0x0c,0x5c,0x04,0x0e,0x02,
    0x00,0x0f,0x7c,0x09,0xab,0x08,0x02,0x00,0x02,0x32,0x02,0x08,0x12,0x00,0x0a,0x02,
    0x00,0x04,0xc2,0x04,0x02,0x28,0x00,0x06,0x02,0x00,0x04,0x60,0x02,0x0f,0x62,0x02,
    0x6d,0x04,0x5e,0x02,0x0f,0xc0,0x04,0x05,0x0a,0xce,0x00,0x2f,0x00,0x00,0x5e,0x02,
    0x0b,0x02,0x60,0x02,0x0c,0x34,0x00,0x0a,0x02,0x00,0x0e,0x3c,0x0e,0x0c,0x02,0x00,
    0x0c,0x1a,0x0e,0x0e,0x02,0x00,0x0e,0x46,0x10,0x0c,0x02,0x00,0x02,0x1e,0x09,0x0f,
    0x02,0x00,0x07,0x0f,0xdc,0x0b,0x35,0x0f,0x62,0x00,0x07,0x04,0xce,0x1e,0x02,0x0a,
    0x00,0x0f,0x02,0x00,0x05,0x06,0x7c,0x09,0x0f,0x02,0x00,0x25,0x02,0x62,0x02,0x06,
    0x5a,0x02,0x02,0x02,0x00,0x06,0x60,0x02,0x0f,0x62,0x02,0x69,0x06,0x5e,0x02,0x0f,
    0x60,0x02,0x03,0x0f,0xf4,0x00,0x25,0x0f,0x02,0x00,0x05,0x0f,0x5c,0x02,0x1d,0x0f,
    0xce,0x02,0x01,0x0a,0x5c,0x02,0x0f,0xce,0x02,0x01,0x08,0x5c,0x02,0x0f,0x72,0x00,
    0x03,0x04,0x36,0x1c,0x04,0x28,0x0c,0x02,0x0a,0x00,0x08,0x02,0x00,0x08,0x16,0x09,
    0x0a,0x72,0x00,0x02,0x02,0x00,0x02,0x78,0x0b,0x04,0x02,0x00,0x08,0x72,0x00,0x06,
    0x02,0x00,0x06,0x5c,0x02,0x0f,0xce,0x02,0x13,0x06,0x3a,0x00,0x0f,0x02,0x00,0x01,
    0x0a,0x72,0x00,0x08,0x02,0x00,0x0f,0x80,0x09,0x07,0x02,0x02,0x00,0x08,0x2c,0x00,
    0x0f,0x02,0x00,0x59,0x08,0x5e,0x02,0x0f,0x60,0x02,0x01,0x0a,0x8c,0x00,0x0a,0x78,
    0x0b,0x0c,0xea,0x0b,0x04,0xbc,0x04,0x06,0xf0,0x01,0x0e,0x16,0x13,0x0a,0x1c,0x07,
    0x3b,0xd4,0xb4,0xd4,0x2e,0x0c,0x04,0xee,0x01,0x04,0xf0,0x01,0x3d,0xf4,0xb4,0xf4,
    0x22,0x00,0x0a,0x1c,0x07,0x4c,0x14,0xb5,0x14,0xb5,0x7c,0x13,0x0a,0x1c,0x07,0x44,
    0x34,0xb5,0x34,0xb5,0x3a,0x24,0x04,0x02,0x00,0x0a,0xee,0x01,0x4c,0x55,0xb5,0x55,
    0xb5,0xd4,0x61,0x02,0x7a,0x0b,0x02,0x30,0x00,0x02,0x72,0x00,0x0a,0xdc,0x0b,0x02,
    0xee,0x01,0x04,0xbe,0x04,0x01,0x84,0x1a,0x1a,0xbd,0xdc,0x0b,0x02,0x38,0x0e,0x22,
    0x93,0xb3,0x5e,0x0a,0x01,0x84,0x1a,0x0d,0x62,0x49,0x44,0x16,0xbe,0x16,0xbe,0x5e,
    0x0a,0x53,0xb5,0xbd,0xb5,0xbd,0x35,0x8a,0x18,0x04,0x02,0x00,0x64,0x36,0xbe,0x36,
    0xbe,0xd5,0xbd,0x5e,0x0a,0x46,0xd5,0xbd,0xd5,0xbd,0x5e,0x01,0x02,0x02,0x00,0xa2,
    0x56,0xbe,0x56,0xbe,0xd4,0xb4,0xd2,0xb2,0xf5,0xbd,0xb6,0x04,0x06,0x02,0x00,0x02,
    0x5a,0x02,0x04,0x02,0x00,0x02,0x2e,0x00,0x0f,0x02,0x00,0x5d,0x0f,0x60,0x02,0x4d,
    0x19,0x53,0x6c,0x0e,0x0f,0x60,0x02,0x01,0x0c,0xfa,0x01,0x02,0xce,0x01,0x13,0x55,
    0x68,0x01,0x4c,0xf4,0xb4,0xf4,0xb4,0xb0,0x19,0x02,0xee,0x01,0x02,0x4e,0x00,0x02,
    0xe4,0x1c,0x0c,0x22,0x00,0x0c,0x60,0x02,0x2c,0x14,0xb5,0x4a,0x58,0x28,0x95,0xbd,
    0xdc,0x0b,0x4c,0x55,0xb5,0x14,0xb5,0xf0,0x1b,0x02,0x60,0x02,0x02,0x1c,0x0f,0x6f,
    0x55,0xb5,0x55,0xb5,0xf4,0xb4,0x60,0x02,0x01,0x22,0xd3,0xb3,0xae,0x32,0x6f,0x75,
    0xbd,0x75,0xbd,0x14,0xb5,0x60,0x02,0x01,0x13,0xb1,0x7c,0x3b,0x4e,0x95,0xbd,0x95,
    0xbd,0x8c,0x05,0x0c,0x60,0x02,0x0c,0x7a,0x1a,0x68,0x36,0xbe,0x36,0xbe,0xf4,0xb4,
    0x60,0x02,0x0c,0x44,0x00,0xa6,0x56,0xbe,0x56,0xbe,0xd3,0xb3,0xd2,0xb2,0xd2,0xb2,
    0x5a,0x02,0x02,0x02,0x00,0x04,0x5a,0x02,0x04,0x02,0x00,0x04,0x32,0x01,0x0f,0x02,
    0x00,0x57,0x0a,0x5e,0x02,0x0e,0xc0,0x04,0x0f,0x8a,0x00,0x57,0x0f,0x02,0x00,0xff,
    0x0c,0x0a,0x6a,0x15,0x0e,0x02,0x00,0x04,0x1c,0x0f,0x02,0x58,0x02,0x04,0x02,0x00,
    0x04,0x58,0x02,0x06,0x02,0x00,0x0e,0x3a,0x00,0x0f,0x02,0x00,0x49,0x11,0x91,0x1a,
    0x78,0x08,0x02,0x00,0x0a,0x00,0x13,0x0f,0x7c,0x00,0x49,0x0f,0x02,0x00,0x07,0x04,
    0xba,0x04,0x0f,0x02,0x00,0x05,0x06,0xdc,0x04,0x0f,0x02,0x00,0x05,0x0f,0x0a,0x09,
    0x03,0x08,0x02,0x00,0x08,0xbc,0x04,0x0f,0x02,0x00,0x03,0x04,0x1a,0x07,0x0f,0x02,
    0x00,0x07,0x04,0x1a,0x07,0x0f,0x02,0x00,0x7b,0x04,0x5c,0x02,0x0f,0x60,0x02,0x6f,
    0x2f,0x91,0xb2,0x60,0x02,0x0b,0x0c,0x38,0x01,0x0a,0x7c,0x09,0x0f,0x02,0x00,0x01,
    0x0f,0x14,0x1a,0xff,0x32,0x0a,0x02,0x00,0x0f,0xb4,0x17,0x03,0x08,0x02,0x00,0x0c,
    0x1c,0x0e,0x02,0x5a,0x02,0x02,0x02,0x00,0x06,0xb8,0x04,0x04,0x02,0x00,0x1f,0x76,
    0x30,0x1a,0x58,0x0f,0x60,0x02,0x0b,0x08,0xc4,0x00,0x02,0x02,0x00,0x0f,0x60,0x02,
    0x2d,0x2a,0xb4,0xb4,0xdc,0x0b,0x0c,0x56,0x15,0x02,0x52,0x2d,0x0a,0xf8,0x12,0x08,
    0x02,0x1e,0x02,0x82,0x00,0x02,0x7c,0x09,0x04,0x7e,0x09,0x04,0x98,0x08,0x04,0x02,
    0x00,0x31,0x14,0xb5,0x14,0x56,0x15,0x06,0x54,0x17,0x04,0x3a,0x06,0x04,0x02,0x00,
    0x31,0x34,0xb5,0x34,0xf2,0x54,0x06,0xa0,0x04,0x0a,0x56,0x15,0x02,0xca,0x28,0x02,
    0x7c,0x09,0x04,0x34,0x00,0x0a,0xb6,0x17,0x02,0x82,0x00,0x0a,0x56,0x17,0x0a,0x16,
    0x1a,0x02,0xfe,0x09,0x06,0x14,0x1a,0x0e,0x56,0x15,0x02,0xb8,0x15,0x08,0x98,0x10,
    0x0c,0x56,0x15,0x02,0xd4,0x17,0x08,0x60,0x02,0x0c,0x56,0x15,0x02,0x5c,0x0c,0x08,
    0x60,0x02,0x42,0x93,0xb3,0xb3,0xb3,0x34,0x00,0x02,0x02,0x00,0x04,0x56,0x02,0x06,
    0x02,0x00,0x1f,0x76,0x62,0x02,0x56,0x02,0x72,0x19,0x08,0x1c,0x07,0x0a,0x80,0x09,
    0x04,0x5c,0x01,0x02,0x02,0x00,0x2c,0x74,0xb4,0x78,0x0a,0x0c,0xf2,0x25,0x0e,0x4c,
    0x0e,0x22,0x51,0xb2,0xfa,0x0a,0x02,0x02,0x00,0x0e,0x36,0x1a,0x0c,0x16,0x1a,0x04,
    0x36,0x1a,0x08,0x20,0x07,0x04,0x5a,0x0d,0x02,0x02,0x00,0x02,0xe2,0x02,0x08,0x20,
    0x07,0x02,0xb6,0x00,0x02,0x1e,0x00,0x02,0xec,0x0b,0x13,0x14,0x76,0x1c,0x02,0x10,
    0x00,0x02,0x60,0x02,0x06,0xce,0x00,0x04,0x36,0x1a,0x0f,0x60,0x02,0x0d,0x0a,0x20,
    0x07,0x0f,0x60,0x02,0x01,0x08,0x20,0x07,0x0c,0xb6,0x17,0x02,0x60,0x02,0x04,0x82,
    0x00,0x0f,0x60,0x02,0x07,0x02,0x1c,0x00,0x02,0x02,0x00,0x0f,0x60,0x02,0x01,0x0a,
    0x22,0x00,0x02,0x54,0x67,0x02,0x2e,0x00,0x02,0x5e,0x02,0x0c,0xa2,0x07,0x02,0x60,
    0x02,0x06,0x62,0x02,0x06,0x58,0x02,0x04,0x02,0x00,0x0f,0x60,0x02,0x55,0x02,0x5e,
    0x02,0x0f,0x60,0x02,0x07,0x04,0xc6,0x00,0x04,0x02,0x00,0x0f,0x60,0x02,0x01,0x0a,
    0x02,0x00,0x0e,0x60,0x02,0x0a,0x02,0x00,0x0f,0x60,0x02,0x01,0x0a,0x02,0x00,0x04,
    0x60,0x02,0x08,0x02,0x00,0x0e,0xc0,0x04,0x08,0x1e,0x00,0x0e,0xfa,0x0a,0x02,0x60,
    0x02,0x08,0x02,0x00,0x08,0x5e,0x02,0x06,0x60,0x02,0x08,0x02,0x00,0x0f,0xc0,0x04,
    0x01,0x08,0x20,0x00,0x0f,0x60,0x02,0x05,0x08,0x02,0x00,0x0f,0xc0,0x04,0x01,0x08,
    0x20,0x00,0x0c,0x16,0x1a,0x02,0xc0,0x04,0x0a,0x22,0x00,0x0a,0x76,0x1c,0x0a,0x42,
    0x05,0x04,0x60,0x02,0x02,0x0a,0x00,0x0f,0x60,0x02,0x0d,0x04,0x62,0x02,0x04,0x56,
    0x02,0x06,0x02,0x00,0x1f,0x76,0x62,0x02,0x54,0x0f,0x60,0x02,0x0b,0x02,0xc2,0x00,
    0x0a,0x02,0x00,0x0f,0x14,0x1a,0x0d,0x0f,0xdc,0x01,0x01,0x0a,0x02,0x00,0x04,0x3c,
    0x04,0x0f,0x02,0x00,0x07,0x0a,0x1c,0x07,0x0f,0x02,0x00,0x01,0x02,0x9c,0x06,0x0f,
    0x1a,0x00,0x01,0x04,0x02,0x00,0x0e,0x3c,0x04,0x0c,0x02,0x00,0x0a,0x9a,0x10,0x0e,
    0x02,0x00,0x0e,0xda,0x01,0x0c,0x02,0x00,0x0a,0x1c,0x07,0x0f,0x02,0x00,0x01,0x08,
    0x1c,0x07,0x0f,0x02,0x00,0x03,0x02,0x72,0x17,0x0f,0x1c,0x00,0x03,0x02,0x02,0x00,
    0x08,0x1c,0x07,0x0f,0x02,0x00,0x03,0x08,0x1c,0x07,0x0a,0x02,0x00,0x0f,0x20,0x07,
    0x09,0x0f,0x62,0x02,0x4f,0x04,0x5e,0x02,0x0f,0xc0,0x04,0x01,0x1b,0xd1,0xf4,0x77,
    0x04,0x02,0x00,0x0f,0x60,0x02,0x0d,0x0f,0xdc,0x0b,0x49,0x15,0xff,0x01,0x00,0x65,
    0xfb,0xe6,0xba,0xde,0x3c,0xef,0x0f,0x00,0x0f,0x02,0x00,0x00,0x3f,0xda,0xde,0xda,
    0x22,0x00,0x10,0x2f,0x9e,0xf7,0x3b,0x00,0x00,0x03,0x02,0x00,0x63,0x9e,0xf7,0xfb,
    0xde,0xfb,0xde,0x0d,0x00,0x0f,0x02,0x00,0x02,0x68,0x7d,0xef,0xfb,0xde,0x1b,0xe7,
    0x1b,0x00,0x04,0x26,0x01,0x04,0x02,0x00,0x0f,0x60,0x02,0x35,0x0f,0x76,0x1c,0x09,
    0x0f,0x60,0x02,0x09,0x02,0x62,0x02,0x06,0xb8,0x04,0x04,0x02,0x00,0x02,0x5e,0x02,
    0x0f,0xe6,0x0b,0x4b,0x06,0x5e,0x02,0x0e,0x60,0x02,0x1f,0xb1,0x60,0x02,0x26,0x02,
    0x62,0x02,0x04,0x60,0x01,0x0f,0x02,0x00,0x03,0x0f,0xa8,0x19,0x03,0x06,0x02,0x00,
    0x0c,0xc0,0x04,0x08,0xc2,0x01,0x0f,0x02,0x00,0x93,0x04,0xcc,0x00,0x0f,0x60,0x02,
    0x03,0x02,0xc8,0x17,0x02,0x02,0x00,0x08,0xdc,0x0b,0x04,0x02,0x00,0x0a,0x6e,0x0a,
    0x0f,0x5e,0x02,0x01,0x0a,0xd0,0x0c,0x0f,0xc0,0x04,0x01,0x06,0x10,0x08,0x0f,0x60,
    0x02,0x09,0x0f,0x62,0x02,0x49,0x0f,0x60,0x02,0x0b,0x04,0xec,0x00,0x0f,0x02,0x00,
    0x09,0x02,0xd4,0x16,0x0f,0x02,0x00,0x09,0x08,0xda,0x0b,0x0f,0x02,0x00,0x03,0x0c,
    0xf2,0x25,0x0c,0x02,0x00,0x3f,0xff,0xff,0xdf,0x53,0x02,0x93,0x0f,0x02,0x00,0x00,
    0x0a,0xcc,0x00,0x06,0x7c,0x09,0x0f,0xf4,0x00,0x05,0x04,0x7c,0x09,0x02,0x9a,0x01,
    0x0a,0x3e,0x00,0x02,0x02,0x00,0x04,0x3c,0x0e,0x0c,0xd0,0x0c,0x06,0x02,0x00,0x04,
    0xdc,0x0b,0x06,0x60,0x02,0x02,0x80,0x02,0x0a,0x02,0x00,0x04,0xc0,0x04,0x0f,0x62,
    0x02,0x47,0x02,0xc4,0x00,0x04,0x02,0x00,0x02,0xb0,0x00,0x06,0x02,0x00,0x02,0x96,
    0xac,0x06,0xb6,0x00,0x0f,0x02,0x00,0x01,0x2f,0x74,0xb4,0x10,0x4d,0x01,0x08,0xbc,
    0x04,0x2e,0x94,0xb4,0x06,0x05,0x08,0xbc,0x04,0x44,0xb4,0xb4,0xb4,0xb4,0x36,0x19,
    0x06,0x02,0x00,0x06,0x18,0x0e,0x0f,0xb3,0x01,0x00,0x0f,0x02,0x00,0x9a,0x26,0xdf,
    0xff,0xd6,0x1e,0x5f,0x75,0xbd,0x55,0xbd,0x13,0x32,0x01,0x02,0x04,0x02,0x00,0x6c,
    0x95,0xbd,0x75,0xbd,0xb3,0xb3,0x9e,0x1a,0x08,0x02,0x00,0x44,0xb5,0xbd,0x55,0xb5,
    0x86,0x75,0x0f,0x02,0x04,0x01,0x53,0xd5,0xbd,0xd5,0xbd,0x34,0x22,0x00,0x0f,0x60,
    0x02,0xa1,0x02,0x18,0x10,0x04,0xf2,0x00,0x0f,0x4c,0x0e,0x01,0x0a,0x7e,0x09,0x0f,
    0x4c,0x0e,0x01,0x08,0xde,0x0b,0x0f,0x4c,0x0e,0x03,0x04,0x1e,0x07,0x0f,0x4b,0x02,
    0x9a,0x0f,0x02,0x00,0x04,0x42,0xbe,0xf7,0x9d,0xef,0x30,0x01,0x0f,0x70,0x0c,0x03,
    0x08,0x1e,0x07,0x0e,0x4c,0x0e,0x02,0x1c,0x07,0x04,0x7c,0x09,0x02,0x70,0x0c,0x0a,
    0x6e,0x0e,0x04,0x9c,0x04,0x02,0x64,0x00,0x0f,0x70,0x0c,0x03,0x31,0x76,0xbe,0x76,
    0x20,0x2d,0x08,0x02,0x00,0x02,0xba,0x04,0x04,0x02,0x00,0x02,0x3e,0x00,0x0f,0x02,
    0x00,0x39,0x04,0xb8,0x04,0x04,0x02,0x00,0x06,0xba,0x04,0x0a,0xda,0x07,0x0a,0x02,
    0x00,0x0a,0x60,0x02,0x0f,0x02,0x00,0x01,0x0a,0x60,0x02,0x0f,0x02,0x00,0x01,0x08,
    0x60,0x02,0x0f,0x02,0x00,0x03,0x02,0x60,0x02,0x0f,0xb1,0x01,0x04,0x0f,0x02,0x00,
    0xa2,0x0f,0x42,0x2d,0x01,0x02,0x02,0x00,0x0a,0x60,0x02,0x08,0x2a,0x24,0x02,0x02,
    0x00,0x02,0x00,0x0e,0x02,0x0c,0x00,0x02,0x62,0x02,0x04,0x0c,0x00,0x04,0x02,0x00,
    0x02,0x36,0x02,0x04,0x0e,0x00,0x0e,0x0c,0x13,0x02,0x60,0x02,0x04,0x28,0x00,0x04,
    0x02,0x00,0x04,0x5a,0x02,0x02,0x02,0x00,0x04,0x3e,0x00,0x0f,0x02,0x00,0x37,0x04,
    0x58,0x02,0x04,0x02,0x00,0x02,0x58,0x02,0x02,0x02,0x00,0x0f,0x66,0x00,0x37,0x0f,
    0x02,0x00,0x27,0x0f,0x47,0x02,0xa2,0x0f,0x02,0x00,0x08,0x0f,0x0a,0x01,0x27,0x0f,
    0x02,0x00,0x35,0x04,0x5a,0x02,0x02,0x02,0x00,0x02,0x58,0x02,0x06,0x02,0x00,0x0f,
    0x66,0x00,0x35,0x02,0x02,0x00,0x04,0x56,0x02,0x06,0x02,0x00,0x02,0x5a,0x02,0x02,
    0x02,0x00,0x02,0x24,0x00,0x0f,0x02,0x00,0x69,0x0f,0xa9,0x01,0x05,0x0e,0x94,0x00,
    0x0f,0x6e,0x05,0x09,0x02,0x02,0x00,0x08,0x88,0x08,0x0f,0x02,0x00,0x03,0x0a,0x58,
    0x15,0x0e,0x02,0x00,0x2a,0x12,0xb3,0xb8,0x17,0x0e,0x02,0x00,0x08,0xb8,0x17,0x0f,
    0xbc,0x00,0x03,0x0e,0x2e,0x34,0x0c,0x02,0x00,0x0e,0x2e,0x34,0x0c,0x02,0x00,0x04,
    0xdc,0x0b,0x0f,0x02,0x00,0x07,0x11,0xb3,0x18,0x1a,0x0f,0x02,0x00,0x05,0x02,0x5a,
    0x02,0x02,0x02,0x00,0x06,0x5a,0x02,0x02,0x02,0x00,0x1f,0x96,0xaa,0x10,0x38,0x31,
    0x71,0xb2,0x71,0x6c,0x99,0x08,0x02,0x00,0x02,0x5a,0x02,0x0f,0xae,0x01,0x0b,0x0a,
    0xfa,0x12,0x0f,0x3c,0x0e,0x01,0x0a,0x36,0x17,0x0f,0x3c,0x0e,0x01,0x08,0xde,0x0b,
    0x0f,0x46,0x0d,0x01,0x5f,0x55,0xb5,0x55,0xb5,0xba,0x74,0x12,0x00,0x06,0x34,0x01,
    0x0a,0x5a,0x15,0x0f,0xb2,0x00,0x01,0x0a,0xea,0x08,0x0f,0x60,0x02,0x01,0x08,0x8a,
    0x06,0x02,0x92,0x3e,0x06,0x60,0x00,0x02,0x02,0x00,0x08,0xe8,0x08,0x0f,0x60,0x02,
    0x03,0x08,0x8a,0x06,0x08,0x60,0x02,0x00,0xc2,0xba,0x0e,0x64,0x02,0x2f,0xbc,0xee,
    0x62,0x02,0x01,0x08,0x1e,0x07,0x0f,0x60,0x02,0x03,0x06,0x1c,0x07,0x0f,0x60,0x02,
    0x2f,0x08,0x62,0x02,0x02,0x56,0x02,0x06,0x02,0x00,0x0f,0x60,0x02,0x55,0x02,0x20,
    0x01,0x0f,0x02,0x00,0x03,0x0f,0x7e,0x09,0x13,0x0f,0x3c,0x00,0x03,0x02,0x02,0x00,
    0x0f,0x7c,0x09,0x13,0x1d,0x7d,0xf4,0x14,0x02,0x3e,0x00,0x02,0x02,0x00,0x0f,0x60,
    0x02,0x33,0x08,0x40,0x02,0x0f,0xc0,0x04,0x01,0x02,0x4c,0x0b,0x02,0x72,0x00,0x0f,
    0x60,0x02,0x01,0x0a,0x4a,0x0b,0x0c,0x60,0x02,0x0f,0x64,0x02,0x01,0x22,0x99,0xdd,
    0x18,0x00,0x06,0x02,0x00,0x0a,0xba,0x17,0x0f,0x60,0x02,0x01,0x0a,0x7e,0x09,0x0f,
    0xc0,0x04,0x01,0x0a,0xfa,0x12,0x04,0x5c,0x0e,0x08,0x02,0x00,0x08,0x82,0x10,0x02,
    0xbc,0x04,0x0f,0x60,0x02,0x03,0x0f,0x62,0x02,0x35,0x11,0x71,0x28,0x99,0x08,0xbc,
    0x04,0x08,0x60,0x15,0x08,0x9a,0x00,0x0c,0x02,0x00,0x0a,0xc0,0x04,0x0f,0x02,0x00,
    0x01,0x0a,0xc0,0x04,0x0e,0x02,0x00,0x0f,0x60,0x02,0x11,0x2c,0x59,0xd6,0xfe,0x03,
    0x06,0x48,0x00,0x2c,0xd4,0xb4,0x60,0x02,0x0c,0x02,0x00,0x2c,0xf4,0xb4,0xc0,0x04,
    0x0a,0x02,0x00,0x02,0xa2,0x00,0x0a,0x60,0x02,0x0a,0x02,0x00,0x02,0x62,0x05,0x08,
    0x60,0x02,0x0c,0x02,0x00,0x31,0x55,0xb5,0x55,0xf4,0x52,0x0c,0x56,0x1e,0x06,0x02,
    0x00,0x7b,0x55,0xb5,0x55,0xb5,0xf5,0xbd,0x9d,0x28,0x03,0x06,0x20,0x00,0x02,0x62,
    0x05,0x0a,0x60,0x02,0x0a,0x02,0x00,0x02,0xbc,0x1a,0x0a,0x60,0x02,0x0a,0x02,0x00,
    0x02,0x22,0x03,0x0a,0x60,0x02,0x0a,0x02,0x00,0x02,0xa2,0x00,0x08,0x60,0x02,0x02,
    0x30,0x00,0x0f,0x60,0x02,0x67,0x0a,0xa0,0x00,0x06,0x02,0x00,0x0f,0x0c,0x13,0x11,
    0x0e,0x58,0x21,0x0a,0x02,0x00,0x0f,0xac,0x10,0x01,0x0a,0x02,0x00,0x02,0xa4,0x2f,
    0x0f,0x5e,0x02,0x09,0x02,0xba,0x23,0x0f,0x02,0x00,0x07,0x0f,0x62,0x05,0x13,0x0f,
    0x64,0x05,0x2b,0x02,0xb8,0x23,0x0f,0x84,0x00,0x07,0x02,0x5e,0x02,0x02,0x1c,0x1d,
    0x0f,0xcc,0x00,0x05,0x02,0x60,0x02,0x0f,0x44,0x00,0x09,0x02,0x60,0x02,0x0f,0x22,
    0x00,0x09,0x0f,0x02,0x03,0x09,0x02,0x02,0x00,0x0a,0x64,0x05,0x02,0x02,0x00,0x02,
    0x5e,0x02,0x0f,0xc0,0x04,0x03,0x0f,0xc2,0x04,0x31,0x02,0xbe,0x04,0x0f,0xc0,0x04,
    0x05,0x02,0x84,0x00,0x0f,0x02,0x00,0x01,0x0f,0x60,0x02,0x65,0x08,0x8c,0x00,0x0f,
    0x60,0x02,0x9f,0x2a,0xbc,0xee,0x62,0x02,0x04,0xce,0x00,0x06,0x60,0x02,0x08,0x2a,
    0x1a,0x08,0x02,0x00,0x04,0x60,0x02,0x0a,0x2a,0x1a,0x08,0x02,0x00,0x04,0x60,0x02,
    0x0f,0x82,0x0a,0x01,0x02,0x02,0x00,0x04,0x60,0x02,0x0a,0x82,0x0a,0x02,0x62,0x02,
    0x06,0x7a,0x09,0x02,0x02,0x00,0x0f,0x60,0x02,0x4f,0x0e,0x6a,0x17,0x0a,0x02,0x00,
    0x08,0x1e,0x07,0x0f,0xdc,0x0b,0x01,0x04,0x7c,0x06,0x02,0x02,0x00,0x0f,0xdc,0x0b,
    0x05,0x04,0x4c,0x3b,0x0f,0xdc,0x0b,0x01,0x59,0x00,0x00,0x55,0xb5,0x5d,0xb4,0x1e,
    0x02,0x4c,0x00,0x08,0x02,0x00,0x08,0x7e,0x09,0x0f,0x5a,0x01,0x03,0x08,0x14,0x2d,
    0x0a,0x5a,0x01,0x04,0x02,0x00,0x06,0xf4,0x25,0x0f,0xdc,0x0b,0x03,0x02,0xbc,0x01,
    0x02,0x2e,0x00,0x0f,0x7c,0x09,0x01,0x04,0xba,0x01,0x02,0x06,0x01,0x0f,0x7c,0x09,
    0x01,0x04,0x78,0x1c,0x2f,0x51,0xb2,0x60,0x02,0x03,0x04,0x6c,0x3d,0x04,0x06,0x01,
    0x1f,0x52,0xb6,0x17,0x02,0x35,0x36,0xbe,0x36,0x52,0x34,0x0f,0x7c,0x09,0x01,0x02,
    0x2c,0x02,0x04,0x06,0x01,0x0f,0x3c,0x0e,0x07,0x04,0x06,0x01,0x02,0x9e,0x09,0x0f,
    0x60,0x02,0x09,0x0f,0xc2,0x04,0x2d,0x04,0xbe,0x04,0x0f,0xc0,0x04,0x01,0x1d,0xd4,
    0xe0,0x33,0x0a,0x02,0x00,0x0f,0x60,0x02,0x0d,0x0a,0x5a,0x15,0x0f,0x60,0x02,0x23,
    0x19,0x35,0xdc,0x0b,0x2a,0xdf,0xff,0x82,0x00,0x04,0x22,0x90,0x02,0x7c,0x06,0x0f,
    0x60,0x02,0x09,0x04,0x7c,0x06,0x04,0x5a,0x01,0x08,0x02,0x00,0x02,0x1a,0x04,0x02,
    0x40,0x02,0x0f,0x60,0x02,0x03,0x04,0x1a,0x04,0x04,0xf2,0x25,0x0c,0x2e,0x34,0x04,
    0x60,0x02,0x02,0x22,0x00,0x0f,0x60,0x02,0x09,0x0f,0x22,0x07,0x07,0x0a,0xde,0x0b,
    0x0f,0x60,0x02,0x07,0x02,0x64,0x00,0x0f,0x60,0x02,0x09,0x04,0x22,0x00,0x0f,0x60,
    0x02,0x03,0x08,0x7e,0x09,0x02,0x60,0x02,0x02,0x62,0x02,0x02,0xb6,0x04,0x06,0x02,
    0x00,0x02,0xc0,0x04,0x0f,0x60,0x02,0x47,0x2f,0x12,0xb3,0x60,0x02,0x19,0x0f,0x02,
    0x00,0x01,0x0a,0x60,0x02,0x0f,0x02,0x00,0x01,0x0f,0xde,0x0b,0x11,0x0a,0xcc,0x1e,
    0x0e,0x46,0x00,0x08,0xc0,0x04,0x0f,0x02,0x00,0x03,0x06,0x7c,0x06,0x0f,0x02,0x00,
    0x03,0x02,0x60,0x02,0x0f,0x1c,0x00,0x03,0x02,0x02,0x00,0x08,0x60,0x02,0x0f,0x02,
    0x00,0x03,0x04,0x7a,0x06,0x0f,0x02,0x00,0x07,0x06,0x38,0x21,0x0f,0xc2,0x04,0x05,
    0x0f,0xde,0x0b,0x09,0x02,0x02,0x00,0x06,0x1a,0x1a,0x0f,0x02,0x00,0x05,0x0f,0xde,
    0x0b,0x09,0x02,0x02,0x00,0x08,0x60,0x02,0x06,0x02,0x00,0x0f,0x60,0x02,0x07,0x0f,
    0x62,0x02,0x29,0x06,0xbe,0x04,0x0e,0xc0,0x04,0x06,0x7c,0x00,0x0f,0x02,0x00,0x6b,
    0x08,0x8e,0x01,0x0f,0x8a,0x00,0x6b,0x0f,0x02,0x00,0x35,0x08,0xd2,0x00,0x0f,0xd4,
    0x00,0x75,0x06,0xb8,0x04,0x04,0x02,0x00,0x04,0xc0,0x04,0x0f,0x60,0x02,0xff,0xff,
    0x35,0x0e,0x62,0x02,0x06,0x60,0x02,0x0f,0x62,0x02,0x25,0x08,0xbe,0x04,0x0c,0xc0,
    0x04,0x02,0xf2,0x05,0x0c,0x5a,0x08,0x08,0x02,0x00,0x24,0xf4,0xb4,0xda,0x51,0x06,
    0xfa,0x05,0x0a,0x02,0x00,0x11,0x14,0xc4,0x64,0x0c,0x5a,0x08,0x06,0x02,0x00,0x44,
    0x34,0xb5,0x34,0xb5,0x50,0x08,0x0f,0xfa,0x05,0x03,0x0c,0xd6,0x1e,0x06,0x3c,0x00,
    0x04,0x02,0x00,0x06,0xba,0x23,0x4f,0xb1,0xb2,0x94,0xb4,0x36,0x1b,0x01,0x0f,0x7c,
    0x09,0x0b,0x0e,0xde,0x0b,0x02,0x14,0x00,0x0a,0x02,0x00,0x04,0x9e,0x09,0x0f,0xdc,
    0x0b,0x03,0x02,0x2c,0x01,0x02,0x2e,0x01,0x0f,0x7c,0x09,0x03,0x02,0x24,0x01,0x02,
    0x54,0x00,0x39,0x52,0xb3,0x9b,0x44,0x0e,0x02,0x16,0x00,0x02,0x1e,0x07,0x02,0x0c,
    0x00,0x0f,0x7c,0x09,0x03,0x08,0x24,0x01,0x0f,0xdc,0x0b,0x03,0x08,0x02,0x00,0x04,
    0x5a,0x09,0x0f,0x02,0x00,0x17,0x04,0xb8,0x04,0x04,0x02,0x00,0x0f,0x60,0x02,0x4b,
    0x11,0x14,0x30,0x14,0x0a,0x3c,0x01,0x02,0x64,0x08,0x02,0x56,0x02,0x42,0xf4,0xb4,
    0x34,0xb5,0x0a,0x00,0x02,0x3c,0x01,0x02,0x3e,0x01,0x02,0x6a,0x02,0x02,0xe4,0x18,
    0x35,0x14,0xb5,0x75,0x60,0x02,0x22,0x74,0xb4,0x14,0x00,0x02,0x46,0x01,0x02,0xce,
    0x45,0x62,0x00,0x00,0x34,0xb5,0x95,0xb5,0x58,0x02,0x33,0x71,0xb2,0x55,0x0a,0x00,
    0x04,0x46,0x01,0x02,0xa6,0x0a,0x46,0x55,0xb5,0xd5,0xbd,0x4e,0x06,0x04,0xde,0x0b,
    0x02,0x64,0x08,0x02,0x4c,0x02,0x42,0x55,0xb5,0xd5,0xbd,0x0a,0x00,0x35,0xb1,0xb2,
    0x75,0x26,0x8b,0x06,0x64,0x08,0x53,0x75,0xbd,0x75,0xbd,0x16,0x82,0x03,0x35,0xd2,
    0xb2,0xb5,0x90,0x20,0x06,0x96,0x03,0xf4,0x01,0x95,0xbd,0x95,0xbd,0x16,0xbe,0xb6,
    0xbe,0x00,0x00,0xf2,0xb2,0x12,0xb3,0x75,0xbd,0x0c,0x13,0x15,0xb6,0x80,0x1b,0x33,
    0xb5,0xbd,0xb5,0x5a,0x00,0x31,0x12,0xb3,0x72,0x06,0xa6,0x0c,0xb6,0x01,0x02,0x1a,
    0x01,0x00,0xca,0xd4,0x51,0x32,0xb3,0xd3,0xb3,0x34,0x32,0x5d,0x0a,0x02,0x00,0x02,
    0x1a,0x01,0x02,0x30,0x34,0x19,0x3a,0xee,0x1a,0x04,0x28,0x00,0x06,0x7e,0x09,0x46,
    0x52,0xb3,0xf4,0xb4,0x16,0x03,0x06,0x02,0x00,0x02,0x2c,0x01,0x02,0xdc,0x0b,0x24,
    0x34,0xb5,0xf4,0x02,0x08,0x02,0x00,0x02,0x1a,0x01,0x00,0x52,0xd5,0x26,0xf3,0xb3,
    0x14,0x0f,0x08,0x02,0x00,0x06,0x1a,0x01,0x24,0x33,0xb4,0x14,0x03,0x04,0x02,0x00,
    0x04,0x5a,0x02,0x02,0x02,0x00,0x08,0x60,0x02,0x02,0x40,0x01,0x0f,0x02,0x00,0x1b,
    0x0a,0xbe,0x04,0x08,0xc0,0x04,0x53,0xb1,0xb2,0xb5,0xbd,0x55,0xb0,0x5d,0x08,0x3c,
    0x01,0x02,0x46,0x01,0x22,0xf5,0xbd,0xac,0x5d,0x17,0x55,0x60,0x02,0x04,0x80,0x01,
    0x02,0x46,0x01,0x02,0x7a,0x69,0x35,0xd5,0xbd,0x55,0x60,0x02,0x42,0x16,0xbe,0x75,
    0xb5,0x26,0x26,0x04,0x5e,0x02,0x84,0x36,0xbe,0x16,0xbe,0xb5,0xbd,0x75,0xb5,0x1e,
    0x4d,0x42,0xd5,0xbd,0x55,0xb5,0xfc,0x50,0x06,0x5e,0x3c,0x6f,0x36,0xbe,0x95,0xb5,
    0x75,0xb5,0x60,0x02,0x03,0x02,0x28,0x01,0x64,0x56,0xbe,0x95,0xb5,0x95,0xb5,0x60,
    0x02,0x06,0xd0,0x0e,0x04,0x20,0x01,0x82,0x00,0x00,0x76,0xbe,0x75,0xbd,0xb5,0xbd,
    0x20,0x01,0x02,0x2a,0xb4,0x02,0x26,0x01,0x51,0x96,0xbe,0x96,0xbe,0xb6,0x56,0x02,
    0x08,0xde,0x0b,0x17,0xb3,0x86,0x5a,0x51,0xb6,0xbe,0x00,0x00,0xd6,0x64,0x02,0x06,
    0xde,0x0b,0x37,0x12,0xb3,0x73,0x86,0x5a,0x02,0x1e,0x00,0x0a,0x24,0x01,0x2a,0x32,
    0xb3,0x26,0x37,0x04,0x02,0x00,0x02,0x1a,0x01,0x02,0x60,0x02,0x26,0xbb,0xe6,0xd4,
    0x00,0x0f,0x60,0x02,0x03,0x0f,0x92,0x0c,0x03,0x06,0x60,0x02,0x2f,0x94,0xb4,0x70,
    0x18,0x03,0x06,0x60,0x02,0x1f,0x14,0x80,0x02,0x02,0x22,0x00,0x00,0x38,0x01,0x0a,
    0xb4,0x00,0x04,0x02,0x00,0x02,0x58,0x02,0x04,0x02,0x00,0x0f,0x60,0x02,0x47,0x2e,
    0xd3,0xb3,0x1c,0x03,0x02,0x20,0x01,0x13,0xd5,0x6c,0x70,0x02,0x6a,0x02,0x04,0x98,
    0x00,0x02,0x02,0x00,0x02,0xa2,0x04,0x22,0xf5,0xbd,0x0a,0x00,0x02,0x30,0x00,0x02,
    0x1a,0x00,0x04,0x02,0x00,0x06,0x20,0x01,0x02,0x60,0x02,0x02,0x32,0x00,0x08,0x02,
    0x00,0x04,0x20,0x01,0x02,0x92,0x11,0x02,0x30,0x00,0x0a,0x8c,0x01,0x04,0x20,0x01,
    0x02,0x08,0x00,0x04,0x30,0x00,0x04,0x02,0x00,0x42,0xd4,0xb4,0x00,0x00,0x4c,0x02,
    0x00,0x16,0xd9,0x02,0x60,0x02,0x02,0x7e,0x02,0x02,0x02,0x00,0x02,0x82,0x02,0x06,
    0x9a,0x04,0x04,0x26,0x00,0x06,0x02,0x00,0x02,0xcc,0x17,0x06,0x3a,0x02,0x2c,0x00,
    0x00,0x30,0x00,0x06,0xb2,0x13,0x06,0x02,0x00,0x08,0x30,0x00,0x11,0x55,0xb2,0x66,
    0x06,0x1c,0x00,0x0e,0x02,0x00,0x0f,0x12,0x0f,0x0d,0x02,0x76,0x05,0x0e,0x38,0x00,
    0x08,0x02,0x00,0x0f,0x9e,0x04,0x03,0x08,0x02,0x00,0x0e,0xc4,0x01,0x0c,0x02,0x00,
    0x0c,0xc0,0x04,0x02,0x56,0x01,0x04,0x02,0x00,0x0f,0x60,0x02,0x47,0x06,0xb0,0x03,
    0x06,0x0a,0x00,0x0a,0x30,0x02,0x06,0x60,0x02,0x06,0x0a,0x00,0x0a,0x30,0x02,0x06,
    0x30,0x00,0x04,0x3c,0x07,0x02,0x56,0x02,0x06,0xe4,0x00,0x06,0x5e,0x02,0x06,0x0a,
    0x00,0x0a,0x30,0x02,0x0f,0x60,0x02,0x09,0x02,0x02,0x00,0x0a,0x30,0x00,0x02,0x02,
    0x00,0x06,0x60,0x02,0x04,0x32,0x01,0x02,0x0a,0x00,0x06,0x02,0x00,0x0a,0x60,0x02,
    0x0f,0x02,0x00,0x01,0x08,0x30,0x02,0x0f,0x02,0x00,0x3f,0x08,0x32,0x03,0x06,0xc0,
    0x04,0x0f,0x02,0x00,0x71,0x04,0x5c,0x02,0x04,0x00,0x06,0x08,0x02,0x00,0x0f,0xa0,
    0x00,0x1b,0x0c,0x1e,0x07,0x08,0x20,0x07,0x06,0x4a,0x00,0x02,0x0e,0x07,0x02,0x10,
    0x00,0x04,0x08,0x00,0x0a,0x02,0x00,0x3f,0xf5,0xbd,0x16,0x0a,0x81,0x0c,0x3f,0x16,
    0xbe,0x36,0xca,0x7e,0x0c,0x02,0x48,0x02,0x0f,0x02,0x00,0x01,0x2a,0x55,0xb5,0x8e,
    0x01,0x0c,0x24,0x00,0x06,0xde,0x0b,0x0a,0xa8,0x04,0x06,0x02,0x00,0x06,0xde,0x0b,
    0x0f,0x22,0x00,0x05,0x04,0x9a,0x23,0x0f,0x66,0x08,0x07,0x06,0x1c,0x13,0x0f,0x9a,
    0x02,0x05,0x06,0xcc,0x05,0x0f,0x9a,0x02,0x11,0x0f,0x60,0x02,0x87,0x02,0x26,0x01,
    0x02,0x02,0x00,0x08,0x5c,0x02,0x0f,0x1c,0x01,0x07,0x0f,0x02,0x00,0x05,0x0f,0x60,
    0x02,0x07,0x08,0xf0,0x60,0x06,0x86,0x04,0x0c,0x02,0x00,0x02,0x6a,0x06,0x3f,0x00,
    0x00,0x95,0xd4,0x6b,0x04,0x06,0x5c,0x15,0x15,0x75,0xba,0x0b,0x0a,0x02,0x00,0x04,
    0x5c,0x15,0x42,0x71,0xb2,0xf4,0xb4,0xce,0x0b,0x0c,0x02,0x00,0x02,0x6a,0x06,0x08,
    0x8e,0x01,0x0f,0x22,0x00,0x01,0x02,0x5c,0x68,0x2f,0xd4,0xb4,0x62,0x03,0x03,0x04,
    0xca,0x08,0x3f,0xd2,0xb2,0xb4,0x5e,0x0e,0x02,0x04,0x7e,0x09,0x4c,0xf2,0xb2,0xf2,
    0xb2,0x8a,0x4e,0x02,0x02,0x00,0x04,0xc4,0x05,0x35,0x12,0xb3,0x12,0xa2,0x72,0x0a,
    0x02,0x00,0x04,0xc4,0x05,0x08,0x3c,0x0e,0x02,0x2a,0x1a,0x04,0x02,0x00,0x04,0x48,
    0x01,0x02,0x30,0x34,0x08,0xd2,0x00,0x04,0xd4,0x00,0x04,0xfe,0x05,0x06,0x3c,0x0e,
    0x04,0x2a,0x1a,0x04,0x02,0x00,0x04,0x86,0x03,0x06,0x3c,0x0e,0x0c,0x8a,0x1c,0x04,
    0xce,0x05,0x04,0x30,0x34,0x0e,0xd0,0x18,0x04,0x64,0x03,0x06,0xda,0x17,0x0c,0xd0,
    0x18,0x02,0x5c,0x02,0x0f,0xc0,0x04,0x01,0x0f,0x60,0x01,0x03,0x0f,0x02,0x00,0x03,
    0x17,0x51,0x58,0x15,0x04,0x02,0x00,0x02,0x96,0x23,0x02,0x60,0x02,0x06,0x46,0x76,
    0x06,0xde,0x06,0x06,0xc6,0x03,0x08,0x5a,0x1c,0x24,0x31,0xb2,0x56,0x0f,0x0a,0x02,
    0x00,0x31,0x14,0xb5,0x34,0xe2,0x78,0x0f,0x18,0x1a,0x03,0x08,0x90,0x3f,0x0c,0x48,
    0x01,0x06,0x02,0x00,0x0f,0x60,0x02,0x19,0x0f,0x8a,0x1f,0x05,0x06,0x60,0x02,0x0f,
    0x7c,0x3e,0x03,0x08,0x60,0x02,0x0f,0x9c,0x10,0x07,0x04,0x60,0x02,0x0e,0x18,0x1a,
    0x08,0x2a,0x0b,0x0f,0x60,0x02,0xb1,0x11,0x96,0x26,0x40,0x0f,0x60,0x02,0x01,0x0f,
    0xbc,0x05,0x05,0x0f,0x02,0x00,0x01,0x0f,0x60,0x02,0x0d,0x04,0x70,0x03,0x06,0x02,
    0x00,0x04,0xc6,0x03,0x04,0x02,0x00,0x06,0x34,0x09,0x04,0x02,0x00,0x04,0xc6,0x03,
    0x04,0x02,0x00,0x04,0x70,0x03,0x06,0x02,0x00,0x0a,0x56,0x00,0x02,0xc4,0x0b,0x06,
    0x1e,0x00,0x04,0xbe,0x10,0x02,0x0a,0x00,0x06,0xac,0x05,0x08,0xee,0x03,0x0c,0x56,
    0x00,0x04,0xb2,0x03,0x08,0x02,0x00,0x0a,0x14,0x00,0x0a,0x0e,0x00,0x06,0x56,0x00,
    0x02,0x0c,0x00,0x02,0x16,0x0a,0x04,0x0e,0x00,0x06,0x6a,0x00,0x13,0xbd,0x54,0x1f,
    0x02,0x22,0x00,0x0a,0x5a,0x03,0x02,0xf2,0x0b,0x0a,0x6e,0x01,0x06,0x20,0x07,0x04,
    0x02,0x00,0x2f,0xd6,0xbe,0x2a,0x07,0x07,0x06,0x68,0x00,0x06,0xc0,0x04,0x0f,0x02,
    0x00,0x77,0x02,0x5e,0x02,0x0e,0x20,0x07,0x0c,0xf4,0x00,0x0f,0x02,0x00,0x09,0x0f,
    0x60,0x02,0x07,0x02,0x36,0x00,0x0a,0x0a,0x02,0x04,0x40,0x20,0x08,0x68,0x01,0x0f,
    0x60,0x02,0x2f,0x0f,0xfc,0x01,0x01,0x0c,0x56,0x00,0x0f,0x60,0x02,0x0d,0x0f,0xb6,
    0x05,0x01,0x0c,0x52,0x02,0x0a,0x0a,0x02,0x02,0x54,0x00,0x04,0x52,0x02,0x0f,0x56,
    0x2a,0x01,0x0f,0x02,0x00,0x03,0x02,0x2c,0x00,0x04,0x02,0x00,0x0f,0x6c,0x01,0x0f,
    0x0f,0x60,0x02,0xe9,0x2f,0x51,0xb2,0x60,0x02,0x05,0x2f,0x93,0xb3,0xc6,0x0b,0x03,
    0x02,0x62,0x02,0x02,0x62,0x04,0x02,0x0e,0x00,0x0f,0x02,0x00,0x01,0x0e,0xc6,0x03,
    0x0f,0x02,0x00,0x31,0x08,0xf0,0x01,0x0f,0x50,0x00,0x19,0x0f,0x7a,0x28,0x0d,0x2f,
    0x00,0x00,0x6a,0x42,0x09,0x0f,0x02,0x00,0x03,0x0c,0x80,0x00,0x04,0x44,0x0a,0x0f,
    0x02,0x00,0x07,0x02,0xe4,0x07,0x0a,0x20,0x00,0x0a,0x5c,0x00,0x06,0xa4,0x0c,0x0f,
    0x02,0x00,0x05,0x06,0xa4,0x0c,0x0f,0x02,0x00,0x05,0x0f,0xae,0x10,0x0d,0x0c,0x7e,
    0x06,0x0e,0x02,0x00,0x08,0x7e,0x06,0x02,0xc2,0x04,0x02,0xd6,0x0b,0x06,0x02,0x00,
    0x0f,0x54,0x03,0x0f,0x04,0x02,0x00,0x0f,0x60,0x02,0x05,0x71,0xd1,0xb2,0xf5,0xbd,
    0x95,0xbd,0x13,0x48,0x82,0x04,0x2c,0x00,0x0a,0x02,0x00,0x84,0x16,0xbe,0x16,0xbe,
    0x35,0xb5,0x33,0xb4,0xde,0x0b,0x0e,0x02,0x00,0x71,0x36,0xbe,0x36,0xbe,0xd4,0xb4,
    0x53,0xb8,0xc1,0x0e,0x1e,0x00,0x04,0xb6,0x04,0x11,0x74,0x38,0x74,0x2f,0x34,0xb5,
    0x4e,0x27,0x03,0x51,0x76,0xbe,0xd5,0xbd,0x94,0x2c,0x6f,0x0f,0x40,0x0e,0x05,0x51,
    0x96,0xbe,0x75,0xbd,0xb4,0x22,0x00,0x2f,0x75,0xb5,0x7c,0x09,0x03,0x51,0xb6,0xbe,
    0xf4,0xb4,0xd4,0x06,0x17,0x08,0x54,0x7b,0x06,0x02,0x00,0x0a,0xe4,0x01,0x0f,0x02,
    0x00,0x19,0x06,0x44,0x00,0x02,0x14,0x4f,0x11,0x55,0xea,0x18,0x08,0x7c,0x09,0x08,
    0x02,0x00,0x02,0xde,0x21,0x42,0xf5,0xbd,0xf5,0xbd,0xdc,0x0b,0x0e,0x32,0x05,0x01,
    0x1e,0x77,0x01,0x8a,0x16,0x04,0x0c,0x40,0x0a,0x02,0x00,0x02,0x42,0x0a,0x66,0xf5,
    0xbd,0x36,0xbe,0x36,0xbe,0xdc,0x0b,0x08,0x02,0x00,0x02,0x44,0x0a,0x02,0xb8,0x05,
    0x06,0xba,0x0b,0x08,0x02,0x00,0x02,0x60,0x02,0x02,0xb8,0x05,0x0f,0x22,0x00,0x03,
    0x02,0x60,0x02,0x02,0x10,0x06,0x0f,0x60,0x02,0x07,0x0c,0x0c,0x06,0x0f,0x02,0x00,
    0x01,0x2f,0x51,0xb2,0x60,0x02,0x05,0x9d,0xd2,0xb2,0xf5,0xbd,0xb5,0xbd,0x95,0xbd,
    0x55,0xa0,0x70,0x04,0x02,0x00,0xce,0x16,0xbe,0x16,0xbe,0xd5,0xbd,0xb5,0xbd,0x34,
    0xb5,0xf4,0xb4,0x5e,0x68,0x04,0x60,0x02,0x51,0xb5,0xbd,0xd5,0xbd,0x35,0xde,0x0b,
    0x2e,0x51,0xb2,0xf6,0x25,0x91,0x56,0xbe,0x56,0xbe,0x75,0xb5,0xf5,0xbd,0x35,0x54,
    0xde,0x0f,0xde,0x0b,0x01,0xd9,0x76,0xbe,0x16,0xbe,0x75,0xbd,0xd5,0xbd,0x55,0xb5,
    0x55,0xb5,0x91,0x90,0x27,0x02,0x64,0x00,0x41,0x00,0x00,0x96,0xbe,0x32,0x01,0x0f,
    0x60,0x02,0x0a,0x51,0xd4,0xb4,0xb5,0xbd,0xb5,0x10,0xaf,0x0c,0xdc,0x0b,0x0a,0x4e,
    0x02,0x24,0xdf,0xff,0xf0,0x14,0x04,0x5e,0x00,0x02,0x02,0x00,0x02,0x26,0x00,0x4c,
    0x99,0xd6,0x1b,0xe7,0x36,0x2f,0x06,0x2a,0x00,0x42,0x34,0xb5,0x34,0xb5,0x06,0x66,
    0x0f,0x60,0x02,0x09,0x02,0x5a,0x7b,0x0f,0x60,0x02,0x07,0x31,0x55,0xb5,0xf5,0x86,
    0x0f,0x0f,0x60,0x02,0x03,0x02,0x62,0x02,0x02,0x78,0x2f,0x0f,0x60,0x02,0x0f,0x06,
    0x3c,0x0e,0x08,0x02,0x00,0x01,0x2e,0x01,0x0f,0x60,0x02,0x16,0x2f,0xd3,0xb3,0x80,
    0x09,0x05,0x0f,0x60,0x02,0x2b,0x02,0x70,0x10,0x3f,0x95,0xbd,0x95,0x60,0x02,0x06,
    0x02,0x28,0x07,0x3f,0xb5,0xbd,0xb5,0x4e,0x5b,0x00,0x06,0x02,0x00,0x6f,0xd5,0xbd,
    0xd5,0xbd,0xb5,0xbd,0xc0,0x04,0x05,0x04,0xb2,0x1c,0x11,0x75,0x60,0x02,0x0f,0x02,
    0x00,0x05,0x4f,0x16,0xbe,0x16,0xbe,0xc0,0x04,0x07,0x02,0xca,0x02,0x2f,0x16,0xbe,
    0x60,0x02,0x07,0x02,0xc8,0x02,0x2c,0x16,0xbe,0xc0,0x04,0x02,0x36,0x02,0x04,0x02,
    0x00,0x55,0xbe,0xf7,0xfb,0xde,0x95,0xe2,0x1c,0x02,0x58,0x00,0x02,0x02,0x00,0x04,
    0x22,0x00,0x02,0xca,0x02,0x3b,0x00,0x00,0x3d,0x9a,0x31,0x04,0x2e,0x00,0x4f,0xb6,
    0xbe,0xb6,0xbe,0x60,0x02,0x09,0x51,0x00,0x00,0xd6,0xbe,0x96,0xb8,0x78,0x0f,0x60,
    0x02,0x05,0x02,0x76,0x08,0x0f,0xf8,0x78,0x09,0x02,0xee,0x00,0x28,0x36,0xbe,0x9c,
    0x10,0x0f,0x02,0x00,0x4b,0x0f,0x60,0x02,0x4b,0x02,0x6a,0x09,0x08,0x02,0x00,0x22,
    0x16,0xbe,0x02,0x01,0x06,0x60,0x02,0x02,0x0c,0x00,0x06,0x02,0x00,0x02,0x00,0x01,
    0x02,0x02,0x00,0x0e,0x78,0x18,0x04,0xf0,0x01,0x02,0x0a,0x00,0x02,0x40,0x0c,0x04,
    0x0c,0x00,0x06,0x02,0x00,0x02,0x60,0x03,0x02,0x02,0x00,0x06,0x70,0x00,0x04,0xea,
    0x01,0x48,0xff,0xff,0xff,0xff,0x84,0x11,0x08,0x0c,0x18,0x0f,0x02,0x00,0x17,0x02,
    0x48,0x00,0x02,0x02,0x00,0x06,0x36,0x00,0x02,0x10,0x00,0x0f,0x12,0x00,0x0b,0x06,
    0x26,0x00,0x04,0x02,0x00,0x06,0x40,0x00,0x0f,0x02,0x00,0x1b,0x04,0x40,0x00,0x02,
    0x02,0x00,0x0f,0x3c,0x00,0x1b,0x0f,0x02,0x00,0x53,0x0f,0x60,0x02,0x07,0x0f,0xc2,
    0x04,0x0d,0x02,0x1e,0x07,0x0f,0xe0,0x0b,0x03,0x0f,0xbc,0x00,0x07,0x08,0x60,0x02,
    0x0f,0x02,0x00,0x03,0x08,0x60,0x02,0x0f,0x02,0x00,0x03,0x02,0x20,0x08,0x0f,0x02,
    0x00,0x09,0x08,0x60,0x02,0x06,0x02,0x00,0x02,0x86,0x01,0x02,0x02,0x00,0x02,0x20,
    0x08,0x0f,0x02,0x00,0x09,0x0f,0x00,0x01,0x0d,0x02,0x48,0x00,0x0c,0xd6,0x01,0x0e,
    0x16,0x00,0x0e,0x12,0x00,0x02,0x02,0x00,0x04,0x18,0x00,0x02,0x02,0x00,0x02,0x14,
    0x00,0x0f,0x02,0x00,0x1d,0x02,0x3c,0x00,0x04,0x02,0x00,0x0f,0x3e,0x00,0x1d,0x0f,
    0x02,0x00,0x53,0x0f,0xe0,0x0b,0x03,0x0f,0x60,0x02,0x29,0x06,0xb8,0x00,0x0e,0xde,
    0x0b,0x06,0x4e,0x04,0x08,0xbc,0x17,0x08,0x02,0x00,0x0a,0x60,0x02,0x02,0x26,0x1e,
    0x0a,0x02,0x00,0x0a,0x60,0x02,0x1f,0x34,0x1e,0x07,0x0a,0x04,0x58,0x2f,0x0c,0x36,
    0x04,0x02,0x1a,0x00,0x02,0x02,0x00,0x02,0x3a,0x0b,0x0f,0x58,0x15,0x05,0x02,0xb8,
    0x08,0x4a,0x3c,0xe7,0xbe,0xf7,0x58,0x15,0x02,0xd6,0x01,0x02,0x20,0x00,0x02,0x1a,
    0x0b,0x35,0x53,0xb4,0xf2,0xe4,0x09,0x04,0x18,0x00,0x06,0x28,0x00,0x0a,0x30,0x87,
    0x02,0x02,0x00,0x02,0x44,0x00,0x02,0x02,0x00,0x02,0xae,0x05,0x0a,0x64,0x55,0x0c,
    0x02,0x00,0x04,0xde,0x0b,0x04,0x18,0x00,0x02,0x3a,0x00,0x04,0x02,0x00,0x04,0x20,
    0x07,0x0a,0x64,0x55,0x0c,0x02,0x00,0x02,0x1e,0x07,0x0c,0x16,0x00,0x08,0x02,0x00,
    0x06,0x1e,0x06,0x0f,0x02,0x00,0x31,0x0f,0x60,0x02,0x47,0x04,0xf4,0x35,0x02,0x96,
    0x0c,0x0f,0xac,0x00,0x01,0x02,0x54,0x38,0x22,0x31,0xb2,0x8a,0x09,0x0f,0x22,0x00,
    0x01,0x73,0x14,0xb5,0x14,0xb5,0xb3,0xb3,0x51,0xae,0x8f,0x0f,0x22,0x00,0x01,0x71,
    0x34,0xb5,0x34,0xb5,0x71,0xb2,0x71,0xae,0x8f,0x0f,0x20,0x00,0x01,0x02,0x54,0x38,
    0x2f,0x91,0xb2,0xe0,0x0b,0x03,0x04,0x80,0x02,0x51,0xd4,0xb4,0xb1,0xb2,0xb1,0xfc,
    0x64,0x02,0x14,0x00,0x0a,0x02,0x00,0x02,0xb8,0x0b,0x4a,0x99,0xdd,0xd2,0xb2,0xdc,
    0x02,0x06,0x02,0x00,0x04,0x60,0x02,0x04,0x62,0x02,0x04,0x1a,0x00,0x06,0xfc,0x01,
    0x8a,0xb5,0xbd,0xb5,0xbd,0xb3,0xb3,0x12,0xb3,0x38,0x1f,0x04,0x20,0x00,0xac,0xff,
    0xff,0xff,0xff,0x37,0xc6,0xd5,0xbd,0xb3,0xb3,0xfe,0x65,0x06,0x02,0x00,0x02,0x4c,
    0x14,0x08,0x0c,0x40,0x02,0x38,0x00,0x04,0x02,0x00,0x02,0xbe,0x03,0x2f,0x75,0xb5,
    0x60,0x02,0x09,0x6f,0x36,0xbe,0x36,0xbe,0x35,0xb5,0xde,0x0b,0x03,0x02,0x02,0x00,
    0x6f,0x56,0xbe,0x56,0xbe,0x94,0xb4,0x56,0x28,0x09,0x4f,0x76,0xbe,0x76,0xbe,0x3c,
    0x0e,0x03,0x04,0x02,0x00,0x73,0x96,0xbe,0x96,0xbe,0xd3,0xb3,0xd3,0xc0,0xc5,0x06,
    0x9a,0x10,0x02,0x02,0x00,0x02,0xbe,0x04,0x0f,0xc2,0x04,0x0b,0x04,0x1e,0x07,0x0f,
    0x20,0x07,0x01,0x04,0x66,0x00,0x08,0x60,0x02,0x2f,0xd5,0xbd,0xf0,0x12,0x01,0x02,
    0x60,0x02,0x02,0x7c,0x01,0x04,0xc0,0x25,0x0a,0x02,0x00,0x04,0x7e,0x1c,0x5f,0xd5,
    0xbd,0xd5,0xbd,0x36,0xea,0x79,0x02,0x08,0x60,0x02,0x0f,0xdc,0x5f,0x01,0x0f,0x60,
    0x02,0x13,0x91,0x14,0xb5,0xb1,0xb2,0x74,0xb4,0x36,0xbe,0x36,0xca,0x25,0x0a,0x02,
    0x00,0x04,0xc0,0x01,0x5f,0xdf,0xff,0x75,0xb5,0x56,0x84,0x00,0x02,0x02,0x60,0x02,
    0x73,0x13,0xb4,0xf2,0xb2,0xb5,0xbd,0xbe,0xc0,0x0b,0x02,0x44,0x00,0x04,0x3c,0x00,
    0x02,0xe4,0x00,0x4e,0x72,0xb3,0x12,0xb3,0x9a,0x07,0x04,0x24,0x00,0x8f,0xdf,0xff,
    0x58,0xce,0x32,0xb3,0x32,0xb3,0x7a,0x01,0x05,0x51,0xf5,0xbd,0xf5,0xbd,0x95,0x9e,
    0x10,0x04,0x74,0x15,0x04,0x3a,0x00,0x02,0x02,0x00,0x02,0x60,0x02,0x1f,0x95,0x60,
    0x02,0x0e,0x1f,0x55,0x60,0x02,0x0e,0x0f,0x3c,0x0e,0x03,0x02,0x02,0x00,0x02,0xde,
    0x2b,0x0f,0x60,0x02,0x09,0x4f,0xd2,0xb2,0xb4,0xb4,0x60,0x02,0x47,0x02,0x86,0x00,
    0x08,0x02,0x00,0x02,0xd8,0x29,0x0f,0x60,0x02,0x01,0x04,0x02,0x00,0x13,0xb5,0xb0,
    0x3e,0x04,0x10,0x00,0x0e,0x02,0x00,0x4f,0xd5,0xbd,0xd5,0xbd,0xdc,0x01,0x05,0x02,
    0x02,0x00,0x33,0xf5,0xbd,0xf5,0x38,0x0f,0x0f,0x02,0x00,0x05,0x02,0x86,0x01,0x02,
    0x02,0x00,0x0f,0x24,0x00,0x03,0x0f,0x60,0x02,0x0b,0x7f,0xff,0xff,0xff,0xff,0x56,
    0xbe,0x56,0xb0,0x19,0x08,0x08,0x66,0x00,0x0f,0x0e,0x00,0x01,0x0f,0x02,0x00,0x05,
    0x02,0x5c,0x00,0x0e,0xce,0x09,0x0a,0x02,0x00,0x0a,0xea,0x1e,0x08,0x6c,0x00,0x02,
    0x02,0x00,0x0f,0xa2,0x1d,0x07,0x04,0x02,0x00,0x0f,0xc4,0x11,0x01,0x0a,0x02,0x00,
    0x04,0x38,0x1e,0x0f,0x02,0x00,0x07,0x0f,0x26,0x14,0x03,0x08,0x02,0x00,0x0c,0xc6,
    0x11,0x02,0xb6,0x04,0x06,0x02,0x00,0x02,0xbc,0x04,0x0f,0x46,0x03,0x05,0x02,0x02,
    0x00,0x0f,0xc0,0x04,0x07,0x02,0x20,0x00,0x0c,0x02,0x00,0x0f,0x60,0x02,0x0b,0x0f,
    0x02,0x00,0x53,0x02,0x86,0x01,0x02,0x02,0x00,0x0f,0x72,0x00,0x17,0x02,0x30,0x00,
    0x06,0x02,0x00,0x0f,0x3a,0x00,0x0d,0x04,0x2a,0x00,0x02,0x28,0x00,0x0a,0x0e,0x00,
    0x0f,0x02,0x00,0x07,0x04,0x28,0x00,0x04,0x38,0x00,0x0f,0x02,0x00,0x13,0x06,0x36,
    0x00,0x0f,0x3a,0x00,0x13,0x0f,0x60,0x02,0x63,0x0c,0x62,0x02,0x02,0x5c,0x02,0x02,
    0x02,0x00,0x0f,0xe8,0x00,0x05,0x0f,0x60,0x02,0x1d,0x2c,0x00,0x00,0xde,0x6e,0x0c,
    0x02,0x00,0x3f,0x33,0xb4,0x33,0x86,0x3b,0x0c,0x0f,0xaa,0x42,0x23,0x02,0xfc,0x12,
    0x0c,0xee,0x03,0x02,0x12,0x00,0x02,0x02,0x00,0x06,0x22,0x00,0x02,0xa8,0x42,0x0a,
    0x5e,0x23,0x02,0xbc,0x01,0x06,0x02,0x00,0x0f,0x2e,0x1a,0x03,0x06,0x8c,0x11,0x04,
    0x2a,0x00,0x02,0x5c,0x00,0x06,0x0e,0x00,0x15,0xb5,0xac,0x84,0x04,0xf4,0x07,0x0a,
    0x02,0x00,0x04,0x2a,0x00,0x22,0xff,0xff,0xf4,0x07,0x0e,0x9c,0x2f,0x08,0x02,0x00,
    0x02,0x2e,0x1a,0x06,0x34,0x00,0x02,0x38,0x00,0x08,0x02,0x00,0x02,0xb6,0x0c,0x08,
    0x12,0x00,0x0c,0x02,0x00,0x02,0xd0,0x17,0x0c,0x16,0x00,0x08,0x02,0x00,0x0f,0x3a,
    0x0b,0x07,0x02,0x02,0x00,0x0f,0x38,0x0b,0x07,0x04,0x02,0x00,0x11,0xd5,0x02,0x2f,
    0x06,0xbc,0x04,0x04,0x4e,0x2e,0x04,0x02,0x00,0x04,0x28,0x00,0x0a,0x02,0x00,0x06,
    0x5e,0x02,0x0c,0x80,0x09,0x08,0x28,0x00,0x35,0xd4,0xb4,0xd4,0x8e,0x31,0x1d,0x13,
    0x60,0x71,0x04,0x7e,0x09,0x04,0x30,0x0e,0x0f,0x60,0x02,0x01,0x64,0x14,0xb5,0x14,
    0xb5,0x74,0xb4,0x18,0x07,0x0f,0x60,0x02,0x01,0x42,0x34,0xb5,0x34,0xb5,0x26,0x16,
    0x0f,0xb6,0x55,0x05,0x88,0x55,0xb5,0x55,0xb5,0x72,0xb3,0x96,0xbe,0xc2,0x01,0x04,
    0xfe,0x01,0x04,0xde,0x0b,0x15,0x75,0x54,0x71,0x0c,0xb6,0x55,0x02,0xba,0x01,0x62,
    0xff,0xff,0x38,0xce,0xd7,0xd4,0x0c,0x00,0x42,0x5d,0xf7,0x76,0xc5,0x3a,0x00,0x06,
    0x02,0x00,0x02,0x76,0x71,0x04,0x96,0x23,0x02,0x28,0x00,0x02,0x1e,0x00,0x04,0x0c,
    0x00,0x53,0xb5,0xbd,0xb5,0xbd,0xb4,0xdc,0x71,0x0f,0x60,0x02,0x03,0x33,0xd5,0xbd,
    0x7d,0x6c,0x21,0x2f,0xff,0xff,0x8e,0x1c,0x03,0x53,0xf5,0xbd,0xf5,0xbd,0xd3,0x3e,
    0x0e,0x0f,0x60,0x02,0x03,0x44,0x16,0xbe,0xf5,0xbd,0xc4,0x57,0x0f,0x60,0x02,0x03,
    0x02,0x7e,0x09,0x02,0x9c,0x00,0x0f,0x60,0x02,0x03,0x35,0x56,0xbe,0xd4,0xde,0x0b,
    0x11,0x95,0xee,0x8e,0x02,0x2e,0x00,0x06,0x02,0x00,0x24,0x76,0xbe,0x0a,0x04,0x0f,
    0x60,0x02,0x03,0x02,0xde,0x0b,0x02,0x30,0x00,0x0f,0x60,0x02,0x3b,0x28,0xd2,0xb2,
    0x10,0x03,0x08,0x60,0x02,0x02,0x02,0x00,0x0a,0x10,0x03,0x02,0xde,0x0b,0x04,0x60,
    0x02,0x02,0x02,0x00,0x0a,0xb2,0x00,0x02,0x36,0x76,0x04,0x60,0x02,0x02,0x02,0x00,
    0x0a,0x74,0x15,0x6a,0x34,0xb5,0x34,0xb5,0xb4,0xb4,0xf0,0x12,0x06,0x6a,0x26,0x04,
    0x40,0x02,0x11,0x94,0x34,0x28,0x02,0xec,0x01,0x02,0x02,0x00,0x06,0x0e,0x0a,0x02,
    0x88,0x01,0x31,0xd3,0xb3,0xb6,0x82,0x31,0x04,0x02,0x00,0x19,0x36,0x90,0x02,0x62,
    0x9e,0xf7,0x75,0xbd,0x52,0xb3,0x3a,0x00,0x04,0x02,0x00,0x04,0x2a,0x00,0x04,0xde,
    0x0b,0x2f,0x55,0xbd,0x60,0x02,0x0d,0x06,0x3c,0x74,0x0f,0x76,0x11,0x01,0x53,0xd5,
    0xbd,0xd5,0xbd,0xbe,0x5d,0x00,0x02,0xd8,0x00,0x02,0x5c,0x00,0x06,0x02,0x00,0x35,
    0xf5,0xbd,0xf5,0xd2,0x89,0x0f,0x60,0x02,0x05,0x2f,0x16,0xbe,0x60,0x02,0x0d,0x19,
    0x95,0x60,0x02,0x06,0x5e,0x00,0x04,0x02,0x00,0x24,0x56,0xbe,0x26,0x5a,0x02,0xb0,
    0x01,0x04,0x18,0x00,0x06,0x02,0x00,0x26,0x76,0xbe,0xd0,0x48,0x0a,0x0c,0x23,0x02,
    0x02,0x00,0x08,0x60,0x02,0x02,0xd8,0x00,0x02,0x14,0x00,0x04,0x02,0x00,0x04,0xbc,
    0x04,0x02,0x02,0x00,0x02,0x34,0x00,0x0a,0x02,0x00,0x0f,0xc0,0x04,0x05,0x2c,0x33,
    0xb4,0xb2,0x00,0x0a,0x78,0x09,0x0a,0x60,0x02,0x02,0x02,0x00,0x0f,0x60,0x02,0x09,
    0x02,0x02,0x00,0x0a,0x90,0x11,0x02,0x12,0x03,0x02,0x1a,0x00,0x0f,0x02,0x00,0x03,
    0x0a,0x60,0x02,0x06,0x02,0x00,0x03,0xbd,0x01,0x47,0xff,0xff,0xff,0xdf,0x60,0x02,
    0x02,0xac,0x01,0x06,0x26,0x00,0x02,0x44,0x19,0x33,0x97,0xc6,0xde,0x08,0x0e,0x62,
    0xff,0xff,0xff,0xff,0x7d,0xef,0xd8,0x00,0x02,0x0e,0x00,0x02,0x02,0x00,0x42,0x9d,
    0xef,0x1a,0xdf,0x2e,0x00,0x02,0x8a,0x01,0x02,0x08,0x00,0x06,0x88,0x07,0x02,0xf4,
    0x02,0x02,0x2c,0x00,0x02,0xae,0x18,0x02,0x1e,0x00,0x06,0x02,0x00,0x0f,0x4a,0x0e,
    0x07,0x02,0x32,0x00,0x02,0x34,0x1a,0x06,0x30,0x00,0x0e,0x02,0x00,0x02,0x5e,0x00,
    0x04,0x02,0x00,0x0e,0x20,0x00,0x0f,0x02,0x00,0x77,0x04,0x5c,0x02,0x04,0x6e,0x35,
    0x06,0x02,0x00,0x0e,0xa4,0x00,0x08,0x5e,0x02,0x0a,0x20,0x07,0x22,0x75,0xbd,0x88,
    0x01,0x0f,0x02,0x00,0x05,0x0f,0x60,0x02,0x01,0x0a,0x02,0x00,0x0a,0xc0,0x04,0x0f,
    0x02,0x00,0x01,0x0f,0x60,0x02,0x3f,0x0e,0x02,0x00,0x08,0x5c,0x02,0x0a,0xb8,0x01,
    0x04,0xcc,0x01,0x02,0x02,0x00,0x0e,0x3a,0x00,0x0f,0x60,0x02,0x03,0x0f,0x2a,0x00,
    0x03,0x0e,0x60,0x02,0x08,0x60,0x00,0x02,0x4c,0x00,0x0f,0x80,0x01,0x01,0x06,0x02,
    0x00,0x02,0x86,0x00,0x04,0x02,0x00,0x06,0x18,0x00,0x0f,0x02,0x00,0x7f,0x02,0x5a,
    0x02,0x02,0x02,0x00,0x06,0x5c,0x02,0x0f,0x44,0x0e,0x03,0x0f,0x60,0x02,0x07,0x06,
    0xd8,0x00,0x0a,0xb8,0x04,0x0f,0x02,0x00,0x01,0x0a,0xb8,0x04,0x0f,0x02,0x00,0x51,
    0x04,0x88,0x01,0x0f,0xf0,0x01,0x05,0x06,0x02,0x00,0x02,0x24,0x00,0x02,0x02,0x00,
    0x06,0x16,0x00,0x02,0x02,0x00,0x02,0x16,0x00,0x02,0x02,0x00,0x02,0x12,0x00,0x0c,
    0x02,0x00,0x08,0x1c,0x00,0x02,0x0c,0x00,0x0f,0x2a,0x00,0x05,0x0f,0x02,0x00,0x01,
    0x0f,0x32,0x00,0x19,0x04,0x2c,0x00,0x02,0x02,0x00,0x0f,0x4e,0x00,0x01,0x0f,0x02,
    0x00,0x75,0x02,0x5a,0x02,0x02,0x02,0x00,0x02,0x58,0x02,0x04,0x02,0x00,0x0e,0xa2,
    0x00,0x0f,0x60,0x02,0x15,0x3f,0x34,0xb5,0xd4,0x12,0x0e,0x08,0x44,0x36,0xbe,0x16,
    0xbe,0xa4,0x3a,0x0f,0x02,0x00,0x03,0x3f,0x56,0xbe,0xf5,0x3c,0x21,0x0a,0x02,0xf4,
    0x3a,0x0e,0xa8,0x08,0x08,0x02,0x00,0x13,0x96,0x3c,0x21,0x0a,0x1c,0x04,0x08,0x8c,
    0x01,0x31,0x56,0xbe,0xf4,0x86,0xa3,0x08,0x02,0x00,0x02,0xb0,0x01,0x04,0x02,0x00,
    0x35,0x17,0xce,0xf4,0xf8,0x07,0x04,0x14,0x00,0x02,0x02,0x00,0x04,0x34,0x00,0x46,
    0xf4,0xb4,0x14,0xb5,0x00,0x07,0x08,0x1c,0x00,0x02,0x0c,0x00,0x3f,0xff,0xff,0x14,
    0xc6,0x1a,0x0c,0x02,0xc8,0x26,0x0a,0xa6,0x00,0x04,0x5e,0x00,0x02,0x02,0x00,0x02,
    0xc0,0x9f,0x02,0x0c,0x00,0x04,0x02,0x00,0x04,0x5e,0x00,0x02,0x02,0x00,0x31,0xf4,
    0xb4,0x75,0xcc,0x24,0x0f,0x02,0x00,0x07,0x35,0x34,0xb5,0x14,0x48,0x41,0x0f,0x02,
    0x00,0x03,0x33,0x35,0xb5,0x95,0xf4,0x7e,0x0f,0x02,0x00,0x05,0x15,0x55,0xba,0x3e,
    0x0f,0x02,0x00,0x05,0x3d,0xf4,0xb4,0x35,0xc2,0x80,0x08,0x62,0x02,0x04,0x5a,0x02,
    0x04,0x02,0x00,0x0c,0x48,0x00,0x0f,0x60,0x02,0x13,0x2f,0xb5,0xbd,0xca,0x0f,0x03,
    0x04,0x02,0x00,0x31,0x36,0xbe,0x95,0x56,0x9c,0x04,0x10,0x00,0x0e,0x02,0x00,0x3f,
    0x56,0xbe,0x55,0x30,0x01,0x0c,0x22,0x16,0xbe,0xfc,0x25,0x0f,0x02,0x00,0x07,0x02,
    0xfc,0x25,0x02,0x20,0x00,0x02,0x86,0x01,0x02,0x02,0x00,0x02,0x12,0x00,0x04,0x7e,
    0x09,0x0e,0xc8,0x0f,0x02,0x26,0x00,0x04,0x02,0x00,0x22,0x3c,0xe7,0xf8,0x07,0x04,
    0x10,0x00,0x02,0x02,0x00,0x02,0x40,0x00,0x02,0x7e,0x09,0x08,0xe8,0x0a,0x08,0x1e,
    0x00,0x02,0x0c,0x00,0x2f,0xdf,0xff,0xf8,0x07,0x0d,0x08,0xf6,0x07,0x02,0x34,0x00,
    0x08,0x60,0x00,0x04,0x2a,0x22,0x0c,0x02,0x1b,0x04,0x2a,0x00,0x02,0x02,0x00,0x08,
    0x9c,0x22,0x0f,0x02,0x00,0x03,0x02,0xfc,0x25,0x0f,0x1c,0x00,0x03,0x02,0x02,0x00,
    0x0a,0x4c,0x0d,0x0f,0x02,0x00,0x01,0x02,0x58,0x0a,0x0f,0x02,0x00,0x09,0x0f,0xf8,
    0x07,0x01,0x02,0x16,0x00,0x02,0x02,0x00,0x04,0x58,0x02,0x04,0x02,0x00,0x0a,0x4c,
    0x00,0x0a,0x5e,0x02,0x08,0x80,0x09,0x0a,0x28,0x00,0x0f,0x5e,0x02,0x0b,0x04,0xa0,
    0x10,0x02,0x0a,0x00,0x0f,0x02,0x00,0x05,0x0f,0x68,0x0d,0x01,0x0a,0x02,0x00,0x0f,
    0x28,0x12,0x13,0x02,0x34,0x00,0x02,0x86,0x01,0x02,0x02,0x00,0x02,0x12,0x00,0x0f,
    0x60,0x02,0x07,0x0a,0x4a,0x04,0x4f,0xff,0xff,0x7d,0xef,0x40,0x00,0x05,0x02,0x60,
    0x02,0x0e,0xe0,0x0b,0x02,0x1a,0x00,0x02,0x6e,0x00,0x11,0xff,0x60,0x02,0x02,0x12,
    0x00,0x0f,0x02,0x00,0x05,0x06,0x18,0x0f,0x04,0x34,0x00,0x0c,0x2a,0x00,0x0f,0x60,
    0x02,0x0d,0x0f,0x96,0x08,0x0f,0x0f,0x94,0x08,0x11,0x0a,0x4e,0x0d,0x0f,0x02,0x00,
    0x37,0x02,0x5c,0x02,0x0e,0xe0,0x0b,0x0f,0x60,0x02,0x25,0x0f,0x02,0x00,0x7f,0x04,
    0xb8,0x01,0x0e,0x1c,0x04,0x0f,0x02,0x00,0x07,0x02,0x2e,0x00,0x02,0x32,0x00,0x02,
    0x08,0x00,0x0e,0xf8,0x01,0x0a,0x02,0x00,0x0c,0x26,0x00,0x02,0x10,0x00,0x0a,0x24,
    0x00,0x0f,0x02,0x00,0x0d,0x02,0x34,0x00,0x0f,0x36,0x00,0x0f,0x04,0x28,0x00,0x02,
    0x02,0x00,0x0f,0x56,0x00,0x0d,0x0f,0x02,0x00,0x6b,0x02,0x5c,0x02,0x0f,0x60,0x02,
    0x2d,0x02,0xa4,0x05,0x0f,0xba,0x13,0x03,0x02,0x02,0x00,0x02,0x44,0x03,0x0f,0x4a,
    0x0e,0x09,0x02,0xa4,0x05,0x0f,0x52,0x06,0x09,0x02,0xa4,0x05,0x08,0x54,0x06,0x0c,
    0x02,0x00,0x02,0xa4,0x05,0x0a,0xf2,0x03,0x02,0x86,0x01,0x02,0x02,0x00,0x02,0x9a,
    0x0d,0x02,0xae,0x00,0x0c,0x3c,0x00,0x08,0x02,0x00,0x3b,0x36,0xbe,0xfa,0xd4,0x5c,
    0x08,0x1e,0x00,0x04,0xae,0x00,0x08,0xf4,0x03,0x02,0x60,0x00,0x06,0x28,0x00,0x0c,
    0x10,0x00,0x0f,0x02,0x00,0x01,0x1b,0x96,0x8a,0x0a,0x0e,0x34,0x00,0x08,0x36,0x21,
    0x06,0x02,0x00,0x04,0x28,0x00,0x64,0xff,0xff,0xff,0xff,0xdf,0xff,0xfa,0x12,0x0f,
    0x02,0x00,0x85,0x02,0x5e,0x02,0x0f,0x20,0x07,0x2b,0x02,0xb2,0x01,0x02,0x60,0x02,
    0x0f,0xde,0x0b,0x03,0x02,0x04,0x08,0x5f,0x95,0xbd,0x95,0xbd,0x75,0x1c,0x2d,0x04,
    0x02,0xb0,0x01,0x02,0xf4,0x2e,0x0f,0xe0,0x0b,0x03,0x06,0x60,0x02,0x0f,0x1c,0x2d,
    0x05,0x06,0x60,0x02,0x06,0xfe,0x19,0x02,0x88,0x01,0x02,0x02,0x00,0x06,0x60,0x02,
    0x24,0x15,0xbe,0x40,0x07,0x0c,0x02,0x00,0x22,0xd6,0xbe,0xae,0x00,0x15,0x9d,0x58,
    0x17,0x08,0x38,0x02,0x04,0x02,0x00,0x57,0xd5,0xbd,0x56,0xbe,0x55,0xd4,0xec,0x02,
    0x26,0x00,0x0c,0x60,0x02,0x2f,0x5d,0xef,0x20,0x07,0x07,0x86,0x14,0xb5,0xf5,0xbd,
    0xb5,0xbd,0x55,0xb5,0xd6,0x13,0x0c,0x44,0x00,0x68,0x34,0xb5,0x95,0xbd,0x94,0xb4,
    0x84,0x07,0x02,0x02,0x00,0x04,0x28,0x00,0x8f,0xff,0xff,0xff,0xff,0x5d,0xef,0x13,
    0xb4,0x2c,0x03,0x09,0x66,0x55,0xb5,0x33,0xb4,0x33,0xb4,0x7e,0x09,0x0c,0xd0,0x08,
    0x75,0x75,0xbd,0x75,0xbd,0x53,0xb4,0xb4,0x02,0x3f,0x0e,0xea,0x1e,0x55,0x95,0xbd,
    0x95,0xbd,0x33,0xdc,0x17,0x0f,0xea,0x1e,0x01,0x48,0xb5,0xbd,0xb5,0xbd,0x08,0x1c,
    0x0a,0xea,0x1e,0x0f,0x60,0x02,0x05,0x0a,0x22,0x07,0x0f,0x80,0x09,0x05,0x02,0xf2,
    0x00,0x02,0x98,0x10,0x5b,0x33,0xb4,0x34,0xbd,0xf4,0x5c,0xaf,0x04,0x02,0x00,0x02,
    0xc0,0x04,0x4f,0x74,0xb4,0x55,0xbd,0x3c,0x34,0x07,0x02,0x62,0x9a,0x2f,0x75,0xbd,
    0x80,0x09,0x09,0x11,0x53,0x7e,0xb1,0x0f,0x80,0x09,0x09,0x48,0x74,0xb4,0x94,0xb4,
    0x1e,0xb4,0x02,0x88,0x01,0x02,0x02,0x00,0x04,0x64,0x00,0x37,0xd4,0xb4,0x75,0x8a,
    0x82,0x0e,0x02,0x00,0x62,0xb4,0xb4,0x14,0xb5,0xf7,0xc5,0x34,0x00,0x08,0x36,0x02,
    0x04,0x02,0x00,0x66,0xd4,0xb4,0xd4,0xb4,0x34,0xbd,0x7e,0x1c,0x06,0x66,0x00,0x04,
    0x22,0x00,0x02,0xb0,0x23,0x2f,0xbe,0xf7,0x60,0x02,0x09,0x13,0x14,0xdc,0x31,0x04,
    0x34,0x00,0x04,0x46,0x00,0x04,0x10,0x00,0x48,0x34,0xb5,0x34,0xb5,0xc2,0x43,0x04,
    0x4a,0x21,0x02,0x94,0x00,0x02,0x02,0x00,0x28,0x5d,0xef,0xe2,0x97,0x0c,0x0e,0x33,
    0x02,0xa6,0x18,0x02,0x7c,0x01,0x0f,0xea,0x1e,0x03,0x02,0xdc,0x8e,0x02,0xdc,0x03,
    0x0a,0xc4,0xb4,0x04,0x02,0x00,0x02,0x14,0x04,0x02,0xdc,0x03,0x0f,0x60,0x02,0x07,
    0x04,0xc4,0x4a,0x0f,0x60,0x02,0x23,0x11,0x31,0x34,0x34,0x08,0x02,0x00,0x13,0x71,
    0x22,0x40,0x02,0x52,0x00,0x02,0x02,0x00,0x13,0xf3,0xee,0xb8,0x02,0x0e,0x00,0x0f,
    0x02,0x00,0x01,0x22,0x13,0xb4,0x1e,0x1a,0x0f,0x1c,0x00,0x01,0x02,0x02,0x00,0x11,
    0x33,0x9a,0x36,0x0f,0xc0,0x04,0x03,0x02,0x02,0x00,0x11,0x53,0x42,0x4b,0x02,0xd6,
    0x0f,0x0f,0x02,0x00,0x01,0x11,0x74,0x22,0xb4,0x0f,0xc0,0x04,0x05,0x02,0xc4,0x02,
    0x02,0xbe,0x36,0x0e,0x40,0x0e,0x04,0x02,0x00,0x11,0xb4,0x9c,0x36,0x06,0xda,0x5c,
    0x04,0x18,0x00,0x06,0x02,0x00,0x31,0xd4,0xb4,0x14,0xd4,0xaa,0x04,0x12,0x00,0x02,
    0xee,0x01,0x04,0x0e,0x00,0x24,0x00,0x00,0x3c,0x00,0x06,0x22,0x00,0x0c,0x02,0x00,
    0x66,0x14,0xb5,0x14,0xb5,0x95,0xbd,0xe0,0x0b,0x06,0x60,0x02,0x04,0x48,0x00,0x02,
    0x5e,0x34,0x0a,0xee,0x07,0x08,0x26,0x00,0x68,0xff,0xff,0xff,0xff,0x9e,0xf7,0x60,
    0x02,0x0c,0x02,0x00,0x0c,0x60,0x02,0x0e,0x02,0x00,0x02,0x74,0x06,0x06,0x60,0x02,
    0x0e,0x02,0x00,0x02,0xd4,0x08,0x02,0xea,0x1d,0x0f,0x60,0x02,0x6b,0x0f,0x02,0x00,
    0x83,0x02,0x88,0x01,0x02,0x02,0x00,0x0f,0xa2,0x00,0x1d,0x0f,0x36,0x00,0x15,0x02,
    0x28,0x00,0x0a,0x60,0x00,0x0f,0x14,0x00,0x01,0x0f,0x02,0x00,0x0d,0x0f,0x34,0x00,
    0x13,0x04,0x26,0x00,0x02,0x02,0x00,0x0f,0x54,0x00,0x0d,0x0f,0x02,0x00,0x6f,0x02,
    0x22,0x07,0x04,0x98,0x10,0x06,0x02,0x00,0x06,0x9a,0x00,0x0f,0xc0,0x04,0x05,0x22,
    0xf2,0xb2,0x1a,0x07,0x0f,0x02,0x00,0x07,0x02,0x78,0x09,0x0f,0x20,0x00,0x07,0x02,
    0x78,0x09,0x08,0x2a,0x0b,0x0e,0x02,0x00,0x06,0x9c,0x05,0x0f,0xe2,0x05,0x01,0x04,
    0x66,0x11,0x02,0x0a,0x00,0x0e,0x42,0x08,0x02,0x86,0x01,0x02,0x02,0x00,0x02,0x24,
    0x00,0x0f,0x2c,0x27,0x03,0x06,0xf0,0x41,0x02,0xa4,0xab,0x02,0x2c,0x00,0x0f,0x02,
    0x00,0x03,0x0c,0x02,0xf9,0x02,0x5e,0x00,0x08,0x02,0x00,0x42,0xdf,0xff,0xfd,0xf6,
    0x10,0x00,0x0f,0x42,0x00,0x03,0x02,0xce,0x44,0x0c,0x1c,0x00,0x02,0x32,0x00,0x04,
    0x34,0x00,0x0f,0xde,0x0b,0x03,0x06,0x26,0x00,0x02,0x02,0x00,0x0c,0x44,0x00,0x0a,
    0x02,0x00,0x0f,0x14,0x2d,0x09,0x02,0x02,0x00,0x0f,0x14,0x2d,0x09,0x02,0x02,0x00,
    0x0f,0x22,0x00,0x0f,0x0f,0x02,0x00,0x0b,0x0f,0x60,0x02,0x27,0x2c,0xd3,0xb3,0x60,
    0x02,0x0c,0x1e,0x07,0x0a,0x60,0x02,0x2e,0x31,0xb2,0x7e,0x09,0x08,0xa8,0x44,0x4e,
    0x51,0xb2,0x51,0xb2,0x1e,0x07,0x0c,0x60,0x02,0x0e,0x1e,0x07,0x02,0xd8,0x0b,0x02,
    0x02,0x00,0x46,0x91,0xb2,0x91,0xb2,0x1e,0x07,0x0a,0x8e,0x01,0x02,0x22,0x00,0x4e,
    0xb1,0xb2,0xf2,0xb2,0x1e,0x07,0x0a,0x60,0x02,0x11,0x12,0x0a,0xe8,0x02,0x30,0x00,
    0x0e,0x02,0x00,0x55,0xf2,0xb2,0xf2,0xb2,0xd3,0xa2,0x54,0x02,0xe8,0x01,0x0f,0x02,
    0x00,0x07,0x0e,0x40,0x00,0x04,0x60,0x02,0x0a,0x1e,0x07,0x06,0x4a,0x00,0x02,0x22,
    0x00,0x4e,0x52,0xb3,0x52,0xb3,0x1e,0x07,0x06,0x26,0x00,0x6c,0xff,0xff,0xff,0xff,
    0x7e,0xf7,0x82,0x01,0x08,0x02,0x00,0x02,0x98,0x89,0x0f,0xe0,0x03,0x09,0x2f,0x93,
    0xb3,0xf4,0x2c,0x09,0x2f,0x00,0x00,0xb0,0x3d,0x05,0x08,0x02,0x00,0x06,0x74,0x2f,
    0x0f,0x02,0x00,0x03,0x0f,0x60,0x02,0x05,0x06,0x72,0x01,0x0f,0xc0,0x04,0x05,0x0c,
    0x50,0x00,0x04,0x7c,0x2f,0x0f,0x02,0x00,0x07,0x0f,0x80,0x09,0x0d,0x02,0x98,0x08,
    0x0f,0x80,0x09,0x09,0x02,0x98,0x08,0x0f,0x62,0x00,0x07,0x22,0x91,0xb2,0xfa,0x3f,
    0x04,0x22,0x00,0x02,0x88,0x01,0x02,0x02,0x00,0x02,0x14,0x00,0x2c,0xb1,0xb2,0xc2,
    0xa3,0x0c,0x02,0x00,0x31,0xd2,0xb2,0x35,0xba,0x3d,0x0c,0x18,0x00,0x04,0x02,0x00,
    0x55,0xf2,0xb2,0xf2,0xb2,0x75,0xe0,0x0b,0x02,0x5c,0x00,0x0f,0x02,0x00,0x07,0x04,
    0x36,0x00,0x0a,0x02,0x00,0x04,0x60,0x02,0x08,0xe0,0x0b,0x04,0x4c,0x00,0x02,0x2a,
    0x00,0x35,0x52,0xb3,0x74,0x64,0x5b,0x08,0x02,0x00,0x08,0x6a,0x00,0x2f,0xde,0xff,
    0x60,0x02,0x09,0x57,0x00,0x00,0x92,0xb3,0xb5,0xe0,0x0b,0x0f,0x02,0x00,0x01,0x28,
    0xb3,0xb3,0xe2,0x03,0x0f,0x02,0x00,0x03,0x08,0xe2,0x03,0x0f,0x02,0x00,0x03,0x08,
    0xe2,0x03,0x0c,0x02,0x00,0x0f,0x60,0x02,0x41,0x0f,0x9c,0x01,0x05,0x06,0x60,0x02,
    0x0e,0x78,0x0f,0x02,0x02,0x00,0x06,0x88,0x27,0x0f,0x1c,0x0b,0x05,0x04,0xc0,0x04,
    0x0c,0x9c,0x01,0x04,0x02,0x00,0x02,0xdc,0x31,0x04,0x0e,0x00,0x08,0x8e,0x01,0x04,
    0x14,0x00,0x02,0xf8,0x0a,0x04,0x0e,0x00,0x0c,0x02,0x00,0x8f,0xff,0xff,0xff,0xff,
    0x1b,0xe7,0x75,0xbd,0xc4,0x00,0x05,0x02,0x02,0x00,0x02,0xf8,0x0a,0x06,0x14,0x02,
    0x04,0x02,0x00,0x0e,0x12,0x00,0x02,0x14,0x00,0x0f,0x02,0x00,0x01,0x0e,0xcc,0x13,
    0x02,0x46,0x00,0x04,0x2c,0x00,0x02,0x3c,0x34,0x04,0x0e,0x00,0x04,0x02,0x00,0x02,
    0x24,0x00,0x04,0x02,0x00,0x0f,0x60,0x02,0x0b,0x0c,0x42,0x06,0x0f,0x02,0x00,0x01,
    0x0f,0x60,0x02,0x6d,0x2f,0x31,0xb2,0xc0,0x04,0x15,0x04,0x02,0x00,0x02,0xc4,0xf0,
    0x0f,0x98,0x05,0x09,0x06,0x9e,0x01,0x0f,0x02,0x00,0x05,0x0f,0x6a,0x15,0x09,0x04,
    0xc2,0x26,0x0a,0xfc,0x03,0x0c,0x02,0x00,0x02,0x9e,0x01,0x04,0x88,0x01,0x0f,0xe8,
    0x01,0x01,0x02,0xb8,0x13,0x0c,0x38,0x00,0x08,0x2c,0x00,0x0a,0xe0,0x07,0x0f,0x02,
    0x00,0x01,0x02,0x2e,0x00,0x02,0x02,0x00,0x08,0x20,0x00,0x02,0x12,0x00,0x02,0x02,
    0x00,0x06,0x7e,0x0d,0x04,0x02,0x00,0x0a,0x7c,0x09,0x06,0xfe,0x03,0x02,0x30,0x00,
    0x04,0x26,0x00,0x06,0x02,0x00,0x08,0x30,0x12,0x02,0x24,0x00,0x04,0x02,0x00,0x04,
    0x24,0x00,0x06,0x6e,0x06,0x0f,0x02,0x00,0x7f,0x0f,0x60,0x15,0x01,0x06,0x20,0x07,
    0x0f,0x60,0x02,0x05,0x0f,0x04,0x0b,0x07,0x06,0xb2,0x45,0x08,0xec,0x00,0x04,0xc0,
    0x11,0x04,0xbc,0x1b,0x1b,0x16,0xf6,0x35,0x28,0x51,0xb2,0xc0,0x11,0x5b,0xb5,0xbd,
    0xb5,0xbd,0x56,0xf4,0x93,0x08,0xaa,0x30,0x02,0xfc,0x03,0x06,0x9a,0x01,0x02,0x02,
    0x00,0x08,0x20,0x14,0x0f,0x60,0x02,0x01,0x11,0xb1,0xf8,0x9a,0x02,0x2c,0x00,0x04,
    0x60,0x02,0x0a,0x9a,0x01,0x13,0xd2,0x2e,0x3b,0x02,0x24,0x00,0x0f,0x60,0x02,0x01,
    0x0a,0xde,0x0b,0x04,0xe8,0x01,0x04,0x32,0x00,0x04,0xc4,0x6a,0x08,0x1a,0x00,0x22,
    0xbe,0xf7,0x18,0x00,0x04,0x02,0x00,0x0c,0xce,0x44,0x06,0xc6,0x00,0x02,0x4e,0x00,
    0x02,0x7c,0x09,0x02,0x14,0x2d,0x02,0x02,0x00,0x0f,0x60,0x02,0x21,0x02,0x7e,0x09,
    0x02,0x40,0x00,0x0f,0x02,0x00,0x03,0x0f,0x92,0x36,0x09,0x02,0x02,0x00,0x0f,0x9e,
    0x09,0x0d,0x0f,0x7e,0x09,0x0f,0x31,0x00,0x00,0xf3,0x9e,0x37,0x06,0x38,0x0e,0x04,
    0x02,0x00,0x04,0x78,0x01,0x0f,0x60,0x02,0x05,0x0e,0x80,0x09,0x06,0x02,0x00,0x02,
    0xb2,0x45,0x06,0x10,0x00,0x04,0x02,0x00,0x06,0xe0,0x0b,0x2c,0x95,0xbd,0x38,0x0e,
    0x02,0x60,0x02,0x04,0x7e,0x09,0x3d,0xb5,0xbd,0xb5,0x7a,0x36,0x02,0x74,0x00,0x08,
    0x20,0x07,0x06,0x9a,0x01,0x02,0x02,0x00,0x04,0xde,0x0b,0x0f,0x20,0x07,0x05,0x02,
    0x60,0x02,0x0f,0x20,0x07,0x09,0x04,0x60,0x02,0x1f,0x75,0x6e,0x22,0x00,0x02,0x02,
    0x00,0x02,0x3c,0x0e,0x02,0xde,0x1e,0x02,0x10,0x02,0x02,0x02,0x00,0x02,0x1e,0x00,
    0x06,0x60,0x02,0x1f,0x5c,0x02,0x18,0x06,0x04,0x60,0x02,0x0e,0x82,0x05,0x04,0x4a,
    0x00,0x04,0xce,0x44,0x0f,0xe0,0x0b,0x0d,0x08,0xf4,0x2d,0x0c,0x02,0x00,0x0f,0x60,
    0x02,0xad,0x0c,0xd0,0x00,0x02,0xe0,0x0b,0x0e,0x16,0x00,0x08,0x02,0x00,0x06,0x60,
    0x02,0x0f,0x02,0x00,0x03,0x06,0x7e,0x09,0x0f,0x02,0x00,0x05,0x0f,0x06,0x31,0x03,
    0x08,0x02,0x00,0x08,0x5e,0x15,0x04,0xb2,0x01,0x02,0x02,0x00,0x04,0x26,0x00,0x0f,
    0x60,0x02,0x09,0x02,0x32,0x00,0x4f,0xde,0xff,0x75,0xbd,0x62,0x02,0x07,0x02,0x82,
    0x05,0x28,0xb5,0xbd,0x42,0x02,0x02,0x16,0x00,0x06,0x02,0x00,0x42,0xb5,0xbd,0xb5,
    0xbd,0x02,0x3e,0x02,0x02,0x00,0x06,0x1a,0x00,0x04,0x02,0x00,0x02,0x82,0x05,0x04,
    0x0e,0x00,0x02,0x02,0x00,0x0a,0x2c,0x00,0x02,0x82,0x05,0x02,0x1a,0x00,0x06,0x02,
    0x00,0x02,0x24,0x00,0x02,0x02,0x00,0x1f,0x9d,0x40,0x0e,0x0a,0x0f,0x80,0x09,0x17,
    0x02,0x2c,0x00,0x0f,0x02,0x00,0x05,0x0f,0xe0,0x0b,0x2b,0x02,0xa0,0x05,0x04,0xb6,
    0x04,0x06,0x02,0x00,0x04,0x30,0x3c,0x0f,0xc0,0x04,0x05,0x0e,0x8e,0x00,0x0f,0x9e,
    0x23,0x2f,0x0f,0x60,0x02,0x75,0x1f,0xff,0x60,0x02,0x10,0x1f,0x95,0x40,0x02,0x0a,
    0x0c,0x60,0x02,0x0e,0x62,0x02,0x0f,0x60,0x02,0x31,0x1f,0xbe,0x60,0x02,0xc8,0x04,
    0x8e,0x34,0x0c,0x02,0x00,0x04,0x10,0x0f,0x08,0xc8,0xbc,0x0a,0x7e,0x09,0x04,0x1a,
    0x07,0x17,0x13,0xea,0x2a,0x02,0x1e,0x07,0x04,0x02,0x00,0x04,0x32,0x03,0x04,0x14,
    0x35,0x0f,0x5c,0x15,0x07,0x08,0x68,0x79,0x08,0x7e,0x09,0x04,0x02,0x00,0x02,0xe8,
    0x03,0x02,0x02,0x00,0x02,0x1e,0x07,0x04,0x1a,0x00,0x04,0x02,0x00,0x08,0xc8,0x7b,
    0x24,0xd2,0xb2,0x20,0x07,0x04,0x1e,0x00,0x04,0x20,0x39,0x02,0x0a,0x00,0x04,0x1e,
    0x07,0x04,0xe8,0x04,0x06,0x02,0x00,0x15,0xbe,0xbc,0x74,0x04,0x28,0x5a,0x06,0x1c,
    0x00,0x04,0x02,0x00,0x02,0x38,0x00,0x04,0x1e,0x07,0x0a,0x02,0x00,0x44,0x14,0xb5,
    0x14,0xb5,0x72,0x53,0x04,0x1e,0x07,0x0a,0x02,0x00,0x04,0xba,0x05,0x04,0x4e,0x00,
    0x02,0x02,0x00,0x06,0x24,0x00,0x0a,0x38,0x0f,0x0f,0x5a,0x15,0x01,0x0a,0xb8,0x05,
    0x0f,0x7e,0x09,0x01,0x02,0x30,0x1a,0x04,0x54,0x00,0x0f,0x7e,0x09,0x01,0x0a,0x9a,
    0x0d,0x0f,0xfc,0x12,0x01,0x0a,0x9a,0x0d,0x11,0xf3,0x7c,0x43,0x0f,0xc0,0x04,0x1f,
    0x1f,0x91,0x60,0x02,0x10,0x06,0x62,0x02,0x0a,0x0a,0xb9,0x0f,0x60,0x02,0x31,0x02,
    0xb2,0x17,0x08,0x28,0x7e,0x11,0x91,0x84,0x85,0x04,0x1c,0x01,0x02,0x2c,0x21,0x0a,
    0x8e,0x01,0x0c,0x60,0x02,0x02,0x62,0x0a,0x0c,0x60,0x02,0x04,0xd6,0x06,0x06,0x4a,
    0x00,0x08,0x7e,0x3b,0x02,0x7e,0x09,0x0a,0x58,0x00,0x02,0x02,0x00,0x04,0x30,0x00,
    0x0c,0x60,0x02,0x08,0x2c,0x00,0x04,0x5a,0x15,0x0a,0x40,0x0e,0x04,0xf8,0x13,0x13,
    0x7e,0xbe,0x34,0x0f,0x60,0x02,0xd9,0x2f,0x31,0xb2,0x20,0x07,0x1d,0x04,0xc0,0x04,
    0x0f,0x02,0x00,0x01,0x02,0x80,0x09,0x04,0x60,0x02,0x0f,0x02,0x00,0x01,0x02,0xe0,
    0x0b,0x19,0x76,0x98,0x38,0x08,0x02,0x00,0x04,0xc6,0x03,0x0f,0x02,0x00,0x07,0x0f,
    0x80,0x09,0x13,0x0f,0x40,0x00,0x07,0x02,0x2e,0x02,0x15,0xde,0x90,0x04,0x0f,0x02,
    0x00,0x01,0x02,0x24,0x00,0x02,0xf6,0x06,0x02,0x08,0x00,0x02,0x0c,0x00,0x06,0x02,
    0x00,0x02,0x12,0x00,0x04,0x16,0x00,0x02,0x0a,0x00,0x04,0x0e,0x00,0x02,0x02,0x00,
    0x0a,0x20,0x07,0x42,0x14,0xb5,0x14,0xb5,0x22,0x00,0x02,0x86,0x02,0x04,0x1e,0x2d,
    0x02,0x0a,0x00,0x08,0x58,0x16,0x04,0x26,0x00,0x02,0x00,0x26,0x08,0x60,0x11,0x06,
    0xd8,0x0c,0x06,0x8a,0x0f,0x0a,0x8e,0x01,0x04,0xb8,0x18,0x02,0x2a,0x0d,0x0e,0x02,
    0x00,0x06,0xc0,0x04,0x0f,0x0c,0x06,0x01,0x02,0x78,0x0a,0x04,0x38,0x22,0x0f,0x68,
    0x1b,0x03,0x08,0xc0,0x04,0x15,0xd2,0x64,0x10,0x0f,0xc0,0x04,0x07,0x0f,0x60,0x02,
    0x1f,0x0f,0x02,0x00,0x07,0x06,0x5e,0x15,0x0f,0x02,0x00,0x05,0x0f,0x80,0x09,0x55,
    0x0f,0x9e,0x23,0x09,0x02,0xba,0x01,0x26,0x9e,0xf7,0x28,0x06,0x0c,0x02,0x00,0x02,
    0x22,0x00,0x06,0x0a,0x02,0x02,0x0c,0x00,0x02,0x02,0x00,0x0c,0xdc,0x04,0x04,0x3c,
    0x00,0x02,0x1e,0x00,0x06,0x34,0x00,0x0c,0x60,0x02,0x08,0x38,0x00,0x02,0x0e,0x00,
    0x0f,0xe0,0x0b,0x12,0x1f,0xef,0x60,0x15,0x03,0x0f,0x60,0x02,0x05,0x04,0x02,0x00,
    0x08,0x60,0x02,0x0f,0xee,0x03,0x03,0x08,0x60,0x02,0x04,0xae,0x08,0x0a,0x02,0x00,
    0x08,0x60,0x02,0x0c,0xc8,0x0f,0x02,0x02,0x00,0x0f,0x60,0x02,0x2f,0x0a,0x08,0x04,
    0x0e,0xe0,0x0b,0x02,0x86,0x0d,0x06,0x1e,0x07,0x02,0xc0,0x04,0x08,0x02,0x00,0x02,
    0xe8,0x0f,0x04,0xfc,0x12,0x0f,0x60,0x02,0x01,0x02,0x46,0x31,0x04,0x12,0x01,0x0f,
    0xc0,0x04,0x01,0x22,0xd5,0xbd,0x10,0x01,0x02,0x1e,0x07,0x0f,0xc0,0x04,0x05,0x24,
    0x9e,0xff,0x12,0x01,0x0a,0x88,0x08,0x06,0x02,0x00,0x04,0x10,0x01,0x02,0x08,0x02,
    0x0f,0x60,0x02,0x01,0x06,0xec,0x4b,0x02,0x02,0x00,0x04,0x3c,0x00,0x02,0x0e,0x00,
    0x02,0x52,0x04,0x12,0xbf,0x09,0x00,0x03,0x02,0x00,0x04,0x22,0x00,0x06,0x24,0x00,
    0x4f,0x7e,0xf7,0x96,0xcc,0x60,0x02,0x01,0x03,0x31,0x00,0x07,0x1e,0x07,0x0f,0x40,
    0x0e,0x0f,0x0f,0xe0,0x0b,0x05,0x06,0x7e,0x09,0x0a,0xc0,0x04,0x06,0x02,0x00,0x06,
    0x7e,0x09,0x0f,0x60,0x02,0x03,0x08,0x7e,0x09,0x0f,0x60,0x02,0x03,0x08,0x7e,0x09,
    0x02,0xae,0x08,0x0e,0x02,0x00,0x04,0x22,0x09,0x0f,0xc0,0x04,0x23,0x0c,0xa8,0x01,
    0x0e,0xcc,0x00,0x02,0x70,0x05,0x06,0x60,0x02,0x0e,0xcc,0x00,0x02,0x86,0x33,0x04,
    0x60,0x02,0x0e,0xcc,0x00,0x04,0x2e,0x0a,0x04,0x60,0x02,0x0e,0xcc,0x00,0x02,0x68,
    0x06,0x08,0x7e,0x09,0x08,0xfc,0x21,0x04,0xb6,0x01,0x08,0x60,0x02,0x0e,0x02,0x00,
    0x02,0xca,0x17,0x04,0x3a,0x21,0x04,0x34,0x00,0x08,0x28,0x00,0x02,0x6a,0x15,0x44,
    0xf2,0xb2,0x18,0xd5,0x1e,0x00,0x0a,0x20,0x00,0x06,0x16,0x00,0x08,0x02,0x00,0x08,
    0x42,0x00,0x04,0x76,0x28,0x02,0x02,0x00,0x0a,0x1a,0x00,0x08,0x80,0x02,0x06,0x60,
    0x02,0x0f,0x02,0x00,0x01,0x14,0xb6,0x4f,0x40,0x03,0x02,0x00,0x0e,0x24,0x00,0x1f,
    0xd6,0xca,0x57,0x12,0x06,0x60,0x02,0x0f,0x02,0x00,0x05,0x0f,0xde,0x0b,0x01,0x0a,
    0x02,0x00,0x0f,0xde,0x0b,0x01,0x0a,0x02,0x00,0x0f,0x60,0x02,0x53,0x06,0x74,0x00,
    0x0f,0x60,0x02,0x05,0x06,0x22,0x00,0x0c,0x2c,0x03,0x04,0x60,0x02,0x06,0x02,0x00,
    0x0c,0x2c,0x03,0x02,0x60,0x02,0x06,0x20,0x00,0x0f,0x60,0x02,0x05,0x08,0x8c,0x01,
    0x02,0xda,0x0b,0x06,0x02,0x00,0x02,0x60,0x02,0x04,0x10,0x00,0x03,0xbb,0x01,0x09,
    0x82,0x09,0x02,0x60,0x02,0x04,0x1a,0x00,0x0a,0x4e,0x00,0x02,0x02,0x00,0x24,0x5b,
    0xe7,0x1a,0x0c,0x02,0x02,0x00,0x02,0x16,0x00,0x08,0x02,0x00,0x22,0x76,0xbe,0xd8,
    0x2a,0x04,0x02,0x00,0x08,0x1c,0x00,0x04,0x76,0x00,0x19,0xdf,0x76,0x00,0x0e,0x02,
    0x00,0x0f,0x60,0x02,0x13,0x0f,0x02,0x00,0x7d,0x0f,0xc0,0x04,0x1f,0x02,0xc2,0x00,
    0x0f,0x20,0x07,0x13,0x04,0x02,0x00,0x0f,0x80,0x09,0x01,0x02,0x20,0x07,0x04,0x02,
    0x00,0x0f,0x20,0x07,0x07,0x04,0x02,0x00,0x0f,0x20,0x07,0x05,0x06,0x02,0x00,0x0f,
    0x20,0x07,0x05,0x06,0xd0,0x01,0x06,0x08,0x0b,0x08,0x02,0x00,0x04,0x1e,0x07,0x35,
    0x00,0x00,0x7d,0x7a,0x17,0x08,0x20,0x00,0x04,0x16,0x02,0x64,0xff,0xff,0xff,0xff,
    0xda,0xde,0xe6,0x0a,0x0a,0x02,0x00,0x04,0x3c,0x0e,0x0f,0x18,0x03,0x01,0x02,0x02,
    0x00,0x26,0xdc,0xee,0x86,0x02,0x26,0x9d,0xf7,0x18,0x03,0x02,0x58,0x00,0x04,0x1c,
    0x1a,0x02,0x2c,0x00,0x0f,0x20,0x07,0x13,0x02,0x2c,0x00,0x0a,0x02,0x00,0x06,0x18,
    0x1a,0x0e,0x54,0x06,0x0c,0x02,0x00,0x0e,0xf4,0x03,0x0c,0x02,0x00,0x0f,0x6e,0x0d,
    0x07,0x04,0x02,0x00,0x0c,0xf4,0x03,0x0c,0x02,0x00,0x0f,0x60,0x02,0x25,0x0a,0x02,
    0x00,0x0e,0x80,0x09,0x02,0x02,0x00,0x04,0x7a,0x1c,0x0f,0x60,0x02,0x01,0x02,0x24,
    0x6d,0x04,0x90,0x0a,0x0f,0x60,0x02,0x01,0x0a,0xfc,0x12,0x0f,0x60,0x02,0x01,0x0a,
    0x58,0x28,0x0f,0x60,0x02,0x05,0x22,0x9e,0xff,0xfc,0x12,0x02,0xd6,0x07,0x0e,0x40,
    0x21,0x04,0x1e,0x07,0x44,0x00,0x00,0x75,0xbd,0x8a,0x12,0x02,0x5c,0x00,0x06,0x5e,
    0x04,0x04,0x02,0x00,0x06,0x46,0x0d,0x04,0x02,0x00,0x02,0x1a,0x00,0x33,0xdc,0xee,
    0xdc,0x7e,0x7d,0x68,0xbe,0xf7,0x7d,0xef,0x5c,0xef,0x42,0x00,0x06,0x9c,0x10,0x02,
    0x2c,0x00,0x06,0x02,0x00,0x08,0x60,0x00,0x08,0x1e,0x07,0x0f,0x60,0x02,0x03,0x13,
    0x3d,0xc6,0x10,0x04,0xe0,0x0b,0x02,0x5a,0x00,0x08,0x02,0x00,0x08,0x1a,0x1a,0x0f,
    0x60,0x02,0x03,0x08,0x1e,0x07,0x0f,0x60,0x02,0x03,0x06,0x1e,0x07,0x02,0x90,0x63,
    0x08,0x60,0x00,0x02,0x02,0x00,0x06,0x1e,0x07,0x0f,0xde,0x0b,0x03,0x08,0xa2,0x12,
    0x0f,0x60,0x02,0x05,0x2f,0xd6,0xbe,0x40,0x0e,0x03,0x04,0x10,0x02,0x06,0x02,0x00,
    0x2f,0x36,0xbe,0x60,0x02,0x07,0x06,0x02,0x00,0x0e,0xe0,0x0b,0x0a,0x02,0x00,0x0f,
    0x60,0x02,0x49,0x13,0xbf,0x60,0x02,0x02,0x62,0x02,0x0a,0x78,0x00,0x04,0x98,0x30,
    0x02,0x50,0x0f,0x06,0x7c,0x2f,0x02,0x1a,0x00,0x02,0xcc,0x01,0x04,0x02,0x00,0x0a,
    0xa6,0x0f,0x04,0x16,0x00,0x0f,0x02,0x00,0x0f,0x02,0x4c,0x00,0x02,0xfc,0x12,0x0f,
    0x2e,0x00,0x07,0x0c,0x60,0x02,0x02,0x36,0x00,0x08,0x02,0x00,0x08,0x3c,0x00,0x2f,
    0xde,0xff,0x60,0x02,0x05,0x04,0x32,0x00,0x0f,0x60,0x02,0x2f,0x0f,0xc0,0x04,0x05,
    0x0f,0x00,0x15,0x05,0x0f,0x02,0x00,0x01,0x0f,0x60,0x02,0x2d,0x0f,0xc6,0x00,0x03,
    0x08,0x02,0x00,0x0f,0x26,0x03,0x03,0x08,0x02,0x00,0x0c,0x7a,0x09,0x0e,0x02,0x00,
    0x0f,0x28,0x03,0x05,0x06,0x02,0x00,0x08,0xda,0x0b,0x02,0x02,0x00,0x08,0x8e,0x01,
    0x02,0x10,0x63,0x02,0x18,0x00,0x0f,0x02,0x00,0x0d,0x08,0x38,0x00,0x08,0x02,0x00,
    0x08,0x38,0x00,0x08,0x18,0x00,0x0f,0x02,0x00,0x13,0x0f,0x3e,0x00,0x0d,0x08,0x20,
    0x00,0x0f,0x02,0x00,0x05,0x0a,0x6a,0x00,0x0f,0x26,0x00,0x05,0x0f,0x02,0x00,0x7b,
    0x0f,0x60,0x02,0x49,0x02,0x1e,0x07,0x0f,0x60,0x02,0x07,0x04,0x0e,0x05,0x02,0x60,
    0x02,0x0f,0xbc,0x2a,0x01,0x04,0x3c,0x0e,0x44,0x96,0xbe,0x96,0xbe,0x3e,0x21,0x0a,
    0x02,0x00,0x04,0x9c,0x10,0x2c,0xb6,0xbe,0x9e,0x04,0x08,0x8e,0x01,0x04,0x34,0x00,
    0x04,0x66,0x14,0x08,0x02,0x00,0x06,0x1e,0x07,0x02,0x22,0x07,0x0a,0x8a,0x0b,0x64,
    0xff,0xff,0xff,0xff,0xfd,0xf6,0xbc,0x17,0x0a,0x56,0x00,0x06,0x02,0x00,0x44,0x1d,
    0xf7,0xb9,0xdd,0xdf,0x0d,0x26,0xdf,0xff,0xc6,0x09,0x06,0x02,0x00,0x02,0x98,0x2f,
    0x02,0x64,0x00,0x28,0xd5,0xbd,0x3e,0x83,0x02,0x02,0x00,0x08,0xbe,0x04,0x02,0x20,
    0x07,0x02,0x2c,0x00,0x06,0x02,0x00,0x42,0x52,0xb3,0xf9,0xdd,0x2c,0x00,0x02,0x02,
    0x00,0x06,0x1a,0x00,0x04,0x02,0x00,0x08,0x1e,0x07,0x0f,0x02,0x00,0x03,0x08,0x1e,
    0x07,0x0f,0x02,0x00,0x03,0x06,0x1e,0x07,0x0f,0x02,0x00,0x05,0x06,0x1e,0x07,0x0f,
    0x02,0x00,0x05,0x06,0x1e,0x07,0x0f,0x60,0x02,0x2f,0x04,0x3e,0x21,0x17,0xd4,0x52,
    0x1c,0x04,0x02,0x00,0x02,0x60,0x02,0x04,0x7c,0x42,0x0e,0x9e,0x36,0x04,0x60,0x02,
    0x04,0x26,0x19,0x0e,0x62,0x02,0x04,0x60,0x02,0x04,0xc6,0x16,0x0e,0x20,0x2d,0x04,
    0x60,0x02,0x04,0xfe,0x06,0x06,0x00,0x07,0x02,0x86,0x01,0x02,0x02,0x00,0x06,0x20,
    0x00,0x0f,0x7e,0x09,0x09,0x04,0x56,0x11,0x02,0x34,0x00,0x06,0x02,0x00,0x06,0xf8,
    0x25,0x06,0x14,0x00,0x04,0x02,0x00,0x02,0x5a,0x00,0x2f,0x12,0xb3,0xe0,0x0b,0x03,
    0x04,0x26,0x00,0x06,0x02,0x00,0x08,0x00,0x13,0x0a,0x16,0x00,0x08,0xf8,0x25,0x0f,
    0x80,0x09,0x01,0x37,0x52,0xb3,0xfa,0x60,0x02,0x2e,0x9d,0xef,0x20,0x07,0x08,0x60,
    0x02,0x02,0xf6,0x0e,0x02,0x9e,0x00,0x06,0x02,0x00,0x08,0x60,0x02,0x0f,0xbe,0x2a,
    0x03,0x08,0x60,0x02,0x0f,0x80,0x09,0x03,0x08,0x60,0x02,0x0f,0x58,0x06,0x03,0x0f,
    0x60,0x02,0x55,0x06,0x02,0x00,0x0f,0xe0,0x0b,0x05,0x06,0x02,0x00,0x0f,0x80,0x09,
    0x05,0x06,0x02,0x00,0x0f,0xe0,0x0b,0x05,0x06,0x02,0x00,0x0f,0xe0,0x0b,0x05,0x02,
    0xd6,0x01,0x02,0x20,0x00,0x0e,0x60,0x02,0x08,0x02,0x00,0x02,0xb6,0x13,0x06,0xf8,
    0x01,0x04,0x3a,0x00,0x0f,0xba,0x04,0x01,0x02,0x16,0x00,0x0e,0x02,0x00,0x0e,0x58,
    0x11,0x08,0x50,0x00,0x44,0xff,0xff,0xff,0xff,0x58,0x11,0x02,0x0e,0x00,0x0a,0x66,
    0x00,0x02,0x02,0x00,0x0f,0x60,0x02,0x01,0x08,0x30,0x00,0x0f,0x60,0x02,0x03,0x06,
    0x02,0x00,0x15,0x55,0x82,0x88,0x0f,0x02,0x00,0x05,0x2f,0x55,0xb5,0x02,0x5e,0x0d,
    0x3b,0x75,0xbd,0x16,0xe6,0x29,0x0c,0x02,0x00,0x33,0x95,0xbd,0x36,0x82,0x88,0x0f,
    0x02,0x00,0x05,0x2f,0xb5,0xbd,0x20,0x07,0x27,0x04,0x22,0x03,0x08,0xd0,0x02,0x08,
    0x02,0x00,0x11,0x31,0xfe,0x62,0x2a,0x56,0xbe,0xd0,0x02,0x08,0x02,0x00,0x22,0x51,
    0xb2,0x1a,0x07,0x0f,0x10,0x58,0x03,0x02,0xbe,0x04,0x04,0x22,0x03,0x08,0x50,0x21,
    0x06,0x02,0x00,0x44,0x91,0xb2,0x91,0xb2,0x7a,0x09,0x08,0x50,0x21,0x0c,0x8e,0x01,
    0x0f,0x0e,0x58,0x05,0x04,0xde,0x0b,0x02,0x0a,0x00,0x06,0xf0,0x1e,0x02,0xf6,0x01,
    0x02,0xfa,0x01,0x02,0xbe,0x04,0x02,0x0e,0x00,0x04,0x02,0x00,0x02,0x30,0x00,0x04,
    0x02,0x00,0x08,0xbe,0x04,0x0f,0xca,0x05,0x03,0x46,0x32,0xb3,0xb9,0xdd,0x9e,0x10,
    0x02,0xea,0x12,0x04,0x4c,0x00,0x02,0x4e,0x00,0x06,0x20,0x07,0x0f,0x6a,0x03,0x05,
    0x0f,0x20,0x07,0x13,0x02,0x94,0x00,0x0a,0x6a,0x03,0x06,0x02,0x00,0x04,0x9e,0x04,
    0x0f,0x4a,0x0f,0x05,0x06,0x94,0x36,0x02,0x6a,0x03,0x06,0x3a,0x00,0x04,0x02,0x00,
    0x06,0xee,0x01,0x0e,0x4a,0x0f,0x02,0x02,0x00,0x06,0xbe,0x04,0x02,0x6a,0x03,0x06,
    0xf8,0x25,0x04,0x02,0x00,0x0f,0x40,0x0e,0x13,0x0f,0x60,0x02,0x77,0x02,0x62,0x02,
    0x0f,0x60,0x02,0x39,0x08,0xfe,0x01,0x44,0xf2,0xb2,0xf5,0xc3,0x5c,0x09,0x42,0xff,
    0xff,0x3d,0xef,0x46,0x01,0x08,0x02,0x00,0x0f,0x60,0x02,0x11,0x0f,0x9e,0x10,0x01,
    0x02,0x02,0x00,0x02,0x4a,0x00,0x06,0x1e,0x07,0x0f,0x60,0x02,0x07,0x22,0x3a,0xe6,
    0x32,0x00,0x02,0x02,0x00,0x02,0x38,0x00,0x08,0x02,0x00,0x06,0x1c,0x1a,0x0f,0x60,
    0x02,0x11,0x0f,0xcc,0x05,0x03,0x13,0xb3,0xe6,0x65,0x0f,0x60,0x02,0x05,0x06,0x3e,
    0x0e,0x0f,0x60,0x02,0x4d,0x02,0x9a,0x10,0x02,0x6c,0xea,0x0f,0xb6,0x03,0x03,0x02,
    0x02,0x00,0x11,0x75,0xda,0x44,0x0f,0x80,0x09,0x01,0x02,0x02,0x00,0x02,0xa8,0x00,
    0x0f,0x56,0x01,0x05,0x06,0xb2,0x14,0x0f,0x20,0x07,0x01,0x02,0x78,0x1c,0x02,0x32,
    0x0b,0x08,0x5c,0x4e,0x0a,0x22,0x02,0x22,0xff,0xff,0x72,0x06,0x2e,0xb5,0xbd,0x54,
    0x01,0x04,0x9a,0x10,0x02,0xca,0x17,0x15,0x95,0x9e,0x36,0x02,0xc4,0x01,0x55,0xff,
    0xff,0xff,0xff,0x5e,0x76,0x12,0x22,0xbe,0xf7,0xaa,0x45,0x08,0x76,0x18,0x06,0x16,
    0x2d,0x04,0x34,0x3c,0x02,0xb6,0x03,0x02,0x10,0x00,0x02,0x02,0x00,0x02,0x5e,0x02,
    0x02,0x94,0x00,0x06,0xc6,0x04,0x02,0x02,0x00,0x02,0x22,0x00,0x06,0xbe,0x04,0x02,
    0xb2,0x14,0x0e,0x1e,0x2d,0x48,0x52,0xb3,0x72,0xb3,0xe0,0x1c,0x2c,0xbe,0xf7,0x80,
    0x09,0x06,0x5e,0x02,0x02,0x9c,0x01,0x0e,0xda,0x0f,0x08,0x7e,0x09,0x3d,0x55,0xb5,
    0xf5,0xa8,0x2e,0x0a,0x02,0x00,0x0f,0x20,0x07,0x11,0x04,0x5e,0x06,0x0f,0x02,0x00,
    0x07,0x04,0xb4,0x04,0x08,0x02,0x00,0x0f,0xc0,0x04,0x13,0x02,0x02,0x00,0x02,0xaa,
    0xec,0x0e,0x60,0x02,0x06,0x7a,0x1c,0x02,0xc6,0xcf,0x0e,0x60,0x02,0x04,0xde,0x0b,
    0x0f,0x60,0x02,0x07,0x04,0xde,0x0b,0x02,0xb2,0x01,0x0e,0x60,0x02,0x06,0x7a,0x1c,
    0x02,0xd2,0x08,0x0a,0xb6,0x03,0x02,0xc0,0x01,0x02,0x02,0x00,0x02,0xb2,0x01,0x1f,
    0xd5,0x60,0x02,0x0e,0x02,0xb8,0x76,0x02,0xda,0x00,0x02,0x3a,0x00,0x08,0x02,0x00,
    0x2f,0x36,0xbe,0x60,0x02,0x2d,0x3f,0x00,0x00,0x76,0xa0,0x47,0x02,0x0a,0x60,0x02,
    0x02,0x58,0x74,0x02,0x86,0x00,0x04,0x02,0x00,0x53,0x52,0xb3,0x72,0xb3,0xfc,0xc2,
    0x15,0x0f,0x80,0x09,0x03,0x08,0x02,0xdf,0x2f,0xd6,0xbe,0x60,0x02,0x0d,0x0f,0xe0,
    0x0b,0x03,0x04,0x40,0x07,0x02,0x02,0x00,0x04,0xbe,0x08,0x08,0x02,0x00,0x06,0x20,
    0x07,0x02,0x0c,0x03,0x0e,0xc0,0x17,0x04,0x7a,0x1c,0x02,0x02,0x00,0x08,0x58,0x02,
    0x04,0x02,0x00,0x0f,0x60,0x02,0x0f,0x06,0x1c,0x03,0x0f,0x68,0x05,0x05,0x02,0x7a,
    0x09,0x04,0x94,0x0d,0x02,0xee,0xa7,0x0a,0x02,0x00,0x06,0xbe,0x00,0x11,0x95,0xb6,
    0x76,0x0e,0x3e,0x0e,0x04,0xbc,0x00,0x06,0x60,0x02,0x0a,0x42,0x00,0x0f,0xc0,0x04,
    0x1d,0x1f,0xf5,0x60,0x02,0x0e,0x02,0x0e,0x03,0x04,0x66,0x00,0x02,0xca,0x01,0x04,
    0x02,0x00,0x02,0xf6,0x00,0x02,0x0e,0x03,0x04,0x22,0x00,0x04,0xbe,0x04,0x04,0xe0,
    0x84,0x04,0xc0,0x04,0x02,0x1a,0x00,0x04,0x02,0x00,0x06,0xc0,0x04,0x02,0xc4,0x04,
    0x06,0x02,0x00,0x02,0x12,0x00,0x0a,0x60,0x02,0x0f,0xa0,0x10,0x03,0x0c,0xc0,0x04,
    0x02,0xc4,0x09,0x08,0x02,0x00,0x08,0x60,0x02,0x02,0x1c,0x19,0x02,0x08,0x00,0x06,
    0x02,0x00,0x08,0xc0,0x04,0x04,0xe0,0x0a,0x02,0x0a,0x00,0x0f,0x02,0x00,0x03,0x06,
    0xc0,0x03,0x0f,0x02,0x00,0x05,0x04,0x98,0x22,0x0f,0x02,0x00,0x07,0x24,0xd2,0xb2,
    0x56,0x02,0x06,0x02,0x00,0x0f,0x60,0x02,0x19,0x0f,0x02,0x00,0x05,0x06,0x60,0x02,
    0x0f,0x02,0x00,0x05,0x2f,0x95,0xbd,0xde,0x1a,0x0b,0x33,0x71,0xb2,0xd5,0xc0,0x92,
    0x0f,0x02,0x00,0x05,0x2f,0x91,0xb2,0x16,0x11,0x01,0x04,0x02,0x00,0x06,0xc6,0x01,
    0x06,0xc8,0x01,0x0c,0x02,0x00,0x0a,0xfc,0x12,0x0e,0x02,0x00,0x0f,0x44,0x00,0x11,
    0x08,0x7e,0x09,0x0f,0x02,0x00,0x03,0x08,0x60,0x02,0x0f,0x52,0x00,0x03,0x06,0x7e,
    0x09,0x0f,0x02,0x00,0x05,0x39,0x52,0xb3,0x72,0xf2,0x61,0x26,0xdf,0xff,0xfe,0x11,
    0x02,0x02,0x00,0x0e,0x60,0x02,0x0a,0x62,0x02,0x0e,0x12,0x40,0x04,0x20,0x06,0x04,
    0x02,0x00,0x0a,0xbe,0x04,0x0f,0x60,0x02,0x01,0x0a,0xbe,0x04,0x02,0x60,0x02,0x02,
    0x7c,0x1b,0x04,0x02,0x00,0x06,0xde,0x0b,0x02,0x02,0x00,0x0f,0x60,0x02,0x31,0x0f,
    0x1e,0x40,0x01,0x0a,0x60,0x02,0x2e,0xf4,0xb4,0x20,0x07,0x0a,0x02,0x00,0x0e,0x80,
    0x09,0x0c,0xfe,0x00,0x0f,0x20,0x07,0x03,0x06,0x46,0x00,0x0a,0x86,0x2e,0x0f,0xca,
    0x01,0x01,0x0e,0x6c,0x05,0x0c,0x60,0x02,0x0e,0xd6,0x0a,0x17,0x5b,0x54,0x0b,0x0a,
    0x20,0x1a,0x04,0x02,0x00,0x0c,0x60,0x02,0x02,0x6e,0x05,0x04,0x1e,0x00,0x06,0x7c,
    0x1c,0x08,0x92,0x00,0x42,0xdf,0xff,0x7d,0xef,0x1c,0x00,0x0f,0xbe,0x04,0x01,0x02,
    0xce,0x07,0x02,0x1c,0x00,0x02,0x02,0x00,0x2c,0x52,0xb3,0x60,0x02,0x0c,0x00,0x13,
    0x08,0xfc,0x12,0x0f,0x80,0x09,0x03,0x0c,0x60,0x02,0x0e,0x00,0x13,0x0c,0x60,0x02,
    0x06,0x62,0x06,0x06,0x02,0x00,0x0a,0x1c,0x1a,0x0f,0x20,0x07,0x45,0x0a,0x02,0x00,
    0x0f,0x60,0x02,0x01,0x0a,0x5e,0x03,0x0e,0x60,0x02,0x0c,0x5e,0x03,0x0f,0x60,0x02,
    0x85,0x48,0xf2,0xb2,0x96,0xcc,0x74,0x04,0x0f,0x20,0x07,0x03,0x08,0x10,0x01,0x0c,
    0x60,0x02,0x04,0xbe,0x04,0x06,0x46,0x00,0x11,0xdf,0x5c,0x74,0x06,0x34,0x00,0x08,
    0x7e,0x09,0x02,0x02,0x00,0x0c,0xe0,0x0b,0x3b,0x52,0xb3,0x72,0xc0,0x04,0x0f,0x60,
    0x02,0x23,0x02,0x5e,0x00,0x02,0x02,0x00,0x0f,0x60,0x02,0x21,0x0c,0xc0,0x04,0x0e,
    0x60,0x02,0x0c,0xc0,0x04,0x06,0x16,0x07,0x06,0x02,0x00,0x0f,0x20,0x07,0x0b,0x06,
    0x7c,0x09,0x0f,0x02,0x00,0x05,0x2a,0x56,0xbe,0xe4,0x09,0x0e,0x02,0x00,0x24,0x76,
    0xbe,0x74,0x12,0x06,0x02,0x00,0x0a,0x80,0x09,0x2c,0x96,0xbe,0x1c,0x08,0x0c,0xbe,
    0x17,0x08,0xba,0x17,0x02,0x02,0x00,0x08,0xbe,0x17,0x08,0xd0,0x01,0x02,0x7a,0x04,
    0x02,0x62,0x15,0x0a,0x60,0x15,0x06,0x3e,0x0e,0x04,0x02,0x00,0x08,0x80,0x09,0x04,
    0x36,0x34,0x06,0x1a,0x02,0x02,0xa2,0x42,0x02,0x1a,0x00,0x02,0x02,0x00,0x0c,0xbe,
    0x04,0x02,0x60,0x02,0x02,0x1c,0x00,0x02,0x02,0x00,0x3b,0x32,0xb3,0x32,0x5a,0x10,
    0x0c,0x5e,0x3b,0x0f,0x60,0x02,0x21,0x06,0xd4,0x00,0x02,0x02,0x00,0x0c,0x1e,0x07,
    0x0e,0x02,0x00,0x0c,0x7e,0x09,0x0e,0x02,0x00,0x0c,0xc0,0x04,0x0e,0x02,0x00,0x0a,
    0xbe,0x04,0x0f,0x02,0x00,0x01,0x0e,0xfa,0x01,0x06,0x58,0x02,0x04,0x02,0x00,0x0f,
    0x60,0x02,0x1f,0x0a,0x1e,0x1a,0x3b,0x56,0xbe,0xb5,0xb6,0x5f,0x0c,0x1e,0x07,0x22,
    0x76,0xbe,0x74,0x9c,0x06,0x02,0x00,0x0c,0xe0,0x0b,0x2a,0x96,0xbe,0xd8,0x07,0x02,
    0x94,0x86,0x06,0x30,0x00,0x48,0x00,0x00,0xf4,0xb4,0x1e,0x07,0x02,0x3e,0x02,0x06,
    0x1e,0x1a,0x0f,0x60,0x02,0x11,0x0c,0x1e,0x07,0x02,0x5e,0x02,0x08,0x60,0x02,0x02,
    0x5c,0x15,0x0c,0x4e,0x00,0x08,0xde,0x01,0x0f,0x60,0x02,0x03,0x08,0x62,0x02,0x32,
    0x9b,0xee,0x9e,0x33,0x00,0x03,0x02,0x00,0x02,0xee,0x0e,0x02,0xb2,0x00,0x02,0x02,
    0x00,0x0f,0x60,0x02,0x13,0x0a,0xd2,0x00,0x0a,0xe0,0x31,0x0f,0x60,0x02,0x01,0x0c,
    0x1e,0x1a,0x0f,0x3e,0x02,0x0f,0x0f,0x22,0x00,0x0d,0x0c,0xbe,0x04,0x0e,0x02,0x00,
    0x0c,0xbe,0x04,0x02,0xf4,0x29,0x0c,0x02,0x00,0x0f,0x60,0x02,0x1d,0x0c,0x20,0x07,
    0x2a,0x56,0xbe,0x32,0x06,0x02,0x60,0x02,0x08,0x80,0x1c,0x0c,0x1e,0x07,0x02,0x60,
    0x02,0x08,0xc2,0x04,0x0c,0x7e,0x09,0x02,0x60,0x02,0x08,0x62,0x02,0x0c,0xc0,0x04,
    0x0f,0x80,0x09,0x1f,0x0f,0x60,0x02,0x19,0x0a,0xde,0x01,0x04,0x02,0x00,0x0f,0x60,
    0x02,0x0b,0x04,0x26,0x00,0x06,0x02,0x00,0x02,0x72,0x01,0x02,0x4e,0x11,0x02,0x0c,
    0x00,0x04,0x80,0x09,0x02,0x0a,0x00,0x04,0x02,0x00,0x0a,0x20,0x07,0x02,0x7e,0x09,
    0x0a,0x50,0x00,0x0a,0x20,0x07,0x0c,0x7e,0x09,0x02,0xec,0x0e,0x08,0x62,0x02,0x0c,
    0x7e,0x09,0x0e,0x20,0x07,0x0e,0x5e,0x02,0x1b,0x76,0x20,0x1a,0x0e,0x60,0x02,0x0c,
    0x20,0x07,0x0e,0x60,0x02,0x02,0x4e,0xa0,0x0a,0x02,0x00,0x0f,0x60,0x02,0x0b,0x04,
    0x04,0x01,0x06,0x02,0x00,0x0c,0x60,0x02,0x0c,0x7e,0x09,0x0f,0x60,0x02,0xb3,0x0f,
    0x64,0x02,0x03,0x4a,0xbe,0xff,0x1d,0xf7,0x34,0x15,0x4a,0x3c,0xe7,0x7d,0xef,0x12,
    0x00,0x04,0x02,0x00,0x02,0x44,0x00,0x0c,0x60,0x02,0x0e,0xbe,0x04,0x0e,0x60,0x02,
    0x02,0xc4,0x7d,0x04,0x48,0x00,0x0e,0x60,0x15,0x0f,0x60,0x02,0x13,0x04,0x80,0x00,
    0x02,0x02,0x00,0x11,0x56,0x4a,0xc7,0x02,0x0c,0x00,0x02,0x1a,0x1a,0x0c,0x22,0x00,
    0x0f,0x60,0x02,0x61,0x0c,0xb6,0x06,0x0c,0x02,0x00,0x0a,0x38,0x0e,0x0f,0x02,0x00,
    0x01,0x4f,0x76,0xbe,0x76,0xbe,0xa6,0x02,0x01,0x06,0x02,0x00,0x4e,0x96,0xbe,0x96,
    0xbe,0xc0,0x04,0x08,0x02,0x00,0x11,0xb6,0x4e,0xb3,0x0f,0x20,0x07,0x09,0x16,0xd6,
    0xd3,0x19,0x07,0x50,0x2f,0x0a,0x42,0x07,0x0e,0xc0,0x04,0x02,0x22,0x07,0x06,0x6a,
    0x00,0x06,0x98,0x23,0x06,0x02,0x00,0x21,0xba,0xde,0x53,0x00,0x0f,0x02,0x00,0x16,
    0x46,0x7e,0xf7,0x1d,0xf7,0x3e,0x00,0x04,0x60,0x02,0x02,0x0a,0x00,0x04,0xbe,0x04,
    0x0c,0xc0,0x04,0x0a,0x02,0x00,0x0f,0x60,0x02,0x01,0x06,0xae,0x02,0x0f,0x1e,0x07,
    0x03,0x0c,0x02,0x00,0x0f,0x7e,0x09,0x65,0x0f,0xc0,0x04,0x1d,0x0c,0xd4,0x01,0x0c,
    0xa0,0x23,0x4a,0x56,0xbe,0x56,0xbe,0x3c,0x0e,0x0c,0xc0,0x04,0x0f,0x60,0x02,0x03,
    0x08,0x40,0x0e,0x4c,0x96,0xbe,0x34,0xb5,0xde,0x0b,0x0a,0x20,0x07,0x02,0x60,0x02,
    0x02,0x5c,0x00,0x04,0x02,0x00,0x02,0x20,0x07,0x04,0x82,0x09,0x0f,0x60,0x02,0x01,
    0x0c,0xa0,0x10,0x0f,0xde,0x0b,0x03,0x06,0x60,0x02,0x06,0x7e,0x09,0x06,0x02,0x00,
    0x04,0x40,0x0e,0x0f,0x5f,0x02,0x15,0x22,0xb6,0xcc,0xb8,0x2a,0x08,0x02,0x00,0x0a,
    0x20,0x07,0x0f,0xc0,0x04,0x13,0x0c,0x3e,0x05,0x0e,0x20,0x07,0x08,0x62,0x00,0x0f,
    0x20,0x07,0x03,0x0a,0x22,0x00,0x0f,0xc0,0x04,0x21,0x0a,0x42,0x00,0x02,0x0a,0x04,
    0x08,0x14,0x00,0x0e,0xde,0x0b,0x0f,0x60,0x02,0x1d,0x0f,0x7a,0x04,0x01,0x02,0x20,
    0x07,0x06,0xdc,0x01,0x0f,0x60,0x02,0x05,0x04,0xba,0x01,0x0f,0x46,0x00,0x01,0x02,
    0x60,0x02,0x04,0xdc,0x50,0x0f,0xbe,0x04,0x01,0x0a,0x00,0x13,0x0e,0xbe,0x04,0x0a,
    0x60,0x02,0x13,0xb1,0xce,0x4b,0x02,0x02,0x00,0x02,0x04,0x01,0x0a,0x60,0x02,0x0f,
    0xbe,0x04,0x05,0x04,0xa6,0x00,0x0f,0x60,0x02,0x0b,0x02,0x02,0x00,0x46,0x12,0xb3,
    0xf4,0xc3,0xa0,0x1c,0x02,0x02,0x00,0x55,0xbe,0xf7,0x3c,0xe7,0x7d,0x80,0x2f,0x0e,
    0x5e,0x02,0x0e,0x60,0x02,0x0c,0x1c,0x02,0x0a,0x20,0x07,0x33,0x52,0xb3,0x92,0x5c,
    0x84,0x02,0x60,0x00,0x02,0x02,0x00,0x08,0x60,0x02,0x4c,0x92,0xb3,0xd3,0xb3,0xde,
    0x1f,0x0a,0x20,0x1a,0x44,0x93,0xb3,0x33,0xb4,0x7a,0x03,0x04,0x02,0x00,0x0a,0x60,
    0x02,0x3d,0x94,0xb4,0x74,0x58,0x6e,0x0a,0x20,0x07,0x08,0xc2,0x01,0x04,0x02,0x00,
    0x0a,0x80,0x09,0x3d,0xd4,0xb4,0x55,0xdc,0x4a,0x0f,0x60,0x02,0x1d,0x2e,0x71,0xb2,
    0xa8,0x07,0x04,0xbc,0x0d,0x13,0x95,0x30,0x84,0x13,0xb3,0x10,0x01,0x08,0x02,0x00,
    0x51,0xf4,0xb4,0x75,0xbd,0x75,0xda,0x4b,0x4c,0x00,0x00,0x51,0xb2,0x4c,0x03,0x02,
    0x60,0x02,0x42,0x95,0xbd,0x95,0xbd,0xb4,0x17,0x2c,0x71,0xb2,0xdc,0xec,0x02,0xe0,
    0x0b,0x62,0xb5,0xbd,0xb5,0xbd,0xd5,0xbd,0xd4,0xac,0x0e,0x44,0x00,0x08,0x0e,0xc2,
    0x0f,0x60,0x02,0x01,0x02,0x22,0x00,0x04,0x5c,0x25,0x4e,0xd2,0xb2,0xd3,0xb3,0x70,
    0x03,0x02,0x58,0xad,0x02,0x3c,0x1e,0x28,0xf2,0xb2,0xe6,0x42,0x02,0x02,0x00,0x33,
    0x95,0xbd,0x95,0xf4,0x94,0x02,0x98,0x06,0x17,0xb4,0x08,0x43,0x02,0x02,0x00,0x02,
    0x20,0x4f,0x04,0x28,0x08,0x0f,0xb6,0x96,0x01,0x31,0xd5,0xbd,0xd5,0xe2,0x4c,0x02,
    0xc0,0x18,0x1f,0x74,0x7c,0x16,0x00,0x44,0xf5,0xbd,0xf5,0xbd,0xbc,0x01,0x24,0x52,
    0xb3,0x76,0xa0,0x02,0x5a,0x02,0x04,0x02,0x00,0x11,0x16,0x3a,0x0b,0x02,0x86,0x45,
    0x0a,0xfa,0x0c,0x06,0x02,0x00,0x04,0x0a,0x49,0x02,0x7c,0x03,0x06,0x18,0x00,0x0e,
    0x02,0x00,0x0a,0x7c,0x03,0x0f,0x02,0x00,0x01,0x0e,0x7c,0x16,0x0c,0x02,0x00,0x02,
    0xd2,0x3a,0x0a,0x16,0x00,0x0f,0x60,0x02,0x31,0x91,0xd4,0xb4,0xd4,0xb4,0xf4,0xb4,
    0x55,0xb5,0xb5,0x60,0x02,0x1f,0x31,0x00,0x45,0x00,0x71,0xf4,0xb4,0xf4,0xb4,0x34,
    0xb5,0x75,0x58,0x01,0x4e,0x00,0x00,0x51,0xb2,0xd8,0x01,0x51,0x14,0xb5,0x14,0xb5,
    0x55,0xbc,0x01,0x02,0x7c,0x09,0x08,0x62,0x47,0x02,0x02,0x00,0x02,0xc6,0xe5,0x42,
    0xb5,0xbd,0x16,0xbe,0x7e,0x09,0x0e,0x12,0x26,0x31,0x55,0xb5,0x55,0x1a,0x63,0x2f,
    0x36,0xbe,0x60,0x02,0x03,0x02,0x44,0x01,0x06,0x60,0x02,0x39,0x72,0xb3,0x74,0x58,
    0x11,0x04,0x44,0x01,0x02,0x60,0x02,0x6c,0xf2,0xb2,0xf2,0xb2,0xb3,0xb3,0x48,0x11,
    0x35,0x95,0xbd,0x95,0xbe,0x85,0x57,0x12,0xb3,0x32,0xb3,0x33,0x62,0x47,0x02,0x02,
    0x00,0x02,0x04,0x03,0x02,0x60,0x02,0x5d,0x32,0xb3,0x92,0xb3,0x94,0xda,0x64,0x31,
    0xd5,0xbd,0xd5,0x9c,0x20,0x71,0x76,0xbe,0x00,0x00,0x52,0xb3,0x13,0x3e,0x01,0x02,
    0x3c,0x00,0x04,0x02,0x00,0x53,0xf5,0xbd,0xf5,0xbd,0x56,0xbc,0x27,0x42,0x52,0xb3,
    0x94,0xb4,0x5a,0x0f,0x04,0x5a,0x02,0x04,0xe0,0x1e,0x04,0x9a,0x24,0x48,0xb3,0xb3,
    0xf4,0xb4,0x5a,0x0f,0x06,0x20,0x07,0x04,0x60,0x02,0x2e,0x33,0xb4,0x1c,0xb0,0x06,
    0x04,0x03,0x02,0x1e,0x27,0x0c,0x1c,0x14,0x02,0xc0,0x04,0x02,0x04,0x03,0x02,0xe4,
    0x08,0x3b,0x75,0xbd,0x75,0xa0,0x04,0x04,0x04,0x03,0x02,0x02,0x00,0x11,0x55,0x1c,
    0x01,0x02,0x0c,0x00,0x04,0x02,0x00,0x0f,0x60,0x02,0x05,0x02,0x02,0x21,0x0f,0x80,
    0x55,0x01,0x04,0x3a,0x00,0x06,0x02,0x00,0x04,0x20,0x07,0x02,0xbc,0x14,0x0e,0x1e,
    0x07,0x02,0x60,0x02,0x06,0xa0,0x00,0x0f,0x64,0x07,0x01,0x08,0x20,0x07,0x0f,0x1e,
    0x07,0x01,0x02,0xc0,0x04,0x13,0x34,0xd8,0x73,0x0e,0x1e,0x07,0x04,0x9e,0x04,0x13,
    0x95,0x3c,0x0b,0x0f,0xc0,0x04,0x01,0x02,0x60,0x02,0x02,0x2c,0x00,0x02,0x20,0x07,
    0x04,0x0c,0x00,0x04,0x02,0x00,0x08,0xa4,0x03,0x0f,0x7e,0x09,0x01,0x04,0x60,0x02,
    0x02,0x30,0x00,0x0e,0xfc,0x12,0x04,0x60,0x15,0x04,0x22,0x00,0x04,0xbc,0x17,0x0a,
    0x02,0x00,0x08,0x80,0x09,0x0f,0x7e,0x09,0x01,0x02,0x60,0x02,0x04,0x34,0x00,0x04,
    0x7e,0x09,0x0a,0x60,0x02,0x08,0xa0,0x23,0x0f,0x5c,0x15,0x01,0x0c,0x20,0x07,0x0e,
    0xee,0x05,0x0a,0x60,0x02,0x0f,0x96,0x06,0x01,0x08,0x5e,0x02,0x0f,0x5c,0x15,0x03,
    0x08,0x60,0x02,0x0e,0x9c,0x10,0x02,0xa2,0x09,0x0a,0x9c,0x10,0x02,0x80,0x55,0x0f,
    0x60,0x02,0x09,0x0f,0x62,0x02,0x05,0x02,0xb2,0x03,0x0f,0x02,0x00,0x03,0x02,0x20,
    0x1a,0x0a,0xb0,0x00,0x0a,0x02,0x00,0x02,0x60,0x02,0x08,0xb0,0x00,0x0c,0x02,0x00,
    0x02,0x80,0x09,0x02,0x12,0x06,0x0c,0xdc,0x0b,0x02,0x02,0x00,0x02,0xa0,0x23,0x11,
    0xd6,0xbe,0x04,0x0f,0x60,0x02,0x0d,0x0e,0xdc,0x0b,0x06,0xc0,0x04,0x02,0x0c,0x00,
    0x0f,0x3c,0x0e,0x01,0x0e,0x60,0x02,0x02,0x2c,0x00,0x08,0x02,0x00,0x08,0x20,0x1a,
    0x0f,0x7e,0x09,0x01,0x08,0x60,0x02,0x0f,0x5e,0x02,0x03,0x02,0x60,0x02,0x02,0x62,
    0x02,0x04,0x3c,0x0e,0x0f,0x60,0x02,0x07,0x0f,0x5e,0x02,0x01,0x04,0xc2,0x04,0x02,
    0x0a,0x00,0x0f,0x5e,0x02,0x01,0x04,0x02,0x13,0x02,0x0a,0x00,0x0f,0x02,0x00,0x03,
    0x0f,0xb0,0x01,0x09,0x02,0x02,0x00,0x0f,0xb0,0x01,0x09,0x02,0x02,0x00,0x0f,0x60,
    0x02,0x31,0x02,0xc0,0x04,0x02,0x60,0x02,0x06,0xf8,0x25,0x08,0x02,0x00,0x08,0x60,
    0x02,0x2f,0x51,0xb2,0xc0,0x04,0x07,0x02,0xb0,0x00,0x0f,0xc4,0x02,0x03,0x06,0x60,
    0x02,0x0f,0x38,0x22,0x05,0x02,0x60,0x02,0x04,0xd8,0x1f,0x02,0x48,0x06,0x02,0x02,
    0x00,0x02,0x8c,0x00,0x08,0xc0,0x04,0x0f,0xde,0x0b,0x01,0x0e,0xc0,0x04,0x02,0x38,
    0x00,0x08,0x02,0x00,0x02,0x20,0x07,0x02,0x12,0x00,0x06,0x98,0x23,0x08,0x02,0x00,
    0x06,0x60,0x02,0x0f,0xbe,0x04,0x03,0x0f,0x60,0x02,0x33,0x06,0xe0,0x0b,0x0f,0x60,
    0x02,0x25,0x08,0xc0,0x04,0x0f,0xbe,0x04,0x01,0x02,0x60,0x02,0x02,0x24,0x0a,0x0f,
    0x5c,0x15,0x01,0x02,0x9e,0x04,0x06,0x40,0x0e,0x0e,0xf4,0x08,0x02,0x22,0x00,0x02,
    0xb4,0x04,0x08,0x02,0x00,0x0f,0xc0,0x04,0x21,0x2f,0xf5,0xbd,0x0c,0x03,0x09,0x5f,
    0xf4,0xb4,0xf4,0xb4,0xf5,0x90,0x23,0x0a,0x11,0x14,0x2c,0x7a,0x06,0xae,0x00,0x0e,
    0x02,0x00,0x42,0x34,0xb5,0x34,0xb5,0xd4,0x03,0x0f,0xc0,0x04,0x0b,0x0f,0x60,0x02,
    0x0d,0x02,0x22,0x07,0x0f,0xc0,0x04,0xad,0x0f,0x60,0x02,0x2f,0x02,0x62,0x02,0x0e,
    0x68,0x01,0x08,0x02,0x00,0x06,0x60,0x02,0x0f,0x02,0x00,0x05,0x0f,0xb2,0x01,0x09,
    0x0f,0x60,0x02,0x39,0x1f,0xd5,0x60,0x02,0x0e,0x0f,0x8e,0x32,0x0b,0x06,0x60,0x02,
    0x0f,0xbe,0x04,0x03,0x02,0x60,0x02,0x02,0xd8,0x0d,0x0f,0x7e,0x09,0x03,0x02,0xa0,
    0x04,0x22,0xd5,0xbd,0xbe,0x04,0x0f,0xc0,0x04,0x07,0x22,0x75,0xb5,0x5e,0x02,0x0e,
    0x7e,0x09,0x08,0xc0,0x04,0x0f,0x7e,0x09,0x03,0x08,0xc0,0x04,0x0f,0xbe,0x04,0x03,
    0x0c,0xc0,0x04,0x02,0x66,0x01,0x0a,0x02,0x00,0x06,0x80,0x09,0x0f,0x5a,0x15,0x05,
    0x04,0x84,0x0c,0x08,0x1e,0x07,0x0a,0x80,0x09,0x04,0x60,0x02,0x0e,0xba,0x17,0x04,
    0x02,0x00,0x04,0x20,0x1a,0x33,0x93,0xb3,0xb3,0x10,0xfc,0x0a,0x02,0x00,0x06,0xc0,
    0x04,0x33,0xb3,0xb3,0x52,0x70,0xfe,0x0a,0x02,0x00,0x06,0xa0,0x36,0x4f,0xd3,0xb3,
    0xd2,0xb2,0x94,0x08,0x01,0x06,0xc0,0x04,0x6a,0xf3,0xb3,0xb1,0xb2,0xb1,0xb2,0x40,
    0x00,0x0f,0x60,0x02,0x0b,0x02,0xec,0x06,0x1b,0x51,0xa2,0x6f,0x0f,0xfe,0x01,0x03,
    0x15,0xb5,0x5e,0x02,0x0f,0xde,0x0b,0x01,0x35,0x00,0x00,0xf4,0x80,0x02,0x0f,0x1e,
    0x07,0x03,0x71,0x00,0x00,0x14,0xb5,0xd5,0xbd,0x15,0x8c,0x05,0x0f,0x62,0x00,0x03,
    0x62,0x00,0x00,0x34,0xb5,0xb5,0xbd,0x26,0x0d,0x0f,0x60,0x02,0x07,0x4f,0xb5,0xbd,
    0x55,0xb5,0x60,0x02,0x59,0x0f,0x80,0x09,0x0b,0x0f,0x7e,0x09,0x03,0x06,0x60,0x02,
    0x0f,0x7e,0x09,0x05,0x0f,0x60,0x02,0x1d,0x0f,0x2a,0x03,0x01,0x0f,0x60,0x02,0x0f,
    0x02,0x62,0x02,0x02,0x1a,0x1a,0x1f,0x72,0x60,0x02,0x02,0x02,0x62,0x02,0x02,0x1e,
    0x07,0x2f,0x32,0xb3,0x60,0x02,0x0d,0x1f,0xd2,0x60,0x02,0x00,0x0f,0x80,0x55,0x21,
    0x0e,0xe0,0x0b,0x1f,0x56,0x8a,0xb6,0x0e,0x42,0xb5,0xbd,0x56,0xbe,0xd8,0x0d,0x0f,
    0x02,0x00,0x05,0x44,0x75,0xbd,0x76,0xbe,0x5a,0x0b,0x0f,0x02,0x00,0x03,0x15,0x55,
    0x60,0x02,0x0f,0x02,0x00,0x05,0x33,0x55,0xb5,0x75,0xa2,0xbf,0x2a,0xb1,0xb2,0xee,
    0x03,0x04,0x32,0x00,0x15,0x55,0x5e,0x74,0x0f,0x94,0x01,0x03,0x06,0x40,0x0e,0x0f,
    0xde,0x0b,0x03,0x0f,0xc0,0x04,0x5d,0x22,0x00,0x00,0x7a,0x1c,0x02,0x02,0x00,0x02,
    0x4c,0x0a,0x02,0x02,0x00,0x04,0xc0,0x04,0x0f,0x02,0x00,0x07,0x04,0xc0,0x04,0x0f,
    0x02,0x00,0x07,0x02,0x32,0x0b,0x0f,0x02,0x00,0x09,0x0f,0x20,0x07,0x2d,0x0f,0x60,
    0x02,0x35,0x22,0x56,0xbe,0xd6,0x08,0x0f,0x02,0x00,0x05,0x42,0x15,0xbe,0x36,0xbe,
    0xc4,0x11,0x0f,0x02,0x00,0x05,0x22,0x95,0xbd,0xfe,0x84,0x0f,0xc0,0x02,0x01,0x02,
    0x02,0x00,0x6f,0x75,0xb5,0x95,0xbd,0x34,0xb5,0xbe,0x04,0x07,0x24,0x00,0x00,0xbe,
    0x76,0x02,0xaa,0x05,0x02,0x88,0x01,0x02,0x02,0x00,0x02,0x42,0x00,0x02,0xe0,0x0b,
    0x2f,0x75,0xb5,0xdc,0x0b,0x03,0x01,0x42,0x00,0x03,0x40,0x34,0x0f,0x1e,0x07,0x05,
    0x06,0x60,0x02,0x0f,0x9c,0x10,0x03,0x08,0x20,0x07,0x0f,0xbe,0x04,0x05,0x0a,0xc0,
    0x04,0x02,0x34,0x00,0x0c,0x02,0x00,0x08,0x20,0x07,0x06,0x1c,0x00,0x02,0xcc,0x00,
    0x02,0x02,0x00,0x02,0x60,0x02,0x0f,0x1e,0x07,0x07,0x04,0x60,0x02,0x0f,0x3c,0x0e,
    0x05,0x06,0xc0,0x04,0x0f,0xdc,0x0b,0x03,0x02,0x02,0x00,0x04,0x60,0x02,0x0e,0x1a,
    0x1a,0x02,0x02,0x00,0x06,0x20,0x07,0x0f,0x02,0x00,0x03,0x0f,0x60,0x02,0x33,0x02,
    0x40,0x0e,0x02,0x52,0x07,0x0f,0x68,0x00,0x03,0x02,0x40,0x0e,0x0f,0x1e,0x07,0x07,
    0x02,0x80,0x09,0x0f,0x60,0x02,0x0b,0x02,0x40,0x0e,0x0f,0x60,0x02,0x09,0x04,0x40,
    0x0e,0x0e,0x60,0x02,0x02,0x62,0x02,0x02,0x60,0x02,0x0f,0x7e,0x09,0x07,0x06,0xc0,
    0x04,0x0f,0x60,0x02,0x73,0x04,0x98,0x23,0x04,0x02,0x00,0x02,0x5a,0x02,0x02,0x02,
    0x00,0x33,0x1b,0xdf,0x16,0xae,0x50,0x0e,0x5e,0x1a,0x04,0x5e,0x02,0x04,0x60,0x02,
    0x0e,0xfc,0x12,0x04,0x5e,0x02,0x0f,0x60,0x02,0x0b,0x06,0x5e,0x02,0x0f,0x60,0x02,
    0x0d,0x0f,0xfc,0x12,0x03,0x0f,0x60,0x02,0x25,0x0c,0x22,0x07,0x06,0x60,0x02,0x0f,
    0x02,0x00,0x05,0x04,0x60,0x02,0x0f,0x02,0x00,0x07,0x02,0x00,0x13,0x0f,0x20,0x00,
    0x07,0x06,0x60,0x02,0x0f,0x02,0x00,0x07,0x06,0x60,0x02,0x0c,0x0e,0x0b,0x0a,0x60,
    0x02,0x0f,0x1e,0x07,0x05,0x0a,0x60,0x02,0x0f,0x68,0x00,0x03,0x04,0xa0,0x10,0x0f,
    0x7c,0x09,0x03,0x0f,0xc0,0x04,0x39,0x22,0x00,0x00,0xe0,0x0b,0x02,0x56,0x00,0x0c,
    0xd2,0x00,0x22,0xfa,0xd6,0xec,0x0c,0x0f,0x5e,0x02,0x03,0x02,0xbe,0x04,0x11,0x36,
    0xd0,0x0a,0x0f,0x02,0x00,0x05,0x06,0xe0,0x0b,0x0f,0x02,0x00,0x05,0x04,0x60,0x02,
    0x0f,0x02,0x00,0x07,0x0f,0xc0,0x04,0x25,0x02,0x52,0x00,0x0f,0xc0,0x17,0x03,0x0f,
    0x60,0x02,0x47,0x02,0x76,0x00,0x0f,0x02,0x00,0x03,0x04,0xbe,0x04,0x0f,0x02,0x00,
    0x07,0x0a,0x5e,0x02,0x0a,0xee,0x03,0x0a,0x60,0x02,0x0f,0x7c,0x09,0x03,0x06,0x60,
    0x02,0x0f,0x7c,0x09,0x05,0x02,0x20,0x07,0x0f,0x1a,0xa6,0x01,0x08,0x02,0x00,0x02,
    0x00,0x13,0x0f,0x1e,0x07,0x4b,0x04,0x9e,0x6f,0x0f,0x5e,0x02,0x05,0x0f,0x60,0x02,
    0x15,0x08,0xb8,0x00,0x0e,0x02,0x00,0x0f,0x60,0x02,0x7d,0x0f,0x1e,0x07,0x05,0x04,
    0xc0,0x04,0x0f,0x3c,0x0e,0x05,0x04,0x20,0x07,0x0f,0x1e,0x07,0x31,0x06,0x4a,0x61,
    0x02,0x48,0x06,0x06,0x02,0x00,0x02,0x82,0x02,0x0f,0x7e,0x09,0x09,0x04,0xc0,0x04,
    0x0f,0x1e,0x07,0x07,0x08,0x60,0x02,0x0f,0x3c,0x0e,0x01,0x06,0xc0,0x04,0x0f,0x60,
    0x02,0x2f,0x0f,0x1e,0x07,0x09,0x11,0xdf,0x5e,0x74,0x0f,0x7e,0x09,0x0d,0x2f,0x36,
    0xbe,0x7e,0x09,0x31,0x0f,0x1e,0x07,0x07,0x04,0xc0,0x04,0x0f,0x1e,0x07,0x05,0x02,
    0x20,0x00,0x08,0x5a,0x15,0x02,0x02,0x00,0x04,0xc0,0x04,0x2f,0x00,0x00,0xa0,0x10,
    0x03,0x0c,0x20,0x07,0x0c,0x02,0x00,0x04,0x8a,0x1c,0x0f,0x02,0x00,0x07,0x2f,0x75,
    0xbd,0x2c,0x0e,0x03,0x06,0x5c,0x00,0x04,0xaa,0x23,0x0c,0x02,0x00,0x06,0x9c,0x10,
    0x04,0x46,0x17,0x06,0x02,0x00,0x06,0x5c,0x15,0x02,0x46,0x0b,0x16,0xdf,0x5d,0x02,
    0x01,0x02,0x00,0x02,0x42,0x24,0x0f,0xde,0x0b,0x07,0x04,0x98,0x00,0x0f,0x60,0x02,
    0x07,0x3f,0x94,0xb4,0x75,0x34,0xc0,0x0c,0x11,0xb4,0xa2,0xcb,0x0f,0xde,0x0b,0x09,
    0x22,0xd4,0xb4,0x24,0x1d,0x0f,0xfc,0x12,0x05,0x04,0x4c,0x08,0x0a,0x60,0x02,0x01,
    0xc1,0x00,0x05,0x02,0x00,0x4f,0xdb,0xe6,0x14,0xb5,0xde,0x0b,0x09,0x04,0x50,0x21,
    0x0f,0x60,0x02,0x07,0x02,0x0c,0x01,0x0f,0x7e,0x09,0x07,0x04,0xac,0x0a,0x02,0x9e,
    0x10,0x02,0x08,0x00,0x0a,0x02,0x00,0x06,0x6c,0x0f,0x0f,0xba,0x17,0x03,0x4f,0x00,
    0x00,0x76,0xbe,0xe0,0x0b,0x05,0x04,0x4a,0x00,0x0f,0x60,0x02,0x03,0x22,0x91,0xb2,
    0xca,0x01,0x02,0x02,0x00,0x1b,0xb3,0x22,0x20,0x08,0x9a,0x00,0x02,0x02,0x00,0x1b,
    0x33,0x22,0x20,0x06,0x9a,0x00,0x04,0x02,0x00,0x22,0x74,0xb4,0xde,0x0b,0x04,0x02,
    0x00,0x04,0xe6,0x08,0x06,0x02,0x00,0x11,0xf4,0x9e,0x82,0x06,0x10,0x00,0x02,0x86,
    0x06,0x06,0x10,0x00,0x0e,0x72,0x92,0x2a,0xd5,0xbd,0x92,0xfd,0x26,0xdf,0xff,0x9e,
    0x10,0x02,0x02,0x00,0x04,0xa6,0x0d,0x04,0x02,0x00,0x11,0xd4,0x44,0x24,0x04,0x0e,
    0x00,0x04,0x94,0x42,0x02,0x0a,0x00,0x02,0x02,0x00,0x13,0xf4,0x3e,0x02,0x04,0x02,
    0x00,0x0a,0x46,0x1e,0x02,0x26,0x0a,0x06,0xde,0x1e,0x08,0x46,0x0b,0x04,0x02,0x00,
    0x3b,0xd4,0xb4,0x75,0x9c,0x82,0x0c,0x86,0x06,0x31,0xf4,0xb4,0x95,0xd8,0xb6,0x04,
    0x32,0x00,0x59,0x00,0x00,0x96,0xbe,0x7c,0x3a,0xfe,0x2c,0xbe,0xff,0x00,0xaa,0x04,
    0x4a,0x21,0x04,0x02,0x00,0x3b,0x34,0xb5,0x15,0x7e,0x09,0x02,0x94,0x19,0x04,0x02,
    0x00,0x11,0x35,0xb6,0xe6,0x0f,0x20,0x07,0x09,0x4f,0x55,0xb5,0x55,0xb5,0x12,0x17,
    0x0b,0x3b,0x75,0xbd,0x95,0x86,0x00,0x0c,0x02,0x00,0x1f,0x56,0x60,0x02,0x24,0x19,
    0x71,0x60,0x02,0x02,0xe0,0x0b,0x06,0x5c,0x00,0x0e,0x60,0x02,0x04,0x92,0x03,0x04,
    0x78,0x1c,0x0e,0x60,0x02,0x02,0xde,0x0b,0x08,0xbe,0x04,0x0c,0x46,0x44,0x02,0x80,
    0x09,0x08,0xbe,0x04,0x0a,0xc8,0x01,0x02,0x78,0x00,0x22,0x94,0xb4,0x3c,0x0e,0x02,
    0xc0,0x04,0x0c,0x26,0x50,0x66,0x9e,0xf7,0xd7,0xc5,0xd3,0xb3,0xba,0x17,0x0c,0x60,
    0x02,0x02,0x98,0x00,0x08,0xbe,0x04,0x02,0xaa,0x23,0x06,0x02,0x00,0x02,0x98,0x00,
    0x06,0x1c,0x07,0x0e,0x60,0x02,0x02,0x40,0x07,0x06,0x1e,0x07,0x0e,0x46,0x0b,0x33,
    0xb5,0xbd,0xd5,0xd8,0xaa,0x02,0x58,0x00,0x0e,0x60,0x02,0x66,0xd5,0xbd,0xf5,0xbd,
    0xf4,0xb4,0xfa,0x12,0x0c,0x52,0x51,0x02,0x5c,0x87,0x08,0x1e,0x07,0x0e,0x60,0x02,
    0x0c,0x1e,0x07,0x06,0x34,0x04,0x02,0x02,0x00,0x5f,0x55,0xb5,0x36,0xbe,0x56,0x38,
    0xad,0x08,0x77,0x55,0xb5,0x55,0xb5,0x56,0xbe,0x76,0x38,0xad,0x0c,0x02,0x00,0x31,
    0x75,0xbd,0x75,0xf2,0x1b,0x0f,0xbe,0x04,0x05,0x02,0x1e,0x07,0x0f,0x20,0x07,0x23,
    0x1f,0x71,0x0a,0x18,0x00,0x06,0x7e,0x09,0x08,0xde,0x04,0x06,0x02,0x00,0x08,0x7e,
    0x09,0x0a,0x26,0x04,0x04,0x02,0x00,0x0f,0x58,0x00,0x03,0x08,0x02,0x00,0x06,0x60,
    0x02,0x0f,0x02,0x00,0x01,0x08,0x7e,0x09,0x02,0x02,0x00,0x05,0x51,0x06,0x05,0x02,
    0x00,0x26,0x58,0xdd,0x60,0x02,0x0e,0x02,0x00,0x0c,0x60,0x02,0x0e,0x02,0x00,0x1f,
    0x95,0x3c,0x0e,0x0a,0x02,0x80,0x09,0x0f,0x1e,0x07,0x09,0x02,0xfa,0x02,0x0f,0xba,
    0x17,0x07,0x04,0x02,0x00,0x06,0x1a,0x1a,0x05,0xbb,0x00,0x05,0x02,0x00,0x02,0x24,
    0x00,0x08,0x60,0x02,0x0f,0x02,0x00,0x03,0x0f,0x1e,0x07,0x07,0x04,0x02,0x00,0x0f,
    0xbc,0x10,0x05,0x06,0x02,0x00,0x0f,0x7e,0x09,0x09,0x02,0x02,0x00,0x0f,0x7e,0x09,
    0x0b,0x0f,0x60,0x02,0x01,0x02,0x38,0x00,0x0f,0x80,0x09,0x09,0x08,0x60,0x02,0x0e,
    0x3c,0x47,0x0c,0x02,0x00,0x0a,0x9c,0x36,0x0f,0x02,0x00,0x01,0x0a,0x1e,0x07,0x0f,
    0x02,0x00,0x01,0x04,0x52,0x08,0x0f,0x02,0x00,0x05,0x04,0x3e,0x0e,0x0c,0x02,0x00,
    0x05,0x95,0x01,0x05,0x02,0x00,0x17,0x9e,0xf0,0x31,0x0a,0x02,0x00,0x06,0xc0,0x04,
    0x0a,0x18,0x00,0x06,0x02,0x00,0x02,0xb4,0x5f,0x06,0xc0,0x04,0x0e,0x02,0x00,0x02,
    0x56,0x05,0x06,0xc0,0x04,0x0e,0x02,0x00,0x02,0x5e,0x3b,0x0f,0x7e,0x09,0x05,0x06,
    0x56,0x05,0x0c,0x92,0x36,0x06,0x02,0x00,0x0f,0xfa,0x97,0x13,0x0e,0x7a,0x00,0x0a,
    0x02,0x00,0x0f,0x1e,0x07,0x09,0x0f,0x02,0x00,0x33,0x0f,0x40,0x80,0x05,0x06,0x5e,
    0x00,0x0f,0x80,0x09,0x03,0x0e,0x60,0x02,0x08,0x20,0x07,0x0e,0x02,0x00,0x0f,0x60,
    0x02,0x2f,0x02,0x1e,0x07,0x0e,0x5a,0x00,0x06,0x02,0x00,0x0f,0x60,0x02,0x05,0x0f,
    0x62,0x02,0x01,0x0f,0x02,0x00,0x05,0x55,0xdb,0xde,0xda,0xde,0x3c,0x62,0x61,0x0f,
    0x02,0x00,0x01,0x44,0xda,0xde,0xda,0xde,0x22,0x5f,0x0f,0x02,0x00,0x01,0x4a,0xbe,
    0xf7,0xfb,0xde,0xf6,0x09,0x0c,0x02,0x00,0x5c,0x9e,0xf7,0xfb,0xde,0x1b,0x79,0x0c,
    0x09,0x02,0x00,0x59,0x7d,0xef,0x1b,0xdf,0x3c,0x70,0x09,0x0a,0x02,0x00,0x02,0xb6,
    0x07,0x0a,0x18,0x0a,0x0c,0x02,0x00,0x0e,0xb8,0x07,0x0c,0x02,0x00,0x02,0x5c,0x15,
    0x0f,0x02,0x00,0x09,0x0c,0xb8,0x07,0x0e,0x02,0x00,0x0f,0xfe,0x12,0x0b,0x02,0x5e,
    0x02,0x0f,0xc0,0x04,0x0b,0x02,0xd6,0x06,0x08,0x02,0x00,0x02,0x5e,0x02,0x0c,0xc0,
    0x04,0x0f,0xf6,0x25,0x03,0x04,0x02,0x00,0x0f,0x9c,0x10,0x0d,0x02,0xc0,0x04,0x0a,
    0x56,0x00,0x0a,0x02,0x00,0x6f,0x34,0xb5,0x34,0xb5,0xd4,0xb4,0x1e,0x07,0x09,0x57,
    0x55,0xb5,0x55,0xb5,0x13,0x7e,0x09,0x08,0x02,0x00,0x0a,0xa0,0x01,0x0f,0x02,0x00,
    0xab,0x04,0x76,0x0c,0x2f,0x74,0xb4,0xfc,0x12,0x07,0x02,0x60,0x02,0x17,0x13,0xfc,
    0x92,0x0e,0x02,0x00,0x1f,0x56,0x7e,0x09,0x0a,0x02,0xfe,0x0d,0x0f,0x7e,0x09,0x09,
    0x04,0x60,0x09,0x0f,0x7e,0x09,0x0d,0x0f,0x60,0x02,0x25,0x08,0x62,0x02,0x02,0x8a,
    0x15,0x02,0x74,0x00,0x0f,0x02,0x00,0x05,0x08,0x7e,0x09,0x0f,0x02,0x00,0x03,0x0c,
    0x54,0x00,0x0c,0x02,0x00,0x0f,0x56,0x28,0x05,0x06,0x02,0x00,0x06,0xfc,0x12,0x0c,
    0x02,0x00,0x0f,0x54,0x02,0xab,0x06,0x02,0x00,0x06,0xd8,0x00,0x0f,0x18,0x1a,0x05,
    0x06,0x02,0x00,0x0f,0x7e,0x09,0x55,0x06,0x72,0x00,0x0a,0x02,0x00,0x0f,0xc0,0x04,
    0x2b,0x0a,0x60,0x02,0x0f,0x02,0x00,0x2d,0x0f,0xbc,0x17,0x0b,0x02,0xc0,0x04,0x0f,
    0x64,0x00,0x0b,0x04,0xd0,0x11,0x0f,0x02,0x00,0x05,0x06,0xa4,0x01,0x0f,0x02,0x00,
    0xa7,0x0f,0xdc,0x00,0x05,0x06,0x02,0x00,0x0f,0x48,0x06,0x0b,0x04,0x90,0x06,0x02,
    0x0a,0x00,0x0f,0x02,0x00,0x05,0x0f,0xdc,0x01,0x0d,0x0f,0xe8,0x03,0x15,0x0f,0x60,
    0x02,0x05,0x0a,0x78,0x00,0x08,0x1c,0x07,0x0f,0x80,0xa1,0x01,0x0f,0x7c,0x1c,0x57,
    0x0a,0x98,0x00,0x0a,0x02,0x00,0x1f,0x35,0x7c,0xde,0x0e,0x5b,0x55,0xb5,0xd7,0xc5,
    0x7d,0xaa,0x38,0x0f,0x02,0x00,0x99,0x06,0xf0,0x00,0x0f,0xde,0x0b,0x09,0x02,0x60,
    0x02,0x0f,0x7e,0x09,0x09,0x02,0x48,0x06,0x0e,0x36,0x11,0x06,0x02,0x00,0x02,0x60,
    0x02,0x0f,0x7e,0x09,0x07,0x04,0x60,0x02,0x0f,0x7e,0x09,0x07,0x51,0xb1,0xb2,0xb1,
    0xb2,0xb5,0x60,0x37,0x0f,0x20,0x07,0x01,0x06,0x6a,0x00,0x04,0xf0,0x02,0x08,0x02,
    0x00,0x04,0x80,0x09,0x04,0xc0,0x04,0x4f,0xd4,0xb4,0xd4,0xb4,0x24,0x05,0x07,0x04,
    0x1c,0x1a,0x0f,0xc2,0x1f,0x03,0x04,0x02,0x00,0x26,0x14,0xb5,0x4c,0xb1,0x0f,0x02,
    0x00,0x03,0x2e,0x34,0xb5,0x2e,0x47,0x08,0x02,0x00,0x62,0x35,0xb5,0x55,0xb5,0xd4,
    0xb4,0xb8,0x17,0x0f,0x02,0x00,0x03,0x64,0x55,0xb5,0x55,0xb5,0xb4,0xb4,0xc4,0x7d,
    0x0f,0x02,0x00,0x9b,0x0a,0xd2,0x00,0x5f,0x16,0xbe,0x16,0xbe,0xf4,0x7e,0x09,0x0e,
    0x1f,0xb4,0x7e,0x09,0x0e,0x2a,0x13,0xb4,0x58,0x00,0x0a,0x02,0x00,0x02,0x7e,0x09,
    0x0a,0x14,0x00,0x0a,0x02,0x00,0x3f,0x96,0xbe,0x16,0x88,0x4b,0x08,0x02,0x5c,0x02,
    0x0f,0x60,0x02,0x0f,0x02,0xf2,0x02,0x06,0x02,0x00,0x06,0x60,0x02,0x04,0x62,0x02,
    0x08,0xfa,0x12,0x0f,0x02,0x00,0x05,0x0f,0x94,0x05,0x2d,0x02,0x36,0x03,0x0f,0x5e,
    0x00,0x05,0x02,0x02,0x00,0x06,0x5a,0x15,0x0f,0x02,0x00,0x05,0x24,0xd2,0xb2,0xda,
    0x1e,0x0f,0x60,0x02,0x03,0x44,0xdf,0xff,0xdc,0xee,0x6a,0x7d,0x0f,0x02,0x00,0x03,
    0x1f,0xbe,0x22,0x00,0x0e,0x28,0x7e,0xf7,0x88,0x6f,0x0f,0x02,0x00,0x01,0x24,0x3d,
    0xf7,0xc2,0x95,0x0f,0x02,0x00,0x05,0x33,0x5d,0xf7,0x5d,0x6a,0x05,0x0f,0xca,0x00,
    0x05,0x0f,0x7e,0x09,0x0f,0x0f,0xda,0x12,0x0f,0x0f,0x22,0x00,0x0f,0x0f,0x60,0x02,
    0x0b,0x0f,0xfa,0x12,0x09,0x0f,0x60,0x02,0x3b,0x0f,0x02,0x00,0xff,0xff,0x03,0x02,
    0xbc,0x04,0x0f,0xc0,0x04,0x2f,0x0e,0xfa,0x12,0x0a,0x0c,0x07,0x0f,0xfc,0x12,0x2f,
    0x0f,0xde,0x0b,0x31,0x0e,0xb4,0x1a,0x0c,0x02,0x00,0x02,0x5c,0x15,0x0a,0x16,0x00,
    0x0a,0xde,0x3d,0x02,0x1c,0x1a,0x0a,0x22,0x00,0x0a,0xde,0x3d,0x0e,0xb4,0x1a,0x08,
    0xe0,0x82,0x02,0xba,0x17,0x0c,0x26,0x2e,0x0c,0x3c,0x14,0x04,0xf8,0x38,0x06,0x02,
    0x00,0x0c,0x42,0x01,0x0c,0xfc,0x12,0x02,0x5c,0x1b,0x06,0x30,0x00,0x02,0x80,0x09,
    0x08,0x10,0x00,0x0e,0x3e,0x14,0x0c,0x5c,0x15,0x0f,0x3e,0x14,0x07,0x04,0x02,0x00,
    0x0f,0x42,0x01,0x1b,0x02,0x5a,0x02,0x02,0x02,0x00,0x02,0x34,0x21,0x04,0x02,0x00,
    0x04,0x50,0x00,0x06,0x02,0x00,0x06,0x1c,0x07,0x0a,0xe0,0x0b,0x22,0x71,0xb2,0x1e,
    0x01,0x0c,0x62,0x02,0x0a,0x78,0x05,0x04,0x7c,0x1c,0x08,0x02,0x00,0x0a,0x78,0x05,
    0x0e,0x20,0x01,0x0c,0x72,0x18,0x0e,0x20,0x01,0x0a,0x60,0xbe,0x02,0xde,0x0b,0x0a,
    0x7e,0x09,0x0a,0x60,0xbe,0x02,0x1e,0x01,0x04,0x1e,0x07,0x02,0x02,0x00,0x0a,0x5c,
    0x42,0x01,0xa6,0x5f,0x0b,0xfe,0x3e,0x28,0x74,0xb4,0x62,0x02,0x02,0xf6,0xbd,0x02,
    0x3c,0x00,0x02,0x02,0x00,0x26,0x94,0xb4,0x52,0x66,0x02,0x1a,0x1a,0x04,0x82,0x32,
    0x04,0x02,0x00,0x0f,0x60,0x02,0x01,0x0a,0x50,0x40,0x0a,0x40,0x01,0x02,0x12,0x1d,
    0x08,0x54,0x28,0x02,0x42,0x01,0x04,0x50,0x00,0x02,0x5e,0x02,0x28,0xb5,0xbd,0xfc,
    0x12,0x0c,0x40,0x01,0x4a,0x36,0xbe,0x36,0xbe,0x08,0x03,0x0c,0x40,0x01,0x2c,0x56,
    0xbe,0x0e,0x31,0x02,0x42,0x01,0x06,0x66,0x00,0x0e,0x7e,0x09,0x02,0x42,0x01,0x06,
    0x22,0x00,0x1b,0x96,0xa4,0x92,0x02,0x42,0x01,0x04,0xa2,0x03,0x02,0x5a,0x02,0x02,
    0x02,0x00,0x04,0x5a,0x02,0x02,0x02,0x00,0x06,0x42,0x00,0x06,0x02,0x00,0x02,0x5a,
    0x02,0x02,0x02,0x00,0x08,0x80,0x09,0x5f,0xb1,0xb2,0x34,0xb5,0xd4,0x6a,0x0a,0x0a,
    0x11,0x55,0xb0,0xbd,0x04,0xca,0x1d,0x0f,0x02,0x00,0x01,0x6f,0x75,0xbd,0x34,0xb5,
    0xb4,0xb4,0x92,0x19,0x07,0x7d,0x00,0x00,0x95,0xbd,0x35,0xb5,0x74,0x0c,0x53,0x08,
    0x02,0x00,0x5f,0xb5,0xbd,0x55,0xb5,0x33,0xde,0x0b,0x0a,0x6a,0xb5,0xbd,0x34,0xb5,
    0x13,0xb4,0x60,0x02,0x0a,0x02,0x00,0x6f,0xb5,0xbd,0x14,0xbd,0xf3,0xb3,0x88,0x00,
    0x0b,0x2a,0x14,0xb5,0x1a,0x03,0x0e,0xc0,0x04,0x28,0x14,0xb5,0xfa,0x01,0x0f,0x60,
    0x02,0x01,0x0c,0x22,0x00,0x0a,0x60,0x02,0x6f,0x00,0x00,0xb5,0xbd,0xd4,0xb4,0x60,
    0x02,0x0b,0x3b,0xd5,0xbd,0x53,0x74,0x01,0x0a,0x5e,0x1b,0x4a,0x36,0xbe,0x75,0xb5,
    0x9c,0x43,0x0e,0x60,0x02,0x2a,0xd5,0xbd,0xde,0x0b,0x0c,0xc0,0x04,0x4a,0x76,0xbe,
    0xf4,0xb4,0xec,0x00,0x0e,0x60,0x02,0x1b,0x94,0xd8,0x0d,0x08,0x02,0x06,0x02,0x5a,
    0x02,0x02,0x02,0x00,0x02,0x58,0x02,0x04,0x02,0x00,0x0a,0x76,0x01,0x02,0x02,0x00,
    0x02,0x5a,0x02,0x02,0x02,0x00,0x08,0x60,0x02,0x2f,0x12,0xb3,0x76,0x12,0x0d,0x0c,
    0x12,0x23,0x0c,0x02,0x00,0x02,0x94,0x00,0x04,0xf6,0x02,0x0f,0x02,0x00,0x01,0x0f,
    0x96,0x06,0x01,0x0a,0x02,0x00,0x0e,0x96,0x06,0x0c,0x02,0x00,0x02,0x70,0x38,0x0f,
    0x5e,0x02,0x09,0x02,0x7c,0x61,0x0f,0x5e,0x02,0x09,0x6f,0x16,0xbe,0x16,0xbe,0x13,
    0xb4,0x54,0x28,0x05,0x04,0x96,0x06,0x0f,0x78,0x1c,0x09,0x02,0x38,0x04,0x0f,0x78,
    0x1c,0x07,0x04,0x34,0x17,0x0a,0x5e,0x02,0x0c,0x02,0x00,0x0f,0xd0,0x3a,0x0d,0x2f,
    0x00,0x00,0xc4,0x01,0x03,0x08,0x02,0x00,0x1f,0xd6,0x38,0x2d,0x0a,0x0f,0x02,0x00,
    0x31,0x02,0x5a,0x02,0x02,0x02,0x00,0x04,0x5a,0x02,0x02,0x02,0x00,0x0f,0x5e,0x00,
    0x01,0x02,0x5a,0x02,0x02,0x02,0x00,0x08,0x60,0x02,0x02,0xf0,0x94,0x0f,0x32,0x00,
    0x01,0x04,0x02,0x00,0x0f,0x60,0x02,0x79,0x04,0x94,0x00,0x0f,0x02,0x00,0x01,0x02,
    0x98,0x06,0x0f,0x1a,0x00,0x01,0x04,0x02,0x00,0x0f,0x76,0x12,0x09,0x02,0x02,0x00,
    0x0f,0xf0,0x2e,0x0d,0x02,0x60,0x02,0x02,0x2c,0x00,0x0f,0x02,0x00,0x05,0x0f,0x76,
    0x12,0x07,0x04,0x02,0x00,0x0f,0x60,0x02,0x91,0x02,0x58,0x02,0x04,0x02,0x00,0x02,
    0x58,0x02,0x02,0x02,0x00,0x04,0xc6,0x00,0x0c,0x02,0x00,0x02,0x5c,0x02,0x0c,0x80,
    0x09,0x02,0x84,0x09,0x0f,0x02,0x00,0x09,0x0c,0x9c,0x0a,0x0e,0x02,0x00,0x0a,0xdc,
    0x05,0x0f,0x02,0x00,0x01,0x0f,0x3a,0x21,0x0d,0x02,0xbc,0x05,0x0f,0x3a,0x00,0x01,
    0x04,0x02,0x00,0x0c,0xdc,0x05,0x0e,0x02,0x00,0x02,0x48,0x05,0x0e,0x18,0x00,0x06,
    0x02,0x00,0x0f,0x48,0x05,0x11,0x08,0x28,0x09,0x0f,0x02,0x00,0x01,0x0e,0xde,0x0b,
    0x0c,0x02,0x00,0x0e,0xde,0x0b,0x0c,0x02,0x00,0x0c,0xde,0x0b,0x0e,0x02,0x00,0x0a,
    0xdc,0x0b,0x0f,0x02,0x00,0x61,0x04,0x5a,0x02,0x02,0x02,0x00,0x02,0x5a,0x02,0x02,
    0x02,0x00,0x0f,0x8e,0x00,0x05,0x02,0x5c,0x02,0x0e,0x60,0x02,0x2c,0x32,0xb3,0xde,
    0x0b,0x0a,0x02,0x00,0x0f,0xde,0x0b,0x01,0x0a,0x02,0x00,0x0c,0x9e,0x0a,0x0e,0x02,
    0x00,0x0f,0x60,0x02,0x0d,0x0c,0x9c,0x0a,0x0e,0x02,0x00,0x0f,0x60,0x02,0x55,0x02,
    0x9c,0x23,0x0f,0x02,0x00,0x07,0x02,0xa8,0x07,0x0f,0x20,0x00,0x07,0x0f,0x46,0x05,
    0x35,0x0f,0x62,0x02,0x0b,0x0f,0xbc,0x17,0x09,0x02,0x02,0x00,0x0f,0x46,0x05,0x11,
    0x0f,0x8a,0x05,0x09,0x02,0x58,0x02,0x04,0x02,0x00,0x02,0x5a,0x02,0x02,0x02,0x00,
    0x02,0x60,0x00,0x0e,0x02,0x00,0x02,0x5c,0x02,0x0e,0x60,0x02,0x0f,0x02,0x68,0x0b,
    0x0f,0x60,0x02,0xff,0xca,0x0f,0xa8,0x07,0x07,0x04,0x58,0x02,0x04,0x02,0x00,0x02,
    0x5a,0x02,0x0c,0x62,0x2b,0x0a,0x02,0x00,0x02,0x5c,0x02,0x0e,0x60,0x02,0x0f,0x22,
    0x07,0x0f,0x0f,0x02,0x00,0xff,0xe0,0x04,0x58,0x02,0x04,0x02,0x00,0x02,0x5c,0x02,
    0x0f,0x60,0x02,0x0b,0x06,0x62,0x02,0x02,0x54,0x02,0x08,0x02,0x00,0x0f,0x42,0x02,
    0xff,0xc8,0x0f,0x3e,0x04,0x0f,0x0f,0x92,0x27,0x01,0x04,0x58,0x02,0x04,0x02,0x00,
    0x02,0x5c,0x02,0x0f,0x60,0x02,0x41,0x0f,0x76,0x1c,0x0d,0x0f,0xc2,0x00,0x0f,0x04,
    0xac,0x1f,0x0f,0x02,0x00,0x07,0x0f,0x76,0x1c,0x19,0x0f,0x02,0x00,0x05,0x0a,0xf4,
    0xb1,0x0e,0x02,0x00,0x0f,0x6c,0x42,0x07,0x04,0x02,0x00,0x0f,0x4a,0x4e,0x05,0x06,
    0x02,0x00,0x0f,0x72,0x2f,0x19,0x0f,0x02,0x00,0x05,0x0f,0x76,0x1c,0x0f,0x08,0xf4,
    0x25,0x0f,0x92,0x27,0x03,0x06,0xfe,0x16,0x02,0x4a,0x21,0x0e,0x02,0x00,0x06,0xf8,
    0x12,0x0f,0x60,0x02,0x05,0x06,0xd0,0x20,0x0e,0x60,0x02,0x02,0x94,0x36,0x08,0x02,
    0x00,0x02,0x5c,0x02,0x0f,0x7c,0x09,0x07,0x02,0x02,0x00,0x02,0x1e,0x07,0x0f,0xc0,
    0x04,0x01,0x0f,0x78,0x1e,0x07,0x2a,0x53,0xb4,0xac,0x16,0x0e,0x02,0x00,0x2a,0x74,
    0xb4,0xda,0x18,0x0c,0x02,0x00,0x1f,0xd3,0xba,0x56,0x00,0x0a,0x02,0x00,0x11,0x53,
    0xae,0xef,0x0a,0x14,0x00,0x0a,0x02,0x00,0x2a,0xb4,0xb4,0x7a,0x16,0x0e,0x02,0x00,
    0x0e,0x98,0x36,0x0a,0x02,0x00,0x39,0x12,0xb3,0x34,0x34,0xb9,0x0e,0x02,0x00,0x4f,
    0xb3,0xb3,0x75,0xbd,0xb2,0x39,0x05,0x02,0x02,0x00,0x2f,0xf3,0xb3,0xfe,0x0b,0x0d,
    0x31,0x94,0xb4,0xd5,0x5c,0x39,0x0f,0x02,0x00,0x07,0x4f,0xd4,0xb4,0x75,0xb5,0x18,
    0x2d,0x0b,0x4f,0xf4,0xb4,0xb5,0xbd,0xde,0x0b,0x0b,0x2f,0xf4,0xb4,0x62,0x0c,0x09,
    0x02,0x4c,0x2c,0x0f,0xaa,0x11,0x0b,0x4f,0x00,0x00,0x34,0xb5,0x7e,0x09,0x07,0x0f,
    0x60,0x02,0x25,0x04,0x62,0x02,0x08,0x1a,0x07,0x02,0x02,0x00,0x0f,0x60,0x02,0x07,
    0x46,0xf4,0xb4,0xf4,0xb4,0x30,0x03,0x0e,0x02,0x00,0x0f,0x3c,0x0e,0x13,0x0f,0xfa,
    0x25,0x0b,0x0c,0x7a,0x16,0x0e,0x02,0x00,0x0f,0x3e,0x0e,0x33,0x48,0xb5,0xbd,0x34,
    0xb5,0x2e,0x1a,0x0a,0x02,0x00,0x02,0x3c,0x0e,0x0a,0x2e,0x1a,0x0a,0x02,0x00,0x02,
    0x3c,0x0e,0x0c,0x30,0x1a,0x08,0x02,0x00,0x5f,0xf5,0xbd,0xf5,0xbd,0xd5,0x26,0xcb,
    0x0a,0x6f,0x16,0xbe,0x16,0xbe,0xb5,0xbd,0xf4,0x11,0x09,0x5f,0x36,0xbe,0x36,0xbe,
    0x75,0x26,0xcb,0x0a,0x3f,0x56,0xbe,0x56,0xaa,0x88,0x04,0x04,0x02,0x00,0x37,0x76,
    0xbe,0x56,0x86,0xcd,0x0f,0x02,0x00,0x01,0x13,0x96,0xc2,0xee,0x0e,0x1c,0x00,0x0f,
    0x20,0xeb,0x27,0x0f,0x60,0x02,0x41,0x02,0x62,0x02,0x0f,0x02,0x35,0x0b,0x46,0x34,
    0xb5,0x34,0xb5,0x90,0x05,0x0f,0x02,0x00,0x01,0x02,0x7a,0x2f,0x0f,0x1a,0x00,0x01,
    0x02,0x02,0x00,0x5f,0x55,0xb5,0x55,0xb5,0x94,0x4e,0xdd,0x0a,0x4a,0x75,0xbd,0x75,
    0xbd,0x8e,0x1c,0x0c,0x02,0x00,0x4a,0x95,0xbd,0x95,0xbd,0x8e,0x1c,0x0c,0x02,0x00,
    0x0f,0x60,0x02,0x0d,0x5f,0x00,0x00,0xd5,0xbd,0x55,0x60,0x02,0x0a,0x5f,0x00,0x00,
    0xf5,0xbd,0xf4,0xe4,0xf5,0x08,0x02,0x7e,0x1c,0x0f,0xf2,0x11,0x8b,0x0f,0x60,0x02,
    0x07,0x02,0xc0,0x00,0x0f,0x02,0x00,0x09,0x02,0x22,0x07,0x02,0xb4,0x04,0x08,0x02,
    0x00,0x1f,0x91,0x3a,0x51,0x02,0x0f,0x02,0x00,0x75,0x0f,0x16,0x1a,0x09,0x04,0xa4,
    0x63,0x02,0x0a,0x00,0x0f,0x02,0x00,0x05,0x0f,0x8e,0x36,0x09,0x02,0x02,0x00,0x04,
    0x16,0x1a,0x0a,0x4e,0x21,0x08,0x02,0x00,0x04,0x16,0x1a,0x0f,0x60,0x02,0x07,0x02,
    0x16,0x1a,0x0c,0x8e,0x1c,0x0e,0x02,0x00,0x0f,0xbe,0x04,0x09,0x02,0x02,0x00,0x0f,
    0xb2,0x16,0x2f,0x0f,0x52,0x14,0x27,0x0f,0x60,0x02,0x29,0x02,0x62,0x02,0x08,0x5a,
    0x02,0x02,0x02,0x00,0x04,0x3a,0xaf,0x02,0xde,0x00,0x04,0x02,0x00,0x0c,0x3e,0x0a,
    0x0e,0x04,0x09,0x0c,0x3e,0x0a,0x3b,0x75,0xbd,0x75,0xc0,0x20,0x0c,0xba,0x02,0x0c,
    0xd4,0x3d,0x2c,0xb1,0xb2,0xde,0x0b,0x0c,0xe4,0x08,0x0e,0x6c,0x42,0x0c,0x44,0x17,
    0x0c,0xdc,0x0b,0x0e,0x42,0x17,0x0e,0x60,0x02,0x0a,0x04,0x09,0x0f,0xdc,0x0b,0x57,
    0x0a,0x3c,0x1f,0x0c,0x02,0x00,0x08,0xdc,0x0b,0x0f,0x02,0x00,0x03,0x0f,0xac,0x08,
    0x09,0x02,0x02,0x00,0x0f,0x4c,0x06,0x0b,0x0f,0x54,0x28,0x0d,0x02,0xb0,0x55,0x08,
    0xdc,0x0b,0x06,0x00,0x26,0x02,0x3e,0x00,0x0f,0x02,0x00,0x0b,0x0f,0xe0,0x0b,0x05,
    0x3d,0x91,0xb2,0x33,0x66,0x0b,0x2a,0x51,0xb2,0x6a,0x03,0x0e,0x8a,0x1c,0x15,0x12,
    0x98,0x62,0x06,0xde,0x21,0x0a,0x62,0x02,0x28,0x32,0xb3,0x20,0x0c,0x0e,0xa2,0x19,
    0x48,0xb1,0xb2,0x92,0xb3,0x94,0x19,0x02,0x06,0x09,0x02,0x50,0x00,0x02,0x02,0x00,
    0x48,0xd2,0xb2,0xd3,0xb3,0x42,0x0c,0x02,0x06,0x09,0x02,0x1c,0x00,0x02,0x02,0x00,
    0x35,0xf2,0xb2,0x13,0xae,0xd5,0x02,0xa4,0x06,0x0c,0x62,0x02,0x48,0x52,0xb3,0x33,
    0xb4,0x56,0x00,0x0c,0x8a,0x1c,0x59,0x32,0xb3,0x52,0xb3,0xb4,0x22,0x00,0x0c,0x42,
    0x17,0x4a,0x52,0xb3,0xb3,0xb3,0x58,0x0b,0x0c,0x7e,0x38,0x3b,0x52,0xb3,0xd3,0x0a,
    0x19,0x0c,0x44,0x17,0x2c,0x92,0xb3,0xd0,0xc9,0x0c,0xe4,0x14,0x4a,0x93,0xb3,0x53,
    0xb4,0xdc,0x0b,0x0c,0xd6,0x01,0x0e,0x60,0x02,0x0c,0xea,0x1e,0x06,0x3c,0x0e,0x0f,
    0x02,0x00,0x05,0x0f,0xac,0x08,0x09,0x0f,0x60,0x02,0x07,0x0f,0x4e,0x00,0x05,0x0c,
    0x02,0x00,0x0f,0xc0,0x04,0x05,0x0e,0x4a,0x21,0x0c,0x28,0x08,0x0e,0x66,0x0b,0x0a,
    0xde,0x0b,0x02,0x02,0x1c,0x0a,0x60,0x02,0x0a,0x58,0x22,0x0e,0x60,0x02,0x02,0x56,
    0x00,0x06,0x3a,0x05,0x0e,0x60,0x02,0x02,0x76,0x00,0x06,0x8a,0x0a,0x0e,0x60,0x02,
    0x02,0x78,0x00,0x06,0xe8,0x00,0x0e,0x60,0x02,0x0c,0x78,0x00,0x0c,0x60,0x02,0x0e,
    0x78,0x00,0x0c,0x60,0x02,0x0e,0x78,0x00,0x0c,0x60,0x02,0x0e,0x78,0x00,0x0c,0x60,
    0x02,0x02,0x78,0x00,0x06,0xa8,0x00,0x0f,0xea,0x1e,0x01,0x0c,0x78,0x00,0x0e,0xd8,
    0x01,0x0e,0x78,0x00,0x0a,0x02,0x00,0x02,0x22,0x02,0x0a,0x14,0x00,0x0a,0x02,0x00,
    0x0c,0xd6,0x02,0x06,0x02,0x00,0x02,0x3c,0x00,0x0f,0xc0,0x04,0x03,0x06,0x26,0x00,
    0x0f,0x02,0x00,0x0b,0x0f,0x60,0x02,0x05,0x0c,0xca,0x06,0x0e,0x60,0x02,0x0e,0x02,
    0x00,0x0a,0x60,0x02,0x0f,0x02,0x00,0x01,0x0a,0x60,0x02,0x0f,0x02,0x00,0x01,0x0f,
    0x3e,0x0e,0x2f,0x0c,0x60,0x02,0x0e,0x02,0x00,0x0c,0x60,0x02,0x0e,0x02,0x00,0x0e,
    0xd8,0x02,0x0c,0x02,0x00,0x0e,0xd8,0x02,0x0c,0x02,0x00,0x0e,0xd8,0x02,0x0c,0x02,
    0x00,0x0f,0xda,0x1e,0x11,0x0a,0xc0,0x04,0x0e,0x02,0x00,0x0f,0x60,0x02,0x0d,0x02,
    0x26,0x02,0x0e,0x38,0x00,0x08,0x02,0x00,0x0f,0x9c,0x10,0x05,0x0f,0x60,0x02,0x5b,
    0x0f,0x02,0x00,0x0b,0x0c,0x7c,0x09,0x0e,0x02,0x00,0x0e,0xb2,0x02,0x0c,0x02,0x00,
    0x0c,0x7c,0x09,0x0c,0x02,0x00,0x0e,0x7c,0x09,0x0c,0x02,0x00,0x0c,0x7c,0x09,0x0e,
    0x02,0x00,0x0e,0x7c,0x09,0x0c,0x02,0x00,0x04,0xdc,0x0b,0x0f,0x02,0x00,0x07,0x04,
    0xdc,0x0b,0x0f,0x02,0x00,0x05,0x06,0xca,0x44,0x0f,0x02,0x00,0x05,0x0f,0x7a,0x09,
    0x0d,0x0f,0x7c,0x09,0x33,0x0f,0x02,0x00,0x2d,0x0f,0x60,0x02,0x07,0x0f,0x5a,0x00,
    0x19,0x2c,0x71,0xb2,0x02,0x00,0x02,0xbe,0x04,0x08,0x06,0x13,0x2f,0x51,0xb2,0xba,
    0x17,0x0d,0x0f,0x60,0x02,0x2f,0x0e,0xdc,0x0b,0x0c,0x02,0x00,0x0f,0x60,0x02,0x13,
    0x0f,0x3e,0x0e,0x0b,0x0f,0x60,0x02,0x2f,0x0f,0xb8,0x17,0x35,0x0f,0xdc,0x0b,0x93,
    0x0f,0x20,0x07,0x01,0x0f,0xf0,0x04,0x05,0x0f,0x02,0x00,0x03,0x0c,0x5e,0x02,0x06,
    0x60,0x02,0x08,0x62,0x02,0x0f,0x02,0x00,0x2f,0x0f,0x4e,0x00,0x0f,0x0a,0x70,0x2f,
    0x0e,0x02,0x00,0x06,0x8e,0x36,0x0f,0x02,0x00,0x05,0x0f,0x5e,0x02,0x0d,0x0f,0x60,
    0x02,0x31,0x02,0x62,0x02,0x0f,0x82,0x00,0x05,0x02,0x02,0x00,0x06,0xea,0x4b,0x0f,
    0x02,0x00,0x05,0x0f,0x5e,0x02,0x0b,0x02,0x88,0x50,0x02,0x08,0x00,0x0f,0x02,0x00,
    0x65,0x02,0x5c,0x02,0x0f,0x60,0x02,0x01,0x0f,0x92,0x00,0x1d,0x0c,0x62,0x02,0x04,
    0xc0,0x04,0x08,0x12,0x02,0x0a,0x3c,0x0e,0x0f,0x02,0x00,0x01,0x0f,0xa6,0x11,0x0d,
    0x0f,0x7c,0x09,0x51,0x0f,0x7e,0x09,0x37,0x0f,0xe2,0x00,0x01,0x04,0x02,0x00,0x0f,
    0x7c,0x09,0x35,0x0a,0xde,0x0b,0x0c,0x02,0x00,0x11,0x36,0xd2,0x90,0x0c,0x16,0x00,
    0x08,0x02,0x00,0x0f,0x7c,0x09,0x33,0x0f,0x30,0x02,0x03,0x02,0x5a,0x02,0x02,0x02,
    0x00,0x02,0x96,0x10,0x06,0x02,0x00,0x08,0x84,0x00,0x0f,0x02,0x00,0x11,0x0f,0x60,
    0x02,0x07,0x06,0x62,0x02,0x0f,0x60,0x02,0xb9,0x0c,0x54,0x13,0x0a,0x02,0x00,0x02,
    0xdc,0x0b,0x0f,0x62,0x02,0x09,0x0f,0x60,0x02,0x07,0x04,0x6e,0x15,0x0f,0xdc,0x0b,
    0x07,0x04,0x70,0x15,0x0e,0xb4,0x0e,0x02,0x02,0x00,0x06,0xa6,0x0f,0x0f,0x60,0x02,
    0x05,0x42,0x14,0xb5,0x14,0xb5,0x04,0x08,0x0f,0x60,0x02,0x05,0x42,0x34,0xb5,0xd4,
    0xb4,0xd0,0x08,0x0e,0xb4,0x0e,0x02,0x02,0x00,0x42,0x55,0xb5,0x33,0xb4,0x28,0x23,
    0x0f,0x60,0x02,0x6b,0x42,0xb1,0xb2,0xb3,0xb3,0x7c,0x09,0x0f,0x60,0x02,0x05,0x42,
    0xb3,0xb3,0xb3,0xb3,0x7c,0x09,0x0f,0xc0,0x04,0x05,0x42,0xd3,0xb3,0xd3,0xb3,0xaa,
    0x02,0x0f,0x7a,0x1c,0x05,0x31,0xf3,0xb3,0xb3,0x4c,0x69,0x0f,0x3c,0x0e,0x07,0x31,
    0x13,0xb4,0x32,0x06,0x53,0x02,0x9e,0x10,0x02,0x24,0x01,0x0a,0x02,0x00,0x22,0x33,
    0xb4,0x1c,0x07,0x0f,0x3e,0x0e,0x05,0x42,0x53,0xb4,0x53,0xb4,0x7c,0x09,0x1f,0x95,
    0xb8,0x1e,0x04,0x42,0x74,0xb4,0x74,0xb4,0xdc,0x0b,0x0f,0x5e,0x02,0x05,0x42,0x94,
    0xb4,0x74,0xb4,0xdc,0x0b,0x0c,0xd4,0x15,0x04,0x02,0x00,0x8f,0xb4,0xb4,0x74,0xb4,
    0x72,0xb3,0x72,0xb3,0x60,0x02,0x05,0x91,0xd4,0xb4,0xd4,0xb4,0x94,0xb4,0x92,0xb3,
    0x92,0x6e,0xd2,0x0f,0xc0,0x04,0x01,0x51,0xf4,0xb4,0xf4,0xb4,0x94,0x0a,0x40,0x0f,
    0x3c,0x0e,0x05,0x42,0x14,0xb5,0x14,0xb5,0x82,0xf4,0x0f,0x60,0x02,0x07,0x2c,0x34,
    0xb5,0x2e,0x34,0x0a,0x02,0x00,0x3f,0x55,0xb5,0x55,0x7c,0x1d,0x08,0x33,0x00,0x00,
    0x56,0xba,0x04,0x02,0x02,0x00,0x06,0xba,0x04,0x0f,0x8e,0x02,0x05,0x0f,0x02,0x00,
    0x0d,0x0a,0xc2,0x04,0x06,0x20,0x07,0x31,0x91,0xb2,0xd2,0x0e,0x6b,0x0f,0x40,0x00,
    0x07,0x06,0x60,0x02,0x0f,0x02,0x00,0x05,0x06,0x60,0x02,0x0f,0x02,0x00,0x07,0x0f,
    0xdc,0x0b,0x51,0x04,0x60,0x02,0x0f,0x02,0x00,0x05,0x06,0x60,0x02,0x0f,0x02,0x00,
    0x05,0x42,0x94,0xb4,0xd3,0xb3,0x60,0x02,0x0f,0x02,0x00,0x05,0x31,0xb4,0xb4,0xf3,
    0x58,0x8e,0x0f,0x20,0x00,0x05,0x5f,0x00,0x00,0xd4,0xb4,0xf3,0xdc,0x0b,0x0a,0x51,
    0xf4,0xb4,0xf4,0xb4,0x13,0x60,0x02,0x0f,0x02,0x00,0x05,0x4f,0x14,0xb5,0x14,0xb5,
    0x22,0x00,0x0b,0x6f,0x34,0xb5,0x34,0xb5,0x13,0xb4,0x5a,0x15,0x09,0x02,0xe2,0x1d,
    0x0f,0x5a,0x15,0x07,0x02,0x58,0x02,0x04,0x02,0x00,0x02,0x58,0x02,0x04,0x02,0x00,
    0x0f,0x98,0x00,0x05,0x0f,0x02,0x00,0x09,0x0f,0x60,0x02,0x07,0x0a,0x42,0xd5,0x0f,
    0x02,0x00,0x03,0x08,0x12,0x15,0x0f,0x02,0x00,0x03,0x0e,0x2a,0x1a,0x0c,0x02,0x00,
    0x0c,0x2a,0x1a,0x0e,0x02,0x00,0x0f,0x56,0x04,0x05,0x04,0x02,0x00,0x3f,0xd5,0xbd,
    0xd4,0xe0,0x43,0x0a,0x02,0x9a,0x7d,0x04,0x2e,0x00,0x0f,0x02,0x00,0x03,0x02,0xc0,
    0x04,0x0f,0x02,0x00,0x09,0x0f,0x60,0x02,0x0b,0x06,0x78,0x1c,0x0f,0x02,0x00,0xa9,
    0x04,0x58,0x02,0x04,0x02,0x00,0x04,0x5a,0x02,0x0f,0xbe,0x04,0x25,0x04,0x18,0x28,
    0x04,0x02,0x00,0x08,0xc0,0x04,0x3f,0x91,0xb2,0xd3,0x14,0x39,0x0c,0x02,0xb4,0x06,
    0x0f,0xb6,0x06,0x03,0x02,0x02,0x00,0x02,0xb4,0x06,0x0f,0x96,0x23,0x09,0x11,0x95,
    0x48,0x7c,0x06,0xb8,0x17,0x0e,0x02,0x00,0x02,0x16,0x09,0x0f,0x22,0x00,0x09,0x02,
    0x16,0x09,0x0c,0xf2,0x1c,0x08,0x02,0x00,0x02,0x30,0x23,0x08,0x12,0x00,0x0c,0x02,
    0x00,0x02,0x30,0x23,0x0c,0x16,0x00,0x08,0x02,0x00,0x3f,0x36,0xbe,0x36,0x38,0x6e,
    0x0c,0x4f,0x56,0xbe,0x56,0xbe,0x70,0x25,0x0b,0x0f,0x16,0x09,0x05,0x04,0x02,0x00,
    0x0f,0xc8,0x01,0x0f,0x0f,0xde,0x27,0x0f,0x0a,0xbe,0x5c,0x0f,0x02,0x00,0x1b,0x04,
    0x58,0x02,0x04,0x02,0x00,0x02,0x5a,0x02,0x02,0x02,0x00,0x0f,0x4a,0x00,0x1b,0x06,
    0x02,0x00,0x04,0x5c,0x02,0x0e,0x60,0x02,0x3f,0xd2,0xb2,0x35,0xc8,0xef,0x0a,0x02,
    0x36,0x09,0x0f,0x7e,0x09,0x05,0x08,0x60,0x02,0x0f,0x62,0x02,0x07,0x51,0x95,0xbd,
    0x95,0xbd,0x95,0xea,0x71,0x0f,0x02,0x00,0x05,0x6f,0xb5,0xbd,0xb5,0xbd,0x95,0xbd,
    0xc6,0x02,0x09,0x11,0xd5,0x26,0x5c,0x0f,0x60,0x02,0x0d,0x0f,0x06,0x05,0x0b,0x4f,
    0x16,0xbe,0x15,0xbe,0x22,0x00,0x0b,0x4f,0x36,0xbe,0x16,0xbe,0x7e,0x09,0x05,0x02,
    0x02,0x00,0x3f,0x56,0xbe,0x16,0x60,0x02,0x0c,0x1f,0x56,0x7c,0x09,0x04,0x04,0x02,
    0x00,0x3f,0x96,0xbe,0x76,0x3c,0x0e,0x0e,0x1b,0x76,0x0c,0x8c,0x0e,0x02,0x00,0x0f,
    0xc6,0x02,0x0d,0x0f,0xc8,0x02,0x05,0x04,0x56,0x02,0x06,0x02,0x00,0x02,0x5a,0x02,
    0x0f,0xf6,0x02,0x0f,0x0f,0x02,0x00,0x0b,0x02,0x5c,0x02,0x0e,0x60,0x02,0x4f,0x91,
    0xb2,0x52,0xb3,0xde,0x0b,0x05,0x02,0x36,0x00,0x02,0x14,0x08,0x08,0x76,0x1e,0x06,
    0x02,0x00,0x02,0x0c,0x05,0x04,0x2c,0x80,0x06,0x18,0x00,0x06,0x02,0x00,0x02,0x7c,
    0x09,0x0f,0x42,0x22,0x09,0x02,0x58,0x15,0x02,0x28,0x05,0x06,0x38,0x00,0x08,0x02,
    0x00,0x02,0x10,0x2d,0x02,0x28,0x05,0x08,0x18,0x00,0x06,0x02,0x00,0x06,0xdc,0x0b,
    0x0f,0xa0,0x04,0x03,0x04,0x34,0x21,0x02,0x28,0x05,0x06,0x38,0x00,0x06,0x02,0x00,
    0x04,0x58,0x15,0x02,0x28,0x05,0x06,0x18,0x00,0x06,0x02,0x00,0x02,0xb8,0x17,0x0f,
    0xdc,0x0b,0x05,0x02,0x5e,0x85,0x22,0x92,0xb3,0x26,0x05,0x0f,0xdc,0x0b,0x01,0x06,
    0xb8,0x17,0x0f,0x3c,0x0e,0x05,0x02,0x18,0x13,0x22,0xb3,0xb3,0x26,0x05,0x0f,0x52,
    0x36,0x05,0x02,0x34,0x21,0x0f,0x60,0x02,0x09,0x02,0x7a,0x09,0x0f,0x32,0x02,0x03,
    0x0a,0xdc,0x0b,0x0a,0x00,0x13,0x02,0x82,0x00,0x0f,0x02,0x00,0x23,0x02,0x5c,0x02,
    0x0f,0x60,0x02,0x01,0x0f,0xf8,0x14,0x09,0x22,0x71,0xb2,0xe8,0x0e,0x0f,0x02,0x00,
    0x05,0x04,0x60,0x02,0x0f,0x02,0x00,0x07,0x02,0x60,0x02,0x0f,0x20,0x00,0x07,0x04,
    0x60,0x02,0x0f,0x22,0x00,0x09,0x02,0x60,0x02,0x0f,0x02,0x00,0x09,0x02,0x60,0x02,
    0x0f,0x02,0x00,0x07,0x04,0x60,0x02,0x0f,0x02,0x00,0x07,0x04,0x60,0x02,0x0f,0x02,
    0x00,0x07,0x02,0x60,0x02,0x0f,0x20,0x00,0x07,0x0f,0x18,0x1a,0x55,0x02,0x60,0x02,
    0x0f,0x02,0x00,0x09,0x02,0x60,0x02,0x0f,0x02,0x00,0x01,0x2f,0x56,0xbe,0x60,0x02,
    0x07,0x0f,0x30,0x00,0x01,0x0f,0x02,0x00,0x19,0x02,0x5e,0x02,0x0c,0x20,0x07,0x1d,
    0x91,0x94,0x25,0x0f,0x02,0x00,0xff,0xca,0x0f,0x60,0x02,0x65,0x0f,0x62,0x04,0x0b,
    0x0f,0x02,0x00,0xff,0xb6,0x02,0x0a,0x3e,0x02,0x16,0x07,0x06,0x02,0x00,0x0f,0x7c,
    0x09,0x2f,0x04,0x02,0x00,0x02,0xc2,0x04,0x02,0xd4,0x06,0x06,0x02,0x00,0x0f,0xc2,
    0x06,0x0b,0x0f,0x96,0x23,0x35,0x04,0x84,0x00,0x0f,0x02,0x00,0x01,0x0f,0x7c,0x09,
    0x09,0x02,0x02,0x00,0x0f,0x7c,0x09,0x09,0x02,0x02,0x00,0x02,0xa4,0x0e,0x02,0x0c,
    0x00,0x0f,0x02,0x00,0x03,0x0f,0x7c,0x09,0x07,0x04,0x02,0x00,0x0f,0x7c,0x09,0x07,
    0x04,0x02,0x00,0x0c,0xcc,0x28,0x0e,0x02,0x00,0x0f,0x7c,0x09,0x07,0x04,0x02,0x00,
    0x0f,0x5a,0x15,0x05,0x04,0x02,0x00,0x02,0x06,0x02,0x04,0x0e,0x00,0x0f,0x02,0x00,
    0x01,0x0f,0x7c,0x09,0x09,0x02,0x02,0x00,0x0a,0x7c,0x09,0x02,0x7e,0x01,0x02,0x58,
    0x00,0x0f,0x60,0x02,0x65,0x2c,0xb1,0xb2,0x22,0xe7,0x02,0x7a,0x09,0x08,0x60,0x02,
    0x02,0x7c,0x0a,0x04,0x02,0x00,0x02,0xb6,0x17,0x0a,0xdc,0x0b,0x0a,0x1c,0x08,0x02,
    0x18,0x05,0x02,0xdc,0x0b,0x02,0xe4,0x00,0x08,0x2a,0xc1,0x04,0x7c,0x09,0x0c,0x60,
    0x02,0x0a,0x8c,0x4e,0x02,0x7c,0x09,0x0a,0x60,0x02,0x08,0x2e,0x4b,0x04,0xec,0x38,
    0x0a,0x60,0x02,0x08,0x9e,0x92,0x04,0x7c,0x09,0x08,0x60,0x02,0x0a,0xfc,0x31,0x04,
    0x7c,0x09,0x08,0x60,0x02,0x0a,0x5c,0x34,0x04,0x7c,0x09,0x08,0x60,0x02,0x04,0x2e,
    0x1a,0x02,0x02,0x00,0x02,0xdc,0x0b,0x0a,0x60,0x02,0x04,0x2e,0x1a,0x02,0x02,0x00,
    0x02,0x10,0x2d,0x08,0xdc,0x0b,0x06,0x2e,0x1a,0x02,0x02,0x00,0x02,0x60,0x01,0x02,
    0x08,0x02,0x02,0x12,0x00,0x08,0x7e,0x01,0x06,0xb0,0x2a,0x08,0x60,0x02,0x0c,0xf8,
    0x1d,0x02,0x7c,0x09,0x08,0x60,0x02,0x02,0x02,0x10,0x04,0x58,0x00,0x0f,0x60,0x02,
    0x03,0x02,0x5e,0x00,0x0f,0x02,0x00,0x2f,0x0f,0x80,0x09,0x05,0x0f,0x60,0x02,0x2d,
    0x04,0x9a,0x00,0x0f,0x60,0x02,0x01,0x02,0xe2,0x00,0x04,0x22,0x00,0x0a,0xec,0x50,
    0x04,0x34,0x21,0x08,0xee,0x2f,0x0f,0x60,0x02,0x6b,0x04,0xa8,0x00,0x0e,0x60,0x02,
    0x04,0xb6,0x2a,0x04,0x22,0x00,0x0f,0x60,0x02,0x23,0x02,0x62,0x02,0x02,0x44,0x00,
    0x0f,0x60,0x02,0x03,0x24,0x00,0x00,0x5e,0x02,0x3b,0x00,0x00,0x13,0x08,0x71,0x0c,
    0xb6,0x17,0x3b,0x51,0xb2,0x74,0x08,0x71,0x02,0x60,0x02,0x06,0x02,0x00,0x31,0x71,
    0xb2,0xf4,0x0c,0x2f,0x02,0xb6,0x02,0x0f,0x60,0x02,0x69,0x26,0xb3,0xb3,0x06,0x02,
    0x0f,0x02,0x00,0x01,0x0f,0xc6,0x06,0x95,0x0f,0x42,0x10,0x09,0x02,0x02,0x00,0x0f,
    0x7e,0x1e,0x05,0x06,0x02,0x00,0x08,0x66,0x04,0x0f,0x02,0x00,0x03,0x02,0xac,0x01,
    0x0f,0x1c,0x00,0x03,0x02,0x02,0x00,0x08,0x66,0x04,0x0f,0x02,0x00,0x03,0x08,0x66,
    0x04,0x0f,0x02,0x00,0x03,0x0f,0x6a,0x15,0x0f,0x0f,0x04,0x35,0x07,0x02,0x02,0x00,
    0x31,0x71,0xb2,0x72,0xd8,0x01,0x02,0xb0,0x00,0x0f,0x60,0x02,0x03,0x02,0x2a,0x00,
    0x0f,0x02,0x00,0x33,0x06,0x78,0x09,0x04,0x02,0x00,0x02,0xbe,0x04,0x3f,0xb1,0xb2,
    0xd1,0x5e,0xaf,0x0a,0x0f,0x60,0x02,0xff,0x86,0x0c,0xf2,0x31,0x0f,0x02,0x00,0x03,
    0x02,0x5a,0x02,0x02,0x02,0x00,0x06,0xda,0x0b,0x02,0x02,0x00,0x0f,0x60,0x02,0x55,
    0x15,0xb1,0x6e,0x5e,0x04,0x02,0x00,0x0c,0xfe,0x07,0x08,0xc6,0x06,0x02,0x02,0x00,
    0x0a,0xb6,0x17,0x0a,0x26,0x09,0x02,0x02,0x00,0x06,0x7a,0x09,0x02,0x9c,0x55,0x0c,
    0x96,0x3f,0x0c,0x16,0x05,0x08,0x60,0x17,0x02,0xa8,0x22,0x0c,0x56,0x00,0x06,0x60,
    0x17,0x04,0xf6,0x12,0x0a,0x7c,0x09,0x02,0xc2,0x04,0x02,0x70,0x00,0x04,0x72,0x1c,
    0x08,0x7c,0x09,0x0a,0x02,0x00,0x04,0x72,0x1c,0x06,0x56,0x00,0x0c,0x02,0x00,0x02,
    0x1a,0x07,0x08,0x56,0x00,0x0f,0x02,0x00,0x05,0x0f,0xdc,0x0b,0x2f,0x08,0x1c,0x07,
    0x0f,0x02,0x00,0x05,0x1f,0x76,0x2e,0x53,0x1e,0x02,0x58,0x02,0x04,0x02,0x00,0x02,
    0x56,0x02,0x06,0x02,0x00,0x0f,0x68,0x00,0x05,0x0f,0x02,0x00,0x25,0x04,0xb8,0x04,
    0x04,0x02,0x00,0x04,0xc0,0x04,0x02,0x02,0x00,0x06,0xb6,0x17,0x0e,0x60,0x02,0x06,
    0x02,0x00,0x0f,0xdc,0x0b,0x01,0x0a,0x02,0x00,0x08,0xdc,0x0b,0x0a,0x1a,0x00,0x02,
    0x02,0x00,0x02,0xb6,0x17,0x0e,0x60,0x02,0x06,0x02,0x00,0x04,0xbc,0xf6,0x0c,0x60,
    0x02,0x06,0x02,0x00,0x0f,0xdc,0x0b,0x03,0x08,0x02,0x00,0x0f,0xdc,0x0b,0x01,0x0a,
    0x02,0x00,0x08,0x60,0x02,0x06,0x7e,0x09,0x08,0x02,0x00,0x04,0xd0,0x97,0x08,0xdc,
    0x0b,0x08,0x02,0x00,0x04,0x38,0x74,0x0f,0x76,0x07,0x07,0x04,0x3a,0x0d,0x0f,0x76,
    0x07,0x07,0x02,0xda,0x0b,0x04,0x0a,0x02,0x08,0x5e,0x00,0x04,0x02,0x00,0x04,0xda,
    0x0a,0x0f,0x76,0x07,0x07,0x04,0xda,0x0a,0x0e,0x76,0x07,0x04,0x5a,0x02,0x02,0x02,
    0x00,0x06,0x5a,0x02,0x0f,0x4c,0x00,0x07,0x0f,0x02,0x00,0x2b,0x04,0x5a,0x02,0x02,
    0x02,0x00,0x02,0x58,0x02,0x06,0x02,0x00,0x02,0x06,0x0c,0x0f,0x60,0x02,0x17,0x0f,
    0x8c,0x00,0x03,0x02,0x60,0x02,0x02,0x40,0x02,0x0f,0x22,0x00,0x01,0x0f,0x60,0x02,
    0x57,0x0f,0x92,0x36,0x01,0x06,0x02,0x00,0x0f,0x60,0x02,0x2f,0x02,0x62,0x02,0x0c,
    0x3c,0x0e,0x08,0x02,0x00,0x04,0x60,0x02,0x02,0x62,0x02,0x08,0x1a,0x00,0x04,0x02,
    0x00,0x0f,0x60,0x02,0x0f,0x04,0xdc,0x0b,0x0f,0x14,0x02,0x07,0x04,0x60,0x02,0x0c,
    0x32,0x34,0x02,0x56,0x02,0x06,0x02,0x00,0x02,0x58,0x02,0x04,0x02,0x00,0x04,0x82,
    0x00,0x0f,0x02,0x00,0x39,0x02,0x58,0x02,0x04,0x02,0x00,0x06,0x5a,0x02,0x02,0x02,
    0x00,0x0f,0x6a,0x00,0x39,0x0f,0x02,0x00,0xff,0x70,0x06,0x58,0x02,0x04,0x02,0x00,
    0x04,0x5a,0x02,0x0f,0xaa,0x02,0x07,0x0f,0x02,0x00,0x2f,0x04,0x5c,0x02,0x04,0x20,
    0x1a,0x0a,0x02,0x00,0x0f,0x60,0x00,0x2f,0x0f,0x02,0x00,0xff,0x78,0x04,0x56,0x02,
    0x06,0x02,0x00,0x02,0x5a,0x02,0x02,0x02,0x00,0x0f,0xa8,0x01,0x45,0x02,0x5a,0x02,
    0x02,0x02,0x00,0x0a,0x5c,0x02,0x6f,0xb1,0xb2,0xb1,0xb2,0x74,0xb4,0x92,0x23,0x0b,
    0x02,0xb4,0x0b,0x0a,0xdc,0x0b,0x08,0x02,0x00,0x62,0xb1,0xb2,0x75,0xbd,0x75,0xbd,
    0x58,0x15,0x08,0x18,0x00,0x04,0x02,0x00,0x31,0xd2,0xb2,0x92,0xb4,0xfd,0x0c,0xdc,
    0x0b,0x06,0x02,0x00,0x31,0xf2,0xb2,0xd3,0x80,0x4b,0x0f,0x7c,0x09,0x09,0x22,0xb4,
    0xb4,0xb4,0x23,0x08,0x12,0x0c,0x08,0x02,0x00,0x22,0x32,0xb3,0x7c,0xa6,0x0f,0xdc,
    0x0b,0x05,0x62,0x52,0xb3,0x52,0xb3,0x34,0xb5,0x90,0x23,0x0f,0x7a,0x09,0x07,0x4f,
    0x36,0xbe,0x36,0xbe,0xf2,0x10,0x09,0x11,0x92,0x56,0xfb,0x0f,0x7c,0x09,0x07,0x04,
    0x02,0x00,0x02,0x4c,0xc3,0x04,0x0e,0x00,0x0f,0x02,0x00,0x01,0x11,0x56,0x68,0x6d,
    0x0f,0x1a,0x00,0x01,0x04,0x02,0x00,0x4f,0x76,0xbe,0x75,0xbd,0xc8,0x22,0x03,0x04,
    0x02,0x00,0x39,0x95,0xbd,0x55,0xb2,0x08,0x11,0x36,0xe8,0x23,0x0a,0x02,0x00,0x02,
    0x5a,0x02,0x0c,0x4c,0xb2,0x0f,0x02,0x00,0x3d,0x02,0x5c,0x02,0x0f,0xc0,0x04,0x01,
    0x5f,0xd1,0xb2,0x12,0xb3,0x55,0x92,0x23,0x0a,0x02,0x58,0x95,0x0f,0x60,0x02,0x05,
    0x84,0xb1,0xb2,0x72,0xb3,0x75,0xbd,0x75,0xbd,0x38,0x16,0x0e,0x02,0x00,0x0f,0x60,
    0x02,0x11,0x2f,0x53,0xb4,0x60,0x02,0x09,0x31,0x12,0xb3,0x12,0x22,0x42,0x11,0xd5,
    0xba,0x28,0x0f,0x18,0x1a,0x01,0x2f,0x32,0xb3,0x60,0x02,0x11,0x5b,0x75,0xb5,0x16,
    0xbe,0xf5,0xe0,0x84,0x06,0x02,0x00,0x5f,0x52,0xb3,0x72,0xb3,0x15,0x60,0x02,0x0a,
    0x26,0x92,0xb3,0x60,0x02,0x0f,0x86,0x00,0x01,0x02,0x7c,0x09,0x13,0x76,0xf2,0x25,
    0x1b,0x55,0x46,0xb8,0x02,0x02,0x00,0x62,0xb3,0xb3,0xb3,0xb3,0x96,0xbe,0x6a,0x04,
    0x0f,0x60,0x02,0x03,0xdf,0xd3,0xb3,0xd3,0xb3,0xb6,0xbe,0x00,0x00,0x76,0xbe,0x16,
    0xbe,0x14,0x44,0x00,0x02,0xb1,0xf3,0xb3,0x00,0x00,0xd6,0xbe,0x00,0x00,0x36,0xbe,
    0xd5,0xb4,0x94,0x02,0x02,0x00,0x2f,0x36,0xbe,0x60,0x02,0x09,0x02,0x24,0x00,0x0f,
    0x02,0x00,0x47,0x02,0x5e,0x02,0x0e,0xc0,0x04,0x7f,0xd1,0xb2,0xd2,0xb2,0xf2,0xb2,
    0x14,0xf6,0x4c,0x04,0x04,0x7e,0x47,0x1f,0x75,0x60,0x02,0x08,0x11,0x12,0x60,0x02,
    0x0f,0xc0,0x04,0x2b,0x02,0x40,0x50,0x0f,0xc0,0x04,0x09,0x1f,0x74,0xc0,0x04,0x0a,
    0x64,0x32,0xb3,0x32,0xb3,0xf4,0xb4,0xc0,0x04,0x0f,0x46,0x01,0x01,0x51,0x52,0xb3,
    0x52,0xb3,0x55,0x60,0x50,0x0f,0xc0,0x04,0x09,0x02,0x60,0x50,0x2f,0xf5,0xbd,0x7c,
    0x04,0x03,0x06,0x60,0x02,0x17,0xf5,0xd8,0x01,0x08,0x02,0x00,0x15,0xb3,0x60,0x02,
    0x1f,0x95,0xe2,0x2d,0x04,0x06,0x60,0x02,0x2f,0x75,0xb5,0x60,0x02,0x05,0x02,0x52,
    0x00,0x0c,0x30,0x12,0x0e,0x02,0x00,0x08,0x2e,0x1a,0x02,0xae,0x0e,0x0a,0xbc,0x04,
    0x08,0x60,0x15,0x0e,0x3e,0x00,0x0f,0x02,0x00,0x3b,0x0f,0x60,0x02,0x09,0x04,0xb8,
    0x19,0x0f,0x02,0x00,0xff,0x76,0x02,0xe8,0x76,0x0f,0x02,0x00,0x09,0x0e,0xa8,0x33,
    0x0f,0x60,0x02,0x0b,0x0f,0x4c,0x00,0x09,0x0f,0x02,0x00,0x35,0x02,0x62,0x02,0x02,
    0x74,0x09,0x06,0x02,0x00,0x04,0x60,0x02,0x0f,0xf4,0x27,0x07,0x08,0x26,0x03,0x0f,
    0x02,0x00,0x03,0x02,0xa2,0x09,0x0f,0x02,0x00,0x09,0x0f,0x22,0x00,0x0f,0x1f,0x75,
    0x6e,0x2f,0x0a,0x02,0xae,0x15,0x0f,0x9a,0x04,0x03,0x06,0x02,0x00,0x0f,0x3c,0x07,
    0x03,0x06,0x02,0x00,0x08,0xd2,0x1e,0x0f,0x02,0x00,0x03,0x0f,0xf6,0x12,0x05,0x06,
    0x02,0x00,0x0f,0x56,0x15,0x31,0x0f,0x02,0x00,0x3f,0x02,0x5e,0x02,0x0f,0xc0,0x04,
    0x05,0x0f,0x70,0x00,0x3f,0x0f,0x02,0x00,0x03,0x0f,0x20,0x07,0x05,0x02,0x02,0x00,
    0x0c,0x34,0x00,0x0f,0x56,0x15,0x15,0x02,0x3e,0x02,0x0f,0x6e,0x08,0x01,0x06,0x58,
    0x00,0x0e,0x60,0x4c,0x02,0x02,0x00,0x0a,0x56,0x15,0x0f,0x62,0x02,0x01,0x0f,0xb6,
    0x17,0x05,0x06,0x02,0x00,0x0f,0xb6,0x17,0x1b,0x1f,0xd5,0xc6,0x02,0x02,0x08,0x56,
    0x15,0x04,0x0e,0x18,0x0a,0x02,0x00,0x04,0x60,0xce,0x0f,0xdc,0x0b,0x07,0x04,0x04,
    0x40,0x0f,0x92,0x23,0x0d,0x02,0x7c,0x09,0x0a,0x5e,0x00,0x0c,0x02,0x00,0x0f,0x90,
    0x0b,0x0f,0x08,0xe8,0x19,0x04,0x5e,0x02,0x0f,0x60,0x02,0x8b,0x11,0x12,0x1a,0x1d,
    0x06,0x02,0x00,0x0c,0x60,0x02,0x0c,0x00,0x0e,0x02,0x04,0x05,0x08,0x60,0x02,0x0c,
    0x40,0x09,0x08,0x60,0x02,0x02,0x22,0x51,0x0c,0x32,0x1a,0x0e,0x60,0x02,0x0c,0x84,
    0x04,0x0c,0xb6,0x17,0x0e,0x84,0x04,0x0c,0x60,0x02,0x0e,0x00,0x0e,0x0c,0x56,0x15,
    0x0c,0x24,0x02,0x06,0x0c,0x93,0x04,0x3c,0x00,0x0c,0x24,0x02,0x04,0xb6,0x17,0x06,
    0x3c,0x00,0x0c,0x32,0x2f,0x02,0x90,0x23,0x08,0x56,0x15,0x0c,0x24,0x02,0x04,0x56,
    0x15,0x0e,0x3c,0x00,0x04,0x02,0x00,0x04,0xb6,0x17,0x0e,0x3c,0x00,0x04,0x02,0x00,
    0x0f,0x56,0x15,0x01,0x06,0x5e,0x02,0x0f,0x60,0x02,0x03,0x04,0x3c,0x00,0x0f,0x02,
    0x00,0x51,0x0f,0x20,0x07,0x09,0x1b,0xd2,0x78,0xb4,0x04,0x60,0x02,0x04,0x02,0x00,
    0x04,0x24,0x02,0x06,0x02,0x00,0x04,0xb6,0x17,0x04,0x02,0x00,0x0f,0x60,0x02,0x07,
    0x04,0x02,0x00,0x0c,0x60,0x10,0x04,0x60,0x02,0x04,0x02,0x00,0x0e,0x5e,0x10,0x04,
    0xc0,0x04,0x04,0x02,0x00,0x0f,0x60,0x02,0x07,0x04,0x02,0x00,0x04,0x24,0x02,0x06,
    0x02,0x00,0x04,0x60,0x02,0x04,0x02,0x00,0x0c,0x60,0x02,0x06,0xc0,0x04,0x04,0x02,
    0x00,0x02,0xb4,0x01,0x04,0x0e,0x00,0x04,0x62,0x02,0x02,0x0a,0x00,0x02,0x02,0x00,
    0x0c,0x60,0x02,0x06,0xc0,0x04,0x04,0x02,0x00,0x0c,0x60,0x02,0x0e,0x02,0x00,0x0e,
    0xdc,0x19,0x0c,0x02,0x00,0x0f,0x3e,0x49,0x0f,0x04,0xac,0xd3,0x02,0x02,0x00,0x02,
    0xd4,0x0b,0x08,0x02,0x00,0x0c,0x52,0x00,0x0f,0x02,0x00,0x4d,0x02,0x76,0x04,0x06,
    0x02,0x00,0x06,0x80,0x09,0x02,0x02,0x00,0x0a,0x80,0x00,0x08,0x36,0x0e,0x0e,0x60,
    0x02,0x04,0x4e,0x28,0x04,0x34,0x00,0x0c,0x60,0x02,0x04,0xdc,0x04,0x06,0x2a,0x34,
    0x0c,0xc0,0x04,0x06,0xf2,0x36,0x02,0x0c,0x00,0x0e,0x60,0x02,0x04,0x7a,0x09,0x04,
    0x7c,0x09,0x0e,0x60,0x02,0x04,0x12,0x1a,0x02,0x0a,0x00,0x0f,0x60,0x02,0x01,0x04,
    0x38,0x00,0x02,0x0a,0x00,0x0f,0x60,0x02,0x01,0x04,0x38,0x00,0x02,0x0a,0x00,0x02,
    0x60,0x02,0x04,0x0c,0x00,0x04,0x02,0x00,0x0a,0x96,0x02,0x0e,0x60,0x02,0x0c,0x36,
    0x00,0x0f,0x60,0x02,0x01,0x0f,0x36,0x00,0x01,0x0f,0x02,0x00,0x2b,0x02,0x58,0x02,
    0x04,0x02,0x00,0x08,0x5a,0x02,0x02,0x02,0x00,0x0f,0x5e,0x00,0x2b,0x0f,0x02,0x00,
    0x1f,0x06,0x5a,0x02,0x02,0x02,0x00,0x0c,0x60,0x02,0x26,0xd2,0xb2,0xec,0x05,0x0f,
    0xda,0x0b,0x07,0x04,0xec,0x05,0x0f,0x96,0x10,0x07,0x04,0x02,0x00,0x0f,0x96,0x02,
    0x01,0x0a,0x02,0x00,0x0f,0x96,0x02,0x01,0x0a,0x02,0x00,0x0c,0xf6,0x04,0x0e,0x02,
    0x00,0x0f,0x98,0x02,0x03,0x06,0x02,0x00,0x0f,0x96,0x02,0x03,0x08,0xdc,0x2a,0x0e,
    0xf6,0x04,0x04,0x02,0x00,0x04,0x7c,0x28,0x0a,0x60,0x02,0x08,0x02,0x00,0x04,0x7c,
    0x28,0x02,0xe6,0x01,0x08,0x1a,0x00,0x02,0x02,0x00,0x06,0x86,0x86,0x0f,0x60,0x02,
    0x05,0x06,0x7c,0x28,0x0f,0x96,0x02,0x01,0x0a,0x1e,0x1e,0x08,0xf6,0x04,0x02,0x72,
    0x00,0x06,0x02,0x00,0x02,0x54,0x02,0x06,0x02,0x00,0x02,0x3c,0x00,0x0f,0x02,0x00,
    0x5b,0x02,0x58,0x02,0x04,0x02,0x00,0x0e,0x60,0x02,0x44,0x55,0xb5,0x72,0xb3,0xac,
    0x0a,0x08,0xc0,0x04,0x04,0x02,0x00,0x26,0x55,0xb5,0x22,0x00,0x0f,0x60,0x02,0x03,
    0x53,0x75,0xbd,0x75,0xbd,0x72,0x58,0x4b,0x0f,0x60,0x02,0x03,0x11,0x95,0x42,0x97,
    0x02,0x8e,0x1e,0x0f,0x60,0x02,0x03,0x62,0xb5,0xbd,0x13,0xb4,0xb3,0xb3,0x92,0x76,
    0x0f,0x60,0x02,0x03,0x53,0xd5,0xbd,0x92,0xb3,0xf3,0x44,0x00,0x0f,0x60,0x02,0x03,
    0x44,0xf5,0xbd,0x93,0xb3,0x7c,0x5f,0x0f,0xda,0x0b,0x05,0x22,0x13,0xb4,0x5e,0x2d,
    0x0f,0x60,0x02,0x07,0x22,0x74,0xb4,0xd6,0x27,0x0f,0x60,0x02,0x7f,0x11,0x16,0xba,
    0x3b,0x08,0x02,0x00,0x06,0x5a,0x02,0x0f,0xca,0x02,0x05,0x0f,0x02,0x00,0x51,0x04,
    0x5c,0x02,0x02,0x68,0x28,0x02,0x18,0x07,0x06,0x02,0x00,0x6f,0x52,0xb3,0x74,0xb4,
    0x91,0xb2,0x5a,0x02,0x01,0x02,0x02,0x00,0x62,0x55,0xb5,0x55,0xb5,0xd3,0xb3,0x22,
    0x47,0x02,0x12,0x00,0x0c,0x02,0x00,0x88,0x75,0xbd,0x75,0xbd,0xd3,0xb3,0xd2,0xb2,
    0x1a,0x07,0x0a,0x02,0x00,0x71,0x95,0xbd,0xb5,0xbd,0x72,0xb3,0x32,0x9a,0x15,0x0a,
    0x1a,0x00,0x02,0x02,0x00,0x02,0xe2,0x3d,0x31,0x12,0xb3,0x52,0x5a,0x1a,0x02,0x14,
    0x00,0x0a,0x02,0x00,0x02,0xce,0x17,0x31,0x32,0xb3,0x13,0xfa,0x17,0x0a,0x1c,0x00,
    0x02,0x02,0x00,0x9f,0xf5,0xbd,0xf5,0xbd,0xf4,0xb4,0x52,0xb3,0x94,0x74,0x65,0x06,
    0x62,0x16,0xbe,0x16,0xbe,0x33,0xb4,0x22,0x47,0x02,0x34,0x00,0x0c,0x02,0x00,0x53,
    0x36,0xbe,0x36,0xbe,0xf3,0x22,0x47,0x0c,0x1c,0x00,0x02,0x02,0x00,0x31,0x56,0xbe,
    0x56,0xe6,0x99,0x0f,0xb8,0x04,0x01,0x02,0x02,0x00,0x6f,0x76,0xbe,0x76,0xbe,0x13,
    0xb4,0x50,0x43,0x09,0x6f,0x96,0xbe,0xb5,0xbd,0x74,0xb4,0x6e,0x15,0x03,0x02,0x02,
    0x00,0x5b,0xb6,0xbe,0x14,0xb5,0xd4,0xae,0x67,0x2f,0x16,0xbe,0x60,0x02,0x85,0x08,
    0x62,0x02,0x0e,0x60,0x02,0x42,0xf2,0xb2,0x52,0xb3,0xba,0x04,0x08,0xdc,0x1a,0x06,
    0x02,0x00,0x02,0x92,0x04,0x0f,0xba,0x04,0x03,0x02,0x02,0x00,0x7f,0x75,0xbd,0x75,
    0xbd,0xb4,0xb4,0xd4,0x5a,0x68,0x08,0x73,0x95,0xbd,0x95,0xbd,0xf3,0xb3,0x34,0x30,
    0xad,0x0e,0x02,0x00,0x02,0x90,0x04,0x2c,0x12,0xb3,0x4c,0x28,0x06,0x02,0x00,0x02,
    0xf2,0x06,0x11,0x32,0xb8,0x1c,0x0f,0x60,0x02,0x07,0x42,0xb5,0xbd,0x52,0xb3,0x2a,
    0x00,0x06,0x3a,0x00,0x06,0x02,0x00,0x11,0x16,0x4a,0x65,0x0f,0x60,0x02,0x0d,0x11,
    0x36,0x02,0x40,0x0f,0x60,0x02,0x09,0x02,0x88,0x02,0x0f,0x62,0x02,0x05,0x02,0xf2,
    0x06,0x0f,0x52,0x04,0x09,0x02,0xf2,0x06,0x02,0x28,0x00,0x0f,0x02,0x00,0x03,0x02,
    0xe8,0x0b,0x02,0x28,0x00,0x02,0x02,0x00,0x02,0x4e,0x05,0x08,0xbc,0x04,0x0c,0x40,
    0x0e,0x02,0x28,0x00,0x0f,0x02,0x00,0x63,0x02,0xbc,0x04,0x0f,0xc0,0x04,0x03,0x02,
    0xd4,0x0d,0x0f,0x7c,0x09,0x07,0x02,0x02,0x00,0x0f,0x60,0x02,0x09,0x02,0x02,0x00,
    0x0f,0xf4,0x12,0x05,0x06,0x02,0x00,0x11,0x75,0xaa,0x42,0x06,0x10,0x00,0x0e,0x02,
    0x00,0x0f,0x1a,0x07,0x03,0x08,0x02,0x00,0x2f,0xb5,0xbd,0x78,0x6a,0x0d,0x0f,0x60,
    0x02,0x07,0x04,0x02,0x00,0x0f,0xf4,0x12,0x05,0x06,0x02,0x00,0x0f,0x60,0x02,0x07,
    0x02,0x02,0x00,0x02,0xde,0x01,0x02,0x0c,0x00,0x0f,0x02,0x00,0x03,0x0f,0x60,0x02,
    0x09,0x02,0x02,0x00,0x0f,0x60,0x02,0x01,0x19,0x31,0x8a,0x9e,0x0f,0x60,0x02,0x19,
    0x02,0x54,0x00,0x0f,0x02,0x00,0x67,0x02,0x5e,0x02,0x0f,0xc0,0x04,0x03,0x51,0xf2,
    0xb2,0xf2,0xb2,0x13,0x88,0x32,0x0f,0xa0,0x00,0x03,0x02,0xcc,0x1e,0x02,0xc8,0x04,
    0x0f,0x22,0x00,0x01,0x04,0x1a,0x00,0x0f,0x5a,0x09,0x03,0x06,0x34,0x0e,0x02,0x9e,
    0x04,0x0f,0x7e,0x04,0x03,0x04,0x1c,0x00,0x0f,0x20,0x00,0x05,0x04,0xe4,0x04,0x0f,
    0x3e,0x02,0x09,0x02,0x1c,0x00,0x0f,0x5a,0x09,0x07,0x02,0x5a,0x02,0x22,0xf5,0xbd,
    0x0c,0x04,0x02,0x9a,0x00,0x0c,0x02,0x00,0x02,0x5a,0x02,0x0f,0x9e,0x04,0x07,0x04,
    0x1c,0x00,0x0f,0xf0,0x08,0x07,0x04,0x5a,0x02,0x0f,0x40,0x02,0x01,0x02,0x02,0x00,
    0x04,0x1a,0x00,0x08,0x40,0x02,0x0a,0x02,0x00,0x04,0x1a,0x00,0x02,0xc8,0x04,0x02,
    0x96,0x00,0x0f,0x20,0x07,0x09,0x0a,0x3e,0x00,0x0f,0x02,0x00,0x63,0x02,0x62,0x02,
    0x0f,0x20,0x07,0x01,0x02,0x02,0x00,0x42,0x53,0xb4,0x55,0xb5,0x2c,0x02,0x06,0xa0,
    0x00,0x33,0x55,0xb5,0xf3,0x7a,0x09,0x02,0x02,0x00,0x1b,0x75,0x22,0x00,0x02,0x9c,
    0x09,0x22,0x52,0xb3,0x1a,0x00,0x04,0x60,0x02,0x08,0x66,0x09,0x02,0xfc,0x0b,0x11,
    0x13,0x74,0x6f,0x04,0x44,0x02,0x02,0x08,0x00,0x04,0x66,0x00,0x71,0x95,0xbd,0x55,
    0xbd,0x32,0xb3,0x73,0x0c,0xa6,0x02,0x02,0x00,0x04,0x4c,0x02,0x04,0x22,0x00,0x82,
    0xb5,0xbd,0x34,0xb5,0x52,0xb3,0x14,0xb5,0x4c,0xc7,0x02,0xba,0x0b,0x04,0x08,0x00,
    0x02,0x02,0x00,0x71,0xd5,0xbd,0xf4,0xb4,0x52,0xb3,0x95,0x2c,0x21,0x04,0x60,0x02,
    0x0a,0xa6,0x04,0x33,0xf5,0xbd,0x53,0x7a,0x09,0x06,0x60,0x02,0x02,0x4c,0x02,0x04,
    0x02,0x00,0x42,0x16,0xbe,0x13,0xb4,0x9c,0x50,0x04,0x44,0x02,0x06,0x08,0x00,0x02,
    0x02,0x00,0x31,0x36,0xbe,0xf3,0x96,0x63,0x13,0x36,0x10,0x21,0x0e,0x52,0x2f,0x42,
    0x56,0xbe,0xb3,0xb3,0x2e,0x36,0x06,0x46,0x02,0x0c,0x02,0x00,0x24,0xd3,0xb3,0x40,
    0x23,0x04,0x46,0x02,0x0c,0x02,0x00,0x24,0xf3,0xb3,0x1a,0x00,0x02,0x60,0x02,0x02,
    0x5c,0x02,0x0f,0x60,0x02,0x07,0x0c,0x40,0x00,0x0f,0x02,0x00,0x65,0x0f,0xc0,0x04,
    0x09,0x02,0x02,0x00,0x02,0x32,0x02,0x04,0x02,0x00,0x02,0x14,0x07,0x06,0xda,0x0b,
    0x04,0x80,0x02,0x11,0x75,0x1a,0xb9,0x13,0x55,0x06,0x00,0x26,0x34,0xb5,0xda,0x0b,
    0x22,0x75,0xbd,0x52,0x02,0x06,0x08,0x00,0x82,0x75,0xbd,0x75,0xbd,0xd4,0xb4,0xf2,
    0xb2,0x14,0x00,0x02,0x02,0x00,0x04,0x60,0x02,0x02,0x08,0x00,0x51,0x95,0xbd,0x95,
    0xbd,0x53,0x1e,0x02,0x08,0x52,0x02,0x06,0x02,0x00,0x02,0x6e,0x02,0x46,0x53,0xb4,
    0x92,0xb3,0x20,0x00,0x04,0x60,0x02,0x02,0x02,0x00,0x02,0x0e,0x00,0x39,0xf3,0xb3,
    0x53,0xda,0x0b,0x02,0x68,0x02,0x02,0x02,0x00,0x02,0x0e,0x00,0x0c,0x7a,0x09,0x02,
    0x60,0x02,0x02,0xba,0x01,0x64,0x16,0xbe,0x16,0xbe,0x95,0xb5,0x60,0x02,0x04,0x02,
    0x00,0x02,0x4c,0x02,0x02,0x0e,0x07,0x64,0x36,0xbe,0x36,0xbe,0x14,0xb5,0x12,0xed,
    0x02,0x02,0x00,0x11,0x56,0x82,0x25,0x02,0x08,0x00,0x02,0x06,0x00,0x02,0xfe,0x52,
    0x06,0x02,0x00,0x04,0x4c,0x02,0x02,0xb4,0x04,0x0e,0x8a,0x89,0x06,0x66,0x02,0x02,
    0x54,0x02,0x0e,0x86,0x9c,0x02,0x9c,0x00,0x02,0x02,0x00,0x02,0x86,0x00,0x06,0x02,
    0x00,0x04,0x80,0x00,0x0f,0x02,0x00,0x75,0x0f,0xc0,0x04,0x09,0x02,0x02,0x00,0x51,
    0x55,0xb5,0x14,0xb5,0x33,0x2c,0x07,0x04,0x60,0x02,0x0a,0xbc,0x00,0x02,0x7c,0x02,
    0x02,0x08,0x00,0x02,0x22,0xb9,0x0c,0x34,0x07,0x02,0x54,0x02,0x04,0x08,0x00,0x02,
    0x02,0x00,0x0a,0x44,0x00,0x02,0x58,0x02,0x04,0x6e,0x09,0x04,0x0e,0x00,0x08,0x02,
    0x00,0x06,0x5e,0x02,0x06,0x02,0x00,0x08,0x20,0x00,0x02,0x52,0x02,0x04,0x02,0x00,
    0x04,0x0e,0x00,0x0a,0x22,0x00,0x02,0x5a,0x02,0x02,0x02,0x00,0x02,0x0e,0x00,0x0a,
    0x20,0x00,0x31,0x00,0x00,0x16,0x6e,0x4e,0x02,0xba,0x01,0x02,0x02,0x00,0x0c,0x22,
    0x00,0x48,0x36,0xbe,0x95,0xbd,0x60,0x02,0x0e,0x74,0x09,0x02,0xac,0xba,0x02,0x2e,
    0x07,0x0f,0xee,0x01,0x03,0x42,0xf5,0xbd,0xd4,0xb4,0x5a,0x02,0x04,0x06,0x00,0x0c,
    0x02,0x00,0x42,0x95,0xbd,0xf4,0xb4,0x5a,0x02,0x04,0x06,0x00,0x06,0x02,0x00,0x13,
    0x15,0x6e,0x0c,0x02,0x02,0x00,0x06,0x5a,0x02,0x02,0x02,0x00,0x02,0x78,0x00,0x0f,
    0x02,0x00,0x79,0x0f,0x20,0x07,0x07,0x04,0x02,0x00,0x31,0x93,0xb3,0xb3,0xf6,0x50,
    0x0c,0x5a,0x02,0x06,0x02,0x00,0x13,0xb3,0x22,0x00,0x0c,0x5a,0x02,0x06,0x02,0x00,
    0x24,0xd3,0xb3,0x60,0x02,0x06,0x14,0x00,0x0a,0x02,0x00,0x22,0xf3,0xb3,0x68,0x02,
    0x0a,0x16,0x00,0x06,0x02,0x00,0x02,0x48,0x40,0x0f,0x8e,0x09,0x07,0x04,0xd4,0x8e,
    0x02,0x2e,0x07,0x0f,0x02,0x00,0x03,0x02,0x46,0x72,0x0a,0x28,0x07,0x0a,0x02,0x00,
    0x4c,0x74,0xb4,0x74,0xb4,0x82,0x6d,0x0a,0x02,0x00,0x02,0x6e,0x15,0x0e,0x58,0x02,
    0x04,0x02,0x00,0x11,0xb4,0x01,0x00,0x04,0x0e,0x00,0x0f,0x02,0x00,0x01,0x06,0x6e,
    0x15,0x0f,0x02,0x00,0x05,0x06,0x6e,0x15,0x0c,0x02,0x00,0x2f,0x15,0xbe,0x60,0x02,
    0x0b,0x0f,0x98,0x00,0x07,0x0f,0x02,0x00,0x65,0x0f,0x60,0x02,0x0f,0x13,0x32,0x6e,
    0x15,0x0c,0x6e,0x1c,0x0e,0x02,0x00,0x02,0xfe,0x17,0x0f,0x02,0x00,0x09,0x02,0x3c,
    0x4e,0x0f,0x02,0x00,0x09,0x0c,0x70,0x1c,0x0c,0x02,0x00,0x04,0x84,0x36,0x0f,0x02,
    0x00,0x07,0x0c,0x6e,0x1c,0x0e,0x02,0x00,0x04,0x2e,0x21,0x0f,0x02,0x00,0x07,0x04,
    0x2e,0x21,0x0e,0x02,0x00,0x02,0x6c,0x15,0x0f,0x02,0x00,0x09,0x0f,0x5e,0x02,0x0b,
    0x02,0x60,0x02,0x0f,0x40,0x00,0x09,0x02,0x60,0x02,0x0f,0x22,0x00,0x01,0x2f,0x15,
    0xbe,0x60,0x02,0x0d,0x0f,0x36,0x00,0x01,0x0f,0x02,0x00,0x6d,0x06,0x5a,0x15,0x02,
    0x02,0x00,0x04,0xb8,0x04,0x04,0x02,0x00,0x04,0xf2,0x01,0x0f,0x60,0x02,0x51,0x04,
    0x2e,0x21,0x0f,0x02,0x00,0x07,0x0f,0x60,0x02,0x13,0x19,0x52,0x16,0x09,0x0c,0x02,
    0x00,0x04,0xc0,0x44,0x0f,0x02,0x00,0x07,0x0f,0x60,0x02,0x07,0x04,0x02,0x00,0x06,
    0x30,0x21,0x0f,0x02,0x00,0x05,0x04,0x44,0x1b,0x0f,0x02,0x00,0x07,0x04,0xaa,0x2a,
    0x0f,0x02,0x00,0x07,0x08,0x60,0x42,0x4f,0xf5,0xbd,0xf5,0xbd,0x60,0x02,0x0b,0x0f,
    0x48,0x00,0x07,0x0f,0x02,0x00,0x6b,0x02,0x58,0x02,0x04,0x02,0x00,0x04,0x58,0x02,
    0x04,0x02,0x00,0x04,0xf4,0x01,0x0f,0x60,0x02,0xbb,0x0f,0x72,0x01,0x0b,0x0f,0x60,
    0x02,0x75,0x06,0x02,0x00,0x02,0x38,0x0a,0x0f,0x60,0x02,0x09,0x06,0x2c,0x00,0x0f,
    0x02,0x00,0x7f,0x04,0x5c,0x02,0x11,0xd2,0x8e,0x2f,0x0a,0x02,0x00,0x02,0x60,0x02,
    0x02,0x0a,0x1c,0x0f,0x02,0x00,0xff,0x66,0x02,0x5e,0x02,0x0f,0x60,0x02,0x09,0x0f,
    0x9a,0x01,0x8d,0x02,0x5c,0x02,0x0f,0x60,0x02,0x09,0x0f,0x62,0x02,0xff,0x68,0x04,
    0x5e,0x02,0x0f,0x60,0x02,0xa9,0x06,0x62,0x02,0x0a,0xbe,0x04,0x06,0xc0,0x04,0x0f,
    0x62,0x02,0x09,0x0f,0xda,0x0b,0x2f,0x0f,0x60,0x00,0x0b,0x0f,0x7a,0x09,0x39,0x02,
    0x4e,0x00,0x0f,0x02,0x00,0x05,0x0f,0x1a,0x07,0x75,0x04,0x7a,0x09,0x06,0x5c,0x02,
    0x0f,0x60,0x02,0x09,0x0f,0xce,0x00,0x05,0x0f,0x02,0x00,0x7b,0x0f,0xc0,0x04,0x0d,
    0x3b,0x12,0xb3,0x32,0xf6,0x50,0x04,0x02,0x00,0x06,0x60,0x02,0x0f,0xd6,0x0a,0x03,
    0x02,0xb4,0x02,0x02,0x2e,0x00,0x06,0x06,0x2c,0x08,0x02,0x00,0x08,0x60,0x02,0x06,
    0x06,0x2c,0x08,0x02,0x00,0x08,0xda,0x0b,0x02,0xae,0x10,0x0c,0x02,0x00,0x04,0x9a,
    0x50,0x06,0xae,0x10,0x0c,0x02,0x00,0x08,0x3a,0x0e,0x02,0x98,0x23,0x0c,0x02,0x00,
    0x06,0x60,0x02,0x02,0xac,0x10,0x0e,0x02,0x00,0x06,0xda,0x0b,0x02,0xac,0x10,0x0e,
    0x02,0x00,0x06,0x04,0x01,0x04,0x1a,0x26,0x0c,0x02,0x00,0x06,0xda,0x0b,0x0a,0xf6,
    0x50,0x06,0x02,0x00,0x02,0x60,0x02,0x02,0x56,0x02,0x06,0x02,0x00,0x0f,0x80,0x09,
    0x03,0x06,0x36,0x00,0x0f,0x02,0x00,0x8d,0x0f,0x20,0x07,0x0b,0x04,0x62,0x02,0x0f,
    0xc6,0x00,0x09,0x06,0x5c,0x01,0x0f,0x02,0x00,0x07,0x06,0x5e,0x01,0x08,0x02,0x00,
    0x06,0x80,0x07,0x0f,0x60,0x02,0x03,0x35,0x00,0x00,0x32,0x16,0x0e,0x04,0xd6,0x25,
    0x0f,0x02,0x00,0x07,0x08,0x56,0x53,0x0f,0x02,0x00,0x03,0x0f,0x60,0x02,0x03,0x06,
    0x02,0x00,0x0f,0x60,0x02,0x05,0x06,0x02,0x00,0x0f,0x60,0x02,0x05,0x06,0x02,0x00,
    0x0f,0x60,0x02,0x05,0x06,0x02,0x00,0x0f,0x60,0x02,0x05,0x06,0x1e,0x1d,0x08,0x02,
    0x00,0x0f,0x60,0x02,0x01,0x02,0x2c,0x00,0x0f,0x02,0x00,0x95,0x02,0x6a,0x04,0x08,
    0x02,0x00,0x02,0x58,0x02,0x08,0x02,0x00,0x06,0xe8,0x01,0x0f,0x02,0x00,0xff,0x4a,
    0x04,0x3a,0x1d,0x08,0x02,0x00,0x0e,0x60,0x02,0x0f,0x82,0x01,0x9f,0x08,0x5c,0x02,
    0x0c,0x80,0x09,0x02,0xc2,0x04,0x04,0xb2,0x33,0x04,0xb6,0x09,0x02,0x0a,0x00,0x0f,
    0x02,0x00,0x03,0x02,0x44,0x00,0x0f,0x1c,0x00,0x03,0x02,0x02,0x00,0x02,0x56,0x00,
    0x02,0x0c,0x00,0x0f,0x02,0x00,0x03,0x0a,0x72,0x00,0x0f,0x02,0x00,0x01,0x0f,0xf2,
    0x12,0x0d,0x0a,0x1a,0x07,0x0f,0x02,0x00,0x03,0x06,0x1a,0x07,0x0f,0x02,0x00,0x05,
    0x0f,0xba,0x05,0x0b,0x0f,0x02,0x00,0x3b,0x2f,0xd5,0xbd,0x60,0x02,0x11,0x0f,0x74,
    0x00,0x3b,0x0f,0x02,0x00,0x55,0x02,0x14,0x02,0x04,0x02,0x00,0x02,0x00,0x02,0x06,
    0x02,0x00,0x02,0xee,0x01,0x02,0xc4,0x04,0x02,0xb2,0x09,0x0f,0x98,0x00,0x09,0x02,
    0x46,0x00,0x0f,0x22,0x00,0x09,0x02,0x5a,0x00,0x0f,0x22,0x00,0x09,0x02,0x72,0x00,
    0x0f,0x22,0x00,0x09,0x0f,0x60,0x02,0x55,0x0f,0x62,0x02,0x0d,0x0f,0x20,0x00,0x0d,
    0x0f,0x7c,0x0a,0x03,0x08,0x02,0x00,0x33,0xf3,0xb3,0xf3,0x12,0x29,0x0f,0x60,0x02,
    0x0f,0x08,0x38,0x00,0x0f,0x02,0x00,0x9b,0x02,0x16,0x02,0x02,0x02,0x00,0x02,0x00,
    0x02,0x06,0x02,0x00,0x02,0xee,0x01,0x08,0x62,0x02,0x0f,0xdc,0x00,0x09,0x02,0x44,
    0x00,0x0f,0x22,0x00,0x09,0x02,0x5a,0x00,0x0f,0x22,0x00,0x09,0x06,0x6e,0x00,0x0f,
    0x02,0x00,0x05,0x0f,0x60,0x02,0x55,0x0f,0x80,0x00,0x05,0x0f,0x02,0x00,0x39,0x04,
    0xa6,0x1f,0x0f,0x60,0x02,0x0d,0x0f,0x74,0x00,0x39,0x0f,0x02,0x00,0x5f,0x02,0x18,
    0x02,0x0f,0x20,0x07,0x07,0x02,0x02,0x00,0x0f,0x88,0x19,0x0b,0x0f,0xd0,0x03,0x0f,
    0x0f,0x02,0x00,0x97,0x0f,0xee,0x0b,0x2f,0x01,0xf9,0x1e,0x0f,0x86,0x2f,0x08,0x02,
    0xec,0x0b,0x06,0x5e,0x02,0x0f,0x60,0x02,0x0b,0x0f,0x3a,0x01,0x97,0x0f,0x02,0x00,
    0x05,0x02,0x5e,0x02,0x0f,0xc0,0x04,0x09,0x02,0x02,0x00,0x0f,0x40,0x00,0x09,0x0f,
    0x52,0x06,0x0b,0x3f,0x12,0xb3,0x12,0xcc,0xf2,0x00,0x08,0x02,0x00,0x42,0x32,0xb3,
    0x32,0xb3,0xaa,0x0f,0x0f,0x02,0x00,0x05,0x35,0x52,0xb3,0x92,0x24,0x34,0x0f,0x02,
    0x00,0x03,0x3f,0x72,0xb3,0x13,0xa0,0x93,0x0a,0x06,0x5a,0x21,0x0f,0x02,0x00,0x09,
    0x0f,0x60,0x02,0x53,0x02,0x12,0x29,0x04,0x02,0x00,0x08,0xda,0x0b,0x02,0x02,0x00,
    0x02,0xe0,0x0b,0x0f,0xa8,0x00,0x09,0x0f,0x02,0x00,0x99,0x02,0x62,0x02,0x02,0xc0,
    0x06,0x06,0x02,0x00,0x02,0x56,0x02,0x08,0x02,0x00,0x0f,0xd4,0x00,0x03,0x02,0x3e,
    0x00,0x0f,0x1c,0x00,0x03,0x02,0x02,0x00,0x02,0x54,0x00,0x02,0x0c,0x00,0x0f,0x02,
    0x00,0x03,0x04,0x86,0x07,0x0f,0x02,0x00,0x05,0x08,0xf2,0x12,0x0f,0x02,0x00,0x03,
    0x0f,0xcc,0x1e,0x13,0x0a,0x9c,0x3d,0x0c,0x02,0x00,0x06,0xf2,0x12,0x0f,0x02,0x00,
    0x05,0x2e,0xb3,0xb3,0xcc,0xf2,0x0a,0x02,0x00,0x39,0xd3,0xb3,0xd3,0xb0,0x8f,0x0e,
    0x02,0x00,0x24,0x14,0xb5,0x58,0x02,0x04,0x02,0x00,0x02,0x54,0x02,0x08,0x02,0x00,
    0x4e,0x15,0xbe,0x15,0xbe,0x3a,0x00,0x0f,0x02,0x00,0xa7,0x0f,0xc0,0x04,0x11,0x1f,
    0x32,0xc8,0x7a,0x04,0x0f,0x60,0x02,0x13,0x0f,0x1c,0x01,0x0b,0x0f,0x60,0x02,0x0d,
    0x02,0x62,0x02,0x0f,0x44,0x00,0x09,0x0f,0x60,0x02,0x57,0x0f,0x86,0x00,0x09,0x02,
    0x60,0x02,0x0f,0x22,0x00,0x09,0x06,0xec,0x2d,0x06,0x02,0x00,0x08,0x5a,0x02,0x02,
    0x02,0x00,0x0f,0x5e,0x02,0xbb,0x02,0x82,0x97,0x02,0x66,0x04,0x06,0x02,0x00,0x08,
    0xba,0x04,0x02,0x02,0x00,0x0f,0x46,0x04,0x0f,0x0f,0x02,0x00,0xff,0x0c,0x04,0x94,
    0x2b,0x06,0x5a,0x02,0x02,0x02,0x00,0x02,0x54,0x02,0x08,0x02,0x00,0x0f,0x48,0x01,
    0xc3,0x06,0x5c,0x02,0x06,0x00,0x13,0x08,0x02,0x00,0x02,0x60,0x02,0x06,0xc4,0x0d,
    0x0f,0x46,0x28,0x2f,0x0f,0xba,0x04,0x0f,0x06,0x6e,0x00,0x0f,0x02,0x00,0x05,0x08,
    0x0c,0x1a,0x0f,0x02,0x00,0x89,0x04,0x5e,0x02,0x0f,0x60,0x02,0x0f,0x0f,0xc6,0x00,
    0x89,0x0f,0x02,0x00,0x2b,0x02,0x5a,0x02,0x02,0x02,0x00,0x08,0x5a,0x02,0x02,0x02,
    0x00,0x02,0x5c,0x02,0x02,0x02,0x00,0x02,0xf4,0x04,0x0f,0x78,0x09,0x01,0x06,0xec,
    0x0b,0x02,0x48,0x00,0x0e,0x92,0x00,0x06,0x42,0x06,0x02,0x58,0x00,0x0e,0x22,0x00,
    0x06,0x02,0x00,0x06,0x6e,0x00,0x0f,0x02,0x00,0x05,0x0f,0x1a,0x07,0x05,0x06,0x3a,
    0x1a,0x0f,0x78,0x09,0x05,0x06,0x3a,0x1a,0x0f,0x7a,0x09,0x03,0x08,0xec,0x0b,0x06,
    0xd6,0x00,0x08,0x02,0x00,0x08,0x3a,0x1a,0x06,0xd6,0x00,0x08,0x02,0x00,0x02,0x3a,
    0x1a,0x06,0x5c,0x02,0x0f,0x60,0x02,0x0f,0x08,0x3e,0x00,0x0f,0x02,0x00,0xbf,0x02,
    0x14,0x02,0x0f,0xc0,0x04,0x0d,0x02,0x02,0x00,0x0f,0x60,0x02,0x27,0x04,0x8c,0x01,
    0x0f,0x60,0x02,0x05,0x06,0x9a,0x1c,0x02,0x6a,0x00,0x0e,0x68,0x01,0x06,0x9a,0x1c,
    0x0f,0xc0,0x04,0x05,0x0f,0x60,0x02,0x0d,0x02,0xa6,0x2f,0x02,0x02,0x00,0x0f,0x60,
    0x02,0x4b,0x02,0x56,0x02,0x06,0x02,0x00,0x02,0x16,0x07,0x06,0x02,0x00,0x06,0x1a,
    0x07,0x02,0x8e,0x00,0x0f,0x02,0x00,0xcb,0x02,0x5e,0x02,0x0f,0xc0,0x04,0x0d,0x06,
    0xac,0x4d,0x0f,0x02,0x00,0xff,0x0c,0x13,0x75,0x0c,0x5b,0x08,0x02,0x00,0x06,0x5a,
    0x02,0x02,0x02,0x00,0x04,0x60,0x02,0x0f,0x4a,0x01,0xd7,0x0f,0x60,0x02,0x15,0x0f,
    0x74,0x92,0x05,0x0f,0x44,0x26,0x09,0x02,0x02,0x00,0x0f,0x32,0x0e,0x2f,0x2f,0x00,
    0x00,0x7e,0x00,0x05,0x06,0x02,0x00,0x0f,0x90,0x10,0x0b,0x0f,0x02,0x00,0x4d,0x11,
    0x95,0x18,0x41,0x19,0x95,0x5c,0x02,0x0f,0x20,0x07,0x07,0x0f,0x8e,0x00,0x4d,0x0f,
    0x02,0x00,0x7b,0x0f,0xc0,0x04,0x13,0x04,0x02,0x00,0x0c,0xbc,0x00,0x02,0x04,0x05,
    0x0c,0x16,0x00,0x08,0x02,0x00,0x0f,0x60,0x02,0x0d,0x02,0x22,0x05,0x08,0x32,0x00,
    0x0c,0x02,0x00,0x0f,0x78,0x09,0x05,0x06,0x02,0x00,0x06,0xee,0x52,0x0f,0x02,0x00,
    0x05,0x0f,0x18,0x07,0x03,0x08,0x02,0x00,0x0f,0x78,0x09,0x03,0x08,0x02,0x00,0x06,
    0xee,0x07,0x0a,0x02,0x00,0x04,0x5e,0x02,0x0f,0x60,0x02,0x13,0x0a,0x3c,0x00,0x0f,
    0x02,0x00,0xd1,0x02,0x1c,0x09,0x08,0x02,0x00,0x02,0xf4,0x01,0x06,0x02,0x00,0x04,
    0x5e,0x02,0x02,0x02,0x00,0x08,0x14,0x01,0x0f,0xc0,0x04,0x51,0x02,0x80,0x00,0x08,
    0x76,0x00,0x0c,0x02,0x00,0x0f,0x60,0x02,0x31,0x0f,0xfc,0x1a,0x23,0x06,0x5c,0x02,
    0x0f,0x60,0x02,0x11,0x0c,0xb8,0x00,0x0f,0x02,0x00,0xd7,0x08,0x5e,0x02,0x0f,0x60,
    0x02,0x0d,0x0f,0x8c,0x06,0x01,0x0f,0xfe,0x03,0x27,0x06,0x02,0x00,0x06,0xec,0x0b,
    0x0f,0x02,0x00,0x05,0x0f,0xe6,0x2a,0x03,0x08,0x02,0x00,0x06,0xec,0x0b,0x0f,0x02,
    0x00,0x05,0x06,0x4c,0x0e,0x0f,0x02,0x00,0x03,0x08,0x4c,0x0e,0x0f,0x02,0x00,0x03,
    0x04,0x4c,0x0e,0x02,0x70,0x43,0x08,0x02,0x00,0x02,0x16,0x07,0x06,0x02,0x00,0x02,
    0x76,0x09,0x04,0x02,0x00,0x0f,0x4e,0x00,0x03,0x0f,0x02,0x00,0xd5,0x08,0x62,0x02,
    0x06,0xba,0x04,0x02,0x02,0x00,0x02,0xb8,0x04,0x04,0x02,0x00,0x6c,0x92,0xb3,0x92,
    0xb3,0x72,0xb3,0xba,0x04,0x0c,0xf0,0x16,0x02,0x50,0x00,0x0f,0x3e,0x01,0x09,0x0f,
    0xf2,0x12,0x31,0x0f,0x92,0x10,0x05,0x06,0x02,0x00,0x0c,0xfa,0x02,0x0e,0x60,0x02,
    0x0a,0xba,0x00,0x0f,0x60,0x02,0x01,0x04,0x06,0x0f,0x02,0x02,0x00,0x31,0x94,0xb4,
    0x94,0xce,0x45,0x0f,0x60,0x02,0x1b,0x02,0x3c,0x00,0x0f,0x02,0x00,0xe9,0x02,0x12,
    0x02,0x0f,0xc0,0x04,0x11,0x02,0x02,0x00,0x0f,0xb4,0x06,0x0b,0x02,0x4a,0x00,0x0f,
    0x50,0x01,0x09,0x02,0xbc,0x02,0x0f,0x22,0x00,0x0b,0x0f,0x64,0x00,0x0b,0x0f,0x60,
    0x02,0x21,0x0e,0x02,0x00,0x0a,0x60,0x02,0x0e,0x02,0x00,0x0c,0x78,0x09,0x02,0x72,
    0x43,0x0f,0x60,0x02,0x19,0x0e,0x54,0x00,0x0f,0x02,0x00,0xe5,0x02,0x16,0x02,0x02,
    0xfa,0x01,0x06,0x02,0x00,0x04,0xba,0x04,0x02,0x02,0x00,0x02,0x5e,0x02,0x02,0x02,
    0x00,0x15,0x93,0x42,0x2f,0x0c,0x02,0x00,0x0f,0xd8,0x0b,0x0d,0x02,0x60,0x02,0x0c,
    0x36,0x00,0x0a,0x02,0x00,0x0f,0x60,0x02,0x0f,0x0f,0x02,0x00,0x5d,0x22,0x75,0xb5,
    0x5a,0x02,0x02,0x02,0x00,0x08,0x1c,0x07,0x0f,0x80,0x09,0x07,0x0f,0xa4,0x00,0x5d,
    0x0f,0x02,0x00,0x8b,0x0f,0xc0,0x04,0x17,0x51,0x92,0xb3,0x92,0xb3,0x93,0x02,0x00,
    0x08,0x02,0x04,0x11,0x32,0x94,0x34,0x0f,0xe4,0x00,0x09,0x3f,0x52,0xb3,0x52,0xc6,
    0x23,0x0c,0x3f,0x52,0xb3,0x92,0xc6,0x23,0x0c,0x1f,0x92,0x42,0x00,0x0c,0x4f,0x00,
    0x00,0xb3,0xb3,0x8c,0x09,0x3d,0x02,0xb8,0x4a,0x02,0x5a,0x02,0x02,0x02,0x00,0x02,
    0x56,0x02,0x06,0x02,0x00,0x06,0x7a,0x09,0x02,0x02,0x00,0x0f,0x5c,0x02,0xfd,0x04,
    0x02,0x00,0x06,0xba,0x04,0x02,0x02,0x00,0x02,0xb8,0x04,0x04,0x02,0x00,0x02,0x5a,
    0x02,0x02,0x02,0x00,0x22,0x93,0xb3,0x3e,0x78,0x06,0xe6,0x08,0x33,0x32,0xb3,0x52,
    0x40,0x45,0x0f,0x02,0x00,0x05,0x0f,0x60,0x02,0x33,0x1f,0xb3,0x26,0x26,0x0c,0x3f,
    0x93,0xb3,0xf3,0x62,0x02,0x0c,0x0f,0x82,0x02,0x0f,0x24,0xf3,0xb3,0x24,0xbc,0x02,
    0xb6,0x4a,0x0f,0x60,0x02,0x1d,0x0f,0x02,0x01,0x05,0x0f,0x02,0x00,0xf1,0x02,0x5a,
    0x02,0x02,0x02,0x00,0x04,0x5a,0x02,0x02,0x02,0x00,0x02,0x5a,0x02,0x02,0x02,0x00,
    0x08,0x60,0x02,0x02,0x64,0x02,0x02,0x62,0x07,0x0f,0x42,0x01,0x09,0x02,0x54,0x00,
    0x0f,0x22,0x00,0x0b,0x0f,0x78,0x09,0x71,0x02,0x02,0x00,0x02,0x5a,0x02,0x02,0x02,
    0x00,0x0f,0x60,0x02,0x19,0x02,0x3e,0x00,0x0f,0x02,0x00,0xff,0x0a,0x02,0x08,0x02,
    0x02,0x20,0x1a,0x08,0x02,0x00,0x02,0x5a,0x02,0x02,0x02,0x00,0x0c,0x60,0x02,0x02,
    0x02,0x00,0x0f,0x56,0x01,0x03,0x0f,0x30,0x0e,0x31,0x0f,0xaa,0x17,0x5b,0x02,0x56,
    0x02,0x06,0x02,0x00,0x0f,0x60,0x02,0x15,0x0f,0x00,0x01,0x03,0x0f,0x02,0x00,0xff,
    0x02,0x0f,0x60,0x02,0x23,0x06,0x72,0x0d,0x02,0xd4,0x04,0x02,0x02,0x00,0x02,0x4c,
    0x00,0x02,0x0c,0x00,0x06,0x02,0x00,0x06,0x2c,0x00,0x02,0xd0,0x0b,0x0e,0xba,0x04,
    0x08,0x18,0x13,0x0f,0x90,0x10,0x03,0x06,0x04,0x1f,0x0f,0xaa,0x17,0x05,0x08,0x8c,
    0x09,0x08,0x94,0x00,0x06,0x02,0x00,0x08,0xb8,0x10,0x53,0xd3,0xb3,0x14,0xb5,0x35,
    0x3e,0x54,0x08,0x02,0x00,0x0f,0x60,0x02,0x13,0x06,0x54,0x00,0x0f,0x02,0x00,0xff,
    0x14,0x0f,0x20,0x07,0x19,0x02,0x02,0x00,0x15,0xd3,0x02,0x00,0x08,0xcc,0x01,0x0f,
    0x60,0x02,0x49,0x06,0x62,0x02,0x08,0x72,0x00,0x06,0x02,0x00,0x0f,0x60,0x02,0x17,
    0x02,0xc8,0x5d,0x1f,0x35,0x60,0x02,0x24,0x06,0x72,0x00,0x0f,0x02,0x00,0xff,0x1a,
    0x08,0x1e,0x07,0x0f,0x20,0x07,0x11,0x04,0x5e,0x02,0x04,0x02,0x00,0x0f,0x1a,0x07,
    0x0d,0x0f,0x70,0x09,0x53,0x0f,0x02,0x00,0x0d,0x02,0x5a,0x02,0x02,0x02,0x00,0x0f,
    0x60,0x02,0x21,0x0f,0x60,0x00,0x0d,0x0f,0x02,0x00,0xff,0x0c,0x06,0x64,0x02,0x02,
    0x7a,0x09,0x02,0x02,0x00,0x0f,0x80,0x09,0x03,0x04,0x58,0x02,0x08,0x02,0x00,0x08,
    0xe6,0x06,0x0c,0x02,0x00,0x02,0x22,0x05,0x0c,0x16,0x00,0x08,0x02,0x00,0x0f,0x18,
    0x07,0x03,0x08,0x02,0x00,0x0a,0x26,0x11,0x0f,0x02,0x00,0x01,0x0f,0xda,0x04,0x03,
    0x06,0x1a,0x7b,0x02,0x5a,0x02,0x02,0x02,0x00,0x0f,0x60,0x02,0x1d,0x02,0x48,0x00,
    0x0f,0x02,0x00,0xff,0x2e,0x02,0x64,0x02,0x02,0x5a,0x02,0x02,0x02,0x00,0x0f,0x60,
    0x02,0x13,0x19,0xf3,0x02,0x00,0x0e,0x86,0x01,0x04,0xc0,0x04,0x08,0x8c,0x09,0x0a,
    0x02,0x00,0x04,0x60,0x02,0x0f,0xa6,0x02,0x07,0x04,0x3e,0x02,0x06,0x2a,0x07,0x0f,
    0x02,0x00,0x05,0x06,0x2c,0x07,0x02,0x72,0x7d,0x04,0x02,0x00,0x02,0x5a,0x02,0x02,
    0x02,0x00,0x0f,0x60,0x02,0x19,0x0f,0x68,0x00,0x05,0x0f,0x02,0x00,0xff,0x24,0x0f,
    0x60,0x02,0x2f,0x42,0xf3,0xb3,0x13,0xb4,0x32,0x09,0x04,0x58,0x02,0x04,0x02,0x00,
    0x0a,0xe8,0x1b,0x02,0x2e,0x0e,0x0f,0x4e,0x1f,0x01,0x08,0x02,0x00,0x04,0x58,0x02,
    0x0f,0x02,0x00,0x07,0x0e,0x22,0x00,0x02,0xd0,0x59,0x04,0x58,0x02,0x04,0x02,0x00,
    0x02,0x5a,0x02,0x02,0x02,0x00,0x0f,0x60,0x02,0x13,0x0f,0x3e,0x5b,0x07,0x0f,0x02,
    0x00,0xff,0x2c,0x02,0xbc,0x04,0x04,0xc0,0x17,0x02,0xd4,0x0b,0x08,0x02,0x00,0x08,
    0x18,0x07,0x0e,0xc0,0x04,0x04,0x60,0x02,0x42,0x13,0xb4,0x13,0xb4,0x0c,0x00,0x0f,
    0x8e,0x01,0x07,0x0f,0x60,0x02,0x39,0x02,0x56,0x02,0x06,0x02,0x00,0x04,0x58,0x02,
    0x04,0x02,0x00,0x02,0x5a,0x02,0x02,0x02,0x00,0x0f,0x60,0x02,0x11,0x0f,0xb6,0x00,
    0x07,0x0f,0x02,0x00,0xff,0x32,0x0f,0x60,0x02,0x33,0x04,0x02,0x00,0x15,0x33,0x02,
    0x00,0x02,0x9c,0x01,0x0f,0x00,0x1a,0x0d,0x3f,0x93,0xb3,0xb3,0x42,0x1a,0x0c,0x51,
    0xb3,0xb3,0xd3,0xb3,0x13,0xe0,0xd0,0x04,0x02,0x00,0x06,0x5a,0x02,0x02,0x02,0x00,
    0x04,0x58,0x02,0x04,0x02,0x00,0x02,0x5a,0x02,0x02,0x02,0x00,0x0f,0x60,0x02,0x0d,
    0x02,0xa6,0x00,0x0f,0x02,0x00,0xff,0x50,0x0f,0x80,0x09,0x21,0x02,0xb4,0x04,0x0a,
    0x02,0x00,0x04,0x5e,0x02,0x08,0x02,0x00,0x15,0x53,0x02,0x00,0x0e,0xc8,0x01,0x02,
    0x36,0x05,0x0c,0x18,0x00,0x02,0x12,0x42,0x06,0x02,0x00,0x04,0x5a,0x02,0x02,0x02,
    0x00,0x02,0x56,0x02,0x06,0x02,0x00,0x04,0x58,0x02,0x04,0x02,0x00,0x02,0x5a,0x02,
    0x02,0x02,0x00,0x0f,0x60,0x02,0x08,0x0f,0x82,0x89,0x02,0x0f,0x02,0x00,0xff,0x4a,
    0x08,0x1a,0x07,0x02,0x02,0x00,0x02,0x16,0x07,0x06,0x02,0x00,0x08,0xde,0x0b,0x0f,
    0x60,0x02,0x13,0x04,0x5a,0x02,0x04,0x02,0x00,0x59,0x73,0xb4,0x73,0xb4,0x74,0x02,
    0x00,0x02,0x4e,0xf2,0x06,0x02,0x00,0x06,0x56,0x02,0x02,0x02,0x00,0x02,0x54,0x02,
    0x08,0x02,0x00,0x06,0x5a,0x02,0x02,0x02,0x00,0x04,0x58,0x02,0x04,0x02,0x00,0x02,
    0x5a,0x02,0x02,0x02,0x00,0x0f,0x60,0x02,0x03,0x0f,0xf2,0x64,0x07,0x0f,0x02,0x00,
    0xff,0x4e,0x02,0x58,0x02,0x04,0x02,0x00,0x06,0x5a,0x02,0x02,0x02,0x00,0x02,0x56,
    0x02,0x06,0x02,0x00,0x0a,0xbc,0x04,0x0f,0xc0,0x04,0x01,0x04,0x58,0x02,0x04,0x02,
    0x00,0x0f,0x60,0x02,0x6f,0x0f,0x42,0x02,0xff,0x4e,0x0f,0x02,0x00,0x11,0x0f,0x60,
    0x02,0xc5,0x0f,0xfc,0x00,0x11,0x0f,0x02,0x00,0xff,0x58,0x0f,0xc0,0x04,0xb9,0x0f,
    0x36,0x02,0xff,0x58,0x0f,0x02,0x00,0x1d,0x02,0x1a,0x07,0x02,0x02,0x00,0x06,0x1a,
    0x07,0x02,0x02,0x00,0x02,0x14,0x07,0x08,0x02,0x00,0x08,0xd8,0x0b,0x0f,0x20,0x07,
    0x71,0x0f,0xaa,0x7c,0x03,0x0f,0x02,0x00,0xff,0x80,0x0f,0x60,0x02,0x99,0x04,0xe2,
    0x0b,0x0f,0x46,0x02,0xff,0x80,0x0f,0x02,0x00,0x0d,0x02,0xb6,0x04,0x06,0x02,0x00,
    0x08,0xba,0x04,0x02,0x02,0x00,0x02,0xb6,0x04,0x06,0x02,0x00,0x04,0xd8,0x0b,0x04,
    0x02,0x00,0x0f,0xe0,0x0b,0x51,0x0f,0xc6,0x00,0x0d,0x0f,0x02,0x00,0xff,0x90,0x04,
    0x62,0x02,0x02,0x54,0x02,0x08,0x02,0x00,0x06,0x5a,0x02,0x02,0x02,0x00,0x04,0x58,
    0x02,0x04,0x02,0x00,0x0f,0x60,0x02,0x4b,0x0f,0x3a,0x02,0xff,0x90,0x0f,0x02,0x00,
    0x1b,0x08,0x5a,0x02,0x02,0x02,0x00,0x02,0x56,0x02,0x06,0x02,0x00,0x04,0x58,0x02,
    0x04,0x02,0x00,0x0f,0x60,0x02,0x41,0x0f,0xb4,0x00,0x1b,0x0f,0x02,0x00,0xff,0xa4,
    0x02,0x5e,0x02,0x0f,0x60,0x02,0x5b,0x0f,0x2a,0x02,0xff,0xa4,0x0f,0x02,0x00,0x2f,
    0x06,0xbe,0x04,0x0f,0xc0,0x04,0x31,0x0a,0xc2,0x17,0x0f,0x9e,0x00,0x2f,0x0f,0x02,
    0x00,0xff,0xc0,0x04,0x1c,0x07,0x0f,0x20,0x07,0x1f,0x0f,0x0c,0x02,0xff,0x8c,0xb3,
    0x20,0x40,0x40,0x40,0x80,0x80,0x80,0x80,0x80,0x9f,0xbf,0x01,0x00,0x01,0x0e,0x00,
    0x4f,0x60,0x40,0x40,0x40,0xb9,0x01,0xf9,0x8f,0x10,0x40,0x50,0x80,0x8f,0xbf,0xbf,
    0xff,0x01,0x00,0x0b,0x7f,0xdf,0xbf,0xaf,0x80,0x80,0x40,0x30,0x39,0x01,0xea,0x6f,
    0x10,0x40,0x70,0x9f,0xbf,0xef,0x28,0x01,0x0b,0x0c,0x02,0x00,0x4f,0xcf,0xbf,0x80,
    0x50,0x36,0x01,0xe0,0x5c,0x10,0x40,0x80,0xaf,0xdf,0x0c,0x01,0x0f,0x02,0x00,0x17,
    0x3f,0xbf,0x8f,0x60,0x35,0x01,0xd7,0x4f,0x20,0x60,0x8f,0xcf,0x1b,0x01,0x17,0x0f,
    0x02,0x00,0x06,0x3f,0xef,0xaf,0x80,0xd8,0x04,0xcf,0x3f,0x10,0x50,0x8f,0x57,0x02,
    0x28,0x0e,0x02,0x00,0x2f,0xaf,0x70,0x68,0x02,0xc8,0x2f,0x20,0x70,0xd6,0x05,0x0d,
    0x0f,0x02,0x00,0x21,0x3f,0xdf,0x9f,0x50,0x06,0x06,0xc1,0x1f,0x30,0x59,0x02,0x3b,
    0x0a,0x02,0x00,0x3f,0xaf,0x60,0x10,0x34,0x01,0xba,0x0f,0x2d,0x01,0x4a,0x02,0x02,
    0x00,0x0f,0x33,0x01,0xb7,0x2f,0x20,0x70,0xb3,0x04,0x3a,0x0f,0x02,0x00,0x07,0x0f,
    0x99,0x03,0xb2,0x1f,0x60,0xb4,0x04,0x41,0x0f,0x02,0x00,0x05,0x3f,0xef,0x8f,0x20,
    0x98,0x03,0xaa,0x2f,0x20,0x8f,0x8f,0x0a,0x1c,0x01,0x02,0x00,0x12,0xef,0x0f,0x0d,
    0x1f,0xc4,0x76,0x08,0x22,0x2f,0xbf,0x60,0x32,0x01,0xa6,0x1f,0x50,0x5b,0x02,0x17,
    0x01,0xef,0x0c,0x46,0x50,0x40,0x40,0x2a,0xed,0x00,0xcf,0x0a,0x18,0x00,0x00,0x00,
    0x05,0x13,0x00,0x40,0x40,0x40,0x70,0x31,0x0d,0x10,0x06,0x02,0x00,0x2f,0xef,0x80,
    0x65,0x02,0xa2,0x1f,0x60,0xb6,0x04,0x12,0x37,0xef,0xbf,0x8f,0x17,0x0e,0x36,0x0e,
    0x4d,0x13,0x31,0x01,0x72,0x00,0x00,0x00,0x00,0x27,0x4d,0x0a,0x09,0x00,0x96,0x00,
    0x00,0x00,0x10,0x40,0x60,0x80,0xaf,0xd9,0x18,0x01,0x0f,0x02,0x00,0x08,0x1f,0x9f,
    0x96,0x09,0x9d,0x2f,0x10,0x80,0x89,0x03,0x0f,0x4c,0xdf,0xaf,0x80,0x40,0x0a,0x02,
    0x0b,0x2f,0x01,0x31,0x00,0x05,0x18,0x2b,0x01,0x06,0x02,0x00,0x5f,0x0e,0x1d,0x40,
    0x60,0x8f,0xb8,0x02,0x10,0x1f,0xbf,0xfc,0x0b,0x99,0x0f,0x2e,0x01,0x0f,0x3c,0xcf,
    0x8f,0x50,0x2b,0x01,0x46,0x00,0x00,0x00,0x00,0x4d,0x02,0x7a,0x00,0x00,0x00,0x00,
    0x05,0x0a,0x00,0x2f,0x01,0x42,0x0e,0x0a,0x0e,0x2b,0x1b,0x00,0x3f,0x40,0x70,0xaf,
    0x91,0x01,0x0d,0x0f,0x32,0x01,0x96,0x0f,0x2e,0x01,0x0d,0x92,0xdf,0x8f,0x50,0x10,
    0x00,0x00,0x00,0x0e,0x48,0xfb,0x00,0x05,0x02,0x00,0x1c,0x22,0x11,0x00,0x45,0x3a,
    0x3f,0x00,0x0e,0x1e,0x00,0x82,0x00,0x00,0x00,0x00,0x4d,0x3a,0x0a,0x1d,0x0a,0x00,
    0x7f,0x00,0x00,0x00,0x00,0x30,0x70,0xb4,0x93,0x03,0x08,0x0f,0x32,0x01,0x95,0x0f,
    0x2e,0x01,0x0c,0x25,0xaf,0x70,0x58,0x02,0x0a,0x0c,0x01,0x3c,0x00,0x00,0x05,0x11,
    0x00,0x1a,0x18,0x5e,0x02,0x3c,0x00,0x00,0x22,0x11,0x00,0x2f,0x27,0x59,0x36,0x0c,
    0x0b,0x0f,0x64,0x02,0x8f,0x0f,0xb8,0x04,0x09,0x21,0xef,0x9f,0x59,0x02,0x0f,0x02,
    0x00,0x3c,0x2f,0x30,0x70,0x78,0x08,0x09,0x1f,0xbf,0xfa,0x05,0x8a,0x0f,0x14,0x07,
    0x09,0x09,0x7e,0x0b,0x17,0x0e,0x58,0x03,0x01,0x02,0x00,0x21,0x1d,0x22,0x07,0x00,
    0x06,0x02,0x00,0x15,0x30,0x22,0x00,0x02,0xd5,0x04,0x34,0x05,0x3a,0x18,0x1d,0x00,
    0x02,0x15,0x06,0x15,0x13,0x11,0x00,0x2f,0x05,0x42,0x42,0x0c,0x09,0x15,0x9f,0xd1,
    0x02,0x0f,0x02,0x00,0x7d,0x1f,0x40,0xb8,0x06,0x07,0x1b,0xbf,0x11,0x0f,0x2b,0x13,
    0x27,0xbd,0x00,0x15,0x27,0x11,0x00,0x02,0x1f,0x01,0x25,0x00,0x3a,0x11,0x00,0x11,
    0x27,0x12,0x00,0x25,0x0a,0x48,0x52,0x01,0x11,0x3a,0x11,0x00,0x24,0x13,0x4d,0x41,
    0x01,0x5f,0x0e,0x48,0x00,0x00,0x30,0x1a,0x0b,0x07,0x2a,0xef,0x80,0x7c,0x00,0x0f,
    0x02,0x00,0x74,0x21,0x10,0x9f,0x65,0x05,0x0f,0x02,0x00,0x00,0x1f,0xdf,0x41,0x0a,
    0x53,0x2f,0x50,0xaf,0x7c,0x00,0x00,0x01,0x02,0x00,0x1f,0xdf,0xf2,0x11,0x80,0x1f,
    0x70,0xe0,0x07,0x05,0x1f,0xbf,0xad,0x00,0x53,0x5f,0x0a,0x00,0x00,0x00,0x20,0x3e,
    0x05,0x06,0x1f,0xbf,0x95,0x03,0x7c,0x1f,0x30,0x74,0x05,0x05,0x2e,0x9f,0x20,0x74,
    0x0a,0x15,0x1d,0x6b,0x03,0x03,0x02,0x00,0x06,0xac,0x04,0x03,0x02,0x00,0x06,0x7c,
    0x03,0x02,0x02,0x00,0x25,0x0e,0x4d,0x8d,0x03,0x02,0x02,0x00,0x2b,0x22,0x4d,0x4d,
    0x07,0x13,0x35,0x11,0x00,0x1f,0x60,0x89,0x00,0x05,0x12,0x80,0x39,0x00,0x0f,0x02,
    0x00,0x73,0x11,0x80,0xf7,0x02,0x0d,0x02,0x00,0x03,0x3a,0x04,0x01,0x6f,0x04,0x07,
    0x02,0x00,0x27,0x0e,0x18,0x0d,0x00,0x52,0x00,0x00,0x00,0x00,0x18,0xc2,0x05,0x06,
    0x02,0x00,0x1b,0x30,0x11,0x00,0x2b,0x0a,0x3a,0x1f,0x01,0x2b,0x18,0x43,0x22,0x00,
    0x24,0x22,0x48,0x11,0x00,0x0f,0x46,0x05,0x05,0x1f,0xcf,0xf2,0x0b,0x76,0x1f,0x40,
    0x2a,0x0e,0x03,0x1b,0xdf,0xe4,0x05,0x0f,0x02,0x00,0x19,0x04,0xfd,0x00,0x04,0x02,
    0x00,0x01,0x7d,0x0f,0x08,0x02,0x00,0x1b,0x2b,0x71,0x02,0x26,0x00,0x43,0x11,0x00,
    0x1f,0x30,0x4a,0x05,0x04,0x1f,0x8f,0xf8,0x05,0x73,0x0f,0x5d,0x02,0x03,0x1f,0xdf,
    0x58,0x11,0x59,0x0c,0xc2,0x02,0x2d,0x25,0xa9,0xec,0x02,0x5f,0xff,0xff,0xff,0xff,
    0xdf,0x8d,0x09,0x70,0x0f,0xba,0x04,0x03,0x14,0xef,0x2e,0x01,0x1c,0x05,0x2a,0x02,
    0x0d,0x69,0x09,0x15,0x2b,0x69,0x09,0x03,0x02,0x00,0x0e,0xbd,0x04,0x0b,0x22,0x00,
    0x0f,0xbd,0x04,0x06,0x05,0x02,0x00,0x3f,0x48,0x48,0x20,0x64,0x02,0x03,0x0f,0xc6,
    0x04,0x6e,0x12,0x70,0xba,0x01,0x0a,0x02,0x00,0x03,0xb8,0x04,0x01,0x02,0x00,0x0c,
    0xfb,0x01,0x1d,0x0e,0x41,0x01,0x0c,0x11,0x00,0x1b,0x35,0x11,0x00,0x0e,0xbd,0x04,
    0x02,0x81,0x09,0x06,0x02,0x00,0x36,0x27,0x3a,0x05,0x0d,0x00,0x01,0x5b,0x0e,0x1f,
    0x3a,0xc8,0x04,0x05,0x1f,0xcf,0x29,0x07,0x6a,0x1f,0x10,0xa2,0x0a,0x02,0x0f,0x28,
    0x04,0x74,0x0f,0x58,0x05,0x03,0x05,0xfa,0x02,0x0f,0x02,0x00,0x60,0x1f,0x40,0x74,
    0x09,0x01,0x0f,0xeb,0x08,0x47,0x0c,0xab,0x02,0x16,0x05,0xe3,0x05,0x02,0x02,0x00,
    0x1c,0x0e,0x11,0x00,0x2a,0x88,0xf4,0xf9,0x02,0x01,0x02,0x00,0x1f,0x9f,0xf7,0x05,
    0x65,0x0f,0xe9,0x05,0x01,0x19,0xdf,0xb6,0x07,0x0c,0xe2,0x00,0x0f,0x4a,0x08,0x1a,
    0x01,0x3d,0x00,0x08,0x8d,0x03,0x01,0x87,0x08,0x07,0x8d,0x03,0x21,0x0a,0x35,0xb5,
    0x10,0x06,0x11,0x00,0x11,0x18,0x11,0x00,0x11,0x27,0x06,0x00,0x01,0x02,0x00,0x31,
    0x30,0x4a,0x8f,0x23,0x01,0x0a,0x02,0x00,0x1f,0xcf,0xf7,0x05,0x62,0x1f,0x10,0x7f,
    0x0c,0x01,0x0a,0x50,0x05,0x0d,0x1e,0x15,0x1c,0x18,0xaa,0x0a,0x0d,0x17,0x08,0x0e,
    0xed,0x05,0x0b,0x34,0x02,0x1c,0x22,0xb3,0x16,0x04,0xaa,0x0a,0x05,0x02,0x00,0x28,
    0x43,0x4d,0xce,0x04,0x0f,0x90,0x06,0x01,0x1f,0xef,0x73,0x0c,0x53,0x09,0x02,0x00,
    0x1f,0x30,0x75,0x09,0x00,0x0f,0x8b,0x03,0x47,0x0f,0x02,0x00,0x09,0x01,0x88,0x02,
    0x07,0x02,0x00,0x1b,0x05,0x11,0x00,0x0f,0xaa,0x0d,0x01,0x17,0x8f,0x30,0x00,0x0f,
    0x02,0x00,0x52,0x1e,0x50,0xbb,0x04,0x2f,0xef,0x70,0x7a,0x00,0x52,0x0f,0x02,0x00,
    0x1f,0x1f,0x20,0x96,0x06,0x00,0x1f,0xaf,0xc5,0x04,0x5b,0x0f,0xbb,0x04,0x00,0x0f,
    0x5d,0x02,0x30,0x08,0x48,0x03,0x01,0x02,0x00,0x1c,0x0e,0x12,0x00,0x0b,0x6b,0x08,
    0x0e,0xdf,0x09,0x1c,0x0a,0x22,0x00,0x2f,0x0a,0x0e,0x63,0x02,0x03,0x0f,0xc5,0x04,
    0x5a,0x0e,0x0d,0x0a,0x2c,0xef,0x70,0xa9,0x00,0x1b,0x00,0x79,0x04,0x03,0x8e,0x05,
    0x07,0x02,0x00,0x16,0x30,0x99,0x05,0x02,0x02,0x00,0x1b,0x48,0x11,0x00,0x23,0x0e,
    0x4d,0xdf,0x18,0x04,0x02,0x00,0x1c,0x1d,0x78,0x0f,0x1c,0x27,0xcc,0x0a,0x1c,0x3a,
    0xdf,0x04,0x2f,0x43,0x4d,0x63,0x02,0x04,0x1f,0xef,0xf6,0x05,0x56,0x1e,0x10,0x04,
    0x10,0x0f,0x07,0x0a,0x11,0x0d,0xa0,0x17,0x0e,0xbb,0x0a,0x01,0x02,0x07,0x07,0x02,
    0x00,0x1b,0x27,0x23,0x00,0x2b,0x0a,0x30,0xd4,0x17,0x3a,0x13,0x35,0x35,0x31,0x01,
    0x2b,0x1d,0x35,0x53,0x01,0x22,0x22,0x3a,0x53,0x01,0x0f,0x59,0x0b,0x00,0x04,0x84,
    0x0c,0x0f,0x02,0x00,0x4c,0x1e,0x20,0x2f,0x01,0x0a,0x17,0x07,0x0f,0x02,0x00,0x4a,
    0x0c,0xa2,0x03,0x1b,0x0a,0xde,0x05,0x2b,0x00,0x1d,0x11,0x00,0x22,0x05,0x27,0x11,
    0x00,0x0f,0x29,0x07,0x00,0x0f,0x71,0x05,0x52,0x1d,0x30,0xea,0x05,0x19,0xef,0x74,
    0x09,0x0f,0x02,0x00,0x86,0x0f,0x01,0x16,0x00,0x1f,0x9f,0xad,0x00,0x4f,0x0e,0x2f,
    0x01,0x1f,0xbf,0x6b,0x06,0x12,0x02,0xe5,0x01,0x06,0x02,0x00,0x0d,0x9e,0x03,0x0d,
    0xaa,0x05,0x0b,0x7b,0x03,0x3b,0x00,0x00,0x22,0x05,0x13,0x2b,0x05,0x27,0x11,0x00,
    0x2b,0x0e,0x27,0x7e,0x02,0x0b,0x11,0x00,0x1d,0x60,0xeb,0x01,0x0f,0x31,0x01,0x4e,
    0x0e,0x48,0x08,0x01,0xcb,0x08,0x0d,0xed,0x05,0x0c,0x99,0x0a,0x11,0x0e,0x77,0x05,
    0x07,0x02,0x00,0x1c,0x22,0x11,0x00,0x27,0x3a,0x43,0x1e,0x00,0x02,0x9e,0x1d,0x02,
    0x08,0x00,0x04,0x02,0x00,0x1c,0x0a,0x11,0x00,0x2b,0x18,0x4d,0x66,0x00,0x1c,0x27,
    0x11,0x00,0x0c,0xfe,0x05,0x2a,0x30,0xe4,0xea,0x0b,0x0f,0x58,0x08,0x4e,0x1c,0x60,
    0x70,0x00,0x07,0xbf,0x0e,0x2a,0x22,0x18,0xd0,0x01,0xa3,0x05,0x27,0x0e,0x00,0x1d,
    0x35,0x05,0x00,0x05,0x05,0xf2,0x00,0x91,0x0e,0x35,0x0e,0x00,0x2b,0x30,0x00,0x00,
    0x0a,0x11,0x00,0x93,0x0a,0x00,0x00,0x1d,0x35,0x0a,0x05,0x35,0x2b,0x37,0x08,0xf3,
    0x0c,0x0a,0x0e,0x00,0x00,0x2b,0x35,0x05,0x0a,0x3a,0x27,0x00,0x00,0x13,0x05,0x00,
    0x00,0x00,0x0e,0x0a,0x00,0x00,0x35,0x30,0x00,0x18,0x3a,0x1d,0x37,0x08,0xa2,0x1d,
    0x0a,0x00,0x05,0x35,0x2b,0x00,0x1d,0x3a,0x0e,0xdc,0x1d,0xb2,0x05,0x22,0x0a,0x00,
    0x0e,0x35,0x1d,0x00,0x27,0x3a,0x0a,0x37,0x08,0xb2,0x05,0x27,0x05,0x00,0x0e,0x3a,
    0x0e,0x00,0x2b,0x35,0x05,0xd8,0x04,0xa3,0x0a,0x22,0x00,0x00,0x18,0x2b,0x05,0x00,
    0x30,0x2b,0x76,0x00,0x1d,0x15,0x95,0x0c,0x1f,0xcf,0x1e,0x03,0x12,0x0f,0x02,0x00,
    0x24,0x0d,0x2f,0x01,0x22,0xdf,0x30,0x8d,0x12,0xf1,0x0e,0x18,0x48,0x13,0x13,0x4d,
    0x3a,0x00,0x27,0x4d,0x18,0x00,0x35,0x48,0x0a,0x00,0x00,0x00,0x2b,0x48,0x0a,0x27,
    0x4d,0x35,0x00,0x3a,0x4d,0x13,0x00,0x48,0xe8,0x1f,0xf1,0x1e,0x3f,0x48,0x05,0x30,
    0x4d,0x27,0x00,0x4d,0x4d,0x0e,0x0a,0x4d,0x48,0x00,0x00,0x00,0x0a,0x48,0x3f,0x00,
    0x3a,0x4d,0x27,0x13,0x4d,0x4d,0x00,0x1d,0x4d,0x35,0x00,0x00,0x00,0x13,0x4d,0x3f,
    0x00,0x4d,0x4d,0x13,0x22,0x4d,0x48,0x00,0x22,0x11,0x00,0xb2,0x22,0x4d,0x2b,0x13,
    0x4d,0x4d,0x0e,0x27,0x4d,0x3a,0x00,0xf5,0x06,0xc1,0x2b,0x4d,0x22,0x13,0x4d,0x4d,
    0x00,0x3a,0x4d,0x27,0x00,0x43,0xf5,0x06,0xc1,0x35,0x4d,0x13,0x27,0x4d,0x3a,0x00,
    0x48,0x4d,0x22,0x00,0x48,0xc0,0x17,0xa2,0x3f,0x48,0x0a,0x30,0x4d,0x2b,0x00,0x4d,
    0x4d,0x13,0x65,0x00,0xc1,0x00,0x43,0x3f,0x00,0x3a,0x4d,0x22,0x0e,0x4d,0x4d,0x00,
    0x0e,0x54,0x00,0x3c,0x0a,0x43,0xac,0xf2,0x01,0x0f,0x31,0x01,0x48,0x0d,0x2f,0x01,
    0xf1,0x00,0xcf,0x10,0x00,0x18,0x3a,0x0a,0x1d,0x3a,0x3a,0x2b,0x4d,0x13,0x00,0x22,
    0x0e,0x08,0x02,0xff,0x91,0x27,0x43,0x0a,0x2b,0x3a,0x43,0x3f,0x4d,0x0e,0x05,0x27,
    0x0e,0x00,0x0e,0x22,0x00,0x00,0x3f,0x43,0x05,0x35,0x3f,0x43,0x4d,0x4d,0x0a,0x0e,
    0x27,0x05,0x00,0x18,0x1d,0x00,0x0a,0x48,0x3f,0x0a,0x3a,0x43,0x48,0x4d,0x48,0x00,
    0x18,0x27,0x05,0x00,0x22,0x18,0x00,0x13,0x4d,0x35,0x18,0x48,0x48,0x4d,0x4d,0x43,
    0x00,0x22,0x27,0x05,0x05,0x27,0x18,0x00,0x22,0x4d,0x2b,0x22,0x48,0x4d,0x4d,0x4d,
    0x35,0x00,0x22,0x22,0x00,0x0e,0x27,0x0e,0x00,0x2b,0x4d,0x22,0x27,0x48,0x4d,0x4d,
    0x4d,0x22,0x05,0x27,0x18,0x00,0x0e,0x27,0x13,0x00,0x3a,0x4d,0x13,0x35,0x48,0x4d,
    0x48,0x4d,0x1d,0x05,0x27,0x18,0x00,0x18,0x27,0x2b,0x00,0x48,0x48,0x0e,0x35,0x43,
    0x48,0x4d,0x4d,0x0e,0x0e,0x27,0x0e,0x00,0x18,0x2b,0x27,0x0a,0x48,0x3f,0x05,0x35,
    0x48,0x48,0x48,0x48,0x00,0x0e,0x27,0x05,0x00,0x1d,0x30,0x35,0x0a,0x48,0x2b,0x0a,
    0x3a,0x48,0x3f,0x48,0x35,0xc5,0x00,0x01,0x0f,0x3f,0x02,0x24,0x0f,0x02,0x00,0x0c,
    0x0d,0x6a,0x00,0x03,0x2e,0x05,0x21,0x35,0x4d,0xdd,0x01,0x06,0x02,0x00,0x46,0x48,
    0x4d,0x4d,0x0e,0xe0,0x05,0x49,0x05,0x05,0x0e,0x4d,0x11,0x00,0x85,0x0a,0x05,0x13,
    0x4d,0x4d,0x48,0x0a,0x0a,0x8f,0x23,0x85,0x0e,0x05,0x27,0x4d,0x4d,0x43,0x13,0x0a,
    0xfa,0x0d,0x81,0x13,0x00,0x35,0x4d,0x4d,0x35,0x13,0x05,0x55,0x03,0xb3,0x00,0x0a,
    0x00,0x05,0x0e,0x00,0x43,0x4d,0x4d,0x35,0x13,0xf1,0x0b,0xa3,0x18,0x00,0x05,0x0e,
    0x00,0x4d,0x4d,0x4d,0x27,0x0e,0x11,0x00,0xa2,0x3a,0x00,0x0a,0x0a,0x13,0x4d,0x4d,
    0x4d,0x18,0x0e,0x4a,0x05,0x21,0x0e,0x3a,0xb1,0x02,0x42,0x4d,0x4d,0x0e,0x05,0xb3,
    0x22,0x9f,0x27,0x43,0x00,0x00,0x00,0x18,0x4d,0x4d,0x43,0xb2,0x06,0x01,0x0f,0x62,
    0x02,0x44,0x0d,0x2f,0x01,0x01,0x76,0x09,0x31,0x27,0x4d,0x0e,0xda,0x06,0x23,0x05,
    0x43,0x7d,0x05,0x51,0x3f,0x48,0x0a,0x1d,0x18,0xaf,0x00,0x03,0xe1,0x0b,0x93,0x48,
    0x48,0x00,0x3f,0x22,0x0a,0x00,0x00,0x22,0x4a,0x0a,0x71,0x0e,0x4d,0x43,0x05,0x4d,
    0x1d,0x0a,0x4f,0x03,0x01,0x64,0x01,0x41,0x22,0x4d,0x35,0x22,0x11,0x00,0x02,0x55,
    0x03,0xd1,0x00,0x00,0x30,0x4d,0x30,0x35,0x4d,0x18,0x05,0x00,0x0a,0x4d,0x48,0xeb,
    0x04,0xa1,0x00,0x35,0x4d,0x22,0x3a,0x4d,0x13,0x05,0x00,0x13,0xf1,0x00,0x91,0x00,
    0x00,0x00,0x43,0x4d,0x0e,0x4d,0x48,0x13,0x3b,0x00,0x01,0x10,0x00,0xb2,0x00,0x48,
    0x48,0x1d,0x4d,0x3f,0x0e,0x00,0x00,0x30,0x4d,0x87,0x00,0x61,0x0a,0x4d,0x3f,0x18,
    0x4d,0x30,0x65,0x00,0x02,0xd1,0x0a,0xdb,0x0e,0x4d,0x2b,0x27,0x4d,0x1d,0x05,0x00,
    0x00,0x3f,0x4d,0x39,0xcf,0x94,0x03,0x0f,0x31,0x01,0x42,0x0d,0x2f,0x01,0x02,0x1f,
    0x0b,0x11,0x2b,0xaf,0x04,0x43,0x00,0x00,0x00,0x3a,0x1f,0x01,0x13,0x3a,0x11,0x00,
    0x11,0x13,0x63,0x04,0x01,0xcb,0x00,0x01,0x07,0x00,0x23,0x00,0x22,0xc1,0x1f,0x32,
    0x0e,0x4d,0x3f,0x11,0x00,0x04,0x30,0x01,0x32,0x1d,0x4d,0x35,0x06,0x02,0x22,0x43,
    0x4d,0x96,0x02,0x51,0x2b,0x4d,0x2b,0x05,0x0e,0xe4,0x04,0x05,0x30,0x01,0x11,0x1d,
    0xd1,0x05,0x05,0x30,0x01,0x31,0x3f,0x4d,0x0e,0xc2,0x02,0x02,0xea,0x04,0x01,0x65,
    0x00,0x21,0x05,0x1d,0x38,0x05,0x04,0x30,0x01,0x22,0x48,0x3f,0x36,0x06,0x13,0x35,
    0x76,0x00,0x32,0x0a,0x48,0x2b,0x6d,0x0e,0x4f,0x3a,0x48,0x0a,0x10,0x31,0x01,0x50,
    0x0c,0x78,0x09,0x65,0xef,0x60,0x00,0x00,0x00,0x18,0xf4,0x21,0x02,0x02,0x00,0x3a,
    0x05,0x27,0x48,0xd3,0x0c,0x12,0x0e,0xfe,0x05,0x06,0x02,0x00,0x23,0x18,0x3f,0x4f,
    0x01,0x04,0x02,0x00,0x32,0x22,0x48,0x43,0x2d,0x01,0x03,0x02,0x00,0x45,0x05,0x2b,
    0x4d,0x3a,0xa9,0x03,0x92,0x05,0x05,0x00,0x00,0x0e,0x35,0x4d,0x2b,0x00,0x67,0x02,
    0x11,0x00,0x19,0x00,0x23,0x18,0x3f,0x03,0x01,0x01,0x05,0x25,0x01,0x86,0x00,0x03,
    0x79,0x01,0x04,0x02,0x00,0x34,0x22,0x3a,0x43,0x31,0x00,0x02,0x02,0x00,0x2a,0x22,
    0x35,0x2d,0x0e,0x2b,0x15,0xd3,0x62,0x02,0x03,0x5a,0x04,0x0f,0x02,0x00,0x37,0x0d,
    0x2f,0x01,0x11,0x30,0x73,0x03,0x03,0x63,0x03,0x04,0x02,0x00,0x1c,0x27,0x11,0x00,
    0x2b,0x3a,0x4d,0xcb,0x00,0x39,0x4d,0x4d,0x4d,0x65,0x0a,0x3a,0x13,0x4d,0x4d,0x89,
    0x09,0x21,0x27,0x4d,0x3f,0x07,0x06,0x02,0x00,0x24,0x30,0x4d,0x74,0x03,0x03,0x02,
    0x00,0x23,0x3a,0x4d,0x44,0x02,0x04,0x02,0x00,0x24,0x4d,0x4d,0xcb,0x02,0x03,0x02,
    0x00,0x23,0x4d,0x4d,0xa9,0x02,0x03,0x02,0x00,0x12,0x13,0xb9,0x04,0x06,0x02,0x00,
    0x3f,0x13,0x4d,0xbc,0x31,0x01,0x4b,0x0f,0x2f,0x01,0x02,0x21,0x0a,0x0a,0x28,0x09,
    0x06,0x02,0x00,0x31,0x0e,0x13,0x22,0x6f,0x05,0x05,0x02,0x00,0x42,0x13,0x22,0x22,
    0x0e,0x04,0x02,0x02,0x02,0x00,0x52,0x05,0x1d,0x27,0x22,0x0e,0x1b,0x09,0x02,0x02,
    0x00,0x51,0x0a,0x22,0x30,0x22,0x0e,0x6a,0x09,0x03,0x02,0x00,0x76,0x13,0x2b,0x35,
    0x22,0x0a,0x00,0x22,0x1f,0x02,0x67,0x13,0x2b,0x3a,0x1d,0x05,0x05,0xb9,0x0b,0x3a,
    0x18,0x30,0x3a,0xe9,0x09,0x63,0x1d,0x2b,0x35,0x13,0x00,0x18,0x0e,0x04,0x01,0x5f,
    0xf8,0x57,0x30,0x30,0x0a,0x00,0x18,0xe9,0x02,0x49,0x13,0x30,0x27,0x05,0x1e,0x0c,
    0x4f,0x0e,0x27,0x18,0x9f,0x31,0x01,0x49,0x0c,0xf1,0x03,0x02,0x0c,0x11,0x02,0x99,
    0x04,0x06,0x22,0x01,0x11,0x0e,0x1a,0x02,0x16,0x05,0x84,0x11,0x11,0x1d,0x92,0x0b,
    0x07,0xee,0x1a,0x11,0x27,0x2b,0x02,0x16,0x3a,0x11,0x00,0x11,0x3a,0x2b,0x02,0x25,
    0x4d,0x30,0x20,0x01,0x67,0x48,0x4d,0x22,0x00,0x00,0x13,0x11,0x00,0x01,0x90,0x02,
    0x16,0x27,0xd9,0x11,0x76,0x0e,0x4d,0x4d,0x00,0x00,0x00,0x3a,0xc8,0x02,0x11,0x1d,
    0x04,0x06,0x16,0x43,0xa4,0x03,0x67,0x22,0x4d,0x30,0x00,0x00,0x00,0x63,0x02,0x01,
    0xf5,0x11,0x32,0x05,0x4d,0x3f,0x1d,0x05,0x8c,0x00,0x00,0x00,0x30,0x4d,0x0e,0x00,
    0x00,0x31,0x01,0x02,0x8f,0x05,0x0f,0x02,0x00,0x32,0x0f,0x2f,0x01,0x03,0x21,0x00,
    0x2b,0x1a,0x01,0x15,0x18,0x91,0x04,0x01,0xac,0x0b,0x31,0x00,0x00,0x30,0xa0,0x0a,
    0x01,0x6e,0x04,0x02,0xc5,0x25,0x02,0x58,0x01,0x71,0x00,0x00,0x00,0x00,0x18,0x43,
    0x1d,0xc7,0x03,0x05,0xfb,0x0c,0x02,0xf0,0x04,0x02,0x47,0x01,0x01,0x02,0x00,0x31,
    0x35,0x48,0x0e,0xd1,0x00,0x05,0x70,0x04,0x01,0x8b,0x04,0x25,0x05,0x43,0x20,0x01,
    0x32,0x05,0x43,0x3a,0x36,0x01,0x02,0xf7,0x06,0x31,0x00,0x00,0x0a,0x99,0x07,0x16,
    0x18,0xf9,0x03,0x11,0x0e,0x55,0x05,0x21,0x22,0x4d,0x4a,0x00,0x01,0x76,0x00,0x01,
    0x12,0x19,0x34,0x30,0x4d,0x43,0x0a,0x04,0x11,0x13,0x5e,0x00,0x1b,0xa4,0x62,0x02,
    0x0f,0x31,0x01,0x37,0x0b,0x8b,0x01,0x02,0x5e,0x02,0x13,0x0e,0x14,0x02,0x14,0x0e,
    0xe5,0x13,0x04,0x9d,0x03,0x13,0x1d,0x11,0x00,0x02,0x8f,0x06,0x07,0x18,0x14,0x01,
    0x78,0x08,0x53,0x00,0x00,0x00,0x05,0x43,0x22,0x00,0x13,0x13,0x9c,0x02,0x21,0x13,
    0x48,0x7a,0x01,0x33,0x00,0x00,0x1d,0x11,0x00,0x11,0x18,0x77,0x02,0x31,0x00,0x00,
    0x00,0xf4,0x06,0x43,0x00,0x00,0x00,0x2b,0xa2,0x04,0x14,0x05,0x65,0x00,0x13,0x3f,
    0x22,0x00,0x05,0x11,0x00,0x11,0x43,0xbb,0x02,0x06,0x65,0x00,0x24,0x0a,0x48,0x11,
    0x00,0x03,0x57,0x02,0x21,0x13,0x48,0x78,0x02,0x06,0x1f,0x04,0x2a,0x18,0xb7,0x31,
    0x01,0x02,0xd7,0x00,0x0f,0x02,0x00,0x30,0x0b,0x94,0x1a,0x02,0x58,0x00,0x13,0x0e,
    0x7e,0x00,0x05,0x02,0x00,0x13,0x22,0xc2,0x00,0x05,0x02,0x00,0x02,0xc5,0x0c,0x07,
    0x02,0x00,0x1b,0x48,0xfc,0x05,0x11,0x0a,0x6c,0x03,0x07,0x02,0x00,0x11,0x13,0x6c,
    0x03,0x07,0x02,0x00,0x11,0x22,0x6c,0x03,0x07,0x02,0x00,0x07,0x8a,0x02,0x02,0x02,
    0x00,0x0d,0x65,0x00,0x0c,0x63,0x0f,0x26,0x00,0x43,0xef,0x02,0x02,0x33,0x00,0x06,
    0xc6,0x15,0x1b,0x9f,0x31,0x01,0x0f,0xfc,0x1e,0x33,0x0b,0x79,0x09,0x02,0x2f,0x01,
    0x21,0x00,0x0a,0xf6,0x02,0x07,0x02,0x00,0x0c,0x5c,0x08,0x33,0x00,0x22,0x3f,0x2e,
    0x02,0x04,0x02,0x00,0x0c,0x5c,0x08,0x29,0x00,0x3f,0xf7,0x07,0x11,0x0a,0x35,0x09,
    0x07,0xe0,0x19,0x13,0x0e,0x79,0x02,0x02,0xe6,0x0b,0x61,0x00,0x00,0x00,0x13,0x00,
    0x18,0x98,0x03,0x01,0x7b,0x09,0x02,0xbe,0x17,0x11,0x22,0xc1,0x08,0x04,0x76,0x02,
    0x67,0x05,0x0e,0x00,0x27,0x3a,0x0a,0xdb,0x02,0x52,0x0a,0x0a,0x00,0x27,0x35,0x19,
    0x00,0x01,0x32,0x00,0x38,0x00,0x0a,0x05,0xc4,0x1b,0x0b,0x31,0x01,0x0f,0xb8,0x0a,
    0x32,0x0b,0x1b,0x07,0x02,0x2f,0x01,0x13,0x35,0xe5,0x02,0x02,0x6b,0x10,0x31,0x00,
    0x00,0x0e,0x23,0x04,0x34,0x00,0x00,0x00,0xc9,0x06,0x14,0x1d,0xd6,0x04,0x04,0x35,
    0x04,0x13,0x35,0x7b,0x0a,0x23,0x0e,0x4d,0xc8,0x03,0x04,0xd6,0x04,0x04,0xd9,0x11,
    0x05,0xc7,0x0a,0x13,0x3a,0x11,0x02,0x06,0x8c,0x0a,0x03,0xe0,0x0a,0x04,0xd6,0x04,
    0x11,0x0e,0x47,0x06,0x02,0xf7,0x0b,0x01,0x08,0x00,0x14,0x1d,0xec,0x02,0x13,0x48,
    0xad,0x08,0x13,0x27,0x19,0x00,0x23,0x05,0x48,0x87,0x00,0x01,0xe2,0x05,0x01,0xf8,
    0x04,0x03,0x3b,0x05,0x12,0x35,0x65,0x00,0x0b,0x31,0x01,0x11,0xaf,0x25,0x00,0x0f,
    0x02,0x00,0x2a,0x1b,0x10,0x64,0x13,0x02,0xeb,0x1c,0x27,0x3f,0x3f,0xaf,0x07,0x01,
    0x8a,0x0b,0x14,0x3f,0xc2,0x01,0x02,0x02,0x00,0x32,0x18,0x4d,0x43,0x53,0x01,0x04,
    0x64,0x02,0x22,0x30,0x4d,0x4d,0x02,0x14,0x05,0xf9,0x07,0x13,0x48,0xe7,0x0b,0x04,
    0xc5,0x1f,0x14,0x0a,0x60,0x04,0x04,0x1b,0x08,0x14,0x18,0xcd,0x09,0x13,0x27,0x33,
    0x00,0x22,0x2b,0x4d,0x05,0x07,0x14,0x05,0xb4,0x17,0x22,0x35,0x4d,0x0f,0x01,0x05,
    0xec,0x02,0x13,0x3f,0x4a,0x01,0x13,0x0e,0x60,0x27,0x23,0x05,0x48,0x59,0x07,0x13,
    0x13,0x82,0x07,0x13,0x0e,0x43,0x00,0x23,0x00,0x13,0x2f,0x06,0x0b,0x6b,0x1b,0x01,
    0xe3,0x0d,0x0f,0x02,0x00,0x2a,0x0b,0x51,0x00,0x03,0x45,0x06,0x04,0x0c,0x0e,0x05,
    0x02,0x00,0x04,0xa7,0x0d,0x05,0x02,0x00,0x13,0x43,0xeb,0x01,0x05,0x02,0x00,0x07,
    0xe1,0x07,0x01,0x02,0x00,0x0f,0xad,0x04,0x31,0x1b,0x43,0x12,0x05,0x2a,0x00,0x48,
    0xa9,0x0a,0x2c,0x00,0x00,0x01,0x05,0x14,0x0a,0x8b,0x02,0x03,0x02,0x00,0x0c,0x1b,
    0x0d,0x02,0x0f,0x02,0x0f,0x02,0x00,0x27,0x0b,0xec,0x05,0x05,0x22,0x18,0x04,0x37,
    0x02,0x04,0x02,0x00,0x05,0x0d,0x07,0x04,0x02,0x00,0x01,0xf0,0x0d,0x08,0x02,0x00,
    0x1a,0x0e,0x81,0x02,0x3d,0x00,0x00,0x13,0x11,0x00,0x02,0x92,0x02,0x05,0x02,0x00,
    0x05,0xfc,0x06,0x04,0x02,0x00,0x0d,0x11,0x00,0x04,0x72,0x07,0x05,0x02,0x00,0x0d,
    0x76,0x00,0x04,0x31,0x04,0x0f,0x02,0x00,0x06,0x1a,0x10,0xa8,0x1f,0x0f,0xf4,0x05,
    0x2c,0x1a,0x50,0x42,0x06,0x0f,0x67,0x0d,0x16,0x05,0x9a,0x11,0x04,0x02,0x00,0x03,
    0xb4,0x05,0x06,0x12,0x01,0x03,0xb4,0x05,0x06,0x34,0x01,0x02,0xb4,0x05,0x01,0x68,
    0x0f,0x02,0x02,0x00,0x02,0x93,0x01,0x07,0x02,0x01,0x02,0x11,0x00,0x03,0x39,0x00,
    0x06,0xc5,0x05,0x16,0x13,0x55,0x00,0x01,0x1b,0x05,0x0d,0x56,0x01,0x0e,0xcc,0x01,
    0x02,0x4a,0x00,0x02,0x02,0x00,0x0b,0xa0,0x05,0x12,0xcf,0x16,0x00,0x0f,0x02,0x00,
    0x23,0x1a,0x20,0xbd,0x04,0x13,0xbf,0x46,0x00,0x02,0xa6,0x06,0x07,0x64,0x30,0x12,
    0x30,0x59,0x04,0x13,0x3f,0x47,0x09,0x31,0x00,0x00,0x3a,0x8e,0x03,0x16,0x0e,0x63,
    0x08,0x02,0x29,0x03,0x06,0x74,0x08,0x02,0x0c,0x0c,0x23,0x00,0x30,0x99,0x05,0x04,
    0xa7,0x0b,0x07,0xa8,0x0b,0x02,0xa7,0x0b,0x14,0x00,0x71,0x04,0x04,0x3b,0x08,0x13,
    0x0e,0xb4,0x04,0x01,0x2c,0x00,0x12,0x0e,0x99,0x0a,0x04,0x31,0x01,0x73,0x48,0x48,
    0x0e,0x05,0x00,0x00,0x27,0x19,0x05,0xa3,0x00,0x00,0x00,0x48,0x3a,0x0e,0x05,0x00,
    0x00,0x35,0xc5,0x04,0xa3,0x00,0x00,0x05,0x48,0x2b,0x22,0x05,0x00,0x00,0x43,0xce,
    0x09,0x7a,0x00,0x00,0x0a,0x3f,0x22,0x27,0x45,0x14,0x02,0x01,0x90,0x18,0x0f,0x02,
    0x00,0x24,0x0a,0xdd,0x03,0x05,0x6f,0x07,0x12,0x18,0x1f,0x01,0x15,0x18,0xf4,0x05,
    0x12,0x2b,0x48,0x04,0x06,0x5b,0x29,0x02,0xd5,0x11,0x23,0x05,0x35,0xaa,0x05,0x22,
    0x00,0x00,0xa9,0x06,0x12,0x13,0xf1,0x0b,0x01,0xa9,0x06,0x01,0xa1,0x06,0x06,0x08,
    0x05,0x12,0x18,0xab,0x05,0x06,0x08,0x05,0x12,0x22,0xe6,0x00,0x06,0x8d,0x10,0x41,
    0x2b,0x4d,0x1d,0x0a,0x17,0x06,0x04,0x94,0x02,0x76,0x3a,0x4d,0x22,0x13,0x00,0x00,
    0x18,0x30,0x01,0x76,0x3f,0x48,0x3a,0x22,0x00,0x00,0x1d,0x30,0x01,0x11,0x3f,0x9f,
    0x09,0x13,0x2b,0xba,0x0a,0x41,0x00,0x00,0x05,0x3a,0x44,0x12,0x24,0x35,0x48,0xba,
    0x00,0x5b,0x0a,0x3a,0x35,0x4d,0x13,0x31,0x09,0x0f,0xc3,0x04,0x27,0x0a,0x26,0x21,
    0x02,0x4a,0x08,0x0f,0x02,0x00,0xad,0x08,0x8b,0x03,0x01,0x43,0x01,0x1c,0x13,0x56,
    0x08,0x0f,0xc3,0x04,0x26,0x1a,0x40,0xa9,0x02,0x12,0x40,0x61,0x00,0x0f,0x02,0x00,
    0x22,0x04,0x32,0x03,0x04,0x02,0x00,0x03,0xcf,0x04,0x06,0x02,0x00,0x0d,0x98,0x05,
    0x04,0x6f,0x0d,0x05,0x02,0x00,0x04,0x56,0x02,0x05,0x02,0x00,0x0c,0x54,0x00,0x0f,
    0x02,0x00,0x28,0x0a,0x05,0x08,0x04,0x77,0x04,0x0f,0x02,0x00,0x1c,0x0b,0x3a,0x06,
    0x05,0x9b,0x08,0x14,0x0a,0xee,0x0d,0x04,0x02,0x00,0x15,0x1d,0x85,0x04,0x03,0x02,
    0x00,0x12,0x2b,0xb0,0x03,0x06,0x02,0x00,0x11,0x3f,0xcf,0x04,0x06,0x02,0x00,0x12,
    0x05,0xcf,0x04,0x06,0x02,0x00,0x03,0x9f,0x03,0x06,0x02,0x00,0x03,0x9f,0x03,0x06,
    0x02,0x00,0x03,0xcf,0x04,0x06,0x02,0x00,0x06,0xfb,0x04,0x03,0x02,0x00,0x0d,0x39,
    0x27,0x04,0xf9,0x0a,0x05,0x02,0x00,0x11,0x3f,0x68,0x0f,0x07,0x02,0x00,0x13,0x35,
    0x98,0x03,0x0b,0xeb,0x00,0x05,0x06,0x08,0x0f,0x02,0x00,0x1a,0x0a,0xfc,0x0a,0x06,
    0xfb,0x0a,0x0d,0x30,0x01,0x1a,0x18,0x30,0x01,0x14,0x13,0x30,0x01,0x01,0xae,0x06,
    0x01,0x9f,0x06,0x03,0x30,0x01,0x03,0x23,0x02,0x23,0x0a,0x18,0x30,0x01,0x04,0xb9,
    0x06,0x23,0x18,0x18,0x30,0x01,0x13,0x0a,0xf0,0x04,0x23,0x22,0x18,0x30,0x01,0x12,
    0x13,0x11,0x00,0x33,0x05,0x27,0x13,0x30,0x01,0x12,0x18,0xe2,0x00,0x33,0x0e,0x27,
    0x0e,0x30,0x01,0x03,0x44,0x3a,0x32,0x0e,0x27,0x05,0x30,0x01,0x04,0xf5,0x1e,0x32,
    0x18,0x27,0x05,0x30,0x01,0x04,0x3c,0x13,0x23,0x1d,0x22,0x30,0x01,0x04,0x76,0x00,
    0x23,0x22,0x18,0x30,0x01,0x4a,0x05,0x0a,0x00,0x30,0x4b,0x03,0x0c,0x58,0x01,0x0f,
    0x02,0x00,0x11,0x0a,0x4b,0x08,0x23,0xdf,0x10,0x34,0x00,0x06,0xc3,0x05,0x03,0x10,
    0x03,0x05,0x4c,0x02,0x12,0x1d,0x0f,0x01,0x12,0x13,0xfc,0x05,0x42,0x00,0x00,0x00,
    0x3a,0x44,0x0b,0x33,0x27,0x4d,0x13,0xeb,0x0e,0x03,0x1a,0x00,0x32,0x3a,0x4d,0x0e,
    0x90,0x03,0x04,0x2b,0x00,0x23,0x4d,0x4d,0x90,0x03,0x12,0x27,0x22,0x00,0x34,0x13,
    0x4d,0x4d,0xf9,0x19,0x11,0x4d,0x4a,0x00,0x33,0x22,0x4d,0x3a,0xb5,0x16,0x03,0x92,
    0x0f,0x32,0x2b,0x4d,0x3a,0x87,0x14,0x12,0x13,0x27,0x06,0x01,0x95,0x1c,0x01,0x2b,
    0x00,0x13,0x13,0x91,0x0a,0x14,0x48,0x04,0x07,0x13,0x27,0xa5,0x07,0x05,0xf1,0x11,
    0x03,0x74,0x40,0x06,0x30,0x0b,0x2c,0x27,0x43,0xbf,0x23,0x0f,0x55,0x08,0x20,0x0b,
    0x08,0x0d,0x05,0x72,0x01,0x02,0xd9,0x00,0x07,0x02,0x00,0x02,0x38,0x09,0x06,0x02,
    0x00,0x23,0x05,0x1d,0x58,0x02,0x04,0x02,0x00,0x06,0xf5,0x1e,0x02,0x51,0x01,0x07,
    0x0c,0x15,0x03,0x7d,0x05,0x14,0x27,0x88,0x08,0x03,0xf7,0x32,0x23,0x05,0x35,0xfd,
    0x00,0x04,0x58,0x3a,0x13,0x0a,0x7b,0x01,0x05,0x60,0x02,0x15,0x18,0x11,0x00,0x03,
    0x60,0x02,0x13,0x1d,0x02,0x0d,0x23,0x00,0x05,0x66,0x21,0x01,0x78,0x0f,0x01,0xdf,
    0x02,0x03,0x90,0x00,0x23,0x2b,0x35,0x98,0x00,0x12,0x05,0x76,0x00,0x03,0xae,0x13,
    0x02,0x58,0x3f,0x2a,0x00,0x00,0xf9,0x1e,0x05,0x7d,0x04,0x0f,0x02,0x00,0x16,0x0a,
    0x8e,0x03,0x07,0xd2,0x03,0x06,0x76,0x09,0x03,0x02,0x00,0x05,0xdd,0x00,0x03,0x02,
    0x00,0x06,0xdd,0x00,0x03,0x02,0x00,0x06,0xdd,0x00,0x03,0x02,0x00,0x1c,0x1d,0xdc,
    0x10,0x14,0x2b,0xaf,0x0f,0x04,0x02,0x00,0x14,0x35,0xdd,0x00,0x03,0x02,0x00,0x06,
    0xdd,0x00,0x03,0x02,0x00,0x01,0x37,0x20,0x08,0x02,0x00,0x02,0x26,0x14,0x07,0x02,
    0x00,0x14,0x0e,0x14,0x10,0x04,0x02,0x00,0x1b,0x0e,0xa8,0x00,0x04,0xdc,0x03,0x02,
    0x02,0x00,0x0b,0xc3,0x04,0x05,0x20,0x02,0x0f,0x02,0x00,0x14,0x0a,0x1c,0x07,0x08,
    0x32,0x06,0x12,0x48,0x23,0x03,0x05,0x02,0x00,0x03,0x7b,0x04,0x06,0x02,0x00,0x03,
    0x7b,0x04,0x06,0x02,0x00,0x08,0xb5,0x12,0x99,0x10,0x40,0x40,0x40,0x40,0x6b,0x7a,
    0x5d,0x40,0x01,0x00,0x1e,0x7a,0x11,0x00,0x19,0x4e,0x21,0x00,0x39,0x4e,0x7a,0x7a,
    0x10,0x00,0x41,0x40,0x58,0x7a,0x70,0x11,0x00,0x05,0xd8,0x00,0x08,0x65,0x00,0x01,
    0x02,0x00,0x04,0xa4,0x10,0x05,0x02,0x00,0x04,0xa4,0x10,0x05,0x02,0x00,0x03,0xa4,
    0x10,0x03,0x02,0x00,0x0f,0xf2,0x00,0x07,0x0f,0x02,0x00,0x10,0x0a,0x6e,0x01,0x14,
    0xef,0xbd,0x04,0x01,0x13,0x0b,0x12,0x0e,0x08,0x00,0x05,0x02,0x00,0x1c,0x18,0x11,
    0x00,0x03,0x12,0x03,0x05,0x02,0x00,0x04,0xb2,0x26,0x2f,0x20,0x70,0xde,0x51,0x1d,
    0x0f,0x02,0x00,0x11,0x12,0xcf,0x19,0x3e,0x23,0x05,0x22,0x50,0x05,0x04,0xf7,0x03,
    0x03,0x77,0x03,0x52,0x00,0x00,0x00,0x05,0x1d,0x07,0x00,0x05,0xa8,0x00,0x03,0x13,
    0x11,0x05,0x09,0x23,0x02,0x22,0x04,0x0a,0x6e,0x0a,0x07,0x52,0x03,0x0f,0x02,0x00,
    0x10,0x0a,0x3c,0x00,0x0f,0xf2,0x0a,0x00,0x1c,0x05,0x45,0x00,0x02,0xb8,0x06,0x07,
    0x02,0x00,0x03,0x42,0x11,0x05,0x02,0x00,0x2f,0x40,0xb4,0xfe,0x00,0x11,0x0f,0x02,
    0x00,0x22,0x24,0xdf,0x80,0xd1,0x01,0x01,0x9e,0x2f,0x05,0xb9,0x17,0x01,0xf8,0x22,
    0x38,0x05,0x00,0x0e,0xce,0x08,0x54,0x27,0x30,0x00,0x00,0x22,0x84,0x13,0x64,0x00,
    0x00,0x00,0x00,0x27,0x1d,0x57,0x06,0x09,0xce,0x0c,0x09,0x24,0x02,0x0f,0x02,0x00,
    0x0d,0x19,0x20,0xb7,0x00,0x16,0x9f,0x93,0x24,0x04,0x02,0x00,0x15,0x18,0xcd,0x01,
    0x03,0xb8,0x06,0x03,0x77,0x05,0x05,0x06,0x0f,0x41,0x05,0x27,0x2b,0x05,0x0f,0x00,
    0x03,0x9c,0x0a,0x0f,0xdd,0x27,0x00,0x0f,0x02,0x00,0x39,0x21,0xdf,0x55,0x91,0x00,
    0x11,0x2b,0x25,0x20,0x07,0x02,0x00,0x13,0x35,0x76,0x13,0x05,0x02,0x00,0x11,0x3f,
    0x3f,0x07,0x01,0x2d,0x00,0x01,0x02,0x00,0x11,0x0a,0xb1,0x0e,0x02,0xd5,0x0f,0x0a,
    0x7a,0x0f,0x11,0x9f,0x20,0x00,0x0f,0x02,0x00,0x13,0x09,0xf0,0x0a,0x27,0xdf,0x10,
    0x1a,0x05,0x03,0x6c,0x09,0x24,0x2b,0x18,0x49,0x00,0x12,0x30,0xb8,0x07,0x06,0xd4,
    0x01,0x04,0x6b,0x0f,0x05,0xfe,0x02,0x3b,0x48,0x4d,0x0a,0x8b,0x00,0x0f,0x02,0x00,
    0x41,0x28,0xbc,0x15,0x56,0x08,0x41,0x00,0x00,0x48,0x3a,0x06,0x00,0x02,0xa1,0x08,
    0x02,0x6b,0x0f,0x0a,0x33,0x18,0x22,0x0a,0x43,0xe6,0x21,0x01,0xc8,0x0e,0x01,0xd8,
    0x01,0x29,0x3a,0x74,0x99,0x00,0x12,0x40,0x17,0x00,0x0f,0x02,0x00,0x10,0x0a,0x7b,
    0x09,0x09,0x8e,0x03,0x11,0x18,0x66,0x00,0x07,0x02,0x00,0x03,0x33,0x09,0x06,0x02,
    0x00,0x02,0x6b,0x0f,0x07,0x02,0x00,0x3b,0x48,0x48,0x05,0xd2,0x0e,0x0f,0x02,0x00,
    0x42,0x56,0xcf,0x10,0x00,0x00,0x0a,0xe9,0x1d,0x11,0x3f,0x84,0x1a,0x04,0x47,0x15,
    0x05,0xfc,0x0f,0x04,0x93,0x1a,0x05,0x9a,0x34,0x06,0x86,0x13,0x2a,0x0a,0x27,0x92,
    0x03,0x0f,0x85,0x09,0x17,0x09,0x43,0x13,0x06,0xd9,0x0b,0x0f,0x02,0x00,0x26,0x07,
    0x2f,0x01,0x21,0xbf,0x9f,0x15,0x5a,0x0f,0x02,0x00,0x36,0x16,0xbf,0xac,0x00,0x05,
    0x3f,0x11,0x0f,0x02,0x00,0x27,0x0a,0xe7,0x0b,0x0f,0xf3,0x05,0x15,0x09,0xed,0x05,
    0x0f,0xf8,0x04,0x1a,0x0f,0x02,0x00,0x03,0x05,0x86,0x00,0x08,0xd2,0x3d,0x02,0x33,
    0x04,0x07,0x02,0x00,0x0f,0x67,0x07,0x10,0x05,0xe3,0x03,0x02,0x02,0x00,0x02,0x09,
    0x0b,0x15,0x30,0x2a,0x0a,0x13,0xaf,0xf8,0x06,0x06,0x02,0x00,0x15,0x13,0x37,0x04,
    0x03,0x02,0x00,0x06,0x6d,0x14,0x03,0x02,0x00,0x23,0x0e,0x05,0x09,0x00,0x02,0x02,
    0x00,0x0f,0xfb,0x00,0x21,0x0a,0xda,0x0b,0x0a,0x65,0x01,0x03,0xe6,0x00,0x05,0xab,
    0x07,0x04,0x66,0x16,0x05,0x07,0x09,0x03,0x73,0x1d,0x15,0x13,0x16,0x04,0x33,0x05,
    0x22,0x1e,0x03,0x02,0x03,0x60,0x34,0x21,0x0a,0x27,0x6e,0x05,0x11,0x3a,0x60,0x04,
    0x01,0xff,0x07,0x02,0x54,0x1a,0x03,0xd9,0x0c,0x05,0x35,0x0e,0x04,0xd9,0x0c,0x41,
    0x00,0x00,0x00,0x18,0x11,0x08,0x04,0xd9,0x0c,0x05,0x65,0x00,0x03,0x3b,0x05,0x06,
    0x20,0x34,0x15,0x9b,0xae,0x04,0x02,0xcc,0x24,0x03,0xf8,0x06,0x01,0x02,0x00,0x02,
    0x6c,0x01,0x15,0x43,0x76,0x00,0x03,0x02,0x00,0x03,0x2d,0x0d,0x05,0x02,0x00,0x03,
    0xac,0x00,0x02,0x02,0x00,0x0f,0xe6,0x0b,0x13,0x05,0xb0,0x01,0x0c,0xaa,0x0a,0x01,
    0x81,0x00,0x01,0xed,0x00,0x06,0x02,0x00,0x03,0xd0,0x0d,0x05,0x02,0x00,0x07,0x40,
    0x05,0x02,0x02,0x00,0x32,0x22,0x4d,0xb1,0x4a,0x00,0x04,0xb1,0x33,0x21,0x35,0x4d,
    0x5a,0x04,0x02,0x42,0x0e,0x02,0x8c,0x15,0x01,0x79,0x0b,0x06,0x57,0x16,0x03,0xd8,
    0x1d,0x06,0x51,0x09,0x02,0xd8,0x1d,0x04,0x39,0x0f,0x05,0xfb,0x0d,0x02,0x60,0x02,
    0x52,0x00,0x00,0x00,0x00,0x84,0x63,0x00,0x22,0xf4,0x42,0x0f,0x00,0x05,0xc9,0x15,
    0x06,0x60,0x02,0x01,0x69,0x08,0x08,0x60,0x02,0x12,0x27,0xd2,0x01,0x06,0xcf,0x00,
    0x11,0x2b,0x97,0x00,0x0a,0xb6,0x0a,0x0f,0xcd,0x17,0x11,0x0a,0x4c,0x08,0x06,0x39,
    0x02,0x01,0x02,0x00,0x04,0xec,0x1f,0x05,0x02,0x00,0x1b,0x2b,0x21,0x00,0x0d,0xb9,
    0x0c,0x22,0x0e,0x55,0xcc,0x00,0x03,0xb1,0x0f,0x13,0x05,0x44,0x21,0x05,0x02,0x00,
    0x39,0x13,0x00,0x27,0x9c,0x1b,0x2b,0x0a,0x13,0x1e,0x0d,0x2b,0x0a,0x0e,0x1e,0x0d,
    0x2b,0x0e,0x0e,0x65,0x00,0x42,0x22,0x0e,0x0a,0x8c,0x65,0x00,0x02,0x04,0x08,0x34,
    0x05,0x22,0x0a,0x51,0x1b,0x02,0x02,0x00,0x36,0x05,0x1d,0x05,0x5c,0x01,0x01,0xec,
    0x05,0x11,0x1d,0x5a,0x2b,0x06,0x02,0x00,0x42,0x0e,0x13,0x00,0x0e,0x35,0x03,0x09,
    0x48,0x0e,0x02,0x50,0x00,0x0f,0x02,0x00,0x0b,0x09,0x5f,0x02,0x09,0xcd,0x16,0x11,
    0x0a,0x08,0x02,0x07,0x02,0x00,0x0d,0xa9,0x44,0x06,0xbd,0x10,0x03,0x02,0x00,0x23,
    0x48,0x22,0x62,0x1a,0x03,0x9d,0x15,0x0d,0xff,0x39,0x01,0x3c,0x23,0x08,0x02,0x00,
    0x0d,0xd0,0x1f,0x06,0x80,0x16,0x02,0x02,0x00,0x02,0xa1,0x23,0x07,0x02,0x00,0x35,
    0x22,0x4d,0x48,0xb6,0x00,0x01,0x11,0x02,0x16,0x27,0xdb,0x03,0x02,0x02,0x00,0x2b,
    0x35,0x4d,0xba,0x00,0x07,0xdf,0x23,0x02,0x02,0x00,0x06,0x65,0x00,0x0a,0xb3,0x18,
    0x01,0x50,0x00,0x0f,0x02,0x00,0x0a,0x09,0x5f,0x02,0x0b,0xed,0x05,0x06,0xbd,0x02,
    0x02,0x02,0x00,0x03,0xbd,0x04,0x06,0x02,0x00,0x0f,0xb4,0x05,0x01,0x02,0x33,0x19,
    0x03,0x0b,0x04,0x22,0x0a,0x35,0x48,0x04,0x05,0x02,0x00,0x2b,0x18,0x3a,0x55,0x00,
    0x05,0x58,0x10,0x04,0x02,0x00,0x0a,0x5d,0x02,0x04,0xa1,0x23,0x07,0x02,0x00,0x62,
    0x0e,0x48,0x35,0x00,0x00,0x15,0x67,0x00,0x01,0x6e,0x05,0x51,0x18,0x4d,0x27,0x00,
    0x00,0xf3,0x04,0x03,0x02,0x00,0x35,0x22,0x4d,0x18,0x5b,0x13,0x01,0x02,0x00,0x3a,
    0x2b,0x48,0x13,0xec,0x3b,0x52,0x3a,0x43,0x0a,0x00,0x2b,0x55,0x01,0x09,0xf3,0x05,
    0x0f,0x1d,0x08,0x0f,0x09,0x90,0x02,0x11,0x89,0x5e,0x00,0x06,0x02,0x00,0x02,0x5f,
    0x06,0x16,0x05,0x11,0x00,0x02,0x40,0x23,0x02,0xca,0x02,0x01,0xcd,0x00,0x01,0x75,
    0x04,0x07,0x9c,0x00,0x21,0x0a,0x68,0x2a,0x03,0x12,0xef,0x1f,0x00,0x41,0x00,0x00,
    0x00,0x13,0xde,0x05,0x07,0xe5,0x10,0x11,0x18,0x13,0x14,0x01,0x95,0x24,0x02,0x02,
    0x00,0x21,0x22,0x1d,0x31,0x1f,0x06,0xf1,0x00,0x01,0x3c,0x0c,0x03,0x64,0x19,0x02,
    0x65,0x00,0x56,0x0e,0x0e,0x00,0x00,0x2b,0xe6,0x0c,0x42,0x05,0x1d,0x05,0x1d,0xb4,
    0x08,0x03,0x34,0x09,0x73,0x05,0x13,0x05,0x3a,0x00,0x00,0x3f,0x48,0x20,0x01,0x75,
    0x0c,0x29,0x18,0x43,0xff,0x02,0x69,0x05,0x05,0x2b,0x48,0x00,0x00,0xbe,0x01,0x21,
    0x43,0x3a,0x97,0x32,0x0a,0x3b,0x0f,0x11,0x40,0x3f,0x00,0x0f,0x02,0x00,0x07,0x05,
    0xfc,0x07,0x5b,0xff,0xff,0xff,0xff,0xe9,0x8b,0x10,0x11,0x00,0x11,0x27,0x02,0xa9,
    0x13,0x01,0x02,0x00,0x03,0xae,0x13,0x06,0x30,0x01,0x02,0xf4,0x20,0x07,0x30,0x01,
    0x21,0x35,0xb1,0x4b,0x00,0x11,0x84,0x2f,0x00,0x06,0x89,0x24,0x03,0xcc,0x01,0x01,
    0x82,0x1e,0x29,0x4d,0x13,0x30,0x01,0x11,0x0e,0xde,0x05,0x07,0x30,0x01,0x02,0x43,
    0x06,0x07,0x30,0x01,0x02,0x70,0x03,0x07,0x30,0x01,0x34,0x27,0x4d,0x27,0xd6,0x07,
    0x02,0x49,0x0e,0x11,0x30,0x54,0x00,0x16,0x3f,0x0d,0x07,0x11,0x35,0xca,0x00,0x07,
    0x2f,0x04,0x02,0x9f,0x07,0x07,0x30,0x01,0x11,0x3a,0xb7,0x01,0x1a,0x27,0x2e,0x0a,
    0x0d,0xf0,0x06,0x0d,0x02,0x00,0x09,0xbe,0x04,0x11,0x73,0x44,0x00,0x07,0x02,0x00,
    0x07,0x17,0x02,0x01,0x02,0x00,0x07,0x31,0x1b,0x02,0x02,0x00,0x15,0x0e,0xc8,0x13,
    0x03,0x02,0x00,0x21,0x18,0xce,0x30,0x01,0x06,0x16,0x06,0x14,0x27,0xd9,0x13,0x04,
    0x02,0x00,0x0a,0xde,0x05,0x41,0x00,0x00,0x05,0x35,0xa9,0x06,0x06,0x02,0x00,0x24,
    0x0a,0x3a,0x4f,0x14,0x03,0x02,0x00,0x0d,0x65,0x00,0x01,0xde,0x05,0x02,0x19,0x03,
    0x02,0x10,0x02,0x1b,0x13,0xc4,0x03,0x03,0xc5,0x02,0x07,0x02,0x00,0x1f,0x18,0x9a,
    0x09,0x08,0x09,0x54,0x08,0x06,0xba,0x00,0x0f,0x02,0x00,0x01,0x09,0xbe,0x04,0x08,
    0xf6,0x12,0x0f,0x02,0x00,0x26,0x02,0x58,0x04,0x0f,0x3f,0x00,0x26,0x0f,0x02,0x00,
    0x17,0x02,0x78,0x04,0x01,0xc1,0x04,0x0f,0x02,0x00,0x2c,0x09,0x54,0x08,0x0f,0x23,
    0x07,0x0b,0x09,0x5f,0x02,0x02,0xac,0x01,0x0f,0x02,0x00,0x2c,0x01,0x5f,0x02,0x0f,
    0x7a,0x01,0x32,0x0f,0x02,0x00,0x0c,0x02,0xe6,0x00,0x03,0x58,0x06,0x0f,0x02,0x00,
    0x2b,0x09,0x6f,0x10,0x0f,0x23,0x07,0x09,0x0b,0x5f,0x02,0x66,0x1d,0x13,0x00,0x00,
    0x05,0x27,0xba,0x02,0x36,0x0e,0x13,0x0a,0x81,0x19,0x01,0x39,0x0a,0x51,0x13,0x05,
    0x00,0x00,0x0a,0xc2,0x05,0x01,0x02,0x00,0x11,0x05,0xcf,0x0e,0x07,0x25,0x55,0x2b,
    0x0a,0x13,0x30,0x01,0x01,0x91,0x17,0x08,0x58,0x2d,0x01,0x12,0x0f,0x07,0x1f,0x12,
    0x02,0x0d,0x4c,0x01,0x37,0x06,0x03,0x02,0x00,0x02,0x75,0x00,0x06,0x65,0x06,0x01,
    0x20,0x21,0x08,0x50,0x09,0x01,0x1a,0x14,0x21,0x13,0x5d,0x6a,0x00,0x01,0x30,0x01,
    0x29,0x05,0x0e,0xac,0x0a,0x03,0x1a,0x14,0x02,0xad,0x06,0x07,0x02,0x00,0x0b,0xab,
    0x07,0x06,0x02,0x00,0x02,0x7b,0x01,0x03,0x02,0x00,0x0f,0x61,0x02,0x09,0x02,0x2c,
    0x09,0x03,0x02,0x00,0x42,0x40,0x43,0x4d,0x4d,0x9b,0x19,0xf1,0x01,0x00,0x18,0x4d,
    0x2b,0x22,0x18,0x00,0x0a,0x4d,0x4d,0x3a,0x00,0x00,0x27,0x4d,0x30,0xa2,0x07,0x41,
    0x1d,0x0e,0x00,0x13,0x0a,0x2f,0x01,0x8e,0x20,0xc1,0x27,0x3a,0x0a,0x13,0x05,0x00,
    0x27,0x4d,0x4d,0x13,0x00,0x13,0xba,0x24,0x81,0x27,0x35,0x00,0x13,0x00,0x00,0x35,
    0x4d,0x4d,0x00,0xf4,0x03,0xce,0x00,0x00,0x00,0x27,0x22,0x00,0x05,0x00,0x00,0x48,
    0x4d,0x35,0x00,0x00,0x3a,0x4d,0x35,0x87,0x15,0x11,0x0a,0xb9,0x2b,0x11,0x4d,0x96,
    0x12,0x01,0x5d,0x10,0x71,0x13,0x4d,0x4d,0x05,0x00,0x13,0x4d,0x30,0x07,0x01,0x6b,
    0x08,0x01,0x94,0x29,0x35,0x27,0x4d,0x43,0x4c,0x05,0x12,0x27,0x43,0x00,0x15,0x48,
    0xc8,0x01,0x01,0x5a,0x1b,0x21,0x3a,0x7a,0x6a,0x00,0x01,0x30,0x01,0x64,0x35,0x4d,
    0x0e,0x00,0x00,0x48,0x82,0x26,0x04,0x8a,0x1c,0x35,0x4d,0x4d,0x3f,0x75,0x01,0x21,
    0x43,0x35,0xbe,0x06,0x06,0x2a,0x05,0x52,0x3f,0x1d,0x00,0x00,0x00,0x76,0x00,0x0f,
    0x61,0x02,0x17,0x03,0x64,0x06,0x02,0x02,0x00,0x53,0xc4,0x27,0x3a,0x3a,0x30,0x9d,
    0x26,0xf1,0x00,0x22,0x4d,0x35,0x4d,0x4d,0x0e,0x27,0x43,0x3a,0x22,0x00,0x00,0x0e,
    0x30,0x0e,0xeb,0x27,0xf1,0x18,0x4d,0x3a,0x0e,0x30,0x3f,0x3a,0x0e,0x00,0x00,0x0e,
    0x3f,0x0e,0x00,0x00,0x35,0x4d,0x22,0x4d,0x27,0x13,0x3a,0x3f,0x2b,0x05,0x00,0x00,
    0x13,0x4d,0x0a,0x00,0x00,0x35,0x48,0x13,0x4d,0x13,0x13,0x3a,0x48,0x4d,0x00,0xf1,
    0x01,0xce,0x00,0x00,0x00,0x3a,0x30,0x13,0x4d,0x00,0x0e,0x3f,0x48,0x13,0x00,0x00,
    0x0e,0x1a,0x1c,0xc1,0x35,0x18,0x1d,0x35,0x00,0x0a,0x3f,0x43,0x0a,0x00,0x00,0x1d,
    0x6d,0x28,0x81,0x35,0x0a,0x13,0x13,0x00,0x0a,0x43,0x3a,0x68,0x5b,0xf2,0x00,0x3a,
    0x00,0x00,0x00,0x18,0x00,0x0a,0x00,0x00,0x0e,0x48,0x2b,0x00,0x00,0x05,0x46,0x0d,
    0x01,0x41,0x01,0x71,0x18,0x48,0x22,0x00,0x00,0x0e,0x3a,0x63,0x01,0x01,0x02,0x00,
    0x71,0x1d,0x3a,0x13,0x00,0x00,0x18,0x70,0x6a,0x00,0x01,0x30,0x01,0x39,0x1d,0x35,
    0x05,0x32,0x2d,0x31,0x00,0x22,0x2b,0x97,0x2d,0x06,0x82,0x08,0x01,0xe2,0x34,0x12,
    0x1d,0xef,0x07,0x01,0x02,0x00,0x01,0x44,0x17,0x14,0x22,0xe9,0x0a,0x09,0x61,0x02,
    0x01,0x53,0x00,0x0f,0x02,0x00,0x02,0x02,0x73,0x00,0x03,0x02,0x00,0x14,0x66,0x3d,
    0x00,0x92,0x00,0x2b,0x4d,0x0e,0x13,0x05,0x27,0x27,0x30,0x01,0x22,0xa3,0x00,0x00,
    0x00,0x30,0x43,0x00,0x13,0x00,0x22,0x18,0x7a,0x3f,0x51,0x00,0x00,0x00,0x30,0x27,
    0x30,0x02,0x06,0x5e,0x0e,0x21,0x35,0x18,0x16,0x09,0x31,0x43,0x43,0x00,0x4e,0x00,
    0x41,0xbf,0x00,0x2b,0x0a,0x27,0x03,0x04,0xe5,0x00,0x21,0x05,0x00,0x1d,0x0a,0x22,
    0x05,0x00,0x6e,0x14,0x33,0x00,0x0a,0x0a,0xa8,0x15,0x11,0x00,0xf9,0x07,0x44,0x00,
    0x00,0x0e,0x0a,0xb7,0x08,0x03,0x58,0x02,0x11,0x13,0x2c,0x01,0x01,0x05,0x04,0x01,
    0x07,0x00,0x0d,0xb7,0x1b,0x11,0x45,0x6a,0x00,0x07,0xdd,0x00,0x03,0xec,0x1d,0x06,
    0x02,0x00,0x0d,0x14,0x07,0x04,0x8f,0x2d,0x05,0x02,0x00,0x14,0x1d,0x65,0x00,0x08,
    0xc2,0x04,0x06,0x3c,0x0a,0x0c,0x02,0x00,0x11,0xdf,0x73,0x00,0x02,0x02,0x00,0x21,
    0xcf,0x0e,0xf4,0x00,0x11,0x13,0x10,0x24,0x01,0xea,0x03,0x01,0xb6,0x07,0x01,0x3d,
    0x04,0x03,0x8c,0x2a,0x01,0x7b,0x0a,0x01,0x2c,0x04,0x03,0xea,0x08,0x01,0xb6,0x07,
    0x62,0x05,0x0a,0x00,0x00,0x00,0x3a,0xe6,0x00,0x24,0x18,0x18,0x30,0x01,0x03,0xea,
    0x08,0x06,0x44,0x04,0x03,0xa8,0x07,0x06,0x50,0x11,0x05,0x5f,0x03,0x04,0x02,0x00,
    0x04,0xbc,0x00,0x0f,0x02,0x00,0x14,0x02,0x14,0x02,0x07,0x30,0x01,0x0f,0x02,0x00,
    0x29,0x02,0x4d,0x00,0x03,0x02,0x00,0x03,0x54,0x29,0x0d,0x02,0x00,0x09,0x57,0x15,
    0x02,0x25,0x00,0x01,0x2c,0x04,0x08,0xba,0x00,0x0d,0x8b,0x0d,0x01,0x21,0x24,0x08,
    0x02,0x00,0x02,0x21,0x43,0x03,0x02,0x00,0x14,0x0a,0x30,0x01,0x03,0x10,0x00,0x01,
    0x5e,0x01,0x12,0x48,0x4d,0x01,0x01,0x02,0x00,0x01,0x5e,0x01,0x08,0xfc,0x2a,0x56,
    0x0a,0x05,0x00,0x00,0x05,0x69,0x0a,0x03,0x37,0x01,0x06,0xed,0x0b,0x12,0x00,0x78,
    0x02,0x07,0x93,0x00,0x03,0x02,0x00,0x02,0xe3,0x00,0x0f,0x30,0x01,0x34,0x0a,0x3b,
    0x02,0x03,0x62,0x00,0x0c,0x02,0x00,0x02,0xf2,0x09,0x02,0x02,0x00,0x52,0xdf,0x00,
    0x00,0x30,0x3a,0x6b,0x37,0x05,0x27,0x00,0x57,0x48,0x3a,0x00,0x00,0x2b,0x2c,0x21,
    0x01,0xe3,0x3b,0x03,0x7d,0x02,0x01,0x02,0x00,0x62,0x22,0x4d,0x2b,0x00,0x0a,0x43,
    0x29,0x11,0x01,0x02,0x00,0x31,0x30,0x4d,0x22,0x4f,0x00,0x05,0x30,0x01,0x31,0x3f,
    0x4d,0x18,0xb5,0x3c,0x01,0x1e,0x00,0x02,0x61,0x17,0x12,0x0e,0xc3,0x31,0x03,0x02,
    0x00,0x66,0x0a,0x4d,0x48,0x00,0x05,0x48,0xc9,0x0c,0x68,0x00,0x13,0x4d,0x3f,0x00,
    0x13,0x30,0x0f,0x33,0x22,0x4d,0x30,0x1b,0x38,0x03,0x34,0x01,0x76,0x27,0x4d,0x1d,
    0x00,0x2b,0x48,0x0a,0x30,0x01,0xa3,0x2b,0x48,0x0a,0x00,0x30,0x3f,0x00,0x00,0x00,
    0x0a,0xc5,0x02,0x23,0x2b,0x3f,0x52,0x0c,0x14,0x18,0x11,0x00,0x53,0x27,0x00,0x00,
    0x30,0x18,0x2e,0x1a,0xa7,0x00,0x00,0x00,0x00,0x2b,0x18,0x00,0x00,0x27,0x0a,0xf3,
    0x27,0x11,0x78,0xb8,0x00,0x03,0x02,0x00,0x12,0x40,0x25,0x00,0x0b,0x02,0x00,0x09,
    0x4d,0x08,0x54,0x70,0x00,0x00,0x35,0x43,0x30,0x03,0x03,0x99,0x00,0x26,0x48,0x3a,
    0x2e,0x31,0x01,0x64,0x04,0x28,0x4d,0x35,0x0c,0x0d,0x02,0x30,0x01,0x11,0x05,0x99,
    0x04,0x03,0x02,0x00,0x0f,0x30,0x01,0x03,0x03,0xb5,0x00,0x01,0x02,0x00,0x01,0x30,
    0x01,0x07,0x33,0x00,0x3a,0x0a,0x4d,0x48,0xd1,0x22,0x02,0x30,0x01,0x07,0x60,0x02,
    0x06,0x30,0x01,0x03,0xee,0x06,0x0f,0x30,0x01,0x07,0x04,0x8c,0x2d,0xa3,0x2b,0x3f,
    0x00,0x00,0x27,0x27,0x00,0x00,0x00,0x13,0x2a,0x0c,0x22,0x27,0x27,0x23,0x01,0x02,
    0x16,0x00,0x03,0x30,0x01,0x01,0x9f,0x07,0x13,0x35,0x8c,0x00,0x12,0x22,0x68,0x0b,
    0x02,0x02,0x00,0x0f,0x53,0x08,0x03,0x02,0x21,0x0b,0x02,0x02,0x00,0x27,0xef,0x10,
    0xe2,0x2c,0x03,0xea,0x27,0x03,0xb9,0x3e,0x01,0x46,0x29,0x02,0xc0,0x00,0x01,0x17,
    0x08,0x02,0x2b,0x29,0x01,0x53,0x01,0x15,0x0a,0x7d,0x02,0x03,0xeb,0x0e,0x31,0x0a,
    0x43,0x0e,0x50,0x00,0x14,0xbf,0xab,0x29,0x13,0x13,0xff,0x2e,0x02,0x12,0x06,0x06,
    0x3b,0x1d,0x41,0x00,0x00,0x05,0x35,0x43,0x00,0x02,0x06,0x2c,0x71,0x20,0x40,0x40,
    0x40,0x40,0x53,0x40,0x7f,0x61,0x02,0x17,0x00,0x07,0x4e,0x4c,0x11,0x05,0x0e,0x00,
    0x2b,0x00,0x00,0xe6,0x1b,0x06,0x60,0x02,0x0f,0x02,0x00,0x32,0x08,0x0e,0x01,0x03,
    0x96,0x0e,0x0b,0x02,0x00,0x08,0xb3,0x03,0x18,0x9f,0xa1,0x21,0x03,0x4b,0x24,0x23,
    0x00,0x2b,0x9e,0x01,0x03,0xaf,0x3f,0x07,0x98,0x57,0x04,0x95,0x03,0x11,0x27,0x19,
    0x06,0x43,0x00,0x00,0x00,0x3f,0x95,0x03,0x2a,0x27,0x05,0x30,0x01,0x01,0xc0,0x04,
    0x01,0x02,0x00,0x04,0x43,0x21,0x04,0xfe,0x00,0x04,0x30,0x01,0x38,0x20,0x60,0x9f,
    0xa6,0x19,0x34,0xbf,0x9f,0x60,0x61,0x0b,0x0d,0x7e,0x4d,0x06,0xa0,0x1e,0x0f,0x30,
    0x01,0x40,0x11,0x10,0xb9,0x00,0x03,0x02,0x00,0x02,0xcd,0x05,0x0a,0x02,0x00,0x09,
    0xee,0x05,0x14,0x2e,0xc7,0x00,0x01,0x02,0x00,0x17,0x13,0xe6,0x01,0x01,0x02,0x00,
    0x04,0x17,0x01,0x0f,0x02,0x00,0x10,0x01,0x72,0x00,0x05,0xc0,0x04,0x0a,0x02,0x00,
    0x01,0xed,0x05,0x08,0x02,0x00,0x28,0x25,0x80,0xb5,0x01,0x04,0x02,0x00,0x34,0xcf,
    0x70,0x10,0x25,0x00,0x0d,0x46,0x08,0x11,0x0a,0x46,0x03,0x07,0x30,0x01,0x0e,0x46,
    0x08,0x02,0x0c,0x03,0x06,0x02,0x00,0x26,0x22,0x18,0x0c,0x00,0x01,0xda,0x02,0x01,
    0x7c,0x09,0x07,0x02,0x00,0x02,0x5b,0x20,0x08,0x1b,0x0e,0x17,0xcf,0x1e,0x00,0x04,
    0x02,0x00,0x08,0x20,0x00,0x49,0xce,0x4d,0x43,0x18,0x79,0x00,0x45,0x1d,0x4d,0x3f,
    0x0a,0x5f,0x02,0x02,0xab,0x04,0x34,0x3a,0x0a,0x35,0x70,0x02,0x01,0x11,0x00,0x57,
    0x48,0x43,0x0e,0x3a,0x27,0x4a,0x01,0x67,0x1d,0x3f,0x48,0x18,0x3a,0x1d,0x20,0x07,
    0x67,0x22,0x3f,0x48,0x27,0x43,0x18,0xec,0x11,0x61,0x18,0x43,0x43,0x2b,0x43,0x0e,
    0x85,0x08,0x01,0x02,0x00,0x05,0xca,0x58,0x22,0xcf,0xaf,0x70,0x1b,0x06,0x3d,0x01,
    0x04,0xf1,0x65,0x76,0x27,0x4d,0x3a,0x3a,0x27,0x05,0x2b,0x41,0x12,0x85,0x3a,0x4d,
    0x35,0x3a,0x18,0x0e,0x27,0x0a,0x60,0x02,0x41,0x48,0x4d,0x2b,0x3a,0xba,0x41,0x01,
    0x53,0x00,0x01,0x41,0x0c,0x46,0x22,0x2b,0x05,0x0e,0x24,0x01,0x58,0x13,0x4d,0x4d,
    0x18,0x1d,0x88,0x05,0x53,0x22,0x4d,0x3f,0x13,0x0e,0x81,0x26,0x01,0x02,0x00,0x53,
    0x27,0x4d,0x35,0x0e,0x05,0xe0,0x03,0x03,0x02,0x00,0x04,0xe4,0x02,0x06,0x02,0x00,
    0x09,0x80,0x02,0x3a,0x69,0x48,0x48,0x28,0x3c,0x67,0x0a,0x3a,0x3f,0x4d,0x4d,0x4d,
    0x32,0x04,0x67,0x18,0x3a,0x3a,0x4d,0x4d,0x48,0x09,0x3b,0x85,0x13,0x30,0x3f,0x3f,
    0x4d,0x3a,0x00,0x48,0x31,0x01,0x64,0x13,0x1d,0x48,0x43,0x4d,0x35,0xc0,0x04,0x01,
    0x83,0x32,0x53,0x4d,0x48,0x4d,0x27,0x27,0x91,0x0a,0xa3,0x00,0x00,0x00,0x0a,0x1d,
    0x43,0x4d,0x4d,0x22,0x3a,0x11,0x00,0x03,0x2e,0x01,0x21,0xde,0xc9,0x6d,0x06,0x01,
    0x02,0x00,0x62,0xef,0xff,0xff,0x55,0x85,0xb1,0x36,0x01,0x11,0xbf,0xb3,0x00,0x65,
    0x18,0x3a,0x3a,0x4d,0x43,0x18,0x38,0x05,0x71,0x00,0x00,0x22,0x3a,0x30,0x4d,0x35,
    0x8b,0x23,0x02,0xe0,0x00,0x68,0x80,0x2b,0x43,0x30,0x4d,0x22,0x45,0x1e,0x57,0x3a,
    0x3a,0x35,0x4d,0x0e,0x8b,0x23,0x76,0x05,0x3f,0x35,0x35,0x48,0x00,0x35,0xf8,0x07,
    0x76,0x0e,0x3a,0x27,0x35,0x30,0x00,0x35,0xe5,0x08,0x5a,0x18,0x3a,0x1d,0x2b,0x0e,
    0x71,0x50,0x11,0x8f,0x90,0x00,0x08,0x02,0x00,0x02,0xa0,0x14,0x02,0x02,0x00,0x47,
    0xef,0x00,0x00,0x22,0x8f,0x3a,0x01,0x02,0x00,0x23,0x30,0x4d,0x73,0x0a,0x04,0x02,
    0x00,0x35,0x3a,0x4d,0x2b,0x8b,0x05,0x01,0x02,0x00,0x21,0x43,0x4d,0x92,0x07,0x06,
    0x02,0x00,0x3a,0x48,0x48,0x27,0x80,0x09,0x55,0x48,0x3f,0x27,0x05,0x05,0x51,0x01,
    0x81,0x00,0x00,0x0a,0x48,0x30,0x22,0x05,0x0a,0x11,0x00,0x11,0x10,0xcd,0x08,0x55,
    0xef,0x9c,0x3d,0x1d,0x30,0xff,0x02,0xa1,0x40,0xff,0xff,0xb9,0x35,0x1d,0x18,0x00,
    0x39,0x9f,0xad,0x06,0x01,0xd7,0x55,0x42,0x0a,0x13,0x22,0x0e,0x30,0x03,0x03,0x02,
    0x00,0x41,0x0a,0x0e,0x13,0x05,0x45,0x0b,0x03,0x30,0x01,0x01,0x7f,0x0f,0x16,0x05,
    0x81,0x02,0x01,0x5d,0x15,0x0e,0xfa,0x03,0x0f,0x02,0x00,0x10,0x08,0xee,0x0c,0x1d,
    0xdf,0x30,0x00,0x01,0xb0,0x00,0x03,0x02,0x00,0x46,0x8f,0x00,0x00,0x05,0x33,0x10,
    0x11,0x18,0x6a,0x23,0x01,0x94,0x00,0x02,0x02,0x00,0x02,0x42,0x03,0x16,0x0a,0x94,
    0x00,0x11,0x18,0xee,0x02,0x02,0xf9,0x00,0x01,0x02,0x00,0x02,0xb6,0x0b,0x25,0x0a,
    0x0a,0xc0,0x04,0x01,0x14,0x01,0x02,0x6a,0x0a,0x0f,0x02,0x00,0x03,0x16,0xdf,0x73,
    0x5a,0x14,0xcf,0xa5,0x13,0x15,0x8f,0x69,0x05,0x11,0x10,0xd9,0x5e,0x0a,0xac,0x54,
    0x0c,0x02,0x00,0x05,0x30,0x01,0x0f,0x02,0x00,0x35,0x09,0x72,0x03,0x08,0x04,0x09,
    0x0f,0x1d,0x00,0x0c,0x0d,0xc2,0x0b,0x04,0x42,0x03,0x05,0x02,0x00,0x02,0xdd,0x15,
    0x07,0x02,0x00,0x06,0x4d,0x10,0x03,0xc0,0x04,0x06,0xa7,0x03,0x03,0x02,0x00,0x06,
    0xfe,0x02,0x02,0x02,0x00,0x34,0xdf,0xff,0xef,0x9b,0x0b,0x14,0x70,0x91,0x03,0x17,
    0xbf,0x38,0x04,0x11,0x10,0x3b,0x11,0x0f,0x0e,0x14,0x09,0x0f,0x30,0x01,0x3e,0x09,
    0xa3,0x29,0x0c,0x91,0x03,0x08,0x8f,0x03,0x02,0x7d,0x02,0x05,0x3f,0x02,0x03,0x49,
    0x02,0x06,0xe4,0x02,0x03,0x49,0x02,0x01,0xba,0x12,0x01,0x02,0x00,0x03,0xd9,0x07,
    0x02,0x67,0x02,0x07,0x02,0x00,0x24,0x22,0x18,0x60,0x02,0x02,0x15,0x00,0x2b,0x05,
    0x27,0xed,0x2a,0x33,0x0e,0x48,0x25,0x67,0x00,0x21,0x20,0x80,0xa0,0x04,0x54,0x0e,
    0x27,0x0a,0x0e,0x20,0x50,0x07,0x63,0xff,0xff,0xdf,0x00,0x18,0x22,0x6e,0x00,0xa6,
    0x00,0x30,0xcf,0xff,0xff,0xff,0x9f,0x00,0x1d,0x22,0x84,0x0e,0x01,0x02,0x00,0x22,
    0x1d,0x13,0x11,0x00,0x05,0x30,0x01,0x18,0x13,0x5f,0x13,0x02,0xa1,0x0f,0x0a,0x39,
    0x04,0x07,0x95,0x06,0x0f,0x02,0x00,0x0a,0x08,0x32,0x08,0x02,0x14,0x01,0x06,0x02,
    0x00,0x08,0x8f,0x03,0x01,0xc6,0x01,0x3a,0x22,0x4d,0x18,0x29,0x17,0x58,0x35,0x4d,
    0x13,0x13,0x13,0x7d,0x17,0x41,0x48,0x4d,0x1d,0x18,0x3a,0x11,0x04,0x02,0x00,0x48,
    0x4d,0x4d,0x35,0x22,0x7f,0x5c,0x51,0x13,0x4d,0x4d,0x48,0x22,0xe3,0x03,0x01,0xf0,
    0x05,0x78,0x00,0x00,0x27,0x4d,0x48,0x4d,0x1d,0xbe,0x07,0x58,0x99,0xff,0xff,0x7a,
    0x13,0x44,0x01,0x62,0x3a,0x4d,0x4d,0x4d,0x0e,0xe4,0xc0,0x16,0x61,0x30,0xff,0xff,
    0xaf,0x00,0x4d,0x67,0x06,0x01,0x62,0x00,0x01,0x43,0x26,0x37,0xcf,0x58,0x4d,0x86,
    0x11,0x02,0x59,0x33,0x02,0x49,0x11,0x04,0x30,0x01,0x38,0x13,0x4d,0x48,0x3f,0x0d,
    0x44,0x00,0x00,0x18,0x4d,0x1f,0x0a,0x03,0x02,0x00,0x33,0x22,0x4d,0x2b,0x1f,0x0a,
    0x03,0x02,0x00,0x3a,0x22,0x48,0x1d,0x70,0x03,0x21,0x22,0x2b,0xfc,0x01,0x01,0x37,
    0x05,0x03,0x02,0x00,0x0a,0x21,0x00,0x09,0xac,0x03,0x01,0xea,0x01,0x58,0x05,0x27,
    0x05,0x00,0x27,0x52,0x13,0x55,0x13,0x2b,0x05,0x00,0x3a,0x52,0x13,0x51,0x00,0x00,
    0x00,0x22,0x30,0x11,0x00,0x03,0x21,0x02,0x91,0x00,0x00,0x00,0x30,0x2b,0x0a,0x05,
    0x4d,0x4d,0xee,0x04,0x01,0x02,0x00,0x44,0x05,0x35,0x2b,0x18,0xb0,0x0a,0x01,0x11,
    0x00,0x66,0x0e,0x3a,0x2b,0x27,0x0a,0x4d,0x72,0x1c,0x55,0x20,0xff,0xff,0xff,0xe9,
    0x68,0x47,0xd2,0x00,0x00,0x00,0x00,0x1d,0x3a,0x22,0x30,0x18,0xbc,0xff,0xff,0x40,
    0xdf,0x01,0x74,0x80,0x00,0x2b,0x35,0x27,0x2b,0x13,0x4f,0x0e,0x83,0x60,0xff,0xff,
    0xff,0xde,0x45,0x2b,0x2b,0x47,0x2d,0x01,0x02,0x00,0x66,0x05,0x35,0x27,0x30,0x1d,
    0x0a,0x50,0x08,0x52,0x00,0x05,0x2b,0x18,0x2b,0x2f,0x05,0x03,0x02,0x00,0x36,0x05,
    0x27,0x0e,0x02,0x16,0x02,0x71,0x09,0x03,0xa2,0x29,0x03,0x02,0x00,0x3a,0x05,0x0a,
    0x0e,0x10,0x06,0x31,0x0e,0x0a,0x0a,0x33,0x03,0x08,0x63,0x09,0x0a,0x91,0x03,0x08,
    0x8f,0x03,0x06,0x9d,0x09,0x28,0x0e,0x27,0x3d,0x0f,0x56,0x00,0x00,0x00,0x0e,0x27,
    0x2d,0x3e,0x01,0x02,0x00,0x28,0x18,0x27,0x6d,0x10,0x01,0x89,0x19,0x08,0x6d,0x10,
    0x05,0xc0,0x04,0x01,0x0b,0x00,0x02,0x02,0x00,0x16,0x13,0xaf,0x16,0x01,0x90,0x00,
    0x2a,0x80,0x13,0xad,0x00,0x32,0x00,0x00,0x74,0xe3,0x02,0x1b,0x80,0x7b,0x26,0x03,
    0xeb,0x1a,0x0b,0x43,0x1d,0x05,0x6b,0x03,0x04,0x60,0x02,0x03,0x01,0x0e,0x05,0x02,
    0x00,0x15,0x0e,0x83,0x0d,0x03,0x02,0x00,0x18,0x22,0xfe,0x10,0x01,0xc1,0x21,0x0c,
    0x11,0x00,0x04,0xb0,0x08,0x0f,0x91,0x03,0x07,0x01,0xba,0x00,0x03,0x02,0x00,0x01,
    0x8f,0x03,0x03,0x02,0x00,0x0c,0xcb,0x00,0x0f,0x02,0x00,0x1f,0x01,0x55,0x00,0x03,
    0x60,0x02,0x0b,0x02,0x00,0x02,0xe1,0x0f,0x0e,0xdf,0x34,0x12,0x40,0xce,0x01,0x12,
    0x80,0x67,0x02,0x09,0x02,0x00,0x11,0x60,0xc4,0x04,0x09,0x13,0x00,0x04,0x02,0x00,
    0x04,0x30,0x01,0x04,0x10,0x00,0x04,0x02,0x00,0x08,0xc1,0x08,0x01,0x02,0x00,0x03,
    0x90,0x05,0x06,0x02,0x00,0x01,0x7c,0x03,0x08,0x02,0x00,0x05,0x02,0x0c,0x0f,0x91,
    0x03,0x06,0x08,0x19,0x00,0x01,0x8f,0x03,0x04,0x02,0x00,0x05,0xbf,0x01,0x03,0x02,
    0x00,0x01,0xa8,0x02,0x08,0x02,0x00,0x0d,0xc0,0x30,0x05,0xa1,0x0c,0x02,0xf5,0x08,
    0x08,0x30,0x01,0x01,0x61,0x08,0x33,0x00,0x0e,0x2b,0x7d,0x0b,0x87,0x9f,0xff,0xff,
    0x9f,0xaf,0xff,0xff,0xaf,0xc5,0x22,0x01,0x89,0x08,0x12,0x10,0x61,0x01,0x42,0x9f,
    0xff,0xff,0x30,0xe7,0x31,0x25,0x05,0x3a,0x3e,0x04,0x5a,0x60,0xff,0xff,0xff,0x60,
    0xc2,0x10,0x02,0xa4,0x04,0x1a,0x22,0x30,0x01,0x03,0x93,0x33,0x06,0x02,0x00,0x0d,
    0x98,0x21,0x0c,0xf9,0x48,0x24,0x05,0x43,0xf7,0x03,0x03,0x02,0x00,0x3f,0x0a,0x48,
    0x35,0x47,0x02,0x05,0x02,0x6c,0x00,0x02,0x02,0x00,0x03,0x8f,0x03,0x66,0x3f,0x2b,
    0x27,0x2b,0x00,0x00,0x2a,0x04,0x58,0x0e,0x4d,0x27,0x22,0x18,0x8c,0x01,0x55,0x22,
    0x4d,0x2b,0x22,0x0e,0x06,0x33,0x01,0xb6,0x10,0x11,0x30,0x8e,0x15,0x05,0x3d,0x04,
    0x43,0x3f,0x4d,0x2b,0x0e,0x50,0x08,0x01,0x21,0x00,0x11,0x05,0xed,0x18,0x05,0x11,
    0x45,0xb1,0x50,0xff,0xff,0xff,0x63,0x50,0xef,0xff,0xff,0xa1,0x53,0x1f,0x00,0x42,
    0x00,0x00,0x00,0x1d,0xe3,0x3e,0x02,0x30,0x01,0x51,0xbf,0xff,0xff,0x00,0x22,0x11,
    0x00,0x16,0x0a,0xe3,0x05,0x72,0x30,0xa6,0xff,0xff,0xef,0x20,0x13,0xe3,0x05,0x01,
    0xe8,0x10,0x01,0x24,0x4c,0x32,0x27,0x4d,0x35,0xc4,0x00,0x31,0x80,0x00,0x3a,0xb3,
    0x3d,0x07,0xd8,0x14,0x11,0x3f,0xba,0x2a,0x01,0x69,0x46,0x02,0x02,0x00,0x31,0x35,
    0x3a,0x13,0x89,0x3a,0x05,0xa9,0x00,0x01,0xed,0x0b,0x07,0xc8,0x22,0x11,0x05,0x62,
    0x3f,0x38,0x13,0x4d,0x43,0x91,0x03,0x08,0x24,0x03,0x08,0xbd,0x10,0x12,0xa3,0x53,
    0x02,0x23,0x3a,0x27,0x99,0x30,0x21,0x05,0x18,0x0f,0x02,0x22,0x0e,0x48,0x84,0x18,
    0x23,0x00,0x00,0xaf,0x07,0x33,0x1d,0x4d,0x27,0x88,0x06,0x03,0xe1,0x02,0x33,0x2b,
    0x4d,0x27,0x83,0x00,0x03,0x03,0x08,0x42,0x3f,0x4d,0x30,0x43,0x30,0x01,0x11,0xc4,
    0x43,0x00,0x31,0x05,0x48,0x4d,0x89,0x00,0xe8,0x00,0x00,0x00,0x0a,0x00,0x30,0xbf,
    0xff,0xff,0xff,0xbc,0x48,0x22,0x89,0xc0,0x62,0x21,0x18,0x4d,0x1f,0x2b,0x32,0xef,
    0xff,0xef,0xa5,0x19,0x31,0x00,0x22,0x4d,0xed,0x24,0x02,0x32,0x08,0x01,0x13,0x11,
    0x53,0x4d,0xd3,0xff,0xff,0xbf,0x0f,0x27,0x02,0x30,0x01,0x01,0x60,0x42,0x24,0x13,
    0x05,0x30,0x01,0x31,0x3f,0x43,0x2b,0x9b,0x42,0x01,0x73,0x00,0x01,0x9f,0x04,0x01,
    0xfc,0x19,0x03,0xa5,0x00,0x01,0x33,0x00,0x01,0x99,0x0c,0x12,0x0e,0xac,0x00,0x01,
    0x11,0x00,0x01,0xf4,0x04,0x06,0x11,0x00,0x03,0xca,0x28,0x13,0x13,0x9e,0x0c,0x03,
    0x02,0x00,0x05,0xf5,0x0f,0x01,0x53,0x0b,0x05,0x02,0x00,0x14,0x6e,0xfe,0x04,0x03,
    0xf6,0x00,0x14,0x30,0xfe,0x04,0x04,0xb6,0x00,0x15,0x35,0xe6,0x12,0x02,0x5a,0x01,
    0x04,0xe0,0x26,0x06,0x02,0x00,0x03,0x6a,0x01,0x01,0x02,0x00,0x01,0x58,0x00,0x12,
    0xd3,0xeb,0x02,0x02,0x90,0x03,0x61,0x00,0x00,0x00,0x0e,0x58,0xb3,0x9d,0x20,0x21,
    0x2a,0x05,0x77,0x03,0x51,0xff,0xff,0xef,0xa6,0x23,0x19,0x00,0x02,0x52,0x00,0x94,
    0xbf,0xff,0xff,0x0e,0x43,0x00,0xbf,0xff,0xff,0x11,0x00,0x01,0xc6,0x03,0x01,0x07,
    0x00,0x02,0xc5,0x1a,0x1a,0x60,0x01,0x01,0x01,0x02,0x00,0x04,0x30,0x01,0x01,0x0d,
    0x00,0x0f,0x02,0x00,0x35,0x08,0x67,0x09,0x15,0x50,0x55,0x00,0x08,0x4e,0x08,0x11,
    0xef,0xbe,0x02,0x07,0x02,0x00,0x03,0x42,0x2e,0x06,0x02,0x00,0x16,0x27,0xfa,0x1b,
    0x02,0x02,0x00,0x22,0x35,0x48,0xe7,0x00,0x05,0x02,0x00,0x01,0xe0,0x02,0x03,0x02,
    0x00,0x01,0x30,0x01,0x11,0xce,0xc1,0x01,0x06,0x02,0x00,0x24,0x25,0xf4,0x72,0x4d,
    0x32,0x00,0x00,0x00,0xcb,0x65,0x08,0xc6,0x05,0x79,0xbf,0xff,0xff,0x05,0x22,0x00,
    0xaf,0x4b,0x05,0x06,0xb7,0x05,0x13,0x60,0x68,0x25,0x11,0x05,0x3e,0x00,0x05,0x02,
    0x00,0x0f,0x30,0x01,0x42,0x08,0x44,0x0e,0x06,0x52,0x08,0x11,0x50,0xd5,0x00,0x02,
    0x02,0x00,0x02,0xb8,0x00,0x03,0x5c,0x02,0x06,0x02,0x00,0x05,0x1b,0x02,0x0f,0x02,
    0x00,0x1d,0x01,0x56,0x00,0x08,0xfc,0x03,0x04,0x87,0x00,0x15,0xef,0xc4,0x05,0x01,
    0x89,0x0a,0x08,0x23,0x00,0x01,0x5a,0x02,0x0f,0x20,0x07,0x02,0x01,0x02,0x00,0x1f,
    0xbf,0x47,0x02,0x02,0x0f,0x30,0x01,0x42,0x02,0xc3,0x07,0x02,0x02,0x00,0x11,0xcf,
    0x7d,0x00,0x03,0xd9,0x0e,0x05,0x02,0x00,0x02,0x4b,0x14,0x2a,0x3a,0x4d,0xe3,0x09,
    0x35,0x00,0x48,0x48,0xdf,0x00,0x02,0x02,0x00,0x11,0x48,0x27,0x04,0x07,0x02,0x00,
    0x15,0x48,0xcc,0x3e,0x03,0x02,0x00,0x11,0x3a,0x55,0x1b,0x01,0x59,0x00,0x02,0x0d,
    0x01,0x15,0x30,0x8a,0x29,0x02,0xc5,0x27,0x44,0x8f,0x40,0x48,0x13,0xa6,0x58,0x02,
    0x23,0x62,0x12,0x3a,0xaa,0x02,0x11,0xcf,0xe1,0x0b,0x5b,0x80,0xff,0xff,0x40,0x48,
    0x3d,0x09,0x01,0xe4,0x57,0x13,0x40,0x61,0x02,0x02,0x44,0x18,0x04,0xbb,0x02,0x03,
    0x30,0x01,0x07,0xf8,0x24,0x02,0x02,0x00,0x32,0x18,0x43,0x05,0x09,0x00,0x04,0x02,
    0x00,0x1b,0x18,0xca,0x00,0x0e,0x52,0x14,0x06,0x6c,0x10,0x09,0x28,0x1a,0x05,0xc1,
    0x04,0x08,0x01,0x16,0x11,0x20,0x57,0x00,0x12,0x22,0xac,0x40,0x06,0x02,0x00,0x1c,
    0x27,0x42,0x3c,0x23,0x22,0x4d,0xb8,0x12,0x04,0x02,0x00,0x16,0x27,0xc5,0x06,0x02,
    0x02,0x00,0x11,0x2b,0xc5,0x06,0x07,0x30,0x01,0x02,0x9b,0x05,0x01,0x02,0x00,0x01,
    0x53,0x02,0x43,0xff,0xf4,0x90,0x27,0x23,0x04,0x01,0xac,0x11,0x05,0xd4,0x39,0x02,
    0xcc,0x01,0x47,0x60,0xff,0xff,0x89,0xc5,0x06,0x01,0x02,0x00,0x02,0xe5,0x39,0x14,
    0xbf,0xd7,0x01,0x08,0x0d,0x37,0x03,0x30,0x01,0x03,0xea,0x2b,0x06,0x02,0x00,0x08,
    0x0c,0x13,0x01,0x02,0x00,0x1a,0x27,0x0d,0x0d,0x0f,0x88,0x5f,0x00,0x05,0x68,0x17,
    0x03,0x5e,0x05,0x03,0x02,0x00,0x04,0xc1,0x04,0x08,0xbf,0x04,0x04,0x58,0x0e,0x06,
    0x2f,0x04,0x03,0x02,0x00,0x0d,0xa2,0x03,0x06,0x4f,0x06,0x03,0x02,0x00,0x0c,0x2e,
    0x1e,0x02,0xba,0x39,0x01,0x6c,0x00,0x02,0x60,0x02,0x27,0x0a,0x27,0xe8,0x04,0x01,
    0xb6,0x04,0x21,0xf4,0x15,0xc7,0x14,0x05,0x35,0x75,0x02,0x2a,0x12,0x12,0x00,0x31,
    0x00,0x42,0x40,0xff,0xff,0x9f,0x4a,0x2e,0x07,0x02,0x00,0x01,0xf1,0x4f,0x12,0x40,
    0x51,0x01,0x01,0x02,0x00,0x05,0x93,0x1e,0x03,0x30,0x01,0x07,0x3b,0x07,0x02,0x02,
    0x00,0x06,0x28,0x10,0x04,0x02,0x00,0x07,0x86,0x00,0x0f,0x02,0x00,0x0e,0x08,0xab,
    0x04,0x04,0xc1,0x04,0x02,0x6a,0x00,0x02,0x02,0x00,0x02,0xbf,0x04,0x0f,0x02,0x00,
    0x38,0x01,0x57,0x00,0x02,0x30,0x01,0x0b,0x02,0x00,0x7a,0x20,0xcf,0xff,0xff,0x9f,
    0x00,0xbf,0x51,0x0c,0x01,0xf0,0x01,0x03,0xf5,0x0c,0x07,0x16,0x01,0x0b,0x02,0x00,
    0x14,0xdf,0x08,0x03,0x07,0x02,0x00,0x02,0xc6,0x00,0x0f,0xd9,0x04,0x00,0x0f,0x02,
    0x00,0x2a,0x08,0x4c,0x02,0x04,0xc6,0x00,0x08,0x7e,0x09,0x71,0x60,0x00,0x00,0x18,
    0x3a,0x0a,0x18,0x1f,0x23,0x04,0x02,0x00,0x41,0x18,0x30,0x00,0x1d,0x07,0x09,0x04,
    0x02,0x00,0x2b,0x18,0x1d,0x27,0x28,0x49,0x18,0x0e,0x00,0x30,0xd3,0x27,0x33,0x0e,
    0x05,0x00,0xde,0x17,0x03,0x30,0x01,0x4b,0x05,0x00,0x05,0x35,0x79,0x18,0x66,0x05,
    0x4b,0xff,0xff,0xff,0x80,0xd3,0x02,0x23,0x00,0x05,0x34,0x05,0x13,0x50,0xf7,0x00,
    0x17,0xcf,0x33,0x04,0x02,0x02,0x00,0x04,0x2c,0x02,0x14,0x70,0x65,0x01,0x07,0x07,
    0x03,0x02,0x30,0x01,0x1f,0x84,0x3d,0x02,0x19,0x0f,0x02,0x00,0x11,0x08,0xac,0x04,
    0x03,0x30,0x00,0x08,0x5d,0x21,0x11,0x20,0x00,0x1d,0x19,0x27,0x8e,0x16,0x47,0x35,
    0x4d,0x0a,0x35,0x56,0x10,0x6a,0x00,0x00,0x35,0x43,0x00,0x3a,0x11,0x00,0x28,0x22,
    0x00,0x99,0x10,0x62,0x00,0x00,0x2b,0x0e,0x00,0x4d,0x33,0x06,0x03,0x30,0x01,0x37,
    0x22,0x00,0x0e,0x93,0x24,0x81,0x00,0x00,0x00,0x0e,0x00,0x13,0x4d,0xa6,0x1d,0x00,
    0x02,0x62,0x06,0x01,0xde,0x0b,0x02,0x65,0x1b,0x04,0x69,0x0f,0x46,0x9f,0xff,0xff,
    0x6d,0x55,0x0a,0x53,0x00,0x00,0x00,0x05,0x30,0xfe,0x10,0x13,0x20,0xed,0x01,0x23,
    0x0e,0x3f,0x33,0x0b,0x05,0x50,0x1b,0x1b,0xa6,0xed,0x08,0x22,0x22,0x43,0x0f,0x11,
    0x04,0x48,0x00,0x31,0x05,0x22,0x3f,0x96,0x01,0x05,0x5f,0x04,0x13,0x05,0x91,0x2d,
    0x21,0x18,0x18,0x46,0x00,0x42,0x00,0x00,0x0a,0x27,0x10,0x06,0x12,0x22,0x11,0x00,
    0x08,0x13,0x0d,0x12,0x40,0x23,0x00,0x07,0x3d,0x0e,0x11,0xdf,0x1b,0x0b,0x31,0x00,
    0x22,0x30,0xac,0x05,0x03,0x02,0x00,0x58,0x05,0x0a,0x00,0x30,0x35,0x11,0x00,0x56,
    0x00,0x00,0x00,0x3a,0x3a,0xaa,0x00,0x01,0x24,0x11,0x2a,0x43,0x43,0x11,0x00,0x51,
    0x1d,0x43,0x4d,0x4d,0x13,0x8c,0x04,0x03,0x26,0x32,0x22,0x30,0x48,0x11,0x00,0x05,
    0x02,0x00,0x43,0x43,0x4d,0x58,0xe9,0x73,0x00,0x01,0x02,0x00,0x31,0x0a,0x4d,0x4d,
    0xcb,0x0c,0x05,0x58,0x15,0x44,0x59,0xff,0xff,0xbc,0x3d,0x0b,0x01,0x02,0x00,0x21,
    0x30,0x4d,0x71,0x26,0x02,0xb7,0x06,0x01,0xbb,0x0b,0x12,0x4d,0x54,0x00,0x16,0x05,
    0x30,0x01,0x02,0x87,0x06,0x04,0x35,0x07,0x21,0x13,0x4d,0xb4,0x26,0x24,0x00,0x0e,
    0xe4,0x05,0x13,0x22,0x43,0x00,0x12,0x27,0x42,0x0b,0x51,0x00,0x00,0x27,0x4d,0x3f,
    0xa8,0x00,0x14,0x3a,0x6a,0x00,0x22,0x35,0x4d,0xb1,0x52,0x03,0xf1,0x00,0x08,0xba,
    0x11,0x02,0x39,0x04,0x08,0x64,0x08,0x03,0x2d,0x11,0x01,0x37,0x5c,0x01,0x99,0x00,
    0x03,0x02,0x00,0x13,0x05,0x23,0x0c,0x05,0x02,0x00,0x34,0x05,0x0e,0x30,0xb3,0x01,
    0x02,0x02,0x00,0x23,0x05,0x13,0xa1,0x1e,0x03,0x02,0x00,0x31,0x05,0x0e,0x22,0xa2,
    0x03,0x05,0x30,0x01,0x2a,0x0e,0x13,0xb3,0x03,0x51,0x00,0x18,0x1d,0x35,0x6d,0x3e,
    0x0f,0x03,0x32,0x00,0x31,0x00,0x27,0x18,0x82,0x08,0x14,0x00,0x44,0x01,0x49,0x15,
    0xff,0xff,0xf4,0x87,0x00,0x42,0x18,0x3a,0x22,0x3a,0x76,0x00,0x12,0x9f,0xed,0x01,
    0x44,0x27,0x3a,0x22,0x30,0x2e,0x08,0x02,0x90,0x03,0x29,0x98,0x1d,0xea,0x16,0x33,
    0x05,0x35,0x35,0x28,0x02,0x03,0x02,0x00,0x35,0x0a,0x3a,0x2b,0x22,0x06,0x01,0x02,
    0x00,0x21,0x18,0x3a,0x43,0x06,0x06,0x61,0x1b,0x22,0x1d,0x3a,0x4f,0x08,0x03,0xce,
    0x0c,0x08,0x31,0x2e,0x11,0x9f,0x32,0x00,0x08,0x03,0x06,0x0f,0x2f,0x05,0x3d,0x07,
    0x30,0x01,0x0f,0x02,0x00,0x02,0x13,0x8f,0x8b,0x0f,0x08,0x02,0x00,0x14,0x50,0x99,
    0x00,0x26,0x00,0xaf,0xc4,0x07,0x0b,0x02,0x00,0x05,0xc1,0x04,0x06,0x02,0x00,0x02,
    0x30,0x01,0x0f,0xc1,0x00,0x44,0x02,0x02,0x00,0x02,0xb2,0x0a,0x12,0x80,0x0d,0x00,
    0x01,0x02,0x00,0x1b,0x49,0x10,0x14,0x08,0x08,0x2f,0x02,0x02,0x00,0x05,0xaa,0x50,
    0x04,0x02,0x00,0x11,0x13,0xca,0x1b,0x07,0xe8,0x11,0x02,0x56,0x37,0x04,0x11,0x0c,
    0x01,0x57,0x00,0x17,0xbf,0x1b,0x54,0x01,0x6e,0x0f,0x46,0x00,0x00,0x00,0x05,0xf9,
    0x11,0x02,0x02,0x00,0x04,0x06,0x15,0xb2,0x9f,0xff,0xff,0x60,0x60,0x9f,0xbf,0xbf,
    0xaf,0x74,0x78,0x3a,0x00,0x05,0x02,0x00,0x03,0x6f,0x08,0x02,0x7d,0x03,0x1b,0x8f,
    0x21,0x7f,0x0f,0x30,0x01,0x03,0x02,0x2d,0x10,0x07,0x02,0x00,0x06,0x0f,0x16,0x03,
    0x02,0x00,0x01,0x8d,0x00,0x0f,0x02,0x00,0x08,0x11,0xbf,0xc2,0x00,0x02,0x02,0x00,
    0x01,0x27,0x00,0x08,0x54,0x0e,0x14,0x1a,0x3e,0x0e,0x04,0x46,0x00,0x12,0x0a,0x19,
    0x07,0x15,0x0a,0x89,0x06,0x11,0x0a,0x40,0x05,0x15,0x0a,0x87,0x18,0x21,0x00,0x0e,
    0x1f,0x05,0x25,0x27,0x30,0x90,0x09,0x02,0x4c,0x1e,0x31,0x3a,0x27,0x18,0x3b,0x03,
    0x01,0x69,0x00,0x65,0xbf,0x00,0x00,0x00,0x4d,0x2b,0xc5,0x2b,0x01,0x43,0x03,0x38,
    0x13,0x4d,0x2b,0x90,0x09,0x01,0x68,0x06,0x22,0x22,0x05,0x50,0x0f,0x03,0x52,0x05,
    0x12,0xf4,0x81,0x06,0x05,0x02,0x00,0x24,0x48,0x4d,0x65,0x00,0x13,0x10,0x54,0x00,
    0x13,0x43,0x36,0x03,0x02,0x43,0x01,0x41,0xff,0xff,0xff,0x93,0x42,0x13,0x05,0x02,
    0x00,0x25,0x13,0x4d,0x75,0x00,0x02,0x02,0x00,0x01,0x2c,0x2a,0x08,0x02,0x00,0x14,
    0x13,0xb8,0x04,0x04,0x02,0x00,0x09,0xd8,0x1f,0x0b,0xfd,0x0c,0x01,0xeb,0x00,0x07,
    0x32,0x07,0x04,0xae,0x0a,0x23,0x00,0x1d,0x28,0x29,0x05,0x02,0x00,0x11,0x30,0x15,
    0x05,0x07,0x02,0x00,0x0c,0x01,0x0c,0x12,0x00,0x69,0x05,0x05,0x02,0x00,0x22,0x05,
    0x18,0xf0,0x0b,0x01,0xc6,0x00,0x11,0xbf,0xcc,0x16,0x03,0x42,0x05,0x04,0x02,0x00,
    0x17,0x13,0xf0,0x0b,0x01,0x33,0x06,0x11,0x1d,0xee,0x06,0x08,0x61,0x05,0x15,0xff,
    0x9b,0x03,0x01,0x02,0x00,0x25,0x18,0x1d,0xf0,0x0b,0x02,0x54,0x00,0x11,0x18,0x6c,
    0x35,0x02,0x02,0x00,0x02,0x60,0x02,0x15,0x8e,0x4e,0x11,0x02,0x02,0x00,0x1c,0x13,
    0x2f,0x10,0x23,0x0a,0x1d,0x75,0x12,0x05,0x02,0x00,0x14,0x22,0xfb,0x05,0x04,0x02,
    0x00,0x0a,0x47,0x36,0x08,0x90,0x00,0x01,0xe2,0x0b,0x01,0x97,0x00,0x02,0x02,0x00,
    0x04,0x92,0x09,0x4a,0x00,0x0a,0x30,0x0a,0xbb,0x02,0x01,0x18,0x35,0x01,0x31,0x02,
    0x03,0x02,0x00,0x36,0x27,0x35,0x05,0x86,0x02,0x01,0x65,0x08,0x19,0x35,0x96,0x03,
    0x21,0x00,0x0a,0x84,0x2c,0x02,0x00,0x13,0x01,0x58,0x00,0x14,0x13,0xbc,0x02,0x02,
    0x02,0x00,0x35,0x60,0xaf,0x4d,0x19,0x12,0x03,0x02,0x00,0x01,0xfa,0x10,0x01,0xff,
    0x1f,0x25,0xbf,0x50,0x39,0x3b,0x03,0xc5,0x07,0x02,0x02,0x00,0x05,0x7b,0x5a,0x03,
    0x4d,0x04,0x07,0xda,0x37,0x02,0x30,0x01,0x1c,0x84,0xe6,0x09,0x0d,0xe2,0x35,0x11,
    0x0a,0x50,0x08,0x07,0x02,0x00,0x01,0xe3,0x2e,0x08,0x02,0x00,0x04,0x4b,0x04,0x02,
    0x02,0x00,0x08,0xf1,0x05,0x1f,0x80,0x10,0x00,0x00,0x05,0x02,0x00,0x2a,0x30,0x4d,
    0x68,0x19,0x07,0xfc,0x4d,0x03,0x02,0x00,0x0c,0x64,0x02,0x11,0x05,0xe7,0x2c,0x07,
    0x02,0x00,0x31,0x0a,0x48,0x3a,0x89,0x01,0x01,0x30,0x01,0x01,0x1f,0x0f,0x14,0x48,
    0xea,0x07,0x12,0x00,0x8d,0x07,0x2b,0x13,0x43,0x51,0x04,0x01,0xcf,0x01,0x02,0x89,
    0x06,0x02,0x0c,0x00,0x15,0xc9,0xd6,0x22,0x01,0xc7,0x03,0x42,0x00,0x00,0x13,0x13,
    0x74,0x08,0x02,0x52,0x00,0x02,0x1d,0x0b,0x05,0x90,0x03,0x01,0xf0,0x05,0x04,0x4d,
    0x04,0x0f,0x02,0x00,0x33,0x01,0xc2,0x00,0x02,0x02,0x00,0x15,0xaf,0x68,0x00,0x02,
    0x02,0x00,0x18,0x59,0x62,0x00,0x16,0x30,0x47,0x5e,0x02,0x81,0x00,0x13,0x35,0x20,
    0x09,0x05,0x86,0x3c,0x15,0x43,0x83,0x0a,0x11,0x27,0xf8,0x07,0x34,0x05,0x48,0x48,
    0x66,0x08,0x11,0x35,0x07,0x01,0x24,0x0a,0x4d,0x30,0x01,0x12,0x0e,0xb8,0x56,0x24,
    0x0e,0x4d,0x23,0x26,0x12,0x22,0x46,0x01,0x06,0x30,0x01,0x21,0x35,0x48,0xf7,0x00,
    0x13,0xdf,0xaf,0x09,0x51,0x00,0x00,0x43,0x48,0x00,0xd5,0x1e,0x13,0x88,0x95,0x00,
    0x22,0x05,0x48,0x6b,0x04,0x05,0x30,0x01,0x04,0x8f,0x6e,0x02,0xb3,0x04,0x02,0x60,
    0x02,0x0a,0x30,0x01,0x04,0xfb,0x16,0x05,0x02,0x00,0x11,0x18,0x9d,0x06,0x07,0x02,
    0x00,0x06,0x43,0x06,0x03,0x02,0x00,0x06,0x30,0x40,0x03,0x02,0x00,0x22,0x18,0xd4,
    0x1c,0x01,0x22,0xff,0xff,0xd4,0x02,0x08,0x1f,0x07,0x09,0xfc,0x02,0x35,0x00,0x13,
    0x18,0xdb,0x01,0x02,0xbc,0x18,0x21,0x0e,0x18,0x17,0x01,0x01,0x78,0x03,0x64,0x0e,
    0x0a,0x00,0x00,0x05,0x0a,0x5e,0x00,0x21,0x18,0x0e,0xe8,0x0e,0x22,0x05,0x05,0xbc,
    0x00,0x43,0x00,0x00,0x27,0x0a,0x12,0x16,0x01,0x69,0x00,0x4b,0xbf,0x00,0x0a,0x3a,
    0x2e,0x5f,0x41,0x18,0xff,0xff,0xc4,0x54,0x01,0x04,0x02,0x00,0x52,0x27,0x35,0x00,
    0x0e,0x0e,0xa1,0x13,0x01,0x27,0x04,0x51,0x00,0x3a,0x3a,0x00,0x2e,0x7c,0x15,0x02,
    0x33,0x11,0x46,0x00,0x05,0x43,0x35,0x56,0x2e,0x71,0xef,0xff,0xef,0x00,0x0a,0x43,
    0x22,0x76,0x00,0x02,0x02,0x00,0x03,0x30,0x01,0x08,0x34,0x04,0x21,0x00,0x0e,0x03,
    0x0a,0x07,0x02,0x00,0x02,0xbc,0x07,0x07,0x02,0x00,0x02,0x9d,0x06,0x07,0x02,0x00,
    0x04,0xc1,0x00,0x05,0x02,0x00,0x1b,0x0a,0x21,0x07,0x01,0xc4,0x01,0x03,0x02,0x00,
    0x05,0x25,0x00,0x02,0xe3,0x0a,0x07,0x02,0x00,0x0d,0x6a,0x03,0x02,0x8b,0x0b,0x06,
    0x02,0x00,0x1b,0x18,0x69,0x05,0x22,0x00,0x27,0x11,0x00,0x01,0x5a,0x00,0x01,0x90,
    0x03,0x1a,0x35,0x01,0x0c,0x3c,0xff,0xff,0xd3,0x55,0x06,0x31,0x4d,0x4d,0x2e,0x1a,
    0x07,0x04,0x56,0x00,0x34,0x0e,0x4d,0xde,0xd6,0x01,0x02,0x02,0x00,0x06,0xcb,0x51,
    0x03,0x54,0x00,0x21,0x22,0x4d,0xb3,0x06,0x06,0x30,0x27,0x1c,0xa1,0x54,0x00,0x22,
    0x30,0x4d,0x1d,0x03,0x05,0x02,0x00,0x1c,0x35,0xdf,0x05,0x19,0x30,0xe2,0x0a,0x02,
    0xcd,0x0d,0x01,0x08,0x00,0x03,0x02,0x00,0x08,0x51,0x02,0x19,0x20,0x60,0x08,0x06,
    0x9a,0x2f,0x07,0xe3,0x1a,0x02,0x02,0x00,0x02,0x0e,0x3e,0x06,0x02,0x00,0x12,0x05,
    0xac,0x4d,0x06,0x02,0x00,0x16,0x0a,0x9a,0x04,0x02,0x02,0x00,0x03,0x99,0x06,0x06,
    0x30,0x01,0x0b,0xe3,0x1a,0x31,0xef,0xff,0xf4,0x2f,0x14,0x07,0x02,0x00,0x31,0x3f,
    0x48,0xc9,0x2f,0x00,0x04,0x13,0x00,0x31,0x0a,0x48,0xde,0x5c,0x08,0x16,0x9f,0x11,
    0x00,0x04,0xf2,0x02,0x03,0x30,0x01,0x15,0x18,0x83,0x14,0x01,0x19,0x12,0x31,0xff,
    0xff,0x98,0xef,0x08,0x07,0x02,0x00,0x1c,0x18,0x63,0x02,0x09,0x58,0x3b,0x01,0x43,
    0x13,0x09,0xe7,0x02,0x0e,0xb4,0x09,0x01,0x46,0x05,0x03,0x02,0x00,0x19,0x40,0x4f,
    0x08,0x02,0xc7,0x19,0x03,0x02,0x00,0x24,0x18,0x18,0xb8,0x04,0x03,0xc0,0x20,0x01,
    0x82,0x03,0x01,0x1d,0x00,0x03,0x74,0x1c,0x24,0x0e,0x05,0x11,0x00,0x07,0x63,0x0c,
    0x02,0xce,0x01,0x12,0x27,0x07,0x00,0x01,0xd7,0x05,0x47,0xff,0xff,0xff,0xbf,0xe6,
    0x0a,0x02,0x97,0x09,0x22,0x1d,0x35,0x75,0x16,0x32,0x00,0x00,0x00,0x51,0x21,0x22,
    0x27,0x35,0xa8,0x16,0xb1,0xef,0xbf,0xff,0xff,0x35,0x00,0x00,0x00,0x00,0x3a,0x35,
    0x67,0x09,0x23,0xcf,0x40,0xb9,0x0d,0x16,0x0a,0xd1,0x15,0x72,0x1d,0x3a,0x49,0xff,
    0xff,0x9f,0x0e,0x1b,0x0a,0x01,0xdf,0x0f,0x23,0x35,0x05,0x30,0x01,0x01,0xc0,0x04,
    0x22,0x00,0x05,0x42,0x18,0x06,0xae,0x04,0x03,0xad,0x07,0x06,0x23,0x23,0x12,0x18,
    0xdf,0x01,0x04,0x50,0x04,0x31,0x00,0x00,0x1d,0x9a,0x1a,0x07,0x8f,0x03,0x12,0x27,
    0xa9,0x1f,0x13,0x0e,0x59,0x00,0x02,0x02,0x00,0x13,0x60,0x01,0x02,0x02,0x02,0x00,
    0x13,0xb3,0x9f,0x04,0x01,0x02,0x00,0x24,0x43,0x43,0xf7,0x00,0x03,0xbc,0x0b,0x24,
    0x4d,0x30,0xc8,0x0e,0x03,0x25,0x0a,0x42,0x4d,0x18,0x00,0x00,0xf0,0x01,0x12,0x30,
    0x1f,0x01,0x14,0x4d,0x14,0x3f,0x13,0x05,0xe6,0x01,0x13,0x22,0x5f,0x00,0x14,0xbf,
    0x79,0x05,0x41,0x13,0x00,0x00,0x35,0x42,0x03,0x31,0x27,0x48,0xa4,0xae,0x01,0x41,
    0x00,0x00,0x00,0x48,0x10,0x03,0x22,0x35,0x48,0x83,0x04,0x23,0x50,0x70,0x50,0x02,
    0x21,0x48,0x3f,0x0b,0x03,0x11,0x9f,0x26,0x07,0x13,0x60,0xee,0x2f,0x02,0x02,0x00,
    0x67,0x3a,0x4d,0x73,0xff,0xff,0x80,0x79,0x21,0x24,0x48,0x4d,0xd7,0x00,0x02,0x30,
    0x01,0x03,0x4c,0x1c,0x15,0x1d,0xce,0x16,0x03,0x2b,0x34,0x12,0x1d,0xaf,0x00,0x01,
    0x2e,0x04,0x01,0x3d,0x06,0x06,0x5d,0x0e,0x12,0x35,0xda,0x03,0x02,0x3c,0x0e,0x01,
    0xb0,0x01,0x02,0xee,0x08,0x19,0x1d,0x60,0x0f,0x19,0x80,0x11,0x13,0x02,0x6d,0x00,
    0x03,0xd1,0x05,0x01,0x87,0x06,0x05,0x02,0x00,0x24,0x0e,0x0a,0x4f,0x1b,0x03,0x02,
    0x00,0x28,0x13,0x05,0xf7,0x31,0x0f,0x8a,0x2b,0x07,0x01,0x8a,0x01,0x01,0xc0,0x04,
    0x0b,0x39,0x0b,0x43,0x80,0xff,0xff,0x69,0x4c,0x00,0x03,0x02,0x00,0x51,0x30,0xef,
    0xff,0xff,0x9f,0x9f,0x00,0x03,0x84,0x0f,0x21,0x30,0xef,0x54,0x01,0x15,0x9f,0x96,
    0x0f,0x12,0x05,0x3c,0x09,0x31,0x0a,0x13,0x8f,0x19,0x00,0x02,0x3e,0x55,0x52,0x00,
    0x00,0x00,0x0e,0x13,0x6d,0x01,0x32,0xff,0xff,0x89,0x7c,0x04,0x33,0x18,0x13,0x00,
    0x2f,0x0a,0x12,0x05,0xcb,0x01,0x26,0x22,0x13,0x8f,0x2f,0x01,0x39,0x00,0x27,0x27,
    0x0e,0xa4,0x1b,0x13,0x00,0x96,0x38,0x05,0x19,0x50,0x04,0x4a,0x2c,0x24,0x35,0x27,
    0x23,0x03,0x02,0x02,0x00,0x19,0x8f,0x6e,0x02,0x02,0xb0,0x10,0x01,0xcc,0x07,0x05,
    0x9a,0x01,0x02,0x02,0x00,0x01,0x68,0x18,0x08,0x02,0x00,0x12,0x1d,0xce,0x05,0x06,
    0x02,0x00,0x04,0xbd,0x1d,0x05,0x02,0x00,0x03,0xb4,0x40,0x01,0x68,0x00,0x01,0x30,
    0x01,0x1a,0x4d,0x23,0x0c,0x42,0x40,0xff,0xff,0xbc,0xdd,0x00,0x03,0x02,0x00,0x26,
    0x30,0xef,0xb1,0x07,0x72,0x80,0x10,0x00,0x00,0x10,0x70,0xef,0xf2,0x08,0x32,0x00,
    0x9f,0xff,0x2f,0x0e,0x04,0x44,0x06,0x01,0x45,0x04,0x11,0x10,0x25,0x0b,0x02,0x05,
    0x02,0x06,0xf0,0x05,0x17,0xa6,0xbe,0x0b,0x01,0x2e,0x03,0x07,0x32,0x23,0x11,0x0a,
    0xe8,0x03,0x11,0x48,0x06,0x00,0x01,0x02,0x00,0x02,0xb0,0x03,0x16,0x48,0xc8,0x14,
    0x02,0xa6,0x05,0x03,0x1d,0x03,0x91,0x00,0x00,0x00,0x00,0x3f,0x35,0x00,0x00,0x00,
    0x84,0x06,0x02,0x02,0x00,0x19,0xbf,0x30,0x01,0x11,0x40,0x31,0x03,0x01,0x47,0x2b,
    0x04,0x44,0x00,0x22,0x05,0x0e,0x8f,0x03,0x05,0x37,0x0b,0x21,0x05,0x0a,0xe4,0x03,
    0x06,0xa5,0x50,0x82,0x05,0x05,0x00,0x22,0x0a,0x00,0x00,0x18,0xec,0x13,0x42,0x00,
    0x00,0x00,0x0a,0x4c,0x2f,0x03,0x82,0x15,0x01,0x68,0x00,0x72,0xce,0x3a,0x0a,0x00,
    0x00,0x35,0x43,0xeb,0x01,0x01,0x60,0x00,0x61,0x3a,0x00,0x00,0xff,0xff,0xf4,0x72,
    0x09,0x01,0x02,0x00,0x21,0x35,0x3f,0x2f,0x01,0x01,0x05,0x01,0x61,0x9f,0xff,0xff,
    0xff,0xff,0xd9,0xfb,0x05,0x03,0x44,0x48,0x66,0x9f,0xff,0xff,0xff,0xc7,0x36,0x65,
    0x00,0x77,0x10,0xff,0xff,0xdf,0x13,0x4d,0x18,0xe7,0x51,0x01,0x80,0x01,0x47,0xff,
    0xff,0xff,0x98,0xdf,0x05,0x01,0x0f,0x01,0x15,0x22,0x21,0x0b,0x03,0xeb,0x05,0x01,
    0xcb,0x37,0x03,0x02,0x00,0x01,0x87,0x02,0x03,0x10,0x52,0x01,0x02,0x00,0x01,0x9f,
    0x0f,0x08,0x00,0x06,0x03,0x1c,0x0b,0x04,0x02,0x00,0x11,0xbf,0x1e,0x04,0x04,0x02,
    0x00,0x15,0x40,0x7f,0x6c,0x05,0xc0,0x3f,0x31,0x3a,0x4d,0x1d,0x30,0x01,0x05,0xc3,
    0x2d,0x31,0x48,0x4d,0x0e,0x14,0x05,0x04,0xc8,0x0e,0x32,0x0a,0x48,0x48,0xde,0x05,
    0x04,0x62,0x01,0x32,0x0e,0x4d,0x3f,0xbf,0x04,0x02,0x1e,0x01,0x01,0x5c,0x00,0x01,
    0x30,0x01,0x05,0x02,0x00,0x83,0x18,0x4d,0x18,0x22,0x43,0x05,0x00,0xaf,0xc0,0x0e,
    0x01,0x8d,0x61,0x33,0x3a,0x6e,0xef,0x87,0x1d,0x08,0xe3,0x0e,0x11,0xaf,0x40,0x01,
    0x91,0x00,0x00,0x00,0x98,0xff,0xff,0xff,0xe4,0x40,0x0b,0x00,0x03,0xf9,0x0b,0x17,
    0x8f,0xbf,0x04,0x01,0xf6,0x0b,0x03,0x80,0x09,0x02,0x0e,0x00,0x01,0xb7,0x01,0x01,
    0x30,0x01,0x08,0x02,0x00,0x0f,0x1b,0x07,0x1e,0x0d,0x30,0x01,0x19,0xef,0x5e,0x08,
    0x15,0x10,0x30,0x01,0x05,0xac,0x22,0x04,0xe4,0x38,0x14,0x48,0xa7,0x01,0x04,0x0a,
    0x44,0x03,0xb9,0x13,0x24,0x00,0x0a,0x9a,0x09,0x01,0x40,0x05,0x01,0xf1,0x27,0x11,
    0x3f,0x08,0x00,0x03,0x32,0x43,0x01,0x30,0x01,0x01,0x90,0x03,0x05,0x07,0x29,0x03,
    0x23,0x1c,0x13,0x60,0xd9,0x05,0x01,0x30,0x01,0x17,0x60,0x62,0x47,0x96,0x00,0x00,
    0x38,0x9e,0xcf,0xff,0xff,0xdf,0x9f,0x21,0x01,0x36,0x27,0x78,0xef,0x76,0x1b,0x01,
    0x04,0x09,0x06,0x56,0x03,0x02,0x02,0x00,0x0f,0x30,0x01,0x00,0x02,0x19,0x00,0x0f,
    0x02,0x00,0x2f,0x08,0x23,0x01,0x09,0x30,0x01,0x03,0x50,0x01,0x05,0xe4,0x07,0x02,
    0x8c,0x2d,0x05,0x1f,0x05,0x01,0x02,0x00,0x03,0x40,0x05,0x14,0x0e,0xd8,0x0c,0x02,
    0xaf,0x03,0x44,0x00,0x00,0x18,0x35,0xa1,0x00,0x03,0x08,0x00,0x02,0x5f,0x15,0x07,
    0x70,0x0f,0x11,0x30,0x19,0x07,0x01,0x02,0x00,0x01,0x1e,0x12,0x16,0x15,0x51,0x02,
    0x77,0x10,0x9f,0xff,0xff,0xff,0xcf,0x1e,0x8d,0x41,0x01,0xb9,0x11,0x11,0x0e,0x49,
    0x23,0x02,0x02,0x00,0x71,0x3e,0xd9,0xff,0xff,0xff,0xef,0x78,0x8f,0x00,0x42,0x20,
    0xff,0xff,0xdf,0xda,0x0b,0x02,0xbc,0x2d,0x01,0x02,0x00,0x02,0x30,0x01,0x11,0x93,
    0x6d,0x07,0x02,0x02,0x00,0x01,0x89,0x00,0x06,0x02,0x07,0x03,0x02,0x00,0x08,0x7f,
    0x03,0x01,0x02,0x00,0x08,0x7f,0x03,0x01,0x02,0x00,0x11,0x05,0x06,0x00,0x06,0x02,
    0x00,0x09,0x30,0x01,0x0f,0xdf,0x0b,0x02,0x18,0x00,0x7b,0x11,0x11,0x0a,0x56,0x37,
    0x06,0xed,0x00,0x01,0x39,0x07,0x08,0xdf,0x05,0x01,0xdc,0x04,0x03,0xdf,0x05,0x01,
    0x02,0x00,0x01,0xd9,0x05,0x03,0xdf,0x05,0x01,0x60,0x02,0x21,0xd3,0x13,0xe4,0x07,
    0x05,0x9a,0x00,0x01,0xc9,0x23,0x24,0x13,0xbc,0x62,0x06,0x01,0xa9,0x84,0x23,0xaf,
    0x10,0xe4,0x07,0x01,0xea,0x97,0x84,0xa6,0xa6,0x80,0x80,0x80,0x98,0xa6,0x76,0x63,
    0x02,0x31,0x0e,0x4d,0x3a,0xb7,0x00,0x31,0xdf,0x60,0x10,0xcf,0x04,0x12,0x80,0x92,
    0x00,0x07,0xd6,0x25,0x11,0x4e,0x6a,0x00,0x21,0xa6,0x4d,0x82,0x00,0x01,0x24,0x05,
    0x01,0xfb,0x05,0x07,0xca,0x00,0x11,0x22,0xf9,0x02,0x07,0x66,0x0c,0x21,0x22,0x22,
    0xa3,0x4f,0x05,0x97,0x00,0x02,0x0b,0x0a,0x05,0xec,0x17,0x04,0xbf,0x65,0x01,0x79,
    0x00,0x03,0x02,0x00,0x17,0x20,0x1e,0x0d,0x02,0x6f,0x15,0x01,0xfb,0x03,0x03,0x62,
    0x09,0x06,0x02,0x00,0x04,0xaf,0x04,0x04,0x02,0x00,0x03,0xda,0x07,0x01,0x02,0x00,
    0x01,0xd0,0x04,0x04,0x1e,0x15,0x01,0x6c,0x02,0x12,0x05,0xc1,0x59,0x05,0x90,0x16,
    0x24,0xc9,0x05,0x9e,0x00,0x02,0x02,0x00,0x01,0x2d,0x00,0x22,0x05,0x58,0x71,0x13,
    0x02,0x83,0x00,0x13,0x70,0x8b,0x40,0x43,0x10,0x60,0x9f,0xdf,0x9c,0x00,0x02,0x02,
    0x00,0xb1,0xdf,0x9f,0x60,0x10,0x00,0x00,0x00,0x30,0x1d,0x00,0x30,0xac,0x00,0xa1,
    0xef,0x9f,0x50,0xff,0xff,0xff,0x20,0x05,0x30,0x13,0xff,0x29,0x02,0x51,0x00,0x05,
    0xe0,0x0b,0x21,0x8e,0x18,0x0d,0x00,0x01,0x15,0x10,0x01,0x6b,0x02,0x07,0xca,0x00,
    0x02,0x14,0x1a,0x01,0xae,0x00,0x02,0x02,0x00,0x02,0xb9,0x11,0x07,0x4f,0x02,0x07,
    0x0b,0x00,0x07,0x02,0x00,0x08,0xb1,0x17,0x03,0x86,0x32,0x01,0x02,0x00,0x02,0x66,
    0x04,0x02,0x3b,0x0a,0x09,0x02,0x00,0x02,0x2e,0x0b,0x07,0x02,0x00,0x11,0x35,0x8b,
    0x00,0x07,0x02,0x00,0x0b,0xfc,0x31,0x04,0xd9,0x0a,0x07,0x90,0x03,0x01,0x49,0x03,
    0x0b,0x02,0x00,0x42,0xbf,0xff,0xff,0x80,0x1f,0x4e,0x13,0xcf,0xbf,0x02,0x18,0x60,
    0xed,0x15,0x06,0x02,0x00,0x13,0xaf,0x91,0x09,0x05,0xae,0x00,0x05,0x22,0x0d,0x06,
    0x02,0x00,0x02,0x90,0x03,0x06,0x43,0x0a,0x0f,0x02,0x00,0x37,0x02,0x5a,0x00,0x02,
    0x02,0x00,0x05,0x82,0x00,0x07,0x30,0x01,0x0a,0x5d,0x2d,0x46,0x0a,0x00,0x00,0x18,
    0xb5,0x01,0x02,0x7c,0x04,0x23,0x18,0x0e,0x09,0x0d,0x01,0x4e,0x02,0x66,0x18,0x00,
    0x00,0x0e,0x05,0x05,0x11,0x01,0x11,0x30,0x4a,0x0d,0x02,0xbd,0x01,0x07,0xc0,0x04,
    0x06,0xea,0x01,0x03,0xc5,0x11,0x21,0x13,0x49,0x77,0x00,0x41,0xff,0xff,0xef,0x8c,
    0xd0,0x30,0x23,0x10,0x80,0xea,0x08,0xc1,0xbf,0x8f,0x9c,0x7a,0x45,0x40,0x40,0x40,
    0x45,0x53,0x80,0x8f,0x54,0x02,0x51,0xff,0xff,0xe9,0xa1,0x10,0x4e,0x05,0x11,0x40,
    0x6d,0x08,0x32,0xff,0x20,0x05,0x47,0x09,0x03,0x4e,0x05,0x51,0x00,0x00,0x00,0x0a,
    0x75,0x4d,0x00,0x06,0x30,0x01,0x14,0x0a,0x92,0x06,0x04,0x02,0x00,0x02,0x7f,0x09,
    0x07,0x02,0x00,0x06,0x79,0x2c,0x03,0x02,0x00,0x01,0x35,0x05,0x08,0x02,0x00,0x02,
    0xb3,0x00,0x0f,0x30,0x01,0x0d,0x32,0x00,0x00,0x0a,0xa4,0x0c,0x01,0x02,0x00,0x01,
    0x36,0x05,0x03,0x3d,0x0f,0x04,0x30,0x01,0x06,0x33,0x3a,0x04,0xc0,0x13,0x03,0xb2,
    0x63,0x01,0x02,0x00,0x22,0x2b,0x18,0x46,0x27,0x01,0x3a,0x00,0x01,0xc6,0x00,0x01,
    0x90,0x16,0x02,0xa0,0x16,0x01,0xa5,0x07,0x01,0xc8,0x05,0x41,0x1d,0x4d,0x43,0xaf,
    0x2e,0x01,0x54,0x80,0x10,0x1d,0x48,0x0a,0x45,0x82,0x33,0xdf,0x8f,0x50,0x67,0x56,
    0x04,0x8e,0x0a,0x12,0x50,0x4b,0x94,0x22,0xef,0x70,0xaf,0x04,0x21,0x10,0xef,0x16,
    0x01,0x11,0x43,0x92,0x02,0x03,0x65,0x00,0x41,0x00,0x00,0x00,0x0a,0x0a,0x12,0x21,
    0xff,0xa6,0xa4,0x04,0x01,0xc4,0x00,0x01,0x77,0x0a,0x16,0x05,0xd5,0x15,0x02,0x30,
    0x01,0x12,0x0a,0x28,0x0e,0x01,0x22,0x00,0x01,0x03,0x09,0x25,0x0a,0x3a,0x86,0x03,
    0x02,0x30,0x01,0x14,0x0a,0x0b,0x08,0x04,0xbc,0x03,0x09,0x30,0x01,0x07,0x2d,0x04,
    0x04,0x90,0x03,0x35,0x00,0x00,0x05,0x7d,0x0a,0x03,0x02,0x00,0x16,0x18,0x66,0x00,
    0x02,0x02,0x00,0x0d,0xf6,0x22,0x0d,0x35,0x27,0x2a,0x48,0x48,0x30,0x01,0x05,0x79,
    0x08,0x04,0x02,0x00,0x55,0x18,0x4d,0x3a,0x20,0xef,0x1f,0x7e,0x01,0xf4,0x05,0x0b,
    0x6d,0x93,0x21,0x2b,0x4d,0xd2,0x00,0x04,0x6a,0x9f,0x75,0xcf,0x30,0x3a,0x4d,0x0e,
    0x00,0x80,0xac,0x4e,0x02,0xa6,0x7a,0x01,0x08,0x00,0x05,0xc0,0x04,0x1a,0xa6,0x68,
    0x08,0x2b,0x05,0x0e,0x3b,0x04,0x19,0x0a,0x73,0x31,0x4c,0x00,0x00,0x00,0x0e,0x87,
    0x5b,0x1c,0x0e,0xa0,0x16,0x18,0x13,0x92,0x16,0x02,0x96,0x01,0x02,0x02,0x00,0x01,
    0xcc,0x02,0x31,0x0a,0x3a,0x0e,0x8f,0x0d,0x04,0x02,0x00,0x44,0x05,0x0e,0x27,0x05,
    0x50,0x15,0x01,0x02,0x00,0x33,0x18,0x0e,0x22,0x08,0x0b,0x02,0x02,0x00,0x43,0x0a,
    0x2b,0x0a,0x0a,0x7c,0x0c,0x02,0x02,0x00,0x11,0x1d,0x00,0x2d,0x03,0xea,0x00,0x05,
    0x90,0x03,0x15,0x0a,0xeb,0x0e,0x21,0x00,0x00,0xf4,0x01,0x22,0x18,0x27,0x48,0x1c,
    0x71,0xef,0x30,0x00,0x0e,0x4d,0x22,0x80,0xa0,0x29,0x03,0x1a,0x14,0x03,0xd0,0x3e,
    0x06,0x91,0x10,0x31,0x00,0x2b,0x7a,0xef,0x0b,0x12,0x89,0x7d,0x05,0x13,0x40,0x8e,
    0x15,0x06,0x2e,0x65,0x3c,0x00,0x00,0x3f,0x90,0x03,0x2b,0x3f,0x22,0x32,0x17,0x67,
    0x35,0x13,0x00,0x00,0x0a,0x4d,0x0f,0x13,0x11,0x30,0x2e,0x0a,0x12,0x48,0xb6,0x00,
    0x31,0x00,0x00,0x00,0xc6,0x30,0x08,0xe9,0x0d,0x01,0xd2,0x3b,0x32,0x27,0x4d,0x2b,
    0x1f,0x01,0x01,0x02,0x00,0x01,0xa8,0x00,0x03,0x02,0x00,0x01,0x30,0x01,0x47,0x13,
    0x4d,0x22,0x00,0x8c,0x04,0x51,0x00,0x05,0x1d,0x4d,0x0e,0x02,0x0d,0x04,0x02,0x00,
    0x3a,0x0e,0x1d,0x3f,0x30,0x01,0x39,0x1d,0x1d,0x27,0xc5,0x08,0x4b,0x13,0x22,0x13,
    0x0a,0x30,0x01,0x29,0xc9,0x00,0xe0,0x4d,0x21,0x35,0x22,0x40,0x07,0x03,0x7a,0x0a,
    0x95,0xdf,0x10,0x0a,0x4a,0xce,0xff,0xff,0xff,0xdf,0x27,0x2d,0x03,0xcf,0x02,0x16,
    0x3f,0x19,0x03,0x31,0x2b,0x48,0x0a,0x81,0x02,0x32,0xbf,0x40,0xef,0x4b,0x0e,0x23,
    0x2b,0x43,0xb4,0x33,0x04,0x97,0x00,0x21,0x30,0x6b,0xc6,0x00,0x01,0xc4,0x00,0x01,
    0x02,0x00,0x01,0xe6,0x08,0x26,0x3f,0x4d,0xcb,0x00,0x21,0x2b,0x0a,0xe5,0x02,0x01,
    0xf6,0x02,0x01,0x02,0x00,0x1b,0x27,0x30,0x01,0x2c,0x00,0x13,0x30,0x01,0x11,0x0e,
    0xb4,0x0e,0x0f,0x30,0x01,0x0a,0x6a,0x00,0x05,0x00,0x2b,0x3a,0x13,0x90,0x03,0x21,
    0x35,0x35,0x73,0x45,0x05,0x02,0x00,0x47,0x05,0x35,0x35,0x27,0x78,0x00,0x01,0x8e,
    0x5e,0x06,0x1e,0x0e,0x73,0x13,0x00,0x00,0x00,0x13,0x3a,0x22,0xb3,0x0f,0x01,0xc6,
    0x00,0x64,0xbf,0x00,0x18,0x3a,0x18,0x48,0x5b,0x04,0x01,0x68,0x05,0x52,0x18,0x30,
    0x1d,0x4d,0x2b,0xce,0x4d,0x86,0xcf,0x49,0xdf,0xff,0xff,0xff,0xa8,0x22,0xd4,0x09,
    0x01,0x65,0x0a,0x25,0x18,0x18,0x62,0x14,0x01,0x4b,0x26,0x21,0x10,0x9e,0x4c,0x00,
    0x25,0xff,0xcf,0xcf,0x08,0x34,0x0e,0x00,0x3f,0x54,0x00,0x22,0x05,0x22,0xe0,0x44,
    0x14,0x9c,0x64,0x01,0x12,0x05,0x29,0x01,0x12,0x05,0x73,0x62,0x04,0x52,0x17,0x48,
    0x00,0x05,0x0e,0x30,0xb9,0x00,0x3c,0x00,0x00,0x0a,0x90,0x03,0x11,0x0a,0x56,0x02,
    0x08,0x02,0x00,0x12,0x05,0x78,0x00,0x01,0x02,0x00,0x0d,0x60,0x02,0x01,0xaa,0x05,
    0x01,0xc2,0x47,0x01,0x02,0x00,0x01,0xe6,0x06,0x26,0x4d,0x4d,0x14,0x2d,0x21,0x1d,
    0x0a,0xc6,0x21,0x06,0xe5,0x37,0x74,0x43,0x13,0x00,0x00,0x22,0x4d,0x43,0x28,0x0d,
    0x42,0x00,0x13,0x4d,0x13,0xc6,0x21,0x11,0x4d,0x48,0x05,0x01,0x66,0x00,0x55,0xbf,
    0x00,0x35,0x4d,0x3a,0xf0,0x05,0x01,0x10,0x38,0x22,0x3a,0x4d,0xc3,0x22,0x12,0x30,
    0x14,0x07,0x52,0xef,0x50,0x3a,0x4d,0x30,0x83,0x12,0x04,0x2f,0x0b,0x25,0x43,0x35,
    0x76,0x00,0x11,0x13,0x76,0x0a,0x34,0x48,0x6d,0xef,0x83,0x0f,0x02,0x46,0x28,0x24,
    0x3f,0x0e,0x8d,0x0d,0x41,0x00,0x27,0x4d,0x53,0x6a,0x00,0x05,0xc0,0x04,0x02,0xc8,
    0x3b,0x41,0x0e,0x0e,0x4d,0x22,0x52,0x00,0x32,0x00,0x00,0x30,0xb1,0x0d,0x22,0x0e,
    0x4d,0x49,0x01,0x03,0xc5,0x46,0x32,0x00,0x00,0x0e,0x18,0x00,0x06,0xc6,0x13,0x06,
    0x41,0x01,0x03,0x43,0x04,0x11,0x0a,0x5a,0x00,0x02,0x02,0x00,0x0b,0x30,0x01,0x01,
    0x10,0x18,0x17,0x18,0xaa,0x1f,0x01,0xcd,0x0b,0x26,0x18,0x22,0xec,0x12,0x01,0xef,
    0x09,0x34,0x22,0x18,0x05,0x76,0x00,0x01,0x1a,0x00,0x32,0x05,0x22,0x0e,0x0d,0x0a,
    0x01,0xfe,0x06,0x01,0x00,0x02,0x12,0x0a,0x6d,0x06,0x04,0xc0,0x04,0x35,0x05,0x1d,
    0x05,0xac,0x18,0x01,0x65,0x0a,0x23,0x0a,0x13,0xbd,0x18,0x01,0x31,0x01,0x53,0xcf,
    0x30,0x00,0x0a,0x0e,0x22,0x19,0x04,0x15,0x02,0x34,0x05,0x05,0x05,0x7a,0x0b,0x01,
    0x8b,0x46,0x02,0x2b,0x00,0x02,0x27,0x2c,0x04,0xc9,0x18,0x01,0xcf,0x01,0x01,0x75,
    0x00,0x12,0x2b,0x60,0x02,0x05,0x72,0x51,0x03,0x7f,0x00,0x01,0x9f,0x00,0x01,0x02,
    0x00,0x04,0x7b,0x08,0x07,0xdd,0x00,0x01,0x02,0x00,0x08,0x7a,0x0b,0x01,0x02,0x00,
    0x0d,0xa7,0x0f,0x12,0x27,0x2b,0x01,0x01,0x02,0x00,0x0b,0x30,0x01,0x01,0xfb,0x01,
    0x08,0x02,0x00,0x15,0x3a,0x7e,0x01,0x03,0x02,0x00,0x05,0x79,0x0f,0x03,0x02,0x00,
    0x15,0x18,0xb0,0x01,0x03,0x02,0x00,0x14,0x35,0x23,0x03,0x02,0x02,0x00,0x01,0x66,
    0x00,0x06,0x7a,0x07,0x01,0x33,0x04,0x04,0x34,0x03,0x02,0x02,0x00,0x62,0x30,0xef,
    0xff,0xff,0xef,0x40,0x0c,0x00,0x02,0x02,0x00,0x0d,0x7d,0x07,0x11,0x3a,0x65,0x00,
    0x15,0x60,0x2f,0x01,0x09,0xe2,0x2f,0x01,0x02,0x00,0x22,0x4d,0x3a,0xf6,0x07,0x11,
    0x84,0xd5,0x02,0x34,0x00,0x00,0x00,0x58,0x02,0x13,0x13,0x11,0x00,0x11,0x05,0x43,
    0x00,0x43,0x00,0x00,0x00,0x35,0x90,0x03,0x13,0x0e,0xa8,0x00,0x02,0xe1,0x20,0x01,
    0x32,0x14,0x01,0x07,0x00,0x24,0x00,0x1d,0x74,0x07,0x04,0x3c,0x1a,0x11,0x35,0xc4,
    0x00,0x02,0x02,0x00,0x0b,0x30,0x01,0x03,0x26,0x02,0x05,0x51,0x71,0x04,0xe7,0x23,
    0x0d,0xa0,0x98,0x14,0x2b,0xc0,0x04,0x04,0xc8,0x01,0x05,0x8f,0x33,0x03,0xc7,0x2a,
    0x04,0xbc,0x1d,0x01,0x67,0x00,0x11,0xbf,0x27,0x01,0x04,0xa1,0x00,0x01,0x9d,0x0a,
    0x07,0x52,0x1a,0x22,0x48,0xf4,0xa9,0x05,0x05,0xc0,0x04,0x04,0x0c,0x05,0x14,0x35,
    0xd0,0x05,0x32,0x3a,0x43,0x05,0x94,0x0f,0x21,0xde,0x2a,0xd4,0x00,0x23,0x05,0x43,
    0x37,0x08,0x04,0xc0,0x04,0x32,0x05,0x48,0x1d,0x30,0x01,0x13,0xa6,0x8c,0x01,0x13,
    0x05,0xae,0x0a,0x05,0xca,0x00,0x11,0x05,0xb6,0x07,0x07,0x1f,0x01,0x04,0xbd,0x02,
    0x04,0x27,0x01,0x03,0x6a,0x0a,0x08,0x04,0x34,0x04,0x6b,0x01,0x01,0xc4,0x00,0x02,
    0x02,0x00,0x0b,0x30,0x01,0x03,0x02,0x00,0x06,0xf6,0x03,0x03,0x8d,0x01,0x02,0xe1,
    0x07,0x43,0x00,0x00,0x00,0x18,0x88,0x03,0x05,0x83,0x39,0x04,0x54,0x10,0x05,0xc0,
    0x04,0x01,0x6d,0x0f,0x06,0xf4,0x33,0x01,0x67,0x00,0x43,0xbf,0x00,0x00,0x00,0x50,
    0x21,0x06,0x3e,0x02,0x23,0x22,0x4d,0xf5,0x00,0x85,0x3a,0x63,0xcf,0xff,0xff,0xff,
    0xcf,0x40,0x31,0x4b,0x04,0x8b,0x21,0x04,0xc0,0x04,0xb2,0x13,0x4d,0x3a,0x00,0x50,
    0xdf,0xff,0xff,0xff,0xd3,0x58,0x7f,0x00,0x02,0x6d,0x0f,0x01,0xe7,0x2e,0x01,0x07,
    0x00,0x43,0x00,0x27,0x4d,0x27,0x30,0x01,0x03,0x54,0x00,0x13,0x27,0x38,0x08,0x05,
    0xca,0x00,0x13,0x27,0xae,0x01,0x22,0x0e,0x43,0x43,0x00,0x02,0x21,0x46,0x01,0xa4,
    0x1c,0x01,0x07,0x00,0x24,0x00,0x00,0x72,0x11,0x13,0x13,0x73,0x01,0x13,0x00,0x62,
    0x01,0x12,0x00,0xe4,0x40,0x02,0x02,0x00,0x09,0x30,0x01,0x0d,0x8e,0x2c,0x01,0x6a,
    0x04,0x08,0x02,0x00,0x06,0x0c,0x05,0x03,0x49,0x01,0x05,0x2e,0x05,0x04,0x1f,0x04,
    0x05,0x49,0x87,0x03,0x5b,0x04,0x01,0x67,0x00,0x11,0xbf,0x59,0x05,0x03,0x33,0x00,
    0x05,0xc1,0x49,0x04,0x2b,0x03,0x22,0x4d,0x3a,0x9e,0x3d,0x22,0xa4,0x33,0x6b,0x00,
    0x11,0x0e,0xde,0x05,0x02,0xea,0x28,0x01,0x08,0x00,0x31,0x22,0x4d,0x66,0x17,0x0d,
    0x13,0x80,0xff,0x02,0x06,0xb3,0x48,0x03,0x65,0x00,0x42,0x00,0x35,0x4d,0x0e,0x30,
    0x01,0x11,0x80,0x31,0x00,0x01,0x33,0x2a,0x03,0x0a,0x00,0x03,0x02,0x00,0x14,0x35,
    0x06,0x01,0x04,0x02,0x00,0x0b,0xed,0x20,0x02,0x8f,0x09,0x09,0x02,0x00,0x04,0x2a,
    0x06,0x02,0x84,0x05,0x02,0x02,0x00,0x09,0x30,0x01,0x15,0x3a,0xbc,0x09,0x03,0x84,
    0x01,0x05,0x03,0x08,0x04,0xba,0x00,0x05,0x11,0x00,0x04,0xbf,0x34,0x05,0x49,0x04,
    0x13,0x0e,0x3b,0x03,0x03,0x47,0x08,0x05,0xf8,0x15,0x01,0x67,0x00,0x01,0x30,0x01,
    0x02,0xc8,0x27,0x25,0x00,0x05,0x0e,0x01,0x03,0xd1,0x01,0x01,0x2d,0x02,0x01,0x5e,
    0x09,0x31,0xff,0xaf,0x40,0xe9,0x01,0x04,0x99,0x4d,0x13,0x0e,0x9c,0x05,0x32,0x71,
    0xd3,0xff,0x14,0x06,0x04,0x10,0x1b,0x13,0x3f,0xc5,0x02,0x05,0x49,0x0b,0x23,0x48,
    0x4d,0x59,0x17,0x13,0x89,0x95,0x01,0x03,0x3c,0x20,0x05,0xca,0x00,0x08,0xc7,0x11,
    0x02,0x02,0x00,0x13,0x4d,0x2a,0x00,0x04,0x02,0x00,0x1c,0x05,0xaa,0x05,0x13,0x0e,
    0x1f,0x07,0x03,0xc4,0x00,0x02,0x02,0x00,0x18,0x80,0x10,0x0d,0x04,0xae,0x01,0x05,
    0xc6,0x02,0x05,0xcf,0x37,0x01,0x12,0x43,0x01,0xd9,0x1b,0x01,0x07,0x00,0x02,0xca,
    0x0d,0x01,0xdc,0x00,0x04,0x66,0x00,0x04,0x90,0x03,0x13,0x3a,0x11,0x03,0x03,0xd3,
    0x1a,0x02,0x9c,0x01,0x08,0x90,0x03,0x14,0x13,0x0e,0x01,0x04,0xef,0x12,0x02,0x5c,
    0x00,0x03,0x6d,0x0f,0x54,0xdf,0x8f,0x40,0x00,0x35,0x07,0x0d,0x01,0x54,0x13,0x12,
    0x50,0x7e,0x42,0x01,0xe0,0x81,0x04,0xda,0x35,0x04,0xb1,0x03,0x04,0x45,0x25,0x33,
    0x0a,0x4d,0x3f,0x30,0x01,0x12,0xa6,0x90,0x00,0x05,0x54,0x06,0x04,0x09,0x00,0x15,
    0x0e,0x62,0x01,0x03,0x09,0x00,0x14,0x13,0x1c,0x02,0x04,0xef,0x12,0x11,0x13,0x91,
    0x0e,0x51,0x00,0x00,0x00,0x18,0x2b,0x07,0x00,0x15,0x00,0xda,0x29,0x09,0x10,0x0d,
    0x01,0xe9,0x02,0x02,0x02,0x00,0x01,0x06,0x02,0x01,0x02,0x00,0x05,0xae,0x2a,0x04,
    0x84,0x01,0x03,0xd1,0x07,0x06,0x0c,0x1e,0x22,0x1d,0x3a,0x1b,0x00,0x14,0x35,0xb5,
    0x02,0x13,0x2b,0x69,0x18,0x04,0x6e,0x19,0x03,0x33,0x1d,0x06,0x30,0x01,0x22,0x0a,
    0x43,0x91,0x00,0x14,0x27,0xc5,0x05,0x03,0x33,0x1d,0x23,0x00,0x35,0xea,0x01,0x03,
    0x32,0x01,0x61,0xff,0xff,0xce,0xb1,0x74,0x40,0x01,0x00,0x33,0x66,0xa6,0x9e,0x9f,
    0x00,0x31,0xdf,0x80,0x10,0x98,0x1d,0x02,0x76,0x00,0x02,0x8f,0x09,0x01,0x77,0x03,
    0x02,0x9e,0x01,0x33,0x1d,0x4d,0x2b,0x30,0x01,0x12,0x9c,0x90,0x00,0x03,0xbf,0x5d,
    0x33,0x00,0x00,0x05,0x79,0x18,0x05,0xfd,0xa8,0x04,0x3f,0x08,0x12,0x22,0x8e,0x00,
    0x06,0x66,0x1b,0x05,0x08,0x19,0x13,0x05,0x5d,0x03,0x01,0xf6,0x37,0x06,0x4a,0x19,
    0x02,0x02,0x00,0x08,0xd0,0x11,0x12,0xce,0x1f,0x00,0x05,0x02,0x00,0x07,0x41,0x16,
    0x02,0x02,0x00,0x14,0x2b,0xee,0x05,0x04,0x02,0x00,0x25,0x27,0x0a,0x6f,0x2b,0x02,
    0x02,0x00,0x25,0x1d,0x0e,0xae,0x33,0x02,0xad,0x02,0x02,0x1c,0x0b,0x01,0x8a,0x01,
    0x12,0x0e,0x6f,0x06,0x15,0x35,0x22,0x00,0x03,0x11,0x00,0x05,0xc2,0x03,0x37,0x00,
    0x23,0x60,0xbc,0x27,0x07,0x02,0x00,0x22,0xc7,0x78,0x5e,0x00,0x02,0xf6,0x22,0x0f,
    0xce,0x27,0x00,0x1b,0x2b,0xb0,0x1d,0x2c,0x00,0x30,0xbf,0x04,0x13,0x27,0x35,0x02,
    0x05,0x02,0x00,0x03,0x0d,0x04,0x06,0x02,0x00,0x03,0x50,0x04,0x06,0x02,0x00,0x05,
    0x11,0x00,0x02,0x1a,0x05,0x02,0x02,0x00,0x08,0x30,0x01,0x15,0xc9,0x2c,0x00,0x11,
    0x0a,0xc6,0x2e,0x11,0x27,0xf8,0x19,0x01,0x02,0x00,0x11,0x18,0x15,0x02,0x14,0x27,
    0x40,0x04,0x04,0x2d,0x6a,0x15,0x22,0x5d,0x06,0x21,0x00,0x3f,0xe0,0x08,0x15,0x0a,
    0xed,0x09,0x49,0x05,0x48,0x48,0x05,0x30,0x01,0x04,0xda,0x0e,0x03,0xec,0x50,0x05,
    0x20,0x07,0x03,0xca,0x12,0x9b,0x00,0x00,0x00,0x2b,0x4d,0x30,0x00,0x20,0x60,0x88,
    0xba,0x44,0xdf,0x9f,0x60,0x32,0x4c,0x09,0x21,0x00,0x43,0x65,0x00,0x02,0xcf,0x16,
    0x01,0x02,0x00,0x03,0x20,0x07,0x04,0x1d,0x1f,0x05,0xe0,0x0b,0x05,0xe2,0x14,0x04,
    0x80,0x2b,0x05,0xfb,0x74,0x04,0x17,0x13,0x05,0x17,0x0d,0x02,0xe7,0x11,0x02,0x4e,
    0x0e,0x01,0x02,0x00,0x01,0xaf,0x0d,0x16,0x00,0x02,0x0f,0x03,0xba,0x02,0x02,0x02,
    0x00,0x08,0x30,0x01,0x05,0x90,0x16,0x41,0x00,0x0a,0x3f,0x18,0x46,0x1b,0x02,0x74,
    0x03,0x01,0x0d,0x08,0x01,0x29,0x1f,0x12,0x05,0xb5,0x04,0x01,0xdc,0x00,0x01,0x1e,
    0x02,0x05,0xc5,0x02,0x04,0x80,0x09,0x14,0x30,0x96,0x01,0x0f,0x30,0x01,0x00,0x01,
    0xf4,0x01,0x01,0x2f,0x0d,0x01,0x02,0x00,0x03,0x0a,0x10,0x12,0x22,0x04,0x01,0x01,
    0x07,0x01,0x01,0x05,0x02,0x42,0x35,0x58,0x49,0x70,0xa0,0x49,0x47,0x98,0x90,0x53,
    0x10,0x35,0x08,0x05,0x3f,0x0f,0x05,0x62,0x01,0x03,0x30,0x01,0x01,0xa5,0x04,0x02,
    0x06,0x02,0x11,0xa6,0x67,0x03,0x15,0x0e,0x86,0x27,0x21,0x0a,0x43,0x29,0x11,0x12,
    0x0e,0xc9,0x03,0x05,0x17,0x13,0x32,0x00,0x0a,0x2b,0xee,0x02,0x05,0x30,0x01,0x15,
    0x0e,0x08,0x19,0x03,0x30,0x01,0x06,0x9c,0x61,0x02,0x5a,0x00,0x02,0x02,0x00,0x03,
    0xb0,0x14,0x02,0x02,0x00,0x14,0x2b,0xed,0x00,0x01,0x3f,0x09,0x22,0x35,0x05,0xef,
    0x17,0x01,0x02,0x00,0x72,0x0a,0x18,0x4d,0x3f,0x22,0x00,0x05,0x4e,0x05,0x01,0xb8,
    0x0e,0x46,0x22,0x4d,0x3a,0x13,0x25,0x05,0x77,0x00,0x0a,0x0e,0x2b,0x4d,0x27,0x05,
    0xf8,0x02,0x53,0x0e,0x0e,0x35,0x4d,0x13,0xec,0x09,0x01,0x90,0x03,0x58,0x18,0x0e,
    0x3f,0x48,0x0a,0x8b,0x14,0x74,0x22,0x0a,0x3f,0x3f,0x00,0x00,0x18,0xde,0x05,0x65,
    0x00,0x05,0x1d,0x0a,0x43,0x27,0x0d,0x77,0x02,0x0b,0x3d,0x25,0x3a,0x13,0x26,0x01,
    0x51,0x00,0x00,0x00,0x0a,0x13,0x01,0x04,0x04,0x5c,0x06,0x61,0x00,0x00,0x0a,0x0a,
    0x0a,0x1d,0xa6,0x11,0x04,0xd6,0x00,0x44,0x84,0x05,0x05,0x0a,0xd3,0x5c,0x03,0x02,
    0x00,0x24,0x05,0x05,0x5a,0x84,0x07,0x02,0x00,0x14,0x2b,0xfd,0x09,0x04,0x02,0x00,
    0x0b,0x6e,0x25,0x07,0x11,0x71,0x09,0x43,0x1b,0x18,0x20,0x51,0x08,0x01,0xde,0x1d,
    0x01,0x85,0x07,0x64,0x4d,0x30,0x4d,0x48,0x48,0x0a,0xef,0x08,0x01,0xaf,0x49,0x35,
    0x4d,0x48,0x35,0x43,0x09,0x96,0x00,0x00,0x30,0x4d,0x3f,0x4d,0x43,0x22,0x05,0xb2,
    0x03,0x75,0x43,0x4d,0x3f,0x4d,0x35,0x0a,0x13,0xe7,0x02,0x63,0x00,0x4d,0x4d,0x3f,
    0x4d,0x22,0x7c,0x0d,0x02,0xe0,0x0b,0x62,0x48,0x43,0x48,0x0a,0x00,0x35,0xf7,0x22,
    0x12,0x00,0xa5,0x0f,0x54,0x3f,0x00,0x05,0x43,0x43,0xc6,0x02,0x94,0x27,0x4d,0x3a,
    0x48,0x2b,0x00,0x0e,0x48,0x3f,0x11,0x00,0x76,0x35,0x4d,0x2b,0x3a,0x18,0x00,0x18,
    0x98,0x57,0x94,0x43,0x4d,0x1d,0x3a,0x05,0x00,0x2b,0x4d,0x3a,0x1d,0x02,0x41,0x48,
    0x4d,0x13,0x22,0xee,0x3e,0x04,0x30,0x01,0x48,0xa6,0x43,0x05,0x0e,0x0e,0x01,0x51,
    0x0a,0x48,0x2b,0x05,0x05,0x4a,0x00,0x01,0x74,0x00,0x31,0x00,0x00,0x0e,0x5a,0x04,
    0x07,0x34,0x79,0x12,0x0e,0x4d,0x00,0x12,0x3f,0x18,0x00,0x15,0x00,0x56,0x21,0x13,
    0x43,0x87,0x0c,0x0a,0x20,0x1a,0x09,0x3d,0x01,0x01,0x2f,0x00,0x01,0x34,0x06,0x47,
    0x35,0x18,0x0a,0x0a,0x8f,0x03,0x67,0x00,0x13,0x3a,0x18,0x0e,0x05,0x03,0x05,0x56,
    0x00,0x22,0x48,0x13,0x13,0x81,0x52,0x02,0x60,0x15,0x19,0x13,0xe4,0x97,0x44,0x3f,
    0x43,0x0a,0x0e,0xac,0x0e,0x11,0xbf,0xd9,0x1d,0x01,0x62,0x0b,0x06,0x38,0x26,0x11,
    0x18,0x89,0x09,0x07,0x31,0x16,0x11,0x18,0xd5,0x00,0x07,0xb8,0x1e,0x02,0xd0,0x11,
    0x05,0x5c,0x0c,0x01,0x65,0x00,0x02,0x0c,0x04,0x01,0x73,0x00,0x41,0x00,0x00,0x00,
    0x3a,0xe4,0x03,0x25,0x35,0x48,0x66,0x04,0x02,0xd0,0x11,0x01,0x40,0x57,0x01,0x02,
    0x00,0x03,0xe6,0x35,0x05,0x27,0x04,0x02,0xac,0x20,0x07,0xfd,0x06,0x04,0xa1,0x52,
    0x01,0xb7,0x03,0x01,0x02,0x00,0x02,0xd0,0x11,0x02,0x06,0x00,0x01,0x02,0x00,0x08,
    0x53,0x02,0x02,0x01,0x29,0x03,0x02,0x00,0x01,0x2e,0x0a,0x01,0x02,0x00,0x2a,0x27,
    0x13,0x1d,0x07,0x35,0x0a,0x3a,0x0e,0x32,0x05,0x01,0x02,0x00,0x2b,0x18,0x3a,0x49,
    0x12,0x46,0x27,0x3a,0x0a,0x18,0xc3,0x1e,0xa1,0x00,0x00,0x00,0x35,0x35,0x05,0x05,
    0x00,0x05,0x13,0x5b,0x00,0x51,0xbf,0x00,0x00,0x00,0x05,0xe9,0x05,0x03,0x1d,0x04,
    0x01,0x4c,0x03,0x01,0x40,0x15,0x06,0x27,0x04,0x12,0x00,0x0f,0x33,0x06,0x13,0x05,
    0x21,0x00,0x1d,0x87,0x13,0x01,0x15,0x1c,0x02,0x02,0x00,0x57,0x27,0x3a,0x0a,0x00,
    0x00,0xd5,0x02,0x02,0xc6,0x08,0x02,0xfa,0x30,0x02,0x66,0x04,0x21,0x9c,0x2b,0x2d,
    0x04,0x02,0x2f,0x00,0x01,0x19,0x01,0x16,0x18,0x58,0x07,0x01,0x02,0x00,0x0c,0x19,
    0x07,0x01,0x56,0x15,0x08,0x02,0x00,0x08,0x3e,0x00,0x01,0x02,0x00,0x03,0xd4,0x08,
    0x01,0x6c,0x18,0x0a,0xfd,0x05,0x01,0x1f,0x00,0x01,0xc4,0x1c,0x34,0x30,0x27,0x27,
    0x6c,0x0f,0x02,0xc2,0x07,0x38,0x27,0x1d,0x13,0x17,0x27,0x61,0x30,0x4d,0x22,0x1d,
    0x05,0x00,0xb8,0x18,0x02,0x02,0x00,0x49,0x3a,0x4d,0x13,0x0a,0xfc,0x1c,0x62,0x4d,
    0x4d,0x0e,0x00,0x00,0x1d,0x70,0x5b,0x11,0xbf,0x18,0x13,0x11,0x4d,0xa5,0x42,0x04,
    0x6d,0x03,0x12,0x00,0x3c,0x2f,0x07,0x12,0x11,0x02,0xc1,0x0a,0x07,0xe9,0x29,0x01,
    0x54,0x04,0x06,0x6d,0x09,0x03,0x94,0x25,0x17,0x1d,0xab,0x0b,0x01,0xca,0x04,0x35,
    0x27,0x4d,0x1d,0x60,0x02,0x21,0xa6,0x48,0x39,0x06,0x02,0x94,0x00,0x05,0xdc,0x45,
    0x15,0x27,0x78,0x05,0x03,0x8b,0x0b,0x06,0x81,0x02,0x21,0x00,0x0e,0xff,0x09,0x06,
    0x48,0x04,0x03,0x11,0x13,0x07,0x3f,0x0d,0x07,0x30,0x01,0x19,0xbf,0x30,0x01,0x06,
    0xd0,0x24,0x22,0x30,0x35,0xf8,0x09,0x04,0x02,0x00,0x2b,0x0a,0x48,0x6f,0x0d,0x34,
    0x1d,0x4d,0x2b,0x44,0x04,0x02,0x02,0x00,0x02,0xa6,0x05,0x05,0x40,0x07,0x41,0x00,
    0x00,0x3a,0x4d,0x89,0x84,0x01,0x98,0x01,0x01,0x60,0x02,0x39,0x48,0x43,0x05,0x60,
    0x02,0x02,0xb1,0x10,0x22,0x18,0x18,0x40,0x00,0x01,0x85,0x07,0x1a,0x30,0xe4,0x32,
    0x11,0x22,0x09,0x01,0x01,0x6d,0x15,0x02,0x02,0x00,0x37,0x30,0x4d,0x13,0x4d,0x0b,
    0x04,0xcd,0x09,0x02,0x83,0x0a,0x11,0x40,0x6a,0x00,0x01,0x30,0x14,0x06,0xc7,0x07,
    0x03,0x97,0x16,0x15,0x05,0xa5,0x01,0x09,0xaf,0x02,0x02,0x02,0x00,0x05,0x19,0x07,
    0x04,0x02,0x00,0x03,0xb0,0x0a,0x05,0x02,0x00,0x08,0x03,0x0d,0x0f,0x30,0x27,0x04,
    0x1b,0x4d,0x3f,0x06,0x12,0x13,0x49,0x43,0x06,0x02,0x00,0x35,0x27,0x4d,0x43,0x63,
    0x1c,0x01,0x02,0x00,0x01,0x30,0x5c,0x17,0x18,0x98,0x00,0x62,0x4d,0x4d,0x18,0x00,
    0x05,0x27,0x9c,0x14,0x02,0xf0,0x05,0x22,0x4d,0x0e,0x96,0x26,0x03,0x02,0x00,0x01,
    0x71,0x02,0x04,0x69,0x83,0x01,0x02,0x09,0x51,0x4d,0x3a,0x00,0x00,0x22,0x11,0x08,
    0x02,0x02,0x00,0x01,0x71,0x15,0x08,0x67,0x52,0x01,0x21,0x0d,0x01,0x02,0x01,0x03,
    0x02,0x00,0x52,0x43,0x4d,0x13,0x00,0x05,0xcb,0x01,0x03,0x30,0x01,0x14,0x48,0x40,
    0x01,0x03,0x02,0x00,0x57,0x4d,0x35,0x00,0x00,0x05,0x19,0x03,0x58,0x05,0x4d,0x22,
    0x00,0x00,0x00,0x52,0x67,0x0a,0x4d,0x0e,0x00,0x00,0x05,0xb7,0x01,0x01,0x43,0x10,
    0x26,0x05,0x22,0xd1,0x04,0x01,0x89,0x01,0x02,0x02,0x00,0x19,0x8f,0x0e,0x00,0x06,
    0x36,0x1e,0x23,0x48,0x48,0xff,0x17,0x03,0x02,0x00,0x37,0x0e,0x4d,0x35,0x4e,0x0e,
    0x04,0x11,0x16,0x07,0xaa,0x86,0x02,0x2c,0x1c,0x17,0x48,0x96,0x02,0x71,0x48,0x4d,
    0x13,0x00,0x0e,0x4d,0x22,0x68,0x00,0x01,0xf0,0x05,0x36,0x4d,0x4d,0x0e,0xa8,0x0c,
    0x04,0xa1,0x03,0x16,0x30,0xbc,0x05,0x86,0x00,0x22,0x4d,0x3f,0x00,0x00,0x3a,0x4d,
    0xb8,0x02,0x34,0x27,0x4d,0x35,0x64,0x65,0x02,0x02,0x00,0x3a,0x35,0x4d,0x22,0xbb,
    0x27,0x34,0x3a,0x4d,0x0e,0x2e,0x59,0x06,0x30,0x01,0x11,0x13,0x97,0x02,0x03,0x02,
    0x00,0x54,0x48,0x35,0x00,0x00,0x18,0xa5,0x0d,0x01,0x28,0x08,0x43,0x22,0x00,0x00,
    0x18,0x3f,0x57,0x01,0x02,0x00,0x61,0x43,0x0e,0x00,0x00,0x18,0x35,0xfb,0x09,0x01,
    0x02,0x00,0x72,0x0a,0x3a,0x00,0x00,0x00,0x1d,0x3f,0x6a,0x0d,0x02,0xde,0x22,0x05,
    0x02,0x00,0x1b,0x80,0x6e,0x02,0x01,0x21,0x00,0x01,0x7d,0x8c,0x03,0x0a,0x00,0x03,
    0x02,0x00,0x08,0x45,0x04,0x01,0x02,0x00,0x05,0xdc,0x13,0x04,0x02,0x00,0x0b,0x40,
    0x3a,0x03,0x1c,0x0f,0x16,0x05,0x40,0x0e,0x02,0x09,0x66,0x07,0xec,0x02,0x01,0x60,
    0x02,0x17,0x05,0x11,0x00,0x35,0x27,0x4d,0x48,0xb2,0x14,0x01,0x02,0x00,0x01,0xd1,
    0x04,0x02,0x64,0x1e,0x02,0x02,0x00,0x01,0x65,0x00,0x0a,0x11,0x00,0x22,0x13,0x00,
    0xaa,0x23,0x03,0x59,0x04,0x07,0x70,0x22,0x02,0x02,0x00,0x01,0x85,0x07,0x08,0x02,
    0x00,0x07,0xfe,0x04,0x02,0x02,0x00,0x03,0x81,0x0f,0x06,0x02,0x00,0x06,0xb3,0x22,
    0x01,0x02,0x00,0x02,0x89,0x01,0x02,0x02,0x00,0x19,0x60,0xce,0x04,0x11,0xdf,0x20,
    0x00,0x01,0x04,0x05,0x06,0x21,0x05,0x01,0x02,0x00,0x0f,0x30,0x01,0x00,0x18,0x2b,
    0x10,0x06,0x02,0xcb,0x00,0x08,0xca,0x00,0x63,0x00,0x4d,0x4d,0x1d,0x00,0x22,0x70,
    0x48,0x11,0xef,0x44,0x06,0x28,0x4d,0x13,0xdb,0x06,0x44,0x00,0x13,0x4d,0x4d,0x6c,
    0x6e,0x02,0x02,0x00,0x58,0x27,0x4d,0x48,0x00,0x18,0x17,0x05,0x35,0x27,0x4d,0x3a,
    0xd7,0x13,0x01,0x02,0x00,0x39,0x3a,0x4d,0x27,0xc4,0x37,0x01,0x60,0x98,0x03,0xf1,
    0x06,0x11,0x60,0xd2,0x00,0x2b,0xa6,0x4d,0x29,0x38,0x24,0x4d,0x3f,0xe5,0x2a,0x03,
    0x02,0x00,0x22,0x4d,0x27,0x28,0x1b,0x05,0x02,0x00,0x01,0x14,0x05,0x05,0x0e,0x00,
    0x3b,0x00,0x00,0x0a,0x30,0x01,0x02,0x59,0x00,0x02,0x02,0x00,0x11,0x40,0x1d,0x24,
    0x05,0x02,0x00,0x04,0x36,0x00,0x01,0x61,0x0c,0x06,0x18,0x03,0x02,0x7f,0x03,0x09,
    0x79,0x07,0x32,0x35,0x4d,0x22,0xb6,0x60,0x04,0x02,0x00,0x49,0x43,0x4d,0x13,0x00,
    0xb2,0x43,0x63,0x4d,0x4d,0x0e,0x00,0x4d,0x27,0x5d,0x06,0x12,0x20,0x4f,0x02,0x07,
    0x5c,0x09,0x02,0x20,0x07,0x09,0xaa,0x17,0x33,0x27,0x4d,0x3a,0xaa,0x17,0x03,0x02,
    0x00,0x3a,0x35,0x4d,0x27,0xaa,0x17,0x49,0x43,0x4d,0x18,0x00,0xfb,0x02,0x31,0x48,
    0x4d,0x0a,0x2b,0x04,0x03,0xe5,0x2a,0x76,0xff,0xff,0x7a,0x48,0x00,0x0e,0x4d,0x7b,
    0x04,0x77,0x00,0x0a,0x4d,0x35,0x00,0x0e,0x4d,0xcb,0x00,0x33,0x0e,0x4d,0x1d,0x02,
    0x07,0x03,0x02,0x00,0x46,0x0e,0x48,0x00,0x00,0x18,0x0f,0x03,0xb0,0x0a,0x03,0x55,
    0x17,0x01,0x02,0x00,0x08,0x7f,0x09,0x1a,0x20,0x0f,0x00,0x11,0x40,0x21,0x00,0x04,
    0xa1,0x19,0x07,0x02,0x00,0x26,0x0e,0x3a,0x10,0x05,0x01,0x02,0x00,0x04,0x19,0x3c,
    0x05,0x02,0x00,0x04,0x74,0x17,0x05,0x02,0x00,0x54,0x3f,0x43,0x05,0x00,0x0e,0x8f,
    0x01,0x12,0x60,0xa4,0x12,0x01,0x3c,0x1a,0x04,0x02,0x00,0x3a,0x18,0x4d,0x30,0xfb,
    0x01,0x35,0x1d,0x4d,0x22,0x88,0x14,0x01,0x02,0x00,0x33,0x2b,0x4d,0x18,0x9e,0x21,
    0x03,0x02,0x00,0x2b,0x35,0x48,0x6b,0x25,0x34,0x3a,0x3a,0x00,0x4d,0x1e,0x02,0xc6,
    0x06,0x47,0x4b,0x27,0x00,0x00,0xe3,0x03,0x07,0x80,0x1c,0x03,0x02,0x00,0x15,0x05,
    0xa7,0x11,0x03,0x02,0x00,0x03,0xb0,0x0a,0x06,0x02,0x00,0x07,0xaa,0x0a,0x01,0x02,
    0x00,0x01,0xe5,0x21,0x03,0x02,0x00,0x02,0x27,0x50,0x05,0x02,0x00,0x11,0x50,0x21,
    0x00,0x35,0x00,0x00,0x18,0xa4,0x0c,0x03,0x02,0x00,0x11,0x30,0x59,0x0b,0x07,0x02,
    0x00,0x07,0x77,0x2c,0x01,0x02,0x00,0x03,0xbe,0x0b,0x06,0x02,0x00,0x31,0x18,0x4d,
    0x35,0xe6,0x02,0x02,0xce,0x02,0x12,0xcf,0x28,0x65,0x07,0x6f,0x08,0x01,0xa3,0x02,
    0x08,0xf9,0x07,0x01,0x36,0x15,0x06,0x82,0x0d,0x01,0x03,0x05,0x08,0x93,0x0d,0x01,
    0x2d,0x02,0x17,0x48,0x93,0x0d,0x01,0x38,0x04,0x14,0x35,0x2f,0x01,0x11,0x50,0xc5,
    0x00,0x31,0xe9,0x4d,0x1d,0x76,0x00,0x05,0x02,0x00,0x15,0x18,0xd6,0x0c,0x03,0x02,
    0x00,0x05,0x41,0x11,0x04,0x02,0x00,0x02,0x68,0x1f,0x07,0x02,0x00,0x19,0x18,0xa6,
    0x00,0x01,0x8c,0x2d,0x04,0x02,0x00,0x1b,0xcf,0x3e,0x14,0x04,0xfe,0x16,0x39,0x18,
    0x43,0x0a,0xa6,0x01,0x47,0x00,0x35,0x48,0x05,0x9a,0x0b,0x02,0x19,0x10,0x08,0x7a,
    0x2c,0x52,0x00,0x0a,0x4d,0x3f,0x00,0xae,0x3e,0x03,0x02,0x00,0x31,0x18,0x4d,0x35,
    0xbb,0x07,0x12,0x10,0x6c,0x00,0x59,0x50,0x00,0x27,0x4d,0x30,0x8f,0x03,0x2a,0x00,
    0x35,0xb8,0x58,0x01,0xd3,0x03,0x09,0x8f,0x03,0x45,0x00,0x48,0x4d,0x0a,0xf0,0x16,
    0x02,0x5a,0x04,0x1a,0x48,0x8f,0x03,0x43,0x0e,0x4d,0x35,0x0e,0xe5,0x1d,0x02,0x3a,
    0x13,0x39,0x9e,0x4d,0x22,0x8f,0x03,0x45,0x00,0x18,0x48,0x0e,0x52,0x18,0x01,0x02,
    0x00,0x45,0x18,0x35,0x00,0x0e,0xfb,0x06,0x01,0x1c,0x02,0x1a,0x27,0x8f,0x03,0x3a,
    0x00,0x18,0x13,0x33,0x01,0x02,0xc1,0x00,0x01,0x02,0x00,0x01,0x11,0x07,0x01,0x0a,
    0x00,0x02,0x02,0x00,0x03,0x1f,0x40,0x05,0x02,0x00,0x09,0xc1,0x05,0x01,0xae,0x0e,
    0x07,0x0a,0x04,0x11,0x0a,0xa9,0x29,0x02,0x18,0x00,0x01,0x02,0x00,0x37,0x18,0x0e,
    0x00,0x0d,0x03,0x12,0x13,0x1b,0x0a,0x21,0x05,0xb9,0x5b,0x00,0x49,0xdf,0x10,0x0a,
    0x1d,0xca,0x0c,0x01,0x9f,0x08,0x18,0x0e,0xde,0x05,0x49,0x0a,0x18,0x13,0x00,0xa0,
    0x54,0x39,0x0e,0x18,0x0a,0x7e,0x09,0x67,0x00,0x18,0x13,0x05,0x00,0x30,0xb3,0x08,
    0x61,0x05,0x27,0x05,0x00,0x05,0x30,0x0f,0x02,0x03,0x38,0x23,0x25,0x52,0x05,0xf6,
    0x43,0x01,0x02,0x00,0x2b,0x18,0x22,0xf1,0x0c,0x11,0x22,0x7e,0x09,0x01,0x1c,0x00,
    0x01,0x02,0x00,0x11,0x05,0x50,0x00,0x07,0xd6,0x00,0x02,0xb7,0x64,0x01,0x1c,0x00,
    0x02,0x02,0x00,0x11,0x35,0xc0,0x00,0x02,0x02,0x00,0x01,0x50,0x02,0x02,0xf9,0x03,
    0x01,0x02,0x00,0x12,0xe9,0x70,0x0a,0x11,0x27,0xf9,0x0e,0x07,0xb3,0x25,0x01,0xeb,
    0x20,0x17,0x00,0x17,0x11,0x04,0x31,0x20,0x13,0x22,0xde,0x01,0x05,0x74,0x17,0x04,
    0x03,0x1b,0x02,0xaa,0x0c,0x51,0x00,0x00,0x00,0x3f,0x7a,0x5a,0x00,0x33,0xff,0xb9,
    0x4d,0x6a,0x09,0x02,0x48,0x14,0x02,0x0e,0x07,0x01,0x22,0x00,0x04,0x9b,0x18,0x13,
    0x3a,0xca,0x05,0x05,0xba,0x35,0x02,0x96,0x68,0x33,0x00,0x00,0x0a,0x77,0x0d,0x05,
    0x6f,0x98,0x01,0x22,0x09,0x01,0xf8,0x0c,0x03,0x54,0x00,0x22,0x0a,0x52,0x65,0x00,
    0x14,0xd3,0x54,0x00,0x04,0x13,0x01,0x04,0x43,0x00,0x04,0x96,0x2c,0x16,0x13,0x0f,
    0x8a,0x02,0x02,0x00,0x21,0x13,0x4d,0x0f,0x0d,0x06,0x02,0x00,0x17,0x27,0x90,0x0d,
    0x01,0x02,0x00,0x12,0x71,0x5b,0x00,0x01,0x02,0x00,0x1c,0x60,0xd0,0x04,0x03,0x69,
    0x01,0x03,0xe9,0x06,0x14,0x0e,0x7f,0x00,0x31,0x0a,0x48,0x2b,0x74,0x01,0x02,0x53,
    0x10,0x01,0xbb,0x0c,0x11,0x22,0x5f,0x02,0x13,0x22,0x5a,0x01,0x41,0x00,0x2b,0x4d,
    0x18,0x45,0x0b,0x05,0xb3,0x25,0x31,0x3f,0x4d,0x13,0x18,0x0f,0x21,0x3a,0x4d,0x8a,
    0x24,0x42,0xff,0xff,0xbc,0x58,0xd2,0x2a,0x11,0x3f,0x78,0x15,0x01,0x5d,0x00,0x11,
    0x18,0xce,0x16,0x13,0x43,0xbc,0x08,0x91,0x18,0x4d,0x3f,0x27,0x30,0x00,0x00,0x00,
    0x05,0x8a,0x24,0x01,0x0f,0x01,0x32,0x30,0x30,0x2b,0xed,0x0f,0x01,0x10,0x00,0x41,
    0x00,0x30,0x4d,0x27,0xdd,0x0b,0x13,0x0a,0x04,0x0c,0x41,0x0e,0x3f,0x4d,0x18,0x0a,
    0x2a,0x21,0x39,0xf4,0xcf,0x00,0x51,0xff,0x53,0x3f,0x48,0x05,0x65,0x00,0x12,0x05,
    0xf9,0x01,0x42,0x00,0x1d,0x3a,0x30,0xd7,0x07,0x03,0xd9,0x00,0x44,0x00,0x2b,0x3a,
    0x18,0x1c,0x00,0x01,0x02,0x00,0x41,0x05,0x35,0x3a,0x0a,0x1b,0x15,0x04,0x02,0x00,
    0x43,0x0e,0x35,0x2b,0x00,0x3d,0x00,0x02,0x02,0x00,0x08,0x1f,0x07,0x1c,0x40,0xdf,
    0x11,0x01,0x11,0x00,0x01,0x02,0x00,0x01,0xe6,0x02,0x04,0x66,0x00,0x41,0x00,0x00,
    0x00,0x0e,0x21,0x07,0x07,0x4a,0x00,0x17,0x30,0xb6,0x07,0x01,0x02,0x00,0x17,0x48,
    0x2a,0x03,0x01,0x41,0x14,0x12,0x4d,0x22,0x00,0x12,0x20,0x52,0x22,0x41,0xff,0xcf,
    0x42,0x4d,0x55,0x00,0x04,0x02,0x00,0x13,0x0a,0xe2,0x85,0x05,0x02,0x00,0x16,0x0a,
    0x9b,0x1c,0x02,0x02,0x00,0x19,0x0a,0xdd,0x0b,0x01,0x79,0x10,0x0b,0xa8,0x0d,0x45,
    0x00,0x13,0x4d,0x27,0x8d,0x03,0x21,0xff,0x8f,0xca,0x01,0x08,0x1f,0x07,0x43,0x00,
    0x00,0x00,0x1d,0x73,0x02,0x05,0x02,0x00,0x16,0x1d,0xcb,0x0b,0x02,0x02,0x00,0x07,
    0x0c,0x0d,0x02,0x02,0x00,0x01,0xe9,0x01,0x04,0x02,0x00,0x02,0x11,0x09,0x02,0x02,
    0x00,0x01,0x14,0x00,0x02,0x5a,0x06,0x02,0x02,0x00,0x02,0x72,0x0f,0x04,0xce,0x02,
    0x05,0x02,0x00,0x0a,0xb7,0x06,0x2a,0x00,0x00,0xe6,0x07,0x05,0x8a,0x2d,0x07,0x02,
    0x00,0x05,0x62,0x1a,0x05,0x23,0x07,0x51,0xff,0xff,0xff,0x9e,0x20,0x10,0x00,0x02,
    0x02,0x00,0x1a,0x13,0xdc,0x5d,0x01,0x6c,0x04,0x0a,0x68,0x00,0x2a,0x1d,0x18,0x0e,
    0x07,0x24,0x00,0x22,0x51,0xa0,0x03,0x02,0x00,0x72,0x05,0x22,0x0a,0x00,0x0e,0x00,
    0x50,0xeb,0x05,0x45,0xff,0xff,0xcf,0x10,0xb2,0x22,0x04,0x02,0x00,0x0d,0xca,0x00,
    0x0a,0x3c,0x02,0x0f,0x02,0x00,0x11,0x03,0xee,0x01,0x01,0x61,0x00,0x01,0x30,0x00,
    0x08,0xb0,0x36,0x02,0xf1,0x05,0x1b,0x30,0xd4,0x03,0x0c,0xf8,0x01,0x05,0xf8,0x1b,
    0x05,0x02,0x00,0x0f,0x00,0x0c,0x00,0x03,0x66,0x03,0x0a,0x75,0x4c,0x31,0xcf,0x80,
    0x50,0x2a,0x1b,0x61,0x40,0x40,0x40,0x75,0x7a,0x5d,0x08,0x00,0x05,0x02,0x00,0x0c,
    0xc4,0x83,0x35,0x49,0x7a,0x7a,0x1c,0x00,0x01,0x02,0x00,0x31,0x4e,0x7a,0x75,0x08,
    0x00,0x05,0x02,0x00,0x42,0x58,0x7a,0x66,0x70,0x9e,0x1c,0x01,0x9c,0x12,0x13,0x30,
    0xcb,0x1c,0x07,0x02,0x00,0x06,0x1a,0x19,0x03,0x02,0x00,0x01,0x5b,0x14,0x08,0x02,
    0x00,0x05,0x1a,0x19,0x04,0x02,0x00,0x24,0x35,0x18,0x0a,0x00,0x01,0x02,0x00,0x08,
    0x1e,0x01,0x03,0x60,0x0f,0x07,0x42,0x01,0x02,0x12,0x0d,0x29,0x0e,0x22,0xd3,0x03,
    0x43,0x00,0x00,0x22,0x2b,0x23,0x3a,0x04,0x02,0x00,0x11,0x30,0xf8,0x8e,0x06,0x02,
    0x00,0x31,0x05,0x35,0x2b,0x8c,0x04,0x05,0x02,0x00,0x33,0x0e,0x3a,0x35,0x91,0x1c,
    0x0a,0x31,0x01,0x0f,0x02,0x00,0x47,0x79,0xef,0x30,0x00,0x00,0x0e,0x30,0x27,0x2c,
    0x08,0x35,0x00,0x0e,0x27,0x76,0x1d,0x02,0x02,0x00,0x3a,0x0e,0x22,0x18,0xb0,0x03,
    0x37,0x0a,0x0a,0x18,0x76,0x04,0x09,0x9b,0x44,0x01,0x02,0x00,0x02,0x40,0x0a,0x02,
    0x02,0x00,0x02,0x7e,0x03,0x03,0xb3,0x0c,0x02,0x02,0x00,0x03,0x32,0x03,0x0b,0x30,
    0x01,0x04,0xd4,0x0e,0x07,0x02,0x00,0x04,0x17,0x24,0x04,0x02,0x00,0x05,0x17,0x24,
    0x04,0x02,0x00,0x09,0x38,0x50,0x08,0x35,0x05,0x0f,0x02,0x00,0x43,0x03,0xc2,0x2f,
    0x11,0x1d,0xf5,0x16,0x07,0x02,0x00,0x09,0x26,0x0a,0x06,0xcb,0x40,0x07,0x02,0x00,
    0x0b,0x30,0x01,0x08,0x9b,0x16,0x22,0x00,0x00,0xa3,0x40,0x03,0x02,0x00,0x11,0x40,
    0x12,0x00,0x09,0xc3,0x17,0x04,0xe2,0x0b,0x0f,0x02,0x00,0x0c,0x0a,0x93,0x01,0x1a,
    0x00,0x7b,0x0f,0x01,0xfe,0x06,0x0b,0x22,0x00,0x23,0x40,0xe9,0x74,0x00,0x0f,0x02,
    0x00,0x44,0x03,0x01,0x51,0x08,0x02,0x00,0x0f,0xf4,0x01,0x31,0x24,0x48,0x0a,0x1d,
    0x05,0x05,0xef,0x05,0x0a,0xb1,0x10,0x02,0x63,0x06,0x09,0xc8,0x06,0x02,0x3f,0x1e,
    0x08,0x8a,0x00,0x02,0x3c,0x15,0x08,0x02,0x00,0x01,0x30,0x13,0x07,0x02,0x00,0x05,
    0x8a,0x08,0x04,0x02,0x00,0x37,0x22,0x58,0xa1,0xf7,0x03,0x0f,0x02,0x00,0x3d,0x12,
    0xbf,0xfa,0x01,0x04,0x91,0x42,0x02,0x02,0x00,0x31,0x05,0x05,0x00,0x24,0x39,0x05,
    0x02,0x00,0x45,0x0a,0x05,0x00,0x18,0x7c,0x1a,0x01,0x67,0x04,0x18,0x0a,0xa1,0x19,
    0x02,0x24,0x26,0x12,0x18,0xd5,0x07,0x02,0x02,0x00,0x37,0x13,0x35,0x15,0xab,0x00,
    0x04,0xa0,0x1d,0x03,0xb3,0x0c,0x01,0x02,0x00,0x11,0xcf,0x0d,0x1a,0x0b,0x1f,0x01,
    0x06,0xbd,0xbf,0x03,0x02,0x00,0x14,0x3a,0x77,0x09,0x04,0x02,0x00,0x07,0x9e,0x59,
    0x01,0x02,0x00,0x2b,0x0a,0x48,0x67,0x12,0x4f,0x18,0x4d,0x48,0x27,0xed,0x32,0x04,
    0x0f,0x02,0x00,0x2d,0x23,0xdf,0x8f,0x45,0x04,0x38,0x00,0x0a,0x48,0x19,0x14,0x01,
    0xba,0x09,0x04,0xbb,0x09,0x03,0x02,0x00,0x1d,0x0e,0x3c,0x78,0x1b,0x27,0x1c,0x02,
    0x27,0x0e,0x18,0x34,0x09,0x0a,0x3d,0x08,0x13,0x8f,0x45,0x00,0x09,0xf7,0x83,0x11,
    0x10,0x69,0x01,0x04,0x1a,0x00,0x04,0x02,0x00,0x08,0x75,0x01,0x01,0x80,0x03,0x0a,
    0x57,0x05,0x06,0xd5,0x22,0x05,0x02,0x00,0x0a,0x60,0x1a,0x04,0x75,0x2f,0x22,0x40,
    0x50,0xba,0x1e,0x61,0x80,0x80,0x80,0x84,0xa6,0x8e,0x08,0x00,0x05,0x02,0x00,0x1c,
    0x89,0x11,0x00,0x35,0x8e,0xa6,0x84,0x1d,0x00,0x01,0x02,0x00,0x21,0x98,0xa1,0x07,
    0x00,0x06,0x02,0x00,0x44,0x98,0x98,0x70,0x40,0x2d,0x01,0x01,0x02,0x00,0x08,0x38,
    0x15,0x01,0x02,0x00,0x1b,0x35,0x0f,0x01,0x1a,0x00,0x97,0x06,0x3a,0x00,0x00,0x00,
    0x36,0x0a,0x0c,0x9f,0x10,0x17,0x8f,0xce,0x01,0x05,0xac,0x04,0x08,0x15,0x00,0x01,
    0xf3,0x0b,0x0f,0x02,0x00,0xf7,0x08,0xbf,0x04,0x01,0x4b,0x02,0x0c,0x75,0x02,0x13,
    0x9f,0xdb,0x0b,0x01,0xb5,0x05,0x02,0x07,0x00,0x0a,0x76,0x11,0x3a,0x00,0x00,0x00,
    0xab,0x10,0x2a,0x00,0x00,0xf5,0x03,0x01,0x1a,0x04,0x0a,0xc5,0x08,0x3d,0x00,0x05,
    0x27,0x11,0x00,0x04,0xf4,0x03,0x03,0x08,0x00,0x11,0x0e,0xc8,0x0c,0x01,0x8b,0x07,
    0x03,0x07,0x00,0x03,0x2d,0x27,0x05,0x6e,0x00,0x05,0xed,0x28,0x04,0x09,0x00,0x14,
    0x18,0x3c,0x02,0x04,0x42,0x1a,0x04,0x82,0x2d,0x23,0x05,0x30,0x6e,0x00,0x13,0x13,
    0x76,0x06,0x14,0x0a,0x55,0x09,0x04,0x6c,0x03,0x0e,0x73,0x04,0x0b,0xb9,0x03,0x02,
    0xda,0x1c,0x01,0xad,0x40,0x04,0x02,0x00,0x04,0xbf,0x04,0x0a,0xc1,0x04,0x26,0xdf,
    0x00,0x76,0x11,0x12,0x48,0x5f,0x00,0x05,0xb2,0x25,0x13,0x00,0x86,0x03,0x14,0x3a,
    0xd9,0x0c,0x13,0x05,0xcd,0x02,0x04,0x4c,0x0f,0x03,0x36,0x0d,0x02,0xb5,0x77,0x01,
    0xf7,0x00,0x03,0x55,0x28,0x11,0x22,0xa6,0x5e,0x52,0x00,0x00,0x00,0x00,0x30,0x20,
    0x01,0x06,0xd7,0x0e,0x03,0xa1,0x12,0x14,0x3a,0xea,0x0c,0x04,0xd2,0x4c,0x14,0x43,
    0x24,0x05,0x04,0x4e,0x1c,0x05,0xff,0x4a,0x03,0xb3,0x1c,0x15,0x05,0x76,0x00,0x03,
    0x3f,0x27,0x23,0x0e,0x4d,0x2b,0x25,0x04,0x3e,0x0b,0x01,0xba,0x28,0x01,0x44,0x08,
    0x03,0xc6,0x17,0x05,0x00,0x06,0x01,0xda,0x1c,0x01,0x2d,0x0d,0x03,0xa8,0x00,0x01,
    0x1a,0x18,0x44,0x00,0x00,0x00,0x22,0x67,0x0b,0x11,0x4d,0xe4,0x00,0x08,0x7e,0x09,
    0x05,0xbf,0x04,0x0a,0x76,0x02,0x2b,0x35,0x13,0x03,0x05,0x12,0x0a,0x67,0x1e,0x06,
    0x02,0x00,0x21,0x0e,0x2b,0x52,0x5e,0x06,0x02,0x00,0x2b,0x0e,0x35,0x68,0x05,0x15,
    0x18,0x52,0x01,0x03,0x02,0x00,0x23,0x1d,0x3f,0x4a,0x10,0x04,0x02,0x00,0x14,0x27,
    0xec,0xaa,0x04,0x02,0x00,0x15,0x1d,0xea,0x12,0x03,0xc2,0x00,0x05,0x52,0x01,0x04,
    0xd4,0x0c,0x14,0x2b,0x52,0x01,0x04,0x36,0x0d,0x14,0x35,0xe8,0x24,0x01,0x25,0x30,
    0x01,0x15,0x78,0x12,0x0e,0x4f,0x00,0x03,0xa6,0x01,0x14,0x05,0xce,0x0b,0x04,0xce,
    0x02,0x14,0x05,0xa8,0x1d,0x04,0x4f,0x3d,0x14,0x05,0x9b,0x02,0x13,0x18,0xdf,0x02,
    0x05,0x7f,0x15,0x02,0x11,0x00,0x08,0x5c,0x15,0x05,0xbf,0x04,0x0a,0xc1,0x04,0x13,
    0xa6,0x27,0x0f,0x05,0x02,0x00,0x04,0x9a,0x11,0x04,0x02,0x00,0x09,0xb4,0x34,0x01,
    0xb7,0x03,0x04,0xc7,0x10,0x04,0x02,0x00,0x05,0xfa,0x2c,0x04,0x02,0x00,0x27,0x30,
    0x4d,0xd5,0x1f,0x6b,0x00,0x00,0x00,0x00,0x35,0x4d,0x67,0x0b,0x33,0x35,0x48,0x0e,
    0xec,0x00,0x03,0x02,0x00,0x32,0x3f,0x3f,0x0e,0xde,0x02,0x04,0x02,0x00,0x33,0x3f,
    0x22,0x0e,0x4a,0x01,0x03,0x02,0x00,0x13,0x35,0x27,0x01,0x05,0x02,0x00,0x03,0xb6,
    0x10,0x06,0x02,0x00,0x03,0x96,0x03,0x06,0x02,0x00,0x0a,0x52,0x00,0x0f,0x02,0x00,
    0x10,0x08,0x04,0x09,0x16,0x10,0x30,0x00,0x08,0x33,0x1a,0x11,0xde,0x89,0x02,0x07,
    0x02,0x00,0x1b,0x43,0x1b,0x02,0x14,0x0a,0xc2,0x12,0x04,0x02,0x00,0x02,0xa9,0x1e,
    0x07,0x02,0x00,0x02,0x39,0x22,0x07,0x02,0x00,0x0d,0xd8,0x0d,0x02,0x0e,0x1f,0x07,
    0x02,0x00,0x13,0x2b,0x4b,0x03,0x05,0x02,0x00,0x0d,0x60,0x07,0x1c,0x35,0xa4,0x07,
    0x1c,0x27,0xfe,0x00,0x07,0xc3,0x1f,0x02,0x02,0x00,0x0a,0x82,0x01,0x01,0x1c,0x35,
    0x01,0x07,0x00,0x0f,0x02,0x00,0x16,0x08,0x8b,0x10,0x06,0xbf,0x04,0x0a,0xc3,0x43,
    0x19,0xff,0xa1,0x07,0x01,0x45,0x11,0x01,0x07,0x00,0x06,0x02,0x00,0x04,0x10,0x03,
    0x05,0x02,0x00,0x0b,0x1b,0x02,0x06,0x79,0x05,0x04,0x02,0x00,0x1d,0x05,0xff,0x3d,
    0x0c,0x85,0x1f,0x1e,0x0a,0x11,0x00,0x04,0x3d,0x00,0x03,0x02,0x00,0x0d,0x65,0x00,
    0x0b,0x80,0x02,0x0e,0x54,0x0c,0x0f,0x8c,0x10,0x1f,0x0c,0x02,0x00,0x26,0x9f,0xff,
    0x01,0x00,0x03,0x3d,0x0e,0x02,0x02,0x00,0x08,0xa8,0x03,0x1b,0x9b,0xc7,0x02,0x05,
    0x16,0x04,0x04,0x02,0x00,0x0c,0x71,0x02,0x0f,0xae,0x10,0x00,0x0b,0x74,0x12,0x05,
    0x09,0x7c,0x04,0x02,0x00,0x14,0x35,0x8c,0x04,0x04,0x02,0x00,0x01,0xea,0x1f,0x08,
    0x02,0x00,0x01,0xef,0x1d,0x08,0x02,0x00,0x0c,0x09,0x15,0x0d,0x43,0x0c,0x1c,0x0e,
    0x54,0x00,0x23,0x1d,0x4d,0x8f,0x06,0x04,0x02,0x00,0x06,0xcb,0x28,0x03,0x02,0x00,
    0x0d,0x6e,0x0e,0x0a,0xeb,0x51,0x09,0x8f,0x03,0x09,0xee,0x03,0x08,0x08,0x06,0x1b,
    0xd9,0xe8,0x02,0x2b,0x18,0x3a,0x11,0x00,0x01,0x45,0x24,0x08,0x02,0x00,0x0c,0x65,
    0x34,0x03,0x3e,0x4a,0x06,0x02,0x00,0x2b,0x18,0x48,0xa4,0x13,0x08,0xea,0x39,0x01,
    0x02,0x00,0x11,0x2b,0x32,0x2b,0x07,0x02,0x00,0x13,0x35,0x9d,0x07,0x05,0x02,0x00,
    0x15,0x3f,0x36,0x27,0x02,0x02,0x00,0x07,0xeb,0x51,0x02,0x02,0x00,0x14,0x0a,0x6b,
    0x32,0x04,0x02,0x00,0x11,0x0a,0x7c,0x15,0x07,0x02,0x00,0x06,0xb4,0x08,0x03,0x02,
    0x00,0x0c,0x4b,0x3b,0x0b,0x08,0x0f,0x08,0x8f,0x03,0x02,0xba,0x11,0x04,0x02,0x00,
    0x08,0x13,0x0d,0x0d,0x91,0x03,0x0f,0x02,0x00,0xe6,0x08,0x8f,0x03,0x07,0x4e,0x08,
    0x0c,0xd4,0x11,0x09,0xaa,0x03,0x0f,0x02,0x00,0xce,0x0b,0xda,0x13,0x08,0x07,0x05,
    0x08,0x8f,0x03,0x07,0x4e,0x08,0x12,0x00,0x49,0x3d,0x05,0x02,0x00,0x09,0x0a,0x06,
    0x0e,0x35,0x05,0x04,0x78,0x0b,0x04,0x02,0x00,0x13,0x0a,0xbb,0x08,0x05,0x02,0x00,
    0x0d,0x13,0x1d,0x0b,0xc5,0x13,0x27,0x00,0x00,0x0e,0x23,0x01,0x02,0x00,0x17,0x05,
    0x7b,0x3c,0x01,0x02,0x00,0x2b,0x0e,0x48,0x7b,0x04,0x13,0x18,0x24,0x1a,0x05,0x02,
    0x00,0x0d,0x26,0x04,0x0f,0x97,0x17,0x04,0x07,0x24,0x07,0x02,0xf0,0x1b,0x07,0x9e,
    0x05,0x01,0x20,0x0c,0x01,0x51,0x1b,0x03,0x02,0x00,0x01,0x79,0x04,0x05,0x7b,0x00,
    0x08,0x8f,0x03,0x06,0xab,0x50,0x02,0x02,0x00,0x08,0x77,0x15,0x0a,0x91,0x03,0x0c,
    0x9d,0x04,0x1c,0x00,0x57,0x05,0x05,0xe1,0x32,0x04,0x02,0x00,0x14,0x27,0x9a,0x0b,
    0x04,0x02,0x00,0x27,0x3a,0x4d,0xa5,0x00,0x02,0xcf,0x16,0x01,0xab,0x00,0x05,0x02,
    0x00,0x2b,0x0a,0x4d,0xae,0x04,0x15,0x18,0xff,0x0b,0x03,0x02,0x00,0x0d,0x32,0x06,
    0x1b,0x2b,0x01,0x11,0x09,0x1a,0x25,0x01,0x02,0x00,0x1c,0x30,0xa3,0x08,0x0e,0x7b,
    0x16,0x0c,0xa3,0x08,0x07,0x13,0x16,0x05,0x92,0x21,0x02,0x02,0x00,0x03,0x8b,0x16,
    0x06,0x02,0x00,0x08,0x59,0x0e,0x09,0xac,0x03,0x2a,0x43,0x48,0x79,0x13,0x07,0x9d,
    0x6b,0x02,0x02,0x00,0x04,0x7e,0x0c,0x05,0x02,0x00,0x0d,0xaf,0x0a,0x04,0x7e,0x0c,
    0x05,0x02,0x00,0x1c,0x43,0xba,0x06,0x2a,0x4d,0x4d,0xe6,0x14,0x3a,0x0e,0x4d,0x4d,
    0x9e,0x0a,0x34,0x13,0x4d,0x43,0x0d,0x0e,0x02,0x02,0x00,0x3a,0x22,0x4d,0x35,0xd8,
    0x02,0x3c,0x22,0x4d,0x30,0x11,0x00,0x1a,0x27,0x92,0x09,0x29,0x2b,0x43,0xfe,0x1d,
    0x54,0x00,0x00,0x27,0x2b,0x35,0x4c,0x02,0x02,0x02,0x00,0x27,0x27,0x22,0x34,0x06,
    0x09,0xd4,0x05,0x0b,0x8f,0x03,0x0a,0x22,0x07,0x09,0x7d,0x02,0x24,0x05,0x0a,0x45,
    0x0c,0x03,0x02,0x00,0x11,0x0a,0x2d,0x59,0x07,0x02,0x00,0x14,0x13,0x10,0x1c,0x04,
    0x02,0x00,0x29,0x13,0x05,0x7d,0x07,0x32,0x00,0x05,0x13,0x95,0x5b,0x05,0x02,0x00,
    0x3a,0x0a,0x13,0x13,0xcb,0x00,0x2b,0x0e,0x0e,0x65,0x00,0x3a,0x0e,0x0e,0x43,0x22,
    0x00,0x16,0x13,0xd7,0x0e,0x02,0x02,0x00,0x17,0x13,0x38,0x2d,0x01,0x02,0x00,0x11,
    0x0a,0xae,0x29,0x08,0x02,0x00,0x1c,0x43,0x7b,0x0b,0x03,0x69,0x0e,0x05,0x02,0x00,
    0x01,0x83,0x26,0x08,0x02,0x00,0x08,0xa7,0x19,0x08,0x34,0x08,0x0a,0x1e,0x07,0x0c,
    0x74,0x0f,0x0e,0x4e,0x01,0x0f,0x02,0x00,0x2a,0x07,0x43,0x04,0x01,0x02,0x00,0x1c,
    0x05,0x11,0x00,0x01,0xfb,0x1d,0x08,0x02,0x00,0x19,0x0e,0xcd,0x2e,0x03,0x3f,0x94,
    0x09,0x71,0x02,0x1f,0x13,0x37,0x11,0x01,0x0a,0x2d,0x02,0x06,0xc9,0x10,0x05,0x02,
    0x00,0x1b,0x22,0x22,0x00,0x0f,0x37,0x11,0x00,0x06,0x3a,0x04,0x0f,0x72,0x03,0x06,
    0x02,0x02,0x00,0x08,0xb3,0x0a,0x15,0xaf,0xc3,0x11,0x04,0x34,0x11,0x14,0x0a,0x71,
    0x04,0x13,0x30,0x51,0x00,0x05,0x6f,0x0b,0x03,0x60,0x10,0x05,0x2b,0x1c,0x14,0x13,
    0x3f,0x0d,0x04,0xe5,0x0b,0x15,0x27,0x11,0x00,0x03,0x8f,0x0c,0x02,0x0d,0x8e,0x07,
    0xf1,0x00,0x05,0xce,0x16,0x01,0x70,0x05,0x1a,0x00,0x73,0x29,0x01,0x30,0x0c,0x04,
    0x77,0x20,0x04,0x02,0x00,0x0f,0x8b,0x0a,0x00,0x03,0x3c,0x00,0x04,0x02,0x00,0x11,
    0x22,0x9a,0x2f,0x07,0x02,0x00,0x1c,0x1d,0xad,0x04,0x0b,0xd3,0x0e,0x0c,0x61,0x0d,
    0x08,0xc6,0x37,0x1a,0xff,0x30,0x03,0x01,0x02,0x00,0x08,0x0e,0x06,0x24,0xff,0x55,
    0x61,0x04,0x13,0x05,0x36,0x04,0x05,0x6f,0x0b,0x12,0x13,0x69,0x04,0x15,0x0a,0x4d,
    0x11,0x21,0x2b,0x18,0x3f,0x00,0x05,0x6f,0x0b,0x22,0x05,0x3a,0xc5,0x01,0x05,0xa2,
    0x05,0x13,0x0e,0xe0,0x1f,0x14,0x27,0xf5,0x00,0x13,0x1d,0xff,0x05,0x14,0x30,0xda,
    0x0f,0x13,0x30,0x74,0x01,0x04,0x4a,0x0c,0x23,0x05,0x3a,0x50,0x25,0x05,0x60,0x10,
    0x13,0x3f,0x8a,0x05,0x04,0x40,0x15,0x13,0x0a,0x65,0x00,0x03,0xd2,0xa4,0x25,0x00,
    0x00,0x1f,0x63,0x03,0x29,0x00,0x24,0x00,0x0e,0xc7,0x07,0x04,0x27,0x01,0x05,0xc5,
    0x02,0x04,0x59,0x01,0x03,0xbe,0x01,0x06,0x02,0x00,0x04,0x19,0x00,0x02,0x02,0x00,
    0x08,0x7d,0x09,0x0a,0x32,0x08,0x03,0x02,0x00,0x08,0x6e,0x08,0x13,0xb1,0xd3,0x00,
    0x05,0xda,0x01,0x13,0x3f,0xd3,0x00,0x04,0xb9,0x2a,0x03,0x4f,0x35,0x06,0x56,0x11,
    0x06,0x01,0x26,0x03,0x5b,0x01,0x05,0x37,0x07,0x04,0x5b,0x01,0x05,0xb4,0x48,0x04,
    0x36,0x04,0x14,0x22,0xe0,0x57,0x04,0x5b,0x01,0x05,0x3a,0xb8,0x13,0x27,0x84,0x07,
    0x14,0x27,0x17,0x0c,0x04,0x9f,0x12,0x05,0x35,0x31,0x04,0x31,0x12,0x05,0x25,0x02,
    0x04,0x0f,0x12,0x02,0xad,0x01,0x07,0xc7,0x22,0x05,0x06,0x01,0x05,0x28,0x08,0x03,
    0x02,0x00,0x14,0x05,0xd3,0x00,0x04,0x02,0x00,0x04,0xc7,0x22,0x01,0x02,0x00,0x09,
    0xee,0x05,0x0f,0x92,0x0a,0x02,0x08,0x96,0x16,0x04,0x7a,0x51,0x06,0x9a,0x14,0x04,
    0x02,0x00,0x0b,0xfb,0x44,0x09,0xa3,0x52,0x02,0x02,0x00,0x1c,0x2b,0x40,0x0d,0x1b,
    0x3a,0xca,0x0c,0x24,0x0a,0x43,0x95,0x13,0x03,0x02,0x00,0x0c,0xdc,0x05,0x2b,0x00,
    0x18,0x61,0x13,0x2c,0x00,0x22,0x7f,0x09,0x01,0xea,0x31,0x08,0x02,0x00,0x0b,0xfb,
    0x06,0x34,0x00,0x00,0x27,0x59,0x02,0x04,0x02,0x00,0x05,0x5b,0x01,0x04,0x02,0x00,
    0x04,0x82,0x02,0x05,0x02,0x00,0x04,0x74,0x04,0x0c,0x91,0x0a,0x0f,0xd0,0x83,0x03,
    0x09,0x83,0x09,0x0f,0xc7,0x17,0x04,0x0f,0x0d,0x0b,0x08,0x03,0x02,0x00,0x0c,0x68,
    0x10,0x02,0x30,0x23,0x07,0x02,0x00,0x15,0x0e,0x02,0x02,0x03,0x02,0x00,0x04,0x5f,
    0x16,0x05,0x02,0x00,0x04,0xc4,0x13,0x05,0x02,0x00,0x0c,0x11,0x00,0x04,0xff,0x13,
    0x05,0x02,0x00,0x02,0x84,0x23,0x07,0x02,0x00,0x0d,0x53,0x06,0x15,0x05,0x67,0x02,
    0x0f,0x02,0x00,0x14,0x07,0xe6,0x25,0x0e,0x7d,0x09,0x02,0x02,0x00,0x08,0x8a,0x22,
    0x02,0x41,0x07,0x02,0x95,0x23,0x07,0x02,0x00,0x1c,0x35,0xed,0x00,0x0c,0xe5,0x02,
    0x09,0xfc,0x2e,0x01,0xe7,0x01,0x0c,0xd4,0x07,0x04,0x4a,0x03,0x05,0x02,0x00,0x25,
    0x43,0x4d,0x0b,0x00,0x02,0x02,0x00,0x0e,0xf6,0x07,0x0b,0x90,0x02,0x01,0x95,0x23,
    0x08,0x02,0x00,0x1c,0x18,0x65,0x00,0x1c,0x22,0x54,0x00,0x13,0x22,0x4b,0x17,0x05,
    0x02,0x00,0x0d,0xff,0x05,0x19,0x27,0x52,0x01,0x08,0x4d,0x08,0x06,0x28,0x34,0x0a,
    0x02,0x00,0x09,0x24,0x00,0x0f,0x53,0x08,0x14,0x09,0x65,0x00,0x01,0xcb,0x06,0x02,
    0x07,0x00,0x05,0x02,0x00,0x05,0x6a,0x07,0x04,0x02,0x00,0x05,0x6a,0x07,0x04,0x02,
    0x00,0x12,0x13,0x31,0x06,0x06,0x02,0x00,0x1c,0x18,0x11,0x00,0x01,0x5a,0x26,0x08,
    0x02,0x00,0x03,0x85,0x06,0x06,0x02,0x00,0x08,0x4a,0x03,0x01,0x02,0x00,0x11,0x05,
    0x06,0x00,0x0f,0x02,0x00,0x27,0x08,0x4d,0x08,0x02,0x3c,0x02,0x0f,0x02,0x00,0x00,
    0x08,0x84,0x02,0x01,0xab,0x29,0x0c,0x10,0x12,0x34,0x00,0x00,0x30,0x82,0x05,0x03,
    0x02,0x00,0x2a,0x05,0x35,0x57,0x0a,0x27,0x00,0x0e,0x22,0x0b,0x01,0x02,0x00,0x0c,
    0xfe,0x17,0x2f,0x00,0x27,0x8b,0x19,0x03,0x07,0x02,0x00,0x0c,0xb9,0x0c,0x0e,0xbb,
    0x11,0x0c,0x6d,0x15,0x13,0x0e,0x47,0x19,0x05,0x02,0x00,0x0e,0xbb,0x11,0x0c,0x1a,
    0x03,0x05,0x30,0x07,0x04,0x02,0x00,0x08,0x6c,0x04,0x08,0x71,0x16,0x0f,0x9c,0x04,
    0x05,0x0b,0x16,0x22,0x6c,0x40,0x00,0x00,0x00,0x00,0x3f,0xd8,0x02,0x0e,0x2c,0x03,
    0x0b,0xe1,0x21,0x08,0x22,0x0b,0x01,0x02,0x00,0x05,0xf9,0x19,0x04,0x02,0x00,0x1c,
    0x3f,0xfa,0x0d,0x1b,0x4d,0x4e,0x03,0x3a,0x0e,0x4d,0x4d,0x1f,0x02,0x09,0x80,0x14,
    0x26,0x0a,0x05,0x51,0x07,0x01,0x02,0x00,0x2a,0x0e,0x05,0x6f,0x32,0x01,0x03,0x09,
    0x08,0xd9,0x2f,0x58,0x0a,0x22,0x13,0x00,0x00,0x03,0x7f,0x3a,0x13,0x27,0x1d,0x95,
    0x01,0x3a,0x18,0x35,0x22,0x6c,0x04,0x08,0x9b,0x04,0x05,0xfc,0x06,0x0d,0x02,0x00,
    0x09,0x44,0x07,0x67,0xce,0x48,0x05,0x05,0x00,0x0a,0x8b,0x0b,0x45,0x22,0x35,0x13,
    0x0a,0xc0,0x0a,0x01,0x3f,0x0b,0x34,0x1d,0x22,0x0a,0x8b,0x19,0x01,0x02,0x00,0x49,
    0x1d,0x13,0x27,0x0a,0x8c,0x05,0x44,0x27,0x13,0x35,0x05,0x8b,0x19,0x01,0x02,0x00,
    0x32,0x2b,0x1d,0x35,0xe7,0x8f,0x03,0x02,0x00,0x49,0x05,0x35,0x27,0x35,0xf1,0x05,
    0x46,0x22,0x3a,0x35,0x27,0xbe,0x5a,0x79,0x00,0x00,0x00,0x35,0x3a,0x35,0x1d,0xcf,
    0x1c,0x48,0x48,0x3f,0x3a,0x0e,0xe0,0x16,0x51,0x0e,0x4d,0x30,0x27,0x05,0x24,0x01,
    0x03,0x02,0x00,0x49,0x22,0x4d,0x35,0x22,0xd9,0x2f,0x44,0x35,0x4d,0x2b,0x13,0x5b,
    0x40,0x01,0x02,0x00,0x1b,0x3a,0xae,0x0e,0x06,0xab,0x1b,0x03,0x02,0x00,0x02,0xec,
    0x49,0x03,0x02,0x00,0x09,0x4e,0x0f,0x0a,0x02,0x00,0x08,0xa4,0x09,0x3a,0xff,0x53,
    0x0e,0x16,0x04,0x2b,0x05,0x0a,0x75,0x1d,0x2c,0x05,0x05,0xd6,0x50,0x05,0x16,0x43,
    0x04,0x02,0x00,0x14,0x22,0xdc,0x0b,0x04,0x02,0x00,0x1b,0x35,0x8b,0x27,0x1b,0x05,
    0xc9,0x2f,0x2b,0x05,0x0e,0x9a,0x10,0x3a,0x0a,0x18,0x4d,0xab,0x05,0x1c,0x18,0x9c,
    0x15,0x15,0x22,0x41,0x0c,0x02,0x02,0x00,0x3a,0x0a,0x2b,0x27,0xdc,0x0b,0x2b,0x13,
    0x35,0xd5,0x24,0x27,0x22,0x35,0x95,0x3a,0x01,0x51,0x23,0x1a,0x35,0xc6,0x30,0x08,
    0x5f,0x02,0x0a,0xae,0x11,0x0a,0x02,0x00,0x09,0x53,0x08,0x18,0xbf,0x5d,0x02,0x01,
    0x02,0x00,0x05,0x04,0x0d,0x04,0x02,0x00,0x0d,0x73,0x18,0x04,0x04,0x0d,0x05,0x02,
    0x00,0x0c,0x9a,0x05,0x0d,0xfa,0x07,0x0d,0x83,0x07,0x0d,0x58,0x04,0x09,0x38,0x0e,
    0x01,0x2f,0x0d,0x02,0x07,0x00,0x0f,0x02,0x00,0x47,0x09,0xbe,0x04,0x0f,0x4d,0x08,
    0x04,0x02,0x02,0x00,0x09,0x61,0x02,0x32,0x75,0x4d,0x0e,0x16,0x00,0x03,0x02,0x00,
    0x06,0x04,0x0d,0x03,0x02,0x00,0x1c,0x0e,0xb7,0x12,0x19,0x22,0x38,0x72,0x01,0x0e,
    0x0c,0x04,0xa0,0x0c,0x03,0x02,0x00,0x1c,0x35,0x68,0x3a,0x14,0x35,0x15,0x0d,0x04,
    0x02,0x00,0x05,0x4a,0x0c,0x04,0x02,0x00,0x1c,0x48,0x00,0x0b,0x1c,0x48,0x69,0x0a,
    0x0c,0x21,0x00,0x04,0x53,0x42,0x05,0x02,0x00,0x0c,0xe3,0x32,0x04,0x5f,0x2e,0x0f,
    0x02,0x00,0x04,0x09,0x5f,0x02,0x0f,0x3b,0x0e,0x00,0x06,0x02,0x00,0x09,0x5a,0x01,
    0x1b,0xd3,0x89,0x05,0x2b,0x05,0x48,0x31,0x01,0x2b,0x0a,0x48,0xb5,0x19,0x1b,0x18,
    0x9d,0x84,0x25,0x00,0x1d,0xb3,0x68,0x03,0x02,0x00,0x2b,0x2b,0x4d,0x5f,0x03,0x1c,
    0x2b,0x3c,0x04,0x2b,0x30,0x4d,0x42,0x01,0x0d,0x9f,0xcc,0x06,0xda,0x4f,0x03,0x02,
    0x00,0x1b,0x30,0x54,0x00,0x14,0x05,0x1f,0x30,0x05,0x02,0x00,0x0d,0xe1,0x33,0x1a,
    0x13,0xe5,0x03,0x36,0x00,0x00,0x13,0x40,0x07,0x09,0x05,0x01,0x02,0x28,0x08,0x0f,
    0x02,0x00,0x06,0x09,0x5b,0x01,0x19,0x5d,0x62,0x0d,0x2a,0x1d,0x0a,0x47,0x34,0x35,
    0x05,0x35,0x0a,0x4d,0x2f,0x01,0x02,0x00,0x36,0x13,0x3a,0x0a,0x46,0x0e,0x02,0xc6,
    0x0c,0x15,0x05,0xb2,0x2f,0x01,0x02,0x00,0x26,0x30,0x3f,0xb2,0x2f,0x01,0x02,0x00,
    0x44,0x3f,0x3a,0x00,0x2b,0xdb,0x0f,0x01,0x6b,0x03,0x21,0x48,0x2b,0xa4,0x37,0x02,
    0x0e,0x00,0x01,0xe9,0x72,0x14,0x1d,0x0b,0x44,0x02,0x02,0x00,0x45,0x18,0x43,0x13,
    0x05,0x26,0x4a,0x01,0x76,0x06,0x18,0x35,0x0b,0x65,0x56,0x00,0x00,0x00,0x18,0x27,
    0x26,0x4d,0x01,0x02,0x00,0x24,0x13,0x13,0xa6,0x43,0x03,0x02,0x00,0x49,0x18,0x05,
    0x00,0x0e,0x37,0x02,0x19,0x13,0x18,0x04,0x09,0x04,0x01,0x01,0x27,0x08,0x0f,0x02,
    0x00,0x07,0x09,0x5c,0x01,0x0a,0xa9,0x09,0x1b,0x27,0x9c,0x0a,0x02,0x16,0x60,0x07,
    0x02,0x00,0x1c,0x13,0x18,0x03,0x37,0x22,0x48,0x05,0x1f,0x00,0x07,0x70,0x10,0x05,
    0x02,0x00,0x04,0xdc,0x31,0x04,0x02,0x00,0x0d,0x44,0x1c,0x0c,0x26,0x14,0x2b,0x00,
    0x18,0x7d,0x08,0x2b,0x00,0x18,0xfd,0x0b,0x0a,0x89,0xa2,0x01,0xe2,0x0e,0x07,0x80,
    0x01,0x01,0x02,0x00,0x02,0x63,0x11,0x07,0x02,0x00,0x09,0x21,0x0b,0x09,0xb7,0x0b,
    0x0f,0x5f,0x02,0x0c,0x0b,0x5d,0x01,0x0f,0xaa,0x09,0x06,0x0f,0x02,0x00,0xc9,0x08,
    0xb6,0x0b,0x0f,0x0b,0x0d,0x05,0x06,0x02,0x00,0x09,0x61,0x02,0x0f,0xab,0x09,0x07,
    0x0f,0x02,0x00,0xc7,0x09,0xcb,0x2d,0x0f,0x5f,0x02,0x0e,0x0b,0x61,0x02,0x01,0x91,
    0x35,0x04,0x02,0x00,0x1c,0x18,0x44,0x2e,0x34,0x22,0x35,0x05,0x1c,0x00,0x02,0x02,
    0x00,0x0f,0xc9,0x0c,0x0e,0x13,0x0e,0x9a,0x34,0x05,0x02,0x00,0x06,0x27,0x65,0x03,
    0x02,0x00,0x1c,0x1d,0x2e,0x0d,0x1c,0x27,0x65,0x00,0x0d,0xba,0x11,0x0c,0xbf,0x10,
    0x02,0xf7,0x5f,0x07,0x02,0x00,0x02,0xd1,0x43,0x07,0x02,0x00,0x1c,0x05,0xa2,0x03,
    0x03,0xbf,0x10,0x03,0xaf,0x73,0x06,0x02,0x00,0x0f,0xbe,0x04,0x0c,0x1b,0x00,0x53,
    0x27,0x43,0xff,0xff,0x20,0x0a,0xaf,0x00,0x01,0xd7,0x9e,0x16,0x18,0xef,0x27,0x24,
    0x13,0x35,0x1a,0x14,0x03,0x96,0x09,0x24,0x2b,0x3f,0xc2,0x26,0x03,0x11,0x00,0x21,
    0x3a,0x3a,0xa3,0x3d,0x06,0x61,0x6b,0x24,0x48,0x35,0xb9,0x26,0x02,0xaf,0x00,0x34,
    0x0e,0x4d,0x2b,0xd5,0x25,0x02,0xac,0x12,0x33,0x22,0x4d,0x22,0x09,0xb9,0x03,0x66,
    0x93,0x32,0x27,0x4d,0x0e,0x38,0x3f,0x04,0x95,0x04,0x33,0x35,0x48,0x05,0xae,0x21,
    0x03,0xfc,0x19,0x21,0x30,0x30,0xa3,0x3d,0x33,0x00,0x00,0x00,0x20,0x19,0x23,0x2b,
    0x1d,0x27,0x2d,0x22,0x0e,0x48,0xda,0x0e,0x23,0x2b,0x0a,0x27,0x27,0x04,0xe8,0x0a,
    0x41,0x22,0x00,0x00,0x13,0x97,0x00,0x13,0x30,0x15,0x15,0x12,0x1d,0xce,0x00,0x02,
    0xd9,0x48,0x09,0x52,0x09,0x0f,0x7c,0x09,0x0a,0x04,0x02,0x00,0x09,0x32,0x00,0x14,
    0xbf,0x30,0x01,0x13,0x27,0xc2,0x68,0x04,0x1f,0x29,0x24,0x0a,0x27,0x84,0x07,0x03,
    0x1f,0x01,0x24,0x1d,0x35,0x50,0x18,0x03,0x11,0x00,0x24,0x2b,0x2b,0xfb,0x01,0x03,
    0x60,0x05,0x24,0x35,0x27,0x98,0x29,0x02,0x30,0x01,0x43,0x0a,0x43,0x22,0x00,0x2e,
    0x0d,0x02,0x30,0x01,0x33,0x18,0x4d,0x18,0x02,0x3f,0x12,0x0a,0xd7,0x0f,0x33,0x1d,
    0x3f,0x0a,0x2e,0x0d,0x03,0x06,0x3b,0x24,0x27,0x35,0xbf,0x10,0x03,0x30,0x01,0x24,
    0x27,0x27,0x36,0x0b,0x03,0x30,0x01,0x23,0x1d,0x13,0xe2,0x0a,0x01,0x84,0x3e,0x03,
    0x91,0x13,0x01,0x48,0x0a,0x04,0x5f,0x27,0x02,0x7d,0x00,0x01,0x0e,0x09,0x02,0xe8,
    0x05,0x01,0x1e,0x00,0x01,0x2d,0x0a,0x04,0x36,0x52,0x04,0x02,0x00,0x11,0x20,0x18,
    0x00,0x0f,0x02,0x00,0x0c,0x04,0x50,0x36,0x02,0x02,0x00,0x11,0x80,0xbd,0x01,0x06,
    0x02,0x00,0x0c,0x9f,0x0c,0x06,0x9e,0x51,0x04,0x02,0x00,0x13,0x2b,0xb7,0x01,0x05,
    0x02,0x00,0x1b,0x3f,0xf8,0x0a,0x1c,0x00,0x41,0x26,0x1c,0x0a,0x27,0x07,0x01,0xd8,
    0x4a,0x08,0x02,0x00,0x0a,0x21,0x08,0x07,0xe1,0x57,0x05,0x02,0x00,0x0d,0x87,0x14,
    0x0b,0xce,0x0d,0x0a,0x80,0x10,0x01,0x02,0x00,0x0b,0xf0,0x07,0x49,0x00,0x0e,0x0e,
    0x0a,0x2b,0x2e,0x0f,0x5f,0x02,0x13,0x0b,0xf2,0x04,0x16,0xf4,0x36,0x5c,0x01,0x02,
    0x00,0x04,0x6c,0x17,0x05,0x02,0x00,0x01,0x85,0x44,0x08,0x02,0x00,0x04,0xc8,0x01,
    0x05,0x02,0x00,0x1d,0x43,0x30,0x01,0x0b,0x45,0x0e,0x1b,0x0a,0x34,0x0e,0x14,0x00,
    0x65,0x3c,0x05,0x02,0x00,0x1c,0x0e,0x84,0x01,0x04,0x91,0x6d,0x05,0x02,0x00,0x0d,
    0x85,0x20,0x08,0xc6,0x0f,0x01,0x02,0x00,0x0d,0xbd,0x0d,0x0c,0x30,0x01,0x0b,0xeb,
    0x32,0x05,0x0f,0x69,0x0f,0x02,0x00,0x0d,0x09,0xb7,0xa2,0x23,0xff,0x94,0x2f,0x00,
    0x04,0x71,0x19,0x05,0x12,0x0e,0x03,0x91,0x00,0x06,0x1b,0x10,0x02,0x8e,0x03,0x06,
    0x1b,0x10,0x04,0xcd,0x1b,0x02,0x88,0x0e,0x11,0x0a,0xa7,0xd1,0x01,0x4d,0x00,0x01,
    0x23,0x0e,0x34,0x05,0x0e,0x00,0x8e,0x03,0x02,0xfb,0x01,0x24,0x0a,0x0e,0x36,0x2a,
    0x03,0x02,0x00,0x01,0x58,0x5f,0x06,0x77,0x0b,0x01,0x43,0x00,0x0e,0xc4,0xe1,0x06,
    0x71,0x8b,0x03,0x02,0x00,0x05,0xa1,0x00,0x04,0x02,0x00,0x04,0x81,0x03,0x05,0x02,
    0x00,0x0b,0xa6,0x06,0x06,0x02,0x00,0x0b,0x5b,0x03,0x06,0x19,0x00,0x0f,0x02,0x00,
    0x0b,0x09,0xb2,0x09,0x22,0xff,0x40,0x47,0x26,0x09,0x48,0x16,0x2b,0x30,0x2b,0xb7,
    0x12,0x24,0x48,0x22,0xdd,0x05,0x02,0x02,0x00,0x58,0x0e,0x4d,0x22,0x00,0x1d,0x2d,
    0x13,0x34,0x22,0x4d,0x1d,0xee,0x05,0x02,0x02,0x00,0x32,0x35,0x4d,0x0e,0x75,0x47,
    0x04,0x02,0x00,0x33,0x3f,0x4d,0x0a,0xee,0x05,0x03,0x02,0x00,0x2b,0x48,0x48,0x65,
    0x00,0x33,0x4d,0x35,0x00,0xee,0x05,0x02,0x02,0x00,0x53,0x0a,0x4d,0x22,0x00,0x0e,
    0xfb,0x2c,0x01,0x02,0x00,0x25,0x0e,0x43,0x1f,0x46,0x02,0x02,0x00,0x28,0x0e,0x35,
    0x02,0x50,0x03,0x25,0x5a,0x02,0xee,0x05,0x03,0x02,0x00,0x22,0x18,0x18,0x7b,0x05,
    0x01,0x02,0x00,0x09,0xda,0x0b,0x0a,0xae,0x0b,0x0f,0x02,0x00,0x0a,0x0a,0x38,0x00,
    0x11,0x10,0x16,0x42,0x02,0x31,0x2c,0x03,0x02,0x00,0x41,0x18,0x13,0x00,0x00,0x3d,
    0x3c,0x04,0x02,0x00,0x22,0x22,0x13,0x45,0x01,0x04,0x02,0x00,0x62,0x05,0x35,0x0e,
    0x00,0x0a,0x35,0xa2,0x06,0x01,0x02,0x00,0x3a,0x0e,0x3a,0x0a,0x7c,0x15,0x3a,0x1d,
    0x3a,0x0a,0x07,0x2f,0x58,0x27,0x35,0x00,0x00,0x1d,0xb3,0x08,0x2b,0x2b,0x2b,0x4e,
    0x08,0x22,0x35,0x1d,0xe1,0x05,0x05,0x02,0x00,0x24,0x27,0x0e,0x53,0x06,0x02,0x02,
    0x00,0x01,0x5d,0x19,0x08,0x08,0x1a,0x2c,0x05,0x0e,0xfc,0x29,0x12,0x0a,0x15,0x00,
    0x05,0x02,0x00,0x01,0x1d,0x22,0x03,0x71,0x02,0x03,0x35,0x3f,0x03,0x02,0x00,0x15,
    0x40,0x24,0x00,0x0f,0x02,0x00,0x0e,0x09,0xdc,0x1d,0x01,0xe7,0x3b,0x0f,0x02,0x00,
    0xd1,0x0a,0x8e,0x03,0x02,0x3b,0x3b,0x0f,0x02,0x00,0x14,0x08,0x8c,0x1c,0x0f,0x6a,
    0x01,0x1a,0x0f,0x02,0x00,0xa9,0x09,0x56,0x03,0x1f,0xef,0x4c,0x08,0x12,0x04,0x02,
    0x00,0x19,0x10,0x45,0x0d,0x33,0xdf,0x32,0x05,0xef,0x08,0x03,0x02,0x00,0x24,0x18,
    0x22,0x9e,0x60,0x02,0x02,0x00,0x39,0x0a,0x22,0x22,0x83,0x18,0x58,0x0a,0x13,0x27,
    0x18,0x13,0xf9,0x18,0x49,0x0a,0x0e,0x27,0x0e,0xba,0x0b,0x49,0x0e,0x18,0x27,0x0e,
    0x74,0x1d,0x48,0x13,0x13,0x22,0x05,0x19,0x2b,0x49,0x05,0x13,0x0e,0x18,0xe8,0x18,
    0x43,0x05,0x13,0x0a,0x0a,0x8e,0x50,0x03,0x02,0x00,0x39,0x0a,0x0e,0x05,0xfe,0x16,
    0x01,0x18,0x20,0x1b,0x27,0xf6,0x06,0x1c,0x0a,0x2d,0x13,0x0d,0xdf,0x27,0x04,0x1b,
    0x19,0x0a,0x8e,0x03,0x09,0xda,0x0c,0x0f,0x02,0x00,0x0f,0x09,0x4e,0x21,0x29,0xff,
    0xc7,0xde,0x8a,0x61,0x0e,0x4d,0x4d,0x4d,0x27,0x4d,0x23,0x0b,0x02,0x02,0x00,0x58,
    0x22,0x4d,0x4d,0x4d,0x30,0x78,0x05,0x11,0x3a,0x22,0x00,0x07,0x39,0x10,0x39,0x48,
    0x4d,0x4d,0x32,0x85,0x01,0x43,0x00,0x08,0x05,0x38,0x67,0x13,0x4d,0x4d,0x4d,0x1d,
    0x4d,0x7c,0x10,0x12,0x27,0x11,0x00,0x02,0x61,0x00,0x02,0xc9,0x1c,0x29,0x4d,0x48,
    0x8a,0x1c,0x42,0x30,0x48,0x4d,0x30,0x82,0xd8,0x03,0x02,0x00,0x44,0x35,0x35,0x4d,
    0x18,0x4a,0x20,0x01,0x02,0x00,0x34,0x35,0x22,0x4d,0xc0,0x20,0x02,0x02,0x00,0x3b,
    0x2b,0x05,0x27,0x11,0x00,0x42,0x00,0x0a,0x00,0x3a,0x70,0x13,0x0a,0x84,0x04,0x0f,
    0x32,0x21,0x02,0x0f,0x02,0x00,0x09,0x13,0xaf,0xf6,0x04,0x02,0x02,0x00,0x22,0x64,
    0x18,0x82,0x0b,0x01,0x02,0x00,0x58,0x05,0x13,0x2b,0x35,0x05,0xb5,0x0d,0x44,0x0e,
    0x22,0x35,0x35,0x3d,0x08,0x01,0x02,0x00,0x43,0x18,0x27,0x35,0x2b,0xba,0x0b,0x02,
    0x02,0x00,0x49,0x22,0x27,0x3a,0x1d,0x11,0x00,0x48,0x30,0x27,0x3a,0x13,0x42,0x06,
    0x58,0x0a,0x35,0x27,0x35,0x0a,0x6c,0x3d,0x49,0x0e,0x30,0x22,0x22,0xe8,0x18,0x49,
    0x0e,0x27,0x1d,0x18,0x5e,0x19,0x41,0x0e,0x22,0x18,0x0e,0x09,0x65,0x04,0x02,0x00,
    0x4a,0x0a,0x0a,0x0e,0x05,0x11,0x00,0x39,0x05,0x0a,0x00,0x82,0x02,0x11,0x05,0x20,
    0x82,0x04,0xd0,0x0b,0x03,0x02,0x00,0x02,0x64,0x06,0x18,0x10,0x72,0x1c,0x0f,0x56,
    0x15,0x0c,0x0f,0x02,0x00,0x01,0x0a,0x85,0x09,0x19,0xef,0x5f,0x13,0x0f,0x02,0x00,
    0xa7,0x0d,0xe4,0x0b,0x14,0x1d,0xbf,0x03,0x09,0x06,0x0e,0x0f,0x7b,0x09,0x17,0x06,
    0x02,0x00,0x0a,0x92,0x03,0x03,0x19,0x75,0x03,0x02,0x00,0x06,0xa4,0x0a,0x03,0x02,
    0x00,0x0e,0xb5,0x1e,0x07,0x90,0x02,0x01,0x02,0x00,0x1c,0x13,0x36,0x0a,0x1b,0x18,
    0xe7,0x01,0x0e,0x15,0x32,0x0c,0x79,0x0a,0x1c,0x05,0x43,0x00,0x1c,0x05,0x43,0x00,
    0x01,0x1d,0x08,0x0f,0x02,0x00,0x22,0x0a,0x73,0x0a,0x0f,0x8e,0x03,0x1e,0x0c,0x28,
    0x46,0x07,0x4c,0x0d,0x1b,0x0a,0x1f,0x1d,0x01,0x07,0x27,0x08,0x9f,0x31,0x3a,0x05,
    0x1d,0x05,0x68,0x0a,0x32,0x05,0x22,0x05,0xee,0x51,0x02,0x58,0x00,0x02,0x6c,0x1e,
    0x09,0x84,0x1d,0x2b,0x18,0x22,0x69,0x0d,0x27,0x22,0x18,0x30,0x26,0x01,0xdb,0x16,
    0x1b,0x0a,0x1b,0x19,0x22,0x13,0x05,0xf3,0x0a,0x02,0x1f,0x00,0x03,0x36,0x0f,0x21,
    0x43,0x48,0x0b,0x00,0x06,0x02,0x00,0x1c,0x48,0x18,0x03,0x0c,0x02,0x1c,0x12,0x00,
    0x65,0x05,0x01,0xa5,0x66,0x06,0x02,0x00,0x0c,0x36,0x00,0x0f,0x02,0x00,0x12,0x0a,
    0x92,0x03,0x23,0xff,0x7e,0x9c,0x00,0x93,0x3a,0x27,0x00,0x00,0x18,0x43,0x18,0x00,
    0x18,0x3e,0x31,0x85,0x0a,0x4d,0x27,0x00,0x00,0x27,0x48,0x13,0x0e,0x13,0x01,0x0e,
    0x22,0x35,0x3f,0x48,0x0a,0x4c,0x5a,0x76,0x27,0x4d,0x13,0x00,0x05,0x43,0x43,0xca,
    0xd8,0x74,0x3a,0x4d,0x13,0x00,0x0a,0x48,0x3a,0xae,0x10,0x02,0xb5,0x0b,0x36,0x13,
    0x48,0x2b,0x6d,0x04,0x22,0x4d,0x43,0xae,0x10,0x04,0xcd,0x06,0x01,0xca,0x38,0x34,
    0x22,0x3a,0x0e,0x1e,0x11,0x02,0xd8,0x22,0x26,0x27,0x35,0x52,0x1e,0x01,0xb5,0x0b,
    0x14,0x27,0xa8,0xe8,0x01,0x86,0x3e,0x0a,0x9d,0x54,0x02,0x62,0x22,0x07,0xe9,0x1d,
    0x02,0x11,0x00,0x01,0xb4,0x02,0x0b,0xbd,0x04,0x0f,0x1c,0x07,0x1c,0x04,0x02,0x00,
    0x0a,0x92,0x03,0x22,0xff,0x5b,0x18,0x00,0x04,0x03,0x04,0x04,0xc3,0x26,0x01,0x60,
    0x02,0x02,0xf5,0x00,0x02,0x84,0x03,0x01,0x60,0x02,0x02,0x11,0x00,0x01,0x8d,0x00,
    0x05,0xd3,0x07,0x04,0x28,0x27,0x01,0x60,0x02,0x01,0x59,0x17,0x04,0x54,0x07,0x03,
    0x8b,0x0e,0x02,0x7c,0xb2,0x01,0x4f,0x02,0x02,0x6a,0x11,0x03,0x8b,0x56,0x07,0x03,
    0x14,0x05,0x7b,0x45,0x13,0x13,0x94,0x0b,0x02,0x12,0x59,0x03,0x60,0x02,0x01,0x49,
    0x51,0x0c,0x1d,0x02,0x0c,0x3b,0x26,0x02,0x3b,0xb0,0x08,0x02,0x00,0x1a,0x13,0xdd,
    0x06,0x0f,0x8e,0x03,0x22,0x0c,0x17,0x39,0x07,0xaf,0x0f,0x02,0x1b,0x07,0x04,0x60,
    0x02,0x05,0x58,0x0f,0x13,0x22,0x5a,0x14,0x05,0x47,0x0f,0x15,0x2b,0xba,0x00,0x02,
    0x1b,0x07,0x05,0xae,0x39,0x04,0x5d,0x0d,0x05,0x38,0x3c,0x04,0x32,0x01,0x23,0x0a,
    0x27,0xc5,0x02,0x04,0x65,0x00,0x04,0x1c,0x09,0x05,0x32,0x01,0x06,0xb7,0x36,0x03,
    0xc8,0x99,0x02,0xcd,0x0f,0x01,0x87,0x00,0x03,0x9e,0x01,0x12,0x05,0x0f,0x00,0x0f,
    0xdf,0x04,0x00,0x0f,0x02,0x00,0x05,0x09,0x83,0x16,0x05,0x10,0x83,0x0f,0x02,0x00,
    0x1f,0x0b,0xa7,0x02,0x21,0xcf,0x10,0x5a,0x52,0x04,0x9a,0x63,0x01,0x02,0x00,0x21,
    0x05,0x0a,0xa6,0x1d,0x01,0x0c,0x00,0x05,0x02,0x00,0x09,0x7b,0x09,0x01,0xf4,0x01,
    0x0c,0x63,0x22,0x08,0x7b,0x09,0x01,0x02,0x00,0x04,0x8c,0x02,0x04,0x02,0x00,0x05,
    0x8c,0x02,0x01,0xf9,0x00,0x1b,0x0a,0xe6,0x2f,0x01,0xba,0x10,0x08,0x54,0x00,0x22,
    0x1d,0x0a,0xf7,0x03,0x02,0x30,0x00,0x03,0x52,0x27,0x17,0x27,0x23,0x0a,0x01,0x79,
    0x01,0x12,0x27,0xad,0x04,0x01,0x02,0x00,0x01,0x4c,0x4b,0x11,0x27,0xfe,0x10,0x0a,
    0xec,0x05,0x0f,0xe5,0x19,0x29,0x0b,0x07,0x05,0x41,0x9f,0x13,0x27,0x48,0x68,0xa1,
    0x01,0x72,0x00,0x01,0xbb,0x11,0x61,0x2b,0x35,0x00,0x00,0x0a,0x35,0x77,0x00,0x01,
    0xa8,0x00,0x57,0x13,0x35,0x27,0x00,0x00,0xdb,0x0b,0x3a,0x0a,0x13,0x3f,0x57,0x7c,
    0x49,0x0a,0x18,0x43,0x0e,0x4f,0x29,0x49,0x0e,0x22,0x48,0x0a,0xf4,0x36,0x3b,0x0e,
    0x1d,0x43,0x33,0x33,0x49,0x30,0x3f,0x00,0x00,0xdb,0x0b,0x23,0x3f,0x30,0x13,0x01,
    0x04,0x02,0x00,0x2a,0x4d,0x27,0xb9,0x0b,0x01,0x44,0x05,0x03,0xd5,0x16,0x01,0x02,
    0x00,0x01,0x77,0x2b,0x06,0x8c,0x02,0x02,0x44,0x05,0x02,0x8c,0x02,0x0c,0xe5,0x00,
    0x01,0x30,0x00,0x0f,0x02,0x00,0x24,0x0b,0x7b,0x01,0x38,0xb1,0x4d,0x35,0x74,0x00,
    0x65,0x00,0x35,0x4d,0x4d,0x35,0x0e,0x43,0x03,0x01,0xc9,0x49,0x28,0x4d,0x35,0x8c,
    0x53,0x37,0x00,0x48,0x4d,0x18,0x8c,0x01,0xe8,0x50,0x38,0x4d,0x4d,0x27,0xb4,0x29,
    0x53,0x0e,0x4d,0x4d,0x4d,0x1d,0xb1,0x16,0x01,0x02,0x00,0x49,0x1d,0x4d,0x4d,0x4d,
    0x7d,0x08,0x3a,0x22,0x4d,0x4d,0xad,0x3c,0x49,0x22,0x48,0x4d,0x30,0x55,0x21,0x35,
    0x27,0x3a,0x48,0x48,0x09,0x01,0x02,0x00,0x2b,0x27,0x27,0x33,0x2b,0x11,0x27,0x4f,
    0x02,0x07,0x02,0x00,0x15,0x18,0x0b,0x50,0x0a,0x66,0x0f,0x0b,0x39,0x09,0x0f,0x02,
    0x00,0x1e,0x0a,0xc7,0x09,0x25,0xff,0x78,0x68,0x4f,0x01,0x02,0x00,0x48,0x2b,0x4d,
    0x22,0x0a,0xb4,0x0c,0x45,0x00,0x3a,0x4d,0x22,0xc8,0x6a,0x01,0x02,0x00,0x32,0x43,
    0x48,0x18,0x08,0x98,0x03,0x02,0x00,0x3a,0x0a,0x48,0x48,0x18,0x8c,0x48,0x0e,0x4d,
    0x3a,0x13,0x8e,0x08,0x53,0x00,0x18,0x4d,0x30,0x0e,0x63,0x2d,0x02,0x02,0x00,0x2b,
    0x18,0x48,0x65,0x00,0x44,0x18,0x3a,0x0a,0x0a,0x2a,0x06,0x01,0x02,0x00,0x25,0x1d,
    0x35,0xae,0x17,0x02,0x02,0x00,0x49,0x1d,0x1d,0x00,0x0e,0xd5,0x15,0x49,0x18,0x0e,
    0x00,0x0e,0x6c,0x08,0x05,0x6e,0x81,0x0b,0x74,0x04,0x0f,0x99,0x0b,0x2d,0x0b,0x4f,
    0x00,0x45,0xff,0x60,0x2b,0x4d,0x50,0x05,0x01,0x02,0x00,0x14,0x05,0xab,0xaf,0x04,
    0x02,0x00,0x1c,0x0a,0x14,0x9a,0x1c,0x18,0x05,0x09,0x0d,0x6d,0x30,0x08,0xdd,0x26,
    0x01,0x02,0x00,0x0d,0x2d,0x3a,0x1c,0x35,0xef,0x20,0x08,0x5b,0x13,0x01,0x09,0x04,
    0x0c,0xc9,0x44,0x09,0x4b,0x58,0x01,0x22,0x00,0x05,0x35,0x04,0x03,0xe7,0x04,0x11,
    0x05,0x19,0x03,0x0a,0x4a,0x08,0x0f,0xbd,0x04,0x29,0x02,0x02,0x00,0x0b,0xaf,0x02,
    0x28,0xef,0x5b,0xef,0x20,0x49,0x00,0x3f,0x43,0x05,0x1d,0x02,0x3a,0x0a,0x48,0x3f,
    0x82,0x02,0x49,0x13,0x4d,0x3a,0x0a,0x2f,0x28,0x3a,0x18,0x4d,0x2b,0xe3,0x25,0x33,
    0x2b,0x4d,0x18,0xfa,0x64,0x03,0x02,0x00,0x34,0x35,0x48,0x0a,0xfb,0x1a,0x02,0x02,
    0x00,0x3a,0x3a,0x43,0x05,0xe3,0x25,0x29,0x35,0x27,0x2f,0x28,0x01,0x49,0x14,0x15,
    0x30,0x8d,0x07,0x01,0xa6,0x56,0x23,0x0e,0x00,0xfc,0x16,0x02,0x02,0x00,0x2b,0x05,
    0x27,0xd0,0x20,0x22,0x05,0x18,0x06,0x20,0x0b,0x40,0x03,0x0f,0x1c,0x27,0x08,0x0f,
    0x02,0x00,0x15,0x09,0xf1,0x1e,0x54,0xff,0xff,0xf4,0x6e,0x22,0x2f,0x09,0x93,0x1d,
    0x30,0x35,0x4d,0x4d,0x0a,0x35,0x4d,0x18,0x11,0x28,0x61,0x05,0x22,0x3a,0x43,0x4d,
    0x4d,0x30,0x01,0x02,0x73,0x08,0xa3,0x05,0x27,0x48,0x48,0x4d,0x43,0x0a,0x48,0x48,
    0x05,0xf6,0x0e,0xc1,0x0e,0x2b,0x48,0x48,0x4d,0x35,0x0e,0x4d,0x3f,0x00,0x0a,0x27,
    0xb9,0x0d,0xb2,0x0e,0x2b,0x4d,0x48,0x4d,0x22,0x18,0x4d,0x30,0x00,0x0e,0x78,0x11,
    0x94,0x18,0x35,0x48,0x4d,0x4d,0x13,0x1d,0x4d,0x1d,0x2c,0x3c,0xa3,0x13,0x35,0x43,
    0x48,0x4d,0x0a,0x22,0x48,0x0a,0x00,0x29,0x05,0x85,0x0e,0x2b,0x27,0x48,0x43,0x00,
    0x27,0x35,0xc1,0x18,0x81,0x13,0x2b,0x22,0x48,0x30,0x00,0x27,0x27,0x3c,0x15,0x01,
    0xe7,0x17,0x3a,0x22,0x18,0x4d,0x9b,0x0f,0x41,0x1d,0x0e,0x3a,0x05,0x23,0x0c,0x04,
    0x02,0x00,0x31,0x13,0x0e,0x2b,0x94,0x03,0x0b,0x2f,0x01,0x14,0xbf,0x20,0x00,0x0f,
    0x02,0x00,0x29,0x0b,0xf4,0x05,0xa3,0xef,0x30,0x00,0x4d,0x4d,0x13,0x18,0x48,0x27,
    0x0e,0xed,0x05,0x02,0xed,0x0c,0x45,0x22,0x4d,0x18,0x22,0x11,0x00,0xb2,0x13,0x4d,
    0x4d,0x00,0x2b,0x48,0x13,0x27,0x4d,0x4d,0x2b,0x42,0x27,0x01,0x1b,0x5a,0x62,0x48,
    0x0a,0x35,0x4d,0x4d,0x2b,0x69,0x0a,0x41,0x35,0x4d,0x30,0x05,0x0d,0xf3,0x13,0x4d,
    0x1f,0x06,0xb2,0x3a,0x4d,0x22,0x0a,0x43,0x35,0x00,0x4d,0x4d,0x4d,0x18,0x30,0x03,
    0xa1,0x48,0x4d,0x13,0x0e,0x3a,0x22,0x00,0x4d,0x4d,0x43,0x1f,0x19,0xc3,0x00,0x00,
    0x48,0x4d,0x00,0x0e,0x3a,0x0e,0x0e,0x4d,0x48,0x27,0x27,0x0e,0x84,0x4d,0x3a,0x00,
    0x13,0x35,0x05,0x13,0x4d,0xe4,0x0c,0x81,0x05,0x4d,0x22,0x00,0x13,0x22,0x00,0x13,
    0xd8,0xef,0x01,0x08,0x0a,0x57,0x4d,0x0e,0x00,0x18,0x18,0xcf,0x5d,0x21,0x0e,0x43,
    0x66,0x01,0x14,0x1d,0xbd,0x03,0x0b,0x2f,0x01,0x0f,0xec,0x05,0x2c,0x04,0x02,0x00,
    0x0b,0x56,0x00,0x84,0xef,0x30,0x2b,0x3f,0x0e,0x22,0x4d,0x35,0xf2,0x6b,0x02,0xfc,
    0x6b,0x52,0x35,0x4d,0x30,0x0a,0x3a,0x66,0x1d,0x92,0x00,0x00,0x0a,0x3a,0x2b,0x00,
    0x3f,0x4d,0x22,0x91,0x63,0x01,0xba,0x00,0x66,0x3a,0x27,0x00,0x48,0x4d,0x13,0x2c,
    0x2d,0x85,0x18,0x3a,0x18,0x0e,0x4d,0x4d,0x0a,0x27,0xfe,0x1f,0x76,0x1d,0x3a,0x0e,
    0x13,0x4d,0x48,0x00,0x33,0x14,0x67,0x27,0x35,0x05,0x1d,0x4d,0x35,0x91,0x2d,0x76,
    0x27,0x30,0x00,0x22,0x4d,0x22,0x05,0x98,0x53,0x63,0x22,0x27,0x00,0x22,0x4d,0x0e,
    0xbb,0x02,0x12,0x00,0x72,0x7f,0x22,0x2b,0x48,0xc5,0x17,0x02,0x02,0x00,0x58,0x1d,
    0x22,0x00,0x2b,0x30,0x2e,0x27,0x54,0x27,0x22,0x00,0x27,0x18,0xfe,0x1f,0x09,0x3c,
    0x4e,0x02,0x0a,0x02,0x02,0x37,0x00,0x0f,0x02,0x00,0x2d,0x09,0xa9,0x15,0x66,0xff,
    0xff,0xcf,0x10,0x3a,0x30,0x5e,0x75,0x01,0x02,0x00,0x25,0x3a,0x13,0x06,0x0d,0x02,
    0x02,0x00,0x38,0x35,0x00,0x0a,0x36,0x08,0x39,0x00,0x00,0x30,0x0a,0x3c,0x44,0x00,
    0x00,0x05,0x2b,0x61,0x03,0x03,0x02,0x00,0x2b,0x0e,0x22,0xa2,0x10,0x25,0x1d,0x1d,
    0x6b,0x0d,0x02,0x02,0x00,0x2b,0x3a,0x1d,0xde,0x2f,0x2a,0x4d,0x13,0x7a,0x4b,0x22,
    0x13,0x4d,0x9b,0x02,0x05,0x02,0x00,0x1c,0x27,0x11,0x00,0x18,0x3a,0xfa,0x1c,0x0b,
    0x39,0x03,0x25,0xff,0x40,0x38,0x00,0x0f,0x02,0x00,0x2c,0x1b,0x10,0x45,0x06,0x32,
    0xcf,0x15,0x05,0xda,0x0b,0x09,0x02,0x00,0x03,0x37,0x03,0x06,0x02,0x00,0x11,0x0e,
    0xa3,0x04,0x07,0x02,0x00,0x02,0x9c,0x03,0x06,0x02,0x00,0x0b,0x64,0x01,0x05,0xd3,
    0x0c,0x06,0x02,0x00,0x09,0xee,0x09,0x01,0x22,0x00,0x08,0x54,0x00,0x01,0xe1,0x06,
    0x08,0x02,0x00,0x0b,0x2f,0x01,0x0e,0x50,0x00,0x07,0x46,0x28,0x09,0x2a,0x87,0x0f,
    0x1b,0x07,0x32,0x06,0x02,0x00,0x0b,0xab,0x10,0x67,0xff,0xdf,0x30,0x00,0x00,0x2b,
    0x6e,0x0c,0x01,0x02,0x00,0x06,0x3e,0x72,0x03,0x02,0x00,0x09,0x24,0x09,0x01,0x54,
    0x10,0x0b,0x16,0x08,0x01,0x75,0x0b,0x08,0x02,0x00,0x0d,0x10,0x02,0x04,0xe2,0x37,
    0x05,0x02,0x00,0x1b,0x3a,0x9f,0x20,0x0a,0x74,0x5f,0x01,0xb9,0x0b,0x0c,0x46,0x01,
    0x0b,0x75,0x00,0x04,0xd4,0x8c,0x0a,0x35,0x0e,0x0f,0x1b,0x07,0x32,0x06,0x02,0x00,
    0x0b,0x34,0x0c,0x34,0xff,0xef,0x30,0xc0,0x06,0x06,0x02,0x00,0x13,0x18,0x54,0x10,
    0x05,0x02,0x00,0x02,0x25,0x07,0x06,0x02,0x00,0x1b,0x05,0xf9,0x49,0x0e,0x1b,0x16,
    0x01,0xe6,0x0d,0x08,0x02,0x00,0x08,0x10,0x02,0x01,0x02,0x00,0x1c,0x13,0x65,0x00,
    0x0d,0xc5,0x02,0x09,0xfa,0x0b,0x01,0x93,0x02,0x02,0x07,0x00,0x0b,0x02,0x00,0x0b,
    0x95,0x05,0x0f,0x07,0x0d,0x2b,0x0e,0x02,0x00,0x0f,0x31,0x01,0x00,0x0e,0x25,0x00,
    0x0f,0x02,0x00,0x98,0x0f,0x2f,0x01,0x4c,0x0e,0x1d,0x05,0x0f,0x39,0x0c,0x2d,0x0f,
    0x02,0x00,0x6b,0x0c,0x2f,0x01,0x0f,0x4a,0x08,0x34,0x08,0x02,0x00,0x0c,0x4e,0x06,
    0x0a,0x3b,0x0c,0x05,0x51,0x8c,0x04,0x02,0x00,0x0c,0xb1,0x0c,0x0d,0x92,0x24,0x02,
    0x24,0x80,0x07,0x02,0x00,0x04,0xb3,0x74,0x05,0x02,0x00,0x1c,0x27,0x7a,0x04,0x02,
    0x7f,0x11,0x07,0x02,0x00,0x0d,0x6c,0x22,0x02,0xf5,0x0a,0x07,0x02,0x00,0x0c,0xcd,
    0x04,0x01,0x64,0x50,0x1b,0x10,0xf1,0x07,0x0f,0x65,0x0f,0x2d,0x0f,0x02,0x00,0x03,
    0x0d,0x31,0x01,0x26,0x6e,0x43,0x8e,0x00,0x2a,0x3f,0x35,0x28,0x30,0x11,0x05,0xa4,
    0x71,0x16,0x0a,0xe6,0x0d,0x11,0x0e,0xc5,0x43,0x07,0xe4,0x04,0x02,0xf4,0x0c,0x16,
    0x18,0xf0,0x06,0x02,0x41,0xcd,0x16,0x27,0x11,0x00,0x02,0xbe,0x3d,0x07,0xf9,0x03,
    0x01,0x46,0x0e,0x01,0x4f,0x69,0x03,0x02,0x00,0x01,0x8c,0x09,0x08,0x65,0x49,0x01,
    0x7f,0x21,0x01,0x27,0x00,0x03,0x02,0x00,0x01,0x3e,0x00,0x01,0x8c,0x00,0x03,0x02,
    0x00,0x1e,0x1d,0xef,0x07,0x0f,0x2f,0x01,0x43,0x0f,0x31,0x01,0x00,0x1a,0xb7,0x7b,
    0x0f,0x0e,0xbf,0x07,0x08,0xbb,0x32,0x01,0x2c,0x00,0x03,0x9a,0x0b,0x01,0x02,0x00,
    0x01,0x19,0x01,0x01,0x05,0x00,0x08,0x02,0x00,0x0f,0x11,0x00,0x0e,0x06,0x38,0x0f,
    0x03,0x02,0x00,0x0d,0x2a,0x27,0x12,0x18,0x18,0x17,0x06,0x02,0x00,0x05,0xf6,0x3d,
    0x01,0x02,0x00,0x0c,0x8b,0x05,0x0f,0x2f,0x01,0x45,0x0f,0x31,0x01,0x00,0x21,0xaf,
    0x10,0x82,0x00,0x0f,0x02,0x00,0x9a,0x18,0x50,0xd8,0x3f,0x02,0x7f,0x0b,0x0f,0xc0,
    0x00,0x46,0x0d,0x93,0x03,0x11,0xcf,0x96,0x21,0x0a,0xad,0x13,0x02,0x41,0x1b,0x09,
    0x84,0x00,0x07,0xa3,0x0c,0x02,0x02,0x00,0x03,0x5e,0x0f,0x06,0x02,0x00,0x03,0xc3,
    0x0f,0x06,0x02,0x00,0x26,0x18,0x18,0x0c,0x00,0x01,0x02,0x00,0x0e,0x39,0x08,0x01,
    0x17,0x00,0x0f,0x02,0x00,0x1d,0x0a,0x26,0x21,0x0f,0x5e,0x02,0x49,0x0f,0x62,0x02,
    0x02,0x61,0xef,0x40,0x00,0x00,0x0a,0x4d,0x26,0x04,0x06,0x02,0x00,0x01,0x0e,0x16,
    0x08,0x02,0x00,0x0d,0x99,0x0a,0x1e,0x3a,0xa9,0x0c,0x08,0x30,0x00,0x03,0x52,0x1b,
    0x09,0x02,0x00,0x01,0x00,0x05,0x08,0x02,0x00,0x0c,0x43,0x00,0x04,0x1b,0xca,0x05,
    0x02,0x00,0x0c,0xa7,0x46,0x31,0x00,0x0a,0x1d,0x85,0x80,0x09,0x02,0x00,0x0f,0x5e,
    0x02,0x48,0x0f,0x31,0x01,0x02,0x2f,0xff,0x70,0x60,0x02,0x22,0x0a,0x1b,0x48,0x0f,
    0x60,0x02,0x01,0x0c,0xdc,0x0c,0x0f,0x60,0x02,0x31,0x1b,0x20,0xd9,0x0d,0x0f,0x2f,
    0x01,0x4e,0x0f,0xff,0x03,0x00,0x32,0xff,0xaf,0x15,0x4b,0x01,0x05,0x02,0x00,0x0d,
    0xb3,0x05,0x0f,0x02,0x00,0x41,0x04,0x07,0x1d,0x05,0x02,0x00,0x1c,0x13,0x04,0x04,
    0x0a,0xf0,0x0f,0x4d,0x00,0x00,0x0e,0x22,0xbb,0x04,0x04,0x6d,0x8b,0x0f,0x02,0x00,
    0x49,0x0d,0x5f,0x06,0x01,0x4e,0x0e,0x06,0x02,0x00,0x2b,0x05,0x0e,0x21,0x1d,0x1a,
    0x0a,0x20,0x69,0x44,0x00,0x00,0x0e,0x0a,0xf8,0x11,0x03,0x02,0x00,0x26,0x0e,0x0e,
    0x78,0x08,0x01,0x02,0x00,0x1d,0x0e,0x08,0x0d,0x07,0x8f,0x71,0x02,0x02,0x00,0x1c,
    0x3a,0x27,0x07,0x0c,0x9f,0x03,0x0e,0xad,0x10,0x19,0xb1,0x89,0x03,0x0f,0x05,0x0d,
    0x40,0x0f,0x02,0x00,0x03,0x0e,0x31,0x01,0x09,0x30,0x45,0x19,0x30,0x69,0x18,0x01,
    0x04,0x19,0x0b,0x71,0x02,0x0c,0xdf,0x56,0x0a,0xbd,0x18,0x01,0x4f,0x2e,0x0c,0x40,
    0x01,0x0c,0x54,0x00,0x19,0x18,0xbd,0x18,0x48,0x00,0x00,0x00,0x18,0xfa,0x69,0x01,
    0xe1,0x03,0x03,0x77,0x14,0x05,0x02,0x00,0x1d,0x33,0x8c,0x03,0x0f,0x34,0x0e,0x3d,
    0x0f,0x02,0x00,0x05,0x1e,0x10,0x7a,0x00,0x07,0xd8,0x02,0x0d,0x6c,0xd6,0x1c,0x22,
    0xa7,0x0b,0x0d,0x01,0x34,0x1b,0x35,0x31,0x09,0x14,0x05,0x00,0x15,0x04,0x02,0x00,
    0x0d,0x60,0x07,0x0d,0x85,0x09,0x02,0xbd,0x18,0x07,0x02,0x00,0x08,0xea,0x09,0x01,
    0x79,0x05,0x0c,0x47,0x08,0x0b,0xa1,0x0c,0x0f,0x02,0x00,0x49,0x1a,0x10,0x70,0x20,
    0x01,0x2d,0x20,0x0f,0xe0,0x43,0x14,0x0f,0x02,0x00,0x64,0x0f,0xb2,0x00,0x6d,0x0a,
    0x10,0x2c,0x01,0x02,0x00,0x01,0xbc,0x0a,0x0d,0x86,0x05,0x0d,0x5e,0x11,0x0d,0x97,
    0x05,0x0c,0x08,0x07,0x0d,0x2a,0x02,0x0f,0x02,0x00,0x30,0x0e,0xe9,0x05,0x0f,0x30,
    0x10,0x5d,0x0d,0xba,0x0a,0x02,0x63,0x02,0x07,0x23,0x14,0x21,0x05,0x0a,0x8a,0x04,
    0x06,0x8d,0x03,0x01,0xc0,0x06,0x02,0x09,0x8d,0x07,0x02,0x00,0x0f,0x23,0x14,0x00,
    0x06,0xef,0x04,0x01,0x33,0x00,0x17,0x35,0x1e,0x41,0x01,0x1b,0x00,0x16,0x35,0xeb,
    0x05,0x01,0x65,0x00,0x12,0x00,0xf1,0x77,0x01,0x02,0x00,0x02,0x76,0x08,0x07,0x10,
    0x0a,0x2f,0x22,0x0e,0x5d,0x02,0x01,0x0f,0x04,0x0d,0x47,0x0f,0x02,0x00,0x05,0x0f,
    0xf6,0x05,0x00,0x31,0xff,0xaf,0x20,0x01,0x0f,0x02,0x02,0x00,0x01,0xb7,0x04,0x08,
    0xf6,0x20,0x01,0x09,0x1a,0x08,0x79,0x73,0x01,0x4d,0x10,0x21,0x18,0x3a,0x04,0x01,
    0x01,0x02,0x00,0x01,0x37,0x07,0x17,0x1d,0xed,0x00,0x01,0x0b,0x00,0x07,0x0f,0x0e,
    0x02,0x82,0x0a,0x16,0x18,0xe7,0x0f,0x01,0x65,0x00,0x08,0x39,0x5a,0x02,0x6c,0x0f,
    0x06,0x53,0x00,0x3f,0x00,0x48,0x27,0x5d,0x02,0x00,0x0f,0xea,0x05,0x55,0x08,0x02,
    0x00,0x0f,0xf6,0x05,0x00,0x04,0x13,0xe5,0x0f,0x02,0x00,0x79,0x1c,0x2a,0xbc,0x11,
    0x0f,0xea,0x05,0x5a,0x09,0x02,0x00,0x0f,0xc5,0x04,0x00,0x36,0xff,0xcf,0x40,0x23,
    0x00,0x03,0x72,0x1d,0x06,0x02,0x00,0x0d,0x14,0x0e,0x0c,0x19,0x0c,0x0b,0x11,0x1a,
    0x0f,0xc2,0x18,0x00,0x0f,0x02,0x00,0x1c,0x1c,0x10,0xa6,0x17,0x0e,0x30,0x0a,0x0f,
    0x02,0x00,0x58,0x0f,0xea,0x02,0x01,0x21,0xff,0x9f,0x83,0x0f,0x01,0x7a,0x18,0x08,
    0xbd,0x1a,0x02,0xa7,0x46,0x02,0x08,0x00,0x04,0x02,0x00,0x0d,0x79,0x09,0x0d,0x79,
    0x0e,0x0d,0x75,0x0a,0x01,0x77,0x29,0x08,0x02,0x00,0x0d,0x1a,0xa8,0x26,0x1d,0x1d,
    0x1f,0x00,0x22,0x60,0xdf,0x22,0x01,0x09,0x02,0x00,0x01,0x99,0x06,0x0f,0x02,0x00,
    0x63,0x0e,0x90,0x0d,0x09,0x5e,0xc1,0x06,0x98,0x05,0x02,0x02,0x00,0x1d,0x22,0x11,
    0x00,0x0b,0x71,0x02,0x07,0x7c,0x1d,0x02,0x02,0x00,0x0e,0x72,0x1b,0x06,0xbc,0x04,
    0x03,0x02,0x00,0x07,0xac,0x04,0x0b,0x02,0x00,0x1f,0x40,0x8b,0x03,0x01,0x09,0x5c,
    0x0b,0x0f,0x02,0x00,0x5f,0x0f,0xf0,0x02,0x01,0x26,0xff,0xdf,0xa3,0x27,0x17,0x13,
    0xd3,0x27,0x01,0x02,0x00,0x0d,0xea,0x0c,0x01,0x07,0x06,0x08,0x02,0x00,0x01,0x07,
    0x06,0x08,0x02,0x00,0x01,0x07,0x06,0x08,0x02,0x00,0x0c,0x54,0x1b,0x05,0xec,0x8b,
    0x04,0x02,0x00,0x23,0x27,0x3a,0x01,0xbc,0x0d,0x02,0x00,0x03,0x67,0x6d,0x0f,0x02,
    0x00,0x67,0x02,0x39,0x8e,0x0c,0x02,0x00,0x24,0xdf,0x6e,0xe9,0x1f,0x04,0x10,0x02,
    0x0f,0x9e,0x17,0x0f,0x0d,0xf7,0x0b,0x1c,0x22,0x9b,0x09,0x04,0xdd,0x2c,0x01,0x67,
    0x08,0x01,0x31,0x2c,0x02,0x07,0x00,0x14,0x05,0x65,0x00,0x04,0x14,0x13,0x3c,0x0a,
    0x0e,0x20,0xd2,0x18,0x02,0x02,0x00,0x0f,0x67,0x6d,0x00,0x0f,0x02,0x00,0x5d,0x1f,
    0x10,0xf7,0x05,0x01,0x4a,0xff,0xff,0xe9,0x73,0x89,0x00,0x1c,0x35,0x10,0x0f,0x08,
    0x68,0x09,0x01,0x02,0x00,0x05,0xb6,0x56,0x04,0x02,0x00,0x0c,0x38,0x26,0x14,0x00,
    0x59,0x22,0x05,0x02,0x00,0x0c,0xbd,0x02,0x04,0x27,0x0d,0x0f,0x2e,0x01,0x04,0x25,
    0xef,0x40,0x3a,0x00,0x0f,0x02,0x00,0x69,0x0f,0x63,0x02,0x03,0x08,0x96,0x03,0x0f,
    0x06,0x64,0x01,0x02,0x6b,0x0a,0x07,0x02,0x00,0x0c,0xf2,0x0d,0x0f,0x02,0x00,0x26,
    0x0f,0x2e,0x01,0x04,0x0f,0xe9,0x05,0x69,0x0a,0x02,0x00,0x0f,0x63,0x02,0x04,0x02,
    0x8d,0xa3,0x01,0xde,0x6a,0x05,0x31,0x03,0x02,0x02,0x00,0x14,0x0a,0x5a,0x03,0x04,
    0x02,0x00,0x1c,0x0a,0x27,0x0d,0x0d,0x61,0x33,0x0d,0x5f,0x01,0x08,0x4c,0x19,0x01,
    0x02,0x00,0x12,0x05,0x3d,0x06,0x02,0xd1,0xa1,0x0e,0x02,0x00,0x1f,0xdf,0x5d,0x02,
    0x73,0x02,0x02,0x00,0x0f,0x63,0x02,0x04,0x41,0xff,0xef,0x80,0x20,0x76,0x30,0x0b,
    0xa2,0x05,0x1c,0x27,0x5d,0x16,0x22,0x3a,0x4d,0xed,0x00,0x05,0x02,0x00,0x2b,0x3a,
    0x48,0xf8,0x06,0x04,0x23,0x59,0x05,0x02,0x00,0x0d,0x98,0x5f,0x01,0x11,0x00,0x1f,
    0x50,0x14,0x07,0x02,0x0f,0xba,0x04,0x73,0x09,0x02,0x00,0x1e,0x80,0x30,0x11,0x02,
    0x02,0x00,0x28,0x9f,0x40,0x87,0x30,0x02,0x02,0x00,0x0d,0x28,0x21,0x0d,0x14,0x1b,
    0x1c,0x0e,0xec,0x05,0x0d,0xfe,0x23,0x0b,0x50,0x01,0x01,0x64,0x5d,0x1f,0x70,0x70,
    0x09,0x01,0x0f,0x17,0x07,0x72,0x0e,0x02,0x00,0x1e,0x20,0xe5,0x11,0x03,0x02,0x00,
    0x28,0xdf,0x70,0x77,0x1b,0x1c,0x05,0x0a,0x01,0x06,0xde,0x06,0x04,0x02,0x00,0x05,
    0x00,0x07,0x0f,0x02,0x00,0x1a,0x09,0x4b,0x8f,0x09,0x02,0x00,0x0f,0xa7,0x0d,0x80,
    0x01,0xa8,0x74,0x0f,0xde,0x01,0x05,0x45,0xff,0xff,0x9f,0x50,0xf3,0x05,0x07,0xec,
    0x6a,0x02,0xe2,0x05,0x02,0xd8,0x1e,0x01,0x02,0x00,0x02,0x11,0x00,0x02,0xd8,0x1e,
    0x01,0x02,0x00,0x02,0x45,0x02,0x02,0x45,0x0f,0x01,0x02,0x00,0x03,0x11,0x00,0x06,
    0xbe,0x03,0x02,0x1a,0x05,0x2f,0x2b,0x25,0x5b,0x02,0x06,0x0f,0x8b,0x03,0x7f,0x06,
    0x02,0x00,0x1f,0x70,0x95,0x03,0x05,0x52,0xff,0xff,0xef,0x9f,0x30,0x51,0x97,0x07,
    0xc5,0x24,0x11,0x18,0xf7,0x00,0x07,0x9d,0x03,0x02,0x1e,0x20,0x07,0x9d,0x03,0x11,
    0x27,0x20,0x01,0x12,0x13,0x15,0x01,0x01,0x96,0x3c,0x01,0x07,0x00,0x07,0x67,0x13,
    0x79,0x30,0x00,0x00,0x00,0x10,0x60,0xc4,0x50,0x02,0x09,0x02,0x00,0x15,0xbf,0xa0,
    0x0d,0x0f,0x02,0x00,0x80,0x1f,0x10,0xc7,0x04,0x06,0x6c,0xff,0xff,0xff,0xdf,0x8f,
    0x40,0x47,0x1b,0x07,0x1b,0x01,0x02,0x02,0x00,0x0d,0x51,0x28,0x07,0x1b,0x01,0x0f,
    0x02,0x00,0x03,0x2f,0x20,0x60,0x09,0x04,0x06,0x06,0xda,0x76,0x0f,0x02,0x00,0x87,
    0x0f,0x59,0x0b,0x04,0x03,0x02,0x00,0x38,0xf4,0xa4,0x60,0xcc,0x04,0x0e,0xc6,0x0a,
    0x17,0x3a,0x1d,0x14,0x01,0x02,0x00,0x11,0x3a,0x04,0x13,0x07,0x02,0x00,0x09,0x7e,
    0x1a,0x2f,0x30,0x70,0x56,0x12,0x00,0x06,0x02,0x00,0x07,0x99,0x0d,0x0f,0x02,0x00,
    0x87,0x0f,0x32,0x01,0x0b,0x46,0xff,0xff,0xd4,0x80,0x0a,0x09,0x49,0x0a,0x22,0x00,
    0x00,0x3d,0x07,0x26,0x0a,0x0e,0x68,0x9d,0x01,0x02,0x00,0x01,0xcf,0x3b,0x01,0x0a,
    0x00,0x07,0x02,0x00,0x01,0x52,0x0e,0x1c,0x20,0x5a,0xac,0x0c,0x02,0x00,0x0f,0x2e,
    0x01,0x92,0x0f,0x32,0x01,0x11,0x73,0xff,0xff,0xbf,0x80,0x40,0x00,0x30,0x95,0x09,
    0x05,0x0e,0x07,0x0a,0xe4,0x42,0x04,0xcc,0x91,0x08,0x02,0x00,0x05,0x8b,0x0f,0x0f,
    0x2c,0x01,0x0e,0x0f,0x2e,0x01,0x98,0x01,0x32,0x01,0x1f,0x8f,0xfa,0x05,0x07,0x04,
    0x02,0x00,0x36,0xde,0xbc,0x70,0x69,0x02,0x01,0x73,0x2e,0x0b,0x76,0x1c,0x02,0x33,
    0xe7,0x08,0x02,0x00,0x8f,0x27,0x0a,0x00,0x00,0x20,0x50,0x80,0xbf,0x5d,0x00,0x0f,
    0x16,0xcf,0x23,0x11,0x0f,0x02,0x00,0x93,0x18,0x10,0x4a,0x9e,0x0f,0x02,0x00,0x07,
    0x93,0xcf,0xaf,0x80,0x60,0x40,0x00,0x00,0x00,0x27,0x6d,0x02,0x04,0x02,0x00,0x1c,
    0x05,0x5d,0x28,0x7f,0x05,0x1d,0x22,0x20,0x40,0x80,0x8f,0x2b,0x01,0x10,0x0f,0xe6,
    0x05,0x91,0x0f,0x02,0x00,0x02,0x0f,0x8e,0x9c,0x04,0x0f,0x02,0x00,0x01,0x67,0xc4,
    0xd3,0x93,0x80,0x60,0x40,0x4c,0x7b,0x16,0x0a,0xbc,0x28,0x8f,0x40,0x40,0x40,0x80,
    0x80,0x9f,0xc4,0xe9,0x38,0x00,0x01,0x0f,0x02,0x00,0x01,0x16,0xef,0xe2,0x15,0x0f,
    0x02,0x00,0x9d,0x0f,0xfc,0x0e,0x05,0x0f,0x02,0x00,0x09,0x26,0xef,0xbf,0x01,0x00,
    0x0f,0xfd,0x06,0x0a,0x0f,0x02,0x00,0x03,0x04,0xe4,0x0f,0x0f,0x02,0x00,0xa4,0x1f,
    0x10,0x65,0x02,0x18,0x0f,0x02,0x00,0x2f,0x2a,0xef,0x9f,0x12,0x05,0x0f,0x02,0x00,
    0xa2,0x2f,0x30,0x8f,0x28,0x0d,0x07,0x0f,0x02,0x00,0x3a,0x1a,0xbf,0xdc,0x09,0x0f,
    0x02,0x00,0xa8,0x2f,0x50,0x9f,0xd2,0x06,0x0f,0x0f,0x02,0x00,0x2c,0x2f,0xcf,0x70,
    0xf8,0x0c,0x89,0x0f,0x02,0x00,0x1f,0x0f,0x33,0x01,0x4a,0x0f,0x2d,0x01,0xbd,0x02,
    0x02,0x00,0x2f,0x30,0x8f,0xc0,0x05,0x20,0x0f,0x02,0x00,0x0e,0x2f,0xef,0xaf,0x87,
    0x03,0xb6,0x0e,0x02,0x00,0x3f,0x20,0x60,0xaf,0x9a,0x03,0x3a,0x2f,0xcf,0x8f,0xe1,
    0x05,0xb0,0x0f,0x02,0x00,0x0c,0x2b,0x30,0x70,0xf3,0xa4,0x0f,0x02,0x00,0x24,0x4f,
    0xbf,0x8f,0x50,0x10,0x6b,0x00,0x0c,0x0f,0x02,0x00,0xb6,0x3f,0x20,0x50,0x8f,0x69,
    0x17,0x05,0x0f,0x02,0x00,0x11,0x27,0xdf,0xaf,0xb4,0x0f,0x0f,0x02,0x00,0xd6,0x4f,
    0x30,0x50,0x80,0xaf,0xd2,0x04,0x1d,0x5f,0xef,0xbf,0x8f,0x70,0x40,0x57,0x02,0xd6,
    0x0f,0x02,0x00,0x01,0x5f,0x30,0x40,0x80,0x80,0xbf,0x17,0x0e,0x0f,0x5f,0xcf,0xbf,
    0x9f,0x80,0x60,0x2a,0x01,0xeb,0x0a,0x02,0x00,0x22,0x10,0x40,0xdd,0x89,0x16,0xaf,
    0x0f,0x0d,0x9c,0xbf,0xbf,0x8f,0x80,0x80,0x80,0x70,0x40,0x40,0x34,0x14,0x0f,0x02,
    0x00,0x63,0x50,0x00,0x00,0x00,0x00,0x00,

};

const lv_image_dsc_t img_04_tongzijie = {
  .header = {
    .magic = LV_IMAGE_HEADER_MAGIC,
    .cf = LV_COLOR_FORMAT_RGB565A8,
    .flags = 0 | LV_IMAGE_FLAGS_COMPRESSED,
    .w = 304,
    .h = 304,
    .stride = 608,
    .reserved_2 = 0,
  },
  .data_size = sizeof(img_04_tongzijie_map),
  .data = img_04_tongzijie_map,
  .reserved = NULL,
};

