
#if defined(LV_LVGL_H_INCLUDE_SIMPLE)
#include "lvgl.h"
#elif defined(LV_LVGL_H_INCLUDE_SYSTEM)
#include <lvgl.h>
#elif defined(LV_BUILD_TEST)
#include "../lvgl.h"
#else
#include "lvgl/lvgl.h"
#endif

#ifndef LV_ATTRIBUTE_MEM_ALIGN
#define LV_ATTRIBUTE_MEM_ALIGN
#endif

#ifndef LV_ATTRIBUTE_IMG_03_BIAOZHUNXI
#define LV_ATTRIBUTE_IMG_03_BIAOZHUNXI
#endif

static const
LV_ATTRIBUTE_MEM_ALIGN LV_ATTRIBUTE_LARGE_CONST LV_ATTRIBUTE_IMG_03_BIAOZHUNXI
uint8_t img_03_biaozhunxi_map[] = {

    0x02,0x00,0x00,0x00,0x1f,0xa6,0x00,0x00,0x00,0x3b,0x04,0x00,0x1f,0x00,0x01,0x00,
    0xff,0x05,0x27,0x7c,0xac,0x02,0x00,0x2f,0xb4,0x9c,0x02,0x00,0x08,0x6f,0xbc,0xb4,
    0xbc,0xb4,0xbc,0xb4,0x47,0x01,0xff,0x05,0x0f,0x02,0x00,0xf4,0x58,0x5b,0xac,0x5b,
    0xac,0x5b,0x52,0x02,0x0a,0x02,0x00,0x0f,0x5e,0x02,0x08,0x04,0x60,0x02,0x0e,0x02,
    0x00,0x0f,0x5b,0x01,0xf4,0x0f,0x02,0x00,0xe4,0x22,0x5b,0xa4,0x54,0x02,0x08,0x02,
    0x00,0x07,0xb2,0x04,0x0a,0x02,0x00,0x0f,0x60,0x02,0x22,0x0a,0x02,0x00,0x0f,0x67,
    0x01,0xe4,0x0f,0x02,0x00,0xdc,0x36,0x3b,0xa4,0x5b,0x02,0x00,0x01,0xb4,0x04,0x08,
    0x02,0x00,0x0f,0x60,0x02,0x47,0x17,0xdc,0x02,0x00,0x0f,0x73,0x01,0xdc,0x0f,0x02,
    0x00,0xd2,0x24,0x3b,0xa4,0x02,0x00,0x0f,0x60,0x02,0x6f,0x04,0x02,0x00,0x0f,0x79,
    0x01,0xd2,0x0f,0x02,0x00,0xcc,0x04,0x56,0x02,0x06,0x02,0x00,0x0f,0x60,0x02,0x77,
    0x22,0xdc,0xac,0x02,0x00,0x0f,0x83,0x01,0xcc,0x0f,0x02,0x00,0xc4,0x06,0x52,0x02,
    0x0a,0x02,0x00,0x0f,0x60,0x02,0x7f,0x02,0x02,0x00,0x0f,0x87,0x01,0xc4,0x0f,0x02,
    0x00,0xbe,0x55,0x1b,0xa4,0x1b,0xa4,0x1b,0x0e,0x07,0x0e,0x02,0x00,0x0f,0x60,0x02,
    0x85,0x02,0x02,0x00,0x2f,0xfc,0xac,0x91,0x01,0xbe,0x0f,0x02,0x00,0xb8,0x21,0x1b,
    0x9c,0x02,0x00,0x0f,0x60,0x02,0xaa,0x1f,0xfc,0x64,0x02,0xff,0x83,0x01,0x58,0x02,
    0x04,0x02,0x00,0x0f,0x60,0x02,0xae,0x02,0x02,0x00,0x0f,0xf9,0x03,0xb8,0x0f,0x02,
    0x00,0xa8,0x09,0x5a,0x02,0x02,0x02,0x00,0x0f,0x60,0x02,0xb4,0x02,0x02,0x00,0x0f,
    0x9b,0x01,0xa8,0x0f,0x02,0x00,0xae,0x0f,0x5c,0x02,0x00,0x0f,0x60,0x02,0xbe,0x0f,
    0x30,0x07,0xff,0x64,0x4f,0xfb,0x9b,0xfb,0x9b,0x5e,0x02,0x04,0x0f,0x60,0x02,0xc0,
    0x02,0x02,0x00,0x0f,0x0f,0x04,0xae,0x0f,0x02,0x00,0x94,0x22,0xfb,0x9b,0x02,0x00,
    0x0f,0x60,0x02,0xdd,0x0f,0xca,0x04,0xff,0x52,0x02,0x5a,0x02,0x02,0x02,0x00,0x0f,
    0x60,0x02,0x4d,0x0f,0x6f,0x03,0x19,0x0a,0x6c,0x1c,0x0e,0x02,0x00,0x04,0xb4,0x17,
    0x09,0x02,0x00,0x03,0x60,0x15,0x08,0x02,0x00,0x02,0x46,0x02,0x0f,0x02,0x00,0x0b,
    0x0f,0x98,0x00,0x19,0x0f,0x02,0x00,0xff,0x1a,0x02,0x56,0x02,0x06,0x02,0x00,0x0f,
    0x60,0x02,0x3d,0x0f,0x8c,0x01,0x3b,0x0a,0x64,0x02,0x09,0x58,0x02,0x04,0x02,0x00,
    0x0f,0x60,0x02,0x24,0x4f,0xfc,0xac,0x1c,0xad,0xac,0x00,0x3b,0x0f,0x02,0x00,0xef,
    0x26,0xfb,0x93,0x58,0x02,0x04,0x02,0x00,0x0f,0x60,0x02,0x31,0x0f,0x5a,0x01,0x53,
    0x0f,0x60,0x02,0x3f,0x2f,0x1c,0xad,0x64,0x02,0xff,0x38,0x4f,0xfa,0x93,0xfa,0x93,
    0x60,0x02,0x3b,0x0f,0x56,0x02,0x53,0x0e,0x02,0x00,0x0b,0xc6,0x04,0x0f,0xc0,0x04,
    0x28,0x8e,0x1c,0xad,0x1c,0xad,0x1b,0xad,0x1b,0xa5,0x64,0x00,0x0f,0x02,0x00,0xff,
    0x1c,0x22,0xfa,0x93,0x02,0x00,0x0f,0x60,0x02,0x33,0x0f,0x7c,0x01,0x75,0x03,0x68,
    0x02,0x0f,0x60,0x02,0x30,0x2f,0x1b,0xa5,0x64,0x02,0xff,0x28,0x33,0xda,0x93,0xda,
    0x5e,0x02,0x0f,0x60,0x02,0x2d,0x0f,0x58,0x02,0x75,0x0c,0x02,0x00,0x08,0xda,0x0b,
    0x02,0x02,0x00,0x0f,0xda,0x0b,0x0b,0x04,0x02,0x00,0x06,0xc0,0x04,0x04,0x02,0x00,
    0x0c,0x5a,0x00,0x0f,0x02,0x00,0xff,0x0e,0x22,0xda,0x93,0x02,0x00,0x02,0xbe,0x04,
    0x0f,0x60,0x02,0x27,0x0f,0x68,0x01,0x91,0x02,0x5a,0x02,0x02,0x02,0x00,0x04,0x42,
    0x02,0x0f,0x02,0x00,0x0b,0x0e,0x60,0x02,0x0f,0xc8,0x04,0xff,0x1c,0x02,0x5c,0x02,
    0x0f,0xc0,0x04,0x2b,0x0f,0x5a,0x02,0x91,0x08,0x02,0x00,0x0f,0x60,0x02,0x2f,0x0f,
    0xc6,0x04,0xff,0x14,0x02,0x58,0x02,0x04,0x02,0x00,0x0f,0xc0,0x04,0x21,0x08,0xb6,
    0x01,0x0f,0x02,0x00,0x9d,0x0f,0xb8,0x04,0x0b,0x04,0x02,0x00,0x0f,0xc0,0x04,0x03,
    0x02,0x02,0x00,0x0f,0xf2,0x00,0x9d,0x0f,0x02,0x00,0x59,0x04,0x56,0x02,0x06,0x02,
    0x00,0x0f,0x60,0x02,0x1b,0x0f,0xac,0x00,0x59,0x0f,0x02,0x00,0x49,0x04,0x48,0x02,
    0x0f,0x02,0x00,0x05,0x0f,0x60,0x02,0x09,0x0f,0xc8,0x04,0xff,0x08,0x06,0x56,0x02,
    0x06,0x02,0x00,0x0f,0x60,0x02,0x17,0x0f,0xf0,0x01,0x49,0x0f,0x02,0x00,0x61,0x0f,
    0x5c,0x02,0x05,0x02,0x60,0x15,0x04,0xa0,0x10,0x0f,0x02,0x00,0x05,0x0f,0xb2,0x00,
    0x61,0x0f,0x02,0x00,0x89,0x06,0x52,0x02,0x0a,0x02,0x00,0x0f,0x60,0x02,0x11,0x0f,
    0xd8,0x00,0x89,0x0f,0x02,0x00,0x2d,0x02,0x50,0x02,0x0c,0x02,0x00,0x0f,0x60,0x02,
    0x0f,0x0f,0xc6,0x04,0xfb,0x0a,0x54,0x02,0x08,0x02,0x00,0x0f,0x60,0x02,0x0d,0x0f,
    0xc0,0x01,0x2d,0x0f,0x02,0x00,0x91,0x0c,0x5e,0x02,0x0f,0x60,0x02,0x15,0x0f,0xc6,
    0x04,0xf3,0x53,0xba,0x93,0xba,0x93,0xba,0x8e,0x10,0x0e,0x02,0x00,0x0f,0x60,0x02,
    0x09,0x0f,0x1c,0x02,0x91,0x0f,0x02,0x00,0x35,0x0a,0x64,0x02,0x0f,0xc0,0x04,0x13,
    0x5f,0x3b,0xa5,0x3b,0xa5,0x3b,0xe2,0x17,0xec,0x02,0x5e,0x02,0x0f,0x60,0x02,0x1f,
    0x0f,0xb8,0x01,0x35,0x0f,0x02,0x00,0x99,0x06,0x64,0x02,0x0f,0x60,0x02,0x19,0x0f,
    0x62,0x02,0xe9,0x04,0x5e,0x02,0x0f,0x60,0x02,0x1b,0x0f,0x14,0x02,0x99,0x0f,0x02,
    0x00,0x3d,0x02,0x64,0x02,0x0f,0x60,0x02,0x1b,0x0f,0x62,0x02,0xe3,0x31,0xb9,0x8b,
    0xb9,0x1a,0x07,0x02,0x02,0x00,0x0e,0x1a,0x07,0x02,0x02,0x00,0x0c,0x20,0x07,0x0f,
    0xb0,0x01,0x3d,0x0f,0x02,0x00,0xa1,0x0f,0x60,0x02,0x1f,0x0f,0x64,0x02,0xdf,0x2f,
    0xb9,0x8b,0x60,0x02,0x1b,0x2f,0xfa,0x93,0x5c,0x02,0xf3,0x04,0x02,0x00,0x01,0x3e,
    0x21,0x12,0xad,0x28,0x0e,0x0f,0x02,0x00,0x05,0x02,0x58,0x02,0x06,0x02,0x00,0x04,
    0x3c,0x00,0x0f,0x02,0x00,0xcf,0x2f,0x99,0x8b,0x60,0x02,0x1d,0x0f,0x14,0x01,0xcf,
    0x0f,0x02,0x00,0x1f,0x0f,0x58,0x02,0x05,0x04,0x02,0x00,0x06,0x5a,0x02,0x04,0x02,
    0x00,0x0f,0x64,0x00,0x1f,0x0f,0x02,0x00,0xa1,0x2f,0x99,0x8b,0x60,0x02,0x1d,0x0f,
    0xe6,0x00,0xa1,0x0f,0x02,0x00,0x51,0x04,0x4a,0x02,0x0f,0x02,0x00,0x03,0x04,0x56,
    0x02,0x08,0x02,0x00,0x0f,0x96,0x00,0x51,0x0f,0x02,0x00,0x69,0x22,0x99,0x8b,0x02,
    0x00,0x0f,0xc0,0x04,0x15,0x2f,0xda,0x93,0xae,0x00,0x69,0x0f,0x02,0x00,0x91,0x0f,
    0x5c,0x02,0x03,0x0f,0x60,0x02,0x05,0x3f,0x3b,0xad,0x3b,0x5c,0x2d,0xc8,0x02,0x5c,
    0x02,0x0f,0xc0,0x04,0x17,0x0f,0xe0,0x01,0x91,0x0f,0x02,0x00,0x71,0x02,0x50,0x02,
    0x0c,0x02,0x00,0x08,0xb8,0x04,0x05,0x02,0x00,0x1f,0xad,0x62,0x02,0xc7,0x13,0x98,
    0xbc,0x04,0x0f,0x60,0x02,0x15,0x0f,0xba,0x01,0x71,0x0f,0x02,0x00,0x95,0x0c,0x5c,
    0x02,0x0f,0xc0,0x04,0x09,0x3f,0x3b,0xad,0x5b,0xc4,0x04,0xc0,0x2f,0x98,0x8b,0x60,
    0x02,0x19,0x0f,0xd8,0x01,0x95,0x0f,0x02,0x00,0x79,0x02,0x56,0x02,0x06,0x02,0x00,
    0x05,0xb4,0x04,0x08,0x02,0x00,0x01,0xc0,0x04,0x1f,0x5b,0x62,0x02,0xbe,0x2f,0x78,
    0x8b,0x60,0x02,0x19,0x0f,0xb6,0x01,0x79,0x0f,0x02,0x00,0x99,0x06,0x5c,0x02,0x0f,
    0xc0,0x04,0x0d,0x0f,0x62,0x02,0xbb,0x2f,0x78,0x8b,0x60,0x02,0x17,0x0f,0xd0,0x01,
    0x99,0x0f,0x02,0x00,0x5b,0xaf,0xb2,0x82,0xf3,0x82,0x36,0x8b,0x78,0x8b,0xba,0x93,
    0xd8,0x1f,0x09,0x02,0x5c,0x02,0x0f,0x60,0x02,0x11,0x0f,0x64,0x02,0xb3,0x22,0x78,
    0x8b,0x02,0x00,0x0f,0xc0,0x04,0x13,0x0f,0xb2,0x01,0x5b,0x0f,0x02,0x00,0x77,0x2f,
    0xb9,0x8b,0xfc,0x00,0x0f,0x35,0xb2,0x82,0xd3,0x60,0x02,0x3f,0x5b,0xac,0x9c,0x74,
    0x5f,0x06,0x02,0x5e,0x02,0x0f,0x20,0x07,0x0d,0x04,0x02,0x00,0x0f,0x04,0x01,0x77,
    0x0f,0x02,0x00,0x21,0x02,0x5c,0x02,0x0f,0xc0,0x04,0x15,0x0f,0x62,0x00,0x21,0x0f,
    0x02,0x00,0xaf,0x8f,0xf4,0x82,0x36,0x8b,0x99,0x8b,0x1b,0x9c,0xee,0x3b,0x0d,0x0a,
    0x60,0x02,0x4f,0xbc,0xb4,0xdc,0xb4,0x2c,0x40,0x05,0x02,0x62,0x02,0x0f,0x80,0x09,
    0x0b,0x06,0x02,0x00,0x0f,0x42,0x01,0xa7,0x02,0x5a,0x02,0x02,0x02,0x00,0x0f,0xc0,
    0x04,0x0d,0x0f,0xe6,0x00,0xa7,0x0f,0x02,0x00,0x2b,0x02,0x36,0x02,0x8f,0x99,0x8b,
    0x1b,0x9c,0x7c,0xac,0xbc,0xb4,0x88,0x55,0x0b,0x06,0x20,0x07,0x04,0x60,0x02,0x0f,
    0xe4,0x25,0x05,0x4f,0xd3,0x82,0x79,0x9c,0x60,0x02,0x15,0x0f,0x62,0x02,0xa5,0x33,
    0x77,0x8b,0x77,0x1c,0x07,0x0f,0xc0,0x04,0x0f,0x0f,0xa4,0x01,0x2b,0x0f,0x02,0x00,
    0xa9,0x0a,0x60,0x02,0x0f,0x32,0x02,0x07,0x00,0xc8,0x67,0x17,0xf4,0x20,0x07,0x02,
    0xc0,0x04,0x2f,0x3b,0xa5,0x1e,0x02,0x05,0x4f,0x35,0x8b,0x39,0x94,0xc4,0x04,0x00,
    0x05,0x40,0x0e,0x0a,0x02,0x00,0x02,0x60,0x00,0x0f,0x02,0x00,0x99,0x2f,0x77,0x8b,
    0x60,0x02,0x17,0x0f,0xd8,0x00,0x99,0x0f,0x02,0x00,0x17,0x4f,0x77,0x8b,0xba,0x93,
    0x28,0x37,0x11,0x13,0xd3,0x20,0x07,0xaf,0x7c,0xac,0xbc,0xb4,0xfc,0xac,0x3b,0xa5,
    0x7b,0xb5,0x64,0x00,0x09,0x02,0xe0,0x0b,0x07,0x60,0x02,0x3f,0xb5,0x9b,0xbd,0x30,
    0x00,0x03,0x3e,0x57,0x8b,0x1a,0x62,0x02,0x0f,0x60,0x02,0x04,0x0f,0x62,0x02,0x9d,
    0x11,0x57,0x5e,0x02,0x0f,0xc0,0x04,0x13,0x0f,0x1e,0x01,0x03,0x0f,0x02,0x00,0xad,
    0x31,0xf4,0x82,0x56,0x60,0x02,0x0f,0xf4,0x06,0x0d,0x02,0x96,0x04,0x04,0x20,0x07,
    0x8f,0xfc,0xac,0x3b,0xa5,0x9b,0xbd,0xba,0xc5,0xfe,0x00,0x0b,0x0c,0x60,0x02,0x2f,
    0xda,0xcd,0x30,0x00,0x03,0x69,0xb9,0x93,0x1b,0x9c,0xfb,0xa4,0x28,0x07,0x0f,0x60,
    0x02,0x06,0x1f,0x5b,0xd6,0x02,0x0a,0x0f,0x02,0x00,0x7b,0x2f,0x57,0x8b,0x60,0x02,
    0x15,0x0f,0xb8,0x00,0x7b,0x0f,0x02,0x00,0x11,0x31,0x57,0x8b,0xb9,0x2c,0x09,0x0f,
    0x2c,0x00,0x0d,0x15,0xd3,0x60,0x02,0x2f,0xfc,0xac,0x58,0x1e,0x11,0x06,0xc0,0x04,
    0x0f,0x60,0x02,0x0f,0x02,0x02,0x00,0x21,0xdc,0xac,0x20,0x07,0x0f,0x60,0x02,0x08,
    0x00,0x1c,0x6f,0x29,0x3b,0xa4,0x26,0x07,0x0f,0x60,0x02,0x08,0x0f,0x62,0x02,0x95,
    0x2f,0x57,0x8b,0x60,0x02,0x15,0x02,0x02,0x01,0x0f,0x02,0x00,0x99,0x9f,0xd3,0x82,
    0x36,0x8b,0xb9,0x93,0x3b,0xa4,0xbc,0xbc,0x0d,0x06,0x04,0x02,0x00,0x06,0xc0,0x04,
    0x4f,0xfc,0xac,0x3b,0xad,0xc4,0x06,0x05,0x0c,0x02,0x00,0x4f,0x1b,0xad,0x3b,0xad,
    0x20,0x07,0x0b,0x0f,0x02,0x00,0x21,0x07,0xc2,0x04,0x0f,0x60,0x02,0x0a,0x0f,0x7a,
    0x00,0x3f,0x0f,0x02,0x00,0x3f,0x02,0x5e,0x02,0x0f,0xc0,0x04,0x11,0x0f,0x7c,0x00,
    0x3f,0x0f,0x02,0x00,0x4f,0x08,0x60,0x02,0x0f,0x2a,0x09,0x0d,0x02,0x80,0x09,0x0f,
    0x60,0x02,0x1b,0x0f,0x02,0x00,0x45,0x05,0x62,0x02,0x0f,0x60,0x02,0x0c,0x0f,0x62,
    0x02,0x8d,0x04,0x5e,0x02,0x0f,0x60,0x02,0x0d,0x2f,0x99,0x8b,0x4a,0x01,0x45,0x0f,
    0x02,0x00,0x4d,0x06,0xc0,0x04,0x0f,0x96,0x04,0x0f,0x13,0xfa,0xea,0x04,0x0f,0x20,
    0x07,0x11,0x0f,0x02,0x00,0x4d,0x03,0x62,0x02,0x0f,0x60,0x02,0x0e,0x0f,0x62,0x02,
    0x8b,0x0f,0x60,0x02,0x15,0x0f,0x4e,0x01,0x4d,0x0f,0x02,0x00,0x49,0x14,0xba,0x36,
    0x02,0x0f,0x86,0x20,0x10,0x11,0x7b,0x14,0x0e,0x0f,0x8e,0x00,0x49,0x0f,0x02,0x00,
    0x17,0x01,0x62,0x02,0x0f,0x60,0x02,0xaa,0x11,0x56,0x7a,0x09,0x02,0x02,0x00,0x0f,
    0xa0,0x10,0x09,0x0f,0x14,0x01,0x17,0x0f,0x02,0x00,0x83,0x01,0x1e,0x10,0x0f,0x2a,
    0x68,0xa0,0x02,0x60,0x28,0x02,0x40,0x21,0x0d,0x02,0x00,0x43,0xb5,0x5b,0xb5,0x7b,
    0x02,0x00,0x0f,0x76,0x01,0x83,0x2f,0x56,0x8b,0x60,0x02,0x13,0x0f,0xbe,0x00,0x83,
    0x0f,0x02,0x00,0xb7,0x9f,0xb2,0x82,0xd3,0x82,0x35,0x8b,0x77,0x8b,0xb9,0x14,0x33,
    0x00,0x0f,0xc0,0x04,0x11,0x0f,0x24,0x07,0x83,0x2f,0x56,0x8b,0x60,0x02,0x0f,0x1f,
    0x98,0x5e,0x02,0xff,0x51,0x0a,0x60,0x02,0x3b,0x3b,0xa4,0x7c,0x08,0x1f,0x0f,0xc0,
    0x04,0x11,0x0f,0x62,0x02,0x7f,0x3f,0x36,0x8b,0x36,0x60,0x02,0x12,0x0f,0x26,0x04,
    0xb7,0x0f,0x02,0x00,0x57,0x31,0xf3,0x82,0x15,0x96,0x23,0x0f,0xa2,0x37,0x15,0x08,
    0xc0,0x04,0x6a,0x3b,0xa4,0x9c,0xb4,0xbc,0xb4,0xf8,0x6f,0x0f,0x20,0x07,0x0f,0x02,
    0x02,0x00,0x0f,0xe2,0x00,0x57,0x0f,0x02,0x00,0x0d,0x2f,0x36,0x8b,0x60,0x02,0x13,
    0x0f,0x48,0x00,0x0d,0x0f,0x02,0x00,0xff,0x02,0x33,0xb2,0x82,0xd3,0x60,0x02,0x02,
    0x82,0x15,0x0f,0x02,0x1f,0x0b,0x02,0x02,0x00,0x15,0xf4,0x20,0x07,0x04,0x60,0x02,
    0x28,0x1c,0xad,0xaa,0x1c,0x0d,0x7c,0x09,0x0b,0x80,0x09,0x04,0x02,0x00,0x02,0x4e,
    0x00,0x0f,0x02,0x00,0x6d,0x02,0x5e,0x02,0x0f,0xc0,0x04,0x0b,0x4f,0x98,0x8b,0x1b,
    0xa4,0xa8,0x00,0x6d,0x0f,0x02,0x00,0x79,0x0f,0x22,0x28,0x09,0x0a,0x02,0x00,0x0e,
    0x60,0x02,0x2f,0x1c,0xad,0xf0,0x10,0x0f,0x13,0x36,0x80,0x09,0x09,0x60,0x02,0x07,
    0xaa,0x1c,0x0f,0x62,0x02,0x00,0x07,0xe0,0x0b,0x06,0x02,0x00,0x0a,0x8c,0x00,0x0f,
    0x02,0x00,0x63,0x0f,0x60,0x02,0x11,0x4f,0xfa,0x9b,0x7c,0xac,0xa4,0x81,0xf5,0x01,
    0xa2,0x1e,0x1f,0xa4,0x62,0x1a,0x0f,0x04,0x02,0x00,0x0c,0xc0,0x04,0x1f,0x1c,0xe4,
    0x17,0x14,0x0c,0x60,0x02,0x17,0x7b,0x60,0x02,0x0f,0x62,0x02,0x00,0x0f,0x60,0x02,
    0x84,0x04,0x5e,0x02,0x0f,0xc0,0x04,0x09,0x3f,0x98,0x8b,0xfb,0x60,0x02,0xf4,0xbf,
    0xb2,0x82,0xf4,0x82,0x57,0x8b,0xba,0x93,0x1b,0xa4,0x9c,0x20,0x28,0x08,0x0a,0x02,
    0x00,0x31,0xf4,0x82,0x35,0x80,0x09,0x04,0x20,0x07,0x4f,0x1c,0xad,0x3b,0xad,0xa4,
    0x1c,0x15,0x08,0xc0,0x04,0x1b,0x7b,0xaa,0x1c,0x0b,0xc4,0x04,0x0f,0x60,0x02,0x02,
    0x0f,0xc2,0x04,0x6d,0x06,0x5e,0x02,0x0f,0x60,0x02,0x07,0x31,0x36,0x8b,0x78,0x60,
    0x02,0x0f,0x70,0x29,0x07,0x0f,0x02,0x00,0xab,0x4f,0x78,0x8b,0xda,0x93,0x14,0x64,
    0x15,0x0a,0x60,0x02,0x0f,0xea,0x06,0x11,0x04,0x02,0x00,0x1f,0xda,0x60,0x02,0x22,
    0x02,0x02,0x00,0x15,0xfc,0x60,0x02,0x02,0x10,0x00,0x04,0x02,0x00,0x09,0x62,0x02,
    0x0f,0x60,0x02,0x04,0x0f,0x62,0x02,0x69,0x11,0x35,0xd8,0x0b,0x04,0x02,0x00,0x0f,
    0xa0,0x10,0x03,0x4f,0x56,0x8b,0x15,0x83,0x60,0x02,0xc9,0x6f,0xf4,0x82,0x57,0x8b,
    0xda,0x93,0xfe,0x07,0x17,0x08,0xc0,0x04,0x3f,0x1c,0xad,0x5b,0xfa,0x1e,0x16,0x00,
    0x28,0x90,0x02,0xe2,0x2a,0x0f,0x20,0x07,0x15,0x0f,0x02,0x00,0x11,0x07,0x62,0x02,
    0x0f,0x60,0x02,0x06,0x1f,0x7b,0x60,0x26,0x04,0x0f,0x02,0x00,0x4f,0x0f,0x60,0x02,
    0x11,0x26,0x00,0x00,0x60,0x02,0x0f,0xb0,0x03,0x19,0x0f,0x02,0x00,0x93,0x33,0xb2,
    0x82,0xd3,0x60,0x02,0x2f,0xdc,0xb4,0xac,0x2c,0x05,0x0a,0x02,0x00,0x26,0x15,0x83,
    0x20,0x07,0x0f,0x60,0x02,0x1d,0x00,0x8c,0x92,0x0f,0x6e,0x1a,0x3d,0x05,0x62,0x02,
    0x0f,0x60,0x02,0x06,0x0c,0xf6,0x04,0x0f,0x02,0x00,0x55,0x2f,0x35,0x8b,0x60,0x02,
    0x0f,0x00,0x9e,0x93,0x15,0x35,0x20,0x07,0x1f,0x1c,0xfe,0x40,0xc0,0x22,0x15,0x83,
    0xc0,0x04,0x3f,0xdc,0xb4,0x1b,0x7a,0x2a,0x0c,0x04,0x02,0x00,0x11,0x78,0x78,0x28,
    0x0f,0x60,0x02,0x25,0x0f,0x02,0x00,0x3f,0x03,0x62,0x02,0x0f,0x60,0x02,0x08,0x0f,
    0x62,0x02,0x61,0x2f,0x15,0x8b,0x60,0x02,0x0f,0x02,0x0c,0x01,0x06,0x80,0x09,0x1f,
    0x1c,0x38,0x3c,0xbe,0x02,0x02,0x00,0x15,0xfa,0x60,0x02,0x0f,0x7a,0x2a,0x0d,0x0f,
    0x02,0x00,0x83,0x01,0x62,0x02,0x0f,0x60,0x02,0x0a,0x0f,0x62,0x02,0x5d,0x2f,0x15,
    0x8b,0x60,0x02,0x0d,0x53,0x57,0x8b,0xf4,0x82,0x35,0x86,0x23,0x02,0x40,0x0e,0x02,
    0x60,0x02,0x0f,0xaa,0x00,0x5d,0x0f,0x02,0x00,0x53,0x5f,0x9c,0xb4,0xdc,0xb4,0x1b,
    0x6c,0x31,0x06,0x0f,0x02,0x00,0x8d,0x0f,0x60,0x02,0x11,0x0f,0xb8,0x01,0x5b,0x2f,
    0x15,0x83,0x60,0x02,0x0d,0x22,0xf4,0x82,0xee,0x32,0x00,0xc0,0x9a,0x13,0x99,0x40,
    0x0e,0x0f,0x70,0x08,0x21,0x0f,0x02,0x00,0xff,0x4e,0xb3,0xd3,0x82,0x15,0x83,0x57,
    0x8b,0x39,0x9c,0x5b,0xad,0x5b,0x3e,0x21,0x0c,0x02,0x00,0x22,0x9b,0xbd,0x02,0x00,
    0x0f,0x8a,0x01,0x57,0x2f,0x15,0x83,0x60,0x02,0x0f,0x13,0xd3,0x60,0x02,0x02,0x64,
    0x2f,0x24,0x1b,0x9c,0xc0,0x04,0x17,0xba,0x8e,0x0c,0x2f,0x15,0x83,0xb4,0x00,0x57,
    0x0f,0x02,0x00,0xd3,0x0f,0x74,0x2e,0x1d,0x01,0x1e,0x18,0x7f,0x83,0x57,0x8b,0x99,
    0x8b,0x7a,0x9c,0x60,0x02,0x0d,0x0f,0x62,0x02,0x55,0x01,0x5e,0x02,0x0f,0xc0,0x04,
    0x0a,0x42,0xd9,0x9b,0xfc,0xac,0x18,0x33,0x04,0x98,0x1d,0x25,0x1b,0xa4,0x60,0x02,
    0x05,0x1c,0x33,0x4f,0xb2,0x82,0x15,0x83,0x94,0x1c,0xff,0x24,0x0f,0x02,0x00,0x01,
    0x51,0xf3,0x82,0x15,0x8b,0x57,0x94,0x23,0x3f,0x5b,0xa4,0x9c,0xae,0x9f,0x18,0x02,
    0xc0,0x04,0x6c,0x99,0x8b,0xda,0x93,0xdb,0xac,0xba,0x04,0x02,0x02,0x00,0x02,0xbe,
    0x04,0x02,0x02,0x00,0x0f,0x7a,0x00,0x01,0x0f,0x02,0x00,0x3d,0x0f,0x60,0x02,0x0d,
    0x31,0x98,0x93,0xbc,0xac,0x0f,0x22,0x14,0x83,0x60,0x02,0x42,0x1b,0x9c,0x3b,0xa4,
    0xa2,0x08,0x0e,0x60,0x02,0x2f,0x99,0x8b,0x8a,0x1b,0x17,0x0f,0x02,0x00,0xff,0x0a,
    0x01,0x88,0x04,0x07,0x60,0x02,0x1f,0xdc,0xaa,0x3b,0x0c,0x06,0x02,0x00,0x06,0x60,
    0x02,0x42,0x1b,0x9c,0x3b,0xad,0x52,0x02,0x0a,0x02,0x00,0x02,0x5a,0x02,0x02,0x02,
    0x00,0x06,0x38,0x00,0x0f,0x02,0x00,0x45,0x03,0x5e,0x02,0x0f,0xc0,0x04,0x08,0x51,
    0xfa,0x9b,0xbc,0xb4,0x1b,0x3c,0x2c,0x04,0x60,0x02,0x11,0x5b,0x6e,0x1b,0x4f,0xdc,
    0xac,0x1c,0xa5,0x60,0x02,0x00,0x0f,0x6e,0x03,0x1a,0x0f,0x02,0x00,0xff,0x06,0x0f,
    0x60,0x02,0x03,0x0f,0x4e,0x0d,0x13,0x02,0x20,0x07,0x6f,0xda,0x93,0x1b,0x9c,0x7b,
    0xac,0x24,0x07,0x01,0x02,0x5a,0x02,0x04,0x02,0x00,0x0f,0x82,0x01,0x4b,0x05,0x5e,
    0x02,0x0f,0x60,0x02,0x08,0xb3,0x1b,0x9c,0xbc,0xb4,0x3b,0xad,0x7b,0xbd,0x00,0x00,
    0x56,0x38,0x1b,0x11,0x5b,0x86,0x24,0x02,0x56,0x1d,0x06,0xc2,0x0f,0x03,0xc0,0x04,
    0x2f,0xa4,0x9c,0x6c,0x2c,0xa2,0x0f,0x02,0x00,0x43,0x51,0xd3,0x82,0x15,0x83,0x77,
    0xa0,0x1c,0x0f,0x60,0x00,0x1d,0x19,0xd3,0x20,0x07,0x02,0xc0,0x04,0x1f,0x5b,0xa8,
    0x1c,0x14,0x02,0x20,0x07,0x6a,0x1b,0x9c,0x5c,0xac,0xdc,0xb4,0xbc,0x04,0x0e,0x60,
    0x02,0x0f,0x62,0x02,0x4b,0x0f,0x60,0x02,0x0d,0x33,0x56,0x8b,0x77,0x60,0x02,0x02,
    0x88,0x00,0x11,0x98,0xae,0x4a,0x06,0x60,0x02,0x08,0x02,0x00,0x04,0x60,0x02,0x0f,
    0x4c,0x38,0x0f,0x0f,0x02,0x00,0xd7,0x15,0xd2,0x60,0x02,0x02,0xb0,0x1d,0x0f,0x14,
    0x18,0x13,0x02,0x02,0x00,0x1d,0x35,0x20,0x07,0x55,0x5b,0xad,0x9b,0xbd,0xda,0xf0,
    0x0a,0x0f,0x02,0x00,0x0b,0x11,0xfa,0xd4,0x21,0x3d,0xbc,0xb4,0x3b,0x46,0x0e,0x04,
    0xba,0x04,0x04,0x02,0x00,0x0f,0x48,0x00,0x0b,0x0f,0x02,0x00,0x29,0x2f,0x14,0x83,
    0x60,0x02,0x0d,0x01,0xa4,0x04,0x45,0xa4,0xbc,0xb4,0x3b,0x68,0x09,0x04,0x60,0x02,
    0x1d,0xdc,0xa6,0x04,0x08,0x60,0x02,0x0f,0x48,0x01,0x19,0x0f,0x02,0x00,0xc9,0x1b,
    0xb2,0x60,0x02,0x08,0x16,0x28,0x0f,0x02,0x00,0x13,0x02,0xe0,0x0b,0x06,0xc0,0x04,
    0x0f,0x60,0x02,0x15,0x02,0x02,0x00,0x2e,0xbc,0xb4,0xc2,0x04,0x04,0x58,0x02,0x06,
    0x02,0x00,0x02,0x2c,0x00,0x0f,0x02,0x00,0x3f,0x0f,0x60,0x02,0x13,0x01,0x64,0x02,
    0x05,0x60,0x02,0x15,0xda,0x60,0x02,0x0c,0x40,0x8d,0x08,0x60,0x02,0x0f,0x32,0x27,
    0x0f,0x0f,0x02,0x00,0x9f,0x52,0x15,0x83,0x77,0x8b,0xda,0x0a,0x1a,0x0f,0x34,0x9a,
    0x16,0x1d,0xd3,0x60,0x02,0x3f,0x7b,0xb5,0xbb,0x82,0x04,0x14,0x08,0x02,0x00,0x23,
    0xdc,0xac,0xc0,0x04,0x18,0xb5,0x16,0x00,0x0f,0x02,0x00,0x13,0x02,0x16,0x07,0x06,
    0x02,0x00,0x06,0x58,0x02,0x04,0x02,0x00,0x0f,0x48,0x00,0x13,0x0f,0x02,0x00,0x1d,
    0x2f,0x14,0x83,0xc0,0x04,0x0d,0x0f,0x52,0x00,0x03,0x04,0xc0,0x04,0x0e,0xd8,0x8a,
    0x02,0x80,0x09,0x4f,0xbc,0xb4,0xfc,0xac,0xc0,0x45,0x9d,0x0f,0x02,0x00,0x0f,0x02,
    0x8a,0x23,0x04,0x60,0x02,0x0f,0xdc,0x17,0x17,0x22,0x15,0x8b,0x80,0x09,0x02,0x20,
    0x07,0x1f,0x3b,0x74,0x1a,0x62,0x06,0x5c,0x02,0x0f,0x80,0x09,0x01,0x0f,0x84,0x09,
    0x43,0x4f,0xf4,0x82,0xf4,0x82,0x60,0x02,0x0b,0x0f,0x74,0x01,0x07,0x22,0x5b,0xac,
    0xb2,0x05,0x11,0x1c,0x90,0x70,0x24,0xb2,0x82,0x2a,0x00,0x26,0x15,0x8b,0x60,0x02,
    0x0f,0x16,0x03,0x45,0x0f,0x02,0x00,0x67,0x08,0xc0,0x04,0x01,0x4c,0x04,0x07,0x5a,
    0x16,0x0f,0x02,0x00,0x0b,0x11,0xda,0x0c,0x09,0x1f,0xdc,0xae,0x49,0x10,0x0f,0x02,
    0x00,0x45,0x02,0x5a,0x02,0x02,0x02,0x00,0x02,0x52,0x02,0x0c,0x02,0x00,0x0f,0x7a,
    0x00,0x3d,0x0f,0x60,0x02,0x1d,0x46,0xb2,0x82,0xf3,0x82,0xa0,0x17,0x06,0x60,0x02,
    0x53,0x5b,0xad,0xb2,0x82,0xf3,0x62,0x02,0x01,0x98,0x48,0x01,0x2c,0x44,0x0f,0x7e,
    0x01,0x19,0x0f,0x02,0x00,0x9b,0x02,0x20,0x07,0x19,0x1b,0x9a,0x11,0x0f,0x02,0x00,
    0x13,0x02,0x44,0x09,0x0f,0x2c,0x00,0x13,0x0f,0x02,0x00,0x3d,0x02,0x5a,0x02,0x02,
    0x02,0x00,0x0c,0x5a,0x02,0x02,0x02,0x00,0x0f,0x72,0x00,0x3b,0x2f,0xf4,0x82,0x60,
    0x02,0x0b,0x2c,0xd8,0x93,0x98,0x24,0x01,0x60,0x02,0x41,0x8b,0x57,0x8b,0x98,0xe4,
    0x1e,0x02,0x6e,0x4f,0x71,0x1c,0xa5,0x3b,0xa5,0x5b,0xb5,0xb2,0x3a,0x1a,0x02,0xa0,
    0x00,0x06,0xc0,0x04,0x0f,0x66,0x08,0x21,0x0f,0x02,0x00,0x0b,0x1f,0xff,0x01,0x00,
    0x9a,0x0f,0xcc,0x00,0x0b,0x0f,0x02,0x00,0x5f,0x02,0x5c,0x02,0x0f,0x20,0x07,0x05,
    0x0f,0x24,0x07,0x3d,0x0f,0x60,0x02,0x0b,0x2a,0x77,0x8b,0x62,0x37,0x02,0xe6,0x39,
    0x02,0xb2,0x18,0x13,0x99,0x1a,0x59,0x01,0x80,0x09,0x12,0xa5,0xa6,0x2b,0x33,0x14,
    0x83,0x56,0x6a,0x3b,0x24,0xba,0x93,0x20,0x07,0x06,0x18,0x13,0x0f,0x02,0x00,0x2f,
    0x0f,0x59,0x02,0x9a,0x07,0x02,0x00,0x0f,0xfa,0x00,0x2f,0x0f,0x02,0x00,0x39,0x02,
    0x5e,0x02,0x0f,0xc0,0x04,0x05,0x0f,0xc2,0x04,0x39,0x02,0x5e,0x02,0x0f,0x80,0x09,
    0x07,0x21,0x3a,0xa4,0xb6,0x2b,0x09,0xec,0x79,0x08,0x60,0x02,0x22,0x1b,0x9c,0x7a,
    0x29,0x13,0x1b,0x60,0x02,0x11,0x15,0x60,0x02,0x02,0xd4,0x57,0x02,0xc2,0x48,0x0f,
    0x60,0x02,0x39,0x07,0xb1,0x01,0x0f,0x02,0x00,0xa0,0x0f,0x22,0x02,0x39,0x0f,0x02,
    0x00,0x01,0x13,0x78,0xda,0x03,0x0f,0x02,0x00,0x0f,0x0f,0x60,0x02,0x0d,0x1f,0xbb,
    0x50,0x0a,0x16,0x0f,0x02,0x00,0x0d,0x0f,0x60,0x02,0x0b,0x4f,0x98,0x93,0xbc,0xb4,
    0x60,0x02,0x0d,0x02,0x00,0x31,0x02,0x60,0x02,0xf1,0x00,0xba,0xc5,0x00,0x00,0x57,
    0x8b,0x99,0x8b,0xfb,0x9b,0x3b,0xa4,0x00,0x00,0x5b,0x62,0x46,0x0e,0x60,0x02,0x02,
    0x94,0x02,0x0f,0x02,0x00,0x1d,0x0f,0x51,0x02,0xa0,0x0d,0x02,0x00,0x0f,0xf4,0x00,
    0x1d,0x0f,0x02,0x00,0x17,0x23,0xd3,0x82,0x9e,0x0e,0x0f,0x0c,0x5d,0x0e,0x02,0x02,
    0x00,0x02,0x62,0x02,0x02,0x0e,0x07,0x0e,0x02,0x00,0x0f,0x60,0x02,0x35,0x04,0x5e,
    0x02,0x0f,0xc0,0x04,0x05,0x23,0x5b,0xa4,0x60,0x02,0x09,0x7a,0x4f,0x0a,0xc0,0x04,
    0x24,0x5b,0xac,0xd4,0x1f,0x71,0x7b,0xb5,0xba,0xc5,0xda,0xcd,0x77,0x60,0x02,0x02,
    0xea,0x1f,0x11,0xdc,0xa0,0x10,0x08,0x80,0x09,0x31,0xf3,0x82,0x77,0x32,0x26,0x02,
    0xe6,0x00,0x0f,0x02,0x00,0x17,0x0d,0xab,0x01,0x0f,0x02,0x00,0xa6,0x0f,0xf4,0x00,
    0x17,0x0f,0x02,0x00,0x19,0x05,0x5e,0x13,0x3c,0x9c,0x5c,0xac,0x36,0x40,0x0f,0x02,
    0x00,0x01,0x0f,0x60,0x02,0x0c,0x1f,0xc5,0xd4,0x08,0x33,0x0f,0x60,0x02,0x0b,0x2f,
    0xb8,0x93,0xd6,0x32,0x05,0x11,0xf4,0xe0,0x0b,0x02,0x3a,0x1d,0x08,0x70,0x62,0xa6,
    0xda,0xc5,0xda,0xcd,0x00,0x00,0xb9,0x8b,0xfb,0x9b,0x76,0x02,0x0a,0x40,0x0e,0x6f,
    0xd3,0x82,0x57,0x8b,0xfb,0x9b,0x98,0x1c,0x1d,0x0f,0x4d,0x02,0xa6,0x0f,0x02,0x00,
    0x02,0x0f,0xf0,0x01,0x01,0x0f,0x02,0x00,0x2b,0x25,0xb2,0x82,0x7e,0x1a,0x03,0x60,
    0x02,0x02,0xb6,0x36,0x0f,0x56,0x00,0x09,0x0f,0x80,0x09,0x09,0x0f,0x60,0x02,0x33,
    0x06,0x5e,0x02,0x0f,0xc0,0x04,0x01,0x11,0x56,0xec,0x56,0x05,0xc0,0x04,0x09,0x92,
    0x07,0x0e,0x60,0x02,0x08,0x3c,0x41,0x41,0xba,0x93,0xfb,0x9b,0x48,0x4b,0x1e,0xb4,
    0xe0,0x00,0x04,0x60,0x02,0x0f,0x38,0x1a,0x19,0x0f,0xa5,0x01,0x02,0x0f,0xa8,0x01,
    0x42,0x0f,0x02,0x00,0x3d,0x01,0xa7,0x00,0x0d,0x02,0x00,0x0f,0x66,0x00,0x07,0x02,
    0xd0,0x3d,0x06,0x10,0x39,0x0f,0x2a,0x00,0x07,0x0c,0x02,0x00,0x0c,0xc0,0x04,0x01,
    0xea,0x36,0x09,0xb4,0x01,0x0e,0x02,0x00,0x0f,0x20,0x07,0x08,0x2f,0xc5,0xba,0x62,
    0x02,0x30,0x0f,0x60,0x02,0x0b,0x19,0x98,0x60,0x02,0x0a,0xae,0x1f,0x0c,0x60,0x02,
    0x1b,0xdc,0x28,0x19,0x04,0x66,0x5b,0x0e,0xd4,0x00,0x06,0x60,0x02,0x0f,0x38,0x1a,
    0x17,0x0d,0xa1,0x01,0x0f,0x5c,0x02,0x92,0x04,0x02,0x00,0x01,0xaf,0x00,0x0b,0x02,
    0x00,0x04,0x1c,0x00,0x0a,0x02,0x00,0x02,0x8a,0x23,0x06,0x60,0x02,0x01,0x36,0x0d,
    0x01,0x0e,0x25,0x0f,0x02,0x00,0x0f,0x06,0x80,0x09,0x02,0x20,0x07,0x02,0x60,0x02,
    0x0f,0xe6,0x06,0x0b,0x1f,0x7b,0x7a,0x09,0x00,0x02,0x02,0x00,0x0f,0x60,0x02,0x31,
    0x08,0x5e,0x02,0x0e,0xc0,0x04,0x11,0x36,0x1e,0x21,0x06,0xc0,0x04,0x0a,0x60,0x02,
    0x02,0xd2,0x1f,0x06,0x20,0x07,0x0e,0x82,0x1c,0x01,0xc0,0x04,0x0f,0x9c,0x1b,0x00,
    0x07,0x60,0x02,0x0f,0x3a,0x01,0x14,0x0b,0x9b,0x01,0x0f,0x5c,0x02,0x96,0x02,0xd0,
    0x1e,0x01,0x8c,0x04,0x21,0xb4,0xdf,0xb8,0x00,0x08,0x02,0x00,0x0f,0x32,0x02,0x03,
    0x0a,0xc0,0x04,0x03,0x68,0x1c,0x0f,0x86,0x04,0x0c,0x06,0x02,0x00,0x01,0xfe,0x42,
    0x06,0x20,0x07,0x0f,0x60,0x02,0x0e,0x22,0x00,0x00,0x4e,0x02,0x0e,0x02,0x00,0x02,
    0x60,0x02,0x0f,0x9e,0x02,0x0b,0x0f,0x02,0x00,0x0d,0x0f,0x60,0x02,0x0b,0x01,0x2a,
    0x3a,0x03,0x38,0x67,0x0f,0x16,0x41,0x01,0x1d,0x36,0x60,0x02,0x24,0x1c,0xad,0x92,
    0x16,0x42,0xb2,0x82,0xd3,0x82,0x9a,0x02,0x0c,0x9a,0x15,0x08,0x60,0x02,0x0a,0x98,
    0x09,0x0f,0x02,0x00,0x05,0x08,0x94,0x01,0x02,0x02,0x00,0x0f,0x2a,0x00,0x05,0x0f,
    0x02,0x00,0x7d,0x02,0xb2,0x06,0x03,0xa6,0x1c,0x32,0xb4,0xde,0xde,0xbe,0x00,0x04,
    0x02,0x00,0x0f,0xae,0x00,0x05,0x1b,0x36,0xc0,0x04,0x01,0x88,0x23,0x0f,0x64,0x61,
    0x04,0x0f,0x02,0x00,0x03,0x02,0x7a,0x01,0x0f,0x80,0x09,0x0f,0x0f,0x60,0x02,0x4b,
    0x11,0xf3,0xb6,0x17,0x06,0x02,0x00,0x0c,0xe0,0x1e,0x01,0x8a,0x1d,0x0f,0x60,0x02,
    0x08,0x3b,0x00,0x00,0x77,0xc0,0x04,0x08,0x60,0x02,0x43,0xf4,0x82,0x35,0x8b,0xba,
    0x09,0x09,0x3a,0x13,0x02,0x44,0x3f,0x31,0xfb,0x9b,0x9c,0x58,0x0e,0x0f,0xc8,0x13,
    0x11,0x04,0x90,0x01,0x04,0x02,0x00,0x02,0x18,0x01,0x0f,0x02,0x00,0x93,0x26,0x35,
    0x8b,0x60,0x02,0x44,0xfc,0xac,0x3e,0xe7,0xc4,0x00,0x02,0x02,0x00,0x0f,0xc4,0x00,
    0x05,0x12,0x98,0xf4,0x04,0x01,0xdc,0x11,0x02,0x60,0x02,0x0f,0x2a,0x00,0x05,0x0f,
    0x02,0x00,0x31,0x0e,0xbc,0x04,0x08,0xc0,0x04,0x0f,0xc2,0x04,0x27,0x0f,0x60,0x02,
    0x0b,0x04,0x4c,0x11,0x05,0x0c,0x03,0x0f,0x2e,0x29,0x00,0x1d,0x78,0x60,0x02,0x04,
    0xd2,0x24,0x02,0x26,0x1a,0x22,0x77,0x8b,0x46,0x03,0x02,0xf2,0x17,0x13,0xd3,0x98,
    0x1c,0x26,0x14,0x83,0x60,0x02,0x0f,0xbe,0x00,0x11,0x02,0x8c,0x01,0x04,0x02,0x00,
    0x0f,0x52,0x01,0x31,0x0f,0x02,0x00,0x5b,0x04,0xc0,0x04,0x4a,0xfc,0xac,0x9c,0xb5,
    0x26,0x07,0x0f,0x88,0x00,0x0b,0x7b,0x9c,0xb4,0xbc,0xb4,0xfc,0xac,0x1c,0x9e,0x03,
    0x0f,0x02,0x00,0x3f,0x02,0x50,0x02,0x0c,0x02,0x00,0x04,0x20,0x07,0x0f,0xa2,0x01,
    0x11,0x0f,0x02,0x00,0x01,0x2f,0xd3,0x82,0x60,0x02,0x0a,0x1f,0x83,0x60,0x02,0x11,
    0x02,0x3a,0x73,0x02,0xa0,0x10,0x01,0x22,0x1a,0x01,0x48,0x4f,0x51,0x7b,0xb5,0x00,
    0x00,0xd2,0x86,0x1c,0x62,0x78,0x8b,0xb9,0x8b,0x1b,0xa5,0xb4,0x62,0x06,0x60,0x02,
    0x31,0x00,0x00,0x78,0xa0,0x10,0x0f,0x78,0x15,0x01,0x0e,0x02,0x00,0x04,0x58,0x02,
    0x04,0x02,0x00,0x0e,0x22,0x00,0x0f,0x02,0x00,0x91,0x02,0x20,0x01,0x44,0x3b,0xa5,
    0x9f,0xf7,0xc8,0x00,0x0f,0x46,0x0a,0x79,0x0c,0x5c,0x02,0x0a,0xc0,0x04,0x0f,0x62,
    0x02,0x23,0x0f,0x60,0x02,0x0c,0x1e,0x8b,0x60,0x02,0x0f,0x4c,0x11,0x03,0x0f,0x60,
    0x02,0x03,0x04,0xc0,0x36,0x42,0xda,0x93,0xfb,0x9b,0x72,0x02,0x51,0xb2,0x82,0xf4,
    0x82,0x15,0x0e,0x1f,0x02,0xf2,0x3d,0x0f,0x60,0x02,0x23,0x0f,0x4c,0x02,0x91,0x0f,
    0x02,0x00,0x0b,0x02,0x5a,0x02,0x04,0x02,0x00,0x0f,0x2c,0x00,0x0b,0x0f,0x02,0x00,
    0x55,0x02,0x52,0x02,0x0a,0x02,0x00,0x06,0xc0,0x04,0x0f,0x60,0x02,0x21,0x2f,0xd3,
    0x82,0x60,0x02,0x0b,0x02,0xda,0x00,0x04,0x06,0x08,0x17,0xdc,0x5a,0x09,0x0c,0x02,
    0x00,0x2c,0xfb,0x9b,0xc0,0x04,0x02,0x2e,0x08,0x02,0xc0,0x36,0x02,0x9e,0x1c,0x95,
    0x9b,0xbd,0xda,0xc5,0xd2,0x82,0xf4,0x82,0x35,0xa6,0x28,0x2f,0x1b,0x9c,0x60,0x02,
    0xff,0x7a,0x0f,0x62,0x02,0x01,0x08,0x60,0x02,0x0f,0x62,0x02,0x1f,0x0f,0x60,0x02,
    0x13,0x0f,0x02,0x00,0x13,0x25,0x3b,0xa4,0x62,0x28,0x01,0x20,0x07,0x04,0xc8,0x10,
    0x04,0x08,0x0d,0x44,0x5b,0xac,0x00,0x00,0x60,0x02,0x13,0x57,0xc2,0x04,0x2f,0x3b,
    0xa4,0x60,0x02,0xff,0xca,0x2f,0xd3,0x82,0x60,0x02,0x0b,0x02,0xe2,0x71,0x91,0x99,
    0x8b,0xba,0x93,0xfa,0x93,0x1b,0x9c,0x3b,0xe0,0x38,0x0f,0x02,0x00,0x09,0x14,0x7c,
    0xc2,0x2a,0x09,0x60,0x02,0x13,0x57,0x68,0x0f,0x04,0x28,0x1a,0x53,0xf4,0x82,0x35,
    0x8b,0x57,0xb4,0x42,0x22,0x00,0x00,0x38,0x2d,0x02,0xec,0x04,0x06,0x02,0x00,0x46,
    0x77,0x8b,0xb9,0x93,0x0e,0x00,0x00,0x9e,0xdd,0x04,0x4a,0x06,0x0f,0xb0,0x08,0x79,
    0x0f,0x02,0x00,0x29,0x02,0xca,0x00,0x04,0x02,0x00,0x0f,0x4a,0x00,0x29,0x0f,0x02,
    0x00,0x1d,0x04,0xf2,0x08,0x0f,0x38,0x00,0x03,0x0a,0x1e,0x07,0x0c,0xc0,0x04,0x0f,
    0xc2,0x04,0x1b,0x0f,0x60,0x02,0x0d,0x3b,0x15,0x83,0x36,0x60,0x02,0x0f,0xd0,0x7e,
    0x07,0x02,0x02,0x00,0x03,0x62,0x28,0x09,0x60,0x02,0x02,0x5c,0x52,0x02,0xc8,0x17,
    0x24,0xbc,0xb4,0x60,0x02,0x13,0x98,0xc2,0x04,0x2f,0x00,0x00,0x98,0x2f,0x01,0x3b,
    0x36,0x8b,0xba,0x8e,0x52,0x04,0x8a,0x01,0x0f,0x60,0x02,0xf9,0x02,0x2a,0x02,0x15,
    0x3b,0x78,0x3a,0x0f,0x02,0x00,0x11,0x11,0xd2,0xfe,0x1e,0x31,0xda,0x93,0x3b,0xcc,
    0x41,0x0e,0x96,0x14,0x0f,0x60,0x02,0x57,0x2f,0xf4,0x82,0x60,0x02,0x03,0x0e,0x84,
    0x36,0x08,0x02,0x00,0x06,0x40,0x0e,0x04,0x20,0x07,0x24,0x00,0x00,0x1e,0x13,0x02,
    0x88,0x1c,0x02,0xc0,0x04,0x08,0xe4,0x63,0x0c,0xf8,0x31,0x21,0xd3,0x82,0x60,0x02,
    0x18,0xac,0x56,0x1a,0x02,0x5a,0x02,0x02,0x02,0x00,0x08,0x70,0x00,0x0f,0x02,0x00,
    0xa7,0x02,0xcc,0x00,0x02,0x02,0x00,0x02,0x70,0x16,0x01,0x4a,0x2e,0x14,0x9c,0x84,
    0x22,0x0f,0x02,0x00,0x0d,0x31,0xb2,0x82,0x14,0x26,0x51,0x13,0x3b,0x46,0x58,0x04,
    0xd4,0x16,0x0f,0x02,0x00,0x0b,0x04,0x4c,0x18,0x04,0x36,0x00,0x04,0x4a,0x12,0x06,
    0x02,0x00,0x0a,0x62,0x02,0x0a,0x80,0x09,0x0f,0xc0,0x04,0x19,0x02,0xbe,0x04,0x0f,
    0xe0,0x0b,0x05,0x2f,0xf4,0x82,0x60,0x02,0x07,0x0c,0x84,0x36,0x0a,0x02,0x00,0x3b,
    0xfc,0xac,0x1b,0xc0,0x04,0x02,0x22,0x0c,0x02,0x60,0x02,0x24,0xfc,0xac,0x60,0x02,
    0x02,0x74,0x47,0x0f,0x02,0x00,0x01,0x06,0x60,0x02,0x06,0x00,0xbd,0x02,0x88,0x01,
    0x02,0x02,0x00,0x0f,0x34,0x00,0x01,0x0f,0x02,0x00,0x9f,0x02,0xcc,0x00,0x02,0x02,
    0x00,0x0a,0x60,0x02,0x1f,0xdc,0x2c,0x02,0x12,0x0c,0x60,0x02,0x0f,0xda,0x0f,0x05,
    0x0a,0x02,0x00,0x15,0xd3,0xc0,0x04,0x04,0x2c,0x11,0x0c,0x10,0x10,0x0f,0x60,0x02,
    0x0b,0x0f,0x62,0x02,0x17,0x0f,0x60,0x02,0x0b,0x1f,0xd3,0x60,0x02,0x0c,0x0f,0x02,
    0x01,0x0b,0x0a,0xc0,0x04,0x0a,0x60,0x02,0x06,0x52,0x1a,0x0a,0xfa,0x00,0x06,0x02,
    0x00,0x15,0xb2,0xc0,0x04,0x06,0x66,0x00,0x02,0x88,0x01,0x02,0x02,0x00,0x06,0x2a,
    0x00,0x0f,0x02,0x00,0xa9,0x02,0xcc,0x00,0x02,0x02,0x00,0x00,0x00,0xe8,0x15,0xd2,
    0xc0,0x04,0x01,0x2a,0x32,0x1f,0xb5,0xca,0x01,0x0f,0x06,0x20,0x07,0x01,0x86,0x34,
    0x0f,0xfa,0x16,0x00,0x0f,0x02,0x00,0x01,0x04,0x20,0x07,0x03,0x36,0x00,0x03,0x0c,
    0x2a,0x08,0x02,0x00,0x08,0x62,0x02,0x0c,0xc0,0x04,0x0f,0x96,0x00,0x0f,0x02,0x02,
    0x00,0x04,0x5e,0x02,0x0f,0xc0,0x04,0x05,0x1f,0xd2,0x60,0x02,0x0e,0x02,0x90,0x17,
    0x0f,0x02,0x00,0x05,0x26,0x7b,0xb5,0x20,0x07,0x02,0x22,0x7a,0x04,0xc0,0x04,0x24,
    0x1b,0xa5,0xb2,0x1c,0x02,0x1a,0x00,0x0e,0x02,0x00,0x08,0x60,0x02,0x04,0x5e,0x03,
    0x02,0x88,0x01,0x02,0x02,0x00,0x0e,0x32,0x00,0x0f,0x02,0x00,0xa1,0x02,0xcc,0x00,
    0x02,0x02,0x00,0x04,0xc0,0x00,0x24,0xba,0x93,0x60,0x02,0x0e,0xf6,0x01,0x0f,0x02,
    0x00,0x01,0x06,0xe6,0x55,0x02,0x0a,0x75,0x0f,0xfe,0x01,0x13,0x19,0x78,0x20,0x07,
    0x0e,0x6a,0x00,0x0f,0x60,0x02,0x0b,0x0f,0x64,0x00,0x13,0x0f,0x60,0x02,0x0b,0x2f,
    0xb2,0x82,0x60,0x02,0x11,0x0f,0xc6,0x98,0x1b,0x22,0x7c,0xac,0xfe,0x0b,0x06,0x60,
    0x02,0x2f,0xfb,0x9b,0x34,0x01,0x01,0x0a,0x60,0x02,0x22,0x9b,0xb5,0x24,0x00,0x02,
    0x88,0x01,0x02,0x02,0x00,0x02,0x12,0x00,0x0f,0x02,0x00,0xad,0x02,0xcc,0x00,0x02,
    0x02,0x00,0x0a,0xcc,0x00,0x3f,0xfc,0xac,0x1b,0xd2,0x3d,0x1a,0x02,0x8a,0x04,0x06,
    0xec,0x05,0x0f,0x02,0x00,0x13,0x02,0x36,0x00,0x0f,0x60,0x02,0x01,0x08,0x62,0x02,
    0x0e,0xc0,0x04,0x0f,0x60,0x02,0x57,0x19,0x5b,0x2c,0x2d,0x0f,0x02,0x00,0x0d,0x06,
    0x60,0x02,0x24,0x3b,0xad,0x12,0x1f,0x04,0x34,0x00,0x04,0x10,0x13,0x02,0x02,0x00,
    0x06,0x80,0x09,0x24,0x1b,0xa5,0xba,0x10,0x02,0x88,0x01,0x02,0x02,0x00,0x02,0x26,
    0x00,0x0f,0x02,0x00,0xad,0x02,0xcc,0x00,0x02,0x02,0x00,0x0f,0xcc,0x00,0x7d,0x06,
    0xc2,0x04,0x0f,0x60,0x02,0x23,0x06,0xbe,0x04,0x0f,0x20,0x07,0x01,0x1f,0x14,0xc0,
    0x04,0x14,0x0f,0x60,0x02,0x07,0x04,0x6e,0x4a,0x0a,0x38,0x01,0x04,0xc0,0x04,0x24,
    0x5b,0xad,0x12,0x1f,0x02,0xae,0x04,0x39,0xf4,0x82,0x77,0xee,0x0b,0x0f,0x60,0x02,
    0xff,0x8e,0x0f,0xc2,0x04,0x0f,0x0f,0x60,0x02,0x0b,0x02,0xc6,0x2d,0x0f,0x40,0x0e,
    0x0b,0x04,0x60,0x02,0x04,0x60,0x04,0x08,0x02,0x00,0x08,0x2e,0x4f,0x02,0x54,0x34,
    0x04,0x02,0x00,0x04,0x92,0x43,0x23,0x7b,0xb5,0xb4,0x10,0x01,0x70,0x6d,0x64,0xf4,
    0x82,0x78,0x8b,0xfa,0x93,0x24,0x00,0x00,0xec,0xf2,0x04,0xa0,0x10,0x0f,0xc0,0x04,
    0xff,0x66,0x06,0xc2,0x04,0x0f,0xc0,0x04,0x01,0x0f,0x60,0x02,0x78,0x01,0x34,0x1a,
    0x02,0x34,0x02,0x02,0x02,0x00,0x04,0xca,0x24,0x22,0xb9,0x93,0x74,0x15,0x00,0x3a,
    0xf5,0x02,0xfc,0x63,0x02,0x0c,0x00,0x02,0x02,0x00,0x13,0x57,0x00,0x13,0x0f,0x60,
    0x02,0x49,0x02,0x9a,0x06,0x04,0x02,0x00,0x02,0x78,0x00,0x0f,0x02,0x00,0x03,0x04,
    0x24,0x00,0x0f,0x26,0x00,0x0b,0x0f,0x02,0x00,0x1d,0x06,0x56,0x00,0x0f,0x58,0x00,
    0x3b,0x0f,0x02,0x00,0x33,0x04,0x22,0x07,0x0f,0x60,0x02,0x21,0x08,0xbe,0x04,0x0e,
    0x20,0x07,0x02,0xb4,0x06,0x0f,0xc0,0x04,0x27,0x27,0xb2,0x82,0xc0,0x04,0x23,0xa4,
    0x7c,0xb6,0x17,0x06,0x02,0x00,0x04,0xbc,0x10,0x02,0x60,0x02,0x53,0x9c,0xb4,0x00,
    0x00,0x15,0xfc,0x63,0x02,0xfe,0x50,0x02,0x02,0x00,0x1f,0xda,0x60,0x02,0x4c,0x08,
    0xde,0x01,0x02,0x02,0x00,0x02,0x78,0x00,0x0c,0x02,0x00,0x02,0x1c,0x00,0x08,0x02,
    0x00,0x0c,0x22,0x00,0x0f,0x02,0x00,0x25,0x0f,0x54,0x00,0x21,0x04,0x3c,0x27,0x0f,
    0x02,0x00,0x51,0x02,0x62,0x02,0x0f,0x60,0x02,0x03,0x0f,0xc2,0x04,0x0b,0x0f,0x60,
    0x02,0x0f,0x2f,0x00,0x00,0x00,0x13,0x0f,0x04,0x20,0x07,0x0c,0x6c,0x00,0x0e,0x60,
    0x02,0x08,0x88,0x17,0x00,0xea,0xf9,0x01,0x44,0x6e,0x21,0xc5,0xfa,0x02,0x3a,0x02,
    0xde,0x04,0x11,0x78,0x0a,0x39,0x08,0x28,0x00,0x2a,0xfb,0x9b,0x8e,0x65,0x0f,0x8e,
    0x01,0x21,0x0f,0x02,0x00,0x05,0x08,0x4c,0x00,0x08,0x02,0x00,0x0e,0x30,0x00,0x08,
    0x1e,0x00,0x06,0x02,0x00,0x0e,0x28,0x00,0x0f,0x02,0x00,0x21,0x06,0x50,0x00,0x0f,
    0x52,0x00,0x17,0x13,0xf3,0xf0,0x8e,0x0f,0x70,0x00,0x11,0x02,0x3c,0x4a,0x3f,0xb9,
    0x93,0x1b,0x38,0x1e,0x0e,0x0f,0x02,0x00,0x03,0x0f,0x60,0x02,0x27,0x11,0xd2,0xd8,
    0x1e,0x04,0x02,0x00,0x0c,0x20,0x2d,0x02,0x6e,0x00,0x0f,0x60,0x02,0x3b,0x0e,0xe8,
    0x1a,0x00,0x52,0xfc,0x02,0x3e,0x07,0x25,0xbc,0xb4,0x9c,0x61,0x0b,0x14,0xd7,0x11,
    0xdc,0xa8,0x0f,0x02,0x2c,0x00,0x06,0x8e,0x01,0x3f,0x9f,0xf7,0x57,0x2c,0x6f,0x18,
    0x0e,0x02,0x00,0x06,0x4a,0x00,0x0c,0x02,0x00,0x0f,0x2c,0x00,0x2b,0x0f,0x02,0x00,
    0x1d,0x08,0x7e,0x00,0x0f,0x3c,0x00,0x13,0x02,0x68,0x6b,0x05,0x9a,0x85,0x05,0x1c,
    0x01,0x0f,0x02,0x00,0x03,0x02,0x60,0x02,0x0f,0x86,0x72,0x1b,0x13,0x78,0x48,0x44,
    0x06,0x82,0x09,0x0f,0xc0,0x04,0x1f,0x2f,0xb2,0x82,0x60,0x02,0x09,0x02,0x5c,0x00,
    0x02,0x1a,0x28,0x0f,0x80,0x1c,0x05,0x11,0xfc,0x38,0x4f,0x0f,0xc0,0x04,0x19,0x0f,
    0x9e,0x11,0x03,0x02,0xd2,0x23,0x02,0x32,0x39,0x01,0xb0,0x04,0x0f,0x06,0x2c,0x08,
    0x06,0x8e,0x01,0x21,0x5e,0xef,0x60,0x02,0x09,0x4e,0x07,0x0f,0x02,0x00,0x17,0x06,
    0x48,0x00,0x06,0xd6,0x01,0x06,0x14,0x00,0x0a,0x48,0x00,0x0e,0x18,0x00,0x06,0x12,
    0x00,0x0c,0x2c,0x00,0x0f,0x02,0x00,0x1f,0x0f,0x4c,0x00,0x21,0x11,0xf4,0xc8,0x6d,
    0x02,0xce,0x43,0x1f,0x3b,0xf0,0x31,0x0e,0x02,0xa0,0x1c,0x02,0xe6,0x74,0x0f,0x76,
    0x6c,0x0f,0x0e,0xfa,0x1e,0x0f,0x40,0x21,0x01,0x02,0x02,0x00,0x2f,0xda,0xc5,0x92,
    0x53,0x07,0x0f,0x60,0x02,0x77,0x02,0xd2,0x23,0x02,0xc4,0x3e,0x01,0xfc,0x63,0x0f,
    0x78,0x1b,0x08,0x06,0x8e,0x01,0x0f,0x60,0x02,0x29,0x06,0x46,0x00,0x0a,0x20,0x02,
    0x06,0x18,0x00,0x06,0x28,0x02,0x0f,0x14,0x00,0x01,0x08,0x16,0x00,0x08,0x2c,0x00,
    0x0f,0x02,0x00,0x21,0x06,0x60,0x00,0x0f,0x4a,0x00,0x1d,0x02,0xce,0x43,0x04,0x5e,
    0x59,0x0f,0x02,0x00,0x09,0x01,0x9c,0x33,0x01,0x00,0x1f,0x0f,0xb6,0x67,0x0f,0x0c,
    0x9a,0x1c,0x2f,0x1b,0xa5,0x60,0x02,0x4b,0x2f,0x00,0x00,0xc0,0x04,0x15,0x0a,0x36,
    0x35,0x0f,0x80,0x09,0x01,0x02,0xd0,0x10,0x0f,0x0a,0x01,0x01,0x04,0x60,0x02,0x8f,
    0x9b,0xa4,0x7c,0xac,0xdc,0xac,0x3b,0xa5,0x40,0x94,0x05,0x06,0x8e,0x01,0x04,0x60,
    0x02,0x0f,0x76,0x07,0x05,0x0f,0x02,0x00,0x07,0x06,0x44,0x00,0x0e,0xd2,0x01,0x0a,
    0x1c,0x00,0x0a,0x0e,0x00,0x0a,0x02,0x00,0x0f,0x1c,0x00,0x09,0x0f,0x02,0x00,0x19,
    0x0f,0x48,0x00,0x2d,0x0e,0x36,0x27,0x0f,0x02,0x00,0x01,0x04,0x0a,0x1a,0x02,0x60,
    0x02,0x0a,0xaa,0x01,0x0c,0x02,0x00,0x19,0x15,0xe6,0x34,0x02,0x66,0x4b,0x02,0x60,
    0x3b,0x0c,0x02,0x00,0x0f,0xc0,0x04,0x25,0x0a,0x72,0x00,0x2f,0x35,0x8b,0x00,0x26,
    0x01,0x0e,0x20,0x07,0x0a,0x60,0x02,0x02,0x0a,0x03,0x03,0x14,0x39,0x01,0x40,0x0e,
    0x03,0x60,0x02,0x1a,0xad,0x5e,0x00,0x02,0x02,0x00,0x13,0xbc,0xba,0x83,0x5f,0x1b,
    0xa5,0x9c,0xb4,0xdc,0x54,0x08,0x08,0x06,0x8e,0x01,0x06,0x60,0x02,0x1f,0x1c,0x52,
    0x00,0x02,0x0f,0x02,0x00,0x05,0x06,0x42,0x00,0x0e,0x5e,0x02,0x0c,0x9a,0x04,0x08,
    0x02,0x00,0x02,0x1e,0x00,0x08,0x02,0x00,0x0f,0x1e,0x00,0x0b,0x0f,0x02,0x00,0x15,
    0x0f,0x46,0x00,0x33,0x0f,0x02,0x00,0x13,0x11,0xdc,0x94,0x27,0x0f,0x2c,0x00,0x0f,
    0x0c,0x9a,0x1c,0x0f,0x60,0x02,0x1f,0x2f,0xb2,0x82,0x20,0x07,0x09,0x0c,0x82,0x00,
    0x1f,0x57,0x60,0x28,0x00,0x0f,0x60,0x02,0x25,0x0a,0xee,0x17,0x42,0xd3,0x82,0x15,
    0x8b,0x16,0x1a,0x02,0x52,0x40,0x4f,0x1b,0xa5,0x3b,0xad,0x60,0x02,0x1f,0x0f,0x02,
    0x1d,0x17,0x0f,0xce,0x01,0x11,0x08,0x24,0x00,0x02,0x02,0x00,0x0c,0x10,0x01,0x04,
    0x02,0x00,0x02,0x1e,0x00,0x02,0x02,0x00,0x04,0x14,0x00,0x0f,0x02,0x00,0x1d,0x02,
    0x3e,0x00,0x02,0x02,0x00,0x0f,0x3c,0x00,0x1d,0x0f,0x02,0x00,0x47,0x04,0xf0,0x04,
    0x02,0xc0,0x04,0x2f,0xbb,0xc5,0xc0,0x04,0x07,0x0f,0x82,0x09,0x03,0x0f,0x60,0x02,
    0x1b,0x3f,0x00,0x00,0x78,0x60,0x02,0x10,0x0c,0xee,0x00,0x0c,0x00,0x13,0x02,0xc0,
    0x04,0x0c,0x60,0x02,0x24,0x35,0x8b,0xae,0x0c,0x04,0xd6,0x17,0x11,0x1b,0xa0,0x7c,
    0x0c,0x4e,0x00,0x02,0x02,0x00,0x02,0x88,0x01,0x0c,0xc0,0x04,0x0c,0x9a,0x28,0x0f,
    0x02,0x00,0x05,0x02,0x3a,0x00,0x02,0x02,0x00,0x0f,0x24,0x00,0x05,0x0e,0xc4,0x04,
    0x02,0x14,0x00,0x0f,0x02,0x00,0x03,0x02,0x4c,0x00,0x02,0x02,0x00,0x0f,0x22,0x00,
    0x03,0x0f,0x02,0x00,0x0d,0x02,0x3c,0x00,0x02,0x02,0x00,0x0f,0x2c,0x00,0x0d,0x0f,
    0x02,0x00,0x59,0x11,0x5b,0xb0,0x09,0x02,0x60,0x02,0x1f,0xba,0x60,0x02,0x09,0x0b,
    0xb6,0x06,0x02,0x02,0x00,0x0f,0x60,0x02,0x09,0x02,0x22,0x00,0x0c,0x02,0x00,0x0c,
    0x20,0x2d,0x0e,0xc0,0x04,0x0c,0x32,0x00,0x1f,0xf4,0x20,0x07,0x02,0x0e,0x60,0x02,
    0x33,0x98,0x8b,0xfa,0x1c,0xa3,0x02,0xd6,0x17,0x35,0x7b,0xb5,0x3b,0xd0,0x1e,0x02,
    0x68,0x07,0x02,0x08,0x00,0x0a,0xfa,0x01,0x03,0xa0,0x10,0x5e,0xac,0xdc,0xb4,0x1c,
    0xad,0x5c,0x22,0x0f,0x02,0x00,0x01,0x02,0xc4,0x01,0x0f,0x18,0x07,0x05,0x0f,0x02,
    0x00,0x27,0x02,0x54,0x00,0x02,0x02,0x00,0x0f,0x46,0x00,0x1f,0x02,0x38,0x00,0x02,
    0x02,0x00,0x0f,0x3e,0x00,0x1f,0x0f,0x02,0x00,0x4f,0x02,0x7a,0x28,0x0f,0xc0,0x04,
    0x08,0x0f,0x60,0x02,0x00,0x2f,0xb2,0x82,0x60,0x02,0x1f,0x03,0x58,0x64,0x01,0xe0,
    0x31,0x01,0x8e,0x0b,0x0f,0xa0,0x10,0x0c,0x02,0x1a,0x0c,0x0e,0x80,0x09,0x0f,0x60,
    0x02,0x03,0x02,0x7e,0x4e,0x22,0x00,0x00,0x00,0x3f,0x28,0x9b,0xbd,0x84,0x0a,0x17,
    0xf3,0x98,0x1c,0x02,0x88,0x01,0x02,0x02,0x00,0x02,0xa0,0x10,0x0f,0x60,0x02,0x15,
    0x02,0x34,0x00,0x0f,0x5e,0x02,0x3f,0x0a,0xf6,0x02,0x0f,0x24,0x02,0x1f,0x02,0x94,
    0x00,0x02,0x02,0x00,0x02,0x4e,0x00,0x0f,0x02,0x00,0x81,0x0f,0x60,0x02,0x09,0x0e,
    0x62,0x02,0x0f,0x60,0x02,0x25,0x4f,0x00,0x00,0x1b,0xa4,0x60,0x02,0x05,0x0f,0x16,
    0x01,0x01,0x13,0x35,0x42,0x28,0x08,0xe0,0x0b,0x19,0x5b,0xc6,0x45,0x04,0xc0,0x04,
    0x04,0xc2,0x17,0x02,0x10,0x0d,0x44,0xba,0xc5,0x00,0x00,0xb6,0x00,0x55,0xb2,0x82,
    0xf3,0x82,0x98,0xda,0x6f,0x02,0x88,0x01,0x02,0x02,0x00,0x22,0x78,0x8b,0x3e,0x1a,
    0x0f,0x20,0x07,0x0f,0x17,0xff,0x01,0x00,0x0f,0xa8,0x00,0x01,0x0f,0x02,0x00,0x2f,
    0x07,0x61,0x00,0x1f,0xff,0x4e,0x00,0x1b,0x0f,0x3a,0x00,0x27,0x0f,0x02,0x00,0x09,
    0x0f,0x28,0xb0,0x15,0x0f,0x02,0x00,0x15,0x0f,0x80,0x09,0x08,0x0f,0x60,0x02,0x3a,
    0x07,0xae,0x12,0x07,0xc0,0x04,0x02,0x18,0x00,0x0f,0x02,0x00,0x01,0x03,0xe2,0x25,
    0x0f,0x60,0x02,0x10,0x06,0x40,0x1a,0x02,0x60,0x02,0x04,0x02,0x00,0x02,0x60,0x02,
    0x22,0x3b,0xa4,0x48,0x15,0x08,0x8e,0x01,0x06,0x60,0x02,0x0f,0x14,0x0d,0x0b,0x17,
    0xff,0x01,0x00,0x04,0x56,0x00,0x0f,0x02,0x00,0x3f,0x07,0x65,0x00,0x0f,0x62,0x02,
    0x1a,0x0f,0x38,0x00,0x25,0x0f,0x02,0x00,0x0b,0x06,0x26,0x32,0x0f,0xb4,0x48,0x01,
    0x0f,0x02,0x00,0x1f,0x0f,0x60,0x02,0x37,0x0f,0x7c,0x00,0x1f,0x0f,0x02,0x00,0x09,
    0x0f,0x60,0x02,0x1a,0x14,0xac,0x4a,0x00,0x0a,0xcc,0x09,0x04,0x60,0x02,0x2e,0xfc,
    0xac,0x8e,0x01,0x02,0xfa,0x62,0x04,0x38,0x00,0x0c,0x02,0x00,0x4f,0xb9,0x93,0x3b,
    0xa4,0xc0,0x01,0x43,0x0f,0x02,0x00,0x01,0x0f,0x6a,0x00,0x23,0x0f,0x36,0x00,0x23,
    0x0f,0x02,0x00,0x0d,0x08,0x60,0x02,0x0f,0xb0,0x66,0x0b,0x55,0xf3,0x82,0x36,0x8b,
    0x98,0x2a,0x2d,0x0f,0x58,0x00,0x07,0x0c,0xfc,0x12,0x04,0x00,0x13,0x0f,0x20,0x07,
    0x1d,0x0f,0x62,0x00,0x07,0x02,0x02,0x00,0x71,0x77,0x8b,0x98,0x8b,0xb9,0x8b,0xda,
    0x50,0x8f,0x08,0x4c,0x23,0x0f,0x02,0x00,0x05,0x01,0x82,0x23,0x0f,0xc0,0x04,0x12,
    0x0e,0xb4,0x68,0x02,0x02,0x00,0x13,0xf4,0x60,0x02,0x2f,0x1c,0xad,0x8e,0x01,0x1b,
    0x66,0x36,0x8b,0xb9,0x93,0x7d,0xc5,0xa4,0x46,0x02,0x4e,0x00,0x0f,0x02,0x00,0x49,
    0x0f,0x2c,0x02,0x21,0x0f,0x34,0x00,0x21,0x0f,0x02,0x00,0x11,0x02,0xbc,0xab,0x0f,
    0xc6,0x2f,0x0d,0x02,0x40,0x98,0x11,0x98,0xca,0x1d,0x11,0x9c,0x1a,0x5c,0x0f,0x5c,
    0x00,0x05,0x02,0x52,0x02,0x0a,0x02,0x00,0x04,0x60,0x02,0x0a,0x22,0x07,0x02,0x7e,
    0x09,0x0f,0x00,0x13,0x05,0x0f,0x60,0x00,0x05,0x02,0x02,0x00,0x57,0x36,0x8b,0x57,
    0x8b,0x78,0x60,0x02,0x2c,0x7c,0xb4,0x78,0x23,0x0e,0x02,0x00,0x1f,0xfb,0x60,0x02,
    0x16,0x0f,0x3c,0x2e,0x03,0x22,0x15,0x83,0xc0,0x04,0x4f,0x1b,0xad,0x5b,0xad,0x8e,
    0x01,0x17,0x75,0xd3,0x82,0x36,0x8b,0x3a,0x9c,0xbf,0x31,0x00,0x0e,0x98,0x00,0x0f,
    0x02,0x00,0x43,0x05,0x71,0x00,0x0f,0x26,0x07,0x14,0x06,0x30,0x00,0x0f,0xa4,0x00,
    0x41,0x0f,0x60,0x02,0x0d,0x02,0xc6,0x29,0x08,0x60,0x02,0x0f,0xe0,0x36,0x05,0x0a,
    0x5a,0x02,0x02,0x02,0x00,0x0f,0x60,0x02,0x3d,0x2c,0x15,0x83,0x60,0x02,0x11,0x9c,
    0x60,0x02,0x0f,0xe4,0x07,0x0d,0x1f,0x3b,0xc0,0x04,0x06,0x24,0x00,0x00,0xe0,0x0b,
    0x04,0xfe,0x51,0x02,0xf4,0x00,0x08,0x02,0x00,0x24,0x15,0x8b,0x60,0x02,0x2f,0x7b,
    0xb5,0x8e,0x01,0x17,0xe8,0xb2,0x82,0x36,0x8b,0xbe,0xde,0xff,0xff,0xff,0xff,0xbf,
    0xf7,0x9f,0xf7,0x50,0x00,0x0f,0x02,0x00,0x4d,0x06,0xa4,0x00,0x0f,0x6a,0x00,0x11,
    0x06,0x2e,0x00,0x0f,0x30,0x00,0x13,0x0f,0x02,0x00,0x1f,0x02,0x62,0x10,0x0f,0x02,
    0x00,0x0b,0x02,0x40,0x5e,0x22,0xdc,0xac,0x40,0x1a,0x0f,0x2c,0x00,0x01,0x02,0x52,
    0x02,0x0a,0x02,0x00,0x0f,0x60,0x02,0x1f,0x02,0x88,0x25,0x0f,0x02,0x00,0x03,0x3f,
    0xf3,0x82,0x14,0x60,0x02,0x08,0x0f,0x06,0x09,0x07,0x02,0x14,0x0c,0x02,0x32,0x13,
    0x0c,0x40,0x0e,0x71,0x00,0x00,0x36,0x8b,0x98,0x8b,0xfa,0x08,0x21,0x02,0x1e,0x00,
    0x02,0xd8,0x28,0x08,0xf4,0x12,0x3f,0x00,0x00,0x99,0x60,0x02,0x22,0x22,0xb7,0x93,
    0x1c,0x07,0x22,0xfd,0xc5,0x56,0x00,0x0f,0x02,0x00,0x57,0x04,0x34,0x02,0x0f,0x72,
    0x00,0x11,0x04,0x2c,0x00,0x0f,0x60,0x02,0x47,0x0f,0x02,0x00,0x15,0x13,0xbc,0xac,
    0x09,0x08,0x1c,0x12,0x08,0x02,0x00,0x0a,0x5c,0x02,0x08,0x80,0x09,0x0f,0x20,0x07,
    0x15,0x22,0x35,0x8b,0xa6,0x0d,0x0f,0x02,0x00,0x01,0x3f,0xd2,0x82,0xd3,0x60,0x02,
    0x0c,0x0f,0xde,0x06,0x03,0x06,0x02,0x00,0x04,0xa0,0x17,0x0a,0x9c,0x17,0x1a,0x56,
    0x60,0x02,0x12,0xb5,0x30,0x00,0x42,0xd3,0x82,0x36,0x8b,0x88,0x22,0x24,0xba,0x93,
    0x86,0xaa,0x42,0x1b,0xad,0x9b,0xbd,0x88,0x01,0x02,0x02,0x00,0x02,0x2a,0x00,0x0f,
    0x02,0x00,0x05,0x31,0xb2,0x82,0x19,0xee,0x04,0x4f,0x3f,0xef,0x1c,0xad,0x2e,0x1f,
    0x05,0x0f,0x02,0x00,0x47,0x02,0xa2,0x00,0x0f,0xa4,0x00,0x0d,0x0f,0x3c,0x13,0x2d,
    0x0f,0x02,0x00,0x3f,0x02,0x80,0x14,0x0f,0x58,0x00,0x03,0x02,0x54,0x02,0x08,0x02,
    0x00,0x0f,0xc0,0x04,0x01,0x04,0x7e,0x09,0x0f,0x80,0x09,0x01,0x22,0x76,0x93,0xa6,
    0x0d,0x0f,0x02,0x00,0x01,0x1f,0xb2,0x60,0x02,0x10,0x0f,0x28,0x10,0x0b,0x0f,0x02,
    0x00,0x05,0x17,0x99,0xc0,0x04,0x04,0x78,0x9b,0x93,0xf3,0x82,0x56,0x8b,0x57,0x8b,
    0xf4,0x82,0x77,0x7e,0x34,0x11,0x5b,0xc0,0x04,0x0f,0x60,0x02,0x19,0x13,0xd3,0x60,
    0x02,0x2f,0xfe,0xe6,0xe0,0x17,0x03,0x02,0x02,0x02,0x0f,0x94,0x00,0x05,0x0f,0x02,
    0x00,0x2d,0x02,0x5e,0x00,0x0f,0x60,0x00,0x11,0x04,0x2a,0x00,0x0f,0x2e,0x00,0x13,
    0x0f,0x02,0x00,0x69,0x08,0x5a,0x02,0x02,0x02,0x00,0x06,0x60,0x02,0x06,0xc2,0x04,
    0x02,0xbc,0x17,0x0f,0x60,0x02,0x03,0x22,0xb8,0x9b,0xa6,0x0d,0x0f,0x02,0x00,0x01,
    0x0f,0x60,0x02,0x13,0x0f,0x8a,0x06,0x21,0x0a,0x60,0x02,0x02,0x3c,0x66,0x64,0xf4,
    0x82,0x56,0x8b,0x99,0x8b,0x10,0x57,0x5f,0x00,0x00,0x00,0x00,0xdc,0x60,0x02,0x1e,
    0x11,0x3a,0xee,0x04,0x4e,0xbf,0xf7,0x5c,0xb5,0x40,0x1a,0x02,0xd0,0x01,0x0f,0x00,
    0x02,0x11,0x0f,0x02,0x00,0x09,0x0f,0x42,0x00,0x05,0x0f,0x5e,0x00,0x19,0x04,0x2c,
    0x00,0x0f,0x4c,0x00,0x05,0x0f,0x02,0x00,0x77,0x02,0x54,0x02,0x08,0x02,0x00,0x0f,
    0x60,0x02,0x1d,0x3f,0x1a,0xa4,0xbc,0x0e,0x17,0x04,0x2f,0xb2,0x82,0x60,0x02,0x15,
    0x0a,0xfe,0x06,0x06,0x02,0x00,0x13,0x15,0x82,0x87,0x02,0x90,0x04,0x0a,0x02,0x00,
    0x02,0xde,0x63,0x11,0xfc,0x08,0x2d,0x11,0xba,0x82,0x7a,0x91,0xf4,0x82,0x56,0x8b,
    0xb9,0x93,0xd9,0x93,0x77,0x44,0x15,0x02,0x2e,0x00,0x2c,0x1b,0xa5,0xc0,0x04,0x15,
    0xd2,0x56,0x91,0x0f,0x02,0x00,0x01,0x31,0x57,0x8b,0xbf,0xe0,0x54,0x3b,0xbf,0xf7,
    0xbb,0x5a,0x7f,0x02,0xce,0x01,0x0f,0xd2,0x01,0x2d,0x02,0x42,0x00,0x0e,0xa4,0x02,
    0x04,0x18,0x00,0x0e,0x1a,0x00,0x0f,0x02,0x00,0x01,0x06,0x2e,0x00,0x0f,0x30,0x00,
    0x13,0x0f,0x02,0x00,0x67,0x08,0x5a,0x02,0x02,0x02,0x00,0x0f,0x60,0x02,0x1d,0x11,
    0x3b,0x60,0x02,0x0f,0x22,0x02,0x01,0x0f,0x60,0x02,0x2f,0x02,0x02,0x91,0x11,0xba,
    0x38,0x13,0x0e,0xce,0x6a,0x04,0x40,0x0e,0x0a,0x60,0x02,0x66,0x1b,0x9c,0xb9,0x93,
    0xda,0x93,0x52,0x34,0x0c,0x60,0x02,0x02,0xa2,0x42,0x02,0xe0,0x04,0x0f,0x02,0x00,
    0x01,0x22,0xbc,0xc5,0xbe,0x01,0x46,0xbf,0xff,0xdd,0xe6,0x20,0x00,0x02,0x14,0x00,
    0x02,0x02,0x00,0x06,0x16,0x00,0x0f,0x02,0x00,0x1d,0x02,0x40,0x00,0x02,0x02,0x00,
    0x08,0x3c,0x00,0x02,0x12,0x00,0x02,0x02,0x00,0x08,0x18,0x00,0x0f,0x02,0x00,0x05,
    0x02,0x2a,0x00,0x02,0x02,0x00,0x0f,0x24,0x00,0x05,0x0f,0x02,0x00,0x75,0x02,0x56,
    0x02,0x06,0x02,0x00,0x0f,0x60,0x02,0x1b,0x2f,0x14,0x83,0x60,0x02,0x33,0x0f,0x20,
    0x0a,0x01,0x06,0x02,0x91,0x0f,0x68,0xae,0x01,0x02,0x36,0x40,0x08,0xc0,0x04,0x51,
    0x00,0x00,0x56,0x8b,0xb9,0x70,0x5f,0x01,0x92,0x2f,0x23,0xb4,0xfc,0xdc,0x17,0x02,
    0x88,0x01,0x02,0x02,0x00,0x04,0x60,0x02,0x0f,0x84,0x2f,0x09,0x22,0x1d,0xd6,0x2c,
    0x00,0x06,0x1e,0x04,0x02,0x0c,0x00,0x04,0x02,0x00,0x0f,0xba,0x01,0x29,0x04,0x44,
    0x00,0x06,0x5c,0x00,0x0f,0x14,0x00,0x03,0x0f,0x02,0x00,0x0b,0x02,0x40,0x00,0x02,
    0x02,0x00,0x0f,0x2a,0x00,0x0b,0x0f,0x02,0x00,0x6f,0x06,0x5a,0x02,0x02,0x02,0x00,
    0x0f,0x60,0x02,0x1b,0x11,0x36,0x06,0x10,0x46,0x1c,0xad,0x7b,0xb5,0xae,0x09,0x06,
    0x02,0x00,0x0f,0x20,0x07,0x17,0x0f,0x60,0x02,0x01,0x02,0x02,0x5f,0x04,0xc0,0x04,
    0x02,0x80,0x21,0x06,0x5c,0x00,0x02,0x60,0x09,0x0a,0x60,0x02,0x11,0x57,0x60,0x02,
    0x48,0x9c,0xb4,0x7b,0xac,0x04,0x1a,0x02,0x88,0x01,0x02,0x02,0x00,0x06,0x60,0x02,
    0x0f,0xc4,0x2a,0x09,0x02,0x2c,0x00,0x04,0x04,0x02,0x02,0x0a,0x00,0x06,0x02,0x00,
    0x02,0xc4,0x3b,0x02,0x82,0x00,0x0f,0x02,0x00,0x1f,0x06,0x48,0x00,0x02,0x1c,0x02,
    0x06,0x10,0x00,0x0f,0x4c,0x00,0x17,0x06,0x34,0x00,0x0f,0x36,0x00,0x19,0x0f,0x02,
    0x00,0x2f,0x42,0x15,0x83,0x78,0x8b,0x2c,0x9b,0x04,0xbc,0x03,0x0f,0x02,0x00,0x0f,
    0x02,0x56,0x02,0x06,0x02,0x00,0x0e,0x60,0x02,0x02,0xda,0x0b,0x02,0x02,0x00,0x0c,
    0x40,0x34,0x1f,0x56,0x60,0x02,0x34,0x1f,0xbb,0x54,0xc6,0x00,0x0f,0x60,0x02,0x00,
    0x0f,0x8c,0x68,0x00,0x06,0x20,0x07,0x06,0x60,0x02,0x22,0xbc,0xb4,0x5e,0x9e,0x02,
    0x9c,0x0e,0x0a,0x8e,0x01,0x02,0x20,0x07,0x11,0x5b,0x22,0x39,0x0f,0x1e,0x01,0x07,
    0x08,0x34,0x00,0x0c,0x02,0x00,0x11,0xf3,0x64,0x4c,0x1f,0x3b,0x18,0x8f,0x26,0x0c,
    0x50,0x00,0x02,0x02,0x00,0x0f,0x8c,0x00,0x07,0x0e,0x02,0x00,0x02,0x32,0x00,0x02,
    0x02,0x00,0x0e,0x1e,0x00,0x0f,0x02,0x00,0x45,0x22,0xb2,0x82,0x8e,0x41,0x02,0x5e,
    0x3a,0x0f,0x96,0x0d,0x0b,0x02,0x1a,0x44,0x46,0xda,0x93,0x1b,0xa4,0x5a,0x02,0x02,
    0x02,0x00,0x08,0x60,0x02,0x02,0x94,0x04,0x02,0x5a,0x02,0x02,0x02,0x00,0x0c,0x60,
    0x02,0x1f,0x57,0x60,0x02,0x0a,0x0f,0x00,0x13,0x11,0x02,0xac,0x36,0x0f,0x60,0x02,
    0x27,0x0a,0x02,0x00,0x12,0xb9,0x06,0x4b,0x12,0xb4,0x38,0x2e,0x02,0x04,0x01,0x02,
    0x88,0x01,0x02,0x02,0x00,0x02,0x26,0x13,0x04,0x60,0x02,0x0f,0x36,0x0a,0x01,0x04,
    0x02,0x00,0x02,0x30,0x00,0x08,0x02,0x00,0x04,0x14,0x00,0x02,0x44,0x45,0x02,0xea,
    0x35,0x04,0x2e,0x00,0x0f,0x02,0x00,0x1b,0x08,0x56,0x00,0x02,0x02,0x00,0x0f,0x40,
    0x00,0x27,0x0f,0x3a,0x00,0x1b,0x0f,0x02,0x00,0x2b,0x01,0xc0,0x04,0x12,0x9b,0x60,
    0x02,0x04,0xf6,0x0a,0x0f,0x02,0x00,0x03,0x41,0xb2,0x82,0x14,0x83,0x68,0x0d,0x32,
    0xa4,0x3b,0xbd,0x58,0x02,0x04,0x02,0x00,0x0f,0x60,0x02,0x1b,0x15,0x99,0x60,0x02,
    0x0f,0x68,0x00,0x01,0x1f,0xd3,0x00,0x13,0x12,0x0f,0x60,0x02,0x1b,0x0f,0x76,0x04,
    0x09,0x05,0x66,0x4d,0x01,0x7c,0x09,0x04,0xf8,0x13,0x02,0xc2,0x01,0x02,0x02,0x00,
    0x0b,0x60,0x02,0x1f,0xbd,0xb6,0x00,0x01,0x04,0x02,0x00,0x02,0x32,0x00,0x04,0x02,
    0x00,0x06,0x2a,0x09,0x13,0xd2,0xc0,0x04,0x01,0xda,0xc4,0x0f,0x7c,0x65,0x26,0x04,
    0x58,0x00,0x0f,0xe4,0x06,0x21,0x02,0x36,0x00,0x02,0x02,0x00,0x04,0xae,0x00,0x0f,
    0x02,0x00,0x57,0x0f,0x60,0x02,0x11,0x04,0xec,0x50,0x59,0x5b,0xa4,0xbc,0xb4,0xba,
    0xa8,0x23,0x0f,0x60,0x02,0x39,0x3f,0x00,0x00,0xf4,0xc0,0x17,0x0e,0x04,0x60,0x02,
    0x0e,0xf4,0x2f,0x0f,0x20,0x07,0x03,0x1f,0x3b,0x4e,0x34,0x04,0x02,0x02,0x00,0x13,
    0xda,0xc0,0x04,0xae,0xfc,0xac,0x00,0x00,0x95,0x8b,0x78,0xa4,0x1a,0xb5,0x8e,0x01,
    0x1d,0x56,0x02,0x45,0x0f,0x02,0x00,0x07,0x02,0xc4,0x01,0x04,0xc6,0x01,0x02,0x0e,
    0x00,0x08,0xc0,0x04,0x02,0x22,0x05,0x0f,0x02,0x00,0x23,0x02,0x4e,0x00,0x04,0x5c,
    0x00,0x0f,0x02,0x00,0x19,0x04,0x3a,0x00,0x0f,0x3e,0x00,0x23,0x0f,0x02,0x00,0x31,
    0x0f,0xc0,0x04,0x0d,0x02,0x1a,0x44,0x02,0x60,0x02,0x1f,0x9b,0x60,0x02,0x26,0x15,
    0xf4,0xc0,0x04,0x0f,0x68,0x01,0x07,0x0f,0xe0,0x1e,0x09,0x01,0xfc,0x33,0x03,0xc0,
    0x04,0x0f,0x60,0x02,0x17,0x0f,0x6c,0x00,0x07,0x04,0x78,0x61,0x62,0xdc,0xb4,0x1b,
    0xad,0x3b,0xa5,0x30,0x08,0x0e,0x8e,0x01,0x1f,0x77,0x60,0x02,0x18,0x0a,0x02,0x00,
    0x11,0xff,0x01,0x00,0x0a,0x60,0x02,0x02,0xdc,0x15,0x0f,0x02,0x00,0x5b,0x01,0x87,
    0x00,0x03,0x02,0x00,0x0f,0x7a,0x00,0x5b,0x0f,0x02,0x00,0x19,0x14,0x99,0x60,0x02,
    0x09,0x22,0x07,0x0f,0xc0,0x04,0x19,0x06,0x60,0x02,0x0f,0x78,0x00,0x07,0x0f,0x60,
    0x02,0x27,0x0a,0xa0,0x10,0x01,0x40,0x0e,0x02,0xd2,0xcf,0x0b,0xfc,0x50,0x02,0x92,
    0xac,0x04,0x82,0x00,0x05,0x60,0x02,0x12,0xad,0x60,0x02,0x23,0xda,0x93,0x89,0x01,
    0x01,0x02,0x00,0x02,0x26,0x00,0x11,0xfa,0xe4,0x31,0x06,0xc2,0x49,0x0f,0x02,0x00,
    0x15,0x01,0x43,0x00,0x27,0xff,0xf4,0x80,0x09,0x0e,0x60,0x02,0x02,0x24,0x00,0x0f,
    0x02,0x00,0x23,0x0f,0x88,0x00,0x1b,0x02,0x02,0x00,0x0f,0x34,0x00,0x15,0x0f,0x02,
    0x00,0x65,0x3f,0xbc,0xb4,0xbb,0xc0,0x04,0x2e,0x0f,0xe8,0x0a,0x0b,0x0f,0xa0,0x23,
    0x07,0x08,0xc0,0x04,0x02,0x84,0x17,0x08,0x02,0x00,0x0f,0x60,0x02,0x07,0x08,0xce,
    0x10,0x04,0x6c,0x5b,0x06,0x54,0x81,0x02,0x60,0x02,0x51,0x5b,0xad,0xb2,0x82,0x14,
    0x50,0x0f,0x02,0x88,0x01,0x02,0x02,0x00,0x04,0x60,0x00,0x02,0xe4,0x24,0x08,0x48,
    0x00,0x0f,0x02,0x00,0x11,0x04,0x44,0x00,0x06,0x2a,0x44,0x0c,0x20,0x70,0x02,0x22,
    0x00,0x0f,0x02,0x00,0x27,0x0f,0x86,0x00,0x11,0x0a,0x66,0x00,0x0f,0x32,0x00,0x13,
    0x0f,0x02,0x00,0x69,0x1f,0xba,0x60,0x02,0x2c,0x0f,0xa0,0x23,0x09,0x02,0x02,0x00,
    0x19,0x77,0x60,0x28,0x06,0x00,0x26,0x0f,0x60,0x02,0x0b,0x0a,0xc0,0x17,0x08,0xc0,
    0x04,0x08,0x18,0x02,0x05,0x60,0x02,0x07,0x4c,0x48,0x31,0xdc,0xac,0x1b,0xba,0xb3,
    0x01,0xf0,0x0c,0x0f,0xc0,0x04,0x00,0x02,0x02,0x00,0x0a,0xd2,0x36,0x06,0x02,0x00,
    0x31,0xd3,0x82,0x15,0xfe,0x2b,0x06,0x12,0x00,0x04,0x02,0x00,0x02,0x38,0x02,0x02,
    0x36,0x5d,0x02,0xe0,0x0b,0x0c,0xc0,0x04,0x02,0x22,0x00,0x0f,0x02,0x00,0x27,0x04,
    0x6a,0x00,0x0f,0x02,0x00,0x0b,0x08,0x60,0x00,0x0f,0x2a,0x00,0x0b,0x0f,0x02,0x00,
    0x71,0x0f,0x60,0x02,0x27,0x1f,0x14,0x80,0xa3,0x16,0x08,0x20,0x2d,0x0f,0x60,0x02,
    0x01,0x0a,0xa0,0x31,0x04,0x02,0x00,0x04,0x80,0x1c,0x0e,0x60,0x02,0x06,0xee,0x04,
    0x06,0x60,0x02,0x02,0xb0,0x49,0x02,0x38,0x66,0x8f,0x1b,0xa5,0x5b,0xad,0xbb,0xc5,
    0x36,0x8b,0x60,0x02,0x09,0x0f,0x02,0x00,0x05,0x21,0xd2,0x82,0xb8,0x93,0x1e,0x9c,
    0x92,0x1a,0x02,0xd8,0x01,0x02,0x38,0x00,0x11,0x5b,0x1c,0x76,0x0c,0x06,0x3e,0x02,
    0x22,0x00,0x04,0x24,0x00,0x02,0x94,0x13,0x08,0x70,0x64,0x0f,0x02,0x00,0x05,0x0e,
    0x38,0x00,0x0f,0x02,0x00,0x09,0x04,0x2e,0x00,0x0a,0x6a,0x00,0x0f,0x02,0x00,0x85,
    0x0f,0x60,0x02,0x0b,0x02,0xf8,0x12,0x04,0x02,0x00,0x0a,0x00,0x13,0x0f,0x1a,0x2d,
    0x0d,0x0a,0x02,0x00,0x04,0x80,0x2f,0x0f,0x60,0x02,0x03,0x0a,0x2c,0x00,0x04,0x02,
    0x00,0x0b,0xc0,0x17,0x03,0x80,0x09,0x0f,0x60,0x02,0x05,0x02,0x38,0x0e,0x01,0x14,
    0x37,0x03,0xe6,0x04,0x19,0x98,0x60,0x02,0x2f,0x9f,0xf7,0xac,0x26,0x07,0x06,0x02,
    0x00,0x13,0xb2,0x60,0x02,0x02,0x48,0x13,0x08,0x02,0x00,0x0f,0xd2,0x01,0x0f,0x0c,
    0x22,0x00,0x02,0xac,0x09,0x13,0x5b,0xca,0x34,0x0f,0x02,0x00,0x07,0x0c,0x38,0x00,
    0x0f,0x02,0x00,0x0b,0x02,0x2e,0x00,0x02,0x02,0x00,0x0f,0x2a,0x00,0x0b,0x0f,0x02,
    0x00,0x71,0x0f,0x60,0x02,0x09,0x24,0xda,0xcd,0x5a,0x02,0x02,0x02,0x00,0x0a,0x60,
    0x02,0x0f,0xbe,0x00,0x1d,0x24,0x1b,0x9c,0xb8,0x4b,0x02,0x20,0x2d,0x06,0x20,0x07,
    0x0f,0x4a,0x00,0x05,0x11,0x57,0x02,0xa4,0x0f,0xc0,0x04,0x15,0x06,0x60,0x02,0x04,
    0x02,0x00,0x1b,0x99,0x60,0x02,0x24,0xdc,0xb4,0x1a,0x00,0x0f,0x02,0x00,0x07,0x07,
    0x60,0x02,0x0b,0x56,0x4c,0x0f,0xd2,0x01,0x0d,0x02,0x20,0x00,0x08,0xf4,0x01,0x02,
    0x6c,0x0e,0x11,0x5b,0x04,0x20,0x0c,0xec,0x04,0x08,0x02,0x00,0x02,0x3a,0x00,0x08,
    0x12,0x00,0x0f,0x02,0x00,0x09,0x02,0x2e,0x00,0x02,0x02,0x00,0x0f,0x28,0x00,0x09,
    0x0f,0x02,0x00,0x55,0x42,0xb2,0x82,0x14,0x83,0x4a,0x10,0x0f,0x8a,0x0b,0x03,0x08,
    0x62,0x02,0x0a,0x40,0x0e,0x0f,0x60,0x02,0x3b,0x02,0x02,0x00,0x0c,0xc0,0x04,0x02,
    0x16,0x00,0x0f,0x02,0x00,0x05,0x11,0x98,0x82,0xad,0x0c,0x20,0x07,0x06,0xce,0x10,
    0x13,0xd3,0xac,0x69,0x02,0x0c,0x4d,0x0e,0x80,0x15,0x22,0x1b,0x9c,0x88,0x01,0x6e,
    0xff,0xff,0xff,0xff,0x9f,0xf7,0x82,0x02,0x0e,0x02,0x00,0x16,0xd3,0xc0,0x04,0x1a,
    0xac,0x08,0x19,0x02,0x46,0x00,0x0e,0x32,0x00,0x04,0x02,0x00,0x02,0x20,0x00,0x08,
    0x22,0x00,0x03,0x8e,0x1a,0x01,0x60,0x02,0x0f,0x58,0x11,0x07,0x0c,0x38,0x00,0x02,
    0x7a,0x8f,0x0f,0x02,0x00,0x07,0x04,0x30,0x00,0x0a,0x6c,0x00,0x0f,0x02,0x00,0x67,
    0x15,0xb2,0x4a,0x10,0x06,0x4e,0x2c,0x08,0x02,0x00,0x0f,0x60,0x02,0x25,0x24,0x14,
    0x83,0x4e,0x76,0x0f,0x02,0x00,0x49,0x02,0x58,0x07,0x0a,0xe0,0x0b,0x0f,0x60,0x02,
    0x07,0x0c,0xb0,0x02,0x0e,0x60,0x02,0x0c,0x22,0x00,0x0e,0x02,0x00,0x13,0x35,0x8e,
    0x6c,0x08,0x66,0x53,0x06,0xb8,0x0d,0x02,0x0c,0x00,0x0f,0x02,0x00,0x01,0x02,0xf2,
    0x01,0x08,0x22,0x00,0x08,0xc0,0x04,0x0f,0x52,0x19,0x07,0x0c,0x38,0x00,0x0f,0xf0,
    0xc2,0x0d,0x04,0x30,0x00,0x0a,0x6c,0x00,0x0f,0x02,0x00,0x69,0x13,0x15,0xc0,0x04,
    0x0f,0x74,0x1b,0x03,0x0f,0x60,0x02,0x25,0x04,0x2c,0x42,0x0f,0xda,0x00,0x19,0x51,
    0x78,0x8b,0x98,0x8b,0xba,0x62,0x5c,0x4e,0x3b,0xa4,0x5b,0xac,0x44,0x0b,0x0f,0x02,
    0x00,0x01,0x2c,0x1b,0x9c,0x60,0x02,0x06,0xe0,0x0b,0x04,0x00,0x13,0x04,0xc0,0x04,
    0x08,0x3e,0x02,0x02,0x6a,0x9f,0x02,0x88,0x01,0x61,0xff,0xff,0xff,0xff,0xdf,0xff,
    0xee,0x51,0x0f,0xd4,0x19,0x0e,0x1f,0x36,0x60,0x02,0x36,0x11,0xf3,0x2c,0x13,0x02,
    0x20,0x07,0x26,0x7b,0xb5,0x16,0x03,0x0a,0x02,0x00,0x02,0x9e,0x00,0x04,0x98,0x02,
    0x01,0xb8,0x1b,0x0f,0x40,0x24,0x08,0x06,0x30,0x00,0x06,0x34,0x00,0x0f,0x02,0x00,
    0x6d,0x22,0x36,0x8b,0x20,0x07,0x0f,0x60,0x02,0x41,0x0f,0xce,0x05,0x0d,0x08,0x02,
    0x00,0x39,0x36,0x8b,0x77,0x60,0x02,0x02,0x2c,0x07,0x08,0x22,0x00,0x0f,0x02,0x00,
    0x03,0x02,0x2a,0x00,0x0f,0xe0,0x0b,0x01,0x02,0xb2,0x42,0x08,0x60,0x02,0x04,0xce,
    0x09,0x68,0xb2,0x82,0xd3,0x82,0x15,0x8b,0x8e,0x01,0x2f,0xdf,0xff,0x4e,0x35,0x09,
    0x08,0x02,0x00,0x17,0xb9,0xc0,0x04,0x06,0x16,0x02,0x0f,0xd2,0x01,0x0d,0x0f,0x20,
    0x00,0x01,0x01,0x90,0x5f,0x01,0x20,0x07,0x0f,0xc0,0x04,0x13,0x31,0xf4,0x82,0x56,
    0x80,0x2b,0x0f,0x40,0x24,0x13,0x04,0x94,0x02,0x0f,0x02,0x00,0x71,0x1f,0x5b,0x80,
    0x09,0x3e,0x02,0xc0,0x04,0x02,0x08,0x37,0x0f,0x26,0x02,0x0f,0x04,0xf6,0x57,0x08,
    0xc0,0x04,0x02,0x60,0x02,0x0f,0x0c,0x39,0x0d,0x04,0xb6,0x09,0x06,0x60,0x02,0x02,
    0x14,0x00,0x04,0x02,0x00,0x06,0x2c,0x54,0x02,0x7c,0x4a,0x02,0x18,0x00,0x02,0x1a,
    0xef,0x04,0xf6,0x01,0x02,0x00,0x4c,0x24,0x78,0x8b,0xf6,0x1e,0x02,0x02,0x00,0x42,
    0xb2,0x82,0x14,0x83,0x0a,0x00,0x0c,0x02,0x00,0x01,0x10,0x05,0x01,0x7e,0x2d,0x0f,
    0x60,0x02,0x15,0x02,0x64,0x00,0x0e,0xf2,0x01,0x02,0x8e,0x04,0x0f,0x80,0x09,0x15,
    0x15,0xd3,0x60,0x02,0x0a,0xfc,0x09,0x08,0x02,0x00,0x04,0x6a,0x00,0x0f,0x6e,0x00,
    0x01,0x0f,0x02,0x00,0x81,0x0f,0x20,0x07,0x2b,0x02,0x60,0x02,0x0f,0x9c,0x76,0x0b,
    0x02,0x2e,0x15,0x02,0x96,0x55,0x0f,0x60,0x02,0x03,0x0e,0x9a,0x0b,0x0f,0x02,0x00,
    0x01,0x0f,0x36,0x75,0x01,0x03,0x34,0x8d,0x01,0x18,0x1a,0x0c,0x60,0x02,0x42,0x56,
    0x8b,0x99,0x8b,0x88,0x01,0x02,0x60,0x02,0x42,0x98,0x8b,0xbb,0x9c,0xba,0x10,0x02,
    0x02,0x00,0x02,0xac,0x8d,0x02,0x0c,0x00,0x0c,0x02,0x00,0x0f,0x80,0x09,0x13,0x06,
    0xde,0x12,0x02,0x64,0x00,0x0e,0x60,0x02,0x04,0x0a,0x29,0x02,0x0a,0x00,0x0f,0x02,
    0x00,0x01,0x02,0x3a,0x00,0x02,0x1a,0x00,0x08,0x60,0x02,0x0f,0xb6,0x29,0x03,0x04,
    0x30,0x00,0x02,0x02,0x00,0x02,0x36,0x00,0x0f,0x02,0x00,0x8b,0x0f,0x60,0x02,0x33,
    0x0f,0x42,0x01,0x09,0x02,0xee,0x19,0x0f,0x60,0x02,0x0d,0x08,0x3c,0x09,0x0f,0x02,
    0x00,0x1b,0x19,0xda,0x60,0x02,0x02,0x9e,0x09,0x31,0xb2,0x82,0xd3,0xf2,0x31,0x02,
    0x88,0x01,0x04,0x60,0x02,0x28,0xfa,0x93,0x5a,0x00,0x02,0xac,0x17,0x2a,0xfb,0x9b,
    0xec,0x68,0x0f,0x02,0x00,0x05,0x02,0x46,0x00,0x06,0x1e,0x00,0x55,0xd3,0x82,0x35,
    0x8b,0x99,0x00,0x69,0x02,0x1e,0x00,0x08,0x20,0x00,0x0f,0x02,0x00,0x15,0x02,0x3a,
    0x00,0x04,0x2e,0x00,0x13,0x57,0x20,0x07,0x0f,0x60,0x02,0xff,0x00,0x0f,0x9c,0x25,
    0x09,0x06,0x76,0x61,0x0f,0xc0,0x04,0x07,0x0f,0x1c,0x21,0x0d,0x0f,0x02,0x00,0x09,
    0x17,0x3b,0xc0,0x04,0x02,0x60,0x02,0x02,0x0c,0x04,0x08,0x60,0x02,0x22,0x9f,0xf7,
    0x6e,0x05,0x08,0x48,0x00,0x22,0x35,0x8b,0x9e,0xc5,0x0f,0xe0,0x07,0x0f,0x04,0x08,
    0x02,0x06,0x0a,0x02,0x02,0x60,0x02,0x4f,0x1b,0x9c,0x5c,0xac,0x1e,0x00,0x01,0x0f,
    0x02,0x00,0x15,0x02,0x5e,0x02,0x06,0x56,0x00,0x51,0x00,0x00,0xfa,0x93,0x7b,0x60,
    0x2b,0x04,0xea,0x07,0x0c,0x02,0x00,0x04,0x32,0x00,0x0a,0x36,0x00,0x0f,0x02,0x00,
    0x87,0x0f,0xc0,0x04,0x35,0x1f,0x1b,0x9c,0x25,0x06,0x2f,0xb2,0x82,0x60,0x02,0x15,
    0x0f,0x54,0x01,0x05,0x04,0x7c,0x7b,0x01,0x7c,0x68,0x1e,0xa4,0x4c,0x01,0x01,0xcc,
    0x45,0x03,0x72,0xac,0x0f,0x60,0x02,0x05,0x22,0xff,0xff,0x16,0x9d,0x08,0x3e,0x00,
    0x1f,0x36,0x60,0x02,0x20,0x04,0x02,0x00,0x82,0x18,0xbd,0x19,0xb5,0x5b,0xbd,0x5c,
    0xbd,0x9e,0x02,0x02,0x16,0x00,0x08,0x5c,0x00,0x0f,0x02,0x00,0x13,0x02,0x38,0x00,
    0x0a,0x3a,0x00,0x02,0xe0,0x2d,0x0f,0x40,0x00,0x05,0x04,0x32,0x00,0x0c,0x36,0x00,
    0x0f,0x02,0x00,0x85,0x0f,0x60,0x02,0x37,0x0f,0x44,0x14,0x05,0x0f,0x60,0x02,0x31,
    0x14,0x15,0xda,0x50,0x12,0x9c,0x18,0x0c,0x0c,0x4e,0x01,0x02,0xc0,0x17,0x08,0x56,
    0x75,0x02,0x12,0x39,0x02,0x88,0x01,0x02,0x02,0x00,0x2e,0xba,0x93,0x8a,0xd8,0x04,
    0xfe,0xc7,0x0f,0xe0,0x07,0x0b,0x08,0xa2,0x04,0x0c,0x02,0x00,0x44,0xbe,0xe6,0xdc,
    0xb4,0x18,0x8e,0x02,0x2a,0x00,0x0f,0x02,0x00,0x19,0x04,0x4e,0x00,0x0f,0x34,0x00,
    0x17,0x04,0x32,0x00,0x0f,0x60,0x02,0x89,0x08,0x02,0x38,0x0f,0x60,0x02,0x39,0x0c,
    0xdc,0x0d,0x02,0x02,0x00,0x0f,0x60,0x02,0x19,0x0f,0x42,0x00,0x01,0x0e,0x0e,0xa4,
    0x02,0x1c,0x66,0x0a,0x02,0x00,0x02,0xc0,0x10,0x06,0xc0,0x04,0x0e,0x60,0x02,0x02,
    0xea,0xc7,0x0a,0x48,0x0f,0x11,0xb9,0x74,0x02,0x02,0x1c,0x0c,0x0a,0x50,0x00,0x0e,
    0x02,0x00,0x02,0xd4,0x01,0x0c,0x02,0x00,0x42,0xde,0xe6,0xdc,0xb4,0x78,0x47,0x0f,
    0x26,0x02,0x19,0x04,0x02,0x00,0x04,0x4e,0x00,0x04,0x10,0x00,0x0f,0x02,0x00,0x0f,
    0x04,0x32,0x00,0x0f,0x70,0x00,0x23,0x0f,0x02,0x00,0x51,0x02,0x5a,0x28,0x04,0x6a,
    0x00,0x0f,0x60,0x02,0xa1,0x02,0xfc,0x5e,0x04,0xc2,0x00,0x04,0x02,0x00,0x06,0xe2,
    0xa8,0x02,0x02,0x00,0x0c,0xc0,0x04,0x06,0x38,0x39,0x02,0x20,0x00,0x02,0x02,0x00,
    0x01,0x62,0x66,0x01,0x5c,0x07,0x02,0x10,0x00,0x0f,0x02,0x00,0x09,0x02,0xd6,0x01,
    0x08,0x02,0x00,0x64,0x1e,0xef,0xfc,0xbc,0xdc,0xb4,0x9a,0x97,0x0f,0x3c,0x00,0x09,
    0x0f,0x02,0x00,0x03,0x04,0x4c,0x00,0x0f,0x1e,0x00,0x03,0x0f,0x02,0x00,0x01,0x04,
    0x32,0x00,0x0f,0x60,0x02,0x85,0x31,0x15,0x8b,0xb9,0xc2,0x29,0x04,0xbc,0x00,0x0f,
    0x60,0x02,0x3b,0x04,0xfe,0x08,0x08,0x02,0x00,0x0f,0xc0,0x04,0x1b,0x0e,0x42,0x00,
    0x0e,0xc0,0x04,0x04,0xec,0x5c,0x08,0x66,0x00,0x02,0x02,0x00,0x08,0x40,0x00,0x1f,
    0x57,0x60,0x02,0x00,0x02,0x16,0x97,0x0a,0x4c,0x02,0x02,0x50,0x00,0x0f,0x7e,0x05,
    0x05,0x0f,0x02,0x00,0x0b,0x02,0x5a,0x0c,0x02,0x58,0x40,0x0f,0x26,0x02,0x01,0x02,
    0x08,0x02,0x0f,0x1a,0x00,0x01,0x02,0x02,0x00,0x02,0x20,0x00,0x02,0x0c,0x00,0x0f,
    0x02,0x00,0x13,0x02,0x32,0x00,0x02,0x02,0x00,0x0f,0x32,0x00,0x13,0x0f,0x02,0x00,
    0x59,0x41,0xb2,0x82,0xf4,0x82,0x60,0x02,0x05,0xfe,0x32,0x08,0x62,0x28,0x0f,0xe0,
    0x1e,0x19,0x08,0x60,0x15,0x02,0x5c,0x1e,0x0a,0x3c,0x23,0x06,0x02,0x00,0x0f,0x60,
    0x02,0x43,0x0f,0x94,0x93,0x07,0x04,0x02,0x00,0x1b,0x78,0x60,0x02,0x11,0xf4,0xc4,
    0x49,0x04,0x0c,0x07,0x02,0x42,0x32,0x02,0x2c,0x00,0x0f,0xda,0x17,0x15,0x0f,0x02,
    0x00,0x03,0x2f,0xdc,0xac,0xee,0x01,0x05,0x02,0x18,0x00,0x02,0x02,0x00,0x0f,0x3c,
    0x00,0x03,0x0f,0x1c,0x00,0x09,0x0f,0x02,0x00,0x03,0x02,0x32,0x00,0x02,0x02,0x00,
    0x0f,0x22,0x00,0x03,0x0f,0x02,0x00,0x69,0x06,0x60,0x02,0x04,0xb0,0x03,0x0f,0x60,
    0x02,0x3b,0x0a,0x5a,0x53,0x02,0x02,0x00,0x0f,0x60,0x02,0x45,0x0f,0xd2,0x10,0x0f,
    0x08,0x80,0x2f,0x31,0xdf,0xff,0xd3,0x9a,0x56,0x01,0xa8,0x09,0x21,0xad,0x7b,0x4a,
    0xb7,0x08,0x00,0x28,0x0c,0x8e,0x2a,0x02,0x02,0x00,0x02,0x86,0x02,0x06,0xf6,0x8e,
    0x0f,0x02,0x00,0x01,0x02,0xec,0x01,0x0f,0xee,0x01,0x01,0x04,0x1a,0x00,0x77,0xff,
    0xff,0xff,0xff,0xb2,0x82,0x36,0x30,0x13,0x02,0x02,0x00,0x02,0x1a,0x00,0x0f,0x3a,
    0x00,0x01,0x0f,0x02,0x00,0x07,0x04,0x34,0x00,0x0f,0x38,0x00,0x1d,0x0f,0x02,0x00,
    0x55,0x12,0x36,0x20,0x07,0x05,0x3e,0x2e,0x0f,0x60,0x02,0x4f,0x0f,0x00,0x13,0x17,
    0x02,0xcc,0x2a,0x0c,0xa4,0x02,0x0f,0x20,0x07,0x03,0x0f,0x60,0x02,0x1d,0x11,0xff,
    0x60,0x02,0x42,0x99,0x8b,0x00,0x00,0xae,0x9f,0x22,0xda,0xcd,0xe8,0x70,0x2f,0xfb,
    0x9b,0x7a,0x01,0x09,0x21,0xb2,0x82,0x28,0x0c,0x0b,0xe8,0x7b,0x0a,0x02,0x00,0x02,
    0xec,0x01,0x0f,0x26,0x02,0x01,0x04,0x1a,0x00,0x06,0x7e,0x00,0x0a,0xba,0x28,0x02,
    0x1a,0x00,0x0f,0x3a,0x00,0x01,0x0f,0x02,0x00,0x07,0x04,0x34,0x00,0x0f,0x38,0x00,
    0x1d,0x0f,0x02,0x00,0x57,0x01,0x66,0x60,0x0f,0x20,0x07,0x44,0x06,0xb0,0x1b,0x08,
    0x02,0x00,0x0f,0x00,0x13,0x17,0x0f,0x60,0x02,0x01,0x01,0xbe,0x1c,0x13,0x8b,0xda,
    0x63,0x01,0xa0,0x10,0x06,0x0e,0x91,0x0a,0x32,0x13,0x02,0xf2,0x19,0x06,0x50,0x34,
    0x0a,0x8e,0x01,0x31,0xf4,0x82,0x36,0x64,0xd2,0x22,0x1b,0xa5,0x64,0x73,0x12,0x15,
    0x1c,0x1f,0x0f,0x0c,0x2d,0x00,0x06,0x02,0x00,0x04,0x60,0x02,0x02,0x30,0xa3,0x06,
    0x18,0x00,0x08,0x02,0x00,0x02,0xec,0x01,0x0e,0x26,0x02,0x04,0x18,0x00,0x02,0x02,
    0x00,0x28,0xb5,0x9b,0x9a,0x21,0x02,0x40,0x00,0x02,0x1a,0x00,0x0e,0x3a,0x00,0x0f,
    0x02,0x00,0x09,0x04,0x34,0x00,0x0f,0x38,0x00,0x1d,0x0f,0x02,0x00,0x59,0x08,0xfe,
    0x2b,0x0f,0xc0,0x04,0x3b,0x0e,0x9e,0x0b,0x02,0x02,0x00,0x0f,0x20,0x1a,0x11,0x0f,
    0xc0,0x04,0x05,0x01,0x3e,0x00,0x0f,0x60,0x02,0x04,0x08,0xd0,0x10,0x02,0x34,0x21,
    0x04,0xf6,0x9c,0x02,0x02,0x00,0x02,0x88,0x01,0x02,0x02,0x00,0x02,0x60,0x02,0x02,
    0xb0,0xb9,0x02,0x02,0x00,0x04,0xbc,0x1c,0x0f,0x3a,0x02,0x05,0x02,0x7c,0x00,0x06,
    0x60,0x02,0x0f,0x10,0xaf,0x03,0x02,0x5e,0x00,0x02,0x2e,0x00,0x08,0x02,0x00,0x02,
    0x18,0x00,0x04,0x02,0x00,0x28,0x3d,0xef,0x60,0x02,0x02,0x2c,0x14,0x04,0x1c,0x00,
    0x08,0x36,0x00,0x0f,0x02,0x00,0x0d,0x04,0x34,0x00,0x0f,0x60,0x02,0x89,0x08,0x02,
    0x00,0x0f,0x60,0x02,0x3b,0x08,0x5a,0x00,0x08,0x02,0x00,0x0f,0x60,0x02,0x47,0x06,
    0xd2,0x02,0x06,0x60,0x02,0x06,0x32,0x4c,0x02,0x88,0x01,0x02,0x02,0x00,0x02,0x1c,
    0x08,0x08,0x6c,0x34,0x06,0xbc,0x1c,0x08,0xac,0x00,0x0a,0x02,0x00,0x26,0x15,0x83,
    0x60,0x02,0x1f,0xfc,0x2a,0x77,0x00,0x02,0x5c,0x00,0x0f,0x24,0x02,0x01,0x04,0x1a,
    0x00,0x04,0x02,0x00,0x1d,0x56,0x5a,0x26,0x04,0x1a,0x00,0x0a,0x72,0x00,0x08,0x02,
    0x00,0x11,0x57,0x9c,0x07,0x08,0x12,0x00,0x04,0x34,0x00,0x0f,0x74,0x00,0x03,0x0f,
    0x02,0x00,0x7f,0x0f,0x60,0x02,0x53,0x4f,0x00,0x00,0x15,0x8b,0x00,0x26,0x03,0x04,
    0x40,0x21,0x06,0xc0,0x04,0x0f,0x24,0x01,0x01,0x1f,0x35,0xc0,0x04,0x06,0x06,0x30,
    0x00,0x09,0x60,0x02,0x03,0x94,0x04,0x02,0x88,0x01,0x02,0x02,0x00,0x01,0xae,0x01,
    0x09,0xcc,0x36,0x08,0xb8,0x70,0x0f,0x76,0x00,0x01,0x02,0x02,0x00,0x15,0x57,0xc0,
    0x04,0x02,0x9c,0x34,0x02,0x16,0x00,0x04,0x02,0x00,0x02,0x5c,0x00,0x0e,0x24,0x02,
    0x06,0x18,0x00,0x06,0x0a,0x00,0x0c,0x88,0x90,0x02,0x1a,0x00,0x04,0x4a,0x00,0x0e,
    0x02,0x00,0x79,0xd3,0x82,0x36,0x8b,0xb9,0x8b,0x1b,0xae,0x47,0x02,0x34,0x00,0x02,
    0x02,0x00,0x0e,0x32,0x00,0x0f,0x02,0x00,0x7f,0x0f,0x60,0x02,0x39,0x0a,0x0e,0x09,
    0x0c,0x02,0x00,0x1f,0x56,0x60,0x28,0x02,0x0f,0x60,0x02,0x13,0x1f,0x36,0x60,0x02,
    0x10,0x04,0x80,0x09,0x01,0xc0,0x04,0x12,0xb4,0xce,0x06,0x02,0x88,0x01,0x02,0x02,
    0x00,0x01,0x2a,0x02,0x03,0x6c,0x21,0x06,0x9c,0x00,0x02,0xc2,0x12,0x0c,0x14,0x13,
    0x0a,0x02,0x00,0x04,0xa0,0xf1,0x02,0x72,0x4c,0x0a,0x1c,0x00,0x02,0x5c,0x00,0x0e,
    0xec,0x01,0x08,0x18,0x00,0x02,0x0c,0x00,0x01,0x8e,0x6b,0x14,0xa4,0xfa,0x23,0x28,
    0xba,0xc5,0x18,0x00,0x0f,0x02,0x00,0x03,0x06,0x60,0x02,0x06,0x3a,0x05,0x02,0x4c,
    0x00,0x02,0x02,0x00,0x0f,0x36,0x00,0x03,0x0f,0x02,0x00,0x7b,0x0f,0x60,0x02,0x37,
    0x0f,0x24,0x33,0x09,0x02,0x02,0x00,0x0a,0x20,0x2d,0x06,0x60,0x28,0x01,0x1e,0x1f,
    0x03,0x80,0x09,0x02,0x2a,0x00,0x0e,0x02,0x00,0x03,0x9a,0x68,0x0b,0xe0,0x0b,0x08,
    0xc0,0x04,0x0c,0x60,0x02,0x0f,0x80,0x68,0x01,0x0e,0x60,0x02,0x02,0x8e,0x0a,0x0f,
    0x60,0x02,0x0b,0x02,0xe4,0xdf,0x04,0x60,0x02,0x0a,0xa4,0x00,0x02,0xea,0x01,0x0c,
    0xec,0x01,0x0a,0x16,0x00,0x0a,0x0e,0x00,0x04,0x02,0x00,0x0f,0x16,0x00,0x03,0x0a,
    0x02,0x00,0x04,0xc0,0x04,0x02,0x5c,0x1d,0x0c,0xb2,0x0c,0x0a,0x2c,0x00,0x0f,0x02,
    0x00,0x83,0x0f,0x60,0x02,0x37,0x0f,0xe0,0x00,0x13,0x06,0x80,0x2f,0x0f,0x60,0x02,
    0x1b,0x02,0x34,0x43,0x02,0xf0,0xa3,0x06,0x40,0x0e,0x0f,0x60,0x02,0x0b,0x24,0x1b,
    0xa5,0xc4,0x01,0x04,0x02,0x02,0x03,0x2c,0x26,0x01,0x54,0x23,0x06,0x02,0x00,0x01,
    0x60,0x02,0x0b,0xda,0x42,0x0e,0x02,0x00,0x02,0x46,0x16,0x02,0x7a,0x04,0x06,0x02,
    0x00,0x06,0x5c,0x00,0x08,0x02,0x00,0x02,0x16,0x00,0x04,0x02,0x02,0x0a,0x0e,0x00,
    0x04,0x02,0x00,0x0f,0x16,0x00,0x03,0x0c,0x02,0x00,0x02,0xb2,0x00,0x42,0xfc,0xac,
    0x3b,0xa5,0x5e,0x14,0x04,0x36,0x00,0x06,0x5e,0x00,0x0f,0x02,0x00,0x8b,0x0f,0x60,
    0x02,0x33,0x0f,0x5a,0x0d,0x03,0x0f,0x02,0x00,0x03,0x02,0x76,0x74,0x0f,0x60,0x02,
    0x01,0x0f,0x30,0x00,0x03,0x06,0x02,0x00,0x0f,0x60,0x02,0x0d,0x11,0xf3,0x8e,0xff,
    0x04,0x20,0x07,0x0f,0x60,0x02,0x09,0x0a,0x00,0x23,0x02,0x74,0x15,0x08,0x98,0x04,
    0x11,0xb2,0x4c,0x77,0x06,0x7a,0x00,0x04,0x02,0x00,0x08,0x42,0x1f,0x08,0x4e,0x04,
    0x02,0x0e,0x00,0x02,0x96,0x2d,0x26,0x78,0x8b,0xd8,0x15,0x02,0x18,0x00,0x02,0x0e,
    0x02,0x04,0x0e,0x00,0x04,0x02,0x00,0x0f,0x16,0x00,0x03,0x0e,0x02,0x00,0x02,0x8e,
    0xa9,0x04,0x5c,0x30,0x04,0x36,0x00,0x0e,0x50,0x00,0x0f,0x02,0x00,0x83,0x0f,0x60,
    0x02,0x31,0x02,0x4c,0x0b,0x0f,0x02,0x00,0x1b,0x02,0x76,0x74,0x06,0x80,0x09,0x0f,
    0x3e,0x00,0x13,0x0f,0xc0,0x04,0x0b,0x04,0x7a,0x4a,0x02,0x80,0x09,0x0f,0x60,0x02,
    0x01,0x02,0xae,0x01,0x04,0xaa,0xa0,0x15,0xb2,0x86,0x3e,0x12,0x1c,0x14,0x13,0x01,
    0xec,0x5c,0x06,0x6a,0x07,0x08,0x4a,0x13,0x0f,0x02,0x00,0x03,0x02,0xe8,0x01,0x06,
    0x3a,0x02,0x02,0x24,0x18,0x1d,0xdb,0x32,0x1a,0x02,0x28,0x00,0x0a,0x44,0x00,0x02,
    0x14,0x00,0x0c,0x16,0x00,0x0f,0x02,0x00,0x01,0x02,0xec,0x07,0x02,0x02,0x00,0x04,
    0x36,0x00,0x0f,0x3a,0x00,0x13,0x0f,0x02,0x00,0x6f,0x0f,0x60,0x02,0x25,0x11,0x14,
    0x1a,0xe2,0x04,0x0a,0x7b,0x0f,0x02,0x00,0x57,0x1f,0x7b,0x20,0x07,0x08,0x02,0x54,
    0x40,0x0f,0x60,0x02,0x03,0x22,0xdf,0xff,0x60,0xb2,0x01,0x8c,0x28,0x03,0x3c,0x3b,
    0x11,0xb2,0xb6,0xa2,0x02,0xbc,0x00,0x01,0x74,0x15,0x0b,0x60,0x02,0x01,0x4a,0x00,
    0x0b,0x4c,0x07,0x0a,0x02,0x00,0x02,0xe8,0x01,0x06,0x24,0x02,0x11,0xf4,0x84,0x1a,
    0x86,0x9e,0xde,0xff,0xff,0xff,0xff,0x3e,0xef,0x96,0x0e,0x0c,0x28,0x00,0x06,0xfc,
    0x04,0x02,0x0c,0x00,0x0f,0x02,0x00,0x17,0x04,0x4a,0x00,0x08,0x76,0x00,0x0f,0x02,
    0x00,0x87,0x08,0x5e,0x02,0x0f,0xe0,0x1e,0x1b,0x0f,0x82,0x42,0x1d,0x0e,0x02,0x00,
    0x35,0xb9,0x8b,0xda,0x82,0xad,0x0f,0x88,0x47,0x0f,0x06,0x02,0x00,0x11,0xbc,0xac,
    0x2a,0x02,0x20,0x1a,0x0a,0x80,0x09,0x0f,0x60,0x02,0x09,0x33,0x5e,0xef,0x56,0x7e,
    0xcd,0x04,0x98,0x69,0x04,0xae,0x3d,0x02,0x60,0x12,0x0c,0xfe,0x0e,0x02,0xaa,0x15,
    0x02,0x7c,0x39,0x06,0x7c,0x00,0x0c,0x02,0x00,0x02,0xe8,0x01,0x08,0x26,0x02,0x42,
    0x36,0x8b,0x98,0x8b,0xe6,0x6f,0x24,0x9d,0xc5,0x66,0x58,0x0f,0x28,0x00,0x01,0x04,
    0x14,0x00,0x0c,0x52,0x00,0x0f,0x02,0x00,0x0d,0x04,0x72,0x00,0x0a,0x76,0x00,0x0f,
    0x02,0x00,0x85,0x0f,0x60,0x02,0x0b,0x0a,0xe2,0x44,0x0a,0x80,0x42,0x02,0xa2,0x4b,
    0x04,0xd6,0x0d,0x0f,0xe0,0x00,0x1d,0x2f,0x57,0x8b,0xc2,0x82,0x01,0x08,0x38,0x10,
    0x0f,0x02,0x00,0x0b,0x04,0x60,0x02,0x02,0x54,0x0d,0x08,0x02,0x00,0x03,0x76,0x04,
    0x01,0x88,0x23,0x08,0xe0,0x0b,0x22,0x5e,0xef,0x22,0x5f,0x01,0xd2,0x33,0x01,0x7c,
    0x36,0x24,0xba,0xc5,0xae,0x3d,0x08,0x40,0x00,0x04,0x02,0x00,0x02,0x48,0x09,0x04,
    0xda,0x2f,0x04,0x16,0x00,0x0c,0x02,0x00,0x0e,0xe8,0x01,0x33,0x57,0x8b,0x3b,0x68,
    0x66,0x08,0x1e,0x71,0x02,0x28,0x00,0x0f,0x02,0x00,0x01,0x0c,0x52,0x00,0x0f,0x02,
    0x00,0x0d,0x08,0x44,0x00,0x0f,0x2c,0x00,0x0d,0x0f,0x02,0x00,0x6f,0x0f,0x60,0x02,
    0x09,0x2f,0x00,0x00,0x60,0x02,0x11,0x11,0xb9,0x90,0x19,0x06,0x64,0xce,0x0f,0x02,
    0x00,0x11,0x02,0x76,0x4e,0x0e,0xc2,0x82,0x02,0x0c,0x13,0x0f,0x42,0x00,0x11,0x0f,
    0x02,0x00,0x07,0x11,0x99,0xbc,0x77,0x0f,0x60,0x02,0x03,0x04,0xbc,0x63,0x02,0xc8,
    0x12,0x24,0xba,0xc5,0x7c,0x3c,0x0f,0x3e,0x05,0x03,0x06,0x06,0x78,0x06,0x7e,0x12,
    0x0c,0x02,0x00,0x08,0xee,0x01,0x04,0x52,0x04,0x02,0x0a,0x00,0x2a,0x7e,0xde,0x1e,
    0x71,0x02,0x16,0x00,0x0e,0x02,0x00,0x0c,0x52,0x00,0x0f,0x02,0x00,0x0d,0x08,0x42,
    0x00,0x0f,0x2c,0x00,0x0d,0x0f,0x02,0x00,0x6f,0x0f,0x60,0x02,0x39,0x1d,0xbc,0xd4,
    0x48,0x0f,0x02,0x00,0x03,0x22,0x15,0x83,0x4a,0xb4,0x0f,0x60,0x02,0x05,0x0f,0xec,
    0x0b,0x15,0x0f,0x02,0x00,0x05,0x01,0x36,0x09,0x0f,0x60,0x02,0x06,0x02,0x4c,0x02,
    0x04,0xdc,0x23,0x13,0x56,0xdc,0x3e,0x0f,0x00,0x0f,0x03,0x06,0xc0,0x04,0x0a,0x92,
    0x28,0x06,0x02,0x00,0x08,0xee,0x01,0x0a,0x02,0x00,0x24,0x3d,0xc5,0x60,0x02,0x02,
    0xf4,0x1f,0x0a,0x1e,0x00,0x06,0x02,0x00,0x02,0x8a,0x34,0x39,0x98,0x8b,0xda,0x3c,
    0x37,0x0f,0x02,0x00,0x07,0x06,0x3a,0x00,0x0f,0x60,0x02,0xe0,0x0f,0x04,0x61,0x00,
    0x0c,0x02,0x00,0x3f,0xf4,0x82,0x14,0x60,0x02,0x0a,0x31,0x1c,0xad,0x1b,0xaa,0xe1,
    0x0f,0x02,0x00,0x09,0x02,0x1c,0xdd,0x01,0xd6,0xf0,0x0f,0x4e,0x34,0x00,0x2f,0x00,
    0x00,0xc0,0x04,0x09,0x0c,0x06,0x03,0x02,0x3c,0x41,0x0f,0x36,0x05,0x03,0x02,0xbc,
    0x47,0x01,0x1e,0x13,0x1e,0xa5,0x8a,0x07,0x06,0x44,0x09,0x0f,0x02,0x00,0x01,0x02,
    0xc4,0x07,0x01,0x7e,0x73,0x03,0x36,0x0c,0x0f,0x26,0x00,0x03,0x06,0xd2,0x7a,0x02,
    0x8c,0x07,0x02,0x58,0x00,0x0f,0x02,0x00,0x07,0x08,0x46,0x00,0x0f,0x26,0x00,0x07,
    0x0f,0x02,0x00,0x75,0x0f,0xc0,0x04,0x3c,0x32,0xac,0xfc,0xac,0x1e,0xf2,0x0f,0x02,
    0x00,0x07,0x1f,0xd3,0x60,0x02,0x12,0x0f,0x0c,0x13,0x09,0x02,0x4e,0x34,0x02,0x60,
    0x02,0x02,0x7e,0xf2,0x0e,0x02,0x00,0x02,0x08,0x2d,0x0c,0x80,0x09,0x02,0x9a,0x57,
    0x0a,0xac,0x04,0x02,0x14,0x00,0x0f,0x60,0x02,0x03,0x08,0xde,0x17,0x0f,0x60,0x02,
    0x03,0x0a,0xf0,0x01,0x08,0x02,0x00,0x02,0x3e,0x00,0x0f,0x02,0x00,0x11,0x11,0xf4,
    0xd4,0x85,0x03,0x60,0x02,0x0f,0xa2,0x03,0x0e,0x0f,0x64,0x00,0x23,0x0f,0x02,0x00,
    0x65,0x0f,0x60,0x02,0x27,0x11,0xf3,0xc4,0xc4,0x08,0x80,0x09,0x02,0xcc,0x12,0x0f,
    0x7e,0x04,0x0b,0x02,0xd6,0x63,0x0f,0x20,0x07,0x09,0x02,0xc0,0x04,0x0f,0xba,0x0b,
    0x01,0x02,0x02,0x00,0x02,0xc6,0x1e,0x06,0x60,0x02,0x01,0x78,0x00,0x0f,0x3a,0x4e,
    0x00,0x02,0x36,0x09,0x06,0x8e,0x01,0x24,0x9f,0xf7,0x60,0x02,0x0a,0x82,0x07,0x04,
    0x4e,0x55,0x0f,0x02,0x07,0x05,0x03,0x7e,0x15,0x03,0xb0,0x09,0x0c,0x02,0x00,0x02,
    0xa2,0x53,0x0f,0xe0,0x2a,0x0b,0x0f,0x02,0x00,0x0f,0x02,0x32,0x7d,0x01,0xc0,0x04,
    0x0f,0xb2,0x92,0x0e,0x06,0xd2,0x00,0x22,0xdf,0xff,0x20,0x3c,0x0a,0x34,0x3c,0x0f,
    0x02,0x00,0x7b,0x0f,0x60,0x02,0x43,0x0f,0x7e,0x04,0x07,0x02,0xf6,0x6a,0x0f,0x60,
    0x02,0x13,0x08,0x50,0x17,0x06,0x02,0x00,0x0f,0x60,0x02,0x03,0x0f,0x80,0x04,0x01,
    0x0a,0xc0,0x04,0x26,0xff,0xff,0xfa,0x59,0x0a,0xe2,0x09,0x02,0xae,0x57,0x06,0x3e,
    0x1d,0x02,0xda,0x49,0x08,0x02,0x00,0x0c,0x9a,0x34,0x06,0x02,0x00,0x02,0x88,0x30,
    0x2f,0xb9,0x93,0xe6,0x01,0x2d,0x02,0x96,0x0c,0x02,0x32,0x7d,0x0f,0xaa,0x1a,0x0b,
    0x06,0x60,0x02,0x22,0x5e,0xef,0x60,0x02,0x02,0x1a,0x1d,0x06,0x94,0x00,0x0f,0x02,
    0x00,0x77,0x0a,0x5e,0x02,0x0c,0x00,0x13,0x0f,0x40,0x0e,0x0b,0x0f,0xc0,0x04,0x09,
    0x0f,0x4c,0x06,0x05,0x02,0x1e,0x02,0x0f,0x60,0x02,0x40,0x0f,0x98,0x07,0x06,0x06,
    0x8e,0x01,0x44,0xff,0xff,0x77,0x8b,0x0c,0x07,0x0a,0xac,0x04,0x02,0xae,0x57,0x06,
    0x14,0x03,0x3f,0xd2,0x82,0x35,0xf8,0x44,0x06,0x0c,0x02,0x00,0x07,0x60,0x02,0x12,
    0xac,0x3a,0x0c,0x0f,0x02,0x00,0x25,0x03,0xec,0x09,0x01,0xd4,0x10,0x0c,0xd6,0x13,
    0x08,0x02,0x00,0x06,0xd2,0x00,0x0a,0x60,0x02,0x0a,0x34,0x03,0x0f,0x02,0x00,0x73,
    0x0f,0x60,0x02,0x0f,0x08,0xa2,0x10,0x0a,0x00,0x13,0x0f,0x60,0x02,0x0b,0x0f,0x7c,
    0x04,0x05,0x0f,0xc0,0x04,0x1b,0x13,0xba,0x1a,0x0b,0x08,0x02,0x00,0x0f,0xc0,0x04,
    0x02,0x01,0xda,0xa1,0x08,0x26,0x00,0x04,0x02,0x00,0x06,0x8e,0x01,0x28,0xff,0xff,
    0x0c,0x07,0x02,0x02,0x03,0x04,0xaa,0x04,0x19,0xbc,0x4e,0xd1,0x02,0x16,0x23,0x02,
    0x76,0x15,0x0f,0x02,0x00,0x0f,0x05,0xc0,0x04,0x0f,0x76,0xde,0x12,0x0f,0x02,0x00,
    0x0b,0x02,0xac,0xc8,0x01,0x4a,0x18,0x0f,0x28,0x33,0x00,0x0e,0xee,0x09,0x06,0xe0,
    0x40,0x06,0xa0,0x1c,0x0f,0x02,0x00,0x79,0x0f,0x60,0x02,0x09,0x04,0xa8,0x00,0x0f,
    0x80,0x7b,0x09,0x0f,0x80,0x09,0x05,0x0f,0x60,0x02,0x63,0x0a,0x96,0x04,0x02,0x02,
    0x00,0x0f,0x60,0x02,0x0b,0x15,0xd3,0x30,0x79,0x53,0x1c,0xad,0x5b,0xad,0xbb,0xf2,
    0x6a,0x01,0x60,0x02,0x0b,0x88,0x28,0x0f,0x02,0x00,0x07,0x05,0xba,0xf8,0x03,0x60,
    0x02,0x0f,0xe8,0x02,0x03,0x0f,0x02,0x00,0x35,0x08,0xd0,0x00,0x24,0xff,0xff,0xe0,
    0x40,0x02,0x60,0x02,0x0f,0x90,0x03,0x03,0x0f,0x02,0x00,0x69,0x0f,0x60,0x02,0x49,
    0x0f,0x7c,0x04,0x03,0x0f,0xc0,0x04,0x49,0x0e,0xf8,0x09,0x22,0xf4,0x82,0xd2,0x84,
    0x04,0x02,0x00,0x04,0x68,0x4f,0x13,0x3b,0x3e,0x6d,0x02,0x76,0x8d,0x02,0x82,0x01,
    0x06,0xc0,0x0b,0x11,0xf3,0x08,0x32,0x04,0x2a,0x13,0x0f,0x02,0x00,0x0f,0x11,0x78,
    0x36,0x32,0x01,0x72,0x91,0x01,0xa4,0x40,0x0f,0x32,0x00,0x0f,0x0f,0x02,0x00,0x27,
    0x04,0xca,0x00,0x02,0x02,0x00,0x02,0x48,0x00,0x0f,0x60,0x02,0xf7,0x02,0xde,0x06,
    0x0f,0x80,0x09,0x17,0x0f,0x4c,0x34,0x01,0x0f,0x20,0x07,0x07,0x1d,0x3b,0xb8,0x84,
    0x42,0xf4,0x82,0x5c,0xd6,0x8a,0x01,0x02,0x02,0x00,0x31,0x00,0x00,0x7b,0x6c,0x09,
    0x04,0xbe,0x63,0x02,0xa2,0x5e,0x04,0x20,0x1a,0x04,0xb4,0x05,0x02,0x08,0x32,0x01,
    0x2a,0x13,0x0f,0xdc,0x1e,0x0a,0x06,0x02,0x00,0x02,0xa2,0x66,0x02,0x40,0x0f,0x04,
    0x7c,0x07,0x0f,0x02,0x00,0x43,0x02,0xc8,0x00,0x04,0x02,0x00,0x0f,0x64,0x00,0x43,
    0x0f,0x02,0x00,0x37,0x0f,0xc0,0x04,0x2d,0x2f,0x15,0x83,0xa0,0x10,0x03,0x02,0x68,
    0x36,0x0f,0xa8,0x00,0x01,0x0f,0xc0,0x04,0x1d,0x04,0xf4,0x01,0x06,0x02,0x00,0x0f,
    0x60,0x02,0x09,0x02,0x56,0x09,0x04,0x02,0x00,0x53,0xb2,0x82,0xd3,0x82,0x7a,0xb2,
    0x7d,0x02,0x02,0x00,0x04,0x7a,0xcc,0x04,0xac,0x27,0x02,0x60,0x02,0x08,0xee,0x45,
    0x02,0x02,0x00,0x33,0x56,0x8b,0xb9,0x8e,0xac,0x0f,0xee,0x06,0x15,0x28,0x1b,0xa4,
    0x60,0x02,0x0f,0xfc,0x00,0x03,0x0f,0x02,0x00,0x2f,0x02,0xc6,0x00,0x06,0x02,0x00,
    0x0f,0x52,0x00,0x2f,0x0f,0x02,0x00,0x49,0x0c,0x5e,0x02,0x0a,0x40,0x0e,0x04,0x7a,
    0x00,0x0f,0x80,0x09,0x09,0x0f,0x60,0x02,0x09,0x02,0x16,0x19,0x0c,0x02,0x00,0x0f,
    0x00,0x13,0x19,0x0f,0xc0,0x04,0x03,0x01,0xb4,0x0d,0x05,0xc0,0x17,0x03,0x00,0x13,
    0x01,0xe0,0x0b,0x2a,0x3b,0xad,0xf8,0x09,0x59,0xb2,0x82,0xd3,0x82,0xb7,0x82,0x68,
    0x02,0x92,0x01,0x06,0x60,0x02,0x02,0x10,0x72,0x0e,0x0a,0x07,0x15,0x57,0x60,0x02,
    0x0f,0xee,0x06,0x19,0x06,0xc0,0x04,0x0f,0x60,0x02,0x09,0x02,0x20,0xaf,0x02,0x90,
    0x10,0x0c,0x1e,0x01,0x0f,0x02,0x00,0x0d,0x06,0x5a,0x02,0x04,0xcc,0x00,0x0f,0x02,
    0x00,0x89,0x0f,0x60,0x02,0x13,0x06,0x62,0x02,0x0e,0x40,0x0e,0x2f,0xf4,0x82,0xc0,
    0x04,0x07,0x0f,0x60,0x02,0x03,0x0f,0xc0,0x17,0x17,0x0f,0x60,0x02,0x07,0x0a,0xc0,
    0x17,0x01,0x60,0x15,0x0f,0x60,0x02,0x06,0x42,0x36,0x8b,0xfe,0xe6,0x8e,0x01,0x04,
    0x02,0x00,0x01,0x66,0x31,0x05,0xa2,0x0d,0x13,0x57,0xb4,0x10,0x0c,0xa8,0x01,0x05,
    0xca,0x10,0x0f,0x8c,0x12,0x0a,0x0e,0x02,0x00,0x02,0xe6,0x02,0x0f,0x60,0x02,0x09,
    0x13,0xd3,0x98,0x40,0x1f,0xfa,0xfc,0x23,0x0e,0x0c,0x02,0x00,0x04,0xc2,0x00,0x04,
    0x02,0x00,0x0c,0x20,0x00,0x0f,0x02,0x00,0x7d,0x0f,0x60,0x02,0x09,0x08,0xac,0x00,
    0x04,0xc2,0x04,0x0f,0x60,0x02,0x33,0x0f,0x80,0x1c,0x13,0x0f,0x60,0x02,0x25,0x04,
    0x04,0x0e,0x02,0x18,0x03,0x51,0xd3,0x82,0x36,0x8b,0x5b,0x2e,0x23,0x06,0x02,0x00,
    0x02,0x1c,0x00,0x04,0x02,0x00,0x06,0x14,0x13,0x04,0x12,0x00,0x02,0x02,0x00,0x05,
    0xd6,0x17,0x0f,0x60,0x02,0x1c,0x0f,0x02,0x00,0x11,0x02,0x1a,0x46,0x02,0x60,0x02,
    0x0f,0x1a,0x16,0x03,0x0f,0x02,0x00,0x01,0x06,0xc2,0x00,0x04,0x02,0x00,0x0f,0x26,
    0x00,0x01,0x0f,0x02,0x00,0x79,0x0f,0x60,0x02,0x31,0x11,0x57,0xdc,0x97,0x02,0xa0,
    0x23,0x02,0x20,0x06,0x02,0xec,0x16,0x0f,0x40,0x0e,0x03,0x02,0x02,0x00,0x0f,0xe0,
    0x0b,0x19,0x02,0x32,0x00,0x0c,0x02,0x00,0x1f,0x35,0x20,0x07,0x06,0x0a,0x4c,0x72,
    0x84,0xd3,0x82,0x36,0x8b,0x78,0x8b,0x5f,0xef,0x92,0x01,0x02,0x02,0x00,0x0a,0x4e,
    0x00,0x04,0x4a,0x02,0x0a,0x16,0x00,0x05,0x6a,0x0e,0x1c,0xad,0xca,0x13,0x44,0xb2,
    0x82,0xf3,0x82,0xaa,0x28,0x0f,0x02,0x00,0x23,0x11,0x15,0x6c,0x37,0x06,0x60,0x02,
    0x0f,0xe4,0x09,0x11,0x02,0xba,0x00,0x08,0x02,0x00,0x0f,0x7c,0x00,0x23,0x0f,0x02,
    0x00,0x57,0x0e,0x5e,0x02,0x08,0x80,0x09,0x08,0x88,0x00,0x0f,0xc0,0x04,0x09,0x1f,
    0x36,0x60,0x02,0x20,0x04,0xd6,0x76,0x0f,0xa0,0x23,0x03,0x06,0x80,0x1c,0x0f,0xa4,
    0x02,0x07,0x1f,0x36,0x60,0x02,0x08,0x08,0x98,0x07,0x02,0x04,0x8a,0x13,0xbb,0x0e,
    0x2f,0x08,0x02,0x00,0x06,0xe0,0x00,0x04,0x60,0x02,0x0e,0x6a,0x09,0x01,0x56,0x12,
    0x0f,0x60,0x02,0x00,0x22,0xf4,0x82,0xb8,0x42,0x06,0x44,0x00,0x0f,0x02,0x00,0x1d,
    0x11,0x77,0x4a,0x47,0x01,0x10,0x1a,0x0f,0xb4,0x3b,0x02,0x0c,0x02,0x00,0x08,0xba,
    0x00,0x02,0x02,0x00,0x0c,0x22,0x00,0x0f,0x02,0x00,0x7f,0x0f,0x60,0x02,0x33,0x26,
    0x15,0x83,0x60,0x28,0x0a,0xc0,0x04,0x0f,0xf2,0x00,0x09,0x0f,0x60,0x28,0x09,0x0f,
    0x60,0x02,0x11,0x2b,0x00,0x00,0xe0,0x1e,0x05,0x80,0x09,0x13,0xbb,0x58,0x09,0x02,
    0x02,0x00,0x02,0x60,0x02,0x42,0xda,0x93,0x7e,0xde,0x96,0x01,0x08,0x02,0x00,0x02,
    0x22,0x00,0x07,0xaa,0x04,0x63,0xa5,0x00,0x00,0xb2,0x82,0xd2,0xc6,0xe6,0x02,0x02,
    0x00,0x0f,0x0e,0xb6,0x01,0x04,0x60,0x02,0x0e,0x16,0x0c,0x0f,0x02,0x00,0x1b,0x03,
    0x10,0x1a,0x03,0x60,0x02,0x0f,0x30,0x01,0x07,0x08,0xb4,0x00,0x06,0x02,0x00,0x0f,
    0x6c,0x00,0x1b,0x0f,0x02,0x00,0x61,0x0f,0x60,0x02,0x17,0x04,0xc2,0x04,0x0f,0x80,
    0x09,0x01,0x2f,0xf4,0x82,0x60,0x02,0x21,0x0f,0x20,0x2d,0x06,0x0b,0x60,0x02,0x0f,
    0x18,0x01,0x09,0x04,0x4e,0x5a,0x07,0xd8,0x02,0x02,0x2c,0x7e,0x07,0x5a,0x19,0x04,
    0x60,0x02,0x3b,0x1b,0x9c,0x3f,0x24,0x07,0x08,0x02,0x00,0x03,0xa0,0x14,0x01,0x96,
    0xb4,0x02,0x00,0x34,0x06,0x78,0x00,0x0a,0xb6,0x36,0x02,0x0c,0x01,0x02,0xc0,0x04,
    0x2f,0x3b,0xa4,0x84,0xf7,0x1d,0x0c,0x02,0x00,0x04,0x38,0xe0,0x02,0x9a,0x4f,0x08,
    0x78,0x05,0x0e,0x0a,0x1a,0x08,0x02,0x00,0x2f,0x5e,0xd6,0xb2,0x35,0x23,0x0f,0x02,
    0x00,0x5b,0x0f,0x60,0x02,0x09,0x0c,0x8a,0x00,0x02,0x22,0x07,0x0f,0x60,0x02,0x03,
    0x03,0x88,0x25,0x17,0xac,0xe8,0x01,0x0f,0x8c,0x27,0x04,0x0c,0x02,0x00,0x0f,0x20,
    0x07,0x0d,0x0c,0x30,0x00,0x0c,0x02,0x00,0x01,0xf8,0x09,0x01,0xa6,0xdb,0x02,0x8a,
    0x9a,0x0e,0x60,0x02,0x04,0x46,0x2f,0x4f,0x1b,0x9c,0x7c,0xac,0x62,0x02,0x09,0x0f,
    0x02,0x00,0x99,0x22,0x3d,0xd6,0x78,0x0e,0x0f,0xde,0xa4,0x05,0x0f,0x02,0x00,0x73,
    0x17,0xbb,0x16,0x53,0x06,0x02,0x00,0x04,0x20,0x53,0x0c,0xa4,0x00,0x0f,0x60,0x02,
    0x09,0x15,0x57,0x80,0x2f,0x05,0xe8,0x01,0x16,0xa5,0x8c,0x20,0x0f,0x02,0x00,0x0b,
    0x08,0x40,0x34,0x02,0x02,0xdd,0x06,0xc0,0x04,0x0f,0x3a,0x00,0x0b,0x02,0x9c,0x44,
    0x0e,0x00,0x13,0x0a,0xe0,0x0b,0x08,0x60,0x02,0x2c,0xbc,0xb4,0xe8,0x0b,0x0f,0x02,
    0x00,0xa1,0x22,0xfd,0xcd,0xb8,0x09,0x02,0xc6,0x26,0x06,0x54,0x24,0x0f,0x02,0x00,
    0x09,0x02,0xa4,0x26,0x11,0xba,0x52,0x1d,0x0e,0x8a,0x11,0x0f,0x02,0x00,0x43,0x0f,
    0x60,0x02,0x37,0x21,0x15,0x83,0xe8,0x01,0x09,0xc0,0x04,0x0f,0xb4,0x00,0x19,0x08,
    0x42,0xb2,0x02,0xe0,0x31,0x0f,0x20,0x2d,0x0f,0x06,0x02,0x00,0x0c,0x20,0x07,0x0e,
    0x54,0x07,0x02,0x10,0x4c,0x01,0xd0,0xa1,0x29,0xac,0xbe,0x2e,0x1a,0x0f,0x02,0x00,
    0xa1,0x11,0xb9,0x7c,0xb5,0x04,0x60,0x02,0x33,0x5b,0xad,0x7b,0x94,0x1f,0x0f,0x02,
    0x00,0x09,0x04,0x60,0x02,0x01,0xd2,0x07,0x0f,0x2a,0x0f,0x00,0x0f,0x02,0x00,0x41,
    0x0f,0x60,0x02,0x1b,0x02,0xc2,0x04,0x0f,0x20,0x07,0x03,0x2b,0xf4,0x82,0x60,0x02,
    0x01,0xc8,0x08,0x0f,0x02,0x00,0x1f,0x02,0xc0,0x04,0x0f,0x38,0x00,0x1f,0x01,0xfa,
    0x04,0x05,0xe0,0x0b,0x0e,0x60,0x02,0x02,0xa8,0x09,0x02,0x60,0x02,0x5f,0x1c,0xa5,
    0x9c,0xb5,0x7e,0x8a,0x09,0x08,0x0f,0x02,0x00,0x8b,0x04,0x1c,0x01,0x08,0x60,0x02,
    0x0f,0x64,0x0f,0x07,0x08,0x02,0x00,0x02,0x26,0x86,0x04,0x60,0x02,0x0f,0x00,0x04,
    0x1b,0x0f,0x02,0x00,0x23,0x0f,0x60,0x02,0x09,0x0f,0x52,0x00,0x01,0x0f,0x60,0x02,
    0x09,0x13,0x98,0xd6,0x46,0x02,0xe8,0x01,0x0f,0x3e,0x00,0x01,0x0f,0x02,0x00,0x4d,
    0x06,0x80,0x09,0x0f,0x6a,0x00,0x01,0x02,0x80,0x09,0x01,0x5c,0x25,0x01,0x06,0x40,
    0x1f,0x3e,0x62,0x02,0xa2,0x0e,0xda,0x00,0x1f,0x1b,0x88,0x08,0x16,0x02,0x66,0x6e,
    0x05,0x60,0x02,0x0f,0xf6,0x04,0x12,0x0f,0x02,0x00,0x29,0x0f,0x60,0xc0,0x09,0x0f,
    0x60,0x02,0x1f,0x24,0x57,0x8b,0x60,0x15,0x0f,0x94,0x00,0x27,0x04,0x4c,0xeb,0x06,
    0xf6,0x44,0x0f,0x4c,0x00,0x27,0x0c,0x02,0x00,0x17,0xfa,0xc0,0x04,0x06,0x1c,0x2a,
    0xc2,0xff,0xff,0x9a,0xc5,0x7d,0xde,0x9e,0xde,0x5f,0xef,0x7f,0xf7,0x70,0x3d,0x04,
    0x02,0x00,0x8a,0xbf,0xf7,0x7f,0xf7,0x7f,0xf7,0x9f,0xf7,0xdc,0x23,0x0e,0x02,0x00,
    0x31,0x7f,0xf7,0x9f,0x02,0x00,0x0f,0x28,0x00,0x07,0xbf,0x9e,0xf7,0x5e,0xef,0x5e,
    0xef,0x5e,0xef,0x7f,0xf7,0x7f,0x4e,0x00,0x0e,0x0f,0x02,0x00,0x07,0x0c,0xd0,0x00,
    0x0f,0x02,0x00,0x25,0x06,0x60,0x02,0x0f,0xf6,0x04,0x13,0x0f,0x02,0x00,0x27,0x0f,
    0x60,0x02,0x0a,0x0f,0x34,0x2a,0x00,0x0f,0xc0,0x04,0x0b,0x55,0x14,0x83,0x77,0x93,
    0x56,0xdc,0xf1,0x0f,0x02,0x00,0x1f,0x08,0x6a,0x15,0x06,0x60,0x02,0x0f,0x22,0xab,
    0x0d,0x0f,0x02,0x00,0x19,0x03,0xb0,0xad,0x03,0xc0,0x04,0x04,0x16,0x18,0x08,0x36,
    0x06,0x08,0x4e,0x00,0x04,0x6a,0x31,0x0f,0x58,0x17,0x0d,0x02,0x68,0x40,0x0f,0x6e,
    0x1c,0x09,0x02,0x7e,0x5a,0x02,0xb8,0x6d,0x08,0xf4,0x56,0x0f,0x02,0x00,0xcd,0x0f,
    0x60,0x02,0x1f,0x02,0x7c,0x14,0x04,0xfc,0xd0,0x0e,0xc0,0xd5,0x02,0xf4,0x18,0x08,
    0x5a,0x57,0x0f,0x02,0x00,0x15,0x0a,0x2a,0x40,0x0a,0x60,0x02,0x0f,0xe2,0x01,0x0d,
    0x04,0x02,0x00,0x04,0x68,0x80,0x04,0x10,0x00,0x0e,0x02,0x00,0x02,0xbe,0x07,0x08,
    0xc0,0x04,0x02,0xa8,0x19,0x06,0x36,0x06,0x08,0x34,0x00,0x01,0xea,0x03,0x03,0x04,
    0x45,0x0f,0x02,0x00,0x0b,0x0f,0x60,0x02,0x17,0x0f,0x3e,0x08,0x67,0x0f,0x02,0x00,
    0x5d,0x0f,0x40,0xcc,0x41,0x06,0x60,0x02,0x04,0xfa,0xbf,0x0f,0x02,0x00,0x13,0x39,
    0x35,0x8b,0x56,0x8a,0x42,0x0c,0x60,0x02,0x1f,0x3b,0xf6,0x6f,0x06,0x04,0x02,0x00,
    0x02,0x2c,0x1a,0x02,0x28,0x85,0x0f,0x80,0x0f,0x09,0x06,0x80,0x09,0x04,0xc0,0x04,
    0x04,0xde,0x1e,0x0e,0x66,0x1e,0x01,0xfa,0x14,0x18,0xac,0x70,0x81,0x06,0xca,0x49,
    0x0f,0x02,0x00,0x1b,0x24,0x14,0x83,0xc0,0x04,0x01,0x80,0x00,0x0f,0x60,0x7e,0x10,
    0x0f,0x02,0x00,0xaf,0x0f,0x60,0x02,0x4c,0x02,0xaa,0x10,0x1f,0xb4,0x28,0x01,0x11,
    0x2f,0x14,0x83,0x60,0x02,0x0f,0x1f,0x5b,0xc2,0x20,0x0c,0x02,0x0c,0x39,0x06,0x60,
    0x02,0x0a,0xec,0x06,0x08,0x02,0x00,0x01,0xfa,0x10,0x09,0x0e,0xea,0x06,0xc8,0xe7,
    0x02,0xea,0x46,0x15,0xb2,0x1e,0x1a,0x04,0xfc,0x06,0x04,0x40,0x00,0x02,0x30,0x91,
    0x24,0xda,0x93,0x10,0x00,0x0f,0x02,0x00,0x15,0x1c,0x15,0x60,0x02,0x0f,0xce,0x00,
    0x0c,0x02,0x02,0x00,0x02,0x96,0x34,0x02,0x0c,0x00,0x0f,0x02,0x00,0x9f,0x0f,0x60,
    0x02,0x23,0x2f,0x00,0x00,0x20,0x07,0x0a,0x01,0x0e,0x4c,0x0a,0xaa,0x10,0x0f,0x1a,
    0x01,0x0d,0x4f,0xf3,0x82,0xf4,0x82,0x60,0x02,0x2d,0x02,0x7a,0x00,0x0a,0x60,0x02,
    0x0f,0xba,0x09,0x19,0x03,0x6c,0x09,0x05,0x60,0x02,0x11,0xf3,0xa4,0x68,0x04,0xc8,
    0x8e,0x06,0x5c,0x09,0x02,0x60,0x02,0x1b,0xfa,0xfe,0xf4,0x0f,0x02,0x00,0x11,0x13,
    0x57,0x80,0x09,0x03,0xc0,0x04,0x09,0xe0,0x02,0x0f,0x02,0x00,0x03,0x01,0xa2,0x2b,
    0x1e,0x83,0x9a,0x5c,0x0f,0x02,0x00,0x93,0x02,0xae,0xc6,0x0f,0x60,0x15,0x03,0x06,
    0x3a,0x06,0x0f,0x02,0x00,0x01,0x0f,0x60,0x02,0x1d,0x0f,0x3e,0x09,0x0d,0x1f,0xd3,
    0x60,0x02,0x16,0x0e,0xd6,0x12,0x04,0x02,0x00,0x11,0xf3,0x8a,0x01,0x0c,0x60,0x02,
    0x0f,0x7a,0x00,0x0d,0x06,0x02,0x00,0x06,0x60,0x02,0x02,0x28,0x05,0x15,0xf4,0x7c,
    0x23,0x15,0xfc,0xc4,0x49,0x02,0x7e,0x0a,0x33,0x14,0x83,0x78,0xcc,0x3a,0x02,0x12,
    0x00,0x0f,0x02,0x00,0x17,0x11,0xba,0x7e,0x3b,0x0f,0x60,0x02,0x20,0x0f,0x56,0x39,
    0x30,0x0f,0x02,0x00,0x5f,0x0f,0x60,0x02,0x27,0x02,0xd8,0x0b,0x04,0x02,0x00,0x0a,
    0xe0,0xdc,0x02,0xce,0x50,0x0a,0xc0,0x04,0x0f,0x88,0x17,0x0b,0x02,0xf6,0x6a,0x0f,
    0xc0,0x04,0x13,0x0f,0x60,0x02,0x05,0x04,0xea,0x03,0x0e,0x60,0x02,0x0f,0x44,0x14,
    0x17,0x02,0x80,0x09,0x01,0x60,0x02,0x12,0xbd,0x30,0x09,0x22,0xb9,0x93,0xfc,0x38,
    0x08,0x6c,0x55,0x06,0x60,0x02,0x0f,0x80,0x07,0x07,0x0f,0x02,0x00,0x07,0x03,0x66,
    0xf5,0x0f,0x3c,0x3b,0x0e,0x04,0x02,0x00,0x02,0x20,0x07,0x01,0x16,0x3e,0x03,0x7e,
    0xee,0x04,0x1a,0x00,0x0f,0x02,0x00,0x8f,0x0f,0x60,0x02,0x27,0x0a,0x62,0x02,0x0a,
    0x60,0x02,0x02,0x20,0xc8,0x0c,0x60,0x02,0x0f,0x46,0x1c,0x09,0x0f,0x60,0x02,0x1b,
    0x0f,0x5a,0x05,0x03,0x0f,0x60,0x02,0x09,0x0f,0x7c,0x00,0x09,0x0a,0x02,0x00,0x02,
    0xf0,0x7a,0x02,0x24,0x23,0x01,0xae,0x63,0x01,0x30,0x16,0x02,0x0c,0xde,0x06,0xd6,
    0x20,0x02,0xce,0xe6,0x02,0xec,0x76,0x0a,0x40,0x00,0x0f,0x02,0x00,0x13,0x0f,0xc0,
    0x04,0x17,0x04,0xdc,0x0e,0x08,0x60,0x02,0x0f,0xd0,0x00,0x17,0x02,0xe4,0x07,0x02,
    0x30,0x45,0x0f,0xf0,0x0c,0x09,0x0f,0x02,0x00,0x43,0x02,0x5e,0x02,0x0f,0x20,0x07,
    0x05,0x0f,0x74,0x00,0x0d,0x04,0xbc,0x04,0x0e,0xa0,0x10,0x11,0xf4,0x18,0x90,0x0e,
    0x60,0x02,0x06,0x22,0x0b,0x0c,0x02,0x00,0x0f,0x60,0x02,0x61,0x11,0xf4,0xfa,0x3f,
    0x39,0xba,0x93,0xfb,0xa8,0x0b,0x11,0xbc,0x80,0x09,0x02,0x60,0x02,0x02,0xdc,0x31,
    0x0f,0xf4,0x6a,0x01,0x22,0x35,0x8b,0x20,0x07,0x08,0x5e,0xf7,0x0f,0x02,0x00,0x49,
    0x13,0x78,0x20,0x07,0x02,0x0e,0x54,0x01,0x4c,0x05,0x0f,0x6c,0x1c,0x10,0x0b,0x60,
    0x02,0x0f,0x68,0x21,0x1e,0x11,0xd3,0x82,0x5b,0x0f,0xd8,0x00,0x27,0x0f,0x60,0x02,
    0x48,0x1f,0x83,0x60,0x02,0x03,0x0f,0xdc,0x06,0x09,0x0f,0x20,0x07,0x17,0x0f,0xaa,
    0x36,0x01,0x02,0xa4,0x02,0x0f,0x20,0x07,0x05,0x0f,0x7a,0x00,0x01,0x02,0x3e,0x01,
    0x01,0xae,0x38,0x09,0x38,0x4c,0x04,0x6a,0x50,0x22,0xda,0xcd,0xd8,0x01,0x02,0xf0,
    0x17,0x0a,0x66,0x01,0x17,0x36,0x60,0x02,0x0f,0x1c,0x05,0x17,0x0f,0x02,0x00,0x29,
    0x02,0xae,0x03,0x07,0x60,0x02,0x0f,0xfa,0x16,0x02,0x0e,0x02,0x00,0x02,0x64,0x58,
    0x08,0x66,0x4f,0x0f,0xb0,0x00,0x17,0x11,0xd3,0x82,0x03,0x02,0x96,0x0a,0x0e,0x5a,
    0x00,0x0f,0x02,0x00,0x0f,0x0f,0x60,0x02,0x2b,0x08,0xc2,0x04,0x0c,0x20,0x07,0x2e,
    0x14,0x83,0xaa,0x23,0x4f,0x5b,0xad,0x7b,0xbd,0x64,0xa5,0x05,0x0f,0xc0,0x04,0x1d,
    0x08,0x38,0x28,0x04,0x02,0x00,0x0f,0x20,0x07,0x09,0x0f,0x60,0x02,0x0c,0x0b,0x8e,
    0x44,0x03,0xe4,0x27,0x01,0x64,0x00,0x02,0x0e,0x66,0x0e,0x7a,0x31,0x04,0x6c,0x80,
    0x0f,0xb0,0x01,0x01,0x02,0xe8,0x02,0x04,0x98,0x00,0x0f,0x02,0x00,0x37,0x01,0x38,
    0x1d,0x01,0x1e,0x7c,0x06,0xcc,0x0e,0x0f,0x02,0x00,0x0f,0x05,0x20,0x07,0x01,0xc0,
    0x04,0x02,0xdc,0x00,0x0f,0x36,0x00,0x0f,0x02,0xe0,0x01,0x06,0x60,0x02,0x02,0x30,
    0x0a,0x02,0x18,0x00,0x0f,0x02,0x00,0x13,0x04,0x5e,0x02,0x0f,0x20,0x07,0x03,0x0f,
    0x44,0x00,0x11,0x02,0x1c,0x07,0x0f,0x20,0x07,0x01,0x3d,0x14,0x83,0x15,0x0a,0x26,
    0x0a,0x1c,0xd3,0x0a,0x02,0x00,0x0f,0x60,0x02,0x5f,0x01,0x8e,0x02,0x03,0xc0,0x04,
    0x02,0xb8,0x01,0x0a,0x92,0x00,0x04,0xc4,0x02,0x02,0x10,0x1f,0x0e,0x60,0x02,0x04,
    0x0c,0x7e,0x2e,0x1b,0xa5,0xf6,0x07,0x02,0x06,0xe3,0x0f,0x30,0x5f,0x0f,0x0f,0x02,
    0x00,0x21,0x01,0xfe,0x61,0x0f,0x30,0x03,0x02,0x0f,0x02,0x00,0x07,0x02,0x60,0x39,
    0x04,0x86,0x56,0x08,0x46,0x51,0x0f,0x02,0x00,0x0d,0x07,0xd8,0x58,0x07,0xd6,0x05,
    0x0f,0x02,0x00,0x13,0x0f,0x60,0x02,0x4c,0x12,0x83,0x1a,0x0b,0x02,0x8c,0x19,0x02,
    0x38,0x03,0x1f,0x7b,0x5c,0xb4,0x00,0x02,0x02,0x00,0x0f,0x60,0x02,0x51,0x0a,0x34,
    0x03,0x0d,0x60,0x02,0x0f,0xfe,0x3f,0x06,0x04,0x54,0x80,0x0c,0xe8,0x10,0x42,0x3b,
    0xa4,0x7c,0xb4,0x60,0x02,0x0a,0x5a,0x00,0x02,0x4a,0x5f,0x01,0x6a,0x26,0x09,0x78,
    0x07,0x0f,0x02,0x00,0x35,0x0a,0x6e,0x64,0x0f,0x02,0x00,0x15,0x0a,0xc8,0x23,0x06,
    0xaa,0x0c,0x0f,0x02,0x00,0x0f,0x02,0xc4,0x28,0x02,0xc0,0x04,0x0e,0x4c,0x03,0x0f,
    0x02,0x00,0x05,0x06,0x5e,0x02,0x0f,0xc0,0x04,0x27,0x06,0xc2,0x04,0x0e,0x20,0x07,
    0x35,0x15,0x83,0x36,0x4a,0x21,0x0f,0x60,0x02,0x93,0x0f,0x0a,0x0e,0x05,0x22,0x3b,
    0xa4,0xc0,0x04,0x0e,0xe6,0x10,0x04,0xd8,0x17,0x0c,0x60,0x02,0x13,0xd2,0x60,0x02,
    0x06,0x7a,0x72,0x0f,0x02,0x00,0xdf,0x0f,0x60,0x02,0x0b,0x0f,0x10,0x01,0x15,0x02,
    0x1e,0x07,0x0f,0x60,0x02,0x03,0x31,0x15,0x83,0xfa,0x12,0x14,0x0a,0x60,0x02,0x0f,
    0x3a,0x09,0x01,0x02,0x4e,0x04,0x0f,0xe0,0x0b,0x4d,0x0a,0xd6,0x00,0x0e,0xc0,0x04,
    0x0e,0xa2,0x04,0x04,0x02,0x00,0x02,0x94,0x1c,0x02,0xbe,0x03,0x0c,0x7c,0x1c,0x08,
    0xd8,0x17,0x04,0x02,0x00,0x15,0xd3,0x60,0x02,0x0f,0x7c,0x31,0x91,0x0f,0x02,0x00,
    0x41,0x08,0x5e,0x02,0x0f,0xc0,0x04,0x01,0x0f,0x74,0x00,0x15,0x0f,0x60,0x02,0x0b,
    0x2f,0x77,0x93,0x20,0x07,0x79,0x0a,0x14,0x06,0x0f,0x60,0x02,0x19,0x03,0xb6,0x0d,
    0x01,0x2e,0x1c,0x02,0x32,0x34,0x17,0x99,0x44,0x80,0x0c,0x5a,0x00,0x04,0xc0,0x10,
    0x02,0x78,0x0d,0x0f,0xba,0x09,0x01,0x0f,0x02,0x00,0xcf,0x0f,0x60,0x02,0x35,0x04,
    0x62,0x02,0x0f,0x20,0x07,0x01,0x4f,0x15,0x83,0x35,0x8b,0x60,0x02,0x45,0x0f,0xa2,
    0x01,0x03,0x02,0xb8,0x0d,0x0f,0xc0,0x17,0x01,0x2c,0x7b,0xb5,0x06,0x02,0x0f,0x60,
    0x02,0x01,0x0e,0x02,0x07,0x04,0x02,0x00,0x01,0x56,0x0b,0x03,0x5e,0x3b,0x02,0x92,
    0x36,0x02,0xd6,0x17,0x0f,0x02,0x00,0x07,0x0f,0x60,0x02,0xff,0x0a,0x0f,0x36,0x01,
    0x07,0x0e,0x02,0x00,0x02,0xc2,0x04,0x0f,0x60,0x02,0x03,0x4c,0x15,0x83,0xb8,0x93,
    0x20,0x07,0x0e,0x42,0x00,0x02,0x02,0x00,0x0f,0x20,0x07,0x1b,0x02,0x34,0x00,0x0c,
    0x02,0x00,0x0f,0xe0,0x1e,0x03,0x04,0xa4,0x40,0x0f,0xc0,0x04,0x0f,0x0a,0x18,0x17,
    0x02,0xb2,0x42,0x04,0x64,0x00,0x02,0x68,0x80,0x01,0x4e,0x17,0x02,0x80,0x33,0x07,
    0x1a,0x7e,0x0f,0x02,0x00,0x01,0x02,0xb4,0x0d,0x02,0xc0,0x04,0x0f,0xb8,0x02,0x07,
    0x02,0x02,0x00,0x02,0x18,0x03,0x1f,0xb9,0x92,0x21,0x20,0x0f,0x02,0x00,0x83,0x0a,
    0xbe,0x04,0x0e,0x20,0x07,0x0f,0xb6,0x00,0x1b,0x0f,0x80,0x09,0x07,0x4f,0x15,0x83,
    0x35,0x8b,0x60,0x02,0x15,0x0f,0x40,0x21,0x17,0x0c,0x4a,0x09,0x06,0x02,0x00,0x0f,
    0x60,0x02,0x0b,0x0c,0xd8,0x00,0x06,0x60,0x15,0x01,0xa0,0x10,0x01,0x6e,0x50,0x08,
    0x20,0x0d,0x0c,0x5c,0x42,0x01,0xd8,0x0f,0x12,0xcd,0x04,0x24,0x1f,0xba,0xbc,0x0b,
    0x10,0x06,0x94,0x3d,0x0a,0x58,0x00,0x0e,0x02,0x00,0x03,0x60,0x02,0x01,0xfa,0x1e,
    0x0e,0x1e,0x00,0x0f,0x02,0x00,0x9f,0x0f,0x60,0x02,0x0b,0x0f,0xd0,0x00,0x1d,0x0f,
    0x60,0x02,0x09,0x48,0x15,0x83,0xd9,0x9b,0xe0,0x0b,0x02,0x02,0x04,0x0f,0x02,0x00,
    0x03,0x0f,0x00,0x26,0x15,0x0f,0x44,0x00,0x09,0x0e,0x00,0x26,0x06,0xc0,0x04,0x0c,
    0xda,0x00,0x0f,0x60,0x02,0x13,0x08,0xdc,0x57,0x02,0xd4,0x17,0x06,0x2a,0x26,0x0c,
    0xd6,0x17,0x0c,0x02,0x00,0x02,0x08,0x2d,0x04,0x1a,0x0c,0x0f,0x02,0x00,0x05,0x31,
    0xb2,0x82,0xd2,0xf8,0x21,0x02,0x62,0x1c,0x0f,0x3a,0x2d,0xaf,0x0c,0x5e,0x02,0x0c,
    0xc0,0x04,0x0f,0x08,0x01,0x05,0x0f,0x02,0x00,0x07,0x0f,0x20,0x07,0x07,0x47,0x15,
    0x83,0x56,0x8b,0x60,0x02,0x1f,0xb5,0x44,0x00,0x07,0x02,0x8a,0x68,0x0f,0xc0,0x2a,
    0x0d,0x02,0xaa,0x49,0x0f,0x46,0x00,0x07,0x0c,0xc0,0x2a,0x0f,0x60,0x02,0x1f,0x06,
    0x5e,0x00,0x02,0xc0,0x04,0x1f,0xb9,0x80,0xb4,0x00,0x06,0x8a,0x28,0x0f,0xd4,0x10,
    0x05,0x04,0x02,0x00,0x02,0x82,0x00,0x2c,0x3b,0xad,0x9e,0x07,0x08,0x02,0x00,0x0a,
    0x60,0x02,0x02,0x32,0x00,0x08,0x20,0x00,0x0f,0x02,0x00,0x0d,0x02,0xbc,0x6e,0x0f,
    0x00,0x75,0x11,0x0f,0x02,0x00,0x53,0x0f,0x60,0x02,0x0b,0x0f,0x84,0x00,0x21,0x0f,
    0x60,0x02,0x09,0x42,0x15,0x83,0x19,0xa4,0xfc,0x0f,0x0f,0xe0,0x1e,0x09,0x02,0x02,
    0x00,0x1f,0x36,0x20,0x2d,0x0e,0x0f,0x44,0x00,0x0f,0x11,0x57,0xf6,0xa8,0x01,0xc8,
    0xce,0x03,0xce,0x22,0x04,0x80,0x09,0x02,0x64,0x00,0x06,0x02,0x00,0x1a,0xf4,0xc0,
    0x17,0x03,0x20,0x07,0x06,0x28,0x00,0x08,0x60,0x02,0x0c,0xaa,0x04,0x0f,0x1c,0x0e,
    0x17,0x04,0x1a,0x0c,0x0f,0x98,0x11,0x03,0x02,0x02,0x00,0x07,0x20,0x07,0x03,0xb4,
    0x00,0x0a,0x0a,0x0a,0x0f,0x02,0x00,0x0b,0x04,0x16,0x8f,0x02,0x6a,0x18,0x0f,0x2a,
    0x1c,0x23,0x02,0x44,0x00,0x01,0x14,0x16,0x01,0x9c,0x8a,0x0c,0xce,0x18,0x0f,0x02,
    0x00,0x0d,0x51,0xb2,0x82,0xf4,0x82,0x98,0x22,0xc7,0x2f,0x3b,0xb5,0x60,0x02,0x5d,
    0x22,0x56,0x8b,0x60,0x02,0x0f,0xbe,0x1a,0x11,0x0f,0xe0,0x31,0x0b,0x0f,0x76,0x01,
    0x13,0x13,0x99,0x48,0xb2,0x01,0x56,0x09,0x01,0x92,0x46,0x02,0x40,0x0e,0x0c,0x24,
    0x01,0x0f,0x60,0x02,0x03,0x06,0x22,0x1d,0x0a,0x60,0x02,0x0c,0x24,0x37,0x02,0xbc,
    0x0b,0x02,0xea,0x2a,0x02,0x02,0x00,0x06,0x50,0x2d,0x0a,0x02,0x00,0x0a,0x48,0x32,
    0x0f,0x02,0x00,0x03,0x09,0x38,0x5f,0x03,0x62,0x1c,0x0e,0xb2,0x00,0x0f,0x02,0x00,
    0x03,0x02,0x1c,0x02,0x04,0x60,0x02,0x02,0x2e,0x06,0x0f,0x2a,0x00,0x03,0x0f,0x02,
    0x00,0x07,0x02,0x44,0x00,0x07,0x60,0x02,0x01,0xa4,0x3c,0x0f,0x30,0x00,0x07,0x0e,
    0x02,0x00,0x04,0x08,0xe3,0x1f,0x7b,0x60,0x02,0x40,0x02,0x9e,0x0b,0x08,0x02,0x00,
    0x36,0x14,0x83,0x15,0x02,0x00,0x3f,0x8b,0xf8,0x9b,0xbc,0x14,0x07,0x0e,0x02,0x00,
    0x06,0xea,0x44,0x02,0xde,0x10,0x02,0x32,0x01,0x4f,0xfc,0xac,0x1b,0xa5,0xf2,0x00,
    0x13,0x33,0x99,0x8b,0xda,0xe8,0xd5,0x02,0x6c,0x06,0x01,0x98,0x02,0x0f,0xae,0x01,
    0x02,0x02,0x56,0x06,0x0a,0xe0,0x0b,0x06,0xc2,0x05,0x08,0x60,0x02,0x0e,0x0a,0x07,
    0x02,0x5c,0x09,0x0a,0x60,0x02,0x04,0xc0,0x7b,0x0f,0x02,0x00,0x21,0x12,0x77,0xe0,
    0x0b,0x05,0xc0,0x04,0x08,0x8a,0x00,0x0f,0x02,0x00,0x0b,0x02,0x1c,0x02,0x0a,0x60,
    0x02,0x0f,0xf2,0x00,0x05,0x0f,0x02,0x00,0x07,0x06,0x5e,0x48,0x01,0x38,0x01,0x01,
    0xce,0x05,0x0f,0x6a,0x21,0x17,0x04,0x50,0xec,0x1f,0x1b,0x5e,0x02,0x00,0x08,0x80,
    0x09,0x02,0x2a,0x00,0x0f,0x02,0x00,0x1f,0x0f,0xa0,0x10,0x05,0x01,0x02,0x00,0x3f,
    0x8b,0x36,0x8b,0x60,0x02,0x19,0x06,0xea,0x44,0x0a,0x60,0x02,0x0f,0x96,0x00,0x19,
    0x02,0xc8,0x42,0x07,0x60,0x02,0x0f,0xa8,0x40,0x02,0x0f,0x60,0x02,0x0b,0x02,0x20,
    0x2d,0x02,0x80,0x09,0x02,0xc8,0x09,0x0a,0x82,0x00,0x04,0x2a,0x26,0x04,0x74,0x0e,
    0x02,0xe0,0x38,0x08,0xd0,0x49,0x0f,0x02,0x00,0x1b,0x01,0x3a,0x2d,0x0f,0x60,0x02,
    0x20,0x02,0x80,0x09,0x0c,0x60,0x02,0x0a,0x1e,0x54,0x0f,0x02,0x00,0x11,0x0c,0xc0,
    0x04,0x0f,0xf6,0x05,0x03,0x0f,0x02,0x00,0x09,0x4e,0x5b,0xac,0x7b,0xbd,0x1e,0x07,
    0x0f,0x60,0x02,0x31,0x28,0x00,0x00,0xbe,0x04,0x0c,0xc0,0x04,0x2f,0x35,0x8b,0x4a,
    0xdc,0x09,0x0f,0x02,0x00,0x07,0x02,0x60,0x02,0x0f,0x20,0x00,0x07,0x0f,0x02,0x00,
    0x09,0x28,0x5b,0xac,0x60,0x02,0x0f,0x2a,0x00,0x05,0x07,0x40,0x21,0x01,0xb2,0x03,
    0x0a,0x36,0x04,0x06,0xce,0x90,0x01,0x06,0x0e,0x0d,0xae,0xb4,0x04,0x2a,0x26,0x02,
    0x5e,0x00,0x04,0xda,0x17,0x0f,0xc6,0x12,0x27,0x03,0x3a,0x2d,0x03,0x20,0x07,0x0f,
    0xee,0x03,0x19,0x11,0x57,0x68,0xc3,0x08,0x7c,0x04,0x3f,0x7b,0xb5,0xbb,0xbe,0xf8,
    0x02,0x0f,0x02,0x00,0x09,0x0f,0xa4,0x02,0x00,0x0f,0x44,0x00,0x1a,0x0f,0x5c,0x02,
    0x01,0x08,0x60,0x02,0x0f,0x7c,0x00,0x09,0x0f,0x02,0x00,0x0d,0x0f,0x60,0x02,0x0d,
    0x06,0xaa,0x14,0x0f,0x02,0x00,0x79,0x1f,0x98,0x20,0x07,0x08,0x0e,0x60,0x02,0x04,
    0xb2,0x61,0x15,0xb2,0xf2,0xbe,0x02,0xee,0x22,0x02,0xd2,0x00,0x13,0xd2,0x0c,0x5a,
    0x0f,0x86,0xb5,0x19,0x0c,0x02,0x00,0x04,0x14,0x03,0x0c,0xea,0x02,0x0f,0x02,0x00,
    0x11,0x05,0x2a,0xf8,0x03,0x2a,0x03,0x0f,0x60,0x02,0x1f,0x01,0x76,0x24,0x02,0x18,
    0x0d,0x03,0x44,0x00,0x04,0xdc,0x00,0x0f,0x02,0x00,0x11,0x0f,0xbc,0x04,0x03,0x0f,
    0x60,0x02,0x35,0x0a,0x62,0x02,0x0a,0x80,0x09,0x0f,0x60,0x02,0x23,0x15,0x5b,0x8c,
    0xf9,0x0c,0x5c,0x0b,0x0f,0x02,0x00,0x39,0x0c,0xf6,0x03,0x0a,0x52,0x01,0x08,0x20,
    0x07,0x06,0x26,0x15,0x02,0xd6,0x2e,0x02,0x86,0x00,0x04,0x4a,0x2d,0x02,0x62,0x11,
    0x03,0x80,0x36,0x0b,0xb0,0x28,0x0f,0x02,0x00,0x1b,0x01,0x72,0x0e,0x0f,0xd2,0x07,
    0x04,0x0f,0x02,0x00,0x0d,0x02,0x6a,0x8f,0x02,0xac,0x00,0x0a,0xca,0x00,0x0f,0x02,
    0x00,0x4f,0x0f,0x60,0x02,0x0d,0x0f,0x82,0x00,0x2d,0x08,0xc2,0x04,0x0f,0x60,0x02,
    0x01,0x04,0x92,0x01,0x0f,0x02,0x00,0x0f,0x42,0xda,0x93,0xfb,0x9b,0x8e,0x76,0x01,
    0xfe,0x17,0x01,0x4e,0x03,0x0f,0xde,0x0b,0x15,0x0f,0x02,0x00,0x1f,0x03,0x6a,0x0e,
    0x03,0xb2,0x03,0x0a,0x40,0x00,0x04,0x2e,0x93,0x02,0x20,0x07,0x04,0x1e,0x00,0x02,
    0x60,0x02,0x04,0x6a,0x09,0x06,0x14,0x22,0x06,0x60,0x02,0x0f,0xe2,0x0f,0x1f,0x08,
    0x02,0x00,0x0f,0x6c,0x0a,0x1b,0x0c,0x02,0x00,0x04,0x4e,0x81,0x0c,0x18,0x00,0x0f,
    0x02,0x00,0x4b,0x2f,0x7b,0xb5,0x3a,0x0e,0x01,0x02,0x02,0x00,0x02,0x00,0x39,0x0f,
    0x80,0x00,0x2f,0x06,0x62,0x02,0x0f,0x60,0x02,0x29,0x02,0x20,0xf7,0x0f,0x60,0x02,
    0x01,0x0f,0x48,0x09,0x07,0x0c,0x02,0x00,0x05,0x88,0xfe,0x0f,0x62,0x78,0x0e,0x01,
    0xa8,0xa8,0x05,0xf6,0x03,0x0c,0x96,0x01,0x13,0x77,0x8e,0x95,0x02,0x60,0x02,0x04,
    0x12,0x04,0x02,0x60,0x02,0x0f,0x6a,0x09,0x01,0x04,0xc0,0x04,0x0e,0xd0,0x10,0x0f,
    0x02,0x00,0xcd,0x0f,0x60,0x02,0x0d,0x0f,0x00,0x01,0x31,0x0f,0x60,0x02,0x0d,0x0f,
    0xc2,0x04,0x0f,0x02,0x00,0x13,0x0f,0xc0,0x04,0x03,0x4c,0x3b,0xa5,0x5b,0xad,0x00,
    0x02,0x0f,0x02,0x00,0x01,0x04,0x9e,0x10,0x01,0xfc,0x04,0x0f,0xc8,0x11,0x1e,0x0c,
    0x02,0x00,0x02,0xa0,0x09,0x04,0x60,0x02,0x04,0x28,0x01,0x02,0x82,0x37,0x2e,0xfb,
    0x93,0x46,0x45,0x02,0x78,0xb2,0x02,0x54,0x11,0x0c,0x4c,0x00,0x0f,0x02,0x00,0xc7,
    0x2f,0x7b,0xb5,0x60,0x02,0x0a,0x0f,0xb8,0x2c,0x06,0x0f,0x02,0x00,0x1d,0x04,0x62,
    0x02,0x0f,0xc0,0x04,0x03,0x0f,0x60,0x02,0x0d,0x04,0xaa,0x5c,0x0f,0x60,0x02,0x07,
    0x4f,0x7b,0xb5,0x9b,0xb5,0x94,0x00,0x0b,0x02,0xfe,0x04,0x08,0xc0,0x04,0x0f,0xf8,
    0x04,0x19,0x0f,0x02,0x00,0x01,0x04,0x20,0x2d,0x08,0x54,0x71,0x04,0x60,0x02,0x0e,
    0xc0,0x45,0x05,0x66,0x10,0x0f,0xc0,0x44,0x00,0x2f,0xb2,0x82,0x84,0x15,0x05,0x0f,
    0x02,0x00,0xad,0x0f,0x60,0x02,0x0d,0x0f,0xe0,0x00,0x35,0x0f,0x60,0x02,0x0d,0x0f,
    0x62,0x02,0x0b,0x0f,0x60,0x02,0x12,0x14,0xbd,0xa6,0x06,0x0f,0x02,0x00,0x03,0x02,
    0x9e,0x02,0x0c,0x60,0x02,0x0f,0x00,0x13,0x03,0x0f,0x02,0x00,0x13,0x06,0x20,0x2d,
    0x06,0x46,0x1c,0x26,0x14,0x83,0x60,0x02,0x0c,0x4c,0x19,0x03,0x66,0x10,0x0f,0x60,
    0x02,0x02,0x11,0xd3,0xe4,0x8e,0x0f,0xfa,0x31,0x43,0x0f,0x02,0x00,0x67,0x02,0x5e,
    0x02,0x0f,0x80,0x09,0x08,0x0f,0xac,0x39,0x12,0x0f,0x02,0x00,0x13,0x02,0x62,0x02,
    0x16,0x14,0xbe,0x17,0x05,0x40,0x0e,0x04,0x02,0x00,0x0f,0x48,0x00,0x05,0x15,0x15,
    0xea,0x7d,0x0f,0xc0,0x04,0x0a,0x0f,0x6c,0x05,0x0a,0x04,0x3e,0x00,0x0e,0x60,0x02,
    0x04,0x9c,0x0b,0x0f,0x02,0x00,0x21,0x04,0xc6,0x25,0x06,0x60,0x02,0x03,0x6a,0x09,
    0x12,0x93,0xc6,0x17,0x0c,0x54,0x00,0x01,0x66,0x10,0x01,0xd0,0x35,0x0a,0x76,0x00,
    0x01,0x60,0x02,0x03,0xb4,0x34,0x02,0x14,0x3e,0x0f,0x02,0x00,0xb1,0x04,0x5e,0x02,
    0x0f,0x60,0x02,0x07,0x0f,0xe6,0x00,0x3b,0x0f,0x60,0x15,0x03,0x04,0x5e,0x02,0x0f,
    0x60,0x02,0x05,0x08,0xea,0x6a,0x0f,0x60,0x02,0x0d,0x0a,0x2a,0x28,0x08,0x02,0x00,
    0x02,0x02,0x8f,0x0f,0x60,0x02,0x1f,0x11,0xba,0x52,0x1a,0x08,0x4a,0x00,0x0a,0x02,
    0x00,0x0c,0x80,0x09,0x09,0x60,0x02,0x0f,0x44,0x0c,0x00,0x04,0x00,0x40,0x0a,0x60,
    0x02,0x01,0xca,0x1e,0x03,0x60,0x02,0x0e,0x34,0x1f,0x0f,0x02,0x00,0x99,0x02,0x54,
    0x34,0x02,0xb2,0x00,0x0f,0x60,0x02,0x0d,0x02,0x26,0x00,0x0f,0x02,0x00,0x37,0x0f,
    0x60,0x02,0x0d,0x0f,0x62,0x02,0x03,0x08,0x6a,0x87,0x0f,0x60,0x02,0x25,0x11,0x36,
    0x2c,0x6a,0x11,0xda,0x2c,0x02,0x08,0xe0,0x0b,0x11,0x3b,0xc4,0xd5,0x0f,0xea,0x00,
    0x05,0x02,0x26,0x1a,0x02,0xdc,0xc5,0x0f,0x2e,0x18,0x09,0x0c,0xaa,0x54,0x05,0x20,
    0x07,0x05,0x44,0x0c,0x0a,0x5e,0x09,0x02,0x7c,0x15,0x0a,0x0c,0x03,0x0c,0x74,0x26,
    0x0f,0x76,0x01,0x37,0x0f,0x02,0x00,0x57,0x04,0x1c,0x35,0x02,0x3a,0x99,0x06,0x5e,
    0x02,0x0f,0xc0,0x04,0x05,0x0f,0x9a,0x00,0x3f,0x0f,0x20,0x07,0x0b,0x1f,0x36,0x9e,
    0x55,0x00,0x0a,0x6a,0x74,0x0f,0x60,0x02,0x43,0x06,0x1a,0x21,0x08,0x02,0x00,0x13,
    0x14,0x5a,0xf7,0x04,0x60,0x02,0x0f,0xf4,0x01,0x19,0x02,0x34,0x00,0x01,0x1a,0x38,
    0x01,0x3c,0x1a,0x68,0xb2,0x82,0xd3,0x82,0x15,0x83,0x5e,0x00,0x0c,0x98,0x23,0x0a,
    0xb4,0x21,0x1b,0xfc,0x16,0xd6,0x0f,0x02,0x00,0x03,0x02,0x3a,0x7f,0x0f,0x1c,0x00,
    0x03,0x0f,0x02,0x00,0x17,0x02,0x92,0xc6,0x0f,0x30,0x00,0x17,0x0f,0x02,0x00,0x05,
    0x11,0xb2,0x42,0x0a,0x03,0xa0,0x24,0x01,0xf4,0x32,0x06,0x02,0x00,0x02,0xee,0x12,
    0x0a,0x02,0x00,0x0f,0x48,0x00,0x05,0x0f,0x02,0x00,0x29,0x2f,0x14,0x83,0x80,0x09,
    0x09,0x0f,0x60,0x02,0x01,0x0a,0x2a,0x79,0x0f,0x60,0x02,0x0e,0x01,0xba,0x3f,0x0c,
    0x02,0x00,0x02,0x8a,0x6d,0x02,0x3e,0x00,0x0f,0xc0,0x04,0x01,0x04,0x5c,0x10,0x0a,
    0x02,0x00,0x02,0x38,0x20,0x0f,0x60,0x02,0x23,0x02,0x00,0x54,0x01,0x60,0x02,0x03,
    0x3c,0x29,0x53,0xd3,0x82,0x35,0x8b,0x77,0x5a,0x98,0x0f,0x02,0x00,0x03,0x02,0x2e,
    0x05,0x02,0x20,0x07,0x01,0xdc,0x0e,0x0f,0x7a,0x0c,0x0c,0x02,0x1e,0x21,0x02,0xa2,
    0x00,0x0f,0xc2,0x07,0x09,0x0f,0x02,0x00,0x0b,0x02,0x04,0x1f,0x02,0x46,0x00,0x0f,
    0x84,0x2d,0x2b,0x19,0xd3,0x60,0x02,0x11,0x5b,0x98,0x10,0x04,0x02,0x00,0x0a,0x5a,
    0x02,0x02,0x02,0x00,0x0f,0x98,0x00,0x0b,0x0f,0x02,0x00,0x25,0x0f,0xe0,0x0b,0x09,
    0x2e,0x36,0x8b,0x60,0x5a,0x0f,0x60,0x02,0x31,0x2f,0x14,0x83,0x20,0x07,0x0b,0x0f,
    0x60,0x02,0x13,0x0f,0xf0,0x50,0x19,0x03,0x40,0x9d,0x07,0xca,0x0b,0x11,0xf4,0x60,
    0x02,0x15,0xb9,0xea,0xc9,0x0f,0x02,0x00,0x01,0x06,0x54,0x1f,0x02,0xd6,0x3e,0x0f,
    0x24,0x00,0x01,0x06,0x02,0x00,0x08,0x60,0x02,0x02,0xa0,0x64,0x06,0x1c,0x00,0x0f,
    0x02,0x00,0x17,0x06,0x46,0x00,0x02,0x14,0x03,0x0f,0xa8,0x05,0x1b,0x0a,0x02,0x00,
    0x24,0x35,0x8b,0x1c,0x35,0x15,0x3b,0x5a,0x02,0x02,0x02,0x00,0x02,0x52,0x02,0x08,
    0x02,0x00,0x0a,0x3a,0x00,0x0f,0x02,0x00,0x39,0x01,0x9a,0x23,0x02,0x02,0x00,0x03,
    0x80,0x1c,0x06,0x02,0x00,0x4a,0x56,0x8b,0x56,0x8b,0x00,0x44,0x0f,0x60,0x02,0x2f,
    0x02,0xa2,0x03,0x0f,0xc0,0x04,0x0b,0x0e,0xf8,0x04,0x02,0x36,0x00,0x04,0xd8,0x03,
    0x02,0x6a,0x65,0x0f,0x18,0x15,0x1b,0x04,0xca,0x0b,0x04,0x4c,0x01,0x01,0x06,0x86,
    0x01,0x02,0x0a,0x0f,0x4e,0x01,0x07,0x04,0xf4,0x1c,0x02,0x60,0x02,0x04,0x3a,0x00,
    0x0f,0x02,0x00,0x03,0x06,0x1a,0x02,0x04,0x60,0x02,0x0c,0x90,0xa4,0x0f,0x02,0x00,
    0x11,0x06,0x46,0x00,0x04,0x60,0x02,0x11,0xfc,0x10,0x1b,0x0f,0xde,0x02,0x0d,0x0f,
    0x02,0x00,0x03,0x02,0x90,0x47,0x22,0xdc,0xb4,0x56,0x02,0x06,0x02,0x00,0x08,0x5a,
    0x02,0x0f,0xf0,0x0a,0x07,0x0f,0x02,0x00,0x33,0x0f,0x60,0x02,0x0f,0x08,0x62,0x02,
    0x0f,0x60,0x02,0x65,0x06,0x78,0x01,0x04,0xbe,0x01,0x02,0x54,0x6b,0x0f,0x04,0x01,
    0x19,0x37,0xfc,0xac,0x1b,0x4a,0x55,0x04,0x60,0x02,0x3f,0x5b,0xa4,0x7c,0xd6,0x58,
    0x08,0x02,0xf4,0x1c,0x0f,0x60,0x02,0x23,0x4f,0xfc,0xac,0x1c,0xa5,0x1a,0x02,0x1d,
    0x06,0xe8,0x00,0x06,0x60,0x02,0x2f,0x1c,0xad,0xe2,0x25,0x1f,0x06,0x02,0x00,0x1b,
    0xdb,0x1c,0x07,0x0f,0xe0,0x0b,0x01,0x06,0x2e,0x00,0x0f,0x02,0x00,0x41,0x05,0x62,
    0x02,0x0f,0xc0,0x04,0x04,0x0f,0x60,0x02,0x28,0x0d,0xfc,0x4a,0x02,0x20,0x45,0x0f,
    0xc0,0x04,0x1f,0x06,0x78,0x01,0x08,0x60,0x02,0x0f,0xe8,0x1c,0x05,0x02,0xdc,0x2f,
    0x0e,0x2c,0x01,0x02,0x1c,0x39,0x04,0x2a,0x0e,0x03,0x0c,0x4e,0x01,0x2c,0x70,0x0e,
    0x2c,0x00,0x04,0x02,0x00,0x02,0x2c,0x05,0x03,0x64,0x0e,0x0d,0x58,0x05,0x08,0x02,
    0x00,0x0c,0x22,0x0a,0x02,0x60,0x02,0x1f,0x7b,0x92,0x2b,0x02,0x0f,0x02,0x00,0x05,
    0x06,0xa8,0x05,0x24,0x1b,0x9c,0xa8,0x05,0x04,0x60,0x02,0x04,0xb8,0x00,0x0f,0x02,
    0x00,0x1b,0x02,0x52,0x02,0x0a,0x02,0x00,0x02,0xb6,0x04,0x04,0x02,0x00,0x0f,0x50,
    0x00,0x1b,0x0f,0x02,0x00,0x1f,0x0f,0x60,0x02,0x0f,0x06,0x62,0x02,0x0f,0xc0,0x04,
    0x1c,0x0f,0x60,0x02,0x4e,0x0f,0x38,0x06,0x01,0x02,0xee,0x57,0x0f,0x36,0x62,0x11,
    0x04,0xae,0x02,0x0f,0x5a,0x24,0x0d,0x0f,0x60,0x02,0x13,0x04,0x14,0x0c,0x07,0x02,
    0x03,0x1f,0xa5,0x20,0x26,0x21,0x13,0x56,0x7a,0x13,0x0d,0x60,0x02,0x0f,0xde,0x02,
    0x0a,0x0f,0x02,0x00,0x03,0x0a,0x58,0x02,0x04,0x02,0x00,0x04,0x5a,0x02,0x02,0x02,
    0x00,0x0f,0x3a,0x00,0x03,0x0f,0x02,0x00,0x39,0x03,0x62,0x02,0x0f,0xc0,0x04,0x06,
    0x06,0x62,0x02,0x0f,0x60,0x02,0x8f,0x13,0xd3,0xde,0x65,0x0f,0x16,0x47,0x13,0x02,
    0x0c,0x02,0x0a,0x1e,0x5d,0x15,0xd2,0x96,0x28,0x0f,0x02,0x00,0x21,0x0f,0x60,0x02,
    0x01,0x0e,0x50,0x0a,0x0f,0x02,0x00,0x0d,0x01,0x06,0x51,0x01,0x5a,0x05,0x0f,0xc0,
    0x04,0x29,0x04,0x50,0x02,0x0c,0x02,0x00,0x02,0x58,0x02,0x02,0x02,0x00,0x0f,0x8a,
    0x00,0x0d,0x0f,0x02,0x00,0x33,0x01,0x62,0x02,0x0f,0x60,0x02,0x0a,0x02,0xc4,0x04,
    0x0f,0x60,0x02,0x1b,0x0f,0x9c,0x00,0x01,0x02,0x02,0x06,0x0f,0xe0,0x0b,0x0b,0x0e,
    0x38,0x00,0x0f,0x20,0x07,0x05,0x0c,0x78,0x17,0x02,0x2a,0x00,0x11,0x56,0x7e,0x1a,
    0x02,0x3c,0x09,0x0e,0x4c,0x00,0x0a,0x02,0x00,0x02,0x3a,0x1a,0x01,0x82,0x10,0x01,
    0x1c,0x13,0x02,0x42,0x00,0x1f,0x15,0xfc,0x13,0x00,0x0f,0x02,0x00,0x15,0x04,0x38,
    0x6c,0x04,0x20,0x07,0x0f,0x60,0x02,0x21,0x02,0x02,0x00,0x02,0x9c,0x07,0x0f,0xa8,
    0x05,0x05,0x0f,0x02,0x00,0x0d,0x2e,0x5b,0xb5,0x7a,0x09,0x02,0x02,0x00,0x02,0x5a,
    0x02,0x0f,0xda,0x0b,0x4d,0x08,0x02,0x00,0x0f,0x60,0x02,0x41,0x0f,0x1c,0x03,0x03,
    0x0f,0x60,0x02,0x3d,0x0c,0x66,0x00,0x02,0xbe,0x31,0x04,0xc0,0x04,0x0f,0xe0,0x0f,
    0x11,0x02,0xc0,0x04,0x0a,0x60,0x02,0x02,0x4c,0x83,0x08,0x22,0x01,0x0f,0x02,0x00,
    0x1b,0x02,0x54,0x00,0x02,0x20,0x07,0x0f,0x30,0x16,0x03,0x0f,0x02,0x00,0x17,0x0f,
    0x28,0x0f,0x1b,0x06,0x02,0x00,0x0f,0x60,0x02,0x79,0x4c,0x00,0x00,0x15,0x8b,0xe0,
    0x1e,0x04,0xa0,0x10,0x04,0x02,0x00,0x22,0x77,0x8b,0x3c,0x06,0x06,0x0a,0x85,0x0f,
    0x60,0x15,0x0b,0x06,0xea,0x00,0x08,0x02,0x00,0x0f,0x60,0x02,0x5d,0x0f,0xc8,0x10,
    0x11,0x03,0xc0,0x04,0x03,0x7c,0x15,0x02,0x1e,0x13,0x02,0x62,0x05,0x08,0xba,0x00,
    0x0f,0x02,0x00,0x1d,0x02,0x60,0x02,0x0f,0x22,0x0a,0x01,0x0f,0x02,0x00,0x51,0x2f,
    0x5b,0xad,0x60,0x02,0x0f,0x0f,0x88,0x00,0x51,0x06,0x02,0x00,0x0f,0x60,0x02,0x0f,
    0x2f,0x77,0x8b,0x80,0x1c,0x17,0x0e,0xba,0x06,0x04,0x02,0x00,0x0f,0x40,0x0e,0x0d,
    0x0f,0xf8,0x00,0x01,0x0f,0x20,0x07,0x07,0x0c,0x58,0x0d,0x0c,0xc0,0x04,0x0f,0xbc,
    0xa4,0x0f,0x04,0x58,0x66,0x06,0x0a,0x8f,0x02,0xc0,0x04,0x0f,0x24,0x0c,0x13,0x0f,
    0x02,0x00,0x83,0x2f,0x5b,0xad,0x60,0x02,0x0f,0x0f,0xba,0x00,0x5f,0x0f,0x60,0x15,
    0x03,0x04,0x02,0x00,0x7f,0x77,0x8b,0x77,0x8b,0x77,0x8b,0xf3,0xe0,0x1e,0x12,0x0f,
    0xb6,0x03,0x09,0x0f,0xc0,0x17,0x0d,0x0f,0xf8,0x00,0x01,0x0f,0x60,0x02,0x0a,0x09,
    0x58,0x0d,0x0f,0x60,0x02,0x00,0x05,0xfa,0x06,0x0f,0x02,0x00,0x09,0x02,0x18,0x41,
    0x04,0xfc,0x09,0x04,0x22,0x0a,0x4f,0x1b,0x9c,0x5b,0xac,0x20,0x13,0x09,0x0f,0x02,
    0x00,0x83,0x01,0x5e,0x02,0x0f,0xc0,0x04,0x0c,0x0f,0xba,0x00,0x61,0x0f,0x60,0x02,
    0x11,0x2f,0x78,0x8b,0x20,0x07,0x0f,0x0f,0x62,0x40,0x0b,0x0f,0x80,0x1c,0x0b,0x0f,
    0xf8,0x04,0x03,0x0f,0x60,0x02,0x09,0x0a,0x2a,0x01,0x0f,0x60,0x02,0x13,0x04,0x50,
    0x00,0x0a,0x3c,0x00,0x08,0x9c,0x1a,0x02,0xa2,0x26,0x04,0xac,0x0b,0x0a,0x28,0x00,
    0x0f,0x02,0x00,0x8b,0x03,0x5e,0x02,0x0f,0x60,0x02,0x80,0x28,0x00,0x00,0x00,0x26,
    0x0e,0x80,0x09,0x8f,0x77,0x8b,0x77,0x8b,0x78,0x8b,0x36,0x8b,0x60,0x28,0x0b,0x0f,
    0x56,0x17,0x0f,0x04,0x1e,0x04,0x0f,0xe0,0x1e,0x01,0x0f,0xbc,0x01,0x03,0x04,0x10,
    0x02,0x09,0xfe,0x0f,0x0f,0xd8,0x16,0x02,0x19,0xd2,0xa0,0x10,0x01,0x20,0x07,0x07,
    0x5a,0x09,0x04,0x02,0x00,0x02,0x86,0x02,0x0f,0x80,0xaf,0x0b,0x11,0xb9,0xd4,0xf0,
    0x02,0x3c,0x3c,0x0f,0xae,0x21,0x19,0x0f,0x02,0x00,0x6b,0x05,0x5e,0x02,0x0f,0x60,
    0x02,0x08,0x0f,0xca,0x7b,0x4d,0x0f,0x02,0x00,0x09,0x06,0x7e,0x1c,0x0f,0x60,0x02,
    0x05,0x4f,0x78,0x8b,0x57,0x8b,0xe0,0x31,0x09,0x0f,0x5e,0x00,0x09,0x02,0x02,0x00,
    0x0f,0x60,0x02,0x1f,0x11,0xd2,0xb8,0xab,0x0f,0x60,0x02,0x11,0x0a,0x00,0x13,0x0f,
    0x60,0x02,0x0b,0x01,0x62,0x09,0x0f,0x9c,0x5c,0x08,0x01,0x1e,0x35,0x12,0xac,0x0c,
    0x0e,0x0c,0xc6,0x0d,0x02,0xe4,0x23,0x1f,0x56,0xb4,0xa6,0x16,0x0f,0x02,0x00,0x55,
    0x0f,0x60,0x02,0x11,0x0f,0x8c,0x00,0x55,0x0f,0x02,0x00,0x03,0x06,0x62,0x02,0x02,
    0xe0,0x1e,0x04,0x02,0x00,0x04,0xc0,0x04,0x02,0x62,0x02,0x02,0x40,0x06,0x01,0x82,
    0x01,0x07,0x60,0x3b,0x0c,0x86,0x01,0x0f,0x02,0x00,0x05,0x0f,0xc0,0x2a,0x03,0x0f,
    0x9c,0x02,0x07,0x02,0x76,0x0e,0x0f,0x60,0x02,0x41,0x0f,0xe0,0x50,0x0d,0x02,0x4a,
    0x4e,0x02,0xee,0x1c,0x08,0xf8,0x07,0x02,0x60,0x02,0x02,0xf0,0x3f,0x0f,0xe4,0x55,
    0x0d,0x0f,0x02,0x00,0x49,0x0a,0x7c,0x00,0x07,0x5e,0x02,0x0f,0xc0,0x04,0x06,0x0f,
    0x8e,0x00,0x49,0x0f,0x02,0x00,0x11,0x0f,0x60,0x02,0x11,0x22,0x78,0x8b,0x40,0x06,
    0x0a,0x60,0x02,0x0f,0x5e,0x00,0x11,0x04,0x02,0x00,0x02,0xde,0x10,0x08,0x00,0x26,
    0x0f,0x90,0x60,0x0b,0x0f,0xde,0x1b,0x00,0x16,0xad,0x0a,0x40,0x08,0x02,0x00,0x11,
    0x14,0x7e,0x76,0x02,0x3a,0x02,0x05,0xc0,0x04,0x0b,0x0e,0x30,0x0c,0x46,0x07,0x08,
    0x40,0x00,0x0c,0x02,0x00,0x02,0x7e,0x45,0x02,0xe6,0x14,0x08,0x9e,0x01,0x04,0xc6,
    0x72,0x01,0xa6,0x09,0x0f,0xd2,0xc0,0x0c,0x0f,0x02,0x00,0x43,0x11,0x77,0x68,0xd1,
    0x02,0x66,0x37,0x01,0xf4,0x91,0x1f,0xad,0x60,0x02,0x91,0x06,0x62,0x02,0x0f,0xc0,
    0x04,0x07,0x02,0x62,0x02,0x02,0x02,0x00,0x0f,0x08,0x27,0x27,0x07,0x60,0x02,0x0f,
    0xc4,0x20,0x08,0x02,0x02,0x00,0x0c,0xc0,0x2a,0x04,0xf2,0x01,0x02,0x1e,0x00,0x08,
    0x02,0x00,0x02,0xde,0x78,0x0f,0x60,0x02,0x0b,0x0c,0x46,0x07,0x02,0xa0,0x01,0x0f,
    0x02,0x00,0x07,0x04,0x6e,0x00,0x08,0x02,0x0c,0x02,0x08,0x3e,0x04,0x60,0x02,0x0f,
    0xb4,0x2d,0x0b,0x06,0x02,0x00,0x02,0xf8,0x04,0x0f,0x7c,0x2e,0x03,0x0f,0x02,0x00,
    0x1b,0x02,0xa8,0x18,0x02,0x3e,0x75,0x02,0x22,0x1d,0x0b,0x02,0x00,0x0f,0xc0,0x17,
    0x02,0x0f,0x64,0x00,0x1b,0x0f,0x02,0x00,0x45,0x02,0xc4,0x04,0x0f,0x60,0x02,0x0b,
    0x0f,0xe0,0x16,0x29,0x0f,0x02,0x00,0x21,0x0f,0x20,0x07,0x01,0x0f,0x48,0x00,0x03,
    0x02,0x5a,0x09,0x02,0x20,0x1a,0x01,0x9a,0x17,0x0d,0xc0,0x04,0x0c,0x60,0x02,0x0e,
    0x60,0x09,0x0f,0x02,0x00,0x01,0x1d,0x5b,0x16,0x35,0x0a,0x60,0x02,0x0f,0x20,0x08,
    0x11,0x02,0x60,0x02,0x34,0x56,0x8b,0x78,0x84,0x99,0x0f,0x00,0x0a,0x08,0x0f,0x02,
    0x00,0x09,0x02,0xa2,0x0c,0x06,0x60,0x02,0x1a,0x3b,0xbc,0x04,0x0f,0x20,0x07,0x04,
    0x0f,0x52,0x00,0x09,0x0f,0x02,0x00,0x5b,0x0f,0xe0,0x0b,0x09,0x02,0x02,0x00,0x61,
    0x98,0x8b,0x57,0x8b,0x15,0x8b,0x2a,0xf9,0x01,0x06,0x0b,0x0f,0xa0,0x00,0x4f,0x02,
    0x32,0x5f,0x02,0x2c,0x04,0x0f,0x12,0x02,0x09,0x02,0x1c,0x15,0x0f,0x60,0x02,0x09,
    0x0e,0xe6,0x04,0x1b,0x1c,0x26,0x13,0x06,0x7c,0x47,0x0f,0x02,0x00,0x0b,0x01,0x24,
    0x0c,0x03,0x8c,0x1e,0x02,0x00,0x52,0x0f,0x30,0x00,0x0b,0x07,0x60,0x02,0x01,0x68,
    0xc6,0x03,0xa0,0x0e,0x0f,0xc0,0x05,0x0e,0x0e,0x02,0x00,0x08,0xc0,0x04,0x12,0x1b,
    0x52,0x02,0x0a,0x02,0x00,0x0d,0xc0,0x04,0x0e,0x44,0x00,0x0f,0x02,0x00,0x69,0x0f,
    0xc0,0x04,0x0f,0x35,0x98,0x8b,0x57,0x60,0x02,0x02,0xa6,0x08,0x0f,0xb0,0x00,0x4f,
    0x04,0xb8,0x22,0x0f,0xd2,0x06,0x0b,0x0f,0x20,0x07,0x0d,0x0f,0x60,0x02,0x13,0x02,
    0xc0,0x0b,0x0f,0xd4,0x00,0x0d,0x02,0x80,0x09,0x02,0xcc,0x2c,0x01,0x2e,0x05,0x03,
    0x28,0x1f,0x0f,0x02,0x00,0x03,0x0f,0x60,0x02,0x05,0x0f,0x80,0x0a,0x0d,0x0e,0x02,
    0x00,0x02,0x08,0x08,0x6b,0xfb,0x9b,0x7c,0xac,0xfc,0xac,0x1a,0x07,0x02,0x02,0x00,
    0x0b,0x60,0x02,0x0e,0x42,0x00,0x0f,0x02,0x00,0x6b,0x11,0x56,0x80,0x2f,0x04,0x3e,
    0x0e,0x0a,0x40,0x0e,0x91,0x78,0x8b,0x78,0x8b,0x98,0x8b,0x98,0x8b,0x99,0xa6,0x57,
    0x03,0x0a,0x3d,0x01,0x44,0x55,0x0f,0xb4,0x00,0x11,0x03,0x16,0x0c,0x12,0xb4,0x1e,
    0x91,0x0f,0x96,0x02,0x41,0x2f,0xb9,0x93,0xc0,0x04,0x0d,0x0c,0xe6,0x04,0x1b,0x1c,
    0x26,0x13,0x01,0x08,0x02,0x12,0x8b,0x0a,0x05,0x0f,0x56,0x9f,0x0f,0x09,0x60,0x02,
    0x05,0xc8,0x1c,0x0f,0x02,0x00,0x03,0x05,0x20,0x07,0x09,0xc0,0x04,0x0f,0x9a,0x02,
    0x0f,0x0e,0x02,0x00,0x02,0xae,0x80,0x1f,0xdb,0x1c,0x07,0x01,0x0f,0x20,0x07,0x00,
    0x0e,0x40,0x00,0x0f,0x02,0x00,0x6d,0x0f,0x80,0x09,0x0d,0x31,0x98,0x8b,0x99,0x02,
    0x00,0x08,0x60,0x02,0x0f,0x72,0x0b,0x01,0x0a,0x02,0x00,0x31,0xba,0x93,0xfb,0x52,
    0x06,0x01,0x04,0x4b,0x03,0x96,0x38,0x0f,0x98,0x02,0x13,0x0f,0x02,0x00,0x19,0x02,
    0x3c,0x0c,0x05,0x80,0x09,0x1e,0xb5,0x3c,0x00,0x02,0x3c,0x02,0x04,0x46,0x07,0x0c,
    0x60,0x02,0x01,0x20,0x0e,0x05,0x60,0x02,0x0f,0xc6,0x3d,0x11,0x04,0x20,0x07,0x06,
    0xc8,0x1c,0x0f,0x02,0x00,0x07,0x01,0x80,0x09,0x0f,0x60,0x02,0x00,0x0f,0x3e,0x01,
    0x0f,0x0c,0x02,0x00,0x4f,0x3b,0xa5,0x3b,0xad,0x60,0x02,0x11,0x0c,0x38,0x00,0x0f,
    0x02,0x00,0x73,0x0f,0xc0,0x04,0x0f,0x64,0x99,0x8b,0x99,0x8b,0xb9,0x93,0x20,0x07,
    0x0f,0x22,0x01,0x0f,0x01,0x36,0x5a,0x0d,0x60,0x02,0x0f,0x54,0x1a,0x0d,0x0f,0x02,
    0x00,0x23,0x02,0x40,0x25,0x02,0xf2,0x01,0x0f,0x42,0x00,0x01,0x08,0x46,0x07,0x02,
    0x60,0x02,0x04,0x80,0x1c,0x02,0x46,0x21,0x07,0xe0,0x8a,0x01,0x80,0x88,0x02,0x18,
    0x00,0x0f,0x02,0x00,0x09,0x04,0x6e,0x00,0x0f,0xf4,0x25,0x11,0x0f,0x60,0x02,0x03,
    0x0f,0x5c,0x17,0x1b,0x02,0x5e,0x02,0x0f,0x60,0x02,0x0f,0x0f,0xb4,0x00,0x09,0x0f,
    0x02,0x00,0x6b,0x0f,0x20,0x07,0x0d,0x02,0x02,0x00,0x22,0xda,0x93,0x20,0x07,0x0f,
    0x10,0x59,0x0d,0x11,0x77,0x50,0x07,0x0e,0xc0,0x04,0x0f,0x98,0x02,0x0f,0x0f,0x02,
    0x00,0x43,0x1b,0xfa,0xc0,0x04,0x08,0x60,0x02,0x2c,0x00,0x00,0x60,0x02,0x0f,0xf4,
    0x09,0x0b,0x0f,0x02,0x00,0x21,0x04,0x1c,0x59,0x04,0x20,0x07,0x0c,0x02,0x11,0x0f,
    0x02,0x00,0x0b,0x2f,0x3b,0xa5,0x60,0x02,0x13,0x0f,0x46,0x00,0x0b,0x0f,0x02,0x00,
    0x6d,0x04,0x62,0x02,0x08,0xc0,0x17,0x06,0x80,0x09,0x04,0x02,0x00,0x32,0xb9,0x93,
    0xbb,0x4a,0x35,0x0f,0xd0,0x30,0x0a,0x02,0x7a,0x31,0x0f,0x60,0x02,0x03,0x0f,0x08,
    0x01,0x0d,0x02,0x64,0xdd,0x0f,0x70,0x0d,0x27,0x0f,0x02,0x00,0x01,0x06,0x46,0x07,
    0x0e,0xc0,0x04,0x06,0xc8,0x1a,0x02,0x76,0x00,0x0a,0x46,0x2d,0x0f,0x02,0x00,0x37,
    0x08,0x1a,0x0c,0x0f,0x60,0x02,0x17,0x01,0x5c,0x02,0x0f,0x60,0x02,0x12,0x0f,0xaa,
    0x00,0x37,0x0f,0x02,0x00,0x45,0x02,0x62,0x02,0x0f,0x60,0x02,0x0c,0x5f,0x8b,0xda,
    0x93,0xdb,0xa4,0xc0,0x04,0x0b,0x05,0x16,0x66,0x0f,0x20,0x07,0x00,0x0f,0x60,0x02,
    0x0d,0x05,0x30,0x12,0x01,0xaa,0x06,0x0f,0x70,0x0d,0x21,0x0f,0x02,0x00,0x03,0x02,
    0x9a,0x0b,0x0f,0x60,0x02,0x03,0x04,0xc8,0x1a,0x06,0x60,0x02,0x0c,0x60,0xf5,0x01,
    0xc6,0xf0,0x09,0x6a,0x40,0x0f,0x02,0x00,0x25,0x01,0x5a,0x07,0x01,0x80,0x43,0x0a,
    0x44,0x05,0x0f,0x02,0x00,0x03,0x05,0x5e,0x02,0x01,0x7e,0x09,0x0f,0x20,0x07,0x09,
    0x0f,0x40,0x00,0x03,0x0f,0x02,0x00,0x7d,0x0f,0x40,0x0e,0x07,0x04,0x02,0x00,0xbd,
    0xb9,0x8b,0xb9,0x8b,0xb9,0x93,0xbb,0x9c,0x5b,0xb5,0xbb,0x36,0x34,0x02,0x02,0x00,
    0x02,0x98,0x23,0x01,0xc4,0x12,0x0f,0x60,0x02,0x04,0x0c,0x6c,0x23,0x06,0x02,0x00,
    0x01,0x10,0x0b,0x08,0x8a,0x7e,0x01,0xac,0x0e,0x0f,0x16,0x0c,0x35,0x0f,0x60,0x02,
    0x07,0x02,0x08,0x4f,0x07,0x60,0x02,0x0b,0x7e,0x10,0x02,0x60,0x02,0x01,0x9e,0x00,
    0x1f,0x93,0xee,0x2a,0x2b,0x0f,0x02,0x00,0x19,0x07,0x5e,0x02,0x0f,0x60,0x02,0x0c,
    0x0f,0x56,0x00,0x19,0x0f,0x02,0x00,0x6b,0x0f,0xc0,0x04,0x0f,0x8f,0xb9,0x8b,0xb9,
    0x93,0xba,0x93,0x9a,0xa4,0x70,0x5b,0x05,0x0f,0x60,0x02,0x29,0x16,0x36,0xf0,0x16,
    0x05,0xc0,0x04,0x1b,0x1b,0xec,0x01,0x0f,0x02,0x00,0x29,0x01,0x4e,0x00,0x0d,0x80,
    0x09,0x02,0x02,0x00,0x13,0xfa,0x40,0x16,0x01,0x34,0x05,0x01,0x64,0x04,0x02,0x18,
    0x00,0x02,0x02,0x00,0x13,0xf4,0x6e,0x10,0x02,0xcc,0x9d,0x0f,0x2c,0x1b,0x27,0x0f,
    0x02,0x00,0x17,0x09,0x5e,0x02,0x0f,0x60,0x02,0x0a,0x0f,0x54,0x00,0x17,0x0f,0x02,
    0x00,0x71,0x0f,0x20,0x07,0x0d,0x02,0x60,0x02,0x4f,0xba,0x93,0x5a,0xa4,0x90,0x35,
    0x03,0x02,0xb8,0x2a,0x0f,0xc0,0x04,0x21,0x11,0x15,0x3c,0x47,0x09,0x14,0xae,0x01,
    0xc0,0x04,0x0f,0x16,0x0c,0x11,0x02,0x62,0x09,0x0f,0x40,0x01,0x2b,0x02,0x86,0x0b,
    0x04,0x60,0x02,0x0c,0x68,0x05,0x11,0x15,0xee,0x6b,0x01,0x56,0x0a,0x1f,0xa4,0x72,
    0xd9,0x1b,0x0f,0x02,0x00,0x21,0x0b,0x5e,0x02,0x0f,0x60,0x02,0x08,0x0f,0x5e,0x00,
    0x21,0x0f,0x02,0x00,0x6b,0x02,0x60,0x28,0x04,0x02,0x00,0x06,0x00,0x13,0x01,0xa4,
    0x10,0x01,0x20,0x07,0x15,0xba,0x02,0x00,0x0c,0xaa,0x00,0x2f,0xd3,0x82,0x60,0x02,
    0x27,0x02,0xdc,0x1e,0x0f,0x60,0x02,0x1f,0x01,0xa2,0x3d,0x03,0x22,0x0e,0x0f,0xde,
    0x21,0x1b,0x0c,0x02,0x00,0x13,0x7c,0x06,0x26,0x02,0x12,0x34,0x0c,0xc8,0x07,0x11,
    0x57,0x12,0x3b,0x04,0x60,0x02,0x0f,0x6c,0x00,0x2d,0x0f,0x02,0x00,0x07,0x0d,0x5c,
    0x02,0x0f,0x60,0x02,0x08,0x0f,0x46,0x00,0x07,0x0f,0x02,0x00,0x89,0x04,0x5c,0x02,
    0x0f,0x40,0x0e,0x00,0x0b,0x60,0x02,0x0c,0x8e,0x08,0x0f,0x60,0x02,0x11,0x0f,0xba,
    0x09,0x03,0x02,0x3a,0x00,0x0f,0x60,0x02,0x03,0x0f,0x48,0x32,0x09,0x02,0x16,0x09,
    0x06,0x60,0x02,0x0f,0x28,0x18,0x2d,0x08,0xc0,0x04,0x0c,0xac,0x3f,0x03,0x96,0x05,
    0x01,0xc0,0x04,0x02,0x7e,0x0c,0x0f,0xc6,0x01,0x3f,0x01,0x26,0x14,0x0e,0x02,0x00,
    0x0f,0xe0,0x0b,0x02,0x0f,0x7e,0x00,0x3f,0x0f,0x02,0x00,0x55,0x02,0x5c,0x02,0x0f,
    0x60,0x02,0x11,0x08,0x62,0x02,0x02,0x98,0x3b,0x0f,0x40,0x0e,0x0d,0x1f,0xbb,0x52,
    0x40,0x00,0x0f,0x60,0x02,0x0d,0x0c,0x4c,0x04,0x06,0x02,0x00,0x2a,0x36,0x8b,0xc0,
    0x04,0x0f,0xe2,0x1b,0x1f,0x0c,0x02,0x00,0x01,0xa6,0x09,0x01,0x94,0x89,0x0e,0x02,
    0x08,0x0a,0xc0,0x04,0x0f,0xb6,0x34,0x03,0x04,0x7e,0x43,0x4e,0x77,0x8b,0x99,0x8b,
    0xe2,0x05,0x0f,0x02,0x00,0x0b,0x2f,0x1b,0xa5,0x60,0x02,0x17,0x0f,0x4a,0x00,0x0b,
    0x0f,0x02,0x00,0x8d,0x02,0x5e,0x02,0x0f,0x20,0x07,0x0d,0x19,0xda,0x62,0x02,0x0f,
    0x60,0x02,0x15,0x0f,0x9c,0x0f,0x01,0x0f,0xc0,0x04,0x0b,0x0f,0x60,0x02,0x05,0x03,
    0x54,0x07,0x07,0x20,0x07,0x0f,0x5c,0x64,0x37,0x0f,0x5a,0x56,0x03,0x22,0xfb,0x9b,
    0xa8,0x09,0x02,0xc0,0x04,0x0f,0x1e,0x0a,0x03,0x02,0x88,0x2b,0x02,0xbe,0x2b,0x4f,
    0x1b,0x9c,0x3b,0xa4,0x78,0x1a,0x11,0x01,0x6e,0x68,0x1f,0xa5,0x60,0x02,0x17,0x02,
    0x32,0x00,0x0f,0x02,0x00,0xa9,0x02,0x62,0x02,0x0f,0x80,0x09,0x0b,0x02,0x60,0x02,
    0x04,0x64,0x02,0x0f,0x60,0x02,0x13,0x0f,0x2c,0x02,0x01,0x04,0x3a,0x00,0x0f,0x20,
    0x07,0x05,0x0f,0x30,0x12,0x05,0x02,0xf0,0x2a,0x0a,0x20,0x07,0x0f,0x72,0x0e,0x39,
    0x0f,0x02,0x00,0x03,0x04,0xfe,0x15,0x02,0x6c,0x00,0x0e,0xec,0x01,0x0c,0x60,0x02,
    0x01,0x62,0x3e,0x0f,0x9c,0x23,0x0c,0x02,0x5c,0x02,0x0f,0x60,0x02,0x15,0x0f,0x98,
    0x00,0x03,0x0f,0x02,0x00,0x9d,0x0f,0xc0,0x04,0x15,0x02,0x02,0x00,0x06,0x26,0x02,
    0x1f,0x57,0x20,0x1a,0x08,0x0f,0x60,0x02,0x39,0x02,0xc8,0x01,0x0f,0x60,0x02,0x01,
    0x0f,0x82,0x01,0x09,0x21,0x14,0x83,0x16,0x4c,0x0f,0xd6,0x50,0x0a,0x0f,0x02,0x00,
    0x0d,0x0a,0xc0,0x04,0x0e,0xe0,0x14,0x02,0x60,0x55,0x02,0x36,0x26,0x04,0x60,0x02,
    0x0f,0x44,0x22,0x09,0x02,0x5a,0x02,0x02,0x02,0x00,0x0f,0xe0,0x0b,0x0f,0x0f,0x9e,
    0x00,0x0d,0x0f,0x02,0x00,0x97,0x13,0x98,0xa0,0x23,0x04,0x02,0x00,0x06,0xa0,0x10,
    0x02,0x02,0x00,0x02,0x5a,0x02,0x04,0x02,0x00,0x22,0xd3,0x82,0xe6,0x06,0x0f,0x60,
    0x02,0x0b,0x0f,0xfe,0x00,0x01,0x0f,0xc0,0x04,0x23,0x04,0xd0,0x36,0x0e,0xc0,0x04,
    0x0f,0x16,0x12,0x07,0x02,0xa4,0x34,0x02,0xa0,0x76,0x0f,0xf6,0x31,0x0d,0x0f,0x02,
    0x00,0x0b,0x04,0x08,0x26,0x0f,0xee,0x19,0x05,0x0c,0x60,0x02,0x02,0xf6,0x77,0x0e,
    0x54,0x00,0x02,0x56,0x02,0x06,0x02,0x00,0x0f,0x60,0x02,0x0d,0x0e,0x42,0x00,0x0f,
    0x02,0x00,0xa9,0x0f,0x20,0x07,0x15,0x02,0x02,0x00,0x2f,0x56,0x8b,0xe0,0x0b,0x0f,
    0x0f,0x0e,0x01,0x01,0x0f,0x60,0x02,0x3d,0x0f,0x26,0x05,0x03,0x04,0x38,0x47,0x08,
    0x60,0x02,0x0f,0x30,0x21,0x11,0x0f,0x02,0x00,0x07,0x02,0x80,0x09,0x0f,0x64,0x9b,
    0x05,0x02,0x5c,0x39,0x04,0xc0,0x04,0x02,0x60,0x02,0x0c,0x42,0x58,0x06,0x58,0x02,
    0x04,0x02,0x00,0x0f,0x60,0x02,0x0b,0x0f,0x8c,0x00,0x07,0x0f,0x02,0x00,0xa7,0x04,
    0xbe,0x04,0x0f,0xc0,0x04,0x0d,0x7f,0xda,0x93,0xda,0x93,0xb9,0x93,0x57,0xc0,0x04,
    0x56,0x0f,0x20,0x07,0x07,0x0f,0x60,0x02,0x19,0x0f,0xb8,0x06,0x09,0x0f,0x02,0x00,
    0x15,0x0f,0x1c,0xb6,0x05,0x0a,0x1c,0x7a,0x01,0xb0,0x09,0x07,0x0a,0xd2,0x04,0x52,
    0x02,0x0a,0x02,0x00,0x0f,0x60,0x02,0x07,0x0f,0x8e,0x00,0x15,0x0f,0x02,0x00,0x9f,
    0x04,0x62,0x02,0x0f,0x20,0x07,0x0b,0x04,0x02,0x00,0x23,0xb9,0x93,0x2a,0x12,0x0b,
    0x60,0x28,0x0f,0x18,0x09,0x07,0x0f,0xc0,0x04,0x23,0x0f,0xe0,0x0b,0x07,0x0f,0x60,
    0x02,0x5d,0x0f,0x02,0x00,0x0b,0x04,0xae,0x09,0x06,0x60,0x02,0x2f,0xba,0xc5,0x5e,
    0x02,0x05,0x0f,0x60,0x02,0x07,0x0f,0x64,0x00,0x0b,0x0f,0x02,0x00,0xad,0x02,0x62,
    0x02,0x0f,0x60,0x02,0x13,0x02,0x02,0x00,0x0f,0xa0,0x23,0x01,0x0f,0x06,0x01,0x07,
    0x02,0xba,0x09,0x0f,0x40,0x0e,0x35,0x0f,0x60,0x02,0x1d,0x0f,0x18,0x09,0x01,0x02,
    0x02,0x00,0x02,0xa6,0x61,0x01,0xc6,0x15,0x07,0xa6,0x93,0x0f,0x02,0x00,0x1f,0x06,
    0x20,0x07,0x6a,0x7b,0xb5,0x9b,0xbd,0x7b,0xbd,0xb4,0x04,0x08,0x02,0x00,0x0f,0xc0,
    0x04,0x03,0x0f,0x72,0x00,0x1f,0x0f,0x02,0x00,0x9d,0x0f,0x20,0x07,0x13,0x02,0x02,
    0x00,0x32,0xfa,0x93,0xfa,0xb8,0x29,0x07,0x80,0x2f,0x0f,0x0a,0x21,0x0b,0x0f,0x60,
    0x02,0x0d,0x0f,0x2e,0x01,0x03,0x0f,0xa0,0x10,0x05,0x01,0xae,0xcc,0x0f,0x28,0x18,
    0x02,0x02,0x14,0x0c,0x06,0xe0,0x0b,0x02,0x20,0x07,0x0e,0x18,0x09,0x04,0x02,0x00,
    0x04,0x60,0x02,0x01,0x92,0x05,0x2f,0x9b,0x3b,0x68,0x36,0x24,0x06,0x02,0x00,0x68,
    0x5b,0xad,0x5b,0xad,0x1b,0xad,0x50,0x02,0x0c,0x02,0x00,0x0f,0x60,0x02,0x01,0x06,
    0x40,0x00,0x0f,0x02,0x00,0xcb,0x0f,0xc0,0x04,0x15,0x02,0x60,0x02,0x01,0xde,0xbd,
    0x05,0xe0,0x31,0x1f,0x1c,0x72,0x33,0x0a,0x0f,0x60,0x02,0x0b,0x0f,0x16,0x0c,0x03,
    0x02,0x6c,0x10,0x0f,0x40,0x0e,0x01,0x01,0x60,0x02,0x09,0xd2,0x49,0x04,0x02,0x00,
    0x0f,0x60,0x02,0x05,0x0f,0x66,0x10,0x01,0x02,0x10,0x0c,0x02,0xaa,0x31,0x02,0x7c,
    0x7e,0x02,0x48,0x26,0x02,0x1a,0x00,0x0f,0x02,0x00,0x23,0x0f,0x5c,0x02,0x0b,0x0f,
    0x20,0x07,0x01,0x0f,0x68,0x00,0x23,0x0f,0x02,0x00,0xa5,0x04,0x40,0x21,0x02,0x02,
    0x00,0x02,0xae,0x04,0x0e,0x02,0x00,0x04,0x60,0x02,0x11,0xfb,0x86,0x92,0x0f,0xfc,
    0x11,0x0b,0x04,0x02,0x00,0x0f,0x40,0x21,0x21,0x03,0x34,0x00,0x0b,0xc0,0x17,0x0f,
    0x60,0x02,0x09,0x0c,0xa0,0x10,0x04,0xc0,0x04,0x0f,0x60,0x02,0x19,0x0f,0x42,0x2d,
    0x25,0x5f,0x1c,0xad,0x1c,0xad,0x1c,0xbe,0x04,0x0c,0x0c,0xc0,0x04,0x04,0x1e,0x01,
    0x0f,0x02,0x00,0xd7,0x15,0xb9,0x3e,0x21,0x0f,0x60,0x02,0x13,0x4f,0xfb,0x9b,0x1b,
    0x9c,0xfc,0x35,0x0f,0x02,0xaa,0x2c,0x0f,0x80,0x09,0x03,0x02,0x1e,0x00,0x0f,0x02,
    0x00,0x03,0x01,0x34,0x00,0x0f,0x60,0x02,0x18,0x02,0x54,0x07,0x0e,0x20,0x07,0x02,
    0x66,0x10,0x0e,0x64,0x00,0x0f,0xc0,0x04,0x01,0x0f,0x72,0x0e,0x21,0x11,0xfc,0x40,
    0xd2,0x0f,0x60,0x02,0x1d,0x0e,0x90,0x00,0x0f,0x02,0x00,0xd3,0x02,0xbe,0x04,0x0f,
    0x60,0x02,0x15,0x04,0x02,0x00,0x0f,0x1c,0x01,0x0f,0x0f,0x60,0x02,0x01,0x0f,0x36,
    0x00,0x0d,0x0f,0x20,0x07,0x1b,0x0f,0x60,0x02,0x1d,0x04,0xca,0x38,0x08,0x20,0x07,
    0x02,0x5a,0x15,0x0f,0x98,0x00,0x07,0x84,0xb2,0x82,0x35,0x8b,0x99,0x8b,0x1b,0x9c,
    0x4e,0x77,0x22,0xfc,0xac,0x02,0x00,0x0f,0x60,0x02,0x1d,0x0f,0x62,0x00,0x07,0x0f,
    0x02,0x00,0xcf,0x02,0x62,0x02,0x0e,0x1a,0x07,0x02,0x02,0x00,0x08,0x20,0x07,0x0a,
    0x02,0x00,0x0f,0x1a,0x01,0x0d,0x0a,0xe0,0x31,0x0f,0x02,0x23,0x11,0x1f,0x98,0xc0,
    0x04,0x02,0x0f,0x12,0x0c,0x05,0x02,0x28,0x05,0x0f,0xc0,0x04,0x17,0x01,0x22,0x39,
    0x0f,0x60,0x02,0x02,0x0f,0xd4,0x0d,0x07,0x07,0x60,0x02,0x03,0x5a,0x02,0x02,0x02,
    0x00,0x0f,0x60,0x02,0x19,0x02,0xaa,0x00,0x0f,0x02,0x00,0xe9,0x0f,0xc0,0x04,0x1f,
    0x02,0x02,0x00,0x0f,0x2c,0x07,0x13,0x0f,0x02,0x00,0x1b,0x02,0xec,0x19,0x06,0xd4,
    0x20,0x0f,0x60,0x02,0x0b,0x03,0xf4,0x04,0x13,0x9b,0x5a,0x17,0x01,0x92,0x74,0x0f,
    0x20,0x07,0x05,0x01,0xc2,0x36,0x0f,0x60,0x02,0x02,0x0f,0xb2,0x09,0x05,0x33,0x00,
    0x00,0xd3,0xc0,0x04,0x19,0xbc,0x5e,0x02,0x0f,0x60,0x02,0x15,0x0f,0xa0,0x1f,0x4f,
    0x0f,0x02,0x00,0x97,0x02,0xae,0x04,0x0e,0x02,0x00,0x0f,0xc0,0x04,0x07,0x02,0x8e,
    0x09,0x0f,0x64,0x02,0x3f,0x03,0x2c,0x02,0x0f,0x52,0x2d,0x14,0x01,0xf4,0x04,0x0f,
    0x60,0x02,0x16,0x04,0x72,0x37,0x04,0x40,0x0e,0x02,0x20,0x07,0x0f,0xac,0x1f,0x05,
    0x02,0x60,0x02,0x3b,0x5a,0x9c,0xdb,0x5e,0x02,0x0f,0x60,0x02,0x15,0x0f,0xfe,0x01,
    0x97,0x0f,0x02,0x00,0x51,0x0e,0x5c,0x02,0x0f,0x60,0x02,0x13,0x02,0x02,0x00,0x0f,
    0xa2,0x00,0x51,0x0f,0x02,0x00,0x03,0x04,0x18,0x56,0x06,0x2e,0x02,0x02,0x56,0x17,
    0x0f,0x02,0x00,0x03,0x02,0xf2,0x1a,0x0e,0x60,0x02,0x0f,0x12,0x0c,0x01,0x4e,0xfc,
    0xac,0xfc,0xac,0x5c,0x02,0x0f,0x60,0x02,0x15,0x0f,0x80,0x00,0x03,0x0f,0x02,0x00,
    0xeb,0x02,0x54,0x02,0x08,0x02,0x00,0x0f,0xc0,0x04,0x0f,0x06,0x02,0x00,0x0f,0x3c,
    0x01,0x67,0x03,0xf4,0x04,0x05,0x20,0x07,0x0f,0x8a,0x00,0x09,0x02,0x6c,0x23,0x02,
    0x00,0x13,0x06,0xc0,0x04,0x0c,0x60,0x02,0x02,0x48,0x02,0x0f,0x02,0x00,0x05,0x0f,
    0x80,0x09,0x0d,0x0f,0x80,0x00,0x09,0x0f,0x02,0x00,0xeb,0x08,0x5c,0x02,0x0f,0xc0,
    0x04,0x19,0x06,0x02,0x00,0x02,0x40,0x01,0x0a,0x3a,0x5a,0x02,0x14,0x00,0x0f,0x02,
    0x00,0x4b,0x06,0x2e,0x02,0x0f,0x68,0x00,0x0f,0x0f,0x60,0x02,0x09,0x0f,0x54,0x02,
    0x05,0x08,0x02,0x00,0x0f,0x60,0x02,0x0b,0x0f,0x80,0x00,0x0f,0x0f,0x02,0x00,0xeb,
    0x02,0x5a,0x02,0x02,0x02,0x00,0x0f,0xc0,0x04,0x19,0x06,0x02,0x00,0x01,0x00,0x36,
    0x18,0x9b,0x8c,0x6a,0x0f,0xb8,0x17,0x05,0x0f,0x02,0x00,0x65,0x03,0xba,0x2a,0x03,
    0xf2,0x04,0x04,0xc0,0x04,0x02,0x72,0xd4,0x0f,0x02,0x00,0x0f,0x0f,0x60,0x02,0x07,
    0x0f,0xd0,0x00,0x65,0x0f,0x02,0x00,0x9d,0x02,0x5e,0x02,0x0f,0x60,0x02,0x24,0x12,
    0xa4,0x6a,0x02,0x07,0x60,0x02,0x0f,0x6e,0x34,0x06,0x0f,0x02,0x00,0x69,0x06,0xf2,
    0x04,0x8f,0x7b,0xb5,0x3b,0xbd,0xdc,0xac,0xdc,0xac,0x60,0x02,0x2b,0x0f,0xcc,0x00,
    0x69,0x0f,0x02,0x00,0x9f,0x02,0x62,0x02,0x0f,0xc0,0x04,0x22,0x41,0xa4,0x1b,0xa4,
    0x3b,0x02,0x00,0x53,0x5b,0xa4,0x7b,0xac,0xdc,0x32,0x61,0x0c,0xe2,0x08,0x0f,0x02,
    0x00,0x73,0x04,0xac,0x04,0x02,0x5e,0x02,0x0f,0x60,0x02,0x29,0x0f,0xd0,0x00,0x73,
    0x0f,0x02,0x00,0x9b,0x0f,0x60,0x02,0x2d,0x08,0x02,0x00,0x0f,0xfa,0x00,0x7d,0x24,
    0xdc,0xb4,0x54,0x02,0x08,0x02,0x00,0x04,0x70,0x02,0x0f,0x02,0x00,0x0b,0x0c,0x20,
    0x07,0x0f,0xdc,0x00,0x7d,0x0f,0x02,0x00,0x99,0x02,0xc2,0x04,0x22,0xfb,0x93,0x54,
    0x15,0x08,0x02,0x00,0x02,0x06,0x07,0x0f,0x02,0x00,0x00,0x05,0xc0,0x04,0x0f,0x02,
    0x00,0x01,0x0f,0xfc,0x00,0x6d,0x25,0xdc,0xb4,0x02,0x00,0x01,0x12,0x07,0x0a,0x02,
    0x00,0x0f,0x58,0x02,0x0b,0x04,0x02,0x00,0x08,0x60,0x02,0x0f,0xd0,0x00,0x6d,0x0f,
    0x02,0x00,0xb1,0x0f,0x60,0x02,0x39,0x13,0x5b,0x02,0x00,0x0f,0x18,0x01,0x5d,0x05,
    0x56,0x02,0x06,0x02,0x00,0x0f,0x60,0x02,0x2e,0x0f,0xc4,0x00,0x5d,0x0f,0x02,0x00,
    0xc9,0x08,0xba,0x04,0x02,0x02,0x00,0x0f,0xba,0x04,0x00,0x02,0x02,0x00,0x0f,0xc0,
    0x04,0x0a,0x02,0x5e,0x02,0x03,0x02,0x00,0x12,0xac,0x02,0x00,0x0f,0x38,0x01,0x45,
    0x24,0xbc,0xb4,0x02,0x00,0x0f,0x5e,0x02,0x00,0x0f,0x60,0x02,0x2c,0x0f,0xb4,0x00,
    0x45,0x0f,0x02,0x00,0xe9,0x02,0x58,0x02,0x04,0x02,0x00,0x0f,0x60,0x02,0x2e,0x01,
    0x5c,0x02,0x08,0x02,0x00,0x4f,0x7c,0xac,0x7c,0xac,0x3e,0x47,0x2b,0x04,0x50,0x02,
    0x0c,0x02,0x00,0x0f,0x60,0x02,0x3b,0x0f,0x04,0x02,0xe9,0x0f,0x02,0x00,0x4d,0x04,
    0x5e,0x02,0x0f,0x60,0x02,0x47,0x0f,0x02,0x00,0x00,0x2f,0xb4,0x9c,0x02,0x00,0x08,
    0x0c,0x4c,0x02,0x0f,0x02,0x00,0x01,0x0f,0x60,0x02,0x37,0x0f,0x60,0x01,0x4d,0x0f,
    0x02,0x00,0xf1,0x02,0x64,0x02,0x0f,0xc0,0x04,0x45,0x0f,0x02,0x00,0x00,0x0f,0x5e,
    0x02,0x08,0x0f,0x60,0x02,0x59,0x0f,0xfc,0x01,0xf1,0x0f,0x02,0x00,0x57,0x0f,0x60,
    0x02,0xd9,0x0f,0x56,0x01,0x57,0x0f,0x02,0x00,0xfb,0x0f,0x64,0x02,0x02,0x0f,0xe0,
    0x0b,0x15,0x0f,0x80,0x09,0x04,0x0f,0x02,0x00,0x00,0x0f,0xc0,0x04,0x6a,0x0f,0xf2,
    0x01,0xfb,0x0f,0x02,0x00,0x61,0x0b,0x66,0x02,0x0f,0x60,0x02,0xb6,0x0f,0x4c,0x01,
    0x61,0x0f,0x02,0x00,0xff,0x06,0x07,0x64,0x02,0x0f,0x60,0x02,0xb2,0x0f,0xe8,0x01,
    0xff,0x06,0x0f,0x02,0x00,0x6b,0x01,0x66,0x02,0x0f,0x60,0x02,0xac,0x0f,0x42,0x01,
    0x6b,0x0f,0x02,0x00,0xff,0x12,0x0f,0x18,0x1a,0x01,0x04,0x02,0x00,0x03,0x5a,0x15,
    0x0f,0x80,0x09,0x82,0x0f,0xdc,0x01,0xff,0x12,0x0f,0x02,0x00,0x79,0x04,0x54,0x02,
    0x08,0x02,0x00,0x0f,0x60,0x02,0x81,0x0f,0x34,0x01,0x79,0x0f,0x02,0x00,0xff,0x20,
    0x08,0x5e,0x02,0x0f,0x60,0x02,0x7d,0x0f,0xce,0x01,0xff,0x20,0x0f,0x02,0x00,0x87,
    0x02,0x68,0x02,0x0f,0xc0,0x04,0x73,0x0f,0x26,0x01,0x87,0x0f,0x02,0x00,0xff,0x32,
    0x03,0x64,0x02,0x0f,0x00,0x13,0x5e,0x0f,0xbc,0x01,0xff,0x32,0x0f,0x02,0x00,0x9d,
    0x0e,0xe0,0x1e,0x0f,0x02,0x00,0x00,0x0f,0x60,0x15,0x28,0x0f,0x10,0x01,0x9d,0x0f,
    0x02,0x00,0xff,0x4c,0x0f,0x5c,0x02,0x00,0x0f,0x60,0x02,0x1e,0x0f,0xa2,0x01,0xff,
    0x4c,0x0f,0x02,0x00,0x29,0x69,0x30,0x40,0x40,0x40,0x70,0x80,0x01,0x00,0x5f,0x70,
    0x40,0x40,0x40,0x30,0x54,0x00,0x29,0x0f,0x02,0x00,0xc0,0x8f,0x40,0x50,0x80,0x80,
    0xbf,0xbf,0xdf,0xff,0x01,0x00,0x08,0x7f,0xdf,0xbf,0xbf,0x80,0x80,0x50,0x40,0xfd,
    0x00,0xc0,0x0f,0x02,0x00,0x19,0x6f,0x10,0x40,0x80,0x9f,0xbf,0xef,0x27,0x01,0x08,
    0x0d,0x02,0x00,0x6f,0xef,0xbf,0x9f,0x80,0x40,0x10,0x64,0x00,0x19,0x0f,0x02,0x00,
    0xb4,0x3f,0x10,0x50,0x80,0x2a,0x01,0x1b,0x08,0x02,0x00,0x4f,0xef,0xbf,0x80,0x50,
    0x35,0x01,0xd8,0x3f,0x30,0x70,0x9f,0x7d,0x03,0x0a,0x0f,0x02,0x00,0x13,0x3f,0xdf,
    0x9f,0x70,0xd9,0x04,0xd0,0x3f,0x20,0x60,0x9f,0x81,0x03,0x1a,0x0f,0x02,0x00,0x0b,
    0x4f,0xef,0xaf,0x60,0x20,0x71,0x03,0xb4,0x0f,0x02,0x00,0x01,0x2f,0x40,0x8f,0x58,
    0x02,0x30,0x0c,0x02,0x00,0x3f,0xdf,0x8f,0x50,0x6c,0x00,0x01,0x0f,0x02,0x00,0xad,
    0x2f,0x10,0x50,0x59,0x02,0x39,0x0a,0x02,0x00,0x3f,0xef,0x9f,0x60,0xcf,0x04,0xbc,
    0x2a,0x60,0xaf,0xe2,0x00,0x0f,0x02,0x00,0x3f,0x2f,0xaf,0x60,0x52,0x02,0xad,0x05,
    0x02,0x00,0x0f,0x5a,0x02,0x48,0x08,0x02,0x00,0x2f,0xef,0x9f,0x99,0x03,0xb1,0x2f,
    0x20,0x80,0xb4,0x04,0x40,0x0f,0x02,0x00,0x05,0x2f,0xdf,0x80,0xff,0x05,0xac,0x2f,
    0x50,0xbf,0xdb,0x00,0x05,0x0f,0x02,0x00,0x45,0x1f,0xbf,0x98,0x03,0xa7,0x1f,0x10,
    0x5b,0x02,0x59,0x06,0x02,0x00,0x2f,0xdf,0x80,0xfd,0x05,0xa2,0x26,0x20,0x9f,0xc3,
    0x00,0x0f,0x02,0x00,0x19,0x19,0xbf,0x01,0x00,0x0f,0x3a,0x00,0x19,0x06,0x02,0x00,
    0x1f,0x9f,0x97,0x03,0x9e,0x1f,0x40,0x89,0x03,0x1b,0x02,0x4f,0x0f,0x0f,0x50,0x0f,
    0x04,0x12,0x40,0x91,0x0f,0x06,0x0f,0x01,0x0f,0x02,0x00,0x10,0x1f,0xbf,0x4c,0x00,
    0x04,0x0f,0x02,0x00,0x83,0x0f,0x2e,0x01,0x17,0x4f,0xdf,0xbf,0x80,0x60,0x41,0x0f,
    0x16,0x3f,0x40,0x60,0x80,0xc7,0x10,0x0b,0x08,0x02,0x00,0x0f,0x32,0x01,0x97,0x0f,
    0x2e,0x01,0x14,0x3f,0xdf,0xaf,0x70,0x2a,0x01,0x16,0x08,0x02,0x00,0x1f,0x40,0x7f,
    0x0e,0x15,0x0f,0x32,0x01,0x93,0x0f,0x2e,0x01,0x12,0x2f,0xcf,0x8f,0x61,0x10,0x2b,
    0x48,0x10,0x50,0x8f,0xcf,0x4d,0x02,0x0f,0x02,0x00,0x04,0x0f,0x32,0x01,0x8f,0x0f,
    0x2e,0x01,0x10,0x1f,0xdf,0x2c,0x01,0x2c,0x04,0x02,0x00,0x2f,0x10,0x50,0x8f,0x0e,
    0x10,0x0f,0x32,0x01,0x8b,0x0f,0x14,0x07,0x0f,0x2f,0xbf,0x70,0xbb,0x06,0x3a,0x2f,
    0x20,0x70,0x69,0x0d,0x0e,0x0f,0x2c,0x07,0x87,0x2f,0x10,0x80,0x17,0x03,0x04,0x04,
    0x02,0x00,0x1f,0xaf,0x17,0x0f,0x41,0x1f,0x10,0x9c,0x0e,0x0e,0x0f,0x90,0x09,0x84,
    0x1f,0x60,0xf9,0x0c,0x0b,0x0f,0x2d,0x01,0x42,0x02,0x02,0x00,0x0f,0x33,0x01,0x0d,
    0x1f,0xef,0xf4,0x0b,0x80,0x1f,0x20,0x71,0x09,0x0a,0x1f,0xdf,0x87,0x03,0x3b,0x0e,
    0x02,0x00,0x2f,0x20,0x70,0xae,0x01,0x0a,0x1f,0xbf,0x8b,0x15,0x7c,0x0f,0x8b,0x03,
    0x0b,0x1f,0x9f,0xae,0x00,0x52,0x1f,0x30,0x61,0x13,0x0a,0x0f,0x95,0x03,0x7a,0x1f,
    0x40,0xdd,0x01,0x08,0x2f,0xdf,0x70,0xcf,0x0d,0x56,0x1f,0x10,0x65,0x02,0x09,0x1f,
    0xdf,0xf2,0x0b,0x76,0x24,0x10,0x8f,0xd1,0x05,0x0e,0x02,0x00,0x1f,0xbf,0x94,0x12,
    0x5c,0x0f,0x11,0x11,0x09,0x1f,0x8f,0xb9,0x01,0x56,0x0f,0x02,0x00,0x0a,0x0f,0x5d,
    0x02,0x08,0x0f,0x89,0x03,0x53,0x0a,0x02,0x00,0x1f,0x30,0xe8,0x0f,0x07,0x0f,0x63,
    0x02,0x71,0x0f,0x5d,0x02,0x08,0x0f,0xfa,0x08,0x65,0x0f,0x06,0x0a,0x08,0x0f,0x63,
    0x02,0x6e,0x1f,0x30,0x97,0x0c,0x06,0x0f,0x2e,0x01,0x65,0x0f,0x32,0x01,0x0b,0x1f,
    0xcf,0x7b,0x06,0x52,0x0f,0x02,0x00,0x06,0x1e,0x70,0xb2,0x04,0x02,0x02,0x00,0x0f,
    0x2e,0x01,0x69,0x0f,0x32,0x01,0x0b,0x12,0x70,0x21,0x00,0x0f,0x02,0x00,0x61,0x1f,
    0x10,0x8d,0x0c,0x05,0x0f,0xef,0x08,0x71,0x0f,0x11,0x0a,0x06,0x1f,0xaf,0xf7,0x05,
    0x65,0x1f,0x30,0x46,0x08,0x04,0x0f,0x57,0x05,0x71,0x5f,0x00,0x00,0x00,0x00,0x40,
    0x2c,0x04,0x04,0x1f,0xdf,0x94,0x03,0x63,0x12,0x60,0x7a,0x03,0x0c,0x02,0x00,0x1f,
    0xef,0xf1,0x02,0x68,0x0c,0x02,0x00,0x1f,0x70,0x7c,0x20,0x04,0x0f,0x20,0x0d,0x61,
    0x0f,0xb7,0x07,0x04,0x1f,0x9f,0xee,0x02,0x65,0x0f,0x02,0x00,0x02,0x0f,0xbe,0x07,
    0x05,0x1f,0x9f,0x2e,0x00,0x02,0x0f,0x02,0x00,0x48,0x1f,0x10,0xec,0x02,0x03,0x1f,
    0xcf,0x45,0x0b,0x76,0x04,0x02,0x00,0x0f,0x95,0x03,0x04,0x1f,0xcf,0xd7,0x01,0x5b,
    0x1f,0x30,0xe9,0x02,0x03,0x14,0x80,0xa6,0x00,0x0f,0x02,0x00,0x79,0x1f,0x80,0xac,
    0x00,0x02,0x1f,0xef,0xc5,0x04,0x59,0x1f,0x60,0x83,0x00,0x02,0x1f,0xbf,0x0b,0x14,
    0x3a,0x0f,0x02,0x00,0x37,0x0f,0x2a,0x07,0x03,0x0f,0xe5,0x11,0x58,0x0f,0x76,0x09,
    0x02,0x0f,0xe8,0x05,0x79,0x0c,0x02,0x00,0x0f,0xf8,0x05,0x03,0x0f,0x99,0x06,0x55,
    0x0f,0xea,0x05,0x02,0x0f,0x39,0x0b,0x6c,0x0f,0x02,0x00,0x0c,0x0f,0x87,0x0c,0x03,
    0x0f,0xf6,0x05,0x53,0x0f,0x2f,0x01,0x02,0x1f,0x8f,0xb1,0x00,0x0c,0x0f,0x02,0x00,
    0x5b,0x5a,0x18,0x58,0x80,0x60,0x40,0x1e,0x04,0x0f,0x2c,0x17,0x02,0x0f,0xcd,0x07,
    0x50,0x0f,0x19,0x07,0x02,0x1f,0xef,0x17,0x07,0x6a,0x2c,0x30,0x18,0x8e,0x01,0x11,
    0x40,0xc4,0x2f,0x37,0x70,0x40,0x08,0x19,0x00,0x1f,0x40,0x74,0x05,0x01,0x0f,0x27,
    0x07,0x4e,0x0f,0x2f,0x01,0x02,0x1f,0xbf,0x9d,0x07,0x5b,0x0a,0x02,0x00,0x5a,0x28,
    0x70,0x80,0x80,0x38,0x13,0x00,0x21,0x00,0x30,0x30,0x01,0x38,0x80,0x80,0x78,0x05,
    0x07,0x2c,0x10,0xc7,0x5b,0x0b,0x0f,0x31,0x01,0x4f,0x0f,0x2f,0x01,0x02,0x0f,0x46,
    0x08,0x6a,0x11,0x18,0x1b,0x01,0x18,0x58,0x4a,0x02,0x41,0x00,0x00,0x00,0x68,0x16,
    0x00,0x38,0x80,0x80,0x80,0xaf,0x14,0x21,0x18,0xc0,0x23,0x01,0x0a,0x02,0x00,0x0f,
    0x62,0x02,0x4a,0x0f,0x2f,0x01,0x01,0x18,0xef,0x93,0x00,0x0f,0x02,0x00,0x5f,0x11,
    0x20,0x17,0x01,0x2a,0x80,0x70,0x94,0x03,0x22,0x08,0x50,0x17,0x00,0x37,0x80,0x80,
    0x48,0x93,0x00,0x3a,0x30,0xa8,0xf7,0x2d,0x01,0x0f,0x62,0x02,0x4c,0x0f,0x2f,0x01,
    0x01,0x0f,0x18,0x07,0x5a,0x37,0x18,0x60,0x28,0xff,0x00,0x02,0x02,0x00,0x04,0x71,
    0x34,0x08,0x7b,0x03,0x03,0xa7,0x03,0x01,0x02,0x00,0x08,0x32,0x00,0x32,0x28,0x90,
    0xe7,0x25,0x01,0x08,0x02,0x00,0x0f,0xc2,0x00,0x46,0x0f,0x2f,0x01,0x01,0x0f,0x1d,
    0x11,0x5a,0x5b,0x18,0x78,0x80,0x80,0x50,0x7a,0x03,0x33,0x00,0x10,0x38,0x32,0x01,
    0x0b,0x31,0x01,0x31,0x00,0x30,0x58,0x30,0x01,0x18,0x78,0x31,0x00,0x38,0x10,0x60,
    0xd7,0x2b,0x01,0x02,0x02,0x00,0x1f,0xef,0x7f,0x05,0x43,0x0f,0x2f,0x01,0x01,0x0f,
    0xc2,0x08,0x47,0x1a,0x18,0xde,0x06,0x01,0x02,0x00,0x6e,0x78,0x80,0x80,0x80,0x80,
    0x68,0xde,0x00,0x68,0x18,0x38,0x68,0x80,0x80,0x80,0x18,0x01,0x03,0x02,0x00,0x5a,
    0x18,0x20,0x20,0x20,0x20,0x18,0x00,0x22,0x20,0x97,0x25,0x01,0x08,0x02,0x00,0x0f,
    0xc4,0x04,0x42,0x0f,0x2f,0x01,0x01,0x0f,0x18,0x11,0x47,0x4d,0x18,0x78,0x80,0x80,
    0xe4,0x1d,0x11,0x18,0x31,0x01,0x1a,0x78,0xab,0x04,0x02,0x02,0x00,0x2c,0x08,0x28,
    0x5f,0x02,0x0f,0x02,0x00,0x06,0x0f,0x88,0x12,0x00,0x0f,0x31,0x01,0x40,0x0f,0x2f,
    0x01,0x00,0x0f,0xea,0x05,0x49,0x11,0x48,0x4c,0x03,0x1a,0x48,0x1c,0x02,0x03,0x31,
    0x01,0x1f,0x68,0x0b,0x01,0x06,0x0f,0x02,0x00,0x13,0x1e,0x50,0x8a,0x09,0x0f,0x31,
    0x01,0x3e,0x0f,0x2f,0x01,0x01,0x0f,0xd2,0x01,0x16,0x0f,0x02,0x00,0x21,0x02,0x31,
    0x01,0x1b,0x58,0x3b,0x00,0x01,0xc2,0x04,0x0b,0x14,0x00,0x0f,0x02,0x00,0x1f,0x0f,
    0x5e,0x11,0x00,0x0f,0x31,0x01,0x3d,0x0e,0x05,0x0d,0x0f,0x11,0x11,0x4d,0x4e,0x28,
    0x78,0x80,0x80,0x37,0x0c,0x28,0x18,0x70,0x21,0x08,0x0f,0x02,0x00,0x25,0x0f,0x31,
    0x01,0x00,0x1f,0xaf,0x4c,0x00,0x25,0x0f,0x02,0x00,0x02,0x0e,0x2f,0x01,0x1a,0xcf,
    0x9f,0x0d,0x0f,0x02,0x00,0x40,0x1f,0x08,0xae,0x29,0x22,0x0f,0x02,0x00,0x13,0x0f,
    0x2f,0x03,0x00,0x0f,0xbb,0x06,0x39,0x0e,0xc1,0x11,0x0f,0xc0,0x02,0x3d,0x0f,0x02,
    0x00,0x4f,0x55,0x10,0x20,0x38,0x40,0x20,0xe5,0x01,0x0f,0x31,0x01,0x00,0x0f,0xa7,
    0x0c,0x37,0x0e,0x52,0x06,0x0f,0x2f,0x01,0x9f,0x21,0x00,0x38,0x42,0x06,0x23,0x80,
    0x58,0x76,0x05,0x0f,0x31,0x01,0x00,0x0f,0xee,0x07,0x35,0x18,0x30,0xac,0x08,0x01,
    0x02,0x00,0x0f,0x2f,0x01,0x89,0x3b,0x18,0x40,0x40,0x73,0x09,0x02,0x02,0x00,0x13,
    0x08,0xd7,0x0a,0x13,0x80,0x97,0x3b,0x0f,0x31,0x01,0x00,0x03,0x4b,0x01,0x0f,0x02,
    0x00,0x2c,0x1d,0x20,0x7f,0x07,0x0f,0x2f,0x01,0x8a,0x01,0x47,0x02,0x28,0x70,0x50,
    0x07,0x0d,0x02,0x02,0x00,0x02,0x8d,0x08,0x51,0x80,0x80,0x80,0x80,0x60,0xa7,0x08,
    0x0e,0x31,0x01,0x15,0xef,0xaf,0x03,0x0f,0x02,0x00,0x28,0x0e,0x57,0x00,0x1e,0xe7,
    0xb7,0x06,0x0f,0x02,0x00,0x62,0x01,0xf6,0x00,0x0c,0x02,0x00,0x03,0x80,0x0f,0x3d,
    0x80,0x80,0x78,0xa6,0x00,0x22,0x08,0x60,0x2f,0x01,0x31,0x80,0x80,0x68,0x3b,0x00,
    0x0e,0xda,0x00,0x0f,0x09,0x02,0x31,0x0d,0x1b,0x07,0x3f,0xf7,0x88,0x80,0x62,0x0b,
    0x01,0x0f,0x02,0x00,0x5d,0x2d,0x18,0x60,0xf7,0x12,0x01,0x02,0x00,0x05,0xcb,0x11,
    0x1e,0x80,0x5f,0x03,0x14,0x30,0x94,0x03,0x02,0xab,0x04,0x1d,0x10,0xa1,0x1f,0x0f,
    0x25,0x07,0x2f,0x0d,0x1b,0x07,0x24,0xf7,0x98,0x6f,0x00,0x0f,0x02,0x00,0x69,0x11,
    0x10,0xb1,0x11,0x02,0x59,0x03,0x0a,0x02,0x00,0x15,0x08,0x23,0x45,0x09,0x6a,0x0f,
    0x03,0x02,0x00,0x31,0x28,0x50,0x78,0x65,0x02,0x02,0xaf,0x03,0x0e,0x88,0x09,0x0f,
    0x04,0x19,0x2d,0x11,0x40,0xe0,0x05,0x07,0x02,0x00,0x5f,0xf7,0x98,0x80,0x80,0x80,
    0x97,0x39,0x59,0x13,0x18,0xa0,0x05,0x0a,0x02,0x00,0x03,0x77,0x03,0x1f,0x78,0x72,
    0x04,0x02,0x13,0x30,0x64,0x02,0x0d,0x92,0x03,0x01,0x02,0x00,0x35,0x10,0x20,0x20,
    0x58,0x08,0x0e,0x31,0x01,0x0f,0x34,0x00,0x03,0x0f,0x02,0x00,0x15,0x1d,0x10,0xec,
    0x05,0x02,0xd2,0x02,0x02,0xd0,0x02,0x0f,0x02,0x00,0x51,0x2e,0x20,0x78,0xaa,0x11,
    0x44,0x00,0x00,0x00,0x00,0x8c,0x04,0x0f,0xe0,0x00,0x03,0x5e,0x20,0x58,0x80,0x78,
    0x48,0xc9,0x10,0x0e,0x02,0x00,0x0d,0x10,0x02,0x0f,0xdd,0x11,0x2b,0x0d,0x25,0x2e,
    0x21,0x60,0x00,0xcf,0x02,0x0f,0xc2,0x04,0x56,0x11,0x08,0x3f,0x03,0x0f,0x04,0x0d,
    0x00,0x11,0x10,0x19,0x00,0x3e,0x80,0x80,0x78,0x04,0x01,0x01,0x02,0x00,0x0f,0x2d,
    0x01,0x11,0x01,0x78,0x01,0x07,0x3c,0x03,0x01,0x02,0x00,0x12,0xbf,0x18,0x00,0x0f,
    0x02,0x00,0x22,0x0d,0x85,0x1a,0x32,0x8f,0x00,0x00,0x86,0x13,0x0f,0xc2,0x00,0x00,
    0x0f,0x02,0x00,0x43,0x02,0xd5,0x06,0x0f,0xf4,0x16,0x00,0x69,0x08,0x30,0x48,0x60,
    0x60,0x78,0x70,0x16,0x0f,0x02,0x00,0x22,0x0d,0xe4,0x00,0x0f,0xe8,0x0b,0x27,0x11,
    0x30,0x71,0x01,0x07,0x02,0x00,0x15,0xaf,0x3a,0x04,0x0f,0x18,0x05,0x2d,0x0f,0x02,
    0x00,0x18,0x5f,0x40,0x80,0x80,0x80,0x78,0x2f,0x02,0x15,0x0f,0x02,0x00,0x20,0x0d,
    0x01,0x08,0x0f,0xe3,0x03,0x03,0x0f,0x02,0x00,0x0f,0x0d,0x6f,0x07,0x11,0xe7,0xa3,
    0x07,0x11,0x70,0x92,0x03,0x0f,0x53,0x08,0x58,0x2c,0x18,0x58,0xff,0x19,0x0f,0x02,
    0x00,0x3a,0x0d,0x87,0x09,0x1f,0xdf,0x9d,0x01,0x24,0x0c,0x79,0x01,0x21,0xef,0x68,
    0x88,0x03,0x02,0x9b,0x06,0x0c,0xf3,0x1b,0x0f,0x02,0x00,0xa5,0x4c,0x20,0x48,0x60,
    0x60,0x36,0x1a,0x0f,0xdc,0x11,0x23,0x17,0x50,0x89,0x03,0x01,0x02,0x00,0x22,0x40,
    0x18,0xd1,0x1b,0x01,0xc2,0x04,0x02,0xc1,0x04,0x0f,0x8a,0x01,0x24,0x0f,0x02,0x00,
    0x5f,0x0f,0xa9,0x00,0x05,0x01,0xbf,0x1c,0x11,0xa0,0xdf,0x00,0x07,0x02,0x00,0x0f,
    0x2f,0x05,0x00,0x0f,0x02,0x00,0x0e,0x0d,0x4b,0x08,0x21,0xb0,0x08,0xc5,0x07,0x12,
    0x38,0xba,0x0e,0x01,0x52,0x08,0x1f,0x08,0x6f,0x05,0x2f,0x0f,0x02,0x00,0x51,0x5f,
    0x08,0x38,0x68,0x80,0x70,0x5f,0x08,0x04,0x01,0x5e,0x04,0x17,0xb8,0x2c,0x01,0x0f,
    0x55,0x08,0x25,0x0c,0xfc,0x2c,0x32,0xd7,0x80,0x40,0x8b,0x03,0x11,0x30,0x47,0x17,
    0x01,0x30,0x01,0x1f,0x28,0xba,0x06,0x02,0x0f,0x02,0x00,0x7d,0x04,0x69,0x0f,0x21,
    0x68,0x30,0x37,0x0e,0x0a,0x02,0x00,0x02,0x6b,0x21,0x0c,0x66,0x1b,0x0f,0x92,0x03,
    0x1f,0x0c,0x8e,0x03,0x43,0xef,0x88,0x80,0x70,0x26,0x0a,0x42,0x18,0x00,0x10,0x68,
    0x30,0x01,0x1f,0x40,0xc9,0x04,0x92,0x11,0x10,0xa1,0x06,0x01,0xad,0x09,0x0f,0x36,
    0x3e,0x00,0x6c,0x38,0x78,0x80,0x80,0x80,0x88,0x98,0x0b,0x0f,0x92,0x03,0x1d,0x0d,
    0x8e,0x03,0x11,0x98,0x06,0x0d,0x01,0xef,0x03,0x51,0x70,0x08,0x00,0x00,0x30,0x75,
    0x07,0x0f,0xeb,0x07,0x4d,0x0f,0x02,0x00,0x17,0x4f,0x08,0x38,0x40,0x30,0x1c,0x0d,
    0x02,0x01,0x94,0x0a,0x02,0x2e,0x01,0x01,0x32,0x01,0x0e,0xc9,0x04,0x01,0x8b,0x0e,
    0x12,0x98,0x89,0x03,0x05,0x02,0x00,0x0f,0xe7,0x0b,0x1d,0x0c,0x73,0x36,0x22,0x88,
    0x48,0x7c,0x0c,0x01,0xbf,0x02,0x05,0xb6,0x19,0x01,0x0e,0x00,0x0f,0x8b,0x01,0x1d,
    0x0f,0x02,0x00,0x42,0x02,0x1f,0x0d,0x2e,0x60,0x38,0x0f,0x01,0x01,0xee,0x31,0x11,
    0x50,0xa7,0x04,0x12,0x80,0xc4,0x00,0x0d,0x02,0x00,0x4c,0x10,0x40,0x68,0x80,0x8c,
    0x22,0x0f,0xaa,0x10,0x1b,0x0c,0x57,0x0d,0x11,0xbf,0x84,0x26,0x14,0x58,0xfa,0x22,
    0x04,0x4d,0x08,0x02,0xe4,0x15,0x0f,0xa4,0x00,0x03,0x0f,0x02,0x00,0x5b,0x03,0x1e,
    0x0d,0x0f,0x6c,0x0e,0x03,0x61,0x00,0x00,0x00,0x00,0x18,0x40,0x85,0x0f,0x0f,0xed,
    0x1d,0x02,0x4d,0x00,0x00,0x00,0x08,0xe5,0x2a,0x01,0x41,0x03,0x0f,0x02,0x00,0x15,
    0x0b,0x2e,0x2e,0x02,0x79,0x14,0x24,0x10,0x18,0x33,0x1d,0x04,0x6f,0x0b,0x01,0x00,
    0x06,0x0f,0xf6,0x1a,0x00,0x0f,0x02,0x00,0x45,0x7f,0x10,0x50,0x70,0x80,0x78,0x58,
    0x18,0x5f,0x00,0x00,0x01,0xea,0x02,0x01,0x71,0x03,0x0f,0x1e,0x00,0x01,0x02,0x02,
    0x00,0x3f,0x08,0x28,0x40,0x3c,0x00,0x02,0x02,0x02,0x00,0x0c,0x47,0x16,0x12,0xcf,
    0x17,0x00,0x0f,0x02,0x00,0x12,0x0c,0xf5,0x12,0x08,0xfe,0x0c,0x01,0x8c,0x26,0x01,
    0xee,0x05,0x22,0x00,0x00,0x7d,0x0f,0x08,0x1e,0x00,0x0f,0x02,0x00,0x4a,0x12,0x28,
    0x13,0x01,0x01,0x66,0x0c,0x0c,0x02,0x00,0x12,0x20,0x92,0x03,0x0f,0x1f,0x04,0x28,
    0x0c,0xd6,0x19,0x0f,0x48,0x0e,0x17,0x0c,0xed,0x05,0x0a,0x5e,0x07,0x01,0xaa,0x13,
    0x21,0x30,0x00,0x86,0x03,0x01,0xbb,0x0a,0x0f,0x1b,0x3d,0x57,0x22,0x10,0x48,0x78,
    0x03,0x0f,0xda,0x05,0x02,0x02,0x1d,0x00,0x0f,0x47,0x03,0x1a,0x0a,0x02,0x00,0x0b,
    0x42,0x09,0x0f,0xf3,0x05,0x17,0x0b,0x09,0x0d,0x02,0x8e,0x03,0x51,0x00,0x00,0x00,
    0x60,0x50,0xa9,0x00,0x85,0x68,0x80,0x80,0x80,0x78,0x08,0x30,0x50,0xf9,0x28,0x02,
    0xad,0x14,0x0f,0x02,0x00,0x53,0x01,0x0c,0x14,0x0f,0x42,0x21,0x05,0x2f,0x28,0x50,
    0x8e,0x03,0x07,0x0f,0x02,0x00,0x0f,0x0c,0x27,0x02,0x0f,0xf3,0x05,0x15,0x0c,0x97,
    0x10,0x11,0xb0,0x4b,0x02,0x02,0xa4,0x13,0xd4,0x50,0x08,0x00,0x00,0x08,0x68,0x80,
    0x80,0x80,0x40,0x08,0x78,0x50,0x1f,0x0b,0x0f,0xd4,0x01,0x16,0x2f,0x40,0x8f,0xd5,
    0x57,0x27,0x0f,0x02,0x00,0x04,0x2f,0xdf,0xbf,0x9f,0x03,0x02,0x0f,0x02,0x00,0x22,
    0x0c,0x87,0x04,0x0e,0x01,0x18,0x0f,0x02,0x00,0x02,0x0b,0x25,0x14,0x12,0xdf,0x9c,
    0x0a,0x02,0x30,0x01,0x01,0x50,0x05,0x93,0x08,0x68,0x80,0x80,0x78,0x08,0x48,0x80,
    0x50,0x53,0x04,0x0f,0x52,0x08,0x13,0x0f,0x6f,0x4e,0x47,0x14,0xcf,0x4f,0x05,0x0f,
    0x02,0x00,0x2d,0x0b,0xfa,0x00,0x1f,0xbf,0x50,0x00,0x12,0x0c,0x4c,0x08,0x15,0x98,
    0x30,0x04,0x02,0x53,0x05,0x12,0x30,0x31,0x01,0x21,0x38,0x10,0x59,0x02,0x17,0x58,
    0xfe,0x05,0x0f,0x02,0x00,0x0a,0x0f,0x64,0x31,0x03,0x0f,0x02,0x00,0x34,0x0f,0x73,
    0x39,0x1f,0x14,0x18,0x35,0x03,0x08,0x02,0x00,0x1b,0x20,0x8f,0x00,0x0f,0x39,0x03,
    0x12,0x0b,0x65,0x1a,0x16,0xc0,0x11,0x01,0x03,0xb5,0x07,0x11,0x30,0xf6,0x14,0x61,
    0x68,0x00,0x50,0x80,0x80,0x20,0x9d,0x03,0x04,0xc0,0x0a,0x0f,0x3d,0x04,0x08,0x1b,
    0x10,0xa2,0x08,0x0f,0x02,0x00,0x3e,0x0f,0x6d,0x04,0x15,0x02,0x02,0x00,0x26,0x08,
    0x50,0x1a,0x20,0x08,0x02,0x00,0x0b,0x6d,0x15,0x18,0xdf,0x1c,0x00,0x0f,0x02,0x00,
    0x04,0x0b,0x57,0x07,0x26,0xef,0x88,0x1e,0x14,0x02,0x6f,0x09,0x01,0x31,0x01,0x51,
    0x00,0x38,0x78,0x08,0x10,0x1b,0x0d,0x23,0x08,0x60,0x81,0x09,0x2f,0x28,0x70,0x9b,
    0x25,0x07,0x0e,0x88,0x19,0x0f,0x02,0x00,0x3e,0x0f,0x6c,0x1d,0x1a,0x01,0xbc,0x0a,
    0x2d,0x80,0x78,0x1f,0x06,0x0c,0x23,0x15,0x0f,0xe9,0x03,0x10,0x0b,0x5f,0x02,0x11,
    0xa8,0xf4,0x08,0x03,0xa2,0x04,0x02,0xce,0x07,0x02,0x11,0x07,0x41,0x08,0x08,0x00,
    0x40,0x92,0x03,0x13,0x00,0xb9,0x0d,0x1f,0x70,0xbb,0x0a,0x07,0x08,0x2f,0x01,0x09,
    0xcf,0x51,0x0f,0x02,0x00,0x2e,0x07,0xb7,0x02,0x0f,0x31,0x01,0x18,0x06,0x82,0x0f,
    0x1b,0x60,0x14,0x03,0x0b,0x67,0x10,0x0f,0x61,0x02,0x0f,0x0b,0x5f,0x02,0x11,0xdf,
    0x2f,0x01,0x04,0x86,0x19,0x01,0x7b,0x09,0x03,0xf5,0x05,0x03,0xbd,0x19,0x06,0x07,
    0x04,0x01,0x5e,0x0b,0x0f,0x32,0x11,0x00,0x07,0xa9,0x07,0x2f,0xef,0x8f,0x73,0x06,
    0x14,0x0f,0x02,0x00,0x18,0x15,0x50,0xfe,0x08,0x0a,0x9f,0x05,0x6f,0x20,0x50,0x70,
    0x80,0x80,0x68,0x91,0x10,0x00,0x0a,0x82,0x0f,0x03,0xda,0x00,0x05,0x02,0x00,0x0b,
    0xf3,0x05,0x0f,0x61,0x02,0x0e,0x0b,0x5f,0x02,0x01,0x9e,0x1d,0x14,0x80,0xf2,0x05,
    0x01,0x9f,0x10,0x06,0x81,0x20,0x25,0x00,0x30,0x7a,0x02,0x04,0xec,0x0b,0x04,0x5a,
    0x0e,0x09,0x02,0x00,0x04,0x84,0x00,0x0f,0x2e,0x43,0x44,0x05,0xfb,0x0d,0x17,0x80,
    0x76,0x00,0x14,0x10,0x0c,0x03,0x0c,0x04,0x2b,0x01,0x02,0x00,0x02,0x76,0x1a,0x01,
    0x02,0x00,0x0b,0xc2,0x01,0x0b,0x4d,0x09,0x0f,0x61,0x02,0x0d,0x0b,0x5f,0x02,0x11,
    0xcf,0x53,0x00,0x06,0x69,0x03,0x02,0x22,0x07,0x24,0x80,0x80,0x58,0x15,0x17,0x60,
    0x61,0x02,0x01,0xa1,0x00,0x0f,0x4a,0x0a,0x01,0x03,0x54,0x00,0x0f,0x1f,0x2c,0x42,
    0x73,0x30,0x58,0x60,0x60,0x50,0x30,0x88,0x0e,0x05,0x01,0x4f,0x0b,0x03,0x02,0x00,
    0x01,0xb8,0x0d,0x07,0xdc,0x01,0x0b,0x02,0x00,0x23,0x18,0x48,0xb3,0x10,0x0c,0xe2,
    0x01,0x05,0xaf,0x02,0x02,0x02,0x00,0x0f,0x61,0x02,0x0c,0x0b,0x5f,0x02,0x12,0x90,
    0x73,0x00,0x05,0x47,0x02,0x04,0xf2,0x05,0x02,0x71,0x02,0x46,0x58,0x18,0x08,0x78,
    0xe4,0x05,0x02,0x4c,0x01,0x0e,0x91,0x03,0x03,0x37,0x0b,0x0f,0xf0,0x2a,0x43,0x02,
    0x3c,0x15,0x13,0x78,0x82,0x17,0x09,0x92,0x03,0x11,0x30,0xc1,0x01,0x05,0x8e,0x23,
    0x0e,0x02,0x00,0x58,0x10,0x30,0x50,0x60,0x58,0x63,0x01,0x01,0x02,0x00,0x0b,0x78,
    0x0f,0x0f,0x61,0x02,0x0b,0x03,0x0b,0x02,0x04,0x02,0x00,0x11,0xc0,0x70,0x00,0x26,
    0x80,0x80,0x33,0x08,0x04,0xc2,0x04,0x96,0x80,0x70,0x00,0x00,0x00,0x58,0x78,0x18,
    0x20,0x61,0x02,0x02,0x6e,0x08,0x0d,0x80,0x00,0x04,0x42,0x1e,0x03,0x33,0x06,0x0f,
    0x02,0x00,0x3d,0x12,0x10,0xa7,0x01,0x03,0x7c,0x36,0x09,0x7e,0x00,0x12,0x10,0x5c,
    0x22,0x1f,0x70,0x46,0x09,0x12,0x06,0x02,0x00,0x0b,0x54,0x08,0x0f,0x61,0x02,0x0a,
    0x0a,0x5f,0x02,0x11,0xf7,0x4c,0x08,0x01,0x02,0x00,0x04,0x74,0x00,0x02,0xa0,0x1f,
    0x03,0xa2,0x03,0x91,0x38,0x80,0x78,0x18,0x38,0x80,0x50,0x00,0x00,0xa5,0x32,0x02,
    0x75,0x06,0x0c,0xdf,0x02,0x04,0x1c,0x12,0x0a,0xb4,0x0f,0x0f,0x02,0x00,0x39,0x01,
    0x52,0x0e,0x03,0x51,0x16,0x1b,0x8f,0x59,0x00,0x36,0x18,0x20,0x20,0x91,0x06,0x0f,
    0x02,0x00,0x14,0x03,0x10,0x03,0x04,0x02,0x00,0x0f,0x61,0x02,0x09,0x0b,0xdb,0x0b,
    0x12,0xb8,0x1a,0x01,0x09,0x83,0x10,0x02,0x23,0x14,0x01,0x72,0x0f,0xb1,0x00,0x10,
    0x80,0x80,0x78,0x18,0x50,0x80,0x10,0x00,0x58,0xb7,0x04,0x01,0xea,0x01,0x04,0x59,
    0x01,0x05,0x02,0x00,0x03,0x34,0x0b,0x09,0xfa,0x01,0x0f,0x02,0x00,0x3c,0x51,0x10,
    0x20,0x20,0x20,0x70,0xe0,0x00,0x0f,0xdd,0x00,0x09,0x0f,0x02,0x00,0x16,0x0b,0x61,
    0x02,0x0f,0x19,0x03,0x08,0x04,0xc9,0x06,0x02,0x02,0x00,0x21,0xef,0x10,0xbb,0x01,
    0x0b,0x78,0x39,0x02,0xc3,0x11,0x02,0xe9,0x18,0x91,0x60,0x80,0x80,0x78,0x08,0x50,
    0x50,0x00,0x40,0xc6,0x04,0x01,0xdd,0x04,0x0d,0x30,0x01,0x02,0xc9,0x00,0x0f,0x7f,
    0x0b,0x1b,0x0f,0x02,0x00,0x21,0x02,0x1b,0x03,0x0b,0xee,0x06,0x0f,0x02,0x00,0x22,
    0x0b,0x61,0x02,0x09,0x15,0x05,0x09,0x02,0x00,0x03,0x0b,0x02,0x04,0x02,0x00,0x99,
    0x80,0x00,0x00,0x00,0x10,0x30,0x40,0x40,0x40,0x88,0x1a,0x01,0x7e,0x1c,0x03,0xc2,
    0x04,0x92,0x30,0x80,0x80,0x80,0x68,0x00,0x50,0x18,0x20,0x02,0x0c,0x12,0x60,0xa7,
    0x03,0x0a,0x02,0x00,0x02,0x70,0x06,0x0f,0xa5,0x01,0x08,0x0f,0x02,0x00,0x34,0x02,
    0x72,0x18,0x0f,0x6e,0x04,0x0a,0x0f,0x02,0x00,0x15,0x0b,0x61,0x02,0x0f,0x84,0x01,
    0x06,0x02,0xdb,0x00,0x04,0x02,0x00,0x0f,0x30,0x13,0x05,0x02,0x93,0x06,0x02,0x25,
    0x0d,0x11,0x70,0x5b,0x08,0x22,0x10,0x08,0x41,0x07,0x1f,0x10,0x93,0x31,0x01,0x02,
    0xb4,0x02,0x0f,0x46,0x04,0x1e,0x0f,0x02,0x00,0x1e,0x02,0x9a,0x0b,0x08,0x83,0x09,
    0x0f,0x02,0x00,0x26,0x0b,0x61,0x02,0x0f,0x1c,0x03,0x05,0x0b,0x27,0x00,0x9b,0x8f,
    0x00,0x08,0x30,0x58,0x60,0x60,0x60,0x40,0x33,0x0c,0x02,0xb6,0x1d,0x02,0x4b,0x02,
    0x01,0xe5,0x08,0x42,0x28,0x00,0x00,0x68,0xda,0x0b,0x16,0x30,0x20,0x07,0x14,0x10,
    0x45,0x14,0x02,0xb2,0x0c,0x0f,0xbc,0x00,0x26,0x0f,0x02,0x00,0x16,0x02,0x7c,0x05,
    0x0c,0xf1,0x05,0x0f,0x02,0x00,0x14,0x38,0x28,0x70,0x60,0x46,0x02,0x0b,0x61,0x02,
    0x0f,0xed,0x01,0x04,0x02,0x6a,0x04,0x05,0x02,0x00,0x24,0x20,0x28,0xc1,0x08,0x0c,
    0x15,0x69,0x01,0x26,0x01,0x02,0xb6,0x10,0x12,0x70,0xfa,0x05,0x13,0x50,0x28,0x0b,
    0x15,0x30,0x5f,0x0c,0x11,0x60,0xd3,0x04,0x31,0x00,0x00,0x00,0x50,0x00,0x0f,0x3d,
    0x18,0x19,0x0f,0x02,0x00,0x24,0x11,0x10,0x69,0x00,0x0f,0x6d,0x04,0x07,0x6f,0x00,
    0x00,0x10,0x38,0x40,0x40,0x71,0x1b,0x03,0x01,0xdd,0x35,0x07,0x71,0x39,0x0b,0x99,
    0x04,0x0f,0xa1,0x18,0x04,0x02,0x32,0x05,0x04,0x02,0x00,0x13,0x9f,0x16,0x01,0x01,
    0x02,0x00,0x0b,0x51,0x24,0x02,0x93,0x03,0x12,0x60,0x12,0x0d,0x52,0x80,0x80,0x48,
    0x00,0x28,0x0e,0x00,0x06,0xe4,0x2d,0x12,0x20,0x9b,0x22,0x04,0x30,0x01,0x0f,0xc7,
    0x00,0x09,0x0f,0x02,0x00,0x35,0x01,0xb9,0x00,0x12,0xbf,0x17,0x01,0x0f,0x8e,0x07,
    0x01,0x02,0x20,0x0a,0x0e,0xa1,0x3b,0x04,0x9b,0x0c,0x35,0x80,0x80,0x78,0x81,0x41,
    0x0a,0x9a,0x04,0x0f,0x76,0x07,0x03,0x02,0xd1,0x02,0x05,0x02,0x00,0x14,0x40,0x5e,
    0x02,0x01,0x02,0x00,0x0b,0x59,0x2b,0x24,0x18,0x68,0x16,0x13,0x01,0x45,0x08,0x28,
    0x20,0x08,0x73,0x08,0x05,0x9d,0x00,0x01,0x93,0x03,0x01,0x51,0x00,0x0f,0x30,0x01,
    0x59,0x01,0xac,0x11,0x0e,0x7e,0x2f,0x01,0xf6,0x21,0x01,0x16,0x01,0x0c,0x60,0x04,
    0x03,0xae,0x00,0x01,0x3c,0x0d,0x02,0xbe,0x00,0x0c,0x61,0x02,0x0d,0xf5,0x07,0x0e,
    0x54,0x01,0x15,0xbf,0xca,0x0b,0x03,0x02,0x00,0x08,0xe0,0x03,0x52,0x00,0x00,0x00,
    0x40,0x78,0xa7,0x16,0x01,0xa6,0x0a,0x3b,0x60,0x00,0x58,0xaa,0x0a,0x01,0x47,0x01,
    0x01,0x9d,0x03,0x0f,0x30,0x01,0x5e,0x03,0x19,0x0e,0x1d,0x68,0x17,0x01,0x02,0x16,
    0x03,0x0f,0x68,0x2e,0x02,0x01,0x91,0x03,0x06,0xe9,0x13,0x04,0xa6,0x06,0x04,0x02,
    0x00,0x0f,0xf2,0x05,0x01,0x0b,0xee,0x05,0x01,0xf1,0x00,0x09,0x02,0x00,0x0b,0x31,
    0x01,0x21,0x08,0x38,0x3f,0x02,0x02,0xe7,0x02,0x2b,0x28,0x30,0x6b,0x0f,0x02,0x3f,
    0x00,0x1f,0x30,0x90,0x03,0x61,0x4f,0x00,0x00,0x10,0x38,0xda,0x08,0x02,0x22,0x00,
    0x08,0x21,0x0d,0x1f,0x58,0xc0,0x05,0x00,0x13,0x10,0x4f,0x03,0x02,0xd7,0x26,0x04,
    0x6e,0x07,0x05,0x02,0x00,0x0f,0x32,0x00,0x00,0x0a,0x3b,0x0e,0x11,0xdf,0x7d,0x0a,
    0x0a,0x02,0x00,0x0d,0xb1,0x01,0x02,0x02,0x00,0x62,0x60,0x80,0x80,0x80,0x70,0x08,
    0x60,0x08,0x05,0x02,0x00,0x02,0x30,0x01,0x1f,0x58,0x30,0x01,0x63,0x4f,0x00,0x00,
    0x00,0x08,0x5b,0x1b,0x04,0x0d,0x00,0x3f,0x06,0x02,0x00,0x37,0x28,0x50,0x78,0xf3,
    0x05,0x0a,0xcd,0x05,0x0f,0xd7,0x09,0x00,0x02,0x28,0x09,0x04,0x02,0x00,0x15,0x80,
    0xf8,0x0c,0x06,0x02,0x00,0x1e,0x70,0x7c,0x10,0x01,0xe3,0x05,0x63,0x78,0x80,0x80,
    0x80,0x28,0x50,0x9c,0x01,0x03,0x8a,0x01,0x01,0x76,0x02,0x01,0x67,0x14,0x01,0x52,
    0x00,0x0f,0xc0,0x04,0x59,0x0f,0x02,0x00,0x33,0x0a,0x53,0x08,0x0e,0xe0,0x07,0x0b,
    0xe2,0x04,0x12,0x20,0xf1,0x00,0x0a,0x02,0x00,0x08,0xf7,0x04,0x25,0x40,0x60,0xb2,
    0x08,0x61,0x18,0x80,0x80,0x80,0x60,0x20,0xaf,0x04,0x22,0x18,0x78,0xcb,0x34,0x04,
    0xa4,0x09,0x0f,0x60,0x02,0x66,0x0f,0x02,0x00,0x2e,0x0c,0x10,0x01,0x0c,0x51,0x00,
    0x0a,0x7d,0x09,0x12,0xaf,0x97,0x04,0x0c,0x02,0x00,0x03,0x3d,0x02,0x04,0xb6,0x04,
    0x13,0x60,0x71,0x02,0x61,0x30,0x80,0x80,0x80,0x18,0x60,0xaf,0x04,0x03,0x06,0x06,
    0x02,0x99,0x09,0x0f,0x30,0x01,0xa9,0x0b,0x1e,0x20,0x0d,0x83,0x09,0x02,0x87,0x0b,
    0x04,0x02,0x00,0x14,0x60,0x21,0x02,0x0a,0x02,0x00,0x04,0x0e,0x05,0x04,0xb2,0x08,
    0x04,0x84,0x06,0x51,0x30,0x80,0x80,0x50,0x20,0xf2,0x05,0x14,0x48,0x28,0x07,0x02,
    0xbe,0x09,0x0f,0x60,0x02,0x19,0x4d,0x10,0x60,0x80,0xbf,0xc9,0x71,0x3f,0x20,0x40,
    0x60,0x50,0x7a,0x15,0x01,0xbc,0x00,0x0f,0xf9,0x03,0x37,0x02,0x60,0x0d,0x04,0x02,
    0x00,0x0c,0x91,0x03,0x0a,0x7f,0x02,0x4a,0xef,0x00,0x00,0x08,0x2a,0x01,0x02,0x02,
    0x00,0x01,0x21,0x08,0x01,0x4e,0x25,0x02,0x10,0x00,0x02,0x06,0x0d,0x02,0xcc,0x14,
    0x51,0x08,0x60,0x80,0x80,0x20,0xe3,0x11,0x02,0x76,0x02,0x13,0x60,0xa2,0x09,0x01,
    0x72,0x00,0x0f,0xc7,0x00,0x10,0x12,0x8f,0x13,0x29,0x09,0x87,0x15,0x12,0x10,0x38,
    0x0a,0x1f,0xdf,0xae,0x0f,0x12,0x0f,0x69,0x00,0x07,0x06,0x17,0x03,0x0f,0x02,0x00,
    0x19,0x02,0x90,0x00,0x04,0x02,0x00,0x0b,0x02,0x0b,0x0a,0x8f,0x03,0x18,0x9f,0xb8,
    0x11,0x08,0x02,0x00,0x02,0x43,0x08,0x02,0xbf,0x0b,0x01,0x02,0x00,0x13,0x68,0x82,
    0x00,0x41,0x18,0x60,0x38,0x18,0xe4,0x0b,0x14,0x58,0xe7,0x04,0x21,0x08,0x68,0xa1,
    0x03,0x02,0x10,0x0d,0x0f,0x30,0x01,0x0e,0x15,0x10,0xe0,0x02,0x07,0xe7,0x0f,0x06,
    0x15,0x00,0x0f,0x17,0x0e,0x11,0x01,0xda,0x00,0x0f,0x69,0x00,0x02,0x34,0x70,0x70,
    0x48,0xb9,0x00,0x07,0x02,0x00,0x4f,0x08,0x20,0x28,0x30,0x4e,0x14,0x09,0x02,0xac,
    0x01,0x04,0x02,0x00,0x0b,0x91,0x03,0x05,0xaf,0x00,0x01,0x02,0x00,0x14,0x40,0xea,
    0x0c,0x0c,0x02,0x00,0x04,0x91,0x03,0x02,0x6e,0x03,0x02,0x0c,0x0d,0x05,0x83,0x00,
    0x66,0x50,0x80,0x80,0x38,0x00,0x20,0x10,0x0a,0x11,0x40,0xfc,0x05,0x01,0x51,0x00,
    0x37,0xcf,0x78,0x78,0x29,0x00,0x0e,0x02,0x00,0x01,0x1a,0x01,0x52,0x9f,0x50,0x10,
    0x40,0xcf,0xad,0x01,0x02,0x02,0x00,0x8f,0x8f,0xff,0xff,0xef,0x8f,0x80,0x80,0xcf,
    0x3a,0x4f,0x13,0x01,0x69,0x00,0x0f,0x30,0x01,0x01,0x02,0xd6,0x1a,0x1c,0x58,0x3b,
    0x0e,0x02,0x32,0x09,0x0c,0x1c,0x0f,0x01,0x3e,0x03,0x01,0x4d,0x02,0x0a,0x2a,0x1a,
    0x0a,0x91,0x03,0x0a,0x8f,0x03,0x02,0x30,0x0d,0x03,0x40,0x19,0x09,0x02,0x00,0x12,
    0x68,0x51,0x00,0x08,0xde,0x04,0x06,0x96,0x09,0x72,0x08,0x78,0x80,0x78,0x18,0x00,
    0x70,0x57,0x02,0x05,0x02,0x00,0x01,0xc7,0x00,0x17,0xdf,0x9c,0x02,0x0f,0x02,0x00,
    0x00,0x24,0x30,0xcf,0xd4,0x4f,0x17,0x20,0xed,0x08,0x13,0x60,0xba,0x01,0x2f,0x00,
    0x80,0xa7,0x4b,0x12,0x01,0x69,0x00,0x0f,0x30,0x01,0x01,0x04,0x8c,0x29,0x0c,0xa8,
    0x26,0x03,0x33,0x09,0x0c,0xc9,0x01,0x01,0x3b,0x0a,0x3b,0x70,0x40,0x08,0x83,0x09,
    0x01,0x44,0x01,0x04,0x02,0x00,0x0a,0xad,0x0a,0x02,0xfe,0x02,0x02,0x80,0x01,0x0b,
    0x02,0x00,0x03,0x31,0x00,0x07,0x1c,0x00,0x04,0xde,0x00,0x11,0x00,0xad,0x23,0x36,
    0x70,0x08,0x38,0x56,0x01,0x01,0x02,0x00,0x01,0xc7,0x00,0x1f,0xdf,0x87,0x28,0x0a,
    0x26,0x30,0xef,0xb8,0x04,0x15,0x70,0xfc,0x02,0x16,0x60,0xcf,0x12,0x1f,0x60,0xa7,
    0x4b,0x11,0x01,0x69,0x00,0x0f,0x30,0x01,0x02,0x01,0xf6,0x4a,0x15,0x68,0x1d,0x0e,
    0x05,0x02,0x00,0x03,0x26,0x03,0x08,0x27,0x09,0x06,0x79,0x41,0x22,0x78,0x28,0x82,
    0x14,0x04,0x02,0x00,0x09,0x91,0x03,0x0a,0x3d,0x07,0x03,0xfa,0x0c,0x05,0x55,0x0d,
    0x07,0x02,0x00,0x03,0x4e,0x02,0x02,0xe3,0x02,0x02,0x02,0x00,0x11,0x20,0x66,0x00,
    0x01,0x02,0x00,0x82,0x58,0x80,0x80,0x68,0x10,0x78,0x80,0x80,0xf2,0x05,0x02,0x02,
    0x00,0x01,0x70,0x00,0x01,0x27,0x1f,0x03,0x57,0x00,0x0d,0x02,0x00,0x28,0x30,0xef,
    0x34,0x5c,0x12,0x9f,0x10,0x5e,0x01,0x25,0x61,0x05,0x25,0x19,0x17,0x40,0x52,0x01,
    0x0f,0x02,0x00,0x05,0x01,0x69,0x00,0x0f,0x30,0x01,0x05,0x47,0x00,0x00,0x00,0x10,
    0xa9,0x00,0x03,0x02,0x00,0x12,0x18,0x25,0x0f,0x08,0xaf,0x00,0x02,0x58,0x04,0x01,
    0x02,0x00,0x0a,0x45,0x02,0x05,0x8c,0x00,0x05,0x6c,0x00,0x04,0x02,0x00,0x12,0xef,
    0x14,0x00,0x01,0x7b,0x23,0x0c,0x02,0x00,0x04,0x74,0x00,0x07,0x18,0x00,0x07,0xbd,
    0x06,0x6a,0x08,0x78,0x80,0x80,0x68,0x50,0x7b,0x03,0x01,0x56,0x00,0x01,0x30,0x01,
    0x09,0xa2,0x01,0x06,0x02,0x00,0x01,0x3d,0x02,0x07,0xc3,0x06,0x06,0x68,0x05,0x07,
    0x48,0x52,0x01,0x3c,0x5e,0x07,0xcb,0x02,0x0f,0x02,0x00,0x00,0x01,0x69,0x00,0x0f,
    0x30,0x01,0x08,0x0f,0x02,0x00,0x03,0x23,0x18,0x20,0x03,0x02,0x07,0x02,0x00,0x02,
    0x46,0x01,0x1b,0x80,0x49,0x59,0x07,0x21,0x00,0x0a,0xcb,0x11,0x05,0x8e,0x0f,0x01,
    0x49,0x28,0x0a,0x02,0x00,0x04,0xd8,0x00,0x05,0xf6,0x18,0x05,0x9f,0x01,0x32,0x60,
    0x50,0x08,0xa8,0x03,0x02,0xc6,0x36,0x05,0x02,0x00,0x01,0xc7,0x00,0x01,0x30,0x01,
    0x0f,0x09,0x28,0x03,0x0c,0x2f,0x01,0x06,0x2a,0x26,0x09,0x5c,0x16,0x26,0x10,0xcf,
    0x9f,0x03,0x0f,0x02,0x00,0x03,0x01,0x69,0x00,0x0f,0x30,0x01,0x1e,0x0f,0x02,0x00,
    0x02,0x03,0x2a,0x15,0x11,0xc7,0x53,0x00,0x04,0x02,0x00,0x07,0x18,0x02,0x0a,0xaa,
    0x03,0x06,0x19,0x00,0x0d,0x31,0x01,0x05,0x23,0x02,0x03,0xfb,0x03,0x01,0x02,0x00,
    0x02,0x68,0x03,0x02,0xdc,0x2e,0x02,0x47,0x0d,0x08,0x09,0x02,0x01,0x6f,0x00,0x02,
    0x30,0x01,0x08,0x17,0x00,0x04,0x02,0x00,0x1f,0x70,0xd5,0x4f,0x00,0x4d,0x10,0x60,
    0x9f,0xbf,0x99,0x6e,0x01,0x8c,0x09,0x05,0xcb,0x01,0x0f,0x02,0x00,0x00,0x01,0x69,
    0x00,0x0f,0x30,0x01,0x33,0x81,0x00,0x08,0x30,0x60,0x80,0x80,0x80,0x90,0x53,0x00,
    0x04,0x02,0x00,0x02,0xd6,0x05,0x01,0x02,0x00,0x0a,0x4e,0x08,0x01,0x13,0x00,0x02,
    0x02,0x00,0x18,0x08,0x48,0x02,0x02,0xb3,0x17,0x02,0x02,0x00,0x08,0xcf,0x0a,0x02,
    0x2f,0x27,0x03,0xb7,0x23,0x52,0x50,0x80,0x80,0x78,0x68,0x1a,0x02,0x02,0x48,0x01,
    0x01,0x6f,0x00,0x03,0x88,0x21,0x04,0xce,0x03,0x06,0x02,0x00,0x0f,0x05,0x01,0x0d,
    0x08,0x02,0x00,0x1f,0x8f,0x27,0x07,0x0b,0x01,0x69,0x00,0x0f,0x30,0x01,0x34,0x01,
    0x64,0x0a,0x12,0x18,0x3c,0x0a,0x04,0x02,0x00,0x06,0x52,0x08,0x02,0xfb,0x16,0x04,
    0x02,0x00,0x09,0xd9,0x04,0x02,0x8f,0x34,0x04,0x02,0x00,0x01,0x51,0x09,0x02,0x02,
    0x00,0x04,0xe4,0x03,0x03,0x86,0x10,0x01,0x30,0x01,0x31,0x80,0x68,0x08,0x19,0x00,
    0x12,0x30,0x28,0x00,0x02,0xc6,0x16,0x01,0x57,0x00,0x11,0xbf,0xf5,0x14,0x1d,0x80,
    0x36,0x0a,0x0f,0x2f,0x01,0x19,0x03,0xbb,0x03,0x0e,0x74,0x01,0x03,0x02,0x00,0x02,
    0x69,0x00,0x03,0x0d,0x00,0x0f,0x02,0x00,0x33,0x0a,0x07,0x07,0x04,0x8c,0x04,0x0b,
    0x2b,0x0d,0x05,0x74,0x03,0x02,0x02,0x00,0x01,0x8f,0x34,0x02,0x02,0x00,0x02,0x07,
    0x01,0x02,0x02,0x00,0x01,0x58,0x15,0x03,0x02,0x00,0x01,0x32,0x05,0x01,0x0c,0x00,
    0x11,0x48,0x5f,0x06,0x32,0x50,0x00,0x08,0xa4,0x09,0x14,0x68,0x4b,0x06,0x11,0xbf,
    0xec,0x08,0x02,0x89,0x02,0x06,0x02,0x00,0x25,0x10,0xaf,0x3d,0x08,0x0f,0x02,0x00,
    0x13,0x1f,0x50,0x27,0x07,0x09,0x0f,0x30,0x01,0x18,0x1f,0x08,0x07,0x13,0x08,0x08,
    0x02,0x00,0x0a,0xf6,0x0c,0x05,0xa8,0x04,0x0a,0xbf,0x04,0x02,0x47,0x03,0x07,0x02,
    0x00,0x47,0x08,0x38,0x58,0x78,0x0a,0x4a,0x03,0x02,0x00,0x02,0xaa,0x04,0x01,0x02,
    0x00,0x01,0x34,0x21,0x02,0xef,0x17,0x11,0x20,0x31,0x01,0x01,0x23,0x00,0x11,0x10,
    0x9c,0x1c,0x02,0xd4,0x02,0x36,0xbf,0x08,0x60,0xf8,0x0b,0x04,0x02,0x00,0x27,0x10,
    0xcf,0x9d,0x0a,0x0f,0x02,0x00,0x13,0x2f,0x30,0xef,0xb9,0x5e,0x07,0x0f,0x30,0x01,
    0x18,0x01,0x1d,0x03,0x01,0xf5,0x21,0x0f,0x02,0x00,0x0b,0x0a,0xc7,0x0b,0x05,0xc1,
    0x04,0x09,0xbf,0x04,0x1f,0xdf,0x43,0x00,0x0b,0x05,0x02,0x00,0x07,0x0c,0x06,0x01,
    0x79,0x01,0x01,0x17,0x0b,0x02,0xd4,0x17,0x03,0x33,0x03,0x02,0xf7,0x24,0x04,0xc7,
    0x00,0x29,0x20,0x68,0x8e,0x03,0x2f,0x20,0x18,0x2f,0x01,0x20,0x03,0x64,0x01,0x0b,
    0x02,0x03,0x03,0x02,0x00,0x04,0x69,0x00,0x0f,0x02,0x00,0x10,0x01,0x30,0x01,0x0c,
    0xc4,0x19,0x6a,0x10,0x38,0x58,0x60,0x58,0x38,0x8c,0x09,0x09,0xe3,0x0b,0x05,0xc1,
    0x04,0x01,0x6a,0x00,0x04,0x02,0x00,0x0d,0x83,0x06,0x69,0x10,0x38,0x58,0x60,0x60,
    0x40,0xed,0x00,0x01,0x02,0x00,0x04,0x3f,0x18,0x03,0xf8,0x06,0x03,0xde,0x0a,0x03,
    0x2c,0x01,0x22,0x00,0x00,0xa9,0x19,0x13,0x60,0x60,0x02,0x02,0x12,0x00,0x06,0x02,
    0x00,0x46,0x50,0x80,0x98,0xe7,0xd5,0x0b,0x0f,0x02,0x00,0x18,0x01,0xc4,0x03,0x0d,
    0xa4,0x00,0x05,0x44,0x0a,0x0f,0xf0,0x05,0x14,0x03,0xaf,0x17,0x08,0xd5,0x00,0x03,
    0x73,0x28,0x0a,0x59,0x1a,0x06,0x0c,0x0a,0x07,0xc1,0x04,0x0a,0x7e,0x09,0x0c,0xf5,
    0x07,0x04,0x78,0x03,0x06,0x9d,0x1b,0x04,0x02,0x00,0x05,0x15,0x0d,0x01,0xe7,0x11,
    0x11,0x28,0x9b,0x03,0x02,0x61,0x02,0x02,0x02,0x00,0x01,0xb4,0x04,0x02,0x4c,0x06,
    0x0c,0xc7,0x00,0x11,0x30,0xd2,0x3a,0x09,0xbc,0x11,0x0f,0x02,0x00,0x16,0x0f,0x24,
    0x06,0x05,0x01,0xd4,0x00,0x0c,0x69,0x00,0x0f,0x02,0x00,0x07,0x2a,0x30,0x68,0x30,
    0x01,0x32,0x00,0x00,0x20,0x0d,0x08,0x04,0x06,0x15,0x04,0x62,0x06,0x06,0x02,0x00,
    0x03,0x39,0x0d,0x0a,0xab,0x16,0x0b,0xbf,0x04,0x02,0xbb,0x02,0x01,0x02,0x00,0x0d,
    0x32,0x01,0x04,0x62,0x02,0x01,0x90,0x03,0x03,0xc1,0x04,0x07,0xd5,0x0e,0x01,0x13,
    0x06,0x02,0x8d,0x01,0x0c,0xc7,0x00,0x61,0x60,0x80,0xc7,0xff,0xff,0xe7,0xf8,0x04,
    0x0f,0x02,0x00,0x1f,0x1f,0x60,0xf7,0x04,0x03,0x01,0xd8,0x00,0x0c,0x69,0x00,0x0f,
    0x02,0x00,0x09,0x1c,0x20,0x6a,0x0f,0x03,0xdc,0x06,0x02,0xcf,0x00,0x01,0x02,0x00,
    0x0a,0xc1,0x04,0x02,0x27,0x09,0x0a,0x7a,0x15,0x11,0xf7,0xed,0x06,0x05,0x02,0x00,
    0x03,0x66,0x03,0x03,0x02,0x00,0x0b,0x06,0x5c,0x04,0xdd,0x27,0x02,0x84,0x03,0x03,
    0x5a,0x01,0x43,0x48,0x00,0x00,0x20,0x72,0x00,0x15,0x50,0x85,0x0d,0x0c,0xc7,0x00,
    0x63,0x60,0x88,0xf7,0xff,0xff,0x98,0xb0,0x01,0x0f,0x02,0x00,0x1e,0x1f,0x60,0x66,
    0x05,0x02,0x0f,0x30,0x01,0x1e,0x0f,0x02,0x00,0x01,0x01,0xa9,0x03,0x07,0x03,0x01,
    0x09,0x35,0x14,0x03,0x6a,0x09,0x09,0xd5,0x04,0x28,0xdf,0x68,0x47,0x00,0x08,0x58,
    0x0f,0x01,0x02,0x00,0x0b,0x7e,0x02,0x53,0x00,0x20,0x50,0x60,0x60,0xf7,0x00,0x03,
    0x2c,0x00,0xff,0x01,0x70,0x00,0x00,0x00,0x80,0x50,0x00,0x48,0x58,0x10,0x00,0x10,
    0x78,0x80,0x80,0x78,0xc7,0x00,0x02,0x6f,0x58,0xa0,0xff,0xff,0xcf,0x80,0xb8,0x05,
    0x03,0x0f,0x02,0x00,0x10,0x15,0xcf,0x4c,0x04,0x07,0x02,0x00,0x0f,0x69,0x00,0x02,
    0x0f,0x02,0x00,0x1f,0x28,0x08,0x40,0x92,0x04,0x09,0x82,0x09,0x02,0xa5,0x01,0x02,
    0x62,0x04,0x04,0x02,0x00,0x19,0xc0,0xe6,0x0d,0x03,0x34,0x02,0x07,0x02,0x00,0x0c,
    0x31,0x01,0x07,0x02,0x00,0x02,0x22,0x07,0x71,0x80,0x10,0x00,0x00,0x68,0x80,0x68,
    0x06,0x06,0x32,0x30,0x80,0x80,0xed,0x03,0x0c,0x60,0x02,0x21,0x30,0xa0,0x1d,0x2b,
    0x05,0x02,0x0a,0x13,0x20,0x24,0x32,0x0f,0x02,0x00,0x14,0x1d,0xaf,0x37,0x04,0x0f,
    0x30,0x01,0x37,0x0a,0x02,0x00,0x02,0xbf,0x00,0x04,0x02,0x00,0x01,0xb0,0x00,0x02,
    0x62,0x04,0x04,0x02,0x00,0x19,0xa0,0xf6,0x01,0x03,0x94,0x04,0x08,0x02,0x00,0x08,
    0x54,0x06,0x0a,0x02,0x00,0x03,0x61,0x02,0x14,0x30,0x67,0x01,0x02,0x09,0x00,0x01,
    0x59,0x00,0x0c,0x30,0x01,0x65,0x08,0x98,0xff,0xff,0xe7,0x88,0x77,0x4d,0x25,0x30,
    0xef,0x15,0x11,0x0f,0x02,0x00,0x05,0x17,0xaf,0xa9,0x01,0x1a,0x30,0xb5,0x0d,0x03,
    0x02,0x00,0x0f,0x69,0x00,0x02,0x0f,0x02,0x00,0x2d,0x0a,0x1d,0x01,0x01,0x4a,0x03,
    0x0a,0xc5,0x0a,0x11,0x88,0xe8,0x00,0x03,0x02,0x00,0x01,0xb2,0x05,0x0b,0x02,0x00,
    0x04,0xbc,0x3d,0x01,0x02,0x00,0x46,0x08,0x30,0x40,0x28,0xb2,0x08,0x02,0xed,0x04,
    0x81,0x48,0x00,0x00,0x38,0x80,0x80,0x70,0x78,0x79,0x01,0x14,0x38,0x90,0x03,0x1a,
    0x20,0x68,0x01,0x61,0x38,0xef,0xff,0xff,0xe7,0x88,0x80,0x00,0x01,0x2f,0x01,0x0f,
    0x01,0x01,0x01,0x08,0x02,0x00,0x17,0x9f,0xaf,0x5a,0x27,0x60,0xef,0x3c,0x0a,0x06,
    0x02,0x00,0x0f,0x30,0x01,0x42,0x0a,0x7d,0x03,0x01,0xf1,0x05,0x09,0x64,0x08,0x17,
    0xef,0x3c,0x2e,0x07,0x32,0x08,0x08,0x02,0x00,0x08,0xd6,0x0c,0x1a,0x60,0x37,0x07,
    0x01,0x26,0x0e,0x12,0x60,0x6a,0x02,0x12,0x40,0xb9,0x14,0x13,0x08,0xc7,0x00,0x39,
    0x50,0x80,0x78,0x32,0x01,0x52,0x68,0xff,0xff,0xff,0xe7,0x29,0x06,0x02,0x5e,0x34,
    0x06,0xf9,0x00,0x0f,0x02,0x00,0x00,0x26,0x10,0xcf,0x7e,0x08,0x0e,0x01,0x12,0x02,
    0x02,0x00,0x03,0x69,0x00,0x02,0x0d,0x00,0x0f,0x02,0x00,0x36,0x09,0xdd,0x05,0x01,
    0xf8,0x09,0x09,0x09,0x20,0x15,0xdf,0x40,0x0f,0x01,0x4e,0x0b,0x08,0x28,0x01,0x05,
    0x02,0x00,0x02,0xe6,0x00,0x01,0x19,0x02,0x02,0x14,0x00,0x05,0xc3,0x5f,0x01,0xf4,
    0x0b,0x12,0x60,0x5c,0x08,0x22,0x48,0x58,0x5a,0x1b,0x03,0xc7,0x00,0x1c,0x60,0x00,
    0x13,0x23,0x60,0xef,0x23,0x35,0x02,0x2f,0x01,0x12,0xff,0x52,0x00,0x0f,0x02,0x00,
    0x05,0x01,0x31,0x01,0x01,0x77,0x07,0x1a,0x70,0x49,0x14,0x06,0x02,0x00,0x03,0x69,
    0x00,0x06,0x11,0x00,0x0f,0x02,0x00,0x32,0x09,0x1e,0x01,0x01,0x5e,0x00,0x09,0x33,
    0x07,0x01,0xa2,0x30,0x01,0xd7,0x04,0x01,0x02,0x00,0x02,0x10,0x01,0x0b,0x02,0x00,
    0x06,0x61,0x02,0x02,0xe1,0x09,0x02,0xfa,0x12,0x01,0x02,0x00,0x22,0x08,0x60,0x30,
    0x01,0x61,0x50,0x80,0x80,0x78,0x10,0x70,0xc5,0x05,0x03,0xc7,0x00,0x01,0x0d,0x06,
    0x09,0x62,0x02,0x21,0x30,0xef,0xb1,0x01,0x8f,0x10,0xef,0xff,0xff,0xef,0xdf,0xff,
    0xff,0x30,0x16,0x01,0x07,0x02,0x00,0x04,0x3e,0x0d,0x0f,0xae,0x0a,0x05,0x05,0x69,
    0x00,0x07,0x34,0x00,0x0f,0x02,0x00,0x17,0x56,0x10,0x38,0x60,0x60,0x48,0xf7,0x00,
    0x07,0x02,0x00,0x0a,0xf1,0x05,0x0d,0xa2,0x03,0x12,0xb0,0xf5,0x0d,0x04,0x31,0x00,
    0x04,0x11,0x01,0x0a,0x02,0x00,0x05,0x59,0x00,0x05,0x0f,0x06,0x06,0xbb,0x53,0x32,
    0x30,0x58,0x48,0xfa,0x18,0x31,0x80,0x30,0x18,0x61,0x02,0x03,0x30,0x01,0x01,0xdc,
    0x04,0x0a,0x41,0x08,0x01,0x59,0x03,0x11,0x60,0x6a,0x03,0x5c,0xbf,0xff,0xff,0x18,
    0x78,0xe5,0x65,0x0a,0x02,0x00,0x01,0x31,0x01,0x1f,0x80,0x2f,0x01,0x07,0x0f,0x79,
    0x0d,0x04,0x0f,0x02,0x00,0x12,0x02,0xaa,0x06,0x0c,0xcc,0x43,0x5a,0x40,0x58,0x40,
    0x30,0x08,0xbc,0x11,0x1c,0x10,0x02,0x06,0x1a,0xa0,0x30,0x01,0x08,0x47,0x15,0x06,
    0x02,0x00,0x14,0x38,0x85,0x00,0x06,0x13,0x00,0x14,0x68,0x13,0x00,0x03,0x02,0x00,
    0x85,0x78,0x80,0x80,0x68,0x00,0x38,0x80,0x40,0x30,0x01,0x02,0x4a,0x00,0x13,0x30,
    0x1f,0x00,0x02,0x02,0x00,0x03,0x51,0x18,0x43,0xef,0x30,0x00,0xbf,0x71,0x26,0x0a,
    0x20,0x00,0x0a,0x02,0x00,0x01,0x61,0x15,0x0f,0x01,0x12,0x08,0x01,0x1d,0x00,0x0f,
    0x60,0x02,0x25,0x01,0xff,0x25,0x06,0xf6,0x01,0x01,0x02,0x00,0x52,0x30,0x80,0x80,
    0x80,0x78,0xb0,0x06,0x04,0x02,0x00,0x15,0x40,0xb5,0x00,0x03,0x02,0x00,0x01,0x02,
    0x01,0x01,0x2e,0x00,0x01,0x02,0x00,0x06,0xff,0x32,0x08,0x02,0x00,0x05,0x91,0x03,
    0x07,0x15,0x00,0x03,0xeb,0x06,0x04,0x02,0x00,0x94,0x50,0x80,0x80,0x80,0x20,0x00,
    0x58,0x78,0x08,0xf7,0x01,0x02,0x91,0x15,0x01,0x82,0x04,0x06,0x02,0x00,0x32,0x50,
    0xdf,0xff,0x1b,0x1a,0x13,0xbf,0x7a,0x00,0x0c,0xe3,0x01,0x0a,0x02,0x00,0x01,0x78,
    0x12,0x08,0x4e,0x0a,0x09,0x02,0x00,0x01,0xc2,0x00,0x0f,0x30,0x01,0x24,0x03,0xfc,
    0x57,0x0b,0xc5,0x00,0x01,0xbf,0x06,0x01,0x57,0x00,0x04,0x02,0x00,0x1b,0x60,0xa1,
    0x03,0x1b,0xf7,0x33,0x0f,0x0f,0xa7,0x23,0x03,0x01,0x60,0x0f,0x04,0x54,0x15,0x04,
    0x02,0x00,0x05,0xa5,0x03,0x01,0x02,0x00,0x94,0x10,0x80,0x80,0x80,0x50,0x00,0x18,
    0x80,0x40,0x30,0x01,0x02,0xfb,0x0a,0x0a,0x91,0x03,0x01,0x2c,0x13,0x31,0x50,0x10,
    0x00,0x30,0x01,0x01,0x9d,0x00,0x08,0xaf,0x0f,0x0f,0x02,0x00,0x00,0x2d,0x20,0x70,
    0x04,0x65,0x06,0x02,0x00,0x01,0xd4,0x00,0x0f,0x30,0x01,0x27,0x3c,0x00,0x00,0x20,
    0x79,0x28,0x59,0x18,0x70,0x80,0x80,0x80,0xdf,0x05,0x12,0x80,0x41,0x05,0x05,0x02,
    0x00,0x01,0x98,0x18,0x09,0x15,0x03,0x02,0xc7,0x00,0x0b,0x02,0x00,0x04,0xa5,0x00,
    0x01,0xc5,0x05,0x03,0x02,0x00,0x0c,0x3b,0x02,0x75,0x80,0x80,0x80,0x10,0x38,0x80,
    0x78,0x30,0x01,0x02,0xab,0x02,0x04,0x3a,0x00,0x0b,0x02,0x00,0x33,0xbf,0xff,0xff,
    0x08,0x11,0x06,0x3c,0x05,0x0f,0x02,0x00,0x1d,0x01,0xc5,0x00,0x0f,0x30,0x01,0x29,
    0x0e,0x02,0x00,0x49,0x08,0x50,0x78,0x80,0x51,0x08,0x11,0xaf,0xab,0x00,0x06,0x02,
    0x00,0x1d,0xcf,0x8b,0x04,0x15,0x10,0xd4,0x05,0x07,0x02,0x00,0x04,0x5a,0x00,0x01,
    0xb2,0x11,0x04,0x02,0x00,0x03,0x61,0x02,0x12,0x28,0x50,0x0e,0x91,0x10,0x80,0x80,
    0x80,0x40,0x30,0x80,0x80,0x30,0x5d,0x00,0x14,0xbf,0xa0,0x2c,0x04,0x3a,0x00,0x0b,
    0x02,0x00,0x32,0xbf,0xff,0xff,0x50,0x01,0x01,0x53,0x07,0x01,0x4a,0x11,0x09,0xd8,
    0x01,0x0a,0x02,0x00,0x0f,0x7a,0x3a,0x03,0x01,0x24,0x00,0x0f,0x30,0x01,0x3b,0x51,
    0x00,0x00,0x00,0x20,0xa7,0x58,0x00,0x03,0x02,0x00,0x11,0xbf,0xbc,0x0e,0x06,0x02,
    0x00,0x1e,0xc0,0x43,0x04,0x04,0xb5,0x11,0x07,0x02,0x00,0x05,0xdd,0x05,0x09,0x00,
    0x0c,0x02,0x1e,0x11,0x13,0x40,0xf7,0x18,0x91,0x00,0x40,0x80,0x80,0x78,0x08,0x78,
    0x80,0x68,0x5d,0x00,0x01,0xc7,0x00,0x21,0x18,0x68,0xa1,0x29,0x0f,0x02,0x00,0x01,
    0x33,0xbf,0xff,0xff,0xcd,0x09,0x03,0x9f,0x04,0x02,0x67,0x01,0x0f,0x02,0x00,0x05,
    0x07,0xc4,0x23,0x06,0x02,0x00,0x01,0x2d,0x00,0x01,0x69,0x00,0x0f,0x02,0x00,0x3a,
    0x09,0x51,0x08,0x13,0xdf,0x67,0x00,0x04,0x02,0x00,0x1f,0xb0,0x9e,0x2e,0x00,0x0e,
    0x31,0x01,0x02,0x1a,0x01,0x1b,0x00,0xf5,0x24,0x02,0x9c,0x04,0x01,0xa3,0x03,0x01,
    0x11,0x06,0x53,0x68,0x80,0x80,0x30,0x40,0x30,0x05,0x03,0xc7,0x00,0x17,0x30,0x51,
    0x05,0x36,0x08,0x60,0x38,0x4a,0x0d,0x32,0xbf,0xff,0xff,0x90,0x06,0x04,0xee,0x0f,
    0x4f,0x80,0xff,0xff,0xcf,0x3d,0x40,0x05,0x11,0xdf,0xa8,0x06,0x0d,0x02,0x00,0x01,
    0xc4,0x00,0x03,0x69,0x00,0x0f,0x02,0x00,0x38,0x03,0xc5,0x07,0x03,0x02,0x00,0x03,
    0x67,0x00,0x04,0x02,0x00,0x14,0xa0,0x32,0x28,0x08,0x02,0x00,0x01,0x9d,0x30,0x07,
    0x02,0x00,0x07,0x42,0x0e,0x17,0x20,0x17,0x00,0x02,0x2a,0x14,0x01,0x30,0x01,0x31,
    0x80,0x38,0x00,0xb1,0x04,0x2a,0x60,0x08,0x30,0x01,0x08,0x02,0x00,0x18,0x40,0x05,
    0x31,0x01,0x30,0x01,0x26,0x00,0x20,0x99,0x31,0x05,0x82,0x10,0x13,0x10,0xe7,0x03,
    0x07,0x02,0x00,0x05,0x1c,0x00,0x0a,0x02,0x00,0x01,0xc4,0x00,0x0f,0x30,0x01,0x3f,
    0x0a,0x72,0x0f,0x0b,0xf9,0x02,0x05,0x6a,0x03,0x0a,0x02,0x00,0x03,0x8c,0x05,0x03,
    0x02,0x00,0x08,0x10,0x06,0x01,0xf6,0x06,0x03,0x02,0x00,0x01,0x18,0x00,0x02,0x30,
    0x01,0x01,0x53,0x01,0x52,0x18,0x50,0x20,0x00,0x50,0xcf,0x02,0x1e,0xd7,0xf6,0x00,
    0x01,0x29,0x00,0x01,0x33,0x00,0x02,0x20,0x07,0x01,0x08,0x00,0x05,0x02,0x00,0x13,
    0xdf,0x11,0x00,0x45,0x10,0x78,0x80,0x70,0xef,0x09,0x03,0x02,0x00,0x02,0x5d,0x01,
    0x0d,0x02,0x00,0x0f,0x30,0x01,0x44,0x0a,0x21,0x01,0x1b,0x40,0x3f,0x01,0x0d,0x86,
    0x00,0x02,0x02,0x00,0x12,0x10,0xea,0x2f,0x01,0xf7,0x38,0x09,0xc2,0x06,0x05,0x0e,
    0x39,0x02,0x3d,0x1b,0x05,0x5b,0x01,0x04,0x2e,0x07,0x03,0xd9,0x89,0x11,0xdf,0xa2,
    0x03,0x09,0x02,0x00,0x02,0x3b,0x0c,0x03,0xcb,0x14,0x0c,0x03,0x01,0x14,0x10,0x2a,
    0x02,0x01,0x26,0x00,0x08,0x52,0x17,0x31,0x00,0x00,0x00,0x47,0x04,0x0e,0x02,0x00,
    0x0f,0x30,0x01,0x35,0x57,0x08,0x48,0x68,0x80,0x68,0xe5,0x00,0x01,0x58,0x00,0x04,
    0x02,0x00,0x0f,0x30,0x01,0x14,0x9d,0x00,0x00,0x00,0x28,0x48,0x60,0x60,0x60,0x60,
    0x48,0x64,0x02,0x4b,0x0c,0x01,0x02,0x00,0x01,0xab,0x05,0x11,0x28,0x0b,0x00,0x05,
    0x2e,0x07,0x03,0x0c,0x1e,0x1e,0xdf,0xdb,0x1e,0x02,0xf1,0x0b,0x03,0xd4,0x2f,0x0c,
    0x30,0x01,0x14,0x40,0xb2,0x11,0x02,0x4e,0x00,0x09,0x6e,0x01,0x04,0x4c,0x01,0x16,
    0x08,0xff,0x04,0x01,0x02,0x00,0x01,0xd3,0x00,0x0f,0x90,0x03,0x30,0x02,0xc5,0x06,
    0x03,0xc9,0x01,0x01,0x9f,0x01,0x07,0x02,0x00,0x1a,0x40,0xfe,0x12,0x0e,0x5f,0x40,
    0x0f,0x02,0x00,0x0e,0x02,0xf8,0x00,0x05,0x6c,0x0a,0x03,0x17,0x08,0x04,0xce,0x37,
    0x03,0x32,0x18,0x14,0xdf,0x19,0x01,0x07,0x02,0x00,0x02,0xc0,0x28,0x02,0x02,0x06,
    0x0c,0x30,0x01,0x11,0x80,0x4b,0x0b,0x06,0x51,0x06,0x06,0xbe,0x00,0x01,0x4c,0x01,
    0x11,0x80,0x6c,0x06,0x04,0xc4,0x02,0x03,0x02,0x00,0x01,0xd6,0x00,0x0f,0x30,0x01,
    0x30,0x02,0xeb,0x0e,0x06,0xa3,0x01,0x09,0xd9,0x08,0x03,0x90,0x05,0x03,0x02,0x00,
    0x1e,0xdf,0x51,0x46,0x04,0x02,0x00,0x7e,0x08,0x30,0x50,0x60,0x60,0x50,0x30,0x88,
    0x04,0x03,0x08,0x08,0x05,0x3b,0x09,0x03,0xd2,0x04,0x02,0x04,0x0c,0x13,0x08,0xc7,
    0x00,0x1f,0xc7,0xa9,0x5e,0x00,0x02,0x2c,0x06,0x02,0x28,0x00,0x0c,0x30,0x01,0x14,
    0xbf,0x22,0x30,0x02,0x25,0x00,0x05,0x96,0x09,0x03,0xd1,0x11,0x12,0x70,0x07,0x28,
    0x06,0xa8,0x07,0x0f,0xa0,0x10,0x2d,0x09,0x02,0x00,0x01,0x8a,0x1c,0x15,0x70,0x13,
    0x00,0x09,0xd2,0x11,0x0d,0x30,0x01,0x04,0xf2,0x01,0x0b,0x02,0x00,0x01,0x90,0x0e,
    0x01,0xf2,0x36,0x04,0xa3,0x05,0x06,0x02,0x00,0x01,0x37,0x0c,0x05,0x4e,0x22,0x04,
    0xa1,0x03,0x63,0x30,0x00,0x00,0x00,0x10,0x68,0x40,0x0e,0x2a,0xc7,0x28,0x24,0x02,
    0x01,0x02,0x00,0x01,0xc8,0x01,0x02,0x94,0x16,0x0c,0x30,0x01,0x06,0xa0,0x16,0x02,
    0x13,0x0b,0x07,0x4f,0x04,0x53,0x00,0x80,0xff,0xff,0x40,0x67,0x00,0x09,0x8c,0x00,
    0x01,0xf4,0x01,0x0f,0x60,0x02,0x31,0x38,0x00,0x00,0x18,0x38,0x2d,0x0f,0x30,0x01,
    0x0d,0x02,0x57,0x23,0x09,0x02,0x00,0x01,0x72,0x01,0x04,0x02,0x00,0x0e,0x80,0x64,
    0x11,0x08,0x4e,0x01,0x13,0x68,0x33,0x00,0x01,0xa3,0x05,0x02,0xf2,0x05,0x14,0x20,
    0xe0,0x1e,0x32,0xdf,0x30,0x60,0x3f,0x2a,0x18,0x48,0xa1,0x02,0x01,0x8b,0x02,0x01,
    0x0b,0x01,0x0b,0x30,0x01,0x17,0x20,0xf9,0x00,0x2b,0x28,0x70,0x49,0x02,0x02,0x7c,
    0x02,0x02,0xce,0x03,0x08,0xa8,0x03,0x0f,0x30,0x01,0x38,0x09,0x02,0x00,0x0a,0x30,
    0x01,0x01,0xf4,0x0f,0x04,0x02,0x00,0x01,0x3f,0x0e,0x0a,0x88,0x23,0x01,0x02,0x00,
    0x03,0x03,0x01,0x04,0x02,0x00,0x0b,0xb0,0x06,0x01,0xac,0x0e,0x06,0x31,0x20,0x02,
    0x30,0x05,0x01,0xcb,0x0b,0x14,0x20,0xb0,0x1d,0x32,0xdf,0x78,0x18,0x17,0x08,0x14,
    0x50,0x7a,0x47,0x01,0x02,0x00,0x23,0x28,0x70,0x67,0x2e,0x06,0x30,0x01,0x01,0x50,
    0x01,0x13,0x50,0xa3,0x04,0x02,0x02,0x00,0x0b,0x0b,0x4e,0x11,0xcf,0x6b,0x08,0x01,
    0x6c,0x01,0x09,0x16,0x05,0x01,0xc5,0x00,0x0f,0x60,0x02,0x33,0x09,0x02,0x00,0x09,
    0x53,0x1b,0x19,0xaf,0x3e,0x01,0x13,0xc7,0x12,0x01,0x04,0x2b,0x02,0x03,0x02,0x00,
    0x06,0xd3,0x05,0x03,0x02,0x00,0x0c,0xb8,0x1d,0x0a,0x02,0x00,0x03,0xae,0x09,0x12,
    0x18,0x35,0x03,0x01,0xc7,0x00,0x14,0xdf,0x27,0x01,0x1f,0x28,0x8e,0x01,0x00,0x07,
    0x80,0x09,0x21,0x08,0x70,0x49,0x07,0x3b,0x8f,0xff,0xff,0xcd,0x05,0x07,0x02,0x00,
    0x03,0xf9,0x21,0x02,0x95,0x00,0x01,0x5f,0x01,0x02,0x02,0x00,0x01,0x69,0x00,0x0f,
    0x30,0x01,0x40,0x02,0x42,0x0a,0x03,0x02,0x00,0x0a,0x47,0x9d,0x01,0x8e,0x16,0x04,
    0x4d,0x03,0x06,0x02,0x00,0x02,0xfc,0x02,0x08,0x02,0x00,0x0f,0xa8,0x12,0x0b,0x02,
    0xd4,0x10,0x12,0x28,0x0f,0x08,0x01,0x69,0x00,0x24,0xcf,0x78,0x52,0x66,0x1f,0x70,
    0x31,0x01,0x02,0x11,0xbf,0xbb,0x14,0x01,0x36,0x02,0x26,0x78,0x18,0x0f,0x00,0x0f,
    0x02,0x00,0x01,0x05,0xac,0x03,0x1b,0x20,0xea,0x2f,0x01,0x69,0x00,0x0f,0x30,0x01,
    0x64,0x01,0xe6,0x01,0x04,0x02,0x00,0x04,0xc2,0x05,0x08,0x02,0x00,0x08,0x3b,0x27,
    0x11,0x00,0xdd,0x25,0x02,0x9c,0x55,0x01,0x02,0x00,0x02,0xd4,0x10,0x12,0x40,0x3a,
    0x01,0x02,0xc7,0x00,0x14,0x40,0xda,0x12,0x02,0xe3,0x43,0x01,0x27,0x00,0x07,0x02,
    0x00,0xff,0x00,0x9f,0xff,0xff,0x9f,0x40,0x40,0x40,0x40,0x90,0xa0,0xa0,0x98,0x78,
    0x10,0x00,0xf0,0x1f,0x02,0x03,0x02,0x00,0x15,0x40,0xac,0x03,0x21,0x08,0x38,0xfc,
    0x04,0x04,0x02,0x00,0x02,0x69,0x00,0x04,0x0e,0x00,0x0f,0x02,0x00,0x37,0x0f,0x60,
    0x02,0x11,0x01,0x3c,0x1c,0x04,0x02,0x00,0x03,0x60,0x03,0x0a,0x02,0x00,0x06,0xa0,
    0x08,0x05,0x21,0x00,0x06,0x81,0x26,0x01,0xa3,0x0f,0x12,0x40,0xcb,0x08,0x02,0xc7,
    0x00,0x24,0x08,0x70,0x4a,0x0f,0x01,0xbd,0x55,0x04,0x5b,0x00,0x04,0x02,0x00,0x08,
    0x66,0x0c,0x31,0xb8,0x68,0x38,0x69,0x12,0x0f,0x02,0x00,0x04,0x03,0x4f,0x08,0x0e,
    0x02,0x00,0x02,0x69,0x00,0x0e,0x18,0x00,0x0f,0x02,0x00,0x27,0x02,0xed,0x03,0x0f,
    0x30,0x01,0x12,0x04,0xde,0x00,0x07,0x0f,0x01,0x0b,0x02,0x00,0x06,0xdc,0x01,0x04,
    0xa3,0x0a,0x07,0x75,0x02,0x13,0x18,0xea,0x44,0x14,0x28,0x30,0x01,0x21,0x00,0x30,
    0xfd,0x18,0x04,0xae,0x02,0x02,0x8a,0x00,0x07,0x02,0x00,0x07,0x06,0x10,0x35,0xc0,
    0x80,0xa8,0x43,0x02,0x0f,0x02,0x00,0x00,0x02,0x4f,0x08,0x0f,0x02,0x00,0x00,0x0f,
    0x30,0x01,0x3e,0x12,0x40,0x4e,0x06,0x0f,0x30,0x01,0x13,0x07,0x34,0x03,0x0f,0x60,
    0x02,0x02,0x02,0x1f,0x08,0x01,0x02,0x00,0x02,0x7a,0x05,0x0a,0x59,0x07,0x21,0x08,
    0x60,0xa4,0x10,0x22,0x00,0x70,0x6e,0x00,0x44,0xbf,0x00,0x00,0x60,0xf3,0x05,0x17,
    0x30,0xfe,0x0b,0x06,0x02,0x00,0x03,0x99,0x0a,0x82,0x80,0x80,0xa8,0x88,0x80,0xc7,
    0xff,0xff,0xf7,0x0b,0x0f,0x02,0x00,0x01,0x04,0xeb,0x04,0x0d,0x02,0x00,0x0f,0x30,
    0x01,0x3d,0x13,0x30,0xe2,0x0d,0x02,0xc2,0x00,0x03,0x02,0x00,0x0f,0xf0,0x05,0x04,
    0x04,0x9e,0x11,0x01,0x02,0x00,0x0f,0x30,0x01,0x03,0x02,0x69,0x0a,0x01,0x0b,0x15,
    0x01,0x30,0x00,0x01,0x02,0x00,0x06,0x62,0x02,0x21,0x00,0x28,0x44,0x02,0x12,0x40,
    0x6e,0x00,0x11,0xbf,0x11,0x01,0x03,0x2e,0x09,0x19,0x30,0x5e,0x00,0x0c,0x02,0x00,
    0x43,0x08,0x50,0x80,0xe7,0xfe,0x05,0x01,0x02,0x00,0x12,0x20,0xda,0x03,0x05,0x02,
    0x00,0x04,0xba,0x10,0x0d,0x02,0x00,0x01,0xd2,0x00,0x0f,0xf0,0x05,0x37,0x01,0x85,
    0x05,0x12,0x40,0x20,0x0b,0x06,0x02,0x00,0x0f,0x30,0x01,0x07,0x06,0x70,0x03,0x11,
    0x28,0x0b,0x01,0x0d,0x02,0x00,0x14,0x58,0xb2,0x00,0x08,0x9e,0x09,0x0c,0x07,0x08,
    0x21,0x08,0x78,0x6c,0x00,0x91,0xbf,0x08,0x30,0x00,0x50,0x80,0x60,0x00,0x18,0x60,
    0x13,0x24,0x18,0x68,0x6c,0x02,0x0f,0x02,0x00,0x02,0x13,0x50,0x32,0x08,0x01,0x02,
    0x00,0x01,0x1f,0x4f,0x08,0x6e,0x02,0x0f,0x14,0x01,0x06,0x02,0x69,0x00,0x01,0x35,
    0x00,0x0f,0x02,0x00,0x31,0x02,0x66,0x04,0x1f,0x10,0x60,0x02,0x16,0x06,0xa4,0x00,
    0x02,0x0b,0x1b,0x0d,0x02,0x00,0x02,0xfa,0x0d,0x02,0xca,0x0d,0x06,0x02,0x00,0x06,
    0x67,0x01,0x02,0x02,0x00,0x02,0xca,0x05,0x93,0xc7,0x80,0x80,0x20,0x10,0x78,0x80,
    0x30,0x28,0xc0,0x15,0x16,0x30,0xfb,0x0d,0x2c,0x20,0x40,0x95,0x0e,0x11,0x40,0xf8,
    0x1e,0x03,0x02,0x00,0x01,0x50,0x0b,0x16,0x9f,0x00,0x2e,0x1f,0x30,0x0c,0x06,0x06,
    0x0f,0x30,0x01,0x3c,0x02,0xb4,0x38,0x1f,0x28,0x30,0x01,0x20,0x03,0x63,0x6e,0x0d,
    0x02,0x00,0x03,0x5f,0x03,0x05,0x9d,0x3c,0x01,0x02,0x00,0x13,0x70,0xe8,0x00,0x04,
    0x02,0x00,0x03,0x70,0x22,0x93,0x70,0x80,0x58,0x00,0x40,0x80,0x78,0x08,0x58,0x31,
    0x01,0x06,0x02,0x00,0x3b,0x28,0x80,0x80,0x4e,0xb4,0x09,0x02,0x07,0x01,0x9f,0x19,
    0x52,0xcf,0x60,0x80,0x80,0x80,0x3c,0x11,0x06,0x4f,0x08,0x0c,0x02,0x00,0x0f,0x30,
    0x01,0x3d,0x31,0x00,0x18,0x78,0xf6,0x06,0x02,0x52,0x04,0x03,0x02,0x00,0x0f,0x90,
    0x03,0x07,0x07,0xcc,0x0e,0x05,0x8c,0x05,0x0a,0x02,0x00,0x05,0x4b,0x02,0x09,0xd0,
    0x0a,0x03,0x38,0x00,0x41,0x48,0x80,0x78,0x38,0xd2,0x00,0x01,0x69,0x00,0x92,0xbf,
    0x48,0x80,0x80,0x10,0x08,0x70,0x40,0x08,0x54,0x3a,0x01,0x19,0x00,0x03,0x02,0x00,
    0x01,0xf8,0x02,0x13,0x78,0x36,0x00,0x01,0x02,0x00,0x17,0x9f,0x81,0x03,0x72,0x40,
    0xff,0xff,0xbf,0xcf,0xff,0xff,0xf3,0x03,0x12,0x30,0x4e,0x04,0x01,0x68,0x13,0x0e,
    0x02,0x00,0x02,0x69,0x00,0x0e,0x18,0x00,0x0f,0x02,0x00,0x27,0x11,0x08,0x83,0x05,
    0x0f,0x30,0x01,0x14,0x08,0xd6,0x00,0x02,0xaf,0x00,0x0c,0x02,0x00,0x05,0x30,0x01,
    0x02,0x69,0x10,0x03,0x02,0x00,0x11,0x58,0xa0,0x00,0x01,0xc4,0x03,0x01,0xcd,0x04,
    0x02,0xc7,0x00,0x13,0x20,0x0e,0x00,0x2d,0x00,0x28,0x77,0x1f,0x02,0x3e,0x00,0x07,
    0x31,0x01,0x02,0x21,0x0e,0x02,0x02,0x00,0x81,0x9f,0xff,0xff,0x60,0x8f,0xff,0xff,
    0x60,0x02,0x0b,0x21,0x80,0x20,0xa0,0x03,0x06,0x2a,0x04,0x09,0x02,0x00,0x02,0x69,
    0x00,0x09,0x13,0x00,0x0f,0x02,0x00,0x32,0x0a,0x30,0x01,0x09,0x4e,0x0e,0x25,0xd7,
    0x80,0x01,0x00,0x09,0x58,0x03,0x08,0x76,0x16,0x06,0x02,0x00,0x05,0xe0,0x14,0x03,
    0x62,0x0f,0x03,0x02,0x00,0x01,0x17,0x00,0x02,0x93,0x02,0x07,0x40,0x47,0x05,0x46,
    0x3a,0x19,0x48,0xac,0x08,0x06,0x5d,0x00,0x05,0x31,0x01,0x18,0x10,0xef,0x05,0x82,
    0xef,0xff,0xff,0x10,0x50,0xff,0xff,0x80,0xb4,0x08,0x1f,0x70,0x4f,0x08,0x00,0x14,
    0x18,0x37,0x7f,0x0f,0x30,0x01,0x45,0x09,0x20,0x27,0x19,0xbf,0x3e,0x01,0x13,0xdf,
    0xf3,0x00,0x0b,0xa2,0x13,0x02,0x80,0x0a,0x0c,0x02,0x00,0x11,0x68,0xee,0x00,0x01,
    0x02,0x00,0x02,0x2d,0x10,0x03,0x02,0x00,0x01,0xf9,0x00,0x01,0x60,0x02,0x01,0x83,
    0x02,0x03,0xc7,0x00,0x14,0x50,0x42,0x06,0x1c,0x08,0xa0,0x11,0x02,0x0e,0x0c,0x06,
    0x4a,0x69,0x05,0x8c,0x16,0x02,0xc7,0x0a,0x12,0x9f,0x32,0x0e,0x11,0x30,0x62,0x02,
    0x35,0x18,0x00,0xdf,0x1a,0x13,0x02,0x02,0x00,0x24,0x38,0x78,0x59,0x00,0x03,0x69,
    0x00,0x02,0x17,0x00,0x0f,0x02,0x00,0x38,0x09,0x92,0x10,0x03,0x80,0x0b,0x03,0x02,
    0x00,0x06,0x30,0x01,0x11,0x70,0x26,0x02,0x06,0x02,0x00,0x02,0xd4,0x00,0x09,0x02,
    0x00,0x01,0x18,0x01,0x02,0x02,0x00,0x01,0x84,0x04,0x04,0x02,0x00,0x02,0xfb,0x06,
    0x02,0x0e,0x00,0x06,0x70,0x22,0x06,0x38,0x40,0x12,0x20,0x59,0x03,0x07,0x02,0x00,
    0x02,0x5d,0x00,0x04,0x97,0x04,0x05,0x8c,0x16,0x71,0x00,0x00,0x00,0xaf,0xff,0xff,
    0x50,0xf4,0x05,0x01,0xc2,0x6a,0x3d,0x50,0x40,0x18,0x4f,0x08,0x01,0x79,0x02,0x01,
    0x98,0xa6,0x01,0xc4,0x00,0x0f,0x30,0x01,0x65,0x08,0xbe,0x04,0x01,0x02,0x00,0x12,
    0x10,0x75,0x10,0x06,0x02,0x00,0x04,0xdf,0x00,0x01,0x02,0x00,0x08,0xa3,0x09,0x02,
    0x19,0x00,0x01,0x2f,0x1b,0x35,0x80,0x80,0x48,0xc7,0x00,0x06,0x4e,0x10,0x0d,0x92,
    0x03,0x03,0xc8,0x2f,0x03,0x74,0x00,0x07,0x5f,0x1c,0x12,0x10,0x1d,0x3d,0x07,0x01,
    0x06,0x18,0x30,0x6c,0x08,0x01,0x02,0x00,0x01,0x0c,0x3b,0x2f,0x78,0x28,0x30,0x01,
    0x62,0x14,0xef,0x0f,0x01,0x07,0x3c,0x02,0x05,0x02,0x00,0x09,0x0a,0x39,0x03,0x54,
    0x7e,0x05,0x02,0x00,0x02,0xb5,0x05,0x01,0x02,0x00,0x02,0xa8,0x03,0x04,0x11,0x00,
    0x14,0x10,0x30,0x01,0x11,0x40,0x7f,0x04,0x01,0x02,0x00,0x03,0xca,0x43,0x08,0x02,
    0x00,0x24,0x20,0x58,0x99,0x02,0x08,0xc1,0x0b,0x12,0x60,0x1e,0x01,0x07,0x61,0x08,
    0x0a,0x4a,0x14,0x01,0x02,0x00,0x01,0x9e,0x02,0x06,0xc9,0x02,0x01,0x14,0x00,0x0f,
    0x02,0x00,0x39,0x09,0x8e,0x36,0x1a,0x80,0x40,0x27,0x01,0xf1,0x00,0x0d,0x23,0x09,
    0x03,0x02,0x00,0x25,0x08,0x38,0x39,0x08,0x0e,0x94,0x16,0x07,0xc3,0x04,0x01,0x2f,
    0x00,0x04,0x72,0x02,0x02,0x60,0x00,0x12,0xbf,0xb4,0x03,0x03,0x87,0x01,0x02,0x0a,
    0x45,0x56,0x00,0x00,0x00,0x68,0x38,0xf7,0x03,0x13,0x08,0x42,0x2d,0x03,0x2f,0x1b,
    0x62,0x10,0x60,0x60,0x58,0x38,0xcf,0x68,0x2f,0x07,0xa4,0x0a,0x11,0x80,0xa1,0x03,
    0x0a,0x02,0x00,0x5f,0x10,0x68,0x80,0x68,0x10,0x60,0x02,0x47,0x01,0xf1,0x01,0x04,
    0x02,0x00,0x12,0x60,0x80,0x0b,0x04,0x02,0x00,0x01,0x30,0x01,0x16,0x48,0xc5,0x00,
    0x0c,0x02,0x00,0x01,0xbf,0x56,0x23,0x40,0x38,0x3a,0x03,0x09,0x02,0x00,0x02,0x99,
    0x18,0x15,0x80,0x46,0x02,0x01,0xa0,0x05,0x08,0xb0,0x30,0x11,0x40,0xab,0x03,0x01,
    0xfc,0x56,0x11,0x40,0x69,0x0c,0x34,0x00,0x00,0x58,0xa5,0x09,0x07,0x02,0x00,0x13,
    0x50,0x7b,0x1c,0x44,0x70,0x80,0x80,0x90,0x08,0x13,0x15,0xef,0xe5,0x05,0x07,0x9b,
    0x03,0x06,0x02,0x00,0x2f,0x08,0x38,0x20,0x1a,0x3a,0x0b,0x02,0x00,0x04,0x1c,0x01,
    0x01,0x02,0x00,0x1a,0x40,0x30,0x01,0x3c,0x90,0x80,0x68,0x37,0x45,0x0f,0x02,0x00,
    0x16,0x13,0x20,0x7e,0x02,0x02,0x81,0x09,0x01,0x01,0x26,0x05,0x30,0x01,0x22,0xc7,
    0x08,0x61,0x02,0x31,0x20,0x00,0x38,0x93,0x0f,0x12,0x68,0x85,0xa7,0x1e,0x30,0xd9,
    0x03,0x05,0x42,0x02,0x71,0x30,0x80,0x80,0xc0,0xff,0xff,0xb0,0x9b,0x01,0x12,0xbf,
    0x68,0x02,0x07,0xb9,0x16,0x0f,0x02,0x00,0x00,0x01,0xd0,0x00,0x0f,0x90,0x03,0x3f,
    0x02,0x41,0x1d,0x04,0x02,0x00,0x12,0x40,0x60,0x04,0x04,0x02,0x00,0x05,0x1a,0x2e,
    0x0f,0x02,0x00,0x05,0x5a,0x08,0x28,0x40,0x40,0x40,0xd8,0x14,0x05,0x02,0x00,0x02,
    0x27,0x1a,0x04,0xb8,0x10,0x04,0x95,0x09,0x01,0x5b,0x00,0x31,0xdf,0x68,0x08,0xa3,
    0x03,0x31,0x58,0x00,0x18,0x26,0x13,0x04,0x9c,0x1e,0x1e,0x68,0xcb,0x91,0x02,0xff,
    0x19,0x01,0x86,0x0d,0x41,0xef,0xff,0xff,0x90,0xfa,0x16,0x06,0x33,0x07,0x06,0x6a,
    0x02,0x0d,0x02,0x00,0x01,0x69,0x00,0x0f,0x30,0x01,0x3f,0x0a,0x51,0x02,0x03,0x00,
    0x3b,0x04,0x02,0x00,0x4d,0xa8,0x80,0x80,0x78,0x99,0x47,0x06,0x02,0x00,0x02,0xf0,
    0x36,0x01,0x5a,0x65,0x01,0x2b,0x0c,0x0c,0x02,0x00,0x36,0x08,0x38,0x40,0x0e,0x58,
    0x03,0xd2,0x04,0x01,0x5b,0x00,0x11,0xdf,0x26,0x01,0x65,0x50,0x80,0x80,0x10,0x00,
    0x70,0xfb,0x1e,0x04,0xd4,0x0e,0x01,0x13,0x01,0x05,0x02,0x00,0x05,0x12,0x01,0x52,
    0x08,0x80,0xff,0xff,0xe7,0x03,0x1a,0x41,0x40,0xff,0xff,0xbf,0x78,0x00,0x1f,0x80,
    0x12,0x01,0x08,0x01,0x69,0x00,0x0f,0x30,0x01,0x4d,0x01,0x42,0x0b,0x06,0x02,0x00,
    0x03,0xf1,0x18,0x02,0xdb,0x0e,0x0d,0x02,0x00,0x02,0x34,0x0a,0x03,0x02,0x00,0x06,
    0x7e,0x16,0x0f,0x02,0x00,0x04,0x12,0x08,0xc2,0x04,0x01,0x5d,0x00,0x11,0xdf,0xa7,
    0x03,0x5a,0x08,0x68,0x80,0x40,0x00,0xff,0x44,0x01,0x5c,0x13,0x01,0xa3,0x03,0x04,
    0x02,0x00,0x01,0x2d,0x00,0x31,0x40,0x40,0x40,0xac,0x04,0x13,0xb0,0x5c,0x14,0x01,
    0x45,0x00,0x02,0x02,0x00,0x01,0x64,0x31,0x0f,0x02,0x00,0x01,0x01,0x1f,0x00,0x0f,
    0x30,0x01,0x3f,0x09,0xd1,0x0b,0x11,0xff,0x00,0x03,0x06,0x02,0x00,0x03,0x30,0x01,
    0x0f,0x0e,0x01,0x03,0x01,0x1b,0x0a,0x06,0x02,0x00,0x0a,0xe0,0x32,0x0f,0x02,0x00,
    0x00,0x02,0x23,0x07,0x01,0x5d,0x00,0x12,0xdf,0x86,0x2e,0x21,0x08,0x20,0x16,0x00,
    0x17,0x70,0x51,0x06,0x01,0x9b,0x0e,0x03,0xf3,0x04,0x01,0x02,0x00,0x11,0xef,0x31,
    0x00,0x03,0x02,0x00,0x01,0xc6,0x09,0x18,0x10,0xb5,0x00,0x61,0xef,0x20,0x00,0x20,
    0x20,0x20,0xd6,0x04,0x0b,0x02,0x00,0x01,0x33,0x00,0x0f,0x30,0x01,0x4c,0x1b,0xbf,
    0x30,0x01,0x07,0xe1,0x0b,0x0d,0x93,0x00,0x02,0x13,0x0e,0x08,0x02,0x00,0x03,0x1f,
    0x08,0x05,0x02,0x00,0x1b,0x48,0xa9,0x03,0x01,0x3d,0x02,0x01,0xc7,0x00,0x01,0x67,
    0x33,0x03,0x26,0x01,0x11,0x78,0x3b,0x01,0x04,0x02,0x00,0x01,0x43,0x33,0x08,0x8f,
    0x1a,0x08,0x7c,0x9f,0x51,0x9f,0x00,0x08,0x20,0x30,0xd1,0x35,0x23,0x30,0x40,0x01,
    0x00,0x12,0x10,0x90,0x53,0x0f,0x7e,0x82,0x00,0x01,0x69,0x00,0x0f,0x30,0x01,0x3f,
    0x09,0x0f,0x0d,0x18,0xbf,0xbb,0x01,0x11,0xff,0x30,0x04,0x04,0x02,0x00,0x0a,0x56,
    0x04,0x01,0x8b,0x17,0x04,0x1b,0x00,0x05,0x02,0x00,0x0a,0x31,0x01,0x03,0xa3,0x0a,
    0x07,0x3f,0x10,0x11,0x50,0x72,0x04,0x03,0x30,0x01,0x04,0x54,0x15,0x15,0x50,0x73,
    0x08,0x02,0x02,0x00,0x16,0x50,0x84,0x08,0x01,0x02,0x00,0xaf,0x10,0x40,0x40,0x50,
    0x80,0x80,0x9f,0xbf,0xbf,0xbf,0x25,0x4d,0x04,0x02,0xb9,0x01,0x03,0x2f,0x12,0x06,
    0x02,0x00,0x01,0x69,0x00,0x0f,0x30,0x01,0x3f,0x0a,0xaf,0x0a,0x0b,0x30,0x01,0x15,
    0xff,0x0b,0x01,0x0d,0x31,0x01,0x0b,0x8e,0x03,0x02,0x02,0x00,0x16,0x28,0xaf,0x00,
    0x06,0x9d,0x35,0x01,0xd7,0x44,0x02,0x02,0x00,0x13,0x50,0x60,0x02,0x02,0x10,0x46,
    0x02,0x61,0x02,0x1a,0x10,0x50,0x02,0x02,0x17,0x05,0x06,0x49,0x00,0x21,0x60,0x48,
    0xa3,0x09,0x0f,0x02,0x00,0x09,0x03,0x8b,0x00,0x01,0x2f,0x12,0x06,0x02,0x00,0x01,
    0x30,0x01,0x38,0xc7,0x20,0x20,0x2c,0x22,0x0f,0x02,0x00,0x30,0x01,0x57,0x00,0x04,
    0x02,0x00,0x11,0x80,0x7c,0x06,0x07,0x02,0x00,0x05,0x41,0x67,0x02,0x64,0x0c,0x07,
    0x70,0x00,0x01,0x4b,0x04,0x0c,0x02,0x00,0x01,0x78,0x29,0x03,0x02,0x00,0x01,0x7e,
    0x03,0x01,0x02,0x00,0x07,0xc0,0x05,0x21,0x30,0x70,0x5d,0x00,0x11,0xbf,0xa7,0x04,
    0x03,0x7a,0x02,0x13,0x50,0xeb,0x00,0x05,0x63,0x07,0x27,0x08,0x40,0xe6,0x91,0x1d,
    0x58,0x70,0x15,0x0e,0x02,0x00,0x01,0x34,0x0e,0x05,0x50,0x00,0x03,0x02,0x00,0x01,
    0x69,0x00,0x01,0x51,0x04,0x0c,0xe5,0x6b,0x0f,0x02,0x00,0x29,0x0b,0x7f,0x09,0x01,
    0x6d,0x0c,0x07,0x02,0x00,0x01,0x40,0x34,0x04,0x02,0x00,0x02,0x3a,0x0f,0x03,0x02,
    0x00,0x04,0x15,0x00,0x0a,0x02,0x00,0x07,0xe4,0x01,0x01,0x13,0x01,0x02,0x02,0x00,
    0x07,0x31,0x01,0x03,0x70,0x0f,0x01,0x44,0x03,0x03,0x54,0x13,0x21,0x08,0x78,0x8d,
    0x22,0x1f,0x00,0x49,0x0c,0x03,0x01,0x3d,0x02,0x0d,0x6d,0x03,0x0b,0x02,0x00,0x03,
    0xd9,0x08,0x05,0x72,0x01,0x05,0xe0,0x0b,0x01,0x30,0x01,0x0c,0x29,0x04,0x0f,0x02,
    0x00,0x29,0x0a,0x7f,0x09,0x05,0xd1,0x13,0x04,0x02,0x00,0x05,0x21,0x07,0x01,0x02,
    0x00,0x05,0x42,0x15,0x0b,0xa5,0x17,0x07,0x02,0x00,0x06,0xb3,0x00,0x08,0x81,0x02,
    0x07,0x47,0x01,0x01,0xf0,0x06,0x12,0xdf,0x75,0x1b,0x12,0x28,0xfc,0x44,0x12,0x28,
    0x8c,0x10,0x11,0x60,0x95,0x09,0x0d,0x02,0x00,0x02,0x48,0x00,0x07,0xd5,0x03,0x0f,
    0x02,0x00,0x02,0x3a,0x08,0x28,0x40,0x29,0x19,0x02,0x09,0x02,0x13,0xaf,0xf6,0x09,
    0x06,0xe0,0x03,0x0f,0x02,0x00,0x2c,0x0c,0x4f,0x08,0x0b,0xd1,0x04,0x02,0x69,0x04,
    0x04,0x02,0x00,0x07,0x61,0x02,0x01,0x21,0x02,0x0f,0x02,0x00,0x00,0x06,0x1a,0x01,
    0x02,0xe8,0x00,0x03,0x02,0x00,0x06,0xb0,0x00,0x02,0x60,0x06,0x02,0x6e,0x19,0x51,
    0x48,0x00,0x00,0x68,0x30,0x93,0x28,0x12,0x38,0x32,0x0d,0x08,0x89,0x02,0x04,0x02,
    0x00,0x12,0x10,0xb8,0x09,0x0f,0x1b,0x00,0x01,0x0f,0x02,0x00,0x09,0x02,0x09,0x02,
    0x13,0x80,0x51,0x4a,0x08,0x29,0x04,0x0f,0x02,0x00,0x2a,0x09,0x5e,0x15,0x01,0x21,
    0x40,0x09,0x92,0x16,0x13,0xe7,0xf0,0x00,0x03,0x02,0x00,0x06,0x3e,0x02,0x0f,0x75,
    0x22,0x01,0x01,0x16,0x06,0x05,0x8e,0x00,0x09,0x30,0x01,0x05,0xfc,0x04,0x21,0x08,
    0xc7,0xbb,0x02,0x11,0x30,0x16,0x2a,0x41,0x68,0x00,0x00,0x50,0x3c,0x08,0x01,0x50,
    0x1b,0x0f,0x7b,0x22,0x03,0x03,0xa1,0x11,0x0a,0x95,0x09,0x0f,0x02,0x00,0x10,0x02,
    0x29,0x05,0x85,0x80,0x00,0x00,0x00,0x28,0x40,0x40,0x40,0x2a,0x61,0x0f,0x02,0x00,
    0x2d,0x02,0xef,0x01,0x03,0x02,0x00,0x01,0x7e,0x07,0x0a,0x72,0x02,0x02,0x06,0x01,
    0x04,0x02,0x00,0x16,0x38,0x6f,0x00,0x04,0x13,0x00,0x0c,0x02,0x00,0x05,0xa8,0x09,
    0x06,0xf0,0x05,0x08,0x8c,0x05,0x12,0x60,0x69,0x7e,0x12,0x70,0x04,0x18,0x32,0x00,
    0x00,0x30,0x2e,0x12,0x14,0x08,0xb4,0x16,0x02,0x8e,0x15,0x0a,0x02,0x00,0x01,0xd2,
    0x12,0x09,0x7d,0x00,0x0f,0x02,0x00,0x10,0x02,0xf7,0x01,0x06,0xef,0x02,0x0f,0x02,
    0x00,0x34,0x03,0x2a,0x01,0x02,0x02,0x00,0x11,0x80,0x74,0x25,0x02,0x0c,0x00,0x03,
    0x02,0x00,0x09,0xf1,0x05,0x04,0x33,0x09,0x02,0x7c,0x11,0x02,0x09,0x01,0x0c,0x02,
    0x00,0x05,0xe4,0x04,0x02,0xcf,0x0b,0x04,0x02,0x00,0x12,0x78,0x36,0x00,0x31,0x20,
    0x80,0xa8,0x59,0x00,0x12,0xcf,0x06,0x01,0x37,0x20,0x00,0x10,0xe6,0x03,0x01,0x6c,
    0x04,0x05,0x40,0x00,0x07,0x02,0x00,0x11,0x08,0x6d,0x00,0x05,0xa4,0x02,0x0f,0x02,
    0x00,0x11,0x03,0x38,0x10,0x06,0x11,0x03,0x0f,0x02,0x00,0x33,0x11,0x30,0xbe,0x00,
    0x04,0x02,0x00,0x01,0x8e,0x01,0x02,0x29,0x05,0x04,0x02,0x00,0x07,0x04,0x6c,0x04,
    0x23,0x2e,0x02,0x02,0x00,0x01,0xb8,0x06,0x0f,0x02,0x00,0x00,0x06,0xf0,0x00,0x02,
    0x78,0x04,0x04,0x02,0x00,0x11,0x30,0x37,0x00,0x23,0x40,0x80,0x6c,0x70,0x11,0x40,
    0x31,0x01,0x11,0x20,0xd8,0x12,0x02,0x1b,0x00,0x03,0x14,0x05,0x07,0x24,0x05,0x07,
    0x02,0x00,0x1e,0x20,0x22,0x61,0x1f,0x70,0x50,0x81,0x07,0x02,0x07,0x12,0x02,0x97,
    0x01,0x0f,0x02,0x00,0x3b,0x11,0x60,0x57,0x00,0x04,0x02,0x00,0x02,0xb9,0x00,0x04,
    0x0e,0x00,0x01,0x02,0x00,0x0f,0xf1,0x05,0x06,0x0f,0xe0,0x0b,0x01,0x03,0x03,0x1a,
    0x03,0x02,0x00,0x01,0x2f,0x02,0x05,0x02,0x00,0x02,0x7f,0x04,0x12,0x28,0xcf,0x58,
    0x91,0xff,0xff,0xdf,0x10,0x00,0x00,0x18,0x60,0x20,0x06,0x0c,0x03,0x58,0x08,0x03,
    0x83,0x08,0x05,0xd1,0x03,0x0a,0x02,0x00,0x32,0x08,0x28,0x40,0x9f,0x00,0x04,0x02,
    0x00,0x02,0xb1,0x01,0x01,0x5f,0x3a,0x0e,0x02,0x00,0x03,0x08,0x02,0x0f,0x7d,0x01,
    0x03,0x0f,0x02,0x00,0x28,0x09,0xef,0x05,0x03,0xff,0x32,0x09,0xd3,0x04,0x0a,0xf1,
    0x05,0x02,0xf5,0x00,0x02,0x02,0x00,0x02,0xb0,0x00,0x0d,0x02,0x00,0x06,0x60,0x02,
    0x04,0xf2,0x12,0x03,0x02,0x00,0x01,0x36,0x00,0x15,0x18,0x1e,0x89,0x04,0x58,0x10,
    0x26,0x18,0x80,0x61,0x02,0x2a,0x10,0x78,0xf4,0x03,0x0f,0x02,0x00,0x0b,0x01,0xa5,
    0x03,0x0f,0xd7,0x04,0x03,0x12,0x10,0xb6,0x0c,0x0f,0xe8,0x37,0x02,0x0f,0x02,0x00,
    0x2a,0x02,0x58,0x00,0x03,0x02,0x00,0x01,0xef,0x05,0x33,0x00,0x00,0x8f,0x0f,0x00,
    0x02,0x02,0x00,0x06,0xc4,0x70,0x0c,0x86,0x1c,0x03,0xb0,0x00,0x0b,0x02,0x00,0x07,
    0x8f,0x00,0x0a,0x61,0x02,0x02,0x38,0x02,0x24,0x80,0x80,0xa2,0x3a,0x04,0x31,0x01,
    0x03,0x73,0x41,0x01,0x02,0x00,0x08,0x23,0x07,0x18,0x20,0xce,0x17,0x0f,0x02,0x00,
    0x01,0x02,0x9b,0x0f,0x08,0xc3,0x08,0x04,0x02,0x00,0x13,0x10,0xd7,0x00,0x01,0x90,
    0x05,0x0f,0x02,0x00,0x39,0x03,0x16,0x05,0x03,0x02,0x00,0x12,0x8f,0x5b,0x00,0x02,
    0x93,0x18,0x04,0x02,0x00,0x02,0x11,0x79,0x03,0x02,0x00,0x02,0xf4,0x00,0x03,0x02,
    0x00,0x04,0xb0,0x00,0x09,0x02,0x00,0x08,0x82,0x02,0x01,0x2f,0x02,0x05,0x02,0x00,
    0x02,0x4e,0x03,0x11,0x60,0x87,0x17,0x01,0x02,0x00,0x03,0x3c,0xa5,0x09,0xff,0x25,
    0x16,0x50,0x72,0x01,0x1f,0x20,0xd7,0x0b,0x0e,0x04,0x07,0x30,0x01,0x77,0x05,0x07,
    0x02,0x00,0x04,0x3e,0xad,0x01,0x1f,0x09,0x0f,0x02,0x00,0x3a,0x0a,0x1b,0x01,0x03,
    0xee,0x03,0x0a,0xf1,0x05,0x15,0xc7,0xf1,0x00,0x07,0x69,0x04,0x02,0x02,0x00,0x0f,
    0x31,0x01,0x01,0x06,0x8f,0x03,0x01,0x88,0x0a,0x07,0x3d,0x00,0x02,0x2e,0x0e,0x17,
    0x38,0x7f,0x8b,0x03,0x63,0xb0,0x63,0x68,0x80,0x80,0x38,0x00,0x10,0x39,0x00,0x18,
    0x48,0x30,0x01,0x0e,0x0b,0x01,0x0b,0x02,0x00,0x12,0x38,0x54,0x06,0x09,0x85,0x08,
    0x03,0x03,0x37,0x05,0x8f,0x05,0x0f,0x02,0x00,0x39,0x0a,0x6c,0x09,0x03,0xb3,0x00,
    0x0a,0xb9,0x5c,0x08,0xc1,0x04,0x02,0x23,0x02,0x06,0x02,0x00,0x0e,0x31,0x01,0x09,
    0xba,0x00,0x02,0x2f,0x02,0x04,0x02,0x00,0x02,0x30,0x01,0x01,0xd5,0x04,0x03,0x2f,
    0x03,0x01,0x3a,0xd4,0x31,0x40,0x20,0x20,0x15,0x07,0x13,0x78,0xf2,0x0c,0x14,0x20,
    0xa2,0x02,0x11,0x08,0x39,0x00,0x0c,0x3c,0x02,0x0b,0x02,0x00,0x03,0xde,0x97,0x04,
    0xba,0x00,0x27,0x30,0x40,0x51,0xc6,0x1f,0xb0,0x17,0x16,0x04,0x0f,0x02,0x00,0x28,
    0x05,0xb9,0x00,0x01,0xbd,0x00,0x04,0x49,0x00,0x02,0xeb,0x09,0x04,0x02,0x00,0x06,
    0xc1,0x04,0x14,0x68,0x21,0x00,0x06,0x02,0x00,0x0a,0x95,0x0a,0x07,0xc5,0x2a,0x03,
    0x02,0x00,0x07,0xe4,0x04,0x02,0x30,0x01,0x02,0xbb,0xab,0x09,0x78,0x00,0x0f,0x02,
    0x00,0x44,0x1f,0xb0,0xcb,0x33,0x02,0x0f,0x02,0x00,0x2a,0x0a,0xbf,0x04,0x14,0xaf,
    0x4c,0x00,0x02,0x4b,0x0c,0x04,0x02,0x00,0x05,0xc1,0x04,0x0d,0x32,0x14,0x07,0x1a,
    0x10,0x02,0x02,0x00,0x0b,0x5e,0x02,0x01,0x43,0x6a,0x02,0x1a,0x00,0x06,0x04,0x02,
    0x02,0xa4,0x03,0x0f,0x31,0x01,0x4f,0x11,0xb0,0x75,0x00,0x14,0x78,0x7a,0x02,0x07,
    0x02,0x00,0x01,0x83,0x3f,0x04,0xc6,0x23,0x0f,0x02,0x00,0x1a,0x0a,0xbf,0x04,0x05,
    0x07,0x09,0x03,0xbd,0x08,0x03,0x02,0x00,0x04,0x82,0x09,0x0f,0x2f,0x01,0x02,0x01,
    0x7b,0x5f,0x02,0x2a,0x0e,0x2f,0x70,0x48,0x4d,0x0b,0x02,0x04,0x82,0x02,0x03,0xe1,
    0x0b,0x01,0x68,0x0a,0x53,0x80,0x80,0x80,0xb0,0xf7,0x5f,0x00,0x0f,0x02,0x00,0x43,
    0x33,0xdf,0x30,0x20,0xe1,0x21,0x0c,0x44,0x04,0x02,0xc2,0x08,0x0c,0x29,0x54,0x0f,
    0x02,0x00,0x13,0x0a,0x3a,0x08,0x06,0x5a,0x00,0x01,0x74,0x11,0x04,0x02,0x00,0x03,
    0x45,0x21,0x0f,0x2f,0x01,0x05,0x01,0x02,0x00,0x15,0x10,0xd2,0x9a,0x0e,0x02,0x00,
    0x12,0x18,0x4f,0x01,0x05,0x5e,0x00,0x02,0x61,0x02,0x2f,0x80,0x88,0x63,0x02,0x48,
    0x71,0xef,0x80,0x00,0x00,0x00,0x00,0x28,0x87,0x58,0x01,0xd0,0x0f,0x0a,0x02,0x00,
    0x03,0x82,0x00,0x0f,0x1b,0x05,0x0c,0x0f,0x02,0x00,0x00,0x01,0x0d,0x2a,0x04,0x02,
    0x00,0x07,0x02,0x4f,0x0a,0xc6,0x0a,0x01,0x04,0x7f,0x03,0x8e,0x05,0x0f,0x02,0x00,
    0x22,0x26,0x10,0x38,0xe9,0x3f,0x03,0x67,0x86,0x01,0xc5,0x13,0x04,0x8a,0x09,0x0f,
    0x02,0x00,0x3c,0x11,0xcf,0xcf,0x24,0x02,0x02,0x00,0x0f,0x3a,0x1a,0x02,0x04,0x7b,
    0x1f,0x0f,0x31,0x01,0x1d,0x0a,0x39,0x08,0x05,0xbf,0x04,0x0c,0x26,0x0d,0x4f,0xb8,
    0x80,0x80,0x50,0x07,0x04,0x00,0x07,0x02,0x00,0x89,0x30,0x58,0x70,0x80,0x80,0x80,
    0x60,0x48,0x9f,0x09,0x0f,0x02,0x00,0x06,0x03,0x89,0x1c,0xa3,0x80,0x28,0x00,0x00,
    0x20,0x98,0xc0,0xc0,0xd7,0xdf,0x5a,0x42,0x34,0xcf,0xdf,0xdf,0x0b,0x00,0x05,0x02,
    0x00,0x1c,0xdf,0x14,0x00,0x75,0xcf,0xdf,0xdf,0xdf,0xdf,0xdf,0xc7,0x21,0x00,0x0a,
    0x02,0x00,0x2f,0x9f,0x80,0xaf,0xe1,0x14,0x01,0xb2,0x00,0x01,0xcd,0x2e,0x0f,0x02,
    0x00,0x18,0x0a,0xd8,0x05,0x03,0x7e,0x09,0x01,0xf9,0x0e,0x09,0xf2,0x01,0x22,0xdf,
    0x40,0x6c,0x30,0x0f,0x02,0x00,0x05,0x16,0x28,0x4a,0x0e,0x0f,0x8e,0x66,0x01,0x0e,
    0x02,0x00,0x03,0x3c,0x13,0x03,0x51,0x34,0x01,0x4e,0x08,0x01,0x3b,0x06,0x0a,0xd1,
    0x0f,0x01,0x02,0x00,0x22,0x20,0x70,0x28,0x00,0x05,0x02,0x00,0x02,0x4c,0x03,0x0f,
    0xc7,0x05,0x01,0x0f,0x02,0x00,0x4f,0x0a,0x42,0x04,0x08,0x43,0x02,0x0a,0x1a,0x00,
    0x4d,0x90,0x80,0x80,0x78,0x09,0x40,0x05,0x02,0x00,0x0a,0xf6,0x0c,0x0e,0x23,0x07,
    0x01,0xb1,0x13,0x06,0x60,0x15,0x01,0x02,0x1a,0x01,0x91,0x03,0x15,0x58,0x3b,0x01,
    0x03,0x1e,0x00,0x1b,0x50,0x05,0x71,0x01,0x02,0x00,0x25,0x28,0x50,0xfa,0x04,0x08,
    0x9d,0x02,0x09,0x15,0x00,0x0f,0x02,0x00,0x53,0x0a,0x4e,0x08,0x05,0x6e,0x5b,0x0e,
    0x43,0x0e,0x02,0xd4,0x11,0x13,0x70,0xd6,0x00,0x0b,0x02,0x00,0x0a,0x2f,0x01,0x0f,
    0x38,0x16,0x00,0x02,0xd5,0x0a,0x0a,0x3e,0x00,0x01,0xd1,0x19,0x01,0x3f,0x04,0x01,
    0x0d,0x06,0x03,0x9a,0x07,0x23,0x08,0x78,0x70,0x01,0x0f,0x3e,0x06,0x08,0x05,0x52,
    0x4b,0x0f,0x31,0x01,0x5f,0x0a,0xcc,0x11,0x03,0x3d,0x0e,0x02,0x02,0x00,0x19,0x30,
    0x91,0x03,0x04,0xe3,0x0b,0x0f,0x78,0x3c,0x00,0x05,0xbf,0x00,0x06,0x02,0x00,0x0c,
    0x31,0x01,0x01,0x12,0x01,0x03,0xf8,0x20,0x05,0x02,0x00,0x21,0x18,0x58,0xfd,0x12,
    0x01,0x26,0x0e,0x01,0xcb,0x04,0x01,0x8c,0x08,0x13,0x38,0x14,0x0b,0x1f,0x40,0x34,
    0x3e,0x00,0x04,0x02,0x00,0x02,0x7f,0x01,0x06,0xd0,0x09,0x07,0x02,0x00,0x16,0x18,
    0xdd,0x22,0x0f,0x02,0x00,0x41,0x0a,0xc7,0x0b,0x03,0x7f,0x0b,0x03,0x02,0x00,0x09,
    0x3a,0x07,0x05,0x86,0x1c,0x0e,0x54,0x08,0x03,0x8b,0x04,0x09,0x02,0x00,0x01,0x38,
    0x02,0x05,0x02,0x00,0x02,0x71,0x04,0x1f,0x80,0xda,0x25,0x00,0x02,0x02,0x00,0x01,
    0x4f,0x01,0x31,0x58,0x00,0x20,0xd5,0x06,0x12,0x58,0xc5,0x1d,0x1e,0x40,0x76,0x01,
    0x06,0x02,0x00,0x03,0x9e,0x16,0x05,0x50,0x20,0x05,0x02,0x00,0x1f,0x10,0x41,0x05,
    0x16,0x0f,0x02,0x00,0x22,0x0a,0x1e,0x07,0x07,0x4e,0x08,0x0e,0x52,0x08,0x02,0x91,
    0x03,0x0f,0x9a,0x29,0x01,0x01,0xee,0x00,0x0c,0x02,0x00,0x09,0xb9,0x03,0x07,0x22,
    0x00,0x12,0x58,0x5c,0x00,0x0a,0x02,0x00,0x02,0x72,0x01,0x51,0x10,0x00,0x70,0x78,
    0x18,0x3d,0x02,0x13,0x20,0xa8,0x0f,0x0c,0xa7,0x02,0x06,0x02,0x00,0x04,0x31,0x01,
    0x07,0x4d,0x18,0x01,0x02,0x00,0x02,0x4a,0x00,0x01,0x71,0x1a,0x0f,0x02,0x00,0x41,
    0x0a,0x1e,0x07,0x04,0x8e,0x12,0x03,0x02,0x00,0x0a,0xfa,0x0b,0x04,0x91,0x03,0x0d,
    0x98,0x1a,0x01,0x3e,0x0f,0x0d,0x02,0x00,0x03,0x8f,0x04,0x01,0x02,0x00,0x02,0x36,
    0x0f,0x03,0x02,0x00,0x0a,0xc4,0x02,0x03,0x02,0x00,0x01,0x67,0x21,0x31,0x38,0x00,
    0x38,0xf9,0x18,0x34,0x08,0x68,0x38,0x4b,0x20,0x0a,0xa7,0x02,0x08,0x02,0x00,0x03,
    0x21,0x4a,0x0d,0x4e,0x00,0x03,0xd2,0x0b,0x0e,0x4d,0x2b,0x0f,0x02,0x00,0x32,0x0a,
    0x04,0x07,0x0c,0x9e,0x00,0x09,0xe3,0x0b,0x02,0xb3,0x0a,0x01,0x02,0x00,0x0a,0x74,
    0x0f,0x01,0xec,0x00,0x0e,0x02,0x00,0x07,0x8c,0x05,0x19,0x28,0x1e,0x00,0x0f,0xa1,
    0x09,0x02,0x11,0x68,0x44,0x58,0x12,0x08,0x53,0x02,0x11,0x08,0xa7,0x07,0x01,0xa2,
    0x08,0x01,0x0a,0x00,0x0f,0x02,0x00,0x03,0x2f,0x30,0x68,0x42,0x0b,0x02,0x04,0x8f,
    0x00,0x08,0x1f,0x48,0x05,0x02,0x00,0x4f,0x10,0x40,0x60,0x60,0x8d,0x21,0x10,0x0f,
    0x02,0x00,0x05,0x0f,0x8f,0x03,0x0a,0x0c,0x91,0x03,0x07,0x05,0x13,0x09,0xd6,0x01,
    0x07,0x6d,0x03,0x08,0x02,0x00,0x07,0x55,0x01,0x04,0x3f,0x0e,0x02,0x02,0x00,0x06,
    0xe4,0x09,0x34,0x08,0x50,0x60,0x14,0x1c,0x21,0x08,0x78,0x5e,0x0e,0x17,0x50,0xb1,
    0x03,0x01,0xf5,0x04,0x08,0xa7,0x02,0x0f,0x02,0x00,0x14,0x03,0xb9,0x0b,0x03,0x67,
    0x07,0x0a,0x02,0x00,0x03,0x62,0x1e,0x1f,0x78,0x76,0x20,0x02,0x49,0x00,0x00,0x68,
    0x58,0x47,0x04,0x0d,0x02,0x00,0x0a,0x3c,0x0e,0x0b,0x8f,0x03,0x0c,0x91,0x03,0x01,
    0x28,0x53,0x02,0x02,0x00,0x09,0xd6,0x1a,0x02,0x13,0x00,0x0e,0x02,0x00,0x04,0x9e,
    0x1d,0x01,0xc2,0x05,0x08,0x02,0x00,0x05,0x34,0x02,0x17,0x48,0xaa,0x2a,0x51,0x18,
    0x70,0x80,0x80,0x08,0x62,0x20,0x04,0xb3,0x00,0x01,0x9d,0x1c,0x0f,0xfa,0x0d,0x00,
    0x0f,0x02,0x00,0x0e,0x14,0x08,0x63,0x02,0x0f,0x2a,0x00,0x00,0x01,0x85,0x01,0x0e,
    0xd8,0x64,0x03,0x02,0x00,0x1f,0x78,0x65,0x0a,0x0a,0x0c,0x71,0x03,0x0c,0x8f,0x03,
    0x0c,0x22,0x07,0x02,0x1e,0x11,0x01,0x02,0x00,0x07,0x6d,0x03,0x02,0x20,0x99,0x0f,
    0x02,0x00,0x00,0x05,0x17,0x01,0x02,0x28,0x21,0x06,0x02,0x00,0x05,0x68,0x00,0x01,
    0x19,0x15,0x04,0x70,0x07,0x41,0x08,0x58,0x80,0x20,0xad,0x02,0x05,0x8d,0x01,0x01,
    0xc7,0x03,0x05,0x20,0x06,0x26,0x08,0x38,0x81,0x01,0x0f,0x02,0x00,0x0d,0x02,0xdd,
    0x04,0x05,0x0e,0x11,0x08,0x02,0x00,0x01,0xf6,0x09,0x04,0x60,0x90,0x0c,0x02,0x00,
    0x02,0x4e,0x01,0x1f,0x70,0xd4,0x0d,0x05,0x0a,0xd1,0x05,0x0b,0x1e,0x07,0x0e,0xb3,
    0x0a,0x03,0xe8,0x22,0x0c,0x98,0x1f,0x02,0x12,0x00,0x0e,0x02,0x00,0x06,0xb5,0x03,
    0x0b,0xb2,0x03,0x04,0xc8,0x00,0x03,0x29,0x06,0x05,0x8a,0x29,0x13,0x10,0x9d,0x6e,
    0x05,0x50,0x01,0x01,0x07,0x0b,0x02,0x8a,0x00,0x56,0x00,0x00,0x40,0x80,0x78,0x52,
    0x00,0x0f,0x02,0x00,0x0e,0x17,0x40,0x29,0x81,0x0a,0x02,0x00,0x04,0x8e,0x13,0x05,
    0x97,0x01,0x08,0x02,0x00,0x11,0x18,0x35,0x05,0x02,0x46,0x05,0x0e,0x02,0x00,0x09,
    0x35,0x1b,0x0a,0xad,0x0a,0x02,0x02,0x00,0x0a,0xb3,0x0a,0x05,0x83,0x09,0x06,0x90,
    0x18,0x0c,0xa1,0x56,0x08,0x02,0x00,0x06,0xde,0x00,0x0b,0x30,0x01,0x04,0xf2,0x05,
    0x03,0x4d,0x04,0x04,0xb6,0x43,0x02,0x02,0x00,0x17,0x60,0xf9,0x3e,0x01,0x97,0x0a,
    0x04,0xa7,0x02,0x1c,0x70,0xef,0x0a,0x0f,0x02,0x00,0x0b,0x01,0xfc,0x0a,0x0f,0x02,
    0x00,0x03,0x01,0x0d,0x68,0x1f,0x60,0xb5,0x1c,0x05,0x2d,0x58,0x60,0x72,0x68,0x03,
    0x02,0x00,0x0a,0xee,0x05,0x18,0xff,0x64,0x03,0x04,0x02,0x00,0x0a,0x40,0x07,0x04,
    0x36,0x14,0x0f,0x30,0x01,0x1d,0x0a,0xf0,0x05,0x05,0x35,0x09,0x04,0x30,0x01,0x18,
    0x80,0x7a,0x00,0x18,0x20,0x17,0x01,0x11,0x08,0x07,0x19,0x02,0x8d,0x00,0x01,0x29,
    0x08,0x08,0x2a,0x00,0x0f,0x02,0x00,0x5e,0x0a,0xee,0x05,0x09,0x3c,0x0e,0x04,0x02,
    0x00,0x0a,0x2f,0x0d,0x07,0x4c,0x8d,0x03,0x23,0x02,0x01,0xf9,0x11,0x01,0x41,0x01,
    0x0e,0x02,0x00,0x06,0xdc,0x00,0x02,0x17,0x04,0x06,0x02,0x00,0x03,0x7a,0x02,0x05,
    0x30,0x01,0x09,0x1b,0x03,0x63,0x48,0x80,0x80,0x80,0x08,0x00,0xb9,0x81,0x25,0x00,
    0x40,0xf8,0x44,0x02,0xa2,0x0a,0x07,0x78,0x00,0x0f,0x02,0x00,0x5d,0x1a,0x10,0x5f,
    0x09,0x0f,0xba,0x07,0x02,0x0b,0x24,0x00,0x05,0xe4,0x0b,0x17,0x80,0xad,0x00,0x0c,
    0x3e,0x02,0x04,0x02,0x00,0x04,0x49,0x03,0x05,0xa9,0x04,0x05,0x02,0x00,0x03,0x52,
    0x08,0x05,0x30,0x01,0x02,0xc7,0x43,0x03,0x02,0x00,0x11,0x08,0x2c,0x2d,0x32,0x20,
    0x80,0x50,0xdf,0x05,0x01,0xb1,0xa0,0x01,0x02,0x00,0x01,0x76,0x01,0x05,0xed,0x04,
    0x0f,0x02,0x00,0x5f,0x0a,0xdc,0x0b,0x1f,0xff,0xf1,0x03,0x03,0x0a,0x66,0x15,0x03,
    0x97,0x16,0x0a,0x30,0x01,0x02,0x83,0x0c,0x0d,0x02,0x00,0x04,0xd6,0x05,0x06,0xaf,
    0x17,0x05,0x02,0x00,0x0d,0x30,0x01,0x09,0xac,0x01,0x11,0x20,0xbc,0x09,0x1e,0x70,
    0x0d,0x0d,0x01,0xff,0x05,0x05,0x30,0x07,0x0f,0x02,0x00,0x5e,0x0a,0x4f,0x0f,0x0d,
    0x7d,0x09,0x02,0x02,0x00,0x0a,0xa5,0x10,0x05,0x53,0x08,0x07,0x8d,0x0a,0x02,0xa3,
    0x05,0x0e,0x02,0x00,0x05,0xe6,0x06,0x01,0x56,0x03,0x09,0x20,0x00,0x0d,0x30,0x01,
    0x03,0x02,0x06,0x12,0x20,0xf1,0x11,0x12,0x38,0x14,0x26,0x0d,0x1d,0x27,0x01,0xff,
    0x05,0x09,0x8c,0x02,0x01,0xba,0x18,0x2f,0x50,0x60,0x6a,0x08,0x18,0x0f,0x02,0x00,
    0x27,0x0a,0x9b,0x04,0x0f,0xee,0x05,0x02,0x0e,0x55,0x86,0x04,0x61,0x02,0x09,0x12,
    0x14,0x06,0x58,0x03,0x08,0x02,0x00,0x08,0xb0,0x02,0x03,0x3a,0x08,0x04,0x02,0x00,
    0x04,0x4b,0x01,0x04,0x10,0x00,0x04,0x50,0x00,0x13,0x28,0x1b,0x00,0x36,0x50,0x80,
    0x20,0x08,0x13,0x07,0x02,0x00,0x28,0x10,0x78,0xd4,0x3d,0x03,0x02,0x00,0x01,0x5e,
    0x8b,0x06,0x2c,0x05,0x0f,0x02,0x00,0x46,0x0a,0x5f,0x02,0x0f,0xee,0x05,0x02,0x01,
    0x3d,0x02,0x0a,0x61,0x02,0x03,0x89,0x1c,0x08,0x0d,0x01,0x03,0x29,0x03,0x0b,0x02,
    0x00,0x09,0x52,0x01,0x05,0xc9,0x37,0x02,0x02,0x00,0x03,0xf0,0x05,0x07,0x0e,0x25,
    0x02,0xb0,0x02,0x14,0x40,0x1c,0x07,0x22,0x50,0x20,0x0d,0x00,0x06,0x03,0x05,0x02,
    0x02,0x00,0x01,0xfb,0x03,0x03,0x9e,0x02,0x03,0x02,0x00,0x03,0xcc,0x0f,0x1f,0x60,
    0x09,0x06,0x4d,0x02,0x0b,0x2b,0x05,0x02,0x00,0x0a,0x85,0x00,0x08,0x02,0x00,0x0a,
    0x58,0x01,0x02,0xb4,0x0a,0x0b,0x2e,0x00,0x02,0x29,0x03,0x09,0x02,0x00,0x0b,0x7d,
    0x04,0x0a,0x61,0x02,0x04,0x07,0x01,0x01,0x91,0x04,0x02,0x02,0x00,0x01,0xdd,0x05,
    0x01,0xb7,0x03,0x04,0x7d,0x02,0x2f,0x08,0x78,0xde,0x05,0x00,0x01,0xf4,0x05,0x04,
    0x3f,0x00,0x01,0x02,0x00,0x05,0x5a,0x00,0x04,0x85,0x01,0x0b,0x02,0x00,0x2f,0x08,
    0x40,0xa1,0xa8,0x05,0x0f,0x02,0x00,0x1b,0x0a,0xac,0x0a,0x0f,0xdc,0x0b,0x00,0x04,
    0x02,0x00,0x0a,0x5f,0x21,0x02,0x9c,0x29,0x0c,0xcd,0x01,0x01,0x29,0x03,0x08,0x02,
    0x00,0x04,0xe5,0x0c,0x05,0x02,0x00,0x01,0x0b,0x01,0x03,0x02,0x00,0x05,0x0a,0x06,
    0x01,0xfe,0x00,0x02,0x02,0x00,0x01,0x04,0x01,0x01,0x01,0x0d,0x05,0x8e,0x09,0x1c,
    0x38,0x3c,0x25,0x04,0xf6,0x17,0x0a,0x1a,0x01,0x01,0x98,0x09,0x01,0x94,0x0b,0x0c,
    0x96,0x00,0x01,0x02,0x00,0x01,0x8d,0x20,0x0f,0x46,0xad,0x02,0x04,0x02,0x00,0x6f,
    0x20,0x48,0x60,0x78,0x80,0x78,0xd9,0x1a,0x07,0x01,0xd5,0x02,0x15,0x88,0x5a,0x02,
    0x01,0x02,0x00,0x08,0x20,0x08,0x0b,0x02,0x00,0x0b,0x53,0x08,0x1f,0xe7,0xc6,0x00,
    0x01,0x0c,0x62,0x02,0x0f,0x63,0x3a,0x00,0x01,0xb8,0x00,0x02,0x02,0x00,0x05,0xf0,
    0x00,0x04,0x55,0x1b,0x04,0x53,0x00,0x02,0x09,0x05,0x05,0x8e,0x09,0x14,0x68,0xeb,
    0x0b,0x01,0x7d,0x02,0x03,0x02,0x00,0x16,0x30,0x95,0x42,0x03,0x02,0x00,0x05,0xa6,
    0x02,0x0f,0x1d,0x37,0x02,0x04,0x5c,0x0c,0x0f,0x0e,0x1c,0x07,0x05,0x35,0x3d,0x0f,
    0xd9,0x1a,0x05,0x16,0x30,0xb0,0x26,0x03,0x02,0x00,0x0f,0x84,0x27,0x0a,0x0b,0x61,
    0x02,0x1d,0xb0,0xb8,0x06,0x01,0x02,0x00,0x08,0x41,0x02,0x04,0xa5,0x11,0x08,0x02,
    0x00,0x02,0xaf,0x2b,0x01,0x6f,0x14,0x06,0xff,0x00,0x04,0x49,0x10,0x03,0x86,0x03,
    0x03,0x8c,0x04,0x04,0x92,0x03,0x14,0x18,0xcf,0x04,0x02,0x9e,0x61,0x0f,0x02,0x00,
    0x06,0x05,0x7b,0x00,0x09,0x97,0x08,0x03,0x02,0x00,0x05,0x1d,0x00,0x2f,0x80,0x70,
    0x84,0x34,0x05,0x05,0x71,0x01,0x0d,0x7c,0x07,0x03,0x02,0x00,0x22,0x20,0x78,0xa1,
    0x2c,0x05,0x02,0x00,0x0f,0x4d,0x08,0x04,0x02,0x02,0x00,0x0b,0x37,0x0d,0x1f,0xef,
    0xf2,0x18,0x01,0x42,0x00,0x00,0x00,0x10,0x7d,0xab,0x0f,0xc6,0x21,0x07,0x03,0xba,
    0x00,0x08,0xab,0x03,0x05,0x7d,0x04,0x03,0x44,0x0e,0x03,0xee,0x0e,0x04,0x4e,0x06,
    0x13,0x30,0xd9,0x04,0x1f,0x48,0x6c,0x03,0x04,0x04,0x02,0x00,0x05,0xb4,0x3a,0x04,
    0x11,0x00,0x07,0x02,0x00,0x13,0x08,0x77,0x00,0x0f,0xbb,0x26,0x00,0x05,0x02,0x00,
    0x06,0xb7,0x01,0x05,0xfb,0x02,0x0a,0x02,0x00,0x1b,0x08,0x93,0xcd,0x01,0x3e,0x04,
    0x0f,0x02,0x00,0x06,0x0a,0xb4,0x0a,0x1b,0xff,0xed,0x05,0x08,0x02,0x00,0x1f,0x20,
    0x05,0x1b,0x09,0x6a,0x00,0x10,0x48,0x68,0x80,0x70,0xe7,0x0e,0x05,0xcd,0x00,0x02,
    0x1b,0x02,0x03,0xea,0x01,0x04,0x61,0x02,0x02,0x3e,0x85,0x01,0xd8,0x04,0x08,0x66,
    0x01,0x0e,0x02,0x00,0x02,0xc0,0x11,0x0f,0x30,0x01,0x02,0x09,0x3e,0x24,0x0f,0xe8,
    0x00,0x05,0x01,0x7a,0x2d,0x01,0x02,0x00,0x04,0xab,0x01,0x0a,0x02,0x00,0x0b,0x7c,
    0x09,0x0f,0x5f,0x02,0x0a,0x0e,0x61,0x02,0x0f,0x54,0x00,0x03,0x0f,0x02,0x00,0x22,
    0x05,0xf8,0x04,0x02,0x23,0x01,0x02,0xf1,0x05,0x02,0x55,0x02,0x01,0x7b,0x01,0x33,
    0x50,0x80,0x60,0xe8,0x04,0x0f,0x31,0x01,0x0b,0x02,0xee,0x03,0x0a,0xc4,0x08,0x06,
    0x02,0x00,0x03,0x8a,0x35,0x0e,0xa8,0x06,0x06,0x02,0x00,0x21,0x18,0x38,0x98,0x10,
    0x0f,0xdb,0x00,0x03,0x0c,0xe2,0xa3,0x0f,0x77,0x01,0x05,0x04,0x02,0x00,0x0b,0x61,
    0x02,0x14,0x80,0x18,0x00,0x0c,0x02,0x00,0x2f,0x20,0x38,0x28,0x40,0x06,0x0f,0x02,
    0x00,0x05,0x02,0x46,0x0f,0x05,0xd8,0x01,0x01,0x42,0x14,0x02,0xc1,0x10,0x11,0x40,
    0x19,0x31,0x02,0xb8,0x7b,0x1f,0x50,0x97,0x1a,0x01,0x0a,0x02,0x00,0x1b,0x38,0x61,
    0x4d,0x0a,0x02,0x00,0x01,0x32,0x01,0x0f,0x10,0x06,0x02,0x0f,0x02,0x00,0x11,0x0b,
    0xc2,0x05,0x0f,0x5f,0x02,0x0c,0x0d,0x61,0x02,0x03,0x57,0x5d,0x0b,0x02,0x00,0x05,
    0x6f,0x61,0x13,0x78,0x2a,0x0f,0x0f,0x02,0x00,0x13,0x02,0x31,0x01,0x04,0x1a,0x02,
    0x03,0xa0,0x03,0x12,0x60,0x15,0x4c,0x41,0x50,0x00,0x00,0x00,0x3c,0x06,0x01,0xe8,
    0x04,0x0b,0xd3,0x09,0x0c,0x02,0x00,0x0f,0x1b,0x02,0x03,0x05,0x02,0x00,0x1f,0x10,
    0x3f,0x34,0x27,0x01,0x2f,0x51,0x07,0x02,0x00,0x0f,0x5f,0x02,0x0d,0x0d,0x61,0x02,
    0x07,0xc6,0x23,0x05,0x02,0x00,0x03,0xea,0x00,0x01,0x02,0x00,0x09,0x1a,0x4e,0x05,
    0x02,0x00,0x2f,0x30,0x60,0xf0,0x6e,0x02,0x36,0x08,0x40,0x78,0x79,0x47,0x04,0x62,
    0x08,0x03,0x50,0x1b,0x02,0xa6,0x03,0x04,0x81,0x0e,0x0f,0x6b,0x0f,0x65,0x0a,0xd4,
    0x1e,0x0f,0x5f,0x02,0x0f,0x0d,0x84,0x09,0x0e,0x0a,0x55,0x05,0x88,0x04,0x03,0x02,
    0x00,0x0e,0xd0,0x0d,0x04,0xea,0x15,0x04,0xff,0x13,0x0f,0x02,0x00,0x04,0x03,0x77,
    0x01,0x13,0x20,0x2e,0x0d,0x05,0x31,0x01,0x01,0x96,0x0a,0x04,0x0a,0x19,0x0f,0x02,
    0x00,0x5b,0x0b,0x0a,0x0d,0x05,0x8a,0xaf,0x0f,0x02,0x00,0x09,0x0b,0xc2,0x03,0x0c,
    0xd5,0x2e,0x0c,0x2f,0x01,0x0e,0x31,0x01,0x13,0x10,0x9a,0x04,0x06,0x7b,0x03,0x0f,
    0x02,0x00,0x04,0x01,0x19,0x01,0x01,0xe4,0x0b,0x01,0x48,0x0a,0x04,0x79,0x01,0x01,
    0xb7,0x03,0x05,0xca,0x0a,0x1f,0x08,0xcb,0x0b,0x02,0x0f,0x02,0x00,0x44,0x0a,0x11,
    0x0e,0x0f,0xbe,0x05,0x07,0x08,0x02,0x00,0x0b,0xe5,0x0b,0x0c,0x35,0x00,0x02,0xe5,
    0x00,0x08,0x02,0x00,0x1b,0x78,0x4f,0x04,0x04,0x67,0x0b,0x0f,0x22,0x1b,0x0e,0x01,
    0x19,0x01,0x01,0x55,0x15,0x01,0x9c,0x03,0x05,0x17,0x07,0x01,0x18,0x00,0x04,0x1f,
    0x09,0x19,0x20,0xcb,0x5b,0x0f,0x02,0x00,0x4b,0x0b,0x2b,0x02,0x0f,0xdb,0x0b,0x0a,
    0x06,0x02,0x00,0x0b,0x82,0x08,0x0a,0xff,0x11,0x06,0xf0,0x09,0x06,0x02,0x00,0x05,
    0x4a,0x03,0x01,0x02,0x00,0x07,0x2a,0x0e,0x01,0xcd,0x45,0x0f,0x02,0x00,0x08,0x06,
    0x19,0x01,0x01,0x9c,0x03,0x02,0xba,0x10,0x04,0xa2,0x4f,0x03,0x86,0x01,0x01,0x00,
    0x06,0x13,0x58,0x0d,0x00,0x0f,0x02,0x00,0x4b,0x0b,0xae,0x0b,0x12,0xff,0x29,0x0a,
    0x0f,0x02,0x00,0x0f,0x0b,0x96,0x02,0x03,0x67,0x34,0x01,0x02,0x00,0x01,0xbe,0x00,
    0x0c,0x02,0x00,0x05,0x3c,0x03,0x01,0x02,0x00,0x03,0xb9,0x0b,0x02,0x02,0x00,0x04,
    0x26,0x02,0x03,0x02,0x00,0x1b,0x18,0x0b,0xcd,0x14,0x18,0x76,0x4e,0x01,0x61,0x02,
    0x06,0xa4,0x0c,0x26,0x08,0x60,0x86,0x01,0x01,0x50,0x00,0x0f,0x20,0x08,0x26,0x0f,
    0x02,0x00,0x13,0x11,0x10,0x1a,0x25,0x0a,0x98,0x10,0x03,0x4c,0x4b,0x0f,0x02,0x00,
    0x10,0x0b,0xf6,0x04,0x08,0x68,0x01,0x03,0x96,0x0b,0x0b,0x02,0x00,0x08,0x9d,0x05,
    0x08,0x5f,0x02,0x0b,0x4b,0x01,0x01,0x9b,0x0b,0x0b,0x82,0x08,0x13,0x30,0xce,0x12,
    0x01,0xc2,0x04,0x25,0x78,0x08,0x2c,0x08,0x24,0x28,0x60,0xe9,0x49,0x01,0x7b,0x02,
    0x06,0xde,0x04,0x0f,0x02,0x00,0x40,0x11,0x20,0xf4,0x09,0x03,0x8b,0x6b,0x06,0x02,
    0x00,0x0b,0xec,0x01,0x0f,0x02,0x00,0x08,0x0b,0x56,0x07,0x06,0x27,0x06,0x0f,0x5f,
    0x02,0x02,0x0a,0x46,0x02,0x01,0x0f,0x02,0x06,0x02,0x00,0x04,0xc5,0x05,0x06,0x08,
    0x06,0x0f,0x5c,0x09,0x04,0x01,0xf6,0x04,0x44,0x48,0x00,0x00,0x30,0x4c,0x41,0x04,
    0x3a,0x6d,0x02,0x7b,0x02,0x09,0x4a,0x00,0x03,0x02,0x00,0x1b,0x18,0x22,0x39,0x0f,
    0x02,0x00,0x00,0x1f,0x08,0xbe,0x43,0x10,0x03,0x63,0x04,0x1b,0x90,0x22,0x30,0x0f,
    0x4a,0x09,0x01,0x0f,0x02,0x00,0x04,0x0c,0xb6,0x09,0x05,0x92,0x03,0x01,0x06,0x02,
    0x0e,0x02,0x00,0x07,0xc1,0x04,0x04,0xe7,0x0c,0x04,0x02,0x00,0x07,0x49,0x09,0x04,
    0x9c,0x02,0x07,0x13,0x00,0x07,0x02,0x00,0x02,0x17,0x01,0x51,0x08,0x00,0x00,0x70,
    0x80,0x4b,0x27,0x06,0x02,0x00,0x04,0xb2,0x02,0x0c,0x29,0x07,0x01,0x7e,0xbe,0x01,
    0xe4,0x0a,0x0f,0x02,0x00,0x06,0x01,0x97,0xd9,0x0f,0x8b,0x2b,0x07,0x02,0x02,0x00,
    0x02,0xbd,0x21,0x0c,0xed,0x2e,0x06,0x25,0x02,0x0f,0x02,0x00,0x10,0x0b,0x29,0x06,
    0x05,0x24,0x07,0x01,0x05,0x02,0x0e,0x02,0x00,0x07,0x97,0x0f,0x0d,0x22,0x00,0x06,
    0x6e,0x00,0x05,0x38,0x00,0x0f,0x35,0x0b,0x03,0x04,0xfd,0x05,0x17,0x30,0x2a,0x07,
    0x02,0x02,0x00,0x03,0x69,0x01,0x0c,0x7f,0x05,0x03,0x6b,0x00,0x0a,0xd6,0x0f,0x0a,
    0x02,0x00,0x04,0xda,0x08,0x17,0x58,0xe7,0x02,0x0e,0x02,0x00,0x01,0x7a,0x00,0x0c,
    0xc4,0xc2,0x0f,0x4c,0x08,0x12,0x05,0x02,0x00,0x0a,0xed,0x1e,0x05,0x0c,0x32,0x04,
    0x80,0x00,0x0b,0x02,0x00,0x06,0x30,0x01,0x0e,0xb1,0x03,0x05,0x16,0x02,0x02,0x22,
    0x14,0x0f,0x6c,0x11,0x08,0x01,0x0d,0x02,0x03,0xb3,0x22,0x0a,0xe0,0x00,0x03,0x31,
    0x01,0x0a,0x15,0x00,0x06,0x3d,0x1e,0x0f,0x32,0x01,0x07,0x02,0x70,0x00,0x01,0x49,
    0x05,0x0f,0x45,0x14,0x07,0x01,0x93,0x32,0x0c,0x61,0xc0,0x0c,0x77,0x0a,0x0f,0x02,
    0x00,0x0c,0x0c,0xf3,0x05,0x03,0xc4,0xc7,0x02,0x7c,0x00,0x0d,0x02,0x00,0x06,0x62,
    0x03,0x03,0x0c,0x04,0x07,0x02,0x00,0x05,0x4d,0x02,0x03,0xb8,0x05,0x0f,0x8b,0x04,
    0x03,0x01,0x02,0x00,0x21,0x18,0x70,0x5f,0x01,0x2d,0x10,0x78,0x1c,0x01,0x02,0x3c,
    0x00,0x05,0x70,0x08,0x02,0x02,0x00,0x04,0xa8,0x03,0x2f,0x80,0x80,0x5a,0x46,0x03,
    0x02,0x40,0x64,0x06,0x02,0x00,0x06,0xd6,0x01,0x0e,0x02,0x00,0x1b,0x20,0x14,0x08,
    0x0e,0xd7,0x0c,0x0f,0x02,0x00,0x0c,0x0a,0x41,0x20,0x04,0xa9,0x0f,0x06,0x7d,0x00,
    0x09,0x02,0x00,0x05,0x4a,0x06,0x02,0x85,0x04,0x09,0x02,0x00,0x05,0x30,0x01,0x07,
    0x4b,0x01,0x08,0xba,0x00,0x17,0x30,0x0b,0x15,0x21,0x08,0x48,0xed,0x05,0x01,0x09,
    0x01,0x0a,0x4d,0x02,0x02,0x95,0x34,0x0b,0x86,0x09,0x16,0x38,0xef,0x02,0x0f,0xc7,
    0x0e,0x03,0x01,0xba,0x66,0x06,0x02,0x00,0x05,0xeb,0x02,0x0e,0x02,0x00,0x0b,0x97,
    0x11,0x0f,0x91,0x23,0x01,0x0f,0x02,0x00,0x0b,0x0c,0x08,0x12,0x11,0xff,0xe4,0x00,
    0x06,0x7c,0x00,0x09,0x02,0x00,0x05,0x50,0x08,0x01,0xea,0x00,0x0a,0x02,0x00,0x05,
    0x30,0x01,0x03,0x6f,0x04,0x01,0x02,0x00,0x06,0xba,0x00,0x1f,0x68,0xec,0x00,0x01,
    0x01,0x5b,0x01,0x05,0x55,0x00,0x02,0x02,0x00,0x4b,0x10,0x38,0x40,0x48,0x30,0x01,
    0x03,0x18,0x58,0x02,0x02,0x00,0x02,0x26,0x00,0x0d,0x02,0x00,0x03,0x83,0x95,0x01,
    0x02,0x00,0x05,0xd7,0x01,0x0d,0x02,0x00,0x0c,0xa3,0x0b,0x03,0x4f,0x03,0x0f,0x02,
    0x00,0x19,0x0c,0x92,0x03,0x01,0x9d,0x8a,0x01,0x77,0x00,0x0e,0x02,0x00,0x05,0xa6,
    0x17,0x0e,0x5d,0x0e,0x04,0x46,0x09,0x0a,0x30,0x01,0x05,0x51,0x07,0x02,0x61,0x01,
    0x05,0x0f,0x00,0x04,0x02,0x00,0x01,0x11,0x09,0x01,0x55,0x01,0x05,0x18,0xaa,0x0f,
    0x02,0x00,0x03,0x06,0x9c,0x33,0x05,0x98,0x01,0x0c,0x02,0x00,0x14,0x08,0x26,0xae,
    0x0f,0x5d,0x17,0x04,0x03,0xcb,0x80,0x09,0x02,0x00,0x0f,0x5a,0x01,0x07,0x0f,0x02,
    0x00,0x07,0x0c,0x92,0x03,0x21,0xdf,0x10,0x0e,0x02,0x0f,0x02,0x00,0x00,0x06,0xbf,
    0x04,0x0f,0xcf,0x30,0x00,0x05,0x61,0x00,0x08,0x60,0x02,0x05,0x67,0x1b,0x03,0xca,
    0x05,0x0f,0x31,0x01,0x02,0x01,0x70,0x22,0x14,0x58,0x8d,0x22,0x0f,0x02,0x00,0x04,
    0x05,0xb4,0x17,0x01,0x5e,0x01,0x0f,0x02,0x00,0x04,0x3f,0x10,0x48,0x70,0x43,0x36,
    0x09,0x1c,0x10,0xde,0x06,0x1f,0x8f,0x48,0x00,0x04,0x0f,0x02,0x00,0x0a,0x0d,0x92,
    0x03,0x15,0xaf,0xdf,0x00,0x0b,0x02,0x00,0x07,0x6b,0x04,0x02,0x30,0x02,0x07,0x02,
    0x00,0x06,0x05,0x08,0x08,0x30,0x01,0x01,0x95,0x10,0x08,0x75,0x02,0x07,0x43,0x00,
    0x02,0x02,0x00,0x11,0x50,0x45,0x2d,0x01,0xea,0x05,0x0f,0xb2,0x1b,0x00,0x08,0x02,
    0x00,0x11,0x10,0xbf,0x1b,0x04,0x86,0x14,0x0f,0x02,0x00,0x05,0x0c,0xcb,0x03,0x08,
    0x02,0x00,0x0b,0x9f,0x0b,0x01,0x5c,0x44,0x0f,0x02,0x00,0x20,0x0b,0x80,0x22,0x3d,
    0xff,0xff,0x80,0x8e,0x0a,0x01,0x02,0x00,0x01,0xda,0x04,0x03,0x02,0x00,0x01,0xf1,
    0x1c,0x08,0x02,0x00,0x06,0xc8,0x00,0x09,0x30,0x01,0x04,0x34,0x00,0x04,0x2b,0x00,
    0x0c,0xe4,0x10,0x11,0x00,0xd0,0x49,0x21,0x38,0x00,0xd3,0x02,0x0f,0x9e,0x36,0x0d,
    0x15,0x20,0x7b,0x2d,0x0f,0x02,0x00,0x22,0x0c,0x6d,0x0a,0x0f,0x1c,0x07,0x1e,0x04,
    0x02,0x00,0x0d,0x49,0x00,0x17,0x60,0x07,0x21,0x06,0x02,0x00,0x09,0x0a,0x03,0x06,
    0xb3,0x06,0x02,0x02,0x00,0x06,0x1d,0x00,0x09,0x30,0x01,0x13,0x80,0xf0,0x01,0x02,
    0x25,0x00,0x05,0x65,0x1b,0x08,0x02,0x00,0x21,0x28,0x78,0xbf,0x1c,0x23,0x10,0x78,
    0xf4,0x11,0x0f,0x02,0x00,0x45,0x0c,0xec,0x05,0x05,0x9d,0x0b,0x0f,0x02,0x00,0x1f,
    0x0b,0xb1,0x0f,0x3d,0xff,0xef,0x30,0x70,0x03,0x0c,0x76,0x06,0x01,0x1d,0x03,0x06,
    0x02,0x00,0x07,0x33,0x09,0x09,0x30,0x01,0x03,0x66,0x0f,0x07,0x4e,0x13,0x0e,0xb0,
    0x05,0x21,0x08,0x48,0x0b,0x58,0x01,0x7e,0x0b,0x0f,0xef,0x3b,0x29,0x0f,0x02,0x00,
    0x0b,0x03,0xdf,0x87,0x06,0x02,0x00,0x0f,0x8f,0x23,0x06,0x0f,0x02,0x00,0x0f,0x0c,
    0x48,0x0e,0x26,0xff,0xef,0xbe,0x1b,0x04,0x02,0x00,0x0b,0xab,0x05,0x0b,0x51,0x01,
    0x16,0x30,0x65,0x00,0x09,0x4a,0x01,0x04,0x81,0x06,0x06,0x45,0x01,0x04,0xa2,0x03,
    0x44,0x00,0x78,0x68,0x48,0x70,0x07,0x02,0x79,0x5c,0x01,0x31,0x01,0x0f,0x1c,0x3b,
    0x1d,0x0f,0x02,0x00,0x15,0x0c,0x1e,0x15,0x0f,0x38,0x0e,0x1b,0x0c,0x02,0x00,0x0a,
    0x86,0x2e,0x5b,0xff,0xff,0xff,0xcf,0x20,0x71,0x03,0x0b,0x2f,0x01,0x0b,0xa0,0x10,
    0x05,0x05,0x01,0x02,0xba,0x05,0x06,0x02,0x00,0x04,0x30,0x01,0x01,0x6a,0x09,0x02,
    0x02,0x00,0x03,0xa2,0x03,0x1e,0x00,0xee,0x12,0x01,0x31,0x01,0x0f,0x92,0x0a,0x04,
    0x0f,0x02,0x00,0x2c,0x0d,0x1b,0x07,0x0f,0xa9,0x73,0x08,0x0f,0x02,0x00,0x11,0x0c,
    0x55,0x08,0x25,0xff,0xcf,0x05,0x30,0x01,0x02,0x00,0x06,0xcf,0x05,0x04,0x02,0x00,
    0x08,0x13,0x06,0x09,0xc6,0x05,0x08,0x19,0x00,0x05,0x96,0x09,0x07,0x15,0x00,0x04,
    0x4b,0x00,0x14,0x68,0x96,0x1c,0x06,0x02,0x00,0x02,0x39,0x47,0x04,0x21,0x00,0x37,
    0x38,0x70,0x50,0x14,0x0c,0x0f,0x02,0x00,0x2b,0x0c,0x4a,0x08,0x0f,0xd9,0x0b,0x1f,
    0x0b,0x02,0x00,0x0c,0xc3,0x04,0x22,0xff,0x9f,0xbd,0x00,0x01,0x02,0x00,0x1e,0x70,
    0x75,0x04,0x02,0x0a,0x08,0x02,0x02,0x00,0x0a,0xb7,0x75,0x03,0x62,0x22,0x02,0x02,
    0x00,0x05,0x72,0x03,0x02,0x0f,0x00,0x01,0xa4,0x24,0x03,0x7a,0x00,0x02,0xa3,0x03,
    0x0b,0xb8,0x02,0x01,0xfb,0x0c,0x03,0x71,0x0a,0x01,0x80,0x34,0x0f,0x64,0x0f,0x07,
    0x0f,0x02,0x00,0x12,0x03,0xcd,0x02,0x0c,0x07,0x0d,0x0f,0xbd,0x04,0x29,0x02,0x02,
    0x00,0x0d,0xe0,0x03,0x41,0xff,0x9f,0x00,0x20,0xe9,0x41,0x1f,0x78,0xb1,0x34,0x05,
    0x04,0x13,0x22,0x0b,0x4a,0x15,0x08,0x79,0x28,0x06,0xa8,0x03,0x07,0xd6,0x04,0x03,
    0x44,0x01,0x03,0xa3,0x03,0x0b,0x31,0x01,0x01,0xb6,0x1e,0x03,0x81,0x01,0x02,0x24,
    0x05,0x0c,0x5f,0x00,0x0f,0x02,0x00,0x18,0x22,0x08,0x50,0x09,0x33,0x0d,0x2f,0x01,
    0x0f,0xe2,0x18,0x14,0x0f,0x02,0x00,0x09,0x0d,0x86,0x09,0x02,0xc5,0x1c,0x0f,0x5a,
    0x02,0x01,0x05,0x02,0x00,0x2f,0x28,0x40,0x1a,0xb5,0x01,0x07,0x8d,0x0f,0x06,0x3e,
    0x00,0x07,0x91,0x03,0x03,0x31,0x0e,0x02,0x0e,0x01,0x09,0x2b,0x06,0x01,0x02,0x00,
    0x24,0x10,0x48,0xed,0x17,0x03,0x7a,0x01,0x01,0x9c,0x0f,0x0b,0x02,0x00,0x2f,0x08,
    0x30,0x82,0x42,0x03,0x09,0x02,0x00,0x01,0xad,0x02,0x27,0x80,0x80,0xab,0x48,0x04,
    0x02,0x00,0x07,0x9f,0x06,0x0f,0x02,0x00,0x26,0x0d,0xa0,0x08,0x02,0x31,0x01,0x0f,
    0x02,0x00,0x20,0x01,0xb8,0x05,0x05,0x02,0x26,0x03,0x02,0x00,0x06,0xc0,0x16,0x03,
    0x04,0x06,0x05,0xb8,0x03,0x06,0xbb,0x09,0x04,0x02,0x00,0x05,0x57,0x45,0x03,0x47,
    0x0d,0x0e,0x66,0x08,0x01,0xaf,0x02,0x2c,0x68,0x50,0xf3,0x6f,0x09,0x02,0x00,0x04,
    0x91,0x01,0x0c,0x22,0x14,0x03,0x54,0x10,0x0f,0x02,0x00,0x2e,0x0d,0xf4,0x05,0x6f,
    0xff,0x90,0x78,0x80,0x80,0x68,0xda,0x35,0x05,0x0f,0x02,0x00,0x08,0x01,0x55,0x03,
    0x06,0xb9,0x05,0x01,0x02,0x00,0x06,0x61,0x02,0x04,0x87,0x0e,0x03,0x0d,0x01,0x05,
    0x8d,0x1b,0x06,0xc7,0x30,0x06,0x02,0x00,0x03,0xf4,0x00,0x03,0xa1,0x03,0x06,0x02,
    0x00,0x04,0x3c,0x00,0x2f,0x80,0x70,0x61,0x48,0x08,0x01,0x55,0x01,0x24,0x80,0xb0,
    0x55,0x02,0x05,0x02,0x00,0x0f,0x37,0x0e,0x22,0x0f,0x02,0x00,0x00,0x0d,0xe7,0x03,
    0x03,0x9c,0x2f,0x0b,0x68,0x17,0x0f,0x02,0x00,0x11,0x3c,0x10,0x30,0x40,0x51,0x65,
    0x02,0xbe,0x00,0x03,0x2f,0x0e,0x01,0xf3,0x22,0x01,0x0e,0x00,0x06,0xd6,0x0b,0x1f,
    0x40,0x1d,0x15,0x01,0x01,0x6c,0x1a,0x0e,0x2b,0x0d,0x03,0x48,0x01,0x01,0x02,0x00,
    0x0f,0x13,0x06,0x06,0x01,0x19,0x04,0x0e,0x2f,0x01,0x0f,0xe1,0x18,0x18,0x0f,0x02,
    0x00,0x0b,0x1d,0x10,0x76,0x07,0x03,0x81,0x3b,0x05,0x92,0x1e,0x07,0x02,0x00,0x53,
    0x08,0x38,0x60,0x70,0x80,0xfa,0xcf,0x0f,0x02,0x00,0x12,0x05,0x04,0x12,0x03,0xc0,
    0x04,0x04,0x22,0x07,0x05,0x35,0x0d,0x01,0x94,0x0e,0x0e,0x9c,0x01,0x03,0x2d,0xe6,
    0x0b,0x73,0x04,0x03,0x16,0x00,0x01,0x02,0x00,0x0f,0xb3,0x09,0x06,0x2f,0x18,0x60,
    0x5e,0x02,0x00,0x0f,0xf0,0xc8,0x18,0x0f,0x02,0x00,0x0d,0x0d,0xab,0x10,0x04,0xc0,
    0x36,0x09,0x61,0x09,0x01,0x02,0x00,0x05,0x9f,0x09,0x03,0xfd,0x07,0x0f,0x02,0x00,
    0x10,0x03,0xa1,0x08,0x06,0xca,0x10,0x01,0x21,0x01,0x07,0xe8,0x04,0x02,0x62,0x08,
    0x03,0xdf,0x04,0x07,0x02,0x00,0x01,0xe5,0xa5,0x05,0xeb,0x10,0x04,0x02,0x00,0x08,
    0x32,0x01,0x0b,0x65,0x07,0x06,0x02,0x00,0x15,0xa7,0x85,0x03,0x04,0x02,0x00,0x0f,
    0x23,0x14,0x20,0x0f,0x02,0x00,0x07,0x0d,0x65,0x0d,0x04,0x31,0x01,0x06,0x19,0x08,
    0x02,0x02,0x00,0x07,0x10,0x03,0x0f,0x68,0x1c,0x04,0x0f,0x02,0x00,0x01,0x2a,0x30,
    0x58,0x3d,0x93,0x02,0xaf,0x17,0x05,0x63,0x08,0x03,0x2a,0x19,0x0e,0xde,0x05,0x5e,
    0x00,0x08,0x30,0x40,0x60,0x7a,0x02,0x12,0x28,0x61,0x01,0x0d,0x2b,0x05,0x06,0x02,
    0x00,0x0e,0x62,0x04,0x01,0x0f,0x15,0x0f,0x02,0x00,0x37,0x0f,0x31,0x01,0x06,0x06,
    0x1a,0x08,0x01,0x69,0x19,0x02,0xa6,0x00,0x02,0x02,0x00,0x0c,0x4c,0x01,0x0f,0x02,
    0x00,0x18,0x04,0xf1,0x00,0x03,0x12,0x25,0x03,0xe3,0x04,0x0f,0x82,0x01,0x17,0x01,
    0xb2,0x1e,0x01,0x02,0x00,0x03,0x99,0x0a,0x0a,0x02,0x00,0x0f,0x2f,0x01,0x4e,0x0e,
    0x9f,0x16,0x11,0xff,0x51,0x9b,0x0b,0xec,0x06,0x0b,0xef,0x11,0x0b,0x5b,0x04,0x02,
    0xad,0x51,0x01,0x71,0x42,0x0f,0x02,0x00,0x0d,0x04,0xd4,0x04,0x03,0x73,0x01,0x01,
    0xa1,0x05,0x0f,0x31,0x01,0x1a,0x23,0x00,0x10,0xf7,0xe9,0x0f,0x92,0x03,0x00,0x1d,
    0x10,0xb4,0x0c,0x0f,0x36,0x0e,0x2d,0x0f,0x02,0x00,0x01,0x0e,0x87,0x09,0x39,0xff,
    0xe7,0x88,0xb1,0x11,0x07,0x48,0x03,0x02,0x02,0x00,0x07,0xcd,0x11,0x01,0x7d,0x02,
    0x03,0x6b,0x09,0x0f,0x30,0x15,0x0c,0x01,0x02,0x00,0x03,0xd4,0x04,0x03,0x30,0x01,
    0x03,0x53,0x73,0x06,0x31,0x01,0x0f,0xe7,0x1f,0x11,0x64,0x00,0x20,0x40,0x40,0x40,
    0x58,0x42,0x00,0x06,0x02,0x00,0x0f,0xbe,0x06,0x00,0x0f,0x79,0x09,0x34,0x0a,0x02,
    0x00,0x0f,0x31,0x01,0x00,0x27,0xf7,0x98,0xa0,0x17,0x06,0x07,0x02,0x05,0x02,0x00,
    0x09,0x0d,0x03,0x05,0xae,0x0a,0x05,0x59,0x09,0x0f,0x02,0x00,0x0a,0x01,0x84,0x86,
    0x05,0x1e,0x02,0x04,0x18,0x05,0x03,0x83,0x01,0x01,0xae,0x16,0x0f,0x75,0x0f,0x23,
    0x0f,0x5a,0x04,0x00,0x0f,0x2f,0x01,0x42,0x0f,0x31,0x01,0x03,0x13,0xa8,0xcf,0x38,
    0x01,0x02,0x00,0x05,0xa7,0x05,0x04,0x02,0x00,0x03,0x7f,0x04,0x02,0x02,0x00,0x01,
    0x78,0x10,0x02,0x02,0x00,0x0e,0xf5,0x01,0x0f,0x02,0x00,0x00,0x34,0x08,0x38,0x60,
    0x56,0x14,0x03,0x63,0x47,0x07,0x9e,0x14,0x01,0x98,0x0a,0x0f,0x85,0x68,0x00,0x0f,
    0x02,0x00,0x0e,0x1a,0x50,0x6a,0x3c,0x01,0x02,0x00,0x0f,0x8f,0x00,0x12,0x0f,0x02,
    0x00,0x20,0x0f,0x62,0x02,0x00,0x27,0xff,0xc0,0xf1,0x05,0x0b,0x1b,0x13,0x07,0x1f,
    0x02,0x0c,0xab,0x22,0x0c,0xda,0x04,0x2f,0x00,0x10,0xf7,0x0d,0x0e,0x04,0x79,0x13,
    0x03,0x26,0x0d,0x01,0x31,0x01,0x0f,0x77,0x41,0x1a,0x01,0x02,0x00,0x0b,0x69,0x3c,
    0x01,0x02,0x00,0x0f,0x2f,0x01,0x45,0x0f,0x31,0x01,0x03,0x06,0x55,0x69,0x04,0x34,
    0x03,0x06,0x02,0x00,0x08,0x8a,0x00,0x03,0xbd,0x04,0x02,0x02,0x00,0x03,0x57,0x03,
    0x04,0x02,0x00,0x01,0x58,0xa5,0x15,0x70,0xb0,0x0a,0x0f,0x02,0x00,0x03,0x01,0x25,
    0x00,0x06,0x54,0x00,0x03,0xc7,0x10,0x0d,0x12,0x0d,0x0f,0x02,0x00,0x09,0x1e,0x10,
    0x19,0x07,0x0f,0x2f,0x01,0x49,0x0f,0x31,0x01,0x03,0x14,0xcf,0x2d,0x02,0x03,0xf6,
    0x07,0x08,0x02,0x00,0x06,0xbd,0x00,0x06,0x27,0x0e,0x01,0x02,0x00,0x03,0x26,0x02,
    0x02,0x02,0x00,0x04,0xff,0x06,0x05,0xae,0x04,0x0f,0x02,0x00,0x04,0x02,0x58,0x10,
    0x04,0x15,0x05,0x04,0x9f,0x01,0x0e,0xc8,0x0a,0x0f,0x02,0x00,0x05,0x04,0x98,0x5b,
    0x09,0x02,0x00,0x08,0xd4,0x01,0x0f,0x02,0x00,0x3f,0x0f,0x93,0x03,0x01,0x03,0x8f,
    0x97,0x05,0x58,0x10,0x07,0x02,0x00,0x04,0x13,0x15,0x04,0x40,0x03,0x05,0x02,0x00,
    0x09,0x1b,0x01,0x05,0x69,0x01,0x0f,0xfb,0x00,0x0d,0x01,0xab,0x1e,0x05,0x15,0x05,
    0x04,0x4b,0x0c,0x06,0x4c,0x00,0x4f,0x28,0x80,0x80,0x70,0xe9,0x32,0x05,0x0f,0xbb,
    0x04,0x03,0x0f,0xeb,0x05,0x44,0x06,0x02,0x00,0x0f,0x30,0x05,0x01,0x02,0xc5,0x15,
    0x04,0xf0,0x01,0x08,0x02,0x00,0x06,0xdd,0x04,0x0b,0xdc,0x04,0x06,0xfd,0x0c,0x05,
    0xbf,0x0b,0x07,0x2b,0x33,0x0f,0x02,0x00,0x09,0x13,0x18,0x57,0x14,0x01,0xdf,0x8e,
    0x02,0x36,0x00,0x06,0xc8,0x0a,0x02,0xe8,0x0a,0x0f,0x49,0x5f,0x03,0x0e,0x67,0x11,
    0x05,0x32,0x5d,0x0f,0x02,0x00,0x49,0x0f,0x90,0x07,0x01,0x22,0xff,0xcf,0x2c,0xa6,
    0x0c,0x02,0x00,0x06,0x16,0x01,0x0d,0x18,0x26,0x07,0x91,0x03,0x02,0xe5,0x00,0x01,
    0x02,0x00,0x06,0x2b,0x02,0x0f,0x02,0x00,0x13,0x03,0x92,0x07,0x05,0x0f,0x05,0x04,
    0xe8,0x0a,0x1d,0x78,0x9c,0x10,0x0f,0x8c,0x03,0x02,0x0f,0x05,0x0d,0x3c,0x0f,0x02,
    0x00,0x03,0x0f,0x31,0x01,0x02,0x26,0xef,0x70,0xbf,0x26,0x06,0x02,0x00,0x04,0xda,
    0x04,0x09,0x44,0x02,0x02,0x02,0x00,0x06,0xaa,0x03,0x03,0x1e,0x0e,0x02,0x02,0x00,
    0x04,0x9d,0x04,0x02,0x02,0x00,0x46,0x08,0x50,0x60,0x58,0x44,0x00,0x0f,0x02,0x00,
    0x01,0x03,0x05,0x06,0x05,0x68,0x01,0x04,0x62,0x48,0x2a,0x80,0x80,0xa9,0x29,0x04,
    0x34,0xb7,0x09,0x02,0x00,0x0f,0x2f,0x01,0x52,0x0f,0x21,0x0b,0x03,0x39,0xff,0xff,
    0xbf,0x01,0x07,0x01,0x02,0x00,0x05,0x56,0x22,0x05,0x09,0x02,0x06,0x02,0x00,0x06,
    0x7b,0x02,0x07,0x98,0x09,0x07,0xf9,0x00,0x01,0x00,0x0b,0x01,0x1b,0x00,0x0f,0x38,
    0x07,0x0c,0x02,0x2b,0x0e,0x06,0x56,0x01,0x02,0x15,0x06,0x0a,0x95,0x1b,0x1c,0x10,
    0x22,0x21,0x01,0x02,0x00,0x0f,0xc1,0x11,0x38,0x0f,0x02,0x00,0x0b,0x0f,0x7f,0x00,
    0x03,0x13,0xf7,0x80,0x41,0x06,0x02,0x00,0x07,0xbf,0x05,0x03,0x39,0x03,0x06,0x02,
    0x00,0x06,0x97,0x06,0x03,0x19,0x08,0x02,0x02,0x00,0x09,0xcb,0x2f,0x02,0x64,0x09,
    0x08,0x8c,0x02,0x0f,0x02,0x00,0x02,0x47,0x08,0x30,0x50,0x70,0x38,0x00,0x02,0x80,
    0x22,0x08,0x7d,0x01,0x0f,0x74,0x05,0x02,0x08,0xce,0xba,0x0f,0x02,0x00,0x4e,0x0f,
    0xc8,0x08,0x01,0x34,0xff,0xff,0xd7,0x88,0x54,0x02,0x02,0x00,0x07,0xc4,0x00,0x0e,
    0x0d,0x06,0x05,0x42,0x03,0x06,0x4f,0x15,0x01,0x02,0x00,0x06,0x29,0x02,0x07,0xd9,
    0x04,0x0f,0xca,0x11,0x00,0x0b,0x02,0x00,0x04,0x71,0x79,0x01,0x02,0x00,0x05,0x85,
    0x1f,0x01,0x09,0x06,0x1f,0x20,0x5d,0x02,0x02,0x0f,0x85,0x18,0x26,0x0f,0x02,0x00,
    0x23,0x0f,0x58,0x08,0x01,0x36,0xff,0xff,0xf7,0xa5,0x48,0x06,0x4f,0x16,0x01,0x02,
    0x00,0x05,0x03,0x14,0x04,0x02,0x00,0x07,0x18,0x01,0x04,0x13,0x00,0x01,0x02,0x00,
    0x04,0xc5,0x17,0x09,0x30,0x01,0x01,0x7a,0x3b,0x0f,0x02,0x00,0x19,0x02,0xa5,0x03,
    0x01,0x31,0x01,0x0f,0xba,0x04,0x02,0x0f,0x77,0x09,0x4d,0x0e,0x02,0x00,0x0f,0xf6,
    0x05,0x02,0x3f,0xff,0xff,0xe7,0x5a,0x53,0x05,0x0b,0x50,0x08,0x08,0x53,0xbf,0x09,
    0x1b,0x00,0x07,0xf4,0x04,0x08,0x42,0x06,0x06,0x8f,0x02,0x6f,0x00,0x00,0x00,0x08,
    0x58,0x60,0x6d,0x0f,0x0e,0x21,0x08,0x30,0x25,0x1d,0x1f,0x70,0xbc,0x11,0x00,0x14,
    0xff,0xfd,0xc1,0x0f,0x02,0x00,0x5a,0x0f,0xd5,0x17,0x00,0x01,0x02,0x00,0x14,0xc7,
    0x00,0x64,0x07,0x32,0x08,0x0c,0xaa,0x2c,0x0a,0x00,0x01,0x07,0x50,0x08,0x05,0x8f,
    0x48,0x01,0x02,0x00,0x08,0x19,0x00,0x05,0xa6,0x0a,0x05,0x8b,0x0e,0x0d,0x33,0x08,
    0x0d,0x02,0x00,0x2e,0x08,0x30,0x77,0x16,0x01,0x02,0x00,0x16,0xcf,0x18,0x0a,0x0f,
    0x02,0x00,0x58,0x0f,0xc5,0x04,0x03,0x04,0x95,0x03,0x07,0x71,0x03,0x01,0x55,0x07,
    0x09,0x46,0x02,0x04,0xff,0x25,0x01,0x02,0x00,0x0a,0x35,0x32,0x07,0x46,0x0e,0x09,
    0x19,0x00,0x07,0x7f,0x01,0x04,0x3d,0x06,0x0f,0x32,0x01,0x0d,0x0f,0x8b,0x03,0x04,
    0x0f,0xbb,0x04,0x5c,0x06,0x02,0x00,0x08,0xfb,0x79,0x08,0x02,0x00,0x2f,0xef,0xa8,
    0x50,0x36,0x00,0x09,0xf2,0x05,0x07,0x3a,0x07,0x06,0x3f,0x0e,0x02,0x02,0x00,0x07,
    0x1b,0x00,0x09,0xe5,0x0a,0x06,0x51,0x07,0x06,0x22,0x06,0x0f,0x01,0x1a,0x06,0x01,
    0xc3,0x08,0x0c,0x53,0x2f,0x03,0x02,0x00,0x03,0x06,0x69,0x0f,0x02,0x00,0x61,0x0f,
    0x35,0x0b,0x02,0x01,0x5e,0x6e,0x06,0x8f,0x0a,0x05,0x02,0x00,0x04,0x1e,0x08,0x04,
    0xca,0x44,0x06,0x02,0x00,0x04,0x30,0x02,0x01,0x02,0x00,0x07,0x30,0x01,0x08,0xc1,
    0x04,0x08,0x5c,0x0d,0x07,0xaa,0x0e,0x09,0xd8,0x04,0x08,0x02,0x00,0x1f,0x40,0xb9,
    0x04,0x03,0x07,0x1f,0x10,0x0f,0x02,0x00,0x62,0x0f,0x95,0x0d,0x01,0x01,0x02,0x00,
    0x18,0xbf,0xf8,0x00,0x02,0x02,0x00,0x04,0x88,0x22,0x01,0x52,0x3b,0x09,0x02,0x00,
    0x01,0x98,0x0a,0x03,0x02,0x00,0x07,0x90,0x03,0x0a,0x3f,0x19,0x07,0x1b,0x01,0x0f,
    0x7b,0x01,0x06,0x9f,0x48,0x60,0x60,0x40,0x28,0x08,0x00,0x00,0x30,0x2e,0x01,0x05,
    0x2a,0xff,0x8f,0x42,0x0c,0x0f,0x02,0x00,0x5e,0x1f,0x40,0xb0,0x14,0x00,0x02,0x02,
    0x00,0x0e,0x32,0x01,0x7e,0x08,0x38,0x60,0x78,0x80,0x60,0x48,0xb2,0x00,0x04,0xf7,
    0x0d,0x0b,0xba,0x7c,0x0a,0x7a,0x02,0x06,0x12,0x0c,0x01,0xca,0x62,0x04,0x02,0x00,
    0x07,0x47,0x01,0x04,0x22,0x06,0x1f,0x70,0x5a,0x05,0x04,0x05,0x4b,0x11,0x0f,0x02,
    0x00,0x69,0x0f,0xed,0x0b,0x03,0x01,0x02,0x00,0x0e,0x32,0x01,0x0f,0x02,0x00,0x06,
    0x04,0xe5,0x0b,0x0c,0x32,0x1f,0x08,0x23,0x07,0x07,0x3d,0x00,0x08,0xc2,0x03,0x08,
    0x59,0x06,0x5f,0x40,0x80,0x80,0x80,0xa0,0xb8,0x04,0x04,0x0f,0x59,0xc4,0x00,0x0f,
    0x02,0x00,0x63,0x0f,0x6f,0x0c,0x03,0x01,0x02,0x00,0x17,0xbf,0xa6,0x05,0x0f,0x02,
    0x00,0x0b,0x6a,0x10,0x38,0x60,0x80,0x80,0x68,0x25,0x0f,0x0a,0x3d,0x4b,0x09,0x4b,
    0x00,0x05,0x33,0x13,0x0a,0x64,0x1f,0x3f,0x10,0x80,0xb0,0x2e,0x01,0x07,0x03,0xa8,
    0x13,0x0f,0x02,0x00,0x6f,0x0f,0x63,0x02,0x08,0x22,0xff,0xdf,0x4a,0x87,0x0f,0x02,
    0x00,0x26,0x07,0x71,0x10,0x08,0x44,0x00,0x07,0xc2,0x03,0x01,0x45,0x2d,0x02,0x02,
    0x00,0x2b,0x10,0x70,0x5d,0x49,0x08,0x02,0x00,0x1e,0xaf,0x08,0x04,0x0f,0x02,0x00,
    0x66,0x01,0xb9,0xb0,0x0f,0x02,0x00,0x04,0x28,0xef,0x9f,0x32,0x03,0x0f,0x02,0x00,
    0x1f,0x03,0x23,0x34,0x09,0x5f,0x02,0x04,0x76,0x48,0x02,0x02,0x00,0x03,0x54,0x00,
    0x2f,0x30,0x9f,0x4c,0x05,0x06,0x0f,0x44,0xd1,0x15,0x0f,0x02,0x00,0x56,0x1f,0x10,
    0x29,0x07,0x06,0x01,0xc4,0x07,0x01,0x65,0x02,0x01,0x26,0x21,0x0f,0xb7,0x39,0x09,
    0x0f,0x02,0x00,0x05,0x2c,0x18,0x40,0xa1,0x67,0x0a,0x0c,0x06,0x01,0x10,0x0b,0x1f,
    0x60,0x70,0x0c,0x04,0x02,0x02,0x00,0x1f,0x8f,0x5d,0x02,0x78,0x02,0x02,0x00,0x0f,
    0xc3,0x07,0x07,0x01,0x02,0x00,0x24,0xaf,0x58,0x35,0x08,0x0f,0x78,0x2a,0x28,0x0a,
    0x02,0x00,0x02,0x14,0x39,0x01,0x51,0x57,0x1f,0x50,0x12,0x07,0x06,0x01,0x02,0x00,
    0x1f,0xbf,0xe2,0x02,0x2b,0x0f,0x02,0x00,0x44,0x1f,0x60,0x6b,0x05,0x07,0x01,0xbd,
    0x10,0x13,0xcf,0x21,0x13,0x01,0x66,0x11,0x0f,0x02,0x00,0x32,0x02,0x72,0xc2,0x1f,
    0x98,0x88,0x03,0x09,0x4b,0xff,0xff,0xff,0xdf,0xcb,0x03,0x0f,0x02,0x00,0x76,0x1a,
    0x10,0xad,0xb3,0x0e,0x02,0x00,0x49,0xf7,0xcf,0xa8,0x88,0xa1,0x05,0x0f,0x02,0x00,
    0x2e,0x3b,0x18,0x78,0xcf,0x07,0x41,0x0c,0x02,0x00,0x19,0xef,0xac,0x0e,0x0f,0x02,
    0x00,0x7c,0x1f,0x20,0x18,0x03,0x0b,0x5f,0xff,0xff,0xff,0xff,0xaf,0xcf,0x65,0x37,
    0x1f,0x30,0xe2,0x2c,0x00,0x0c,0x02,0x00,0x1f,0x9f,0x8b,0x10,0x62,0x0f,0x02,0x00,
    0x17,0x0f,0xce,0x14,0x04,0x09,0x02,0x00,0x2f,0xdf,0x9f,0xcf,0x53,0x05,0x0f,0x02,
    0x00,0x17,0x3f,0x20,0x60,0x9f,0xff,0x03,0x0b,0x01,0x02,0x00,0x1f,0xbf,0x2e,0x01,
    0x8c,0x01,0xb8,0x06,0x0f,0xbc,0x0d,0x06,0x08,0x02,0x00,0x2f,0xdf,0xaf,0x18,0xed,
    0x1d,0x06,0x02,0x00,0x3f,0x40,0x70,0xaf,0x2c,0x01,0x10,0x0f,0x60,0x0c,0x1a,0x0f,
    0x02,0x00,0x6a,0x0f,0x1c,0x10,0x06,0x0c,0x02,0x00,0x4f,0xcf,0x9f,0x80,0x40,0x02,
    0x02,0x1a,0x4f,0x20,0x40,0x80,0x9f,0x38,0x08,0x0a,0x07,0x02,0x00,0x0f,0x8e,0x0d,
    0x18,0x0f,0x02,0x00,0x6e,0x1f,0x30,0xc8,0x04,0x0f,0x06,0x02,0x00,0x4f,0xbf,0xaf,
    0x80,0x60,0x0a,0x47,0x0d,0x5f,0x30,0x40,0x60,0x80,0xaf,0xb9,0x02,0x12,0x03,0x02,
    0x00,0x1e,0x9f,0x20,0x11,0x0f,0x02,0x00,0x8a,0x1f,0x20,0xe5,0x07,0x0c,0x0f,0x02,
    0x00,0x00,0x83,0xcf,0xbf,0xbf,0x8f,0x80,0x80,0x80,0x80,0x6a,0x8e,0x21,0x40,0x40,
    0x56,0x0f,0x3f,0x8f,0xbf,0xbf,0x52,0x02,0x15,0x05,0x02,0x00,0x1f,0xef,0xe6,0x05,
    0x8d,0x0f,0x02,0x00,0x01,0x0f,0xe0,0xfc,0x47,0x0f,0x02,0x00,0x0c,0x1f,0xdf,0x42,
    0x08,0x89,0x0f,0x02,0x00,0x0a,0x1f,0x60,0x42,0x03,0x19,0x0f,0x02,0x00,0x34,0x0f,
    0x13,0x11,0x17,0x0f,0x02,0x00,0x81,0x13,0x20,0x47,0xe0,0x0f,0x02,0x00,0x54,0x2f,
    0xef,0x8f,0x3f,0x06,0x1a,0x0f,0x02,0x00,0x82,0x1f,0x50,0x60,0x1e,0x03,0x0f,0x02,
    0x00,0x40,0x19,0xaf,0x6c,0x15,0x0f,0x02,0x00,0xa7,0x1f,0x10,0x98,0x03,0x51,0x1e,
    0xbf,0xe8,0x31,0x0f,0x02,0x00,0xa8,0x1f,0x20,0xbb,0x0c,0x10,0x0f,0x02,0x00,0x28,
    0x0d,0xae,0xda,0x0f,0x02,0x00,0xb0,0x3f,0x10,0x60,0xaf,0xd0,0x13,0x08,0x0f,0x02,
    0x00,0x27,0x2f,0xef,0xaf,0x5a,0x02,0xba,0x09,0x02,0x00,0x2f,0x40,0x8f,0x4c,0x09,
    0x1e,0x0f,0x02,0x00,0x0b,0x2f,0xcf,0x8f,0x98,0x0a,0x9c,0x0f,0x02,0x00,0x1e,0x2f,
    0x10,0x50,0x34,0x01,0x35,0x2f,0xcf,0x8f,0x11,0x20,0x0d,0x0f,0x02,0x00,0xb5,0x4f,
    0x10,0x40,0x80,0xbf,0x9c,0x03,0x2a,0x2f,0xef,0xbf,0x38,0x80,0x14,0x0f,0x02,0x00,
    0xb8,0x3f,0x20,0x50,0x80,0x67,0x10,0x13,0x0a,0x02,0x00,0x2f,0xdf,0xaf,0xcb,0x4b,
    0x09,0x0f,0x02,0x00,0xce,0x5f,0x30,0x50,0x80,0x9f,0xbf,0x9e,0x11,0x12,0x4a,0xdf,
    0xbf,0x9f,0x80,0x5c,0x80,0x0f,0x02,0x00,0xe8,0x42,0x10,0x40,0x40,0x70,0xb5,0x9c,
    0x08,0x3d,0x01,0xaf,0xdf,0xbf,0xbf,0xbf,0xbf,0x9f,0x80,0x80,0x70,0x40,0xee,0x3f,
    0x08,0x0f,0x02,0x00,0x56,0x50,0x00,0x00,0x00,0x00,0x00,

};

const lv_image_dsc_t img_03_biaozhunxi = {
  .header = {
    .magic = LV_IMAGE_HEADER_MAGIC,
    .cf = LV_COLOR_FORMAT_RGB565A8,
    .flags = 0 | LV_IMAGE_FLAGS_COMPRESSED,
    .w = 304,
    .h = 304,
    .stride = 608,
    .reserved_2 = 0,
  },
  .data_size = sizeof(img_03_biaozhunxi_map),
  .data = img_03_biaozhunxi_map,
  .reserved = NULL,
};

