
#if defined(LV_LVGL_H_INCLUDE_SIMPLE)
#include "lvgl.h"
#elif defined(LV_LVGL_H_INCLUDE_SYSTEM)
#include <lvgl.h>
#elif defined(LV_BUILD_TEST)
#include "../lvgl.h"
#else
#include "lvgl/lvgl.h"
#endif

#ifndef LV_ATTRIBUTE_MEM_ALIGN
#define LV_ATTRIBUTE_MEM_ALIGN
#endif

#ifndef LV_ATTRIBUTE_DNTUOSHUI_SET
#define LV_ATTRIBUTE_DNTUOSHUI_SET
#endif

static const
LV_ATTRIBUTE_MEM_ALIGN LV_ATTRIBUTE_LARGE_CONST LV_ATTRIBUTE_DNTUOSHUI_SET
uint8_t dntuoshui_set_map[] = {

    0x02,0x00,0x00,0x00,0x10,0x6e,0x00,0x00,0xc8,0x99,0x01,0x00,0xa0,0x4e,0x4b,0x4e,
    0x4b,0x64,0xfd,0x88,0xe5,0x88,0xe5,0x0a,0x00,0x0f,0x02,0x00,0xff,0x58,0x53,0x79,
    0x53,0x64,0xfd,0xc5,0x02,0x00,0x2f,0xe5,0xfd,0x78,0x01,0x09,0x24,0x3f,0x0e,0x02,
    0x00,0x22,0xdf,0x0d,0x02,0x00,0xaf,0x7f,0x15,0x7f,0x15,0x7f,0x15,0x5f,0x15,0x3f,
    0x2c,0x02,0x00,0xff,0x16,0x42,0x7f,0x03,0x79,0x53,0x64,0x01,0x82,0x64,0xfd,0xc5,
    0xfd,0x43,0xfd,0xc5,0xfd,0x7e,0x01,0x1f,0x64,0x7a,0x01,0x06,0x0f,0x74,0x01,0x05,
    0x4f,0xbf,0x0d,0x9f,0x14,0x02,0x00,0xff,0x16,0x80,0x5f,0x24,0x5f,0x24,0xff,0x3b,
    0x5f,0x03,0x64,0x04,0x33,0xe5,0xfd,0xc5,0x6c,0x01,0x02,0x7a,0x01,0x02,0x8e,0x01,
    0x0a,0x02,0x00,0x44,0x5f,0x03,0x9f,0x15,0xe8,0x02,0x26,0x9f,0x15,0x02,0x00,0x6f,
    0x3f,0x15,0x9f,0x14,0x1f,0x05,0x02,0x00,0xff,0x1c,0x68,0x5f,0x24,0x5f,0x24,0x5f,
    0x13,0x60,0x01,0x02,0x6e,0x04,0x08,0x12,0x00,0x02,0x02,0x00,0x42,0x5f,0x03,0x9f,
    0x15,0x58,0x04,0x4f,0x5f,0x15,0x5f,0x0d,0x66,0x01,0xff,0x1c,0x0f,0x02,0x00,0x01,
    0x42,0x5f,0x24,0xff,0x3b,0x5a,0x01,0x02,0x02,0x00,0x11,0x23,0xe6,0x05,0x02,0x0c,
    0x00,0x06,0x02,0x00,0x22,0xff,0x04,0x74,0x01,0x0f,0x76,0x01,0xff,0x36,0xa2,0x1f,
    0x05,0xff,0x04,0x5f,0x24,0xff,0x02,0x4e,0x4b,0x02,0x00,0x31,0x88,0xe5,0xc5,0xe6,
    0x05,0x02,0x0e,0x00,0x04,0x02,0x00,0x31,0xff,0x04,0x5f,0xec,0x02,0x6f,0x7f,0x15,
    0x1f,0x15,0xff,0x04,0xbe,0x01,0x01,0x0f,0x02,0x00,0xff,0x22,0x06,0x6a,0x04,0x73,
    0x79,0x53,0x43,0xfd,0xc5,0xfd,0x23,0xea,0x05,0x04,0x02,0x00,0x11,0x5f,0xb8,0x08,
    0x5f,0x7f,0x15,0x7f,0x15,0x9f,0x76,0x01,0xff,0x39,0x06,0x78,0x01,0x6c,0x79,0x53,
    0x64,0xfd,0xe2,0xfc,0xec,0x02,0x13,0x5f,0x74,0x01,0x4f,0x7f,0x15,0x3f,0x15,0xd6,
    0x02,0xff,0x22,0x0f,0x02,0x00,0x07,0x04,0xf0,0x02,0x64,0x23,0xfd,0xe2,0xfc,0x43,
    0xfd,0x5a,0x0a,0x02,0x02,0x00,0x11,0x5f,0x9c,0x0b,0x02,0xa0,0x0b,0x0f,0x42,0x00,
    0x07,0x0f,0x02,0x00,0xff,0x24,0x02,0x78,0x01,0x02,0x76,0x01,0x08,0xee,0x02,0x24,
    0x5f,0x03,0x76,0x01,0x3f,0xff,0x1c,0xbf,0xc2,0x08,0xff,0x31,0x0c,0x02,0x00,0xd5,
    0x5f,0x24,0x5f,0x13,0x23,0xfd,0xe2,0xfc,0xe2,0xfc,0x43,0xfd,0x64,0x02,0x00,0x31,
    0x5f,0x03,0x9f,0xec,0x02,0x2f,0xff,0x1c,0x38,0x0a,0xff,0x34,0x0e,0x02,0x00,0x6a,
    0x5f,0x24,0x5f,0x13,0xe2,0xfc,0x02,0x00,0x8f,0x88,0xe5,0x9f,0x15,0x7f,0x15,0xff,
    0x1c,0x76,0x01,0xff,0x48,0x02,0x78,0x01,0x02,0xce,0x05,0x04,0x02,0x00,0x31,0xdf,
    0x04,0x5f,0x74,0x01,0x3f,0xff,0x1c,0x1f,0x8c,0x0e,0xff,0x21,0x0f,0x02,0x00,0x15,
    0x02,0xe0,0x05,0x06,0x02,0x00,0x17,0xff,0x76,0x01,0x0f,0xae,0x0b,0xff,0x32,0x2f,
    0xff,0x04,0x02,0x00,0x03,0x0a,0x78,0x01,0xcf,0x5f,0x0d,0xff,0x1c,0xff,0x1c,0xff,
    0x1c,0x9f,0x1c,0x9f,0x1c,0xba,0x01,0x15,0x0f,0x02,0x00,0xfd,0x0f,0x68,0x01,0x03,
    0x0c,0x02,0x00,0x08,0x78,0x01,0x11,0xbf,0x76,0x01,0x5f,0x9f,0x1c,0x9f,0x1c,0xbf,
    0x76,0x01,0xff,0x1f,0x0c,0x58,0x01,0x0f,0x02,0x00,0x0d,0x06,0x78,0x01,0x13,0xbf,
    0xe8,0x02,0x4f,0x9f,0x1c,0x1f,0x2c,0xc4,0x02,0xfd,0x0f,0x02,0x00,0x07,0x0f,0x60,
    0x01,0x0d,0x0f,0x02,0x00,0x05,0x04,0x78,0x01,0x31,0x1f,0x2c,0x9f,0x5e,0x04,0x0f,
    0x76,0x01,0xff,0x18,0x0f,0x52,0x01,0x05,0x04,0x02,0x00,0x1f,0xdf,0x02,0x00,0x0a,
    0x0c,0x78,0x01,0x1f,0x3f,0xec,0x02,0x88,0xc4,0xdb,0x2c,0x3a,0x4d,0x79,0x5d,0x99,
    0x65,0x99,0x65,0x78,0x75,0x02,0x00,0x44,0x77,0x7d,0x77,0x7d,0x0c,0x00,0xbf,0x78,
    0x75,0xf7,0x7c,0x99,0x65,0x99,0x65,0x3a,0x4d,0xdb,0xc6,0x00,0x4a,0x04,0x5a,0x01,
    0x0e,0x02,0x00,0x0f,0x6a,0x01,0x09,0x19,0xbf,0x02,0x00,0x08,0x78,0x01,0x2f,0x1f,
    0x24,0xd8,0x05,0x7f,0xe6,0xfd,0x1c,0x3a,0x4d,0x99,0x65,0x78,0x75,0xb8,0x6d,0xd8,
    0x75,0xb7,0x7d,0x02,0x00,0x13,0x97,0x02,0x00,0x15,0x77,0x02,0x00,0x24,0x57,0x85,
    0x02,0x00,0xff,0x00,0x37,0x85,0x37,0x85,0x37,0x85,0x17,0x85,0x78,0x75,0xb7,0x7c,
    0x3a,0x4d,0xfd,0xac,0x06,0x3a,0x0e,0x6c,0x01,0x0f,0x70,0x01,0x03,0x08,0x64,0x01,
    0x0f,0x02,0x00,0x01,0x06,0x78,0x01,0x6f,0x1f,0x24,0x1f,0x24,0xff,0x23,0xca,0x04,
    0x07,0x0f,0x02,0x00,0x5b,0xa6,0xfd,0x1c,0x39,0x55,0x99,0x65,0xb8,0x6d,0xd8,0x75,
    0x02,0x00,0x04,0x76,0x01,0x1f,0x97,0x78,0x01,0x12,0x33,0x37,0x85,0x16,0x02,0x00,
    0x6f,0x17,0x85,0xf7,0x7c,0x39,0x55,0x80,0x01,0x2d,0x02,0x62,0x01,0x0a,0x02,0x00,
    0x0a,0xe0,0x02,0x0f,0x60,0x01,0x01,0x0f,0x02,0x00,0x05,0x0f,0x78,0x01,0x7f,0x99,
    0xdc,0x24,0x79,0x5d,0x78,0x5d,0xb7,0x6d,0xb7,0x74,0x01,0x06,0x76,0x01,0x02,0x02,
    0x00,0x02,0xee,0x02,0x0f,0xf0,0x02,0x09,0x06,0x78,0x01,0xef,0x16,0x85,0xf6,0x8c,
    0xf6,0x8c,0xf6,0x8c,0x17,0x85,0xb7,0x7c,0x79,0x5c,0x40,0x02,0x21,0x0a,0x6e,0x01,
    0x0c,0xe2,0x02,0x0f,0x5c,0x01,0x05,0x0f,0x02,0x00,0x09,0x06,0x78,0x01,0x4f,0xbf,
    0x23,0xbf,0x23,0xf0,0x02,0x6b,0xa2,0xfd,0x1c,0x39,0x55,0x78,0x75,0x97,0x65,0xb7,
    0x6d,0x02,0x00,0x06,0xea,0x02,0x42,0xd8,0x75,0xb7,0x7d,0x06,0x00,0x11,0xb7,0xec,
    0x02,0x0f,0x78,0x01,0x23,0xcf,0xf6,0x8c,0xf6,0x8c,0xd6,0x8c,0x96,0x8c,0xb7,0x7c,
    0xdc,0x24,0x7e,0x01,0x17,0x02,0x68,0x01,0x08,0x02,0x00,0x06,0x32,0x07,0x0f,0x5a,
    0x01,0x09,0x0f,0x02,0x00,0x0b,0x0f,0x78,0x01,0x75,0x62,0x3a,0x4d,0x78,0x5d,0x97,
    0x65,0x02,0x00,0x02,0x76,0x01,0x0a,0x78,0x01,0x06,0x76,0x01,0x02,0x02,0x00,0x04,
    0xf0,0x02,0x42,0xf4,0x64,0xf4,0x64,0xe2,0x05,0x04,0xde,0x05,0x04,0xe0,0x05,0x0e,
    0xf0,0x02,0x02,0x78,0x01,0x02,0x02,0x00,0x4f,0xf7,0x7c,0x3a,0x4d,0x7c,0x01,0x0f,
    0x08,0x6e,0x01,0x0a,0xe6,0x02,0x0f,0x56,0x01,0x0b,0x0f,0x02,0x00,0x0f,0x0f,0x78,
    0x01,0x71,0x73,0x39,0x55,0xb8,0x6d,0x77,0x65,0x77,0x76,0x01,0x06,0x78,0x01,0x0a,
    0x7a,0x01,0xf5,0x00,0xf4,0x64,0x31,0x5c,0xcc,0x32,0xcc,0x32,0x09,0x22,0x45,0x21,
    0xa3,0x08,0x00,0x01,0x00,0x13,0x82,0x0c,0x00,0xff,0x01,0x61,0x00,0x41,0x08,0x45,
    0x21,0x45,0x21,0x29,0x42,0xcc,0x32,0x53,0x6c,0x53,0x6c,0x78,0x01,0x0b,0x8f,0xd6,
    0x8c,0x96,0x94,0x96,0x8c,0xb7,0x7c,0xf6,0x05,0x07,0x02,0x6a,0x01,0x06,0x02,0x00,
    0x0f,0xe6,0x02,0x1f,0x1f,0x9f,0x02,0x00,0x08,0x0f,0x78,0x01,0x6d,0x62,0x39,0x55,
    0x37,0x5d,0x77,0x65,0x02,0x00,0x02,0xee,0x02,0x06,0x78,0x01,0xd5,0xd8,0x75,0xd8,
    0x75,0x97,0x65,0x31,0x5c,0xcc,0x32,0x45,0x19,0x61,0x68,0x01,0x04,0x02,0x00,0x34,
    0x20,0x00,0x20,0x0b,0x00,0x01,0x02,0x00,0x02,0x22,0x00,0x33,0x61,0x00,0x61,0x0c,
    0x00,0xa4,0x20,0x00,0x86,0x29,0x49,0x42,0xaf,0x6b,0x53,0x6c,0xe0,0x05,0x08,0xf0,
    0x02,0x01,0x78,0x01,0x1f,0x94,0x7c,0x01,0x07,0x06,0x70,0x01,0x08,0xe8,0x02,0x0f,
    0xc8,0x02,0x0f,0x0f,0x6e,0x01,0x0b,0x06,0x02,0x00,0x04,0xca,0x21,0x0f,0xe0,0x05,
    0x61,0x55,0x39,0x55,0x37,0x5d,0x57,0x76,0x01,0x0c,0x78,0x01,0x91,0xf4,0x64,0xcc,
    0x32,0x04,0x19,0x00,0x00,0x41,0x56,0x01,0x35,0x00,0x00,0x20,0x0a,0x00,0x06,0x12,
    0x00,0x02,0x1b,0x00,0x02,0xf2,0x02,0x02,0x72,0x01,0x04,0x02,0x00,0xff,0x03,0xa3,
    0x08,0x00,0x00,0x61,0x08,0x82,0x08,0x00,0x00,0x04,0x19,0x04,0x19,0x8a,0x4a,0xaf,
    0x6b,0x78,0x01,0x04,0x0f,0x7c,0x01,0x00,0x02,0x6c,0x01,0x04,0x02,0x00,0x04,0xe8,
    0x02,0x0f,0x74,0x01,0x0b,0x06,0x52,0x01,0x0f,0x02,0x00,0x13,0x0f,0x78,0x01,0x65,
    0x02,0x74,0x01,0x1f,0x57,0x78,0x01,0x02,0x55,0x31,0x5c,0x09,0x22,0x41,0x66,0x01,
    0x06,0x68,0x01,0x04,0x70,0x01,0x04,0x02,0x00,0x0c,0x10,0x00,0x02,0x02,0x00,0x08,
    0x84,0x04,0xf2,0x03,0x00,0x00,0x20,0x00,0xa3,0x08,0x41,0x08,0x04,0x19,0x20,0x00,
    0x82,0x08,0x29,0x42,0xed,0x52,0xde,0x05,0x07,0xf0,0x02,0x01,0x02,0x00,0x11,0x76,
    0x74,0x04,0x0f,0x74,0x01,0x23,0x0f,0x68,0x01,0x13,0x0c,0x02,0x00,0x0b,0x78,0x01,
    0x1f,0x33,0x6c,0x06,0x0f,0x0f,0x02,0x00,0x2f,0x6f,0xdb,0x2c,0xf7,0x4c,0x37,0x5d,
    0x78,0x01,0x01,0x64,0xf4,0x64,0xcc,0x32,0xa3,0x08,0x50,0x01,0x02,0xc8,0x02,0x0e,
    0x60,0x01,0x04,0x62,0x04,0x04,0x08,0x00,0x04,0x28,0x00,0x04,0x72,0x01,0x02,0x72,
    0x04,0xfe,0x0d,0xa3,0x08,0x00,0x00,0xa3,0x08,0x20,0x00,0x61,0x08,0xe3,0x10,0x20,
    0x00,0x82,0x08,0xa2,0x10,0x20,0x00,0x25,0x21,0x41,0x08,0x8a,0x4a,0xf2,0x7b,0x78,
    0x01,0x84,0x76,0x94,0x76,0x94,0x96,0x8c,0x79,0x5c,0xe6,0x02,0x06,0x5e,0x04,0x0f,
    0xe8,0x02,0x07,0x0c,0x4c,0x01,0x0f,0x02,0x00,0x19,0x08,0x78,0x01,0x0f,0x46,0x0a,
    0x51,0x62,0xfd,0x1c,0xf8,0x44,0x37,0x5d,0x02,0x00,0x0a,0x78,0x01,0x42,0xf2,0x43,
    0x86,0x29,0xb2,0x02,0x04,0x40,0x04,0x06,0x02,0x00,0x0f,0x8a,0x01,0x0d,0x0a,0x02,
    0x00,0x02,0x78,0x01,0x02,0x02,0x00,0x11,0x61,0x76,0x07,0xf2,0x05,0x41,0x08,0xc3,
    0x10,0x20,0x00,0xa3,0x08,0x00,0x00,0xa2,0x10,0x00,0x00,0xc3,0x10,0x45,0x21,0xed,
    0x52,0xea,0x02,0x02,0x02,0x00,0x02,0x78,0x01,0x01,0x02,0x00,0x3f,0x8c,0xdc,0x24,
    0x74,0x01,0x3d,0x1f,0x7f,0x02,0x00,0x00,0x06,0x78,0x01,0x0f,0xec,0x02,0x51,0x62,
    0x3a,0x4d,0x37,0x5d,0x17,0x55,0x76,0x01,0x08,0x78,0x01,0x66,0x6e,0x3b,0xa3,0x08,
    0x00,0x00,0x5c,0x04,0x04,0xba,0x02,0x04,0x08,0x00,0x0f,0x02,0x00,0x05,0x04,0x20,
    0x00,0x02,0xf2,0x02,0x0f,0x0e,0x00,0x01,0xd3,0xa3,0x08,0x00,0x00,0x82,0x08,0x82,
    0x08,0x20,0x00,0x41,0x08,0x41,0x78,0x01,0xcc,0x20,0x00,0x20,0x00,0x20,0x00,0x41,
    0x08,0xed,0x52,0x34,0x8c,0x78,0x01,0x62,0x55,0x9c,0x35,0x94,0xb7,0x7c,0xd4,0x05,
    0x0f,0xea,0x02,0x03,0x0f,0xd6,0x02,0x11,0x0e,0x68,0x01,0x0c,0x02,0x00,0x04,0x78,
    0x01,0x3f,0x5f,0x13,0x5f,0x4c,0x0c,0x18,0x0f,0x02,0x00,0x23,0x6c,0xf8,0x44,0x17,
    0x55,0x17,0x55,0x78,0x01,0x62,0x6e,0x3b,0xa2,0x08,0xe4,0x10,0x5a,0x01,0x11,0x41,
    0x94,0x02,0x08,0x5c,0x04,0x02,0x52,0x01,0x04,0x08,0x00,0x04,0x5c,0x07,0x04,0x00,
    0x03,0x04,0x02,0x00,0x08,0xe2,0x02,0x04,0x0e,0x00,0x02,0x86,0x04,0x31,0x20,0x00,
    0x82,0x62,0x07,0x82,0x20,0x00,0x41,0x08,0x00,0x00,0x25,0x21,0x04,0x00,0x31,0x62,
    0x08,0x62,0x08,0x03,0x68,0x86,0x29,0x8a,0x4a,0x34,0x8c,0xf0,0x02,0xaf,0x55,0x9c,
    0x55,0x9c,0x55,0x9c,0x76,0x8c,0x7c,0x3c,0x76,0x01,0x01,0x0f,0x74,0x01,0x0b,0x0c,
    0x5c,0x01,0x0f,0x02,0x00,0x09,0x0f,0x78,0x01,0x55,0x6c,0xdb,0x2c,0xf7,0x4c,0xf7,
    0x54,0x78,0x01,0x24,0xf2,0x43,0x72,0x01,0x11,0xa2,0x08,0x01,0x06,0x02,0x00,0x0c,
    0x5a,0x01,0x0f,0x02,0x00,0x03,0x04,0x96,0x01,0x02,0x78,0x01,0x04,0xd2,0x08,0x11,
    0xe3,0xc6,0x01,0x02,0x78,0x01,0x02,0xb6,0x04,0x31,0xe3,0x10,0x00,0x60,0x07,0x11,
    0x00,0x7e,0x01,0x22,0xa2,0x10,0x7a,0x04,0x31,0x00,0x00,0x41,0x08,0x03,0x21,0xed,
    0x52,0x62,0x04,0x01,0x02,0x00,0x02,0x78,0x01,0x6a,0x55,0x9c,0x35,0x94,0xf7,0x83,
    0x7a,0x01,0x0f,0x74,0x01,0x09,0x0f,0x62,0x01,0x09,0x0f,0x02,0x00,0x01,0x1f,0x5f,
    0x78,0x01,0x54,0x6a,0x99,0x2c,0xd7,0x4c,0xf7,0x54,0x78,0x01,0x46,0x95,0x4c,0x45,
    0x19,0x1e,0x01,0x04,0x68,0x01,0x02,0x86,0x05,0x04,0x22,0x04,0x06,0xea,0x02,0x04,
    0x62,0x01,0x02,0x08,0x00,0x19,0x41,0xbc,0x0b,0x04,0x62,0x01,0x02,0x7e,0x01,0x06,
    0x02,0x00,0x02,0x10,0x00,0x02,0x86,0x01,0x02,0x84,0x04,0x02,0x5e,0x00,0x11,0xa2,
    0x98,0x01,0x02,0x84,0x01,0xa2,0xc3,0x10,0x41,0x08,0x00,0x00,0xc4,0x20,0xf2,0x7b,
    0x7c,0x01,0x04,0x78,0x01,0x64,0x55,0x9c,0x55,0x9c,0xb7,0x7c,0x7a,0x01,0x0f,0x74,
    0x01,0x07,0x0f,0x56,0x01,0x01,0x04,0x02,0x00,0x1f,0x5f,0x02,0x00,0x08,0x22,0x9f,
    0x14,0x50,0x20,0x0f,0x68,0x04,0x49,0x22,0xf8,0x44,0x76,0x01,0x08,0x78,0x01,0x42,
    0xcc,0x32,0x45,0x19,0x8e,0x02,0x04,0x46,0x07,0x13,0xc3,0xf2,0x02,0x06,0x12,0x00,
    0x0a,0x02,0x00,0x02,0x9a,0x01,0x02,0x06,0x00,0x04,0x02,0x00,0x04,0x4e,0x01,0x02,
    0x44,0x00,0x02,0x68,0x01,0x04,0x16,0x00,0x06,0x10,0x00,0x01,0x0c,0x00,0x03,0x66,
    0x04,0x42,0x41,0x08,0xc3,0x10,0x6c,0x04,0x11,0x20,0x64,0x07,0x04,0x7a,0x01,0x66,
    0x00,0x00,0x8a,0x4a,0x34,0x8c,0x78,0x01,0x51,0x35,0x9c,0x55,0x9c,0x35,0x70,0x04,
    0x0f,0x74,0x01,0x05,0x04,0x5e,0x01,0x0c,0x02,0x00,0x0f,0x6c,0x01,0x07,0x08,0x02,
    0x00,0x0f,0x78,0x01,0x4d,0x6a,0xfd,0x1c,0xf7,0x4c,0xd7,0x4c,0x78,0x01,0x02,0x5e,
    0x04,0x02,0x2c,0x01,0x02,0xf6,0x06,0x02,0x1c,0x01,0x02,0x02,0x00,0x04,0x46,0x01,
    0x02,0x9a,0x05,0x06,0x6a,0x01,0x02,0x72,0x01,0x02,0x06,0x00,0x02,0x70,0x01,0x04,
    0x02,0x00,0x04,0x70,0x01,0x04,0x08,0x00,0x02,0x02,0x00,0x11,0x61,0x6c,0x01,0x04,
    0xf0,0x02,0x02,0xf6,0x02,0x04,0x74,0x00,0x02,0x0a,0x00,0x02,0x84,0x01,0x04,0x14,
    0x00,0x62,0xc3,0x10,0x41,0x08,0xce,0x6a,0xea,0x02,0x02,0x02,0x00,0x8e,0x35,0x9c,
    0x35,0x9c,0x35,0x94,0x79,0x5c,0x7a,0x01,0x0c,0x6c,0x01,0x0f,0x70,0x01,0x17,0x04,
    0x02,0x00,0x0f,0x78,0x01,0x4b,0x22,0xdc,0x24,0x76,0x01,0x08,0x78,0x01,0x22,0xcc,
    0x32,0x3c,0x01,0x42,0x00,0x00,0x05,0x11,0x22,0x01,0x04,0x02,0x00,0x04,0xec,0x05,
    0x04,0x08,0x00,0x0a,0x02,0x00,0x02,0x36,0x00,0x04,0x26,0x01,0x02,0x92,0x01,0x02,
    0x6a,0x01,0x02,0x06,0x00,0x04,0x08,0x00,0x04,0xb0,0x01,0x0a,0x2c,0x00,0x01,0x30,
    0x00,0x21,0x08,0xa3,0xc0,0x0e,0x22,0x20,0x00,0xf2,0x02,0x04,0x02,0x00,0x31,0x04,
    0x19,0x41,0x6c,0x03,0x81,0x45,0x21,0x00,0x00,0xa7,0x31,0x34,0x8c,0xe0,0x05,0x01,
    0xf0,0x02,0x01,0x02,0x00,0x0b,0x7a,0x01,0x02,0x66,0x01,0x08,0x02,0x00,0x04,0x4c,
    0x01,0x0f,0x02,0x00,0x19,0x0f,0x78,0x01,0x49,0x51,0xdb,0x2c,0xd7,0x4c,0xb7,0xee,
    0x02,0x04,0x78,0x01,0x02,0xd4,0x05,0x04,0x52,0x04,0x04,0x4c,0x01,0x13,0xa2,0x2a,
    0x0d,0x04,0xae,0x08,0x04,0x02,0x00,0x04,0xd6,0x02,0x02,0x10,0x03,0x02,0x72,0x01,
    0x02,0x06,0x00,0x02,0x12,0x00,0x02,0x02,0x00,0x04,0x20,0x03,0x04,0x7e,0x01,0x04,
    0x02,0x00,0x02,0xe2,0x02,0x31,0x00,0x00,0x04,0xd0,0x04,0x02,0x0e,0x00,0x02,0x60,
    0x01,0x15,0x20,0x9e,0x01,0x22,0xa2,0x10,0xec,0x05,0x02,0xde,0x08,0x02,0x02,0x00,
    0x47,0x82,0x10,0x51,0x7b,0xf0,0x02,0x01,0x02,0x00,0x22,0xf7,0x83,0xf4,0x02,0x08,
    0x6e,0x01,0x02,0x02,0x00,0x0f,0x6c,0x01,0x0f,0x1f,0x3f,0x02,0x00,0x02,0x0f,0x78,
    0x01,0x47,0x02,0x76,0x01,0x08,0x78,0x01,0x24,0xf2,0x43,0x30,0x01,0x02,0x7a,0x01,
    0x15,0x20,0xc6,0x08,0x04,0xcc,0x02,0x04,0x08,0x00,0x02,0x72,0x01,0x04,0x52,0x01,
    0x02,0x16,0x00,0x26,0x82,0x08,0x12,0x00,0x02,0x02,0x00,0x02,0x4e,0x00,0x04,0x26,
    0x00,0x04,0x78,0x01,0x02,0x3c,0x00,0x0f,0x02,0x00,0x03,0x02,0x1c,0x00,0x11,0x04,
    0xd0,0x07,0x02,0x3e,0x00,0x02,0x8a,0x01,0x13,0xc3,0x6a,0x07,0x21,0x45,0x21,0x0e,
    0x02,0x03,0x70,0x04,0x01,0xee,0x02,0x01,0x02,0x00,0x42,0xf5,0x9b,0xf7,0x83,0x68,
    0x01,0x06,0x02,0x00,0x0f,0x72,0x01,0x09,0x0f,0x6a,0x01,0x01,0x0a,0x02,0x00,0x0f,
    0x78,0x01,0x45,0x04,0x76,0x01,0x06,0x78,0x01,0x26,0x6e,0x3b,0xda,0x02,0x02,0x4a,
    0x01,0x33,0x00,0x00,0x82,0xea,0x02,0x04,0x10,0x00,0x0a,0x62,0x04,0x04,0x52,0x01,
    0x04,0x1e,0x00,0x02,0xaa,0x02,0x04,0x70,0x01,0x02,0x02,0x00,0x04,0x24,0x00,0x04,
    0x76,0x01,0x04,0x02,0x00,0x04,0xde,0x05,0x22,0x82,0x08,0xb2,0x0e,0x02,0x72,0x01,
    0x02,0x06,0x00,0x02,0x72,0x01,0x02,0x08,0x03,0x04,0x72,0x01,0x11,0x25,0x72,0x01,
    0x02,0xe6,0x0b,0x6a,0x00,0x00,0xa2,0x10,0x08,0x42,0x78,0x01,0x0a,0x7a,0x01,0x0f,
    0x74,0x01,0x05,0x0a,0x5c,0x01,0x0f,0x02,0x00,0x09,0x0f,0x78,0x01,0x43,0x62,0xdb,
    0x2c,0x97,0x44,0xb7,0x4c,0x02,0x00,0x11,0xd7,0x6a,0x04,0x22,0x09,0x22,0x22,0x04,
    0x02,0x5a,0x01,0x13,0x41,0x08,0x00,0x02,0x14,0x00,0x31,0x00,0x00,0x41,0xde,0x0c,
    0x06,0x02,0x00,0x04,0x1e,0x00,0x02,0x20,0x00,0x15,0x41,0x56,0x0a,0x06,0x82,0x01,
    0x04,0x0c,0x00,0x02,0x22,0x00,0x06,0x78,0x01,0x02,0x5a,0x01,0x0f,0x02,0x00,0x05,
    0x02,0xde,0x02,0x02,0x24,0x00,0x02,0x3a,0x00,0x13,0x20,0x7a,0x01,0x02,0x0e,0x00,
    0x13,0x41,0x50,0x0d,0x84,0x62,0x08,0x20,0x00,0xe4,0x28,0xd4,0x93,0xf2,0x02,0x26,
    0xf5,0x9b,0x7a,0x01,0x0f,0x74,0x01,0x03,0x0f,0x64,0x01,0x09,0x0f,0x02,0x00,0x01,
    0x0f,0x78,0x01,0x41,0x48,0xdb,0x2c,0x97,0x44,0x78,0x01,0x63,0x95,0x4c,0xa8,0x19,
    0xa2,0x08,0xda,0x00,0x0b,0x13,0x01,0x0a,0x5c,0x07,0x04,0x00,0x03,0x04,0x02,0x00,
    0x02,0x34,0x00,0x02,0x06,0x00,0x04,0x02,0x00,0x08,0x7c,0x01,0x04,0xe6,0x02,0x04,
    0x08,0x00,0x04,0x02,0x00,0x13,0xa3,0xe6,0x02,0x04,0xd6,0x02,0x11,0x61,0x52,0x07,
    0x04,0xde,0x02,0x02,0x6a,0x01,0x04,0xdc,0x05,0x02,0x8c,0x01,0x22,0xc3,0x10,0xe4,
    0x05,0x02,0x06,0x03,0x02,0x00,0x03,0x24,0xc4,0x20,0x7a,0x01,0x02,0x78,0x01,0x4e,
    0xf5,0x9b,0xf7,0x83,0x76,0x01,0x0f,0x56,0x01,0x01,0x0f,0x02,0x00,0x0f,0x0f,0x78,
    0x01,0x3f,0x02,0x76,0x01,0x06,0x78,0x01,0x22,0x95,0x4c,0xbe,0x02,0x02,0xd4,0x05,
    0x13,0x41,0x08,0x00,0x2a,0x05,0x11,0x4e,0x01,0x02,0x16,0x00,0x04,0x02,0x00,0x02,
    0x32,0x00,0x02,0x1e,0x0d,0x24,0x41,0x00,0xba,0x11,0x02,0x20,0x04,0x02,0x70,0x04,
    0x02,0x3e,0x00,0x02,0x06,0x00,0x04,0x08,0x00,0x04,0xb0,0x0e,0x0f,0x02,0x00,0x07,
    0x02,0x64,0x01,0x02,0x06,0x00,0x04,0x02,0x00,0x02,0x62,0x04,0x04,0x02,0x00,0x02,
    0x7e,0x01,0x04,0x52,0x00,0x48,0x41,0x08,0x51,0x7b,0x78,0x01,0x0c,0x7a,0x01,0x0f,
    0x60,0x01,0x0f,0x0f,0x02,0x00,0x05,0x0f,0x78,0x01,0x3d,0x51,0xfd,0x1c,0xb7,0x44,
    0x97,0x02,0x00,0x02,0x66,0x04,0x04,0x76,0x01,0x02,0x40,0x01,0x06,0xd2,0x00,0x04,
    0x3a,0x01,0x0a,0xf0,0x02,0x15,0x41,0x6a,0x07,0x06,0x02,0x00,0x08,0xe0,0x02,0x08,
    0x0e,0x00,0x04,0x42,0x00,0x0c,0xec,0x02,0x04,0x48,0x04,0x06,0xee,0x02,0x04,0xc6,
    0x02,0x13,0x41,0xf6,0x02,0x02,0xd4,0x02,0x22,0x41,0x08,0x08,0x00,0x02,0xbc,0x01,
    0x11,0x20,0xbc,0x11,0x33,0x00,0x00,0xc3,0xe2,0x08,0x02,0x62,0x07,0x68,0x00,0x00,
    0x66,0x29,0x51,0x7b,0x78,0x01,0x42,0xf5,0x9b,0x79,0x5c,0xf4,0x02,0x0f,0x52,0x01,
    0x05,0x0f,0x02,0x00,0x07,0x33,0x1f,0x04,0x1f,0x06,0x00,0x1f,0x1f,0x78,0x01,0x3c,
    0x51,0xfd,0x1c,0x37,0x34,0x77,0x76,0x01,0x02,0x78,0x01,0x62,0x95,0x4c,0xe4,0x10,
    0xa2,0x08,0x44,0x02,0x04,0x62,0x01,0x02,0x08,0x00,0x0c,0xd2,0x05,0x04,0xda,0x08,
    0x02,0x02,0x00,0x02,0x82,0x05,0x13,0xa3,0xc2,0x08,0x17,0x41,0xaa,0x14,0x06,0x7c,
    0x01,0x02,0x30,0x01,0x06,0x08,0x00,0x02,0x34,0x00,0x0f,0x02,0x00,0x11,0x04,0x3a,
    0x00,0x02,0x02,0x00,0x04,0x62,0x01,0x0a,0x16,0x00,0x04,0x02,0x00,0x64,0xa2,0x10,
    0x41,0x08,0x51,0x7b,0x68,0x04,0x8f,0xf5,0x9b,0xd5,0xa3,0xf5,0x9b,0x7c,0x3c,0x5c,
    0x01,0x07,0x08,0x02,0x00,0x06,0x66,0x01,0x04,0x02,0x00,0x04,0x76,0x01,0x0f,0x78,
    0x01,0x3d,0x46,0x57,0x2c,0x76,0x3c,0x78,0x01,0x04,0xec,0x02,0x0f,0xd2,0x00,0x01,
    0x04,0x34,0x0a,0x28,0xe4,0x10,0x1e,0x00,0x02,0xca,0x0b,0x04,0xca,0x02,0x02,0x02,
    0x00,0x06,0x20,0x00,0x06,0xfa,0x02,0x04,0xe4,0x02,0x04,0x08,0x00,0x06,0x02,0x00,
    0x06,0x7e,0x01,0x13,0xa3,0x52,0x06,0x04,0xe0,0x02,0x04,0x52,0x04,0x04,0xf6,0x02,
    0x26,0xa2,0x10,0xb8,0x04,0x06,0x1e,0x00,0x11,0x62,0x48,0x10,0x42,0x00,0x00,0x45,
    0x21,0x8e,0x04,0x22,0xe4,0x18,0x6e,0x04,0x04,0x7a,0x01,0x88,0xd5,0xa3,0xd5,0xa3,
    0xb5,0xa3,0xfc,0x43,0x60,0x01,0x0a,0x02,0x00,0x04,0x64,0x01,0x08,0x66,0x01,0x0e,
    0x02,0x00,0x06,0xf0,0x02,0x1f,0x3f,0x54,0x28,0x2e,0x48,0x58,0x2c,0x76,0x3c,0x78,
    0x01,0x11,0x67,0x90,0x0e,0x0c,0xd2,0x05,0x02,0xf0,0x02,0x04,0x40,0x0b,0x04,0x02,
    0x00,0x02,0xd2,0x05,0x02,0x02,0x00,0x02,0x94,0x01,0x04,0xee,0x02,0x11,0x82,0x42,
    0x17,0x04,0x1a,0x00,0x02,0x86,0x01,0x04,0x70,0x01,0x02,0x08,0x00,0x02,0x24,0x00,
    0x0f,0x02,0x00,0x17,0x02,0x44,0x00,0x04,0x02,0x00,0x04,0x6e,0x19,0x02,0x68,0x01,
    0x0c,0x02,0x00,0x02,0x58,0x0d,0x42,0xc4,0x20,0xd4,0x93,0x7a,0x01,0x8a,0xd5,0xa3,
    0xd5,0xa3,0xd5,0xa3,0x95,0xa3,0x6c,0x01,0x04,0x02,0x00,0x0e,0x60,0x01,0x0f,0x02,
    0x00,0x05,0x04,0x90,0x14,0x2f,0x1f,0x03,0x78,0x01,0x2d,0x48,0x7a,0x24,0x76,0x3c,
    0x78,0x01,0x24,0xa8,0x19,0x62,0x01,0x0a,0xe8,0x00,0x02,0x02,0x00,0x04,0x68,0x04,
    0x02,0x24,0x00,0x04,0x02,0x00,0x02,0x6e,0x04,0x0f,0x30,0x00,0x03,0x04,0x24,0x00,
    0x04,0x6c,0x01,0x0e,0x26,0x00,0x06,0xec,0x02,0x04,0x7a,0x0d,0x08,0xfe,0x11,0x04,
    0x40,0x07,0x0c,0x08,0x00,0x02,0x02,0x00,0x22,0x41,0x08,0x62,0x01,0x22,0x04,0x19,
    0x16,0x05,0x04,0x8e,0x01,0x02,0x16,0x00,0x15,0x20,0x7a,0x01,0x02,0x78,0x01,0x44,
    0xd5,0xa3,0xf7,0x83,0x6c,0x01,0x04,0x02,0x00,0x0f,0x62,0x01,0x05,0x64,0xff,0x03,
    0xff,0x03,0xff,0x03,0x08,0x00,0x04,0x02,0x00,0x31,0x5f,0x24,0x1f,0x94,0x43,0x0f,
    0x78,0x01,0x2d,0x48,0xfd,0x1c,0x97,0x44,0x78,0x01,0x24,0x2b,0x1a,0x18,0x01,0x02,
    0x3c,0x04,0x06,0x62,0x01,0x02,0x6a,0x01,0x04,0x38,0x01,0x02,0x26,0x00,0x04,0x24,
    0x00,0x02,0x02,0x00,0x11,0x82,0x1a,0x1d,0x02,0xc6,0x08,0x06,0x84,0x1a,0x04,0x7a,
    0x01,0x02,0x32,0x00,0x04,0x40,0x00,0x06,0x6c,0x01,0x0f,0x02,0x00,0x23,0x02,0x1c,
    0x13,0x0f,0xee,0x02,0x05,0x04,0x20,0x19,0x62,0x25,0x21,0x00,0x00,0x66,0x29,0xe0,
    0x05,0x02,0x02,0x00,0x42,0xb5,0xa3,0x97,0x8b,0x72,0x01,0x0f,0x52,0x04,0x05,0x04,
    0x62,0x01,0x0f,0x76,0x01,0x01,0x06,0x78,0x01,0x1f,0x5f,0xf0,0x02,0x2c,0x31,0x37,
    0x34,0x56,0xee,0x02,0x02,0x68,0x04,0x26,0xf0,0x2a,0x4c,0x01,0x04,0x30,0x01,0x0a,
    0x02,0x00,0x04,0x58,0x04,0x04,0x08,0x00,0x01,0x26,0x0e,0x01,0xbe,0x0e,0x0c,0x30,
    0x00,0x04,0x62,0x01,0x02,0x90,0x01,0x08,0x10,0x00,0x06,0x02,0x00,0x15,0x61,0xa8,
    0x1a,0x08,0xe2,0x02,0x22,0x00,0x00,0x6c,0x16,0x04,0xf4,0x18,0x06,0xc6,0x05,0x02,
    0x7e,0x14,0x02,0x12,0x00,0x02,0x02,0x00,0x13,0xa2,0x68,0x06,0x02,0x66,0x07,0x22,
    0x41,0x08,0x16,0x03,0x11,0x41,0x24,0x06,0x04,0x82,0x00,0x26,0x0b,0x5a,0xf0,0x02,
    0x11,0xb5,0xe6,0x05,0x02,0xe4,0x02,0x02,0x7c,0x01,0x02,0x02,0x00,0x0f,0x66,0x01,
    0x03,0x0e,0x02,0x00,0x22,0x5f,0x24,0x84,0x46,0x0f,0x78,0x01,0x2b,0x46,0x58,0x2c,
    0x56,0x3c,0x78,0x01,0x22,0x93,0x2b,0x74,0x0b,0x02,0xd2,0x00,0x02,0x5a,0x01,0x13,
    0x20,0x08,0x00,0x22,0xc3,0x08,0xac,0x05,0x02,0x06,0x00,0x02,0xbc,0x02,0x04,0x24,
    0x00,0x02,0x02,0x00,0x02,0xee,0x02,0x33,0x20,0x00,0xa3,0xf6,0x09,0x0c,0x8a,0x01,
    0x04,0x06,0x01,0x0f,0xea,0x02,0x2d,0x02,0x02,0x00,0x02,0x68,0x01,0x04,0x20,0x10,
    0x04,0x02,0x00,0x02,0x98,0x00,0x41,0x20,0x00,0xc3,0x18,0xa4,0x01,0x32,0x18,0x41,
    0x08,0x12,0x03,0x22,0x6d,0x62,0xee,0x02,0x02,0x78,0x01,0x22,0xd5,0x9b,0x6c,0x01,
    0x04,0x02,0x00,0x02,0x5e,0x01,0x04,0x08,0x00,0x0f,0x02,0x00,0x0b,0x0f,0x78,0x01,
    0x31,0x46,0xdc,0x24,0x36,0x34,0x78,0x01,0x73,0x56,0x3c,0xe4,0x10,0x00,0x00,0x20,
    0x8a,0x0b,0x02,0xfc,0x0c,0x06,0x02,0x00,0x02,0xd2,0x00,0x04,0x98,0x0e,0x02,0x8c,
    0x01,0x02,0x02,0x00,0x13,0xa2,0x36,0x0a,0x02,0x0e,0x00,0x08,0xda,0x02,0x04,0x10,
    0x0d,0x02,0xac,0x01,0x0c,0x02,0x00,0x08,0x80,0x01,0x02,0x92,0x0b,0x02,0x3c,0x00,
    0x02,0x82,0x14,0x08,0xd0,0x08,0x04,0x54,0x04,0x0e,0xee,0x02,0x04,0x20,0x10,0x02,
    0x24,0x16,0x06,0xde,0x05,0x17,0x41,0x94,0x00,0x22,0xa7,0x31,0xac,0x14,0x02,0x7a,
    0x01,0x82,0xb5,0xa3,0xb5,0xa3,0xb5,0xa3,0x96,0x93,0x74,0x01,0x0f,0x64,0x01,0x05,
    0x11,0xdf,0xdc,0x05,0x17,0xdf,0x02,0x00,0x04,0x10,0x00,0x0f,0x78,0x01,0x31,0x11,
    0x37,0x76,0x01,0x04,0xf0,0x02,0x11,0xa8,0x78,0x15,0x04,0xee,0x02,0x04,0x20,0x10,
    0x02,0xf2,0x03,0x06,0x98,0x11,0x15,0x20,0x12,0x03,0x13,0x20,0xc2,0x0e,0x02,0x2e,
    0x01,0x53,0x20,0x00,0xa3,0x08,0x41,0xbc,0x15,0x0a,0x54,0x01,0x06,0x02,0x00,0x08,
    0x6a,0x01,0x0f,0x02,0x00,0x2b,0x0f,0xee,0x02,0x03,0x02,0x82,0x04,0x0a,0xee,0x02,
    0x02,0x10,0x02,0x48,0xe4,0x18,0xc4,0x20,0x78,0x01,0x4f,0x94,0xa3,0xfc,0x43,0x74,
    0x01,0x01,0x04,0x68,0x01,0x04,0x66,0x01,0x0e,0x02,0x00,0x0f,0x78,0x01,0x2f,0x11,
    0x99,0x64,0x04,0x04,0x78,0x01,0x22,0xf0,0x2a,0x40,0x01,0x02,0x9a,0x08,0x0f,0xee,
    0x02,0x03,0x04,0x46,0x07,0x08,0x1c,0x10,0x26,0xe4,0x10,0xac,0x01,0xea,0x00,0x00,
    0x41,0x00,0x45,0x21,0x08,0x42,0x08,0x42,0x08,0x42,0x8a,0x4a,0x08,0x00,0x06,0x02,
    0x00,0x31,0x8a,0x4a,0x29,0x22,0x00,0x02,0x02,0x00,0x22,0x0c,0x5b,0x08,0x00,0x0a,
    0x0c,0x00,0x15,0x29,0x40,0x00,0x44,0x08,0x42,0x29,0x42,0xa4,0x01,0x02,0x6e,0x01,
    0x06,0x02,0x00,0x04,0xee,0x02,0x22,0x25,0x21,0x5e,0x01,0x22,0xa7,0x31,0x1c,0x00,
    0x04,0x5e,0x04,0x62,0x00,0x00,0x41,0x08,0xe4,0x18,0x2c,0x02,0x44,0x00,0x00,0xa9,
    0x49,0x68,0x04,0x6a,0xb5,0xa3,0xb5,0xa3,0xd5,0x9b,0x78,0x01,0x0e,0x62,0x01,0x0f,
    0x02,0x00,0x03,0x0f,0x78,0x01,0x2d,0x22,0xfd,0x1c,0x64,0x04,0x02,0x78,0x01,0x35,
    0x36,0x34,0x41,0xc8,0x02,0x02,0x2a,0x07,0x02,0xca,0x00,0x04,0xee,0x02,0x02,0x6a,
    0x01,0x02,0x14,0x00,0x02,0x12,0x03,0x04,0x84,0x01,0x01,0xde,0x00,0xcf,0x00,0xc3,
    0x08,0xa3,0x08,0xa3,0x08,0x10,0x84,0x1c,0xe7,0xff,0x01,0x00,0x40,0x42,0x9e,0xf7,
    0x14,0x9d,0x26,0x0a,0x53,0x00,0x00,0x00,0x00,0x62,0x3a,0x0a,0x06,0x12,0x00,0x02,
    0x02,0x00,0x02,0x9e,0x00,0x22,0xa2,0x10,0xf6,0x02,0x24,0x25,0x29,0x12,0x00,0x51,
    0x82,0x10,0x62,0x10,0xc4,0x1d,0x00,0x24,0xd0,0x82,0x68,0x04,0x66,0xb5,0xa3,0x94,
    0xa3,0x97,0x8b,0x7a,0x01,0x0f,0x64,0x01,0x03,0x0f,0x02,0x00,0x01,0x22,0x3f,0x2c,
    0x58,0x07,0x2f,0x7f,0x03,0x3e,0x39,0x23,0x02,0x52,0x07,0x02,0x02,0x00,0x22,0x76,
    0x3c,0x2a,0x0d,0x04,0x6e,0x01,0x0a,0xd2,0x00,0x01,0xb3,0x00,0x23,0x00,0x00,0x56,
    0x04,0x04,0x12,0x03,0x02,0x9e,0x01,0x06,0x1e,0x00,0x4f,0x66,0x29,0x9a,0xce,0x73,
    0x01,0x40,0x05,0x02,0x00,0x42,0x9e,0xf7,0x8a,0x4a,0x76,0x00,0x04,0x02,0x00,0x1b,
    0xc3,0xca,0x08,0x02,0x4c,0x07,0x02,0xe2,0x21,0x02,0x24,0x00,0x22,0x66,0x29,0xd8,
    0x08,0xc2,0x00,0x00,0x82,0x10,0x08,0x42,0xe4,0x28,0xe4,0x28,0xd4,0x93,0xee,0x02,
    0x6f,0xb5,0xa3,0x94,0xa3,0x95,0xa3,0xc8,0x05,0x01,0x0f,0x02,0x00,0x0d,0x31,0x3f,
    0x2c,0x7f,0xc0,0x0b,0x0f,0x78,0x01,0x23,0x04,0x52,0x07,0x02,0x02,0x00,0x26,0xf0,
    0x2a,0x6e,0x08,0x04,0x50,0x01,0x33,0x00,0x00,0x82,0x96,0x24,0x11,0xc3,0x26,0x0a,
    0x02,0xe8,0x02,0x11,0x41,0x21,0x00,0x06,0x06,0x13,0xc2,0x20,0x00,0xc3,0x08,0x45,
    0x19,0x00,0x00,0x29,0x42,0x9e,0xf7,0x23,0x01,0x48,0x9a,0xce,0x10,0x84,0x02,0x00,
    0x15,0x51,0x0e,0x00,0x24,0x72,0x8c,0x18,0x00,0x24,0xb2,0x94,0x0a,0x00,0x0f,0x02,
    0x00,0x11,0x22,0x75,0xad,0x5a,0x00,0x44,0xff,0xff,0x0c,0x5b,0x6c,0x04,0x04,0x3c,
    0x04,0x04,0x02,0x00,0x02,0x1c,0x02,0x04,0x44,0x0d,0x26,0xe4,0x18,0x70,0x01,0x11,
    0xe4,0xd4,0x08,0x22,0x62,0x10,0x76,0x26,0x26,0xa9,0x49,0x78,0x01,0x4f,0x94,0xa3,
    0xf7,0x83,0xea,0x02,0x0b,0x11,0xbf,0x58,0x07,0x19,0xbf,0x02,0x00,0x0f,0x78,0x01,
    0x2b,0x26,0x57,0x2c,0x66,0x04,0x31,0x56,0x3c,0xa2,0x6c,0x27,0x02,0xe6,0x02,0x02,
    0x06,0x00,0x06,0x02,0x00,0x02,0xd2,0x00,0x04,0x56,0x04,0x02,0x70,0x04,0x73,0x00,
    0x00,0x00,0x00,0xe4,0x10,0x41,0xe8,0x0f,0x42,0x82,0x08,0x62,0x08,0xec,0x02,0x24,
    0x1c,0xe7,0x94,0x02,0x02,0x9c,0x0e,0x06,0xd8,0x18,0x02,0x46,0x00,0x0f,0x02,0x00,
    0x01,0x02,0xca,0x04,0x02,0x02,0x00,0x02,0x7c,0x0b,0x02,0x02,0x00,0x08,0x0c,0x00,
    0xb1,0xa7,0x31,0xf7,0xbd,0xff,0xff,0xff,0xff,0x9e,0xf7,0xe4,0x20,0x0a,0x06,0x18,
    0x0d,0x13,0x45,0xda,0x05,0x02,0xfa,0x05,0x04,0xd4,0x27,0x01,0xa6,0x14,0x12,0x29,
    0xf6,0x02,0xf3,0x02,0x62,0x10,0x29,0x42,0xc4,0x20,0xa3,0x18,0x00,0x00,0xa3,0x18,
    0x00,0x00,0xe4,0x28,0x52,0xf2,0x02,0x6f,0x94,0xa3,0x94,0xa3,0x94,0xa3,0xde,0x02,
    0x01,0x08,0x66,0x01,0x0a,0x0e,0x00,0x0f,0x78,0x01,0x2d,0x46,0xdc,0x24,0x36,0x34,
    0x78,0x01,0x28,0x2b,0x1a,0x3e,0x02,0x02,0x58,0x07,0x04,0x10,0x01,0x13,0x41,0x5e,
    0x04,0x11,0x41,0x52,0x1e,0x08,0x4a,0x0a,0x17,0x00,0xa8,0x0b,0x86,0x10,0x84,0xff,
    0xff,0xff,0xff,0x1c,0xe7,0xb4,0x01,0x02,0x2c,0x00,0x15,0x61,0x42,0x0a,0x11,0x82,
    0xc8,0x0c,0x02,0x36,0x00,0x02,0xc0,0x1b,0x08,0x0a,0x00,0x0f,0x02,0x00,0x11,0x02,
    0xf6,0x02,0x22,0x75,0xad,0x4a,0x04,0x08,0x32,0x00,0x02,0x0e,0x00,0x06,0xa2,0x0e,
    0x04,0x86,0x00,0xf4,0x01,0xa7,0x31,0x82,0x10,0x62,0x10,0x82,0x10,0xa3,0x18,0x41,
    0x08,0x62,0x10,0x82,0x10,0x7a,0x01,0x02,0xf2,0x02,0x02,0x78,0x01,0x2a,0xf7,0x83,
    0x7a,0x01,0x02,0x5c,0x01,0x06,0x02,0x00,0x19,0x9f,0x02,0x00,0x3f,0xbf,0x03,0x9f,
    0xf0,0x02,0x2a,0x26,0x57,0x2c,0x78,0x01,0x53,0x36,0x34,0x41,0x00,0x62,0x4a,0x04,
    0x04,0xb2,0x00,0x02,0x02,0x00,0x04,0x8e,0x01,0x04,0xe4,0x02,0x04,0xb4,0x0b,0x02,
    0x66,0x04,0x02,0x26,0x0d,0x02,0x08,0x00,0x02,0x4e,0x07,0x24,0x08,0x42,0x66,0x01,
    0x04,0x30,0x0a,0x04,0xf6,0x02,0x13,0xe3,0x7e,0x1e,0x06,0x1a,0x00,0x0c,0x02,0x00,
    0x08,0xde,0x02,0x08,0x0c,0x00,0x06,0xba,0x0b,0x22,0x62,0x08,0xca,0x04,0x2a,0xe4,
    0x18,0xa2,0x0e,0x15,0x20,0xec,0x02,0x04,0x44,0x0d,0x22,0x25,0x29,0xea,0x05,0x71,
    0xa3,0x18,0x25,0x29,0x41,0x08,0xa3,0x22,0x03,0x02,0x9c,0x01,0x02,0x06,0x00,0x22,
    0xd0,0x82,0xe0,0x05,0x02,0x02,0x00,0x02,0x78,0x01,0x0a,0xdc,0x02,0x31,0x9f,0x03,
    0x9f,0x5c,0x04,0x08,0x74,0x01,0x04,0x02,0x00,0x0f,0x78,0x01,0x27,0x02,0xee,0x02,
    0x04,0xf0,0x02,0x02,0xb6,0x0b,0x02,0x02,0x00,0x02,0x62,0x01,0x13,0x20,0x20,0x23,
    0x22,0xc3,0x08,0x10,0x00,0x06,0x6a,0x11,0x02,0x10,0x00,0x62,0x00,0x00,0x05,0x11,
    0xe3,0x10,0x16,0x00,0xc4,0x41,0x00,0x00,0x00,0x66,0x29,0xff,0xff,0xff,0xff,0x9a,
    0xce,0x68,0x01,0x04,0xb0,0x01,0x02,0x94,0x01,0x0f,0x02,0x00,0x03,0x04,0xb6,0x1e,
    0x0e,0xbe,0x02,0x0f,0x02,0x00,0x03,0x64,0x45,0x21,0x00,0x00,0x72,0x8c,0xe4,0x05,
    0x04,0x02,0x00,0x02,0x4a,0x04,0x02,0xf4,0x15,0x06,0x24,0x10,0xf1,0x06,0x00,0x00,
    0x49,0x42,0x25,0x29,0xa3,0x18,0x62,0x10,0x66,0x29,0x00,0x00,0xc4,0x20,0x00,0x00,
    0x41,0x08,0x82,0x5a,0x29,0x02,0x84,0x01,0x02,0xf2,0x02,0x02,0x76,0x01,0x42,0x94,
    0xa3,0xf7,0x83,0xde,0x02,0x1b,0xdf,0x68,0x01,0x0a,0x0e,0x00,0x06,0x02,0x00,0x0f,
    0x78,0x01,0x27,0x02,0xee,0x02,0x02,0x78,0x01,0x22,0x93,0x2b,0x4c,0x01,0x02,0xc2,
    0x15,0x06,0x02,0x00,0x02,0x1a,0x02,0x02,0xda,0x02,0x06,0xe8,0x08,0x51,0x41,0x00,
    0xc3,0x08,0x20,0x14,0x30,0x02,0x20,0x00,0x02,0x28,0x00,0x8c,0x08,0x42,0xff,0xff,
    0xff,0xff,0x10,0x84,0x78,0x01,0x0c,0xfe,0x02,0x13,0x82,0x6a,0x10,0x08,0x9e,0x0e,
    0x08,0x82,0x04,0x0f,0xea,0x02,0x05,0x04,0x02,0x00,0x06,0x68,0x00,0x04,0x62,0x1d,
    0x04,0x6c,0x17,0x02,0x34,0x07,0x51,0x00,0x00,0x66,0x29,0xc3,0xae,0x0b,0x02,0x68,
    0x01,0x02,0xd0,0x05,0x62,0x20,0x00,0x00,0x00,0xe4,0x28,0x98,0x01,0x02,0xb6,0x00,
    0x46,0x62,0x10,0x6d,0x62,0x78,0x01,0x22,0x94,0xa3,0x78,0x01,0x06,0x5a,0x01,0x0f,
    0x02,0x00,0x0b,0x0f,0x78,0x01,0x25,0x51,0xdc,0x24,0x16,0x34,0x36,0x02,0x00,0x08,
    0xee,0x02,0x04,0x1e,0x05,0x04,0x3e,0x1d,0x02,0x7c,0x14,0x06,0x3c,0x01,0x06,0x64,
    0x04,0x04,0x3e,0x01,0x02,0xb8,0x0e,0x17,0x41,0x10,0x01,0x04,0x16,0x10,0x04,0x66,
    0x04,0x04,0x02,0x00,0x02,0x10,0x00,0x02,0x84,0x07,0x02,0x02,0x00,0x02,0x00,0x01,
    0x08,0xf6,0x0f,0x06,0xca,0x01,0x06,0xc6,0x02,0x02,0x02,0x00,0x02,0x46,0x04,0x46,
    0x00,0x00,0x62,0x08,0x78,0x01,0x06,0x24,0x00,0x02,0x68,0x07,0x04,0x0e,0x13,0x73,
    0x62,0x08,0xc3,0x18,0xa3,0x18,0x25,0xe6,0x02,0x11,0x62,0xf6,0x10,0x02,0x46,0x00,
    0x01,0x42,0x00,0x03,0x78,0x0a,0x48,0xc4,0x20,0x82,0x10,0x78,0x01,0x3f,0x96,0x93,
    0xdf,0x6c,0x01,0x0c,0x08,0x02,0x00,0x13,0x1f,0x48,0x0a,0x3f,0xdd,0x4b,0x1f,0x80,
    0x17,0x1a,0x26,0x58,0x2c,0x78,0x01,0x5b,0x93,0x2b,0x00,0x00,0x20,0xd6,0x05,0x11,
    0x41,0xa5,0x00,0x06,0xea,0x02,0x02,0x10,0x00,0x31,0xa2,0x08,0xa3,0xea,0x02,0x02,
    0x6a,0x01,0x04,0x26,0x00,0x02,0xd6,0x00,0x08,0x10,0x01,0x08,0x02,0x00,0x04,0x74,
    0x11,0x02,0x26,0x00,0x04,0x08,0x00,0x06,0x62,0x17,0x04,0x26,0x04,0x01,0x50,0x00,
    0x05,0x0c,0x03,0x06,0x62,0x14,0x0a,0x02,0x00,0x28,0xc3,0x10,0x68,0x00,0x04,0xea,
    0x02,0x13,0x82,0x4c,0x01,0xc2,0x25,0x21,0x25,0x29,0x41,0x08,0xa3,0x18,0xa3,0x18,
    0x62,0x10,0x50,0x04,0x21,0x08,0x42,0xa2,0x1a,0x01,0xde,0x05,0x11,0x25,0x90,0x32,
    0x22,0xc4,0x20,0x8a,0x00,0x64,0x20,0x00,0x00,0x00,0x6d,0x62,0x68,0x04,0x48,0x94,
    0xa3,0x95,0xa3,0x58,0x01,0x0f,0x02,0x00,0x0d,0x31,0x1f,0x2c,0xdd,0xa6,0x56,0x0f,
    0x78,0x01,0x1d,0x31,0x36,0x34,0x16,0xee,0x02,0x22,0x36,0x34,0xee,0x02,0x04,0x40,
    0x0a,0x0f,0xea,0x02,0x03,0x42,0x20,0x00,0xa2,0x08,0x32,0x0a,0x13,0x20,0x0c,0x23,
    0x02,0x88,0x01,0x02,0xc2,0x00,0x02,0x0c,0x00,0x04,0x10,0x01,0x0c,0xf0,0x02,0x02,
    0xe8,0x02,0x04,0x66,0x2a,0x02,0x0e,0x00,0x06,0x08,0x00,0x04,0x96,0x21,0x11,0x00,
    0xc2,0x34,0x04,0x64,0x01,0x04,0xde,0x02,0x06,0x76,0x04,0x04,0x8a,0x03,0x13,0x41,
    0xf0,0x02,0x22,0x51,0x84,0xa8,0x01,0x02,0x2a,0x00,0x73,0x82,0x10,0xe4,0x18,0xc3,
    0x18,0x82,0xda,0x02,0x02,0x10,0x32,0x02,0x62,0x07,0x53,0x20,0x00,0x00,0x00,0x82,
    0xbc,0x0e,0x02,0xd8,0x05,0x02,0xc4,0x00,0x02,0x0e,0x00,0x26,0xe4,0x28,0x78,0x01,
    0x4f,0x94,0xab,0xfc,0x43,0x6e,0x01,0x0d,0x06,0x02,0x00,0x0f,0x78,0x01,0x23,0x35,
    0x99,0x2c,0x16,0x78,0x01,0x02,0x1c,0x10,0x04,0x44,0x01,0x04,0x46,0x01,0x04,0x26,
    0x0d,0x02,0xcc,0x31,0x02,0x60,0x01,0x01,0xc4,0x00,0x01,0x02,0x2a,0x04,0x38,0x01,
    0x02,0x46,0x01,0x0a,0x78,0x01,0x04,0x16,0x00,0x04,0x80,0x01,0x02,0x02,0x00,0x04,
    0xee,0x00,0x13,0x61,0x40,0x00,0x02,0x08,0x00,0x22,0x82,0x08,0x42,0x00,0x08,0xf6,
    0x02,0x06,0x00,0x03,0x02,0xdc,0x2e,0x02,0x02,0x00,0x04,0x90,0x03,0x31,0x45,0x21,
    0x49,0x48,0x06,0x22,0x72,0x8c,0x28,0x00,0x44,0x41,0x08,0xa7,0x31,0xc2,0x08,0xf2,
    0x01,0xc3,0x18,0x00,0x00,0x66,0x29,0x00,0x00,0xe4,0x28,0x20,0x00,0x41,0x08,0xe4,
    0x28,0x28,0x0d,0x06,0x7c,0x00,0x04,0x32,0x00,0x22,0x62,0x10,0x72,0x00,0x65,0x82,
    0x10,0x00,0x00,0xd0,0x82,0x7a,0x01,0x36,0xab,0xd5,0x9b,0x58,0x01,0x0f,0x02,0x00,
    0x0d,0x0f,0x78,0x01,0x23,0x26,0x37,0x34,0x78,0x01,0x02,0x0a,0x13,0x04,0xcc,0x05,
    0x13,0x20,0xbe,0x18,0x02,0x3e,0x07,0x02,0x52,0x01,0x02,0xce,0x0b,0x02,0x60,0x37,
    0x06,0xec,0x05,0x0c,0x02,0x00,0x04,0xf0,0x02,0x0c,0x18,0x00,0x02,0x3e,0x0a,0x0a,
    0x78,0x01,0x0c,0x7c,0x04,0x06,0xf6,0x02,0x04,0x1c,0x00,0x02,0x7c,0x2a,0x02,0xf0,
    0x01,0x04,0x52,0x0a,0x02,0x08,0x00,0x04,0x68,0x00,0x22,0x45,0x21,0x3a,0x01,0x02,
    0xa8,0x08,0x42,0x82,0x10,0xc3,0x18,0xb6,0x08,0x02,0xde,0x02,0x02,0x8a,0x11,0x02,
    0x5a,0x04,0x22,0xa3,0x18,0x6a,0x01,0x02,0x58,0x07,0x04,0x1c,0x00,0x02,0x02,0x00,
    0x26,0xa7,0x31,0x78,0x01,0x1f,0x94,0x6a,0x04,0x18,0x0f,0x78,0x01,0x21,0x37,0xfd,
    0x1c,0x16,0x78,0x01,0x33,0xc3,0x08,0x82,0x2a,0x0a,0x04,0x64,0x04,0x24,0xc3,0x08,
    0xd8,0x08,0x22,0xa2,0x08,0x4c,0x07,0x04,0x02,0x01,0x01,0xe6,0x00,0x01,0x3c,0x0d,
    0x02,0x12,0x01,0x02,0x98,0x01,0x02,0xee,0x05,0x04,0x10,0x01,0x02,0xa2,0x01,0x06,
    0x14,0x03,0x11,0x20,0x82,0x3d,0x04,0x16,0x00,0x02,0x72,0x01,0x02,0xee,0x02,0x04,
    0x1a,0x20,0x15,0x20,0x38,0x16,0x04,0x52,0x2d,0x06,0x08,0x23,0x04,0x7c,0x04,0x04,
    0x88,0x01,0x04,0x68,0x04,0x02,0xe0,0x01,0x66,0xe4,0x18,0x00,0x00,0xa7,0x31,0x86,
    0x0a,0x24,0x41,0x08,0x0c,0x00,0x02,0x6a,0x01,0x02,0xa6,0x00,0x15,0x20,0x0e,0x00,
    0x02,0x08,0x00,0x04,0x02,0x00,0x02,0xa2,0x01,0x23,0x52,0x93,0x7a,0x01,0x5f,0xab,
    0x94,0xab,0x96,0x93,0xe8,0x02,0x03,0x17,0x7f,0x02,0x00,0x5f,0x9f,0x03,0x9f,0x03,
    0x7f,0x78,0x01,0x22,0x11,0x58,0x66,0x04,0x02,0xe0,0x05,0x22,0x93,0x2b,0x9c,0x00,
    0x02,0x42,0x01,0x06,0xf6,0x02,0x22,0x82,0x08,0x58,0x17,0x02,0x1e,0x00,0x02,0x68,
    0x01,0x02,0x14,0x04,0x08,0x78,0x01,0x08,0x24,0x0a,0x06,0x78,0x01,0x04,0x18,0x00,
    0x04,0xbc,0x08,0x04,0x44,0x00,0x04,0xf0,0x00,0x02,0x4a,0x00,0x44,0x66,0x29,0x8e,
    0x6b,0x98,0x11,0x35,0x0c,0x5b,0x66,0x38,0x14,0x06,0xf4,0x02,0x02,0x76,0x14,0x02,
    0x08,0x00,0x02,0xec,0x02,0x44,0x41,0x08,0xa2,0x10,0x68,0x00,0x31,0xe4,0x18,0x62,
    0x66,0x01,0x24,0x41,0x08,0x42,0x01,0x02,0x44,0x00,0x11,0x66,0x3e,0x07,0x02,0xea,
    0x02,0x02,0xe2,0x02,0x04,0x70,0x01,0x04,0x08,0x00,0x04,0x28,0x03,0x02,0xfa,0x02,
    0x26,0x0b,0x5a,0x78,0x01,0x08,0x6a,0x04,0x02,0x6a,0x01,0x02,0x66,0x01,0x06,0x02,
    0x00,0x04,0x18,0x00,0x0f,0x78,0x01,0x21,0x02,0x66,0x04,0x02,0x78,0x01,0x22,0x2b,
    0x1a,0x12,0x10,0x22,0xa2,0x08,0x5c,0x01,0x06,0x7c,0x01,0x02,0x02,0x00,0x02,0x1e,
    0x00,0x11,0xc3,0xb8,0x19,0x11,0x82,0xc0,0x11,0x08,0x78,0x01,0x08,0x02,0x00,0x04,
    0x10,0x01,0x08,0x14,0x00,0x02,0x02,0x00,0x02,0xb0,0x01,0x06,0x06,0x00,0xc2,0xe4,
    0x18,0xb2,0x94,0x9e,0xf7,0xff,0xff,0x1c,0xe7,0xf7,0xbd,0x02,0x00,0x02,0x0e,0x00,
    0x06,0xe6,0x15,0x02,0xa4,0x01,0x22,0xa2,0x10,0x1e,0x03,0x04,0xb6,0x08,0x02,0x44,
    0x07,0x02,0x68,0x00,0x04,0x58,0x07,0x42,0x25,0x29,0x00,0x00,0x52,0x07,0x11,0x62,
    0xd4,0x08,0x04,0xec,0x05,0x21,0x82,0x10,0xe0,0x01,0x01,0x0e,0x13,0x04,0x80,0x01,
    0x06,0x08,0x00,0x06,0x7a,0x01,0x46,0x00,0x00,0xc4,0x20,0x78,0x01,0x04,0x6a,0x04,
    0x04,0x68,0x01,0x06,0x0a,0x00,0x0c,0x02,0x00,0x0f,0x78,0x01,0x1f,0x04,0x66,0x04,
    0x02,0x78,0x01,0x02,0x46,0x01,0x02,0x98,0x0b,0x02,0x2e,0x0a,0x11,0x41,0x2d,0x01,
    0x02,0x0c,0x00,0x02,0x18,0x00,0x02,0x06,0x01,0x0a,0x02,0x00,0x02,0x46,0x01,0x02,
    0x86,0x01,0x02,0x7e,0x04,0x08,0x10,0x01,0x04,0x20,0x00,0x04,0x5c,0x07,0x02,0x18,
    0x03,0xf2,0x01,0xe3,0x10,0x00,0x00,0x61,0x08,0x51,0x84,0xff,0xff,0x1c,0xe7,0x8e,
    0x6b,0xe4,0x18,0x56,0x01,0x02,0xa0,0x24,0xa4,0x66,0x29,0xb2,0x94,0x9e,0xf7,0x9e,
    0xf7,0x10,0x84,0x80,0x27,0x15,0x62,0xcc,0x11,0x04,0x10,0x07,0x01,0x80,0x04,0x96,
    0x18,0x8a,0x4a,0xff,0xff,0xff,0xff,0xb2,0x94,0xec,0x08,0x02,0x1a,0x00,0x02,0x78,
    0x01,0x22,0x62,0x10,0x4c,0x04,0x02,0x78,0x01,0x06,0xba,0x00,0x02,0x16,0x00,0x06,
    0x08,0x00,0x04,0x1c,0x00,0x25,0xc4,0x20,0x6a,0x04,0x12,0xab,0x6a,0x04,0x0c,0x62,
    0x01,0x0f,0x02,0x00,0x03,0x0f,0x78,0x01,0x1f,0x02,0xcc,0x08,0x02,0x78,0x01,0x08,
    0xfa,0x15,0x02,0x64,0x01,0x02,0xdc,0x02,0x04,0x1e,0x23,0x02,0x02,0x00,0x02,0x64,
    0x01,0x02,0x3c,0x01,0x04,0xfa,0x05,0x12,0x41,0x1b,0x00,0x05,0x08,0x20,0x22,0x41,
    0x00,0x68,0x08,0x06,0xf0,0x02,0x02,0x36,0x00,0x02,0x7a,0x01,0x04,0xa2,0x11,0xf4,
    0x01,0xa2,0x10,0x9a,0xce,0x9e,0xf7,0x8e,0x6b,0x04,0x19,0x00,0x00,0xe4,0x18,0x0c,
    0x5b,0x22,0x16,0xe2,0x8a,0x4a,0x62,0x08,0x41,0x08,0x62,0x08,0x10,0x84,0xff,0xff,
    0xf7,0xbd,0x5c,0x04,0x04,0x80,0x11,0x02,0x0a,0x23,0x04,0x32,0x0a,0x31,0x20,0x00,
    0x29,0xd0,0x08,0x02,0x68,0x00,0x02,0x2a,0x00,0x02,0x84,0x04,0x02,0x60,0x04,0x22,
    0x82,0x10,0x2e,0x0a,0x02,0x0e,0x00,0x06,0x08,0x00,0x02,0x16,0x00,0x04,0x90,0x01,
    0x01,0xa4,0x1a,0x12,0x10,0xc3,0x00,0x23,0xc4,0x20,0x6a,0x04,0x01,0x78,0x01,0x2f,
    0xd5,0x9b,0x68,0x01,0x03,0x0c,0x02,0x00,0x04,0x78,0x01,0x2f,0xff,0x3b,0x38,0x0d,
    0x15,0x04,0x66,0x04,0x64,0x16,0x34,0x36,0x34,0xa8,0x19,0xda,0x02,0x04,0x00,0x02,
    0x04,0xa2,0x0e,0x02,0x88,0x0e,0x02,0x66,0x04,0x02,0x92,0x01,0x0a,0x6a,0x01,0x04,
    0x0e,0x00,0x06,0x02,0x00,0x02,0xf0,0x02,0x22,0x10,0x84,0x70,0x01,0x0c,0x02,0x00,
    0xf2,0x0d,0xa3,0x08,0x00,0x00,0xe4,0x18,0x9e,0xf7,0x9a,0xce,0x49,0x42,0x00,0x00,
    0x08,0x42,0xf7,0xbd,0xff,0xff,0x9e,0xf7,0xf7,0xbd,0x75,0xad,0xf7,0xbd,0xde,0x15,
    0x42,0x75,0xad,0x66,0x29,0x38,0x19,0x4f,0x9a,0xce,0x62,0x08,0x58,0x2d,0x01,0x64,
    0x00,0x00,0x62,0x08,0xe4,0x18,0x68,0x00,0x04,0x74,0x14,0x04,0x34,0x04,0x04,0xd2,
    0x02,0x02,0xfe,0x02,0x04,0x70,0x04,0x06,0x36,0x0a,0x02,0xe2,0x08,0x06,0x6c,0x04,
    0x11,0x20,0xfe,0x08,0x02,0x12,0x00,0x01,0x6a,0x04,0x01,0x78,0x01,0x2c,0x94,0xa3,
    0x62,0x01,0x0f,0x02,0x00,0x03,0x22,0x1f,0x2c,0x5a,0x65,0x0f,0x78,0x01,0x17,0x13,
    0x36,0xee,0x02,0x66,0x16,0x34,0x36,0x34,0x82,0x08,0x5c,0x01,0x06,0x94,0x03,0x04,
    0x6a,0x01,0x06,0xb6,0x15,0x01,0x22,0x02,0x02,0x07,0x00,0x05,0x02,0x00,0x02,0x00,
    0x03,0x02,0x52,0x01,0x08,0x78,0x01,0x06,0x1a,0x00,0x02,0x22,0x00,0x02,0xf2,0x02,
    0x93,0x00,0x00,0x04,0x19,0x9a,0xce,0x9a,0xce,0x25,0xda,0x12,0x42,0xf7,0xbd,0x8a,
    0x4a,0xa8,0x02,0xf4,0x07,0xc3,0x10,0x00,0x00,0x00,0x00,0x8e,0x6b,0x59,0xc6,0xff,
    0xff,0x72,0x8c,0x45,0x21,0x62,0x08,0x9a,0xce,0x9a,0xce,0xc8,0x08,0x02,0xd2,0x02,
    0x02,0x08,0x02,0x02,0xc0,0x08,0x06,0x78,0x01,0x02,0x1e,0x10,0x04,0x62,0x01,0x02,
    0x58,0x01,0x02,0xf2,0x05,0x06,0x8e,0x01,0x06,0xb6,0x06,0x04,0x28,0x00,0x06,0xfc,
    0x02,0x04,0xac,0x01,0x12,0x20,0xd4,0x08,0x01,0x78,0x01,0x4f,0x74,0xab,0x97,0x8b,
    0x6a,0x01,0x03,0x0a,0x02,0x00,0x06,0x78,0x01,0x0f,0xa0,0x40,0x13,0x13,0xdb,0xcc,
    0x08,0x64,0x16,0x34,0x16,0x34,0x93,0x2b,0xd2,0x00,0x04,0xb6,0x1b,0x02,0xd6,0x05,
    0x15,0x00,0xc4,0x21,0x02,0x52,0x01,0x02,0xc2,0x02,0x04,0x62,0x04,0x02,0x0e,0x00,
    0x04,0x3a,0x00,0x01,0xc8,0x00,0x01,0x0c,0x0d,0x06,0x10,0x01,0x04,0x26,0x01,0x04,
    0x7a,0x01,0x02,0x34,0x00,0x51,0x75,0xad,0x9e,0xf7,0x62,0x1c,0x19,0xa4,0x9e,0xf7,
    0x8a,0x4a,0xe3,0x10,0x20,0x00,0x8a,0x4a,0x68,0x04,0x02,0x8a,0x1b,0x62,0x8e,0x6b,
    0x9e,0xf7,0x75,0xad,0xec,0x15,0x22,0xf7,0xbd,0xce,0x08,0x22,0x04,0x19,0x70,0x01,
    0x02,0xc6,0x02,0x28,0xe4,0x18,0x68,0x00,0x02,0xc4,0x05,0x13,0x62,0x96,0x11,0x22,
    0xc4,0x20,0x24,0x00,0x04,0xea,0x18,0x22,0xe4,0x28,0x10,0x00,0x31,0xc4,0x20,0x62,
    0xda,0x01,0x04,0xce,0x08,0x04,0x12,0x03,0x01,0x60,0x00,0x01,0x1a,0x00,0x03,0x30,
    0x10,0x03,0x78,0x01,0x1f,0x75,0xf2,0x02,0x02,0x17,0x5f,0x02,0x00,0x11,0x7f,0x48,
    0x0a,0x04,0xf0,0x02,0x0f,0x78,0x01,0x13,0x04,0x44,0x0a,0x64,0x16,0x34,0x16,0x34,
    0x2b,0x1a,0xd8,0x18,0x04,0x38,0x04,0x13,0xe4,0x88,0x00,0x11,0x41,0x97,0x00,0x04,
    0x86,0x01,0x04,0x6a,0x01,0x04,0x12,0x03,0x04,0x10,0x00,0x02,0x26,0x00,0x04,0x02,
    0x00,0x17,0x08,0x78,0x05,0x08,0x66,0x02,0x02,0x36,0x00,0xf2,0x1d,0x29,0x42,0xff,
    0xff,0x49,0x42,0x61,0x00,0x75,0xad,0x9e,0xf7,0x66,0x29,0xa3,0x08,0x8a,0x4a,0x1c,
    0xe7,0xff,0xff,0x9a,0xce,0x14,0x9d,0xf7,0xbd,0x9a,0xce,0xff,0xff,0x1c,0xe7,0x29,
    0x42,0x00,0x00,0x66,0x29,0x9e,0xf7,0x14,0x9d,0x2e,0x00,0x26,0x08,0x42,0x5c,0x07,
    0x02,0xda,0x02,0x48,0x41,0x08,0xa7,0x31,0x68,0x00,0x04,0x38,0x20,0x02,0x80,0x01,
    0x04,0x6a,0x00,0x02,0x1c,0x10,0x01,0xd4,0x00,0x01,0x10,0x02,0x04,0x66,0x0a,0x01,
    0x88,0x07,0x01,0x64,0x0a,0x06,0xe8,0x08,0x04,0x76,0x04,0x26,0x66,0x29,0x78,0x01,
    0x17,0x95,0x78,0x01,0x04,0x66,0x01,0x06,0x74,0x01,0x02,0x12,0x00,0x1f,0x5f,0x78,
    0x01,0x1e,0x06,0xde,0x05,0x42,0x16,0x34,0x67,0x11,0xa4,0x0b,0x02,0xae,0x1b,0x08,
    0xa8,0x02,0x11,0xc3,0xb2,0x00,0x04,0xca,0x00,0x12,0x20,0xb5,0x00,0x05,0x24,0x10,
    0x06,0x02,0x00,0x04,0x82,0x01,0x19,0x20,0x68,0x04,0x02,0x02,0x00,0x0a,0x52,0x00,
    0xf4,0x05,0xf7,0xbd,0xf7,0xbd,0x00,0x00,0x0c,0x5b,0xff,0xff,0x08,0x42,0xe3,0x10,
    0x14,0x9d,0xff,0xff,0x14,0x9d,0xd2,0x08,0xf6,0x09,0x41,0x08,0xe4,0x18,0x75,0xad,
    0xff,0xff,0x72,0x8c,0x00,0x00,0x8e,0x6b,0xff,0xff,0x8e,0x6b,0x00,0x00,0x14,0x9d,
    0x1c,0xe7,0x5c,0x07,0x04,0x76,0x04,0x28,0x41,0x08,0x78,0x01,0x04,0x62,0x01,0x02,
    0x78,0x01,0x04,0x44,0x01,0x04,0xbc,0x0b,0x04,0x7a,0x04,0x01,0xaa,0x03,0x05,0x1c,
    0x09,0x02,0x8e,0x04,0x08,0xde,0x05,0x66,0x62,0x10,0x82,0x10,0x41,0x08,0x78,0x01,
    0x04,0xe2,0x05,0x04,0x64,0x01,0x04,0x0a,0x00,0x04,0x02,0x00,0x02,0x10,0x00,0x0f,
    0x78,0x01,0x29,0x06,0xb4,0x21,0x04,0x62,0x01,0x04,0x56,0x07,0x04,0x34,0x01,0x02,
    0xa2,0x05,0x06,0xde,0x08,0x02,0x90,0x01,0x06,0x70,0x01,0x04,0x2a,0x00,0x06,0x48,
    0x0a,0x24,0x10,0x84,0xa6,0x01,0x08,0x66,0x04,0x22,0xe4,0x18,0xee,0x02,0xf1,0x0c,
    0x1c,0xe7,0x72,0x8c,0xa3,0x08,0x8e,0x6b,0xff,0xff,0x0c,0x5b,0x61,0x08,0x29,0x42,
    0x8e,0x6b,0x14,0x9d,0x14,0x9d,0x51,0x84,0x62,0x08,0x41,0x16,0x00,0xf4,0x01,0x8e,
    0x6b,0x20,0x00,0x10,0x84,0x9e,0xf7,0xe4,0x18,0xa7,0x31,0xff,0xff,0x08,0x42,0xc0,
    0x0e,0x02,0xda,0x02,0x02,0x8a,0x24,0x06,0x58,0x03,0x22,0xc3,0x18,0x6c,0x00,0x31,
    0x25,0x21,0x41,0x28,0x02,0x22,0xa3,0x18,0xb6,0x08,0x13,0x20,0x6a,0x17,0x08,0xce,
    0x08,0x02,0x1a,0x00,0x04,0x68,0x0d,0x02,0x02,0x00,0x04,0x14,0x00,0x64,0x00,0x00,
    0xa3,0x18,0x52,0x93,0x68,0x04,0x44,0x74,0xab,0xfc,0x43,0x64,0x01,0x04,0x66,0x01,
    0x02,0x02,0x00,0x11,0x1f,0x6c,0x04,0x12,0x1f,0x02,0x00,0x05,0x58,0x07,0x0f,0x68,
    0x04,0x11,0x06,0xbc,0x0b,0x02,0xde,0x05,0x22,0x41,0x00,0xba,0x21,0x04,0x78,0x27,
    0x04,0x4a,0x07,0x02,0xc8,0x08,0x0c,0x78,0x04,0x02,0x28,0x02,0x02,0x08,0x00,0x08,
    0xea,0x02,0x02,0x02,0x00,0x06,0x10,0x01,0x06,0xee,0x24,0x04,0x0a,0x00,0xf4,0x29,
    0x8e,0x6b,0x1c,0xe7,0x00,0x00,0x8a,0x4a,0xff,0xff,0xe4,0x18,0xe4,0x18,0x9e,0xf7,
    0x10,0x84,0x00,0x00,0x8e,0x6b,0x9e,0xf7,0x9e,0xf7,0x14,0x9d,0x75,0xad,0x9e,0xf7,
    0x9e,0xf7,0x8a,0x4a,0x45,0x21,0x8e,0x6b,0xff,0xff,0x29,0x42,0x62,0x08,0x9e,0xf7,
    0x8e,0x6b,0xc3,0x10,0xf7,0xbd,0x14,0x9d,0x10,0x02,0x04,0xda,0x02,0x0a,0x68,0x04,
    0x15,0x20,0x38,0x04,0x02,0x78,0x01,0x06,0x3a,0x07,0x06,0x5e,0x01,0x02,0x1a,0x00,
    0x08,0x8c,0x01,0x02,0x1e,0x10,0x02,0x84,0x01,0x04,0x60,0x00,0x46,0x20,0x00,0x6d,
    0x62,0x78,0x01,0x22,0x97,0x8b,0x68,0x01,0x02,0x76,0x01,0x01,0x66,0x01,0x03,0x02,
    0x00,0x07,0x0e,0x00,0x0f,0x78,0x01,0x1a,0x22,0x7a,0x24,0xda,0x05,0x33,0x16,0x34,
    0x16,0x10,0x13,0x04,0xda,0x02,0x02,0xda,0x05,0x04,0x28,0x01,0x15,0xa2,0x08,0x17,
    0x02,0x20,0x00,0x02,0x06,0x00,0x01,0xda,0x00,0x02,0xb3,0x00,0x07,0x02,0x00,0x04,
    0x1c,0x00,0x06,0x78,0x01,0x02,0x2a,0x00,0x02,0x08,0x00,0x02,0x20,0x00,0xf1,0x24,
    0x75,0xad,0x75,0xad,0x61,0x00,0x14,0x9d,0xf7,0xbd,0xa3,0x08,0x8e,0x6b,0x1c,0xe7,
    0x20,0x00,0x08,0x42,0xff,0xff,0x14,0x9d,0xa3,0x08,0x20,0x00,0x45,0x21,0x62,0x08,
    0x14,0x9d,0xff,0xff,0x08,0x42,0x41,0x08,0x1c,0xe7,0x75,0xad,0xc3,0x10,0x72,0x8c,
    0x9a,0xce,0x62,0x28,0x00,0x04,0x92,0x21,0x04,0xda,0x02,0x22,0x62,0x08,0x3a,0x00,
    0x04,0xc0,0x0b,0x04,0x38,0x01,0x02,0x00,0x06,0x42,0x00,0x00,0xc4,0x20,0x68,0x01,
    0x04,0xd6,0x08,0x33,0x00,0x00,0xa3,0x14,0x03,0x02,0x0c,0x00,0x02,0x08,0x00,0x06,
    0x54,0x0a,0x24,0x62,0x10,0xd2,0x01,0x26,0xa9,0x49,0x78,0x01,0x24,0x75,0xa3,0x78,
    0x01,0x08,0x74,0x01,0x09,0x76,0x01,0x07,0x78,0x01,0x4f,0x1f,0x34,0x1f,0x05,0x02,
    0x00,0x0d,0x0c,0x56,0x07,0x06,0xd2,0x02,0x04,0x28,0x01,0x04,0x6a,0x04,0x04,0x10,
    0x00,0x11,0xa2,0xc2,0x03,0x06,0x62,0x04,0x04,0x7c,0x04,0x06,0x46,0x04,0x04,0xae,
    0x01,0x08,0x58,0x07,0x02,0x16,0x00,0x02,0x08,0x00,0x95,0x20,0x00,0x41,0x00,0xf7,
    0xbd,0x10,0x84,0x00,0x06,0x00,0xf2,0x0f,0x72,0x8c,0x00,0x00,0x75,0xad,0xf7,0xbd,
    0xe3,0x10,0x00,0x00,0x45,0x21,0x61,0x08,0x82,0x08,0xc3,0x10,0x75,0xad,0x1c,0xe7,
    0xc3,0x10,0x0c,0x5b,0x9e,0xf7,0x5a,0x01,0x82,0x04,0x19,0x49,0x42,0xff,0xff,0x62,
    0x08,0x36,0x0d,0x05,0x36,0x36,0x23,0x18,0xc3,0xc0,0x0b,0x02,0x28,0x10,0x11,0xc3,
    0xa4,0x11,0x0a,0x52,0x04,0x02,0x7a,0x01,0x08,0xe6,0x05,0x04,0xd4,0x05,0x04,0x1e,
    0x19,0x01,0xf8,0x00,0x12,0x28,0x08,0x00,0x04,0xf2,0x05,0x26,0xe4,0x28,0x78,0x01,
    0x13,0x95,0x78,0x01,0x0f,0x76,0x01,0x08,0x0f,0x78,0x01,0x1c,0x17,0x57,0x46,0x0a,
    0x22,0xa8,0x19,0x32,0x0a,0x02,0xc4,0x05,0x02,0xf0,0x02,0x07,0x42,0x02,0x05,0xda,
    0x08,0x04,0x7a,0x01,0x02,0x28,0x00,0x08,0x52,0x01,0x06,0x12,0x00,0x06,0xe0,0x05,
    0x15,0x51,0xe0,0x05,0x15,0x41,0xbe,0x01,0xf1,0x09,0x41,0x00,0xf7,0xbd,0x0c,0x5b,
    0x00,0x00,0x1c,0xe7,0xaf,0x6b,0x00,0x00,0x9e,0xf7,0x0c,0x5b,0xa3,0x08,0x9e,0xf7,
    0xaf,0x6b,0xdc,0x0b,0x21,0x08,0x82,0x5c,0x01,0xe2,0x49,0x42,0xff,0xff,0xa7,0x31,
    0x45,0x21,0xff,0xff,0x0c,0x5b,0xc3,0x18,0xdc,0x05,0x44,0xff,0xff,0x08,0x42,0x3c,
    0x04,0x04,0xda,0x02,0x22,0x25,0x21,0xe0,0x01,0x02,0x78,0x01,0x06,0xdc,0x05,0x04,
    0x5e,0x07,0x02,0x04,0x4b,0x02,0xca,0x00,0x13,0x62,0xc4,0x00,0x06,0xf0,0x05,0x06,
    0x96,0x01,0x08,0x0c,0x00,0x02,0xaa,0x17,0x0c,0x78,0x01,0x0e,0x76,0x01,0x26,0x5f,
    0x13,0x02,0x00,0x06,0x58,0x07,0x0f,0xf0,0x02,0x11,0x08,0xce,0x08,0x04,0x24,0x07,
    0x02,0xa6,0x00,0x04,0xea,0x02,0x06,0x44,0x07,0x0c,0x8a,0x01,0x04,0x28,0x00,0x02,
    0x52,0x01,0x02,0x02,0x00,0x04,0x0e,0x01,0x06,0x78,0x01,0x08,0x38,0x0d,0x02,0xec,
    0x02,0x31,0x00,0x00,0x00,0x78,0x01,0x82,0x41,0x00,0x1c,0xe7,0x0c,0x5b,0x00,0x00,
    0x6a,0x27,0x42,0x9e,0xf7,0x0c,0x5b,0x3c,0x03,0x82,0x04,0x19,0x00,0x00,0x86,0x29,
    0x82,0x08,0x3a,0x0a,0x06,0x72,0x01,0x02,0x78,0x01,0x04,0x20,0x10,0x13,0xa2,0x18,
    0x3c,0x13,0x20,0x90,0x10,0x22,0x72,0x8c,0x5c,0x04,0x04,0x98,0x01,0x02,0xf6,0x18,
    0x02,0x80,0x01,0x04,0x70,0x01,0x04,0xe8,0x02,0x06,0x46,0x0d,0x01,0x3a,0x03,0x12,
    0x29,0x28,0x00,0x17,0x20,0x22,0x00,0x42,0x41,0x08,0x82,0x10,0x5a,0x07,0x73,0x74,
    0xab,0x74,0xab,0x74,0xab,0x7f,0xd0,0x05,0x01,0x5e,0x04,0x12,0x13,0x62,0x04,0x06,
    0x74,0x01,0x64,0x5f,0x13,0x1f,0x03,0xff,0x33,0xc0,0x0b,0x0f,0x78,0x01,0x1f,0x02,
    0x14,0x01,0x04,0x60,0x01,0x02,0x8a,0x00,0x06,0x6a,0x1a,0x04,0x60,0x01,0x02,0x1e,
    0x01,0x02,0x1a,0x00,0x02,0x08,0x00,0x0a,0xea,0x02,0x04,0x02,0x00,0x08,0xa0,0x11,
    0x04,0x76,0x07,0x04,0x84,0x04,0x46,0xf7,0xbd,0x10,0x84,0x6e,0x04,0x22,0x14,0x9d,
    0x68,0x04,0x02,0xd6,0x44,0x62,0x62,0x08,0xaf,0x6b,0x61,0x08,0x78,0x01,0x11,0x41,
    0x7e,0x01,0x02,0x06,0x00,0x02,0x84,0x01,0x06,0x3c,0x23,0x04,0xb6,0x08,0x22,0x8e,
    0x6b,0xe0,0x05,0x04,0x82,0x1a,0x13,0xc3,0x74,0x14,0x02,0x4c,0x1d,0x01,0x74,0x00,
    0x12,0x08,0x06,0x16,0x06,0xf2,0x18,0x02,0xe8,0x05,0x04,0x3a,0x02,0x04,0x1e,0x00,
    0x13,0x00,0x96,0x1a,0x02,0x02,0x00,0x26,0xd0,0x82,0x78,0x01,0x02,0x72,0x01,0x04,
    0x6c,0x01,0x04,0x08,0x00,0x04,0x02,0x00,0x46,0x1f,0x03,0x5f,0x13,0x78,0x01,0x1f,
    0x3f,0xe0,0x05,0x10,0x15,0x16,0x24,0x10,0x62,0x93,0x2b,0x00,0x00,0x45,0x19,0x7a,
    0x01,0x02,0xd4,0x05,0x06,0x52,0x04,0x06,0x5e,0x07,0x02,0x92,0x00,0x13,0x20,0xc0,
    0x0e,0x08,0x80,0x14,0x06,0x5a,0x01,0x04,0x6e,0x04,0x02,0x00,0x04,0x02,0xb0,0x12,
    0x08,0x2a,0x00,0x91,0x20,0x00,0x20,0x00,0x75,0xad,0x14,0x9d,0x00,0x58,0x07,0x02,
    0xdc,0x08,0xf1,0x02,0x20,0x00,0xa7,0x31,0x9e,0xf7,0x75,0xad,0x08,0x42,0x08,0x42,
    0x9a,0xce,0x9e,0xf7,0x20,0xec,0x08,0x91,0x49,0x42,0xa7,0x31,0xff,0xff,0x49,0x42,
    0x62,0x7e,0x01,0x42,0x00,0x00,0xff,0xff,0xf0,0x27,0x04,0xfc,0x06,0x02,0xba,0x05,
    0x04,0x68,0x00,0x33,0x20,0x00,0x82,0x48,0x04,0x06,0xe6,0x05,0x15,0xe4,0x46,0x07,
    0x04,0xec,0x02,0x06,0xf4,0x08,0x24,0xa3,0x18,0x58,0x07,0x33,0x00,0x00,0x62,0x3e,
    0x13,0x02,0x30,0x03,0x02,0x48,0x00,0x02,0xd2,0x08,0x02,0xf0,0x02,0x26,0x97,0x8b,
    0x6c,0x01,0x06,0x0a,0x00,0x02,0x02,0x00,0x02,0x10,0x00,0x0f,0x78,0x01,0x25,0x28,
    0xf0,0x2a,0x1c,0x01,0x11,0x41,0x61,0x01,0x13,0x41,0xd6,0x05,0x04,0x4e,0x0a,0x04,
    0x92,0x01,0x02,0x08,0x06,0x02,0x08,0x00,0x04,0x2c,0x00,0x02,0x50,0x01,0x02,0x14,
    0x00,0x02,0x7a,0x01,0x02,0x10,0x01,0x04,0x78,0x05,0x01,0x64,0x02,0x03,0x94,0x07,
    0x62,0x00,0x00,0xaf,0x6b,0x9e,0xf7,0x48,0x0a,0xc2,0x86,0x29,0x62,0x08,0x9e,0xf7,
    0x51,0x84,0x20,0x00,0x66,0x29,0x60,0x26,0xf2,0x01,0xf7,0xbd,0x66,0x29,0xa3,0x08,
    0xf7,0xbd,0x59,0xc6,0xa3,0x08,0x0c,0x5b,0x9e,0xf7,0x5e,0x0d,0x02,0x58,0x07,0x02,
    0xf2,0x25,0x04,0x2e,0x26,0x02,0xd6,0x08,0x02,0x68,0x00,0x24,0x10,0x84,0xc0,0x0e,
    0x02,0x8c,0x00,0x02,0x3c,0x01,0x06,0x1a,0x0a,0x24,0x41,0x08,0xae,0x01,0x06,0x84,
    0x01,0x02,0x7e,0x1d,0x04,0x02,0x00,0x08,0xf6,0x02,0x24,0x62,0x10,0xd2,0x08,0x04,
    0x78,0x01,0x02,0x64,0x01,0x05,0x66,0x01,0x14,0x02,0x02,0x00,0x05,0x0e,0x00,0x05,
    0x68,0x04,0x0f,0xf0,0x02,0x0f,0x08,0x9c,0x11,0x02,0x46,0x0a,0x04,0xf2,0x02,0x06,
    0x42,0x04,0x02,0x82,0x01,0x06,0x48,0x0a,0x04,0x84,0x01,0x02,0x18,0x00,0x0f,0x78,
    0x01,0x03,0x02,0xc2,0x01,0x04,0x10,0x01,0x06,0x0a,0x03,0x02,0x18,0x00,0x01,0x3e,
    0x08,0x12,0x18,0xbc,0x02,0x51,0x1c,0xe7,0x14,0x9d,0x41,0xb6,0x0e,0x22,0x8e,0x6b,
    0x28,0x00,0x02,0x36,0x13,0xf2,0x03,0x14,0x9d,0xff,0xff,0x66,0x29,0x61,0x00,0x1c,
    0xe7,0x14,0x9d,0x04,0x19,0x75,0xad,0x9a,0xce,0x18,0x03,0x04,0xec,0x18,0x04,0x94,
    0x17,0x33,0xe4,0x18,0x62,0x50,0x20,0x04,0x58,0x03,0x04,0xe6,0x05,0x04,0xae,0x17,
    0x04,0x78,0x20,0x08,0xa8,0x0b,0x26,0x62,0x10,0x64,0x07,0x04,0xb6,0x11,0x02,0x90,
    0x01,0x04,0x0a,0x06,0x1b,0x82,0x78,0x01,0x22,0x96,0x93,0x78,0x01,0x01,0x52,0x04,
    0x03,0x72,0x01,0x43,0xff,0x02,0xff,0x02,0x74,0x01,0x0f,0x78,0x01,0x1c,0x08,0xbe,
    0x0b,0x22,0x2b,0x1a,0xd8,0x05,0x22,0xe4,0x10,0xae,0x02,0x02,0x6c,0x04,0x06,0x82,
    0x01,0x04,0x5c,0x04,0x02,0x38,0x01,0x0a,0xf2,0x02,0x02,0x32,0x01,0x0a,0xd2,0x02,
    0x02,0xce,0x02,0x04,0x10,0x01,0x06,0x36,0x00,0x04,0x0c,0x00,0x42,0xf7,0xbd,0xf7,
    0xbd,0x4e,0x04,0x22,0x8a,0x4a,0xd2,0x02,0x22,0xf7,0xbd,0xe4,0x31,0x82,0x0c,0x5b,
    0x1c,0xe7,0x9e,0xf7,0x0c,0x5b,0xd8,0x2a,0x42,0x45,0x21,0xa7,0x31,0xfe,0x18,0x42,
    0x9a,0xce,0x14,0x9d,0xb2,0x08,0x02,0x6c,0x00,0x02,0x2c,0x10,0x02,0x44,0x00,0x42,
    0xff,0xff,0x14,0x9d,0x76,0x04,0x06,0x22,0x0d,0x13,0x66,0x30,0x07,0x06,0x0a,0x00,
    0x06,0xc8,0x08,0x22,0x20,0x00,0x92,0x2a,0x44,0x00,0x00,0x00,0x00,0x7e,0x30,0x02,
    0x02,0x00,0x04,0x90,0x04,0x46,0xa3,0x18,0xa7,0x31,0xe0,0x05,0x24,0x75,0xa3,0xec,
    0x02,0x02,0x70,0x01,0x02,0x02,0x00,0x09,0x0e,0x00,0x0f,0xf0,0x02,0x18,0x0a,0x78,
    0x01,0x04,0x6c,0x01,0x04,0x38,0x07,0x04,0x6e,0x30,0x11,0x45,0x60,0x0a,0x06,0xac,
    0x02,0x08,0xf8,0x05,0x04,0x6e,0x04,0x32,0x41,0x00,0x41,0xb7,0x00,0x05,0x10,0x03,
    0x08,0x00,0x04,0x0a,0x92,0x01,0x02,0x2a,0x00,0x22,0x08,0x42,0x72,0x01,0x22,0x14,
    0x9d,0xd0,0x08,0x62,0xe4,0x18,0x14,0x9d,0x9e,0xf7,0x56,0x2d,0x42,0x14,0x9d,0xe4,
    0x18,0x8c,0x01,0xf2,0x03,0x8e,0x6b,0xa3,0x08,0x72,0x8c,0x9e,0xf7,0xe4,0x18,0x66,
    0x29,0xff,0xff,0x08,0x42,0x45,0x21,0xd0,0x04,0x17,0x20,0x78,0x01,0x04,0xc0,0x07,
    0x04,0x54,0x0d,0x15,0xe4,0x58,0x07,0x04,0x8a,0x14,0x06,0x72,0x33,0x08,0x4e,0x04,
    0x26,0xc4,0x20,0x44,0x0d,0x0c,0x64,0x04,0x01,0x94,0x03,0x01,0xc2,0x0b,0x02,0x68,
    0x04,0x2e,0x75,0xa3,0xec,0x02,0x0b,0x02,0x00,0x05,0x78,0x01,0x1f,0x1f,0x58,0x07,
    0x0e,0x0c,0x78,0x01,0x02,0xde,0x16,0x04,0x78,0x01,0x15,0x41,0xfa,0x0a,0x04,0x88,
    0x14,0x06,0x7e,0x04,0x02,0x1c,0x03,0x0a,0xf6,0x02,0x0c,0x1e,0x00,0x04,0x68,0x04,
    0x02,0x28,0x00,0x01,0xb2,0x06,0x03,0x0b,0x00,0x02,0x08,0x00,0x62,0x72,0x8c,0x9e,
    0xf7,0xa7,0x31,0x54,0x04,0x22,0x51,0x84,0x58,0x17,0x04,0x3a,0x03,0x82,0x25,0x21,
    0x72,0x8c,0xff,0xff,0xb2,0x94,0x34,0x0d,0xa2,0x0c,0x5b,0xe3,0x10,0x59,0xc6,0xf7,
    0xbd,0x86,0x29,0x68,0x04,0x04,0x3c,0x04,0x02,0xc0,0x34,0x04,0x68,0x00,0x15,0x20,
    0xec,0x02,0x06,0xc0,0x08,0x08,0x0a,0x00,0x02,0x1c,0x06,0x08,0x38,0x0d,0x26,0xa3,
    0x18,0x76,0x0a,0x04,0x98,0x1a,0x06,0xf2,0x02,0x02,0x3a,0x0d,0x04,0x78,0x01,0x0c,
    0x62,0x04,0x0c,0x02,0x00,0x2f,0x1f,0x34,0x48,0x0a,0x17,0x08,0x78,0x01,0x46,0xf0,
    0x2a,0x45,0x19,0x3c,0x01,0x02,0xe4,0x02,0x04,0xe6,0x2e,0x02,0x6c,0x1a,0x02,0x76,
    0x04,0x02,0x08,0x00,0x06,0x8c,0x01,0x06,0x18,0x03,0x06,0x36,0x01,0x02,0x5a,0x07,
    0x04,0x10,0x01,0x04,0x4c,0x01,0x08,0x02,0x00,0x42,0xa3,0x08,0x00,0x00,0xd0,0x18,
    0x24,0xe4,0x18,0x9a,0x11,0x22,0x72,0x8c,0x74,0x36,0x42,0x8a,0x4a,0x14,0x9d,0xa2,
    0x11,0x11,0x61,0xe6,0x08,0xf1,0x00,0x14,0x9d,0x00,0x00,0x61,0x08,0x10,0x84,0x8e,
    0x6b,0xc3,0x10,0x82,0x08,0x41,0x00,0x1c,0x02,0x80,0x01,0x01,0xfa,0x28,0x05,0x50,
    0x20,0x01,0xa4,0x02,0x01,0x80,0x27,0x08,0x5c,0x04,0x22,0x41,0x08,0xf2,0x05,0x08,
    0xca,0x08,0x06,0xe0,0x02,0x1f,0x20,0x38,0x10,0x02,0x4c,0xc4,0x20,0x41,0x08,0x78,
    0x01,0x09,0x54,0x04,0x01,0x02,0x00,0x17,0xdf,0x02,0x00,0x0f,0x78,0x01,0x1b,0x06,
    0x5a,0x1d,0xbb,0x16,0x34,0x2b,0x1a,0x62,0x08,0x67,0x11,0x20,0x00,0x62,0x3c,0x23,
    0x02,0x0c,0x42,0x04,0xde,0x05,0x0f,0xd4,0x08,0x01,0x01,0xf4,0x03,0x03,0xaa,0x08,
    0x06,0xe6,0x28,0x06,0x00,0x04,0x02,0x1a,0x04,0x02,0x3c,0x00,0x0a,0x84,0x01,0xe2,
    0x62,0x08,0x9a,0xce,0x9e,0xf7,0x08,0x42,0x00,0x00,0x62,0x08,0xaf,0x6b,0xbc,0x31,
    0xe2,0xff,0xff,0xff,0xff,0xf7,0xbd,0x8e,0x6b,0xa2,0x10,0x00,0x00,0x8a,0x4a,0xf0,
    0x18,0x02,0xd8,0x0b,0xa2,0x00,0x00,0x04,0x19,0x45,0x21,0x20,0x00,0x04,0x19,0x60,
    0x23,0x22,0x86,0x29,0x56,0x00,0x82,0x0c,0x5b,0xff,0xff,0xff,0xff,0x51,0x84,0xf8,
    0x05,0x06,0x44,0x0a,0x22,0xc3,0x18,0xe2,0x02,0x24,0x62,0x08,0x20,0x03,0x26,0x41,
    0x08,0xdc,0x0b,0x06,0x50,0x07,0x13,0x25,0x48,0x00,0x08,0x38,0x10,0x4a,0x41,0x08,
    0x62,0x10,0xf0,0x02,0x0c,0xe0,0x02,0x06,0x74,0x01,0x11,0xdf,0x86,0x01,0x0f,0xf0,
    0x02,0x19,0x17,0x58,0x26,0x10,0x71,0x05,0x11,0xc3,0x08,0xc3,0x08,0xc3,0xbc,0x34,
    0x04,0xee,0x02,0x02,0xbe,0x05,0x04,0xe4,0x02,0x04,0x6a,0x07,0x06,0x0a,0x00,0x04,
    0x22,0x00,0x06,0x1a,0x03,0x02,0x14,0x03,0x02,0x08,0x00,0x24,0x08,0x42,0x58,0x07,
    0x02,0x90,0x05,0x02,0x02,0x00,0x02,0xb6,0x07,0x04,0x08,0x00,0x42,0x62,0x08,0x75,
    0xad,0x7a,0x17,0x02,0xc0,0x01,0x06,0x1a,0x00,0x24,0x25,0x21,0x82,0x17,0x04,0xac,
    0x53,0x02,0xec,0x4a,0x82,0x09,0x22,0x41,0x08,0xc3,0x10,0x04,0x19,0x28,0x36,0x33,
    0x04,0x19,0x00,0xb0,0x0e,0x33,0x10,0x84,0x20,0xee,0x02,0x04,0x32,0x23,0x24,0x20,
    0x00,0x12,0x00,0x24,0x62,0x08,0x66,0x04,0x01,0x7e,0x2d,0x03,0x14,0x03,0x06,0x84,
    0x04,0x06,0x64,0x04,0x04,0xe8,0x05,0x11,0x20,0x42,0x0d,0x08,0x58,0x07,0x0a,0x78,
    0x01,0x08,0x76,0x01,0x5f,0xdf,0x02,0xff,0x02,0xdf,0x78,0x01,0x1a,0x0a,0xf0,0x02,
    0xd3,0x00,0x00,0x41,0x00,0x45,0x19,0x20,0x00,0x05,0x11,0x00,0x00,0xe4,0x7c,0x22,
    0x04,0x44,0x01,0x02,0x08,0x00,0x06,0x4e,0x0a,0x04,0x3e,0x10,0x33,0x41,0x00,0x41,
    0xb6,0x05,0x15,0x20,0xf8,0x1b,0x02,0x0c,0x00,0x08,0x78,0x01,0x06,0x4e,0x01,0x08,
    0x02,0x00,0x13,0x41,0x0d,0x00,0x04,0x6a,0x1a,0x22,0x51,0x84,0xae,0x3a,0xc2,0x08,
    0x42,0x10,0x84,0x9a,0xce,0xff,0xff,0xf7,0xbd,0x08,0x42,0xec,0x02,0x02,0x02,0x00,
    0x02,0x02,0x2b,0x42,0x41,0x08,0x82,0x08,0xf6,0x02,0x11,0x41,0x80,0x48,0x22,0x86,
    0x29,0xe0,0x01,0x28,0x51,0x84,0xda,0x02,0x02,0x5a,0x23,0x02,0xf4,0x1b,0x02,0x16,
    0x03,0x22,0x62,0x08,0xee,0x0b,0x08,0x0a,0x00,0x04,0x22,0x0d,0x01,0xa8,0x03,0x03,
    0x8e,0x01,0x04,0xb2,0x11,0x22,0x41,0x08,0x92,0x14,0x04,0xe0,0x05,0x08,0x78,0x01,
    0x08,0x62,0x04,0x02,0x76,0x01,0x3f,0xdf,0x02,0x3f,0xf0,0x02,0x18,0x26,0x7a,0x24,
    0xb0,0x0e,0x22,0x2b,0x1a,0xde,0x00,0x02,0xf6,0x02,0x64,0x41,0x00,0x20,0x00,0xe4,
    0x10,0x6a,0x5d,0x08,0xd0,0x02,0x02,0xf6,0x02,0x01,0x4c,0x02,0x01,0x1e,0x0e,0x15,
    0x20,0x84,0x04,0x06,0x7a,0x01,0x02,0xe0,0x02,0x02,0x10,0x01,0x02,0x78,0x05,0x26,
    0x00,0x00,0x42,0x01,0x04,0xf2,0x02,0x04,0x02,0x00,0x86,0x20,0x00,0x20,0x00,0x8a,
    0x4a,0x14,0x9d,0x70,0x39,0x64,0x9a,0xce,0x72,0x8c,0x08,0x42,0x94,0x04,0x02,0xf4,
    0x21,0x04,0x6c,0x04,0x11,0x82,0x3e,0x1d,0x02,0x76,0x01,0x44,0x62,0x08,0x62,0x08,
    0x48,0x0a,0x31,0x51,0x84,0xc3,0xbc,0x31,0x04,0xda,0x02,0x22,0xe4,0x18,0xd8,0x05,
    0x24,0x41,0x08,0x5e,0x01,0x15,0xc3,0x46,0x07,0x04,0x82,0x01,0x02,0xa8,0x0b,0x02,
    0x02,0x00,0x04,0xba,0x0b,0x02,0xbc,0x00,0x01,0x2c,0x06,0x09,0xd0,0x08,0x06,0x78,
    0x01,0x0a,0x76,0x01,0x04,0x02,0x00,0x0f,0x78,0x01,0x27,0x11,0xc3,0xfc,0x1a,0x62,
    0xa2,0x08,0x00,0x00,0xa8,0x19,0xb2,0x08,0x22,0x05,0x11,0x02,0x19,0x11,0xc3,0xaa,
    0x47,0x13,0x82,0x3c,0x0d,0x02,0x7a,0x01,0x02,0xf4,0x05,0x11,0x41,0xa3,0x00,0x06,
    0xce,0x5a,0x02,0x9a,0x04,0x01,0xb6,0x00,0x03,0xf0,0x06,0x1f,0x51,0xc8,0x21,0x00,
    0x04,0x52,0x01,0x02,0x3e,0x00,0x06,0x10,0x00,0x04,0x02,0x00,0x02,0x6a,0x01,0x02,
    0xe2,0x02,0x04,0x0e,0x00,0x02,0x10,0x01,0x11,0x61,0xc6,0x26,0x42,0x04,0x19,0x82,
    0x08,0xb0,0x50,0x22,0xc3,0x10,0x7c,0x1d,0x62,0xff,0xff,0x10,0x84,0xa2,0x10,0xa2,
    0x11,0x15,0x41,0xda,0x02,0x22,0x08,0x42,0x46,0x00,0x04,0x7a,0x01,0x04,0x94,0x01,
    0x02,0x00,0x22,0x02,0x6e,0x00,0x06,0x2c,0x0d,0x13,0x25,0xf0,0x0b,0x04,0xf2,0x02,
    0x0f,0x68,0x04,0x03,0x04,0x68,0x01,0x04,0x02,0x00,0x13,0xbf,0x02,0x00,0x0f,0x78,
    0x01,0x27,0x04,0x08,0x01,0x91,0xe4,0x10,0x00,0x00,0xe4,0x10,0x62,0x08,0x41,0x7c,
    0x30,0x04,0x74,0x01,0x02,0xfa,0x00,0x02,0x70,0x04,0x04,0x40,0x10,0x02,0x0a,0x03,
    0x01,0x38,0x02,0x12,0x08,0x08,0x00,0x02,0xc4,0x2a,0x02,0xd2,0x00,0x22,0x8a,0x4a,
    0x10,0x01,0x06,0x58,0x01,0x0c,0xea,0x02,0x0c,0x02,0x00,0x0f,0x20,0x58,0x03,0x02,
    0xc2,0x0e,0x02,0x30,0x2f,0x72,0xa3,0x08,0x00,0x00,0xe3,0x10,0x61,0xec,0x30,0x72,
    0x08,0xc3,0x10,0x41,0x08,0x41,0x08,0x58,0x07,0x71,0xb2,0x94,0x20,0x00,0x62,0x08,
    0x62,0x04,0x61,0x24,0x62,0x08,0x20,0x0a,0x04,0x48,0x07,0x02,0x62,0x07,0x04,0xa2,
    0x1a,0x02,0x02,0x00,0x04,0x68,0x01,0x06,0x42,0x0d,0x13,0xc4,0xbb,0x00,0x02,0x82,
    0x1a,0x0f,0x78,0x01,0x01,0x04,0x6e,0x01,0x51,0xdf,0x02,0xdf,0x02,0xbf,0x04,0x00,
    0x04,0x02,0x00,0x0f,0x78,0x01,0x2f,0x02,0x30,0x07,0x13,0x20,0xe4,0x05,0x02,0xdc,
    0x05,0x11,0xc3,0x68,0x02,0x11,0x00,0xce,0x05,0x02,0x9d,0x00,0x04,0xf6,0x02,0x02,
    0x8a,0x01,0x02,0xe2,0x02,0x02,0x08,0x00,0x04,0x6e,0x07,0x0c,0x68,0x04,0x02,0x5a,
    0x00,0x0a,0x08,0x00,0x04,0x8a,0x01,0x04,0x18,0x00,0x04,0x02,0x00,0x02,0x12,0x03,
    0x15,0x61,0x48,0x03,0x06,0x16,0x03,0xe6,0x04,0x19,0x00,0x00,0x61,0x08,0xa3,0x08,
    0x41,0x08,0xa3,0x08,0x82,0x08,0x98,0x2a,0x22,0x51,0x84,0x12,0x03,0x08,0x7a,0x1d,
    0x03,0x2c,0x02,0x01,0xba,0x05,0x02,0x86,0x30,0x01,0xa8,0x00,0x03,0x58,0x0d,0x04,
    0x9c,0x01,0x02,0x38,0x00,0x01,0x9e,0x00,0x03,0x96,0x09,0x02,0xca,0x11,0x0e,0x68,
    0x04,0x02,0x70,0x01,0x02,0x02,0x00,0x0a,0x76,0x01,0x1f,0xbf,0x58,0x07,0x1a,0x08,
    0xe0,0x05,0x02,0xa0,0x11,0x02,0x46,0x01,0x82,0xc3,0x08,0x00,0x00,0x05,0x11,0x62,
    0x08,0xd8,0x02,0x02,0x3a,0x07,0x02,0x6e,0x04,0x02,0x78,0x04,0x02,0xa6,0x00,0x04,
    0x9a,0x0e,0x04,0x82,0x01,0x08,0x66,0x04,0x0c,0xb0,0x0e,0x0e,0x60,0x01,0x02,0xbe,
    0x01,0x06,0xf4,0x00,0x02,0x02,0x00,0x02,0x70,0x01,0x0c,0x02,0x00,0x02,0x16,0x00,
    0x02,0x32,0x00,0x04,0x82,0x01,0x11,0xa3,0xe8,0x12,0x17,0x20,0xa8,0x27,0x04,0x2e,
    0x13,0x22,0x04,0x19,0x32,0x10,0x04,0x9a,0x1a,0x04,0xec,0x02,0x04,0xee,0x34,0x06,
    0x2c,0x13,0x02,0x7a,0x0a,0x08,0x2a,0x10,0x02,0x9a,0x04,0x6c,0x00,0x00,0x66,0x29,
    0x20,0x00,0x58,0x07,0x02,0x70,0x01,0x02,0x02,0x00,0x0c,0x76,0x01,0x0f,0x78,0x01,
    0x1b,0x08,0x08,0x16,0x02,0x78,0x01,0x02,0x02,0x00,0x02,0xb2,0x02,0x11,0x41,0xda,
    0x08,0x26,0x05,0x11,0x24,0x0d,0x04,0xcc,0x0b,0x02,0x6a,0x01,0x04,0xfa,0x02,0x06,
    0x6a,0x0a,0x12,0x41,0x3f,0x00,0x03,0x82,0x01,0x0a,0xf0,0x02,0x02,0x3c,0x01,0x04,
    0x82,0x01,0x04,0x70,0x01,0x04,0x08,0x00,0x06,0x3a,0x00,0x02,0x02,0x00,0x04,0xa8,
    0x01,0x04,0x36,0x00,0x02,0xbc,0x02,0x11,0xa3,0xda,0x63,0x24,0x61,0x08,0x18,0x00,
    0x11,0x82,0x56,0x04,0x02,0x68,0x04,0x02,0xc0,0x07,0x02,0x6c,0x01,0x04,0x32,0x10,
    0x04,0x66,0x04,0x04,0xde,0x08,0x02,0x00,0x06,0x06,0xda,0x0b,0x06,0xba,0x11,0x06,
    0x1e,0x29,0x04,0x60,0x07,0x0a,0xd0,0x08,0x28,0x97,0x8b,0x78,0x01,0x33,0xbf,0x02,
    0xff,0xd6,0x05,0x22,0x79,0x53,0x02,0x00,0x08,0x48,0x0a,0x2f,0xff,0x3b,0x60,0x1d,
    0x0f,0x06,0xd0,0x08,0x02,0x2c,0x26,0x02,0x68,0x01,0x02,0x5c,0x02,0x22,0xc3,0x08,
    0x40,0x01,0x11,0x62,0x5c,0x0e,0x02,0x0a,0x03,0x0a,0xb4,0x11,0x02,0xf4,0x08,0x02,
    0x30,0x00,0x02,0x8e,0x02,0x04,0x6c,0x04,0x33,0x00,0x00,0xc3,0x28,0x14,0x08,0x08,
    0x16,0x08,0x02,0x00,0x04,0x52,0x01,0x04,0x08,0x00,0x02,0x02,0x00,0x0c,0x80,0x01,
    0x02,0x02,0x00,0x02,0xe2,0x05,0x0c,0x02,0x00,0x22,0x25,0x21,0xf6,0x02,0x02,0xe0,
    0x01,0x04,0xb4,0x2d,0x26,0xa2,0x10,0x42,0x04,0x06,0xda,0x02,0x04,0x88,0x17,0x04,
    0x4e,0x07,0x04,0x54,0x0d,0x04,0xc4,0x17,0x04,0x74,0x04,0x06,0xe4,0x05,0x46,0xe4,
    0x28,0x0b,0x5a,0xc0,0x0b,0x22,0x97,0x8b,0xe8,0x02,0x02,0x02,0x00,0x0c,0x76,0x01,
    0x46,0xbf,0x02,0x79,0x53,0xc0,0x0b,0x0f,0x78,0x01,0x11,0x0e,0xe8,0x1b,0x02,0x42,
    0x01,0x02,0xaa,0x08,0x11,0xe4,0x4c,0x1b,0x02,0xa4,0x08,0x02,0x54,0x07,0x04,0x18,
    0x01,0x06,0xec,0x02,0x02,0x6a,0x01,0x04,0xd0,0x0b,0x04,0x2e,0x00,0x06,0x68,0x04,
    0x22,0x72,0x8c,0x0e,0x00,0x04,0xc4,0x02,0x02,0xb6,0x04,0x0e,0x02,0x00,0x02,0x5a,
    0x00,0x02,0x7e,0x00,0x04,0x2c,0x00,0x06,0x96,0x01,0x02,0xe2,0x08,0x02,0xa4,0x01,
    0x02,0xf6,0x02,0x01,0x28,0x4e,0x01,0x82,0x09,0x02,0x78,0x01,0x22,0x10,0x84,0x54,
    0x07,0x02,0xc8,0x27,0x13,0x20,0x44,0x04,0x04,0x60,0x01,0x02,0x7a,0x04,0x06,0xe2,
    0x02,0x04,0x68,0x00,0x02,0xbe,0x01,0x02,0x70,0x01,0x02,0xea,0x02,0x22,0x41,0x08,
    0x0e,0x19,0x28,0x41,0x08,0x70,0x1a,0x22,0x5f,0x03,0x72,0x01,0x02,0xb0,0x0b,0x02,
    0x4c,0x07,0xef,0x79,0x53,0x79,0x53,0x4e,0x4b,0x4e,0x4b,0xbf,0x02,0x79,0x53,0x4e,
    0x4b,0x78,0x01,0x27,0x02,0xdc,0x03,0x06,0x52,0x01,0x02,0xf6,0x02,0x22,0x05,0x11,
    0x04,0x00,0x02,0x78,0x01,0x06,0x50,0x4c,0x02,0x70,0x01,0x02,0x24,0x00,0x02,0x2a,
    0x01,0x02,0xa0,0x01,0x06,0x02,0x00,0x04,0xd0,0x08,0x02,0x2e,0x01,0x06,0x2a,0x00,
    0x02,0x62,0x01,0x04,0x5c,0x01,0x02,0x76,0x00,0x06,0x16,0x00,0x02,0x02,0x00,0x04,
    0x18,0x01,0x02,0x46,0x03,0x04,0x78,0x01,0x02,0x02,0x00,0x04,0x14,0x00,0x02,0x82,
    0x01,0x33,0x04,0x19,0x29,0x18,0x0f,0x04,0x34,0x00,0x02,0x72,0x01,0x04,0x82,0x01,
    0x11,0xa2,0xe8,0x34,0x04,0x44,0x13,0x06,0x88,0x00,0x02,0x00,0x35,0x02,0x68,0x07,
    0x02,0x08,0x00,0x02,0x58,0x00,0x04,0x46,0x00,0x01,0x9c,0x2a,0x05,0x08,0x16,0x06,
    0x66,0x04,0x04,0x76,0x01,0x04,0x78,0x01,0x31,0xbf,0x02,0x4e,0x40,0x39,0x0f,0x78,
    0x01,0x1b,0x0e,0x50,0x20,0x04,0xb2,0x02,0x02,0x8c,0x43,0x11,0xc3,0xd2,0x31,0x04,
    0x94,0x00,0x02,0x40,0x10,0x06,0xc8,0x0b,0x02,0xaa,0x00,0x02,0xee,0x05,0x06,0xd2,
    0x00,0x04,0x10,0x00,0x04,0x88,0x02,0x02,0x1c,0x00,0x06,0xd2,0x01,0x04,0x78,0x01,
    0x0f,0x02,0x00,0x03,0x02,0xa6,0x01,0x04,0xfe,0x00,0x04,0x96,0x01,0x02,0x16,0x00,
    0x02,0x06,0x00,0x02,0xd0,0x07,0x21,0x04,0x19,0x70,0x0e,0x16,0x08,0xe0,0x01,0x06,
    0xf0,0x37,0x02,0xde,0x02,0x02,0x06,0x00,0x06,0x4c,0x00,0x04,0x2e,0x0d,0x04,0x98,
    0x01,0x06,0x1a,0x19,0x02,0x8a,0x00,0x22,0xe4,0x28,0x08,0x00,0x13,0x66,0xb0,0x11,
    0x06,0x50,0x20,0x24,0xb5,0xa3,0x78,0x01,0x17,0xff,0x3c,0x0a,0x04,0x62,0x04,0x0f,
    0x78,0x01,0x21,0x08,0xa2,0x11,0x02,0xc8,0x21,0x04,0x18,0x01,0x02,0xfa,0x00,0x04,
    0x8e,0x0e,0x04,0xde,0x02,0x02,0x84,0x01,0x02,0x70,0x01,0x06,0x02,0x00,0x02,0xfc,
    0x05,0x02,0x8e,0x07,0x06,0xba,0x01,0x22,0xe4,0x18,0x8e,0x43,0x04,0x20,0x00,0x04,
    0x38,0x01,0x04,0x08,0x00,0x02,0x54,0x01,0x04,0x5e,0x10,0x0a,0x8e,0x01,0x04,0x42,
    0x0a,0x02,0xfc,0x37,0x04,0x02,0x00,0x02,0x32,0x00,0x02,0x5a,0x07,0x02,0xcc,0x08,
    0x15,0x20,0x92,0x43,0x21,0x0c,0x5b,0xbc,0x00,0x01,0x0a,0x0a,0x02,0xca,0x2d,0x04,
    0x6c,0x04,0x04,0xf2,0x02,0x04,0x60,0x01,0x04,0xe2,0x08,0x04,0x78,0x01,0x04,0xe8,
    0x08,0x06,0x2c,0x10,0x01,0x06,0x03,0x01,0x46,0x0a,0x02,0x28,0x10,0x13,0x95,0x78,
    0x01,0x04,0x7e,0x01,0x04,0x68,0x04,0x02,0x62,0x04,0x02,0x02,0x00,0x0f,0xf0,0x02,
    0x1b,0x0a,0x4a,0x0a,0x02,0x2a,0x04,0x02,0xb8,0x0e,0x02,0x78,0x11,0x21,0xe4,0x10,
    0x56,0x12,0x01,0x58,0x46,0x01,0xb2,0x00,0x01,0xd8,0x00,0x22,0xa2,0x08,0x2a,0x00,
    0x02,0x00,0x03,0x06,0x34,0x01,0x04,0xde,0x27,0x04,0x44,0x01,0x02,0xfa,0x0f,0x02,
    0x8c,0x1e,0x02,0x7a,0x02,0x02,0x08,0x00,0x0a,0x02,0x00,0x04,0x2e,0x00,0x02,0x02,
    0x00,0x02,0xd4,0x02,0x0c,0x02,0x00,0x02,0x16,0x00,0x02,0x40,0x00,0x02,0x6e,0x01,
    0x11,0x82,0x26,0x13,0x22,0x25,0x21,0xde,0x01,0x66,0xff,0xff,0x45,0x21,0x82,0x08,
    0x6c,0x49,0x02,0xd4,0x02,0x04,0xc0,0x08,0x04,0x62,0x01,0x04,0x82,0x1a,0x04,0x0a,
    0x03,0x04,0x10,0x00,0x04,0x58,0x00,0x04,0xda,0x05,0x21,0xe4,0x28,0x50,0x39,0x05,
    0x20,0x29,0x04,0x26,0x10,0x02,0xe0,0x05,0x02,0x78,0x01,0x44,0x79,0x53,0xdf,0x02,
    0x78,0x01,0x2f,0x79,0x53,0x58,0x07,0x1d,0x28,0xdc,0x24,0xd2,0x08,0x04,0x12,0x02,
    0x02,0x02,0x00,0x11,0xa2,0x3c,0x36,0x04,0xfe,0x18,0x02,0x1e,0x01,0x02,0x7a,0x04,
    0x06,0x34,0x04,0x02,0xea,0x02,0x13,0x20,0x56,0x29,0x02,0x12,0x01,0x06,0x16,0x09,
    0x02,0xe2,0x09,0x44,0x9e,0xf7,0xa7,0x31,0x3e,0x00,0x02,0x08,0x00,0x02,0xb8,0x02,
    0x02,0x06,0x00,0x04,0xf6,0x00,0x02,0x1a,0x00,0x04,0xca,0x05,0x04,0x1c,0x00,0x02,
    0x70,0x01,0x04,0x16,0x00,0x02,0xfa,0x34,0x02,0x54,0x07,0x02,0x9e,0x19,0x04,0x5a,
    0x48,0x22,0x14,0x9d,0x78,0x00,0x04,0x34,0x0a,0x04,0x4a,0x01,0x02,0xd2,0x00,0x04,
    0x78,0x01,0x04,0x72,0x01,0x15,0xe4,0x44,0x0d,0x02,0x02,0x00,0x04,0x12,0x22,0x02,
    0x78,0x17,0x02,0x26,0x00,0x02,0xce,0x08,0x02,0xf0,0x02,0x22,0x96,0x93,0xd4,0x1b,
    0x08,0x78,0x01,0x04,0x7e,0x01,0x04,0x02,0x00,0x24,0xff,0x3b,0xf8,0x18,0x0f,0xd0,
    0x08,0x11,0x08,0xee,0x31,0x22,0x16,0x34,0xa6,0x00,0x04,0x30,0x04,0x02,0x22,0x3a,
    0x11,0x62,0x44,0x0d,0x06,0xb6,0x0b,0x02,0x02,0x00,0x02,0x64,0x05,0x06,0x20,0x01,
    0x04,0x72,0x01,0x04,0xdc,0x05,0x04,0x02,0x00,0x02,0x54,0x17,0x44,0x9e,0xf7,0x8e,
    0x6b,0x12,0x00,0x06,0x02,0x00,0x04,0xc2,0x07,0x02,0x72,0x01,0x02,0x06,0x00,0x04,
    0x02,0x00,0x02,0x38,0x01,0x06,0x02,0x00,0x02,0xd0,0x08,0x04,0x02,0x00,0x02,0x1e,
    0x00,0x42,0x61,0x08,0x08,0x42,0x82,0x20,0x44,0x9e,0xf7,0x62,0x08,0xe4,0x02,0x02,
    0xcc,0x02,0x02,0x22,0x16,0x06,0xf2,0x05,0x04,0xd8,0x0b,0x06,0xca,0x0b,0x02,0x60,
    0x01,0x02,0x18,0x03,0x04,0x84,0x04,0x02,0x3c,0x00,0x02,0x4c,0x0a,0x02,0xce,0x08,
    0x02,0x78,0x01,0x28,0xdd,0x4b,0x76,0x01,0x02,0x02,0x00,0x02,0x6c,0x04,0x06,0x02,
    0x00,0x04,0x78,0x01,0x2f,0x3f,0x2c,0x78,0x01,0x13,0x08,0x4a,0x0a,0x0a,0xe2,0x05,
    0x02,0x44,0x01,0x02,0xd2,0x02,0x06,0x98,0x02,0x0c,0x8e,0x17,0x02,0x26,0x00,0x04,
    0x6c,0x07,0x04,0x02,0x00,0x02,0x88,0x0a,0x02,0x38,0x36,0x02,0xcc,0x18,0x42,0x9e,
    0xf7,0xf7,0xbd,0x34,0x36,0x08,0x52,0x4c,0x0f,0x02,0x00,0x05,0x04,0x7e,0x4c,0x28,
    0xb2,0x94,0x22,0x00,0x04,0x0e,0x00,0x62,0xb2,0x94,0x10,0x84,0x75,0xad,0x74,0x01,
    0x42,0xff,0xff,0x9e,0xf7,0x30,0x04,0x02,0xfc,0x01,0x04,0x72,0x01,0x02,0x44,0x01,
    0x02,0x60,0x01,0x06,0x02,0x00,0x04,0x02,0x19,0x04,0x04,0x13,0x04,0x26,0x00,0x02,
    0xd4,0x0e,0x04,0xe2,0x1e,0x48,0xa3,0x18,0x20,0x00,0x00,0x2f,0x31,0x5f,0x13,0xff,
    0x64,0x17,0x04,0x02,0x00,0x08,0x5e,0x07,0x02,0x02,0x00,0x60,0xdf,0x02,0xff,0x3b,
    0x3f,0x2c,0x90,0xa1,0x4f,0x3f,0x2c,0x1f,0x3c,0x38,0x0d,0x0f,0x0a,0x5a,0x07,0x22,
    0x2b,0x1a,0x60,0x01,0x02,0xf8,0x02,0x02,0x02,0x00,0x11,0x41,0xde,0x32,0x26,0xa2,
    0x08,0x72,0x01,0x11,0x41,0x19,0x00,0x0c,0xd2,0x00,0x02,0xf2,0x05,0x11,0x00,0xe4,
    0x0e,0x02,0x46,0x00,0x01,0x52,0x02,0x32,0x00,0xc3,0x10,0xf8,0x06,0x0f,0x02,0x00,
    0x45,0x42,0x9a,0xce,0x66,0x29,0xa0,0x0e,0x02,0x06,0x00,0x04,0x02,0x00,0x04,0xdc,
    0x08,0x02,0xfa,0x0f,0x04,0x64,0x07,0x04,0x72,0x04,0x04,0x28,0x0d,0x04,0x9e,0x17,
    0x04,0x4c,0x0a,0x02,0x02,0x00,0x39,0x41,0x08,0x25,0xf0,0x31,0x02,0x78,0x01,0x04,
    0xf2,0x02,0x04,0x08,0x00,0x02,0x72,0x01,0x31,0xbf,0x02,0xbf,0x8e,0x17,0x0f,0x78,
    0x01,0x1d,0x08,0x5a,0x07,0x04,0xb4,0x0e,0x02,0x44,0x01,0x02,0xc4,0x08,0x04,0x02,
    0x19,0x11,0x00,0x80,0x01,0x01,0xbc,0x03,0x01,0x5c,0x07,0x02,0xbc,0x11,0x06,0x0c,
    0x19,0x04,0x92,0x05,0x12,0x41,0xbb,0x00,0x03,0x3e,0x00,0x02,0x18,0x00,0x42,0x08,
    0x42,0x75,0xad,0x2c,0x20,0x0f,0x02,0x00,0x3b,0x42,0xf7,0xbd,0x0c,0x5b,0x02,0x06,
    0x02,0xb8,0x02,0x02,0x84,0x00,0x02,0x3c,0x04,0x02,0x28,0x16,0x04,0x06,0x03,0x04,
    0x22,0x00,0x04,0x00,0x06,0x04,0x1a,0x16,0x04,0x64,0x02,0x02,0xda,0x00,0x04,0x6a,
    0x07,0x46,0xc4,0x20,0x6d,0x62,0xf0,0x02,0x04,0x56,0x07,0x02,0x70,0x01,0x04,0x08,
    0x00,0x04,0x60,0x07,0x02,0x76,0x01,0x1f,0xbf,0xf0,0x02,0x1e,0x08,0x2c,0x10,0x02,
    0x36,0x3c,0x04,0x02,0x00,0x02,0x7e,0x01,0x02,0x72,0x01,0x02,0x46,0x01,0x02,0x12,
    0x00,0x04,0x76,0x4c,0x02,0x1a,0x00,0x04,0x6a,0x01,0x04,0x72,0x07,0x04,0x4a,0x10,
    0x04,0x80,0x01,0x02,0x0c,0x01,0x64,0x20,0x00,0xa3,0x08,0x62,0x08,0x2e,0x55,0x51,
    0x49,0x42,0x29,0x42,0x08,0x04,0x00,0x04,0x02,0x00,0x19,0x29,0x0e,0x00,0x02,0xe0,
    0x1e,0x06,0x08,0x00,0x04,0x02,0x00,0x02,0x18,0x00,0x02,0x58,0x55,0x28,0xe4,0x18,
    0x72,0x01,0x02,0x3a,0x0a,0x04,0x52,0x23,0x02,0x9a,0x06,0x02,0x14,0x00,0x22,0xc3,
    0x10,0x08,0x00,0x04,0x2a,0x10,0x02,0xa2,0x01,0x04,0xe2,0x02,0x02,0xb4,0x1a,0x01,
    0x00,0x25,0x01,0xc6,0x19,0x11,0xc4,0xd5,0x00,0x12,0x20,0x96,0x43,0x03,0xd0,0x08,
    0x26,0x97,0x8b,0xf4,0x18,0x08,0x76,0x01,0x02,0x02,0x00,0x02,0x8e,0x01,0x0f,0xf0,
    0x02,0x1f,0x08,0xe2,0x05,0x02,0xc0,0x3a,0x04,0x9a,0x0e,0x02,0x3a,0x01,0x02,0xaa,
    0x05,0x02,0x72,0x01,0x02,0xec,0x05,0x02,0xd8,0x00,0x06,0x52,0x04,0x02,0x94,0x01,
    0x04,0x02,0x00,0x04,0x7e,0x1a,0x04,0x36,0x07,0x0c,0x1e,0x00,0x04,0x28,0x00,0x04,
    0x60,0x00,0x02,0x98,0x01,0x04,0x02,0x00,0x0a,0x0e,0x00,0x04,0x02,0x00,0x02,0x62,
    0x01,0x0c,0x02,0x00,0x02,0x4c,0x42,0x02,0x1c,0x00,0x02,0x1e,0x10,0x02,0x06,0x00,
    0x04,0xc4,0x05,0x02,0x0e,0x00,0x04,0xcc,0x02,0x04,0xda,0x02,0x04,0xbc,0x08,0x02,
    0xc8,0x27,0x04,0x80,0x04,0x04,0xd4,0x00,0x02,0x78,0x01,0x01,0x66,0x04,0x03,0x78,
    0x01,0x22,0x94,0xa3,0x6e,0x01,0x04,0x1e,0x26,0x02,0x6e,0x01,0x04,0x02,0x00,0x06,
    0x88,0x01,0x0f,0x68,0x04,0x1d,0x08,0xe2,0x05,0x04,0xb0,0x3d,0x02,0xe2,0x00,0x02,
    0x32,0x07,0x02,0x12,0x05,0x02,0x88,0x03,0x12,0x41,0x19,0x00,0x03,0x4c,0x01,0x04,
    0xac,0x00,0x04,0xe2,0x02,0x02,0x30,0x00,0x04,0x26,0x00,0x04,0x34,0x0a,0x04,0x02,
    0x00,0x02,0x20,0x01,0x02,0x06,0x00,0x02,0x48,0x00,0x04,0x68,0x00,0x04,0x8e,0x04,
    0x04,0x18,0x00,0x04,0x26,0x00,0x04,0x0e,0x13,0x04,0x28,0x00,0x02,0x3c,0x00,0x04,
    0x4c,0x0d,0x22,0x82,0x08,0x10,0x00,0x02,0x1e,0x00,0x0a,0x06,0x00,0x02,0xf8,0x02,
    0x04,0xda,0x02,0x02,0x80,0x01,0x04,0x78,0x01,0x04,0x02,0x00,0x13,0x25,0x96,0x0e,
    0x02,0x26,0x00,0x04,0xc8,0x11,0x02,0xa2,0x07,0x26,0xa9,0x49,0x38,0x3c,0x06,0xde,
    0x05,0x04,0x0a,0x29,0x04,0x74,0x01,0x08,0x76,0x01,0x0f,0x78,0x01,0x21,0x06,0xc4,
    0x0b,0x46,0x36,0x34,0x16,0x34,0x48,0x04,0x02,0x02,0x00,0x02,0x5e,0x01,0x02,0xe6,
    0x05,0x13,0xa2,0x96,0x03,0x02,0xe6,0x00,0x04,0x0c,0x13,0x04,0x54,0x0a,0x04,0x02,
    0x00,0x04,0x80,0x01,0x02,0x02,0x00,0x02,0xa4,0x01,0x06,0x36,0x01,0x02,0x74,0x05,
    0x06,0x6c,0x01,0x02,0x14,0x04,0x02,0x12,0x00,0x02,0x06,0x00,0x0c,0x02,0x00,0x02,
    0x60,0x01,0x06,0x02,0x00,0x08,0x26,0x00,0x02,0x1c,0x16,0x04,0xd4,0x05,0x04,0x26,
    0x07,0x03,0x4c,0x01,0x03,0x56,0x49,0x02,0x78,0x01,0x04,0x24,0x00,0x04,0xfc,0x4d,
    0x02,0x24,0x00,0x04,0x6a,0x01,0x04,0x24,0x03,0x02,0x02,0x00,0x01,0x66,0x04,0x03,
    0xf0,0x02,0x02,0x1a,0x29,0x06,0x76,0x01,0x07,0xe2,0x02,0x09,0xe4,0x08,0x2f,0x1f,
    0x3c,0xd0,0x08,0x1b,0x08,0x6a,0x04,0x62,0x36,0x34,0x36,0x34,0xa8,0x19,0x54,0x04,
    0x04,0x40,0x01,0x02,0x72,0x01,0x0a,0x02,0x00,0x04,0x5a,0x01,0x02,0x78,0x04,0x15,
    0xc3,0x72,0x23,0x08,0x26,0x00,0x0a,0xae,0x04,0x04,0x2e,0x01,0x02,0x44,0x01,0x02,
    0xf0,0x02,0x06,0x02,0x00,0x02,0x4a,0x01,0x02,0x1c,0x00,0x0c,0x08,0x00,0x06,0xd6,
    0x01,0x02,0x20,0x00,0x02,0x30,0x0d,0x04,0x4e,0x01,0x04,0x22,0x26,0x02,0x42,0x00,
    0x04,0x4c,0x01,0x02,0xa6,0x0b,0x04,0xce,0x01,0x04,0x16,0x00,0x02,0x24,0x00,0x04,
    0xf8,0x02,0x04,0x70,0x04,0x02,0xca,0x03,0x04,0x78,0x01,0x61,0xa7,0x31,0x00,0x00,
    0x82,0x10,0xee,0x02,0x03,0x78,0x01,0x22,0xdd,0x4b,0xd6,0x31,0x22,0x1f,0x03,0x74,
    0x01,0x08,0x02,0x00,0x06,0xfa,0x02,0x0f,0x78,0x01,0x23,0x04,0x1e,0x13,0x64,0x36,
    0x34,0x36,0x34,0xf0,0x2a,0x16,0x01,0x02,0xa8,0x00,0x02,0x02,0x00,0x02,0xb6,0x0b,
    0x04,0x3c,0x07,0x04,0x22,0x00,0x02,0x08,0x00,0x04,0xe0,0x00,0x04,0x22,0x01,0x04,
    0xe2,0x02,0x02,0x1e,0x00,0x02,0x06,0x00,0x04,0x36,0x01,0x02,0x0e,0x00,0x11,0x82,
    0x6e,0x13,0x15,0x20,0x10,0x00,0x02,0x52,0x01,0x02,0x02,0x00,0x04,0x22,0x0d,0x04,
    0x08,0x00,0x04,0x86,0x00,0x02,0xce,0x05,0x02,0x3c,0x00,0x01,0xc2,0x0e,0x12,0x08,
    0xce,0x01,0x02,0x20,0x00,0x02,0xd4,0x02,0x11,0xa2,0x7e,0x22,0x04,0x34,0x00,0x04,
    0x12,0x32,0x13,0x86,0x52,0x04,0x02,0x3c,0x0d,0x04,0x78,0x01,0x02,0x40,0x05,0x04,
    0x60,0x07,0x04,0x06,0x1c,0x25,0x41,0x08,0x66,0x04,0x01,0x78,0x01,0x13,0x95,0x90,
    0x2a,0x0e,0x76,0x01,0x04,0x5c,0x0a,0x04,0x02,0x00,0x06,0xf0,0x02,0x0f,0x48,0x39,
    0x11,0x02,0x02,0x00,0x04,0x6a,0x04,0x02,0xc8,0x50,0x02,0x38,0x01,0x04,0xa0,0x00,
    0x02,0xc6,0x02,0x02,0x04,0x03,0x04,0x14,0x00,0x02,0xe8,0x02,0x04,0xa0,0x11,0x04,
    0xa8,0x59,0x02,0x4a,0x01,0x04,0x1e,0x00,0x04,0x98,0x02,0x02,0x4e,0x00,0x04,0x02,
    0x00,0x02,0x78,0x01,0x0f,0x02,0x00,0x01,0x04,0x7c,0x01,0x04,0x70,0x01,0x02,0x08,
    0x00,0x13,0x61,0x08,0x00,0x0c,0x70,0x01,0x04,0x30,0x00,0x04,0x34,0x0a,0x02,0x90,
    0x07,0x02,0x7e,0x01,0x04,0x08,0x00,0x04,0xc4,0x02,0x04,0xf0,0x02,0x04,0xf6,0x05,
    0x11,0xe4,0x70,0x1d,0x04,0x78,0x01,0x02,0x42,0x00,0x02,0x02,0x00,0x02,0xa2,0x11,
    0x0a,0x70,0x49,0x01,0x90,0x2a,0x14,0x03,0xdc,0x05,0x02,0x02,0x00,0x0e,0xfe,0x02,
    0x2f,0x5f,0x13,0x78,0x01,0x21,0x04,0xd4,0x08,0x02,0x78,0x01,0x02,0x3e,0x0d,0x04,
    0x5c,0x01,0x02,0x2a,0x01,0x02,0x8e,0x03,0x04,0x3c,0x14,0x0a,0x1c,0x00,0x04,0x16,
    0x00,0x04,0x92,0x04,0x02,0x32,0x00,0x04,0x6e,0x10,0x02,0x02,0x00,0x04,0x66,0x07,
    0x01,0xae,0x18,0x01,0x13,0x00,0x15,0xa3,0xae,0x1b,0x04,0x72,0x01,0x06,0x5e,0x01,
    0x04,0x48,0x01,0x06,0x02,0x00,0x04,0x24,0x00,0x0c,0x08,0x00,0x02,0x02,0x00,0x04,
    0x06,0x0d,0x02,0x62,0x01,0x04,0x42,0x0a,0x04,0x0c,0x03,0x04,0x98,0x5c,0x02,0x70,
    0x01,0x04,0x02,0x00,0x04,0x2c,0x2c,0x02,0x30,0x03,0x02,0x1a,0x06,0x47,0x82,0x10,
    0x41,0x08,0x52,0x4f,0x02,0x66,0x04,0x03,0x76,0x01,0x02,0x02,0x00,0x02,0xd6,0x08,
    0x0c,0xfe,0x02,0x2f,0x1f,0x03,0xf0,0x02,0x23,0x04,0x3a,0x26,0x02,0x78,0x01,0x02,
    0x3e,0x0d,0x02,0x3e,0x01,0x04,0x64,0x01,0x02,0xf6,0x02,0x02,0xb8,0x0e,0x06,0x1c,
    0x00,0x02,0xcc,0x02,0x0c,0x26,0x01,0x02,0x2c,0x00,0x04,0xd2,0x00,0x02,0x2a,0x03,
    0x04,0x4e,0x00,0x04,0x02,0x00,0x15,0x41,0x64,0x04,0x02,0x02,0x00,0x04,0x50,0x01,
    0x0a,0x02,0x00,0x06,0x16,0x00,0x02,0x1e,0x01,0x06,0x02,0x00,0x02,0xe0,0x02,0x04,
    0x62,0x01,0x04,0x9c,0x0e,0x02,0x4a,0x04,0x04,0x80,0x01,0x0f,0x3a,0x45,0x07,0x06,
    0x24,0x00,0x04,0xac,0x27,0x02,0xb2,0x01,0x41,0x41,0x08,0x20,0x00,0x32,0x0d,0x02,
    0x02,0x00,0x81,0xab,0xd5,0x9b,0x5f,0x03,0x7f,0x03,0x1f,0xee,0x02,0x06,0x02,0x00,
    0x0f,0x76,0x01,0x01,0x06,0x78,0x01,0x2f,0xff,0x3b,0x68,0x04,0x17,0x55,0x1f,0x05,
    0xfd,0x1c,0x36,0x50,0x4f,0x44,0x56,0x3c,0xa8,0x19,0xae,0x02,0x04,0x24,0x0a,0x0a,
    0x02,0x00,0x04,0x5a,0x01,0x02,0x78,0x01,0x04,0xf6,0x05,0x04,0xf0,0x02,0x02,0x02,
    0x00,0x02,0xf8,0x0b,0x04,0x02,0x00,0x02,0x78,0x01,0x02,0x48,0x01,0x04,0xf4,0x02,
    0x02,0x14,0x00,0x15,0x41,0x56,0x01,0x04,0xf0,0x4d,0x02,0x54,0x01,0x08,0x02,0x00,
    0x04,0x86,0x17,0x02,0x40,0x00,0x04,0x2a,0x29,0x0f,0x02,0x00,0x05,0x22,0x62,0x08,
    0x52,0x04,0x04,0x02,0x00,0x02,0xac,0x03,0x04,0x66,0x00,0x02,0xa4,0x21,0x02,0x42,
    0x07,0x04,0x14,0x00,0x04,0x0c,0x03,0x25,0x66,0x29,0x54,0x07,0x01,0xe0,0x05,0x24,
    0x97,0x8b,0xc8,0x37,0x04,0x76,0x01,0x13,0x1f,0xfe,0x02,0x02,0x70,0x04,0x21,0xff,
    0x02,0x12,0x00,0x01,0xbe,0x11,0x06,0xe0,0x34,0x0f,0x78,0x01,0x19,0x02,0x5c,0x07,
    0x02,0xf0,0x02,0x26,0x56,0x3c,0x5c,0x20,0x04,0x1c,0x01,0x02,0x5a,0x04,0x04,0x5a,
    0x01,0x04,0x7e,0x02,0x02,0x1e,0x00,0x04,0x10,0x00,0x02,0x30,0x01,0x06,0xec,0x1e,
    0x01,0x56,0x02,0x03,0x2a,0x2c,0x04,0x32,0x01,0x02,0x02,0x00,0x13,0x82,0x64,0x04,
    0x04,0x48,0x00,0x04,0x08,0x00,0x0a,0x02,0x00,0x0a,0x34,0x00,0x0f,0x02,0x00,0x01,
    0x04,0xd0,0x05,0x02,0xa4,0x05,0x04,0xc8,0x21,0x04,0x02,0x00,0x02,0x3c,0x04,0x04,
    0x06,0x03,0x04,0x90,0x2d,0x13,0xa2,0x5e,0x0a,0x02,0xe2,0x02,0x02,0x72,0x20,0x15,
    0x62,0x4e,0x20,0x03,0x6a,0x49,0x03,0x02,0x00,0x3d,0x7f,0x03,0x5f,0x40,0x39,0x04,
    0x82,0x01,0x03,0x02,0x00,0x04,0x76,0x01,0x07,0x78,0x30,0x0f,0x78,0x01,0x1b,0x17,
    0xdb,0xa8,0x56,0x22,0x56,0x3c,0x9a,0x14,0x04,0x44,0x01,0x04,0x18,0x01,0x04,0x68,
    0x01,0x02,0xf0,0x02,0x04,0xa2,0x11,0x22,0xe4,0x10,0x18,0x00,0x02,0x52,0x04,0x04,
    0x56,0x05,0x02,0x0c,0x03,0x02,0x8c,0x01,0x02,0x02,0x00,0x02,0xe4,0x05,0x08,0x4e,
    0x01,0x02,0x38,0x00,0x0f,0x02,0x00,0x0b,0x15,0x61,0xf6,0x43,0x04,0xf6,0x02,0x02,
    0xf2,0x18,0x06,0xba,0x02,0x04,0x02,0x00,0x02,0x4a,0x01,0x06,0x70,0x01,0x04,0xe8,
    0x02,0x02,0x02,0x00,0x04,0xc4,0x00,0x04,0xa4,0x01,0x02,0x92,0x14,0x02,0xb6,0x0e,
    0x02,0x64,0x07,0x45,0xc4,0x20,0x82,0x10,0x54,0x07,0x69,0xa3,0x94,0xa3,0x96,0x93,
    0x5f,0x78,0x01,0x3b,0x1f,0x03,0x7f,0x72,0x04,0x08,0x86,0x01,0x0f,0xf0,0x02,0x25,
    0x35,0x1f,0x05,0x37,0xa8,0x56,0x08,0xf2,0x02,0x01,0x86,0x03,0x01,0xbc,0x10,0x04,
    0x4c,0x01,0x04,0x48,0x07,0x04,0x02,0x00,0x02,0xd2,0x00,0x04,0xb0,0x0b,0x02,0x74,
    0x1a,0x04,0x24,0x00,0x02,0x78,0x01,0x02,0x2e,0x03,0x04,0xd4,0x05,0x02,0x46,0x0a,
    0x04,0x3e,0x00,0x02,0x02,0x00,0x02,0x28,0x00,0x0a,0x96,0x01,0x0a,0x02,0x00,0x04,
    0x22,0x00,0x06,0x02,0x00,0x04,0xb8,0x0a,0x02,0x4a,0x01,0x04,0xa4,0x11,0x06,0x80,
    0x01,0x02,0x98,0x11,0x04,0x2a,0x48,0x02,0xda,0x02,0x04,0x1e,0x00,0x04,0x6c,0x1d,
    0x02,0x00,0x16,0x22,0x25,0x29,0x30,0x02,0x31,0xa9,0x49,0xb5,0x72,0x01,0x02,0x02,
    0x00,0x03,0x54,0x07,0x03,0x7c,0x01,0x02,0xea,0x05,0x0a,0x72,0x04,0x06,0x0e,0x00,
    0x08,0x78,0x01,0x0f,0x08,0x16,0x13,0x06,0x02,0x00,0x24,0x7a,0x24,0x68,0x04,0x44,
    0x56,0x3c,0x56,0x3c,0x48,0x20,0x06,0x44,0x01,0x13,0x41,0xaa,0x59,0x04,0x4e,0x0a,
    0x04,0xe8,0x02,0x02,0xfe,0x02,0x02,0x58,0x01,0x04,0x64,0x01,0x02,0x6c,0x07,0x04,
    0xd2,0x0e,0x02,0x02,0x00,0x04,0x78,0x01,0x08,0x02,0x00,0x04,0x1e,0x03,0x0a,0x02,
    0x00,0x02,0x3e,0x00,0x0a,0x02,0x00,0x04,0x78,0x01,0x13,0xe3,0xa4,0x0b,0x11,0xa3,
    0xb4,0x24,0x06,0x42,0x00,0x04,0x06,0x16,0x04,0x6c,0x07,0x04,0x50,0x04,0x04,0xf6,
    0x02,0x02,0xf4,0x05,0x13,0x62,0x6e,0x04,0x02,0x78,0x01,0x04,0x8c,0x01,0x01,0x4a,
    0x0c,0x12,0x08,0x6c,0x62,0x02,0x74,0x01,0x33,0x94,0xa3,0x75,0x94,0x40,0x04,0x02,
    0x00,0x0a,0x74,0x04,0x1d,0x1f,0x70,0x07,0x06,0xf0,0x02,0x0f,0x78,0x01,0x1d,0x04,
    0xf2,0x02,0x02,0x78,0x01,0x24,0x93,0x2b,0x94,0x02,0x04,0x68,0x01,0x04,0x24,0x01,
    0x02,0x42,0x04,0x04,0x0a,0x01,0x04,0x24,0x01,0x04,0xfc,0x05,0x02,0x36,0x00,0x02,
    0x74,0x04,0x02,0x02,0x00,0x02,0x5a,0x04,0x04,0x38,0x0a,0x02,0x20,0x00,0x06,0x08,
    0x00,0x0f,0x02,0x00,0x09,0x04,0x5a,0x04,0x06,0x02,0x00,0x04,0x3e,0x0d,0x02,0x2c,
    0x01,0x02,0x86,0x00,0x04,0x60,0x04,0x02,0x78,0x03,0x02,0xe6,0x02,0x06,0xae,0x00,
    0x04,0x10,0x00,0x02,0x78,0x01,0x02,0x02,0x00,0x04,0xec,0x05,0x02,0x3a,0x00,0x11,
    0x66,0xee,0x02,0x02,0xfe,0x5d,0x06,0x78,0x01,0x22,0xdd,0x4b,0xd0,0x47,0x02,0x02,
    0x00,0x0f,0x76,0x01,0x01,0x08,0x02,0x00,0x18,0x7f,0x28,0x3f,0x0f,0xf8,0x18,0x12,
    0x08,0x02,0x00,0x02,0xf2,0x02,0x02,0x78,0x01,0x22,0x56,0x3c,0xc8,0x0b,0x06,0x68,
    0x01,0x04,0xc6,0x1e,0x02,0xe0,0x00,0x04,0x18,0x00,0x04,0x78,0x01,0x02,0x02,0x00,
    0x02,0xd8,0x0e,0x04,0x56,0x01,0x02,0x60,0x04,0x0a,0x02,0x00,0x13,0x41,0xc0,0x0b,
    0x06,0x02,0x00,0x04,0xca,0x02,0x02,0xa0,0x01,0x0e,0x02,0x00,0x04,0xf0,0x01,0x08,
    0x24,0x00,0x04,0x52,0x07,0x02,0xca,0x21,0x02,0xd6,0x05,0x02,0x08,0x00,0x04,0xe0,
    0x02,0x02,0x54,0x0a,0x13,0x41,0x52,0x12,0x04,0xe4,0x37,0x02,0x42,0x10,0x02,0xc4,
    0x00,0x11,0x82,0xdc,0x63,0x02,0xce,0x00,0x13,0x20,0xee,0x60,0x04,0x78,0x01,0x24,
    0x75,0xa3,0x8a,0x56,0x08,0xd8,0x4a,0x04,0x6a,0x01,0x13,0x7f,0x7c,0x04,0x04,0x02,
    0x00,0x01,0x10,0x00,0x14,0x3c,0x60,0x1d,0x0f,0xf0,0x02,0x1f,0x02,0xf2,0x02,0x04,
    0x78,0x01,0x04,0x8e,0x17,0x02,0x9a,0x00,0x04,0x02,0x00,0x04,0xc4,0x0b,0x02,0x76,
    0x20,0x06,0x7e,0x01,0x04,0x06,0x03,0x06,0xda,0x11,0x02,0x02,0x00,0x02,0x86,0x05,
    0x24,0xe4,0x10,0xf2,0x05,0x06,0x02,0x00,0x08,0x50,0x01,0x06,0x02,0x00,0x0a,0xc8,
    0x01,0x02,0x12,0x10,0x06,0xe6,0x02,0x0c,0x02,0x00,0x0c,0x44,0x00,0x04,0xca,0x0b,
    0x04,0x02,0x00,0x0a,0x52,0x0d,0x02,0xe0,0x02,0x02,0xd0,0x05,0x04,0x02,0x00,0x01,
    0xee,0x27,0x32,0x18,0xa3,0x18,0xde,0x63,0x04,0x78,0x01,0x24,0xdd,0x4b,0x78,0x01,
    0x02,0x02,0x00,0x02,0xf6,0x02,0x02,0x02,0x00,0x01,0x66,0x01,0x07,0x02,0x00,0x03,
    0x10,0x00,0x0f,0x78,0x01,0x2a,0x13,0x7a,0x12,0x71,0x02,0x02,0x00,0x06,0xd4,0x3a,
    0x06,0xc6,0x05,0x04,0x02,0x00,0x0a,0x30,0x04,0x02,0x0e,0x00,0x04,0x70,0x0a,0x02,
    0x02,0x00,0x11,0xc3,0x86,0x11,0x02,0x0c,0x00,0x08,0xac,0x02,0x04,0x2e,0x00,0x0f,
    0x02,0x00,0x0b,0x04,0xd2,0x02,0x06,0x02,0x00,0x06,0x00,0x02,0x04,0xdc,0x02,0x15,
    0xa3,0xee,0x02,0x08,0xc8,0x02,0x01,0xc2,0x10,0x12,0x21,0xd6,0x02,0x02,0x18,0x00,
    0x04,0x84,0x14,0x02,0x5a,0x0a,0x02,0x48,0x00,0x02,0x30,0x26,0x02,0xd0,0x08,0x42,
    0x20,0x00,0xa7,0x31,0x18,0x71,0x02,0x78,0x01,0x06,0xee,0x02,0x04,0x9a,0x56,0x02,
    0x72,0x01,0x02,0x72,0x49,0x04,0x0e,0x00,0x02,0xee,0x02,0x03,0x76,0x01,0x0f,0x78,
    0x01,0x2c,0x06,0x14,0x71,0x51,0x56,0x3c,0x56,0x3c,0x76,0x8a,0x72,0x02,0xc2,0x00,
    0x04,0x08,0x00,0x02,0x46,0x07,0x04,0x42,0x23,0x02,0x0e,0x00,0x04,0xf6,0x02,0x02,
    0x02,0x00,0x02,0xfa,0x02,0x02,0x72,0x01,0x02,0x4c,0x07,0x04,0x3e,0x00,0x06,0x0a,
    0x00,0x02,0x1a,0x00,0x06,0x80,0x11,0x0f,0x64,0x04,0x0f,0x0e,0x08,0x03,0x06,0x02,
    0x00,0x04,0xc8,0x02,0x04,0x5c,0x78,0x04,0x70,0x00,0x0a,0x02,0x00,0x02,0x4c,0x07,
    0x04,0xd0,0x05,0x02,0x24,0x00,0x93,0xe4,0x18,0x00,0x00,0x66,0x29,0x62,0x10,0xd4,
    0xbe,0x69,0x02,0x78,0x01,0x02,0xe4,0x02,0x06,0x76,0x01,0x06,0x6c,0x01,0x06,0x0a,
    0x00,0x02,0x02,0x00,0x06,0x10,0x00,0x0f,0xf0,0x02,0x2b,0x02,0xd6,0x66,0x02,0x76,
    0x01,0x42,0x56,0x3c,0x76,0x3c,0x34,0x10,0x06,0x60,0x01,0x02,0x4e,0x01,0x0c,0x02,
    0x00,0x02,0xc8,0x05,0x02,0xee,0x02,0x02,0xd0,0x00,0x02,0x5a,0x07,0x04,0x4e,0x01,
    0x04,0x08,0x00,0x06,0x70,0x01,0x0f,0x4a,0x00,0x05,0x08,0x2a,0x00,0x01,0x98,0x01,
    0x01,0x9e,0x24,0x0f,0x02,0x00,0x03,0x04,0xf6,0x02,0x06,0x3c,0x07,0x04,0x02,0x00,
    0x04,0x2c,0x03,0x02,0xee,0x02,0x0a,0xc4,0x08,0x02,0x00,0x06,0x26,0xc3,0x18,0xe4,
    0x37,0x53,0x00,0x00,0x0b,0x5a,0xd5,0xee,0x02,0x11,0xb5,0xb8,0x0b,0x02,0x6a,0x01,
    0x04,0xec,0x02,0x06,0x02,0x00,0x15,0x9f,0xec,0x02,0x02,0x02,0x00,0x06,0x76,0x01,
    0x08,0x78,0x01,0x0f,0xc8,0x21,0x13,0x0e,0x02,0x00,0x06,0xa2,0x6f,0x31,0x76,0x3c,
    0x76,0x5e,0x07,0x02,0xac,0x00,0x06,0xd8,0x02,0x04,0x82,0x14,0x22,0x05,0x11,0x66,
    0x01,0x02,0xec,0x0f,0x02,0x0c,0x00,0x02,0x8e,0x36,0x02,0x0c,0x00,0x06,0x02,0x00,
    0x06,0x50,0x01,0x0f,0xba,0x01,0x03,0x0a,0x02,0x00,0x04,0x1a,0x0d,0x06,0x02,0x00,
    0x04,0x50,0x00,0x0c,0x94,0x0e,0x01,0x30,0x0c,0x01,0x12,0x16,0x06,0x70,0x30,0x04,
    0x76,0x01,0x02,0x06,0x03,0x04,0x98,0x00,0x02,0xa6,0x01,0x02,0xb2,0x21,0x02,0xb6,
    0x0b,0x04,0x22,0x00,0x28,0xe4,0x28,0x90,0x72,0x24,0x95,0xa3,0xf4,0x5a,0x0f,0x72,
    0x5c,0x05,0x04,0x7c,0x01,0x06,0x0a,0x00,0x0f,0x78,0x01,0x03,0x2e,0xff,0x04,0x5c,
    0x01,0x0f,0x02,0x00,0x0b,0x04,0x6c,0x04,0x82,0x76,0x3c,0x76,0x3c,0x76,0x3c,0x05,
    0x11,0x16,0x0a,0x04,0x3a,0x1d,0x05,0x04,0x01,0x03,0x17,0x01,0x02,0x6c,0x04,0x02,
    0xac,0x0b,0x04,0x2a,0x00,0x04,0x24,0x00,0x06,0x70,0x01,0x08,0x0c,0x00,0x04,0xc8,
    0x34,0x04,0xca,0x08,0x02,0x30,0x0a,0x06,0x36,0x00,0x04,0x02,0x00,0x04,0x50,0x07,
    0x15,0x61,0xc8,0x05,0x0e,0x02,0x00,0x04,0x70,0x11,0x02,0x66,0x01,0x02,0x80,0x01,
    0x02,0x54,0x01,0x02,0xee,0x02,0x04,0x86,0x17,0x11,0x20,0x10,0x21,0x11,0x62,0xa4,
    0x01,0x02,0xd6,0x05,0x02,0x74,0x04,0x46,0x41,0x08,0xd4,0x93,0x78,0x01,0x24,0x94,
    0xa3,0xd4,0x63,0x11,0xbf,0x4e,0x5f,0x06,0x02,0x00,0x0e,0x86,0x01,0x04,0xa0,0x01,
    0x02,0x02,0x00,0x04,0xb8,0x24,0x0f,0xf0,0x02,0x27,0x42,0xff,0x04,0x7a,0x24,0x6a,
    0x04,0x02,0x78,0x01,0x22,0xf2,0x43,0xa4,0x02,0x04,0x92,0x08,0x04,0x2c,0x0a,0x02,
    0xc8,0x05,0x02,0x02,0x00,0x02,0x6a,0x04,0x06,0xce,0x02,0x02,0x86,0x01,0x08,0x12,
    0x00,0x02,0x02,0x00,0x02,0x4a,0x00,0x0f,0x02,0x00,0x03,0x0f,0x78,0x01,0x07,0x0c,
    0x02,0x00,0x06,0x10,0x61,0x06,0x02,0x00,0x04,0x6e,0x01,0x02,0xb0,0x0b,0x02,0xfa,
    0x0f,0x02,0xc0,0x05,0x02,0x60,0x01,0x02,0xa6,0x06,0x12,0x20,0x0f,0x00,0x03,0x3a,
    0x36,0x86,0x00,0x00,0x00,0x00,0xce,0x6a,0xd5,0xa3,0x78,0x01,0x33,0x75,0xa3,0x9f,
    0x96,0x6c,0x0a,0x56,0x01,0x0c,0x66,0x01,0x0c,0x10,0x00,0x0f,0x78,0x01,0x2f,0x02,
    0x1e,0x03,0x22,0x57,0x2c,0xe0,0x05,0x02,0xd8,0x7c,0x26,0xf0,0x2a,0x6e,0x01,0x02,
    0xd2,0x02,0x04,0x6a,0x01,0x04,0x92,0x62,0x06,0x50,0x01,0x06,0x0a,0x00,0x04,0x02,
    0x00,0x04,0xb0,0x01,0x0c,0x02,0x00,0x04,0xd2,0x18,0x04,0x0c,0x01,0x04,0x02,0x00,
    0x02,0xfe,0x02,0x06,0x02,0x00,0x04,0xf6,0x02,0x28,0x41,0x08,0x3e,0x03,0x08,0x30,
    0x03,0x08,0x02,0x00,0x02,0x4e,0x00,0x04,0x78,0x01,0x02,0xe0,0x02,0x06,0x02,0x00,
    0x02,0x68,0x04,0x06,0x26,0x03,0x02,0xf4,0x76,0x06,0x78,0x01,0x06,0x76,0x01,0x02,
    0x02,0x00,0x02,0xcc,0x02,0x0c,0x66,0x01,0x0c,0x10,0x00,0x3f,0x7f,0x03,0x9f,0xf0,
    0x02,0x2c,0x02,0x76,0x01,0x4a,0x1f,0x05,0xfd,0x1c,0x50,0x7e,0x04,0x44,0x0d,0x06,
    0x78,0x01,0x0c,0x60,0x01,0x04,0x4c,0x02,0x06,0x18,0x00,0x08,0x26,0x01,0x08,0x2e,
    0x0d,0x04,0x44,0x1a,0x04,0x78,0x01,0x02,0x08,0x00,0x04,0x16,0x00,0x04,0x02,0x00,
    0x06,0xb6,0x0b,0x08,0x48,0x00,0x0a,0x02,0x00,0x04,0x84,0x0e,0x06,0x64,0x04,0x0f,
    0x02,0x00,0x07,0x02,0xd4,0x05,0x04,0x78,0x01,0x02,0x4e,0x3f,0x28,0xe4,0x28,0x50,
    0x7e,0x04,0x64,0x04,0x31,0xdf,0x03,0xbf,0xf4,0x02,0x08,0x02,0x00,0x02,0x80,0x01,
    0x02,0x02,0x00,0x0c,0x76,0x01,0x02,0x10,0x00,0x0f,0x78,0x01,0x19,0x04,0x66,0x01,
    0x04,0x02,0x00,0x08,0x10,0x00,0x24,0xdb,0x2c,0x68,0x04,0x62,0x77,0x44,0x97,0x44,
    0x97,0x44,0x54,0x36,0x0f,0x02,0x00,0x01,0x02,0x64,0x04,0x06,0x24,0x0a,0x06,0x64,
    0x01,0x06,0x0a,0x00,0x02,0x02,0x00,0x0f,0x42,0x01,0x07,0x06,0x02,0x00,0x04,0x24,
    0x00,0x02,0xb8,0x02,0x0e,0x02,0x00,0x04,0x4a,0x04,0x06,0x02,0x00,0x04,0x9a,0x11,
    0x0a,0x92,0x11,0x04,0x62,0x01,0x04,0xbc,0x0b,0x13,0x82,0xdc,0x13,0x06,0x50,0x0a,
    0x02,0xba,0x82,0x02,0xee,0x02,0xd9,0xd5,0xa3,0xb5,0xa3,0xf7,0x83,0x9f,0x03,0x9f,
    0x03,0xdf,0x03,0xdf,0x76,0x01,0x11,0xbf,0x86,0x01,0x02,0x72,0x01,0x02,0xda,0x02,
    0x08,0x0e,0x00,0x11,0x7f,0x2a,0x71,0x0f,0x68,0x04,0x1b,0x08,0x66,0x01,0x0f,0x10,
    0x00,0x01,0x11,0x99,0xa6,0x85,0x04,0x78,0x01,0x24,0x95,0x4c,0x08,0x13,0x02,0x72,
    0x14,0x04,0x50,0x07,0x08,0xe2,0x02,0x06,0xec,0x02,0x06,0x02,0x00,0x02,0xec,0x08,
    0x06,0x10,0x00,0x04,0x52,0x01,0x04,0x54,0x07,0x04,0x68,0x01,0x04,0x02,0x00,0x0a,
    0x2c,0x00,0x06,0x52,0x07,0x02,0xb8,0x05,0x06,0x02,0x00,0x04,0x40,0x00,0x06,0x02,
    0x00,0x04,0xf6,0x02,0x02,0xea,0x05,0x04,0x78,0x01,0x06,0x02,0x00,0x04,0x12,0x00,
    0x02,0x8a,0x07,0x04,0x24,0x87,0x04,0x78,0x01,0x02,0x42,0x65,0x0f,0x76,0x01,0x03,
    0x02,0x02,0x00,0x08,0x66,0x01,0x04,0x02,0x00,0x04,0x76,0x01,0x0f,0xf0,0x02,0x07,
    0x0f,0x66,0x01,0x0d,0x0f,0x20,0x00,0x01,0x11,0x57,0x7a,0x01,0x02,0xf0,0x02,0x42,
    0x97,0x44,0x97,0x44,0x96,0x17,0x0e,0x26,0x0a,0x04,0xec,0x02,0x06,0x78,0x01,0x11,
    0xa3,0xf2,0x35,0x04,0x02,0x00,0x02,0x4c,0x01,0x02,0x06,0x00,0x06,0x08,0x00,0x0a,
    0x02,0x00,0x0a,0x80,0x01,0x15,0xa3,0xb8,0x0b,0x04,0x36,0x00,0x0c,0x02,0x00,0x0f,
    0x64,0x04,0x19,0x02,0xda,0x1b,0x04,0x78,0x01,0x02,0x6e,0x1a,0x02,0x76,0x01,0x04,
    0x78,0x01,0x9b,0xb5,0xa3,0xff,0x3b,0x9f,0x03,0xff,0x03,0xff,0xec,0x02,0x0a,0xfc,
    0x02,0x11,0x9f,0x0c,0x03,0x04,0x74,0x01,0x11,0x7f,0x1e,0x03,0x04,0x10,0x00,0x0f,
    0x68,0x04,0x03,0x0f,0x56,0x01,0x01,0x08,0x02,0x00,0x0f,0x20,0x00,0x03,0x46,0xfd,
    0x1c,0x37,0x34,0x78,0x01,0x24,0xb7,0x4c,0xda,0x08,0x06,0x02,0x00,0x0c,0x64,0x04,
    0x04,0x12,0x00,0x04,0xf6,0x06,0x08,0x96,0x02,0x06,0x96,0x01,0x01,0x12,0x0d,0x01,
    0x07,0x00,0x04,0x16,0x06,0x04,0x02,0x00,0x0a,0x7e,0x01,0x04,0x02,0x00,0x06,0x26,
    0x00,0x02,0x86,0x0b,0x06,0x02,0x00,0x0c,0x64,0x04,0x02,0xf4,0x02,0x04,0x62,0x01,
    0x22,0xc3,0x18,0x9e,0x01,0x06,0x64,0x04,0x04,0x90,0x2a,0x22,0xce,0x6a,0x6a,0x91,
    0x02,0x78,0x01,0x5f,0x94,0xa3,0x97,0x8b,0xbf,0x76,0x01,0x00,0x0a,0x86,0x01,0x02,
    0x76,0x01,0x08,0x02,0x00,0x06,0x76,0x01,0x0f,0x78,0x01,0x03,0x0f,0x56,0x01,0x03,
    0x06,0x02,0x00,0x0f,0x20,0x00,0x07,0x44,0xdc,0x24,0x97,0x44,0xf0,0x02,0x26,0xb7,
    0x4c,0x7a,0x01,0x02,0xb4,0x0b,0x08,0x4c,0x01,0x0e,0x06,0x03,0x06,0x02,0x00,0x08,
    0x72,0x01,0x02,0x46,0x07,0x04,0x08,0x00,0x04,0x52,0x01,0x0a,0x70,0x01,0x04,0x16,
    0x00,0x04,0x5c,0x07,0x04,0x9e,0x24,0x04,0x02,0x00,0x0e,0x6c,0x00,0x02,0x70,0x01,
    0x0f,0x64,0x04,0x07,0x06,0xf4,0x02,0x64,0x41,0x08,0x00,0x00,0x6d,0x62,0x76,0x01,
    0x02,0x78,0x01,0x31,0x97,0x8b,0xdf,0x76,0x01,0x02,0xcc,0x05,0x02,0x02,0x00,0x1f,
    0xdf,0xfc,0x02,0x12,0x06,0x02,0x00,0x0e,0xf0,0x02,0x0f,0x56,0x01,0x07,0x02,0x02,
    0x00,0x0f,0x20,0x00,0x0b,0x22,0xdb,0x2c,0x64,0x04,0x02,0x78,0x01,0x06,0x7a,0x01,
    0x06,0x02,0x00,0x02,0x5a,0x0a,0x08,0x10,0x04,0x04,0xba,0x1e,0x08,0x02,0x00,0x0c,
    0x64,0x07,0x0f,0x02,0x00,0x03,0x02,0x80,0x01,0x0f,0x8c,0x11,0x05,0x04,0x64,0x00,
    0x02,0xa2,0x05,0x0e,0x26,0x0a,0x0f,0x02,0x00,0x01,0x11,0x82,0x84,0x3b,0x08,0xf4,
    0x02,0x28,0x6d,0x62,0xf0,0x8f,0xb1,0xd5,0xa3,0xf7,0x83,0xdf,0x03,0xff,0x03,0x1f,
    0x04,0xdf,0x4c,0x78,0x02,0x7c,0x01,0x46,0xdf,0x03,0x1f,0x04,0x54,0x01,0x3b,0x9f,
    0x03,0x9f,0x86,0x01,0x0f,0x10,0x00,0x00,0x0b,0x68,0x33,0x0f,0x56,0x01,0x0b,0x0f,
    0x20,0x00,0x11,0x13,0x99,0x7a,0x01,0x02,0x68,0x91,0x06,0x7a,0x01,0x04,0x38,0x0d,
    0x15,0x41,0xef,0x00,0x08,0x5c,0x01,0x15,0x41,0x28,0x01,0x06,0x20,0x00,0x04,0x7e,
    0x04,0x06,0x3c,0x20,0x02,0x68,0x01,0x04,0xfe,0x02,0x06,0x08,0x00,0x02,0x02,0x00,
    0x02,0xba,0x0b,0x04,0xda,0x18,0x0e,0xc0,0x0b,0x02,0x6c,0x07,0x04,0xe2,0x08,0x04,
    0xb4,0x0b,0x02,0x32,0x0a,0x02,0x84,0x62,0x06,0x3c,0x03,0x01,0x00,0x16,0x79,0x21,
    0x20,0x00,0x6d,0x62,0x35,0x9c,0x78,0x01,0x76,0x9b,0xdf,0x03,0x1f,0x04,0x3f,0x04,
    0xd8,0x79,0x68,0xbf,0x03,0xdf,0x03,0x1f,0x04,0x4c,0x0a,0x0e,0x72,0x04,0x0e,0x82,
    0x04,0x0a,0xf0,0x02,0x0f,0x76,0x01,0x2f,0x42,0x1f,0x05,0x1f,0x05,0x7a,0x01,0x04,
    0x78,0x01,0x42,0xd7,0x4c,0xf2,0x43,0xde,0x37,0x02,0xce,0x00,0x0a,0xd6,0x05,0x0a,
    0xd4,0x05,0x02,0xfa,0x00,0x0a,0x92,0x04,0x0f,0x02,0x00,0x01,0x04,0x7e,0x04,0x02,
    0x02,0x00,0x02,0x92,0x08,0x04,0x96,0x01,0x04,0x76,0x04,0x04,0x02,0x00,0x02,0x00,
    0x10,0x08,0x02,0x00,0x02,0x62,0x00,0x04,0x78,0x01,0x0c,0x2c,0x0d,0x06,0x20,0x58,
    0x44,0x41,0x08,0x51,0x7b,0x38,0x9a,0x02,0x02,0x00,0x0a,0x76,0x01,0x02,0x02,0x00,
    0x31,0xff,0x03,0x3f,0xfc,0x02,0x02,0xe8,0x02,0x3b,0x9f,0x03,0xbf,0x86,0x01,0x1f,
    0x9f,0x0c,0x03,0x02,0x08,0x78,0x01,0x02,0x36,0x01,0x06,0x02,0x00,0x0f,0x10,0x00,
    0x27,0x28,0x99,0x2c,0x78,0x01,0x15,0xd7,0x72,0x91,0x04,0x34,0x10,0x08,0x02,0x00,
    0x15,0x20,0xd6,0x02,0x08,0x56,0x07,0x04,0x02,0x00,0x02,0xfe,0x02,0x04,0xa0,0x3a,
    0x04,0xf0,0x02,0x02,0x02,0x00,0x13,0x61,0xf6,0x28,0x0f,0x02,0x00,0x01,0x04,0x42,
    0x07,0x02,0x60,0x00,0x08,0x10,0x00,0x0f,0x02,0x00,0x01,0x02,0x8a,0x01,0x02,0xf4,
    0x15,0x02,0x2e,0x00,0x44,0x00,0x00,0x62,0x10,0x76,0x01,0x04,0xf0,0x02,0x8a,0xd5,
    0x9b,0xff,0x03,0x3f,0x04,0x3f,0x04,0x2e,0x81,0x02,0x76,0x01,0x02,0x02,0x00,0x13,
    0x9f,0x10,0x00,0x04,0x84,0x01,0x0f,0x86,0x01,0x01,0x11,0xff,0xe6,0x08,0x08,0x78,
    0x01,0x06,0x72,0x01,0x0f,0x52,0x04,0x13,0x02,0x28,0x00,0x04,0x02,0x00,0x0a,0x10,
    0x00,0x26,0x99,0x2c,0xf0,0x02,0x02,0xa0,0x9e,0x02,0x56,0x0a,0x06,0x02,0x00,0x08,
    0x66,0x04,0x08,0x02,0x00,0x11,0x82,0x8c,0x12,0x04,0x0a,0x01,0x02,0x78,0x01,0x0c,
    0x02,0x00,0x0a,0x1c,0x10,0x02,0x8e,0x01,0x02,0x14,0x00,0x06,0x8c,0x11,0x04,0x42,
    0x00,0x02,0x02,0x00,0x04,0x06,0x03,0x22,0x86,0x29,0x54,0x07,0x02,0x06,0x03,0x11,
    0x41,0x06,0x4b,0x02,0xe8,0x15,0x02,0x28,0x00,0x04,0x02,0x00,0x06,0xbc,0x98,0x04,
    0x78,0x01,0x02,0x76,0x01,0x19,0x5f,0x76,0x01,0x02,0xec,0x02,0x02,0x02,0x00,0x02,
    0x72,0x04,0x0a,0x76,0x01,0x1f,0x9f,0xfc,0x02,0x00,0x02,0x20,0x00,0x0f,0x78,0x01,
    0x05,0x0a,0x46,0x01,0x0f,0x10,0x00,0x21,0x04,0x7a,0x01,0x04,0x78,0x01,0x42,0xf7,
    0x54,0xcc,0x32,0xd6,0x00,0x04,0xea,0x05,0x06,0x66,0x04,0x0e,0x5e,0x01,0x0a,0x12,
    0x00,0x04,0x1c,0x26,0x02,0x62,0x01,0x04,0x02,0x00,0x04,0xa8,0x08,0x0a,0x62,0x01,
    0x0a,0x02,0x00,0x02,0x60,0x01,0x0e,0x02,0x00,0x02,0x7e,0x01,0x0a,0x3c,0x00,0x02,
    0x48,0x00,0x91,0x62,0x08,0xe4,0x18,0xa7,0x31,0xd4,0x93,0x55,0x62,0x04,0x02,0x02,
    0x00,0xa4,0xf5,0x9b,0xd5,0x9b,0x1f,0x04,0x3f,0x04,0x7f,0x04,0x0c,0x87,0x6a,0xdf,
    0x03,0xdf,0x03,0xff,0x03,0x86,0x01,0x02,0x76,0x01,0x02,0xfa,0x02,0x51,0xbf,0x03,
    0x9f,0x03,0xbf,0x82,0x04,0x06,0xfc,0x02,0x11,0x9f,0x8e,0x07,0x02,0x10,0x00,0x0f,
    0x78,0x01,0x03,0x0f,0x76,0x01,0x1f,0x0a,0x32,0x00,0x02,0x10,0x00,0x02,0x7a,0x01,
    0x06,0x78,0x01,0x28,0xf7,0x54,0xd2,0x0b,0x08,0x44,0x01,0x02,0x56,0x07,0x02,0x6c,
    0x01,0x08,0x18,0x00,0x0c,0xca,0x05,0x04,0x02,0x00,0x02,0xdc,0x02,0x04,0x02,0x00,
    0x02,0x50,0x07,0x02,0x14,0x00,0x02,0x3c,0x07,0x0c,0xba,0x0b,0x04,0x16,0x23,0x04,
    0x6e,0x01,0x0a,0x02,0x00,0x04,0xea,0x05,0x02,0x86,0x14,0x62,0x00,0x00,0xed,0x52,
    0x55,0x9c,0x0c,0xa3,0x04,0x02,0x00,0x04,0x76,0x01,0x0a,0xea,0x8c,0x0f,0x76,0x01,
    0x01,0x06,0x78,0x01,0x51,0xdf,0x03,0x3f,0x04,0xff,0x36,0x10,0x02,0x02,0x00,0x0a,
    0x86,0x01,0x0f,0x78,0x01,0x01,0x0a,0x44,0x01,0x0f,0x10,0x00,0x11,0x0a,0x32,0x00,
    0x06,0x10,0x00,0x22,0x7a,0x24,0x76,0x01,0xe8,0xd7,0x4c,0xf7,0x54,0xf7,0x54,0xf7,
    0x54,0x17,0x55,0x95,0x4c,0x09,0x22,0xf6,0x00,0x02,0x56,0x04,0x0e,0x02,0x00,0x0a,
    0x7e,0x01,0x04,0x28,0x00,0x0a,0x0e,0x13,0x04,0xe0,0x05,0x02,0x44,0x00,0x02,0x7e,
    0x01,0x02,0xb4,0x02,0x04,0x02,0x00,0x02,0x08,0x0d,0x06,0x02,0x00,0x22,0x04,0x19,
    0x20,0x00,0x02,0x3e,0x20,0x04,0x5a,0x1a,0x04,0x78,0x01,0x11,0x00,0xc2,0x60,0x04,
    0x06,0xa3,0x06,0xf0,0x02,0x22,0xf7,0x83,0xec,0x02,0x17,0x1f,0x78,0x01,0x53,0x1f,
    0x04,0x7f,0x04,0x1f,0xd6,0x08,0x02,0x02,0x00,0x19,0x3f,0x82,0x04,0x02,0x10,0x00,
    0x04,0xfc,0x02,0x01,0x9a,0x85,0x01,0x86,0x01,0x04,0x02,0x00,0x0e,0x78,0x01,0x0a,
    0x44,0x01,0x0f,0x10,0x00,0x11,0x0f,0x32,0x00,0x09,0x48,0xdb,0x2c,0xb7,0x44,0x78,
    0x01,0x62,0x17,0x55,0x17,0x55,0xcc,0x32,0xda,0x02,0x04,0xe8,0x03,0x02,0xea,0x02,
    0x04,0x82,0x05,0x06,0x1c,0x00,0x06,0x70,0x01,0x0c,0x02,0x00,0x04,0xc2,0x08,0x02,
    0x02,0x00,0x02,0x4c,0x01,0x08,0x06,0x00,0x04,0x78,0x10,0x02,0x92,0x01,0x0f,0xe8,
    0x02,0x05,0x0a,0x02,0x00,0x82,0xc3,0x18,0x20,0x00,0x29,0x42,0x34,0x8c,0xec,0x02,
    0x05,0x78,0x01,0x12,0x94,0xba,0x95,0x17,0x5f,0xc6,0x92,0x04,0x76,0x01,0x02,0x74,
    0x04,0x0f,0x72,0x04,0x05,0x02,0x96,0x01,0x04,0x68,0x01,0x02,0xfc,0x02,0x06,0x02,
    0x00,0x0c,0x78,0x01,0x0f,0x44,0x01,0x09,0x02,0x86,0x01,0x0a,0x22,0x00,0x0c,0x10,
    0x00,0x0f,0x42,0x00,0x01,0x1b,0xf7,0xe8,0xa8,0x2c,0x37,0x5d,0xf6,0x02,0x0e,0x02,
    0x00,0x02,0x8c,0x01,0x06,0x8e,0x01,0x04,0x00,0x03,0x04,0x08,0x00,0x02,0x02,0x00,
    0x02,0x0e,0x00,0x02,0x62,0x04,0x02,0x0c,0x00,0x02,0x92,0x01,0x0a,0x50,0x04,0x04,
    0x14,0x26,0x04,0xb6,0x21,0x04,0x06,0x03,0x02,0x08,0x00,0x04,0xf6,0x02,0x4c,0x25,
    0x29,0xaf,0x6b,0x60,0xaa,0x97,0x35,0x94,0x79,0x5c,0x3f,0x04,0x3f,0x04,0x9f,0x76,
    0x01,0x57,0x1f,0x04,0x1f,0x04,0x5f,0xfa,0x02,0x01,0x9e,0x95,0x05,0xd2,0x0b,0x02,
    0x02,0x00,0x1d,0x5f,0x0c,0x03,0x04,0xf2,0x0b,0x02,0x02,0x00,0x2a,0x3f,0x04,0x78,
    0x01,0x0a,0x54,0x01,0x0f,0x10,0x00,0x01,0x0a,0x22,0x00,0x0c,0x10,0x00,0x0f,0x32,
    0x00,0x01,0x64,0x1f,0x05,0x1f,0x05,0xf8,0x44,0x68,0x04,0x06,0x40,0xb0,0x31,0x6e,
    0x3b,0xa2,0x50,0xb1,0x04,0xda,0x08,0x06,0x6a,0x01,0x02,0x54,0x01,0x02,0xf8,0x02,
    0x04,0x06,0x03,0x0c,0x02,0x00,0x02,0x66,0x01,0x02,0x02,0x00,0x02,0x32,0x00,0x02,
    0x06,0x00,0x02,0x02,0x00,0x02,0x78,0x01,0x04,0x6e,0x5f,0x04,0x02,0x00,0x04,0x22,
    0x00,0x02,0x70,0x01,0x06,0x08,0x00,0x6a,0x00,0x00,0x41,0x08,0x8a,0x4a,0xc8,0xae,
    0x02,0x46,0xb0,0x24,0xfc,0x43,0x76,0x01,0x17,0x3f,0x7a,0x01,0x11,0x7f,0x0c,0x00,
    0x02,0x72,0x01,0x5b,0xff,0x03,0xff,0x03,0x7f,0x5c,0x0a,0x04,0xec,0x02,0x04,0x02,
    0x00,0x0e,0x76,0x01,0x0a,0x78,0x01,0x02,0x24,0x01,0x06,0x02,0x00,0x0c,0x56,0x01,
    0x0c,0x10,0x00,0x0f,0x66,0x01,0x05,0x06,0x02,0x00,0x06,0x52,0x00,0x02,0xca,0xae,
    0x08,0x78,0x01,0x48,0x37,0x5d,0xf7,0x54,0x72,0x04,0x0c,0x02,0x00,0x02,0x78,0x01,
    0x06,0x5a,0x07,0x02,0x6a,0x01,0x04,0xe2,0x05,0x02,0x3a,0x0d,0x02,0xde,0x02,0x02,
    0x1a,0x00,0x02,0x06,0x00,0x02,0x0a,0x13,0x04,0x5e,0x07,0x02,0x02,0x00,0x02,0x08,
    0x23,0x06,0x78,0x01,0x0a,0x02,0x00,0x44,0xe4,0x18,0xa7,0x31,0xc6,0xae,0x22,0x76,
    0x94,0x72,0x01,0x02,0xc6,0xae,0x73,0x3f,0x04,0x3f,0x04,0x5f,0x04,0xbf,0x76,0x01,
    0x04,0x02,0x00,0x0c,0x72,0x04,0x11,0x5f,0x76,0x01,0x02,0x02,0x00,0x02,0xd8,0x05,
    0x0c,0xdc,0x02,0x0a,0x10,0x00,0x02,0xee,0x0e,0x0a,0xf0,0x02,0x08,0x02,0x00,0x0c,
    0x66,0x01,0x0c,0x10,0x00,0x08,0x56,0x01,0x02,0x02,0x00,0x06,0x66,0x01,0x02,0x02,
    0x00,0x0a,0x10,0x00,0x4a,0xdc,0x24,0xf7,0x4c,0x78,0x01,0x31,0x57,0x5d,0x57,0x72,
    0x04,0x04,0xea,0x02,0x02,0x8e,0x05,0x04,0xd8,0x0b,0x04,0x08,0x00,0x04,0x02,0x00,
    0x04,0xfa,0x02,0x02,0x72,0x01,0x02,0x06,0x00,0x02,0x08,0x00,0x02,0x1a,0x00,0x02,
    0x58,0x07,0x08,0x02,0x00,0x04,0x58,0x04,0x04,0x02,0x00,0x02,0x94,0x01,0x04,0x06,
    0x03,0x22,0xe4,0x18,0x96,0x43,0x31,0xf2,0x7b,0x96,0xea,0x02,0x02,0x02,0x00,0x02,
    0x74,0x01,0x53,0x35,0x94,0x79,0x5c,0x5f,0x76,0x01,0x19,0x5f,0x78,0x01,0x11,0x9f,
    0x64,0x04,0x06,0x02,0x00,0x08,0x76,0x01,0x0f,0x72,0x04,0x01,0x0f,0x76,0x01,0x03,
    0x0f,0x78,0x01,0x07,0x0c,0x66,0x01,0x0f,0x10,0x00,0x1d,0x0c,0x76,0x01,0x02,0x10,
    0x00,0x02,0xaa,0xb4,0x0c,0x20,0xb6,0x0f,0xee,0x05,0x0d,0x02,0xfa,0x02,0x04,0x26,
    0x04,0x04,0x72,0x01,0x02,0xe0,0x02,0x11,0xa3,0xf6,0x46,0x02,0x84,0x59,0x06,0x02,
    0x03,0x02,0x62,0x01,0x04,0x32,0x00,0x0a,0xfe,0x02,0x06,0x02,0x00,0x42,0x45,0x21,
    0xaf,0x6b,0x9e,0xb7,0x02,0x74,0x01,0x04,0xf0,0x02,0x42,0x76,0x8c,0x3f,0x2c,0xec,
    0xa2,0x0f,0x76,0x01,0x01,0x0e,0x72,0x04,0x06,0x74,0x04,0x35,0x5f,0x04,0x5f,0xe2,
    0x0b,0x11,0xff,0xbc,0x0e,0x0a,0xec,0x02,0x02,0x02,0x0c,0x0f,0x78,0x01,0x07,0x0f,
    0x66,0x01,0x33,0x08,0x02,0x00,0x04,0xfc,0x02,0x4c,0xdb,0x2c,0xf7,0x4c,0x78,0x01,
    0x82,0x77,0x65,0x77,0x65,0x37,0x5d,0xcc,0x32,0x20,0x07,0x04,0x68,0x01,0x06,0x08,
    0x00,0x02,0x58,0x01,0x04,0x10,0x03,0x06,0x08,0x00,0x02,0x62,0x10,0x24,0x61,0x08,
    0x6e,0x01,0x0c,0xf2,0x02,0x04,0x58,0x0d,0x04,0xee,0x05,0x02,0x80,0x01,0x02,0xe0,
    0x1b,0x42,0xa7,0x31,0xf2,0x7b,0x74,0x01,0x0a,0x78,0x01,0x02,0xea,0x02,0x02,0x02,
    0x00,0x11,0x9f,0xf0,0xb2,0x04,0x60,0x04,0x57,0x3f,0x04,0xbf,0x04,0x7f,0xfc,0x02,
    0x39,0x1f,0x04,0x7f,0xfc,0x02,0x0c,0x76,0x01,0x04,0xde,0x0e,0x04,0x02,0x00,0x08,
    0x76,0x01,0x0f,0xf0,0x02,0x03,0x0f,0x76,0x01,0x47,0x02,0x02,0x00,0x22,0x39,0x55,
    0x7a,0x01,0x0e,0x78,0xbd,0x22,0x6e,0x3b,0x46,0x2c,0x02,0xbc,0x02,0x06,0x7a,0x01,
    0x04,0x02,0x00,0x04,0x18,0x00,0x06,0xe6,0x02,0x06,0x02,0x00,0x02,0x0e,0x16,0x02,
    0xf2,0x05,0x02,0xf0,0x02,0x04,0x78,0x01,0x0a,0x04,0x10,0x5d,0xe4,0x18,0xed,0x52,
    0x34,0x78,0xbd,0x02,0x02,0x00,0x51,0xb7,0x7c,0x7c,0x3c,0x7f,0x50,0x01,0x13,0x7f,
    0x76,0x01,0x06,0x7a,0x01,0x0a,0x76,0x01,0x11,0x3f,0x94,0x01,0x06,0x70,0x04,0x31,
    0x1f,0x04,0x5f,0xd2,0x0b,0x04,0x66,0x01,0x0c,0x76,0x01,0x0d,0x10,0x00,0x0b,0x08,
    0x16,0x0f,0x76,0x01,0x4f,0x02,0x62,0x00,0x2f,0xf8,0x44,0x78,0x01,0x01,0x82,0x97,
    0x65,0x97,0x65,0xf4,0x64,0x6e,0x3b,0x3e,0x01,0x06,0x02,0x00,0x04,0x70,0x01,0x04,
    0x66,0x04,0x02,0x02,0x03,0x02,0x58,0x01,0x02,0x2c,0x00,0x28,0x04,0x19,0x26,0x00,
    0x02,0x02,0x00,0x02,0x26,0x00,0x02,0x1c,0x00,0x82,0x00,0x00,0x41,0x08,0x86,0x29,
    0x29,0x42,0x74,0xbd,0x0a,0x78,0xbd,0x02,0x74,0x01,0x22,0x76,0x8c,0x74,0x01,0x02,
    0x02,0x00,0x17,0x9f,0x78,0x01,0x11,0x5f,0x5e,0x07,0x04,0x80,0x01,0x02,0x02,0x00,
    0x06,0x90,0x01,0x02,0x7c,0x01,0x02,0x76,0x01,0x04,0x02,0x00,0x02,0x66,0x01,0x0f,
    0x86,0x01,0x09,0x0c,0x78,0x01,0x0f,0xec,0x02,0x0d,0x06,0x32,0x04,0x04,0x02,0x00,
    0x04,0x42,0x04,0x04,0x02,0x00,0x0e,0x10,0x00,0x0a,0x12,0x00,0x04,0x10,0x00,0x3d,
    0xdc,0x24,0x78,0xf0,0x02,0x02,0x02,0x00,0x62,0xb7,0x6d,0xb7,0x6d,0xf4,0x64,0xfc,
    0x02,0x04,0x72,0x01,0x04,0x08,0x00,0x02,0x9a,0x14,0x04,0x52,0x01,0x02,0x16,0x00,
    0x02,0x58,0x81,0x02,0x66,0x04,0x02,0x4e,0x04,0x02,0x52,0x07,0x06,0x8a,0x17,0x93,
    0x04,0x19,0x29,0x42,0xf2,0x7b,0xf6,0x8c,0xf6,0x74,0x01,0x0a,0x78,0x01,0x66,0x96,
    0x94,0x76,0x8c,0x79,0x5c,0x9a,0xb1,0x31,0x9f,0x04,0x9f,0x54,0x04,0x02,0x72,0x01,
    0x0f,0x76,0x01,0x01,0x11,0x9f,0xd2,0x0b,0x06,0x02,0x00,0x19,0x5f,0x72,0x04,0x53,
    0x1f,0x04,0x5f,0x04,0x9f,0x84,0x01,0x02,0x00,0x03,0x11,0x3f,0x20,0x00,0x02,0x0c,
    0x00,0x02,0xfc,0x02,0x0a,0x78,0x01,0x04,0x14,0x01,0x04,0x02,0x00,0x0c,0x10,0x00,
    0x0f,0x56,0x01,0x01,0x04,0x2c,0x00,0x02,0x02,0x00,0x0e,0x10,0x00,0x0a,0x12,0x00,
    0x0a,0x10,0x00,0x33,0xdc,0x24,0x78,0xe0,0x05,0x0f,0x48,0xc6,0x01,0x33,0xd8,0x75,
    0x77,0xce,0xc4,0x06,0xd6,0x05,0x04,0x22,0x13,0x02,0xfc,0x08,0x04,0x7a,0x01,0x22,
    0xa3,0x08,0x8a,0x01,0x02,0x26,0x52,0x02,0xee,0x02,0x11,0x00,0x8e,0xb4,0x75,0x29,
    0x42,0xed,0x52,0xd6,0x8c,0xf6,0x02,0x00,0x02,0x74,0x01,0x08,0x78,0x01,0x06,0x74,
    0x01,0x04,0x02,0x00,0x11,0xbf,0x76,0x01,0x02,0x70,0x04,0x02,0x76,0x01,0x11,0xbf,
    0x56,0x04,0x04,0xf2,0x02,0x0c,0x76,0x01,0x13,0x7f,0x86,0x01,0x02,0x6a,0x01,0x08,
    0x76,0x01,0x02,0x02,0x00,0x02,0x76,0x01,0x06,0x02,0x00,0x39,0x3f,0x04,0x9f,0x38,
    0x0d,0x0a,0x14,0x01,0x0c,0x24,0x01,0x02,0x12,0x00,0x02,0x08,0x00,0x04,0x02,0x00,
    0x0f,0x10,0x00,0x0f,0x0a,0x22,0x00,0x0f,0x10,0x00,0x01,0x06,0x7c,0x01,0x02,0xee,
    0x02,0x02,0xf0,0x02,0x0c,0x28,0xcc,0x02,0xbe,0xc7,0x42,0x86,0x29,0x45,0x21,0xc8,
    0x05,0x01,0x8e,0x2a,0x01,0x5d,0x01,0x01,0x88,0x56,0x03,0x6a,0x43,0xf4,0x01,0x20,
    0x00,0x82,0x08,0x86,0x29,0x45,0x21,0xcc,0x32,0x31,0x5c,0x31,0x5c,0x16,0x85,0x02,
    0x00,0x0f,0x78,0x01,0x05,0x44,0x76,0x8c,0x3a,0x4d,0x6e,0x01,0x04,0x02,0x00,0x06,
    0x76,0x01,0x02,0x02,0x00,0x0a,0x72,0x04,0x11,0x3f,0x0c,0x03,0x06,0xea,0x02,0x3b,
    0x3f,0x04,0x7f,0xe2,0x0b,0x11,0x5f,0x86,0x01,0x0a,0x66,0x01,0x06,0x0e,0x00,0x02,
    0x76,0x01,0x0a,0xf0,0x02,0x0a,0x24,0x01,0x0f,0x56,0x01,0x11,0x04,0x80,0x01,0x02,
    0x02,0x00,0x0f,0x56,0x01,0x01,0x02,0x1a,0x00,0x02,0x02,0x00,0x0f,0x20,0x00,0x07,
    0x6f,0xfd,0x1c,0x79,0x5d,0xb8,0x6d,0x78,0x01,0x09,0x0a,0xb0,0xca,0xa8,0xf4,0x64,
    0x31,0x5c,0x31,0x5c,0x53,0x6c,0x31,0x5c,0x02,0x00,0x22,0x53,0x6c,0xb4,0xca,0x13,
    0x37,0x02,0x00,0x04,0x76,0x01,0x0f,0x78,0x01,0x01,0x02,0x2e,0xcc,0x42,0xff,0x04,
    0x1f,0x05,0xe4,0xbb,0x06,0x76,0x01,0x02,0x0a,0x00,0x02,0x74,0x01,0x0c,0x76,0x01,
    0x02,0xfe,0x02,0x0a,0x76,0x01,0x17,0x9f,0xe4,0x08,0x08,0x68,0x0d,0x02,0x6c,0x01,
    0x0c,0x64,0x10,0x04,0x10,0x00,0x0a,0x68,0x04,0x08,0x02,0x00,0x0a,0x34,0x01,0x0f,
    0x10,0x00,0x11,0x0a,0x32,0x00,0x0f,0x10,0x00,0x1f,0x04,0x2c,0xcc,0x02,0xee,0x02,
    0x0a,0xf2,0x02,0x2a,0xb7,0x7d,0x1a,0xcf,0x13,0x97,0x02,0x00,0x0f,0x08,0xd2,0x07,
    0x0f,0x78,0x01,0x07,0xc2,0xf7,0x7c,0x39,0x55,0xdf,0x04,0xbf,0x04,0xff,0x04,0xff,
    0x04,0x76,0x01,0x13,0xbf,0x70,0x01,0x04,0x08,0x00,0x04,0x7a,0x01,0x04,0x08,0x00,
    0x02,0x72,0x01,0x11,0x5f,0x80,0xca,0x02,0x0c,0x00,0x02,0x7c,0x01,0x02,0xdc,0x02,
    0x06,0x02,0x00,0x1b,0x5f,0xfc,0x02,0x02,0x66,0x01,0x04,0x84,0x01,0x06,0x76,0x01,
    0x0f,0x78,0x01,0x07,0x0a,0x44,0x01,0x0f,0x10,0x00,0x11,0x0a,0x32,0x00,0x0f,0x10,
    0x00,0x27,0x4c,0x39,0x55,0x78,0x5d,0x76,0x01,0x02,0x02,0x00,0x06,0x80,0xd3,0x02,
    0x74,0x01,0x0f,0x78,0x01,0x1f,0x02,0x10,0xd2,0x5b,0xff,0x04,0xdf,0x04,0xdf,0x76,
    0x01,0x04,0x02,0x00,0x02,0x74,0x01,0x06,0x02,0x00,0x04,0xf8,0x02,0x11,0x7f,0x2c,
    0x07,0x11,0x9f,0x64,0x0a,0x06,0x02,0x00,0x15,0x9f,0x66,0x0a,0x02,0xec,0x02,0x0a,
    0xfc,0x02,0x04,0x76,0x01,0x06,0x02,0x00,0x06,0x2c,0x03,0x0f,0xf0,0x02,0x03,0x0a,
    0x44,0x01,0x0f,0x10,0x00,0x01,0x0a,0x22,0x00,0x0f,0x10,0x00,0x3d,0x4a,0x1f,0x05,
    0x3a,0x4d,0x7e,0xd3,0x0f,0xf0,0x02,0x2b,0x91,0x17,0x85,0xf7,0x7c,0x3a,0x4d,0xfd,
    0x1c,0xff,0x6e,0x01,0x04,0x02,0x00,0x17,0xdf,0xee,0x02,0x02,0xfe,0x02,0x06,0x70,
    0x01,0x02,0xd4,0x08,0x08,0x78,0x01,0x02,0xf8,0x05,0x06,0x74,0x01,0x02,0x76,0x01,
    0x04,0xfa,0x02,0x02,0xfc,0x02,0x06,0x0e,0x00,0x0e,0x10,0x00,0x19,0x3f,0x8c,0x0a,
    0x0f,0x78,0x01,0x01,0x0a,0x54,0x01,0x0f,0x10,0x00,0x01,0x0a,0x22,0x00,0x0f,0x10,
    0x00,0x3d,0x06,0x72,0x00,0x08,0x6e,0xd6,0x08,0xf0,0x02,0x06,0xf2,0x02,0x0f,0x68,
    0x04,0x0b,0x02,0x72,0xd6,0x26,0xdc,0x24,0xa2,0x00,0x04,0x74,0x01,0x02,0xf4,0x02,
    0x06,0x7a,0x01,0x04,0x74,0x04,0x02,0x72,0x01,0x04,0x76,0x01,0x02,0x02,0x00,0x11,
    0x7f,0x3c,0x07,0x13,0xbf,0x86,0xc7,0x04,0x7a,0x01,0x04,0x72,0x04,0x02,0x7c,0x01,
    0x11,0x7f,0x9a,0x04,0x06,0xda,0x02,0x02,0xca,0x11,0x0a,0x10,0x00,0x08,0x20,0x00,
    0x0e,0x78,0x01,0x0a,0x54,0x01,0x0f,0x10,0x00,0x01,0x0a,0x22,0x00,0x0f,0x10,0x00,
    0x3d,0x0f,0x72,0x00,0x01,0x02,0x82,0x01,0xaf,0x39,0x55,0x99,0x65,0x78,0x5d,0x78,
    0x75,0x78,0x75,0x78,0x01,0x05,0xc6,0x17,0x85,0x78,0x75,0xf7,0x7c,0x99,0x65,0x79,
    0x5d,0x3a,0x4d,0x64,0xd3,0x0a,0xa2,0x00,0x0f,0x7a,0x01,0x01,0x04,0x76,0x01,0x02,
    0x02,0x00,0x3f,0x9f,0x04,0x9f,0xfc,0x02,0x0c,0x11,0x5f,0x6a,0x0a,0x02,0x74,0x01,
    0x11,0x5f,0xaa,0x0e,0x0a,0x44,0x10,0x0f,0x76,0x01,0x01,0x0a,0x86,0x01,0x0c,0x78,
    0x01,0x0a,0x54,0x01,0x02,0xa6,0x00,0x0a,0x6e,0x07,0x0f,0x10,0x00,0x3b,0x0f,0x72,
    0x00,0x01,0x08,0x70,0x00,0x0f,0x20,0x00,0x01,0x0a,0x22,0x00,0x0f,0x10,0x00,0x21,
    0x06,0x02,0x00,0x02,0xf4,0x02,0x08,0x60,0x07,0x53,0xbf,0x04,0x1f,0x05,0xff,0x68,
    0x07,0x02,0x02,0x00,0x11,0xbf,0x86,0x01,0x08,0xea,0x05,0x04,0xd0,0x0b,0x02,0x02,
    0x00,0x02,0x76,0x01,0x02,0x0c,0x00,0x02,0x02,0x00,0x0c,0x66,0x01,0x0c,0x10,0x00,
    0x19,0xbf,0xc0,0x0b,0x0f,0xe4,0x00,0x43,0x08,0x46,0x01,0x0c,0x24,0x01,0x0f,0x72,
    0x00,0x01,0x08,0x30,0x00,0x0f,0x20,0x00,0x01,0x0a,0x22,0x00,0x0f,0x10,0x00,0x23,
    0x06,0x78,0x01,0x13,0xff,0x66,0x01,0x06,0x02,0x00,0x0f,0x76,0x01,0x03,0x02,0x02,
    0x00,0x02,0x5a,0x0a,0x06,0xf8,0x05,0x04,0xec,0x02,0x02,0x6e,0x01,0x04,0x02,0x00,
    0x06,0xf2,0x0b,0x0f,0xe8,0x05,0x05,0x06,0x78,0x01,0x42,0xbf,0x0d,0x7f,0x34,0x86,
    0x00,0x06,0x02,0x00,0x0f,0x10,0x00,0x4d,0x0f,0x56,0x01,0x01,0x06,0x7e,0x00,0x0f,
    0x20,0x00,0x03,0x0a,0x22,0x00,0x0f,0x10,0x00,0x27,0x08,0x7a,0x01,0x04,0xf6,0x02,
    0x02,0x02,0x00,0x06,0xfc,0x02,0x02,0xe6,0x05,0x0f,0xfc,0x02,0x0b,0x11,0x7f,0x2e,
    0x07,0x08,0x02,0x00,0x1b,0xbf,0xda,0x11,0x06,0x86,0x01,0x02,0x02,0x00,0x02,0x10,
    0x00,0x41,0x7f,0x34,0xbf,0x0d,0xee,0x63,0x52,0x0d,0x3f,0x0e,0xbf,0x0d,0xee,0x00,
    0x02,0x02,0x00,0x0f,0xd4,0x00,0x27,0x02,0x02,0x00,0x0c,0x40,0x00,0x0f,0x66,0x01,
    0x69,0x02,0x02,0x00,0x0c,0x92,0x00,0x06,0x7c,0x01,0x11,0xdf,0x5a,0x0a,0x0c,0xe8,
    0x05,0x11,0xbf,0x6e,0x0a,0x02,0x80,0x01,0x02,0x02,0x00,0x04,0x86,0x01,0x04,0x74,
    0x04,0x02,0xf2,0x0b,0x02,0x0e,0x00,0x04,0xfc,0x02,0x0a,0xfe,0x02,0x1b,0x9f,0x98,
    0x01,0x02,0x76,0x01,0x02,0x6e,0x01,0x04,0x78,0x01,0x22,0x3f,0x0e,0xa0,0x00,0x02,
    0x24,0x01,0x0f,0x5a,0x02,0x35,0x04,0x02,0x00,0x0a,0x50,0x00,0x0f,0x10,0x00,0x11,
    0x0a,0x32,0x00,0x0f,0x10,0x00,0x3d,0x04,0x52,0x00,0x02,0x7e,0x01,0x31,0xdf,0x04,
    0xdf,0x72,0x04,0x06,0xe2,0x08,0x02,0x76,0x01,0x11,0xdf,0x2c,0x0d,0x04,0x02,0x00,
    0x08,0x86,0x01,0x13,0x7f,0x7e,0x07,0x02,0x76,0x01,0x02,0x02,0x00,0x0e,0x76,0x01,
    0x08,0xf6,0x08,0x04,0x76,0x01,0x4f,0x5f,0x0d,0x3f,0x0e,0x78,0x01,0x03,0x0f,0xe4,
    0x00,0x41,0x04,0x80,0x01,0x02,0x02,0x00,0x0f,0x10,0x00,0x0f,0x0a,0x22,0x00,0x0f,
    0x10,0x00,0x3d,0x04,0x52,0x00,0x02,0x76,0x01,0x02,0x5e,0x00,0x46,0xff,0x04,0x1f,
    0x05,0x78,0x01,0x02,0x80,0x04,0x02,0x7c,0x04,0x0f,0x72,0x04,0x01,0x02,0xf4,0x08,
    0x02,0x70,0x01,0x02,0x02,0x00,0x06,0x6c,0x0a,0x11,0x7f,0x60,0x0d,0x0f,0x76,0x01,
    0x04,0x0f,0x78,0x01,0x06,0x02,0x86,0x00,0x06,0x02,0x00,0x0f,0x10,0x00,0x1d,0x02,
    0xc2,0x00,0x08,0x02,0x00,0x0a,0x44,0x01,0x0f,0x10,0x00,0x01,0x0a,0x22,0x00,0x0f,
    0x10,0x00,0x4d,0x08,0x84,0x00,0x0a,0x76,0x01,0x02,0xe0,0x08,0x02,0x76,0x01,0x06,
    0xea,0x05,0x02,0x12,0x00,0x02,0x80,0x01,0x04,0x02,0x00,0x06,0x6a,0x0a,0x02,0x68,
    0x01,0x06,0x6e,0x07,0x02,0x02,0x00,0x0a,0x86,0x01,0x08,0x20,0x00,0x0a,0x78,0x01,
    0x31,0xdf,0x0d,0xdf,0xe0,0x05,0x0f,0xf4,0x00,0x2d,0x0f,0x56,0x01,0x01,0x02,0xea,
    0x00,0x04,0x02,0x00,0x0e,0x10,0x00,0x0a,0x12,0x00,0x0f,0x10,0x00,0x3d,0x0e,0x72,
    0x00,0x0a,0x12,0x00,0x02,0xd4,0x08,0x02,0x78,0x00,0x02,0x7a,0x01,0x02,0x8c,0x01,
    0x02,0x70,0x01,0x02,0x02,0x00,0x02,0x0e,0x00,0x04,0x74,0x01,0x08,0x76,0x01,0x02,
    0x02,0x00,0x0e,0x66,0x01,0x04,0xf8,0x05,0x02,0x02,0x00,0x08,0x10,0x00,0x64,0x5f,
    0x0d,0xdf,0x0d,0xdf,0x0d,0x68,0x04,0x42,0x7f,0x15,0x7f,0x15,0x7c,0x00,0x04,0x20,
    0x01,0x02,0xa0,0x00,0x0f,0x10,0x00,0x1b,0x02,0xc6,0x00,0x08,0x02,0x00,0x0a,0x40,
    0x00,0x0f,0x62,0x00,0x2f,0x0f,0x92,0x00,0x2f,0x0f,0x94,0x00,0x01,0x02,0x58,0x00,
    0x06,0x02,0x00,0x04,0xa8,0x14,0x02,0x02,0x00,0x02,0x76,0x01,0x02,0x02,0x00,0x02,
    0x76,0x01,0x02,0x08,0x00,0x04,0x02,0x00,0x08,0x50,0x13,0x02,0xfa,0x05,0x0a,0x76,
    0x01,0x02,0xa8,0x01,0x02,0x82,0x01,0x82,0x7f,0x04,0x5f,0x0d,0x7f,0x15,0x7f,0x15,
    0x78,0x01,0x51,0x1f,0x2c,0xff,0x1c,0xff,0xc0,0x10,0x0a,0x34,0x01,0x0f,0x10,0x00,
    0x0b,0x0f,0xc2,0x00,0x03,0x08,0x02,0x00,0x0a,0x40,0x00,0x02,0xde,0x00,0x0a,0x20,
    0x00,0x0f,0x10,0x00,0x3b,0x0f,0x72,0x00,0x01,0x08,0x70,0x00,0x0f,0x22,0x00,0x07,
    0x06,0x74,0x01,0x02,0xda,0x05,0x04,0x72,0x04,0x19,0xdf,0xb6,0x14,0x0f,0x72,0x04,
    0x01,0x0a,0x76,0x01,0x02,0x0c,0x06,0x02,0x08,0x00,0x02,0x6c,0x01,0x0a,0x76,0x01,
    0x91,0x7f,0x04,0x5f,0x0d,0xff,0x1c,0xff,0x1c,0x1f,0xe0,0x63,0x31,0x1f,0x2c,0x9f,
    0x78,0x01,0x02,0x9a,0x00,0x02,0x02,0x00,0x0f,0x14,0x01,0x0d,0x0f,0xe4,0x00,0x0f,
    0x0a,0x50,0x00,0x0f,0x52,0x00,0x0f,0x0f,0x72,0x00,0x0d,0x0f,0x20,0x00,0x0d,0x0f,
    0x72,0x00,0x01,0x02,0xcc,0x00,0x06,0x02,0x00,0x0c,0x12,0x00,0x08,0x10,0x00,0x08,
    0xf8,0x02,0x02,0x7a,0x01,0x02,0x74,0x04,0x02,0x70,0x01,0x02,0x02,0x00,0x06,0xf8,
    0x05,0x02,0x5c,0x01,0x11,0xff,0xce,0x0e,0x08,0x02,0x00,0x06,0xfa,0x05,0x02,0x02,
    0x00,0x0a,0x10,0x00,0x75,0xbf,0x04,0x1f,0x2c,0xff,0x1c,0x9f,0x78,0x01,0x2a,0x1f,
    0x24,0xd4,0xf0,0x0f,0xe4,0x00,0x2f,0x0f,0x42,0x00,0x0d,0x0f,0x20,0x00,0x3d,0x02,
    0x38,0x01,0x08,0x02,0x00,0x08,0x54,0x01,0x02,0x02,0x00,0x0c,0x12,0x00,0x0f,0x84,
    0x00,0x01,0x06,0x02,0x00,0x02,0x76,0x01,0x04,0xd6,0x08,0x02,0xec,0x02,0x0a,0x86,
    0x01,0x02,0x44,0x10,0x06,0x02,0x00,0x0c,0x10,0x00,0x0e,0x76,0x01,0x84,0xff,0x04,
    0x5f,0x0d,0x9f,0x1c,0x1f,0x24,0xf0,0x02,0x28,0x1f,0x24,0x00,0xeb,0x0c,0x90,0x00,
    0x0f,0xb2,0x00,0x01,0x02,0xca,0x00,0x04,0x02,0x00,0x0e,0x10,0x00,0x0a,0x12,0x00,
    0x0f,0x10,0x00,0x3d,0x0f,0x72,0x00,0x01,0x04,0x8c,0x00,0x02,0x02,0x00,0x0c,0x10,
    0x00,0x0e,0x12,0x00,0x0f,0x94,0x00,0x03,0x06,0x78,0x01,0x06,0x72,0x04,0x02,0x7c,
    0x01,0x0f,0x76,0x01,0x01,0x02,0x90,0x01,0x02,0x7a,0x01,0x02,0x0a,0x06,0x02,0x0c,
    0x00,0x02,0x70,0x04,0x0c,0xec,0x02,0x01,0x1a,0x06,0x34,0x1c,0x1f,0x24,0x78,0x01,
    0xa4,0x5f,0x24,0xbf,0x23,0xbf,0x23,0x1f,0x24,0x3f,0x24,0x6c,0x03,0x02,0xbc,0x00,
    0x04,0x02,0x00,0x0f,0x10,0x00,0x1f,0x0a,0x32,0x00,0x0f,0x10,0x00,0x3d,0x0f,0x92,
    0x00,0x1f,0x0f,0x32,0x00,0x01,0x0f,0xa4,0x00,0x05,0x02,0x72,0x01,0x06,0x02,0x00,
    0x02,0x74,0x04,0x0f,0x76,0x01,0x07,0x04,0x02,0x00,0x01,0x56,0x01,0x05,0x02,0x00,
    0x0f,0x10,0x00,0x01,0x51,0xff,0x04,0x3f,0x24,0x1f,0x6c,0x01,0x22,0x5f,0x24,0x9a,
    0x72,0x43,0x3f,0x2c,0xbf,0x23,0x7c,0x01,0x1c,0x2c,0xfc,0x47,0x0f,0x10,0x00,0x0f,
    0x0a,0x22,0x00,0x0f,0x10,0x00,0x4d,0x0f,0x92,0x00,0x11,0x04,0x32,0x02,0x04,0x02,
    0x00,0x0f,0x94,0x00,0x21,0x0c,0x02,0x00,0x04,0xf8,0x02,0x02,0x02,0x00,0x04,0xec,
    0x02,0x04,0x02,0x00,0x0a,0x10,0x00,0x02,0x90,0x07,0x02,0xf8,0x02,0x04,0xfc,0x02,
    0x12,0x3f,0x56,0x04,0x32,0x23,0xbf,0x23,0x66,0x62,0x02,0x02,0x00,0x06,0x7a,0x01,
    0x42,0x1f,0x34,0xbf,0x1c,0x02,0x00,0x22,0x5f,0x15,0x02,0x00,0x08,0xc8,0x00,0x08,
    0x0c,0x00,0x02,0x04,0x01,0x0a,0x12,0x00,0x0f,0x10,0x00,0x3d,0x0f,0x72,0x00,0x01,
    0x02,0x7a,0x00,0x04,0x02,0x00,0x0e,0x10,0x00,0x0f,0x12,0x00,0x0d,0x0c,0x22,0x00,
    0x0f,0x10,0x00,0x03,0x0f,0x78,0x01,0x01,0x02,0x02,0x00,0x02,0x82,0x04,0x04,0x72,
    0x01,0x0e,0x82,0x04,0x42,0xdf,0x04,0x5f,0x0d,0x3a,0x01,0x22,0x5f,0x15,0x4a,0x01,
    0x42,0xbf,0x1c,0x1f,0x34,0xea,0x02,0x0a,0x76,0x01,0x84,0x4e,0x4b,0x4e,0x4b,0x5f,
    0x03,0xff,0x33,0xf6,0x02,0x41,0x1f,0x24,0x9f,0x1c,0xe4,0x08,0x41,0x1c,0x7f,0x15,
    0x7f,0x7e,0x01,0x2f,0x3f,0x34,0x02,0x00,0xeb,0x17,0x1f,0x02,0x00,0x0e,0x10,0x00,
    0x06,0x1c,0x00,0xf1,0x03,0x1f,0x34,0x1f,0x34,0x5f,0x15,0x5f,0x15,0x7f,0x15,0x7f,
    0x15,0xff,0x1c,0xff,0x1c,0x9f,0x1c,0x48,0x07,0x01,0xe8,0x02,0x62,0xbf,0x23,0xff,
    0x33,0x5f,0x03,0x6e,0x01,0x08,0x02,0x00,0x06,0x7a,0x01,0x51,0xbf,0x23,0xbf,0x23,
    0x9f,0x34,0x00,0x22,0x3f,0x15,0x02,0x00,0x4f,0x9f,0x1c,0xff,0x3b,0x02,0x00,0xff,
    0x14,0x08,0x34,0x01,0x02,0x02,0x00,0x02,0x50,0x01,0x0a,0x76,0x01,0x51,0x00,0x00,
    0x26,0x48,0x48,0x04,0x24,0x0f,0x02,0x00,0x9f,0x7a,0x03,0xc4,0xfe,0xfe,0xfe,0xfe,
    0x60,0xb9,0x00,0xef,0x97,0xff,0xff,0xff,0xff,0xfe,0xfe,0xfe,0xfe,0xff,0xff,0xff,
    0x9b,0x31,0x01,0x00,0x81,0xd8,0x14,0x03,0x00,0x00,0x00,0xc4,0xfe,0xe6,0x80,0xc4,
    0xfe,0xfe,0x26,0xbd,0x00,0x16,0x97,0xba,0x00,0x3f,0xf2,0x7e,0x48,0x01,0x00,0x81,
    0x81,0x50,0x50,0x3f,0x10,0x00,0x00,0x60,0x80,0xc1,0x00,0x16,0x80,0xbc,0x00,0x71,
    0x10,0xcb,0xff,0xff,0xfe,0xfe,0xcb,0x01,0x00,0x3f,0xbe,0x48,0x33,0x01,0x00,0x83,
    0x42,0x36,0x50,0x50,0x0c,0xb3,0x00,0x17,0x80,0xbc,0x00,0x7f,0x10,0xcb,0xfe,0xfe,
    0xfe,0xf2,0x5e,0xb3,0x00,0x83,0x07,0x02,0x00,0x22,0x50,0x38,0xbc,0x00,0x16,0x9f,
    0xbc,0x00,0x2f,0x31,0xfe,0xbb,0x00,0x93,0x96,0x33,0x38,0x50,0x09,0x00,0x00,0x00,
    0x00,0x48,0xf0,0x02,0x77,0x31,0xf2,0xfe,0xfe,0xff,0xd9,0x40,0xe0,0x00,0x0f,0x02,
    0x00,0x86,0x01,0x35,0x02,0x42,0x03,0xe6,0xfe,0x9f,0x80,0x01,0x7f,0x00,0x5e,0xfe,
    0xfe,0xff,0xff,0xcb,0xbb,0x00,0x92,0x95,0x33,0x50,0x0c,0x00,0x00,0x03,0xc4,0xff,
    0xc4,0xbb,0x00,0x4f,0xff,0xff,0xff,0xbe,0x6a,0x01,0x86,0x0a,0x02,0x00,0x82,0x50,
    0x0c,0x00,0x00,0x9f,0xff,0xe6,0x03,0xbc,0x00,0x6a,0x9b,0xff,0xff,0xff,0xff,0x9b,
    0x22,0x00,0x0f,0x02,0x00,0x87,0x62,0x50,0x0c,0x00,0x9f,0xff,0xe6,0xdd,0x05,0x11,
    0x10,0xbb,0x00,0x1f,0x7e,0xad,0x00,0x87,0x0b,0x02,0x00,0xff,0x01,0x50,0x0c,0x9f,
    0xff,0xff,0xe6,0xc4,0xc4,0xc4,0xc4,0x26,0x10,0xcb,0xff,0xff,0xff,0x1c,0x05,0x90,
    0x05,0x02,0x00,0x33,0x50,0x0c,0xff,0x01,0x00,0x1f,0x48,0xbb,0x00,0x9d,0x01,0xac,
    0x03,0x01,0x02,0x00,0x6f,0x30,0xf2,0xff,0xff,0xff,0xd9,0x46,0x07,0x85,0x0f,0x02,
    0x00,0x02,0x01,0x24,0x05,0x41,0x00,0x00,0x00,0x40,0xbb,0x00,0x0f,0x1c,0x05,0x8f,
    0x08,0x17,0x0a,0x03,0xbc,0x00,0x6f,0x5e,0xff,0xff,0xff,0xfe,0xbd,0xde,0x00,0x02,
    0x0f,0x02,0x00,0x74,0x08,0xb5,0x00,0x03,0x02,0x00,0x02,0xbc,0x00,0x5f,0x7e,0xff,
    0xff,0xfe,0xfe,0x1c,0x05,0x86,0x03,0xab,0x00,0x0d,0x02,0x00,0x01,0xbc,0x00,0x6f,
    0x9b,0xff,0xfe,0xfe,0xfe,0x81,0x61,0x01,0x74,0x0a,0x02,0x00,0x0d,0xb1,0x00,0x07,
    0x02,0x00,0xaa,0x50,0x0c,0x00,0x00,0x76,0xfe,0xfe,0xfe,0xfe,0x76,0x34,0x00,0x0f,
    0x02,0x00,0x72,0x07,0xa8,0x00,0x01,0x02,0x00,0x1a,0x30,0x01,0x00,0x9f,0x50,0x0c,
    0x00,0x00,0x81,0xfe,0xfe,0xfe,0x5d,0xad,0x00,0x3a,0xc1,0x59,0x6b,0x8c,0x9e,0x9e,
    0xcc,0xcc,0xcc,0xcc,0xcc,0xff,0xff,0x07,0x00,0x5f,0xbb,0x9e,0x9e,0x6b,0x59,0x63,
    0x00,0x1b,0x01,0xae,0x00,0x04,0x02,0x00,0x0a,0xb5,0x00,0x12,0x2f,0x01,0x00,0x03,
    0xbc,0x00,0x0f,0xec,0x02,0x36,0x53,0x40,0x6b,0x9e,0xcc,0xde,0x32,0x06,0x0d,0x02,
    0x00,0x4f,0xe1,0xcc,0x96,0x6b,0xcb,0x04,0x14,0x04,0xb5,0x00,0x08,0xb8,0x00,0x02,
    0xb2,0x00,0x06,0x02,0x00,0x03,0xbc,0x00,0x1f,0x99,0x14,0x01,0x1b,0x0f,0x02,0x00,
    0x03,0x3f,0x40,0x7c,0x9e,0xb7,0x00,0x06,0x06,0x02,0x00,0x3f,0xe1,0xbb,0x7c,0xc0,
    0x00,0x0d,0x01,0xb3,0x00,0x01,0x02,0x00,0x03,0x70,0x01,0x06,0xb0,0x00,0x08,0x02,
    0x00,0x0f,0xbc,0x00,0x36,0x36,0x4d,0x8c,0xb5,0xa0,0x00,0x0f,0x02,0x00,0x0d,0x2f,
    0xe1,0x96,0x41,0x02,0x08,0x01,0xb5,0x00,0x06,0x71,0x01,0x08,0xae,0x00,0x0a,0x02,
    0x00,0x0f,0xbc,0x00,0x33,0x3f,0x40,0x7c,0xcc,0xaf,0x00,0x0d,0x0c,0x02,0x00,0x3f,
    0xed,0x96,0x4d,0xbe,0x01,0x02,0x02,0xb7,0x00,0x04,0xba,0x00,0x0a,0xad,0x00,0x47,
    0x2f,0x2f,0x2f,0x2d,0x01,0x00,0x0f,0xbc,0x00,0x31,0x1f,0x6b,0x72,0x01,0x18,0x08,
    0x02,0x00,0x2d,0xbb,0x6b,0xbe,0x00,0x01,0xb6,0x00,0x0f,0xb9,0x00,0x02,0x07,0xb4,
    0x00,0x04,0x02,0x00,0x0f,0xbc,0x00,0x2f,0x1f,0x7c,0xe4,0x02,0x10,0x0f,0x02,0x00,
    0x05,0x29,0xed,0x96,0xfb,0x02,0x01,0xb7,0x00,0x0f,0xba,0x00,0x00,0x04,0xad,0x00,
    0x29,0x2d,0x2c,0x01,0x00,0x0f,0xbc,0x00,0x2d,0x2f,0x7c,0xe9,0x98,0x00,0x05,0x0f,
    0x02,0x00,0x13,0x08,0xbe,0x00,0x01,0xb8,0x00,0x02,0xa0,0x03,0x01,0x20,0x02,0x01,
    0x02,0x00,0x04,0xb8,0x00,0x09,0xb6,0x00,0x02,0x02,0x00,0x0f,0xbc,0x00,0x2b,0x0f,
    0xba,0x00,0x2d,0x08,0xbe,0x00,0x0f,0xba,0x00,0x01,0x02,0xb9,0x00,0x02,0xaa,0x00,
    0x0e,0x02,0x00,0x0f,0xbc,0x00,0x29,0x0f,0xba,0x00,0x31,0x02,0xbe,0x00,0x0f,0xba,
    0x00,0x08,0x09,0xb3,0x00,0x19,0x2a,0x01,0x00,0x03,0xbc,0x00,0x1d,0x8d,0x36,0x03,
    0x0f,0x02,0x00,0x0e,0x22,0x59,0xd2,0x7a,0x00,0x0f,0x02,0x00,0x31,0x22,0xed,0x59,
    0x76,0x01,0x07,0x2e,0x02,0x01,0x73,0x01,0x06,0xb9,0x00,0x09,0xb5,0x00,0x03,0x02,
    0x00,0x02,0xbc,0x00,0x0f,0x9b,0x06,0x1f,0x2f,0x40,0xa2,0xb4,0x00,0x31,0x06,0x02,
    0x00,0x2f,0xc5,0x4d,0xba,0x00,0x07,0x03,0xab,0x00,0x03,0x02,0x00,0x15,0x29,0x01,
    0x00,0x01,0x8c,0x09,0x0f,0x76,0x01,0x1f,0x1f,0x6b,0xa3,0x03,0x2c,0x0e,0x02,0x00,
    0x26,0xed,0x96,0x75,0x01,0x08,0x53,0x04,0x03,0xb2,0x00,0x09,0xb5,0x00,0x03,0x02,
    0x00,0x6f,0x50,0x0c,0x00,0x00,0x0c,0x50,0x21,0x02,0x0e,0x0b,0x02,0x00,0x0f,0x75,
    0x01,0x3c,0x02,0x02,0x00,0x21,0xc5,0x3d,0x59,0x04,0x01,0x7f,0x06,0x03,0x2d,0x02,
    0x01,0xb4,0x00,0x09,0xb7,0x00,0x17,0x28,0x01,0x00,0x0f,0xbc,0x00,0x21,0x0f,0xea,
    0x02,0x39,0x08,0x02,0x00,0x2f,0xed,0x77,0xba,0x00,0x02,0x03,0x66,0x01,0x07,0xb5,
    0x00,0x02,0x02,0x00,0x1f,0x27,0xbc,0x00,0x20,0x28,0x7d,0xf2,0x71,0x00,0x0f,0x02,
    0x00,0x3a,0x26,0x96,0x2f,0x2e,0x02,0x01,0x71,0x01,0x03,0xb9,0x00,0x02,0xad,0x00,
    0x39,0x28,0x28,0x27,0x01,0x00,0x1f,0x48,0x34,0x02,0x1e,0x0f,0x30,0x02,0x42,0x04,
    0x02,0x00,0x22,0xc5,0x3d,0x2e,0x02,0x0e,0xb9,0x00,0x09,0xb6,0x00,0x5f,0x27,0x27,
    0x26,0x26,0x26,0xbc,0x00,0x1e,0x1f,0x40,0x1a,0x05,0x38,0x0f,0x02,0x00,0x01,0x25,
    0xed,0x59,0xbb,0x00,0x01,0x73,0x01,0x01,0x72,0x01,0x04,0xb8,0x00,0x1a,0x26,0x01,
    0x00,0x0f,0xbc,0x00,0x1c,0x1f,0x4d,0xbb,0x00,0x4c,0x01,0xbd,0x00,0x01,0x75,0x01,
    0x0c,0xb9,0x00,0x0a,0xb7,0x00,0x01,0x02,0x00,0x0f,0xbc,0x00,0x1b,0x1f,0x59,0xeb,
    0x02,0x47,0x06,0x02,0x00,0x13,0x77,0xe7,0x02,0x06,0x73,0x01,0x01,0xaa,0x00,0x03,
    0x02,0x00,0x16,0x24,0x01,0x00,0x0f,0xbc,0x00,0x1a,0x0f,0xbb,0x00,0x52,0x34,0xff,
    0xff,0x77,0x74,0x01,0x01,0x2c,0x02,0x03,0xb4,0x00,0x09,0xb6,0x00,0x02,0x02,0x00,
    0x0f,0xbc,0x00,0x19,0x0f,0xbb,0x00,0x54,0x44,0xff,0xff,0x77,0x29,0x55,0x04,0x04,
    0xb9,0x00,0x02,0xad,0x00,0x0b,0x02,0x00,0x0f,0xbc,0x00,0x18,0x26,0x59,0xf3,0xd8,
    0x01,0x0f,0x02,0x00,0x4c,0x12,0x77,0x74,0x01,0x03,0xba,0x00,0x0b,0xb3,0x00,0x14,
    0x22,0x01,0x00,0x0f,0xbc,0x00,0x17,0x0f,0xbb,0x00,0x58,0x35,0xff,0xff,0x77,0xba,
    0x00,0x07,0xb9,0x00,0x04,0xb4,0x00,0x04,0x02,0x00,0x0f,0xbc,0x00,0x16,0x0f,0xbb,
    0x00,0x5a,0x32,0xff,0xff,0x77,0x74,0x01,0x05,0xba,0x00,0x04,0xb0,0x00,0x08,0x02,
    0x00,0x0f,0xbc,0x00,0x12,0x5f,0x34,0x33,0x33,0x40,0xe6,0x27,0x02,0x4c,0x0c,0x02,
    0x00,0x17,0x59,0xba,0x00,0x08,0xb1,0x00,0x01,0x02,0x00,0x68,0x20,0x20,0x22,0x20,
    0x20,0x20,0xbc,0x00,0x13,0x34,0x72,0x09,0x0f,0x08,0x00,0x00,0x2c,0x40,0xdd,0x5c,
    0x00,0x0f,0x02,0x00,0x4e,0x13,0x3d,0x74,0x01,0x01,0xad,0x00,0x03,0x02,0x00,0x32,
    0x20,0x22,0x20,0x01,0x00,0x01,0x08,0x00,0x07,0xbc,0x00,0x0f,0xb3,0x00,0x00,0x01,
    0x02,0x00,0x5f,0x34,0x33,0x33,0x33,0xae,0xab,0x00,0x4e,0x0d,0x02,0x00,0x29,0xd7,
    0x30,0xba,0x00,0x01,0xb4,0x00,0x01,0xb3,0x00,0x05,0x02,0x00,0x01,0xbc,0x00,0x01,
    0x8d,0x14,0x0f,0xbb,0x00,0x09,0x1d,0x8c,0x5a,0x00,0x0f,0x02,0x00,0x50,0x1c,0xbe,
    0xba,0x00,0x0c,0x02,0x00,0x6f,0x50,0x0c,0x00,0x00,0x0d,0x5d,0xbb,0x00,0x0c,0x1f,
    0x66,0xaa,0x00,0x50,0x0f,0x02,0x00,0x00,0x13,0x77,0x2a,0x02,0x09,0x6e,0x01,0x52,
    0x1e,0x1e,0x1e,0x20,0x1e,0x01,0x00,0x22,0x50,0x0d,0xbc,0x00,0x0f,0x76,0x01,0x06,
    0x4f,0x34,0x33,0x33,0x40,0xd9,0x05,0x57,0x0a,0x02,0x00,0x11,0x49,0xb8,0x00,0x06,
    0xbb,0x00,0x02,0xb3,0x00,0x04,0xbb,0x00,0x7f,0x1e,0x50,0x0d,0x00,0x00,0x10,0x5d,
    0xbb,0x00,0x0a,0x2a,0x33,0xc5,0x52,0x00,0x0f,0x02,0x00,0x57,0x34,0xd7,0x30,0x20,
    0xbb,0x00,0x07,0xb3,0x00,0x05,0x02,0x00,0x6d,0x50,0x10,0x00,0x00,0x10,0x5d,0xbb,
    0x00,0x03,0x11,0x00,0x1f,0x34,0xed,0x02,0x66,0x02,0x02,0x00,0x13,0xa7,0xe3,0x02,
    0x07,0x29,0x02,0x07,0x02,0x00,0x02,0xbc,0x00,0x01,0x50,0x04,0x07,0x39,0x02,0x08,
    0xbb,0x00,0x1f,0x4d,0x3c,0x0a,0x51,0x0f,0x02,0x00,0x05,0x12,0x62,0xb9,0x00,0x05,
    0x02,0x00,0x41,0x1d,0x1e,0x1e,0x1d,0x01,0x00,0x48,0x1e,0x1e,0x1d,0x1d,0xbc,0x00,
    0x03,0xb2,0x00,0x0a,0xbb,0x00,0x0f,0x32,0x02,0x67,0x65,0xff,0xff,0xff,0xff,0xeb,
    0x30,0xb7,0x00,0x01,0xb5,0x00,0x04,0xbb,0x00,0x01,0x02,0x00,0x07,0xbc,0x00,0x01,
    0x21,0x02,0x07,0xbb,0x00,0x02,0x05,0x03,0x12,0x7d,0x45,0x00,0x0f,0x02,0x00,0x65,
    0x13,0xa7,0xbc,0x00,0x01,0xad,0x00,0x01,0x02,0x00,0xa6,0x1b,0x1b,0x1b,0x1b,0x1b,
    0x1d,0x1b,0x1b,0x1b,0x1b,0xbc,0x00,0x0f,0xbb,0x00,0x03,0x1f,0x40,0x32,0x02,0x69,
    0x51,0xff,0xff,0xff,0xff,0x49,0xbd,0x00,0x01,0xb6,0x00,0x04,0xb9,0x00,0x04,0x02,
    0x00,0x67,0x5d,0x10,0x00,0x00,0x12,0x6b,0x6e,0x01,0x04,0xc3,0x00,0x02,0x76,0x01,
    0x22,0x33,0x99,0x42,0x00,0x0f,0x02,0x00,0x67,0x14,0xbe,0xe4,0x02,0x04,0xb2,0x00,
    0x06,0x02,0x00,0x22,0x5d,0x12,0xbc,0x00,0x0b,0xb3,0x00,0x04,0xfd,0x02,0x1f,0x4d,
    0xb5,0x00,0x67,0x04,0x02,0x00,0x2a,0x77,0x1e,0x70,0x01,0x42,0x1a,0x1b,0x1b,0x1a,
    0x01,0x00,0x03,0xbc,0x00,0x0f,0xbb,0x00,0x04,0x0f,0xc8,0x08,0x61,0x0c,0x02,0x00,
    0x16,0xeb,0x73,0x01,0x02,0xb3,0x00,0x04,0xbb,0x00,0x05,0xbc,0x00,0x01,0xa6,0x03,
    0x04,0x6e,0x01,0x05,0x08,0x00,0x0f,0x77,0x01,0x70,0x33,0xff,0xff,0x77,0x26,0x02,
    0x02,0xba,0x00,0x32,0x1a,0x1a,0x18,0x01,0x00,0x85,0x1a,0x18,0x5d,0x12,0x00,0x00,
    0x14,0x6b,0x1e,0x05,0x0b,0xc3,0x00,0x0f,0x3f,0x0a,0x60,0x0e,0x02,0x00,0x43,0xeb,
    0x1b,0x1b,0x1b,0x6e,0x01,0x25,0x18,0x18,0xbb,0x00,0x84,0x18,0x18,0x18,0x5d,0x14,
    0x00,0x00,0x14,0xb4,0x1a,0x0c,0xc3,0x00,0x0f,0x77,0x01,0x72,0x73,0xff,0xff,0x77,
    0x1a,0x1a,0x1a,0x1b,0x6f,0x01,0x03,0x07,0x00,0x01,0x02,0x00,0x01,0xbc,0x00,0x02,
    0x4c,0x20,0x0e,0xf4,0x02,0x0f,0x77,0x01,0x72,0x48,0xff,0xff,0xeb,0x1a,0x6e,0x01,
    0xa7,0x18,0x18,0x18,0x16,0x18,0x18,0x18,0x16,0x16,0x16,0xbc,0x00,0x13,0x35,0x31,
    0x02,0x05,0x08,0x00,0x0f,0x77,0x01,0x74,0x41,0xff,0xff,0x62,0x1b,0xb3,0x00,0x12,
    0x18,0xb3,0x00,0x41,0x16,0x16,0x16,0x18,0x06,0x00,0x51,0x6b,0x14,0x00,0x00,0x1b,
    0x78,0x01,0x05,0xb3,0x00,0x05,0xc3,0x00,0x0f,0xdc,0x05,0x6e,0x04,0x02,0x00,0x12,
    0xbe,0xb8,0x00,0x01,0x6d,0x01,0x06,0xbb,0x00,0x33,0x16,0x6b,0x1b,0xbc,0x00,0x0d,
    0xbb,0x00,0x34,0x34,0x33,0xf2,0x3c,0x00,0x0f,0x02,0x00,0x6e,0x11,0x30,0xb7,0x00,
    0x02,0x6e,0x01,0x06,0x08,0x00,0x04,0xbc,0x00,0x0f,0xbb,0x00,0x00,0x0f,0xca,0x08,
    0x6c,0x08,0x02,0x00,0x18,0xa7,0xb3,0x00,0x05,0x02,0x00,0x03,0xbc,0x00,0x0f,0xbb,
    0x00,0x00,0x0f,0x41,0x0a,0x6b,0x0a,0x02,0x00,0x16,0xeb,0x29,0x02,0x07,0x02,0x00,
    0x02,0xbc,0x00,0x05,0xbb,0x00,0x03,0x26,0x05,0x5a,0x35,0x34,0x33,0x33,0x40,0x3f,
    0x00,0x0f,0x02,0x00,0x6b,0x13,0x62,0x9f,0x03,0x51,0x16,0x16,0x16,0x16,0x14,0x01,
    0x00,0x31,0x16,0x16,0x14,0xbc,0x00,0x04,0x2b,0x26,0x08,0xbb,0x00,0x0f,0x1c,0x10,
    0x63,0x0f,0x02,0x00,0x05,0x11,0xa7,0xec,0x02,0x02,0xb3,0x00,0x02,0xbb,0x00,0x29,
    0x14,0x14,0xbc,0x00,0x04,0xbb,0x00,0x02,0xe9,0x05,0x0f,0x4e,0x12,0x5f,0x0f,0x02,
    0x00,0x08,0x13,0xeb,0x70,0x01,0x03,0xba,0x00,0x02,0x02,0x00,0x07,0x78,0x01,0x0a,
    0xbb,0x00,0x0f,0x33,0x02,0x7a,0x32,0xff,0xff,0x62,0xaf,0x00,0x02,0x02,0x00,0x85,
    0x12,0x14,0x14,0x12,0x12,0x12,0x12,0x76,0x34,0x02,0x0a,0xbb,0x00,0x0f,0x66,0x04,
    0x79,0x52,0xff,0xff,0xff,0xff,0xa7,0xb6,0x00,0x01,0xb4,0x00,0x03,0xbb,0x00,0x01,
    0xbc,0x00,0x2f,0x1e,0x81,0x7c,0x0c,0x00,0x0f,0xd9,0x10,0x66,0x0f,0x02,0x00,0x03,
    0x11,0xeb,0xbc,0x00,0x11,0x12,0x01,0x00,0x02,0xc1,0x00,0x42,0x12,0x12,0x76,0x1e,
    0xbc,0x00,0x02,0xe4,0x02,0x06,0x08,0x00,0x0f,0x99,0x06,0x78,0x02,0x02,0x00,0x14,
    0x49,0x75,0x01,0x06,0x02,0x00,0x01,0xbc,0x00,0x1b,0x8d,0x1b,0x10,0x42,0x33,0x33,
    0x33,0x59,0x32,0x00,0x0f,0x02,0x00,0x77,0x14,0x84,0x76,0x01,0x31,0x12,0x12,0x10,
    0x01,0x00,0x04,0xbc,0x00,0x0d,0x76,0x01,0x1f,0x34,0x22,0x05,0x7a,0x51,0xff,0xff,
    0xff,0xff,0xbe,0x2a,0x02,0x24,0x10,0x10,0xbb,0x00,0x32,0x10,0x12,0x10,0x78,0x01,
    0x03,0xd8,0x05,0x04,0xc3,0x00,0x3f,0x33,0x34,0x34,0xef,0x02,0x7c,0x41,0xff,0xff,
    0xeb,0x12,0xb6,0x00,0x01,0x05,0x00,0x02,0xbb,0x00,0x03,0xbc,0x00,0x01,0x27,0x02,
    0x24,0x33,0x34,0x5f,0x07,0x2f,0x34,0x35,0xde,0x05,0x7b,0x01,0x02,0x00,0x11,0x30,
    0xb4,0x00,0x11,0x12,0x06,0x00,0x76,0x0d,0x10,0x10,0x0d,0x0d,0x0d,0x81,0xbc,0x00,
    0x08,0xbb,0x00,0x0f,0xde,0x05,0x7c,0x01,0xa9,0x11,0x02,0x6e,0x01,0x11,0x0d,0x01,
    0x00,0x29,0x10,0x0d,0xbc,0x00,0x08,0xbb,0x00,0x0f,0x72,0x17,0x65,0x0f,0x02,0x00,
    0x09,0x31,0x84,0x10,0x10,0x6e,0x01,0x05,0xbb,0x00,0x02,0x78,0x01,0x1b,0x97,0x31,
    0x02,0x0f,0xfc,0x15,0x6a,0x0f,0x02,0x00,0x05,0x1c,0xbe,0xbb,0x00,0x05,0xbc,0x00,
    0x09,0x76,0x01,0x0f,0x21,0x10,0x74,0x0a,0x02,0x00,0x17,0xbe,0x76,0x01,0x11,0x0c,
    0x01,0x00,0x66,0x81,0x1e,0x00,0x00,0x24,0x97,0xa7,0x03,0x03,0xf3,0x0d,0x1a,0xc5,
    0x38,0x00,0x0f,0x02,0x00,0x72,0x11,0x12,0x30,0x02,0x15,0x0c,0xbb,0x00,0x31,0x0d,
    0x8d,0x24,0xbc,0x00,0x04,0x62,0x04,0x03,0xbb,0x00,0x0f,0x67,0x04,0x80,0xa1,0xff,
    0xff,0x0d,0x0d,0x0d,0x0d,0x0c,0x0c,0x0c,0x0d,0x74,0x01,0x41,0x0c,0x0c,0x0d,0x0c,
    0xbc,0x00,0x1c,0x9a,0xbb,0x00,0x1f,0x33,0x69,0x01,0x72,0x0b,0x02,0x00,0x11,0x49,
    0xb6,0x00,0x01,0x05,0x00,0x02,0xc3,0x00,0x02,0xbc,0x00,0x02,0xe0,0x05,0x07,0xb6,
    0x0e,0x0b,0x37,0x00,0x0f,0x02,0x00,0x72,0x12,0x49,0x6e,0x01,0xa9,0x0c,0x09,0x09,
    0x09,0x09,0x09,0x0c,0x0c,0x09,0x09,0xbc,0x00,0x04,0x7f,0x01,0x1f,0x35,0xce,0x08,
    0x7e,0x51,0xff,0xff,0xff,0xff,0x62,0x6e,0x01,0x01,0xba,0x00,0x11,0x09,0xc1,0x00,
    0x08,0xbc,0x00,0x05,0xbb,0x00,0x1f,0x34,0xdf,0x05,0x80,0x3b,0xff,0xff,0x84,0xbb,
    0x00,0x08,0x78,0x01,0x06,0xbb,0x00,0x0f,0x9b,0x06,0x81,0x35,0xff,0xff,0x84,0xbb,
    0x00,0x03,0x02,0x00,0x01,0x78,0x01,0x19,0xab,0xec,0x02,0x1f,0x34,0xc9,0x1e,0x66,
    0x0f,0x02,0x00,0x0b,0x14,0x84,0x76,0x01,0x04,0x02,0x00,0x14,0x97,0xbc,0x00,0x04,
    0xf3,0x0d,0x01,0x08,0x00,0x0f,0x34,0x02,0x84,0x04,0xb5,0x00,0x11,0x06,0x01,0x00,
    0x05,0xbc,0x00,0x01,0xb3,0x00,0x14,0x33,0x08,0x00,0x0f,0xad,0x0e,0x7c,0x02,0x02,
    0x00,0x1b,0x84,0xbb,0x00,0x04,0xbc,0x00,0x04,0xbb,0x00,0x03,0xc2,0x0b,0x0f,0x46,
    0x15,0x76,0x08,0x02,0x00,0x04,0xbc,0x00,0x01,0x75,0x01,0xab,0x06,0x06,0x09,0x06,
    0x97,0x24,0x00,0x00,0x2a,0xab,0xbb,0x00,0x0f,0x25,0x10,0x7d,0x02,0x02,0x00,0x03,
    0xbc,0x00,0x05,0xbb,0x00,0x7b,0x06,0x9a,0x2a,0x00,0x00,0x2a,0xab,0x38,0x0d,0x0f,
    0x24,0x05,0x84,0x01,0x34,0x02,0x03,0xbb,0x00,0x24,0x06,0x06,0xbc,0x00,0x01,0xeb,
    0x02,0x07,0x71,0x0f,0x0f,0xac,0x03,0x83,0x08,0xbb,0x00,0x42,0x04,0x04,0x04,0x04,
    0x78,0x01,0x01,0xbc,0x00,0x03,0xec,0x02,0x2f,0x33,0x34,0xe0,0x05,0x85,0x05,0xbb,
    0x00,0x3a,0x04,0x06,0x04,0xbc,0x00,0x07,0xbb,0x00,0x0f,0xbc,0x00,0x86,0x02,0x2c,
    0x02,0x03,0xbb,0x00,0x21,0x04,0xab,0xf0,0x02,0x05,0x1d,0x05,0x03,0x85,0x0c,0x0f,
    0x34,0x02,0x84,0x0a,0xbb,0x00,0x05,0xbc,0x00,0x04,0x38,0x0d,0x03,0x08,0x00,0x02,
    0xda,0x03,0x0f,0x02,0x00,0x7b,0x12,0x49,0xbc,0x00,0xa1,0x04,0x09,0x04,0x04,0x04,
    0x03,0x03,0x03,0x03,0x06,0x78,0x01,0x15,0xbf,0x38,0x0d,0x03,0xbb,0x00,0x0f,0xc0,
    0x0b,0x83,0x01,0xbb,0x00,0x14,0x06,0xbb,0x00,0x22,0x04,0x03,0xbc,0x00,0x04,0xb3,
    0x00,0x05,0x08,0x00,0x0f,0x9f,0x11,0x7f,0x31,0xff,0xff,0x10,0xbc,0x00,0x02,0xbb,
    0x00,0x52,0x00,0x00,0x04,0x03,0x00,0xbc,0x00,0x03,0x43,0x0a,0x05,0xbb,0x00,0x1f,
    0x36,0xb0,0x0e,0x81,0x01,0x33,0x02,0x21,0x09,0x04,0x32,0x02,0x43,0x00,0x04,0x00,
    0x00,0xbc,0x00,0x01,0x24,0x05,0x06,0x39,0x02,0x1f,0x36,0xd2,0x1e,0x75,0x08,0x02,
    0x00,0x61,0xd7,0x09,0x06,0x06,0x06,0x09,0x1e,0x05,0x4a,0x03,0x03,0x04,0x03,0xbc,
    0x00,0x23,0x34,0x36,0xc3,0x00,0x2f,0x36,0x34,0xf3,0x23,0x6f,0x0e,0x02,0x00,0x52,
    0xbe,0x09,0x06,0x06,0x09,0x96,0x06,0x02,0xbb,0x00,0x07,0x78,0x01,0x22,0x34,0x36,
    0x1a,0x08,0x01,0x08,0x00,0x0f,0x25,0x05,0x80,0x04,0x9b,0x06,0x93,0x04,0x04,0x03,
    0x06,0x04,0x03,0x00,0x00,0x03,0xac,0x03,0x04,0xb3,0x00,0x01,0x84,0x0c,0x1f,0x34,
    0xc2,0x21,0x77,0x08,0x02,0x00,0x31,0x62,0x09,0x0c,0xf2,0x02,0x32,0x04,0x04,0x06,
    0x24,0x05,0x7c,0x03,0xbf,0x2a,0x00,0x00,0x2a,0xbf,0xbb,0x00,0x0f,0xf7,0x18,0x7f,
    0x32,0xff,0xff,0x1b,0xbb,0x00,0x02,0x36,0x02,0x01,0x02,0x00,0x61,0xbf,0x2a,0x00,
    0x00,0x31,0xbf,0xe4,0x02,0x01,0x77,0x01,0x04,0x0e,0x0b,0x0f,0x69,0x04,0x7e,0x23,
    0xeb,0x0c,0x13,0x08,0x02,0xaf,0x03,0xa2,0x04,0x04,0x04,0x06,0xbf,0x31,0x00,0x00,
    0x31,0xce,0x29,0x02,0x07,0x1a,0x08,0x1f,0x35,0x7e,0x0c,0x7e,0x22,0xbe,0x0c,0xf0,
    0x02,0x03,0xaf,0x03,0x33,0x04,0x04,0x06,0xbc,0x00,0x04,0x6e,0x01,0x06,0x08,0x00,
    0x0f,0xad,0x03,0x7e,0x01,0x7a,0x0c,0x22,0x06,0x06,0x7d,0x01,0x62,0x04,0x04,0x04,
    0x06,0x06,0x04,0x78,0x01,0x0b,0x31,0x02,0x2f,0x35,0x34,0xd2,0x08,0x7f,0x11,0x49,
    0x7a,0x0c,0x02,0xbb,0x00,0x03,0x7f,0x01,0x02,0xbc,0x00,0x01,0x30,0x02,0x06,0x39,
    0x02,0x1f,0x35,0x07,0x2c,0x6d,0x0e,0x02,0x00,0x11,0xeb,0xbb,0x00,0x05,0xaf,0x03,
    0x01,0xc4,0x00,0x07,0xbc,0x00,0x05,0x31,0x02,0x01,0x22,0x08,0x0f,0xe9,0x1b,0x7c,
    0x01,0xef,0x02,0x15,0x0c,0xb0,0x03,0x01,0x2e,0x05,0x06,0xbc,0x00,0x02,0xb3,0x00,
    0x05,0x08,0x00,0x0f,0x2d,0x26,0x76,0x02,0x02,0x00,0x31,0x62,0x0c,0x0c,0x40,0x15,
    0x01,0x71,0x01,0x01,0x05,0x00,0x32,0x06,0x06,0xce,0x68,0x04,0x05,0xb3,0x00,0x03,
    0x76,0x01,0x0f,0x4b,0x0a,0x7e,0x51,0x1b,0x0c,0x0c,0x0c,0x0d,0x38,0x02,0x03,0xc0,
    0x00,0x07,0xbc,0x00,0x0b,0x76,0x01,0x3f,0x33,0x34,0x35,0x8f,0x09,0x7a,0x45,0xbe,
    0x0c,0x0c,0x0d,0xbb,0x00,0x01,0x05,0x16,0x31,0x09,0x09,0x09,0x78,0x01,0x33,0xd9,
    0x33,0x36,0x88,0x09,0x16,0x35,0x08,0x00,0x0f,0x35,0x02,0x7a,0x52,0x62,0x0c,0x0d,
    0x10,0x0c,0xb4,0x00,0x05,0x7f,0x01,0x12,0x0c,0xbc,0x00,0x0f,0xbb,0x00,0x00,0x0f,
    0xfd,0x23,0x7b,0x31,0x1b,0x10,0x10,0xee,0x18,0x07,0xbb,0x00,0x13,0x0d,0x78,0x01,
    0x06,0x6e,0x01,0x01,0x2e,0x05,0x02,0x7e,0x01,0x0f,0x95,0x14,0x78,0x35,0xa7,0x10,
    0x12,0xac,0x19,0x01,0x2f,0x02,0x32,0x09,0x09,0x0d,0x34,0x02,0x21,0x38,0xd9,0xb2,
    0x00,0x03,0xb3,0x00,0x05,0xc9,0x0b,0x0f,0x73,0x30,0x6e,0x06,0x02,0x00,0x22,0x49,
    0x12,0x28,0x1b,0x05,0x3a,0x02,0x01,0x8b,0x17,0x25,0xd9,0x38,0xbc,0x00,0x0b,0xbb,
    0x00,0x0f,0x0f,0x2c,0x76,0x41,0xff,0xff,0xeb,0x14,0x84,0x1f,0x11,0x0d,0xbb,0x00,
    0x01,0x02,0x00,0x38,0x10,0x0c,0x09,0xbc,0x00,0x06,0xbb,0x00,0x02,0x22,0x08,0x2f,
    0x34,0x36,0x76,0x1a,0x76,0x14,0x62,0x17,0x1e,0x11,0x12,0xb9,0x00,0x22,0x0c,0x0c,
    0xfd,0x02,0x05,0x78,0x01,0x03,0x29,0x02,0x05,0x0e,0x0b,0x3f,0x34,0x36,0x34,0xde,
    0x29,0x75,0x22,0xeb,0x1b,0x4b,0x20,0x21,0x10,0x12,0x61,0x1d,0x05,0x1e,0x1e,0x01,
    0xbc,0x00,0x1e,0xe7,0xbb,0x00,0x2f,0x33,0x36,0xdb,0x13,0x77,0x01,0x06,0x21,0x01,
    0x33,0x23,0x01,0xda,0x1e,0x14,0x0d,0xb8,0x03,0x03,0xbc,0x00,0x06,0x29,0x02,0x02,
    0x31,0x02,0x01,0xbb,0x00,0x0f,0x82,0x0c,0x74,0x22,0xeb,0x1b,0x35,0x23,0x03,0xf5,
    0x02,0x12,0x0d,0x9c,0x1f,0x32,0x0d,0x0d,0x12,0xbc,0x00,0x04,0xb3,0x00,0x04,0x08,
    0x00,0x22,0x33,0x36,0xdd,0x08,0x0f,0xc6,0x0b,0x72,0x11,0x84,0x24,0x26,0x23,0x12,
    0x14,0xc8,0x21,0x05,0x7e,0x01,0x7a,0x10,0xe7,0x38,0x00,0x00,0x38,0xe7,0x6e,0x01,
    0x05,0xbb,0x00,0x1f,0x33,0x64,0x12,0x71,0x21,0xeb,0x1b,0x9a,0x27,0x12,0x14,0x7d,
    0x01,0x16,0x10,0xbb,0x00,0x12,0x0d,0xbc,0x00,0x0f,0xbb,0x00,0x05,0x1f,0x35,0x79,
    0x01,0x70,0x11,0x84,0xe5,0x26,0x13,0x16,0x29,0x26,0x01,0xc3,0x00,0x03,0x7e,0x01,
    0x02,0xbc,0x00,0x02,0x9c,0x06,0x03,0x29,0x02,0x06,0x76,0x01,0x1f,0x35,0xf2,0x02,
    0x70,0x01,0xd5,0x29,0x32,0x12,0x16,0x14,0xeb,0x26,0x01,0xbb,0x00,0x04,0xf3,0x26,
    0x07,0xbc,0x00,0x0d,0xbb,0x00,0x1f,0x36,0x02,0x3a,0x6d,0x05,0x09,0x2c,0x11,0x18,
    0x7c,0x01,0x33,0x12,0x12,0x16,0x39,0x02,0x34,0x14,0x14,0x10,0xbc,0x00,0x19,0xf4,
    0xe4,0x02,0x02,0xa7,0x03,0x02,0xbb,0x00,0x0f,0xaf,0x1c,0x6e,0x72,0xbe,0x16,0x14,
    0x14,0x14,0x18,0x16,0xd9,0x29,0x05,0x7e,0x01,0x01,0xbb,0x00,0x02,0xac,0x03,0x5a,
    0xf4,0x33,0x33,0x33,0x38,0xb3,0x00,0x04,0xbb,0x00,0x2f,0x33,0x35,0xcf,0x16,0x6a,
    0x61,0xeb,0x30,0x16,0x16,0x16,0x1a,0x3a,0x2e,0x41,0x12,0x12,0x16,0x16,0xb6,0x03,
    0x05,0x08,0x00,0x67,0xf4,0x38,0x00,0x00,0x3f,0xf4,0x31,0x02,0x03,0x4b,0x0a,0x05,
    0x16,0x0b,0x22,0x38,0x66,0xbc,0x01,0x0f,0x02,0x00,0x63,0x61,0x84,0x16,0x16,0x16,
    0x1a,0x18,0xc8,0x2c,0x3a,0x14,0x18,0x18,0xbb,0x00,0x31,0x14,0xf4,0x3f,0xbc,0x00,
    0x05,0xec,0x02,0x03,0xbb,0x00,0x04,0xdd,0x08,0x2f,0x35,0x38,0xf8,0x26,0x6a,0x11,
    0xd7,0xbb,0x00,0x21,0x16,0x16,0x39,0x02,0x12,0x18,0xce,0x2c,0x04,0x7e,0x01,0x22,
    0x14,0x18,0xbc,0x00,0x04,0x66,0x01,0x04,0x08,0x00,0x08,0xbb,0x00,0x0f,0xd0,0x42,
    0x61,0x03,0x02,0x00,0x62,0xeb,0x30,0x16,0x16,0x1b,0x1a,0xe6,0x31,0x13,0x18,0x7e,
    0x01,0x14,0x16,0x7e,0x01,0x23,0x18,0x12,0xbc,0x00,0x03,0x25,0x05,0x04,0x76,0x01,
    0x12,0x38,0x10,0x00,0x03,0x08,0x00,0x0f,0x50,0x0a,0x66,0x52,0x77,0x18,0x18,0x1b,
    0x1b,0xbb,0x00,0x12,0x1a,0xf5,0x02,0x24,0x14,0x16,0xc3,0x00,0x24,0x1a,0x14,0x34,
    0x02,0x01,0xac,0x00,0x09,0x6e,0x01,0x06,0xbb,0x00,0x2f,0x33,0x34,0x42,0x0d,0x64,
    0x46,0xa7,0x18,0x18,0x1d,0xbb,0x00,0x01,0x3a,0x02,0x22,0x18,0x1a,0xfc,0x02,0x33,
    0x16,0x1a,0x14,0xbc,0x00,0x11,0xff,0xab,0x00,0x12,0x36,0x66,0x01,0x31,0x33,0x36,
    0x3a,0x0f,0x00,0x23,0x33,0x34,0x10,0x00,0x2f,0x34,0x3a,0xc3,0x19,0x63,0x52,0xd7,
    0x24,0x18,0x1e,0x1e,0xc3,0x37,0x13,0x1a,0xc3,0x00,0x21,0x18,0x1b,0x73,0x04,0x21,
    0x14,0x16,0x08,0x00,0x01,0x34,0x02,0x01,0xbc,0x00,0x04,0xb3,0x00,0x04,0x08,0x00,
    0x14,0x34,0xc3,0x00,0x2f,0x3a,0x34,0xf3,0x02,0x62,0x31,0xeb,0x49,0x1a,0xbb,0x00,
    0x52,0x18,0x18,0x18,0x1a,0x1e,0x39,0x02,0x22,0x18,0x1d,0x08,0x00,0x02,0xbb,0x00,
    0x24,0x14,0xff,0xbc,0x00,0x04,0xb3,0x00,0x04,0x08,0x00,0x22,0x35,0x3a,0xe5,0x08,
    0x02,0x08,0x00,0x1f,0x4d,0x93,0x43,0x5f,0x42,0x49,0x1b,0x1e,0x1e,0xfc,0x39,0x21,
    0x1b,0x1e,0xde,0x34,0x24,0x16,0x1a,0xbb,0x00,0x03,0x08,0x00,0x04,0xbc,0x00,0x19,
    0x36,0xab,0x00,0x42,0x33,0x33,0x35,0x3a,0xac,0x06,0x13,0x34,0x08,0x00,0x0f,0xb3,
    0x48,0x5c,0x71,0xff,0xff,0x77,0x1b,0x1e,0x20,0x1b,0xe3,0x3c,0x22,0x1b,0x20,0x43,
    0x39,0x14,0x18,0x7e,0x01,0x03,0xcb,0x00,0x13,0x18,0xbc,0x00,0x0f,0xbb,0x00,0x0d,
    0x2f,0x34,0x3a,0xb0,0x03,0x5c,0x41,0xa7,0x1d,0x20,0x22,0xec,0x3c,0x32,0x1a,0x1d,
    0x20,0x2c,0x3c,0x14,0x1a,0xb3,0x00,0x03,0x08,0x00,0x22,0x16,0x1d,0xbc,0x00,0x02,
    0x19,0x02,0x06,0x6e,0x01,0x06,0x76,0x01,0x02,0x36,0x05,0x3f,0x34,0x3a,0x36,0xcc,
    0x24,0x5b,0x41,0xa7,0x1d,0x20,0x24,0xfc,0x41,0x32,0x1b,0x1e,0x22,0xef,0x3c,0x32,
    0x1a,0x20,0x1a,0x09,0x3a,0x12,0x20,0x41,0x02,0x23,0x16,0x1e,0x78,0x01,0x05,0x31,
    0x02,0x0a,0x29,0x02,0x08,0xbb,0x00,0x0f,0x6c,0x12,0x5a,0x51,0xa7,0x1e,0x22,0x24,
    0x1e,0xdc,0x3f,0x23,0x1d,0x22,0x39,0x02,0x12,0x22,0x3c,0x3c,0x21,0x1a,0x20,0x2e,
    0x05,0x52,0x16,0x18,0x1e,0x1b,0x16,0x78,0x01,0x03,0x97,0x03,0x1f,0x3d,0xbb,0x00,
    0x03,0x13,0x33,0x7e,0x01,0x0f,0x37,0x02,0x56,0x41,0xa7,0x1e,0x22,0x27,0x3b,0x44,
    0x41,0x1d,0x1e,0x24,0x1b,0x3a,0x02,0x04,0xbb,0x00,0x13,0x18,0x41,0x02,0x43,0x18,
    0x20,0x1b,0x18,0x78,0x01,0x01,0xd1,0x05,0x06,0xbb,0x00,0x02,0xab,0x00,0x04,0x08,
    0x00,0x04,0xbb,0x00,0x1f,0x33,0xf4,0x02,0x55,0x42,0xa7,0x20,0x22,0x28,0xf9,0x44,
    0x31,0x1e,0x26,0x1e,0x9d,0x40,0x22,0x1d,0x24,0x7e,0x01,0x15,0x1a,0xc3,0x00,0x28,
    0x1b,0x18,0xbc,0x00,0x04,0x52,0x04,0x04,0xb3,0x00,0x04,0x08,0x00,0x23,0x33,0x3a,
    0xe9,0x05,0x2f,0x3a,0x3a,0xf4,0x02,0x53,0x43,0xa7,0x20,0x22,0x28,0x98,0x48,0x13,
    0x27,0x39,0x02,0x21,0x24,0x1d,0xbc,0x00,0x31,0x1b,0x22,0x1e,0xb8,0x03,0x48,0x1a,
    0x22,0x1d,0x18,0xbc,0x00,0x0c,0xbb,0x00,0x06,0x6e,0x01,0x06,0xbb,0x00,0x3f,0x33,
    0x33,0x66,0xc4,0x3d,0x4f,0x51,0x77,0x20,0x22,0x29,0x20,0xbc,0x00,0x41,0x20,0x28,
    0x20,0x1d,0x01,0x00,0x12,0x24,0x7e,0x01,0x32,0x1b,0x24,0x1e,0x1c,0x42,0x12,0x22,
    0x08,0x00,0x02,0xf0,0x02,0x06,0x66,0x01,0x06,0x6e,0x01,0x02,0x39,0x02,0x05,0xbb,
    0x00,0x03,0xb4,0x06,0x1f,0x59,0xe0,0x4d,0x4c,0xc1,0xed,0x77,0x22,0x24,0x2a,0x22,
    0x20,0x20,0x20,0x20,0x1e,0x20,0x7e,0x01,0x06,0x39,0x02,0x32,0x1b,0x24,0x20,0xd9,
    0x42,0x03,0xbb,0x00,0x04,0xbc,0x00,0x0f,0xb3,0x00,0x06,0x04,0x31,0x02,0x03,0xbb,
    0x00,0x3f,0x33,0x36,0x43,0xba,0x53,0x4a,0x62,0xed,0x59,0x22,0x24,0x2c,0x24,0x66,
    0x49,0x11,0x2a,0x7d,0x01,0xc1,0x1e,0x1e,0x27,0x22,0x1d,0x1d,0x1d,0x1d,0x1b,0x1d,
    0x26,0x20,0xfc,0x02,0x33,0x1b,0x22,0x22,0x08,0x00,0x02,0xbc,0x00,0x24,0x34,0x3d,
    0x66,0x01,0x04,0x08,0x00,0x08,0x29,0x02,0x52,0x33,0x33,0x33,0x36,0x3d,0x8b,0x04,
    0x3f,0x36,0x3d,0x34,0xed,0x55,0x49,0x62,0xc5,0x30,0x24,0x24,0x2c,0x24,0xc5,0x4d,
    0x22,0x29,0x22,0xbc,0x00,0x22,0x28,0x22,0x73,0x04,0x1c,0x24,0xbb,0x00,0x03,0xbc,
    0x00,0x05,0xbb,0x00,0x0c,0xb3,0x00,0x03,0x10,0x00,0x08,0xbb,0x00,0x0f,0x65,0x57,
    0x48,0x62,0x96,0x24,0x24,0x26,0x2d,0x24,0x12,0x4d,0x11,0x2a,0x7e,0x01,0x42,0x1e,
    0x20,0x2a,0x22,0x73,0x04,0x11,0x24,0x7e,0x01,0x31,0x1d,0x1d,0x24,0x36,0x05,0x52,
    0x1b,0x1b,0x20,0x24,0x1b,0xbc,0x00,0x0f,0x6e,0x01,0x06,0x01,0x75,0x01,0x05,0x76,
    0x01,0x13,0x35,0x7e,0x01,0x0f,0xf2,0x55,0x43,0x81,0xed,0x59,0x26,0x24,0x26,0x2f,
    0x26,0x24,0xbd,0x00,0x23,0x2c,0x26,0x39,0x02,0x11,0x24,0xb4,0x48,0x31,0x1e,0x26,
    0x24,0xb6,0x03,0x23,0x1d,0x24,0x08,0x00,0x33,0x20,0x24,0x1d,0x14,0x08,0x02,0xa3,
    0x00,0x04,0xdc,0x02,0x04,0x08,0x00,0x13,0x38,0xab,0x00,0x04,0x08,0x00,0x04,0x01,
    0x06,0x3f,0x35,0x3d,0x35,0x38,0x02,0x40,0x71,0xc5,0x31,0x26,0x26,0x26,0x2f,0x27,
    0x01,0x50,0x33,0x24,0x2c,0x27,0x39,0x02,0x12,0x24,0x73,0x04,0x21,0x27,0x26,0xc3,
    0x00,0x05,0xbb,0x00,0x39,0x22,0x28,0x1e,0xbc,0x00,0x05,0xb3,0x00,0x03,0x29,0x02,
    0x04,0xb3,0x00,0x04,0x31,0x02,0x07,0xbb,0x00,0x0f,0x58,0x5a,0x3f,0x91,0xed,0x59,
    0x27,0x27,0x27,0x27,0x31,0x2a,0x26,0x7a,0x51,0x21,0x2d,0x28,0x39,0x02,0x22,0x20,
    0x29,0x7e,0x01,0x31,0x1e,0x27,0x27,0xbb,0x00,0x23,0x1e,0x24,0xc3,0x00,0x01,0xbb,
    0x00,0x07,0x78,0x01,0x05,0xbb,0x00,0x12,0x3d,0x86,0x01,0x04,0xbb,0x00,0x04,0x29,
    0x02,0x04,0xbb,0x00,0x13,0x34,0x7f,0x07,0x1f,0x7c,0x8b,0x5c,0x39,0x82,0x96,0x3d,
    0x28,0x28,0x27,0x28,0x31,0x2a,0xf1,0x52,0x21,0x2f,0x29,0x38,0x02,0x33,0x22,0x2a,
    0x2a,0x39,0x02,0x01,0x2e,0x05,0x33,0x1e,0x1e,0x24,0xc3,0x00,0x21,0x22,0x2a,0xcb,
    0x00,0x02,0xf0,0x02,0x07,0xc8,0x05,0x04,0xb3,0x00,0x04,0x08,0x00,0x04,0xb3,0x00,
    0x04,0x08,0x00,0x04,0xbb,0x00,0x3f,0x34,0x3d,0x43,0x39,0x02,0x36,0xa1,0xc5,0x3d,
    0x29,0x29,0x29,0x28,0x29,0x31,0x2c,0x27,0x6a,0x54,0x21,0x2f,0x2a,0x39,0x02,0x31,
    0x22,0x2a,0x2a,0x0c,0x50,0x31,0x20,0x2a,0x29,0xc3,0x00,0x23,0x1e,0x24,0x36,0x05,
    0x12,0x24,0xbb,0x00,0x05,0xbc,0x00,0x0f,0x29,0x02,0x05,0x22,0x36,0x40,0xa0,0x09,
    0x04,0x08,0x00,0x22,0x34,0x3d,0xc6,0x0e,0x01,0x08,0x00,0x23,0x4d,0xb5,0x8d,0x10,
    0x0f,0x02,0x00,0x2a,0xb1,0xc5,0x59,0x2a,0x2a,0x2a,0x29,0x29,0x2a,0x31,0x2d,0x28,
    0xe2,0x55,0x02,0xbb,0x00,0x41,0x24,0x24,0x2c,0x2c,0x39,0x02,0x23,0x22,0x27,0x7e,
    0x01,0x22,0x26,0x2c,0xa1,0x4e,0x04,0xc3,0x00,0x03,0x24,0x05,0x0d,0x29,0x02,0x04,
    0xe4,0x02,0x22,0x36,0x40,0x83,0x04,0x04,0x01,0x06,0x01,0xb3,0x00,0x07,0x08,0x00,
    0x0f,0xbe,0x00,0x2f,0x23,0xc5,0x59,0x00,0x5b,0xa2,0x35,0x2d,0x28,0x28,0x28,0x27,
    0x27,0x27,0x2f,0x2f,0x39,0x02,0x22,0x2c,0x2c,0x39,0x02,0x31,0x28,0x2c,0x22,0x68,
    0x07,0x01,0xbb,0x00,0x43,0x20,0x20,0x20,0x22,0xcb,0x00,0x22,0x22,0x2c,0x78,0x01,
    0x0c,0x52,0x04,0x04,0xb3,0x00,0x04,0x08,0x00,0x0c,0xbb,0x00,0x13,0x33,0x7e,0x01,
    0x3f,0x33,0x3d,0x3d,0xbe,0x00,0x2b,0x31,0xc5,0x6b,0x31,0x79,0x5c,0x51,0x2a,0x2a,
    0x35,0x2f,0x29,0xd2,0x58,0x21,0x31,0x31,0x39,0x02,0x31,0x24,0x2c,0x2d,0xb6,0x03,
    0x33,0x22,0x29,0x2f,0x7e,0x01,0x11,0x2c,0xc2,0x00,0x31,0x20,0x22,0x2c,0xc2,0x00,
    0x33,0x20,0x22,0x2c,0x78,0x01,0x03,0xbb,0x00,0x0c,0x6e,0x01,0x06,0xbb,0x00,0x07,
    0x29,0x02,0x53,0x33,0x33,0x33,0x33,0x3d,0x62,0x02,0x7f,0x3d,0x3d,0x33,0x33,0x33,
    0x40,0x8c,0x9e,0x64,0x24,0x53,0xed,0x96,0x4d,0x38,0x33,0xf1,0x5d,0xa1,0x35,0x31,
    0x2a,0x2a,0x29,0x29,0x29,0x28,0x31,0x31,0x38,0x02,0x22,0x26,0x2a,0xbb,0x00,0x32,
    0x24,0x29,0x31,0x7e,0x01,0x22,0x27,0x2f,0xfc,0x02,0x21,0x24,0x31,0xb4,0x06,0x52,
    0x20,0x24,0x31,0x24,0x20,0x78,0x01,0x06,0xf1,0x07,0x0a,0xb3,0x00,0x04,0x31,0x02,
    0x02,0xbb,0x00,0x07,0x6e,0x01,0x03,0xc3,0x00,0x03,0x08,0x00,0x1f,0x38,0x16,0x66,
    0x21,0x81,0xbb,0x7c,0x30,0x2f,0x38,0x38,0x2f,0x2f,0xbd,0x00,0x31,0x35,0x35,0x2a,
    0xf5,0x02,0x21,0x31,0x31,0x38,0x02,0x32,0x27,0x2c,0x31,0x39,0x02,0x31,0x2a,0x31,
    0x24,0xac,0x06,0x13,0x26,0x7e,0x01,0x31,0x24,0x31,0x24,0x7f,0x01,0x43,0x22,0x31,
    0x24,0x20,0xbc,0x00,0x01,0x83,0x00,0x04,0x66,0x01,0x04,0x08,0x00,0x14,0x34,0xec,
    0x02,0x21,0x40,0x38,0x20,0x00,0x0d,0xbb,0x00,0x14,0x3a,0xbb,0x00,0x5f,0x40,0x34,
    0x33,0x33,0x7c,0xb8,0x03,0x1a,0x92,0xbb,0x7c,0x40,0x31,0x30,0x30,0x38,0x38,0x2f,
    0x26,0x60,0xf1,0x04,0x35,0x35,0x2c,0x2c,0x2a,0x2a,0x2a,0x2a,0x31,0x31,0x29,0x29,
    0x28,0x28,0x28,0x27,0x2c,0x31,0x28,0x72,0x04,0x22,0x2a,0x31,0xf0,0x05,0x13,0x26,
    0x7e,0x01,0x13,0x24,0x08,0x00,0x11,0x22,0x3a,0x08,0x02,0x78,0x01,0x08,0x6e,0x01,
    0x15,0x35,0xb3,0x00,0x02,0x19,0x02,0x04,0x08,0x00,0x0a,0x29,0x02,0x07,0xbb,0x00,
    0x23,0x3a,0x40,0xaf,0x01,0x1f,0x6b,0xbf,0x69,0x11,0x61,0xff,0xff,0xe1,0xbb,0x6b,
    0x40,0xcf,0x63,0x31,0x3a,0x38,0x30,0x9e,0x61,0x32,0x2d,0x38,0x38,0xf5,0x02,0x21,
    0x31,0x35,0x38,0x02,0x32,0x28,0x2d,0x35,0x72,0x04,0x31,0x2a,0x31,0x26,0xbc,0x00,
    0x31,0x27,0x31,0x27,0x7f,0x01,0x31,0x26,0x31,0x26,0xfd,0x02,0x48,0x24,0x2f,0x27,
    0x22,0xbc,0x00,0x05,0x6e,0x01,0x03,0x98,0x09,0x0f,0xb3,0x00,0x06,0x04,0x31,0x02,
    0x13,0x3a,0x47,0x67,0x05,0xbb,0x00,0x2f,0x3d,0x34,0x37,0x6b,0x0c,0x71,0xff,0xff,
    0xff,0xcc,0x96,0x6b,0x4d,0x41,0x00,0x53,0x31,0x31,0x31,0x3a,0x3a,0x16,0x63,0x22,
    0x38,0x38,0x59,0x62,0x13,0x31,0x39,0x02,0x31,0x2f,0x35,0x29,0x3a,0x02,0x13,0x2a,
    0xb7,0x03,0x31,0x28,0x31,0x28,0xb8,0x03,0x31,0x24,0x31,0x27,0x41,0x02,0x31,0x24,
    0x31,0x29,0xc3,0x00,0x04,0x78,0x01,0x05,0xbb,0x00,0x0b,0x76,0x01,0x0f,0x6e,0x01,
    0x0e,0x05,0xbb,0x00,0x03,0x39,0x00,0x99,0x36,0x40,0x36,0x40,0x6b,0x7c,0x9e,0xb5,
    0xcc,0xd2,0x69,0x71,0xe1,0xcc,0xbb,0x9e,0x8c,0x6b,0x4d,0xe8,0x03,0x02,0x6a,0x02,
    0x33,0x31,0x3a,0x3a,0x8e,0x64,0x04,0xf5,0x02,0x23,0x31,0x38,0x39,0x02,0x21,0x35,
    0x2a,0x72,0x04,0x31,0x2a,0x35,0x29,0x73,0x04,0x27,0x29,0x35,0xbb,0x00,0x51,0x24,
    0x24,0x24,0x24,0x31,0xbc,0x06,0x23,0x24,0x24,0xbc,0x00,0x0f,0x29,0x02,0x07,0x02,
    0x6a,0x00,0x05,0x08,0x00,0x04,0xe4,0x02,0x06,0xb3,0x00,0x03,0x31,0x02,0x06,0xbb,
    0x00,0x01,0x51,0x02,0x04,0xb7,0x01,0x04,0x08,0x00,0x0f,0x04,0x01,0x00,0x01,0x38,
    0x02,0x33,0x30,0x30,0x35,0xf5,0x02,0x31,0x33,0x3a,0x2d,0xea,0x05,0x31,0x2d,0x38,
    0x2a,0xbc,0x5e,0x31,0x2a,0x35,0x2a,0x95,0x61,0x31,0x29,0x35,0x29,0xfc,0x02,0x14,
    0x26,0xb3,0x00,0x04,0x08,0x00,0x12,0x2f,0xbc,0x00,0x06,0x97,0x03,0x02,0xe4,0x02,
    0x14,0x33,0x08,0x00,0x0d,0xbb,0x00,0x0c,0x29,0x02,0x04,0xec,0x02,0x05,0xb3,0x00,
    0x03,0x9b,0x04,0x03,0x41,0x00,0x05,0x51,0x00,0x0f,0x49,0x00,0x00,0x01,0xbc,0x00,
    0x23,0x31,0x36,0x92,0x64,0x02,0xbb,0x00,0x42,0x2c,0x2c,0x2d,0x38,0x72,0x04,0x31,
    0x2c,0x35,0x2a,0xac,0x06,0x31,0x28,0x35,0x2a,0xbb,0x00,0x31,0x27,0x31,0x2c,0x7b,
    0x04,0x05,0xc3,0x00,0x11,0x2f,0xbc,0x00,0x23,0x7e,0xff,0x4a,0x04,0x06,0x6a,0x00,
    0x0b,0xbb,0x00,0x0c,0x6e,0x01,0x05,0x76,0x01,0x12,0x43,0xab,0x00,0x04,0x08,0x00,
    0x0c,0xbb,0x00,0x0d,0x49,0x00,0x04,0xc3,0x00,0x01,0x41,0x00,0xe2,0x31,0x31,0x31,
    0x31,0x38,0x3d,0x31,0x30,0x30,0x2f,0x2f,0x2f,0x35,0x3d,0x2d,0x05,0x31,0x2f,0x3a,
    0x2d,0xab,0x61,0x92,0x2d,0x38,0x2c,0x29,0x29,0x28,0x28,0x28,0x29,0x7e,0x01,0x41,
    0x27,0x27,0x35,0x2c,0xc3,0x00,0x11,0x26,0xc3,0x00,0xd9,0x26,0x26,0x26,0x31,0x31,
    0x26,0xff,0x7e,0x00,0x00,0x7e,0xff,0x7e,0xe8,0x01,0x05,0x21,0x02,0x05,0x6a,0x00,
    0x03,0x7e,0x01,0x01,0x72,0x00,0x01,0x93,0x04,0x03,0x29,0x02,0x03,0xb3,0x00,0x06,
    0xbb,0x00,0x02,0xf4,0x00,0x04,0x08,0x00,0x0d,0xbb,0x00,0x0c,0x04,0x01,0x32,0x31,
    0x38,0x40,0xf5,0x02,0x22,0x31,0x3d,0x2d,0x05,0x32,0x30,0x3a,0x2f,0x39,0x02,0x21,
    0x3a,0x2d,0x3a,0x02,0xc1,0x2a,0x35,0x2f,0x28,0x28,0x28,0x27,0x27,0x28,0x35,0x2d,
    0x27,0xfd,0x02,0x21,0x31,0x2d,0xba,0x00,0x52,0x26,0x31,0x31,0x26,0x7e,0xbc,0x00,
    0x01,0x81,0x17,0x0f,0x29,0x02,0x08,0x02,0xab,0x00,0x04,0x08,0x00,0x0c,0xbb,0x00,
    0x0d,0x6e,0x01,0x03,0x31,0x02,0x0e,0x04,0x01,0x0b,0x72,0x02,0x03,0x3a,0x02,0x42,
    0x30,0x30,0x33,0x3d,0x2e,0x05,0x31,0x30,0x3d,0x30,0x2e,0x05,0x21,0x2c,0x38,0x7e,
    0x01,0x41,0x29,0x2a,0x38,0x31,0xb7,0x03,0x31,0x29,0x35,0x2d,0xb8,0x61,0x14,0x27,
    0x77,0x07,0x57,0x31,0x31,0x26,0x5e,0xff,0xbc,0x00,0x09,0xe9,0x07,0x08,0xc0,0x05,
    0x13,0x43,0xbb,0x00,0x03,0x08,0x00,0x04,0x66,0x01,0x04,0x08,0x00,0x13,0x34,0x7e,
    0x01,0x22,0x34,0x43,0x76,0x01,0x0d,0x6e,0x01,0x05,0xbf,0x01,0x03,0x41,0x00,0x04,
    0x08,0x00,0x41,0x33,0x3a,0x43,0x34,0xf5,0x02,0x31,0x34,0x40,0x33,0xbc,0x00,0x31,
    0x31,0x3d,0x30,0x66,0x07,0x31,0x2d,0x3a,0x2d,0xab,0x06,0x41,0x2a,0x38,0x31,0x29,
    0xb8,0x03,0x01,0x7e,0x01,0x22,0x28,0x28,0xbb,0x00,0x03,0xc3,0x00,0x08,0xbc,0x00,
    0x04,0x62,0x00,0x04,0x08,0x00,0x05,0xe0,0x01,0x03,0x6a,0x00,0x0c,0x6e,0x01,0x1b,
    0x35,0xb3,0x00,0x06,0xbb,0x00,0x03,0x62,0x02,0x0f,0x49,0x00,0x05,0x13,0x38,0x51,
    0x00,0x32,0x33,0x36,0x43,0xf5,0x02,0x31,0x35,0x40,0x34,0xea,0x05,0x31,0x31,0x3d,
    0x31,0x23,0x08,0x31,0x2d,0x3a,0x35,0x5d,0x65,0x31,0x2c,0x38,0x31,0x29,0x08,0x22,
    0x29,0x35,0x6f,0x07,0x31,0x28,0x35,0x35,0xf4,0x63,0x63,0x28,0x2f,0x31,0x28,0x28,
    0x28,0xbc,0x00,0x26,0xfe,0xfe,0x6a,0x00,0x05,0x72,0x00,0x03,0x62,0x00,0x04,0x25,
    0x01,0x01,0x69,0x00,0x01,0x71,0x00,0x02,0x9f,0x03,0x05,0x29,0x02,0x04,0x6e,0x01,
    0x04,0x08,0x00,0x04,0x41,0x00,0x04,0x08,0x00,0x21,0x3a,0x43,0x38,0x00,0x05,0x51,
    0x00,0x04,0x04,0x01,0x02,0xbb,0x00,0x61,0x33,0x33,0x31,0x35,0x43,0x35,0xf5,0x02,
    0x01,0xbb,0x00,0x62,0x2f,0x2f,0x2f,0x2f,0x3d,0x35,0x11,0x6e,0x31,0x3a,0x31,0x2a,
    0x01,0x00,0x21,0x35,0x35,0x7e,0x01,0x31,0x29,0x35,0x35,0x41,0x02,0x21,0x28,0x2f,
    0xc3,0x00,0x31,0x5e,0xfe,0xfe,0xac,0x03,0x15,0xff,0x2d,0x01,0x0c,0x6e,0x01,0x06,
    0xbb,0x00,0x02,0xb3,0x00,0x04,0x08,0x00,0x22,0x34,0x43,0xe5,0x08,0x06,0x6e,0x01,
    0x04,0x31,0x02,0x0c,0x76,0x01,0x0d,0x04,0x01,0x02,0xcd,0x0c,0x07,0xe9,0x03,0x11,
    0x35,0x39,0x02,0x35,0x31,0x40,0x34,0xbb,0x00,0x01,0x3a,0x02,0x21,0x38,0x35,0xb7,
    0x03,0x12,0x2a,0xa8,0x09,0x33,0x2a,0x29,0x31,0xc3,0x00,0x12,0x31,0x01,0x06,0x02,
    0x78,0x01,0x35,0x81,0xff,0xff,0x25,0x01,0x04,0x4e,0x03,0x03,0x72,0x00,0x04,0x25,
    0x01,0x04,0xb3,0x00,0x0f,0x29,0x02,0x26,0x0c,0xb7,0x01,0x05,0xbb,0x00,0x41,0x35,
    0x43,0x36,0x33,0xbc,0x00,0x21,0x40,0x38,0x39,0x02,0x32,0x30,0x3d,0x35,0x73,0x04,
    0x01,0xbb,0x00,0x14,0x2c,0x63,0x0a,0x24,0x2a,0x2a,0x32,0x08,0x03,0xbb,0x00,0xab,
    0x29,0x5e,0xff,0xff,0x81,0x00,0x00,0x81,0xfe,0xff,0xb3,0x00,0x06,0x6e,0x01,0x02,
    0xa7,0x03,0x04,0xbb,0x00,0x0d,0x29,0x02,0x04,0x52,0x04,0x13,0x40,0x41,0x00,0x04,
    0x08,0x00,0x0f,0x29,0x02,0x05,0x04,0x49,0x00,0x05,0xbb,0x00,0x03,0x52,0x00,0x41,
    0x31,0x33,0x40,0x38,0x39,0x02,0x21,0x30,0x40,0x67,0x07,0x41,0x2f,0x2f,0x3a,0x3a,
    0x7d,0x01,0x12,0x2c,0xa8,0x09,0x41,0x2a,0x2a,0x31,0x3a,0x40,0x02,0x05,0x08,0x00,
    0x41,0x2d,0x6b,0xff,0xfe,0xbc,0x00,0x1a,0xfe,0x93,0x02,0x06,0xbb,0x00,0x0f,0x29,
    0x02,0x0c,0x0c,0xbb,0x00,0x05,0xa0,0x09,0x03,0xb7,0x01,0x0f,0x49,0x00,0x05,0x06,
    0xbb,0x00,0x06,0x7b,0x02,0x01,0x7d,0x01,0x23,0x30,0x3d,0x5c,0x0a,0x21,0x3a,0x3a,
    0xfc,0x6b,0x22,0x2d,0x35,0x63,0x0a,0x33,0x2c,0x35,0x3a,0xed,0x08,0x12,0x3a,0x82,
    0x04,0x43,0x2d,0x3d,0x5e,0xfe,0xbc,0x00,0x01,0x80,0x75,0x05,0x6a,0x00,0x04,0xe9,
    0x07,0x05,0x4a,0x04,0x02,0xc3,0x00,0x04,0xdc,0x02,0x04,0x08,0x00,0x23,0x33,0x40,
    0xdc,0x02,0x05,0x6e,0x01,0x03,0x7e,0x01,0x05,0x49,0x00,0x03,0xc3,0x00,0x0c,0x04,
    0x01,0x0f,0x7b,0x02,0x02,0x01,0xbc,0x00,0x31,0x3d,0x3a,0x30,0x3a,0x02,0x21,0x3d,
    0x3a,0xfc,0x02,0x23,0x2d,0x35,0x7e,0x01,0x22,0x35,0x3d,0xbf,0x03,0x21,0x2f,0x3a,
    0x48,0x02,0x51,0x2a,0x2f,0x3d,0x2f,0xbd,0xbc,0x00,0x65,0x50,0xfe,0xfe,0xfe,0xd8,
    0x40,0x2d,0x01,0x0d,0x29,0x02,0x05,0xc3,0x00,0x03,0x8f,0x03,0x0c,0x6e,0x01,0x05,
    0xbb,0x00,0x03,0xab,0x00,0x0f,0xbb,0x00,0x05,0x04,0x04,0x01,0x0e,0x52,0x00,0x01,
    0xa4,0x04,0x61,0x31,0x31,0x31,0x3d,0x3d,0x31,0x3a,0x02,0x13,0x3d,0xe5,0x08,0x02,
    0x2a,0x08,0x25,0x2d,0x2d,0xbb,0x00,0x04,0xc3,0x00,0xf3,0x01,0x3d,0x3a,0xd8,0xfe,
    0xfe,0xfe,0x50,0x00,0x00,0x00,0x5d,0xfe,0xfe,0xfe,0xfe,0x5d,0x7a,0x00,0x0c,0x25,
    0x01,0x04,0xb3,0x00,0x04,0x08,0x00,0x05,0x7f,0x07,0x04,0xb3,0x00,0x1b,0x3d,0x6e,
    0x01,0x06,0xbb,0x00,0x02,0xaf,0x01,0x04,0x08,0x00,0x07,0xbb,0x00,0x0b,0xa4,0x04,
    0x06,0x0d,0x01,0x01,0x7d,0x01,0x31,0x31,0x38,0x3d,0xe4,0x08,0x33,0x2f,0x35,0x40,
    0x7e,0x01,0x11,0x3d,0x6a,0x70,0x41,0x2d,0x30,0x40,0x2f,0x77,0x01,0x22,0x2f,0x3d,
    0xb2,0x00,0x01,0x1a,0x7c,0x01,0xac,0x82,0x23,0xab,0x9b,0x01,0x00,0x01,0x8c,0x00,
    0x04,0x6a,0x00,0x05,0xb3,0x00,0x01,0x1c,0x01,0x07,0xb3,0x00,0x04,0xbb,0x00,0x0c,
    0xe4,0x02,0x0c,0xb7,0x01,0x06,0xbb,0x00,0x03,0xb7,0x01,0x05,0x09,0x00,0x0f,0x52,
    0x00,0x00,0x01,0xbc,0x00,0x01,0xa0,0x09,0x51,0x30,0x30,0x30,0x38,0x40,0x6e,0x07,
    0x32,0x2f,0x31,0x40,0x7a,0x04,0x23,0x30,0x5e,0xa1,0x00,0x71,0x9b,0xab,0xfe,0xfe,
    0xfe,0xfe,0x31,0xbb,0x00,0x52,0x00,0x00,0x10,0xd9,0xfe,0x01,0x00,0x7f,0xff,0xff,
    0xff,0xff,0xf2,0x9b,0x9a,0x01,0x00,0x6c,0x11,0x97,0x01,0x00,0x05,0x08,0x00,0x01,
    0x0e,0x00,0x53,0x97,0x97,0x9b,0xf2,0xff,0x40,0x86,0x53,0xfe,0xfe,0xfe,0xd9,0x10,
    0xbb,0x00,0xf1,0x02,0x00,0x00,0x10,0x8d,0xbf,0xbf,0xbf,0xbf,0xbf,0xbd,0xbd,0xbd,
    0xbe,0xbe,0xbe,0xbe,0xbd,0x0d,0x00,0x0f,0x02,0x00,0x7c,0x02,0x9a,0x00,0xd0,0xbd,
    0xbd,0xbd,0xbf,0xbf,0xbf,0xbf,0x8d,0x10,0x00,0x00,0x00,0x00,

};

const lv_image_dsc_t dntuoshui_set = {
  .header = {
    .magic = LV_IMAGE_HEADER_MAGIC,
    .cf = LV_COLOR_FORMAT_RGB565A8,
    .flags = 0 | LV_IMAGE_FLAGS_COMPRESSED,
    .w = 188,
    .h = 186,
    .stride = 376,
    .reserved_2 = 0,
  },
  .data_size = sizeof(dntuoshui_set_map),
  .data = dntuoshui_set_map,
  .reserved = NULL,
};

