
#if defined(LV_LVGL_H_INCLUDE_SIMPLE)
#include "lvgl.h"
#elif defined(LV_LVGL_H_INCLUDE_SYSTEM)
#include <lvgl.h>
#elif defined(LV_BUILD_TEST)
#include "../lvgl.h"
#else
#include "lvgl/lvgl.h"
#endif

#ifndef LV_ATTRIBUTE_MEM_ALIGN
#define LV_ATTRIBUTE_MEM_ALIGN
#endif

#ifndef LV_ATTRIBUTE_KUAIXI_SET
#define LV_ATTRIBUTE_KUAIXI_SET
#endif

static const
LV_ATTRIBUTE_MEM_ALIGN LV_ATTRIBUTE_LARGE_CONST LV_ATTRIBUTE_KUAIXI_SET
uint8_t kuaixi_set_map[] = {

    0x02,0x00,0x00,0x00,0x50,0x4a,0x00,0x00,0xc8,0x99,0x01,0x00,0x57,0x4e,0x4b,0x64,
    0xfd,0xe5,0x02,0x00,0x4f,0x64,0xfd,0x4e,0x4b,0x02,0x00,0xff,0x54,0x37,0xe5,0xfd,
    0xe6,0x02,0x00,0x1f,0xe5,0x78,0x01,0x06,0x42,0x3f,0x03,0x3f,0x0e,0x02,0x00,0xff,
    0x05,0xdf,0x0d,0xdf,0x0d,0xdf,0x0d,0x9f,0x15,0x9f,0x15,0x9f,0x15,0x7f,0x15,0x7f,
    0x15,0x3f,0x24,0x3f,0x2c,0x02,0x00,0xff,0x15,0x34,0x04,0x3f,0x03,0xd6,0x02,0x73,
    0xe5,0xfd,0xe6,0xfd,0x43,0xfd,0xc5,0x02,0x00,0x0f,0xf0,0x02,0x05,0x2f,0xff,0x25,
    0x74,0x01,0x03,0x6f,0x7f,0x15,0x9f,0x1c,0xbf,0x14,0x02,0x00,0xff,0x16,0xff,0x02,
    0x9f,0x1c,0x9f,0x1c,0x3f,0x2c,0x9f,0x02,0x4e,0x4b,0x4e,0x4b,0xc5,0xfd,0xe6,0xfd,
    0xc5,0xe6,0x02,0x06,0x02,0x02,0x00,0x22,0xff,0x25,0xe4,0x02,0x31,0xdf,0x0d,0x7f,
    0xe2,0x02,0x04,0x02,0x00,0x4f,0x1f,0x15,0x1f,0x05,0x02,0x00,0xff,0x1c,0x15,0xff,
    0x7a,0x01,0x3f,0xc5,0xfd,0x84,0x78,0x01,0x0c,0x26,0xbf,0x1c,0x76,0x01,0x2f,0xff,
    0x1c,0x68,0x01,0xff,0x1c,0x0f,0x02,0x00,0x01,0x42,0x9f,0x1c,0xbf,0x03,0x78,0x01,
    0x9f,0x43,0xfd,0x84,0xfd,0x84,0xfd,0x23,0xfd,0x43,0xf8,0x02,0x00,0x04,0x76,0x01,
    0x3f,0x9f,0x15,0x3f,0xde,0x02,0xff,0x1f,0x0f,0x02,0x00,0x03,0xd1,0xbf,0x14,0x3f,
    0x24,0x4e,0x4b,0x43,0xfd,0x84,0xfd,0x43,0xfd,0x23,0x7a,0x01,0x1d,0x84,0x7a,0x01,
    0x15,0xbf,0x42,0x07,0x0f,0x76,0x01,0xff,0x36,0xa2,0x1f,0x05,0xff,0x1c,0x1f,0x2c,
    0x4e,0x4b,0x4e,0x4b,0xc4,0x08,0x31,0x64,0xfd,0x43,0xf4,0x02,0x02,0xd2,0x05,0x75,
    0x4e,0x4b,0x4e,0x4b,0x3f,0x03,0xbf,0xb6,0x08,0x0f,0x76,0x01,0xff,0x38,0x06,0x78,
    0x01,0x04,0x02,0x00,0x0a,0x78,0x01,0x36,0x3f,0x03,0x7f,0x2a,0x0a,0x0f,0x62,0x04,
    0xff,0x35,0x02,0x02,0x00,0x04,0xf0,0x02,0x04,0x02,0x00,0x44,0x43,0xfd,0xe2,0xfc,
    0xf0,0x02,0x24,0x1f,0x04,0xb4,0x08,0x3f,0x7f,0x15,0xbf,0x4c,0x07,0xff,0x31,0x08,
    0x02,0x00,0xa4,0xff,0x1c,0x1f,0x2c,0x64,0xfd,0x43,0xfd,0xe3,0xfc,0x76,0x01,0x22,
    0xe2,0xfc,0x5a,0x07,0x11,0xff,0x76,0x01,0x7f,0x3f,0x15,0x3f,0x15,0x7f,0x15,0x9f,
    0x76,0x01,0xff,0x3d,0x02,0x78,0x01,0x22,0xe2,0xfc,0x6e,0x01,0x22,0x23,0xfd,0x08,
    0x00,0x62,0x64,0xfd,0x4e,0x4b,0xff,0x1c,0x74,0x01,0x2f,0x3f,0x15,0x38,0x0a,0xff,
    0x34,0x0c,0x02,0x00,0x02,0x68,0x04,0x13,0xe5,0x74,0x01,0xff,0x03,0xe2,0xfc,0x23,
    0xfd,0x64,0xfd,0x4e,0x4b,0xbf,0x1c,0x3f,0x15,0x3f,0x15,0x3f,0x15,0xff,0x1c,0x4c,
    0x07,0xff,0x3a,0x08,0x02,0x00,0x02,0x78,0x01,0x0a,0x02,0x00,0x04,0x74,0x01,0x0f,
    0x76,0x01,0xff,0x48,0x0f,0x78,0x01,0x01,0x11,0x1f,0xe8,0x02,0x0f,0x76,0x01,0xff,
    0x38,0x2f,0xff,0x04,0x02,0x00,0x02,0x03,0xc0,0x0b,0x02,0x02,0x00,0x24,0x3f,0x03,
    0x74,0x01,0x1f,0xbf,0x62,0x04,0xff,0x29,0x0f,0x68,0x01,0x02,0x0c,0x02,0x00,0x07,
    0x78,0x01,0x31,0x3f,0x03,0x7f,0x76,0x01,0x4f,0xbf,0x1c,0xbf,0x1c,0x38,0x0a,0xff,
    0x20,0x0f,0x6e,0x01,0x12,0x06,0x02,0x00,0x05,0x78,0x01,0x31,0xdf,0x04,0x7f,0x70,
    0x01,0x3f,0xbf,0x1c,0x7f,0x76,0x01,0xff,0x1b,0x0f,0x70,0x01,0x1c,0x01,0x02,0x00,
    0x17,0xdf,0x78,0x01,0x02,0xe6,0x02,0x4f,0xbf,0x1c,0x7f,0x1c,0x70,0x14,0xff,0x16,
    0x0f,0x72,0x01,0x0b,0x1f,0xdf,0x02,0x00,0x0a,0x06,0xd0,0x08,0x8f,0xbf,0x1c,0xbf,
    0x1c,0x5f,0x24,0xff,0x23,0x76,0x01,0x87,0xcf,0xbd,0x44,0x5d,0x55,0x1c,0x6d,0x1c,
    0x6d,0x1b,0x75,0x7b,0x7d,0x02,0x00,0x03,0xa8,0xdc,0x75,0xdc,0x75,0x1c,0x76,0x5d,
    0x55,0xdd,0x5d,0xb4,0x09,0x0f,0x02,0x00,0x3f,0x0f,0x72,0x01,0x07,0x0f,0x6c,0x01,
    0x09,0x08,0x02,0x00,0x06,0x78,0x01,0x8f,0x5f,0x24,0x5f,0x24,0x5f,0x24,0x3f,0x24,
    0xa6,0x00,0x3f,0x0f,0x02,0x00,0x29,0x61,0xff,0x1c,0x5d,0x55,0x1c,0x6d,0x66,0x01,
    0x18,0x85,0x02,0x00,0x17,0x9b,0x02,0x00,0x19,0xbb,0x02,0x00,0x22,0xdb,0x8d,0x02,
    0x00,0x8f,0x3c,0x86,0xfc,0x7d,0xdc,0x75,0x5d,0x55,0x48,0x02,0x3b,0x0f,0x72,0x01,
    0x05,0x08,0x54,0x01,0x0f,0x02,0x00,0x11,0x0a,0x78,0x01,0x2f,0xff,0x23,0x78,0x01,
    0x75,0xa4,0xff,0x1c,0x5d,0x55,0x1b,0x75,0x7b,0x7d,0x5b,0x85,0x02,0x00,0x08,0x76,
    0x01,0x0f,0x78,0x01,0x11,0x51,0xdb,0x8d,0xdb,0x8d,0xfb,0x02,0x00,0x6f,0x3c,0x86,
    0x1c,0x7e,0xdd,0x65,0x80,0x01,0x2f,0x0f,0x74,0x01,0x01,0x0f,0x64,0x01,0x11,0x0f,
    0x02,0x00,0x01,0x22,0x3f,0x24,0x08,0x16,0x6f,0x4e,0x4b,0xff,0x23,0xff,0x23,0x78,
    0x01,0x71,0x75,0xdd,0x34,0x1c,0x6d,0x7b,0x7d,0x1b,0x70,0x01,0x04,0x02,0x00,0x19,
    0x7b,0x7c,0x01,0x06,0xee,0x02,0x0f,0xf0,0x02,0x05,0x06,0x78,0x01,0xef,0xfb,0x8d,
    0x1b,0x8e,0x1b,0x8e,0x1b,0x8e,0x3c,0x86,0x1c,0x76,0xdd,0x34,0x7e,0x03,0x23,0x0e,
    0x74,0x01,0x0f,0x4e,0x01,0x01,0x0f,0x02,0x00,0x17,0x0a,0x78,0x01,0x1f,0xbf,0xf0,
    0x02,0x6a,0x82,0xff,0x1c,0x9c,0x64,0xdb,0x7c,0x1b,0x85,0x02,0x00,0x04,0x70,0x01,
    0x11,0x5b,0x70,0x01,0x08,0x74,0x01,0x0f,0xf0,0x02,0x07,0x28,0xdb,0x8d,0x6a,0x04,
    0x04,0xf0,0x02,0x04,0x78,0x01,0x02,0x02,0x00,0x4f,0x3c,0x86,0x1c,0x76,0xfc,0x02,
    0x1b,0x0c,0x74,0x01,0x0f,0x5e,0x01,0x17,0x5f,0xdf,0x04,0xdf,0x04,0xbf,0x02,0x00,
    0x02,0x06,0x78,0x01,0x3f,0xbf,0x23,0xbf,0x78,0x01,0x68,0x42,0x5d,0x55,0x1b,0x75,
    0x70,0x01,0x04,0x02,0x00,0x02,0x72,0x01,0x06,0x02,0x00,0x02,0x70,0x01,0x04,0x02,
    0x00,0x0f,0xf0,0x02,0x21,0x02,0x02,0x00,0xaf,0x3b,0x8e,0x3b,0x8e,0x3b,0x8e,0xfc,
    0x7d,0x5d,0x55,0xfa,0x02,0x11,0x0f,0x74,0x01,0x21,0x0f,0x6a,0x01,0x03,0x0a,0x02,
    0x00,0x0f,0x78,0x01,0x71,0x44,0x9c,0x64,0xfb,0x84,0x6e,0x01,0x06,0x02,0x00,0x06,
    0x72,0x01,0x02,0x02,0x00,0xf7,0x00,0x57,0x74,0x34,0x64,0xce,0x42,0x11,0x53,0x88,
    0x29,0x66,0x21,0xa3,0x10,0x00,0x01,0x00,0x13,0x83,0x0e,0x00,0xef,0x41,0x08,0x66,
    0x21,0x66,0x21,0xce,0x42,0xce,0x42,0x34,0x64,0x59,0x7d,0xf0,0x02,0x05,0x02,0x78,
    0x01,0x8f,0x3b,0x8e,0x3b,0x8e,0x3c,0x86,0x3c,0x6e,0xfa,0x02,0x09,0x0f,0x74,0x01,
    0x1d,0x0a,0x5a,0x01,0x0f,0x02,0x00,0x0b,0x0f,0x78,0x01,0x6b,0x6f,0xff,0x1c,0x1c,
    0x6d,0xfb,0x84,0x76,0x01,0x01,0x04,0x78,0x01,0xa4,0xfb,0x84,0x93,0x5b,0xce,0x42,
    0x46,0x21,0x41,0x08,0x69,0x01,0x17,0x06,0x0c,0x00,0x02,0x02,0x00,0x42,0x83,0x10,
    0x48,0x29,0x0a,0x00,0x04,0x02,0x00,0xea,0x06,0x21,0x06,0x21,0x00,0x00,0x66,0x21,
    0x8c,0x3a,0x32,0x5c,0x9b,0x85,0x68,0x04,0x02,0x74,0x01,0x02,0x02,0x00,0x6f,0x5b,
    0x8e,0x5c,0x8e,0xdc,0x75,0x7c,0x01,0x01,0x0f,0x74,0x01,0x19,0x0f,0x62,0x01,0x0b,
    0x0f,0x02,0x00,0x03,0x0f,0x78,0x01,0x69,0x02,0x74,0x01,0x0f,0x78,0x01,0x05,0x68,
    0x34,0x64,0x93,0x5b,0xe5,0x18,0xd0,0x02,0x0f,0x02,0x00,0x19,0x06,0xa8,0x01,0x82,
    0x00,0x00,0x05,0x19,0x8c,0x3a,0x32,0x5c,0x66,0x04,0x0c,0x78,0x01,0x1f,0x5b,0x7c,
    0x01,0x02,0x0a,0x76,0x01,0x02,0xa8,0x05,0x0f,0x02,0x00,0x01,0x0f,0x54,0x01,0x03,
    0x0f,0x02,0x00,0x11,0x0f,0x78,0x01,0x65,0x22,0x9c,0x64,0x72,0x01,0x02,0x02,0x00,
    0x04,0x4c,0x07,0x02,0x02,0x00,0xf1,0x02,0x93,0x5b,0xea,0x31,0x41,0x08,0x00,0x00,
    0xa3,0x10,0x61,0x08,0xa3,0x10,0x6d,0x42,0xc5,0x7e,0x01,0x0c,0x02,0x00,0x48,0x83,
    0x10,0xaa,0x31,0x14,0x00,0x02,0xe4,0x02,0x0f,0x02,0x00,0x07,0x6f,0x61,0x08,0x4a,
    0x32,0x32,0x5c,0x78,0x01,0x01,0x82,0x5b,0x8e,0x7b,0x8e,0x5c,0x8e,0x3c,0x6e,0xf0,
    0x05,0x0f,0x74,0x01,0x13,0x0f,0x5c,0x01,0x11,0x0a,0x02,0x00,0x19,0x9f,0x02,0x00,
    0x0c,0x78,0x01,0x0f,0x10,0x13,0x51,0x53,0xbd,0x44,0xdb,0x7c,0xdb,0x72,0x01,0x02,
    0x02,0x00,0x02,0x70,0x01,0x66,0x1b,0x85,0xba,0x84,0x0b,0x3a,0xbc,0x05,0xb9,0x4a,
    0x32,0x00,0x00,0xea,0x31,0xce,0x42,0x00,0x00,0xea,0x62,0x01,0x04,0x02,0x00,0x0e,
    0x60,0x04,0x0c,0x02,0x00,0x31,0x41,0x08,0xaa,0xc2,0x01,0x06,0x02,0x00,0x62,0x61,
    0x08,0x8c,0x3a,0x56,0x6d,0x66,0x04,0x04,0xf0,0x02,0x31,0x5b,0x8e,0x7b,0x02,0x00,
    0x48,0x3c,0x86,0x5d,0x55,0x76,0x01,0x0f,0xe2,0x02,0x01,0x0f,0xa2,0x08,0x07,0x0a,
    0x02,0x00,0x08,0x64,0x01,0x0f,0x02,0x00,0x01,0x0b,0x78,0x01,0x0f,0x48,0x1d,0x4e,
    0x8e,0xff,0x1c,0x1b,0x75,0xdb,0x84,0xdb,0x84,0x78,0x01,0x46,0x93,0x5b,0x46,0x21,
    0x20,0x01,0xfc,0x09,0x00,0x00,0x00,0x00,0xc3,0x10,0x00,0x00,0x46,0x21,0xaa,0x31,
    0xa3,0x10,0x41,0x08,0x00,0x00,0x05,0x19,0x00,0x00,0x41,0x08,0xfc,0x02,0x3b,0xc5,
    0x18,0x06,0x36,0x00,0x04,0x66,0x07,0x04,0x02,0x00,0x08,0x72,0x04,0x04,0x02,0x00,
    0x4e,0x86,0x21,0xd0,0x53,0x78,0x01,0x8f,0x7b,0x8e,0x7b,0x8e,0x9c,0x86,0xff,0x1c,
    0x74,0x01,0x29,0x0f,0x64,0x01,0x01,0x1f,0x7f,0x02,0x00,0x00,0x06,0x78,0x01,0x2f,
    0xff,0x33,0xbe,0x1e,0x4f,0x31,0x7c,0x54,0xfb,0x74,0x01,0x0c,0x78,0x01,0x26,0x11,
    0x53,0xe6,0x02,0x02,0x02,0x00,0x13,0xe8,0x2a,0x07,0xfe,0x03,0xc5,0x18,0x41,0x08,
    0x00,0x00,0xc3,0x10,0xc3,0x10,0xc8,0x29,0xa3,0x10,0x66,0x21,0xe5,0x18,0x58,0x01,
    0x0a,0x5a,0x01,0x2c,0x06,0x21,0x9c,0x01,0x0f,0x02,0x00,0x03,0x4a,0x88,0x29,0x59,
    0x7d,0xf0,0x02,0x02,0x02,0x00,0x42,0x5c,0x8e,0xdd,0x65,0xd8,0x02,0x0c,0x02,0x00,
    0x0a,0xd2,0x02,0x0a,0x02,0x00,0x0a,0x70,0x01,0x0e,0x68,0x01,0x0c,0x02,0x00,0x43,
    0x3f,0x24,0xff,0x2b,0xf4,0x18,0x32,0x2c,0xbf,0x14,0xe2,0x04,0x0f,0x02,0x00,0x43,
    0x7d,0xff,0x1c,0x1b,0x75,0xba,0x84,0xba,0x78,0x01,0x04,0x74,0x01,0x53,0x61,0x08,
    0x4a,0x32,0x00,0x01,0x00,0x43,0xc3,0x10,0x25,0x19,0x0b,0x00,0xe3,0x00,0x00,0x00,
    0x4a,0x32,0x46,0x21,0xaa,0x31,0xea,0x31,0x00,0x00,0xc8,0x8e,0x01,0x2a,0x00,0x00,
    0x5c,0x01,0x0c,0x8c,0x01,0x0f,0x02,0x00,0x01,0x2a,0x48,0x29,0xa0,0x01,0x86,0x00,
    0x00,0x83,0x10,0x05,0x19,0xd0,0x53,0x68,0x04,0x02,0x02,0x00,0x31,0x9c,0x8e,0x9c,
    0xf6,0x02,0x0a,0x76,0x01,0x0a,0x66,0x01,0x08,0x02,0x00,0x08,0x72,0x01,0x0c,0x5e,
    0x01,0x0f,0x02,0x00,0x07,0x0f,0x78,0x01,0x55,0x6c,0xbd,0x44,0xdb,0x7c,0xba,0x84,
    0x78,0x01,0x26,0x93,0x5b,0xe8,0x02,0x08,0x6a,0x01,0x0a,0x02,0x00,0x46,0x41,0x08,
    0x83,0x10,0xe2,0x05,0x02,0x0a,0x03,0x28,0xe5,0x18,0x56,0x07,0x35,0x41,0x08,0x48,
    0x92,0x01,0x04,0x02,0x00,0x0e,0x8c,0x01,0x0c,0x92,0x04,0x02,0x02,0x00,0x42,0xc3,
    0x10,0xd0,0x53,0x72,0x01,0x02,0x02,0x00,0x01,0x78,0x01,0x54,0x8e,0x5c,0x8e,0xdd,
    0x5d,0x7a,0x01,0x0f,0x72,0x0e,0x03,0x0f,0x72,0x01,0x25,0x02,0x02,0x00,0x2f,0xdf,
    0x04,0xf0,0x02,0x51,0x33,0x9c,0x64,0x9b,0x76,0x01,0x06,0xf0,0x02,0x7b,0x57,0x74,
    0x46,0x21,0xc3,0x10,0x86,0x9e,0x05,0x0c,0x02,0x00,0x13,0x6a,0x04,0x03,0x02,0x66,
    0x01,0xef,0x25,0x19,0x00,0x00,0xe8,0x29,0xc8,0x29,0xc3,0x10,0x66,0x21,0x41,0x08,
    0x48,0x01,0x03,0x04,0x02,0x00,0x0e,0x54,0x07,0x0f,0x02,0x00,0x07,0x42,0x86,0x21,
    0x56,0x6d,0x76,0x01,0x04,0x78,0x01,0x6f,0x9c,0x8e,0x9c,0x8e,0x1c,0x76,0x74,0x01,
    0x11,0x02,0x48,0x01,0x0f,0x02,0x00,0x1d,0x0f,0x78,0x01,0x51,0x22,0x5b,0x74,0xea,
    0x02,0x02,0x02,0x00,0x02,0xde,0x05,0x24,0x6d,0x42,0x3a,0x07,0x0c,0x02,0x00,0x24,
    0x61,0x08,0x6c,0x01,0x42,0x00,0x00,0x61,0x08,0x06,0x03,0x11,0xe5,0xe6,0x05,0x82,
    0x6a,0x32,0x61,0x08,0xe5,0x18,0x88,0x29,0x64,0x07,0x02,0x6e,0x04,0x0a,0xe8,0x02,
    0x2e,0x06,0x21,0xe6,0x02,0x0f,0x02,0x00,0x01,0x0a,0xa6,0x04,0x02,0x02,0x00,0x4a,
    0xec,0x3a,0x5a,0x86,0x78,0x01,0x02,0x70,0x04,0x0e,0xee,0x02,0x04,0x5a,0x04,0x0f,
    0x6c,0x01,0x1d,0x53,0x7f,0x04,0x7f,0x04,0x5f,0x02,0x00,0x0f,0x78,0x01,0x4d,0x51,
    0xff,0x1c,0xdb,0x7c,0x9a,0x60,0x04,0x04,0x02,0x00,0x4e,0xdb,0x84,0x57,0x74,0x1e,
    0x01,0x22,0x61,0x08,0xfe,0x00,0x02,0xd4,0x02,0x0f,0x02,0x00,0x05,0x22,0x41,0x08,
    0xb0,0x01,0x8e,0x00,0x00,0x00,0x00,0x86,0x21,0x66,0x21,0x2e,0x00,0x0f,0x52,0x01,
    0x01,0x0e,0x02,0x00,0x2f,0x83,0x10,0x2c,0x03,0x01,0x48,0xc3,0x10,0xb3,0x64,0xf0,
    0x02,0x88,0x9c,0x8e,0x9c,0x8e,0x3c,0x86,0xdd,0x55,0x7a,0x01,0x0f,0x74,0x01,0x19,
    0x04,0x64,0x01,0x0f,0x02,0x00,0x01,0x0f,0x78,0x01,0x4b,0x6a,0xbd,0x44,0x9b,0x7c,
    0x9a,0x84,0x78,0x01,0x2e,0x11,0x53,0x5c,0x04,0x22,0x25,0x19,0xb6,0x05,0x0f,0x02,
    0x00,0x07,0x46,0x4a,0x32,0xaa,0x31,0x54,0x01,0x15,0x05,0x70,0x04,0x2f,0x86,0x21,
    0x6c,0x01,0x11,0x08,0x3c,0x00,0x0f,0x02,0x00,0x0b,0x22,0xec,0x3a,0x70,0x01,0x06,
    0x02,0x00,0x24,0xdc,0x8e,0x7a,0x01,0x0f,0x74,0x01,0x13,0x0f,0x66,0x01,0x01,0x0e,
    0x02,0x00,0x0f,0x78,0x01,0x49,0x04,0x76,0x01,0x06,0x78,0x01,0x53,0x57,0x74,0xe5,
    0x18,0xc3,0xc6,0x12,0x08,0x02,0x00,0x06,0xee,0x02,0x06,0x02,0x00,0x26,0x61,0x08,
    0x8c,0x01,0x04,0xe0,0x08,0xc6,0x88,0x29,0xe5,0x18,0x00,0x00,0x6a,0x32,0xe5,0x18,
    0x6d,0x42,0x62,0x04,0x3b,0x41,0x08,0x88,0x56,0x07,0x0f,0x68,0x07,0x01,0x0f,0x02,
    0x00,0x05,0x0c,0x88,0x0a,0x46,0x25,0x19,0x56,0x6d,0x76,0x01,0x03,0x7a,0x01,0x32,
    0x5d,0x9f,0x04,0x02,0x00,0x02,0x2e,0x04,0x0f,0x02,0x00,0x03,0x0e,0x5e,0x01,0x0f,
    0x02,0x00,0x07,0x2f,0x3f,0x2c,0x58,0x07,0x45,0x06,0x76,0x01,0x04,0x78,0x01,0x2a,
    0x93,0x5b,0xca,0x09,0x0f,0x6e,0x01,0x01,0x06,0x02,0x00,0x02,0xda,0x05,0x0a,0x02,
    0x00,0x06,0x40,0x00,0x31,0x66,0x21,0x83,0x4e,0x0d,0x8c,0x00,0x00,0x25,0x19,0x66,
    0x21,0xc3,0x10,0xce,0x01,0x2e,0x41,0x08,0xcc,0x04,0x0f,0x02,0x00,0x05,0x2a,0x48,
    0x29,0x2c,0x00,0x42,0x61,0x08,0xb3,0x64,0x72,0x01,0x02,0x02,0x00,0x6f,0xbc,0x8e,
    0xbc,0x8e,0x3c,0x6e,0x74,0x01,0x09,0x0f,0x60,0x01,0x07,0x0f,0x02,0x00,0x05,0x1f,
    0xbf,0xd0,0x08,0x44,0x73,0x9c,0x64,0x9b,0x7c,0x7a,0x84,0x9a,0x02,0x00,0x51,0xba,
    0x84,0xba,0x84,0xce,0x4a,0x07,0x06,0x02,0x00,0x26,0xc3,0x10,0xd0,0x02,0x04,0x02,
    0x00,0x2e,0x25,0x19,0x84,0x04,0x0a,0x02,0x00,0x26,0xc3,0x10,0x90,0x14,0xa2,0x83,
    0x10,0x06,0x21,0x05,0x19,0x8c,0x3a,0xc3,0x10,0x4c,0x00,0x26,0x48,0x29,0x8a,0x04,
    0x0f,0x02,0x00,0x07,0x2a,0xaa,0x31,0x66,0x01,0x0f,0x02,0x00,0x03,0x08,0x70,0x04,
    0x13,0xbc,0x7a,0x01,0x0f,0xe6,0x02,0x01,0x0f,0x58,0x01,0x05,0x0f,0x02,0x00,0x0d,
    0x0f,0xf0,0x02,0x43,0x68,0x7c,0x54,0x7a,0x84,0x7a,0x84,0x78,0x01,0x06,0x10,0x07,
    0x04,0x02,0x00,0x0f,0xee,0x02,0x01,0x0f,0xe4,0x02,0x01,0x26,0x61,0x08,0xcc,0x02,
    0x22,0x6a,0x32,0x34,0x03,0x11,0x88,0x04,0x0d,0x77,0x08,0x2a,0x00,0x00,0xa3,0x10,
    0x66,0x8a,0x0a,0x0f,0x40,0x00,0x01,0x06,0x24,0x03,0x0f,0x02,0x00,0x13,0x04,0xc0,
    0x04,0x46,0x6a,0x32,0x5a,0x86,0xf0,0x02,0x0f,0x7a,0x01,0x01,0x0f,0x5c,0x01,0x0d,
    0x02,0x02,0x00,0x1f,0x3f,0x02,0x00,0x02,0x0f,0xf0,0x02,0x41,0x48,0xbd,0x44,0x9b,
    0x7c,0x78,0x01,0x2c,0x39,0x7c,0x7a,0x11,0x0f,0x02,0x00,0x19,0x26,0xec,0x3a,0x2e,
    0x00,0x04,0xaa,0x02,0x24,0xe5,0x18,0x64,0x0a,0x26,0xa3,0x10,0x9c,0x08,0x46,0x86,
    0x21,0x25,0x19,0x18,0x09,0x04,0x02,0x00,0x0e,0xc2,0x11,0x0f,0x02,0x00,0x0b,0x06,
    0x04,0x12,0x22,0x25,0x19,0x7a,0x01,0x02,0x76,0x01,0x0a,0x7a,0x01,0x02,0x54,0x01,
    0x0f,0x02,0x00,0x05,0x0f,0x6a,0x01,0x01,0x0a,0x02,0x00,0x0f,0x78,0x01,0x3f,0x06,
    0x76,0x01,0x02,0xf0,0x02,0x22,0x39,0x7c,0x46,0x17,0x02,0x02,0x00,0x0e,0x1a,0x01,
    0x02,0x24,0x04,0x0a,0x02,0x00,0x08,0xe4,0x02,0x0f,0x02,0x00,0x01,0x51,0x83,0x10,
    0x06,0x21,0x48,0xf4,0x02,0x04,0x1a,0x07,0x44,0x45,0x19,0x32,0x5c,0x18,0x09,0x26,
    0x83,0x10,0x1c,0x00,0x0f,0x02,0x00,0x0b,0x0c,0x00,0x0c,0x0c,0x02,0x00,0x11,0x45,
    0x7a,0x01,0x02,0x74,0x01,0x8f,0xbc,0x8e,0xbc,0x8e,0xdc,0x8e,0xdd,0x55,0x74,0x01,
    0x09,0x0a,0x5c,0x01,0x0f,0x02,0x00,0x09,0x0f,0x78,0x01,0x3d,0x24,0xdd,0x34,0xec,
    0x02,0x02,0x78,0x01,0x2a,0x39,0x7c,0x74,0x05,0x0e,0xd4,0x05,0x06,0x46,0x04,0x06,
    0x02,0x00,0x06,0x3a,0x0d,0x0f,0x02,0x00,0x03,0x22,0x45,0x19,0x56,0x07,0x06,0x3e,
    0x10,0x46,0x61,0x08,0x05,0x19,0xbc,0x04,0x0f,0x70,0x04,0x01,0x0f,0x02,0x00,0x03,
    0x0c,0xce,0x08,0x0c,0x02,0x00,0x42,0x45,0x19,0x56,0x6d,0x74,0x01,0x02,0x02,0x00,
    0x4f,0xdc,0x8e,0xdd,0x55,0xe6,0x02,0x01,0x0f,0x64,0x01,0x09,0x04,0x02,0x00,0x17,
    0x1f,0x02,0x00,0x2f,0xdf,0x23,0xd0,0x08,0x39,0x33,0xff,0x1c,0x3b,0x62,0x04,0x02,
    0x02,0x00,0x0c,0x76,0x01,0x0f,0x02,0x00,0x29,0x24,0x28,0x2a,0x3e,0x00,0xf1,0x02,
    0xea,0x31,0x34,0x64,0x00,0x00,0x00,0x00,0x83,0x10,0x0b,0x3a,0x41,0x08,0x08,0x2a,
    0x45,0x44,0x13,0x06,0xbc,0x02,0x2f,0x8c,0x3a,0x78,0x01,0x05,0x0f,0x1c,0x19,0x0d,
    0x0f,0x02,0x00,0x01,0x42,0x61,0x08,0x5a,0x86,0x74,0x01,0x02,0xf2,0x02,0x33,0x1c,
    0x8f,0xdf,0x74,0x0e,0x04,0x02,0x00,0x04,0x58,0x01,0x0c,0x02,0x00,0x06,0x66,0x01,
    0x0e,0x02,0x00,0x0f,0x78,0x01,0x3b,0x22,0x5b,0x74,0x70,0x01,0x02,0x02,0x00,0x0f,
    0x76,0x01,0x09,0x0e,0x1a,0x01,0x22,0x61,0x08,0x40,0x01,0x0f,0x02,0x00,0x03,0x17,
    0x45,0xba,0x05,0x02,0xec,0x02,0x04,0x02,0x00,0x02,0xd2,0x05,0x04,0x3e,0x07,0x84,
    0x61,0x08,0x8c,0x3a,0x61,0x08,0x45,0x19,0x4c,0x00,0x0a,0x6e,0x03,0x0f,0x02,0x00,
    0x0b,0x2c,0x83,0x10,0x52,0x0a,0x02,0x02,0x00,0x26,0x45,0x19,0x7a,0x01,0x64,0xdc,
    0x8e,0xdc,0x8e,0xfc,0x8e,0x72,0x01,0x0f,0x74,0x01,0x03,0x0e,0x66,0x01,0x0e,0x02,
    0x00,0x0f,0x78,0x01,0x39,0x22,0x5b,0x6c,0x70,0x01,0x02,0x02,0x00,0x08,0x76,0x01,
    0x02,0x1c,0x01,0x08,0x02,0x00,0x0e,0x4a,0x04,0x0e,0x12,0x00,0x26,0x61,0x08,0xe4,
    0x02,0x0e,0x02,0x00,0x04,0x52,0x01,0x42,0x41,0x08,0x06,0x21,0x18,0x1c,0x51,0x00,
    0x00,0xc3,0x10,0x8a,0x48,0x13,0x04,0xd6,0x01,0x44,0xc3,0x10,0x83,0x10,0x8c,0x07,
    0x0f,0x02,0x00,0x29,0x06,0x7a,0x01,0x8f,0xdc,0x8e,0xdc,0x8e,0xdc,0x8e,0x9c,0x86,
    0x74,0x01,0x03,0x0c,0x60,0x01,0x2f,0xff,0x03,0x02,0x00,0x05,0x24,0xdf,0x23,0x30,
    0x26,0x2f,0x3f,0x24,0x80,0x17,0x2b,0x04,0x3c,0x0a,0x04,0x02,0x00,0x02,0x42,0x14,
    0x02,0xde,0x12,0x0e,0x54,0x01,0x0f,0x02,0x00,0x11,0x17,0xc7,0x22,0x0a,0x0c,0x02,
    0x00,0x82,0x06,0x21,0x83,0x10,0xc8,0x29,0x66,0x21,0xe4,0x08,0x11,0x05,0x6a,0x04,
    0x02,0x02,0x00,0x24,0x41,0x08,0xb6,0x02,0x24,0x4f,0x4b,0x80,0x01,0x0f,0x02,0x00,
    0x01,0x2f,0x41,0x08,0xca,0x0b,0x0d,0x06,0x2a,0x09,0x44,0x00,0x00,0x45,0x19,0x68,
    0x04,0x02,0x02,0x00,0x2a,0x3c,0x6e,0x56,0x04,0x0a,0x72,0x01,0x0f,0x6e,0x01,0x05,
    0x06,0x02,0x00,0x0f,0x78,0x01,0x35,0x0a,0x50,0x07,0x37,0x7a,0x84,0x0b,0xfe,0x09,
    0x0e,0xee,0x02,0x0f,0x02,0x00,0x27,0x06,0x8c,0x01,0x44,0x0b,0x3a,0xd0,0x53,0x5e,
    0x04,0x42,0x00,0x00,0x8a,0x32,0x5a,0x04,0x06,0xce,0x0b,0x2f,0x86,0x21,0x78,0x00,
    0x2f,0x08,0x2c,0x03,0x22,0x8a,0x32,0xe0,0x05,0x04,0x02,0x00,0x24,0xdd,0x55,0x7a,
    0x01,0x06,0x74,0x01,0x06,0x58,0x01,0x0f,0x02,0x00,0x0d,0x0f,0x78,0x01,0x35,0x31,
    0x3b,0x7c,0x5a,0x2a,0x0d,0x02,0x02,0x00,0x2f,0x11,0x53,0x5a,0x01,0x13,0x0e,0x0a,
    0x03,0x22,0x61,0x08,0x2a,0x04,0x0f,0x02,0x00,0x03,0x06,0xe6,0x05,0x02,0x9c,0x0e,
    0x35,0x06,0x21,0x48,0x9a,0x11,0x62,0x06,0x21,0x06,0x21,0xa3,0x10,0x48,0x19,0x88,
    0x61,0x08,0x61,0x08,0x00,0x00,0xc3,0x10,0xfc,0x0b,0x24,0x00,0x00,0x08,0x03,0x0f,
    0x02,0x00,0x03,0x06,0xc4,0x01,0x0f,0x02,0x00,0x05,0x31,0xd0,0x53,0xbc,0x66,0x04,
    0x02,0xe4,0x05,0x2f,0xfc,0x8e,0x74,0x01,0x25,0x0f,0x78,0x01,0x37,0x46,0x5b,0x6c,
    0x5a,0x84,0x78,0x01,0x2f,0xb6,0x6b,0xba,0x00,0x03,0x0e,0x66,0x01,0x0e,0x44,0x0a,
    0x0e,0x12,0x00,0x0f,0xe6,0x05,0x0b,0x02,0x02,0x00,0x0a,0x34,0x01,0xb1,0x61,0x08,
    0x8a,0x32,0xa3,0x10,0x00,0x00,0x61,0x08,0xc5,0x8e,0x1d,0x2e,0x4e,0x43,0x56,0x00,
    0x0e,0x02,0x00,0x02,0xca,0x01,0x0f,0x02,0x00,0x0b,0x22,0x56,0x6d,0x76,0x01,0x82,
    0xdc,0x8e,0xfc,0x8e,0xfc,0x8e,0xfc,0x86,0xea,0x02,0x02,0x4a,0x01,0x0f,0x02,0x00,
    0x1b,0x08,0xf0,0x02,0x0f,0xd8,0x1e,0x25,0x46,0xbd,0x44,0x5a,0x84,0x78,0x01,0x24,
    0x39,0x7c,0x9e,0x03,0x0c,0xee,0x00,0x0c,0x10,0x00,0x0f,0x02,0x00,0x13,0x06,0x5a,
    0x04,0x0a,0x02,0x00,0x24,0x41,0x08,0x1e,0x0d,0x2e,0x0b,0x3a,0x4e,0x17,0x13,0x8c,
    0xe8,0x04,0x55,0xc5,0x18,0x86,0x21,0x08,0x82,0x0a,0x0f,0x02,0x00,0x2d,0x42,0x61,
    0x08,0x5a,0x86,0x7a,0x01,0x01,0x78,0x01,0x3f,0x8e,0xdd,0x5d,0x6e,0x01,0x1b,0x06,
    0x02,0x00,0x06,0xd0,0x08,0x2f,0xff,0x2b,0x78,0x01,0x25,0x28,0x3b,0x7c,0x78,0x01,
    0x04,0xfa,0x03,0x0f,0xe4,0x12,0x0f,0x08,0x02,0x00,0x0f,0x8c,0x05,0x1b,0x22,0xe3,
    0x10,0x4e,0x0a,0x75,0x48,0x29,0x8c,0x3a,0xc7,0x21,0xe5,0xd8,0x24,0x82,0x28,0x2a,
    0x61,0x08,0x41,0x08,0x06,0x21,0x86,0x20,0x0f,0x02,0x00,0x09,0x0f,0xd4,0x0e,0x0d,
    0x0f,0x20,0x00,0x05,0x28,0xc7,0x21,0x78,0x01,0x26,0xfc,0x8e,0x4a,0x01,0x0f,0x02,
    0x00,0x0f,0x18,0xdf,0x02,0x00,0x05,0x38,0x0d,0x0f,0x78,0x01,0x25,0x22,0x9c,0x64,
    0x76,0x01,0x02,0x68,0x04,0x0f,0xda,0x05,0x11,0x0c,0xaa,0x0b,0x4a,0x61,0x08,0xec,
    0x3a,0x78,0x01,0x0f,0xe6,0x05,0x0b,0x22,0x8a,0x32,0x2e,0x00,0x48,0xc5,0x18,0x0b,
    0x3a,0x62,0x04,0x0f,0x5e,0x10,0x01,0x44,0x61,0x08,0x8c,0x3a,0xe6,0x05,0x0f,0xec,
    0x14,0x0d,0x0f,0x02,0x00,0x09,0x06,0x68,0x00,0x25,0x4e,0x43,0x68,0x04,0x01,0x6c,
    0x04,0x0f,0x70,0x01,0x09,0x07,0x68,0x01,0x0c,0x02,0x00,0x0f,0x78,0x01,0x2c,0x33,
    0xff,0x1c,0x3a,0xee,0x02,0x66,0x5a,0x84,0x7a,0x84,0xb6,0x6b,0xa0,0x00,0x06,0x02,
    0x00,0x02,0x26,0x01,0x06,0x02,0x00,0x0f,0xf8,0x03,0x0f,0x0e,0x92,0x04,0x3d,0x61,
    0x08,0xe3,0x30,0x19,0x22,0x41,0x08,0xae,0x27,0x04,0x74,0x00,0x28,0x6d,0x42,0x70,
    0x04,0x31,0xc7,0x21,0xc7,0x9c,0x2a,0x04,0x7e,0x00,0x24,0x4f,0x4b,0x80,0x01,0x0e,
    0x02,0x00,0x0f,0xae,0x17,0x0f,0x06,0x9e,0x0a,0x02,0xe6,0x05,0x02,0x68,0x04,0x6e,
    0xfc,0x8e,0xdc,0x8e,0xff,0x25,0x7a,0x01,0x0f,0x70,0x01,0x08,0x04,0x02,0x00,0x0f,
    0x78,0x01,0x2c,0x24,0x5b,0x74,0xee,0x02,0x48,0x5a,0x84,0x7a,0x84,0xf8,0x00,0x04,
    0x02,0x00,0x0f,0xc4,0x1b,0x0f,0x0e,0x02,0x00,0x68,0x8a,0x52,0x10,0x84,0xf7,0xbd,
    0x02,0x00,0x28,0x1c,0xdf,0x0e,0x00,0x0f,0x02,0x00,0x03,0x2f,0x79,0xce,0x18,0x00,
    0x03,0x9f,0xf7,0xbd,0xf7,0xbd,0x75,0xad,0x72,0x8c,0x86,0xee,0x27,0x02,0x02,0x02,
    0x00,0x02,0x82,0x07,0x0f,0x02,0x00,0x13,0x26,0x45,0x19,0x78,0x01,0x0c,0x6c,0x04,
    0x0f,0x72,0x01,0x10,0x02,0x02,0x00,0x0f,0x78,0x01,0x2a,0x26,0xdd,0x34,0x76,0x01,
    0x1f,0x5a,0x64,0x04,0x04,0x04,0x70,0x02,0x0f,0x02,0x00,0x11,0x9f,0x61,0x08,0x00,
    0x00,0x8a,0x52,0x1c,0xdf,0xff,0x01,0x00,0x44,0x42,0xf7,0xbd,0x86,0x31,0x66,0x00,
    0x0f,0x02,0x00,0x2b,0x22,0xd0,0x53,0x72,0x01,0x64,0xfc,0x8e,0xfc,0x8e,0x1c,0x8f,
    0x5e,0x07,0x0f,0x74,0x01,0x05,0x1f,0xbf,0x02,0x00,0x00,0x0f,0x58,0x07,0x2b,0x04,
    0x52,0x07,0x62,0x5a,0x84,0x5a,0x84,0x39,0x7c,0xf0,0x03,0x13,0xec,0x4a,0x08,0x0f,
    0x02,0x00,0x0d,0x0c,0xc4,0x05,0x02,0xe6,0x05,0x2f,0x14,0x9d,0x73,0x01,0x44,0x05,
    0x02,0x00,0x48,0x72,0x8c,0x61,0x08,0x36,0x04,0x0f,0x02,0x00,0x01,0x0f,0x40,0x13,
    0x0d,0x42,0x61,0x08,0x5a,0x86,0x76,0x01,0x6f,0xfc,0x8e,0x1c,0x8f,0xfc,0x8e,0x74,
    0x01,0x01,0x0e,0x6c,0x01,0x08,0x02,0x00,0x06,0x78,0x01,0x2f,0x1f,0x2c,0xd0,0x08,
    0x1d,0x31,0x7c,0x54,0x3a,0x40,0x0a,0x02,0x02,0x00,0x11,0x0d,0xc8,0x1b,0x2f,0xc3,
    0x10,0xe0,0x02,0x05,0x06,0xac,0x12,0x02,0x02,0x00,0x0e,0xc4,0x05,0x42,0x00,0x00,
    0x10,0x84,0x1f,0x01,0x6f,0xf7,0xbd,0x0c,0x5b,0x04,0x21,0x9e,0x11,0x07,0x02,0x18,
    0x0d,0x04,0x02,0x00,0x2f,0x41,0x08,0xc0,0x08,0x07,0x04,0x8e,0x00,0x44,0xe7,0x31,
    0x0c,0x5b,0x48,0x03,0x24,0x0c,0x5b,0x3a,0x00,0x0f,0x02,0x00,0x15,0x0a,0x8a,0x13,
    0x02,0x20,0x0f,0x06,0x78,0x01,0x48,0x1c,0x8f,0x9c,0x7e,0xec,0x02,0x1f,0xbf,0x02,
    0x00,0x10,0x0f,0x78,0x01,0x29,0x26,0x3b,0x7c,0x78,0x01,0x0f,0x2c,0x0d,0x05,0x06,
    0x02,0x00,0x0f,0x88,0x0b,0x05,0x06,0x02,0x00,0x22,0x08,0x42,0x76,0x01,0x26,0x10,
    0x84,0x14,0x00,0x06,0x02,0x00,0x4e,0x61,0x08,0x28,0x2a,0x5c,0x07,0x02,0xf8,0x18,
    0x04,0x58,0x06,0x26,0x06,0x21,0x16,0x12,0x62,0x00,0x00,0x00,0x00,0x4e,0x43,0x3e,
    0x10,0x02,0xe4,0x24,0x22,0x47,0x29,0x4e,0x03,0x3b,0x7d,0xef,0x82,0xa4,0x07,0x04,
    0x40,0x00,0x0f,0x02,0x00,0x07,0x06,0xd6,0x1d,0x02,0x02,0x00,0x42,0x06,0x21,0x56,
    0x6d,0x7a,0x01,0x64,0x1c,0x8f,0x1c,0x8f,0x1c,0x8f,0x78,0x01,0x0f,0x72,0x01,0x0f,
    0x02,0x02,0x00,0x0f,0x78,0x01,0x27,0x46,0x7c,0x54,0x3a,0x84,0x78,0x01,0x0a,0xf0,
    0x00,0x0f,0x60,0x14,0x03,0x0f,0x02,0x00,0x0d,0x8f,0xf7,0xbd,0xff,0xff,0xff,0xff,
    0x72,0x8c,0x28,0x00,0x03,0x04,0xba,0x02,0x0e,0x02,0x00,0x04,0x7a,0x17,0x08,0x8e,
    0x33,0x02,0x90,0x01,0x2c,0xa3,0x10,0x30,0x07,0x06,0x64,0x00,0x06,0x92,0x01,0x02,
    0x32,0x03,0x02,0x34,0x00,0x0f,0x02,0x00,0x15,0x48,0x41,0x08,0x4a,0x32,0x78,0x01,
    0x2f,0x9c,0x7e,0x74,0x01,0x17,0x0f,0x78,0x01,0x2b,0x26,0x5b,0x74,0x78,0x01,0x0e,
    0xee,0x02,0x0f,0x70,0x04,0x07,0x0a,0x02,0x00,0x06,0xe6,0x05,0x8f,0x82,0x10,0xff,
    0xff,0xff,0xff,0x7d,0xef,0x20,0x06,0x15,0x06,0x02,0x00,0x8a,0x83,0x10,0x25,0x19,
    0x4f,0x4b,0x88,0x29,0xce,0x0b,0x02,0x50,0x01,0x02,0x3c,0x0f,0x04,0xb8,0x11,0xac,
    0x00,0x00,0x04,0x21,0xff,0xff,0xff,0xff,0x1c,0xdf,0xf6,0x04,0x0f,0x02,0x00,0x21,
    0x02,0xf2,0x02,0x02,0xf0,0x02,0x22,0xfc,0x8e,0x50,0x01,0x0f,0x02,0x00,0x07,0x19,
    0x9f,0x02,0x00,0x0f,0xf0,0x02,0x25,0x46,0xdd,0x34,0x3a,0x84,0x78,0x01,0x26,0xaa,
    0x31,0xf4,0x16,0x0f,0x02,0x00,0x0b,0x04,0x22,0x17,0x04,0x02,0x00,0x06,0xe6,0x05,
    0x02,0x66,0x04,0x0c,0xee,0x02,0x28,0x28,0x2a,0x98,0x02,0x08,0x02,0x00,0x08,0x1a,
    0x00,0x02,0x80,0x04,0x02,0x64,0x01,0x02,0x90,0x04,0x0a,0xe4,0x15,0x02,0xc0,0x2d,
    0x02,0xa8,0x04,0x02,0xf2,0x02,0x2c,0x4f,0x4b,0x58,0x22,0x06,0x02,0x00,0x2f,0x41,
    0x08,0x68,0x29,0x13,0x22,0xc7,0x21,0x58,0x07,0x02,0x02,0x00,0x2f,0x9c,0x7e,0x74,
    0x01,0x01,0x08,0x6c,0x01,0x08,0x02,0x00,0x08,0x78,0x01,0x0f,0x64,0x33,0x19,0x02,
    0xee,0x02,0x02,0x58,0x07,0x53,0xb6,0x6b,0x00,0x00,0x6a,0x44,0x0e,0x0e,0x02,0x00,
    0x0a,0x38,0x01,0x0f,0x2e,0x04,0x07,0x02,0x54,0x07,0x0f,0xf4,0x06,0x1f,0x04,0x02,
    0x00,0x24,0xc5,0x18,0xa6,0x05,0x0a,0x3e,0x26,0x02,0x94,0x01,0x04,0x02,0x00,0x22,
    0x61,0x08,0x68,0x00,0x1f,0x2d,0x5c,0x07,0x18,0x0e,0x66,0x32,0x04,0x02,0x00,0x24,
    0x56,0x6d,0xf0,0x02,0x48,0x1c,0x8f,0x9c,0x86,0x78,0x01,0x08,0x64,0x01,0x5b,0x9f,
    0x03,0x9f,0x03,0x7f,0x02,0x00,0x06,0x78,0x01,0x2f,0xff,0x2b,0x78,0x01,0x17,0x46,
    0xff,0x1c,0x3a,0x7c,0xf0,0x02,0x0e,0xdc,0x05,0x06,0x02,0x00,0x0f,0x90,0x01,0x07,
    0x0c,0x02,0x00,0x02,0x10,0x01,0x11,0x08,0x16,0x09,0x0f,0x02,0x00,0x05,0x02,0x84,
    0x0e,0x0f,0x02,0x00,0x03,0x02,0x2a,0x2c,0x46,0x00,0x00,0x0b,0x3a,0xb0,0x11,0x44,
    0x00,0x00,0xe3,0x10,0xf8,0x01,0x8a,0x41,0x08,0x48,0x29,0x46,0x21,0x66,0x21,0x68,
    0x00,0x04,0x96,0x01,0x0f,0xe0,0x05,0x0b,0x0c,0xb6,0x1a,0x04,0xe4,0x01,0x26,0x28,
    0x2a,0x78,0x01,0x42,0x1c,0x8f,0x7d,0x55,0x7a,0x01,0x02,0x6a,0x01,0x0f,0x6e,0x01,
    0x01,0x06,0x02,0x00,0x42,0xdf,0x23,0x3f,0x24,0xf0,0x31,0x0f,0x78,0x01,0x19,0x22,
    0x9c,0x64,0x76,0x01,0x11,0x3a,0xb8,0x0b,0x0a,0x08,0x01,0x06,0x3a,0x04,0x0f,0x02,
    0x00,0x17,0x4a,0x61,0x08,0x45,0x19,0x10,0x01,0x0f,0x02,0x00,0x1f,0x68,0x41,0x08,
    0xe5,0x18,0xaa,0x31,0x92,0x17,0x02,0x02,0x00,0x17,0xc5,0xa2,0x30,0x2a,0xc3,0x10,
    0xe0,0x01,0x6e,0xc7,0x21,0xc7,0x21,0x45,0x19,0xae,0x08,0x0f,0x02,0x00,0x0f,0x02,
    0xac,0x0c,0x42,0x00,0x00,0xf9,0x7d,0x66,0x04,0x66,0x1c,0x8f,0x1c,0x8f,0xfc,0x86,
    0x74,0x01,0x06,0x62,0x01,0x0f,0x02,0x00,0x03,0x0f,0x78,0x01,0x23,0x13,0x3b,0xee,
    0x02,0x15,0x3a,0xb8,0x0b,0x04,0x02,0x00,0x0f,0xe0,0x02,0x13,0x0c,0x92,0x18,0x28,
    0x28,0x2a,0x10,0x01,0x1f,0xc7,0xba,0x0b,0x08,0x0f,0x02,0x00,0x03,0x44,0x61,0x08,
    0xc7,0x21,0xba,0x02,0x24,0x46,0x21,0x24,0x00,0x46,0xa3,0x10,0xc5,0x18,0x22,0x01,
    0x04,0x02,0x00,0x02,0xe0,0x01,0x04,0x68,0x04,0x0f,0x82,0x1c,0x23,0x06,0x02,0x00,
    0x22,0xec,0x3a,0x74,0x01,0x02,0x02,0x00,0x0f,0xe6,0x02,0x0d,0x06,0x02,0x00,0x0f,
    0xf0,0x02,0x21,0x37,0xdd,0x34,0x1a,0x78,0x01,0x02,0xce,0x06,0x0f,0x02,0x00,0x0d,
    0x0a,0x4a,0x01,0x0f,0xe6,0x05,0x01,0x02,0x10,0x01,0x0e,0x68,0x04,0x08,0x40,0x07,
    0x08,0x02,0x00,0x3f,0xe3,0x10,0xc7,0xca,0x1b,0x00,0xc6,0xe5,0x18,0x46,0x21,0xe8,
    0x29,0xc7,0x21,0x00,0x00,0x88,0x29,0x32,0x13,0x04,0x02,0x00,0x33,0x45,0x19,0xc7,
    0x68,0x04,0x44,0xf0,0x6b,0xd0,0x53,0x82,0x04,0x0c,0x02,0x00,0x17,0x83,0x84,0x29,
    0x0f,0x02,0x00,0x0d,0x22,0x61,0x08,0x72,0x01,0x02,0x02,0x00,0x26,0xdd,0x55,0x5a,
    0x01,0x0f,0x02,0x00,0x0b,0x0f,0x78,0x01,0x21,0x26,0x9c,0x64,0x78,0x01,0x2f,0x57,
    0x74,0x58,0x04,0x11,0x2f,0x45,0x19,0x26,0x00,0x0f,0x0f,0x78,0x01,0x05,0x0f,0x02,
    0x00,0x1d,0x5b,0xaa,0x31,0x41,0x08,0x83,0xd0,0x08,0x06,0x02,0x00,0x2f,0x48,0x29,
    0x68,0x00,0x21,0x04,0x90,0x0a,0x0f,0x02,0x00,0x01,0x22,0x32,0x5c,0x74,0x01,0x02,
    0x6a,0x04,0x0f,0x6e,0x01,0x0b,0x15,0x5f,0x02,0x00,0x0f,0x78,0x01,0x21,0x26,0x3b,
    0x7c,0x78,0x01,0x0e,0x70,0x2a,0x02,0x02,0x00,0x0f,0xec,0x15,0x0f,0x0c,0x02,0x00,
    0x0f,0x10,0x01,0x11,0x2f,0x45,0x19,0xf6,0x0e,0x0f,0x55,0x00,0x00,0xaa,0x31,0xe5,
    0xd4,0x05,0x64,0x61,0x08,0xc7,0x21,0xe8,0x29,0x6e,0x04,0x33,0xc5,0x18,0x41,0xd0,
    0x08,0x04,0x58,0x03,0xaf,0x25,0x19,0x00,0x00,0x8a,0x32,0xc7,0x21,0x8c,0x3a,0xb8,
    0x03,0x07,0x06,0x10,0x0f,0x04,0x02,0x00,0x04,0x58,0x07,0x62,0x00,0x00,0x00,0x00,
    0x28,0x2a,0x74,0x01,0x02,0x02,0x00,0x0e,0x78,0x01,0x04,0x6a,0x01,0x0a,0x02,0x00,
    0x31,0xdf,0x23,0x3f,0x00,0x5e,0x0f,0x58,0x07,0x17,0x37,0xdd,0x34,0x1a,0x78,0x01,
    0x04,0x60,0x06,0x0a,0x02,0x00,0x04,0x98,0x34,0x0f,0x02,0x00,0x0b,0x06,0x6c,0x08,
    0x42,0x00,0x00,0x00,0x00,0xc4,0x0f,0x04,0x10,0x01,0x0f,0x02,0x00,0x2d,0x04,0xde,
    0x08,0x64,0x00,0x00,0x66,0x21,0xe5,0x18,0xd2,0x0e,0x0c,0xe0,0x01,0x04,0x9c,0x29,
    0x2f,0x45,0x19,0x76,0x01,0x07,0x0f,0x02,0x00,0x01,0x0a,0xf6,0x00,0x22,0x5a,0x86,
    0x74,0x01,0x39,0x1c,0x8f,0x3c,0x6a,0x04,0x0a,0x6a,0x01,0x19,0x3f,0x02,0x00,0x0f,
    0x78,0x01,0x1f,0x26,0x9c,0x64,0x78,0x01,0x06,0xfa,0x15,0x0e,0x70,0x2a,0x0f,0x02,
    0x00,0x01,0x0a,0xae,0x02,0x0a,0x0e,0x00,0x08,0xf0,0x02,0x2f,0x45,0x19,0xbc,0x05,
    0x01,0x0f,0x02,0x00,0x07,0x0e,0x60,0x0a,0x13,0xe5,0x8c,0x1a,0x08,0xe6,0x05,0x02,
    0x2e,0x01,0x06,0x68,0x00,0x0f,0x3e,0x04,0x09,0x0f,0x02,0x00,0x19,0x06,0x6a,0x04,
    0x13,0x3c,0x6a,0x04,0x06,0x72,0x01,0x02,0x6c,0x01,0x06,0x10,0x00,0x04,0x02,0x00,
    0x0f,0x78,0x01,0x1f,0x26,0x5b,0x74,0x78,0x01,0x06,0xba,0x0b,0x0e,0x70,0x2a,0x0e,
    0x02,0x00,0x24,0x45,0x19,0x74,0x08,0x0f,0x02,0x00,0x01,0x06,0x10,0x01,0x0a,0x02,
    0x00,0x0f,0x40,0x07,0x03,0x0f,0x6c,0x01,0x01,0x02,0x02,0x00,0x02,0xb0,0x0e,0x88,
    0x41,0x08,0x41,0x08,0x0b,0x3a,0x88,0x29,0x44,0x0d,0x84,0xea,0x31,0xe3,0x10,0xc7,
    0x21,0x72,0x8c,0x58,0x03,0x26,0xce,0x42,0xfa,0x01,0x0a,0xea,0x07,0x08,0x20,0x03,
    0x0f,0x02,0x00,0x0f,0x06,0x6a,0x04,0x46,0x3c,0x8f,0xfc,0x8e,0x76,0x01,0x08,0x72,
    0x01,0x02,0x80,0x01,0x06,0x02,0x00,0x0f,0x78,0x01,0x1f,0x26,0x1a,0x7c,0x78,0x01,
    0x02,0x42,0x02,0x0f,0x02,0x00,0x07,0x37,0x08,0x2a,0x45,0xca,0x25,0x0f,0x02,0x00,
    0x0b,0x0f,0x78,0x01,0x05,0x0f,0x02,0x00,0x11,0x82,0x86,0x31,0x10,0x84,0xf7,0xbd,
    0x7d,0xef,0x7c,0x11,0x62,0xf7,0xbd,0x8e,0x6b,0x04,0x21,0xea,0x05,0x08,0xf6,0x1e,
    0x02,0x5c,0x23,0x0f,0x68,0x00,0x01,0x66,0xc3,0x10,0xe8,0x29,0xe3,0x10,0x2c,0x12,
    0x0e,0x02,0x00,0x0c,0x90,0x14,0x0a,0x02,0x00,0x04,0x6a,0x04,0x62,0x3c,0x8f,0x3c,
    0x8f,0x7d,0x55,0x66,0x01,0x02,0xda,0x02,0x06,0x6a,0x01,0x0a,0x02,0x00,0x0f,0x78,
    0x01,0x1d,0x26,0x7c,0x54,0x78,0x01,0x0e,0x0e,0x13,0x0c,0x38,0x02,0x0f,0x02,0x00,
    0x19,0x0f,0x10,0x01,0x01,0x0c,0x02,0x00,0x02,0x62,0x11,0x0a,0x02,0x00,0xf2,0x15,
    0x08,0x42,0xf7,0xbd,0xff,0xff,0x1c,0xdf,0x72,0x8c,0x8e,0x6b,0x08,0x42,0x08,0x42,
    0x8e,0x6b,0x14,0x9d,0x1c,0xdf,0xff,0xff,0x75,0xad,0x04,0x21,0x00,0x00,0xea,0x31,
    0x4f,0x4b,0x41,0x08,0x70,0x2d,0x02,0xd6,0x37,0x0f,0x68,0x00,0x01,0x8a,0x61,0x08,
    0x28,0x2a,0x46,0x21,0x8c,0x3a,0x5a,0x00,0x06,0x02,0x00,0x0e,0x80,0x17,0x0a,0xe8,
    0x14,0x22,0xb3,0x64,0xe2,0x05,0x6f,0x3c,0x8f,0x3c,0x8f,0x9c,0x7e,0x74,0x01,0x0d,
    0x0c,0x78,0x01,0x0f,0x3c,0x52,0x11,0x26,0x5b,0x6c,0x78,0x01,0x02,0xea,0x18,0x08,
    0x02,0x00,0x2f,0x61,0x08,0x4e,0x14,0x11,0x06,0x6e,0x04,0x44,0x61,0x08,0x8a,0x32,
    0x0e,0x00,0x0f,0x10,0x01,0x01,0x8e,0x00,0x00,0x00,0x00,0x82,0x10,0x08,0x42,0x02,
    0x00,0x04,0x1c,0x00,0x64,0x72,0x8c,0xff,0xff,0xf7,0xbd,0x10,0x00,0x06,0x02,0x00,
    0x02,0xe6,0x18,0xce,0x8e,0x6b,0x00,0x00,0x41,0x08,0x0b,0x3a,0xaa,0x31,0x6d,0x42,
    0xe0,0x05,0x0a,0x02,0x00,0x0f,0x5a,0x07,0x1b,0x0a,0x2e,0x00,0x04,0x3e,0x0d,0x6f,
    0x3c,0x8f,0x3c,0x8f,0xfc,0x86,0xe6,0x02,0x07,0x06,0x02,0x00,0x44,0xdf,0x23,0x1f,
    0x34,0x28,0x10,0x0f,0x78,0x01,0x11,0x11,0x3b,0x66,0x04,0x02,0x48,0x0a,0x11,0x06,
    0xcc,0x03,0x08,0x02,0x00,0x0a,0x26,0x05,0x0f,0x02,0x00,0x03,0x06,0x6a,0x01,0x0a,
    0x02,0x00,0x08,0x78,0x01,0x08,0x80,0x0e,0x04,0x0e,0x19,0x0a,0x02,0x00,0x02,0x92,
    0x01,0x64,0x79,0xce,0x7d,0xef,0x8a,0x52,0x1c,0x29,0x57,0x00,0x00,0x72,0x8c,0xf0,
    0xac,0x26,0xe2,0x10,0x84,0xff,0xff,0x14,0x9d,0x00,0x00,0x41,0x08,0x11,0x53,0x46,
    0x21,0x4e,0x45,0x02,0x16,0x00,0x02,0xe0,0x05,0x33,0x00,0x00,0x61,0x04,0x03,0x04,
    0x02,0x00,0x08,0x1e,0x16,0x0f,0x76,0x07,0x19,0x26,0x45,0x19,0xf0,0x02,0x26,0xfc,
    0x8e,0x5e,0x01,0x0f,0x02,0x00,0x07,0x0f,0x78,0x01,0x1d,0x17,0x3a,0x78,0x01,0x02,
    0xc6,0x38,0x0f,0x96,0x22,0x0f,0x26,0x28,0x2a,0xc0,0x06,0x0f,0x02,0x00,0x07,0x08,
    0x78,0x01,0x08,0x02,0x00,0x0e,0xac,0x08,0x02,0x18,0x04,0x6a,0x45,0x19,0xf7,0xbd,
    0x7d,0xef,0x24,0x20,0x66,0xf7,0xbd,0x72,0x8c,0x28,0x2a,0xfe,0x01,0x24,0x0c,0x5b,
    0x5a,0x16,0x84,0x88,0x29,0xea,0x31,0xa3,0x10,0x8a,0x32,0x08,0x12,0x86,0x0c,0x5b,
    0xc5,0x18,0x45,0x19,0x4e,0x43,0x2c,0x00,0x02,0xce,0x00,0x02,0x4c,0x13,0x02,0x46,
    0x13,0x02,0x14,0x00,0x0f,0x02,0x00,0x13,0x02,0xe2,0x05,0x6f,0x3c,0x8f,0x3c,0x8f,
    0x3c,0x8f,0x6e,0x01,0x07,0x15,0x1f,0x02,0x00,0x0f,0x78,0x01,0x1b,0x02,0xbc,0x0b,
    0x02,0xf0,0x02,0x02,0xde,0x05,0x02,0xaa,0x00,0x0c,0x02,0x00,0x0f,0x44,0x30,0x0b,
    0x0f,0x02,0x00,0x03,0x0f,0x78,0x01,0x05,0x0f,0x02,0x00,0x05,0x2c,0x10,0x84,0x76,
    0x01,0x4a,0x00,0x00,0xf7,0xbd,0x24,0x1c,0x82,0x28,0x2a,0xf0,0x6b,0xff,0xff,0x8a,
    0x52,0x44,0x00,0x62,0xea,0x31,0x88,0x29,0x88,0x29,0xd0,0x08,0x2c,0x8a,0x52,0x9e,
    0x03,0x02,0xb4,0x00,0x28,0x41,0x08,0xb8,0x01,0x08,0x02,0x00,0x2a,0x48,0x29,0x5c,
    0x04,0x0a,0x02,0x00,0x22,0x56,0x6d,0xc0,0x0b,0x04,0xe2,0x05,0x08,0x02,0x00,0x04,
    0x6c,0x01,0x08,0x02,0x00,0x06,0x78,0x01,0x1f,0x3f,0x1c,0x58,0x10,0x04,0x56,0x07,
    0x2f,0x1a,0x7c,0xaa,0x0e,0x07,0x02,0xf6,0x1d,0x02,0x08,0x00,0x0f,0x02,0x00,0x19,
    0x0f,0x78,0x01,0x01,0x08,0xdc,0x05,0xc2,0x8a,0x52,0xf0,0x6b,0x69,0x4a,0x08,0x42,
    0x08,0x42,0x82,0x10,0x38,0x1a,0x17,0x8e,0x54,0x04,0x02,0x02,0x00,0x0c,0x78,0x01,
    0x82,0x00,0x00,0xe3,0x10,0x75,0xad,0x1c,0xdf,0x50,0x1d,0x44,0xa3,0x10,0x93,0x5b,
    0x78,0x01,0x0a,0x12,0x06,0x22,0x25,0x19,0x4e,0x0c,0x2e,0x06,0x21,0x3c,0x05,0x02,
    0x02,0x00,0x2c,0x41,0x08,0xbc,0x09,0x08,0xe8,0x14,0x46,0x00,0x00,0x4e,0x43,0x78,
    0x01,0x24,0xdc,0x86,0x76,0x01,0x08,0x6a,0x01,0x0a,0x02,0x00,0x0f,0x78,0x01,0x1b,
    0x04,0x56,0x07,0x39,0x1a,0x7c,0x3a,0xe2,0x2e,0x08,0x22,0x2d,0x0f,0x02,0x00,0x11,
    0x08,0xf0,0x0f,0x04,0xf8,0x12,0x0f,0x78,0x01,0x01,0x0f,0xdc,0x05,0x03,0x82,0x08,
    0x42,0x00,0x00,0x14,0x9d,0x1c,0xdf,0x58,0x01,0x08,0x70,0x00,0x0e,0x78,0x01,0x66,
    0x00,0x00,0x82,0x10,0x7d,0xef,0x4e,0x19,0x1f,0x05,0x70,0x16,0x02,0x0a,0x4a,0x3e,
    0x0c,0x2e,0x15,0x0f,0x02,0x00,0x11,0x02,0xc4,0x0b,0x02,0x68,0x04,0x11,0xfc,0x78,
    0x01,0x0a,0x68,0x01,0x0c,0x02,0x00,0x06,0xe0,0x05,0x0f,0xf0,0x02,0x11,0x02,0x34,
    0x0d,0x02,0x78,0x01,0x0a,0x1a,0x02,0x0f,0x90,0x11,0x0f,0x08,0x04,0x0a,0x0a,0x2e,
    0x01,0x02,0x02,0x00,0x08,0x78,0x01,0x2f,0xe3,0x10,0xee,0x03,0x05,0x02,0xb2,0x27,
    0x24,0x82,0x10,0x9a,0x1a,0x02,0x8e,0x27,0x02,0x02,0x00,0x4a,0x45,0x19,0x79,0xce,
    0x68,0x04,0x02,0x02,0x00,0x46,0x14,0x9d,0x79,0xce,0xfc,0x21,0x02,0x68,0x00,0x62,
    0x69,0x4a,0x88,0x29,0xc8,0x29,0x4e,0x10,0x0c,0x26,0x0a,0x06,0xf4,0x05,0x0f,0x5e,
    0x13,0x05,0x0e,0x02,0x00,0x02,0x5a,0x07,0x03,0x78,0x01,0x1f,0x8e,0x76,0x01,0x01,
    0x28,0xff,0x02,0x02,0x00,0x0f,0x78,0x01,0x1b,0x04,0xce,0x08,0x46,0x1a,0x7c,0x3a,
    0x84,0x5a,0x31,0x0f,0x02,0x00,0x07,0x06,0x60,0x01,0x0a,0xf2,0x22,0x0f,0x02,0x00,
    0x01,0x02,0x10,0x01,0x0a,0x00,0x04,0x24,0x61,0x08,0x0e,0x03,0x08,0x02,0x00,0x62,
    0xc7,0x21,0x2d,0x5b,0xff,0xff,0x3c,0x04,0x0a,0x02,0x00,0x0f,0xf0,0x02,0x01,0x02,
    0x36,0x03,0x24,0x04,0x21,0xfa,0x01,0x02,0x68,0x00,0x8a,0x8a,0x52,0xea,0x31,0x4e,
    0x43,0x32,0x5c,0x40,0x00,0x13,0x25,0xbe,0x36,0x02,0x24,0x02,0x0e,0x5c,0x04,0x04,
    0x8c,0x0a,0x0f,0x02,0x00,0x01,0x06,0x68,0x04,0x28,0xfc,0x8e,0xde,0x02,0x02,0x6e,
    0x01,0x08,0x12,0x00,0x0f,0xf0,0x02,0x1f,0x04,0xce,0x08,0x4f,0x1a,0x7c,0x3a,0x84,
    0x32,0x18,0x0f,0x1f,0x8a,0x74,0x1d,0x06,0x0f,0x02,0x00,0x01,0x02,0x10,0x01,0x0a,
    0x78,0x01,0x04,0x02,0x00,0x26,0xe3,0x10,0xc2,0x01,0x02,0x0c,0x0a,0x22,0x79,0xce,
    0x0a,0x00,0x0a,0x02,0x00,0x08,0x78,0x01,0x08,0x46,0x09,0x08,0x58,0x00,0x08,0x68,
    0x00,0x22,0x66,0x21,0x5c,0x01,0x22,0x61,0x08,0x90,0x10,0x02,0xd4,0x00,0x0f,0xe6,
    0x02,0x07,0x0e,0x1a,0x00,0x06,0xf6,0x05,0x24,0x5a,0x86,0xf0,0x02,0x22,0x3c,0x8f,
    0x5c,0x01,0x02,0x74,0x01,0x02,0x0c,0x00,0x02,0x7e,0x01,0x06,0x02,0x00,0x0f,0xf0,
    0x02,0x1b,0x02,0x64,0x04,0x6a,0x1a,0x7c,0x1a,0x7c,0x34,0x63,0xf2,0x00,0x02,0x02,
    0x00,0x0f,0x9c,0x31,0x11,0x0f,0x02,0x00,0x05,0x08,0x10,0x01,0x04,0xa6,0x02,0x0e,
    0x02,0x00,0x02,0x98,0x01,0x42,0x75,0xad,0x75,0xad,0x26,0x00,0x0a,0x02,0x00,0x08,
    0x78,0x01,0x08,0x02,0x00,0x08,0x80,0x04,0x08,0x68,0x00,0x82,0xce,0x42,0xea,0x31,
    0x8c,0x3a,0xe8,0x29,0x9e,0x45,0x22,0x88,0x29,0x46,0x01,0x02,0x06,0x00,0x2f,0x45,
    0x19,0x1e,0x08,0x0f,0x08,0xc8,0x11,0x26,0x56,0x6d,0x78,0x01,0x11,0xbf,0x30,0x0a,
    0x02,0x74,0x01,0x06,0x6c,0x01,0x02,0x02,0x00,0x3a,0xdf,0x02,0xdf,0x78,0x01,0x1f,
    0x2c,0x38,0x0d,0x0d,0x06,0x46,0x0a,0x0f,0x78,0x01,0x05,0x0f,0xa8,0x0b,0x11,0x02,
    0x02,0x00,0x06,0x98,0x05,0x04,0xf8,0x12,0x06,0x10,0x01,0x02,0x8c,0x14,0x08,0xcc,
    0x08,0x06,0x02,0x00,0x02,0x5e,0x04,0x42,0xf7,0xbd,0x10,0x84,0x4e,0x11,0x0c,0x7a,
    0x07,0x0f,0xe0,0x05,0x01,0x02,0x30,0x00,0x02,0x78,0x00,0x08,0x68,0x00,0xf4,0x03,
    0x00,0x00,0x11,0x53,0xe5,0x18,0xea,0x31,0x05,0x19,0x93,0x5b,0x61,0x08,0x00,0x00,
    0xe5,0x18,0x24,0x00,0x0a,0x1e,0x0b,0x06,0xfe,0x13,0x0f,0x02,0x00,0x09,0x26,0x32,
    0x5c,0x78,0x01,0x4a,0x9c,0x7e,0xff,0x02,0x76,0x01,0x19,0xdf,0xde,0x05,0x0f,0x78,
    0x01,0x1b,0x06,0x46,0x0a,0x24,0x1a,0x7c,0xf0,0x18,0x0e,0xb4,0x34,0x0f,0x02,0x00,
    0x07,0x2f,0xe3,0x10,0x7a,0x04,0x09,0x06,0x78,0x01,0x04,0xfc,0x21,0x0a,0x1c,0x1c,
    0x02,0x18,0x00,0x02,0x84,0x02,0x42,0x75,0xad,0x14,0x9d,0x34,0x06,0x06,0x9e,0x01,
    0x62,0x2d,0x5b,0x08,0x42,0x08,0x42,0x10,0x13,0x0c,0x02,0x00,0x44,0xf7,0xbd,0x14,
    0x9d,0x2e,0x07,0x02,0x68,0x00,0x28,0x69,0x4a,0xba,0x04,0x82,0x61,0x08,0xce,0x42,
    0x61,0x08,0x66,0x21,0x70,0x01,0x0a,0xd4,0x00,0x0f,0x7c,0x29,0x07,0x0a,0x02,0x00,
    0x28,0x4e,0x43,0x78,0x01,0x04,0x66,0x04,0x0a,0x72,0x01,0x16,0xdf,0x02,0x00,0x06,
    0xd0,0x08,0x0f,0xf0,0x02,0x0e,0x04,0x14,0x13,0x44,0x1a,0x7c,0x1a,0x7c,0x9c,0x11,
    0x0f,0xc0,0x1b,0x0d,0x04,0x2a,0x01,0x0f,0x02,0x00,0x0f,0x02,0x10,0x01,0x02,0x48,
    0x04,0x02,0x02,0x00,0x02,0xca,0x0c,0x0f,0x02,0x00,0x01,0x4f,0x10,0x84,0xf7,0xbd,
    0x18,0x00,0x01,0x02,0x02,0x00,0x2c,0xc3,0x10,0x78,0x03,0x44,0xff,0xff,0x8a,0x52,
    0x68,0x01,0x04,0x68,0x00,0x08,0x14,0x10,0x73,0xc8,0x29,0x8c,0x3a,0xc8,0x29,0x86,
    0xe0,0x4f,0x86,0x83,0x10,0x00,0x00,0xc7,0x21,0xce,0x42,0x00,0x03,0x08,0x02,0x00,
    0x2a,0x41,0x08,0x66,0x32,0x04,0x02,0x00,0x0c,0x78,0x01,0x02,0x56,0x04,0x02,0x02,
    0x00,0x05,0x6e,0x01,0x06,0x02,0x00,0x08,0x78,0x01,0x1f,0x2c,0xb2,0x53,0x0b,0x0f,
    0x78,0x01,0x01,0x0f,0x02,0x00,0x01,0x0f,0xe6,0x05,0x23,0x04,0x10,0x01,0x0c,0x52,
    0x00,0x0f,0x5e,0x20,0x01,0x22,0x0c,0x5b,0xa2,0x11,0x0f,0x02,0x00,0x05,0x0a,0x88,
    0x07,0x46,0x86,0x31,0xff,0xff,0x50,0x10,0x0f,0x68,0x00,0x01,0xc4,0x66,0x21,0xe5,
    0x18,0x4f,0x4b,0xc3,0x10,0x11,0x53,0x25,0x19,0x80,0x23,0x02,0xe6,0x05,0x2c,0xe3,
    0x10,0x76,0x03,0x02,0x18,0x00,0x08,0x02,0x00,0x02,0x0a,0x38,0x26,0x28,0x2a,0xf0,
    0x02,0x26,0xfc,0x86,0xea,0x02,0x0f,0x74,0x01,0x00,0x0f,0x78,0x01,0x1c,0x02,0x6a,
    0x1a,0x02,0x02,0x00,0x08,0x18,0x3c,0x02,0x02,0x00,0x04,0xc8,0x03,0x0f,0xe6,0x05,
    0x19,0x08,0x02,0x00,0x0f,0x10,0x01,0x01,0x0f,0x02,0x00,0x03,0x46,0x61,0x08,0x4f,
    0x4b,0xfe,0x0f,0x0c,0xdc,0x02,0x0e,0x02,0x00,0x22,0x72,0x8c,0x64,0x0d,0x02,0x02,
    0x00,0x0f,0x68,0x00,0x03,0x22,0x41,0x08,0x4a,0x00,0x62,0x34,0x64,0x61,0x08,0x4a,
    0x32,0x74,0x12,0x33,0x61,0x08,0x6a,0x8e,0x3c,0x02,0xcc,0x17,0x02,0x08,0x00,0x0f,
    0x02,0x00,0x05,0x2a,0xc7,0x21,0x78,0x01,0x02,0xd2,0x05,0x0f,0x76,0x01,0x04,0x0f,
    0x78,0x01,0x1a,0x06,0xae,0x0e,0x2a,0x1a,0x7c,0x8c,0x14,0x02,0x34,0x30,0x0f,0x92,
    0x00,0x05,0x0f,0x02,0x00,0x01,0x06,0x72,0x14,0x02,0x62,0x07,0x04,0x72,0x30,0x4f,
    0x8e,0x6b,0x28,0x2a,0xbe,0x04,0x01,0x0a,0xb0,0x04,0x44,0x61,0x08,0xf7,0xbd,0x6a,
    0x04,0x0f,0x5e,0x03,0x0d,0x46,0x45,0x19,0x7d,0xef,0x56,0x07,0x0f,0x78,0x01,0x05,
    0x02,0x02,0x00,0x91,0x41,0x08,0x4f,0x4b,0x4a,0x32,0x86,0x21,0x05,0xe0,0x4f,0x02,
    0x44,0x05,0x11,0x46,0xea,0x00,0x0c,0x5c,0x0d,0x0e,0x02,0x00,0x0a,0x78,0x01,0x0f,
    0x76,0x01,0x01,0x17,0xbf,0x02,0x00,0x0f,0x68,0x04,0x19,0x0c,0x78,0x01,0x0f,0xa4,
    0x0e,0x0f,0x04,0x02,0x00,0x04,0x5c,0x05,0x02,0x84,0x1b,0x04,0x16,0x00,0x0a,0x02,
    0x00,0x02,0x74,0x30,0x02,0x68,0x04,0x02,0xac,0x08,0x0a,0x02,0x00,0x0a,0xd8,0x01,
    0x24,0x08,0x42,0x2c,0x00,0x0a,0x02,0x00,0x0e,0x94,0x00,0x2a,0x10,0x84,0xf0,0x2e,
    0x08,0x68,0x00,0x0e,0x02,0x00,0xff,0x03,0x41,0x08,0xea,0x31,0x41,0x08,0x4f,0x4b,
    0x86,0x21,0x4f,0x4b,0xe5,0x18,0x00,0x00,0xe5,0x18,0xe6,0x05,0x15,0x0a,0x78,0x01,
    0x02,0x68,0x04,0x04,0x02,0x00,0x06,0x70,0x01,0x04,0x02,0x00,0x42,0xdf,0x23,0xff,
    0x3b,0x80,0x17,0x0f,0xe0,0x05,0x0f,0x0a,0x78,0x01,0x04,0xdc,0x0d,0x0f,0x02,0x00,
    0x05,0x06,0xa2,0x0e,0x08,0xc2,0x06,0x0f,0x02,0x00,0x07,0x0e,0x10,0x01,0x0a,0xe4,
    0x02,0x0c,0x02,0x00,0x2a,0x75,0xad,0x50,0x01,0x02,0x02,0x00,0x0c,0x5a,0x4f,0x2c,
    0x86,0x31,0x5c,0x0a,0x02,0x68,0x00,0x22,0x69,0x4a,0x30,0x00,0x0f,0x02,0x00,0x01,
    0xa2,0x41,0x08,0x00,0x00,0xd0,0x53,0x4e,0x43,0x6a,0x32,0xf2,0x02,0x06,0xca,0x00,
    0x06,0xb2,0x0e,0x0e,0xe6,0x05,0x2c,0x8c,0x3a,0x68,0x04,0x04,0x02,0x00,0x04,0x6c,
    0x01,0x08,0x02,0x00,0x06,0x78,0x01,0x2f,0x1f,0x34,0x58,0x07,0x0d,0x0a,0x78,0x01,
    0x02,0x86,0x00,0x0c,0x02,0x00,0x04,0x96,0x02,0x0e,0x90,0x06,0x0f,0x02,0x00,0x0d,
    0x02,0x10,0x01,0x02,0xf0,0x02,0x08,0x02,0x00,0x02,0xfc,0x00,0x02,0x02,0x00,0x22,
    0xc3,0x10,0x52,0x0e,0x04,0xf0,0x12,0x22,0x79,0xce,0xd0,0x0b,0x0f,0x02,0x00,0x05,
    0x44,0x86,0x31,0x7d,0xef,0x90,0x04,0x04,0x02,0x00,0x0f,0x68,0x00,0x01,0x1d,0x61,
    0xfe,0x15,0xf4,0x01,0x05,0x19,0xc8,0x29,0xe8,0x29,0x4a,0x32,0x25,0x19,0x61,0x08,
    0xd0,0x53,0xc7,0x21,0x6a,0x01,0x02,0xc2,0x52,0x0f,0x02,0x00,0x01,0x0a,0xf0,0x02,
    0x04,0x74,0x01,0x0c,0x76,0x01,0x13,0x9f,0x02,0x00,0x0f,0x78,0x01,0x39,0x0f,0xe6,
    0x05,0x21,0x02,0xc2,0x00,0x06,0x20,0x29,0x04,0x2c,0x17,0x06,0x02,0x00,0x28,0x45,
    0x19,0x3c,0x04,0x04,0x32,0x00,0x04,0x56,0x01,0x26,0x79,0xce,0xaa,0x08,0x0c,0x02,
    0x00,0x2f,0x08,0x42,0x9a,0x01,0x01,0x0f,0x78,0x01,0x01,0x0e,0xda,0x14,0x02,0x06,
    0x1f,0xb7,0xd0,0x53,0xe8,0x29,0x34,0x64,0xe5,0x18,0x00,0x00,0x46,0x20,0x1f,0x0a,
    0x02,0x00,0x02,0x00,0x06,0x0f,0x78,0x01,0x05,0x06,0xe4,0x02,0x02,0x70,0x01,0x04,
    0x02,0x00,0x0f,0x78,0x01,0x25,0x06,0xde,0x07,0x0c,0x6c,0x3d,0x0f,0x02,0x00,0x13,
    0x42,0x45,0x19,0x28,0x2a,0x68,0x02,0x22,0xe3,0x10,0xaa,0x0b,0x02,0x10,0x01,0x4a,
    0x69,0x4a,0xec,0x3a,0xe4,0x02,0x0f,0x02,0x00,0x09,0xc8,0x04,0x21,0x79,0xce,0x7d,
    0xef,0x10,0x84,0x82,0x10,0x61,0x08,0x9e,0x01,0x8e,0x00,0x00,0x04,0x21,0x14,0x9d,
    0xff,0xff,0x10,0x03,0x22,0x45,0x19,0xf8,0x18,0x0e,0x58,0x03,0x0f,0x02,0x00,0x03,
    0x46,0x4e,0x43,0x4a,0x32,0x64,0x03,0x0e,0x02,0x00,0x04,0x5c,0x10,0x0f,0x78,0x01,
    0x03,0x0f,0x76,0x01,0x05,0x0f,0x78,0x01,0x1b,0x0f,0xc0,0x0b,0x01,0x0a,0xfc,0x04,
    0x0f,0x02,0x00,0x07,0x04,0x3c,0x23,0x08,0x7a,0x17,0x0a,0x02,0x00,0x02,0x78,0x01,
    0x02,0x10,0x01,0x0a,0xe4,0x02,0x0e,0xba,0x0f,0x08,0x02,0x00,0xc2,0x10,0x84,0x7d,
    0xef,0x7d,0xef,0x14,0x9d,0x10,0x84,0x08,0x42,0x5e,0x10,0x8e,0x0c,0x5b,0x75,0xad,
    0xff,0xff,0x1c,0xdf,0x3c,0x03,0x0f,0x98,0x26,0x21,0x51,0xe8,0x29,0xec,0x3a,0x4a,
    0xe0,0x43,0x02,0xf2,0x04,0x02,0xda,0x05,0x22,0x88,0x29,0x16,0x22,0x06,0x02,0x00,
    0x19,0x08,0xc0,0x0b,0x0a,0x62,0x04,0x04,0xe6,0x02,0x06,0x02,0x00,0x42,0xdf,0x23,
    0xff,0x33,0x58,0x07,0x0f,0xe0,0x05,0x0f,0x0f,0x78,0x01,0x01,0x0f,0x02,0x00,0x09,
    0x06,0x36,0x05,0x0f,0xe6,0x3e,0x01,0x0c,0x02,0x00,0x08,0x78,0x01,0x02,0x02,0x00,
    0x08,0x0c,0x25,0x22,0x25,0x19,0xc4,0x0f,0x02,0xce,0x4a,0x08,0x1a,0x00,0x62,0x00,
    0x00,0x82,0x10,0x8e,0x6b,0x3e,0x33,0x02,0x02,0x00,0x46,0x7d,0xef,0x75,0xad,0xea,
    0x18,0x0c,0x02,0x00,0x0e,0x68,0x00,0x0f,0x02,0x00,0x01,0x08,0x80,0x16,0xc4,0x25,
    0x19,0x4e,0x43,0x08,0x2a,0x5a,0x86,0xc8,0x29,0x61,0x08,0x70,0x04,0x0e,0xe6,0x08,
    0x08,0xa0,0x11,0x19,0xdc,0x78,0x01,0x06,0x6e,0x01,0x06,0x02,0x00,0x0f,0x78,0x01,
    0x3f,0x22,0xe3,0x10,0x44,0x11,0x0a,0x8c,0x05,0x0f,0x02,0x00,0x05,0x02,0x44,0x02,
    0x2f,0xc7,0x21,0x10,0x01,0x01,0x1f,0x25,0x46,0x2c,0x06,0x02,0x36,0x00,0x02,0x02,
    0x00,0x06,0x0c,0x00,0x02,0xac,0x11,0x2f,0x82,0x10,0xfe,0x1a,0x0b,0x0c,0x78,0x01,
    0x08,0x4c,0x22,0x0f,0x02,0x00,0x05,0x88,0x28,0x2a,0x32,0x5c,0x4a,0x32,0x8c,0x3a,
    0xea,0x62,0x0a,0x02,0x00,0x46,0xea,0x31,0xd0,0x53,0xd0,0x08,0x26,0x9c,0x7e,0x64,
    0x04,0x06,0x6c,0x01,0x08,0x02,0x00,0x0f,0x78,0x01,0x19,0x33,0xbd,0x44,0x1a,0x4e,
    0x20,0x04,0x90,0x14,0x04,0xe6,0x06,0x08,0xbc,0x00,0x0f,0xa0,0x0b,0x05,0x0c,0x02,
    0x00,0x02,0xb6,0x4d,0x02,0xaa,0x0b,0x42,0x45,0x19,0xc3,0x10,0x10,0x01,0x0f,0x78,
    0x34,0x19,0x02,0x02,0x00,0x0f,0xd2,0x20,0x03,0x0a,0xee,0x05,0x02,0x54,0x13,0x02,
    0xae,0x00,0x02,0x68,0x00,0x02,0xd0,0x04,0x0f,0x02,0x00,0x19,0x84,0xec,0x3a,0x25,
    0x19,0x41,0x08,0x66,0x21,0xd6,0x68,0x02,0xd4,0x4c,0x24,0x46,0x21,0x70,0x04,0x0f,
    0x78,0x01,0x47,0x0c,0x80,0x17,0x06,0x86,0x27,0x02,0xd2,0x00,0x0f,0x02,0x00,0x17,
    0x02,0x94,0x18,0x0a,0x7e,0x04,0x02,0x10,0x01,0x2a,0x2d,0x5b,0xce,0x44,0x0a,0x56,
    0x01,0x0a,0x60,0x04,0x0f,0x02,0x00,0x1d,0x02,0x88,0x03,0x02,0x68,0x00,0x0f,0x78,
    0x01,0x1f,0xf1,0x02,0xc7,0x21,0x28,0x2a,0x61,0x08,0x61,0x08,0x4f,0x4b,0x66,0x21,
    0x25,0x19,0xa3,0x10,0xc8,0x62,0x4b,0x06,0x70,0x04,0x08,0x80,0x17,0x2f,0x7d,0x55,
    0xf0,0x02,0x10,0x03,0x38,0x0d,0x4f,0x1f,0x34,0x1f,0x34,0x18,0x13,0x0b,0x08,0x78,
    0x01,0x2f,0x39,0x7c,0xf6,0x00,0x1b,0x02,0x48,0x34,0x0f,0xb0,0x0e,0x13,0x13,0x86,
    0x90,0x15,0x02,0x02,0x00,0x06,0x48,0x04,0x0f,0x7a,0x04,0x09,0x0f,0x02,0x00,0x17,
    0x0f,0x78,0x01,0x25,0xf2,0x03,0x00,0x00,0xc7,0x21,0xec,0x3a,0xb3,0x64,0x86,0x21,
    0x4a,0x32,0x00,0x00,0x4a,0x32,0x61,0x08,0xfe,0x02,0x02,0x68,0x07,0x0a,0x78,0x01,
    0x06,0xde,0x05,0x08,0x5c,0x04,0x42,0x9f,0x02,0x9f,0x02,0x4c,0x07,0x28,0x4e,0x4b,
    0x48,0x0a,0x0f,0x78,0x01,0x0f,0x08,0x60,0x1d,0x0f,0xea,0x00,0x11,0x0f,0x68,0x01,
    0x09,0x42,0x61,0x08,0x00,0x00,0xfe,0x09,0x44,0x6a,0x32,0x00,0x00,0x68,0x04,0x0f,
    0x88,0x02,0x17,0x0a,0x9e,0x01,0x04,0x02,0x00,0x1f,0xec,0xe4,0x28,0x06,0x04,0x02,
    0x00,0x08,0x78,0x01,0x0f,0x5e,0x09,0x03,0x08,0x36,0x05,0x0a,0x02,0x00,0x24,0xe3,
    0x10,0x64,0x16,0x24,0x05,0x19,0xec,0x05,0x02,0x2c,0x57,0x26,0x66,0x21,0x60,0x1d,
    0x1f,0x1c,0x78,0x01,0x06,0x04,0x76,0x01,0x0f,0x78,0x01,0x1d,0x0f,0x50,0x20,0x07,
    0x02,0x48,0x07,0x13,0x28,0xca,0x4b,0x0f,0xbc,0x15,0x01,0x08,0x02,0x00,0x11,0xc3,
    0xb4,0x0b,0x22,0xec,0x3a,0x02,0x07,0x62,0x61,0x08,0xc3,0x10,0x86,0x21,0x8a,0x43,
    0x04,0x78,0x01,0x22,0x61,0x08,0x14,0x14,0x02,0x02,0x00,0x06,0xcc,0x08,0x08,0x02,
    0x00,0x0f,0x16,0x00,0x01,0x0f,0xd8,0x0a,0x01,0x17,0x08,0x42,0x26,0x0a,0x78,0x01,
    0x0f,0x8e,0x06,0x15,0x08,0xc6,0x13,0x02,0x54,0x05,0x42,0x61,0x08,0x6a,0x32,0xa4,
    0x00,0x02,0xa8,0x00,0x17,0x86,0x78,0x01,0x2f,0xfc,0x8e,0x78,0x01,0x3e,0x14,0x6c,
    0x5a,0x07,0x06,0x40,0x23,0x02,0xac,0x05,0x02,0x88,0x03,0x02,0x08,0x00,0x0f,0x02,
    0x00,0x0b,0x11,0x45,0x40,0x59,0x02,0x6c,0x05,0x08,0x02,0x00,0x66,0x8e,0x6b,0xff,
    0xff,0xff,0xff,0x00,0x0a,0x02,0xd0,0x00,0x02,0x02,0x00,0x28,0x86,0x21,0x6e,0x04,
    0x0f,0x02,0x00,0x1f,0x08,0x9a,0x00,0x0f,0x38,0x0d,0x1b,0x0c,0x02,0x00,0xb1,0xc7,
    0x21,0x28,0x2a,0xe3,0x10,0x61,0x08,0xd0,0x53,0x86,0xc0,0x33,0x11,0x4a,0x42,0x1b,
    0x31,0x4a,0x32,0x08,0x6e,0x33,0x03,0xc8,0x21,0x1f,0x86,0x78,0x01,0x05,0x06,0xf2,
    0x02,0x0f,0x68,0x04,0x1b,0x06,0xc2,0x0b,0x0f,0x30,0x26,0x0b,0x0f,0x02,0x00,0x03,
    0x11,0xe3,0x24,0x45,0x11,0xe3,0x0e,0x1a,0x22,0xc3,0x10,0x5a,0x01,0x06,0x50,0x01,
    0x02,0x2a,0x1d,0x2f,0x14,0x9d,0x3c,0x00,0x03,0x06,0x02,0x00,0x04,0xec,0x63,0x0a,
    0x02,0x00,0x08,0xa6,0x01,0x0f,0x02,0x00,0x0b,0x4f,0x79,0xce,0xff,0xff,0x06,0x22,
    0x03,0x0f,0x02,0x00,0x13,0x22,0xc7,0x21,0x02,0x00,0x06,0x2e,0x00,0x4a,0xc3,0x10,
    0x61,0x08,0x30,0x26,0x06,0x78,0x01,0x0f,0xe2,0x05,0x03,0x4f,0x9f,0x02,0x3f,0x2c,
    0x58,0x07,0x19,0x06,0x4a,0x0a,0x2f,0x3a,0x84,0x52,0x20,0x03,0x0f,0x02,0x00,0x03,
    0x02,0x6c,0x01,0x31,0x00,0x00,0x28,0xf2,0x03,0xc6,0x45,0x19,0x00,0x00,0x25,0x19,
    0x08,0x2a,0xc3,0x10,0x86,0x21,0xa6,0x05,0x04,0x18,0x42,0x08,0xd2,0x00,0x02,0xac,
    0x09,0x0c,0x02,0x00,0x0f,0xd6,0x08,0x01,0x02,0xf4,0x03,0x0f,0x02,0x00,0x0f,0x02,
    0xde,0x01,0x0f,0x18,0x42,0x09,0x08,0x80,0x00,0x0f,0x02,0x00,0x01,0x02,0x44,0x05,
    0x06,0x26,0x00,0x79,0x61,0x08,0x00,0x00,0x25,0x19,0x15,0x20,0x29,0x0f,0x78,0x01,
    0x09,0x02,0x02,0x00,0x0f,0x78,0x01,0x1b,0x06,0xd2,0x08,0x2f,0x3a,0x84,0x5a,0x07,
    0x13,0x04,0xba,0x06,0x04,0x78,0x05,0x02,0xda,0x05,0x11,0x08,0x9c,0x11,0x02,0xd6,
    0x00,0x42,0x61,0x08,0x86,0x21,0x60,0x01,0x02,0xe2,0x05,0x02,0x80,0x27,0x02,0x02,
    0x00,0x04,0x1a,0x00,0x0f,0x02,0x00,0x25,0x0c,0x66,0x07,0x22,0x82,0x10,0xee,0x02,
    0x28,0x8e,0x6b,0x3a,0x01,0x0a,0x02,0x00,0x0a,0xee,0x36,0x0f,0x02,0x00,0x03,0x04,
    0xf6,0x10,0xa8,0x00,0x00,0x6a,0x32,0x08,0x2a,0x6a,0x32,0x61,0x08,0x10,0x2c,0x2f,
    0x7f,0x03,0x78,0x01,0x3f,0x04,0xd2,0x08,0x62,0x3a,0x84,0x3a,0x84,0xc5,0x18,0x1e,
    0x0a,0x02,0x02,0x08,0x02,0x48,0x01,0x02,0x0e,0x02,0x02,0x70,0x01,0x02,0x12,0x00,
    0x0a,0x02,0x00,0x46,0x61,0x08,0xec,0x3a,0x5c,0x04,0x04,0x02,0x00,0x02,0x78,0x01,
    0x22,0x04,0x21,0x2a,0x33,0x2f,0x75,0xad,0xde,0x15,0x01,0x22,0xc3,0x10,0x26,0x00,
    0x0a,0x02,0x00,0x0f,0x5c,0x07,0x01,0x06,0x02,0x00,0x04,0xee,0x01,0x02,0x02,0x00,
    0x22,0x04,0x21,0x76,0x01,0x04,0xa8,0x2a,0x0f,0x02,0x00,0x17,0x02,0xc6,0x13,0x06,
    0x02,0x00,0x04,0x46,0x10,0x04,0x14,0x14,0x28,0xc3,0x08,0x00,0x2f,0x04,0x04,0x16,
    0x04,0x16,0x13,0x02,0xe2,0x02,0x0a,0x02,0x00,0x0f,0xf0,0x02,0x1d,0x04,0x84,0x17,
    0x55,0x3a,0x84,0x3a,0x84,0x0b,0x42,0x01,0x0f,0x62,0x01,0x01,0x0e,0x02,0x00,0xcc,
    0x61,0x08,0xec,0x3a,0x25,0x19,0x25,0x19,0xc3,0x10,0xe8,0x29,0xca,0x02,0x02,0x20,
    0x65,0x24,0x0c,0x5b,0x62,0x11,0x46,0x72,0x8c,0x8a,0x52,0x36,0x23,0x02,0x02,0x00,
    0x11,0xf0,0x48,0x33,0x0a,0x02,0x00,0x2f,0x69,0x4a,0x16,0x00,0x01,0x0e,0x02,0x00,
    0x22,0x8a,0x52,0x4e,0x03,0x2e,0xff,0xff,0xbe,0x2d,0x0f,0x02,0x00,0x1d,0x22,0x61,
    0x08,0x40,0x28,0x02,0xa2,0x1c,0x0e,0xf0,0x31,0x0c,0x78,0x01,0x0f,0x7a,0x01,0x01,
    0x0f,0x78,0x01,0x1d,0x04,0x5a,0x07,0x3f,0x3a,0x84,0x3a,0x40,0x4f,0x04,0x0f,0x02,
    0x00,0x03,0x02,0x32,0x02,0x22,0x6a,0x32,0x02,0x07,0x02,0xbc,0x0b,0x13,0x66,0x60,
    0x04,0x02,0x02,0x00,0x02,0xce,0x02,0x22,0x0c,0x5b,0xf4,0x02,0x0f,0x02,0x00,0x45,
    0x62,0x7d,0xef,0x2d,0x5b,0x45,0x19,0x72,0x00,0x0c,0x02,0x00,0x0f,0x3e,0x02,0x13,
    0x02,0x02,0x00,0x0a,0x2c,0x00,0x13,0xb3,0xb4,0x3d,0x66,0x3c,0x8f,0x3c,0x8f,0xdc,
    0x86,0xce,0x1e,0x04,0xf2,0x02,0x0e,0x7a,0x01,0x0f,0x78,0x01,0x1d,0x22,0xff,0x1c,
    0x4a,0x0a,0x02,0x90,0x43,0x02,0x84,0x00,0x0f,0x02,0x00,0x0d,0x02,0x74,0x01,0x4c,
    0x08,0x2a,0x25,0x19,0x50,0x3c,0x04,0xfc,0x32,0x08,0x02,0x00,0x24,0x04,0x21,0x9a,
    0x02,0x0f,0x02,0x00,0x3d,0x62,0x7d,0xef,0x14,0x9d,0x82,0x10,0x64,0x06,0x0f,0x02,
    0x00,0x01,0x0f,0x80,0x2d,0x15,0x04,0x5e,0x3b,0x06,0x32,0x34,0x02,0xde,0x05,0x02,
    0x78,0x01,0x26,0x7d,0x55,0x78,0x01,0x0f,0x7a,0x01,0x07,0x0f,0x78,0x01,0x1d,0x04,
    0xe2,0x05,0x02,0x78,0x01,0x02,0x8c,0x32,0x06,0xdc,0x07,0x0c,0x02,0x00,0x04,0xb0,
    0x0e,0x91,0x61,0x08,0x00,0x00,0x86,0x21,0xec,0x3a,0xe8,0xfc,0x80,0x04,0x4a,0x12,
    0x68,0x00,0x00,0x00,0x00,0x05,0x19,0x58,0x2c,0x02,0xf4,0x10,0x84,0x00,0x00,0x82,
    0x10,0x8a,0x52,0x10,0x84,0x02,0x00,0x24,0x72,0x8c,0x0a,0x00,0x08,0x02,0x00,0x28,
    0x14,0x9d,0x0e,0x00,0x0f,0x02,0x00,0x0f,0x2f,0x8a,0x52,0x36,0x06,0x01,0x0f,0x02,
    0x00,0x11,0x0f,0x20,0x03,0x05,0x04,0x02,0x00,0x22,0xd0,0x53,0xde,0x05,0x6a,0x1c,
    0x8f,0x3c,0x8f,0x1c,0x8f,0xaa,0x24,0x06,0xf2,0x02,0x0a,0xf6,0x02,0x06,0x78,0x01,
    0x2f,0xff,0x3b,0x28,0x10,0x0f,0x06,0xe2,0x05,0x02,0x78,0x01,0x26,0x11,0x53,0xdc,
    0x07,0x31,0x61,0x08,0x8a,0x44,0x0c,0x02,0x0e,0x02,0x06,0xe2,0x0d,0x04,0x3c,0x18,
    0x22,0x6a,0x32,0x80,0x01,0x35,0xa3,0x10,0x66,0xc4,0x13,0x04,0x50,0x1b,0x04,0x02,
    0x00,0x08,0x84,0x01,0x0f,0x02,0x00,0x21,0x0f,0x66,0x07,0x0b,0x0e,0xd0,0x07,0x0f,
    0x02,0x00,0x13,0x0f,0xe2,0x08,0x01,0x06,0x4c,0x10,0x31,0x28,0x2a,0x56,0x44,0x0a,
    0x02,0x78,0x01,0x11,0xfc,0x66,0x04,0x0f,0x4e,0x20,0x0d,0x44,0xbf,0x02,0x3f,0x24,
    0xc0,0x0b,0x0f,0x78,0x01,0x15,0x02,0xc4,0x0b,0x02,0x78,0x01,0x0f,0x1e,0x13,0x13,
    0x68,0xc7,0x21,0xc3,0x10,0xe8,0x29,0x12,0x05,0x1f,0xa3,0x9c,0x08,0x02,0x0a,0x02,
    0x00,0x22,0x05,0x19,0xf2,0x05,0x0a,0x02,0x00,0x0f,0x14,0x00,0x01,0x06,0x02,0x00,
    0x08,0x2c,0x7a,0x0e,0x02,0x00,0x11,0x6a,0x18,0x02,0x0f,0x02,0x00,0x35,0x04,0x7a,
    0x01,0x04,0x44,0x0a,0x02,0x78,0x01,0x02,0x92,0x2a,0x01,0xf2,0x2b,0x07,0x02,0x00,
    0x02,0xee,0x02,0x08,0x02,0x00,0x0f,0x78,0x01,0x1f,0x37,0x1f,0x05,0x3a,0x18,0x42,
    0x02,0x6a,0x04,0x0f,0x02,0x00,0x09,0x84,0x05,0x19,0x4f,0x4b,0xec,0x3a,0x66,0x21,
    0x3a,0x15,0x02,0x02,0x00,0x08,0x60,0x04,0x22,0x41,0x08,0x5c,0x12,0x0c,0x02,0x00,
    0x0f,0x64,0x01,0x01,0x17,0x41,0x86,0x7b,0x0f,0x02,0x00,0x37,0x0f,0xda,0x05,0x15,
    0x0e,0x02,0x00,0x42,0xe3,0x10,0x0d,0x3b,0x74,0x01,0x66,0x1c,0x8f,0x1c,0x8f,0xdc,
    0x8e,0x90,0x2a,0x08,0xe6,0x05,0x0a,0xea,0x05,0x03,0xf0,0x02,0x03,0xe8,0x1b,0x0f,
    0xf0,0x02,0x15,0x02,0x6a,0x04,0x02,0xf0,0x02,0x3f,0x3a,0x84,0x93,0x1e,0x08,0x06,
    0x02,0x92,0x1b,0x44,0x28,0x2a,0x32,0x5c,0xe4,0x12,0x0a,0x60,0x04,0x08,0x02,0x00,
    0x08,0xf2,0x05,0x04,0x58,0x15,0x0f,0x02,0x00,0x19,0x0f,0xa2,0x01,0x01,0x0f,0x02,
    0x00,0x47,0x08,0x44,0x05,0x33,0x45,0x19,0x32,0xcc,0x08,0x02,0x80,0x46,0x2f,0xff,
    0x02,0x92,0x2a,0x0e,0x01,0x02,0x00,0x0f,0x78,0x01,0x21,0x26,0xbd,0x44,0x78,0x01,
    0x42,0x5a,0x84,0x41,0x08,0xb2,0x08,0x08,0x48,0x04,0x02,0xca,0x05,0x6a,0x6a,0x32,
    0xec,0x3a,0x6a,0x32,0x34,0x0e,0x06,0x28,0x18,0x0f,0x02,0x00,0x05,0x0a,0x5e,0x0a,
    0x04,0x02,0x00,0x0f,0xfa,0x05,0x0b,0x0f,0x60,0x04,0x47,0x06,0xb4,0x08,0x0f,0x02,
    0x00,0x05,0x22,0xdc,0x8e,0x74,0x01,0x01,0x54,0x4f,0x12,0x7e,0x6e,0x30,0x04,0x5c,
    0x07,0x0e,0xf6,0x02,0x04,0x02,0x00,0x0f,0x78,0x01,0x21,0x24,0x1f,0x05,0x4e,0x4f,
    0x37,0x3a,0x84,0x5a,0xd8,0x37,0x02,0xbe,0x08,0x02,0x0e,0x02,0xa6,0xe3,0x10,0xd0,
    0x53,0x8c,0x3a,0x8c,0x3a,0x66,0x21,0x62,0x22,0x0a,0x18,0x1b,0x51,0x00,0x00,0xa3,
    0x10,0x88,0xb4,0x19,0x0c,0x02,0x00,0x0f,0xf2,0x02,0x01,0x02,0x64,0x18,0x0f,0x02,
    0x00,0x25,0x0f,0x70,0x07,0x07,0x0f,0x6c,0x07,0x0f,0x0f,0xb8,0x1c,0x07,0x62,0x28,
    0x2a,0x45,0x19,0x8a,0x32,0x72,0x01,0x06,0x66,0x04,0x0e,0x7a,0x01,0x0c,0x72,0x04,
    0x0f,0x78,0x01,0x27,0x08,0x50,0x4f,0x1d,0xb6,0x46,0x3a,0x02,0xce,0x00,0x51,0xc8,
    0x29,0xc3,0x10,0x86,0xa2,0x4d,0x0f,0x5e,0x01,0x03,0x06,0xf4,0x26,0x02,0x02,0x00,
    0x08,0x6c,0x04,0x0f,0x02,0x00,0x15,0x0f,0x60,0x04,0x2f,0x2f,0x61,0x08,0x1e,0x23,
    0x09,0x0f,0x02,0x00,0x0d,0x24,0x28,0x2a,0xba,0x0b,0x02,0x66,0x04,0x02,0xcc,0x34,
    0x02,0x7a,0x01,0x0a,0xf6,0x02,0x0c,0x7e,0x01,0x24,0xff,0x2b,0xc8,0x21,0x2f,0xff,
    0x33,0x48,0x0a,0x13,0x08,0x2e,0x55,0x02,0xb8,0x53,0x2a,0x88,0x29,0x14,0x02,0x11,
    0x66,0xc0,0x08,0x22,0xe8,0x29,0x58,0x0a,0x02,0x02,0x00,0x0f,0x56,0x01,0x0f,0x19,
    0x46,0xbe,0x0e,0x04,0x02,0x00,0x0f,0x72,0x07,0x03,0x04,0x02,0x00,0x24,0x41,0x08,
    0xf2,0x0b,0x0f,0x02,0x00,0x01,0x0f,0xc2,0x69,0x31,0x0f,0x02,0x00,0x01,0x06,0xee,
    0x00,0x2a,0x86,0x21,0x40,0x52,0x04,0x78,0x01,0x0a,0x7a,0x01,0x02,0xe0,0x08,0x0b,
    0x02,0x00,0x0f,0x78,0x01,0x22,0x0a,0x30,0x55,0x26,0x57,0x74,0x9e,0x00,0xd5,0x41,
    0x08,0x66,0x21,0xc8,0x29,0xa3,0x10,0x4a,0x32,0x45,0x19,0x4a,0x6c,0x43,0x24,0x00,
    0x00,0x78,0x22,0x02,0x60,0x04,0x04,0xdc,0x26,0x0f,0x02,0x00,0x0f,0x2f,0x41,0x08,
    0xb2,0x01,0x0f,0x0f,0x02,0x00,0x07,0x0f,0x32,0x16,0x01,0x0f,0x02,0x00,0x15,0x04,
    0x6a,0x25,0x0e,0x02,0x00,0x06,0xfc,0x29,0x26,0xb3,0x5c,0x78,0x01,0x02,0x10,0x42,
    0x08,0x7a,0x01,0x22,0xff,0x02,0x82,0x01,0x06,0x02,0x00,0x02,0x64,0x04,0x01,0x5a,
    0x36,0x0f,0x78,0x01,0x24,0x02,0x0e,0x5b,0x02,0xf0,0x02,0x42,0x5a,0x84,0x06,0x21,
    0xdc,0x05,0x22,0xa3,0x10,0xee,0x02,0x55,0x8a,0x32,0xec,0x3a,0xc7,0x36,0x6f,0x0e,
    0x02,0x00,0x08,0x78,0x01,0x0f,0xce,0x05,0x01,0x0f,0x02,0x00,0x0d,0x0f,0xe6,0x02,
    0x09,0x0f,0x02,0x00,0x15,0x0f,0x94,0x01,0x0f,0x0f,0x52,0x15,0x03,0x06,0x02,0x00,
    0x28,0xe4,0x10,0x20,0x58,0x04,0x1e,0x3f,0x06,0x7a,0x01,0x02,0x6a,0x04,0x04,0x08,
    0x00,0x0b,0x02,0x00,0x0f,0x78,0x01,0x24,0x04,0xbc,0x53,0x02,0x74,0x5f,0xc2,0x34,
    0x63,0x41,0x08,0x00,0x00,0xea,0x31,0xc7,0x21,0x4f,0x4b,0xa6,0x13,0x04,0x22,0x16,
    0x0f,0x02,0x00,0x0f,0x0f,0x62,0x2b,0x03,0x0e,0x50,0x32,0x08,0x02,0x00,0x0f,0x66,
    0x07,0x0b,0x0f,0x60,0x04,0x13,0x0f,0x48,0x2e,0x0d,0x0f,0x02,0x00,0x0f,0x28,0xb3,
    0x5c,0x78,0x01,0x04,0x94,0x40,0x0a,0x7a,0x01,0x06,0x7c,0x01,0x0a,0x02,0x00,0x0f,
    0xe0,0x05,0x23,0x06,0x5c,0x07,0x02,0x78,0x01,0xf6,0x01,0x5a,0x84,0x0b,0x3a,0x66,
    0x21,0xc8,0x29,0x41,0x08,0xc8,0x29,0x25,0x19,0xe8,0x29,0x4a,0x1e,0x08,0x60,0x04,
    0x0f,0x46,0x0a,0x05,0x0f,0xf2,0x02,0x01,0x0f,0x60,0x04,0x67,0x0f,0x02,0x00,0x15,
    0x02,0xee,0x02,0x04,0x68,0x04,0x04,0xee,0x02,0x04,0x02,0x00,0x0a,0x66,0x01,0x02,
    0x7e,0x01,0x04,0x7a,0x04,0x01,0x10,0x00,0x0f,0xf0,0x02,0x26,0x02,0x4e,0x0a,0x04,
    0x78,0x01,0x44,0x34,0x63,0x41,0x08,0xb8,0x28,0x46,0x88,0x29,0xe5,0x18,0x4c,0x12,
    0x08,0xa0,0x05,0x04,0x9a,0x3b,0x0f,0x02,0x00,0x25,0x1f,0x8c,0xa6,0x21,0x0e,0x0f,
    0x02,0x00,0x0f,0x0f,0x3a,0x0a,0x0f,0x2f,0xc3,0x10,0x24,0x00,0x09,0x04,0x7e,0x04,
    0x19,0x15,0xf0,0x60,0x04,0x70,0x01,0x06,0x02,0x00,0x02,0x60,0x01,0x0f,0x02,0x00,
    0x05,0x2f,0xff,0x2b,0xa0,0x11,0x1d,0x06,0x02,0x00,0x26,0x9c,0x64,0x78,0x01,0x42,
    0x5a,0x84,0x48,0x29,0xba,0x6a,0x24,0xe8,0x29,0x70,0x3e,0x0f,0x02,0x00,0x0b,0x0f,
    0xc2,0x32,0x03,0x0f,0x60,0x04,0x0b,0x0f,0x38,0x16,0x01,0x06,0x02,0x00,0x2f,0x66,
    0x21,0x3a,0x03,0x01,0x0c,0x02,0x00,0x0a,0x82,0x26,0x0f,0x02,0x00,0x03,0x0c,0x06,
    0x0e,0x0a,0x02,0x00,0x63,0x45,0x19,0x00,0x00,0xe8,0x21,0x38,0x6b,0x01,0x36,0x0d,
    0x39,0xdc,0x86,0x5f,0x1e,0x52,0x04,0x02,0x00,0x0f,0x76,0x01,0x05,0x0f,0x78,0x01,
    0x2b,0x26,0x1f,0x05,0x34,0x6b,0x62,0x5a,0x84,0x9a,0x84,0x4e,0x43,0x2e,0x12,0x02,
    0x1e,0x31,0x0f,0x9a,0x0e,0x0f,0x0f,0x22,0x00,0x01,0x0f,0x60,0x04,0x2b,0x0f,0xd6,
    0x0e,0x0b,0x0f,0x02,0x00,0x39,0x28,0xf9,0x7d,0x78,0x01,0x31,0x5f,0x03,0x3f,0x82,
    0x56,0x04,0x70,0x01,0x08,0x02,0x00,0x0f,0x7c,0x01,0x03,0x0f,0xf0,0x02,0x29,0x44,
    0x1f,0x05,0x7c,0x54,0x68,0x04,0xa4,0x5a,0x84,0x5a,0x84,0x57,0x74,0x08,0x2a,0x32,
    0x5c,0xbc,0x24,0x08,0x2e,0x0d,0x0f,0x9e,0x32,0x07,0x0f,0x02,0x00,0x13,0x0f,0x06,
    0x03,0x0b,0x0f,0x02,0x00,0x13,0x0e,0xe2,0x7f,0x0f,0x02,0x00,0x27,0x24,0x0d,0x3b,
    0x76,0x01,0x22,0xfc,0x8e,0xee,0x02,0x0f,0x7a,0x01,0x09,0x02,0x02,0x00,0x0a,0x80,
    0x01,0x0f,0x78,0x01,0x2b,0x0a,0xc2,0x69,0x4f,0x7a,0x84,0x6d,0x42,0xe0,0x00,0x05,
    0x06,0x02,0x04,0x02,0x02,0x43,0x0c,0x02,0x00,0x08,0x5a,0x0a,0x0e,0x02,0x00,0x06,
    0x3e,0x00,0x0f,0x02,0x00,0x01,0x0f,0xb0,0x0a,0x07,0x08,0x02,0x00,0x0f,0x60,0x04,
    0x11,0x1f,0xc7,0x20,0x25,0x12,0x33,0xc3,0x08,0xdc,0xec,0x02,0x02,0x02,0x00,0x04,
    0xaa,0x53,0x0f,0xf4,0x02,0x07,0x0e,0x02,0x00,0x15,0x1f,0x40,0x23,0x0f,0x90,0x14,
    0x17,0x08,0x02,0x00,0x08,0xb2,0x6c,0x44,0x7a,0x84,0x39,0x7c,0xee,0x02,0x0f,0x02,
    0x00,0x09,0x0f,0x68,0x3e,0x01,0x2f,0x41,0x08,0x7a,0x01,0x0b,0x0f,0x02,0x00,0x0b,
    0x08,0xbc,0x07,0x0f,0x02,0x00,0x07,0x0f,0x2e,0x07,0x09,0x04,0x02,0x00,0x0f,0x3c,
    0x1b,0x07,0x02,0x12,0x27,0x2a,0xc7,0x21,0xa0,0x6f,0x42,0xfc,0x8e,0x9c,0x7e,0x8c,
    0x59,0x04,0xa8,0x53,0x02,0xfc,0x02,0x0f,0x02,0x00,0x0d,0x0f,0x78,0x01,0x2d,0x04,
    0xf4,0x76,0x04,0xf8,0x76,0x28,0x0d,0x42,0xb4,0x08,0x0f,0xdc,0x02,0x03,0x0f,0x02,
    0x00,0x17,0x0f,0x60,0x04,0x0b,0x0f,0x6e,0x01,0x13,0x0f,0x02,0x00,0x3d,0x22,0x0d,
    0x3b,0x54,0x7e,0x02,0x02,0x00,0x22,0x9c,0x86,0x76,0x01,0x08,0x7a,0x01,0x0f,0x7c,
    0x01,0x11,0x0f,0x78,0x01,0x2f,0x06,0x92,0x72,0x02,0xe4,0x79,0x28,0xc5,0x18,0xba,
    0x02,0x0e,0x2a,0x47,0x0f,0x02,0x00,0x19,0x0f,0xc0,0x08,0x0b,0x0f,0xbc,0x11,0x0b,
    0x04,0x02,0x00,0x2f,0x05,0x19,0xc4,0x27,0x17,0x0f,0x02,0x00,0x0f,0x28,0xe4,0x10,
    0x80,0x75,0x39,0xdc,0x8e,0x7d,0x6a,0x5f,0x02,0xf4,0x02,0x02,0x60,0x07,0x04,0x08,
    0x00,0x0f,0x02,0x00,0x03,0x0f,0x78,0x01,0x2f,0x06,0x5e,0x07,0x02,0x78,0x01,0x0f,
    0x0c,0x74,0x03,0x02,0x32,0x6c,0x0e,0xa8,0x05,0x1f,0x83,0x0c,0x16,0x04,0x0f,0x02,
    0x00,0x11,0x0f,0x4e,0x03,0x15,0x0f,0x60,0x04,0x11,0x04,0x82,0x24,0x0f,0x02,0x00,
    0x0d,0x28,0xf9,0x7d,0x78,0x01,0x04,0x64,0x04,0x08,0x02,0x00,0x0c,0x7c,0x01,0x0f,
    0x80,0x01,0x03,0x0f,0x78,0x01,0x31,0x04,0x6c,0x04,0x02,0x78,0x01,0x0f,0xfc,0x76,
    0x09,0x08,0xe4,0x08,0x04,0x02,0x00,0x0f,0x96,0x51,0x01,0x08,0x32,0x03,0x0e,0x02,
    0x00,0x0f,0x80,0x0a,0x01,0x0e,0x02,0x00,0x0e,0xe4,0x01,0x0f,0x02,0x00,0x0b,0x0f,
    0x9e,0x01,0x0b,0x82,0x61,0x08,0xc7,0x21,0x00,0x00,0xb3,0x5c,0x76,0x01,0x02,0x58,
    0x07,0x2f,0x9c,0x86,0x22,0x68,0x01,0x06,0x72,0x04,0x06,0x72,0x01,0x02,0x0c,0x00,
    0x08,0x02,0x00,0x0f,0x78,0x01,0x33,0x02,0x6c,0x04,0x04,0x78,0x01,0x4f,0x7a,0x84,
    0x0b,0x3a,0x48,0x41,0x0f,0x0f,0x02,0x00,0x09,0x0f,0x54,0x0d,0x03,0x04,0x02,0x00,
    0x0f,0x60,0x04,0x15,0x0f,0xce,0x0b,0x3b,0x48,0xe3,0x10,0x90,0x4b,0x50,0x7e,0x4f,
    0xdc,0x8e,0x7d,0x55,0x48,0x65,0x09,0x08,0x66,0x01,0x02,0x7a,0x04,0x08,0x02,0x00,
    0x08,0x78,0x01,0x1f,0x3f,0x68,0x33,0x0e,0x0f,0x02,0x00,0x07,0x28,0xbd,0x44,0x78,
    0x01,0x46,0x7a,0x84,0x06,0x21,0x5a,0x3c,0x0f,0x02,0x00,0x03,0x0f,0xe8,0x02,0x01,
    0x0f,0x02,0x00,0x3b,0x0f,0xf2,0x02,0x11,0x0f,0x44,0x13,0x13,0x88,0x00,0x00,0x00,
    0x00,0x87,0x19,0xdc,0x8e,0x78,0x01,0x04,0xa0,0x6c,0x0f,0x7c,0x01,0x09,0x0c,0x7e,
    0x01,0x06,0x02,0x00,0x0f,0x78,0x01,0x35,0x46,0x1f,0x05,0x9c,0x64,0xf0,0x02,0x0a,
    0xa6,0x85,0x0f,0x3e,0x5d,0x03,0x0a,0x80,0x07,0x0f,0x02,0x00,0x11,0x0f,0x48,0x01,
    0x11,0x0f,0x84,0x1a,0x1f,0x0f,0x10,0x16,0x0f,0x01,0x42,0x1b,0x03,0x9e,0x88,0x05,
    0x68,0x04,0x07,0x9e,0x6c,0x0f,0x7a,0x01,0x0b,0x04,0x02,0x00,0x06,0x74,0x01,0x39,
    0x5f,0x03,0x5f,0x38,0x0d,0x0f,0xf0,0x02,0x29,0x01,0xe6,0x05,0x0b,0x96,0x88,0x08,
    0x28,0x01,0x0f,0x48,0x42,0x05,0x0a,0x02,0x00,0x2f,0xe5,0x18,0x02,0x06,0x01,0x04,
    0x02,0x00,0x0f,0xf8,0x0b,0x01,0x0e,0x02,0x00,0x0f,0x60,0x04,0x3d,0x01,0x4e,0x0d,
    0x38,0x08,0xf9,0x7d,0xa8,0x85,0x0e,0x06,0x71,0x0f,0x7c,0x01,0x13,0x06,0x02,0x00,
    0x0f,0x78,0x01,0x39,0x0c,0x86,0x8b,0x0f,0xda,0x08,0x07,0x0f,0x02,0x00,0x07,0x08,
    0xac,0x01,0x0e,0x02,0x00,0x0f,0x1e,0x00,0x0b,0x0f,0x02,0x00,0x19,0x0f,0x30,0x73,
    0x15,0x02,0x78,0x01,0x04,0x76,0x01,0x02,0xf0,0x02,0x06,0x12,0x6e,0x08,0x02,0x00,
    0x02,0x7a,0x01,0x0f,0xaa,0x6c,0x0f,0x02,0x02,0x00,0x0f,0x78,0x01,0x39,0x0a,0xec,
    0x8f,0x1f,0x7a,0x60,0x7e,0x06,0x0f,0xda,0x05,0x43,0x0f,0x46,0x07,0x1d,0x06,0x86,
    0xa0,0x0f,0x02,0x00,0x0b,0x42,0x61,0x08,0x56,0x6d,0xec,0x02,0x04,0x78,0x01,0x4f,
    0xdd,0x55,0xdf,0x03,0x6e,0x75,0x03,0x0f,0x7c,0x01,0x17,0x0f,0x78,0x01,0x3b,0x42,
    0x1f,0x05,0xbd,0x44,0x72,0x01,0x02,0x02,0x00,0x1f,0x9a,0xda,0x7f,0x02,0x35,0x06,
    0x21,0xc5,0xaa,0x51,0x04,0x02,0x00,0x0e,0x12,0x00,0x06,0x02,0x00,0x1b,0xea,0xbc,
    0xa5,0x0f,0x02,0x00,0x03,0x0f,0x06,0x16,0x13,0x0f,0x02,0x00,0x1d,0x0a,0x76,0x01,
    0x46,0xbc,0x8e,0xdc,0x8e,0xd4,0x79,0x08,0xee,0x02,0x06,0x02,0x00,0x04,0x7c,0x01,
    0x0f,0xfa,0x02,0x0b,0x0f,0x78,0x01,0x3d,0x0a,0x60,0x07,0x6f,0x9a,0x84,0x9a,0x84,
    0x57,0x74,0x1e,0x04,0x11,0x1f,0xc5,0x50,0x4a,0x04,0x02,0x02,0x00,0x0f,0xb2,0x0b,
    0x13,0x0f,0x02,0x00,0x11,0x0f,0x60,0x04,0x19,0x68,0x61,0x08,0xec,0x3a,0x56,0x6d,
    0xe0,0x92,0x4a,0xbc,0x8e,0x3c,0x6e,0xc4,0x7c,0x06,0x70,0x01,0x0a,0x02,0x00,0x06,
    0x7e,0x01,0x0f,0x82,0x01,0x03,0x0f,0x78,0x01,0x3f,0x08,0x7a,0x01,0x02,0xc0,0x98,
    0x2f,0xb6,0x6b,0x5a,0x04,0x43,0x02,0x02,0x00,0x0f,0x8a,0x07,0x09,0x0f,0x02,0x00,
    0x01,0x0f,0x60,0x04,0x15,0x88,0x00,0x00,0xc3,0x08,0xf9,0x7d,0x9c,0x8e,0x78,0x01,
    0x22,0x1c,0x76,0xa4,0x82,0x04,0x4e,0x7b,0x0f,0x70,0x04,0x05,0x04,0x02,0x00,0x02,
    0x76,0x01,0x0f,0x02,0x00,0x01,0x0f,0x78,0x01,0x41,0x06,0x7a,0x01,0x02,0x78,0x01,
    0x06,0xd4,0x95,0x0f,0xfa,0x02,0x11,0x06,0x02,0x00,0x0f,0xe6,0x02,0x13,0x0c,0x56,
    0x7b,0x0f,0x02,0x00,0x35,0x22,0x86,0x21,0x76,0x01,0x06,0x78,0x01,0x22,0x9c,0x86,
    0x76,0x01,0x0c,0x7a,0x01,0x0f,0xf6,0x02,0x07,0x06,0x02,0x00,0x0c,0x7c,0x01,0x0f,
    0x78,0x01,0x43,0x04,0x7a,0x01,0x04,0x78,0x01,0x6a,0xba,0x84,0x39,0x7c,0xaa,0x31,
    0xb0,0x8c,0x04,0x02,0x00,0x0f,0xda,0x05,0x07,0x2f,0x41,0x08,0x7c,0x0d,0x0d,0x0f,
    0x02,0x00,0x17,0x0f,0x62,0x13,0x0b,0x0c,0x02,0x00,0x73,0x61,0x08,0xe8,0x21,0x5c,
    0x8e,0x9c,0x02,0x00,0x02,0x52,0x07,0x08,0x76,0x01,0x02,0x02,0x00,0x02,0xf0,0x02,
    0x04,0x02,0x00,0x06,0x64,0x01,0x0f,0x02,0x00,0x11,0x0f,0x78,0x01,0x45,0x02,0x7a,
    0x01,0x06,0x78,0x01,0x31,0xba,0x84,0xba,0x16,0x19,0x0e,0x02,0x00,0x2f,0x06,0x21,
    0x86,0x04,0x23,0x0f,0x60,0x04,0x47,0x44,0x00,0x00,0xb3,0x5c,0x74,0x01,0x04,0xf0,
    0x02,0x0e,0x76,0x01,0x02,0x02,0x00,0x04,0x76,0x01,0x02,0x02,0x00,0x0f,0x72,0x01,
    0x11,0x02,0x02,0x00,0x0f,0x78,0x01,0x47,0x4a,0x1f,0x05,0x9c,0x64,0x78,0x01,0x0e,
    0x1a,0xa0,0x0f,0x02,0x00,0x29,0x0f,0x60,0x04,0x45,0x42,0x61,0x00,0x15,0x6d,0x70,
    0x01,0x04,0x02,0x00,0x4f,0xbc,0x8e,0x3c,0x6e,0x5e,0x8e,0x07,0x02,0x72,0x01,0x08,
    0x02,0x00,0x02,0x5a,0x01,0x0f,0x02,0x00,0x0b,0x0f,0x78,0x01,0x49,0x02,0x1e,0xa0,
    0x06,0x90,0xa1,0x6f,0xba,0x84,0xba,0x84,0x39,0x7c,0x6c,0x14,0x0b,0x02,0x02,0x00,
    0x0f,0x60,0x04,0x37,0x0f,0x5e,0x0a,0x1d,0x15,0xe8,0xd6,0x05,0x06,0x02,0x00,0x22,
    0x3c,0x6e,0xd8,0x8f,0x0f,0x7c,0x01,0x19,0x0f,0x7e,0x01,0x0d,0x0f,0x78,0x01,0x4b,
    0x02,0x4a,0x0d,0x0c,0x70,0xa7,0x22,0xce,0x42,0x60,0x07,0x0f,0x60,0x04,0x07,0x0f,
    0x8e,0x20,0x09,0x0f,0x66,0x1a,0x1d,0x0f,0x50,0x0d,0x19,0x33,0x90,0x4b,0x7b,0xd4,
    0x05,0x04,0x02,0x00,0x48,0xdc,0x8e,0xdd,0x5d,0xc8,0x92,0x02,0x5e,0x04,0x0f,0x02,
    0x00,0x01,0x08,0xf2,0x02,0x08,0x02,0x00,0x0f,0xf8,0x02,0x03,0x0f,0x78,0x01,0x4d,
    0x02,0xea,0xa8,0x02,0xec,0x02,0x02,0x02,0x00,0x8f,0xdb,0x84,0xdb,0x84,0x57,0x74,
    0x46,0x21,0x40,0x0d,0x03,0x0f,0x02,0x00,0x0f,0x0a,0x82,0x26,0x0f,0x02,0x00,0x37,
    0x6a,0xe8,0x21,0xf9,0x7d,0x7b,0x8e,0x78,0x01,0x26,0x3c,0x86,0xb6,0x95,0x04,0x44,
    0x94,0x0f,0x74,0x01,0x01,0x06,0x02,0x00,0x08,0x72,0x01,0x0f,0x02,0x00,0x09,0x0f,
    0x78,0x01,0x4f,0x48,0x1f,0x05,0xff,0x1c,0xda,0xab,0x02,0xd8,0xab,0x37,0xdb,0x84,
    0x11,0x06,0x97,0x0f,0x02,0x00,0x3f,0x0f,0xe4,0x0e,0x13,0x04,0x02,0x00,0x4e,0x61,
    0x00,0xb3,0x5c,0x50,0xad,0x3b,0x9c,0x86,0xdf,0x92,0x9b,0x0f,0x70,0x04,0x0d,0x02,
    0x02,0x00,0x0f,0x70,0x01,0x09,0x04,0x02,0x00,0x0f,0x78,0x01,0x51,0x04,0xea,0x05,
    0x06,0xf0,0x02,0x02,0x30,0xb3,0x33,0x39,0x7c,0x6d,0x72,0x04,0x06,0x02,0x00,0x0f,
    0xda,0x05,0x37,0x0f,0x90,0x04,0x17,0x31,0x0d,0x3b,0x5c,0x20,0xb6,0x02,0x02,0x00,
    0x04,0x62,0x04,0x24,0x1c,0x76,0x0e,0x9d,0x17,0x3f,0x02,0x00,0x0f,0x7a,0x01,0x13,
    0x02,0x02,0x00,0x04,0x64,0x01,0x0f,0x02,0x00,0x01,0x0f,0x78,0x01,0x55,0x42,0x1f,
    0x05,0xdd,0x34,0x70,0x04,0x02,0x76,0x01,0x04,0x20,0xb6,0x2a,0x57,0x74,0x3e,0x1a,
    0x0f,0x8e,0x70,0x07,0x0f,0x84,0x1a,0x0b,0x0f,0x02,0x00,0x25,0x44,0x0d,0x3b,0xf9,
    0x7d,0x98,0xb7,0x02,0x02,0x00,0x04,0x60,0x04,0x04,0x76,0x01,0x02,0x02,0x00,0x06,
    0x7a,0x01,0x0f,0x7c,0x01,0x1b,0x04,0x02,0x00,0x0c,0x7c,0x01,0x0f,0x78,0x01,0x57,
    0x6c,0x1f,0x05,0x1f,0x05,0x1c,0x6d,0x78,0x01,0x0f,0x7c,0x01,0x01,0x0f,0x02,0x00,
    0x05,0x0f,0x0a,0x09,0x11,0x0a,0xc6,0x01,0x0f,0x02,0x00,0x0b,0x02,0x74,0x01,0x0e,
    0xa8,0xb4,0x33,0x1c,0x7e,0xff,0x6e,0x01,0x08,0x02,0x00,0x08,0x7a,0x01,0x0f,0x7c,
    0x01,0x23,0x09,0x02,0x00,0x07,0x98,0x2a,0x0f,0xf8,0x18,0x2d,0x0f,0x02,0x00,0x11,
    0x02,0x84,0xba,0x06,0xf0,0x02,0x02,0x02,0x00,0x4e,0x1b,0x85,0x57,0x74,0x74,0x04,
    0x0f,0x02,0x00,0x21,0x0e,0x48,0x6f,0x0f,0x02,0x00,0x01,0x6c,0x61,0x00,0x90,0x4b,
    0xf9,0x7d,0x88,0xba,0xa2,0x7b,0x8e,0x7b,0x8e,0x3c,0x86,0xdd,0x5d,0x7f,0x04,0x02,
    0x00,0x08,0x76,0x01,0x0e,0x08,0xa0,0x04,0x72,0x04,0x0f,0x6a,0x07,0x0d,0x0f,0x02,
    0x00,0x04,0x0f,0x78,0x01,0x5c,0x02,0xf6,0x02,0x15,0xfb,0x68,0x04,0x02,0x02,0x00,
    0x04,0x00,0xbc,0x2f,0x11,0x53,0xd4,0x02,0x11,0x0f,0x02,0x00,0x2b,0x51,0x87,0x19,
    0xb3,0x5c,0x5c,0x5c,0xc3,0x0c,0x78,0x01,0x42,0x5c,0x8e,0x1c,0x76,0x72,0x01,0x04,
    0x02,0x00,0x02,0x70,0x01,0x08,0x02,0x00,0x0f,0xf6,0x02,0x03,0x2f,0x1f,0x04,0x5e,
    0x01,0x04,0x0f,0x02,0x00,0x07,0x0f,0x78,0x01,0x60,0x62,0x1f,0x05,0xff,0x1c,0x1b,
    0x75,0x72,0x01,0x02,0x02,0x00,0x04,0x78,0x01,0x8a,0x1b,0x85,0x1b,0x85,0x57,0x74,
    0xce,0x42,0x14,0x07,0x0f,0xd6,0x2a,0x11,0x0f,0x60,0x04,0x11,0x22,0xe4,0x10,0xe6,
    0x02,0x06,0x02,0x00,0x02,0x66,0x04,0x02,0xe0,0x05,0x4e,0x1c,0x7e,0x1f,0x05,0xac,
    0xae,0x08,0x74,0x01,0x04,0x02,0x00,0x0f,0x7c,0x01,0x05,0x0f,0x7e,0x01,0x1a,0x0f,
    0x78,0x01,0x62,0x02,0x68,0x07,0x06,0x7c,0x01,0x02,0x72,0x01,0x08,0x02,0x00,0x46,
    0x57,0x74,0xce,0x42,0xfc,0x02,0x02,0x68,0x0d,0x0f,0x02,0x00,0x09,0x0f,0xc0,0x2d,
    0x0b,0x6f,0x87,0x19,0x90,0x4b,0x59,0x7d,0xe0,0xc1,0x05,0x7f,0x5b,0x8e,0xfc,0x7d,
    0xdd,0x55,0xbf,0x9a,0xb1,0x04,0x04,0x6e,0x01,0x08,0x02,0x00,0x0a,0x7a,0x01,0x08,
    0xf0,0x05,0x0f,0x7e,0x01,0x16,0x0f,0x78,0x01,0x66,0x08,0x7c,0x01,0x2e,0x1b,0x85,
    0x02,0x00,0x04,0xce,0xc4,0x17,0x6d,0x80,0x01,0x0f,0x02,0x00,0x1b,0xa2,0x61,0x00,
    0xc8,0x29,0x0d,0x3b,0x15,0x6d,0x5c,0x8e,0x72,0x01,0x02,0x02,0x00,0x06,0xee,0x02,
    0x02,0xf0,0x02,0x44,0xfc,0x7d,0xdd,0x5d,0x6a,0xba,0x11,0x9f,0x7c,0x01,0x04,0x66,
    0x04,0x06,0x02,0x00,0x08,0x74,0x01,0x04,0x02,0x00,0x02,0x70,0x01,0x08,0x02,0x00,
    0x02,0x76,0x01,0x06,0x02,0x00,0x0f,0x7c,0x04,0x0a,0x0f,0x78,0x01,0x6a,0x04,0x7c,
    0x01,0x0f,0x78,0x01,0x05,0x06,0x02,0x00,0x8c,0x57,0x74,0x93,0x5b,0xce,0x42,0xc8,
    0x29,0x70,0x11,0x0c,0xf2,0x3d,0xcf,0xe4,0x10,0x66,0x21,0x4b,0x32,0x4f,0x4b,0x34,
    0x64,0x59,0x7d,0xb0,0xca,0x03,0x08,0x78,0x01,0x26,0x1c,0x7e,0x74,0x01,0x02,0x02,
    0x00,0x0f,0x7a,0x01,0x19,0x0f,0x7c,0x01,0x01,0x0e,0x7e,0x01,0x06,0x02,0x00,0x09,
    0x88,0x01,0x0f,0x78,0x01,0x6e,0x02,0xf0,0x05,0x2c,0x1c,0x6d,0xf6,0x02,0x06,0x74,
    0x01,0x02,0x02,0x00,0x08,0x8e,0xd0,0x42,0x7b,0x85,0x34,0x64,0x02,0x00,0x42,0x57,
    0x74,0x57,0x74,0x0a,0x00,0x22,0x7b,0x7d,0xaa,0xcd,0x26,0xdb,0x8d,0x02,0x00,0x02,
    0x18,0xcf,0x0f,0xc0,0xc7,0x01,0x62,0x3c,0x86,0xdc,0x75,0xdd,0x34,0x24,0xd3,0x02,
    0x72,0x01,0x06,0x02,0x00,0x0f,0xf4,0x02,0x03,0x0f,0xf6,0x02,0x03,0x0f,0x7c,0x01,
    0x03,0x0f,0x80,0x01,0x0b,0x01,0x8c,0x04,0x0f,0x78,0x01,0x72,0x02,0x02,0x00,0x46,
    0x5d,0x55,0x1b,0x75,0x7e,0x01,0x02,0x6e,0x01,0x02,0x02,0x00,0x11,0x7b,0xa4,0xcd,
    0x08,0x02,0x00,0x17,0x9b,0x02,0x00,0x19,0xbb,0x02,0x00,0x06,0x76,0x01,0x0f,0x78,
    0x01,0x05,0x2c,0x1c,0x7e,0xc2,0xc1,0x06,0x74,0x01,0x02,0x02,0x00,0x0f,0xf6,0x02,
    0x05,0x0f,0x7c,0x01,0x05,0x0f,0x7e,0x01,0x07,0x04,0x02,0x00,0x02,0x6e,0x01,0x06,
    0x02,0x00,0x0f,0x38,0x0d,0x5b,0x0f,0x02,0x00,0x11,0x04,0x7e,0x01,0x02,0x72,0x01,
    0x06,0x02,0x00,0x0a,0x7c,0x01,0x06,0x76,0x01,0x0f,0x78,0x01,0x17,0x6f,0x5c,0x8e,
    0xfc,0x7d,0x3c,0x6e,0xb0,0xc4,0x03,0x02,0x70,0x01,0x06,0x02,0x00,0x0f,0x7a,0x01,
    0x1f,0x0f,0x7e,0x01,0x11,0x06,0x02,0x00,0x0f,0x78,0x01,0x7f,0x02,0x02,0x00,0x0c,
    0x7e,0xd3,0x0c,0x68,0x04,0x0f,0x78,0x01,0x03,0x0f,0x90,0xd0,0x05,0x02,0x82,0xd3,
    0x01,0xd2,0x04,0x14,0x04,0xa2,0xc7,0x02,0x64,0x04,0x06,0x02,0x00,0x06,0x74,0x01,
    0x02,0x02,0x00,0x02,0x7a,0x01,0x0f,0x72,0x04,0x19,0x04,0x02,0x00,0x06,0x5e,0x01,
    0x0f,0x02,0x00,0x07,0x0f,0x78,0x01,0x85,0x02,0x02,0x00,0x04,0x6e,0xd6,0x2f,0xfb,
    0x84,0x78,0x01,0x13,0x0a,0x68,0x04,0x0f,0x72,0xd6,0x03,0x04,0x78,0x01,0x0f,0x7a,
    0x01,0x0f,0x04,0x7c,0x01,0x06,0xd8,0x08,0x08,0x02,0x00,0x04,0x66,0x01,0x0f,0x02,
    0x00,0x09,0x0f,0x78,0x01,0xa5,0x08,0x02,0x00,0x45,0x5d,0x55,0x9c,0x64,0x5c,0xd9,
    0x07,0xde,0x05,0x06,0x68,0x04,0xcf,0x9b,0x85,0xfc,0x7d,0xfc,0x7d,0x1c,0x7e,0xdc,
    0x75,0x3c,0x6e,0xe0,0xd7,0x09,0x0f,0x7a,0x01,0x1f,0x0f,0x7c,0x01,0x05,0x0f,0x7e,
    0x01,0x13,0x0f,0x02,0x00,0x01,0x0f,0xf0,0x02,0x8b,0x0f,0x02,0x00,0x45,0x0f,0x7a,
    0x01,0x07,0x0e,0x70,0x04,0x0f,0xf6,0x02,0x0b,0x0f,0x7c,0x01,0x25,0x0f,0x78,0x01,
    0xe3,0x0f,0x7a,0x01,0x1d,0x0f,0x7c,0x01,0x0f,0x0f,0xfa,0x02,0x1d,0x06,0x78,0x01,
    0x2f,0x7f,0x15,0x90,0x14,0x51,0x0f,0x02,0x00,0x77,0x0f,0xf4,0x02,0x1b,0x04,0x7a,
    0x01,0x0f,0x72,0x04,0x07,0x02,0x02,0x00,0x0f,0x54,0x04,0x01,0x0f,0x02,0x00,0x01,
    0x42,0xff,0x2b,0xff,0x1c,0x76,0x62,0x4f,0x3f,0x0e,0x3f,0x0e,0x82,0xa4,0x1d,0x0f,
    0x02,0x00,0xab,0x06,0x7a,0x01,0x0e,0x64,0x07,0x0f,0x70,0x04,0x01,0x0f,0x7c,0x01,
    0x15,0x02,0x02,0x00,0x0f,0x6e,0x01,0x01,0x04,0x02,0x00,0x66,0x1f,0x05,0x3f,0x0e,
    0x3f,0x0e,0x78,0x01,0x2f,0x3f,0x0e,0x4a,0x01,0xab,0x0f,0x02,0x00,0x1d,0x0f,0x7a,
    0x01,0x1f,0x06,0x7c,0x01,0x0f,0xfa,0x02,0x0d,0x0a,0x02,0x00,0x04,0x72,0x01,0x02,
    0x02,0x00,0x2f,0xbf,0x0d,0x78,0x01,0xeb,0x0f,0x7a,0x01,0x0d,0x0f,0xf6,0x02,0x03,
    0x0f,0x7c,0x01,0x25,0x06,0x02,0x00,0x08,0x78,0x01,0x11,0xdf,0x84,0x01,0x0f,0x32,
    0x02,0x1d,0x0f,0x02,0x00,0xb1,0x0f,0xf6,0x02,0x0b,0x0f,0x7c,0x01,0x05,0x0f,0x7e,
    0x01,0x29,0x62,0xbf,0x0d,0x3f,0x0e,0xdf,0x0d,0x68,0x04,0x4f,0x9f,0x15,0xdf,0x0d,
    0x78,0x01,0xe3,0x0f,0x7a,0x01,0x27,0x08,0x7c,0x01,0x0f,0x78,0x04,0x19,0x62,0xbf,
    0x0d,0xdf,0x0d,0x9f,0x15,0x78,0x01,0x5f,0x3f,0x15,0x7f,0x15,0x7f,0xa4,0xf6,0xe6,
    0x08,0xf4,0x02,0x0f,0x66,0x07,0x01,0x0f,0xf6,0x02,0x07,0x0c,0x7e,0x01,0x0f,0x82,
    0x01,0x11,0x53,0xbf,0x0d,0x7f,0x15,0x3f,0x78,0x01,0x4f,0xff,0x1c,0xff,0x1c,0x78,
    0x01,0xe7,0x0f,0xf6,0x02,0x11,0x0f,0x7c,0x01,0x0b,0x0f,0x80,0x01,0x01,0x0f,0x84,
    0x01,0x05,0x02,0xcc,0xf0,0x02,0xf0,0x02,0x01,0xe4,0xed,0x0f,0xf0,0x02,0xe6,0x02,
    0x02,0x00,0x0f,0xf6,0x02,0x0f,0x0f,0x7e,0x01,0x11,0x0a,0x7e,0x04,0x0f,0x02,0x00,
    0x01,0x53,0x1f,0x15,0xff,0x1c,0xbf,0xc0,0x0b,0x62,0x5f,0x24,0x5f,0x24,0x7f,0x1c,
    0x80,0x00,0x0f,0x02,0x00,0xe9,0x0f,0x7c,0x01,0x35,0x06,0x02,0x00,0x0e,0x7a,0x01,
    0x62,0x7f,0x1c,0x5f,0x24,0x5f,0x24,0xf0,0x02,0x4f,0xff,0x23,0xff,0x23,0x00,0xeb,
    0x7f,0x0f,0x02,0x00,0x61,0x0f,0x7a,0x01,0x13,0x0f,0x76,0x04,0x0f,0x0f,0x02,0x00,
    0x05,0x83,0x9f,0x1c,0x7f,0x1c,0xff,0x23,0xff,0x23,0x78,0x01,0x7f,0x33,0xbf,0x23,
    0xff,0x23,0xff,0x23,0xf4,0x02,0xf1,0x0f,0x7c,0x01,0x17,0x0f,0x7e,0x01,0x1f,0x51,
    0x3f,0x2c,0x5f,0x24,0xff,0x04,0xe8,0x02,0x78,0x01,0x62,0x3f,0x03,0xff,0x3b,0xbf,
    0x23,0x7c,0x01,0x1f,0xff,0x70,0x04,0xf0,0x0f,0x7c,0x01,0x19,0x0f,0x80,0x01,0x17,
    0xc2,0xff,0x33,0xff,0x23,0xff,0x23,0xbf,0x23,0xff,0x33,0x3f,0x03,0x78,0x01,0x62,
    0x4e,0x4b,0x4e,0x4b,0x1f,0x34,0x7a,0x01,0x22,0x7f,0x1c,0x02,0x00,0x22,0x1f,0x15,
    0x02,0x00,0x4f,0xbf,0x0d,0xbf,0x0d,0xf2,0x03,0x61,0x0f,0x02,0x00,0x6d,0x0a,0x72,
    0x04,0x0f,0x62,0x0a,0x05,0x0a,0x02,0x00,0x06,0x5e,0x04,0x42,0x3f,0x15,0xbf,0x0d,
    0x40,0x01,0x22,0x1f,0x15,0x50,0x01,0x22,0xff,0x33,0xea,0x02,0x0a,0x76,0x01,0x03,
    0xfe,0xa5,0x01,0x04,0x03,0x02,0xee,0x05,0x61,0xbf,0x1c,0xbf,0x1c,0xff,0x1c,0x92,
    0xff,0x5f,0x15,0x7f,0x15,0x3f,0x34,0x02,0x00,0xff,0x1b,0x02,0x34,0x01,0x01,0xba,
    0x08,0x11,0xbf,0x48,0x07,0x02,0x74,0x01,0x15,0xbf,0x92,0x88,0x0a,0x02,0x00,0x22,
    0x3f,0x2c,0x72,0xef,0x04,0x02,0x00,0x04,0xb2,0x01,0x6f,0x1f,0x15,0x1f,0x15,0xff,
    0x3b,0x02,0x00,0xff,0x16,0x02,0x30,0x01,0x02,0x02,0x00,0x04,0x4a,0x01,0x03,0x02,
    0x00,0x14,0x2b,0x70,0x01,0x31,0x00,0x14,0x40,0x01,0x00,0x1f,0x14,0x8f,0x25,0x1b,
    0x0f,0x02,0x00,0x73,0x21,0x40,0xff,0x01,0x00,0x18,0x40,0x8e,0x00,0x51,0x0f,0xcc,
    0xfe,0xfe,0xfe,0x17,0x00,0x5f,0xff,0xff,0xf0,0x67,0x31,0x01,0x00,0x80,0xd8,0x22,
    0x0f,0x00,0x00,0x00,0x00,0x40,0xff,0xdf,0x82,0x82,0x82,0x82,0x78,0x01,0x16,0x33,
    0xba,0x00,0x4f,0xff,0xcf,0x52,0x48,0x01,0x00,0x81,0x98,0x52,0x52,0x31,0x03,0x00,
    0x00,0x82,0xff,0x82,0x73,0x01,0x41,0x00,0x00,0x00,0x33,0x6f,0x01,0x11,0xcf,0x01,
    0x00,0x2f,0x98,0x33,0x01,0x00,0x84,0x7b,0x3e,0x52,0x31,0x03,0x00,0x82,0xfc,0xbc,
    0x00,0x7f,0x5c,0xff,0xff,0xff,0xff,0xcf,0x3e,0xb4,0x00,0x84,0x06,0x02,0x00,0xa1,
    0x52,0x18,0x00,0x82,0xfc,0xdf,0xfc,0xfc,0xb3,0x30,0x72,0x01,0x05,0xbb,0x00,0x16,
    0xb0,0x23,0x00,0x0f,0x02,0x00,0x86,0xa4,0x48,0x37,0x00,0x80,0xfc,0xdf,0xb3,0xfc,
    0xfc,0xfc,0xbd,0x00,0x1f,0x96,0xbb,0x00,0x95,0xc1,0x33,0x3e,0x47,0x00,0x00,0x40,
    0x00,0x00,0x14,0xdf,0xfc,0xb3,0x76,0x01,0x11,0x0f,0xbb,0x00,0x1f,0x7b,0x6c,0x01,
    0x86,0x08,0x02,0x00,0x21,0x3e,0x47,0xb3,0x00,0x22,0x00,0x80,0xbc,0x00,0x6f,0x0f,
    0xcf,0xff,0xff,0xff,0xf0,0xbb,0x00,0x93,0x01,0x78,0x01,0xb1,0x00,0x00,0x00,0x00,
    0x80,0xfe,0xb3,0x00,0x00,0x00,0x21,0xbb,0x00,0x18,0x5c,0xdd,0x00,0x0f,0x02,0x00,
    0x88,0xf1,0x00,0x3e,0x47,0x14,0xdf,0x50,0x00,0x00,0x30,0xfe,0xfe,0x80,0x00,0x00,
    0x31,0xf0,0xd0,0x05,0x0f,0xaf,0x00,0x88,0x09,0x02,0x00,0xd1,0x3e,0x47,0x50,0xfe,
    0xfe,0xdf,0xb3,0xfe,0xfe,0xdf,0x14,0x00,0x3e,0xbb,0x00,0x0f,0x1c,0x05,0x8f,0x04,
    0x02,0x00,0xcf,0x3e,0x47,0x00,0x40,0xb3,0xfe,0xfe,0xfe,0xb3,0x14,0x00,0x5c,0x61,
    0x04,0x96,0x03,0x02,0x00,0x04,0xac,0x03,0x3f,0x00,0x00,0x7b,0xbb,0x00,0x9d,0x05,
    0xac,0x03,0x2f,0x00,0x98,0x1c,0x05,0x94,0x16,0x32,0x01,0x00,0x03,0x78,0x01,0x6f,
    0x0f,0xb0,0xff,0xff,0xff,0xfd,0x1c,0x05,0x8a,0x06,0xb4,0x00,0x04,0x02,0x00,0x02,
    0xbc,0x00,0x6f,0x0f,0xcf,0xff,0xff,0xfd,0xfd,0x1c,0x05,0x86,0x04,0xad,0x00,0x29,
    0x32,0x32,0x8d,0x0b,0x01,0xbc,0x00,0x6f,0x2f,0xd8,0xfd,0xfd,0xfd,0xd8,0xbb,0x00,
    0x83,0x04,0xb8,0x00,0x09,0xb6,0x00,0x01,0x02,0x00,0x11,0x30,0xbc,0x00,0x5f,0xfd,
    0xfd,0xfd,0xfd,0xd8,0x1c,0x05,0x81,0x02,0xb9,0x00,0x01,0xaa,0x00,0x5a,0x31,0x31,
    0x31,0x31,0x30,0x01,0x00,0x03,0xbc,0x00,0x2f,0xfe,0xbe,0xbb,0x00,0x3a,0x67,0x59,
    0x68,0x94,0x94,0xad,0xcd,0x01,0x00,0x53,0x9a,0x9a,0x8c,0x68,0x5a,0xdb,0x04,0x0f,
    0x02,0x00,0x15,0x01,0xb9,0x00,0x02,0xb5,0x00,0x0c,0xb7,0x00,0x61,0x2f,0x2f,0x2f,
    0x2f,0x2f,0x2e,0xbc,0x00,0x4f,0xfe,0xfe,0xfe,0x67,0x52,0x00,0x15,0x0f,0x02,0x00,
    0x0c,0x6f,0x3e,0x68,0x94,0xcd,0xcd,0xff,0x01,0x00,0x04,0x4f,0xdc,0xc8,0x9a,0x68,
    0x24,0x01,0x14,0x08,0xb9,0x00,0x04,0x6e,0x01,0x01,0xb2,0x00,0x07,0x02,0x00,0x03,
    0xbc,0x00,0x1f,0xff,0xbc,0x00,0x31,0x3f,0x3e,0x68,0xad,0xb7,0x00,0x06,0x06,0x02,
    0x00,0x3f,0xdc,0xac,0x72,0xc0,0x00,0x0e,0x06,0xba,0x00,0x03,0xb8,0x00,0x07,0xb2,
    0x00,0x24,0x2f,0x2e,0x01,0x00,0x7f,0x37,0x47,0x00,0x00,0x00,0xff,0xff,0xbc,0x00,
    0x2f,0x2f,0x4d,0x94,0xb8,0x00,0x10,0x04,0x02,0x00,0x3f,0xdc,0x8c,0x4d,0xc0,0x01,
    0x08,0x05,0x51,0x04,0x02,0xb9,0x00,0x04,0xb8,0x00,0x04,0xb3,0x00,0x05,0x02,0x00,
    0x03,0xbc,0x00,0x0f,0x34,0x02,0x2c,0x34,0x3e,0x83,0xd6,0x97,0x00,0x0f,0x02,0x00,
    0x15,0x2f,0xdc,0x8c,0x7e,0x01,0x04,0x04,0xba,0x00,0x08,0xb9,0x00,0x05,0xaf,0x00,
    0x36,0x2e,0x2e,0x2d,0x01,0x00,0x01,0xbc,0x00,0x0f,0xf0,0x02,0x2c,0x2f,0x68,0xad,
    0xb1,0x00,0x15,0x0a,0x02,0x00,0x2e,0xc8,0x68,0x7d,0x01,0x09,0xba,0x00,0x01,0x72,
    0x01,0x04,0xb8,0x00,0x06,0xb4,0x00,0x04,0x02,0x00,0x0f,0xbc,0x00,0x2f,0x2a,0x83,
    0xeb,0x92,0x00,0x44,0xff,0xff,0xff,0xff,0xdb,0x11,0x09,0x02,0x00,0x29,0xfe,0xf3,
    0x0f,0x00,0x6a,0xff,0xff,0xff,0xff,0xdc,0x7a,0x7d,0x01,0x08,0xba,0x00,0x08,0xb9,
    0x00,0x04,0xae,0x00,0x28,0x2d,0x2b,0x01,0x00,0x0f,0xbc,0x00,0x2c,0x2f,0x3e,0x94,
    0xba,0x00,0x00,0x0f,0x02,0x00,0x09,0x0c,0xd6,0x00,0x26,0xf1,0x9a,0xbe,0x00,0x0f,
    0xba,0x00,0x03,0x03,0xb8,0x00,0x08,0xb5,0x00,0x03,0x02,0x00,0x0f,0xbc,0x00,0x2b,
    0x0b,0xba,0x00,0x0c,0x99,0x00,0x0f,0x02,0x00,0x04,0x0a,0x27,0x00,0x05,0xbe,0x00,
    0x03,0xce,0x05,0x04,0x74,0x01,0x01,0x2c,0x02,0x02,0xb9,0x00,0x03,0xac,0x00,0x0c,
    0x02,0x00,0x0f,0xbc,0x00,0x29,0x0f,0x2e,0x02,0x01,0x0f,0x02,0x00,0x14,0x09,0xbf,
    0x00,0x2f,0xf1,0x7a,0xba,0x00,0x03,0x0f,0xb9,0x00,0x06,0x12,0x2a,0x01,0x00,0x04,
    0xbc,0x00,0x0f,0xcd,0x08,0x1f,0x1f,0x59,0x5b,0x04,0x1e,0x0a,0x02,0x00,0x08,0xbf,
    0x00,0x22,0xdc,0x68,0x75,0x01,0x08,0x74,0x01,0x01,0xba,0x00,0x09,0x6b,0x01,0x02,
    0xb2,0x00,0x06,0x02,0x00,0x03,0xbc,0x00,0x0f,0xbb,0x00,0x1e,0x1f,0x3e,0x5c,0x04,
    0x24,0x08,0x02,0x00,0x08,0xbe,0x00,0x2e,0xb0,0x3e,0xba,0x00,0x08,0xb9,0x00,0x06,
    0xb2,0x00,0x15,0x29,0x01,0x00,0x01,0xbc,0x00,0x2e,0xd2,0x52,0xad,0x04,0x0f,0x02,
    0x00,0x0b,0x1f,0x69,0xa3,0x03,0x1c,0x0f,0x02,0x00,0x04,0x07,0x7a,0x04,0x27,0xf1,
    0x72,0xe8,0x02,0x0a,0x53,0x04,0x03,0xb8,0x00,0x05,0xb4,0x00,0x03,0x02,0x00,0x8f,
    0x28,0x37,0x41,0x00,0x00,0x00,0x31,0x48,0xaa,0x00,0x0b,0x0c,0x02,0x00,0x0f,0x75,
    0x01,0x31,0x03,0x02,0x00,0x07,0x7c,0x01,0x23,0xb0,0x3e,0xf1,0x07,0x09,0xba,0x00,
    0x02,0xb9,0x00,0x03,0xaf,0x00,0x37,0x29,0x29,0x28,0x01,0x00,0x0f,0xbc,0x00,0x21,
    0x0f,0xea,0x02,0x2d,0x0a,0x02,0x00,0x06,0xbe,0x00,0x24,0xf1,0x5a,0x39,0x07,0x04,
    0x2e,0x02,0x09,0xb9,0x00,0x07,0xb6,0x00,0x02,0x02,0x00,0x1f,0x30,0x78,0x01,0x1f,
    0x2a,0x83,0xf2,0x7d,0x00,0x0f,0x02,0x00,0x2e,0x06,0xbe,0x00,0x11,0x8c,0xf3,0x07,
    0x09,0xba,0x00,0x01,0x72,0x01,0x02,0xac,0x00,0x48,0x28,0x28,0x28,0x27,0x01,0x00,
    0x0f,0xbc,0x00,0x1f,0x1f,0xb9,0xac,0x00,0x2e,0x0e,0x02,0x00,0x14,0xfd,0x13,0x00,
    0x25,0xb0,0x3e,0x3b,0x07,0x0c,0xb9,0x00,0x08,0xb6,0x00,0x7f,0x27,0x27,0x26,0x26,
    0x26,0x26,0x2f,0x78,0x01,0x1c,0x1f,0x3e,0x1a,0x05,0x2c,0x0f,0x02,0x00,0x0d,0x22,
    0xdc,0x44,0x76,0x01,0x04,0xba,0x00,0x01,0x6e,0x01,0x05,0x6f,0x01,0x19,0x26,0x01,
    0x00,0x0f,0xbc,0x00,0x1c,0x1f,0x59,0x30,0x02,0x3d,0x0d,0x02,0x00,0x2c,0xf1,0x4e,
    0xba,0x00,0x02,0x71,0x01,0x07,0xb6,0x00,0x13,0x24,0x01,0x00,0x0f,0xbc,0x00,0x1b,
    0x0f,0xbb,0x00,0x49,0x04,0xf6,0x02,0x28,0xf1,0x5a,0x74,0x01,0x09,0xb9,0x00,0x03,
    0xb4,0x00,0x04,0x02,0x00,0x1f,0x31,0x34,0x02,0x19,0x0f,0xbb,0x00,0x49,0x07,0x02,
    0x00,0x24,0x7a,0x2a,0x0e,0x05,0x01,0xba,0x00,0x02,0x72,0x01,0x04,0xb1,0x00,0x07,
    0x02,0x00,0x1f,0x2d,0xbc,0x00,0x18,0x0f,0x61,0x04,0x3e,0x0f,0x02,0x00,0x05,0x12,
    0x7a,0xe8,0x02,0x04,0x94,0x03,0x17,0x26,0xb0,0x00,0x08,0x02,0x00,0x0f,0x78,0x01,
    0x18,0x1f,0x69,0x6b,0x00,0x05,0x0f,0x02,0x00,0x37,0x04,0x70,0x04,0x13,0x7a,0xa0,
    0x03,0x0f,0xb9,0x00,0x00,0x16,0x22,0x01,0x00,0x0f,0x78,0x01,0x17,0x0f,0x31,0x02,
    0x52,0x05,0xbd,0x00,0x04,0x74,0x01,0x07,0x68,0x01,0x06,0xb5,0x00,0x03,0x02,0x00,
    0x0f,0xbc,0x00,0x16,0x0f,0xbb,0x00,0x29,0x04,0x87,0x03,0x0f,0x02,0x00,0x10,0x03,
    0xbd,0x00,0x21,0xf1,0x4e,0xc2,0x05,0x05,0xba,0x00,0x03,0xae,0x00,0x0a,0x02,0x00,
    0x1f,0x2b,0xf0,0x02,0x14,0x1f,0x4d,0x1d,0x05,0x4e,0x03,0x02,0x00,0x03,0xe8,0x00,
    0x26,0xf1,0x4e,0xba,0x00,0x0a,0xb2,0x00,0x51,0x22,0x22,0x22,0x22,0x21,0x01,0x00,
    0x0f,0xbc,0x00,0x14,0x23,0x3e,0xd1,0x5b,0x00,0x0f,0x02,0x00,0x18,0x03,0x86,0x00,
    0x0f,0x02,0x00,0x1d,0x03,0x7a,0x01,0x23,0xe2,0x30,0x75,0x01,0x02,0xae,0x00,0x02,
    0x02,0x00,0x01,0xb3,0x00,0x05,0x02,0x00,0x0f,0xbc,0x00,0x14,0x0f,0x09,0x08,0x41,
    0x0f,0x02,0x00,0x05,0x03,0xbd,0x00,0x11,0xd4,0xbc,0x00,0x02,0xb4,0x00,0x06,0x6c,
    0x01,0x08,0x02,0x00,0x0f,0xbc,0x00,0x13,0x1f,0x9c,0x68,0x00,0x05,0x0f,0x02,0x00,
    0x42,0x03,0xbd,0x00,0x17,0xb0,0xba,0x00,0x04,0xb3,0x00,0x18,0x1f,0x01,0x00,0x6f,
    0x2b,0x47,0x00,0x00,0x00,0x37,0xc0,0x0b,0x0c,0x0f,0x1e,0x05,0x50,0x0f,0x02,0x00,
    0x01,0x12,0x7a,0x71,0x01,0x03,0xde,0x02,0x18,0x21,0xb7,0x00,0x01,0x02,0x00,0x0f,
    0xbc,0x00,0x11,0x0f,0xa8,0x03,0x27,0x0f,0xf3,0x02,0x24,0x03,0x02,0x00,0x25,0xf1,
    0x4e,0x2c,0x02,0x01,0xac,0x00,0x0c,0x02,0x00,0x0f,0xbc,0x00,0x11,0x0f,0xa8,0x03,
    0x20,0x0f,0x02,0x00,0x2c,0x03,0xf4,0x00,0x13,0xd4,0x2d,0x02,0x08,0xb5,0x00,0x16,
    0x1d,0x01,0x00,0x0f,0xbc,0x00,0x10,0x0f,0xed,0x02,0x5b,0x02,0x02,0x00,0x03,0xbd,
    0x00,0x19,0x9a,0x2b,0x02,0x06,0xb6,0x00,0x02,0x02,0x00,0x02,0xbc,0x00,0x0f,0x6c,
    0x0f,0x09,0x12,0x59,0x4e,0x00,0x0f,0x02,0x00,0x5c,0x03,0xb0,0x03,0x15,0x5a,0x73,
    0x01,0x02,0xaf,0x00,0x09,0x02,0x00,0x6f,0x2b,0x52,0x00,0x00,0x00,0x41,0xbc,0x00,
    0x09,0x0f,0x32,0x02,0x5f,0x07,0x02,0x00,0x12,0xd4,0xbc,0x00,0x09,0xb3,0x00,0x41,
    0x1d,0x1d,0x1d,0x1b,0x01,0x00,0x0f,0xbc,0x00,0x0e,0x17,0x83,0x4a,0x00,0x0f,0x02,
    0x00,0x60,0x1a,0x85,0xba,0x00,0x01,0xb4,0x00,0x04,0x02,0x00,0x0f,0xbc,0x00,0x0d,
    0x1f,0x3e,0x89,0x11,0x33,0x0f,0x02,0x00,0x20,0x02,0xf3,0x02,0x21,0xf1,0x33,0x69,
    0x01,0x06,0x6d,0x01,0x07,0x02,0x00,0x0f,0xbc,0x00,0x0d,0x0f,0x51,0x07,0x59,0x0f,
    0x02,0x00,0x02,0x1f,0xc3,0xb9,0x00,0x04,0x0f,0xbc,0x00,0x0f,0x1f,0x4d,0x50,0x00,
    0x02,0x0f,0x02,0x00,0x53,0x02,0x79,0x01,0x2b,0xff,0x5a,0x73,0x01,0x15,0x1a,0x01,
    0x00,0x0f,0x78,0x01,0x0c,0x0f,0xa9,0x03,0x6a,0x02,0x6c,0x04,0x13,0xc3,0x9a,0x03,
    0x09,0xb7,0x00,0x01,0x02,0x00,0x6f,0x2b,0x5c,0x00,0x00,0x00,0x47,0x68,0x04,0x05,
    0x0f,0x0d,0x08,0x64,0x0a,0x02,0x00,0x11,0x5d,0xb8,0x00,0x11,0x1b,0xaf,0x00,0x09,
    0x02,0x00,0x0f,0xbc,0x00,0x0b,0x0f,0x77,0x01,0x6a,0x04,0x36,0x02,0x1f,0xe2,0xba,
    0x00,0x01,0x4f,0x18,0x18,0x18,0x18,0xbc,0x00,0x0a,0x0f,0x77,0x01,0x72,0x37,0xff,
    0xff,0x5d,0x74,0x01,0x17,0x18,0x01,0x00,0x0f,0xbc,0x00,0x0a,0x0f,0x65,0x04,0x6e,
    0x02,0xaf,0x03,0x13,0xc3,0x2a,0x02,0x05,0xb7,0x00,0x12,0x17,0x01,0x00,0x0f,0xbc,
    0x00,0x09,0x0f,0x65,0x04,0x69,0x09,0x02,0x00,0x16,0x4b,0xba,0x00,0x02,0xb6,0x00,
    0x02,0x02,0x00,0x02,0xbc,0x00,0x0f,0xf7,0x18,0x03,0x0f,0x77,0x01,0x6e,0x04,0x79,
    0x01,0x12,0xb0,0xba,0x00,0x02,0xb2,0x00,0x33,0x17,0x17,0x16,0x01,0x00,0x01,0xbc,
    0x00,0x1f,0x52,0xbc,0x00,0x02,0x0f,0x53,0x07,0x67,0x0d,0x02,0x00,0x14,0x27,0xba,
    0x00,0x03,0xb6,0x00,0x02,0x02,0x00,0x2f,0x2b,0x67,0xbc,0x00,0x06,0x0f,0xca,0x08,
    0x6c,0x02,0x02,0x00,0x11,0xf0,0x07,0x00,0x28,0x85,0x18,0x70,0x01,0x04,0x02,0x00,
    0x0f,0xbc,0x00,0x08,0x0f,0x21,0x05,0x6c,0x08,0x02,0x00,0x1c,0xe2,0x73,0x01,0x01,
    0x02,0x00,0x0f,0xbc,0x00,0x07,0x0f,0xaa,0x03,0x50,0x02,0x47,0x04,0x0f,0x02,0x00,
    0x11,0x11,0x44,0xad,0x00,0x01,0x02,0x00,0x15,0x14,0x01,0x00,0x0f,0xbc,0x00,0x07,
    0x0f,0x33,0x02,0x72,0x04,0xe0,0x00,0x11,0x9a,0xb7,0x00,0x15,0x16,0xb7,0x00,0x5f,
    0x13,0x13,0x13,0x13,0x13,0xbc,0x00,0x07,0x0f,0x33,0x02,0x78,0x35,0xff,0xff,0xe2,
    0xba,0x00,0x01,0xb6,0x00,0x02,0x02,0x00,0x6f,0x2b,0x72,0x00,0x00,0x00,0x5c,0x68,
    0x04,0x00,0x0f,0x33,0x02,0x50,0x0f,0x02,0x00,0x13,0x02,0x92,0x09,0x11,0x44,0x73,
    0x01,0x02,0xb4,0x00,0x22,0x13,0x11,0x01,0x00,0x0f,0xbc,0x00,0x06,0x0f,0x33,0x02,
    0x74,0x05,0x35,0x02,0x03,0xb9,0x00,0x33,0x11,0x11,0x11,0xc1,0x00,0x0f,0x78,0x01,
    0x08,0x0f,0x99,0x06,0x70,0x08,0x02,0x00,0x22,0xd4,0x14,0x71,0x01,0x02,0x06,0x00,
    0x02,0x02,0x00,0x0f,0x78,0x01,0x06,0x08,0x39,0x00,0x0f,0x02,0x00,0x6b,0x02,0x35,
    0x02,0x12,0x27,0xb9,0x00,0x02,0xb6,0x00,0x02,0x02,0x00,0x0f,0xbc,0x00,0x05,0x0f,
    0x43,0x0a,0x74,0x06,0x02,0x00,0x21,0x5d,0x11,0x78,0x01,0x08,0x02,0x00,0x02,0xbc,
    0x00,0x0e,0x62,0x28,0x0f,0x51,0x12,0x61,0x0f,0x02,0x00,0x0a,0x14,0x9a,0xa2,0x03,
    0x06,0x02,0x00,0x2f,0x2b,0x7e,0xbc,0x00,0x03,0x0f,0x22,0x05,0x7a,0x54,0xff,0xff,
    0xff,0xff,0xd4,0xb4,0x00,0x15,0x0f,0x01,0x00,0x0f,0xbc,0x00,0x05,0x0f,0xdb,0x10,
    0x66,0x0f,0x02,0x00,0x00,0x02,0xf1,0x02,0x02,0xbc,0x00,0x03,0xb9,0x00,0x5f,0x0e,
    0x0e,0x0e,0x0e,0x0e,0xbc,0x00,0x04,0x0f,0xde,0x05,0x76,0x06,0x26,0x05,0x13,0x4b,
    0xb9,0x00,0x01,0xb7,0x00,0x01,0x02,0x00,0x01,0xbc,0x00,0x1d,0x67,0xf0,0x02,0x0f,
    0xab,0x03,0x7e,0x71,0xff,0xff,0x6b,0x11,0x0f,0x0f,0x0f,0xb4,0x00,0x22,0x0e,0x0d,
    0x01,0x00,0x0f,0xbc,0x00,0x04,0x0f,0xab,0x03,0x7e,0x33,0xff,0xff,0x85,0xba,0x00,
    0x02,0xb8,0x00,0x0f,0xbc,0x00,0x08,0x0f,0x9a,0x06,0x7c,0x65,0xff,0xff,0xff,0xff,
    0xc3,0x0f,0x72,0x01,0x12,0x0b,0x01,0x00,0x2f,0x2b,0x88,0x34,0x02,0x02,0x0f,0x67,
    0x04,0x55,0x0f,0x06,0x0b,0x17,0x22,0xff,0xd4,0xbb,0x00,0x32,0x0b,0x0b,0x0b,0x76,
    0x01,0x2f,0x0d,0x0d,0xbc,0x00,0x04,0x0f,0x67,0x04,0x79,0x04,0x69,0x04,0x41,0x0e,
    0x0d,0x0d,0x0d,0xb9,0x00,0x02,0x76,0x01,0x0f,0x78,0x01,0x06,0x02,0xa7,0x01,0x0f,
    0x02,0x00,0x75,0x02,0x9e,0x01,0x46,0x18,0x0d,0x0d,0x0b,0xb9,0x00,0x31,0x09,0x09,
    0x0b,0x78,0x01,0x1c,0x72,0x68,0x04,0x0f,0x23,0x05,0x7a,0x04,0xbc,0x00,0x23,0x4b,
    0x0b,0xbb,0x00,0x13,0x09,0x79,0x01,0x2f,0x2b,0x91,0xbc,0x00,0x01,0x0f,0x23,0x05,
    0x80,0x31,0xff,0xff,0x4b,0x75,0x01,0x02,0xb9,0x00,0x5f,0x09,0x09,0x09,0x09,0x09,
    0xbc,0x00,0x98,0x22,0x5d,0x0d,0x70,0x01,0x01,0xb8,0x00,0x06,0xbc,0x00,0x1b,0x72,
    0xbe,0x29,0x0f,0x78,0x01,0x82,0x11,0x85,0x75,0x01,0x02,0xb7,0x00,0x01,0x02,0x00,
    0x02,0x78,0x01,0x0c,0xbc,0x00,0x0f,0x35,0x0d,0x5f,0x02,0x8f,0x03,0x0f,0x02,0x00,
    0x0a,0x1b,0x85,0xbb,0x00,0x03,0x34,0x02,0x0c,0xbc,0x00,0x0f,0x57,0x07,0x80,0x36,
    0xff,0xff,0x85,0xbb,0x00,0x11,0x07,0x01,0x00,0x0f,0x78,0x01,0x03,0x0f,0xbc,0x00,
    0x83,0x03,0x76,0x01,0x01,0xb8,0x00,0x6f,0x07,0x07,0x07,0x07,0x2b,0x9c,0x78,0x01,
    0x77,0x0f,0x38,0x02,0x0c,0x21,0x85,0x0b,0xe6,0x02,0x42,0x07,0x07,0x07,0x06,0x01,
    0x00,0x01,0xbc,0x00,0x1f,0x7e,0x34,0x02,0x79,0x0f,0xc2,0x00,0x06,0x18,0x85,0xbb,
    0x00,0x4f,0x05,0x05,0x05,0x05,0xbc,0x00,0x7c,0x1f,0xfe,0xa3,0x33,0x03,0x01,0x02,
    0x00,0x01,0xbc,0x00,0x01,0x75,0x01,0x12,0x05,0x01,0x00,0x0f,0xbc,0x00,0x7c,0x0f,
    0x02,0x00,0x09,0x1b,0x85,0xbb,0x00,0x0f,0x78,0x01,0x04,0x0f,0xe0,0x05,0x83,0x0b,
    0xbb,0x00,0x3f,0x05,0x2b,0xa4,0xf0,0x02,0x01,0x0f,0xbc,0x00,0x6c,0x02,0xa1,0x0e,
    0x06,0x02,0x00,0x02,0x03,0x03,0x12,0x6b,0xbc,0x00,0x01,0x30,0x02,0x5f,0x03,0x03,
    0x03,0x03,0x03,0xbc,0x00,0x81,0x02,0xab,0x00,0x07,0x02,0x00,0x02,0x11,0x00,0x1b,
    0x4b,0xbb,0x00,0x0f,0xbc,0x00,0x04,0x0f,0x34,0x23,0x63,0x0f,0x02,0x00,0x06,0x0c,
    0xbc,0x00,0x01,0x76,0x01,0x0f,0x78,0x01,0x05,0x01,0xf9,0x47,0x0f,0x02,0x00,0x77,
    0x02,0xbc,0x00,0x14,0x27,0x78,0x01,0x03,0xbb,0x00,0x8b,0x03,0x2b,0xae,0x00,0x00,
    0x00,0x88,0x7e,0x8c,0x09,0x0f,0xbc,0x00,0x82,0x01,0xef,0x02,0x13,0x05,0xbc,0x00,
    0x4f,0x00,0x00,0x00,0x00,0xbc,0x00,0x04,0x0f,0xb0,0x0e,0x55,0x0f,0x02,0x00,0x18,
    0x18,0xe2,0xbc,0x00,0x01,0xbd,0x45,0x0f,0xbc,0x00,0x04,0x0f,0x28,0x10,0x81,0x0f,
    0xbc,0x00,0x15,0x0f,0x8d,0x09,0x72,0x02,0xe7,0x02,0x04,0x02,0x00,0x18,0x9a,0xbc,
    0x00,0x02,0x34,0x02,0x1f,0xb6,0xf0,0x02,0x02,0x0f,0xe1,0x05,0x6c,0x0f,0x02,0x00,
    0x01,0x06,0xdf,0x05,0x01,0xac,0x03,0x4f,0x00,0x00,0x03,0x31,0xbc,0x00,0x03,0x0f,
    0x25,0x05,0x7a,0x02,0x71,0x11,0x11,0x4b,0x78,0x01,0x05,0xad,0x03,0x22,0x03,0x03,
    0xbc,0x00,0x1d,0x91,0x68,0x04,0x0f,0x69,0x04,0x7a,0x02,0x67,0x07,0x16,0x14,0xbc,
    0x00,0x11,0x05,0xbb,0x00,0x0f,0xbc,0x00,0x06,0x0f,0x69,0x04,0x78,0x11,0xec,0x42,
    0x02,0x23,0xd4,0x09,0x8b,0x09,0x06,0x14,0x08,0x2f,0x31,0xbf,0x78,0x01,0x03,0x0f,
    0xad,0x03,0x72,0x08,0x02,0x00,0x14,0x9a,0xbc,0x00,0x01,0x36,0x02,0x01,0x02,0x00,
    0x0f,0xbc,0x00,0x05,0x0f,0xad,0x03,0x78,0x11,0xe3,0xc3,0x00,0x11,0x6b,0x36,0x0d,
    0x08,0xbf,0x0b,0x0f,0xbc,0x00,0x06,0x11,0x3e,0x31,0x00,0x0f,0x02,0x00,0x72,0x02,
    0xef,0x02,0x11,0x27,0xbc,0x00,0x01,0x17,0x08,0x04,0x7a,0x01,0x0f,0xbc,0x00,0x05,
    0x0f,0xf1,0x02,0x77,0x02,0xe6,0x05,0x22,0xe2,0x0b,0x6a,0x0f,0x03,0xae,0x0e,0x06,
    0x34,0x02,0x1e,0x9c,0x68,0x04,0x0f,0xf1,0x02,0x77,0x02,0xbc,0x00,0x15,0x9a,0x9d,
    0x11,0x03,0xbe,0x00,0xac,0x06,0x06,0x06,0x37,0xbf,0x00,0x00,0x00,0x9c,0x88,0x8c,
    0x09,0x0f,0xe2,0x05,0x78,0x02,0x33,0x02,0x42,0x5d,0x0b,0x0b,0x09,0x36,0x02,0x33,
    0x09,0x07,0x07,0xbf,0x00,0x0f,0xbc,0x00,0x06,0x12,0x33,0x12,0x06,0x0f,0x02,0x00,
    0x6e,0x11,0xe8,0x82,0x00,0x11,0xf1,0x48,0x15,0x03,0xbd,0x00,0x02,0xbe,0x00,0x4f,
    0x07,0x07,0x37,0xd2,0x78,0x01,0x04,0x0f,0x35,0x02,0x05,0x02,0xc3,0x01,0x0f,0x02,
    0x00,0x57,0x02,0x70,0x00,0x2c,0x9a,0x0b,0x49,0x15,0x3f,0x09,0x09,0x09,0xbc,0x00,
    0x07,0x1f,0x59,0xa0,0x00,0x57,0x0f,0x02,0x00,0x08,0x21,0xf2,0xf1,0x1d,0x00,0x21,
    0x5d,0x0d,0xbd,0x00,0x06,0xd6,0x13,0x0f,0xbc,0x00,0x0b,0x0f,0x35,0x02,0x00,0x02,
    0x04,0x01,0x0f,0x02,0x00,0x60,0x35,0xf1,0x0d,0x0d,0xbd,0x00,0x04,0x39,0x02,0x0f,
    0x78,0x01,0x09,0x0f,0x0d,0x16,0x60,0x0f,0x02,0x00,0x00,0x02,0xaa,0x03,0x11,0x9a,
    0x6c,0x1a,0x01,0xf4,0x02,0x01,0x3c,0x18,0x02,0x78,0x01,0x6f,0x41,0xd2,0x00,0x00,
    0x00,0xa4,0x68,0x04,0x00,0x0f,0xb9,0x19,0x7a,0x11,0x27,0x57,0x1d,0x0b,0xb3,0x19,
    0x1f,0x0b,0xbc,0x00,0x08,0x0f,0x3d,0x0d,0x71,0x02,0x10,0x08,0x32,0xc3,0x0f,0x0f,
    0xbd,0x00,0x03,0xbe,0x00,0x03,0x79,0x01,0x0f,0xbc,0x00,0x09,0x0f,0xd4,0x08,0x6f,
    0x12,0xdf,0x46,0x02,0x12,0x6b,0x8e,0x1f,0x03,0xa4,0x1c,0x02,0xba,0x19,0x0f,0x78,
    0x01,0x0c,0x0f,0x18,0x08,0x6f,0x02,0x77,0x01,0x11,0xe2,0x06,0x21,0x02,0x1b,0x1e,
    0x01,0x7c,0x01,0x03,0x02,0x00,0x0f,0x78,0x01,0x09,0x0f,0xae,0x03,0x6e,0x04,0x77,
    0x01,0x28,0x11,0x11,0xbe,0x00,0x01,0xea,0x05,0x0f,0xbc,0x00,0x0e,0x0f,0x27,0x05,
    0x00,0x0f,0x02,0x00,0x5a,0x02,0xdb,0x07,0x15,0xe2,0x3a,0x23,0x13,0x0e,0x7c,0x01,
    0x03,0x02,0x00,0x7e,0x41,0xe9,0x00,0x00,0x00,0xae,0x91,0xd0,0x08,0x01,0x02,0x00,
    0x0f,0x27,0x05,0x6b,0x12,0xe4,0x29,0x01,0x13,0x6b,0x6e,0x25,0x12,0x0f,0xf6,0x02,
    0x01,0xf8,0x02,0x01,0x02,0x00,0x0f,0xbc,0x00,0x0b,0x0f,0x79,0x01,0x6a,0x12,0xf2,
    0x84,0x2d,0x34,0xe2,0x13,0x11,0x9f,0x27,0x05,0xbe,0x00,0x02,0x02,0x00,0x0f,0xbc,
    0x00,0x0c,0x05,0x6b,0x04,0x0f,0x53,0x07,0x60,0x02,0x86,0x09,0x36,0xff,0x6b,0x13,
    0xbd,0x00,0x03,0x73,0x25,0x02,0xbb,0x00,0x0f,0xbc,0x00,0x0d,0x0f,0x6b,0x04,0x68,
    0x12,0xec,0xca,0x08,0x01,0xd5,0x29,0x05,0x7a,0x01,0x05,0xbf,0x00,0x5f,0x0f,0x0f,
    0x0f,0x0f,0x47,0xf0,0x02,0x0a,0x0f,0x5d,0x07,0x69,0x03,0xea,0x01,0x21,0x4b,0x14,
    0x4e,0x2b,0x08,0xbe,0x00,0x04,0xc1,0x00,0x0f,0xbc,0x00,0x0d,0x0f,0x0b,0x0b,0x05,
    0x0f,0x02,0x00,0x4e,0x03,0x32,0x02,0x11,0xb0,0xf1,0x2e,0x01,0xd7,0x29,0x04,0xf6,
    0x02,0x05,0x02,0x00,0x01,0xbc,0x00,0x21,0xb6,0x91,0x56,0x04,0x0f,0x02,0x00,0x02,
    0x0f,0xf6,0x31,0x64,0x12,0xdf,0x32,0x02,0x22,0xf1,0x27,0x3c,0x2e,0x02,0x07,0x2c,
    0x0b,0xbe,0x00,0x0f,0xbc,0x00,0x0e,0x06,0xaf,0x03,0x0f,0x02,0x00,0x59,0x03,0x64,
    0x04,0x25,0xff,0x5d,0xb4,0x2f,0x04,0xbe,0x00,0x07,0xc0,0x00,0x0f,0xbc,0x00,0x0f,
    0x0f,0x36,0x02,0x62,0x02,0x0d,0x08,0x24,0xff,0xb0,0xe7,0x31,0x12,0x14,0xf6,0x02,
    0x01,0xb9,0x00,0x05,0x44,0x2e,0x0f,0xbc,0x00,0x10,0x0f,0x36,0x02,0x60,0x12,0xdd,
    0xe4,0x01,0x26,0xf1,0x27,0xa4,0x32,0x05,0xbe,0x00,0x01,0xc0,0x00,0x01,0x02,0x00,
    0x7f,0x47,0xfe,0x00,0x00,0x00,0xb6,0x99,0xeb,0x02,0x02,0x04,0x02,0x00,0x0f,0xfe,
    0x0d,0x5e,0x12,0xd7,0xed,0x02,0x22,0xff,0x4b,0xd7,0x34,0x02,0x38,0x02,0x18,0x16,
    0x7a,0x30,0x01,0x02,0x00,0x0f,0xbc,0x00,0x11,0x0f,0x94,0x09,0x5d,0x12,0xec,0x2d,
    0x0d,0x21,0xff,0x9a,0x4f,0x36,0x06,0x7b,0x01,0x02,0x7d,0x01,0x04,0x3e,0x02,0x8f,
    0x13,0x13,0x52,0xfe,0x00,0x00,0x00,0xbf,0x78,0x01,0x0b,0x0f,0xc3,0x19,0x5c,0x12,
    0xec,0x0c,0x08,0x02,0x83,0x38,0x19,0x18,0x7b,0x01,0x04,0x7e,0x01,0x02,0x02,0x00,
    0x0f,0xbc,0x00,0x13,0x0f,0xc3,0x45,0x21,0x0f,0x02,0x00,0x26,0x03,0xbb,0x00,0x22,
    0xe2,0x27,0x3f,0x39,0x02,0xbd,0x00,0x05,0xc5,0x37,0x02,0x02,0x00,0x01,0xbd,0x00,
    0x0f,0xbc,0x00,0x13,0x0f,0xf6,0x47,0x2a,0x0f,0x02,0x00,0x1c,0x03,0x50,0x07,0x24,
    0xf1,0x44,0xe4,0x3c,0x03,0x7b,0x01,0x0b,0xbe,0x00,0x3f,0x16,0x16,0x16,0xbc,0x00,
    0x14,0x0f,0xb0,0x03,0x57,0x03,0xbb,0x00,0x02,0xea,0x3c,0x02,0x7a,0x01,0x05,0xbe,
    0x00,0x0b,0xbf,0x00,0x0f,0xbc,0x00,0x15,0x0f,0xb0,0x03,0x55,0x04,0xbb,0x00,0x13,
    0x7a,0x62,0x3e,0x07,0xbe,0x00,0x01,0x90,0x38,0x08,0xc1,0x00,0x0f,0xbc,0x00,0x16,
    0x0f,0xbd,0x00,0x52,0x04,0xa7,0x03,0x25,0xff,0x8c,0x04,0x42,0x03,0xbd,0x00,0x01,
    0x7c,0x01,0x01,0x75,0x04,0x06,0x02,0x00,0x0f,0xbc,0x00,0x17,0x0f,0xbd,0x00,0x51,
    0x03,0xa7,0x03,0x21,0xff,0xb0,0x51,0x41,0x02,0x20,0x3f,0x06,0xad,0x3d,0x04,0xf4,
    0x3c,0x04,0xbe,0x00,0x0f,0xbc,0x00,0x18,0x0f,0xbd,0x00,0x4e,0x13,0xe4,0x93,0x06,
    0x24,0xff,0xb0,0x84,0x43,0x0c,0xbe,0x00,0x03,0x7e,0x01,0x03,0x02,0x00,0x0f,0xbc,
    0x00,0x19,0x0f,0xbd,0x00,0x4c,0x03,0xc4,0x08,0x46,0xff,0xff,0xb0,0x1f,0x41,0x44,
    0x0d,0xbe,0x00,0x06,0xbb,0x3d,0x0f,0xbc,0x00,0x1b,0x0f,0xbd,0x00,0x49,0x12,0xef,
    0x15,0x10,0x43,0xff,0xff,0xff,0x7a,0x5a,0x49,0x01,0x38,0x02,0x03,0xb3,0x03,0x08,
    0x3b,0x02,0x05,0x02,0x00,0x0f,0xbc,0x00,0x1b,0x0f,0x0f,0x50,0x47,0x14,0xe4,0xeb,
    0x02,0x34,0xff,0x7a,0x21,0xed,0x47,0x02,0xbd,0x00,0x06,0xbe,0x00,0x06,0xfa,0x02,
    0x02,0x02,0x00,0x0f,0xbc,0x00,0x1c,0x0f,0xa5,0x06,0x44,0x13,0xf2,0x39,0x0a,0x42,
    0xff,0xff,0xf1,0x5a,0x64,0x49,0x09,0x34,0x47,0x01,0x78,0x01,0x03,0x02,0x00,0x02,
    0xb7,0x00,0x01,0x02,0x00,0x0f,0xbc,0x00,0x1d,0x0f,0x75,0x54,0x42,0x06,0x75,0x01,
    0x11,0xdc,0xdb,0x4a,0x1c,0x22,0xbd,0x00,0x0a,0xbf,0x00,0x04,0x02,0x00,0x0f,0xbc,
    0x00,0x1e,0x2f,0x33,0x3e,0x1f,0x16,0x3d,0x15,0xef,0xa5,0x03,0x42,0xff,0xb0,0x2f,
    0x24,0x54,0x4c,0x05,0x38,0x02,0x04,0x39,0x02,0x0f,0xbe,0x00,0x01,0x0f,0xbc,0x00,
    0x1f,0x0f,0xf5,0x02,0x3c,0x24,0xf2,0xe8,0x1a,0x05,0x54,0xff,0xff,0x8c,0x24,0x24,
    0xcc,0x4d,0x06,0xbd,0x00,0x06,0xbe,0x00,0x0c,0xc0,0x00,0x0f,0xbc,0x00,0x21,0x2f,
    0x33,0x4d,0xad,0x56,0x36,0x25,0xf2,0xe8,0xa4,0x03,0x33,0xff,0xdc,0x4e,0xa1,0x53,
    0x0c,0x7b,0x01,0x08,0xbe,0x00,0x08,0xc2,0x00,0x0f,0xbc,0x00,0x22,0x31,0x33,0x33,
    0x94,0xce,0x04,0x0f,0x02,0x00,0x2d,0x08,0xba,0x00,0x35,0xff,0xac,0x32,0xa5,0x53,
    0x02,0xbd,0x00,0x08,0x7c,0x01,0x0c,0xbf,0x00,0x01,0x02,0x00,0x0f,0xbc,0x00,0x24,
    0x2f,0x33,0x59,0x7b,0x01,0x2f,0x26,0xef,0xdd,0x74,0x01,0x74,0xff,0xdc,0x5a,0x28,
    0x27,0x27,0x27,0x34,0x52,0x07,0xbd,0x00,0x03,0xed,0x05,0x06,0x33,0x05,0x06,0x02,
    0x00,0x0f,0xbc,0x00,0x25,0x0d,0x74,0x5f,0x0f,0x02,0x00,0x1d,0x26,0xd7,0xe3,0xe8,
    0x02,0x42,0xff,0xf1,0x8c,0x29,0x22,0x55,0x0f,0x7b,0x01,0x01,0x06,0xbe,0x00,0x0b,
    0xc1,0x00,0x0f,0xbc,0x00,0x27,0x0f,0x8e,0x5c,0x29,0x18,0xdf,0x73,0x01,0x51,0xff,
    0xff,0xac,0x33,0x2a,0x9a,0x56,0x01,0x7a,0x01,0x03,0xf5,0x02,0x03,0x71,0x04,0x01,
    0x39,0x02,0x04,0x32,0x05,0x0b,0x02,0x00,0x1f,0x5c,0xb0,0x0e,0x12,0x0f,0x02,0x00,
    0x04,0x1f,0x4d,0xc1,0x5e,0x21,0x37,0xf2,0xd7,0xdd,0xf7,0x5d,0x62,0xff,0xff,0xff,
    0xc8,0x44,0x2b,0xfb,0x5a,0x0f,0xbd,0x00,0x03,0x02,0x74,0x04,0x0f,0xbf,0x00,0x01,
    0x0f,0xbc,0x00,0x2a,0x0f,0xbe,0x00,0x1e,0x47,0xef,0xff,0xe8,0xeb,0x2b,0x02,0x72,
    0xff,0xff,0xff,0xff,0xc8,0x5a,0x2b,0x45,0x5a,0x1f,0x29,0x7b,0x01,0x06,0x04,0xbe,
    0x00,0x0c,0xc0,0x00,0x0f,0xbc,0x00,0x2c,0x0f,0xbe,0x00,0x16,0x5a,0xdf,0xff,0xd9,
    0xff,0xfe,0x70,0x01,0x01,0x2e,0x02,0x13,0x5a,0x33,0x5d,0x04,0x7a,0x01,0x02,0xb2,
    0x03,0x04,0xb4,0x03,0x04,0x39,0x02,0x05,0x3c,0x02,0x03,0x02,0x00,0x02,0x3d,0x02,
    0x0f,0xbc,0x00,0x2e,0x0f,0xe4,0x63,0x08,0x11,0xfe,0xc6,0x75,0x3f,0xfe,0xfe,0xfe,
    0xea,0x66,0x04,0x63,0xdc,0x9a,0x4d,0x2e,0x2e,0x2e,0xbd,0x00,0x14,0x2b,0x7a,0x01,
    0x03,0xbe,0x00,0x01,0x2e,0x55,0x09,0xbe,0x00,0x06,0x7f,0x01,0x03,0x02,0x00,0x0f,
    0xbc,0x00,0x30,0x55,0x33,0x33,0x33,0x68,0xad,0xc2,0x0a,0x0f,0x02,0x00,0x16,0x41,
    0xac,0x72,0x30,0x30,0xc6,0x63,0x06,0xbd,0x00,0x06,0x38,0x02,0x07,0xb4,0x03,0x05,
    0x32,0x05,0x05,0x02,0x00,0x03,0xbb,0x00,0x0f,0xbc,0x00,0x34,0x0f,0xbf,0x00,0x1d,
    0x31,0xf1,0xc8,0x7a,0x58,0x62,0x02,0xe1,0x60,0x0d,0xbd,0x00,0x03,0x7b,0x01,0x04,
    0x72,0x04,0x0b,0x7e,0x01,0x05,0x02,0x00,0x0f,0xbc,0x00,0x36,0x01,0xbf,0x00,0x1f,
    0xcd,0x76,0x01,0x11,0x51,0xdc,0xac,0x72,0x33,0x33,0x44,0x65,0x15,0x30,0x7a,0x01,
    0x11,0x2d,0xb2,0x5e,0x03,0x3d,0x5d,0x02,0xbd,0x00,0x08,0xf7,0x02,0x0f,0x7e,0x01,
    0x01,0x0f,0xbc,0x00,0x3b,0x03,0x37,0x6b,0x0f,0x3f,0x02,0x08,0x07,0x39,0x6b,0x0f,
    0xbd,0x00,0x02,0x03,0x2d,0x05,0x03,0xa9,0x06,0x01,0xbe,0x00,0x07,0x7d,0x01,0x0c,
    0x80,0x01,0x0f,0x78,0x01,0x39,0x05,0x02,0x00,0x4a,0x68,0x83,0x94,0xad,0xfa,0x6b,
    0x5a,0xc8,0xc8,0xac,0x9a,0x7a,0xf0,0x6b,0x0f,0xbd,0x00,0x06,0x03,0xf6,0x02,0x02,
    0x29,0x60,0x01,0xfd,0x5d,0x01,0xb7,0x00,0x0e,0x02,0x00,0x0f,0xbc,0x00,0x42,0x0f,
    0x02,0x00,0x13,0x01,0x07,0x66,0x01,0x37,0x02,0x11,0x2f,0x6f,0x04,0x02,0x38,0x02,
    0x07,0x7b,0x01,0x07,0xbe,0x00,0x0a,0x7e,0x01,0x03,0x02,0x00,0x0f,0xbc,0x00,0x68,
    0x0f,0xbd,0x00,0x05,0x08,0xbe,0x00,0x08,0xbf,0x00,0x0d,0xc0,0x00,0x01,0xbc,0x00,
    0x1f,0xf0,0xc4,0x16,0x0d,0x0f,0x02,0x00,0x44,0x0f,0xbd,0x00,0x08,0x29,0x2a,0x29,
    0x38,0x60,0x02,0xfb,0x02,0x01,0x02,0x00,0x03,0x75,0x01,0xaf,0x24,0x24,0x24,0x5c,
    0xff,0x00,0x00,0x00,0xfe,0xcc,0x41,0x52,0x05,0x0f,0x02,0x00,0x4c,0x01,0xbd,0x00,
    0x0f,0x38,0x02,0x00,0x04,0x72,0x04,0x01,0x74,0x04,0x01,0xe7,0x08,0x01,0x02,0x00,
    0x01,0xbc,0x00,0x05,0x02,0x00,0x9f,0x33,0xcc,0xfe,0x00,0x00,0x00,0xfe,0xfe,0xcc,
    0xa5,0x00,0x4c,0x0f,0x02,0x00,0x05,0x0e,0xbd,0x00,0x03,0xf6,0x02,0x01,0xbe,0x00,
    0x06,0x7d,0x01,0x06,0xc0,0x00,0x06,0x84,0x01,0x2f,0x96,0xfe,0xbc,0x00,0x6b,0x02,
    0xf4,0x02,0x03,0x7a,0x01,0x09,0xb3,0x03,0x02,0xee,0x05,0x02,0xbe,0x00,0x05,0x82,
    0x67,0x01,0xbb,0x00,0x04,0x02,0x00,0x02,0xbc,0x00,0x1f,0xff,0x78,0x01,0x66,0x0b,
    0xbe,0x00,0x03,0x8c,0x67,0x01,0xa9,0x06,0x0b,0xbf,0x00,0x05,0xc0,0x00,0x05,0x02,
    0x00,0x8f,0x96,0xfe,0xff,0x00,0x00,0x00,0xff,0xff,0x34,0x02,0x65,0x0c,0xbd,0x00,
    0x03,0x7b,0x01,0x04,0x39,0x02,0x03,0x7d,0x01,0x03,0x7e,0x01,0x0b,0xc1,0x00,0x22,
    0x96,0xff,0xbc,0x00,0x12,0xcf,0x47,0x00,0x0f,0x02,0x00,0x63,0x02,0xf5,0x02,0x0a,
    0x39,0x02,0x06,0xbe,0x00,0x02,0xfa,0x02,0x08,0xc1,0x00,0x03,0x02,0x00,0x0f,0xbc,
    0x00,0x72,0x04,0xbe,0x00,0x03,0xae,0x6c,0x03,0x39,0x02,0x07,0x3b,0x02,0x04,0x7f,
    0x01,0x05,0x7e,0x04,0x01,0x02,0x00,0x11,0x98,0x78,0x01,0x3f,0xfd,0xfd,0xc0,0x72,
    0x01,0x63,0x05,0x02,0x00,0x0d,0x7b,0x01,0x0b,0x3e,0x6b,0x0a,0xc0,0x00,0x02,0x02,
    0x00,0x31,0x98,0xff,0xfd,0x24,0x05,0x15,0xd8,0x46,0x00,0x0f,0x02,0x00,0x65,0x0f,
    0xbe,0x00,0x04,0x07,0x3c,0x02,0x03,0x02,0x00,0x02,0xb9,0x00,0x33,0x2a,0x2a,0x2a,
    0x68,0x04,0x0f,0x4c,0x73,0x2d,0x0f,0x02,0x00,0x31,0x03,0x16,0x71,0x03,0x39,0x02,
    0x07,0x3b,0x02,0x0e,0xbf,0x00,0x01,0x02,0x00,0x21,0x52,0xd8,0x34,0x02,0x5f,0xd2,
    0xfe,0xff,0xff,0x96,0x80,0x00,0x31,0x0f,0x02,0x00,0x2b,0x06,0x7b,0x01,0x07,0x8d,
    0x72,0x12,0x2d,0x01,0x00,0x01,0xaf,0x00,0x08,0x02,0x00,0x31,0x72,0xfe,0xff,0x9c,
    0x06,0x5f,0x0f,0xb6,0xfe,0xfe,0xff,0xb6,0x77,0x3b,0x0f,0x02,0x00,0x23,0x07,0xbe,
    0x00,0x07,0xbf,0x00,0x12,0x2e,0xbf,0x00,0x09,0x82,0x01,0x51,0xa4,0xff,0xff,0xfe,
    0xd2,0xef,0x84,0xef,0x00,0x7e,0xfe,0xfe,0xff,0xd8,0x96,0x96,0x96,0x98,0x98,0x98,
    0x98,0x96,0x83,0x01,0x68,0x03,0x39,0x02,0x07,0x3b,0x02,0x04,0xe7,0x76,0x01,0xbc,
    0x00,0x13,0x7b,0xa1,0x00,0x62,0x96,0xd2,0xff,0xfe,0xfe,0xa4,0xbb,0x00,0x32,0x00,
    0x00,0x5c,0xd4,0x0f,0x11,0xfd,0x43,0x21,0x2f,0xcf,0x99,0x01,0x00,0x83,0x11,0xb0,
    0x7d,0x49,0x81,0xfd,0xfe,0xfe,0xff,0xfe,0xfe,0xfe,0x7e,0x80,0x3b,0x01,0x02,0x00,
    0x22,0x31,0xbe,0x01,0x00,0x11,0xc0,0x01,0x00,0x1f,0xbf,0x01,0x00,0x81,0x01,0x9a,
    0x00,0x12,0xc0,0xa7,0x00,0x60,0xbe,0x5c,0x00,0x00,0x00,0x00,

};

const lv_image_dsc_t kuaixi_set = {
  .header = {
    .magic = LV_IMAGE_HEADER_MAGIC,
    .cf = LV_COLOR_FORMAT_RGB565A8,
    .flags = 0 | LV_IMAGE_FLAGS_COMPRESSED,
    .w = 188,
    .h = 186,
    .stride = 376,
    .reserved_2 = 0,
  },
  .data_size = sizeof(kuaixi_set_map),
  .data = kuaixi_set_map,
  .reserved = NULL,
};

